class_id,class_name,probes_hit,probes_total,pct
9d4f0d1c8b49e209,androidx/work/impl/model/WorkSpecDao_Impl,400,1265,31.62
c8e8239f2a12e383,androidx/constraintlayout/core/widgets/ConstraintWidget,395,1610,24.53
f3963239a050f5d8,androidx/viewpager/widget/ViewPager,313,1317,23.77
8fb0281449d47662,androidx/appcompat/app/AppCompatDelegateImpl,311,1299,23.94
a355168e63581b16,androidx/constraintlayout/core/widgets/analyzer/Direct,260,645,40.31
f292c4461ce52b59,kotlinx/coroutines/JobSupport,237,750,31.6
5b404f74a29f4f1c,androidx/constraintlayout/widget/ConstraintLayout,223,598,37.29
69d140aef45e8717,androidx/constraintlayout/widget/ConstraintSet,191,1542,12.39
26a579d6b2a81b59,androidx/constraintlayout/core/LinearSystem,190,508,37.4
ba845fb05849c4e8,androidx/fragment/app/FragmentManager,160,1316,12.16
f424553790275428,androidx/constraintlayout/core/widgets/ConstraintWidgetContainer,146,460,31.74
9c03fc9907b20dae,com/fasterxml/jackson/core/json/ReaderBasedJsonParser,144,1235,11.66
bd72b525a2533c6c,okhttp3/CipherSuite,126,144,87.5
2c81035e940f8ce2,openfoodfacts/github/scrachx/openfood/models/DaoSession,123,181,67.96
9b07b4aef28d3e54,androidx/appcompat/widget/AppCompatTextViewAutoSizeHelper,121,277,43.68
20e1c76dc8a4e786,androidx/constraintlayout/core/ArrayRow,121,311,38.91
396dbe2b4af360e4,okio/Buffer,118,686,17.2
afa5a7193a493c73,androidx/constraintlayout/core/ArrayLinkedVariables,117,201,58.21
9a416174796e33d1,okhttp3/HttpUrl$Builder,116,357,32.49
16b5e5fecbd8dfcc,androidx/constraintlayout/core/widgets/analyzer/BasicMeasure,115,274,41.97
736dcd74bafeaa9c,kotlin/reflect/jvm/internal/impl/builtins/StandardNames$FqNames,103,103,100.0
6dda0f02e6d14986,okhttp3/internal/Util,100,313,31.95
57497a38ebe02467,kotlinx/coroutines/scheduling/CoroutineScheduler,98,291,33.68
1a1f76318b0eaae8,com/google/firebase/components/ComponentRuntime,98,161,60.87
93020481f0aa0234,androidx/constraintlayout/widget/ConstraintLayout$Measurer,97,193,50.26
902841575ccf25be,kotlinx/coroutines/scheduling/CoroutineScheduler$Worker,94,187,50.27
18bcaf2302fb415c,kotlin/reflect/jvm/internal/impl/builtins/jvm/JavaToKotlinClassMap,93,127,73.23
9eb64b265d018ff5,androidx/lifecycle/LifecycleRegistry,93,144,64.58
9ea7c04acd46d069,org/matomo/sdk/Tracker,92,165,55.76
e6f430696663c977,okhttp3/internal/connection/StreamAllocation,91,233,39.06
e3f90950414c1032,androidx/room/InvalidationTracker,90,156,57.69
25dadc5426a6e3ef,androidx/appcompat/widget/AppCompatTextHelper,86,379,22.69
034b0d1e87ce2516,kotlinx/coroutines/CancellableContinuationImpl,86,325,26.46
7e4e1c7297123c82,androidx/activity/ComponentActivity,84,227,37.0
189bc5b28664fc23,okhttp3/HttpUrl,80,281,28.47
39bae131ea415de2,com/fasterxml/jackson/core/sym/CharsToNameCanonicalizer,79,134,58.96
b66f46ae0ba4b5c4,com/fasterxml/jackson/databind/type/TypeFactory,75,419,17.9
eb1b000caa367bec,okhttp3/internal/connection/RealConnection,74,257,28.79
0cff6f52bc361cdd,okhttp3/logging/HttpLoggingInterceptor,69,156,44.23
d0773c01b8739005,androidx/constraintlayout/widget/ConstraintLayout$LayoutParams,68,226,30.09
789cefae4beae965,com/fasterxml/jackson/core/util/TextBuffer,67,247,27.13
f2dda1272712d318,okhttp3/internal/http2/Http2Stream,64,168,38.1
adcefa6f12f8f2a0,com/fasterxml/jackson/databind/introspect/AnnotatedClassResolver,63,160,39.38
2d987c4349f15b6f,androidx/work/impl/WorkManagerImpl,63,175,36.0
25000c9689f75f31,openfoodfacts/github/scrachx/openfood/models/DaoMaster,62,99,62.63
c8d8165fa945be39,kotlinx/coroutines/EventLoopImplBase,62,168,36.9
8a4daf12b649a163,com/fasterxml/jackson/databind/introspect/JacksonAnnotationIntrospector,60,645,9.3
e270e2a644787839,androidx/constraintlayout/widget/ConstraintLayout$LayoutParams$Table,60,61,98.36
96343dc500e11795,com/fasterxml/jackson/databind/ObjectMapper,60,736,8.15
6ff6bcf82eef4fe1,androidx/work/impl/utils/EnqueueRunnable,59,173,34.1
dae5e4d9fed9e1c7,androidx/constraintlayout/core/widgets/Chain,59,254,23.23
a393d6957c1c0d0b,okhttp3/internal/http2/Http2Connection,59,221,26.7
0a1d89ef67ce4b34,com/google/firebase/components/CycleDetector,58,72,80.56
fc9ea3fbe0723046,androidx/appcompat/widget/ResourceManagerInternal,57,221,25.79
214c6270129ebc50,androidx/work/impl/background/systemjob/SystemJobScheduler,56,178,31.46
a4536b719c9ee716,androidx/work/impl/WorkerWrapper,55,250,22.0
031af4820b13ef95,androidx/work/impl/utils/futures/AbstractFuture,54,302,17.88
c00d1177dee87bc3,openfoodfacts/github/scrachx/openfood/app/DaggerOFFApplication_HiltComponents_SingletonC$SingletonCImpl,54,80,67.5
1d93aa987d7ed59f,io/sentry/SentryOptions,54,373,14.48
ae268dc3c73b0d4f,androidx/lifecycle/LiveData,53,98,54.08
12689870b86f3e18,okhttp3/internal/http2/Http2Reader,52,144,36.11
51545085c183a60f,okhttp3/internal/http2/Http2Codec,52,65,80.0
8f2bbda53e0d9fde,androidx/constraintlayout/core/widgets/ChainHead,52,89,58.43
9f10bd05635dcafb,com/fasterxml/jackson/core/json/WriterBasedJsonGenerator,52,768,6.77
1bd444c7ca49c765,okhttp3/OkHttpClient,52,68,76.47
487b8cc5011cb0c9,okio/RealBufferedSource,49,236,20.76
44e4ca35ad3687a0,androidx/appcompat/widget/AppCompatTextView,49,243,20.16
6026ef6ada05a43e,org/matomo/sdk/QueryParams,48,50,96.0
ef3f81be62cf5b0c,androidx/appcompat/app/AppCompatViewInflater,48,173,27.75
e2df3dd5d0de0a8f,androidx/work/impl/model/WorkSpecDao_Impl$11,48,60,80.0
2e231df961d9f363,com/fasterxml/jackson/databind/introspect/BasicClassIntrospector,48,107,44.86
1e7d54e1ebe45f60,androidx/appcompat/view/menu/MenuBuilder,48,527,9.11
8db84235c321ed0e,androidx/core/content/FileProvider,48,126,38.1
ace4f6e9c50dac4d,com/fasterxml/jackson/databind/deser/DeserializerCache,47,173,27.17
2c99810f99a4d755,androidx/fragment/app/FragmentActivity,47,112,41.96
7b56f536eeceb8ff,okhttp3/internal/http2/Huffman,47,49,95.92
465a6c6805871e25,androidx/work/impl/utils/ForceStopRunnable,47,115,40.87
15fc7dbb61588ca0,androidx/appcompat/app/AppCompatActivity,46,142,32.39
7f56c2300218e772,androidx/work/impl/WorkDatabase_Impl,46,111,41.44
99d2659a622a9b60,io/sentry/JsonSerializer,46,97,47.42
69a2474a83e95ffb,okhttp3/internal/http2/Http2Stream$FramingSource,46,98,46.94
cfd1ced65c150ff9,okhttp3/internal/platform/AndroidPlatform,46,123,37.4
1c28e317a8cb7ef1,okhttp3/internal/http2/Hpack$Writer,46,92,50.0
c6577d64841c1f0c,androidx/room/RoomDatabase,45,89,50.56
c987c4d4c5ce3af3,okio/ByteString,45,212,21.23
4c8980957332a502,org/greenrobot/greendao/internal/DaoConfig,44,64,68.75
cab5ea65568f9549,okhttp3/internal/http2/Hpack$Reader,44,96,45.83
ac1b2850e8bba6cb,androidx/work/impl/Schedulers,44,62,70.97
70dea87013c033d6,androidx/work/impl/model/WorkSpecDao_Impl$1,43,67,64.18
3a7702061012ee2e,kotlin/reflect/jvm/internal/impl/name/FqNameUnsafe,43,122,35.25
536a7dc3190ab63a,okhttp3/ConnectionSpec,43,86,50.0
6eab72d44d85b6b7,okhttp3/ConnectionPool,43,102,42.16
c6d21244e8290c79,okhttp3/internal/http2/Http2Writer,43,127,33.86
473c9b65a28bf637,kotlinx/coroutines/internal/LockFreeLinkedListNode,42,140,30.0
12337f269c55f88a,com/fasterxml/jackson/core/JsonToken,42,52,80.77
43bd497e211c1fbb,okhttp3/internal/connection/RouteSelector,41,84,48.81
00340a8c7d69b999,org/matomo/sdk/extra/DownloadTracker,41,67,61.19
4d965a20621b5368,androidx/constraintlayout/core/PriorityGoalRow,41,57,71.93
9bc2224600b21cf1,kotlinx/coroutines/DispatchedTaskKt,41,90,45.56
23088aba2061b138,kotlinx/coroutines/DefaultExecutor,41,126,32.54
644d45fe22da2c46,openfoodfacts/github/scrachx/openfood/features/welcome/WelcomeActivity,40,83,48.19
2b40fd0ac8f85ea8,com/fasterxml/jackson/databind/util/ClassUtil,39,377,10.34
0373b49d20880ae7,com/fasterxml/jackson/databind/MapperFeature,39,40,97.5
bffe7fcfd7bc180b,androidx/activity/result/ActivityResultRegistry,39,120,32.5
4647d823cfff7a75,androidx/core/view/ViewCompat$UnhandledKeyEventManager,38,110,34.55
2ed108995629a9ef,okio/GzipSource,38,75,50.67
375d21b4886b2853,okio/AsyncTimeout,38,63,60.32
350f2f5fafa5e0e7,okhttp3/internal/http2/Http2Connection$ReaderRunnable,37,125,29.6
ec45d1beef1a05d1,androidx/core/view/ViewCompat,37,884,4.19
193db44406d3dd0c,androidx/constraintlayout/core/widgets/ConstraintAnchor,36,180,20.0
cb23cec22eda8939,androidx/work/impl/WorkContinuationImpl,36,78,46.15
83af4dcf8eb1d443,okhttp3/Dispatcher,36,95,37.89
b3878c2475ef2ea6,com/fasterxml/jackson/databind/ser/BasicSerializerFactory,36,452,7.96
418906e0a765b8d1,com/fasterxml/jackson/core/io/CharTypes,35,59,59.32
96e35273804bf1c3,openfoodfacts/github/scrachx/openfood/features/splash/SplashController$refreshData$2,35,47,74.47
94803c77160c801a,androidx/core/view/WindowInsetsCompat$Impl20,35,125,28.0
eb0e7d6d44d73ece,kotlin/reflect/jvm/internal/impl/resolve/jvm/JvmPrimitiveType,34,80,42.5
7038717694b3960c,androidx/lifecycle/SavedStateHandleSupport,34,48,70.83
bcf0558705ac445c,kotlinx/coroutines/internal/DispatchedContinuationKt,34,145,23.45
9272d73b6d735387,androidx/collection/ArraySet,34,219,15.53
f84489e2e2a9a80d,androidx/appcompat/app/AppCompatDelegateImpl$AppCompatWindowCallback,33,81,40.74
320a51f4b07c2684,okhttp3/Address,33,87,37.93
bf87c78f804b33b0,kotlinx/coroutines/DispatchedTask,33,91,36.26
1486fb81bbdf5224,com/fasterxml/jackson/databind/DeserializationFeature,33,37,89.19
e6329447286dec0e,retrofit2/RequestFactory$Builder,33,388,8.51
84f1db4d146eb4a5,androidx/arch/core/internal/SafeIterableMap,32,73,43.84
8ae08213454719f5,com/fasterxml/jackson/databind/SerializerProvider,32,271,11.81
75c815cc9340912f,com/fasterxml/jackson/databind/SerializationFeature,32,34,94.12
02472c356dc9474d,com/fasterxml/jackson/databind/introspect/AnnotationIntrospectorPair,32,365,8.77
c5589bfee10e2ad9,androidx/work/impl/Processor,31,120,25.83
004fd2ec010ce098,com/fasterxml/jackson/core/JsonParser$Feature,31,32,96.88
b237666cd65d4781,kotlinx/coroutines/internal/ThreadSafeHeap,31,132,23.48
d290a46cd482b3cf,kotlin/reflect/jvm/internal/pcollections/IntTree,31,53,58.49
dbe5faf9ecc51e38,androidx/work/impl/WorkDatabase_Impl$1,31,148,20.95
6e185984a3c9ffc6,com/google/mlkit/common/internal/CommonComponentRegistrar,31,31,100.0
5e48a4cf7bf88992,androidx/work/impl/background/systemjob/SystemJobInfoConverter,31,74,41.89
cf9e9c097d5028c4,okhttp3/internal/tls/OkHostnameVerifier,31,78,39.74
7123d041ef178124,okhttp3/internal/http/CallServerInterceptor,30,73,41.1
1aef5e6031b5de53,org/matomo/sdk/Matomo,30,40,75.0
b6d0b8ce842ab812,com/fasterxml/jackson/databind/ObjectReader,30,451,6.65
53fba338b3bc5fd8,okhttp3/internal/http/BridgeInterceptor,30,57,52.63
7f3c4943d110c273,androidx/appcompat/app/AppCompatDelegate,30,120,25.0
d3043ae010343ec3,androidx/room/InvalidationTracker$1,29,44,65.91
7bbf2e749234ebdc,androidx/work/Constraints,29,54,53.7
7f1c0a53c60d49b2,kotlin/reflect/jvm/internal/impl/name/FqName,29,79,36.71
744b90ed8596e3c3,kotlin/reflect/jvm/internal/impl/descriptors/runtime/structure/ReflectClassUtilKt,29,62,46.77
d6c54273311e9574,androidx/appcompat/widget/AppCompatButton,29,140,20.71
39dd25f03c8ae0a1,kotlin/collections/ArrayDeque,29,330,8.79
e4297ca781b1e21c,androidx/collection/SimpleArrayMap,28,266,10.53
1bbdec020736a791,androidx/appcompat/widget/AppCompatImageHelper,28,99,28.28
cb81c30b2710eb67,androidx/appcompat/widget/ContentFrameLayout,28,93,30.11
33d1f8b63e0721a5,kotlinx/coroutines/android/HandlerContext,28,50,56.0
a3390e53f1beb12b,openfoodfacts/github/scrachx/openfood/features/splash/SplashActivity,28,38,73.68
aada138462205f53,org/greenrobot/greendao/AbstractDao,27,416,6.49
caff9d3b8f0e49ef,androidx/room/RoomOpenHelper,27,71,38.03
ab0f4dba270c9791,androidx/lifecycle/ReportFragment,27,34,79.41
b32a0b9cbcbb31d2,androidx/constraintlayout/core/SolverVariable,27,72,37.5
084a4d3c92ebe60f,androidx/core/view/WindowInsetsCompat,27,115,23.48
c574479cbf077eb2,androidx/constraintlayout/core/PriorityGoalRow$GoalVariableAccessor,27,46,58.7
d20148903773911b,com/fasterxml/jackson/core/JsonFactory,27,231,11.69
a302d6e77d37ce06,com/fasterxml/jackson/module/kotlin/KotlinModule,27,74,36.49
13dcfa390dc8f7cb,openfoodfacts/github/scrachx/openfood/repositories/TaxonomiesRepository,26,574,4.53
bf353abe0894cc29,kotlinx/coroutines/internal/LimitedDispatcher,26,57,45.61
5a49f8113c26ac2f,com/fasterxml/jackson/core/JsonGenerator$Feature,26,27,96.3
e36139c0ad21d2d4,okhttp3/RealCall,26,68,38.24
911fccc57268b0b6,androidx/work/impl/model/SystemIdInfoDao_Impl,26,51,50.98
da94a067387986f0,com/fasterxml/jackson/databind/ser/SerializerCache,25,65,38.46
1caaa5259bba025e,androidx/room/RoomSQLiteQuery,25,57,43.86
a98f61ce1b8be6c4,androidx/work/Configuration,25,34,73.53
b47f14645daadac6,androidx/lifecycle/ViewModelProvider,25,35,71.43
2cf6abe3cc891c4f,com/fasterxml/jackson/databind/cfg/MapperConfig,25,64,39.06
9fef15c96d4499bb,androidx/room/RoomDatabase$Builder,25,73,34.25
9ef47fee9bb34e36,retrofit2/Retrofit,25,101,24.75
6867d13735a689fb,io/sentry/Sentry,25,163,15.34
09aa107ee0e1293b,androidx/work/impl/background/greedy/GreedyScheduler,25,95,26.32
3405f2ccadcd0382,openfoodfacts/github/scrachx/openfood/models/entities/label/LabelNameDao,25,121,20.66
b1b7bb2fdb4d182b,androidx/appcompat/view/ContextThemeWrapper,25,55,45.45
3b16f5f4e2e1c75f,okio/Segment,25,33,75.76
e9cb3aae9091d996,openfoodfacts/github/scrachx/openfood/models/entities/label/LabelResponse,25,26,96.15
b5f9333fe446ce86,androidx/work/Data,24,214,11.21
fe391c5cdb2872e5,androidx/appcompat/app/AppCompatDelegateImpl$PanelFeatureState,24,52,46.15
96c31544172202ce,kotlin/reflect/jvm/internal/pcollections/HashPMap,24,45,53.33
0e47925083cd296d,openfoodfacts/github/scrachx/openfood/app/DaggerOFFApplication_HiltComponents_SingletonC$ViewModelCImpl,24,27,88.89
a338c24b6d205527,openfoodfacts/github/scrachx/openfood/models/entities/label/LabelDao,24,92,26.09
52e4cc570c56d2c2,kotlin/reflect/jvm/internal/impl/builtins/StandardNames,24,29,82.76
e8b8074cd09e8318,com/google/firebase/components/Component$Builder,23,31,74.19
dfb5a4c97c0cc590,kotlin/collections/MapsKt__MapsKt,23,269,8.55
19d03149cdb1c37a,androidx/constraintlayout/core/widgets/Optimizer,23,30,76.67
fc7967a16abe011c,androidx/work/impl/WorkDatabase,23,26,88.46
e016f01b2519c274,kotlin/reflect/jvm/internal/impl/name/ClassId,23,104,22.12
50792545240f73f0,org/matomo/sdk/dispatcher/EventDiskCache,23,158,14.56
7cbecc82d7bbcd9b,androidx/savedstate/SavedStateRegistry,23,80,28.75
7e5e08a6ab597ec9,com/fasterxml/jackson/databind/cfg/MapperConfigBase,23,129,17.83
fc75ab2cfd73782f,kotlinx/coroutines/BuildersKt__Builders_commonKt,23,46,50.0
c513bc7c6758065d,okhttp3/internal/http/RetryAndFollowUpInterceptor,23,167,13.77
11f81ec5d812383f,retrofit2/Retrofit$Builder,23,49,46.94
ada0a9397e1f0d23,okhttp3/OkHttpClient$Builder,22,88,25.0
9cb78df289a19e31,okhttp3/internal/http2/Settings,22,39,56.41
8b0d9a1c96e8c855,androidx/room/InvalidationTracker$ObservedTableTracker,22,35,62.86
9299a43f6e48930a,okhttp3/Headers,22,109,20.18
73b253a0f6747dfc,kotlin/time/Duration,22,338,6.51
eb6646076466899b,com/squareup/picasso/Dispatcher,22,236,9.32
e423a2ac34d5b517,org/greenrobot/greendao/internal/SqlUtils,22,83,26.51
822a66e568b382b9,kotlinx/coroutines/JobSupport$Finishing,22,48,45.83
f62eeb29f97a8c2c,androidx/appcompat/widget/TintTypedArray,21,62,33.87
c9b6854def7cf078,com/fasterxml/jackson/databind/ser/BeanSerializerFactory,21,306,6.86
7a0fecb02115ad76,androidx/appcompat/widget/AppCompatImageView,21,84,25.0
a6301c023fba1563,com/fasterxml/jackson/databind/cfg/DeserializerFactoryConfig,21,54,38.89
4e07530921555e37,kotlinx/coroutines/internal/LockFreeTaskQueueCore,21,100,21.0
4fb6bab22fe1952c,kotlin/reflect/jvm/internal/KClassImpl$Data,21,50,42.0
132dab4ce0a070d3,io/sentry/android/core/SentryPerformanceProvider,20,35,57.14
e57b423cf1fe362e,com/fasterxml/jackson/databind/DeserializationConfig,20,237,8.44
b7f033dfd190ec52,com/fasterxml/jackson/databind/deser/BasicDeserializerFactory,20,1056,1.89
d136257e3cb20303,okio/RealBufferedSink,20,108,18.52
9b0b3fb5e0b1846a,androidx/appcompat/widget/AppCompatBackgroundHelper,20,85,23.53
5b19abb55259dea6,okio/InflaterSource,20,39,51.28
49a3e1eedd533682,okhttp3/internal/cache/CacheInterceptor,20,134,14.93
715be30f262d1709,openfoodfacts/github/scrachx/openfood/hilt/NetworkModule,20,34,58.82
26cb69e5b01b76d3,androidx/work/impl/background/systemjob/SystemJobService,20,65,30.77
c205070c05b87249,okhttp3/internal/http/RealInterceptorChain,20,40,50.0
be8863af70bdf11e,androidx/work/impl/model/WorkTypeConverters$1,20,35,57.14
5846aaa7b52a6cce,kotlin/reflect/jvm/internal/impl/builtins/CompanionObjectMapping,19,20,95.0
ad558206a43b0f72,com/fasterxml/jackson/databind/DeserializationContext,19,436,4.36
1b02eb1e461d3122,okhttp3/Response$Builder,19,42,45.24
5838fa851202feb8,androidx/lifecycle/ViewModel,19,49,38.78
b5518c29d2115840,com/fasterxml/jackson/databind/introspect/BasicBeanDescription,19,276,6.88
b350df0b959c3d13,okhttp3/EventListener,19,23,82.61
108f99170dc76c81,okhttp3/internal/platform/OptionalMethod,19,40,47.5
963991b34d89e2fc,openfoodfacts/github/scrachx/openfood/utils/LocaleManager,19,42,45.24
13670c9ed5178b4a,androidx/work/impl/model/WorkTagDao_Impl,18,38,47.37
5c59d10b9cc63707,com/google/firebase/components/Component,18,40,45.0
445560b936147c61,com/fasterxml/jackson/databind/JavaType,18,83,21.69
2ae462f6c3044fc5,com/google/mlkit/common/sdkinternal/MlKitContext,18,42,42.86
a5fd18f3395385fe,okhttp3/Request$Builder,18,56,32.14
697c4af96630e4e7,retrofit2/HttpServiceMethod,18,39,46.15
b8d94d8237136c3f,kotlinx/coroutines/JobSupportKt,18,30,60.0
346f29504f893554,com/squareup/picasso/Picasso,18,197,9.14
38f6a03134e7615c,com/fasterxml/jackson/core/json/JsonReadContext,18,46,39.13
36fcb33a08e83245,kotlinx/coroutines/EventLoop,18,55,32.73
aff40652904b11b1,com/fasterxml/jackson/databind/node/ObjectNode,18,222,8.11
9ef523930707c00c,okhttp3/internal/http2/Http2,18,44,40.91
138606692656eeb3,org/greenrobot/eventbus/EventBus,18,248,7.26
c6da612494ce053c,retrofit2/Utils,18,196,9.18
af096acdab911634,kotlin/reflect/jvm/internal/impl/builtins/PrimitiveType,18,21,85.71
55b2443c727acb99,androidx/fragment/app/FragmentStore,18,224,8.04
5d591bfed98290b8,openfoodfacts/github/scrachx/openfood/features/splash/SplashController,18,21,85.71
7eb3dd6336671e2b,androidx/work/WorkRequest$Builder,18,62,29.03
194f0881475cb306,com/fasterxml/jackson/core/io/IOContext,18,68,26.47
6f0ee8873b175176,kotlin/coroutines/CombinedContext,17,45,37.78
9c09c15ff5e1d550,com/fasterxml/jackson/databind/type/ClassStack,17,29,58.62
f613f27e79db2825,com/fasterxml/jackson/databind/module/SimpleModule,17,137,12.41
86a7b20a65761a07,com/fasterxml/jackson/databind/ObjectWriter,17,175,9.71
b037029580f611d1,com/squareup/picasso/Utils,17,147,11.56
e1b55f61c9828814,openfoodfacts/github/scrachx/openfood/repositories/TaxonomiesManager$getLastModifiedDateFromServer$2,17,30,56.67
74b3a0edfec44dbe,androidx/lifecycle/SavedStateHandlesProvider,17,37,45.95
6789aedb9ef9de08,kotlinx/coroutines/internal/FastServiceLoader,17,126,13.49
905c256e939f9400,okhttp3/internal/platform/Platform,17,95,17.89
b424bae491083a9f,dagger/internal/DoubleCheck,17,29,58.62
9dd9f4b2c85fde26,okhttp3/Headers$Builder,17,44,38.64
22844161f693d4c3,okhttp3/CacheControl,17,101,16.83
a992f2eb52afa082,androidx/fragment/app/FragmentActivity$HostCallbacks,17,44,38.64
8e307f243f7efacf,androidx/arch/core/internal/SafeIterableMap$ListIterator,17,21,80.95
1c04a4f4dd90013d,androidx/arch/core/internal/SafeIterableMap$IteratorWithAdditions,17,20,85.0
e1b155f154a9d2d7,openfoodfacts/github/scrachx/openfood/models/entities/label/LabelsWrapperDeserializer,17,18,94.44
82fa1fbb4de56ab5,kotlinx/coroutines/AbstractCoroutine,17,24,70.83
45d33aed399c584b,androidx/lifecycle/CoroutineLiveData,17,49,34.69
cf69db34ec53ee39,androidx/constraintlayout/core/widgets/ConstraintWidget$1,16,29,55.17
df30a3fbac6f14d4,kotlinx/coroutines/DelayKt,16,40,40.0
265c21cbe1a212b6,com/google/firebase/components/Dependency,16,46,34.78
2c05747ee54990a1,com/fasterxml/jackson/databind/deser/std/BaseNodeDeserializer,16,153,10.46
8361ffaea30cff48,com/fasterxml/jackson/core/JsonFactory$Feature,16,19,84.21
567b6f18d9f70d48,kotlinx/coroutines/scheduling/WorkQueue,16,103,15.53
1e16b2e43aafb323,kotlin/jvm/JvmClassMappingKt,16,67,23.88
f0731a1bfbe324b8,com/fasterxml/jackson/databind/type/TypeBindings,16,135,11.85
0be1a90a150b8630,openfoodfacts/github/scrachx/openfood/jobs/LoadTaxonomiesWorker,16,100,16.0
af06ae2be49077ea,com/fasterxml/jackson/core/base/ParserMinimalBase,16,213,7.51
c1d366f81f75873b,androidx/multidex/MultiDex,16,176,9.09
c867e2a0cd371606,com/fasterxml/jackson/annotation/JsonFormat$Value,16,170,9.41
ceb78ebc118f1a07,com/fasterxml/jackson/databind/SerializationConfig,16,228,7.02
ade40ffc406f6ae5,androidx/lifecycle/MediatorLiveData,16,28,57.14
5cdddb23039804ff,androidx/work/impl/model/WorkSpec,16,111,14.41
7dfe621e42030123,androidx/core/view/MenuHostHelper,16,53,30.19
4e8edba539bf6022,kotlinx/coroutines/internal/DispatchedContinuation,16,186,8.6
072153e0c949fc5a,kotlinx/coroutines/EventLoopImplBase$DelayedTask,16,44,36.36
85d13e39c485027a,androidx/appcompat/view/menu/ListMenuPresenter,16,62,25.81
72c1b98de9d25ffa,openfoodfacts/github/scrachx/openfood/features/splash/Hilt_SplashActivity,16,20,80.0
074b7018fbcdefbc,androidx/activity/OnBackPressedDispatcher,15,66,22.73
7cdc67561bb66ee7,androidx/work/impl/model/PreferenceDao_Impl,15,29,51.72
9eecf54e794d0efe,androidx/arch/core/executor/DefaultTaskExecutor,15,27,55.56
aeceb1e8e84e49fe,com/fasterxml/jackson/databind/ser/std/StdJdkSerializers,15,16,93.75
ac1aa0e5252529e1,androidx/sqlite/db/framework/FrameworkSQLiteDatabase,15,83,18.07
2cd554d1f7d55c63,androidx/room/RoomTrackingLiveData,15,16,93.75
e3812e17e411a1e5,com/fasterxml/jackson/databind/type/LogicalType,15,23,65.22
1413be786bc77d26,com/fasterxml/jackson/core/util/VersionUtil,15,55,27.27
aa3aba2d65106ad6,okhttp3/internal/http2/Hpack,15,18,83.33
9d83f94ac9af6550,com/fasterxml/jackson/databind/ser/impl/ReadOnlyClassToSerializerMap,15,43,34.88
09f107e66dffa14f,androidx/fragment/app/FragmentController,15,52,28.85
c0e8197f954dd06f,com/fasterxml/jackson/core/Base64Variant,15,225,6.67
b48a6cc343522241,com/google/firebase/components/ComponentDiscovery$MetadataRegistrarNameRetriever,15,26,57.69
a531169f034459c5,androidx/core/view/WindowInsetsCompat$Impl,15,47,31.91
3707ffcd01c3affc,androidx/savedstate/SavedStateRegistryController,14,25,56.0
0478a8fc32b28d57,androidx/work/impl/constraints/trackers/Trackers,14,15,93.33
069f6997edc38ad8,kotlin/collections/ArraysKt___ArraysKt,14,10166,0.14
2e8237a0541a3e48,com/fasterxml/jackson/databind/util/TypeKey,14,37,37.84
3f61ee6f1dce1027,androidx/appcompat/widget/AppCompatTextViewAutoSizeHelper$Api23Impl,14,18,77.78
3956a1c772df775c,openfoodfacts/github/scrachx/openfood/models/entities/label/Label,14,39,35.9
452dffd5b7ad3ef0,okhttp3/RealCall$AsyncCall,14,46,30.43
f0f43e23bca37d53,okhttp3/Response,14,49,28.57
1ec7b6d2d81401fb,androidx/sqlite/db/framework/FrameworkSQLiteOpenHelper$OpenHelper,14,29,48.28
84447fd5a51f3d70,kotlinx/coroutines/internal/ResizableAtomicArray,14,15,93.33
482b054e11f4fd1b,kotlin/jvm/internal/Intrinsics,14,127,11.02
2539e7e8e16272a9,retrofit2/OkHttpCall,14,83,16.87
d6b812f9b8e00e83,com/fasterxml/jackson/databind/deser/DefaultDeserializationContext,14,117,11.97
8b1776e7387e2ab2,androidx/room/RoomTrackingLiveData$1,14,21,66.67
61c015dc3cfd12a7,openfoodfacts/github/scrachx/openfood/models/entities/label/LabelName,14,40,35.0
35bb15654ab6a59a,androidx/room/SharedSQLiteStatement,14,17,82.35
37ef6d2fc68e158f,androidx/activity/OnBackPressedCallback,14,18,77.78
b2c604dbe63175e8,androidx/sqlite/db/framework/FrameworkSQLiteOpenHelper,14,27,51.85
a6f5c109fb9237f2,com/fasterxml/jackson/databind/cfg/SerializerFactoryConfig,14,33,42.42
bc47e56ab3c2c11e,androidx/lifecycle/Lifecycle$Event,14,20,70.0
9b42a79424df3f8e,com/fasterxml/jackson/core/util/BufferRecycler,14,27,51.85
9f4eead16741e55d,openfoodfacts/github/scrachx/openfood/features/welcome/Hilt_WelcomeActivity,14,20,70.0
2fee0cfb0d5ccbe6,openfoodfacts/github/scrachx/openfood/utils/PreferencesService,14,26,53.85
0ebaff731a38f4d8,kotlin/coroutines/jvm/internal/BaseContinuationImpl,14,27,51.85
e4c26858468137e3,io/sentry/DataCategory,14,15,93.33
36eb3751c050ed0d,openfoodfacts/github/scrachx/openfood/app/DaggerOFFApplication_HiltComponents_SingletonC$SingletonCImpl$SwitchingProvider,14,34,41.18
041311a98a8c404d,dagger/hilt/android/internal/managers/ActivityComponentManager,13,20,65.0
1525dcb710e83fda,com/fasterxml/jackson/core/json/JsonWriteContext,13,66,19.7
5436fb0c96f7bda7,kotlin/coroutines/jvm/internal/ContinuationImpl,13,18,72.22
d073075524fbf17c,com/fasterxml/jackson/core/base/GeneratorBase,13,114,11.4
8f729123185659f5,openfoodfacts/github/scrachx/openfood/hilt/AppModule,13,15,86.67
c2b3534213a410af,okio/AsyncTimeout$1,13,30,43.33
1eaf2ce339b272c9,androidx/core/view/WindowInsetsCompat$BuilderImpl20,13,39,33.33
2d7b31fdb3dc643f,androidx/constraintlayout/core/widgets/WidgetContainer,13,49,26.53
56bbe780c87b265c,com/fasterxml/jackson/core/util/BufferRecyclers,13,21,61.9
7ed8c85cf5bbdcea,com/fasterxml/jackson/databind/cfg/BaseSettings,13,59,22.03
1742f4376fa8f701,androidx/lifecycle/ReportFragment$Companion,13,23,56.52
00ef17488da05ac7,androidx/appcompat/widget/ViewUtils,13,36,36.11
5095df1df2d8adb7,org/greenrobot/greendao/internal/LongHashMap,13,39,33.33
afaf17de8b2fbac7,kotlinx/coroutines/internal/MainDispatcherLoader,13,31,41.94
3cf74bc20261fe3f,androidx/work/impl/utils/SerialExecutor,13,21,61.9
a3622c2123388af3,org/matomo/sdk/tools/DeviceHelper,13,35,37.14
a2f4508f0725fb95,androidx/appcompat/view/WindowCallbackWrapper,13,29,44.83
e797f4c24b52832c,retrofit2/RequestBuilder,13,111,11.71
84512805161d1a7f,openfoodfacts/github/scrachx/openfood/features/splash/SplashActivity$hideLoading$2,13,22,59.09
2443a457d1232cdb,androidx/activity/OnBackPressedDispatcher$LifecycleOnBackPressedCancellable,13,17,76.47
ea640e8dbe439dc3,openfoodfacts/github/scrachx/openfood/utils/OFFDatabaseHelper,13,128,10.16
0aadaef98c4393c6,androidx/appcompat/widget/AppCompatDrawableManager,13,21,61.9
d59bc973b7cc8262,androidx/work/impl/utils/IdGenerator,13,45,28.89
894e6ae40812542b,okhttp3/Handshake,13,54,24.07
95d797313f39e12a,androidx/lifecycle/LifecycleCoroutineScopeImpl,13,15,86.67
0753dd9aa93383c6,com/fasterxml/jackson/core/base/ParserBase,13,394,3.3
739f078fb239bed2,openfoodfacts/github/scrachx/openfood/features/splash/SplashActivity$showLoading$2,12,15,80.0
39807e4e2b3c86b5,com/fasterxml/jackson/module/kotlin/ExtensionsKt,12,69,17.39
e4c384d31e9faba1,kotlin/reflect/jvm/internal/pcollections/ConsPStack,12,26,46.15
c79f88a05e16ec45,okhttp3/MediaType,12,50,24.0
431327a9cfea6fa0,androidx/core/view/KeyEventDispatcher,12,74,16.22
ce1147a13749cb1e,org/greenrobot/greendao/internal/TableStatements,12,69,17.39
31cbb43413e23a2a,androidx/activity/result/ActivityResultRegistry$1,12,21,57.14
dea16c419fda70a6,com/fasterxml/jackson/databind/ObjectMapper$1,12,39,30.77
6f796d9c2157c0a4,com/fasterxml/jackson/databind/ser/std/NumberSerializers,12,13,92.31
d33795e6271879b9,kotlin/reflect/jvm/internal/KClassCacheKt,12,25,48.0
63ced82711dde2c3,kotlinx/coroutines/internal/SystemPropsKt__SystemProps_commonKt,12,24,50.0
0604891e8520caae,androidx/lifecycle/Lifecycle$Event$Companion,12,26,46.15
347eb23e4bb93879,androidx/lifecycle/ViewModelStore,12,14,85.71
72bdf59a8691a1b5,okhttp3/internal/http2/ErrorCode,12,18,66.67
9a38f6dea871ac1e,okio/Okio,12,41,29.27
7995b6da3d7f7348,openfoodfacts/github/scrachx/openfood/JacocoInstrument/JacocoInstrumentation,12,53,22.64
2ebc879cdd090b0b,androidx/room/RoomDatabase$MigrationContainer,12,49,24.49
8fba4e80903cff53,dagger/hilt/android/internal/managers/ActivityRetainedComponentManager,12,15,80.0
0ede60e92909f658,com/fasterxml/jackson/databind/cfg/CoercionInputShape,12,13,92.31
28c7d6abcbe8a1e9,androidx/work/impl/utils/ProcessUtils,12,37,32.43
6583941c654893f9,androidx/core/view/WindowInsetsCompat$Impl21,12,14,85.71
b9c74661ad923577,kotlin/coroutines/CoroutineContext$Element$DefaultImpls,12,12,100.0
2f3deb35ec1a95df,io/sentry/clientreport/DiscardReason,12,13,92.31
c6cbc6b061854eb9,kotlin/reflect/jvm/internal/impl/name/Name,12,67,17.91
02754ce560470e48,androidx/lifecycle/Lifecycle$State,12,13,92.31
3fd446a01d175933,androidx/core/content/res/ResourcesCompat,12,140,8.57
c19c22f9661f3b7d,com/fasterxml/jackson/annotation/JsonFormat$Shape,12,25,48.0
46a9bdf77a08476c,org/matomo/sdk/TrackMe,12,25,48.0
f110c638a385e345,com/google/mlkit/vision/barcode/internal/BarcodeRegistrar,12,12,100.0
c5eb88f84585d145,kotlinx/coroutines/DebugKt,12,32,37.5
0ec839b23d120eb1,openfoodfacts/github/scrachx/openfood/features/splash/SplashViewModel$tagLine$1$1,12,17,70.59
2b8e5e5ef6c72814,okhttp3/Request,12,18,66.67
2af76408a1e917be,retrofit2/Utils$ParameterizedTypeImpl,12,35,34.29
ec2784fcf576e1c5,okhttp3/ConnectionSpec$Builder,12,25,48.0
8ec759165c6897d6,io/sentry/SentryIntegrationPackageStorage,12,21,57.14
bd0e63243f2f52fa,okhttp3/internal/cache/DiskLruCache,12,275,4.36
adf47251875b2fb8,openfoodfacts/github/scrachx/openfood/AppFlavor,12,15,80.0
90093b57777a630b,kotlinx/coroutines/CompletionStateKt,12,26,46.15
c75cf24c963536b9,androidx/room/InvalidationTracker$ObserverWrapper,12,39,30.77
bceb71f516d45bc8,openfoodfacts/github/scrachx/openfood/repositories/TaxonomiesManager$getTaxonomyData$2,12,27,44.44
399449bcb7806601,androidx/work/impl/model/WorkTypeConverters,12,115,10.43
73e85755a8694898,androidx/viewpager/widget/PagerAdapter,11,28,39.29
1a003612fb709981,openfoodfacts/github/scrachx/openfood/features/welcome/WelcomePageAdapter,11,13,84.62
2c56f76fa43c6006,okhttp3/internal/connection/ConnectionSpecSelector,11,32,34.38
c71722354ebf6264,retrofit2/Platform$Android,11,19,57.89
b5c829e8eef46398,androidx/lifecycle/BlockRunner$cancel$1,11,17,64.71
63c6d58a425bd34c,androidx/lifecycle/LiveData$LifecycleBoundObserver,11,14,78.57
be706f833d9f8023,androidx/work/impl/model/WorkProgressDao_Impl,11,69,15.94
f9dbdebf28b78f8a,kotlinx/coroutines/CoroutineStart,11,24,45.83
6f527f31082a8b07,androidx/appcompat/widget/ViewStubCompat,11,44,25.0
01c3dbadbbe94ad6,androidx/arch/core/executor/ArchTaskExecutor,11,21,52.38
7b274c267761c218,androidx/work/Logger,11,13,84.62
60a3432e7dbb8f53,okhttp3/internal/http2/Http2Stream$FramingSink,11,60,18.33
b098373bdec2910d,okio/Okio$1,11,15,73.33
9ad05ad3da289244,okhttp3/CipherSuite$1,11,14,78.57
51aa58a5f379a633,androidx/lifecycle/ViewModelLazy,11,18,61.11
4bbaf1bd1c63637d,androidx/core/graphics/TypefaceCompatApi24Impl,11,56,19.64
7f16bc4a0cbb14f8,androidx/room/Room,11,27,40.74
97070f561c05d1ef,kotlin/reflect/jvm/internal/RuntimeTypeMapper,11,118,9.32
e5127574f2320701,okhttp3/ResponseBody,11,39,28.21
ef2c3413026d6e6f,kotlin/text/StringsKt__StringsKt,11,909,1.21
f98003cf36a2b028,com/squareup/picasso/Picasso$Builder,11,55,20.0
9288534ddc35a7d3,openfoodfacts/github/scrachx/openfood/models/entities/SendProductDao$Properties,11,12,91.67
207b5bb98111a0bd,openfoodfacts/github/scrachx/openfood/databinding/ActivityWelcomeBinding,11,21,52.38
463e1f2829370cf4,androidx/fragment/app/FragmentManagerViewModel,11,156,7.05
5682fe21b7397fe6,kotlinx/coroutines/CoroutineContextKt,11,71,15.49
493f59512d101afb,openfoodfacts/github/scrachx/openfood/models/entities/additive/AdditiveNameDao$Properties,11,12,91.67
f3c42aa7459ad044,pl/aprilapps/easyphotopicker/EasyImage$Configuration,11,14,78.57
ce931fc1efca4b47,openfoodfacts/github/scrachx/openfood/repositories/TaxonomiesManager,11,14,78.57
d01d6929570a0480,androidx/work/CoroutineWorker,11,64,17.19
400b72fb894fc7b8,openfoodfacts/github/scrachx/openfood/app/DaggerOFFApplication_HiltComponents_SingletonC$ActivityCImpl,11,92,11.96
9f9f4c011fdee092,org/matomo/sdk/dispatcher/DefaultDispatcher,11,77,14.29
9c6d9936660e1aac,kotlin/coroutines/CoroutineContext$plus$1,11,12,91.67
029b812baa3f982e,org/greenrobot/eventbus/EventBusBuilder,11,32,34.38
0dd8499cbcc7e628,androidx/core/os/LocaleListCompat,10,60,16.67
aa5fdcfc82896b4f,androidx/work/impl/utils/PackageManagerHelper,10,24,41.67
cdd37da996ff9192,com/fasterxml/jackson/databind/introspect/AnnotationCollector$NCollector,10,17,58.82
c971ebe594285ca7,io/sentry/clientreport/AtomicClientReportStorage,10,24,41.67
cb2c3c1b7d36733f,openfoodfacts/github/scrachx/openfood/features/shared/BaseActivity,10,58,17.24
be2a550d4c8f9c5f,com/fasterxml/jackson/databind/ObjectWriter$GeneratorSettings,10,41,24.39
fcb8a0ab46c15899,openfoodfacts/github/scrachx/openfood/models/HistoryProductDao$Properties,10,11,90.91
3b2beace17e888ee,com/fasterxml/jackson/core/util/DefaultIndenter,10,25,40.0
5989f896c5aa7eae,com/fasterxml/jackson/databind/introspect/POJOPropertiesCollector,10,581,1.72
d77a5477a390950d,openfoodfacts/github/scrachx/openfood/features/splash/SplashActivity$navigateToMainActivity$2,10,13,76.92
a1b1e9b4f895a9dc,kotlinx/coroutines/JobKt__JobKt,10,92,10.87
dd5219cc2b9e226f,kotlinx/coroutines/internal/LockFreeTaskQueue,10,22,45.45
278078993488a56d,openfoodfacts/github/scrachx/openfood/databinding/ActivitySplashBinding,10,19,52.63
a473bc27a6af1272,androidx/core/view/ViewCompat$Api21Impl$1,10,13,76.92
2b3e9d083b8f0f92,androidx/core/view/WindowInsetsControllerCompat$Impl20,10,58,17.24
f6dc7d37afad516c,com/fasterxml/jackson/databind/AnnotationIntrospector,10,108,9.26
f803e19d02abe828,org/matomo/sdk/LegacySettingsPorter,10,45,22.22
5a30c73b3b03a45e,com/fasterxml/jackson/core/util/InternCache,10,13,76.92
e4215375bc0c9a44,okhttp3/CertificatePinner,10,72,13.89
bbc457268229054a,androidx/core/content/ContextCompat,10,121,8.26
d66cf6a4c3ba0cdd,androidx/activity/contextaware/ContextAwareHelper,10,15,66.67
016025acfddc519f,io/sentry/android/core/ManifestMetadataReader,10,186,5.38
10944986082e550f,androidx/core/content/res/ResourcesCompat$ThemeCompat$Api23Impl,10,17,58.82
6689b1c6a4cbffa4,androidx/lifecycle/BlockRunner,10,15,66.67
9737cd8a1696da18,org/matomo/sdk/TrackerBuilder,10,28,35.71
f35d602b25963015,androidx/lifecycle/LiveData$ObserverWrapper,10,11,90.91
cd8d729bf77480b7,okhttp3/internal/http2/Header,10,22,45.45
742c36378900c713,com/squareup/picasso/Dispatcher$NetworkBroadcastReceiver,10,17,58.82
dd0d7ee0b9e9b5a0,openfoodfacts/github/scrachx/openfood/features/welcome/WelcomeScreen,10,11,90.91
ac68075fc9b2214d,androidx/appcompat/widget/AppCompatDrawableManager$1,10,152,6.58
8711c3f936d1478c,kotlin/time/DurationUnit,10,12,83.33
e0088a9dc0a9fc96,okhttp3/OkHttpClient$1,10,16,62.5
7f9c2a2afe5cdbf3,kotlinx/coroutines/CoroutineDispatcher,10,13,76.92
d93030d59c84d428,androidx/lifecycle/viewmodel/MutableCreationExtras,10,11,90.91
e35742964c21b1b8,com/google/firebase/components/ComponentDiscovery,10,33,30.3
1860e18092cb896d,openfoodfacts/github/scrachx/openfood/app/DaggerOFFApplication_HiltComponents_SingletonC$ViewModelCBuilder,10,10,100.0
c9dbd40dc920133a,openfoodfacts/github/scrachx/openfood/analytics/SentryAnalytics,10,26,38.46
1dcc5c17bc63a73d,io/sentry/android/core/AppStartState,9,32,28.12
905610d06862be98,com/google/mlkit/common/internal/MlKitInitProvider,9,16,56.25
b555e5d679f1d20b,androidx/lifecycle/SavedStateHandle,9,98,9.18
6c74cefd35d3d1a7,androidx/constraintlayout/core/Pools$SimplePool,9,18,50.0
e8b97526f1ebcc0f,com/google/android/gms/internal/mlkit_vision_barcode/zzcc,9,89,10.11
725ae87a847aa365,com/fasterxml/jackson/databind/introspect/AnnotatedClass,9,70,12.86
fdef7c77f9b6db85,kotlinx/coroutines/intrinsics/UndispatchedKt,9,145,6.21
43de0784ee2a119d,io/sentry/SentryLevel,9,11,81.82
a6e231a0afb7fd79,kotlinx/coroutines/scheduling/TasksKt,9,13,69.23
795e9604ad6b8dea,okhttp3/ResponseBody$BomAwareReader,9,11,81.82
0376c0d5e1597e79,dagger/internal/SingleCheck,9,17,52.94
8169c2b4af07435d,openfoodfacts/github/scrachx/openfood/models/entities/EntityWrapper,9,9,100.0
9c4ef7b8418d841a,androidx/lifecycle/Lifecycle$Event$WhenMappings,9,16,56.25
6d664d1dfffb5e2e,dagger/hilt/android/internal/lifecycle/HiltViewModelFactory$1,9,12,75.0
4c7c76cf3d80e4b2,okhttp3/internal/platform/AndroidPlatform$CloseGuard,9,18,50.0
2aaebc64431f4fd1,org/matomo/sdk/dispatcher/DispatchMode,9,12,75.0
5c6c47a56b0356e3,com/google/firebase/components/EventBus,9,46,19.57
754cd3e81a7641f4,kotlin/SynchronizedLazyImpl,9,20,45.0
e19d04c00ab3febf,androidx/room/RoomDatabase$JournalMode,9,17,52.94
1a37b233724f4e39,kotlinx/coroutines/android/HandlerDispatcherKt,9,56,16.07
23f70a20c39e4603,com/fasterxml/jackson/core/util/JacksonFeatureSet,9,25,36.0
a6c128c46e8cfe1f,openfoodfacts/github/scrachx/openfood/features/splash/SplashController$refreshData$2$2,9,12,75.0
1c85cfadbb1ab4ba,openfoodfacts/github/scrachx/openfood/models/entities/additive/AdditiveDao$Properties,9,10,90.0
53b47b9183740c60,openfoodfacts/github/scrachx/openfood/app/OFFApplication,9,14,64.29
dbc8619149a1bc84,okhttp3/Protocol,9,17,52.94
c2637ee4c0d7c5b4,kotlin/internal/jdk8/JDK8PlatformImplementations$ReflectSdkVersion,9,14,64.29
29668fb4024e0d70,androidx/lifecycle/viewmodel/InitializerViewModelFactory,9,14,64.29
6f3aa9865a243350,com/fasterxml/jackson/databind/introspect/SimpleMixInResolver,9,42,21.43
0805e4f53e37ee0e,okhttp3/internal/connection/ConnectInterceptor,9,10,90.0
cd4a7a388045668b,androidx/appcompat/view/menu/ExpandedMenuView,9,18,50.0
f6447543d0740559,androidx/room/TransactionExecutor,9,10,90.0
5f74ee074b85ac53,com/google/android/gms/internal/mlkit_vision_common/zzo,9,89,10.11
66d9413230434610,okhttp3/internal/http/HttpMethod,9,34,26.47
ab675c5b1e3fafa3,com/fasterxml/jackson/databind/type/TypeBindings$TypeParamStash,9,19,47.37
297d87dcc022513a,okhttp3/internal/http2/Http2Codec$StreamFinishingSource,9,12,75.0
6c3265bc1a3089b4,androidx/work/impl/utils/LiveDataUtils$1$1,9,13,69.23
c4479396b204a9d4,androidx/arch/core/internal/FastSafeIterableMap,9,11,81.82
8dadc540cb7009c5,kotlinx/coroutines/Job$DefaultImpls,9,20,45.0
86d5346099ff8980,com/google/firebase/components/CycleDetector$ComponentNode,9,10,90.0
747e2a1de4bd8f87,openfoodfacts/github/scrachx/openfood/features/splash/SplashController$refreshData$2$2$1$2,9,17,52.94
59f574b82b038a17,openfoodfacts/github/scrachx/openfood/app/Hilt_OFFApplication,9,11,81.82
1ccf9a86e0d5d308,okhttp3/TlsVersion,8,30,26.67
21be027b80856bdc,com/google/android/gms/internal/mlkit_vision_common/zzp,8,13,61.54
927b7ceba24886fc,androidx/work/impl/utils/taskexecutor/WorkManagerTaskExecutor,8,8,100.0
ccba409676604077,com/fasterxml/jackson/core/sym/CharsToNameCanonicalizer$Bucket,8,8,100.0
473811538d2ca14f,kotlinx/coroutines/ThreadLocalEventLoop,8,10,80.0
b9fca26f39d21418,com/fasterxml/jackson/databind/cfg/ConfigOverrides,8,47,17.02
241055e2afe76695,kotlin/coroutines/intrinsics/IntrinsicsKt__IntrinsicsJvmKt,8,38,21.05
e9ab4ec2375be82a,kotlinx/coroutines/JobCancellationException,8,26,30.77
132bb852159c5b4f,okhttp3/internal/http/HttpHeaders,8,170,4.71
a810c89fb6d4e540,okhttp3/internal/http/StatusLine,8,32,25.0
4332d4481013eded,com/squareup/picasso/Picasso$CleanupThread,8,15,53.33
0f2f8b4672636ee2,kotlin/reflect/jvm/internal/KPropertyImpl,8,51,15.69
0e79d83aacdeb43f,androidx/constraintlayout/core/widgets/analyzer/DependencyGraph,8,669,1.2
2106de8d6d1352ec,androidx/activity/ComponentActivity$3,8,10,80.0
9332226185282e67,kotlin/Result,8,31,25.81
5dd9e0bdb2f6e598,androidx/emoji2/viewsintegration/EmojiTextViewHelper$SkippingHelper19,8,18,44.44
379bd61643cca738,androidx/work/WorkInfo$State,8,15,53.33
51daf982a3e27c3d,kotlin/ranges/IntProgressionIterator,8,14,57.14
0751ec4f49013729,androidx/lifecycle/LiveDataScopeImpl$emit$2,8,12,66.67
c1d99b3ddbab9791,com/google/android/gms/internal/mlkit_common/zzap,8,13,61.54
515fb729ac0efef0,openfoodfacts/github/scrachx/openfood/features/splash/SplashActivity$onCreate$3,8,12,66.67
8299c08b39e7710c,kotlin/reflect/jvm/internal/impl/name/FqNamesUtilKt,8,32,25.0
e049ed59dcfb6d4c,com/google/android/gms/internal/mlkit_common/zzan,8,91,8.79
4bab694cc3ca39fa,kotlin/ranges/RangesKt___RangesKt,8,518,1.54
8f03dd7a85458812,androidx/work/NetworkType,8,9,88.89
463f36b080407468,com/fasterxml/jackson/databind/ser/DefaultSerializerProvider,8,186,4.3
31d47e6c339073ad,com/fasterxml/jackson/databind/util/StdDateFormat,8,270,2.96
481f8f304f6175ff,androidx/core/app/ComponentActivity,8,50,16.0
2f1952ffdce7bf02,androidx/work/impl/constraints/trackers/NetworkStateTracker,8,53,15.09
a902ded95eb44d56,okio/SegmentPool,8,15,53.33
84ef089eb4922ae5,kotlinx/coroutines/DispatchedCoroutine,8,20,40.0
98499f7eef7682df,androidx/work/impl/WorkerWrapper$1,8,10,80.0
6ebb8cfc13263ac7,dagger/hilt/android/internal/managers/ApplicationComponentManager,8,10,80.0
706d40c092962881,com/fasterxml/jackson/core/Base64Variants,8,16,50.0
7be0249a56aa9071,org/greenrobot/greendao/identityscope/IdentityScopeLong,8,53,15.09
b2c91bd94a4e1f4e,kotlin/reflect/jvm/internal/impl/builtins/functions/FunctionClassKind,8,11,72.73
7eff7ba1c9f64fc0,androidx/lifecycle/LifecycleRegistry$Companion,8,10,80.0
8027810309051bc0,com/fasterxml/jackson/annotation/JsonInclude$Include,8,10,80.0
f7dc021ca58a8ad7,org/matomo/sdk/tools/Checksum,8,20,40.0
383b2f79b9f4113e,androidx/lifecycle/LifecycleKt,8,9,88.89
6f41c47b7a87e9f4,androidx/lifecycle/LifecycleRegistry$ObserverWithState,8,11,72.73
708ad6153df7a509,io/sentry/util/Platform,8,16,50.0
bc1fee0aaa0ed530,kotlin/time/DurationKt,8,256,3.12
29697d1af892b5d4,androidx/work/impl/OperationImpl,8,12,66.67
976fd336f1acfe0b,androidx/activity/result/ActivityResultRegistry$LifecycleContainer,8,8,100.0
ce86a715c76906f7,androidx/appcompat/widget/AppCompatEmojiTextHelper,8,14,57.14
83aee87148d801fd,androidx/collection/MapCollections$ArrayIterator,8,11,72.73
005528d5e30110d9,com/fasterxml/jackson/module/kotlin/KotlinModule$Builder,8,14,57.14
894e035d49496fc2,com/google/android/gms/internal/mlkit_vision_barcode/zzco,8,13,61.54
536e48a99297cf3d,kotlinx/coroutines/internal/ThreadContextKt,8,18,44.44
14d0afaa9f8390f1,logcat/LogPriority,8,11,72.73
515cb60cf61ae371,com/google/firebase/components/CycleDetector$Dep,8,13,61.54
41df5219bb68a5f2,androidx/work/OverwritingInputMerger,8,8,100.0
d008bc0d6a20e6a9,openfoodfacts/github/scrachx/openfood/repositories/TaxonomiesManager$download$2,8,19,42.11
7bd829e160d0d08b,androidx/work/impl/WorkDatabase$1,8,8,100.0
dc77ce9bc6fc5789,kotlinx/coroutines/internal/LockFreeLinkedListKt,8,16,50.0
301ab0e46932a0dd,kotlinx/coroutines/internal/LockFreeLinkedListNode$CondAddOp,8,13,61.54
710b9663a9ec583f,okio/RealBufferedSource$1,7,17,41.18
4b1357572247e375,androidx/lifecycle/BlockRunner$maybeRun$1,7,13,53.85
b2cd5338603e1f06,kotlin/reflect/jvm/internal/KClassImpl,7,108,6.48
f93bdb6878b9b19e,org/greenrobot/eventbus/android/AndroidComponents,7,9,77.78
da75c134b6930d9e,androidx/work/impl/WorkerWrapper$Builder,7,9,77.78
d0cf11d2eac9faae,kotlinx/coroutines/internal/SystemPropsKt,7,7,100.0
4f9ddd5d09560137,androidx/lifecycle/viewmodel/InitializerViewModelFactoryBuilder,7,7,100.0
c94cf546a83aef8c,retrofit2/RequestFactory,7,13,53.85
aec6c7fcdabd9b16,androidx/room/util/StringUtil,7,29,24.14
c64b61fd45244114,openfoodfacts/github/scrachx/openfood/utils/DeserializerHelper,7,20,35.0
d43a371ed0b4877c,openfoodfacts/github/scrachx/openfood/app/DaggerOFFApplication_HiltComponents_SingletonC$ActivityCBuilder,7,7,100.0
f271d53e6b8f35f0,openfoodfacts/github/scrachx/openfood/app/DaggerOFFApplication_HiltComponents_SingletonC$Builder,7,13,53.85
9c4ca9f519c44dd1,okio/Timeout,7,46,15.22
6e8a74b3c696aac1,com/fasterxml/jackson/annotation/JsonInclude$Value,7,131,5.34
14847a39b808c85d,com/google/android/gms/internal/mlkit_common/zzaj,7,33,21.21
0af4bf326090c50c,com/fasterxml/jackson/core/Version,7,54,12.96
35321f452792a31e,kotlin/internal/ProgressionUtilKt,7,22,31.82
cde07928245675ee,androidx/work/CoroutineWorker$startWork$1,7,18,38.89
c5f0800f98ddf816,kotlinx/coroutines/JobSupport$addLastAtomic$$inlined$addLastIf$1,7,9,77.78
7216ef5209284660,openfoodfacts/github/scrachx/openfood/models/entities/OfflineSavedProductDao,7,69,10.14
1e26aa9d7488b361,com/fasterxml/jackson/databind/type/TypeBase,7,76,9.21
8526e4fa58b06d6b,androidx/lifecycle/Lifecycle$Event$Companion$WhenMappings,7,12,58.33
b70777187b525149,com/fasterxml/jackson/databind/node/TextNode,7,45,15.56
d5de19f2977ac56e,androidx/core/graphics/ColorUtils,7,170,4.12
e56bcd385626eead,com/fasterxml/jackson/annotation/JsonAutoDetect$Visibility,7,19,36.84
9473a4d4c2fee64b,com/fasterxml/jackson/core/StreamWriteCapability,7,11,63.64
467b84e6f69e3504,kotlinx/coroutines/scheduling/CoroutineScheduler$WorkerState,7,9,77.78
1e83b8e2a9fff831,androidx/work/impl/background/systemjob/SystemJobInfoConverter$1,7,12,58.33
8470175a80dc9965,com/google/android/gms/internal/mlkit_vision_barcode/zzbx,7,33,21.21
a61efe724d1ad562,okhttp3/Route,7,30,23.33
beb543b28c8c8e25,okhttp3/internal/cache/CacheStrategy$Factory,7,115,6.09
6d67e8bed185ea5f,com/google/mlkit/vision/common/internal/VisionCommonRegistrar,7,7,100.0
913275da7b3de3f7,kotlinx/coroutines/JobImpl,7,21,33.33
dcf18287641d4cbe,kotlinx/coroutines/internal/AtomicOp,7,20,35.0
4fb7ee738732d0f0,androidx/room/util/DBUtil,7,45,15.56
c20a082790bf7731,retrofit2/KotlinExtensions,7,41,17.07
db7a60d5508ab05f,com/fasterxml/jackson/databind/util/LRUMap,7,24,29.17
a428ae983e956d67,kotlin/jvm/internal/CallableReference,7,30,23.33
0c05cee727670469,androidx/work/impl/WorkDatabaseMigrations,7,8,87.5
4961b524041bfae0,com/fasterxml/jackson/core/StreamReadCapability,7,12,58.33
f9cc9ca3d371de6a,openfoodfacts/github/scrachx/openfood/analytics/MatomoAnalytics,7,26,26.92
d68f04ba8a215b66,com/fasterxml/jackson/core/JsonStreamContext,7,52,13.46
26bd89e855263389,openfoodfacts/github/scrachx/openfood/models/entities/ListedProductDao$Properties,7,8,87.5
e9341ed41072a71a,com/fasterxml/jackson/databind/deser/DefaultDeserializationContext$Impl,7,10,70.0
e90f8c54e8216ede,com/squareup/picasso/ContactsPhotoRequestHandler,7,25,28.0
4f98e077cf6872f2,com/google/android/gms/internal/mlkit_vision_common/zzk,7,33,21.21
af3e0148453eaccd,okio/Okio$2,7,16,43.75
24763076cbc4ed2a,io/sentry/android/core/AndroidLogger$1,7,12,58.33
644454c6332f81db,kotlinx/coroutines/intrinsics/CancellableKt,7,32,21.88
ea819d0be4327797,io/sentry/NoOpHub,7,45,15.56
d17d79d627325d94,io/sentry/SentryOptions$RequestSize,7,9,77.78
8b8f1cf864976119,androidx/activity/ComponentActivity$4,7,8,87.5
e43ce803dd183dbc,okio/Util,7,17,41.18
bc2e177834ee6c00,com/fasterxml/jackson/module/kotlin/ReflectionCache,7,57,12.28
0144bb5691abaa4d,androidx/core/graphics/Insets,7,31,22.58
631f4b9e6528e95b,androidx/work/OneTimeWorkRequest$Builder,7,13,53.85
ef10e5c70d0bf8e7,androidx/lifecycle/MediatorLiveData$Source,7,8,87.5
7d4c920d95d190b0,org/matomo/sdk/extra/TrackHelper,7,31,22.58
8805c31cc24294b6,androidx/lifecycle/LifecycleCoroutineScopeImpl$register$1,7,11,63.64
dc22781f60fcc139,androidx/sqlite/db/SupportSQLiteOpenHelper$Configuration$Builder,7,13,53.85
a7d686bd965ca02d,androidx/fragment/app/FragmentHostCallback,6,28,21.43
9a23b0894d8c8e7d,kotlin/LazyThreadSafetyMode,6,7,85.71
3a269337e93d47ea,kotlin/ranges/IntProgression,6,33,18.18
b3643c9a48db923d,io/sentry/SentryAutoDateProvider,6,11,54.55
6a9f34a80feecbfe,kotlin/collections/MapsKt__MapsJVMKt,6,46,13.04
5c94f9bd861798f4,org/greenrobot/eventbus/ThreadMode,6,8,75.0
74459c7771d208ec,androidx/work/impl/WorkDatabase$2,6,7,85.71
12c62bdd616f3e28,okhttp3/internal/NamedRunnable,6,7,85.71
4beb23509fb10241,kotlin/reflect/jvm/internal/pcollections/MapEntry,6,20,30.0
59e823847bb90731,androidx/core/os/BuildCompat,6,58,10.34
95f87b4dfceac8df,dagger/hilt/android/internal/managers/ActivityRetainedComponentManager$1,6,6,100.0
ef9078f9faf5de6f,androidx/appcompat/view/menu/ListMenuPresenter$MenuAdapter,6,27,22.22
e27028d9ef42fa22,kotlinx/coroutines/CompletedExceptionally,6,8,75.0
0b6db5addc730402,kotlinx/coroutines/JobNode,6,8,75.0
12636799d2099a5d,kotlinx/coroutines/EventLoopImplPlatform,6,10,60.0
2688539e4de1f8d7,org/greenrobot/eventbus/android/AndroidDependenciesDetector,6,16,37.5
e77efecfa75230ee,com/fasterxml/jackson/databind/node/InternalNodeMapper,6,14,42.86
76c6203b2c6a9d63,org/greenrobot/greendao/database/DatabaseOpenHelper,6,33,18.18
efa6e0a82561efa3,androidx/appcompat/app/AppCompatActivity$2,6,6,100.0
764efdf6c1ac9e1b,kotlin/reflect/jvm/internal/ReflectProperties$LazySoftVal,6,14,42.86
5bada11fadb3abcb,androidx/lifecycle/ViewModelProvider$AndroidViewModelFactory$Companion,6,11,54.55
4f27df43613f654b,openfoodfacts/github/scrachx/openfood/hilt/NetworkModule$provideMainRetrofit$$inlined$defaultRetrofitBuilder$1,6,6,100.0
d4a25985d52ed0f6,com/google/mlkit/common/sdkinternal/SharedPrefManager,6,125,4.8
0868addc41cc9df1,androidx/core/app/NavUtils,6,61,9.84
f32f66df893d028f,openfoodfacts/github/scrachx/openfood/utils/OFFDatabaseHelper$WhenMappings,6,10,60.0
ac6549ad3e3b46f4,androidx/lifecycle/SavedStateViewModelFactory,6,69,8.7
ecc9d5a868097e65,androidx/core/view/ViewCompat$Api21Impl,6,40,15.0
7a2031bbf062bb13,androidx/lifecycle/Lifecycling,6,95,6.32
7b75be34632f6dd5,androidx/appcompat/widget/VectorEnabledTintResources,6,56,10.71
f52000b4371b4b35,com/fasterxml/jackson/core/util/DefaultPrettyPrinter,6,76,7.89
301669068fcb92db,kotlinx/coroutines/scheduling/DefaultIoScheduler,6,13,46.15
619d3477dbc3c212,openfoodfacts/github/scrachx/openfood/models/entities/label/LabelNameDao$Properties,6,7,85.71
b1d7136aa6c98468,androidx/constraintlayout/core/SolverVariable$Type,6,8,75.0
724f990ec72b618f,com/fasterxml/jackson/annotation/Nulls,6,8,75.0
db0ec09c8789d332,androidx/core/view/AccessibilityDelegateCompat,6,65,9.23
d4abfc114c3389d1,kotlin/jvm/internal/Reflection,6,46,13.04
e6b70ad79a9b1687,com/fasterxml/jackson/core/io/SegmentedStringWriter,6,19,31.58
c4580f189570fcac,kotlinx/coroutines/UndispatchedCoroutine,6,37,16.22
0a56ba40812f36a4,androidx/constraintlayout/widget/ConstraintLayout$1,6,10,60.0
d98d18dbefd87e00,kotlinx/coroutines/internal/FastServiceLoaderKt,6,7,85.71
dec224c87f7575a2,androidx/lifecycle/Transformations$switchMap$1,6,12,50.0
6048485a1da64a11,openfoodfacts/github/scrachx/openfood/features/splash/SplashController$refreshData$2$2$1$1,6,12,50.0
84e7a0995b0f4fb8,com/fasterxml/jackson/databind/ext/Java7Support,6,7,85.71
e6b2c39c80ff861b,openfoodfacts/github/scrachx/openfood/app/DaggerOFFApplication_HiltComponents_SingletonC$ActivityRetainedCImpl,6,6,100.0
7286a91374c214e2,com/fasterxml/jackson/databind/type/SimpleType,6,87,6.9
abb26818aada7f42,androidx/collection/ContainerHelpers,6,27,22.22
c5f59505bbfd2307,openfoodfacts/github/scrachx/openfood/models/entities/category/CategoryNameDao$Properties,6,7,85.71
2ffa095abf2ccc84,kotlinx/coroutines/JobKt,6,29,20.69
87d0a7dd7afe7d78,kotlin/reflect/jvm/internal/pcollections/IntTreePMap,6,8,75.0
e9a59e352fa69780,openfoodfacts/github/scrachx/openfood/features/splash/SplashController$refreshData$2$2$1,6,7,85.71
ce43b3d7ed37e6de,com/fasterxml/jackson/databind/util/ArrayIterator,6,9,66.67
bdf0199154eb82ca,kotlin/jvm/internal/TypeIntrinsics,6,209,2.87
fdf2cfadf61ff80b,androidx/work/impl/WorkManagerImpl$2,6,8,75.0
ca78a3ffe49cf5d7,kotlin/coroutines/ContinuationInterceptor$DefaultImpls,6,22,27.27
ed1dc18157714538,okhttp3/CacheControl$Builder,6,19,31.58
9837f44ff2305313,androidx/work/impl/model/PreferenceDao_Impl$1,6,10,60.0
00091af02311033f,com/google/firebase/components/ComponentRuntime$Builder,6,8,75.0
6035202ddd6a8567,androidx/work/Data$Builder,6,57,10.53
f0d1bdbab883971f,androidx/lifecycle/ViewModelProvider$AndroidViewModelFactory,6,33,18.18
dbbfbbc811cf61a5,openfoodfacts/github/scrachx/openfood/models/entities/store/StoreNameDao$Properties,6,7,85.71
57390930f1d6331b,kotlinx/coroutines/CompletedContinuation,6,57,10.53
5e70207810c3506e,openfoodfacts/github/scrachx/openfood/models/entities/allergen/AllergenNameDao$Properties,6,7,85.71
befa811e391333bb,androidx/work/impl/model/WorkTagDao_Impl$1,6,10,60.0
6d9b23f56e1dae81,org/matomo/sdk/extra/TrackHelper$Download,6,12,50.0
543d7ba521b10919,androidx/core/graphics/TypefaceCompat,6,90,6.67
dd01b9bebdb52245,dagger/hilt/android/internal/managers/ActivityRetainedComponentManager$ActivityRetainedComponentViewModel,6,6,100.0
04b0700e537ba638,androidx/work/impl/utils/WorkForegroundRunnable,6,12,50.0
1cf6ed7b8fa08434,androidx/emoji2/viewsintegration/EmojiTextViewHelper,6,14,42.86
d8fc1abc31f10967,org/greenrobot/greendao/database/StandardDatabase,6,14,42.86
83cef6d23f4b3eef,com/fasterxml/jackson/core/sym/ByteQuadsCanonicalizer,6,297,2.02
412a17cbb3ffcd28,androidx/room/InvalidationLiveDataContainer,6,6,100.0
9a82801ba2a347a9,kotlin/sequences/SequencesKt__SequencesKt,6,49,12.24
3f378d20a6ebeb8c,openfoodfacts/github/scrachx/openfood/models/entities/brand/BrandNameDao$Properties,6,7,85.71
89c610bc4f3f31e1,androidx/appcompat/widget/TintContextWrapper,6,54,11.11
f7add489e6463742,openfoodfacts/github/scrachx/openfood/utils/OFFDatabaseHelper$Companion,6,36,16.67
a6e7d0e8a533be56,androidx/savedstate/Recreator,6,34,17.65
331dc98b74446de2,openfoodfacts/github/scrachx/openfood/features/splash/SplashViewModel,6,6,100.0
8e5c64627fc07511,kotlin/reflect/jvm/internal/ReflectProperties,6,12,50.0
21eabad0c8cfb529,com/fasterxml/jackson/databind/deser/std/StdDeserializer,6,686,0.87
4a6bc4cfc24712b5,com/fasterxml/jackson/databind/ser/impl/ReadOnlyClassToSerializerMap$Bucket,6,24,25.0
e0b23afc511451c5,kotlinx/coroutines/EventLoop_commonKt,6,11,54.55
7d30c8f688933ea5,com/fasterxml/jackson/databind/deser/std/JsonNodeDeserializer,6,17,35.29
470455c44977a948,androidx/work/impl/WorkDatabasePathHelper,6,42,14.29
3f00ba81c3dee114,dagger/hilt/android/internal/ThreadUtil,6,10,60.0
c44788bd26c9af59,com/fasterxml/jackson/databind/node/JsonNodeFactory,6,69,8.7
8c0d7d5423680b27,retrofit2/DefaultCallAdapterFactory,5,9,55.56
f92659fd1cd14b3a,openfoodfacts/github/scrachx/openfood/models/entities/allergen/AllergenDao,5,111,4.5
14a57c4d3bf52d77,kotlinx/coroutines/internal/LockFreeTaskQueueCore$Companion,5,10,50.0
f29e535e98bb4d96,openfoodfacts/github/scrachx/openfood/models/entities/analysistag/AnalysisTagNameDao$Properties,5,6,83.33
e76824c11334fd9e,okio/AsyncTimeout$2,5,16,31.25
c6952c0e7ad1a7a1,openfoodfacts/github/scrachx/openfood/models/entities/ProductListsDao,5,64,7.81
096cfa8a1f7c8465,androidx/collection/MapCollections$KeySet,5,29,17.24
ed3f2d55e6793d51,kotlin/coroutines/AbstractCoroutineContextElement,5,7,71.43
a52be95a29532379,openfoodfacts/github/scrachx/openfood/models/entities/states/StatesDao,5,62,8.06
0503a4653d01e3f6,openfoodfacts/github/scrachx/openfood/models/entities/additive/AdditiveNameDao,5,176,2.84
ef5f10d44609b0fd,openfoodfacts/github/scrachx/openfood/models/entities/ingredient/IngredientNameDao,5,91,5.49
99a42951f8667109,dagger/internal/SetBuilder,5,13,38.46
c1da545e12e1a210,openfoodfacts/github/scrachx/openfood/models/entities/tag/TagDao,5,74,6.76
749ded2449585593,retrofit2/Response,5,54,9.26
79c33606f36a5111,androidx/work/WorkerFactory,5,22,22.73
35352732ac6e21a5,io/sentry/MainEventProcessor,5,165,3.03
684b3f3c22f196c3,openfoodfacts/github/scrachx/openfood/models/entities/store/StoreNameDao,5,121,4.13
22abbc1f2ef351e2,openfoodfacts/github/scrachx/openfood/models/entities/allergen/AllergenDao$Properties,5,6,83.33
b256da94683af5cc,openfoodfacts/github/scrachx/openfood/features/splash/SplashController$sam$androidx_lifecycle_Observer$0,5,8,62.5
d5d41d590cae7047,com/fasterxml/jackson/databind/cfg/MapperBuilder,5,165,3.03
fea3288b714c0c17,com/squareup/picasso/Stats,5,25,20.0
c70c454865a25b8b,kotlinx/coroutines/Dispatchers,5,12,41.67
e16dcf74ae2206ab,openfoodfacts/github/scrachx/openfood/models/entities/analysistagconfig/AnalysisTagConfigDao$Properties,5,6,83.33
3e72902041a42c60,okhttp3/internal/http/RealResponseBody,5,6,83.33
40a49e62b2881bde,openfoodfacts/github/scrachx/openfood/models/entities/ToUploadProductDao$Properties,5,6,83.33
897293280cb0042e,kotlin/reflect/jvm/internal/ReflectProperties$Val,5,9,55.56
d4988ff0c323bf28,openfoodfacts/github/scrachx/openfood/app/OFFEventsIndex,5,7,71.43
fc5c207dbde9312c,androidx/work/ContentUriTriggers,5,13,38.46
5ac1f47d4242a8f2,io/sentry/android/core/SentryInitProvider,5,13,38.46
b40ff0a2443ec1d3,openfoodfacts/github/scrachx/openfood/models/entities/country/CountryDao,5,84,5.95
f1e54d05871405e5,com/fasterxml/jackson/databind/PropertyName,5,70,7.14
a417896b603cad48,kotlin/reflect/jvm/internal/KCallableImpl,5,117,4.27
53d850660a878a11,okhttp3/internal/connection/RouteSelector$Selection,5,8,62.5
44801f7f1fe87be1,openfoodfacts/github/scrachx/openfood/models/entities/ingredient/IngredientDao,5,73,6.85
a227326eea98ad20,androidx/room/EntityInsertionAdapter,5,76,6.58
c9fb38ac5e54049c,androidx/work/ExistingWorkPolicy,5,7,71.43
0a3532139f51c0a0,kotlin/LazyKt__LazyJVMKt,5,11,45.45
2bb169c06eb41a6b,androidx/sqlite/db/framework/FrameworkSQLiteProgram,5,8,62.5
568dfa4af195f70b,androidx/work/impl/model/WorkSpec$WorkInfoPojo,5,46,10.87
4946f4898f8ac8df,kotlin/internal/PlatformImplementationsKt,5,40,12.5
b4f420f9aeef0d39,openfoodfacts/github/scrachx/openfood/models/entities/category/CategoryNameDao,5,121,4.13
364d6752c59b218a,androidx/work/WorkRequest,5,5,100.0
d921ced5ccaad669,kotlin/reflect/jvm/internal/KClassImpl$Data$simpleName$2,5,7,71.43
a234cbe68ced1bab,openfoodfacts/github/scrachx/openfood/models/entities/brand/BrandNameDao,5,121,4.13
a98972c352ecf4fc,okhttp3/logging/HttpLoggingInterceptor$Level,5,7,71.43
4761269e102fd49b,openfoodfacts/github/scrachx/openfood/models/entities/country/CountryNameDao,5,91,5.49
c187886bd787a92f,com/fasterxml/jackson/databind/ser/std/NumberSerializers$Base,5,18,27.78
5953bdee2a2634a9,openfoodfacts/github/scrachx/openfood/models/InvalidBarcodeDao,5,47,10.64
04f88c97ab02f342,kotlin/reflect/jvm/internal/ReflectionFactoryImpl,5,37,13.51
16b263314cf45367,kotlin/sequences/ConstrainedOnceSequence,5,6,83.33
f466e9337a5a1e1f,kotlin/sequences/TransformingSequence$iterator$1,5,7,71.43
cb987314b4dc920c,com/fasterxml/jackson/core/io/JsonStringEncoder,5,263,1.9
62f0d83b16a89a33,okio/ForwardingSource,5,8,62.5
c7f9539cf564f9a5,openfoodfacts/github/scrachx/openfood/models/entities/brand/BrandDao,5,92,5.43
888ee63a8fe8bdd0,com/squareup/picasso/PicassoExecutorService,5,15,33.33
afeb465527a54abd,openfoodfacts/github/scrachx/openfood/models/entities/analysistagconfig/AnalysisTagConfigDao,5,92,5.43
9d9b2bf70e4444e8,timber/log/Timber,5,65,7.69
27d0f782935e4732,androidx/work/impl/model/SystemIdInfoDao_Impl$1,5,7,71.43
cdcd4aa57fdfb2b6,androidx/work/impl/constraints/trackers/ConstraintTracker,5,36,13.89
3cfae33284282fd5,androidx/lifecycle/SavedStateHandleAttacher,5,9,55.56
f96dc95cfda57d7f,com/fasterxml/jackson/databind/node/ArrayNode,5,215,2.33
0682ee0e4f7dd584,openfoodfacts/github/scrachx/openfood/models/entities/allergen/AllergenNameDao,5,121,4.13
e438aaa406e76e3e,openfoodfacts/github/scrachx/openfood/models/entities/ToUploadProductDao,5,93,5.38
dd896951654bc398,androidx/lifecycle/SavedStateHandleSupport$savedStateHandlesVM$1$1,5,5,100.0
e55daada93368e96,androidx/lifecycle/AbstractSavedStateViewModelFactory,5,26,19.23
76c1305e194cdc22,kotlin/collections/CollectionsKt__CollectionsKt,5,126,3.97
037221751e0d3549,openfoodfacts/github/scrachx/openfood/features/welcome/WelcomeActivity$Companion,5,5,100.0
3f5a0666067d5199,kotlinx/coroutines/CoroutineContextKt$hasCopyableElements$1,5,8,62.5
e4024d6da45b8fcc,androidx/core/content/res/ResourcesCompat$FontCallback,5,8,62.5
1d8a1cf689a52d43,openfoodfacts/github/scrachx/openfood/models/entities/additive/AdditiveDao,5,147,3.4
c8e3b82897c583f9,com/fasterxml/jackson/module/kotlin/ExtensionsKt$jacksonObjectMapper$1,5,5,100.0
cb29bfa55279e028,openfoodfacts/github/scrachx/openfood/models/entities/category/CategoryDao,5,92,5.43
6192d3e4914c6bdc,openfoodfacts/github/scrachx/openfood/models/entities/states/StatesNameDao,5,91,5.49
15b0442c0b402bf3,dagger/internal/MapBuilder,5,8,62.5
5e5f53ec55d7564f,androidx/lifecycle/LiveDataScopeImpl,5,9,55.56
ff6d29c95e5dcfdd,androidx/preference/PreferenceManager,5,93,5.38
791780d0528e24d4,retrofit2/converter/jackson/JacksonConverterFactory,5,10,50.0
4ab26949d938d922,openfoodfacts/github/scrachx/openfood/models/entities/analysistag/AnalysisTagDao,5,81,6.17
08f25f9efbf15550,com/google/firebase/components/LazySet,5,23,21.74
6d17b67ea1471bed,com/fasterxml/jackson/databind/deser/BeanDeserializerFactory,5,410,1.22
edb175705f72dd45,androidx/work/impl/utils/PreferenceUtils,5,42,11.9
25646a13b045b310,androidx/work/impl/constraints/WorkConstraintsTracker,5,56,8.93
92bef218a39212c7,com/fasterxml/jackson/core/json/JsonGeneratorImpl,5,42,11.9
5d77565ca0485bf2,androidx/activity/OnBackPressedDispatcher$OnBackPressedCancellable,5,8,62.5
b3445ad558dd788b,androidx/sqlite/db/SimpleSQLiteQuery,5,36,13.89
5d336c999609d8d4,androidx/lifecycle/SavedStateHandle$Companion,5,30,16.67
3b0d8f8563ec7aa2,kotlin/time/DurationJvmKt,5,21,23.81
61eee2796ddfdace,org/matomo/sdk/dispatcher/EventCache,5,34,14.71
c7233332931bc6b2,openfoodfacts/github/scrachx/openfood/features/splash/SplashActivity$sam$androidx_lifecycle_Observer$0,5,8,62.5
699dce3566a14265,kotlin/reflect/jvm/internal/impl/name/SpecialNames,5,32,15.62
21205162d9a430d3,kotlinx/coroutines/internal/SystemPropsKt__SystemPropsKt,5,6,83.33
71d30915df7360c1,androidx/collection/ArrayMap,5,18,27.78
008a61a8852b7f18,io/sentry/Instrumenter,5,7,71.43
a0af2ec8ae53491e,retrofit2/KotlinExtensions$await$2$2,5,18,27.78
9b9c30b48e5ab04e,com/fasterxml/jackson/databind/cfg/CoercionAction,5,7,71.43
6d1a6a355b26bb46,kotlinx/coroutines/UndispatchedMarker,5,7,71.43
c0c594e21712cdf0,kotlin/text/Regex,5,94,5.32
7fc387c710cf43f6,kotlinx/coroutines/scheduling/SchedulerCoroutineDispatcher,5,22,22.73
456e254d3fbe1f63,openfoodfacts/github/scrachx/openfood/models/entities/store/StoreDao,5,92,5.43
1fd10b025662ed6c,kotlin/reflect/jvm/internal/impl/builtins/jvm/JavaToKotlinClassMap$PlatformMutabilityMapping,5,22,22.73
48391a786315422b,androidx/room/RoomTrackingLiveData$2,5,7,71.43
08f18391c13105d7,kotlin/sequences/TransformingSequence,5,7,71.43
af2263bb841b60e1,androidx/activity/FullyDrawnReporter,5,56,8.93
e9b7fa79ddde6d8e,openfoodfacts/github/scrachx/openfood/models/entities/SendProductDao,5,158,3.16
e639591a321ebe6a,openfoodfacts/github/scrachx/openfood/features/splash/SplashActivity$special$$inlined$viewModels$default$3,5,7,71.43
d72e3fa29d3248cc,androidx/appcompat/widget/DrawableUtils,5,60,8.33
9171049e32d4f958,retrofit2/DefaultCallAdapterFactory$1,5,6,83.33
29214c3904f69b34,retrofit2/Platform,5,18,27.78
210dfdaa53f56070,androidx/collection/MapCollections,5,57,8.77
8970dfc4871cf41a,openfoodfacts/github/scrachx/openfood/models/entities/analysistag/AnalysisTagNameDao,5,102,4.9
180549f08580028d,androidx/appcompat/app/AppCompatDelegateImpl$2,5,8,62.5
28812add849e7ef3,openfoodfacts/github/scrachx/openfood/models/entities/ingredient/IngredientsRelationDao,5,55,9.09
e2ba9cda64f2aa6a,dagger/hilt/android/internal/lifecycle/RetainedLifecycleImpl,5,16,31.25
f4096d355c5c60b2,androidx/lifecycle/CoroutineLiveDataKt,5,13,38.46
424d8e824c288e01,io/sentry/android/core/AndroidLogger,5,15,33.33
be97897a66ab43e1,openfoodfacts/github/scrachx/openfood/models/HistoryProductDao,5,147,3.4
a7b0eb84160e61c2,okhttp3/ConnectionPool$1,5,9,55.56
d71b7c9b4fd4b437,okhttp3/internal/http2/Http2Connection$Builder,5,9,55.56
77b2a5e04f87abd3,retrofit2/OkHttpCall$ExceptionCatchingResponseBody,5,8,62.5
8b394d90e3770566,openfoodfacts/github/scrachx/openfood/models/entities/ListedProductDao,5,124,4.03
df5f4b7960550d31,androidx/viewbinding/ViewBindings,5,8,62.5
a7e1b8ad994bb473,androidx/work/InputMergerFactory,5,6,83.33
325de1dcb7cfc303,androidx/work/Configuration$1,5,6,83.33
51fb3999cc056b22,kotlin/internal/jdk8/JDK8PlatformImplementations,5,19,26.32
13ce9fa750f3f0d0,kotlin/LazyKt__LazyJVMKt$WhenMappings,5,8,62.5
5c40d9a06f52ed4d,okhttp3/internal/http2/Http2Reader$ContinuationSource,4,18,22.22
405f6ba2fb8796f7,androidx/viewpager/widget/ViewPager$LayoutParams,4,5,80.0
21bc1a388e18e212,androidx/core/view/WindowCompat$Api16Impl,4,6,66.67
d7b8f487cc181eb6,com/squareup/picasso/Dispatcher$DispatcherHandler,4,23,17.39
7d7ade916a2b2730,okhttp3/internal/http2/Huffman$Node,4,4,100.0
0ad1fb81efbdcad3,kotlinx/coroutines/internal/MainDispatchersKt,4,19,21.05
2a5b790142732290,com/fasterxml/jackson/core/util/Separators,4,15,26.67
4dc204773e401118,openfoodfacts/github/scrachx/openfood/models/entities/country/CountryDao$Properties,4,5,80.0
961cf5da5085b1a6,dagger/hilt/EntryPoints,4,19,21.05
9b3879ec430db7a5,org/greenrobot/greendao/AbstractDaoMaster,4,6,66.67
4209b00e82e5a5e6,kotlin/time/DurationUnitKt__DurationUnitJvmKt,4,20,20.0
32ca22431f673b59,androidx/work/impl/utils/futures/SettableFuture,4,5,80.0
6d5f845695cf6b68,androidx/work/impl/utils/futures/AbstractFuture$SafeAtomicHelper,4,6,66.67
7cae259b8f41dfcb,kotlin/collections/CollectionsKt__IterablesKt,4,26,15.38
0e0a767c4ff88c01,androidx/lifecycle/viewmodel/ViewModelInitializer,4,4,100.0
8c68f9659bba463b,okhttp3/internal/connection/RouteDatabase,4,5,80.0
03aef04e1d5e6c16,com/fasterxml/jackson/databind/ser/std/NumberSerializer,4,38,10.53
d9f89462fb55d13d,androidx/collection/ArraySet$1,4,10,40.0
58b3f904ecc6b8a4,kotlin/ResultKt,4,63,6.35
1888b3e26859b327,androidx/savedstate/SavedStateRegistryController$Companion,4,4,100.0
11b3d6b03cfe4a22,com/fasterxml/jackson/core/JsonGenerator,4,277,1.44
86cf91a87e64fea0,openfoodfacts/github/scrachx/openfood/models/entities/label/LabelDao$Properties,4,5,80.0
ef37ce3a675cbb3c,dagger/hilt/android/EntryPointAccessors,4,18,22.22
0fb37f895e1259e7,openfoodfacts/github/scrachx/openfood/models/entities/ingredient/IngredientNameDao$Properties,4,5,80.0
b18b02cf2ddcb363,com/fasterxml/jackson/databind/introspect/AnnotationCollector,4,6,66.67
27fed2dd5787e7e9,dagger/internal/Preconditions,4,27,14.81
5b1229aec498ad87,androidx/work/ListenableWorker,4,31,12.9
2314c843cc8bc545,kotlin/random/Random,4,98,4.08
f6afb3b367b826e1,openfoodfacts/github/scrachx/openfood/hilt/ApiModule,4,10,40.0
94947920ec8092f8,kotlin/text/StringsKt__StringsJVMKt,4,352,1.14
7d8edaaedde304c5,openfoodfacts/github/scrachx/openfood/models/entities/category/CategoryDao$Properties,4,5,80.0
18d5d70bd3f34d8e,kotlin/coroutines/EmptyCoroutineContext,4,9,44.44
79a233c51499bd2a,androidx/work/OutOfQuotaPolicy,4,5,80.0
be4038adbdadb647,retrofit2/Retrofit$1,4,9,44.44
d69555560b79b433,retrofit2/converter/jackson/JacksonResponseBodyConverter,4,5,80.0
003156f5df4b22e4,androidx/work/BackoffPolicy,4,5,80.0
cca066dd09642b6f,androidx/appcompat/widget/ThemeUtils,4,37,10.81
5209888b490495c7,openfoodfacts/github/scrachx/openfood/features/welcome/WelcomeActivity_MembersInjector,4,11,36.36
1c8d4e591286921e,androidx/room/InvalidationTracker$WeakObserver,4,6,66.67
9345703a84abf192,okhttp3/internal/http/RequestLine,4,19,21.05
709c749c2156aa67,kotlin/collections/SetsKt__SetsKt,4,33,12.12
8f138eae450a8f56,openfoodfacts/github/scrachx/openfood/models/entities/tag/TagDao$Properties,4,5,80.0
3eb6ca2adc958ef0,androidx/core/view/WindowInsetsCompat$Builder,4,26,15.38
a5143a65411ab48b,dagger/hilt/android/internal/lifecycle/HiltViewModelFactory,4,13,30.77
9cfa8bf60f6dfc05,androidx/appcompat/app/AppCompatDelegateImpl$3,4,9,44.44
eb0d3a881d26be99,retrofit2/SkipCallbackExecutorImpl,4,9,44.44
6485f68b3b5bd0f8,androidx/work/WorkerParameters,4,15,26.67
27c9e287131da51b,retrofit2/OkHttpCall$1,4,16,25.0
6e08f3c56ecb15ec,androidx/work/WorkInfo,4,24,16.67
5ea43b9272249934,com/fasterxml/jackson/module/kotlin/ExtensionsKt$kotlinModule$1,4,4,100.0
54bcc3b7a4d34dc4,kotlinx/coroutines/EventLoopImplBase$DelayedResumeTask,4,5,80.0
c703d0eb10815845,openfoodfacts/github/scrachx/openfood/models/entities/OfflineSavedProductDao$Properties,4,5,80.0
7680ad23b52fd39a,retrofit2/BuiltInConverters,4,14,28.57
c0aec6d26bd8ba28,openfoodfacts/github/scrachx/openfood/features/splash/SplashViewModel$tagLine$1,4,4,100.0
6f06920396e9c8b3,com/fasterxml/jackson/databind/type/ClassKey,4,17,23.53
4e5268a18febc3e3,kotlinx/coroutines/scheduling/TaskImpl,4,7,57.14
75415101eb9206d2,androidx/constraintlayout/core/Cache,4,4,100.0
a6f85759fa63a8c1,openfoodfacts/github/scrachx/openfood/models/entities/store/StoreDao$Properties,4,5,80.0
2c6486586ef3154f,openfoodfacts/github/scrachx/openfood/utils/DeserializerHelper$extractMapFromJsonNode$1,4,4,100.0
e64edf27444cd252,io/sentry/clientreport/ClientReportKey,4,13,30.77
175768acf30221a6,com/fasterxml/jackson/databind/JsonNode,4,131,3.05
5644ecfb44fb2895,okio/AsyncTimeout$Watchdog,4,10,40.0
c77bc18d1a4ca22e,openfoodfacts/github/scrachx/openfood/repositories/Taxonomy,4,5,80.0
110b03ba223684a4,com/fasterxml/jackson/databind/cfg/ContextAttributes$Impl,4,39,10.26
4417cc730d202dec,okhttp3/Cache,4,75,5.33
468a0ea6c1062888,openfoodfacts/github/scrachx/openfood/app/DaggerOFFApplication_HiltComponents_SingletonC$ActivityRetainedCBuilder,4,4,100.0
1856d7b66f1b52d8,org/greenrobot/greendao/AbstractDaoSession,4,53,7.55
e1fed4abfc43ceab,io/sentry/DuplicateEventDetectionEventProcessor,4,28,14.29
e62fc49f6ecc33f2,com/fasterxml/jackson/databind/ObjectWriter$Prefetch,4,36,11.11
71867011b6b0e911,kotlinx/coroutines/DefaultExecutorKt,4,10,40.0
78f849e66498b6ed,androidx/emoji2/text/EmojiCompat,4,159,2.52
ef1483f660fea7fc,kotlin/SafePublicationLazyImpl,4,18,22.22
6096a1fe6dc643df,kotlinx/coroutines/internal/ThreadContextKt$countAll$1,4,13,30.77
4cee940c7698e8ac,com/fasterxml/jackson/databind/introspect/AnnotationCollector$EmptyCollector,4,6,66.67
88c220a1bd82fec5,org/matomo/sdk/dispatcher/DefaultPacketSender,4,94,4.26
bad111643aa2b942,io/sentry/FullyDisplayedReporter,4,10,40.0
a876327cd8ad25a1,kotlin/reflect/jvm/internal/KProperty1Impl,4,15,26.67
097c334253bc1339,kotlin/reflect/jvm/internal/ReflectProperties$LazyVal,4,8,50.0
3b8edd8d95af1503,openfoodfacts/github/scrachx/openfood/models/entities/country/CountryNameDao$Properties,4,5,80.0
6c5a586a4a837fc6,com/fasterxml/jackson/databind/ser/std/SerializableSerializer,4,11,36.36
c94a298086e5f995,kotlin/reflect/jvm/internal/KDeclarationContainerImpl,4,192,2.08
db2b522118dbc309,androidx/core/view/WindowInsetsCompat$BuilderImpl,4,40,10.0
ca880b094ef61542,openfoodfacts/github/scrachx/openfood/models/entities/states/StatesNameDao$Properties,4,5,80.0
fdef85511fd10ded,androidx/core/view/WindowInsetsControllerCompat,4,24,16.67
ca22a37e90945407,openfoodfacts/github/scrachx/openfood/utils/PreferencesUtilsKt,4,45,8.89
4116609af7cfb924,com/fasterxml/jackson/core/sym/ByteQuadsCanonicalizer$TableInfo,4,5,80.0
ee66498b6a6a4a4a,kotlin/coroutines/AbstractCoroutineContextKey,4,11,36.36
a147594f2fb18568,com/fasterxml/jackson/databind/introspect/AnnotationCollector$OneCollector,4,8,50.0
105569791ea871ae,openfoodfacts/github/scrachx/openfood/JacocoInstrument/SMSInstrumentedReceiver,4,7,57.14
ceb72d3f690b114c,com/fasterxml/jackson/databind/ser/DefaultSerializerProvider$Impl,4,8,50.0
869cb48fd40e5b6e,androidx/appcompat/widget/AppCompatTextViewAutoSizeHelper$Impl23,4,4,100.0
e1a5ee8f2bc0e8b6,okhttp3/RequestBody,4,16,25.0
7b54eda04c511e2c,openfoodfacts/github/scrachx/openfood/models/entities/brand/BrandDao$Properties,4,5,80.0
69c8d20a9bb2017b,kotlin/collections/CollectionsKt___CollectionsKt,4,1782,0.22
8000167edcc55c32,retrofit2/ServiceMethod,4,8,50.0
8da89313d9269199,com/squareup/picasso/AssetRequestHandler,4,22,18.18
f774186aedcc81c8,org/matomo/sdk/dispatcher/DefaultDispatcherFactory,4,4,100.0
30a8feadb958a619,androidx/core/content/FileProvider$SimplePathStrategy,4,42,9.52
4cb1c0fd87917d68,kotlin/reflect/jvm/internal/impl/utils/CollectionsKt,4,22,18.18
3d24bd48eded7d5b,androidx/work/InputMerger,4,6,66.67
843a0ab5e9f9bc15,com/fasterxml/jackson/core/Base64Variant$PaddingReadBehaviour,4,6,66.67
76cf27803fee7997,io/sentry/protocol/SdkVersion,4,52,7.69
6f024fe934bf52b3,retrofit2/HttpServiceMethod$SuspendForBody,4,8,50.0
67e51854739bccae,com/fasterxml/jackson/module/kotlin/KotlinModule$setupModule$1,3,4,75.0
592eaa87b6fb0637,openfoodfacts/github/scrachx/openfood/utils/UtilsKt,3,94,3.19
aa974a9628e4b371,com/fasterxml/jackson/databind/ser/std/StdSerializer,3,147,2.04
bc9a3166476e133f,androidx/work/impl/utils/SerialExecutor$Task,3,4,75.0
d87241825ac901cf,com/google/android/gms/internal/mlkit_common/zzao,3,5,60.0
efcb294394af3ef5,androidx/core/view/WindowCompat,3,13,23.08
3a5a01100f79ff5c,androidx/constraintlayout/core/widgets/ConstraintAnchor$Type,3,4,75.0
d91b4a27d34789e8,androidx/activity/ComponentActivity$5,3,3,100.0
f964e6f2c1d4019d,kotlin/random/FallbackThreadLocalRandom,3,3,100.0
2aa85296586bd861,openfoodfacts/github/scrachx/openfood/utils/SearchSuggestionProvider,3,3,100.0
f49a5002c4488abb,com/google/firebase/components/ComponentDiscovery$$Lambda$1,3,3,100.0
b967cb32ff6d3809,openfoodfacts/github/scrachx/openfood/features/welcome/WelcomeScreen$Companion,3,3,100.0
d1ead569c03604f9,io/sentry/internal/modules/NoOpModulesLoader,3,4,75.0
fc4eec4f6159852a,openfoodfacts/github/scrachx/openfood/features/splash/SplashActivity$controller$2,3,3,100.0
a2e03abb1778a88b,kotlin/random/Random$Default,3,20,15.0
8e05f208712f3e7f,openfoodfacts/github/scrachx/openfood/features/splash/SplashActivity$special$$inlined$viewModels$default$2,3,3,100.0
bfc4156a3d298df6,kotlin/collections/AbstractMutableList,3,3,100.0
76c75389f45fe203,logcat/LogcatLogger$NoLog,3,6,50.0
90823c2aec0926aa,androidx/hilt/work/HiltWorkerFactory,3,4,75.0
4bf0e5863a982fda,openfoodfacts/github/scrachx/openfood/AppFlavor$Companion,3,5,60.0
b1bebdf64b63dd41,kotlin/jvm/internal/CallableReference$NoReceiver,3,4,75.0
b19ebf14619b9c23,com/fasterxml/jackson/core/sym/CharsToNameCanonicalizer$TableInfo,3,3,100.0
79581c28b50b3194,io/sentry/transport/NoOpTransportGate,3,4,75.0
44dfcdbad8487b5c,kotlinx/coroutines/NodeList,3,20,15.0
200227aa58dc5df9,androidx/appcompat/widget/FitWindowsLinearLayout,3,7,42.86
6b9793856f14e3f0,androidx/lifecycle/SavedStateHandlesVM,3,3,100.0
2a688e11fb2a0699,kotlin/collections/AbstractList$Companion,3,38,7.89
653cb0fadff67770,androidx/core/view/ViewCompat$Api23Impl,3,8,37.5
abfa5591370bd34c,io/sentry/transport/NoOpEnvelopeCache,3,6,50.0
5cfb92fd8ffe7061,androidx/sqlite/db/framework/FrameworkSQLiteStatement,3,6,50.0
58e8279b6cd547ee,org/greenrobot/greendao/identityscope/IdentityScopeObject,3,43,6.98
c970491b2b736e10,org/matomo/sdk/extra/DownloadTracker$Extra$None,3,3,100.0
507bde0361e38408,com/fasterxml/jackson/databind/ser/std/CalendarSerializer,3,13,23.08
6c9225442817bb7e,com/fasterxml/jackson/databind/ser/std/DateSerializer,3,13,23.08
d63665248a275aab,androidx/sqlite/db/framework/FrameworkSQLiteDatabase$1,3,3,100.0
f5b922c24819b93a,androidx/lifecycle/Transformations$switchMap$1$onChanged$1,3,3,100.0
5839273c2c937ee2,com/fasterxml/jackson/databind/ser/std/BooleanSerializer,3,16,18.75
f19110d3ff96de26,timber/log/Timber$1,3,86,3.49
7a88a566c49ef7eb,com/fasterxml/jackson/core/type/ResolvedType,3,5,60.0
12bda85671ea82f2,kotlin/time/Duration$Companion,3,90,3.33
ba81046a9bca8f04,kotlinx/coroutines/Empty,3,6,50.0
1b77a176ccd15d61,androidx/work/Logger$LogcatLogger,3,36,8.33
e32481cd81483007,kotlin/coroutines/CoroutineContext$DefaultImpls,3,3,100.0
87e448537a0f8181,kotlinx/coroutines/android/AndroidDispatcherFactory,3,6,50.0
c7291e18ffba786e,kotlin/coroutines/intrinsics/CoroutineSingletons,3,5,60.0
f622755583ae0062,androidx/core/view/ViewCompat$Api16Impl,3,20,15.0
094d21c2ce429802,androidx/work/Configuration$Builder,3,17,17.65
1a5c04ff4dbcc2be,openfoodfacts/github/scrachx/openfood/models/entities/ingredient/IngredientDao$Properties,3,4,75.0
ee4a7e327ec22e45,openfoodfacts/github/scrachx/openfood/features/welcome/WelcomeActivity$viewPagerPageChangeListener$1,3,22,13.64
aba2c436d86a14c3,io/sentry/SentryThreadFactory,3,48,6.25
1a298cae6172debf,kotlinx/coroutines/android/HandlerContext$scheduleResumeAfterDelay$$inlined$Runnable$1,3,3,100.0
1361c9dab9e9041e,androidx/work/WorkerParameters$RuntimeExtras,3,3,100.0
57ef8fb675447796,androidx/arch/core/executor/TaskExecutor,3,5,60.0
f4ed0ba0e779fba0,openfoodfacts/github/scrachx/openfood/utils/DaoUtilsKt,3,41,7.32
ce2d5902218681db,androidx/arch/core/internal/SafeIterableMap$DescendingIterator,3,3,100.0
59277ebde6ffb5ec,com/google/firebase/components/ComponentRuntime$$Lambda$5,3,4,75.0
6874cc1e9a095824,androidx/lifecycle/LiveData$AlwaysActiveObserver,3,3,100.0
21c7fbbd2d6c8c5d,androidx/emoji2/viewsintegration/EmojiTextViewHelper$HelperInternal19,3,48,6.25
959e19edbf3c2bde,dagger/hilt/android/internal/lifecycle/DefaultViewModelFactories,3,7,42.86
ba56a68001f6cb21,kotlin/reflect/jvm/internal/KClassImpl$data$1,3,3,100.0
a870435353e1c758,io/sentry/NoOpSentryExecutorService,3,10,30.0
b1b396991a09b010,kotlinx/coroutines/CoroutineDispatcher$Key,3,3,100.0
1c976d7709379d64,com/fasterxml/jackson/databind/cfg/CoercionConfigs,3,105,2.86
85ef28491f828a3f,androidx/room/TransactionExecutor$1,3,4,75.0
a705510886025a42,io/sentry/NoOpTransactionPerformanceCollector,3,5,60.0
a94ee697109cd0e5,androidx/arch/core/internal/SafeIterableMap$Entry,3,14,21.43
2551b6fdc995faec,okhttp3/internal/platform/Android10Platform,3,25,12.0
6c37c9042409538d,androidx/lifecycle/LiveData$1,3,4,75.0
1a80ac612e9bab79,openfoodfacts/github/scrachx/openfood/utils/LocaleManager$selectedLanguagePrefKey$2,3,3,100.0
49cce23b8928f561,kotlin/Pair,3,22,13.64
7982f4296b8f8f92,kotlinx/coroutines/NonDisposableHandle,3,6,50.0
7141818a39211cfc,androidx/appcompat/app/AppCompatDelegateImpl$5,3,3,100.0
791401956c3aecfd,io/sentry/UncaughtExceptionHandler$Adapter,3,5,60.0
f85e51396107e558,com/fasterxml/jackson/databind/ser/std/DateTimeSerializerBase,3,75,4.0
2ee8e737c1c15c1c,openfoodfacts/github/scrachx/openfood/features/splash/SplashActivity$onCreate$2,3,3,100.0
88453f303d770601,okhttp3/internal/Util$2,3,3,100.0
345269c2736931e2,kotlinx/coroutines/scheduling/TaskContextImpl,3,3,100.0
f23cd0c5963efc01,androidx/lifecycle/Lifecycle,3,4,75.0
24ccce7c0dfe9894,kotlinx/coroutines/scheduling/NanoTimeSource,3,3,100.0
f0eb45ab5b55346b,org/matomo/sdk/tools/PropertySource,3,4,75.0
b9131e3781b1e5bc,com/fasterxml/jackson/databind/ser/std/ToStringSerializer,3,4,75.0
cd1d12a20bf6f360,kotlin/random/FallbackThreadLocalRandom$implStorage$1,3,3,100.0
5ef6024c7a85a81c,org/greenrobot/greendao/database/StandardDatabaseStatement,3,12,25.0
49e1169d9efe5a3f,io/sentry/NoOpTransportFactory,3,4,75.0
03542f497676a7bd,kotlin/jvm/internal/FunctionReference,3,40,7.5
7a21a19708670b36,com/fasterxml/jackson/databind/cfg/CoercionConfig,3,7,42.86
ea3a2724117ceccc,kotlinx/coroutines/scheduling/UnlimitedIoScheduler,3,4,75.0
0cb59727453745f2,openfoodfacts/github/scrachx/openfood/app/Hilt_OFFApplication$1,3,3,100.0
18502f927f908239,androidx/work/WorkManager,3,12,25.0
441cdc65d6e16297,io/sentry/util/thread/NoOpMainThreadChecker,3,4,75.0
b7ae895ccf4be84f,io/sentry/android/core/BuildInfoProvider,3,45,6.67
457d92a13ddea1f0,logcat/LogcatLogger$Companion,3,20,15.0
ee7f985b43d58e2a,com/fasterxml/jackson/module/kotlin/SingletonSupport,3,4,75.0
461f3b4e7e008ecb,okhttp3/CertificatePinner$Builder,3,8,37.5
8a42630725ca176f,com/fasterxml/jackson/annotation/JsonFormat$Features,3,48,6.25
cef720a3d8e886ee,androidx/lifecycle/MutableLiveData,3,4,75.0
9e989c4c7f62569d,dagger/hilt/android/internal/lifecycle/DefaultViewModelFactories$InternalFactoryFactory,3,4,75.0
6f87d6d547e902fa,kotlin/jvm/internal/PropertyReference1Impl,3,7,42.86
bc29cac0c29dc112,com/fasterxml/jackson/core/JsonParser,3,123,2.44
455a23267771cdde,kotlinx/coroutines/SupervisorKt,3,14,21.43
4e1fe5af5a0f34e9,androidx/multidex/MultiDexApplication,3,3,100.0
7c567a4aa86ea594,androidx/core/content/res/ResourcesCompat$ThemeCompat,3,7,42.86
df90b174a1815150,io/sentry/ShutdownHookIntegration,3,24,12.5
06f266d81ba30fb9,kotlin/ranges/IntRange,3,35,8.57
aee63d0a8031fb48,com/squareup/picasso/LruCache,3,31,9.68
5d583770d2957955,kotlin/sequences/SequencesKt__SequencesKt$asSequence$$inlined$Sequence$1,3,3,100.0
85fce1731bed3428,androidx/room/RoomDatabase$Callback,3,4,75.0
5a8929c999360caa,io/sentry/protocol/SentryPackage,3,31,9.68
404b404e34286f7e,androidx/lifecycle/ViewModelProviderGetKt,3,6,50.0
d923561aa352fba8,kotlinx/coroutines/CancelledContinuation,3,5,60.0
d809e2ad3518d4e9,okhttp3/Dns$1,3,7,42.86
8e5a939dd927d9cb,com/fasterxml/jackson/databind/introspect/VisibilityChecker$Std,3,87,3.45
a2ee86bda6c33f86,kotlinx/coroutines/scheduling/DefaultScheduler,3,6,50.0
c04fe632e07366d4,com/fasterxml/jackson/databind/ser/std/UUIDSerializer,3,53,5.66
0ab16937d18b8f49,com/fasterxml/jackson/databind/introspect/AnnotationCollector$TwoAnnotations,3,16,18.75
07ac22a01973405f,androidx/work/Constraints$Builder,3,29,10.34
56da34510dad440a,androidx/core/os/HandlerCompat,3,49,6.12
6a1e7e97cbc3e9bc,androidx/work/impl/background/greedy/DelayedWorkTracker,3,15,20.0
4a84cef768e01eb3,androidx/lifecycle/ViewModelProvider$Factory,3,6,50.0
727408c187c5d83e,io/sentry/UncaughtExceptionHandlerIntegration,3,63,4.76
83641541e941ea5a,com/fasterxml/jackson/databind/util/ArrayBuilders,3,50,6.0
b6567a6d96b37c4b,retrofit2/CompletableFutureCallAdapterFactory,3,12,25.0
9adb7fbf51efee33,openfoodfacts/github/scrachx/openfood/repositories/Taxonomy$Labels,3,3,100.0
3c8750354c8b4461,androidx/work/impl/utils/LiveDataUtils,3,4,75.0
591c139dcc79f2cf,kotlin/jvm/internal/PropertyReference,3,35,8.57
063a83007c152c0b,kotlinx/coroutines/BuildersKt,3,8,37.5
297ea024d97582cf,com/fasterxml/jackson/core/io/SerializedString,3,69,4.35
07c8f86ee3202c64,com/google/firebase/components/Preconditions,3,13,23.08
a5f7be8a9e0a34d6,androidx/appcompat/app/AppLocalesStorageHelper$SerialExecutor,3,18,16.67
0f0beed18a866c6d,io/sentry/util/StringUtils,3,54,5.56
df8719cc8ca0cb03,com/fasterxml/jackson/databind/introspect/DefaultAccessorNamingStrategy$Provider,3,23,13.04
3dee009d0f4421c6,androidx/work/impl/constraints/trackers/BroadcastReceiverConstraintTracker,3,11,27.27
4b4506bad204817c,androidx/sqlite/db/SupportSQLiteOpenHelper$Callback,3,43,6.98
b3bb71186064fab2,io/sentry/android/core/SentryAndroidDateProvider,3,3,100.0
82886ebf41506ffe,androidx/constraintlayout/core/state/WidgetFrame,3,321,0.93
e130fe839898024c,okhttp3/internal/Util$1,3,3,100.0
166868c6073dc8c6,androidx/fragment/app/FragmentManager$2,3,5,60.0
a9d9054a46eac7f1,kotlinx/coroutines/android/HandlerContext$scheduleResumeAfterDelay$1,3,3,100.0
1060ca21636c84a8,io/sentry/NoOpTransactionProfiler,3,5,60.0
42fdbf4cfb45e9e4,androidx/lifecycle/SavedStateHandlesProvider$viewModel$2,3,3,100.0
6ee26ce006658a00,com/fasterxml/jackson/annotation/JsonSetter$Value,3,71,4.23
2a986dfc6d7f64c4,androidx/work/impl/utils/WorkForegroundUpdater,3,5,60.0
dcad58e05be8de7a,openfoodfacts/github/scrachx/openfood/features/splash/SplashActivity$special$$inlined$viewModels$default$1,3,3,100.0
b680acae011b0e20,kotlinx/coroutines/ExecutorCoroutineDispatcher$Key,3,3,100.0
6aa62053c73f0c45,openfoodfacts/github/scrachx/openfood/models/entities/ProductListsDao$Properties,3,4,75.0
b341b69207a7a1ff,openfoodfacts/github/scrachx/openfood/utils/RetrofitKt,3,3,100.0
f9ed2c97745345d8,openfoodfacts/github/scrachx/openfood/models/entities/analysistag/AnalysisTagDao$Properties,3,4,75.0
cc22ec4d9009ed40,com/fasterxml/jackson/databind/Module,3,3,100.0
ad529f09a14c1bea,kotlin/reflect/jvm/internal/KDeclarationContainerImpl$Data,3,4,75.0
70dbc3029b1a1c18,androidx/collection/ArrayMap$1,3,10,30.0
c18b9dc55376b2ab,io/sentry/android/core/ContextUtils,3,36,8.33
f757c018d6b49867,io/sentry/NoOpLogger,3,7,42.86
94d0771c2603a290,androidx/lifecycle/Transformations,3,19,15.79
66294d92f451d15b,androidx/constraintlayout/core/widgets/ConstraintWidget$DimensionBehaviour,3,4,75.0
44733f3b13f926a4,openfoodfacts/github/scrachx/openfood/app/DaggerOFFApplication_HiltComponents_SingletonC$SingletonCImpl$SwitchingProvider$2,3,3,100.0
71dca31ead222329,kotlin/coroutines/jvm/internal/DebugProbesKt,3,3,100.0
ddd87e41d66dd1a6,com/fasterxml/jackson/databind/json/JsonMapper,3,13,23.08
2e1bd8e851cfbda2,androidx/lifecycle/viewmodel/CreationExtras,3,3,100.0
7434a8e51815612d,com/google/android/gms/internal/tasks/zza,2,4,50.0
8f5ec4c850851aa8,com/fasterxml/jackson/databind/ser/std/StdScalarSerializer,2,10,20.0
ff479f3ef5a3952b,retrofit2/Invocation,2,10,20.0
e714645491accf96,androidx/appcompat/widget/AppCompatTextViewAutoSizeHelper$Impl,2,3,66.67
9b5511a51e5cb89c,openfoodfacts/github/scrachx/openfood/repositories/TaxonomiesRepository$Companion,2,2,100.0
4d7182c1653c0fd3,kotlinx/coroutines/CancellableContinuationKt,2,46,4.35
bf96eec30c267fa8,retrofit2/CallAdapter$Factory,2,3,66.67
58d4cd131bce9ea9,com/google/mlkit/vision/barcode/internal/zzc,2,4,50.0
aee9e33bcc0d716c,okhttp3/logging/HttpLoggingInterceptor$Logger$1,2,2,100.0
55cb2de4cc271c32,androidx/work/impl/constraints/controllers/ConstraintController,2,39,5.13
1c61cc7294387749,org/greenrobot/eventbus/Logger$Default,2,4,50.0
c51e56903c984a0c,kotlinx/coroutines/scheduling/Task,2,4,50.0
8eea7eae1f326ff6,androidx/work/ListenableWorker$Result,2,6,33.33
151634939b439fb9,kotlinx/coroutines/AbstractTimeSourceKt,2,36,5.56
75a478325a96c440,androidx/arch/core/internal/SafeIterableMap$AscendingIterator,2,3,66.67
05902c2e147b5916,androidx/core/content/ContextCompat$Api19Impl,2,4,50.0
9538578c7b30173d,androidx/lifecycle/ViewTreeLifecycleOwner,2,6,33.33
04e8bac565ec5a0c,androidx/sqlite/db/SupportSQLiteOpenHelper$Configuration,2,3,66.67
0e7f73b64266c245,com/google/android/gms/internal/mlkit_vision_common/zzm,2,4,50.0
f7a23e271b922f44,com/fasterxml/jackson/core/JsonParser$NumberType,2,4,50.0
14f00145964e1a2d,androidx/savedstate/Recreator$Companion,2,2,100.0
44edb1ea435214f4,com/google/android/gms/internal/mlkit_vision_barcode/zzca,2,4,50.0
860d1968a08f6b4f,androidx/activity/result/contract/ActivityResultContracts$RequestMultiplePermissions,2,44,4.55
08d2b7d54324015a,openfoodfacts/github/scrachx/openfood/utils/SearchSuggestionProvider$Companion,2,2,100.0
a04ea94e45be602b,kotlin/reflect/jvm/internal/KDeclarationContainerImpl$Companion,2,3,66.67
ed06e1191600a524,org/greenrobot/eventbus/HandlerPoster,2,26,7.69
7bb29cf37ea3cc61,org/greenrobot/greendao/identityscope/IdentityScopeType,2,4,50.0
c8d2065704f1b78e,openfoodfacts/github/scrachx/openfood/models/entities/label/LabelsWrapper,2,2,100.0
784b976f51b809e6,com/squareup/picasso/PicassoProvider,2,7,28.57
53b5eb5830d940e8,com/google/mlkit/common/internal/zzf,2,4,50.0
42a5dbdcdc01c35d,kotlinx/coroutines/InvokeOnCancel,2,4,50.0
57dde82de35b27e0,kotlin/coroutines/ContinuationInterceptor$Key,2,2,100.0
f8cccbfd8e554491,io/sentry/DateUtils,2,27,7.41
2bbcbc2365bcaa9b,com/fasterxml/jackson/module/kotlin/KotlinDeserializers,2,13,15.38
dc9346e8f226ffb2,com/squareup/picasso/OkHttp3Downloader,2,14,14.29
d41a7e4f123747b4,androidx/room/RoomTrackingLiveData$3,2,2,100.0
7e9c525f6d2c6629,io/sentry/SentryExecutorService,2,18,11.11
718bbb3c49b2e1e6,androidx/lifecycle/LifecycleOwnerKt,2,2,100.0
8fc0274da2cf94df,com/fasterxml/jackson/databind/ser/std/NullSerializer,2,6,33.33
3ffd3546df853ac4,androidx/core/view/ViewCompat$AccessibilityPaneVisibilityManager,2,38,5.26
e6907147b750460d,com/google/firebase/components/ComponentRuntime$$Lambda$1,2,3,66.67
68d52efec963c20b,openfoodfacts/github/scrachx/openfood/repositories/Taxonomy$AnalysisTagConfigs,2,3,66.67
b2ba95594a29ce8b,openfoodfacts/github/scrachx/openfood/repositories/Taxonomy$ProductStates,2,3,66.67
c3781f07e57cfc80,openfoodfacts/github/scrachx/openfood/models/entities/MapOfStringsToStringConverter,2,24,8.33
47c94f974cbf1b59,androidx/sqlite/db/framework/FrameworkSQLiteOpenHelperFactory,2,2,100.0
3cc3c769dfa1e505,com/fasterxml/jackson/databind/cfg/ContextAttributes,2,2,100.0
01121f216a50a807,androidx/core/util/ObjectsCompat,2,23,8.7
2c063d10fe8c621f,okhttp3/internal/http2/Http2Stream$StreamTimeout,2,9,22.22
bd2b30ece21bf211,androidx/core/os/LocaleListCompat$Api21Impl,2,23,8.7
8defdad32922e05b,okhttp3/internal/http2/Http2Connection$ReaderRunnable$2,2,2,100.0
f7e656bff70e87f6,openfoodfacts/github/scrachx/openfood/repositories/Taxonomy$Allergens,2,3,66.67
1e4bbaf292cb334d,com/fasterxml/jackson/databind/ser/std/NumberSerializers$ShortSerializer,2,3,66.67
e07b4ec9b9fcb0e9,kotlinx/coroutines/CoroutineScopeKt,2,30,6.67
d2c98890d17f7846,org/matomo/sdk/tools/Connectivity,2,11,18.18
553f19e9c307c2dc,kotlin/Unit,2,3,66.67
0ec2045bcc0a4e26,openfoodfacts/github/scrachx/openfood/repositories/Taxonomy$Categories,2,3,66.67
0602ec05d6585e1b,kotlin/reflect/jvm/internal/impl/builtins/functions/FunctionClassKind$Companion,2,34,5.88
904d963498ae35db,com/canhub/cropper/CropFileProvider,2,2,100.0
ff36f9b6247184ef,kotlinx/coroutines/internal/LockFreeLinkedListHead,2,22,9.09
e22114f7a1507220,androidx/work/impl/DefaultRunnableScheduler,2,6,33.33
a0b91f6950f56f6a,com/fasterxml/jackson/databind/deser/Deserializers$Base,2,11,18.18
fc495ee156cc1e2f,androidx/activity/ViewTreeOnBackPressedDispatcherOwner,2,6,33.33
164b29ee31c519d8,androidx/core/graphics/TypefaceCompatBaseImpl,2,82,2.44
42abd5ba2bf9c56a,com/google/android/gms/internal/mlkit_common/zzaf,2,16,12.5
c93841dc51f30c47,com/google/mlkit/common/internal/zza,2,4,50.0
8a2713cbed2a0ce5,androidx/work/ListenableWorker$Result$Failure,2,12,16.67
a731c54dda368923,com/squareup/picasso/Utils$1,2,2,100.0
a96e40d02de7d5ac,com/fasterxml/jackson/core/util/MinimalPrettyPrinter,2,17,11.76
5f8b01736b9c3b75,kotlinx/coroutines/SupervisorJobImpl,2,2,100.0
4777091f0dbc9f46,okhttp3/internal/http2/Http2Connection$ReaderRunnable$3,2,2,100.0
8ec0914ef49d610f,androidx/arch/core/executor/DefaultTaskExecutor$1,2,4,50.0
acfc6b4bbaaad5b2,org/greenrobot/eventbus/AsyncPoster,2,8,25.0
029711c977db5bef,androidx/lifecycle/Transformations$sam$androidx_lifecycle_Observer$0,2,8,25.0
a3b8fbd887525739,kotlin/UNINITIALIZED_VALUE,2,2,100.0
b563c70358e5d75d,kotlinx/coroutines/Active,2,3,66.67
a25a8f9754aaa56c,com/fasterxml/jackson/databind/JsonDeserializer,2,23,8.7
a58b8d7c4f3bfac3,androidx/work/impl/utils/StartWorkRunnable,2,2,100.0
9d8489e364b772fb,androidx/work/impl/constraints/trackers/BatteryChargingTracker,2,40,5.0
05b14a1e4aa5d353,com/fasterxml/jackson/module/kotlin/KotlinInstantiators,2,8,25.0
0882706287337f04,openfoodfacts/github/scrachx/openfood/app/DaggerOFFApplication_HiltComponents_SingletonC$ActivityRetainedCImpl$SwitchingProvider,2,3,66.67
2fcc889a1e4ee1e8,androidx/work/impl/utils/LiveDataUtils$1,2,2,100.0
7dd3f6f28a24866c,io/sentry/util/Objects,2,11,18.18
ca64f6ed7673bfab,timber/log/Timber$Tree,2,50,4.0
5ec449b2f064149c,androidx/fragment/app/FragmentFactory,2,29,6.9
71511578bb36372e,com/google/mlkit/common/sdkinternal/zzo,2,4,50.0
ed8cee4a0a4e6448,androidx/work/impl/utils/futures/AbstractFuture$AtomicHelper,2,2,100.0
e356a5f069f6ae27,com/google/mlkit/common/internal/zzb,2,4,50.0
a3ee09fb0508d8e9,androidx/work/Operation$State$SUCCESS,2,3,66.67
386dc744ce64ae30,org/greenrobot/eventbus/meta/SubscriberMethodInfo,2,3,66.67
c7c5d0044cddab33,androidx/core/util/Preconditions,2,73,2.74
6877b1ae5105b81b,kotlinx/coroutines/internal/ContextScope,2,3,66.67
dc782a3034ae5f3b,androidx/appcompat/app/AppCompatDelegateImpl$ListMenuDecorView,2,24,8.33
078f5c91be08cf46,kotlinx/coroutines/internal/LimitedDispatcherKt,2,6,33.33
65830ee121b713f6,androidx/activity/result/contract/ActivityResultContracts$StartActivityForResult$Companion,2,2,100.0
2ad8f8d96f2c250d,openfoodfacts/github/scrachx/openfood/repositories/Taxonomy$Additives,2,3,66.67
03064aedfdf12538,androidx/core/view/AccessibilityDelegateCompat$AccessibilityDelegateAdapter,2,25,8.0
bc70087ea01fb657,com/fasterxml/jackson/databind/ser/std/NumberSerializers$IntLikeSerializer,2,3,66.67
f3505722758fef0e,androidx/appcompat/view/SupportMenuInflater,2,66,3.03
734e003b53f84d1c,androidx/work/Operation,2,2,100.0
2f146922b1fe070f,com/google/mlkit/vision/common/internal/zzf,2,5,40.0
12cb1df2b6223860,okhttp3/internal/tls/CertificateChainCleaner,2,3,66.67
ec98e41e44decf00,kotlinx/coroutines/android/HandlerDispatcher,2,4,50.0
6db9e13c833ec4cd,kotlin/sequences/SequencesKt___SequencesKt,2,1064,0.19
eddf2fd63f594d3f,kotlin/internal/PlatformImplementations,2,17,11.76
aafee021ba514b87,androidx/fragment/app/FragmentLayoutInflaterFactory,2,70,2.86
32eb1fbaa732af08,kotlin/collections/ArrayDeque$Companion,2,9,22.22
3e5bf96a57b06b18,okhttp3/CookieJar$1,2,3,66.67
f22bc4dfa3f7fed3,androidx/activity/ComponentActivity$ReportFullyDrawnExecutorApi16Impl,2,27,7.41
d918784fecf53181,androidx/core/view/ViewCompat$Api20Impl,2,4,50.0
82540565c543d484,com/google/android/gms/tasks/TaskExecutors,2,3,66.67
887c173b784a6508,io/sentry/android/core/AndroidDateUtils,2,3,66.67
94dfa7189f3f5c2d,com/google/android/gms/internal/mlkit_vision_barcode/zzas,2,16,12.5
1e0709dcd24848e6,com/fasterxml/jackson/module/kotlin/KotlinAnnotationIntrospector,2,147,1.36
df2ed2d021173028,androidx/appcompat/widget/AppCompatTextHelper$1,2,9,22.22
688106d467b76894,kotlinx/coroutines/ChildContinuation,2,3,66.67
fbc64ba68bff0ce8,com/google/mlkit/common/internal/zzc,2,5,40.0
bc548a6a293dfa46,androidx/work/impl/utils/futures/AbstractFuture$Waiter,2,9,22.22
a207b6547f1b86e1,kotlin/reflect/jvm/internal/pcollections/ConsPStack$Itr,2,6,33.33
a8ec410a2cf4d459,androidx/work/impl/constraints/trackers/BatteryNotLowTracker,2,28,7.14
759a97858de743c0,io/sentry/SentryExceptionFactory,2,45,4.44
d2566e33e26dc91e,openfoodfacts/github/scrachx/openfood/repositories/Taxonomy$Brands,2,3,66.67
345dae0f4447eb7c,openfoodfacts/github/scrachx/openfood/utils/PreferencesService$Companion,2,2,100.0
f03aa678eceb1205,openfoodfacts/github/scrachx/openfood/models/entities/ingredient/IngredientsRelationDao$Properties,2,3,66.67
23bb38b10053fc2a,androidx/viewpager/widget/ViewPager$4,2,18,11.11
61b06f5a191782b3,androidx/lifecycle/ViewTreeViewModelStoreOwner,2,6,33.33
1484c7ecebf28064,pl/aprilapps/easyphotopicker/EasyImageFiles,2,54,3.7
4c4b8408fc3fc9c7,kotlinx/coroutines/Job$Key,2,2,100.0
32754ac55b68132f,androidx/lifecycle/ViewModelProvider$AndroidViewModelFactory$Companion$ApplicationKeyImpl,2,2,100.0
2d9bff0c19e35d9f,androidx/work/impl/utils/futures/AbstractFuture$Listener,2,2,100.0
475d97953a651ff9,com/fasterxml/jackson/core/util/DefaultPrettyPrinter$NopIndenter,2,4,50.0
b5959da49986a51e,androidx/collection/LruCache,2,86,2.33
41fb1c36701f8447,kotlin/collections/EmptySet,2,28,7.14
a5fe7d01670c72b2,org/greenrobot/eventbus/BackgroundPoster,2,18,11.11
e2ccb4a3b56c9438,androidx/lifecycle/viewmodel/CreationExtras$Empty,2,3,66.67
4c7d16520c751921,androidx/appcompat/widget/AppCompatTextClassifierHelper,2,6,33.33
ee1ade7e5e0fffac,com/fasterxml/jackson/core/util/DefaultPrettyPrinter$FixedSpaceIndenter,2,4,50.0
475143d569e79f70,okhttp3/internal/http2/Http2Connection$Listener,2,3,66.67
782900939dae43a0,androidx/work/impl/utils/WorkProgressUpdater,2,4,50.0
e29a20d9f2f6d118,androidx/appcompat/app/AppLocalesMetadataHolderService,2,6,33.33
28a0cfb73295edf2,openfoodfacts/github/scrachx/openfood/repositories/Taxonomy$Countries,2,3,66.67
f6b70a7f28cb898d,org/greenrobot/eventbus/android/DefaultAndroidMainThreadSupport,2,5,40.0
cc89e4f7e8b5e976,kotlin/collections/ArraysKt___ArraysJvmKt,2,1151,0.17
a51187ad81c42dee,com/fasterxml/jackson/databind/deser/DeserializerFactory,2,2,100.0
dceedffa4e2cfe6d,kotlin/text/Regex$Companion,2,13,15.38
bae8dbe81ae694c2,com/fasterxml/jackson/databind/ser/std/NumberSerializers$FloatSerializer,2,3,66.67
7647ae2f5b1d84f1,com/google/firebase/components/Lazy,2,14,14.29
ac4a96a2ee120289,com/squareup/picasso/MediaStoreRequestHandler,2,65,3.08
cc9212b184619787,kotlin/random/AbstractPlatformRandom,2,10,20.0
bd05c982bc3ebfda,androidx/activity/result/contract/ActivityResultContracts$StartActivityForResult,2,6,33.33
3372ed50fdbcafb4,com/fasterxml/jackson/databind/cfg/ConfigOverride$Empty,2,2,100.0
75fff556061f5883,okhttp3/EventListener$2,2,2,100.0
08a461cb045c0506,io/sentry/SentryNanotimeDate,2,21,9.52
25c56ef014ce2eda,androidx/activity/result/contract/ActivityResultContracts$RequestMultiplePermissions$Companion,2,4,50.0
22050ca58ae0a30e,kotlin/coroutines/jvm/internal/CompletedContinuation,2,7,28.57
4924b8274e80cf7e,androidx/work/InputMergerFactory$1,2,2,100.0
80fb813b284a88b4,androidx/core/view/LayoutInflaterCompat,2,32,6.25
43d7840578f0a54d,androidx/work/impl/model/Preference,2,17,11.76
67e5ef59d05e1ba0,kotlin/Result$Companion,2,5,40.0
22b7d5b7642ff1da,androidx/work/impl/constraints/controllers/NetworkNotRoamingController,2,16,12.5
9359a3ff68c17405,openfoodfacts/github/scrachx/openfood/repositories/TaxonomiesManager$Companion,2,2,100.0
58b29ef88c993b87,kotlin/Result$Failure,2,9,22.22
8f27ab0289c94da2,openfoodfacts/github/scrachx/openfood/features/welcome/Hilt_WelcomeActivity$1,2,2,100.0
03dbe701a6d41ae9,openfoodfacts/github/scrachx/openfood/app/OFFApplication_MembersInjector,2,7,28.57
1e44ddc54e721f8b,kotlin/ranges/IntRange$Companion,2,3,66.67
9ae1a5ca5f9d9556,openfoodfacts/github/scrachx/openfood/utils/GenericFileProvider$Companion,2,2,100.0
387e8b9d19448fe1,com/google/mlkit/common/internal/zzd,2,4,50.0
6d188ed007eb444a,kotlinx/coroutines/ChildHandleNode,2,5,40.0
eae0903f58242138,retrofit2/OkHttpCall$ExceptionCatchingResponseBody$1,2,3,66.67
9ea5458d7403fdc4,kotlin/reflect/jvm/internal/impl/builtins/PrimitiveType$Companion,2,2,100.0
3cd7a93c6dfd10db,com/fasterxml/jackson/databind/type/TypeBindings$AsKey,2,15,13.33
7cba19abc55d1d0c,androidx/constraintlayout/core/widgets/analyzer/BasicMeasure$Measure,2,2,100.0
50ec0074913077e5,io/sentry/SentryNanotimeDateProvider,2,2,100.0
48fe261e16b1f764,androidx/work/impl/constraints/trackers/StorageNotLowTracker,2,29,6.9
9b5c89f095abd8a4,com/fasterxml/jackson/databind/type/ResolvedRecursiveType,2,35,5.71
5ecf437367bd32ba,dagger/hilt/android/internal/modules/ApplicationContextModule,2,3,66.67
1f9a69cb99480147,com/fasterxml/jackson/databind/introspect/AnnotationCollector$NoAnnotations,2,5,40.0
3e52f7c489c9e523,com/google/android/gms/tasks/zzu,2,4,50.0
b7caa9e2e4bc848c,androidx/work/impl/model/WorkSpecDao_Impl$8,2,2,100.0
762333d4980d0bb3,androidx/lifecycle/ViewModelProvider$NewInstanceFactory$Companion$ViewModelKeyImpl,2,2,100.0
5e4ad6d32ce10624,kotlinx/coroutines/scheduling/CoroutineScheduler$Companion,2,2,100.0
0347239d1189e1a4,androidx/lifecycle/ViewModelProvider$NewInstanceFactory$Companion,2,7,28.57
585b32dfee44158e,androidx/activity/result/ActivityResultRegistry$3,2,9,22.22
ead8a2104a508063,androidx/lifecycle/ViewModelProvider$Factory$Companion,2,4,50.0
831e54bb3d34f5a7,androidx/lifecycle/ViewModelProvider$NewInstanceFactory,2,15,13.33
41614974d03334cc,com/fasterxml/jackson/module/kotlin/KotlinSerializers,2,10,20.0
073e7ecb14a19393,retrofit2/OptionalConverterFactory,2,6,33.33
35a500c9ed468475,io/sentry/clientreport/ClientReportRecorder,2,60,3.33
9b5dfd708e89f854,com/google/mlkit/common/internal/zzg,2,4,50.0
29abe6788d42ddc6,kotlinx/coroutines/CoroutineDispatcher$Key$1,2,6,33.33
669a7cdfc8d1fd41,openfoodfacts/github/scrachx/openfood/app/DaggerOFFApplication_HiltComponents_SingletonC$ViewModelCImpl$SwitchingProvider,2,22,9.09
9934a893f03327bf,androidx/room/util/CursorUtil,2,20,10.0
e219bffdb8e451a5,openfoodfacts/github/scrachx/openfood/repositories/Taxonomy$Tags,2,3,66.67
718e2d7a27eadbc8,kotlinx/coroutines/internal/ThreadContextKt$findOne$1,2,7,28.57
6171f0a597f9e0d4,io/sentry/EnvelopeReader,2,54,3.7
49c86ea51d4739d4,com/fasterxml/jackson/databind/util/RootNameLookup,2,15,13.33
49c5684db9584999,kotlinx/coroutines/ExecutorCoroutineDispatcher,2,2,100.0
277e29dca6fbb9ae,com/fasterxml/jackson/databind/node/BaseJsonNode,2,16,12.5
b49bc940c3c6d36b,io/sentry/android/core/EmptySecureContentProvider,2,6,33.33
1e102ae97b62c083,com/fasterxml/jackson/databind/introspect/NopAnnotationIntrospector,2,3,66.67
b1acb55caa108cf8,openfoodfacts/github/scrachx/openfood/models/entities/states/StatesDao$Properties,2,3,66.67
8c0bffc62ceaaa3e,androidx/savedstate/SavedStateRegistry$Companion,2,2,100.0
6e89b74c31a1c3a3,kotlin/coroutines/jvm/internal/SuspendLambda,2,7,28.57
841c39cc762ac599,openfoodfacts/github/scrachx/openfood/repositories/Taxonomy$InvalidBarcodes,2,3,66.67
75f31c4528f8a877,androidx/work/Operation$State$IN_PROGRESS,2,3,66.67
9e518fa7996bcdc3,androidx/work/impl/model/DependencyDao_Impl,2,70,2.86
bd921add68e8b745,androidx/work/impl/utils/taskexecutor/WorkManagerTaskExecutor$1,2,2,100.0
5917936eec6ba789,openfoodfacts/github/scrachx/openfood/utils/GenericFileProvider,2,2,100.0
bbfaa1c79d9040b3,kotlin/ranges/IntProgression$Companion,2,3,66.67
095ffee5e9dc1e6c,dagger/internal/DaggerCollections,2,14,14.29
b9e0958022083d57,com/fasterxml/jackson/databind/jsontype/impl/LaissezFaireSubTypeValidator,2,5,40.0
5085043354a39420,androidx/work/impl/constraints/controllers/NetworkMeteredController,2,16,12.5
f44b7216100717bd,com/google/android/gms/internal/mlkit_vision_common/zzh,2,16,12.5
43383ec7637c2d3f,androidx/room/InvalidationTracker$Observer,2,5,40.0
bf804bbbca776a3d,androidx/lifecycle/AbstractSavedStateViewModelFactory$Companion,2,2,100.0
4b4fbd72b092c7a3,org/matomo/sdk/dispatcher/PacketFactory,2,30,6.67
19c6f689495f29d5,com/google/firebase/components/Component$$Lambda$2,2,3,66.67
ed3e3c004d0ef2f2,kotlinx/coroutines/internal/AtomicKt,2,4,50.0
6232355c11892027,openfoodfacts/github/scrachx/openfood/repositories/Taxonomy$Stores,2,3,66.67
6120c23f1960e8a1,androidx/fragment/app/FragmentLifecycleCallbacksDispatcher,2,182,1.1
cd9f2886df2a180c,kotlin/reflect/jvm/internal/KPropertyImpl$Companion,2,3,66.67
4a646d8a8be55c83,com/google/android/gms/internal/mlkit_common/zzal,2,4,50.0
8ca14bcf2325e43f,org/greenrobot/eventbus/meta/AbstractSubscriberInfo,2,16,12.5
59c400652f62bc83,androidx/work/impl/model/WorkSpecDao_Impl$7,2,2,100.0
dee005a01b9a13a0,org/greenrobot/eventbus/SubscriberMethodFinder,2,94,2.13
3092dfda4fbaaa92,androidx/fragment/app/FragmentManagerViewModel$1,2,2,100.0
f025e2ba408d9c79,com/fasterxml/jackson/module/kotlin/KotlinModule$Companion,2,2,100.0
b586fd99c256ca17,com/google/mlkit/common/internal/zze,2,3,66.67
72a4017102b368ed,openfoodfacts/github/scrachx/openfood/analytics/SentryAnalytics$Companion,2,2,100.0
36b47a0dc4047891,androidx/work/impl/utils/futures/DirectExecutor,2,6,33.33
d63624903a88778f,kotlinx/coroutines/Unconfined,2,7,28.57
68023ead4812c733,openfoodfacts/github/scrachx/openfood/app/OFFApplication$Companion,2,2,100.0
959475039d1b51df,androidx/work/impl/model/WorkProgressDao_Impl$3,2,2,100.0
4d4334450d472934,openfoodfacts/github/scrachx/openfood/repositories/Taxonomy$AnalysisTags,2,3,66.67
a1b98015c795212c,com/google/mlkit/common/internal/zzh,2,4,50.0
df4b839bc5ad4ec1,retrofit2/Platform$Android$MainThreadExecutor,2,3,66.67
8aefd9df1b486217,com/fasterxml/jackson/databind/cfg/ConfigOverride,2,11,18.18
50e6c7caf6070838,openfoodfacts/github/scrachx/openfood/features/splash/Hilt_SplashActivity$1,2,2,100.0
a4cff584fdbe6e85,io/sentry/android/core/internal/util/ContentProviderSecurityChecker,2,12,16.67
8b76882214b6d0e5,androidx/work/impl/model/WorkSpecDao_Impl$5,2,2,100.0
2a0f298ea124bcb1,com/fasterxml/jackson/module/kotlin/KotlinNamesAnnotationIntrospector,2,95,2.11
b4858cc6d32d5431,kotlinx/coroutines/internal/ThreadContextKt$updateState$1,2,7,28.57
74d74f80b250af86,kotlinx/coroutines/ExecutorCoroutineDispatcher$Key$1,2,6,33.33
dad7e2735651fa1c,androidx/savedstate/ViewTreeSavedStateRegistryOwner,2,6,33.33
522e543d2d203e0c,com/fasterxml/jackson/core/PrettyPrinter,2,2,100.0
f110043fb8f28e54,androidx/core/view/ViewCompat$Api19Impl,2,8,25.0
cdd66018ad961929,com/fasterxml/jackson/databind/introspect/DefaultAccessorNamingStrategy,2,88,2.27
f682795855c91d44,com/google/mlkit/vision/barcode/internal/zzd,2,5,40.0
91391340f6fd5f9a,kotlin/SafePublicationLazyImpl$Companion,2,2,100.0
fc9438f5967c8b24,com/fasterxml/jackson/databind/type/TypeParser,1,39,2.56
f80c4c45d30f8227,androidx/viewpager/widget/ViewPager$ItemInfo,1,1,100.0
a6954edd3767f24d,androidx/work/impl/Processor$FutureListener,1,4,25.0
f0af992f8c2cb346,androidx/viewpager/widget/ViewPager$2,1,2,50.0
1ae1009174306f74,kotlin/reflect/jvm/internal/KClassImpl$Data$inheritedStaticMembers$2,1,3,33.33
7cdd4bfbf639662a,kotlin/jvm/internal/ReflectionFactory,1,30,3.33
ee04e7201efb305b,openfoodfacts/github/scrachx/openfood/features/splash/SplashViewModel_HiltModules$KeyModule,1,2,50.0
5a60de2ff5b3df85,openfoodfacts/github/scrachx/openfood/features/compare/ProductCompareViewModel_HiltModules_KeyModule_ProvideFactory,1,5,20.0
e903755bc06f5306,io/sentry/protocol/SdkVersion$Deserializer,1,41,2.44
d30a76abdf8afa9e,androidx/viewpager/widget/ViewPager$ViewPositionComparator,1,7,14.29
6f516ef6be7e937b,androidx/appcompat/app/AppLocalesStorageHelper$ThreadPerTaskExecutor,1,2,50.0
1b63877100c156f5,com/squareup/picasso/Utils$PicassoThreadFactory,1,2,50.0
c74f29daa90afcb4,io/sentry/profilemeasurements/ProfileMeasurementValue$Deserializer,1,24,4.17
425dc13d626bc965,kotlinx/coroutines/EventLoopImplBase$DelayedTaskQueue,1,1,100.0
7168af9a1108dbd4,openfoodfacts/github/scrachx/openfood/features/product/view/ingredients_analysis/IngredientsAnalysisViewModel_HiltModules$KeyModule,1,2,50.0
e5991b33225b0108,kotlinx/coroutines/CancelHandlerBase,1,1,100.0
a9b7e052b4a3e1cc,kotlinx/coroutines/CompletionHandlerBase,1,1,100.0
fb4662f910d345ad,io/sentry/Breadcrumb$Deserializer,1,46,2.17
7fbe7cfbdf6107d5,androidx/appcompat/app/AppCompatDelegateImpl$PanelMenuPresenterCallback,1,20,5.0
5151cb6031053f7c,io/sentry/protocol/MeasurementValue$Deserializer,1,22,4.55
5963d32ff5bfa924,com/google/android/gms/tasks/zzt,1,3,33.33
895ecfe56502f946,kotlin/collections/IntIterator,1,4,25.0
40672c4bcb1239ac,io/sentry/protocol/ViewHierarchy$Deserializer,1,21,4.76
207c78ad4ac722cb,okhttp3/internal/http2/PushObserver$1,1,5,20.0
61421aa3bb275fc8,openfoodfacts/github/scrachx/openfood/features/product/view/contributors/ContributorsViewModel_HiltModules_KeyModule_ProvideFactory,1,5,20.0
39bf8f4bab6f8c91,io/sentry/protocol/Device$DeviceOrientation$Deserializer,1,3,33.33
76b9def9d00a3b7f,io/sentry/UserFeedback$Deserializer,1,29,3.45
2cac496896762179,androidx/work/impl/model/WorkProgressDao_Impl$2,1,2,50.0
e6d1861a5adf7872,openfoodfacts/github/scrachx/openfood/features/product/view/photos/ProductPhotosViewModel_HiltModules_KeyModule_ProvideFactory,1,5,20.0
92ef343076d4f282,openfoodfacts/github/scrachx/openfood/features/simplescan/SimpleScanViewModel_HiltModules_KeyModule_ProvideFactory,1,5,20.0
263c837cc1905992,com/fasterxml/jackson/databind/BeanDescription,1,10,10.0
a953f98093046880,org/greenrobot/eventbus/EventBus$1,1,3,33.33
611142c55a2705b6,openfoodfacts/github/scrachx/openfood/features/product/view/ingredients/ProductIngredientsViewModel_HiltModules$KeyModule,1,2,50.0
a94eb161ad8d6eb1,kotlin/jvm/internal/FunctionReferenceImpl,1,6,16.67
594bc3c520ec7b8b,androidx/fragment/app/FragmentManagerImpl,1,1,100.0
7cd83538eee62508,com/fasterxml/jackson/databind/introspect/NopAnnotationIntrospector$1,1,2,50.0
eb1d5689a81b2a80,com/google/android/gms/internal/mlkit_vision_common/zzr,1,5,20.0
1f3437cea0359fa8,dagger/hilt/android/internal/modules/ApplicationContextModule_ProvideContextFactory,1,5,20.0
6a58b7e732a16273,openfoodfacts/github/scrachx/openfood/features/productlist/ProductListViewModel_HiltModules$KeyModule,1,2,50.0
98b40ee1f17fea3f,com/fasterxml/jackson/databind/node/ValueNode,1,27,3.7
6a97f4c3950d5003,androidx/room/RoomOpenHelper$Delegate,1,6,16.67
ea05cc810b402d33,org/greenrobot/eventbus/meta/SimpleSubscriberInfo,1,5,20.0
be8bfd9d78200c6d,kotlin/reflect/jvm/internal/impl/name/FqNameUnsafe$1,1,3,33.33
5a97dffd1f483268,io/sentry/SentryItemType$Deserializer,1,3,33.33
28c90fd7d7eff16b,io/sentry/protocol/SentryThread$Deserializer,1,43,2.33
34d4263fa6728afd,androidx/core/util/ObjectsCompat$Api19Impl,1,3,33.33
555c85fe8a4798bb,com/fasterxml/jackson/databind/ser/SerializerFactory,1,2,50.0
44ba2542cac636e0,kotlin/reflect/jvm/internal/ReflectProperties$Val$1,1,1,100.0
0304387ae9a23a2e,androidx/core/content/ContextCompat$Api23Impl,1,4,25.0
56c9d1ea531964da,openfoodfacts/github/scrachx/openfood/features/product/view/environment/EnvironmentProductViewModel_HiltModules_KeyModule_ProvideFactory,1,5,20.0
bc2753ae5c5a16ef,androidx/work/impl/constraints/controllers/NetworkConnectedController,1,14,7.14
93ffdd5fb016bc8b,com/fasterxml/jackson/module/kotlin/PackageVersion,1,3,33.33
58f6ddb1d42a619f,io/sentry/profilemeasurements/ProfileMeasurement$Deserializer,1,25,4.0
ae9aecff6344fcc3,androidx/lifecycle/LifecycleCoroutineScope,1,7,14.29
097ba682197a39a0,io/sentry/protocol/OperatingSystem$Deserializer,1,32,3.12
6eaf74f3c1add4dd,openfoodfacts/github/scrachx/openfood/features/productlist/ProductListViewModel_HiltModules_KeyModule_ProvideFactory,1,5,20.0
c793d88de469aa14,com/fasterxml/jackson/databind/ser/Serializers$Base,1,8,12.5
027252fe7d4e63ac,androidx/work/impl/WorkDatabaseMigrations$2,1,5,20.0
3b00a8f82e72651b,androidx/work/impl/constraints/trackers/BroadcastReceiverConstraintTracker$1,1,5,20.0
6798866b16ce1192,com/google/android/gms/internal/mlkit_common/zzaq,1,3,33.33
dfbc7b5d01b6592e,openfoodfacts/github/scrachx/openfood/app/OFFApplication_HiltComponents$ActivityRetainedC,1,1,100.0
4d86ed12cc9f6756,openfoodfacts/github/scrachx/openfood/features/scanhistory/ScanHistoryViewModel_HiltModules_KeyModule_ProvideFactory,1,5,20.0
77ea646e15bca8d3,openfoodfacts/github/scrachx/openfood/hilt/NetworkModule_ProvideHttpClientFactory,1,5,20.0
58d81054c5fd7081,io/sentry/SpanStatus$Deserializer,1,3,33.33
8759b11ac86e8774,com/fasterxml/jackson/databind/ser/std/StringSerializer,1,7,14.29
f8614e6fed2525d4,okhttp3/internal/cache/DiskLruCache$1,1,16,6.25
33ebe3b1125bf6d9,openfoodfacts/github/scrachx/openfood/features/scanhistory/ScanHistoryViewModel_HiltModules$KeyModule,1,2,50.0
bcfadd4a47d8d174,com/fasterxml/jackson/core/ObjectCodec,1,3,33.33
75ac8416fdb08047,com/squareup/picasso/NetworkRequestHandler,1,48,2.08
34d2bf94153906e6,kotlin/coroutines/jvm/internal/Boxing,1,8,12.5
7d42a727a12f3754,androidx/appcompat/widget/ResourceManagerInternal$ColorFilterLruCache,1,5,20.0
eeb403e3105a4c39,com/fasterxml/jackson/core/TokenStreamFactory,1,13,7.69
d59de31a0de57fc0,io/sentry/protocol/ViewHierarchyNode$Deserializer,1,48,2.08
bb37403ef47254d8,androidx/sqlite/db/framework/FrameworkSQLiteOpenHelper$OpenHelper$1,1,2,50.0
7f20ea6b3c66d13c,androidx/activity/result/contract/ActivityResultContracts$RequestPermission,1,26,3.85
7fc52ae8ea4addd1,androidx/work/CoroutineWorker$1,1,5,20.0
394e2d9777faa00a,kotlin/coroutines/intrinsics/IntrinsicsKt__IntrinsicsKt,1,4,25.0
11688a31f7b5b076,io/sentry/protocol/SentryTransaction$Deserializer,1,64,1.56
5df9a3d0218595eb,com/squareup/picasso/Picasso$RequestTransformer$1,1,2,50.0
ff75c9b73876b391,openfoodfacts/github/scrachx/openfood/features/compare/ProductCompareViewModel_HiltModules$KeyModule,1,2,50.0
1d6b9f9d07a35b45,androidx/appcompat/view/ContextThemeWrapper$Api17Impl,1,2,50.0
de0d69fd12a85a4e,androidx/core/os/LocaleListPlatformWrapper,1,11,9.09
8899d3e5c64b888f,org/greenrobot/greendao/internal/LongHashMap$Entry,1,1,100.0
d9d6d2daad2cf1fc,io/sentry/protocol/SentryException$Deserializer,1,34,2.94
c7a56ed8d8f3f27d,openfoodfacts/github/scrachx/openfood/features/MainActivityViewModel_HiltModules$KeyModule,1,2,50.0
bf93c4ad2c718927,io/sentry/protocol/Gpu$Deserializer,1,41,2.44
14c7f7969788bebb,com/fasterxml/jackson/databind/DatabindContext,1,108,0.93
3e14326481582a3a,org/matomo/sdk/tools/BuildInfo,1,4,25.0
33b1cf0e2b88af99,com/fasterxml/jackson/databind/ser/impl/FailingSerializer,1,2,50.0
0aab39d7276ed0d6,okhttp3/logging/HttpLoggingInterceptor$Logger,1,1,100.0
79a6e2257f42909d,androidx/hilt/work/WorkerFactoryModule_ProvideFactoryFactory,1,5,20.0
2aca9fe8ec04a268,androidx/lifecycle/ViewModelProvider$OnRequeryFactory,1,2,50.0
3deedead4a91f9f3,kotlin/reflect/jvm/internal/KClassImpl$Data$allStaticMembers$2,1,3,33.33
3fca625a7e23ffaf,io/sentry/protocol/SentryPackage$Deserializer,1,26,3.85
f067e6e1fb4e5571,androidx/appcompat/R$styleable,1,2,50.0
c01f560f5285dda9,io/sentry/protocol/SentryRuntime$Deserializer,1,23,4.35
3de9c1aa18ec56c4,androidx/fragment/app/FragmentManager$8,1,10,10.0
ff1fea838e79c03d,kotlin/reflect/jvm/internal/KCallableImpl$_annotations$1,1,3,33.33
02d2ab90315b4421,io/sentry/SentryEnvelopeHeader$Deserializer,1,23,4.35
dd1b77c3a87ba220,com/fasterxml/jackson/databind/jsontype/PolymorphicTypeValidator$Base,1,4,25.0
3914d317abd8569b,androidx/emoji2/viewsintegration/EmojiInputFilter,1,34,2.94
3c588615e99140a3,com/fasterxml/jackson/databind/JsonSerializer,1,20,5.0
eb679ef4837211bd,androidx/fragment/app/FragmentManager$1,1,2,50.0
fcbbd92fbbd7a60b,kotlinx/coroutines/CancelHandler,1,1,100.0
0a939cf9696c8862,okhttp3/Authenticator$1,1,2,50.0
4d5b5daa2e29dd5e,androidx/lifecycle/SavedStateHandleSupport$DEFAULT_ARGS_KEY$1,1,1,100.0
448823fc1d8e1113,okio/Timeout$1,1,4,25.0
b1f59a8d493838d8,androidx/core/view/ViewCompat$Api15Impl,1,2,50.0
e29c906b36b0d264,openfoodfacts/github/scrachx/openfood/jobs/LoadTaxonomiesWorker$reloadAll$1,1,2,50.0
ad4247f809673936,io/sentry/protocol/SdkInfo$Deserializer,1,26,3.85
1a9b79855a7e4098,kotlinx/coroutines/CoroutineStart$WhenMappings,1,1,100.0
451c29f0a4413f69,openfoodfacts/github/scrachx/openfood/features/allergensalert/AllergensAlertViewModel_HiltModules$KeyModule,1,2,50.0
731cbe523e907c1d,com/fasterxml/jackson/databind/introspect/AnnotatedClass$Creators,1,1,100.0
8d54e767998d24c5,com/fasterxml/jackson/databind/JsonSerializable$Base,1,2,50.0
7c4828ca311f926e,androidx/work/impl/model/SystemIdInfoDao_Impl$2,1,2,50.0
0377fc2f9d35ea67,io/sentry/protocol/Contexts$Deserializer,1,38,2.63
9ac2ef9d800a5564,androidx/activity/ComponentActivity$Api19Impl,1,2,50.0
21f177d4bbdde743,androidx/fragment/app/FragmentContainer,1,2,50.0
734a31338126b2d3,androidx/work/impl/WorkDatabaseMigrations$5,1,2,50.0
24411a21687e27e1,androidx/work/impl/WorkDatabaseMigrations$6,1,2,50.0
2d6d55b5bc0d9bcb,io/sentry/protocol/Mechanism$Deserializer,1,41,2.44
cfccb1394ede3cc7,okhttp3/Dns,1,1,100.0
8b2f016209e4e9db,androidx/work/impl/utils/futures/AbstractFuture$SetFuture,1,7,14.29
4c3e8ba632cfced4,io/sentry/vendor/gson/internal/bind/util/ISO8601Utils,1,161,0.62
61584f57c14922da,kotlinx/coroutines/internal/Removed,1,2,50.0
1c7c8b4a652d3dff,org/greenrobot/greendao/Property,1,20,5.0
83e2320f61b32407,androidx/core/content/ContextCompat$Api21Impl,1,4,25.0
311f4c4370536f4d,androidx/work/impl/WorkerWrapper$2,1,15,6.67
9626d8acc8a93c8f,okhttp3/CookieJar,1,1,100.0
1c0aef39e074ce95,openfoodfacts/github/scrachx/openfood/jobs/LoadTaxonomiesWorker$doWork$1,1,2,50.0
9abadc14cdf099b5,kotlin/TuplesKt,1,5,20.0
270fffab5dfcc7bd,androidx/core/view/WindowInsetsControllerCompat$Impl23,1,10,10.0
6af65c8ddef29e71,androidx/work/impl/constraints/controllers/NetworkUnmeteredController,1,15,6.67
cb9967bbfd969e73,io/sentry/SpanContext$Deserializer,1,49,2.04
ac90bc08b7b796eb,com/fasterxml/jackson/databind/introspect/AccessorNamingStrategy$Provider,1,1,100.0
c7009cce43d255b2,io/sentry/protocol/Message$Deserializer,1,25,4.0
54e1038257eae8b7,org/greenrobot/eventbus/android/AndroidLogger,1,14,7.14
9fe2b0be7c0d0a26,openfoodfacts/github/scrachx/openfood/features/categories/fragment/CategoryFragmentViewModel_HiltModules$KeyModule,1,2,50.0
1a7af8e9bcca7c53,kotlinx/coroutines/internal/OpDescriptor,1,9,11.11
9f14f07523b70a89,kotlin/reflect/jvm/internal/KClassImpl$Data$typeParameters$2,1,8,12.5
b39850f5d0705fe3,androidx/work/impl/WorkDatabaseMigrations$WorkMigration9To10,1,4,25.0
7dba57233da8b739,kotlin/reflect/jvm/internal/KCallableImpl$_typeParameters$1,1,8,12.5
7beca235539363cd,openfoodfacts/github/scrachx/openfood/utils/OFFDatabaseHelper$settings$2,1,3,33.33
768e160ad6bc378d,openfoodfacts/github/scrachx/openfood/features/login/LoginActivityViewModel_HiltModules$KeyModule,1,2,50.0
77b7afc4db197bcc,androidx/appcompat/app/AppCompatActivity$1,1,3,33.33
8edbc12710370ce1,androidx/hilt/work/WorkerFactoryModule,1,2,50.0
454cf556bce68c93,kotlinx/coroutines/internal/Symbol,1,5,20.0
8ea0490775252bc0,retrofit2/OkHttpCall$NoContentResponseBody,1,4,25.0
eb4d6f5fa230bd6a,kotlin/reflect/jvm/internal/KClassImpl$Data$constructors$2,1,8,12.5
d03ba407d99d3639,kotlin/reflect/jvm/internal/KCallableImpl$_parameters$1,1,22,4.55
bf7ed8600655af69,io/sentry/protocol/App$Deserializer,1,44,2.27
34a980b7c8aeedc6,androidx/room/DatabaseConfiguration,1,17,5.88
53a71f3b334ed59e,kotlinx/coroutines/JobCancellingNode,1,1,100.0
d4768e667054a27b,io/sentry/protocol/DebugImage$Deserializer,1,41,2.44
7388c05c96e281a5,kotlin/reflect/jvm/internal/KClassImpl$Data$qualifiedName$2,1,7,14.29
a9e2b828f9ce4d93,io/sentry/ProfilingTraceData$Deserializer,1,141,0.71
6513abbc4d29de57,com/fasterxml/jackson/databind/jsontype/impl/StdSubtypeResolver,1,169,0.59
e4c5e85ec56a6654,androidx/fragment/app/FragmentManager$FragmentIntentSenderContract,1,22,4.55
14980ba6e39d4754,androidx/viewpager/widget/ViewPager$1,1,3,33.33
691d2096417c7570,openfoodfacts/github/scrachx/openfood/BuildConfig,1,2,50.0
3f2bbd40cdb0293b,com/fasterxml/jackson/databind/cfg/MutableCoercionConfig,1,5,20.0
085b83b14440e0fa,com/squareup/picasso/Stats$StatsHandler,1,8,12.5
39138bd00672cfb7,openfoodfacts/github/scrachx/openfood/features/product/edit/overview/EditOverviewViewModel_HiltModules$KeyModule,1,2,50.0
facc9603b55589c9,openfoodfacts/github/scrachx/openfood/models/DaoMaster$OpenHelper,1,4,25.0
13adbd24565215b1,openfoodfacts/github/scrachx/openfood/features/categories/fragment/CategoryFragmentViewModel_HiltModules_KeyModule_ProvideFactory,1,5,20.0
f3bb30a379f808b6,kotlin/reflect/jvm/internal/KPropertyImpl$_javaField$1,1,26,3.85
3b7d5ef636e37f46,kotlin/reflect/jvm/internal/KClassImpl$Data$declaredNonStaticMembers$2,1,3,33.33
344cd8a81baf2260,pl/aprilapps/easyphotopicker/EasyImage,1,195,0.51
4c24944bd18aeb30,kotlin/reflect/jvm/internal/KProperty1Impl$_getter$1,1,3,33.33
a4ab1d43a6b6d7d2,com/google/android/gms/internal/mlkit_vision_barcode/zzaq,1,41,2.44
4bf22c500bfebf64,kotlin/reflect/jvm/internal/KClassImpl$Data$declaredMembers$2,1,3,33.33
216bb615b605f455,io/sentry/protocol/Request$Deserializer,1,51,1.96
6a8321ec1cadcfb2,androidx/emoji2/viewsintegration/EmojiTextViewHelper$HelperInternal,1,7,14.29
62414669c6b85130,com/google/android/gms/common/internal/Preconditions,1,64,1.56
3e8e2cc932d40957,openfoodfacts/github/scrachx/openfood/features/product/view/photos/ProductPhotosViewModel_HiltModules$KeyModule,1,2,50.0
b6a1ac9ff33cdbd7,io/sentry/ProfilingTransactionData$Deserializer,1,49,2.04
497ca26a9b6d5c88,kotlin/collections/ArraysUtilJVM,1,2,50.0
dfd043cb24e04917,androidx/work/impl/constraints/trackers/NetworkStateTracker$NetworkStateCallback,1,7,14.29
817d6019b2d383e6,androidx/viewpager/widget/ViewPager$PagerObserver,1,3,33.33
cef6d73086de79a5,okhttp3/RealCall$1,1,2,50.0
7503a2a6f2b772c8,kotlin/reflect/jvm/internal/KProperty1Impl$delegateField$1,1,3,33.33
cead0785142034c5,androidx/fragment/app/FragmentManager$4,1,2,50.0
347ae73ac2ee885a,okhttp3/RequestBody$2,1,4,25.0
673fe7c4fc0db696,openfoodfacts/github/scrachx/openfood/hilt/AppModule_ProvidePicassoFactory,1,5,20.0
bab9cd4a2d49dfd4,kotlin/reflect/jvm/internal/KClassImpl$Data$objectInstance$2,1,11,9.09
3920434932a1d2c8,com/fasterxml/jackson/databind/ser/impl/UnknownSerializer,1,20,5.0
554152d731475f22,com/google/firebase/components/AbstractComponentContainer,1,4,25.0
33ff57c4c6644e69,androidx/core/view/WindowInsetsControllerCompat$Impl,1,12,8.33
87aebed057bdbc80,kotlin/reflect/jvm/internal/impl/builtins/PrimitiveType$typeFqName$2,1,3,33.33
d08ff6a9ff90057f,openfoodfacts/github/scrachx/openfood/hilt/NetworkModule_ProvideMainRetrofitFactory,1,5,20.0
c1db240cb00d5948,kotlinx/coroutines/BlockingEventLoop,1,2,50.0
eaf425c9014b09ce,kotlin/collections/AbstractList,1,30,3.33
f68dd1d3e4f3181e,openfoodfacts/github/scrachx/openfood/features/product/edit/nutrition/ProductEditNutritionViewModel_HiltModules_KeyModule_ProvideFactory,1,5,20.0
4d0534d5739f3104,kotlinx/coroutines/StandaloneCoroutine,1,2,50.0
9aa012b3012d4d62,io/sentry/protocol/SentrySpan$Deserializer,1,70,1.43
f1a2248dfa97df26,openfoodfacts/github/scrachx/openfood/hilt/AppModule_ProvideDaoSessionFactory,1,5,20.0
d86405b442de69a8,androidx/work/impl/model/WorkProgressDao_Impl$1,1,10,10.0
7970348d88457045,androidx/lifecycle/CoroutineLiveData$1,1,3,33.33
aab7bed77d549ad0,androidx/work/impl/WorkDatabaseMigrations$7,1,2,50.0
4c52a690da3b8344,androidx/work/impl/model/WorkSpecDao_Impl$2,1,2,50.0
d8c6c202adaeecd1,kotlinx/coroutines/DisposeOnCancel,1,4,25.0
e6436378f3acaeb4,androidx/work/impl/constraints/controllers/BatteryChargingController,1,6,16.67
cb2db4893251e601,androidx/viewpager/widget/ViewPager$3,1,3,33.33
b4d6098fe505d1ff,kotlin/jvm/internal/Lambda,1,3,33.33
c558d877cdbf83e0,openfoodfacts/github/scrachx/openfood/app/OFFApplication_HiltComponents$SingletonC,1,1,100.0
33ca88b160c70b19,kotlin/jvm/internal/PropertyReference1,1,8,12.5
c736f0943e3cf674,openfoodfacts/github/scrachx/openfood/features/product/view/ingredients/ProductIngredientsViewModel_HiltModules_KeyModule_ProvideFactory,1,5,20.0
99f5ee8d09dd5051,okhttp3/Authenticator,1,1,100.0
4132d659bcb05cf8,openfoodfacts/github/scrachx/openfood/features/MainActivityViewModel_HiltModules_KeyModule_ProvideFactory,1,5,20.0
306405e48d990225,okhttp3/internal/Version,1,2,50.0
86cf9e1c23f07849,androidx/arch/core/internal/SafeIterableMap$SupportRemove,1,1,100.0
1e7accd447f6ba65,okhttp3/internal/http2/PushObserver,1,1,100.0
6432078f520cbf40,openfoodfacts/github/scrachx/openfood/features/splash/SplashViewModel_HiltModules_KeyModule_ProvideFactory,1,5,20.0
15cd5a1ee411c7b3,com/google/android/gms/internal/mlkit_common/zzar,1,5,20.0
375a7bd6bff45031,io/sentry/Session$Deserializer,1,83,1.2
5f8ca9b11ac069cd,okhttp3/internal/connection/StreamAllocation$StreamAllocationReference,1,1,100.0
b997f7143d6a8ae7,io/sentry/protocol/SentryStackTrace$Deserializer,1,26,3.85
d3c2933f787ef890,com/squareup/picasso/RequestHandler,1,33,3.03
08a8a7d730d5ec67,openfoodfacts/github/scrachx/openfood/app/DaggerOFFApplication_HiltComponents_SingletonC,1,2,50.0
45f8c0a7bd03bf53,androidx/appcompat/widget/AppCompatTextViewAutoSizeHelper$Api16Impl,1,6,16.67
a7f29bfcd479d16f,kotlin/reflect/jvm/internal/KCallableImpl$_returnType$1,1,3,33.33
11a59483da093795,androidx/appcompat/app/AppLocalesMetadataHolderService$Api24Impl,1,2,50.0
d408d93cf2d695c6,com/squareup/picasso/ContentStreamRequestHandler,1,6,16.67
fd41b89e986af08c,androidx/activity/result/ActivityResultLauncher,1,2,50.0
ac3446c282ab07da,com/fasterxml/jackson/databind/introspect/ClassIntrospector,1,1,100.0
e5210b3ffef0957c,openfoodfacts/github/scrachx/openfood/features/product/view/ingredients_analysis/IngredientsAnalysisViewModel_HiltModules_KeyModule_ProvideFactory,1,5,20.0
234ddfe298611262,okhttp3/internal/platform/AndroidPlatform$AndroidCertificateChainCleaner,1,10,10.0
2fddde7651f9c558,openfoodfacts/github/scrachx/openfood/models/InvalidBarcodeDao$Properties,1,2,50.0
d8a44cb110ce9f53,androidx/work/impl/model/WorkSpecDao_Impl$3,1,2,50.0
67ba8667f39e7c8b,com/fasterxml/jackson/databind/ser/std/ToStringSerializerBase,1,10,10.0
3b85c8c3c3381df3,openfoodfacts/github/scrachx/openfood/features/searchbycode/SearchByCodeViewModel_HiltModules$KeyModule,1,2,50.0
b7b283b9d196e738,com/fasterxml/jackson/databind/node/ContainerNode,1,41,2.44
31429a46e1158b87,openfoodfacts/github/scrachx/openfood/features/product/view/contributors/ContributorsViewModel_HiltModules$KeyModule,1,2,50.0
bd39300f1efc0dd7,androidx/work/impl/model/WorkSpecDao_Impl$6,1,2,50.0
3cb6e3975112a498,kotlin/reflect/jvm/internal/KClassImpl$Data$sealedSubclasses$2,1,15,6.67
75c56b9db157dd5d,com/squareup/picasso/Dispatcher$DispatcherThread,1,1,100.0
ce1f99d7c562e65c,openfoodfacts/github/scrachx/openfood/features/home/HomeViewModel_HiltModules_KeyModule_ProvideFactory,1,5,20.0
859c46a45c822b26,io/sentry/SentryLevel$Deserializer,1,3,33.33
8f6a678ae877a4de,retrofit2/KotlinExtensions$await$$inlined$suspendCancellableCoroutine$lambda$1,1,3,33.33
04c34d1806ebb72c,io/sentry/clientreport/ClientReport$Deserializer,1,30,3.33
94a23563fea7b0c4,com/fasterxml/jackson/databind/introspect/AccessorNamingStrategy,1,1,100.0
67855037317944f0,org/greenrobot/eventbus/android/AndroidComponentsImpl,1,1,100.0
36f2c45833f43feb,io/sentry/protocol/User$Deserializer,1,50,2.0
02b2eed011079cb4,kotlin/coroutines/ContinuationInterceptor,1,1,100.0
2808ed9b68de8968,openfoodfacts/github/scrachx/openfood/hilt/ApiModule_ProvideAnalysisDataApiFactory,1,5,20.0
fd62d5d9cee5972b,androidx/fragment/app/FragmentManager$9,1,10,10.0
5532c20341bb671e,com/squareup/picasso/LruCache$1,1,3,33.33
45c188dcb7f4068b,androidx/fragment/app/FragmentManager$5,1,2,50.0
244b7a82491db878,kotlin/reflect/jvm/internal/KClassImpl$Data$allNonStaticMembers$2,1,3,33.33
bba8ef9ae9166973,io/sentry/protocol/SentryStackFrame$Deserializer,1,59,1.69
756eee4e703cf96c,androidx/work/impl/WorkDatabaseMigrations$RescheduleMigration,1,9,11.11
781659336a0e0234,com/fasterxml/jackson/databind/ser/std/NumberSerializers$DoubleSerializer,1,15,6.67
ba270cdcaf366528,openfoodfacts/github/scrachx/openfood/features/product/edit/overview/EditOverviewViewModel_HiltModules_KeyModule_ProvideFactory,1,5,20.0
17ff10f4d4f1b7d7,io/sentry/protocol/Geo$Deserializer,1,23,4.35
bc7127b67747941f,openfoodfacts/github/scrachx/openfood/app/OFFApplication_HiltComponents$ViewModelC,1,1,100.0
46b27a1a5eb786ff,com/fasterxml/jackson/databind/json/JsonMapper$Builder,1,25,4.0
1413675317641d71,kotlinx/coroutines/Job,1,1,100.0
e4bb0dea8c53e0bc,openfoodfacts/github/scrachx/openfood/analytics/SentryAnalytics$listener$1,1,6,16.67
583674f6e43a0148,kotlin/reflect/jvm/internal/KClassImpl$Data$inheritedNonStaticMembers$2,1,3,33.33
4bc43d2c5f6e8f61,okhttp3/internal/cache/CacheStrategy,1,17,5.88
4d1bf57a135bcf41,dagger/hilt/android/internal/managers/ActivityRetainedComponentManager$LifecycleModule,1,2,50.0
6959e34ea18895e3,openfoodfacts/github/scrachx/openfood/features/product/edit/nutrition/ProductEditNutritionViewModel_HiltModules$KeyModule,1,2,50.0
0a9310ff08c908e1,openfoodfacts/github/scrachx/openfood/features/login/LoginActivityViewModel_HiltModules_KeyModule_ProvideFactory,1,5,20.0
8318d2827a12c3e9,androidx/activity/result/ActivityResultRegistry$CallbackAndContract,1,1,100.0
518ff6a265456115,androidx/work/impl/model/WorkSpecDao_Impl$9,1,2,50.0
7a66514a25b2d3b5,androidx/lifecycle/CoroutineLiveData$clearSource$1,1,2,50.0
b06d424e2e6d724c,okio/Okio$4,1,13,7.69
17f5869c95f70261,kotlin/jvm/internal/Ref$ObjectRef,1,2,50.0
d972ebfb9a1a8ccc,androidx/constraintlayout/widget/R$styleable,1,2,50.0
4755c9bffa8b7ad3,openfoodfacts/github/scrachx/openfood/features/product/edit/ingredients/EditIngredientsViewModel_HiltModules_KeyModule_ProvideFactory,1,5,20.0
e10f89b0e5120c1c,androidx/work/impl/constraints/controllers/BatteryNotLowController,1,6,16.67
7b8d8dee8d0f3c7c,openfoodfacts/github/scrachx/openfood/features/additives/AdditiveListViewModel_HiltModules$KeyModule,1,2,50.0
9b9afdf658ab393b,androidx/activity/result/ActivityResultRegistry$2,1,9,11.11
20c8c2316117f812,androidx/work/impl/model/SystemIdInfo,1,6,16.67
e4ba61c26c5d2871,kotlinx/coroutines/DebugStringsKt,1,15,6.67
562e27c2f5b5237a,com/fasterxml/jackson/databind/ser/std/NumberSerializers$LongSerializer,1,2,50.0
1721fb2bd036410e,androidx/core/view/WindowInsetsCompat$Type,1,21,4.76
659dcb4b547d58c4,androidx/work/impl/model/WorkTag,1,1,100.0
98a4b06a2933db37,com/squareup/picasso/Picasso$RequestTransformer,1,1,100.0
ab274d7daf1ca1df,androidx/work/OneTimeWorkRequest,1,7,14.29
4f49693c4b32dabb,kotlin/reflect/jvm/internal/KClassImpl$Data$descriptor$2,1,9,11.11
bab2e66d51951569,androidx/lifecycle/SavedStateHandleSupport$VIEW_MODEL_STORE_OWNER_KEY$1,1,1,100.0
8feeaa60d03e4b5c,okhttp3/internal/http2/Http2Connection$Listener$1,1,2,50.0
5ec64c48abea1c45,androidx/work/WorkContinuation,1,3,33.33
f205dbbec8ff2274,io/sentry/protocol/DebugMeta$Deserializer,1,20,5.0
853aac491d2c16e7,openfoodfacts/github/scrachx/openfood/hilt/AppModule_ProvideSharedPreferencesFactory,1,5,20.0
fd15e1a7eca633d0,com/google/android/gms/internal/mlkit_vision_common/zzq,1,3,33.33
e46c41efcb7c2a89,kotlin/reflect/jvm/internal/KClassImpl$Data$nestedClasses$2,1,21,4.76
9e89d628c5f7cb94,androidx/activity/ComponentActivity$2,1,31,3.23
480eee41a8d6b00e,kotlin/reflect/jvm/internal/KPropertyImpl$_descriptor$1,1,3,33.33
cc4d656f7f878582,openfoodfacts/github/scrachx/openfood/features/additives/AdditiveListViewModel_HiltModules_KeyModule_ProvideFactory,1,5,20.0
27f8996eafae7e7d,androidx/appcompat/app/AppCompatDelegateImpl$Api24Impl,1,10,10.0
04dab0577a26322f,androidx/lifecycle/SavedStateHandleSupport$SAVED_STATE_REGISTRY_OWNER_KEY$1,1,1,100.0
4519ddd52ed92ab6,io/sentry/SentryEnvelopeItemHeader$Deserializer,1,34,2.94
8972e91939e1bd58,androidx/work/impl/model/DependencyDao_Impl$1,1,10,10.0
a49a683de005e149,kotlin/reflect/jvm/internal/KClassImpl$Data$allMembers$2,1,3,33.33
d6634da408285c4c,kotlin/internal/jdk7/JDK7PlatformImplementations,1,16,6.25
40c491eb6a4222f1,androidx/activity/ComponentActivity$1,1,6,16.67
0b11eb4c7a6113fc,androidx/viewpager/widget/ViewPager$MyAccessibilityDelegate,1,34,2.94
6546a63ee838bb1e,com/google/android/gms/internal/mlkit_vision_common/zzf,1,38,2.63
45e6fb879fc64b73,androidx/appcompat/widget/AppCompatTextViewAutoSizeHelper$Api18Impl,1,2,50.0
32fe04e26f41fe1d,io/sentry/SpanId$Deserializer,1,3,33.33
a5b72c74f1f12f3c,kotlin/reflect/jvm/internal/KClassImpl$Data$supertypes$2,1,26,3.85
31891ccd1a7bbdc2,androidx/core/os/LocaleListCompat$Api24Impl,1,4,25.0
36f1272d60d12e2f,dagger/hilt/internal/UnsafeCasts,1,2,50.0
79140cea662f5653,kotlinx/coroutines/scheduling/GlobalQueue,1,1,100.0
a82deeb602e02ad0,com/squareup/picasso/ResourceRequestHandler,1,12,8.33
b615bb40e011c196,kotlin/reflect/jvm/internal/KClassImpl$Data$annotations$2,1,3,33.33
dab5b80621d42979,io/sentry/protocol/Device$Deserializer,1,122,0.82
d4ec032c88d5a866,openfoodfacts/github/scrachx/openfood/app/OFFApplication_HiltComponents$ActivityC,1,1,100.0
d77d51c7a53a01d0,io/sentry/SentryStackTraceFactory,1,71,1.41
69277e89830df9a0,okhttp3/Cache$1,1,7,14.29
c107e3812f33f57b,io/sentry/protocol/Browser$Deserializer,1,20,5.0
8d7c75db8655d7ac,com/fasterxml/jackson/databind/introspect/Annotated,1,2,50.0
d03fee1bfea57957,openfoodfacts/github/scrachx/openfood/features/searchbycode/SearchByCodeViewModel_HiltModules_KeyModule_ProvideFactory,1,5,20.0
6dd2d0411b5d20b5,com/fasterxml/jackson/databind/ser/std/NumberSerializers$IntegerSerializer,1,3,33.33
a4490e67b873f972,io/sentry/SentryEvent$Deserializer,1,59,1.69
db00a69a86ed219d,okhttp3/EventListener$1,1,1,100.0
76a11c4159bf068b,androidx/work/impl/model/WorkSpecDao_Impl$4,1,2,50.0
ca089b36a3361c3d,androidx/appcompat/app/AppCompatDelegateImpl$Api17Impl,1,7,14.29
17b975aacb171a77,openfoodfacts/github/scrachx/openfood/features/allergensalert/AllergensAlertViewModel_HiltModules_KeyModule_ProvideFactory,1,5,20.0
ad8ad9525b719f39,com/google/android/gms/internal/mlkit_vision_barcode/zzct,1,5,20.0
8859da527a122274,kotlinx/coroutines/scheduling/SchedulerTimeSource,1,1,100.0
7e0c1931608262ed,okhttp3/ResponseBody$1,1,4,25.0
768d7dc9035a394c,kotlin/reflect/jvm/internal/impl/builtins/PrimitiveType$arrayTypeFqName$2,1,3,33.33
dc1cfdfe0ff2b29b,com/squareup/picasso/Picasso$1,1,20,5.0
7af4ea5fdf43622d,kotlinx/coroutines/MainCoroutineDispatcher,1,11,9.09
b5e1da655a1d1a3e,com/google/android/gms/internal/mlkit_vision_barcode/zzcs,1,3,33.33
b668aac56d5db8da,androidx/appcompat/content/res/AppCompatResources,1,3,33.33
4324629aa619b6bd,com/fasterxml/jackson/databind/deser/std/StdKeyDeserializers,1,21,4.76
825099ed914daa24,androidx/room/migration/Migration,1,1,100.0
422bc1efc6d5cb57,com/fasterxml/jackson/databind/jsontype/SubtypeResolver,1,12,8.33
7f4c79c76decd746,com/fasterxml/jackson/databind/jsontype/PolymorphicTypeValidator,1,1,100.0
1442802213c05121,okhttp3/internal/Internal,1,2,50.0
74272a3aa29d9811,kotlin/jvm/internal/Ref$LongRef,1,2,50.0
016a884bad144d4b,dagger/hilt/android/internal/Contexts,1,7,14.29
6dbb3919b6359130,okhttp3/internal/io/FileSystem$1,1,32,3.12
697c4375436b5920,okhttp3/internal/io/FileSystem,1,1,100.0
202384fe709d375c,openfoodfacts/github/scrachx/openfood/repositories/TaxonomiesRepository$downloadLabels$1,1,2,50.0
a1170bf9e523aac7,androidx/work/impl/WorkDatabaseMigrations$4,1,2,50.0
2d1303814fd9edab,androidx/fragment/app/FragmentManager$3,1,2,50.0
1c48f7d637cc9ba9,androidx/fragment/app/FragmentManager$10,1,16,6.25
772905b47621a116,kotlin/reflect/jvm/internal/KClassImpl$Data$declaredStaticMembers$2,1,3,33.33
5554be1a2b96bb70,androidx/work/Operation$State,1,1,100.0
e7a55efd0e1e4fc8,openfoodfacts/github/scrachx/openfood/features/product/view/environment/EnvironmentProductViewModel_HiltModules$KeyModule,1,2,50.0
0b71a07cce1c5f72,kotlinx/coroutines/internal/ScopeCoroutine,1,11,9.09
f41c8eb7373ac136,androidx/activity/result/contract/ActivityResultContract,1,2,50.0
1b5afbeff37d60f8,io/sentry/SentryDate,1,15,6.67
f359d82e59b9a77c,kotlinx/coroutines/EventLoopKt,1,6,16.67
c962b0fd0caed76f,logcat/LogcatLogger,1,1,100.0
51daa75f44c4c995,org/greenrobot/eventbus/PendingPostQueue,1,15,6.67
085cb2faf85879ef,dagger/hilt/android/internal/lifecycle/DefaultViewModelFactories_InternalFactoryFactory_Factory,1,5,20.0
40357409ce7e53e6,retrofit2/Converter$Factory,1,6,16.67
9806c802e62a03af,dagger/hilt/android/internal/managers/ActivityRetainedComponentManager_LifecycleModule_ProvideActivityRetainedLifecycleFactory,1,5,20.0
5ca50679d27808f2,com/google/android/gms/internal/mlkit_common/zzad,1,41,2.44
478cd017c4eff8be,androidx/room/RoomMasterTable,1,2,50.0
bd538f866ac87cac,kotlin/reflect/jvm/internal/KDeclarationContainerImpl$Data$moduleData$2,1,3,33.33
aba692a9bb60630e,com/squareup/picasso/FileRequestHandler,1,6,16.67
d1026acfb3c1b8bc,openfoodfacts/github/scrachx/openfood/features/home/HomeViewModel_HiltModules$KeyModule,1,2,50.0
3258005bb7aaf92a,dagger/hilt/internal/Preconditions,1,13,7.69
adb3ce77f2724294,androidx/work/impl/model/WorkSpec$1,1,8,12.5
71c21939c9d6fae7,androidx/work/impl/constraints/controllers/StorageNotLowController,1,6,16.67
3c7faa182163f824,androidx/work/impl/WorkDatabaseMigrations$1,1,5,20.0
9b794ee2c027e6c5,com/fasterxml/jackson/core/TreeCodec,1,3,33.33
ec215ff81a4ef4d3,org/matomo/sdk/dispatcher/DefaultDispatcher$1,1,44,2.27
ee6b80551031ee04,openfoodfacts/github/scrachx/openfood/features/simplescan/SimpleScanViewModel_HiltModules$KeyModule,1,2,50.0
a33c3b96a3ab3947,openfoodfacts/github/scrachx/openfood/features/product/edit/ingredients/EditIngredientsViewModel_HiltModules$KeyModule,1,2,50.0
1abef4904d3e548c,com/fasterxml/jackson/module/kotlin/KotlinModule$WhenMappings,1,1,100.0
e1eea1ad25b5dc1e,androidx/work/impl/WorkDatabaseMigrations$3,1,3,33.33
