class_id,class_name,probes_hit,probes_total,pct
f3963239a050f5d8,androidx/viewpager/widget/ViewPager,503,1317,38.19
32644374cd50045f,androidx/fragment/app/FragmentManager,451,1316,34.27
436e05541b6180ea,androidx/navigation/NavController,394,1213,32.48
c8e8239f2a12e383,androidx/constraintlayout/core/widgets/ConstraintWidget,376,1610,23.35
1ca61f8b9b4c2223,androidx/recyclerview/widget/RecyclerView,342,2048,16.7
8fb0281449d47662,androidx/appcompat/app/AppCompatDelegateImpl,326,1299,25.1
6f98267c2dd6b5ee,androidx/drawerlayout/widget/DrawerLayout,277,825,33.58
a355168e63581b16,androidx/constraintlayout/core/widgets/analyzer/Direct,276,645,42.79
9a363820b9714f33,androidx/coordinatorlayout/widget/CoordinatorLayout,273,954,28.62
1266ec3ce0747e9d,org/kiwix/kiwixmobile/core/main/CoreReaderFragment,266,1532,17.36
5b404f74a29f4f1c,androidx/constraintlayout/widget/ConstraintLayout,238,598,39.8
0f208bbc617df98c,org/kiwix/kiwixmobile/intro/CustomPageIndicator,235,297,79.12
353bc5c9c3f2c78d,androidx/fragment/app/Fragment,227,751,30.23
a2afdb6ba6b57de1,com/google/android/material/shape/MaterialShapeDrawable,213,423,50.35
26a579d6b2a81b59,androidx/constraintlayout/core/LinearSystem,200,508,39.37
c22f5e8081d6f161,androidx/fragment/app/FragmentStateManager,179,430,41.63
5feebb286bc06819,com/google/android/material/navigation/NavigationBarItemView,177,392,45.15
6a6be5e39378cd1f,androidx/customview/widget/ViewDragHelper,171,507,33.73
6ad99a5106a0ddc1,androidx/recyclerview/widget/LinearLayoutManager,168,790,21.27
b2a59f238e0c4ef0,com/google/android/material/navigation/NavigationView,158,272,58.09
6120c23f1960e8a1,androidx/fragment/app/FragmentLifecycleCallbacksDispatcher,156,182,85.71
24705cd9209e6113,androidx/appcompat/widget/LinearLayoutCompat,154,625,24.64
f424553790275428,androidx/constraintlayout/core/widgets/ConstraintWidgetContainer,149,460,32.39
044ddadea10e405d,androidx/appcompat/widget/Toolbar,142,941,15.09
bd7f67d34f987e92,okhttp3/CipherSuite,126,130,96.92
811008d113b7e4d3,io/objectbox/flatbuffers/FlatBufferBuilder,126,271,46.49
6bd15b036d2fdffd,com/google/android/material/navigation/NavigationBarMenuView,123,347,35.45
159d252decab2733,org/kiwix/kiwixmobile/core/dao/entities/MyObjectBox,122,123,99.19
bd28bebc7cc14dea,androidx/navigation/NavDestination,122,324,37.65
20e1c76dc8a4e786,androidx/constraintlayout/core/ArrayRow,121,311,38.91
16b5e5fecbd8dfcc,androidx/constraintlayout/core/widgets/analyzer/BasicMeasure,120,274,43.8
f6304eb7c74f6ac4,kotlinx/coroutines/scheduling/CoroutineScheduler$Worker,116,197,58.88
afa5a7193a493c73,androidx/constraintlayout/core/ArrayLinkedVariables,116,201,57.71
ec45d1beef1a05d1,androidx/core/view/ViewCompat,112,884,12.67
25dadc5426a6e3ef,androidx/appcompat/widget/AppCompatTextHelper,112,379,29.55
3068484856f5a21a,androidx/recyclerview/widget/RecyclerView$LayoutManager,111,651,17.05
523c6cb141b68c0e,com/google/android/material/shape/ShapeAppearancePathProvider,108,127,85.04
1e7d54e1ebe45f60,androidx/appcompat/view/menu/MenuBuilder,108,527,20.49
a31df95a90983457,kotlinx/coroutines/scheduling/CoroutineScheduler,106,310,34.19
7c3a75b3c206a23a,org/kiwix/kiwixmobile/main/KiwixMainActivity,105,165,63.64
e1aa900aaccfb268,androidx/lifecycle/LifecycleRegistry,101,137,73.72
7977247b2e066450,okio/Options$Companion,97,137,70.8
5afe8c47c5d2557e,com/google/android/material/shape/ShapeAppearanceModel,96,118,81.36
93020481f0aa0234,androidx/constraintlayout/widget/ConstraintLayout$Measurer,96,193,49.74
55b2443c727acb99,androidx/fragment/app/FragmentStore,94,224,41.96
91bb45948d1149b3,com/google/android/material/navigation/NavigationBarView,87,167,52.1
aa122665a1f7fd3f,androidx/activity/ComponentActivity,87,214,40.65
194e8f7af110c818,org/kiwix/kiwixmobile/core/di/components/DaggerCoreComponent$CoreComponentImpl,84,128,65.62
496a056255a12c2e,leakcanary/internal/InternalLeakCanary,84,163,51.53
31e67970ff87e849,androidx/recyclerview/widget/RecyclerView$Recycler,83,530,15.66
fc9ea3fbe0723046,androidx/appcompat/widget/ResourceManagerInternal,80,221,36.2
cd750f4355ebafb4,androidx/navigation/NavInflater,80,201,39.8
a42b5cb8755a01fe,com/google/android/material/internal/NavigationMenuPresenter,80,141,56.74
ef3f81be62cf5b0c,androidx/appcompat/app/AppCompatViewInflater,79,173,45.66
d0773c01b8739005,androidx/constraintlayout/widget/ConstraintLayout$LayoutParams,76,226,33.63
5a934a214f9fcf7f,kotlin/jvm/internal/ClassReference,75,121,61.98
9740fac058bfd5f7,org/kiwix/kiwixmobile/core/main/CoreMainActivity,75,275,27.27
f31e5f9dca417b81,com/google/android/material/button/MaterialButton,74,384,19.27
78d534e2e06c6594,androidx/fragment/app/SpecialEffectsController,74,166,44.58
62dc58c50e3466f0,androidx/appcompat/view/menu/MenuItemImpl,74,297,24.92
a9646607e397df61,kotlinx/coroutines/JobSupport,71,755,9.4
4ba7edeaa3a1f7df,com/google/android/material/floatingactionbutton/FloatingActionButtonImpl,70,333,21.02
8b49815e18b3318e,org/kiwix/kiwixmobile/core/utils/LanguageUtils,70,109,64.22
c399b35859a6566f,com/google/android/material/internal/NavigationMenuPresenter$NavigationMenuAdapter,70,203,34.48
1edb29c25a7c918c,androidx/navigation/fragment/NavHostFragment,69,124,55.65
e72938571e3787d7,androidx/webkit/internal/WebViewFeatureInternal,65,86,75.58
44dbba84192f811c,androidx/room/RoomDatabase,65,225,28.89
246db4a645312647,com/google/android/material/shape/ShapeAppearanceModel$Builder,65,108,60.19
dab740c88d440e14,androidx/navigation/NavBackStackEntry,64,124,51.61
d094ed03762de35b,com/tonyodev/fetch2/database/DownloadDao_Impl,64,1098,5.83
84bde0f7628f84b5,androidx/fragment/app/FragmentActivity,63,112,56.25
173ff9bfcb99763c,org/kiwix/kiwixmobile/core/main/CoreReaderFragment_ViewBinding,62,63,98.41
d86ada52df5298c3,androidx/appcompat/view/SupportMenuInflater$MenuState,62,111,55.86
1f2fa00515633734,com/google/android/material/floatingactionbutton/FloatingActionButton,61,232,26.29
0b21de17d9a6d164,com/google/android/material/shape/ShapePath,61,113,53.98
e270e2a644787839,androidx/constraintlayout/widget/ConstraintLayout$LayoutParams$Table,60,61,98.36
39dd25f03c8ae0a1,kotlin/collections/ArrayDeque,60,330,18.18
52985b315c78b3fa,com/google/android/material/internal/NavigationMenuItemView,59,118,50.0
e01a37a6825ee19a,androidx/coordinatorlayout/widget/DirectedAcyclicGraph,59,71,83.1
ef2c3413026d6e6f,kotlin/text/StringsKt__StringsKt,59,909,6.49
75ad94f961d21ab5,androidx/appcompat/widget/ToolbarWidgetWrapper,59,260,22.69
e5679b9ed2ec91a7,androidx/core/content/res/ColorStateListInflaterCompat,58,96,60.42
02cde8483ef128b6,org/kiwix/kiwixmobile/intro/IntroFragment,58,100,58.0
014821ede8805e1e,androidx/navigation/NavGraph,58,183,31.69
63724b760f68943d,androidx/startup/AppInitializer,58,86,67.44
44e4ca35ad3687a0,androidx/appcompat/widget/AppCompatTextView,58,243,23.87
8d5965cd484b0921,org/kiwix/kiwixmobile/core/utils/SharedPreferenceUtil,57,214,26.64
79925c79c0d41f1c,io/objectbox/BoxStore,56,425,13.18
bbb1dd7aa5da1a98,okhttp3/OkHttpClient,55,167,32.93
93f72387ec4614a2,com/google/android/material/button/MaterialButtonHelper,55,193,28.5
a2d242d4c4347b68,org/kiwix/kiwixmobile/intro/CustomPageIndicator$PendingRetreatAnimator,54,58,93.1
3bddc2797a5e94c7,leakcanary/ServiceWatcher,54,81,66.67
9272d73b6d735387,androidx/collection/ArraySet,54,219,24.66
e3233f9c63280f90,androidx/fragment/app/BackStackRecord,53,301,17.61
6487b6dfa9ac108a,com/google/android/material/floatingactionbutton/FloatingActionButtonImplLollipop,52,97,53.61
840bdb0e5593e0f5,okhttp3/OkHttpClient$Builder,52,249,20.88
8b6ec6d79019b755,okio/Buffer,51,931,5.48
c2205db275a1bcd6,leakcanary/ObjectWatcher,50,113,44.25
15fc7dbb61588ca0,androidx/appcompat/app/AppCompatActivity,50,142,35.21
3fd446a01d175933,androidx/core/content/res/ResourcesCompat,50,140,35.71
e4297ca781b1e21c,androidx/collection/SimpleArrayMap,48,266,18.05
b73ca6782a5f4a61,com/tonyodev/fetch2/helper/PriorityListProcessorImpl,48,97,49.48
14e7c6c627c43b23,androidx/activity/result/ActivityResultRegistry,48,120,40.0
d83813ca4034f981,androidx/navigation/fragment/FragmentNavigator,46,117,39.32
5a74ac5a47615111,kotlinx/coroutines/EventLoopImplBase,46,177,25.99
78f849e66498b6ed,androidx/emoji2/text/EmojiCompat,46,159,28.93
cb4cb77635bf40ee,org/kiwix/kiwixmobile/core/CoreApp,46,73,63.01
60a010df8bfc35f1,com/google/android/material/bottomappbar/BottomAppBar,45,399,11.28
1a05c661c97fa531,com/tonyodev/fetch2/fetch/FetchModulesBuilder$Modules,44,50,88.0
a17438806a6fb7da,io/objectbox/BoxStoreBuilder,43,152,28.29
2aded622a6a4e711,leakcanary/internal/LeakCanaryFileProvider$Companion,42,121,34.71
69c8d20a9bb2017b,kotlin/collections/CollectionsKt___CollectionsKt,41,1782,2.3
8db84235c321ed0e,androidx/core/content/FileProvider,41,126,32.54
ffcb5cd392e1f7f8,androidx/coordinatorlayout/widget/CoordinatorLayout$LayoutParams,40,113,35.4
e2ea0428be97d0c2,androidx/lifecycle/ReportFragment,40,51,78.43
656416ceb3f760ab,leakcanary/internal/activity/LeakActivity,40,121,33.06
d81a6a990b19726b,androidx/appcompat/graphics/drawable/DrawerArrowDrawable,40,123,32.52
4d965a20621b5368,androidx/constraintlayout/core/PriorityGoalRow,40,57,70.18
2267346cf1ce576f,androidx/constraintlayout/widget/ConstraintHelper,40,252,15.87
af9b61d318e65139,androidx/lifecycle/LiveData,39,95,41.05
c8494303517b0fe8,androidx/fragment/app/FragmentContainerView,39,138,28.26
a1c2caab55c02b27,com/google/android/material/appbar/AppBarLayout,39,445,8.76
4f569f11d1a7c901,com/google/android/material/internal/ForegroundLinearLayout,39,83,46.99
4647d823cfff7a75,androidx/core/view/ViewCompat$UnhandledKeyEventManager,38,110,34.55
7c7a3ea6c3e74dc7,org/kiwix/kiwixmobile/core/data/remote/ObjectBoxToRoomMigrator,38,80,47.5
e26d6d6362e94232,org/kiwix/kiwixmobile/di/components/DaggerKiwixComponent$KiwixActivityComponentImpl,38,114,33.33
3e3f4da360f3ff2f,shark/AndroidReferenceMatchers$Companion,38,45,84.44
c7f3cb7371892a5c,androidx/room/InvalidationTracker,38,213,17.84
9e0970dbd4189b13,androidx/sqlite/db/framework/FrameworkSQLiteOpenHelper$OpenHelper,38,105,36.19
2346b1fc0cc46244,org/kiwix/kiwixmobile/di/components/DaggerKiwixComponent$KiwixComponentImpl,37,42,88.1
5a8e3dbf4f8b50a7,com/tonyodev/fetch2/Error,37,47,78.72
37c03958bb82dbc7,com/google/android/material/internal/ThemeEnforcement,37,57,64.91
9a201879dcb8ac28,com/tonyodev/fetch2/database/FetchDatabaseManagerImpl,37,251,14.74
978f7f9ec36db0e2,org/kiwix/kiwixmobile/nav/destination/reader/KiwixReaderFragment,37,205,18.05
d10bca3f12fece0a,io/objectbox/ModelBuilder$EntityBuilder,37,57,64.91
13a6843f4330d591,leakcanary/AndroidLeakFixes$Companion,36,54,66.67
7674ba6f83c8d340,androidx/appcompat/widget/AppCompatEditText,36,119,30.25
e9915d1bf6b675c3,androidx/constraintlayout/core/widgets/Guideline,35,131,26.72
9b0b3fb5e0b1846a,androidx/appcompat/widget/AppCompatBackgroundHelper,35,85,41.18
d399b53a88e6e55c,leakcanary/AppWatcher,35,52,67.31
94803c77160c801a,androidx/core/view/WindowInsetsCompat$Impl20,35,125,28.0
a8b190d6b18c1633,androidx/room/RoomDatabase$Builder,35,118,29.66
0b7531a5da895243,androidx/savedstate/SavedStateRegistry,35,80,43.75
f84489e2e2a9a80d,androidx/appcompat/app/AppCompatDelegateImpl$AppCompatWindowCallback,34,81,41.98
be9e19428ff4b4d3,com/google/android/material/textview/MaterialTextView,34,45,75.56
f62eeb29f97a8c2c,androidx/appcompat/widget/TintTypedArray,34,62,54.84
a63a32c8ff37b6e9,androidx/collection/SparseArrayCompat,34,150,22.67
d6c54273311e9574,androidx/appcompat/widget/AppCompatButton,34,140,24.29
193db44406d3dd0c,androidx/constraintlayout/core/widgets/ConstraintAnchor,33,180,18.33
1bbdec020736a791,androidx/appcompat/widget/AppCompatImageHelper,33,99,33.33
084a4d3c92ebe60f,androidx/core/view/WindowInsetsCompat,33,115,28.7
a94b275bbec5fafa,io/objectbox/ModelBuilder,33,37,89.19
40fc41034f9bc0c8,okhttp3/ConnectionSpec$Builder,33,71,46.48
a04863457716f7f6,okio/ByteString,32,271,11.81
b1997cc33ad4e430,org/kiwix/kiwixmobile/core/dao/entities/FetchDownloadEntity_,32,36,88.89
18bfcce155c2c154,androidx/arch/core/internal/SafeIterableMap,32,73,43.84
f3505722758fef0e,androidx/appcompat/view/SupportMenuInflater,31,66,46.97
9b07b4aef28d3e54,androidx/appcompat/widget/AppCompatTextViewAutoSizeHelper,31,277,11.19
52e7bfc5bb07469d,kotlinx/coroutines/flow/SharedFlowImpl,31,362,8.56
6b6822af6180f9f4,com/tonyodev/fetch2/fetch/FetchModulesBuilder,31,54,57.41
91dfb4c40af73733,kotlinx/coroutines/DispatchedTask,31,90,34.44
063e142d7ee0bf4d,androidx/appcompat/widget/AppCompatCheckedTextView,30,101,29.7
c3af05450ce2c040,androidx/recyclerview/widget/DefaultItemAnimator,30,349,8.6
7d7bdd452deab87c,androidx/recyclerview/widget/RecyclerView$RecycledViewPool,30,70,42.86
e31dc597dd9dee92,okhttp3/internal/Util,29,452,6.42
32d673aefd248236,leakcanary/LeakCanary$Config,29,157,18.47
463e1f2829370cf4,androidx/fragment/app/FragmentManagerViewModel,29,156,18.59
f9016ce84e395a37,androidx/room/RoomOpenHelper,28,87,32.18
dfb5a4c97c0cc590,kotlin/collections/MapsKt__MapsKt,28,269,10.41
82dac8e8f67b4119,com/google/android/material/navigation/NavigationView$2,28,42,66.67
52f9dd387378f93d,androidx/navigation/NavigatorState,28,62,45.16
4ccf3e732cf41461,leakcanary/internal/navigation/NavigatingActivity,28,213,13.15
92757aa02d71cc25,com/tonyodev/fetch2/provider/NetworkInfoProvider,28,82,34.15
b56b94548ea69445,org/kiwix/kiwixmobile/core/data/KiwixRoomDatabase_Impl,28,67,41.79
e4db46affb9b4bb5,androidx/transition/TransitionSet,28,233,12.02
a2143f629c35f9c5,kotlinx/coroutines/internal/LimitedDispatcher,28,63,44.44
3ac53ac06abc193e,leakcanary/internal/HeapDumpTrigger,27,206,13.11
cf468517b8ba0734,androidx/lifecycle/ProcessLifecycleOwner,27,37,72.97
b32a0b9cbcbb31d2,androidx/constraintlayout/core/SolverVariable,27,72,37.5
d38ba12c1f831b5c,leakcanary/FragmentAndViewModelWatcher,27,36,75.0
4c8bc298e30938d3,androidx/fragment/app/FragmentViewLifecycleOwner,27,45,60.0
b1b7bb2fdb4d182b,androidx/appcompat/view/ContextThemeWrapper,27,55,49.09
7f3c4943d110c273,androidx/appcompat/app/AppCompatDelegate,27,120,22.5
fe391c5cdb2872e5,androidx/appcompat/app/AppCompatDelegateImpl$PanelFeatureState,26,52,50.0
c574479cbf077eb2,androidx/constraintlayout/core/PriorityGoalRow$GoalVariableAccessor,26,46,56.52
b458f64986274990,org/kiwix/kiwixmobile/core/utils/files/FileUtils,26,273,9.52
7dfe621e42030123,androidx/core/view/MenuHostHelper,26,53,49.06
9e6a8811a972b09e,io/reactivex/internal/schedulers/IoScheduler$CachedWorkerPool,26,41,63.41
e1be7d7e0470719f,com/google/android/material/shape/ShapePath$PathArcOperation,26,32,81.25
7ba4a289eb7741d7,org/kiwix/kiwixmobile/core/di/modules/DownloaderModule,25,29,86.21
ea91912e74904560,com/google/android/material/resources/MaterialResources,25,67,37.31
dc065d86ec00aaba,com/tonyodev/fetch2/FetchConfiguration,25,100,25.0
76c1305e194cdc22,kotlin/collections/CollectionsKt__CollectionsKt,25,126,19.84
cb81c30b2710eb67,androidx/appcompat/widget/ContentFrameLayout,25,93,26.88
213cd079ba71991c,okhttp3/internal/platform/android/AndroidLog,25,51,49.02
e6c3eb535f9ed4c0,androidx/lifecycle/ViewModelProvider,25,36,69.44
d775689ffcab2b1b,org/kiwix/kiwixmobile/core/dao/entities/BookOnDiskEntity_,25,29,86.21
5f6337e98162070e,com/google/android/material/motion/MotionUtils,24,43,55.81
1119bf398b784b1a,androidx/recyclerview/widget/RecyclerView$Adapter,24,46,52.17
f256ae16290e50a9,androidx/appcompat/app/ToolbarActionBar,24,153,15.69
a72b9a6f3cdf9b93,org/kiwix/kiwixmobile/core/JNIInitialiser,24,34,70.59
a4122c713af8e486,leakcanary/AndroidLeakFixes$FLUSH_HANDLER_THREADS$apply$flushNewHandlerThread$1,24,31,77.42
ecf03d8bc1dc64f9,kotlinx/coroutines/sync/MutexImpl,24,93,25.81
4a9e79e32b258f96,androidx/navigation/NavController$NavControllerNavigatorState,24,70,34.29
6a21244b7e965bb8,com/google/android/material/floatingactionbutton/BorderDrawable,23,85,27.06
370d528dda27ab9f,org/kiwix/kiwixmobile/core/utils/LanguageUtils$Companion,23,37,62.16
b3b064db1ba867a8,androidx/recyclerview/widget/AdapterHelper,23,261,8.81
3ffd3546df853ac4,androidx/core/view/ViewCompat$AccessibilityPaneVisibilityManager,23,38,60.53
d5cd668f344ad7b7,androidx/navigation/NavOptions,23,48,47.92
197c93d72aebbe6b,io/reactivex/internal/schedulers/ScheduledRunnable,23,68,33.82
7a0fecb02115ad76,androidx/appcompat/widget/AppCompatImageView,23,84,27.38
86808ec383e3d658,androidx/recyclerview/widget/RecyclerView$ViewHolder,23,165,13.94
26cc005bc1034176,io/objectbox/ModelBuilder$PropertyBuilder,23,43,53.49
de7a73a44f6bac08,com/google/android/material/bottomnavigation/BottomNavigationView,23,52,44.23
bbe7cbf725c4ae8e,androidx/fragment/app/SpecialEffectsController$Operation,23,73,31.51
6d7b21f6acff27b9,org/kiwix/kiwixmobile/core/di/modules/DatabaseModule,22,37,59.46
3f44d98f91fbf0f2,androidx/navigation/NavGraphNavigator,22,33,66.67
c3181ce7a2245016,com/tonyodev/fetch2/FetchConfiguration$Builder,22,62,35.48
88e7ab517f3548ce,androidx/fragment/app/FragmentState,22,89,24.72
d73b282f65426eaf,io/reactivex/Flowable,22,1214,1.81
2890e1d4d65b14e4,androidx/navigation/ui/NavigationUI,22,192,11.46
9681da07e24930fa,org/kiwix/kiwixmobile/core/main/KiwixWebView,22,73,30.14
d94909f4672d2c73,kotlinx/coroutines/internal/LockFreeTaskQueueCore,22,111,19.82
5c173e8f3a2c117d,com/tonyodev/fetch2/database/DownloadDatabase_Impl,21,45,46.67
4211ebbe9f4102e3,com/tonyodev/fetch2/fetch/ListenerCoordinator,21,125,16.8
7555fdee9874a344,org/kiwix/kiwixmobile/core/data/remote/ObjectBoxToLibkiwixMigrator,21,69,30.43
652d7e278520d057,androidx/appcompat/app/ActionBarDrawerToggle,21,96,21.88
de277749b669237a,androidx/fragment/app/FragmentActivity$HostCallbacks,21,44,47.73
8088e859a5a66b5f,org/kiwix/kiwixmobile/core/dao/LibkiwixBookmarks,21,342,6.14
e9fa5f0871caf65d,androidx/lifecycle/ViewModel,21,49,42.86
cc71d810aea40b9b,androidx/navigation/NavArgument,21,61,34.43
414f09936beb426c,androidx/coordinatorlayout/widget/ViewGroupUtils,20,27,74.07
d80ea139acfb7159,androidx/fragment/app/FragmentTransaction,20,112,17.86
94947920ec8092f8,kotlin/text/StringsKt__StringsJVMKt,20,352,5.68
aac54f563a869459,androidx/recyclerview/widget/ChildHelper,20,93,21.51
f1a09a16ab213750,okio/SegmentPool,20,34,58.82
7a89da6eeef9f404,androidx/room/Room,20,41,48.78
69e71110d637a644,io/objectbox/internal/NativeLibraryLoader,20,144,13.89
529e53fd5c043cdf,com/tonyodev/fetch2core/HandlerWrapper,20,95,21.05
87f3904c800b61ab,androidx/recyclerview/widget/ItemTouchHelper,20,414,4.83
2f2db5dd10dcea93,io/reactivex/internal/schedulers/SchedulerPoolFactory,20,39,51.28
aef50ee6cfaececa,okio/Segment,20,48,41.67
b12bceb10c19af67,okhttp3/internal/platform/AndroidPlatform,20,84,23.81
dbc7962cb6036e64,androidx/lifecycle/Lifecycle$Event,20,31,64.52
054862dfc48992b9,leakcanary/internal/VisibilityTracker,19,34,55.88
069f6997edc38ad8,kotlin/collections/ArraysKt___ArraysKt,19,10166,0.19
14fe18d2a0af225f,io/reactivex/internal/schedulers/IoScheduler,19,26,73.08
b066c24eb42f0663,androidx/sqlite/db/framework/FrameworkSQLiteDatabase,19,127,14.96
342cf20e130f3eea,org/kiwix/kiwixmobile/core/dao/entities/HistoryEntity_,19,22,86.36
a3023ce61c0fb4ed,leakcanary/internal/HeapDumpControl,19,49,38.78
b5959da49986a51e,androidx/collection/LruCache,19,86,22.09
f50036a82265c741,okhttp3/ConnectionSpec,19,111,17.12
56d17d1d06360cbe,io/reactivex/Observable,19,1177,1.61
5958734fbbdc1762,androidx/emoji2/text/SpannableBuilder,19,102,18.63
3ea1396d247f4879,io/reactivex/disposables/CompositeDisposable,19,96,19.79
43d3ff7261c62297,org/kiwix/kiwixmobile/core/read_aloud/ReadAloudService,19,35,54.29
84d7e95ea229711f,androidx/room/RoomSQLiteQuery,19,51,37.25
e85827a5ac7218ae,io/reactivex/internal/subscriptions/SubscriptionArbiter,19,105,18.1
4b72f120b9a28997,androidx/sqlite/util/ProcessLock,18,26,69.23
206ef41398ba94be,io/reactivex/internal/schedulers/ComputationScheduler,18,33,54.55
7c66432204c151f1,androidx/fragment/app/SpecialEffectsController$FragmentStateManagerOperation,18,31,58.06
3d144da3ead360ae,butterknife/ButterKnife,18,55,32.73
5e96a2545085a020,kotlinx/coroutines/scheduling/WorkQueue,18,121,14.88
7ee42bbe0acc70fc,org/kiwix/kiwixmobile/nav/destination/reader/KiwixReaderFragmentArgs,18,163,11.04
b00101b5b2a33d25,leakcanary/internal/ViewModelClearedWatcher,18,28,64.29
d628156a0509bc2f,androidx/lifecycle/SavedStateHandleSupport,18,48,37.5
bfa956ae5420cee9,io/objectbox/flatbuffers/Utf8Safe,18,174,10.34
c1af5134824a09d3,shark/ObjectInspectors$Companion,18,18,100.0
21c7fbbd2d6c8c5d,androidx/emoji2/viewsintegration/EmojiTextViewHelper$HelperInternal19,18,48,37.5
482b054e11f4fd1b,kotlin/jvm/internal/Intrinsics,18,127,14.17
9abe51cea2d9069b,com/google/android/material/animation/MotionSpec,18,71,25.35
26650ca0b090735e,com/google/android/material/internal/ViewUtils,18,101,17.82
330046f00002e8f3,androidx/recyclerview/widget/OrientationHelper$2,18,25,72.0
3ffc32eea32f398f,androidx/arch/core/internal/SafeIterableMap$IteratorWithAdditions,18,20,90.0
11d5710dd7c50b2f,kotlinx/coroutines/flow/StateFlowImpl,18,93,19.35
fcbf51cae8982f3c,curtains/internal/WindowSpy,18,23,78.26
d5b9bdadb9be8ffb,androidx/lifecycle/SavedStateHandle,17,93,18.28
55c4aed254531e18,org/kiwix/kiwixmobile/core/dao/entities/BookmarkEntity_,17,20,85.0
2929b5a25842f8fd,io/objectbox/Box,17,278,6.12
6fe5cfe79422cf50,com/tonyodev/fetch2/fetch/FetchImpl,17,337,5.04
b424bae491083a9f,dagger/internal/DoubleCheck,17,29,58.62
6d60de30cfa4e6d7,com/google/android/material/ripple/RippleUtils,17,51,33.33
e4e000c0dc8f2d15,curtains/internal/WindowManagerSpy,17,35,48.57
c780f18356025daf,androidx/navigation/fragment/FragmentNavigator$Destination,17,36,47.22
8ffed49275d6901a,androidx/appcompat/widget/AppCompatImageButton,17,81,20.99
6e4e00b01be0b36a,kotlinx/coroutines/internal/DispatchedContinuation,17,186,9.14
5b864ba2b1a9f5df,androidx/tracing/Trace,17,71,23.94
0b7b32fd6c2926df,org/kiwix/kiwixmobile/core/dao/entities/NotesEntity_,17,20,85.0
a0027c1598275595,kotlinx/coroutines/BlockingCoroutine,17,40,42.5
85d13e39c485027a,androidx/appcompat/view/menu/ListMenuPresenter,17,62,27.42
acd66831b6d39d7d,shark/AndroidObjectInspectors$Companion,17,18,94.44
606081af83c4243f,com/tonyodev/fetch2/fetch/FetchHandlerImpl,17,535,3.18
cf69db34ec53ee39,androidx/constraintlayout/core/widgets/ConstraintWidget$1,16,29,55.17
2eb52a02db75983d,kotlin/io/FileTreeWalk$FileTreeWalkIterator,16,23,69.57
05abf0dace32ae17,io/objectbox/Transaction,16,68,23.53
b48fb50eaecec9e7,androidx/appcompat/widget/TooltipCompatHandler,16,85,18.82
faee59f36d1d99f8,okhttp3/internal/platform/Platform,16,69,23.19
a3247474a748a13d,androidx/navigation/NavigatorProvider,16,38,42.11
009d79767b9c7cf7,androidx/navigation/NavType$Companion,16,102,15.69
db3f0b2a81a0274e,org/kiwix/kiwixmobile/core/main/ToolbarScrollingKiwixWebView,16,49,32.65
c1d366f81f75873b,androidx/multidex/MultiDex,16,176,9.09
5c8caa406f2c1abe,kotlinx/coroutines/BuildersKt__Builders_commonKt,16,46,34.78
18301568cb6e84d3,kotlinx/coroutines/JobSupportKt,16,23,69.57
56a0f12449ff7b6d,androidx/savedstate/SavedStateRegistryController,16,25,64.0
45f74ca36613ef6d,androidx/sqlite/db/framework/FrameworkSQLiteOpenHelper$lazyDelegate$1,16,29,55.17
c37fbe190043b2cd,com/tonyodev/fetch2/database/FetchDatabaseManagerWrapper,16,114,14.04
1e64dae186ed0b7f,androidx/core/view/ViewCompat$AccessibilityViewProperty,16,40,40.0
2795a5123983efc2,com/tonyodev/fetch2/database/DownloadDatabase_Impl$1,16,62,25.81
2d7d7c3153d57434,kotlinx/coroutines/flow/SharedFlowKt,15,42,35.71
379cd72ee994b930,org/kiwix/kiwixmobile/core/ServiceWorkerInitialiser,15,22,68.18
71c68041fea98be8,io/reactivex/plugins/RxJavaPlugins,15,233,6.44
b2504b747b466fc8,androidx/emoji2/viewsintegration/EmojiTextWatcher,15,49,30.61
8ecfaf9b6e030001,com/google/android/material/shadow/ShadowRenderer,15,57,26.32
00ef17488da05ac7,androidx/appcompat/widget/ViewUtils,15,36,41.67
2d4c235eaa283086,com/google/android/material/navigation/NavigationBarPresenter,15,29,51.72
bf7b6bde6ac9cd6b,org/kiwix/kiwixmobile/core/utils/files/FileLogger,15,21,71.43
1f8712d3b4366d99,kotlinx/coroutines/EventLoop,15,55,27.27
2a19cf378c5a6475,androidx/lifecycle/Lifecycle$1,15,27,55.56
b057bca9fd8d4931,androidx/room/RoomDatabase$MigrationContainer,15,65,23.08
98215dcce49a1831,androidx/navigation/NavControllerViewModel,15,32,46.88
877f39cd973392c1,com/google/android/material/internal/ScrimInsetsFrameLayout$1,15,18,83.33
0aadaef98c4393c6,androidx/appcompat/widget/AppCompatDrawableManager,15,21,71.43
a531169f034459c5,androidx/core/view/WindowInsetsCompat$Impl,15,47,31.91
8733a6097766b5b8,io/reactivex/internal/operators/flowable/FlowableConcatArray$ConcatArraySubscriber,14,33,42.42
12c3edae18eadda0,androidx/appcompat/widget/AppCompatCheckedTextViewHelper,14,58,24.14
51bbe0ee0bd34faa,kotlinx/coroutines/internal/SystemPropsKt__SystemProps_commonKt,14,27,51.85
6f0ee8873b175176,kotlin/coroutines/CombinedContext,14,45,31.11
19d03149cdb1c37a,androidx/constraintlayout/core/widgets/Optimizer,14,30,46.67
bbfa2b929a5fec3d,androidx/navigation/NavType,14,22,63.64
cb93c8a8127239d8,androidx/fragment/app/SpecialEffectsController$Operation$State,14,35,40.0
92861b7b02b7acfe,leakcanary/internal/AndroidXFragmentDestroyWatcher$fragmentLifecycleCallbacks$1,14,15,93.33
637ee2f95d5010b3,kotlin/sequences/GeneratorSequence$iterator$1,14,24,58.33
1523e77ab1155c62,com/google/android/material/internal/ScrimInsetsFrameLayout,14,51,27.45
7b98ee346baff9f0,androidx/navigation/NavBackStackEntryState,14,30,46.67
43cfa1123377ed31,com/tonyodev/fetch2/DefaultFetchNotificationManager,14,252,5.56
f73f55172e500857,androidx/room/RoomSQLiteQuery$Companion,14,30,46.67
264310a16709b932,androidx/transition/Transition,14,773,1.81
af1394f4946e3fed,androidx/arch/core/internal/SafeIterableMap$ListIterator,14,21,66.67
8b551c890c5ab5e3,shark/AndroidReferenceMatchers$REFERENCES,14,14,100.0
1288629291b7bcf5,io/objectbox/Cursor,14,81,17.28
104404d496814e09,androidx/core/os/TraceCompat,14,53,26.42
090b60d80feb5a3b,curtains/internal/RootViewsSpy$delegatingViewList$1,14,32,43.75
684a36221a9fdda8,androidx/appcompat/app/AppCompatDelegateImpl$ActionBarDrawableToggleImpl,14,22,63.64
3f7148bb50a9be58,org/kiwix/kiwixmobile/core/dao/entities/RecentSearchEntity_,14,17,82.35
09f107e66dffa14f,androidx/fragment/app/FragmentController,14,52,26.92
a415d89de8d4b222,leakcanary/internal/activity/screen/LeaksScreen,14,14,100.0
5d56ab5ca0d7050b,androidx/sqlite/db/framework/FrameworkSQLiteOpenHelper,14,30,46.67
128b956a5d24881b,org/kiwix/kiwixmobile/intro/CustomPageIndicator$PendingRetreatAnimator$3,14,14,100.0
f7b2cfc1328954be,org/kiwix/kiwixmobile/core/di/components/DaggerCoreComponent$CoreServiceComponentImpl,13,17,76.47
73e85755a8694898,androidx/viewpager/widget/PagerAdapter,13,28,46.43
5436fb0c96f7bda7,kotlin/coroutines/jvm/internal/ContinuationImpl,13,18,72.22
79195bf2c8f12c89,androidx/emoji2/text/EmojiCompatInitializer,13,14,92.86
8448130e0bc04f82,com/google/android/material/appbar/AppBarLayout$ScrollingViewBehavior,13,73,17.81
777bdbb6a3fb2e37,org/kiwix/kiwixmobile/core/main/NavigationHostFragment,13,77,16.88
ecc9d5a868097e65,androidx/core/view/ViewCompat$Api21Impl,13,40,32.5
185e59435351664d,com/tonyodev/fetch2/Status,13,16,81.25
1eaf2ce339b272c9,androidx/core/view/WindowInsetsCompat$BuilderImpl20,13,39,33.33
2d7b31fdb3dc643f,androidx/constraintlayout/core/widgets/WidgetContainer,13,49,26.53
c270b3b7d14f553a,leakcanary/internal/InternalLeakCanary$registerResumedActivityListener$1,13,16,81.25
6583941c654893f9,androidx/core/view/WindowInsetsCompat$Impl21,13,14,92.86
d51d5bd2b199a6e2,androidx/navigation/NavigatorProvider$Companion,13,21,61.9
650a8e2b17ecc8a8,org/kiwix/kiwixmobile/core/main/NightModeViewPainter,13,29,44.83
f3a34d26d11f6709,com/tonyodev/fetch2/downloader/DownloadManagerImpl,13,192,6.77
19ed1ec1382980fb,androidx/lifecycle/SavedStateHandlesProvider,13,37,35.14
6b7ac410aa6461e6,com/getkeepsafe/relinker/ReLinkerInstance,13,85,15.29
ac80b735519ae1e8,com/google/android/material/navigation/NavigationBarItemView$ActiveIndicatorTransform,13,13,100.0
06a02a2f21948f45,io/reactivex/internal/functions/Functions,13,56,23.21
a9544d20482b832b,org/kiwix/kiwixmobile/core/dao/entities/LanguageEntity_,13,17,76.47
7b89792969f16a10,org/kiwix/kiwixmobile/core/main/CompatFindActionModeCallback,13,101,12.87
8ddd1e28223e641e,androidx/activity/OnBackPressedDispatcher,13,58,22.41
1ace9f50706d6208,androidx/emoji2/text/DefaultEmojiCompatConfig$DefaultEmojiCompatConfigFactory,13,40,32.5
743043c226d2e23e,leakcanary/FragmentAndViewModelWatcher$lifecycleCallbacks$1,13,15,86.67
41723388b4c07fb9,androidx/fragment/app/FragmentManager$FragmentLifecycleCallbacks,12,15,80.0
b39ccf1d6c5f3665,androidx/activity/OnBackPressedDispatcher$LifecycleOnBackPressedCancellable,12,16,75.0
65cfeeaf9391def4,com/tonyodev/fetch2/fetch/FetchImpl$Companion,12,12,100.0
11df44fac514db87,androidx/room/RoomOpenHelper$Companion,12,40,30.0
431327a9cfea6fa0,androidx/core/view/KeyEventDispatcher,12,74,16.22
b18c6b9cdea5c676,androidx/navigation/fragment/DialogFragmentNavigator,12,94,12.77
8d1a239d61d5a594,com/tonyodev/fetch2/helper/PriorityListProcessorImpl$priorityIteratorRunnable$1,12,51,23.53
9aee92ffefa7ef96,androidx/emoji2/viewsintegration/EmojiEditableFactory,12,17,70.59
cad9d455360bd64e,kotlin/io/TextStreamsKt,12,74,16.22
799bb4e93903f35e,leakcanary/internal/navigation/ViewsKt,12,36,33.33
e1fa96f63f888542,androidx/recyclerview/widget/ChildHelper$Bucket,12,62,19.35
abb26818aada7f42,androidx/collection/ContainerHelpers,12,27,44.44
64b148d7f9254bbb,kotlinx/coroutines/AbstractCoroutine,12,24,50.0
53c76920e5fae6ac,androidx/fragment/app/FragmentManagerState,12,24,50.0
4bbb39a90f40a4b9,com/google/android/material/theme/overlay/MaterialThemeOverlay,12,26,46.15
1b79341a6f05c3ad,com/google/android/material/elevation/ElevationOverlayProvider,12,44,27.27
858d4eb4116ede07,androidx/core/view/MenuItemCompat,12,87,13.79
b39fdf58c5a1e092,androidx/navigation/ui/NavigationUI$setupWithNavController$9,12,14,85.71
3228593a05064edc,org/kiwix/kiwixmobile/JacocoInstrument/JacocoInstrumentation,12,53,22.64
008ccc228488aadf,leakcanary/ServiceWatcher$install$4$2,12,16,75.0
8eff7ffded536478,io/reactivex/subjects/PublishSubject,12,70,17.14
7909670050a1375e,io/reactivex/internal/schedulers/NewThreadWorker,12,48,25.0
52325ff139a1e63d,kotlin/collections/AbstractIterator,12,17,70.59
afb2798a1ef0102d,okhttp3/internal/platform/Platform$Companion,12,61,19.67
9b1bbbc8378c06e7,kotlinx/coroutines/DispatchedCoroutine,12,23,52.17
d3b253b956f3dfc5,androidx/core/view/ViewConfigurationCompat,12,38,31.58
999a0231730146fd,org/kiwix/kiwixmobile/intro/CustomViewPager,12,16,75.0
49a9aef3e5c7a9ea,io/reactivex/processors/PublishProcessor,12,79,15.19
b24c637f7f5e283f,com/tonyodev/fetch2core/FetchLogger,12,30,40.0
84c84b9e58ff1a86,org/kiwix/kiwixmobile/core/utils/dialog/RateDialogHandler,12,45,26.67
0dd8499cbcc7e628,androidx/core/os/LocaleListCompat,11,60,18.33
80c052adabad4912,androidx/navigation/NavOptions$Builder,11,22,50.0
736d63ad65d439dd,curtains/internal/WindowCallbackWrapper$Companion,11,30,36.67
b104329b0b5b5647,kotlinx/coroutines/DebugKt,11,33,33.33
6f527f31082a8b07,androidx/appcompat/widget/ViewStubCompat,11,44,25.0
05966d17d06cdaeb,androidx/arch/core/executor/ArchTaskExecutor,11,19,57.89
c598e4053f94eb41,androidx/emoji2/text/EmojiCompatInitializer$BackgroundDefaultLoader,11,13,84.62
eca2833997c3a057,io/reactivex/internal/queue/SpscLinkedArrayQueue,11,102,10.78
49c4a2411a9567aa,okhttp3/internal/platform/android/StandardAndroidSocketAdapter$Companion,11,16,68.75
5ec449b2f064149c,androidx/fragment/app/FragmentFactory,11,29,37.93
399efcc77e627c60,leakcanary/internal/AndroidXFragmentDestroyWatcher,11,11,100.0
4a147d7ef25e6400,org/greenrobot/essentials/collections/LongHashMap,11,44,25.0
754cd3e81a7641f4,kotlin/SynchronizedLazyImpl,11,20,55.0
ab885a1779cd12b4,androidx/navigation/NavBackStackEntry$Companion,11,16,68.75
d35a84b1f5624fdd,org/kiwix/kiwixmobile/intro/CustomPageIndicator$PendingRevealAnimator,11,11,100.0
236aa88358eb4eca,kotlinx/coroutines/CoroutineContextKt,11,68,16.18
0631545ded9d539d,kotlinx/coroutines/sync/SemaphoreImpl,11,166,6.63
168f3d43d3255cb5,kotlinx/coroutines/CoroutineStart,11,24,45.83
4bbaf1bd1c63637d,androidx/core/graphics/TypefaceCompatApi24Impl,11,56,19.64
657ff34a4df30c91,org/kiwix/kiwixmobile/core/base/BaseFragment,11,31,35.48
bdf0199154eb82ca,kotlin/jvm/internal/TypeIntrinsics,11,209,5.26
b9c74661ad923577,kotlin/coroutines/CoroutineContext$Element$DefaultImpls,11,12,91.67
ea6df97d8b8f1b34,com/google/android/material/resources/MaterialAttributes,11,32,34.38
47ef186305323a2f,com/google/android/material/shape/MaterialShapeUtils,11,18,61.11
7f43f79e16901e75,kotlinx/coroutines/internal/LockFreeTaskQueue,11,31,35.48
fb6b2037120951f0,com/google/android/material/bottomnavigation/BottomNavigationMenuView,11,77,14.29
8e44edfdfa223d16,leakcanary/internal/activity/db/Db$execute$1,11,14,78.57
3fee6db41ecca7ee,org/kiwix/kiwixmobile/core/main/CoreReaderFragment_MembersInjector,11,25,44.0
a2f4508f0725fb95,androidx/appcompat/view/WindowCallbackWrapper,11,29,37.93
ebd9f3ca8064c857,androidx/constraintlayout/core/widgets/Guideline$1,11,20,55.0
6b157918afd62c0e,androidx/lifecycle/LiveData$LifecycleBoundObserver,11,14,78.57
e5a58388b3ff1b9c,org/kiwix/videowebview/VideoEnabledWebView,11,31,35.48
61ce961c32f8eef3,androidx/sqlite/util/ProcessLock$Companion,11,13,84.62
5b499fd3ce0d5af6,kotlin/io/FileTreeWalk$FileTreeWalkIterator$BottomUpDirectoryState,11,23,47.83
df60e8640de6bb70,com/google/android/material/appbar/HeaderScrollingViewBehavior,11,69,15.94
5e8fe76c392d7b6d,kotlin/io/FileTreeWalk,11,27,40.74
f1e4a9574fd60439,androidx/room/RoomDatabase$JournalMode,11,18,61.11
ff83e1d82f9c057f,kotlin/collections/EmptyList,11,50,22.0
b5e0cdda81e99207,androidx/appcompat/widget/AppCompatEmojiEditTextHelper,11,18,61.11
0ebaff731a38f4d8,kotlin/coroutines/jvm/internal/BaseContinuationImpl,11,27,40.74
f3283996ec035884,okhttp3/internal/concurrent/TaskRunner,11,145,7.59
208426174b1000a3,kotlinx/coroutines/internal/DispatchedContinuationKt,11,138,7.97
f9c83a3f946ae92a,leakcanary/AppWatcher$Config,10,73,13.7
9a4ec5ee19af4b6f,org/kiwix/kiwixmobile/core/main/DocumentParser$ParserCallback,10,21,47.62
b569ed6d758233ab,io/reactivex/internal/subscribers/LambdaSubscriber,10,42,23.81
7a6add493ff2debe,kotlin/jvm/internal/SpreadBuilder,10,25,40.0
08db883ccc09f533,androidx/webkit/internal/ServiceWorkerControllerImpl,10,29,34.48
a473bc27a6af1272,androidx/core/view/ViewCompat$Api21Impl$1,10,13,76.92
6b7c3cced6f3bd58,com/google/android/material/shape/ShapePath$PathLineOperation,10,10,100.0
be97366ca692de30,androidx/core/graphics/drawable/DrawableCompat,10,117,8.55
c457e4465a3cef3b,org/kiwix/kiwixmobile/core/utils/dialog/RateAppCounter,10,16,62.5
162c50e105ac3646,androidx/activity/result/ActivityResultRegistry$1,10,21,47.62
80115f6433530fc7,org/kiwix/kiwixmobile/core/main/DocumentParser,10,10,100.0
0b709cb3e2782c0c,androidx/fragment/app/SpecialEffectsController$3,10,17,58.82
87a23847c834fe8f,androidx/activity/OnBackPressedCallback,10,14,71.43
09b745c14b502064,leakcanary/internal/activity/db/ScopedLeaksDb,10,33,30.3
a663ce971da24276,org/kiwix/kiwixmobile/core/utils/NestedCoordinatorLayout,10,77,12.99
481f8f304f6175ff,androidx/core/app/ComponentActivity,10,50,20.0
4f33b3dd14245b0e,org/kiwix/kiwixmobile/core/reader/ZimReaderContainer,10,104,9.62
7f07511fed9aa28e,kotlinx/coroutines/scheduling/TasksKt,10,14,71.43
cd13d0a6bf6bfbc6,leakcanary/internal/LeakCanaryFileProvider,10,62,16.13
8c43a03e9866e66d,org/kiwix/kiwixmobile/core/di/modules/ApplicationModule,10,21,47.62
174af2b11cfa8d66,shark/AndroidObjectInspectors,10,14,71.43
90132c60e787144d,androidx/lifecycle/Lifecycle$State,10,11,90.91
73a7fb15dd8217aa,kotlinx/coroutines/CoroutineDispatcher,10,13,76.92
cc89e4f7e8b5e976,kotlin/collections/ArraysKt___ArraysJvmKt,10,1151,0.87
638caf9e7d952104,okio/ByteString$Companion,10,70,14.29
ebccbad2adef8739,org/kiwix/kiwixmobile/core/main/KiwixTextToSpeech,10,137,7.3
0aee74cb10358036,androidx/lifecycle/viewmodel/MutableCreationExtras,10,11,90.91
ba843bc726e8f913,io/reactivex/internal/schedulers/SingleScheduler,10,48,20.83
c214bf2d8f339779,org/kiwix/kiwixmobile/databinding/ActivityKiwixMainBinding,10,19,52.63
d76e91a8eb69e451,androidx/drawerlayout/widget/DrawerLayout$ViewDragCallback,10,91,10.99
fd1c79d9d7949955,kotlinx/coroutines/BuildersKt__BuildersKt,10,23,43.48
66b5567ab6933e78,okhttp3/internal/platform/android/AndroidSocketAdapter,10,46,21.74
ac68075fc9b2214d,androidx/appcompat/widget/AppCompatDrawableManager$1,10,152,6.58
1a723ce2dabc5179,curtains/internal/WindowSpy$windowField$2,10,15,66.67
2fadca1e3878a610,org/kiwix/kiwixmobile/core/data/KiwixRoomDatabase$Companion,10,15,66.67
8ce0830656977d8a,okhttp3/ResponseBody$Companion,10,41,24.39
9c6d9936660e1aac,kotlin/coroutines/CoroutineContext$plus$1,10,12,83.33
4d3f0b92cdfdb198,okhttp3/CertificatePinner,9,83,10.84
6c74cefd35d3d1a7,androidx/constraintlayout/core/Pools$SimplePool,9,18,50.0
898bec57aba4377f,org/kiwix/kiwixmobile/core/NightModeConfig$Mode$Companion,9,12,75.0
0d6d57ff4a2dcddc,io/reactivex/Scheduler,9,22,40.91
c84f80803783f90e,leakcanary/AndroidLeakFixes$IMM_CUR_ROOT_VIEW,9,29,31.03
c49df1ddcddf926f,com/google/android/material/appbar/ViewOffsetBehavior,9,44,20.45
2fb114ca0a2f054e,curtains/internal/WindowCallbackWrapper$Companion$jetpackWrappedField$2,9,11,81.82
f48d7d0579ea1947,androidx/lifecycle/SavedStateHandleController,9,12,75.0
e630a7ed6d829b3a,okio/internal/_ByteStringKt,9,683,1.32
16def97226c4e351,androidx/loader/app/LoaderManagerImpl$LoaderViewModel,9,39,23.08
244f8932b2399948,androidx/activity/contextaware/ContextAwareHelper,9,14,64.29
64f82817dc81ad1e,androidx/navigation/ui/NavigationUI$setupWithNavController$4,9,11,81.82
ed67aad080d68213,io/reactivex/internal/util/OpenHashSet,9,48,18.75
a108fef391c9cd05,leakcanary/internal/activity/db/Io$execute$2,9,12,75.0
aa90cf7d12f61dbe,org/kiwix/kiwixmobile/core/extensions/ActivityExtensions,9,121,7.44
02e3f50e04c0c1ac,io/objectbox/model/Model,9,77,11.69
b1530804807ec088,kotlin/collections/CollectionsKt__MutableCollectionsKt,9,134,6.72
e45221c6128ff624,androidx/navigation/NavDestination$Companion,9,34,26.47
f6d1c303d217cf55,leakcanary/AndroidLeakFixes$IMM_CUR_ROOT_VIEW$apply$1,9,34,26.47
0f9bc4e7da6ab945,androidx/lifecycle/AbstractSavedStateViewModelFactory,9,22,40.91
fb7f0ead3254c820,org/kiwix/kiwixmobile/core/extensions/ToolbarExtensionsKt,9,13,69.23
02c5e9a5542dabed,leakcanary/ActivityWatcher$lifecycleCallbacks$1,9,14,64.29
c2637ee4c0d7c5b4,kotlin/internal/jdk8/JDK8PlatformImplementations$ReflectSdkVersion,9,14,64.29
15683ee012fe1258,okhttp3/RequestBody$Companion,9,50,18.0
111a9008fb439db5,androidx/sqlite/db/framework/FrameworkSQLiteOpenHelper$OpenHelper$Companion,9,10,90.0
1fbc2404c007d7dc,androidx/lifecycle/FullLifecycleObserverAdapter$1,9,16,56.25
e8ed4815b158e57a,androidx/navigation/NavHostController,9,9,100.0
4dc5f18fff47c93f,androidx/transition/ChangeBounds,9,146,6.16
1b5592e432208140,androidx/lifecycle/ViewModelStore,9,12,75.0
ac999eb2a0e118c9,androidx/lifecycle/LiveData$ObserverWrapper,9,11,81.82
d47c27e2afb0b550,com/tonyodev/fetch2/HttpUrlConnectionDownloader,9,140,6.43
05449fbe8bee6993,org/kiwix/kiwixmobile/core/NightModeConfig$UiMode$Companion,9,12,75.0
676fa76cd459a497,org/kiwix/kiwixmobile/core/extensions/FileExtensionsKt$isFileExist$1,9,12,75.0
cd4a7a388045668b,androidx/appcompat/view/menu/ExpandedMenuView,9,18,50.0
a19c14abd6a7430c,io/reactivex/processors/BehaviorProcessor,9,123,7.32
8d357dee8cd891c5,io/reactivex/internal/schedulers/RxThreadFactory,9,11,81.82
0c178a643b5cff23,com/google/android/material/appbar/AppBarLayout$LayoutParams,9,30,30.0
87236abbbcf2598c,leakcanary/ServiceWatcher$install$3$2,9,12,75.0
e33cf84b79ca53e2,androidx/coordinatorlayout/widget/CoordinatorLayout$Behavior,9,51,17.65
5e21aefd8ee4f36f,com/tonyodev/fetch2/util/FetchDefaults,9,14,64.29
3cf44d27b5c36e60,okhttp3/internal/platform/android/CloseGuard$Companion,9,10,90.0
70cbde7fc629c76c,androidx/sqlite/db/SupportSQLiteOpenHelper$Configuration$Builder,9,21,42.86
927223a13c3f0de4,leakcanary/AndroidLeakFixes$Companion$onActivityDestroyed$1,9,12,75.0
3ba3f14053921f9a,org/kiwix/kiwixmobile/intro/IntroFragment$onViewCreated$3,9,13,69.23
6846008892ea392e,androidx/arch/core/internal/FastSafeIterableMap,9,11,81.82
24e8edd83a417747,androidx/lifecycle/viewmodel/InitializerViewModelFactory,9,14,64.29
66070d0314619e9b,kotlinx/coroutines/internal/SystemPropsKt,8,8,100.0
a7d686bd965ca02d,androidx/fragment/app/FragmentHostCallback,8,28,28.57
ef92f37a6ab49eba,androidx/lifecycle/LegacySavedStateHandleController,8,19,42.11
f2ca32a85614bd23,org/kiwix/kiwixmobile/core/main/CoreReaderFragment$setupDocumentParser$1,8,21,38.1
2b10ef6e53f0a69d,io/reactivex/internal/schedulers/SchedulerPoolFactory$ScheduledTask,8,8,100.0
7a9d31bd9e710192,leakcanary/internal/activity/db/Io,8,10,80.0
0f618354ab4fe01d,androidx/sqlite/db/SimpleSQLiteQuery,8,12,66.67
fe2e14c425545d6b,leakcanary/AndroidLeakFixes,8,9,88.89
843693fc02557de0,androidx/emoji2/text/EmojiCompat$ListenerDispatcher,8,14,57.14
241055e2afe76695,kotlin/coroutines/intrinsics/IntrinsicsKt__IntrinsicsJvmKt,8,38,21.05
9ac2ffe9e33975be,androidx/navigation/NavGraph$iterator$1,8,15,53.33
0e79d83aacdeb43f,androidx/constraintlayout/core/widgets/analyzer/DependencyGraph,8,669,1.2
27623c318ce9bb9d,leakcanary/internal/LeakCanaryDelegate$loadLeakCanary$2,8,10,80.0
8c407c35d459401b,shark/ObjectInspectors,8,10,80.0
2c2b700e5ed3f4bb,org/kiwix/kiwixmobile/core/di/modules/JNIModule,8,8,100.0
838e8bea31390d21,androidx/recyclerview/widget/RecyclerView$State,8,31,25.81
5b54326bbc037bad,okhttp3/internal/connection/RealConnectionPool,8,132,6.06
e6112cff5408f230,okhttp3/internal/platform/android/AndroidCertificateChainCleaner$Companion,8,10,80.0
22028160f637521f,androidx/activity/ComponentActivity$3,8,10,80.0
e57f51f62e27cb15,leakcanary/AndroidLeakFixes$FLUSH_HANDLER_THREADS$apply$flushNewHandlerThread$1$run$1$3,8,17,47.06
ae55411b05829c86,leakcanary/internal/activity/db/LeaksDbHelper,8,85,9.41
2ff138c0456806fe,io/reactivex/internal/schedulers/IoScheduler$EventLoopWorker,8,14,57.14
f622755583ae0062,androidx/core/view/ViewCompat$Api16Impl,8,20,40.0
d2af810318f4fbe1,androidx/drawerlayout/widget/DrawerLayout$SavedState,8,14,57.14
e7201ca5bbdfdea0,kotlinx/coroutines/internal/ResizableAtomicArray,8,14,57.14
df3eb7665dab0a05,org/kiwix/kiwixmobile/core/utils/LanguageContainer$Companion,8,12,66.67
79099ce8f54af35e,okhttp3/TlsVersion,8,12,66.67
b658043e796133c7,kotlin/io/FilesKt__UtilsKt,8,211,3.79
10455e0da57cd852,androidx/activity/result/ActivityResultRegistry$LifecycleContainer,8,8,100.0
113b35940757815b,com/google/android/material/appbar/ViewUtilsLollipop,8,19,42.11
be938a448d77084a,androidx/navigation/NavAction,8,13,61.54
8ac9d476bb7e01cc,org/kiwix/kiwixmobile/ActivityExtensionsKt,8,28,28.57
816b639f7ed76c2b,androidx/recyclerview/widget/OrientationHelper,8,13,61.54
39188882d94b48bf,androidx/appcompat/widget/RtlSpacingHelper,8,36,22.22
a0b88b84320b2a17,kotlinx/coroutines/CompletionStateKt,8,26,30.77
2609733a2e42c26f,kotlin/text/Charsets,8,20,40.0
8f21cf92fbb798d1,shark/AndroidReferenceMatchers$INPUT_METHOD_MANAGER_IS_TERRIBLE,8,8,100.0
cfdb95d621aa255b,leakcanary/GcTrigger$Default,8,10,80.0
7171c641bab4d58c,org/kiwix/kiwixmobile/core/utils/StyleUtils,8,17,47.06
ee66ab4f3fb04b6e,leakcanary/RootViewWatcher$listener$1,8,20,40.0
71261b495196cdfd,okhttp3/Protocol,8,13,61.54
1a572ef5a947b9bc,com/tonyodev/fetch2okhttp/OkHttpDownloader,8,141,5.67
7f3ffd75162e0499,com/google/android/material/animation/AnimationUtils,8,11,72.73
1ba8bc61d6e81042,org/kiwix/kiwixmobile/core/NightModeConfig$UiMode,8,10,80.0
a61e3bed1eb63ae0,curtains/internal/WindowManagerSpy$windowManagerClass$2,8,11,72.73
8ece03001db35669,org/kiwix/kiwixmobile/databinding/FragmentIntroBinding,8,17,47.06
480c9dd1ea36efa4,org/kiwix/kiwixmobile/intro/IntroPagerAdapter,8,10,80.0
c6afbf0558f830fe,org/kiwix/kiwixmobile/core/main/MainRepositoryActions,8,49,16.33
9a82801ba2a347a9,kotlin/sequences/SequencesKt__SequencesKt,8,49,16.33
ce86a715c76906f7,androidx/appcompat/widget/AppCompatEmojiTextHelper,8,14,57.14
7cabbbe056bf3f5e,androidx/core/widget/TextViewCompat,8,268,2.99
ac07d9db231fda6e,com/tonyodev/fetch2/fetch/LiveSettings,8,10,80.0
3692af8e8dce0175,curtains/internal/WindowSpy$decorViewClass$2,8,13,61.54
0c7b632ae3d43cac,leakcanary/internal/activity/db/LeakTable,8,114,7.02
0144bb5691abaa4d,androidx/core/graphics/Insets,8,31,25.81
2abcdec61df36e2a,kotlin/collections/EmptyMap,8,31,25.81
023f7a5f25f1d35f,androidx/webkit/internal/ApiFeature,8,12,66.67
12e67cc8fe86a4df,org/kiwix/kiwixmobile/core/utils/DimenUtils,7,17,41.18
7385b17f3a0a689c,kotlinx/coroutines/sync/SemaphoreKt,7,40,17.5
d786c99d4bb71bec,leakcanary/internal/VisibilityTrackerKt,7,9,77.78
d4ce8c7efea77cee,androidx/navigation/ActivityNavigator,7,119,5.88
20dab2a1bd349a4d,curtains/WindowsKt,7,39,17.95
c4dad25c28dd0487,leakcanary/internal/LeakCanaryFileProvider$SimplePathStrategy,7,63,11.11
a2677714143a121b,org/kiwix/kiwixmobile/core/downloader/fetch/FetchDownloadMonitor,7,9,77.78
dc732c633f1498c6,shark/AndroidReferenceMatchers$AW_CONTENTS_POSTED_CALLBACK,7,7,100.0
49be4406fdb68bff,com/tonyodev/fetch2/database/FetchDatabaseManagerImpl$sanitizeOnFirstEntry$1,7,8,87.5
41cbcc599b555add,kotlinx/coroutines/DefaultExecutor,7,126,5.56
999ec85e70caed72,com/tonyodev/fetch2/FetchFileServerDownloader,7,197,3.55
5dd9e0bdb2f6e598,androidx/emoji2/viewsintegration/EmojiTextViewHelper$SkippingHelper19,7,18,38.89
1f9761c5d0cefb77,androidx/recyclerview/widget/LinearLayoutManager$SavedState,7,19,36.84
edd6d184992caf6d,io/reactivex/Scheduler$DisposeTask,7,13,53.85
eaa8e49690965cca,curtains/internal/RootViewsSpy,7,11,63.64
35321f452792a31e,kotlin/internal/ProgressionUtilKt,7,22,31.82
4001e07c813e7551,androidx/lifecycle/ProcessLifecycleInitializer,7,9,77.78
3914d317abd8569b,androidx/emoji2/viewsintegration/EmojiInputFilter,7,34,20.59
269494208de32b78,org/kiwix/kiwixmobile/core/NightModeConfig$Mode,7,9,77.78
b019f59edde3b708,com/google/android/material/behavior/HideBottomViewOnScrollBehavior,7,71,9.86
7b523921b4a41ac5,androidx/core/util/Pools$SimplePool,7,13,53.85
ddfab8c829a3e493,curtains/internal/WindowManagerSpy$mViewsField$2,7,8,87.5
bbc457268229054a,androidx/core/content/ContextCompat,7,121,5.79
ef79bf99c7be1761,leakcanary/internal/InternalLeakCanary$invoke$2$1,7,12,58.33
f051aaae36a57806,com/tonyodev/fetch2/Fetch$Impl,7,21,33.33
6db9e13c833ec4cd,kotlin/sequences/SequencesKt___SequencesKt,7,1064,0.66
cc2754576b5c9a24,androidx/recyclerview/widget/LinearLayoutManager$LayoutState,7,38,18.42
df7084da222a7425,io/objectbox/flatbuffers/Utf8,7,22,31.82
c14d2166f832140c,kotlinx/coroutines/internal/ThreadContextKt,7,17,41.18
0c7b206133be574b,leakcanary/ServiceWatcher$install$4,7,7,100.0
affa79ac718947d5,org/kiwix/kiwixmobile/main/KiwixMainActivity$cachedComponent$2,7,7,100.0
d8f83e624487e7ca,leakcanary/AndroidLeakFixes$TEXT_LINE_POOL$apply$1,7,19,36.84
2c1b3d962ea74059,io/objectbox/internal/ObjectBoxThreadPool$ObjectBoxThreadFactory,7,17,41.18
4302f4cf7bef9822,androidx/lifecycle/Lifecycling,7,83,8.43
2c4a76a3c141c1ef,androidx/recyclerview/widget/RecyclerView$5,7,46,15.22
ee9698e7a4c183f7,kotlinx/coroutines/ThreadLocalEventLoop,7,10,70.0
8659574cf73ed814,androidx/recyclerview/widget/RecyclerView$AdapterDataObservable,7,25,28.0
c8160359074c32ad,androidx/customview/view/AbsSavedState,7,17,41.18
8c629d287f714047,kotlinx/coroutines/EventLoopImplPlatform,7,10,70.0
5304e79d95082e47,org/kiwix/libkiwix/JNIKiwix,7,7,100.0
ff229d388f9e35f6,kotlin/collections/State,7,8,87.5
6f16d0f3d1c11959,org/kiwix/kiwixmobile/intro/CustomPageIndicator$SavedState,7,11,63.64
d73574fb9d4ac96e,kotlinx/coroutines/intrinsics/CancellableKt,7,32,21.88
902669e8d9b0cfd2,org/kiwix/kiwixmobile/core/data/KiwixRoomDatabase,7,8,87.5
3e3db79236de3128,androidx/core/view/NestedScrollingChildHelper,7,101,6.93
d8d09ebf8a4f3e73,androidx/sqlite/db/framework/FrameworkSQLiteDatabase$query$cursorFactory$1,7,7,100.0
24bf99916b46a5c3,curtains/internal/WindowCallbackWrapper,7,46,15.22
3a437544b0e98316,org/kiwix/kiwixmobile/intro/CustomPageIndicator$PendingStartAnimator,7,7,100.0
647877aa9fbf0788,leakcanary/internal/activity/db/Db,7,8,87.5
17f3482e5651e42c,org/kiwix/kiwixmobile/nav/helper/ScrollingViewWithBottomNavigationBehavior,7,27,25.93
06303195799ebf71,kotlinx/coroutines/scheduling/CoroutineScheduler$WorkerState,7,9,77.78
985365ec685bb9a0,androidx/emoji2/viewsintegration/EmojiTransformationMethod,7,15,46.67
d2345778ab18292c,org/kiwix/kiwixmobile/core/utils/files/Log,7,31,22.58
4ffe1309fe1eb5fd,androidx/navigation/NavBackStackEntry$savedStateHandle$2,7,12,58.33
bcb64aa4b482859e,androidx/navigation/NavArgument$Builder,7,8,87.5
1dd42751d44fd10f,org/kiwix/kiwixmobile/core/NightModeConfig,7,13,53.85
1eae00258ea6e965,androidx/lifecycle/viewmodel/InitializerViewModelFactoryBuilder,6,7,85.71
93bd6c2f06bb1e2a,kotlinx/coroutines/CoroutineStart$WhenMappings,6,10,60.0
71627fe4aef0efb9,androidx/transition/AutoTransition,6,8,75.0
d5ca6643fdc3693e,kotlin/collections/CollectionsKt__MutableCollectionsJVMKt,6,19,31.58
4b58e155499983e8,okhttp3/Headers$Companion,6,78,7.69
9a23b0894d8c8e7d,kotlin/LazyThreadSafetyMode,6,7,85.71
fa5c50db175012ba,androidx/room/RoomMasterTable,6,6,100.0
3a269337e93d47ea,kotlin/ranges/IntProgression,6,33,18.18
6a9f34a80feecbfe,kotlin/collections/MapsKt__MapsJVMKt,6,46,13.04
b540adf94e0ef5a9,kotlin/UnsafeLazyImpl,6,13,46.15
580bf71d2478079f,leakcanary/AndroidLeakFixes$USER_MANAGER,6,13,46.15
583dc1784ed23bcb,com/google/android/material/internal/StateListAnimator,6,31,19.35
5942d8a60273ff67,curtains/internal/WindowCallbackWrapper$Companion$jetpackWrapperClass$2,6,11,54.55
ed6d106fe541ad06,androidx/savedstate/Recreator$SavedStateProvider,6,8,75.0
51daf982a3e27c3d,kotlin/ranges/IntProgressionIterator,6,14,42.86
ef9078f9faf5de6f,androidx/appcompat/view/menu/ListMenuPresenter$MenuAdapter,6,27,22.22
27f4956ebfaf42f7,com/tonyodev/fetch2/NetworkType,6,10,60.0
39da8865478d7a9f,kotlin/collections/CollectionsKt__CollectionsJVMKt,6,42,14.29
8e66b8fb96fe42e7,com/tonyodev/fetch2/fetch/ListenerCoordinator$fetchNotificationHandler$1,6,6,100.0
e058e3cb264b04d7,org/kiwix/kiwixmobile/core/utils/LanguageContainer,6,6,100.0
efa6e0a82561efa3,androidx/appcompat/app/AppCompatActivity$2,6,6,100.0
30fe0edf25e09f10,io/objectbox/model/FlatStoreOptions,6,107,5.61
081c4ce8d20dffc3,io/reactivex/processors/PublishProcessor$PublishSubscription,6,30,20.0
53702d2aa9e65849,androidx/core/util/Pools$SynchronizedPool,6,8,75.0
1228a9a8b477c6b3,androidx/fragment/app/FragmentStateManager$2,6,10,60.0
996881d8ad00d5a2,org/kiwix/kiwixmobile/core/di/components/DaggerCoreComponent$Builder,6,6,100.0
ebcfff0a7a2d6542,androidx/lifecycle/FullLifecycleObserverAdapter,6,13,46.15
929d8b159d088a41,androidx/recyclerview/widget/LinearLayoutManager$AnchorInfo,6,47,12.77
96a91734e9df0578,androidx/savedstate/Recreator,6,34,17.65
35597fafe6a123a5,leakcanary/internal/HeapDumpControl$hasTestClass$2,6,7,85.71
b1d7136aa6c98468,androidx/constraintlayout/core/SolverVariable$Type,6,8,75.0
7e6920a46834ce9d,org/kiwix/kiwixmobile/zimManager/SimplePageChangeListener,6,10,60.0
70b9358a0686f809,kotlinx/coroutines/scheduling/DefaultIoScheduler,6,13,46.15
eb98345d2280b8db,io/objectbox/model/ModelProperty,6,55,10.91
c1e7275fbfa7ae4c,okhttp3/CipherSuite$Companion,6,22,27.27
db0ec09c8789d332,androidx/core/view/AccessibilityDelegateCompat,6,65,9.23
1323b0644cd39780,leakcanary/internal/InternalLeakCanary$isInstantApp$2,6,8,75.0
2bd0775412dc4ec9,com/google/android/material/shape/MaterialShapeDrawable$MaterialShapeDrawableState,6,8,75.0
6bab501eabc04da3,kotlin/io/ByteStreamsKt,6,92,6.52
7410ec982bebf382,androidx/lifecycle/ProcessLifecycleOwner$3,6,8,75.0
2e79762dba625d41,io/objectbox/model/ModelEntity,6,67,8.96
e3ffc1638e7e6dac,androidx/recyclerview/widget/RecyclerView$RecyclerViewDataObserver,6,35,17.14
0a56ba40812f36a4,androidx/constraintlayout/widget/ConstraintLayout$1,6,10,60.0
f961ed95efd967b3,com/tonyodev/fetch2core/FetchAndroidExtensions,6,40,15.0
b32d284e31a7ec7c,leakcanary/AndroidLeakFixes$Companion$backgroundHandler$2,6,6,100.0
e719874ca51d3740,leakcanary/RemoteWorkManagerHeapAnalyzer$remoteLeakCanaryServiceInClasspath$2,6,7,85.71
7ef8b57f26cb01e7,kotlinx/coroutines/Job$DefaultImpls,6,21,28.57
a13edd66e7abb10b,androidx/core/os/CancellationSignal,6,49,12.24
64f3099a2440a55e,io/objectbox/Property,6,133,4.51
f3846dd6278cbe43,com/jakewharton/threetenabp/AndroidThreeTen,6,9,66.67
63320dce3a31383c,org/kiwix/kiwixmobile/core/dao/HistoryRoomDao_Impl,6,92,6.52
4b052c6696c82241,org/kiwix/kiwixmobile/core/CoreApp$Companion,6,10,60.0
040c9c3ed52b7abf,leakcanary/internal/HeapDumpControl$hasLeakAssertionsClass$2,6,7,85.71
ca78a3ffe49cf5d7,kotlin/coroutines/ContinuationInterceptor$DefaultImpls,6,22,27.27
aa1866f7378aeb02,com/google/android/material/internal/ParcelableSparseArray,6,17,35.29
9449b0a7385f4110,org/kiwix/kiwixmobile/di/components/DaggerKiwixComponent$KiwixActivityComponentBuilder,6,6,100.0
938c58478c704ce9,androidx/core/content/res/ResourcesCompat$ColorStateListCacheKey,6,13,46.15
647c3e306f7411e6,leakcanary/KeyedWeakReference,6,13,46.15
1dac291beddaa4df,kotlinx/coroutines/internal/LimitedDispatcher$Worker,6,13,46.15
e3a3d1fb5b0e8e09,kotlinx/coroutines/sync/MutexKt,6,37,16.22
d88f47a6eb3d2efb,io/reactivex/internal/schedulers/ComputationScheduler$FixedSchedulerPool,6,21,28.57
367f1da6efe7b813,androidx/emoji2/viewsintegration/EmojiEditTextHelper$HelperInternal19,6,14,42.86
932b9eeabdf385be,androidx/emoji2/text/ConcurrencyHelpers,6,10,60.0
e684b1f09372a71a,androidx/recyclerview/widget/GapWorker,6,115,5.22
543d7ba521b10919,androidx/core/graphics/TypefaceCompat,6,90,6.67
d862b8be124e1fed,leakcanary/WorkManagerHeapAnalyzer$validWorkManagerInClasspath$2,6,19,31.58
889509d927e345a4,androidx/recyclerview/widget/ViewInfoStore,6,85,7.06
1cf6ed7b8fa08434,androidx/emoji2/viewsintegration/EmojiTextViewHelper,6,14,42.86
242e122206f566e5,org/kiwix/kiwixmobile/core/di/modules/ActivityModule$Companion,6,6,100.0
fe08774e96ad955a,org/kiwix/kiwixmobile/core/utils/files/FileUtils$deleteCachedFiles$1,6,10,60.0
99ba3031f1ca9c2c,org/kiwix/kiwixmobile/core/main/CoreMainActivity$onCreate$2,6,12,50.0
d6a3b24ee8d5a01c,org/kiwix/kiwixmobile/intro/CustomPageIndicator$createMoveSelectedAnimator$3,6,6,100.0
36ec8ad53fa59f24,io/reactivex/schedulers/Schedulers,6,26,23.08
5b65fdcc6fb4dbe2,io/reactivex/internal/subscriptions/ScalarSubscription,6,23,26.09
b278c818e5a83984,com/tonyodev/fetch2/EnqueueAction,6,10,60.0
34c74cf48a0e7aec,kotlinx/coroutines/JobKt__JobKt,6,93,6.45
dccc2d7f1c58bbf9,com/google/android/material/animation/MotionTiming,6,56,10.71
89c610bc4f3f31e1,androidx/appcompat/widget/TintContextWrapper,6,54,11.11
d72e3fa29d3248cc,androidx/appcompat/widget/DrawableUtils,6,60,10.0
32f48d70429e3546,androidx/lifecycle/LegacySavedStateHandleController$1,6,6,100.0
2436556bead5f1a3,androidx/collection/LongSparseArray,6,146,4.11
001a26ceabcbe87c,androidx/navigation/NavType$ParcelableArrayType,6,29,20.69
48429cd5864aadc0,leakcanary/LogcatSharkLog,6,13,46.15
996404961737c8a3,io/reactivex/internal/schedulers/NewThreadScheduler,6,7,85.71
bea0a9a5a930939e,org/kiwix/kiwixmobile/core/main/CoreMainActivity$onCreate$3,6,12,50.0
06d829bc9fd9cbc9,org/kiwix/kiwixmobile/core/di/components/DaggerCoreComponent$CoreServiceComponentBuilder,6,6,100.0
200ce1abc1c7b6f0,curtains/internal/WindowManagerSpy$windowManagerInstance$2,6,8,75.0
755ee7d0e87939dd,kotlinx/coroutines/JobImpl,6,21,28.57
a1b7b6fbba20ad6b,leakcanary/internal/activity/db/HeapAnalysisTable,6,224,2.68
466c0598cd4e16b4,okio/_UtilKt,5,76,6.58
dee8541bf33f044f,org/kiwix/kiwixmobile/di/components/DaggerKiwixComponent$Builder,5,6,83.33
6d6482c601d121cf,org/kiwix/kiwixmobile/core/data/Repository_Factory,5,5,100.0
2422f37e34c9b0e4,androidx/lifecycle/SavedStateHandle$Companion,5,31,16.13
7567ca58d42303bf,io/reactivex/internal/operators/observable/ObservableObserveOn$ObserveOnObserver,5,96,5.21
fb882d224ee55bad,com/google/android/material/button/MaterialButton$SavedState,5,13,38.46
88db10c923cf0c3c,com/google/android/material/badge/BadgeUtils,5,71,7.04
a9c38ac01fa8aa49,androidx/viewpager/widget/ViewPager$SavedState,5,12,41.67
ed3f2d55e6793d51,kotlin/coroutines/AbstractCoroutineContextElement,5,7,71.43
7f7dc1c1f4305a06,androidx/drawerlayout/widget/DrawerLayout$2,5,6,83.33
829188ef3af3a63b,org/kiwix/kiwixmobile/core/di/modules/DatabaseModule_ProvidesFetchDownloadDaoFactory,5,5,100.0
3b04c3fc3cc233a5,org/kiwix/kiwixmobile/core/di/modules/DatabaseModule_ProvidesNewLanguagesDaoFactory,5,5,100.0
76388ba0f6b5c168,kotlinx/coroutines/BuildersKt,5,8,62.5
5bcd4d5fc05cef1f,leakcanary/internal/InternalLeakCanary$invoke$1,5,5,100.0
32dd232188d19c6f,org/kiwix/kiwixmobile/core/main/CoreWebViewClient,5,63,7.94
1a8b1ddb44b66a96,org/kiwix/kiwixmobile/core/di/modules/DownloaderModule_ProvideFetchFactory,5,5,100.0
ff240114ecfffb25,leakcanary/internal/PlumberInstaller,5,12,41.67
04ae3784555946e0,leakcanary/internal/InternalLeakCanary$isDebuggableBuild$2,5,6,83.33
7f0f5d7691c0d5d4,org/kiwix/kiwixmobile/core/utils/files/FileLogger_Factory,5,5,100.0
2a1d924f8679a0e4,shark/AndroidReferenceMatchers,5,14,35.71
21130215c9a0befa,androidx/recyclerview/widget/RecyclerViewAccessibilityDelegate,5,28,17.86
f21e43f717b055bc,androidx/fragment/app/Fragment$6,5,6,83.33
7bae7f13264b2fcd,leakcanary/internal/ViewModelClearedWatcher$Companion,5,5,100.0
61d57e877ebb1493,com/google/android/material/appbar/ViewOffsetHelper,5,23,21.74
a3c942b39c1766e6,androidx/transition/TransitionManager,5,96,5.21
7d42a727a12f3754,androidx/appcompat/widget/ResourceManagerInternal$ColorFilterLruCache,5,5,100.0
ee7191414ba9e057,androidx/collection/SparseArrayKt$valueIterator$1,5,8,62.5
f746c2b924b5d94b,leakcanary/WorkManagerHeapAnalyzer,5,23,21.74
92c2fdca6bdda2e7,org/kiwix/kiwixmobile/core/di/modules/DatabaseModule_ProvidesNewBookDaoFactory,5,5,100.0
f6c99a6f3700a8fb,org/kiwix/kiwixmobile/core/di/modules/ApplicationModule_ProvideIoThreadFactory,5,5,100.0
a0cd50878b28085f,androidx/emoji2/viewsintegration/EmojiEditTextHelper,5,17,29.41
1a4f38473bf52ddd,kotlinx/coroutines/internal/LockFreeTaskQueueCore$Companion,5,10,50.0
b409bd6febeaf27a,org/kiwix/kiwixmobile/core/di/modules/ApplicationModule_ProvideDownloadMonitor$core_debugFactory,5,5,100.0
6896715200703357,org/kiwix/kiwixmobile/core/downloader/fetch/FetchDownloadMonitor_Factory,5,5,100.0
274cae60c83e3730,androidx/fragment/app/Fragment$5,5,7,71.43
39a5c1faef79c3fb,org/kiwix/kiwixmobile/core/CoreApp_MembersInjector,5,13,38.46
76be6383da9dca50,org/kiwix/kiwixmobile/core/main/CoreMainActivity_MembersInjector,5,14,35.71
a433634602b9d4ac,org/kiwix/kiwixmobile/core/utils/SharedPreferenceUtil_Factory,5,5,100.0
d841e2235c70f23a,okhttp3/ConnectionPool,5,9,55.56
90b7446fa05b9054,org/kiwix/kiwixmobile/core/di/modules/DownloaderModule_ProvideOkHttpDownloaderFactory,5,5,100.0
18d5d70bd3f34d8e,kotlin/coroutines/EmptyCoroutineContext,5,9,55.56
c50ba5eaa1247843,leakcanary/AppWatcher$objectWatcher$2,5,7,71.43
fe29bb1c8c302b9a,androidx/lifecycle/SavedStateHandleAttacher,5,9,55.56
0a3532139f51c0a0,kotlin/LazyKt__LazyJVMKt,5,11,45.45
180842787f9e3374,androidx/navigation/NavInflater$Companion,5,9,55.56
a4321acfa2b18207,androidx/arch/core/executor/DefaultTaskExecutor,5,27,18.52
0868addc41cc9df1,androidx/core/app/NavUtils,5,61,8.2
248f1f93700f3496,androidx/core/view/ViewCompat$Api17Impl,5,12,41.67
4946f4898f8ac8df,kotlin/internal/PlatformImplementationsKt,5,40,12.5
ba7d651a0c491fc8,kotlin/sequences/GeneratorSequence,5,5,100.0
ff8eaf7a6f6e9a36,io/objectbox/model/IdUid,5,10,50.0
f738e3812650c2b9,org/kiwix/kiwixmobile/core/di/modules/JNIModule_ProvidesJNIKiwixFactory,5,5,100.0
01d27bb5dc0e3327,okhttp3/internal/platform/AndroidPlatform$Companion,5,6,83.33
7b75be34632f6dd5,androidx/appcompat/widget/VectorEnabledTintResources,5,56,8.93
994320d849b183ab,org/kiwix/kiwixmobile/core/di/modules/DatabaseModule_ProvideNewRecentSearchRoomDaoFactory,5,5,100.0
6c0499a3665214e8,org/kiwix/kiwixmobile/core/NightModeConfig_Factory,5,5,100.0
2d57a22d86db45cf,org/kiwix/kiwixmobile/core/di/modules/JNIModule_ProvideLibraryFactory,5,5,100.0
8987ea830bcf3baa,curtains/internal/RootViewsSpy$Companion$install$1$1,5,5,100.0
2ab2b02bab2e3f12,kotlin/io/FileWalkDirection,5,6,83.33
b6d16a4ed22337cb,androidx/lifecycle/EmptyActivityLifecycleCallbacks,5,8,62.5
ade18726c34ec89b,androidx/navigation/NavControllerViewModel$Companion,5,5,100.0
7863099849de5e66,androidx/viewbinding/ViewBindings,5,8,62.5
16b263314cf45367,kotlin/sequences/ConstrainedOnceSequence,5,6,83.33
36f5af3c0fea0a2c,androidx/lifecycle/SavedStateHandleSupport$savedStateHandlesVM$1$1,5,5,100.0
67f00a34ded8e5e3,org/kiwix/kiwixmobile/core/di/modules/ApplicationModule_ProvideNotificationManager$core_debugFactory,5,5,100.0
95eb42ee6c105639,org/kiwix/kiwixmobile/core/di/modules/ApplicationModule_ProvidesZimFileReaderFactory$core_debugFactory,5,5,100.0
897a7fccc2427ac5,com/tonyodev/fetch2core/HandlerWrapper$handler$1,5,5,100.0
3a90444baf01fd0d,io/reactivex/internal/subscriptions/SubscriptionHelper,5,68,7.35
1e7f1f4573bcb573,leakcanary/AndroidLeakFixes$FLUSH_HANDLER_THREADS,5,7,71.43
eadac3c33cb4529f,org/kiwix/kiwixmobile/core/di/modules/ActivityModule_Companion_ProvidesMainMenuFactoryFactory,5,5,100.0
113e6cecc6347924,org/kiwix/kiwixmobile/core/di/modules/DatabaseModule_ProvideYourDatabaseFactory,5,5,100.0
49cce23b8928f561,kotlin/Pair,5,22,22.73
a7d69bd5baacd050,leakcanary/ServiceWatcher$activityThreadServices$2,5,6,83.33
e98c9e295725f769,leakcanary/internal/activity/db/ScopedLeaksDb$DbOpener,5,19,26.32
e194e3bff0a2e69d,shark/AndroidReferenceMatchers$CLIPBOARD_EX_MANAGER,5,5,100.0
e4024d6da45b8fcc,androidx/core/content/res/ResourcesCompat$FontCallback,5,8,62.5
a00bdf896137fb98,org/kiwix/kiwixmobile/core/dao/RecentSearchRoomDao_Impl,5,51,9.8
299b662c7505c431,org/kiwix/kiwixmobile/core/di/modules/ApplicationModule_ProvideObjectBoxToRoomMigratorFactory,5,5,100.0
f0e7d58e512818fe,org/kiwix/kiwixmobile/core/di/modules/DatabaseModule_ProvideNoteRoomDaoFactory,5,5,100.0
0d14725dd02276bd,androidx/webkit/internal/ApiHelperForN,5,19,26.32
7949ee1b08d57cef,leakcanary/LeakCanary,5,33,15.15
e24d87ece48922b3,leakcanary/internal/activity/LeakActivity$Companion,5,13,38.46
f4d8264c260b5c4e,io/reactivex/internal/disposables/DisposableHelper,5,53,9.43
7c7cf39bdddbd023,okhttp3/internal/platform/Android10Platform,5,54,9.26
7ecb26aa23db4dbc,org/threeten/bp/zone/ZoneRulesInitializer,5,13,38.46
ff6d29c95e5dcfdd,androidx/preference/PreferenceManager,5,93,5.38
dda0ec2cbee3c21b,androidx/fragment/app/SpecialEffectsController$Operation$LifecycleImpact,5,6,83.33
6ddbaf6c5185e10f,androidx/activity/OnBackPressedDispatcher$OnBackPressedCancellable,5,8,62.5
7d040675420194be,okhttp3/internal/platform/Android10Platform$Companion,5,6,83.33
5255a61ebaa5d039,androidx/navigation/Navigator,5,38,13.16
44958ec8ebc94c96,org/kiwix/kiwixmobile/core/di/modules/JNIModule_ProvidesManagerFactory,5,5,100.0
a8f3dd4ff2dde2fd,leakcanary/internal/HandlersKt,5,14,35.71
435d08c45f033799,androidx/transition/TransitionValuesMaps,5,5,100.0
b7a9d93f453e1869,androidx/navigation/NavType$Companion$BoolType$1,5,15,33.33
d43dc58e511ec72d,kotlinx/coroutines/internal/SystemPropsKt__SystemPropsKt,5,6,83.33
63b40aa4c48b1e2e,okhttp3/internal/platform/android/AndroidSocketAdapter$Companion,5,16,31.25
c28c2d3d6383fda3,org/kiwix/kiwixmobile/intro/CustomPageIndicator$PendingRevealAnimator$2,5,5,100.0
8aa18823e6a94b42,com/google/android/material/color/MaterialColors,5,67,7.46
3f5c34db2b6ba8ec,butterknife/internal/Utils,5,39,12.82
397c73866ebe097e,androidx/core/view/GravityCompat,5,16,31.25
a75c63bc83d935e2,androidx/recyclerview/widget/RecyclerView$LayoutParams,5,17,29.41
70bdda117ce3df8f,androidx/navigation/NavDestination$Companion$hierarchy$1,5,5,100.0
9a16a12316aaba6e,org/kiwix/kiwixmobile/core/di/modules/ApplicationModule_ProvideObjectBoxToLibkiwixMigratorFactory,5,5,100.0
9af84585b6c391a2,androidx/webkit/internal/StartupApiFeature,5,29,17.24
3a525e9efad92ce4,androidx/navigation/NavType$Companion$StringType$1,5,10,50.0
aa490c3c5b06e9eb,org/kiwix/kiwixmobile/core/utils/dialog/AlertDialogShower_Factory,5,5,100.0
bc06aa45d0ac42e5,leakcanary/internal/MainProcessAppWatcherInstaller,5,12,41.67
7a0f118a7c897b2c,org/kiwix/kiwixmobile/core/reader/ZimReaderContainer_Factory,5,5,100.0
69c94d974af00f14,kotlinx/coroutines/CoroutineContextKt$hasCopyableElements$1,5,8,62.5
4c8f408d9b68b625,androidx/lifecycle/LifecycleRegistry$ObserverWithState,5,5,100.0
d0c4b184f6954f58,androidx/startup/InitializationProvider,5,12,41.67
0532431d7a2437a9,androidx/recyclerview/widget/OpReorderer,5,94,5.32
84f6b6ea111ba4b0,androidx/core/view/ViewCompat$2,5,9,55.56
c0c594e21712cdf0,kotlin/text/Regex,5,94,5.32
d754dceac8f9ff9c,com/google/android/material/shape/MaterialShapeDrawable$1,5,5,100.0
3996cb46b99f2cd8,curtains/Curtains,5,8,62.5
a46f211e689eb55a,leakcanary/internal/activity/screen/LeaksScreen$createView$$inlined$apply$lambda$1,5,5,100.0
7f4e002d504ef5be,org/kiwix/kiwixmobile/core/data/DataModule_ProvideDataSourceFactory,5,5,100.0
3874f406a3109940,kotlinx/coroutines/channels/BufferOverflow,5,7,71.43
de184f9d9022be1c,org/kiwix/kiwixmobile/core/di/modules/JNIModule_ProvidesLibkiwixBookmarksFactory,5,5,100.0
d232bde1c3148b71,org/kiwix/kiwixmobile/core/di/modules/DownloaderModule_ProvideFetchDownloadNotificationManagerFactory,5,5,100.0
ef8fe619480a2b17,org/kiwix/kiwixmobile/core/dao/LibkiwixBookmarks$bookmarksFolderPath$2,5,6,83.33
0cacc06f45a0b756,com/google/android/material/navigation/NavigationBarMenu,5,12,41.67
210dfdaa53f56070,androidx/collection/MapCollections,5,57,8.77
2bec61cfd03f4c21,org/kiwix/kiwixmobile/core/di/modules/CoreServiceModule_ProvidesReadAloudNotificationManagerFactory,5,5,100.0
180549f08580028d,androidx/appcompat/app/AppCompatDelegateImpl$2,5,8,62.5
fec18ffe468b0e4d,leakcanary/internal/activity/db/Db$DbContext,5,6,83.33
3c554cbb174d466a,org/kiwix/kiwixmobile/core/utils/files/FileLogger$Companion,5,5,100.0
d58d7c94e6cde8d5,org/kiwix/kiwixmobile/core/di/modules/DownloaderModule_ProvideFetchConfigurationFactory,5,5,100.0
31ff01e087c0c81e,org/kiwix/kiwixmobile/core/extensions/FileExtensionsKt$isFileExist$1$1,5,8,62.5
c8399765714c7a99,org/kiwix/kiwixmobile/core/di/modules/DatabaseModule_ProvideHistoryDaoFactory,5,5,100.0
43f66e03b6a4182b,org/kiwix/kiwixmobile/core/di/modules/ActivityModule_Companion_ProvidesMainPresenterFactory,5,5,100.0
7ae6ab277bc1a0d1,org/kiwix/kiwixmobile/core/main/TabsAdapter,5,84,5.95
5f29d5c3f233c6ae,androidx/appcompat/app/ActionBar$LayoutParams,5,9,55.56
1b67d94a54db5a9f,org/kiwix/kiwixmobile/intro/CustomPageIndicator$createMoveSelectedAnimator$1,5,5,100.0
7d99a58504c6eb1e,leakcanary/AndroidLeakFixes$ACCESSIBILITY_NODE_INFO$apply$starvePool$1,5,5,100.0
384382ba74f6b871,dagger/internal/Preconditions,5,27,18.52
a0ad934393dfd2bf,androidx/emoji2/text/EmojiCompatInitializer$LoadEmojiCompatRunnable,5,7,71.43
51fb3999cc056b22,kotlin/internal/jdk8/JDK8PlatformImplementations,5,19,26.32
12c1b577bf06aa31,org/kiwix/kiwixmobile/core/di/modules/ApplicationModule_ProvideMainThreadFactory,5,5,100.0
69c8467d93223a48,org/kiwix/kiwixmobile/core/di/modules/DatabaseModule_ProvidesBoxStoreFactory,5,5,100.0
13ce9fa750f3f0d0,kotlin/LazyKt__LazyJVMKt$WhenMappings,5,8,62.5
6cb6d352f66a9b4b,org/kiwix/kiwixmobile/core/utils/dialog/RateDialogHandler_Factory,5,5,100.0
a8f8436d0c381966,com/tonyodev/fetch2/Priority,5,9,55.56
e503600c0c9647e9,com/tonyodev/fetch2core/FetchCoreUtils,4,342,1.17
e9fa6844c535be75,org/kiwix/kiwixmobile/JacocoInstrument/SMSInstrumentedReceiver,4,7,57.14
405f6ba2fb8796f7,androidx/viewpager/widget/ViewPager$LayoutParams,4,5,80.0
168cc06fdc4793e3,com/tonyodev/fetch2/downloader/DownloadManagerCoordinator,4,33,12.12
f43be904867bb05a,org/kiwix/kiwixmobile/KiwixApp,4,5,80.0
a5c134a5ade2118a,androidx/navigation/Navigation,4,34,11.76
539d1607ef27ffaf,androidx/loader/app/LoaderManagerImpl,4,66,6.06
98b47684719ce3a4,leakcanary/RemoteWorkManagerHeapAnalyzer,4,20,20.0
37659cde452f4151,leakcanary/RootViewWatcher,4,6,66.67
d5113296fadab5c9,leakcanary/ServiceWatcher$install$3,4,4,100.0
7fba2703ba9836c4,androidx/room/util/CursorUtil,4,86,4.65
cbe4acc6979ced01,androidx/sqlite/db/SupportSQLiteOpenHelper$Callback,4,73,5.48
60c066ea310b7fb4,androidx/navigation/ActionOnlyNavDirections,4,20,20.0
9e023094be820a33,shark/AndroidReferenceMatchers$ACTIVITY_CHOOSE_MODEL,4,4,100.0
50d8e6bee5058518,okhttp3/internal/tls/CertificateChainCleaner$Companion,4,6,66.67
9332226185282e67,kotlin/Result,4,31,12.9
0148ca2df607c81a,kotlinx/coroutines/Dispatchers,4,12,33.33
b91394efd4acfcb8,com/tonyodev/fetch2/provider/DownloadProvider,4,25,16.0
01121f216a50a807,androidx/core/util/ObjectsCompat,4,23,17.39
74292d4cd0761e73,leakcanary/AndroidLeakFixes$LAST_HOVERED_VIEW,4,7,57.14
6d5e3264d11ed0e8,org/kiwix/kiwixmobile/core/base/BaseActivity,4,12,33.33
f9977b3e4ebc47cf,com/google/android/material/expandable/ExpandableWidgetHelper,4,19,21.05
5ce6b84232ac49f2,com/tonyodev/fetch2/provider/GroupInfoProvider,4,44,9.09
2314c843cc8bc545,kotlin/random/Random,4,98,4.08
adc771b521bc020e,kotlinx/coroutines/JobKt,4,29,13.79
995a2f2c10e34765,androidx/emoji2/text/EmojiCompat$CompatInternal19,4,25,16.0
65c53c5cce62f668,io/reactivex/internal/operators/observable/ObservableSubscribeOn$SubscribeOnObserver,4,10,40.0
9171ee0edc0fec87,curtains/internal/RootViewsSpy$Companion,4,4,100.0
1b87e34cb0562b50,androidx/core/view/PointerIconCompat,4,11,36.36
76ec455b565dacd2,kotlin/collections/CollectionsKt___CollectionsKt$asSequence$$inlined$Sequence$1,4,4,100.0
8fa820763d8afa45,leakcanary/AndroidLeakFixes$SAMSUNG_CLIPBOARD_MANAGER,4,17,23.53
8a4131e5c0c7e0c3,androidx/fragment/app/Fragment$9,4,4,100.0
757eeeea016e4305,kotlin/collections/EmptyIterator,4,15,26.67
517dc9c17c1035a4,kotlin/collections/AbstractIterator$WhenMappings,4,6,66.67
99a0a6b7801aa9e8,okhttp3/Dispatcher,4,119,3.36
cca066dd09642b6f,androidx/appcompat/widget/ThemeUtils,4,37,10.81
dd490a87e69dba8c,androidx/sqlite/db/SupportSQLiteCompat$Api19Impl,4,6,66.67
62a1ade9dfe8c038,androidx/interpolator/view/animation/LookupTableInterpolator,4,4,100.0
e6cb904770ce1fb9,leakcanary/internal/InternalLeakCanary$invoke$configProvider$1,4,4,100.0
709c749c2156aa67,kotlin/collections/SetsKt__SetsKt,4,33,12.12
30bd72a24a3f4566,io/reactivex/internal/observers/LambdaObserver,4,40,10.0
90efa0e4a58d0b45,androidx/fragment/app/SpecialEffectsController$1,4,5,80.0
9eaa1a14e4ea28b4,org/kiwix/kiwixmobile/core/dao/NotesRoomDao_Impl,4,38,10.53
a350215880fa979d,okhttp3/internal/concurrent/TaskRunner$RealBackend,4,16,25.0
f37ec1f45aa63fa4,leakcanary/AndroidLeakFixes$BUBBLE_POPUP,4,7,57.14
3eb6ca2adc958ef0,androidx/core/view/WindowInsetsCompat$Builder,4,26,15.38
8e04e34d4e6f1af0,curtains/Curtains$rootViewsSpy$2,4,4,100.0
b21ea62fa9a139a3,shark/AndroidReferenceMatchers$SPAN_CONTROLLER,4,4,100.0
be5ba5d8d5ae2068,org/kiwix/kiwixmobile/KiwixApp$kiwixComponent$2,4,4,100.0
9cfa8bf60f6dfc05,androidx/appcompat/app/AppCompatDelegateImpl$3,4,9,44.44
aafee021ba514b87,androidx/fragment/app/FragmentLayoutInflaterFactory,4,70,5.71
f54e64dd9a184377,org/kiwix/kiwixmobile/main/KiwixMainActivity$readerTableOfContentsDrawer$2,4,5,80.0
5d4d96390fc7fdd0,androidx/lifecycle/LifecycleDispatcher$DispatcherActivityCallback,4,4,100.0
ceec65d9bcb6d421,androidx/emoji2/text/DefaultGlyphChecker,4,16,25.0
5c28f6dec5507962,androidx/lifecycle/viewmodel/ViewModelInitializer,4,4,100.0
4fefd3ca52259b20,androidx/fragment/app/Fragment$7,4,5,80.0
d4abfc114c3389d1,kotlin/jvm/internal/Reflection,4,46,8.7
021df7d88ca13145,kotlin/io/FileTreeWalk$FileTreeWalkIterator$WhenMappings,4,6,66.67
d4b2fd30b739bbd8,org/kiwix/kiwixmobile/main/KiwixMainActivity$navHostContainer$2,4,5,80.0
75415101eb9206d2,androidx/constraintlayout/core/Cache,4,4,100.0
8e56deff80c15a0f,com/tonyodev/fetch2/database/DownloadDatabase$Companion,4,4,100.0
8f3daa86e696e1d1,leakcanary/internal/InternalLeakCanary$heapDumpPrefs$2,4,4,100.0
41fb1c36701f8447,kotlin/collections/EmptySet,4,28,14.29
e0a08c97243c3a95,shark/SharkLog,4,12,33.33
55c0b54f71589e86,androidx/room/InvalidationTracker$ObservedTableTracker,4,37,10.81
4aad7b64bb4877fc,kotlin/jvm/internal/CollectionToArray,4,61,6.56
9fdc472ad8c61f98,androidx/emoji2/text/EmojiCompat$Config,4,28,14.29
2588305fdbea1aad,org/kiwix/kiwixmobile/core/base/FragmentActivityExtensions$Super,4,6,66.67
b5381bcb3d4e8eed,leakcanary/AppWatcher$objectWatcher$3,4,4,100.0
9b4c85bd3a6d16be,com/google/android/material/navigation/NavigationView$SavedState,4,6,66.67
5266f899ab7b29e5,com/tonyodev/fetch2/provider/NetworkInfoProvider$networkCallback$1,4,6,66.67
7c90639f29bc4622,leakcanary/ActivityWatcher,4,6,66.67
d185c69626a729b3,leakcanary/internal/HandlersKt$mainHandler$2,4,4,100.0
9961811771647874,shark/AndroidReferenceMatchers$SEM_CLIPBOARD_MANAGER__MCONTEXT,4,4,100.0
44d0797d2108e18e,okhttp3/internal/authenticator/JavaNetAuthenticator,4,62,6.45
8eb4eee4a2b6ec36,org/kiwix/kiwixmobile/intro/CustomPageIndicator$LeftwardStartPredicate,4,4,100.0
1520be3c556918b8,com/google/android/material/navigation/NavigationBarView$SavedState,4,9,44.44
500880fc6947691f,leakcanary/internal/ObjectsKt$NO_OP_HANDLER$1,4,4,100.0
c8581599b29351df,leakcanary/internal/activity/screen/LeaksScreen$createView$$inlined$apply$lambda$1$1,4,4,100.0
47ae3612b0e972ab,androidx/navigation/NavController$popBackStackInternal$2,4,4,100.0
3a90c5a76a77465d,kotlinx/coroutines/internal/ThreadContextKt$countAll$1,4,13,30.77
2f34dd5dc1269225,com/tonyodev/fetch2/helper/PriorityListProcessorImpl$networkChangeListener$1$onNetworkChanged$1,4,9,44.44
6a5df192f8801fbc,androidx/lifecycle/ProcessLifecycleOwner$2,4,4,100.0
fa304a869555f46c,shark/AndroidReferenceMatchers$MEDIA_SESSION_LEGACY_HELPER__SINSTANCE,4,4,100.0
e4dfefe476a3ef60,io/reactivex/internal/operators/flowable/FlowableInternalHelper$RequestMax,4,6,66.67
aced0dbfc11eec0f,kotlin/io/FileTreeWalk$DirectoryState,4,8,50.0
d290d08b98d0e69f,io/reactivex/internal/operators/observable/ObservableSubscribeOn,4,4,100.0
df19c03a145e2cab,org/kiwix/kiwixmobile/core/downloader/fetch/FetchDownloadNotificationManager,4,85,4.71
f21be44b6571fb83,dagger/internal/InstanceFactory,4,9,44.44
47b66e926806f686,leakcanary/internal/HeapDumpControl$testClassName$2,4,4,100.0
37c306edb86fa435,androidx/navigation/NavController$navigate$4,4,4,100.0
adfc53944ea2aa40,leakcanary/internal/activity/db/Io$execute$2$1,4,5,80.0
0e3ada8e37a47bdf,androidx/navigation/NavBackStackEntry$NavResultSavedStateFactory,4,4,100.0
6cc7587f07a17d3f,androidx/recyclerview/widget/RecyclerView$SavedState,4,9,44.44
5e30385ce25578bd,org/kiwix/kiwixmobile/main/KiwixMainActivity$drawerNavView$2,4,5,80.0
618f129b72efd036,kotlinx/coroutines/scheduling/TaskImpl,4,6,66.67
64ca3641e8b7f3a2,androidx/sqlite/db/SupportSQLiteCompat$Api16Impl,4,17,23.53
33d2aed16204b949,kotlin/io/FilesKt__FileTreeWalkKt,4,10,40.0
db2b522118dbc309,androidx/core/view/WindowInsetsCompat$BuilderImpl,4,40,10.0
b9169ace7a52abae,leakcanary/internal/navigation/NavigatingActivity$Companion$NO_MENU$1,4,4,100.0
8e1dcda7168d779d,org/kiwix/kiwixmobile/intro/CustomPageIndicator$RightwardStartPredicate,4,4,100.0
843361e28ee3823c,androidx/core/view/GestureDetectorCompat,4,9,44.44
ee66498b6a6a4a4a,kotlin/coroutines/AbstractCoroutineContextKey,4,11,36.36
30c29c8748ca2127,org/kiwix/kiwixmobile/main/KiwixMainActivity$drawerContainerLayout$2,4,5,80.0
fdcd94b2a1ebd39f,kotlinx/coroutines/scheduling/UnlimitedIoScheduler,4,6,66.67
e22dff4878ff5fc0,org/kiwix/kiwixmobile/core/main/CoreReaderFragment$setupTabsAdapter$1$1$1,4,5,80.0
36f32cc4ab3a0d34,leakcanary/ServiceWatcher$activityThreadClass$2,4,4,100.0
f85aa29c7be505f5,androidx/lifecycle/ViewModelProviderGetKt,4,7,57.14
07bb4e15f0047e7f,androidx/fragment/app/Fragment$10,4,9,44.44
abff7b8ab43979bc,androidx/core/content/res/GrowingArrayUtils,4,48,8.33
8016295d6a9a021c,leakcanary/AndroidLeakFixes$ACTIVITY_MANAGER,4,6,66.67
f981851abd52c45d,com/google/android/material/navigation/NavigationBarPresenter$SavedState,4,8,50.0
f223c50c68592f15,androidx/savedstate/SavedStateRegistryController$Companion,4,4,100.0
83aee87148d801fd,androidx/collection/MapCollections$ArrayIterator,4,11,36.36
a7c27629d7794d3b,kotlinx/coroutines/scheduling/SchedulerCoroutineDispatcher,4,22,18.18
2f98b3ad42b69ba8,org/kiwix/kiwixmobile/core/read_aloud/ReadAloudNotificationManger,4,40,10.0
d38f4297fd0b66c1,androidx/drawerlayout/widget/DrawerLayout$LayoutParams,4,9,44.44
d39508959e72a50d,kotlinx/coroutines/flow/StateFlowKt,4,39,10.26
9f090a337592bacc,androidx/coordinatorlayout/widget/CoordinatorLayout$ViewElevationComparator,4,6,66.67
3f468857b06f6912,io/reactivex/android/plugins/RxAndroidPlugins,4,28,14.29
6584ccb6e9cbec8c,androidx/navigation/NavController$navInflater$2,4,5,80.0
30a8feadb958a619,androidx/core/content/FileProvider$SimplePathStrategy,4,42,9.52
66e26a87cda449a2,kotlinx/coroutines/JobNode,4,8,50.0
973837f4af2aa51d,org/kiwix/kiwixmobile/core/main/ServiceWorkerUninitialiser,4,8,50.0
f6a3cd38ca3b0260,okhttp3/internal/concurrent/Task,4,18,22.22
789c99898a845ff9,leakcanary/internal/LeakCanaryDelegate,4,5,80.0
d08d54f6f4cb7c08,org/kiwix/kiwixmobile/main/KiwixMainActivity$navController$2,4,4,100.0
bc52e50189bf9384,androidx/room/TransactionExecutor,4,23,17.39
62813be233c56a19,io/reactivex/internal/operators/flowable/FlowableConcatArray,4,4,100.0
0964f99af7157c34,androidx/recyclerview/widget/RecyclerView$ViewFlinger,4,133,3.01
9a89774c5662d7cf,kotlinx/coroutines/DefaultExecutorKt,4,11,36.36
d16051edf8672298,androidx/room/SharedSQLiteStatement,4,21,19.05
1a2171b4a4ce5058,androidx/sqlite/db/SupportSQLiteOpenHelper$Configuration$Companion,4,4,100.0
d2aedad46197cc83,kotlinx/coroutines/flow/internal/AbstractSharedFlow,4,51,7.84
d7e74dfb8f922856,androidx/sqlite/db/SupportSQLiteOpenHelper$Configuration,4,9,44.44
e1f6dbcca53a8ef5,io/reactivex/internal/operators/observable/ObservableObserveOn,4,6,66.67
76776bbb480a284a,shark/AndroidReferenceMatchers$TEXT_TO_SPEECH,4,4,100.0
89ad4a82b5bd5671,okhttp3/OkHttpClient$Companion,4,4,100.0
c2f2d23261ac7953,androidx/room/DatabaseConfiguration,3,61,4.92
aa63b8f4b352e270,shark/AndroidReferenceMatchers$FINALIZER_WATCHDOG_DAEMON,3,3,100.0
36e893c3d086c987,shark/AndroidReferenceMatchers$VIEW_GROUP__M_CURRENT_DRAG_CHILD,3,3,100.0
2d312e08c82d9c4a,io/reactivex/internal/util/BackpressureHelper,3,30,10.0
1fda10ae7453efe1,androidx/recyclerview/widget/GapWorker$LayoutPrefetchRegistryImpl,3,40,7.5
a6187b724f08b570,leakcanary/DefaultOnHeapAnalyzedListener$Companion,3,3,100.0
df844c9a186b5d94,shark/AndroidReferenceMatchers$AW_RESOURCE__SRESOURCES,3,3,100.0
ea742d29d88d98fe,com/google/android/material/stateful/ExtendableSavedState,3,22,13.64
3c0077a1666610dc,shark/AndroidReferenceMatchers$SEM_APP_ICON_SOLUTION,3,3,100.0
d9a55aa91978df48,org/kiwix/kiwixmobile/core/utils/dialog/AlertDialogShower,3,69,4.35
3a5a01100f79ff5c,androidx/constraintlayout/core/widgets/ConstraintAnchor$Type,3,4,75.0
99d80ac84f0a83fb,leakcanary/internal/ViewModelClearedWatcher$Companion$install$provider$1,3,3,100.0
f964e6f2c1d4019d,kotlin/random/FallbackThreadLocalRandom,3,3,100.0
5025deb13f729bc7,io/objectbox/flatbuffers/FlatBufferBuilder$HeapByteBufferFactory,3,3,100.0
861645dd86ad6aa9,leakcanary/internal/activity/LeakActivity$leaksButtonIconView$2,3,3,100.0
461fbab79b091f23,okhttp3/internal/platform/android/DeferredSocketAdapter,3,20,15.0
ea5bbb11be8fe144,io/reactivex/internal/schedulers/IoScheduler$ThreadWorker,3,3,100.0
123eb9ff9f9b5e69,shark/AndroidReferenceMatchers$ACCESSIBILITY_NODE_ID_MANAGER,3,3,100.0
9d6cfc61eb176178,kotlinx/coroutines/NonDisposableHandle,3,6,50.0
d3a5f00c05f2a12f,androidx/sqlite/db/framework/FrameworkSQLiteProgram,3,11,27.27
bd28c8f02780c551,shark/AndroidReferenceMatchers$GESTURE_BOOST_MANAGER,3,3,100.0
a2e03abb1778a88b,kotlin/random/Random$Default,3,20,15.0
1f919abf2054421c,shark/AndroidReferenceMatchers$USER_MANAGER__SINSTANCE,3,3,100.0
eb347f7b6cb8b4e5,okhttp3/Authenticator,3,3,100.0
266738b7d9ede28f,shark/AndroidReferenceMatchers$ACTIVITY_TRANSITION_STATE__M_EXITING_TO_VIEW,3,3,100.0
94e7b93f923d4b32,leakcanary/internal/activity/ui/SimpleListAdapter,3,9,33.33
4a900b8ae78fbf61,shark/AndroidReferenceMatchers$INPUT_MANAGER__M_LATE_INIT_CONTEXT,3,3,100.0
7cae259b8f41dfcb,kotlin/collections/CollectionsKt__IterablesKt,3,26,11.54
0e51066bb21a5fa9,shark/AndroidReferenceMatchers$SYSTEM_SENSOR_MANAGER__MAPPCONTEXTIMPL,3,3,100.0
a3762867985e4588,androidx/lifecycle/ViewModelProvider$Factory,3,6,50.0
3e7c3ab484b0203d,okhttp3/internal/platform/android/BouncyCastleSocketAdapter$Companion,3,3,100.0
b1bebdf64b63dd41,kotlin/jvm/internal/CallableReference$NoReceiver,3,4,75.0
a6d4b3dbc68f2594,shark/AndroidReferenceMatchers$SPEN_GESTURE_MANAGER,3,3,100.0
81a18b302308b809,androidx/emoji2/viewsintegration/EmojiKeyListener,3,13,23.08
1eab23974e051ea2,shark/AndroidReferenceMatchers$LEAK_CANARY_INTERNAL,3,3,100.0
2445cf116788bd99,org/kiwix/kiwixmobile/core/data/remote/ObjectBoxToRoomMigrator_MembersInjector,3,9,33.33
cb1f36e70d1ba9d1,shark/AndroidReferenceMatchers$LEAK_CANARY_HEAP_DUMPER,3,3,100.0
d4d184c7be59b44c,shark/ReferencePattern$NativeGlobalVariablePattern,3,19,15.79
aed22020bd9441cd,androidx/core/graphics/drawable/DrawableCompat$Api21Impl,3,10,30.0
2a688e11fb2a0699,kotlin/collections/AbstractList$Companion,3,38,7.89
786a45479ff035bb,androidx/appcompat/widget/FitWindowsFrameLayout,3,7,42.86
653cb0fadff67770,androidx/core/view/ViewCompat$Api23Impl,3,8,37.5
2ce59a34e390a1f6,com/google/android/material/internal/NavigationMenuPresenter$NavigationMenuSeparatorItem,3,3,100.0
48e881432b3638c3,leakcanary/AndroidLeakFixes$VIEW_LOCATION_HOLDER,3,3,100.0
3a26374f44e17166,kotlinx/coroutines/scheduling/TaskContextImpl,3,3,100.0
fa7cb7fa6f842d78,shark/AndroidReferenceMatchers$BLOCKING_QUEUE,3,3,100.0
ef7fdb7169ac60f1,com/tonyodev/fetch2/fetch/FetchImpl$addListener$$inlined$synchronized$lambda$1,3,3,100.0
ef4deb84db51456e,androidx/sqlite/db/framework/FrameworkSQLiteOpenHelper$DBRefHolder,3,3,100.0
59e823847bb90731,androidx/core/os/BuildCompat,3,58,5.17
6cca9c1ca1106283,shark/AndroidReferenceMatchers$AUDIO_MANAGER,3,3,100.0
38669bbcd2a1d9bf,com/google/android/material/internal/NavigationMenuView,3,6,50.0
3c73889c13a3ac93,shark/AndroidReferenceMatchers$CONNECTIVITY_MANAGER__SINSTANCE,3,3,100.0
c242d88cffe7e6dd,shark/AndroidReferenceMatchers$TEXT_LINE__SCACHED,3,3,100.0
e2d4732188cd7330,org/kiwix/kiwixmobile/core/main/OnSwipeTouchListener,3,9,33.33
ac9462e54e441ecb,shark/AndroidReferenceMatchers$ASSIST_STRUCTURE,3,3,100.0
c7dcaa29d0209440,leakcanary/internal/activity/LeakActivity$bottomNavigationBar$2,3,3,100.0
5eff636a612ce623,shark/AndroidReferenceMatchers$XIAMI__RESOURCES_IMPL,3,3,100.0
4a01eae654610327,okio/Options,3,18,16.67
197e29f39b128294,shark/AndroidReferenceMatchers$RAZER_TEXT_KEY_LISTENER__MCONTEXT,3,3,100.0
f1fb5214366a66cb,androidx/lifecycle/SavedStateHandlesVM,3,3,100.0
e9e70f34abbd151a,kotlinx/coroutines/scheduling/NanoTimeSource,3,3,100.0
ad96b180f71cd2de,shark/AndroidReferenceMatchers$ANIMATION_HANDLER__ANIMATOR_REQUESTORS,3,3,100.0
19db659d14b0170c,leakcanary/internal/activity/LeakActivity$leaksButton$2,3,3,100.0
6fab0637e1f7cf01,io/reactivex/internal/schedulers/TrampolineScheduler,3,11,27.27
e32481cd81483007,kotlin/coroutines/CoroutineContext$DefaultImpls,3,3,100.0
f2cf3b8aa2a65b7a,shark/AndroidReferenceMatchers$APP_OPS_MANAGER__CALLBACK_STUB,3,3,100.0
451da16ae00d74ed,leakcanary/internal/activity/db/Io$IoContext,3,4,75.0
e18602191317a05d,butterknife/internal/DebouncingOnClickListener,3,9,33.33
ad213b6af3dd282d,shark/AndroidReferenceMatchers$JOB_SERVICE,3,3,100.0
dd47be563cde8920,androidx/lifecycle/LifecycleDispatcher,3,5,60.0
4d4ed37706577b66,shark/AndroidReferenceMatchers$ACTIVITY_MANAGER_MCONTEXT,3,3,100.0
e79bd8199411ab8c,shark/AndroidReferenceMatchers$ACCOUNT_MANAGER__AMS_TASK__RESPONSE,3,3,100.0
867aeea1b9e9ab88,shark/AndroidReferenceMatchers$LGCONTEXT__MCONTEXT,3,3,100.0
9777e4fa6c98e98c,shark/AndroidReferenceMatchers$BUBBLE_POPUP_HELPER__SHELPER,3,3,100.0
745283abdff55225,io/reactivex/schedulers/Schedulers$ComputationTask,3,3,100.0
0dbd5458b521e85b,shark/AndroidReferenceMatchers$IMM_CURRENT_INPUT_CONNECTION,3,3,100.0
4bab694cc3ca39fa,kotlin/ranges/RangesKt___RangesKt,3,518,0.58
65c1ab1a95bdee7f,androidx/emoji2/viewsintegration/EmojiInputFilter$InitCallbackImpl,3,25,12.0
dc5d408c796e5c89,kotlinx/coroutines/GlobalScope,3,3,100.0
c7291e18ffba786e,kotlin/coroutines/intrinsics/CoroutineSingletons,3,5,60.0
459211cd10441452,shark/AndroidReferenceMatchers$MAIN,3,3,100.0
918a929ad2e7365b,androidx/navigation/NavType$Companion$StringArrayType$1,3,12,25.0
a8c8453341a76b34,androidx/sqlite/db/framework/FrameworkSQLiteOpenHelperFactory,3,3,100.0
0b1f7eda674fddf6,leakcanary/internal/activity/db/Io$serialExecutor$1,3,3,100.0
edfcd498e1a3cdcd,shark/AndroidObjectInspectors$SUPPORT_FRAGMENT,3,5,60.0
15fa4f7af707a8db,kotlin/io/CloseableKt,3,28,10.71
ae1ce5c6aa03f5a4,shark/ReferencePattern$JavaLocalPattern,3,19,15.79
364c01ca2c25dfa6,kotlinx/coroutines/flow/internal/NullSurrogateKt,3,3,100.0
b82f55b4755afd5d,com/google/android/material/internal/ViewUtils$4,3,4,75.0
780df840693f686e,okhttp3/internal/platform/android/AndroidCertificateChainCleaner,3,17,17.65
24e68d241187e58b,okhttp3/internal/platform/android/BouncyCastleSocketAdapter,3,25,12.0
4227b3eaeba84496,org/kiwix/kiwixmobile/core/main/TableDrawerAdapter,3,26,11.54
2999985232597e26,com/google/android/material/shape/RelativeCornerSize,3,14,21.43
c7c5d0044cddab33,androidx/core/util/Preconditions,3,73,4.11
c725d334ff9fc71d,shark/AndroidReferenceMatchers$DREAM_SERVICE,3,3,100.0
579efb37ed834e58,shark/AndroidReferenceMatchers$VIEW_TOOLTIP_CALLBACK,3,3,100.0
063506bc9bfb0eb8,shark/AndroidReferenceMatchers$PERSONA_MANAGER,3,3,100.0
cc4821d7e87542dc,kotlinx/coroutines/CoroutineDispatcher$Key,3,3,100.0
77b7afc4db197bcc,androidx/appcompat/app/AppCompatActivity$1,3,3,100.0
d71db4ad02194bbe,shark/AndroidReferenceMatchers$SMART_COVER_MANAGER,3,3,100.0
af324c629db86098,shark/AndroidReferenceMatchers$DEVICE_POLICY_MANAGER__SETTINGS_OBSERVER,3,3,100.0
ce8d890b76d6b2da,shark/AndroidReferenceMatchers$SPELL_CHECKER,3,3,100.0
fec28ebae769fb5d,androidx/fragment/app/SpecialEffectsController$2,3,3,100.0
3ff96a7d7037c26e,shark/AndroidReferenceMatchers$HOST_ADPU_SERVICE_MSG_HANDLER,3,3,100.0
96936be7c900b7da,androidx/emoji2/text/EmojiCompatInitializer$1,3,3,100.0
15e6075292572dc0,io/objectbox/ObjectClassPublisher,3,57,5.26
709d6fbae0fde44e,shark/AndroidReferenceMatchers$INSTRUMENTATION_RECOMMEND_ACTIVITY,3,3,100.0
1b2880c1f9681eb8,shark/AndroidReferenceMatchers$EXTENDED_STATUS_BAR_MANAGER,3,3,100.0
3c02f318700806d2,shark/ReferencePattern$StaticFieldPattern,3,26,11.54
486545f4446596a0,shark/AndroidReferenceMatchers$MAGNIFIER,3,3,100.0
72183e15621c8fbc,androidx/navigation/NavBackStackEntry$SavedStateViewModel,3,3,100.0
e71a04ac50ffb7f2,okhttp3/internal/platform/android/ConscryptSocketAdapter$Companion,3,3,100.0
ae2b000f6ad5ded0,org/kiwix/kiwixmobile/core/di/modules/CoreServiceModule,3,11,27.27
c59d99da129da3b9,shark/AndroidReferenceMatchers$APPLICATION_PACKAGE_MANAGER__HAS_SYSTEM_FEATURE_QUERY,3,3,100.0
9e17911bb7905121,org/kiwix/kiwixmobile/core/NightModeConfigKt,3,3,100.0
af1355c983f124c8,shark/AndroidReferenceMatchers$TOAST_TN,3,3,100.0
e529eb4ec5cd1eaa,com/getkeepsafe/relinker/ReLinker,3,8,37.5
a51c23b4f5d01136,androidx/lifecycle/SavedStateHandlesProvider$viewModel$2,3,3,100.0
8bf284e56d97c261,androidx/navigation/NavControllerViewModel$Companion$FACTORY$1,3,3,100.0
d918784fecf53181,androidx/core/view/ViewCompat$Api20Impl,3,4,75.0
5c24deb5a18aab53,org/kiwix/kiwixmobile/intro/IntroFragment$simplePageChangeListener$1,3,3,100.0
82ce1e2c5ccc5d26,shark/AndroidReferenceMatchers$PERF_MONITOR_LAST_CALLBACK,3,3,100.0
d23e000b225223bf,androidx/fragment/app/FragmentStateManager$1,3,4,75.0
d2fc6db84b447f9f,shark/AndroidReferenceMatchers$STATIC_MTARGET_VIEW,3,3,100.0
837aabafa3389a94,leakcanary/ViewLocationHolderLeakFix,3,28,10.71
87b5af9adc0c7e97,androidx/core/widget/ImageViewCompat,3,45,6.67
e9fd636398eaa9eb,leakcanary/LogcatSharkLog$Companion,3,3,100.0
cb2db4893251e601,androidx/viewpager/widget/ViewPager$3,3,3,100.0
4765bd7f151ccf7b,org/kiwix/kiwixmobile/di/components/DaggerKiwixComponent$KiwixComponentImpl$ZimReaderContainerProvider,3,3,100.0
b6e770d5ce9701e0,leakcanary/internal/activity/LeakActivity$heapDumpsButtonIconView$2,3,3,100.0
642826c024d760ca,org/kiwix/kiwixmobile/core/dao/LibkiwixBookmarks$libraryFile$2,3,3,100.0
94e3a8ac0640f5cf,shark/AndroidReferenceMatchers$BIOMETRIC_PROMPT,3,3,100.0
35a36fee42123798,org/kiwix/kiwixmobile/core/dao/LibkiwixBookmarks$bookmarkFile$2,3,3,100.0
63a155e6b2c288b8,curtains/WindowType,3,4,75.0
23db98514ba5b27c,com/google/android/material/shape/MaterialShapeDrawable$2,3,4,75.0
bdeff1d05e1e6e71,org/kiwix/kiwixmobile/core/extensions/FragmentContainerViewKt,3,4,75.0
a06f666d158d77a0,org/kiwix/kiwixmobile/core/data/remote/ObjectBoxToLibkiwixMigrator_MembersInjector,3,9,33.33
75121f04998f304d,androidx/transition/Visibility,3,151,1.99
27a11b05bb80d764,leakcanary/LazyForwardingEventListener,3,6,50.0
9e344f65601411a0,com/google/android/material/shape/ShapePath$ShadowCompatOperation,3,4,75.0
f324d35b9cb534d7,kotlinx/coroutines/ExecutorCoroutineDispatcher$Key,3,3,100.0
1d3b71da364c8cc9,io/reactivex/schedulers/Schedulers$NewThreadTask,3,3,100.0
771b013bda3ac826,androidx/customview/widget/ViewDragHelper$Callback,3,13,23.08
0dbc22cf3b89a1bd,shark/AndroidReferenceMatchers$EDITTEXT_BLINK_MESSAGEQUEUE,3,3,100.0
60db529ca79dd50b,leakcanary/internal/activity/LeakActivity$heapDumpsButton$2,3,3,100.0
8fecb207398bc6a2,com/google/android/material/bottomappbar/BottomAppBarTopEdgeTreatment,3,39,7.69
34a39f569131ffb1,shark/ReferencePattern$InstanceFieldPattern,3,26,11.54
8292766fe70ae2d3,shark/AndroidReferenceMatchers$TEXT_VIEW__MLAST_HOVERED_VIEW,3,3,100.0
6ecc4b59ba45d28f,shark/AndroidReferenceMatchers$MEDIA_SCANNER_CONNECTION,3,3,100.0
88d3c2fab9fb49dc,leakcanary/AndroidLeakFixes$Companion$onEachIdle$1,3,3,100.0
cd1d12a20bf6f360,kotlin/random/FallbackThreadLocalRandom$implStorage$1,3,3,100.0
74e87e4d065143ac,com/google/android/material/shape/EdgeTreatment,3,5,60.0
8eb2dfbcecc12871,kotlinx/coroutines/scheduling/DefaultScheduler,3,8,37.5
b1234740a4ee3d35,okhttp3/internal/platform/android/StandardAndroidSocketAdapter,3,12,25.0
8c2f807272357f49,shark/AndroidReferenceMatchers$ACTIVITY_THREAD__M_NEW_ACTIVITIES,3,3,100.0
a7a0e425df451e51,shark/AndroidReferenceMatchers$VIEW_GROUP__M_PRE_SORTED_CHILDREN,3,3,100.0
f0205a30849ba7bd,io/reactivex/internal/schedulers/SchedulerPoolFactory$SystemPropertyAccessor,3,3,100.0
01e55c29194cd41b,leakcanary/BackgroundThreadHeapAnalyzer,3,8,37.5
6ec14b2a71a9ed7b,shark/AndroidReferenceMatchers$ACCESSIBILITY_NODE_INFO__MORIGINALTEXT,3,3,100.0
49f861a08144d83f,shark/AndroidReferenceMatchers$VIEWLOCATIONHOLDER_ROOT,3,3,100.0
5f863d3906e5ddf7,leakcanary/ServiceWatcher$activityThreadInstance$2,3,4,75.0
3d60d2d2969dd82d,shark/AndroidReferenceMatchers$IREQUEST_FINISH_CALLBACK,3,3,100.0
f0aeed395d8dca4e,org/kiwix/kiwixmobile/core/extensions/ViewExtensionsKt,3,69,4.35
20e342994e05f74d,shark/AndroidReferenceMatchers$ACCESSIBILITY_ITERATORS,3,3,100.0
36fc415b5c1391f1,shark/AndroidReferenceMatchers$CONTROLLED_INPUT_CONNECTION_WRAPPER,3,3,100.0
b99537afaecdb9bb,androidx/core/view/MenuHostHelper$LifecycleContainer,3,3,100.0
a60447e48fc7775c,kotlin/io/FileTreeWalk$WalkState,3,3,100.0
ed8d41956cf345ae,io/reactivex/android/schedulers/AndroidSchedulers$1,3,3,100.0
22ba47b2fe324fef,androidx/lifecycle/viewmodel/CreationExtras,3,3,100.0
fc165c9040787f39,shark/AndroidReferenceMatchers$SEM_PERSONA_MANAGER,3,3,100.0
2541e3cc555ec594,shark/AndroidReferenceMatchers$CLIPBOARD_UI_MANAGER__SINSTANCE,3,3,100.0
f62317b0c9491504,shark/AndroidReferenceMatchers$AUDIO_MANAGER__MCONTEXT_STATIC,3,3,100.0
1f8103b9c50353af,shark/AndroidReferenceMatchers$OEM_SCENE_CALL_BLOCKER,3,3,100.0
98a35e5a90757804,com/google/android/material/shape/RoundedCornerTreatment,3,4,75.0
b032ee8a9c77017a,shark/AndroidReferenceMatchers$PLAYER_BASE,3,3,100.0
1742650b9cacc4f6,androidx/core/widget/ContentLoadingProgressBar,3,33,9.09
0fcc33d443cc12e1,com/google/android/material/bottomnavigation/BottomNavigationItemView,3,3,100.0
f44044a45de8106b,kotlinx/coroutines/DispatchedTaskKt,3,88,3.41
9570431e410f2d5b,com/tonyodev/fetch2/database/DownloadDatabase,3,7,42.86
06f266d81ba30fb9,kotlin/ranges/IntRange,3,35,8.57
5d583770d2957955,kotlin/sequences/SequencesKt__SequencesKt$asSequence$$inlined$Sequence$1,3,3,100.0
49ac494740a8117a,androidx/room/util/DBUtil,3,103,2.91
25c8512afdb0fdc5,androidx/navigation/NavDeepLinkRequest,3,23,13.04
5984a9bbad164385,com/google/android/material/theme/MaterialComponentsViewInflater,3,6,50.0
3ff47c86869a97f3,androidx/fragment/app/Fragment$2,3,3,100.0
7b85b208d7df0a05,leakcanary/AndroidLeakFixes$IMM_CUR_ROOT_VIEW$apply$2,3,8,37.5
8da7c453f47cce76,leakcanary/internal/activity/LeakActivity$aboutButton$2,3,3,100.0
609f066b1cd0c448,shark/AndroidReferenceMatchers$APP_WIDGET_HOST_CALLBACKS,3,3,100.0
025e875dc0550247,com/tonyodev/fetch2/database/Converter,3,54,5.56
bbc28503e42d688f,shark/AndroidReferenceMatchers$VIEW_CONFIGURATION__MCONTEXT,3,3,100.0
49a2f909b1313e92,org/kiwix/kiwixmobile/di/components/DaggerKiwixComponent$KiwixComponentImpl$DataSourceProvider,3,3,100.0
f6f9e45a214ca836,org/kiwix/kiwixmobile/core/read_aloud/ReadAloudService$ReadAloudBinder,3,4,75.0
a16504b8f909cdf5,org/kiwix/kiwixmobile/di/components/DaggerKiwixComponent$KiwixComponentImpl$SharedPrefUtilProvider,3,3,100.0
72cbd4a5e53a446c,io/reactivex/schedulers/Schedulers$IOTask,3,3,100.0
4e894a487ace2de1,com/tonyodev/fetch2/fetch/FetchImpl$1,3,3,100.0
79759aa698ae1239,shark/AndroidReferenceMatchers$FLIPPER__APPLICATION_DESCRIPTOR,3,3,100.0
6d44bb7058a237da,androidx/room/InvalidationLiveDataContainer,3,10,30.0
a40db717adfccd1a,okhttp3/internal/platform/android/ConscryptSocketAdapter,3,22,13.64
7f4ef10f220c9c4e,shark/AndroidReferenceMatchers$AW_CONTENTS__A0,3,3,100.0
a18aa17e7cea3d67,shark/AndroidReferenceMatchers$BACKDROP_FRAME_RENDERER__MDECORVIEW,3,3,100.0
216daaaa4af183b3,okhttp3/internal/concurrent/TaskQueue,3,152,1.97
91184d049a11efd0,com/google/android/material/bottomappbar/BottomAppBar$Behavior,3,41,7.32
51d78c3cef3bf5b4,kotlinx/coroutines/Empty,3,6,50.0
22945cc53112ce45,leakcanary/AndroidLeakFixes$ACCESSIBILITY_NODE_INFO,3,4,75.0
d8f7a36d9954c70e,shark/ReferencePattern,3,3,100.0
4daa346f7f0ec11c,shark/AndroidReferenceMatchers$LEAK_CANARY_THREAD,3,3,100.0
88e240ab41ac6c3a,shark/AndroidReferenceMatchers$RESOURCES__MCONTEXT,3,3,100.0
5b35c258818af53b,shark/AndroidReferenceMatchers$COMPANION_DEVICE_SERVICE__STUB,3,3,100.0
d6c527f4c3a0f0f7,leakcanary/internal/DebuggerControl,3,3,100.0
a0972314e0297838,kotlin/collections/ArrayAsCollection,3,27,11.11
e98254113e8f03d0,androidx/recyclerview/widget/ItemTouchHelper$Callback,3,159,1.89
c6026e18fdf740da,androidx/arch/core/internal/SafeIterableMap$Entry,3,14,21.43
7e0e5299f5568112,leakcanary/internal/HeapDumpTrigger$scheduleRetainedObjectCheck$1,3,3,100.0
e85c2bb22104e343,org/kiwix/kiwixmobile/intro/CustomViewPager$CustomScroller,3,3,100.0
036bd6107f06a5dc,androidx/coordinatorlayout/widget/CoordinatorLayout$HierarchyChangeListener,3,9,33.33
98e48d8216c8a5a0,okhttp3/EventListener,3,32,9.38
a5f7be8a9e0a34d6,androidx/appcompat/app/AppLocalesStorageHelper$SerialExecutor,3,18,16.67
49abdff6098389be,org/kiwix/kiwixmobile/intro/IntroFragment$simplePageChangeListener$2,3,3,100.0
a75553a04373ddd0,leakcanary/AppWatcher$objectWatcher$1,3,3,100.0
4d7fb63e26c6a27f,shark/AndroidReferenceMatchers$RENDER_NODE_ANIMATOR,3,3,100.0
d7a62bd1d313dfec,shark/AndroidReferenceMatchers$MULTI_WINDOW_DECOR_SUPPORT__MWINDOW,3,3,100.0
783df85c1298c553,shark/AndroidReferenceMatchers$SPELL_CHECKER_SESSION,3,3,100.0
0832959905ab7035,androidx/core/content/res/ResourcesCompat$ColorStateListCacheEntry,3,4,75.0
57654e925e4bd76a,shark/AndroidReferenceMatchers$IMM_LAST_FOCUS_VIEW,3,3,100.0
f8ae345fdbe4dd9e,curtains/OnRootViewAddedListener$DefaultImpls,3,4,75.0
54c3ca71aef6c852,androidx/recyclerview/widget/RecyclerView$ItemAnimator,3,42,7.14
82886ebf41506ffe,androidx/constraintlayout/core/state/WidgetFrame,3,321,0.93
2c90c895d2204bc5,org/kiwix/kiwixmobile/core/utils/dialog/UnsupportedMimeTypeHandler,3,33,9.09
669ad8d50756569a,androidx/sqlite/db/SimpleSQLiteQuery$Companion,3,33,9.09
166868c6073dc8c6,androidx/fragment/app/FragmentManager$2,3,5,60.0
de1f2d558f912006,androidx/activity/ComponentActivity$4,3,8,37.5
ec246317e9cede78,shark/AndroidReferenceMatchers$EVENT_RECEIVER__MMESSAGE_QUEUE,3,3,100.0
8de080983c87439a,org/kiwix/kiwixmobile/core/main/CoreWebViewClient$Companion$DOCUMENT_TYPES$1,3,56,5.36
c8e660faf51bc6c4,okhttp3/Headers,3,76,3.95
f6119a3fd1e6e3be,shark/AndroidReferenceMatchers$LAYOUT_TRANSITION,3,3,100.0
1106e6a5dd9d065c,leakcanary/internal/activity/LeakActivity$aboutButtonIconView$2,3,3,100.0
3a96b4eb76b4a9d0,androidx/interpolator/view/animation/FastOutSlowInInterpolator,3,3,100.0
4f06e5753d094ef4,okhttp3/CertificatePinner$Builder,3,8,37.5
d6bed9b0caf11809,shark/AndroidReferenceMatchers$SPEECH_RECOGNIZER,3,3,100.0
3aa6f72dead4dd42,shark/AndroidReferenceMatchers$WINDOW_ON_BACK_INVOKED_DISPATCHER__STUB,3,3,100.0
f47029d1b7499f02,io/reactivex/internal/functions/ObjectHelper,3,32,9.38
a3593bdd9475e2e9,androidx/fragment/app/FragmentManager$PopBackStackState,3,9,33.33
b77c5b3cf94a91a6,leakcanary/internal/ApplicationsKt,3,4,75.0
506686f01ba6129a,kotlinx/coroutines/EventLoop_commonKt,3,9,33.33
211ad0bd8b366235,shark/AndroidReferenceMatchers$CONNECTIVITY_MANAGER_CALLBACK_HANDLER,3,3,100.0
6f400a4f12fbd734,shark/AndroidReferenceMatchers$MEDIA_PROJECTION_CALLBACK,3,3,100.0
6698e5691e94c3b7,com/google/android/material/shape/AdjustedCornerSize,3,14,21.43
ac071c522bca2536,org/kiwix/kiwixmobile/core/main/KiwixWebView$Companion,3,3,100.0
4c59a2e201a7ae7f,shark/AndroidReferenceMatchers$SEM_EMERGENCY_MANAGER__MCONTEXT,3,3,100.0
66294d92f451d15b,androidx/constraintlayout/core/widgets/ConstraintWidget$DimensionBehaviour,3,4,75.0
dbb493014551da17,leakcanary/DefaultOnHeapAnalyzedListener,3,6,50.0
8e452bb182a7ee86,io/reactivex/schedulers/Schedulers$SingleTask,3,3,100.0
71dca31ead222329,kotlin/coroutines/jvm/internal/DebugProbesKt,3,3,100.0
929317c9ad0a8ca1,leakcanary/internal/HeapDumpControl$ICanHazHeap$Yup,3,3,100.0
4021448c9e637cf5,androidx/webkit/internal/ApiFeature$N,3,4,75.0
d651c5da83e0619b,shark/AndroidReferenceMatchers$MAPPER_CLIENT,3,3,100.0
effba827755ea9f5,androidx/activity/ComponentActivity$5,3,3,100.0
a51e02ffcdcfa2e2,org/greenrobot/essentials/collections/MultimapSet$SetType,3,5,60.0
c9936d6356c6e2a4,shark/LibraryLeakReferenceMatcher,2,38,5.26
3e3a251e7b47087b,leakcanary/AndroidLeakFixes$FLUSH_HANDLER_THREADS$apply$flushNewHandlerThread$1$run$1$3$posted$1,2,2,100.0
2f0762b1ac4cc808,androidx/navigation/NavType$Companion$LongArrayType$1,2,11,18.18
3179e3f6551b0ef4,shark/AndroidReferenceMatchers$TEXT_LINE__SCACHED$add$1,2,7,28.57
cb21372c64967800,org/kiwix/kiwixmobile/core/di/modules/ActivityModule$Companion$providesMainMenuFactory$1,2,5,40.0
7dc259511da308c1,org/kiwix/kiwixmobile/core/di/modules/DatabaseModule_ProvidesNewHistoryDaoFactory,2,5,40.0
6cd91fdffa6f4572,org/kiwix/kiwixmobile/core/data/DataModule,2,2,100.0
90ceae1d33ea3081,leakcanary/internal/InternalLeakCanary$invoke$2,2,2,100.0
4c99309585e2f50b,com/getkeepsafe/relinker/SystemLibraryLoader,2,13,15.38
f0af992f8c2cb346,androidx/viewpager/widget/ViewPager$2,2,2,100.0
7cdd4bfbf639662a,kotlin/jvm/internal/ReflectionFactory,2,30,6.67
daabdc2066e4be49,org/kiwix/kiwixmobile/core/utils/ExternalLinkOpener,2,22,9.09
b6d7e957ac0cb6c4,androidx/transition/ChangeBounds$1,2,9,22.22
d769364e626bbe77,shark/AndroidObjectInspectors$ACTIVITY,2,4,50.0
cbe3b24e29efd134,androidx/activity/ViewTreeOnBackPressedDispatcherOwner,2,6,33.33
e62c5689c9acf1a3,org/kiwix/kiwixmobile/core/utils/files/FileLogger_Factory$InstanceHolder,2,3,66.67
9a28ef2afe510172,androidx/lifecycle/ViewModelProvider$NewInstanceFactory$Companion$ViewModelKeyImpl,2,2,100.0
a3407694e92b5094,shark/AndroidReferenceMatchers$PERSONA_MANAGER$add$1,2,9,22.22
4ac48d1bbff1a281,shark/KeyedWeakReferenceFinder,2,24,8.33
0627f306b74df34a,kotlinx/coroutines/scheduling/Task,2,4,50.0
24823b3e87ff8029,shark/AndroidReferenceMatchers$SPELL_CHECKER_SESSION$add$1,2,9,22.22
096cfa8a1f7c8465,androidx/collection/MapCollections$KeySet,2,29,6.9
946358c37fede5d7,okhttp3/ConnectionSpec$Companion,2,2,100.0
122e762b7b6ba376,org/kiwix/kiwixmobile/core/main/CoreReaderFragment$initHideBackToTopTimer$1,2,6,33.33
e2d86f607ac2fd71,androidx/constraintlayout/widget/Group,2,14,14.29
a138c78e316e8eb3,shark/ReferencePattern$Companion,2,2,100.0
3e8ccf4c213080ab,com/google/android/material/internal/NavigationMenuPresenter$NavigationMenuTextItem,2,2,100.0
6d28f9ccbe0b452d,shark/ReferencePattern$JavaLocalPattern$Companion,2,2,100.0
28ecc5a7533e6f14,leakcanary/AndroidDebugHeapDumper,2,4,50.0
81cf49d45613a50b,org/kiwix/kiwixmobile/core/main/CoreReaderFragment$setupMenu$1,2,10,20.0
24d5b65019c105e8,org/kiwix/kiwixmobile/core/utils/dialog/AlertDialogShower$Companion,2,2,100.0
0fec659864f33396,org/greenrobot/essentials/collections/MultimapSet,2,7,28.57
cc7931fa06e77ddd,com/getkeepsafe/relinker/TextUtils,2,6,33.33
c2f066a1a1b3e7ac,shark/AndroidReferenceMatchers$APP_OPS_MANAGER__CALLBACK_STUB$add$1,2,9,22.22
e7c70ef67de3a629,androidx/core/widget/CheckedTextViewCompat,2,26,7.69
2e6852db9ca2bccd,androidx/navigation/NavType$Companion$IntType$1,2,16,12.5
007e9951033f9b3b,org/kiwix/kiwixmobile/core/main/CoreReaderFragment$setTabListener$1,2,8,25.0
342f18133aafaa4b,androidx/coordinatorlayout/widget/CoordinatorLayout$OnPreDrawListener,2,2,100.0
3f99a58deaa0802f,org/kiwix/kiwixmobile/core/extensions/FragmentExtensionsKt,2,15,13.33
84d4606fa6c7adba,org/kiwix/kiwixmobile/core/main/KiwixWebView$2$1,2,4,50.0
7bc783b68e78356f,shark/ReferencePattern$NativeGlobalVariablePattern$Companion,2,2,100.0
84a803e3876cb8d2,org/kiwix/kiwixmobile/core/page/notes/viewmodel/NotesViewModel_Factory,2,5,40.0
bf8fe37938b59612,org/kiwix/kiwixmobile/core/di/modules/NetworkModule_ProvideKiwixServiceFactory,2,5,40.0
8cbc6f0e225fccc9,okhttp3/internal/tls/CertificateChainCleaner,2,2,100.0
305178ff23f824f4,org/kiwix/kiwixmobile/core/dao/FlowBuilder_Factory$InstanceHolder,2,3,66.67
a37cee8d7b99a818,shark/AndroidReferenceMatchers$ACCOUNT_MANAGER__AMS_TASK__RESPONSE$add$1,2,7,28.57
45ed59869528835a,leakcanary/internal/activity/db/DbKt,2,2,100.0
cf4a260e31d18960,okhttp3/internal/connection/RealConnectionPool$cleanupTask$1,2,3,66.67
e6551750e3005f94,shark/AndroidReferenceMatchers$GESTURE_BOOST_MANAGER$add$1,2,10,20.0
b411a481131ace48,org/kiwix/kiwixmobile/core/dao/entities/RecentSearchEntityCursor$Factory,2,2,100.0
6624b1fa6af3b4b7,androidx/drawerlayout/widget/DrawerLayout$AccessibilityDelegate,2,55,3.64
77ca90373f67d2ba,org/kiwix/kiwixmobile/core/main/CoreReaderFragment$onViewCreated$5,2,8,25.0
b74d58a0009d6058,androidx/core/widget/TextViewCompat$Api17Impl,2,9,22.22
f57c782aefadb3db,leakcanary/BackgroundThreadHeapAnalyzer$heapAnalyzerThreadHandler$2,2,6,33.33
9b12763acaca9c2e,org/kiwix/kiwixmobile/core/read_aloud/ReadAloudService$Companion,2,2,100.0
34d4263fa6728afd,androidx/core/util/ObjectsCompat$Api19Impl,2,3,66.67
fff2b97c5f755c82,shark/AndroidReferenceMatchers$LGCONTEXT__MCONTEXT$add$1,2,9,22.22
bfc4156a3d298df6,kotlin/collections/AbstractMutableList,2,3,66.67
7f26aefccdb7dc89,shark/AndroidReferenceMatchers$OEM_SCENE_CALL_BLOCKER$add$1,2,9,22.22
448019172a6bd1ba,shark/AndroidReferenceMatchers$MAGNIFIER$add$1,2,7,28.57
04501274b1b21c69,shark/AndroidReferenceMatchers$ANIMATION_HANDLER__ANIMATOR_REQUESTORS$add$1,2,7,28.57
4f76d151a94290ba,androidx/webkit/ServiceWorkerControllerCompat,2,2,100.0
3b6c92dd1b05173c,com/google/android/material/floatingactionbutton/FloatingActionButtonImpl$ShadowAnimatorImpl,2,12,16.67
fcd261395419fa37,org/kiwix/kiwixmobile/core/di/modules/CoreServiceModule_ProvidesHotspotStateReceiverFactory,2,5,40.0
d9f89462fb55d13d,androidx/collection/ArraySet$1,2,10,20.0
3db17db015e9396c,shark/AndroidObjectInspectors$ANDROIDX_FRAGMENT$leakingObjectFilter$1,2,15,13.33
57dde82de35b27e0,kotlin/coroutines/ContinuationInterceptor$Key,2,2,100.0
5873473c2a431175,curtains/WindowsKt$tooltipString$2,2,8,25.0
aeb7ddc489b298ee,androidx/appcompat/widget/TooltipCompat,2,5,40.0
4ed32a64731f002b,shark/AndroidReferenceMatchers$AUDIO_MANAGER$add$1,2,7,28.57
0e6e92c227164592,shark/AndroidReferenceMatchers$MEDIA_PROJECTION_CALLBACK$add$1,2,9,22.22
62301d8e4b15c4bb,androidx/navigation/NavType$Companion$FloatType$1,2,12,16.67
238c38b27d3074cc,androidx/core/os/TraceCompat$Api18Impl,2,3,66.67
721de78039fde911,org/kiwix/kiwixmobile/di/modules/KiwixModule_ProvideFat32Checker$kiwix_debugFactory,2,5,40.0
53e1c88966136559,kotlinx/coroutines/ExecutorCoroutineDispatcher$Key$1,2,6,33.33
7c98a931e6f2b12c,shark/AndroidReferenceMatchers$SYSTEM_SENSOR_MANAGER__MAPPCONTEXTIMPL$add$1,2,13,15.38
4a050fd7a5acb778,okhttp3/internal/concurrent/TaskRunner$Companion,2,3,66.67
0b7a820437e55bfb,com/tonyodev/fetch2/Error$Companion,2,34,5.88
8ff21dc0a4d7e420,kotlinx/coroutines/internal/LockFreeLinkedListNode,2,107,1.87
4905681b10bde94a,shark/AndroidReferenceMatchers$BIOMETRIC_PROMPT$add$1,2,7,28.57
031422f7be8ea6a3,com/tonyodev/fetch2core/HandlerWrapper$sam$i$java_lang_Runnable$0,2,2,100.0
82d511326338e211,org/kiwix/kiwixmobile/core/main/CoreReaderFragment$onViewCreated$2,2,27,7.41
7520a9f564e1ceb1,shark/AndroidReferenceMatchers$SPAN_CONTROLLER$add$1,2,7,28.57
860dca84e592fd3c,androidx/navigation/NavBackStackEntryState$Companion,2,2,100.0
d520faee8182d6fc,shark/AndroidReferenceMatchers$ACTIVITY_CHOOSE_MODEL$add$1,2,9,22.22
028aab4b59af77b5,shark/AndroidReferenceMatchers$INPUT_METHOD_MANAGER_IS_TERRIBLE$add$2,2,9,22.22
e62bf3f68f168f5c,okhttp3/CookieJar,2,2,100.0
4b5fe3e83e3012a4,leakcanary/ServiceWatcher$Companion,2,2,100.0
b77aa24fec6730f2,androidx/navigation/ui/NavigationViewKt,2,2,100.0
c42321bf70c75de4,androidx/recyclerview/widget/RecyclerViewAccessibilityDelegate$ItemDelegate,2,57,3.51
eef9199be7366d76,shark/AndroidObjectInspectors$EDITOR,2,4,50.0
bd1b587849555210,shark/AndroidReferenceMatchers$ACCESSIBILITY_NODE_INFO__MORIGINALTEXT$add$1,2,9,22.22
85509fcb347aba27,kotlinx/coroutines/flow/FlowKt__ShareKt,2,40,5.0
40fc91b12dddbdeb,io/reactivex/android/schedulers/AndroidSchedulers,2,15,13.33
6a0b997d045a1e31,org/kiwix/kiwixmobile/core/search/viewmodel/ZimSearchResultGenerator_Factory$InstanceHolder,2,3,66.67
05996188a8041d93,androidx/lifecycle/ViewModelProvider$NewInstanceFactory$Companion,2,7,28.57
016b19b9eccaf434,com/tonyodev/fetch2/database/migration/MigrationFiveToSix,2,4,50.0
0a2a9bc6e69d90bd,androidx/navigation/NavType$Companion$BoolArrayType$1,2,11,18.18
f907192fb01c5643,io/reactivex/android/schedulers/AndroidSchedulers$MainHolder,2,3,66.67
8f8c918347533c27,leakcanary/internal/InternalLeakCanary$formFactor$2,2,8,25.0
bd2b30ece21bf211,androidx/core/os/LocaleListCompat$Api21Impl,2,23,8.7
8dd82128fe471913,com/tonyodev/fetch2/EnqueueAction$Companion,2,7,28.57
5f1ba63170321aa3,leakcanary/FragmentAndViewModelWatcher$Companion,2,3,66.67
553f19e9c307c2dc,kotlin/Unit,2,3,66.67
de0d69fd12a85a4e,androidx/core/os/LocaleListPlatformWrapper,2,11,18.18
f8328f0b964d053b,androidx/savedstate/Recreator$Companion,2,2,100.0
c932cb435132a550,org/kiwix/kiwixmobile/zimManager/ZimManageViewModel_Factory,2,5,40.0
35e0566db8262239,okhttp3/internal/connection/RealConnectionPool$Companion,2,4,50.0
e98de10790d43664,org/kiwix/kiwixmobile/core/dao/entities/NotesEntityCursor$Factory,2,2,100.0
634ad0974ed87b39,kotlinx/coroutines/Job$Key,2,2,100.0
8de749a6b8257330,leakcanary/ToastEventListener,2,18,11.11
66c5dc74a66e17aa,shark/AndroidObjectInspectors$VIEW_ROOT_IMPL$leakingObjectFilter$1,2,27,7.41
5d65d5cbedae4d3f,shark/AndroidReferenceMatchers$MAPPER_CLIENT$add$1,2,9,22.22
237d48aed9f7f10c,kotlin/jvm/internal/ClassReference$Companion,2,45,4.44
1a1aa2512e1cbed6,org/kiwix/kiwixmobile/core/downloader/fetch/FetchDownloadMonitor$fetchListener$1,2,29,6.9
75748f82cb796395,shark/AndroidObjectInspectors$CONTEXT_WRAPPER,2,39,5.13
1044fcf6024d85c3,kotlinx/coroutines/ExecutorCoroutineDispatcher,2,2,100.0
0ded69141c40547f,shark/AndroidObjectInspectors$VIEW$leakingObjectFilter$1,2,56,3.57
e5823d14c3e7ef47,kotlin/comparisons/ComparisonsKt__ComparisonsKt,2,84,2.38
f03df6139cbcab0b,shark/AndroidReferenceMatchers$CLIPBOARD_UI_MANAGER__SINSTANCE$add$1,2,10,20.0
1c1ce4dc3f3d9a8a,androidx/room/InvalidationTracker$refreshRunnable$1,2,95,2.11
457d589e490c3e3f,kotlinx/coroutines/internal/ThreadContextKt$updateState$1,2,7,28.57
7521dab4b1cd0ac3,org/kiwix/kiwixmobile/core/search/viewmodel/SearchViewModel_Factory,2,5,40.0
c56f8d0460b2bc45,org/kiwix/kiwixmobile/intro/CustomPageIndicator$SavedState$Companion,2,2,100.0
04d4f9c6910e3505,androidx/navigation/fragment/FragmentNavigator$Companion,2,2,100.0
20399d01dd741e73,leakcanary/AndroidLeakFixes$MEDIA_SESSION_LEGACY_HELPER,2,3,66.67
08afb0093f22067e,shark/AndroidObjectInspectors$FRAGMENT,2,4,50.0
2fa053863872b47b,org/kiwix/kiwixmobile/core/webserver/KiwixServer_Factory_Factory,2,5,40.0
cf112f48f0f8099c,shark/AndroidReferenceMatchers$IREQUEST_FINISH_CALLBACK$add$1,2,7,28.57
2f95c80c30e493a7,leakcanary/internal/HeapDumpControl$ICanHazHeap,2,2,100.0
5f516df543fddf37,leakcanary/ObjectWatcher$expectWeaklyReachable$2,2,2,100.0
fa58e37865e24faf,shark/AndroidReferenceMatchers$TEXT_VIEW__MLAST_HOVERED_VIEW$add$1,2,10,20.0
164b29ee31c519d8,androidx/core/graphics/TypefaceCompatBaseImpl,2,82,2.44
2fdd2bf3e8f9efaf,org/kiwix/kiwixmobile/core/base/BasePresenter,2,6,33.33
d5de19f2977ac56e,androidx/core/graphics/ColorUtils,2,170,1.18
ff4a7f066147ae56,kotlinx/coroutines/CoroutineScopeKt,2,30,6.67
4a2a89b34942b06a,androidx/navigation/NavController$activity$1,2,7,28.57
4ed600907e0549d0,shark/AndroidReferenceMatchers$INPUT_METHOD_MANAGER_IS_TERRIBLE$add$5,2,9,22.22
51df3f72e0b7296a,shark/AndroidReferenceMatchers$COMPANION_DEVICE_SERVICE__STUB$add$1,2,7,28.57
0a3b83793bb4db62,androidx/appcompat/widget/Toolbar$SavedState,2,13,15.38
96b8a6d497c8a85d,okhttp3/internal/platform/android/AndroidLogHandler,2,6,33.33
345ce771ed749f06,androidx/activity/result/contract/ActivityResultContracts$RequestMultiplePermissions,2,42,4.76
fe5d727511e9c6b7,org/kiwix/kiwixmobile/core/data/Repository,2,80,2.5
9ce53543dfb75111,androidx/sqlite/db/SupportSQLiteOpenHelper$Callback$Companion,2,2,100.0
eb6ecff7eaa6a995,androidx/lifecycle/ViewModelProvider$AndroidViewModelFactory$Companion$ApplicationKeyImpl,2,2,100.0
8fadc79e8b644e64,org/kiwix/kiwixmobile/core/di/modules/DatabaseModule$Companion,2,4,50.0
21f177d4bbdde743,androidx/fragment/app/FragmentContainer,2,2,100.0
3afabde3de093540,org/kiwix/kiwixmobile/core/extensions/FileExtensionsKt,2,10,20.0
6e51afa350126d79,leakcanary/LeakCanary$Config$1,2,6,33.33
b3c5ea9304b84b72,androidx/fragment/app/Fragment$OnPreAttachedListener,2,2,100.0
d1cbd8fffaf2e811,org/kiwix/kiwixmobile/core/di/modules/CoreServiceModule_ProvidesHotspotStateReceiverCallbackFactory,2,5,40.0
a3b8fbd887525739,kotlin/UNINITIALIZED_VALUE,2,2,100.0
2266df4169b4d917,org/kiwix/kiwixmobile/core/di/modules/MutexModule_ProvideMutexFactory,2,5,40.0
8a08215081019a7b,okhttp3/TlsVersion$Companion,2,16,12.5
2cdfeaa36ca43630,androidx/activity/result/contract/ActivityResultContracts$RequestMultiplePermissions$Companion,2,4,50.0
badab3916bb5bad7,shark/AndroidReferenceMatchers$SPAN_CONTROLLER$add$2,2,7,28.57
1a5d355a9d413ff9,androidx/navigation/NavController$onBackPressedCallback$1,2,3,66.67
dbaa6fcc693bced6,shark/AndroidReferenceMatchers$INPUT_METHOD_MANAGER_IS_TERRIBLE$add$3,2,9,22.22
b639c70a1ade4560,shark/IgnoredReferenceMatcher,2,4,50.0
8adc13e389c2c04b,shark/AndroidObjectInspectors$FRAGMENT$leakingObjectFilter$1,2,13,15.38
4d8987e359ce77c6,shark/ObjectInspectors$KEYED_WEAK_REFERENCE,2,25,8.0
6e5f7b7473af95a2,leakcanary/AndroidLeakFixes$IMM_FOCUSED_VIEW,2,18,11.11
1f517e893d91a051,androidx/lifecycle/DefaultLifecycleObserver,2,6,33.33
21db7d3e52c31154,androidx/navigation/NavController$Companion,2,4,50.0
a2901c56b7aaf9d9,androidx/arch/core/internal/SafeIterableMap$DescendingIterator,2,3,66.67
1980d2ddd5a0e8b4,shark/AndroidReferenceMatchers$AUDIO_MANAGER__MCONTEXT_STATIC$add$1,2,9,22.22
14aadd357962cc0a,leakcanary/AndroidLeakFixes$TEXT_LINE_POOL,2,3,66.67
0a80f79869b44ced,shark/AndroidReferenceMatchers$BACKDROP_FRAME_RENDERER__MDECORVIEW$add$1,2,9,22.22
e78d4047bcd5c6b4,kotlinx/coroutines/CoroutineDispatcher$Key$1,2,6,33.33
793f5838090a26ee,androidx/navigation/NavType$Companion$ReferenceType$1,2,16,12.5
def8fda4f41a6deb,leakcanary/internal/navigation/NavigatingActivity$Companion,2,3,66.67
eafb055fa937dd31,shark/AndroidMetadataExtractor,2,120,1.67
b4a270a6145a822c,androidx/room/EntityDeletionOrUpdateAdapter,2,27,7.41
b3d83ca6bb1e788c,com/tonyodev/fetch2/fetch/FetchModulesBuilder$Holder,2,67,2.99
40f315bc11920640,androidx/navigation/ActivityNavigator$Companion,2,16,12.5
4d878ad1a7e66fbe,androidx/core/os/ConfigurationCompat,2,4,50.0
7560f44643545a54,shark/AndroidReferenceMatchers$STATIC_MTARGET_VIEW$add$1,2,9,22.22
0912fa83514f8ce8,shark/AndroidReferenceMatchers$SEM_CLIPBOARD_MANAGER__MCONTEXT$add$2,2,10,20.0
960e2f771510187f,androidx/activity/result/ActivityResultRegistry$3,2,9,22.22
6f37e493e931c9b8,leakcanary/KeyedWeakReference$Companion,2,5,40.0
35b2173f04aa4cfa,androidx/fragment/app/FragmentTransaction$Op,2,5,40.0
d3c31dfb16937175,androidx/appcompat/widget/Toolbar$LayoutParams,2,10,20.0
415e7f9ace1fd090,kotlinx/coroutines/Unconfined,2,7,28.57
626ec0a604024004,org/kiwix/kiwixmobile/core/di/modules/DatabaseModule_ProvidesNewNoteDaoFactory,2,5,40.0
1e16b2e43aafb323,kotlin/jvm/JvmClassMappingKt,2,67,2.99
90b61094b2c2cc6c,shark/AndroidReferenceMatchers$AW_RESOURCE__SRESOURCES$add$1,2,9,22.22
5634a1a2dc7d9863,androidx/lifecycle/ViewModelProvider$Factory$Companion,2,4,50.0
1de161f93a9d815f,androidx/interpolator/view/animation/LinearOutSlowInInterpolator,2,3,66.67
0094323903cc04ef,org/kiwix/kiwixmobile/core/dao/entities/NotesEntityCursor,2,26,7.69
dc782a3034ae5f3b,androidx/appcompat/app/AppCompatDelegateImpl$ListMenuDecorView,2,24,8.33
f3f32e9ec8160079,androidx/lifecycle/SavedStateHandle$SavingStateLiveData,2,12,16.67
875dc1a5c9bd90d3,shark/AndroidReferenceMatchers$SEM_EMERGENCY_MANAGER__MCONTEXT$add$1,2,10,20.0
b76d0444d41851cc,shark/AndroidReferenceMatchers$CONNECTIVITY_MANAGER__SINSTANCE$add$1,2,7,28.57
a10b53eecf2d5db4,leakcanary/AndroidLeakFixes$Companion$onEachIdle$1$1,2,2,100.0
86a65fc981ddb5a9,org/kiwix/kiwixmobile/core/base/FragmentActivityExtensions$DefaultImpls,2,5,40.0
959c8020abf3fa35,shark/AndroidObjectInspectors$MESSAGE_QUEUE,2,4,50.0
b032a3e3d3c1d21c,com/tonyodev/fetch2/Status$Companion,2,14,14.29
0a289fe51c941538,androidx/navigation/NavGraph$Companion,2,5,40.0
e61ef128359c274b,shark/ObjectInspectors$KEYED_WEAK_REFERENCE$leakingObjectFilter$1,2,26,7.69
58fb31681584cc52,shark/AndroidReferenceMatchers$VIEW_GROUP__M_PRE_SORTED_CHILDREN$add$1,2,7,28.57
03064aedfdf12538,androidx/core/view/AccessibilityDelegateCompat$AccessibilityDelegateAdapter,2,25,8.0
ef28b268bb87d508,shark/AndroidReferenceMatchers$JOB_SERVICE$add$1,2,7,28.57
35f6d3aab6e0389b,kotlinx/coroutines/internal/ConcurrentLinkedListNode,2,72,2.78
7a1027d2e4c9a93c,okhttp3/EventListener$Companion,2,2,100.0
98ebe8ce814a4fb2,com/google/android/material/bottomappbar/BottomAppBar$SavedState,2,12,16.67
4a3547ad51319b00,com/tonyodev/fetch2/database/migration/MigrationFourToFive,2,4,50.0
655c973c9d3d7fd7,shark/AndroidReferenceMatchers$ASSIST_STRUCTURE$add$1,2,7,28.57
b645290fc091529f,io/reactivex/internal/operators/flowable/FlowableJust,2,3,66.67
25e096e8944913af,androidx/room/InvalidationTracker$ObservedTableTracker$Companion,2,2,100.0
070a60105dd0be7c,kotlinx/coroutines/flow/FlowKt,2,164,1.22
d64ff66f618cc120,org/kiwix/kiwixmobile/core/utils/files/FileSearch,2,64,3.12
ae0a4db8ee74ed73,androidx/constraintlayout/widget/Guideline,2,27,7.41
5f1e44884250dda2,androidx/room/RoomDatabase$Companion,2,2,100.0
eddf2fd63f594d3f,kotlin/internal/PlatformImplementations,2,17,11.76
e5d8097826f34112,shark/AndroidReferenceMatchers$EDITTEXT_BLINK_MESSAGEQUEUE$add$1,2,7,28.57
32eb1fbaa732af08,kotlin/collections/ArrayDeque$Companion,2,9,22.22
26a26c71d6657f58,shark/AndroidReferenceMatchers$PERF_MONITOR_LAST_CALLBACK$add$1,2,9,22.22
1c363d685157ff7d,org/kiwix/kiwixmobile/core/di/modules/CoreServiceModule_ProvidesIpAddressCallbacksFactory,2,5,40.0
907c0a43489640e9,androidx/arch/core/executor/DefaultTaskExecutor$1,2,4,50.0
a8ead833c8fe20b4,leakcanary/AndroidLeakFixes$CONNECTIVITY_MANAGER,2,10,20.0
8e9f6164fd0500f8,shark/AndroidReferenceMatchers$SEM_PERSONA_MANAGER$add$1,2,9,22.22
cead0785142034c5,androidx/fragment/app/FragmentManager$4,2,2,100.0
2fe6c4391938fd73,shark/ReferenceMatcher,2,2,100.0
e3c7332522603bfd,androidx/recyclerview/widget/LinearLayoutManager$LayoutChunkResult,2,2,100.0
00b5946adf2bc1df,org/kiwix/kiwixmobile/nav/helper/ScrollingViewWithBottomNavigationBehavior$Companion,2,2,100.0
4913ebf40c6fdf53,org/kiwix/kiwixmobile/core/di/modules/DownloaderModule_ProvidesDownloaderFactory,2,5,40.0
c74c817b2806986e,shark/ReferencePattern$StaticFieldPattern$Companion,2,2,100.0
8710879598d26f73,shark/AndroidReferenceMatchers$RAZER_TEXT_KEY_LISTENER__MCONTEXT$add$1,2,9,22.22
eaf425c9014b09ce,kotlin/collections/AbstractList,2,30,6.67
df2ed2d021173028,androidx/appcompat/widget/AppCompatTextHelper$1,2,9,22.22
f275be8154b6ffca,shark/AndroidReferenceMatchers$PLAYER_BASE$add$1,2,9,22.22
72fd8333aa2da629,org/kiwix/kiwixmobile/intro/IntroPresenter,2,3,66.67
4c698b599552d9d2,leakcanary/internal/HeapDumpTrigger$Companion,2,2,100.0
8b2c147b09154759,androidx/activity/result/contract/ActivityResultContracts$StartActivityForResult$Companion,2,2,100.0
13982180267b35b3,leakcanary/internal/HeapDumpControl$backgroundUpdateHandler$2,2,6,33.33
c96ced8e05128dc1,androidx/emoji2/text/EmojiCompat$CompatInternal19$1,2,3,66.67
2a56dc4c45bae88a,shark/AndroidReferenceMatchers$Companion$ALWAYS$1,2,4,50.0
d89d6610adb1ffc6,org/kiwix/kiwixmobile/core/dao/entities/BookmarkEntityCursor$Factory,2,2,100.0
4c199bc640a2eb74,io/reactivex/internal/operators/observable/ObservableSubscribeOn$SubscribeTask,2,2,100.0
2374a0df3ac1904b,com/google/android/material/navigation/NavigationBarItemView$ActiveIndicatorUnlabeledTransform,2,3,66.67
1cd21b90fa6e8d18,shark/AndroidReferenceMatchers$IMM_CURRENT_INPUT_CONNECTION$add$1,2,10,20.0
8cb063c913d069ed,com/tonyodev/fetch2/helper/DownloadInfoUpdater,2,7,28.57
794816bef34c3d09,shark/AndroidReferenceMatchers$WINDOW_ON_BACK_INVOKED_DISPATCHER__STUB$add$1,2,9,22.22
89b0e703e109a529,org/kiwix/kiwixmobile/core/main/CoreReaderFragment$setUpTTS$1$1,2,6,33.33
9275b0baf5404343,shark/AndroidObjectInspectors$EDITOR$leakingObjectFilter$1,2,19,10.53
16f446327f924743,shark/AndroidReferenceMatchers$SPEN_GESTURE_MANAGER$add$1,2,9,22.22
a428ae983e956d67,kotlin/jvm/internal/CallableReference,2,30,6.67
ec2436dca63f8fba,kotlinx/coroutines/sync/SemaphoreSegment,2,16,12.5
23bb38b10053fc2a,androidx/viewpager/widget/ViewPager$4,2,18,11.11
7141818a39211cfc,androidx/appcompat/app/AppCompatDelegateImpl$5,2,3,66.67
82c4558673d16042,shark/AndroidReferenceMatchers$TEXT_TO_SPEECH$add$1,2,7,28.57
4f21e55ed77e7426,okhttp3/internal/concurrent/TaskRunner$runnable$1,2,28,7.14
196559f81876eaad,okhttp3/ResponseBody,2,63,3.17
5f8683ec724314fc,androidx/recyclerview/widget/RecyclerView$RecycledViewPool$ScrapData,2,2,100.0
d96def2ab25e13db,com/tonyodev/fetch2/database/migration/Migration,2,2,100.0
55d40f5baf78e0ae,shark/AndroidObjectInspectors$WINDOW,2,4,50.0
7fd9d732c2b88c4d,androidx/navigation/NavType$Companion$FloatArrayType$1,2,11,18.18
aeeb5caf6772c270,shark/AndroidReferenceMatchers$SMART_COVER_MANAGER$add$1,2,9,22.22
418cd9d0d5a83b18,shark/AndroidObjectInspectors$MORTAR_SCOPE,2,4,50.0
5e9bd3778f964d29,io/objectbox/flatbuffers/FlatBufferBuilder$ByteBufferFactory,2,2,100.0
4c7d16520c751921,androidx/appcompat/widget/AppCompatTextClassifierHelper,2,6,33.33
6bf471e8d2cb2859,kotlinx/coroutines/internal/Segment,2,27,7.41
4931cc7e0c6d99a1,org/kiwix/kiwixmobile/core/main/CoreReaderFragment$setUpTTS$1$2,2,18,11.11
d5637b5ea5941d99,shark/AndroidReferenceMatchers$CLIPBOARD_EX_MANAGER$add$1,2,9,22.22
6c42c7fbcf642a08,org/kiwix/kiwixmobile/core/ServiceWorkerInitialiser$init$1,2,4,50.0
4e3e433f17cf3c8d,androidx/core/view/animation/PathInterpolatorCompat,2,10,20.0
fadff5495898ce22,org/kiwix/kiwixmobile/core/dao/NewLanguagesDao,2,20,10.0
43f769d59cc22a81,org/kiwix/kiwixmobile/core/dao/FlowBuilder_Factory,2,5,40.0
87b0159e870fb1dd,org/kiwix/kiwixmobile/core/webserver/ZimHostPresenter_Factory,2,5,40.0
23c779325b2723fe,kotlinx/coroutines/internal/ThreadContextKt$findOne$1,2,7,28.57
60e66a1b649b4d2e,androidx/navigation/ActivityNavigator$hostActivity$1,2,7,28.57
0ea43aa28a3a7a03,com/tonyodev/fetch2/database/migration/MigrationTwoToThree,2,6,33.33
6e51ae5311fe60c6,kotlin/collections/CollectionsKt___CollectionsJvmKt,2,68,2.94
c21771762bb1b0cc,com/tonyodev/fetch2/NetworkType$Companion,2,8,25.0
83fe90192d021983,leakcanary/internal/InternalLeakCanary$onRetainInstanceListener$2,2,6,33.33
1f4cf0d9e1559c27,org/kiwix/kiwixmobile/core/main/CoreWebViewClient$Companion,2,2,100.0
738862ef19af04a9,org/kiwix/kiwixmobile/core/di/modules/ApplicationModule_ProvideApplication$core_debugFactory,2,5,40.0
ca29175a83106ae2,leakcanary/AndroidLeakFixes$SPELL_CHECKER,2,34,5.88
7b204e4edf530052,com/google/android/material/shape/ShapePath$LineShadowOperation,2,9,22.22
e29a20d9f2f6d118,androidx/appcompat/app/AppLocalesMetadataHolderService,2,6,33.33
354550c51f60b381,com/tonyodev/fetch2/helper/PriorityListProcessorImpl$networkChangeListener$1,2,2,100.0
8c09a1e6f5d93c3e,androidx/savedstate/SavedStateRegistry$Companion,2,2,100.0
438db1077a542032,androidx/transition/Fade,2,30,6.67
e1f2a0dcbb88531c,androidx/interpolator/view/animation/FastOutLinearInInterpolator,2,3,66.67
9c768734a266f9db,shark/AndroidReferenceMatchers$XIAMI__RESOURCES_IMPL$add$1,2,10,20.0
825b2c27374df91d,org/kiwix/kiwixmobile/di/modules/KiwixModule_ProvideLocationManager$kiwix_debugFactory,2,5,40.0
bb23383b2da7727b,com/google/android/material/internal/VisibilityAwareImageButton,2,9,22.22
02799276f97ecc97,io/reactivex/subjects/PublishSubject$PublishDisposable,2,18,11.11
0855792c1f465394,shark/AndroidReferenceMatchers$HOST_ADPU_SERVICE_MSG_HANDLER$add$1,2,9,22.22
97818ff431041b8c,org/kiwix/kiwixmobile/core/di/modules/DownloaderModule_ProvideOkHttpDownloaderFactory$InstanceHolder,2,3,66.67
9a645d791be29ec4,com/google/android/material/internal/NavigationMenuPresenter$NormalViewHolder,2,2,100.0
e7c95e0b8ad43726,org/kiwix/kiwixmobile/intro/CustomViewPager$Companion,2,2,100.0
fab0be550f74e955,androidx/appcompat/widget/ToolbarWidgetWrapper$1,2,7,28.57
393512f95a53e9ae,org/kiwix/kiwixmobile/core/read_aloud/ReadAloudNotificationManger$Companion,2,2,100.0
1da0c8ffd7f872f2,shark/AndroidReferenceMatchers$MEDIA_SCANNER_CONNECTION$add$1,2,7,28.57
dceedffa4e2cfe6d,kotlin/text/Regex$Companion,2,13,15.38
f72133cf59fcf924,okhttp3/internal/connection/RouteDatabase,2,8,25.0
4011ef93d452a37d,shark/AndroidObjectInspectors$CONTEXT_IMPL$leakingObjectFilter$1,2,11,18.18
cc9212b184619787,kotlin/random/AbstractPlatformRandom,2,10,20.0
fb453f2cbe185ffb,org/kiwix/kiwixmobile/core/dao/NewBookDao,2,113,1.77
52cea5a166f901af,androidx/emoji2/text/DefaultEmojiCompatConfig$DefaultEmojiCompatConfigHelper_API19,2,3,66.67
c3d5eeb446ba2f83,shark/AndroidObjectInspectors$APPLICATION_PACKAGE_MANAGER,2,4,50.0
64ca819ff84e9eb1,shark/AndroidReferenceMatchers$USER_MANAGER__SINSTANCE$add$1,2,9,22.22
707d1003167e4f57,shark/AndroidReferenceMatchers$MEDIA_SESSION_LEGACY_HELPER__SINSTANCE$add$1,2,7,28.57
78537db65ba23bb6,org/kiwix/kiwixmobile/core/utils/dialog/RateAppCounter$Companion,2,2,100.0
1004ed7aa60a28c1,org/kiwix/kiwixmobile/core/di/modules/ApplicationModule_ProvideWifiManagerFactory,2,5,40.0
32314fcdb6b2a9a5,shark/AndroidReferenceMatchers$CONNECTIVITY_MANAGER_CALLBACK_HANDLER$add$1,2,7,28.57
fe614eb28d067a48,org/kiwix/kiwixmobile/core/utils/SharedPreferenceUtil$Companion,2,2,100.0
2a2f7955b72eef25,org/kiwix/kiwixmobile/core/page/history/viewmodel/HistoryViewModel_Factory,2,5,40.0
ab7061d49c8bb8f6,org/kiwix/kiwixmobile/core/di/modules/DatabaseModule_ProvidesNewBookmarksDaoFactory,2,5,40.0
b4ae71ba7036451a,okhttp3/RequestBody,2,18,11.11
91847a48ca541c28,shark/AndroidReferenceMatchers$SEM_APP_ICON_SOLUTION$add$1,2,10,20.0
22050ca58ae0a30e,kotlin/coroutines/jvm/internal/CompletedContinuation,2,7,28.57
03542f497676a7bd,kotlin/jvm/internal/FunctionReference,2,40,5.0
f994be32803f326f,shark/AndroidObjectInspectors$WINDOW$leakingObjectFilter$1,2,15,13.33
d8859784290a804d,androidx/sqlite/db/framework/FrameworkSQLiteOpenHelper$Companion,2,2,100.0
80fb813b284a88b4,androidx/core/view/LayoutInflaterCompat,2,32,6.25
b496c08658cb1058,org/kiwix/kiwixmobile/core/dao/entities/HistoryEntityCursor$Factory,2,2,100.0
67e5ef59d05e1ba0,kotlin/Result$Companion,2,5,40.0
4a57ba902a82457e,leakcanary/internal/activity/db/LeaksDbHelper$Companion,2,2,100.0
a331272bc2506187,org/kiwix/kiwixmobile/core/di/modules/CoreServiceModule_ProvidesHotspotNotificationManagerFactory,2,5,40.0
4909a558dbe0b2de,shark/AndroidReferenceMatchers$SEM_CLIPBOARD_MANAGER__MCONTEXT$add$1,2,10,20.0
9a47308ea20d36ae,androidx/emoji2/text/DefaultEmojiCompatConfig,2,3,66.67
be9a53f21fc2aebf,shark/AndroidObjectInspectors$CONTEXT_WRAPPER$leakingObjectFilter$1,2,15,13.33
49f101a255affa1b,okhttp3/Protocol$Companion,2,11,18.18
f3025020acfd9e16,shark/AndroidReferenceMatchers$INSTRUMENTATION_RECOMMEND_ACTIVITY$add$1,2,10,20.0
1e44ddc54e721f8b,kotlin/ranges/IntRange$Companion,2,3,66.67
e57a51c1e62b7f94,shark/AndroidReferenceMatchers$TEXT_TO_SPEECH$add$2,2,7,28.57
2ed531a157af2096,androidx/emoji2/viewsintegration/EmojiTextWatcher$InitCallbackImpl,2,5,40.0
df06244bd140d2b1,androidx/fragment/app/FragmentManager$7,2,2,100.0
a73e1373d683943c,leakcanary/internal/activity/db/Io$VolatileObjectRef,2,8,25.0
b9ee621db3b1ca6e,org/kiwix/kiwixmobile/core/di/modules/DownloaderModule_ProvidesDownloadRequesterFactory,2,5,40.0
dde05cb447483f5a,okhttp3/Dns,2,2,100.0
8caac5bb19baa3a6,org/kiwix/kiwixmobile/intro/CustomPageIndicator$StartPredicate,2,3,66.67
7465109c213a2ab5,com/google/android/material/floatingactionbutton/FloatingActionButton$ShadowDelegateImpl,2,10,20.0
afdb4150f145a608,shark/AndroidReferenceMatchers$SPELL_CHECKER$add$1,2,7,28.57
d4449d20587b77b1,androidx/collection/SparseArrayKt,2,31,6.45
35b66055806a579f,androidx/activity/result/ActivityResultRegistry$2,2,9,22.22
e3f98da91f013516,shark/AndroidReferenceMatchers$RESOURCES__MCONTEXT$add$1,2,9,22.22
7cba19abc55d1d0c,androidx/constraintlayout/core/widgets/analyzer/BasicMeasure$Measure,2,2,100.0
c35b7662c53f7ec5,kotlin/sequences/SequencesKt__SequencesKt$generateSequence$2,2,2,100.0
587df1eca14172ed,androidx/lifecycle/viewmodel/CreationExtras$Empty,2,3,66.67
5efa3f4ec2e0e0dd,androidx/navigation/NavType$Companion$IntArrayType$1,2,11,18.18
e3c974fa75bfa389,com/tonyodev/fetch2/provider/NetworkInfoProvider$networkChangeBroadcastReceiver$1,2,3,66.67
9ee988d2811abd14,okhttp3/Authenticator$Companion,2,2,100.0
b3f914c6de970470,org/kiwix/kiwixmobile/core/di/modules/ApplicationModule_ProvideConnectivityManagerFactory,2,5,40.0
48ed3f43e49d944a,org/kiwix/kiwixmobile/core/dao/RecentSearchRoomDao$Companion,2,2,100.0
4ad66c7d638e7850,org/kiwix/kiwixmobile/intro/IntroFragment$Companion,2,2,100.0
a6baf349fc565f74,com/tonyodev/fetch2/database/migration/MigrationOneToTwo,2,4,50.0
60aa25152b019828,shark/AndroidReferenceMatchers$EXTENDED_STATUS_BAR_MANAGER$add$1,2,9,22.22
c191934aae80e418,com/google/android/material/shape/CornerTreatment,2,4,50.0
8b21d6d902de4c39,androidx/navigation/ui/BottomNavigationViewKt,2,2,100.0
deba29aae29c6495,androidx/savedstate/ViewTreeSavedStateRegistryOwner,2,6,33.33
e9893f48f53faef9,androidx/lifecycle/MutableLiveData,2,4,50.0
00d65e0a82b5caa2,shark/AndroidObjectInspectors$SERVICE,2,4,50.0
09d0cf3a90a6a84a,org/kiwix/kiwixmobile/core/di/modules/ApplicationModule_ProvideBookUtils$core_debugFactory,2,5,40.0
e29c53b955018484,okhttp3/ResponseBody$Companion$asResponseBody$1,2,5,40.0
1b87cbbba29330e9,shark/AndroidReferenceMatchers$DEVICE_POLICY_MANAGER__SETTINGS_OBSERVER$add$1,2,10,20.0
59052a9d26591817,com/google/android/material/shape/AbsoluteCornerSize,2,10,20.0
20228b6d89a994fc,shark/AndroidObjectInspectors$VIEW_ROOT_IMPL,2,4,50.0
1e4b687d03398e60,com/tonyodev/fetch2/helper/PriorityListProcessorImpl$Companion,2,2,100.0
97b0e80204e5ffaf,org/kiwix/kiwixmobile/core/dao/entities/BookmarkEntityCursor,2,26,7.69
48f9f68b5ada87f2,org/kiwix/kiwixmobile/core/search/viewmodel/ZimSearchResultGenerator_Factory,2,5,40.0
6d597c372ca5c75d,androidx/room/InvalidationTracker$Companion,2,13,15.38
ef1e7ad508cdfe95,okhttp3/Dns$Companion,2,2,100.0
b728cdf74e5a4f4a,kotlin/text/CharsKt__CharJVMKt,2,50,4.0
23264c881bd917ca,com/tonyodev/fetch2/database/migration/MigrationSixToSeven,2,5,40.0
f600c8976a4ce785,androidx/room/EntityInsertionAdapter,2,101,1.98
971baab5e38317c7,org/kiwix/kiwixmobile/intro/CustomPageIndicator$setViewPager$2,2,8,25.0
bb9453fa07090ba8,org/kiwix/kiwixmobile/core/page/bookmark/viewmodel/BookmarkViewModel_Factory,2,5,40.0
3ce540d470caae96,androidx/lifecycle/ViewModelProvider$AndroidViewModelFactory$Companion,2,11,18.18
2fe622421296abf1,com/tonyodev/fetch2/Priority$Companion,2,7,28.57
142085a151e4f139,leakcanary/WorkManagerHeapAnalyzer$workManagerSupportsExpeditedRequests$2,2,7,28.57
4e28d60050643c04,org/kiwix/kiwixmobile/core/zim_manager/MountPointProducer_Factory$InstanceHolder,2,3,66.67
4f3716909a8535ad,androidx/emoji2/text/EmojiCompatInitializer$BackgroundDefaultConfig,2,2,100.0
4f69d5e30d02c891,shark/AndroidObjectInspectors$TOAST$leakingObjectFilter$1,2,25,8.0
ce2868f27ff64172,okhttp3/internal/platform/android/CloseGuard,2,15,13.33
8697953e5f8f313e,okhttp3/CertificatePinner$Companion,2,9,22.22
fc28caa379c9ff3c,com/tonyodev/fetch2core/DefaultStorageResolver,2,38,5.26
d9f21d28c4788aa7,org/kiwix/kiwixmobile/di/modules/KiwixModule_ProvidesWiFiP2pManagerFactory,2,5,40.0
612d96c0375c1d0b,kotlinx/coroutines/BlockingEventLoop,2,2,100.0
ff8f68d65384b9e2,org/kiwix/kiwixmobile/core/main/CoreReaderFragment$initTabCallback$1,2,11,18.18
792965b97d5bed9e,androidx/activity/result/contract/ActivityResultContracts$StartActivityForResult,2,6,33.33
bf2dc7dd990c6964,shark/AndroidReferenceMatchers$CLIPBOARD_EX_MANAGER$add$2,2,9,22.22
a6a0f068ccb0f7a7,androidx/navigation/fragment/DialogFragmentNavigator$Companion,2,2,100.0
7795a986f6e3e902,androidx/loader/app/LoaderManager,2,4,50.0
41a5bd5003a7dcb9,org/kiwix/kiwixmobile/core/StorageObserver,2,35,5.71
8961395a4faae903,shark/AndroidObjectInspectors$TOAST,2,4,50.0
df00896f0f2e69eb,shark/AndroidReferenceMatchers$APP_WIDGET_HOST_CALLBACKS$add$1,2,7,28.57
416b3b192b97cd23,kotlinx/coroutines/flow/ReadonlyStateFlow,2,5,40.0
89f5deeb14f2ac48,shark/AndroidObjectInspectors$MESSAGE_QUEUE$leakingObjectFilter$1,2,17,11.76
7e17dca9d8ae2adc,shark/AndroidReferenceMatchers$RENDER_NODE_ANIMATOR$add$1,2,9,22.22
a542063812470e5b,okio/Segment$Companion,2,2,100.0
78e51175d98b88bf,shark/AndroidReferenceMatchers$IMM_LAST_FOCUS_VIEW$add$1,2,9,22.22
a73f05b55396edc9,shark/AndroidReferenceMatchers$VIEWLOCATIONHOLDER_ROOT$add$1,2,7,28.57
1256697eb0a557ae,shark/AndroidReferenceMatchers$INPUT_METHOD_MANAGER_IS_TERRIBLE$add$4,2,10,20.0
13508234d1506c6c,shark/AndroidReferenceMatchers$VIEW_CONFIGURATION__MCONTEXT$add$1,2,9,22.22
db664af6bad4c877,com/tonyodev/fetch2core/Downloader$FileDownloaderType,2,4,50.0
f23562798771c282,androidx/lifecycle/Lifecycle,2,2,100.0
39cdd5cfdc2705ed,leakcanary/internal/ObjectsKt,2,6,33.33
f35e9d15c0ba6660,shark/AndroidReferenceMatchers$ACTIVITY_MANAGER_MCONTEXT$add$1,2,10,20.0
bef6c048a9df67e9,androidx/recyclerview/widget/ViewBoundsCheck,2,31,6.45
98a1b97ce73bcb6a,androidx/loader/app/LoaderManagerImpl$LoaderViewModel$1,2,2,100.0
23386b5915201668,shark/AndroidReferenceMatchers$SPEECH_RECOGNIZER$add$1,2,7,28.57
74b4861c229f77f3,shark/AndroidReferenceMatchers$ACCESSIBILITY_ITERATORS$add$1,2,7,28.57
ebbcd20dc8b9ce26,shark/AndroidObjectInspectors$SERVICE$leakingObjectFilter$1,2,11,18.18
2a82fc483220c0ce,shark/AndroidObjectInspectors$CONTEXT_IMPL,2,4,50.0
bbfaa1c79d9040b3,kotlin/ranges/IntProgression$Companion,2,3,66.67
9606d11df462da31,shark/AndroidReferenceMatchers$BUBBLE_POPUP_HELPER__SHELPER$add$1,2,10,20.0
6c52db75d56cfd16,curtains/OnRootViewRemovedListener$DefaultImpls,2,4,50.0
a899fb037db510ac,org/kiwix/kiwixmobile/core/main/CoreReaderFragment$setupTableDrawerAdapter$1,2,21,9.52
469bb8ea6addc805,shark/AndroidReferenceMatchers$VIEW_GROUP__M_CURRENT_DRAG_CHILD$add$1,2,9,22.22
975f0c013f93a110,org/kiwix/kiwixmobile/core/di/modules/DatabaseModule_ProvidesNewRecentSearchDaoFactory,2,5,40.0
98f9b06967a29e09,shark/AndroidObjectInspectors$MORTAR_SCOPE$leakingObjectFilter$1,2,13,15.38
7c8bb42e632d0eb3,org/kiwix/kiwixmobile/language/viewmodel/LanguageViewModel_Factory,2,5,40.0
1bd59ed9e9b38384,shark/AndroidReferenceMatchers$ACCESSIBILITY_NODE_ID_MANAGER$add$1,2,9,22.22
1a613915bab19093,androidx/tracing/TraceApi18Impl,2,3,66.67
f7300d010bc5985f,org/kiwix/kiwixmobile/zimManager/ConnectivityBroadcastReceiver_Factory,2,5,40.0
de483019f2dc6672,com/tonyodev/fetch2/PrioritySort,2,4,50.0
fb27b2d8ae28f907,shark/ReferencePattern$InstanceFieldPattern$Companion,2,2,100.0
1e1bda6a653b65a4,okhttp3/CookieJar$Companion,2,2,100.0
7e42608a54891df7,shark/AndroidReferenceMatchers$INPUT_METHOD_MANAGER_IS_TERRIBLE$add$6,2,7,28.57
15d1d90e61ded5c0,org/kiwix/kiwixmobile/core/di/modules/NetworkModule_ProvideOkHttpClientFactory,2,5,40.0
c335b23a2ea50c42,com/tonyodev/fetch2/DefaultFetchNotificationManager$broadcastReceiver$1,2,3,66.67
705d2a3845f52c3c,shark/AndroidReferenceMatchers$INPUT_METHOD_MANAGER_IS_TERRIBLE$add$1,2,9,22.22
316052440613654f,kotlinx/coroutines/AbstractTimeSourceKt,2,36,5.56
36e746184f3dcb56,org/kiwix/libkiwix/Manager,2,3,66.67
11baab3ad2d15430,shark/AndroidReferenceMatchers$CLIPBOARD_EX_MANAGER$add$3,2,9,22.22
add5cb1630f10a8d,shark/AndroidReferenceMatchers$INPUT_MANAGER__M_LATE_INIT_CONTEXT$add$1,2,7,28.57
998c486564d8d2fe,shark/AndroidObjectInspectors$APPLICATION_PACKAGE_MANAGER$leakingObjectFilter$1,2,15,13.33
a23044688dc5dcd8,androidx/webkit/internal/WebViewFeatureInternal$1,2,14,14.29
cca701413ed0fde1,shark/AndroidObjectInspectors$ACTIVITY$leakingObjectFilter$1,2,15,13.33
fc040d4f1c228361,androidx/coordinatorlayout/widget/CoordinatorLayout$SavedState,2,20,10.0
b387a296305aa607,shark/AndroidReferenceMatchers$DREAM_SERVICE$add$1,2,7,28.57
5653917c3ba01ccb,shark/AndroidReferenceMatchers$BLOCKING_QUEUE$add$1,2,7,28.57
5b610ced7009f737,okhttp3/internal/tls/OkHostnameVerifier,2,105,1.9
b668aac56d5db8da,androidx/appcompat/content/res/AppCompatResources,2,3,66.67
04b30a492e41d4d5,shark/AndroidReferenceMatchers$MULTI_WINDOW_DECOR_SUPPORT__MWINDOW$add$1,2,10,20.0
1da3b5d4cb3d790e,com/tonyodev/fetch2/database/migration/MigrationThreeToFour,2,4,50.0
cee229b569227fc8,shark/AndroidObjectInspectors$ANDROIDX_FRAGMENT,2,4,50.0
34a3f0a02d947c57,com/google/android/material/shape/ShapePath$PathOperation,2,2,100.0
de8ff8c6554e5af8,kotlinx/coroutines/internal/LimitedDispatcherKt,2,6,33.33
401b3254cd628665,org/kiwix/kiwixmobile/core/di/modules/CoreServiceModule_ProvidesWebServerHelperFactory,2,5,40.0
47e6d2d8ea1a2d65,org/kiwix/kiwixmobile/zimManager/DefaultLanguageProvider_Factory,2,5,40.0
3e3646fe78844682,org/kiwix/kiwixmobile/core/main/KiwixWebChromeClient,2,7,28.57
d57032c6ce06ea20,leakcanary/LogcatEventListener,2,24,8.33
afa4392848d55c65,org/kiwix/kiwixmobile/core/reader/ZimFileReader$Factory$Impl,2,17,11.76
9a074bbb8376a644,androidx/sqlite/db/framework/FrameworkSQLiteStatement,2,7,28.57
7b019e71d2df0342,shark/AndroidObjectInspectors$VIEW,2,4,50.0
456aae1a834ffb02,shark/AndroidReferenceMatchers$ACTIVITY_THREAD__M_NEW_ACTIVITIES$add$1,2,7,28.57
b3f888e74966d2f5,shark/AndroidReferenceMatchers$ACTIVITY_TRANSITION_STATE__M_EXITING_TO_VIEW$add$1,2,9,22.22
cd1ff8f2c1a856f5,org/kiwix/kiwixmobile/intro/CustomPageIndicator$Companion,2,2,100.0
0d535b452b98c091,okhttp3/RequestBody$Companion$toRequestBody$2,2,6,33.33
2d1303814fd9edab,androidx/fragment/app/FragmentManager$3,2,2,100.0
853992c39f6253c8,com/tonyodev/fetch2/helper/PriorityListProcessorImpl$priorityBackoffResetReceiver$1,2,15,13.33
15b5060835f10506,com/google/android/material/floatingactionbutton/BorderDrawable$BorderState,2,4,50.0
5f5b665298d6b29b,androidx/navigation/NavType$Companion$LongType$1,2,19,10.53
89b917f53796c3d0,androidx/emoji2/text/EmojiCompat$InitCallback,2,3,66.67
1bff8d33609a90c0,org/kiwix/kiwixmobile/core/zim_manager/MountPointProducer_Factory,2,5,40.0
cf6392f7a2f05178,io/reactivex/internal/functions/Functions$EmptyConsumer,2,3,66.67
3092dfda4fbaaa92,androidx/fragment/app/FragmentManagerViewModel$1,2,2,100.0
9426cfb4a60ad714,org/kiwix/videowebview/VideoEnabledWebChromeClient,2,78,2.56
594c813596199fdb,org/kiwix/kiwixmobile/core/extensions/ContextExtensionsKt,2,41,4.88
db53e138068bdf2c,org/kiwix/kiwixmobile/core/dao/LibkiwixBookmarks$Companion,2,2,100.0
5baed89121dfd745,shark/AndroidReferenceMatchers$LAYOUT_TRANSITION$add$1,2,9,22.22
9d49067aff59accb,kotlinx/coroutines/internal/ContextScope,2,3,66.67
561f53aa76812618,okhttp3/internal/platform/android/AndroidSocketAdapter$Companion$factory$1,2,6,33.33
e2299fbb1c3792e9,kotlin/collections/MapsKt___MapsKt,2,313,0.64
2f4ba9a27a5f9238,kotlinx/coroutines/scheduling/CoroutineScheduler$Companion,2,2,100.0
565c696e346cf922,org/kiwix/libkiwix/Library,2,5,40.0
ef5afb920b327b27,org/kiwix/kiwixmobile/core/dao/entities/HistoryEntityCursor,2,31,6.45
eb43653422774c90,org/kiwix/kiwixmobile/core/dao/RecentSearchRoomDao,2,11,18.18
260d3f5e620ea54c,org/kiwix/kiwixmobile/core/dao/entities/RecentSearchEntityCursor,2,16,12.5
da8c60a9d0cd1162,org/kiwix/kiwixmobile/core/dao/FetchDownloadDao,2,92,2.17
0480cd5ce8cf5890,shark/AndroidReferenceMatchers$VIEW_TOOLTIP_CALLBACK$add$1,2,9,22.22
ebae82962f189cf7,androidx/core/view/GestureDetectorCompat$GestureDetectorCompatImplJellybeanMr2,2,6,33.33
c94b6927c42882c9,shark/AndroidReferenceMatchers$APPLICATION_PACKAGE_MANAGER__HAS_SYSTEM_FEATURE_QUERY$add$1,2,7,28.57
0ac9652def3b8231,com/google/android/material/internal/NavigationMenuPresenter$NavigationMenuViewAccessibilityDelegate,2,6,33.33
bf429edf4b6fa80b,androidx/navigation/fragment/NavHostFragment$Companion,2,40,5.0
f110043fb8f28e54,androidx/core/view/ViewCompat$Api19Impl,2,8,25.0
323bd697b35bd65d,androidx/sqlite/db/framework/FrameworkSQLiteDatabase$Companion,2,2,100.0
256a4443270e25e3,androidx/arch/core/internal/SafeIterableMap$AscendingIterator,1,3,33.33
dc3539282aaabb90,com/google/android/material/navigation/NavigationBarItemView$1,1,5,20.0
eef0aa4282620698,androidx/recyclerview/widget/RecyclerView$2,1,5,20.0
e714645491accf96,androidx/appcompat/widget/AppCompatTextViewAutoSizeHelper$Impl,1,3,33.33
136d6bb542aa4ca9,kotlinx/coroutines/JobCancellingNode,1,1,100.0
3d293c00c36a7a9b,org/kiwix/kiwixmobile/core/dao/HistoryRoomDao_Impl$4,1,2,50.0
675a2463b862417c,shark/ObjectInspectors$ANONYMOUS_CLASS,1,25,4.0
e5355f149be76b7c,com/google/android/material/navigation/NavigationBarPresenter$SavedState$1,1,5,20.0
c8755bebfcf59213,io/reactivex/internal/functions/Functions$ErrorConsumer,1,3,33.33
f80c4c45d30f8227,androidx/viewpager/widget/ViewPager$ItemInfo,1,1,100.0
a157c51dad1729e4,org/kiwix/kiwixmobile/core/dao/entities/ErrorConverter,1,3,33.33
d1605c19048b17f0,androidx/fragment/app/DefaultSpecialEffectsController,1,388,0.26
2675bd1673a20ecd,androidx/webkit/internal/StartupApiFeature$P,1,4,25.0
c80c9222d9a0d896,org/kiwix/kiwixmobile/core/dao/entities/BookmarkEntity_$BookmarkEntityIdGetter,1,3,33.33
fa18cee4b48ffd9e,leakcanary/ServiceWatcher$install$4$1,1,3,33.33
d30a76abdf8afa9e,androidx/viewpager/widget/ViewPager$ViewPositionComparator,1,7,14.29
6f516ef6be7e937b,androidx/appcompat/app/AppLocalesStorageHelper$ThreadPerTaskExecutor,1,2,50.0
ce6999209254bf6b,org/kiwix/kiwixmobile/intro/IntroFragment_MembersInjector,1,5,20.0
fe1b4d2f0e26916e,org/kiwix/kiwixmobile/core/dao/HistoryRoomDao,1,36,2.78
1035a9816d9d4aae,com/google/android/material/bottomappbar/BottomAppBar$2,1,25,4.0
c235a0ccf6ea34d3,androidx/core/view/animation/PathInterpolatorCompat$Api21Impl,1,4,25.0
69b081ca13ff8ebc,shark/ObjectInspectors$Companion$createLeakingObjectFilters$2$1,1,3,33.33
0d51b6637c17ebda,com/google/android/material/internal/StateListAnimator$1,1,4,25.0
ade5f8ecd98522b4,androidx/appcompat/widget/Toolbar$1,1,5,20.0
7fbe7cfbdf6107d5,androidx/appcompat/app/AppCompatDelegateImpl$PanelMenuPresenterCallback,1,20,5.0
5dc0f2275858ef2c,androidx/recyclerview/widget/GapWorker$1,1,15,6.67
c7635ff354621449,io/reactivex/processors/FlowableProcessor,1,3,33.33
895ecfe56502f946,kotlin/collections/IntIterator,1,4,25.0
bb6fd6a616b22be6,com/google/android/material/appbar/AppBarLayout$1,1,2,50.0
901d2b82a4b13c14,androidx/navigation/NavBackStackEntry$defaultFactory$2,1,7,14.29
f459d9be0dd9299c,org/kiwix/kiwixmobile/nav/destination/reader/KiwixReaderFragmentDirections,1,4,25.0
fc259e7d2f7cf498,kotlinx/coroutines/StandaloneCoroutine,1,2,50.0
7ca149f1e3d6587b,kotlinx/coroutines/ChildHandleNode,1,5,20.0
d93355f2a2f60635,org/kiwix/kiwixmobile/di/components/DaggerKiwixComponent$KiwixComponentImpl$FetchDownloadDaoProvider,1,3,33.33
92c68032fdd22f6d,com/google/android/material/bottomappbar/BottomAppBar$SavedState$1,1,7,14.29
58569f579e4de46f,io/reactivex/internal/operators/observable/AbstractObservableWithUpstream,1,2,50.0
39f97c297933dd3a,com/google/android/material/navigation/NavigationView$1,1,7,14.29
92c0c9e3c7b7a0e3,org/kiwix/kiwixmobile/core/dao/entities/StringToFileConverter,1,11,9.09
a94eb161ad8d6eb1,kotlin/jvm/internal/FunctionReferenceImpl,1,6,16.67
594bc3c520ec7b8b,androidx/fragment/app/FragmentManagerImpl,1,1,100.0
68d5aff72fc11d6d,kotlinx/coroutines/internal/ThreadLocalKt,1,2,50.0
45b44ddbceaf779c,androidx/drawerlayout/widget/DrawerLayout$1,1,6,16.67
62ba801d18b67349,shark/AndroidObjectInspectors$OBJECT_ANIMATOR,1,3,33.33
f9e435fb6edfae47,androidx/room/RoomOpenHelper$Delegate,1,8,12.5
1a6e246f089c90f9,org/kiwix/kiwixmobile/core/dao/entities/StatusConverter,1,3,33.33
62b83e06e88fb629,io/reactivex/internal/functions/Functions$FalsePredicate,1,2,50.0
065991b02887b4e8,androidx/recyclerview/widget/RecyclerView$3,1,2,50.0
36fa1cbbd809caec,androidx/core/widget/ImageViewCompat$Api21Impl,1,5,20.0
6dca194e8988a325,com/google/android/material/stateful/ExtendableSavedState$1,1,7,14.29
c204cdb3df67aaa2,androidx/appcompat/view/menu/ActionMenuItem,1,113,0.88
0304387ae9a23a2e,androidx/core/content/ContextCompat$Api23Impl,1,4,25.0
089708d5bffbc35d,com/google/android/material/internal/NavigationMenuPresenter$ViewHolder,1,1,100.0
d356634941fc7468,androidx/lifecycle/ViewModelProvider$OnRequeryFactory,1,2,50.0
7a67137e344686ce,org/kiwix/kiwixmobile/core/dao/RecentSearchRoomDao_Impl$2,1,2,50.0
0b1bcc8ff35b1676,androidx/fragment/app/Fragment$1,1,2,50.0
aa57db2718db33ae,androidx/fragment/app/FragmentLifecycleCallbacksDispatcher$FragmentLifecycleCallbacksHolder,1,1,100.0
e3191adfdbe08d6a,org/kiwix/kiwixmobile/core/main/CoreReaderFragment_ViewBinding$2,1,2,50.0
185cfa8eb351d62d,androidx/recyclerview/widget/RecyclerView$LayoutManager$2,1,11,9.09
ff6ee9c54470c012,androidx/lifecycle/ViewTreeLifecycleOwner,1,10,10.0
cdef18343d8962ca,leakcanary/internal/HeapDumpTrigger$scheduleDismissRetainedCountNotification$1,1,3,33.33
0279f8f936ec9499,shark/AndroidObjectInspectors$STUB,1,3,33.33
125cfbe3e8218645,leakcanary/internal/activity/screen/LeaksScreen$onGroupsRetrieved$2,1,2,50.0
9ea705e93a526480,io/reactivex/internal/functions/Functions$NaturalObjectComparator,1,2,50.0
6c66e6d9d1c47ef7,okhttp3/CookieJar$Companion$NoCookies,1,4,25.0
8f8a0dc8d6d1b560,com/google/android/material/navigation/NavigationBarMenuView$1,1,7,14.29
58b3f904ecc6b8a4,kotlin/ResultKt,1,63,1.59
87d9bcb6c68531a6,com/google/android/material/internal/StateListAnimator$Tuple,1,1,100.0
d14afec0e3ce4c47,androidx/fragment/R$styleable,1,2,50.0
c15e09538b1f4d3d,org/kiwix/kiwixmobile/main/KiwixMainActivity$mainActivity$2,1,3,33.33
4e23c560e317ee90,org/kiwix/kiwixmobile/core/dao/RecentSearchRoomDao_Impl$1,1,2,50.0
d4b7c8882a28dc8a,com/google/android/material/internal/ViewUtils$3,1,2,50.0
af8752f5edf31b96,com/google/android/material/internal/ContextUtils,1,4,25.0
d02a5cd200a4d102,androidx/coordinatorlayout/widget/CoordinatorLayout$SavedState$1,1,7,14.29
7f6b063da47d052e,shark/AndroidObjectInspectors$LOADED_APK,1,3,33.33
eb4a65397a4fd252,org/kiwix/kiwixmobile/di/components/DaggerKiwixComponent$KiwixComponentImpl$ApplicationProvider,1,3,33.33
702e1c7578fe27a7,androidx/navigation/NavBackStackEntryState$Companion$CREATOR$1,1,6,16.67
7606f6bcd9eaf842,org/kiwix/kiwixmobile/core/main/CoreReaderFragment_ViewBinding$12,1,2,50.0
c3f8f051b04b2cd7,io/reactivex/internal/functions/Functions$EmptyLongConsumer,1,2,50.0
e97c8b7cac7e8ae6,androidx/core/content/res/ResourcesCompat$Api23Impl,1,3,33.33
b40e3a1247becede,shark/AndroidObjectInspectors$COORDINATOR,1,3,33.33
8ff58a434dd5087f,androidx/recyclerview/widget/ViewBoundsCheck$BoundFlags,1,24,4.17
2a234072695ba7f8,androidx/appcompat/widget/TintInfo,1,2,50.0
6e120c71e42a56fb,io/reactivex/internal/schedulers/ComputationScheduler$PoolWorker,1,1,100.0
34d2bf94153906e6,kotlin/coroutines/jvm/internal/Boxing,1,8,12.5
304c0656ae0cd7b1,org/kiwix/kiwixmobile/core/main/KiwixWebView_MembersInjector,1,5,20.0
a9f09850d40ccab1,org/kiwix/kiwixmobile/di/components/DaggerKiwixComponent$KiwixComponentImpl$BookUtilsProvider,1,3,33.33
eb2ec53905e5a0d9,com/tonyodev/fetch2/database/DownloadDao_Impl$1,1,43,2.33
45878af2ecb943f5,androidx/appcompat/app/ToolbarActionBar$ToolbarMenuCallback,1,9,11.11
394e2d9777faa00a,kotlin/coroutines/intrinsics/IntrinsicsKt__IntrinsicsKt,1,4,25.0
e7a19d1d2784ed9a,org/kiwix/kiwixmobile/core/main/CoreReaderFragment_ViewBinding$1,1,2,50.0
b953e4ccd9cffe4a,io/reactivex/internal/util/Pow2,1,6,16.67
1d6b9f9d07a35b45,androidx/appcompat/view/ContextThemeWrapper$Api17Impl,1,2,50.0
5a947e293827b95b,androidx/recyclerview/widget/ItemTouchHelper$1,1,9,11.11
b1b2cf51542e923b,org/kiwix/kiwixmobile/di/components/DaggerKiwixComponent$KiwixComponentImpl$StorageObserverProvider,1,3,33.33
40e3e451c96d7162,androidx/recyclerview/widget/RecyclerView$EdgeEffectFactory,1,2,50.0
09564499889a01f9,kotlinx/coroutines/internal/ScopeCoroutine,1,8,12.5
b6ce23eb8328137e,androidx/navigation/common/R$styleable,1,2,50.0
83b0db05de9ab84a,org/kiwix/kiwixmobile/core/data/KiwixRoomDatabase$Companion$MIGRATION_2_3$1,1,4,25.0
69551676560236c6,io/reactivex/internal/observers/BasicIntQueueDisposable,1,3,33.33
f6668c6be9ab71be,androidx/activity/result/contract/ActivityResultContract,1,2,50.0
0f4f936e8a13d9ac,androidx/recyclerview/widget/RecyclerView$AdapterDataObserver,1,7,14.29
e6d263891972dc59,androidx/recyclerview/widget/RecyclerView$LayoutManager$1,1,10,10.0
16cb40015ed4001a,org/kiwix/kiwixmobile/di/components/DaggerKiwixComponent,1,2,50.0
d207ad78b8a9dc60,org/kiwix/kiwixmobile/core/main/KiwixTextToSpeech$TTSJavaScriptInterface,1,26,3.85
eb679ef4837211bd,androidx/fragment/app/FragmentManager$1,1,2,50.0
0bb8c0b081733db0,androidx/appcompat/app/ActionBar,1,36,2.78
dbc240777cc48cdc,androidx/emoji2/text/EmojiCompat$CompatInternal,1,8,12.5
2b0c3d7d7d1fd34d,androidx/arch/core/executor/ArchTaskExecutor$1,1,2,50.0
37f5284d632f75ae,org/kiwix/kiwixmobile/di/components/DaggerKiwixComponent$KiwixComponentImpl$RecentSearchRoomDaoProvider,1,3,33.33
47375b6086a02d9d,androidx/fragment/app/FragmentManager$8,1,10,10.0
62592fa3fe7d0a32,io/reactivex/Scheduler$Worker,1,11,9.09
b1f59a8d493838d8,androidx/core/view/ViewCompat$Api15Impl,1,2,50.0
76d76b77ecf26bc7,org/kiwix/kiwixmobile/core/data/KiwixRoomDatabase$Companion$MIGRATION_1_2$1,1,3,33.33
cfbbd22aa13dda61,kotlinx/coroutines/scheduling/SchedulerTimeSource,1,1,100.0
014ffd0decbefb6a,androidx/lifecycle/LiveData$1,1,4,25.0
317081e26c26f8c0,com/google/android/material/internal/TextScale,1,21,4.76
aa989ccc7cdcd450,com/google/android/material/internal/NavigationMenuItemView$1,1,3,33.33
070df74e5ef1dcc3,com/google/android/material/internal/NavigationMenuPresenter$NavigationMenuHeaderItem,1,1,100.0
3eb5c52e48c2fee6,androidx/activity/result/ActivityResultRegistry$CallbackAndContract,1,1,100.0
35afc56cf88cfe20,leakcanary/RootViewWatcher$WhenMappings,1,1,100.0
97cd35645b7492f1,org/kiwix/kiwixmobile/core/dao/entities/FetchDownloadEntity_$FetchDownloadEntityIdGetter,1,3,33.33
e107bee803491406,com/tonyodev/fetch2/fetch/FetchImpl$activeDownloadsRunnable$1,1,7,14.29
8e162b193883902c,okhttp3/Dns$Companion$DnsSystem,1,7,14.29
decdfad8e429a62a,androidx/webkit/internal/StartupApiFeature$NoFramework,1,2,50.0
754edc9a911c7433,org/kiwix/kiwixmobile/core/main/CoreReaderFragment$initalizeWebView$1$1,1,3,33.33
391c372f0fc73c51,shark/AndroidObjectInspectors$Companion$createLeakingObjectFilters$2$1,1,3,33.33
6b31f85a74be1899,androidx/appcompat/widget/Toolbar$SavedState$1,1,7,14.29
0dc9c9fb697e7b09,androidx/transition/RectEvaluator,1,6,16.67
f19a6a8763b678d8,shark/AndroidReferenceMatchers$Companion$libraryLeak$1,1,4,25.0
bfc858bca1853ad3,org/kiwix/kiwixmobile/core/data/remote/ObjectBoxToLibkiwixMigrator$migrateBookMarks$1,1,2,50.0
a413b7a606c1a3bc,org/kiwix/kiwixmobile/core/di/components/DaggerCoreComponent,1,2,50.0
bc4ecd3dfb7f5d41,org/kiwix/kiwixmobile/core/dao/HistoryRoomDao_Impl$3,1,27,3.7
6441a5bae31d55ae,org/kiwix/kiwixmobile/core/main/CoreReaderFragment_ViewBinding$4,1,2,50.0
1632e380d8051782,androidx/webkit/internal/FrameworkServiceWorkerClient,1,2,50.0
ab414d6cb183852a,androidx/recyclerview/widget/RecyclerView$1,1,8,12.5
3fe666670ad88231,com/google/android/material/bottomappbar/BottomAppBar$Behavior$1,1,34,2.94
a25ae8d7b4f92629,com/google/android/material/floatingactionbutton/FloatingActionButtonImpl$DisabledElevationAnimation,1,2,50.0
69d626e32d474438,androidx/lifecycle/ProcessLifecycleOwner$1,1,3,33.33
669e19c91c1a4abc,org/kiwix/kiwixmobile/core/main/CoreReaderFragment$updateNightMode$1,1,3,33.33
fc875ab505a49cf2,androidx/transition/Transition$1,1,4,25.0
ba85a2d173c94abc,androidx/customview/widget/ViewDragHelper$1,1,2,50.0
2870ae7eedbbf108,androidx/core/math/MathUtils,1,60,1.67
83e2320f61b32407,androidx/core/content/ContextCompat$Api21Impl,1,4,25.0
102c3b84b41459de,kotlin/collections/AbstractCollection,1,33,3.03
7b361da4e2560218,androidx/fragment/app/FragmentManagerState$1,1,5,20.0
4b105d524997094b,androidx/recyclerview/R$styleable,1,2,50.0
9abadc14cdf099b5,kotlin/TuplesKt,1,5,20.0
669420869c58e988,org/kiwix/kiwixmobile/core/BuildConfig,1,2,50.0
06f41337ac6cea53,org/kiwix/kiwixmobile/core/main/CoreReaderFragment_ViewBinding$3,1,2,50.0
297e54814c3c2f18,androidx/fragment/app/FragmentManager$FragmentIntentSenderContract,1,22,4.55
8ffce1716110abba,org/kiwix/kiwixmobile/R$styleable,1,2,50.0
96c0d9e8479b0a12,shark/AndroidObjectInspectors$APPLICATION,1,3,33.33
1e953303aa0fce26,androidx/transition/ChangeBounds$5,1,9,11.11
afa126d7343181ef,androidx/navigation/fragment/R$styleable,1,2,50.0
1c28389f3e5e425d,org/kiwix/kiwixmobile/di/components/DaggerKiwixComponent$KiwixComponentImpl$ContextProvider,1,3,33.33
074fa2a9b10f1f17,com/google/android/material/internal/ViewUtils$2,1,16,6.25
442ef6c0a3494262,androidx/transition/ChangeBounds$4,1,9,11.11
e20e72a094bd62a8,androidx/recyclerview/widget/RecyclerView$ItemDecoration,1,7,14.29
a910b4c638561c57,androidx/recyclerview/widget/RecyclerView$6,1,17,5.88
d5ddcf8becf24eca,org/kiwix/kiwixmobile/di/components/DaggerKiwixComponent$KiwixComponentImpl$MutexProvider,1,3,33.33
85bd66cc5dfe661a,androidx/recyclerview/widget/RecyclerView$LayoutManager$Properties,1,1,100.0
527971f6c120a619,kotlinx/coroutines/EventLoopKt,1,11,9.09
c20bd16b9f377eec,io/reactivex/internal/functions/Functions$OnErrorMissingConsumer,1,3,33.33
555c6f3a617a3ec5,leakcanary/internal/activity/LeakActivity$onCreate$3,1,2,50.0
8d95f33bd7a4b1bf,com/google/android/material/button/MaterialButton$SavedState$1,1,7,14.29
304719ad8eaef73a,com/google/android/material/navigation/NavigationView$SavedState$1,1,7,14.29
6bad3d1a040a7001,org/kiwix/kiwixmobile/core/main/OnSwipeTouchListener$GestureListener,1,28,3.57
f0e614e715c9727b,org/kiwix/kiwixmobile/intro/CustomPageIndicator$SavedState$Companion$CREATOR$1,1,6,16.67
a0b661f8d8085c23,androidx/lifecycle/ViewModelProvider$NewInstanceFactory,1,13,7.69
599c9ac05d9819e6,androidx/lifecycle/ViewModelProvider$AndroidViewModelFactory,1,33,3.03
14980ba6e39d4754,androidx/viewpager/widget/ViewPager$1,1,3,33.33
2003ce3cbada4d68,androidx/lifecycle/SavedStateHandleSupport$SAVED_STATE_REGISTRY_OWNER_KEY$1,1,1,100.0
c35452fb2392a6c4,com/google/android/material/internal/ParcelableSparseArray$1,1,7,14.29
52c41076ba80166a,org/kiwix/kiwixmobile/core/dao/entities/NotesEntity_$NotesEntityIdGetter,1,3,33.33
1ef15113fe38ac43,androidx/lifecycle/SavedStateHandleSupport$VIEW_MODEL_STORE_OWNER_KEY$1,1,1,100.0
1b990082ee7e5950,org/kiwix/kiwixmobile/core/main/CoreReaderFragment_ViewBinding$11,1,2,50.0
445f02aa3ab35c08,org/kiwix/kiwixmobile/di/components/DaggerKiwixComponent$KiwixComponentImpl$HistoryRoomDaoProvider,1,3,33.33
cbba26ec26a81697,org/kiwix/kiwixmobile/core/data/remote/BasicAuthInterceptor,1,16,6.25
f61d07c6e6f8b6b1,org/threeten/bp/zone/ZoneRulesInitializer$DoNothingZoneRulesInitializer,1,2,50.0
5df6f156383403bd,androidx/webkit/WebViewFeature,1,3,33.33
15e0975c5fd9b6aa,okio/Buffer$UnsafeCursor,1,97,1.03
d41414bcd77b36ef,androidx/room/SharedSQLiteStatement$stmt$2,1,3,33.33
6a8321ec1cadcfb2,androidx/emoji2/viewsintegration/EmojiTextViewHelper$HelperInternal,1,7,14.29
497ca26a9b6d5c88,kotlin/collections/ArraysUtilJVM,1,2,50.0
488019b07ed30cfc,io/reactivex/internal/functions/Functions$EmptyRunnable,1,3,33.33
817d6019b2d383e6,androidx/viewpager/widget/ViewPager$PagerObserver,1,3,33.33
90dd0815aeffe150,androidx/transition/ChangeBounds$6,1,9,11.11
e145cad7685bcee5,androidx/transition/ChangeBounds$3,1,5,20.0
9129ae5bc97f4f2c,androidx/drawerlayout/widget/DrawerLayout$SavedState$1,1,7,14.29
c4f191968eb1f80b,org/kiwix/kiwixmobile/core/main/CoreReaderFragment_ViewBinding$10,1,2,50.0
abf3ed3a2c14e8d2,com/jakewharton/threetenabp/AssetsZoneRulesInitializer,1,15,6.67
cbd163acb1e4a534,shark/AndroidObjectInspectors$MESSAGE,1,3,33.33
8f6da499bf9795fa,com/tonyodev/fetch2/fetch/ListenerCoordinator$mainListener$1,1,547,0.18
7e90d5dbb60fea03,androidx/coordinatorlayout/R$styleable,1,2,50.0
ba594afadd106450,androidx/webkit/ServiceWorkerWebSettingsCompat,1,1,100.0
29b3a447c75a0864,org/kiwix/kiwixmobile/di/components/DaggerKiwixComponent$KiwixComponentImpl$NewBookDaoProvider,1,3,33.33
593ffc656d5ddebd,androidx/core/R$styleable,1,2,50.0
aa154d7a01efacf4,androidx/activity/result/ActivityResultLauncher,1,2,50.0
1560a91d0b9d15aa,org/kiwix/kiwixmobile/di/components/DaggerKiwixComponent$KiwixComponentImpl$ConnectivityManagerProvider,1,3,33.33
922ce25356728bf5,com/google/android/material/internal/NavigationMenuPresenter$1,1,14,7.14
f1ca42a0120f6801,androidx/core/view/GravityCompat$Api17Impl,1,4,25.0
1f3dd06b2728e0fd,org/kiwix/kiwixmobile/core/main/CoreReaderFragment_ViewBinding$13,1,2,50.0
3f0808555f46597c,io/reactivex/internal/functions/Functions$NullCallable,1,2,50.0
a44935c80929db76,androidx/core/view/NestedScrollingParentHelper,1,10,10.0
5fa71a272956fdb8,androidx/appcompat/widget/Toolbar$2,1,2,50.0
f63c0804969b5b0d,leakcanary/ServiceWatcher$install$3$1,1,3,33.33
07d6abc9ee0150bc,androidx/transition/ChangeBounds$2,1,5,20.0
7eeff1206a3baf6e,org/kiwix/kiwixmobile/di/components/DaggerKiwixComponent$KiwixComponentImpl$NoteRoomDaoProvider,1,3,33.33
4dfb314568a0a510,org/kiwix/kiwixmobile/core/main/CoreReaderFragment_ViewBinding$7,1,2,50.0
b4d6098fe505d1ff,kotlin/jvm/internal/Lambda,1,3,33.33
2e59512764feb84b,io/reactivex/internal/functions/ObjectHelper$BiObjectPredicate,1,2,50.0
a578a6dae6455bf0,com/tonyodev/fetch2/Fetch,1,1,100.0
6e69a8367ae99435,androidx/recyclerview/widget/RecyclerView$4,1,13,7.69
0b92c1d77c9eb25b,androidx/appcompat/widget/AppCompatTextHelper$Api17Impl,1,4,25.0
eaf62a209a34044e,androidx/transition/PathMotion,1,2,50.0
eb24eea7b2aee37b,androidx/customview/view/AbsSavedState$2,1,9,11.11
a864b46e82d1af70,kotlinx/coroutines/flow/ReadonlySharedFlow,1,4,25.0
684ed45b9a32913d,org/kiwix/kiwixmobile/core/read_aloud/ReadAloudService_MembersInjector,1,5,20.0
ac95ad044c979bca,okhttp3/Authenticator$Companion$AuthenticatorNone,1,2,50.0
334a066e610028ee,io/reactivex/schedulers/Schedulers$SingleHolder,1,2,50.0
c65ca4029360e407,androidx/webkit/ServiceWorkerClientCompat,1,1,100.0
6f6882dd9eaed650,androidx/activity/result/contract/ActivityResultContracts$RequestPermission,1,26,3.85
9bd39ce9b6159e63,shark/ObjectInspectors$THREAD,1,3,33.33
bbf90cae5bf60ff2,androidx/activity/ComponentActivity$Api19Impl,1,2,50.0
1fd8c3429d7bdc06,org/kiwix/kiwixmobile/core/data/remote/ObjectBoxToRoomMigrator$migrateObjectBoxDataToRoom$1,1,2,50.0
aceff5e69fa624a7,androidx/emoji2/text/EmojiCompat$MetadataRepoLoaderCallback,1,1,100.0
eb15364a3cafaf90,leakcanary/internal/activity/screen/LeaksScreen$onGroupsRetrieved$1,1,20,5.0
5168ee3804493a01,com/google/android/material/shape/ShapeAppearancePathProvider$Lazy,1,2,50.0
0b8299794215289d,com/google/android/material/shape/ShapeAppearancePathProvider$ShapeAppearancePathSpec,1,1,100.0
f9e4d5a61864353c,androidx/arch/core/executor/TaskExecutor,1,5,20.0
8a4f872689d09908,org/kiwix/kiwixmobile/core/dao/entities/LanguageEntityCursor$Factory,1,2,50.0
4a6c6e2ddb0bb735,org/kiwix/kiwixmobile/di/components/DaggerKiwixComponent$KiwixComponentImpl$KiwixServiceProvider,1,3,33.33
c5809b75ada48960,io/objectbox/internal/ObjectBoxThreadPool,1,3,33.33
726503e1cafdad36,com/tonyodev/fetch2/database/DownloadDao_Impl$2,1,4,25.0
8caa42cc739a91e2,androidx/core/view/ViewCompat$Api24Impl,1,7,14.29
39f7833b19913ee1,org/kiwix/kiwixmobile/core/di/modules/ActivityModule,1,2,50.0
c9f6c2b5af3af5b2,io/reactivex/android/schedulers/HandlerScheduler,1,10,10.0
1a7a75cee434db84,com/google/android/material/floatingactionbutton/FloatingActionButtonImpl$ResetElevationAnimation,1,2,50.0
f24cebd4ac48d31e,com/google/android/material/navigation/NavigationBarView$1,1,11,9.09
65725d34d1196c3d,org/kiwix/kiwixmobile/di/components/DaggerKiwixComponent$KiwixComponentImpl$NewLanguagesDaoProvider,1,3,33.33
2a89f6d0d10c84b1,com/google/android/material/bottomappbar/BottomAppBar$1,1,5,20.0
11a59483da093795,androidx/appcompat/app/AppLocalesMetadataHolderService$Api24Impl,1,2,50.0
6ba862c0c5ac8f57,org/kiwix/kiwixmobile/di/components/DaggerKiwixComponent$KiwixComponentImpl$SearchResultGeneratorProvider,1,3,33.33
a7b0370cadfcce0d,kotlinx/coroutines/CompletionHandlerBase,1,1,100.0
41e3780bab9906c0,com/tonyodev/fetch2/database/DownloadDao_Impl$4,1,2,50.0
53b287d803854fdd,androidx/emoji2/viewsintegration/EmojiKeyListener$EmojiCompatHandleKeyDownHelper,1,2,50.0
a931c1fd0eedbe0f,androidx/recyclerview/widget/ItemTouchHelper$Callback$2,1,2,50.0
4605b40782c51734,shark/ObjectInspectors$CLASS,1,6,16.67
626017cfd969e7e7,androidx/customview/widget/ViewDragHelper$2,1,2,50.0
b376476841fccc0b,androidx/webkit/internal/ApiFeature$M,1,4,25.0
e6e5aba24c27ea54,com/tonyodev/fetch2/database/DownloadDao_Impl$3,1,44,2.27
4636e53b1840b953,androidx/appcompat/app/ToolbarActionBar$1,1,2,50.0
3afeed91d07b3bbc,org/kiwix/kiwixmobile/core/data/KiwixRoomDatabase_Impl$1,1,78,1.28
41c45320e4847925,kotlinx/coroutines/sync/SemaphoreImpl$onCancellationRelease$1,1,3,33.33
3158761997e3ef86,org/kiwix/kiwixmobile/core/dao/RecentSearchRoomDao_Impl$3,1,2,50.0
6a70874e29e056c1,shark/AndroidObjectInspectors$RECOMPOSER,1,3,33.33
d96511a3bd1177fb,androidx/webkit/internal/ApiFeature$Q,1,4,25.0
8f2edb89e416b5a3,okhttp3/EventListener$Companion$NONE$1,1,1,100.0
797d5e4d285a8c30,shark/AndroidObjectInspectors$MORTAR_PRESENTER,1,3,33.33
acf95a83366b1fcb,io/reactivex/subjects/Subject,1,3,33.33
545b49fcbe393cab,org/kiwix/kiwixmobile/core/dao/entities/BookOnDiskEntity_$BookOnDiskEntityIdGetter,1,3,33.33
02b7d727ce798c8a,shark/ObjectInspectors$CLASSLOADER,1,3,33.33
c36c24574c96ce8e,androidx/fragment/app/SpecialEffectsController$Operation$1,1,2,50.0
556b3241987cbf7a,androidx/webkit/internal/ApiFeature$P,1,4,25.0
a5ba694ffe560528,org/greenrobot/essentials/collections/AbstractMultimap,1,54,1.85
7def1dc6de654b2c,androidx/arch/core/executor/ArchTaskExecutor$2,1,2,50.0
7b604259e58af5a3,androidx/recyclerview/widget/OrientationHelper$1,1,25,4.0
6f97414fcb025768,androidx/drawerlayout/widget/DrawerLayout$ViewDragCallback$1,1,2,50.0
7d66723dd5830781,androidx/fragment/app/FragmentState$1,1,5,20.0
a59a8134e9307bac,org/kiwix/kiwixmobile/core/main/CoreReaderFragment_ViewBinding$6,1,2,50.0
7f9c039361a1920d,com/google/android/material/internal/NavigationMenuPresenter$SeparatorViewHolder,1,1,100.0
259d2bd00f929596,androidx/activity/ComponentActivity$2,1,31,3.23
02b2eed011079cb4,kotlin/coroutines/ContinuationInterceptor,1,1,100.0
002657f813065a97,shark/AndroidObjectInspectors$SUPPORT_FRAGMENT$leakingObjectFilter$1,1,11,9.09
eb43fa7c028a72d6,androidx/core/widget/CheckedTextViewCompat$Api16Impl,1,2,50.0
45c188dcb7f4068b,androidx/fragment/app/FragmentManager$5,1,2,50.0
74d29be8c73a549b,androidx/viewpager/widget/ViewPager$SavedState$1,1,7,14.29
528f3d1ce9f441fb,io/reactivex/schedulers/Schedulers$IoHolder,1,2,50.0
cdd644cfb2a3e88c,okhttp3/internal/platform/android/BouncyCastleSocketAdapter$Companion$factory$1,1,9,11.11
5a10d8592210599e,androidx/recyclerview/widget/SimpleItemAnimator,1,59,1.69
ebba9ab6839d839a,androidx/fragment/app/Fragment$Api19Impl,1,2,50.0
6e60a2b55b598c04,androidx/core/os/ConfigurationCompat$Api24Impl,1,2,50.0
1c34d510f1e22bef,androidx/appcompat/R$styleable,1,2,50.0
8f7bfa7438e80538,androidx/recyclerview/widget/RecyclerView$SavedState$1,1,7,14.29
81ff11955f967f06,com/google/android/material/internal/NavigationMenu,1,4,25.0
26aa5967a3cdf829,androidx/fragment/app/Fragment$AnimationInfo,1,1,100.0
ff81407dbb4fc307,leakcanary/internal/activity/db/HeapAnalysisTable$onUpdate$1,1,3,33.33
39e5e15c255382b3,leakcanary/internal/activity/screen/LeaksScreen$createView$1$unsubscribeRefresh$1,1,3,33.33
870defabe904d9e1,org/kiwix/kiwixmobile/core/dao/NotesRoomDao,1,25,4.0
5d197af699fd19d5,com/tonyodev/fetch2/fetch/FetchModulesBuilder$Modules$1,1,5,20.0
38f3ad4dd45c7f31,org/kiwix/kiwixmobile/core/dao/entities/HistoryEntity_$HistoryEntityIdGetter,1,3,33.33
17f5869c95f70261,kotlin/jvm/internal/Ref$ObjectRef,1,2,50.0
cf9c37d264c8aabc,androidx/fragment/app/FragmentManager$9,1,10,10.0
7ae21866725f1b80,androidx/webkit/internal/ServiceWorkerWebSettingsImpl,1,74,1.35
c2e9ab00d254c39d,io/reactivex/internal/functions/Functions$EmptyAction,1,3,33.33
d23f4fb39d424631,com/tonyodev/fetch2/HttpUrlConnectionDownloader$HttpUrlConnectionPreferences,1,11,9.09
c602cdb7ce5ae4fb,org/kiwix/kiwixmobile/core/dao/HistoryRoomDao_Impl$1,1,26,3.85
a035dc4dcb500be1,androidx/fragment/app/FragmentManager$10,1,16,6.25
63cab6dd685e85b5,org/kiwix/kiwixmobile/core/di/modules/NetworkModule,1,16,6.25
3ced56bc23e1cd3c,org/kiwix/kiwixmobile/core/main/CoreReaderFragment_ViewBinding$8,1,2,50.0
662ba200d47aa91a,androidx/lifecycle/SavedStateHandleSupport$DEFAULT_ARGS_KEY$1,1,1,100.0
56c12ec030598514,com/google/android/material/internal/NavigationMenuPresenter$HeaderViewHolder,1,1,100.0
b64f9e1aa4fe11df,leakcanary/internal/HeapDumpTrigger$scheduleDismissNoRetainedOnTapNotification$1,1,3,33.33
b52b891780278d88,androidx/emoji2/text/DefaultEmojiCompatConfig$DefaultEmojiCompatConfigHelper,1,4,25.0
7c68c9506c710936,androidx/webkit/ServiceWorkerControllerCompat$LAZY_HOLDER,1,2,50.0
428b1b74a203c039,org/kiwix/videowebview/VideoEnabledWebView$JavascriptInterface,1,7,14.29
687bda454d06b887,com/google/android/material/shape/ShapePath$ArcShadowOperation,1,5,20.0
818673000aae192f,com/getkeepsafe/relinker/ApkLibraryInstaller,1,112,0.89
34e80eac9f215947,androidx/webkit/internal/ApiFeature$NoFramework,1,2,50.0
cfa3224d0137e6dd,com/google/android/material/bottomnavigation/BottomNavigationView$1,1,12,8.33
a89e2bc7adde9199,androidx/recyclerview/widget/ItemTouchHelper$Callback$1,1,2,50.0
32f78b741aca44cc,kotlinx/coroutines/sync/MutexImpl$onSelectCancellationUnlockConstructor$1,1,3,33.33
89ca388ec65ce3e7,com/google/android/material/internal/NavigationMenuPresenter$NavigationMenuAdapter$1,1,6,16.67
b0b78c1fda39b93b,androidx/appcompat/widget/LinearLayoutCompat$LayoutParams,1,5,20.0
e567271812c3ecbf,androidx/navigation/R$styleable,1,2,50.0
1a0e0eea17a66edb,io/reactivex/internal/functions/Functions$Identity,1,3,33.33
94cc7da95599961e,androidx/drawerlayout/widget/DrawerLayout$ChildAccessibilityDelegate,1,6,16.67
7e25b0722d52fccb,com/google/android/material/shape/ShapePath$1,1,5,20.0
9c57694d3c845410,com/google/android/material/internal/BaselineLayout,1,43,2.33
39d61ddc26a0168b,androidx/recyclerview/widget/LinearLayoutManager$SavedState$1,1,5,20.0
378069632e6efcec,androidx/recyclerview/widget/ItemTouchHelper$2,1,64,1.56
cc0fa2cf4c5b6393,androidx/core/widget/TextViewOnReceiveContentListener,1,27,3.7
41ae72a88a5507e8,org/kiwix/kiwixmobile/core/main/CoreReaderFragment_ViewBinding$5,1,2,50.0
6f889520bba83a0f,com/google/android/material/navigation/NavigationBarView$SavedState$1,1,7,14.29
27f8996eafae7e7d,androidx/appcompat/app/AppCompatDelegateImpl$Api24Impl,1,10,10.0
9bf76c8321d9aadf,androidx/emoji2/viewsintegration/EmojiEditTextHelper$HelperInternal,1,7,14.29
d6634da408285c4c,kotlin/internal/jdk7/JDK7PlatformImplementations,1,16,6.25
0b11eb4c7a6113fc,androidx/viewpager/widget/ViewPager$MyAccessibilityDelegate,1,34,2.94
71d30915df7360c1,androidx/collection/ArrayMap,1,18,5.56
59a461b6ee281dd4,leakcanary/internal/navigation/Screen,1,1,100.0
98a28df9c1e53a64,androidx/webkit/internal/ApiFeature$O,1,4,25.0
0b850f6c79208727,shark/AndroidObjectInspectors$INPUT_METHOD_MANAGER,1,3,33.33
c1b45986fbbd1666,org/kiwix/kiwixmobile/core/dao/entities/EnumConverter,1,4,25.0
9034ddd6b49a9851,leakcanary/AndroidLeakFixes$TEXT_LINE_POOL$apply$1$2,1,11,9.09
6f504474018e6431,okhttp3/internal/platform/android/ConscryptSocketAdapter$Companion$factory$1,1,9,11.11
31891ccd1a7bbdc2,androidx/core/os/LocaleListCompat$Api24Impl,1,4,25.0
db213f97c06d1378,com/google/android/material/internal/ViewUtils$RelativePadding,1,3,33.33
6e89b74c31a1c3a3,kotlin/coroutines/jvm/internal/SuspendLambda,1,7,14.29
15ac1808839f981c,io/reactivex/schedulers/Schedulers$ComputationHolder,1,2,50.0
06eb361393a85920,org/kiwix/kiwixmobile/core/NightModeConfig$WhenMappings,1,1,100.0
bfe86ecd1cde3f00,shark/AndroidObjectInspectors$ACTIVITY_THREAD,1,3,33.33
a2afe44f76c4bb94,com/google/android/material/R$styleable,1,2,50.0
17f217e8056663cd,shark/AndroidObjectInspectors$MAIN_THREAD,1,3,33.33
5c48b2edcadc703e,androidx/drawerlayout/R$styleable,1,2,50.0
9c0dd86d5b1161c0,shark/AndroidObjectInspectors$DIALOG,1,3,33.33
4ea22658dda4f94d,androidx/constraintlayout/widget/R$styleable,1,2,50.0
6e792296836b890f,org/kiwix/kiwixmobile/core/di/modules/MutexModule,1,2,50.0
6bfbebf6bca5ee6b,androidx/webkit/internal/ApiFeature$O_MR1,1,4,25.0
249196fc6011f743,io/reactivex/internal/functions/Functions$MaxRequestSubscription,1,3,33.33
84dbbf26c9be4c48,org/kiwix/kiwixmobile/di/components/DaggerKiwixComponent$KiwixComponentImpl$LibkiwixBookmarksProvider,1,3,33.33
95f8e4dadfe0ade8,kotlin/jvm/internal/Ref$BooleanRef,1,2,50.0
c47e1723158ae613,com/google/android/material/floatingactionbutton/FloatingActionButtonImpl$ElevateToHoveredFocusedTranslationZAnimation,1,2,50.0
da6227b93531d09c,org/kiwix/kiwixmobile/core/dao/NotesRoomDao_Impl$2,1,2,50.0
c9848a2ccb052e86,leakcanary/internal/activity/LeakActivity$onCreate$2,1,2,50.0
ca089b36a3361c3d,androidx/appcompat/app/AppCompatDelegateImpl$Api17Impl,1,7,14.29
869cb48fd40e5b6e,androidx/appcompat/widget/AppCompatTextViewAutoSizeHelper$Impl23,1,4,25.0
58cd82cc699b1ad4,leakcanary/internal/activity/db/Io$execute$1,1,3,33.33
ff9949b0be0557c6,com/google/android/material/floatingactionbutton/FloatingActionButtonImplLollipop$AlwaysStatefulMaterialShapeDrawable,1,2,50.0
b19d87a635eae950,androidx/appcompat/app/ToolbarActionBar$2,1,2,50.0
023b6cb20d555c19,org/kiwix/kiwixmobile/main/KiwixMainActivity_MembersInjector,1,11,9.09
c0c99e69c256d4d5,org/kiwix/kiwixmobile/core/dao/NotesRoomDao_Impl$1,1,23,4.35
b7311bb88bf8460f,androidx/recyclerview/widget/ItemTouchHelper$ItemTouchHelperGestureListener,1,18,5.56
4282dc32e285fa9c,shark/AndroidObjectInspectors$LIFECYCLE_REGISTRY,1,3,33.33
04429eeb25a12f0d,org/kiwix/kiwixmobile/core/dao/entities/StringToLocaleConverter,1,13,7.69
3579d4ec92de3e38,org/kiwix/kiwixmobile/core/dao/entities/RecentSearchEntity_$RecentSearchEntityIdGetter,1,3,33.33
825099ed914daa24,androidx/room/migration/Migration,1,1,100.0
083e49524eff87e4,org/kiwix/kiwixmobile/core/dao/LibkiwixBookmarks$bookmarkListBehaviour$2,1,3,33.33
68ea15486038ecb3,androidx/activity/ComponentActivity$1,1,6,16.67
dbe3d66af59cf46a,androidx/recyclerview/widget/RecyclerView$ItemAnimatorRestoreListener,1,12,8.33
adfb924e593b8d0c,org/kiwix/kiwixmobile/core/base/BaseActivity_MembersInjector,1,5,20.0
a5056b1ac013cc71,org/kiwix/kiwixmobile/core/dao/HistoryRoomDao_Impl$2,1,4,25.0
78dffc2ff65affff,okhttp3/CipherSuite$Companion$ORDER_BY_NAME$1,1,16,6.25
9d938e001efcec05,shark/AndroidObjectInspectors$ANIMATOR,1,3,33.33
9f6ac9b25e0bc1a7,org/greenrobot/essentials/collections/LongHashMap$Entry,1,1,100.0
184b7ce56b3d7afc,io/reactivex/schedulers/Schedulers$NewThreadHolder,1,2,50.0
f96207ce68681f02,androidx/customview/view/AbsSavedState$1,1,1,100.0
edd2083882122c4b,androidx/coordinatorlayout/widget/CoordinatorLayout$1,1,2,50.0
5a3e48d5e516ef32,org/kiwix/kiwixmobile/core/dao/entities/FetchDownloadEntityCursor$Factory,1,2,50.0
8f763f66e597b98a,io/reactivex/internal/functions/Functions$TruePredicate,1,2,50.0
600ebc36d15061b6,leakcanary/internal/activity/LeakActivity$onCreate$1,1,2,50.0
16f3d4586f52a2b3,leakcanary/internal/activity/screen/LeaksScreen$createView$1$1,1,3,33.33
63ae2837982936de,com/google/android/material/floatingactionbutton/FloatingActionButtonImpl$ElevateToPressedTranslationZAnimation,1,2,50.0
4fba7a7bcf3ae9f5,androidx/core/view/PointerIconCompat$Api24Impl,1,4,25.0
0b5608634a4a487a,kotlinx/coroutines/internal/Symbol,1,5,20.0
f08e6c110b69b47b,kotlinx/coroutines/Job,1,1,100.0
750168ddf523488b,org/kiwix/kiwixmobile/core/main/CoreReaderFragment_ViewBinding$9,1,2,50.0
c57b2e04a83db8e7,org/kiwix/kiwixmobile/core/dao/entities/BookOnDiskEntityCursor$Factory,1,2,50.0
231af14cf6b2149c,androidx/webkit/internal/ApiFeature$T,1,4,25.0
34898e62b606804a,shark/AndroidObjectInspectors$CONTEXT_FIELD,1,32,3.12
eeb2630698ee98e8,kotlinx/coroutines/scheduling/GlobalQueue,1,1,100.0
dfd6ffdbb5b3336d,com/google/android/material/bottomappbar/BottomAppBar$3,1,24,4.17
9b18c0723ecfc5ad,shark/AndroidObjectInspectors$COMPOSITION_IMPL,1,3,33.33
b104d4b0947f89df,kotlinx/coroutines/flow/internal/AbstractSharedFlowKt,1,1,100.0
6231d92037e51c71,androidx/lifecycle/ViewTreeViewModelStoreOwner,1,10,10.0
2a7c0c28b96b366d,org/kiwix/kiwixmobile/core/dao/entities/LanguageEntity_$LanguageEntityIdGetter,1,3,33.33
