class_id,class_name,probes_hit,probes_total,pct
11104da82919e1cd,androidx/compose/runtime/ComposerImpl,714,1592,44.85
681eb670fe960272,androidx/compose/ui/platform/AndroidComposeView,523,1287,40.64
c8af488ddcf5cc52,androidx/compose/ui/node/NodeCoordinator,479,1023,46.82
537981772b21cd0a,androidx/compose/ui/node/LayoutNode,452,1153,39.2
32644374cd50045f,androidx/fragment/app/FragmentManager,404,1316,30.7
8237992e389314eb,androidx/compose/runtime/SlotWriter,385,1110,34.68
bfbb368591a5a4ed,androidx/compose/ui/input/key/Key,311,591,52.62
954c39f59db9f1f6,kotlinx/coroutines/JobSupport,309,790,39.11
f27e24e945c6aad5,androidx/recyclerview/widget/RecyclerView,295,2299,12.83
80fb0c7cf7c52ee1,androidx/compose/material3/AppBarKt,280,1783,15.7
9d469d09d3acd614,androidx/compose/runtime/CompositionImpl,273,1004,27.19
db266fe7f30ea6b7,androidx/compose/ui/node/LayoutNodeLayoutDelegate$MeasurePassDelegate,272,506,53.75
3006ac6d9f71cf63,androidx/appcompat/widget/Toolbar,251,938,26.76
9a363820b9714f33,androidx/coordinatorlayout/widget/CoordinatorLayout,224,954,23.48
e693998cba0ba41b,androidx/compose/runtime/Recomposer,222,703,31.58
28e2e60e98dd7692,androidx/appcompat/app/AppCompatDelegateImpl,220,1298,16.95
f80d386b2fd5cba7,androidx/compose/runtime/snapshots/SnapshotKt,217,421,51.54
353bc5c9c3f2c78d,androidx/fragment/app/Fragment,199,751,26.5
841daa9d4d6bc544,androidx/work/impl/model/WorkSpecDao_Impl,188,1511,12.44
4b3df5f3566365ee,androidx/compose/ui/text/TextStyle,181,1399,12.94
aad8b00c85b54314,io/requery/android/database/sqlite/SQLiteConnection,180,493,36.51
c22f5e8081d6f161,androidx/fragment/app/FragmentStateManager,174,430,40.47
50a213b231e77547,kotlinx/coroutines/flow/SharedFlowImpl,163,363,44.9
a69afeb29cf1cecc,androidx/compose/ui/focus/TwoDimensionalFocusSearchKt,162,320,50.62
47b5a888979d3682,androidx/compose/ui/node/NodeKindKt,161,270,59.63
891d394009e3b33e,androidx/compose/ui/graphics/layer/GraphicsLayer,161,445,36.18
a10ff7f425e95cc1,androidx/compose/ui/focus/FocusOwnerImpl,160,959,16.68
f77d5d898c0cfd2b,org/breezyweather/main/fragments/HomeFragment,158,349,45.27
75d07fb6fae91994,androidx/compose/ui/node/MeasureAndLayoutDelegate,152,564,26.95
32969dbf0bebc6b9,androidx/compose/ui/input/pointer/Node,152,368,41.3
9c731f027476cce9,com/google/android/material/shape/MaterialShapeDrawable,150,425,35.29
1fbc3bd57fc9e6be,androidx/compose/runtime/external/kotlinx/collections/immutable/implementations/immutableMap/TrieNode,146,469,31.13
141ae83156f145fe,androidx/compose/ui/platform/AndroidCompositionLocals_androidKt,138,181,76.24
8adce73241e96ec5,androidx/compose/ui/focus/FocusInvalidationManager,137,286,47.9
d4d8e318c96795f9,androidx/compose/ui/focus/FocusTransactionsKt,136,407,33.42
3860a6460b4b0e66,kotlinx/coroutines/CancellableContinuationImpl,133,382,34.82
2072d6349e9a69e8,kotlinx/coroutines/channels/BufferedChannel,133,1770,7.51
82ec071369752d95,androidx/compose/material3/tokens/PaletteTokens,130,184,70.65
792edb54dc23e162,okhttp3/CipherSuite,126,130,96.92
328c972a73db7dc0,androidx/compose/ui/node/NodeChain,126,605,20.83
832c73df13731b11,androidx/compose/runtime/SlotReader,125,227,55.07
18299a7936998248,androidx/compose/ui/graphics/layer/GraphicsLayerV23,120,234,51.28
bab17c2a0027b4f4,androidx/compose/ui/node/DelegatingNode,119,194,61.34
11b6626652ad0223,androidx/compose/runtime/SlotTableKt,118,225,52.44
0c895ebb64eb035f,androidx/compose/runtime/snapshots/SnapshotStateObserver$ObservedScopeMap,118,439,26.88
0deb5ce422671ff0,androidx/compose/material3/ButtonKt,116,485,23.92
db838bc9fed80f7c,androidx/compose/ui/focus/FocusTargetNode,116,281,41.28
0bf515437fb748b6,androidx/compose/ui/platform/GraphicsLayerOwnerLayer,113,235,48.09
1f0c7bff101eabca,com/google/android/material/appbar/AppBarLayout,111,466,23.82
c597c3fa5aef979a,org/breezyweather/main/MainActivity,111,463,23.97
c6a583fdbb361a76,androidx/compose/runtime/CompositionImpl$RememberEventDispatcher,110,136,80.88
523c6cb141b68c0e,com/google/android/material/shape/ShapeAppearancePathProvider,108,127,85.04
a17fe70635f4069f,androidx/compose/ui/node/BackwardsCompatNode,104,280,37.14
79fcd256c0cd1c17,androidx/compose/ui/layout/LayoutNodeSubcompositionsState,103,344,29.94
44a3ea4a9a8a55cc,androidx/compose/ui/focus/FocusTraversalKt,102,260,39.23
52958676ba501c6e,org/breezyweather/main/fragments/ManagementFragment$ContentView$3,101,284,35.56
b5d21cc454b5352c,androidx/compose/runtime/ComposerKt,100,290,34.48
d48599621075951d,androidx/appcompat/widget/ActionMenuPresenter,100,282,35.46
31d803ba3891bf00,androidx/appcompat/widget/LinearLayoutCompat,99,629,15.74
89bd3bad1ea0ff91,androidx/compose/foundation/layout/WindowInsetsHolder,98,133,73.68
78d534e2e06c6594,androidx/fragment/app/SpecialEffectsController,98,166,59.04
5a8ca0da7d33b126,androidx/lifecycle/LifecycleRegistry,96,149,64.43
08f8c62f05454d72,androidx/compose/runtime/DerivedSnapshotState,96,146,65.75
83d0f6185bc0d74a,okio/Options$Companion,95,129,73.64
3da428d6645e1ebe,androidx/compose/ui/graphics/drawscope/CanvasDrawScope,95,258,36.82
44dbba84192f811c,androidx/room/RoomDatabase,94,225,41.78
5280ff22cab0214a,androidx/compose/ui/graphics/ReusableGraphicsLayerScope,94,128,73.44
2a1aa5ecb8773826,androidx/collection/MutableScatterSet,94,276,34.06
7946611877537c65,androidx/compose/ui/node/LayoutNodeDrawScope,93,159,58.49
c525ca93b02afb0e,androidx/appcompat/view/menu/MenuBuilder,92,530,17.36
6e75d601d918a797,androidx/compose/material3/ScaffoldKt,91,196,46.43
8efce3a0d7f81c68,androidx/activity/ComponentActivity,91,296,30.74
9ffc24510ffb818d,androidx/compose/runtime/snapshots/SnapshotStateObserver,90,172,52.33
04eb5bc499d17343,androidx/compose/ui/graphics/ColorKt,89,234,38.03
be154e847c4c7f8d,androidx/swiperefreshlayout/widget/SwipeRefreshLayout,88,426,20.66
06d990366e9d04e1,org/breezyweather/main/fragments/ManagementFragment,88,207,42.51
55b2443c727acb99,androidx/fragment/app/FragmentStore,88,224,39.29
d7d9fa6e795f99b0,androidx/compose/material3/ColorSchemeKt,87,505,17.23
7ef4d14c233e065a,io/requery/android/database/sqlite/SQLiteDatabase,87,543,16.02
ba63a7e4854ad01a,androidx/compose/material3/TextKt,86,621,13.85
6d658f817d0bdfec,androidx/compose/ui/draw/PainterNode,86,186,46.24
6067f46bb6463325,androidx/compose/runtime/Recomposer$runRecomposeAndApplyChanges$2$1,86,183,46.99
4e835ebe595cd7c0,androidx/compose/runtime/RecomposeScopeImpl,86,202,42.57
44da415933494880,androidx/appcompat/widget/AppCompatTextHelper,85,380,22.37
19bb47c40cc8572b,androidx/compose/material3/ButtonDefaults,84,335,25.07
4ad3afcc3838e514,androidx/core/view/WindowInsetsCompat$Impl20,84,125,67.2
6120c23f1960e8a1,androidx/fragment/app/FragmentLifecycleCallbacksDispatcher,83,182,45.6
6e62a893e4906b13,androidx/compose/ui/input/pointer/MotionEventAdapter,81,144,56.25
cec5110f32228ad6,kotlinx/coroutines/scheduling/CoroutineScheduler,80,312,25.64
d1605c19048b17f0,androidx/fragment/app/DefaultSpecialEffectsController,79,388,20.36
9a5f21b94e5d9152,kotlin/jvm/internal/ClassReference,79,121,65.29
3220c2987a27eaed,org/breezyweather/theme/compose/TypeKt,78,79,98.73
616a94e0435d7b05,androidx/compose/ui/text/SpanStyleKt,76,241,31.54
97fe2797699cb7ff,androidx/compose/ui/graphics/Color,76,132,57.58
d5f5799f9a0abad5,kotlinx/coroutines/scheduling/CoroutineScheduler$Worker,76,195,38.97
918150c02431a28f,androidx/compose/material3/IconKt,76,261,29.12
f22b2f3c5dbe470e,androidx/compose/ui/node/InnerNodeCoordinator,75,109,68.81
56df69341f5efb48,androidx/compose/ui/graphics/colorspace/Rgb,73,192,38.02
d78048ba554cca24,androidx/collection/MutableScatterMap,72,248,29.03
bb48a9fdf84630f3,androidx/appcompat/view/menu/MenuItemImpl,72,292,24.66
02f0e61719674fe2,org/breezyweather/theme/weatherView/materialWeatherView/MaterialPainterView,72,109,66.06
98088ed656396dbe,androidx/compose/runtime/DerivedSnapshotState$ResultRecord,71,96,73.96
0b5f1a93d846b633,androidx/compose/runtime/snapshots/Snapshot$Companion,71,181,39.23
feddcab31214edd6,androidx/core/view/ViewCompat,71,775,9.16
d9d8322d44ba6ce0,androidx/compose/runtime/changelist/ChangeList,69,1121,6.16
66900a4cb6d71cdf,androidx/compose/runtime/changelist/Operations,68,221,30.77
4e620ecb9c3e4eab,androidx/compose/ui/graphics/Matrix,68,132,51.52
e3233f9c63280f90,androidx/fragment/app/BackStackRecord,67,301,22.26
0a131b26e414bba8,androidx/compose/runtime/snapshots/SnapshotStateList,67,587,11.41
10708fd8e2b5a8b2,androidx/appcompat/view/menu/ActionMenuItemView,67,134,50.0
a2d20f8d3914652f,androidx/compose/ui/focus/FocusEventModifierNodeKt,66,154,42.86
52293e997ff7abae,androidx/compose/ui/text/android/TextLayout,66,305,21.64
19dec11d85bf1c80,org/breezyweather/common/ui/widgets/InkPageIndicator,66,328,20.12
ae5817e32f81557e,androidx/compose/runtime/snapshots/MutableSnapshot,66,379,17.41
03d5d8e1408dfe2d,kotlinx/coroutines/internal/LockFreeLinkedListNode,66,105,62.86
91571cfc1318fbe0,androidx/compose/ui/platform/WindowRecomposer_androidKt,65,89,73.03
7f890a7c94ac2e20,org/breezyweather/main/MainActivityViewModel,65,424,15.33
9dc1e1cda7edb50b,androidx/compose/foundation/layout/BoxKt,65,155,41.94
c7f3cb7371892a5c,androidx/room/InvalidationTracker,65,213,30.52
4349e0230592babb,androidx/compose/ui/layout/SubcomposeLayoutKt,64,108,59.26
df55f4bf374f60ee,kotlinx/coroutines/flow/StateFlowImpl,64,96,66.67
777e47ab53a18d3d,androidx/compose/ui/graphics/vector/VectorPainterKt,64,299,21.4
6a5c554bce1f3ae1,androidx/compose/material3/IconButtonKt,64,682,9.38
f3b31204337b6f88,androidx/compose/foundation/AbstractClickableNode,63,193,32.64
b3e281184229fa83,androidx/compose/ui/platform/AbstractComposeView,63,145,43.45
2ac013c08be728d0,org/breezyweather/DaggerBreezyWeather_HiltComponents_SingletonC$SingletonCImpl,62,110,56.36
9059fc8dbb119f63,androidx/compose/material3/ButtonElevation,62,96,64.58
f88ffece5121e686,androidx/compose/animation/core/AnimateAsStateKt,62,400,15.5
1bbd35fa6a79c1af,androidx/collection/MutableObjectIntMap,62,175,35.43
83deaf629dbacf4e,androidx/compose/ui/semantics/SemanticsProperties,62,75,82.67
371cbffb551935fc,androidx/compose/ui/node/LayoutNodeLayoutDelegate,61,182,33.52
0b21de17d9a6d164,com/google/android/material/shape/ShapePath,61,113,53.98
098fd338f983f6f7,androidx/compose/foundation/text/BasicTextKt,61,888,6.87
bd873f5fd6b57f1d,androidx/compose/ui/graphics/vector/PathParserKt,61,166,36.75
b194af6edb9497de,androidx/compose/material3/SurfaceKt,61,169,36.09
b210171e454bb586,androidx/compose/ui/text/AndroidParagraph,60,236,25.42
58bf425d444cff4f,androidx/compose/ui/input/pointer/HitPathTracker,60,80,75.0
c53b91d337e1bec0,androidx/compose/ui/graphics/vector/GroupComponent,60,152,39.47
12fa841cbeff4f16,kotlin/collections/CollectionsKt___CollectionsKt,60,1803,3.33
63724b760f68943d,androidx/startup/AppInitializer,60,86,69.77
bd8113c53cca69f1,kotlinx/coroutines/sync/SemaphoreAndMutexImpl,60,183,32.79
f99ee6c99e920f66,io/requery/android/database/sqlite/SQLiteSession,60,204,29.41
d8729c6816af5f75,androidx/compose/ui/platform/CompositionLocalsKt,60,95,63.16
5afe8c47c5d2557e,com/google/android/material/shape/ShapeAppearanceModel,60,118,50.85
dfc72cff2955bffd,androidx/compose/ui/graphics/colorspace/Rgb$Companion,59,82,71.95
f617c68619c33090,androidx/compose/runtime/changelist/ComposerChangeListWriter,59,196,30.1
c8494303517b0fe8,androidx/fragment/app/FragmentContainerView,58,138,42.03
b037587592814076,androidx/compose/material3/tokens/ColorLightTokens,58,97,59.79
3668abf12d0329d1,androidx/compose/foundation/text/modifiers/ParagraphLayoutCache,57,134,42.54
725efd8c0fde6f2b,androidx/compose/ui/semantics/SemanticsPropertiesKt,57,317,17.98
3cf18de831182b5d,androidx/appcompat/widget/ResourceManagerInternal,57,216,26.39
6911dc953bb4e6b3,org/breezyweather/theme/weatherView/materialWeatherView/MaterialWeatherView,57,75,76.0
c4d6935d8e9efc2c,androidx/compose/animation/core/Animatable,57,143,39.86
3dcb2d41b7b54720,androidx/compose/ui/text/SpanStyle,56,511,10.96
c67c583c57d987a4,androidx/compose/ui/node/AlignmentLines,55,89,61.8
d029dbd616fd91c7,androidx/compose/ui/text/platform/extensions/TextPaintExtensions_androidKt,55,125,44.0
344a2b0eda37e9f7,androidx/compose/animation/core/SuspendAnimationKt,55,150,36.67
355df990ae974d64,androidx/core/content/res/ColorStateListInflaterCompat,55,96,57.29
abdf394648999ffc,androidx/compose/foundation/text/modifiers/TextStringSimpleNode,55,191,28.8
0af84edbe5df5899,androidx/compose/ui/Modifier$Node,55,93,59.14
82282b9b025e62ca,androidx/compose/runtime/collection/MutableVector,55,382,14.4
fb76f80fd249f2de,androidx/compose/ui/text/ParagraphStyleKt,55,113,48.67
fabd23dca8df0cbe,okhttp3/OkHttpClient,55,167,32.93
7a597e211a996ce1,androidx/compose/material3/ScaffoldKt$ScaffoldLayout$1$1,54,177,30.51
668174f2c457cacc,io/requery/android/database/sqlite/SQLiteConnectionPool,53,392,13.52
5e60f48f667d0f4f,androidx/compose/ui/platform/AndroidComposeViewAccessibilityDelegateCompat,53,2089,2.54
3933f3bcc18b0e94,org/breezyweather/theme/compose/day/ColorKt,53,54,98.15
63ac611de3dace11,androidx/compose/ui/graphics/drawscope/DrawScope,53,371,14.29
b389eab307bd77a9,androidx/appcompat/view/SupportMenuInflater$MenuState,53,111,47.75
955e6a183cb2ee59,kotlinx/coroutines/EventLoopImplBase,52,189,27.51
8cb97c82fde12a87,androidx/compose/material3/tokens/ColorSchemeKeyTokens,51,52,98.08
857dd439e3ef4224,androidx/compose/ui/input/pointer/NodeParent,51,76,67.11
30138105fabf81ec,androidx/compose/ui/graphics/vector/PathComponent,51,88,57.95
4b5d96197c01516f,okio/Buffer,51,923,5.53
fab735fffcefde8b,androidx/compose/ui/graphics/vector/ImageVector$Builder,51,114,44.74
bb145204df1f1ffe,androidx/compose/ui/platform/AndroidUiDispatcher,51,67,76.12
ef29d111e0aff575,androidx/work/impl/WorkDatabase_Impl,51,122,41.8
806082fed779419b,app/cash/sqldelight/driver/android/AndroidSqliteDriver,50,134,37.31
015296f860dd076b,androidx/compose/runtime/BroadcastFrameClock,50,83,60.24
16bbfa2a6f84911a,androidx/compose/material3/SurfaceKt$Surface$2,49,55,89.09
224d020298aec18f,androidx/collection/ArraySet,49,239,20.5
d48ae7f1e6751476,androidx/core/content/res/ResourcesCompat,49,138,35.51
d192cd176ba9500e,androidx/compose/ui/graphics/colorspace/ColorSpaces,48,81,59.26
888e50c230e6a1d2,androidx/compose/runtime/EffectsKt,48,193,24.87
b3a9e1e8aa27751f,kotlin/collections/ArrayDeque,48,374,12.83
af577e0ff61e8047,androidx/work/impl/utils/ForceStopRunnable,48,128,37.5
a0ab5316d1bac995,androidx/emoji2/text/EmojiCompat,48,165,29.09
65e81b5826653ae3,androidx/work/impl/WorkManagerImpl,48,176,27.27
132f79652da9421f,okhttp3/OkHttpClient$Builder,47,229,20.52
acdba213c73b0d4f,androidx/lifecycle/LiveData,47,98,47.96
64e13900dc29e5ce,androidx/compose/ui/text/platform/extensions/SpannableExtensions_androidKt,47,263,17.87
1ef7f6de917c0a2e,androidx/appcompat/widget/AppCompatTextView,47,258,18.22
7ad8f8165bd1d516,androidx/compose/ui/layout/Placeable$PlacementScope,46,188,24.47
b4d411df956ce37d,androidx/compose/ui/focus/OneDimensionalFocusSearchKt,46,362,12.71
57692d29680f132d,androidx/collection/LongSparseArray,46,238,19.33
6f71d7ad802aae1c,androidx/compose/ui/unit/ConstraintsKt,46,105,43.81
615d6c4669ec2881,androidx/compose/ui/graphics/vector/VectorComponent,46,74,62.16
ee0a126ca615de3e,androidx/compose/ui/graphics/colorspace/ColorSpaceKt,45,104,43.27
289145fc0903e56a,androidx/compose/material3/ButtonKt$Button$2$1,45,50,90.0
b29c373bd2826d75,androidx/compose/material3/SurfaceKt$Surface$1,45,54,83.33
6fe4ec5d3491e4b3,androidx/compose/runtime/changelist/FixupList,45,169,26.63
08e2b9c9a3330cdb,androidx/compose/material/icons/outlined/MyLocationKt,44,46,95.65
c7facf91c0a4cea8,androidx/recyclerview/widget/RecyclerView$Recycler,44,602,7.31
032ae467dc588c7d,androidx/compose/ui/graphics/AndroidCanvas,44,145,30.34
283f9017e6a093e5,androidx/compose/ui/unit/Constraints,44,96,45.83
189d1e841728c1de,androidx/appcompat/widget/ActionMenuView,43,318,13.52
627aa08f828eb76f,androidx/compose/material/ripple/RippleHostView,43,65,66.15
79fbaa35ce4d567b,androidx/compose/ui/text/android/TextLayout_androidKt,43,100,43.0
f9804631d5723d24,androidx/compose/material3/MaterialThemeKt,43,136,31.62
73f47e162308e24d,org/breezyweather/theme/compose/ThemeKt,43,91,47.25
ffcb5cd392e1f7f8,androidx/coordinatorlayout/widget/CoordinatorLayout$LayoutParams,42,113,37.17
a61eddeeb6af8b2a,androidx/compose/ui/node/HitTestResult,42,133,31.58
d75883c063072613,org/breezyweather/common/ui/widgets/Material3WidgetsKt,42,356,11.8
a0bff500d52c2088,androidx/compose/ui/node/DelegatableNodeKt,42,962,4.37
3ae118fd5e65804e,kotlinx/coroutines/DispatchedTaskKt,41,88,46.59
4f42e3260c5be92c,androidx/compose/ui/input/pointer/SuspendingPointerInputModifierNodeImpl,41,170,24.12
27b4ab5d171df338,androidx/collection/SimpleArrayMap,41,264,15.53
cde5217ffe47d990,androidx/compose/ui/input/pointer/PointerInputEventProcessor,41,61,67.21
1c2d1c6b9c1a7c0f,androidx/compose/foundation/layout/PaddingKt,41,76,53.95
1c550819e770bb8e,androidx/sqlite/db/framework/FrameworkSQLiteOpenHelper$OpenHelper,41,110,37.27
5b21e57ad3e0b7ac,androidx/recyclerview/widget/RecyclerView$LayoutManager,41,648,6.33
81690e64c07f320a,androidx/compose/ui/contentcapture/AndroidContentCaptureManager,41,481,8.52
ec5609a6b4c3c09a,androidx/compose/ui/geometry/Offset,40,91,43.96
a8b190d6b18c1633,androidx/room/RoomDatabase$Builder,40,118,33.9
1b84a7d5a45e8b33,androidx/compose/ui/graphics/BlendMode,40,105,38.1
5f5ef6647c46552c,androidx/compose/runtime/SlotTable,40,503,7.95
54b8e061f4911ecb,androidx/appcompat/app/AppCompatActivity,40,142,28.17
b0db54fd5a776f31,kotlinx/coroutines/channels/BufferedChannelKt,40,71,56.34
629fd78ffdf4b3f6,org/breezyweather/remoteviews/Notifications,40,220,18.18
ff5baf298e6f1bc2,androidx/compose/ui/node/LayoutModifierNodeCoordinator,39,147,26.53
0f1c155aa83ebb12,kotlinx/coroutines/internal/DispatchedContinuation,39,183,21.31
f191cb8b2cb7c1b0,com/google/android/material/appbar/AppBarLayout$BaseBehavior,39,370,10.54
374e9446d53bfccf,androidx/compose/runtime/internal/ComposableLambdaImpl,39,274,14.23
cada28b33221083f,androidx/compose/material3/tokens/ShapeTokens,39,45,86.67
cdcc45642ebf6203,androidx/swiperefreshlayout/widget/CircularProgressDrawable,38,122,31.15
7d293403aa0e92f2,androidx/compose/ui/graphics/colorspace/Oklab,38,71,53.52
b54ce78deca6e345,org/breezyweather/sources/metie/MetIeService,38,106,35.85
a38c8acaa7ad99cf,kotlin/collections/builders/MapBuilder,38,257,14.79
61d664a0adc10773,androidx/compose/material/ripple/RippleNode,38,44,86.36
5389dd1c3a00e853,androidx/compose/material3/ColorSchemeKt$WhenMappings,38,74,51.35
f2703d6b04b2f1cf,androidx/collection/MutableLongSet,38,171,22.22
ab4c213c94709a22,androidx/core/view/ViewCompat$UnhandledKeyEventManager,38,110,34.55
ff6506cd78d7ee07,com/google/android/material/appbar/MaterialToolbar,37,145,25.52
cb804eac530149fa,androidx/compose/runtime/snapshots/TransparentObserverMutableSnapshot,37,62,59.68
8a5d2a47efeebbb9,kotlinx/serialization/json/JsonConfiguration,37,90,41.11
3a99263aeb549d97,androidx/compose/ui/input/pointer/PointerInputChangeEventProducer,36,37,97.3
07ea46fdec64f33b,kotlinx/coroutines/sync/MutexImpl,36,98,36.73
0fad4f7dacde55d0,androidx/compose/material/ripple/StateLayer,36,53,67.92
f502a1fe73b13cbf,androidx/compose/material3/AppBarKt$SingleRowTopAppBar$actionsRow$1,36,45,80.0
6eebcbff0f15e6b2,kotlin/collections/ArraysKt___ArraysJvmKt,36,1139,3.16
1dcfb7d5cb2fc4ca,androidx/compose/foundation/layout/WindowInsetsHolder$Companion,35,45,77.78
7cbecc82d7bbcd9b,androidx/savedstate/SavedStateRegistry,35,80,43.75
a72ff421afda452b,androidx/compose/ui/text/caches/LruCache,35,151,23.18
bf732efa1016c20b,kotlinx/coroutines/channels/BufferedChannel$BufferedChannelIterator,35,133,26.32
f04b450d75f36a10,androidx/appcompat/view/menu/BaseMenuPresenter,35,64,54.69
e98676e55dd807a7,kotlin/collections/ArraysKt___ArraysKt,35,10738,0.33
94db87c20d9ddd24,androidx/compose/runtime/collection/ScopeMap,35,165,21.21
e5b69cc23d632970,kotlinx/coroutines/JobSupport$Finishing,35,66,53.03
84bde0f7628f84b5,androidx/fragment/app/FragmentActivity,34,112,30.36
82548dc1750840fe,androidx/activity/result/ActivityResultRegistry,34,161,21.12
e16823019142f320,androidx/appcompat/app/AppCompatDelegate,34,135,25.19
b8aea92cf39d9da7,org/breezyweather/theme/compose/BreezyWeatherDayNightColors,34,34,100.0
6e093079e9c30a9a,androidx/activity/OnBackPressedDispatcher,34,126,26.98
8a246e806bfb7ff1,org/breezyweather/common/extensions/DisplayExtensionsKt,34,88,38.64
cd0c0c97393e7e70,androidx/core/view/WindowInsetsCompat,33,115,28.7
3733a1be820a3cd1,kotlinx/coroutines/flow/internal/AbstractSharedFlow,33,51,64.71
e78bc77dc7f6e82b,androidx/compose/animation/core/TargetBasedAnimation,33,68,48.53
51b0d102bb3da6a7,kotlinx/coroutines/DispatchedTask,33,64,51.56
295fb7c2e2a07804,androidx/compose/animation/core/VectorizedFloatAnimationSpec,33,60,55.0
776430b69ac53590,org/breezyweather/theme/weatherView/materialWeatherView/implementor/SunImplementor,33,34,97.06
749bc98d0dd81f24,androidx/compose/foundation/layout/SizeKt,33,221,14.93
e9946347aa7492bf,androidx/compose/ui/input/pointer/PointerInputChange,32,236,13.56
82ec03cad4fb3ad8,androidx/compose/ui/semantics/SemanticsActions,32,61,52.46
31ab30f50ad367ad,kotlinx/coroutines/internal/DispatchedContinuationKt,32,135,23.7
870f9215f83850bc,okio/ByteString,32,267,11.99
1db183f67305e34e,androidx/compose/ui/text/AndroidParagraph_androidKt,32,79,40.51
9efe1667589db89f,androidx/compose/ui/graphics/vector/DrawCache,32,50,64.0
86264981473a96e7,kotlin/text/StringsKt__StringsKt,32,922,3.47
d27feac03cc6d434,androidx/compose/material3/AppBarKt$TopAppBarLayout$2$1,32,45,71.11
a4a2e4a20660a297,com/google/android/material/resources/TextAppearance,32,104,30.77
b7eafd52c06b3b6a,androidx/compose/material/ripple/AndroidRippleNode,32,34,94.12
7d5565c3d9c5e07c,org/breezyweather/settings/SettingsManager,32,240,13.33
29f3cdae54795fd1,androidx/compose/ui/layout/Placeable,32,35,91.43
985a00c1cbdad614,androidx/compose/runtime/Recomposer$runRecomposeAndApplyChanges$2,32,103,31.07
62618a8117570663,androidx/compose/foundation/layout/RowColumnMeasurePolicyKt,32,172,18.6
5ba58d3e7693f562,org/breezyweather/theme/compose/BreezyWeatherColors,32,58,55.17
b71c04a1ddfaaf74,androidx/compose/ui/node/OnPositionedDispatcher,32,37,86.49
84f1db4d146eb4a5,androidx/arch/core/internal/SafeIterableMap,31,73,42.47
891a3d6d60a823ec,org/breezyweather/common/ui/widgets/SwipeSwitchLayout,31,193,16.06
1c1ce4dc3f3d9a8a,androidx/room/InvalidationTracker$refreshRunnable$1,31,95,32.63
94880788967e7e05,androidx/lifecycle/SavedStateHandleSupport,31,45,68.89
5f7021cf5cec890a,androidx/appcompat/widget/TintTypedArray,31,62,50.0
ca568d4e76dfe90e,androidx/work/Configuration,31,49,63.27
2355489a9e7e5385,androidx/compose/foundation/layout/RowKt,31,84,36.9
9ed1b0e14645ac41,androidx/work/impl/WorkDatabase_Impl$1,31,154,20.13
c3cbc97bcee52ec8,androidx/work/impl/utils/RawQueries,31,59,52.54
3d6921b2126bbd91,androidx/compose/ui/text/platform/AndroidParagraphIntrinsics,30,54,55.56
c02fa4b065dda4c0,androidx/work/impl/WorkDatabase$Companion,30,33,90.91
51fceede20fdc145,androidx/compose/ui/graphics/vector/VectorPainter,30,63,47.62
246db4a645312647,com/google/android/material/shape/ShapeAppearanceModel$Builder,30,108,27.78
8d46ff9b20931015,androidx/compose/foundation/layout/Arrangement,30,117,25.64
99986f4b5de1f098,androidx/compose/ui/graphics/GraphicsLayerModifierKt,30,152,19.74
a08c72d9757df2d2,androidx/compose/ui/Alignment$Companion,30,47,63.83
8fc35169a2060de8,androidx/recyclerview/widget/DefaultItemAnimator,30,349,8.6
d00aad7c79efa69d,androidx/compose/ui/modifier/ModifierLocalManager,30,117,25.64
6915ad90fe9b93c0,org/breezyweather/BreezyWeather,30,48,62.5
5739e13c5096ba21,androidx/compose/runtime/snapshots/SnapshotDoubleIndexHeap,29,57,50.88
7086d98c46310910,kotlinx/serialization/json/JsonBuilder,29,93,31.18
cb3f34d39933efc5,kotlinx/coroutines/internal/LimitedDispatcher,29,71,40.85
9ab72b36b8dda428,kotlinx/coroutines/channels/ChannelSegment,29,55,52.73
bbe7cbf725c4ae8e,androidx/fragment/app/SpecialEffectsController$Operation,29,73,39.73
22f8bfcd2d7f1162,androidx/compose/ui/platform/AndroidComposeView_androidKt,29,39,74.36
f58559b526146c12,androidx/collection/ScatterMap,29,376,7.71
fafce614eee47349,org/breezyweather/common/basic/insets/FitBothSideBarHelper,29,66,43.94
cd34c077c5dfbac4,okhttp3/internal/Util,29,446,6.5
5dbb79c6060f5d6e,androidx/compose/ui/platform/WrappedComposition$setContent$1$1,29,45,64.44
e01a37a6825ee19a,androidx/coordinatorlayout/widget/DirectedAcyclicGraph,29,71,40.85
463e1f2829370cf4,androidx/fragment/app/FragmentManagerViewModel,29,156,18.59
b0f9e741e6059601,androidx/work/impl/utils/futures/AbstractFuture,29,302,9.6
66f0418acdd78f1a,org/breezyweather/common/di/RetrofitModule,29,50,58.0
d02a6761e1226db0,androidx/concurrent/futures/AbstractResolvableFuture,29,302,9.6
aa0eebfabe62ddbe,androidx/compose/foundation/layout/SpacerKt,29,36,80.56
f9016ce84e395a37,androidx/room/RoomOpenHelper,28,87,32.18
0af717193cc069e0,org/breezyweather/theme/compose/day/ThemeKt,28,32,87.5
2b1b2790cdb4f7c9,androidx/compose/ui/node/LookaheadCapablePlaceable,28,276,10.14
0a53eaea8591b501,androidx/compose/runtime/ComposerImpl$CompositionContextImpl,28,62,45.16
3b1d2b140d80a328,androidx/work/impl/background/systemjob/SystemJobScheduler,28,175,16.0
12e1a0b0fac1e405,androidx/compose/ui/graphics/AndroidPaint_androidKt,28,68,41.18
c00ed9bac1b5e90f,androidx/compose/ui/graphics/colorspace/TransferParameters,28,105,26.67
a8977f42cbb475ba,androidx/swiperefreshlayout/widget/CircularProgressDrawable$Ring,28,94,29.79
6e2ac7470569625c,androidx/appcompat/view/SupportMenuInflater,28,75,37.33
69f83b9df67a88a9,androidx/compose/runtime/PrioritySet,28,75,37.33
e183b5a4fb561280,androidx/compose/runtime/snapshots/SnapshotIdSet,28,322,8.7
79550b0490c7679a,androidx/collection/MutableIntObjectMap,27,180,15.0
2f3388757b802473,androidx/compose/ui/geometry/RoundRectKt,27,209,12.92
8a77671d05f7226a,androidx/compose/material3/TopAppBarDefaults,27,227,11.89
2175a57afbe54c55,androidx/lifecycle/RepeatOnLifecycleKt$repeatOnLifecycle$3$1,27,39,69.23
7bbf374d2a2a4b63,androidx/compose/ui/graphics/BezierKt,27,428,6.31
d8ec65bbe0cddb59,androidx/compose/material3/AppBarKt$SingleRowTopAppBar$3,27,36,75.0
1370f1851273f89e,androidx/collection/MutableLongObjectMap,27,180,15.0
79ee3619d60f180d,androidx/compose/foundation/layout/RowMeasurePolicy,27,57,47.37
ec7c58b2c1208b5a,androidx/collection/LruCache,26,125,20.8
873baf349511e2b5,kotlin/collections/MapsKt__MapsKt,26,269,9.67
7989ae50a1c6a47a,androidx/compose/ui/semantics/SemanticsNode,26,235,11.06
42d97d59161567c6,androidx/compose/ui/focus/FocusTransactionManager,26,95,27.37
36506d1d05453ecf,androidx/compose/ui/text/android/style/LineHeightStyleSpan,26,55,47.27
342f461b0472de83,io/requery/android/database/sqlite/SQLiteOpenHelper,26,93,27.96
4bffed3f20a676b7,androidx/compose/foundation/layout/ColumnKt,26,84,30.95
3d35c2aa843ed140,androidx/compose/runtime/Recomposer$recompositionRunner$2$unregisterApplyObserver$1,26,45,57.78
84edbba496a2fc6d,io/requery/android/database/sqlite/SQLiteStatementType,26,60,43.33
e1be7d7e0470719f,com/google/android/material/shape/ShapePath$PathArcOperation,26,32,81.25
3e948fa4678eaaa9,androidx/lifecycle/SavedStateHandlesProvider,26,44,59.09
235875f375f884eb,androidx/compose/ui/text/platform/AndroidTextPaint,26,87,29.89
59692a20c150ad4f,org/breezyweather/theme/ThemeManager,26,33,78.79
ac3c4b0bff51866f,androidx/compose/foundation/layout/ColumnMeasurePolicy,26,57,45.61
b02fdeb3dfc0cbc6,io/requery/android/database/sqlite/SQLiteConnection$OperationLog,26,76,34.21
9302d043ac912bc4,androidx/profileinstaller/ProfileInstaller,26,81,32.1
883174e0cb3808a9,androidx/compose/runtime/external/kotlinx/collections/immutable/implementations/immutableMap/PersistentHashMapBuilder,26,66,39.39
dddf38fd712bbf08,org/breezyweather/common/basic/GeoActivity,26,47,55.32
341c549dd38bfb50,okhttp3/ConnectionSpec$Builder,26,64,40.62
4376ace344a86857,androidx/compose/ui/text/style/LineBreak,25,53,47.17
ee8a9705fb12da17,androidx/work/impl/WorkManagerImplExtKt,25,39,64.1
90d948cb0ab6558a,androidx/compose/animation/core/MutatorMutex$mutate$2,25,27,92.59
0ffb205063432606,io/requery/android/database/sqlite/SQLiteProgram,25,67,37.31
833036640a167a72,androidx/compose/foundation/layout/SizeNode,25,88,28.41
b965df1db1987188,okhttp3/internal/platform/android/AndroidLog,25,52,48.08
f1cf949ab5de4462,androidx/compose/ui/geometry/Size,25,93,26.88
f895ebc63867f598,androidx/compose/ui/focus/FocusableChildrenComparator,25,35,71.43
d04036c2798cd9fe,androidx/compose/runtime/SnapshotMutableStateImpl,25,49,51.02
07d0446fa265de1d,kotlin/collections/CollectionsKt__CollectionsKt,25,143,17.48
0f807fddb33bee4e,androidx/compose/ui/input/pointer/util/PointerIdArray,25,37,67.57
93d5c4fc59eea39d,androidx/compose/material/icons/automirrored/filled/ArrowBackKt,25,27,92.59
16637bcd8ef21292,kotlinx/coroutines/flow/StateFlowSlot,25,52,48.08
5c69629c4ef9ec12,androidx/compose/ui/node/DepthSortedSetsForDifferentPasses,25,62,40.32
9bf48441a824ebf4,org/breezyweather/main/utils/MainThemeColorProvider,25,30,83.33
8b4dcc6a2ff84ef1,androidx/compose/ui/graphics/AndroidPaint,24,35,68.57
6cb1814a88bf264e,androidx/appcompat/widget/ContentFrameLayout,24,93,25.81
53bdc0319cc2c3b9,androidx/compose/foundation/layout/InsetsPaddingModifier,24,32,75.0
de8ca7cfa08c4800,org/breezyweather/main/MainActivityViewModel$init$1,24,38,63.16
693d789e397e1d2d,androidx/compose/ui/graphics/vector/ImageVector$Builder$GroupParams,24,45,53.33
34d6ac7c809e76be,kotlinx/coroutines/internal/LockFreeTaskQueueCore,24,115,20.87
68ac1d9ce9357420,androidx/compose/ui/text/SaversKt,24,68,35.29
7762ff1d884b2b0a,androidx/compose/ui/text/android/StaticLayoutParams,24,51,47.06
9c4becba30b66190,androidx/compose/ui/input/pointer/PointerEvent,24,65,36.92
53333b291d4556f5,kotlinx/coroutines/BuildersKt__Builders_commonKt,24,46,52.17
158a58bb5baffa09,androidx/compose/ui/draw/CacheDrawModifierNodeImpl,24,39,61.54
4c8bc298e30938d3,androidx/fragment/app/FragmentViewLifecycleOwner,24,45,53.33
9544dbcc80041103,androidx/compose/ui/focus/FocusDirection,24,44,54.55
5ca65f5e9f812f98,androidx/compose/runtime/snapshots/Snapshot,24,68,35.29
2fb551fbe50338c4,androidx/compose/animation/core/AnimationState,24,43,55.81
7ab933b6f60e1691,androidx/compose/material3/RippleKt,24,51,47.06
3e3080f1a27aa3f9,androidx/sqlite/db/framework/FrameworkSQLiteDatabase,24,126,19.05
20e24035f2fb57e0,androidx/compose/ui/text/platform/AndroidParagraphHelper_androidKt,24,52,46.15
c5c87273e1781b5d,androidx/work/impl/Schedulers,24,73,32.88
7ffc8a4a9a3a4661,io/requery/android/database/sqlite/SQLiteCursor,24,86,27.91
52f78c5da5659672,androidx/compose/ui/graphics/SimpleGraphicsLayerModifier,23,85,27.06
7d28a17293505db6,androidx/compose/runtime/internal/ComposableLambdaKt,23,42,54.76
faacbe56bb8c5cd3,androidx/collection/ScatterSet,23,268,8.58
32de183beafb296f,androidx/compose/material/ripple/UnprojectedRipple,23,35,65.71
8853fbcf32bf1ca2,androidx/appcompat/widget/AppCompatTextViewAutoSizeHelper,23,252,9.13
de277749b669237a,androidx/fragment/app/FragmentActivity$HostCallbacks,23,44,52.27
5f696d1727d4d10e,androidx/compose/ui/node/TraversableNodeKt,23,454,5.07
3fa03cb33b165355,androidx/compose/ui/text/font/FontFamilyResolverImpl,23,55,41.82
1550333cd9743aff,androidx/compose/animation/core/Animatable$runAnimation$2,23,26,88.46
96a2e0a7e75e9fad,androidx/compose/foundation/layout/WindowInsetsSides,23,64,35.94
472b8d199dadf959,androidx/compose/ui/graphics/colorspace/Connector,23,31,74.19
d80ea139acfb7159,androidx/fragment/app/FragmentTransaction,22,112,19.64
8cc8df6755778dff,androidx/compose/ui/platform/DisposableSaveableStateRegistry_androidKt,22,61,36.07
3bfc9c713f1fb0db,org/breezyweather/main/Hilt_MainActivity,22,33,66.67
b057bca9fd8d4931,androidx/room/RoomDatabase$MigrationContainer,22,65,33.85
6c23fad6f4877ac6,androidx/compose/foundation/FocusableInteractionNode,22,33,66.67
74f0c89b7522a1e1,androidx/appcompat/view/ContextThemeWrapper,22,51,43.14
e01383162a0d142b,androidx/lifecycle/ViewModelProvider,22,27,81.48
76266b9a2474b5b4,androidx/compose/ui/graphics/layer/ChildLayerDependenciesTracker,22,89,24.72
4809f3e6996149f6,androidx/compose/ui/unit/fontscaling/FontScaleConverterFactory,22,63,34.92
0a583de0ac2392e9,org/breezyweather/theme/weatherView/materialWeatherView/MaterialPainterView$mGravityListener$1,22,38,57.89
81afe738569ea12d,androidx/compose/foundation/layout/PaddingValuesModifier,22,30,73.33
c4cc307d365c1072,breezyweather/data/AndroidDatabaseHandler,22,55,40.0
49f836eb78815a82,io/requery/android/database/sqlite/SQLiteDatabaseConfiguration,22,35,62.86
458f96bd7b7348b2,androidx/compose/material3/ColorScheme,22,347,6.34
5c90f0f623530764,androidx/compose/ui/graphics/drawscope/CanvasDrawScope$DrawParams,22,45,48.89
29cf8b86042a640e,org/breezyweather/theme/weatherView/materialWeatherView/DelayRotateController,22,31,70.97
49eaa04aa1a3827f,androidx/compose/ui/graphics/painter/Painter,22,66,33.33
f41e065efca039a1,androidx/compose/foundation/BackgroundNode,22,41,53.66
77c0bc6766e08de9,androidx/compose/material3/MinimumInteractiveModifierNode,21,30,70.0
77710bd31db57f23,androidx/compose/ui/platform/ComposeView,21,35,60.0
42ceac640cb09699,org/breezyweather/BreezyWeather$Companion,21,26,80.77
99d3ca4c276c0950,androidx/profileinstaller/DeviceProfileWriter,21,149,14.09
41335665e279f37f,org/breezyweather/main/utils/MainThemeColorProvider$Companion,21,74,28.38
fb659e39588f928f,androidx/compose/ui/text/style/TextAlign,21,39,53.85
84d7e95ea229711f,androidx/room/RoomSQLiteQuery,21,51,41.18
8a34e0cc3b33cf0c,androidx/compose/material3/internal/ProvideContentColorTextStyleKt,21,27,77.78
ce3fb048acd4310b,androidx/compose/foundation/layout/FillNode,21,27,77.78
add3979ca136998e,androidx/customview/poolingcontainer/PoolingContainer,21,39,53.85
6dc7b8ee7c69c0aa,kotlinx/coroutines/intrinsics/UndispatchedKt,21,101,20.79
da244f70f5c50a56,androidx/compose/ui/platform/Wrapper_androidKt,21,33,63.64
57c66421fcf0cb54,okhttp3/internal/platform/AndroidPlatform,21,85,24.71
f48362fa2627a5d1,androidx/compose/runtime/ProvidableCompositionLocal,21,39,53.85
15611ec905cea94d,androidx/lifecycle/ReportFragment,21,34,61.76
6c6702dd1954d337,okio/Segment,20,48,41.67
cd807c84ef36973e,androidx/compose/animation/core/VisibilityThresholdsKt,20,22,90.91
7dc2b6122a5dec57,org/breezyweather/common/basic/livedata/BusLiveData,20,36,55.56
4b82a420ec849de6,androidx/compose/animation/core/VectorConvertersKt,20,20,100.0
1b27a06a35b303b0,androidx/collection/SparseArrayCompat,20,202,9.9
8b1cc6c0d53cd03c,androidx/compose/runtime/SnapshotStateKt__ProduceStateKt,20,125,16.0
12d67893f4b4747b,androidx/compose/foundation/layout/LimitInsets,20,37,54.05
01de0f38fc26159a,kotlinx/coroutines/EventLoop,20,56,35.71
07c506f5ac29b601,androidx/lifecycle/ProcessLifecycleOwner,20,44,45.45
294b43b486c4e137,androidx/compose/material3/tokens/FilledButtonTokens,20,30,66.67
1842533b83ef247b,androidx/compose/animation/core/AnimationScope,20,28,71.43
d0c390f94e792795,kotlin/coroutines/CombinedContext,20,45,44.44
68c70ad5dccc01ce,androidx/compose/material/ripple/RippleContainer,20,38,52.63
742c02c3890d31ab,androidx/recyclerview/widget/ItemTouchHelper,20,414,4.83
7a89da6eeef9f404,androidx/room/Room,20,41,48.78
f2dd0a2a8e8a5d5f,androidx/compose/material3/MaterialTheme,20,26,76.92
738614104a05fea1,androidx/work/impl/model/WorkTypeConverters$WhenMappings,20,35,57.14
7c66432204c151f1,androidx/fragment/app/SpecialEffectsController$FragmentStateManagerOperation,19,31,61.29
7a8ff679868085e1,androidx/compose/foundation/shape/RoundedCornerShape,19,44,43.18
cb93c8a8127239d8,androidx/fragment/app/SpecialEffectsController$Operation$State,19,35,54.29
d0bc0ecaf5fb1ad5,androidx/collection/ObjectIntMap,19,466,4.08
25d68187b113c6a3,androidx/compose/animation/core/MutatorMutex,19,26,73.08
5d5a3d37e5110851,androidx/compose/animation/SingleValueAnimationKt,19,42,45.24
4a5fc5dff879e46b,androidx/appcompat/app/AppCompatViewInflater,19,169,11.24
924a86d51f7b384c,androidx/compose/foundation/layout/AndroidWindowInsets,19,30,63.33
dfe81f3df79e9642,org/breezyweather/common/di/DbModule,19,22,86.36
dfe00144357cfc46,androidx/compose/ui/graphics/SimpleGraphicsLayerModifier$layerBlock$1,19,19,100.0
80fd76e094baf13d,androidx/compose/ui/graphics/AndroidPath,19,114,16.67
37c03958bb82dbc7,com/google/android/material/internal/ThemeEnforcement,19,57,33.33
36f0dfd5f9d9ef72,breezyweather/data/data/DatabaseImpl$Schema,19,79,24.05
ac25cee76377f1dc,androidx/compose/runtime/CompositionLocalKt,19,55,34.55
4460c4c469d7bca3,androidx/compose/animation/core/AnimatableKt,19,24,79.17
0c033b24c81e9123,okio/SegmentPool,19,33,57.58
cf6634914d3f4bdb,androidx/compose/ui/modifier/ModifierLocalModifierNode,19,73,26.03
22dd1df56c48bc58,kotlin/time/Duration,19,361,5.26
06b9a2c02b4445db,androidx/compose/runtime/CompositionLocalMapKt,19,24,79.17
062a8a616468a458,kotlin/ranges/RangesKt___RangesKt,19,535,3.55
2388df8846c7ea73,androidx/compose/ui/text/ParagraphStyle,19,344,5.52
6a1d1e71e35d7cca,androidx/compose/ui/focus/BeyondBoundsLayoutKt,19,68,27.94
ffa4bff795ba3470,okhttp3/ConnectionSpec,19,113,16.81
d16051edf8672298,androidx/room/SharedSQLiteStatement,19,21,90.48
a3e40e7add67735b,kotlinx/coroutines/JobSupportKt,18,23,78.26
ed5e6a4a49e08ddc,androidx/work/Configuration$Builder,18,68,26.47
ec757d7d133abb0b,androidx/compose/material3/tokens/TypographyKeyTokens,18,19,94.74
34a3c575fb92a5b0,kotlinx/coroutines/flow/SharedFlowKt,18,42,42.86
1ac853bbb34ca063,kotlinx/coroutines/flow/FlowKt__ChannelsKt,18,36,50.0
d980adeff07a11fb,org/breezyweather/main/fragments/ComposableSingletons$ManagementFragmentKt$lambda-4$1,18,22,81.82
adb153e5af670ecf,androidx/compose/ui/graphics/vector/ImageVector,18,44,40.91
482b054e11f4fd1b,kotlin/jvm/internal/Intrinsics,18,127,14.17
116c9c1f4f5cced2,androidx/compose/ui/focus/FocusPropertiesImpl,18,34,52.94
456935a9ea269db1,androidx/compose/ui/text/android/StaticLayoutFactory23,18,30,60.0
87f7add90ef90709,androidx/core/view/WindowInsetsCompat$Impl,18,47,38.3
d95b4bf82b978815,androidx/compose/foundation/layout/PaddingValuesImpl,18,61,29.51
77ec5e6904e38b8e,androidx/compose/runtime/SnapshotStateKt__SnapshotStateKt,18,35,51.43
fe1ce511f4703f53,androidx/compose/material3/ScaffoldKt$ScaffoldLayout$1$1$1,18,33,54.55
67cda4de10848657,androidx/compose/runtime/PausableMonotonicFrameClock,18,28,64.29
b0d2e2d50c0db24e,androidx/emoji2/viewsintegration/EmojiTextViewHelper$HelperInternal19,18,48,37.5
79aa2ab63d8755b8,androidx/compose/runtime/external/kotlinx/collections/immutable/implementations/immutableMap/PersistentHashMapBaseIterator,18,40,45.0
02fbe19a33b16c76,androidx/compose/foundation/FocusableNode,18,25,72.0
e7eea63c8ed66f29,androidx/compose/runtime/SnapshotStateKt__SnapshotFlowKt,18,50,36.0
30b86cc77bbf6800,org/breezyweather/sources/accu/AccuService,18,376,4.79
77eff01aa6f0ef3f,androidx/sqlite/util/ProcessLock,18,29,62.07
07e4dc749b7eda4a,io/requery/android/database/AbstractCursor,18,120,15.0
6703acb23a269004,androidx/compose/ui/platform/AndroidUiFrameClock,18,29,62.07
525a75dd687e4a10,androidx/compose/ui/node/LayoutNodeLayoutDelegate$MeasurePassDelegate$placeOuterCoordinatorBlock$1,18,24,75.0
c1c1edbbb7674a7e,kotlinx/coroutines/AbstractCoroutine,18,25,72.0
1668b508065aaa35,androidx/activity/OnBackPressedCallback,18,21,85.71
d8e6a9258c4d73e9,androidx/appcompat/widget/AppCompatBackgroundHelper,18,85,21.18
27cf09863dce7238,androidx/compose/runtime/snapshots/SnapshotStateObserver$sendNotifications$1,18,23,78.26
fbdee8057ff6a8bb,androidx/compose/ui/input/pointer/PointerEventKt,18,78,23.08
cc3da0ecfeffb093,androidx/compose/ui/text/font/FontWeight,18,46,39.13
15ebdf8d7e26a77e,androidx/sqlite/db/framework/FrameworkSQLiteOpenHelper$lazyDelegate$1,18,29,62.07
b08064682948d6f0,androidx/compose/runtime/Recomposer$recompositionRunner$2,18,44,40.91
f37ae5be94f6383c,androidx/fragment/app/DefaultSpecialEffectsController$TransitionInfo,18,45,40.0
1925a35ac5763d7d,androidx/compose/ui/graphics/vector/VectorPath,17,96,17.71
e559b24c4d56e3a7,androidx/compose/material3/TypographyKt$WhenMappings,17,32,53.12
c69df33fa613d216,androidx/compose/ui/graphics/drawscope/Stroke,17,43,39.53
d96fe86564a74588,androidx/compose/ui/text/input/ImeOptions,17,142,11.97
5b864ba2b1a9f5df,androidx/tracing/Trace,17,71,23.94
0c1249459285a08e,kotlin/text/StringsKt__StringsJVMKt,17,333,5.11
30c5ee842d911402,androidx/compose/ui/platform/WrappedComposition,17,29,58.62
f56f8154398a5ad6,breezyweather/data/location/LocationRepository,17,275,6.18
dcf9135912685c0e,dagger/internal/DoubleCheck,17,31,54.84
a657d22582be928a,androidx/collection/MutableIntList,17,148,11.49
bd2ff8c3a0ecbbb6,androidx/compose/ui/graphics/drawscope/CanvasDrawScopeKt$asDrawTransform$1,17,28,60.71
fefe1ba9f1477474,androidx/compose/ui/node/NodeChainKt,17,25,68.0
b37fd1e35e6e43a8,org/breezyweather/common/basic/models/options/UpdateInterval,17,24,70.83
3295ff15d9063030,org/breezyweather/common/extensions/NumberExtensionsKt,17,58,29.31
0cab6291edde557e,androidx/compose/ui/node/DepthSortedSet,17,59,28.81
706244254afb8fb7,kotlin/collections/AbstractMap,17,75,22.67
120401e98fbc64b1,kotlinx/coroutines/android/HandlerContext,17,50,34.0
1758b5be1d23d4f6,androidx/compose/runtime/changelist/Operation$InsertSlotsWithFixups,17,35,48.57
7fc358fc3d85544d,androidx/compose/foundation/FocusedBoundsNode,17,27,62.96
63dad6dbb569a8c2,androidx/compose/material3/ScaffoldKt$ScaffoldLayout$1$1$bodyContentPlaceables$1,17,25,68.0
1c04a4f4dd90013d,androidx/arch/core/internal/SafeIterableMap$IteratorWithAdditions,17,20,85.0
822e770203e1403f,androidx/compose/foundation/text/modifiers/LayoutUtilsKt,17,26,65.38
e4a2b34c4ef115a3,androidx/compose/ui/text/AnnotatedString,17,207,8.21
d3217b4d00b84674,androidx/compose/ui/node/OwnerSnapshotObserver,17,37,45.95
7844c404386bfd6e,androidx/compose/ui/unit/Dp,17,45,37.78
1152713d3727d7fb,androidx/compose/ui/graphics/OutlineKt,17,121,14.05
6283b09a9215892c,androidx/compose/foundation/BorderModifierNode$drawWithCacheModifierNode$1,16,30,53.33
13d9caf113cb9a33,androidx/lifecycle/ReportFragment$Companion,16,23,69.57
23f664b3be391bb6,androidx/compose/foundation/layout/Arrangement$SpacedAligned,16,55,29.09
ff04631c88018732,org/breezyweather/main/fragments/ManagementFragment$ContentView$1,16,22,72.73
84ab06da51258d60,kotlin/collections/builders/MapBuilder$Itr,16,26,61.54
c7d0f439b4fd8ed8,androidx/compose/ui/text/style/TextDirection,16,36,44.44
5efbd68ad36dc65c,okhttp3/internal/platform/Platform,16,68,23.53
5de29ea1f88f76f5,org/breezyweather/theme/ThemeManager$Companion,16,20,80.0
113b35940757815b,com/google/android/material/appbar/ViewUtilsLollipop,16,19,84.21
0b87da16433912d3,androidx/compose/ui/node/AlignmentLines$recalculate$1,16,23,69.57
0ede788940829e51,androidx/compose/runtime/Latch,16,43,37.21
33ff1f1dca401349,org/breezyweather/common/ui/widgets/insets/FitSystemBarComposeWrappersKt,16,147,10.88
0875dce4c0e82f53,androidx/compose/ui/unit/Constraints$Companion,16,61,26.23
8824b69112724583,androidx/compose/ui/platform/CalculateMatrixToWindowApi21,16,20,80.0
ef47674e24519d6b,androidx/work/impl/model/PreferenceDao_Impl,16,30,53.33
2404e7e30f73d5bc,androidx/compose/ui/graphics/AndroidGraphicsContext,16,54,29.63
3c2bbd81d93f9d3a,androidx/compose/runtime/Pending,16,166,9.64
1d924a72d673723a,androidx/compose/ui/text/input/TextInputServiceAndroid,16,142,11.27
75a02d3a0229f528,androidx/compose/ui/text/font/TypefaceRequestCache,16,51,31.37
3707ffcd01c3affc,androidx/savedstate/SavedStateRegistryController,16,25,64.0
6e8184dce6a610bc,androidx/compose/runtime/internal/PersistentCompositionLocalHashMap,16,32,50.0
2d8bc9717ddf9be6,androidx/compose/ui/platform/AndroidComposeView$Companion,16,21,76.19
2e838573096f596c,androidx/lifecycle/compose/LocalLifecycleOwnerKt,16,24,66.67
d228820b1f5a4aaf,kotlinx/coroutines/JobKt__JobKt,16,99,16.16
34ced36d990bfb70,androidx/compose/ui/platform/ShapeContainingUtilKt,16,84,19.05
3c78cc08f0d18cd6,androidx/work/Logger,16,18,88.89
15ce2021a55cf69f,androidx/compose/ui/input/pointer/PointerEventType,16,38,42.11
254774ab0118efd2,androidx/compose/material3/AppBarKt$TopAppBarLayout$2$1$1,16,34,47.06
dd5f26587912d535,kotlinx/coroutines/BlockingCoroutine,16,36,44.44
7fa100baf664f18d,org/breezyweather/sources/geosphereat/GeoSphereAtService,16,155,10.32
d26acad3a0c69d86,androidx/compose/material3/IconButtonDefaults,16,430,3.72
12d545844a4013db,org/breezyweather/theme/weatherView/WeatherViewController,16,70,22.86
276c10e0876fb5d4,androidx/compose/runtime/external/kotlinx/collections/immutable/implementations/immutableList/SmallPersistentVector,15,83,18.07
172d17236f3df4b0,androidx/work/impl/utils/PackageManagerHelper,15,34,44.12
df38f0a20eb558c3,androidx/compose/ui/graphics/vector/VectorKt,15,41,36.59
457b1c8cd5c0e707,androidx/recyclerview/widget/AdapterHelper,15,261,5.75
c70020e39b0fde92,androidx/core/view/WindowInsetsCompat$BuilderImpl20,15,39,38.46
5c88ab272c566902,androidx/compose/runtime/IntStack,15,25,60.0
4bf564e254e35831,androidx/collection/internal/ContainerHelpersKt,15,18,83.33
71ade623a240cfb5,dagger/hilt/android/internal/managers/ActivityComponentManager,15,22,68.18
1287abceeb7e414a,io/requery/android/database/CursorWindow,15,45,33.33
2aef89f459b08a2a,androidx/compose/ui/node/LayoutModifierNodeCoordinatorKt,15,22,68.18
8ecfaf9b6e030001,com/google/android/material/shadow/ShadowRenderer,15,57,26.32
e50d039474787462,kotlinx/coroutines/internal/FastServiceLoader,15,126,11.9
7ca30d1d12c375cb,androidx/compose/runtime/AbstractApplier,15,36,41.67
7491cab5329e0bd7,kotlinx/coroutines/UndispatchedCoroutine,15,45,33.33
5067d9bdfd1d0ff1,androidx/compose/ui/graphics/colorspace/Illuminant,15,21,71.43
4d39e4f183afeaeb,androidx/collection/MutableIntSet,15,171,8.77
4f13c8b366e2cb0f,org/breezyweather/common/ui/widgets/insets/FitSystemBarRecyclerView,15,31,48.39
84e5050816bf643a,androidx/compose/runtime/external/kotlinx/collections/immutable/implementations/immutableMap/PersistentHashMap,15,47,31.91
9a0e4437321bc421,androidx/recyclerview/widget/LinearLayoutManager,15,794,1.89
097566eaf8452a8f,androidx/compose/animation/core/AnimationStateKt,15,69,21.74
6a4557ba11b2bda1,androidx/compose/ui/layout/SubcomposeLayoutState,15,21,71.43
6f9b636d2bc3e3aa,androidx/work/impl/constraints/trackers/Trackers,15,23,65.22
89d5066c50b0508c,androidx/collection/LongObjectMap,15,510,2.94
9235bb9f3065d9d6,androidx/compose/foundation/BorderModifierNode,15,127,11.81
1267489374748942,kotlinx/coroutines/channels/ChannelKt,15,44,34.09
a4aa5e76409babea,org/breezyweather/settings/ConfigStore,15,24,62.5
596812a74ea82aa2,androidx/compose/foundation/BackgroundElement,15,38,39.47
d1ca8776994744eb,org/breezyweather/common/basic/insets/FitHorizontalSystemBarRootLayout,15,23,65.22
55f9a4403f4412be,androidx/compose/runtime/snapshots/GlobalSnapshot,15,24,62.5
4d1d2b155e2edc30,androidx/compose/ui/text/android/LayoutIntrinsics,15,20,75.0
8d2a19d5a6bb8921,androidx/lifecycle/Lifecycle$Event$Companion,15,26,57.69
e473eefe4c09787f,org/breezyweather/main/fragments/HomeFragment$initView$7$1$1,15,28,53.57
9f65e31c01f3ee66,androidx/swiperefreshlayout/widget/CircleImageView,15,36,41.67
b5ddc54ce2316c7f,androidx/compose/ui/input/InputMode,15,24,62.5
632d69cd8e635a2f,dagger/hilt/android/internal/managers/ActivityRetainedComponentManager,15,18,83.33
1babe787ecd48680,androidx/collection/LongSet,15,416,3.61
fccee7e6d6addd87,dagger/hilt/android/internal/lifecycle/HiltViewModelFactory$2,15,26,57.69
678e26ce21aa4f3f,androidx/profileinstaller/ProfileInstallerInitializer,15,19,78.95
b8f9720cf6f09fdb,androidx/fragment/app/FragmentAnim$EndViewTransitionAnimation,14,23,60.87
9eecf54e794d0efe,androidx/arch/core/executor/DefaultTaskExecutor,14,27,51.85
3aa4fa7ecac0ddd0,kotlinx/coroutines/scheduling/WorkQueue,14,120,11.67
009482ae4d7d700a,kotlin/sequences/GeneratorSequence$iterator$1,14,24,58.33
f73f55172e500857,androidx/room/RoomSQLiteQuery$Companion,14,30,46.67
e0d5a73aab270a71,androidx/lifecycle/Lifecycle$Event,14,20,70.0
da0aebea59cbbdb1,androidx/compose/ui/text/TextStyleKt,14,25,56.0
88098f67f8217c39,androidx/compose/runtime/external/kotlinx/collections/immutable/implementations/immutableMap/TrieNodeBaseIterator,14,23,60.87
bdb41e6d8d6426f8,androidx/core/view/ViewCompat$Api21Impl,14,40,35.0
f32a444c27f73f68,kotlin/collections/builders/SetBuilder,14,31,45.16
dfea7a10c6754cdf,kotlinx/coroutines/flow/internal/ChannelFlow,14,56,25.0
1e93642917f570ab,androidx/compose/ui/text/font/FontListFontFamilyTypefaceAdapter,14,76,18.42
8e307f243f7efacf,androidx/arch/core/internal/SafeIterableMap$ListIterator,14,21,66.67
bdf0199154eb82ca,kotlin/jvm/internal/TypeIntrinsics,14,209,6.7
1b79341a6f05c3ad,com/google/android/material/elevation/ElevationOverlayProvider,14,44,31.82
bee54c94311c1fdd,androidx/lifecycle/viewmodel/internal/ViewModelImpl,14,61,22.95
d112f18722094191,androidx/recyclerview/widget/RecyclerView$RecycledViewPool,14,95,14.74
c67833eb71ddef35,app/cash/sqldelight/driver/android/AndroidQuery,14,29,48.28
cdb7890971d6c58e,kotlinx/coroutines/JobImpl,14,21,66.67
9ad74fd11e923ecf,kotlinx/coroutines/flow/FlowKt,14,163,8.59
8abe039efa2e20aa,androidx/fragment/app/FragmentAnim,14,68,20.59
6a258ff436f35024,kotlin/coroutines/jvm/internal/BaseContinuationImpl,14,27,51.85
e38406c89d198108,androidx/compose/ui/input/key/Key$Companion,14,289,4.84
edff3a807bacef59,androidx/compose/ui/graphics/drawscope/CanvasDrawScope$drawContext$1,14,14,100.0
0b13ededd5ff8887,androidx/compose/ui/geometry/RoundRect,14,170,8.24
c97634b9dec3f47f,androidx/sqlite/db/framework/FrameworkSQLiteOpenHelper,14,30,46.67
cb35d32b3f6333e6,androidx/compose/ui/text/input/TextFieldValue,14,64,21.88
3af873199ab2bc8b,androidx/compose/ui/text/style/LineHeightStyle$Trim,14,35,40.0
1ed6c17c675b1847,androidx/compose/ui/text/platform/AndroidParagraphIntrinsics_androidKt,14,36,38.89
f556e13eaaab6bca,kotlinx/coroutines/internal/SystemPropsKt__SystemProps_commonKt,14,27,51.85
ff766b3eece514ef,androidx/compose/animation/core/AnimationVectorsKt,14,14,100.0
4bb0966e4ae1789f,androidx/compose/ui/input/pointer/InternalPointerEvent,14,18,77.78
7ac301427cfa30bf,androidx/compose/ui/layout/LayoutNodeSubcompositionsState$Scope,14,24,58.33
98c54bf6b10f1f54,androidx/core/os/LocaleListCompat,14,60,23.33
9a6acc59e918d222,androidx/compose/ui/text/style/LineHeightStyle$Alignment,14,48,29.17
172c83b49e6e37e8,androidx/compose/ui/unit/TextUnitType,14,27,51.85
9b5194b6bd772d75,com/google/android/material/appbar/AppBarLayout$LayoutParams,14,30,46.67
d13c103f626a009e,androidx/compose/material3/tokens/ShapeKeyTokens,14,15,93.33
2017e68d7d9f37e9,androidx/compose/ui/platform/WindowRecomposer_androidKt$createLifecycleAwareWindowRecomposer$2$onStateChanged$1,14,25,56.0
d2bccc68126aff9f,androidx/compose/ui/text/style/LineBreak$Strictness,14,33,42.42
55ecbd9d16cb712c,androidx/compose/ui/input/pointer/PointerInputEventData,14,77,18.18
74a59e5be6e9d65c,androidx/lifecycle/viewmodel/ViewModelProviderImpl,14,20,70.0
a76a050e17370e8b,androidx/appcompat/widget/AppCompatImageHelper,14,99,14.14
ff177ccb73706c36,androidx/compose/foundation/Clickable_androidKt,14,23,60.87
c66b0f39391f22cd,kotlin/coroutines/jvm/internal/ContinuationImpl,14,18,77.78
216d9229b9b12d22,androidx/compose/ui/platform/GlobalSnapshotManager$ensureStarted$1,14,21,66.67
c7f5d43f99fbf5ab,androidx/compose/animation/core/CubicBezierEasing,14,54,25.93
23cff1d071f67dc8,androidx/compose/ui/graphics/layer/GraphicsLayerKt,14,18,77.78
f854feae37337566,org/breezyweather/theme/resource/utils/XmlHelper,13,32,40.62
a22e6f8c4fa8214e,org/breezyweather/sources/mf/MfService,13,244,5.33
44b0c1c618a8d9ea,org/breezyweather/main/fragments/ComposableSingletons$ManagementFragmentKt$lambda-3$1,13,16,81.25
920cd2343f332bde,androidx/compose/animation/core/AnimationVector1D,13,22,59.09
0bae607502ee5ffe,androidx/core/view/KeyEventDispatcher,13,74,17.57
81c58aa1ba4ce6a7,androidx/sqlite/db/SupportSQLiteOpenHelper$Configuration$Builder,13,21,61.9
34dac369a959cb3a,androidx/compose/foundation/layout/BoxMeasurePolicy,13,63,20.63
9a412d99364b6f0a,androidx/lifecycle/LifecycleCoroutineScopeImpl,13,15,86.67
164d45cd261c904c,androidx/compose/runtime/changelist/Operation$InsertNodeFixup,13,32,40.62
c1d194db5523bb4a,androidx/compose/ui/unit/IntOffset,13,50,26.0
701cddbf3d515fdc,androidx/compose/ui/layout/LayoutNodeSubcompositionsState$NodeState,13,19,68.42
5a86285378bf4752,androidx/compose/material3/Shapes,13,60,21.67
22350b4288c2423f,androidx/core/view/WindowInsetsCompat$Impl21,13,14,92.86
efefbd59d0202f52,kotlinx/coroutines/internal/LockFreeTaskQueue,13,34,38.24
e97294ac8660437c,org/breezyweather/common/ui/widgets/insets/FitSystemBarSwipeRefreshLayout,13,23,56.52
5dc5ef4f2683b10b,androidx/compose/material3/ShapesKt$WhenMappings,13,24,54.17
2f9ec038fb031686,androidx/activity/OnBackPressedDispatcher$LifecycleOnBackPressedCancellable,13,17,76.47
28db4bd2dfe3c74e,androidx/work/WorkQuery$Builder,13,27,48.15
6d8ea42b8407c3b6,androidx/compose/runtime/ProvidedValue,13,24,54.17
06aa2a1b549e3fe6,androidx/compose/ui/text/font/FontSynthesis,13,40,32.5
4121adbe956ccdd8,androidx/compose/ui/platform/AndroidUiDispatcher$dispatchCallback$1,13,14,92.86
76bc56e24fc59aec,androidx/emoji2/text/EmojiCompatInitializer,13,14,92.86
f1493703908fbe42,kotlinx/coroutines/CoroutineStart,13,19,68.42
f006d501f85f1141,androidx/collection/MutableIntIntMap,13,165,7.88
1e4c250746f0584e,androidx/compose/ui/text/style/TextIndent,13,28,46.43
c3fc2d4a88476ec9,androidx/work/impl/model/SystemIdInfoDao_Impl,13,74,17.57
61c8efb3f378dc2f,kotlinx/coroutines/internal/ConcurrentLinkedListNode,13,78,16.67
6df002ac81f988f8,androidx/compose/material3/tokens/TopAppBarSmallCenteredTokens,13,23,56.52
878424be5e54836a,kotlinx/coroutines/internal/MainDispatcherLoader,13,31,41.94
2534e75036d4aaab,androidx/compose/ui/text/android/LayoutIntrinsics_androidKt,13,43,30.23
74fe5d98a040a7c3,kotlin/sequences/FilteringSequence$iterator$1,13,26,50.0
c6daec9591d8f1bf,androidx/emoji2/text/DefaultEmojiCompatConfig$DefaultEmojiCompatConfigFactory,13,40,32.5
6f8b3b39fe80cf8a,androidx/compose/ui/text/platform/DefaultImpl,13,20,65.0
22eff7ececf8a9f3,androidx/compose/ui/graphics/vector/VectorComponent$drawVectorBlock$1,13,15,86.67
169983ec13dba8af,androidx/compose/runtime/changelist/Operations$WriteScope,13,34,38.24
2da38ce1751c2411,androidx/compose/ui/geometry/Rect,13,139,9.35
a3e740b5df7d1df6,org/breezyweather/main/widgets/TextRelativeClock,13,38,34.21
65e72442136540c3,androidx/compose/ui/graphics/vector/PathBuilder,13,24,54.17
3f8812245d950edb,androidx/compose/ui/text/input/KeyboardType,13,48,27.08
eaa52c4a97ec698a,org/breezyweather/common/ui/widgets/insets/FitSystemBarAppBarLayout,13,26,50.0
4f81663e196e0c9c,org/breezyweather/common/bus/EventBus,13,14,92.86
db90ceeb7325e2d1,androidx/compose/ui/graphics/colorspace/ColorModel,13,32,40.62
ef0414ba7c99c3bb,kotlinx/coroutines/CoroutineContextKt,13,83,15.66
852cb693c9321653,androidx/compose/animation/core/FloatTweenSpec,13,29,44.83
735ede8993643e9a,androidx/compose/ui/layout/LayoutNodeSubcompositionsState$subcompose$3$1$1,13,19,68.42
54bcfd309bd02e47,androidx/compose/material3/ShapeDefaults,12,12,100.0
b53d798f9cb23beb,androidx/compose/ui/text/input/ImeAction,12,45,26.67
41723388b4c07fb9,androidx/fragment/app/FragmentManager$FragmentLifecycleCallbacks,12,15,80.0
8e6201d1961cbe3f,org/breezyweather/databinding/FragmentHomeBinding,12,25,48.0
748a627a05120123,androidx/lifecycle/Lifecycle$State,12,13,92.31
7e9aa68b5d55ea7a,androidx/appcompat/widget/AppCompatDrawableManager,12,21,57.14
8bad2c8dd70897e1,kotlinx/coroutines/CompletionStateKt,12,20,60.0
eeb1e2642c5794b2,androidx/compose/material/ripple/Ripple_androidKt,12,22,54.55
64eaf9b159e21b63,androidx/compose/foundation/layout/WindowInsetsPaddingKt$onConsumedWindowInsetsChanged$2,12,17,70.59
172f5560d15c8e47,androidx/compose/foundation/layout/SizeElement,12,38,31.58
7dfeb6be3877aef0,androidx/compose/runtime/external/kotlinx/collections/immutable/implementations/immutableMap/TrieNodeKt,12,27,44.44
66d27367670f766e,androidx/core/view/ViewConfigurationCompat,12,74,16.22
b00399f76face240,androidx/compose/ui/graphics/ImageBitmapConfig,12,34,35.29
1f0b9992d0668b1a,okhttp3/MediaType$Companion,12,44,27.27
f655f281656690d0,org/breezyweather/sources/openmeteo/OpenMeteoService,12,332,3.61
8a5658c377a899f5,androidx/appcompat/app/AppCompatDelegateImpl$AppCompatWindowCallback,12,81,14.81
38d6a5e75cabef0c,androidx/compose/ui/text/style/LineBreak_androidKt,12,12,100.0
b9c3cd7af6b90601,org/breezyweather/theme/resource/providers/DefaultResourceProvider,12,84,14.29
027bafe33c4d1b8e,androidx/compose/ui/unit/TextUnit,12,60,20.0
d45bf73c2cc4a1ec,org/breezyweather/common/ui/adapters/AnimationAdapterWrapper,12,69,17.39
3ebaecc5c06fca1a,androidx/compose/animation/core/AnimateAsStateKt$animateValueAsState$3$1,12,18,66.67
979664805b379802,androidx/core/view/WindowInsetsAnimationCompat$Impl21,12,107,11.21
1a45ea35417e00d2,androidx/core/view/MenuItemCompat,12,87,13.79
1d8ce3ef77af3334,kotlinx/coroutines/CoroutineDispatcher,12,18,66.67
420b7cc471166c7a,androidx/compose/ui/text/EmojiSupportMatch,12,26,46.15
31639b53ac2f0b8f,androidx/compose/foundation/layout/WindowInsetsPaddingKt$windowInsetsPadding$2,12,17,70.59
be59af9411a9d641,androidx/compose/ui/focus/FocusStateImpl,12,20,60.0
8f2d055fb0886246,androidx/compose/ui/text/android/TextAlignmentAdapter,12,16,75.0
b75682de6a692c82,org/breezyweather/JacocoInstrument/JacocoInstrumentation,12,53,22.64
c657d11b5e2406ea,org/breezyweather/sources/cwa/CwaService,12,252,4.76
09f107e66dffa14f,androidx/fragment/app/FragmentController,12,52,23.08
a02fd514e5ffe2ba,androidx/collection/IntObjectMap,12,510,2.35
688383b1436d882f,androidx/compose/runtime/snapshots/StateObjectImpl,12,13,92.31
3a1b9c60437c7733,androidx/compose/ui/layout/RootMeasurePolicy,12,29,41.38
9ea6a616f04bf779,androidx/work/impl/utils/SerialExecutorImpl,12,19,63.16
ba881e49001e6955,kotlinx/coroutines/flow/FlowKt__ShareKt,12,40,30.0
78c7074f86510c4b,androidx/core/graphics/Insets,12,31,38.71
db1443c7a7f1e725,kotlinx/coroutines/internal/ThreadContextKt,12,38,31.58
11df44fac514db87,androidx/room/RoomOpenHelper$Companion,12,40,30.0
071464b1e44c778f,androidx/compose/runtime/Stack,12,16,75.0
c49df1ddcddf926f,com/google/android/material/appbar/ViewOffsetBehavior,12,44,27.27
8855cc54fc04d546,androidx/work/impl/utils/CancelWorkRunnable,12,36,33.33
28cacd05d2dc8d8e,okhttp3/internal/platform/Platform$Companion,12,61,19.67
ef637d47fc435b36,org/breezyweather/main/widgets/FitTabletRecyclerView,12,15,80.0
0b2c4a0952e5f516,org/breezyweather/sources/pirateweather/PirateWeatherService,12,92,13.04
a9e57a3f5343bb12,androidx/appcompat/widget/RtlSpacingHelper,12,36,33.33
4f6fa39abb7cc137,androidx/work/impl/constraints/WorkConstraintsTracker,12,48,25.0
f1ab814eb6dc5fbe,androidx/compose/ui/semantics/Role,12,39,30.77
daf8c81e9b170a60,androidx/core/app/NotificationManagerCompat,12,212,5.66
af24f28b13828b1c,androidx/compose/ui/text/intl/AndroidLocaleDelegateAPI24,12,20,60.0
35ba917c818e6eac,androidx/lifecycle/ViewModelStore,12,14,85.71
5eb6932581877dd7,androidx/work/impl/model/WorkProgressDao_Impl,12,49,24.49
988dacce74dd32e1,androidx/compose/ui/geometry/MutableRect,12,47,25.53
fd0ebfabafc2ab9c,org/breezyweather/main/adapters/main/MainAdapter,12,128,9.38
4965dbe2eeff452e,androidx/compose/material3/DelegatingThemeAwareRippleNode,12,19,63.16
6ae13d0cead9e653,kotlin/coroutines/CoroutineContext$Element$DefaultImpls,12,12,100.0
72f8759e52be032c,org/breezyweather/main/MainActivity$initView$5,12,18,66.67
0ab565725359e16f,kotlinx/coroutines/DebugKt,12,33,36.36
c09935e10b4cf5c7,androidx/appcompat/widget/TooltipCompatHandler,12,85,14.12
30075b2ebe3284ad,androidx/compose/ui/text/android/TextAndroidCanvas,12,334,3.59
b1e57f1790b844e7,androidx/compose/ui/graphics/Shadow,12,41,29.27
528b88fa462d75f6,androidx/compose/ui/text/font/FontFamilyResolverImpl$resolve$result$1,11,14,78.57
15e0b694d8aaea11,androidx/compose/ui/text/style/LineBreak$Strategy,11,30,36.67
c4bef49405ceedbd,androidx/compose/ui/platform/WeakCache,11,20,55.0
1b4b2f9434239a33,androidx/compose/ui/unit/IntSize,11,31,35.48
6bfeb9d4849cbc94,androidx/compose/ui/CombinedModifier,11,24,45.83
2431472f6b95c3a9,androidx/compose/foundation/shape/RoundedCornerShapeKt,11,55,20.0
20fb3e340648df66,androidx/fragment/app/DefaultSpecialEffectsController$SpecialEffectsInfo,11,14,78.57
0d961c0aa6df0c9b,okhttp3/internal/concurrent/TaskRunner,11,141,7.8
ae20722e286e6d2b,androidx/sqlite/util/ProcessLock$Companion,11,13,84.62
c60b6216548c5071,org/breezyweather/databinding/ActivityMainBinding,11,16,68.75
59c8bc99111b3b87,org/breezyweather/sources/china/ChinaService,11,158,6.96
120fa6e1d874e8fb,androidx/lifecycle/RepeatOnLifecycleKt$repeatOnLifecycle$3$1$1$1,11,12,91.67
53cbaf70b2965235,androidx/compose/ui/platform/AndroidComposeView$keyInputModifier$1,11,38,28.95
7cea942644d467b9,androidx/compose/ui/platform/GlobalSnapshotManager,11,11,100.0
a1087decfb89f16f,androidx/compose/ui/node/Owner,11,31,35.48
76927572c2ec703e,androidx/compose/ui/node/LayoutNodeDrawScopeKt,11,14,78.57
a95f6366a2f32c1b,androidx/compose/material3/ButtonKt$Button$2,11,14,78.57
fe517b8ebfc4da62,org/breezyweather/common/ui/widgets/insets/ComposableSingletons$FitSystemBarComposeWrappersKt$lambda-6$1,11,15,73.33
682546973b3f4957,androidx/compose/foundation/layout/WrapContentElement$Companion,11,11,100.0
23a3eb9bc0e98c39,kotlinx/coroutines/channels/ProduceKt,11,65,16.92
fa815944efcee66d,androidx/compose/foundation/layout/PaddingNode,11,31,35.48
656ddca1d2e33c2a,androidx/emoji2/text/EmojiCompatInitializer$BackgroundDefaultLoader,11,13,84.62
b03292a9e7089dbb,androidx/compose/ui/graphics/AndroidImageBitmap_androidKt,11,37,29.73
12c295981321dd1c,okhttp3/internal/platform/android/StandardAndroidSocketAdapter$Companion,11,14,78.57
305d5a271fe7fc51,androidx/compose/foundation/text/modifiers/InlineDensity,11,27,40.74
33e0c49baf25c3ba,androidx/appcompat/widget/AppCompatImageView,11,84,13.1
8cf7ced74e7df905,org/breezyweather/main/adapters/location/LocationAdapter,11,31,35.48
6d692e0ef3e2ea1d,androidx/compose/material3/tokens/ElevationTokens,11,14,78.57
cde5e04c7443a0db,androidx/compose/ui/graphics/MatrixKt,11,13,84.62
23489910889bb7ae,androidx/compose/runtime/SnapshotStateKt,11,26,42.31
43c5d5f56525a642,androidx/compose/ui/node/UiApplier,11,13,84.62
67fe1cabed14d998,kotlin/SynchronizedLazyImpl,11,20,55.0
d74907877bdacc8d,androidx/compose/foundation/layout/InsetsListener,11,47,23.4
f1e4a9574fd60439,androidx/room/RoomDatabase$JournalMode,11,18,61.11
cc6c10eccbbb2a36,org/breezyweather/DaggerBreezyWeather_HiltComponents_SingletonC$ViewModelCImpl,11,13,84.62
eee565f2230cd76e,org/breezyweather/sources/openweather/OpenWeatherService,11,104,10.58
1032790fcf2685c9,kotlinx/coroutines/flow/FlowKt__ContextKt,11,44,25.0
259e0ff36e41c161,okhttp3/internal/cache/DiskLruCache,11,375,2.93
491199e57dc0f860,androidx/compose/runtime/SnapshotMutableFloatStateImpl,11,55,20.0
8026361bbc6c3177,androidx/appcompat/widget/ViewStubCompat,11,44,25.0
01c3dbadbbe94ad6,androidx/arch/core/executor/ArchTaskExecutor,11,21,52.38
4b349a166b93b115,androidx/compose/ui/input/pointer/PointerType,11,31,35.48
a2c9f24a58711a90,androidx/compose/ui/node/LayerPositionalProperties,11,41,26.83
9ddc85ca8ee48a67,androidx/lifecycle/viewmodel/internal/ViewModelProviders,11,37,29.73
52819f5e7c537721,androidx/compose/ui/graphics/colorspace/RenderIntent,11,30,36.67
662c9a3db76e5349,androidx/compose/ui/text/font/FontStyle,11,25,44.0
3f4b5c6b5547b113,androidx/compose/foundation/layout/UnspecifiedConstraintsNode,11,44,25.0
f64772af84b979a7,org/breezyweather/sources/metno/MetNoService,11,196,5.61
3d5df6c1d28ec909,androidx/work/impl/CleanupCallback,11,13,84.62
b3918050ad2bd97e,androidx/compose/ui/graphics/AndroidPaint_androidKt$WhenMappings,11,18,61.11
8afdedd67e7d435d,androidx/core/util/Pools$SimplePool,11,19,57.89
185d3b6ca74f59af,androidx/compose/ui/layout/ScaleFactor,11,47,23.4
ac564767a438fe4f,androidx/compose/ui/draw/CacheDrawScope,11,27,40.74
b553857a02691829,androidx/lifecycle/RepeatOnLifecycleKt$repeatOnLifecycle$3$1$1$1$1,11,21,52.38
449692c8f70a86dd,androidx/compose/ui/focus/FocusTransactionsKt$WhenMappings,11,19,57.89
188a47986257aa59,androidx/compose/ui/node/MutableVectorWithMutationTracking,11,22,50.0
a61b4ee6739a86b5,androidx/compose/ui/platform/WindowRecomposer_androidKt$getAnimationScaleFlowFor$1$1$1,11,26,42.31
47ef186305323a2f,com/google/android/material/shape/MaterialShapeUtils,11,18,61.11
6050774c60c3a192,io/requery/android/database/sqlite/SQLiteClosable,11,15,73.33
cf700b0178b1b055,androidx/compose/animation/core/SpringSpec,11,31,35.48
11bc8e4590e5a744,androidx/compose/runtime/changelist/Operation$InsertSlots,11,23,47.83
6329067e5ee4aaf1,kotlinx/coroutines/CoroutineScopeKt,11,30,36.67
19c86eb4255fda0a,androidx/compose/ui/platform/WrappedComposition$setContent$1,11,13,84.62
bf9d9c54fe9f44c4,io/requery/android/database/sqlite/SQLiteStatement,11,48,22.92
4ab0691d9ec06151,androidx/compose/runtime/changelist/Operation$PostInsertNodeFixup,11,25,44.0
d4b21234d2d7bcd1,kotlin/coroutines/CoroutineContext$plus$1,11,12,91.67
9f82e063479eadeb,androidx/compose/foundation/shape/CornerBasedShape,11,40,27.5
4cc2092283a4faf3,org/breezyweather/theme/weatherView/materialWeatherView/MaterialWeatherThemeDelegate,11,25,44.0
2c0db242fb6ef5a2,androidx/compose/ui/text/style/BaselineShift,11,23,47.83
7478e0586d733785,androidx/compose/ui/text/style/Hyphens,11,27,40.74
2d721ae1f067220d,androidx/compose/runtime/snapshots/SnapshotStateList$StateListStateRecord,11,13,84.62
5f6337e98162070e,com/google/android/material/motion/MotionUtils,10,43,23.26
5984251bfa52c5e4,androidx/compose/ui/platform/actionmodecallback/TextActionModeCallback,10,79,12.66
fb05abf7274bb81e,androidx/compose/ui/BiasAlignment,10,26,38.46
b0471afe2d762f68,androidx/compose/foundation/layout/RowColumnImplKt,10,71,14.08
42257cda54693a89,androidx/work/impl/utils/CancelWorkRunnable$3,10,14,71.43
07c3003270248978,androidx/compose/runtime/changelist/Operations$OpIterator,10,11,90.91
4a4b4b0998bcc682,kotlinx/coroutines/flow/AbstractFlow,10,18,55.56
8f83bb62c41eabcb,kotlin/collections/EmptyList,10,50,20.0
d205b3cc21fca767,androidx/compose/ui/layout/ContentScale$Companion,10,23,43.48
808b4a569c7bb641,androidx/core/app/ComponentActivity,10,59,16.95
ee1973f2ddbfedd1,androidx/work/impl/Processor,10,159,6.29
d3c84e8410c51310,com/google/android/material/color/MaterialColors,10,82,12.2
09d130e1bad169e8,org/breezyweather/sources/nws/NwsService,10,171,5.85
bfb39b133ee89b39,kotlinx/coroutines/sync/MutexImpl$CancellableContinuationWithOwner,10,62,16.13
01265d6bb7fc8bb1,androidx/compose/ui/layout/LayoutNodeSubcompositionsState$createMeasurePolicy$1$measure-3p2s80s$$inlined$createMeasureResult$2,10,10,100.0
5ec449b2f064149c,androidx/fragment/app/FragmentFactory,10,29,34.48
6a31910e1ee23c4f,kotlinx/coroutines/flow/DistinctFlowImpl$collect$2,10,18,55.56
f64d76ea4e73a8b2,breezyweather/data/data/DatabaseImpl,10,16,62.5
f8c9364d7842255b,org/breezyweather/DaggerBreezyWeather_HiltComponents_SingletonC$SingletonCImpl$SwitchingProvider,10,15,66.67
2a9bb22d322285a8,org/breezyweather/common/ui/widgets/insets/ComposableSingletons$FitSystemBarComposeWrappersKt,10,14,71.43
6ebe63b2d4828e1f,androidx/compose/ui/layout/LayoutNodeSubcompositionsState$createMeasurePolicy$1,10,16,62.5
29bb42a710a5b382,androidx/compose/foundation/layout/ColumnMeasurePolicy$placeHelper$1$1,10,10,100.0
63687e08e130e842,androidx/compose/ui/ComposedModifierKt,10,44,22.73
4ebfbb213d0f0301,androidx/compose/ui/text/PlatformParagraphStyle,10,39,25.64
716dd9d4ce8e80d2,org/breezyweather/settings/SettingsManager$Companion,10,12,83.33
a7f667f7f61fa7dd,kotlinx/coroutines/flow/internal/ChannelFlowTransformLatest$flowCollect$3$1$2,10,12,83.33
f96cdca83911eeba,androidx/core/os/TraceCompat,10,41,24.39
b12f0feabad7fd92,androidx/compose/ui/graphics/colorspace/ColorSpace,10,38,26.32
87088a72a801fe27,androidx/compose/ui/text/style/TextOverflow,10,27,37.04
36b50fa883de0eab,kotlinx/coroutines/flow/FlowKt__ShareKt$launchSharing$1,10,31,32.26
72fc897f788e7c4d,androidx/appcompat/widget/AppCompatDrawableManager$1,10,148,6.76
a6756754b9641a50,org/breezyweather/DaggerBreezyWeather_HiltComponents_SingletonC$ViewModelCBuilder,10,10,100.0
7e12a56848a63f46,androidx/compose/material/ripple/RippleKt,10,54,18.52
4e0b57984cbb73d4,androidx/compose/ui/focus/FocusDirection$Companion,10,12,83.33
f2ec77968760e71e,androidx/compose/ui/input/key/KeyEventType,10,27,37.04
baafee29da642ffd,androidx/compose/ui/text/font/TypefaceRequest,10,39,25.64
dea4f1e982ea8776,androidx/collection/ScatterMapKt,10,52,19.23
f1625dddc6aa47bd,kotlin/jvm/internal/ClassReference$Companion,10,45,22.22
7d060c292417e3f2,org/breezyweather/sources/brightsky/BrightSkyService,10,92,10.87
2871792c11dfdb44,androidx/lifecycle/viewmodel/MutableCreationExtras,10,11,90.91
c4479396b204a9d4,androidx/arch/core/internal/FastSafeIterableMap,10,11,90.91
fc86606a806a1150,androidx/compose/foundation/FocusablePinnableContainerNode,10,24,41.67
8934e2106b578f71,kotlinx/coroutines/flow/StartedWhileSubscribed,10,32,31.25
26386d56eb91f3c1,kotlinx/coroutines/android/HandlerDispatcherKt,10,61,16.39
7065d00f1825afd8,androidx/lifecycle/DefaultLifecycleObserverAdapter,10,14,71.43
00aab452d410ebf8,androidx/lifecycle/RepeatOnLifecycleKt$repeatOnLifecycle$3,10,12,83.33
b1b9e5ff160d99bf,androidx/compose/ui/platform/WindowRecomposerPolicy,10,27,37.04
dfc1bc9edc77a7c9,androidx/compose/ui/geometry/SizeKt,10,46,21.74
c24b00b613e3fdf5,okhttp3/ResponseBody$Companion,10,41,24.39
6b7c3cced6f3bd58,com/google/android/material/shape/ShapePath$PathLineOperation,10,10,100.0
fc985f68974f25b5,androidx/compose/ui/text/font/PlatformFontFamilyTypefaceAdapter,10,23,43.48
5bb4deda0a23983e,org/breezyweather/sources/eccc/EcccService,10,54,18.52
0b709cb3e2782c0c,androidx/fragment/app/SpecialEffectsController$3,10,17,58.82
3dd519a43ece9e1c,okhttp3/internal/platform/android/AndroidSocketAdapter,10,46,21.74
ba89aa78252a9016,kotlinx/coroutines/CompletedExceptionally,10,15,66.67
eb3257cb69c60629,androidx/compose/material3/internal/MutableWindowInsets,10,15,66.67
f3b2c92cc60d4174,androidx/core/view/OneShotPreDrawListener,10,15,66.67
eac44e20686d886b,kotlin/time/DurationUnit,10,13,76.92
1cf94a90f3b6e2b3,org/breezyweather/DaggerBreezyWeather_HiltComponents_SingletonC$Builder,10,16,62.5
b1f3f14063fe43a4,androidx/compose/ui/res/PrimitiveResources_androidKt,10,39,25.64
4bbb39a90f40a4b9,com/google/android/material/theme/overlay/MaterialThemeOverlay,10,26,38.46
d35161600f7b8015,androidx/compose/ui/graphics/layer/CompositingStrategy,10,22,45.45
aba91ace40f2c13d,kotlinx/coroutines/flow/SharingStarted$Companion,10,12,83.33
e890bf7d12b450e0,org/breezyweather/common/basic/models/options/unit/TemperatureUnit$Companion,10,12,83.33
cc493a672fba3174,androidx/core/view/ViewCompat$Api21Impl$1,10,13,76.92
8fbca246d05cd43a,androidx/compose/runtime/SnapshotThreadLocal,10,18,55.56
183992cf8c952931,androidx/collection/ArraySetKt,10,231,4.33
10d82642ac245858,androidx/work/impl/background/greedy/GreedyScheduler,10,121,8.26
3f7dfe8452ca5704,androidx/core/text/util/LocalePreferences,10,68,14.71
4c1eca25febaae11,androidx/core/content/FileProvider,10,142,7.04
5fa97a0bc068891c,androidx/compose/runtime/changelist/Operation,10,16,62.5
30b5183b5f87b6eb,androidx/compose/material3/tokens/OutlinedButtonTokens,10,25,40.0
3b343bab5726d9e2,androidx/compose/ui/text/style/TextMotion$Linearity,10,27,37.04
ecf4c92526a60f6d,androidx/compose/foundation/layout/PaddingElement,10,72,13.89
16170b37e80110bd,org/breezyweather/main/MainActivity$initView$3$1,9,14,64.29
29ed9cc5f98918ec,androidx/compose/runtime/SnapshotStateKt__DerivedStateKt,9,52,17.31
636301628f79bfe4,okio/ByteString$Companion,9,70,12.86
0ba13a957cb16ade,androidx/compose/foundation/layout/ExcludeInsets,9,16,56.25
6896766a1a0b33ed,androidx/compose/runtime/SnapshotStateKt__SnapshotFlowKt$collectAsState$1$1,9,19,47.37
41bd4e378f4fcdaa,org/breezyweather/common/basic/models/options/DarkMode$Companion,9,12,75.0
5fc7dd28d3879b85,org/breezyweather/main/fragments/ManagementFragment$ContentView$2,9,85,10.59
89e4b11bdbb3eff4,org/breezyweather/theme/compose/ThemeKt$BreezyWeatherTheme$1,9,13,69.23
3a8c9dae6eac039b,androidx/compose/ui/graphics/PaintingStyle,9,24,37.5
acefc2f296408d29,org/breezyweather/common/ui/widgets/ComposableSingletons$Material3WidgetsKt,9,12,75.0
9c4ef7b8418d841a,androidx/lifecycle/Lifecycle$Event$WhenMappings,9,16,56.25
5fc7c8dcae208a62,androidx/lifecycle/SavedStateHandle,9,98,9.18
16def97226c4e351,androidx/loader/app/LoaderManagerImpl$LoaderViewModel,9,39,23.08
e7c3b849938a2fbf,androidx/compose/ui/draw/PainterModifierKt,9,15,60.0
a6c11a98c469fa96,kotlin/sequences/SequencesKt___SequencesKt,9,1094,0.82
054467a83e991a29,androidx/profileinstaller/ProfileVerifier,9,69,13.04
ca372341bcc48221,kotlinx/coroutines/flow/internal/ChannelFlowTransformLatest$flowCollect$3,9,13,69.23
b323efe2fdeb0c69,androidx/sqlite/db/framework/FrameworkSQLiteOpenHelper$OpenHelper$Companion,9,10,90.0
29ba591e87bbbe1a,org/breezyweather/common/ui/widgets/ComposableSingletons$Material3WidgetsKt$lambda-2$1,9,12,75.0
33066e5e3e0e486b,androidx/lifecycle/DefaultLifecycleObserverAdapter$WhenMappings,9,16,56.25
dde956b5066ac38f,androidx/compose/runtime/SnapshotMutableIntStateImpl,9,41,21.95
957d54e7f761fb82,org/breezyweather/sources/here/HereService,9,77,11.69
18b62220f08dd3ca,androidx/compose/runtime/changelist/Operation$UpdateValue,9,31,29.03
e09c1f9ec9af349a,org/breezyweather/Hilt_BreezyWeather,9,11,81.82
6984d4d4507a3248,androidx/compose/runtime/Recomposer$Companion,9,83,10.84
4dd75c24cc11b295,androidx/lifecycle/Lifecycling,9,95,9.47
ecdf0cdf5a393ae8,org/breezyweather/main/fragments/HomeFragment$initView$6$1,9,14,64.29
372b615b9b082f85,org/breezyweather/sources/dmi/DmiService,9,112,8.04
9cc0109a33e9af94,androidx/compose/ui/graphics/StrokeJoin,9,27,33.33
5607100eee7f42ca,okhttp3/CertificatePinner,9,83,10.84
6321e6011b99d194,androidx/compose/ui/res/Resources_androidKt,9,11,81.82
d0c8276156d415de,kotlinx/coroutines/JobKt,9,30,30.0
fef1707afea756b4,androidx/core/view/WindowInsetsCompat$Type,9,21,42.86
1086cc5c9ec11d2a,okio/internal/-ByteString,9,678,1.33
07a37f12f1bac58d,io/requery/android/database/AbstractWindowedCursor,9,41,21.95
bb874dc186fed5af,androidx/compose/runtime/saveable/SaveableStateRegistryImpl,9,60,15.0
84cee83a8b9bc601,io/requery/android/database/sqlite/SQLiteGlobal,9,15,60.0
5ba47ee2d6ab4d57,androidx/compose/material3/TopAppBarColors,9,59,15.25
a1cf85ad80f13666,androidx/compose/ui/text/style/TextForegroundStyle,9,16,56.25
82d22166e1e0ab81,kotlin/internal/jdk8/JDK8PlatformImplementations$ReflectSdkVersion,9,14,64.29
5f804c6b076cd0fa,androidx/compose/runtime/ComposablesKt,9,195,4.62
4379f414db85cc55,androidx/compose/material/ripple/RippleHostMap,9,11,81.82
10bc4f72f8f4f947,okhttp3/RequestBody$Companion,9,50,18.0
6684c61a7f7d6123,androidx/compose/ui/layout/LayoutCoordinatesKt,9,72,12.5
3bfdbfd8fcf97914,kotlinx/coroutines/DispatchedCoroutine,9,24,37.5
2dcf034d869d62d0,androidx/compose/ui/text/android/style/IndentationFixSpan_androidKt,9,40,22.5
a603c913c84af22c,org/breezyweather/Migrations,9,53,16.98
b2cb064c27d60e8c,androidx/compose/material3/RippleConfiguration,9,21,42.86
bb0e5d03fb8bf6ee,org/breezyweather/main/MainActivity$initView$2$1,9,14,64.29
445463472c895dc3,org/breezyweather/main/fragments/HomeFragment$initView$5$1,9,14,64.29
19691aaf98b80a98,org/breezyweather/sources/ims/ImsService,9,135,6.67
76228d7d7972f185,androidx/compose/ui/input/pointer/HistoricalChange,9,11,81.82
d66cf6a4c3ba0cdd,androidx/activity/contextaware/ContextAwareHelper,9,15,60.0
571e494e80b0b48c,okhttp3/internal/platform/android/CloseGuard$Companion,9,10,90.0
3a77af4fe99fd798,org/breezyweather/common/basic/models/options/appearance/BackgroundAnimationMode$Companion,9,12,75.0
54174acb7a2561a0,kotlinx/coroutines/scheduling/TasksKt,9,15,60.0
622ffa3bc2fcb3ee,androidx/work/WorkInfo$State,9,16,56.25
b3601122fab8906c,org/breezyweather/theme/weatherView/materialWeatherView/WeatherImplementorFactory,9,54,16.67
8b8de0122e19c0a6,androidx/compose/ui/focus/FocusTraversalKt$WhenMappings,9,15,60.0
3a41ef800a854e5e,androidx/compose/animation/ColorVectorConverterKt$ColorToVector$1$1,9,9,100.0
b88235a566dc3cc2,androidx/compose/ui/graphics/FilterQuality,9,31,29.03
b8a29d0c956ba3b1,org/breezyweather/common/di/DbModule$provideSqlDriver$1,9,9,100.0
1319d245649d8ce9,androidx/compose/material3/tokens/TopAppBarSmallTokens,9,19,47.37
fd6476f485cd9b08,androidx/compose/foundation/layout/RowMeasurePolicy$placeHelper$1$1,9,9,100.0
ccc3188e4cb2d784,kotlinx/coroutines/flow/internal/ChannelFlowTransformLatest,9,16,56.25
fe4322644e0201a7,androidx/compose/ui/text/style/TextDecoration,9,28,32.14
0ed712eb391c0c52,kotlin/collections/builders/MapBuilder$Companion,9,9,100.0
8c7fe622fd56cb13,androidx/compose/ui/platform/MotionDurationScaleImpl,9,10,90.0
1581b4fdf52d4ded,androidx/compose/ui/text/style/LineHeightStyle,9,20,45.0
fda200390fca2103,org/breezyweather/common/basic/models/options/UpdateInterval$Companion,9,12,75.0
d4b877f30d040ad7,kotlinx/coroutines/sync/SemaphoreKt,9,41,21.95
7f0d7a293312a791,androidx/compose/ui/text/style/LineBreak$WordBreak,9,27,33.33
532d31c41560201d,org/breezyweather/main/fragments/HomeFragment$initView$7$1,9,14,64.29
47f7d677b2aa5069,kotlinx/coroutines/flow/FlowKt__ReduceKt,9,172,5.23
eeadc581d11af433,androidx/work/NetworkType,9,10,90.0
e1b17d73c470e76e,kotlinx/coroutines/flow/FlowKt__DistinctKt,9,15,60.0
7b8d7f0fa2748749,androidx/compose/runtime/Recomposer$broadcastFrameClock$1,9,13,69.23
221a1c8896e51acc,kotlinx/coroutines/BuildersKt__BuildersKt,9,22,40.91
1afb9b9a0a14f804,androidx/appcompat/widget/ViewUtils,9,36,25.0
2481e59bf40bdc2d,androidx/compose/ui/platform/WindowRecomposer_androidKt$createLifecycleAwareWindowRecomposer$2$WhenMappings,9,16,56.25
4946c0688a790dd2,androidx/compose/ui/text/font/FontFamily,9,15,60.0
dc3d23d86dab6278,androidx/collection/ObjectList,9,232,3.88
bbacfc411f98679b,androidx/compose/ui/node/DistanceAndInLayer,9,27,33.33
be108e413aa98bda,androidx/compose/ui/platform/AndroidComposeViewAccessibilityDelegateCompat$1,9,9,100.0
5cdfbc6294d5be43,androidx/compose/ui/text/style/TextAlign$Companion,8,10,80.0
4692dbff60b085a4,androidx/compose/ui/input/InputModeManagerImpl,8,9,88.89
a7d686bd965ca02d,androidx/fragment/app/FragmentHostCallback,8,28,28.57
762d5b2cfbccffc0,kotlin/collections/EmptyMap,8,31,25.81
bf33a097ccc5c85b,androidx/compose/foundation/layout/FillElement$Companion,8,8,100.0
7cf311e8eb449c95,androidx/compose/material3/ShapesKt,8,41,19.51
dcf3f1e9da10f9b2,breezyweather/data/AndroidDatabaseHandler$awaitList$2,8,12,66.67
82f035dcfa92e2e1,okhttp3/internal/connection/RealConnectionPool,8,134,5.97
b9266da35492d51d,androidx/compose/ui/graphics/colorspace/ConnectorKt,8,9,88.89
779b2fc702e4c6b3,okhttp3/internal/platform/android/AndroidCertificateChainCleaner$Companion,8,10,80.0
9aa746566d31cc39,androidx/compose/ui/unit/Density,8,61,13.11
0dbeb0b08e7534a5,org/breezyweather/main/fragments/ManagementFragment$onCreateView$1$1,8,13,61.54
be4fae2e4e3031ea,kotlin/time/DurationKt,8,274,2.92
53d9aef3b12ee743,androidx/compose/ui/text/TextRangeKt,8,20,40.0
0a1a744cced4038c,kotlinx/coroutines/flow/FlowKt__ShareKt$launchSharing$1$2,8,18,44.44
7037280ab0de6523,androidx/compose/ui/platform/WindowRecomposer_androidKt$createLifecycleAwareWindowRecomposer$2,8,11,72.73
a22734bf656d760e,kotlinx/serialization/modules/SerializersModuleKt,8,19,42.11
1315b89938f11dc6,org/breezyweather/common/basic/models/options/DarkMode,8,13,61.54
4089d251d510a878,androidx/compose/material/ripple/StateLayer$handleInteraction$1,8,12,66.67
c4d4a9be889f5dbd,androidx/compose/ui/graphics/ClipOp,8,24,33.33
3441a709fd8e3ad2,androidx/sqlite/db/SimpleSQLiteQuery,8,12,66.67
1fbf67899bb9bd36,androidx/fragment/app/DefaultSpecialEffectsController$AnimationInfo,8,8,100.0
ce66df4334b7fb61,androidx/compose/foundation/layout/SpacerMeasurePolicy,8,10,80.0
55b8a05283a8a3f6,dagger/hilt/android/internal/managers/ApplicationComponentManager,8,10,80.0
b917897076adb109,androidx/compose/ui/graphics/BlendMode$Companion,8,31,25.81
facb0e2c5e751d0b,kotlinx/coroutines/flow/StartedWhileSubscribed$command$2,8,10,80.0
623d09a85a13850e,androidx/compose/runtime/Recomposer$recompositionRunner$2$3,8,12,66.67
ce49e57b9a046707,androidx/core/content/ContextCompat,8,117,6.84
950b9298b24a599b,androidx/lifecycle/RepeatOnLifecycleKt$repeatOnLifecycle$3$1$1$1$1$1$1,8,12,66.67
b493cef723071016,org/breezyweather/main/utils/StatementManager,8,28,28.57
aa1cc4dbe889883f,androidx/lifecycle/LifecycleRegistry$ObserverWithState,8,11,72.73
eae45a54c09ee229,androidx/lifecycle/ProcessLifecycleInitializer,8,10,80.0
042159f20b07f066,androidx/compose/material/ripple/StateLayer$handleInteraction$2,8,12,66.67
5874013cba09d656,androidx/compose/ui/text/android/StaticLayoutFactory,8,49,16.33
fa5ffc8d005a57d2,kotlin/coroutines/intrinsics/IntrinsicsKt__IntrinsicsJvmKt,8,57,14.04
ea95ffd929b01d32,androidx/compose/material3/TypographyKt,8,25,32.0
aafb30bc0b614923,okhttp3/Protocol,8,13,61.54
d704e7cc287ab8cb,androidx/compose/ui/geometry/OffsetKt,8,30,26.67
e51e381a2bbd0e2a,androidx/compose/material3/AppBarKt$SingleRowTopAppBar$2$1,8,13,61.54
e700e12692b12e75,okhttp3/TlsVersion,8,12,66.67
d2627eb20656568a,androidx/compose/ui/ComposedModifierKt$materializeImpl$result$1,8,8,100.0
46fd13b5a1223c57,androidx/compose/foundation/layout/WindowInsetsPaddingKt,8,18,44.44
5f6d9ea998171f28,org/breezyweather/theme/weatherView/materialWeatherView/IntervalComputer,8,8,100.0
97e588f75c204051,androidx/lifecycle/LifecycleRegistry$Companion,8,10,80.0
25bd4b48fcf9e19f,androidx/compose/ui/graphics/PathFillType,8,24,33.33
ace536b096916b1d,kotlinx/coroutines/flow/internal/ChannelFlow$collect$2,8,12,66.67
924e4176b6850edf,androidx/compose/ui/node/ComposeUiNode$Companion,8,13,61.54
7c75bef25ddb1829,kotlinx/coroutines/internal/ResizableAtomicArray,8,14,57.14
c529788a8f0821e1,androidx/work/impl/background/greedy/TimeLimiter,8,23,34.78
17203148aba45002,androidx/compose/ui/platform/AndroidUiDispatcher$Companion$Main$2,8,9,88.89
753b2269946f9b88,androidx/room/RoomTrackingLiveData,8,56,14.29
4cb8873edd7c32fc,androidx/appcompat/widget/AppCompatEmojiTextHelper,8,14,57.14
00714e6f8fe6966a,androidx/compose/runtime/ActualAndroid_androidKt,8,14,57.14
23ecdcdb256b14f3,androidx/compose/ui/graphics/StrokeCap,8,27,29.63
440aa0e28bd60674,androidx/compose/foundation/BackgroundKt,8,21,38.1
40e6c61948ccb7db,org/breezyweather/main/fragments/ManagementFragment$initView$7$1,8,12,66.67
7cff5d3810030d39,androidx/collection/IntList,8,276,2.9
6338016c9d0c18da,androidx/work/impl/WorkDatabasePathHelper,8,47,17.02
bd036b3276e3ea64,androidx/core/view/MenuHostHelper,8,53,15.09
2ce09e55890c4dd9,androidx/appcompat/widget/AppCompatImageButton,8,81,9.88
4a96aabba0e2810b,androidx/compose/runtime/changelist/Operation$UpdateNode,8,20,40.0
a48264564b6bff29,androidx/compose/ui/text/input/KeyboardCapitalization,8,33,24.24
521979546d0ac34f,org/breezyweather/common/ui/widgets/insets/ComposableSingletons$FitSystemBarComposeWrappersKt$lambda-5$1,8,12,66.67
39469760a76d6589,kotlinx/coroutines/CancellableContinuationKt,8,48,16.67
cef117746d113167,kotlinx/coroutines/internal/SystemPropsKt,8,8,100.0
6b43f11389f8b615,androidx/work/impl/OperationImpl,8,12,66.67
3578f9a835decb66,androidx/appcompat/widget/ActionMenuPresenter$OverflowMenuButton,8,25,32.0
61d57e877ebb1493,com/google/android/material/appbar/ViewOffsetHelper,8,23,34.78
d3de92468b934259,org/breezyweather/background/weather/WeatherUpdateJob$Companion,8,55,14.55
e21a1bf6063415f1,kotlinx/coroutines/ThreadLocalEventLoop,8,10,80.0
b144f9697e8e2c95,androidx/compose/foundation/ClickableKt,8,99,8.08
6c89f8768ef1c485,androidx/emoji2/text/EmojiCompat$ListenerDispatcher,8,14,57.14
178ec06cefa34434,androidx/core/util/Pools$SynchronizedPool,8,10,80.0
5c0422beb985c50c,androidx/compose/runtime/CompositionContext,8,10,80.0
ce4afb8d2d221dc0,androidx/compose/ui/platform/AndroidCompositionLocals_androidKt$ProvideAndroidCompositionLocals$3,8,12,66.67
30798682b5c75df0,androidx/appcompat/view/WindowCallbackWrapper,8,29,27.59
85a96e4a82edebfd,androidx/compose/ui/text/style/TextMotion,8,28,28.57
852ccf7ce57763fd,androidx/compose/ui/graphics/CompositingStrategy,8,22,36.36
2fdb8726b31fb8ce,org/breezyweather/common/ui/widgets/ComposableSingletons$Material3WidgetsKt$lambda-3$1,8,12,66.67
3412a76f9040639e,org/breezyweather/main/fragments/ManagementFragment$initView$6,8,12,66.67
1a42054b206f813b,kotlinx/coroutines/internal/Segment,8,28,28.57
f8f45f60bc2925cf,androidx/compose/runtime/GroupKind,8,31,25.81
3c883d47bcf3ec75,androidx/compose/animation/core/TweenSpec,8,27,29.63
c5028d4f726c8b6e,androidx/compose/runtime/Recomposer$State,8,10,80.0
3362345a7ddafb19,kotlinx/coroutines/flow/FlowKt__LimitKt$dropWhile$1$1,8,24,33.33
e0c08e8a460e621b,io/requery/android/database/sqlite/SQLiteQuery,8,15,53.33
4a0a4462d4492d2a,androidx/recyclerview/widget/ChildHelper,8,119,6.72
f0675057c5b1940d,androidx/compose/ui/layout/LayoutNodeSubcompositionsState$Scope$layout$1,8,12,66.67
1a3106efd159d955,androidx/compose/foundation/DarkTheme_androidKt,8,11,72.73
251c7058b1c358f8,androidx/compose/animation/core/SuspendAnimationKt$animate$6,8,8,100.0
c908aec646b96ce6,org/breezyweather/common/basic/models/options/appearance/BackgroundAnimationMode,8,13,61.54
811d82ee5333c5e7,androidx/compose/runtime/external/kotlinx/collections/immutable/implementations/persistentOrderedSet/PersistentOrderedSet,8,65,12.31
24475c2bb148bb61,androidx/lifecycle/ViewModel,8,34,23.53
0a4c46baf38847b9,androidx/lifecycle/LiveData$LifecycleBoundObserver,8,14,57.14
a9a3b96c59a72dd0,org/breezyweather/theme/compose/BreezyWeatherColors$Companion,8,33,24.24
9c64cffc1c8dc41a,org/breezyweather/main/fragments/ManagementFragment$initView$6$1,8,12,66.67
0c5c583639fba390,androidx/compose/material3/ScaffoldKt$Scaffold$2,8,12,66.67
a3e3bc715a0c59b6,androidx/compose/foundation/layout/FixedIntInsets,8,16,50.0
bf1989d6771336b1,androidx/compose/runtime/Recomposer$join$2,8,10,80.0
076a4b53d16473df,androidx/compose/ui/layout/SubcomposeLayoutState$setRoot$1,8,9,88.89
206b5513723f922a,org/breezyweather/main/fragments/ComposableSingletons$ManagementFragmentKt,8,10,80.0
a27651c3d018ec1c,androidx/compose/material3/RippleNodeFactory,8,22,36.36
05bfc19d273469cd,androidx/compose/ui/input/pointer/SuspendPointerInputElement,8,44,18.18
bbf8b19f3d2f4499,kotlinx/coroutines/flow/StartedWhileSubscribed$command$1,8,32,25.0
1d6f06ffab960c5b,kotlinx/coroutines/flow/FlowKt__ReduceKt$first$$inlined$collectWhile$2,8,16,50.0
c100ce3a1cf63044,androidx/compose/runtime/Anchor,8,10,80.0
8517ac12aced3181,org/breezyweather/main/fragments/ManagementFragment$initView$7,8,12,66.67
18c8fd2eb9fa4efe,androidx/lifecycle/LifecycleKt,8,12,66.67
c039aeff5824af85,kotlin/Result,8,31,25.81
3450a65517836cee,androidx/activity/OnBackPressedDispatcher$OnBackPressedCancellable,8,11,72.73
12732c078713eb59,androidx/compose/ui/input/pointer/SuspendingPointerInputModifierNodeImpl$onPointerEvent$1,8,12,66.67
390543cf717f2d05,org/breezyweather/common/extensions/NotificationExtensionsKt,8,31,25.81
370acdac6691e7e1,org/breezyweather/main/MainActivity$initView$5$1,8,13,61.54
f40b10eca95dd78f,androidx/compose/ui/graphics/colorspace/Adaptation,8,10,80.0
77e77868cda27c67,androidx/compose/ui/geometry/CornerRadius,8,45,17.78
c52fa99094113fc4,androidx/compose/animation/core/VectorizedTweenSpec,8,18,44.44
cef85c90f82fdfdf,androidx/compose/ui/graphics/SolidColor,8,18,44.44
7dfb070c95186c9e,androidx/compose/ui/input/pointer/PointerIcon_androidKt,8,10,80.0
5927fe7e3a2b1d4c,kotlin/collections/AbstractList$Companion,8,45,17.78
22a7f253ce355a65,androidx/compose/ui/node/LayoutNode$LayoutState,8,9,88.89
11c9fea4c0a5b7e2,androidx/compose/material3/IconButtonColors,8,53,15.09
dbf8bac46e54c04d,androidx/appcompat/view/ActionBarPolicy,8,36,22.22
63368d2302f343df,androidx/compose/material3/ButtonElevation$animateElevation$1$1$1,7,18,38.89
f6b06dc1733e5506,kotlinx/coroutines/JobCancellationException,7,25,28.0
7eac396a517c2fc6,androidx/compose/ui/input/pointer/PointerIcon$Companion,7,10,70.0
63316b066cf18db8,androidx/compose/ui/text/font/PlatformTypefacesApi,7,56,12.5
da36c0ef8400b221,androidx/compose/animation/core/AnimationSpecKt,7,56,12.5
f339e618edffc599,androidx/compose/ui/node/NodeCoordinator$hit$1,7,7,100.0
9936b0ba7294329d,androidx/compose/ui/text/style/TextDirection$Companion,7,8,87.5
f08f8bd53d278da4,androidx/compose/animation/core/EasingKt,7,9,77.78
3d524aa6b7ac10a1,androidx/compose/runtime/Updater,7,50,14.0
6a033c926cad7874,androidx/compose/material3/AppBarKt$SingleRowTopAppBar$colorTransitionFraction$2$1,7,10,70.0
842755761fe7f67f,androidx/compose/ui/platform/SemanticsNodeCopy,7,15,46.67
d7aa270ccc0c4be1,androidx/compose/ui/node/LayoutNodeLayoutDelegate$MeasurePassDelegate$layoutChildrenBlock$1,7,7,100.0
cad9400856f5eb1e,androidx/compose/ui/node/ObserverModifierNodeKt,7,7,100.0
ee8ce988391d8396,org/breezyweather/main/fragments/ManagementFragment$onCreateView$1$1$1,7,11,63.64
8526e4fa58b06d6b,androidx/lifecycle/Lifecycle$Event$Companion$WhenMappings,7,12,58.33
81f5061bdc1cefa9,androidx/compose/ui/text/ParagraphIntrinsicsKt,7,19,36.84
c2abe738cca5ac5c,androidx/compose/foundation/relocation/BringIntoViewResponder_androidKt$defaultBringIntoViewParent$1,7,9,77.78
7bd27e8b9080701c,kotlinx/coroutines/flow/internal/ChannelFlowOperator,7,25,28.0
d4515d4e6afc458e,androidx/compose/runtime/snapshots/GlobalSnapshot$takeNestedMutableSnapshot$1,7,8,87.5
0b8db218c7ca4228,kotlinx/coroutines/flow/StateFlowKt,7,39,17.95
af33de4c253a268e,androidx/work/ConfigurationKt,7,7,100.0
7fa2ede7914ed2a8,kotlin/sequences/SequencesKt__SequencesKt,7,46,15.22
b0b1eabcdb4d0407,androidx/compose/foundation/layout/InsetsPaddingValues,7,20,35.0
cbac6084d5997216,io/requery/android/database/sqlite/RequerySQLiteOpenHelperFactory$CallbackSQLiteOpenHelper,7,11,63.64
cb194c80ee0e8946,org/breezyweather/main/Indicator,7,11,63.64
0b13af81346f0a97,androidx/compose/runtime/DerivedSnapshotState$currentRecord$result$1$1$result$1,7,10,70.0
769c85e2bb12283d,org/breezyweather/sources/atmoaura/AtmoAuraService,7,91,7.69
f08b0b8a9fd1d188,androidx/compose/ui/node/MeasureAndLayoutDelegate$WhenMappings,7,12,58.33
c62846c4215503b3,androidx/compose/runtime/BroadcastFrameClock$withFrameNanos$2$1,7,9,77.78
f342f1263e4690e1,androidx/compose/ui/res/StringResources_androidKt,7,45,15.56
dd336338cb7a536d,androidx/compose/material3/DelegatingThemeAwareRippleNode$attachNewRipple$calculateColor$1,7,14,50.0
6720fe9f5a20e91f,org/breezyweather/theme/resource/ResourcesProviderFactory,7,34,20.59
ea6df97d8b8f1b34,com/google/android/material/resources/MaterialAttributes,7,32,21.88
7ff98dd398200bb6,androidx/core/view/WindowInsetsAnimationCompat$Impl21$Impl21OnApplyWindowInsetsListener,7,33,21.21
b332c7ad9ba2f0a3,org/breezyweather/common/bus/MyObserverWrapper,7,11,63.64
9dcba72f33ed6792,androidx/compose/foundation/AbstractClickableNode$onKeyEvent$2$1,7,14,50.0
84c9a0a9e720ff1b,androidx/savedstate/ViewTreeSavedStateRegistryOwner$findViewTreeSavedStateRegistryOwner$2,7,7,100.0
6b4a5e156e05e4cf,org/breezyweather/settings/ConfigStore$Editor,7,20,35.0
5a9eae1661f47a35,androidx/compose/ui/focus/FocusRequester,7,198,3.54
24fe1694f1499dcb,androidx/compose/ui/graphics/vector/PathNode$RelativeCurveTo,7,38,18.42
c8f2356d04b75983,androidx/compose/ui/platform/AbstractComposeView$ensureCompositionCreated$1,7,11,63.64
1dcae602bc10b28f,androidx/compose/ui/graphics/vector/VNode,7,8,87.5
35d7be73630f27b8,androidx/collection/internal/LruHashMap,7,23,30.43
9be96b2d20c3081f,kotlin/collections/CollectionsKt__CollectionsJVMKt,7,45,15.56
17898b16eb7ae0a3,androidx/compose/foundation/layout/WindowInsetsSides$Companion,7,14,50.0
a0a8b762a52e002d,androidx/recyclerview/widget/RecyclerView$Adapter,7,76,9.21
f600c8976a4ce785,androidx/room/EntityInsertionAdapter,7,101,6.93
1cdf2bda0aa17c15,com/google/android/material/resources/MaterialResources,7,68,10.29
49371a42cd9dbf0e,androidx/compose/ui/node/BackwardsCompatNodeKt,7,8,87.5
92af8b77fc135d46,androidx/compose/foundation/AbstractClickableNode$onKeyEvent$1,7,14,50.0
354e7aabb942ded5,org/breezyweather/DaggerBreezyWeather_HiltComponents_SingletonC$ActivityCBuilder,7,7,100.0
b8ebf125843c2c11,dagger/internal/SingleCheck,7,18,38.89
a6c5e2ff16e4866f,androidx/compose/material/ripple/RippleNode$onAttach$1$1,7,9,77.78
807ebce2504822ca,androidx/lifecycle/ViewTreeLifecycleOwner$findViewTreeLifecycleOwner$2,7,7,100.0
787fff971d61cb08,kotlinx/coroutines/flow/SharedFlowSlot,7,12,58.33
558f491da9399557,io/requery/android/database/sqlite/SQLiteDirectCursorDriver,7,13,53.85
e0884a438f7ee919,kotlinx/serialization/json/JsonKt,7,12,58.33
fa5447cebbba6894,androidx/collection/IntObjectMapKt,7,44,15.91
da6429cee12daf7d,androidx/compose/material3/ScaffoldLayoutContent,7,9,77.78
b4cc5658bfc0f58c,androidx/compose/runtime/BroadcastFrameClock$FrameAwaiter,7,10,70.0
7215d8269f91184c,androidx/compose/ui/platform/AndroidUiFrameClock$withFrameNanos$2$callback$1,7,8,87.5
900ee92ea26d48ff,androidx/emoji2/viewsintegration/EmojiTextViewHelper$SkippingHelper19,7,18,38.89
ee9aea45e555cee0,androidx/work/impl/utils/PreferenceUtils,7,50,14.0
e9c25f82604d4959,androidx/lifecycle/LiveData$ObserverWrapper,7,11,63.64
cf157e1e9214253e,androidx/compose/ui/platform/WindowRecomposerPolicy$createAndInstallWindowRecomposer$unsetJob$1,7,21,33.33
d6fa2c75354a9e1e,androidx/compose/ui/platform/GraphicsLayerOwnerLayer$recordLambda$1,7,8,87.5
9a31b5915f3e67f8,androidx/core/view/WindowInsetsCompat$Builder,7,26,26.92
8448f4e9772bc494,androidx/compose/foundation/layout/UnspecifiedConstraintsElement,7,27,25.93
67bc3ac2705a6a5c,androidx/compose/ui/graphics/Color$Companion,7,91,7.69
68cffc012ae0d506,androidx/compose/ui/text/style/ColorStyle,7,21,33.33
45436178ba4f88bd,androidx/compose/ui/platform/ViewCompositionStrategy$DisposeOnDetachedFromWindowOrReleasedFromPool,7,8,87.5
b33e4c6de3377132,androidx/compose/ui/graphics/ImageBitmapKt,7,31,22.58
f1c1fc0338d77fb2,androidx/sqlite/db/framework/FrameworkSQLiteDatabase$query$cursorFactory$1,7,7,100.0
8c7a098f3b53d94c,androidx/compose/foundation/BorderKt,7,46,15.22
76881ba7cbb88f5f,androidx/compose/ui/semantics/SemanticsConfiguration,7,95,7.37
7356bb3202dd71a7,kotlinx/coroutines/sync/SemaphoreSegment,7,16,43.75
2eee308162a0c4a8,kotlin/coroutines/AbstractCoroutineContextElement,7,7,100.0
73a0e4649eb31d6d,org/breezyweather/common/ui/widgets/insets/FitSystemBarComposeWrappersKt$BWCenterAlignedTopAppBar$2,7,11,63.64
d95a3e04abc2cb52,androidx/work/impl/utils/taskexecutor/WorkManagerTaskExecutor,7,9,77.78
952f39aaf97777eb,breezyweather/data/location/LocationRepository$getAllLocations$locations$1,7,8,87.5
3146254ccc927c15,kotlinx/coroutines/flow/FlowKt__MergeKt$mapLatest$1,7,15,46.67
0f4201d2ab300c01,androidx/compose/material3/ScaffoldKt$ScaffoldLayout$1$1$bottomBarPlaceables$1,7,11,63.64
6a01b79f882907dd,androidx/compose/ui/graphics/vector/PathNode$CurveTo,7,38,18.42
85205af2c9abdc49,androidx/compose/ui/graphics/vector/PathNode,7,9,77.78
63ec3617fb279bb2,org/breezyweather/main/fragments/HomeFragment$switchListener$1,7,25,28.0
f93d383d1d2546ae,androidx/compose/material3/ButtonColors,7,53,13.21
c2e2fbd6cfa8dca4,androidx/compose/material3/MaterialThemeKt$MaterialTheme$1,7,11,63.64
4152ca81ec3ba5b8,androidx/compose/material3/tokens/TopAppBarMediumTokens,7,17,41.18
f248a0ecaa59b3c2,androidx/compose/ui/platform/WrappedComposition$setContent$1$1$3,7,11,63.64
0f31d2b8d34890f0,androidx/compose/runtime/snapshots/StateRecord,7,7,100.0
882f6ff3ebc9163f,org/breezyweather/theme/weatherView/materialWeatherView/MaterialWeatherThemeDelegate$Companion,7,25,28.0
98511f25fe77e95e,androidx/compose/ui/text/android/PaintExtensions_androidKt,7,29,24.14
59fe46fa1fb798d1,androidx/compose/ui/graphics/BlendModeColorFilter,7,14,50.0
013bf61146740cf7,androidx/compose/ui/text/Paragraph,7,40,17.5
488e9736abe13271,androidx/compose/material3/tokens/TopAppBarLargeTokens,7,17,41.18
1e6c6ebacc6bfd54,retrofit2/Retrofit$Builder,7,51,13.73
343b71f32bdc2558,kotlinx/coroutines/scheduling/CoroutineScheduler$WorkerState,7,10,70.0
8922716027c0f764,org/breezyweather/main/fragments/HomeFragment$initView$5$1$1,7,20,35.0
6be78b26712382ee,org/breezyweather/common/basic/models/options/unit/TemperatureUnit,7,87,8.05
2c79858b797264ea,androidx/compose/foundation/FocusableInNonTouchMode,7,8,87.5
634679d5eb12747c,androidx/collection/MutableObjectList,7,306,2.29
9af0116c84d79709,androidx/compose/runtime/LaunchedEffectImpl,7,12,58.33
35ce72c54d1b8506,okhttp3/MediaType,7,37,18.92
ea4a7e62a4645c4f,androidx/compose/foundation/ClickableElement,7,40,17.5
234d22afd580e66b,androidx/compose/runtime/snapshots/SnapshotStateObserver$readObserver$1,7,9,77.78
a07409d2aa6abb91,kotlinx/coroutines/DefaultExecutor,7,125,5.6
37ab33ec2f5231ac,androidx/compose/ui/layout/ContentScaleKt,7,16,43.75
2aa29ef5bd61136e,androidx/compose/foundation/layout/ConsumedInsetsModifier,7,13,53.85
c7e7287e97a2c927,androidx/compose/material3/tokens/IconButtonTokens,7,16,43.75
39edbff329a9d75e,androidx/compose/ui/text/style/TextForegroundStyle$Companion,7,12,58.33
9e7f82ce87d3e7bd,org/breezyweather/common/ui/widgets/insets/FitSystemBarComposeWrappersKt$BWCenterAlignedTopAppBar$1,7,11,63.64
e66f946aff28ea02,org/breezyweather/main/fragments/PushedManagementFragment,7,9,77.78
fb6584a11b959858,androidx/recyclerview/widget/GapWorker,7,128,5.47
03e51a9459af8442,androidx/compose/ui/node/LookaheadCapablePlaceable$layout$1,7,7,100.0
f5fed9314c928580,org/breezyweather/common/source/SecondaryWeatherSourceFeature,7,11,63.64
8565924c6b44e2ab,androidx/compose/foundation/FocusableInteractionNode$emitWithFallback$1,7,14,50.0
1211ddfc68a46e4e,androidx/compose/runtime/CompositionObserverHolder,7,12,58.33
69dfc0c5f4220a52,androidx/lifecycle/LifecycleCoroutineScopeImpl$register$1,7,11,63.64
2b08089f94042f8f,androidx/compose/ui/node/LayoutNodeLayoutDelegate$MeasurePassDelegate$WhenMappings,7,11,63.64
b1d6830cace16024,org/breezyweather/DaggerBreezyWeather_HiltComponents_SingletonC$ActivityRetainedCBuilder,7,7,100.0
5a97827efe7e55d9,androidx/lifecycle/ViewModelProvider$AndroidViewModelFactory,7,34,20.59
ede2c186459c0321,dagger/hilt/android/internal/managers/ActivityRetainedComponentManager$1,7,7,100.0
b869e14a8d73cbde,androidx/compose/material3/FabPosition,7,29,24.14
2608263530a9e619,androidx/compose/ui/unit/TextUnitKt,7,71,9.86
140eed1cb1dd5731,androidx/compose/runtime/InvalidationResult,6,8,75.0
b560851becad579e,org/breezyweather/main/fragments/HomeFragment$initView$6,6,12,50.0
6895d10f4afb3840,androidx/compose/runtime/CompositionKt,6,36,16.67
85c21644da80954c,androidx/compose/ui/node/LayoutNode$UsageByParent,6,7,85.71
9df1c8d3242a1aec,androidx/compose/foundation/relocation/ScrollIntoView__ScrollIntoViewRequesterKt$scrollIntoView$2,6,9,66.67
c310a49915cfcbed,androidx/compose/material3/ScaffoldDefaults,6,8,75.0
3b787b86b7f8cbde,androidx/compose/ui/focus/FocusStateImpl$WhenMappings,6,10,60.0
16da7de9657c4961,kotlinx/coroutines/scheduling/DefaultIoScheduler,6,13,46.15
7b93da087b44a319,androidx/compose/ui/input/pointer/PointerKeyboardModifiers,6,15,40.0
9f0d1762fd3ee1da,androidx/compose/foundation/layout/InsetsValues,6,17,35.29
6a28f39cc3792e37,androidx/lifecycle/SavedStateViewModelFactory,6,69,8.7
422cacd4b4cbf84f,androidx/compose/ui/platform/WindowRecomposer_androidKt$createLifecycleAwareWindowRecomposer$2$onStateChanged$1$1$1,6,12,50.0
f09be23cf933ea48,kotlinx/coroutines/EventLoopImplPlatform,6,8,75.0
957154c327eb3f9a,org/breezyweather/main/fragments/HomeFragment$initView$7,6,12,50.0
2454510eb4b41935,okhttp3/logging/HttpLoggingInterceptor$Level,6,8,75.0
1af65b17605e3651,androidx/savedstate/ViewTreeSavedStateRegistryOwner$findViewTreeSavedStateRegistryOwner$1,6,7,85.71
696fb6deb8bae59a,androidx/compose/ui/focus/TwoDimensionalFocusSearchKt$WhenMappings,6,10,60.0
7aae05d6fa21c32d,androidx/compose/runtime/ComposableSingletons$CompositionKt,6,6,100.0
3314fa2f6f4953f4,androidx/emoji2/viewsintegration/EmojiInputFilter,6,34,17.65
0191edf0d8826567,androidx/activity/ComponentActivity$onBackPressedDispatcher$2,6,22,27.27
2853a58a2caf85fc,androidx/compose/ui/layout/PlaceableKt,6,6,100.0
903f8822effb4467,kotlin/collections/builders/MapBuilder$KeysItr,6,7,85.71
e716a95494e5e75a,androidx/compose/runtime/SnapshotStateKt__ProduceStateKt$produceState$3$1,6,12,50.0
3021d14c7e59b5fa,kotlin/coroutines/ContinuationInterceptor$DefaultImpls,6,22,27.27
9e6d88a998b0edb0,androidx/work/impl/model/PreferenceDao_Impl$1,6,10,60.0
b05167df6300e981,androidx/compose/runtime/external/kotlinx/collections/immutable/implementations/immutableMap/TrieNodeEntriesIterator,6,6,100.0
839f3a769f6e3805,org/breezyweather/main/MainActivity$initView$2,6,12,50.0
0341fc49391c4642,androidx/compose/ui/text/input/CursorAnchorInfoController,6,34,17.65
38decd57117d1cfb,androidx/compose/ui/semantics/SemanticsModifierKt,6,21,28.57
ad3dacc8b8e465c2,androidx/compose/foundation/BorderModifierNode$drawRoundRectBorder$1,6,23,26.09
cf6d732c40425e74,androidx/compose/ui/text/font/AsyncTypefaceCache,6,67,8.96
d47eb9ad4d0cc641,org/chickenhook/restrictionbypass/BypassProvider,6,12,50.0
9bec79bdb1b3a82e,androidx/lifecycle/ViewTreeLifecycleOwner,6,6,100.0
e349a76693870bdc,androidx/compose/foundation/layout/PaddingValuesModifier$measure$2,6,6,100.0
0c09b3cca43dbb6a,com/google/maps/android/model/LatLngBounds$Companion,6,6,100.0
4cfb41abae31b2b7,kotlinx/coroutines/Job$DefaultImpls,6,21,28.57
483ea111f4289661,androidx/compose/material3/SurfaceKt$Surface$1$3,6,7,85.71
d4ed8e2273a01d84,androidx/compose/material3/ButtonElevation$animateElevation$2$1,6,26,23.08
5de2428381a4902a,androidx/activity/ComponentActivity$defaultViewModelProviderFactory$2,6,7,85.71
6fb1efd8c43e6efe,androidx/compose/ui/text/TextRange,6,47,12.77
500f786be25f6e89,androidx/compose/ui/platform/DragAndDropModifierOnDragListener,6,24,25.0
f12ef77d2c2a7f0b,androidx/fragment/app/DefaultSpecialEffectsController$1,6,6,100.0
8f70441bc3ea7637,org/breezyweather/sources/smhi/SmhiService,6,25,24.0
dfcda5e896715ccb,androidx/compose/ui/node/HitTestResultKt,6,6,100.0
0b7a843a3076b741,androidx/appcompat/widget/ForwardingListener,6,119,5.04
15c968a8a770f466,androidx/fragment/app/DefaultSpecialEffectsController$10,6,10,60.0
58699610d1134484,androidx/compose/ui/node/CanFocusChecker,6,10,60.0
e2ad1df5ab4add12,org/breezyweather/common/ui/adapters/SyncListAdapter,6,23,26.09
dbcbf02778add371,androidx/compose/runtime/snapshots/SnapshotStateObserver$applyObserver$1,6,6,100.0
048db3629b566ad7,androidx/compose/runtime/collection/MutableVector$MutableVectorList,6,30,20.0
326d73721cd620b0,kotlinx/coroutines/flow/internal/ChannelFlowTransformLatest$flowCollect$3$1,6,16,37.5
6cafdddde00966b8,androidx/emoji2/viewsintegration/EmojiTextViewHelper,6,14,42.86
ea53cedf87fada79,kotlin/sequences/SequencesKt___SequencesKt$filterNotNull$1,6,6,100.0
61f303795e7fa4a6,androidx/fragment/app/DefaultSpecialEffectsController$4,6,11,54.55
656d0bc7592e1f01,androidx/compose/ui/text/PlatformTextStyle,6,27,22.22
80668c9fc032fe53,org/breezyweather/background/forecast/TomorrowForecastNotificationJob$Companion,6,60,10.0
475ca89dca6b22fb,org/breezyweather/sources/baiduip/BaiduIPLocationService,6,51,11.76
ee85d1afc0f78121,androidx/lifecycle/ViewTreeLifecycleOwner$findViewTreeLifecycleOwner$1,6,7,85.71
f3677058e1fdcc4e,androidx/compose/ui/graphics/GraphicsLayerElement,6,136,4.41
017f89c79ff6140f,androidx/compose/animation/core/Animatable$runAnimation$2$1,6,13,46.15
b3baa8e786de183d,kotlinx/coroutines/JobNode,6,8,75.0
9ade87710b4687a6,io/requery/android/database/sqlite/SQLiteConnectionPool$AcquiredConnectionStatus,6,8,75.0
df0a88c9e718fa7f,kotlinx/coroutines/sync/MutexKt,6,38,15.79
425936beeff6f2b5,io/requery/android/database/sqlite/CloseGuard,6,23,26.09
7f3b80a4b02fde1f,androidx/compose/ui/platform/AndroidComposeView$snapshotObserver$1,6,10,60.0
20ca14e4b3b90467,androidx/compose/foundation/text/modifiers/TextStringSimpleElement,6,44,13.64
30bf1dc00ddf9123,androidx/sqlite/db/SupportSQLiteCompat$Api16Impl,6,17,35.29
d67e99a8196ec2e9,androidx/compose/ui/text/font/TypefaceResult$Immutable,6,7,85.71
e4a989334f914dcc,androidx/compose/ui/ComposedModifierKt$materializeImpl$1,6,6,100.0
1c3083e46c294c28,androidx/compose/ui/node/TailModifierNode,6,8,75.0
d4b81527a01508cd,androidx/compose/animation/core/AnimateAsStateKt$animateValueAsState$3$1$1,6,16,37.5
52a22fcfbf6a9abf,org/breezyweather/sources/meteoam/MeteoAmService,6,33,18.18
57f09be691c4ab19,androidx/compose/ui/graphics/TransformOrigin,6,35,17.14
59829485550c30d8,kotlinx/coroutines/internal/LimitedDispatcher$Worker,6,13,46.15
8b1da1f9ad28b6cc,breezyweather/data/AndroidDatabaseHandler$dispatch$3,6,12,50.0
fa5c50db175012ba,androidx/room/RoomMasterTable,6,6,100.0
c4006747935bf43f,kotlin/LazyKt__LazyJVMKt,6,11,54.55
8889feea5a98db8e,androidx/compose/foundation/layout/WindowInsets_androidKt,6,184,3.26
84175d170eb9cf82,okhttp3/Cache,6,85,7.06
0558e4c5050e64db,org/breezyweather/sources/geonames/GeoNamesService,6,52,11.54
3276fdc4e800efce,kotlinx/serialization/json/Json,6,28,21.43
ab91458839655313,androidx/core/app/NotificationChannelCompat$Builder,6,20,30.0
4412d24c2bd322c8,androidx/core/os/CancellationSignal,6,47,12.77
2ad43093b1832f02,androidx/compose/ui/semantics/AppendedSemanticsElement,6,31,19.35
71ffa0a362c286b1,androidx/compose/ui/graphics/drawscope/DrawScope$Companion,6,6,100.0
28f00a3386f4eb85,androidx/compose/ui/focus/FocusInteropUtils_androidKt,6,46,13.04
2a2eef55de78c598,org/breezyweather/main/layouts/MainLayoutManager,6,57,10.53
5f7d79a9dc943651,kotlin/sequences/FilteringSequence,6,9,66.67
8834d195b4729a6b,androidx/compose/material/ripple/RippleNode$onAttach$1,6,12,50.0
5b5904d1ce7e0c58,kotlinx/coroutines/flow/internal/ChannelFlow$collectToFun$1,6,12,50.0
7021cd6d553dd15b,org/breezyweather/sources/recosante/RecosanteService,6,119,5.04
915d1a83ea7178ee,androidx/work/WorkQuery,6,13,46.15
00740cc013770ff2,androidx/compose/ui/focus/FocusTargetNode$WhenMappings,6,10,60.0
ede67da9b66e7fac,kotlinx/coroutines/flow/SharingCommand,6,8,75.0
9fc2c550ab5c9601,androidx/compose/ui/platform/WrappedComposition$setContent$1$1$2$1,6,12,50.0
a7be9f37296cf8d9,androidx/lifecycle/ViewModelProvider$AndroidViewModelFactory$Companion,6,7,85.71
ea2f52895c2601a4,org/breezyweather/main/MainActivity$initView$3,6,12,50.0
0a08cd28d8356577,androidx/compose/ui/platform/WindowInfoImpl,6,10,60.0
9a230719f24a39b6,androidx/emoji2/viewsintegration/EmojiTransformationMethod,6,15,40.0
f6c34d5950fa8118,androidx/compose/foundation/layout/PaddingValuesElement,6,14,42.86
c119a5ac3b53bee1,androidx/compose/material3/DelegatingThemeAwareRippleNode$attachNewRipple$calculateRippleAlpha$1,6,8,75.0
580830edffc88490,org/breezyweather/theme/weatherView/materialWeatherView/MaterialPainterView$orientationListener$1,6,13,46.15
1228a9a8b477c6b3,androidx/fragment/app/FragmentStateManager$2,6,10,60.0
0b24726c6bf42095,androidx/compose/foundation/FocusableNode$onFocusEvent$1,6,12,50.0
628c1673bccf5f1b,kotlin/LazyThreadSafetyMode,6,8,75.0
1531d706afcbae8e,kotlin/collections/CollectionsKt__MutableCollectionsJVMKt,6,19,31.58
0fcafdcdb1b598e5,androidx/appcompat/app/AppCompatActivity$2,6,6,100.0
7863099849de5e66,androidx/viewbinding/ViewBindings,6,8,75.0
f1e937caf9b6d84e,com/google/android/material/internal/ViewUtils,6,110,5.45
545d29d6762bed39,androidx/compose/ui/platform/ViewCompositionStrategy$DisposeOnDetachedFromWindowOrReleasedFromPool$installFor$listener$1,6,7,85.71
0e08b0537c28b1da,androidx/lifecycle/LifecycleDispatcher,6,7,85.71
c63ba20508d94f51,androidx/appcompat/widget/Toolbar$ExpandedActionViewMenuPresenter,6,55,10.91
16fd9237b6a25148,androidx/compose/ui/text/intl/LocaleList,6,48,12.5
833e3b4e5d1fc4b3,kotlinx/coroutines/internal/FastServiceLoaderKt,6,7,85.71
e5467dd3ae31217b,androidx/compose/foundation/layout/Arrangement$Center$1,6,9,66.67
47d732a38afe2957,breezyweather/data/Database$Companion,6,6,100.0
e61e3c67adf9d6f5,androidx/core/content/res/ResourcesCompat$ColorStateListCacheKey,6,13,46.15
2e943121e04f7912,androidx/compose/ui/input/pointer/PointerEventType$Companion,6,9,66.67
45e3ce7b38b9c1f7,androidx/compose/ui/node/LayoutNodeLayoutDelegate$MeasurePassDelegate$layoutChildrenBlock$1$2,6,6,100.0
39b486b4768b6195,androidx/compose/material3/MinimumInteractiveModifier,6,13,46.15
fa589bccb205127a,androidx/compose/ui/geometry/CornerRadiusKt,6,10,60.0
9803089e83594f14,androidx/compose/ui/text/style/LineBreak$Strictness$Companion,6,7,85.71
e9b485e50e5c8ca8,androidx/compose/ui/geometry/RectKt,6,24,25.0
05b54ea61f274ec4,app/cash/sqldelight/driver/android/AndroidSqliteDriver$database$2,6,7,85.71
095d84c4502b7bf5,org/breezyweather/DaggerBreezyWeather_HiltComponents_SingletonC$ActivityCImpl,6,66,9.09
6d63b60bf86b7ec4,androidx/compose/runtime/MutableScatterMultiMap,6,39,15.38
d62be83e91c94c80,androidx/emoji2/text/ConcurrencyHelpers,6,10,60.0
75f8a49745dd5c43,org/breezyweather/theme/weatherView/materialWeatherView/MaterialPainterView$mGravityListener$1$WhenMappings,6,10,60.0
88b17889094647c3,kotlinx/coroutines/channels/ConflatedBufferedChannel,6,55,10.91
00bea56775aa6042,androidx/compose/runtime/snapshots/SnapshotKt$takeNewSnapshot$1,6,7,85.71
dc93dd034993af1e,org/breezyweather/main/fragments/ManagementFragment$initView$6$1$1,6,9,66.67
ade40ffc406f6ae5,androidx/lifecycle/MediatorLiveData,6,28,21.43
a24fb4c04c2012c9,androidx/compose/runtime/internal/PersistentCompositionLocalHashMap$Builder,6,32,18.75
6c0571a170a4a67e,androidx/compose/ui/focus/OneDimensionalFocusSearchKt$WhenMappings,6,10,60.0
5d0cf17fe6ad0875,androidx/work/ConfigurationKt$createDefaultExecutor$factory$1,6,7,85.71
bb4933f103c99f40,androidx/appcompat/widget/TintContextWrapper,6,54,11.11
84df4d3c07113e28,androidx/core/view/AccessibilityDelegateCompat,6,61,9.84
7585892957eadbe3,androidx/compose/runtime/StaticProvidableCompositionLocal,6,6,100.0
4b1cbd3e054f3799,androidx/compose/ui/semantics/SemanticsPropertyKey,6,14,42.86
4506644306d604c1,androidx/compose/ui/focus/FocusTargetNodeKt,6,11,54.55
73e1a8acfd55b8ed,androidx/compose/ui/focus/FocusEventModifierNodeKt$WhenMappings,6,10,60.0
3f4cefd6bff465e8,androidx/compose/ui/node/NodeCoordinator$drawBlock$1,6,7,85.71
55fc6f36a77db4a8,androidx/compose/ui/platform/GlobalSnapshotManager$ensureStarted$2,6,6,100.0
728bdf61d0d32edc,okhttp3/logging/HttpLoggingInterceptor,6,145,4.14
92071a28d6236b5c,org/breezyweather/main/fragments/ManagementFragment$initView$7$1$1,6,9,66.67
124e86c8b88618b4,androidx/compose/material3/ButtonElevation$animateElevation$1$1,6,12,50.0
043a197dc036eadf,androidx/work/impl/constraints/trackers/ConstraintTracker,6,45,13.33
535d01a3b34c6083,org/chickenhook/restrictionbypass/Unseal,6,10,60.0
0bf1198f0291bbba,androidx/compose/ui/graphics/colorspace/Connector$Companion,6,22,27.27
e911ecbd56b9d9d9,androidx/compose/ui/platform/WrappedComposition$setContent$1$1$1$1,6,12,50.0
e33cf84b79ca53e2,androidx/coordinatorlayout/widget/CoordinatorLayout$Behavior,6,51,11.76
5ab557ba0b5c48da,kotlinx/coroutines/channels/ChannelResult,6,41,14.63
bb38605ab72a03a2,androidx/compose/ui/graphics/vector/ImageVectorKt,6,69,8.7
4def0e048bb2a46e,org/breezyweather/main/fragments/HomeFragment$initView$5,6,12,50.0
4151864901b8fe7e,kotlinx/coroutines/CoroutineStart$WhenMappings,6,10,60.0
2a38285107534ffd,androidx/compose/runtime/DynamicValueHolder,6,17,35.29
58118b73407a700b,kotlin/math/MathKt__MathJVMKt,6,164,3.66
f94093bd6d77e5a0,kotlinx/coroutines/CompletedContinuation,6,57,10.53
a6e7d0e8a533be56,androidx/savedstate/Recreator,6,34,17.65
046149081ff83c37,org/breezyweather/background/forecast/TodayForecastNotificationJob$Companion,6,60,10.0
f1bb7d078a4a3110,androidx/compose/runtime/external/kotlinx/collections/immutable/internal/DeltaCounter,6,20,30.0
9df206a8ab2dba51,okhttp3/Headers$Companion,6,77,7.79
1c4631e0fe0d8d56,okhttp3/CipherSuite$Companion,6,22,27.27
dad7e2735651fa1c,androidx/savedstate/ViewTreeSavedStateRegistryOwner,6,6,100.0
5f8a3b58a935283e,org/breezyweather/main/MainActivity$fragmentsLifecycleCallback$1,6,6,100.0
ea9e085ef261d4ea,androidx/compose/material3/SurfaceKt$LocalAbsoluteTonalElevation$1,5,5,100.0
a1f8e0a7f27a2b45,androidx/compose/material3/InteractiveComponentSizeKt$LocalMinimumInteractiveComponentSize$1,5,5,100.0
ab79a9481c92c42d,kotlin/internal/jdk8/JDK8PlatformImplementations,5,19,26.32
0335bd408d5e81f9,androidx/compose/foundation/interaction/MutableInteractionSourceImpl,5,7,71.43
8d5dc320e19aaf37,androidx/work/impl/WorkManagerImplExtKt$WorkManagerImpl$1,5,5,100.0
26697c5ee80a8204,androidx/lifecycle/SavedStateHandleAttacher,5,9,55.56
39ce344989fdb155,androidx/compose/ui/graphics/AndroidCanvas_androidKt,5,7,71.43
2dcd920937a758b2,androidx/collection/FloatFloatPair,5,32,15.62
fd015f7de2e386a4,androidx/compose/ui/graphics/AndroidBlendMode_androidKt,5,92,5.43
385cf1006141893d,androidx/recyclerview/widget/ViewInfoStore,5,85,5.88
a931ee6f9c65cf84,androidx/compose/ui/text/font/FontWeight$Companion,5,39,12.82
d187c34c33671bdb,androidx/compose/ui/platform/WindowRecomposerFactory$Companion,5,6,83.33
a53c460bbba491d1,androidx/compose/ui/input/key/KeyInputNode,5,11,45.45
af356adc8c999347,kotlinx/coroutines/UndispatchedMarker,5,7,71.43
43ca19fa6d93092c,androidx/compose/ui/text/style/TextGeometricTransform,5,30,16.67
09b9a15afd9bf15f,androidx/compose/runtime/external/kotlinx/collections/immutable/implementations/immutableMap/TrieNode$ModificationResult,5,7,71.43
ee38e263694e3b59,app/cash/sqldelight/driver/android/AndroidSqliteDriver$execute$2,5,5,100.0
7d55a3d6b88c8e45,androidx/compose/foundation/layout/WindowInsetsKt,5,38,13.16
9e5061b18c636c2a,androidx/compose/runtime/LazyValueHolder,5,6,83.33
78be01d77e8340d0,kotlin/LazyKt__LazyJVMKt$WhenMappings,5,8,62.5
4fd06394867d9cf4,kotlinx/coroutines/scheduling/UnlimitedIoScheduler,5,9,55.56
844d8bba4c8d81d2,androidx/lifecycle/ProcessLifecycleOwner$initializationListener$1,5,5,100.0
30d28adeb5905def,androidx/compose/ui/semantics/SemanticsOwner,5,6,83.33
7c69bd9350289138,kotlin/sequences/TransformingSequence$iterator$1,5,7,71.43
e1dda285c782975d,androidx/compose/ui/node/LayoutNodeAlignmentLines,5,5,100.0
0e1f769aa78d3c81,kotlin/Pair,5,22,22.73
57bac1938f8c5a9e,androidx/compose/foundation/BorderModifierNodeElement,5,37,13.51
a0cc7d02173b4053,org/breezyweather/main/fragments/HomeFragment$WhenMappings,5,8,62.5
d3ff6ecf13e3abb8,androidx/compose/ui/text/style/LineBreak$Strategy$Companion,5,6,83.33
4bbe91da5dc390d7,androidx/compose/foundation/layout/PaddingNode$measure$1,5,6,83.33
b7ae4ccb87fd7721,androidx/compose/runtime/changelist/Operation$SideEffect,5,12,41.67
a77721208a99e756,androidx/core/content/res/ResourcesCompat$FontCallback,5,8,62.5
cd16168a62da9fda,androidx/compose/ui/graphics/ColorFilter$Companion,5,8,62.5
9eca269c3d3e0832,kotlinx/coroutines/internal/SystemPropsKt__SystemPropsKt,5,6,83.33
d442cd3244d5119e,androidx/compose/ui/platform/DisposableSaveableStateRegistry_androidKt$DisposableSaveableStateRegistry$1,5,6,83.33
a5f096abbbce5f53,dagger/hilt/android/internal/lifecycle/HiltViewModelFactory,5,14,35.71
790832f51d49927c,androidx/compose/ui/text/platform/AndroidParagraphIntrinsics$resolveTypeface$1,5,9,55.56
2d45520b3daad381,androidx/work/impl/model/WorkTypeConverters,5,100,5.0
ad0d0ee78d73cf38,androidx/compose/ui/layout/SubcomposeSlotReusePolicy$SlotIdsSet,5,25,20.0
f6488f4dbf0989a1,androidx/compose/runtime/GroupKind$Companion,5,5,100.0
fb1a32aa1804511f,androidx/compose/ui/graphics/vector/PathNode$RelativeReflectiveCurveTo,5,28,17.86
984ccbc5d8717e99,kotlin/coroutines/EmptyCoroutineContext,5,9,55.56
52c0556247ccce42,androidx/compose/foundation/BorderStroke,5,20,25.0
6fbf5bd7876f6d75,androidx/emoji2/text/EmojiCompatInitializer$LoadEmojiCompatRunnable,5,7,71.43
8de8237dd9ad3e0e,kotlin/sequences/GeneratorSequence,5,5,100.0
bc91b7721340efa9,com/google/android/material/shape/MaterialShapeDrawable$1,5,5,100.0
632f85f7c81a7868,dagger/hilt/android/internal/managers/SavedStateHandleHolder,5,19,26.32
dda0ec2cbee3c21b,androidx/fragment/app/SpecialEffectsController$Operation$LifecycleImpact,5,6,83.33
dd474fa4a33ac903,kotlinx/coroutines/flow/internal/SubscriptionCountStateFlow,5,11,45.45
f345cf1edde6c83d,androidx/compose/material/ripple/RippleThemeKt,5,9,55.56
7f3ffd75162e0499,com/google/android/material/animation/AnimationUtils,5,11,45.45
87848fe01c97d9c0,androidx/appcompat/widget/DrawableUtils,5,32,15.62
7ece933124705b3f,androidx/compose/ui/text/android/SpannedExtensions_androidKt,5,6,83.33
e6540e2db05098cd,androidx/work/Logger$LogcatLogger,5,41,12.2
6d44bb7058a237da,androidx/room/InvalidationLiveDataContainer,5,10,50.0
e25efe79a105cc72,org/breezyweather/main/MainActivity$initView$2$1$1,5,6,83.33
d2a6eabc45bc0e57,androidx/compose/runtime/CompositionLocal,5,8,62.5
678d3ec0afa0c557,androidx/compose/ui/node/NodeCoordinator$Companion$PointerInputSource$1,5,38,13.16
3f9289ee68ab8605,app/cash/sqldelight/ExecutableQuery$executeAsList$1,5,6,83.33
45f4cd5b4a444a9f,androidx/compose/ui/node/ObserverNodeOwnerScope,5,5,100.0
d06ea3b0bff9667b,kotlinx/coroutines/intrinsics/CancellableKt,5,29,17.24
9bbbce8ed57e5d63,androidx/compose/ui/text/style/TextOverflow$Companion,5,8,62.5
e0a1f190b9838d3f,androidx/compose/ui/BiasAlignment$Vertical,5,16,31.25
e5955f45819b4d87,androidx/compose/runtime/Pending$keyMap$2,5,8,62.5
ed559417c27ed546,kotlin/enums/EnumEntriesList,5,23,21.74
8198b7952b803318,androidx/compose/ui/graphics/Outline$Rounded,5,14,35.71
7785af6a3e7f3ba3,org/breezyweather/sources/wmosevereweather/WmoSevereWeatherService,5,29,17.24
c82a2c891b9c9560,com/google/android/material/appbar/AppBarLayout$Behavior,5,21,23.81
28d7dc60f34313a5,kotlin/ULong,5,99,5.05
341c93ee32d721df,androidx/compose/ui/graphics/layer/CompositingStrategy$Companion,5,5,100.0
f0ce1211de46d43d,androidx/compose/ui/text/style/TextForegroundStyle$Unspecified,5,5,100.0
80dcf438a6b4511b,breezyweather/data/LocationsQueries,5,237,2.11
6a1a13fd14256c8c,androidx/work/BackoffPolicy,5,6,83.33
52518ea9b49f1074,androidx/compose/runtime/SnapshotMutableStateImpl$StateStateRecord,5,5,100.0
9c2d3bc2b697e40f,okio/-SegmentedByteString,5,76,6.58
936a0a62bca3c410,androidx/compose/ui/node/NodeCoordinator$Companion$onCommitAffectingLayer$1,5,6,83.33
e8b9ecf6eaf56aea,okhttp3/ConnectionPool,5,9,55.56
9ced97001eaa98a1,androidx/compose/ui/unit/TextUnitType$Companion,5,5,100.0
942da2a620bcd0a1,okhttp3/internal/platform/Android10Platform,5,55,9.09
cb48a37440b91a77,dagger/internal/MapBuilder,5,8,62.5
3a57c4288566d9b5,androidx/lifecycle/SavedStateHandle$Companion,5,31,16.13
b57c61916de1ec06,org/breezyweather/common/basic/GeoFragment,5,9,55.56
f21e43f717b055bc,androidx/fragment/app/Fragment$6,5,6,83.33
3207924edaf6b3a1,androidx/compose/ui/text/style/Hyphens$Companion,5,5,100.0
5512af5df4675751,kotlinx/coroutines/channels/BufferOverflow,5,8,62.5
7ae10698a15837dc,app/cash/sqldelight/driver/android/AndroidSqliteDriver$Callback,5,10,50.0
baa495b5dc920180,okhttp3/internal/platform/AndroidPlatform$Companion,5,6,83.33
d7dee0f1a79e40ff,androidx/compose/ui/platform/AndroidUiDispatcher$Companion,5,7,71.43
58d280ebf9634253,androidx/compose/ui/node/NodeCoordinator$invalidateParentLayer$1,5,5,100.0
83007f436e3b54d1,androidx/compose/foundation/relocation/ScrollIntoView__ScrollIntoViewRequesterKt,5,9,55.56
feefe06b1aa05794,androidx/compose/material3/Typography,5,156,3.21
c3a50da01bd89649,androidx/compose/runtime/DynamicProvidableCompositionLocal,5,6,83.33
396fdbca2194052d,androidx/compose/ui/graphics/vector/ImageVector$Companion,5,6,83.33
12d711ac33ae8bde,app/cash/sqldelight/driver/android/AndroidCursor,5,26,19.23
e89b503a0d73b39d,androidx/collection/IntIntMap,5,461,1.08
538ead03ac019422,okhttp3/internal/platform/Android10Platform$Companion,5,6,83.33
e67065aaf2bf8f1e,androidx/compose/ui/input/pointer/PointerInputChangeEventProducer$PointerInputData,5,6,83.33
5808e4c040c76e00,androidx/lifecycle/ProcessLifecycleOwner$attach$1,5,13,38.46
27e0be95829adc3c,okhttp3/internal/platform/android/AndroidSocketAdapter$Companion,5,16,31.25
4295ae9e85896166,androidx/activity/ComponentActivity$4,5,5,100.0
9fac817bd06a00a9,androidx/compose/ui/layout/ScaleFactorKt,5,31,16.13
90efa0e4a58d0b45,androidx/fragment/app/SpecialEffectsController$1,5,5,100.0
bc6d55134a0be14d,androidx/compose/ui/unit/LayoutDirection,5,6,83.33
7217cee03aa76f41,kotlin/sequences/TransformingSequence,5,7,71.43
ceabb9baa86dcba8,androidx/compose/runtime/changelist/Operation$Remember,5,12,41.67
9221ff66221144b4,androidx/compose/foundation/layout/ValueInsets,5,22,22.73
6c5cb9a07df7ebaa,androidx/compose/material/ripple/RippleAnimationKt,5,7,71.43
636860e792c2703e,androidx/compose/ui/BiasAlignment$Horizontal,5,18,27.78
ed0e50b903e53399,kotlin/sequences/ConstrainedOnceSequence,5,6,83.33
7d4da3f1fc7fbcb6,org/breezyweather/DaggerBreezyWeather_HiltComponents_SingletonC$ActivityRetainedCImpl,5,6,83.33
e009fd1e4c945125,androidx/compose/ui/text/platform/URLSpanCache,5,23,21.74
d4abfc114c3389d1,kotlin/jvm/internal/Reflection,5,46,10.87
f87c9f01ccdd06d5,androidx/compose/animation/core/MutatePriority,5,7,71.43
272587ba9a95e48f,androidx/compose/foundation/text/selection/TextSelectionColorsKt,5,7,71.43
4d87c5e879e1167a,androidx/compose/runtime/Recomposer$writeObserverOf$1,5,6,83.33
bc3fdbbbf01462f0,androidx/appcompat/app/AppCompatDelegateImpl$2,5,8,62.5
1baf91ce16e63dea,androidx/compose/runtime/changelist/Operation$AdvanceSlotsBy,5,12,41.67
79595cf1f1f6bf8c,androidx/activity/result/ActivityResultRegistry$generateRandomNumber$1,5,5,100.0
d7a17fa9dbc1ac06,androidx/lifecycle/ProcessLifecycleOwner$Companion,5,6,83.33
12278991a2e60e91,org/breezyweather/main/adapters/LocationAdapterAnimWrapper,5,39,12.82
39b667b8c55bda23,androidx/compose/ui/text/caches/SimpleArrayMap,5,228,2.19
ed6da2892b3c137c,kotlin/text/Regex,5,94,5.32
a0427e16e979d6f4,androidx/compose/ui/platform/AndroidClipboardManager,5,31,16.13
e46c2f4a246fc382,androidx/compose/runtime/snapshots/GlobalSnapshot$1$1$1,5,8,62.5
357f4ee29ec81239,kotlin/collections/AbstractCollection,5,33,15.15
bb28778dd778f967,androidx/recyclerview/widget/OrientationHelper,5,13,38.46
ab23114aa5e98cbf,androidx/appcompat/widget/VectorEnabledTintResources,5,56,8.93
5f974b3c0c5d7e69,kotlinx/coroutines/internal/LockFreeTaskQueueCore$Companion,5,10,50.0
cb243a55f1dc9ed4,kotlinx/serialization/json/ClassDiscriminatorMode,5,8,62.5
c6fe1874a38d02b6,kotlin/time/DurationJvmKt,5,18,27.78
05df1aa1dbf205d7,androidx/compose/ui/geometry/Offset$Companion,5,8,62.5
02572c9444a01829,androidx/compose/ui/graphics/colorspace/ColorModel$Companion,5,6,83.33
c00fb0c3b08a135c,androidx/lifecycle/DefaultLifecycleObserver,5,6,83.33
2bc988846ba579ad,androidx/compose/ui/focus/FocusOwnerImpl$focusSearch$1,5,7,71.43
5f765df580d995c2,kotlinx/coroutines/flow/FlowKt__ShareKt$launchSharing$1$2$WhenMappings,5,8,62.5
7e0f7c746f8cde4a,kotlinx/coroutines/BuildersKt,5,8,62.5
58822100cfb6489a,kotlinx/coroutines/flow/FlowKt__LimitKt$dropWhile$$inlined$unsafeFlow$1,5,6,83.33
9100e83df2baea53,androidx/compose/ui/unit/Dp$Companion,5,8,62.5
a572081ee4fd8e6c,androidx/work/OutOfQuotaPolicy,5,6,83.33
f2d2f5cc8638c4fc,androidx/compose/ui/input/pointer/ProcessResult,5,21,23.81
d0c4b184f6954f58,androidx/startup/InitializationProvider,5,12,41.67
b53d703b6607d22f,androidx/compose/ui/node/ObserverNodeOwnerScope$Companion$OnObserveReadsChanged$1,5,6,83.33
9db98a98d6c09d28,kotlinx/coroutines/Dispatchers,5,12,41.67
d9f3995e567e2df9,androidx/compose/ui/input/pointer/SuspendingPointerInputModifierNodeImpl$WhenMappings,5,8,62.5
d2934e4e120e79d4,androidx/compose/ui/graphics/colorspace/RenderIntent$Companion,5,6,83.33
2c15d85c17560376,androidx/recyclerview/widget/RecyclerViewAccessibilityDelegate,5,28,17.86
3ea42ee91ab7bd1c,androidx/compose/material3/tokens/TypographyTokensKt,5,6,83.33
2af01e21b04bb50a,androidx/lifecycle/ViewModelProvider$Factory,5,8,62.5
e63566ac25571c90,androidx/sqlite/db/framework/FrameworkSQLiteProgram,5,11,45.45
e26b6ea105aec053,androidx/compose/material3/MinimumInteractiveModifierNode$measure$1,5,5,100.0
812ff51bc808754a,kotlinx/coroutines/channels/ChannelResult$Companion,4,5,80.0
8e67c1dc0da378da,androidx/compose/ui/text/input/InputMethodManagerImpl,4,14,28.57
09738159d9f3279b,androidx/compose/ui/text/style/TextMotion$Linearity$Companion,4,5,80.0
e36447068ba857d7,androidx/compose/ui/graphics/TransformOriginKt,4,4,100.0
81f4320531104a4f,androidx/compose/runtime/StaticValueHolder,4,21,19.05
656ed771b6f8c56a,kotlin/jvm/internal/PropertyReference,4,35,11.43
539d1607ef27ffaf,androidx/loader/app/LoaderManagerImpl,4,66,6.06
bb0b8899553af8fe,androidx/compose/ui/layout/ComposableSingletons$SubcomposeLayoutKt,4,4,100.0
d6ef9a79b103fb97,androidx/compose/ui/graphics/vector/VectorGroup,4,78,5.13
b328802267aa0170,androidx/compose/runtime/tooling/InspectionTablesKt$LocalInspectionTables$1,4,4,100.0
a8c0b07578181b31,androidx/work/impl/constraints/trackers/NetworkStateTracker24,4,23,17.39
e2a4dd26c9088dc1,kotlinx/coroutines/internal/SegmentOrClosed,4,21,19.05
57a968770cd01224,androidx/compose/ui/platform/DragAndDropModifierOnDragListener$modifier$1,4,11,36.36
65ba215e2aaa9704,androidx/compose/ui/unit/IntOffsetKt,4,16,25.0
47e51b26664a3b44,androidx/compose/ui/layout/BeyondBoundsLayoutKt$ModifierLocalBeyondBoundsLayout$1,4,4,100.0
23ffd656a438ee5c,dagger/internal/LazyClassKeyMap,4,19,21.05
83962f48163cb34f,androidx/compose/material3/internal/SystemBarsDefaultInsets_androidKt,4,6,66.67
efb836107ec8e7db,androidx/compose/ui/platform/AndroidCompositionLocals_androidKt$ProvideAndroidCompositionLocals$2$1$invoke$$inlined$onDispose$1,4,4,100.0
64bc758e8dd41d3e,kotlin/text/StringsKt__AppendableKt,4,21,19.05
ef25e04437ea5da1,org/breezyweather/common/extensions/ContextExtensionsKt,4,28,14.29
61182e7f2f918f91,androidx/compose/material3/TextKt$LocalTextStyle$1,4,4,100.0
3353cb0dbad4a50f,androidx/compose/ui/platform/AndroidCompositionLocals_androidKt$obtainImageVectorCache$1$1,4,4,100.0
555964a9dee40464,androidx/compose/runtime/DisposableEffectImpl,4,6,66.67
ded6518aff958ef8,okhttp3/internal/tls/CertificateChainCleaner$Companion,4,6,66.67
ace6a218d3bbd816,androidx/compose/foundation/layout/SpacerMeasurePolicy$measure$1$1,4,4,100.0
c9b879adc64ea48b,androidx/compose/ui/layout/RootMeasurePolicy$measure$1,4,4,100.0
5e924f8e46ee8d93,androidx/work/impl/constraints/controllers/NetworkMeteredController,4,20,20.0
2fb602d117be43c8,androidx/compose/ui/platform/CompositionLocalsKt$LocalProvidableScrollCaptureInProgress$1,4,4,100.0
c57f21adccd678ee,androidx/compose/runtime/CompositionLocalMap$Companion,4,4,100.0
cd32b6e0dcc2d149,androidx/compose/ui/Modifier,4,6,66.67
e528d83f61ce2045,androidx/compose/ui/platform/AndroidComposeView_androidKt$platformTextInputServiceInterceptor$1,4,4,100.0
bddb0c7d33bebaaa,androidx/compose/foundation/layout/Arrangement$End$1,4,6,66.67
67d242b0eaa96831,androidx/compose/runtime/snapshots/SnapshotKt$mergedWriteObserver$1,4,4,100.0
06506cd1fd0077c1,androidx/collection/IntSet,4,416,0.96
58012a13e59b0eaa,androidx/compose/animation/core/MutationInterruptedException,4,4,100.0
e52137e01d8869f3,androidx/compose/runtime/external/kotlinx/collections/immutable/implementations/immutableMap/PersistentHashMapEntries,4,15,26.67
ad1de95b24b37dd9,androidx/compose/ui/text/font/PlatformResolveInterceptor,4,5,80.0
6f674867eb7560a1,androidx/core/app/AppLocalesStorageHelper,4,67,5.97
2a35e0f440402a89,androidx/compose/ui/input/key/KeyEventType$Companion,4,5,80.0
7ac4ef81337e537c,androidx/compose/material3/RippleDefaults,4,4,100.0
ffa8938e9d2ac0c4,androidx/compose/ui/text/font/FontWeightAdjustmentHelper,4,6,66.67
13bb3bb1f1f6c701,androidx/work/impl/utils/futures/AbstractFuture$SafeAtomicHelper,4,6,66.67
2019c44b99938175,kotlinx/coroutines/ExecutorsKt,4,16,25.0
4465e0f47b3a7cb6,androidx/compose/ui/text/style/LineBreak$Companion,4,10,40.0
7c4e7f3964a02a76,androidx/compose/material3/ColorSchemeKt$LocalTonalElevationEnabled$1,4,4,100.0
d58832f33fd4048e,androidx/sqlite/db/SupportSQLiteCompat$Api21Impl,4,4,100.0
9f7fc23d824a60a8,androidx/compose/ui/input/pointer/PointerInputEventProcessorKt,4,6,66.67
01178a34d79f7427,androidx/compose/runtime/external/kotlinx/collections/immutable/implementations/immutableMap/MapEntry,4,21,19.05
87ef527fbc6e292d,androidx/compose/runtime/RememberObserverHolder,4,6,66.67
1a7a81a4eed11914,androidx/compose/ui/platform/AndroidTextToolbar,4,24,16.67
72fd31552f6c4688,androidx/compose/ui/text/EmojiSupportMatch$Companion,4,5,80.0
2cab73c7561ce7e0,androidx/compose/ui/node/NodeCoordinator$updateLayerParameters$1,4,4,100.0
5a6a3eb1881e6841,androidx/compose/ui/focus/FocusOwnerImplKt,4,6,66.67
53518b58a732d193,org/breezyweather/common/ui/decorations/Material3ListItemDecoration,4,7,57.14
fe70ee65ae8c4c62,org/breezyweather/sources/android/AndroidLocationService,4,54,7.41
53742cf423fe4908,org/breezyweather/theme/resource/providers/DefaultResourceProvider$Companion,4,37,10.81
f1e068529deea73c,androidx/compose/ui/input/pointer/PointerEventPass,4,5,80.0
71464d1da05c0f6e,org/breezyweather/sources/ipsb/IpSbLocationService,4,18,22.22
afd580d3ecefbaa9,androidx/compose/ui/input/rotary/RotaryInputElement,4,37,10.81
b67c2ee78f0a109a,kotlinx/coroutines/scheduling/SchedulerCoroutineDispatcher,4,22,18.18
8de8bcfdaa9473f7,kotlinx/coroutines/ExecutorCoroutineDispatcher$Key,4,7,57.14
420c3461e34e6e56,kotlin/time/DurationUnitKt__DurationUnitJvmKt,4,20,20.0
80e58d4fc0c34aa1,androidx/compose/ui/focus/FocusOwnerImpl$modifier$1,4,4,100.0
2cba307c1a087db5,androidx/work/impl/constraints/controllers/NetworkNotRoamingController,4,20,20.0
7df8cdca383acd46,androidx/appcompat/widget/ThemeUtils,4,37,10.81
533f1330aaf905b4,androidx/compose/ui/SessionMutex,4,18,22.22
8e60898ff4c06fa7,kotlin/coroutines/AbstractCoroutineContextKey,4,11,36.36
0e0db993c82724d3,androidx/compose/ui/input/pointer/PointerInputEvent,4,5,80.0
1a8ffc73d1e2ec4f,androidx/compose/ui/graphics/layer/SurfaceUtils,4,26,15.38
6c9f2c55772e826d,androidx/compose/ui/input/key/KeyEvent,4,14,28.57
44d3d8c93ecd100c,androidx/compose/foundation/layout/WindowInsetsHolder$Companion$current$1$1$invoke$$inlined$onDispose$1,4,4,100.0
8af7f7f01a27c14e,androidx/compose/material/ripple/RippleAlpha,4,29,13.79
ac623fc453b8cc98,androidx/compose/ui/text/font/AndroidFontLoader,4,44,9.09
294ebc79756a768b,androidx/core/app/NotificationChannelGroupCompat$Builder,4,5,80.0
8e611dfde37cfeda,androidx/compose/ui/platform/AndroidComposeView$resendMotionEventOnLayout$1,4,8,50.0
3b1b03e8b1cc2dae,androidx/compose/ui/platform/AndroidComposeView$ViewTreeOwners,4,4,100.0
7c7ca2ef9c15b9fd,androidx/emoji2/text/EmojiCompat$CompatInternal19,4,28,14.29
9a4186e0a8707a68,androidx/compose/foundation/layout/WindowInsetsHolder$Companion$current$1$1,4,4,100.0
640a76f008160e3a,androidx/emoji2/text/EmojiCompat$Config,4,29,13.79
57f3a405884ea00a,androidx/compose/ui/platform/AndroidComposeView$requestFocus$1,4,5,80.0
a7f6c57bb5ae7ce1,androidx/compose/ui/input/pointer/PointerType$Companion,4,7,57.14
03542f497676a7bd,kotlin/jvm/internal/FunctionReference,4,40,10.0
f07496c69d77df0b,androidx/compose/ui/graphics/colorspace/Lab,4,110,3.64
4e8f681f561dc35a,androidx/compose/ui/layout/AlignmentLineKt,4,5,80.0
e2813fba99795290,androidx/compose/material3/DelegatingThemeAwareRippleNode$updateConfiguration$1,4,7,57.14
281b8b561573fa77,org/breezyweather/sources/SourceManager,4,201,1.99
0017099652a5cf23,androidx/compose/runtime/internal/PlatformOptimizedCancellationException,4,8,50.0
066c4dc2bb299270,kotlinx/serialization/json/JsonImpl,4,6,66.67
43db7d02ec5d09f5,androidx/sqlite/db/SupportSQLiteOpenHelper$Configuration$Companion,4,4,100.0
26adce408ea8bd3e,kotlin/collections/AbstractSet,4,7,57.14
cb3607a00e17f1ce,androidx/customview/poolingcontainer/PoolingContainerListenerHolder,4,10,40.0
8737688ca838df49,androidx/compose/ui/text/intl/LocaleList$Companion,4,4,100.0
b136f08c66c73535,androidx/work/impl/constraints/trackers/NetworkStateTrackerKt,4,34,11.76
6d91323f58579362,androidx/compose/ui/text/font/AndroidFontResolveInterceptor,4,19,21.05
81cb2a698d5ac3c9,kotlin/collections/AbstractSet$Companion,4,12,33.33
70782f68a6f7da08,androidx/compose/material3/RippleKt$LocalRippleConfiguration$1,4,4,100.0
633cbf132f99d0b3,androidx/compose/ui/graphics/StrokeJoin$Companion,4,5,80.0
958c6af3086d2688,androidx/recyclerview/widget/RecyclerView$Adapter$StateRestorationPolicy,4,6,66.67
e9ba03f05cbaa1f4,androidx/compose/animation/ColorVectorConverterKt$ColorToVector$1,4,4,100.0
b1c1010829659830,androidx/compose/ui/platform/AndroidCompositionLocals_androidKt$ProvideAndroidCompositionLocals$2$1,4,4,100.0
a6ea4ea4c5fe866a,androidx/compose/foundation/layout/WindowInsetsPaddingKt$ModifierLocalConsumedWindowInsets$1,4,4,100.0
a47f00981c82ec24,kotlin/collections/AbstractList$IteratorImpl,4,9,44.44
777ec32073f56af4,androidx/compose/ui/layout/PlaceableKt$DefaultLayerBlock$1,4,4,100.0
f463422ec2a68a17,org/breezyweather/common/ui/behaviors/FloatingAboveSnackbarBehavior,4,6,66.67
86b5b14e48ba00bf,androidx/compose/ui/node/ComposeUiNode$Companion$SetResolvedCompositionLocals$1,4,4,100.0
2d51548ef0c81bd4,androidx/compose/ui/platform/AndroidCompositionLocals_androidKt$obtainImageVectorCache$1$1$invoke$$inlined$onDispose$1,4,4,100.0
7a3c2a085becdeb6,kotlinx/coroutines/internal/MainDispatchersKt,4,19,21.05
24894371a76714ae,androidx/compose/ui/node/ComposeUiNode$Companion$SetMeasurePolicy$1,4,4,100.0
672c25f5092c1e76,androidx/compose/foundation/text/selection/SelectionRegistrarKt$LocalSelectionRegistrar$1,4,4,100.0
b03545dac27b5ec3,androidx/compose/runtime/snapshots/SnapshotStateObserver$ObservedScopeMap$derivedStateObserver$1,4,4,100.0
b88329ef5e16e605,androidx/compose/runtime/ComposerImpl$derivedStateObserver$1,4,4,100.0
9f090a337592bacc,androidx/coordinatorlayout/widget/CoordinatorLayout$ViewElevationComparator,4,6,66.67
ab7fcf29b77f4ae8,androidx/compose/animation/core/AnimationEndReason,4,6,66.67
d84d75d0de3951a0,androidx/compose/ui/graphics/ClipOp$Companion,4,4,100.0
05e758cb76239c4a,kotlinx/coroutines/flow/FlowKt__MergeKt,4,33,12.12
3ea71c7e183931a6,androidx/compose/foundation/DarkThemeKt,4,6,66.67
bc52e50189bf9384,androidx/room/TransactionExecutor,4,23,17.39
c47539c9e5a68396,androidx/compose/ui/focus/FocusRequester$Companion,4,6,66.67
862a1d9766123a19,androidx/compose/ui/focus/CustomDestinationResult,4,5,80.0
05f1d3e6a5e1d8bd,androidx/compose/foundation/relocation/BringIntoViewResponder_androidKt,4,4,100.0
818eadbd07f2722a,androidx/compose/ui/graphics/colorspace/WhitePoint,4,21,19.05
c643bb592e8c0c68,androidx/lifecycle/viewmodel/ViewModelProviderImpl_androidKt,4,10,40.0
c21e7959d6a83116,androidx/compose/ui/node/DepthSortedSet$DepthComparator$1,4,4,100.0
1ea2a7fb01e9276e,androidx/compose/runtime/external/kotlinx/collections/immutable/implementations/immutableMap/PersistentHashMapEntriesIterator,4,4,100.0
19bc5047e8863a10,androidx/compose/ui/text/TextStyleKt$WhenMappings,4,6,66.67
ace52fce9c363521,androidx/compose/ui/text/style/TextDecoration$Companion,4,17,23.53
2f052cf70c1eff0f,androidx/sqlite/db/SupportSQLiteCompat$Api19Impl,4,6,66.67
841fcff9c47a9516,androidx/recyclerview/widget/RecyclerView$ViewFlinger,4,127,3.15
bf4f8450e4166eed,org/breezyweather/main/widgets/LocationItemTouchCallback,4,42,9.52
e9c91bfe1b00638a,kotlinx/coroutines/flow/internal/FusibleFlow$DefaultImpls,4,8,50.0
f3225eb7fbb5b4d7,androidx/compose/ui/node/ComposeUiNode$Companion$SetModifier$1,4,4,100.0
fb50604e5c93f7b2,org/breezyweather/main/utils/MainThemeColorProvider$Companion$WhenMappings,4,6,66.67
7fba2703ba9836c4,androidx/room/util/CursorUtil,4,86,4.65
46be42f48acaab1c,androidx/sqlite/db/framework/FrameworkSQLiteStatement,4,7,57.14
433d4475f73e6afd,androidx/compose/ui/input/pointer/PointerId,4,16,25.0
c3c03df322be7724,androidx/compose/ui/focus/FocusOwnerImpl$modifier$2,4,11,36.36
877d3a7acb6da93b,app/cash/sqldelight/SimpleQuery,4,9,44.44
03c03ff75c3c6709,androidx/collection/IntListKt,4,23,17.39
4285e4da09a698c3,androidx/compose/ui/semantics/EmptySemanticsElement,4,11,36.36
bd9cd72e831a66ef,androidx/core/view/ViewKt$ancestors$1,4,4,100.0
cf91c02f33060a21,androidx/compose/ui/graphics/PathFillType$Companion,4,4,100.0
0cdad3d2f4091871,androidx/compose/ui/layout/PinnableContainerKt$LocalPinnableContainer$1,4,4,100.0
1888b3e26859b327,androidx/savedstate/SavedStateRegistryController$Companion,4,4,100.0
6752c5f74f4c5756,androidx/compose/ui/focus/FocusPropertiesImpl$enter$1,4,4,100.0
9b8a56612d04104e,androidx/compose/runtime/Trace,4,4,100.0
ba9e5e1c7c61d677,com/google/maps/android/model/LatLng,4,19,21.05
c7dd2fdb5797f494,androidx/compose/runtime/ReferentialEqualityPolicy,4,6,66.67
a08a4c1db4246d57,kotlin/ResultKt,4,63,6.35
737876be3b9df5a6,androidx/compose/ui/text/font/FontFamilyResolver_androidKt,4,30,13.33
0797b398e123f168,org/breezyweather/theme/ThemeManager$Companion$WhenMappings,4,6,66.67
c53baa1113eab48a,kotlinx/coroutines/CoroutineDispatcher$Key,4,7,57.14
a8362c0cde91ebc8,androidx/compose/animation/core/MutatorMutex$Mutator,4,7,57.14
b10c6ae620a154d9,okhttp3/internal/concurrent/Task,4,18,22.22
1cfb2e2295f59575,androidx/compose/ui/platform/AndroidCompositionLocals_androidKt$obtainResourceIdCache$1$1$invoke$$inlined$onDispose$1,4,4,100.0
ba515f165bad8dc9,androidx/compose/foundation/text/EmptyMeasurePolicy$placementBlock$1,4,4,100.0
35a87bcd05a9d175,androidx/compose/ui/node/LayoutNodeLayoutDelegate$MeasurePassDelegate$remeasure$2,4,4,100.0
dc5fa952542f2659,androidx/compose/material3/InteractiveComponentSizeKt,4,6,66.67
6b1d1949c934cfbc,androidx/compose/foundation/layout/Arrangement$Start$1,4,6,66.67
6de5bc8beb9fdcd6,okhttp3/internal/authenticator/JavaNetAuthenticator,4,60,6.67
54c0f7c39da328a5,androidx/compose/runtime/internal/IntRef,4,10,40.0
4bf00db01a98df82,androidx/compose/ui/node/LayoutNodeLayoutDelegate$MeasurePassDelegate$layoutChildrenBlock$1$1,4,4,100.0
9a3da6de7a49a46f,kotlinx/coroutines/ExecutorCoroutineDispatcherImpl,4,55,7.27
59e76b3d14c245d5,androidx/sqlite/db/SupportSQLiteOpenHelper$Configuration,4,9,44.44
51c4366744ab3cf6,okhttp3/internal/concurrent/TaskRunner$RealBackend,4,16,25.0
c5fe68ffb72ad624,androidx/compose/ui/text/style/LineHeightStyle$Alignment$Companion,4,6,66.67
286ee94c1909be7b,androidx/compose/ui/input/pointer/SuspendingPointerInputFilterKt,4,12,33.33
25873d9c58a7e4b5,androidx/core/content/res/GrowingArrayUtils,4,48,8.33
a8a88726ac0ca9f7,androidx/compose/ui/text/android/BoringLayoutFactoryDefault,4,12,33.33
282283491c564dd5,androidx/work/impl/model/RawWorkInfoDao_Impl,4,210,1.9
9c3f85f9c2e91ec6,androidx/compose/ui/input/pointer/ConsumedData,4,14,28.57
fc54fb28380551bd,androidx/sqlite/db/SupportSQLiteOpenHelper$Callback,4,73,5.48
2eb74ec667c5b61a,androidx/compose/ui/unit/FontScaling,4,20,20.0
e14da0ccd9dc9936,androidx/compose/ui/text/font/FontFamilyResolverKt,4,4,100.0
81e41f705106d33d,androidx/core/view/WindowInsetsCompat$BuilderImpl,4,40,10.0
4c58a01f9b35f571,kotlin/jvm/internal/CollectionToArray,4,61,6.56
4aa8ee8bfd154bf9,androidx/compose/ui/layout/MeasureScope,4,55,7.27
c9e315be6221b15f,androidx/compose/ui/input/InputMode$Companion,4,4,100.0
aafee021ba514b87,androidx/fragment/app/FragmentLayoutInflaterFactory,4,70,5.71
91c575c33c70305b,androidx/compose/ui/unit/AndroidDensity_androidKt,4,5,80.0
503353bc9b48b9ec,androidx/compose/ui/node/NodeCoordinatorKt,4,11,36.36
7d494710c84ccdc6,kotlinx/coroutines/channels/Channel$Factory,4,4,100.0
0d0e1039524d6026,io/requery/android/database/sqlite/SQLiteDebug,4,21,19.05
cde9f9c9506b1dea,okhttp3/Dispatcher,4,123,3.25
5f128da323b925cb,org/breezyweather/theme/weatherView/materialWeatherView/MaterialPainterView$DeviceOrientation,4,6,66.67
722a84bd98aa6aa4,androidx/compose/ui/focus/FocusOwner$dispatchKeyEvent$1,4,4,100.0
807ea4d2435d0337,app/cash/sqldelight/driver/android/AndroidSqliteDriver$executeQuery$2,4,4,100.0
df6a268225be3650,androidx/compose/ui/draw/EmptyBuildDrawCacheParams,4,7,57.14
1b1ca99bc121e990,org/breezyweather/common/basic/GeoViewModel,4,4,100.0
1676755f06632b21,androidx/compose/ui/graphics/AndroidImageBitmap,4,22,18.18
dcccdf14b34bad76,org/breezyweather/common/basic/insets/FitBothSideBarHelper$Companion,4,4,100.0
108b9e469c47f632,androidx/compose/ui/text/style/LineHeightStyle$Trim$Companion,4,6,66.67
d7e00f4a48d52b2f,androidx/compose/ui/draw/PainterElement,4,68,5.88
55c0b54f71589e86,androidx/room/InvalidationTracker$ObservedTableTracker,4,37,10.81
0659216e3c9702d0,androidx/compose/animation/core/VectorConvertersKt$FloatToVector$2,4,4,100.0
8a9ed5eee9b89306,androidx/compose/runtime/OpaqueKey,4,14,28.57
4a53213c4a8bc49f,androidx/compose/ui/node/LayoutModifierNodeKt,4,7,57.14
8f926a8ae7151ad6,androidx/compose/ui/text/platform/EmojiCompatStatus,4,7,57.14
af62e6978e35d30f,androidx/concurrent/futures/AbstractResolvableFuture$SafeAtomicHelper,4,6,66.67
4d333ef59a007763,androidx/compose/ui/modifier/ModifierLocal,4,4,100.0
c2767b1032b7a5d2,kotlinx/coroutines/DefaultExecutorKt,4,11,36.36
729eafca40701b21,androidx/work/impl/background/systemjob/SystemJobInfoConverter,4,73,5.48
4e0fa040313e1ef2,androidx/compose/ui/graphics/ImageBitmapConfig$Companion,4,7,57.14
aa85a555d2951b39,androidx/recyclerview/widget/RecyclerView$State,4,31,12.9
3cdc1f2fc156bb18,androidx/compose/ui/unit/DpOffset,4,57,7.02
0a5e9c461eca27c2,androidx/compose/animation/core/VectorConvertersKt$DpToVector$1,4,4,100.0
1ce0f2dedd2a8680,androidx/compose/runtime/external/kotlinx/collections/immutable/implementations/immutableList/AbstractPersistentList,4,38,10.53
fd774efa60d6eeb2,kotlinx/coroutines/internal/ConcurrentLinkedListKt,4,85,4.71
17ff2bbea08dc54c,androidx/compose/material3/ShapesKt$LocalShapes$1,4,4,100.0
8750a7ba62611911,androidx/compose/ui/Modifier$Companion,4,8,50.0
773662157520b806,androidx/compose/ui/text/style/LineBreak$WordBreak$Companion,4,5,80.0
955cf0c7a87e70ec,androidx/compose/ui/node/DrawModifierNodeKt,4,5,80.0
b2cb257a65b50f38,androidx/core/app/NavUtils,4,44,9.09
838ca1ebe4f95543,app/cash/sqldelight/ExecutableQuery,4,10,40.0
20cb8ad873ac2224,androidx/compose/ui/unit/fontscaling/FontScaleConverterTable,4,33,12.12
434fd25db08f263f,androidx/compose/runtime/Composer$Companion,4,5,80.0
50dcdd9d1670d46b,org/breezyweather/main/MainActivity$initView$3$1$1,4,49,8.16
26e36bcfbf05de37,androidx/compose/runtime/snapshots/SnapshotKt$advanceGlobalSnapshot$3,4,4,100.0
cef720a3d8e886ee,androidx/lifecycle/MutableLiveData,4,4,100.0
174047f780a2d3f1,androidx/compose/ui/node/LayoutNode$Companion$Constructor$1,4,4,100.0
669d5b1e7c3b2e57,dagger/hilt/android/EntryPointAccessors,4,18,22.22
55aa855a7c3785da,androidx/compose/animation/core/VectorConvertersKt$FloatToVector$1,4,4,100.0
dab66a9618de8c48,androidx/compose/runtime/Invalidation,4,6,66.67
4828cb4516407902,androidx/compose/foundation/layout/FillElement,4,18,22.22
f324f6ca3b63be6b,androidx/compose/ui/geometry/Size$Companion,4,6,66.67
dd84b9b6664f1a51,androidx/compose/ui/graphics/PaintingStyle$Companion,4,4,100.0
83b87ad8255b981b,dagger/hilt/EntryPoints,4,19,21.05
e59cca7a01c6c62b,app/cash/sqldelight/db/QueryResult$Value,4,18,22.22
b162c9b91b53d411,kotlin/jvm/JvmClassMappingKt,4,67,5.97
a9a63fd2276a574b,androidx/compose/material3/RippleKt$LocalUseFallbackRippleImplementation$1,4,4,100.0
4cfab5e340bc9947,androidx/compose/ui/platform/TextToolbarStatus,4,6,66.67
7f1df756f087af03,androidx/compose/runtime/ActualJvm_jvmKt,4,13,30.77
84db9b70706314ed,androidx/appcompat/app/AppCompatDelegateImpl$3,4,9,44.44
2f408100bca467f4,androidx/compose/ui/layout/LayoutIdKt,4,6,66.67
24692f53e3c8d3fa,app/cash/sqldelight/db/QueryResult$Companion,4,4,100.0
4ed38456f8be8d69,androidx/compose/ui/platform/ComposableSingletons$Wrapper_androidKt,4,4,100.0
d954656fb8ce3f7f,kotlinx/coroutines/ChildHandleNode,4,5,80.0
a08462ff17e2b30e,androidx/compose/ui/unit/DensityWithConverter,4,26,15.38
a1eadeaa86e95bca,androidx/compose/foundation/layout/BoxKt$EmptyBoxMeasurePolicy$1$1,4,4,100.0
5a006a6534b15473,androidx/compose/foundation/ClickableNode,4,9,44.44
ddac7587a9834743,androidx/compose/ui/platform/AndroidCompositionLocals_androidKt$obtainResourceIdCache$1$1,4,4,100.0
78f4685f09f395d1,breezyweather/data/TransactionContextKt,4,66,6.06
55504eb944fc2960,kotlin/collections/AbstractList,4,30,13.33
ae07ce17868aa7eb,androidx/compose/ui/layout/LayoutIdModifier,4,5,80.0
ca5569f9337c4738,androidx/compose/ui/input/key/KeyEvent_androidKt,4,10,40.0
b1587b27d3ea21cb,kotlin/random/Random,4,103,3.88
83c8007beba8710b,androidx/recyclerview/widget/RecyclerView$5,4,59,6.78
dfa4966423a76500,okhttp3/OkHttpClient$Companion,4,4,100.0
e698e83c3269498e,org/breezyweather/JacocoInstrument/SMSInstrumentedReceiver,4,7,57.14
209f329c6bd25c26,androidx/emoji2/text/DefaultGlyphChecker,4,16,25.0
33a8e04a2ccc7142,androidx/compose/ui/graphics/Brush,4,5,80.0
682d083b893cca53,androidx/compose/ui/platform/AndroidComposeView$keyInputModifier$1$focusWasMovedOrCancelled$1,4,5,80.0
2a09b69337b48d83,androidx/compose/ui/node/ComposeUiNode$Companion$SetCompositeKeyHash$1,4,4,100.0
9f73c252437256a1,app/cash/sqldelight/driver/android/AndroidPreparedStatement,4,24,16.67
9dde48ca05bf61a9,androidx/compose/runtime/snapshots/SnapshotKt$emptyLambda$1,4,4,100.0
1a860e5c156c4b51,androidx/compose/ui/text/android/BoringLayoutFactory,4,33,12.12
de0a5ad63424d605,androidx/work/impl/model/Preference,4,25,16.0
b535b3a799a2903e,org/breezyweather/sources/RefreshHelper,3,1040,0.29
075699bf06578612,androidx/compose/material3/FabPosition$Companion,3,6,50.0
1f890ca40f95013a,dagger/hilt/android/internal/lifecycle/DefaultViewModelFactories,3,7,42.86
aea4d070f7066395,kotlin/io/CloseableKt,3,28,10.71
7cdd4bfbf639662a,kotlin/jvm/internal/ReflectionFactory,3,30,10.0
0d6745a8ab2d8e7a,kotlin/random/Random$Default,3,20,15.0
fa56cc48b279de1d,androidx/core/app/NotificationChannelCompat,3,70,4.29
ad824b16c27635a8,androidx/compose/ui/text/input/ImeOptions$Companion,3,3,100.0
9ba7d869715da37c,androidx/compose/ui/graphics/SimpleGraphicsLayerModifier$measure$1,3,3,100.0
f6261c4b31a3d5f4,androidx/compose/ui/graphics/vector/PathNode$RelativeLineTo,3,18,16.67
d67602e257f6a49c,androidx/compose/foundation/text/EmptyMeasurePolicy,3,3,100.0
12a3ea3e70ff1d2f,androidx/compose/foundation/shape/CornerSizeKt,3,6,50.0
a3edaa3bd1f416fb,androidx/compose/ui/node/LayoutNode$WhenMappings,3,4,75.0
958d9d1a847d7841,androidx/compose/ui/platform/InspectableValueKt,3,12,25.0
d302552554d99bca,androidx/activity/OnBackPressedDispatcher$addCallback$1,3,3,100.0
593abb2a7f1a215b,androidx/sqlite/db/framework/FrameworkSQLiteOpenHelper$DBRefHolder,3,3,100.0
a4f45ca68bfce819,androidx/lifecycle/viewmodel/CreationExtras,3,3,100.0
c705d9bef94a7ead,kotlinx/coroutines/flow/internal/SafeCollector,3,47,6.38
4db21418095c7349,androidx/compose/runtime/collection/ScatterSetWrapper,3,26,11.54
c51151bddcf092c1,androidx/compose/animation/core/AnimationKt,3,16,18.75
c57475b31f4512c8,kotlinx/coroutines/ChildContinuation,3,3,100.0
eb75deecf20a43a7,org/breezyweather/background/updater/interactor/GetApplicationRelease,3,61,4.92
af6b41756331c6c9,androidx/compose/runtime/AtomicInt,3,16,18.75
ecbe9440c9bb3869,androidx/recyclerview/widget/RecyclerView$AdapterDataObservable,3,29,10.34
d3ce1987c0dff3c4,androidx/compose/foundation/FocusablePinnableContainerNode$retrievePinnableContainer$1,3,3,100.0
96e292734f4a1c52,app/cash/sqldelight/driver/android/AndroidSqliteDriver$execute$1,3,3,100.0
6cf8f16b3293f030,androidx/compose/ui/contentcapture/ContentCaptureManager$Companion,3,5,60.0
ce8f22cbc80345f4,androidx/compose/ui/text/input/TextInputService,3,21,14.29
ab697f44c1664c3f,org/breezyweather/main/fragments/PushedManagementFragment$Companion,3,3,100.0
81db111021026030,androidx/compose/ui/platform/coreshims/ViewCompatShims,3,12,25.0
08e7f84266a54127,kotlinx/coroutines/flow/internal/NullSurrogateKt,3,3,100.0
bdb91d658983efe9,kotlinx/coroutines/internal/ScopeCoroutine,3,8,37.5
5132bfd32fb0edf3,androidx/compose/ui/platform/AndroidAccessibilityManager,3,18,16.67
53ba5156223131c0,androidx/compose/ui/graphics/FilterQuality$Companion,3,6,50.0
8110d1e5cca20e55,androidx/compose/ui/semantics/SemanticsNodeKt,3,115,2.61
0f910ab7fbb5aec3,androidx/compose/runtime/external/kotlinx/collections/immutable/implementations/immutableMap/TrieNode$Companion,3,3,100.0
d4034d4ad835c137,androidx/concurrent/futures/ResolvableFuture,3,5,60.0
b6bb9b4816bb631f,androidx/compose/foundation/layout/FillNode$measure$1,3,3,100.0
479d21dea65c9fab,kotlinx/coroutines/flow/DistinctFlowImpl,3,4,75.0
130c398e00b3ce68,androidx/compose/ui/platform/ViewLayer,3,254,1.18
ff2b131b6549f952,kotlinx/coroutines/JobSupport$ChildCompletion,3,3,100.0
6c10cdf4a918ba8f,androidx/compose/ui/node/LayoutNode$Companion,3,6,50.0
34f6da740762d280,androidx/compose/animation/core/SuspendAnimationKt$animate$9,3,3,100.0
089d7e856ebdc0be,androidx/compose/ui/layout/SubcomposeLayoutKt$SubcomposeLayout$4$1,3,3,100.0
8fb9471001f4615d,androidx/compose/runtime/internal/PersistentCompositionLocalHashMap$Companion,3,4,75.0
8ede3948d3664775,androidx/lifecycle/Lifecycle,3,10,30.0
0c9d97f4d3564945,kotlin/coroutines/intrinsics/CoroutineSingletons,3,6,50.0
7f7458333f5a3e9b,androidx/compose/animation/core/Animation,3,5,60.0
2d867bd022e2b6f9,androidx/work/impl/utils/LiveDataUtils,3,4,75.0
16b44792e789ce34,androidx/compose/ui/node/PointerInputModifierNodeKt,3,4,75.0
4bd6565330fdf3d6,androidx/compose/ui/node/ObserverNodeOwnerScope$Companion,3,3,100.0
f1437efbe334d32a,okhttp3/internal/platform/android/AndroidCertificateChainCleaner,3,16,18.75
29eb39b71c011466,androidx/compose/ui/graphics/CanvasHolder,3,9,33.33
3c7c53dba970c2ff,androidx/compose/runtime/MonotonicFrameClockKt,3,13,23.08
22510f97ac91d8e0,androidx/compose/ui/text/style/TextGeometricTransform$Companion,3,4,75.0
e9d3b2adb3dad0c5,androidx/compose/material3/ButtonKt$Button$3,3,3,100.0
7f4b0ba767a628c5,androidx/compose/runtime/ParcelableSnapshotMutableState,3,12,25.0
6e5f05cfec209d8c,androidx/recyclerview/widget/LinearLayoutManager$AnchorInfo,3,46,6.52
4f0b7d3aa5ef0862,androidx/core/view/WindowInsetsAnimationCompat,3,25,12.0
8ac3693fc74137eb,androidx/compose/foundation/layout/BoxMeasurePolicy$measure$2,3,3,100.0
c468b42f14e7d4b3,androidx/compose/ui/text/font/FontFamily$Companion,3,7,42.86
cab606457c29bea0,androidx/compose/ui/text/style/TextForegroundStyle$merge$2,3,3,100.0
00f748d81988332a,androidx/compose/ui/graphics/colorspace/Xyz,3,67,4.48
53ef088dc0f43dd9,androidx/work/impl/constraints/trackers/BroadcastReceiverConstraintTracker,3,7,42.86
61681206bcf2ec52,androidx/lifecycle/SavedStateHandleSupport$savedStateHandlesVM$1,3,3,100.0
6631203dd397f3c4,kotlin/text/StringsKt___StringsKt,3,1274,0.24
65b39f1033b37eb5,androidx/collection/IntSetKt,3,25,12.0
5b09da5fde73b11f,androidx/compose/ui/input/key/Key_androidKt,3,3,100.0
19eecc217277286c,androidx/compose/ui/graphics/Shadow$Companion,3,4,75.0
26bd2ab79c188287,androidx/compose/ui/graphics/vector/VectorNode,3,3,100.0
fd000d932211b400,androidx/compose/runtime/MonotonicFrameClock$DefaultImpls,3,5,60.0
ac7a18c94e91fe8b,androidx/compose/ui/focus/FocusOwnerImpl$focusInvalidationManager$1,3,3,100.0
683a772c1208bb67,kotlin/collections/SetsKt__SetsKt,3,31,9.68
484339cbddbbe8ea,androidx/compose/runtime/collection/MutableVectorKt,3,35,8.57
fec28ebae769fb5d,androidx/fragment/app/SpecialEffectsController$2,3,3,100.0
241690a80b954b19,androidx/compose/ui/unit/TextUnit$Companion,3,5,60.0
2b5838d14b9ce5a7,okhttp3/internal/platform/android/BouncyCastleSocketAdapter$Companion,3,3,100.0
699f6d68dfe148e3,dagger/hilt/android/internal/lifecycle/DefaultViewModelFactories$InternalFactoryFactory,3,4,75.0
fdcaf46867d4130d,androidx/compose/ui/text/style/TextIndent$Companion,3,4,75.0
751001c3586ca730,androidx/core/view/NestedScrollingChildHelper,3,101,2.97
af6f160b04ae1989,androidx/compose/ui/graphics/vector/PathNode$MoveTo,3,18,16.67
d41414bcd77b36ef,androidx/room/SharedSQLiteStatement$stmt$2,3,3,100.0
9834221309add551,androidx/compose/ui/platform/ViewCompositionStrategy$Companion,3,3,100.0
d3cd57b0e6bf2096,okhttp3/internal/platform/android/DeferredSocketAdapter,3,20,15.0
34b12a4220c0988d,kotlinx/coroutines/android/AndroidDispatcherFactory,3,6,50.0
0961866b80bd7cc9,androidx/compose/ui/unit/IntOffset$Companion,3,3,100.0
2684cdf527ac10f3,androidx/work/impl/model/WorkSpec,3,221,1.36
70f0d1ba20e021f2,androidx/compose/ui/modifier/EmptyMap,3,8,37.5
d8ea4a22fc7c353b,androidx/compose/ui/node/LayoutNode$_foldedChildren$1,3,3,100.0
9d57efeba37c1c30,com/google/maps/android/model/LatLngBounds,3,34,8.82
7cffa9aa9ea325d8,kotlin/collections/CollectionsKt__IterablesKt,3,26,11.54
98408f409bcfb9dd,androidx/compose/ui/util/MathHelpersKt,3,32,9.38
fd99c5840e36661a,androidx/compose/ui/modifier/ModifierLocalMap,3,3,100.0
b8b58d02df44cde3,kotlin/collections/SetsKt__SetsJVMKt,3,16,18.75
7227d6b0a65c76dd,androidx/room/RoomDatabase$Callback,3,4,75.0
4816fe4d508157f6,androidx/compose/ui/platform/ViewRootForTest$Companion,3,5,60.0
229a1a6ff7e3bfaa,androidx/compose/foundation/text/selection/TextSelectionColors,3,14,21.43
331c59789f7217a8,okhttp3/internal/concurrent/TaskQueue,3,149,2.01
165c8541d9812727,androidx/compose/foundation/text/modifiers/TextStringSimpleNode$measure$1,3,3,100.0
d404e4cacbf58bc5,kotlinx/coroutines/flow/ReadonlyStateFlow,3,5,60.0
771afcd31b599fd2,androidx/compose/runtime/Recomposer$readObserverOf$1,3,3,100.0
a5e42f375586762e,kotlinx/coroutines/channels/ChannelCoroutine,3,37,8.11
aa9d40f289c45c02,androidx/compose/ui/layout/ContentScale$Companion$Fit$1,3,3,100.0
87dcf262b08e0148,androidx/compose/runtime/ParcelableSnapshotMutableIntState,3,5,60.0
78ca8bd8fb99bc76,androidx/compose/ui/autofill/AutofillTree,3,10,30.0
971cf499d996d870,androidx/compose/ui/layout/SubcomposeLayoutState$setMeasurePolicy$1,3,3,100.0
5a4bbd4b32cee1a4,okhttp3/Authenticator,3,3,100.0
b3b1a9f466938be0,androidx/compose/animation/core/AnimationVector4D,3,44,6.82
d5e2985c0b874572,androidx/compose/ui/node/LayoutNodeLayoutDelegateKt,3,25,12.0
8af7ffd8ed5da28a,io/requery/android/database/sqlite/SQLiteDatabase$1,3,3,100.0
f9eed80e9e90fe80,androidx/compose/runtime/snapshots/SnapshotWeakSet,3,82,3.66
348c865513a80a89,org/breezyweather/common/bus/EventBus$Companion,3,3,100.0
5e3f47a3d25f7f73,androidx/compose/foundation/relocation/BringIntoViewRequesterKt__BringIntoViewResponderKt,3,10,30.0
a302dd12bc4107d4,androidx/compose/ui/draw/PainterNode$measure$1,3,3,100.0
b81f65ce2429dfc8,org/breezyweather/common/basic/livedata/EqualtableLiveData,3,12,25.0
fbeeae42457f1cc5,androidx/compose/ui/text/input/KeyboardCapitalization$Companion,3,12,25.0
5bbc4171722e7fdd,androidx/compose/ui/input/key/KeyInputElement,3,36,8.33
4cb4273b8166029e,androidx/compose/material/ripple/UnprojectedRipple$MRadiusHelper,3,3,100.0
5833cdd2316e6805,androidx/core/content/res/ResourcesCompat$ColorStateListCacheEntry,3,4,75.0
67f1612948c4cb6a,kotlinx/coroutines/scheduling/DefaultScheduler,3,11,27.27
7d4ff5d63023bd4a,androidx/sqlite/db/framework/FrameworkSQLiteOpenHelperFactory,3,3,100.0
1d815185928d938e,dagger/internal/Preconditions,3,27,11.11
892655e180012f8c,androidx/compose/animation/core/AnimateAsStateKt$animateValueAsState$2$1,3,3,100.0
34a6097fceea4463,androidx/compose/ui/platform/AndroidComposeView$focusOwner$2,3,3,100.0
bd35bdc9f809ae8e,androidx/compose/runtime/external/kotlinx/collections/immutable/implementations/persistentOrderedSet/PersistentOrderedSet$Companion,3,3,100.0
5dec5f0a9d1ad56e,androidx/compose/ui/unit/DensityKt,3,4,75.0
6cfd62f099e6d9c3,androidx/compose/ui/res/ResourceIdCache,3,16,18.75
b3a005ca1fe02361,androidx/compose/foundation/layout/BoxKt$EmptyBoxMeasurePolicy$1,3,3,100.0
6daf6338b9e7cdcd,androidx/work/impl/utils/SerialExecutorImpl$Task,3,7,42.86
65484a28d044e3f9,com/google/android/material/shape/MaterialShapeDrawable$2,3,4,75.0
4fe6ecbae410b68d,androidx/compose/ui/graphics/AndroidColorFilter_androidKt,3,32,9.38
b585cd2b895b7d1b,kotlinx/coroutines/NonDisposableHandle,3,6,50.0
b557e9ca664d996c,androidx/compose/ui/graphics/drawscope/CanvasDrawScopeKt,3,3,100.0
3ff47c86869a97f3,androidx/fragment/app/Fragment$2,3,3,100.0
a10b708075bce986,androidx/collection/IndexBasedArrayIterator,3,10,30.0
2d03ef65c14b1327,androidx/compose/runtime/external/kotlinx/collections/immutable/implementations/immutableList/SmallPersistentVector$Companion,3,3,100.0
c1bb0b2a49b98f69,org/breezyweather/theme/weatherView/materialWeatherView/implementor/SunImplementor$Companion,3,3,100.0
123cf6df7f81ed9b,androidx/compose/ui/node/BackwardsCompatNode$updateModifierLocalConsumer$1,3,3,100.0
ec6a49a4116f17ac,androidx/compose/runtime/ParcelableSnapshotMutableFloatState,3,5,60.0
94e6923159359d82,androidx/compose/runtime/DerivedSnapshotState$ResultRecord$Companion,3,3,100.0
95e8280d15d26b82,androidx/compose/ui/graphics/StrokeCap$Companion,3,5,60.0
d7acc65ff16cb3e7,androidx/compose/ui/graphics/TransformOrigin$Companion,3,3,100.0
fe49449d10a839f9,androidx/appcompat/widget/FitWindowsLinearLayout,3,7,42.86
3e5efae5c16e7f93,androidx/compose/ui/contentcapture/AndroidContentCaptureManager$TranslateStatus,3,5,60.0
0f97ff35fa67be10,androidx/compose/ui/graphics/vector/PathNode$LineTo,3,18,16.67
0f7b58180be83d1d,androidx/lifecycle/LiveData$AlwaysActiveObserver,3,3,100.0
4c1e75908faeb8ea,androidx/work/impl/StartStopTokens,3,41,7.32
cea5ac6212e7358c,okhttp3/internal/platform/android/BouncyCastleSocketAdapter,3,24,12.5
0a4c91b063949284,androidx/compose/ui/modifier/ModifierLocalManager$invalidate$1,3,3,100.0
4f0a00cf229e1403,dagger/hilt/android/internal/modules/ApplicationContextModule,3,3,100.0
0cd3ff6ced73278d,androidx/compose/ui/node/Owner$Companion,3,4,75.0
669ed272fa640003,androidx/compose/ui/platform/ViewLayer$Companion,3,31,9.68
6c1b307874434320,androidx/lifecycle/SavedStateHandlesVM,3,3,100.0
0e7d961f4c971cea,org/breezyweather/settings/SourceConfigStore,3,3,100.0
faba48d68af48fb2,kotlin/collections/EmptySet,3,28,10.71
a9ab1b49e91e05f8,org/breezyweather/background/updater/AppUpdateChecker,3,8,37.5
6336e32ca12a2623,androidx/compose/ui/text/intl/AndroidPlatformLocale_androidKt,3,4,75.0
036bd6107f06a5dc,androidx/coordinatorlayout/widget/CoordinatorLayout$HierarchyChangeListener,3,9,33.33
236e32b87ff20831,org/breezyweather/main/fragments/HomeFragment$initView$6$1$1,3,3,100.0
c0969e3c2dc5e20d,okhttp3/internal/platform/android/ConscryptSocketAdapter,3,21,14.29
7bd32bef33a686ed,androidx/recyclerview/widget/ChildHelper$Bucket,3,61,4.92
29d37d1e87c0af28,androidx/compose/material3/ScaffoldKt$Scaffold$1$1,3,3,100.0
095381f1ded49dc5,androidx/compose/material/ripple/AndroidRippleNode$addRipple$1$1$1,3,3,100.0
f00c612fd7bf066b,androidx/compose/ui/text/style/TextMotion$Companion,3,4,75.0
c7654b46900961e1,androidx/emoji2/viewsintegration/EmojiInputFilter$InitCallbackImpl,3,25,12.0
bf4f47dc224f64ab,androidx/compose/ui/ModifierNodeDetachedCancellationException,3,3,100.0
90a040749a262917,androidx/compose/runtime/snapshots/SnapshotIdSet$Companion,3,3,100.0
c69fae692c0f2c3b,androidx/core/view/ViewCompat$Api23Impl,3,8,37.5
75afece6072eefc4,androidx/compose/animation/core/SuspendAnimationKt$callWithFrameNanos$2,3,3,100.0
d40825f32ef9a6b0,androidx/compose/runtime/internal/ThreadMap_jvmKt,3,3,100.0
2f4b972a559c38b1,androidx/compose/ui/focus/FocusPropertiesElement,3,19,15.79
3fcd8d7142ec22c9,androidx/fragment/app/DefaultSpecialEffectsController$4$1,3,3,100.0
6f1a3071b2ed28f1,androidx/compose/ui/text/font/SystemFontFamily,3,3,100.0
879dcf6f6d669d7f,androidx/compose/animation/core/VectorizedFloatAnimationSpec$1,3,3,100.0
a57e244041272409,androidx/appcompat/app/AppCompatDelegate$SerialExecutor,3,18,16.67
c2f2d23261ac7953,androidx/room/DatabaseConfiguration,3,61,4.92
e7718f2b78a20365,kotlinx/coroutines/NodeList,3,21,14.29
c874258f66349b85,kotlin/collections/CollectionsKt__MutableCollectionsKt,3,134,2.24
40fcb47ad30b1903,androidx/compose/ui/text/font/FontStyle$Companion,3,7,42.86
dc7c2a993391b07b,androidx/compose/ui/text/TextStyle$Companion,3,4,75.0
2f8c1ae7fa2a684f,androidx/collection/ObjectIntMapKt,3,44,6.82
7c020b2148e45a6a,androidx/compose/ui/geometry/Rect$Companion,3,4,75.0
d723667ef7219ba5,kotlin/random/FallbackThreadLocalRandom$implStorage$1,3,3,100.0
90c5561b4f517048,androidx/compose/ui/draw/DrawResult,3,4,75.0
f74b40d8a7f9bffa,okhttp3/internal/platform/android/StandardAndroidSocketAdapter,3,12,25.0
d871e2e231215629,androidx/compose/ui/node/NodeCoordinator$Companion,3,4,75.0
0729b5ad895b3551,androidx/compose/ui/platform/DisposableSaveableStateRegistry,3,7,42.86
b4652431342dd524,androidx/recyclerview/widget/GapWorker$LayoutPrefetchRegistryImpl,3,40,7.5
ab7ffd31273aebee,androidx/core/view/GestureDetectorCompat,3,7,42.86
bfe82e18f5a40217,com/google/android/material/internal/ToolbarUtils,3,65,4.62
ac5c2075fb60ecee,androidx/compose/ui/text/font/FontSynthesis$Companion,3,6,50.0
b0fdac9030fcf719,androidx/compose/ui/layout/RootMeasurePolicy$measure$2,3,3,100.0
a66ef389b65733f0,androidx/compose/animation/core/TwoWayConverterImpl,3,3,100.0
6e92061e98489329,kotlin/coroutines/jvm/internal/DebugProbesKt,3,3,100.0
f77da7edf5dc8dfd,androidx/lifecycle/LiveData$1,3,4,75.0
39e8924c9b01bd6d,kotlinx/coroutines/SupervisorKt,3,14,21.43
52174b3b675d6364,kotlin/internal/ProgressionUtilKt,3,22,13.64
ab3ba4a2ae045d9e,androidx/compose/ui/platform/AndroidComposeView$focusOwner$4,3,3,100.0
5bf5de3713674385,androidx/compose/ui/graphics/CompositingStrategy$Companion,3,5,60.0
b1bebdf64b63dd41,kotlin/jvm/internal/CallableReference$NoReceiver,3,4,75.0
3438962214127156,androidx/compose/animation/core/AnimationVector,3,3,100.0
fa22a534066c065e,kotlinx/coroutines/EventLoop_commonKt,3,9,33.33
da8c481444aef1bd,androidx/compose/ui/platform/AndroidComposeView$focusOwner$1,3,3,100.0
d411c058a62230ec,androidx/core/view/SoftwareKeyboardControllerCompat,3,10,30.0
8dbaf475c64d69a5,androidx/recyclerview/widget/RecyclerView$ItemAnimator,3,42,7.14
6874e685be83554e,androidx/appcompat/app/AppLocalesMetadataHolderService,3,6,50.0
9e77ec8863de4a0a,androidx/compose/ui/geometry/CornerRadius$Companion,3,4,75.0
426848fc0f001e54,androidx/lifecycle/SavedStateHandlesProvider$viewModel$2,3,3,100.0
f8bccd0313cbfa32,org/breezyweather/main/MainActivity$sam$androidx_lifecycle_Observer$0,3,8,37.5
408fa5deaf52dd1d,androidx/compose/ui/platform/WindowRecomposer_androidKt$createLifecycleAwareWindowRecomposer$2$onStateChanged$1$1$1$1,3,3,100.0
5bbb789d7c1e8803,kotlin/coroutines/CoroutineContext$DefaultImpls,3,3,100.0
1ecdebd027abe584,androidx/compose/ui/layout/LayoutIdElement,3,18,16.67
939aa5f9a2882317,androidx/compose/foundation/BackgroundNode$getOutline$1,3,3,100.0
08a11eedf2365efd,androidx/compose/ui/text/style/BaselineShift$Companion,3,8,37.5
0126f98dab100ef7,androidx/compose/ui/draw/CacheDrawModifierNodeImpl$getOrBuildCachedDrawBlock$1$1,3,3,100.0
224bcd4a2e0a40ad,androidx/compose/foundation/layout/UnspecifiedConstraintsNode$measure$1,3,3,100.0
e3503542775684e4,app/cash/sqldelight/BaseTransacterImpl,3,62,4.84
48c3a4fc8573e275,androidx/compose/animation/core/VectorizedAnimationSpec,3,5,60.0
336d47ede9961ad4,androidx/collection/MutableScatterSet$MutableSetWrapper,3,34,8.82
0280e3b6d245c3f3,androidx/compose/ui/text/android/VerticalPaddings,3,17,17.65
b7c98e37efa355df,okhttp3/EventListener,3,32,9.38
9b17efb5eca3f2de,okio/Options,3,18,16.67
4d68d8a286483027,breezyweather/data/data/DatabaseImplKt,3,3,100.0
232b5add40fc423b,androidx/compose/foundation/interaction/PressInteraction$Release,3,3,100.0
f123371a7c76ea45,androidx/compose/ui/platform/AndroidUiDispatcher_androidKt,3,4,75.0
5b65b642333d83cc,androidx/work/impl/utils/futures/SettableFuture,3,5,60.0
536f05067cb9543f,kotlin/collections/AbstractMutableList,3,3,100.0
e1dddb273062b406,androidx/compose/ui/semantics/Role$Companion,3,9,33.33
84474a2096987245,androidx/compose/ui/focus/FocusInvalidationManager$scheduleInvalidation$1,3,3,100.0
ba59ca2f077dacaa,androidx/compose/runtime/external/kotlinx/collections/immutable/internal/ListImplementation,3,31,9.68
6be9c55e0f46c8aa,androidx/compose/ui/text/android/CanvasCompatM,3,4,75.0
e4851b6d940c85f9,androidx/compose/ui/layout/AlignmentLine,3,4,75.0
5b9130dba9fb7c47,androidx/compose/runtime/KeyInfo,3,7,42.86
cecda1e8f48222bf,org/breezyweather/Hilt_BreezyWeather$1,3,3,100.0
a8d714d3a81b98a7,org/breezyweather/background/updater/data/ReleaseService,3,20,15.0
af4cd78cdd520ee4,kotlin/collections/EmptyIterator,3,15,20.0
0be8c4a84764ed8c,androidx/core/app/NotificationChannelGroupCompat,3,34,8.82
53c626b8e69e47ca,androidx/compose/ui/node/BackwardsCompatNode$initializeModifier$2,3,3,100.0
72be827d7c2b0b9e,okhttp3/Headers,3,77,3.9
dfc61ca6e37d5e97,androidx/compose/foundation/layout/Direction,3,5,60.0
59d9b04958ed64f9,kotlin/random/FallbackThreadLocalRandom,3,3,100.0
496293c76c9e80db,androidx/core/os/HandlerCompat,3,46,6.52
b5e02bfde6424d35,androidx/compose/ui/graphics/RectangleShapeKt$RectangleShape$1,3,4,75.0
f0ea22f5b3a7c4ea,androidx/activity/OnBackPressedDispatcher$addCancellableCallback$1,3,3,100.0
0a0fd2bd30ef5c53,androidx/compose/ui/focus/FocusTransactionsKt$grantFocus$1,3,3,100.0
c04b4093b61133f7,androidx/compose/runtime/saveable/SaveableStateRegistryKt,3,12,25.0
391d27e450ca831d,androidx/compose/ui/layout/SubcomposeLayoutState$setCompositionContext$1,3,3,100.0
f6711a129aba5b54,androidx/compose/foundation/interaction/FocusInteraction$Unfocus,3,3,100.0
a711e4319a96911d,androidx/compose/runtime/external/kotlinx/collections/immutable/implementations/immutableMap/PersistentHashMap$Companion,3,3,100.0
02d2c419b9c9a8fc,androidx/compose/ui/unit/IntSizeKt,3,16,18.75
d23e000b225223bf,androidx/fragment/app/FragmentStateManager$1,3,4,75.0
a94ee697109cd0e5,androidx/arch/core/internal/SafeIterableMap$Entry,3,14,21.43
6003ce063cf2f96f,androidx/compose/ui/text/style/LineHeightStyle$Companion,3,3,100.0
9b9fe7555a40a948,dagger/hilt/android/internal/managers/ActivityRetainedComponentManager$ActivityRetainedComponentViewModel,3,7,42.86
ef93bca1bde5bdc1,io/requery/android/database/sqlite/SQLiteDatabase$4,3,4,75.0
8d60ac5d464cd016,androidx/compose/ui/graphics/layer/RenderNodeVerificationHelper24,3,3,100.0
96bfb7b8ce5f641b,androidx/compose/ui/input/pointer/PointerInputResetException,3,3,100.0
7e4252156564a8c7,androidx/activity/result/ActivityResultRegistry$register$3,3,17,17.65
56d155399e65e222,androidx/compose/ui/node/NodeCoordinator$drawBlock$1$1,3,3,100.0
ef49bb3965af94db,androidx/compose/ui/res/ImageVectorCache,3,17,17.65
6da305b837a76b65,kotlinx/coroutines/GlobalScope,3,3,100.0
9dbc7a711191ccc5,androidx/compose/ui/text/input/KeyboardType$Companion,3,22,13.64
42dde7b9ab257bb0,androidx/compose/ui/unit/IntSize$Companion,3,3,100.0
9e344f65601411a0,com/google/android/material/shape/ShapePath$ShadowCompatOperation,3,4,75.0
73132d3bd794aafe,io/requery/android/database/sqlite/RequerySQLiteOpenHelperFactory,3,3,100.0
c94c169e084c395c,app/cash/sqldelight/driver/android/AndroidSqliteDriver$executeQuery$1,3,3,100.0
2d5c2b0547536439,androidx/emoji2/text/EmojiCompatInitializer$1,3,3,100.0
80c7fff4066c5eab,androidx/compose/ui/focus/FocusTargetNode$invalidateFocus$1,3,3,100.0
74e87e4d065143ac,com/google/android/material/shape/EdgeTreatment,3,5,60.0
a9ee2efd2eb8ef33,androidx/lifecycle/LifecycleDispatcher$DispatcherActivityCallback,3,3,100.0
00dfe1aec4c0dce2,androidx/compose/ui/graphics/colorspace/Adaptation$Companion,3,5,60.0
754c2b085ad9232f,androidx/compose/foundation/layout/SizeNode$measure$1,3,3,100.0
b7dba53652efb107,androidx/compose/ui/draganddrop/DragAndDropNode,3,69,4.35
2c48e1f921beb1ac,androidx/lifecycle/RepeatOnLifecycleKt,3,9,33.33
7e9e962b81145dfc,androidx/compose/ui/text/platform/DefaultImpl$getFontLoadState$initCallback$1,3,5,60.0
98a35e5a90757804,com/google/android/material/shape/RoundedCornerTreatment,3,4,75.0
7621ede8b331f1e1,androidx/compose/ui/text/font/PlatformResolveInterceptor$Companion,3,4,75.0
f225e6e077332ddf,androidx/recyclerview/widget/ItemTouchHelper$Callback,3,158,1.9
df87fe14b009a7ea,androidx/compose/ui/MotionDurationScale$DefaultImpls,3,4,75.0
1f9ada109403ac58,androidx/compose/ui/node/LayoutNodeLayoutDelegate$performMeasureBlock$1,3,3,100.0
9ebc5a905fd9f3c1,androidx/compose/runtime/external/kotlinx/collections/immutable/implementations/persistentOrderedSet/Links,3,14,21.43
d289006ec2a28777,androidx/compose/ui/node/LayoutNodeKt,3,6,50.0
49ac494740a8117a,androidx/room/util/DBUtil,3,103,2.91
bf09c2268a3f7c34,androidx/compose/ui/graphics/ColorFilter,3,3,100.0
db97dcb3ef888eaa,kotlin/collections/ArrayAsCollection,3,27,11.11
aa0f9e939021a9b4,androidx/compose/ui/semantics/SemanticsConfigurationKt$getOrNull$1,3,3,100.0
fef5b2a5a95b5722,androidx/compose/foundation/text/modifiers/InlineDensity$Companion,3,3,100.0
c80fc8532bbb7937,kotlinx/coroutines/CancelledContinuation,3,9,33.33
438c1b7d3e967198,androidx/compose/ui/text/platform/extensions/PlaceholderExtensions_androidKt,3,37,8.11
14a78199c41c85bd,okhttp3/internal/platform/android/ConscryptSocketAdapter$Companion,3,3,100.0
3d9d35450979eb14,androidx/compose/foundation/text/HeightInLinesModifierKt,3,22,13.64
1320a37a0d830f87,androidx/compose/runtime/snapshots/SnapshotApplyResult,3,3,100.0
e2febff2e14250ac,androidx/sqlite/db/SimpleSQLiteQuery$Companion,3,33,9.09
7ebd3d2a97fdc35b,androidx/compose/ui/platform/AndroidComposeView$viewTreeOwners$2,3,3,100.0
41eae29ac9f8c0cb,androidx/compose/ui/platform/AndroidComposeView$contentCaptureManager$1,3,3,100.0
c5ceb2bf3a4f0270,kotlinx/coroutines/scheduling/NanoTimeSource,3,3,100.0
d63360b70c590e46,androidx/compose/ui/text/input/ImeAction$Companion,3,20,15.0
5f14981facfd1707,androidx/compose/ui/text/platform/AndroidParagraph_androidKt,3,11,27.27
a02c76460b9e32df,androidx/compose/foundation/interaction/PressInteraction$Press,3,4,75.0
ca7212d8753d1bce,androidx/core/view/ViewCompat$Api20Impl,3,4,75.0
a07ab3e0234f8d43,androidx/work/impl/background/greedy/DelayedWorkTracker,3,14,21.43
78e8ef3f7c0da344,androidx/compose/ui/platform/AndroidComposeView$pointerIconService$1,3,10,30.0
0f0076184c6430b2,androidx/compose/runtime/StructuralEqualityPolicy,3,4,75.0
8063810f537e022b,androidx/compose/ui/node/CompositionLocalConsumerModifierNodeKt,3,5,60.0
601bd6eaeb0de800,androidx/compose/ui/text/TextRange$Companion,3,3,100.0
a3593bdd9475e2e9,androidx/fragment/app/FragmentManager$PopBackStackState,3,9,33.33
1487486268e83a1c,okhttp3/CertificatePinner$Builder,3,8,37.5
e40a1cd6dce1206f,kotlinx/coroutines/Empty,3,6,50.0
d63c16502d5b2609,androidx/core/os/BundleCompat,3,24,12.5
522b2f0f0b95606e,androidx/compose/foundation/layout/UnionInsets,3,14,21.43
6698e5691e94c3b7,com/google/android/material/shape/AdjustedCornerSize,3,14,21.43
05dddb29948dbf39,androidx/core/util/Preconditions,3,73,4.11
ed27ea66cfcf83e4,androidx/compose/ui/node/DelegatableNode_androidKt,3,5,60.0
3ab0e7b79a0e8c55,androidx/lifecycle/EmptyActivityLifecycleCallbacks,3,8,37.5
ebe4bc8c7c500252,androidx/compose/foundation/layout/InsetsPaddingModifier$measure$1,3,3,100.0
b59ed4de8aa3b00b,androidx/compose/ui/platform/AndroidCompositionLocals_androidKt$obtainResourceIdCache$callbacks$1$1,2,5,40.0
8449084879eac2fd,androidx/compose/ui/node/OwnerSnapshotObserver$onCommitAffectingMeasure$1,2,7,28.57
8cd0cf547e268963,androidx/compose/ui/MotionDurationScale$Key,2,2,100.0
7df35215bc3c6d7d,kotlinx/serialization/json/Json$Default,2,2,100.0
97f355fb26e23a63,androidx/compose/ui/layout/ScaleFactor$Companion,2,4,50.0
cd2b55cb61438e59,org/breezyweather/sources/wmosevereweather/WmoSevereWeatherService$Companion,2,2,100.0
0c355eea05f4635b,org/breezyweather/common/source/HttpSource,2,2,100.0
ec1e3bb248824d9f,androidx/compose/ui/text/SaversKt$AnnotationRangeListSaver$1,2,11,18.18
939e8dc9bc19bd7a,breezyweather/data/DailysQueries,2,222,0.9
c26a8425e9f7d6a6,okhttp3/ConnectionSpec$Companion,2,2,100.0
6be66061548b6492,androidx/compose/ui/unit/DpOffset$Companion,2,4,50.0
4c342f4cbc102a8f,org/breezyweather/sources/openmeteo/OpenMeteoService$Companion,2,2,100.0
70b452989d1fb64f,androidx/compose/animation/core/VectorConvertersKt$SizeToVector$2,2,4,50.0
89d53e8d00c738b9,androidx/compose/foundation/text/selection/SelectionRegistrarKt,2,7,28.57
37fc6bc2175fbdba,androidx/compose/foundation/shape/DpCornerSize,2,17,11.76
48fd9436dc2d3953,kotlinx/coroutines/internal/ContextScope,2,3,66.67
75a478325a96c440,androidx/arch/core/internal/SafeIterableMap$AscendingIterator,2,3,66.67
3f51dac76a9a3314,androidx/appcompat/widget/ActionMenuView$LayoutParams,2,5,40.0
5f10f9cc10ddaf9d,com/google/android/material/drawable/DrawableUtils,2,120,1.67
53bbccf3d3d76e24,androidx/compose/ui/unit/fontscaling/FontScaleConverterTable$Companion,2,16,12.5
2d0629bd9a58aca0,kotlin/UnsafeLazyImpl,2,13,15.38
088641d627d36ef2,androidx/compose/material/ripple/RippleHostView$Companion,2,2,100.0
67eeb946bd9a659c,org/breezyweather/main/MainActivityViewModel$Companion,2,2,100.0
8e68e9d484965d7f,kotlin/collections/AbstractMutableSet,2,2,100.0
5698752fe95d4ed2,androidx/core/view/LayoutInflaterCompat,2,32,6.25
55afa0a79a19e1f5,androidx/compose/runtime/RecomposeScopeImplKt,2,3,66.67
c784e2a56e05a729,androidx/compose/runtime/ScopeInvalidated,2,2,100.0
3bcfa0a32d06130e,org/breezyweather/sources/china/ChinaService$Companion,2,2,100.0
14f00145964e1a2d,androidx/savedstate/Recreator$Companion,2,2,100.0
34859ee3bb593a83,org/breezyweather/sources/mf/MfService$Companion,2,2,100.0
ac3cdd1f4f3db005,androidx/compose/ui/semantics/SemanticsProperties$TestTag$1,2,4,50.0
474664588b9736da,androidx/compose/ui/text/SaversKt$LocaleSaver$1,2,4,50.0
1ce3281c5b359a59,androidx/compose/runtime/SnapshotMutableIntStateImpl$IntStateStateRecord,2,5,40.0
3ecea90b11180ba3,androidx/compose/ui/text/SaversKt$TextRangeSaver$2,2,11,18.18
523c0fef14d0361f,androidx/compose/foundation/AbstractClickableNode$TraverseKey,2,2,100.0
a0d7fee22feac762,androidx/compose/ui/node/LayoutModifierNodeCoordinator$Companion,2,3,66.67
a94eb161ad8d6eb1,kotlin/jvm/internal/FunctionReferenceImpl,2,6,33.33
c36856da1b633bd0,androidx/compose/ui/graphics/colorspace/ColorSpace$Companion,2,2,100.0
1c9234f381072f9b,org/breezyweather/common/ui/widgets/slidingItem/SlidingItemTouchCallback$Companion,2,19,10.53
3330b5b44c6329fc,androidx/compose/ui/graphics/layer/GraphicsLayer$Companion,2,2,100.0
83a5f93d7251234f,androidx/work/impl/DefaultRunnableScheduler,2,5,40.0
03ce07bb34e10837,org/breezyweather/sources/naturalearth/NaturalEarthService,2,96,2.08
af7febbe53bc96f8,breezyweather/data/Alerts$Adapter,2,3,66.67
dbebfb9ce67dacd2,androidx/core/content/ContextCompat$Api23Impl,2,4,50.0
7a1027d1c931759c,okhttp3/EventListener$Companion,2,2,100.0
0a2d9746c780f42e,androidx/concurrent/futures/AbstractResolvableFuture$Waiter,2,9,22.22
25b9d240c14fcac3,androidx/compose/ui/text/intl/PlatformLocaleKt,2,2,100.0
02ed11fc22efef60,kotlinx/coroutines/BlockingEventLoop,2,2,100.0
cc4f03b0cbb1c7c6,okhttp3/internal/cache/DiskLruCache$Companion,2,2,100.0
5869735fa5ac5512,androidx/compose/ui/node/ComposeUiNode$Companion$VirtualConstructor$1,2,4,50.0
dbb2a4aa26f2bcd2,androidx/emoji2/text/DefaultEmojiCompatConfig$DefaultEmojiCompatConfigHelper_API19,2,3,66.67
83838bf00f1c9d94,breezyweather/data/AlertSeverityColumnAdapter,2,7,28.57
b26c70e399c10bcf,androidx/compose/ui/node/ComposeUiNode$Companion$SetLayoutDirection$1,2,4,50.0
e9f4cf4cb51a5f73,kotlinx/coroutines/CancelHandler$UserSupplied,2,3,66.67
745499569eb0e1a5,androidx/activity/result/contract/ActivityResultContracts$RequestMultiplePermissions$Companion,2,4,50.0
25820e27fa1cb99a,androidx/activity/result/contract/ActivityResultContracts$StartActivityForResult$Companion,2,2,100.0
df1dec9e09373acd,breezyweather/data/HourlysQueries,2,101,1.98
7d134b27da5256db,androidx/lifecycle/viewmodel/internal/ViewModelProviders$ViewModelKey,2,2,100.0
718bbb3c49b2e1e6,androidx/lifecycle/LifecycleOwnerKt,2,2,100.0
9f9dce9218f7f9f3,androidx/lifecycle/compose/LocalLifecycleOwnerKt$LocalLifecycleOwner$1$1,2,5,40.0
2a6572d30bbfcb2b,kotlin/jvm/internal/Lambda,2,3,66.67
513f0b9b0e86d024,androidx/compose/ui/text/SaversKt$TextUnitSaver$2,2,14,14.29
09db1ab14bbf52a3,androidx/compose/ui/platform/CompositionLocalsKt$LocalFocusManager$1,2,4,50.0
ac181508bc4024ef,androidx/compose/ui/platform/CompositionLocalsKt$LocalDensity$1,2,4,50.0
38bc9b0b3313e7ae,okhttp3/internal/connection/RouteDatabase,2,8,25.0
923d07e9769a2db4,androidx/compose/animation/core/AnimationVector2D,2,30,6.67
14c8fddbfcad3e5f,androidx/compose/ui/text/SaversKt$NonNullValueClassSaver$1,2,4,50.0
fc52a25e81c4edc1,androidx/compose/ui/text/SaversKt$VerbatimTtsAnnotationSaver$1,2,4,50.0
2e514240573c0b2d,app/cash/sqldelight/db/SqlDriver$DefaultImpls,2,8,25.0
1623784a8be60b40,androidx/compose/ui/platform/AndroidViewConfiguration,2,15,13.33
07e2a132650b6470,androidx/appcompat/widget/TooltipCompat,2,5,40.0
116d0682c6530a59,androidx/compose/animation/core/VectorConvertersKt$RectToVector$2,2,4,50.0
967ccd952f88499d,androidx/compose/ui/graphics/drawscope/DrawContextKt,2,2,100.0
1e67125056795981,androidx/compose/foundation/layout/WrapContentElement,2,22,9.09
41e0a167ae8ea164,okhttp3/internal/concurrent/TaskRunner$runnable$1,2,28,7.14
99caf6860c716400,androidx/recyclerview/widget/RecyclerViewAccessibilityDelegate$ItemDelegate,2,57,3.51
6872de753536142b,androidx/compose/material3/ButtonKt$Button$1,2,4,50.0
0b80d92829f8e171,androidx/compose/animation/core/VectorConvertersKt$DpOffsetToVector$2,2,8,25.0
315a23c02fb97ad7,androidx/compose/ui/geometry/RoundRect$Companion,2,4,50.0
2d02b46325ff8516,androidx/compose/ui/platform/WindowInfoImpl$Companion,2,3,66.67
0ee798481ae1bc95,androidx/compose/ui/graphics/Outline$Rectangle,2,8,25.0
422cee4248e8749f,androidx/compose/runtime/ComposableSingletons$CompositionKt$lambda-1$1,2,12,16.67
0013351a438b1c65,kotlinx/coroutines/scheduling/CoroutineScheduler$Companion,2,2,100.0
5737f2516d79ae95,androidx/compose/ui/text/font/GenericFontFamily,2,4,50.0
c28484c74b33d66e,androidx/compose/ui/platform/CompositionLocalsKt$LocalFontLoader$1,2,4,50.0
d40153cb810b79e6,androidx/compose/ui/platform/CompositionLocalsKt$LocalViewConfiguration$1,2,4,50.0
c12875571de7af2f,okhttp3/logging/HttpLoggingInterceptor$Logger$Companion,2,2,100.0
1da175c04c67f851,androidx/compose/ui/text/SaversKt$ClickableSaver$2,2,16,12.5
08de12774176068d,okhttp3/internal/concurrent/TaskRunner$Companion,2,3,66.67
a1c108533d864c5e,androidx/compose/ui/text/intl/Locale,2,14,14.29
524ff559fb87ab58,androidx/compose/ui/semantics/SemanticsProperties$PaneTitle$1,2,5,40.0
a5adf031aa56f82e,androidx/work/impl/Migration_8_9,2,4,50.0
c55ed6ee17c53abe,androidx/compose/ui/node/OwnerSnapshotObserver$clearInvalidObservations$1,2,6,33.33
a37733b3dd804bca,androidx/compose/ui/node/LookaheadCapablePlaceable$Companion,2,2,100.0
1383eef768fb2b88,kotlinx/coroutines/scheduling/TaskImpl,2,3,66.67
c9c492220bd91a0f,breezyweather/data/Weathers$Adapter,2,3,66.67
30c72c1d223155e0,androidx/compose/ui/text/SaversKt$LinkSaver$2,2,16,12.5
19d064ccf1ed5229,androidx/core/view/ViewCompat$AccessibilityPaneVisibilityManager,2,40,5.0
addb623f7a69e076,breezyweather/data/Location_parametersQueries,2,44,4.55
bf679ba3151b5234,com/google/maps/android/model/LatLng$Companion,2,17,11.76
392f6cdd68667f33,androidx/activity/result/ActivityResultRegistry$Companion,2,2,100.0
8c841377cea235dd,androidx/compose/foundation/text/TextDelegateKt,2,33,6.06
94d5bd7034bfffa0,androidx/compose/runtime/snapshots/SnapshotStateListKt,2,16,12.5
1edfeb582833445d,androidx/compose/ui/graphics/colorspace/Adaptation$Companion$VonKries$1,2,3,66.67
21f177d4bbdde743,androidx/fragment/app/FragmentContainer,2,2,100.0
4d52a2ca12d4dd71,org/breezyweather/sources/geosphereat/GeoSphereAtService$Companion,2,6,33.33
dae73dfd010b52c6,kotlin/coroutines/jvm/internal/SuspendLambda,2,7,28.57
b8674d8325754de3,androidx/compose/runtime/snapshots/MutableSnapshot$Companion,2,2,100.0
9b3c63e6c97dfd16,androidx/work/NoOpInputMergerFactory,2,4,50.0
cae419942406769f,androidx/compose/ui/node/OwnerSnapshotObserver$onCommitAffectingLookahead$1,2,7,28.57
9d4955c8303a8cc7,androidx/compose/ui/layout/LookaheadCapablePlacementScope,2,10,20.0
84a3c9e3e0efa2a8,androidx/compose/ui/semantics/SemanticsProperties$IsPopup$1,2,5,40.0
971e545bf0bdfd79,androidx/room/InvalidationTracker$Observer,2,11,18.18
7598a2b0748280f3,androidx/collection/ScatterSetKt,2,22,9.09
687abc41c3cdd027,androidx/compose/foundation/relocation/ScrollIntoView,2,2,100.0
9fd35e871c6eec56,androidx/compose/ui/platform/CompositionLocalsKt$LocalAutofillTree$1,2,4,50.0
57143ebdb6cf1458,org/breezyweather/sources/atmoaura/AtmoAuraService$Companion,2,2,100.0
9bafb8dff6b84622,okhttp3/logging/HttpLoggingInterceptor$Logger,2,2,100.0
9413a4686dbff871,androidx/compose/ui/text/SaversKt$AnnotationRangeListSaver$2,2,18,11.11
2cf9eddb51cf8c1a,org/breezyweather/common/source/SecondaryWeatherSourceFeature$Companion,2,10,20.0
325cf9027fab7cf6,androidx/compose/ui/graphics/layer/GraphicsLayer$drawBlock$1,2,4,50.0
63f1bddfdae2e66b,androidx/compose/runtime/ParcelableSnapshotMutableIntState$Companion,2,3,66.67
99438ccae10cf26e,io/requery/android/database/sqlite/SQLiteConnection$PreparedStatementCache,2,23,8.7
b4a270a6145a822c,androidx/room/EntityDeletionOrUpdateAdapter,2,27,7.41
eb25ba70bd9121e8,androidx/work/WorkerFactory,2,22,9.09
2d1722bc06d4ceb7,androidx/compose/ui/text/SaversKt$FontWeightSaver$1,2,4,50.0
8c655693b09354f5,org/breezyweather/common/ui/widgets/insets/ComposableSingletons$FitSystemBarComposeWrappersKt$lambda-1$1,2,12,16.67
5a17c74ad6ca6711,androidx/compose/ui/text/SaversKt$ClickableSaver$1,2,6,33.33
450fcbdfb8d24e9d,kotlin/jvm/internal/MutablePropertyReference0,2,10,20.0
2a112849037a687a,androidx/work/impl/WorkDatabase_AutoMigration_14_15_Impl,2,9,22.22
6740e1bc9bb6f9c2,androidx/compose/ui/platform/AndroidComposeView$configurationChangeObserver$1,2,4,50.0
aa9833f6bb0efa52,androidx/compose/ui/text/AnnotatedString$Companion,2,3,66.67
6f4c54d86d023117,androidx/compose/ui/text/font/FontListFontFamilyTypefaceAdapter$Companion,2,4,50.0
e2f341ad23987f64,androidx/compose/ui/graphics/drawscope/Stroke$Companion,2,4,50.0
9839fdc434881f17,androidx/compose/ui/platform/WindowRecomposer_androidKt$getAnimationScaleFlowFor$1$1$contentObserver$1,2,3,66.67
b0303c1da6dd971c,androidx/compose/runtime/saveable/SaverKt$Saver$1,2,4,50.0
6294a7e481a8e62b,androidx/compose/ui/Modifier_jvmKt,2,2,100.0
5b3a0c69fa89cd44,androidx/compose/ui/platform/DelegatingSoftwareKeyboardController,2,5,40.0
f25b5c78e4c4aac1,kotlinx/coroutines/AbstractTimeSourceKt,2,34,5.88
1d49908cee2510d4,kotlinx/coroutines/ExecutorCoroutineDispatcher,2,2,100.0
284c576c817d29e6,androidx/activity/ComponentActivity$Companion,2,2,100.0
db959bd0b00d35d4,org/breezyweather/sources/metie/MetIeService$Companion,2,3,66.67
f371795eef885ed6,androidx/compose/runtime/changelist/OperationsDebugStringFormattable,2,6,33.33
0460a45c64e62938,androidx/compose/ui/layout/OuterPlacementScope,2,5,40.0
d4379eca06068693,androidx/compose/ui/semantics/SemanticsProperties$TraversalIndex$1,2,4,50.0
b2b3f3d7cd15443e,androidx/compose/ui/text/SaversKt$TextDecorationSaver$2,2,4,50.0
77dc523a7d63e66f,androidx/compose/runtime/external/kotlinx/collections/immutable/internal/MutabilityOwnership,2,2,100.0
1e99bd54fee70e39,app/cash/sqldelight/Query,2,2,100.0
8aa1571fcbdf18ff,androidx/compose/ui/semantics/SemanticsProperties$InvisibleToUser$1,2,4,50.0
ff61ee30fdaf5a6a,okhttp3/internal/cache/DiskLruCache$cleanupTask$1,2,22,9.09
2adc5cb915ddb954,androidx/sqlite/db/framework/FrameworkSQLiteDatabase$Companion,2,2,100.0
0aef78fdc575f7bc,androidx/compose/ui/text/SaversKt$FontWeightSaver$2,2,4,50.0
e4ffa752fb71433c,androidx/compose/animation/core/VectorConvertersKt$IntSizeToVector$2,2,10,20.0
7b2f1226d19f8962,okhttp3/internal/connection/RealConnectionPool$cleanupTask$1,2,3,66.67
68957d48156bf29f,androidx/compose/foundation/layout/BoxScopeInstance,2,13,15.38
53ac65baf3647f8b,androidx/work/impl/RescheduleMigration,2,12,16.67
92368592f08d1cb5,okhttp3/Protocol$Companion,2,11,18.18
9c931ce9ed535f45,androidx/compose/runtime/changelist/ComposerChangeListWriter$Companion,2,2,100.0
0f645f48123b0a83,androidx/compose/ui/graphics/GraphicsLayerScopeKt,2,19,10.53
d887b2611a68ff9b,kotlinx/coroutines/android/HandlerDispatcher,2,4,50.0
15f077245de9b8b5,androidx/work/impl/constraints/trackers/BatteryChargingTracker,2,36,5.56
2c67b393dedfe8c9,androidx/appcompat/app/AppCompatDelegateImpl$5,2,3,66.67
1a409a0f887e3aa7,androidx/compose/material3/ContentColorKt,2,2,100.0
b8863ea6a81f5054,androidx/work/impl/model/WorkSpecDao_Impl$14,2,2,100.0
e08057c12ad74131,kotlin/Result$Companion,2,5,40.0
6a1c82fc66806bb2,androidx/compose/ui/input/rotary/RotaryInputModifierKt,2,4,50.0
95cae6ee8d285fdf,androidx/compose/ui/layout/BeyondBoundsLayoutKt,2,2,100.0
e448b94b4cbf3776,androidx/work/impl/WorkDatabase_AutoMigration_19_20_Impl,2,9,22.22
1a2c9516e7dc18cf,androidx/compose/animation/core/VectorConvertersKt$IntToVector$2,2,4,50.0
5e79fe44d9053a7f,okhttp3/TlsVersion$Companion,2,16,12.5
6c898df9a089ff12,androidx/collection/ScatterSet$SetWrapper,2,20,10.0
96bb7c4f0e8a9fe2,androidx/collection/LongSparseArrayKt,2,262,0.76
4b61a856d1cc610f,androidx/compose/ui/graphics/layer/GraphicsLayerV23$Companion,2,4,50.0
a428ae983e956d67,kotlin/jvm/internal/CallableReference,2,30,6.67
93a5c78dea0eb074,org/breezyweather/main/MainActivity$Companion,2,2,100.0
6221a9a00963ac42,androidx/compose/animation/core/AnimationVector3D,2,37,5.41
ad0a14b3d1e1f64c,androidx/compose/ui/draganddrop/DragAndDropNode$Companion,2,2,100.0
68f5d310b86f48b5,androidx/compose/foundation/layout/RowScopeInstance,2,21,9.52
f4151a2550e64c59,app/cash/sqldelight/QueryKt,2,8,25.0
5e5207160ca1fcc8,androidx/compose/ui/semantics/SemanticsPropertyKey$1,2,5,40.0
13c42703694cb923,androidx/compose/animation/ColorVectorConverterKt,2,2,100.0
1545d264e8341613,androidx/compose/ui/platform/AndroidComposeViewAccessibilityDelegateCompat$Companion,2,2,100.0
98c77d2ecac42f0c,org/breezyweather/common/ui/widgets/ComposableSingletons$Material3WidgetsKt$lambda-5$1,2,12,16.67
2f63a5005d76e3d7,androidx/work/Operation,2,2,100.0
6661585577520148,org/breezyweather/sources/gadgetbridge/GadgetbridgeService$Companion,2,3,66.67
bec1702e8b3747eb,androidx/core/graphics/ColorUtils,2,172,1.16
e1f2a0dcbb88531c,androidx/interpolator/view/animation/FastOutLinearInInterpolator,2,3,66.67
101878a8e5255ec3,androidx/compose/ui/node/OwnerSnapshotObserver$onCommitAffectingSemantics$1,2,7,28.57
fb5da123c3da440b,androidx/compose/ui/platform/AndroidCompositionLocals_androidKt$LocalImageVectorCache$1,2,4,50.0
95567bbe72f6cc33,androidx/compose/ui/platform/CompositionLocalsKt$LocalHapticFeedback$1,2,4,50.0
f4a3189d39baf195,breezyweather/data/AndroidDatabaseHandler$dispatch$1,2,2,100.0
065c20cb9c34c141,androidx/compose/material3/RippleNodeFactory$create$colorProducer$1,2,2,100.0
4e07ab4a063a36e2,androidx/compose/ui/semantics/EmptySemanticsModifier,2,3,66.67
c5bca26058e891ce,kotlin/sequences/SequencesKt__SequencesKt$generateSequence$2,2,2,100.0
6c89d88ce0b54455,androidx/compose/ui/text/input/TextFieldValue$Companion$Saver$1,2,6,33.33
9f42fa5933308c4d,androidx/compose/ui/unit/DensityImpl,2,18,11.11
27b37ff40ee31f16,androidx/appcompat/content/res/AppCompatResources,2,3,66.67
e58326c4895e0839,kotlinx/serialization/json/internal/DescriptorSchemaCache,2,20,10.0
638d608bbec53788,androidx/compose/ui/platform/CompositionLocalsKt$LocalGraphicsContext$1,2,4,50.0
eb389122846f4dbc,androidx/compose/material3/SurfaceKt$Surface$1$2,2,4,50.0
e847dd993ed5e9bb,androidx/compose/material3/InteractiveComponentSizeKt$LocalMinimumInteractiveComponentEnforcement$1,2,4,50.0
b1abdeaf95a6de80,androidx/compose/ui/node/ComposeUiNode$Companion$SetViewConfiguration$1,2,4,50.0
e0542d8566263e06,kotlinx/coroutines/Active,2,3,66.67
fbd0a29cc5c7f751,okhttp3/ResponseBody,2,65,3.08
4287b1c9c5ea8d49,androidx/lifecycle/viewmodel/CreationExtras$Empty,2,3,66.67
66f47bd43f522807,okhttp3/ResponseBody$Companion$asResponseBody$1,2,5,40.0
5608df3735cd85ec,androidx/compose/runtime/DisposableEffectScope,2,4,50.0
9e29abfd61ece475,androidx/compose/ui/text/SaversKt$TextGeometricTransformSaver$1,2,4,50.0
6a44c7803d9a9144,androidx/compose/ui/graphics/colorspace/Adaptation$Companion$Bradford$1,2,3,66.67
0771effaaf0b681d,androidx/compose/ui/focus/FocusOwnerImpl$clearFocus$clearedFocusSuccessfully$1,2,4,50.0
915323c4d1ef1d69,org/breezyweather/sources/ims/ImsService$Companion,2,2,100.0
b6edd2ac0233a2c5,androidx/compose/ui/semantics/SemanticsProperties$ContentDescription$1,2,9,22.22
6692cd3b6367989f,androidx/compose/runtime/saveable/SaverKt,2,3,66.67
8131efc59e2bd226,androidx/core/view/AccessibilityDelegateCompat$AccessibilityDelegateAdapter,2,25,8.0
354f742302199a0c,androidx/compose/ui/semantics/SemanticsPropertiesKt$ActionPropertyKey$1,2,13,15.38
f9e3a10c5eafa9bc,androidx/work/impl/Migration_3_4,2,6,33.33
8c6ff919f7736c16,androidx/compose/ui/platform/WindowRecomposer_androidKt$createLifecycleAwareWindowRecomposer$1,2,5,40.0
858ec93e177f9ee5,androidx/emoji2/text/EmojiCompat$CompatInternal19$1,2,3,66.67
32ac9415ae5b6a0c,androidx/compose/animation/core/VectorConvertersKt$IntOffsetToVector$2,2,8,25.0
113847c6d961eb45,androidx/work/impl/Migration_12_13,2,5,40.0
3ef3b5ac7d28c545,androidx/compose/ui/platform/CompositionLocalsKt$LocalWindowInfo$1,2,4,50.0
45c188dcb7f4068b,androidx/fragment/app/FragmentManager$5,2,2,100.0
2c7371fd2a41cf55,okhttp3/internal/platform/android/AndroidSocketAdapter$Companion$factory$1,2,6,33.33
faec7b5e3c59cc08,androidx/compose/ui/graphics/colorspace/Oklab$Companion,2,2,100.0
a2e97837bbf13247,androidx/compose/runtime/changelist/Operations$Companion,2,2,100.0
692af2c2998b8332,androidx/emoji2/text/EmojiCompat$InitCallback,2,3,66.67
172347e72298f698,org/chickenhook/restrictionbypass/RestrictionBypass,2,13,15.38
5baa694b69bf00ba,androidx/activity/result/contract/ActivityResultContracts$StartActivityForResult,2,6,33.33
9148b7b6cdba546b,app/cash/sqldelight/TransacterImpl,2,25,8.0
9eb17152f4924edd,org/breezyweather/main/adapters/LocationAdapterAnimWrapper$Companion,2,2,100.0
069397bac26d1832,androidx/compose/ui/text/input/TextFieldValue$Companion$Saver$2,2,21,9.52
8ea2930af5c6beab,androidx/compose/ui/platform/AndroidFontResourceLoader,2,8,25.0
6c221e921303fcb9,okhttp3/internal/tls/OkHostnameVerifier,2,105,1.9
37eddf0a24620698,androidx/collection/LongSetKt,2,25,8.0
d0d9dba030c3d37c,androidx/work/impl/constraints/controllers/NetworkMeteredController$Companion,2,2,100.0
0d734e99a4e8ee18,org/breezyweather/sources/eccc/EcccService$Companion,2,2,100.0
c191934aae80e418,com/google/android/material/shape/CornerTreatment,2,4,50.0
cf2f75239673f2d3,androidx/compose/ui/layout/AlignmentLineKt$LastBaseline$1,2,5,40.0
9df3d5b4b459d909,androidx/compose/ui/text/SaversKt$TextLinkStylesSaver$2,2,37,5.41
c4f4b20051aef667,androidx/appcompat/widget/AppCompatTextHelper$1,2,9,22.22
192359dfb82cca2b,androidx/compose/ui/text/platform/SynchronizedObject,2,2,100.0
59052a9d26591817,com/google/android/material/shape/AbsoluteCornerSize,2,10,20.0
6d597c372ca5c75d,androidx/room/InvalidationTracker$Companion,2,13,15.38
1e5e733eb02d2ac8,androidx/work/SystemClock,2,2,100.0
087e9842e02d00de,androidx/compose/ui/focus/FocusPropertiesNode,2,4,50.0
252444901fbf8b5f,breezyweather/data/location/LocationRepository$getAllLocations$1,2,2,100.0
debb75ff82bca683,androidx/compose/ui/platform/CompositionLocalsKt$LocalLayoutDirection$1,2,4,50.0
372e7ef32547981d,retrofit2/converter/kotlinx/serialization/Factory,2,8,25.0
98fd6940dbf51fbf,kotlinx/coroutines/flow/SafeFlow,2,3,66.67
842802addcc46137,okhttp3/internal/tls/CertificateChainCleaner,2,2,100.0
7373fd306de95e52,okhttp3/Authenticator$Companion,2,2,100.0
7c35993573ecf776,androidx/core/util/ObjectsCompat,2,13,15.38
ebe85c13f0ef53a6,androidx/compose/ui/node/DepthSortedSet$mapOfOriginalDepth$2,2,4,50.0
57fdf76417ba9737,androidx/compose/runtime/ParcelableSnapshotMutableFloatState$Companion,2,3,66.67
cd47ae721b2c2c79,androidx/compose/ui/text/SaversKt$AnnotationRangeSaver$2,2,76,2.63
11a006888e6c81b2,org/breezyweather/main/utils/StatementManager$Companion,2,2,100.0
da6369a229cc67e5,kotlin/ULong$Companion,2,2,100.0
1672a79dad3b347f,androidx/compose/ui/text/SaversKt$ColorSaver$1,2,8,25.0
acaae8331bca887a,org/breezyweather/sources/ipsb/IpSbLocationService$Companion,2,2,100.0
8c0bffc62ceaaa3e,androidx/savedstate/SavedStateRegistry$Companion,2,2,100.0
1f81bca0fd741d35,retrofit2/converter/kotlinx/serialization/KotlinSerializationConverterFactory,2,4,50.0
bd8e01b948ace83c,androidx/compose/runtime/ActualAndroid_androidKt$DefaultMonotonicFrameClock$2,2,7,28.57
eabc075779bec4cb,androidx/compose/ui/layout/AlignmentLineKt$FirstBaseline$1,2,5,40.0
7b480b22aab3e7a3,androidx/core/view/GravityCompat,2,5,40.0
e544afb34a788ff5,kotlin/coroutines/ContinuationKt,2,24,8.33
98a1b97ce73bcb6a,androidx/loader/app/LoaderManagerImpl$LoaderViewModel$1,2,2,100.0
ccbe7423b26c09c5,androidx/compose/ui/graphics/vector/PathNode$Close,2,2,100.0
24a6023de2a7ef86,androidx/compose/ui/draw/ClipKt,2,2,100.0
8b2cae653174e378,androidx/compose/ui/platform/ComposableSingletons$Wrapper_androidKt$lambda-1$1,2,12,16.67
900e03526d053e1b,androidx/compose/animation/core/SuspendAnimationKt$animate$4,2,2,100.0
df2bbb4f6f0edc34,androidx/compose/runtime/snapshots/SnapshotApplyResult$Success,2,4,50.0
f4baa2f2cae30f6d,androidx/activity/result/contract/ActivityResultContracts$RequestMultiplePermissions,2,44,4.55
5165f686140920de,org/breezyweather/sources/gadgetbridge/GadgetbridgeService,2,380,0.53
ad791a7dc471f954,androidx/compose/ui/text/SaversKt$OffsetSaver$2,2,14,14.29
e8d087ac5ce4e0dd,breezyweather/data/AlertsQueries,2,63,3.17
bd76519b22ee2749,androidx/compose/ui/text/SpanStyleKt$resolveSpanStyleDefaults$1,2,4,50.0
0977798c0b129518,androidx/compose/runtime/ComposerImpl$CompositionContextHolder,2,5,40.0
a101d3f9e11443d4,androidx/lifecycle/ViewModelProvider$NewInstanceFactory,2,11,18.18
e676bad092c6288c,org/breezyweather/theme/weatherView/materialWeatherView/MaterialWeatherView$RotateController,2,2,100.0
62919a289bbb0169,androidx/core/view/accessibility/AccessibilityNodeProviderCompat,2,11,18.18
f16903a5738b9ee6,androidx/compose/ui/platform/InvertMatrixKt,2,4,50.0
664d9bde848ea6de,androidx/compose/foundation/layout/Arrangement$SpaceBetween$1,2,9,22.22
6a96447ca0dfccff,org/breezyweather/common/ui/widgets/insets/ComposableSingletons$FitSystemBarComposeWrappersKt$lambda-2$1,2,12,16.67
224f078c91a0eb28,androidx/compose/ui/input/pointer/SuspendingPointerInputFilter_jvmKt,2,2,100.0
aac3198dcb9309cc,androidx/compose/ui/node/TreeSet,2,4,50.0
2321ccd76b0d443e,androidx/compose/ui/text/SaversKt$BaselineShiftSaver$2,2,4,50.0
c491c2edbf37d6a5,androidx/work/WorkManager,2,13,15.38
d7bb231f54d6fa1f,androidx/compose/foundation/layout/ColumnScopeInstance,2,20,10.0
fa2cfca8623bde0f,androidx/compose/ui/text/SaversKt$TextRangeSaver$1,2,4,50.0
8f79b91a331c351a,androidx/compose/ui/semantics/CoreSemanticsModifierNode,2,11,18.18
5e6eb23bf2afd785,androidx/compose/runtime/Applier,2,6,33.33
e7da997541c44452,androidx/compose/ui/hapticfeedback/PlatformHapticFeedback,2,9,22.22
c6b3bb096352bebd,kotlin/collections/AbstractMutableMap,2,8,25.0
ff2a02817b456f6f,androidx/compose/ui/platform/InspectableValueKt$NoInspectorInfo$1,2,4,50.0
df77ae1e931aa294,androidx/compose/runtime/SnapshotStateKt__SnapshotFlowKt$collectAsState$1$1$1,2,2,100.0
d2b3d321dd03e8d5,org/breezyweather/main/utils/MainThemeColorProviderKt,2,2,100.0
04640ef26d56e9b8,kotlinx/coroutines/flow/FlowKt__LimitKt,2,58,3.45
93c11553fc031500,androidx/work/impl/Migration_16_17,2,15,13.33
98a130acd346dc8f,androidx/compose/ui/node/NodeCoordinator$Companion$onCommitAffectingLayerParams$1,2,25,8.0
fa0f78effd0ec389,org/breezyweather/sources/openweather/OpenWeatherService$Companion,2,2,100.0
f793d58994234cd7,androidx/compose/runtime/RecomposeScopeImpl$Companion,2,35,5.71
3afb8844eb36d021,androidx/compose/ui/platform/DragAndDropModifierOnDragListener$rootDragAndDropNode$1,2,4,50.0
34a3f0a02d947c57,com/google/android/material/shape/ShapePath$PathOperation,2,2,100.0
510d4962b62ec435,androidx/compose/ui/platform/AndroidAccessibilityManager$Companion,2,2,100.0
90f1d775621c3f5c,androidx/lifecycle/ViewModelProvider$Factory$Companion,2,4,50.0
96636ca786f57842,kotlinx/coroutines/internal/Concurrent_commonKt,2,6,33.33
a6a84634f8f0e5cf,kotlin/coroutines/jvm/internal/CompletedContinuation,2,7,28.57
74062eabbd74df6a,androidx/compose/ui/Modifier$Element,2,14,14.29
11a30651f2bcf69f,androidx/compose/ui/MotionDurationScale,2,2,100.0
2d1303814fd9edab,androidx/fragment/app/FragmentManager$3,2,2,100.0
fdb7a7e2b37bdeac,org/breezyweather/common/ui/widgets/ComposableSingletons$Material3WidgetsKt$lambda-1$1,2,12,16.67
aec1160cacef188d,androidx/compose/ui/layout/PinnableContainerKt,2,2,100.0
55afa3fe505ecb59,okhttp3/CookieJar$Companion,2,2,100.0
3092dfda4fbaaa92,androidx/fragment/app/FragmentManagerViewModel$1,2,2,100.0
2a9aa0b60cc78553,androidx/compose/ui/text/SaversKt$LocaleListSaver$1,2,11,18.18
da032aa54dfaa039,androidx/compose/animation/core/VectorConvertersKt$SizeToVector$1,2,4,50.0
f199c89246a76ea5,androidx/compose/ui/platform/CompositionLocalsKt$LocalPointerIconService$1,2,4,50.0
65403db51b75caa8,androidx/compose/ui/semantics/SemanticsProperties$ContentDataType$1,2,4,50.0
912c7b118f6dc2ad,androidx/room/RoomTrackingLiveData$observer$1,2,4,50.0
88305ac2d0262e9d,androidx/compose/ui/platform/CompositionLocalsKt$LocalSoftwareKeyboardController$1,2,4,50.0
94d37aedefb29c36,androidx/compose/material3/ColorSchemeKt$LocalColorScheme$1,2,4,50.0
33c6a53d46989bbe,androidx/compose/ui/layout/LayoutNodeSubcompositionsState$PostLookaheadMeasureScopeImpl,2,25,8.0
16cbdc5f4c0b820a,androidx/sqlite/db/framework/FrameworkSQLiteOpenHelper$Companion,2,2,100.0
d579e5c5f7be7d4a,androidx/compose/material/icons/Icons$AutoMirrored$Filled,2,2,100.0
d1847c05e0be727f,androidx/work/impl/WorkMigration9To10,2,6,33.33
767625617972728a,okhttp3/Cache$Companion,2,63,3.17
d41802cb2d0314aa,androidx/compose/ui/platform/WindowRecomposerPolicy$createAndInstallWindowRecomposer$1,2,5,40.0
f708f3c9b2177d6f,androidx/work/impl/WorkDatabase,2,3,66.67
caafe47b0c5c483f,org/breezyweather/main/fragments/ManagementFragment$initView$5,2,10,20.0
63c60ea49c43863e,kotlinx/coroutines/sync/SemaphoreAndMutexImpl$addAcquireToQueue$createNewSegment$1,2,4,50.0
db9e466e73a4b5e0,androidx/compose/ui/graphics/Matrix$Companion,2,2,100.0
08190597d36ff252,androidx/compose/ui/text/SaversKt$ShadowSaver$1,2,7,28.57
b1c87decc41be8bb,androidx/work/impl/utils/futures/AbstractFuture$Listener,2,2,100.0
ec0070b3864a6a86,androidx/compose/ui/platform/InspectorValueInfo,2,8,25.0
b8d525ba2e3ec2c8,androidx/compose/ui/platform/CompositionLocalsKt$LocalTextToolbar$1,2,4,50.0
a82e740a74446f3b,androidx/compose/ui/semantics/SemanticsProperties$Text$1,2,9,22.22
ea5c7a72da260790,androidx/compose/foundation/layout/Arrangement$SpaceAround$1,2,9,22.22
d71d7eb83d22cf84,androidx/activity/ComponentActivity$ReportFullyDrawnExecutorImpl,2,34,5.88
a2e543dfc0b327a2,androidx/core/os/LocaleListCompat$Api21Impl,2,23,8.7
0df041273304a8b1,org/breezyweather/main/fragments/HomeFragment$OnScrollListener,2,72,2.78
2cfce9545dda3a01,androidx/compose/ui/layout/AlignmentLine$Companion,2,2,100.0
b1996b39935dcf9d,androidx/compose/material/ripple/UnprojectedRipple$Companion,2,2,100.0
07627472f0273592,org/breezyweather/sources/baiduip/BaiduIPLocationService$Companion,2,2,100.0
dfdbbd89ced81d94,androidx/compose/ui/text/SaversKt$SpanStyleSaver$1,2,18,11.11
3637d9ecb009ad91,androidx/compose/ui/node/OwnerSnapshotObserver$onCommitAffectingLayoutModifierInLookahead$1,2,7,28.57
fac616ea87663665,org/breezyweather/main/Hilt_MainActivity$1,2,2,100.0
324c61127bca60fc,org/breezyweather/sources/RefreshHelper$Companion,2,2,100.0
aa215b988e7de653,kotlin/jvm/internal/IntCompanionObject,2,4,50.0
9ce53fc21a89f37e,okhttp3/internal/platform/android/CloseGuard,2,15,13.33
86615bac67690492,kotlinx/coroutines/flow/StateFlowImpl$collect$1,2,2,100.0
4e3252b6ab6afbe4,androidx/activity/result/ActivityResultRegistry$CallbackAndContract,2,4,50.0
8ce3bde2eedf4bfb,androidx/compose/ui/semantics/SemanticsProperties$Role$1,2,4,50.0
c7b1af4fd42726aa,okhttp3/CookieJar,2,2,100.0
97de6f7d5571872b,kotlin/text/CharsKt__CharJVMKt,2,53,3.77
7df806ed34872c33,androidx/compose/ui/text/SaversKt$ColorSaver$2,2,6,33.33
137d61ad9213af65,androidx/compose/runtime/saveable/SaverKt$AutoSaver$2,2,3,66.67
6aaf843bb8327807,androidx/compose/ui/graphics/drawscope/Fill,2,2,100.0
f87b0e08a6a5ebf3,kotlin/comparisons/ComparisonsKt__ComparisonsKt,2,81,2.47
dc794f1e4ac5960e,androidx/compose/ui/text/SaversKt$UrlAnnotationSaver$2,2,7,28.57
dae5b0e513564ae1,breezyweather/data/WeatherCodeColumnAdapter,2,10,20.0
687cbfaefe3addfe,androidx/compose/ui/text/SaversKt$LinkSaver$1,2,6,33.33
d4a8ca3102002afb,androidx/compose/ui/platform/AndroidComposeView$resendMotionEventRunnable$1,2,20,10.0
c4e81a6c81fe5c55,androidx/compose/ui/graphics/vector/PathNode$RelativeVerticalTo,2,13,15.38
6c2eef11e817aae5,org/breezyweather/main/fragments/ComposableSingletons$ManagementFragmentKt$lambda-2$1,2,14,14.29
1bab49af1cc91775,kotlin/time/Duration$Companion,2,90,2.22
c04f0cea0a8860cb,androidx/work/impl/model/WorkSpec$Companion,2,26,7.69
5ffa3d1c9d829191,androidx/compose/animation/core/VectorConvertersKt$DpOffsetToVector$1,2,4,50.0
7b0a765f6a40caf8,androidx/compose/material3/ContentColorKt$LocalContentColor$1,2,4,50.0
057c530c78f3d66d,androidx/work/impl/constraints/controllers/StorageNotLowController,2,9,22.22
6575bd51f4107242,androidx/compose/ui/graphics/Brush$Companion,2,131,1.53
1d5d6a8cd180e1bf,androidx/compose/ui/node/OnPositionedDispatcher$Companion,2,2,100.0
dd2960a6a7dcdcc8,androidx/compose/ui/graphics/colorspace/Connector$Companion$identity$1,2,3,66.67
0514e67d3697b3eb,androidx/compose/ui/graphics/Outline,2,2,100.0
66cdc0550aa9fd65,kotlinx/coroutines/flow/FlowKt__ChannelsKt$emitAllImpl$1,2,2,100.0
cbaaec24c29bfc30,androidx/compose/ui/input/pointer/AndroidPointerIconType,2,11,18.18
90085e67fb0e8831,androidx/compose/ui/node/OwnerSnapshotObserver$onCommitAffectingLookaheadMeasure$1,2,7,28.57
0de21c0692703537,kotlinx/coroutines/scheduling/Task,2,2,100.0
f62fa551aae269dd,androidx/work/impl/constraints/trackers/StorageNotLowTracker,2,28,7.14
f096e861feea159a,androidx/compose/runtime/external/kotlinx/collections/immutable/internal/EndOfChain,2,2,100.0
94d574cdb2c6fcd3,androidx/compose/ui/graphics/vector/PathComponent$pathMeasure$2,2,4,50.0
162804d3c1a8046e,androidx/compose/ui/graphics/vector/PathNode$HorizontalTo,2,13,15.38
f01e4619527eccdd,androidx/work/impl/constraints/controllers/BatteryChargingController,2,9,22.22
ab6a89cad65fefdb,androidx/compose/runtime/saveable/SaveableStateRegistryKt$LocalSaveableStateRegistry$1,2,4,50.0
9a107d8cc604e610,org/breezyweather/common/basic/livedata/BusLiveData$Companion,2,2,100.0
409b7dec5b250609,androidx/recyclerview/widget/ViewBoundsCheck,2,31,6.45
df48c0bae1f1c087,androidx/compose/ui/text/input/TextInputServiceAndroid$onImeActionPerformed$1,2,4,50.0
9d74a01054a4a0f9,org/breezyweather/common/di/RxModule,2,3,66.67
9e3916a882f1bd42,androidx/compose/ui/platform/AndroidCompositionLocals_androidKt$LocalContext$1,2,4,50.0
f18f4aea8ff6764b,androidx/compose/ui/text/intl/Locale$Companion,2,3,66.67
f18810f3f2c191e0,androidx/compose/ui/text/font/AndroidFontResolveInterceptor_androidKt,2,2,100.0
2725ad2fe8be493d,androidx/work/impl/Migration_4_5,2,5,40.0
f4a9455a6627a78d,androidx/compose/material3/TypographyKt$LocalTypography$1,2,4,50.0
e0a6f9c715efde8c,androidx/compose/ui/graphics/colorspace/Lab$Companion,2,2,100.0
fc5eb6cfa11a989a,androidx/compose/ui/platform/CompositionLocalsKt$LocalUriHandler$1,2,4,50.0
2b09011c33631de0,breezyweather/data/weather/WeatherRepository,2,65,3.08
bc9d1e94823aaeee,androidx/work/impl/Migration_7_8,2,4,50.0
cee80e317ecc8d12,org/breezyweather/sources/geonames/GeoNamesService$Companion,2,2,100.0
e192076980b92636,androidx/activity/ComponentActivity$activityResultRegistry$1,2,39,5.13
84355da2a168ab12,androidx/compose/ui/text/input/TextFieldValue$Companion,2,3,66.67
6eabdcf98b49835f,androidx/compose/animation/core/AnimationResult,2,5,40.0
273ed5a632fdcc6f,okhttp3/internal/platform/android/AndroidLogHandler,2,6,33.33
47e24c10c98fdac8,androidx/lifecycle/viewmodel/internal/ViewModelProviders_jvmKt,2,2,100.0
d1664ef5c7e56a9f,androidx/compose/ui/platform/CompositionLocalsKt$LocalAutofill$1,2,4,50.0
428148562c570300,androidx/compose/ui/node/ComposeUiNode$Companion$SetDensity$1,2,4,50.0
0d840280df833a07,kotlin/collections/AbstractMap$Companion,2,16,12.5
fc495ee156cc1e2f,androidx/activity/ViewTreeOnBackPressedDispatcherOwner,2,6,33.33
c75224598fd95b96,androidx/emoji2/text/EmojiCompatInitializer$BackgroundDefaultConfig,2,2,100.0
514a41bcc37ad3ee,androidx/compose/ui/text/platform/DispatcherKt,2,2,100.0
32f1cd8c22ad679d,androidx/compose/runtime/SnapshotStateKt__SnapshotMutationPolicyKt,2,3,66.67
67165779920622f1,okhttp3/internal/connection/RealConnectionPool$Companion,2,4,50.0
f8f74e191559ca6b,androidx/work/Operation$State$IN_PROGRESS,2,3,66.67
fa7fe23ac707db08,androidx/compose/ui/focus/FocusPropertiesKt$sam$androidx_compose_ui_focus_FocusPropertiesScope$0,2,8,25.0
4309111bf9cde3b2,org/breezyweather/common/extensions/WorkManagerExtensionsKt,2,43,4.65
ec800f955d7bf53c,org/breezyweather/theme/weatherView/materialWeatherView/MaterialWeatherView$Companion,2,2,100.0
515c3b56ef0de241,androidx/compose/ui/node/OnPositionedDispatcher$Companion$DepthComparator,2,5,40.0
041525226c30c389,androidx/compose/animation/core/VectorConvertersKt$IntToVector$1,2,4,50.0
43f2a694be234bfa,androidx/compose/material/ripple/RippleThemeKt$LocalRippleTheme$1,2,4,50.0
7193efab63edb36a,org/breezyweather/main/fragments/ComposableSingletons$ManagementFragmentKt$lambda-1$1,2,14,14.29
79ad16c008d23437,androidx/compose/ui/graphics/vector/PathNode$RelativeHorizontalTo,2,13,15.38
fabca75731c56137,kotlin/collections/ArrayDeque$Companion,2,2,100.0
d00913d736b9663a,androidx/compose/ui/modifier/ProvidableModifierLocal,2,2,100.0
8ec0914ef49d610f,androidx/arch/core/executor/DefaultTaskExecutor$1,2,4,50.0
37f8e6c4d5aae768,kotlinx/coroutines/CoroutineExceptionHandler$Key,2,2,100.0
d18ebcf80160eca8,androidx/compose/ui/text/SaversKt$AnnotationRangeSaver$1,2,33,6.06
b3c5ea9304b84b72,androidx/fragment/app/Fragment$OnPreAttachedListener,2,2,100.0
d2af15cf968874d7,androidx/compose/ui/platform/ViewLayer$Companion$getMatrix$1,2,5,40.0
760764fb7d44e91d,androidx/work/impl/constraints/controllers/ConstraintController,2,11,18.18
89de333dff969789,androidx/compose/foundation/text/selection/TextSelectionColorsKt$LocalTextSelectionColors$1,2,4,50.0
0bad4693e34f52f8,androidx/compose/ui/text/SaversKt$TextGeometricTransformSaver$2,2,5,40.0
6076d8a3872fee92,breezyweather/data/WeathersQueries,2,151,1.32
4a90f87c30db372d,kotlinx/serialization/modules/SerializersModule,2,10,20.0
81be924f9ce5fa98,kotlinx/coroutines/flow/internal/NopCollector,2,3,66.67
63ac02ba52aec219,androidx/compose/animation/core/VectorConvertersKt$DpToVector$2,2,4,50.0
f17780ab236844ae,androidx/work/Operation$State$SUCCESS,2,3,66.67
3eeffd2b1f7ff844,androidx/compose/foundation/layout/WindowInsets$Companion,2,2,100.0
2433ebaf6f3067a2,androidx/compose/ui/node/OwnerSnapshotObserver$onCommitAffectingLayoutModifier$1,2,7,28.57
435ac659746adc7d,androidx/emoji2/text/DefaultEmojiCompatConfig,2,3,66.67
6a07791f83df940a,androidx/compose/ui/layout/ComposableSingletons$SubcomposeLayoutKt$lambda-1$1,2,12,16.67
a27588f0cc23fc86,org/breezyweather/sources/here/HereService$Companion,2,2,100.0
50f54455fbeb7983,org/breezyweather/sources/accu/AccuService$Companion,2,2,100.0
39a309c015ac95f0,androidx/compose/foundation/FocusedBoundsNode$TraverseKey,2,2,100.0
211766b8218f4e4b,androidx/compose/ui/focus/FocusPropertiesImpl$exit$1,2,4,50.0
3a6bf9f9371b4acc,kotlin/random/AbstractPlatformRandom,2,10,20.0
aa472effac846f62,okio/Segment$Companion,2,2,100.0
40fded7c1a80f115,org/breezyweather/sources/dmi/DmiService$Companion,2,2,100.0
77b89f974dcdeb62,androidx/compose/ui/text/SaversKt$ParagraphStyleSaver$1,2,8,25.0
9397b07d60ebcd12,org/breezyweather/sources/brightsky/BrightSkyService$Companion,2,2,100.0
1de161f93a9d815f,androidx/interpolator/view/animation/LinearOutSlowInInterpolator,2,3,66.67
8a1392a2da7492b7,kotlin/text/Regex$Companion,2,13,15.38
dbf147c051df9523,androidx/compose/ui/text/SaversKt$TextLinkStylesSaver$1,2,8,25.0
16b4820213d8e91d,androidx/compose/ui/node/BackwardsCompatNodeKt$updateModifierLocalConsumer$1,2,4,50.0
c51ba435e94d35cf,androidx/compose/ui/platform/CompositionLocalsKt$LocalInputModeManager$1,2,4,50.0
b90da7ff5e093b92,androidx/compose/ui/text/SaversKt$LocaleSaver$2,2,4,50.0
3d4c242a9acaf17b,androidx/work/impl/Migration_15_16,2,9,22.22
96e6cd72f48c1421,androidx/compose/foundation/IndicationKt,2,10,20.0
554478e9c307c2dc,kotlin/Unit,2,3,66.67
7248ed0fa4753520,androidx/compose/runtime/SlotWriter$Companion,2,121,1.65
e8721e25d71a5fae,androidx/compose/ui/text/SaversKt$ParagraphStyleSaver$2,2,26,7.69
280889c46a6b3167,androidx/compose/ui/graphics/colorspace/Adaptation$Companion$Ciecat02$1,2,3,66.67
3cb2b1ea45e0f5c9,androidx/compose/ui/ComposedModifier,2,2,100.0
25e096e8944913af,androidx/room/InvalidationTracker$ObservedTableTracker$Companion,2,2,100.0
134b6dc786183b1a,org/breezyweather/theme/resource/providers/ResourceProvider$Companion,2,4,50.0
5f1e44884250dda2,androidx/room/RoomDatabase$Companion,2,2,100.0
1f1b6f3183f5a634,androidx/compose/runtime/snapshots/ReaderKind$Companion,2,8,25.0
ce2d5902218681db,androidx/arch/core/internal/SafeIterableMap$DescendingIterator,2,3,66.67
048dadfa131151ee,okhttp3/RequestBody,2,18,11.11
b509f2fd77800f2e,breezyweather/data/Hourlys$Adapter,2,3,66.67
3d06de74eba31473,okhttp3/CertificatePinner$Companion,2,9,22.22
e9a3ccd3edc7d5ed,androidx/compose/animation/core/VectorConvertersKt$OffsetToVector$2,2,4,50.0
80ec2eff61be2f10,kotlin/collections/builders/SetBuilder$Companion,2,2,100.0
f9423c4345e4263d,kotlin/internal/PlatformImplementationsKt,2,13,15.38
9d21ce0b5d02a20b,kotlin/UNINITIALIZED_VALUE,2,2,100.0
7a3df5b07e27fffa,androidx/work/impl/utils/futures/AbstractFuture$AtomicHelper,2,2,100.0
42946487bd93f371,org/breezyweather/common/ui/widgets/InkPageIndicator$Companion,2,2,100.0
02ac237cdeecd4c8,kotlinx/coroutines/sync/SemaphoreAndMutexImpl$tryResumeNextFromQueue$createNewSegment$1,2,4,50.0
a0021914c79f10d5,androidx/concurrent/futures/AbstractResolvableFuture$Listener,2,2,100.0
d7df2557a99db082,androidx/work/impl/model/WorkProgressDao_Impl$3,2,2,100.0
11cbbd101becde53,androidx/compose/ui/semantics/SemanticsProperties$ContentType$1,2,4,50.0
cead0785142034c5,androidx/fragment/app/FragmentManager$4,2,2,100.0
2bf084f44aedbe6c,androidx/compose/runtime/MonotonicFrameClock$Key,2,2,100.0
60cf98722c6e293d,org/breezyweather/sources/cwa/CwaService$Companion,2,2,100.0
12f57391ec078f0d,androidx/compose/ui/text/input/CursorAnchorInfoController$textFieldToRootTransform$1,2,4,50.0
8e78f67f159a2b80,breezyweather/data/location/LocationMapper,2,4,50.0
ac4a55235c7d1ddf,androidx/compose/ui/text/SaversKt$AnnotatedStringSaver$2,2,39,5.13
2bdc7e719830226c,androidx/work/impl/constraints/controllers/BatteryNotLowController,2,9,22.22
07580701aa0c5220,androidx/compose/ui/layout/FixedScale,2,15,13.33
7839c8c3d7257205,androidx/compose/foundation/layout/Arrangement$Horizontal,2,4,50.0
2b57b9b01847ad53,androidx/work/impl/constraints/trackers/BatteryNotLowTracker,2,28,7.14
4cf53d3699a4475c,androidx/compose/foundation/IndicationKt$LocalIndication$1,2,4,50.0
941f66bd94f33267,breezyweather/data/MinutelysQueries,2,34,5.88
da14fa2b8acbeec7,androidx/compose/ui/platform/AndroidComposeView$focusOwner$6,2,3,66.67
9af45dc77bac96c0,androidx/compose/ui/modifier/BackwardsCompatLocalMap,2,16,12.5
d090b0a197b51169,kotlin/collections/builders/ListBuilderKt,2,41,4.88
44b2c2dc4849177e,androidx/compose/ui/text/SaversKt$OffsetSaver$1,2,7,28.57
9d54acc4324ca63a,androidx/compose/foundation/layout/Arrangement$spacedBy$1,2,4,50.0
d5b3c8f15eba0b43,androidx/compose/ui/platform/CompositionLocalsKt$LocalTextInputService$1,2,4,50.0
53b0d0aa5c44ebaa,kotlinx/coroutines/flow/internal/SendingCollector,2,3,66.67
c77ea5a6b57704e5,androidx/compose/ui/node/InnerNodeCoordinator$Companion,2,3,66.67
f6ee833bd3de2c98,okhttp3/Dns,2,2,100.0
6968dbe6fd983e38,kotlinx/coroutines/flow/SharedFlowImpl$collect$1,2,2,100.0
2b4cb786f9da0b7d,org/breezyweather/main/widgets/TextRelativeClock$mTicker$1,2,8,25.0
959d76edaa35c7d3,kotlin/internal/PlatformImplementations,2,17,11.76
19d12fb2c55526b6,androidx/compose/runtime/external/kotlinx/collections/immutable/ExtensionsKt,2,270,0.74
7d35bc8088d38eb7,androidx/compose/ui/text/SaversKt$AnnotatedStringSaver$1,2,8,25.0
eaf651b07a0af03c,androidx/compose/runtime/SnapshotMutableFloatStateImpl$FloatStateStateRecord,2,5,40.0
fc1089766fb17479,androidx/compose/ui/layout/NoOpSubcomposeSlotReusePolicy,2,4,50.0
00a5f6292c2b4d50,androidx/compose/ui/layout/HorizontalAlignmentLine,2,2,100.0
7b204e4edf530052,com/google/android/material/shape/ShapePath$LineShadowOperation,2,9,22.22
9d0186db33741239,org/breezyweather/sources/nws/NwsService$Companion,2,2,100.0
2e909588650b3b52,org/breezyweather/BreezyWeather$sam$androidx_lifecycle_Observer$0,2,8,25.0
435745cea711595a,androidx/compose/animation/core/VectorConvertersKt$RectToVector$1,2,4,50.0
4be5372a83d532e3,androidx/compose/ui/draganddrop/DragAndDropNode$Companion$DragAndDropTraversableKey,2,2,100.0
20ce5ba14603d09b,org/breezyweather/sources/pirateweather/PirateWeatherService$Companion,2,2,100.0
11b61902d653eed7,androidx/sqlite/db/SupportSQLiteOpenHelper$Callback$Companion,2,2,100.0
9a2e9acf33676f84,org/breezyweather/main/fragments/MainModuleFragment,2,6,33.33
09d9eed152e6cd96,kotlin/coroutines/ContinuationInterceptor$Key,2,2,100.0
4c5c2d6a0588d8d8,androidx/compose/foundation/shape/PercentCornerSize,2,18,11.11
0bbe27d1629cda97,androidx/compose/ui/text/SaversKt$BaselineShiftSaver$1,2,4,50.0
bf781a592800b696,androidx/compose/ui/text/SaversKt$LocaleListSaver$2,2,19,10.53
40ebec8bedc52ec2,androidx/compose/ui/text/PlatformParagraphStyle$Companion,2,3,66.67
d0aef54768b1d82b,kotlin/jvm/internal/FloatCompanionObject,2,14,14.29
9a2044c0e5edc925,kotlinx/coroutines/internal/LockFreeLinkedListHead,2,11,18.18
fce3cd254e4ac896,androidx/compose/ui/text/SaversKt$ShadowSaver$2,2,24,8.33
dbaccaf27905ef23,androidx/compose/ui/semantics/SemanticsProperties$IsDialog$1,2,5,40.0
bed146b4ab541f25,androidx/compose/foundation/layout/Arrangement$SpaceEvenly$1,2,9,22.22
c0876a0c140fc6f7,dagger/hilt/android/internal/lifecycle/RetainedLifecycleImpl,2,16,12.5
a3e2307d4c485819,retrofit2/converter/kotlinx/serialization/Serializer,2,4,50.0
819020028b56343e,androidx/compose/ui/node/ModifierNodeElement,2,11,18.18
fd9040aad75b6014,androidx/compose/ui/node/BackwardsCompatNodeKt$onDrawCacheReadsChanged$1,2,4,50.0
3274eb6fa689b08b,androidx/work/impl/constraints/trackers/NetworkStateTracker24$networkCallback$1,2,8,25.0
52f950cc5b247e26,okhttp3/internal/io/FileSystem$Companion,2,2,100.0
df48cf64a183a279,androidx/compose/ui/node/LayoutNode$Companion$ErrorMeasurePolicy$1,2,5,40.0
08ab2570f361a45c,org/breezyweather/sources/metno/MetNoService$Companion,2,2,100.0
e0a0f5d64bd525ee,androidx/compose/ui/platform/DisposableSaveableStateRegistry_androidKt$DisposableSaveableStateRegistry$saveableStateRegistry$1,2,4,50.0
fb4721def754efca,org/breezyweather/main/fragments/HomeFragment$sam$androidx_lifecycle_Observer$0,2,8,25.0
9085be850067b352,androidx/compose/ui/platform/AndroidUriHandler,2,6,33.33
8062604aa04a69e0,dagger/internal/DaggerCollections,2,14,14.29
e275066beedf1dc3,androidx/work/Configuration$Companion,2,2,100.0
07f0d7cd30d105fb,kotlinx/coroutines/flow/FlowKt__CollectKt,2,18,11.11
98e9c72c83c76273,androidx/compose/ui/graphics/layer/LayerSnapshotV22,2,41,4.88
61ee63e74d536f71,kotlinx/coroutines/internal/LimitedDispatcherKt,2,8,25.0
8ce941a6e54e2fa1,org/breezyweather/common/ui/widgets/insets/ComposableSingletons$FitSystemBarComposeWrappersKt$lambda-3$1,2,12,16.67
0822bc291a6a932a,androidx/profileinstaller/ProfileInstallerInitializer$Choreographer16Impl,2,3,66.67
eb9ae6f05c2c1105,kotlinx/coroutines/Unconfined,2,7,28.57
ba19cd91940d85b3,androidx/compose/ui/node/LayoutNode$NoIntrinsicsMeasurePolicy,2,14,14.29
5ae33af99ea4b2cc,androidx/compose/ui/graphics/RectangleShapeKt,2,3,66.67
3173ad2963ec43e6,androidx/compose/runtime/tooling/InspectionTablesKt,2,2,100.0
7dbf23a1bd9a749d,androidx/compose/ui/platform/AndroidCompositionLocals_androidKt$LocalConfiguration$1,2,4,50.0
1222f47d6f399a1c,androidx/compose/ui/text/SaversKt$VerbatimTtsAnnotationSaver$2,2,7,28.57
ba80113bb97d6646,androidx/compose/ui/text/font/DefaultFontFamily,2,3,66.67
e3eabf79b1576f2e,androidx/appcompat/widget/LinearLayoutCompat$LayoutParams,2,5,40.0
2e02939364126c40,androidx/lifecycle/ViewTreeViewModelStoreOwner,2,6,33.33
042251002379ab4a,androidx/lifecycle/ViewModelProvider$Companion,2,18,11.11
6513ffec5994fc5e,androidx/work/impl/Migration_11_12,2,4,50.0
4cb2e80f55905e3b,androidx/work/impl/constraints/controllers/NetworkUnmeteredController,2,18,11.11
803b544124324802,breezyweather/data/DatabaseHandler$DefaultImpls,2,24,8.33
727a44f95d3fda65,androidx/lifecycle/AndroidViewModel,2,3,66.67
d985acbea45e4cc5,androidx/appcompat/widget/AppCompatTextClassifierHelper,2,6,33.33
e1a5c2a10d2bd07b,okhttp3/RequestBody$Companion$toRequestBody$2,2,6,33.33
d9da335587854d26,androidx/core/os/LocaleListPlatformWrapper,2,11,18.18
8fb692d6323b343c,androidx/compose/foundation/FocusedBoundsObserverNode$TraverseKey,2,2,100.0
ad2ac0b2a977e1e2,androidx/compose/runtime/MonotonicFrameClock,2,4,50.0
ea5527455967a375,androidx/compose/ui/platform/CompositionLocalsKt$LocalClipboardManager$1,2,4,50.0
d539d355610f76e4,androidx/concurrent/futures/AbstractResolvableFuture$AtomicHelper,2,2,100.0
79ac0ab3eb7fba01,androidx/work/impl/WorkLauncherImpl,2,10,20.0
7795a986f6e3e902,androidx/loader/app/LoaderManager,2,4,50.0
eb591e0024f94801,androidx/compose/ui/text/ParagraphKt,2,56,3.57
0f6aba949e5a413d,androidx/compose/ui/graphics/drawscope/DrawStyle,2,2,100.0
4fdfb490041d220c,androidx/compose/ui/node/BackwardsCompatNodeKt$DetachedModifierLocalReadScope$1,2,2,100.0
9ba5a4ea12e3ac30,retrofit2/adapter/rxjava3/RxJava3CallAdapterFactory,2,33,6.06
f983f847605c6ea9,org/breezyweather/theme/weatherView/materialWeatherView/MaterialWeatherView$WeatherAnimationImplementor,2,2,100.0
bc2f094ded476d95,io/requery/android/database/sqlite/SQLiteConnection$Operation,2,37,5.41
5462c36c95dfa164,androidx/compose/foundation/interaction/FocusInteraction$Focus,2,2,100.0
4b604feb72c83827,androidx/compose/runtime/PausableMonotonicFrameClock$withFrameNanos$1,2,2,100.0
63da2240852d9238,breezyweather/data/TransactionElement$Key,2,2,100.0
d057eabb3b9bf788,androidx/compose/runtime/ParcelableSnapshotMutableState$Companion,2,3,66.67
c2810366ec2dda6f,androidx/work/impl/constraints/controllers/NetworkConnectedController,2,16,12.5
90b61b9de04ef205,androidx/compose/animation/core/VectorConvertersKt$IntOffsetToVector$1,2,4,50.0
6e8dd9f078c53e54,kotlinx/coroutines/flow/internal/NoOpContinuation,2,4,50.0
1e2b637a72480131,org/breezyweather/sources/recosante/RecosanteService$Companion,2,2,100.0
5e296eabf38c16fb,androidx/compose/runtime/CompositionContextKt,2,2,100.0
097454768e7094ed,androidx/compose/ui/text/SaversKt$TextUnitSaver$1,2,7,28.57
bddffb9896b91880,androidx/compose/foundation/layout/RowColumnMeasurePolicy,2,4,50.0
93222b5965d34a78,org/breezyweather/common/ui/widgets/SwipeSwitchLayout$Companion,2,2,100.0
862572f750999b46,androidx/compose/ui/graphics/RectHelper_androidKt,2,17,11.76
8fc0cfb5113e6ea0,org/breezyweather/sources/meteoam/MeteoAmService$Companion,2,2,100.0
7b23b3e2488c4052,org/breezyweather/theme/resource/providers/ResourceProvider,2,9,22.22
b419f413c1ba4424,androidx/compose/ui/platform/AndroidCompositionLocals_androidKt$obtainImageVectorCache$callbacks$1$1,2,7,28.57
883a958e4ee4245b,androidx/compose/ui/text/input/TextInputServiceAndroid$onEditCommand$1,2,4,50.0
01d05dc5df78a76f,org/breezyweather/DaggerBreezyWeather_HiltComponents_SingletonC$ViewModelCImpl$SwitchingProvider,2,5,40.0
4fcf1b527a729dfe,androidx/compose/ui/graphics/vector/VectorComponent$invalidateCallback$1,2,4,50.0
17c513ae4c05d0f6,org/breezyweather/common/ui/widgets/ComposableSingletons$Material3WidgetsKt$lambda-4$1,2,12,16.67
1a613915bab19093,androidx/tracing/TraceApi18Impl,2,3,66.67
0d24c73b69bd1713,androidx/compose/ui/text/font/PlatformTypefaces_androidKt,2,29,6.9
57efa8733acb1b58,androidx/compose/ui/text/SaversKt$SpanStyleSaver$2,2,86,2.33
651420a85e949fe4,kotlin/enums/EnumEntriesKt,2,6,33.33
506cce7a5449cc33,androidx/work/impl/Migration_1_2,2,7,28.57
ad5566ab623a1a0a,androidx/compose/ui/node/LookaheadCapablePlaceable$Companion$onCommitAffectingRuler$1,2,7,28.57
c1bd09968d243fcb,androidx/work/impl/constraints/controllers/NetworkNotRoamingController$Companion,2,2,100.0
c2d497641ee00beb,androidx/compose/runtime/ProduceStateScopeImpl,2,27,7.41
97d50538833bb080,androidx/compose/ui/platform/AndroidCompositionLocals_androidKt$LocalSavedStateRegistryOwner$1,2,4,50.0
e6f04933ea9c68b6,androidx/compose/material3/internal/DefaultPlatformTextStyle_androidKt,2,3,66.67
76aaa74e6c47a2e2,androidx/compose/ui/text/SaversKt$TextIndentSaver$2,2,21,9.52
8da102dc21f0880e,androidx/compose/ui/text/font/FontMatcher,2,264,0.76
b024c1e3f7cbe966,androidx/compose/ui/node/PlaceableResult,2,19,10.53
557ec07df8ecbcda,androidx/compose/foundation/relocation/BringIntoViewResponderNode$TraverseKey,2,2,100.0
916d1a6f7e3b75c1,androidx/compose/runtime/ComposableSingletons$CompositionKt$lambda-2$1,2,12,16.67
d6239ca2a05bf5f9,kotlin/coroutines/jvm/internal/Boxing,2,8,25.0
ffa26e966453a357,org/breezyweather/common/ui/widgets/insets/ComposableSingletons$FitSystemBarComposeWrappersKt$lambda-4$1,2,15,13.33
e6b116b375e23b08,org/breezyweather/sources/android/AndroidLocationService$Companion,2,15,13.33
6ffd7166bc5ce4ad,okhttp3/internal/io/FileSystem,2,2,100.0
32a58203de560b93,androidx/work/impl/utils/futures/AbstractFuture$Waiter,2,9,22.22
3c9ffe1f33792021,kotlin/collections/MapsKt__MapsJVMKt,2,46,4.35
bf79c096efe7e65d,androidx/compose/ui/platform/AndroidComposeView$rotaryInputModifier$1,2,4,50.0
d4c1e6c5fcb4a685,kotlinx/coroutines/InvokeOnCompletion,2,3,66.67
a2971f9f6cbdca4a,androidx/compose/ui/platform/CompositionLocalsKt$LocalAccessibilityManager$1,2,4,50.0
168ccb96e99504a0,androidx/compose/material3/MaterialThemeKt$LocalUsingExpressiveTheme$1,2,4,50.0
186a3864e4d0f3cc,okhttp3/Dns$Companion,2,2,100.0
9ebd016226e5395c,androidx/compose/runtime/internal/ThreadMap,2,38,5.26
c1e16259cc0ef977,androidx/compose/ui/graphics/AndroidGraphicsContext$Companion,2,4,50.0
e8343df5bbfcce81,androidx/compose/animation/core/VectorConvertersKt$OffsetToVector$1,2,4,50.0
223ab746b4c49c03,breezyweather/data/Dailys$Adapter,2,4,50.0
86dba215f4141cfe,androidx/compose/ui/text/SaversKt$TextIndentSaver$1,2,6,33.33
3a96b4eb76b4a9d0,androidx/interpolator/view/animation/FastOutSlowInInterpolator,2,3,66.67
1127674c6f0c044c,org/breezyweather/common/ui/widgets/slidingItem/SlidingItemTouchCallback,2,19,10.53
8121b9425f8eb8e9,androidx/compose/material3/CompatRippleTheme,2,16,12.5
9293db265cf95c91,org/breezyweather/main/adapters/main/MainAdapter$Companion,2,12,16.67
a4e3ba791d98c8c9,androidx/work/impl/Migration_6_7,2,4,50.0
a42d6b4d70d03103,org/breezyweather/sources/smhi/SmhiService$Companion,2,2,100.0
b5b3230b46a56dc9,org/breezyweather/main/MainActivityViewModel$initLocations$1,2,2,100.0
2082e774e598ef95,androidx/lifecycle/ViewModelProvider$NewInstanceFactory$Companion,2,7,28.57
adb6316c50c73007,androidx/compose/ui/focus/FocusOwner,2,4,50.0
58ae85954d293b87,kotlin/Result$Failure,2,9,22.22
aff9088dd16a2f8e,androidx/compose/ui/platform/CompositionLocalsKt$LocalFontFamilyResolver$1,2,4,50.0
78d150e67f396d4e,androidx/compose/ui/text/SaversKt$TextDecorationSaver$1,2,4,50.0
852be7e2e20a8b82,androidx/compose/ui/text/SaversKt$UrlAnnotationSaver$1,2,4,50.0
3671bda4c2c6a228,androidx/compose/runtime/snapshots/ReaderKind,2,25,8.0
01f6507f2b63d383,androidx/compose/material/icons/Icons$Outlined,2,2,100.0
c3dbed348f527f4a,androidx/compose/runtime/saveable/SaverKt$AutoSaver$1,2,4,50.0
ca0be1928140caab,androidx/work/impl/constraints/trackers/BroadcastReceiverConstraintTracker$broadcastReceiver$1,2,4,50.0
6aa4ced2b0c58e56,androidx/compose/animation/core/VectorConvertersKt$IntSizeToVector$1,2,4,50.0
b6713201f5b41370,kotlinx/serialization/modules/SerialModuleImpl,2,75,2.67
24ddc07c93b07285,androidx/compose/ui/text/platform/EmojiCompatStatus_androidKt,2,2,100.0
0a8cd20c892df41e,retrofit2/converter/kotlinx/serialization/Serializer$FromString,2,10,20.0
707fba6169d37aa0,kotlinx/coroutines/Job$Key,2,2,100.0
ee5b9fc3dde468f4,androidx/compose/ui/platform/AndroidCompositionLocals_androidKt$LocalResourceIdCache$1,2,4,50.0
976613c77988695f,androidx/compose/ui/platform/AndroidCompositionLocals_androidKt$LocalView$1,2,4,50.0
a81ccb5022e02a19,org/breezyweather/theme/weatherView/materialWeatherView/DelayRotateController$Companion,2,2,100.0
6724d842a183046e,androidx/compose/ui/node/OwnerSnapshotObserver$onCommitAffectingLayout$1,2,7,28.57
520560750efc494c,androidx/compose/runtime/PrimitiveSnapshotStateKt,1,3,33.33
e95af69030ace511,kotlin/internal/jdk7/JDK7PlatformImplementations,1,16,6.25
ab7fc727597d202a,androidx/compose/foundation/layout/Arrangement$Top$1,1,3,33.33
e80053ecf9e055b0,androidx/compose/foundation/layout/Arrangement$Bottom$1,1,3,33.33
c4a70bae3c02345d,org/breezyweather/search/SearchViewModel_HiltModules$KeyModule,1,2,50.0
46926a5a1ac9b5e7,androidx/recyclerview/widget/RecyclerView$StretchEdgeEffectFactory,1,2,50.0
54d4b169aa10de6f,kotlinx/coroutines/flow/SharingStarted,1,1,100.0
8b4e3be4c7fd6836,androidx/appcompat/app/AppCompatDelegateImpl$PanelFeatureState,1,52,1.92
d7a02be151d66a85,androidx/compose/ui/platform/AndroidTextToolbar$textActionModeCallback$1,1,3,33.33
c163d21e6ab124e0,io/requery/android/database/sqlite/SQLiteSession$Transaction,1,1,100.0
2f52c4013f0cb79f,androidx/coordinatorlayout/R$styleable,1,2,50.0
eef99d17ef18dfe2,org/breezyweather/settings/activities/WorkerInfoViewModel_HiltModules$KeyModule,1,2,50.0
dd88ed6889d3dfcf,androidx/lifecycle/ViewModelProvider$AndroidViewModelFactory$Companion$APPLICATION_KEY$1,1,1,100.0
15d86f825e752078,androidx/work/impl/AutoMigration_19_20,1,3,33.33
a8f5e83cfcbfee0d,androidx/profileinstaller/ProfileInstallerInitializer$Result,1,1,100.0
44c4f7b3df4cddd5,androidx/compose/foundation/layout/PaddingKt$padding$4,1,4,25.0
9898a7371ee3093d,io/requery/android/database/sqlite/CloseGuard$DefaultReporter,1,2,50.0
e915d5badca206a8,androidx/compose/ui/platform/AndroidComposeViewAccessibilityDelegateCompat$onSendAccessibilityEvent$1,1,3,33.33
7a15cc1c03e5b6fb,androidx/compose/ui/node/LayoutNode$Companion$DummyViewConfiguration$1,1,6,16.67
594bc3c520ec7b8b,androidx/fragment/app/FragmentManagerImpl,1,1,100.0
2d1c6b6f76fc9f08,androidx/hilt/work/HiltWorkerFactory,1,4,25.0
f9e435fb6edfae47,androidx/room/RoomOpenHelper$Delegate,1,8,12.5
b73a71c1820a23fa,androidx/compose/runtime/snapshots/SnapshotKt$mergedReadObserver$1,1,4,25.0
618b4ccc3885a494,androidx/emoji2/viewsintegration/EmojiTextViewHelper$HelperInternal,1,7,14.29
0b1bcc8ff35b1676,androidx/fragment/app/Fragment$1,1,2,50.0
597cff7133a6c092,okhttp3/internal/io/FileSystem$Companion$SystemFileSystem,1,44,2.27
73fc166e1cdf59a1,kotlin/TuplesKt,1,5,20.0
16158f3ec71e743a,androidx/recyclerview/widget/RecyclerView$3,1,2,50.0
27d004bec81ac3f0,org/breezyweather/background/forecast/TomorrowForecastNotificationJob,1,50,2.0
e1d7468a12d6ada1,androidx/compose/ui/platform/ComposeView$Content$1,1,3,33.33
a940726f4f5c4503,androidx/appcompat/widget/ActionMenuView$ActionMenuPresenterCallback,1,3,33.33
e2bad64b25a3452e,kotlin/jvm/internal/InlineMarker,1,7,14.29
596abb2ce8ea7457,androidx/compose/ui/Actual_jvmKt,1,19,5.26
d501848fc0385a07,kotlin/coroutines/ContinuationInterceptor,1,1,100.0
f03deb95a7c3fba2,dagger/hilt/android/internal/Contexts,1,7,14.29
d5f7fe4adb2c6b74,androidx/compose/ui/platform/AndroidComposeView$dragAndDropModifierOnDragListener$1,1,3,33.33
79519eb298ab3aed,androidx/work/impl/model/WorkSpecDao_Impl$17,1,2,50.0
afbdaa847c3675ae,androidx/core/text/util/LocalePreferences$Api24Impl,1,3,33.33
9911c0ff0a00a176,androidx/compose/ui/text/input/InputMethodManagerImpl$imm$2,1,3,33.33
29150c1ff31d0b34,org/breezyweather/BuildConfig,1,2,50.0
3dd0ff49cd03ea18,androidx/recyclerview/widget/LinearLayoutManager$LayoutChunkResult,1,2,50.0
5e225ea20d2480ca,dagger/hilt/android/internal/lifecycle/HiltViewModelFactory$1,1,1,100.0
1c088d680de3f513,androidx/work/impl/model/WorkSpecDao_Impl$2,1,75,1.33
47375b6086a02d9d,androidx/fragment/app/FragmentManager$8,1,10,10.0
dfaba24651ba838c,androidx/compose/ui/text/AndroidTextStyle_androidKt,1,11,9.09
591e63e1a4846d7f,androidx/compose/foundation/relocation/BringIntoViewRequesterKt,1,4,25.0
c6acd62510434d65,kotlinx/coroutines/flow/StartedLazily,1,3,33.33
e4745fc92bad0876,androidx/fragment/app/DefaultSpecialEffectsController$5,1,8,12.5
b12192e4d623da03,androidx/compose/ui/node/ParentDataModifierNodeKt,1,1,100.0
a5898d5f88ce554c,androidx/recyclerview/widget/GapWorker$1,1,15,6.67
5e81b9caa025a176,androidx/compose/ui/layout/ContentScale$Companion$FillBounds$1,1,4,25.0
ef3d30faf8d2b429,androidx/work/impl/model/WorkSpecDao_Impl$7,1,2,50.0
7b8428661c868cb5,androidx/recyclerview/widget/ItemTouchHelper$Callback$1,1,2,50.0
044936e287bfc2c5,org/breezyweather/common/di/RetrofitModule_ProvideRxJava3CallAdapterFactoryFactory,1,5,20.0
d32b813180ce122c,androidx/compose/foundation/relocation/BringIntoViewResponderNode,1,22,4.55
b220a11291c879e3,kotlinx/serialization/json/internal/CreateMapForCacheKt,1,1,100.0
ddb6e09fd29129d4,androidx/compose/runtime/changelist/Operation$IntParameter,1,16,6.25
d45c9995182aefad,androidx/compose/ui/platform/AndroidComposeViewAccessibilityDelegateCompat$ComposeAccessibilityNodeProvider,1,15,6.67
ca0854f62e760250,androidx/compose/runtime/LeftCompositionCancellationException,1,1,100.0
95dc30aa89be7125,org/breezyweather/common/di/RetrofitModule_ProvideHttpLoggingInterceptorFactory,1,5,20.0
bbb244717ca6a8f0,dagger/hilt/android/internal/modules/ApplicationContextModule_ProvideApplicationFactory,1,5,20.0
4855691fe7215121,androidx/recyclerview/widget/RecyclerView$2,1,5,20.0
32ad858a8381ce9b,kotlinx/coroutines/internal/Symbol,1,5,20.0
04dee1545b21422f,androidx/lifecycle/SavedStateHandleSupport$SAVED_STATE_REGISTRY_OWNER_KEY$1,1,1,100.0
297e54814c3c2f18,androidx/fragment/app/FragmentManager$FragmentIntentSenderContract,1,22,4.55
b98659df1acfd7e3,androidx/compose/ui/layout/SubcomposeLayoutKt$ReusedSlotId$1,1,2,50.0
babc9f69d89fe569,androidx/lifecycle/SavedStateHandleSupport$VIEW_MODEL_STORE_OWNER_KEY$1,1,1,100.0
58f17e931b1c63c4,kotlin/sequences/SequencesKt__SequencesKt$generateSequence$1,1,3,33.33
ac4c14ad8ee0409a,androidx/compose/foundation/layout/WrapContentElement$Companion$size$1,1,3,33.33
57ef8fb675447796,androidx/arch/core/executor/TaskExecutor,1,5,20.0
654f93c1b5afd820,androidx/hilt/work/WorkerFactoryModule,1,2,50.0
24dbc20badd5860f,androidx/compose/ui/input/pointer/PointerEvent_androidKt,1,61,1.64
11cb5c28949515dd,androidx/compose/material3/IconKt$Icon$semantics$1$1,1,4,25.0
4252e954ffa0d348,androidx/compose/foundation/BorderStrokeKt,1,1,100.0
22d978bab982563e,okhttp3/logging/HttpLoggingInterceptor$Logger$Companion$DefaultLogger,1,3,33.33
1228f4cd9b0f63aa,androidx/compose/ui/geometry/MutableRectKt,1,1,100.0
4bda528f7cbe274c,org/breezyweather/background/forecast/TodayForecastNotificationJob,1,50,2.0
b4fefc2af1c971bc,org/breezyweather/common/di/RetrofitModule_ProvideRetrofitBuilderFactory,1,5,20.0
fece704e0b2f7e78,androidx/fragment/app/FragmentAnim$AnimationOrAnimator,1,6,16.67
6b3683392c4aa068,androidx/compose/ui/node/NodeCoordinator$Companion$SemanticsSource$1,1,12,8.33
67e14cf19975ed69,kotlinx/coroutines/flow/internal/AbstractSharedFlowSlot,1,1,100.0
162579773ad40088,androidx/compose/ui/text/platform/Synchronization_jvmKt,1,5,20.0
bba1a72dd6ff799e,androidx/appcompat/app/AppCompatDelegateImpl$Api24Impl,1,10,10.0
091acf7d8a2fda0f,androidx/compose/foundation/interaction/InteractionSourceKt,1,1,100.0
a8e5ef8d1bbac439,androidx/recyclerview/widget/RecyclerView$ItemAnimatorRestoreListener,1,12,8.33
543b66f64adb8c68,androidx/emoji2/text/EmojiCompat$CompatInternal,1,10,10.0
d3ac1d0ab02f1279,androidx/compose/ui/graphics/colorspace/Rgb$oetf$1,1,3,33.33
c72b07e720fd4eaa,androidx/lifecycle/LifecycleRegistry_androidKt,1,1,100.0
064ee9fb7fddece7,androidx/swiperefreshlayout/widget/CircularProgressDrawable$2,1,13,7.69
8ef4c5f824be9764,androidx/appcompat/view/menu/ActionMenuItemView$PopupCallback,1,1,100.0
b6053253ce4da79c,kotlinx/coroutines/Job,1,1,100.0
fe27cdc01afc5f21,kotlin/jvm/internal/MutablePropertyReference1Impl,1,8,12.5
96d8e24ad13a8d3e,androidx/compose/ui/platform/CompositionLocalsKt$ProvideCommonCompositionLocals$1,1,3,33.33
c8ce752085fd886e,kotlinx/coroutines/flow/FlowKt__ReduceKt$first$$inlined$collectWhile$2$1,1,2,50.0
7b3ce63cb99df54a,org/breezyweather/BreezyWeather_HiltComponents$ActivityRetainedC,1,1,100.0
7b948873ff43a424,androidx/work/impl/model/SystemIdInfoDao_Impl$1,1,8,12.5
0510906b36232f44,androidx/core/content/ContextCompat$Api21Impl,1,4,25.0
70c4a380524140b9,app/cash/sqldelight/db/QueryResult,1,1,100.0
771a6f759f88ebc7,androidx/compose/ui/platform/AndroidCompositionLocals_androidKt$ProvideAndroidCompositionLocals$4,1,3,33.33
481937eb4afd7905,kotlinx/coroutines/scheduling/GlobalQueue,1,1,100.0
ede6d394c45e03dc,androidx/work/impl/model/RawWorkInfoDao_Impl$1,1,118,0.85
20045794ab35798d,androidx/recyclerview/widget/OpReorderer,1,94,1.06
30d1757f3fca15db,androidx/appcompat/widget/Toolbar$2,1,2,50.0
6e2c89b17724a5b0,androidx/work/impl/model/SystemIdInfoDao_Impl$2,1,2,50.0
5168ee3804493a01,com/google/android/material/shape/ShapeAppearancePathProvider$Lazy,1,2,50.0
4d9519a757f46ce2,androidx/compose/runtime/Recomposer$effectJob$1$1,1,21,4.76
0b8299794215289d,com/google/android/material/shape/ShapeAppearancePathProvider$ShapeAppearancePathSpec,1,1,100.0
b11d12d8a7ad597c,androidx/compose/ui/graphics/CanvasKt,1,38,2.63
28dfd47cdbe756d8,androidx/core/view/SoftwareKeyboardControllerCompat$Impl20,1,24,4.17
6a1a7ae847278101,androidx/recyclerview/widget/ItemTouchHelper$ItemTouchHelperGestureListener,1,18,5.56
4d69d4bf570e2d5e,androidx/lifecycle/SavedStateHandleSupport$DEFAULT_ARGS_KEY$1,1,1,100.0
1731349fda574250,androidx/work/impl/model/SystemIdInfoDao_Impl$3,1,2,50.0
64cb75f912656522,androidx/compose/foundation/layout/PaddingKt$padding$1,1,7,14.29
d285989ec98fe3df,androidx/compose/runtime/Recomposer$RecomposerInfoImpl,1,51,1.96
d9db935c22c3f884,androidx/compose/foundation/shape/CornerSizeKt$ZeroCornerSize$1,1,5,20.0
5e58b7cbc1aa5c69,org/breezyweather/DaggerBreezyWeather_HiltComponents_SingletonC$ActivityCImpl$LazyClassKeyProvider,1,2,50.0
ad176c0d8cbe4cc2,androidx/compose/runtime/ParcelableSnapshotMutableIntState$Companion$CREATOR$1,1,7,14.29
ca946529c78715d1,androidx/compose/ui/text/platform/ImmutableBool,1,3,33.33
e032ff3135c851e7,kotlinx/coroutines/internal/ListClosed,1,1,100.0
57952328b803fd76,org/breezyweather/R$styleable,1,2,50.0
b57523feb6326816,retrofit2/Converter$Factory,1,6,16.67
8649ecac4944c30d,androidx/compose/foundation/layout/WindowInsets,1,1,100.0
df06244bd140d2b1,androidx/fragment/app/FragmentManager$7,1,2,50.0
462d437ad30113a0,androidx/compose/ui/text/font/AsyncTypefaceCache$AsyncTypefaceResult,1,19,5.26
664593cfe1d8e6bb,kotlinx/coroutines/CoroutineExceptionHandler,1,1,100.0
af2f436038d6f952,androidx/recyclerview/widget/RecyclerView$OnScrollListener,1,3,33.33
8f799b09e794db9d,androidx/work/Operation$State,1,1,100.0
7ab3a51f996eb8bb,androidx/compose/ui/platform/AndroidComposeViewAccessibilityDelegateCompat$scheduleScrollEventIfNeededLambda$1,1,3,33.33
e57ca711211e9a55,androidx/work/impl/WorkDatabase_AutoMigration_13_14_Impl,1,7,14.29
8d08df8f3e857f21,androidx/compose/foundation/layout/WrapContentElement$Companion$width$1,1,3,33.33
30a213faeb385591,okhttp3/CipherSuite$Companion$ORDER_BY_NAME$1,1,16,6.25
3146f19bc4b4e2d7,kotlinx/coroutines/flow/internal/ChannelFlowTransformLatest$flowCollect$3$1$emit$1,1,2,50.0
4f2b9c213713db20,org/breezyweather/BreezyWeather_HiltComponents$ActivityC,1,1,100.0
cf9c37d264c8aabc,androidx/fragment/app/FragmentManager$9,1,10,10.0
d15a9b8743164786,androidx/recyclerview/widget/RecyclerView$ItemDecoration,1,7,14.29
1fec4636bf5b4a0e,org/breezyweather/DaggerBreezyWeather_HiltComponents_SingletonC$ViewModelCImpl$LazyClassKeyProvider,1,2,50.0
60f31dcb7c446d80,kotlin/jvm/internal/MutablePropertyReference0Impl,1,8,12.5
cfbdabdd896e7086,androidx/compose/foundation/layout/PaddingKt$padding$2,1,5,20.0
acb09b311b79ba18,org/breezyweather/main/MainActivity_MembersInjector,1,5,20.0
a035dc4dcb500be1,androidx/fragment/app/FragmentManager$10,1,16,6.25
f9e527810610f416,androidx/compose/material3/IconKt$Icon$3,1,3,33.33
eec69a5aa6e3612e,androidx/appcompat/app/AppCompatActivity$1,1,3,33.33
f13bfde81fd6f519,androidx/core/view/NestedScrollingParentHelper,1,10,10.0
4f866dfbc772e55b,androidx/lifecycle/viewmodel/internal/SynchronizedObject,1,1,100.0
dc092feb4a4fc76f,org/breezyweather/common/di/DbModule_ProvideSqlDriverFactory,1,5,20.0
c3e58f84a5345bc6,androidx/swiperefreshlayout/widget/CircularProgressDrawable$1,1,5,20.0
13e43b7f8231c77c,androidx/recyclerview/widget/OrientationHelper$2,1,25,4.0
e2e717634fa9d960,androidx/compose/ui/platform/WindowRecomposerFactory,1,1,100.0
aed5f22182c00e64,androidx/compose/animation/core/SuspendAnimationKt$animate$6$1,1,3,33.33
2635a4c25b67177a,androidx/appcompat/widget/AppCompatTextViewAutoSizeHelper$Impl,1,3,33.33
687dbd28e8f5164c,androidx/work/impl/WorkDatabaseKt,1,1,100.0
7e25b0722d52fccb,com/google/android/material/shape/ShapePath$1,1,5,20.0
31f703a786e973df,androidx/compose/ui/text/font/PlatformResolveInterceptor$Companion$Default$1,1,1,100.0
b2521537b6f56be5,androidx/recyclerview/widget/RecyclerView$EdgeEffectFactory,1,2,50.0
d49598459e2c41e1,androidx/compose/ui/focus/FocusPropertiesKt,1,1,100.0
3ca80071598c0344,kotlinx/coroutines/flow/FlowKt__ReduceKt$first$3,1,2,50.0
042f3e9258b9bb01,kotlinx/coroutines/CancellableContinuationImplKt,1,4,25.0
85e1d5639c8f96ba,androidx/compose/ui/text/android/style/LineHeightStyleSpan_androidKt,1,1,100.0
fc6404a75e67613f,androidx/recyclerview/widget/ItemTouchHelper$2,1,64,1.56
76de49225240a743,org/breezyweather/DaggerBreezyWeather_HiltComponents_SingletonC$ActivityRetainedCImpl$SwitchingProvider,1,3,33.33
e49a096ea09960cf,androidx/compose/animation/core/VectorizedFiniteAnimationSpec,1,5,20.0
f7dd16ba880e8639,kotlinx/coroutines/flow/FlowKt__LimitKt$dropWhile$1$1$emit$1,1,2,50.0
fcde1640ad7415d6,io/requery/android/database/sqlite/SQLiteStatementInfo,1,1,100.0
6d701b00b7c8ab3e,androidx/collection/internal/Lock,1,5,20.0
530f2f3db200a39c,androidx/work/impl/utils/LiveDataUtils$1,1,2,50.0
b04a2e69aa17d4a4,androidx/collection/ArraySet$ElementIterator,1,3,33.33
56509c8382d74df7,org/breezyweather/common/di/DbModule_ProvideLocationRepositoryFactory,1,5,20.0
c95739048177e1bc,androidx/profileinstaller/ProfileVersion,1,5,20.0
9f6cb569a5007930,androidx/core/view/SoftwareKeyboardControllerCompat$Impl,1,3,33.33
391fc5160b8a9b75,androidx/work/impl/model/WorkSpecDao_Impl$1,1,72,1.39
b97c00ca796a8047,dagger/hilt/internal/UnsafeCasts,1,2,50.0
ac315efcaeb5b1d7,androidx/compose/material3/IconKt$Icon$1,1,3,33.33
06e0c4ab3ed4b272,androidx/appcompat/app/AppLocalesMetadataHolderService$Api24Impl,1,2,50.0
c299e2eb7ee1753f,androidx/core/content/res/ResourcesCompat$Api23Impl,1,3,33.33
571880587dbd52fd,androidx/compose/runtime/external/kotlinx/collections/immutable/implementations/immutableList/UtilsKt,1,4,25.0
b0f5370aa2b90059,org/breezyweather/common/di/RetrofitModule_ProvideOkHttpClientFactory,1,5,20.0
95f8e4dadfe0ade8,kotlin/jvm/internal/Ref$BooleanRef,1,2,50.0
bf38b79bda547e91,com/google/android/material/appbar/HeaderBehavior,1,95,1.05
2bad4412436344fb,androidx/swiperefreshlayout/widget/SwipeRefreshLayout$7,1,2,50.0
7ec1837ee1762f0b,androidx/compose/ui/contentcapture/AndroidContentCaptureManager$boundsUpdatesEventLoop$1,1,2,50.0
58aadd079328a009,okhttp3/Authenticator$Companion$AuthenticatorNone,1,2,50.0
91a9679cf8695a92,androidx/compose/runtime/ParcelableSnapshotMutableFloatState$Companion$CREATOR$1,1,7,14.29
9b15123fa9c163e2,okio/Buffer$UnsafeCursor,1,97,1.03
97b7206f5e7979b9,kotlinx/serialization/modules/SerializersModuleBuildersKt,1,25,4.0
0c774a7958d36610,dagger/hilt/android/internal/modules/ApplicationContextModule_ProvideContextFactory,1,5,20.0
bdc44f8ab17c6306,androidx/compose/ui/layout/ContentScale$Companion$FillWidth$1,1,3,33.33
d29f8bd5ee5ba79b,com/google/android/material/R$styleable,1,2,50.0
2542bc99dc22af96,androidx/appcompat/widget/ResourceManagerInternal$ColorFilterLruCache,1,5,20.0
db6c9039cd2abfe8,androidx/activity/ComponentActivity$fullyDrawnReporter$2,1,6,16.67
166868c6073dc8c6,androidx/fragment/app/FragmentManager$2,1,5,20.0
b1c7af478461bb3c,kotlinx/coroutines/channels/ProducerCoroutine,1,11,9.09
3955cc0d16e8942c,breezyweather/data/location/LocationRepository$getAllLocations$locations$1$1,1,4,25.0
6e45500d7094e963,androidx/compose/ui/node/SemanticsModifierNodeKt,1,12,8.33
83feb64d43fbc155,androidx/appcompat/widget/AppCompatTextViewAutoSizeHelper$Impl23,1,4,25.0
f41c8eb7373ac136,androidx/activity/result/contract/ActivityResultContract,1,2,50.0
459e8cccd64ccae1,androidx/profileinstaller/ProfileInstaller$2,1,22,4.55
1be1dff4d91f4172,androidx/work/impl/model/WorkNameDao_Impl,1,41,2.44
293f089f88c467de,androidx/recyclerview/widget/RecyclerView$LayoutManager$1,1,10,10.0
ef10e5c70d0bf8e7,androidx/lifecycle/MediatorLiveData$Source,1,8,12.5
152421dee7125e9b,androidx/recyclerview/widget/RecyclerView$6,1,20,5.0
77308dd2627a170b,androidx/work/impl/model/WorkSpecDao_Impl$6,1,2,50.0
d499d7cff94013e9,androidx/compose/runtime/collection/ScatterSetWrapperKt,1,50,2.0
e33717e686b446fa,androidx/compose/ui/text/platform/extensions/SpannableExtensions_androidKt$setFontAttributes$1,1,15,6.67
422e4e1c6f99c282,androidx/compose/runtime/SnapshotIntStateKt__SnapshotIntStateKt,1,5,20.0
1b37d5ec3ff9bc74,androidx/compose/material3/TextKt$Text$1,1,3,33.33
e426e951069da144,androidx/compose/ui/input/pointer/PointerButtons,1,15,6.67
50d7136d784841ae,kotlinx/coroutines/internal/ThreadLocalKt,1,2,50.0
5b866efd3a1197b8,app/cash/sqldelight/driver/android/AndroidSqliteDriver$statements$1,1,6,16.67
6f8f14e341d32b36,androidx/compose/ui/text/font/TypefaceRequestCache$runCached$currentTypefaceResult$1,1,9,11.11
14219ff22eda4627,androidx/activity/result/ActivityResultLauncher,1,2,50.0
ecc2d5100e3e58ec,com/google/android/material/appbar/AppBarLayout$1,1,2,50.0
a3e363cdb2f3b176,androidx/compose/ui/graphics/AndroidPath_androidKt,1,12,8.33
9c0f7db2284712dd,androidx/compose/ui/platform/AndroidComposeView$focusOwner$5,1,3,33.33
5e80dabb4dea9115,androidx/compose/ui/text/input/TextInputServiceAndroid_androidKt,1,58,1.72
e53517a3f205669f,kotlinx/coroutines/MainCoroutineDispatcher,1,12,8.33
7e28094b23bfc5a1,androidx/recyclerview/widget/SimpleItemAnimator,1,59,1.69
7f2de4afaceaa875,androidx/compose/ui/node/ComposeUiNode,1,2,50.0
90238b44569a15f4,androidx/compose/ui/semantics/SemanticsConfigurationKt,1,1,100.0
5e5f703bf306ad0b,androidx/recyclerview/widget/RecyclerView$4,1,13,7.69
4cfdb17d7425eba3,androidx/core/R$styleable,1,2,50.0
070c65ccc1ea36b6,androidx/recyclerview/widget/ItemTouchHelper$Callback$2,1,2,50.0
37286d17d2f75e5c,androidx/work/impl/AutoMigration_14_15,1,6,16.67
0aa6088b3fbefa0d,kotlinx/coroutines/flow/internal/AbstractSharedFlowKt,1,1,100.0
ec00532bf2746a29,androidx/work/impl/model/WorkSpecDao_Impl$16,1,2,50.0
aa57db2718db33ae,androidx/fragment/app/FragmentLifecycleCallbacksDispatcher$FragmentLifecycleCallbacksHolder,1,1,100.0
b1a19e7310fe1bfc,androidx/core/view/WindowInsetsAnimationCompat$Callback,1,5,20.0
f8dcec53c48fe4e2,androidx/work/impl/model/WorkTagDao_Impl,1,54,1.85
c45c9e70bc804797,androidx/compose/ui/node/DrawModifierNode,1,1,100.0
9cbb35e3c2620c11,androidx/compose/ui/focus/FocusPropertiesModifierNodeKt,1,1,100.0
aa711b6d71d1816c,androidx/appcompat/app/ActionBar$LayoutParams,1,9,11.11
27254723c5fd7dfc,androidx/compose/ui/platform/AndroidComposeView$focusOwner$3,1,3,33.33
919e7ae5831b3eec,androidx/recyclerview/widget/ViewBoundsCheck$BoundFlags,1,24,4.17
25655e71cc1386eb,androidx/compose/ui/text/input/TextInputServiceAndroid$baseInputConnection$2,1,3,33.33
66551a2f4afc2099,androidx/compose/runtime/SnapshotIntStateKt,1,3,33.33
46c237455619376d,androidx/compose/runtime/GroupInfo,1,7,14.29
6128e8562b01b2cd,androidx/compose/ui/layout/ContentScale,1,1,100.0
db7d5a7a6937a990,androidx/compose/ui/graphics/vector/VectorComponent$1,1,3,33.33
630572f6b904a379,androidx/compose/ui/text/platform/AndroidParagraphHelper_androidKt$NoopSpan$1,1,2,50.0
abbb5ad27445c77e,androidx/recyclerview/widget/RecyclerView$AdapterDataObserver,1,8,12.5
6a18888997581125,androidx/compose/ui/contentcapture/ContentCaptureManager,1,1,100.0
96b498adadf5fcb6,org/breezyweather/main/adapters/location/LocationAdapter$1,1,7,14.29
e799d3a0b52fd889,okhttp3/internal/platform/android/BouncyCastleSocketAdapter$Companion$factory$1,1,9,11.11
274cae60c83e3730,androidx/fragment/app/Fragment$5,1,7,14.29
48ff5879127ea59c,kotlin/UnsignedKt,1,63,1.59
b7f7d1ceda8e645c,org/breezyweather/BreezyWeather_MembersInjector,1,5,20.0
e6ac01f538aef5ff,kotlinx/coroutines/flow/AbstractFlow$collect$1,1,2,50.0
2793d4f90e999967,org/breezyweather/common/di/DbModule_ProvideDatabaseHandlerFactory,1,5,20.0
eb679ef4837211bd,androidx/fragment/app/FragmentManager$1,1,2,50.0
c3b441ee3ba2fb73,androidx/compose/ui/platform/AndroidUiDispatcher$Companion$currentThread$1,1,9,11.11
a5a6e7863d3b0f58,org/breezyweather/background/weather/WeatherUpdateJob,1,254,0.39
302b79bb59ee397c,androidx/compose/ui/node/NodeChainKt$SentinelHead$1,1,2,50.0
136850951897113a,kotlinx/coroutines/flow/DistinctFlowImpl$collect$2$emit$1,1,2,50.0
0a47d22f2ff10517,androidx/compose/ui/text/font/FontListFontFamilyTypefaceAdapter$special$$inlined$CoroutineExceptionHandler$1,1,2,50.0
6e109a5e02413b5e,androidx/work/impl/WorkManagerImpl$Api24Impl,1,2,50.0
fd4295af85ed1dbb,androidx/appcompat/R$styleable,1,2,50.0
c2387465a5430e62,androidx/compose/ui/modifier/ModifierLocalModifierNodeKt,1,36,2.78
cf811fa0a0a8ea79,androidx/compose/ui/input/pointer/PointerIcon,1,1,100.0
a4e16e8feb2edc1e,androidx/work/impl/WorkDatabase_AutoMigration_17_18_Impl,1,3,33.33
f1b50380a0781ca4,kotlinx/coroutines/channels/Channel,1,1,100.0
2bfe4e77902744b2,androidx/fragment/R$styleable,1,2,50.0
3e7b4899b94f93fc,org/breezyweather/common/di/DbModule_ProvideWeatherRepositoryFactory,1,5,20.0
da698358e39e3abf,androidx/compose/runtime/external/kotlinx/collections/immutable/internal/CommonFunctionsKt,1,1,100.0
8c5b9cbe95e63b49,androidx/recyclerview/widget/RecyclerView$1,1,8,12.5
a4035e29d9dac4a6,androidx/compose/ui/modifier/ModifierLocalKt,1,1,100.0
3392dbf4b1bfa02f,androidx/compose/ui/graphics/drawscope/EmptyCanvas,1,25,4.0
dfeb00f07e8f021d,androidx/recyclerview/widget/ItemTouchHelper$1,1,9,11.11
ca1e6726fa606dc8,androidx/appcompat/widget/ActionMenuView$MenuBuilderCallback,1,11,9.09
1fbfe26e7d204910,androidx/appcompat/widget/Toolbar$LayoutParams,1,10,10.0
08d879daec923caa,androidx/lifecycle/ViewModelProvider$OnRequeryFactory,1,2,50.0
523840d1f5fbdd83,androidx/work/impl/model/WorkSpecDao_Impl$12,1,2,50.0
62a1ade9dfe8c038,androidx/interpolator/view/animation/LookupTableInterpolator,1,4,25.0
ef1847dd31209215,androidx/compose/foundation/FocusableInteractionNode$emitWithFallback$handler$1,1,3,33.33
35b2173f04aa4cfa,androidx/fragment/app/FragmentTransaction$Op,1,5,20.0
2999985232597e26,com/google/android/material/shape/RelativeCornerSize,1,14,7.14
971006bfe89f9299,androidx/work/impl/model/WorkSpecDao_Impl$9,1,2,50.0
502a403a52a0ebc9,androidx/swiperefreshlayout/widget/SwipeRefreshLayout$1,1,12,8.33
84f011c20a2faf88,androidx/compose/ui/platform/ViewCompositionStrategy$DisposeOnDetachedFromWindowOrReleasedFromPool$installFor$1,1,4,25.0
8f3066aabecc5379,org/breezyweather/main/MainActivityViewModel_HiltModules$KeyModule,1,2,50.0
2c90072deeff3be0,androidx/compose/ui/text/font/FontFamilyResolverImpl$createDefaultTypeface$1,1,3,33.33
5bce64d662a8d263,androidx/compose/runtime/internal/PersistentCompositionLocalMapKt,1,5,20.0
26f40d41d6a35855,androidx/appcompat/widget/ActionMenuPresenter$ActionMenuPopupCallback,1,4,25.0
848c51ecb0cb8f22,androidx/work/impl/WorkDatabase_AutoMigration_16_17_Impl,1,7,14.29
12ef4bc02e67f6a0,androidx/compose/foundation/layout/WrapContentElement$Companion$height$1,1,3,33.33
eea6c61f580f7325,kotlin/jvm/internal/MutablePropertyReference,1,3,33.33
a8f7f6d556143248,androidx/recyclerview/widget/RecyclerView$RecyclerViewDataObserver,1,42,2.38
3452b8d2dc924066,androidx/compose/animation/core/VectorizedDurationBasedAnimationSpec,1,7,14.29
497ca26a9b6d5c88,kotlin/collections/ArraysUtilJVM,1,2,50.0
5d2c363137215f12,androidx/core/view/ViewKt,1,140,0.71
079111e63d5db343,breezyweather/data/TransactionElement,1,17,5.88
80fea2553645d654,androidx/compose/ui/focus/FocusTargetModifierNodeKt,1,1,100.0
711656c124e42ea2,androidx/core/content/res/ResourcesCompat$Api21Impl,1,3,33.33
fe5faf93f09f7188,kotlinx/coroutines/StandaloneCoroutine,1,2,50.0
8d2d48709944d1f1,androidx/compose/material3/IconButtonKt$IconButton$2,1,3,33.33
322e0768754777b6,androidx/compose/ui/draw/DrawModifierKt,1,4,25.0
dbbddd83a5b59797,io/requery/android/database/sqlite/RequerySQLiteOpenHelperFactory$CallbackDatabaseErrorHandler,1,2,50.0
e5e4978ce2d6cc6b,androidx/compose/ui/node/LayoutAwareModifierNode,1,2,50.0
7b2189338a41059c,androidx/hilt/work/WorkerFactoryModule_ProvideFactoryFactory,1,5,20.0
2c4664183dea56fd,androidx/work/impl/model/WorkSpecDao_Impl$4,1,2,50.0
86cf9e1c23f07849,androidx/arch/core/internal/SafeIterableMap$SupportRemove,1,1,100.0
0a2abf471ff85a62,com/google/android/material/shape/MaterialShapeDrawable$MaterialShapeDrawableState,1,8,12.5
40cd44e67b55b2b4,androidx/core/math/MathUtils,1,101,0.99
d4da2a295c6bc332,androidx/work/impl/model/WorkSpecDao_Impl$15,1,2,50.0
df7abd59e3d2eaa9,kotlinx/coroutines/flow/SharingConfig,1,1,100.0
7ff165f465b4d979,com/google/android/material/appbar/AppBarLayout$BaseBehavior$2,1,35,2.86
2acb1dc9abc28284,androidx/compose/ui/graphics/colorspace/Rgb$eotf$1,1,3,33.33
5a91c87b229b1cf7,androidx/compose/ui/layout/ContentScale$Companion$FillHeight$1,1,3,33.33
61d2633ccc92ff8e,androidx/work/impl/model/WorkProgressDao_Impl$1,1,10,10.0
4e974591f2267a2f,androidx/compose/runtime/Composer,1,19,5.26
fdb92abf8cec4e92,androidx/compose/ui/focus/TwoDimensionalFocusSearchKt$generateAndSearchChildren$1,1,10,10.0
753e7524ebc59e85,kotlin/jvm/internal/MutablePropertyReference1,1,10,10.0
105ef157b599ca08,androidx/compose/ui/input/key/KeyInputModifierKt,1,2,50.0
78b49147127766ef,kotlinx/coroutines/flow/FlowKt__EmittersKt,1,33,3.03
8c8fbea576bfcb32,androidx/compose/ui/focus/FocusTransactionsKt$requestFocus$1,1,5,20.0
317631d6099a4377,breezyweather/data/Database,1,1,100.0
945715e0549dc3b6,androidx/compose/runtime/changelist/Operation$ObjectParameter,1,16,6.25
024951ee31949c36,org/breezyweather/BreezyWeather_HiltComponents$ViewModelC,1,1,100.0
91e24d2cec592915,androidx/appcompat/widget/ActionMenuPresenter$OverflowMenuButton$1,1,6,16.67
d8bb055d6b82bc7b,io/requery/android/database/sqlite/SQLiteConnection$PreparedStatement,1,1,100.0
068345f82a16d04f,dagger/hilt/android/internal/lifecycle/DefaultViewModelFactories_InternalFactoryFactory_Factory,1,5,20.0
3bc5381cd453d845,androidx/appcompat/widget/ActionMenuPresenter$PopupPresenterCallback,1,14,7.14
85593ab2e2e11062,androidx/compose/ui/platform/AndroidComposeViewAccessibilityDelegateCompat$boundsUpdatesEventLoop$1,1,2,50.0
507cb7f328641d83,androidx/compose/ui/node/PointerInputModifierNode,1,4,25.0
c36c24574c96ce8e,androidx/fragment/app/SpecialEffectsController$Operation$1,1,2,50.0
ef9bbdbc8e823040,androidx/work/impl/WorkDatabase_AutoMigration_18_19_Impl,1,2,50.0
88ddaac392abafb1,androidx/core/view/accessibility/AccessibilityNodeProviderCompat$AccessibilityNodeProviderApi19,1,15,6.67
b50e64bcdba814ba,kotlin/coroutines/intrinsics/IntrinsicsKt__IntrinsicsKt,1,4,25.0
df57dc9b2cee0b65,androidx/compose/material3/AppBarKt$SingleRowTopAppBar$4,1,3,33.33
81f9a4f6306fa206,androidx/compose/ui/platform/ViewCompositionStrategy,1,1,100.0
e54a95fb1bce5137,kotlinx/coroutines/EventLoopKt,1,11,9.09
eacb3309009ce505,kotlinx/coroutines/scheduling/SchedulerTimeSource,1,1,100.0
a08109837fe30e4a,androidx/work/impl/model/WorkProgressDao_Impl$2,1,2,50.0
788ae8a92e5a8a00,androidx/swiperefreshlayout/widget/SwipeRefreshLayout$6,1,8,12.5
aebd59029cb3211e,androidx/work/impl/model/WorkSpecDao_Impl$5,1,2,50.0
cd84326972a96350,androidx/work/impl/model/WorkSpecDao_Impl$3,1,2,50.0
ebba9ab6839d839a,androidx/fragment/app/Fragment$Api19Impl,1,2,50.0
7bd7eca1ded25e16,androidx/compose/foundation/FocusedBoundsObserverNode,1,9,11.11
ea34173e2c1066fe,org/breezyweather/BreezyWeather_HiltComponents$SingletonC,1,1,100.0
29a5fca090450266,com/google/android/material/internal/ToolbarUtils$1,1,3,33.33
013a271aa3f95cdc,androidx/appcompat/app/AppCompatDelegate$ThreadPerTaskExecutor,1,2,50.0
26aa5967a3cdf829,androidx/fragment/app/Fragment$AnimationInfo,1,1,100.0
17f5869c95f70261,kotlin/jvm/internal/Ref$ObjectRef,1,2,50.0
4dc1434a36714e7b,androidx/work/impl/model/WorkSpecDao_Impl$13,1,2,50.0
5d7b7d254cd88d24,androidx/compose/ui/Alignment,1,1,100.0
911bfce1a730485a,kotlinx/coroutines/internal/Removed,1,2,50.0
b2b54693b896ef41,androidx/recyclerview/widget/RecyclerView$LayoutManager$2,1,11,9.09
5984a9bbad164385,com/google/android/material/theme/MaterialComponentsViewInflater,1,6,16.67
81c6c8dd3cfe686c,androidx/emoji2/text/DefaultEmojiCompatConfig$DefaultEmojiCompatConfigHelper,1,4,25.0
687bda454d06b887,com/google/android/material/shape/ShapePath$ArcShadowOperation,1,5,20.0
501306fb75c06700,androidx/compose/runtime/PrimitiveSnapshotStateKt__SnapshotFloatStateKt,1,5,20.0
ce7416c4b6300bb9,androidx/core/os/LocaleListCompat$Api24Impl,1,4,25.0
73a05cbd3dcc1621,androidx/compose/ui/graphics/painter/Painter$drawLambda$1,1,3,33.33
d41c8fc787ebd118,androidx/appcompat/widget/Toolbar$1,1,5,20.0
45ecf0728ee9f8e6,androidx/work/impl/model/DependencyDao_Impl,1,73,1.37
be83adca53cbeede,androidx/compose/ui/platform/AndroidCompositionLocals_androidKt$ProvideAndroidCompositionLocals$1$1,1,3,33.33
54db43cdb7405b5b,okhttp3/CookieJar$Companion$NoCookies,1,4,25.0
0857cb3e4b2991b7,androidx/compose/runtime/CompositionKt$CompositionImplServiceKey$1,1,1,100.0
802b479b993e15f9,androidx/compose/runtime/CompositionLocalMap,1,1,100.0
3d4a99b52c425b53,androidx/appcompat/widget/Toolbar$3,1,14,7.14
6bf9deadc1f0b558,androidx/work/impl/model/WorkSpecDao_Impl$10,1,2,50.0
04e91bd5e01dbb6a,androidx/work/impl/model/WorkSpecDao_Impl$11,1,2,50.0
c9e96da569f844ae,androidx/compose/ui/platform/ViewLayer$Companion$OutlineProvider$1,1,3,33.33
325a4eda675a0610,androidx/compose/ui/graphics/AndroidGraphicsContext_androidKt,1,3,33.33
5531be0be3b452cc,androidx/profileinstaller/ProfileInstaller$1,1,3,33.33
32d32c6e87af695f,androidx/compose/ui/graphics/vector/GroupComponent$wrappedListener$1,1,6,16.67
4c9150f039ac2872,androidx/recyclerview/widget/DiffUtil$ItemCallback,1,2,50.0
3144dde21f4375d4,androidx/compose/ui/graphics/vector/VectorPainter$vector$1$1,1,6,16.67
18aa35c27950d550,androidx/work/InputMergerFactory,1,6,16.67
67df7940d2953422,androidx/swiperefreshlayout/R$styleable,1,2,50.0
2c254c556c726d5a,androidx/compose/runtime/internal/ComposableLambdaImpl$invoke$1,1,3,33.33
263f43543cd5cf53,androidx/compose/ui/input/rotary/RotaryInputNode,1,11,9.09
bda00a6c1af68d7b,androidx/compose/runtime/Composer$Companion$Empty$1,1,2,50.0
6d60f199d4776b90,kotlin/collections/ArraysKt__ArraysJVMKt,1,14,7.14
df6a03c9fd68e2f7,androidx/work/impl/utils/taskexecutor/WorkManagerTaskExecutor$1,1,2,50.0
008176bf0b4ca4ea,retrofit2/CallAdapter$Factory,1,3,33.33
f52130dfdec8a8da,kotlinx/coroutines/SupervisorJobImpl,1,2,50.0
d2d7e5539661134e,androidx/compose/ui/draw/CacheDrawModifierNodeImpl$1,1,3,33.33
034ce8efeecb4367,androidx/compose/ui/platform/ViewRootForTest,1,1,100.0
e55da18cf1db76a0,androidx/emoji2/text/EmojiCompat$DefaultSpanFactory,1,2,50.0
4c34f6c91902ed35,kotlinx/coroutines/flow/StartedEagerly,1,3,33.33
2c34bbde6c5324e7,dagger/hilt/internal/Preconditions,1,13,7.69
2a206e21158f12a4,kotlinx/coroutines/DebugStringsKt,1,15,6.67
f1d43cacfe444e77,androidx/compose/animation/ColorVectorConverterKt$ColorToVector$1$2,1,25,4.0
e4b69a51fbbfd14f,androidx/compose/ui/unit/LinearFontScaleConverter,1,14,7.14
a3d3d3983ff9d981,androidx/compose/ui/layout/ContentScale$Companion$Crop$1,1,3,33.33
fa6daed62ec36767,okhttp3/internal/platform/android/ConscryptSocketAdapter$Companion$factory$1,1,9,11.11
61bd503a9a2e89d3,androidx/compose/ui/node/NodeKind,1,18,5.56
c285e58b796d305b,androidx/compose/runtime/ParcelableSnapshotMutableState$Companion$CREATOR$1,1,16,6.25
d458618d8ad134d0,kotlinx/coroutines/channels/ChannelResult$Failed,1,2,50.0
f9bb4de94c29a9b3,org/breezyweather/DaggerBreezyWeather_HiltComponents_SingletonC,1,2,50.0
462991d157d33570,androidx/compose/material3/internal/ProvideContentColorTextStyleKt$ProvideContentColorTextStyle$1,1,3,33.33
825099ed914daa24,androidx/room/migration/Migration,1,1,100.0
0fa40970de40fff5,androidx/work/impl/model/WorkSpecDao_Impl$8,1,2,50.0
b1631e2b664edd8f,org/breezyweather/common/di/RetrofitModule_ProvideKotlinxJsonSerializationConverterFactoryFactory,1,5,20.0
1e785dd160461b5b,okhttp3/Dns$Companion$DnsSystem,1,7,14.29
3ee1b1081e0455e0,okhttp3/EventListener$Companion$NONE$1,1,1,100.0
be5e469d8e0b7ccd,androidx/profileinstaller/ProfileVerifier$CompilationStatus,1,4,25.0
1a2e8561701c6e69,androidx/compose/ui/layout/ContentScale$Companion$Inside$1,1,9,11.11
74f796e61217bc96,androidx/recyclerview/R$styleable,1,2,50.0
550e9bd093f1ddd0,androidx/compose/ui/text/caches/ContainerHelpersKt,1,6,16.67
d75fcd9077bd4306,org/breezyweather/common/di/DbModule_ProvideDatabaseFactory,1,5,20.0
4975eec63fd5161f,androidx/emoji2/text/EmojiCompat$MetadataRepoLoaderCallback,1,1,100.0
e176af085dd5f20f,androidx/compose/ui/platform/AndroidUiFrameClock$withFrameNanos$2$1,1,3,33.33
cbc2481f8ff4514f,kotlinx/coroutines/flow/FlowKt__BuildersKt,1,28,3.57
ce476d383c1d7c24,androidx/compose/ui/node/NodeChainKt$fillVector$1,1,4,25.0
e2eb0b93ce4ebb56,androidx/lifecycle/LifecycleCoroutineScope,1,7,14.29
e789d893cb1387cc,androidx/work/impl/utils/taskexecutor/TaskExecutor,1,2,50.0
48d9b219e48a9154,androidx/compose/ui/platform/AndroidComposeView$_inputModeManager$1,1,8,12.5
