class_id,class_name,probes_hit,probes_total,pct
b2d020a589ad0713,androidx/recyclerview/widget/RecyclerView,376,2094,17.96
8db12c2cb5c065d8,androidx/constraintlayout/core/widgets/ConstraintWidget,339,1652,20.52
f3963239a050f5d8,androidx/viewpager/widget/ViewPager,305,1317,23.16
f6195fee0ca31fe5,com/google/android/material/tabs/TabLayout,255,668,38.17
131c1fa296f4063d,androidx/constraintlayout/core/widgets/analyzer/Direct,243,669,36.32
3006ac6d9f71cf63,androidx/appcompat/widget/Toolbar,236,938,25.16
9a363820b9714f33,androidx/coordinatorlayout/widget/CoordinatorLayout,226,954,23.69
28e2e60e98dd7692,androidx/appcompat/app/AppCompatDelegateImpl,222,1298,17.1
da9c297a5681dc7a,androidx/constraintlayout/widget/ConstraintLayout,218,610,35.74
af770dd61ba4423f,org/fossify/musicplayer/helpers/SimpleMediaScanner,218,859,25.38
62b2bf2014f942e5,androidx/recyclerview/widget/LinearLayoutManager,181,794,22.8
9e4867bfcdc07be6,androidx/media3/exoplayer/ExoPlayerImpl,179,1431,12.51
514e34ca9b6d6f50,org/fossify/musicplayer/activities/MainActivity,174,423,41.13
0aa20afdc3327721,androidx/media3/session/PlayerWrapper,174,382,45.55
0d0db44400d042ce,com/airbnb/lottie/parser/moshi/JsonUtf8Reader,168,453,37.09
5f5065e6d0a888cc,androidx/constraintlayout/core/widgets/ConstraintWidgetContainer,166,464,35.78
cc366f025c1885dd,com/google/android/material/shape/MaterialShapeDrawable,153,525,29.14
c8e1f4ba7b591481,androidx/constraintlayout/core/LinearSystem,148,510,29.02
d9e5c34f10ed61de,androidx/fragment/app/FragmentManager,148,1346,11.0
4a63a0ead9b3e94a,com/google/android/material/tabs/TabLayout$TabView,146,364,40.11
b45f6cd3a08601f9,androidx/media3/session/MediaSessionLegacyStub,142,716,19.83
8cc53611dd5dcd2b,androidx/media3/session/MediaSessionImpl,133,688,19.33
09d43cc6f251972e,androidx/constraintlayout/core/widgets/analyzer/BasicMeasure,126,293,43.0
62ff4bbd5ae6b872,com/google/android/material/appbar/AppBarLayout,124,483,25.67
e1f6e446da979687,androidx/constraintlayout/core/ArrayRow,120,311,38.59
b803732879c69958,androidx/activity/ComponentActivity,116,317,36.59
74067032a7981ce9,androidx/recyclerview/widget/RecyclerView$LayoutManager,112,631,17.75
d7f34367281c458d,androidx/navigationevent/NavigationEventProcessor,109,283,38.52
6c89426ed435a6df,okio/Buffer,108,692,15.61
9e759c749ab270fe,com/google/android/material/shape/ShapeAppearancePathProvider,107,129,82.95
9ee9465e92371f10,org/fossify/commons/extensions/ContextKt,105,1175,8.94
32193da0905d2c2e,androidx/media3/session/CommandButton,104,479,21.71
44da415933494880,androidx/appcompat/widget/AppCompatTextHelper,101,380,26.58
c8eda23bec3eb411,androidx/constraintlayout/core/ArrayLinkedVariables,100,201,49.75
31d803ba3891bf00,androidx/appcompat/widget/LinearLayoutCompat,100,629,15.9
d48599621075951d,androidx/appcompat/widget/ActionMenuPresenter,97,282,34.4
44a88ebcc12535cd,androidx/media3/session/MediaControllerImplBase,97,1606,6.04
46e75fee4caf6449,com/airbnb/lottie/LottieAnimationView,95,366,25.96
c525ca93b02afb0e,androidx/appcompat/view/menu/MenuBuilder,94,530,17.74
e96fd5c245bceb8e,androidx/lifecycle/LifecycleRegistry,93,140,66.43
138606692656eeb3,org/greenrobot/eventbus/EventBus,92,248,37.1
e59dc6d4f7958b92,com/airbnb/lottie/animation/keyframe/TransformKeyframeAnimation,92,354,25.99
954c39f59db9f1f6,kotlinx/coroutines/JobSupport,90,790,11.39
14e7636e8073655e,androidx/constraintlayout/widget/ConstraintLayout$Measurer,90,209,43.06
472705a4b2625dc0,com/airbnb/lottie/LottieDrawable,87,683,12.74
0c8fcb958d19459d,androidx/media3/exoplayer/ExoPlayerImplInternal,85,2056,4.13
d3376251c7f1d2ba,com/google/android/material/progressindicator/BaseProgressIndicator,84,294,28.57
91278e68fc2393a2,androidx/room/TriggerBasedInvalidationTracker,82,265,30.94
9d41d674831f1128,androidx/media3/common/MediaMetadata,80,378,21.16
4614f301c96a3f2a,androidx/recyclerview/widget/RecyclerView$Recycler,79,533,14.82
fb9495d8fa20bd30,okio/Options,78,106,73.58
57388eb4aedab67d,androidx/media3/common/TrackSelectionParameters,75,244,30.74
bb48a9fdf84630f3,androidx/appcompat/view/menu/MenuItemImpl,75,292,25.68
7a6dea89b0f7ab24,com/qtalk/recyclerviewfastscroller/RecyclerViewFastScroller,74,339,21.83
9bec4d04be483302,androidx/room/RoomDatabase,73,303,24.09
7422cb81acd42fcd,com/airbnb/lottie/model/layer/BaseLayer,73,436,16.74
5d5c01359310facb,com/airbnb/lottie/parser/AnimatableTransformParser,72,106,67.92
6024f5f62e10a12a,org/fossify/musicplayer/playback/library/MediaItemProvider,71,220,32.27
ccfa66d3b33edd33,com/google/android/material/progressindicator/DrawableWithAnimatedVisibilityChange,70,178,39.33
edd64eafe2fa385c,com/google/common/util/concurrent/AbstractFuture,68,355,19.15
10708fd8e2b5a8b2,androidx/appcompat/view/menu/ActionMenuItemView,67,134,50.0
2fcb84b2fce010a5,androidx/media3/session/MediaSessionStub,67,991,6.76
40eb3d1170cd54a3,org/fossify/musicplayer/helpers/AudioHelper,67,266,25.19
028f748ca9c04da4,org/fossify/commons/extensions/Context_stylingKt,65,275,23.64
9066e61d45547985,androidx/collection/ArraySet,65,239,27.2
40bf7f5b5f5d6bfe,com/google/android/material/appbar/AppBarLayout$BaseBehavior,65,371,17.52
a600782192ab631e,com/airbnb/lottie/animation/content/ContentGroup,62,160,38.75
fcedadf2b3d8e04d,org/fossify/commons/extensions/Context_storageKt,61,1144,5.33
2db0cc64e927b6b5,com/google/android/material/shape/ShapePath,61,113,53.98
e01a37a6825ee19a,androidx/coordinatorlayout/widget/DirectedAcyclicGraph,60,71,84.51
0212cdc9c27ed8a2,androidx/constraintlayout/widget/ConstraintLayout$LayoutParams$Table,60,61,98.36
f450e6b41b0da118,kotlin/text/StringsKt__StringsKt,60,937,6.4
ad072f68e58dd023,androidx/core/content/res/ColorStateListInflaterCompat,59,96,61.46
9a299f2999d9f5d1,androidx/core/view/ViewCompat,59,793,7.44
ebdeff4aa7f67af8,org/fossify/commons/activities/EdgeToEdgeActivity,59,142,41.55
63724b760f68943d,androidx/startup/AppInitializer,58,86,67.44
571c4d1fc1724cea,androidx/constraintlayout/widget/ConstraintLayout$LayoutParams,58,227,25.55
03d5d8e1408dfe2d,kotlinx/coroutines/internal/LockFreeLinkedListNode,57,105,54.29
3cf18de831182b5d,androidx/appcompat/widget/ResourceManagerInternal,57,216,26.39
1ef7f6de917c0a2e,androidx/appcompat/widget/AppCompatTextView,56,258,21.71
cf71ca5f63f88dfb,org/fossify/commons/extensions/ViewKt,56,160,35.0
f11c96c1976d3e0d,com/airbnb/lottie/parser/LottieCompositionMoshiParser,56,104,53.85
ed23e2c18290c2f7,com/google/android/material/shape/ShapeAppearanceModel,56,125,44.8
8dc6c2e5c20bdc4a,com/airbnb/lottie/LottieCompositionFactory,55,340,16.18
782149aa703405e6,androidx/media3/session/MediaSessionLegacyStub$ControllerLegacyCbForBroadcast,55,204,26.96
ad40f155440c9817,com/airbnb/lottie/animation/keyframe/BaseKeyframeAnimation,54,100,54.0
add1df43b13b6760,androidx/collection/SimpleArrayMap,54,268,20.15
ebc3ee1319fdd502,org/fossify/commons/helpers/BaseConfig,54,406,13.3
b389eab307bd77a9,androidx/appcompat/view/SupportMenuInflater$MenuState,53,111,47.75
4350dbcb24ec95c9,com/google/android/material/shape/ShapeAppearanceModel$Builder,53,108,49.07
3f24d1c10aecb496,androidx/media3/common/ForwardingPlayer,52,137,37.96
35aafe9eb0150990,androidx/media3/exoplayer/analytics/MediaMetricsListener,51,426,11.97
eeeb913f45fd1cf4,androidx/media3/common/MediaMetadata$Builder,51,212,24.06
53eb0af3f9457c3f,androidx/media3/common/util/ListenerSet,51,95,53.68
c066a3752cfb8a75,androidx/constraintlayout/core/widgets/Chain,50,258,19.38
b82a3093ba3bc2c9,androidx/sqlite/driver/SupportSQLiteStatement$RowSQLiteStatement,48,100,48.0
45fab3b5627cc603,androidx/emoji2/text/EmojiCompat,48,169,28.4
0a3e03ae044bea4b,com/airbnb/lottie/parser/KeyframeParser,48,147,32.65
955e6a183cb2ee59,kotlinx/coroutines/EventLoopImplBase,48,189,25.4
733747e2a509714c,androidx/media3/common/TrackSelectionParameters$Builder,47,219,21.46
3039588324b354ac,androidx/media3/exoplayer/audio/DefaultAudioSink,47,637,7.38
c556b47f95a5398d,org/fossify/musicplayer/interfaces/SongsDao_Impl,46,491,9.37
d542789f0df83e16,com/airbnb/lottie/parser/LayerParser,46,115,40.0
38040adc134f0bb3,me/grantland/widget/AutofitHelper,45,154,29.22
1e15df19ebaff1a8,androidx/media3/exoplayer/analytics/DefaultAnalyticsCollector,45,324,13.89
d4cdf3f05c90c213,org/fossify/musicplayer/fragments/FoldersFragment,44,79,55.7
189d1e841728c1de,androidx/appcompat/widget/ActionMenuView,43,318,13.52
ebcf277c1885f521,org/fossify/musicplayer/helpers/SimpleMediaController,43,69,62.32
7ec10a2290167ebd,com/google/android/material/tabs/TabLayout$SlidingTabIndicator,43,126,34.13
6195616ccf938068,androidx/media3/session/PlayerInfo,43,330,13.03
dee005a01b9a13a0,org/greenrobot/eventbus/SubscriberMethodFinder,42,94,44.68
0c6f7a3095eed5c6,com/airbnb/lottie/LottieProperty,42,42,100.0
69572dd5c24fa600,androidx/sqlite/db/framework/FrameworkSQLiteOpenHelper$OpenHelper,41,107,38.32
771c6f571b0a012b,com/airbnb/lottie/model/layer/CompositionLayer,41,189,21.69
028eb6a418e3cd47,com/google/android/material/appbar/HeaderScrollingViewBehavior,40,68,58.82
e02fe8d2bd5f16bc,androidx/room/BaseRoomConnectionManager,40,208,19.23
2ad91fed90c9c070,androidx/core/content/res/ResourcesCompat,40,138,28.99
ffcb5cd392e1f7f8,androidx/coordinatorlayout/widget/CoordinatorLayout$LayoutParams,40,113,35.4
3388ec0b5dfa8263,androidx/media3/exoplayer/trackselection/DefaultTrackSelector$Parameters,39,212,18.4
d1b541c86123e0e5,androidx/media3/common/util/NetworkTypeObserver,39,71,54.93
4a5fc5dff879e46b,androidx/appcompat/app/AppCompatViewInflater,39,169,23.08
f97f1f2256aa2345,androidx/media3/common/util/Util,39,1356,2.88
c2029a82a99a5541,org/fossify/musicplayer/interfaces/QueueItemsDao_Impl,39,105,37.14
2ed909a53a17f52f,org/fossify/musicplayer/fragments/PlaylistsFragment,38,85,44.71
920323eba0f2a9b5,org/fossify/commons/activities/BaseSimpleActivity,38,868,4.38
9646070b3f80a2c4,androidx/constraintlayout/core/PriorityGoalRow,38,57,66.67
875202b75b7a2e8a,androidx/navigationevent/NavigationEventDispatcher,37,120,30.83
067787285590155f,androidx/sqlite/driver/SupportSQLiteStatement$Companion,37,73,50.68
5862a5d13e7921df,kotlin/collections/ArrayDeque,37,381,9.71
3124d841943ea971,com/airbnb/lottie/parser/JsonUtils,37,50,74.0
61a3c28eed8d6a95,androidx/room/RoomDatabase$Builder,37,175,21.14
9de763b779c623a0,com/google/android/material/textview/MaterialTextView,37,45,82.22
234a124ee3ae5999,androidx/room/coroutines/PassthroughConnection,37,94,39.36
1c8163d1bf037d8d,kotlin/collections/builders/ListBuilder,37,144,25.69
85ca33fd03037424,androidx/constraintlayout/core/widgets/ConstraintAnchor,36,180,20.0
f7b27968b3750849,org/fossify/musicplayer/fragments/ArtistsFragment,36,77,46.75
b16a652ae8abf520,com/airbnb/lottie/parser/ShapeDataParser,36,47,76.6
f04b450d75f36a10,androidx/appcompat/view/menu/BaseMenuPresenter,36,64,56.25
5e712b2e3bd34556,androidx/media3/common/AdPlaybackState$AdGroup,36,286,12.59
3e8270d2dd366f3d,androidx/emoji2/text/SpannableBuilder,36,102,35.29
e5aa3695a646298b,org/fossify/musicplayer/databases/SongsDatabase_Impl,36,38,94.74
9cb5e8661258a9f2,org/fossify/musicplayer/fragments/AlbumsFragment,36,77,46.75
c802dbee114bf6ca,org/fossify/musicplayer/extensions/MediaItemKt,35,189,18.52
b76d85d78073c6b6,androidx/media3/exoplayer/DefaultLoadControl,35,185,18.92
9eefc24f42ee8b11,androidx/media3/session/MediaController,35,609,5.75
db7ddf4d0167e2f9,androidx/appcompat/widget/AppCompatEditText,35,125,28.0
e19c2e0a7fbd6855,androidx/media3/exoplayer/upstream/DefaultBandwidthMeter,35,749,4.67
3e93b42bfd969c54,com/google/common/collect/ImmutableSet,35,89,39.33
792ede3029856168,androidx/activity/result/ActivityResultRegistry,35,153,22.88
9c03f21982867eb3,com/google/common/collect/ImmutableList,34,101,33.66
856ffe98f45aaa86,androidx/core/view/WindowInsetsCompat,34,132,25.76
d11e5044736af48c,androidx/media3/session/SessionResult,34,46,73.91
ef67727ace1bac58,androidx/fragment/app/FragmentActivity,34,112,30.36
60be6b534142856d,org/fossify/commons/helpers/ConstantsKt,34,163,20.86
205ef01d54c697a3,org/fossify/commons/extensions/ActivityKt,33,1508,2.19
d64c2b7806123f28,androidx/media3/session/MediaSessionService,33,165,20.0
fa4a49736e78f8ce,androidx/media3/session/SessionCommand,33,39,84.62
97240d37ff7f325c,org/fossify/musicplayer/fragments/TracksFragment,33,89,37.08
8be22c1ad3d17f2e,androidx/media3/exoplayer/ExoPlayer$Builder,33,223,14.8
d30ffbaf9391862b,org/fossify/musicplayer/extensions/ContextKt,33,219,15.07
c430f3b95d1d28a3,org/fossify/musicplayer/databases/SongsDatabase,32,32,100.0
46cf034eb6087583,org/fossify/musicplayer/playback/player/PlayerKt,32,44,72.73
bf4e7517d45dd6dc,androidx/collection/LongSparseArray,32,241,13.28
9ba422eb1dd73dea,com/google/android/material/progressindicator/DeterminateDrawable,32,135,23.7
f56f8151a17a1ccf,org/fossify/commons/views/MyAppBarLayout,32,52,61.54
5fde4b8403509d66,androidx/profileinstaller/ProfileVerifier,32,83,38.55
a76a050e17370e8b,androidx/appcompat/widget/AppCompatImageHelper,32,99,32.32
ed4cd152ff9ccbf9,com/airbnb/lottie/utils/LottieValueAnimator,31,159,19.5
46c1168da01c5a34,androidx/room/TriggerBasedInvalidationTracker$syncTriggers$2$1,31,57,54.39
10149144d6a03bb0,androidx/constraintlayout/core/widgets/ChainHead,31,89,34.83
abc54451665874c3,com/airbnb/lottie/parser/KeyframesParser,31,38,81.58
82ed0f2307112884,com/google/android/material/progressindicator/BaseProgressIndicatorSpec,30,72,41.67
52f4d2904c03bfb3,com/duolingo/open/rtlviewpager/RtlViewPager,30,78,38.46
e868ecebe070231f,com/airbnb/lottie/LottieTask,30,60,50.0
4525e8e4d58ed035,androidx/appcompat/app/AppCompatActivity,30,138,21.74
62c6df89305a844c,androidx/media3/session/legacy/MediaSessionCompat$MediaSessionImplApi23,30,105,28.57
6e6383d4bf7b1b22,androidx/recyclerview/widget/DefaultItemAnimator,30,349,8.6
6e2ac7470569625c,androidx/appcompat/view/SupportMenuInflater,30,75,40.0
e16823019142f320,androidx/appcompat/app/AppCompatDelegate,29,135,21.48
e0aabded8f8ed361,com/airbnb/lottie/animation/content/FillContent,29,86,33.72
04170f41ef4dc29f,androidx/collection/LruCache,29,131,22.14
00416f18ae28897f,androidx/savedstate/internal/SavedStateRegistryImpl,29,121,23.97
74f0c89b7522a1e1,androidx/appcompat/view/ContextThemeWrapper,29,51,56.86
c8bf5c130aff0408,org/fossify/musicplayer/playback/library/RootCategories$Companion,29,37,78.38
da6b069c9706317c,com/google/android/material/appbar/MaterialToolbar,29,138,21.01
08c771297ab979f8,androidx/media3/session/SessionToken,29,110,26.36
5478c3abb330df47,androidx/media3/session/legacy/MediaSessionCompat,29,93,31.18
d02a6761e1226db0,androidx/concurrent/futures/AbstractResolvableFuture,29,302,9.6
69fb4173ea01eebc,androidx/room/RoomDatabaseKt__RoomDatabaseKt,29,120,24.17
8260179191cf05f0,com/airbnb/lottie/value/Keyframe,28,48,58.33
84846663c1db5034,androidx/recyclerview/widget/RecyclerView$ViewHolder,28,172,16.28
5f7021cf5cec890a,androidx/appcompat/widget/TintTypedArray,28,62,45.16
8c3fb99e4bc97324,androidx/media3/session/SessionTokenImplBase,28,89,31.46
0da5b14084c44b97,androidx/room/InvalidationTracker,27,170,15.88
d930c6b3d901c04f,androidx/media3/session/MediaNotificationManager,27,180,15.0
8e8faeb08912610f,com/google/android/material/appbar/AppBarLayout$ScrollingViewBehavior,27,72,37.5
7c10e0422e60095c,org/fossify/musicplayer/databases/SongsDatabase$Companion,27,30,90.0
be744b3ef147cf70,com/google/android/material/progressindicator/IndeterminateDrawable,27,110,24.55
33e0c49baf25c3ba,androidx/appcompat/widget/AppCompatImageView,27,84,32.14
b945913e864fdd06,org/fossify/musicplayer/adapters/ViewPagerAdapter,26,41,63.41
b5e6692d95228a51,androidx/profileinstaller/ProfileInstaller,26,79,32.91
3f32f75c30507ea0,androidx/room/RoomConnectionManager,26,79,32.91
da019cfd4d232c15,androidx/media3/session/CommandButton$Builder,26,47,55.32
63c681d9bf5cb74b,com/google/android/material/shape/ShapePath$PathArcOperation,26,32,81.25
a35df30cfe11b3b8,androidx/media3/common/util/SystemHandlerWrapper,26,39,66.67
c0fd3ad603b80659,com/google/android/material/theme/overlay/MaterialThemeOverlay,26,36,72.22
a7f6fd07ab931ebd,com/airbnb/lottie/model/KeyPath,26,84,30.95
c987c4d4c5ce3af3,okio/ByteString,25,212,11.79
6a8f529874b47e0f,androidx/media3/exoplayer/audio/AudioCapabilities,25,193,12.95
72b4e9974b1573a3,org/fossify/commons/views/MySearchMenu,25,85,29.41
5f45084139ca28c8,androidx/constraintlayout/core/PriorityGoalRow$GoalVariableAccessor,25,47,53.19
990b0342e82b255f,androidx/activity/OnBackPressedCallback,25,31,80.65
9fd3ec392b5d0061,androidx/navigationevent/NavigationEventHandler,25,87,28.74
8841adfd7d31314b,org/fossify/musicplayer/playback/PlaybackService,25,58,43.1
e6c18841db903ce3,androidx/lifecycle/ReportFragment,25,40,62.5
7adce46e49e7ad7b,com/google/common/collect/RegularImmutableMap,25,106,23.58
9b60de5840637fa5,org/fossify/musicplayer/interfaces/PlaylistsDao_Impl,25,66,37.88
7975fdbe066db964,androidx/media3/session/ConnectedControllersManager,25,172,14.53
51b0d102bb3da6a7,kotlinx/coroutines/DispatchedTask,25,64,39.06
d8e6a9258c4d73e9,androidx/appcompat/widget/AppCompatBackgroundHelper,25,85,29.41
14529e0a7c9fd7c0,org/fossify/musicplayer/interfaces/AlbumsDao_Impl,24,106,22.64
6cb1814a88bf264e,androidx/appcompat/widget/ContentFrameLayout,24,93,25.81
f4c6fb0ddeb31474,org/fossify/musicplayer/activities/SimpleControllerActivity,24,161,14.91
cf213a7394079705,androidx/media3/common/BasePlayer,24,167,14.37
d5b1e957b3f927fd,androidx/media3/common/AudioAttributes,24,111,21.62
cbdb69dd699862cf,com/google/android/material/internal/ThemeEnforcement,24,57,42.11
85616710c4ddbc7e,androidx/recyclerview/widget/ItemTouchHelper,24,414,5.8
cf2577f34b9e3841,androidx/media3/session/ConnectionRequest,24,25,96.0
6d6a4fe8941bbd79,okio/RealBufferedSource,24,238,10.08
9e42b92c69ade2fe,androidx/recyclerview/widget/RecyclerView$RecycledViewPool,24,70,34.29
08b559514db02002,androidx/recyclerview/widget/RecyclerView$Adapter,24,62,38.71
0b28279ed73846da,androidx/media3/exoplayer/audio/DefaultAudioSink$Builder,24,50,48.0
cbcd0e9ef5e38e3c,androidx/recyclerview/widget/ScrollbarHelper,24,47,51.06
1c23a5a9ae9af5cd,androidx/media3/session/MediaSessionService$MediaSessionServiceStub,23,60,38.33
f0dd7e66e0e52b47,androidx/media3/exoplayer/DefaultRenderersFactory,23,165,13.94
3b9f19456ed109bd,com/google/common/collect/ImmutableMap$Builder,23,75,30.67
3887c8b61838adf2,androidx/media3/common/MediaItem$Builder,23,100,23.0
2081127def58ea03,androidx/media3/exoplayer/trackselection/DefaultTrackSelector$Parameters$Builder,23,252,9.13
87e1598c054cb33b,androidx/constraintlayout/core/SolverVariable,23,72,31.94
ddb9422958551d89,androidx/media3/exoplayer/trackselection/DefaultTrackSelector,23,512,4.49
479e00ecbfe3e38b,org/fossify/musicplayer/adapters/PlaylistsAdapter,23,89,25.84
65701573225dbd17,org/fossify/commons/adapters/MyRecyclerViewAdapter,23,207,11.11
53333b291d4556f5,kotlinx/coroutines/BuildersKt__Builders_commonKt,22,46,47.83
411651e6024726eb,com/airbnb/lottie/animation/content/ShapeContent,22,42,52.38
014f6985a39a5da5,com/airbnb/lottie/model/content/LBlendMode,22,32,68.75
6dc7b8ee7c69c0aa,kotlinx/coroutines/intrinsics/UndispatchedKt,22,101,21.78
225e3e7e4ef4ee33,com/airbnb/lottie/utils/Utils,22,150,14.67
8853fbcf32bf1ca2,androidx/appcompat/widget/AppCompatTextViewAutoSizeHelper,22,252,8.73
84f1db4d146eb4a5,androidx/arch/core/internal/SafeIterableMap,22,73,30.14
36233e9d27ad2d0a,androidx/profileinstaller/DeviceProfileWriter,21,163,12.88
4f1d182ccb746909,com/google/android/material/tabs/TabLayout$Tab,21,70,30.0
30f7e8a4e5ca7b09,androidx/media3/session/MediaSessionImpl$PlayerInfoChangedHandler,21,25,84.0
04073781796d6294,org/fossify/musicplayer/interfaces/ArtistsDao_Impl,21,43,48.84
56e5d0a01c62f75a,androidx/recyclerview/widget/OrientationHelper$2,21,25,84.0
f5acbe35f71a2206,androidx/room/util/DBUtil__DBUtil_androidKt$performBlocking$1$1$invokeSuspend$$inlined$internalPerform$1,21,39,53.85
a9b95ffa260b90e8,androidx/media3/session/ConnectionState,20,96,20.83
414f09936beb426c,androidx/coordinatorlayout/widget/ViewGroupUtils,20,27,74.07
f171454b5ae7bf49,androidx/media3/exoplayer/audio/MediaCodecAudioRenderer,20,435,4.6
4a6f8f7cef0c8bcd,androidx/dynamicanimation/animation/DynamicAnimation,20,128,15.62
bfc3416d927b5d03,androidx/lifecycle/ProcessLifecycleOwner,20,44,45.45
3192c2d80549321a,androidx/core/graphics/ColorUtils,20,172,11.63
b730f879f1fa4b1b,androidx/sqlite/db/framework/FrameworkSQLiteDatabase,20,158,12.66
74cf204b7325a1f6,androidx/media3/common/Timeline$Window,20,140,14.29
a3c90b4990d36f50,androidx/recyclerview/widget/ChildHelper,20,93,21.51
5a5b543b85f4a0e1,androidx/recyclerview/widget/AdapterHelper,20,261,7.66
df55f4bf374f60ee,kotlinx/coroutines/flow/StateFlowImpl,20,96,20.83
cdfa3eb55a89f9db,org/fossify/musicplayer/databinding/ActivityMainBinding,19,37,51.35
80b3a81dd3c26bcc,androidx/collection/SparseArrayCompat,19,204,9.31
0cf185f77665fe3a,androidx/media3/exoplayer/mediacodec/MediaCodecRenderer,19,922,2.06
caf4ee56fd60ca82,kotlin/collections/builders/MapBuilder,19,258,7.36
7ab9f68617736f93,com/google/common/util/concurrent/AbstractFuture$UnsafeAtomicHelper,19,28,67.86
3bb9d1857e3670e9,androidx/media3/common/MediaItem$ClippingConfiguration,19,86,22.09
2ed5a51d075479cf,org/fossify/musicplayer/helpers/Config,19,91,20.88
3be2e0c9394eda96,androidx/media3/common/FlagSet$Builder,19,32,59.38
09776b4722deda91,androidx/media3/common/audio/AudioFocusManager,19,94,20.21
8cf31c20627be856,androidx/media3/session/MediaControllerStub,19,153,12.42
c700d5d931f8e870,androidx/media3/session/legacy/PlaybackStateCompat,19,96,19.79
b82c9d2371c79816,androidx/media3/session/SessionError,19,51,37.25
70e7cf14272466e2,org/fossify/musicplayer/databases/SongsDatabase_Impl$createOpenDelegate$_openDelegate$1,19,127,14.96
10ffb33d8cc5a14f,kotlin/collections/ArraysKt___ArraysJvmKt,19,1082,1.76
0b361ec41ecf144f,androidx/navigationevent/NavigationEventHistory,19,53,35.85
cda82887317f8ba9,androidx/room/util/DBUtil__DBUtil_androidKt$performBlocking$1$1,19,25,76.0
4aa47e63553ca02c,org/fossify/commons/views/MyRecyclerView,18,149,12.08
3578f9a835decb66,androidx/appcompat/widget/ActionMenuPresenter$OverflowMenuButton,18,25,72.0
a31a202076d12720,com/airbnb/lottie/parser/moshi/JsonReader,18,34,52.94
b61aa43220a33152,androidx/media3/session/MediaSession$BuilderBase,18,30,60.0
0ae12ce97b441ea2,androidx/lifecycle/SavedStateHandleSupport,18,47,38.3
0d8e6d235c6ad890,org/fossify/musicplayer/playback/MediaSessionCallbackKt$getMediaSessionCallback$1,18,160,11.25
1112ee2f1cc64706,androidx/fragment/app/FragmentStore,18,222,8.11
50d225cdef806f94,androidx/emoji2/viewsintegration/EmojiTextViewHelper$HelperInternal19,18,48,37.5
317987d5f15bfec5,org/greenrobot/eventbus/SubscriberMethodFinder$FindState,18,38,47.37
581e8bc114164e8e,kotlin/jvm/internal/ClassReference,18,58,31.03
0f1c155aa83ebb12,kotlinx/coroutines/internal/DispatchedContinuation,18,183,9.84
a9bcf486c396d5f3,androidx/sqlite/util/ProcessLock,18,29,62.07
06d69a99658c7277,androidx/media3/session/MediaSession,18,101,17.82
b5bbe4d6fbc47461,androidx/media3/exoplayer/PlayerMessage,18,69,26.09
8c978feb6696d587,androidx/lifecycle/viewmodel/internal/ViewModelProviderImpl,17,24,70.83
c4aa43f20da03a72,kotlin/collections/CollectionsKt___CollectionsKt,17,1802,0.94
e0b2146becef7b9d,androidx/media3/common/util/WakeLockManager,17,28,60.71
1c04a4f4dd90013d,androidx/arch/core/internal/SafeIterableMap$IteratorWithAdditions,17,20,85.0
a82e0d580d25acba,androidx/fragment/app/FragmentActivity$HostCallbacks,17,44,38.64
fc1679a12220718d,androidx/media3/session/legacy/MediaSessionManager$MediaSessionManagerImpl,17,45,37.78
7f74b9a509f3f9c9,androidx/activity/OnBackPressedDispatcher,17,42,40.48
fe742fff76fc10a8,com/airbnb/lottie/parser/AnimatablePathValueParser,17,28,60.71
a555866fc329b858,org/fossify/musicplayer/adapters/BaseMusicAdapter,17,140,12.14
b35a8aba3185b109,org/fossify/musicplayer/extensions/PlayerKt,17,120,14.17
b21f16b0580776a6,com/airbnb/lottie/parser/ContentModelParser,17,60,28.33
ded397d1f8477a93,com/airbnb/lottie/animation/keyframe/BaseKeyframeAnimation$KeyframesWrapperImpl,17,24,70.83
b1387ad2019a9192,androidx/media3/exoplayer/audio/AudioTrackAudioOutputProvider$Builder,17,23,73.91
5c62db88b84d11b2,kotlin/coroutines/CombinedContext,17,53,32.08
d61fa16e55398d45,com/airbnb/lottie/model/animatable/AnimatableTransform,17,25,68.0
d338587459fb3333,androidx/media3/common/util/BackgroundThreadStateHandler,16,34,47.06
799677313d26f1c1,org/fossify/musicplayer/interfaces/GenresDao_Impl,16,37,43.24
6e16c68b5d2f67f9,androidx/media3/common/util/StuckPlayerDetector,16,26,61.54
a3e40e7add67735b,kotlinx/coroutines/JobSupportKt,16,23,69.57
bf35012809bfe2e1,androidx/profileinstaller/ProfileInstallerInitializer,16,19,84.21
12f207d9e21142aa,androidx/room/util/KClassUtil,16,31,51.61
395fa30011697ddc,androidx/collection/internal/ContainerHelpersKt,16,18,88.89
e38ae70f1ddace1f,org/fossify/musicplayer/playback/player/AudioOnlyRenderersFactory,16,16,100.0
a520c0e95a78e712,org/fossify/commons/helpers/FontHelper,16,71,22.54
f307b250dd5084c5,androidx/core/view/WindowCompat,16,29,55.17
889cbeefecc56254,com/airbnb/lottie/parser/ScaleXYParser,16,16,100.0
4c173190d24f0515,kotlin/collections/ArraysKt___ArraysKt,16,10849,0.15
de312e78594c33eb,org/fossify/musicplayer/activities/SimpleMusicActivity,16,40,40.0
dcd91ff728f636c4,androidx/media3/session/SessionPositionInfo,16,109,14.68
6fb50a83a6a62d9c,androidx/lifecycle/SavedStateHandlesProvider,16,95,16.84
090187ac92b9b27d,com/google/android/material/progressindicator/LinearProgressIndicatorSpec,16,50,32.0
27f389ada7d41fcf,androidx/media3/common/MediaItem$LiveConfiguration,15,61,24.59
22926658ef46dcab,com/google/android/material/progressindicator/LinearProgressIndicator,15,97,15.46
01de0f38fc26159a,kotlinx/coroutines/EventLoop,15,56,26.79
883ce2c85f6c4d9d,androidx/constraintlayout/core/widgets/Optimizer,15,30,50.0
0acf519d5a1fd856,com/google/android/material/shadow/ShadowRenderer,15,57,26.32
370fdb8cec22ba27,com/google/common/collect/ImmutableMap,15,137,10.95
d07b052b99cc4677,androidx/media3/session/MediaControllerHolder,15,19,78.95
a64fbe9bf4d016fa,androidx/media3/session/SequencedFutureManager,15,46,32.61
6d7359d4ef621705,com/google/android/material/appbar/ViewOffsetBehavior,15,44,34.09
f47e3d3ba0044778,com/google/android/material/tabs/TabIndicatorInterpolator,15,26,57.69
ae68e2f92360816b,com/airbnb/lottie/model/layer/Layer,15,54,27.78
bef6c048a9df67e9,androidx/recyclerview/widget/ViewBoundsCheck,14,31,45.16
c1c1edbbb7674a7e,kotlinx/coroutines/AbstractCoroutine,14,25,56.0
939c83091985e87c,androidx/emoji2/viewsintegration/EmojiTextWatcher,14,49,28.57
952d6334dcb598b1,androidx/room/RoomDatabase$MigrationContainer,14,31,45.16
cbcda62d3f8ef02f,org/fossify/musicplayer/helpers/NotificationHelper$Companion,14,15,93.33
499d968c94be09fd,org/fossify/musicplayer/views/CurrentTrackBar,14,42,33.33
a1036f2e0ed3e29f,com/airbnb/lottie/model/layer/ShapeLayer,14,39,35.9
5c6ba335cd0c90e9,androidx/sqlite/db/framework/FrameworkSQLiteOpenHelper,14,36,38.89
9c6125f91f76e205,com/airbnb/lottie/parser/ShapeGroupParser,14,16,87.5
b2ca202e6a3f8dd8,androidx/core/view/WindowInsetsControllerCompat$Impl30,14,73,19.18
f149fccfc402bcce,com/airbnb/lottie/parser/moshi/JsonReader$Token,14,15,93.33
dd5f26587912d535,kotlinx/coroutines/BlockingCoroutine,14,36,38.89
5ec5ea1959d40a69,org/fossify/musicplayer/extensions/LottieAnimationViewKt,14,18,77.78
8259717121d23588,androidx/lifecycle/ReportFragment$Companion,14,22,63.64
95bddacbbd02cab8,androidx/media3/common/MediaItem$LocalConfiguration,14,103,13.59
b071fb732e9fac9a,androidx/media3/exoplayer/ScrubbingModeParameters,14,38,36.84
3b9bc0ca3793e5a6,androidx/lifecycle/Lifecycle$Event,14,22,63.64
c42176ea2b502316,androidx/room/concurrent/CloseBarrier,14,30,46.67
d25f42c86549af66,com/airbnb/lottie/model/layer/BaseLayer$1,14,25,56.0
9ae076996fba3918,androidx/lifecycle/ReportFragment$LifecycleCallbacks,14,22,63.64
3b16f5f4e2e1c75f,okio/Segment,14,33,42.42
3f316e0461bc1b21,com/google/android/material/elevation/ElevationOverlayProvider,14,44,31.82
aa38cbedcc5d51b8,androidx/lifecycle/ViewModelProvider,14,28,50.0
fb40b43c10cf0221,org/fossify/musicplayer/playback/CustomCommandsKt,14,14,100.0
6d869072a43b975f,com/airbnb/lottie/parser/ShapeFillParser,14,18,77.78
ed06e1191600a524,org/greenrobot/eventbus/HandlerPoster,14,26,53.85
49a6b0ec391dafb2,androidx/room/ObservedTableStates,14,89,15.73
9900fb59c256d00e,com/google/common/collect/CompactHashMap,13,248,5.24
fd6001ab6c00b0cd,org/fossify/musicplayer/playback/SimpleEqualizer,13,35,37.14
8ff58a434dd5087f,androidx/recyclerview/widget/ViewBoundsCheck$BoundFlags,13,24,54.17
a71e5e0fb3e2ead2,androidx/core/view/WindowInsetsCompat$Impl20,13,137,9.49
c94eefeb309af654,kotlin/coroutines/jvm/internal/ContinuationImpl,13,19,68.42
482b054e11f4fd1b,kotlin/jvm/internal/Intrinsics,13,127,10.24
0022c5fb6fd0c8f6,org/fossify/musicplayer/extensions/ResourcesKt,13,17,76.47
f0819a9512514b5d,com/airbnb/lottie/parser/ColorParser,13,23,56.52
4547fe7a5ba693ac,androidx/media3/common/PlaybackParameters,13,34,38.24
49bf118cf8f0a4bc,com/google/common/base/Preconditions,13,258,5.04
ef0414ba7c99c3bb,kotlinx/coroutines/CoroutineContextKt,13,83,15.66
76bc56e24fc59aec,androidx/emoji2/text/EmojiCompatInitializer,13,14,92.86
4cacaa485dd33e93,org/fossify/musicplayer/models/Playlist,13,35,37.14
057c37589c576852,com/google/android/material/appbar/AppBarLayout$LayoutParams,13,30,43.33
a21be567046255b0,androidx/media3/session/SessionCommands$Builder,13,30,43.33
59f726d640dcd8be,com/google/android/material/shape/MaterialShapeUtils,13,18,72.22
f45d3fd8200e3cea,com/airbnb/lottie/LottieComposition,13,51,25.49
3854b5e4da434f72,androidx/media3/common/util/BundleCollectionUtil,13,56,23.21
92db94343f8be36a,androidx/media3/common/Player$Commands$Builder,13,16,81.25
d4c763d171774c59,org/fossify/musicplayer/playback/library/RootCategories,13,15,86.67
f6bfbafba33425ee,androidx/emoji2/text/DefaultEmojiCompatConfig$DefaultEmojiCompatConfigFactory,13,40,32.5
a4f7ca1abb45af42,androidx/media3/exoplayer/upstream/DefaultBandwidthMeter$Builder,13,28,46.43
14b3a3eae2107ea9,com/google/common/primitives/ImmutableIntArray,13,86,15.12
7f301b46a5743d12,androidx/media3/common/util/ListenerSet$ListenerHolder,13,28,46.43
1a72aac215f5595d,androidx/media3/session/MediaController$Builder,13,21,61.9
f15eec0783dae3e3,androidx/constraintlayout/core/widgets/WidgetContainer,13,49,26.53
7e9aa68b5d55ea7a,androidx/appcompat/widget/AppCompatDrawableManager,13,21,61.9
f11bf115664db9d5,kotlin/jvm/internal/ClassReference$Companion,13,315,4.13
fe96e92eb6ffb170,androidx/emoji2/viewsintegration/EmojiEditableFactory,12,17,70.59
d3e542e4099d5904,androidx/media3/datasource/DataSourceBitmapLoader,12,38,31.58
cfa78d22f4c887ed,androidx/room/coroutines/RunBlockingUninterruptible_androidKt$runBlockingUninterruptible$1$1,12,18,66.67
ca5906d594ac09fa,androidx/room/util/SQLiteConnectionUtil,12,17,70.59
17f528bc1af4f70f,androidx/media3/common/Player$PositionInfo,12,105,11.43
f769286f6075ac4e,androidx/sqlite/driver/SupportSQLiteStatement$OtherSQLiteStatement,12,37,32.43
f556e13eaaab6bca,kotlinx/coroutines/internal/SystemPropsKt__SystemProps_commonKt,12,27,44.44
64f85e9d6b51f777,kotlin/coroutines/CoroutineContext$Element$DefaultImpls,12,12,100.0
c9f529577ab9fd57,org/fossify/musicplayer/JacocoInstrument/JacocoInstrumentation,12,53,22.64
dccadb5bdb2d0be6,androidx/recyclerview/widget/ChildHelper$Bucket,12,61,19.67
3d783371a359ba0b,androidx/core/view/MenuItemCompat,12,87,13.79
db1443c7a7f1e725,kotlinx/coroutines/internal/ThreadContextKt,12,38,31.58
f1493703908fbe42,kotlinx/coroutines/CoroutineStart,12,19,63.16
b745d837bdd5aa38,org/fossify/commons/helpers/AppLockManager,12,39,30.77
cb17139796cd56bf,androidx/dynamicanimation/animation/AnimationHandler,12,64,18.75
83f8f600ef115373,androidx/fragment/app/FragmentController,12,52,23.08
e8283219820ee18a,androidx/media3/session/DefaultMediaNotificationProvider,12,171,7.02
221be2611fd7a4e0,androidx/room/TriggerBasedInvalidationTracker$notifyInvalidation$2$invalidatedTableIds$1,12,24,50.0
a9e57a3f5343bb12,androidx/appcompat/widget/RtlSpacingHelper,12,36,33.33
8ff197334442976b,androidx/lifecycle/ViewModelStore,12,14,85.71
a401387ef2779168,com/airbnb/lottie/animation/keyframe/PathKeyframe,12,15,80.0
d32afce360207ef1,com/google/android/material/resources/MaterialResources,11,72,15.28
dd9532c31d155052,androidx/media3/common/util/Size,11,32,34.38
1f03d193dd504155,androidx/media3/exoplayer/audio/AudioTrackAudioOutputProvider,11,182,6.04
d247df9d1a7e853b,androidx/room/EntityInsertAdapter,11,138,7.97
9a3da6de7a49a46f,kotlinx/coroutines/ExecutorCoroutineDispatcherImpl,11,55,20.0
804424c398ae4ef0,kotlin/sequences/GeneratorSequence$iterator$1,11,24,45.83
5f52c3092fe3d15e,androidx/room/coroutines/PassthroughConnectionPool,11,18,61.11
052a7917d74b586c,androidx/core/view/WindowInsetsCompat$BuilderImpl29,11,19,57.89
b4650b94e49f7f4f,androidx/media3/common/DeviceInfo,11,48,22.92
48d19ff6a1d8e2b9,androidx/recyclerview/widget/ItemTouchHelper$Callback,11,158,6.96
348235c805e02199,androidx/fragment/app/FragmentManagerViewModel,11,156,7.05
a4bd881fce764744,androidx/media3/common/util/WakeLockManager$WakeLockManagerInternal,11,28,39.29
812a4ec6ca68b024,com/airbnb/lottie/model/layer/Layer$LayerType,11,12,91.67
0468538cd7ede5de,kotlin/collections/MapsKt__MapsKt,11,268,4.1
f67cb49db2434606,androidx/media3/exoplayer/PlaybackLooperProvider,11,25,44.0
656ddca1d2e33c2a,androidx/emoji2/text/EmojiCompatInitializer$BackgroundDefaultLoader,11,13,84.62
7668404c11f920e3,androidx/recyclerview/widget/RecyclerView$LayoutManager$2,11,11,100.0
23bb38b10053fc2a,androidx/viewpager/widget/ViewPager$4,11,18,61.11
8a9f8860b63f4348,androidx/media3/exoplayer/analytics/AnalyticsListener$Events,11,12,91.67
2f7c68e908bbc881,kotlin/coroutines/CoroutineContext$DefaultImpls,11,12,91.67
f62deb18fe21aa10,androidx/media3/common/util/StuckPlayerDetector$StuckPlayingNotEndingDetector,11,39,28.21
76de7532fd56f73a,androidx/constraintlayout/core/widgets/ConstraintWidget$1,11,20,55.0
0e4e07d1dff72fd4,kotlin/text/StringsKt__StringsJVMKt,11,334,3.29
c80a05c5768142ac,androidx/lifecycle/viewmodel/internal/ViewModelImpl,11,61,18.03
e04a4cf1c67340ef,androidx/core/view/ViewCompat$Api21Impl,11,46,23.91
2a64d711e58232b6,androidx/appcompat/widget/AppCompatEmojiEditTextHelper,11,18,61.11
edae3b68d96a8510,androidx/core/util/Pools$SimplePool,11,19,57.89
8026361bbc6c3177,androidx/appcompat/widget/ViewStubCompat,11,44,25.0
25f8f6cb205f780e,org/fossify/musicplayer/helpers/ConstantsKt,11,13,84.62
4af611fd7f510f8b,androidx/sqlite/util/ProcessLock$Companion,11,13,84.62
6cb6f4726d1819f2,androidx/lifecycle/Lifecycle$State,11,14,78.57
f5b0ef9384fe82aa,org/fossify/commons/extensions/WindowKt,11,47,23.4
b828bcac4bc393b4,androidx/media3/exoplayer/BaseRenderer,11,125,8.8
0ab565725359e16f,kotlinx/coroutines/DebugKt,11,33,33.33
aac4d764d4c0f49b,androidx/media3/session/PlayerInfo$Builder,11,44,25.0
5385dc1338d2793a,androidx/media3/exoplayer/ScrubbingModeParameters$Builder,11,43,25.58
db9f78716e1f335e,kotlin/SynchronizedLazyImpl,11,20,55.0
8cfc86ec3050a482,kotlin/collections/CollectionsKt__CollectionsKt,11,145,7.59
0fa17bee07004c27,org/fossify/musicplayer/views/MarqueeTextView,11,20,55.0
ce3e5472c528cf19,androidx/media3/exoplayer/analytics/DefaultPlaybackSessionManager,10,175,5.71
dcdfb7476bff90e8,androidx/core/view/WindowInsetsCompat$TypeImpl30,10,14,71.43
f7d1152d5fab3da9,org/fossify/commons/extensions/IntKt,10,122,8.2
e8c268b05098b1cd,com/google/android/material/shape/ShapePath$PathLineOperation,10,10,100.0
362cb7cec000d0b4,com/google/android/material/drawable/DrawableUtils,10,119,8.4
8c42e0e278a1b66b,okio/PeekSource,10,20,50.0
12b92a2fd5f2afb5,com/airbnb/lottie/utils/LottieThreadFactory,10,11,90.91
1ace98e3e506542b,com/duolingo/open/rtlviewpager/DelegatingPagerAdapter,10,25,40.0
aa586eff2a753d72,kotlin/coroutines/jvm/internal/BaseContinuationImpl,10,27,37.04
0ab5a623c0eb7859,androidx/media3/common/util/ConditionVariable,10,46,21.74
73e85755a8694898,androidx/viewpager/widget/PagerAdapter,10,28,35.71
d94060de505ecd46,androidx/lifecycle/Lifecycle$Event$Companion,10,26,38.46
8e307f243f7efacf,androidx/arch/core/internal/SafeIterableMap$ListIterator,10,21,47.62
c61a8b3f613d38a4,androidx/media3/datasource/DataSourceBitmapLoader$Builder,10,13,76.92
64f5568f9134e7b8,androidx/activity/contextaware/ContextAwareHelper,10,15,66.67
5e169dc44afd6dd3,androidx/core/content/FileProvider,10,142,7.04
e0221827bfddb27a,com/airbnb/lottie/parser/AnimatableValueParser,10,17,58.82
f45b7a7d6bbb63fe,com/google/android/material/progressindicator/LinearIndeterminateDisjointAnimatorDelegate,10,73,13.7
042bf257e24242ee,androidx/collection/ArraySetKt,10,231,4.33
0dc86db47cf53a71,kotlin/collections/builders/SetBuilder,10,32,31.25
cec5110f32228ad6,kotlinx/coroutines/scheduling/CoroutineScheduler,10,312,3.21
8015113da54f9324,com/airbnb/lottie/RenderMode,10,17,58.82
12e6c5e2a8ac58db,androidx/media3/common/Player$Commands,10,27,37.04
38aa4b0b13c807e4,com/google/common/collect/RegularImmutableSet,10,22,45.45
fcd5d2b709f8d003,kotlin/ranges/IntProgressionIterator,10,14,71.43
08ce1d17e6e17b70,androidx/media3/session/MediaControllerImplBase$SessionServiceConnection,10,34,29.41
3c9fbc3b385561ea,com/google/android/material/motion/MotionUtils,10,55,18.18
c19bc23b82daa8ce,androidx/core/os/LocaleListCompat,10,60,16.67
0570809fb621b98c,androidx/activity/OnBackPressedCallback$OnBackPressedEventHandler,10,16,62.5
cd1df93860a42e1c,androidx/navigationevent/NavigationEventInput,10,61,16.39
dd4a3e60f387ca13,org/fossify/musicplayer/playback/CustomCommands,10,13,76.92
87c252baf8cb36ae,org/fossify/commons/activities/BaseSplashActivity,10,23,43.48
01c3dbadbbe94ad6,androidx/arch/core/executor/ArchTaskExecutor,10,21,47.62
7909833e76f1f76e,androidx/media3/common/TrackSelectionParameters$AudioOffloadPreferences,10,41,24.39
565186368a1be643,androidx/core/view/WindowInsetsCompat$Impl30,10,12,83.33
1ebb717f147bc6c2,androidx/media3/common/audio/AudioManagerCompat,10,36,27.78
684ff85815a3f833,com/airbnb/lottie/model/layer/Layer$MatteType,10,11,90.91
8cd70a14c333cb1a,androidx/room/coroutines/PassthroughConnection$usePrepared$2,10,13,76.92
9a5f5b7c4c04120e,kotlin/collections/builders/ListBuilder$Itr,10,36,27.78
72fc897f788e7c4d,androidx/appcompat/widget/AppCompatDrawableManager$1,10,148,6.76
ca5d41e671ba554d,com/google/android/material/color/MaterialColors,10,83,12.05
a8fb22d2f3b3e915,androidx/sqlite/driver/SupportSQLiteStatement$RowSQLiteStatement$ensureCursor$1,9,15,60.0
b6c23595800653e8,androidx/lifecycle/Lifecycle$Event$WhenMappings,9,16,56.25
d5ee94b3cd1a8c8e,androidx/media3/session/legacy/PlaybackStateCompat$Builder,9,18,50.0
e22a516a3cc88e9b,org/fossify/musicplayer/helpers/AudioHelperKt,9,16,56.25
e5017f791812f345,androidx/media3/exoplayer/SeekParameters,9,42,21.43
d02ae90425707d1c,androidx/media3/session/legacy/MediaSessionManager,9,10,90.0
8bbc20c2f9b52346,androidx/lifecycle/DefaultLifecycleObserverAdapter$WhenMappings,9,16,56.25
92f4ae5a40144d15,com/google/common/util/concurrent/AbstractFuture$UnsafeAtomicHelper$1,9,11,81.82
df971add4e637af9,androidx/lifecycle/Lifecycling,9,90,10.0
b118d6ced9c18c6b,org/fossify/musicplayer/databinding/FragmentPlaylistsBinding,9,19,47.37
221a1c8896e51acc,kotlinx/coroutines/BuildersKt__BuildersKt,9,22,40.91
f184e4f790a3e738,kotlin/collections/EmptyList,9,50,18.0
1afb9b9a0a14f804,androidx/appcompat/widget/ViewUtils,9,36,25.0
fd13b8d4cf688e8b,com/airbnb/lottie/LottieAnimationView$UserActionTaken,9,11,81.82
3797649a6bba4cff,androidx/media3/session/MediaUtils,9,128,7.03
6552c643491fae55,com/google/android/material/internal/ViewUtils,9,105,8.57
a2d6f8551f33910e,androidx/media3/session/MediaSessionImpl$PlayerListener,9,221,4.07
8a758a173f8f4b37,androidx/media3/exoplayer/audio/DefaultAudioTrackBufferSizeProvider$Builder,9,16,56.25
a834444ad84d2112,com/google/android/material/resources/MaterialAttributes,9,32,28.12
64c777430bc33d7e,androidx/sqlite/db/SupportSQLiteOpenHelper$Configuration$Builder,9,21,42.86
c71a0a2ab1153952,kotlin/collections/builders/MapBuilder$Companion,9,9,100.0
9cd425aa8fa08341,androidx/media3/common/MediaItem$ClippingConfiguration$Builder,9,25,36.0
3915f54457f8ce44,androidx/media3/common/FlagSet,9,33,27.27
9de6a85ee19811cf,androidx/media3/decoder/DecoderInputBuffer,9,43,20.93
8d5aaa6d8d27cfec,com/airbnb/lottie/model/animatable/AnimatablePathValue,9,10,90.0
f1a20fd1cf5b4733,com/airbnb/lottie/utils/BaseLottieAnimator,9,55,16.36
0dcfe52290c0de14,androidx/core/content/ContextCompat,9,121,7.44
6c3ecb32508ff0ba,org/greenrobot/eventbus/PendingPost,9,14,64.29
c41355c16c24aa00,com/qtalk/recyclerviewfastscroller/RecyclerViewFastScroller$Defaults,9,9,100.0
c999ad190722bb8c,org/fossify/commons/databinding/MenuSearchBinding,9,19,47.37
c1dce61d4729a929,androidx/media3/common/util/SystemHandlerWrapper$SystemMessage,9,10,90.0
9e230f764a4632e0,androidx/media3/session/DefaultMediaNotificationProvider$Builder,9,16,56.25
e3186b009b63fa84,androidx/media3/common/MediaItem$RequestMetadata,9,47,19.15
8274e908d0ae61df,org/fossify/musicplayer/App,9,9,100.0
ea632241f73a6494,org/fossify/musicplayer/adapters/TracksAdapter,9,239,3.77
d86ac3e230cb90eb,androidx/tracing/Trace,9,79,11.39
c4479396b204a9d4,androidx/arch/core/internal/FastSafeIterableMap,9,11,81.82
31ab30f50ad367ad,kotlinx/coroutines/internal/DispatchedContinuationKt,9,135,6.67
834ba68d2c0f153a,androidx/media3/session/MediaSession$ConnectionResult,9,12,75.0
753add90b0b0352a,androidx/media3/common/MediaItem,9,72,12.5
ad448d5dfbf2a5ae,kotlin/internal/jdk8/JDK8PlatformImplementations$ReflectSdkVersion,9,14,64.29
c6943bc6e6d275c7,org/fossify/commons/helpers/AppLockManager$Companion,9,12,75.0
9f96df23b1d77f10,androidx/lifecycle/viewmodel/MutableCreationExtras,9,13,69.23
e031b882b819ae2b,androidx/media3/common/util/Log,9,79,11.39
334bb88cbfb5db61,org/fossify/musicplayer/databinding/FragmentFoldersBinding,9,19,47.37
a5c325af39cef6f1,androidx/sqlite/db/framework/FrameworkSQLiteOpenHelper$OpenHelper$Companion,9,10,90.0
0bd172dc99ad50ac,com/google/common/util/concurrent/ImmediateFuture,8,17,47.06
29a839e5e91c596c,org/fossify/commons/adapters/MyRecyclerViewAdapter$ViewHolder,8,29,27.59
60d14bafff4c3463,androidx/sqlite/driver/SupportSQLiteStatement,8,10,80.0
3b67a38fa6d70eed,org/fossify/musicplayer/databinding/FragmentArtistsBinding,8,17,47.06
939412c13069609a,androidx/emoji2/text/EmojiCompat$ListenerDispatcher,8,14,57.14
411d93d290474336,org/fossify/musicplayer/databinding/FragmentAlbumsBinding,8,17,47.06
d0bf8907a6b77ece,androidx/media3/common/DeviceInfo$Builder,8,16,50.0
8a715f0de863bcdc,androidx/recyclerview/widget/RecyclerView$State,8,31,25.81
19142037c7bb7cc3,androidx/sqlite/driver/SupportSQLiteStatement$Companion$TransactionOperation,8,10,80.0
9152272c2c2b58df,org/fossify/commons/extensions/TabLayoutKt$onTabSelectionChanged$1,8,14,57.14
6c5c58f20daa2b9f,org/fossify/musicplayer/activities/MainActivity$initFragments$1,8,12,66.67
7da1a1e705c25b1a,com/google/common/util/concurrent/AbstractFuture$Waiter,8,9,88.89
2f724ea9628a71ce,kotlin/collections/CollectionsKt__CollectionsJVMKt,8,43,18.6
ee3f2dbd5f433e79,com/airbnb/lottie/model/content/Mask$MaskMode,8,9,88.89
dba49d1e6ef50aaa,androidx/activity/OnBackPressedDispatcher$addCallback$lifecycleObserver$1,8,18,44.44
3d00d608f71c6ef3,androidx/lifecycle/LifecycleRegistry$ObserverWithState,8,11,72.73
369b4588dba5eb85,androidx/core/view/MenuHostHelper,8,53,15.09
f68861092cadf811,org/fossify/commons/views/MyTextView,8,15,53.33
abe67811cc4afc0b,androidx/constraintlayout/core/widgets/analyzer/DependencyGraph,8,673,1.19
4cb8873edd7c32fc,androidx/appcompat/widget/AppCompatEmojiTextHelper,8,14,57.14
a902ded95eb44d56,okio/SegmentPool,8,15,53.33
17023be700eae859,androidx/room/coroutines/PassthroughConnection$withTransaction$2,8,12,66.67
de10ebe95e464fdc,org/fossify/musicplayer/databinding/FragmentTracksBinding,8,17,47.06
e1c6d661f188b258,androidx/room/coroutines/PassthroughConnectionPool$useConnection$2,8,12,66.67
c4d2ce5d5deb03f4,androidx/media3/session/legacy/MediaControllerCompat$MediaControllerImplApi23,8,139,5.76
54174acb7a2561a0,kotlinx/coroutines/scheduling/TasksKt,8,15,53.33
b82c8218d3683cb2,androidx/room/RoomDatabase$JournalMode,8,16,50.0
8d5cb4d7651c7a25,com/google/android/material/appbar/ViewUtilsLollipop,8,19,42.11
04143bde2debc4d6,androidx/constraintlayout/core/SolverVariable$Type,8,10,80.0
c6c1e5767b703e3a,kotlin/coroutines/intrinsics/IntrinsicsKt__IntrinsicsJvmKt,8,57,14.04
f8dec6f563efda87,androidx/lifecycle/viewmodel/internal/ViewModelProviders,8,35,22.86
883b0405d5b2cec3,androidx/room/util/DBUtil__DBUtil_androidKt$performBlocking$1,8,12,66.67
bcd5368ecc458175,androidx/sqlite/driver/SupportSQLiteDriver,8,27,29.63
e5b3c7fe4776e2a8,androidx/core/view/WindowInsetsCompat$Builder,8,36,22.22
e63e3849c8a1e143,org/fossify/musicplayer/playback/player/SimpleMusicPlayer,8,50,16.0
568bb627e6169123,androidx/lifecycle/DefaultLifecycleObserverAdapter,8,14,57.14
d077d6644a10abb1,androidx/media3/exoplayer/RendererHolder,8,409,1.96
d69bbc153c8e81d6,androidx/core/util/Pools$SynchronizedPool,8,10,80.0
5df94fd820ab2570,okio/Okio$2,8,20,40.0
44a915b15a4ca3db,androidx/media3/common/util/NetworkTypeObserver$ListenerHolder,8,10,80.0
ac39ff3a3b7d10dd,com/duolingo/open/rtlviewpager/RtlViewPager$ReversingAdapter,8,41,19.51
7fea9ca974b6ef5e,com/google/common/base/Ascii,8,80,10.0
f36dab4d2823e950,androidx/media3/exoplayer/image/ImageRenderer,8,230,3.48
f29ae346c83a409b,androidx/profileinstaller/ProfileVerifier$Cache,8,40,20.0
0eb30414bb51e874,com/duolingo/open/rtlviewpager/RtlViewPager$ReversingOnPageChangeListener,8,22,36.36
35207199bd8790fb,androidx/lifecycle/LifecycleRegistry$Companion,8,10,80.0
827111b502462874,com/google/android/material/appbar/ViewOffsetHelper,8,23,34.78
a57826c55851e187,androidx/collection/IndexBasedArrayIterator,8,12,66.67
5654167b80f9ca4d,androidx/media3/common/audio/AudioBecomingNoisyManager,8,12,66.67
1d8ce3ef77af3334,kotlinx/coroutines/CoroutineDispatcher,8,18,44.44
e5cf2aeddce48938,androidx/media3/common/Timeline,8,150,5.33
748899c6e7d4c18f,org/fossify/musicplayer/helpers/PlaybackSetting,8,19,42.11
229555d2ee1c6245,androidx/lifecycle/ViewModelProvider$Companion,8,18,44.44
a6216925599b1db7,androidx/core/app/CoreComponentFactory,8,11,72.73
1f309bfb670ef875,org/fossify/commons/activities/BaseSimpleActivity$installFontInflaterFactory$1,8,10,80.0
0487df41c61511d2,androidx/room/TriggerBasedInvalidationTracker$notifyInvalidation$2$invalidatedTableIds$1$1,8,12,66.67
a8177a31150c4b29,com/airbnb/lottie/parser/moshi/JsonReader$Options,8,10,80.0
754be0810cb6453e,androidx/room/coroutines/RunBlockingUninterruptible_androidKt$runBlockingUninterruptible$1,8,15,53.33
892f5d39582260b6,androidx/room/TriggerBasedInvalidationTracker$refreshInvalidationAsync$3,8,16,50.0
3c0667f939571e24,androidx/room/util/DBUtil__DBUtil_androidKt$performBlocking$1$1$invokeSuspend$$inlined$internalPerform$1$1,8,9,88.89
73e6dcce70a49332,com/airbnb/lottie/utils/MiscUtils,8,47,17.02
7696aaf59aac4b92,androidx/media3/session/legacy/MediaSessionCompat$Callback,8,90,8.89
7b3fb28e48210cf9,androidx/savedstate/SavedStateRegistry,8,24,33.33
b35b8e62729772dd,androidx/media3/exoplayer/upstream/BandwidthMeter$EventListener$EventDispatcher,8,22,36.36
aaf3d37e4e4e2a2b,com/airbnb/lottie/parser/ShapePathParser,8,10,80.0
dbf8bac46e54c04d,androidx/appcompat/view/ActionBarPolicy,8,36,22.22
1ba5cbbbdae1f56c,androidx/lifecycle/ProcessLifecycleInitializer,8,10,80.0
6dcbfde30b866466,androidx/media3/exoplayer/audio/DefaultAudioTrackBufferSizeProvider,8,34,23.53
2bf6cf1531a81aae,org/fossify/musicplayer/helpers/SimpleMediaScanner$Companion,8,8,100.0
2688539e4de1f8d7,org/greenrobot/eventbus/android/AndroidDependenciesDetector,7,16,43.75
3e4c1dcc5e1e3dcd,kotlin/coroutines/AbstractCoroutineContextElement,7,7,100.0
9c67dfd42c7c7fb0,kotlin/internal/ProgressionUtilKt,7,22,31.82
ac17398d6a7eff74,androidx/media3/session/LegacyConversions,7,794,0.88
13b883b5bc75ed53,androidx/media3/exoplayer/source/DefaultMediaSourceFactory$DelegateFactoryLoader,7,107,6.54
8c63b69dc60a9db8,androidx/emoji2/viewsintegration/EmojiTransformationMethod,7,15,46.67
97a264e5557eb761,androidx/lifecycle/LifecycleDispatcher,7,8,87.5
b301aac85783bf9c,androidx/collection/internal/LruHashMap,7,23,30.43
4890a6ca0fa02004,com/airbnb/lottie/model/content/ShapeFill,7,8,87.5
3b67a69f1cdac37f,androidx/media3/common/MediaItem$LiveConfiguration$Builder,7,14,50.0
48799c1a55886395,androidx/room/RoomConnectionManager$SupportOpenHelperCallback,7,12,58.33
d0ff0381e83339b3,androidx/room/Room,7,48,14.58
d62be83e91c94c80,androidx/emoji2/text/ConcurrencyHelpers,7,10,70.0
8194a5d6c37044b0,androidx/collection/SparseArrayCompatKt,7,215,3.26
900ee92ea26d48ff,androidx/emoji2/viewsintegration/EmojiTextViewHelper$SkippingHelper19,7,18,38.89
38e3805474ef684b,org/fossify/musicplayer/extensions/FutureKt,7,12,58.33
51aec1c98cf398b1,org/fossify/musicplayer/databinding/ViewCurrentTrackBarBinding,7,19,36.84
f393f8e73a8415ad,androidx/media3/session/MediaLibrarySessionImpl,7,179,3.91
d17e0799ee3dedf1,androidx/collection/ArrayMap,7,56,12.5
92f134f07ac6998e,androidx/sqlite/driver/SupportSQLiteStatement$TransactionSQLiteStatement,7,41,17.07
97982110f97bca10,androidx/media3/session/SessionCommands,7,34,20.59
cef117746d113167,kotlinx/coroutines/internal/SystemPropsKt,7,8,87.5
e061b8a0d6916816,com/google/common/collect/RegularImmutableList,7,11,63.64
f5bc333345f96531,androidx/media3/exoplayer/source/TrackGroupArray,7,48,14.58
e4c6b0552a540864,androidx/media3/exoplayer/upstream/DefaultAllocator,7,49,14.29
01e3ed579b86603d,androidx/activity/OnBackPressedDispatcher$OnBackPressedEventInput,7,17,41.18
a515b25e63934361,androidx/core/widget/TextViewCompat,7,186,3.76
05b29e85d3b2df78,androidx/recyclerview/widget/LinearLayoutManager$LayoutState,7,38,18.42
f213dfb2f047c5b3,androidx/core/graphics/Insets,7,31,22.58
0b7a843a3076b741,androidx/appcompat/widget/ForwardingListener,7,119,5.88
fe06df07a332baef,androidx/savedstate/SavedStateRegistryController$Companion,7,7,100.0
ffe2f14069707edb,androidx/sqlite/driver/SupportSQLiteStatement$TransactionSQLiteStatement$WhenMappings,7,12,58.33
f813546d98bfbd39,com/google/android/material/shape/MaterialShapeDrawable$2,7,7,100.0
e21a1bf6063415f1,kotlinx/coroutines/ThreadLocalEventLoop,7,10,70.0
1ecb836c2a421dda,androidx/core/app/ComponentActivity,7,61,11.48
1806273a1c681929,androidx/lifecycle/Lifecycle$Event$Companion$WhenMappings,7,12,58.33
e0cb0c3c5020b66e,androidx/media3/exoplayer/MediaSourceList,7,191,3.66
967cfe0ffcc7ce54,androidx/room/coroutines/PassthroughConnectionPool$ConnectionElement,7,9,77.78
3ed1259265b3e5f3,kotlin/text/Regex,7,96,7.29
42aa415ddae00221,org/fossify/musicplayer/helpers/SimpleMediaController$Companion,7,10,70.0
a2b95436464c2ba5,androidx/media3/session/legacy/MediaSessionCompat$Token,7,46,15.22
74a1cf176b34ebef,androidx/media3/session/legacy/MediaButtonReceiver,7,52,13.46
f93bdb6878b9b19e,org/greenrobot/eventbus/android/AndroidComponents,7,9,77.78
d4cb714a7d39c37e,com/google/common/base/Suppliers$NonSerializableMemoizingSupplier,7,18,38.89
5c94f9bd861798f4,org/greenrobot/eventbus/ThreadMode,7,8,87.5
11d41062fc2cb655,androidx/savedstate/SavedStateRegistryController,7,10,70.0
dfe1f4cf438ac4d3,androidx/activity/OnBackPressedDispatcherKt,7,10,70.0
6c939162788a7903,com/airbnb/lottie/model/animatable/BaseAnimatableValue,7,15,46.67
8a5658c377a899f5,androidx/appcompat/app/AppCompatDelegateImpl$AppCompatWindowCallback,7,81,8.64
854dafb0b85e1fef,org/fossify/commons/extensions/ResourcesKt,7,35,20.0
870f59690ee0cddf,kotlin/collections/CollectionsKt__MutableCollectionsKt,7,134,5.22
5ac4d25b11250407,androidx/media3/session/MediaSession$ControllerInfo,7,24,29.17
bc2c4bc4d5529c8d,com/google/common/collect/ImmutableCollection$ArrayBasedBuilder,7,21,33.33
34d6ac7c809e76be,kotlinx/coroutines/internal/LockFreeTaskQueueCore,7,115,6.09
a809cf28eaba0307,androidx/lifecycle/ProcessLifecycleOwner$attach$1,7,13,53.85
c2fbf248d5cd2b84,androidx/media3/common/AdPlaybackState,7,291,2.41
32739522ed57f503,org/fossify/musicplayer/databinding/ItemPlaylistBinding,7,15,46.67
5f1210c16d33ad99,androidx/recyclerview/widget/RecyclerView$5,7,46,15.22
dc0236ba25b2b088,kotlin/jvm/JvmClassMappingKt,7,67,10.45
1918f1c14a1ded58,org/greenrobot/eventbus/EventBus$2,7,12,58.33
d1f48707c2abc45e,androidx/media3/common/text/CueGroup,6,25,24.0
ff92934f2c520084,androidx/sqlite/driver/SupportSQLiteConnection,6,9,66.67
64da9a9b264e1815,kotlin/ranges/IntProgression,6,33,18.18
161afb9158f25551,com/airbnb/lottie/LottieDrawable$OnVisibleAction,6,8,75.0
83a6d83b9cf0173e,androidx/room/Transactor$SQLiteTransactionType,6,8,75.0
3899c3311e9a25b1,androidx/core/view/WindowInsetsCompat$Impl,6,50,12.0
dcfad3eb8b5aa4cf,androidx/media3/common/Timeline$Period,6,92,6.52
cdb7890971d6c58e,kotlinx/coroutines/JobImpl,6,21,28.57
e33cf84b79ca53e2,androidx/coordinatorlayout/widget/CoordinatorLayout$Behavior,6,51,11.76
205da1849992f9c0,androidx/core/view/WindowInsetsControllerCompat,6,29,20.69
70aefaed86624df8,androidx/constraintlayout/widget/ConstraintLayout$1,6,10,60.0
24fb3a517f6f03d4,androidx/room/util/SQLiteStatementUtil__StatementUtilKt,6,21,28.57
bdf0199154eb82ca,kotlin/jvm/internal/TypeIntrinsics,6,209,2.87
cb2811e127749ff8,org/fossify/commons/extensions/StringKt,6,967,0.62
845c009e67e92164,com/google/common/collect/ImmutableCollection,6,30,20.0
61ef74545258c5bb,androidx/emoji2/viewsintegration/EmojiEditTextHelper$HelperInternal19,6,14,42.86
1109a0a3354bc7da,androidx/emoji2/viewsintegration/EmojiInputFilter,6,34,17.65
005f17ae7c6cf82e,kotlin/coroutines/ContinuationInterceptor$DefaultImpls,6,22,27.27
c63ba20508d94f51,androidx/appcompat/widget/Toolbar$ExpandedActionViewMenuPresenter,6,55,10.91
bb4933f103c99f40,androidx/appcompat/widget/TintContextWrapper,6,54,11.11
6bea38da2649c1c6,com/airbnb/lottie/AsyncUpdates,6,8,75.0
eab3dbddec5019c7,androidx/core/content/res/ResourcesCompat$ColorStateListCacheKey,6,13,46.15
8598e39f7ed76c2b,androidx/recyclerview/widget/OrientationHelper,6,13,46.15
dc76524f4e03653a,kotlinx/coroutines/CompletableDeferredKt,6,11,54.55
21b8639ac2b7869b,androidx/dynamicanimation/animation/SpringAnimation,6,58,10.34
4168a54de7a00505,androidx/room/util/DBUtil__DBUtil_androidKt,6,132,4.55
27de123a5027d34b,androidx/media3/common/VideoSize,6,31,19.35
cef062cb8af9819d,androidx/core/app/NotificationManagerCompat,6,215,2.79
6cafdddde00966b8,androidx/emoji2/viewsintegration/EmojiTextViewHelper,6,14,42.86
b30589a8f806057c,com/google/android/material/progressindicator/IndeterminateAnimatorDelegate,6,8,75.0
3e5e611dff29a821,kotlin/UnsafeLazyImpl,6,14,42.86
6322cdfc87d6d145,androidx/media3/session/legacy/MediaControllerCompat,6,69,8.7
2383987c8f51acfe,androidx/appcompat/app/AppCompatActivity$2,6,6,100.0
7776f9afef6c39d7,androidx/media3/exoplayer/ExoPlayerImpl$Api31,6,10,60.0
4afc1bf3e97120e8,androidx/room/RoomDatabaseKt__RoomDatabase_androidKt,6,42,14.29
90003fb490223759,kotlin/LazyKt__LazyJVMKt,6,11,54.55
ea5a9813bfbef52f,androidx/room/RoomMasterTable,6,6,100.0
4151864901b8fe7e,kotlinx/coroutines/CoroutineStart$WhenMappings,6,10,60.0
870e31f40281ede9,org/fossify/musicplayer/interfaces/PlaylistsDao_Impl$1,6,6,100.0
106383017e106494,androidx/core/view/ViewConfigurationCompat,6,74,8.11
01006de835ab10bc,androidx/media3/session/MediaSessionStub$Controller2Cb,6,75,8.0
c01fc8259c60ae14,com/airbnb/lottie/model/LottieCompositionCache,6,10,60.0
d3fc525745fbee00,kotlin/LazyThreadSafetyMode,6,8,75.0
38e6a230ad76bdfd,com/google/common/collect/AbstractIndexedListIterator,6,17,35.29
44531950b367e411,androidx/core/view/ViewCompat$Api21Impl$1,6,14,42.86
231c74b1f3a07f38,androidx/fragment/app/FragmentHostCallback,6,28,21.43
a626b6ad37667c92,androidx/lifecycle/ProcessLifecycleOwner$attach$1$onActivityPreCreated$1,6,6,100.0
51daa75f44c4c995,org/greenrobot/eventbus/PendingPostQueue,6,15,40.0
4a6dcc4b4ec644a0,androidx/media3/common/MediaItem$DrmConfiguration$Builder,6,37,16.22
2c81492f51d0982a,androidx/recyclerview/widget/GapWorker,6,115,5.22
140d51dd8f9c262b,org/fossify/commons/extensions/Activity_themesKt,6,187,3.21
8be72fe98a5163ed,androidx/recyclerview/widget/ViewInfoStore,6,85,7.06
3bd1d57c203b136c,androidx/savedstate/Recreator,6,35,17.14
72415c5ca7518713,com/google/common/collect/ObjectArrays,6,37,16.22
c8160359074c32ad,androidx/customview/view/AbsSavedState,6,17,35.29
11a8c163910d9f79,androidx/sqlite/db/framework/FrameworkSQLiteProgram,6,11,54.55
f9ef7a3f75215828,com/google/common/collect/Lists,6,120,5.0
cebfbfbd9e34a1d3,com/airbnb/lottie/animation/LPaint,6,12,50.0
55a0ead29cf45c2b,com/airbnb/lottie/parser/PathKeyframeParser,6,7,85.71
7b79374b532740a0,androidx/media3/exoplayer/analytics/PlayerId,6,8,75.0
20fd2d064543975c,androidx/media3/exoplayer/source/ShuffleOrder$DefaultShuffleOrder,6,46,13.04
004fd297a082c250,androidx/dynamicanimation/animation/SpringForce,5,51,9.8
8c832787f1ba1ac9,com/google/android/material/appbar/AppBarLayout$Behavior,5,21,23.81
e4304ea822b4e89a,org/fossify/musicplayer/activities/SimpleControllerActivity$maybePreparePlayer$lambda$2$$inlined$maybePreparePlayer$1$1,5,7,71.43
5799ce214eca8792,androidx/recyclerview/widget/RecyclerViewAccessibilityDelegate,5,28,17.86
029b812baa3f982e,org/greenrobot/eventbus/EventBusBuilder,5,32,15.62
7ed4f49952c10a87,com/google/android/material/animation/AnimationUtils,5,11,45.45
9482051e02f33163,com/google/common/collect/Ordering,5,96,5.21
c56a42893cf0d93e,com/qtalk/recyclerviewfastscroller/RecyclerViewFastScroller$onScrollListener$1,5,35,14.29
a2fe5cab36379aec,androidx/media3/session/legacy/PlaybackStateCompat$CustomAction,5,26,19.23
d107545c519447e6,androidx/dynamicanimation/animation/AnimationHandler$FrameCallbackScheduler16,5,8,62.5
42ffac0502e7ff2d,androidx/core/view/WindowCompat$Api30Impl,5,7,71.43
b8d2a5a16fa301e7,org/fossify/musicplayer/playback/library/MediaItemProvider$MediaItemNode,5,7,71.43
ab23114aa5e98cbf,androidx/appcompat/widget/VectorEnabledTintResources,5,56,8.93
64ca53842950ed76,com/google/common/collect/ImmutableCollection$Builder,5,21,23.81
6c2f5864d16286ad,androidx/media3/exoplayer/source/DefaultMediaSourceFactory,5,156,3.21
de9ebfccf6b9447c,androidx/sqlite/SQLite,5,14,35.71
7e0f7c746f8cde4a,kotlinx/coroutines/BuildersKt,5,8,62.5
8b740dd6774d322d,kotlin/coroutines/EmptyCoroutineContext,5,9,55.56
c9aa83f3e115d89c,androidx/media3/exoplayer/analytics/DefaultAnalyticsCollector$MediaPeriodQueueTracker,5,92,5.43
a8f83ad69747413e,com/airbnb/lottie/L,5,63,7.94
d7938866f1849ac1,androidx/media3/common/TrackSelectionParameters$AudioOffloadPreferences$Builder,5,8,62.5
729bf6f0412b6194,androidx/emoji2/viewsintegration/EmojiEditTextHelper,5,17,29.41
495257524535ee38,kotlin/LazyKt__LazyJVMKt$WhenMappings,5,8,62.5
bc3fdbbbf01462f0,androidx/appcompat/app/AppCompatDelegateImpl$2,5,8,62.5
5a1a188e321db5f0,com/airbnb/lottie/model/content/ShapePath,5,6,83.33
b00b23b7d1ac3792,com/airbnb/lottie/PerformanceTracker,5,36,13.89
b3baa8e786de183d,kotlinx/coroutines/JobNode,5,8,62.5
7863099849de5e66,androidx/viewbinding/ViewBindings,5,8,62.5
9af3c3741e1671cf,com/airbnb/lottie/animation/keyframe/BaseKeyframeAnimation$SingleKeyframeWrapper,5,11,45.45
21d5fd6f34042e28,org/fossify/musicplayer/extensions/PlayerKt$WhenMappings,5,8,62.5
15f6f6bf602bd5d9,androidx/media3/extractor/DefaultExtractorsFactory,5,119,4.2
6b434d969a196a71,androidx/room/ObservedTableStates$ObserveOp,5,8,62.5
df3ee7bbf3a45deb,androidx/lifecycle/EmptyActivityLifecycleCallbacks,5,8,62.5
19d32e42e6a927ea,androidx/lifecycle/SavedStateHandleAttacher,5,9,55.56
50ddab6c27fefaa8,androidx/media3/session/MediaLibraryService$MediaLibrarySession$Builder,5,26,19.23
96add7e2fa082c46,kotlin/sequences/ConstrainedOnceSequence,5,6,83.33
685abb151cea288d,androidx/constraintlayout/core/Pools$SimplePool,5,18,27.78
9362d8d0981d84f9,androidx/lifecycle/ViewModel,5,34,14.71
7491cab5329e0bd7,kotlinx/coroutines/UndispatchedCoroutine,5,45,11.11
c3b645c78cbb0d4c,androidx/constraintlayout/core/widgets/ConstraintWidget$DimensionBehaviour,5,6,83.33
8fe9ddc1546161c4,com/google/common/collect/HashMultimap,5,40,12.5
39f8906d24965aa2,androidx/room/DatabaseConfiguration,5,106,4.72
84338ede40fe9df6,com/google/android/material/progressindicator/DrawingDelegate,5,8,62.5
06bcf553d933bd28,org/fossify/musicplayer/helpers/RoomHelper,5,92,5.43
a23129438a0c591a,org/fossify/commons/interfaces/ItemMoveCallback,5,24,20.83
d0c4b184f6954f58,androidx/startup/InitializationProvider,5,12,41.67
3bce8f971df840aa,androidx/media3/common/util/WifiLockManager,5,28,17.86
8d525ddcae4f2790,androidx/recyclerview/widget/RecyclerView$LayoutParams,5,19,26.32
9696c03dabb2f44f,androidx/room/coroutines/PassthroughConnection$WhenMappings,5,8,62.5
5512af5df4675751,kotlinx/coroutines/channels/BufferOverflow,5,8,62.5
6f2fdef04269fa18,androidx/lifecycle/ProcessLifecycleOwner$Companion,5,6,83.33
6a39707822fbd151,androidx/core/content/res/ResourcesCompat$FontCallback,5,8,62.5
72a07377955d5d7d,androidx/media3/common/Tracks,5,48,10.42
e1445ab21112f0fe,com/google/common/util/concurrent/DirectExecutor,5,8,62.5
af356adc8c999347,kotlinx/coroutines/UndispatchedMarker,5,7,71.43
2d18ac1060f9fbab,androidx/lifecycle/ViewModelProvider$Factory,5,8,62.5
d06ea3b0bff9667b,kotlinx/coroutines/intrinsics/CancellableKt,5,29,17.24
fb0b1c1bd5e6985f,com/airbnb/lottie/animation/keyframe/FloatKeyframeAnimation,5,15,33.33
851dc4c6f26bd947,androidx/recyclerview/widget/LinearLayoutManager$AnchorInfo,5,46,10.87
cc25fb05a1965d38,kotlin/sequences/SequencesKt__SequencesKt,5,56,8.93
9eecf54e794d0efe,androidx/arch/core/executor/DefaultTaskExecutor,5,27,18.52
f0267af239ae8f50,org/fossify/musicplayer/extensions/PlayerKt$prepareUsingTracks$$inlined$runOnPlayerThread$1,5,6,83.33
6a8122e9b4644032,com/airbnb/lottie/RenderMode$1,5,8,62.5
93d51260be3d93fc,androidx/media3/session/legacy/MediaSessionManager$RemoteUserInfoImplBase,5,20,25.0
e43ce803dd183dbc,okio/Util,5,17,29.41
d75ca5bf4bdc75f9,com/google/common/collect/ImmutableList$Builder,5,18,27.78
a6b02a66c2ac235d,androidx/media3/common/MediaItem$RequestMetadata$Builder,5,10,50.0
87848fe01c97d9c0,androidx/appcompat/widget/DrawableUtils,5,32,15.62
93ee9f6f6a5aeb8c,kotlin/internal/jdk8/JDK8PlatformImplementations,5,22,22.73
aebdc4ed64381331,androidx/media3/exoplayer/source/MediaSource$MediaPeriodId,5,27,18.52
9eca269c3d3e0832,kotlinx/coroutines/internal/SystemPropsKt__SystemPropsKt,5,6,83.33
4ba68ebc62cc4a8c,androidx/media3/session/SequencedFutureManager$SequencedFuture,5,6,83.33
8f359b341ef3679f,androidx/activity/ComponentActivity$4,5,5,100.0
add87f2f56564948,androidx/media3/common/util/StuckPlayerDetector$StuckSuppressedDetector,5,22,22.73
a609d9f78a125bd9,androidx/media3/session/legacy/MediaSessionManager$RemoteUserInfo,5,21,23.81
acedc39a6dd53cff,androidx/core/view/AccessibilityDelegateCompat,5,61,8.2
6fbf5bd7876f6d75,androidx/emoji2/text/EmojiCompatInitializer$LoadEmojiCompatRunnable,5,7,71.43
30798682b5c75df0,androidx/appcompat/view/WindowCallbackWrapper,5,29,17.24
2ba3bab2ff528122,com/airbnb/lottie/parser/JsonUtils$1,5,8,62.5
caeecff49a5e5031,kotlinx/coroutines/flow/CallbackFlowBuilder,5,23,21.74
2a75a4740df2bc33,com/airbnb/lottie/model/content/ShapeGroup,5,6,83.33
26090d37a5643e5f,androidx/media3/datasource/DefaultDataSource$Factory,4,11,36.36
3098cd6f12b31f58,kotlin/collections/CollectionsKt__IterablesKt,4,26,15.38
1b7a88c1af456c42,androidx/core/view/PointerIconCompat,4,11,36.36
df1a5eb11c6dad05,org/fossify/musicplayer/fragments/ArtistsFragment$special$$inlined$viewBinding$1,4,4,100.0
a7b8bd0bbac850aa,org/fossify/commons/databinding/BottomTablayoutItemBinding,4,15,26.67
ec50f3173f8f51ed,org/fossify/musicplayer/activities/SimpleControllerActivity$maybePreparePlayer$lambda$2$$inlined$maybePreparePlayer$1$1$1,4,4,100.0
d9b88a9b5e8b6c32,androidx/media3/session/SessionUtil,4,17,23.53
f09be23cf933ea48,kotlinx/coroutines/EventLoopImplPlatform,4,8,50.0
0c0fab828744e123,androidx/media3/common/util/StuckPlayerDetector$StuckBufferingDetector,4,36,11.11
795090b820bc3b65,org/fossify/musicplayer/activities/MainActivity$special$$inlined$viewBinding$1,4,4,100.0
48171cdf1b67fde9,androidx/constraintlayout/core/Cache,4,4,100.0
474863b9c4dd3271,androidx/media3/decoder/CryptoInfo,4,14,28.57
defeb275288a4680,com/airbnb/lottie/value/ScaleXY,4,11,36.36
86682fa9adf1a688,androidx/media3/exoplayer/MediaPeriodQueue,4,518,0.77
fca3c48841b16b4e,androidx/media3/exoplayer/upstream/SlidingPercentile,4,35,11.43
ac54fef4d94668c5,androidx/core/os/TraceCompat,4,41,9.76
606d1e90c6ceeb03,com/qtalk/recyclerviewfastscroller/RecyclerViewFastScroller$FastScrollDirection,4,6,66.67
ac2c0a1374088102,androidx/media3/common/util/NetworkTypeObserver$Receiver,4,4,100.0
3679ab0d4f77918a,androidx/media3/exoplayer/audio/SilenceSkippingAudioProcessor,4,157,2.55
a890ae82be588be9,kotlin/Triple,4,29,13.79
e88b840c850d2a20,kotlin/random/Random,4,99,4.04
d3c8011f7e370f3e,androidx/recyclerview/widget/RecyclerView$ViewFlinger,4,125,3.2
07ffc565e099f1e8,androidx/media3/common/util/SystemClock,4,7,57.14
25873d9c58a7e4b5,androidx/core/content/res/GrowingArrayUtils,4,48,8.33
c4c280c160674024,androidx/core/util/Preconditions,4,73,5.48
b80b2023f5d3a9b7,kotlin/ranges/RangesKt___RangesKt,4,535,0.75
38509983beef0b6f,com/qtalk/recyclerviewfastscroller/RecyclerViewFastScroller$PopupPosition,4,6,66.67
947cd74898febfb8,androidx/room/RoomDatabaseKt,4,10,40.0
29a3ebcf68292e30,androidx/core/graphics/drawable/DrawableCompat,4,108,3.7
c95b0f16b318a1d5,androidx/media3/session/IMediaSessionService$Stub,4,18,22.22
a48717eef10196dc,kotlin/Result,4,31,12.9
77eb2c102eae1190,kotlin/collections/AbstractList$Companion,4,45,8.89
af62e6978e35d30f,androidx/concurrent/futures/AbstractResolvableFuture$SafeAtomicHelper,4,6,66.67
079583a26e65debd,com/airbnb/lottie/animation/keyframe/ShapeKeyframeAnimation,4,32,12.5
df48054091652e7a,androidx/room/TransactionExecutor,4,22,18.18
7df8cdca383acd46,androidx/appcompat/widget/ThemeUtils,4,37,10.81
d5d637ebc608b156,org/fossify/commons/helpers/BaseConfig$Companion,4,4,100.0
1b16435d8ee79316,androidx/core/view/WindowInsetsCompat$Impl21,4,14,28.57
c030585e87750ae2,kotlin/coroutines/AbstractCoroutineContextKey,4,11,36.36
d53135614a515c4b,androidx/lifecycle/LifecycleRegistryKt,4,9,44.44
405f6ba2fb8796f7,androidx/viewpager/widget/ViewPager$LayoutParams,4,5,80.0
84814c1f6e2f5017,androidx/lifecycle/ProcessLifecycleOwner$Api29Impl,4,4,100.0
841267c16980acb9,org/fossify/musicplayer/JacocoInstrument/SMSInstrumentedReceiver,4,7,57.14
e74a8852de31264f,androidx/media3/common/audio/AudioProcessor$AudioFormat,4,17,23.53
925b340cd1ba407c,androidx/room/RoomOpenDelegate,4,5,80.0
b14a2391648931cc,androidx/emoji2/text/EmojiCompat$Config,4,29,13.79
464702ad5194d2ad,androidx/lifecycle/ReportFragment$LifecycleCallbacks$Companion,4,4,100.0
e9509c36d50e2791,com/airbnb/lottie/model/animatable/AnimatableFloatValue,4,6,66.67
552ac92e3004b407,androidx/activity/ComponentActivity$ReportFullyDrawnExecutorImpl,4,34,11.76
5126948f31e40c7c,kotlinx/coroutines/CompletableDeferredImpl,4,9,44.44
c53baa1113eab48a,kotlinx/coroutines/CoroutineDispatcher$Key,4,7,57.14
869d2b613f46aac9,com/airbnb/lottie/parser/IntegerParser,4,4,100.0
8de8bcfdaa9473f7,kotlinx/coroutines/ExecutorCoroutineDispatcher$Key,4,7,57.14
acc9e39c9d5eba9c,androidx/media3/exoplayer/PlaybackInfo,4,33,12.12
1d649072460be38a,org/fossify/musicplayer/fragments/PlaylistsFragment$special$$inlined$viewBinding$1,4,4,100.0
a5b69f7754b926e2,org/fossify/musicplayer/playback/PlaybackService$withPlayer$$inlined$runOnPlayerThread$1,4,4,100.0
8724e8df7f2fe87c,androidx/sqlite/db/SupportSQLiteOpenHelper$Configuration$Companion,4,4,100.0
1c7aeab1fa38545a,org/fossify/musicplayer/fragments/AlbumsFragment$special$$inlined$viewBinding$1,4,4,100.0
9847f01df733a7a4,org/fossify/musicplayer/fragments/TracksFragment$special$$inlined$viewBinding$1,4,4,100.0
3377fe918625c2d6,okio/Timeout,4,50,8.0
87154da547c33410,kotlin/sequences/GeneratorSequence,4,5,80.0
c6238ce84673a531,org/fossify/musicplayer/activities/SimpleControllerActivity$maybePreparePlayer$lambda$2$$inlined$maybePreparePlayer$1,4,4,100.0
6fc35beff19bbc3a,androidx/media3/exoplayer/CodecParameters,4,64,6.25
2bca40503a72b834,androidx/media3/exoplayer/ExoPlayerImplInternal$PlaybackInfoUpdate,4,15,26.67
58fab761cabb2cc9,androidx/constraintlayout/core/widgets/ConstraintAnchor$Type,4,5,80.0
654bf35aca36b60c,org/fossify/musicplayer/App$initController$1,4,8,50.0
10bdc98bd845ab46,androidx/media3/session/IMediaSession$Stub,4,318,1.26
34df1384fbfff6e2,androidx/media3/common/util/BackgroundExecutor,4,6,66.67
853fb84c872b0012,com/google/android/material/shape/RoundedCornerTreatment,4,5,80.0
e43e841cbee834ba,androidx/media3/exoplayer/DefaultLivePlaybackSpeedControl$Builder,4,31,12.9
0a6fc9f8019298c5,androidx/media3/exoplayer/trackselection/TrackSelectorResult,4,24,16.67
d3605b28c8ecba7c,com/airbnb/lottie/parser/FloatParser,4,4,100.0
722c06b1c47eaa3e,androidx/media3/common/AudioAttributes$Builder,4,9,44.44
84db9b70706314ed,androidx/appcompat/app/AppCompatDelegateImpl$3,4,9,44.44
68342d7475896bf3,org/fossify/musicplayer/helpers/Config$Companion,4,4,100.0
9f4aea4fb59b0b0b,com/airbnb/lottie/parser/PathParser,4,4,100.0
68794ca0954aad93,okio/Okio,4,41,9.76
6690f3968cd505f7,androidx/media3/common/util/TimedValueQueue,4,42,9.52
fe1bd2d16741b7bd,androidx/emoji2/text/SpannableBuilder$WatcherWrapper,4,25,16.0
0b8db218c7ca4228,kotlinx/coroutines/flow/StateFlowKt,4,39,10.26
2019c44b99938175,kotlinx/coroutines/ExecutorsKt,4,16,25.0
981849738f94f239,androidx/core/view/WindowInsetsCompat$BuilderImpl,4,42,9.52
0989b32615174376,org/fossify/musicplayer/objects/MyExecutor,4,4,100.0
8c0cc39fa03d9358,androidx/media3/common/MediaItem$ClippingProperties,4,4,100.0
f8725f10fd79c6ed,org/fossify/commons/views/MyLinearLayoutManager,4,8,50.0
5d49afdd2ad7f54e,com/google/android/material/progressindicator/DrawableWithAnimatedVisibilityChange$2,4,4,100.0
d449464be6fcc9dd,com/airbnb/lottie/model/animatable/AnimatableScaleValue,4,6,66.67
d4abfc114c3389d1,kotlin/jvm/internal/Reflection,4,46,8.7
4f0d06ca401b74aa,androidx/lifecycle/viewmodel/CreationExtras,4,11,36.36
99d905637204d33f,com/airbnb/lottie/model/layer/CompositionLayer$1,4,6,66.67
f6b70a7f28cb898d,org/greenrobot/eventbus/android/DefaultAndroidMainThreadSupport,4,5,80.0
0e01089b528af9a4,org/fossify/musicplayer/views/CurrentTrackBar$special$$inlined$viewBinding$1,4,4,100.0
23058e4673ec4369,kotlin/SafePublicationLazyImpl,4,20,20.0
656c9d50cff02a1a,com/airbnb/lottie/LottieFeatureFlag,4,6,66.67
dbaccf4208272125,androidx/lifecycle/viewmodel/internal/ViewModelProviderImpl_androidKt,4,10,40.0
7260539afe1f81ed,androidx/emoji2/text/EmojiCompat$CompatInternal19,4,28,14.29
f48328bbf75c0520,androidx/recyclerview/widget/RecyclerView$Adapter$StateRestorationPolicy,4,6,66.67
24979031e9d52307,org/fossify/musicplayer/fragments/FoldersFragment$special$$inlined$viewBinding$1,4,4,100.0
1aa18c9b19f1b141,androidx/emoji2/text/DefaultGlyphChecker,4,16,25.0
e88cda5e15c82981,com/airbnb/lottie/model/content/ShapeData,4,63,6.35
8282dced5074e0bd,com/airbnb/lottie/LottieTask$LottieFutureTask,4,8,50.0
a3505d2a1c49fc85,androidx/media3/common/MediaLibraryInfo,4,7,57.14
966608115876990b,org/fossify/musicplayer/extensions/MutableListKt,4,10,40.0
b2dd908ff0c4bdfc,org/fossify/musicplayer/helpers/NotificationHelper,4,39,10.26
ce91af5d159d2b27,androidx/media3/session/legacy/PlaybackStateCompat$CustomAction$Builder,4,10,40.0
3eee56388147960c,androidx/core/app/NavUtils,4,44,9.09
5ea42c7f3515b87f,com/airbnb/lottie/LottieAnimationView$WeakSuccessListener,4,5,80.0
0cafa113a3d9ae76,androidx/core/content/res/ResourcesCompat$ColorStateListCacheEntry,3,4,75.0
d4034d4ad835c137,androidx/concurrent/futures/ResolvableFuture,3,5,60.0
db78fb04b64886a5,androidx/core/view/GestureDetectorCompat,3,7,42.86
b0ad0792e73f70a4,androidx/media3/session/MediaLibraryService$MediaLibrarySession,3,28,10.71
a8f47c51316bb574,org/fossify/musicplayer/interfaces/PlaylistsDao_Impl$Companion,3,3,100.0
ef5202fac46c18ca,kotlin/collections/EmptyIterator,3,15,20.0
3a96b4eb76b4a9d0,androidx/interpolator/view/animation/FastOutSlowInInterpolator,3,3,100.0
1e077a104cdaf98d,androidx/recyclerview/widget/RecyclerView$ItemAnimator,3,42,7.14
03e1252d59b64e3e,androidx/media3/decoder/CryptoInfo$PatternHolderV24,3,6,50.0
a1da2056dfe45f36,com/airbnb/lottie/animation/keyframe/ValueCallbackKeyframeAnimation,3,11,27.27
656ed771b6f8c56a,kotlin/jvm/internal/PropertyReference,3,35,8.57
a1b4e35a116ec22f,androidx/emoji2/viewsintegration/EmojiKeyListener,3,13,23.08
4cfb41abae31b2b7,kotlinx/coroutines/Job$DefaultImpls,3,21,14.29
9632dec57a6e60bb,androidx/media3/exoplayer/CodecParameters$Builder,3,18,16.67
66e7976ca4207780,androidx/room/InvalidationLiveDataContainer,3,12,25.0
6d368a5a67379213,me/grantland/widget/AutofitHelper$AutofitOnLayoutChangeListener,3,3,100.0
55df58d871d86e40,androidx/media3/session/MediaSession$ConnectionResult$AcceptedResultBuilder,3,15,20.0
ff5ba12a4db44102,com/google/common/collect/ImmutableBiMap,3,95,3.16
9724da2d247d4b91,androidx/core/util/ObjectsCompat,3,13,23.08
7b10bd7be0cd4589,androidx/sqlite/db/SupportSQLiteOpenHelper$Configuration,3,9,33.33
5feaee8996b0f4ee,com/google/common/util/concurrent/MoreExecutors,3,125,2.4
630b8a4360e38a38,org/fossify/musicplayer/models/Artist$Companion,3,18,16.67
e040bfad4bc397bb,androidx/appcompat/widget/FitWindowsFrameLayout,3,7,42.86
fe04f363e8393685,org/fossify/commons/views/MyRecyclerView$GestureListener,3,24,12.5
b940c0daeda9903d,androidx/media3/exoplayer/trackselection/TrackSelector,3,19,15.79
a57e244041272409,androidx/appcompat/app/AppCompatDelegate$SerialExecutor,3,18,16.67
a08badc3d51d9c6b,androidx/sqlite/db/framework/FrameworkSQLiteOpenHelper$DBRefHolder,3,3,100.0
d2e26cbcf62e0c39,org/fossify/commons/extensions/AppKt,3,7,42.86
e40a1cd6dce1206f,kotlinx/coroutines/Empty,3,6,50.0
001630b731aa258f,com/airbnb/lottie/utils/OffscreenLayer$ComposeOp,3,24,12.5
0a80801115841bbe,androidx/navigationevent/NavigationEventTransitionState,3,3,100.0
6da305b837a76b65,kotlinx/coroutines/GlobalScope,3,3,100.0
c73014421a0fac6f,androidx/media3/session/ConnectionState$InProcessBinder,3,3,100.0
0959eaa2d62090c8,org/fossify/musicplayer/interfaces/ArtistsDao_Impl$Companion,3,3,100.0
a24201c17aaf0c09,kotlin/io/CloseableKt,3,15,20.0
2d5c2b0547536439,androidx/emoji2/text/EmojiCompatInitializer$1,3,3,100.0
2387abbc42fa3ff9,androidx/constraintlayout/core/state/WidgetFrame,3,325,0.92
170c779b55b59075,com/google/common/collect/Iterables,3,167,1.8
9ad74fd11e923ecf,kotlinx/coroutines/flow/FlowKt,3,163,1.84
978148e89b0b2113,kotlin/collections/EmptyMap,3,32,9.38
67f1612948c4cb6a,kotlinx/coroutines/scheduling/DefaultScheduler,3,11,27.27
be4486cb3a0c4726,org/fossify/musicplayer/models/Playlist$Companion,3,11,27.27
390d3ed029cfcbbf,androidx/lifecycle/SavedStateHandleSupport$savedStateHandlesVM$1,3,3,100.0
3fc8cb65aa674b1a,kotlin/coroutines/jvm/internal/SuspendLambda,3,8,37.5
092db5bf6e44f703,org/fossify/musicplayer/models/Album$Companion,3,28,10.71
d228820b1f5a4aaf,kotlinx/coroutines/JobKt__JobKt,3,99,3.03
eccda6022d35e20f,com/airbnb/lottie/animation/keyframe/PathKeyframeAnimation,3,25,12.0
b93a4dd8dee62c20,androidx/room/coroutines/RunBlockingUninterruptible_androidKt,3,3,100.0
6c560dbdd38c6452,org/fossify/commons/extensions/FileKt,3,164,1.83
e17d4aeadce74135,androidx/core/view/ViewCompat$Api23Impl,3,8,37.5
8d73acc4258572b4,androidx/activity/result/ActivityResultRegistry$register$3,3,17,17.65
e468ca7c812c79b2,kotlin/collections/CollectionsKt__MutableCollectionsJVMKt,3,19,15.79
311432d7a539706e,org/fossify/musicplayer/extensions/PlayerKt$runOnPlayerThread$1,3,3,100.0
533d4a31152d8a84,com/google/android/material/progressindicator/DrawableWithAnimatedVisibilityChange$3,3,5,60.0
b88ee16cbdeb72b3,kotlin/collections/SetsKt__SetsJVMKt,3,16,18.75
511b24d032be11b9,androidx/core/view/WindowInsetsCompat$Type,3,23,13.04
b67c2ee78f0a109a,kotlinx/coroutines/scheduling/SchedulerCoroutineDispatcher,3,22,13.64
45bd04bb1187678d,com/google/android/material/progressindicator/LinearDrawingDelegate,3,169,1.78
08e7f84266a54127,kotlinx/coroutines/flow/internal/NullSurrogateKt,3,3,100.0
eae99c6b0e56df96,androidx/core/view/SoftwareKeyboardControllerCompat,3,10,30.0
88188b2404eff090,com/google/common/util/concurrent/Uninterruptibles,3,157,1.91
2ce02d04b66600e8,com/google/common/collect/ImmutableBiMap$Builder,3,28,10.71
d9a0dc160ed45c0d,com/google/android/material/internal/ToolbarUtils,3,65,4.62
b3bc811caa482f98,kotlin/jdk7/AutoCloseableKt,3,18,16.67
07e2a132650b6470,androidx/appcompat/widget/TooltipCompat,3,5,60.0
ac7ccbf170cb6f1a,org/fossify/musicplayer/interfaces/AlbumsDao_Impl$Companion,3,3,100.0
464c447cbbe4811e,androidx/core/view/NestedScrollingChildHelper,3,101,2.97
89a07d4c9a0ff615,androidx/media3/session/MediaSessionLegacyStub$Api31,3,8,37.5
34773f12913a037d,com/google/common/collect/Hashing,3,15,20.0
96204eef6789067f,androidx/room/util/SQLiteStatementUtil,3,5,60.0
ac5e88dca04a9d97,androidx/core/os/BundleKt,3,53,5.66
89ded9e22e654735,com/google/common/util/concurrent/Futures,3,68,4.41
2ddc258a83340210,com/google/common/base/Objects,3,9,33.33
5893e13abb864bae,androidx/core/os/BundleCompat,3,24,12.5
a49a90d05b16e6de,com/google/common/util/concurrent/MoreExecutors$ListeningDecorator,3,9,33.33
fb2b9eb4a5eef9a3,kotlin/Pair,3,22,13.64
f3b93730ef91113c,org/fossify/musicplayer/extensions/LooperKt,3,3,100.0
16aeec755d25cdaf,com/google/common/collect/ByFunctionOrdering,3,14,21.43
13bc9c2d1369a69f,kotlin/coroutines/intrinsics/CoroutineSingletons,3,6,50.0
b1bebdf64b63dd41,kotlin/jvm/internal/CallableReference$NoReceiver,3,4,75.0
0f0be1cc0ec95a82,kotlin/collections/ArrayAsCollection,3,27,11.11
79f67e2b45c05881,kotlin/jvm/internal/FunctionReference,3,38,7.89
035ec6eba6c7c9c3,androidx/media3/common/AudioAttributes$Api29,3,4,75.0
38aba27ce59be45c,androidx/sqlite/db/framework/FrameworkSQLiteOpenHelperFactory,3,3,100.0
5c4e272271206167,androidx/sqlite/db/framework/FrameworkSQLiteStatement,3,7,42.86
90627169c7952daa,androidx/collection/ArraySet$ElementIterator,3,3,100.0
2fb089f92be7e692,androidx/sqlite/db/SupportSQLiteOpenHelper$Callback,3,66,4.55
a953f98093046880,org/greenrobot/eventbus/EventBus$1,3,3,100.0
37f58e3507c3357a,org/fossify/commons/activities/AppLockActivityKt,3,7,42.86
85ad5829fdc2bb80,androidx/media3/session/MediaNotificationManager$MediaControllerListener,3,20,15.0
cd1aea293d53b1b8,androidx/media3/exoplayer/trackselection/AdaptiveTrackSelection$Factory,3,18,16.67
0c14020271883467,androidx/media3/exoplayer/audio/AudioRendererEventListener$EventDispatcher,3,77,3.9
dd0a2b8d6b80d115,com/google/android/material/shape/ShapePath$ShadowCompatOperation,3,4,75.0
3ae118fd5e65804e,kotlinx/coroutines/DispatchedTaskKt,3,88,3.41
6fdcfdee0d56633b,org/fossify/musicplayer/interfaces/SongsDao_Impl$Companion,3,3,100.0
81fb0a353f4518ec,androidx/room/RoomDatabase$createConnectionManager$3,3,3,100.0
83f0633482d01e64,com/google/common/util/concurrent/LazyLogger,3,9,33.33
90b54dfcd9e2f83d,kotlin/random/Random$Default,3,21,14.29
32696b040d7478ac,com/google/common/primitives/Ints,3,120,2.5
9db98a98d6c09d28,kotlinx/coroutines/Dispatchers,3,12,25.0
4d85da835ee9c53f,kotlin/ranges/IntRange,3,35,8.57
c40045fe4cd341ce,androidx/media3/exoplayer/audio/DefaultAudioOffloadSupportProvider,3,35,8.57
582415b0185fc92d,com/airbnb/lottie/value/LottieValueCallback,3,13,23.08
f23a624aa2c28e5e,kotlin/random/FallbackThreadLocalRandom,3,3,100.0
b585cd2b895b7d1b,kotlinx/coroutines/NonDisposableHandle,3,6,50.0
f13c1f7fe1afd2c7,androidx/media3/common/MimeTypes,3,367,0.82
a7131a532ba7fbae,androidx/emoji2/viewsintegration/EmojiInputFilter$InitCallbackImpl,3,30,10.0
ec47be06f09f2fa9,org/fossify/musicplayer/models/Track$Companion,3,40,7.5
90379024d0701d1c,androidx/media3/common/ForwardingPlayer$ForwardingListener,3,38,7.89
7beb69a99eef412d,androidx/media3/session/IMediaController$Stub,3,87,3.45
f33ffb18d387762c,androidx/media3/exoplayer/audio/AudioCapabilities$AudioProfile,3,38,7.89
49cdbd4f828ccb9e,androidx/media3/common/util/StuckPlayerDetector$StuckPlayingDetector,3,28,10.71
94dcdb86ed0dffc1,org/fossify/musicplayer/interfaces/GenresDao_Impl$Companion,3,3,100.0
7ed36378d13fc13a,androidx/recyclerview/widget/GapWorker$LayoutPrefetchRegistryImpl,3,40,7.5
7045cffb3fdbbdd4,androidx/media3/exoplayer/ExoPlayerImpl$CodecParameterListenerManager,3,41,7.32
efefbd59d0202f52,kotlinx/coroutines/internal/LockFreeTaskQueue,3,34,8.82
39e8924c9b01bd6d,kotlinx/coroutines/SupervisorKt,3,14,21.43
f19ba3bff1c46e00,androidx/media3/exoplayer/mediacodec/MediaCodecRenderer$OutputStreamInfo,3,3,100.0
47005e72ad4eaa6e,com/airbnb/lottie/LottieFeatureFlags,3,7,42.86
e38d805e94c469c9,com/google/android/material/shape/EdgeTreatment,3,5,60.0
d9e12545ba25b86b,androidx/collection/ArrayMap$ValueCollection,3,47,6.38
05bdbcffc20ee5a0,org/fossify/musicplayer/interfaces/QueueItemsDao_Impl$Companion,3,3,100.0
fa22a534066c065e,kotlinx/coroutines/EventLoop_commonKt,3,9,33.33
99149a403ba757c8,org/fossify/musicplayer/models/Genre$Companion,3,11,27.27
19e0f0d02b22ed5c,androidx/lifecycle/DefaultLifecycleObserver,3,6,50.0
dfea7a10c6754cdf,kotlinx/coroutines/flow/internal/ChannelFlow,3,56,5.36
c8a4ff6c13fa5b65,org/fossify/commons/views/MyViewPager,3,15,20.0
529791fe0b0c8710,androidx/room/coroutines/PassthroughConnection$PassthroughTransactor,3,6,50.0
d7010755fd06f2c5,com/google/common/util/concurrent/AbstractFuture$Listener,3,3,100.0
a94ee697109cd0e5,androidx/arch/core/internal/SafeIterableMap$Entry,3,14,21.43
036bd6107f06a5dc,androidx/coordinatorlayout/widget/CoordinatorLayout$HierarchyChangeListener,3,9,33.33
c527c101e34ad8d3,androidx/lifecycle/LifecycleDispatcher$DispatcherActivityCallback,3,3,100.0
7fbc0bee50f4eb6c,org/fossify/musicplayer/models/Folder$Companion,3,11,27.27
e0197b02c71323e8,org/fossify/musicplayer/activities/SplashActivity,3,3,100.0
688bf4af0c589f90,kotlin/random/FallbackThreadLocalRandom$implStorage$1,3,3,100.0
2882dd08b8961d1b,androidx/lifecycle/viewmodel/CreationExtras$Companion,2,4,50.0
3ba48aed5265c30e,androidx/navigationevent/NavigationEventTransitionState$Idle,2,3,66.67
f25b5c78e4c4aac1,kotlinx/coroutines/AbstractTimeSourceKt,2,34,5.88
09f550d6c5d46cdc,org/fossify/musicplayer/interfaces/QueueItemsDao_Impl$1,2,11,18.18
eb9ae6f05c2c1105,kotlinx/coroutines/Unconfined,2,7,28.57
cf1d27d7b4ff7cb4,com/google/android/material/appbar/AppBarLayout$BaseBehavior$SavedState,2,26,7.69
2a0ba34228542197,org/fossify/musicplayer/playback/MediaSessionCallbackKt,2,2,100.0
1a5b174a36936b17,androidx/media3/common/Timeline$1,2,7,28.57
a9e083d94cb4961a,org/fossify/commons/extensions/EditTextKt,2,15,13.33
62a1ade9dfe8c038,androidx/interpolator/view/animation/LookupTableInterpolator,2,4,50.0
70bc17d04f6198a1,androidx/media3/exoplayer/audio/MediaCodecAudioRenderer$AudioSinkListener,2,26,7.69
86a8d077f745912b,androidx/media3/session/MediaControllerImplBase$SurfaceCallback,2,43,4.65
d5f2c85934776967,androidx/core/view/GravityCompat,2,5,40.0
8dcfba22c699b1a4,org/fossify/musicplayer/playback/player/PlayerListenerKt,2,2,100.0
d8a938adb86b98b8,kotlin/coroutines/jvm/internal/DebugProbesKt,2,3,66.67
45dd8a866ff5405c,androidx/room/InvalidationTracker$Companion,2,2,100.0
d404e4cacbf58bc5,kotlinx/coroutines/flow/ReadonlyStateFlow,2,5,40.0
f593c7f4a8a93bdd,androidx/media3/common/util/Log$Logger$1,2,5,40.0
595a534fad2ca61e,androidx/fragment/app/FragmentLayoutInflaterFactory,2,70,2.86
82bdf917ab2f91bd,androidx/lifecycle/ViewTreeViewModelStoreOwner,2,11,18.18
c4f4b20051aef667,androidx/appcompat/widget/AppCompatTextHelper$1,2,9,22.22
6329067e5ee4aaf1,kotlinx/coroutines/CoroutineScopeKt,2,30,6.67
d34b7d0ce787b88c,org/fossify/commons/adapters/MyRecyclerViewAdapter$setupDragListener$1,2,11,18.18
6001310f01ed21ad,kotlin/coroutines/jvm/internal/CompletedContinuation,2,7,28.57
162d3216f02f6549,org/fossify/musicplayer/interfaces/ArtistsDao_Impl$1,2,9,22.22
d539d355610f76e4,androidx/concurrent/futures/AbstractResolvableFuture$AtomicHelper,2,2,100.0
7627f9f3d8a206de,kotlin/internal/PlatformImplementations,2,18,11.11
65ff3963a5f6d8d7,androidx/core/view/animation/PathInterpolatorCompat,2,10,20.0
f07de814c889a102,org/fossify/commons/extensions/TabLayoutKt,2,7,28.57
d8d41a13bd1a8e37,androidx/activity/ComponentActivity$Companion,2,2,100.0
af5955c6f202a967,kotlin/collections/builders/SetBuilder$Companion,2,2,100.0
6d61a5550b98f1a2,kotlin/SafePublicationLazyImpl$Companion,2,2,100.0
b8adf0a24123fb0d,androidx/room/util/SQLiteStatementUtil__StatementUtil_androidKt,2,23,8.7
9a2044c0e5edc925,kotlinx/coroutines/internal/LockFreeLinkedListHead,2,11,18.18
ba04f388d177dac3,androidx/media3/session/legacy/IMediaSession$Stub,2,51,3.92
d6984e9b169f1cd4,androidx/media3/exoplayer/audio/OggOpusAudioPacketizer,2,75,2.67
ef7d197ac340170f,androidx/media3/session/legacy/MediaSessionCompat$MediaSessionImplApi29,2,2,100.0
6aed693058355988,org/fossify/musicplayer/adapters/AlbumsAdapter,2,78,2.56
aa6b0305983a6330,androidx/room/TriggerBasedInvalidationTracker$Companion,2,5,40.0
7cd254d272c528a8,kotlin/collections/AbstractMutableSet,2,2,100.0
416b7b4384758c2a,org/fossify/commons/compose/extensions/ContextComposeExtensionsKt,2,2,100.0
06a825d6bb38cac0,com/google/android/material/shape/ShapePath$PathOperation,2,2,100.0
3d5f3bae9e265a11,com/google/common/collect/NaturalOrdering,2,17,11.76
5fd13e9a1b78e8ff,org/fossify/musicplayer/adapters/TracksAdapter$Companion,2,2,100.0
5184a4960d786abe,kotlin/collections/AbstractList,2,30,6.67
cce980a793f00d65,androidx/recyclerview/widget/RecyclerView$RecycledViewPool$ScrapData,2,2,100.0
978af248c046a759,org/fossify/commons/extensions/SharedPreferencesProducerExtensionsKt,2,5,40.0
7b7f623bc6945d30,androidx/activity/ComponentActivity$activityResultRegistry$1,2,39,5.13
e3eabf79b1576f2e,androidx/appcompat/widget/LinearLayoutCompat$LayoutParams,2,5,40.0
27c3b72a26038401,org/fossify/musicplayer/adapters/TracksAdapter$1,2,6,33.33
62a032c057c2154c,androidx/lifecycle/ProcessLifecycleOwner$initializationListener$1,2,5,40.0
3906f5b886f67941,kotlin/enums/EnumEntriesKt,2,6,33.33
a14ac1348ea34dca,androidx/savedstate/internal/SavedStateRegistryImpl$Companion,2,2,100.0
5feb367d6a2630a8,com/airbnb/lottie/model/animatable/AnimatableIntegerValue,2,5,40.0
984787e7129f5e27,com/airbnb/lottie/animation/keyframe/BaseKeyframeAnimation$EmptyKeyframeWrapper,2,8,25.0
0a9fc621486f27fc,com/qtalk/recyclerviewfastscroller/RecyclerViewFastScroller$FastScrollDirection$Companion,2,9,22.22
1d49908cee2510d4,kotlinx/coroutines/ExecutorCoroutineDispatcher,2,2,100.0
cedd767d98f16302,com/airbnb/lottie/model/animatable/AnimatableShapeValue,2,6,33.33
1c61cc7294387749,org/greenrobot/eventbus/Logger$Default,2,4,50.0
805332b74977c817,org/greenrobot/eventbus/EventBus$PostingThreadState,2,2,100.0
459fe42217206515,kotlin/collections/builders/ListBuilder$Companion,2,2,100.0
57304e0aaa21e091,androidx/activity/ViewTreeFullyDrawnReporterOwner,2,11,18.18
01420bca162e6f32,androidx/vectordrawable/graphics/drawable/AnimationUtilsCompat,2,70,2.86
e7718f2b78a20365,kotlinx/coroutines/NodeList,2,21,9.52
76a908fc0b94465f,androidx/activity/result/contract/ActivityResultContracts$StartActivityForResult,2,6,33.33
1a0cce02ba01cdbd,kotlin/collections/IntIterator,2,4,50.0
63a4a878be76961e,androidx/activity/result/contract/ActivityResultContracts$StartActivityForResult$Companion,2,2,100.0
fecb37665fb235c4,androidx/media3/exoplayer/analytics/PlayerId$LogSessionIdApi31,2,2,100.0
927251cc453b3567,androidx/core/view/ViewCompat$Api20Impl,2,7,28.57
dbb7093aa08ee1e7,androidx/lifecycle/ViewModelProvider$NewInstanceFactory$Companion,2,7,28.57
263e6a8bf4489b1b,androidx/sqlite/SQLiteStatement,2,15,13.33
7fea6ac4a1871751,androidx/sqlite/db/framework/FrameworkSQLiteDatabase$Companion,2,8,25.0
e365dccbc3b6c813,kotlin/collections/MapsKt__MapsJVMKt,2,46,4.35
ff424fa2422f96e4,androidx/room/RoomDatabase$Companion,2,2,100.0
4eee8123e9df826e,kotlin/text/CharsKt__CharJVMKt,2,53,3.77
fce4d5b3c43489e8,androidx/activity/OnBackPressedCallbackInfo,2,24,8.33
acefec92d5dac13f,com/airbnb/lottie/utils/OffscreenLayer,2,230,0.87
85ca5cf1441f09bb,androidx/media3/common/audio/SonicAudioProcessor,2,89,2.25
d0c8276156d415de,kotlinx/coroutines/JobKt,2,30,6.67
8c995da5a23cf7c3,androidx/media3/exoplayer/DefaultLivePlaybackSpeedControl,2,58,3.45
c8dc774a41e26aba,androidx/dynamicanimation/animation/DynamicAnimation$ViewProperty,2,2,100.0
e09ae2201f03996b,org/fossify/musicplayer/models/GenreKt,2,2,100.0
cc205e87c2a664e7,androidx/media3/exoplayer/audio/DefaultAudioSink$DefaultAudioProcessorChain,2,12,16.67
d7eea59adb1bbd9c,kotlinx/coroutines/CoroutineName,2,14,14.29
bc70ffa869f13ed4,androidx/media3/common/Player$Listener,2,37,5.41
c4ee65fb4a3ebe3e,androidx/media3/session/legacy/MediaSessionCompat$Callback$CallbackHandler,2,15,13.33
41f3ac384bd76326,kotlin/Result$Companion,2,5,40.0
6874e685be83554e,androidx/appcompat/app/AppLocalesMetadataHolderService,2,6,33.33
d0d5beeb6faad4fe,androidx/emoji2/text/DefaultEmojiCompatConfig$DefaultEmojiCompatConfigHelper_API19,2,3,66.67
c678eefa7ad3b7eb,com/airbnb/lottie/animation/keyframe/ScaleKeyframeAnimation,2,16,12.5
3fca8b012418f56f,com/google/common/util/concurrent/AbstractFuture$AtomicHelper,2,2,100.0
8296788d5ecfa16b,androidx/fragment/app/FragmentFactory,2,29,6.9
5043583de5bab82d,androidx/media3/exoplayer/ExoPlayer,2,4,50.0
ba9e87f3099e5101,kotlin/collections/AbstractMutableList,2,3,66.67
2c88dd15edd0fa4a,androidx/savedstate/Recreator$Companion,2,2,100.0
5bc34f59bf5eddd3,androidx/media3/exoplayer/audio/DefaultAudioSink$MediaPositionParameters,2,2,100.0
4e0addfe01e9f406,androidx/media3/session/MediaControllerImplBase$FlushCommandQueueHandler,2,19,10.53
28a1de0c6300539c,androidx/media3/exoplayer/mediacodec/DefaultMediaCodecAdapterFactory,2,30,6.67
4c68369e62dd2e60,kotlinx/coroutines/flow/FlowKt__TransformKt,2,30,6.67
49f48abf6a2f8f2f,androidx/core/view/ViewCompat$Api29Impl,2,11,18.18
fba9b41eae0737fc,com/airbnb/lottie/model/animatable/AnimatableColorValue,2,5,40.0
553d6e1dd42b9955,org/fossify/musicplayer/models/AlbumKt,2,2,100.0
e46bf4e9995b8f48,org/fossify/commons/activities/BaseSimpleActivity$Companion,2,14,14.29
5f974b3c0c5d7e69,kotlinx/coroutines/internal/LockFreeTaskQueueCore$Companion,2,10,20.0
0de21c0692703537,kotlinx/coroutines/scheduling/Task,2,2,100.0
802964be0baad997,androidx/dynamicanimation/animation/AnimationHandler$AnimationCallbackDispatcher,2,8,25.0
5235e51ff97f88ea,androidx/lifecycle/viewmodel/CreationExtras$Empty,2,3,66.67
a7db1dbe06190ab5,com/google/android/material/progressindicator/DrawingDelegate$PathPoint,2,23,8.7
2acbdbc936f5d13a,kotlin/internal/PlatformImplementationsKt,2,13,15.38
759ee37ce34bd378,androidx/core/view/ViewCompat$Api26Impl,2,17,11.76
62f12e045410be30,androidx/constraintlayout/core/widgets/analyzer/BasicMeasure$Measure,2,2,100.0
9b970c93f6e2f73b,com/google/common/collect/AbstractMapBasedMultimap,2,97,2.06
d7757f618bb01544,androidx/media3/exoplayer/image/BitmapFactoryImageDecoder$Factory,2,17,11.76
122ecc9b571a8f4a,org/fossify/commons/interfaces/MyActionModeCallback,2,4,50.0
ec3f1fa88d2bd85b,androidx/navigationevent/NavigationEventDispatcher$Companion,2,2,100.0
3bed81df6e420281,kotlinx/coroutines/CoroutineName$Key,2,2,100.0
d58ee69e988fed66,androidx/recyclerview/widget/LinearLayoutManager$LayoutChunkResult,2,2,100.0
164eaf8510d2ce1d,androidx/media3/exoplayer/audio/DefaultAudioSink$PendingExceptionHolder,2,20,10.0
0a3b9ca54fba0e35,androidx/fragment/app/FragmentLifecycleCallbacksDispatcher,2,182,1.1
a4985c99154c2a54,com/google/common/base/Suppliers,2,25,8.0
f33f01277fac9a94,androidx/media3/extractor/DefaultExtractorsFactory$ExtensionLoader,2,15,13.33
7ba5550662a6db22,org/fossify/commons/extensions/ImageViewKt,2,23,8.7
26159ccffbee3607,org/fossify/musicplayer/models/ArtistKt,2,2,100.0
7cdd4bfbf639662a,kotlin/jvm/internal/ReflectionFactory,2,30,6.67
c8241c1e79193a1b,androidx/media3/exoplayer/DefaultSuitableOutputChecker,2,7,28.57
c75224598fd95b96,androidx/emoji2/text/EmojiCompatInitializer$BackgroundDefaultConfig,2,2,100.0
b30265e31ffdfe78,com/qtalk/recyclerviewfastscroller/RecyclerViewFastScroller$PopupPosition$Companion,2,9,22.22
dc50692b3f0ccd19,androidx/core/view/ViewCompat$AccessibilityPaneVisibilityManager,2,40,5.0
ce2d5902218681db,androidx/arch/core/internal/SafeIterableMap$DescendingIterator,2,3,66.67
763cf1f2016651dc,androidx/recyclerview/widget/RecyclerView$OnScrollListener,2,3,66.67
7c75bef25ddb1829,kotlinx/coroutines/internal/ResizableAtomicArray,2,14,14.29
d5018c7889e30700,com/duolingo/open/rtlviewpager/DelegatingPagerAdapter$MyDataSetObserver,2,7,28.57
b56ff2eb099a49bc,androidx/media3/common/audio/AudioBecomingNoisyManager$AudioBecomingNoisyReceiver,2,10,20.0
f520645be970afb1,com/google/android/material/shape/CornerTreatment,2,4,50.0
3c9dbe493428b139,androidx/lifecycle/viewmodel/internal/CanonicalName_jvmKt,2,3,66.67
8bad2c8dd70897e1,kotlinx/coroutines/CompletionStateKt,2,20,10.0
7fc134ec280144e0,com/google/common/collect/RegularImmutableBiMap,2,21,9.52
f7e7c23aa3d4d1da,androidx/media3/session/MediaSessionImpl$MediaPlayPauseKeyHandler,2,20,10.0
f86d1e055bc93a7b,kotlin/random/AbstractPlatformRandom,2,10,20.0
1de161f93a9d815f,androidx/interpolator/view/animation/LinearOutSlowInInterpolator,2,3,66.67
e0365c0ce7f14c29,kotlin/collections/ArrayDeque$Companion,2,2,100.0
39215f75a1886fda,org/fossify/musicplayer/interfaces/AlbumsDao_Impl$1,2,12,16.67
8f0db67d1a065b5d,androidx/lifecycle/ViewModelProvider$AndroidViewModelFactory$Companion,2,7,28.57
3733a1be820a3cd1,kotlinx/coroutines/flow/internal/AbstractSharedFlow,2,51,3.92
3e7023e59e88cb77,androidx/media3/session/legacy/MediaSessionCompat$MediaSessionImplApi23$ExtraSession,2,46,4.35
ff60125053d56691,androidx/media3/exoplayer/DefaultMediaClock,2,71,2.82
3a71f3599d5acce3,androidx/lifecycle/SavedStateHandlesVM,2,3,66.67
acfc6b4bbaaad5b2,org/greenrobot/eventbus/AsyncPoster,2,8,25.0
00448760f238bdcf,androidx/media3/exoplayer/audio/DefaultAudioSink$AudioTrackBufferSizeProvider,2,2,100.0
3f39e153585abee7,androidx/savedstate/ViewTreeSavedStateRegistryOwner,2,11,18.18
f4a4e9230a4edf31,androidx/sqlite/driver/SupportSQLiteStatement$RowSQLiteStatement$Companion,2,13,15.38
ed131375f3e82570,com/airbnb/lottie/LottieAnimationView$WeakFailureListener,2,11,18.18
3078fadf11ae7227,org/fossify/musicplayer/adapters/FoldersAdapter,2,51,3.92
a428ae983e956d67,kotlin/jvm/internal/CallableReference,2,30,6.67
fb9002281ebe1e40,org/fossify/commons/adapters/MyRecyclerViewAdapter$1,2,53,3.77
1fe60cdf29ef239d,androidx/media3/exoplayer/image/ImageRenderer$OutputStreamInfo,2,2,100.0
3e75bcba72e6a971,androidx/room/BaseRoomConnectionManager$Companion,2,2,100.0
648ded8fd6c2a69b,androidx/media3/common/util/StuckPlayerDetector$1,2,2,100.0
707fba6169d37aa0,kotlinx/coroutines/Job$Key,2,2,100.0
8e3d3c6d780e73d3,kotlin/collections/EmptySet,2,28,7.14
3b34e9477ddfa639,androidx/core/view/WindowInsetsCompat$BuilderImpl30,2,11,18.18
27b37ff40ee31f16,androidx/appcompat/content/res/AppCompatResources,2,3,66.67
48fd9436dc2d3953,kotlinx/coroutines/internal/ContextScope,2,3,66.67
e1f2a0dcbb88531c,androidx/interpolator/view/animation/FastOutLinearInInterpolator,2,3,66.67
690a4004df350fe8,kotlin/text/Regex$Companion,2,13,15.38
2c67b393dedfe8c9,androidx/appcompat/app/AppCompatDelegateImpl$5,2,3,66.67
9ec98ae98a6587ab,com/google/android/material/appbar/HeaderBehavior,2,95,2.11
8ec0914ef49d610f,androidx/arch/core/executor/DefaultTaskExecutor$1,2,4,50.0
e2b3339da244792a,androidx/core/view/ViewConfigurationCompat$Api26Impl,2,3,66.67
9851970082ca27d1,com/google/common/collect/CollectPreconditions,2,16,12.5
ac9abc708674dceb,kotlin/coroutines/ContinuationInterceptor$Key,2,2,100.0
ed35bd731184eb5c,org/fossify/musicplayer/playback/player/PlayerListenerKt$getPlayerListener$1,2,22,9.09
b8130bc6efc336b8,com/google/common/collect/SingletonImmutableSet,2,12,16.67
d134d737fe72a2de,kotlin/ranges/IntProgression$Companion,2,3,66.67
39bce1e53d30dfd9,androidx/media3/exoplayer/audio/ToFloatPcmAudioProcessor,2,55,3.64
ef1274f64343c215,androidx/emoji2/text/EmojiCompat$CompatInternal19$1,2,3,66.67
1f7ebb5865eceb79,androidx/emoji2/text/EmojiCompat$InitCallback,2,3,66.67
a79ed9a38a79ee9d,androidx/navigationevent/NavigationEventTransitionState$Companion,2,2,100.0
4d5de223febd5b23,androidx/activity/OnBackPressedDispatcherKt$addCallback$callback$1,2,3,66.67
2d2b496231d8cf71,org/fossify/musicplayer/adapters/ArtistsAdapter,2,81,2.47
0013351a438b1c65,kotlinx/coroutines/scheduling/CoroutineScheduler$Companion,2,2,100.0
bea5698621a22c7f,androidx/media3/exoplayer/DefaultSuitableOutputChecker$ImplApi23,2,59,3.39
d4e427643e68d6ef,androidx/lifecycle/Lifecycle,2,10,20.0
fc65dcf4659bce2d,androidx/collection/LongSparseArrayKt,2,265,0.75
d5f53efd5654b669,kotlin/UNINITIALIZED_VALUE,2,2,100.0
1ff16d1087727eae,com/qtalk/recyclerviewfastscroller/RecyclerViewFastScroller$Companion,2,2,100.0
cb6016fcdc837a56,androidx/room/RoomExternalOperationElement,2,7,28.57
9c390af7904cdde4,androidx/lifecycle/ViewModelProvider$AndroidViewModelFactory,2,36,5.56
a68f4752e852c2e4,kotlin/enums/EnumEntriesList,2,24,8.33
c31f1f11318c2608,org/fossify/commons/extensions/EditTextKt$onTextChangeListener$1,2,5,40.0
7594e65508be40eb,kotlin/ranges/IntRange$Companion,2,3,66.67
e31f05fec6f9cbb6,androidx/lifecycle/ViewTreeLifecycleOwner,2,11,18.18
df02cb3f3b3b74c3,androidx/media3/exoplayer/ExoPlayerImpl$FrameMetadataListener,2,30,6.67
49a7d4d51f4559db,androidx/activity/ActivityFlags,2,3,66.67
7b383648e6956008,org/fossify/musicplayer/interfaces/SongsDao_Impl$1,2,28,7.14
6e8b1143268e554a,me/grantland/widget/AutofitHelper$AutofitTextWatcher,2,5,40.0
3f51dac76a9a3314,androidx/appcompat/widget/ActionMenuView$LayoutParams,2,5,40.0
6c918510ab175eb5,org/fossify/commons/views/MyRecyclerView$autoScrollRunnable$1,2,10,20.0
2c5b66b5e7c4f101,com/airbnb/lottie/LottieResult,2,16,12.5
dd2e9b075af43095,androidx/media3/session/MediaSessionService$MediaSessionListener,2,9,22.22
525e37c26653cf81,androidx/activity/result/ActivityResultRegistry$CallbackAndContract,2,4,50.0
be702895403bfa80,com/airbnb/lottie/animation/content/CompoundTrimPathContent,2,7,28.57
97705e81417bd4e8,androidx/core/view/WindowInsetsCompat$BuilderImpl31,2,9,22.22
b24adbfad248f79f,com/google/common/collect/ImmutableList$Itr,2,2,100.0
09c7710513efd747,androidx/media3/exoplayer/ExoPlayer$PreloadConfiguration,2,2,100.0
e682fb1065e0d41e,androidx/room/coroutines/PassthroughConnectionPool$ConnectionElement$Key,2,2,100.0
1ce1ad5b543e9914,org/fossify/commons/extensions/TextViewKt,2,50,4.0
342f18133aafaa4b,androidx/coordinatorlayout/widget/CoordinatorLayout$OnPreDrawListener,2,2,100.0
fd33bc9e0dea80a5,androidx/sqlite/db/framework/FrameworkSQLiteOpenHelper$Companion,2,2,100.0
b4e6894a015b601e,androidx/media3/datasource/DefaultHttpDataSource$Factory,2,18,11.11
cb96595b74c21ae4,androidx/media3/session/MediaLibraryService,2,6,33.33
6a1e12fb1cba48b0,androidx/core/os/LocaleListCompat$Api21Impl,2,23,8.7
435ac659746adc7d,androidx/emoji2/text/DefaultEmojiCompatConfig,2,3,66.67
33bc8811d612d0a8,androidx/sqlite/db/SupportSQLiteOpenHelper$Callback$Companion,2,2,100.0
20ff09d59630d203,androidx/core/view/WindowInsetsCompat$Impl28,2,16,12.5
0eb152f93b3dba6a,org/fossify/musicplayer/fragments/MyViewPagerFragment,2,12,16.67
e595c82068ae3839,androidx/core/view/LayoutInflaterCompat,2,32,6.25
a5fe7d01670c72b2,org/greenrobot/eventbus/BackgroundPoster,2,18,11.11
324978295df50ac8,kotlin/Unit,2,3,66.67
e75cbf4701b9e4c2,androidx/media3/exoplayer/mediacodec/MediaCodecSelector,2,5,40.0
b83b646e9d230c1c,androidx/activity/result/contract/ActivityResultContracts$RequestMultiplePermissions$Companion,2,4,50.0
d985acbea45e4cc5,androidx/appcompat/widget/AppCompatTextClassifierHelper,2,6,33.33
f6411dda04ec92c0,com/google/common/collect/ComparatorOrdering,2,9,22.22
1a84eb34c056ac2f,org/fossify/musicplayer/models/FolderKt,2,2,100.0
d3f659cf9a0d1de3,androidx/emoji2/viewsintegration/EmojiTextWatcher$InitCallbackImpl,2,8,25.0
d5d48eb1bf00a993,androidx/media3/datasource/HttpDataSource$RequestProperties,2,17,11.76
95b0460d97726ac7,com/google/android/material/shape/ShapePath$LineShadowOperation,2,9,22.22
c2a9a5bd69c260dc,org/fossify/musicplayer/playback/PlaybackService$Companion,2,9,22.22
2c22747f4276843b,androidx/activity/ViewTreeOnBackPressedDispatcherOwner,2,11,18.18
de8f46b307214101,kotlinx/coroutines/flow/FlowKt__TransformKt$filterNotNull$$inlined$unsafeTransform$1,2,5,40.0
bf8fc735d2e99470,androidx/fragment/app/FragmentManagerViewModel$1,2,2,100.0
1eacf82887395f92,androidx/media3/session/ConnectedControllersManager$ConnectedControllerRecord,2,2,100.0
8040d9c3f35c64ee,androidx/recyclerview/widget/RecyclerViewAccessibilityDelegate$ItemDelegate,2,57,3.51
27ab1a1c9118529d,kotlin/collections/builders/ListBuilderKt,2,41,4.88
64e4097a6a51298b,com/google/android/material/shape/AbsoluteCornerSize,2,11,18.18
45dd96bb0ab6b79b,androidx/tracing/TraceApi18Impl,2,3,66.67
5f468e5315c79a9c,com/airbnb/lottie/animation/keyframe/PointKeyframeAnimation,2,15,13.33
a0021914c79f10d5,androidx/concurrent/futures/AbstractResolvableFuture$Listener,2,2,100.0
ba82ca4cb697e834,com/google/android/material/progressindicator/AnimatorDurationScaleProvider,2,2,100.0
65e9eee82b697e10,androidx/lifecycle/AtomicReference,2,4,50.0
02ed11fc22efef60,kotlinx/coroutines/BlockingEventLoop,2,2,100.0
c26e7406880d60c0,androidx/navigationevent/ViewTreeNavigationEventDispatcherOwner,2,11,18.18
0a2d9746c780f42e,androidx/concurrent/futures/AbstractResolvableFuture$Waiter,2,9,22.22
eb59236056ab804d,androidx/room/ObservedTableVersions,2,26,7.69
6124c21f0f91d249,androidx/lifecycle/ViewModelProvider$Factory$Companion,2,4,50.0
8e680defdabe263c,org/fossify/musicplayer/models/TrackKt,2,18,11.11
659350b4aa6ce059,org/fossify/commons/extensions/DrawableKt,2,15,13.33
08c08ec160328927,androidx/media3/exoplayer/ExoPlayerImpl$ComponentListener,2,94,2.13
c5ceb2bf3a4f0270,kotlinx/coroutines/scheduling/NanoTimeSource,2,3,66.67
29c4846624ae0643,org/fossify/musicplayer/playback/CustomCommands$Companion,2,9,22.22
44b45ff3c998eda9,androidx/activity/result/contract/ActivityResultContracts$RequestMultiplePermissions,2,44,4.55
04ebf12d4912b3ab,org/fossify/commons/activities/BaseSimpleActivity$copyMoveListener$1,2,15,13.33
62118c58052364de,androidx/media3/exoplayer/audio/AudioTrackAudioOutputProvider$CapabilityChangeListener,2,11,18.18
1a0b78944f7fb257,org/fossify/musicplayer/models/PlaylistKt,2,2,100.0
92bf8c231eff1fba,com/google/android/material/theme/MaterialComponentsViewInflater,2,6,33.33
62f15fc312c5201d,org/fossify/commons/views/MyRecyclerView$gestureListener$1,2,6,33.33
aa74039daecaf8d6,androidx/activity/result/ActivityResultRegistry$Companion,2,2,100.0
79a6d2128a38d188,androidx/media3/common/audio/ToInt16PcmAudioProcessor,1,60,1.67
23f6099334cb1eb8,org/fossify/musicplayer/models/Genre,1,36,2.78
684c2a79904df258,androidx/emoji2/text/EmojiCompat$CompatInternal,1,10,10.0
333fd79f699cfd18,org/fossify/musicplayer/models/Events$PlaylistsUpdated,1,1,100.0
817d6019b2d383e6,androidx/viewpager/widget/ViewPager$PagerObserver,1,3,33.33
a8f5e83ce270d2e0,androidx/profileinstaller/ProfileInstallerInitializer$Result,1,1,100.0
59df544d2df9e009,androidx/dynamicanimation/animation/DynamicAnimation$8,1,5,20.0
0c07e53a0b7e623b,androidx/appcompat/widget/TooltipCompat$Api26Impl,1,2,50.0
764bb42d0382b19b,com/google/android/material/shape/RelativeCornerSize,1,15,6.67
4086d8c8ca51c29e,androidx/profileinstaller/ProfileVerifier$CompilationStatus,1,5,20.0
11547f9a2b14455c,kotlin/TuplesKt,1,5,20.0
48a5d8ebf4fd9427,androidx/core/os/LocaleListCompat$Api24Impl,1,4,25.0
d30a76abdf8afa9e,androidx/viewpager/widget/ViewPager$ViewPositionComparator,1,7,14.29
67ac667279e86881,androidx/media3/exoplayer/DecoderCounters,1,21,4.76
e3485f6f9a1b56f8,com/google/android/material/progressindicator/BaseProgressIndicator$2,1,3,33.33
fe5faf93f09f7188,kotlinx/coroutines/StandaloneCoroutine,1,2,50.0
e01240606dd57d4c,androidx/media3/session/legacy/MediaSessionCompat$MediaSessionImplApi28,1,5,20.0
5bbea3fdcff3574e,com/airbnb/lottie/utils/Utils$2,1,3,33.33
b699770258264942,androidx/media3/common/util/Clock,1,1,100.0
66142119002e663e,androidx/recyclerview/widget/ItemTouchHelper$2,1,64,1.56
efcc740e76ae9c49,androidx/fragment/app/FragmentManager$9,1,10,10.0
64b051f476df52b6,com/google/android/material/progressindicator/BaseProgressIndicator$4,1,6,16.67
a3ce93da1a765b54,org/fossify/commons/helpers/BaseConfig$colorPickerRecentColorsFlow$1,1,3,33.33
618b4ccc3885a494,androidx/emoji2/viewsintegration/EmojiTextViewHelper$HelperInternal,1,7,14.29
c740cb2e020aff0d,org/fossify/musicplayer/fragments/AlbumsFragment$gotAlbums$lambda$7$$inlined$sortedBy$2,1,5,20.0
a940726f4f5c4503,androidx/appcompat/widget/ActionMenuView$ActionMenuPresenterCallback,1,3,33.33
4a205c027477b3ce,androidx/fragment/app/FragmentManager$10,1,16,6.25
aa711b6d71d1816c,androidx/appcompat/app/ActionBar$LayoutParams,1,9,11.11
e8ba28df286ca9c3,com/airbnb/lottie/utils/Utils$1,1,3,33.33
4a02a745dcb1602a,androidx/lifecycle/LifecycleRegistry_androidKt,1,1,100.0
2bd4298b5266a1c5,androidx/room/InvalidationTracker$implementation$1,1,4,25.0
8ee21dde7fde8eeb,androidx/media3/common/audio/BaseAudioProcessor,1,32,3.12
e372ff673127af29,androidx/room/EntityDeleteOrUpdateAdapter,1,39,2.56
e7b43612b93d6abb,androidx/recyclerview/widget/RecyclerView$3,1,2,50.0
fb6b5cfd5d7868c3,androidx/room/TriggerBasedInvalidationTracker$notifyInvalidation$1,1,2,50.0
b01ebf4d9f753209,androidx/core/view/SoftwareKeyboardControllerCompat$Impl20,1,24,4.17
52ac5b2090c1fb7d,androidx/emoji2/viewsintegration/EmojiKeyListener$EmojiCompatHandleKeyDownHelper,1,2,50.0
4c2624d2979b6d5d,androidx/media3/exoplayer/analytics/AnalyticsListener$EventTime,1,30,3.33
d2045aed25c20f19,org/fossify/musicplayer/fragments/AlbumsFragment$gotAlbums$lambda$7$$inlined$sortedBy$1,1,5,20.0
22b498f37029b85a,androidx/media3/exoplayer/FormatHolder,1,2,50.0
67855037317944f0,org/greenrobot/eventbus/android/AndroidComponentsImpl,1,1,100.0
0ff7c2138a6db5cd,kotlin/collections/ArraysKt__ArraysJVMKt,1,14,7.14
48b69f555326c691,androidx/recyclerview/widget/RecyclerView$AdapterDataObservable,1,29,3.45
0100869bb6728388,org/fossify/musicplayer/databases/SongsDatabase$Companion$MIGRATION_11_12$1,1,12,8.33
2c0c7f938f897e70,com/google/android/material/progressindicator/BaseProgressIndicator$1,1,2,50.0
8dd936d50af46372,com/airbnb/lottie/configurations/reducemotion/SystemReducedMotionOption,1,5,20.0
911bfce1a730485a,kotlinx/coroutines/internal/Removed,1,2,50.0
76e0ae71e099da99,androidx/recyclerview/widget/ItemTouchHelper$Callback$1,1,2,50.0
12f4594fcd288438,androidx/room/TriggerBasedInvalidationTracker$checkInvalidatedTables$1,1,2,50.0
3290cfe3ca1fd5de,com/google/android/material/internal/ToolbarUtils$1,1,3,33.33
98bb9ed9ede64965,com/google/common/collect/Platform,1,17,5.88
f49f584743effdd2,androidx/recyclerview/widget/RecyclerView$ItemAnimatorRestoreListener,1,12,8.33
4a8565caba1947bb,com/google/android/material/shape/ShapeAppearancePathProvider$ShapeAppearancePathSpec,1,1,100.0
f4be66cc0b719bfa,androidx/recyclerview/widget/RecyclerView$LayoutManager$Properties,1,1,100.0
9bc23e1c382ecef6,androidx/core/view/WindowInsetsCompat$Impl31,1,9,11.11
5d1d818d1ea0513d,androidx/dynamicanimation/animation/DynamicAnimation$9,1,5,20.0
2a9744e4efa392c1,androidx/dynamicanimation/animation/DynamicAnimation$2,1,5,20.0
95f8e4dadfe0ade8,kotlin/jvm/internal/Ref$BooleanRef,1,2,50.0
e5ae542216c0c47a,androidx/recyclerview/widget/RecyclerView$EdgeEffectFactory,1,2,50.0
7924615fc4deff9f,com/google/android/material/tabs/TabLayout$TabView$1,1,5,20.0
02541ee34d72c283,androidx/media3/session/legacy/PlaybackStateCompat$1,1,5,20.0
15da76af31796140,com/google/android/material/progressindicator/DrawableWithAnimatedVisibilityChange$1,1,3,33.33
c4a14b1b5ec54226,androidx/emoji2/viewsintegration/EmojiEditTextHelper$HelperInternal,1,7,14.29
0d787198f7e13868,org/fossify/musicplayer/fragments/ArtistsFragment$gotArtists$lambda$7$$inlined$sortedBy$1,1,5,20.0
86cf9e1c23f07849,androidx/arch/core/internal/SafeIterableMap$SupportRemove,1,1,100.0
e0b902b1bcb15d29,org/fossify/musicplayer/interfaces/PlaylistsDao_Impl$2,1,5,20.0
eea6c61f580f7325,kotlin/jvm/internal/MutablePropertyReference,1,3,33.33
6859ce5f0b0f2e9e,org/fossify/musicplayer/databases/SongsDatabase$Companion$MIGRATION_14_15$1,1,7,14.29
e58de039a17b5755,androidx/fragment/app/FragmentManagerImpl,1,1,100.0
4b16ecc15fbecbd3,kotlin/jvm/internal/Lambda,1,3,33.33
9e451c3cbc448df6,com/airbnb/lottie/model/CubicCurveData,1,17,5.88
68163574c5b11b32,androidx/media3/session/MediaSession$ControllerCb,1,43,2.33
7b6f7190997ab06d,androidx/fragment/app/FragmentContainer,1,2,50.0
f52130dfdec8a8da,kotlinx/coroutines/SupervisorJobImpl,1,2,50.0
bba1a72dd6ff799e,androidx/appcompat/app/AppCompatDelegateImpl$Api24Impl,1,10,10.0
3d4a99b52c425b53,androidx/appcompat/widget/Toolbar$3,1,14,7.14
a45e84ded0db73a2,androidx/emoji2/text/EmojiCompat$DefaultSpanFactory,1,2,50.0
3c3a52c91384b96a,androidx/media3/exoplayer/StandaloneMediaClock,1,24,4.17
3b085ac4bedb4b36,androidx/media3/session/MediaController$Listener,1,9,11.11
35e6df943d082345,androidx/fragment/app/FragmentManager$5,1,2,50.0
eb24eea7b2aee37b,androidx/customview/view/AbsSavedState$2,1,9,11.11
983c8bdc19639ee7,org/fossify/musicplayer/databases/SongsDatabase$Companion$MIGRATION_13_14$1,1,3,33.33
2719d2d6056bb4dc,androidx/recyclerview/widget/SimpleItemAnimator,1,59,1.69
5800c6bf0fe515db,androidx/tracing/TraceApi29Impl,1,5,20.0
5aa52ce66a2678d5,org/fossify/musicplayer/databases/SongsDatabase$Companion$MIGRATION_5_6$1,1,7,14.29
717be71659410bf9,com/airbnb/lottie/PerformanceTracker$1,1,6,16.67
9df59e3a20d4f7ef,androidx/dynamicanimation/animation/DynamicAnimation$MassState,1,1,100.0
cad32216eb725740,kotlin/coroutines/jvm/internal/Boxing,1,8,12.5
6d32bc2f560c7203,org/fossify/commons/helpers/BaseConfig$wasUseEnglishToggledFlow$1,1,3,33.33
d447d9402bba93ab,com/google/common/util/concurrent/OverflowAvoidingLockSupport,1,2,50.0
d86a30b3fe4f2381,com/google/android/material/shape/MaterialShapeDrawable$MaterialShapeDrawableState,1,9,11.11
d16e2917e9aa24e4,org/fossify/musicplayer/databases/SongsDatabase$Companion$MIGRATION_9_10$1,1,4,25.0
4f41773cbe3a0378,androidx/dynamicanimation/animation/FloatPropertyCompat,1,2,50.0
b492c03c97dfe632,androidx/dynamicanimation/animation/DynamicAnimation$14,1,5,20.0
26f40d41d6a35855,androidx/appcompat/widget/ActionMenuPresenter$ActionMenuPopupCallback,1,4,25.0
5f945b2153f3b203,com/google/common/util/concurrent/AbstractListeningExecutorService,1,9,11.11
812103eb683cafa8,com/airbnb/lottie/LottieAnimationView$1,1,2,50.0
f80c4c45d30f8227,androidx/viewpager/widget/ViewPager$ItemInfo,1,1,100.0
b1e6e6f128c04aba,androidx/media3/exoplayer/image/ImageOutput,1,1,100.0
ab1be3bd8e59e35f,androidx/media3/session/legacy/MediaControllerCompat$MediaControllerImplApi29,1,8,12.5
3b16ceb4ab53ab55,androidx/media3/extractor/text/DefaultSubtitleParserFactory,1,86,1.16
f32e595eecffc338,androidx/media3/exoplayer/analytics/AnalyticsListener,1,79,1.27
e3b64bb328c0b50b,androidx/recyclerview/widget/RecyclerView$1,1,8,12.5
b1aeae1d4c600632,androidx/lifecycle/SavedStateHandleSupport$special$$inlined$Key$3,1,1,100.0
88a398f9e06f05d6,org/fossify/musicplayer/models/Artist,1,43,2.33
9e88240c8cb4d3d9,androidx/recyclerview/widget/ItemTouchHelper$Callback$2,1,2,50.0
2780ff9858e9a507,androidx/core/view/SoftwareKeyboardControllerCompat$Impl,1,3,33.33
c1b087015d918ed8,androidx/core/graphics/Insets$Api29Impl,1,2,50.0
459e8cccd64ccae1,androidx/profileinstaller/ProfileInstaller$2,1,22,4.55
1745cc0163cdde8c,androidx/emoji2/text/DefaultEmojiCompatConfig$DefaultEmojiCompatConfigHelper_API28,1,2,50.0
5dd5a73c0a5846bc,androidx/lifecycle/viewmodel/internal/SynchronizedObject,1,1,100.0
222e0665cc600e06,androidx/room/coroutines/PassthroughConnection$usePrepared$1,1,2,50.0
78e3e6355ad4d234,androidx/core/content/ContextCompat$Api21Impl,1,4,25.0
9b797333a2ca5cb8,androidx/media3/common/AuxEffectInfo,1,13,7.69
d5227b906a06228d,androidx/dynamicanimation/animation/DynamicAnimation$3,1,5,20.0
6b9dada4cee34e9a,androidx/profileinstaller/ProfileInstallerInitializer$Handler28Impl,1,2,50.0
81aa43dd178333b8,androidx/recyclerview/widget/RecyclerView$ItemDecoration,1,7,14.29
68901d1fbca6cf40,org/fossify/musicplayer/databases/SongsDatabase$Companion$MIGRATION_6_7$1,1,6,16.67
9ca1b388b32baa6e,androidx/recyclerview/widget/RecyclerView$2,1,5,20.0
15852f0ad3a95fa2,androidx/media3/exoplayer/audio/ChannelMappingAudioProcessor,1,36,2.78
e86eec155d6a1f88,com/google/android/material/progressindicator/DeterminateDrawable$1,1,6,16.67
fcf8ec9aceb4887a,kotlin/collections/SetsKt__SetsKt,1,31,3.23
630695b5a3aaf3b7,kotlin/coroutines/ContinuationInterceptor,1,1,100.0
ea3b26e3526a781c,androidx/recyclerview/widget/RecyclerView$4,1,13,7.69
bdb91d658983efe9,kotlinx/coroutines/internal/ScopeCoroutine,1,8,12.5
3e455526dc3771e8,com/qtalk/recyclerviewfastscroller/RecyclerViewFastScroller$special$$inlined$Runnable$1,1,2,50.0
ec4d7952b0c1131e,androidx/room/migration/Migration,1,7,14.29
214410e2691f8e79,androidx/core/view/SoftwareKeyboardControllerCompat$Impl30,1,37,2.7
704a5131f767e0cc,androidx/activity/result/ActivityResultLauncher,1,2,50.0
f0af992f8c2cb346,androidx/viewpager/widget/ViewPager$2,1,2,50.0
e0e8aab8d6d3aa6d,com/airbnb/lottie/animation/keyframe/KeyframeAnimation,1,1,100.0
7cbcf0bdd22d18df,org/fossify/musicplayer/fragments/ArtistsFragment$gotArtists$lambda$7$$inlined$sortedBy$2,1,5,20.0
1806906112dfcdb2,com/google/android/material/shape/MaterialShapeDrawable$1,1,4,25.0
6eca5a72c3ef2058,org/greenrobot/eventbus/Subscription,1,9,11.11
20cd4277049b3137,androidx/media3/session/MediaSessionLegacyStub$ConnectionTimeoutHandler,1,10,10.0
83feb64d43fbc155,androidx/appcompat/widget/AppCompatTextViewAutoSizeHelper$Impl23,1,4,25.0
74ed18d8573d7c48,org/fossify/musicplayer/models/Folder,1,28,3.57
b632597ff797ff9d,com/google/android/material/tabs/ElasticTabIndicatorInterpolator,1,17,5.88
cba3ed10c44305bb,org/fossify/musicplayer/databases/SongsDatabase$Companion$MIGRATION_1_2$1,1,7,14.29
c458588f983103ba,androidx/media3/exoplayer/image/ImageOutput$1,1,3,33.33
c3e7762a5df87f5e,org/fossify/musicplayer/activities/SimpleMusicActivity$setupCurrentTrackBar$1,1,3,33.33
95ceba7497943fa2,androidx/media3/session/legacy/MediaSessionCompat$Callback$MediaSessionCallback,1,200,0.5
4fb438b422b8b221,androidx/core/content/ContextCompat$Api23Impl,1,4,25.0
a0e950590f05a818,com/google/android/material/shape/MaterialShapeDrawable$SpringAnimatedCornerSizeProperty,1,17,5.88
7db0d0d30bbf4172,com/google/android/material/shape/ShapeAppearancePathProvider$Lazy,1,2,50.0
d3722101dd9e785c,androidx/core/view/WindowInsetsControllerCompat$Impl,1,12,8.33
3c475483ebd114f7,org/fossify/musicplayer/activities/SimpleActivity,1,23,4.35
50ef0f1770a088b5,androidx/media3/session/MediaController$Builder$1,1,1,100.0
cfecb7047116ae04,androidx/lifecycle/SavedStateHandleSupport$special$$inlined$Key$2,1,1,100.0
0ec183824a825fc7,com/google/common/collect/HashMultimapGwtSerializationDependencies,1,1,100.0
0c6311ec40c77540,androidx/media3/session/legacy/MediaSessionManager$RemoteUserInfoImplApi28,1,3,33.33
7956cef735a2ea2f,androidx/fragment/app/FragmentManager$1,1,2,50.0
8ad8cb3119c2801a,androidx/collection/internal/Lock,1,5,20.0
54e1038257eae8b7,org/greenrobot/eventbus/android/AndroidLogger,1,14,7.14
3ff8fb0d93593fe9,androidx/media3/session/legacy/MediaSessionCompat$1,1,1,100.0
7f6458ef307d5f9c,org/greenrobot/eventbus/SubscriberMethod,1,16,6.25
7162f7bfaf4f81e0,com/google/android/material/appbar/AppBarLayout$BaseBehavior$SavedState$1,1,7,14.29
1b0f4ce0dd4eb220,org/fossify/commons/helpers/BaseConfig$showCheckmarksOnSwitchesFlow$1,1,3,33.33
5450640c41f1a937,org/fossify/musicplayer/databases/SongsDatabase$Companion$MIGRATION_12_13$1,1,6,16.67
450fcbdfb8d24e9d,kotlin/jvm/internal/MutablePropertyReference0,1,10,10.0
2fbae065d6c191b4,androidx/room/coroutines/PassthroughConnection$transaction$1,1,2,50.0
3697ac007206c024,androidx/savedstate/SavedStateWriter,1,80,1.25
8ef4c5f824be9764,androidx/appcompat/view/menu/ActionMenuItemView$PopupCallback,1,1,100.0
360e5bf82f12da00,kotlin/internal/jdk7/JDK7PlatformImplementations,1,16,6.25
b17fb815bc6eddef,androidx/dynamicanimation/animation/DynamicAnimation$12,1,5,20.0
7ed8d0ce1049d6a6,androidx/savedstate/internal/SynchronizedObject,1,1,100.0
013a271aa3f95cdc,androidx/appcompat/app/AppCompatDelegate$ThreadPerTaskExecutor,1,2,50.0
599166c64064b600,androidx/core/widget/TextViewOnReceiveContentListener,1,30,3.33
54659ee58d1feea2,com/google/common/collect/UnmodifiableIterator,1,2,50.0
7dda123f43f16544,androidx/fragment/app/FragmentManager$FragmentIntentSenderContract,1,22,4.55
535fe159ad8726d0,androidx/activity/result/contract/ActivityResultContract,1,2,50.0
804ec0cefdca9430,kotlin/collections/AbstractCollection,1,36,2.78
3cc58f96a6b18c9c,androidx/media3/exoplayer/mediacodec/BatchBuffer,1,39,2.56
91e24d2cec592915,androidx/appcompat/widget/ActionMenuPresenter$OverflowMenuButton$1,1,6,16.67
6fe77f1ee6973fda,androidx/dynamicanimation/animation/DynamicAnimation$7,1,5,20.0
0b11eb4c7a6113fc,androidx/viewpager/widget/ViewPager$MyAccessibilityDelegate,1,34,2.94
f96207ce68681f02,androidx/customview/view/AbsSavedState$1,1,1,100.0
1fbfe26e7d204910,androidx/appcompat/widget/Toolbar$LayoutParams,1,10,10.0
9d0ee8e57c29402f,androidx/dynamicanimation/animation/DynamicAnimation$4,1,5,20.0
1c5f60d63f420a38,com/qtalk/recyclerviewfastscroller/RecyclerViewFastScroller$WhenMappings,1,1,100.0
e8d63a9bc37ef8c9,androidx/recyclerview/widget/RecyclerView$RecyclerViewDataObserver,1,42,2.38
52b948f91be07ba8,com/airbnb/lottie/animation/keyframe/ColorKeyframeAnimation,1,16,6.25
4855eb04eb82a2fc,com/google/common/collect/AbstractSetMultimap,1,17,5.88
32ad858a8381ce9b,kotlinx/coroutines/internal/Symbol,1,5,20.0
54739dc056b2553e,com/airbnb/lottie/utils/Utils$3,1,3,33.33
5531be0be3b452cc,androidx/profileinstaller/ProfileInstaller$1,1,3,33.33
e54a95fb1bce5137,kotlinx/coroutines/EventLoopKt,1,11,9.09
41d138a12d538e7f,androidx/media3/exoplayer/LoadControl,1,21,4.76
50d7136d784841ae,kotlinx/coroutines/internal/ThreadLocalKt,1,2,50.0
9f090a337592bacc,androidx/coordinatorlayout/widget/CoordinatorLayout$ViewElevationComparator,1,6,16.67
2542bc99dc22af96,androidx/appcompat/widget/ResourceManagerInternal$ColorFilterLruCache,1,5,20.0
1ee9b664a224c021,androidx/media3/common/util/WifiLockManager$WifiLockManagerInternal,1,27,3.7
57ef8fb675447796,androidx/arch/core/executor/TaskExecutor,1,5,20.0
ca1e6726fa606dc8,androidx/appcompat/widget/ActionMenuView$MenuBuilderCallback,1,11,9.09
2e697008d2ec8621,androidx/appcompat/widget/AppCompatTextViewAutoSizeHelper$Impl29,1,3,33.33
1e024568931e82c6,androidx/media3/exoplayer/trackselection/MappingTrackSelector,1,51,1.96
2222c22e2bdb6102,org/fossify/musicplayer/models/Album,1,58,1.72
aaa2962edfdec988,androidx/profileinstaller/ProfileVersion,1,5,20.0
311e20fed7847cb9,com/airbnb/lottie/value/LottieFrameInfo,1,9,11.11
b63274b8c4c27d4f,androidx/fragment/app/FragmentManager$8,1,10,10.0
a94eb161ad8d6eb1,kotlin/jvm/internal/FunctionReferenceImpl,1,6,16.67
4cef3d0537228ddd,androidx/recyclerview/widget/OpReorderer,1,94,1.06
20a13ab18ebeff8f,androidx/dynamicanimation/animation/DynamicAnimation$13,1,5,20.0
b71024304f3ee721,com/google/android/material/progressindicator/LinearIndeterminateDisjointAnimatorDelegate$3,1,5,20.0
a9dca87e9187ab64,org/fossify/musicplayer/interfaces/GenresDao_Impl$1,1,8,12.5
d662c0bc0da31017,androidx/recyclerview/widget/ItemTouchHelper$ItemTouchHelperGestureListener,1,18,5.56
e24398967f810edc,androidx/media3/session/legacy/MediaBrowserServiceCompat$BrowserRoot,1,7,14.29
d954656fb8ce3f7f,kotlinx/coroutines/ChildHandleNode,1,5,20.0
d6cbb88aad8de840,androidx/fragment/app/FragmentManager$4,1,2,50.0
238ece96589b2e28,org/fossify/musicplayer/databases/SongsDatabase$Companion$MIGRATION_7_8$1,1,3,33.33
21cffc5bec91bada,org/fossify/musicplayer/databases/SongsDatabase$Companion$MIGRATION_2_3$1,1,4,25.0
ea89399f793481c0,com/google/android/material/progressindicator/DrawingDelegate$ActiveIndicator,1,1,100.0
448823fc1d8e1113,okio/Timeout$1,1,4,25.0
cb2db4893251e601,androidx/viewpager/widget/ViewPager$3,1,3,33.33
14980ba6e39d4754,androidx/viewpager/widget/ViewPager$1,1,3,33.33
481937eb4afd7905,kotlinx/coroutines/scheduling/GlobalQueue,1,1,100.0
94cd20897236ca63,androidx/recyclerview/widget/GapWorker$1,1,15,6.67
356e60f4d0828901,org/fossify/musicplayer/models/Track,1,154,0.65
dac77b6dede3e056,com/airbnb/lottie/utils/Utils$4,1,3,33.33
e9539080748e9176,androidx/dynamicanimation/animation/DynamicAnimation$1,1,5,20.0
9dd331bc418f41d0,com/airbnb/lottie/model/Marker,1,10,10.0
b9c94ee7e0f25b94,androidx/media3/exoplayer/upstream/BandwidthMeter$EventListener$EventDispatcher$HandlerAndListener,1,5,20.0
67f4de390f625ae3,androidx/core/view/NestedScrollingParentHelper,1,10,10.0
eacb3309009ce505,kotlinx/coroutines/scheduling/SchedulerTimeSource,1,1,100.0
6f1b8eb69511f8de,androidx/media3/session/MediaSession$Api31,1,2,50.0
9ef8702114c33677,org/fossify/musicplayer/databases/SongsDatabase$Companion$MIGRATION_8_9$1,1,3,33.33
fb0fea101a31d75a,org/fossify/musicplayer/databases/SongsDatabase$Companion$MIGRATION_10_11$1,1,3,33.33
1a9c392a635c1c6c,androidx/lifecycle/ViewModelProvider$special$$inlined$Key$1,1,1,100.0
1f639c1c0ff9c022,kotlin/coroutines/intrinsics/IntrinsicsKt__IntrinsicsKt,1,4,25.0
73cf93dddba2a706,androidx/media3/session/legacy/MediaSessionCompat$Token$1,1,6,16.67
1bdc093a944a1a10,androidx/emoji2/text/ConcurrencyHelpers$Handler28Impl,1,2,50.0
d271c15328bfd723,androidx/core/view/ViewCompat$Api24Impl,1,7,14.29
332c797b64b4e224,androidx/navigationevent/NavigationEventInfo,1,1,100.0
dd2444310764b2b6,androidx/emoji2/text/DefaultEmojiCompatConfig$DefaultEmojiCompatConfigHelper,1,4,25.0
f9fcdfc145a67f41,com/google/android/material/shape/ShapePath$1,1,5,20.0
b14967a5d975b344,androidx/dynamicanimation/animation/DynamicAnimation$11,1,5,20.0
497ca26a9b6d5c88,kotlin/collections/ArraysUtilJVM,1,2,50.0
60f31dcb7c446d80,kotlin/jvm/internal/MutablePropertyReference0Impl,1,8,12.5
e9308061829d0733,com/google/common/collect/UnmodifiableListIterator,1,3,33.33
d41c8fc787ebd118,androidx/appcompat/widget/Toolbar$1,1,5,20.0
e793963d4fee4301,androidx/media3/common/audio/AudioProcessor,1,4,25.0
e3aa612f440a1bce,androidx/recyclerview/widget/RecyclerView$AdapterDataObserver,1,8,12.5
53cf344d9710edc7,androidx/core/view/WindowInsetsCompat$Impl29,1,16,6.25
ec81b53087cef323,com/qtalk/recyclerviewfastscroller/RecyclerViewFastScroller$adapterDataObserver$1,1,3,33.33
7988625ef040b6f5,androidx/fragment/app/FragmentManager$2,1,5,20.0
cbc2481f8ff4514f,kotlinx/coroutines/flow/FlowKt__BuildersKt,1,28,3.57
b6053253ce4da79c,kotlinx/coroutines/Job,1,1,100.0
ba881e49001e6955,kotlinx/coroutines/flow/FlowKt__ShareKt,1,40,2.5
69d249346214ef66,androidx/media3/session/CacheBitmapLoader,1,20,5.0
40cd44e67b55b2b4,androidx/core/math/MathUtils,1,101,0.99
d1fcfa50ee246858,org/fossify/musicplayer/databases/SongsDatabase$Companion$MIGRATION_3_4$1,1,3,33.33
a42e8f6c2f4d09eb,com/google/android/material/progressindicator/BaseProgressIndicator$3,1,3,33.33
33c8f60f1f29b704,androidx/media3/common/util/Log$Logger,1,1,100.0
03b8a3f5ef5b611a,com/airbnb/lottie/animation/keyframe/IntegerKeyframeAnimation,1,17,5.88
97a603f8d2d53885,androidx/emoji2/text/EmojiCompat$MetadataRepoLoaderCallback,1,1,100.0
8722f17f09f271bb,org/fossify/commons/helpers/BaseConfig$isBlockingUnknownNumbers$1,1,3,33.33
4136143e094a8255,androidx/dynamicanimation/animation/DynamicAnimation$5,1,5,20.0
d2f6bdccf11c603d,org/fossify/commons/helpers/BaseConfig$useEnglishFlow$1,1,3,33.33
8954685ba9b286a3,kotlin/ResultKt,1,63,1.59
6df4b3705bf98b62,androidx/room/util/DBUtil,1,14,7.14
37ffa1127dad2561,com/google/android/material/appbar/AppBarLayout$1,1,2,50.0
05c8b0493ac9917b,androidx/media3/session/MediaSession$Callback,1,21,4.76
1628e60537d7a9cf,androidx/core/view/animation/PathInterpolatorCompat$Api21Impl,1,4,25.0
30b558504453e28b,org/fossify/musicplayer/databases/SongsDatabase$Companion$MIGRATION_4_5$1,1,6,16.67
46c59a420ace480a,androidx/dynamicanimation/animation/DynamicAnimation$6,1,5,20.0
91073aaf3c31e9d1,androidx/media3/exoplayer/source/MediaSourceFactory$1,1,7,14.29
c4c6620317bbff2c,androidx/core/graphics/drawable/DrawableCompat$Api21Impl,1,10,10.0
94b60ae77dc4adc3,androidx/media3/exoplayer/audio/TrimmingAudioProcessor,1,48,2.08
7d5d404a7124526a,androidx/media3/session/MediaNotificationManager$ControllerInfo,1,1,100.0
29d82b529d3fc1ee,kotlinx/coroutines/flow/ChannelFlowBuilder,1,13,7.69
be7c666e66586029,androidx/media3/decoder/Buffer,1,14,7.14
a4427dc0c3926476,androidx/vectordrawable/graphics/drawable/Animatable2Compat$AnimationCallback,1,7,14.29
b847e6c3003630c1,org/fossify/commons/helpers/BaseConfig$isBlockingHiddenNumbers$1,1,3,33.33
7342f614d7d10cff,androidx/core/view/AccessibilityDelegateCompat$AccessibilityDelegateAdapter,1,25,4.0
f5f5dccd4363c4ca,androidx/dynamicanimation/animation/DynamicAnimation$10,1,5,20.0
ea03bd2661ebf858,androidx/media3/exoplayer/source/MediaSource$Factory,1,6,16.67
3a2c51973441315a,androidx/core/os/LocaleListPlatformWrapper,1,11,9.09
3b55e555026372c8,com/google/common/collect/AbstractMultimap,1,66,1.52
8cff1f08f7deea99,androidx/lifecycle/ViewModelProvider$AndroidViewModelFactory$special$$inlined$Key$1,1,1,100.0
49272c8d052bbe33,androidx/media3/session/legacy/PlaybackStateCompat$CustomAction$1,1,5,20.0
37786c413de12815,androidx/lifecycle/ViewModelProvider$NewInstanceFactory,1,11,9.09
2312685e85f11060,com/google/android/material/shape/ShapePath$ArcShadowOperation,1,5,20.0
a62669ddb264137a,org/fossify/musicplayer/interfaces/PlaylistsDao_Impl$3,1,7,14.29
2635a4c25b67177a,androidx/appcompat/widget/AppCompatTextViewAutoSizeHelper$Impl,1,3,33.33
06e0c4ab3ed4b272,androidx/appcompat/app/AppLocalesMetadataHolderService$Api24Impl,1,2,50.0
290f0f451c24b578,org/fossify/commons/extensions/SharedPreferencesProducerExtensionsKt$sharedPreferencesCallback$1,1,18,5.56
0a89de512d626698,com/airbnb/lottie/model/layer/NullLayer,1,4,25.0
ae513f5276297816,androidx/media3/exoplayer/source/MediaSourceFactory,1,1,100.0
021c3288294746ed,androidx/appcompat/app/AppCompatActivity$1,1,3,33.33
4f77a40afe38fa0c,androidx/room/TriggerBasedInvalidationTracker$syncTriggers$1,1,2,50.0
82d42c312beb5a5f,androidx/recyclerview/widget/RecyclerView$LayoutManager$1,1,10,10.0
17aea302ace97716,androidx/recyclerview/widget/RecyclerView$6,1,17,5.88
d5c7fd3c0c7cbbdb,androidx/core/view/PointerIconCompat$Api24Impl,1,4,25.0
8b4e3be4c7fd6836,androidx/appcompat/app/AppCompatDelegateImpl$PanelFeatureState,1,52,1.92
95af87eb6f2fa204,com/google/android/material/appbar/AppBarLayout$BaseBehavior$2,1,35,2.86
3b83a16def30eaa5,androidx/room/RoomDatabase$closeBarrier$1,1,3,33.33
d211ae35511a12bf,com/google/common/util/concurrent/internal/InternalFutureFailureAccess,1,1,100.0
5d383ca1c607181a,androidx/lifecycle/SavedStateHandleSupport$special$$inlined$Key$1,1,1,100.0
e4daa8394624f549,androidx/recyclerview/widget/ItemTouchHelper$1,1,9,11.11
30d1757f3fca15db,androidx/appcompat/widget/Toolbar$2,1,2,50.0
0ae6f918eddff1ea,androidx/fragment/app/FragmentManager$3,1,2,50.0
06b4c111b3e7fb8c,androidx/media3/common/Player$Events,1,11,9.09
3bc5381cd453d845,androidx/appcompat/widget/ActionMenuPresenter$PopupPresenterCallback,1,14,7.14
c13e1b5f4bcf4e7f,androidx/media3/session/DefaultActionFactory,1,66,1.52
2422cdec4fe759c9,androidx/media3/extractor/ExtractorsFactory,1,6,16.67
