class_id,class_name,probes_hit,probes_total,pct
f27e24e945c6aad5,androidx/recyclerview/widget/RecyclerView,418,2299,18.18
3006ac6d9f71cf63,androidx/appcompat/widget/Toolbar,344,938,36.67
d36a4544cf80ad00,androidx/fragment/app/FragmentManager,288,1410,20.43
28e2e60e98dd7692,androidx/appcompat/app/AppCompatDelegateImpl,233,1298,17.95
9a363820b9714f33,androidx/coordinatorlayout/widget/CoordinatorLayout,225,954,23.58
6f98267c2dd6b5ee,androidx/drawerlayout/widget/DrawerLayout,206,825,24.97
9c731f027476cce9,com/google/android/material/shape/MaterialShapeDrawable,200,425,47.06
da372f74a9a636dc,org/proninyaroslav/libretorrent/core/model/session/TorrentSessionImpl,184,775,23.74
81e7e85121bd3602,org/proninyaroslav/libretorrent/ui/main/MainActivity,182,403,45.16
841daa9d4d6bc544,androidx/work/impl/model/WorkSpecDao_Impl,180,1511,11.91
9a0e4437321bc421,androidx/recyclerview/widget/LinearLayoutManager,173,794,21.79
da4a335e59b900a6,androidx/appcompat/widget/SearchView,170,571,29.77
be9909ac68ec2320,org/proninyaroslav/libretorrent/core/utils/Utils,168,474,35.44
8178aa1930658974,com/google/android/material/navigation/NavigationView,160,324,49.38
5b21e57ad3e0b7ac,androidx/recyclerview/widget/RecyclerView$LayoutManager,159,648,24.54
a1224dfca5f3d479,androidx/fragment/app/Fragment,153,756,20.24
b06fa189c600fb13,org/libtorrent4j/swig/settings_pack$int_types,144,154,93.51
4e1ed89ca41e22a5,org/acra/config/CoreConfigurationBuilder,139,226,61.5
31d803ba3891bf00,androidx/appcompat/widget/LinearLayoutCompat,139,629,22.1
e73446a2250e931d,com/leinardi/android/speeddial/SpeedDialView,135,388,34.79
c7facf91c0a4cea8,androidx/recyclerview/widget/RecyclerView$Recycler,133,602,22.09
cf181344d048c67f,org/proninyaroslav/libretorrent/core/model/TorrentEngine,125,755,16.56
ddd9a16b5aa40cdc,org/proninyaroslav/libretorrent/core/settings/SettingsRepositoryImpl,119,442,26.92
6a6be5e39378cd1f,androidx/customview/widget/ViewDragHelper,117,507,23.08
b7faeb53b720e01e,org/proninyaroslav/libretorrent/service/TorrentService,113,259,43.63
2e4fa6a2950b01fe,org/acra/collector/ConfigurationCollector,113,146,77.4
f72968613fa3e669,com/leinardi/android/speeddial/FabWithLabelView,111,159,69.81
a89db409a2fc4b79,org/libtorrent4j/alerts/Alerts,109,112,97.32
523c6cb141b68c0e,com/google/android/material/shape/ShapeAppearancePathProvider,108,127,85.04
d080f05598867cc3,androidx/room/InvalidationTracker,108,216,50.0
23ccf528bf8122ec,androidx/core/app/NotificationCompatBuilder,106,331,32.02
570747a95b2ec8c0,org/libtorrent4j/SessionManager,105,503,20.87
22fb05945ee6867b,org/libtorrent4j/alerts/AlertType,102,103,99.03
a70054c0fea340a0,com/google/android/material/floatingactionbutton/FloatingActionButtonImpl,101,336,30.06
8b0edd185fca9c88,org/proninyaroslav/libretorrent/ui/main/MainFragment,98,250,39.2
3cf26d40df848fc9,androidx/fragment/app/SpecialEffectsController,97,341,28.45
76cb9637ddc34a5c,androidx/fragment/app/FragmentStateManager,97,465,20.86
37259161868c1967,androidx/room/RoomDatabase,95,230,41.3
44da415933494880,androidx/appcompat/widget/AppCompatTextHelper,94,380,24.74
c525ca93b02afb0e,androidx/appcompat/view/menu/MenuBuilder,93,530,17.55
d48599621075951d,androidx/appcompat/widget/ActionMenuPresenter,93,282,32.98
f82c148b71282a93,com/google/android/material/floatingactionbutton/FloatingActionButton,91,235,38.72
8bc98693d0547e2a,com/google/android/material/button/MaterialButton,91,386,23.58
8fc35169a2060de8,androidx/recyclerview/widget/DefaultItemAnimator,85,349,24.36
ab69d291e0b93920,androidx/databinding/ViewDataBinding,84,486,17.28
5afe8c47c5d2557e,com/google/android/material/shape/ShapeAppearanceModel,82,118,69.49
3b8798d3f9c3ad15,org/proninyaroslav/libretorrent/core/logger/Logger,81,198,40.91
9a5f21b94e5d9152,kotlin/jvm/internal/ClassReference,79,121,65.29
c496254a6aa0a19e,androidx/activity/ComponentActivity,79,226,34.96
5a8ca0da7d33b126,androidx/lifecycle/LifecycleRegistry,78,149,52.35
3cf18de831182b5d,androidx/appcompat/widget/ResourceManagerInternal,76,216,35.19
246db4a645312647,com/google/android/material/shape/ShapeAppearanceModel$Builder,72,108,66.67
e3a689ee3426ef45,androidx/appcompat/graphics/drawable/DrawerArrowDrawable,70,123,56.91
94cd69f04611f16e,androidx/core/widget/NestedScrollView,70,924,7.58
25acbe01d8de95fd,androidx/recyclerview/selection/SelectionTracker$Builder,69,101,68.32
0b21de17d9a6d164,com/google/android/material/shape/ShapePath,67,113,59.29
2378cd71b00f0021,org/libtorrent4j/swig/settings_pack$bool_types,65,75,86.67
d73b282f65426eaf,io/reactivex/Flowable,65,1214,5.35
6487b6dfa9ac108a,com/google/android/material/floatingactionbutton/FloatingActionButtonImplLollipop,65,97,67.01
1112ee2f1cc64706,androidx/fragment/app/FragmentStore,64,222,28.83
6a21244b7e965bb8,com/google/android/material/floatingactionbutton/BorderDrawable,63,85,74.12
f349c267a86b77a6,com/google/android/material/internal/NavigationMenuPresenter,61,148,41.22
f3aaec2283e3fd27,com/h6ah4i/android/widget/advrecyclerview/expandable/ExpandableRecyclerViewWrapperAdapter,61,508,12.01
b389eab307bd77a9,androidx/appcompat/view/SupportMenuInflater$MenuState,61,111,54.95
18ec7a10f75bb0a5,org/proninyaroslav/libretorrent/core/model/TorrentInfoProvider,60,249,24.1
355df990ae974d64,androidx/core/content/res/ColorStateListInflaterCompat,58,96,60.42
63724b760f68943d,androidx/startup/AppInitializer,58,86,67.44
9272d73b6d735387,androidx/collection/ArraySet,58,219,26.48
05115617c163c9d9,org/acra/config/DialogConfigurationBuilder,55,76,72.37
93f72387ec4614a2,com/google/android/material/button/MaterialButtonHelper,55,193,28.5
bb48a9fdf84630f3,androidx/appcompat/view/menu/MenuItemImpl,54,292,18.49
1ef7f6de917c0a2e,androidx/appcompat/widget/AppCompatTextView,54,258,20.93
feddcab31214edd6,androidx/core/view/ViewCompat,54,775,6.97
e4297ca781b1e21c,androidx/collection/SimpleArrayMap,52,266,19.55
b287a81f2d40be3f,org/libtorrent4j/swig/alert,52,425,12.24
8cda0bf3d1e93daa,com/h6ah4i/android/widget/advrecyclerview/expandable/ExpandablePositionTranslator,51,212,24.06
cf6bbe8c40234e68,androidx/recyclerview/widget/RecyclerView$ViewHolder,50,180,27.78
af577e0ff61e8047,androidx/work/impl/utils/ForceStopRunnable,48,128,37.5
a0ab5316d1bac995,androidx/emoji2/text/EmojiCompat,48,165,29.09
c642e97c13db4ae4,org/proninyaroslav/libretorrent/DataBinderMapperImpl,48,181,26.52
d48ae7f1e6751476,androidx/core/content/res/ResourcesCompat,48,138,34.78
0dfed61e0a37be6e,org/acra/ACRA,48,87,55.17
e040b06a7a140e65,io/reactivex/internal/operators/flowable/FlowableFlatMapMaybe$FlatMapMaybeSubscriber,47,183,25.68
8382f4a26e4d95dc,io/reactivex/internal/operators/flowable/FlowableFlatMapSingle$FlatMapSingleSubscriber,47,157,29.94
ef29d111e0aff575,androidx/work/impl/WorkDatabase_Impl,47,122,38.52
7793e7966845ba0d,org/libtorrent4j/SessionStats,46,46,100.0
457b1c8cd5c0e707,androidx/recyclerview/widget/AdapterHelper,45,261,17.24
612ee8d2894082ac,androidx/room/RoomDatabase$Builder,44,118,37.29
4a5fc5dff879e46b,androidx/appcompat/app/AppCompatViewInflater,43,169,25.44
07a7e9ac65567441,org/acra/config/CoreConfiguration,43,98,43.88
8341a3a79ffb3452,org/acra/ReportField,43,46,93.48
54b8e061f4911ecb,androidx/appcompat/app/AppCompatActivity,42,142,29.58
1c550819e770bb8e,androidx/sqlite/db/framework/FrameworkSQLiteOpenHelper$OpenHelper,41,110,37.27
189d1e841728c1de,androidx/appcompat/widget/ActionMenuView,40,318,12.58
ffcb5cd392e1f7f8,androidx/coordinatorlayout/widget/CoordinatorLayout$LayoutParams,39,113,34.51
a38c8acaa7ad99cf,kotlin/collections/builders/MapBuilder,38,257,14.79
a76a050e17370e8b,androidx/appcompat/widget/AppCompatImageHelper,38,99,38.38
ab4c213c94709a22,androidx/core/view/ViewCompat$UnhandledKeyEventManager,38,110,34.55
eca2833997c3a057,io/reactivex/internal/queue/SpscLinkedArrayQueue,37,102,36.27
7494fd367947e588,io/reactivex/internal/operators/flowable/FlowableFlattenIterable$FlattenIterableSubscriber,37,154,24.03
1ad90daff12c495a,androidx/fragment/app/FragmentLifecycleCallbacksDispatcher,37,190,19.47
e01a37a6825ee19a,androidx/coordinatorlayout/widget/DirectedAcyclicGraph,36,71,50.7
d8e6a9258c4d73e9,androidx/appcompat/widget/AppCompatBackgroundHelper,35,85,41.18
51b579670c60e2b8,org/libtorrent4j/SessionManager$5,34,45,75.56
0c3706b71ac229cb,androidx/appcompat/widget/AppCompatButton,34,140,24.29
2858f319ccc02369,androidx/recyclerview/widget/DiffUtil$DiffResult,34,114,29.82
20ce218f01e935e7,androidx/fragment/app/FragmentActivity,34,112,30.36
de15bc5207341b2a,androidx/appcompat/widget/AppCompatAutoCompleteTextView,34,95,35.79
65e81b5826653ae3,androidx/work/impl/WorkManagerImpl,34,176,19.32
8e4e4c17b8365e3f,com/google/android/material/textview/MaterialTextView,34,45,75.56
5f7021cf5cec890a,androidx/appcompat/widget/TintTypedArray,34,62,54.84
f47373adc19052f0,androidx/appcompat/widget/ToolbarWidgetWrapper,33,260,12.69
ca3e5e00a74bcf3a,org/proninyaroslav/libretorrent/ui/main/MainViewModel,33,64,51.56
753a775dbf9e6c69,androidx/cardview/widget/RoundRectDrawable,32,85,37.65
6e2ac7470569625c,androidx/appcompat/view/SupportMenuInflater,32,75,42.67
4a0a4462d4492d2a,androidx/recyclerview/widget/ChildHelper,32,119,26.89
4bcf933e04697d43,androidx/room/InvalidationTracker$refreshRunnable$1,31,95,32.63
ca568d4e76dfe90e,androidx/work/Configuration,31,49,63.27
9ed1b0e14645ac41,androidx/work/impl/WorkDatabase_Impl$1,31,154,20.13
572f7ca900f1dfa0,androidx/activity/result/ActivityResultRegistry,31,117,26.5
da20f23dd5c1c48f,androidx/fragment/app/FragmentContainerView,30,137,21.9
56d17d1d06360cbe,io/reactivex/Observable,30,1177,2.55
c02fa4b065dda4c0,androidx/work/impl/WorkDatabase$Companion,30,33,90.91
820e3f3ea52a4211,org/acra/config/MailSenderConfigurationBuilder,30,50,60.0
f04b450d75f36a10,androidx/appcompat/view/menu/BaseMenuPresenter,30,64,46.88
abe50e6cd8aa338e,androidx/cardview/widget/CardView,29,84,34.52
37c03958bb82dbc7,com/google/android/material/internal/ThemeEnforcement,29,57,50.88
197c93d72aebbe6b,io/reactivex/internal/schedulers/ScheduledRunnable,29,68,42.65
ed67aad080d68213,io/reactivex/internal/util/OpenHashSet,29,48,60.42
82c8852dcad51e65,androidx/fragment/app/BackStackRecord,29,301,9.63
d112f18722094191,androidx/recyclerview/widget/RecyclerView$RecycledViewPool,29,95,30.53
d02a6761e1226db0,androidx/concurrent/futures/AbstractResolvableFuture,29,302,9.6
03417b05c3db7bc6,androidx/room/RoomOpenHelper,28,87,32.18
84f1db4d146eb4a5,androidx/arch/core/internal/SafeIterableMap,28,73,38.36
adbc81ebdbce001a,androidx/activity/OnBackPressedDispatcher,28,123,22.76
d227f04c7a1015b7,androidx/fragment/app/SpecialEffectsController$Operation,28,89,31.46
39f2c33ea6f3eb43,org/proninyaroslav/libretorrent/core/storage/AppDatabase_Impl,28,80,35.0
33e0c49baf25c3ba,androidx/appcompat/widget/AppCompatImageView,28,84,33.33
a0a8b762a52e002d,androidx/recyclerview/widget/RecyclerView$Adapter,28,76,36.84
1dde0105c37c03c1,androidx/appcompat/app/ToolbarActionBar,28,153,18.3
140da54e498d6971,org/proninyaroslav/libretorrent/core/model/session/SessionLogger,28,42,66.67
3b1d2b140d80a328,androidx/work/impl/background/systemjob/SystemJobScheduler,28,175,16.0
00c0ae5dcc15ca5d,org/proninyaroslav/libretorrent/core/storage/dao/TorrentDao_Impl,27,169,15.98
c203d7fffa0058a6,net/cachapa/expandablelayout/ExpandableLayout,27,117,23.08
1e9bc2184501e4df,org/nanohttpd/NanoHTTPD,27,176,15.34
adb39f63598390a4,org/acra/startup/StartupProcessorExecutor,27,50,54.0
e252434c8bbc212a,com/h6ah4i/android/widget/advrecyclerview/expandable/RecyclerViewExpandableItemManager,26,180,14.44
9302d043ac912bc4,androidx/profileinstaller/ProfileInstaller,26,81,32.1
77161b8f62b94409,org/proninyaroslav/libretorrent/ui/customviews/ExpansionHeader,26,49,53.06
1c780df5d0935ea2,com/google/android/material/shape/ShapeableDelegateV22,26,74,35.14
e1be7d7e0470719f,com/google/android/material/shape/ShapePath$PathArcOperation,26,32,81.25
15ebdf8d7e26a77e,androidx/sqlite/db/framework/FrameworkSQLiteOpenHelper$lazyDelegate$1,26,29,89.66
7567ca58d42303bf,io/reactivex/internal/operators/observable/ObservableObserveOn$ObserveOnObserver,25,96,26.04
ee8a9705fb12da17,androidx/work/impl/WorkManagerImplExtKt,25,39,64.1
3445c4a95814a00b,androidx/recyclerview/selection/DefaultSelectionTracker,25,238,10.5
8d85e565b413c3e2,com/leinardi/android/speeddial/SpeedDialActionItem,25,68,36.76
530ed77698c3f0f2,com/google/android/material/navigation/NavigationView$3,25,41,60.98
34368bf20c6d3d47,org/proninyaroslav/libretorrent/ui/PermissionManager,25,73,34.25
9c8089427f1773bc,androidx/emoji2/text/SpannableBuilder,25,102,24.51
d6b6605fa7eed359,androidx/recyclerview/widget/AsyncListDiffer,24,41,58.54
6cb1814a88bf264e,androidx/appcompat/widget/ContentFrameLayout,24,93,25.81
8b2eb639132631b8,io/reactivex/internal/queue/SpscArrayQueue,24,39,61.54
8a5658c377a899f5,androidx/appcompat/app/AppCompatDelegateImpl$AppCompatWindowCallback,24,81,29.63
ddb19104e97d0e44,org/proninyaroslav/libretorrent/core/storage/AppDatabase_Impl$1,24,130,18.46
b5531e4ef13a49f6,org/proninyaroslav/libretorrent/MainApplication,24,29,82.76
3e3080f1a27aa3f9,androidx/sqlite/db/framework/FrameworkSQLiteDatabase,24,126,19.05
3ea1396d247f4879,io/reactivex/disposables/CompositeDisposable,24,96,25.0
c5c87273e1781b5d,androidx/work/impl/Schedulers,24,73,32.88
e948336a7622594e,org/proninyaroslav/libretorrent/core/model/session/SessionLogger$SessionLogFilter,24,37,64.86
05c9e5764f872625,androidx/core/app/NotificationCompat$Builder,23,328,7.01
8977cd2d8000bdca,org/proninyaroslav/libretorrent/ui/main/drawer/DrawerExpandableAdapter,23,45,51.11
3223803585d9f7e8,androidx/cardview/widget/CardViewApi21Impl,23,33,69.7
1850057c5bd32faf,org/libtorrent4j/swig/session_handle,23,85,27.06
71c68041fea98be8,io/reactivex/plugins/RxJavaPlugins,23,233,9.87
8853fbcf32bf1ca2,androidx/appcompat/widget/AppCompatTextViewAutoSizeHelper,23,252,9.13
12fa841cbeff4f16,kotlin/collections/CollectionsKt___CollectionsKt,23,1803,1.28
2ce09e55890c4dd9,androidx/appcompat/widget/AppCompatImageButton,22,81,27.16
e01383162a0d142b,androidx/lifecycle/ViewModelProvider,22,27,81.48
6a28f39cc3792e37,androidx/lifecycle/SavedStateViewModelFactory,22,69,31.88
ed8d71f19a2541d4,androidx/room/RoomDatabase$MigrationContainer,22,65,33.85
e16823019142f320,androidx/appcompat/app/AppCompatDelegate,22,135,16.3
ab8e07f6daa19309,io/reactivex/internal/operators/flowable/FlowableCreate$LatestAsyncEmitter,22,61,36.07
ae5e26fbd6f1f3b7,io/reactivex/internal/operators/flowable/FlowableObserveOn$ObserveOnSubscriber,22,80,27.5
15611ec905cea94d,androidx/lifecycle/ReportFragment,22,34,64.71
74f0c89b7522a1e1,androidx/appcompat/view/ContextThemeWrapper,22,51,43.14
206ef41398ba94be,io/reactivex/internal/schedulers/ComputationScheduler,21,33,63.64
754ea75c156db527,io/reactivex/Single,21,318,6.6
99d3ca4c276c0950,androidx/profileinstaller/DeviceProfileWriter,21,149,14.09
191688ba10f867bc,org/acra/util/StreamReader,21,68,30.88
9e6a8811a972b09e,io/reactivex/internal/schedulers/IoScheduler$CachedWorkerPool,21,41,51.22
8a7d3d8a535d8722,androidx/room/RoomSQLiteQuery,21,51,41.18
e6850239b2d5132d,org/libtorrent4j/swig/picker_log_alert,20,47,42.55
07c506f5ac29b601,androidx/lifecycle/ProcessLifecycleOwner,20,44,45.45
209546b6d9bd2c8d,androidx/room/InvalidationTracker$ObservedTableTracker,20,37,54.05
af8a94ed358629cb,io/reactivex/internal/operators/flowable/FlowableSubscribeOn$SubscribeOnSubscriber,20,36,55.56
6b7abd08e162257f,org/apache/commons/io/FileUtils,20,707,2.83
2f2db5dd10dcea93,io/reactivex/internal/schedulers/SchedulerPoolFactory,20,39,51.28
83c8007beba8710b,androidx/recyclerview/widget/RecyclerView$5,20,59,33.9
cfedcdfdd2700f6a,androidx/room/Room,20,41,48.78
54c813093419b9a7,org/libtorrent4j/SettingsPack,19,68,27.94
385cf1006141893d,androidx/recyclerview/widget/ViewInfoStore,19,85,22.35
14fe18d2a0af225f,io/reactivex/internal/schedulers/IoScheduler,19,26,73.08
71ddc7c307ca85e2,androidx/room/SharedSQLiteStatement,19,21,90.48
7cbecc82d7bbcd9b,androidx/savedstate/SavedStateRegistry,19,80,23.75
2b14d3a54330a943,org/proninyaroslav/libretorrent/ui/customviews/ThemedSpeedDialView,19,21,90.48
20a8ca9729831684,com/google/android/material/shape/ShapeableDelegate,19,41,46.34
b5959da49986a51e,androidx/collection/LruCache,19,86,22.09
121ec5748c915609,androidx/appcompat/widget/SearchView$SearchAutoComplete,19,87,21.84
43cda6959799b732,com/leinardi/android/speeddial/SpeedDialOverlayLayout,19,39,48.72
16e377e60035a84f,org/proninyaroslav/libretorrent/databinding/FragmentMainBindingImpl,19,27,70.37
ed4389cdeb6b47c1,org/acra/plugins/ServicePluginLoader,19,39,48.72
e85827a5ac7218ae,io/reactivex/internal/subscriptions/SubscriptionArbiter,19,105,18.1
b3a9e1e8aa27751f,kotlin/collections/ArrayDeque,19,374,5.08
86264981473a96e7,kotlin/text/StringsKt__StringsKt,18,922,1.95
93157df6752cf290,io/reactivex/internal/queue/MpscLinkedQueue,18,34,52.94
b0d2e2d50c0db24e,androidx/emoji2/viewsintegration/EmojiTextViewHelper$HelperInternal19,18,48,37.5
e9a0707a355a8806,androidx/recyclerview/widget/DiffUtil,18,99,18.18
3578f9a835decb66,androidx/appcompat/widget/ActionMenuPresenter$OverflowMenuButton,18,25,72.0
77eff01aa6f0ef3f,androidx/sqlite/util/ProcessLock,18,29,62.07
2e75a223acf81986,org/libtorrent4j/alerts/SocketType,18,20,90.0
aa8d0bf94512b07a,io/reactivex/subjects/BehaviorSubject,18,109,16.51
d1a8580a898bebfa,org/libtorrent4j/swig/settings_pack,18,33,54.55
0e3e350ae6e92958,androidx/core/view/ViewPropertyAnimatorCompat,18,167,10.78
6e7f308a3023dfef,androidx/appcompat/app/ActionBarDrawerToggle,18,96,18.75
9abe51cea2d9069b,com/google/android/material/animation/MotionSpec,18,71,25.35
13e43b7f8231c77c,androidx/recyclerview/widget/OrientationHelper$2,18,25,72.0
ce6acf5634cd1845,androidx/recyclerview/selection/BandSelectionHelper,18,99,18.18
e8a68d3a999d2ef5,com/leinardi/android/speeddial/SpeedDialActionItem$Builder,17,27,62.96
ed5e6a4a49e08ddc,androidx/work/Configuration$Builder,17,68,25.0
e604f61ef8f3b6e5,androidx/fragment/app/FragmentTransaction,17,116,14.66
a16d2aaebf315cc8,androidx/fragment/app/FragmentManagerViewModel,17,163,10.43
8b73330fa42f63d0,org/proninyaroslav/libretorrent/ui/customviews/EmptyRecyclerView,17,28,60.71
a3353ff100d7049d,io/reactivex/Completable,17,225,7.56
24829c0ebb649546,androidx/fragment/app/SpecialEffectsController$FragmentStateManagerOperation,17,39,43.59
bec1702e8b3747eb,androidx/core/graphics/ColorUtils,17,172,9.88
5b864ba2b1a9f5df,androidx/tracing/Trace,17,71,23.94
1c04a4f4dd90013d,androidx/arch/core/internal/SafeIterableMap$IteratorWithAdditions,17,20,85.0
db8175bea34e493d,io/reactivex/internal/subscribers/BasicFuseableSubscriber,17,34,50.0
8eff7ffded536478,io/reactivex/subjects/PublishSubject,17,70,24.29
7909670050a1375e,io/reactivex/internal/schedulers/NewThreadWorker,17,48,35.42
5a97827efe7e55d9,androidx/lifecycle/ViewModelProvider$AndroidViewModelFactory,17,34,50.0
d53602c8baab7bd8,com/leinardi/android/speeddial/UiUtils,17,111,15.32
13d9caf113cb9a33,androidx/lifecycle/ReportFragment$Companion,16,23,69.57
0716b23b8f4b217c,org/libtorrent4j/swig/settings_pack$string_types,16,26,61.54
84ab06da51258d60,kotlin/collections/builders/MapBuilder$Itr,16,26,61.54
3c78cc08f0d18cd6,androidx/work/Logger,16,18,88.89
cf04e0494ec14139,org/proninyaroslav/libretorrent/core/model/session/TorrentSessionImpl$2,16,28,57.14
416a963f8d272c7a,org/acra/data/CrashReportDataFactory,16,84,19.05
c1d366f81f75873b,androidx/multidex/MultiDex,16,176,9.09
25c687cf9b27719c,com/google/android/material/internal/NavigationMenuPresenter$NavigationMenuAdapter,16,197,8.12
205f0dd40c10a1ce,androidx/core/app/NotificationCompat$Action$Builder,16,87,18.39
bca3d45808415e63,androidx/databinding/MergedDataBinderMapper,16,59,27.12
ef47674e24519d6b,androidx/work/impl/model/PreferenceDao_Impl,16,30,53.33
06a02a2f21948f45,io/reactivex/internal/functions/Functions,16,56,28.57
7bd32bef33a686ed,androidx/recyclerview/widget/ChildHelper$Bucket,16,61,26.23
11d5710dd7c50b2f,kotlinx/coroutines/flow/StateFlowImpl,16,93,17.2
ff865f795161a58b,org/proninyaroslav/libretorrent/databinding/DrawerNoTagsListItemBindingImpl,15,22,68.18
8733a6097766b5b8,io/reactivex/internal/operators/flowable/FlowableConcatArray$ConcatArraySubscriber,15,33,45.45
cde57cf0e6d4f1a0,androidx/core/app/NotificationCompat$Action,15,32,46.88
172d17236f3df4b0,androidx/work/impl/utils/PackageManagerHelper,15,34,44.12
b10e064ee292aa6a,androidx/core/graphics/drawable/DrawableCompat,15,108,13.89
a0924147a5100886,org/proninyaroslav/libretorrent/core/collections/FixedRingBuffer,15,74,20.27
e79f65dbfa93f5c9,io/reactivex/internal/subscriptions/DeferredScalarSubscription,15,52,28.85
e81ebf12bd0e6d53,org/proninyaroslav/libretorrent/databinding/DrawerEmptyTagsListItemBindingImpl,15,22,68.18
8ecfaf9b6e030001,com/google/android/material/shadow/ShadowRenderer,15,57,26.32
2294482b172e03fb,org/proninyaroslav/libretorrent/ui/main/drawer/TagsAdapter,15,23,65.22
94880788967e7e05,androidx/lifecycle/SavedStateHandleSupport,15,45,33.33
1cdf2bda0aa17c15,com/google/android/material/resources/MaterialResources,15,68,22.06
74a59e5be6e9d65c,androidx/lifecycle/viewmodel/ViewModelProviderImpl,15,20,75.0
cd2ea6f49022bdcd,io/reactivex/subjects/BehaviorSubject$BehaviorDisposable,15,49,30.61
6f9b636d2bc3e3aa,androidx/work/impl/constraints/trackers/Trackers,15,23,65.22
678e26ce21aa4f3f,androidx/profileinstaller/ProfileInstallerInitializer,15,19,78.95
3707ffcd01c3affc,androidx/savedstate/SavedStateRegistryController,14,25,56.0
3dd614e396d07404,androidx/fragment/app/SpecialEffectsController$Operation$State,14,53,26.42
810234b527a42659,androidx/room/RoomSQLiteQuery$Companion,14,30,46.67
c97634b9dec3f47f,androidx/sqlite/db/framework/FrameworkSQLiteOpenHelper,14,30,46.67
7753917b19bb77c2,androidx/emoji2/viewsintegration/EmojiTextWatcher,14,49,28.57
1523e77ab1155c62,com/google/android/material/internal/ScrimInsetsFrameLayout,14,51,27.45
15665bbf630baf00,com/h6ah4i/android/widget/advrecyclerview/adapter/SimpleWrapperAdapter,14,82,17.07
c1515f26280eafb9,org/libtorrent4j/swig/session_params,14,53,26.42
b60e508c8deb726b,androidx/core/graphics/drawable/IconCompat,14,296,4.73
f32a444c27f73f68,kotlin/collections/builders/SetBuilder,14,31,45.16
2af10feb44f81bca,io/reactivex/internal/operators/flowable/FlowableObserveOn$BaseObserveOnSubscriber,14,61,22.95
f4773f80ce7d2b41,androidx/fragment/app/FragmentActivity$HostCallbacks,14,44,31.82
4e279b30476e161d,org/acra/reporter/ErrorReporterImpl,14,71,19.72
0986885ce691f262,org/acra/config/DialogConfiguration,14,36,38.89
c3fc2d4a88476ec9,androidx/work/impl/model/SystemIdInfoDao_Impl,13,74,17.57
6a00e5af3992b889,io/reactivex/subscribers/SerializedSubscriber,13,57,22.81
7e9aa68b5d55ea7a,androidx/appcompat/widget/AppCompatDrawableManager,13,21,61.9
acdba213c73b0d4f,androidx/lifecycle/LiveData,13,98,13.27
01c3dbadbbe94ad6,androidx/arch/core/executor/ArchTaskExecutor,13,21,61.9
c6daec9591d8f1bf,androidx/emoji2/text/DefaultEmojiCompatConfig$DefaultEmojiCompatConfigFactory,13,40,32.5
81c58aa1ba4ce6a7,androidx/sqlite/db/SupportSQLiteOpenHelper$Configuration$Builder,13,21,61.9
4db1abc6c530ea63,androidx/appcompat/widget/SearchView$PreQAutoCompleteTextViewReflector,13,33,39.39
873baf349511e2b5,kotlin/collections/MapsKt__MapsKt,13,269,4.83
8fea758148f58714,androidx/recyclerview/selection/TouchInputHandler,13,60,21.67
7515a0e33e27f405,androidx/fragment/app/FragmentViewLifecycleOwner,13,45,28.89
e0d5a73aab270a71,androidx/lifecycle/Lifecycle$Event,13,20,65.0
fe96e92eb6ffb170,androidx/emoji2/viewsintegration/EmojiEditableFactory,13,17,76.47
d0b347d72162f791,org/acra/collector/ConfigurationCollector$Prefix,13,15,86.67
694214c1f0fd9463,androidx/recyclerview/selection/DefaultBandHost,13,41,31.71
abb26818aada7f42,androidx/collection/ContainerHelpers,13,27,48.15
f433264622fbe228,io/reactivex/internal/schedulers/ExecutorScheduler$ExecutorWorker,13,51,25.49
9287b3f198d099af,org/proninyaroslav/libretorrent/ui/main/drawer/DrawerExpandableAdapter$ItemViewHolder,13,15,86.67
58b95b40928fbe06,io/reactivex/internal/observers/BasicFuseableObserver,13,34,38.24
76bc56e24fc59aec,androidx/emoji2/text/EmojiCompatInitializer,13,14,92.86
3b43479450546d37,org/libtorrent4j/alerts/DhtLogAlert$DhtModule,13,15,86.67
bd036b3276e3ea64,androidx/core/view/MenuHostHelper,13,53,24.53
dd6a93ed5bb09f96,org/libtorrent4j/swig/listen_failed_alert,12,34,35.29
af59c54e596e9972,androidx/recyclerview/selection/GestureSelectionHelper,12,55,21.82
78a204235d33e2df,androidx/room/RoomOpenHelper$Companion,12,40,30.0
8dbaf475c64d69a5,androidx/recyclerview/widget/RecyclerView$ItemAnimator,12,42,28.57
0bae607502ee5ffe,androidx/core/view/KeyEventDispatcher,12,74,16.22
46929a53433b166c,org/proninyaroslav/libretorrent/ui/main/drawer/TagsAdapter$NoTagsItemViewHolder,12,19,63.16
1319c207dfb89fea,org/proninyaroslav/libretorrent/JacocoInstrument/JacocoInstrumentation,12,53,22.64
83695bf9d7f28fb7,org/libtorrent4j/swig/alert_category_t,12,28,42.86
ad99aa59c3de5486,androidx/lifecycle/SavedStateViewModelFactoryKt,12,29,41.38
a557490b6915d0b8,androidx/fragment/app/FragmentController,12,52,23.08
66d27367670f766e,androidx/core/view/ViewConfigurationCompat,12,74,16.22
a9e57a3f5343bb12,androidx/appcompat/widget/RtlSpacingHelper,12,36,33.33
4f6fa39abb7cc137,androidx/work/impl/constraints/WorkConstraintsTracker,12,48,25.0
7ff113f53a9744c3,org/proninyaroslav/libretorrent/ui/main/drawer/TagsAdapter$EmptyItemViewHolder,12,19,63.16
482b054e11f4fd1b,kotlin/jvm/internal/Intrinsics,12,127,9.45
45279b4ad1251fc1,kotlin/io/TextStreamsKt,12,81,14.81
d0a4471ce9bd0597,androidx/room/RoomDatabase$JournalMode,12,21,57.14
5eb6932581877dd7,androidx/work/impl/model/WorkProgressDao_Impl,12,49,24.49
1b79341a6f05c3ad,com/google/android/material/elevation/ElevationOverlayProvider,12,44,27.27
1a45ea35417e00d2,androidx/core/view/MenuItemCompat,12,87,13.79
0c1249459285a08e,kotlin/text/StringsKt__StringsJVMKt,12,333,3.6
c09935e10b4cf5c7,androidx/appcompat/widget/TooltipCompatHandler,12,85,14.12
d98a5dfe703236ee,org/libtorrent4j/swig/socket_type_t,12,23,52.17
6a81f59cf0ab0cd8,org/acra/file/ReportLocator,12,17,70.59
7d7f843e91070010,org/proninyaroslav/libretorrent/core/settings/SessionSettings$ProxyType,12,15,80.0
ca841f67658b32d8,org/libtorrent4j/swig/listen_succeeded_alert,12,27,44.44
9ea6a616f04bf779,androidx/work/impl/utils/SerialExecutorImpl,12,19,63.16
93276b5caaa5c446,org/libtorrent4j/swig/dht_log_alert,11,27,40.74
748a627a05120123,androidx/lifecycle/Lifecycle$State,11,13,84.62
344f25489bfc462f,org/acra/collector/MediaCodecListCollector,11,123,8.94
8026361bbc6c3177,androidx/appcompat/widget/ViewStubCompat,11,44,25.0
ae20722e286e6d2b,androidx/sqlite/util/ProcessLock$Companion,11,13,84.62
9ddc85ca8ee48a67,androidx/lifecycle/viewmodel/internal/ViewModelProviders,11,37,29.73
4d84de7514abb6d1,org/libtorrent4j/swig/alert_ptr_vector,11,66,16.67
d6a439c54e1ed56d,org/apache/commons/io/IOUtils,11,420,2.62
3d5df6c1d28ec909,androidx/work/impl/CleanupCallback,11,13,84.62
73ce336056859867,org/libtorrent4j/swig/portmap_log_alert,11,26,42.31
8afdedd67e7d435d,androidx/core/util/Pools$SimplePool,11,19,57.89
ea6df97d8b8f1b34,com/google/android/material/resources/MaterialAttributes,11,32,34.38
9d5e56ebccb65e86,org/libtorrent4j/swig/address,11,29,37.93
656ddca1d2e33c2a,androidx/emoji2/text/EmojiCompatInitializer$BackgroundDefaultLoader,11,13,84.62
7f38980a867de6c0,org/acra/file/Directory,11,14,78.57
47ef186305323a2f,com/google/android/material/shape/MaterialShapeUtils,11,18,61.11
679566d3f0273125,org/proninyaroslav/libretorrent/core/settings/SessionSettings$EncryptMode,11,14,78.57
90adcb9e5af17ddc,org/proninyaroslav/libretorrent/core/RepositoryHelper,11,17,64.71
2a64d711e58232b6,androidx/appcompat/widget/AppCompatEmojiEditTextHelper,11,18,61.11
1338921b22c1ace6,org/proninyaroslav/libretorrent/core/storage/TorrentRepositoryImpl,11,41,26.83
67fe1cabed14d998,kotlin/SynchronizedLazyImpl,11,20,55.0
8236432c17701daf,androidx/core/graphics/TypefaceCompatApi24Impl,11,56,19.64
3e948fa4678eaaa9,androidx/lifecycle/SavedStateHandlesProvider,11,44,25.0
acf33b675f1e0b59,com/h6ah4i/android/widget/advrecyclerview/expandable/ExpandableItemState,10,21,47.62
97789d5f9aeff50c,androidx/appcompat/widget/SearchView$UpdatableTouchDelegate,10,31,32.26
f3c364d76b790d5d,androidx/room/RxRoom,10,24,41.67
b569ed6d758233ab,io/reactivex/internal/subscribers/LambdaSubscriber,10,42,23.81
75f8f8f372199855,org/libtorrent4j/swig/external_ip_alert,10,25,40.0
bfc7640670f4ab7f,androidx/recyclerview/widget/ListAdapter,10,15,66.67
ee1973f2ddbfedd1,androidx/work/impl/Processor,10,159,6.29
3adbfc1a075e8d6f,org/libtorrent4j/swig/session_stats_alert,10,25,40.0
6b7c3cced6f3bd58,com/google/android/material/shape/ShapePath$PathLineOperation,10,10,100.0
d3c84e8410c51310,com/google/android/material/color/MaterialColors,10,82,12.2
30798682b5c75df0,androidx/appcompat/view/WindowCallbackWrapper,10,29,34.48
a8f7f6d556143248,androidx/recyclerview/widget/RecyclerView$RecyclerViewDataObserver,10,42,23.81
bdb41e6d8d6426f8,androidx/core/view/ViewCompat$Api21Impl,10,40,25.0
a4fa2b8526a4e853,org/proninyaroslav/libretorrent/ui/TorrentNotifier,10,136,7.35
98c54bf6b10f1f54,androidx/core/os/LocaleListCompat,10,60,16.67
09b0ff7e9619a473,org/proninyaroslav/libretorrent/core/storage/AppDatabase,10,12,83.33
f96cdca83911eeba,androidx/core/os/TraceCompat,10,41,24.39
27ea70e1dec8dcf2,org/proninyaroslav/libretorrent/core/sorting/TorrentSorting$SortingColumns,10,17,58.82
4bbb39a90f40a4b9,com/google/android/material/theme/overlay/MaterialThemeOverlay,10,26,38.46
18bc416a6e5d95bd,androidx/appcompat/app/ActionBarDrawerToggle$ToolbarCompatDelegate,10,12,83.33
f4d8264c260b5c4e,io/reactivex/internal/disposables/DisposableHelper,10,53,18.87
94099447c8dc4203,org/libtorrent4j/swig/port_filter,10,21,47.62
1668b508065aaa35,androidx/activity/OnBackPressedCallback,10,21,47.62
ba843bc726e8f913,io/reactivex/internal/schedulers/SingleScheduler,10,48,20.83
72fc897f788e7c4d,androidx/appcompat/widget/AppCompatDrawableManager$1,10,148,6.76
8d357dee8cd891c5,io/reactivex/internal/schedulers/RxThreadFactory,10,11,90.91
8296788d5ecfa16b,androidx/fragment/app/FragmentFactory,10,29,34.48
10d82642ac245858,androidx/work/impl/background/greedy/GreedyScheduler,10,121,8.26
4c1eca25febaae11,androidx/core/content/FileProvider,10,142,7.04
4c7c7e814e6f854d,androidx/fragment/app/FragmentHostCallback,10,39,25.64
f1625dddc6aa47bd,kotlin/jvm/internal/ClassReference$Companion,10,45,22.22
3d69b880e036e5c4,org/libtorrent4j/swig/log_alert,10,25,40.0
2871792c11dfdb44,androidx/lifecycle/viewmodel/MutableCreationExtras,10,11,90.91
afd8fef34e9b6a52,org/libtorrent4j/swig/byte_vector,10,57,17.54
296543ef54a27e5a,org/libtorrent4j/PortmapTransport,9,11,81.82
ced1f1010f228cf0,org/proninyaroslav/libretorrent/core/model/data/SessionStats,9,31,29.03
7e28094b23bfc5a1,androidx/recyclerview/widget/SimpleItemAnimator,9,59,15.25
53d04dffce4f2763,io/reactivex/internal/operators/single/SingleObserveOn$ObserveOnSingleObserver,9,17,52.94
ecbe9440c9bb3869,androidx/recyclerview/widget/RecyclerView$AdapterDataObservable,9,29,31.03
0d6d57ff4a2dcddc,io/reactivex/Scheduler,9,22,40.91
808b4a569c7bb641,androidx/core/app/ComponentActivity,9,59,15.25
9c4ef7b8418d841a,androidx/lifecycle/Lifecycle$Event$WhenMappings,9,16,56.25
dfdc2948df58a394,org/proninyaroslav/libretorrent/core/model/stream/TorrentStreamServer,9,110,8.18
054467a83e991a29,androidx/profileinstaller/ProfileVerifier,9,69,13.04
b323efe2fdeb0c69,androidx/sqlite/db/framework/FrameworkSQLiteOpenHelper$OpenHelper$Companion,9,10,90.0
baef1c6311811187,org/acra/builder/LastActivityManager$1,9,44,20.45
30bd72a24a3f4566,io/reactivex/internal/observers/LambdaObserver,9,40,22.5
d66cf6a4c3ba0cdd,androidx/activity/contextaware/ContextAwareHelper,9,15,60.0
33066e5e3e0e486b,androidx/lifecycle/DefaultLifecycleObserverAdapter$WhenMappings,9,16,56.25
d1f21535705603a8,org/proninyaroslav/libretorrent/core/model/DownloadsCompletedListener,9,16,56.25
545c70b407550793,org/libtorrent4j/StatsMetric,9,18,50.0
02110b806a80eb31,org/proninyaroslav/libretorrent/core/storage/dao/TagInfoDao_Impl$4,9,18,50.0
c15c1df954cdc79f,androidx/recyclerview/selection/ToolHandlerRegistry,9,17,52.94
ce49e57b9a046707,androidx/core/content/ContextCompat,9,117,7.69
4dd75c24cc11b295,androidx/lifecycle/Lifecycling,9,95,9.47
3947415f36339754,io/reactivex/internal/operators/flowable/FlowableCreate$BaseEmitter,9,36,25.0
24d40969b6b69b82,io/reactivex/internal/queue/MpscLinkedQueue$LinkedQueueNode,9,9,100.0
abd5256a560881dc,androidx/databinding/DataBindingUtil,9,63,14.29
0ed712eb391c0c52,kotlin/collections/builders/MapBuilder$Companion,9,9,100.0
d76e91a8eb69e451,androidx/drawerlayout/widget/DrawerLayout$ViewDragCallback,9,91,9.89
5df01a501c2b282e,androidx/fragment/app/SpecialEffectsController$Companion,9,9,100.0
f8e87d3e97e35a75,io/reactivex/internal/operators/observable/ObservableFlattenIterable$FlattenIterableObserver,9,32,28.12
36ec8ad53fa59f24,io/reactivex/schedulers/Schedulers,9,26,34.62
99e728fd317ec1b2,androidx/cardview/widget/CardView$1,9,16,56.25
c4479396b204a9d4,androidx/arch/core/internal/FastSafeIterableMap,9,11,81.82
2436556bead5f1a3,androidx/collection/LongSparseArray,9,146,6.16
1afb9b9a0a14f804,androidx/appcompat/widget/ViewUtils,9,36,25.0
62da96f57b36c11d,org/proninyaroslav/libretorrent/core/storage/DatabaseMigration,9,10,90.0
82d22166e1e0ab81,kotlin/internal/jdk8/JDK8PlatformImplementations$ReflectSdkVersion,9,14,64.29
794ef4034d89f328,org/acra/config/MailSenderConfiguration,8,20,40.0
2b10ef6e53f0a69d,io/reactivex/internal/schedulers/SchedulerPoolFactory$ScheduledTask,8,8,100.0
a45480a2b83e7aff,com/google/android/material/floatingactionbutton/FloatingActionButton$ShadowDelegateImpl,8,10,80.0
be8e460633a07e08,org/libtorrent4j/swig/error_code,8,23,34.78
26ce490850c02be6,io/reactivex/internal/operators/flowable/FlowableToListSingle$ToListSubscriber,8,15,53.33
fd62a407e8846a84,org/proninyaroslav/libretorrent/core/system/SystemFacadeHelper,8,9,88.89
be47d4a295c00cb9,org/libtorrent4j/ErrorCode,8,8,100.0
0e8c6095bdcf590e,org/proninyaroslav/libretorrent/core/model/session/SessionErrors,8,14,57.14
6c89f8768ef1c485,androidx/emoji2/text/EmojiCompat$ListenerDispatcher,8,14,57.14
2ff138c0456806fe,io/reactivex/internal/schedulers/IoScheduler$EventLoopWorker,8,14,57.14
178ec06cefa34434,androidx/core/util/Pools$SynchronizedPool,8,10,80.0
43505ecd6e4c9d2e,io/reactivex/internal/operators/flowable/FlowableUnsubscribeOn$UnsubscribeSubscriber,8,21,38.1
4890274d6c7f142b,org/acra/scheduler/SchedulerStarter,8,30,26.67
3441a709fd8e3ad2,androidx/sqlite/db/SimpleSQLiteQuery,8,12,66.67
337ebe78a2d25ca5,org/proninyaroslav/libretorrent/core/settings/SettingsRepositoryImpl$Default,8,14,57.14
d525893f15c5c6f8,io/reactivex/internal/operators/flowable/FlowableFilter$FilterSubscriber,8,23,34.78
4a47e3acf64a7d91,org/proninyaroslav/libretorrent/core/storage/dao/TagInfoDao_Impl,8,79,10.13
e221f46d4459afdd,org/proninyaroslav/libretorrent/core/model/session/SessionLogger$SessionLogEntryType,8,10,80.0
ba313271c77301f2,org/acra/prefs/SharedPreferencesFactory$Companion,8,10,80.0
aa1cc4dbe889883f,androidx/lifecycle/LifecycleRegistry$ObserverWithState,8,11,72.73
20045794ab35798d,androidx/recyclerview/widget/OpReorderer,8,94,8.51
b9fa6f25ba3506f1,kotlin/collections/MutableMapWithDefaultImpl,8,31,25.81
454a721572a97cfc,androidx/recyclerview/widget/AsyncDifferConfig$Builder,8,12,66.67
35ba917c818e6eac,androidx/lifecycle/ViewModelStore,8,14,57.14
b20ec59dcad0f123,org/libtorrent4j/SessionManager$6,8,14,57.14
aa85a555d2951b39,androidx/recyclerview/widget/RecyclerView$State,8,31,25.81
eae45a54c09ee229,androidx/lifecycle/ProcessLifecycleInitializer,8,10,80.0
ae6b4f4963de334f,org/libtorrent4j/swig/dht_log_alert$dht_module_t,8,18,44.44
7fba8c19714d4521,io/reactivex/internal/operators/flowable/FlowableMap$MapSubscriber,8,13,61.54
bee54c94311c1fdd,androidx/lifecycle/viewmodel/internal/ViewModelImpl,8,61,13.11
480a4a336e2f7c24,org/proninyaroslav/libretorrent/ui/main/drawer/DrawerGroup,8,8,100.0
8663126e1590d920,kotlin/text/Charsets,8,20,40.0
0b049a8aacea0d54,io/reactivex/internal/operators/single/SingleFlatMap$SingleFlatMapCallback,8,15,53.33
48ed169533b57916,androidx/activity/result/ActivityResultRegistry$1,8,21,38.1
06a56f366e0fe25c,org/libtorrent4j/swig/settings_pack$proxy_type_t,8,19,42.11
053b49ee781fbb65,androidx/room/RxRoom$1,8,10,80.0
e33cf84b79ca53e2,androidx/coordinatorlayout/widget/CoordinatorLayout$Behavior,8,51,15.69
c529788a8f0821e1,androidx/work/impl/background/greedy/TimeLimiter,8,23,34.78
9b9ad9983215278c,androidx/recyclerview/selection/EventBridge$TrackerToAdapterBridge,8,14,57.14
c729feaa358509cd,androidx/databinding/ViewDataBinding$7,8,10,80.0
47556be6ffdb866e,androidx/room/InvalidationTracker$ObserverWrapper,8,58,13.79
4cb8873edd7c32fc,androidx/appcompat/widget/AppCompatEmojiTextHelper,8,14,57.14
0cf9de0a0745c65a,androidx/room/InvalidationTracker$Companion,8,13,61.54
6338016c9d0c18da,androidx/work/impl/WorkDatabasePathHelper,8,47,17.02
ad81cf2f91470501,org/acra/startup/UnapprovedStartupProcessor,8,23,34.78
7065d00f1825afd8,androidx/lifecycle/DefaultLifecycleObserverAdapter,8,14,57.14
dbf8bac46e54c04d,androidx/appcompat/view/ActionBarPolicy,8,36,22.22
a01b8c42d34dc176,androidx/recyclerview/selection/ResetManager,7,14,50.0
f1c1fc0338d77fb2,androidx/sqlite/db/framework/FrameworkSQLiteDatabase$query$cursorFactory$1,7,7,100.0
22201230bfc34945,androidx/core/app/NotificationCompatBuilder$Api20Impl,7,11,63.64
78a85c2b9abe4e5f,com/h6ah4i/android/widget/advrecyclerview/animator/GeneralItemAnimator,7,150,4.67
d95a3e04abc2cb52,androidx/work/impl/utils/taskexecutor/WorkManagerTaskExecutor,7,9,77.78
edd6d184992caf6d,io/reactivex/Scheduler$DisposeTask,7,13,53.85
3314fa2f6f4953f4,androidx/emoji2/viewsintegration/EmojiInputFilter,7,34,20.59
8526e4fa58b06d6b,androidx/lifecycle/Lifecycle$Event$Companion$WhenMappings,7,12,58.33
9a230719f24a39b6,androidx/emoji2/viewsintegration/EmojiTransformationMethod,7,15,46.67
1cfe62c9d2ae0040,androidx/recyclerview/widget/ViewInfoStore$InfoRecord,7,10,70.0
7c594a26339ee80e,androidx/room/EntityInsertionAdapter,7,101,6.93
af33de4c253a268e,androidx/work/ConfigurationKt,7,7,100.0
c76a17886452b6ef,androidx/recyclerview/widget/LinearLayoutManager$LayoutState,7,38,18.42
8935d138e3a8dc2f,org/proninyaroslav/libretorrent/core/model/session/TorrentSessionImpl$InnerListener,7,23,30.43
eb19f6382e2098eb,androidx/work/WorkManagerInitializer,7,7,100.0
e98676e55dd807a7,kotlin/collections/ArraysKt___ArraysKt,7,10738,0.07
5a3b3bcb55bc2ee3,io/reactivex/BackpressureStrategy,7,8,87.5
74d2479037b97dad,org/proninyaroslav/libretorrent/receiver/ConnectionReceiver,7,9,77.78
b3406ad9d643006a,io/reactivex/internal/schedulers/ComputationScheduler$EventLoopWorker,7,15,46.67
263b6d670ea2e87e,io/reactivex/Maybe,7,399,1.75
8d2a19d5a6bb8921,androidx/lifecycle/Lifecycle$Event$Companion,7,26,26.92
6f95fc446881b579,com/leinardi/android/speeddial/SpeedDialView$SnackbarBehavior,7,72,9.72
3bb3e7a873339d59,androidx/recyclerview/selection/MouseInputHandler,7,83,8.43
d88f47a6eb3d2efb,io/reactivex/internal/schedulers/ComputationScheduler$FixedSchedulerPool,7,21,33.33
2e1529fba3bb3faf,org/proninyaroslav/libretorrent/core/model/TorrentInfoProvider$4,7,9,77.78
145c993703d17284,org/apache/commons/io/output/StringBuilderWriter,7,26,26.92
fb6584a11b959858,androidx/recyclerview/widget/GapWorker,7,128,5.47
0b7a843a3076b741,androidx/appcompat/widget/ForwardingListener,7,119,5.88
97e588f75c204051,androidx/lifecycle/LifecycleRegistry$Companion,7,10,70.0
885d0249e7657862,org/libtorrent4j/swig/alert_priority,7,17,41.18
72d518eac4d94a34,org/acra/builder/LastActivityManager,7,25,28.0
02176387ff53ebae,io/reactivex/internal/operators/observable/ObservableToList$ToListObserver,7,13,53.85
d9597f8f33b0d18b,io/reactivex/internal/operators/single/SingleCreate$Emitter,7,41,17.07
50347779a95c44b3,androidx/recyclerview/selection/MotionInputHandler,7,59,11.86
f28d4b054adfc23a,org/libtorrent4j/SessionStats$Average,7,8,87.5
900ee92ea26d48ff,androidx/emoji2/viewsintegration/EmojiTextViewHelper$SkippingHelper19,7,18,38.89
edc096ff95eb5ef1,org/libtorrent4j/swig/entry,7,41,17.07
ee9aea45e555cee0,androidx/work/impl/utils/PreferenceUtils,7,50,14.0
a0193446d63b8cc1,io/reactivex/internal/operators/observable/ObservableFilter$FilterObserver,7,16,43.75
f474aa78633a3e96,androidx/activity/OnBackPressedDispatcher$LifecycleOnBackPressedCancellable,7,17,41.18
baaf71c54525123d,org/proninyaroslav/libretorrent/core/model/session/SessionLogger$1,7,12,58.33
7377abaf3c3718c0,com/google/android/material/motion/MaterialBackAnimationHelper,7,18,38.89
e9785f2a7817d4fa,androidx/recyclerview/widget/RecyclerView$ItemAnimator$ItemHolderInfo,7,7,100.0
0b6452e1835d69f4,androidx/fragment/app/SpecialEffectsController$Operation$State$WhenMappings,6,10,60.0
2d312e08c82d9c4a,io/reactivex/internal/util/BackpressureHelper,6,30,20.0
860d1968a08f6b4f,androidx/activity/result/contract/ActivityResultContracts$RequestMultiplePermissions,6,44,13.64
088a560b38394ad2,com/google/android/material/motion/MaterialBackOrchestrator,6,21,28.57
55cdf503f8d5af3e,androidx/recyclerview/selection/ItemKeyProvider,6,9,66.67
8f83bb62c41eabcb,kotlin/collections/EmptyList,6,50,12.0
53deef3299d13226,androidx/recyclerview/widget/DefaultItemAnimator$5,6,7,85.71
583dc1784ed23bcb,com/google/android/material/internal/StateListAnimator,6,31,19.35
179524bdb1faca94,androidx/recyclerview/widget/DefaultItemAnimator$3,6,6,100.0
9eecf54e794d0efe,androidx/arch/core/executor/DefaultTaskExecutor,6,27,22.22
250a58f18fc14ca1,org/proninyaroslav/libretorrent/core/logger/Logger$DataSetChange$Reason,6,8,75.0
c9eec7d428defe1e,androidx/fragment/app/FragmentStateManager$2,6,10,60.0
a7be9f37296cf8d9,androidx/lifecycle/ViewModelProvider$AndroidViewModelFactory$Companion,6,7,85.71
e9f042f1c373e17b,org/libtorrent4j/Address,6,21,28.57
650c57560300613b,org/acra/collector/TimeCollector,6,20,30.0
5640bdecf1615882,androidx/lifecycle/LegacySavedStateHandleController,6,22,27.27
903f8822effb4467,kotlin/collections/builders/MapBuilder$KeysItr,6,7,85.71
9e6d88a998b0edb0,androidx/work/impl/model/PreferenceDao_Impl$1,6,10,60.0
0fcafdcdb1b598e5,androidx/appcompat/app/AppCompatActivity$2,6,6,100.0
3da349d8587d23ea,io/reactivex/internal/disposables/ListCompositeDisposable,6,86,6.98
11255467138067c7,org/acra/prefs/SharedPreferencesFactory,6,9,66.67
6d60de30cfa4e6d7,com/google/android/material/ripple/RippleUtils,6,51,11.76
a508c16406e036e6,org/proninyaroslav/libretorrent/ui/main/drawer/DrawerExpandableAdapter$GroupViewHolder,6,7,85.71
3a90444baf01fd0d,io/reactivex/internal/subscriptions/SubscriptionHelper,6,68,8.82
02e2b481c29d0ab2,io/reactivex/internal/operators/flowable/FlowableDelay$DelaySubscriber,6,13,46.15
b3b7ad7577922704,io/reactivex/internal/operators/maybe/MaybeFromCallable,6,17,35.29
a8e5ef8d1bbac439,androidx/recyclerview/widget/RecyclerView$ItemAnimatorRestoreListener,6,12,50.0
0e08b0537c28b1da,androidx/lifecycle/LifecycleDispatcher,6,7,85.71
20c2b0ec6949994b,org/libtorrent4j/swig/libtorrent_jni,6,16,37.5
c63ba20508d94f51,androidx/appcompat/widget/Toolbar$ExpandedActionViewMenuPresenter,6,55,10.91
c46e93b805c815c8,kotlin/jvm/internal/ArrayIterator,6,9,66.67
6b6c5eacc9e67bdc,io/reactivex/internal/operators/flowable/FlowableCreate,6,12,50.0
31ff24e087cb3141,io/reactivex/internal/operators/flowable/FlowableToList$ToListSubscriber,6,15,40.0
c9f6c2b5af3af5b2,io/reactivex/android/schedulers/HandlerScheduler,6,10,60.0
e61e3c67adf9d6f5,androidx/core/content/res/ResourcesCompat$ColorStateListCacheKey,6,13,46.15
d9f30cb150a32ffa,androidx/lifecycle/viewmodel/internal/JvmViewModelProviders,6,12,50.0
c5236f15591f2a5d,androidx/fragment/app/SpecialEffectsController$Operation$LifecycleImpact,6,7,85.71
b8e27634f8410528,androidx/recyclerview/selection/PointerDragEventInterceptor,6,16,37.5
e47f44d51e3d7db8,com/google/android/material/shape/ShapeableDelegateV22$1,6,7,85.71
3832d5253924463a,androidx/emoji2/viewsintegration/EmojiEditTextHelper$HelperInternal19,6,14,42.86
9418f43c22412c67,androidx/room/RoomMasterTable,6,6,100.0
d62be83e91c94c80,androidx/emoji2/text/ConcurrencyHelpers,6,10,60.0
0505de87ea9bfc7f,org/proninyaroslav/libretorrent/core/system/SystemFacadeImpl,6,10,60.0
606b11a50a3c00bb,androidx/core/graphics/TypefaceCompat,6,80,7.5
bb28778dd778f967,androidx/recyclerview/widget/OrientationHelper,6,13,46.15
ab23114aa5e98cbf,androidx/appcompat/widget/VectorEnabledTintResources,6,56,10.71
5d0cf17fe6ad0875,androidx/work/ConfigurationKt$createDefaultExecutor$factory$1,6,7,85.71
bb4933f103c99f40,androidx/appcompat/widget/TintContextWrapper,6,54,11.11
84df4d3c07113e28,androidx/core/view/AccessibilityDelegateCompat,6,61,9.84
043a197dc036eadf,androidx/work/impl/constraints/trackers/ConstraintTracker,6,45,13.33
d7dc63188c9717a8,io/reactivex/internal/operators/observable/ObservableToListSingle$ToListObserver,6,12,50.0
6569d0da399900a7,io/reactivex/internal/operators/completable/CompletableFromRunnable,6,13,46.15
c3feba86a288c37f,androidx/recyclerview/selection/GestureRouter,6,16,37.5
5b65fdcc6fb4dbe2,io/reactivex/internal/subscriptions/ScalarSubscription,6,23,26.09
6cafdddde00966b8,androidx/emoji2/viewsintegration/EmojiTextViewHelper,6,14,42.86
dccc2d7f1c58bbf9,com/google/android/material/animation/MotionTiming,6,56,10.71
7476a582787d36fb,androidx/recyclerview/selection/ViewAutoScroller,6,40,15.0
d3bf2051b7d27940,com/h6ah4i/android/widget/advrecyclerview/utils/AbstractExpandableItemAdapter,6,15,40.0
ddc6cbc8dc25ff25,io/reactivex/internal/operators/flowable/FlowableCreate$1,6,10,60.0
a6e7d0e8a533be56,androidx/savedstate/Recreator,6,34,17.65
996404961737c8a3,io/reactivex/internal/schedulers/NewThreadScheduler,6,7,85.71
add72487eb8a84cb,org/proninyaroslav/libretorrent/core/system/FileSystemFacadeImpl,6,153,3.92
c2d7841ac2fbea9c,kotlin/properties/ObservableProperty,6,9,66.67
afdeea926bd8f3ba,org/acra/util/StubCreator,6,13,46.15
30bf1dc00ddf9123,androidx/sqlite/db/SupportSQLiteCompat$Api16Impl,6,17,35.29
3b4f88431f30753a,io/reactivex/internal/schedulers/ScheduledDirectTask,5,7,71.43
ab79a9481c92c42d,kotlin/internal/jdk8/JDK8PlatformImplementations,5,19,26.32
b56bfcccb0026b7c,androidx/activity/FullyDrawnReporter,5,53,9.43
8d5dc320e19aaf37,androidx/work/impl/WorkManagerImplExtKt$WorkManagerImpl$1,5,5,100.0
ffd25b2ac307bc50,org/proninyaroslav/libretorrent/ui/main/MainActivity$1,5,17,29.41
26697c5ee80a8204,androidx/lifecycle/SavedStateHandleAttacher,5,9,55.56
3f2bf0c7a83a737d,io/reactivex/internal/operators/flowable/FlowableSubscribeOn,5,5,100.0
f8264bfb1e455c36,io/reactivex/internal/operators/single/SingleCreate,5,8,62.5
18c557d1d07fc7c7,io/reactivex/android/schedulers/HandlerScheduler$HandlerWorker,5,17,29.41
86a3954410b8c8e5,kotlinx/coroutines/internal/ConcurrentKt,5,18,27.78
844d8bba4c8d81d2,androidx/lifecycle/ProcessLifecycleOwner$initializationListener$1,5,5,100.0
c6f3ef95f895f623,com/google/android/material/motion/MaterialSideContainerBackHelper,5,83,6.02
d80f95af70fdc54f,org/acra/data/CrashReportDataFactory$special$$inlined$sortedBy$1,5,5,100.0
6e5f05cfec209d8c,androidx/recyclerview/widget/LinearLayoutManager$AnchorInfo,5,46,10.87
0e1f769aa78d3c81,kotlin/Pair,5,22,22.73
5808e4c040c76e00,androidx/lifecycle/ProcessLifecycleOwner$attach$1,5,13,38.46
6eebcbff0f15e6b2,kotlin/collections/ArraysKt___ArraysJvmKt,5,1139,0.44
e1da2b3e92e6c82f,io/reactivex/internal/util/ArrayListSupplier,5,10,50.0
a77721208a99e756,androidx/core/content/res/ResourcesCompat$FontCallback,5,8,62.5
42559afd22f7de64,io/reactivex/internal/operators/completable/CompletableSubscribeOn,5,5,100.0
8ed224bb8c31a523,org/libtorrent4j/swig/settings_pack$enc_policy,5,16,31.25
805932e954604319,androidx/recyclerview/selection/EventRouter,5,22,22.73
5ece2a74ca8301ff,androidx/recyclerview/widget/RecyclerView$LayoutParams,5,19,26.32
95daace0409fe25f,org/acra/builder/ReportExecutor,5,139,3.6
90906e502f5859d6,androidx/recyclerview/selection/BandPredicate$NonDraggableArea,5,18,27.78
d4abfc114c3389d1,kotlin/jvm/internal/Reflection,5,46,10.87
24f1fe95d02cc943,org/libtorrent4j/swig/settings_pack$enc_level,5,16,31.25
0a2abf471ff85a62,com/google/android/material/shape/MaterialShapeDrawable$MaterialShapeDrawableState,5,8,62.5
6fbf5bd7876f6d75,androidx/emoji2/text/EmojiCompatInitializer$LoadEmojiCompatRunnable,5,7,71.43
bb23383b2da7727b,com/google/android/material/internal/VisibilityAwareImageButton,5,9,55.56
02799276f97ecc97,io/reactivex/subjects/PublishSubject$PublishDisposable,5,18,27.78
bc3fdbbbf01462f0,androidx/appcompat/app/AppCompatDelegateImpl$2,5,8,62.5
bc91b7721340efa9,com/google/android/material/shape/MaterialShapeDrawable$1,5,5,100.0
bbcabcb22f2fa10f,kotlin/collections/MapsKt__MapWithDefaultKt,5,18,27.78
d7a17fa9dbc1ac06,androidx/lifecycle/ProcessLifecycleOwner$Companion,5,6,83.33
117572e9d3790b5a,io/reactivex/internal/operators/single/SingleSubscribeOn,5,5,100.0
ff6d29c95e5dcfdd,androidx/preference/PreferenceManager,5,93,5.38
ed6da2892b3c137c,kotlin/text/Regex,5,94,5.32
b42498af816ea97a,org/libtorrent4j/swig/portmap_transport,5,15,33.33
c84d90c6c87b399d,com/h6ah4i/android/widget/advrecyclerview/utils/AbstractExpandableItemViewHolder,5,5,100.0
77562aa64a572e93,io/reactivex/internal/operators/single/SingleSubscribeOn$SubscribeOnObserver,5,9,55.56
24475c2bb148bb61,androidx/lifecycle/ViewModel,5,34,14.71
6a4b1df5741377ee,io/reactivex/internal/operators/completable/CompletableSubscribeOn$SubscribeOnObserver,5,9,55.56
19e6cf2f1904d10c,org/proninyaroslav/libretorrent/ui/main/MsgMainViewModel,5,7,71.43
b32fc689365c2068,org/libtorrent4j/swig/portmap_protocol,5,16,31.25
ff3e8ce21571a1fd,com/h6ah4i/android/widget/advrecyclerview/animator/RefactoredDefaultItemAnimator,5,11,45.45
7f3ffd75162e0499,com/google/android/material/animation/AnimationUtils,5,11,45.45
87848fe01c97d9c0,androidx/appcompat/widget/DrawableUtils,5,32,15.62
e6540e2db05098cd,androidx/work/Logger$LogcatLogger,5,41,12.2
98aab5f9a907a2b0,org/acra/data/StringFormat,5,9,55.56
062a8a616468a458,kotlin/ranges/RangesKt___RangesKt,5,535,0.93
9661b107c91270ce,io/reactivex/internal/operators/completable/CompletableCreate,5,8,62.5
d0c4b184f6954f58,androidx/startup/InitializationProvider,5,12,41.67
698905dbda5a01f1,androidx/core/app/NotificationCompatBuilder$Api21Impl,5,7,71.43
c0d94aba9c4282d4,io/reactivex/internal/observers/ConsumerSingleObserver,5,21,23.81
729bee175e9aa283,io/reactivex/disposables/Disposables,5,14,35.71
9f090a337592bacc,androidx/coordinatorlayout/widget/CoordinatorLayout$ViewElevationComparator,5,6,83.33
ee60ad22928a3725,io/reactivex/internal/schedulers/AbstractDirectTask,5,27,18.52
2542bc99dc22af96,androidx/appcompat/widget/ResourceManagerInternal$ColorFilterLruCache,5,5,100.0
e980821eff020673,org/acra/config/DialogConfigurationBuilder$special$$inlined$observable$1,5,5,100.0
691b20a00245e161,androidx/fragment/app/SpecialEffectsController$Operation$WhenMappings,5,8,62.5
4e08a5972b92366c,androidx/fragment/app/Fragment$2,5,7,71.43
15eb6a6b57e861f8,io/reactivex/internal/subscriptions/EmptySubscription,5,17,29.41
2c15d85c17560376,androidx/recyclerview/widget/RecyclerViewAccessibilityDelegate,5,28,17.86
2af01e21b04bb50a,androidx/lifecycle/ViewModelProvider$Factory,5,8,62.5
bef36263574fcd34,io/reactivex/internal/disposables/EmptyDisposable,5,29,17.24
e63566ac25571c90,androidx/sqlite/db/framework/FrameworkSQLiteProgram,5,11,45.45
152421dee7125e9b,androidx/recyclerview/widget/RecyclerView$6,5,20,25.0
05dddb29948dbf39,androidx/core/util/Preconditions,5,73,6.85
b86e4e5f9d157445,androidx/emoji2/viewsintegration/EmojiEditTextHelper,5,17,29.41
256990b606a253c1,androidx/fragment/app/Fragment$7,4,5,80.0
762d5b2cfbccffc0,kotlin/collections/EmptyMap,4,31,12.9
8e8f68ac913a3f33,org/proninyaroslav/libretorrent/core/settings/SessionSettings,4,5,80.0
968de79464bd62bd,androidx/fragment/app/SpecialEffectsController$Operation$State$Companion,4,15,26.67
ef8325c89ac47906,org/proninyaroslav/libretorrent/ui/main/TorrentListAdapter,4,36,11.11
7723bd808f0d5608,org/libtorrent4j/Vectors,4,62,6.45
1500f619da90cec4,io/reactivex/internal/schedulers/ExecutorScheduler$ExecutorWorker$BooleanRunnable,4,8,50.0
880a30e7d1b091e5,androidx/core/graphics/drawable/IconCompat$Api23Impl,4,87,4.6
e8993f9a9aabd3e7,io/reactivex/internal/operators/flowable/FlowableToListSingle,4,7,57.14
a8c0b07578181b31,androidx/work/impl/constraints/trackers/NetworkStateTracker24,4,23,17.39
46be42f48acaab1c,androidx/sqlite/db/framework/FrameworkSQLiteStatement,4,7,57.14
b77df29727864152,com/h6ah4i/android/widget/advrecyclerview/animator/impl/BaseItemAnimationManager,4,81,4.94
fa9fab723b1cb184,kotlinx/coroutines/ExecutorsKt,4,16,25.0
651f1dd8bfbbbe5f,org/proninyaroslav/libretorrent/core/logger/LogEntry,4,25,16.0
bdf2fb34d55aab3e,io/reactivex/internal/operators/observable/ObservableToListSingle,4,8,50.0
1888b3e26859b327,androidx/savedstate/SavedStateRegistryController$Companion,4,4,100.0
61437c32185a6d50,androidx/recyclerview/widget/AsyncListDiffer$1$2,4,5,80.0
5e924f8e46ee8d93,androidx/work/impl/constraints/controllers/NetworkMeteredController,4,20,20.0
8ec0914ef49d610f,androidx/arch/core/executor/DefaultTaskExecutor$1,4,4,100.0
cb7195a87c19705f,androidx/activity/ComponentActivity$6,4,8,50.0
59e76b3d14c245d5,androidx/sqlite/db/SupportSQLiteOpenHelper$Configuration,4,9,44.44
4855691fe7215121,androidx/recyclerview/widget/RecyclerView$2,4,5,80.0
62a1ade9dfe8c038,androidx/interpolator/view/animation/LookupTableInterpolator,4,4,100.0
25873d9c58a7e4b5,androidx/core/content/res/GrowingArrayUtils,4,48,8.33
e982194293109f7e,org/proninyaroslav/libretorrent/core/model/TorrentEngine$1,4,9,44.44
d58832f33fd4048e,androidx/sqlite/db/SupportSQLiteCompat$Api21Impl,4,4,100.0
6dea70c7957dca28,io/reactivex/internal/operators/observable/ObservableFromIterable,4,15,26.67
fc54fb28380551bd,androidx/sqlite/db/SupportSQLiteOpenHelper$Callback,4,73,5.48
96748a49a6f36960,org/acra/ACRAConstants,4,4,100.0
2477128c5240d3e6,androidx/core/graphics/drawable/DrawableCompat$Api21Impl,4,10,40.0
85a29d2b2dcc099f,org/proninyaroslav/libretorrent/JacocoInstrument/SMSInstrumentedReceiver,4,7,57.14
b665a8da84fc3cd7,androidx/activity/result/ActivityResultRegistry$LifecycleContainer,4,8,50.0
c151fda734cd593c,org/acra/config/CoreConfigurationBuilder$special$$inlined$observable$28,4,4,100.0
1ad52243e0c2b1af,io/reactivex/internal/operators/flowable/FlowableDelay,4,5,80.0
0bc1e1350a04746d,org/libtorrent4j/alerts/ListenSucceededAlert,4,4,100.0
681f5b98263f6ab2,androidx/recyclerview/selection/OperationMonitor,4,42,9.52
e423f10a048d5d5e,com/google/android/material/internal/WindowUtils$Api17Impl,4,5,80.0
e835c10174626e81,androidx/room/util/CursorUtil,4,86,4.65
9266b91423ea4ac1,org/acra/config/CoreConfigurationBuilder$special$$inlined$observable$25,4,4,100.0
2cba307c1a087db5,androidx/work/impl/constraints/controllers/NetworkNotRoamingController,4,20,20.0
7df8cdca383acd46,androidx/appcompat/widget/ThemeUtils,4,37,10.81
b8b58d02df44cde3,kotlin/collections/SetsKt__SetsJVMKt,4,16,25.0
8e60898ff4c06fa7,kotlin/coroutines/AbstractCoroutineContextKey,4,11,36.36
595a534fad2ca61e,androidx/fragment/app/FragmentLayoutInflaterFactory,4,70,5.71
af62e6978e35d30f,androidx/concurrent/futures/AbstractResolvableFuture$SafeAtomicHelper,4,6,66.67
f69f7af1141019ab,androidx/databinding/ViewDataBinding$6,4,5,80.0
729eafca40701b21,androidx/work/impl/background/systemjob/SystemJobInfoConverter,4,73,5.48
7c7ca2ef9c15b9fd,androidx/emoji2/text/EmojiCompat$CompatInternal19,4,28,14.29
640a76f008160e3a,androidx/emoji2/text/EmojiCompat$Config,4,29,13.79
f6a497f9b02f5258,androidx/recyclerview/selection/Selection,4,80,5.0
b2cb257a65b50f38,androidx/core/app/NavUtils,4,44,9.09
981c9c9fc00d6e20,org/proninyaroslav/libretorrent/core/model/SessionErrorFilter,4,4,100.0
43db7d02ec5d09f5,androidx/sqlite/db/SupportSQLiteOpenHelper$Configuration$Companion,4,4,100.0
e4dfefe476a3ef60,io/reactivex/internal/operators/flowable/FlowableInternalHelper$RequestMax,4,6,66.67
a76969162670ddfc,org/proninyaroslav/libretorrent/core/sorting/BaseSorting$Direction,4,11,36.36
07d0446fa265de1d,kotlin/collections/CollectionsKt__CollectionsKt,4,143,2.8
b136f08c66c73535,androidx/work/impl/constraints/trackers/NetworkStateTrackerKt,4,34,11.76
faa20629e53297c8,org/acra/collector/DropBoxCollector,4,59,6.78
7db028730d3b3138,androidx/recyclerview/selection/DefaultSelectionTracker$AdapterObserver,4,13,30.77
958c6af3086d2688,androidx/recyclerview/widget/RecyclerView$Adapter$StateRestorationPolicy,4,6,66.67
b162c9b91b53d411,kotlin/jvm/JvmClassMappingKt,4,67,5.97
41b25b2f98eac10e,androidx/recyclerview/selection/StorageStrategy,4,8,50.0
8c0596ea20b295ce,org/libtorrent4j/alerts/AbstractAlert,4,9,44.44
aff95483ddfbcbe7,androidx/activity/ComponentActivity$1,4,31,12.9
7c35993573ecf776,androidx/core/util/ObjectsCompat,4,13,30.77
ba3731791a87b6ef,androidx/appcompat/app/ToolbarActionBar$ToolbarMenuCallback,4,9,44.44
a101d3f9e11443d4,androidx/lifecycle/ViewModelProvider$NewInstanceFactory,4,11,36.36
2d9c964d0ce3853e,io/reactivex/internal/disposables/SequentialDisposable,4,7,57.14
b1587b27d3ea21cb,kotlin/random/Random,4,103,3.88
83aee87148d801fd,androidx/collection/MapCollections$ArrayIterator,4,11,36.36
5976a132ac3f5fcd,com/h6ah4i/android/widget/advrecyclerview/expandable/ExpandableAdapterHelper,4,5,80.0
d38f4297fd0b66c1,androidx/drawerlayout/widget/DrawerLayout$LayoutParams,4,9,44.44
faba48d68af48fb2,kotlin/collections/EmptySet,4,28,14.29
ee7989ac6fb5886a,org/acra/config/CoreConfigurationBuilder$special$$inlined$observable$15,4,4,100.0
d39508959e72a50d,kotlinx/coroutines/flow/StateFlowKt,4,39,10.26
3f468857b06f6912,io/reactivex/android/plugins/RxAndroidPlugins,4,28,14.29
210dfdaa53f56070,androidx/collection/MapCollections,4,57,7.02
4db4cbf348d676e0,androidx/fragment/app/Fragment$9,4,4,100.0
d866053a6843f76e,androidx/emoji2/text/SpannableBuilder$WatcherWrapper,4,25,16.0
4f17f28baa94f462,org/acra/config/DialogConfigurationBuilder$special$$inlined$observable$2,4,4,100.0
209f329c6bd25c26,androidx/emoji2/text/DefaultGlyphChecker,4,16,25.0
15f38be966e82251,io/reactivex/internal/operators/flowable/FlowableFromIterable,4,14,28.57
b07148cbb420e2e0,org/libtorrent4j/swig/metric_type_t,4,15,26.67
d33633b6cc322508,org/libtorrent4j/SessionParams,4,20,20.0
18a57232696d3a68,org/proninyaroslav/libretorrent/core/model/TorrentEngineListener,4,22,18.18
62813be233c56a19,io/reactivex/internal/operators/flowable/FlowableConcatArray,4,4,100.0
c643bb592e8c0c68,androidx/lifecycle/viewmodel/ViewModelProviderImpl_androidKt,4,10,40.0
f3c1e75cefbeaf04,androidx/room/TransactionExecutor,4,23,17.39
2f052cf70c1eff0f,androidx/sqlite/db/SupportSQLiteCompat$Api19Impl,4,6,66.67
de0a5ad63424d605,androidx/work/impl/model/Preference,4,25,16.0
e1f6dbcca53a8ef5,io/reactivex/internal/operators/observable/ObservableObserveOn,4,6,66.67
841fcff9c47a9516,androidx/recyclerview/widget/RecyclerView$ViewFlinger,4,127,3.15
5f6337e98162070e,com/google/android/material/motion/MotionUtils,3,43,6.98
c2ebf7553c7855ff,org/libtorrent4j/swig/dht_error_alert,3,31,9.68
aea4d070f7066395,kotlin/io/CloseableKt,3,28,10.71
7cdd4bfbf639662a,kotlin/jvm/internal/ReflectionFactory,3,30,10.0
0d6745a8ab2d8e7a,kotlin/random/Random$Default,3,20,15.0
b17cd38a2f24c1c2,org/libtorrent4j/swig/torrent_finished_alert,3,24,12.5
40ad89dcde69019d,org/libtorrent4j/swig/session_stats_header_alert,3,24,12.5
f8bc97801801bbe3,org/libtorrent4j/swig/read_piece_alert,3,31,9.68
3cb67b3d2060568f,org/libtorrent4j/swig/dht_outgoing_get_peers_alert,3,35,8.57
5432d7b13161bd11,io/reactivex/disposables/ReferenceDisposable,3,10,30.0
c808948a4cc7f2fe,org/libtorrent4j/swig/peer_blocked_alert,3,25,12.0
d723667ef7219ba5,kotlin/random/FallbackThreadLocalRandom$implStorage$1,3,3,100.0
d302552554d99bca,androidx/activity/OnBackPressedDispatcher$addCallback$1,3,3,100.0
bda4c8bbdff406db,org/libtorrent4j/swig/file_error_alert,3,31,9.68
593abb2a7f1a215b,androidx/sqlite/db/framework/FrameworkSQLiteOpenHelper$DBRefHolder,3,3,100.0
656ed771b6f8c56a,kotlin/jvm/internal/PropertyReference,3,35,8.57
a4f45ca68bfce819,androidx/lifecycle/viewmodel/CreationExtras,3,3,100.0
053873b1209f4ca6,androidx/room/DatabaseConfiguration,3,61,4.92
b4652431342dd524,androidx/recyclerview/widget/GapWorker$LayoutPrefetchRegistryImpl,3,40,7.5
5f1ac362c5f8151a,org/libtorrent4j/swig/peer_log_alert,3,28,10.71
c13b2363d0f4332d,org/libtorrent4j/swig/storage_moved_alert,3,26,11.54
0df2932566a95947,org/libtorrent4j/swig/peer_unsnubbed_alert,3,24,12.5
b84cdfcf629f6683,org/libtorrent4j/swig/incoming_connection_alert,3,27,11.11
9d0f6788f454af40,org/libtorrent4j/swig/peer_ban_alert,3,24,12.5
26fd948ea0002963,org/libtorrent4j/swig/unwanted_block_alert,3,26,11.54
8fe4d040873270f4,io/reactivex/internal/schedulers/ExecutorScheduler,3,34,8.82
c6cc0200423e6cd2,org/acra/collector/Collector$Order,3,6,50.0
880256131e495dc0,org/libtorrent4j/swig/trackerid_alert,3,25,12.0
0e14373005dafc74,org/libtorrent4j/swig/file_completed_alert,3,25,12.0
b52e0ffe3e343563,androidx/activity/ComponentActivity$2,3,10,30.0
9f5f416ca4665da2,org/libtorrent4j/swig/incoming_request_alert,3,29,10.34
b1bebdf64b63dd41,kotlin/jvm/internal/CallableReference$NoReceiver,3,4,75.0
db2b26cb5895c8d7,org/libtorrent4j/swig/torrent_log_alert,3,25,12.0
d05ae76e9efc4383,kotlinx/coroutines/ExecutorCoroutineDispatcherImpl,3,52,5.77
396590c8320e73e3,org/libtorrent4j/swig/portmap_error_alert,3,31,9.68
d4034d4ad835c137,androidx/concurrent/futures/ResolvableFuture,3,5,60.0
b784441a257ac7d0,org/acra/collections/WeakStack,3,40,7.5
f8cebca27bbf3ca0,io/reactivex/internal/operators/observable/ObservableMap$MapObserver,3,13,23.08
2c7aad19c387a46c,org/libtorrent4j/swig/torrent_error_alert,3,29,10.34
426848fc0f001e54,androidx/lifecycle/SavedStateHandlesProvider$viewModel$2,3,3,100.0
339adf7a5bafc4d6,org/libtorrent4j/swig/peer_info_alert,3,29,10.34
79103c6cc5a9a861,org/libtorrent4j/swig/add_torrent_alert,3,34,8.82
12b0c67eb2281159,org/libtorrent4j/swig/fastresume_rejected_alert,3,32,9.38
28a81ebc6421d944,com/google/android/material/internal/WindowUtils,3,8,37.5
954ef46e8eae1ff3,org/libtorrent4j/swig/peer_disconnected_alert,3,31,9.68
38669bbcd2a1d9bf,com/google/android/material/internal/NavigationMenuView,3,6,50.0
d796ca79a7696258,androidx/recyclerview/widget/AsyncListDiffer$1$1,3,28,10.71
bfdbcc92b4dca69a,org/libtorrent4j/swig/lsd_error_alert,3,29,10.34
45ca608d2f998133,org/libtorrent4j/swig/storage_moved_failed_alert,3,31,9.68
eda29266e62f719c,org/libtorrent4j/swig/piece_info_alert,3,34,8.82
51fa7e9b10341ae7,org/libtorrent4j/swig/dht_pkt_alert,3,28,10.71
517a8006c4379612,org/libtorrent4j/swig/state_changed_alert,3,26,11.54
db7346a9a850d363,io/reactivex/android/schedulers/HandlerScheduler$ScheduledRunnable,3,7,42.86
9ca466c34ce3c020,org/libtorrent4j/swig/dht_mutable_item_alert,3,39,7.69
60fe0e119c501214,io/reactivex/internal/operators/flowable/FlowableFlatMapSingle$FlatMapSingleSubscriber$InnerObserver,3,6,50.0
d8dedfd97f439092,io/reactivex/internal/util/NotificationLite,3,44,6.82
6fab0637e1f7cf01,io/reactivex/internal/schedulers/TrampolineScheduler,3,11,27.27
add3979ca136998e,androidx/customview/poolingcontainer/PoolingContainer,3,39,7.69
5690c880a2207cab,org/libtorrent4j/swig/peer_error_alert,3,30,10.0
745283abdff55225,io/reactivex/schedulers/Schedulers$ComputationTask,3,3,100.0
5067b9bb80f5e1b1,org/libtorrent4j/swig/tracker_error_alert,3,33,9.09
53ef088dc0f43dd9,androidx/work/impl/constraints/trackers/BroadcastReceiverConstraintTracker,3,7,42.86
594827c6085901dd,org/libtorrent4j/swig/tracker_reply_alert,3,25,12.0
61681206bcf2ec52,androidx/lifecycle/SavedStateHandleSupport$savedStateHandlesVM$1,3,3,100.0
6464c9605120338c,org/libtorrent4j/swig/dht_sample_infohashes_alert,3,36,8.33
87c5c8a3144f937e,io/reactivex/internal/operators/flowable/FlowableMap,3,5,60.0
e875f698b28d61b6,io/reactivex/internal/operators/flowable/FlowableObserveOn,3,5,60.0
0c5001d2cfbe6019,androidx/room/SharedSQLiteStatement$stmt$2,3,3,100.0
af4cd78cdd520ee4,kotlin/collections/EmptyIterator,3,15,20.0
0cd33d41e970ff38,org/libtorrent4j/swig/dht_immutable_item_alert,3,34,8.82
25fe632b3923ebdc,org/libtorrent4j/swig/metadata_received_alert,3,24,12.5
eb25ba70bd9121e8,androidx/work/WorkerFactory,3,22,13.64
2999985232597e26,com/google/android/material/shape/RelativeCornerSize,3,14,21.43
740750c3747324a2,org/libtorrent4j/swig/dht_put_alert,3,39,7.69
cc4821d7e87542dc,kotlinx/coroutines/CoroutineDispatcher$Key,3,3,100.0
59d9b04958ed64f9,kotlin/random/FallbackThreadLocalRandom,3,3,100.0
5af518bb2ccfda35,org/libtorrent4j/swig/dht_get_peers_reply_alert,3,31,9.68
d7919fc945a0a220,org/libtorrent4j/swig/libtorrent,3,256,1.17
496293c76c9e80db,androidx/core/os/HandlerCompat,3,46,6.52
f0ea22f5b3a7c4ea,androidx/activity/OnBackPressedDispatcher$addCancellableCallback$1,3,3,100.0
5b4691326d201e53,androidx/room/util/DBUtil,3,103,2.91
b09f03adfddf4320,org/libtorrent4j/swig/udp_error_alert,3,31,9.68
dfc0fd8e8eebb462,org/libtorrent4j/swig/torrent_deleted_alert,3,29,10.34
a4cf605dc41c7c53,androidx/room/RoomDatabase$Callback,3,4,75.0
751001c3586ca730,androidx/core/view/NestedScrollingChildHelper,3,101,2.97
5ca7eed3fefc008e,org/libtorrent4j/swig/performance_alert,3,25,12.0
f59b268f2183023d,androidx/fragment/app/FragmentStateManager$1,3,4,75.0
846b379ec1163e97,org/proninyaroslav/libretorrent/core/system/FsModuleResolverImpl,3,6,50.0
7cffa9aa9ea325d8,kotlin/collections/CollectionsKt__IterablesKt,3,26,11.54
852c8944e919f980,org/libtorrent4j/swig/peer_connect_alert,3,28,10.71
a94ee697109cd0e5,androidx/arch/core/internal/SafeIterableMap$Entry,3,14,21.43
b989cba6cb63d449,io/reactivex/internal/operators/flowable/FlowableFlatMapMaybe$FlatMapMaybeSubscriber$InnerObserver,3,7,42.86
32f2b91985fef32b,org/proninyaroslav/libretorrent/core/model/TorrentEngine$5,3,140,2.14
d13889370c0652c0,org/libtorrent4j/swig/torrent_resumed_alert,3,24,12.5
8f0e00f0eb0653bb,org/libtorrent4j/swig/url_seed_alert,3,30,10.0
d3a00f53fe481dde,org/libtorrent4j/swig/state_update_alert,3,29,10.34
56c00b8de4f0abb1,org/libtorrent4j/swig/lsd_peer_alert,3,24,12.5
63998b3f23c2bf05,org/libtorrent4j/swig/alerts_dropped_alert,3,29,10.34
fc03e2c5c2d45768,androidx/databinding/library/baseAdapters/DataBinderMapperImpl,3,24,12.5
b0759675f6501537,androidx/fragment/app/FragmentManager$2,3,5,60.0
c607e4aae2cd3088,org/libtorrent4j/swig/dht_direct_response_alert,3,31,9.68
c45fdd8a184dedbc,androidx/recyclerview/selection/GestureSelectionHelper$RecyclerViewDelegate,3,33,9.09
678f94834c5af703,com/h6ah4i/android/widget/advrecyclerview/adapter/BridgeAdapterDataObserver,3,40,7.5
69c546b4a2403757,org/libtorrent4j/swig/file_prio_alert,3,31,9.68
676057ebf739b3b0,org/libtorrent4j/swig/tracker_announce_alert,3,25,12.0
9e344f65601411a0,com/google/android/material/shape/ShapePath$ShadowCompatOperation,3,4,75.0
f324d35b9cb534d7,kotlinx/coroutines/ExecutorCoroutineDispatcher$Key,3,3,100.0
1d3b71da364c8cc9,io/reactivex/schedulers/Schedulers$NewThreadTask,3,3,100.0
771b013bda3ac826,androidx/customview/widget/ViewDragHelper$Callback,3,13,23.08
e1f2a0dcbb88531c,androidx/interpolator/view/animation/FastOutLinearInInterpolator,3,3,100.0
40ee99a7d6ca4706,org/libtorrent4j/swig/cache_flushed_alert,3,23,13.04
e1ec50659ab554a6,org/libtorrent4j/alerts/PortmapLogAlert,3,3,100.0
3e44fe7420787c69,androidx/emoji2/viewsintegration/EmojiKeyListener,3,13,23.08
739324b1202b0987,org/libtorrent4j/swig/file_rename_failed_alert,3,29,10.34
25db2ac50e90af52,io/reactivex/internal/operators/completable/CompletableCreate$Emitter,3,38,7.89
fdc2593c2438a3cc,org/libtorrent4j/swig/dht_reply_alert,3,25,12.0
8e307f243f7efacf,androidx/arch/core/internal/SafeIterableMap$ListIterator,3,21,14.29
a5f606519228e1d2,org/libtorrent4j/swig/file_progress_alert,3,25,12.0
1d9d4312490d7462,org/libtorrent4j/swig/dht_announce_alert,3,32,9.38
2d5c2b0547536439,androidx/emoji2/text/EmojiCompatInitializer$1,3,3,100.0
74e87e4d065143ac,com/google/android/material/shape/EdgeTreatment,3,5,60.0
a840e8dddcc65be7,androidx/recyclerview/selection/GestureDetectorWrapper,3,20,15.0
e0304002d32b68a4,org/libtorrent4j/alerts/DhtLogAlert,3,3,100.0
5c539490b7d5c773,io/reactivex/internal/observers/EmptyCompletableObserver,3,10,30.0
03542f497676a7bd,kotlin/jvm/internal/FunctionReference,3,40,7.5
8ac546c1bf8ff22b,org/libtorrent4j/swig/block_uploaded_alert,3,26,11.54
f0205a30849ba7bd,io/reactivex/internal/schedulers/SchedulerPoolFactory$SystemPropertyAccessor,3,3,100.0
79ac81add0c73e77,androidx/room/InvalidationLiveDataContainer,3,10,30.0
5833cdd2316e6805,androidx/core/content/res/ResourcesCompat$ColorStateListCacheEntry,3,4,75.0
7752a2c14ed07180,androidx/recyclerview/widget/AsyncListDiffer$1,3,3,100.0
a356062fbe25dd62,org/libtorrent4j/swig/scrape_failed_alert,3,29,10.34
a9ee2efd2eb8ef33,androidx/lifecycle/LifecycleDispatcher$DispatcherActivityCallback,3,3,100.0
3e68446103dad0a5,io/reactivex/internal/functions/Functions$ArrayListCapacityCallable,3,3,100.0
c5c42cfa9c611c2e,androidx/activity/result/ActivityResultRegistry$2,3,9,33.33
36df2e9f193c3f44,androidx/databinding/adapters/ViewBindingAdapter,3,74,4.05
cb16016c90c0d5ee,org/libtorrent4j/swig/block_downloading_alert,3,26,11.54
7d4ff5d63023bd4a,androidx/sqlite/db/framework/FrameworkSQLiteOpenHelperFactory,3,3,100.0
84fdaccc180d80c2,org/libtorrent4j/swig/tracker_list_alert,3,29,10.34
ed8d41956cf345ae,io/reactivex/android/schedulers/AndroidSchedulers$1,3,3,100.0
a864a59c430b02aa,org/libtorrent4j/swig/dht_stats_alert,3,40,7.5
864b2e698729ce8b,androidx/appcompat/widget/SearchView$2,3,5,60.0
b010223bb2d9c91a,io/reactivex/internal/operators/flowable/FlowableFilter,3,5,60.0
4e1fe5af5a0f34e9,androidx/multidex/MultiDexApplication,3,3,100.0
adae466e04195ab1,androidx/recyclerview/widget/AsyncDifferConfig,3,4,75.0
98a35e5a90757804,com/google/android/material/shape/RoundedCornerTreatment,3,4,75.0
24a39d9afe344b62,org/libtorrent4j/swig/torrent_checked_alert,3,24,12.5
6daf6338b9e7cdcd,androidx/work/impl/utils/SerialExecutorImpl$Task,3,7,42.86
65484a28d044e3f9,com/google/android/material/shape/MaterialShapeDrawable$2,3,4,75.0
7746781e6ecb11fe,org/proninyaroslav/libretorrent/core/collections/FixedRingBuffer$FixedRingBufferIterator,3,5,60.0
6cd9961e99210d5d,androidx/recyclerview/widget/AsyncListDiffer$MainThreadExecutor,3,3,100.0
fb1fd4ff5cc5202c,org/libtorrent4j/swig/hash_failed_alert,3,25,12.0
07899a31c40d3fae,androidx/fragment/app/Fragment$6,3,6,50.0
c73744b0f5eaaf26,org/libtorrent4j/swig/piece_finished_alert,3,25,12.0
f7b375bc175cd415,androidx/activity/ComponentActivity$3,3,9,33.33
d10a87722d167ad1,org/libtorrent4j/swig/block_timeout_alert,3,26,11.54
72cbd4a5e53a446c,io/reactivex/schedulers/Schedulers$IOTask,3,3,100.0
d046b4889014f41d,org/proninyaroslav/libretorrent/ui/BaseAlertDialog$SharedViewModel,3,4,75.0
82a7f79f9241aa93,org/libtorrent4j/swig/metadata_failed_alert,3,28,10.71
e2febff2e14250ac,androidx/sqlite/db/SimpleSQLiteQuery$Companion,3,33,9.09
35c427041888e8fb,androidx/activity/ComponentActivity$4,3,3,100.0
03ded500d6abda2c,org/acra/collector/LogCatCollector,3,63,4.76
4246a9565267ca7b,org/acra/log/AndroidLogDelegate,3,25,12.0
3d2f56cb883be9ff,org/libtorrent4j/swig/session_error_alert,3,28,10.71
873c9faf9315b8d3,org/libtorrent4j/swig/save_resume_data_alert,3,29,10.34
bd007772affee7fe,org/libtorrent4j/swig/peer_snubbed_alert,3,24,12.5
c0b1deb7f74fefc2,org/nanohttpd/NanoHTTPD$ServerRunnable,3,14,21.43
9ec7f5d87da6a025,io/reactivex/internal/operators/single/SingleFlatMap$SingleFlatMapCallback$FlatMapSingleObserver,3,4,75.0
08fdaa8dda782fc1,org/libtorrent4j/swig/torrent_paused_alert,3,24,12.5
19c8e0f9881fc123,org/libtorrent4j/swig/torrent_delete_failed_alert,3,33,9.09
4c1e75908faeb8ea,androidx/work/impl/StartStopTokens,3,41,7.32
74228cb2ae1765f2,org/libtorrent4j/swig/torrent_removed_alert,3,34,8.82
740f1b989fa8835d,org/libtorrent4j/swig/settings_interface,3,22,13.64
6906ab7506d48dd4,androidx/room/RxRoom$2,3,3,100.0
bb033d0f28af03ae,androidx/room/InvalidationTracker$Observer,3,11,27.27
c491c2edbf37d6a5,androidx/work/WorkManager,3,13,23.08
a9f5fbf26fb5b965,org/libtorrent4j/swig/torrent_need_cert_alert,3,24,12.5
563d250df0efec34,org/libtorrent4j/swig/file_renamed_alert,3,27,11.11
d57e8238ed3d349f,org/libtorrent4j/swig/request_dropped_alert,3,26,11.54
e17690ff308dd4dd,org/acra/collector/SimpleValuesCollector,3,24,12.5
036bd6107f06a5dc,androidx/coordinatorlayout/widget/CoordinatorLayout$HierarchyChangeListener,3,9,33.33
a07ab3e0234f8d43,androidx/work/impl/background/greedy/DelayedWorkTracker,3,14,21.43
6bd21d5bfb122f00,org/libtorrent4j/swig/dht_bootstrap_alert,3,24,12.5
ef90ea4697e54d2d,androidx/cardview/widget/RoundRectDrawableWithShadow,3,137,2.19
c7654b46900961e1,androidx/emoji2/viewsintegration/EmojiInputFilter$InitCallbackImpl,3,25,12.0
2c12c6ebacbf8e4d,org/libtorrent4j/swig/i2p_alert,3,29,10.34
07f6d4c162d375a5,org/libtorrent4j/swig/dht_get_peers_alert,3,29,10.34
3a96b4eb76b4a9d0,androidx/interpolator/view/animation/FastOutSlowInInterpolator,3,3,100.0
5fc27df0d8d61b67,org/libtorrent4j/swig/oversized_file_alert,3,24,12.5
9cb0d7d8598a614f,org/libtorrent4j/swig/portmap_alert,3,28,10.71
3ddcc35f8c0ae271,org/libtorrent4j/swig/piece_availability_alert,3,29,10.34
5def64a62fbae0a7,androidx/core/widget/ImageViewCompat,3,45,6.67
48895ceb0b7da2fa,androidx/recyclerview/widget/DiffUtil$Diagonal,3,3,100.0
f81d221d9851b250,com/leinardi/android/speeddial/SpeedDialView$InstanceState,3,32,9.38
f47029d1b7499f02,io/reactivex/internal/functions/ObjectHelper,3,32,9.38
8a2e89593255bc00,org/libtorrent4j/swig/dht_live_nodes_alert,3,31,9.68
814919cfea8c1e46,org/libtorrent4j/swig/invalid_request_alert,3,31,9.68
b9999dda02999b9d,org/libtorrent4j/swig/tracker_warning_alert,3,25,12.0
a0d2fcb087a7ccf9,io/reactivex/internal/functions/Functions$ListSorter,3,3,100.0
8b8a6d25010772d0,androidx/fragment/app/SpecialEffectsController$WhenMappings,3,4,75.0
9f40b5e383d65c48,org/libtorrent4j/swig/socks5_alert,3,31,9.68
5927fe7e3a2b1d4c,kotlin/collections/AbstractList$Companion,3,45,6.67
c5831a1a6d644c32,org/libtorrent4j/swig/scrape_reply_alert,3,26,11.54
ed0229a020ea94f0,org/libtorrent4j/swig/torrent_conflict_alert,3,30,10.0
2ade335e3a616847,org/libtorrent4j/swig/block_finished_alert,3,26,11.54
564947f43c434764,org/libtorrent4j/swig/save_resume_data_failed_alert,3,28,10.71
8e452bb182a7ee86,io/reactivex/schedulers/Schedulers$SingleTask,3,3,100.0
3ab0e7b79a0e8c55,androidx/lifecycle/EmptyActivityLifecycleCallbacks,3,8,37.5
a57e244041272409,androidx/appcompat/app/AppCompatDelegate$SerialExecutor,3,18,16.67
0db98c7fc65d224c,io/reactivex/internal/operators/observable/ObservableFilter,2,2,100.0
6fba2b0e47787bdc,org/proninyaroslav/libretorrent/ui/main/MainActivity$2,2,2,100.0
c874258f66349b85,kotlin/collections/CollectionsKt__MutableCollectionsKt,2,134,1.49
4279dc9f1eba81a6,androidx/databinding/DataBinderMapperImpl,2,2,100.0
e85da24ab2c7343e,org/acra/config/DialogConfigurationBuilder$special$$inlined$observable$3,2,4,50.0
a2e543dfc0b327a2,androidx/core/os/LocaleListCompat$Api21Impl,2,23,8.7
3afcb7c41dec2669,com/h6ah4i/android/widget/advrecyclerview/utils/WrappedAdapterUtils,2,16,12.5
c8a0fc09d174efe7,org/acra/collector/MediaCodecListCollector$Companion,2,2,100.0
7de9f49a26f7a326,androidx/emoji2/viewsintegration/EmojiTextWatcher$InitCallbackImpl,2,5,40.0
8a909bbc0a25391c,org/acra/config/CoreConfigurationBuilder$special$$inlined$observable$16,2,4,50.0
096cfa8a1f7c8465,androidx/collection/MapCollections$KeySet,2,29,6.9
bf05a7f5e18086ab,org/acra/config/MailSenderConfigurationBuilder$special$$inlined$observable$5,2,5,40.0
5f10f9cc10ddaf9d,com/google/android/material/drawable/DrawableUtils,2,120,1.67
2f9ee34e2d9c7c1f,org/acra/collector/StacktraceCollector,2,34,5.88
118f42f650f584df,androidx/room/RoomDatabase$Companion,2,2,100.0
a6d77a37564233ac,androidx/core/graphics/TypefaceCompatBaseImpl,2,82,2.44
b4563346884c64f4,org/acra/config/DialogConfigurationBuilder$special$$inlined$observable$5,2,5,40.0
8e68e9d484965d7f,kotlin/collections/AbstractMutableSet,2,2,100.0
5698752fe95d4ed2,androidx/core/view/LayoutInflaterCompat,2,32,6.25
e02db6af0da725a1,androidx/recyclerview/widget/RecyclerView$RecycledViewPool$ScrapData,2,2,100.0
278ae5e4bd39c100,org/acra/collector/ThreadCollector,2,14,14.29
e3510b8d7f497a04,org/acra/config/CoreConfigurationBuilder$special$$inlined$observable$2,2,4,50.0
ea5bbb11be8fe144,io/reactivex/internal/schedulers/IoScheduler$ThreadWorker,2,3,66.67
14f00145964e1a2d,androidx/savedstate/Recreator$Companion,2,2,100.0
e125562e53de55bf,org/acra/config/CoreConfigurationBuilder$special$$inlined$observable$4,2,4,50.0
c4006747935bf43f,kotlin/LazyKt__LazyJVMKt,2,11,18.18
5e5f703bf306ad0b,androidx/recyclerview/widget/RecyclerView$4,2,13,15.38
97de6f7d5571872b,kotlin/text/CharsKt__CharJVMKt,2,53,3.77
a94eb161ad8d6eb1,kotlin/jvm/internal/FunctionReferenceImpl,2,6,33.33
466767be123ccabb,org/libtorrent4j/alerts/Alerts$86,2,2,100.0
f87b0e08a6a5ebf3,kotlin/comparisons/ComparisonsKt__ComparisonsKt,2,81,2.47
6624b1fa6af3b4b7,androidx/drawerlayout/widget/DrawerLayout$AccessibilityDelegate,2,55,3.64
0e10b352c905f131,io/reactivex/internal/operators/flowable/FlowableFlatMapSingle,2,2,100.0
83a5f93d7251234f,androidx/work/impl/DefaultRunnableScheduler,2,5,40.0
65d696fd8d3e42c9,androidx/appcompat/widget/ToolbarWidgetWrapper$1,2,7,28.57
0a2d9746c780f42e,androidx/concurrent/futures/AbstractResolvableFuture$Waiter,2,9,22.22
1d52c5c5b0d6aaf9,org/acra/config/CoreConfigurationBuilder$special$$inlined$observable$14,2,4,50.0
dbb2a4aa26f2bcd2,androidx/emoji2/text/DefaultEmojiCompatConfig$DefaultEmojiCompatConfigHelper_API19,2,3,66.67
30ea53fab0916666,org/libtorrent4j/alerts/Alerts$80,2,2,100.0
d9f89462fb55d13d,androidx/collection/ArraySet$1,2,10,20.0
1fb3bf15e0390874,org/libtorrent4j/alerts/ListenFailedAlert,2,7,28.57
057c530c78f3d66d,androidx/work/impl/constraints/controllers/StorageNotLowController,2,9,22.22
bf8fc735d2e99470,androidx/fragment/app/FragmentManagerViewModel$1,2,2,100.0
c5a961645581cdc7,org/acra/config/CoreConfigurationBuilder$special$$inlined$observable$26,2,5,40.0
07857e21db8d67d6,org/acra/collector/LogFileCollector,2,11,18.18
944d676196019d98,androidx/activity/result/contract/ActivityResultContract$SynchronousResult,2,2,100.0
7d134b27da5256db,androidx/lifecycle/viewmodel/internal/ViewModelProviders$ViewModelKey,2,2,100.0
2eee308162a0c4a8,kotlin/coroutines/AbstractCoroutineContextElement,2,7,28.57
53e1c88966136559,kotlinx/coroutines/ExecutorCoroutineDispatcher$Key$1,2,6,33.33
6874e685be83554e,androidx/appcompat/app/AppLocalesMetadataHolderService,2,6,33.33
566458b600954b45,net/cachapa/expandablelayout/util/FastOutSlowInInterpolator,2,3,66.67
f62fa551aae269dd,androidx/work/impl/constraints/trackers/StorageNotLowTracker,2,28,7.14
f01e4619527eccdd,androidx/work/impl/constraints/controllers/BatteryChargingController,2,9,22.22
86c095e6493965fc,org/acra/file/ReportLocator$Companion,2,2,100.0
409b7dec5b250609,androidx/recyclerview/widget/ViewBoundsCheck,2,31,6.45
07e2a132650b6470,androidx/appcompat/widget/TooltipCompat,2,5,40.0
40fc91b12dddbdeb,io/reactivex/android/schedulers/AndroidSchedulers,2,15,13.33
ccc26482bb8e18e6,io/reactivex/internal/operators/flowable/FlowableUnsubscribeOn,2,2,100.0
99caf6860c716400,androidx/recyclerview/widget/RecyclerViewAccessibilityDelegate$ItemDelegate,2,57,3.51
e1e8a4601cc99b4b,com/google/android/material/floatingactionbutton/FloatingActionButtonImpl$ShadowAnimatorImpl,2,12,16.67
8b13f3efd82975cb,androidx/core/app/NotificationCompatBuilder$Api24Impl,2,6,33.33
b44bd4e90469d23d,androidx/activity/ComponentActivity$ReportFullyDrawnExecutorApi16Impl,2,29,6.9
2725ad2fe8be493d,androidx/work/impl/Migration_4_5,2,5,40.0
a7d8c06cef904c48,org/proninyaroslav/libretorrent/core/model/TorrentInfoProvider$2,2,7,28.57
f907192fb01c5643,io/reactivex/android/schedulers/AndroidSchedulers$MainHolder,2,3,66.67
7e7d1b781a20292f,org/acra/config/CoreConfigurationBuilder$special$$inlined$observable$13,2,4,50.0
bc9d1e94823aaeee,androidx/work/impl/Migration_7_8,2,4,50.0
8ede3948d3664775,androidx/lifecycle/Lifecycle,2,10,20.0
457677f9fcc8e750,org/acra/config/MailSenderConfigurationBuilder$special$$inlined$observable$1,2,5,40.0
2202b7f1679a47b9,androidx/room/InvalidationTracker$ObservedTableTracker$Companion,2,2,100.0
47e24c10c98fdac8,androidx/lifecycle/viewmodel/internal/ViewModelProviders_jvmKt,2,2,100.0
e4c84caf25f8a791,org/acra/util/ProcessFinisher,2,50,4.0
08d69e1d6441a17f,androidx/recyclerview/selection/SelectionPredicates$1,2,4,50.0
1044fcf6024d85c3,kotlinx/coroutines/ExecutorCoroutineDispatcher,2,2,100.0
89a1dd44092eeb7d,androidx/fragment/app/FragmentManager$3,2,2,100.0
fc495ee156cc1e2f,androidx/activity/ViewTreeOnBackPressedDispatcherOwner,2,6,33.33
c75224598fd95b96,androidx/emoji2/text/EmojiCompatInitializer$BackgroundDefaultConfig,2,2,100.0
08ac8ca3482a043d,org/acra/config/MailSenderConfigurationBuilder$special$$inlined$observable$3,2,5,40.0
3dd0ff49cd03ea18,androidx/recyclerview/widget/LinearLayoutManager$LayoutChunkResult,2,2,100.0
41de189ea3d6e304,org/acra/config/MailSenderConfigurationBuilder$special$$inlined$observable$2,2,5,40.0
a5adf031aa56f82e,androidx/work/impl/Migration_8_9,2,4,50.0
690145ebf0df00d4,com/h6ah4i/android/widget/advrecyclerview/utils/WrapperAdapterUtils,2,93,2.15
62592fa3fe7d0a32,io/reactivex/Scheduler$Worker,2,11,18.18
711deb88a492a321,org/acra/collector/LogCatCollector$Companion,2,2,100.0
19d064ccf1ed5229,androidx/core/view/ViewCompat$AccessibilityPaneVisibilityManager,2,40,5.0
1571aa611923786d,androidx/activity/OnBackPressedDispatcher$OnBackPressedCancellable,2,11,18.18
fabca75731c56137,kotlin/collections/ArrayDeque$Companion,2,2,100.0
7d02fc7bda9435a0,androidx/core/view/DifferentialMotionFlingController,2,39,5.13
4379c681d4c29812,org/proninyaroslav/libretorrent/ui/main/drawer/EmptyTagItem,2,5,40.0
536f05067cb9543f,kotlin/collections/AbstractMutableList,2,3,66.67
760764fb7d44e91d,androidx/work/impl/constraints/controllers/ConstraintController,2,11,18.18
9b3c63e6c97dfd16,androidx/work/NoOpInputMergerFactory,2,4,50.0
82b85eaa9bcb228c,androidx/recyclerview/widget/ListAdapter$1,2,2,100.0
22285b1bde570566,org/libtorrent4j/alerts/SessionStatsAlert,2,2,100.0
80024a82a22a1c36,androidx/fragment/app/FragmentManager$4,2,2,100.0
7b6f7190997ab06d,androidx/fragment/app/FragmentContainer,2,2,100.0
d574750b264b2a7c,org/acra/config/CoreConfigurationBuilder$special$$inlined$observable$8,2,4,50.0
d14e9aa822967c4e,org/acra/collector/DropBoxCollector$Companion,2,2,100.0
e78d4047bcd5c6b4,kotlinx/coroutines/CoroutineDispatcher$Key$1,2,6,33.33
435ac659746adc7d,androidx/emoji2/text/DefaultEmojiCompatConfig,2,3,66.67
28ff01949c86d01a,androidx/recyclerview/selection/StorageStrategy$ParcelableStorageStrategy,2,14,14.29
c5985a4dd65d45aa,androidx/core/app/NotificationCompatBuilder$Api23Impl,2,4,50.0
3a6bf9f9371b4acc,kotlin/random/AbstractPlatformRandom,2,10,20.0
2a112849037a687a,androidx/work/impl/WorkDatabase_AutoMigration_14_15_Impl,2,9,22.22
1de161f93a9d815f,androidx/interpolator/view/animation/LinearOutSlowInInterpolator,2,3,66.67
4a3b781a48a30ff4,io/reactivex/internal/operators/single/SingleObserveOn,2,2,100.0
8a1392a2da7492b7,kotlin/text/Regex$Companion,2,13,15.38
18a2e7b6be2a4d2b,io/reactivex/internal/operators/observable/ObservableFlattenIterable,2,2,100.0
22d4b00aa8f08bba,org/acra/config/DialogConfigurationBuilder$special$$inlined$observable$9,2,5,40.0
65830ee121b713f6,androidx/activity/result/contract/ActivityResultContracts$StartActivityForResult$Companion,2,2,100.0
3d4c242a9acaf17b,androidx/work/impl/Migration_15_16,2,9,22.22
554478e9c307c2dc,kotlin/Unit,2,3,66.67
b645290fc091529f,io/reactivex/internal/operators/flowable/FlowableJust,2,3,66.67
2052fe7118a87b3f,androidx/recyclerview/widget/DiffUtil$CenteredArray,2,5,40.0
9e3df5b529c8b66f,io/reactivex/internal/operators/flowable/FlowableDelay$DelaySubscriber$OnNext,2,2,100.0
80ec2eff61be2f10,kotlin/collections/builders/SetBuilder$Companion,2,2,100.0
f9423c4345e4263d,kotlin/internal/PlatformImplementationsKt,2,13,15.38
a7e2b7ca68f4502d,org/acra/collector/ReflectionCollector,2,32,6.25
9d21ce0b5d02a20b,kotlin/UNINITIALIZED_VALUE,2,2,100.0
2adc5cb915ddb954,androidx/sqlite/db/framework/FrameworkSQLiteDatabase$Companion,2,2,100.0
a0021914c79f10d5,androidx/concurrent/futures/AbstractResolvableFuture$Listener,2,2,100.0
d7df2557a99db082,androidx/work/impl/model/WorkProgressDao_Impl$3,2,2,100.0
53ac65baf3647f8b,androidx/work/impl/RescheduleMigration,2,12,16.67
7a5de59d286f1cf3,kotlin/properties/Delegates,2,7,28.57
55dc6ee61c4990ce,org/proninyaroslav/libretorrent/ui/customviews/EmptyRecyclerView$1,2,4,50.0
90dc361f3b32f739,org/acra/config/CoreConfigurationBuilder$special$$inlined$observable$3,2,4,50.0
15f077245de9b8b5,androidx/work/impl/constraints/trackers/BatteryChargingTracker,2,36,5.56
2c67b393dedfe8c9,androidx/appcompat/app/AppCompatDelegateImpl$5,2,3,66.67
49746de39634dd19,androidx/core/widget/TextViewCompat,2,186,1.08
2bdc7e719830226c,androidx/work/impl/constraints/controllers/BatteryNotLowController,2,9,22.22
b8863ea6a81f5054,androidx/work/impl/model/WorkSpecDao_Impl$14,2,2,100.0
2b57b9b01847ad53,androidx/work/impl/constraints/trackers/BatteryNotLowTracker,2,28,7.14
e448b94b4cbf3776,androidx/work/impl/WorkDatabase_AutoMigration_19_20_Impl,2,9,22.22
1a8f8477bfd01650,org/proninyaroslav/libretorrent/core/model/data/AbstractInfoParcel,2,6,33.33
d090b0a197b51169,kotlin/collections/builders/ListBuilderKt,2,41,4.88
6c08ad8ecd7e2233,org/acra/config/CoreConfigurationBuilder$special$$inlined$observable$11,2,4,50.0
b7f412c434087f52,org/acra/config/CoreConfigurationBuilder$special$$inlined$observable$10,2,4,50.0
a428ae983e956d67,kotlin/jvm/internal/CallableReference,2,30,6.67
25deb3d1bd1efb09,io/reactivex/internal/operators/flowable/AbstractFlowableWithUpstream,2,3,66.67
959d76edaa35c7d3,kotlin/internal/PlatformImplementations,2,17,11.76
d6f8c445af295002,org/libtorrent4j/alerts/ExternalIpAlert,2,2,100.0
8e5c9145938bcbee,org/libtorrent4j/alerts/Alerts$48,2,2,100.0
2c09594b99c12a63,org/acra/collector/SimpleValuesCollector$Companion,2,18,11.11
9bec79bdb1b3a82e,androidx/lifecycle/ViewTreeLifecycleOwner,2,6,33.33
847f9361ff4b1282,org/acra/config/CoreConfigurationBuilder$special$$inlined$observable$18,2,4,50.0
5b1f91d90ae36901,org/acra/config/CoreConfigurationBuilder$special$$inlined$observable$20,2,4,50.0
133d3d0288d142d8,org/acra/scheduler/DefaultSenderScheduler,2,24,8.33
7b204e4edf530052,com/google/android/material/shape/ShapePath$LineShadowOperation,2,9,22.22
03ecfd2b839f8e9e,io/reactivex/internal/operators/single/SingleFlatMap,2,2,100.0
ef3229c9b247aebf,org/acra/config/CoreConfigurationBuilder$special$$inlined$observable$22,2,4,50.0
2134453b373c957d,org/acra/config/CoreConfigurationBuilder$special$$inlined$observable$23,2,4,50.0
11b61902d653eed7,androidx/sqlite/db/SupportSQLiteOpenHelper$Callback$Companion,2,2,100.0
73a7fb15dd8217aa,kotlinx/coroutines/CoroutineDispatcher,2,13,15.38
4ee937d7707bc8d2,org/acra/config/CoreConfigurationBuilder$special$$inlined$observable$12,2,4,50.0
09d9eed152e6cd96,kotlin/coroutines/ContinuationInterceptor$Key,2,2,100.0
3916a302fa7e3df8,org/acra/util/StreamReader$Companion,2,2,100.0
fd41b89e986af08c,androidx/activity/result/ActivityResultLauncher,2,2,100.0
3762c48c36af84a8,org/acra/config/DialogConfigurationBuilder$special$$inlined$observable$10,2,5,40.0
27b37ff40ee31f16,androidx/appcompat/content/res/AppCompatResources,2,3,66.67
25c56ef014ce2eda,androidx/activity/result/contract/ActivityResultContracts$RequestMultiplePermissions$Companion,2,4,50.0
7cd22324ba8bc908,org/acra/collector/ReflectionCollector$Companion,2,23,8.7
e577786680bb869d,org/nanohttpd/NanoHTTPD$DefaultAsyncRunner,2,14,14.29
200fdf6152b906ca,androidx/recyclerview/widget/AdapterListUpdateCallback,2,5,40.0
7375704a062c046b,org/acra/config/CoreConfigurationBuilder$special$$inlined$observable$27,2,4,50.0
3274eb6fa689b08b,androidx/work/impl/constraints/trackers/NetworkStateTracker24$networkCallback$1,2,8,25.0
60aea9032b881800,org/libtorrent4j/alerts/Alerts$53,2,2,100.0
4287b1c9c5ea8d49,androidx/lifecycle/viewmodel/CreationExtras$Empty,2,3,66.67
13379fe9c9a8bdba,androidx/activity/result/contract/ActivityResultContracts$StartActivityForResult,2,6,33.33
a70253a94349c677,org/libtorrent4j/SwigObject,2,2,100.0
1ee41064a6cfc9e1,androidx/recyclerview/selection/FocusDelegate,2,2,100.0
8131efc59e2bd226,androidx/core/view/AccessibilityDelegateCompat$AccessibilityDelegateAdapter,2,25,8.0
f9e3a10c5eafa9bc,androidx/work/impl/Migration_3_4,2,6,33.33
e275066beedf1dc3,androidx/work/Configuration$Companion,2,2,100.0
858ec93e177f9ee5,androidx/emoji2/text/EmojiCompat$CompatInternal19$1,2,3,66.67
113847c6d961eb45,androidx/work/impl/Migration_12_13,2,5,40.0
ce447b2d51a42f26,io/reactivex/internal/operators/observable/ObservableToList,2,7,28.57
b8100f11638ea1b1,org/proninyaroslav/libretorrent/ui/main/drawer/NoTagsItem,2,5,40.0
8229ce66b7ae7c54,org/acra/config/DialogConfigurationBuilder$special$$inlined$observable$6,2,5,40.0
0822bc291a6a932a,androidx/profileinstaller/ProfileInstallerInitializer$Choreographer16Impl,2,3,66.67
613c0667b8f8332f,androidx/appcompat/app/ToolbarActionBar$1,2,2,100.0
7c958d9bd2bfe4f6,io/reactivex/internal/observers/CallbackCompletableObserver,2,22,9.09
cef720a3d8e886ee,androidx/lifecycle/MutableLiveData,2,4,50.0
692af2c2998b8332,androidx/emoji2/text/EmojiCompat$InitCallback,2,3,66.67
2f9ab39bd771fe2f,androidx/recyclerview/widget/DiffUtil$Range,2,4,50.0
dac433205355c6ec,org/acra/config/DialogConfigurationBuilder$special$$inlined$observable$7,2,5,40.0
541e2155ca11b57c,com/google/android/material/internal/NavigationMenuPresenter$NavigationMenuViewAccessibilityDelegate,2,6,33.33
e3eabf79b1576f2e,androidx/appcompat/widget/LinearLayoutCompat$LayoutParams,2,5,40.0
4c4696d918592705,androidx/room/EntityDeletionOrUpdateAdapter,2,27,7.41
afbf868cd54a0e8e,org/nanohttpd/NanoHTTPD$DefaultServerSocketFactory,2,2,100.0
2e02939364126c40,androidx/lifecycle/ViewTreeViewModelStoreOwner,2,6,33.33
d0d9dba030c3d37c,androidx/work/impl/constraints/controllers/NetworkMeteredController$Companion,2,2,100.0
87e5197fc73f6233,org/acra/config/CoreConfigurationBuilder$special$$inlined$observable$24,2,4,50.0
042251002379ab4a,androidx/lifecycle/ViewModelProvider$Companion,2,18,11.11
6513ffec5994fc5e,androidx/work/impl/Migration_11_12,2,4,50.0
dba90e3a18ee3214,org/acra/config/CoreConfigurationBuilder$special$$inlined$observable$1,2,4,50.0
333b44dc9e76f9e5,androidx/activity/ComponentActivity$1$1,2,2,100.0
1ba766a1d644a1ba,com/h6ah4i/android/widget/advrecyclerview/adapter/ItemIdComposer,2,32,6.25
0472df6921fd6bec,org/libtorrent4j/AlertMulticaster,2,22,9.09
c191934aae80e418,com/google/android/material/shape/CornerTreatment,2,4,50.0
c1b09ff808c8f30c,org/proninyaroslav/libretorrent/core/logger/Logger$DataSetChange,2,2,100.0
4cb2e80f55905e3b,androidx/work/impl/constraints/controllers/NetworkUnmeteredController,2,18,11.11
727a44f95d3fda65,androidx/lifecycle/AndroidViewModel,2,3,66.67
c4f4b20051aef667,androidx/appcompat/widget/AppCompatTextHelper$1,2,9,22.22
d29c1e9502a9eb1d,io/reactivex/internal/operators/flowable/FlowableToList,2,5,40.0
59052a9d26591817,com/google/android/material/shape/AbsoluteCornerSize,2,10,20.0
16d781616f87fad4,org/acra/config/CoreConfigurationBuilder$special$$inlined$observable$6,2,4,50.0
5984a9bbad164385,com/google/android/material/theme/MaterialComponentsViewInflater,2,6,33.33
1e5e733eb02d2ac8,androidx/work/SystemClock,2,2,100.0
c55c5fd8ce347b46,org/acra/config/CoreConfigurationBuilder$special$$inlined$observable$17,2,4,50.0
c04f3dfeb9dc60b6,org/acra/config/CoreConfigurationBuilder$special$$inlined$observable$7,2,4,50.0
d985acbea45e4cc5,androidx/appcompat/widget/AppCompatTextClassifierHelper,2,6,33.33
bbc65e86b52f90d0,io/reactivex/internal/operators/observable/ObservableMap,2,2,100.0
0a92821bf186727c,androidx/fragment/app/Fragment$OnPreAttachedListener,2,2,100.0
60ac01d951e42a63,org/libtorrent4j/alerts/LogAlert,2,2,100.0
1a0e0eea17a66edb,io/reactivex/internal/functions/Functions$Identity,2,3,66.67
c00fb0c3b08a135c,androidx/lifecycle/DefaultLifecycleObserver,2,6,33.33
d539d355610f76e4,androidx/concurrent/futures/AbstractResolvableFuture$AtomicHelper,2,2,100.0
79ac0ab3eb7fba01,androidx/work/impl/WorkLauncherImpl,2,10,20.0
253133b9a2bc85e3,org/acra/config/MailSenderConfigurationBuilder$special$$inlined$observable$4,2,5,40.0
42b12d48e64134ed,org/libtorrent4j/alerts/Alerts$71,2,2,100.0
3d91192f597927c1,org/acra/config/CoreConfigurationBuilder$special$$inlined$observable$9,2,4,50.0
c2810366ec2dda6f,androidx/work/impl/constraints/controllers/NetworkConnectedController,2,16,12.5
e50364312fb6bf7f,org/acra/collector/BaseReportFieldCollector,2,15,13.33
57bd737d9d37aefc,androidx/recyclerview/selection/EventBridge,2,3,66.67
e199857e8bde5286,org/acra/collector/SettingsCollector,2,35,5.71
8c0bffc62ceaaa3e,androidx/savedstate/SavedStateRegistry$Companion,2,2,100.0
af4ddb3ea9603c41,io/reactivex/internal/operators/flowable/FlowableFlattenIterable,2,14,14.29
7b480b22aab3e7a3,androidx/core/view/GravityCompat,2,5,40.0
ea4dc45e1c30bb7c,org/acra/collector/ConfigurationCollector$Companion,2,2,100.0
d1350e03e4bc9eff,org/acra/config/DialogConfigurationBuilder$special$$inlined$observable$8,2,5,40.0
bb05baa6153acaad,androidx/core/view/animation/PathInterpolatorCompat,2,10,20.0
1a613915bab19093,androidx/tracing/TraceApi18Impl,2,3,66.67
651420a85e949fe4,kotlin/enums/EnumEntriesKt,2,6,33.33
506cce7a5449cc33,androidx/work/impl/Migration_1_2,2,7,28.57
40d5aa9abe07f35f,org/libtorrent4j/swig/session,2,21,9.52
e3b83a9c55f91836,org/libtorrent4j/alerts/Alerts$50,2,2,100.0
55504eb944fc2960,kotlin/collections/AbstractList,2,30,6.67
c1bd09968d243fcb,androidx/work/impl/constraints/controllers/NetworkNotRoamingController$Companion,2,2,100.0
ed559417c27ed546,kotlin/enums/EnumEntriesList,2,23,8.7
6c1b307874434320,androidx/lifecycle/SavedStateHandlesVM,2,3,66.67
6300a951494efaae,org/acra/config/DialogConfigurationBuilder$special$$inlined$observable$4,2,4,50.0
c75a9e074d1e5513,kotlin/jvm/internal/ArrayIteratorKt,2,2,100.0
ff9949b0be0557c6,com/google/android/material/floatingactionbutton/FloatingActionButtonImplLollipop$AlwaysStatefulMaterialShapeDrawable,2,2,100.0
a24df3b53f23310d,org/acra/collector/SettingsCollector$Companion,2,2,100.0
af163f253cdd4a79,org/acra/config/CoreConfigurationBuilder$special$$inlined$observable$21,2,4,50.0
93c11553fc031500,androidx/work/impl/Migration_16_17,2,15,13.33
9ac60e039c62f2a4,org/acra/config/CoreConfigurationBuilder$special$$inlined$observable$19,2,4,50.0
34a3f0a02d947c57,com/google/android/material/shape/ShapePath$PathOperation,2,2,100.0
90f1d775621c3f5c,androidx/lifecycle/ViewModelProvider$Factory$Companion,2,4,50.0
3c9ffe1f33792021,kotlin/collections/MapsKt__MapsJVMKt,2,46,4.35
96aff614a924ef25,org/acra/config/CoreConfigurationBuilder$special$$inlined$observable$5,2,4,50.0
45b34423059adf0f,androidx/recyclerview/widget/BatchingListUpdateCallback,2,28,7.14
ee666ee5681afbfd,androidx/databinding/ViewDataBinding$8,2,2,100.0
15b5060835f10506,com/google/android/material/floatingactionbutton/BorderDrawable$BorderState,2,4,50.0
cf6392f7a2f05178,io/reactivex/internal/functions/Functions$EmptyConsumer,2,3,66.67
ecbc3098a184aff2,io/reactivex/internal/operators/flowable/FlowableFlatMapMaybe,2,2,100.0
5f4e1a0c1097ae62,androidx/fragment/app/DefaultSpecialEffectsController,2,275,0.73
a4e3ba791d98c8c9,androidx/work/impl/Migration_6_7,2,4,50.0
2082e774e598ef95,androidx/lifecycle/ViewModelProvider$NewInstanceFactory$Companion,2,7,28.57
1eb5e31e6d413811,androidx/appcompat/widget/SearchView$1,2,2,100.0
ca0be1928140caab,androidx/work/impl/constraints/trackers/BroadcastReceiverConstraintTracker$broadcastReceiver$1,2,4,50.0
d76f02fe6a67be20,org/libtorrent4j/alerts/Alerts$49,2,2,100.0
16cbdc5f4c0b820a,androidx/sqlite/db/framework/FrameworkSQLiteOpenHelper$Companion,2,2,100.0
d1847c05e0be727f,androidx/work/impl/WorkMigration9To10,2,6,33.33
d2aedad46197cc83,kotlinx/coroutines/flow/internal/AbstractSharedFlow,2,51,3.92
4c06f348c6de1a36,org/proninyaroslav/libretorrent/core/storage/TagRepositoryImpl,2,9,22.22
f708f3c9b2177d6f,androidx/work/impl/WorkDatabase,2,3,66.67
dad7e2735651fa1c,androidx/savedstate/ViewTreeSavedStateRegistryOwner,2,6,33.33
f011b8259ab1b841,org/proninyaroslav/libretorrent/core/filter/TorrentFilterCollection,2,74,2.7
f44a6a79d8ba744c,org/libtorrent4j/alerts/Alerts$97,1,2,50.0
8e8d9e6dcc6e442c,org/proninyaroslav/libretorrent/ui/main/MainActivity$3,1,37,2.7
152a06468f5dee43,io/reactivex/disposables/ActionDisposable,1,5,20.0
80097f411393a216,org/proninyaroslav/libretorrent/ui/main/MainFragment$1,1,2,50.0
5624ec87a53a2e4a,org/libtorrent4j/alerts/Alerts$40,1,2,50.0
efa8920f96e7904d,org/libtorrent4j/alerts/Alerts$72,1,2,50.0
c8755bebfcf59213,io/reactivex/internal/functions/Functions$ErrorConsumer,1,3,33.33
d9f13a447c7fad34,androidx/appcompat/R$styleable,1,2,50.0
7a81c2ce63866fc3,org/libtorrent4j/alerts/Alerts$99,1,2,50.0
e95af69030ace511,kotlin/internal/jdk7/JDK7PlatformImplementations,1,16,6.25
666007d553ba1fad,org/libtorrent4j/alerts/Alerts$41,1,2,50.0
749449a87d077a66,androidx/appcompat/widget/SearchView$3,1,5,20.0
a7d4e52334fcfc3a,org/acra/file/Directory$EXTERNAL_CACHE,1,3,33.33
d59ff87bde32d679,androidx/recyclerview/selection/SelectionTracker$Builder$2,1,2,50.0
46926a5a1ac9b5e7,androidx/recyclerview/widget/RecyclerView$StretchEdgeEffectFactory,1,2,50.0
75a478325a96c440,androidx/arch/core/internal/SafeIterableMap$AscendingIterator,1,3,33.33
3f51dac76a9a3314,androidx/appcompat/widget/ActionMenuView$LayoutParams,1,5,20.0
8b4e3be4c7fd6836,androidx/appcompat/app/AppCompatDelegateImpl$PanelFeatureState,1,52,1.92
0d51b6637c17ebda,com/google/android/material/internal/StateListAnimator$1,1,4,25.0
87f2110296aa804f,org/libtorrent4j/alerts/Alerts$79,1,2,50.0
e89c908566caffdb,org/libtorrent4j/alerts/Alerts$33,1,2,50.0
a4203ef92bf9fccf,org/libtorrent4j/alerts/Alerts$77,1,2,50.0
75d592c120298aea,androidx/recyclerview/selection/ResetManager$1,1,7,14.29
9fadf099d461dccb,net/cachapa/expandablelayout/R$styleable,1,2,50.0
34bf3aefc82a9886,org/libtorrent4j/alerts/Alerts$47,1,2,50.0
843ccb0ff9c7c92b,com/h6ah4i/android/widget/advrecyclerview/animator/RefactoredDefaultItemAnimator$DefaultItemAddAnimationManager,1,15,6.67
c93922e40258e2ae,com/h6ah4i/android/widget/advrecyclerview/animator/impl/ItemAddAnimationManager,1,22,4.55
2ce0932c1d74d576,androidx/coordinatorlayout/R$styleable,1,2,50.0
144f6daf81a675ba,org/libtorrent4j/alerts/Alerts$22,1,2,50.0
ff9c30d249947033,org/libtorrent4j/alerts/Alerts$102,1,2,50.0
c326d4d66d000e92,org/libtorrent4j/alerts/Alerts$104,1,2,50.0
2f5385d14425fd35,org/libtorrent4j/alerts/Alerts$23,1,2,50.0
1a4e4fe23afa3eed,androidx/core/graphics/drawable/DrawableCompat$Api23Impl,1,3,33.33
3c45cd43f091f4f8,androidx/databinding/ViewDataBinding$4,1,3,33.33
dd88ed6889d3dfcf,androidx/lifecycle/ViewModelProvider$AndroidViewModelFactory$Companion$APPLICATION_KEY$1,1,1,100.0
15d86f825e752078,androidx/work/impl/AutoMigration_19_20,1,3,33.33
6000fa92b015aa9a,com/leinardi/android/speeddial/FabWithLabelView$2,1,6,16.67
01808ac0cc6032ad,org/proninyaroslav/libretorrent/core/storage/DatabaseMigration$4,1,2,50.0
a8f5e83cfcbfee0d,androidx/profileinstaller/ProfileInstallerInitializer$Result,1,1,100.0
e58de039a17b5755,androidx/fragment/app/FragmentManagerImpl,1,1,100.0
416afcab286d89e3,com/leinardi/android/speeddial/SpeedDialView$InstanceState$1,1,5,20.0
acd398bb0d120e3f,androidx/appcompat/app/ToolbarActionBar$ActionMenuPresenterCallback,1,6,16.67
d34332dbd9fadd7d,org/proninyaroslav/libretorrent/core/storage/dao/TorrentDao_Impl$6,1,2,50.0
066028cc3e0eb7ff,com/leinardi/android/speeddial/SpeedDialView$4,1,2,50.0
58569f579e4de46f,io/reactivex/internal/operators/observable/AbstractObservableWithUpstream,1,2,50.0
3d47559c1a76fc5a,org/acra/file/CrashReportFileNameParser,1,16,6.25
eabe89640a447574,androidx/recyclerview/selection/ViewAutoScroller$RuntimeHost,1,7,14.29
37286d17d2f75e5c,androidx/work/impl/AutoMigration_14_15,1,6,16.67
45b44ddbceaf779c,androidx/drawerlayout/widget/DrawerLayout$1,1,6,16.67
315c729e6bbf4103,org/libtorrent4j/swig/remove_flags_t,1,28,3.57
bfac6e14f48a7d8a,org/libtorrent4j/alerts/Alerts$34,1,2,50.0
c5c017496c7211c5,androidx/recyclerview/selection/FocusDelegate$1,1,5,20.0
164ba015b942b709,org/libtorrent4j/alerts/Alerts$11,1,2,50.0
62b83e06e88fb629,io/reactivex/internal/functions/Functions$FalsePredicate,1,2,50.0
447f0953a8d4064a,org/libtorrent4j/alerts/Alerts$55,1,2,50.0
7cf5ede4e52e145d,org/libtorrent4j/alerts/Alerts$4,1,2,50.0
89c0c86a459e1bcb,org/libtorrent4j/alerts/Alerts$44,1,2,50.0
4147ff7e1ee6eaae,androidx/fragment/app/Fragment$1,1,2,50.0
f761188fc1961978,org/proninyaroslav/libretorrent/core/storage/dao/TorrentDao_Impl$2,1,7,14.29
6488540ceb07ecbe,org/libtorrent4j/alerts/Alerts$70,1,2,50.0
f77da7edf5dc8dfd,androidx/lifecycle/LiveData$1,1,4,25.0
a80df74e49fab162,com/google/android/material/internal/NavigationMenuPresenter$NavigationMenuHeaderItem,1,1,100.0
58b02c262e5ff40b,com/leinardi/android/speeddial/SpeedDialView$5,1,8,12.5
41d35f49c4f119b0,org/acra/collector/SharedPreferencesCollector,1,32,3.12
8a5b934532345273,androidx/recyclerview/selection/OperationMonitor$1,1,3,33.33
56da18ed3074b804,com/google/android/material/internal/NavigationMenuPresenter$HeaderViewHolder,1,1,100.0
dbebfb9ce67dacd2,androidx/core/content/ContextCompat$Api23Impl,1,4,25.0
773c9711b408dcba,androidx/core/view/animation/PathInterpolatorCompat$Api21Impl,1,4,25.0
2085861cfad03d6c,com/google/android/material/navigation/NavigationView$2,1,7,14.29
ec00532bf2746a29,androidx/work/impl/model/WorkSpecDao_Impl$16,1,2,50.0
618b4ccc3885a494,androidx/emoji2/viewsintegration/EmojiTextViewHelper$HelperInternal,1,7,14.29
05e471fa30a797a4,org/libtorrent4j/alerts/Alerts$58,1,2,50.0
3529d49eff84cbfe,org/proninyaroslav/libretorrent/core/storage/dao/TorrentDao_Impl$3,1,7,14.29
3a641f864f265784,androidx/fragment/app/Fragment$5,1,7,14.29
a52b06568a3f7129,androidx/cardview/R$styleable,1,2,50.0
390c7d3ce4523648,org/proninyaroslav/libretorrent/core/sorting/TorrentSorting$SortingColumns$3,1,5,20.0
56fac284950bba8d,androidx/appcompat/widget/SearchView$7,1,2,50.0
f8dcec53c48fe4e2,androidx/work/impl/model/WorkTagDao_Impl,1,54,1.85
73fc166e1cdf59a1,kotlin/TuplesKt,1,5,20.0
39cd14153001c5c4,org/libtorrent4j/alerts/Alerts$93,1,2,50.0
aa711b6d71d1816c,androidx/appcompat/app/ActionBar$LayoutParams,1,9,11.11
7492d6e647e40bf9,androidx/appcompat/app/ActionBar,1,36,2.78
9ea705e93a526480,io/reactivex/internal/functions/Functions$NaturalObjectComparator,1,2,50.0
919e7ae5831b3eec,androidx/recyclerview/widget/ViewBoundsCheck$BoundFlags,1,24,4.17
87d9bcb6c68531a6,com/google/android/material/internal/StateListAnimator$Tuple,1,1,100.0
d14afec0e3ce4c47,androidx/fragment/R$styleable,1,2,50.0
d620aaebcf13e474,org/acra/data/StringFormat$JSON,1,13,7.69
af8752f5edf31b96,com/google/android/material/internal/ContextUtils,1,4,25.0
2a6572d30bbfcb2b,kotlin/jvm/internal/Lambda,1,3,33.33
ac87114f005e9d7c,org/libtorrent4j/alerts/Alerts$2,1,2,50.0
16158f3ec71e743a,androidx/recyclerview/widget/RecyclerView$3,1,2,50.0
41e8dd8b874dba1e,org/libtorrent4j/alerts/Alerts$95,1,2,50.0
2cc638838de6148a,org/acra/data/StringFormat$KEY_VALUE_LIST,1,61,1.64
6b5bd244724926af,org/libtorrent4j/alerts/Alerts$76,1,2,50.0
f91958a935b28413,androidx/recyclerview/selection/DefaultSelectionTracker$RangeCallbacks,1,5,20.0
c3f8f051b04b2cd7,io/reactivex/internal/functions/Functions$EmptyLongConsumer,1,2,50.0
6e120c71e42a56fb,io/reactivex/internal/schedulers/ComputationScheduler$PoolWorker,1,1,100.0
a940726f4f5c4503,androidx/appcompat/widget/ActionMenuView$ActionMenuPresenterCallback,1,3,33.33
d2d3e53d28c756c7,androidx/recyclerview/selection/SelectionTracker$Builder$4,1,2,50.0
e951fb74db6f20fd,androidx/appcompat/widget/SearchView$10,1,4,25.0
711b23a809c5b603,com/h6ah4i/android/widget/advrecyclerview/animator/impl/ItemRemoveAnimationManager,1,22,4.55
abbb5ad27445c77e,androidx/recyclerview/widget/RecyclerView$AdapterDataObserver,1,8,12.5
328a5e9255e5930f,androidx/drawerlayout/widget/DrawerLayout$SimpleDrawerListener,1,5,20.0
05a92245dee6d5fe,androidx/fragment/app/Fragment$AnimationInfo,1,1,100.0
a73541c7a34db7a2,org/libtorrent4j/alerts/Alerts$75,1,2,50.0
b953e4ccd9cffe4a,io/reactivex/internal/util/Pow2,1,6,16.67
2a760f3d3c0f5859,org/libtorrent4j/alerts/Alerts$37,1,2,50.0
f9977b3e4ebc47cf,com/google/android/material/expandable/ExpandableWidgetHelper,1,19,5.26
a8be6f1fe6e50dea,org/libtorrent4j/alerts/Alerts$1,1,2,50.0
1a9a52b32141cf46,androidx/appcompat/view/menu/ActionMenuItem,1,113,0.88
d501848fc0385a07,kotlin/coroutines/ContinuationInterceptor,1,1,100.0
2fe3735da087643d,org/proninyaroslav/libretorrent/service/TorrentService$1,1,3,33.33
2f14582015e4eccd,androidx/recyclerview/selection/GridModel$GridHost,1,1,100.0
71750b46d776d699,androidx/recyclerview/widget/AdapterHelper$UpdateOp,1,25,4.0
320b9fdee1d735b5,org/libtorrent4j/alerts/Alerts$45,1,2,50.0
e6e445efed0dedb6,org/acra/collector/Collector,1,1,100.0
79519eb298ab3aed,androidx/work/impl/model/WorkSpecDao_Impl$17,1,2,50.0
c88e239166b58f3a,androidx/recyclerview/selection/BandPredicate,1,6,16.67
d0775e02ca481ead,org/libtorrent4j/alerts/Alerts$59,1,2,50.0
5d55a5f9d0795282,org/proninyaroslav/libretorrent/ui/main/MainFragment$3,1,18,5.56
85a47f3034012f1a,org/libtorrent4j/alerts/Alerts$83,1,2,50.0
ec151434ff99f004,androidx/databinding/CallbackRegistry$NotifierCallback,1,1,100.0
32b5a5b74b638818,org/proninyaroslav/libretorrent/core/storage/DatabaseMigration$3,1,2,50.0
69551676560236c6,io/reactivex/internal/observers/BasicIntQueueDisposable,1,3,33.33
6888257b0280a4bb,com/leinardi/android/speeddial/SpeedDialActionItem$1,1,5,20.0
c7e25c696779baa9,org/proninyaroslav/libretorrent/core/storage/dao/TorrentDao_Impl$1,1,33,3.03
0b1cee8e756345b4,com/h6ah4i/android/widget/advrecyclerview/animator/RefactoredDefaultItemAnimator$DefaultItemMoveAnimationManager,1,47,2.13
892a40d176066e7c,org/libtorrent4j/alerts/Alerts$65,1,2,50.0
e42918a78955d09e,org/libtorrent4j/LibTorrent,1,14,7.14
1c088d680de3f513,androidx/work/impl/model/WorkSpecDao_Impl$2,1,75,1.33
a85a80b81a3616c1,com/h6ah4i/android/widget/advrecyclerview/animator/BaseItemAnimator,1,34,2.94
d7e7561757ec637d,org/libtorrent4j/alerts/Alerts$66,1,2,50.0
6ae5766ca2e38a94,org/libtorrent4j/alerts/Alerts$32,1,2,50.0
49c39692c4f00d24,androidx/activity/ComponentActivity$5,1,9,11.11
eeb4eeac19fb09ce,org/libtorrent4j/alerts/Alerts$36,1,2,50.0
4a88cf21ee545e7b,org/proninyaroslav/libretorrent/core/storage/DatabaseMigration$6,1,2,50.0
eb4bb5f43ef074b8,org/libtorrent4j/alerts/Alerts$100,1,2,50.0
492bf252b197d2f8,org/proninyaroslav/libretorrent/core/storage/DatabaseMigration$RoomDatabaseMigration,1,87,1.15
6e109a5e02413b5e,androidx/work/impl/WorkManagerImpl$Api24Impl,1,2,50.0
a4e16e8feb2edc1e,androidx/work/impl/WorkDatabase_AutoMigration_17_18_Impl,1,3,33.33
e8b6cf67a4f2c72d,androidx/core/widget/ImageViewCompat$Api21Impl,1,5,20.0
a5898d5f88ce554c,androidx/recyclerview/widget/GapWorker$1,1,15,6.67
b109bc9ec44fed0e,org/libtorrent4j/alerts/Alerts$3,1,2,50.0
3ad79611a5b8df38,org/libtorrent4j/alerts/Alerts$14,1,2,50.0
ef3d30faf8d2b429,androidx/work/impl/model/WorkSpecDao_Impl$7,1,2,50.0
c052da30cb92e83f,androidx/fragment/app/FragmentManager$9,1,10,10.0
73ca81a9215de6e5,io/reactivex/internal/schedulers/RxThreadFactory$RxCustomThread,1,1,100.0
e275387ce0f6831e,androidx/recyclerview/selection/SelectionPredicates,1,3,33.33
7d56b2c9deb5fae5,org/acra/file/ReportLocator$special$$inlined$sortedBy$1,1,5,20.0
8c5b9cbe95e63b49,androidx/recyclerview/widget/RecyclerView$1,1,8,12.5
b92024c5a21798a6,com/h6ah4i/android/widget/advrecyclerview/animator/impl/ItemMoveAnimationManager,1,22,4.55
86b871d63725ef2f,com/h6ah4i/android/widget/advrecyclerview/animator/RefactoredDefaultItemAnimator$DefaultItemChangeAnimationManager,1,38,2.63
ab41f74d718fbb6c,androidx/recyclerview/selection/SelectionTracker$SelectionObserver,1,6,16.67
b9c582bbc9568227,org/libtorrent4j/alerts/Alerts$63,1,2,50.0
a7dc2ac6d75b739d,androidx/recyclerview/selection/ItemDetailsLookup,1,28,3.57
ee5c3596ab4c6dd1,org/libtorrent4j/alerts/Alerts$56,1,2,50.0
ad9275ebb6d96d7e,androidx/appcompat/widget/SearchView$SearchAutoComplete$1,1,2,50.0
21f9acf438f5cdff,androidx/emoji2/viewsintegration/EmojiEditTextHelper$HelperInternal,1,7,14.29
a746f61ba36775c7,org/proninyaroslav/libretorrent/core/model/TorrentInfoProvider$3,1,5,20.0
74a4e7ec0311b8ba,org/libtorrent4j/alerts/Alerts$10,1,2,50.0
ba85a2d173c94abc,androidx/customview/widget/ViewDragHelper$1,1,2,50.0
ca1e6726fa606dc8,androidx/appcompat/widget/ActionMenuView$MenuBuilderCallback,1,11,9.09
7b7789d6ca834b56,androidx/recyclerview/selection/BandSelectionHelper$2,1,2,50.0
c32b9857d1339d5e,com/leinardi/android/speeddial/R$styleable,1,2,50.0
9a4a85184816a979,androidx/databinding/ViewDataBinding$5,1,9,11.11
1fbfe26e7d204910,androidx/appcompat/widget/Toolbar$LayoutParams,1,10,10.0
42ba847af552a147,androidx/recyclerview/selection/EventBackstop,1,14,7.14
0e74435d0a4e933e,org/libtorrent4j/alerts/Alerts$12,1,2,50.0
5766f0f5bec84661,org/proninyaroslav/libretorrent/core/sorting/TorrentSorting$SortingColumns$1,1,3,33.33
7cc0566c81d6a802,org/libtorrent4j/alerts/Alerts$101,1,2,50.0
117e48f44e2b485d,org/libtorrent4j/swig/session_flags_t,1,28,3.57
aeae5a2470263de8,org/libtorrent4j/alerts/Alerts$25,1,2,50.0
36b00175760a220e,androidx/recyclerview/selection/SelectionTracker,1,1,100.0
08d879daec923caa,androidx/lifecycle/ViewModelProvider$OnRequeryFactory,1,2,50.0
04c966bcbe2b882a,androidx/recyclerview/selection/SelectionTracker$Builder$3,1,2,50.0
523840d1f5fbdd83,androidx/work/impl/model/WorkSpecDao_Impl$12,1,2,50.0
04dee1545b21422f,androidx/lifecycle/SavedStateHandleSupport$SAVED_STATE_REGISTRY_OWNER_KEY$1,1,1,100.0
e186d0ae5b7ff15e,org/libtorrent4j/alerts/Alerts$43,1,2,50.0
595df01a19947af5,androidx/versionedparcelable/CustomVersionedParcelable,1,3,33.33
e43dcef887919871,org/libtorrent4j/alerts/Alerts$52,1,2,50.0
e49b0f39bb2e30a8,org/proninyaroslav/libretorrent/ui/main/MainFragment$2,1,16,6.25
dbada8955b4f2d67,org/libtorrent4j/Pair,1,18,5.56
40555aa13a5b6b25,androidx/appcompat/widget/SearchView$5,1,13,7.69
257835473a0a00dd,androidx/appcompat/widget/SearchView$8,1,2,50.0
cfae7493ee7354db,org/libtorrent4j/alerts/Alerts$39,1,2,50.0
babc9f69d89fe569,androidx/lifecycle/SavedStateHandleSupport$VIEW_MODEL_STORE_OWNER_KEY$1,1,1,100.0
715754730338d912,androidx/recyclerview/selection/ViewAutoScroller$1,1,2,50.0
282283491c564dd5,androidx/work/impl/model/RawWorkInfoDao_Impl,1,210,0.48
971006bfe89f9299,androidx/work/impl/model/WorkSpecDao_Impl$9,1,2,50.0
683a772c1208bb67,kotlin/collections/SetsKt__SetsKt,1,31,3.23
c20bd16b9f377eec,io/reactivex/internal/functions/Functions$OnErrorMissingConsumer,1,3,33.33
b5ec5799bf675d39,org/proninyaroslav/libretorrent/core/storage/DatabaseMigration$7,1,2,50.0
57ef8fb675447796,androidx/arch/core/executor/TaskExecutor,1,5,20.0
f069d1393579eb6b,org/proninyaroslav/libretorrent/core/storage/dao/TorrentDao_Impl$5,1,36,2.78
848c51ecb0cb8f22,androidx/work/impl/WorkDatabase_AutoMigration_16_17_Impl,1,7,14.29
74b8833e90338b39,org/libtorrent4j/alerts/Alerts$67,1,2,50.0
eea6c61f580f7325,kotlin/jvm/internal/MutablePropertyReference,1,3,33.33
343a7f8daf15715e,androidx/fragment/app/FragmentManager$1,1,35,2.86
315ea3307f9f8ba6,org/libtorrent4j/alerts/Alerts$96,1,2,50.0
f89b8af29db58ca5,androidx/activity/result/ActivityResultRegistry$3,1,9,11.11
a6a73b12f63fde5b,org/proninyaroslav/libretorrent/core/system/SafFsModule,1,55,1.82
522ed1f4bef670b8,com/google/android/material/floatingactionbutton/FloatingActionButtonImpl$ElevateToHoveredFocusedTranslationZAnimation,1,2,50.0
5eba8fe66969969a,org/libtorrent4j/alerts/Alerts$29,1,2,50.0
497ca26a9b6d5c88,kotlin/collections/ArraysUtilJVM,1,2,50.0
c2c4bd974ccf613f,net/cachapa/expandablelayout/util/LookupTableInterpolator,1,4,25.0
488019b07ed30cfc,io/reactivex/internal/functions/Functions$EmptyRunnable,1,3,33.33
dd5f889d8136bd5e,androidx/fragment/app/FragmentManager$10,1,16,6.25
cfd50965decbe42c,org/proninyaroslav/libretorrent/core/storage/dao/TorrentDao_Impl$4,1,7,14.29
f1e937caf9b6d84e,com/google/android/material/internal/ViewUtils,1,110,0.91
3d4b711738e3878d,org/proninyaroslav/libretorrent/ui/customviews/RecyclerViewDividerDecoration,1,14,7.14
628d89c89ab7dd48,org/libtorrent4j/alerts/Alerts$21,1,2,50.0
ccceb1d101dbe15a,org/libtorrent4j/alerts/Alerts$18,1,2,50.0
1b5dee9ceab0494e,org/proninyaroslav/libretorrent/core/storage/dao/TorrentDao,1,3,33.33
ed7f46ee2f3071a2,org/libtorrent4j/alerts/Alerts$98,1,2,50.0
440c490e72909835,androidx/appcompat/widget/TintInfo,1,2,50.0
62d09ec1680fd133,org/libtorrent4j/alerts/Alerts$64,1,2,50.0
bba1a72dd6ff799e,androidx/appcompat/app/AppCompatDelegateImpl$Api24Impl,1,10,10.0
a1ef14d21de44aa1,androidx/core/R$styleable,1,2,50.0
9025ecef67eab12e,androidx/fragment/app/FragmentTransaction$Op,1,5,20.0
7544dc0fb68d8ed5,com/leinardi/android/speeddial/SpeedDialView$1,1,7,14.29
59cd490056fd035a,org/proninyaroslav/libretorrent/core/logger/Logger$NewFilter,1,1,100.0
3f0808555f46597c,io/reactivex/internal/functions/Functions$NullCallable,1,2,50.0
543b66f64adb8c68,androidx/emoji2/text/EmojiCompat$CompatInternal,1,10,10.0
b2714420f909a5d5,org/libtorrent4j/alerts/Alerts$90,1,2,50.0
c72b07e720fd4eaa,androidx/lifecycle/LifecycleRegistry_androidKt,1,1,100.0
cd7b15c4902963b2,org/proninyaroslav/libretorrent/ui/main/MainActivity$4,1,4,25.0
fe27cdc01afc5f21,kotlin/jvm/internal/MutablePropertyReference1Impl,1,8,12.5
6f9e235a967d3ae7,com/google/android/material/floatingactionbutton/FloatingActionButtonImpl$ElevateToPressedTranslationZAnimation,1,2,50.0
af68ac9ab3970c36,androidx/recyclerview/selection/GestureSelectionHelper$ViewDelegate,1,1,100.0
b9a7bffabe92555e,androidx/fragment/app/FragmentManager$5,1,2,50.0
2e59512764feb84b,io/reactivex/internal/functions/ObjectHelper$BiObjectPredicate,1,2,50.0
6ff701a22e2e42bc,org/libtorrent4j/alerts/Alerts$68,1,2,50.0
37bbdff66f30341c,org/libtorrent4j/alerts/Alerts$24,1,2,50.0
7b948873ff43a424,androidx/work/impl/model/SystemIdInfoDao_Impl$1,1,8,12.5
0510906b36232f44,androidx/core/content/ContextCompat$Api21Impl,1,4,25.0
192927a4ccdddaca,org/proninyaroslav/libretorrent/ui/main/TorrentListAdapter$ItemLookup,1,7,14.29
27169afa8f075c13,androidx/recyclerview/selection/ResetManager$2,1,2,50.0
2c4664183dea56fd,androidx/work/impl/model/WorkSpecDao_Impl$4,1,2,50.0
c091cd14c503632b,org/proninyaroslav/libretorrent/databinding/DrawerEmptyTagsListItemBinding,1,7,14.29
86cf9e1c23f07849,androidx/arch/core/internal/SafeIterableMap$SupportRemove,1,1,100.0
0c1260668ec12e6b,androidx/room/RoomOpenHelper$Delegate,1,8,12.5
334a066e610028ee,io/reactivex/schedulers/Schedulers$SingleHolder,1,2,50.0
40cd44e67b55b2b4,androidx/core/math/MathUtils,1,101,0.99
838b0544e25e1286,org/acra/file/Directory$NO_BACKUP_FILES,1,7,14.29
6e2c89b17724a5b0,androidx/work/impl/model/SystemIdInfoDao_Impl$2,1,2,50.0
30d1757f3fca15db,androidx/appcompat/widget/Toolbar$2,1,2,50.0
c58cd0ab5b0af14c,org/libtorrent4j/alerts/Alerts$57,1,2,50.0
d4da2a295c6bc332,androidx/work/impl/model/WorkSpecDao_Impl$15,1,2,50.0
87317dd54ec67269,androidx/appcompat/app/ToolbarActionBar$2,1,2,50.0
e32f0a122dc9b972,androidx/recyclerview/selection/SelectionTracker$Builder$1,1,2,50.0
9de0ea777ed07e05,org/acra/file/Directory$EXTERNAL_STORAGE,1,3,33.33
5168ee3804493a01,com/google/android/material/shape/ShapeAppearancePathProvider$Lazy,1,2,50.0
0b8299794215289d,com/google/android/material/shape/ShapeAppearancePathProvider$ShapeAppearancePathSpec,1,1,100.0
61ab3c34a73cc206,androidx/recyclerview/widget/DiffUtil$Callback,1,2,50.0
b0f1730c8ff8c76a,com/h6ah4i/android/widget/advrecyclerview/animator/impl/ItemChangeAnimationManager,1,45,2.22
e937beb821d9f9c0,androidx/room/RxRoom$1$2,1,2,50.0
2621605a0fda9f54,org/proninyaroslav/libretorrent/core/storage/dao/FeedDao_Impl,1,279,0.36
1232039fcf9b8662,androidx/drawerlayout/R$styleable,1,2,50.0
800e0963e15efdda,org/proninyaroslav/libretorrent/ui/main/drawer/TagsAdapter$1,1,5,20.0
ecbe69f654a65d43,androidx/recyclerview/selection/Range$Callbacks,1,1,100.0
61d2633ccc92ff8e,androidx/work/impl/model/WorkProgressDao_Impl$1,1,10,10.0
4d69d4bf570e2d5e,androidx/lifecycle/SavedStateHandleSupport$DEFAULT_ARGS_KEY$1,1,1,100.0
1731349fda574250,androidx/work/impl/model/SystemIdInfoDao_Impl$3,1,2,50.0
dd999f83641c7c34,com/google/android/material/navigation/NavigationView$1,1,10,10.0
246ef017b932290e,org/libtorrent4j/alerts/Alerts$6,1,2,50.0
753e7524ebc59e85,kotlin/jvm/internal/MutablePropertyReference1,1,10,10.0
16bc94dc1716a989,org/acra/file/Directory$EXTERNAL_FILES,1,3,33.33
618859c1b2578396,androidx/fragment/app/FragmentManager$8,1,10,10.0
cc2318d323082824,org/libtorrent4j/alerts/Alerts$92,1,2,50.0
44598530c8cabdea,org/acra/file/Directory$ROOT,1,11,9.09
fdf3c87781387585,androidx/fragment/app/FragmentManager$7,1,2,50.0
9f3b99f6591073f2,androidx/recyclerview/selection/DefaultBandHost$1,1,2,50.0
b801a150a4b1aea2,org/proninyaroslav/libretorrent/core/storage/dao/TagInfoDao_Impl$1,1,7,14.29
18f53cc733e313d4,org/proninyaroslav/libretorrent/ui/main/TorrentListAdapter$1,1,5,20.0
b4b0f9d1d7ae9994,org/libtorrent4j/alerts/Alerts$94,1,2,50.0
3740714a419fa3f4,androidx/fragment/app/FragmentManager$FragmentIntentSenderContract,1,22,4.55
626017cfd969e7e7,androidx/customview/widget/ViewDragHelper$2,1,2,50.0
3d42ae5ab333287d,org/libtorrent4j/alerts/Alerts$51,1,2,50.0
91e24d2cec592915,androidx/appcompat/widget/ActionMenuPresenter$OverflowMenuButton$1,1,6,16.67
e4b14308c167dba3,androidx/work/WorkerFactory$1,1,2,50.0
3bc5381cd453d845,androidx/appcompat/widget/ActionMenuPresenter$PopupPresenterCallback,1,14,7.14
d1ff91d35d8dcddf,org/libtorrent4j/alerts/Alerts$88,1,2,50.0
c7e2ed8a1e53284e,org/libtorrent4j/alerts/Alerts$26,1,2,50.0
4577a5808a5aefba,org/proninyaroslav/libretorrent/core/model/session/SessionErrors$Error,1,1,100.0
9dd4b5f6e948a2b2,com/google/android/material/R$styleable,1,2,50.0
acf95a83366b1fcb,io/reactivex/subjects/Subject,1,3,33.33
24f9daea381b387e,org/acra/collector/DeviceIdCollector,1,14,7.14
225a26e92eee3689,androidx/databinding/ViewDataBinding$3,1,3,33.33
d848a2ad692df2f8,org/proninyaroslav/libretorrent/databinding/DrawerNoTagsListItemBinding,1,7,14.29
ef9bbdbc8e823040,androidx/work/impl/WorkDatabase_AutoMigration_18_19_Impl,1,2,50.0
609ef9eb5a3e95f4,org/proninyaroslav/libretorrent/ui/main/drawer/AbstractTagItem,1,1,100.0
1736ead15b171ee2,org/proninyaroslav/libretorrent/core/sorting/TorrentSorting$SortingColumns$7,1,5,20.0
6f97414fcb025768,androidx/drawerlayout/widget/DrawerLayout$ViewDragCallback$1,1,2,50.0
ed149755dbfb3ceb,org/libtorrent4j/alerts/Alerts$35,1,2,50.0
f6e1eeb840505131,org/acra/collector/DeviceFeaturesCollector,1,10,10.0
5b3e4e766cb40ffe,androidx/appcompat/widget/SearchView$4,1,2,50.0
c6818a7454f566d8,com/leinardi/android/speeddial/FabWithLabelView$3,1,8,12.5
a08109837fe30e4a,androidx/work/impl/model/WorkProgressDao_Impl$2,1,2,50.0
29c120f30066023f,androidx/core/widget/NestedScrollView$DifferentialMotionFlingTargetImpl,1,6,16.67
98449dbf317124e5,org/libtorrent4j/alerts/Alerts$20,1,2,50.0
063454f6392de70d,org/proninyaroslav/libretorrent/databinding/FragmentMainBinding,1,7,14.29
7689510192e3efb7,org/proninyaroslav/libretorrent/core/storage/dao/TagInfoDao_Impl$2,1,4,25.0
aebd59029cb3211e,androidx/work/impl/model/WorkSpecDao_Impl$5,1,2,50.0
528f3d1ce9f441fb,io/reactivex/schedulers/Schedulers$IoHolder,1,2,50.0
a2214dedcdfa9b9c,org/libtorrent4j/alerts/Alerts$46,1,2,50.0
f2874f4a062aa867,org/libtorrent4j/alerts/Alerts$69,1,2,50.0
af2f436038d6f952,androidx/recyclerview/widget/RecyclerView$OnScrollListener,1,3,33.33
6e32b3f30ece2143,androidx/appcompat/widget/SearchView$9,1,3,33.33
cd84326972a96350,androidx/work/impl/model/WorkSpecDao_Impl$3,1,2,50.0
d023d65bc55a9787,androidx/appcompat/widget/SearchView$6,1,18,5.56
e57ca711211e9a55,androidx/work/impl/WorkDatabase_AutoMigration_13_14_Impl,1,7,14.29
088c08cebfe0c84d,com/google/android/material/internal/NavigationMenuPresenter$ViewHolder,1,1,100.0
357f4ee29ec81239,kotlin/collections/AbstractCollection,1,33,3.03
81ff11955f967f06,com/google/android/material/internal/NavigationMenu,1,4,25.0
013a271aa3f95cdc,androidx/appcompat/app/AppCompatDelegate$ThreadPerTaskExecutor,1,2,50.0
df5d6572809a7846,org/proninyaroslav/libretorrent/core/sorting/TorrentSorting$SortingColumns$6,1,5,20.0
6d1702925fffc08c,org/nanohttpd/NanoHTTPD$DefaultTempFileManagerFactory,1,2,50.0
05ed9705c66c8175,androidx/room/RxRoom$1$1,1,5,20.0
ef0b573acb193bfc,io/reactivex/internal/operators/flowable/FlowableCreate$NoOverflowBaseAsyncEmitter,1,9,11.11
cc493a672fba3174,androidx/core/view/ViewCompat$Api21Impl$1,1,13,7.69
d15a9b8743164786,androidx/recyclerview/widget/RecyclerView$ItemDecoration,1,7,14.29
a50bcd1f63235622,org/libtorrent4j/alerts/Alerts$73,1,2,50.0
41effd10bd7c462b,androidx/recyclerview/selection/ViewAutoScroller$ScrollHost,1,1,100.0
c2e9ab00d254c39d,io/reactivex/internal/functions/Functions$EmptyAction,1,3,33.33
19d6091104d000d7,androidx/recyclerview/selection/BandSelectionHelper$BandHost,1,1,100.0
4dc1434a36714e7b,androidx/work/impl/model/WorkSpecDao_Impl$13,1,2,50.0
e040bfad4bc397bb,androidx/appcompat/widget/FitWindowsFrameLayout,1,7,14.29
41d037ab89de8386,org/libtorrent4j/alerts/Alerts$30,1,2,50.0
fb109453e958c2ec,org/libtorrent4j/alerts/Alerts$15,1,2,50.0
c6436f01fdcf3417,org/libtorrent4j/swig/picker_flags_t,1,28,3.57
64ae308a13509069,org/proninyaroslav/libretorrent/core/model/data/SessionStats$1,1,5,20.0
9be96b2d20c3081f,kotlin/collections/CollectionsKt__CollectionsJVMKt,1,45,2.22
eec69a5aa6e3612e,androidx/appcompat/app/AppCompatActivity$1,1,3,33.33
30869e17574a3fbc,androidx/recyclerview/R$styleable,1,2,50.0
f13bfde81fd6f519,androidx/core/view/NestedScrollingParentHelper,1,10,10.0
24883a6e7ce9b30c,androidx/databinding/ViewDataBinding$1,1,3,33.33
201de405ba4d585f,org/proninyaroslav/libretorrent/core/storage/DatabaseMigration$2,1,3,33.33
4f866dfbc772e55b,androidx/lifecycle/viewmodel/internal/SynchronizedObject,1,1,100.0
b2b54693b896ef41,androidx/recyclerview/widget/RecyclerView$LayoutManager$2,1,11,9.09
c29fc4040ea4b48c,org/libtorrent4j/alerts/Alerts$78,1,2,50.0
f2a41433defb6533,androidx/databinding/ViewDataBinding$2,1,3,33.33
81c6c8dd3cfe686c,androidx/emoji2/text/DefaultEmojiCompatConfig$DefaultEmojiCompatConfigHelper,1,4,25.0
6a985cbd18d53158,org/libtorrent4j/alerts/Alerts$27,1,2,50.0
687bda454d06b887,com/google/android/material/shape/ShapePath$ArcShadowOperation,1,5,20.0
719449e403421873,org/libtorrent4j/alerts/Alerts$19,1,2,50.0
835b28fc65d24bc9,org/acra/collector/DisplayManagerCollector,1,116,0.86
99dae16b38db683c,org/proninyaroslav/libretorrent/core/sorting/TorrentSorting,1,1,100.0
ce7416c4b6300bb9,androidx/core/os/LocaleListCompat$Api24Impl,1,4,25.0
0741d5295a4c5550,androidx/recyclerview/selection/GridModel$SelectionObserver,1,1,100.0
d9da335587854d26,androidx/core/os/LocaleListPlatformWrapper,1,11,9.09
2635a4c25b67177a,androidx/appcompat/widget/AppCompatTextViewAutoSizeHelper$Impl,1,3,33.33
6e458bd2e2704204,org/libtorrent4j/alerts/Alerts$5,1,2,50.0
e628d34a58cfde87,androidx/fragment/app/Fragment$10,1,9,11.11
d41c8fc787ebd118,androidx/appcompat/widget/Toolbar$1,1,5,20.0
45ecf0728ee9f8e6,androidx/work/impl/model/DependencyDao_Impl,1,73,1.37
687dbd28e8f5164c,androidx/work/impl/WorkDatabaseKt,1,1,100.0
1a98fcfd1a75e019,org/libtorrent4j/alerts/Alerts$103,1,2,50.0
94cc7da95599961e,androidx/drawerlayout/widget/DrawerLayout$ChildAccessibilityDelegate,1,6,16.67
7e25b0722d52fccb,com/google/android/material/shape/ShapePath$1,1,5,20.0
c88c7e9b642ea24d,org/libtorrent4j/alerts/Alerts$31,1,2,50.0
cddb162c50f8e308,org/libtorrent4j/alerts/Alerts$91,1,2,50.0
f721ee90c867db2d,org/proninyaroslav/libretorrent/ui/main/drawer/DrawerGroupItem,1,1,100.0
3d4a99b52c425b53,androidx/appcompat/widget/Toolbar$3,1,14,7.14
b2521537b6f56be5,androidx/recyclerview/widget/RecyclerView$EdgeEffectFactory,1,2,50.0
663486362ce86dc5,org/libtorrent4j/alerts/Alerts$85,1,2,50.0
6bf9deadc1f0b558,androidx/work/impl/model/WorkSpecDao_Impl$10,1,2,50.0
e3f2f228b049345c,androidx/databinding/BaseObservable,1,22,4.55
04e91bd5e01dbb6a,androidx/work/impl/model/WorkSpecDao_Impl$11,1,2,50.0
0871d8ade4dc77d7,org/proninyaroslav/libretorrent/R$styleable,1,2,50.0
3114d82926d60c3e,org/libtorrent4j/alerts/Alerts$17,1,2,50.0
00591c08821c882f,org/libtorrent4j/swig/save_state_flags_t,1,28,3.57
b83d494e25e72135,org/proninyaroslav/libretorrent/core/storage/dao/TagInfoDao_Impl$3,1,8,12.5
17cd32053deb405d,org/proninyaroslav/libretorrent/core/model/session/SessionLogger$SessionFilterParams,1,1,100.0
53e69d54bb07c55e,org/proninyaroslav/libretorrent/core/sorting/TorrentSorting$SortingColumns$2,1,5,20.0
fd5c9052fd5b671e,org/proninyaroslav/libretorrent/core/sorting/TorrentSorting$SortingColumns$5,1,5,20.0
373d41f9b0c4f943,org/proninyaroslav/libretorrent/core/sorting/TorrentSorting$SortingColumns$4,1,5,20.0
5531be0be3b452cc,androidx/profileinstaller/ProfileInstaller$1,1,3,33.33
a63edab5420b9cf6,org/libtorrent4j/alerts/Alerts$7,1,2,50.0
bdf5b20d153acbca,androidx/recyclerview/selection/DummyOnItemTouchListener,1,4,25.0
07617c8e0e97c8ec,org/libtorrent4j/alerts/Alerts$89,1,2,50.0
910eb0d21f229992,org/libtorrent4j/alerts/Alerts$8,1,2,50.0
4c9150f039ac2872,androidx/recyclerview/widget/DiffUtil$ItemCallback,1,2,50.0
ef7e5b6b78ebaab8,org/proninyaroslav/libretorrent/core/sorting/BaseSorting,1,4,25.0
8e057d7d0d2640e0,org/proninyaroslav/libretorrent/core/model/session/TorrentSessionImpl$1,1,2,50.0
2d5b3dadf7f61b5e,androidx/databinding/DataBinderMapper,1,2,50.0
84db9b70706314ed,androidx/appcompat/app/AppCompatDelegateImpl$3,1,9,11.11
c95739048177e1bc,androidx/profileinstaller/ProfileVersion,1,5,20.0
ca30f0b8351da907,org/acra/file/Directory$FILES_LEGACY,1,5,20.0
15ac1808839f981c,io/reactivex/schedulers/Schedulers$ComputationHolder,1,2,50.0
4a8ec5188e9150fd,org/libtorrent4j/alerts/Alerts$38,1,2,50.0
391fc5160b8a9b75,androidx/work/impl/model/WorkSpecDao_Impl$1,1,72,1.39
18aa35c27950d550,androidx/work/InputMergerFactory,1,6,16.67
2191ed4b219813b5,org/libtorrent4j/alerts/Alerts$81,1,2,50.0
419cb3624e7dd128,androidx/appcompat/app/ActionBarDrawerToggle$1,1,7,14.29
df6a03c9fd68e2f7,androidx/work/impl/utils/taskexecutor/WorkManagerTaskExecutor$1,1,2,50.0
7b04f606bb6f54dd,org/proninyaroslav/libretorrent/core/model/DownloadsCompletedListener$1,1,13,7.69
06e0c4ab3ed4b272,androidx/appcompat/app/AppLocalesMetadataHolderService$Api24Impl,1,2,50.0
db7a432f00b85391,com/h6ah4i/android/widget/advrecyclerview/animator/RefactoredDefaultItemAnimator$DefaultItemRemoveAnimationManager,1,16,6.25
893c3a63ea0084a2,org/libtorrent4j/alerts/Alerts$42,1,2,50.0
c299e2eb7ee1753f,androidx/core/content/res/ResourcesCompat$Api23Impl,1,3,33.33
50f7d497297cb0d4,io/reactivex/internal/util/AtomicThrowable,1,6,16.67
7308aef5b27d0e74,org/libtorrent4j/alerts/Alerts$13,1,2,50.0
70d5da852be8fb10,org/acra/collector/MemoryInfoCollector,1,35,2.86
4306501641f504b2,org/libtorrent4j/alerts/Alerts$84,1,2,50.0
249196fc6011f743,io/reactivex/internal/functions/Functions$MaxRequestSubscription,1,3,33.33
d39a38257720e3b3,androidx/room/migration/Migration,1,1,100.0
e55da18cf1db76a0,androidx/emoji2/text/EmojiCompat$DefaultSpanFactory,1,2,50.0
82bd04a488f05669,com/h6ah4i/android/widget/advrecyclerview/expandable/RecyclerViewExpandableItemManager$1,1,4,25.0
2a014b0271d6d778,org/libtorrent4j/swig/reopen_network_flags_t,1,28,3.57
0b08cfacb836dca7,androidx/recyclerview/widget/DiffUtil$1,1,3,33.33
c5ea9c7ec7da1841,org/acra/collector/PackageManagerCollector,1,8,12.5
815a288b555ab991,androidx/appcompat/app/ToolbarActionBar$MenuBuilderCallback,1,8,12.5
1f90ca014b67992e,androidx/recyclerview/selection/BandSelectionHelper$1,1,2,50.0
ba7bc0f75a15a55e,androidx/core/widget/EdgeEffectCompat,1,24,4.17
526171b05dc71da6,org/acra/collector/CustomDataCollector,1,3,33.33
406c1030ebe7318d,org/libtorrent4j/alerts/Alerts$62,1,2,50.0
ca7212d8753d1bce,androidx/core/view/ViewCompat$Api20Impl,1,4,25.0
d6193b1237f77890,io/reactivex/internal/subscriptions/BasicIntQueueSubscription,1,3,33.33
ed2d7183077a1f1d,org/proninyaroslav/libretorrent/core/system/DefaultFsModule,1,34,2.94
dd11df7f08455eaa,com/google/android/material/internal/NavigationMenuPresenter$1,1,14,7.14
e035e998355df72d,androidx/recyclerview/selection/SelectionTracker$SelectionPredicate,1,1,100.0
dc74d5ee6212ccb5,androidx/activity/result/ActivityResultRegistry$CallbackAndContract,1,1,100.0
d01918b1834aa305,org/libtorrent4j/alerts/Alerts$16,1,2,50.0
0fa40970de40fff5,androidx/work/impl/model/WorkSpecDao_Impl$8,1,2,50.0
6237b52a253a0d4d,androidx/emoji2/viewsintegration/EmojiKeyListener$EmojiCompatHandleKeyDownHelper,1,2,50.0
863e13d6ba2db576,androidx/core/widget/NestedScrollView$AccessibilityDelegate,1,51,1.96
5cca157c79995cd5,org/proninyaroslav/libretorrent/core/sorting/TorrentSortingComparator,1,5,20.0
5a5cd5ed5f49d6ad,org/libtorrent4j/alerts/Alerts$9,1,2,50.0
ab41b3a9071ab0f0,org/proninyaroslav/libretorrent/receiver/PowerReceiver,1,26,3.85
6c2bdad306e77e50,org/proninyaroslav/libretorrent/ui/main/drawer/TagsAdapter$AbstractViewHolder,1,1,100.0
242dd6e762591d0c,org/acra/plugins/Plugin,1,1,100.0
f94ae8d7acfe2e32,com/google/android/material/floatingactionbutton/FloatingActionButtonImpl$DisabledElevationAnimation,1,2,50.0
184b7ce56b3d7afc,io/reactivex/schedulers/Schedulers$NewThreadHolder,1,2,50.0
7cf2b40eb6b302cb,org/libtorrent4j/alerts/Alerts$28,1,2,50.0
877f39cd973392c1,com/google/android/material/internal/ScrimInsetsFrameLayout$1,1,18,5.56
c49112c793cf28d4,org/libtorrent4j/alerts/Alerts$60,1,2,50.0
19e4a844ee48ff15,com/leinardi/android/speeddial/FabWithLabelView$1,1,8,12.5
83feb64d43fbc155,androidx/appcompat/widget/AppCompatTextViewAutoSizeHelper$Impl23,1,4,25.0
4cdd9380806b29e9,io/reactivex/internal/operators/flowable/FlowableCreate$DropAsyncEmitter,1,2,50.0
f41c8eb7373ac136,androidx/activity/result/contract/ActivityResultContract,1,2,50.0
459e8cccd64ccae1,androidx/profileinstaller/ProfileInstaller$2,1,22,4.55
1c792e3cf83112a1,androidx/recyclerview/selection/DisallowInterceptFilter,1,13,7.69
575531b626308a42,org/acra/file/Directory$CACHE,1,3,33.33
1be1dff4d91f4172,androidx/work/impl/model/WorkNameDao_Impl,1,41,2.44
8f763f66e597b98a,io/reactivex/internal/functions/Functions$TruePredicate,1,2,50.0
93162c9977b38642,io/reactivex/disposables/RunnableDisposable,1,4,25.0
293f089f88c467de,androidx/recyclerview/widget/RecyclerView$LayoutManager$1,1,10,10.0
cafa3cce0830143b,androidx/recyclerview/selection/AutoScroller,1,1,100.0
164a79fee80dd28d,com/google/android/material/floatingactionbutton/FloatingActionButtonImpl$ResetElevationAnimation,1,2,50.0
be5e469d8e0b7ccd,androidx/profileinstaller/ProfileVerifier$CompilationStatus,1,4,25.0
5066cfc191f3c0d4,org/proninyaroslav/libretorrent/ui/main/TorrentListAdapter$KeyProvider,1,5,20.0
d066aa5f1537e492,org/libtorrent4j/alerts/Alerts$74,1,2,50.0
4e12d1fd114b031a,org/proninyaroslav/libretorrent/core/storage/dao/FastResumeDao_Impl,1,29,3.45
5118e0b49983d537,org/proninyaroslav/libretorrent/core/storage/DatabaseMigration$5,1,5,20.0
0b5608634a4a487a,kotlinx/coroutines/internal/Symbol,1,5,20.0
77308dd2627a170b,androidx/work/impl/model/WorkSpecDao_Impl$6,1,2,50.0
4975eec63fd5161f,androidx/emoji2/text/EmojiCompat$MetadataRepoLoaderCallback,1,1,100.0
17e3e11ffddf22ff,org/proninyaroslav/libretorrent/core/storage/DatabaseMigration$1,1,3,33.33
0eafec139ec5dff3,org/acra/file/Directory$FILES,1,3,33.33
ab224f8f794116d3,org/libtorrent4j/alerts/Alerts$87,1,2,50.0
178c23e894e364ab,org/proninyaroslav/libretorrent/core/model/stream/TorrentStreamServer$DLNAFileType,1,6,16.67
04092c9587c7af70,org/libtorrent4j/alerts/Alerts$82,1,2,50.0
3f34f9442799e014,org/libtorrent4j/alerts/Alerts$54,1,2,50.0
c473b2d000718b55,org/libtorrent4j/alerts/Alerts$61,1,2,50.0
e789d893cb1387cc,androidx/work/impl/utils/taskexecutor/TaskExecutor,1,2,50.0
308fbae8f4aa55b3,org/libtorrent4j/alerts/Alerts$105,1,2,50.0
