class_id,class_name,probes_hit,probes_total,pct
bd7f67d34f987e92,okhttp3/CipherSuite,126,130,96.92
6353dc13eb6ccd69,okhttp3/HttpUrl$Builder,115,390,29.49
d785ff28f354ad26,com/google/firebase/components/ComponentRuntime,107,163,65.64
7977247b2e066450,okio/Options$Companion,97,137,70.8
bbb1dd7aa5da1a98,okhttp3/OkHttpClient,95,167,56.89
48968a53f7fe88db,androidx/room/RoomDatabase,93,230,40.43
840bdb0e5593e0f5,okhttp3/OkHttpClient$Builder,85,249,34.14
400e269f6597db3b,kotlinx/coroutines/scheduling/CoroutineScheduler,77,310,24.84
499b2ce49e2cd274,com/google/firebase/FirebaseApp,73,179,40.78
6cc8606b3ca2239f,kotlinx/coroutines/JobSupport,70,755,9.27
31931cd1b2f112fe,kotlinx/coroutines/scheduling/CoroutineScheduler$Worker,69,197,35.03
91137533944508bb,leakcanary/internal/InternalLeakCanary,67,163,41.1
7dce9c1bd407d709,okhttp3/HttpUrl$Companion,66,196,33.67
e31dc597dd9dee92,okhttp3/internal/Util,63,452,13.94
3f8220d3a8a2e12c,com/google/firebase/components/CycleDetector,60,72,83.33
63724b760f68943d,androidx/startup/AppInitializer,58,86,67.44
22ee8597ad76300d,com/google/firebase/messaging/FirebaseMessaging,57,163,34.97
8b6ec6d79019b755,okio/Buffer,51,931,5.48
9eb64b265d018ff5,androidx/lifecycle/LifecycleRegistry,51,144,35.42
7f726bf53cbe70ca,androidx/work/impl/model/WorkSpecDao_Impl,50,1169,4.28
ed77e2f3b9a45a73,com/google/firebase/concurrent/ExecutorsRegistrar,49,60,81.67
7e6bb33990153864,androidx/room/InvalidationTracker,48,216,22.22
d8f3489b5b0a0848,androidx/work/impl/WorkDatabase_Impl,45,122,36.89
3488d861eea7ec02,androidx/core/content/pm/ShortcutManagerCompat,44,317,13.88
32d673aefd248236,leakcanary/LeakCanary$Config,44,157,28.03
fa9788481588474c,org/wikipedia/WikipediaApp,43,151,28.48
43825a6d8f11bc4b,com/google/firebase/FirebaseCommonRegistrar,43,57,75.44
b5720dc6f96404ef,androidx/work/impl/utils/ForceStopRunnable,43,123,34.96
5348637875b37cb7,org/wikipedia/appshortcuts/AppShortcuts$Companion,42,42,100.0
a665a11b9f131cce,androidx/work/impl/WorkManagerImpl,42,188,22.34
2aded622a6a4e711,leakcanary/internal/LeakCanaryFileProvider$Companion,42,121,34.71
ef2c3413026d6e6f,kotlin/text/StringsKt__StringsKt,42,909,4.62
3bddc2797a5e94c7,leakcanary/ServiceWatcher,42,81,51.85
fce4a663859fcfdc,androidx/sqlite/db/framework/FrameworkSQLiteOpenHelper$OpenHelper,41,110,37.27
99154c2d9aa357ae,okhttp3/HttpUrl$Builder$Companion,40,75,53.33
effc93f28c6dd094,androidx/room/RoomDatabase$Builder,40,118,33.9
56cdcabc792e06bc,androidx/core/content/FileProvider,40,126,31.75
4638990adff3dcb6,com/google/android/datatransport/runtime/scheduling/persistence/SchemaManager,40,55,72.73
3f3d2f458f6291e1,com/google/firebase/components/Component$Builder,38,43,88.37
b41bceba882c3152,androidx/core/content/pm/ShortcutInfoCompat$Builder,37,117,31.62
652d6db5a6f5ab0b,shark/AndroidReferenceMatchers$Companion,35,45,77.78
86325645d5786264,org/wikipedia/notifications/NotificationCategory$Companion,35,72,48.61
69c8d20a9bb2017b,kotlin/collections/CollectionsKt___CollectionsKt,34,1782,1.91
d399b53a88e6e55c,leakcanary/AppWatcher,34,52,65.38
3abd9a221d02b3a9,org/wikipedia/notifications/NotificationCategory,34,40,85.0
40fc41034f9bc0c8,okhttp3/ConnectionSpec$Builder,33,71,46.48
a04863457716f7f6,okio/ByteString,32,271,11.81
f3f7dd4c9f161e07,retrofit2/Retrofit,32,114,28.07
1007444e921bf4fd,androidx/work/impl/WorkDatabase_Impl$1,31,151,20.53
1c1ce4dc3f3d9a8a,androidx/room/InvalidationTracker$refreshRunnable$1,31,95,32.63
681fd1a6100b4fb5,kotlinx/coroutines/DispatchedTask,31,90,34.44
27eabea95cff7282,com/google/mlkit/common/internal/CommonComponentRegistrar,31,31,100.0
8df619b30d3d930f,retrofit2/RequestFactory$Builder,30,390,7.69
a1f940b1a8175f72,androidx/core/app/NotificationManagerCompat,30,196,15.31
f6f9faeac39eff85,okhttp3/Request$Builder,29,100,29.0
4652d03833d3ef03,androidx/work/impl/WorkDatabase$Companion,29,32,90.62
94947920ec8092f8,kotlin/text/StringsKt__StringsJVMKt,29,352,8.24
4e24f97f26fa5509,kotlinx/serialization/json/JsonConfiguration,29,66,43.94
f9016ce84e395a37,androidx/room/RoomOpenHelper,28,87,32.18
7c9e45a9151fefb3,com/google/firebase/components/Component,28,49,57.14
d38ba12c1f831b5c,leakcanary/FragmentAndViewModelWatcher,28,36,77.78
2098d1218d7cd246,okhttp3/HttpUrl,28,171,16.37
8e676954b27cc500,com/google/android/datatransport/runtime/scheduling/persistence/SQLiteEventStore,27,362,7.46
3328cbdf8a6ed6dd,com/google/firebase/components/RestrictedComponentContainer,27,50,54.0
7949ee1b08d57cef,leakcanary/LeakCanary,26,33,78.79
76c1305e194cdc22,kotlin/collections/CollectionsKt__CollectionsKt,26,126,20.63
e10c68c6bd5d148a,kotlinx/serialization/json/JsonBuilder,25,73,34.25
213cd079ba71991c,okhttp3/internal/platform/android/AndroidLog,25,51,49.02
0465a56221d70fb4,com/google/firebase/heartbeatinfo/DefaultHeartBeatController,25,70,35.71
1489b5067f8f9176,org/wikipedia/dataclient/WikiSite,25,109,22.94
a1e7e46d36d59b67,retrofit2/Retrofit$Builder,24,49,48.98
11fd61b8c09a00e4,com/google/firebase/messaging/FirebaseMessagingRegistrar,24,24,100.0
e3dabd7fe3227c2c,org/wikipedia/connectivity/ConnectionStateMonitor,24,61,39.34
b8c3572915a5a66b,androidx/sqlite/db/framework/FrameworkSQLiteDatabase,24,126,19.05
e6d309a91a766151,com/google/android/gms/tasks/zzw,24,134,17.91
6a3f16fb0a390d5f,com/google/android/datatransport/runtime/scheduling/jobscheduling/SchedulerConfig,23,47,48.94
e9aea1608ec3fb78,androidx/work/impl/background/systemjob/SystemJobScheduler,23,180,12.78
35f5839ee0559ca0,org/wikipedia/dataclient/ServiceFactory,22,50,44.0
e4297ca781b1e21c,androidx/collection/SimpleArrayMap,22,266,8.27
34f125e2a4f4f6d2,androidx/core/content/pm/ShortcutInfoCompat,22,120,18.33
78f849e66498b6ed,androidx/emoji2/text/EmojiCompat,22,159,13.84
ef55b592f60ad077,com/google/firebase/components/Dependency,22,54,40.74
d94909f4672d2c73,kotlinx/coroutines/internal/LockFreeTaskQueueCore,21,111,18.92
b45bb756719e46be,org/wikipedia/dataclient/okhttp/OkHttpConnectionFactory,21,24,87.5
aef50ee6cfaececa,okio/Segment,20,48,41.67
7a89da6eeef9f404,androidx/room/Room,20,41,48.78
5091e4259b1a4c5f,androidx/work/Configuration,20,35,57.14
f8fcb72aa6ba85aa,org/wikipedia/settings/Prefs,20,750,2.67
f1a09a16ab213750,okio/SegmentPool,20,34,58.82
a17491eb03a82295,com/google/android/datatransport/runtime/TransportRuntime,19,49,38.78
5d230ad930da9e8f,retrofit2/Platform,19,37,51.35
d16051edf8672298,androidx/room/SharedSQLiteStatement,19,21,90.48
9cd3875d88a131c1,com/google/firebase/installations/FirebaseInstallationsRegistrar,19,19,100.0
9685ad6e036fd384,io/reactivex/rxjava3/internal/schedulers/IoScheduler,19,26,73.08
70ed3dac22921b4f,com/google/firebase/heartbeatinfo/HeartBeatInfoStorage,19,109,17.43
367210cd49ce527e,org/wikipedia/dataclient/WikiSite$Companion,19,52,36.54
bfe10bba75b0ec40,com/google/firebase/platforminfo/DefaultUserAgentPublisher,19,20,95.0
f50036a82265c741,okhttp3/ConnectionSpec,19,111,17.12
84d7e95ea229711f,androidx/room/RoomSQLiteQuery,19,51,37.25
0abf642fe73e8f7f,com/google/firebase/ktx/FirebaseCommonKtxRegistrar,19,19,100.0
45f74ca36613ef6d,androidx/sqlite/db/framework/FrameworkSQLiteOpenHelper$lazyDelegate$1,18,29,62.07
3fb64d32bada886f,androidx/sqlite/util/ProcessLock,18,29,62.07
9ca6a582f9b12015,com/google/android/datatransport/runtime/DaggerTransportRuntimeComponent,18,19,94.74
c83e2bb77f409dc4,com/google/android/datatransport/runtime/dagger/internal/DoubleCheck,18,31,58.06
17f8af81e516347f,io/reactivex/rxjava3/internal/schedulers/ComputationScheduler,18,33,54.55
ee4ff5a6b92c3b87,io/reactivex/rxjava3/core/Observable,18,1261,1.43
7c7cf39bdddbd023,okhttp3/internal/platform/Android10Platform,18,54,33.33
c1af5134824a09d3,shark/ObjectInspectors$Companion,18,18,100.0
685d97b7056871c1,com/google/mlkit/common/sdkinternal/MlKitContext,18,54,33.33
4d0e68a7280953bf,androidx/room/RoomDatabase$MigrationContainer,18,65,27.69
c0c594e21712cdf0,kotlin/text/Regex,18,94,19.15
40973991d793f9ff,com/google/firebase/messaging/ProxyNotificationInitializer,18,53,33.96
36a185a21f5184d3,com/google/android/datatransport/runtime/scheduling/persistence/AutoValue_EventStoreConfig$Builder,17,29,58.62
04b79e1ed014cb8e,kotlinx/serialization/internal/PlatformKt,17,131,12.98
482b054e11f4fd1b,kotlin/jvm/internal/Intrinsics,17,127,13.39
1358645cbe80101b,com/google/firebase/messaging/FirebaseMessaging$AutoInit,17,45,37.78
fdb8fec3d370b33a,kotlinx/coroutines/internal/DispatchedContinuation,17,186,9.14
94926208cd778893,kotlinx/serialization/internal/PluginGeneratedSerialDescriptor,17,73,23.29
4ed6ab83a91f5fe3,com/google/android/gms/tasks/zzr,17,25,68.0
af36f7e7c395860b,com/google/android/datatransport/cct/CCTDestination,17,37,45.95
c310e94cb20255e8,org/wikipedia/notifications/NotificationPollBroadcastReceiver$Companion,17,126,13.49
e4e000c0dc8f2d15,curtains/internal/WindowManagerSpy,17,35,48.57
510625886c3de56a,shark/AndroidObjectInspectors$Companion,17,18,94.44
6f0ee8873b175176,kotlin/coroutines/CombinedContext,17,45,37.78
c9dfc17006010174,com/google/firebase/components/EventBus,17,46,36.96
ab9f4c56adfecb34,androidx/work/Logger,16,18,88.89
afbf2e60641c4b8a,com/google/firebase/components/LazySet,16,23,69.57
6eb232a1587862c2,io/reactivex/rxjava3/internal/schedulers/IoScheduler$CachedWorkerPool,16,41,39.02
f743d0fa0c430498,androidx/work/impl/constraints/trackers/Trackers,16,23,69.57
faee59f36d1d99f8,okhttp3/internal/platform/Platform,16,69,23.19
7a7ec77a96d790bd,kotlin/collections/builders/MapBuilder,15,242,6.2
503c72c79d777c5c,com/google/firebase/components/ComponentDiscovery$MetadataRegistrarNameRetriever,15,26,57.69
a3023ce61c0fb4ed,leakcanary/internal/HeapDumpControl,15,49,30.61
069f6997edc38ad8,kotlin/collections/ArraysKt___ArraysKt,14,10166,0.14
3a4143bbdf8e4e33,androidx/sqlite/db/framework/FrameworkSQLiteOpenHelper,14,30,46.67
e9833e152056b7ad,io/reactivex/rxjava3/plugins/RxJavaPlugins,14,243,5.76
13a6843f4330d591,leakcanary/AndroidLeakFixes$Companion,14,54,25.93
fe17750e015183d0,com/google/firebase/FirebaseOptions,14,56,25.0
8b995fdfb2fe1c43,com/google/android/gms/common/api/internal/BackgroundDetector,14,61,22.95
96f494e8f128a8ec,org/wikipedia/analytics/eventplatform/EventPlatformClient,14,29,48.28
f73f55172e500857,androidx/room/RoomSQLiteQuery$Companion,14,30,46.67
1a6f5b9543f5f685,shark/AndroidReferenceMatchers$REFERENCES,14,14,100.0
c5143a0c343867ab,com/android/installreferrer/api/InstallReferrerClientImpl,14,72,19.44
51bbe0ee0bd34faa,kotlinx/coroutines/internal/SystemPropsKt__SystemProps_commonKt,14,27,51.85
f61ca13ee5af6f6c,com/google/firebase/messaging/SyncTask,14,80,17.5
4003fddcb7a93d3e,retrofit2/HttpServiceMethod,14,39,35.9
8c7288574817bb6c,org/wikipedia/settings/PrefsIoUtil,14,33,42.42
ac2a63f50f315f05,com/google/firebase/internal/DataCollectionConfigStorage,14,34,41.18
bfa09f273ef99f30,androidx/work/impl/model/SystemIdInfoDao_Impl,13,74,17.57
fa56cc48b279de1d,androidx/core/app/NotificationChannelCompat,13,70,18.57
8be071e8c7fd7f23,com/google/firebase/provider/FirebaseInitProvider,13,23,56.52
07c506f5ac29b601,androidx/lifecycle/ProcessLifecycleOwner,13,44,29.55
b5959da49986a51e,androidx/collection/LruCache,13,86,15.12
e5f0364b988937f4,com/google/firebase/messaging/Store,13,31,41.94
7403d5e22213fec1,com/google/firebase/tracing/ComponentMonitor,13,14,92.86
d862b8be124e1fed,leakcanary/WorkManagerHeapAnalyzer$validWorkManagerInClasspath$2,13,19,68.42
b60d80e1927f8968,okhttp3/CacheControl$Builder,13,32,40.62
70cbde7fc629c76c,androidx/sqlite/db/SupportSQLiteOpenHelper$Configuration$Builder,13,21,61.9
afb2798a1ef0102d,okhttp3/internal/platform/Platform$Companion,12,61,19.67
f5ae1977b84a4daf,org/wikipedia/analytics/InstallReferrerListener,12,112,10.71
93795ad926c25d7f,com/google/firebase/messaging/TopicsStore,12,31,38.71
eb582329930a895c,io/reactivex/rxjava3/internal/schedulers/NewThreadWorker,12,48,25.0
65c37f83fb120b7d,androidx/work/impl/model/WorkProgressDao_Impl,12,49,24.49
1984b8f5b1c1da23,kotlinx/coroutines/JobSupportKt,12,23,52.17
ffc8be8dec3cce11,androidx/work/impl/constraints/WorkConstraintsTrackerImpl,12,68,17.65
484173cfaf8caf94,retrofit2/Utils,12,186,6.45
11df44fac514db87,androidx/room/RoomOpenHelper$Companion,12,40,30.0
db11c1e0e680407f,com/google/mlkit/nl/languageid/internal/LanguageIdRegistrar,12,12,100.0
5436fb0c96f7bda7,kotlin/coroutines/jvm/internal/ContinuationImpl,12,18,66.67
37eedb2bb7083683,com/google/firebase/messaging/ServiceStarter,12,67,17.91
c59f2e3c02918458,okhttp3/MediaType$Companion,12,45,26.67
403fa4e08b54792c,okhttp3/internal/HostnamesKt,12,104,11.54
ed805666cbdeeede,io/reactivex/rxjava3/internal/functions/Functions,12,47,25.53
64b148d7f9254bbb,kotlinx/coroutines/AbstractCoroutine,12,24,50.0
b9c74661ad923577,kotlin/coroutines/CoroutineContext$Element$DefaultImpls,12,12,100.0
7e746185d1db894d,org/wikipedia/JacocoInstrument/JacocoInstrumentation,12,53,22.64
9ea6a616f04bf779,androidx/work/impl/utils/SerialExecutorImpl,12,19,63.16
e2c25f8c10afadeb,kotlinx/coroutines/DebugKt,11,32,34.38
221936708204eef0,com/google/firebase/messaging/SharedPreferencesQueue,11,76,14.47
8f96beb6592d31b5,com/google/firebase/datatransport/TransportRegistrar,11,11,100.0
5a042063684e5bff,androidx/core/graphics/drawable/IconCompat,11,296,3.72
9c974d0cba3d8182,com/google/firebase/FirebaseApp$GlobalBackgroundStateListener,11,25,44.0
0a67d61c508a0ec6,androidx/sqlite/util/ProcessLock$Companion,11,13,84.62
5950a99a54253744,androidx/work/impl/CleanupCallback,11,12,91.67
bc47e56ab3c2c11e,androidx/lifecycle/Lifecycle$Event,11,20,55.0
a9563e824cd95f04,androidx/work/impl/model/PreferenceDao_Impl,11,30,36.67
4924d01528421d53,io/reactivex/rxjava3/core/Scheduler,11,29,37.93
168f3d43d3255cb5,kotlinx/coroutines/CoroutineStart,11,24,45.83
754cd3e81a7641f4,kotlin/SynchronizedLazyImpl,11,20,55.0
1c63d63272b1bd66,androidx/room/RoomDatabase$JournalMode,11,18,61.11
f3283996ec035884,okhttp3/internal/concurrent/TaskRunner,11,145,7.59
76ece5f1f928f46a,okhttp3/internal/cache/DiskLruCache,11,375,2.93
79195bf2c8f12c89,androidx/emoji2/text/EmojiCompatInitializer,11,14,78.57
7dc5735898e7d099,kotlinx/coroutines/scheduling/WorkQueue,11,121,9.09
fdb17b6c12d8bc0b,io/reactivex/rxjava3/internal/schedulers/SingleScheduler,10,46,21.74
0d8b09e4e4dac883,com/google/firebase/installations/FirebaseInstallations,10,213,4.69
638caf9e7d952104,okio/ByteString$Companion,10,70,14.29
13cb13781c0bd435,kotlinx/serialization/SerializersKt__SerializersJvmKt,10,111,9.01
1be632308ff31e8b,shark/AndroidObjectInspectors,10,14,71.43
cd13d0a6bf6bfbc6,leakcanary/internal/LeakCanaryFileProvider,10,62,16.13
a74d9f5575d78ca7,retrofit2/RequestBuilder,10,108,9.26
9c6d9936660e1aac,kotlin/coroutines/CoroutineContext$plus$1,10,12,83.33
165db649171b4d67,io/reactivex/rxjava3/disposables/CompositeDisposable,10,96,10.42
31a6dd347c61d255,com/google/firebase/components/ComponentDiscovery,10,33,30.3
4d3f0b92cdfdb198,okhttp3/CertificatePinner,10,83,12.05
5607ffc5b447df48,okhttp3/CacheControl,10,66,15.15
01c3dbadbbe94ad6,androidx/arch/core/executor/ArchTaskExecutor,10,21,47.62
53385234f42bf904,com/google/android/datatransport/runtime/scheduling/jobscheduling/AutoValue_SchedulerConfig_ConfigValue$Builder,10,20,50.0
8f522a5ee3b63a74,kotlinx/coroutines/CoroutineDispatcher,10,13,76.92
8ce0830656977d8a,okhttp3/ResponseBody$Companion,10,41,24.39
236aa88358eb4eca,kotlinx/coroutines/CoroutineContextKt,10,68,14.71
f6bd0e7c3b342e10,kotlinx/coroutines/scheduling/TasksKt,10,14,71.43
f9c83a3f946ae92a,leakcanary/AppWatcher$Config,10,73,13.7
0ebaff731a38f4d8,kotlin/coroutines/jvm/internal/BaseContinuationImpl,10,27,37.04
bb22fe80d3cbb956,com/google/firebase/messaging/TopicsSubscriber,10,107,9.35
7f43f79e16901e75,kotlinx/coroutines/internal/LockFreeTaskQueue,9,31,29.03
665591be2ef5e9d0,org/wikipedia/model/EnumCodeMap,9,12,75.0
b0af8c4896a572b4,okhttp3/internal/http/HttpMethod,9,40,22.5
c2637ee4c0d7c5b4,kotlin/internal/jdk8/JDK8PlatformImplementations$ReflectSdkVersion,9,14,64.29
15fe49751b577d86,retrofit2/adapter/rxjava3/RxJava3CallAdapterFactory,9,33,27.27
15683ee012fe1258,okhttp3/RequestBody$Companion,9,50,18.0
33066e5e3e0e486b,androidx/lifecycle/DefaultLifecycleObserverAdapter$WhenMappings,9,16,56.25
76f8013e202c8c9a,com/google/android/datatransport/runtime/scheduling/persistence/EventStoreConfig,9,15,60.0
6db9e13c833ec4cd,kotlin/sequences/SequencesKt___SequencesKt,9,1064,0.85
86db5c353b96fae8,kotlinx/coroutines/internal/DispatchedContinuationKt,9,138,6.52
89a4b264ca7b5a56,com/google/firebase/components/CycleDetector$ComponentNode,9,10,90.0
60bc7614fbad3efc,io/reactivex/rxjava3/internal/schedulers/RxThreadFactory,9,11,81.82
07a34861b30fc887,com/google/firebase/concurrent/CustomThreadFactory,9,11,81.82
aeb5af1f0379eead,com/google/firebase/components/ComponentRuntime$Builder,9,9,100.0
02f727dea87d51e3,com/google/android/datatransport/cct/StringMerger,9,13,69.23
6a2248129c0ccb71,androidx/core/app/NotificationChannelCompat$Api26Impl,9,24,37.5
e4dd8bb2db879158,androidx/sqlite/db/framework/FrameworkSQLiteOpenHelper$OpenHelper$Companion,9,10,90.0
9c4ef7b8418d841a,androidx/lifecycle/Lifecycle$Event$WhenMappings,9,16,56.25
e250d4a054d484df,org/wikipedia/analytics/eventplatform/EventPlatformClient$OutputBuffer,9,50,18.0
0bea667138975a1a,com/google/firebase/components/CycleDetector$Dep,9,13,69.23
e630a7ed6d829b3a,okio/internal/_ByteStringKt,9,683,1.32
936e473e920ac931,org/wikipedia/auth/AccountUtil,9,130,6.92
3a269337e93d47ea,kotlin/ranges/IntProgression,9,33,27.27
4b59b72ffe43c5e9,com/google/firebase/platforminfo/GlobalLibraryVersionRegistrar,9,16,56.25
6f41c47b7a87e9f4,androidx/lifecycle/LifecycleRegistry$ObserverWithState,8,11,72.73
241055e2afe76695,kotlin/coroutines/intrinsics/IntrinsicsKt__IntrinsicsJvmKt,8,38,21.05
13fd9c3be8137f5f,com/google/firebase/installations/Utils,8,17,47.06
b0abaf0e9e36f11e,org/wikipedia/theme/Theme,8,21,38.1
02754ce560470e48,androidx/lifecycle/Lifecycle$State,8,13,61.54
4bab694cc3ca39fa,kotlin/ranges/RangesKt___RangesKt,8,518,1.54
b30698469f1d5cbc,com/google/firebase/components/Lazy,8,14,57.14
46224ec69e1c4fc2,okhttp3/logging/HttpLoggingInterceptor,8,146,5.48
1e083f2c2808e017,androidx/work/impl/Processor,8,168,4.76
a61e3bed1eb63ae0,curtains/internal/WindowManagerSpy$windowManagerClass$2,8,11,72.73
66070d0314619e9b,kotlinx/coroutines/internal/SystemPropsKt,8,8,100.0
eae45a54c09ee229,androidx/lifecycle/ProcessLifecycleInitializer,8,10,80.0
b7a09ee49df8a78e,androidx/core/content/ContextCompat,8,121,6.61
d1894558eb0e7c59,shark/AndroidReferenceMatchers$INPUT_METHOD_MANAGER_IS_TERRIBLE,8,8,100.0
79099ce8f54af35e,okhttp3/TlsVersion,8,12,66.67
27623c318ce9bb9d,leakcanary/internal/LeakCanaryDelegate$loadLeakCanary$2,8,10,80.0
8c407c35d459401b,shark/ObjectInspectors,8,10,80.0
5b864ba2b1a9f5df,androidx/tracing/Trace,8,71,11.27
ab91458839655313,androidx/core/app/NotificationChannelCompat$Builder,8,20,40.0
4c931d2836f36b3f,io/reactivex/rxjava3/internal/util/OpenHashSet,8,48,16.67
79d29c977933f8db,androidx/work/impl/utils/PackageManagerHelper,8,23,34.78
e6112cff5408f230,okhttp3/internal/platform/android/AndroidCertificateChainCleaner$Companion,8,10,80.0
c2ca50cd9f166058,io/reactivex/rxjava3/internal/schedulers/ScheduledRunnable,8,71,11.27
b67c12e0a03ff90b,kotlin/collections/builders/MapBuilder$Companion,8,8,100.0
871379d9b9e8eaf9,org/wikipedia/appshortcuts/AppShortcuts$Companion$setShortcuts$2,8,12,66.67
71261b495196cdfd,okhttp3/Protocol,8,13,61.54
dc73069f6794fb4e,androidx/work/impl/WorkDatabasePathHelper,8,47,17.02
2a5bed1675dad4fd,com/google/android/gms/cloudmessaging/Rpc,8,184,4.35
5b54326bbc037bad,okhttp3/internal/connection/RealConnectionPool,8,132,6.06
e7201ca5bbdfdea0,kotlinx/coroutines/internal/ResizableAtomicArray,8,14,57.14
0f618354ab4fe01d,androidx/sqlite/db/SimpleSQLiteQuery,8,12,66.67
bdedc3d5da06e3a7,org/wikipedia/theme/Theme$Companion,8,11,72.73
ddfab8c829a3e493,curtains/internal/WindowManagerSpy$mViewsField$2,7,8,87.5
ec8c856336997f2d,kotlin/KotlinVersion,7,44,15.91
a2143f629c35f9c5,kotlinx/coroutines/internal/LimitedDispatcher,7,63,11.11
70812e98cce7524e,kotlinx/coroutines/DefaultExecutor,7,126,5.56
be61e6971e115e02,com/google/mlkit/common/internal/MlKitInitProvider,7,14,50.0
7a2031bbf062bb13,androidx/lifecycle/Lifecycling,7,95,7.37
0c7b206133be574b,leakcanary/ServiceWatcher$install$4,7,7,100.0
06303195799ebf71,kotlinx/coroutines/scheduling/CoroutineScheduler$WorkerState,7,9,77.78
f24645e508aca678,io/reactivex/rxjava3/android/schedulers/AndroidSchedulers,7,19,36.84
d8d09ebf8a4f3e73,androidx/sqlite/db/framework/FrameworkSQLiteDatabase$query$cursorFactory$1,7,7,100.0
eaa8e49690965cca,curtains/internal/RootViewsSpy,7,11,63.64
e288d688c3c82dad,okhttp3/MediaType,7,38,18.42
adc284b458f6f32e,kotlinx/serialization/json/JsonKt,7,12,58.33
fe2e14c425545d6b,leakcanary/AndroidLeakFixes,7,9,77.78
c4dad25c28dd0487,leakcanary/internal/LeakCanaryFileProvider$SimplePathStrategy,7,63,11.11
8a9425e6719a7c08,com/google/firebase/messaging/Metadata,7,53,13.21
6198ca2268f229be,com/google/android/gms/internal/mlkit_language_id_common/zzu,7,72,9.72
2dd5d2a742c1a694,org/wikipedia/json/JsonUtil$json$1,7,7,100.0
7eff7ba1c9f64fc0,androidx/lifecycle/LifecycleRegistry$Companion,7,10,70.0
eb19f6382e2098eb,androidx/work/WorkManagerInitializer,7,7,100.0
c4479396b204a9d4,androidx/arch/core/internal/FastSafeIterableMap,7,11,63.64
8526e4fa58b06d6b,androidx/lifecycle/Lifecycle$Event$Companion$WhenMappings,7,12,58.33
c90d544656af77f5,leakcanary/internal/VisibilityTrackerKt,7,7,100.0
c14d2166f832140c,kotlinx/coroutines/internal/ThreadContextKt,7,17,41.18
650ead4f748620ec,org/wikipedia/dataclient/SharedPreferenceCookieManager$Companion,7,12,58.33
2e4244fea5663be3,com/google/android/datatransport/runtime/AutoValue_TransportContext$Builder,7,17,41.18
6a61b1f291b3ce19,androidx/work/impl/background/greedy/GreedyScheduler,7,104,6.73
bf3e1b68cd3ce511,com/google/android/datatransport/runtime/scheduling/jobscheduling/SchedulerConfig$Builder,7,11,63.64
53d22d8b063064a8,retrofit2/adapter/rxjava3/RxJava3CallAdapter,7,21,33.33
1f8712d3b4366d99,kotlinx/coroutines/EventLoop,7,55,12.73
f1b3dc2f047e84ee,org/wikipedia/analytics/InstallReferrerListener$Companion,7,9,77.78
493023016dbaaaa2,com/google/firebase/components/Qualified,7,15,46.67
c918e4deae54c6b9,com/google/android/gms/tasks/zzn,7,16,43.75
07802840106d297f,org/wikipedia/util/ReleaseUtil,7,37,18.92
c2205db275a1bcd6,leakcanary/ObjectWatcher,7,113,6.19
35321f452792a31e,kotlin/internal/ProgressionUtilKt,7,22,31.82
4db93c9b13ef65cc,kotlinx/coroutines/BuildersKt__Builders_commonKt,7,46,15.22
d73574fb9d4ac96e,kotlinx/coroutines/intrinsics/CancellableKt,7,32,21.88
1323b0644cd39780,leakcanary/internal/InternalLeakCanary$isInstantApp$2,6,8,75.0
8bf178ffa8bc43f0,com/google/android/datatransport/runtime/DaggerTransportRuntimeComponent$Builder,6,6,100.0
4b58e155499983e8,okhttp3/Headers$Companion,6,78,7.69
ca78a3ffe49cf5d7,kotlin/coroutines/ContinuationInterceptor$DefaultImpls,6,22,27.27
8be54e2e9314c63f,com/google/android/gms/internal/mlkit_language_id_bundled/zbk,6,9,66.67
9a23b0894d8c8e7d,kotlin/LazyThreadSafetyMode,6,7,85.71
fc7836a7937730d5,androidx/work/impl/Schedulers,6,62,9.68
64ca3641e8b7f3a2,androidx/sqlite/db/SupportSQLiteCompat$Api16Impl,6,17,35.29
13982180267b35b3,leakcanary/internal/HeapDumpControl$backgroundUpdateHandler$2,6,6,100.0
e719874ca51d3740,leakcanary/RemoteWorkManagerHeapAnalyzer$remoteLeakCanaryServiceInClasspath$2,6,7,85.71
f711a449f4726d1f,org/wikipedia/util/UriUtil,6,163,3.68
8687f0148e9bc25c,io/reactivex/rxjava3/internal/schedulers/NewThreadScheduler,6,7,85.71
c6bcb84340864c0d,kotlinx/serialization/json/Json,6,28,21.43
d51eaaab150b887f,com/google/firebase/tracing/FirebaseTrace,6,9,66.67
dfb5a4c97c0cc590,kotlin/collections/MapsKt__MapsKt,6,269,2.23
2b7ede4c34581b98,androidx/core/app/CoreComponentFactory,6,11,54.55
88f1e6f74f842b7e,com/google/android/gms/internal/mlkit_language_id_common/zzq,6,25,24.0
b540adf94e0ef5a9,kotlin/UnsafeLazyImpl,6,13,46.15
a0b88b84320b2a17,kotlinx/coroutines/CompletionStateKt,6,26,23.08
48c4a6821def9081,com/google/firebase/platforminfo/AutoValue_LibraryVersion,6,20,30.0
a194206860c0ba04,io/reactivex/rxjava3/schedulers/Schedulers,6,25,24.0
0b5bb7506f741842,com/google/android/gms/internal/mlkit_common/zzas,6,9,66.67
ed3f2d55e6793d51,kotlin/coroutines/AbstractCoroutineContextElement,6,7,85.71
a3213bc126830d2d,kotlinx/coroutines/JobImpl,6,21,28.57
0e08b0537c28b1da,androidx/lifecycle/LifecycleDispatcher,6,7,85.71
5d55a5208cbe6f64,okhttp3/Headers$Builder,6,73,8.22
d06c0512acd4ca7e,com/google/android/gms/internal/mlkit_language_id_common/zzy,6,9,66.67
d841e2235c70f23a,okhttp3/ConnectionPool,6,9,66.67
0d561f508451e27a,org/wikipedia/dataclient/ServiceFactory$special$$inlined$lruCache$default$1,6,7,85.71
6d6122d458f1eb7b,okhttp3/logging/HttpLoggingInterceptor$Level,6,8,75.0
9b1860c02138c690,androidx/core/util/SparseArrayKt$valueIterator$1,6,9,66.67
008d568525dd67a3,androidx/work/impl/utils/taskexecutor/WorkManagerTaskExecutor,6,7,85.71
744fee1175d51b08,com/google/android/gms/common/internal/StringResourceValueReader,6,6,100.0
7ef8b57f26cb01e7,kotlinx/coroutines/Job$DefaultImpls,6,21,28.57
39da8865478d7a9f,kotlin/collections/CollectionsKt__CollectionsJVMKt,6,42,14.29
ff83e1d82f9c057f,kotlin/collections/EmptyList,6,50,12.0
3bb0ec5c749e4e64,okhttp3/Cache,6,86,6.98
95fac266d5e67f3f,com/google/android/gms/internal/mlkit_common/zzaj,6,25,24.0
792bc007d2704e34,com/google/android/gms/internal/mlkit_language_id_bundled/zbg,6,24,25.0
4aad7b64bb4877fc,kotlin/jvm/internal/CollectionToArray,6,61,9.84
fecc05ae3fb10941,retrofit2/Retrofit$1,6,11,54.55
a5c0028e9b3049e9,androidx/work/impl/constraints/trackers/ConstraintTracker,6,45,13.33
0be8c4a84764ed8c,androidx/core/app/NotificationChannelGroupCompat,6,34,17.65
063e3cc523726f01,okhttp3/internal/platform/android/Android10SocketAdapter$Companion,6,10,60.0
200ce1abc1c7b6f0,curtains/internal/WindowManagerSpy$windowManagerInstance$2,6,8,75.0
471fb56c421356a0,com/google/firebase/messaging/ProxyNotificationPreferences,6,8,75.0
0041f8fa32c884a3,com/google/firebase/components/OptionalProvider,6,26,23.08
f4c80b1615323412,com/google/firebase/platforminfo/LibraryVersionComponent,6,7,85.71
93bd6c2f06bb1e2a,kotlinx/coroutines/CoroutineStart$WhenMappings,6,10,60.0
48429cd5864aadc0,leakcanary/LogcatSharkLog,6,13,46.15
c1e7275fbfa7ae4c,okhttp3/CipherSuite$Companion,6,22,27.27
fa5c50db175012ba,androidx/room/RoomMasterTable,6,6,100.0
84f1db4d146eb4a5,androidx/arch/core/internal/SafeIterableMap,6,73,8.22
51daf982a3e27c3d,kotlin/ranges/IntProgressionIterator,6,14,42.86
9a82801ba2a347a9,kotlin/sequences/SequencesKt__SequencesKt,6,49,12.24
7065d00f1825afd8,androidx/lifecycle/DefaultLifecycleObserverAdapter,6,14,42.86
678e26ce21aa4f3f,androidx/profileinstaller/ProfileInstallerInitializer,6,19,31.58
0a3532139f51c0a0,kotlin/LazyKt__LazyJVMKt,6,11,54.55
5ac38c498b64020b,io/reactivex/rxjava3/internal/schedulers/SchedulerPoolFactory,6,13,46.15
dced38e7c587be67,io/reactivex/rxjava3/internal/schedulers/ComputationScheduler$FixedSchedulerPool,6,21,28.57
f746c2b924b5d94b,leakcanary/WorkManagerHeapAnalyzer,5,23,21.74
466c0598cd4e16b4,okio/_UtilKt,5,76,6.58
8440fe80d07662a5,com/google/android/datatransport/runtime/scheduling/persistence/EventStoreModule_SchemaVersionFactory,5,5,100.0
a4f41a332652c0b0,io/reactivex/rxjava3/internal/schedulers/IoScheduler$EventLoopWorker,5,14,35.71
22eb3b5e4e818774,com/google/android/gms/internal/mlkit_language_id_bundled/zbj,5,68,7.35
b8022f9762634d94,com/google/mlkit/nl/languageid/bundled/internal/ThickLanguageIdRegistrar,5,5,100.0
779d05a8607502ca,com/google/android/datatransport/runtime/scheduling/jobscheduling/Uploader_Factory,5,5,100.0
d0c4b184f6954f58,androidx/startup/InitializationProvider,5,12,41.67
04ae3784555946e0,leakcanary/internal/InternalLeakCanary$isDebuggableBuild$2,5,6,83.33
0604891e8520caae,androidx/lifecycle/Lifecycle$Event$Companion,5,26,19.23
01bedfd2f6ce786d,com/jakewharton/retrofit2/converter/kotlinx/serialization/Factory,5,8,62.5
ad9193ec2aa1e405,com/google/android/gms/tasks/zzm,5,8,62.5
780df840693f686e,okhttp3/internal/platform/android/AndroidCertificateChainCleaner,5,17,29.41
36dd57c8a692b69a,androidx/work/Logger$LogcatLogger,5,41,12.2
3c06e733ce255c22,com/google/android/datatransport/runtime/scheduling/DefaultScheduler_Factory,5,5,100.0
e3f50566fc4ebb41,com/google/firebase/concurrent/SequentialExecutor,5,42,11.9
7e79eb446780231d,androidx/core/content/pm/ShortcutInfoCompatSaver$NoopImpl,5,7,71.43
69c94d974af00f14,kotlinx/coroutines/CoroutineContextKt$hasCopyableElements$1,5,8,62.5
50e813d3979bfd65,com/google/android/datatransport/runtime/time/TimeModule_UptimeClockFactory,5,5,100.0
ff240114ecfffb25,leakcanary/internal/PlumberInstaller,5,12,41.67
16b263314cf45367,kotlin/sequences/ConstrainedOnceSequence,5,6,83.33
bdf0199154eb82ca,kotlin/jvm/internal/TypeIntrinsics,5,209,2.39
5810bfc58cff6969,com/google/android/datatransport/runtime/ExecutionModule_ExecutorFactory,5,5,100.0
a57339fcc518d3e8,androidx/work/impl/utils/PreferenceUtils,5,47,10.64
4946f4898f8ac8df,kotlin/internal/PlatformImplementationsKt,5,40,12.5
6e051e3e66ce4da0,com/google/firebase/installations/remote/RequestLimiter,5,36,13.89
8987ea830bcf3baa,curtains/internal/RootViewsSpy$Companion$install$1$1,5,5,100.0
3fa8d0a324e0d894,com/google/mlkit/common/sdkinternal/SharedPrefManager,5,105,4.76
3ac53ac06abc193e,leakcanary/internal/HeapDumpTrigger,5,206,2.43
416916411a4aeef3,org/wikipedia/dataclient/SharedPreferenceCookieManager,5,86,5.81
e24d87ece48922b3,leakcanary/internal/activity/LeakActivity$Companion,5,13,38.46
0bc2d852d36a7b55,com/google/android/datatransport/runtime/scheduling/persistence/SQLiteEventStore_Factory,5,5,100.0
63b40aa4c48b1e2e,okhttp3/internal/platform/android/AndroidSocketAdapter$Companion,5,16,31.25
70b9358a0686f809,kotlinx/coroutines/scheduling/DefaultIoScheduler,5,13,38.46
03c006a606a6c07d,com/google/firebase/installations/time/SystemClock,5,6,83.33
c8e660faf51bc6c4,okhttp3/Headers,5,76,6.58
96307e2c5c0377d5,com/google/firebase/components/ComponentContainer,5,8,62.5
785fa582b703c6d7,retrofit2/OkHttpCall,5,78,6.41
bc06aa45d0ac42e5,leakcanary/internal/MainProcessAppWatcherInstaller,5,12,41.67
9eecf54e794d0efe,androidx/arch/core/executor/DefaultTaskExecutor,5,27,18.52
1a4f38473bf52ddd,kotlinx/coroutines/internal/LockFreeTaskQueueCore$Companion,5,10,50.0
06f266d81ba30fb9,kotlin/ranges/IntRange,5,35,14.29
2bea69c117113970,com/google/android/datatransport/runtime/backends/CreationContextFactory_Factory,5,5,100.0
13ce9fa750f3f0d0,kotlin/LazyKt__LazyJVMKt$WhenMappings,5,8,62.5
1b0f6c72af9d84b6,com/google/android/datatransport/runtime/scheduling/SchedulingConfigModule_ConfigFactory,5,5,100.0
7672bb14957bb460,com/google/android/datatransport/runtime/scheduling/persistence/SchemaManager_Factory,5,5,100.0
eeff24b9012b8e69,com/google/android/datatransport/runtime/scheduling/persistence/EventStoreModule_StoreConfigFactory,5,5,100.0
57919150b8d91b0a,com/google/android/datatransport/runtime/time/TimeModule_EventClockFactory,5,5,100.0
7f3c4943d110c273,androidx/appcompat/app/AppCompatDelegate,5,120,4.17
c6f09d01164f089a,com/google/android/gms/internal/mlkit_common/zzan,5,71,7.04
5b4a4266a9a4b5cb,com/google/android/datatransport/Priority,5,6,83.33
5187278acd6d6e09,com/google/firebase/messaging/FcmExecutors,5,11,45.45
044d489e549fddde,com/google/android/datatransport/runtime/scheduling/jobscheduling/WorkInitializer,5,7,71.43
a8f3dd4ff2dde2fd,leakcanary/internal/HandlersKt,5,14,35.71
158711b079921062,androidx/core/app/PendingIntentCompat,5,29,17.24
7d040675420194be,okhttp3/internal/platform/Android10Platform$Companion,5,6,83.33
fe778e08a439ea37,com/google/android/datatransport/runtime/backends/MetadataBackendRegistry_Factory,5,5,100.0
5576d3e78fb60fac,retrofit2/adapter/rxjava3/CallEnqueueObservable,5,8,62.5
c8806e9164ec6c4f,androidx/work/Configuration$1,5,6,83.33
22119304cb98ec5e,kotlin/collections/builders/SetBuilder,5,28,17.86
294ebc79756a768b,androidx/core/app/NotificationChannelGroupCompat$Builder,5,5,100.0
09cdc5d65d67ff9c,com/google/android/datatransport/runtime/scheduling/persistence/EventStoreModule_DbNameFactory,5,5,100.0
ee9c7363dab6a1a1,com/google/android/datatransport/runtime/scheduling/jobscheduling/WorkInitializer_Factory,5,5,100.0
5a0c9c80f9c5704a,com/google/android/datatransport/runtime/TransportRuntime_Factory,5,5,100.0
9ac0380208efbd6e,com/google/firebase/concurrent/SequentialExecutor$WorkerRunningState,5,7,71.43
51fb3999cc056b22,kotlin/internal/jdk8/JDK8PlatformImplementations,5,19,26.32
24d17ba33df045cf,shark/AndroidReferenceMatchers$CLIPBOARD_EX_MANAGER,5,5,100.0
d43dc58e511ec72d,kotlinx/coroutines/internal/SystemPropsKt__SystemPropsKt,5,6,83.33
444d4c9435323269,com/google/android/datatransport/runtime/scheduling/SchedulingModule_WorkSchedulerFactory,5,5,100.0
3996cb46b99f2cd8,curtains/Curtains,5,8,62.5
4be834c7b36a838d,shark/AndroidReferenceMatchers,5,14,35.71
d7a17fa9dbc1ac06,androidx/lifecycle/ProcessLifecycleOwner$Companion,5,6,83.33
2c4df5731bbaa564,retrofit2/RequestFactory,5,11,45.45
ef5f4d7e7b3b191f,androidx/core/graphics/drawable/IconCompat$Api23Impl,4,87,4.6
d185c69626a729b3,leakcanary/internal/HandlersKt$mainHandler$2,4,4,100.0
8fa820763d8afa45,leakcanary/AndroidLeakFixes$SAMSUNG_CLIPBOARD_MANAGER,4,17,23.53
40404dd3875422d1,androidx/core/app/NotificationManagerCompat$Api26Impl,4,12,33.33
b9e688a1ebeb6ac6,retrofit2/ServiceMethod,4,8,50.0
7c90639f29bc4622,leakcanary/ActivityWatcher,4,6,66.67
d5113296fadab5c9,leakcanary/ServiceWatcher$install$3,4,4,100.0
bb1c877276850a7c,io/reactivex/rxjava3/android/plugins/RxAndroidPlugins,4,28,14.29
11734261d562aeea,com/google/android/gms/common/util/concurrent/NamedThreadFactory,4,4,100.0
2eba57ebe8961926,retrofit2/BuiltInConverters,4,14,28.57
89ad4a82b5bd5671,okhttp3/OkHttpClient$Companion,4,4,100.0
274f2d9176cdfd0d,org/wikipedia/json/JsonUtil,4,18,22.22
fe157c3e0bf2d8f1,okhttp3/internal/connection/RealCall,4,261,1.53
b1530804807ec088,kotlin/collections/CollectionsKt__MutableCollectionsKt,4,134,2.99
cc89e4f7e8b5e976,kotlin/collections/ArraysKt___ArraysJvmKt,4,1151,0.35
8016295d6a9a021c,leakcanary/AndroidLeakFixes$ACTIVITY_MANAGER,4,6,66.67
6bc505d23b556491,androidx/work/impl/constraints/controllers/NetworkMeteredController,4,19,21.05
8e04e34d4e6f1af0,curtains/Curtains$rootViewsSpy$2,4,4,100.0
3f46c7a7ad397403,kotlinx/serialization/json/JsonImpl,4,6,66.67
72d9a8cba05fd3a8,com/google/android/datatransport/runtime/scheduling/jobscheduling/SchedulerConfig$Flag,4,6,66.67
a157f776c8b0af64,com/google/firebase/components/Preconditions,4,13,30.77
9332226185282e67,kotlin/Result,4,31,12.9
3e15e3cbc1713e95,shark/AndroidReferenceMatchers$ACTIVITY_CHOOSE_MODEL,4,4,100.0
05d2ab1c80560c18,androidx/core/content/FileProvider$SimplePathStrategy,4,42,9.52
2314c843cc8bc545,kotlin/random/Random,4,98,4.08
e0a08c97243c3a95,shark/SharkLog,4,12,33.33
307a777c96351b99,com/google/firebase/StartupTime,4,4,100.0
c30e30003bf8821b,org/wikipedia/analytics/eventplatform/StreamConfig$$serializer,4,25,16.0
008ccc228488aadf,leakcanary/ServiceWatcher$install$4$2,4,16,25.0
8f3daa86e696e1d1,leakcanary/internal/InternalLeakCanary$heapDumpPrefs$2,4,4,100.0
3a90c5a76a77465d,kotlinx/coroutines/internal/ThreadContextKt$countAll$1,4,13,30.77
4afc8bd95d239f19,com/google/android/datatransport/Encoding,4,11,36.36
19799a4e0e527e49,org/wikipedia/page/PageBackStackItem$$serializer,4,20,20.0
bc52e50189bf9384,androidx/room/TransactionExecutor,4,23,17.39
e27b135c929f782e,com/jakewharton/retrofit2/converter/kotlinx/serialization/Serializer,4,4,100.0
ceec65d9bcb6d421,androidx/emoji2/text/DefaultGlyphChecker,4,16,25.0
119cec0f6f8569b1,io/reactivex/rxjava3/internal/operators/observable/ObservableSubscribeOn,4,4,100.0
a7c27629d7794d3b,kotlinx/coroutines/scheduling/SchedulerCoroutineDispatcher,4,22,18.18
9272d73b6d735387,androidx/collection/ArraySet,4,219,1.83
f6a3cd38ca3b0260,okhttp3/internal/concurrent/Task,4,18,22.22
dd490a87e69dba8c,androidx/sqlite/db/SupportSQLiteCompat$Api19Impl,4,6,66.67
ef1483f660fea7fc,kotlin/SafePublicationLazyImpl,4,18,22.22
2fd7520682378c10,com/android/installreferrer/api/InstallReferrerClient$Builder,4,6,66.67
98b47684719ce3a4,leakcanary/RemoteWorkManagerHeapAnalyzer,4,20,20.0
e084a65551dbb300,org/wikipedia/page/tabs/Tab,4,66,6.06
36f32cc4ab3a0d34,leakcanary/ServiceWatcher$activityThreadClass$2,4,4,100.0
c2643176d5b1eae2,kotlin/text/StringsKt__AppendableKt,4,21,19.05
d73b4ba93fe31714,com/google/firebase/messaging/GmsRpc,4,77,5.19
789c99898a845ff9,leakcanary/internal/LeakCanaryDelegate,4,5,80.0
cfbed5e3d2c214f0,shark/AndroidReferenceMatchers$TEXT_TO_SPEECH,4,4,100.0
957c2fdc0f993194,io/reactivex/rxjava3/internal/disposables/DisposableHelper,4,53,7.55
b8203a9dae42c020,io/reactivex/rxjava3/subjects/PublishSubject,4,70,5.71
7fba2703ba9836c4,androidx/room/util/CursorUtil,4,86,4.65
9578fe83bb4775a8,com/google/android/datatransport/runtime/dagger/internal/InstanceFactory,4,9,44.44
44d0797d2108e18e,okhttp3/internal/authenticator/JavaNetAuthenticator,4,62,6.45
23335712041bad6f,kotlinx/serialization/internal/StringSerializer,4,10,40.0
a350215880fa979d,okhttp3/internal/concurrent/TaskRunner$RealBackend,4,16,25.0
44e3e79fb595634e,org/wikipedia/dataclient/mwapi/MwServiceError$$serializer,4,20,20.0
cbe4acc6979ced01,androidx/sqlite/db/SupportSQLiteOpenHelper$Callback,4,73,5.48
d7e74dfb8f922856,androidx/sqlite/db/SupportSQLiteOpenHelper$Configuration,4,9,44.44
73948f79ec285d3d,io/reactivex/rxjava3/internal/observers/LambdaObserver,4,40,10.0
f89b854dae5cedbd,kotlinx/coroutines/DefaultExecutorKt,4,10,40.0
1d775097b57836a7,org/wikipedia/JacocoInstrument/SMSInstrumentedReceiver,4,7,57.14
d34c5dba733dabbe,com/google/android/gms/common/internal/Preconditions,4,49,8.16
50d8e6bee5058518,okhttp3/internal/tls/CertificateChainCleaner$Companion,4,6,66.67
16d230a4c95c61b8,androidx/sqlite/db/SupportSQLiteCompat$Api21Impl,4,4,100.0
3ae6d016f2f70eba,com/google/android/gms/tasks/Tasks,4,95,4.21
3ef8802795afe5ab,androidx/work/impl/constraints/trackers/NetworkStateTracker24,4,23,17.39
99a0a6b7801aa9e8,okhttp3/Dispatcher,4,119,3.36
da7f30a2132bbf0f,androidx/work/impl/constraints/trackers/NetworkStateTrackerKt,4,34,11.76
f54a14bcadd9f2d6,androidx/work/impl/background/systemjob/SystemJobInfoConverter,4,73,5.48
1a2171b4a4ce5058,androidx/sqlite/db/SupportSQLiteOpenHelper$Configuration$Companion,4,4,100.0
49f944320e8cd46b,leakcanary/internal/VisibilityTracker,4,34,11.76
c84f346f9629b53c,shark/AndroidReferenceMatchers$MEDIA_SESSION_LEGACY_HELPER__SINSTANCE,4,4,100.0
55c0b54f71589e86,androidx/room/InvalidationTracker$ObservedTableTracker,4,37,10.81
74292d4cd0761e73,leakcanary/AndroidLeakFixes$LAST_HOVERED_VIEW,4,7,57.14
bb8b41c740779d50,shark/AndroidReferenceMatchers$SEM_CLIPBOARD_MANAGER__MCONTEXT,4,4,100.0
d3a5f00c05f2a12f,androidx/sqlite/db/framework/FrameworkSQLiteProgram,4,11,36.36
c37869796f9822e2,io/reactivex/rxjava3/internal/operators/observable/ObservableSubscribeOn$SubscribeOnObserver,4,10,40.0
a82e6dd021eb939d,com/google/firebase/installations/remote/FirebaseInstallationServiceClient,4,271,1.48
f37ec1f45aa63fa4,leakcanary/AndroidLeakFixes$BUBBLE_POPUP,4,7,57.14
fc3d6612a92d4c8e,shark/AndroidReferenceMatchers$SPAN_CONTROLLER,4,4,100.0
e0e4d6a60b1a5ac2,com/jakewharton/retrofit2/converter/kotlinx/serialization/Serializer$FromString,4,10,40.0
2abcdec61df36e2a,kotlin/collections/EmptyMap,4,31,12.9
3c7b0bb99ba0c3c5,kotlinx/coroutines/JobNode,4,8,50.0
9fdc472ad8c61f98,androidx/emoji2/text/EmojiCompat$Config,4,28,14.29
c2d498a886e6e35a,androidx/work/impl/constraints/controllers/ConstraintController,4,50,8.0
37659cde452f4151,leakcanary/RootViewWatcher,4,6,66.67
ee66498b6a6a4a4a,kotlin/coroutines/AbstractCoroutineContextKey,4,11,36.36
80d8bce7cb3dd0f5,androidx/work/impl/constraints/controllers/NetworkNotRoamingController,4,19,21.05
9171ee0edc0fec87,curtains/internal/RootViewsSpy$Companion,4,4,100.0
1724de1dcb73ca48,shark/AndroidReferenceMatchers$GESTURE_BOOST_MANAGER,3,3,100.0
340f05647ca9fdc8,shark/AndroidReferenceMatchers$CONNECTIVITY_MANAGER_CALLBACK_HANDLER,3,3,100.0
d8058cd252853e41,org/wikipedia/WikipediaApp$mainThreadHandler$2,3,3,100.0
f324d35b9cb534d7,kotlinx/coroutines/ExecutorCoroutineDispatcher$Key,3,3,100.0
66b5567ab6933e78,okhttp3/internal/platform/android/AndroidSocketAdapter,3,46,6.52
c2f2d23261ac7953,androidx/room/DatabaseConfiguration,3,61,4.92
27a11b05bb80d764,leakcanary/LazyForwardingEventListener,3,6,50.0
3e7c3ab484b0203d,okhttp3/internal/platform/android/BouncyCastleSocketAdapter$Companion,3,3,100.0
40713d78289a7dc2,shark/AndroidReferenceMatchers$TOAST_TN,3,3,100.0
414fe26f9e12dd63,shark/AndroidReferenceMatchers$SEM_EMERGENCY_MANAGER__MCONTEXT,3,3,100.0
bc85674cac608fff,shark/AndroidReferenceMatchers$AW_RESOURCE__SRESOURCES,3,3,100.0
884fa7a4f731e08d,shark/AndroidReferenceMatchers$BIOMETRIC_PROMPT,3,3,100.0
5056b0f9738fbb42,shark/AndroidReferenceMatchers$VIEWLOCATIONHOLDER_ROOT,3,3,100.0
36d0ba37054079c0,shark/AndroidReferenceMatchers$EVENT_RECEIVER__MMESSAGE_QUEUE,3,3,100.0
5012d811da345a5a,androidx/room/RoomDatabase$Callback,3,4,75.0
f78bc1707c4ccada,io/reactivex/rxjava3/internal/schedulers/SchedulerPoolFactory$SystemPropertyAccessor,3,3,100.0
ad82a7aa2c02be59,shark/AndroidReferenceMatchers$BACKDROP_FRAME_RENDERER__MDECORVIEW,3,3,100.0
461fbab79b091f23,okhttp3/internal/platform/android/DeferredSocketAdapter,3,20,15.0
c9323898a6daf7fc,shark/AndroidReferenceMatchers$ACCOUNT_MANAGER,3,3,100.0
c6f87bd169fbc45f,shark/AndroidReferenceMatchers$PERSONA_MANAGER,3,3,100.0
63c6408f112552c4,shark/AndroidReferenceMatchers$CONTROLLED_INPUT_CONNECTION_WRAPPER,3,3,100.0
900216ff8a963cc1,com/google/android/datatransport/runtime/backends/MetadataBackendRegistry,3,8,37.5
1b85f5fd0aa95c64,shark/AndroidReferenceMatchers$FINALIZER_WATCHDOG_DAEMON,3,3,100.0
06c54c695bbb19ac,shark/AndroidObjectInspectors$SUPPORT_FRAGMENT,3,5,60.0
34c74cf48a0e7aec,kotlinx/coroutines/JobKt__JobKt,3,93,3.23
30e606b0176781ee,shark/AndroidReferenceMatchers$ANIMATION_HANDLER__ANIMATOR_REQUESTORS,3,3,100.0
3a26374f44e17166,kotlinx/coroutines/scheduling/TaskContextImpl,3,3,100.0
f3b4d0776fa12c90,org/wikipedia/push/WikipediaFirebaseMessagingService$Companion,3,62,4.84
4027bdefea8c07b3,shark/AndroidReferenceMatchers$PERF_MONITOR_LAST_CALLBACK,3,3,100.0
600a758574f33185,androidx/work/WorkManager,3,13,23.08
3d60d2d2969dd82d,shark/AndroidReferenceMatchers$IREQUEST_FINISH_CALLBACK,3,3,100.0
ce712c5668e11bc0,shark/AndroidReferenceMatchers$SYSTEM_SENSOR_MANAGER__MAPPCONTEXTIMPL,3,3,100.0
bb51d773b7a9d29d,shark/AndroidReferenceMatchers$INPUT_MANAGER__M_LATE_INIT_CONTEXT,3,3,100.0
87eb32b3dae4ce99,okio/Timeout,3,94,3.19
49ac494740a8117a,androidx/room/util/DBUtil,3,103,2.91
0e07017df5124b53,com/android/installreferrer/api/InstallReferrerClient,3,3,100.0
d41414bcd77b36ef,androidx/room/SharedSQLiteStatement$stmt$2,3,3,100.0
6d44bb7058a237da,androidx/room/InvalidationLiveDataContainer,3,10,30.0
b55d87d0bb5630b7,okhttp3/internal/platform/android/Android10SocketAdapter,3,25,12.0
dd9c3ad7e26ebc50,shark/AndroidReferenceMatchers$APPLICATION_PACKAGE_MANAGER__HAS_SYSTEM_FEATURE_QUERY,3,3,100.0
ab397c4e4dad03a3,shark/AndroidReferenceMatchers$RAZER_TEXT_KEY_LISTENER__MCONTEXT,3,3,100.0
837aabafa3389a94,leakcanary/ViewLocationHolderLeakFix,3,28,10.71
1a157c53a5d2e212,shark/AndroidReferenceMatchers$EXTENDED_STATUS_BAR_MANAGER,3,3,100.0
4f06e5753d094ef4,okhttp3/CertificatePinner$Builder,3,8,37.5
d7da482699001f6a,com/google/android/datatransport/runtime/SafeLoggingExecutor$SafeLoggingRunnable,3,5,60.0
4836edb9e70d6319,retrofit2/CallAdapter$Factory,3,3,100.0
b0af74a234968106,io/reactivex/rxjava3/schedulers/Schedulers$SingleTask,3,3,100.0
73447b8292a22bfa,shark/AndroidReferenceMatchers$RENDER_NODE_ANIMATOR,3,3,100.0
a5f7be8a9e0a34d6,androidx/appcompat/app/AppLocalesStorageHelper$SerialExecutor,3,18,16.67
1b6fac64cfe3c142,shark/AndroidReferenceMatchers$ACCESSIBILITY_NODE_ID_MANAGER,3,3,100.0
5f863d3906e5ddf7,leakcanary/ServiceWatcher$activityThreadInstance$2,3,4,75.0
7cae259b8f41dfcb,kotlin/collections/CollectionsKt__IterablesKt,3,26,11.54
3c02f318700806d2,shark/ReferencePattern$StaticFieldPattern,3,26,11.54
1e2ca5cdd582c7a7,shark/AndroidReferenceMatchers$HOST_ADPU_SERVICE_MSG_HANDLER,3,3,100.0
7ac7d49a45a73236,com/google/firebase/installations/RandomFidGenerator,3,13,23.08
911b28502a6bf2f7,shark/AndroidReferenceMatchers$IMM_LAST_FOCUS_VIEW,3,3,100.0
5d583770d2957955,kotlin/sequences/SequencesKt__SequencesKt$asSequence$$inlined$Sequence$1,3,3,100.0
3d5befee5c306f73,kotlin/KotlinVersionCurrentValue,3,3,100.0
be149831c588c251,shark/AndroidReferenceMatchers$PLAYER_BASE,3,3,100.0
d4d184c7be59b44c,shark/ReferencePattern$NativeGlobalVariablePattern,3,19,15.79
713d4b8000dc207d,androidx/sqlite/db/framework/FrameworkSQLiteOpenHelper$DBRefHolder,3,3,100.0
8f1ed4f1c45b6d9a,shark/AndroidReferenceMatchers$ACTIVITY_TRANSITION_STATE__M_EXITING_TO_VIEW,3,3,100.0
61f2670f76d48a7f,shark/AndroidReferenceMatchers$DEVICE_POLICY_MANAGER__SETTINGS_OBSERVER,3,3,100.0
48e881432b3638c3,leakcanary/AndroidLeakFixes$VIEW_LOCATION_HOLDER,3,3,100.0
216daaaa4af183b3,okhttp3/internal/concurrent/TaskQueue,3,152,1.97
efcb3f4c8f136d1c,shark/AndroidReferenceMatchers$RESOURCES__MCONTEXT,3,3,100.0
59a6fca35c2fe3a1,shark/AndroidReferenceMatchers$AUDIO_MANAGER__MCONTEXT_STATIC,3,3,100.0
b4f026fcfba6cb09,kotlinx/serialization/internal/ArrayListSerializer,3,24,12.5
afbe568a8c3bafba,shark/AndroidReferenceMatchers$VIEW_GROUP__M_PRE_SORTED_CHILDREN,3,3,100.0
6daf6338b9e7cdcd,androidx/work/impl/utils/SerialExecutorImpl$Task,3,7,42.86
aee617e740585be4,shark/AndroidReferenceMatchers$APP_OPS_MANAGER__CALLBACK_STUB,3,3,100.0
937f87ab184ed64f,org/wikipedia/concurrency/RxBus,3,7,42.86
2378b16a230803fe,io/reactivex/rxjava3/schedulers/Schedulers$ComputationTask,3,3,100.0
15c8f20ef7269a06,androidx/work/impl/constraints/trackers/BroadcastReceiverConstraintTracker,3,7,42.86
eb7c3fd66edd809c,shark/AndroidReferenceMatchers$SPELL_CHECKER,3,3,100.0
e35fd22644f8576d,androidx/work/impl/background/greedy/DelayedWorkTracker,3,15,20.0
c60306ec3ac858cb,shark/AndroidReferenceMatchers$SPEECH_RECOGNIZER,3,3,100.0
a498ba042efcd298,shark/AndroidReferenceMatchers$OEM_SCENE_CALL_BLOCKER,3,3,100.0
fdcd94b2a1ebd39f,kotlinx/coroutines/scheduling/UnlimitedIoScheduler,3,6,50.0
e6dca824102de5ce,kotlinx/coroutines/DispatchedTaskKt,3,88,3.41
743043c226d2e23e,leakcanary/FragmentAndViewModelWatcher$lifecycleCallbacks$1,3,15,20.0
79f44457ef5e31ca,shark/AndroidReferenceMatchers$APP_WIDGET_HOST_CALLBACKS,3,3,100.0
0e636e50bf1b8c66,shark/AndroidReferenceMatchers$SPEN_GESTURE_MANAGER,3,3,100.0
caaf25abf3c29f95,androidx/work/impl/StartStopTokens,3,41,7.32
5f04d5a9ef74c6b0,org/wikipedia/WikipediaApp$Companion,3,4,75.0
7e5f6d232aa732ab,io/reactivex/rxjava3/internal/schedulers/TrampolineScheduler,3,11,27.27
9a9ff09dbcd42d54,shark/AndroidReferenceMatchers$BUBBLE_POPUP_HELPER__SHELPER,3,3,100.0
a0972314e0297838,kotlin/collections/ArrayAsCollection,3,27,11.11
45dccfa401c4b82e,kotlinx/coroutines/Empty,3,6,50.0
e9fd636398eaa9eb,leakcanary/LogcatSharkLog$Companion,3,3,100.0
eccb6f01ecfd949b,shark/AndroidReferenceMatchers$TEXT_LINE__SCACHED,3,3,100.0
4019e555702daed2,shark/AndroidReferenceMatchers$COMPANION_DEVICE_SERVICE__STUB,3,3,100.0
3384a582b97c8ca9,shark/AndroidReferenceMatchers$WINDOW_ON_BACK_INVOKED_DISPATCHER__STUB,3,3,100.0
a40db717adfccd1a,okhttp3/internal/platform/android/ConscryptSocketAdapter,3,22,13.64
eb347f7b6cb8b4e5,okhttp3/Authenticator,3,3,100.0
2a2670b4cfd7f971,shark/AndroidReferenceMatchers$TEXT_VIEW__MLAST_HOVERED_VIEW,3,3,100.0
4c71aeafab17adf1,shark/AndroidReferenceMatchers$MEDIA_PROJECTION_CALLBACK,3,3,100.0
c3678baba4a02028,com/google/firebase/concurrent/UiExecutor,3,6,50.0
43baba5a004bcdf6,retrofit2/Platform$Android,3,7,42.86
b0d56ca2ed934d8f,com/google/firebase/messaging/FcmLifecycleCallbacks,3,32,9.38
ae1ce5c6aa03f5a4,shark/ReferencePattern$JavaLocalPattern,3,19,15.79
7e702b438196b023,shark/AndroidReferenceMatchers$IMM_CURRENT_INPUT_CONNECTION,3,3,100.0
d50881767035a8c1,shark/AndroidReferenceMatchers$ASSIST_STRUCTURE,3,3,100.0
9a074bbb8376a644,androidx/sqlite/db/framework/FrameworkSQLiteStatement,3,7,42.86
02c5e9a5542dabed,leakcanary/ActivityWatcher$lifecycleCallbacks$1,3,14,21.43
9b98f9f509d3ff1b,shark/AndroidReferenceMatchers$LEAK_CANARY_THREAD,3,3,100.0
b77c5b3cf94a91a6,leakcanary/internal/ApplicationsKt,3,4,75.0
e71a04ac50ffb7f2,okhttp3/internal/platform/android/ConscryptSocketAdapter$Companion,3,3,100.0
7e513ff1dc62f928,shark/AndroidReferenceMatchers$LEAK_CANARY_HEAP_DUMPER,3,3,100.0
580bf71d2478079f,leakcanary/AndroidLeakFixes$USER_MANAGER,3,13,23.08
581b2aa9ee07a847,leakcanary/internal/AndroidOFragmentDestroyWatcher,3,8,37.5
576a7ae4b8197162,shark/AndroidReferenceMatchers$MAGNIFIER,3,3,100.0
2f8d9422595e8fe3,kotlinx/coroutines/scheduling/NanoTimeSource,3,3,100.0
de0c7de021a32f06,androidx/work/WorkerFactory,3,22,13.64
22f1850c0c68bedb,shark/AndroidReferenceMatchers$MULTI_WINDOW_DECOR_SUPPORT__MWINDOW,3,3,100.0
a5f5fa4d923df0cb,io/reactivex/rxjava3/schedulers/Schedulers$NewThreadTask,3,3,100.0
15fa4f7af707a8db,kotlin/io/CloseableKt,3,28,10.71
7112598913f6ae19,com/google/android/datatransport/runtime/scheduling/persistence/EventStoreModule,3,5,60.0
34a39f569131ffb1,shark/ReferencePattern$InstanceFieldPattern,3,26,11.54
0148ca2df607c81a,kotlinx/coroutines/Dispatchers,3,12,25.0
3826e54e68a0c8b5,leakcanary/internal/HeapDumpControl$updateICanHasHeapInBackground$1,3,3,100.0
2ca540ad1cbc4533,shark/AndroidReferenceMatchers$ACCESSIBILITY_ITERATORS,3,3,100.0
986a7abafef59181,shark/AndroidReferenceMatchers$ACTIVITY_MANAGER_MCONTEXT,3,3,100.0
d931731d4ac08543,shark/AndroidReferenceMatchers$MAPPER_CLIENT,3,3,100.0
0e657ce482416571,io/reactivex/rxjava3/schedulers/Schedulers$IOTask,3,3,100.0
c270b3b7d14f553a,leakcanary/internal/InternalLeakCanary$registerResumedActivityListener$1,3,16,18.75
384860c846de33ed,shark/AndroidReferenceMatchers$CONNECTIVITY_MANAGER__SINSTANCE,3,3,100.0
57768587d0bc0ffb,shark/AndroidReferenceMatchers$ACTIVITY_THREAD__M_NEW_ACTIVITIES,3,3,100.0
fc90a410f0d7b5eb,shark/AndroidReferenceMatchers$AUDIO_MANAGER,3,3,100.0
8eb2dfbcecc12871,kotlinx/coroutines/scheduling/DefaultScheduler,3,8,37.5
d8f7a36d9954c70e,shark/ReferencePattern,3,3,100.0
3c94025881aa12ac,shark/AndroidReferenceMatchers$VIEW_GROUP__M_CURRENT_DRAG_CHILD,3,3,100.0
f672bc543bad3c40,shark/AndroidReferenceMatchers$MAIN,3,3,100.0
d829696199685dec,shark/AndroidReferenceMatchers$INSTRUMENTATION_RECOMMEND_ACTIVITY,3,3,100.0
24e68d241187e58b,okhttp3/internal/platform/android/BouncyCastleSocketAdapter,3,25,12.0
0a07cc50da4521f2,shark/AndroidReferenceMatchers$SEM_APP_ICON_SOLUTION,3,3,100.0
a1ec6e0e6cb036b0,shark/AndroidReferenceMatchers$LEAK_CANARY_INTERNAL,3,3,100.0
aab46c754e21d503,com/google/android/gms/tasks/TaskCompletionSource,3,8,37.5
258223871b35f333,com/google/android/gms/internal/mlkit_common/zzar,3,5,60.0
98e48d8216c8a5a0,okhttp3/EventListener,3,32,9.38
265af541d3879688,shark/AndroidReferenceMatchers$CLIPBOARD_UI_MANAGER__SINSTANCE,3,3,100.0
578d61efc68e96c1,shark/AndroidReferenceMatchers$ACCESSIBILITY_NODE_INFO__MORIGINALTEXT,3,3,100.0
30c1c0ec62f88491,shark/AndroidReferenceMatchers$LGCONTEXT__MCONTEXT,3,3,100.0
f324c37f40d8a6e1,org/wikipedia/dataclient/mwapi/MwStreamConfigsResponse$Companion,3,3,100.0
fb6041fb02ce7e32,org/wikipedia/dataclient/mwapi/MwStreamConfigsResponse$$serializer,3,20,15.0
02e2ca1b6a176c83,shark/AndroidReferenceMatchers$EDITTEXT_BLINK_MESSAGEQUEUE,3,3,100.0
a00d133852a8bf15,kotlin/collections/SetsKt__SetsJVMKt,3,16,18.75
c1544addb379265f,shark/AndroidReferenceMatchers$BLOCKING_QUEUE,3,3,100.0
34741a98f7e467b9,com/google/android/datatransport/runtime/dagger/internal/Preconditions,3,21,14.29
77edfe054821270d,shark/AndroidReferenceMatchers$MEDIA_SCANNER_CONNECTION,3,3,100.0
65df674bd785f3d6,shark/AndroidReferenceMatchers$SEM_PERSONA_MANAGER,3,3,100.0
c7291e18ffba786e,kotlin/coroutines/intrinsics/CoroutineSingletons,3,5,60.0
a6187b724f08b570,leakcanary/DefaultOnHeapAnalyzedListener$Companion,3,3,100.0
5cb5ac49aa4675a9,shark/AndroidReferenceMatchers$SPELL_CHECKER_SESSION,3,3,100.0
bbfaa1c79d9040b3,kotlin/ranges/IntProgression$Companion,3,3,100.0
a03cc6ff8f595eb9,shark/AndroidReferenceMatchers$STATIC_MTARGET_VIEW,3,3,100.0
0029077ea89a38e5,shark/AndroidReferenceMatchers$SMART_COVER_MANAGER,3,3,100.0
cd1d12a20bf6f360,kotlin/random/FallbackThreadLocalRandom$implStorage$1,3,3,100.0
cc4821d7e87542dc,kotlinx/coroutines/CoroutineDispatcher$Key,3,3,100.0
7251146e2b6da268,shark/AndroidReferenceMatchers$VIEW_CONFIGURATION__MCONTEXT,3,3,100.0
399efcc77e627c60,leakcanary/internal/AndroidXFragmentDestroyWatcher,3,11,27.27
a8c8453341a76b34,androidx/sqlite/db/framework/FrameworkSQLiteOpenHelperFactory,3,3,100.0
d5ca6643fdc3693e,kotlin/collections/CollectionsKt__MutableCollectionsJVMKt,3,19,15.79
669ad8d50756569a,androidx/sqlite/db/SimpleSQLiteQuery$Companion,3,33,9.09
c4f7bc8a62b2f544,shark/AndroidReferenceMatchers$LAYOUT_TRANSITION,3,3,100.0
da52b859a049d5cd,kotlinx/serialization/internal/LinkedHashMapSerializer,3,29,10.34
4a01eae654610327,okio/Options,3,18,16.67
a2e03abb1778a88b,kotlin/random/Random$Default,3,20,15.0
49cce23b8928f561,kotlin/Pair,3,22,13.64
f964e6f2c1d4019d,kotlin/random/FallbackThreadLocalRandom,3,3,100.0
191134eb633df922,shark/AndroidReferenceMatchers$USER_MANAGER__SINSTANCE,3,3,100.0
dbb493014551da17,leakcanary/DefaultOnHeapAnalyzedListener,3,6,50.0
b25af0ae4440614b,androidx/work/impl/WorkDatabase,3,3,100.0
96134c58504d8206,shark/AndroidReferenceMatchers$TEXT_LINE__SCACHED$add$1,2,7,28.57
a3b8fbd887525739,kotlin/UNINITIALIZED_VALUE,2,2,100.0
8dde7744f76c55fa,shark/AndroidReferenceMatchers$SPEN_GESTURE_MANAGER$add$1,2,9,22.22
fcd6438b9858df17,shark/AndroidReferenceMatchers$MEDIA_PROJECTION_CALLBACK$add$1,2,9,22.22
fa735c1e6b21ad5b,com/google/mlkit/common/internal/zza,2,4,50.0
53e1c88966136559,kotlinx/coroutines/ExecutorCoroutineDispatcher$Key$1,2,6,33.33
8a08215081019a7b,okhttp3/TlsVersion$Companion,2,16,12.5
f6f25c67a3fce14d,shark/AndroidReferenceMatchers$VIEW_CONFIGURATION__MCONTEXT$add$1,2,9,22.22
e7995f2c403e90ad,shark/AndroidReferenceMatchers$ACTIVITY_TRANSITION_STATE__M_EXITING_TO_VIEW$add$1,2,9,22.22
5c1a13dda20f3def,com/google/mlkit/nl/languageid/bundled/internal/zba,2,4,50.0
b5ce0ce1d90bc811,shark/AndroidReferenceMatchers$INPUT_METHOD_MANAGER_IS_TERRIBLE$add$5,2,9,22.22
7a1027d2e4c9a93c,okhttp3/EventListener$Companion,2,2,100.0
9ce54f5ae07f1bf8,io/reactivex/rxjava3/core/Flowable,2,1323,0.15
b4ae71ba7036451a,okhttp3/RequestBody,2,18,11.11
d47d9f7e12fe31c7,androidx/work/impl/constraints/controllers/StorageNotLowController,2,8,25.0
706a55191eed13a2,shark/AndroidReferenceMatchers$ACCOUNT_MANAGER$add$1,2,7,28.57
2c334132f04ef572,com/google/android/gms/common/util/PlatformVersion,2,42,4.76
f73d66e93241f3d1,shark/AndroidReferenceMatchers$CONNECTIVITY_MANAGER__SINSTANCE$add$1,2,7,28.57
415e7f9ace1fd090,kotlinx/coroutines/Unconfined,2,7,28.57
f813ddb40f1f5af6,androidx/work/impl/constraints/trackers/NetworkStateTracker24$networkCallback$1,2,8,25.0
b0b6fa9c3685b4f8,shark/AndroidObjectInspectors$WINDOW,2,4,50.0
299cd3f179fb43cc,androidx/core/util/Preconditions,2,73,2.74
fbffcde756aae8e9,shark/AndroidReferenceMatchers$INPUT_METHOD_MANAGER_IS_TERRIBLE$add$1,2,9,22.22
aae123a64512ec0b,com/google/android/gms/cloudmessaging/zzaa,2,4,50.0
5a74ac5a47615111,kotlinx/coroutines/EventLoopImplBase,2,177,1.13
f075b490eb0b2f89,kotlinx/serialization/modules/SerialModuleImpl,2,74,2.7
4c7b854bfe78af26,shark/AndroidObjectInspectors$ANDROIDX_FRAGMENT,2,4,50.0
eddf2fd63f594d3f,kotlin/internal/PlatformImplementations,2,17,11.76
0e3cdd60d42f9703,shark/AndroidReferenceMatchers$USER_MANAGER__SINSTANCE$add$1,2,9,22.22
bae8a35cdddddc1f,androidx/work/impl/Migration_12_13,2,5,40.0
d6625c0087e66df2,androidx/core/util/SparseArrayKt,2,58,3.45
316052440613654f,kotlinx/coroutines/AbstractTimeSourceKt,2,36,5.56
5fc0896594abc274,shark/AndroidReferenceMatchers$APPLICATION_PACKAGE_MANAGER__HAS_SYSTEM_FEATURE_QUERY$add$1,2,7,28.57
500888137a640a03,shark/AndroidReferenceMatchers$INPUT_METHOD_MANAGER_IS_TERRIBLE$add$3,2,9,22.22
574b683d0d673a6c,kotlinx/serialization/internal/AbstractCollectionSerializer,2,27,7.41
d5d9178ced2fc7f3,kotlin/ranges/RangesKt__RangesKt,2,24,8.33
c9936d6356c6e2a4,shark/LibraryLeakReferenceMatcher,2,38,5.26
a8ead833c8fe20b4,leakcanary/AndroidLeakFixes$CONNECTIVITY_MANAGER,2,10,20.0
5a7104ff8c6be245,shark/AndroidReferenceMatchers$IMM_LAST_FOCUS_VIEW$add$1,2,9,22.22
e29c53b955018484,okhttp3/ResponseBody$Companion$asResponseBody$1,2,5,40.0
9d49067aff59accb,kotlinx/coroutines/internal/ContextScope,2,3,66.67
680011d57a5ed328,shark/AndroidReferenceMatchers$STATIC_MTARGET_VIEW$add$1,2,9,22.22
500880fc6947691f,leakcanary/internal/ObjectsKt$NO_OP_HANDLER$1,2,4,50.0
4011ef93d452a37d,shark/AndroidObjectInspectors$CONTEXT_IMPL$leakingObjectFilter$1,2,11,18.18
5b610ced7009f737,okhttp3/internal/tls/OkHostnameVerifier,2,105,1.9
a8aacf293a695d56,retrofit2/HttpServiceMethod$CallAdapted,2,2,100.0
4743f42e5f1f1cb2,okhttp3/Request,2,54,3.7
f3f32c61bac34595,shark/AndroidReferenceMatchers$EDITTEXT_BLINK_MESSAGEQUEUE$add$1,2,7,28.57
f23cd0c5963efc01,androidx/lifecycle/Lifecycle,2,4,50.0
caa0c75570c245f8,retrofit2/Invocation,2,10,20.0
f028a84d0fa42f11,io/reactivex/rxjava3/internal/functions/ObjectHelper,2,10,20.0
cece4a0c97280b38,shark/AndroidObjectInspectors$TOAST,2,4,50.0
38b5418af9d4203c,com/google/android/datatransport/runtime/TransportContext,2,17,11.76
ed7fb73ecae40879,com/google/android/gms/common/util/Strings,2,8,25.0
661b1d4b5afd5171,kotlinx/coroutines/CoroutineExceptionHandler$Key,2,2,100.0
87236abbbcf2598c,leakcanary/ServiceWatcher$install$3$2,2,12,16.67
336c4839b31e50a0,shark/AndroidReferenceMatchers$SYSTEM_SENSOR_MANAGER__MAPPCONTEXTIMPL$add$1,2,13,15.38
50ed59f2b8c978d3,shark/AndroidReferenceMatchers$ACTIVITY_MANAGER_MCONTEXT$add$1,2,10,20.0
22945cc53112ce45,leakcanary/AndroidLeakFixes$ACCESSIBILITY_NODE_INFO,2,4,50.0
326fd86a1662b56a,shark/AndroidObjectInspectors$VIEW_ROOT_IMPL,2,4,50.0
2cb722abb60bf102,shark/AndroidReferenceMatchers$SPELL_CHECKER_SESSION$add$1,2,9,22.22
0c4afcb4fd585c84,com/google/android/datatransport/runtime/time/TimeModule_UptimeClockFactory$InstanceHolder,2,3,66.67
4f21e55ed77e7426,okhttp3/internal/concurrent/TaskRunner$runnable$1,2,28,7.14
0b21360d179f5b99,org/wikipedia/dataclient/okhttp/OfflineCacheInterceptor$Companion,2,13,15.38
cf112f48f0f8099c,shark/AndroidReferenceMatchers$IREQUEST_FINISH_CALLBACK$add$1,2,7,28.57
5aa6fff76c1a000b,com/google/mlkit/common/internal/zze,2,3,66.67
43da1b648e6dff91,retrofit2/CompletableFutureCallAdapterFactory,2,12,16.67
dde05cb447483f5a,okhttp3/Dns,2,2,100.0
1a613915bab19093,androidx/tracing/TraceApi18Impl,2,3,66.67
b8bc9bd634d80eea,shark/AndroidReferenceMatchers$BLOCKING_QUEUE$add$1,2,7,28.57
142085a151e4f139,leakcanary/WorkManagerHeapAnalyzer$workManagerSupportsExpeditedRequests$2,2,7,28.57
28ecc5a7533e6f14,leakcanary/AndroidDebugHeapDumper,2,4,50.0
a138c78e316e8eb3,shark/ReferencePattern$Companion,2,2,100.0
cef8a5ca02be50e2,shark/AndroidReferenceMatchers$PLAYER_BASE$add$1,2,9,22.22
e0e2bf496cb9226e,io/reactivex/rxjava3/core/Scheduler$DisposeTask,2,14,14.29
34e4e4b1c4c6d5ee,shark/AndroidReferenceMatchers$ACCESSIBILITY_ITERATORS$add$1,2,7,28.57
1660b145b2a7f400,androidx/work/impl/constraints/controllers/NetworkMeteredController$Companion,2,2,100.0
c50ba5eaa1247843,leakcanary/AppWatcher$objectWatcher$2,2,7,28.57
c754df30b03469d7,shark/AndroidReferenceMatchers$COMPANION_DEVICE_SERVICE__STUB$add$1,2,7,28.57
2b93899bb039cbbb,shark/AndroidObjectInspectors$ANDROIDX_FRAGMENT$leakingObjectFilter$1,2,11,18.18
e95d736ec17232ca,kotlin/collections/builders/ListBuilderKt,2,38,5.26
35e0566db8262239,okhttp3/internal/connection/RealConnectionPool$Companion,2,4,50.0
41fb1c36701f8447,kotlin/collections/EmptySet,2,28,7.14
18d5d70bd3f34d8e,kotlin/coroutines/EmptyCoroutineContext,2,9,22.22
06e88491b26a61a1,androidx/core/os/HandlerCompat,2,49,4.08
e2269b197d6785e1,shark/AndroidReferenceMatchers$VIEW_GROUP__M_PRE_SORTED_CHILDREN$add$1,2,7,28.57
f945ce86751d2361,org/wikipedia/page/tabs/Tab$Companion,2,3,66.67
6a1e0753e990651e,com/google/mlkit/common/internal/zzf,2,3,66.67
cfa8e931a1827ed2,shark/AndroidReferenceMatchers$TEXT_VIEW__MLAST_HOVERED_VIEW$add$1,2,10,20.0
2a688e11fb2a0699,kotlin/collections/AbstractList$Companion,2,38,5.26
5bcd4d5fc05cef1f,leakcanary/internal/InternalLeakCanary$invoke$1,2,5,40.0
e8ac404867c4d6f1,org/wikipedia/analytics/eventplatform/EventPlatformClient$refreshStreamConfigs$2,2,5,40.0
8049342d927747c5,com/google/firebase/ktx/FirebaseCommonKtxRegistrar$getComponents$$inlined$coroutineDispatcher$3,2,4,50.0
dfd8843fbc459e40,shark/AndroidReferenceMatchers$INPUT_MANAGER__M_LATE_INIT_CONTEXT$add$1,2,7,28.57
71a6e06109c1d9e1,shark/AndroidReferenceMatchers$MEDIA_SCANNER_CONNECTION$add$1,2,7,28.57
78292d33bb702f87,kotlinx/serialization/modules/SerializersModuleKt,2,13,15.38
fe729c61eeaaf549,org/wikipedia/dataclient/mwapi/MwResponse,2,58,3.45
cf4a260e31d18960,okhttp3/internal/connection/RealConnectionPool$cleanupTask$1,2,3,66.67
e6cb904770ce1fb9,leakcanary/internal/InternalLeakCanary$invoke$configProvider$1,2,4,50.0
095b17aec0501f59,shark/AndroidReferenceMatchers$CLIPBOARD_EX_MANAGER$add$1,2,9,22.22
de8ff8c6554e5af8,kotlinx/coroutines/internal/LimitedDispatcherKt,2,6,33.33
1080c2566f039fd1,kotlinx/serialization/internal/ListLikeDescriptor,2,38,5.26
ca2f8087f4b1dc11,com/jakewharton/retrofit2/converter/kotlinx/serialization/DeserializationStrategyConverter,2,5,40.0
03ffcedb5f4ab067,androidx/work/impl/WorkDatabase_AutoMigration_14_15_Impl,2,9,22.22
5808e4c040c76e00,androidx/lifecycle/ProcessLifecycleOwner$attach$1,2,13,15.38
c0c6d3d4b9cf08c5,com/google/mlkit/nl/languageid/internal/zza,2,6,33.33
652c094c96f1208a,com/google/firebase/platforminfo/LibraryVersion,2,2,100.0
8ec0914ef49d610f,androidx/arch/core/executor/DefaultTaskExecutor$1,2,4,50.0
06fe873ba74fd4aa,kotlinx/serialization/descriptors/PrimitiveKind,2,2,100.0
05900823eabc352c,androidx/work/impl/constraints/trackers/BroadcastReceiverConstraintTracker$broadcastReceiver$1,2,4,50.0
b9169ace7a52abae,leakcanary/internal/navigation/NavigatingActivity$Companion$NO_MENU$1,2,4,50.0
9a1398ea0d68d5b6,com/google/firebase/concurrent/SequentialExecutor$QueueWorker,2,38,5.26
23c779325b2723fe,kotlinx/coroutines/internal/ThreadContextKt$findOne$1,2,7,28.57
9ee988d2811abd14,okhttp3/Authenticator$Companion,2,2,100.0
3bffe5f3af7e8b48,shark/AndroidReferenceMatchers$PERF_MONITOR_LAST_CALLBACK$add$1,2,9,22.22
b3d989353b7d73ac,kotlinx/serialization/internal/CollectionSerializer,2,8,25.0
be74214cf048cd31,shark/AndroidReferenceMatchers$INPUT_METHOD_MANAGER_IS_TERRIBLE$add$6,2,7,28.57
76388ba0f6b5c168,kotlinx/coroutines/BuildersKt,2,8,25.0
196559f81876eaad,okhttp3/ResponseBody,2,63,3.17
7a3f301dbf9cbff7,shark/AndroidObjectInspectors$VIEW_ROOT_IMPL$leakingObjectFilter$1,2,27,7.41
7be130c5e7fb8e91,shark/AndroidReferenceMatchers$MEDIA_SESSION_LEGACY_HELPER__SINSTANCE$add$1,2,7,28.57
475f9f0fc0a79aa5,com/google/mlkit/common/internal/zzd,2,3,66.67
6e72b6f6a79bf549,androidx/work/impl/WorkMigration9To10,2,6,33.33
a75553a04373ddd0,leakcanary/AppWatcher$objectWatcher$1,2,3,66.67
b6da1fa66ecf35eb,shark/AndroidReferenceMatchers$ANIMATION_HANDLER__ANIMATOR_REQUESTORS$add$1,2,7,28.57
457bf10033c7f5e2,shark/AndroidReferenceMatchers$HOST_ADPU_SERVICE_MSG_HANDLER$add$1,2,9,22.22
ef2ab58a316c1993,androidx/work/impl/DefaultRunnableScheduler,2,6,33.33
e355065902c885a1,shark/AndroidReferenceMatchers$ACCESSIBILITY_NODE_INFO__MORIGINALTEXT$add$1,2,9,22.22
cd2094e295143ea6,com/android/installreferrer/commons/InstallReferrerCommons,2,9,22.22
b4a270a6145a822c,androidx/room/EntityDeletionOrUpdateAdapter,2,27,7.41
dc47b47048b3eaf7,okhttp3/internal/cache/DiskLruCache$cleanupTask$1,2,22,9.09
1e44ddc54e721f8b,kotlin/ranges/IntRange$Companion,2,3,66.67
33e26e9be00d87f3,com/google/firebase/concurrent/DelegatingScheduledExecutorService,2,43,4.65
da56ee6a16967021,kotlinx/serialization/internal/PrimitiveSerialDescriptor,2,24,8.33
6d597c372ca5c75d,androidx/room/InvalidationTracker$Companion,2,13,15.38
f6827b192442b345,androidx/work/impl/model/WorkProgressDao_Impl$3,2,2,100.0
cc33dd2d5785643d,shark/AndroidReferenceMatchers$INPUT_METHOD_MANAGER_IS_TERRIBLE$add$2,2,9,22.22
844d8bba4c8d81d2,androidx/lifecycle/ProcessLifecycleOwner$initializationListener$1,2,5,40.0
38899f751e963bc2,androidx/work/Configuration$Builder,2,19,10.53
d2e2e084907548be,com/google/mlkit/nl/languageid/internal/zzb,2,4,50.0
def8fda4f41a6deb,leakcanary/internal/navigation/NavigatingActivity$Companion,2,3,66.67
4ac48d1bbff1a281,shark/KeyedWeakReferenceFinder,2,24,8.33
a0004146edf13606,org/wikipedia/dataclient/mwapi/MwResponse$Companion$1,2,4,50.0
9f93d05373bd96c5,org/wikipedia/dataclient/mwapi/MwStreamConfigsResponse,2,18,11.11
8ff21dc0a4d7e420,kotlinx/coroutines/internal/LockFreeLinkedListNode,2,107,1.87
457d589e490c3e3f,kotlinx/coroutines/internal/ThreadContextKt$updateState$1,2,7,28.57
e0624e2c41fe5d69,com/google/mlkit/common/internal/zzh,2,3,66.67
5dda2afbcc24c9de,androidx/work/impl/constraints/controllers/NetworkNotRoamingController$Companion,2,2,100.0
65e3de9dda112bb3,retrofit2/OptionalConverterFactory,2,6,33.33
a447619600c067ce,shark/AndroidReferenceMatchers$SPELL_CHECKER$add$1,2,7,28.57
e20e5a7947a1e535,shark/AndroidReferenceMatchers$LGCONTEXT__MCONTEXT$add$1,2,9,22.22
5ae786c16ca8427b,androidx/work/impl/constraints/trackers/BatteryNotLowTracker,2,28,7.14
6dd14d1375fd6fc3,shark/AndroidReferenceMatchers$SEM_PERSONA_MANAGER$add$1,2,9,22.22
3b0e28b91c162ca3,com/google/android/datatransport/runtime/scheduling/jobscheduling/AutoValue_SchedulerConfig_ConfigValue,2,19,10.53
3753b3a5590fd6fa,okhttp3/internal/cache/DiskLruCache$Companion,2,2,100.0
c16b2f581df4e0c0,shark/AndroidReferenceMatchers$MAGNIFIER$add$1,2,7,28.57
91391340f6fd5f9a,kotlin/SafePublicationLazyImpl$Companion,2,2,100.0
7df757a56efaa789,com/google/firebase/messaging/ktx/FirebaseMessagingKtxRegistrar,2,2,100.0
eb3d76a6359fbb21,org/wikipedia/dataclient/ServiceFactory$special$$inlined$lruCache$default$3,2,7,28.57
6e5f7b7473af95a2,leakcanary/AndroidLeakFixes$IMM_FOCUSED_VIEW,2,18,11.11
e5d14a7695eee17a,androidx/work/impl/constraints/trackers/StorageNotLowTracker,2,28,7.14
1044fcf6024d85c3,kotlinx/coroutines/ExecutorCoroutineDispatcher,2,2,100.0
9fbed298b6c810d0,shark/AndroidObjectInspectors$CONTEXT_WRAPPER,2,39,5.13
67e5ef59d05e1ba0,kotlin/Result$Companion,2,5,40.0
5e821d3192dd1229,shark/AndroidReferenceMatchers$ACTIVITY_CHOOSE_MODEL$add$1,2,9,22.22
d0042d9224d3ca0e,com/google/firebase/ktx/FirebaseCommonKtxRegistrar$getComponents$$inlined$coroutineDispatcher$4,2,4,50.0
57dde82de35b27e0,kotlin/coroutines/ContinuationInterceptor$Key,2,2,100.0
dceedffa4e2cfe6d,kotlin/text/Regex$Companion,2,13,15.38
b85b0d0ebedcf0d5,shark/AndroidReferenceMatchers$MAPPER_CLIENT$add$1,2,9,22.22
f600c8976a4ce785,androidx/room/EntityInsertionAdapter,2,101,1.98
9d6cfc61eb176178,kotlinx/coroutines/NonDisposableHandle,2,6,33.33
7bc783b68e78356f,shark/ReferencePattern$NativeGlobalVariablePattern$Companion,2,2,100.0
c6f25a69689daf6b,shark/AndroidReferenceMatchers$INSTRUMENTATION_RECOMMEND_ACTIVITY$add$1,2,10,20.0
dc2f6cfb2ef77d4d,retrofit2/Platform$Android$MainThreadExecutor,2,3,66.67
77101135433c4e69,shark/AndroidObjectInspectors$MESSAGE_QUEUE$leakingObjectFilter$1,2,17,11.76
835b7910438e02b6,com/google/mlkit/common/internal/zzc,2,5,40.0
57d9a817f279dec1,com/google/firebase/installations/FirebaseInstallations$1,2,4,50.0
927d4f8cfc0c428b,shark/AndroidObjectInspectors$MORTAR_SCOPE$leakingObjectFilter$1,2,13,15.38
897f87867ecb5b4b,org/wikipedia/dataclient/okhttp/OfflineCacheInterceptor,2,130,1.54
d729c2054318cdbc,okhttp3/CacheControl$Companion,2,62,3.23
412417c0b26d3f02,androidx/work/impl/Migration_15_16,2,9,22.22
d57032c6ce06ea20,leakcanary/LogcatEventListener,2,24,8.33
ef1e7ad508cdfe95,okhttp3/Dns$Companion,2,2,100.0
2ffbf2e523e76d6e,com/jakewharton/retrofit2/converter/kotlinx/serialization/KotlinSerializationConverterFactory,2,4,50.0
6076ab6745d5455f,shark/AndroidReferenceMatchers$BACKDROP_FRAME_RENDERER__MDECORVIEW$add$1,2,9,22.22
86c2366f7a2da921,shark/AndroidReferenceMatchers$BUBBLE_POPUP_HELPER__SHELPER$add$1,2,10,20.0
b8afd9438b8f89c1,androidx/work/impl/WorkDatabaseKt,2,2,100.0
eafb055fa937dd31,shark/AndroidMetadataExtractor,2,120,1.67
e32481cd81483007,kotlin/coroutines/CoroutineContext$DefaultImpls,2,3,66.67
de91171aeb9fb1a4,androidx/core/os/UserManagerCompat,2,4,50.0
4c698b599552d9d2,leakcanary/internal/HeapDumpTrigger$Companion,2,2,100.0
5f1ba63170321aa3,leakcanary/FragmentAndViewModelWatcher$Companion,2,3,66.67
7b75be34632f6dd5,androidx/appcompat/widget/VectorEnabledTintResources,2,56,3.57
ebada68abff9b11e,com/google/mlkit/common/internal/zzb,2,4,50.0
d4e57c7d7ddc9e86,org/wikipedia/dataclient/ServiceFactory$special$$inlined$lruCache$default$2,2,7,28.57
4860ee9277690257,shark/AndroidObjectInspectors$TOAST$leakingObjectFilter$1,2,25,8.0
b728cdf74e5a4f4a,kotlin/text/CharsKt__CharJVMKt,2,50,4.0
b8340f5cdae02e5a,shark/AndroidReferenceMatchers$DEVICE_POLICY_MANAGER__SETTINGS_OBSERVER$add$1,2,10,20.0
1a255feb9490028d,okio/Timeout$Companion,2,7,28.57
6cdb65d786db540b,kotlinx/serialization/internal/ArrayListClassDesc,2,3,66.67
3d8a02d8d6407acd,shark/AndroidReferenceMatchers$APP_OPS_MANAGER__CALLBACK_STUB$add$1,2,9,22.22
0f95fd2742d5bb85,kotlinx/serialization/internal/CollectionLikeSerializer,2,22,9.09
fc310d224d34efca,shark/AndroidReferenceMatchers$CLIPBOARD_UI_MANAGER__SINSTANCE$add$1,2,10,20.0
d12035ca33e05cf2,org/wikipedia/dataclient/ServiceFactory$special$$inlined$lruCache$default$4,2,13,15.38
66166c1829e9d81b,leakcanary/internal/AndroidOFragmentDestroyWatcher$fragmentLifecycleCallbacks$1,2,13,15.38
536da9ce2d6a7436,com/google/android/datatransport/runtime/SafeLoggingExecutor,2,2,100.0
2ed32f3f9b899e65,com/google/android/datatransport/runtime/scheduling/persistence/EventStoreModule_DbNameFactory$InstanceHolder,2,3,66.67
347bf6a5d9f1672d,org/wikipedia/analytics/eventplatform/EventPlatformClient$refreshStreamConfigs$1,2,5,40.0
090b60d80feb5a3b,curtains/internal/RootViewsSpy$delegatingViewList$1,2,32,6.25
f4c72f58a40ddb95,leakcanary/internal/HeapDumpControl$iCanHasHeap$dumpHeap$3,2,4,50.0
5a3cfa3ebd46314f,shark/AndroidReferenceMatchers$SEM_APP_ICON_SOLUTION$add$1,2,10,20.0
be9a53f21fc2aebf,shark/AndroidObjectInspectors$CONTEXT_WRAPPER$leakingObjectFilter$1,2,15,13.33
a4baaf8fe631e918,shark/AndroidReferenceMatchers$CONNECTIVITY_MANAGER_CALLBACK_HANDLER$add$1,2,7,28.57
307dadb96f5e5eb8,org/wikipedia/dataclient/mwapi/MwResponse$Companion,2,4,50.0
4b5fe3e83e3012a4,leakcanary/ServiceWatcher$Companion,2,2,100.0
2a82fc483220c0ce,shark/AndroidObjectInspectors$CONTEXT_IMPL,2,4,50.0
e5823d14c3e7ef47,kotlin/comparisons/ComparisonsKt__ComparisonsKt,2,84,2.38
f72133cf59fcf924,okhttp3/internal/connection/RouteDatabase,2,8,25.0
8164929fe55feae4,leakcanary/internal/HeapDumpControl$ICanHazHeap$Nope,2,3,66.67
650aaafb22a6e119,androidx/work/impl/Migration_6_7,2,4,50.0
d5e649f2056b8529,okhttp3/internal/io/FileSystem,2,2,100.0
c3d5eeb446ba2f83,shark/AndroidObjectInspectors$APPLICATION_PACKAGE_MANAGER,2,4,50.0
6389b5f4d5ea47cb,kotlinx/serialization/internal/MapLikeDescriptor,2,46,4.35
30f2a01e909d242c,com/google/firebase/ktx/FirebaseCommonKtxRegistrar$getComponents$$inlined$coroutineDispatcher$1,2,4,50.0
4d8987e359ce77c6,shark/ObjectInspectors$KEYED_WEAK_REFERENCE,2,25,8.0
af77d5570b35157b,androidx/work/impl/constraints/controllers/BatteryChargingController,2,8,25.0
3c9b815da6a0371c,com/google/android/datatransport/runtime/scheduling/persistence/EventStoreModule_SchemaVersionFactory$InstanceHolder,2,3,66.67
ca29175a83106ae2,leakcanary/AndroidLeakFixes$SPELL_CHECKER,2,34,5.88
2cd901f015e0845a,shark/AndroidReferenceMatchers$GESTURE_BOOST_MANAGER$add$1,2,10,20.0
ca7c6a2a30afe46e,androidx/work/InputMergerFactory,2,6,33.33
9a8470afbf1b51a8,shark/AndroidReferenceMatchers$OEM_SCENE_CALL_BLOCKER$add$1,2,9,22.22
6e51afa350126d79,leakcanary/LeakCanary$Config$1,2,6,33.33
a0e252ec537945eb,androidx/work/impl/RescheduleMigration,2,12,16.67
73dfc27b5b772e72,org/wikipedia/WikipediaApp$appSessionEvent$2,2,4,50.0
adaadd9d368a1a1c,com/google/android/gms/common/util/concurrent/zza,2,3,66.67
1a47471edceef513,kotlin/KotlinVersion$Companion,2,2,100.0
b646a678815cb5c6,androidx/work/impl/Migration_7_8,2,4,50.0
bc180c0e9a22ce9d,kotlinx/serialization/json/Json$Default,2,2,100.0
f4bded35baaa4f8d,com/google/firebase/messaging/RequestDeduplicator,2,17,11.76
fe99683a260bbc6a,shark/AndroidReferenceMatchers$RESOURCES__MCONTEXT$add$1,2,9,22.22
a06060fc79f9e5a3,androidx/work/impl/constraints/controllers/NetworkUnmeteredController,2,17,11.76
5ddaaf49a74a311f,shark/AndroidReferenceMatchers$RAZER_TEXT_KEY_LISTENER__MCONTEXT$add$1,2,9,22.22
0ded69141c40547f,shark/AndroidObjectInspectors$VIEW$leakingObjectFilter$1,2,56,3.57
71dca31ead222329,kotlin/coroutines/jvm/internal/DebugProbesKt,2,3,66.67
9275b0baf5404343,shark/AndroidObjectInspectors$EDITOR$leakingObjectFilter$1,2,19,10.53
2f95c80c30e493a7,leakcanary/internal/HeapDumpControl$ICanHazHeap,2,2,100.0
633bd79775807df7,androidx/sqlite/db/framework/FrameworkSQLiteDatabase$Companion,2,2,100.0
60d923e0440ffbd6,com/google/android/datatransport/runtime/time/TimeModule,2,3,66.67
7123c226c5d28a36,shark/AndroidReferenceMatchers$ACCESSIBILITY_NODE_ID_MANAGER$add$1,2,9,22.22
7ac8e641326a9200,org/wikipedia/dataclient/okhttp/TestStubInterceptor,2,8,25.0
2c1abb5cc8f17353,retrofit2/adapter/rxjava3/CallEnqueueObservable$CallCallback,2,27,7.41
7b019e71d2df0342,shark/AndroidObjectInspectors$VIEW,2,4,50.0
07ef89706a471836,androidx/work/impl/Migration_8_9,2,4,50.0
25e096e8944913af,androidx/room/InvalidationTracker$ObservedTableTracker$Companion,2,2,100.0
1e1bda6a653b65a4,okhttp3/CookieJar$Companion,2,2,100.0
9f4dafbb72c75ec1,shark/AndroidReferenceMatchers$SEM_CLIPBOARD_MANAGER__MCONTEXT$add$1,2,10,20.0
76decda6672658aa,androidx/work/impl/constraints/trackers/BatteryChargingTracker,2,36,5.56
14aadd357962cc0a,leakcanary/AndroidLeakFixes$TEXT_LINE_POOL,2,3,66.67
cd1afcdec339eff1,shark/AndroidObjectInspectors$MESSAGE_QUEUE,2,4,50.0
553f19e9c307c2dc,kotlin/Unit,2,3,66.67
fea8bc02738a342e,com/google/firebase/ktx/FirebaseCommonKtxRegistrar$getComponents$$inlined$coroutineDispatcher$2,2,4,50.0
01e6671c2532aec7,com/google/firebase/messaging/Store$Token,2,24,8.33
9757126181f8d1df,shark/AndroidReferenceMatchers$RENDER_NODE_ANIMATOR$add$1,2,9,22.22
8697953e5f8f313e,okhttp3/CertificatePinner$Companion,2,9,22.22
64d88f969740e917,shark/AndroidReferenceMatchers$TEXT_TO_SPEECH$add$1,2,7,28.57
62f8198059ee0f8a,kotlinx/serialization/internal/LinkedHashMapClassDesc,2,2,100.0
0d535b452b98c091,okhttp3/RequestBody$Companion$toRequestBody$2,2,6,33.33
eef9199be7366d76,shark/AndroidObjectInspectors$EDITOR,2,4,50.0
8cbc6f0e225fccc9,okhttp3/internal/tls/CertificateChainCleaner,2,2,100.0
e3eb11a346d499ba,com/google/mlkit/common/sdkinternal/zzo,2,3,66.67
561f53aa76812618,okhttp3/internal/platform/android/AndroidSocketAdapter$Companion$factory$1,2,6,33.33
d769364e626bbe77,shark/AndroidObjectInspectors$ACTIVITY,2,4,50.0
df99bc5917f17975,com/google/android/datatransport/runtime/scheduling/SchedulingModule,2,4,50.0
c598e4053f94eb41,androidx/emoji2/text/EmojiCompatInitializer$BackgroundDefaultLoader,2,13,15.38
b5381bcb3d4e8eed,leakcanary/AppWatcher$objectWatcher$3,2,4,50.0
e6b9d53f816fbfb1,shark/AndroidReferenceMatchers$MULTI_WINDOW_DECOR_SUPPORT__MWINDOW$add$1,2,10,20.0
a6d495113c041298,org/wikipedia/push/WikipediaFirebaseMessagingService,2,16,12.5
89a1fc2c556f6d8d,com/google/android/datatransport/runtime/scheduling/persistence/EventStoreModule_StoreConfigFactory$InstanceHolder,2,3,66.67
479d8a377ee5ee3e,com/google/android/datatransport/runtime/time/TimeModule_EventClockFactory$InstanceHolder,2,3,66.67
4be8e87b741102f6,shark/AndroidReferenceMatchers$SMART_COVER_MANAGER$add$1,2,9,22.22
8f8c918347533c27,leakcanary/internal/InternalLeakCanary$formFactor$2,2,8,25.0
557ff8b945e8c5b9,kotlinx/coroutines/scheduling/Task,2,4,50.0
e62bf3f68f168f5c,okhttp3/CookieJar,2,2,100.0
7ebc893395640f77,shark/AndroidReferenceMatchers$SPAN_CONTROLLER$add$1,2,7,28.57
6c094278f62dd5f6,shark/AndroidObjectInspectors$FRAGMENT$leakingObjectFilter$1,2,13,15.38
8fdbff0824f6418f,leakcanary/internal/HeapDumpControl$ICanHazHeap$SilentNope,2,2,100.0
e78d4047bcd5c6b4,kotlinx/coroutines/CoroutineDispatcher$Key$1,2,6,33.33
994c795a464343e3,com/google/android/datatransport/runtime/AutoValue_TransportContext,2,22,9.09
f45d02ee8745ac4c,shark/AndroidReferenceMatchers$SPAN_CONTROLLER$add$2,2,7,28.57
c42d13414a64f0b7,kotlinx/serialization/internal/MapLikeSerializer,2,49,4.08
cc9212b184619787,kotlin/random/AbstractPlatformRandom,2,10,20.0
ea2a320ac9590cb1,androidx/work/impl/constraints/controllers/NetworkConnectedController,2,15,13.33
39cdd5cfdc2705ed,leakcanary/internal/ObjectsKt,2,6,33.33
7e2f4b992136215c,shark/AndroidReferenceMatchers$AUDIO_MANAGER$add$1,2,7,28.57
e61ef128359c274b,shark/ObjectInspectors$KEYED_WEAK_REFERENCE$leakingObjectFilter$1,2,26,7.69
8b513a941835d412,shark/AndroidReferenceMatchers$SEM_EMERGENCY_MANAGER__MCONTEXT$add$1,2,10,20.0
cf466c5f4dc160df,androidx/work/impl/Migration_3_4,2,6,33.33
ad858a291e0f97ae,androidx/work/impl/Migration_4_5,2,5,40.0
f2b814e7a5fd1db2,io/reactivex/rxjava3/internal/functions/Functions$EmptyConsumer,2,3,66.67
86d1d1bef192c0ea,okhttp3/Cache$Companion,2,61,3.28
df8e8859403ea9f7,shark/AndroidReferenceMatchers$BIOMETRIC_PROMPT$add$1,2,7,28.57
03f8a624499ba26f,shark/AndroidReferenceMatchers$Companion$ALWAYS$1,2,4,50.0
720e4ff04df22635,shark/AndroidObjectInspectors$WINDOW$leakingObjectFilter$1,2,15,13.33
634ad0974ed87b39,kotlinx/coroutines/Job$Key,2,2,100.0
20399d01dd741e73,leakcanary/AndroidLeakFixes$MEDIA_SESSION_LEGACY_HELPER,2,3,66.67
a2a6c8757236c6da,org/wikipedia/dataclient/okhttp/TestStubInterceptor$Companion,2,4,50.0
c84f80803783f90e,leakcanary/AndroidLeakFixes$IMM_CUR_ROOT_VIEW,2,29,6.9
d6b3485b504b28e5,androidx/sqlite/db/framework/FrameworkSQLiteOpenHelper$Companion,2,2,100.0
130ce60f63f530b1,kotlinx/serialization/descriptors/SerialKind,2,4,50.0
31f729df508296e0,androidx/work/impl/Migration_11_12,2,4,50.0
498b692d5fad2956,shark/AndroidReferenceMatchers$APP_WIDGET_HOST_CALLBACKS$add$1,2,7,28.57
c74c817b2806986e,shark/ReferencePattern$StaticFieldPattern$Companion,2,2,100.0
96cb1031997021ed,androidx/work/impl/Migration_1_2,2,7,28.57
b700d3ab5761c5b6,shark/AndroidReferenceMatchers$ACTIVITY_THREAD__M_NEW_ACTIVITIES$add$1,2,9,22.22
b639c70a1ade4560,shark/IgnoredReferenceMatcher,2,4,50.0
2f4ba9a27a5f9238,kotlinx/coroutines/scheduling/CoroutineScheduler$Companion,2,2,100.0
4f3716909a8535ad,androidx/emoji2/text/EmojiCompatInitializer$BackgroundDefaultConfig,2,2,100.0
f2385bf089634e24,shark/AndroidReferenceMatchers$EXTENDED_STATUS_BAR_MANAGER$add$1,2,9,22.22
c6715d2b52cde700,kotlinx/serialization/json/internal/DescriptorSchemaCache,2,20,10.0
946358c37fede5d7,okhttp3/ConnectionSpec$Companion,2,2,100.0
73dc607fb6ebb3d5,shark/AndroidReferenceMatchers$TEXT_TO_SPEECH$add$2,2,7,28.57
b25e21114bdce60e,shark/AndroidReferenceMatchers$AW_RESOURCE__SRESOURCES$add$1,2,9,22.22
b32d284e31a7ec7c,leakcanary/AndroidLeakFixes$Companion$backgroundHandler$2,2,6,33.33
d840f816e2cf345d,shark/AndroidReferenceMatchers$INPUT_METHOD_MANAGER_IS_TERRIBLE$add$4,2,10,20.0
790529015c558297,com/google/android/datatransport/runtime/scheduling/persistence/EventStoreModule_PackageNameFactory,2,5,40.0
00d65e0a82b5caa2,shark/AndroidObjectInspectors$SERVICE,2,4,50.0
fb27b2d8ae28f907,shark/ReferencePattern$InstanceFieldPattern$Companion,2,2,100.0
ab132941cc26a0a2,com/google/android/datatransport/runtime/scheduling/jobscheduling/SchedulerConfig$ConfigValue,2,2,100.0
cca701413ed0fde1,shark/AndroidObjectInspectors$ACTIVITY$leakingObjectFilter$1,2,15,13.33
f9924a1e8136ec65,com/google/android/datatransport/runtime/ExecutionModule_ExecutorFactory$InstanceHolder,2,3,66.67
3be3b92faf35bb0b,com/google/mlkit/common/internal/zzg,2,3,66.67
2dc22a5bd9a8d8c2,shark/AndroidObjectInspectors$FRAGMENT,2,4,50.0
3dd84e221f66ca66,kotlinx/serialization/descriptors/PrimitiveKind$STRING,2,2,100.0
cfdb95d621aa255b,leakcanary/GcTrigger$Default,2,10,20.0
fab4ecb7d477fc8a,com/google/android/gms/tasks/zzz,2,6,33.33
9ce53543dfb75111,androidx/sqlite/db/SupportSQLiteOpenHelper$Callback$Companion,2,2,100.0
4ff92c7ae43388b6,shark/AndroidReferenceMatchers$IMM_CURRENT_INPUT_CONNECTION$add$1,2,10,20.0
4a050fd7a5acb778,okhttp3/internal/concurrent/TaskRunner$Companion,2,3,66.67
abed178684aa9fd3,org/wikipedia/connectivity/ConnectionStateMonitor$Companion,2,2,100.0
085ba4f28657c5e6,okhttp3/logging/HttpLoggingInterceptor$Logger$Companion,2,2,100.0
67cfa243797c0bee,shark/AndroidReferenceMatchers$VIEWLOCATIONHOLDER_ROOT$add$1,2,7,28.57
7f1416d1d9d0d733,com/google/android/gms/internal/cloudmessaging/zzf,2,6,33.33
605d84b81c21afe3,com/google/android/gms/cloudmessaging/zzz,2,3,66.67
ebbcd20dc8b9ce26,shark/AndroidObjectInspectors$SERVICE$leakingObjectFilter$1,2,11,18.18
f73252ed7d43e7a4,com/google/android/datatransport/runtime/time/UptimeClock,2,2,100.0
22050ca58ae0a30e,kotlin/coroutines/jvm/internal/CompletedContinuation,2,7,28.57
6315ab2dfcc86ba4,shark/AndroidReferenceMatchers$CLIPBOARD_EX_MANAGER$add$2,2,9,22.22
8de749a6b8257330,leakcanary/ToastEventListener,2,18,11.11
ff4a7f066147ae56,kotlinx/coroutines/CoroutineScopeKt,2,30,6.67
7b4e704a958a21ea,androidx/work/impl/constraints/controllers/BatteryNotLowController,2,8,25.0
83fe90192d021983,leakcanary/internal/InternalLeakCanary$onRetainInstanceListener$2,2,6,33.33
a542063812470e5b,okio/Segment$Companion,2,2,100.0
a77540d48b78abb1,shark/AndroidReferenceMatchers$WINDOW_ON_BACK_INVOKED_DISPATCHER__STUB$add$1,2,9,22.22
40fb17097737d7a9,shark/AndroidReferenceMatchers$LAYOUT_TRANSITION$add$1,2,9,22.22
e4bfac094255dd8e,com/google/firebase/messaging/TopicOperation,2,31,6.45
2c6de41546bcc1b7,shark/AndroidReferenceMatchers$VIEW_GROUP__M_CURRENT_DRAG_CHILD$add$1,2,9,22.22
6cd9432ca83fa8bf,io/reactivex/rxjava3/subjects/Subject,2,3,66.67
dd420b8a34c5c58f,shark/AndroidReferenceMatchers$ASSIST_STRUCTURE$add$1,2,9,22.22
41dc88edea6cd4df,retrofit2/adapter/rxjava3/BodyObservable$BodyObserver,2,22,9.09
798a5e48d6b30ef8,shark/AndroidReferenceMatchers$PERSONA_MANAGER$add$1,2,9,22.22
90992f660dabfdd9,okhttp3/internal/io/FileSystem$Companion,2,2,100.0
fa9182240ce533c1,okhttp3/logging/HttpLoggingInterceptor$Logger,2,2,100.0
2fe6c4391938fd73,shark/ReferenceMatcher,2,2,100.0
ad04e71796b7db32,kotlinx/serialization/modules/SerializersModule,2,9,22.22
04dd5b5facbb1ca4,shark/AndroidReferenceMatchers$AUDIO_MANAGER__MCONTEXT_STATIC$add$1,2,9,22.22
a94ee697109cd0e5,androidx/arch/core/internal/SafeIterableMap$Entry,2,14,14.29
47b66e926806f686,leakcanary/internal/HeapDumpControl$testClassName$2,2,4,50.0
040c9c3ed52b7abf,leakcanary/internal/HeapDumpControl$hasLeakAssertionsClass$2,2,7,28.57
19450473b1701be1,shark/AndroidReferenceMatchers$SPEECH_RECOGNIZER$add$1,2,7,28.57
bd70fb65a2ffa343,com/google/android/datatransport/runtime/scheduling/persistence/AutoValue_EventStoreConfig,2,24,8.33
df56f060f86860f7,shark/AndroidReferenceMatchers$SEM_CLIPBOARD_MANAGER__MCONTEXT$add$2,2,10,20.0
92861b7b02b7acfe,leakcanary/internal/AndroidXFragmentDestroyWatcher$fragmentLifecycleCallbacks$1,2,15,13.33
30287b3d48b3dc10,org/wikipedia/LeakCanaryStubKt,2,2,100.0
eaf425c9014b09ce,kotlin/collections/AbstractList,2,30,6.67
841fbf76b0c7e412,com/google/android/datatransport/runtime/scheduling/DefaultScheduler,2,19,10.53
adc771b521bc020e,kotlinx/coroutines/JobKt,2,29,6.9
6d28f9ccbe0b452d,shark/ReferencePattern$JavaLocalPattern$Companion,2,2,100.0
998c486564d8d2fe,shark/AndroidObjectInspectors$APPLICATION_PACKAGE_MANAGER$leakingObjectFilter$1,2,15,13.33
c3adf85259386d1e,shark/AndroidObjectInspectors$MORTAR_SCOPE,2,4,50.0
49f101a255affa1b,okhttp3/Protocol$Companion,2,11,18.18
35597fafe6a123a5,leakcanary/internal/HeapDumpControl$hasTestClass$2,2,7,28.57
c8b1cfc88a2b12a6,androidx/room/RoomDatabase$Companion,2,2,100.0
1e7f1f4573bcb573,leakcanary/AndroidLeakFixes$FLUSH_HANDLER_THREADS,2,7,28.57
96b8a6d497c8a85d,okhttp3/internal/platform/android/AndroidLogHandler,2,6,33.33
355e4a025cbbec1b,shark/AndroidReferenceMatchers$CLIPBOARD_EX_MANAGER$add$3,2,9,22.22
03bcf6e0987a4d25,androidx/core/content/pm/ShortcutInfoCompatSaver,1,2,50.0
fc5b338fc90e86cb,com/google/android/gms/internal/mlkit_language_id_bundled/zbd,1,34,2.94
e7c5fa5396644be1,com/google/android/datatransport/runtime/scheduling/jobscheduling/Uploader,1,91,1.1
b9b33fa9fe9e58a5,androidx/work/impl/model/WorkSpecDao_Impl$6,1,2,50.0
b518a37ea0d74686,okhttp3/logging/HttpLoggingInterceptor$Logger$Companion$DefaultLogger,1,3,33.33
bffe630cd6c55a73,shark/AndroidObjectInspectors$RECOMPOSER,1,3,33.33
398bba3562b0b14b,shark/AndroidObjectInspectors$Companion$createLeakingObjectFilters$2$1,1,3,33.33
1fef45833b118909,androidx/work/impl/model/WorkSpecDao_Impl$7,1,2,50.0
bf8ea36b7e5e32cc,androidx/work/WorkerFactory$1,1,2,50.0
af98d2332565f0b7,org/wikipedia/dataclient/okhttp/CommonHeaderRequestInterceptor,1,14,7.14
ad3ddfe63075ca21,androidx/work/impl/model/WorkSpecDao_Impl$4,1,2,50.0
1e5032f7960d523a,com/google/android/gms/internal/mlkit_language_id_common/zzm,1,13,7.69
02b51e3a6a14ee06,com/google/android/gms/internal/mlkit_language_id_common/zzaf,1,2,50.0
b81e5348b898330d,com/google/android/gms/internal/mlkit_common/zzac,1,36,2.78
825099ed914daa24,androidx/room/migration/Migration,1,1,100.0
aeda1f501a237371,com/google/android/gms/tasks/zzu,1,2,50.0
1f4cc7b7a1614140,okio/Timeout$Companion$NONE$1,1,4,25.0
32935e907d2d01dd,com/google/android/gms/internal/mlkit_common/zzaz,1,2,50.0
656416ceb3f760ab,leakcanary/internal/activity/LeakActivity,1,121,0.83
b1b7e2f811a47217,shark/AndroidObjectInspectors$MESSAGE,1,3,33.33
0b5608634a4a487a,kotlinx/coroutines/internal/Symbol,1,5,20.0
c7fefde87524563a,org/wikipedia/dataclient/okhttp/UnsuccessfulResponseInterceptor,1,6,16.67
771f3764c897b1f9,org/wikipedia/BuildConfig,1,2,50.0
e09c412c9cb8e42f,io/reactivex/rxjava3/internal/util/Pow2,1,6,16.67
a09b3ca0f9a044b1,io/reactivex/rxjava3/internal/functions/Functions$NullProvider,1,2,50.0
48a811385e4f76eb,shark/AndroidReferenceMatchers$Companion$libraryLeak$1,1,4,25.0
4397feb13cb740a4,org/wikipedia/dataclient/okhttp/CacheControlInterceptor,1,16,6.25
803c7d6bc1848d91,io/reactivex/rxjava3/schedulers/Schedulers$SingleHolder,1,2,50.0
4b6dd984e95192e0,androidx/core/util/ObjectsCompat,1,23,4.35
2b6ce2811447dcf5,androidx/core/os/UserManagerCompat$Api24Impl,1,2,50.0
67609d99716142f4,androidx/work/impl/model/WorkSpecDao_Impl$3,1,2,50.0
e4d45ade0295fdef,com/google/android/gms/internal/mlkit_language_id_bundled/zbl,1,2,50.0
d2e2107097cb24db,org/wikipedia/WikipediaFileProvider,1,1,100.0
41723388b4c07fb9,androidx/fragment/app/FragmentManager$FragmentLifecycleCallbacks,1,15,6.67
92cc80e0ac289f90,com/google/android/datatransport/runtime/backends/CreationContextFactory,1,2,50.0
b4d6098fe505d1ff,kotlin/jvm/internal/Lambda,1,3,33.33
aa9538acc706a49c,shark/AndroidObjectInspectors$APPLICATION,1,3,33.33
632b5c4c4c97825c,com/google/android/datatransport/runtime/ExecutionModule,1,2,50.0
05f3417099653c54,io/reactivex/rxjava3/internal/operators/observable/ObservableObserveOn,1,6,16.67
4f42db3eb8cdbd0b,org/wikipedia/dataclient/okhttp/DefaultMaxStaleRequestInterceptor,1,14,7.14
fc259e7d2f7cf498,kotlinx/coroutines/StandaloneCoroutine,1,2,50.0
2d9d4d6fc9e170d6,androidx/work/impl/model/WorkSpecDao_Impl$13,1,2,50.0
6952b6c9defbb0a9,org/wikipedia/dataclient/WikiSite$Creator,1,5,20.0
02b2eed011079cb4,kotlin/coroutines/ContinuationInterceptor,1,1,100.0
a3a1578cb8774d86,androidx/work/impl/model/WorkProgressDao_Impl$2,1,2,50.0
ba2452287e08cfee,com/google/android/datatransport/runtime/TransportFactoryImpl,1,5,20.0
995a2f2c10e34765,androidx/emoji2/text/EmojiCompat$CompatInternal19,1,25,4.0
ee66ab4f3fb04b6e,leakcanary/RootViewWatcher$listener$1,1,20,5.0
2e4f7ad53f57f1c2,androidx/core/content/ContextCompat$Api21Impl,1,4,25.0
0437f519c464ef45,shark/AndroidObjectInspectors$LOADED_APK,1,3,33.33
595df01a19947af5,androidx/versionedparcelable/CustomVersionedParcelable,1,3,33.33
675a2463b862417c,shark/ObjectInspectors$ANONYMOUS_CLASS,1,25,4.0
4ccf3e732cf41461,leakcanary/internal/navigation/NavigatingActivity,1,213,0.47
172ef3c21d6cbbad,com/google/firebase/messaging/FirebaseMessagingService,1,73,1.37
b986756c54b4a20f,androidx/work/impl/model/WorkSpecDao_Impl$11,1,2,50.0
a8605bf104608da2,shark/AndroidObjectInspectors$CONTEXT_FIELD,1,32,3.12
310c836a68f678f9,org/wikipedia/dataclient/okhttp/TitleEncodeInterceptor,1,11,9.09
bdb8e115bd34abf7,androidx/work/impl/utils/taskexecutor/WorkManagerTaskExecutor$1,1,2,50.0
3f68ccbf96633fdb,com/google/android/datatransport/runtime/backends/MetadataBackendRegistry$BackendFactoryProvider,1,51,1.96
94ccd90a1d209a91,kotlinx/serialization/internal/PluginGeneratedSerialDescriptor$childSerializers$2,1,7,14.29
a8f5e83cfcbfee0d,androidx/profileinstaller/ProfileInstallerInitializer$Result,1,1,100.0
da10f85b11dc3114,androidx/core/content/ContextCompat$Api24Impl,1,4,25.0
28cf5c53d1ff9fe5,kotlinx/serialization/SerializersKt,1,19,5.26
0c09f483ea24c024,io/reactivex/rxjava3/internal/operators/observable/AbstractObservableWithUpstream,1,2,50.0
57ef8fb675447796,androidx/arch/core/executor/TaskExecutor,1,5,20.0
cdef18343d8962ca,leakcanary/internal/HeapDumpTrigger$scheduleDismissRetainedCountNotification$1,1,3,33.33
56ef45f5072eaeae,com/google/android/gms/internal/mlkit_language_id_common/zzk,1,34,2.94
aa6377d2e1936e81,io/reactivex/rxjava3/internal/schedulers/IoScheduler$ThreadWorker,1,3,33.33
41757741f92dd5be,shark/AndroidObjectInspectors$INPUT_METHOD_MANAGER,1,3,33.33
51de082f7901424f,org/wikipedia/dataclient/ServiceFactory$LanguageVariantHeaderInterceptor,1,9,11.11
872eb5b03c61341e,io/reactivex/rxjava3/internal/functions/Functions$EmptyAction,1,3,33.33
776f2dfa654afd3b,shark/AndroidObjectInspectors$MAIN_THREAD,1,3,33.33
ce72278f93f140e9,io/reactivex/rxjava3/internal/functions/Functions$MaxRequestSubscription,1,3,33.33
6f2eb524fa2b12c6,com/google/android/gms/internal/tasks/zza,1,2,50.0
9abadc14cdf099b5,kotlin/TuplesKt,1,5,20.0
895ecfe56502f946,kotlin/collections/IntIterator,1,4,25.0
b04921c908520ac3,shark/AndroidObjectInspectors$MORTAR_PRESENTER,1,3,33.33
43ebb4e0939bf789,androidx/work/impl/AutoMigration_14_15,1,6,16.67
c00fb0c3b08a135c,androidx/lifecycle/DefaultLifecycleObserver,1,6,16.67
394e2d9777faa00a,kotlin/coroutines/intrinsics/IntrinsicsKt__IntrinsicsKt,1,4,25.0
cdd644cfb2a3e88c,okhttp3/internal/platform/android/BouncyCastleSocketAdapter$Companion$factory$1,1,9,11.11
2cc0e55deef0ac52,com/google/firebase/components/ComponentRegistrarProcessor,1,1,100.0
59ec0b4a8a9cb370,com/google/android/gms/tasks/Task,1,13,7.69
a7b0370cadfcce0d,kotlinx/coroutines/CompletionHandlerBase,1,1,100.0
e2ec9f837b7aad4e,com/google/firebase/concurrent/FirebaseExecutors,1,3,33.33
3ab0e7b79a0e8c55,androidx/lifecycle/EmptyActivityLifecycleCallbacks,1,8,12.5
cb73bcc6901f8cca,org/wikipedia/ActivityLifecycleHandler,1,39,2.56
08c9630084d3ec7f,com/google/android/datatransport/runtime/scheduling/SchedulingConfigModule,1,2,50.0
253dd793dd6c14b5,io/reactivex/rxjava3/internal/functions/Functions$EmptyLongConsumer,1,2,50.0
514c6e3199841585,shark/AndroidObjectInspectors$LIFECYCLE_REGISTRY,1,14,7.14
f08e6c110b69b47b,kotlinx/coroutines/Job,1,1,100.0
dbc240777cc48cdc,androidx/emoji2/text/EmojiCompat$CompatInternal,1,8,12.5
6b8d7b344a4ee95a,kotlinx/serialization/json/internal/CreateMapForCacheKt,1,1,100.0
96936be7c900b7da,androidx/emoji2/text/EmojiCompatInitializer$1,1,3,33.33
f63c0804969b5b0d,leakcanary/ServiceWatcher$install$3$1,1,3,33.33
6d3a78d667b679ea,shark/AndroidObjectInspectors$COORDINATOR,1,3,33.33
1ffe260ad80f124d,androidx/work/impl/model/PreferenceDao_Impl$1,1,10,10.0
b7952267881b265e,androidx/work/impl/model/RawWorkInfoDao_Impl,1,143,0.7
6e89b74c31a1c3a3,kotlin/coroutines/jvm/internal/SuspendLambda,1,7,14.29
15e0975c5fd9b6aa,okio/Buffer$UnsafeCursor,1,97,1.03
a77760eb3496f8da,com/google/android/datatransport/runtime/scheduling/jobscheduling/AutoValue_SchedulerConfig,1,20,5.0
c9ba80fdfbae993d,androidx/work/impl/model/DependencyDao_Impl,1,73,1.37
b545154fd5173eca,com/google/firebase/AutoValue_StartupTime,1,17,5.88
bcf189a1cbaaf524,kotlinx/coroutines/CoroutineExceptionHandler,1,1,100.0
c96898ac3903ab18,io/reactivex/rxjava3/android/schedulers/AndroidSchedulers$MainHolder,1,2,50.0
8f7438f338167c77,io/reactivex/rxjava3/internal/schedulers/ComputationScheduler$PoolWorker,1,1,100.0
16d7cbcee15d47bb,androidx/work/impl/model/WorkTagDao_Impl,1,54,1.85
4e7e34bc7326cde0,com/google/firebase/heartbeatinfo/HeartBeatConsumerComponent,1,2,50.0
8a1c429717e1fb61,androidx/work/impl/model/SystemIdInfoDao_Impl$3,1,2,50.0
7ad21698bad7d2b0,androidx/work/impl/utils/taskexecutor/TaskExecutor,1,1,100.0
97f29705e55191c9,androidx/core/app/NotificationChannelGroupCompat$Api26Impl,1,6,16.67
f9e435fb6edfae47,androidx/room/RoomOpenHelper$Delegate,1,8,12.5
999a1ae0844433b0,androidx/work/impl/model/SystemIdInfoDao_Impl$1,1,8,12.5
6ea8693855b2aead,androidx/work/impl/model/WorkNameDao_Impl,1,41,2.44
6f516ef6be7e937b,androidx/appcompat/app/AppLocalesStorageHelper$ThreadPerTaskExecutor,1,2,50.0
82af7118c5331227,kotlinx/serialization/internal/PluginGeneratedSerialDescriptor$_hashCode$2,1,3,33.33
e610f2bf88107806,kotlinx/coroutines/scheduling/GlobalQueue,1,1,100.0
ff5bbc52356a8aaf,kotlinx/serialization/internal/PluginGeneratedSerialDescriptor$typeParameterDescriptors$2,1,12,8.33
2043e2dd4cd4fa9c,org/wikipedia/notifications/NotificationPollBroadcastReceiver,1,35,2.86
e7791e3d723107af,androidx/work/impl/WorkDatabase_AutoMigration_13_14_Impl,1,7,14.29
497ca26a9b6d5c88,kotlin/collections/ArraysUtilJVM,1,2,50.0
af7f1ed73edfdb83,org/wikipedia/WikipediaApp$voiceRecognitionAvailable$2,1,11,9.09
c40d3d3e38e4d4d5,com/google/android/gms/internal/mlkit_language_id_common/zzs,1,2,50.0
32d1b176e60e28a2,io/reactivex/rxjava3/internal/functions/Functions$OnErrorMissingConsumer,1,3,33.33
52d9074924e9c468,shark/AndroidObjectInspectors$SUPPORT_FRAGMENT$leakingObjectFilter$1,1,11,9.09
8f2edb89e416b5a3,okhttp3/EventListener$Companion$NONE$1,1,1,100.0
7abdbc17b3a1281f,androidx/work/impl/model/WorkSpecDao_Impl$9,1,2,50.0
e2a106e8d406bd56,com/google/android/datatransport/runtime/time/WallTimeClock,1,2,50.0
96c384620697a106,kotlin/collections/AbstractMutableSet,1,2,50.0
69b081ca13ff8ebc,shark/ObjectInspectors$Companion$createLeakingObjectFilters$2$1,1,3,33.33
0822bc291a6a932a,androidx/profileinstaller/ProfileInstallerInitializer$Choreographer16Impl,1,3,33.33
78dffc2ff65affff,okhttp3/CipherSuite$Companion$ORDER_BY_NAME$1,1,16,6.25
c9c052ffd513bb7a,com/google/firebase/installations/local/PersistedInstallation,1,57,1.75
766df858c0ed13b8,com/google/android/gms/internal/mlkit_language_id_common/zzag,1,3,33.33
09778d1a5df3bcf9,io/reactivex/rxjava3/internal/functions/Functions$TruePredicate,1,2,50.0
f4413f2d89be2fa0,androidx/core/os/HandlerCompat$Api28Impl,1,4,25.0
b64f9e1aa4fe11df,leakcanary/internal/HeapDumpTrigger$scheduleDismissNoRetainedOnTapNotification$1,1,3,33.33
4e20b748a016c404,com/google/android/gms/tasks/zzt,1,2,50.0
99a5491197e1cadf,kotlinx/coroutines/ChildHandleNode,1,5,20.0
6c66e6d9d1c47ef7,okhttp3/CookieJar$Companion$NoCookies,1,4,25.0
8e162b193883902c,okhttp3/Dns$Companion$DnsSystem,1,7,14.29
1da94f7c75d37aa0,androidx/work/InputMergerFactory$1,1,2,50.0
0b60ee8c9e4ed611,io/reactivex/rxjava3/schedulers/Schedulers$ComputationHolder,1,2,50.0
90ceae1d33ea3081,leakcanary/internal/InternalLeakCanary$invoke$2,1,2,50.0
111cb579b0fc6120,com/google/android/gms/internal/mlkit_language_id_bundled/zbh,1,2,50.0
53abdd5b5dfac6c9,androidx/work/impl/model/WorkSpecDao_Impl$2,1,72,1.39
58b3f904ecc6b8a4,kotlin/ResultKt,1,63,1.59
5a69b89b23d914f7,com/google/android/datatransport/runtime/scheduling/jobscheduling/SchedulerConfig$ConfigValue$Builder,1,1,100.0
fa18cee4b48ffd9e,leakcanary/ServiceWatcher$install$4$1,1,3,33.33
9a167e293b96d1b6,com/google/firebase/platforminfo/KotlinDetector,1,3,33.33
70a7b7d0533e6a79,com/google/android/gms/internal/mlkit_common/zzal,1,2,50.0
abb26818aada7f42,androidx/collection/ContainerHelpers,1,27,3.7
1e41564150983ead,com/google/android/gms/common/util/Base64Utils,1,13,7.69
273f2b6f63c801a0,io/reactivex/rxjava3/core/Scheduler$Worker,1,11,9.09
63c225f2a800c009,org/wikipedia/appshortcuts/AppShortcuts,1,2,50.0
8c38f3074cca6db1,com/google/android/gms/cloudmessaging/zzt,1,35,2.86
83a8959566bb86da,com/google/android/datatransport/runtime/TransportContext$Builder,1,1,100.0
102c3b84b41459de,kotlin/collections/AbstractCollection,1,33,3.03
e24d982414455848,org/wikipedia/appshortcuts/AppShortcuts$Companion$setShortcuts$$inlined$CoroutineExceptionHandler$1,1,3,33.33
4d8c3bd8cd45ed74,androidx/fragment/app/Fragment,1,757,0.13
e078b713fb4b4250,retrofit2/DefaultCallAdapterFactory,1,9,11.11
80e58690ec788474,androidx/core/app/NotificationChannelGroupCompat$Api28Impl,1,4,25.0
8c629d287f714047,kotlinx/coroutines/EventLoopImplPlatform,1,10,10.0
f4bb88935e68e4c5,retrofit2/adapter/rxjava3/BodyObservable,1,2,50.0
28b6939ac85a05fa,io/reactivex/rxjava3/internal/operators/observable/ObservableSubscribeOn$SubscribeTask,1,2,50.0
a9ee2efd2eb8ef33,androidx/lifecycle/LifecycleDispatcher$DispatcherActivityCallback,1,3,33.33
6f504474018e6431,okhttp3/internal/platform/android/ConscryptSocketAdapter$Companion$factory$1,1,9,11.11
203cf1995ef331f8,com/google/android/gms/internal/mlkit_common/zzba,1,3,33.33
9c0dd86d5b1161c0,shark/AndroidObjectInspectors$DIALOG,1,3,33.33
d9e5f3c4438d1f1f,com/google/android/datatransport/runtime/TransportRuntimeComponent,1,2,50.0
ac95ad044c979bca,okhttp3/Authenticator$Companion$AuthenticatorNone,1,2,50.0
bfd664f1cc8db165,kotlinx/coroutines/scheduling/SchedulerTimeSource,1,1,100.0
6479ed100662b1d2,io/reactivex/rxjava3/internal/functions/Functions$EmptyRunnable,1,3,33.33
fd0eb5067ed07033,shark/AndroidObjectInspectors$ANIMATOR,1,3,33.33
cebfc610f08486db,com/google/android/datatransport/runtime/scheduling/jobscheduling/JobInfoScheduler,1,46,2.17
e7b0f6985417ebc9,androidx/work/impl/model/WorkSpecDao_Impl$1,1,69,1.45
58a506c0e85078c2,org/wikipedia/WikipediaApp$userAgent$2,1,8,12.5
762189fe76dd07fa,androidx/work/impl/WorkManagerImpl$Api24Impl,1,2,50.0
7d21a4f5f0023f2c,androidx/core/app/NotificationManagerCompat$Api28Impl,1,2,50.0
a7d69bd5baacd050,leakcanary/ServiceWatcher$activityThreadServices$2,1,6,16.67
17f5869c95f70261,kotlin/jvm/internal/Ref$ObjectRef,1,2,50.0
562b4e838a01c456,okhttp3/internal/io/FileSystem$Companion$SystemFileSystem,1,44,2.27
52f3103f26bf1370,org/wikipedia/WikipediaApp$languageState$2,1,3,33.33
1fea932cf4f7973b,io/reactivex/rxjava3/internal/functions/Functions$ErrorConsumer,1,3,33.33
95d392d90ff50fe8,androidx/work/impl/model/WorkProgressDao_Impl$1,1,10,10.0
2c1f1af315f51403,io/reactivex/rxjava3/subjects/SerializedSubject,1,65,1.54
e829bb35d3a83f95,com/google/android/gms/internal/mlkit_language_id_bundled/zbm,1,3,33.33
90443c2a5ed62d93,shark/AndroidObjectInspectors$COMPOSITION_IMPL,1,3,33.33
19e6700578af9e62,shark/AndroidObjectInspectors$OBJECT_ANIMATOR,1,3,33.33
709c749c2156aa67,kotlin/collections/SetsKt__SetsKt,1,33,3.03
9bd39ce9b6159e63,shark/ObjectInspectors$THREAD,1,3,33.33
8511f0d674f6a667,com/google/android/datatransport/runtime/scheduling/persistence/EventStoreConfig$Builder,1,1,100.0
ec6ec66635a370f6,io/reactivex/rxjava3/internal/functions/Functions$FalsePredicate,1,2,50.0
b824e4c956288d9b,io/reactivex/rxjava3/schedulers/Schedulers$NewThreadHolder,1,2,50.0
02b7d727ce798c8a,shark/ObjectInspectors$CLASSLOADER,1,3,33.33
168b5b38a2fee829,androidx/work/impl/model/WorkSpecDao_Impl$8,1,2,50.0
94bbc3b0b36adb09,androidx/work/impl/model/SystemIdInfoDao_Impl$2,1,2,50.0
71d30915df7360c1,androidx/collection/ArrayMap,1,18,5.56
028667085867f29d,io/reactivex/rxjava3/internal/functions/Functions$Identity,1,3,33.33
b4485075becce58e,androidx/core/content/ContextCompat$Api23Impl,1,4,25.0
44042d578727c1f6,androidx/work/impl/model/WorkSpecDao_Impl$10,1,2,50.0
cc73346096ffd977,androidx/work/impl/model/WorkSpecDao_Impl$5,1,2,50.0
d6634da408285c4c,kotlin/internal/jdk7/JDK7PlatformImplementations,1,16,6.25
5f0ac36863d6c812,kotlinx/serialization/modules/SerializersModuleBuildersKt,1,25,4.0
1c452791779733e8,com/google/android/gms/internal/mlkit_language_id_bundled/zbf,1,13,7.69
0f1c3ba113ef58f9,kotlinx/coroutines/JobCancellingNode,1,1,100.0
8b2ade92ef33353d,io/reactivex/rxjava3/internal/functions/ObjectHelper$BiObjectPredicate,1,2,50.0
a958e594408c43fe,com/google/android/gms/internal/mlkit_common/zzae,1,13,7.69
843768d46e34f534,io/reactivex/rxjava3/schedulers/Schedulers$IoHolder,1,2,50.0
b0e5c6d700473999,com/google/firebase/heartbeatinfo/HeartBeatConsumerComponent$1,1,1,100.0
4605b40782c51734,shark/ObjectInspectors$CLASS,1,6,16.67
b7d95441062e5241,retrofit2/Converter$Factory,1,6,16.67
6e4695dc1a253647,com/google/android/gms/tasks/TaskExecutors,1,2,50.0
0b1d9f623df8667c,io/reactivex/rxjava3/android/schedulers/HandlerScheduler,1,10,10.0
b74a8b6328ff932a,androidx/work/impl/model/WorkSpecDao_Impl$12,1,2,50.0
