class_id,class_name,probes_hit,probes_total,pct
ff4e6291dadd0586,de/westnordost/streetcomplete/view/PresetIconIndexKt,701,701,100.0
1cd7634b2f0b87c2,de/westnordost/streetcomplete/data/user/achievements/AchievementsModuleKt,269,273,98.53
3131e059c9e437fd,de/westnordost/streetcomplete/quests/QuestsModuleKt,162,162,100.0
a2ee19ad067ca03a,de/westnordost/streetcomplete/screens/main/MainFragment,122,808,15.1
9a8aa7f279829bf6,de/westnordost/streetcomplete/data/osm/edits/ElementEditsModuleKt$elementEditsModule$1,102,112,91.07
2b74a261c6b0287d,de/westnordost/streetcomplete/data/visiblequests/QuestPresetsModuleKt$questPresetsModule$1,89,105,84.76
b59e9ffee9afe821,de/westnordost/streetcomplete/screens/main/map/MapFragment,87,276,31.52
349c69c6b4acbd3d,de/westnordost/streetcomplete/data/user/UserModuleKt$userModule$1,81,91,89.01
d1475f78b517ffa3,de/westnordost/streetcomplete/data/OsmApiModuleKt$osmApiModule$1,78,82,95.12
c95963be7c6c1980,de/westnordost/streetcomplete/data/user/statistics/StatisticsModuleKt$statisticsModule$1,73,77,94.81
067d37e54dc97045,de/westnordost/streetcomplete/screens/MainActivity,71,222,31.98
21b0c112c4f67017,de/westnordost/streetcomplete/screens/main/map/LocationAwareMapFragment,69,209,33.01
e75e960914b87dae,de/westnordost/streetcomplete/screens/main/map/MainMapFragment,65,196,33.16
4e443bb82b93cdff,de/westnordost/streetcomplete/data/download/DownloadModuleKt$downloadModule$1,65,75,86.67
d94f4a3669b0bf4c,de/westnordost/streetcomplete/screens/main/map/TangramPinsSpriteSheet,65,73,89.04
ea7c336b73722c4f,de/westnordost/streetcomplete/util/ktx/DrawableKt,61,95,64.21
c988efd92dcb968c,de/westnordost/streetcomplete/data/user/achievements/AchievementsModuleKt$achievementsModule$1,58,62,93.55
75dce077495fee6b,de/westnordost/streetcomplete/screens/main/map/components/SceneMapComponent,57,84,67.86
041a95a1bce9a155,de/westnordost/streetcomplete/screens/main/controls/AnswersCounterFragment,56,87,64.37
85cc95c7f65adfce,de/westnordost/streetcomplete/data/osmnotes/NotesModuleKt$notesModule$1,55,57,96.49
86fcadf966c4ccd2,de/westnordost/streetcomplete/screens/user/achievements/AchievementFrameOutlineProvider,53,59,89.83
67fa3bdac08e640a,de/westnordost/streetcomplete/screens/main/map/tangram/KtMapController,50,263,19.01
b9418bb5edb7adeb,de/westnordost/streetcomplete/screens/main/map/TangramIconsSpriteSheet,50,50,100.0
1623eef8160cb6de,de/westnordost/streetcomplete/data/osm/mapdata/MapDataModuleKt$mapDataModule$1,47,49,95.92
2ec4c021551db2db,de/westnordost/streetcomplete/StreetCompleteApplication,47,64,73.44
1c338e4698ca59da,de/westnordost/streetcomplete/screens/main/controls/LocationStateButton,47,69,68.12
543464c82858b4cd,de/westnordost/streetcomplete/data/StreetCompleteSQLiteOpenHelper,45,111,40.54
5f8bd6349d7a5602,de/westnordost/streetcomplete/data/upload/UploadModuleKt$uploadModule$1,44,52,84.62
d4233b3fdfad0b0a,de/westnordost/streetcomplete/data/osmnotes/edits/NoteEditsModuleKt$noteEditsModule$1,43,51,84.31
ac5c0ba4851b0504,de/westnordost/streetcomplete/data/quest/QuestAutoSyncer,42,83,50.6
199caa846ff8bcdd,de/westnordost/streetcomplete/ApplicationModuleKt$appModule$1,41,45,91.11
759f992b7c42f3ed,de/westnordost/streetcomplete/data/osm/geometry/ElementGeometryModuleKt$elementGeometryModule$1,39,39,100.0
55701b77104fbf5d,de/westnordost/streetcomplete/data/ObjectTypeRegistry,38,53,71.7
7d236bfb9bf9c104,de/westnordost/streetcomplete/data/meta/MetadataModuleKt$metadataModule$1,38,46,82.61
f9eb3ae1d49ce3d2,de/westnordost/streetcomplete/StreetCompleteApplication$onCreate$1,37,37,100.0
2c78062860aa9d8c,de/westnordost/streetcomplete/screens/main/controls/UndoButtonFragment,36,107,33.64
5e863ee8cfab14a4,de/westnordost/streetcomplete/data/osmnotes/notequests/OsmNoteQuestModuleKt$osmNoteQuestModule$1,35,41,85.37
8e0cf7c8a1123c3b,de/westnordost/streetcomplete/data/osm/osmquests/OsmQuestModuleKt$osmQuestModule$1,34,38,89.47
b0076a00d620969f,de/westnordost/streetcomplete/screens/main/map/components/TracksMapComponent,33,53,62.26
57b159fecc9167bb,de/westnordost/streetcomplete/screens/main/map/QuestPinsManager,31,165,18.79
0cf022b96947294f,de/westnordost/streetcomplete/data/edithistory/EditHistoryController,31,88,35.23
6b11452ef1d6a169,de/westnordost/streetcomplete/data/osm/edits/MapDataWithEditsSource,31,349,8.88
9d16211025fae2f9,de/westnordost/streetcomplete/data/osm/edits/ElementEditsDao$json$1,30,30,100.0
e7ba870480f50f7a,de/westnordost/streetcomplete/screens/main/teammode/TeamModeColorCircleView,30,35,85.71
ed142bbcf76190c6,de/westnordost/streetcomplete/screens/main/controls/MessagesButtonFragment,29,80,36.25
016e4f20f7b73122,de/westnordost/streetcomplete/data/osm/created_elements/CreatedElementsModuleKt$createdElementsModule$1,27,31,87.1
3d05d856fb1d4f87,de/westnordost/streetcomplete/data/overlays/OverlayModuleKt$overlayModule$1,27,31,87.1
cefdf240712bf170,de/westnordost/streetcomplete/screens/main/map/MapModuleKt$mapModule$1,27,31,87.1
d7a5840e101df4d8,de/westnordost/streetcomplete/screens/main/map/Compass,27,83,32.53
b30dc162568c84a3,de/westnordost/streetcomplete/screens/main/map/tangram/Marker,26,86,30.23
4734c320441ad3c9,de/westnordost/streetcomplete/quests/QuestsModuleKt$questsModule$1,26,28,92.86
9a2d9538c09e4203,de/westnordost/streetcomplete/data/osm/osmquests/OsmQuestController,26,298,8.72
27e0142ee3462675,de/westnordost/streetcomplete/data/osmnotes/notequests/OsmNoteQuestController,26,155,16.77
da4768791d9d70aa,de/westnordost/streetcomplete/screens/main/PointerPinView,26,80,32.5
7c78197b55d490ca,de/westnordost/streetcomplete/data/AndroidDatabase,25,92,27.17
6e8569b662854505,de/westnordost/streetcomplete/screens/main/map/components/CurrentLocationMapComponent,25,77,32.47
8239f60ad2b0bf8d,de/westnordost/streetcomplete/databinding/FragmentTutorialBinding,25,57,43.86
39be342ef5f2b3f6,de/westnordost/streetcomplete/data/messages/MessagesSource,25,63,39.68
e3f54dad64a2e3f9,de/westnordost/streetcomplete/data/osm/edits/ElementEditsController,23,167,13.77
44c2029059e259a0,de/westnordost/streetcomplete/screens/settings/NumberPickerPreference,23,42,54.76
8a38bba6ab5aacd3,de/westnordost/streetcomplete/screens/tutorial/TutorialFragment,23,55,41.82
634e1a0ebd48b117,de/westnordost/streetcomplete/databinding/FragmentMainBinding,22,51,43.14
e4ac8a0d2bfcf5a7,de/westnordost/streetcomplete/data/Preloader,21,24,87.5
1dc9b20eba15b0a6,de/westnordost/streetcomplete/data/user/achievements/AchievementsController,21,201,10.45
caf8a01c9f6e626e,de/westnordost/streetcomplete/data/maptiles/MapTilesDownloadCacheConfig,21,27,77.78
45a05fb235f9c766,de/westnordost/streetcomplete/data/edithistory/EditHistoryModuleKt$editHistoryModule$1,20,24,83.33
e636036234bee965,de/westnordost/streetcomplete/screens/main/controls/UploadButtonFragment,20,76,26.32
c35dcb0fba0dd83a,de/westnordost/streetcomplete/data/messages/MessagesModuleKt$messagesModule$1,20,24,83.33
2de6d064ea1974d1,de/westnordost/streetcomplete/util/location/FineLocationManager,20,47,42.55
ed287601acb9e31f,de/westnordost/streetcomplete/data/DbModuleKt$dbModule$1,20,24,83.33
e72594c2a3904d1a,de/westnordost/streetcomplete/overlays/OverlaysModuleKt$overlaysModule$1$1,20,20,100.0
4d670fa7832397e0,de/westnordost/streetcomplete/screens/main/controls/AnswersCounterView,20,46,43.48
a33150e8c3e126e5,de/westnordost/streetcomplete/data/quest/QuestModuleKt$questModule$1,20,24,83.33
14cbf625e1b3f5cb,de/westnordost/streetcomplete/data/maptiles/MaptilesModuleKt$maptilesModule$1,19,21,90.48
6a34e6a2155999b7,de/westnordost/streetcomplete/data/user/statistics/StatisticsModuleKt$statisticsModule$1$9,18,18,100.0
e20306c19696c22d,de/westnordost/streetcomplete/data/Database$DefaultImpls,18,70,25.71
73a0509aa0c50630,de/westnordost/streetcomplete/data/quest/VisibleQuestsSource,18,108,16.67
8d07ebe619800092,de/westnordost/streetcomplete/quests/wheelchair_access/AddWheelchairAccessBusiness,18,33,54.55
4598f6a408120390,de/westnordost/streetcomplete/quests/surface/AddRoadSurface,17,31,54.84
df0603ba11943436,de/westnordost/streetcomplete/data/osm/mapdata/MapDataCache,17,583,2.92
1da657bc3156e8c1,de/westnordost/streetcomplete/data/download/DownloadController,17,39,43.59
fba67d0c06bcbc0b,de/westnordost/streetcomplete/data/upload/UploadController,17,31,54.84
993bdf04965ab380,de/westnordost/streetcomplete/data/quest/QuestModuleKt$questModule$1$1,16,16,100.0
b756831ea2d8f064,de/westnordost/streetcomplete/screens/main/controls/MainMenuButtonFragment,16,87,18.39
80954efb12747ae5,de/westnordost/streetcomplete/osm/surface/SurfaceUtilsKt,16,85,18.82
79567979722d751e,de/westnordost/streetcomplete/screens/user/achievements/AchievementInfoFragment,16,247,6.48
1f058173425d3b59,de/westnordost/streetcomplete/data/user/achievements/EditTypeAchievement,15,17,88.24
9c9ebd786bf113dc,de/westnordost/streetcomplete/databinding/FragmentAchievementInfoBinding,14,35,40.0
dec961f88e79f4e4,de/westnordost/streetcomplete/data/user/achievements/AchievementsModuleKt$achievementsModule$1$7,14,14,100.0
b5e37a6d46231c58,de/westnordost/streetcomplete/screens/main/controls/MessagesButton,14,20,70.0
a5014fd3377b4b9f,de/westnordost/streetcomplete/data/osmnotes/edits/NotesWithEditsSource,14,103,13.59
01cfd45beca3a69c,de/westnordost/streetcomplete/screens/main/map/tangram/TouchGestureManager,14,26,53.85
114b6e224a015461,de/westnordost/streetcomplete/data/visiblequests/QuestTypeOrderController,13,106,12.26
3fca0400ef680edc,de/westnordost/streetcomplete/screens/main/map/tangram/CameraManager,13,158,8.23
f67b7c6d71f480cd,de/westnordost/streetcomplete/util/location/LocationRequestFragment,13,94,13.83
d371426a104efa1c,de/westnordost/streetcomplete/util/ktx/ContextKt,13,75,17.33
57dea6724f8cb353,de/westnordost/streetcomplete/quests/QuestsModuleKt$questsModule$1$3,13,13,100.0
f79b0c4d1c1267d4,de/westnordost/streetcomplete/screens/settings/SettingsModuleKt$settingsModule$1,12,14,85.71
43bc082f64025fe4,de/westnordost/streetcomplete/data/urlconfig/UrlConfigModuleKt$urlConfigModule$1,12,14,85.71
0613982880a5f619,de/westnordost/streetcomplete/overlays/OverlaysModuleKt$overlaysModule$1,12,14,85.71
a03b9ea0045a6b4e,de/westnordost/streetcomplete/screens/main/map/tangram/KtMapControllerKt,12,19,63.16
1077f6551687d102,de/westnordost/streetcomplete/data/osm/mapdata/MapDataModuleKt$mapDataModule$1$6,12,12,100.0
288dc4208f34123e,de/westnordost/streetcomplete/data/osmnotes/edits/NoteEditsController,12,99,12.12
25392b47f1cf7e52,de/westnordost/streetcomplete/JacocoInstrument/JacocoInstrumentation,12,53,22.64
52473cf1945110d6,de/westnordost/streetcomplete/data/osm/osmquests/OsmQuestModuleKt$osmQuestModule$1$4,12,12,100.0
f3603e244ddb42ed,de/westnordost/streetcomplete/overlays/shops/ShopsOverlay,12,26,46.15
165f457dd5906c45,de/westnordost/streetcomplete/screens/main/map/StyleableOverlayManager,12,131,9.16
38063a801ad35373,de/westnordost/streetcomplete/data/user/OAuthStore,12,34,35.29
0cb911c8b8a42e1e,de/westnordost/streetcomplete/screens/main/MainModuleKt$mainModule$1,12,14,85.71
285e24f6fb492b96,de/westnordost/streetcomplete/screens/main/PointerPinView$2,12,12,100.0
7da62609bfb6b992,de/westnordost/streetcomplete/screens/main/map/MapFragment$onStart$1,12,18,66.67
5dce7a36c23842d4,de/westnordost/streetcomplete/data/upload/UploadModuleKt$uploadModule$1$2,12,12,100.0
4715beac4dbda3c2,de/westnordost/streetcomplete/util/location/LocationAvailabilityReceiver,12,25,48.0
715a0ad412fb5909,de/westnordost/streetcomplete/quests/oneway_suspects/data/TrafficFlowSegmentsModuleKt$trafficFlowSegmentsModule$1,11,11,100.0
e8e517936fae0850,de/westnordost/streetcomplete/screens/main/map/tangram/MarkerManager,11,69,15.94
654a2b61a12fc78a,de/westnordost/streetcomplete/data/osm/edits/ElementEditsModuleKt$elementEditsModule$1$9,11,11,100.0
db56f2ff63f6a026,de/westnordost/streetcomplete/data/osmnotes/edits/NoteEditsModuleKt$noteEditsModule$1$2,11,11,100.0
d1c33eea9f6522ed,de/westnordost/streetcomplete/data/quest/QuestModuleKt$questModule$1$2,11,11,100.0
a93207ade98bda57,de/westnordost/streetcomplete/screens/measure/ArModuleKt$arModule$1,11,11,100.0
99f6aa2339bbcff8,de/westnordost/streetcomplete/screens/main/map/DownloadedAreaManager,11,24,45.83
4aca4482273ccccb,de/westnordost/streetcomplete/data/osm/mapdata/MapDataController,11,280,3.93
0ae027a5cdcb5565,de/westnordost/streetcomplete/util/ktx/SharedPreferencesKt,11,19,57.89
53836c5302022306,de/westnordost/streetcomplete/data/UnsyncedChangesCountSource,11,29,37.93
d9223586ff3f6af7,de/westnordost/streetcomplete/overlays/surface/SurfaceOverlay,10,24,41.67
29564d3e17692936,de/westnordost/streetcomplete/data/osmnotes/notequests/OsmNoteQuestModuleKt$osmNoteQuestModule$1$4,10,10,100.0
a03758e71a5cf1a3,de/westnordost/streetcomplete/util/FragmentViewBindingPropertyDelegate,10,18,55.56
bd82072e62c57d8d,de/westnordost/streetcomplete/overlays/address/AddressOverlay,10,29,34.48
5ed04bb9fe2a7c7d,de/westnordost/streetcomplete/screens/main/map/EditHistoryPinsManager,10,49,20.41
9e92d0e9194f78a1,de/westnordost/streetcomplete/screens/main/map/components/TracksMapComponentKt,10,11,90.91
10c411ce4e514762,de/westnordost/streetcomplete/screens/main/map/MapModuleKt$mapModule$1$2,9,9,100.0
598787fc1e980088,de/westnordost/streetcomplete/data/edithistory/EditHistoryModuleKt$editHistoryModule$1$2,9,9,100.0
c7f85d0df8bf82c7,de/westnordost/streetcomplete/data/osm/edits/ElementEditsModuleKt$elementEditsModule$1$8,9,9,100.0
0e8f117182c3b43a,de/westnordost/streetcomplete/data/OsmApiModuleKt$osmApiModule$1$6,9,9,100.0
51b2d26ec0f9882b,de/westnordost/streetcomplete/data/messages/MessagesModuleKt$messagesModule$1$1,9,9,100.0
0347d692a9f34f36,de/westnordost/streetcomplete/Prefs$Theme,9,9,100.0
0d10113e34255c42,de/westnordost/streetcomplete/data/upload/UploadService,9,50,18.0
44690de98a997ff5,de/westnordost/streetcomplete/data/user/statistics/StatisticsController,9,163,5.52
d55197b386aef9ee,de/westnordost/streetcomplete/data/osm/edits/ElementEditsModuleKt$elementEditsModule$1$11,9,9,100.0
585c8cc612fbc938,de/westnordost/streetcomplete/util/ktx/ViewKt,9,86,10.47
cc391ef974e4b9c9,de/westnordost/streetcomplete/data/messages/QuestSelectionHintController,9,21,42.86
61121f314d380b25,de/westnordost/streetcomplete/screens/main/controls/MessagesButtonFragment$onStart$1,8,12,66.67
0f1b302fe23b35db,de/westnordost/streetcomplete/data/visiblequests/QuestPresetsModuleKt$questPresetsModule$1$7,8,8,100.0
0d89c61fda4ac107,de/westnordost/streetcomplete/data/Preloader$preload$2$1,8,12,66.67
599cd78721c066e1,de/westnordost/streetcomplete/data/Preloader$preload$2,8,9,88.89
70bf6afbe8499b62,de/westnordost/streetcomplete/quests/lanes/AddLanes,8,61,13.11
40282b95da619859,de/westnordost/streetcomplete/screens/main/controls/UndoButtonFragment$onStart$1,8,12,66.67
d8ede2271bad9885,de/westnordost/streetcomplete/screens/main/controls/AnswersCounterFragment$onStart$1,8,12,66.67
89adbd1b9652b30b,de/westnordost/streetcomplete/util/SpatialCache,8,168,4.76
6fead5e767278cd4,de/westnordost/streetcomplete/data/Preloader$preloadFeatureDictionary$2,8,11,72.73
f8e0e06b861d6cd4,de/westnordost/streetcomplete/data/osm/edits/ElementEditsModuleKt$elementEditsModule$1$2,8,8,100.0
1260d763ae269154,de/westnordost/streetcomplete/data/Preloader$preloadCountryBoundaries$2,8,11,72.73
307000c34d371727,de/westnordost/streetcomplete/data/upload/Uploader,8,52,15.38
7bb73a972ca70732,de/westnordost/streetcomplete/data/osmnotes/edits/NoteEditsDao,8,87,9.2
652f6c4a974364cc,de/westnordost/streetcomplete/data/osmnotes/notequests/NotesPreferences,8,15,53.33
8d4e3aa1b1a83d54,de/westnordost/streetcomplete/StreetCompleteApplication$onCreate$2,8,12,66.67
e3af858ee620ab15,de/westnordost/streetcomplete/screens/main/map/TangramIconsSpriteSheet$sceneUpdates$2,8,11,72.73
8cb8b5f9c4682658,de/westnordost/streetcomplete/screens/main/map/MapFragment$onViewCreated$4,8,12,66.67
50dcfa3be03619af,de/westnordost/streetcomplete/data/meta/MetadataModuleKt$metadataModule$1$3,8,8,100.0
79e9a31088eb018f,de/westnordost/streetcomplete/data/osm/edits/ElementEditsModuleKt$elementEditsModule$1$3,8,8,100.0
b13668e1c9bee3b6,de/westnordost/streetcomplete/databinding/ViewAchievementIconBinding,8,17,47.06
4b9b82fdc0aba227,de/westnordost/streetcomplete/data/osmnotes/edits/NoteEditsModuleKt$noteEditsModule$1$5,8,8,100.0
45171ed50ed3f93d,de/westnordost/streetcomplete/data/visiblequests/TeamModeQuestFilter,8,48,16.67
d3f245b3eed094a3,de/westnordost/streetcomplete/data/osm/mapdata/MapDataModuleKt$mapDataModule$1$1,8,8,100.0
5a875c282173d38e,de/westnordost/streetcomplete/data/osmnotes/NotesModuleKt$notesModule$1$7,8,8,100.0
7372d01a3b998df4,de/westnordost/streetcomplete/data/user/UserDataController,8,45,17.78
8445e360b5ddeff1,de/westnordost/streetcomplete/data/osm/geometry/ElementGeometryModuleKt$elementGeometryModule$1$2,8,8,100.0
e95897bf1272b183,de/westnordost/streetcomplete/data/osmnotes/NoteController,8,87,9.2
d7c2dc68fdb91346,de/westnordost/streetcomplete/quests/way_lit/AddWayLit,8,23,34.78
41e85e1fde6b0c20,de/westnordost/streetcomplete/data/visiblequests/QuestPresetsModuleKt$questPresetsModule$1$11,8,8,100.0
13606a6a1e98527e,de/westnordost/streetcomplete/quests/max_height/AddMaxHeight,8,152,5.26
c80b487d4108a744,de/westnordost/streetcomplete/screens/main/controls/UploadButton,8,24,33.33
b1f98958dc17da8d,de/westnordost/streetcomplete/data/osm/edits/ElementEditsModuleKt$elementEditsModule$1$12,8,8,100.0
ab9c5c41d5b87403,de/westnordost/streetcomplete/util/ktx/LocalDateKt,8,22,36.36
9f0536c20e712155,de/westnordost/streetcomplete/data/meta/MetadataModuleKt$metadataModule$1$4,8,8,100.0
e130cfeac01fc83d,de/westnordost/streetcomplete/databinding/ViewAnswersCounterBinding,8,17,47.06
c1f6fe785beb4b6f,de/westnordost/streetcomplete/screens/main/map/TangramPinsSpriteSheet$sceneUpdates$2,8,12,66.67
94b00934f5afc778,de/westnordost/streetcomplete/data/user/UserModuleKt$userModule$1$9,8,8,100.0
c863af2f46c3ced8,de/westnordost/streetcomplete/data/Preloader$preload$2$2,8,12,66.67
4a1cc4c9620b4b85,de/westnordost/streetcomplete/screens/user/achievements/AchievementIconView,8,23,34.78
8b2f709b1131751b,de/westnordost/streetcomplete/quests/building_entrance_reference/AddEntranceReference,8,127,6.3
a9681f8dab0dfa1e,de/westnordost/streetcomplete/data/osmnotes/NotesModuleKt$notesModule$1$2,8,8,100.0
b2c5912a7d0807ab,de/westnordost/streetcomplete/util/CrashReportExceptionHandler,7,66,10.61
b8ea97c53233d467,de/westnordost/streetcomplete/data/overlays/SelectedOverlayController,7,21,33.33
cf0efd4e28fa0316,de/westnordost/streetcomplete/data/download/DownloadModuleKt$downloadModule$1$2,7,7,100.0
949c8325d1cc9c43,de/westnordost/streetcomplete/screens/ActivatablePreference,7,24,29.17
3e68ffcabeec1463,de/westnordost/streetcomplete/data/osm/geometry/ElementGeometryModuleKt$elementGeometryModule$1$3,7,7,100.0
ec7beda370105abb,de/westnordost/streetcomplete/screens/main/map/DownloadedAreaManager$update$1,7,12,58.33
bebb3b2e2f27b929,de/westnordost/streetcomplete/data/osm/geometry/ElementGeometryModuleKt$elementGeometryModule$1$4,7,7,100.0
789d7884b4cd0702,de/westnordost/streetcomplete/data/messages/MessagesModuleKt$messagesModule$1$2,7,7,100.0
133884f907f48c7e,de/westnordost/streetcomplete/quests/barrier_type/AddStileType,7,95,7.37
cf8a9c9104d36339,de/westnordost/streetcomplete/data/overlays/OverlayModuleKt$overlayModule$1$2,7,7,100.0
5a4f746490b75b96,de/westnordost/streetcomplete/screens/main/map/tangram/CameraPosition,7,31,22.58
bb97d2da3dde19c1,de/westnordost/streetcomplete/util/LocaleListCompatUtilsKt,7,27,25.93
638af6de5cdf6ceb,de/westnordost/streetcomplete/data/visiblequests/QuestPresetsModuleKt$questPresetsModule$1$9,7,7,100.0
4aaa06595b47623d,de/westnordost/streetcomplete/data/user/achievements/LinkCategory,7,9,77.78
f4abc6a470cf2f6e,de/westnordost/streetcomplete/data/visiblequests/QuestPresetsModuleKt$questPresetsModule$1$5,7,7,100.0
ddc3b54129003f92,de/westnordost/streetcomplete/screens/main/controls/LocationStateButton$State,7,12,58.33
6df005245c16324e,de/westnordost/streetcomplete/screens/main/map/MapModuleKt$mapModule$1$3,7,7,100.0
092b751ae0959a19,de/westnordost/streetcomplete/data/download/DownloadModuleKt$downloadModule$1$3,7,7,100.0
41d6b055099f46a2,de/westnordost/streetcomplete/data/OsmApiModuleKt$osmApiModule$1$9,7,7,100.0
2920215f0d7c53c2,de/westnordost/streetcomplete/data/quest/QuestAutoSyncer$connectivityReceiver$1,7,12,58.33
df6daee73726c864,de/westnordost/streetcomplete/quests/building_entrance/AddEntrance,7,100,7.0
43aab95c77bce2f6,de/westnordost/streetcomplete/data/user/UserModuleKt$userModule$1$7,7,7,100.0
e9e9a919a964b65f,de/westnordost/streetcomplete/view/insets_animation/ImeInsetsAnimationCallback,7,23,30.43
08b59208225c68ef,de/westnordost/streetcomplete/data/user/statistics/StatisticsModuleKt$statisticsModule$1$2,6,6,100.0
846708d0abc87770,de/westnordost/streetcomplete/data/osmnotes/NotesModuleKt$notesModule$1$3,6,6,100.0
3e2d4c2c4df43ffa,de/westnordost/streetcomplete/data/upload/UploadController$uploadServiceConnection$1,6,9,66.67
7d14493508e1e4fa,de/westnordost/streetcomplete/data/osm/created_elements/CreatedElementsModuleKt$createdElementsModule$1$1,6,6,100.0
4a0443e7d60a0fbf,de/westnordost/streetcomplete/data/osmnotes/notequests/OsmNoteQuestModuleKt$osmNoteQuestModule$1$1,6,6,100.0
e525726dacd74bc0,de/westnordost/streetcomplete/data/download/DownloadModuleKt$downloadModule$1$8,6,6,100.0
fc5b3e3a7b12d112,de/westnordost/streetcomplete/data/osm/edits/upload/ElementEditsUploader,6,80,7.5
ce4a427048eccc52,de/westnordost/streetcomplete/data/download/DownloadModuleKt$downloadModule$1$6,6,6,100.0
09d537bc7ffb3121,de/westnordost/streetcomplete/data/osm/created_elements/CreatedElementsModuleKt$createdElementsModule$1$3,6,6,100.0
b7e4201da77c004e,de/westnordost/streetcomplete/quests/opening_hours/AddOpeningHours,6,83,7.23
c6c47b4eb58e38d2,de/westnordost/streetcomplete/data/user/statistics/StatisticsModuleKt$statisticsModule$1$5,6,6,100.0
a43293670786f00b,de/westnordost/streetcomplete/data/visiblequests/QuestPresetsModuleKt$questPresetsModule$1$2,6,6,100.0
89346eef4899ff9e,de/westnordost/streetcomplete/data/user/UserModuleKt$userModule$1$5,6,6,100.0
6d86092916f7fb4a,de/westnordost/streetcomplete/data/user/statistics/StatisticsModuleKt$statisticsModule$1$4,6,6,100.0
cfd35fba4462752f,de/westnordost/streetcomplete/screens/settings/SettingsModuleKt$settingsModule$1$1,6,6,100.0
0e3651fd186ae6e0,de/westnordost/streetcomplete/data/upload/UploadModuleKt$uploadModule$1$5,6,6,100.0
57a3f920e3496c8d,de/westnordost/streetcomplete/databinding/ViewMessagesButtonBinding,6,13,46.15
10ed352d3062bc2a,de/westnordost/streetcomplete/quests/smoothness/AddPathSmoothness,6,18,33.33
60789d4fbca4a042,de/westnordost/streetcomplete/data/user/achievements/AchievementsModuleKt$achievementsModule$1$5,6,6,100.0
2312f477c4ba320a,de/westnordost/streetcomplete/data/visiblequests/QuestPresetsController,6,51,11.76
45c81a9e8dd85087,de/westnordost/streetcomplete/view/insets_animation/ImeInsetsAnimationCallbackKt,6,7,85.71
a934a6840987cc70,de/westnordost/streetcomplete/data/OsmApiModuleKt$osmApiModule$1$5,6,6,100.0
e1cf75bc333ced3a,de/westnordost/streetcomplete/data/download/DownloadController$downloadServiceConnection$1,6,9,66.67
b6b7c6f9e8f56a38,de/westnordost/streetcomplete/data/OsmApiModuleKt$osmApiModule$1$3,6,6,100.0
ed9a4642d8245178,de/westnordost/streetcomplete/data/osm/mapdata/MapDataModuleKt$mapDataModule$1$5,6,6,100.0
a977701b3564ce87,de/westnordost/streetcomplete/data/osm/mapdata/MapDataModuleKt$mapDataModule$1$3,6,6,100.0
dd7c13561aa55650,de/westnordost/streetcomplete/data/meta/MetadataModuleKt$metadataModule$1$2,6,6,100.0
4c5fbb50dccfc12c,de/westnordost/streetcomplete/data/OsmApiModuleKt$osmApiModule$1$8,6,6,100.0
c54fa1a01e2d002e,de/westnordost/streetcomplete/data/overlays/OverlayModuleKt$overlayModule$1$3,6,6,100.0
080345bf43de7498,de/westnordost/streetcomplete/screens/main/controls/AnswersCounterFragment$updateCount$editCount$1,6,10,60.0
42509b51899d73b4,de/westnordost/streetcomplete/quests/max_speed/AddMaxSpeed,6,37,16.22
b106022b6ba5d3bc,de/westnordost/streetcomplete/data/osm/edits/ElementEditsModuleKt$elementEditsModule$1$4,6,6,100.0
a39a1f15eac20d0d,de/westnordost/streetcomplete/quests/traffic_signals_vibrate/AddTrafficSignalsVibration,6,69,8.7
b750864461efc3b3,de/westnordost/streetcomplete/data/osmnotes/edits/NoteEditsUploader,6,119,5.04
4708d99202109ff5,de/westnordost/streetcomplete/data/visiblequests/QuestPresetsModuleKt$questPresetsModule$1$3,6,6,100.0
a57f6a4e3f0c7b89,de/westnordost/streetcomplete/databinding/FragmentMapBinding,6,19,31.58
ed4a7b7cfe3f93ea,de/westnordost/streetcomplete/screens/main/map/components/FocusGeometryMapComponent,6,31,19.35
53cd66cf62704b6a,de/westnordost/streetcomplete/data/OsmApiModuleKt$osmApiModule$1$4,6,6,100.0
0ecbcd46f639d994,de/westnordost/streetcomplete/data/DbModuleKt$dbModule$1$1,6,6,100.0
a0cecdadda04235d,de/westnordost/streetcomplete/data/osm/osmquests/OsmQuestModuleKt$osmQuestModule$1$1,6,6,100.0
6d727a67b6929ddd,de/westnordost/streetcomplete/quests/width/AddRoadWidth,6,68,8.82
662e93fe32df1369,de/westnordost/streetcomplete/data/osmnotes/edits/NoteEditsModuleKt$noteEditsModule$1$1,6,6,100.0
fecc3632d5e8796b,de/westnordost/streetcomplete/screens/main/PointerPinViewKt,6,6,100.0
9906c152dcac4874,de/westnordost/streetcomplete/data/visiblequests/QuestPresetsModuleKt$questPresetsModule$1$8,6,6,100.0
9e8afe0200d86ccf,de/westnordost/streetcomplete/databinding/ViewUploadButtonBinding,6,13,46.15
80d7a99d6a738f8b,de/westnordost/streetcomplete/data/visiblequests/QuestPresetsModuleKt$questPresetsModule$1$1,6,6,100.0
a7b0a6c470ec3d5c,de/westnordost/streetcomplete/screens/main/map/components/StyleableOverlayMapComponent,6,169,3.55
53765e3026377f89,de/westnordost/streetcomplete/data/OsmApiModuleKt$osmApiModule$1$7,6,6,100.0
02aba2cf149121c6,de/westnordost/streetcomplete/data/user/UserLoginStatusController,6,29,20.69
0cf2181e65235cf2,de/westnordost/streetcomplete/quests/max_height/AddMaxPhysicalHeight,6,74,8.11
b235c6edd2ad133e,de/westnordost/streetcomplete/data/osm/edits/ElementEditsModuleKt$elementEditsModule$1$6,6,6,100.0
d9cdc27ed92917cd,de/westnordost/streetcomplete/data/osm/edits/ElementEditsModuleKt$elementEditsModule$1$1,6,6,100.0
a4f9a197c4aa14b1,de/westnordost/streetcomplete/quests/address/AddAddressStreet,6,86,6.98
045ac0a208aaa1c7,de/westnordost/streetcomplete/data/osm/edits/ElementEditsDao,6,63,9.52
914e14e4c235b23b,de/westnordost/streetcomplete/data/download/DownloadService,6,61,9.84
0c9de06413a862e9,de/westnordost/streetcomplete/data/visiblequests/VisibleQuestTypeController,6,117,5.13
51185702760865a9,de/westnordost/streetcomplete/data/osmnotes/notequests/OsmNoteQuestModuleKt$osmNoteQuestModule$1$2,6,6,100.0
b797361f33ef77a9,de/westnordost/streetcomplete/screens/main/map/MapModuleKt$mapModule$1$1,6,6,100.0
132a74e121ea3bd3,de/westnordost/streetcomplete/data/osmnotes/edits/NoteEditsModuleKt$noteEditsModule$1$3,6,6,100.0
3ffe5fa899194cb1,de/westnordost/streetcomplete/data/osm/osmquests/OsmQuestModuleKt$osmQuestModule$1$2,6,6,100.0
599b094403c19d49,de/westnordost/streetcomplete/data/user/achievements/AchievementsModuleKt$achievementsModule$1$4,6,6,100.0
5a6bad9fe0914109,de/westnordost/streetcomplete/data/user/statistics/StatisticsModuleKt$statisticsModule$1$3,6,6,100.0
b41cc4c919607fd8,de/westnordost/streetcomplete/data/osm/edits/ElementEditsModuleKt$elementEditsModule$1$7,6,6,100.0
9a9b4572c9e41899,de/westnordost/streetcomplete/quests/tactile_paving/AddTactilePavingCrosswalk,6,69,8.7
b7c37abedaaea173,de/westnordost/streetcomplete/quests/QuestsModuleKt$questsModule$1$2,6,6,100.0
97599d0dfe1e9afc,de/westnordost/streetcomplete/databinding/ViewTeamModeColorCircleBinding,6,13,46.15
6d15a6319ff4821f,de/westnordost/streetcomplete/screens/main/MainModuleKt$mainModule$1$1,6,6,100.0
442e7964997fa2ef,de/westnordost/streetcomplete/screens/measure/ArModuleKt$arModule$1$1,6,6,100.0
574ce5fb0d06e0aa,de/westnordost/streetcomplete/data/user/statistics/StatisticsModuleKt$statisticsModule$1$1,6,6,100.0
345d1cdc006da7da,de/westnordost/streetcomplete/screens/settings/ResurveyIntervalsUpdater,6,9,66.67
8b7e0a45d55aa32e,de/westnordost/streetcomplete/data/maptiles/MaptilesModuleKt$maptilesModule$1$2,6,6,100.0
803b93b2dbddbf05,de/westnordost/streetcomplete/data/download/DownloadModuleKt$downloadModule$1$1,6,6,100.0
74bdc23fd1901046,de/westnordost/streetcomplete/data/osmnotes/NotesModuleKt$notesModule$1$4,6,6,100.0
8a883b211c7f6ab7,de/westnordost/streetcomplete/data/sync/CoroutineIntentService,6,19,31.58
dc0e7dad1558b37d,de/westnordost/streetcomplete/data/osm/edits/ElementEditsModuleKt$elementEditsModule$1$5,6,6,100.0
3f086f78f4e9cb17,de/westnordost/streetcomplete/data/DbModuleKt$dbModule$1$2,6,6,100.0
5309bb53e333dcf3,de/westnordost/streetcomplete/data/osm/mapdata/MapDataModuleKt$mapDataModule$1$4,6,6,100.0
c14c2131da6f7dba,de/westnordost/streetcomplete/data/osmnotes/NotesModuleKt$notesModule$1$1,6,6,100.0
edb3f1713c28c701,de/westnordost/streetcomplete/quests/level/AddLevel,6,113,5.31
360c254d18fd83ff,de/westnordost/streetcomplete/quests/surface/AddPathSurface,5,22,22.73
6dbf96c16133521a,de/westnordost/streetcomplete/screens/main/map/MapFragment$onViewCreated$3,5,5,100.0
2edab1176a11cd80,de/westnordost/streetcomplete/quests/oneway/AddOneway,5,82,6.1
ef9e75f19ac9c025,de/westnordost/streetcomplete/ApplicationModuleKt$appModule$1$4,5,5,100.0
42dcb2d0fbdb4358,de/westnordost/streetcomplete/quests/tactile_paving/AddTactilePavingSteps,5,18,27.78
b35d0f1b1d6081b2,de/westnordost/streetcomplete/Prefs$Autosync,5,5,100.0
38e4d7bd299cb66d,de/westnordost/streetcomplete/quests/oneway_suspects/data/TrafficFlowSegmentsModuleKt$trafficFlowSegmentsModule$1$1,5,5,100.0
df4b02ee21b82cec,de/westnordost/streetcomplete/screens/main/map/components/GeometryMarkersMapComponent,5,92,5.43
6e5cedcb879a3cfa,de/westnordost/streetcomplete/view/insets_animation/ImeInsetsAnimationCallbackKt$respectSystemInsets$1,5,5,100.0
1281b4b848d967e4,de/westnordost/streetcomplete/quests/barrier_type/AddBarrierOnRoad,5,38,13.16
18d2d39fcc736e28,de/westnordost/streetcomplete/data/osmnotes/edits/NoteEditsModuleKt$noteEditsModule$1$4,5,5,100.0
8c38a8d3761ce3ed,de/westnordost/streetcomplete/data/user/statistics/EditTypeStatisticsDao$getTotalAmount$1,5,5,100.0
46881703bbb3f301,de/westnordost/streetcomplete/ApplicationModuleKt$appModule$1$1,5,5,100.0
7c060e09e93e320f,de/westnordost/streetcomplete/data/user/achievements/AchievementsModuleKt$achievementsModule$1$1,5,5,100.0
9b933aff711cd93b,de/westnordost/streetcomplete/data/user/UserModuleKt$userModule$1$6,5,5,100.0
dba354e5639f055a,de/westnordost/streetcomplete/data/visiblequests/QuestPresetsModuleKt$questPresetsModule$1$10,5,5,100.0
c44a0a174173ae91,de/westnordost/streetcomplete/quests/tactile_paving/AddTactilePavingKerb,5,48,10.42
90ceeac9e0bac35f,de/westnordost/streetcomplete/data/UnsyncedChangesCountSource$getSolvedCount$2,5,8,62.5
01fc7e0ca24d07a5,de/westnordost/streetcomplete/screens/main/controls/MainMenuButtonFragment$binding$2,5,5,100.0
8e1e9c673377fb14,de/westnordost/streetcomplete/quests/step_count/AddStepCountStile,5,58,8.62
f74947e0c564affa,de/westnordost/streetcomplete/data/upload/UploadModuleKt$uploadModule$1$1,5,5,100.0
e025a51ad6cd61ce,de/westnordost/streetcomplete/data/osm/created_elements/CreatedElementsModuleKt$createdElementsModule$1$2,5,5,100.0
21a87e9f8300e662,de/westnordost/streetcomplete/quests/existence/CheckExistence,5,65,7.69
5d8fb3be91b40dec,de/westnordost/streetcomplete/data/user/achievements/AchievementsModuleKt$achievementsModule$1$2,5,5,100.0
ff51218bf9149d6c,de/westnordost/streetcomplete/screens/main/controls/UndoButtonFragment$getMostRecentUndoable$2,5,8,62.5
558152b08e8a730a,de/westnordost/streetcomplete/data/download/DownloadModuleKt$downloadModule$1$7,5,5,100.0
21b103f22dd2b54d,de/westnordost/streetcomplete/quests/crossing_type/AddCrossingType,5,78,6.41
3ab782b2f84aba92,de/westnordost/streetcomplete/quests/bollard_type/AddBollardType,5,62,8.06
895e2429e979370f,de/westnordost/streetcomplete/screens/main/map/MainMapFragment$onBeforeLoadScene$sceneUpdates$1,5,8,62.5
0656b9b75988cd56,de/westnordost/streetcomplete/quests/surface/AddPitchSurface,5,16,31.25
388e3d7de1adb71d,de/westnordost/streetcomplete/quests/opening_hours_signed/CheckOpeningHoursSigned,5,77,6.49
8faca8e67d68a169,de/westnordost/streetcomplete/data/meta/CountryInfos,5,44,11.36
4b53c6049922072f,de/westnordost/streetcomplete/data/visiblequests/QuestPresetsModuleKt$questPresetsModule$1$6,5,5,100.0
24f399dbb06e3ecd,de/westnordost/streetcomplete/screens/settings/ResurveyIntervalsUpdater$WhenMappings,5,8,62.5
d70ec0f9294cdd07,de/westnordost/streetcomplete/data/visiblequests/QuestPresetsModuleKt$questPresetsModule$1$4,5,5,100.0
d52cf35b020fb7bc,de/westnordost/streetcomplete/data/download/tiles/DownloadedTilesController,5,28,17.86
7cbd4c3febe170b9,de/westnordost/streetcomplete/data/user/achievements/AchievementsModuleKt$achievementsModule$1$6,5,5,100.0
0e3a956b5f286fa5,de/westnordost/streetcomplete/screens/main/map/MapFragment$createHttpHandler$1,5,5,100.0
8cea4646aa6b3b28,de/westnordost/streetcomplete/data/upload/UploadModuleKt$uploadModule$1$4,5,5,100.0
759c3c767f089d1a,de/westnordost/streetcomplete/overlays/cycleway/CyclewayOverlay,5,26,19.23
89a7b2ff600a88aa,de/westnordost/streetcomplete/data/visiblequests/QuestTypeOrderDao,5,14,35.71
a439a43c954cc90f,de/westnordost/streetcomplete/quests/shop_type/CheckShopExistence,5,53,9.43
92f1944b396a6bb8,de/westnordost/streetcomplete/screens/main/MainFragment$binding$2,5,5,100.0
5077ba4b91143755,de/westnordost/streetcomplete/data/user/statistics/StatisticsModuleKt$statisticsModule$1$8,5,5,100.0
347cdee01f6cb975,de/westnordost/streetcomplete/quests/leaf_detail/AddForestLeafType,5,65,7.69
4d27eaa23a635157,de/westnordost/streetcomplete/quests/roof_shape/AddRoofShape,5,67,7.46
42d0379743ebf267,de/westnordost/streetcomplete/screens/main/map/MapFragment$binding$2,5,5,100.0
888b602b73bca7c8,de/westnordost/streetcomplete/screens/main/controls/MessagesButtonFragment$initializeButtonState$numberOfMessages$1,5,8,62.5
fa053fddfb539a56,de/westnordost/streetcomplete/data/user/achievements/Achievement,5,58,8.62
638fbd3b8bd52980,de/westnordost/streetcomplete/ApplicationModuleKt$appModule$1$3,5,5,100.0
90e5fca984d0b59a,de/westnordost/streetcomplete/data/AndroidCursorPosition,5,52,9.62
83fb3f3769fe8822,de/westnordost/streetcomplete/util/ktx/FragmentKt,5,23,21.74
2136745b714b290b,de/westnordost/streetcomplete/screens/main/MainFragment$onViewCreated$1,5,5,100.0
91601d968f0136cf,de/westnordost/streetcomplete/data/upload/UploadModuleKt$uploadModule$1$3,5,5,100.0
8c72469dd76950d6,de/westnordost/streetcomplete/data/download/DownloadModuleKt$downloadModule$1$5,5,5,100.0
1b37746a7b98a94c,de/westnordost/streetcomplete/screens/main/map/VectorTileProvider,5,9,55.56
f5c472a580fd4227,de/westnordost/streetcomplete/screens/tutorial/TutorialFragment$binding$2,5,5,100.0
6da4cc5dfbabcfee,de/westnordost/streetcomplete/quests/place_name/AddPlaceName,5,49,10.2
1342b3da2a5dcf26,de/westnordost/streetcomplete/quests/traffic_signals_sound/AddTrafficSignalsSound,5,67,7.46
72d7de93394f28f3,de/westnordost/streetcomplete/screens/user/achievements/AchievementInfoFragment$binding$2,5,5,100.0
dbf726a4779d1cd7,de/westnordost/streetcomplete/data/osm/geometry/ElementGeometryModuleKt$elementGeometryModule$1$1,5,5,100.0
13a41263893936d8,de/westnordost/streetcomplete/quests/summit/AddSummitRegister,5,78,6.41
431a1b6f20585e05,de/westnordost/streetcomplete/quests/cycleway/AddCycleway,5,107,4.67
9f555c28fe10a35e,de/westnordost/streetcomplete/data/edithistory/EditHistoryModuleKt$editHistoryModule$1$1,5,5,100.0
4f76d7370507a373,de/westnordost/streetcomplete/data/osm/osmquests/OsmQuestModuleKt$osmQuestModule$1$3,5,5,100.0
e88d473738cf394f,de/westnordost/streetcomplete/databinding/FragmentMainMenuButtonBinding,5,17,29.41
85f2ff119d7509d1,de/westnordost/streetcomplete/data/overlays/OverlayModuleKt$overlayModule$1$1,5,5,100.0
ff2a716a19edd9f8,de/westnordost/streetcomplete/quests/postbox_collection_times/AddPostboxCollectionTimes,5,56,8.93
da52a7dc7d884e62,de/westnordost/streetcomplete/data/osmnotes/NotesModuleKt$notesModule$1$6,5,5,100.0
1204e5b13d33bce1,de/westnordost/streetcomplete/quests/crossing_island/AddCrossingIsland,5,67,7.46
bf50d63c2e22813e,de/westnordost/streetcomplete/quests/smoothness/AddRoadSmoothness,5,21,23.81
95e4513b615283f1,de/westnordost/streetcomplete/quests/summit/AddSummitCross,5,78,6.41
c1e3f9b8d8527697,de/westnordost/streetcomplete/data/user/UserModuleKt$userModule$1$8,5,5,100.0
33c013ab25b5c364,de/westnordost/streetcomplete/quests/max_speed/AddMaxSpeed$elementFilter$1,5,5,100.0
a70cf6083b37c536,de/westnordost/streetcomplete/quests/crossing/AddCrossing,5,103,4.85
32d2d6a8d3cf50b9,de/westnordost/streetcomplete/Prefs$ResurveyIntervals,5,5,100.0
abe3d1a4cc6f7966,de/westnordost/streetcomplete/quests/barrier_type/AddBarrierOnPath,5,38,13.16
103738ddfe1d218f,de/westnordost/streetcomplete/quests/oneway_suspects/AddSuspectedOneway,5,115,4.35
c7c625707a53476b,de/westnordost/streetcomplete/data/osm/edits/ElementEditsModuleKt$elementEditsModule$1$10,5,5,100.0
34d90e42c439f105,de/westnordost/streetcomplete/quests/railway_crossing/AddRailwayCrossingBarrier,5,66,7.58
0a49ddd2fcaea498,de/westnordost/streetcomplete/data/user/UserModuleKt$userModule$1$3,5,5,100.0
b23b3aa20830ef71,de/westnordost/streetcomplete/data/osm/geometry/ElementGeometryModuleKt$elementGeometryModule$1$5,5,5,100.0
c20d54c5937e6a6c,de/westnordost/streetcomplete/data/osmnotes/notequests/OsmNoteQuestModuleKt$osmNoteQuestModule$1$3,5,5,100.0
df027d2e7cd6b6fa,de/westnordost/streetcomplete/data/user/statistics/EditTypeStatisticsTables,4,4,100.0
2980a24b0a6881b3,de/westnordost/streetcomplete/quests/police_type/AddPoliceType,4,18,22.22
49a6df7177d93114,de/westnordost/streetcomplete/screens/main/controls/AnswersCounterFragment$special$$inlined$inject$default$1,4,4,100.0
8fb69c33bd2ade81,de/westnordost/streetcomplete/data/osmnotes/notequests/OsmNoteQuestType,4,12,33.33
05c79474c78bde0f,de/westnordost/streetcomplete/data/upload/UploadProgressRelay,4,26,15.38
c1e0e2684cbfff5a,de/westnordost/streetcomplete/osm/MaxspeedKt,4,50,8.0
c242ba0e78455866,de/westnordost/streetcomplete/screens/main/map/MainMapFragment$special$$inlined$inject$default$4,4,4,100.0
3071da372cac766f,de/westnordost/streetcomplete/data/osm/edits/move/MoveNodeAction$$serializer,4,19,21.05
f2f4f8cbe6bae42c,de/westnordost/streetcomplete/screens/MainActivity$special$$inlined$inject$default$13,4,4,100.0
90cba8648fbef7a0,de/westnordost/streetcomplete/screens/MainActivity$special$$inlined$inject$default$1,4,4,100.0
e391bb6d56bc2ef3,de/westnordost/streetcomplete/quests/incline_direction/AddBicycleIncline,4,62,6.45
29ec612b91487131,de/westnordost/streetcomplete/quests/foot/AddProhibitedForPedestrians,4,23,17.39
bed0702f63423d63,de/westnordost/streetcomplete/data/osm/edits/split_way/SplitAtLinePosition$$serializer,4,20,20.0
d6389b0e7cff3127,de/westnordost/streetcomplete/quests/tactile_paving/AddTactilePavingBusStop,4,17,23.53
9d18ef4c463b749a,de/westnordost/streetcomplete/data/osm/edits/delete/DeletePoiNodeAction$$serializer,4,18,22.22
bed5286230764e37,de/westnordost/streetcomplete/data/user/statistics/CountryStatisticsTables,4,4,100.0
fb4e7bdc4ac4e369,de/westnordost/streetcomplete/screens/main/map/MainMapFragment$special$$inlined$inject$default$1,4,4,100.0
e9e9a36fa8cbf318,de/westnordost/streetcomplete/quests/fire_hydrant_diameter/AddFireHydrantDiameter,4,23,17.39
d8864621e297b568,de/westnordost/streetcomplete/data/osm/edits/split_way/SplitPolylineAtPosition$Companion,4,4,100.0
e2f3182ca534e6b4,de/westnordost/streetcomplete/quests/tracktype/AddTracktype,4,15,26.67
e0320475d7ba428e,de/westnordost/streetcomplete/data/user/statistics/EditTypeStatisticsDao,4,28,14.29
5248b4d5be45c963,de/westnordost/streetcomplete/screens/main/map/MainMapFragment$special$$inlined$inject$default$5,4,4,100.0
8e8b8b69150f0103,de/westnordost/streetcomplete/quests/accepts_cash/AddAcceptsCash,4,31,12.9
6ebd8af2e090652b,de/westnordost/streetcomplete/overlays/way_lit/WayLitOverlay,4,17,23.53
233734c0850a38e7,de/westnordost/streetcomplete/quests/postbox_ref/AddPostboxRef,4,23,17.39
cc7d461141e3b993,de/westnordost/streetcomplete/data/quest/AllCountriesExcept,4,16,25.0
8e7d8b8d27b6006d,de/westnordost/streetcomplete/data/osm/mapdata/Element$Companion$1,4,4,100.0
ce09e57a6aa023fe,de/westnordost/streetcomplete/quests/recycling_glass/DetermineRecyclingGlass,4,24,16.67
8986eec60331465c,de/westnordost/streetcomplete/data/osm/edits/delete/RevertDeletePoiNodeAction$$serializer,4,18,22.22
01eed01c499e8a43,de/westnordost/streetcomplete/data/osm/mapdata/LatLon$Companion,4,13,30.77
e62bffb985144ebf,de/westnordost/streetcomplete/StreetCompleteApplication$special$$inlined$inject$default$7,4,4,100.0
06daeea6dfea8dac,de/westnordost/streetcomplete/screens/main/controls/UndoButtonFragment$special$$inlined$inject$default$1,4,4,100.0
39d389786d8eef45,de/westnordost/streetcomplete/screens/MainActivity$special$$inlined$inject$default$7,4,4,100.0
374a53c17117fff2,de/westnordost/streetcomplete/screens/main/map/MapFragment$special$$inlined$inject$default$2,4,4,100.0
79862a5d8a7ae33f,de/westnordost/streetcomplete/data/osm/edits/split_way/SplitWayAction$$serializer,4,19,21.05
a27b8fcd46087906,de/westnordost/streetcomplete/data/osm/edits/split_way/SplitPolylineAtPosition$Companion$1,4,4,100.0
e1e5ced4b04e05c2,de/westnordost/streetcomplete/screens/MainActivity$special$$inlined$inject$default$4,4,4,100.0
5cb9cf4af4118522,de/westnordost/streetcomplete/screens/main/controls/AnswersCounterFragment$special$$inlined$inject$default$4,4,4,100.0
13ae4676328a5582,de/westnordost/streetcomplete/screens/main/MainFragment$special$$inlined$inject$default$4,4,4,100.0
18f2d21c7c0dec38,de/westnordost/streetcomplete/quests/fire_hydrant_ref/AddFireHydrantRef,4,21,19.05
650917347c270cfe,de/westnordost/streetcomplete/data/osm/edits/create/RevertCreateNodeAction$$serializer,4,19,21.05
bb1d3ab61949f21c,de/westnordost/streetcomplete/data/osm/edits/update_tags/UpdateElementTagsAction$$serializer,4,19,21.05
24513ad05c3a71bc,de/westnordost/streetcomplete/data/osm/edits/create/CreateNodeFromVertexAction$$serializer,4,20,20.0
ddde3f179849b18d,de/westnordost/streetcomplete/screens/main/controls/AnswersCounterFragment$special$$inlined$inject$default$2,4,4,100.0
5d9d17178fc55652,de/westnordost/streetcomplete/screens/MainActivity$special$$inlined$inject$default$10,4,4,100.0
cf7441d8257308f7,de/westnordost/streetcomplete/screens/main/controls/MessagesButtonFragment$special$$inlined$inject$default$1,4,4,100.0
f256e5f836b69a2e,de/westnordost/streetcomplete/screens/main/map/MapFragment$special$$inlined$inject$default$3,4,4,100.0
ca9ae2c222b539d2,de/westnordost/streetcomplete/data/quest/NoCountriesExcept,4,16,25.0
6ea227ccbef9fce7,de/westnordost/streetcomplete/screens/main/map/MainMapFragment$special$$inlined$inject$default$2,4,4,100.0
cc992cfe3bad3062,de/westnordost/streetcomplete/screens/main/map/MainMapFragment$special$$inlined$inject$default$8,4,4,100.0
2ea5d1eb40e26406,de/westnordost/streetcomplete/screens/main/MainFragment$special$$inlined$inject$default$2,4,4,100.0
c79ea264ab305570,de/westnordost/streetcomplete/quests/address/AddHousenumber,4,180,2.22
1b06d0680b1993b9,de/westnordost/streetcomplete/quests/building_levels/AddBuildingLevels,4,23,17.39
c604ad329c7dfc84,de/westnordost/streetcomplete/data/osm/mapdata/Element$Companion,4,4,100.0
8f6d7cafb381b393,de/westnordost/streetcomplete/quests/sidewalk/AddSidewalk,4,91,4.4
21b7b7bfdc9c217c,de/westnordost/streetcomplete/screens/main/map/components/SelectedPinsMapComponent,4,16,25.0
0d9154bbb665b34d,de/westnordost/streetcomplete/quests/shop_type/CheckShopType,4,46,8.7
95bd633df9754bfc,de/westnordost/streetcomplete/StreetCompleteApplication$special$$inlined$inject$default$2,4,4,100.0
0af609fdbc559350,de/westnordost/streetcomplete/screens/BaseActivity,4,16,25.0
d31c9734bbf6fbee,de/westnordost/streetcomplete/screens/main/controls/UploadButtonFragment$special$$inlined$inject$default$4,4,4,100.0
1ea4dfb39beea6b1,de/westnordost/streetcomplete/quests/clothing_bin_operator/AddClothingBinOperator,4,66,6.06
e25848d1f0526e96,de/westnordost/streetcomplete/screens/main/MainFragment$special$$inlined$inject$default$1,4,4,100.0
54312be17d97a62e,de/westnordost/streetcomplete/data/download/DownloadProgressRelay,4,26,15.38
c657bb681a350b67,de/westnordost/streetcomplete/screens/main/MainFragment$onViewCreated$2,4,4,100.0
d7412512bdf33332,de/westnordost/streetcomplete/screens/MainActivity$special$$inlined$inject$default$2,4,4,100.0
1d58f1c9f4148446,de/westnordost/streetcomplete/data/osm/edits/update_tags/RevertUpdateElementTagsAction$$serializer,4,19,21.05
04c1a9aa722a8390,de/westnordost/streetcomplete/screens/MainActivity$special$$inlined$inject$default$3,4,4,100.0
2922cff19cd346d2,de/westnordost/streetcomplete/screens/main/map/components/PinsMapComponent,4,16,25.0
dcd79ec94281dc7b,de/westnordost/streetcomplete/quests/bus_stop_name/AddBusStopName,4,21,19.05
0ad04f6ec99f68d9,de/westnordost/streetcomplete/osm/HighwayKt,4,6,66.67
ba4f4351e7dda3ce,de/westnordost/streetcomplete/StreetCompleteApplication$special$$inlined$inject$default$3,4,4,100.0
06c7f7cc126a0e74,de/westnordost/streetcomplete/StreetCompleteApplication$special$$inlined$inject$default$1,4,4,100.0
3b8d2f07eb72aad8,de/westnordost/streetcomplete/quests/recycling_material/AddRecyclingContainerMaterials,4,123,3.25
5e998734e4dd8013,de/westnordost/streetcomplete/screens/main/MainFragment$special$$inlined$inject$default$5,4,4,100.0
6167537682eb959d,de/westnordost/streetcomplete/data/osm/edits/move/RevertMoveNodeAction$$serializer,4,18,22.22
fd9ff11076f9bf1f,de/westnordost/streetcomplete/screens/main/map/MainMapFragment$special$$inlined$inject$default$7,4,4,100.0
ee49c9727c4cfe09,de/westnordost/streetcomplete/data/osm/edits/create/CreateNodeAction$$serializer,4,20,20.0
348bc0dc1096b141,de/westnordost/streetcomplete/quests/bus_stop_ref/AddBusStopRef,4,20,20.0
b2c76250ea494775,de/westnordost/streetcomplete/screens/main/map/MainMapFragment$special$$inlined$inject$default$9,4,4,100.0
17af6914bda6c6ad,de/westnordost/streetcomplete/data/osm/mapdata/Relation$$serializer,4,23,17.39
2d918b38f6abf5c7,de/westnordost/streetcomplete/quests/postbox_royal_cypher/AddPostboxRoyalCypher,4,20,20.0
e032848cbeb367c2,de/westnordost/streetcomplete/StreetCompleteApplication$special$$inlined$inject$default$6,4,4,100.0
e55d051f817a2ce0,de/westnordost/streetcomplete/screens/main/controls/UndoButtonFragment$special$$inlined$inject$default$2,4,4,100.0
dfe059b4b29aa911,de/westnordost/streetcomplete/screens/main/map/MainMapFragment$special$$inlined$inject$default$3,4,4,100.0
ffac010b37142441,de/westnordost/streetcomplete/screens/main/map/components/TracksMapComponent$Track,4,21,19.05
50b6b4aaa23a2bdc,de/westnordost/streetcomplete/screens/main/controls/AnswersCounterFragment$special$$inlined$inject$default$5,4,4,100.0
f942fb36af26d0a8,de/westnordost/streetcomplete/data/upload/UploadService$special$$inlined$inject$default$1,4,4,100.0
872e72add4e40775,de/westnordost/streetcomplete/overlays/sidewalk/SidewalkOverlay,4,25,16.0
7b0b851f15004d0b,de/westnordost/streetcomplete/data/osmnotes/NoteDao,4,74,5.41
320eb6f9df058dd3,de/westnordost/streetcomplete/quests/width/AddCyclewayWidth,4,30,13.33
a4d6df473dda507c,de/westnordost/streetcomplete/JacocoInstrument/SMSInstrumentedReceiver,4,7,57.14
d08c9011dae2dc2f,de/westnordost/streetcomplete/data/osm/edits/split_way/SplitAtPoint$$serializer,4,18,22.22
3d7b649712d575ab,de/westnordost/streetcomplete/quests/smoothness/AddRoadSmoothnessKt,4,4,100.0
b410cce2db82f5d3,de/westnordost/streetcomplete/data/osm/mapdata/Node$$serializer,4,22,18.18
4f594a1782d26131,de/westnordost/streetcomplete/quests/kerb_height/AddKerbHeight,4,46,8.7
24e8d8569006ba09,de/westnordost/streetcomplete/screens/main/map/LocationAwareMapFragment$special$$inlined$inject$default$1,4,4,100.0
2d490fbe249738d8,de/westnordost/streetcomplete/data/osm/edits/create/InsertIntoWayAt$$serializer,4,20,20.0
2fc31e9745180a95,de/westnordost/streetcomplete/data/osm/mapdata/Way$$serializer,4,23,17.39
2c54f70ffd0448bd,de/westnordost/streetcomplete/quests/segregated/AddCyclewaySegregation,4,19,21.05
91045955d5f5d2b5,de/westnordost/streetcomplete/screens/main/map/MainMapFragment$special$$inlined$inject$default$6,4,4,100.0
e90a95f331e29241,de/westnordost/streetcomplete/screens/MainActivity$special$$inlined$inject$default$8,4,4,100.0
cf60b768381e7f79,de/westnordost/streetcomplete/quests/fuel_service/AddFuelSelfService,4,17,23.53
3b512cb8ccbfd4f4,de/westnordost/streetcomplete/quests/road_name/AddRoadName,4,41,9.76
431c7393b1bb7688,de/westnordost/streetcomplete/screens/main/controls/AnswersCounterFragment$special$$inlined$inject$default$3,4,4,100.0
f183f4d081958311,de/westnordost/streetcomplete/screens/MainActivity$special$$inlined$inject$default$5,4,4,100.0
e2563ea50147ba68,de/westnordost/streetcomplete/StreetCompleteApplication$special$$inlined$inject$default$5,4,4,100.0
8847210d90f19e59,de/westnordost/streetcomplete/screens/main/map/tangram/KtMapControllerKt$initMap$2$1,4,5,80.0
149fa448ca5dcd6f,de/westnordost/streetcomplete/screens/main/controls/MainMenuButtonFragment$special$$inlined$inject$default$1,4,4,100.0
65e226ff510c35e9,de/westnordost/streetcomplete/screens/main/map/MapFragment$special$$inlined$inject$default$1,4,4,100.0
fa5aed120e8ac63f,de/westnordost/streetcomplete/quests/toilets_fee/AddToiletsFee,4,18,22.22
14f5fbf6bccd73c7,de/westnordost/streetcomplete/quests/access_point_ref/AddAccessPointRef,3,23,13.04
bfcf02f3559680a4,de/westnordost/streetcomplete/quests/diet_type/AddVegetarian,3,24,12.5
07c6742f60e7cb15,de/westnordost/streetcomplete/data/osmnotes/NotesApiImpl,3,84,3.57
584c1684dc6242b4,de/westnordost/streetcomplete/quests/diet_type/AddKosher,3,21,14.29
079dffb88d628d67,de/westnordost/streetcomplete/quests/handrail/AddHandrail,3,19,15.79
071894a46c7ff7e6,de/westnordost/streetcomplete/quests/bike_shop/AddSecondHandBicycleAvailability,3,22,13.64
b0fb9544664053bd,de/westnordost/streetcomplete/data/messages/QuestSelectionHintState,3,5,60.0
1bee99df8a5f683a,de/westnordost/streetcomplete/overlays/street_parking/StreetParkingOverlay,3,30,10.0
cf1bec6dc6693549,de/westnordost/streetcomplete/quests/internet_access/AddInternetAccess,3,15,20.0
99921b3ba210c8e4,de/westnordost/streetcomplete/quests/max_weight/AddMaxWeight,3,19,15.79
cce07cd90aff9aac,de/westnordost/streetcomplete/data/visiblequests/SelectedQuestPresetStore,3,8,37.5
51abbfa3d39445f7,de/westnordost/streetcomplete/quests/bus_stop_shelter/AddBusStopShelter,3,19,15.79
614d0573b9d10d60,de/westnordost/streetcomplete/quests/surface/AddCyclewayPartSurface,3,15,20.0
536acec453f92ec4,de/westnordost/streetcomplete/data/overlays/SelectedOverlayStore,3,8,37.5
71ed727fdafa41fc,de/westnordost/streetcomplete/quests/ferry/AddFerryAccessMotorVehicle,3,15,20.0
4c8e7448dbbe9bc9,de/westnordost/streetcomplete/data/osmnotes/AvatarsDownloader,3,36,8.33
4185b03aa0fda18a,de/westnordost/streetcomplete/quests/hairdresser/AddHairdresserCustomers,3,23,13.04
e928d65b6edd0163,de/westnordost/streetcomplete/quests/parking_fee/AddBikeParkingFee,3,14,21.43
cad1ed97fc5e63cb,de/westnordost/streetcomplete/quests/construction/MarkCompletedBuildingConstruction,3,26,11.54
b4f6097467b5c2eb,de/westnordost/streetcomplete/quests/bike_shop/AddBikeRepairAvailability,3,17,17.65
7e1ab5a4f530de50,de/westnordost/streetcomplete/quests/smoking/AddSmoking,3,18,16.67
1a7f68461902d3d4,de/westnordost/streetcomplete/quests/camping/AddCampDrinkingWater,3,16,18.75
1aed5bae634912f8,de/westnordost/streetcomplete/quests/camera_type/AddCameraType,3,16,18.75
21f467ac4e8af9d8,de/westnordost/streetcomplete/quests/pitch_lit/AddPitchLit,3,14,21.43
c5b598e2a46d1034,de/westnordost/streetcomplete/quests/religion/AddReligionToPlaceOfWorship,3,14,21.43
9725ae57444f542f,de/westnordost/streetcomplete/quests/fire_hydrant/AddFireHydrantType,3,17,17.65
9094565d21a6165b,de/westnordost/streetcomplete/quests/motorcycle_parking_capacity/AddMotorcycleParkingCapacity,3,17,17.65
72b865c553b8a5fd,de/westnordost/streetcomplete/screens/main/map/components/DownloadedAreaMapComponent,3,34,8.82
12f7efe8e395ffb0,de/westnordost/streetcomplete/quests/parking_access/AddBikeParkingAccess,3,14,21.43
bd5139e42e9aa369,de/westnordost/streetcomplete/quests/amenity_cover/AddAmenityCover,3,17,17.65
e3e1f1c07fe47c83,de/westnordost/streetcomplete/data/osm/edits/delete/RevertDeletePoiNodeAction$Companion,3,3,100.0
8000add784a1983d,de/westnordost/streetcomplete/quests/charging_station_capacity/AddChargingStationCapacity,3,17,17.65
4f37bd26728699d9,de/westnordost/streetcomplete/data/osm/edits/move/RevertMoveNodeAction$Companion,3,3,100.0
651738cb205684e9,de/westnordost/streetcomplete/quests/bike_rental_type/AddBikeRentalType,3,25,12.0
eb4395eb06e2c12c,de/westnordost/streetcomplete/quests/playground_access/AddPlaygroundAccess,3,14,21.43
3f277907f1d82e9e,de/westnordost/streetcomplete/quests/barrier_bicycle_barrier_type/AddBicycleBarrierType,3,18,16.67
0d2b77f15e972d38,de/westnordost/streetcomplete/quests/building_underground/AddIsBuildingUnderground,3,16,18.75
f6f8cf008a136a92,de/westnordost/streetcomplete/quests/car_wash_type/AddCarWashType,3,23,13.04
43e36d904473cb91,de/westnordost/streetcomplete/quests/parking_access/AddParkingAccess,3,14,21.43
468ed1b2eaea8c74,de/westnordost/streetcomplete/data/osm/edits/update_tags/RevertUpdateElementTagsAction$Companion,3,3,100.0
2d0ea0dfa5f49189,de/westnordost/streetcomplete/quests/seating/AddSeating,3,21,14.29
eccbd624537e7853,de/westnordost/streetcomplete/quests/tactile_paving/TactilePavingUtilKt,3,3,100.0
99d2b67bd86de602,de/westnordost/streetcomplete/quests/bike_parking_type/AddBikeParkingType,3,17,17.65
32ceddd8e8313ef3,de/westnordost/streetcomplete/data/osm/edits/upload/changesets/OpenChangesetsManager,3,42,7.14
4654c6e8d12e6b80,de/westnordost/streetcomplete/data/user/achievements/Link,3,48,6.25
2726c6dfa3b1f00e,de/westnordost/streetcomplete/quests/incline_direction/AddStepsIncline,3,14,21.43
7261fd1a44006923,de/westnordost/streetcomplete/data/osm/osmquests/OsmQuestsHiddenDao,3,23,13.04
750cffb90595fd4a,de/westnordost/streetcomplete/quests/drinking_water_type/AddDrinkingWaterType,3,15,20.0
1ff6b6acfb78384e,de/westnordost/streetcomplete/quests/parking_fee/AddParkingFee,3,14,21.43
7d680e26b47e155c,de/westnordost/streetcomplete/quests/camping/AddCampType,3,20,15.0
d908cde14d9c031a,de/westnordost/streetcomplete/screens/main/map/tangram/KtMapController$6,3,8,37.5
2c4bcc1cc82b020b,de/westnordost/streetcomplete/quests/diet_type/AddVegan,3,21,14.29
8754c61ea79acc5c,de/westnordost/streetcomplete/quests/building_type/AddBuildingType,3,30,10.0
8a066dc14dcbf897,de/westnordost/streetcomplete/quests/air_pump/AddBicyclePump,3,19,15.79
157c00a8d50e9a70,de/westnordost/streetcomplete/quests/surface/AddSidewalkSurface,3,27,11.11
301b5be5e7dcaee3,de/westnordost/streetcomplete/quests/bus_stop_lit/AddBusStopLit,3,14,21.43
b574a2fbfe2cf361,de/westnordost/streetcomplete/data/osm/edits/create/CreateNodeFromVertexAction$Companion,3,3,100.0
73959f0683681533,de/westnordost/streetcomplete/data/osm/edits/delete/DeletePoiNodeAction$Companion,3,3,100.0
b44c33de06dbfb82,de/westnordost/streetcomplete/quests/traffic_signals_button/AddTrafficSignalsButton,3,24,12.5
081a9e87ad89f9c0,de/westnordost/streetcomplete/quests/religion/AddReligionToWaysideShrine,3,14,21.43
4bbbb005dcd955bc,de/westnordost/streetcomplete/data/osm/edits/update_tags/UpdateElementTagsAction$Companion,3,3,100.0
675bb7bcb7763d61,de/westnordost/streetcomplete/quests/surface/AddFootwayPartSurface,3,15,20.0
50190d93717d0608,de/westnordost/streetcomplete/quests/shop_type/SpecifyShopType,3,32,9.38
4d8fe7a49f359e19,de/westnordost/streetcomplete/quests/tourism_information/AddInformationToTourism,3,15,20.0
df40ee202eef4c91,de/westnordost/streetcomplete/quests/wheelchair_access/AddWheelchairAccessPublicTransport,3,14,21.43
b8b2648da98e369c,de/westnordost/streetcomplete/quests/parking_type/AddParkingType,3,14,21.43
5b9944ca09484547,de/westnordost/streetcomplete/quests/orchard_produce/AddOrchardProduce,3,21,14.29
c60d6daa86b04e91,de/westnordost/streetcomplete/quests/grit_bin_seasonal/AddGritBinSeasonal,3,17,17.65
b99a7060cc1ca66b,de/westnordost/streetcomplete/quests/baby_changing_table/AddBabyChangingTable,3,16,18.75
234f86acf4a01ad3,de/westnordost/streetcomplete/quests/bike_parking_cover/AddBikeParkingCover,3,17,17.65
a4af0cb9b593263d,de/westnordost/streetcomplete/quests/board_type/AddBoardType,3,19,15.79
0f9fad5ce5dfbcd2,de/westnordost/streetcomplete/quests/oneway_suspects/data/TrafficFlowSegmentsApi,3,20,15.0
d82869925380e9f5,de/westnordost/streetcomplete/quests/self_service/AddSelfServiceLaundry,3,22,13.64
905d6cf512618ad5,de/westnordost/streetcomplete/quests/bus_stop_bench/AddBenchStatusOnBusStop,3,14,21.43
f4be8efe2327b54a,de/westnordost/streetcomplete/quests/bike_rental_capacity/AddBikeRentalCapacity,3,17,17.65
56cfba407e4ddef5,de/westnordost/streetcomplete/quests/bus_stop_bin/AddBinStatusOnBusStop,3,14,21.43
1921eedf07a7dc32,de/westnordost/streetcomplete/quests/bench_backrest/AddBenchBackrest,3,22,13.64
43729024b2ecb53c,de/westnordost/streetcomplete/data/osm/mapdata/Element,3,7,42.86
3698c2cf91da8942,de/westnordost/streetcomplete/quests/bike_parking_capacity/AddBikeParkingCapacity,3,17,17.65
9ac9bf12c90fa80f,de/westnordost/streetcomplete/data/osm/mapdata/LatLon,3,27,11.11
aa53b2617fd472cd,de/westnordost/streetcomplete/quests/barrier_type/AddBarrierType,3,15,20.0
d931f224ad21d318,de/westnordost/streetcomplete/quests/construction/MarkCompletedHighwayConstruction,3,36,8.33
5397b34e2813e5f8,de/westnordost/streetcomplete/data/osm/edits/split_way/SplitPolylineAtPosition,3,7,42.86
f40bfd1d86353210,de/westnordost/streetcomplete/data/osm/edits/split_way/SplitWayAction$Companion,3,3,100.0
a20a332a9993658f,de/westnordost/streetcomplete/data/OsmApiModuleKt,3,3,100.0
96b2c560956823f9,de/westnordost/streetcomplete/data/download/strategy/AVariableRadiusStrategy,3,64,4.69
20dba2658a481db8,de/westnordost/streetcomplete/quests/atm_cashin/AddAtmCashIn,3,17,17.65
5fa5c5326eeff92f,de/westnordost/streetcomplete/quests/accepts_cards/AddAcceptsCards,3,19,15.79
28d7b91a9f66bbc6,de/westnordost/streetcomplete/quests/ferry/AddFerryAccessPedestrian,3,15,20.0
df4ea259c16291f5,de/westnordost/streetcomplete/quests/air_pump/AddAirCompressor,3,16,18.75
ae5cac103db7da74,de/westnordost/streetcomplete/quests/general_fee/AddGeneralFee,3,14,21.43
a9a886a38af3383a,de/westnordost/streetcomplete/screens/main/map/MainMapFragment$PinMode,3,5,60.0
9a53c2b84b5f1e57,de/westnordost/streetcomplete/quests/charging_station_operator/AddChargingStationOperator,3,17,17.65
9e83c2e3ad1e0c9a,de/westnordost/streetcomplete/quests/traffic_calming_type/AddTrafficCalmingType,3,15,20.0
cf40e601c978be27,de/westnordost/streetcomplete/quests/drinking_water/AddDrinkingWater,3,21,14.29
a9a9e809e9da4e64,de/westnordost/streetcomplete/quests/wheelchair_access/AddWheelchairAccessToiletsPart,3,21,14.29
f4e3867c87d31b3b,de/westnordost/streetcomplete/data/osm/created_elements/CreatedElementsController,3,24,12.5
8fab8c6a7f8a7acb,de/westnordost/streetcomplete/data/osmtracks/TracksApiImpl,3,35,8.57
e7658ef01607c915,de/westnordost/streetcomplete/quests/atm_operator/AddAtmOperator,3,17,17.65
5fec5f2beb1ced51,de/westnordost/streetcomplete/quests/powerpoles_material/AddPowerPolesMaterial,3,20,15.0
ae987f27372a801f,de/westnordost/streetcomplete/quests/wheelchair_access/AddWheelchairAccessToilets,3,15,20.0
216257665bf3336a,de/westnordost/streetcomplete/data/elementfilter/filters/RelativeDate,3,12,25.0
7a7e3f902c9917d3,de/westnordost/streetcomplete/quests/recycling/AddRecyclingType,3,23,13.04
f1623a5258a64d3e,de/westnordost/streetcomplete/quests/fire_hydrant_position/AddFireHydrantPosition,3,17,17.65
d32028bf7d3fc811,de/westnordost/streetcomplete/quests/wheelchair_access/AddWheelchairAccessOutside,3,14,21.43
e33accba116af859,de/westnordost/streetcomplete/data/osmnotes/notequests/NoteQuestsHiddenDao,3,16,18.75
87c3cfd1cf4fd19b,de/westnordost/streetcomplete/quests/barrier_bicycle_barrier_installation/AddBicycleBarrierInstallation,3,20,15.0
903bb30b43ffae08,de/westnordost/streetcomplete/quests/camping/AddCampPower,3,16,18.75
9e220f2db5568280,de/westnordost/streetcomplete/quests/camping/AddCampShower,3,16,18.75
cb6d0ee0deb47c25,de/westnordost/streetcomplete/quests/bridge_structure/AddBridgeStructure,3,14,21.43
43dd8935c0c09d0d,de/westnordost/streetcomplete/quests/diet_type/AddHalal,3,21,14.29
5623a358d8f86ab7,de/westnordost/streetcomplete/quests/defibrillator/AddIsDefibrillatorIndoor,3,16,18.75
4ec81f81c506bb7a,de/westnordost/streetcomplete/data/osm/edits/move/MoveNodeAction$Companion,3,3,100.0
03f6d9f185abd0eb,de/westnordost/streetcomplete/data/osm/edits/create/RevertCreateNodeAction$Companion,3,3,100.0
c8f56af971bca4e2,de/westnordost/streetcomplete/data/osm/edits/create/CreateNodeAction$Companion,3,3,100.0
0670427d7befb8bb,de/westnordost/streetcomplete/quests/air_conditioning/AddAirConditioning,3,18,16.67
df74c6a62dd2935d,de/westnordost/streetcomplete/data/osm/mapdata/MapDataApiImpl,3,277,1.08
96863cb4cd5f18fd,de/westnordost/streetcomplete/quests/sport/AddSport,3,14,21.43
d4df7b7df4fc6cfd,de/westnordost/streetcomplete/quests/motorcycle_parking_cover/AddMotorcycleParkingCover,3,17,17.65
a545b819d1c8d332,de/westnordost/streetcomplete/quests/toilet_availability/AddToiletAvailability,3,14,21.43
fa57bb9dfe28d049,de/westnordost/streetcomplete/data/elementfilter/filters/RelativeDate$Companion,3,4,75.0
df18942e576843ec,de/westnordost/streetcomplete/quests/memorial_type/AddMemorialType,3,14,21.43
07609bb525ef6680,de/westnordost/streetcomplete/quests/steps_ramp/AddStepsRamp,3,56,5.36
8b310e973b9e29fe,de/westnordost/streetcomplete/quests/step_count/AddStepCount,3,15,20.0
783511f03e6b2faf,de/westnordost/streetcomplete/quests/bollard_type/AddBollardType$waysFilter$2,2,5,40.0
2c1ba170ece1e18c,de/westnordost/streetcomplete/data/osm/edits/update_tags/UpdateElementTagsAction,2,44,4.55
5721cba8ddfce16d,de/westnordost/streetcomplete/quests/crossing_type/AddCrossingType$excludedWaysFilter$2,2,5,40.0
d3073064fc16cf6a,de/westnordost/streetcomplete/data/osm/osmquests/OsmQuestModuleKt,2,2,100.0
918d5afaf9c3829d,de/westnordost/streetcomplete/screens/MainActivity$noteEditsListener$1,2,6,33.33
d0c1a6f0a714410b,de/westnordost/streetcomplete/quests/building_entrance/AddEntrance$withoutEntranceFilter$2,2,5,40.0
a7e69a31ef83f265,de/westnordost/streetcomplete/data/download/tiles/DownloadedTilesDao,2,35,5.71
5a262296422582ae,de/westnordost/streetcomplete/screens/main/controls/MainMenuButtonFragment$teamModeListener$1,2,3,66.67
7f11cb103df921ba,de/westnordost/streetcomplete/data/user/statistics/StatisticsController$userLoginStatusListener$1,2,4,50.0
b7fcd1100fce516b,de/westnordost/streetcomplete/screens/main/map/StyleableOverlayManager$overlayListener$1,2,3,66.67
12256ddc91c7666f,de/westnordost/streetcomplete/data/DbModuleKt,2,2,100.0
df467ed9de1b37dd,de/westnordost/streetcomplete/data/osm/osmquests/OsmFilterQuestType,2,18,11.11
2d0400a0b8f72d08,de/westnordost/streetcomplete/quests/smoothness/AddPathSmoothnessKt,2,2,100.0
05e17ae746a4e9fc,de/westnordost/streetcomplete/screens/main/map/MapModuleKt$mapModule$1$1$1,2,3,66.67
eff850ee76a379d5,de/westnordost/streetcomplete/quests/summit/AddSummitCross$filter$2,2,5,40.0
9c423b083a2b6502,de/westnordost/streetcomplete/screens/main/map/tangram/TouchGestureManager$setRotateResponder$1,2,8,25.0
e55e3e5da3761812,de/westnordost/streetcomplete/data/user/UserModuleKt$userModule$1$2,2,4,50.0
28fd0ec93e86c8c2,de/westnordost/streetcomplete/data/user/statistics/StatisticsModuleKt$statisticsModule$1$6,2,6,33.33
87ec384351eb0ec2,de/westnordost/streetcomplete/data/user/achievements/AchievementsModuleKt$achievements$7,2,4,50.0
b3a25706cf217b0c,de/westnordost/streetcomplete/data/messages/MessagesSource$2,2,6,33.33
7eac49f5e2f65521,de/westnordost/streetcomplete/screens/MainActivity$Companion,2,2,100.0
fab0544349227741,de/westnordost/streetcomplete/quests/bollard_type/AddBollardType$bollardNodeFilter$2,2,5,40.0
47bd1d8b78205abf,de/westnordost/streetcomplete/data/maptiles/MaptilesModuleKt,2,2,100.0
31ccce4e17b7889f,de/westnordost/streetcomplete/quests/barrier_type/AddStileType$stileNodeFilter$2,2,5,40.0
74656703826721b9,de/westnordost/streetcomplete/quests/crossing/AddCrossing$roadsFilter$2,2,5,40.0
4b532f9758fb1483,de/westnordost/streetcomplete/data/user/achievements/AchievementsModuleKt$achievements$10,2,4,50.0
b6de23339d3dc06d,de/westnordost/streetcomplete/quests/tactile_paving/AddTactilePavingCrosswalk$crossingFilter$2,2,5,40.0
89d555033f381b2a,de/westnordost/streetcomplete/screens/main/map/MainMapFragment$overlayListener$1,2,22,9.09
de32cefea19d0199,de/westnordost/streetcomplete/screens/main/map/components/StyleableOverlayMapComponent$Companion,2,2,100.0
c1f2a1ffea52d28f,de/westnordost/streetcomplete/quests/opening_hours/AddOpeningHours$filter$2,2,20,10.0
641318f3a666d253,de/westnordost/streetcomplete/data/user/UserModuleKt$userModule$1$1,2,4,50.0
bb9426021fb19af2,de/westnordost/streetcomplete/data/osmnotes/AvatarsInNotesUpdater,2,16,12.5
d5ca0c5482291357,de/westnordost/streetcomplete/data/user/achievements/AchievementsModuleKt$achievements$2,2,4,50.0
1391e0b8ad463e8a,de/westnordost/streetcomplete/data/quest/VisibleQuestsSource$teamModeQuestFilterListener$1,2,3,66.67
84ac81dfa42f41b5,de/westnordost/streetcomplete/quests/building_entrance/AddEntrance$incomingWaysFilter$2,2,5,40.0
d783ba1351873ce4,de/westnordost/streetcomplete/data/upload/UploadService$Companion,2,4,50.0
ebd44f94d7371b82,de/westnordost/streetcomplete/quests/recycling_material/AddRecyclingContainerMaterials$filter$2,2,5,40.0
f5491071aa2357e6,de/westnordost/streetcomplete/data/osm/mapdata/MapDataModuleKt,2,2,100.0
609af2cb3f90d4c5,de/westnordost/streetcomplete/quests/barrier_type/AddBarrierOnPath$barrierFilter$2,2,5,40.0
d0375371b63bcc6e,de/westnordost/streetcomplete/data/osmnotes/NoteController$Companion,2,2,100.0
7db42f6a8c558f97,de/westnordost/streetcomplete/data/quest/QuestAutoSyncer$Companion,2,2,100.0
55f2738c0324747c,de/westnordost/streetcomplete/screens/main/map/TangramPinsSpriteSheet$Companion,2,2,100.0
494e31cf41ba9809,de/westnordost/streetcomplete/data/user/achievements/AchievementsModuleKt$achievements$8,2,4,50.0
4e15c4c3adc1f62c,de/westnordost/streetcomplete/data/user/achievements/AchievementsModuleKt$achievements$5,2,4,50.0
6a10d68bc8c72d1c,de/westnordost/streetcomplete/screens/tutorial/TutorialFragment$Companion,2,2,100.0
2a293f1ffd5b892e,de/westnordost/streetcomplete/util/ktx/ResourcesKt,2,24,8.33
d8c3711184999c0f,de/westnordost/streetcomplete/data/osm/geometry/ElementGeometryDao,2,52,3.85
4a962504d605c8d3,de/westnordost/streetcomplete/screens/main/map/tangram/TouchGestureManager$setPanResponder$1,2,12,16.67
2219b499e6460183,de/westnordost/streetcomplete/data/osm/created_elements/CreatedElementsModuleKt,2,2,100.0
c50bbd64f021a90b,de/westnordost/streetcomplete/data/upload/Uploader$uploadedChangeRelay$1,2,11,18.18
9d734f8386f06d4d,de/westnordost/streetcomplete/data/osm/edits/create/RevertCreateNodeAction,2,114,1.75
ccf6cddcf916f16e,de/westnordost/streetcomplete/data/maptiles/MapTilesDownloadCacheConfig$Companion,2,2,100.0
981fb9fbe2ae0a1f,de/westnordost/streetcomplete/screens/main/controls/MessagesButtonFragment$messagesSourceUpdateListener$1,2,3,66.67
f59c72f569aa77a0,de/westnordost/streetcomplete/data/download/DownloadModuleKt,2,2,100.0
1b415b4598e4418a,de/westnordost/streetcomplete/screens/main/map/components/SelectedPinsMapComponent$Companion,2,2,100.0
a61216a29f6a86b5,de/westnordost/streetcomplete/data/user/achievements/AchievementsModuleKt$achievements$12,2,4,50.0
471ff9c0800e87be,de/westnordost/streetcomplete/data/download/strategy/MobileDataAutoDownloadStrategy,2,4,50.0
4e8030d11f3ad81b,de/westnordost/streetcomplete/data/visiblequests/QuestPresetsModuleKt,2,2,100.0
d8774b8319eb036e,de/westnordost/streetcomplete/data/edithistory/EditHistoryModuleKt,2,2,100.0
3a0ce726bb026f5f,de/westnordost/streetcomplete/screens/main/map/TangramIconsSpriteSheet$Companion,2,2,100.0
2ed38fbd400e601e,de/westnordost/streetcomplete/data/osmnotes/notequests/OsmNoteQuestModuleKt,2,2,100.0
32b260dd490222ee,de/westnordost/streetcomplete/quests/level/AddLevel$thingsWithLevelFilter$2,2,5,40.0
c637f6542e4817ae,de/westnordost/streetcomplete/data/user/statistics/StatisticsModuleKt,2,2,100.0
a4d5081fb9948cd7,de/westnordost/streetcomplete/screens/user/achievements/AchievementInfoFragment$backPressedCallback$1,2,3,66.67
6f641b776291770c,de/westnordost/streetcomplete/data/user/achievements/AchievementsController$statisticsListener$1,2,9,22.22
fcbbf7ea07aded6c,de/westnordost/streetcomplete/data/osmnotes/notequests/OsmNoteQuestController$notesPreferencesListener$1,2,3,66.67
e65fde3755e29c1e,de/westnordost/streetcomplete/data/visiblequests/VisibleQuestTypeDao,2,30,6.67
f13a8d0b26dddb76,de/westnordost/streetcomplete/data/osm/edits/MapDataWithEditsSource$mapDataListener$1,2,73,2.74
e9598dc2cf302a36,de/westnordost/streetcomplete/data/user/achievements/TotalEditCount,2,2,100.0
3ff49fb874a15544,de/westnordost/streetcomplete/data/user/statistics/StatisticsModuleKt$statisticsModule$1$7,2,7,28.57
53b806d393317ff0,de/westnordost/streetcomplete/data/osm/mapdata/MapDataCache$spatialCache$2,2,3,66.67
e8ba1a5a91187257,de/westnordost/streetcomplete/data/OsmApiModuleKt$osmApiModule$1$10,2,8,25.0
bb9b331910ded1ef,de/westnordost/streetcomplete/data/osm/geometry/WayGeometryDao,2,86,2.33
611dc13c4850f9cf,de/westnordost/streetcomplete/data/user/achievements/AchievementsModuleKt$achievements$15,2,4,50.0
c37d5988a229a11b,de/westnordost/streetcomplete/quests/building_entrance_reference/AddEntranceReference$privateFootwaysFilter$2,2,4,50.0
82158cb45efb499d,de/westnordost/streetcomplete/screens/main/map/MapFragment$registerResponders$1,2,19,10.53
f47ac4b58e6a6f6e,de/westnordost/streetcomplete/screens/main/controls/UploadButtonFragment$unsyncedChangesCountListener$1,2,4,50.0
1f380b57a0fccd42,de/westnordost/streetcomplete/quests/building_entrance_reference/AddEntranceReference$noEntranceRefFilter$2,2,5,40.0
ad2b4900563873c0,de/westnordost/streetcomplete/data/user/statistics/CountryStatisticsDao,2,13,15.38
78c93ce649598ca3,de/westnordost/streetcomplete/quests/max_height/AddMaxHeight$nodeFilter$2,2,5,40.0
c335b5c72997b685,de/westnordost/streetcomplete/screens/main/map/StyleableOverlayManager$Companion,2,2,100.0
e3be612304708f06,de/westnordost/streetcomplete/data/quest/QuestAutoSyncer$userLoginStatusListener$1,2,4,50.0
2b3391a6dd41de38,de/westnordost/streetcomplete/quests/shop_type/CheckShopType$disusedShopsFilter$2,2,6,33.33
56304531167e9489,de/westnordost/streetcomplete/quests/incline_direction/AddBicycleIncline$tagFilter$2,2,5,40.0
f86ca1e6716c511b,de/westnordost/streetcomplete/quests/width/AddRoadWidth$wayFilter$2,2,6,33.33
190caeef8eb8035a,de/westnordost/streetcomplete/data/osm/edits/upload/changesets/OpenChangesetsDao,2,11,18.18
9e9cd1232c93c92a,de/westnordost/streetcomplete/data/osm/mapdata/RelationDao,2,87,2.3
6337dc9634ac611d,de/westnordost/streetcomplete/data/osm/edits/create/CreateNodeAction,2,116,1.72
9610362d3b4f3969,de/westnordost/streetcomplete/data/user/statistics/StatisticsController$Companion,2,2,100.0
aeebee18db901949,de/westnordost/streetcomplete/quests/place_name/AddPlaceName$filter$2,2,20,10.0
d0bc326df477ec88,de/westnordost/streetcomplete/data/user/UserModuleKt$userModule$1$10,2,10,20.0
bfe9f13196971a78,de/westnordost/streetcomplete/data/OsmApiModuleKt$osmApiModule$1$2,2,7,28.57
44c38ed1defc16d2,de/westnordost/streetcomplete/data/Preloader$preload$1,2,2,100.0
fa3386498c6d1a2a,de/westnordost/streetcomplete/quests/level/AddLevel$mallFilter$2,2,5,40.0
b1800f35f422f8d7,de/westnordost/streetcomplete/data/osm/edits/MapDataWithEditsSource$elementEditsListener$1,2,47,4.26
078134e71c5b9d7e,de/westnordost/streetcomplete/data/Preloader$Companion,2,2,100.0
4d2118ff96a3d138,de/westnordost/streetcomplete/data/download/strategy/AVariableRadiusStrategy$Companion,2,2,100.0
f02a60d0cd0177aa,de/westnordost/streetcomplete/data/osm/mapdata/MapDataController$Companion,2,2,100.0
5fe42f3f0b4e21c7,de/westnordost/streetcomplete/screens/user/achievements/AchievementInfoFragment$Companion,2,2,100.0
5349dec53b29dcf3,de/westnordost/streetcomplete/data/osmnotes/notequests/NoteQuestsHiddenDao$getNewerThan$1,2,5,40.0
73c95c3d8907dc98,de/westnordost/streetcomplete/quests/max_height/AddMaxPhysicalHeight$nodeFilter$2,2,5,40.0
d3bb2a6c641eefa6,de/westnordost/streetcomplete/quests/max_height/AddMaxPhysicalHeight$wayFilter$2,2,5,40.0
961397979ac31936,de/westnordost/streetcomplete/data/upload/UploadModuleKt,2,2,100.0
58a3c3541b77d2fd,de/westnordost/streetcomplete/screens/main/map/MapModuleKt,2,2,100.0
e9df50de54c92749,de/westnordost/streetcomplete/data/user/achievements/DaysActive,2,2,100.0
0000992db0afc300,de/westnordost/streetcomplete/quests/postbox_collection_times/AddPostboxCollectionTimes$filter$2,2,5,40.0
85c4211e27c93190,de/westnordost/streetcomplete/screens/main/map/EditHistoryPinsManager$editHistoryListener$1,2,8,25.0
c488708fde37f8b4,de/westnordost/streetcomplete/data/osm/mapdata/WayDao,2,46,4.35
845ebfb80264db0a,de/westnordost/streetcomplete/quests/lanes/AddLanes$Companion,2,2,100.0
f093c8ee307ee289,de/westnordost/streetcomplete/data/quest/QuestAutoSyncer$unsyncedChangesListener$1,2,4,50.0
4f90a8147a880f81,de/westnordost/streetcomplete/quests/traffic_signals_sound/AddTrafficSignalsSound$excludedWaysFilter$2,2,5,40.0
3f904dc8500148c1,de/westnordost/streetcomplete/data/osm/edits/upload/ElementEditUploader,2,30,6.67
6456d0ec57f3d1d0,de/westnordost/streetcomplete/quests/barrier_type/AddBarrierOnRoad$barrierFilter$2,2,5,40.0
a18501fc02f8c824,de/westnordost/streetcomplete/screens/main/controls/AnswersCounterFragment$unsyncedChangesCountListener$1,2,4,50.0
90d785f8d6f57177,de/westnordost/streetcomplete/screens/main/map/LocationAwareMapFragment$Companion,2,2,100.0
0a703783d5784a3f,de/westnordost/streetcomplete/screens/main/map/QuestPinsManager$Companion,2,2,100.0
32670e6a31fcb732,de/westnordost/streetcomplete/data/visiblequests/QuestTypeOrderController$1,2,6,33.33
f4beef2395ac8cfe,de/westnordost/streetcomplete/quests/oneway_suspects/data/TrafficFlowSegmentsApi$Companion,2,26,7.69
318cee2385ac18d6,de/westnordost/streetcomplete/data/urlconfig/UrlConfigModuleKt$urlConfigModule$1$1,2,11,18.18
56d49f9e1ae77172,de/westnordost/streetcomplete/data/edithistory/EditHistoryController$osmNoteQuestHiddenListener$1,2,7,28.57
8669ca191a0f1c94,de/westnordost/streetcomplete/screens/main/MainFragment$sheetBackPressedCallback$1,2,3,66.67
e4fa786b7b8705e6,de/westnordost/streetcomplete/screens/main/controls/UndoButtonFragment$editHistoryListener$1,2,9,22.22
f24212a410f972eb,de/westnordost/streetcomplete/quests/way_lit/AddWayLit$Companion,2,2,100.0
d0d71a97e8a5181e,de/westnordost/streetcomplete/quests/oneway_suspects/data/TrafficFlowSegmentsModuleKt,2,2,100.0
4861cd8fdbb50ca0,de/westnordost/streetcomplete/quests/barrier_type/AddBarrierOnPath$pathsFilter$2,2,5,40.0
c3aa2e85d26d2442,de/westnordost/streetcomplete/ApplicationModuleKt$appModule$1$2,2,5,40.0
05b4ea56f06f9c86,de/westnordost/streetcomplete/screens/main/MainFragment$Companion,2,2,100.0
3982325a26cc5e02,de/westnordost/streetcomplete/screens/main/MainModuleKt,2,2,100.0
3a81aafdba2fb973,de/westnordost/streetcomplete/screens/MainActivity$uploadProgressListener$1,2,30,6.67
62bd9db6dcaba082,de/westnordost/streetcomplete/data/osm/edits/EditElementsDao,2,18,11.11
a9cad22c15265dfe,de/westnordost/streetcomplete/screens/main/map/tangram/TouchGestureManager$setShoveResponder$1,2,8,25.0
751564adbde6ff19,de/westnordost/streetcomplete/screens/main/controls/AnswersCounterFragment$Companion,2,2,100.0
d58b88c5522b142c,de/westnordost/streetcomplete/data/osm/osmquests/OsmQuestsHiddenDao$getNewerThan$1,2,5,40.0
025712900c303fbc,de/westnordost/streetcomplete/quests/leaf_detail/AddForestLeafType$wayFilter$2,2,5,40.0
125df193fc71ccf2,de/westnordost/streetcomplete/data/meta/CountryInfos$Companion,2,2,100.0
44cb90f123f73480,de/westnordost/streetcomplete/quests/leaf_detail/AddForestLeafType$areaFilter$2,2,5,40.0
5ddf5a8fa8778475,de/westnordost/streetcomplete/screens/main/map/MapFragment$initMap$1,2,2,100.0
80ff7f428d9ab17f,de/westnordost/streetcomplete/data/overlays/OverlayModuleKt,2,2,100.0
06373b659a8f2cb1,de/westnordost/streetcomplete/data/visiblequests/QuestTypeOrderDao$getAll$1,2,5,40.0
8eb2f7e7239721ac,de/westnordost/streetcomplete/data/osm/osmquests/OsmQuestDao,2,50,4.0
d73c195309486450,de/westnordost/streetcomplete/data/messages/MessagesModuleKt,2,2,100.0
591575b59fbcf064,de/westnordost/streetcomplete/ApplicationModuleKt$appModule$1$5,2,5,40.0
75e4bc7d21979b76,de/westnordost/streetcomplete/screens/main/controls/UndoButtonFragment$uploadProgressListener$1,2,6,33.33
17ad3125bc91e167,de/westnordost/streetcomplete/data/osmnotes/edits/NotesWithEditsSource$noteEditsListener$1,2,41,4.88
b32f48b302642a73,de/westnordost/streetcomplete/screens/measure/ArSupportChecker,2,3,66.67
464a1209630f94dc,de/westnordost/streetcomplete/screens/MainActivity$downloadProgressListener$1,2,14,14.29
73b9fd9ec77e42cc,de/westnordost/streetcomplete/screens/settings/SettingsModuleKt,2,2,100.0
55ac59c2acb62b4e,de/westnordost/streetcomplete/data/user/UserModuleKt,2,2,100.0
614a65044f3ca0d2,de/westnordost/streetcomplete/quests/max_height/AddMaxHeight$roadsWithoutMaxHeightFilter$2,2,5,40.0
edcfb3513f8bbabd,de/westnordost/streetcomplete/data/osm/mapdata/NodeDao,2,58,3.45
e2acfceb70ffc515,de/westnordost/streetcomplete/screens/main/map/components/TracksMapComponent$Companion,2,2,100.0
b03e4d760cd08222,de/westnordost/streetcomplete/screens/main/PointerPinView$Companion,2,2,100.0
7318ee438cba225f,de/westnordost/streetcomplete/data/osmnotes/notequests/OsmNoteQuestController$userLoginStatusListener$1,2,4,50.0
2126c80e3bb4e95b,de/westnordost/streetcomplete/screens/main/controls/AnswersCounterFragment$updateCount$1,2,2,100.0
a6167b55e0fffe76,de/westnordost/streetcomplete/data/download/DownloadService$Interface,2,6,33.33
e17ce2d5f25b522b,de/westnordost/streetcomplete/data/OsmApiModuleKt$osmApiModule$1$1,2,9,22.22
8fcd728498c0de6d,de/westnordost/streetcomplete/data/download/strategy/WifiAutoDownloadStrategy,2,4,50.0
a67b2a5937f85030,de/westnordost/streetcomplete/quests/summit/AddSummitRegister$filter$2,2,5,40.0
1abfd1890ea81674,de/westnordost/streetcomplete/screens/main/map/components/PinsMapComponent$Companion,2,2,100.0
453e8e9edb3f2b73,de/westnordost/streetcomplete/screens/main/controls/UndoButtonFragment$updateUndoButtonVisibility$1,2,2,100.0
860a7fed7230a025,de/westnordost/streetcomplete/util/location/LocationAvailabilityReceiver$locationAvailabilityReceiver$1,2,4,50.0
1f257cfdc603862c,de/westnordost/streetcomplete/quests/QuestsModuleKt$questsModule$1$1,2,6,33.33
79dd900407888daf,de/westnordost/streetcomplete/screens/main/map/Compass$Companion,2,2,100.0
87375b3e0cc974c9,de/westnordost/streetcomplete/data/osm/edits/split_way/SplitWayAction,2,110,1.82
a6170ccb323b84c5,de/westnordost/streetcomplete/quests/crossing_island/AddCrossingIsland$crossingFilter$2,2,5,40.0
5738b082d5219eb9,de/westnordost/streetcomplete/data/edithistory/EditHistoryController$osmNoteEditsListener$1,2,8,25.0
a751f6bb51b5c47c,de/westnordost/streetcomplete/data/osm/edits/ElementEditsModuleKt$elementEditsModule$1$13,2,8,25.0
5c0e83ba852fc6bc,de/westnordost/streetcomplete/data/quest/VisibleQuestsSource$cache$3,2,3,66.67
a21715d4a273e99c,de/westnordost/streetcomplete/data/UnsyncedChangesCountSource$elementEditsListener$1,2,18,11.11
c15608e8ebbd363f,de/westnordost/streetcomplete/data/quest/QuestAutoSyncer$teamModeChangeListener$1,2,7,28.57
f42bfc427540e969,de/westnordost/streetcomplete/data/messages/MessagesSource$1,2,3,66.67
07a05789c5ede180,de/westnordost/streetcomplete/screens/main/controls/UploadButtonFragment$uploadProgressListener$1,2,6,33.33
aff07079a16c62b2,de/westnordost/streetcomplete/quests/tactile_paving/AddTactilePavingCrosswalk$excludedWaysFilter$2,2,5,40.0
b450894c20f5b1b0,de/westnordost/streetcomplete/data/quest/VisibleQuestsSource$visibleQuestTypeSourceListener$1,2,5,40.0
942e6970b25dbb5e,de/westnordost/streetcomplete/data/visiblequests/VisibleQuestTypeController$1,2,7,28.57
f17f61ddbf49d3b4,de/westnordost/streetcomplete/quests/building_entrance_reference/AddEntranceReference$entrancesFilter$2,2,4,50.0
d0b387f547649442,de/westnordost/streetcomplete/util/SpatialCache$Companion,2,2,100.0
6fd3b31e7533dd95,de/westnordost/streetcomplete/data/user/achievements/AchievementsModuleKt$achievements$11,2,4,50.0
24b9d1bb3fda26a9,de/westnordost/streetcomplete/screens/main/controls/AnswersCounterFragment$downloadProgressListener$1,2,6,33.33
9a537b2657578a5e,de/westnordost/streetcomplete/data/osm/mapdata/MapDataCache$spatialCache$1,2,5,40.0
07c95a7c6cd06d1b,de/westnordost/streetcomplete/data/osmnotes/StreetCompleteImageUploader,2,86,2.33
473786b178f245f6,de/westnordost/streetcomplete/data/osm/edits/ElementIdProviderDao,2,20,10.0
65fb70b911b26877,de/westnordost/streetcomplete/quests/address/AddAddressStreet$filter$2,2,5,40.0
c9f2af4f2615743b,de/westnordost/streetcomplete/data/osm/edits/create/CreateNodeFromVertexAction,2,75,2.67
73058cba872b443c,de/westnordost/streetcomplete/quests/building_entrance/AddEntrance$excludedWaysFilter$2,2,5,40.0
c23dadb426793d58,de/westnordost/streetcomplete/data/user/achievements/UserAchievementsDao,2,8,25.0
3f82104e78231341,de/westnordost/streetcomplete/quests/traffic_signals_vibrate/AddTrafficSignalsVibration$excludedWaysFilter$2,2,5,40.0
ee5dad17a90fb681,de/westnordost/streetcomplete/data/osmnotes/edits/NoteEditsUploader$Companion,2,2,100.0
3aa397b7b53c74ee,de/westnordost/streetcomplete/quests/building_entrance/AddEntrance$buildingFilter$2,2,5,40.0
7a52ed20cfe4ec5c,de/westnordost/streetcomplete/quests/oneway/AddOneway$elementFilter$2,2,5,40.0
29c07e6f1676fd13,de/westnordost/streetcomplete/data/osmnotes/edits/NotesWithEditsSource$noteControllerListener$1,2,16,12.5
cc5236e594d392a8,de/westnordost/streetcomplete/data/osm/geometry/RelationGeometryDao,2,86,2.33
d86e887fbc20a8e4,de/westnordost/streetcomplete/quests/level/AddLevel$filter$2,2,5,40.0
b959f7440eb4f47c,de/westnordost/streetcomplete/data/osm/edits/update_tags/RevertUpdateElementTagsAction,2,41,4.88
a8c9a3604a0a7575,de/westnordost/streetcomplete/util/location/LocationAvailabilityReceiver$requestLocationPermissionResultReceiver$1,2,4,50.0
5772a374f872d891,de/westnordost/streetcomplete/screens/main/controls/AnswersCounterFragment$statisticsListener$1,2,9,22.22
8df55203489e139c,de/westnordost/streetcomplete/quests/oneway_suspects/AddSuspectedOneway$filter$2,2,5,40.0
45c0f02c48bb59a1,de/westnordost/streetcomplete/screens/main/map/MapFragment$Companion,2,2,100.0
44a3843690839ced,de/westnordost/streetcomplete/data/edithistory/EditHistoryController$osmElementEditsListener$1,2,20,10.0
a5e817f41eb68857,de/westnordost/streetcomplete/screens/main/controls/AnswersCounterFragment$uploadProgressListener$1,2,6,33.33
0549eea75b3e85db,de/westnordost/streetcomplete/quests/barrier_type/AddBarrierOnRoad$pathsFilter$2,2,5,40.0
6aee5030b61c99ce,de/westnordost/streetcomplete/quests/step_count/AddStepCountStile$stileNodeFilter$2,2,5,40.0
4de89c058466b886,de/westnordost/streetcomplete/data/quest/VisibleQuestsSource$osmNoteQuestSourceListener$1,2,19,10.53
056a8cd259d3b578,de/westnordost/streetcomplete/data/osm/edits/upload/ElementEditsUploader$Companion,2,2,100.0
bf138401a3767d7c,de/westnordost/streetcomplete/util/ThemeKt,2,3,66.67
8abc95ed60f64abe,de/westnordost/streetcomplete/data/osmnotes/NotesModuleKt,2,2,100.0
bb18d185e77488ca,de/westnordost/streetcomplete/quests/width/AddRoadWidth$nodeFilter$2,2,5,40.0
7307785bd10f8f62,de/westnordost/streetcomplete/overlays/OverlaysModuleKt,2,2,100.0
568fc8703290a95b,de/westnordost/streetcomplete/quests/address/AddAddressStreet$excludedWaysFilter$2,2,5,40.0
de528a4316a24f8c,de/westnordost/streetcomplete/data/user/achievements/AchievementsModuleKt$achievements$13,2,4,50.0
7154ca0f72ff6ce7,de/westnordost/streetcomplete/data/osmnotes/notequests/OsmNoteQuestController$noteUpdatesListener$1,2,22,9.09
20ce8192a1fa4ded,de/westnordost/streetcomplete/data/user/UserModuleKt$userModule$1$4,2,5,40.0
75a4e9f36319ea1a,de/westnordost/streetcomplete/screens/main/map/components/DownloadedAreaMapComponent$Companion,2,2,100.0
41564a8f01b1bf3f,de/westnordost/streetcomplete/quests/max_height/AddMaxHeight$tunnelFilter$2,2,5,40.0
459d5db5659830d9,de/westnordost/streetcomplete/data/user/achievements/AchievementsModuleKt$achievements$14,2,4,50.0
9e6c2f8f2582410f,de/westnordost/streetcomplete/data/osm/osmquests/OsmQuestController$notesSourceListener$1,2,5,40.0
3612b2779a18b30f,de/westnordost/streetcomplete/quests/railway_crossing/AddRailwayCrossingBarrier$crossingFilter$2,2,5,40.0
3b7e3378ebd84eac,de/westnordost/streetcomplete/quests/sidewalk/AddSidewalk$maybeSeparatelyMappedSidewalksFilter$2,2,5,40.0
61990208f068b68a,de/westnordost/streetcomplete/quests/crossing_island/AddCrossingIsland$excludedWaysFilter$2,2,5,40.0
8e29058032f8c428,de/westnordost/streetcomplete/screens/main/map/DownloadedAreaManager$downloadedTilesListener$1,2,3,66.67
25edaacf6358f9ff,de/westnordost/streetcomplete/osm/BuildingLevelsKt,2,2,100.0
e855713fa0aadc52,de/westnordost/streetcomplete/quests/oneway_suspects/data/WayTrafficFlowDao,2,13,15.38
6310f058fc0b12dd,de/westnordost/streetcomplete/quests/kerb_height/AddKerbHeight$eligibleKerbsFilter$2,2,5,40.0
b4cb632c60490230,de/westnordost/streetcomplete/quests/traffic_signals_vibrate/AddTrafficSignalsVibration$crossingFilter$2,2,5,40.0
1abaf167ded470a0,de/westnordost/streetcomplete/data/osmnotes/edits/NoteEditsModuleKt,2,2,100.0
f5c437bb5384cc57,de/westnordost/streetcomplete/quests/crossing_type/AddCrossingType$crossingFilter$2,2,5,40.0
516e6419979e8f5e,de/westnordost/streetcomplete/data/user/achievements/AchievementsModuleKt$achievements$4,2,4,50.0
f24cf4c49c75c744,de/westnordost/streetcomplete/data/osm/edits/upload/changesets/ChangesetAutoCloser,2,9,22.22
78d4d6c1c20d91a4,de/westnordost/streetcomplete/screens/main/map/StyleableOverlayManager$mapDataListener$1,2,9,22.22
84efe661a4707341,de/westnordost/streetcomplete/data/osm/osmquests/OsmQuestController$mapDataSourceListener$1,2,49,4.08
700a5ed53b10780b,de/westnordost/streetcomplete/data/osm/osmquests/OsmQuestController$Companion,2,2,100.0
5307878fa679673b,de/westnordost/streetcomplete/data/urlconfig/UrlConfigModuleKt,2,2,100.0
3991609379097dc5,de/westnordost/streetcomplete/data/user/UserDataController$userLoginStatusListener$1,2,4,50.0
850bbde6142ca910,de/westnordost/streetcomplete/quests/crossing/AddCrossing$footwaysFilter$2,2,5,40.0
0b183da65654f538,de/westnordost/streetcomplete/screens/main/teammode/TeamModeColorCircleView$Companion,2,3,66.67
392b4aadcf73912f,de/westnordost/streetcomplete/screens/settings/NumberPickerPreference$Companion,2,2,100.0
cdc309f8193630ef,de/westnordost/streetcomplete/data/quest/QuestModuleKt,2,2,100.0
e92e850b33cf2a0c,de/westnordost/streetcomplete/screens/MainActivity$elementEditsListener$1,2,6,33.33
017ef05967274bec,de/westnordost/streetcomplete/quests/railway_crossing/AddRailwayCrossingBarrier$excludedWaysFilter$2,2,5,40.0
de0105460736299c,de/westnordost/streetcomplete/data/download/DownloadService$Companion,2,8,25.0
187dde667084536c,de/westnordost/streetcomplete/data/osm/edits/upload/changesets/OpenChangesetsManager$Companion,2,2,100.0
82c8c3ea4354e782,de/westnordost/streetcomplete/data/visiblequests/QuestTypeOrderSource$DefaultImpls,2,8,25.0
56f7368659da6450,de/westnordost/streetcomplete/data/osm/mapdata/MapDataCache$spatialCache$3,2,3,66.67
4ae9c640dd0d07a7,de/westnordost/streetcomplete/data/overlays/OverlayRegistry,2,11,18.18
246b270de8e6cd84,de/westnordost/streetcomplete/screens/main/map/tangram/KtMapController$5,2,11,18.18
f8868cc7058c77c6,de/westnordost/streetcomplete/data/osmnotes/AvatarsDownloader$Companion,2,2,100.0
515067201409ac6f,de/westnordost/streetcomplete/data/quest/VisibleQuestsSource$osmQuestSourceListener$1,2,12,16.67
d0561513185a733e,de/westnordost/streetcomplete/data/elementfilter/filters/CompareTagAge,2,15,13.33
af94e56b0844c499,de/westnordost/streetcomplete/quests/building_entrance_reference/AddEntranceReference$buildingFilter$2,2,5,40.0
0f561c5065c8e0ec,de/westnordost/streetcomplete/data/quest/QuestAutoSyncer$downloadProgressListener$1,2,6,33.33
e9b9ee9e9f513e5c,de/westnordost/streetcomplete/data/user/achievements/EditsOfTypeCount,2,2,100.0
0cbfeae0448814e7,de/westnordost/streetcomplete/quests/shop_type/CheckShopExistence$filter$2,2,6,33.33
66ef0664ebc88570,de/westnordost/streetcomplete/screens/main/MainFragment$historyBackPressedCallback$1,2,3,66.67
600fab0ecd4ec072,de/westnordost/streetcomplete/data/UnsyncedChangesCountSource$noteEditsListener$1,2,18,11.11
0b640177ea6d9e40,de/westnordost/streetcomplete/data/download/DownloadModuleKt$downloadModule$1$4,2,11,18.18
17f50971a4dfe41c,de/westnordost/streetcomplete/screens/main/map/tangram/TouchGestureManager$setScaleResponder$1,2,8,25.0
8879feb5f705f781,de/westnordost/streetcomplete/screens/main/map/QuestPinsManager$questTypeOrderListener$1,2,5,40.0
3e9c84ba6b62ff0d,de/westnordost/streetcomplete/quests/clothing_bin_operator/AddClothingBinOperator$filter$2,2,5,40.0
ed424446f67d3135,de/westnordost/streetcomplete/data/osm/geometry/ElementGeometryModuleKt,2,2,100.0
e599074a04d6284b,de/westnordost/streetcomplete/screens/main/controls/MessagesButtonFragment$initializeButtonState$1,2,2,100.0
23146163c3de47fb,de/westnordost/streetcomplete/data/messages/QuestSelectionHintController$1,2,9,22.22
151e7babbbc64b28,de/westnordost/streetcomplete/data/user/achievements/UserLinksDao,2,15,13.33
f7f88dca76061a45,de/westnordost/streetcomplete/data/user/achievements/AchievementsModuleKt$achievementsModule$1$3,2,5,40.0
b78a89a5686db833,de/westnordost/streetcomplete/data/edithistory/EditHistoryController$osmQuestHiddenListener$1,2,7,28.57
de69e5b8113dac9d,de/westnordost/streetcomplete/screens/main/map/components/GeometryMarkersMapComponent$Companion,2,2,100.0
59ce2fe378e6c0b6,de/westnordost/streetcomplete/data/user/achievements/AchievementCondition,2,2,100.0
4b4689e0b29f16b8,de/westnordost/streetcomplete/screens/MainActivity$requestLocationPermissionResultReceiver$1,2,7,28.57
2f7dfc9cefe582a7,de/westnordost/streetcomplete/data/osm/mapdata/ElementDao,2,107,1.87
35c1ce75560e5b19,de/westnordost/streetcomplete/data/messages/MessagesSource$3,2,3,66.67
3ea61ba8a87e33d5,de/westnordost/streetcomplete/data/quest/VisibleQuestsSource$cache$2,2,3,66.67
b5118493ed7c9251,de/westnordost/streetcomplete/quests/tactile_paving/AddTactilePavingKerb$eligibleKerbsFilter$2,2,5,40.0
59acc193fc818a11,de/westnordost/streetcomplete/quests/oneway/AddOneway$allRoadsFilter$2,2,5,40.0
f9e24ef041b8781b,de/westnordost/streetcomplete/data/upload/UploadService$Interface,2,5,40.0
4951295ca67650c9,de/westnordost/streetcomplete/screens/main/map/components/FocusGeometryMapComponent$Companion,2,2,100.0
0397dc00ecf0d5d4,de/westnordost/streetcomplete/data/visiblequests/QuestPresetsDao,2,11,18.18
83b99124f43e2016,de/westnordost/streetcomplete/screens/measure/ArModuleKt,2,2,100.0
5245c601c84e72b4,de/westnordost/streetcomplete/data/user/achievements/AchievementsModuleKt$achievements$6,2,4,50.0
5f265f3f8123fff0,de/westnordost/streetcomplete/data/upload/Uploader$Companion,2,2,100.0
762c9736662571f1,de/westnordost/streetcomplete/data/quest/VisibleQuestsSource$selectedOverlayListener$1,2,3,66.67
5cf256b7b93f3dab,de/westnordost/streetcomplete/data/osmnotes/NotesModuleKt$notesModule$1$5,2,7,28.57
816b1e4b34e4ed21,de/westnordost/streetcomplete/screens/main/map/components/SceneMapComponent$loadScene$1,2,2,100.0
7cd72d2a3154265d,de/westnordost/streetcomplete/quests/step_count/AddStepCountStile$excludedWaysFilter$2,2,5,40.0
e34cf7932f56bc89,de/westnordost/streetcomplete/data/sync/CoroutineIntentService$Companion,2,2,100.0
8adf30ed43651656,de/westnordost/streetcomplete/data/meta/MetadataModuleKt,2,2,100.0
250d09a1183ddb99,de/westnordost/streetcomplete/screens/main/map/MainMapFragment$onBeforeLoadScene$1,2,2,100.0
be7520e249bf7025,de/westnordost/streetcomplete/data/quest/QuestTypeRegistry,2,11,18.18
bcac6b515aa03a48,de/westnordost/streetcomplete/data/osm/edits/upload/LastEditTimeStore,2,8,25.0
cd546083a5c7670f,de/westnordost/streetcomplete/quests/barrier_type/AddStileType$excludedWaysFilter$2,2,5,40.0
68c89d0ed1bc9352,de/westnordost/streetcomplete/screens/main/map/QuestPinsManager$visibleQuestsListener$1,2,6,33.33
a2c1940a620fe3e8,de/westnordost/streetcomplete/screens/main/map/MainMapFragment$Companion,2,2,100.0
76096719cd8733a5,de/westnordost/streetcomplete/data/quest/Countries,2,2,100.0
59a3a651a57835b3,de/westnordost/streetcomplete/quests/max_height/AddMaxHeight$bridgeFilter$2,2,5,40.0
ea1dbf583225b85c,de/westnordost/streetcomplete/quests/traffic_signals_sound/AddTrafficSignalsSound$crossingFilter$2,2,5,40.0
371d74af69e06d13,de/westnordost/streetcomplete/util/location/LocationRequestFragment$Companion,2,2,100.0
32b2092b6bfa0726,de/westnordost/streetcomplete/quests/max_height/AddMaxHeight$allRoadsFilter$2,2,5,40.0
26f026e52d098265,de/westnordost/streetcomplete/data/user/achievements/AchievementsModuleKt$achievements$1,2,4,50.0
2fe7edf0fb822eeb,de/westnordost/streetcomplete/data/osm/edits/ElementEditsModuleKt,2,2,100.0
0a591dedc7f5ff3e,de/westnordost/streetcomplete/screens/settings/DialogPreferenceCompat,2,12,16.67
6bd146526117cb15,de/westnordost/streetcomplete/data/upload/UploadService$uploadedChangeRelay$1,2,10,20.0
a0a4039e1caae012,de/westnordost/streetcomplete/quests/roof_shape/AddRoofShape$filter$2,2,5,40.0
970d0bae81990aa9,de/westnordost/streetcomplete/data/upload/VersionIsBannedChecker,2,32,6.25
f0c41e892dc7642a,de/westnordost/streetcomplete/quests/barrier_type/AddStileType$Companion,2,2,100.0
f7be31ddd5955c51,de/westnordost/streetcomplete/data/osm/created_elements/CreatedElementsDao,2,18,11.11
51a8a6cf8458f496,de/westnordost/streetcomplete/data/maptiles/MaptilesModuleKt$maptilesModule$1$1,2,7,28.57
deb688bfe2b67308,de/westnordost/streetcomplete/data/osm/mapdata/MapDataModuleKt$mapDataModule$1$2,2,7,28.57
ea4ccf816e0fe47a,de/westnordost/streetcomplete/data/user/achievements/AchievementsModuleKt$achievements$9,2,4,50.0
891b843327cc0d29,de/westnordost/streetcomplete/ApplicationModuleKt,2,2,100.0
876245868cbac190,de/westnordost/streetcomplete/data/elementfilter/filters/TagOlderThan,2,7,28.57
1e47936f0cbfd644,de/westnordost/streetcomplete/data/user/statistics/ActiveDatesDao,2,9,22.22
b5b5b5d2bfed606f,de/westnordost/streetcomplete/data/meta/MetadataModuleKt$metadataModule$1$1,2,6,33.33
1cb53afa25282c9a,de/westnordost/streetcomplete/data/user/achievements/AchievementsModuleKt$achievements$3,2,4,50.0
d14afec0e3ce4c47,androidx/fragment/R$styleable,1,2,50.0
32d7fe9128a7dcc8,de/westnordost/streetcomplete/data/osmnotes/edits/NoteEditsDao$getSyncedOlderThan$1,1,4,25.0
95901cd5d81fc130,de/westnordost/streetcomplete/StreetCompleteApplication$special$$inlined$inject$default$8,1,4,25.0
f18629b115de0d0f,de/westnordost/streetcomplete/data/osm/edits/delete/RevertDeletePoiNodeAction,1,38,2.63
52f7d071b2df3919,de/westnordost/streetcomplete/data/osm/edits/ElementEditsDao$getAll$1,1,4,25.0
2d876e36382a32c3,de/westnordost/streetcomplete/screens/MainActivity$special$$inlined$inject$default$6,1,4,25.0
7858a8d25415cdf1,de/westnordost/streetcomplete/screens/main/map/tangram/KtMapController$loadSceneFile$2$1,1,3,33.33
03b39240ebdce398,de/westnordost/streetcomplete/data/osm/geometry/PolylinesSerializer,1,34,2.94
2d8c1d93e3f2ba51,de/westnordost/streetcomplete/screens/main/MainFragment$onAttach$1,1,4,25.0
b9b085e06d04db4e,de/westnordost/streetcomplete/data/osm/geometry/ElementGeometryCreator,1,90,1.11
d48d50f4b2495410,de/westnordost/streetcomplete/StreetCompleteApplication$special$$inlined$inject$default$4,1,4,25.0
5080fd877ea679ef,androidx/appcompat/R$styleable,1,2,50.0
425ecf94da508df3,de/westnordost/streetcomplete/screens/user/achievements/AchievementInfoFragment$onViewCreated$2,1,2,50.0
36f0fae0e2dab44d,de/westnordost/streetcomplete/screens/main/map/LocationAwareMapFragment$onAttach$1,1,3,33.33
069c4f18a2d641cd,de/westnordost/streetcomplete/screens/main/controls/UploadButtonFragment$special$$inlined$inject$default$1,1,4,25.0
35062512db99692f,de/westnordost/streetcomplete/data/meta/CountryInfos$defaultCountryInfo$2,1,3,33.33
81d4c3bc761d0ed1,androidx/constraintlayout/widget/R$styleable,1,2,50.0
7b903bb36926f3cd,androidx/recyclerview/R$styleable,1,2,50.0
7ae48ce61dc5c12e,de/westnordost/streetcomplete/util/ktx/DoubleKt,1,8,12.5
0dc16ff1b72d7e3b,de/westnordost/streetcomplete/data/osm/mapdata/MapDataController$cache$2,1,4,25.0
164b40de9c13b1ad,de/westnordost/streetcomplete/data/osmnotes/edits/NoteEditsDao$getAllUnsyncedForNotes$1,1,4,25.0
e9458a7f0a437214,androidx/preference/R$styleable,1,2,50.0
e0ff84619f4d5015,de/westnordost/streetcomplete/data/upload/Uploader$bannedInfo$2,1,3,33.33
2100999fc40ecf5a,de/westnordost/streetcomplete/screens/main/MainFragment$special$$inlined$inject$default$6,1,4,25.0
c096f0445bbd3880,de/westnordost/streetcomplete/data/osm/mapdata/MapDataController$cache$1,1,17,5.88
2fe0cc7b385ad036,de/westnordost/streetcomplete/data/osmnotes/edits/NoteEditsDao$getAll$1,1,4,25.0
7cbb34d82bb0e792,de/westnordost/streetcomplete/screens/main/MainFragment$onStart$1,1,3,33.33
3b7668fc0e1c21d2,de/westnordost/streetcomplete/screens/main/map/LocationAwareMapFragment$onStart$1,1,3,33.33
d6a7bfb5a8e3ad55,de/westnordost/streetcomplete/quests/opening_hours_signed/CheckOpeningHoursSigned$filter$2,1,4,25.0
c4ba543bbdb3a998,de/westnordost/streetcomplete/data/osm/edits/ElementEditsDao$getSyncedOlderThan$1,1,4,25.0
402174bc09ea81b9,de/westnordost/streetcomplete/screens/MainActivity$special$$inlined$inject$default$12,1,4,25.0
3e496cf8670ad092,de/westnordost/streetcomplete/screens/main/map/tangram/DoubleTypeEvaluator,1,3,33.33
cea327213b5387b3,de/westnordost/streetcomplete/data/osm/osmquests/OsmFilterQuestType$filter$2,1,3,33.33
801df73ee425de80,de/westnordost/streetcomplete/screens/MainActivity$special$$inlined$inject$default$11,1,4,25.0
c3bdfd4a0a228965,de/westnordost/streetcomplete/data/osm/mapdata/MapDataController$getGeometries$1,1,4,25.0
925a5b3f76de5246,de/westnordost/streetcomplete/screens/main/map/LocationAwareMapFragment$onMapReady$1,1,2,50.0
559d9b3ff3c1ab2d,de/westnordost/streetcomplete/screens/main/MainFragment$special$$inlined$inject$default$7,1,4,25.0
9f92dfe2e38a2da6,de/westnordost/streetcomplete/data/osm/edits/ElementEditsDao$getAllUnsynced$1,1,4,25.0
7ef4e5eec20a3fb7,de/westnordost/streetcomplete/data/download/DownloadService$special$$inlined$inject$default$1,1,4,25.0
65ce7d6653195d1a,de/westnordost/streetcomplete/data/quest/QuestAutoSyncer$locationManager$1,1,8,12.5
9c4f99b6e81b8b4c,de/westnordost/streetcomplete/quests/existence/CheckExistence$nodesFilter$2,1,8,12.5
3527e171365024c2,de/westnordost/streetcomplete/data/osm/edits/move/MoveNodeAction,1,46,2.17
3affd85f14f73083,de/westnordost/streetcomplete/screens/main/MainFragment$special$$inlined$inject$default$3,1,4,25.0
a9b319b4442e32f1,de/westnordost/streetcomplete/data/osm/edits/delete/DeletePoiNodeAction,1,47,2.13
6cc91bd4d2a9db68,de/westnordost/streetcomplete/screens/main/controls/UploadButtonFragment$special$$inlined$inject$default$3,1,4,25.0
93bac296cca76b7c,de/westnordost/streetcomplete/R$styleable,1,2,50.0
d1f3267680b3c003,de/westnordost/streetcomplete/screens/main/messages/MessagesContainerFragment,1,23,4.35
955ef28e14056cef,de/westnordost/streetcomplete/screens/MainActivity$special$$inlined$inject$default$9,1,4,25.0
df11b46f3778ab50,de/westnordost/streetcomplete/data/osm/created_elements/CreatedElementsController$cache$2,1,6,16.67
5b2fd3042a677517,de/westnordost/streetcomplete/screens/main/map/LocationAwareMapFragment$onAttach$2,1,4,25.0
8760929d0078d2f1,de/westnordost/streetcomplete/data/quest/VisibleQuestsSource$cache$1,1,4,25.0
bcc57b8f1607becd,com/google/android/material/R$styleable,1,2,50.0
90265b55ffdd4b00,de/westnordost/streetcomplete/screens/main/controls/UploadButtonFragment$special$$inlined$inject$default$2,1,4,25.0
29155d07391d1ab8,de/westnordost/streetcomplete/data/osm/edits/move/RevertMoveNodeAction,1,34,2.94
4d64d3d4d12fa07e,androidx/core/R$styleable,1,2,50.0
ae8d53bd192093f6,de/westnordost/streetcomplete/screens/MainActivity$onStart$1,1,3,33.33
ebee47184dc086df,de/westnordost/streetcomplete/screens/main/controls/MainMenuButtonFragment$special$$inlined$inject$default$2,1,4,25.0
