class_id,class_name,probes_hit,probes_total,pct
301b1f8a760f2843,androidx/compose/runtime/ComposerImpl,984,1757,56.0
37e7b0992b9cfd82,androidx/compose/runtime/SlotWriter,656,1249,52.52
5431e7c662b3c7db,androidx/compose/ui/node/LayoutNode,529,1218,43.43
3176048f1bbd8283,androidx/compose/runtime/CompositionImpl,461,1213,38.0
97ce3b8d053ba1c9,androidx/compose/ui/platform/AndroidComposeView,454,1934,23.47
f7eeb1086a19914c,androidx/compose/ui/node/NodeCoordinator,442,1272,34.75
388f7bdbeb6d2635,androidx/compose/material3/adaptive/navigationsuite/NavigationSuiteScaffoldKt,387,1161,33.33
0e8424ed78ef98fc,androidx/compose/runtime/Recomposer,364,1038,35.07
a44c0b5becd052de,androidx/compose/material3/NavigationItemKt,356,1024,34.77
200ee90c3a7f235f,kotlinx/coroutines/JobSupport,344,790,43.54
d3b14d6d5c261d71,androidx/compose/ui/node/MeasurePassDelegate,332,551,60.25
f8343433a7ee4c32,androidx/navigation/internal/NavControllerImpl,330,1470,22.45
4c99dcaa06ce79f6,androidx/navigation/compose/NavHostKt,310,1155,26.84
1107e7feed9890a8,androidx/compose/material3/AppBarKt,304,2475,12.28
f62d6dc5e5f0e499,androidx/compose/material3/tokens/TypeScaleTokens,304,304,100.0
10f169cc67d1654f,com/kgurgul/cpuinfo/features/information/InfoContainerScreenKt,283,357,79.27
25d3aed2017f6204,kotlinx/coroutines/channels/BufferedChannel,270,1770,15.25
ca72b658dabc14b0,androidx/compose/runtime/snapshots/SnapshotKt,269,450,59.78
9d7d3fc49796081f,androidx/compose/ui/spatial/RectManager,236,435,54.25
9dcba29b3b2e2ffe,androidx/compose/material3/tokens/TypographyTokens,225,242,92.98
d731172e7564bfe0,androidx/compose/material3/ScaffoldKt,221,349,63.32
8c0d3f58dd8cee73,androidx/compose/ui/node/MeasureAndLayoutDelegate,217,631,34.39
7ea04a091b78aa03,androidx/compose/material3/TabKt,217,476,45.59
8ba42f72080edee2,androidx/compose/animation/AnimatedVisibilityKt,209,658,31.76
1e706ee0f394e80e,androidx/compose/ui/text/TextStyle,198,1398,14.16
92a0e02f3f2edf06,androidx/compose/animation/core/TransitionKt,188,980,19.18
c2ed10e4f478bde0,androidx/compose/ui/graphics/layer/GraphicsLayer,186,508,36.61
7f9fc5b275c6b8b7,androidx/compose/material3/ColorSchemeKt,179,819,21.86
33cde1970a65c4c6,androidx/compose/material3/pulltorefresh/PullToRefreshDefaults,178,287,62.02
91036bfcc1dd7ae9,androidx/compose/ui/node/NodeKindKt,175,244,71.72
1d49eef4f37deb2e,androidx/compose/animation/core/Transition,174,366,47.54
ceb8f937f8f7dbb1,androidx/compose/runtime/snapshots/SnapshotStateObserver$ObservedScopeMap,171,502,34.06
b19345f90f6683bb,androidx/compose/animation/EnterExitTransitionKt,171,530,32.26
acc280fb3dc8a9d4,com/kgurgul/cpuinfo/features/HostScreenKt,167,255,65.49
85a26d8b45c213f7,com/kgurgul/cpuinfo/data/DataModuleKt,165,173,95.38
c868c758549cfee0,androidx/compose/material3/DynamicTonalPaletteKt,164,308,53.25
b7ca019649d250e0,com/kgurgul/cpuinfo/shared/String0_commonMainKt,162,1121,14.45
6a62cc24dc83d56c,androidx/compose/material3/pulltorefresh/PullToRefreshKt,162,284,57.04
66c1af7468c8e417,com/kgurgul/cpuinfo/ui/theme/ColorKt,158,162,97.53
7d761378637cfc72,com/kgurgul/cpuinfo/domain/DomainModuleKt,157,157,100.0
65abdbeeefe5d757,kotlinx/coroutines/flow/SharedFlowImpl,156,363,42.98
5fe1187d00949821,androidx/compose/runtime/RecomposeScopeImpl,151,247,61.13
62724709f64de051,androidx/compose/runtime/SlotReader,149,245,60.82
e0ae8359e50af8d1,androidx/compose/runtime/external/kotlinx/collections/immutable/implementations/immutableMap/TrieNode,149,469,31.77
8921ec5a74338726,androidx/compose/foundation/pager/LazyLayoutPagerKt,147,222,66.22
83395dbcd38f6d75,androidx/compose/runtime/Recomposer$runRecomposeAndApplyChanges$2,145,300,48.33
d406b311f323c78c,androidx/compose/material3/tokens/PaletteTokens,143,184,77.72
a46335736c66a56b,com/kgurgul/cpuinfo/shared/String1_commonMainKt,140,1128,12.41
11bae480ca428370,androidx/compose/ui/node/NodeChain,139,580,23.97
a5dd2bcaf00ccccc,com/kgurgul/cpuinfo/di/ViewModelModuleKt,138,138,100.0
40194314b63a52a2,androidx/compose/foundation/lazy/LazyListMeasureKt,137,336,40.77
6edcce22d090bb10,com/kgurgul/cpuinfo/di/AndroidModuleKt,137,187,73.26
dc1f5a01334f935b,androidx/compose/material3/DefaultSingleRowTopAppBarOverride,133,187,71.12
64977303f2f15375,androidx/compose/animation/CrossfadeKt,133,222,59.91
12d2a73bba0ca0d8,androidx/compose/ui/platform/AndroidCompositionLocals_androidKt,132,173,76.3
d393c69d21d9c5a0,kotlinx/coroutines/CancellableContinuationImpl,132,382,34.55
11c8d0009b8c4538,androidx/compose/ui/graphics/drawscope/CanvasDrawScope,132,274,48.18
e31b15bedf2addc0,androidx/compose/runtime/snapshots/MutableSnapshot,131,427,30.68
486ec86c8b83dafc,androidx/compose/runtime/changelist/ComposerChangeListWriter,129,202,63.86
b857bfd0d80ec29e,androidx/compose/material3/TabRowKt$ScrollableTabRowImpl$1,129,141,91.49
0764961474579105,androidx/compose/material3/ProgressIndicatorKt,126,1301,9.68
c7374d8ea1f557d5,androidx/compose/ui/graphics/vector/PathParserKt,126,156,80.77
7018bcb984430f90,androidx/compose/animation/AnimatedContentKt,125,272,45.96
b9d7b4dad89ba6ca,androidx/compose/runtime/changelist/ChangeList,125,214,58.41
1d3bad77497d9d00,androidx/compose/runtime/snapshots/SnapshotStateObserver,124,225,55.11
01aed9b79baece31,androidx/compose/ui/node/DelegatingNode,124,199,62.31
4c8ce8f193976984,androidx/compose/foundation/pager/PagerMeasureKt,123,338,36.39
782fa8f44b36aa60,androidx/compose/ui/platform/GraphicsLayerOwnerLayer,122,247,49.39
e4144f25d9e24be2,androidx/compose/foundation/text/selection/SelectionContainerKt,118,256,46.09
0ef19bf50ad7cdf2,com/kgurgul/cpuinfo/ui/theme/ThemeKt,117,149,78.52
00df451686d9b7a7,androidx/collection/MutableScatterSet,117,393,29.77
d29f3cd34ed2695a,androidx/compose/ui/draw/PainterNode,114,202,56.44
a04ba5d474ef38bf,androidx/compose/animation/CrossfadeKt$Crossfade$5$1,114,135,84.44
97b73e7af94d3ef9,androidx/compose/foundation/layout/WindowInsetsHolder,114,161,70.81
ebca02d6a71b17f1,androidx/compose/foundation/lazy/LazyListKt,112,238,47.06
0602d5efc2ffee2c,com/kgurgul/cpuinfo/shared/String2_commonMainKt,112,537,20.86
3a5e5ca4004260ba,androidx/compose/ui/layout/LayoutNodeSubcompositionsState,111,542,20.48
8d1c87103126726e,androidx/compose/runtime/snapshots/SnapshotStateList,111,278,39.93
4b843c60d1061b07,androidx/compose/material3/internal/colorUtil/HctSolver,110,135,81.48
e7dd51096377f6b0,androidx/compose/ui/graphics/ReusableGraphicsLayerScope,109,139,78.42
88c89a42a4278ed1,androidx/compose/runtime/EffectsKt,107,194,55.15
7ec596a9512ea9b4,androidx/compose/material3/TextKt,100,1012,9.88
5e24be7f9b16ef89,kotlinx/coroutines/scheduling/CoroutineScheduler$Worker,100,195,51.28
742ac5131a3e14fe,kotlinx/coroutines/scheduling/CoroutineScheduler,99,306,32.35
64b49aa3ba9c0cfd,androidx/compose/foundation/text/BasicTextKt,97,1067,9.09
a7834095ee04fdc7,androidx/compose/material3/ShortNavigationBarKt,94,195,48.21
b5b1eb96a23fcaaa,kotlinx/coroutines/EventLoopImplBase,94,191,49.21
4cdb337ac3a141f2,androidx/compose/animation/core/AnimateAsStateKt,94,388,24.23
755d4860ee0f9993,androidx/compose/runtime/DerivedSnapshotState,93,134,69.4
a0db5e5799b9b275,androidx/compose/ui/graphics/ColorKt,93,234,39.74
cf7504484b5a3b90,androidx/compose/runtime/snapshots/SnapshotIdSet,91,332,27.41
2ce95db15c0cac83,androidx/compose/ui/text/android/TextLayout,90,349,25.79
38c16f4438cf268e,com/kgurgul/cpuinfo/ui/components/TopAppBarViewKt,90,332,27.11
977a3e1eebac02e8,androidx/compose/ui/text/SpanStyleKt,89,246,36.18
2772e48acf2261b2,androidx/compose/ui/spatial/RectList,89,324,27.47
111da97f22dc2d11,androidx/compose/foundation/text/contextmenu/internal/PlatformDefaultTextContextMenuProviders_androidKt,89,171,52.05
27262b4ab93b7383,androidx/compose/foundation/text/modifiers/TextStringSimpleNode,88,197,44.67
5862a5d13e7921df,kotlin/collections/ArrayDeque,87,381,22.83
556750710555b04c,androidx/collection/MutableScatterMap,87,264,32.95
e96fd5c245bceb8e,androidx/lifecycle/LifecycleRegistry,86,140,61.43
c001fd864abcda2b,androidx/compose/runtime/ComposerImplKt,85,159,53.46
009dc0909d98d0ac,androidx/compose/ui/graphics/vector/PathNodeKt,85,113,75.22
ab5847472d407090,androidx/compose/animation/core/Transition$TransitionAnimationState,84,190,44.21
f3c8aadf36e04c78,androidx/compose/foundation/pager/PagerState,83,445,18.65
dd7c4b33dafa2872,androidx/compose/runtime/internal/RememberEventDispatcher,83,189,43.92
4698b03b4f12a759,androidx/activity/ComponentActivity,83,339,24.48
7b5f30e1f17161cd,androidx/compose/foundation/text/modifiers/TextAnnotatedStringNode,82,297,27.61
66a9e5f4a66e79f9,androidx/activity/compose/PredictiveBackHandlerKt,82,137,59.85
98d21316c28f8294,com/kgurgul/cpuinfo/features/information/cpu/CpuInfoScreenKt,81,173,46.82
86bb61ec6b3b962f,androidx/compose/material3/ColorScheme,81,515,15.73
babb78e0746e72d4,androidx/compose/material3/tokens/ShapeTokens,80,87,91.95
311838c526c1bcdd,androidx/compose/ui/layout/InsetsListener,79,192,41.15
329b360ad6be4681,androidx/compose/ui/unit/ConstraintsKt,79,136,58.09
ba3ee4fae151eaa3,androidx/compose/ui/graphics/layer/GraphicsLayerV29,79,167,47.31
c5903b2657e7cf9a,androidx/compose/ui/node/LookaheadCapablePlaceable,78,294,26.53
9ee6e419a7fd1607,androidx/compose/ui/graphics/Color,77,129,59.69
cf20109111ce377e,androidx/compose/ui/semantics/SemanticsProperties,77,88,87.5
ea1e16aa109e2b3c,androidx/compose/ui/text/AndroidParagraph,76,282,26.95
cb37dee469986231,androidx/navigation/internal/NavGraphImpl,76,245,31.02
a0febdd81c278695,androidx/navigation/compose/DialogHostKt,75,140,53.57
b5081c64c1be8635,kotlin/collections/CollectionsKt___CollectionsKt,75,1800,4.17
f0a5d5237a49ea38,androidx/compose/ui/layout/SubcomposeLayoutKt,75,99,75.76
de7a4dc77ea822aa,androidx/compose/foundation/lazy/layout/LazyLayoutKt,74,128,57.81
713b8f1ff6bd0d4d,androidx/datastore/core/DataStoreImpl,73,281,25.98
a6298959c79c7fbf,com/kgurgul/cpuinfo/HostActivity,73,98,74.49
c3af01a6fde44be5,androidx/compose/runtime/DerivedSnapshotState$ResultRecord,72,90,80.0
33c264d5e1b117a6,androidx/compose/foundation/text/selection/SelectionManager,70,729,9.6
bf1c6fdac31a3409,androidx/collection/MutableObjectIntMap,70,186,37.63
656a8e485c595d61,androidx/compose/runtime/snapshots/Snapshot$Companion,70,265,26.42
58c4e02eeb7b64c6,androidx/compose/ui/platform/CompositionLocalsKt,70,105,66.67
a86e63f3fbbaf2c0,androidx/compose/runtime/saveable/SaveableStateHolderImpl,69,113,61.06
1e9969d468b5380d,androidx/compose/ui/graphics/Matrix,69,192,35.94
c1e0fae8e7a3f2c7,androidx/compose/foundation/layout/BoxKt,69,146,47.26
1941b3bf2d1d9086,androidx/compose/ui/node/LayoutNodeDrawScope,69,161,42.86
fa7d121ec8d3fe45,androidx/compose/animation/core/SuspendAnimationKt,69,162,42.59
2c0da0304a7bc7a2,androidx/compose/material3/TopIconOrIconOnlyMeasurePolicy,68,88,77.27
c72e738280dcb222,androidx/compose/material3/TabRowKt$ScrollableTabRowImpl$1$1$2$1,68,68,100.0
fad0d1bd01e245fc,androidx/compose/ui/graphics/vector/VectorPainterKt,68,293,23.21
60431f6e937d1afa,androidx/compose/foundation/lazy/LazyListState,68,251,27.09
35a405a9b714bf59,androidx/compose/ui/graphics/colorspace/Rgb$Companion,68,131,51.91
0202a3463ee9e28b,androidx/navigation/NavController,68,658,10.33
9ab866dba3275728,com/kgurgul/cpuinfo/ui/components/CpuPullToRefreshBoxKt,67,159,42.14
f88b110de015102c,androidx/compose/material3/MaterialThemeKt,67,214,31.31
cde65203b83ce75f,androidx/compose/foundation/layout/RowColumnMeasurePolicyKt,66,118,55.93
77c6acb7d0792901,androidx/collection/MutableIntObjectMap,66,189,34.92
38781665c966043b,androidx/compose/runtime/SnapshotStateKt__ProduceStateKt,66,125,52.8
cbd2d9d256302016,androidx/compose/ui/graphics/drawscope/DrawScope,66,378,17.46
24ebe666ee3e6487,androidx/compose/animation/AnimatedContentKt$AnimatedContent$6$1,66,74,89.19
b6020f63a520cfa5,androidx/compose/ui/text/ParagraphStyleKt,66,115,57.39
e578859d4b64dff7,androidx/compose/ui/node/LayoutNodeLayoutDelegate,66,161,40.99
d6593f96b638c8b7,androidx/compose/material3/IconKt,66,249,26.51
ab55efb57cd921f8,androidx/compose/ui/layout/Placeable$PlacementScope,66,204,32.35
167c633bfea13653,kotlinx/coroutines/internal/LockFreeLinkedListNode,66,105,62.86
81dc869dd7c11345,androidx/compose/ui/text/MultiParagraph,65,412,15.78
f7cdc8d4b37443ba,androidx/compose/foundation/pager/PagerKt,65,533,12.2
6b0868fd5654cd54,androidx/compose/foundation/pager/PagerDefaults,65,94,69.15
d7f34367281c458d,androidx/navigationevent/NavigationEventProcessor,65,283,22.97
8053029b5c66de47,androidx/compose/runtime/SlotWriter$Companion,64,115,55.65
655b50d46144e946,androidx/compose/ui/platform/AbstractComposeView,64,156,41.03
5ae7e3edc23a9994,androidx/compose/animation/core/InfiniteTransitionKt,63,115,54.78
b5c1f493549f1053,com/kgurgul/cpuinfo/ui/components/ItemValueRowKt,63,113,55.75
23371f5295dbe494,androidx/compose/material3/tokens/ColorLightTokens,63,97,64.95
bc3447afd4691cf4,androidx/compose/runtime/Pending,63,166,37.95
fa6a0412feda7a4a,androidx/compose/runtime/changelist/Operations,63,214,29.44
06d8beb6cedcd730,androidx/compose/ui/graphics/vector/GroupComponent,62,152,40.79
7b39d022c86da5e0,androidx/compose/foundation/pager/PagerStateKt,62,116,53.45
05d4ea22e0321538,kotlinx/coroutines/flow/StateFlowImpl,62,96,64.58
80a5ea28923884b1,androidx/compose/ui/platform/WindowRecomposer_androidKt,62,90,68.89
4a80d407bb976444,androidx/compose/ui/text/SpanStyle,61,510,11.96
ad5d409948be0156,androidx/navigation/NavDestination,61,245,24.9
58f946b8b5fe0ea9,androidx/compose/material3/SurfaceKt$Surface$1,61,67,91.04
8237d6097fc1660d,androidx/compose/animation/core/InfiniteTransition,61,77,79.22
81252188b5e8cc36,androidx/lifecycle/compose/LifecycleEffectKt,61,578,10.55
61b90323d16ff9a2,androidx/compose/foundation/text/modifiers/ParagraphLayoutCache,60,153,39.22
63724b760f68943d,androidx/startup/AppInitializer,60,86,69.77
e432d28d17a58201,androidx/compose/material3/tokens/ColorDarkTokens,59,97,60.82
85a32fd7913a5d39,androidx/compose/runtime/internal/ComposableLambdaImpl,59,310,19.03
9880f70e59f12d82,androidx/compose/ui/node/AlignmentLines,59,95,62.11
b1c5f63105e8de9c,androidx/compose/runtime/SlotTableKt,59,196,30.1
22c310baa12b4a07,androidx/navigation/NavDeepLink,58,414,14.01
99ea69526b4dda5d,androidx/compose/foundation/lazy/LazyListKt$rememberLazyListMeasurePolicy$1$1,57,95,60.0
a97fa445350fbf4c,kotlin/collections/ArraysKt___ArraysKt,57,10827,0.53
b48f40723f7a5819,androidx/compose/ui/graphics/colorspace/Rgb,57,162,35.19
ac8038e98fdf4db8,com/kgurgul/cpuinfo/domain/observable/CpuDataObservable$createObservable$1,57,92,61.96
2d9a03c029673f1a,androidx/compose/animation/core/VectorizedKeyframesSpec,57,155,36.77
6b08730edeedfe0d,androidx/compose/animation/core/Animatable,57,141,40.43
db8edf2bd0ef4868,androidx/compose/ui/graphics/vector/VectorComponent,57,89,64.04
30fbc7f0cb6d6244,androidx/compose/runtime/saveable/RememberSaveableKt,57,124,45.97
0ba5416c633b3723,androidx/compose/runtime/SnapshotStateKt__SnapshotFlowKt$snapshotFlow$1,57,108,52.78
99ea112a1cd097ba,androidx/compose/ui/graphics/colorspace/ColorSpaces,56,139,40.29
d6c0724336a81d18,androidx/compose/ui/Modifier$Node,56,97,57.73
5318891a90111ad0,androidx/compose/ui/text/platform/extensions/TextPaintExtensions_androidKt,56,125,44.8
3830fe877d1569dd,androidx/compose/material3/TabRowKt,56,846,6.62
f0a489f5fcfe5af2,kotlin/text/StringsKt__StringsKt,56,937,5.98
dbf7f53c552cb5b2,androidx/compose/ui/text/platform/extensions/SpannableExtensions_androidKt,55,325,16.92
70ed071004e1ce9b,androidx/compose/runtime/collection/MutableVector,55,355,15.49
c58a06338ad00954,androidx/compose/runtime/collection/ScopeMap,54,219,24.66
aa9f17d099452ee3,androidx/compose/foundation/pager/PagerMeasurePolicyKt$rememberPagerMeasurePolicy$1$1,54,82,65.85
a22c778a5c327260,androidx/compose/foundation/lazy/LazyListMeasuredItem,54,156,34.62
9385b09f468566bd,kotlinx/coroutines/internal/DispatchedContinuation,53,183,28.96
e56f1b34cf6ff49f,androidx/compose/animation/core/VectorizedFloatAnimationSpec,53,63,84.13
e7752faf6d9897ad,androidx/compose/ui/node/TraversableNodeKt,53,478,11.09
440699e5c1c0e814,org/jetbrains/compose/resources/ImageResourcesKt,53,152,34.87
00416f18ae28897f,androidx/savedstate/internal/SavedStateRegistryImpl,52,121,42.98
e16d973954ba8f18,androidx/compose/ui/platform/AndroidUiDispatcher,52,67,77.61
52c713214dc3f93e,org/jetbrains/compose/resources/vector/XmlVectorParserKt,52,249,20.88
78e87f0707135911,org/koin/core/scope/Scope,52,256,20.31
590c334d1ab06b37,androidx/compose/ui/graphics/AndroidCanvas,52,143,36.36
d8a57c1adc0b593e,androidx/compose/ui/semantics/SemanticsPropertiesKt,51,233,21.89
a99db36446c1b5e6,androidx/navigation/compose/NavBackStackEntryProviderKt,51,71,71.83
cd34a82907728861,androidx/compose/ui/graphics/vector/PathComponent,51,95,53.68
293764db3eede0ae,androidx/compose/material3/tokens/ColorSchemeKeyTokens,51,53,96.23
6b228f30ed2756f8,androidx/collection/ScatterMap,51,376,13.56
a49fee5588822a3a,androidx/compose/material3/TopAppBarMeasurePolicy,50,124,40.32
a337ee3eaf090f5d,kotlin/io/encoding/Base64,50,245,20.41
9c87ed2652a4b078,androidx/compose/material3/ColorSchemeKt$WhenMappings,50,98,51.02
3d823cd6cd26d525,androidx/collection/MutableIntSet,50,180,27.78
85d07b31e622625f,androidx/compose/animation/core/SpringEstimationKt,50,130,38.46
8220891eeb49bd02,androidx/compose/ui/node/LayoutModifierNodeCoordinator,50,157,31.85
09dc5355f1caf88f,androidx/compose/ui/graphics/vector/FastFloatParserKt,49,175,28.0
45fab3b5627cc603,androidx/emoji2/text/EmojiCompat,48,169,28.4
b2797edd5e972131,kotlinx/coroutines/channels/BufferedChannelKt,48,71,67.61
2d4fea890953b76d,androidx/compose/foundation/pager/PagerMeasurePolicyKt,48,116,41.38
78f355cca6deef1b,androidx/compose/ui/node/InnerNodeCoordinator,47,97,48.45
559a149bf07db90f,org/jetbrains/compose/resources/ResourceEnvironmentKt,47,262,17.94
84ca95309f6a64df,androidx/compose/ui/text/MultiParagraphIntrinsics,47,84,55.95
8262fe9613eaf6ec,androidx/navigation/NavBackStackEntry,47,113,41.59
2a8b268254250641,org/koin/core/registry/InstanceRegistry,47,336,13.99
82915faa1900627f,androidx/compose/ui/unit/Constraints,46,88,52.27
a2a590f72d1a714c,androidx/compose/ui/autofill/AndroidAutofillManager,46,202,22.77
e2e4773ba7abdd74,androidx/compose/foundation/layout/SizeKt,46,210,21.9
7dab130b8a78d503,androidx/compose/ui/platform/AndroidComposeViewAccessibilityDelegateCompat,46,2080,2.21
251f30a57a5c5805,androidx/navigation/internal/NavBackStackEntryImpl,46,109,42.2
d95a2cf2cde5ccb8,androidx/compose/ui/semantics/SemanticsActions,45,64,70.31
6f74ec3aa544fbfe,androidx/compose/ui/node/BackwardsCompatNode,45,283,15.9
50ff5977f2be64c6,androidx/compose/ui/node/RulerTrackingMap,45,80,56.25
8f0f06a4906f8465,androidx/compose/ui/text/android/style/LineHeightStyleSpan,44,77,57.14
1c8163d1bf037d8d,kotlin/collections/builders/ListBuilder,44,144,30.56
238353dc42e6d2d3,androidx/compose/runtime/SlotTable,43,518,8.3
2b3f5ff912ab47a9,androidx/compose/ui/graphics/BezierKt,43,445,9.66
c91bf4e555661372,kotlinx/coroutines/DispatchedTaskKt,43,88,48.86
9db5dde1b3a27260,com/kgurgul/cpuinfo/utils/AndroidShortcutManager,42,65,64.62
96e0cb81bfa5c300,androidx/compose/ui/graphics/vector/PathParser,42,82,51.22
a39b0e922e5ac637,kotlin/collections/ArraysKt___ArraysJvmKt,42,1082,3.88
4742532e37776c26,androidx/compose/ui/graphics/colorspace/ColorSpaceKt,42,103,40.78
fa7b0fa10020e59e,androidx/compose/foundation/AbstractClickableNode,42,320,13.12
8f61460296814a27,androidx/compose/material3/DefaultShortNavigationBarOverride$ShortNavigationBar$1,42,50,84.0
f5dae7071da45aa3,androidx/compose/material3/TabKt$Tab$3,42,48,87.5
f55aaabe7151d9a4,com/kgurgul/cpuinfo/shared/Drawable0_commonMainKt,42,145,28.97
d75e4974d6fbed08,androidx/compose/runtime/Recomposer$recompositionRunner$2,41,84,48.81
fbc644b59f9b8a84,androidx/core/view/WindowInsetsCompat$Impl20,41,205,20.0
998dea6a6239e06b,androidx/compose/ui/node/DelegatableNodeKt,41,1488,2.76
1e687a7dce6d887a,org/jetbrains/compose/resources/StringResourcesKt,40,117,34.19
32d2de18862f68a3,androidx/compose/material3/ScaffoldKt$ScaffoldLayout$fabContent$1$1,40,46,86.96
4873fd5a2c5adf8a,androidx/compose/foundation/text/modifiers/MultiParagraphLayoutCache,40,160,25.0
559e6e581eed68b9,androidx/compose/material3/TopAppBarDefaults,40,351,11.4
1934c7b3d91c8a74,androidx/compose/material3/ScaffoldKt$ScaffoldLayout$snackbarContent$1$1,40,46,86.96
6fb50a83a6a62d9c,androidx/lifecycle/SavedStateHandlesProvider,40,95,42.11
f6ea9861770a2995,androidx/compose/material3/Typography,40,387,10.34
d6a93f8b7505a401,kotlinx/coroutines/channels/BufferedChannel$BufferedChannelIterator,40,133,30.08
03c2b3f2ee486646,androidx/compose/material3/adaptive/navigationsuite/NavigationSuiteScaffoldKt$NavigationSuiteScaffold$1$2,40,46,86.96
f6d1330b24d6fb0f,androidx/compose/material3/ScaffoldKt$ScaffoldLayout$bottomBarContent$1$1,40,46,86.96
4650c75dec5f7129,androidx/compose/ui/graphics/BlendMode,40,105,38.1
657b4bde7bdd49f5,androidx/compose/material3/ScaffoldKt$ScaffoldLayout$bodyContent$1$1,40,46,86.96
ddeeb625b48322a4,androidx/compose/material3/ScaffoldKt$ScaffoldLayout$topBarContent$1$1,40,46,86.96
5f761c98e82749ca,androidx/compose/material3/SurfaceKt,39,194,20.1
1d543a3d7378b2f7,androidx/compose/foundation/layout/ColumnMeasurePolicy,39,63,61.9
bdbb7f5ac5112f61,androidx/compose/material3/internal/colorUtil/Cam$Companion,39,88,44.32
3df27f5a02714845,androidx/compose/material3/DefaultSingleRowTopAppBarOverride$SingleRowTopAppBar$actionsRow$1,39,45,86.67
1f046c85a4b77c68,androidx/navigation/NavDestinationBuilder,39,99,39.39
02c2e79bb5d8e1c6,androidx/compose/material3/pulltorefresh/PullToRefreshModifierNode,39,158,24.68
829aa4f0268253f8,kotlinx/coroutines/DispatchedTask,39,62,62.9
9678457b5cfd7ce6,androidx/lifecycle/internal/SavedStateHandleImpl,39,88,44.32
6a1838971c6979fc,androidx/compose/foundation/lazy/LazyDslKt,39,684,5.7
da4d1887371b828a,kotlinx/coroutines/JobSupport$Finishing,39,70,55.71
7bc09df4b68908c3,androidx/compose/material3/adaptive/navigationsuite/NavigationSuiteScaffoldKt$NavigationSuiteScaffoldLayout$2$1,39,59,66.1
3bca0293f618f47e,androidx/compose/runtime/snapshots/TransparentObserverMutableSnapshot,39,62,62.9
3bcd52eb801c16b7,androidx/compose/material3/WideNavigationRailDefaults,39,89,43.82
a3d5558dfaa769a6,kotlinx/serialization/internal/PlatformKt,38,221,17.19
cf99b2c18a605025,androidx/compose/foundation/layout/WindowInsetsHolder$Companion,38,47,80.85
c1d1686275b63ba6,androidx/compose/foundation/layout/PaddingKt,38,101,37.62
ef9cafba78910ad0,androidx/compose/ui/graphics/OutlineKt,38,159,23.9
c0d9ae8a20b516b2,androidx/compose/foundation/lazy/layout/LazySaveableStateHolder,38,66,57.58
f47d23263b0995cf,androidx/compose/foundation/layout/IntrinsicMeasureBlocks,38,230,16.52
8aad2f6ebb0584de,androidx/compose/foundation/lazy/layout/LazyLayoutPinnableItemKt,38,54,70.37
0b31c4c21060e0e7,androidx/compose/animation/core/TargetBasedAnimation,38,67,56.72
79d44aa7e2da37b9,androidx/compose/ui/node/OnPositionedDispatcher,37,44,84.09
23751d21e2c61476,androidx/compose/animation/AnimatedContentTransitionScopeImpl,37,121,30.58
9066e61d45547985,androidx/collection/ArraySet,37,239,15.48
27935924421b0ca5,kotlinx/coroutines/internal/DispatchedContinuationKt,37,143,25.87
bd45b46c7eac0e4a,androidx/compose/ui/node/LayoutNode$calculateSemanticsConfiguration$1,37,52,71.15
10c80d398aa78e99,androidx/compose/ui/graphics/vector/ImageVector$Builder,37,114,32.46
0b8d6519e58316ee,androidx/compose/ui/layout/WindowInsetsRulers_androidKt,37,169,21.89
b7c19132d61f2e97,androidx/compose/foundation/text/selection/SimpleLayoutKt,37,54,68.52
3ad09f9f78105c96,androidx/compose/foundation/layout/BoxMeasurePolicy,36,69,52.17
9408d08de11d2690,androidx/compose/foundation/pager/MeasuredPage,36,82,43.9
67f17eca0875d235,androidx/collection/MutableObjectFloatMap,36,188,19.15
97db7c8a422d8a81,androidx/compose/ui/graphics/colorspace/Oklab,36,69,52.17
f572b6563e4b599d,androidx/compose/ui/graphics/GraphicsLayerModifierKt,36,207,17.39
3cd4b6c86cac8efb,androidx/compose/ui/graphics/drawscope/CanvasDrawScopeKt$asDrawTransform$1,36,43,83.72
01bb034dd1bff9f8,androidx/compose/material3/DividerKt,36,182,19.78
df13fac7ef69a611,androidx/compose/foundation/layout/SizeNode,36,133,27.07
b3d19e6edde51e39,androidx/compose/foundation/lazy/layout/MutableIntervalList,36,67,53.73
3cc323e8e655edc0,kotlinx/coroutines/internal/ThreadSafeHeap,36,134,26.87
c383b57a365c1e50,androidx/core/view/WindowInsetsCompat,36,138,26.09
7bce01297a79c19c,androidx/compose/animation/AnimatedContentMeasurePolicy,35,140,25.0
85c43a7da46a9a54,androidx/compose/foundation/lazy/LazyListScrollPosition,35,61,57.38
6fca98b1ab6e1e22,androidx/compose/foundation/gestures/ScrollableNode,35,142,24.65
62ae198db82a050e,androidx/compose/ui/spatial/ThrottledCallbacks,35,272,12.87
33a86caeab7a73ac,androidx/compose/ui/graphics/colorspace/TransferParameters,35,113,30.97
345abdc9b0ec36c8,androidx/activity/EdgeToEdge,35,52,67.31
018a650adb2f2b93,androidx/compose/runtime/internal/AwaiterQueue,35,60,58.33
b9a84a76fd52577a,kotlinx/coroutines/DefaultExecutor,35,125,28.0
760751de641ebf89,androidx/compose/material3/TonalPalette,35,90,38.89
611915073dbf7535,androidx/compose/runtime/SnapshotStateKt__SnapshotFlowKt,35,48,72.92
5373d33fdbb05fce,androidx/compose/runtime/PrioritySet,34,83,40.96
bf49d3cade1c99dc,androidx/compose/runtime/changelist/FixupList,34,50,68.0
472e140467435aa2,androidx/compose/foundation/lazy/layout/LazyLayoutItemAnimator,34,390,8.72
0134f15eb578f0b2,androidx/compose/animation/core/SeekableTransitionState,34,309,11.0
d03547c67a1594fe,androidx/compose/foundation/ScrollKt,34,74,45.95
36972e0fb9a71c59,androidx/compose/ui/text/SaversKt,34,672,5.06
7d8848f825158ec4,androidx/compose/ui/graphics/AndroidPaint_androidKt,34,68,50.0
e0b2b3b499f7c9a2,androidx/compose/foundation/lazy/LazyListStateKt,33,133,24.81
0ae12ce97b441ea2,androidx/lifecycle/SavedStateHandleSupport,33,47,70.21
7920f2d670981306,androidx/compose/ui/graphics/vector/DrawCache,33,51,64.71
77e551b7ab5807dc,androidx/compose/ui/text/AndroidParagraph_androidKt,33,85,38.82
bf9102f7bc448d92,androidx/compose/ui/text/android/StaticLayoutParams,33,58,56.9
06cd14e95a8ce64b,androidx/compose/foundation/layout/RowMeasurePolicy,33,62,53.23
ea1b598f02c9fe31,androidx/compose/material3/tokens/TypographyKeyTokens,33,35,94.29
c23f7e509747312f,androidx/navigation/NavGraph,33,116,28.45
206e17c9b3671f58,androidx/compose/animation/core/KeyframesSpec,33,43,76.74
0492ac8baaba7975,androidx/compose/foundation/ScrollNode,33,66,50.0
10330d52d0acf11c,androidx/navigation/internal/NavDestinationImpl,33,150,22.0
efa1a9a680b27824,kotlinx/coroutines/EventLoop,33,56,58.93
2b017aafed1b3ea2,androidx/compose/animation/AnimatedContentKt$AnimatedContent$6$1$5,32,38,84.21
4931fae812cfe23d,kotlinx/coroutines/BuildersKt__Builders_commonKt,32,46,69.57
20a7a11e738291b9,androidx/core/content/pm/ShortcutManagerCompat,32,313,10.22
b96856deb86e91e8,androidx/lifecycle/compose/FlowExtKt,32,75,42.67
9e6cda8f0aa3c757,androidx/navigationevent/NavigationEventDispatcher,32,120,26.67
5fde4b8403509d66,androidx/profileinstaller/ProfileVerifier,32,83,38.55
2dea448b668da3f8,androidx/compose/foundation/text/selection/SelectionRegistrarImpl,32,128,25.0
b022286022958ead,androidx/compose/material3/TypographyKt$WhenMappings,32,62,51.61
d84b058920910aa2,androidx/compose/runtime/ComposerKt,32,221,14.48
bd8ff6719d6fcad2,androidx/compose/foundation/pager/PagerMeasureResult,32,104,30.77
e146b402861ad308,androidx/collection/MutableIntList,31,157,19.75
71a0bee6c44d28a4,androidx/compose/ui/text/android/TextLayout_androidKt,31,96,32.29
a21a8518d9e5fb6e,androidx/compose/ui/text/platform/AndroidParagraphIntrinsics,31,61,50.82
40d5af4a707db703,androidx/compose/ui/layout/Placeable,31,34,91.18
d38cd3f903b30979,androidx/compose/ui/Alignment$Companion,31,47,65.96
d2f292cf2da26763,androidx/compose/animation/EnterExitTransitionModifierNode,31,129,24.03
7a04b55646d74602,androidx/compose/foundation/ScrollState,31,77,40.26
a8def274c804dd55,androidx/compose/ui/contentcapture/AndroidContentCaptureManager,31,433,7.16
fc7efa945241e0d3,org/koin/core/definition/BeanDefinition,31,79,39.24
fe77e0f661b6686b,androidx/compose/material3/adaptive/WindowSizeClassHelperKt,31,45,68.89
7c8bc83b2c7283bb,androidx/compose/runtime/changelist/OperationKt,31,78,39.74
f523bd02eae42789,androidx/compose/runtime/snapshots/Snapshot,30,72,41.67
d853186234f4f15f,androidx/compose/ui/text/platform/AndroidTextPaint,30,94,31.91
04170f41ef4dc29f,androidx/collection/LruCache,30,131,22.9
a1e643cdff18dbc6,org/jetbrains/compose/resources/ResourceState_blockingKt,30,72,41.67
f4c5a1ab1623ab20,androidx/compose/foundation/shape/RoundedCornerShape,30,60,50.0
4aaaa56e8174629b,kotlinx/coroutines/internal/LimitedDispatcher,30,82,36.59
fe9c84d1b03ee604,androidx/compose/foundation/layout/Arrangement,30,122,24.59
eef075d6d5c01887,androidx/collection/MutableObjectList,30,342,8.77
4caac659ebb7b834,androidx/compose/foundation/pager/PagerLazyLayoutItemProvider,30,47,63.83
96d838344e475a43,androidx/collection/MutableIntIntMap,30,174,17.24
1bc8609c511a514f,androidx/navigation/serialization/RouteSerializerKt,30,124,24.19
af406bb3f596aea8,androidx/compose/ui/graphics/layer/GraphicsLayerKt,30,34,88.24
f0d862ce93c0095e,org/koin/core/resolution/CoreResolverV2,29,133,21.8
5c62db88b84d11b2,kotlin/coroutines/CombinedContext,29,53,54.72
80b3a81dd3c26bcc,androidx/collection/SparseArrayCompat,29,204,14.22
fc2ca56370899ab9,org/koin/core/module/Module,29,143,20.28
a72911001e655c43,androidx/compose/ui/node/DepthSortedSetsForDifferentPasses,29,102,28.43
9878f50c8254da73,androidx/collection/IntObjectMap,29,499,5.81
3c000466dd2c108a,androidx/collection/MutableLongObjectMap,29,189,15.34
310abdb76f59baa0,androidx/compose/ui/graphics/vector/VectorPainter,29,60,48.33
c0c079aed76e148e,kotlinx/coroutines/flow/internal/AbstractSharedFlow,29,51,56.86
d02a6761e1226db0,androidx/concurrent/futures/AbstractResolvableFuture,29,302,9.6
1e4c1eb1000962c1,androidx/compose/material3/ShapeDefaults,28,38,73.68
e617de9f061a9cd4,androidx/compose/foundation/layout/ColumnKt,28,79,35.44
fbca8dd7582d0d9d,kotlin/collections/MapsKt__MapsKt,28,275,10.18
76818e2f9c16e09b,androidx/compose/foundation/lazy/layout/PrefetchScheduler_androidKt,28,36,77.78
36bb2c7481cb3f87,androidx/compose/material3/pulltorefresh/PullToRefreshDefaults$Indicator$1$1,28,33,84.85
9068ec8d3d8865de,androidx/compose/ui/platform/WrappedComposition$setContent$1$1,28,44,63.64
78a82d47d0bf4054,androidx/compose/runtime/external/kotlinx/collections/immutable/implementations/immutableList/SmallPersistentVector,28,83,33.73
4ce99c258787727f,androidx/navigation/compose/NavGraphBuilderKt,28,365,7.67
8127901849fa3d1a,androidx/compose/animation/core/InfiniteTransition$run$1$1,28,50,56.0
cc6a00e5f6fdfdf4,androidx/compose/foundation/lazy/layout/LazyLayoutItemContentFactory$CachedItemContent,28,40,70.0
b5e572b8a1270e8f,androidx/compose/animation/core/VisibilityThresholdsKt,28,33,84.85
bf53d831f2fefce9,androidx/compose/runtime/ProvidableCompositionLocal,28,39,71.79
b2e2ba74cc06ae92,androidx/compose/ui/graphics/painter/Painter,28,78,35.9
ebbbd8c8d3c8cb4b,androidx/compose/ui/unit/Constraints$Companion,28,66,42.42
69f02ebd2024a9bd,androidx/compose/ui/text/platform/AndroidParagraphHelper_androidKt,28,54,51.85
572668931fa3cecd,androidx/compose/material3/TabKt$TabBaselineLayout$2$1,28,57,49.12
b2229a40f7d36cd8,androidx/compose/ui/graphics/AndroidPath,28,123,22.76
be7ae857e9f74c1b,androidx/compose/material3/EqualWeightContentMeasurePolicy,28,41,68.29
cbf473752efae076,androidx/compose/ui/geometry/Size,28,82,34.15
08b50f11e9cef8d0,androidx/compose/foundation/lazy/LazyListItemProviderImpl,28,50,56.0
d06d232650939416,com/kgurgul/cpuinfo/utils/Utils,28,70,40.0
7ee1605ad0cdb016,androidx/compose/foundation/layout/SpacerKt,28,31,90.32
e5d130d56c5646ff,androidx/compose/foundation/pager/PagerScrollPosition,28,48,58.33
36d7022ee839dc4d,androidx/compose/material3/MaterialTheme,27,35,77.14
d38f961b87a5404a,androidx/compose/ui/focus/FocusInvalidationManager,27,99,27.27
668fe89635061860,androidx/compose/foundation/layout/RowKt,27,76,35.53
91c8e9a66a5df862,com/kgurgul/cpuinfo/features/information/base/InformationRowKt,27,51,52.94
14b951aac6a30f1e,androidx/compose/animation/core/SpringSimulation,27,39,69.23
6fb78d857aaf57dc,androidx/compose/foundation/AndroidEdgeEffectOverscrollEffect,27,430,6.28
3432667d01e0e2b7,androidx/compose/foundation/layout/UnspecifiedConstraintsNode,27,78,34.62
7d363cbb51adc4c9,androidx/compose/runtime/ComposerImpl$CompositionContextImpl,27,69,39.13
1ce2f65796b408f9,org/jetbrains/compose/resources/DefaultAndroidResourceReader,27,77,35.06
cdc7d1940f348611,androidx/datastore/core/DataStoreImpl$InitDataStore$doRun$initData$1,27,43,62.79
2e88e2dd3eca52e6,androidx/compose/foundation/text/contextmenu/internal/AndroidTextContextMenuToolbarProvider_androidKt,26,155,16.77
b5e6692d95228a51,androidx/profileinstaller/ProfileInstaller,26,79,32.91
65b7d7d01e66ab4d,androidx/compose/ui/graphics/AndroidPaint,26,36,72.22
6fece3c0db52dd5b,androidx/navigation/NavGraphNavigator,26,81,32.1
17bcd6f62dc766eb,androidx/compose/ui/graphics/SimpleGraphicsLayerModifier,26,97,26.8
86977da2d48e613a,kotlinx/coroutines/channels/ProduceKt,26,65,40.0
9396582d831427b1,androidx/compose/foundation/layout/LimitInsets,26,36,72.22
9f380d94d85e3bb9,com/kgurgul/cpuinfo/ui/components/CpuNavigationSuiteScaffoldKt,26,45,57.78
67d0fc5de38709ea,androidx/compose/runtime/snapshots/SnapshotDoubleIndexHeap,26,65,40.0
9682a8a6ead8c516,androidx/compose/runtime/saveable/SaveableStateRegistryImpl,26,103,25.24
ca77438840611a66,org/koin/core/Koin,26,252,10.32
aeb8d863a7c0c524,androidx/compose/ui/text/android/LayoutIntrinsics,26,64,40.62
a7d64176cc0e1f2e,androidx/compose/ui/node/LayerPositionalProperties,26,41,63.41
9464aa72efd967e1,androidx/compose/animation/core/AnimationSpecKt,26,56,46.43
c9a1d092282287f9,androidx/compose/foundation/ScrollableAreaNode,26,77,33.77
ac3bbe7a42688973,androidx/compose/runtime/external/kotlinx/collections/immutable/implementations/immutableMap/PersistentHashMapBuilder,26,67,38.81
3ac1480b5a1351a1,androidx/navigation/internal/NavBackStackEntryStateImpl,26,73,35.62
aa0248a1377faeba,androidx/compose/runtime/external/kotlinx/collections/immutable/implementations/immutableMap/PersistentHashMapBaseIterator,26,40,65.0
81b79d6e903c1741,androidx/compose/ui/geometry/Rect,26,182,14.29
9183a3798b900737,androidx/compose/runtime/snapshots/GlobalSnapshot,26,52,50.0
fb2f36baa2fe505a,kotlin/text/HexExtensionsKt,26,651,3.99
7b59784a283b89a7,androidx/compose/ui/graphics/AndroidGraphicsContext,25,62,40.32
4dfb27c8f51a7dc9,kotlinx/coroutines/flow/FlowKt,25,166,15.06
dcead8b47ee81fc1,androidx/navigation/NavigatorState,25,131,19.08
02461297ed0c1bea,androidx/compose/ui/graphics/vector/VectorKt,25,44,56.82
013ea5ed534e7fa8,androidx/compose/runtime/internal/ComposableLambdaKt,25,42,59.52
b292fbc5fca77c53,androidx/compose/foundation/lazy/LazyListItemProviderKt,25,30,83.33
ba218c545be30127,androidx/compose/foundation/BackgroundNode,25,45,55.56
2b733fa606b8dd3c,androidx/compose/foundation/text/contextmenu/provider/BasicTextContextMenuProviderKt,25,158,15.82
b79fd08d6b5c43d9,androidx/compose/foundation/lazy/layout/LazySaveableStateHolderKt,25,39,64.1
c666f0257a46fc98,androidx/compose/ui/spatial/RectManagerKt,25,67,37.31
cf8bd53520eca88d,kotlinx/coroutines/sync/MutexImpl,25,98,25.51
83c45d02b4793fdd,androidx/compose/foundation/layout/FillNode,25,34,73.53
54152c5671e97ee6,androidx/compose/material3/TopAppBarColors,25,71,35.21
af79985d608f6054,kotlinx/coroutines/android/HandlerContext,25,51,49.02
b4070762975fdc2e,androidx/compose/foundation/layout/WindowInsetsSides,25,64,39.06
d4d79a5c1b5feffe,androidx/compose/foundation/lazy/layout/NearestRangeKeyIndexMap,25,37,67.57
e7bc7d80bd3adce8,androidx/navigation/compose/NavHostControllerKt__NavHostController_androidKt,25,32,78.12
1a5b166aec5d9cb9,androidx/compose/runtime/snapshots/SnapshotStateListKt,25,222,11.26
691815d08e0def5a,androidx/compose/ui/layout/LayoutKt$combineAsVirtualLayouts$1,25,30,83.33
ba7b0883d3f63e9f,androidx/compose/animation/core/AnimationState,25,43,58.14
5faa00c4516d0f07,androidx/compose/ui/text/font/FontFamilyResolverImpl,24,70,34.29
cd2f3b3e1f738874,androidx/compose/animation/core/Animatable$runAnimation$2,24,36,66.67
c138a6d45cf3bace,androidx/navigation/compose/NavHostKt$NavHost$33$1,24,39,61.54
fe4804e9b83187ab,androidx/compose/ui/semantics/SemanticsNode,24,415,5.78
75e956f1b64dd268,kotlinx/coroutines/internal/LockFreeTaskQueueCore,24,115,20.87
d735fee7757f5beb,androidx/compose/ui/graphics/vector/ImageVector$Builder$GroupParams,24,45,53.33
a3b3523882be3e55,androidx/compose/material3/TabRowDefaults,24,185,12.97
1160374500e7c867,androidx/compose/ui/platform/DisposableSaveableStateRegistry_androidKt,24,59,40.68
5bee9fc7e32cf79e,androidx/compose/foundation/lazy/layout/LazyLayoutItemContentFactoryKt,24,37,64.86
99679f80aee85981,androidx/compose/ui/unit/Dp,24,53,45.28
148f78275b0125ad,androidx/compose/material3/TabIndicatorOffsetNode,24,47,51.06
05ca8b512f17d320,androidx/compose/ui/layout/WindowInsetsRulers$Companion,24,29,82.76
df71191d366b8413,androidx/compose/runtime/SnapshotMutableFloatStateImpl,24,40,60.0
0acc1389c35bee87,androidx/compose/ui/graphics/BlockGraphicsLayerModifier,24,35,68.57
c5e423d348ffd7f9,androidx/collection/ScatterSet,24,271,8.86
7c2a842b3f3e1df1,androidx/compose/material3/internal/colorUtil/CamUtils,24,69,34.78
90638e44f4abb693,androidx/compose/ui/platform/AndroidComposeView$Companion,24,91,26.37
665d6452e7a498e8,androidx/compose/ui/layout/MeasurePolicy,24,56,42.86
f6ac256fd543599f,androidx/datastore/core/FileStorageConnection,24,121,19.83
f67939b2322e9de5,androidx/compose/material3/MotionScheme$StandardMotionSchemeImpl,23,26,88.46
f63edd4a19305258,com/kgurgul/cpuinfo/utils/UtilsModuleKt,23,36,63.89
73022414ee32d8c8,androidx/collection/ObjectIntMap,23,468,4.91
9e8d38a7a053ea54,androidx/compose/ui/graphics/colorspace/Connector,23,31,74.19
74007533607b0e0d,com/kgurgul/cpuinfo/features/settings/SettingsScreenKt,23,849,2.71
7e8b5f9bb0183e81,androidx/collection/MutableOrderedScatterSet,23,458,5.02
6ec11f5d5135f5dd,kotlin/jvm/internal/ClassReference,23,59,38.98
f8946e9e8f55ef8e,com/kgurgul/cpuinfo/data/provider/CpuDataProvider,23,44,52.27
ab0a43afb16be0bc,kotlinx/coroutines/intrinsics/UndispatchedKt,23,65,35.38
7728edca89906e67,androidx/compose/foundation/lazy/layout/LazyLayoutSemanticsModifierNode,23,62,37.1
de88c625714457f9,androidx/compose/ui/node/MeasurePassDelegate$layoutChildrenBlock$1,23,23,100.0
a335d668068e2c02,androidx/compose/material3/adaptive/WindowAdaptiveInfoKt,23,32,71.88
59c2e3a86dbe17ab,androidx/compose/ui/text/android/StaticLayoutFactory23,22,33,66.67
f120c75b1b4f0972,kotlinx/coroutines/flow/SharedFlowKt,22,42,52.38
b80b2023f5d3a9b7,kotlin/ranges/RangesKt___RangesKt,22,535,4.11
f30b63163d0ae89c,androidx/compose/runtime/collection/MultiValueMap,22,130,16.92
d225e1a54300b8d0,androidx/compose/ui/text/AnnotatedString,22,230,9.57
f83bc8ff0d217496,kotlinx/coroutines/flow/StateFlowSlot,22,52,42.31
849fdeafdea62d43,androidx/compose/animation/core/VectorConvertersKt,22,72,30.56
e6c18841db903ce3,androidx/lifecycle/ReportFragment,22,40,55.0
820f96dd70f8a9ba,androidx/compose/runtime/SnapshotMutableIntStateImpl,22,40,55.0
a351ca6c6197c754,androidx/compose/ui/graphics/layer/ChildLayerDependenciesTracker,22,91,24.18
cb56bd4f8185a74b,androidx/compose/runtime/SnapshotMutableStateImpl,22,44,50.0
a18190075a2f3a18,androidx/compose/ui/graphics/drawscope/CanvasDrawScope$DrawParams,22,45,48.89
4a581677b9a35464,androidx/compose/ui/unit/fontscaling/FontScaleConverterFactory,22,59,37.29
54afd003c848f9ec,androidx/compose/ui/text/ParagraphStyle,22,345,6.38
ff65fddf65ad721b,kotlinx/coroutines/flow/FlowKt__ContextKt,22,44,50.0
1875ee8f668d45fd,androidx/compose/ui/node/NodeChainKt,22,24,91.67
5b0535a25a33c29c,androidx/compose/foundation/lazy/LazyListBeyondBoundsModifierKt,22,29,75.86
ba14019defe183f3,com/kgurgul/cpuinfo/features/information/ComposableSingletons$InfoContainerScreenKt,22,48,45.83
0e4e07d1dff72fd4,kotlin/text/StringsKt__StringsJVMKt,22,334,6.59
238203dec1dbb87a,kotlinx/coroutines/flow/internal/SafeCollector,22,47,46.81
e8e4a6c52fc55ae0,androidx/compose/animation/core/AnimationStateKt,22,69,31.88
ee2bbc9e63ea2d16,androidx/compose/foundation/pager/PagerSemanticsKt,22,29,75.86
f0e85a2994a361bf,org/jetbrains/compose/resources/AsyncCache$getOrLoad$2,22,28,78.57
36233e9d27ad2d0a,androidx/profileinstaller/DeviceProfileWriter,21,163,12.88
6ec571c6ba61a085,androidx/compose/animation/core/CubicBezierEasing,21,55,38.18
df65a835d2ce838a,androidx/compose/ui/graphics/SimpleGraphicsLayerModifier$layerBlock$1,21,21,100.0
4d1f24566c7282cc,androidx/compose/ui/graphics/vector/ImageVector,21,48,43.75
64ae6cecc0d0c005,androidx/compose/animation/core/FloatSpringSpec,21,27,77.78
284605fdac2e4820,androidx/compose/ui/graphics/MatrixKt,21,53,39.62
d23f9c06d01e1798,androidx/compose/ui/text/AnnotatedStringKt,21,312,6.73
2cd036b35c448fef,androidx/compose/runtime/SnapshotMutableLongStateImpl,21,36,58.33
ed78e88fed5ba24f,kotlinx/coroutines/scheduling/WorkQueue,21,120,17.5
44bd557943b059a1,androidx/compose/foundation/EdgeEffectWrapper,21,115,18.26
bfae58471d9049d9,androidx/compose/foundation/layout/PaddingValuesImpl,21,56,37.5
03cf34887d0bfe0a,androidx/compose/ui/unit/Density,21,64,32.81
04513fda01faaec9,androidx/compose/foundation/StretchOverscrollNode,21,185,11.35
3d3debc0282c6b0e,androidx/compose/foundation/text/selection/PlatformSelectionBehaviors_androidKt,21,60,35.0
b9ca66b5292121a8,androidx/compose/ui/text/font/FontWeight,21,47,44.68
6b426577ba2c2ee9,androidx/compose/foundation/text/modifiers/SelectableTextAnnotatedStringNode,21,48,43.75
ec729291c3292736,androidx/compose/ui/geometry/RoundRectKt,21,173,12.14
ce54fb754f1966ec,androidx/compose/material3/adaptive/AndroidWindowAdaptiveInfo_androidKt,21,43,48.84
870f59690ee0cddf,kotlin/collections/CollectionsKt__MutableCollectionsKt,21,134,15.67
9c944ab701d42a9d,androidx/compose/ui/layout/WindowWindowInsetsAnimationValues,21,43,48.84
6ce572f1974014ca,androidx/compose/animation/core/MutatorMutex$mutate$2,21,27,77.78
1f8c3d175c4e1f9c,androidx/collection/ObjectList,20,236,8.47
859c540fb45b6080,org/koin/android/ext/koin/KoinExtKt,20,80,25.0
4132be67a4d5f2a4,androidx/compose/ui/text/style/LineBreak,20,45,44.44
4ff11b204e66d3fd,androidx/window/layout/WindowInfoTracker$Companion,20,32,62.5
ed191ed2b42d4e3f,androidx/compose/foundation/layout/PaddingElement,20,78,25.64
b8defe112dc9c1cb,com/kgurgul/cpuinfo/domain/model/ItemValueKt,20,65,30.77
8640e6a7f705dc1b,androidx/compose/animation/core/AnimationScope,20,29,68.97
815ce06950c1bd25,androidx/compose/runtime/SnapshotStateKt__SnapshotStateKt,20,37,54.05
7883171b9c1e9d17,androidx/compose/animation/SingleValueAnimationKt,20,39,51.28
0d50a7d2384cdc1c,androidx/lifecycle/RepeatOnLifecycleKt$repeatOnLifecycle$3$1,20,39,51.28
2d989ce9bea6e127,androidx/compose/foundation/layout/WrapContentNode,20,32,62.5
b4ca1c7c6c4e4b48,androidx/compose/ui/platform/ComposeView,20,36,55.56
00aab7aeb368b47f,androidx/compose/runtime/CompositionLocalKt,20,70,28.57
84bcfef7605eea5d,androidx/compose/foundation/pager/PagerBeyondBoundsModifierKt,20,29,68.97
54edfc6b3f8fc76f,androidx/navigation/NavigatorProvider,20,38,52.63
8c978feb6696d587,androidx/lifecycle/viewmodel/internal/ViewModelProviderImpl,20,24,83.33
b7af7ea9ae3cd67a,androidx/compose/animation/TransitionData,20,71,28.17
6b44ab40f2862303,org/jetbrains/compose/resources/ResourceEnvironmentKt$DefaultComposeEnvironment$1,20,23,86.96
bfc3416d927b5d03,androidx/lifecycle/ProcessLifecycleOwner,20,44,45.45
3bcc76e03ef7a6c3,androidx/compose/foundation/text/modifiers/LayoutUtilsKt,20,34,58.82
e20f702dfba8de6a,androidx/compose/ui/input/pointer/SuspendingPointerInputModifierNodeImpl,20,182,10.99
a62d03f949dd767e,androidx/compose/foundation/lazy/LazyListSemanticsKt,20,29,68.97
b45215d4fe45e524,kotlinx/coroutines/flow/FlowKt__ChannelsKt,20,36,55.56
792e196ad33ac8c8,androidx/datastore/core/DataStoreImpl$data$1,20,33,60.61
84f1db4d146eb4a5,androidx/arch/core/internal/SafeIterableMap,20,73,27.4
482b054e11f4fd1b,kotlin/jvm/internal/Intrinsics,19,127,14.96
6606ffd938926799,com/kgurgul/cpuinfo/features/information/cpu/CpuInfoScreenKt$CpuInfoScreen$lambda$3$0$0$0$$inlined$itemsIndexed$default$3,19,29,65.52
b5c6125170955db9,androidx/compose/foundation/text/selection/SimpleLayoutKt$SimpleLayout$1$1,19,19,100.0
b3dbf30294eebee0,androidx/collection/IntList,19,304,6.25
ba0e0d8c51708d58,androidx/compose/material3/adaptive/navigationsuite/NavigationSuiteDefaults,19,82,23.17
bc05f065236764fb,kotlinx/coroutines/JobSupportKt,19,23,82.61
07675ab48a9e1b26,androidx/window/core/layout/WindowSizeClass$Companion,19,27,70.37
1b343857576939e6,androidx/compose/foundation/layout/AndroidWindowInsets,19,30,63.33
57d4baba7b8859ee,com/kgurgul/cpuinfo/features/applications/ApplicationsScreenKt,19,1172,1.62
08784445c84d6b51,androidx/compose/material3/Shapes,19,126,15.08
ed9cd34a439992ef,androidx/compose/ui/graphics/drawscope/Stroke,19,43,44.19
0c859d173735c943,androidx/window/layout/adapter/sidecar/SidecarWindowBackend$Companion,19,31,61.29
b33c08439a4c5384,kotlinx/serialization/descriptors/SerialDescriptorImpl,19,53,35.85
289ff64427010a9e,androidx/compose/animation/core/SpringSpec,19,31,61.29
55d64eacb46bd7ee,androidx/compose/ui/text/android/LayoutIntrinsics_androidKt,19,43,44.19
861e33f3ab31e7a7,androidx/compose/runtime/saveable/SaveableHolder,19,43,44.19
7b75be11051e19e8,kotlinx/coroutines/EventLoopImplBase$DelayedTask,19,51,37.25
40a496b11c16d3d4,androidx/core/view/WindowInsetsCompat$Type,19,23,82.61
5eee1931457ff8f0,androidx/compose/runtime/CompositionLocalMapKt,19,24,79.17
3f3b4a5728d6e3ee,kotlinx/coroutines/CompletedContinuation,19,57,33.33
7448f09700d7bb05,kotlin/jvm/internal/ClassReference$Companion,19,315,6.03
628a270aa32ba7e7,androidx/compose/runtime/BroadcastFrameClock,18,30,60.0
b6d22534893c5b43,androidx/datastore/preferences/core/PreferenceDataStoreFactory,18,57,31.58
4c111466c69d7f43,androidx/compose/material/ripple/RippleNode,18,47,38.3
1f311f32a7ada59b,androidx/compose/foundation/lazy/layout/LazyLayoutPinnableItem,18,55,32.73
4dd86e22961270ff,androidx/core/view/DisplayShapeCompat,18,48,37.5
55fa6798ee78b9b1,androidx/compose/foundation/lazy/LazyListMeasureResult,18,81,22.22
568c89f6fca385a7,com/kgurgul/cpuinfo/features/applications/ComposableSingletons$ApplicationsScreenKt,18,286,6.29
784091091a33b5ba,kotlin/collections/AbstractMap,18,75,24.0
e0c13464868f54ef,androidx/compose/foundation/layout/InsetsConsumingModifierNode,18,25,72.0
e0c1e2157b5111ae,androidx/compose/ui/semantics/Role,18,45,40.0
d5424132a4b358f6,androidx/compose/runtime/external/kotlinx/collections/immutable/implementations/immutableMap/TrieNodeBaseIterator,18,23,78.26
f1b1439c194700b3,androidx/compose/foundation/text/modifiers/SelectionController,18,69,26.09
5aaf2ee6d6cecc98,androidx/compose/foundation/layout/InsetsPaddingModifierNode,18,22,81.82
56e693cb238156a9,androidx/compose/ui/platform/AndroidUiFrameClock,18,28,64.29
2c14bd3d97cff6bc,androidx/compose/runtime/changelist/Operation$InsertSlotsWithFixups,18,38,47.37
eeae8d94faaaea26,androidx/compose/material3/tokens/ShapeKeyTokens,18,20,90.0
57b2831024dc85e9,androidx/compose/runtime/retain/ManagedRetainedValuesStore,18,69,26.09
eb294b0e0d485a68,androidx/compose/foundation/ScrollableAreaKt,18,28,64.29
44786814e20519f9,androidx/compose/ui/text/style/TextAlign,18,40,45.0
7101b14568bd7f5c,androidx/compose/runtime/RememberedCoroutineScope,18,34,52.94
cdd71a28db2b1b2e,androidx/collection/LongObjectMap,18,499,3.61
aeed86f67a4c4b3b,androidx/compose/material3/internal/colorUtil/Frame$Companion,18,22,81.82
5938e0a6eb00ab11,kotlinx/coroutines/AbstractCoroutine,18,25,72.0
68a151c53dab5e9a,kotlin/text/UStringsKt,18,101,17.82
d9cc8325378ef707,androidx/compose/ui/draw/PainterElement,18,68,26.47
a020e9f163a7b6fe,androidx/activity/compose/ComponentActivityKt,18,26,69.23
1a185acd089994a9,androidx/compose/ui/platform/Wrapper_androidKt,18,30,60.0
d5dae9b7fa033b35,com/kgurgul/cpuinfo/data/local/LocalDataStore,18,35,51.43
9eee3c40e597383c,androidx/compose/ui/text/TextLayoutResult,18,87,20.69
864d837996decc54,androidx/compose/runtime/PausableMonotonicFrameClock,18,28,64.29
103b7a214d150799,androidx/compose/ui/geometry/Offset,17,99,17.17
730e88c7b4fe0ff4,androidx/compose/material3/internal/ProvideContentColorTextStyleKt,17,28,60.71
93aeb88ac7044e85,androidx/core/content/pm/ShortcutInfoCompat,17,120,14.17
1c04a4f4dd90013d,androidx/arch/core/internal/SafeIterableMap$IteratorWithAdditions,17,20,85.0
77eb2c102eae1190,kotlin/collections/AbstractList$Companion,17,45,37.78
61a1a65105558781,androidx/compose/runtime/saveable/SaveableStateHolderKt,17,19,89.47
c58a20f916701638,androidx/compose/runtime/IntStack,17,27,62.96
b895bada0163467f,kotlinx/coroutines/internal/ConcurrentLinkedListNode,17,78,21.79
71127225ce4a0a71,androidx/compose/material3/ShapesKt$WhenMappings,17,32,53.12
9e2a4eeee651dee4,androidx/navigation/compose/ComposeNavigatorDestinationBuilder,17,23,73.91
6e9e3d2d552bee1e,org/koin/core/instance/SingleInstanceFactory,17,24,70.83
a83ed0559ed88d9d,kotlinx/coroutines/flow/internal/ChannelFlow,17,56,30.36
82aa068ff2e41a15,androidx/compose/animation/SplineBasedFloatDecayAnimationSpec_androidKt,17,21,80.95
944724d61d0843ac,androidx/compose/material3/pulltorefresh/PullToRefreshElement,17,40,42.5
ec05b78771c21a45,androidx/compose/ui/text/input/ImeOptions,17,142,11.97
15034380963431d9,org/koin/core/registry/ScopeRegistry,17,56,30.36
6291d75e509ed481,androidx/compose/runtime/SnapshotStateKt,17,28,60.71
5d15d748823d5c09,androidx/compose/foundation/OverscrollKt,17,35,48.57
adc94b895d4b4f8c,androidx/compose/animation/core/InfiniteTransition$TransitionAnimationState,17,29,58.62
3164067c5a845bd0,org/jetbrains/compose/resources/StringResourcesUtilsKt$getStringItem$2,17,23,73.91
9c67dab2a0103f28,androidx/compose/ui/graphics/vector/VectorPath,17,96,17.71
22c520351e6c6730,kotlinx/coroutines/channels/ChannelKt,17,44,38.64
b8f7e5486f182968,androidx/compose/material3/ProgressIndicatorDefaults,17,105,16.19
f2d15f6d7ce3ed62,androidx/activity/EdgeToEdgeApi29,17,17,100.0
4657ad68a6b950f1,androidx/compose/material3/internal/colorUtil/Frame,17,17,100.0
e2545006b9fc3631,androidx/compose/animation/core/MutatorMutex,17,26,65.38
5e6a21088f342eda,androidx/compose/foundation/FocusableNode,17,104,16.35
886ce38458176d6e,kotlinx/coroutines/BlockingCoroutine,17,36,47.22
8cfc86ec3050a482,kotlin/collections/CollectionsKt__CollectionsKt,17,145,11.72
61857902d53d9344,androidx/window/layout/WindowMetricsCalculatorCompat,17,29,58.62
945e8afe1821d9d7,androidx/compose/material3/RippleKt,17,27,62.96
8ba889817e23c3a5,androidx/datastore/core/SingleProcessCoordinator,17,55,30.91
5ab5138b991d512e,androidx/compose/ui/node/NodeCoordinator$updateLayerParameters$1,16,21,76.19
cf398f1e5c6c1ec3,androidx/compose/ui/unit/IntOffset,16,52,30.77
6a81fd84d25c0144,androidx/compose/runtime/Latch,16,43,37.21
d6d00b59f50d4df6,androidx/core/view/WindowInsetsCompat$BuilderImpl,16,67,23.88
a59743541c0c9cfe,androidx/compose/foundation/lazy/LazyListMeasuredItemProvider,16,23,69.57
f8dec6f563efda87,androidx/lifecycle/viewmodel/internal/ViewModelProviders,16,35,45.71
0413b7bd0c18b84b,androidx/compose/runtime/ProvidedValue,16,24,66.67
949d092a90e04773,androidx/compose/ui/text/style/TextDirection,16,37,43.24
bd4b3a0affb2127a,androidx/compose/ui/semantics/SemanticsConfiguration,16,151,10.6
e2ce0ab8270f6459,androidx/compose/animation/core/AnimationVector4D,16,44,36.36
cdc999ceac9f33bf,androidx/compose/material3/ScrollableTabData,16,22,72.73
55581010c818837a,androidx/compose/foundation/gestures/Scrollable_androidKt,16,19,84.21
636563966bb2058a,androidx/compose/ui/input/pointer/PointerEvent,16,71,22.54
9ab00f98efce6ae0,androidx/compose/ui/layout/DefaultIntrinsicMeasurable,16,24,66.67
9cedafcc543db70e,kotlinx/coroutines/channels/ChannelSegment,16,55,29.09
a5a1bcd1c95f4146,androidx/compose/animation/AnimatedEnterExitMeasurePolicy,16,76,21.05
bdf0199154eb82ca,kotlin/jvm/internal/TypeIntrinsics,16,209,7.66
3c98c20358687593,androidx/compose/foundation/layout/RowColumnImplKt,16,71,22.54
b9fccb10dbf03deb,androidx/compose/ui/geometry/MutableRect,16,152,10.53
bf35012809bfe2e1,androidx/profileinstaller/ProfileInstallerInitializer,16,19,84.21
801cd5a6e3c700a9,androidx/datastore/core/RunOnce,16,31,51.61
5173b15e6a3d7d0a,androidx/compose/material3/BadgeKt,16,264,6.06
2d2bbd5ce7a08014,androidx/compose/ui/text/font/TypefaceRequestCache,16,57,28.07
245ba6b825207e77,org/koin/compose/KoinApplicationKt,16,391,4.09
009523a93e30c639,androidx/compose/ui/node/AlignmentLines$recalculate$1,16,21,76.19
0a385e46480f816c,com/kgurgul/cpuinfo/features/HostViewModel$UiState,16,40,40.0
304d08136766e020,androidx/compose/runtime/Stack,16,29,55.17
c94eefeb309af654,kotlin/coroutines/jvm/internal/ContinuationImpl,15,19,78.95
c08df17886cdf6b3,androidx/compose/ui/layout/InnermostInsetsRulers,15,23,65.22
8abe5bf308a5d871,kotlin/sequences/SequenceBuilderIterator,15,39,38.46
2e3bd14de49718ee,androidx/compose/runtime/changelist/Operation$InsertNodeFixup,15,33,45.45
ac4e76888093be8f,kotlinx/coroutines/internal/FastServiceLoader,15,126,11.9
365c7ffc82e1ccee,androidx/datastore/core/FileStorage,15,27,55.56
b67bfdcad79d348c,androidx/datastore/core/DataMigrationInitializer$Companion,15,33,45.45
a265b1fe31f76ab0,androidx/compose/ui/window/PopupProperties,15,90,16.67
6a27af801d6a7021,androidx/compose/ui/node/LayoutModifierNodeCoordinatorKt,15,22,68.18
ce778ae617389a24,kotlin/jvm/internal/CollectionToArray,15,61,24.59
38599076a67687ce,androidx/savedstate/compose/LocalSavedStateRegistryOwnerKt,15,24,62.5
b76f7740fef0973d,kotlinx/coroutines/CoroutineStart,15,19,78.95
0550d4c5bbdc610a,androidx/compose/runtime/internal/PersistentCompositionLocalHashMap,15,32,46.88
235b4231f226d8bb,androidx/compose/material3/SingleRowTopAppBarOverrideScope,15,15,100.0
7467ce95f3ab044c,androidx/compose/ui/text/style/LineHeightStyle$Alignment,15,49,30.61
dbf4608a617cf788,androidx/compose/ui/graphics/colorspace/Illuminant,15,22,68.18
70c5c1afc1589e75,androidx/compose/ui/focus/FocusTargetNode,15,379,3.96
94789c5ab4f432af,androidx/compose/runtime/external/kotlinx/collections/immutable/implementations/immutableMap/PersistentHashMap,15,47,31.91
ceb21ce1f24f4e9e,androidx/compose/ui/text/TextStyleKt,15,27,55.56
e878f6c8ac463c0f,androidx/compose/material3/tokens/AppBarTokens,15,23,65.22
9406d48e398f76c7,androidx/lifecycle/compose/LocalLifecycleOwnerKt,15,25,60.0
47d5bd61fdac5780,androidx/compose/material3/WideNavigationRailColors,15,55,27.27
d7946f10c262ca20,androidx/core/splashscreen/SplashScreen$Impl31,15,57,26.32
a1d49c44b4ea183d,androidx/compose/animation/core/Transition$animateTo$1$1$1,15,19,78.95
e65e79a0f79459a0,kotlin/sequences/FilteringSequence$iterator$1,15,26,57.69
804424c398ae4ef0,kotlin/sequences/GeneratorSequence$iterator$1,15,24,62.5
aa586eff2a753d72,kotlin/coroutines/jvm/internal/BaseContinuationImpl,15,27,55.56
3ea12e42ff879cd7,androidx/compose/ui/layout/SubcomposeLayoutState,15,20,75.0
593b7a4dd3668497,androidx/core/view/WindowInsetsControllerCompat$Impl30,15,66,22.73
0ad578f3f309f7f1,androidx/navigation/NavGraphBuilder,15,44,34.09
375b17968e09b927,androidx/compose/ui/input/pointer/SuspendPointerInputElement,15,44,34.09
5b0f11f7eb2299a1,androidx/compose/material3/tokens/LinearProgressIndicatorTokens,15,22,68.18
9fd3ec392b5d0061,androidx/navigationevent/NavigationEventHandler,15,87,17.24
0e5e360bccbc2dfa,androidx/window/layout/adapter/sidecar/SidecarWindowBackend,15,85,17.65
c80a05c5768142ac,androidx/lifecycle/viewmodel/internal/ViewModelImpl,15,61,24.59
f436e8692e5c085b,androidx/compose/ui/text/font/PlatformFontFamilyTypefaceAdapter,15,23,65.22
3ed1259265b3e5f3,kotlin/text/Regex,15,96,15.62
11cff46b4b3dd50c,androidx/compose/ui/node/NodeMeasuringIntrinsics$DefaultIntrinsicMeasurable,15,25,60.0
9df7d6bb564cc18f,androidx/compose/material3/tokens/MotionTokens,15,22,68.18
f77121e937d83ca4,androidx/compose/ui/text/style/TextOverflow,15,33,45.45
a1466bbc25c67029,com/kgurgul/cpuinfo/features/HostViewModel$special$$inlined$map$1$2,15,25,60.0
a7bb36f90c7a3c3e,kotlinx/coroutines/CoroutineScopeKt,14,30,46.67
9e67b1818feb61b9,androidx/compose/ui/unit/TextUnitType,14,27,51.85
408d42314488e4b4,androidx/compose/animation/core/VectorizedInfiniteRepeatableSpec,14,34,41.18
107479c897af1d85,androidx/compose/foundation/text/modifiers/TextStringSimpleElement,14,44,31.82
177a2fbab9596225,androidx/compose/foundation/BackgroundElement,14,41,34.15
1e5a846237ace9b1,androidx/activity/SystemBarStyle$Companion,14,21,66.67
b68123de597448f4,androidx/compose/ui/text/style/LineBreak$Strictness,14,33,42.42
6ac74e4ddc1f3d7e,androidx/navigation/compose/internal/NavComposeUtils_androidKt,14,25,56.0
92bc1ea6f0051a3d,kotlin/time/Duration,14,333,4.2
0c660b84801b40c3,androidx/navigation/NavDeepLinkDslBuilder,14,42,33.33
8259717121d23588,androidx/lifecycle/ReportFragment$Companion,14,22,63.64
e9c4ce77f82eb835,androidx/compose/foundation/layout/WindowInsets_androidKt,14,191,7.33
81495312e36696eb,androidx/compose/ui/platform/LifecycleRetainedValuesStoreOwner,14,39,35.9
ab83b8db79f860f1,androidx/compose/runtime/changelist/Operation,14,22,63.64
658a09bdd3a754b1,androidx/compose/ui/layout/LayoutNodeSubcompositionsState$NodeState,14,30,46.67
80179b6856ad268a,androidx/compose/material3/tokens/StandardMotionTokens,14,14,100.0
bf67c6f65abd484f,androidx/compose/ui/platform/LazyWindowInfo,14,36,38.89
b8ac2133110d0325,androidx/compose/ui/layout/LayoutNodeSubcompositionsState$Scope,14,24,58.33
0ed2022977bdb724,kotlinx/coroutines/internal/SystemPropsKt__SystemProps_commonKt,14,27,51.85
070fc8a2825160a2,androidx/compose/ui/platform/GlobalSnapshotManager$ensureStarted$1,14,21,66.67
ed7a405426182689,androidx/compose/animation/core/VectorizedAnimationSpecKt,14,18,77.78
0a6340e67154b48d,kotlinx/coroutines/flow/internal/ChannelFlowTransformLatest$flowCollect$3$1,14,16,87.5
69238f175440fdb2,kotlinx/serialization/descriptors/ClassSerialDescriptorBuilder,14,33,42.42
3f4ed0076aebb5ca,com/kgurgul/cpuinfo/ui/components/CpuNavigationSuiteScaffoldDefault,14,16,87.5
bf8c150ddfaca5f9,androidx/compose/ui/focus/FocusOwnerImpl,14,1572,0.89
b837772821815e70,androidx/compose/ui/node/MeasurePassDelegate$placeOuterCoordinatorBlock$1,14,20,70.0
e0a89095e6ce67f1,androidx/datastore/core/DataStoreImpl$InitDataStore$doRun$initData$1$api$1,14,35,40.0
a4f45af59a12b506,androidx/compose/ui/text/platform/AndroidParagraphIntrinsics_androidKt,14,37,37.84
06d9784b7f595076,androidx/collection/ObjectFloatMap,14,472,2.97
15d6e7c3ecb9aca9,kotlinx/coroutines/JobKt__JobKt,14,99,14.14
a6701e3e1245f894,androidx/compose/ui/graphics/drawscope/CanvasDrawScope$drawContext$1,14,14,100.0
4348676cc4b09255,androidx/compose/animation/core/AnimationVectorsKt,14,14,100.0
e302522315d637b4,androidx/compose/runtime/ComposablesKt,14,213,6.57
3c8fb656c803d6a3,androidx/compose/ui/geometry/RectKt,14,26,53.85
787a48da383d5c0a,androidx/compose/ui/node/Owner,14,38,36.84
d6df84c7524af51c,androidx/compose/foundation/lazy/layout/LazyLayoutMeasureScopeImpl,14,50,28.0
6ecb196490857f6d,androidx/compose/ui/text/font/FontListFontFamilyTypefaceAdapter,14,74,18.92
c466052c85a61d4e,com/kgurgul/cpuinfo/features/processes/ProcessesScreenKt,14,606,2.31
4d51bd57d2989853,androidx/compose/ui/text/style/LineHeightStyle$Trim,14,35,40.0
e71b195c30701566,org/koin/viewmodel/GetViewModelKt,14,46,30.43
1dc1ed5561e9eac8,androidx/compose/ui/unit/IntOffsetKt,14,45,31.11
1d085e136305bcdf,androidx/datastore/preferences/core/MutablePreferences,14,101,13.86
1d7f6b3670de7bb7,androidx/compose/ui/text/input/TextFieldValue,14,85,16.47
0853b6dd4a0fcab1,kotlinx/coroutines/JobImpl,14,21,66.67
2d577bef9b0532f8,androidx/compose/ui/node/NodeMeasuringIntrinsics,14,54,25.93
962f1a6ce3cb3008,androidx/compose/foundation/text/contextmenu/provider/BasicTextContextMenuProvider,14,42,33.33
a0068af6757d0039,com/kgurgul/cpuinfo/features/temperature/TemperatureScreenKt,14,428,3.27
5c57cbd05184e6df,kotlinx/coroutines/channels/ChannelCoroutine,13,37,35.14
8550d44ee2f91302,org/koin/dsl/DefinitionBindingKt,13,38,34.21
e34ff677975703fe,androidx/navigation/NavController$NavControllerNavigatorState,13,22,59.09
d1b56b5a78cfe3bc,androidx/compose/ui/graphics/vector/VectorComponent$drawVectorBlock$1,13,15,86.67
7b225334e150c8e1,androidx/compose/ui/text/font/FontSynthesis,13,37,35.14
786916e5f00c1f2b,kotlinx/serialization/internal/ObjectSerializer,13,21,61.9
39a5c64e5d454083,kotlinx/coroutines/internal/LockFreeTaskQueue,13,34,38.24
a7f82f1abdcdf7fe,androidx/compose/ui/platform/WeakCache,13,23,56.52
f184e4f790a3e738,kotlin/collections/EmptyList,13,50,26.0
081b3ccf16f10113,androidx/compose/foundation/lazy/layout/LazyLayoutItemContentFactory,13,23,56.52
4b327c07ca3f1927,androidx/compose/foundation/layout/SizeElement,13,38,34.21
87daf2e9c07571c3,androidx/compose/runtime/changelist/Operation$UpdateValue,13,27,48.15
d94060de505ecd46,androidx/lifecycle/Lifecycle$Event$Companion,13,26,50.0
8e7360538a1220aa,androidx/compose/ui/node/LookaheadCapablePlaceable$ResettableRulerScope,13,20,65.0
6b7ac410aa6461e6,com/getkeepsafe/relinker/ReLinkerInstance,13,85,15.29
72bc8c8eb5280d8a,org/jetbrains/compose/resources/ImageResourcesKt$vectorResource$imageVector$3$1,13,15,86.67
747130a6117a530c,androidx/compose/runtime/changelist/Operation$PostInsertNodeFixup,13,26,50.0
6b8e1e8813c8c063,kotlinx/coroutines/DelayKt,13,43,30.23
d6ebfafaeb7f2073,com/kgurgul/cpuinfo/features/information/InfoContainerViewModel,13,18,72.22
b5882a01d222ca3f,com/kgurgul/cpuinfo/components/ComponentsModuleKt,13,13,100.0
3697ac007206c024,androidx/savedstate/SavedStateWriter,13,80,16.25
3c1afb03aeaca143,androidx/compose/ui/platform/WrappedComposition,13,29,44.83
ccc8fcc56064f968,androidx/compose/ui/text/platform/DefaultImpl,13,20,65.0
9c93a9e1ee0a1257,androidx/compose/ui/graphics/colorspace/ColorModel,13,32,40.62
3b9bc0ca3793e5a6,androidx/lifecycle/Lifecycle$Event,13,22,59.09
2d5a467ecc596d61,androidx/compose/ui/text/input/KeyboardType,13,48,27.08
f10ffa8e04d2c562,androidx/compose/animation/core/AnimateAsStateKt$animateValueAsState$3$1,13,18,72.22
4353c98e3e40fef7,com/kgurgul/cpuinfo/ui/components/Scrollbar_androidKt,13,48,27.08
f6bfbafba33425ee,androidx/emoji2/text/DefaultEmojiCompatConfig$DefaultEmojiCompatConfigFactory,13,40,32.5
cd8a6a8b80aa2ba1,androidx/compose/ui/platform/WindowRecomposer_androidKt$createLifecycleAwareWindowRecomposer$2$onStateChanged$1,13,24,54.17
79ab1a7ace6941b7,androidx/compose/animation/core/AnimationVector1D,13,22,59.09
9dd289237d01c56b,androidx/compose/animation/core/TransitionKt$rememberTransition$1$1,13,21,61.9
a32a547769d11211,androidx/datastore/core/DataStoreImpl$InitDataStore,13,26,50.0
5f389ef1ad4fc1c3,kotlinx/coroutines/flow/FlowKt__ShareKt,13,51,25.49
268f1ef68112c917,androidx/compose/ui/layout/InnerRectRulers,13,18,72.22
ae7ebecf3c2a7c16,androidx/compose/material3/adaptive/navigationsuite/NavigationSuiteScaffoldStateImpl,13,37,35.14
5a0f522c72d94b77,androidx/compose/animation/EnterExitTransitionElement,13,68,19.12
067334ef751f9621,org/koin/core/module/ModuleKt,13,63,20.63
bf7d6025d4533813,org/koin/mp/KoinPlatformTools,13,33,39.39
ae3f729bdf0510c7,kotlin/io/ByteStreamsKt,13,92,14.13
186a3077d95ae2b8,androidx/core/view/WindowInsetsCompat$TypeImpl30,13,14,92.86
99789b88a28b14f9,org/koin/core/KoinApplication,13,41,31.71
76bc56e24fc59aec,androidx/emoji2/text/EmojiCompatInitializer,13,14,92.86
c9700a4eebbbbea4,androidx/compose/runtime/Updater,13,55,23.64
97a496b0bfbe2823,androidx/navigation/compose/NavHostKt$NavHost$29$1,13,23,56.52
4c7cf403bec87042,kotlinx/coroutines/internal/MainDispatcherLoader,13,31,41.94
56210d7d31dc12b8,androidx/compose/ui/node/MeasureScopeWithLayoutNodeKt,13,19,68.42
3a25dd0bf972e6d4,androidx/compose/ui/platform/AndroidComposeView$RootModifierNode,13,92,14.13
33f29b4d7118617f,androidx/navigation/NavigatorProvider$Companion,13,21,61.9
9a9b5f9a7b69a74f,androidx/compose/runtime/snapshots/ReadonlySnapshot,13,40,32.5
f80be594e4c9c06a,androidx/compose/ui/platform/AndroidUiDispatcher$dispatchCallback$1,13,14,92.86
95997cad89d83a6e,kotlinx/coroutines/CoroutineContextKt,13,83,15.66
229555d2ee1c6245,androidx/lifecycle/ViewModelProvider$Companion,13,18,72.22
2635419b0a3d961d,androidx/compose/ui/geometry/RoundRect,13,213,6.1
659c6651e773ff31,androidx/window/core/layout/WindowSizeClass,13,47,27.66
1e22c6cacf636b4f,androidx/core/view/ViewCompat,13,580,2.24
197482782b778d6e,androidx/compose/foundation/CanvasKt,13,54,24.07
20c29c48e776e6ce,androidx/compose/ui/node/NodeCoordinatorKt,13,34,38.24
bcb4230a7343528c,androidx/compose/ui/text/font/FontStyle,13,25,52.0
0583c02f1bf2c0f3,androidx/compose/ui/node/DepthSortedSet,13,67,19.4
961f8067657bcc18,androidx/lifecycle/viewmodel/compose/LocalViewModelStoreOwner,13,15,86.67
ea1a40bb99064c28,org/koin/core/instance/InstanceFactory,13,25,52.0
fccef1e4c879e543,androidx/compose/ui/text/style/BaselineShift,12,25,48.0
3f15d46c02b50904,kotlin/text/RegexOption,12,17,70.59
e62c0ab2a22befbe,com/kgurgul/cpuinfo/ui/theme/ShapesKt,12,19,63.16
539ec05af10a03a4,androidx/compose/ui/text/font/PlatformTypefacesApi28,12,41,29.27
f51dadff61ee9881,androidx/compose/animation/core/AnimatableKt,12,20,60.0
d4b453ebe7a3a255,androidx/compose/runtime/snapshots/StateObjectImpl,12,13,92.31
9b953505560a7b93,androidx/compose/foundation/lazy/layout/AndroidPrefetchScheduler,12,67,17.91
528342cbaa7bbec3,androidx/compose/ui/text/input/TextInputServiceAndroid,12,146,8.22
ab540c67cdb70fc6,androidx/compose/runtime/snapshots/StateListStateRecord,12,15,80.0
79a6afb30b57b813,androidx/compose/runtime/saveable/ListSaverKt,12,18,66.67
cb3ef8cf0ea998cc,kotlinx/coroutines/internal/ThreadContextKt,12,38,31.58
9e3c9256503999ce,androidx/compose/foundation/layout/WrapContentElement$Companion,12,18,66.67
07db048bb615b0b8,androidx/compose/ui/text/intl/AndroidLocaleDelegateAPI24,12,22,54.55
64f85e9d6b51f777,kotlin/coroutines/CoroutineContext$Element$DefaultImpls,12,12,100.0
691a162346aa5f20,androidx/compose/ui/text/android/TextAlignmentAdapter,12,16,75.0
8a7fba694f0f99da,androidx/compose/ui/graphics/ImageBitmapConfig,12,34,35.29
bd417fd1eee42bf3,androidx/compose/material3/tokens/TypefaceTokens,12,12,100.0
31bf20dfff36a66f,kotlinx/coroutines/flow/FlowKt__LimitKt$dropWhile$1$1,12,24,50.0
0d4f893e36243ba1,androidx/compose/ui/unit/TextUnit,12,60,20.0
29f4260a9bed7e77,androidx/compose/material3/tokens/PrimaryNavigationTabTokens,12,35,34.29
52817f0f14d4f32f,kotlinx/coroutines/CoroutineDispatcher,12,18,66.67
5375a080a4befc6b,androidx/navigation/compose/ComposeNavigator,12,18,66.67
b544da15b725730b,kotlin/text/RegexKt,12,27,44.44
192ab4b819027f61,androidx/compose/material3/adaptive/navigationsuite/NavigationSuiteType,12,30,40.0
6cb6f4726d1819f2,androidx/lifecycle/Lifecycle$State,12,14,85.71
f8eacdd6f88ae1e2,kotlinx/coroutines/DebugKt,12,33,36.36
eaa411442423f2c2,com/kgurgul/cpuinfo/features/HostViewModel,12,12,100.0
81dd1c76e5509589,androidx/lifecycle/viewmodel/compose/ViewModelKt__ViewModelKt,12,75,16.0
90b327a7322e4b18,androidx/compose/ui/text/TextRangeKt,12,26,46.15
f55f89adab48d877,androidx/compose/material3/tokens/CircularProgressIndicatorTokens,12,16,75.0
2d9448c0a1769443,androidx/compose/ui/layout/LayoutNodeSubcompositionsState$createMeasurePolicy$1$measure-3p2s80s$$inlined$createMeasureResult$2,12,13,92.31
3a4e08c97a4958a0,androidx/compose/ui/node/IntrinsicsPolicy,12,33,36.36
658726127c4fcfaf,com/kgurgul/cpuinfo/data/local/LocalDataStore$PreferencesKeys,12,12,100.0
55119826c15e9cf7,kotlin/uuid/Uuid,12,50,24.0
d27ec62980f1253f,androidx/compose/material3/tokens/SmallIconButtonTokens,12,25,48.0
9a402fc3500d5430,kotlinx/coroutines/sync/SemaphoreAndMutexImpl,12,183,6.56
58950b8cc42866cd,androidx/compose/foundation/gestures/ContentInViewNode,12,199,6.03
6871d691c16a2d0f,androidx/compose/foundation/pager/DefaultPagerState,12,19,63.16
f3fb0d57cc872197,androidx/navigation/NavBackStackEntry$Companion,12,17,70.59
8e4d6a2820589039,com/kgurgul/cpuinfo/features/FeaturesModuleKt,12,12,100.0
2accc074fe2920df,androidx/compose/ui/text/style/LineBreak_androidKt,12,12,100.0
7d0455b5c1ea1c94,kotlinx/coroutines/flow/AbstractFlow,12,18,66.67
dfbf0e0ea34d072f,kotlinx/coroutines/flow/internal/ChannelFlowOperator,12,25,48.0
4a1c7dfa1cf47c4e,kotlinx/coroutines/CompletedExceptionally,12,17,70.59
df516e71b9905f6d,androidx/compose/ui/text/PlatformParagraphStyle,12,39,30.77
2dc27d78c69ecf3e,androidx/compose/ui/text/input/ImeAction,12,45,26.67
e277bb115be05b0f,androidx/compose/animation/AnimatedContentMeasurePolicy$measure$3,12,13,92.31
8e3d3c6d780e73d3,kotlin/collections/EmptySet,12,28,42.86
858e87371a378143,androidx/lifecycle/SavedStateHandle,12,68,17.65
7f5c24da78779a1c,androidx/compose/ui/graphics/Shadow,12,40,30.0
2dd7ade8fc5c26fc,androidx/compose/foundation/layout/WindowInsetsPaddingKt,12,21,57.14
0cc8142b2965ead8,androidx/compose/foundation/layout/RowColumnParentData,12,47,25.53
56f8fd43520be46c,androidx/compose/ui/text/EmojiSupportMatch,12,26,46.15
220e099b46ddd38e,com/kgurgul/cpuinfo/JacocoInstrument/JacocoInstrumentation,12,53,22.64
49b108ddc8f99758,androidx/compose/ui/unit/IntSize,12,31,38.71
880556d7394738b2,androidx/compose/foundation/shape/CornerBasedShape,12,42,28.57
e90753cfb041f5e4,androidx/compose/runtime/external/kotlinx/collections/immutable/implementations/immutableMap/TrieNodeKt,12,27,44.44
e1aff1b3446c0b09,kotlinx/coroutines/flow/CallbackFlowBuilder,12,23,52.17
cabdbab980e66f5f,androidx/navigation/NavDestination$Companion,12,37,32.43
1b3b015f3b8dc164,org/jetbrains/compose/resources/StringResourcesKt$stringResource$str$3$1,11,12,91.67
829e8182f371f0b1,androidx/compose/runtime/changelist/Operation$UpdateAnchoredValue,11,34,32.35
82bdf917ab2f91bd,androidx/lifecycle/ViewTreeViewModelStoreOwner,11,11,100.0
de106f5f7c40cf62,androidx/compose/ui/text/style/TextIndent,11,26,42.31
245a2ce6c1830b4e,androidx/compose/runtime/CompositionObserverHolder,11,19,57.89
e9f4080252a3d1bb,androidx/compose/ui/platform/WrappedComposition$setContent$1,11,13,84.62
027f44c676957323,kotlin/sequences/SequencesKt___SequencesKt,11,1096,1.0
572c1da0e1a76818,androidx/compose/foundation/shape/RoundedCornerShapeKt,11,62,17.74
42c04ad2fb273719,androidx/compose/animation/AnimatedContentTransitionScopeImpl$SizeModifierNode,11,33,33.33
8ff25d007f6ce9f8,androidx/compose/material3/tokens/NavigationBarTokens,11,21,52.38
7cca0fc716b581cc,androidx/compose/foundation/layout/PaddingNode,11,35,31.43
0bc8fb2d7a68cef5,androidx/compose/material3/adaptive/AndroidWindowAdaptiveInfo_androidKt$collectFoldingFeaturesAsState$lambda$2$$inlined$map$1$2,11,19,57.89
3f67520eba3513ce,androidx/compose/ui/graphics/BlendModeColorFilter,11,16,68.75
4c96c9d97d229ca8,androidx/compose/animation/core/AnimateAsStateKt$animateValueAsState$3$1$1,11,16,68.75
dc082e8884f07285,androidx/compose/ui/input/InputMode,11,24,45.83
f29a92460cc34a5d,androidx/collection/MutableFloatSet,11,186,5.91
279bf1dc6358f36b,androidx/navigationevent/compose/LocalNavigationEventDispatcherOwner,11,15,73.33
1c5f9b280cb44d51,androidx/lifecycle/internal/SavedStateHandleImpl_androidKt,11,16,68.75
634ce23dc71680b9,androidx/compose/runtime/changelist/Operation$InsertSlots,11,24,45.83
14b8b007d8a5fb27,androidx/compose/ui/BiasAlignment,11,25,44.0
3508e2d1626e52ea,androidx/navigation/compose/ComposeNavigator$Destination,11,14,78.57
2f7c68e908bbc881,kotlin/coroutines/CoroutineContext$DefaultImpls,11,12,91.67
6c32f294cccf35a5,kotlinx/coroutines/flow/SharingStarted$Companion,11,12,91.67
81ee702de7de71cd,androidx/compose/ui/focus/FocusStateImpl,11,21,52.38
dd503e1aa6eaa256,androidx/compose/foundation/text/modifiers/InlineDensity,11,27,40.74
fca5ffa31861d3b5,androidx/compose/ui/text/style/LineHeightStyle,11,28,39.29
29db742e48e7fdc9,androidx/compose/foundation/lazy/LazyListIntervalContent,11,52,21.15
35247895cc7ba886,androidx/core/content/pm/ShortcutInfoCompat$Builder,11,117,9.4
de4646e8a2c67058,androidx/compose/ui/platform/WindowRecomposer_androidKt$getAnimationScaleFlowFor$1$1$1,11,26,42.31
7e200dab2ad03329,androidx/compose/material3/tokens/ElevationTokens,11,14,78.57
bf1ec726cf4d5ded,androidx/compose/runtime/changelist/Operation$ApplyChangeList,11,28,39.29
257a894b067ee135,com/kgurgul/cpuinfo/ui/theme/TypoghraphyKt,11,11,100.0
e5363d479c2c4f26,androidx/compose/ui/text/android/TextAndroidCanvas,11,135,8.15
795a60a630c7c2bd,org/jetbrains/compose/resources/vector/XmlVectorParserKt$childrenSequence$1,11,15,73.33
ccee664986f2a7f6,org/koin/core/parameter/ParametersHolder,11,87,12.64
e31f05fec6f9cbb6,androidx/lifecycle/ViewTreeLifecycleOwner,11,11,100.0
bbbf53b243bf0795,androidx/compose/ui/graphics/StrokeCap,11,27,40.74
b8a45a8c70061f48,androidx/datastore/core/DataStoreInMemoryCache,11,20,55.0
8da8853b946c7167,org/koin/core/instance/ResolutionContext,11,19,57.89
b5002ecfd766a148,androidx/core/view/WindowInsetsCompat$Impl30,11,12,91.67
913a6b5a25a791f3,androidx/compose/foundation/lazy/layout/LazyLayoutMeasuredItemKt,11,19,57.89
9f96df23b1d77f10,androidx/lifecycle/viewmodel/MutableCreationExtras,11,13,84.62
08d6d85f35774b88,androidx/compose/foundation/text/modifiers/StaticTextSelectionParams,11,24,45.83
7b05a98cc7251b6d,kotlin/uuid/UuidKt__UuidKt,11,257,4.28
914820ad2f85b168,androidx/compose/foundation/lazy/layout/LazyLayoutMeasuredItemProvider,11,12,91.67
2076682dfcedfba2,org/koin/core/context/GlobalContext,11,44,25.0
f60c0c5e7e2fab45,androidx/compose/foundation/text/BasicText_androidKt,11,148,7.43
17c363e5cbab304e,androidx/compose/ui/unit/DpSize,11,89,12.36
dd5e9eee53972053,androidx/compose/ui/graphics/AndroidPaint_androidKt$WhenMappings,11,18,61.11
d6deb322401d54ba,kotlinx/coroutines/flow/StartedWhileSubscribed,11,32,34.38
2145464f06511356,kotlinx/coroutines/flow/DistinctFlowImpl$collect$2,11,18,61.11
0d625fd03b0bfba4,androidx/collection/ScatterMapKt,11,56,19.64
898790d797865c40,androidx/compose/animation/core/VectorizedSpringSpec,11,20,55.0
6509adeac0b8bc45,androidx/compose/ui/text/style/Hyphens,11,28,39.29
91a353d1d4f243b1,androidx/compose/material3/tokens/NavigationDrawerTokens,11,43,25.58
395fa30011697ddc,androidx/collection/internal/ContainerHelpersKt,11,18,61.11
656ddca1d2e33c2a,androidx/emoji2/text/EmojiCompatInitializer$BackgroundDefaultLoader,11,13,84.62
f3a1631d95c89d63,androidx/compose/ui/text/style/LineBreak$Strategy,11,30,36.67
f213dfb2f047c5b3,androidx/core/graphics/Insets,11,31,35.48
3f39e153585abee7,androidx/savedstate/ViewTreeSavedStateRegistryOwner,11,11,100.0
c09f6e1e8b98dc40,androidx/compose/ui/CombinedModifier,11,26,42.31
8d85cc990a7872f1,androidx/compose/ui/graphics/colorspace/RenderIntent,11,30,36.67
c0a8dea5b623b224,androidx/compose/ui/graphics/colorspace/TransferParametersKt,11,11,100.0
4a59380550919897,androidx/datastore/core/FileReadScope$readData$2,11,41,26.83
6d9bb5cb6af0e8df,kotlin/collections/SetsKt___SetsKt,11,56,19.64
ca384d89d0344d24,co/touchlab/kermit/BaseLogger,11,26,42.31
9ae076996fba3918,androidx/lifecycle/ReportFragment$LifecycleCallbacks,11,22,50.0
c36992f5eb51002e,androidx/window/layout/WindowInfoTrackerImpl$windowLayoutInfo$1,11,16,68.75
87e5992a26530385,androidx/compose/ui/text/style/LineHeightStyle$Mode,11,27,40.74
cfd6e6993abcc83f,androidx/compose/foundation/selection/SelectableElement,11,39,28.21
316dd16474bf487c,androidx/compose/material3/NavigationItemColors,11,82,13.41
9e79d88557014d01,androidx/compose/ui/platform/CalculateMatrixToWindowApi29,11,11,100.0
37c16710725a1e74,androidx/datastore/core/FileReadScope,11,14,78.57
feff48b46d36e633,androidx/collection/MutableLongSet,11,180,6.11
2d4c77d8be6a1a32,androidx/compose/ui/node/UiApplier,11,15,73.33
e68fc6f674c1cba0,androidx/compose/ui/platform/actionmodecallback/TextActionModeCallback,11,91,12.09
750ae4af2e95c0c1,androidx/compose/ui/semantics/SemanticsOwner,11,14,78.57
0baea7771673fb98,androidx/compose/foundation/lazy/layout/AndroidPrefetchScheduler$Companion,10,14,71.43
79adcf9e31d6e5c8,androidx/compose/ui/graphics/colorspace/ColorSpace,10,38,26.32
a16c42057edfdfd4,androidx/compose/runtime/snapshots/StateListIterator,10,31,32.26
19168974db5f09b1,androidx/compose/ui/graphics/AndroidImageBitmap_androidKt,10,37,27.03
23e931d374080480,kotlinx/coroutines/flow/FlowKt__ShareKt$launchSharing$1,10,31,32.26
280cda8f640bf5b7,androidx/compose/foundation/lazy/layout/LazyLayoutNearestRangeState,10,14,71.43
e98ab60aeaccb62c,androidx/compose/material3/adaptive/navigationsuite/ComposableSingletons$NavigationSuiteScaffoldKt,10,16,62.5
b62397bebae59f35,androidx/core/splashscreen/SplashScreen$Impl,10,73,13.7
f377013c0ea0f84e,androidx/compose/runtime/saveable/SaveableStateRegistryKt,10,17,58.82
0a82606ef7b7799b,androidx/compose/foundation/OverscrollConfiguration,10,23,43.48
087b21b095f8b927,kotlinx/coroutines/flow/internal/ChannelFlow$collect$2,10,12,83.33
978148e89b0b2113,kotlin/collections/EmptyMap,10,32,31.25
ee67848090393f47,androidx/compose/ui/platform/AndroidWindowInfo_androidKt,10,21,47.62
944dc86669545379,androidx/lifecycle/LifecycleCoroutineScopeImpl,10,15,66.67
d2cdb10b20bee50c,androidx/compose/material3/ScaffoldKt$ScaffoldLayout$contentPadding$1$1,10,11,90.91
2b97b3053aa3e4dc,androidx/compose/ui/text/style/TextMotion$Linearity,10,27,37.04
c36ae496aee9ee23,androidx/compose/runtime/changelist/Operation$DetermineMovableContentNodeIndex,10,23,43.48
a4997c85b0130f33,androidx/compose/ui/semantics/SemanticsPropertyKey,10,19,52.63
ce37727c3de866dd,kotlin/time/DurationUnit,10,13,76.92
7a9f5f8f471645a8,androidx/compose/material3/DelegatingThemeAwareRippleNode,10,25,40.0
bbc4668dae8d1bc3,androidx/navigation/compose/NavHostKt$NavHost$32,10,22,45.45
1a5de045415673eb,androidx/compose/animation/EnterExitTransitionKt$createGraphicsLayerBlock$1$1$block$1,10,14,71.43
3f569b0e922bdede,androidx/compose/ui/text/style/TextForegroundStyle,10,18,55.56
5ae33e6d3ba1366c,kotlinx/coroutines/android/HandlerDispatcherKt,10,59,16.95
f48220d7f468a99e,androidx/compose/ui/input/pointer/PointerEventType,10,38,26.32
6a82d67b86fa53e0,androidx/datastore/core/DataStoreImpl$readState$2,10,24,41.67
ae3f4565bef85f93,com/kgurgul/cpuinfo/domain/observable/CpuDataObservable,10,10,100.0
c3fd0fa89a105cd6,androidx/compose/foundation/layout/InsetsListener,10,47,21.28
ad9159530088fef8,androidx/compose/material3/TypographyKt,10,41,24.39
cdba5c9958370222,androidx/compose/ui/node/ComposeUiNode$Companion,10,13,76.92
01c3dbadbbe94ad6,androidx/arch/core/executor/ArchTaskExecutor,10,21,47.62
256ba740fa5d73ff,androidx/compose/material3/TabKt$Tab$styledText$1$1,10,13,76.92
d397fc246992cd9c,androidx/compose/ui/layout/ContentScale$Companion,10,23,43.48
c4479396b204a9d4,androidx/arch/core/internal/FastSafeIterableMap,10,11,90.91
d49f15da60ed2db0,kotlinx/coroutines/flow/internal/ChannelFlowTransformLatest$flowCollect$3$1$2,10,12,83.33
918dcf9b2427d6aa,androidx/compose/foundation/gestures/ScrollableDefaults,10,27,37.04
c5bd94e6b020cc0a,androidx/compose/ui/semantics/AppendedSemanticsElement,10,23,43.48
d4f28d908b441fee,androidx/compose/ui/layout/LayoutNodeSubcompositionsState$createMeasurePolicy$1,10,16,62.5
4cb4813dd11b9210,androidx/compose/runtime/tooling/ComposeStackTraceMode,10,23,43.48
73a0e6742051fb13,kotlinx/coroutines/flow/FlowKt__LimitKt$takeWhile$lambda$6$$inlined$collectWhile$1,10,20,50.0
3383dc77297f4841,androidx/compose/ui/input/nestedscroll/NestedScrollNode,10,108,9.26
ca17e4ab241da5d9,androidx/navigation/compose/ComposeNavGraphNavigator$ComposeNavGraph,10,12,83.33
a745f89058ed572b,androidx/compose/ui/text/style/ColorStyle,10,22,45.45
34ee62040e0be89f,androidx/core/splashscreen/SplashScreen,10,14,71.43
68eaa115f76c8e6b,kotlinx/coroutines/intrinsics/CancellableKt,10,32,31.25
2f724ea9628a71ce,kotlin/collections/CollectionsKt__CollectionsJVMKt,10,43,23.26
57443e742109bafd,androidx/compose/ui/graphics/layer/CompositingStrategy,10,22,45.45
1f38be3e931e817d,androidx/compose/material3/pulltorefresh/PullToRefreshModifierNode$update$1,10,19,52.63
140925c3fd079fb9,kotlinx/coroutines/flow/FlowKt__ErrorsKt,10,56,17.86
01337a073d6f95b9,kotlinx/coroutines/flow/internal/ChannelFlowOperatorImpl,10,12,83.33
f4e606d038763e05,com/kgurgul/cpuinfo/di/SharedModuleKt,10,10,100.0
144fc253f8f31a62,androidx/compose/ui/node/OwnerSnapshotObserver,10,39,25.64
9a74fce8ec3adf92,androidx/activity/compose/internal/BackHandlerCompat,10,17,58.82
d6c77dac0d60136b,androidx/compose/ui/draw/PainterModifierKt,10,16,62.5
53b2b63e16dfa6d4,kotlinx/coroutines/flow/FlowKt__EmittersKt$onStart$$inlined$unsafeFlow$1,10,21,47.62
6fc3b44cd40a9a24,androidx/compose/runtime/LaunchedEffectImpl,10,22,45.45
0c1dbbab490868a9,com/kgurgul/cpuinfo/ui/components/CpuDividerKt,10,21,47.62
b7afbb4df7b4cd4a,androidx/compose/material3/internal/MutableWindowInsets,10,15,66.67
b6c08122d2f4f3bd,androidx/compose/material3/DrawerDefaults,10,49,20.41
0a29dd5c7ebebeaf,androidx/compose/material3/tokens/NavigationBarVerticalItemTokens,10,10,100.0
30b26c392f9624c1,androidx/compose/material3/adaptive/DpWidthSizeClasses,10,16,62.5
14423e0aecc9defb,org/jetbrains/compose/resources/StringResourcesUtilsKt,10,38,26.32
8abd393b26988d85,androidx/compose/animation/core/Animatable$snapTo$2,10,11,90.91
c2bd368fac7c0117,androidx/compose/runtime/internal/SnapshotThreadLocal,10,18,55.56
2e1361edc100f790,androidx/compose/ui/unit/IntSizeKt,10,22,45.45
77352085ba7a57f5,androidx/compose/runtime/SnapshotStateKt__DerivedStateKt,10,43,23.26
50eea8d26b9829e0,androidx/compose/ui/text/font/TypefaceRequest,10,39,25.64
cd1df93860a42e1c,androidx/navigationevent/NavigationEventInput,10,61,16.39
db28afa6f72dd91b,kotlinx/coroutines/flow/FlowKt__DistinctKt,10,15,66.67
a025529559219178,androidx/compose/animation/core/FloatTweenSpec,10,35,28.57
eef2139824b0e2ed,androidx/compose/animation/core/KeyframesSpec$KeyframeEntity,10,26,38.46
ab697321aa548946,androidx/compose/ui/text/font/FontFamily,10,15,66.67
d0583d3ba39092e4,androidx/compose/foundation/text/CommonContextMenuAreaKt,10,256,3.91
cbda9064ae8fc94c,androidx/compose/ui/node/NodeCoordinator$drawBlock$1,10,11,90.91
75e7f56f3e674268,androidx/compose/ui/layout/IntrinsicsMeasureScope,10,33,30.3
4e0f41afad66fe1a,androidx/compose/ui/node/LayoutNodeDrawScopeKt,10,14,71.43
9a5f5b7c4c04120e,kotlin/collections/builders/ListBuilder$Itr,10,36,27.78
0481c9481fbbcdec,kotlinx/coroutines/flow/StartedWhileSubscribed$command$1,10,32,31.25
b6f059a2072537d8,androidx/compose/ui/platform/GlobalSnapshotManager,10,11,90.91
9812c156395a8038,androidx/compose/foundation/lazy/LazyLayoutSemanticStateKt$LazyLayoutSemanticState$1,9,24,37.5
6764c74a3e5f3ec4,androidx/compose/animation/EnterTransition,9,45,20.0
d157ece13ecf63bb,androidx/compose/runtime/snapshots/GlobalSnapshot$takeNestedMutableSnapshot$1$1,9,10,90.0
a7d641294cf4eb7a,androidx/compose/ui/text/style/LineBreak$WordBreak,9,27,33.33
334d03a0a6e0b40b,androidx/compose/material3/pulltorefresh/PullToRefreshDefaults$Indicator$1,9,13,69.23
9c99f66fb28f5a9c,org/jetbrains/compose/resources/AndroidContextProviderKt,9,23,39.13
ed3cecf7fa52d898,androidx/compose/foundation/layout/SpacerMeasurePolicy,9,11,81.82
2ea2d6470290d93e,androidx/compose/animation/core/KeyframesSpecBaseConfig,9,15,60.0
4541633f681cad31,kotlinx/coroutines/DispatchedCoroutine,9,24,37.5
8818cb6bf17771a5,androidx/compose/material3/ShortNavigationBarDefaults,9,23,39.13
8305ce800a9c8367,androidx/compose/ui/unit/TextUnitKt,9,101,8.91
379d8aa52fb017d2,androidx/compose/ui/graphics/PathFillType,9,24,37.5
f1d8dab683162f15,org/koin/core/logger/Logger,9,32,28.12
2741fe1229dc9742,androidx/compose/runtime/Recomposer$Companion,9,84,10.71
07fd507e15d2ca5b,androidx/compose/runtime/snapshots/tooling/SnapshotObserverKt,9,95,9.47
80786d819e223be1,androidx/datastore/core/FileStorageKt,9,18,50.0
7d7585ef6f0a1ff6,androidx/compose/animation/core/ArcSpline$Arc,9,78,11.54
257a5e1e31cea23f,androidx/compose/material3/pulltorefresh/PullToRefreshStateImpl,9,15,60.0
1d2ecdf26f3e36a9,kotlinx/coroutines/flow/internal/ChannelFlowTransformLatest,9,16,56.25
4904278faafbce29,androidx/navigation/NavControllerViewModel,9,30,30.0
db40214194c724af,androidx/compose/foundation/selection/SelectableNode,9,9,100.0
b7515166ee924228,androidx/compose/animation/core/Transition$SegmentImpl,9,16,56.25
138a866ad28c8c38,androidx/lifecycle/viewmodel/internal/JvmViewModelProviders,9,17,52.94
cc25fb05a1965d38,kotlin/sequences/SequencesKt__SequencesKt,9,56,16.07
838bbb533a37097e,androidx/compose/animation/AnimatedVisibilityKt$AnimatedEnterExitImpl$shouldDisposeAfterExit$2$1,9,13,69.23
11d41062fc2cb655,androidx/savedstate/SavedStateRegistryController,9,10,90.0
8152675abb21512e,androidx/compose/ui/graphics/vector/PathNode$RelativeArcTo,9,44,20.45
b668ca92a50355ea,androidx/navigation/compose/NavHostKt$NavHost$29$1$1$1,9,23,39.13
b13684480f429602,androidx/compose/ui/graphics/vector/PathNode$RelativeCurveTo,9,40,22.5
8422ecef76a0f21c,androidx/compose/animation/core/MutableTransitionState,9,20,45.0
3e954aaf84ccfc2b,androidx/compose/ui/platform/MotionDurationScaleImpl,9,10,90.0
d9906924ddf9e072,androidx/compose/material3/TabPosition,9,18,50.0
17632e8cbbd22f83,androidx/core/graphics/drawable/IconCompat,9,248,3.63
1f1bf7390c25c9ea,androidx/compose/ui/graphics/vector/PathNode$ArcTo,9,44,20.45
9b42323c632f447d,co/touchlab/kermit/LogcatWriter,9,30,30.0
2cacac26983cf638,androidx/datastore/core/DataStoreImpl$incrementCollector$2$1,9,16,56.25
1baa4b574f6ff134,kotlinx/coroutines/flow/internal/ChannelFlowTransformLatest$flowCollect$3,9,13,69.23
80a2380dee3a384c,androidx/lifecycle/RepeatOnLifecycleKt$repeatOnLifecycle$3$1$1$1$1,9,21,42.86
fd64de07465aaa59,com/kgurgul/cpuinfo/HostActivity$special$$inlined$viewModel$default$1,9,11,81.82
c309d1c39a320795,androidx/compose/runtime/snapshots/GlobalSnapshot$takeNestedSnapshot$1$1,9,10,90.0
be225e645e1f91a7,androidx/compose/ui/platform/WindowRecomposerPolicy,9,26,34.62
b6c23595800653e8,androidx/lifecycle/Lifecycle$Event$WhenMappings,9,16,56.25
5c788bb82a052cf3,androidx/compose/material3/tokens/NavigationBarHorizontalItemTokens,9,10,90.0
ae0b850fb5666f5b,androidx/compose/material3/tokens/MotionSchemeKeyTokens,9,11,81.82
3f33084f7a63dc4e,androidx/compose/material3/ShortNavigationBarOverrideScope,9,9,100.0
8bbc20c2f9b52346,androidx/lifecycle/DefaultLifecycleObserverAdapter$WhenMappings,9,16,56.25
df971add4e637af9,androidx/lifecycle/Lifecycling,9,90,10.0
4832a7cc2a505441,kotlinx/coroutines/flow/FlowKt__ReduceKt,9,182,4.95
61ca588b1b7f503c,androidx/compose/material3/ComposableSingletons$ScaffoldKt,9,10,90.0
85cf553315c3d7ab,androidx/lifecycle/compose/FlowExtKt$collectAsStateWithLifecycle$1$1$1,9,19,47.37
1f490d6eec7becea,androidx/compose/material3/adaptive/navigationsuite/NavigationSuiteScaffoldKt$NavigationSuiteScaffold$1,9,12,75.0
5e9844235aa79384,androidx/window/layout/SafeWindowLayoutComponentProvider,9,143,6.29
bc6e02b52364ee1f,org/jetbrains/compose/resources/DensityQualifier,9,12,75.0
ad82a98a6f0458c7,kotlinx/coroutines/CancellableContinuationKt,9,48,18.75
ebadb44d78a934a4,org/jetbrains/compose/resources/ResourceState_blockingKt$rememberResourceState$1$1,9,12,75.0
581793eb34c00b4b,androidx/compose/material3/adaptive/AndroidPosture_androidKt,9,24,37.5
db5bf78f08a6100b,androidx/compose/foundation/layout/ExcludeInsets,9,16,56.25
1492bebebb3885be,androidx/compose/animation/ColorVectorConverterKt$ColorToVector$1$1,9,9,100.0
73facda7e8bfe250,kotlinx/coroutines/BuildersKt__BuildersKt,9,22,40.91
1763f1aa9f866d80,androidx/compose/runtime/SnapshotStateKt__SnapshotFlowKt$collectAsState$1$1,9,19,47.37
622856c6ee76ee6d,kotlin/time/DurationKt,9,442,2.04
65e08cab4ebdf2e5,androidx/activity/contextaware/ContextAwareHelper,9,15,60.0
5aa45ec39d45cc3f,androidx/compose/material3/DefaultShortNavigationBarOverride,9,17,52.94
d572c8f6ed4366c3,androidx/compose/ui/layout/RectRulersImpl,9,16,56.25
8f0d74a8d9c11434,androidx/core/view/WindowInsetsCompat$BuilderImpl29,9,22,40.91
a39e6f6a6e7df5ac,androidx/compose/ui/graphics/PaintingStyle,9,24,37.5
530fbcc5ff02c75c,androidx/activity/result/ActivityResultRegistry,9,153,5.88
aa41d8143276d7ef,androidx/compose/ui/spatial/RectListKt,9,66,13.64
8c7ec1b6e0d5f52e,androidx/compose/ui/graphics/FilterQuality,9,31,29.03
e98f821b45d1f61c,com/kgurgul/cpuinfo/features/information/cpu/CpuInfoViewModel$UiState,9,27,33.33
875f36edb8edd188,androidx/navigation/NavArgumentKt,9,24,37.5
850900cd11ec8dbd,androidx/compose/ui/graphics/SolidColor,9,25,36.0
6142724800036ab9,kotlinx/coroutines/scheduling/TasksKt,9,15,60.0
e68ebb8483a244f3,androidx/navigation/compose/NavHostKt$NavHost$32$1,9,12,75.0
b1896ffb945ad0a8,kotlin/uuid/Uuid$Companion,9,78,11.54
a00d7f9b653ca022,androidx/compose/ui/graphics/vector/PathNode,9,10,90.0
5bfd1c03b17cec18,androidx/compose/ui/graphics/vector/PathNode$CurveTo,9,40,22.5
d86ac3e230cb90eb,androidx/tracing/Trace,9,79,11.39
0dc0efcdc9d6f066,androidx/compose/foundation/layout/UnionInsets,9,14,64.29
cffb4eb9ff126277,androidx/compose/ui/text/style/TextMotion,9,27,33.33
721296050f24371c,androidx/compose/animation/core/TweenSpec,9,27,33.33
aa38cbedcc5d51b8,androidx/lifecycle/ViewModelProvider,9,28,32.14
35c01c5c624eb74b,androidx/compose/foundation/lazy/layout/IntervalList$Interval,9,15,60.0
ea3e1df2532cd83c,androidx/compose/ui/platform/WindowRecomposer_androidKt$createLifecycleAwareWindowRecomposer$2$WhenMappings,9,16,56.25
da2d689229fc0625,androidx/compose/material3/TabKt$TabTransition$color$2,9,14,64.29
772c35925784e851,androidx/compose/runtime/BroadcastFrameClock$FrameAwaiter,9,15,60.0
47d0edde732d24e4,androidx/compose/runtime/changelist/Operations$OpIterator,9,16,56.25
afa632f0215501cf,androidx/compose/runtime/AbstractApplier,9,30,30.0
f9f0605d2e2e4a6a,co/touchlab/kermit/Severity,9,11,81.82
e34f85188027f85e,androidx/compose/material3/ShapesKt,9,46,19.57
604930a033dbdd7c,com/kgurgul/cpuinfo/features/processes/ComposableSingletons$ProcessesScreenKt,9,83,10.84
7912201e7bb6fc35,kotlinx/coroutines/ThreadLocalEventLoop,9,10,90.0
c26e7406880d60c0,androidx/navigationevent/ViewTreeNavigationEventDispatcherOwner,9,11,81.82
db9f78716e1f335e,kotlin/SynchronizedLazyImpl,9,20,45.0
af50bb40e541ae0c,androidx/compose/ui/text/style/TextDecoration,9,28,32.14
58bed1719bdccd62,androidx/compose/ui/layout/SubcomposeLayoutState$setRoot$1,9,10,90.0
81c5e034536a2d28,androidx/compose/ui/text/android/style/IndentationFixSpan_androidKt,9,40,22.5
3ab06f7abb160ecd,androidx/compose/animation/core/ArcMode,8,22,36.36
64da9a9b264e1815,kotlin/ranges/IntProgression,8,33,24.24
b7378ba2d08fec27,androidx/window/core/Bounds,8,44,18.18
51e32df42e30b271,androidx/compose/ui/input/pointer/PointerIcon_androidKt,8,10,80.0
fcffa2fa2152dfea,kotlinx/coroutines/JobKt,8,30,26.67
28c42488987a14ce,co/touchlab/kermit/LogcatWriter$WhenMappings,8,14,57.14
9fd30de901df325e,androidx/compose/material3/adaptive/navigationsuite/DpWidthSizeClasses,8,12,66.67
e658a17abf3519ed,androidx/compose/material3/MotionSchemeKt,8,14,57.14
49a2ae559a98ffdd,androidx/compose/ui/graphics/BlendMode$Companion,8,31,25.81
68de8f21bc2b1914,androidx/compose/runtime/changelist/Operation$UpdateNode,8,21,38.1
ed95ae0bd41eb490,kotlinx/coroutines/internal/SystemPropsKt,8,8,100.0
9ae2e96f84a9f43f,org/jetbrains/compose/resources/vector/xmldom/NodeImpl,8,11,72.73
7eee1eb04d03ce0f,com/kgurgul/cpuinfo/CpuInfoApp,8,8,100.0
d247080dcfb3765a,androidx/compose/ui/text/PlatformTextStyle,8,26,30.77
fa7d99b0ee24ce38,kotlinx/coroutines/flow/FlowKt__TransformKt$onEach$$inlined$unsafeTransform$1$2,8,15,53.33
6a0bc5b676df9d0a,androidx/compose/runtime/internal/PersistentCompositionLocalHashMap$Builder,8,34,23.53
1bb84e20da290aa6,androidx/compose/foundation/text/contextmenu/modifier/TextContextMenuToolbarHandlerNode,8,46,17.39
45855e47bab60426,androidx/compose/material3/ComposableSingletons$ScaffoldKt$lambda$414328099$1,8,11,72.73
da83f23599043420,androidx/compose/foundation/VerticalScrollableClipShape,8,8,100.0
1fa002a4357f6ddc,androidx/activity/SystemBarStyle,8,17,47.06
d859ed49fbf8a8eb,androidx/compose/material/ripple/AndroidRippleNode,8,37,21.62
d2e156391fe65d14,androidx/compose/material3/ComposableSingletons$ScaffoldKt$lambda$-1514016380$1,8,11,72.73
2902ea07ef28aa01,androidx/compose/foundation/lazy/DefaultLazyListPrefetchStrategy,8,78,10.26
2fedf20192810928,androidx/compose/material3/ComposableSingletons$ScaffoldKt$lambda$1582488484$1,8,11,72.73
fea2eebf89047f5f,androidx/compose/ui/text/android/StaticLayoutFactory,8,49,16.33
1e8b30758bd70352,androidx/datastore/core/DataStoreImpl$data$1$2,8,10,80.0
2fda0ae3c884eb07,kotlinx/coroutines/flow/FlowKt__ErrorsKt$catchImpl$2,8,16,50.0
35ba37301750d31f,androidx/compose/animation/core/TransitionState,8,8,100.0
c6c1e5767b703e3a,kotlin/coroutines/intrinsics/IntrinsicsKt__IntrinsicsJvmKt,8,57,14.04
9617375bac9b8ae6,androidx/compose/animation/ExitTransition,8,55,14.55
61ff60957a02bc1e,androidx/window/core/ExtensionsUtil,8,21,38.1
3e7604f8826eff4f,androidx/compose/ui/text/intl/LocaleList,8,49,16.33
d7b6f0b548c6683d,org/jetbrains/compose/resources/vector/xmldom/NodeImpl$childNodes$1,8,8,100.0
4dda3682d199a2d0,kotlin/Result,8,31,25.81
92d74377d5d98c6f,org/koin/viewmodel/factory/KoinViewModelFactory,8,20,40.0
2e47b12900a2174a,androidx/compose/ui/text/AnnotatedString$Range,8,37,21.62
fae42ad8b1a24909,androidx/compose/runtime/Recomposer$recompositionRunner$2$2,8,12,66.67
201ad225c07d7a8c,androidx/compose/foundation/gestures/ScrollableKt,8,58,13.79
433bead7892b29c0,androidx/compose/foundation/CheckScrollableContainerConstraintsKt,8,14,57.14
6e35accea51d2ed6,androidx/compose/ui/node/NodeCoordinator$Companion$onCommitAffectingLayerParams$1,8,11,72.73
50e563b38c13d639,kotlin/io/encoding/Base64Kt,8,19,42.11
35207199bd8790fb,androidx/lifecycle/LifecycleRegistry$Companion,8,10,80.0
45bd9fdef913cab8,androidx/compose/material3/adaptive/navigationsuite/ComposableSingletons$NavigationSuiteScaffoldKt$lambda$-1164008505$1,8,11,72.73
ea1197d22c4dd87d,androidx/compose/ui/text/input/KeyboardCapitalization,8,33,24.24
3bcef7e43e29fbfd,androidx/compose/foundation/DarkTheme_androidKt,8,11,72.73
8e3a02d834d852a1,org/koin/ext/KClassExtKt,8,8,100.0
319dce2b6ca079fb,kotlinx/coroutines/flow/FlowKt__LimitKt$takeWhile$$inlined$unsafeFlow$1,8,21,38.1
765e4c49b09bc1d8,androidx/lifecycle/compose/FlowExtKt$collectAsStateWithLifecycle$1$1,8,12,66.67
8ff197334442976b,androidx/lifecycle/ViewModelStore,8,14,57.14
3aeab8927ca3f2cd,androidx/compose/ui/focus/Focusability,8,37,21.62
f6bf0c86f36f8562,androidx/compose/foundation/lazy/layout/LazyLayoutIntervalContent,8,21,38.1
5ccdb18ec96c685c,kotlinx/coroutines/channels/ConflatedBufferedChannel,8,55,14.55
1fc707971fefab0b,androidx/compose/foundation/lazy/layout/AwaitFirstLayoutModifier,8,26,30.77
63a7dd2bbf3ded76,androidx/compose/ui/layout/ContentScaleKt,8,22,36.36
f8078a046b425590,androidx/activity/OnBackPressedDispatcher,8,43,18.6
be2c70ee47cbe41e,kotlinx/coroutines/internal/ResizableAtomicArray,8,14,57.14
66c3343716de0913,androidx/compose/material3/RippleNodeFactory,8,22,36.36
a5578e93cfdee953,androidx/datastore/core/DataMigrationInitializer$Companion$getInitializer$1,8,12,66.67
7b3fb28e48210cf9,androidx/savedstate/SavedStateRegistry,8,24,33.33
5614c069f7932c6b,androidx/compose/runtime/changelist/Operation$EndCompositionScope,8,21,38.1
529a69922909dfab,androidx/compose/runtime/external/kotlinx/collections/immutable/implementations/persistentOrderedSet/PersistentOrderedSet,8,65,12.31
ce6f767a1308a6e8,kotlinx/coroutines/CompletionStateKt,8,20,40.0
eb55bee016b0ceff,androidx/compose/runtime/Pending$keyMap$2,8,8,100.0
3e2088456d7ed529,androidx/compose/runtime/NextFrameEndCallbackQueue,8,19,42.11
269d5568d9b60414,kotlinx/coroutines/flow/FlowKt__ShareKt$launchSharing$1$2,8,18,44.44
f57b33f0e7cbcfd2,com/kgurgul/cpuinfo/appinitializers/AppInitializerComponent,8,8,100.0
3cfc3bc23be8527c,androidx/compose/runtime/Recomposer$State,8,11,72.73
206a39e4fcadab98,androidx/compose/animation/AnimatedContentTransitionScopeImpl$ChildData,8,8,100.0
37786c413de12815,androidx/lifecycle/ViewModelProvider$NewInstanceFactory,8,11,72.73
d7c170e0d04579bb,androidx/navigation/internal/NavGraphImpl$iterator$1,8,15,53.33
9e0caac8817b3aaa,androidx/compose/ui/graphics/CompositingStrategy,8,22,36.36
fc446c0b0f17f07c,androidx/compose/runtime/changelist/Operation$Downs,8,16,50.0
aabe5cfcec5b9578,androidx/compose/ui/layout/RootMeasurePolicy,8,22,36.36
ee271e80d093cff5,androidx/compose/ui/node/ObserverModifierNodeKt,8,8,100.0
49f2f991a613063d,androidx/compose/runtime/MovableContentKt,8,301,2.66
f8ae06c27f5a71b8,androidx/compose/material3/tokens/NavigationRailCollapsedTokens,8,14,57.14
1b27f7176a763742,androidx/compose/foundation/HorizontalScrollableClipShape,8,8,100.0
fadd9cb0e3057475,androidx/compose/foundation/layout/FillElement$Companion,8,8,100.0
8defb8e0b432f057,kotlin/collections/CollectionsKt__ReversedViewsKt,8,22,36.36
1a7ef44460f7ff43,androidx/compose/foundation/gestures/snapping/SnapFlingBehavior,8,90,8.89
939412c13069609a,androidx/emoji2/text/EmojiCompat$ListenerDispatcher,8,14,57.14
09438a179f016dec,androidx/compose/ui/graphics/ClipOp,8,24,33.33
c3d7ad2b69cfb506,androidx/compose/material3/TabRowKt$ScrollableTabRowImpl$1$scope$1$1,8,11,72.73
2176e3e58cb79c1c,androidx/compose/ui/graphics/StrokeJoin,8,27,29.63
9face2ed391dd61c,androidx/datastore/core/DataStoreImpl$data$1$1,8,12,66.67
19d147aeff2cb302,androidx/compose/animation/AnimatedEnterExitMeasurePolicy$measure$1,8,8,100.0
dc6a5745f3e00abe,androidx/compose/ui/graphics/colorspace/Adaptation,8,10,80.0
e2857e3305230be9,org/koin/viewmodel/factory/AndroidParametersHolder,8,28,28.57
91b923fb494469aa,com/kgurgul/cpuinfo/HostActivity$onCreate$1$1,8,12,66.67
9fc10f7953deb1d3,androidx/compose/ui/text/style/TextAlign$Companion,8,19,42.11
a610727088180eb8,org/jetbrains/compose/resources/ResourceState_blockingKt$rememberResourceState$3$1,8,12,66.67
88860120b69b6dfb,androidx/collection/IntSet,8,416,1.92
3d00d608f71c6ef3,androidx/lifecycle/LifecycleRegistry$ObserverWithState,8,11,72.73
d740fe276fd795fe,androidx/compose/ui/window/AndroidPopup_androidKt,8,315,2.54
8ece42e8d6212efa,com/kgurgul/cpuinfo/features/information/cpu/CpuInfoViewModel,8,8,100.0
3951f50ca0789900,androidx/compose/ui/input/pointer/PointerIcon$Companion,8,10,80.0
b84a9d727cd2ecaa,androidx/compose/ui/platform/AndroidComposeView$snapshotObserver$1,8,14,57.14
bb4b8d04e680e6e5,org/jetbrains/compose/resources/ResourceEnvironment_androidKt,8,9,88.89
aa22987fc7986396,com/kgurgul/cpuinfo/data/local/LocalDataStore$special$$inlined$map$1$2,8,14,57.14
4a8f905d286704ec,androidx/compose/foundation/text/selection/SelectionAdjustment$Companion,8,42,19.05
d4f388ad1e0994f2,androidx/lifecycle/RepeatOnLifecycleKt$repeatOnLifecycle$3,8,12,66.67
a6ccd786fe8d18c4,androidx/compose/animation/core/EasingKt,8,9,88.89
0c717dbecc2d4afe,kotlinx/coroutines/internal/ConcurrentLinkedListKt,8,115,6.96
34bdf6331b916e38,androidx/compose/ui/platform/WindowRecomposer_androidKt$createLifecycleAwareWindowRecomposer$2,8,14,57.14
9362d8d0981d84f9,androidx/lifecycle/ViewModel,8,34,23.53
534a634f8dd54a87,androidx/datastore/core/DataMigrationInitializer$Companion$runMigrations$2,8,23,34.78
568bb627e6169123,androidx/lifecycle/DefaultLifecycleObserverAdapter,8,14,57.14
fcd5d2b709f8d003,kotlin/ranges/IntProgressionIterator,8,14,57.14
e5a376a24a3dae9b,androidx/lifecycle/RepeatOnLifecycleKt$repeatOnLifecycle$3$1$1$1$1$1$1,8,12,66.67
2c7ecfe7e129d565,kotlinx/coroutines/flow/FlowKt__ReduceKt$first$$inlined$collectWhile$2,8,16,50.0
b907247f995813de,androidx/compose/runtime/external/kotlinx/collections/immutable/implementations/immutableList/AbstractPersistentList,8,43,18.6
fce4b4174df33d12,androidx/compose/foundation/text/ContextMenu_androidKt,8,68,11.76
d66fc3a01028bdbe,androidx/compose/animation/core/ArcSpline,8,69,11.59
e2821f411ae05f52,androidx/compose/ui/platform/AndroidUiDispatcher$Companion$Main$2,8,9,88.89
92735f418b057e8a,androidx/compose/material3/MotionSchemeKt$WhenMappings,8,14,57.14
dec6c79930287074,androidx/core/view/WindowInsetsCompat$Impl,8,58,13.79
8ec4d88ab7ae3888,kotlinx/serialization/internal/Platform_commonKt,8,53,15.09
f29ae346c83a409b,androidx/profileinstaller/ProfileVerifier$Cache,8,40,20.0
e9f2e5a80acdbf01,com/kgurgul/cpuinfo/HostActivity$onCreate$3$2$1,8,12,66.67
170e2023648faa68,androidx/compose/runtime/collection/MutableVector$MutableVectorList,8,32,25.0
690a4004df350fe8,kotlin/text/Regex$Companion,8,13,61.54
44aebaa1ec652871,androidx/compose/foundation/text/contextmenu/internal/AndroidTextContextMenuToolbarProvider,8,67,11.94
f5c5767527e43e30,kotlinx/coroutines/flow/internal/SafeCollector_commonKt,8,27,29.63
09994dc291694fd5,androidx/compose/ui/layout/MeasureScope,8,55,14.55
457cd397de48d3f4,androidx/datastore/core/DataStoreImpl$data$1$3,8,12,66.67
974990d6a9a3d567,androidx/compose/ui/layout/ScaleFactorKt,8,47,17.02
512cfec0f2fc666f,kotlinx/coroutines/flow/internal/ChannelFlow$collectToFun$1,8,12,66.67
3d7460a467170162,kotlinx/coroutines/flow/StartedWhileSubscribed$command$2,8,10,80.0
9f84a93efe75b377,androidx/navigation/NavControllerViewModelKt,8,8,100.0
ca09fd3b5f47b3cc,androidx/compose/foundation/layout/LayoutWeightNode,8,14,57.14
58a6ab61b4755c73,androidx/compose/material3/ScaffoldKt$Scaffold$2,8,11,72.73
f28f7e69b261e551,com/kgurgul/cpuinfo/features/information/InfoContainerViewModel$UiState,8,18,44.44
f143b9c1cf1ddc7e,kotlin/text/Charsets,8,20,40.0
a1246e3d45c7f12d,androidx/compose/runtime/Anchor,8,10,80.0
def6fab7f00a886a,androidx/compose/ui/graphics/colorspace/ConnectorKt,8,9,88.89
324021a58f19c06e,org/jetbrains/compose/resources/ResourceItem,8,30,26.67
c00ef2e2ca4fa469,androidx/compose/foundation/lazy/layout/CacheWindowLogic,8,328,2.44
3fa8cc165452dae5,androidx/compose/runtime/saveable/SaveableStateRegistryWrapper,8,46,17.39
4471811c9d9b65a3,androidx/compose/runtime/GroupKind,8,31,25.81
23058e4673ec4369,kotlin/SafePublicationLazyImpl,8,20,40.0
27ab1a1c9118529d,kotlin/collections/builders/ListBuilderKt,8,41,19.51
0d1c323fc96ac875,androidx/compose/ui/layout/LayoutNodeSubcompositionsState$Scope$layout$1,8,12,66.67
4465cb00f5bfa4b6,androidx/compose/ui/draganddrop/DragAndDropNode,8,104,7.69
5f2304cc7704b202,androidx/compose/ui/semantics/ProgressBarRangeInfo,8,26,30.77
d1fac1b5114c3e0b,org/jetbrains/compose/resources/ImageResourcesKt$loadImage$2,8,12,66.67
b9ceb6933a8f0aea,kotlinx/serialization/modules/SerializersModuleKt,8,19,42.11
effb85c53fa3eacd,androidx/compose/runtime/Recomposer$join$2,8,10,80.0
87ec24173215ce8a,androidx/compose/foundation/layout/RowScopeInstance,8,15,53.33
cd3d8d93eafe352e,androidx/compose/material3/adaptive/navigationsuite/NavigationSuiteScaffoldDefaults,8,34,23.53
b5e84bd508c4c976,com/kgurgul/cpuinfo/features/information/cpu/CpuInfoViewModel$special$$inlined$map$1$2,8,14,57.14
1ba5cbbbdae1f56c,androidx/lifecycle/ProcessLifecycleInitializer,8,10,80.0
784e98484dff726d,androidx/compose/runtime/MovableContentStateReference,8,11,72.73
77b69317dd09a611,androidx/compose/material3/tokens/NavigationRailExpandedTokens,8,15,53.33
23f6d914ce1aeb15,org/jetbrains/compose/resources/AsyncCache,8,24,33.33
b50daa05055585a5,androidx/compose/ui/node/LayoutNode$LayoutState,8,10,80.0
0bc85d3c99a9cf0d,androidx/compose/ui/draw/DrawBehindElement,7,13,53.85
3e4c1dcc5e1e3dcd,kotlin/coroutines/AbstractCoroutineContextElement,7,7,100.0
69decf71aebac872,androidx/compose/runtime/StaticProvidableCompositionLocal,7,7,100.0
21b8670db5f85275,kotlinx/coroutines/flow/internal/FusibleFlow$DefaultImpls,7,8,87.5
17ebe36b3cccc91e,kotlinx/coroutines/internal/InlineList,7,41,17.07
517fed9a9e454338,kotlinx/coroutines/flow/SharedFlowSlot,7,12,58.33
503bd9e58f2c2748,androidx/compose/ui/platform/AndroidUiFrameClock$withFrameNanos$2$callback$1,7,8,87.5
24891d4e6eec96cf,androidx/compose/ui/node/MeasureAndLayoutDelegate$WhenMappings,7,12,58.33
2e973896f341c755,androidx/compose/foundation/text/contextmenu/modifier/TextContextMenuGestureNode,7,19,36.84
03f93abd66c0ddf3,com/kgurgul/cpuinfo/data/provider/CpuDataNativeProvider,7,8,87.5
037493d544091679,androidx/compose/ui/autofill/AndroidAutofill,7,30,23.33
add3979ca136998e,androidx/customview/poolingcontainer/PoolingContainer,7,39,17.95
592f1488eb5325a2,androidx/compose/material3/internal/MappedInteractionSource,7,11,63.64
d62be83e91c94c80,androidx/emoji2/text/ConcurrencyHelpers,7,10,70.0
bca4ab4a8d8f3914,androidx/compose/animation/AnimatedContentTransitionScopeImpl$SizeModifierElement,7,26,26.92
8194a5d6c37044b0,androidx/collection/SparseArrayCompatKt,7,215,3.26
8ef3624b4edec1ec,androidx/compose/ui/graphics/vector/PathNode$RelativeQuadTo,7,30,23.33
fb2c2a41ea7998db,com/kgurgul/cpuinfo/HostActivity$onCreate$1$1$1,7,8,87.5
f9b78b00f7b826d0,androidx/compose/ui/platform/GraphicsLayerOwnerLayer$recordLambda$1,7,8,87.5
71e970d24ce60e36,androidx/compose/ui/text/style/TextOverflow$Companion,7,12,58.33
d41444fb8cb29fac,androidx/compose/material3/TabKt$Tab$1,7,10,70.0
3bb3979668f2a0c7,androidx/compose/material3/ShortNavigationBarArrangement,7,24,29.17
8634bad6b9858143,kotlinx/coroutines/sync/SemaphoreKt,7,41,17.07
a26107120958680f,androidx/datastore/core/DataStoreFactory,7,56,12.5
84492fed44384bc2,androidx/activity/OnBackPressedDispatcher$OnBackPressedEventInput,7,17,41.18
2fe9668b092a6434,androidx/compose/runtime/internal/AtomicBoolean,7,28,25.0
e2262bd92a59e741,com/kgurgul/cpuinfo/data/provider/PackageNameProvider,7,7,100.0
460f6efbce8a4281,androidx/compose/foundation/ClipScrollableContainerKt,7,7,100.0
2af5f9cf51d567e2,androidx/compose/ui/node/Invalidation,7,9,77.78
a14de7326413a77d,kotlinx/coroutines/scheduling/CoroutineScheduler$WorkerState,7,10,70.0
f286c481101aa35f,androidx/compose/ui/graphics/Color$Companion,7,91,7.69
ffcbb5b00c8dc3a1,androidx/compose/ui/layout/OnSizeChangedNode,7,10,70.0
019015927652c7d0,androidx/compose/foundation/ScrollingLayoutElement,7,26,26.92
01ba725925c333a9,androidx/compose/ui/platform/LifecycleRetainedValuesStoreOwner$RetainedValuesStoreEntry,7,26,26.92
e1b10c2734e95c88,com/kgurgul/cpuinfo/features/information/InfoContainerScreenKt$InfoContainer$1$1,7,13,53.85
a5e98e64839b6e1d,androidx/compose/ui/focus/FocusRequester,7,289,2.42
4c4c3de624f85374,androidx/compose/ui/geometry/SizeKt,7,41,17.07
ad2f6905da355856,org/jetbrains/compose/resources/DensityQualifier$Companion,7,17,41.18
31c6da28cbbf46af,androidx/compose/ui/node/MutableVectorWithMutationTracking,7,22,31.82
4b126c43098d8611,androidx/compose/ui/layout/LayoutElement,7,13,53.85
90003fb490223759,kotlin/LazyKt__LazyJVMKt,7,11,63.64
c963629572239085,androidx/compose/animation/AnimatedContentTransitionScopeImpl$SizeModifierNode$measure$1,7,7,100.0
0d3d7e6bd82c622c,androidx/compose/material3/FabPosition,7,29,24.14
804ec0cefdca9430,kotlin/collections/AbstractCollection,7,36,19.44
3439a7b95d278705,androidx/compose/foundation/text/modifiers/LayoutCacheOperation,7,25,28.0
59c80b1f65303e10,org/jetbrains/compose/resources/ResourceReader_androidKt,7,9,77.78
cc7e548b02cdb03a,org/jetbrains/compose/resources/ImageResources_jvmAndAndroidKt,7,7,100.0
81f1430f0aa06273,androidx/lifecycle/LifecycleCoroutineScopeImpl$register$1,7,11,63.64
1ec43ddc90b2b93c,kotlinx/coroutines/flow/FlowKt__EmittersKt$onCompletion$$inlined$unsafeFlow$1,7,29,24.14
a993a9278153eb3c,androidx/compose/ui/node/LookaheadCapablePlaceable$captureRulers$1,7,8,87.5
a6216925599b1db7,androidx/core/app/CoreComponentFactory,7,11,63.64
2bb0a5b984216174,androidx/compose/foundation/ClickableNode,7,90,7.78
68cb3addac1895d2,androidx/compose/material3/pulltorefresh/PullToRefreshModifierNode$onAttach$1,7,14,50.0
941f29ae16c747d6,androidx/compose/material3/TabRowKt$ScrollableTabRowImpl$1$1$1,7,10,70.0
cdc23ff54daaf2a2,androidx/lifecycle/ViewModelKt,7,9,77.78
910337b0c689ed9e,androidx/compose/material3/RippleConfiguration,7,21,33.33
ceb2c23373519264,androidx/compose/ui/platform/AndroidComposeView_androidKt,7,44,15.91
2c07547a2ba0de69,androidx/compose/ui/platform/LifecycleRetainedValuesStore,7,17,41.18
e20fc723f3e63b2a,androidx/navigation/compose/BackStackEntryIdViewModel,7,15,46.67
aaef9cbc6e23565a,androidx/compose/material3/adaptive/DpHeightSizeClasses,7,10,70.0
1a1fe7e554a78765,androidx/compose/ui/draganddrop/AndroidDragAndDropManager,7,28,25.0
de87fcf41619ba2f,androidx/compose/ui/input/nestedscroll/NestedScrollDispatcher,7,58,12.07
15f3e632e6a55b31,androidx/compose/runtime/GroupInfo,7,7,100.0
5cb15be1a8f0c1f8,androidx/compose/runtime/changelist/Operations$WriteScope,7,28,25.0
da3009cedb36e64b,androidx/compose/foundation/lazy/layout/LazyLayoutNearestRangeState$Companion,7,7,100.0
a809cf28eaba0307,androidx/lifecycle/ProcessLifecycleOwner$attach$1,7,13,53.85
7d128cda5a0da526,androidx/navigation/ActivityNavigator,7,133,5.26
375a10085ebd5717,androidx/compose/foundation/layout/BoxChildDataElement,7,22,31.82
56c73abb4db34eaf,org/jetbrains/compose/resources/vector/ValueParsersKt,7,59,11.86
704cf2a3d5b2388f,androidx/compose/ui/BiasAlignment$Horizontal,7,23,30.43
843c752aa662c76a,androidx/compose/material3/NavigationItemIconPosition,7,24,29.17
7ffc17b5cc729479,androidx/navigation/compose/DialogHostKt$DialogHost$2$1,7,17,41.18
7eb650349f5d619a,androidx/compose/material3/InteractiveComponentSizeKt,7,13,53.85
9c67dfd42c7c7fb0,kotlin/internal/ProgressionUtilKt,7,22,31.82
4e6ca262e56c39b3,androidx/compose/material3/adaptive/navigationsuite/NavigationSuiteScaffoldKt$NavigationSuiteItem$2,7,10,70.0
4e041a630a662f13,androidx/compose/runtime/changelist/Operation$Ups,7,12,58.33
f915a08e5cfef441,androidx/compose/foundation/layout/WindowInsetsSides$Companion,7,14,50.0
97a264e5557eb761,androidx/lifecycle/LifecycleDispatcher,7,8,87.5
fa0cf3511dcda5e3,androidx/compose/foundation/lazy/layout/LazyLayoutPrefetchState,7,53,13.21
b301aac85783bf9c,androidx/collection/internal/LruHashMap,7,23,30.43
873a7d840fdee763,androidx/compose/foundation/layout/InsetsPaddingValues,7,20,35.0
ede016dbbe8eb7a9,androidx/datastore/core/StorageConnectionKt$readData$2,7,11,63.64
0dff024a10f2cd0a,androidx/compose/ui/node/MeasureScopeWithLayoutNodeKt$WhenMappings,7,12,58.33
be36d96fb146a4af,androidx/compose/ui/graphics/vector/PathNode$RelativeReflectiveCurveTo,7,30,23.33
e946989c279d8569,androidx/compose/ui/node/MeasurePassDelegate$WhenMappings,7,11,63.64
af26c4362f37d7a0,androidx/compose/ui/graphics/Outline$Rounded,7,15,46.67
374496f31587e7a0,androidx/compose/foundation/layout/InsetsValues,7,17,41.18
427a9aa15b7c77ef,com/kgurgul/cpuinfo/di/AndroidModuleKt$androidModule$lambda$0$$inlined$singleOf$default$2,7,7,100.0
c41f96493b56fd60,androidx/core/view/ViewGroupKt$iterator$1,7,9,77.78
c40ffbd41f0815e5,androidx/compose/animation/ContentTransform,7,17,41.18
3215e9bd869b6865,androidx/compose/material3/NavigationItemKt$NavigationItem$styledLabel$1,7,10,70.0
933b737bb9e72cd9,androidx/compose/ui/graphics/vector/PathNode$ReflectiveCurveTo,7,30,23.33
99cfc078138a7fc6,androidx/compose/runtime/StaticValueHolder,7,21,33.33
4caa2167f97642e7,androidx/activity/OnBackPressedCallback,7,31,22.58
b4867710b425e101,androidx/compose/material3/ScaffoldLayoutContent,7,10,70.0
6138beb225fcccbb,androidx/compose/animation/core/VectorizedTweenSpec,7,17,41.18
8511e30c018930d5,kotlinx/coroutines/channels/ChannelResult,7,43,16.28
13c5440669c72970,androidx/compose/runtime/external/kotlinx/collections/immutable/implementations/immutableList/AbstractListIterator,7,24,29.17
130b796289a6f429,androidx/compose/foundation/lazy/LazyListKt$rememberLazyListMeasurePolicy$1$1$measuredItemProvider$1,7,8,87.5
b466f43922a77a4b,kotlinx/coroutines/flow/FlowKt__MergeKt$mapLatest$1,7,15,46.67
fe06df07a332baef,androidx/savedstate/SavedStateRegistryController$Companion,7,7,100.0
479e85daed865691,androidx/compose/animation/core/VectorizedAnimationSpecKt$createSpringAnimations$1,7,7,100.0
98935fbb99a487e5,androidx/compose/ui/text/style/TextDirection$Companion,7,17,41.18
5d0d241e2f948f02,androidx/compose/ui/graphics/vector/PathNode$QuadTo,7,30,23.33
8113af593c2eeba0,com/kgurgul/cpuinfo/di/ViewModelModuleKt$viewModelModule$lambda$0$$inlined$viewModelOf$default$5,7,7,100.0
72ffcbedee158d11,androidx/activity/ComponentActivity$ReportFullyDrawnExecutorImpl,7,34,20.59
048e6ef790d7e0f3,androidx/compose/ui/platform/WindowRecomposerPolicy$createAndInstallWindowRecomposer$unsetJob$1,7,21,33.33
1806273a1c681929,androidx/lifecycle/Lifecycle$Event$Companion$WhenMappings,7,12,58.33
d504847f70d55a0e,kotlinx/coroutines/BuildersKt,7,8,87.5
9c1246b2ce3ccf73,androidx/compose/foundation/layout/WindowInsetsKt,7,40,17.5
8eef626d801a50b6,androidx/compose/foundation/BackgroundKt,7,20,35.0
7aad22bb3cfa58d9,androidx/compose/ui/semantics/CoreSemanticsModifierNode,7,11,63.64
5bb9b4f2731c0025,androidx/compose/ui/platform/SemanticsNodeCopy,7,16,43.75
9400d50816a5eb2b,androidx/compose/ui/Actual_androidKt,7,10,70.0
feba37be461a7394,androidx/compose/ui/text/Paragraph,7,40,17.5
2d88b524f5c75078,com/kgurgul/cpuinfo/domain/DomainModuleKt$domainModule$lambda$0$$inlined$factoryOf$default$4,7,7,100.0
8dc1cfb026ae19f9,androidx/collection/IntObjectMapKt,7,48,14.58
9d31842a4f1f6b32,androidx/compose/ui/text/style/TextForegroundStyle$Companion,7,12,58.33
328e2d378fcbed2a,androidx/compose/material3/DefaultSingleRowTopAppBarOverride$SingleRowTopAppBar$targetColor$2$1,7,10,70.0
e2bc9df428be6a8c,androidx/compose/ui/platform/ViewCompositionStrategy$DisposeOnDetachedFromWindowOrReleasedFromPool,7,8,87.5
4d1d4721d46b632d,com/kgurgul/cpuinfo/features/information/InformationBaseRoute,7,11,63.64
fb65f97d79280696,androidx/compose/ui/graphics/vector/VNode,7,8,87.5
9e4dbc6299e4c5eb,androidx/compose/ui/node/LookaheadCapablePlaceable$layout$1,7,7,100.0
a5f6c072e7c5bc69,androidx/compose/runtime/CompositionContext,7,10,70.0
69cda0b2b333e460,androidx/navigation/serialization/RouteEncoder,7,28,25.0
b7819e8de433137a,com/kgurgul/cpuinfo/domain/model/DarkThemeConfig,7,9,77.78
0fccc9a7f287aa45,androidx/navigation/Navigator,7,57,12.28
46b0411ee6171f76,androidx/compose/material3/adaptive/navigationsuite/NavigationSuiteScaffoldKt$NavigationSuiteScaffold$1$1,7,11,63.64
e18cfb1cf680d2c2,androidx/compose/runtime/SnapshotMutableStateImpl$StateStateRecord,7,9,77.78
dc0236ba25b2b088,kotlin/jvm/JvmClassMappingKt,7,67,10.45
51e1b91a189a8fca,androidx/compose/ui/platform/coreshims/ViewCompatShims,7,12,58.33
8462cc2ae3432b1f,androidx/compose/ui/platform/AndroidCompositionLocals_androidKt$ProvideAndroidCompositionLocals$2,6,10,60.0
661f7e337937613a,kotlinx/serialization/descriptors/SerialDescriptorsKt,6,87,6.9
21ab7039716b601a,androidx/compose/foundation/lazy/layout/LazyLayoutBeyondBoundsInfo,6,31,19.35
14c32501a8f41800,kotlin/math/MathKt__MathJVMKt,6,164,3.66
271c501621b997ff,androidx/compose/foundation/lazy/layout/LazyLayoutBeyondBoundsProviderModifierNode,6,78,7.69
7e6cbd775fca7d51,androidx/compose/foundation/lazy/LazyItemScopeImpl,6,21,28.57
d6e6cf3f031e3b72,androidx/compose/ui/platform/HapticDefaults,6,8,75.0
5b1b0b923ef94f8f,com/kgurgul/cpuinfo/features/processes/ProcessesBaseRoute$ProcessesRoute,6,11,54.55
ab0d0228b1571a7a,androidx/compose/ui/text/MultiParagraphIntrinsicsKt,6,21,28.57
929be1e803c1b283,androidx/compose/ui/FrameRateCategory,6,29,20.69
080e9f773370666f,androidx/compose/ui/node/OwnerSnapshotObserver$clearInvalidObservations$1,6,6,100.0
bf6a747897b81ed8,androidx/core/view/ViewCompat$Api21Impl$1,6,14,42.86
e67a8805e25bceb7,androidx/compose/ui/text/font/TypefaceResult$Immutable,6,7,85.71
38c1825501bcf9bc,androidx/compose/foundation/gestures/ScrollingLogic,6,156,3.85
2849854b10707fb8,androidx/window/layout/WindowInfoTrackerImpl,6,14,42.86
e092d703980b6d76,androidx/activity/compose/ComposePredictiveBackHandler,6,42,14.29
ca3d61e76e54877f,androidx/window/reflection/ReflectionUtils,6,47,12.77
b1f818db65534f78,androidx/core/view/WindowInsetsControllerCompat,6,25,24.0
db8f3302cea52558,androidx/window/layout/WindowMetricsCalculator$Companion,6,16,37.5
367aa09ced5af8c2,com/kgurgul/cpuinfo/domain/DomainModuleKt$domainModule$lambda$0$$inlined$factoryOf$default$2,6,6,100.0
0de6b9ed5cbfab34,androidx/compose/runtime/snapshots/ListUtilsKt,6,137,4.38
ca476b79911353b6,androidx/datastore/core/SingleProcessCoordinator$updateNotifications$1,6,7,85.71
dd4a2303ebab9641,org/jetbrains/compose/resources/ResourceEnvironment,6,21,28.57
fdd6bda8c3d58067,org/koin/core/qualifier/StringQualifier,6,14,42.86
33a179f317b15e13,androidx/window/layout/util/WindowMetricsCompatHelperApi30Impl,6,16,37.5
0d86e69029cd66ce,androidx/compose/ui/input/indirect/IndirectPointerEventPrimaryDirectionalMotionAxis,6,22,27.27
242eb862f8dce0e7,androidx/compose/animation/EnterExitTransitionModifierNode$measure$2,6,6,100.0
4eee8123e9df826e,kotlin/text/CharsKt__CharJVMKt,6,53,11.32
e5a1da7d31f86aa2,androidx/compose/animation/core/VectorizedKeyframeSpecElementInfo,6,25,24.0
798c884afe0d4b57,androidx/compose/runtime/snapshots/StateRecord,6,11,54.55
add1df43b13b6760,androidx/collection/SimpleArrayMap,6,268,2.24
f4dff988348b5d13,androidx/compose/ui/graphics/CanvasZHelper,6,6,100.0
1bc571bf45914b19,androidx/window/SafeWindowExtensionsProvider,6,30,20.0
288abec8bc1a8f5e,androidx/core/app/ComponentActivity,6,59,10.17
e0c77eeb739a2880,androidx/core/view/ViewCompat$Api21Impl,6,23,26.09
c45415f68ecada00,androidx/compose/ui/text/font/AsyncTypefaceCache,6,69,8.7
1f5f0d9581f756ea,androidx/compose/foundation/text/contextmenu/provider/TextContextMenuProviderKt,6,6,100.0
8de9dbcc47b01782,androidx/compose/material3/MaterialThemeKt$MaterialTheme$2,6,10,60.0
26b4b6fc2b61fd36,androidx/compose/runtime/SnapshotMutableIntStateImpl$IntStateStateRecord,6,7,85.71
6ca0dbb2857df459,androidx/compose/animation/core/KeyframeBaseEntity,6,7,85.71
91d904327036238c,com/kgurgul/cpuinfo/features/processes/ProcessesBaseRoute,6,11,54.55
207e31f9f8bbcf5d,androidx/compose/ui/platform/GlobalSnapshotManager$ensureStarted$2,6,6,100.0
71a7c6a018fc894d,androidx/compose/foundation/lazy/layout/LazySaveableStateHolder$Companion,6,8,75.0
5e7bfe40338594b9,androidx/compose/foundation/gestures/DragGestureNode,6,412,1.46
99a4bc68aead0c3c,androidx/compose/foundation/lazy/layout/LazyLayoutSemanticsKt,6,13,46.15
a67f2daab190bd2d,androidx/compose/foundation/layout/BoxScopeInstance,6,13,46.15
4a3123206f0a6175,androidx/lifecycle/viewmodel/compose/LocalViewModelStoreOwner_androidKt,6,8,75.0
88b1e47e53a7b8e7,kotlin/uuid/UuidKt__UuidJVMKt,6,76,7.89
3e5e611dff29a821,kotlin/UnsafeLazyImpl,6,14,42.86
2b5cbbb7f1246998,androidx/compose/runtime/SnapshotStateKt__ProduceStateKt$produceState$3$1,6,12,50.0
8f7059b0e578dbce,androidx/compose/ui/platform/AbstractComposeView$ensureCompositionCreated$1,6,10,60.0
4b9f147fa02c9745,kotlinx/coroutines/flow/FlowKt__ErrorsKt$catch$$inlined$unsafeFlow$1,6,19,31.58
40d1358e283dd5c2,androidx/compose/ui/graphics/drawscope/DrawScope$Companion,6,6,100.0
2efe96fea3a0730e,androidx/compose/ui/platform/WrappedComposition$setContent$1$1$3,6,10,60.0
de0838d15879b613,com/kgurgul/cpuinfo/features/temperature/ComposableSingletons$TemperatureScreenKt,6,41,14.63
d44e18804f404a8f,androidx/compose/ui/node/MeasurePassDelegate$layoutChildrenBlock$1$4,6,6,100.0
6ae4309bc084d3a8,androidx/compose/runtime/Invalidation,6,7,85.71
ee2c0371950dd1c4,kotlinx/coroutines/CoroutineStart$WhenMappings,6,10,60.0
065907e8bce5b4a9,com/kgurgul/cpuinfo/features/temperature/TemperaturesBaseRoute$TemperaturesRoute,6,11,54.55
bab7bdfb047ce904,androidx/compose/ui/platform/WrappedComposition$setContent$1$1$2$1,6,12,50.0
d26699e38111a0ab,com/kgurgul/cpuinfo/features/settings/SettingsRoute$List,6,11,54.55
d3fc525745fbee00,kotlin/LazyThreadSafetyMode,6,8,75.0
0b5178138ebed796,androidx/compose/foundation/layout/FixedIntInsets,6,16,37.5
ea69dda9e53af85f,kotlinx/coroutines/sync/MutexKt,6,38,15.79
5bcd1565d5e5b181,androidx/compose/ui/input/nestedscroll/NestedScrollSource,6,30,20.0
44dd9cf42edebc23,androidx/compose/runtime/JoinedKey,6,23,26.09
8178fb3f525082f1,org/jetbrains/compose/resources/LanguageQualifier,6,12,50.0
3828994728eb0217,androidx/compose/foundation/FocusableKt,6,10,60.0
a701ae3074f79632,androidx/compose/runtime/changelist/Operation$EndMovableContentPlacement,6,6,100.0
14e911478a6183cf,androidx/compose/ui/graphics/GraphicsLayerElement,6,152,3.95
37a0746ce72928e8,com/kgurgul/cpuinfo/features/information/InformationBaseRoute$InformationRoute,6,11,54.55
0dc42db81d1ed174,com/kgurgul/cpuinfo/features/applications/ApplicationsBaseRoute$ApplicationsRoute,6,11,54.55
91db79d25fffbba5,androidx/compose/foundation/lazy/layout/LazyLayoutItemAnimator$DisplayingDisappearingItemsNode,6,38,15.79
1a88f424860d04c5,androidx/navigationevent/compose/LocalNavigationEventDispatcherOwner_androidKt,6,8,75.0
620fa92eaf4a28d9,androidx/compose/runtime/DynamicProvidableCompositionLocal,6,7,85.71
526b66e7b4d2cc8f,com/kgurgul/cpuinfo/domain/model/CpuData,6,20,30.0
b7161c754e306988,kotlinx/coroutines/internal/FastServiceLoaderKt,6,7,85.71
12fbabdbc34ab76e,kotlinx/coroutines/internal/LimitedDispatcher$Worker,6,19,31.58
64c11e3efc24cbfa,androidx/compose/ui/text/input/CursorAnchorInfoController,6,34,17.65
f694cf5edb58ef7f,org/jetbrains/compose/resources/AndroidContextProvider,6,16,37.5
55d140242a29f1fd,androidx/compose/material3/NavigationItemKt$NavigationItem$styledIcon$1,6,10,60.0
f9b2f5eaf94b5b29,androidx/compose/runtime/InvalidationResult,6,9,66.67
e8639484b1962339,androidx/compose/ui/platform/AndroidComposeView$RootModifierNode$rulerLambda$1,6,8,75.0
6534be7684041121,androidx/compose/ui/text/TextRange,6,43,13.95
543a7ffa845a8130,androidx/compose/foundation/IndicationModifierElement,6,15,40.0
7d4c47bc04823175,com/kgurgul/cpuinfo/utils/navigation/TopLevelRoute,6,25,24.0
672c02905d8c172c,androidx/compose/runtime/internal/AtomicAwaitersCount,6,50,12.0
883b97898e22beb3,androidx/navigation/NavHostController,6,10,60.0
a2426b371af77ce1,androidx/compose/runtime/KeyInfo,6,7,85.71
bb4c96bae5af0734,com/kgurgul/cpuinfo/domain/model/ItemValue$NameValueResource,6,20,30.0
09a94f1772935b97,androidx/compose/ui/platform/WindowRecomposer_androidKt$createLifecycleAwareWindowRecomposer$2$onStateChanged$1$1$1,6,12,50.0
1eb8e0d8a50994b4,androidx/compose/runtime/external/kotlinx/collections/immutable/implementations/immutableMap/PersistentHashMapEntriesIterator,6,6,100.0
01033d2b8716b4dc,kotlin/collections/ReversedListReadOnly,6,8,75.0
0c65c6e0476a1dc4,androidx/compose/ui/focus/FocusStateImpl$WhenMappings,6,10,60.0
e15b0d4052e7ae0b,kotlinx/coroutines/flow/StateFlowKt,6,39,15.38
bb79deaec7f51335,androidx/compose/foundation/gestures/DefaultFlingBehavior,6,12,50.0
48ec2ed6ec253b66,androidx/lifecycle/compose/LifecycleEffectKt$WhenMappings,6,10,60.0
896f47e347013836,kotlin/time/MonotonicTimeSource,6,11,54.55
c75a669c4628762e,androidx/compose/foundation/layout/UnspecifiedConstraintsElement,6,26,23.08
165b28f870703c6d,androidx/compose/ui/modifier/ModifierLocalManager,6,113,5.31
98c2fe161c1b080b,androidx/compose/ui/node/ComposeUiNode$Companion$ApplyOnDeactivatedNodeAssertion$1,6,11,54.55
fd00a8205dca9a31,com/kgurgul/cpuinfo/appinitializers/NativeToolsInitializer,6,6,100.0
c498c2365cba48eb,androidx/compose/ui/node/DepthSortedSetsForDifferentPasses$WhenMappings,6,10,60.0
69cca27d2a60b2d7,androidx/compose/ui/graphics/colorspace/Connector$Companion,6,22,27.27
44476a7261ddbcf1,androidx/compose/runtime/DynamicValueHolder,6,17,35.29
423ee85b2ef7573b,androidx/compose/ui/semantics/ClearAndSetSemanticsElement,6,19,31.58
005f17ae7c6cf82e,kotlin/coroutines/ContinuationInterceptor$DefaultImpls,6,22,27.27
d0a68bfa690b0182,androidx/compose/ui/geometry/CornerRadius,6,89,6.74
3795eb5dd6b9d9ac,kotlin/sequences/FilteringSequence,6,9,66.67
4dd880089546ccb1,androidx/compose/ui/graphics/TransformOrigin,6,35,17.14
444b474947ae103c,androidx/compose/foundation/text/modifiers/SelectableTextAnnotatedStringElement,6,71,8.45
000f5b5db7403922,androidx/compose/material/ripple/RippleNode$onAttach$1,6,12,50.0
37adbd3dd166ee6a,androidx/compose/animation/core/InfiniteRepeatableSpec,6,30,20.0
5618472e077643ef,androidx/compose/ui/platform/WrappedComposition$setContent$1$1$1$1,6,12,50.0
d6971521f6254046,androidx/activity/compose/internal/BackHandlerDispatcherCompat,6,19,31.58
63b16700fab10bfa,com/kgurgul/cpuinfo/domain/DomainModuleKt$domainModule$lambda$0$$inlined$factoryOf$default$3,6,6,100.0
ef8856b06a35e507,com/kgurgul/cpuinfo/domain/model/ItemValue$NameResource,6,20,30.0
cd50c86fe713743d,androidx/compose/ui/layout/PlaceableKt,6,6,100.0
6dd39f557e0f9afd,androidx/compose/runtime/SnapshotStateKt__ProduceStateKt$produceState$1$1,6,12,50.0
2ab48fecbd754e54,androidx/lifecycle/RepeatOnLifecycleKt$repeatOnLifecycle$3$1$1$1,6,12,50.0
a0a1588ae350edd4,androidx/compose/runtime/OneShotCancellationHandle,6,7,85.71
e5448a5d59adc06c,com/kgurgul/cpuinfo/features/temperature/TemperaturesBaseRoute,6,11,54.55
7b8498d3ff28cb5d,kotlinx/coroutines/JobNode,6,8,75.0
0d607108912dfa07,androidx/compose/foundation/AndroidOverscroll_androidKt,6,58,10.34
2d61a106ce747551,androidx/compose/foundation/lazy/layout/DefaultLazyKey,6,16,37.5
bbdaa456c99f4150,androidx/compose/runtime/external/kotlinx/collections/immutable/internal/DeltaCounter,6,20,30.0
1929ef8746cf8708,androidx/compose/ui/node/OwnerSnapshotObserver$onCommitAffectingSemantics$1,6,7,85.71
d13d4a6db95715a6,androidx/compose/material3/tokens/AppBarLargeFlexibleTokens,6,8,75.0
6697be188753a86a,androidx/datastore/preferences/core/PreferencesKeys,6,16,37.5
beb41ea20f3f98cf,kotlin/collections/ReversedList,6,12,50.0
2d97923930b278f1,androidx/compose/foundation/text/contextmenu/internal/ComposableSingletons$DefaultTextContextMenuDropdownProvider_androidKt,6,80,7.5
6587cfbaa732bae1,androidx/compose/ui/graphics/vector/ImageVectorKt,6,69,8.7
28667274b343f163,androidx/compose/foundation/gestures/DefaultScrollableState,6,18,33.33
34fc16f52e9f74ab,androidx/core/os/BundleKt,6,49,12.24
5634f3e9cc355165,androidx/navigation/compose/NavBackStackEntryProviderKt$LocalOwnersProvider$1,6,10,60.0
8e7f9733261bc661,androidx/compose/ui/text/style/LineBreak$Strictness$Companion,6,7,85.71
7b5226d93ebcfa61,com/kgurgul/cpuinfo/features/settings/SettingsRoute$Licenses,6,11,54.55
3a88c432db68bc66,kotlin/coroutines/jvm/internal/RestrictedContinuationImpl,6,10,60.0
2f0257d1ce7f2f77,androidx/compose/runtime/SnapshotMutableFloatStateImpl$FloatStateStateRecord,6,7,85.71
9c5e75d55d550d35,com/kgurgul/cpuinfo/features/settings/SettingsRoute,6,11,54.55
679f66fedc2f276a,androidx/compose/ui/input/pointer/MotionEventAdapter,6,201,2.99
86eaa1acbe5cc33f,kotlin/io/encoding/Base64$PaddingOption,6,9,66.67
8aa3c520c7f71206,androidx/compose/ui/node/LayoutNode$UsageByParent,6,8,75.0
43d3c1303371cb16,kotlinx/coroutines/scheduling/DefaultIoScheduler,6,13,46.15
30e236bb5d8aa162,kotlinx/coroutines/flow/SharingCommand,6,8,75.0
2273b32d4621ec63,androidx/compose/material3/ModalWideNavigationRailProperties,6,21,28.57
fd08c1d345d6423a,androidx/compose/runtime/internal/IntRef,6,10,60.0
7d4bb1c4a33134df,com/kgurgul/cpuinfo/features/applications/ApplicationsBaseRoute,6,11,54.55
0d7f8d3831466a74,androidx/compose/foundation/pager/PagerSnapDistance$Companion,6,10,60.0
a626b6ad37667c92,androidx/lifecycle/ProcessLifecycleOwner$attach$1$onActivityPreCreated$1,6,6,100.0
cd301c2bb1c89b4c,androidx/compose/runtime/external/kotlinx/collections/immutable/implementations/immutableMap/TrieNodeEntriesIterator,6,6,100.0
974bddbf332b2271,androidx/compose/ui/input/InputModeManagerImpl,6,9,66.67
99286ca2aab72484,androidx/compose/ui/node/LayoutNodeAlignmentLines,6,6,100.0
042cbe5cc50d449e,androidx/compose/ui/graphics/ImageBitmapKt,6,30,20.0
8800a537b33ae5eb,kotlinx/coroutines/EventLoop_commonKt,6,9,66.67
86640afa5066e700,androidx/collection/SparseArrayKt$valueIterator$1,6,9,66.67
cf11374dbec29a29,androidx/compose/foundation/AndroidEdgeEffectOverscrollFactory,6,24,25.0
14975f23a7c190a0,androidx/lifecycle/viewmodel/InitializerViewModelFactoryBuilder,6,10,60.0
290dc8a2bdffe154,androidx/compose/ui/graphics/Api26Bitmap,6,11,54.55
d3aac9d2479dc0f1,androidx/compose/foundation/ScrollableAreaElement,6,49,12.24
c932452bb8426977,com/kgurgul/cpuinfo/HostActivity$onCreate$1,6,12,50.0
6cfc9e50c417cb8a,kotlinx/coroutines/EventLoopImplPlatform,6,8,75.0
dd1e77dee4df9346,androidx/compose/ui/node/OwnerSnapshotObserver$onCommitAffectingMeasure$1,6,7,85.71
f58b90a9c04ed802,org/jetbrains/compose/resources/AsyncCache$getOrLoad$2$deferred$1$1,6,12,50.0
9b767d785339884e,androidx/compose/ui/semantics/SemanticsModifierKt,6,19,31.58
fac4fe5d6efbf7d4,androidx/lifecycle/SavedStateHandle$Companion,6,11,54.55
315f94d5972f2f18,androidx/compose/ui/graphics/layer/GraphicsLayer$clipDrawBlock$1,6,21,28.57
3bd1d57c203b136c,androidx/savedstate/Recreator,6,35,17.14
955efac0be300c55,androidx/compose/runtime/SnapshotStateKt__ProduceStateKt$produceState$5$1,6,12,50.0
937582e767dea83e,androidx/compose/material3/TabIndicatorModifier,6,38,15.79
ad3dac05e152be87,androidx/compose/material3/tokens/AppBarMediumFlexibleTokens,6,8,75.0
1689c6eecac5e45b,androidx/navigation/serialization/RouteBuilder,6,39,15.38
ef08b30e2fa16cb0,androidx/datastore/core/SimpleActor,6,30,20.0
ddb7adf3a5806af6,com/kgurgul/cpuinfo/domain/DomainModuleKt$domainModule$lambda$0$$inlined$factoryOf$default$6,6,6,100.0
62e291e56d9ec1f7,org/jetbrains/compose/resources/Resource,6,12,50.0
0b361ec41ecf144f,androidx/navigationevent/NavigationEventHistory,6,53,11.32
297208dbd744491d,androidx/compose/foundation/gestures/BringIntoViewSpec_androidKt,6,10,60.0
52f90eae0c747023,androidx/compose/ui/text/ParagraphIntrinsicInfo,5,24,20.83
99e273fe7855725f,com/kgurgul/cpuinfo/data/provider/ApplicationsDataProvider,5,81,6.17
e77116abf9af08ce,androidx/compose/ui/text/style/TextForegroundStyle$Unspecified,5,5,100.0
10094f50ee87f110,androidx/compose/ui/platform/InvertMatrixKt,5,12,41.67
c7cf69ed481b4737,androidx/compose/ui/window/SecureFlagPolicy,5,8,62.5
5f26efdffa5cebc4,androidx/compose/ui/graphics/colorspace/RenderIntent$Companion,5,6,83.33
656ed771b6f8c56a,kotlin/jvm/internal/PropertyReference,5,35,14.29
c6b34991da0b94bd,androidx/compose/ui/layout/MultiContentMeasurePolicyImpl,5,24,20.83
d2953da6c12ecfa9,androidx/compose/ui/draw/DrawBackgroundModifier,5,6,83.33
a446add44af282a7,androidx/compose/animation/AnimatedContentKt$AnimatedContent$6$1$4$1,5,9,55.56
920cf7cb1f5158a9,com/kgurgul/cpuinfo/ui/HelpersKt$WhenMappings,5,8,62.5
b3f6b58dd008b425,androidx/compose/animation/CrossfadeKt$Crossfade$4$1,5,5,100.0
2af108abb7ff57ce,androidx/compose/ui/layout/SubcomposeSlotReusePolicy$SlotIdsSet,5,84,5.95
7d8e53830f4463c8,kotlin/text/MatcherMatchResult,5,20,25.0
97c499967638dade,androidx/compose/ui/input/pointer/HitPathTracker,5,103,4.85
c86a1128599923df,androidx/compose/animation/CrossfadeKt$Crossfade$5$1$alpha$2,5,7,71.43
2e2f767e8e86b587,com/kgurgul/cpuinfo/domain/action/RamCleanupAction,5,8,62.5
bc8b5c0416dd7539,com/kgurgul/cpuinfo/di/ViewModelModuleKt$viewModelModule$lambda$0$$inlined$viewModelOf$default$6,5,5,100.0
8b740dd6774d322d,kotlin/coroutines/EmptyCoroutineContext,5,9,55.56
682c747bf8b9e710,androidx/compose/ui/text/style/Hyphens$Companion,5,14,35.71
017bd0397f50aa20,androidx/compose/ui/graphics/vector/ImageVector$Companion,5,6,83.33
43c89ad84442991d,androidx/compose/runtime/ComposableSingletons$CompositionKt,5,22,22.73
4e3e2236cdac056a,androidx/compose/ui/layout/VerticalRuler,5,11,45.45
a15c95f015e484b0,androidx/compose/ui/focus/FocusRequesterNode,5,10,50.0
a840b7b6e64d5fb4,kotlin/time/DurationJvmKt,5,18,27.78
b97d9409c0aaabed,kotlinx/coroutines/flow/FlowKt__EmittersKt,5,33,15.15
50d404e188ee7aee,androidx/compose/ui/node/TraversableNode$Companion$TraverseDescendantsAction,5,8,62.5
ea5e7f10b9f90ac8,androidx/compose/foundation/layout/FillElement,5,18,27.78
d94b3ebeaa1fab7b,androidx/compose/ui/node/NodeCoordinator$Companion$onCommitAffectingLayer$1,5,6,83.33
626e91086f7c9ab7,androidx/compose/ui/text/TextLayoutInput,5,90,5.56
9d7fa78fac94f0a7,androidx/compose/ui/graphics/Outline$Rectangle,5,9,55.56
f377a6e6dfdaeca3,androidx/collection/FloatFloatPair,5,31,16.13
b47dd83d11f3bb5c,androidx/collection/ScatterSetKt,5,22,22.73
5123d584ce664d0a,androidx/compose/foundation/text/selection/PlatformSelectionBehaviorsImpl,5,111,4.5
a556ae9905e9e678,androidx/collection/IntIntMap,5,463,1.08
59a8c031a123b03b,androidx/compose/runtime/SnapshotMutableLongStateImpl$LongStateStateRecord,5,7,71.43
ccd140beebff0e80,androidx/compose/ui/text/style/TextGeometricTransform,5,30,16.67
25ef5cdf773c2736,androidx/compose/foundation/text/selection/MultiWidgetSelectionDelegate,5,109,4.59
6f2fdef04269fa18,androidx/lifecycle/ProcessLifecycleOwner$Companion,5,6,83.33
8d4c3f3ea32c98e2,androidx/activity/ComponentActivity$4,5,5,100.0
ae9617f8bf016fbc,androidx/compose/foundation/text/HeightInLinesModifierKt,5,105,4.76
2af0a56d91db37ab,org/jetbrains/compose/resources/ResourceReaderKt,5,10,50.0
dfd725b68f1fff6f,androidx/compose/foundation/lazy/LazyListInterval,5,5,100.0
150c6c683ac389b5,androidx/compose/ui/graphics/ColorFilter$Companion,5,8,62.5
e777a963fd4e397a,androidx/compose/animation/AnimatedVisibilityKt$AnimatedEnterExitImpl$shouldDisposeAfterExit$2$1$2,5,10,50.0
080578665819822d,kotlin/sequences/SequencesKt__SequenceBuilderKt,5,6,83.33
6ba3cf5ae0a0ce05,androidx/compose/runtime/changelist/Operation$UpdateAuxData,5,13,38.46
77b19ed44560a675,androidx/lifecycle/LifecycleKt,5,10,50.0
be5a5a9884f10a44,androidx/compose/ui/unit/TextUnitType$Companion,5,5,100.0
e44ebff7dd03ec11,androidx/compose/ui/node/TailModifierNode,5,8,62.5
ecfa2f90e5b0ec15,androidx/window/layout/adapter/sidecar/SidecarCompat$Companion,5,18,27.78
af0a9b26dd6e43b4,androidx/compose/ui/platform/DerivedSize,5,14,35.71
6fd2667194103695,com/kgurgul/cpuinfo/domain/model/ExtendedApplicationData,5,60,8.33
f657bf38aee5cce7,androidx/compose/foundation/gestures/Orientation,5,7,71.43
b4bfbcaec230a1a1,androidx/compose/ui/ComposedModifierKt$materializeImpl$1,5,6,83.33
a3d1864abaadf4a7,androidx/compose/animation/core/StartOffset,5,28,17.86
1220e5dfb0c64cdc,androidx/navigation/NavControllerViewModel$Companion,5,5,100.0
a198f7cacd7ff72c,androidx/compose/foundation/text/selection/SelectionRegistrarKt,5,8,62.5
99187677fa4b1915,androidx/compose/foundation/layout/ValueInsets,5,22,22.73
f3823902b9dfbf6a,androidx/compose/ui/layout/VerticalRuler$Companion,5,5,100.0
889ab378685dbff8,com/kgurgul/cpuinfo/di/AndroidModuleKt$androidModule$lambda$0$$inlined$singleOf$default$1,5,5,100.0
6d7013242523573a,androidx/compose/runtime/ComputedProvidableCompositionLocal,5,10,50.0
74152cc7d36e87c0,androidx/compose/runtime/CompositionLocal,5,8,62.5
241d9b21d8c44b6e,org/jetbrains/compose/resources/vector/xmldom/ElementImpl,5,8,62.5
c491547b68fc548a,androidx/compose/ui/platform/AndroidClipboardManager,5,30,16.67
831d63b75d30d12c,androidx/compose/ui/text/style/LineBreak$Strategy$Companion,5,6,83.33
79f8e7cc093a3bcd,androidx/compose/foundation/layout/ConsumedInsetsModifierElement,5,12,41.67
4d85da835ee9c53f,kotlin/ranges/IntRange,5,35,14.29
0628355c17c06860,com/kgurgul/cpuinfo/data/provider/PackageNameProvider$special$$inlined$inject$default$1,5,8,62.5
de8209ee7f20a4ac,kotlin/collections/ReversedListReadOnly$listIterator$1,5,13,38.46
0607476640e84cc6,kotlinx/coroutines/Dispatchers,5,12,41.67
d4abfc114c3389d1,kotlin/jvm/internal/Reflection,5,46,10.87
8ff3f54e090a9eea,kotlinx/coroutines/internal/LockFreeTaskQueueCore$Companion,5,10,50.0
1576f962b02a31aa,kotlinx/coroutines/ResumeAwaitOnCompletion,5,12,41.67
608f6179f76978b7,kotlinx/coroutines/internal/Segment,5,28,17.86
b67b0e464a697c7a,androidx/compose/animation/AnimationModifierKt,5,29,17.24
4fcc463af3c93401,androidx/compose/ui/input/pointer/PointerIconKt,5,14,35.71
9be333c85a8dbcc2,kotlinx/coroutines/channels/ProducerCoroutine,5,11,45.45
891baffe7a8c3291,androidx/compose/ui/graphics/AndroidBlendMode_androidKt,5,92,5.43
f1cdfffcc0b6c183,com/kgurgul/cpuinfo/data/local/LocalDataStore$special$$inlined$inject$default$1,5,8,62.5
fb54c3d37c734bfa,androidx/compose/ui/graphics/StrokeCap$Companion,5,5,100.0
039accc839e6798d,androidx/compose/ui/graphics/colorspace/ColorModel$Companion,5,6,83.33
c553bc9c65be9337,com/kgurgul/cpuinfo/data/DataModuleKt$dataModule$lambda$0$$inlined$singleOf$default$4,5,5,100.0
674ca28331f45b58,androidx/compose/ui/graphics/layer/CompositingStrategy$Companion,5,5,100.0
dd4f9e43942e5856,androidx/compose/ui/graphics/AndroidImageBitmap,5,23,21.74
5a08ba1358ff9767,androidx/compose/ui/geometry/Offset$Companion,5,8,62.5
55a5015e66d1bde6,androidx/compose/runtime/changelist/Operation$RemoveNode,5,12,41.67
5264b9a94711a325,androidx/compose/foundation/text/contextmenu/modifier/ToolbarHandlerState,5,8,62.5
04893760d95edaac,androidx/compose/foundation/gestures/BringIntoViewSpec$Companion,5,16,31.25
1cfc176856ae0d00,androidx/compose/ui/layout/ContentScale$Companion$Fit$1,5,5,100.0
43f0d56af3bc35b1,androidx/compose/ui/input/pointer/SuspendingPointerInputFilterKt,5,13,38.46
c76c38fc980ed739,kotlin/ULong,5,98,5.1
1c7121d38ca3e1cd,androidx/compose/runtime/changelist/Operation$Remember,5,13,38.46
43e23180757f97f0,androidx/compose/ui/unit/LayoutDirection,5,7,71.43
80177412bdc4b8d1,androidx/window/layout/WindowMetrics,5,21,23.81
35670c52260fce1b,androidx/compose/ui/BiasAlignment$Vertical,5,22,22.73
dc758fcc477445f1,androidx/compose/ui/focus/Focusability$Companion,5,5,100.0
6b3e85942b0754eb,kotlinx/coroutines/flow/FlowKt__LimitKt$dropWhile$$inlined$unsafeFlow$1,5,6,83.33
7b487efe16d2021b,androidx/compose/ui/graphics/ColorSpaceVerificationHelper,5,99,5.05
03a37df3fa09358a,androidx/compose/ui/text/platform/URLSpanCache,5,23,21.74
d402c9fc6e00e16d,androidx/compose/runtime/external/kotlinx/collections/immutable/implementations/immutableMap/TrieNode$ModificationResult,5,7,71.43
8b8801a571e3c962,androidx/window/core/VerificationMode,5,8,62.5
ddd5cb501601722a,androidx/compose/ui/graphics/AndroidCanvas_androidKt,5,7,71.43
0d195d49b75235c7,androidx/navigation/compose/NavHostControllerKt__NavHostControllerKt,5,7,71.43
81fe1e8442106f95,androidx/compose/ui/layout/WindowInsetsRulersImpl,5,8,62.5
7d4111f4a0c1df77,androidx/compose/ui/text/style/LineHeightStyle$Mode$Companion,5,5,100.0
4919dd1cc617a13f,androidx/compose/ui/platform/DerivedSize$Companion,5,9,55.56
42ffac0502e7ff2d,androidx/core/view/WindowCompat$Api30Impl,5,7,71.43
868d3f4829276393,kotlinx/serialization/SerializersKt__SerializersKt,5,155,3.23
959cab36e6b22b9c,androidx/compose/ui/platform/WindowRecomposerFactory$Companion,5,5,100.0
81925f885391be1c,kotlin/UInt,5,97,5.15
9edbda7e5f524827,androidx/compose/runtime/changelist/Operation$SideEffect,5,13,38.46
0cff64afc5011e82,androidx/compose/ui/platform/DisposableSaveableStateRegistry,5,7,71.43
c129ad59c60ff995,androidx/compose/foundation/lazy/layout/LazyLayoutBeyondBoundsModifierElement,5,22,22.73
bde93e9a4c131c8b,kotlinx/coroutines/flow/FlowKt__ShareKt$launchSharing$1$2$WhenMappings,5,8,62.5
3698d59058d10fca,androidx/compose/ui/graphics/CanvasUtils,5,33,15.15
23071880a3a94c1d,androidx/compose/animation/FlingCalculatorKt,5,6,83.33
20432a9965bc9bf5,androidx/compose/foundation/text/selection/TextSelectionColorsKt,5,7,71.43
d5c79556c26ad62e,androidx/compose/ui/platform/AndroidUiDispatcher$Companion,5,7,71.43
495257524535ee38,kotlin/LazyKt__LazyJVMKt$WhenMappings,5,8,62.5
4fb029f4f19d22a0,androidx/collection/IntListKt,5,27,18.52
f702b183eb53b85d,kotlinx/coroutines/internal/SystemPropsKt__SystemPropsKt,5,6,83.33
2b10d4bdc4956e9b,androidx/compose/foundation/layout/WrapContentElement,5,21,23.81
39bbfd89bc41add5,androidx/compose/ui/text/intl/Locale,5,14,35.71
15a66a228f51650a,androidx/compose/animation/EnterExitTransitionKt$createModifier$2$1,5,7,71.43
ae8e7e0c37c252a4,androidx/compose/foundation/text/selection/TextSelectionColors,5,14,35.71
8fb668454abeb8ab,androidx/compose/runtime/MovableContentKt$movableContentOf$movableContent$1,5,7,71.43
7333d3fc5fa62a91,androidx/compose/animation/core/StartOffsetType,5,20,25.0
d59ed3fea94d7909,androidx/compose/ui/graphics/colorspace/WhitePoint,5,22,22.73
492f4aeb5e24ebd5,androidx/compose/animation/core/MutatePriority,5,8,62.5
3fb1cf9014b332a4,androidx/compose/foundation/lazy/layout/ObservableScopeInvalidator,5,19,26.32
878eeaab0d8556e3,androidx/compose/foundation/text/contextmenu/internal/DefaultTextContextMenuDropdownProvider_androidKt,5,255,1.96
136483c2def01834,androidx/compose/material3/tokens/AppBarSmallTokens,5,6,83.33
b2204e5f071d4dfa,androidx/compose/foundation/lazy/layout/LazyLayoutSemanticsModifier,5,26,19.23
9db38986785f5af1,org/koin/core/registry/OptionRegistry,5,14,35.71
042bf257e24242ee,androidx/collection/ArraySetKt,5,231,2.16
19d32e42e6a927ea,androidx/lifecycle/SavedStateHandleAttacher,5,9,55.56
39b7232eb3e8bfaf,com/kgurgul/cpuinfo/domain/observable/ApplicationsDataObservable,5,10,50.0
be2e3492caabb6c9,androidx/compose/foundation/text/EmptyMeasurePolicy,5,5,100.0
96add7e2fa082c46,kotlin/sequences/ConstrainedOnceSequence,5,6,83.33
828e9c964e6ba77b,androidx/compose/runtime/CompositionKt,5,29,17.24
2216cfc1298a537f,com/kgurgul/cpuinfo/appinitializers/AppInitializerComponent$special$$inlined$inject$default$1,5,8,62.5
e4809eb1087b850d,androidx/compose/animation/EnterExitState,5,8,62.5
236a3895d045bcf4,androidx/compose/foundation/lazy/layout/LazyLayoutItemAnimatorKt,5,7,71.43
265c1292bc9eff3d,androidx/compose/ui/platform/IndirectPointerNavigationGestureDetector,5,17,29.41
23240d6688b77171,androidx/compose/ui/text/font/FontWeightAdjustmentHelper,5,6,83.33
76445bc58fe6d5d6,androidx/core/splashscreen/SplashScreen$Companion,5,5,100.0
13eecd49a18b871c,kotlin/collections/ReversedList$listIterator$1,5,14,35.71
d0c4b184f6954f58,androidx/startup/InitializationProvider,5,12,41.67
faebefd2c09b2d16,androidx/compose/foundation/selection/SelectableKt,5,53,9.43
e81f455f4ddcd874,androidx/compose/foundation/layout/Direction,5,8,62.5
f213c95fc5054756,kotlinx/coroutines/UndispatchedCoroutine,5,48,10.42
87154da547c33410,kotlin/sequences/GeneratorSequence,5,5,100.0
cbf053fa64728517,androidx/compose/material3/adaptive/navigationsuite/NavigationSuiteScaffoldStateImpl$Companion,5,6,83.33
2f6f2d61f43a0f41,androidx/compose/material3/adaptive/navigationsuite/NavigationSuiteColors,5,12,41.67
a71c46bb19250105,androidx/compose/runtime/GroupKind$Companion,5,5,100.0
fb2b9eb4a5eef9a3,kotlin/Pair,5,22,22.73
92556440a0b10f5a,androidx/compose/ui/text/font/FontWeight$Companion,5,39,12.82
12d53df3fec56bf1,androidx/compose/ui/input/pointer/HoverIconModifierNode,5,85,5.88
8816e44f1f83899f,kotlinx/coroutines/channels/BufferOverflow,5,8,62.5
b849dd24aa7df56a,kotlin/time/Duration$Companion,5,110,4.55
44cade664bcb4bf6,kotlinx/coroutines/scheduling/UnlimitedIoScheduler,5,9,55.56
2deaa838f1214e6a,androidx/compose/foundation/layout/BoxChildDataNode,5,7,71.43
2b9c9e6c7a4654b6,androidx/compose/ui/layout/OnSizeChangedModifier,5,13,38.46
03e48eff4aa95cb4,kotlinx/coroutines/flow/internal/SubscriptionCountStateFlow,5,11,45.45
0b6fc8aa46af9ed6,androidx/compose/foundation/text/modifiers/SelectionControllerKt$makeDefaultSelectionModifier$longPressDragObserver$1,5,40,12.5
9eecf54e794d0efe,androidx/arch/core/executor/DefaultTaskExecutor,5,27,18.52
5acef30f019bb408,androidx/compose/ui/layout/ScaleFactor,5,58,8.62
5eb90e95cb4f071d,kotlinx/coroutines/UndispatchedMarker,5,7,71.43
55928a283c6adf5e,androidx/compose/ui/scrollcapture/ScrollCapture,5,33,15.15
c22f6360442899c5,org/jetbrains/compose/resources/ResourceCaches,5,20,25.0
5e181b9ddec347e2,com/kgurgul/cpuinfo/ui/HelpersKt,5,12,41.67
05a99c7ee1688415,androidx/compose/runtime/changelist/Operation$EnsureGroupStarted,5,13,38.46
f2a67a2092bb0693,org/koin/dsl/ModuleDSLKt,5,6,83.33
10e7edc1caf6eaf5,androidx/compose/foundation/lazy/layout/IntervalListKt,5,11,45.45
70c8c0c2b07d9d59,androidx/compose/material/ripple/RippleAnimationKt,5,7,71.43
1b546fcaf5189cce,androidx/compose/material3/tokens/TypographyTokensKt,5,6,83.33
5948c2b73d589b62,androidx/compose/ui/layout/HorizontalRuler,5,11,45.45
9e8f7bfdf06a68cd,com/kgurgul/cpuinfo/di/ViewModelModuleKt$viewModelModule$lambda$0$$inlined$viewModelOf$default$2,5,5,100.0
10b0247e67d50ee9,androidx/compose/runtime/retain/impl/SafeMultiValueMap,5,161,3.11
eb3a0e8483acd82f,androidx/compose/ui/node/NodeCoordinator$invalidateParentLayer$1,5,5,100.0
acedc39a6dd53cff,androidx/core/view/AccessibilityDelegateCompat,5,61,8.2
6fbf5bd7876f6d75,androidx/emoji2/text/EmojiCompatInitializer$LoadEmojiCompatRunnable,5,7,71.43
3b026008975912a3,androidx/compose/foundation/lazy/layout/LazyLayoutStickyItemsKt,5,49,10.2
68d583ea0e41fa59,androidx/compose/ui/input/pointer/PointerInputEventProcessor,5,66,7.58
8a45fc20ebe702d4,androidx/compose/material3/pulltorefresh/ArrowValues,5,5,100.0
307e390991de6771,androidx/compose/runtime/LazyValueHolder,5,6,83.33
24cf6a66d321bda1,androidx/core/splashscreen/SplashScreen$Impl31$setKeepOnScreenCondition$1,4,4,100.0
e5856f8dd39df9ab,androidx/compose/runtime/tooling/ComposeStackTraceMode$Companion,4,8,50.0
64a7f828d1c68d1b,androidx/compose/ui/geometry/Size$Companion,4,6,66.67
43fe0b92bf909780,androidx/compose/material3/tokens/AppBarMediumTokens,4,5,80.0
0669c20cad2ce9eb,androidx/compose/ui/text/font/FontStyle$Companion,4,7,57.14
2ab981dbfa2ed183,com/kgurgul/cpuinfo/data/DataModuleKt$dataModule$lambda$0$$inlined$singleOf$default$1,4,4,100.0
f5d94284f1892604,androidx/compose/ui/text/font/AndroidFontResolveInterceptor,4,19,21.05
3a11fb3654d05522,androidx/compose/ui/layout/PlaceableKt$DefaultLayerBlock$1,4,4,100.0
3a90d6be528dfe56,androidx/navigation/compose/DialogNavigator,4,24,16.67
bef802ca3ef6a3c2,androidx/compose/ui/node/ComposeUiNode$Companion$SetModifier$1,4,4,100.0
6b3c76bc97922b5b,androidx/compose/ui/platform/AndroidCompositionLocals_androidKt$ProvideAndroidCompositionLocals$1$1,4,4,100.0
2164f3213219e106,androidx/compose/ui/text/style/LineBreak$Companion,4,10,40.0
d003094bf2332a1a,androidx/compose/material3/adaptive/navigationsuite/NavigationSuiteScaffoldValue,4,7,57.14
70e2ece5289815fd,androidx/compose/ui/layout/PinnableContainerKt$LocalPinnableContainer$1,4,4,100.0
9938657df5320819,androidx/compose/animation/AnimatedVisibilityKt$AnimatedVisibility$3$1,4,4,100.0
7cf7a80ae0cfb54a,androidx/compose/material3/internal/MappedInteractionSource$special$$inlined$map$1,4,5,80.0
8a7c85d92ed460f9,kotlin/jvm/internal/ArrayIterator,4,9,44.44
697e4a2b49ed2b33,androidx/datastore/core/DataStoreImpl$data$1$invokeSuspend$$inlined$map$1,4,5,80.0
88be828c890762e3,androidx/compose/ui/text/android/BoringLayoutFactoryDefault,4,12,33.33
f9505011ad22e587,com/kgurgul/cpuinfo/features/applications/ApplicationsScreenKt$applicationsScreen$$inlined$navDeepLink$default$1,4,4,100.0
5f320488d058e9e7,androidx/compose/ui/text/style/LineHeightStyle$Trim$Companion,4,6,66.67
48194a187e0a9e2b,kotlinx/coroutines/channels/Channel$Factory,4,5,80.0
0efbee07c45766ea,androidx/collection/FloatSet,4,420,0.95
da011ba60922aad4,org/jetbrains/compose/resources/ResourceEnvironmentKt$getResourceEnvironment$1,4,4,100.0
60a810e1dbf28928,androidx/compose/animation/core/VectorizedAnimationSpecKt$createSpringAnimations$2,4,4,100.0
9dc7aaacccf99923,androidx/compose/ui/unit/DensityWithConverter,4,26,15.38
a5cdebae2a540686,com/kgurgul/cpuinfo/components/RamCleanupComponent,4,8,50.0
66ff5b69540bab5f,com/kgurgul/cpuinfo/data/DataModuleKt$dataModule$lambda$0$$inlined$factoryOf$default$1,4,4,100.0
ab2706d5d907f63d,kotlinx/coroutines/CoroutineDispatcher$Key,4,7,57.14
c7d1bf90b4c00e4e,androidx/compose/ui/graphics/vector/PathNode$LineTo,4,19,21.05
f734e5ec112cc122,androidx/window/WindowSdkExtensions,4,27,14.81
4da1625cf67e1b6e,androidx/compose/foundation/pager/PagerSnapDistanceMaxPages,4,11,36.36
667358d1ab777724,androidx/compose/ui/layout/FixedSizeIntrinsicsPlaceable,4,5,80.0
98e09659a0940cd0,kotlinx/coroutines/EventLoopImplBase$DelayedResumeTask,4,5,80.0
d4607794b3aa52a0,kotlin/sequences/SequencesKt__SequenceBuilderKt$sequence$$inlined$Sequence$1,4,4,100.0
ac54fef4d94668c5,androidx/core/os/TraceCompat,4,41,9.76
d9413381d995107e,kotlinx/coroutines/scheduling/SchedulerCoroutineDispatcher,4,22,18.18
692edf2c17196268,androidx/compose/ui/text/font/FontFamilyResolver_androidKt,4,28,14.29
0641e45a1a615bdf,androidx/compose/ui/platform/TestTagElement,4,11,36.36
d72126c4244bb649,androidx/compose/ui/node/DepthSortedSetKt$DepthComparator$1,4,4,100.0
babf02d48fe1947e,kotlinx/coroutines/flow/FlowKt__LimitKt,4,61,6.56
f45dc74562e27585,androidx/compose/foundation/layout/UnionInsetsConsumingModifierElement,4,10,40.0
5f8efc92f6de9168,androidx/compose/runtime/external/kotlinx/collections/immutable/internal/ListImplementation,4,31,12.9
45d29e5ae721987d,androidx/compose/ui/unit/Dp$Companion,4,8,50.0
2f7daa844315220a,androidx/compose/ui/graphics/ImageBitmapConfig$Companion,4,7,57.14
2f6d1d8975966272,kotlinx/coroutines/ExecutorCoroutineDispatcher$Key,4,7,57.14
7caaa53194e6e87d,com/kgurgul/cpuinfo/features/processes/ProcessesScreenKt$processesScreen$$inlined$navDeepLink$default$1,4,4,100.0
b3ca52a7faf7de99,kotlinx/coroutines/JobCancellationException,4,30,13.33
effe79887c29cf78,androidx/compose/animation/core/RepeatMode,4,7,57.14
c53587a7c094675a,androidx/compose/ui/text/intl/LocaleList$Companion,4,4,100.0
885522e7952cdafe,androidx/compose/ui/layout/ValueInsets,4,24,16.67
b7a5b4a0f2de54b2,androidx/compose/ui/graphics/CanvasHolder,4,10,40.0
57d385dce7cb10a9,androidx/compose/ui/focus/FocusInteropUtils_androidKt,4,78,5.13
6fb0252dccc3c3d5,androidx/compose/ui/Modifier,4,6,66.67
ecca843982a6efc3,androidx/compose/runtime/ParcelableSnapshotMutableState,4,13,30.77
16f028aae2a27930,androidx/compose/ui/ComposedModifierKt,4,38,10.53
e10b63c798ff1ff8,androidx/compose/animation/core/InfiniteTransitionKt$animateValue$lambda$2$0$$inlined$onDispose$1,4,4,100.0
e9492e3f9e561cfe,androidx/compose/foundation/lazy/layout/LazyLayoutItemAnimator$DisplayingDisappearingItemsElement,4,17,23.53
194ff43f1808d37e,androidx/compose/ui/graphics/vector/VectorGroup,4,78,5.13
57672d833bd88712,androidx/compose/ui/layout/LayoutIdModifier,4,5,80.0
5d361d690481c296,androidx/compose/runtime/external/kotlinx/collections/immutable/implementations/immutableMap/MapEntry,4,21,19.05
5767b166feb39ee3,androidx/compose/foundation/lazy/layout/TraversablePrefetchStateModifierElement,4,18,22.22
b11c34e6a125e22f,androidx/compose/ui/platform/InspectionModeKt$LocalInspectionMode$1,4,4,100.0
aeb6c391a344a896,androidx/compose/ui/graphics/Brush,4,5,80.0
686d6bd2ca354eab,kotlinx/coroutines/CompletableDeferredImpl,4,9,44.44
1f38be731417f277,kotlinx/coroutines/flow/FlowKt__CollectKt,4,18,22.22
f31d80212244162c,kotlinx/coroutines/flow/FlowKt__MergeKt,4,33,12.12
b589ee2794716886,androidx/compose/foundation/layout/Arrangement$Start$1,4,6,66.67
04be8a45618aa8f0,androidx/datastore/preferences/core/PreferencesFileSerializer,4,55,7.27
b74ee58e91c46494,androidx/compose/ui/graphics/TransformOriginKt,4,4,100.0
b14a2391648931cc,androidx/emoji2/text/EmojiCompat$Config,4,29,13.79
464702ad5194d2ad,androidx/lifecycle/ReportFragment$LifecycleCallbacks$Companion,4,4,100.0
3223369c8b0c67ab,androidx/compose/foundation/layout/Arrangement$End$1,4,6,66.67
8c08048a9c083ca3,androidx/compose/ui/graphics/ClipOp$Companion,4,4,100.0
230eaa9f10ba7101,androidx/compose/foundation/lazy/LazyList_androidKt,4,6,66.67
8f7e23813199b526,androidx/compose/ui/node/HitTestResult,4,214,1.87
aa050cd7189e9618,com/kgurgul/cpuinfo/utils/UtilsModuleKt$utilsModule$lambda$0$$inlined$singleOf$default$1,4,4,100.0
7d651d2e32ea3afd,kotlinx/coroutines/flow/internal/SafeCollectorKt$emitFun$1,4,4,100.0
b139fe53a423632c,androidx/compose/foundation/gestures/ContentInViewNode$WhenMappings,4,6,66.67
3351b42b71207e3c,androidx/compose/ui/text/input/InputMethodManagerImpl,4,14,28.57
e3f1e76f24ba88ac,androidx/compose/ui/layout/LayoutModifierImpl,4,6,66.67
02d30a5d156a3573,androidx/compose/ui/graphics/vector/PathNode$RelativeLineTo,4,19,21.05
b3f95796884864b0,kotlin/comparisons/ComparisonsKt___ComparisonsJvmKt,4,101,3.96
bf4e7517d45dd6dc,androidx/collection/LongSparseArray,4,241,1.66
838420ed6075cbf3,androidx/compose/foundation/pager/PagerLayoutIntervalContent,4,7,57.14
73f87e9134ebf176,androidx/compose/ui/node/DrawModifierNodeKt,4,37,10.81
c265f1c859f742af,androidx/compose/ui/text/font/FontFamily$Companion,4,7,57.14
6a8196767cfd8901,kotlinx/coroutines/Job$DefaultImpls,4,21,19.05
181e124be8c5cb80,androidx/compose/ui/text/style/TextDecoration$Companion,4,28,14.29
cbd827b03de99842,kotlin/time/DurationUnitKt__DurationUnitJvmKt,4,20,20.0
05b6479e532938dc,androidx/compose/foundation/layout/LayoutWeightElement,4,26,15.38
d8bf3687ec98eb48,androidx/compose/ui/graphics/vector/PathNode$MoveTo,4,19,21.05
14ab2bcdc2a9b7d2,androidx/lifecycle/viewmodel/ViewModelInitializer,4,6,66.67
ba00d2d64784c51b,androidx/collection/SparseArrayKt$keyIterator$1,4,8,50.0
836c89f9258f456b,androidx/compose/foundation/MutatorMutex,4,36,11.11
fe9a2a1bd5334b23,androidx/compose/ui/layout/LayoutIdElement,4,18,22.22
a6b359b6d9608cff,com/kgurgul/cpuinfo/data/DataModuleKt$dataModule$lambda$0$$inlined$singleOf$default$3,4,4,100.0
b73dffeb5974db08,androidx/compose/runtime/ParcelableSnapshotMutableFloatState,4,6,66.67
d11eb9dde48be681,androidx/compose/ui/platform/DisposableSaveableStateRegistry_androidKt$DisposableSaveableStateRegistry$saveableStateRegistry$1,4,4,100.0
2e333268cc473ad5,androidx/compose/ui/graphics/PathFillType$Companion,4,4,100.0
70493307dea9d701,androidx/compose/foundation/interaction/MutableInteractionSourceImpl,4,7,57.14
80f52f00e3a466a4,androidx/compose/runtime/RememberObserverHolder,4,6,66.67
a5eb7fe7cdc3fd39,androidx/compose/runtime/changelist/Operation$MoveCurrentGroup,4,9,44.44
a5b98c30b1dbb35f,androidx/compose/ui/platform/AndroidCompositionLocals_androidKt$obtainResourceIdCache$1$1,4,4,100.0
d0d4a5a8e4bd1af8,androidx/compose/foundation/text/contextmenu/modifier/TextContextMenuToolbarHandlerModifierKt,4,13,30.77
534124968161dd89,androidx/compose/ui/platform/WrapperRenderNodeLayerHelperMethods,4,5,80.0
7799fb36340a53f1,androidx/compose/foundation/text/contextmenu/modifier/ToolbarRequester,4,12,33.33
4fde29d0bc531126,androidx/navigation/internal/NavContext,4,13,30.77
2185032ebf3d363f,androidx/compose/ui/text/EmojiSupportMatch$Companion,4,5,80.0
9b9787209510c276,androidx/compose/foundation/IndicationModifierNode,4,4,100.0
d78045dac8f2115f,androidx/compose/runtime/collection/ScatterSetWrapper,4,26,15.38
006ee65bd70f7d28,androidx/compose/ui/input/pointer/PointerHoverIconModifierElement,4,30,13.33
0fbd383c00995b79,androidx/compose/animation/ColorVectorConverterKt$ColorToVector$1,4,4,100.0
edadb123154aa562,androidx/compose/foundation/pager/PagerCacheWindowLogic,4,19,21.05
33665b8fc08bc4bc,androidx/compose/ui/platform/AndroidCompositionLocals_androidKt$obtainImageVectorCache$1$1,4,4,100.0
6147aaa295fed2fa,androidx/compose/ui/draganddrop/AndroidDragAndDropManager$modifier$1,4,11,36.36
13a023e79f4003f2,com/kgurgul/cpuinfo/data/DataModuleKt$dataModule$lambda$0$$inlined$factoryOf$default$5,4,4,100.0
e5a41d2e9238064c,androidx/compose/runtime/ParcelableSnapshotMutableLongState,4,6,66.67
04e17292e7781c12,androidx/compose/animation/core/KeyframesSpec$KeyframesSpecConfig,4,13,30.77
318f28d33f024b45,androidx/compose/ui/text/platform/EmojiCompatStatus,4,7,57.14
9b30a7ca906561be,androidx/compose/ui/focus/FocusChangedNode,4,7,57.14
0a4bcb648c5e6037,androidx/lifecycle/viewmodel/internal/CloseableCoroutineScopeKt,4,8,50.0
0528f108b89581df,androidx/compose/foundation/DarkThemeKt,4,6,66.67
23f0c1f11587baf7,com/kgurgul/cpuinfo/features/information/InfoContainerScreenKt$informationScreen$$inlined$navDeepLink$default$1,4,4,100.0
ad95b1a5906201de,androidx/lifecycle/viewmodel/InitializerViewModelFactory,4,4,100.0
c5abf0594eba56da,androidx/compose/foundation/layout/InsetsPaddingModifierElement,4,10,40.0
8954685ba9b286a3,kotlin/ResultKt,4,63,6.35
5b7f950660662001,androidx/compose/ui/focus/FocusTargetModifierNodeKt,4,19,21.05
75c0226bb45e6dd1,com/kgurgul/cpuinfo/JacocoInstrument/SMSInstrumentedReceiver,4,7,57.14
59499bebd3d8ff52,com/kgurgul/cpuinfo/data/DataModuleKt$dataModule$lambda$0$$inlined$factoryOf$default$6,4,4,100.0
b70551e5c9886152,androidx/compose/foundation/lazy/layout/LazyLayoutPinnedItemList,4,50,8.0
e3af99a00b4e5fc2,androidx/compose/foundation/IndicationKt,4,26,15.38
4229060022b20802,androidx/compose/ui/unit/AndroidDensity_androidKt,4,5,80.0
74f2b57e0ea2e1b7,androidx/compose/ui/text/style/LineBreak$WordBreak$Companion,4,5,80.0
120af0d9f1997de6,androidx/compose/ui/platform/AndroidComposeView$root$1$1,4,11,36.36
9e9c2dd1dc1121aa,androidx/compose/animation/core/Transition$Segment,4,7,57.14
5cac3dcbf77c58e4,androidx/compose/foundation/lazy/layout/AwaitFirstLayoutModifier$Node,4,20,20.0
dd8081692e7b7dbc,androidx/compose/runtime/ParcelableSnapshotMutableIntState,4,6,66.67
27b246c134481a08,androidx/compose/ui/text/android/BoringLayoutFactory,4,35,11.43
854ce41e086a4600,androidx/compose/ui/graphics/PaintingStyle$Companion,4,4,100.0
b3bded0f2153f094,androidx/compose/ui/input/pointer/NodeParent,4,64,6.25
9a7694fddb22ba02,androidx/core/graphics/drawable/IconCompat$Api23Impl,4,86,4.65
a4170744023eced1,androidx/compose/animation/core/TransitionKt$createTransitionAnimation$lambda$1$0$$inlined$onDispose$1,4,4,100.0
efd7423b6b5a297b,androidx/compose/ui/node/ComposeUiNode$Companion$VirtualConstructor$1,4,4,100.0
1369f668524198a0,org/jetbrains/compose/resources/ThemeQualifier$Companion,4,5,80.0
44025ec6eb765e51,androidx/compose/foundation/layout/BoxKt$EmptyBoxMeasurePolicy$1,4,4,100.0
ebf7785bd0f30ca4,com/kgurgul/cpuinfo/data/DataModuleKt$dataModule$lambda$0$$inlined$singleOf$default$2,4,4,100.0
3098cd6f12b31f58,kotlin/collections/CollectionsKt__IterablesKt,4,26,15.38
76f10e185a2ff290,kotlinx/coroutines/sync/Mutex$DefaultImpls,4,13,30.77
a51bce68b10e4aed,androidx/compose/animation/FlingCalculator,4,17,23.53
e04dba60539d9918,androidx/compose/foundation/text/selection/SelectedTextType,4,7,57.14
37920e7e56dadffb,androidx/compose/animation/AnimatedVisibilityScopeImpl,4,6,66.67
cc1f279caf517405,androidx/compose/ui/unit/DpKt,4,118,3.39
43ab64e10910beb2,androidx/compose/ui/layout/AlignmentLineKt,4,5,80.0
c669db3f5359fef7,com/kgurgul/cpuinfo/features/settings/SettingsScreenKt$settingsScreen$$inlined$navDeepLink$default$1,4,4,100.0
ef5202fac46c18ca,kotlin/collections/EmptyIterator,4,15,26.67
57db61277a00ddd9,com/kgurgul/cpuinfo/features/temperature/TemperatureScreenKt$temperaturesScreen$$inlined$navDeepLink$default$1,4,4,100.0
601a2c1e75206801,com/kgurgul/cpuinfo/features/information/cpu/CpuInfoViewModel$special$$inlined$map$1,4,5,80.0
151782b5014767d4,com/kgurgul/cpuinfo/features/settings/SettingsScreenKt$settingsScreen$lambda$0$$inlined$navDeepLink$default$1,4,4,100.0
e73822da527806ce,kotlinx/coroutines/internal/MainDispatchersKt,4,19,21.05
fb5ad239819c59aa,androidx/compose/ui/node/LayoutModifierNodeKt,4,15,26.67
c77d0cc2a1d8fbfd,com/kgurgul/cpuinfo/data/local/model/UserPreferences,4,35,11.43
6e775e3467c42645,androidx/compose/foundation/lazy/layout/StickyItemsPlacement$Companion,4,4,100.0
4fa36d4f214db26a,androidx/navigation/NavBackStackEntryState,4,22,18.18
3a9fff5d1b856fa7,androidx/compose/ui/Modifier$Companion,4,8,50.0
8f4d138714e45a20,co/touchlab/kermit/Logger,4,495,0.81
2b61cbfb36078487,com/kgurgul/cpuinfo/HostActivity$special$$inlined$inject$default$1,4,4,100.0
ccfe02ed4ef432c7,androidx/core/view/WindowInsetsCompat$Builder,4,43,9.3
74d54c4f932759ec,androidx/compose/ui/layout/ValueInsets_androidKt,4,8,50.0
ad78ba3678781d4f,kotlinx/coroutines/ChildHandleNode,4,5,80.0
e97a1699c88ee5e6,co/touchlab/kermit/PlatformLogWriterKt,4,5,80.0
9005032d4993c815,androidx/compose/animation/core/AnimationEndReason,4,7,57.14
7836d5fe74910be3,androidx/compose/runtime/DisposableEffectImpl,4,6,66.67
5ad6028166c1ec4e,androidx/compose/ui/layout/ComposableSingletons$SubcomposeLayoutKt,4,4,100.0
4d816ddc4ae4d840,androidx/compose/ui/text/TextStyleKt$WhenMappings,4,6,66.67
9f1ca8b1a0fe244d,androidx/compose/ui/geometry/OffsetKt,4,31,12.9
a5e1310359b97e6b,kotlinx/serialization/encoding/AbstractEncoder,4,75,5.33
00551fdacb88a733,androidx/compose/animation/AnimatedContentKt$AnimatedContent$6$1$5$1$1,4,4,100.0
cb3607a00e17f1ce,androidx/customview/poolingcontainer/PoolingContainerListenerHolder,4,10,40.0
7cb97189d2e86c8b,androidx/compose/material3/internal/SystemBarsDefaultInsets_androidKt,4,6,66.67
afd91a867f5af99a,kotlin/uuid/SecureRandomHolder,4,4,100.0
06145f4d8ac44024,androidx/collection/OrderedScatterSet,4,258,1.55
89a491ed27440cc3,androidx/compose/runtime/ReferentialEqualityPolicy,4,6,66.67
00a50435162fa15e,androidx/compose/ui/node/LayoutModifierNode,4,8,50.0
c7b161be702545c4,androidx/compose/ui/unit/DpOffset,4,57,7.02
781fe779cce347a5,androidx/compose/ui/contentcapture/AndroidContentCaptureManager$TranslateStatus,4,7,57.14
653714c3875fc29b,androidx/compose/material3/adaptive/AndroidWindowAdaptiveInfo_androidKt$collectFoldingFeaturesAsState$lambda$2$$inlined$map$1,4,5,80.0
c94a86bd0cac5768,androidx/compose/ui/platform/ComposableSingletons$Wrapper_androidKt,4,4,100.0
dfb645b9b4ca5a91,androidx/compose/ui/input/InputMode$Companion,4,4,100.0
086d47e0583f83d7,com/kgurgul/cpuinfo/components/ComponentsModuleKt$componentsModule$lambda$0$$inlined$factoryOf$default$1,4,4,100.0
e8b46e05b1c60310,androidx/compose/ui/input/nestedscroll/NestedScrollElement,4,18,22.22
8711eb4576a78e87,androidx/compose/ui/text/style/TextMotion$Linearity$Companion,4,5,80.0
88dbb38655319aa9,com/kgurgul/cpuinfo/data/local/LocalDataStore$special$$inlined$map$1,4,5,80.0
af62e6978e35d30f,androidx/concurrent/futures/AbstractResolvableFuture$SafeAtomicHelper,4,6,66.67
90cbf35f790aee4b,androidx/compose/ui/layout/LayoutIdKt,4,6,66.67
b632fec9b89a24ba,androidx/compose/runtime/NestedContentMap,4,24,16.67
6147ceb659424268,androidx/compose/ui/node/PlaceableResult,4,5,80.0
ddf5aca5ed55c956,androidx/compose/ui/unit/FontScaling,4,20,20.0
8f3fd557650a8a04,androidx/compose/ui/node/LayoutNode$Companion$Constructor$1,4,4,100.0
8715e4bdc2d0741e,androidx/navigation/compose/ComposeNavGraphNavigator,4,4,100.0
2a7851f8996cf787,androidx/compose/runtime/MovableContent,4,5,80.0
9885adadbe74beb8,androidx/compose/ui/layout/HorizontalRuler$Companion,4,5,80.0
a4e5fb39767a3c41,androidx/compose/runtime/CompositionLocalMap$Companion,4,4,100.0
d242e84a5e3d31d9,androidx/compose/runtime/Composer$Companion,4,9,44.44
2c990e7c82aad5bf,com/kgurgul/cpuinfo/domain/ImmutableInteractor,4,4,100.0
c030585e87750ae2,kotlin/coroutines/AbstractCoroutineContextKey,4,11,36.36
a1cfca7ec587183a,kotlinx/coroutines/DefaultExecutorKt,4,11,36.36
71b5d1a50221f406,androidx/compose/ui/platform/AndroidComposeViewVerificationHelperMethodsO,4,4,100.0
ba06a4021f9757d5,androidx/compose/ui/text/font/FontFamilyResolverKt,4,4,100.0
d53135614a515c4b,androidx/lifecycle/LifecycleRegistryKt,4,9,44.44
967715b0441fd187,com/kgurgul/cpuinfo/data/provider/ProcessesProvider,4,43,9.3
c36d51c7f36cd7a1,com/kgurgul/cpuinfo/data/local/UserPreferencesRepository,4,14,28.57
e468ca7c812c79b2,kotlin/collections/CollectionsKt__MutableCollectionsJVMKt,4,19,21.05
84814c1f6e2f5017,androidx/lifecycle/ProcessLifecycleOwner$Api29Impl,4,4,100.0
fe17f7b1a1441e44,kotlinx/coroutines/DeferredCoroutine,4,6,66.67
dc1039b8f036a336,androidx/compose/ui/node/NodeMeasuringIntrinsics$IntrinsicMinMax,4,7,57.14
aa094db614da65ce,androidx/navigation/NavDeepLink$Builder,4,28,14.29
806e45a490d923ae,androidx/collection/ObjectListKt,4,46,8.7
aa9b5a6d75651356,androidx/compose/ui/unit/IntOffset$Companion,4,4,100.0
df3ee7bbf3a45deb,androidx/lifecycle/EmptyActivityLifecycleCallbacks,4,8,50.0
c989b5458a0e203e,androidx/compose/ui/text/style/LineHeightStyle$Alignment$Companion,4,6,66.67
a57fb9b5b79a3c4b,androidx/collection/SparseArrayKt,4,31,12.9
168534829d0ce852,org/jetbrains/compose/resources/ThemeQualifier,4,7,57.14
c626402574a5e5fb,androidx/compose/ui/node/ComposeUiNode$Companion$SetCompositeKeyHash$1,4,4,100.0
ab1978968c16e808,androidx/compose/runtime/OpaqueKey,4,14,28.57
26118acf14e60fac,androidx/compose/ui/platform/AndroidComposeView$resendMotionEventOnLayout$1,4,8,50.0
cb2d2cf9b1f9c184,androidx/window/layout/util/DensityCompatHelper$Companion,4,5,80.0
672e68cc10094844,androidx/compose/animation/AnimatedContentKt$AnimatedContent$6$1$1$1,4,4,100.0
9cfb3096d2c2691f,kotlin/collections/CollectionsKt___CollectionsKt$asSequence$$inlined$Sequence$1,4,4,100.0
4afdb52207832fef,androidx/compose/runtime/snapshots/SnapshotStateObserver$ObservedScopeMap$derivedStateObserver$1,4,4,100.0
5da9f0f05e884bd3,androidx/compose/foundation/lazy/layout/LazyLayoutPrefetchStateKt,4,7,57.14
34773ae74cedba72,androidx/compose/ui/focus/FocusOwnerImpl$modifier$1,4,11,36.36
f98dff01451a7bdf,androidx/compose/ui/node/MeasurePassDelegate$remeasure$1$2,4,4,100.0
cc1876f888d80ab2,androidx/compose/ui/node/MeasurePassDelegate$layoutChildrenBlock$1$1,4,4,100.0
814936625bfed45e,org/koin/compose/ComposeContextWrapper,4,19,21.05
6e7e2f5e0b09f29d,kotlinx/coroutines/flow/FlowKt__TransformKt$onEach$$inlined$unsafeTransform$1,4,5,80.0
e2a3d3cdb3ab3a00,androidx/compose/runtime/ComposerImpl$derivedStateObserver$1,4,4,100.0
6e67e0dc4900bf42,androidx/compose/ui/text/font/AndroidFontLoader,4,45,8.89
4a57af6b0030fc2a,org/koin/core/instance/FactoryInstanceFactory,4,9,44.44
b32ffe17a67f9203,androidx/compose/ui/node/NodeMeasuringIntrinsics$IntrinsicWidthHeight,4,7,57.14
ccf07ff137597d0b,kotlin/collections/AbstractSet$Companion,4,12,33.33
961564a301d08a3c,androidx/core/viewtree/ViewTree,4,7,57.14
4e0eb7ee05e68559,androidx/compose/ui/text/font/PlatformResolveInterceptor,4,5,80.0
2e60257ea7be55db,androidx/compose/animation/EnterExitTransitionKt$createModifier$1$1,4,4,100.0
f2c6b9b2cdfe3f59,androidx/compose/foundation/pager/LazyLayoutSemanticStateKt$LazyLayoutSemanticState$1,4,15,26.67
1a8e331b450eb545,androidx/compose/ui/layout/IntrinsicWidthHeight,4,7,57.14
3ffdc0549d5efb1c,androidx/compose/material3/internal/colorUtil/Cam,4,53,7.55
a7accaa2b1e7251b,org/jetbrains/compose/resources/StringItem$Value,4,15,26.67
e7852cbb7427c51a,com/kgurgul/cpuinfo/features/HostViewModel$special$$inlined$map$1,4,5,80.0
3a46590638eb01e7,androidx/compose/foundation/layout/Arrangement$Center$1,4,9,44.44
72be026836c61c7c,kotlin/collections/AbstractSet,4,7,57.14
9ced2bd0d82bb596,androidx/savedstate/SavedStateReader,4,274,1.46
e9eab49db74d30b2,androidx/compose/runtime/external/kotlinx/collections/immutable/implementations/immutableMap/PersistentHashMapEntries,4,15,26.67
207f60d06efc34c8,androidx/compose/runtime/internal/PlatformOptimizedCancellationException,4,8,50.0
79f67e2b45c05881,kotlin/jvm/internal/FunctionReference,4,38,10.53
ea3e4813524d0aff,androidx/compose/ui/semantics/Role$Companion,4,11,36.36
a0f5555e1a3bd537,androidx/compose/ui/platform/TextToolbarStatus,4,7,57.14
ee14387d93a8bef1,org/koin/core/definition/KoinDefinition,4,19,21.05
9c390af7904cdde4,androidx/lifecycle/ViewModelProvider$AndroidViewModelFactory,4,36,11.11
36616447e9b4a0fb,org/jetbrains/compose/resources/ImageCache$Vector,4,4,100.0
729a7a4155670614,com/kgurgul/cpuinfo/domain/observable/ProcessesDataObservable,4,9,44.44
2e493bc2192dd719,androidx/compose/ui/layout/IntrinsicMinMax,4,7,57.14
f6a7938edb2685dd,androidx/compose/ui/text/ParagraphInfo,4,93,4.3
5d594a0d2c2e2779,androidx/core/splashscreen/SplashScreen$Impl31$hierarchyListener$1,4,8,50.0
83e3541ffebf1551,androidx/compose/ui/layout/IntrinsicsMeasureScope$layout$1,4,7,57.14
dbb3ac9da0f68bcc,androidx/compose/runtime/changelist/Operation$AdvanceSlotsBy,4,9,44.44
c75611212fbd85de,androidx/compose/material3/tokens/AppBarLargeTokens,4,5,80.0
bd4daa1c7ed25596,org/jetbrains/compose/resources/vector/XmlVectorParserKt$parseVectorNodes$$inlined$filterIsInstance$1,4,4,100.0
19e182b650c2378d,kotlinx/coroutines/channels/ChannelResult$Companion,4,5,80.0
475588c54c2fdfa3,androidx/compose/runtime/external/kotlinx/collections/immutable/implementations/immutableList/BufferIterator,4,9,44.44
ea6fa5ed4a27d98c,androidx/compose/ui/platform/AndroidComposeView_androidKt$platformTextInputServiceInterceptor$1,4,4,100.0
cf259457687e2f26,androidx/compose/foundation/pager/PagerIntervalContent,4,4,100.0
cd8d198256ca9ef7,androidx/compose/ui/node/OnPositionedDispatcher$Companion$DepthComparator,4,5,80.0
0de7a44679f80c3c,androidx/compose/ui/platform/CompositionLocalsKt$LocalProvidableScrollCaptureInProgress$1,4,4,100.0
7561d54050974c32,androidx/compose/ui/graphics/AndroidColorFilter_androidKt,4,33,12.12
67f6f3b72cf2243b,androidx/window/layout/util/WindowMetricsCompatHelper$Companion,4,6,66.67
652305c4c7f2bb9d,androidx/compose/ui/node/ComposeUiNode$Companion$SetMeasurePolicy$1,4,4,100.0
466ee1b703425800,co/touchlab/kermit/StaticConfig,4,27,14.81
7075c31a29002700,androidx/collection/MutableSetWrapper,4,13,30.77
4f0d06ca401b74aa,androidx/lifecycle/viewmodel/CreationExtras,4,11,36.36
2c5e5194ca1fca51,androidx/navigation/NavUriUtils,4,11,36.36
658c78c49711f7dd,androidx/compose/foundation/relocation/BringIntoViewResponderNode,4,25,16.0
dbaccf4208272125,androidx/lifecycle/viewmodel/internal/ViewModelProviderImpl_androidKt,4,10,40.0
1bf1c885351d786b,androidx/compose/foundation/layout/Arrangement$SpacedAligned,4,55,7.27
7260539afe1f81ed,androidx/emoji2/text/EmojiCompat$CompatInternal19,4,28,14.29
46e33078a47b4cc1,androidx/navigation/internal/AtomicInt,4,5,80.0
65e9eee82b697e10,androidx/lifecycle/AtomicReference,4,4,100.0
e44e29324d655e60,androidx/compose/ui/platform/AndroidComposeView$ViewTreeOwners,4,5,80.0
69d1d61e6c88cdc1,androidx/collection/LongSet,4,416,0.96
1aa18c9b19f1b141,androidx/emoji2/text/DefaultGlyphChecker,4,16,25.0
9157ba7fa4ecd155,com/kgurgul/cpuinfo/utils/CpuLogger,4,4,100.0
d2841c62d86369b6,androidx/compose/runtime/internal/Trace,4,4,100.0
459a8d24896a9eec,androidx/compose/runtime/internal/Thread_androidKt,4,5,80.0
1c603953c0d4fadf,androidx/compose/ui/unit/fontscaling/FontScaleConverterTable,4,33,12.12
1ebee5d94cbac889,androidx/compose/ui/draw/DrawWithContentElement,4,13,30.77
c8f739f21c51b20f,androidx/compose/ui/internal/PlatformOptimizedCancellationException,4,8,50.0
1f517aa8f7ff4d7a,androidx/compose/ui/node/ComposeUiNode$Companion$SetResolvedCompositionLocals$1,4,4,100.0
85da33ac0a2aa38e,androidx/compose/ui/graphics/BlockGraphicsLayerElement,4,14,28.57
b873f3a03d4ec97d,co/touchlab/kermit/NoTagFormatter,4,6,66.67
73c2134c02d72251,androidx/compose/ui/text/platform/extensions/PlaceholderExtensions_androidKt,3,36,8.33
60e0624492367099,androidx/compose/animation/ExitTransition$Companion,3,4,75.0
9c47b943d7ef72f4,androidx/compose/runtime/ComputedValueHolder,3,17,17.65
6097b68268c1def4,androidx/compose/ui/text/intl/Locale$Companion,3,3,100.0
ead14c389f31f9f7,androidx/compose/runtime/DerivedSnapshotState$ResultRecord$Companion,3,3,100.0
6fbfe1dbda2c740c,androidx/compose/runtime/changelist/Operation$RemoveCurrentGroup,3,3,100.0
cd463ba68c561af3,org/koin/viewmodel/CreationExtrasExtKt,3,4,75.0
d4034d4ad835c137,androidx/concurrent/futures/ResolvableFuture,3,5,60.0
c0fd2e9eb1cdbfc6,androidx/compose/ui/node/LayoutNodeLayoutDelegateKt,3,20,15.0
faa8fe01d4d950dc,androidx/compose/runtime/internal/AtomicInt,3,16,18.75
63a62791429ac61b,androidx/compose/ui/autofill/AutofillTree,3,10,30.0
09394c2762cec76e,androidx/compose/ui/graphics/drawscope/CanvasDrawScopeKt,3,3,100.0
d8a938adb86b98b8,kotlin/coroutines/jvm/internal/DebugProbesKt,3,3,100.0
f943f3039aabd00a,androidx/compose/ui/text/input/TextInputService,3,21,14.29
2131afa6d0649e15,androidx/compose/ui/layout/SubcomposeLayoutState$setCompositionContext$1,3,3,100.0
0a76aa1c7214f350,androidx/compose/runtime/saveable/SaverKt$Saver$1,3,4,75.0
514de0331026e061,androidx/compose/ui/text/android/VerticalPaddings,3,17,17.65
b3d469ec840e7f0a,androidx/compose/foundation/text/contextmenu/modifier/TextContextMenuToolbarHandlerElement,3,25,12.0
b7ba9e115e843649,androidx/compose/ui/platform/ViewCompositionStrategy$DisposeOnDetachedFromWindowOrReleasedFromPool$installFor$listener$1,3,7,42.86
928eb0519fc1fc64,androidx/datastore/core/State,3,3,100.0
764499bff0a01efe,androidx/compose/foundation/gestures/snapping/SnapPosition$Start,3,4,75.0
063fde45e6179fc6,androidx/compose/animation/CrossfadeKt$Crossfade$5$1$invoke$$inlined$animateFloat$2,3,3,100.0
a79f4af90bbd8769,androidx/compose/ui/graphics/vector/PathNode$HorizontalTo,3,14,21.43
a688bfd75d5bc5cd,org/jetbrains/compose/resources/RegionQualifier,3,12,25.0
31b5fa094a4e0003,androidx/compose/animation/AnimatedContentKt$AnimatedContent$6$1$3$1,3,3,100.0
af92eaae06cee20b,androidx/compose/ui/graphics/BlockGraphicsLayerModifier$measure$1,3,3,100.0
8d093eb7db776937,androidx/compose/ui/res/ResourceIdCache,3,16,18.75
f4bec2deceb77ad8,androidx/compose/ui/platform/InspectableValueKt,3,12,25.0
2aa2f37f5096eb56,kotlin/time/LongSaturatedMathKt,3,50,6.0
3397f13b31e9b10c,org/koin/core/registry/PropertyRegistry,3,16,18.75
d5cad42ca8a62b0d,androidx/compose/ui/util/MathHelpersKt,3,68,4.41
f7e66e29cbaa5010,androidx/compose/ui/text/platform/ImmutableBool,3,3,100.0
536915c232bdd6b0,androidx/compose/ui/text/font/GenericFontFamily,3,4,75.0
d8bbd4aa712ddf82,androidx/compose/foundation/pager/DefaultPagerState$Companion,3,3,100.0
0df29f56f1692101,androidx/compose/ui/text/TextStyle$Companion,3,4,75.0
63d830c267f29618,androidx/compose/ui/text/style/LineHeightStyle$Companion,3,3,100.0
369b4588dba5eb85,androidx/core/view/MenuHostHelper,3,53,5.66
5c11210a51370f6d,androidx/activity/EdgeToEdgeApi30,3,3,100.0
165b56fc9aa4f949,androidx/compose/foundation/lazy/layout/PrefetchMetrics,3,13,23.08
e7cc57bdaba25847,androidx/core/view/WindowInsetsCompat$Impl28,3,16,18.75
febccf3516e744c7,androidx/compose/ui/layout/LookaheadCapablePlacementScope,3,15,20.0
e907ed3ce917ee90,org/koin/core/definition/Kind,3,6,50.0
036b6855dfe47719,androidx/collection/ObjectIntMapKt,3,48,6.25
d6f1fa94eff5404a,androidx/compose/ui/semantics/SemanticsNodeKt,3,72,4.17
a1c4e7227c4d9975,androidx/compose/ui/text/input/ImeAction$Companion,3,20,15.0
3295077ab0dac6c2,androidx/compose/animation/core/Animation,3,5,60.0
ce698b659da93ca1,androidx/core/view/accessibility/AccessibilityNodeProviderCompat,3,11,27.27
68ef3e14fa7a288e,androidx/compose/foundation/text/contextmenu/modifier/AddTextContextMenuDataComponentsWithContextElement,3,12,25.0
c4c280c160674024,androidx/core/util/Preconditions,3,73,4.11
4417802296bc36da,kotlinx/coroutines/SupervisorKt,3,14,21.43
4ab220dbbf96b17b,org/koin/android/ext/android/AndroidKoinScopeExtKt,3,6,50.0
ece431ad16e70f3f,androidx/compose/material3/NavigationItemIconPosition$Companion,3,4,75.0
b348b26edb3d9e84,androidx/compose/ui/graphics/vector/PathNode$RelativeVerticalTo,3,14,21.43
0a80801115841bbe,androidx/navigationevent/NavigationEventTransitionState,3,3,100.0
1de4428b5697cd4e,androidx/compose/ui/layout/Ruler,3,4,75.0
caeb8736fb269243,androidx/compose/ui/contentcapture/ContentCaptureManager$Companion,3,5,60.0
833c37529b46ebee,androidx/compose/ui/text/platform/DefaultImpl$getFontLoadState$initCallback$1,3,5,60.0
47ad668a855600a6,androidx/compose/runtime/StructuralEqualityPolicy,3,4,75.0
909ebf125e4cd523,androidx/compose/animation/core/ArcMode$Companion,3,5,60.0
2d5c2b0547536439,androidx/emoji2/text/EmojiCompatInitializer$1,3,3,100.0
d5ce847bd75e03dd,androidx/compose/runtime/changelist/Operation$ResetSlots,3,3,100.0
753aca327425ce10,androidx/compose/ui/focus/FocusRequesterElement,3,23,13.04
e00eb2098e15d952,androidx/compose/runtime/ReusableRememberObserverHolder,3,3,100.0
a653325bbe0d0f64,androidx/compose/animation/core/AnimationVector,3,3,100.0
c47a87c987ce21ff,androidx/collection/IntSetKt,3,29,10.34
390d3ed029cfcbbf,androidx/lifecycle/SavedStateHandleSupport$savedStateHandlesVM$1,3,3,100.0
b1ebd34cd0ef37f3,androidx/compose/material3/FabPosition$Companion,3,6,50.0
c0c731152c151813,androidx/core/view/WindowInsetsAnimationCompat,3,19,15.79
3f1ca4a36e39d06a,androidx/compose/ui/platform/AndroidUiDispatcher_androidKt,3,4,75.0
889bb2265816e751,androidx/compose/animation/core/StartOffsetType$Companion,3,4,75.0
714d46b33b532a85,androidx/compose/ui/geometry/CornerRadius$Companion,3,4,75.0
3dc2a582a1af3fb1,com/kgurgul/cpuinfo/features/information/InfoContainerScreenKt$InfoContainer$1$1$2,3,3,100.0
092531e2ed90b333,androidx/compose/ui/node/SortedSet,3,5,60.0
b5aac472325b65f5,org/koin/core/definition/Callbacks,3,19,15.79
e13a9fd2d3652b0f,androidx/compose/runtime/internal/PersistentCompositionLocalHashMap$Companion,3,4,75.0
8a6f53462cf3b37d,androidx/compose/animation/core/TwoWayConverterImpl,3,3,100.0
4eed6cdeb4ec11f6,androidx/compose/ui/graphics/colorspace/Adaptation$Companion,3,5,60.0
7cdd4bfbf639662a,kotlin/jvm/internal/ReflectionFactory,3,30,10.0
cdf4bbd5a9c39880,androidx/compose/ui/graphics/Shadow$Companion,3,4,75.0
ed0c014dad38a614,androidx/compose/ui/semantics/SemanticsConfigurationKt$getOrNull$1,3,3,100.0
aed2d152bfe747e3,androidx/compose/ui/platform/ViewRootForTest$Companion,3,5,60.0
a0748c34197672ba,com/kgurgul/cpuinfo/features/information/cpu/CpuInfoScreenKt$CpuInfoScreen$lambda$3$0$0$0$$inlined$itemsIndexed$default$2,3,3,100.0
4c3b38bee7509468,androidx/core/view/SoftwareKeyboardControllerCompat,3,8,37.5
f947786b07a18155,androidx/compose/animation/EnterTransition$Companion,3,3,100.0
4de250d9581342c9,org/koin/core/registry/ScopeRegistry$Companion,3,4,75.0
0229124641b6563e,androidx/compose/material3/internal/colorUtil/Frame_androidKt,3,3,100.0
65c1233ca629072b,androidx/compose/foundation/OverscrollConfiguration_androidKt,3,4,75.0
b83e6562a4fb31a6,androidx/compose/ui/node/CompositionLocalConsumerModifierNodeKt,3,5,60.0
3cb35413072107a7,androidx/compose/ui/autofill/AndroidAutofillManager_androidKt,3,23,13.04
532e6e10fa454f40,androidx/compose/runtime/changelist/Operation$EnsureRootGroupStarted,3,3,100.0
c010667b7b63f535,androidx/compose/ui/text/font/PlatformResolveInterceptor$Companion,3,4,75.0
b4f39a3fbd189b80,androidx/compose/ui/graphics/vector/VectorNode,3,3,100.0
d5516442a4311d75,androidx/compose/runtime/snapshots/SnapshotApplyResult,3,3,100.0
fad243985ca74d4d,org/jetbrains/compose/resources/StringResource,3,4,75.0
8a64cc8a8b792557,androidx/compose/material3/adaptive/navigationsuite/NavigationSuiteType$Companion,3,10,30.0
cfc2fb75cc8a30ff,androidx/compose/ui/unit/TextUnit$Companion,3,5,60.0
eea00dd6acece753,androidx/lifecycle/viewmodel/internal/CloseableCoroutineScope,3,6,50.0
c62a2665de5e16e1,androidx/navigation/NavDeepLinkDslBuilderKt__NavDeepLinkDslBuilderKt,3,20,15.0
da429bdb70fcb844,androidx/compose/ui/platform/AndroidTextToolbar,3,24,12.5
28a53c63a43d7990,androidx/compose/ui/unit/DpSize$Companion,3,4,75.0
b33fb1f8ea8fe1df,androidx/compose/ui/graphics/TransformOrigin$Companion,3,3,100.0
80c63cff529f2770,androidx/compose/foundation/lazy/layout/LazyLayoutItemProviderKt,3,8,37.5
7c09c055107605c9,androidx/compose/ui/platform/AndroidComposeViewForceDarkModeQ,3,3,100.0
3c8c1776e66d447b,org/koin/core/KoinApplication$Companion,3,3,100.0
18221d1ef3665c43,androidx/compose/runtime/external/kotlinx/collections/immutable/implementations/immutableMap/PersistentHashMap$Companion,3,3,100.0
6da1df5cdaa52242,androidx/compose/ui/layout/RootMeasurePolicy$measure$2,3,3,100.0
d97b3ee3cde12041,androidx/compose/ui/platform/AndroidAccessibilityManager,3,18,16.67
15d29f7d38a97878,com/kgurgul/cpuinfo/features/information/InfoContainerScreenKt$InfoContainerScreen$2$1,3,3,100.0
4567fa7c3ab42f27,androidx/compose/ui/text/input/KeyboardType$Companion,3,22,13.64
52d7dd0dd70bb258,androidx/compose/foundation/text/selection/SelectionRegistrarImpl$Companion,3,3,100.0
bf2d5218985d7ff9,androidx/compose/ui/graphics/BlendModeColorFilterHelper,3,7,42.86
fe5ca93ed62a0bdb,org/jetbrains/compose/resources/DrawableResource,3,3,100.0
5a37476fb8b2af74,com/kgurgul/cpuinfo/domain/MutableInteractor,3,10,30.0
95fa670727045f58,androidx/compose/ui/node/LayoutNode$_foldedChildren$1,3,3,100.0
b9a36ba271ea694e,androidx/compose/runtime/tooling/InspectionTablesKt,3,3,100.0
5f47a7bd948506c0,androidx/compose/runtime/NeverEqualPolicy,3,4,75.0
077b350e2f62f7f3,androidx/compose/foundation/lazy/LazyListPrefetchStrategyKt,3,4,75.0
4b5606b6756dd263,androidx/compose/ui/unit/DensityKt,3,4,75.0
0006d4780a2394ac,androidx/compose/ui/text/font/FontSynthesis$Companion,3,18,16.67
07ebd71e15f3ce10,androidx/compose/ui/node/LayoutNode$Companion,3,6,50.0
f82b0159898b9bb3,androidx/compose/ui/text/style/TextIndent$Companion,3,4,75.0
da2ca385e8ad9ab6,androidx/window/EmptyDecoratorWindowSdk,3,3,100.0
dea9c0fa902e25ac,kotlin/text/StringsKt__AppendableKt,3,21,14.29
08fdbf723dfae19b,androidx/core/view/WindowInsetsAnimationCompat$Impl30,3,18,16.67
66ecf44c3b4b2204,androidx/compose/ui/graphics/vector/PathNode$VerticalTo,3,14,21.43
5e75f3c9ff359e80,androidx/compose/material3/internal/LayoutUtilKt,3,13,23.08
bf9833402df14d04,androidx/compose/ui/input/pointer/PointerHoverIconModifierNode,3,16,18.75
a1181b8edda0eb02,androidx/compose/animation/core/AnimationKt,3,19,15.79
123d75986f2ba4cc,androidx/compose/ui/node/MeasurePassDelegate$performMeasureBlock$1,3,3,100.0
06e80eb7f687f29a,androidx/collection/SetWrapper,3,30,10.0
5dd3048a9bd7ee49,kotlin/text/StringsKt___StringsKt,3,1286,0.23
49143cd669a01140,kotlinx/coroutines/NodeList,3,21,14.29
f39771b8f8331745,androidx/compose/ui/unit/IntSize$Companion,3,3,100.0
96ee85c0bbbca519,androidx/compose/foundation/gestures/snapping/SnapFlingBehaviorKt,3,141,2.13
89c24f8ef133dac8,org/koin/core/logger/Level,3,6,50.0
3de70e2e027fbc74,androidx/compose/ui/platform/WindowRecomposer_androidKt$createLifecycleAwareWindowRecomposer$1,3,5,60.0
d8ed6b52d085aeff,androidx/compose/animation/CrossfadeKt$Crossfade$5$1$1$1,3,3,100.0
c71c165f73124f87,androidx/compose/ui/text/style/TextGeometricTransform$Companion,3,4,75.0
891f79d48866b55b,org/koin/core/extension/ExtensionManager,3,20,15.0
98dca87413deed55,androidx/compose/ui/graphics/drawscope/DrawStyle,3,3,100.0
c38fc4c636445f3e,androidx/compose/animation/core/VectorizedFloatAnimationSpec$1,3,3,100.0
e777a631b590daa1,kotlin/collections/IndexingIterable,3,3,100.0
a36ebaed4953de43,androidx/compose/runtime/BroadcastFrameClock$withFrameNanos$2$1,3,3,100.0
fd8e47064b29bf7d,androidx/compose/ui/node/ObserverNodeOwnerScope,3,5,60.0
c1560335a0db4c59,androidx/compose/foundation/text/contextmenu/modifier/TextContextMenuGestureElement,3,14,21.43
b106f32261b76d6f,kotlinx/coroutines/ChildContinuation,3,3,100.0
07fe4441f28b3e7e,androidx/savedstate/SavedStateWriterKt__SavedStateWriter_androidKt,3,4,75.0
02897c7f5301c2ba,androidx/window/layout/EmptyDecorator,3,3,100.0
19e0f0d02b22ed5c,androidx/lifecycle/DefaultLifecycleObserver,3,6,50.0
b0e53ee9aee64f9a,androidx/datastore/core/AtomicInt,3,9,33.33
9916ad1d8b9f101c,androidx/collection/LongList,3,304,0.99
b20a3712a0d26a5f,androidx/compose/ui/graphics/drawscope/Stroke$Companion,3,4,75.0
a94ee697109cd0e5,androidx/arch/core/internal/SafeIterableMap$Entry,3,14,21.43
d7db171470483f52,kotlinx/coroutines/flow/ChannelFlowBuilder,3,13,23.08
41c0995225063249,androidx/navigation/compose/internal/WeakReference,3,5,60.0
e19aacc2071685b9,androidx/compose/material3/tokens/ScrimTokens,3,3,100.0
84b693482fefb7e9,androidx/compose/ui/graphics/vector/PathNode$RelativeHorizontalTo,3,14,21.43
8bbf3de56bb08d80,androidx/compose/ui/graphics/Float16Kt,3,41,7.32
4467212a60d275f2,androidx/compose/ui/graphics/WrapperVerificationHelperMethods,3,3,100.0
45e2313b69da4dc3,androidx/compose/material3/adaptive/navigationsuite/WindowSizeClassHelperKt,3,6,50.0
4e5797e99a13928e,androidx/compose/ui/focus/FocusChangedElement,3,13,23.08
ac9a9e4baec66d55,androidx/core/content/pm/ShortcutInfoCompatSaver$NoopImpl,3,7,42.86
cbb4a3615f69c6fb,androidx/compose/ui/layout/SubcomposeLayoutState$setMeasurePolicy$1,3,3,100.0
800e458b93b62764,androidx/compose/foundation/text/modifiers/InlineDensity$Companion,3,3,100.0
1c721f40518063ee,androidx/compose/animation/core/InfiniteAnimationPolicyKt,3,8,37.5
9a6dfaf2d8b46974,kotlinx/coroutines/scheduling/NanoTimeSource,3,3,100.0
132a93ae3e19cff9,androidx/compose/ui/text/input/ImeOptions$Companion,3,3,100.0
b5b25aab3c28e245,kotlinx/coroutines/flow/DistinctFlowImpl,3,4,75.0
e8075ccf96d2f360,androidx/compose/runtime/Applier,3,16,18.75
ce6b4526917cab4b,androidx/compose/animation/CrossfadeKt$Crossfade$7,3,3,100.0
7593e7c2c2d40150,androidx/compose/ui/ModifierNodeDetachedCancellationException,3,3,100.0
319eb7ed89d9be4a,androidx/compose/ui/FrameRateCategory$Companion,3,5,60.0
815f6e0c2e2f909d,androidx/compose/ui/text/TextRange$Companion,3,3,100.0
3d90534aee3a92eb,kotlinx/coroutines/flow/internal/NullSurrogateKt,3,3,100.0
519a6dfca57e8b3f,kotlinx/coroutines/GlobalScope,3,3,100.0
35517b96ea71b69c,androidx/compose/ui/layout/AlignmentLine,3,4,75.0
40d829107d3a6650,androidx/compose/runtime/snapshots/SnapshotWeakSet,3,82,3.66
966fc3430e5689b9,androidx/compose/runtime/MonotonicFrameClockKt,3,13,23.08
5184a4960d786abe,kotlin/collections/AbstractList,3,30,10.0
6906f232cc0d65e6,androidx/compose/ui/input/pointer/PointerEventType$Companion,3,9,33.33
6af3f22df7f0dc2a,kotlinx/coroutines/flow/SafeFlow,3,3,100.0
8f9b37ff2bdb80ab,kotlinx/coroutines/CancelledContinuation,3,9,33.33
3311d2893458a6f5,androidx/compose/ui/platform/AndroidComposeView$contentCaptureManager$1,3,3,100.0
456fa59c5fa96c1b,androidx/compose/foundation/text/modifiers/SelectionControllerKt,3,3,100.0
b28c189e6a9953ec,androidx/compose/ui/text/intl/AndroidPlatformLocale_androidKt,3,4,75.0
65bf2a6cef5e13e1,kotlin/sequences/SequencesKt__SequencesKt$asSequence$$inlined$Sequence$1,3,3,100.0
27bbb87c2baaa7ea,com/kgurgul/cpuinfo/utils/DefaultDispatchersProvider,3,6,50.0
9059d99d84281e4c,androidx/compose/foundation/text/modifiers/StaticTextSelectionParams$Companion,3,3,100.0
41c68fc8e1445ce1,androidx/compose/runtime/external/kotlinx/collections/immutable/implementations/persistentOrderedSet/PersistentOrderedSet$Companion,3,3,100.0
df971357683c3728,androidx/compose/ui/draw/PainterNode$measure$1,3,3,100.0
e365dccbc3b6c813,kotlin/collections/MapsKt__MapsJVMKt,3,46,6.52
c17fe2bbaeb7d95d,androidx/compose/ui/text/platform/AndroidParagraph_androidKt,3,13,23.08
89eca0d64aabb7d5,androidx/compose/ui/text/style/BaselineShift$Companion,3,10,30.0
5a5530b56260bcc8,kotlinx/coroutines/android/AndroidDispatcherFactory,3,6,50.0
4b405fc1f094d091,androidx/compose/material3/adaptive/WindowAdaptiveInfo,3,12,25.0
d91a9a558c68bb8a,androidx/compose/ui/input/indirect/IndirectPointerEventPrimaryDirectionalMotionAxis$Companion,3,5,60.0
2275c06437bd017e,kotlinx/coroutines/JobSupport$ChildCompletion,3,3,100.0
cad32216eb725740,kotlin/coroutines/jvm/internal/Boxing,3,8,37.5
9cfedd297f5a4a77,androidx/compose/ui/platform/AndroidComposeView$RootModifierNode$measure$1,3,3,100.0
a24201c17aaf0c09,kotlin/io/CloseableKt,3,15,20.0
c3f3c92f0282fd33,androidx/compose/ui/platform/AndroidComposeViewTranslationCallbackS,3,4,75.0
3d69744bb9dce58f,androidx/compose/ui/focus/FocusInvalidationManager$scheduleInvalidation$1,3,3,100.0
d959085678235c51,kotlinx/coroutines/flow/internal/NopCollector,3,3,100.0
301c4f122390a93f,androidx/compose/ui/platform/AndroidComposeView$onAttachedToWindow$1,3,3,100.0
45a6d4ad89e46d40,androidx/compose/ui/platform/coreshims/AutofillIdCompat,3,3,100.0
3fc8cb65aa674b1a,kotlin/coroutines/jvm/internal/SuspendLambda,3,8,37.5
493a82ea422dbc12,org/koin/core/option/KoinOption,3,6,50.0
cf9c15e400cc8cb9,androidx/compose/material3/ColorResourceHelper,3,3,100.0
fd42298150e65271,kotlinx/coroutines/LazyDeferredCoroutine,3,3,100.0
41704f0d3d34652c,androidx/compose/ui/graphics/FilterQuality$Companion,3,6,50.0
5bcfc2d446bac920,androidx/compose/ui/node/NodeCoordinator$drawBlock$drawBlockCallToDrawModifiers$1,3,3,100.0
54f30a135acc12af,co/touchlab/kermit/JvmMutableLoggerConfig,3,13,23.08
86544d54907bedf5,androidx/compose/material3/MotionScheme$Companion,3,4,75.0
fcf8ec9aceb4887a,kotlin/collections/SetsKt__SetsKt,3,31,9.68
4e92e36ad665ad4d,androidx/compose/runtime/changelist/Operation$EndCurrentGroup,3,3,100.0
4c5ab5f042b3cdcc,androidx/window/layout/WindowLayoutInfo,3,12,25.0
1dedd6440751dbba,androidx/compose/ui/res/ImageVectorCache,3,17,17.65
d1c3ef63bff0f60c,androidx/compose/foundation/text/modifiers/SelectionControllerKt$makeDefaultSelectionModifier$mouseSelectionObserver$1,3,39,7.69
8a32df99394ddbb9,kotlin/time/TimeSource$Monotonic,3,6,50.0
a0640d1166aa7c78,androidx/compose/foundation/pager/PagerState$remeasurementModifier$1,3,3,100.0
22b2e92e80b57ce5,com/kgurgul/cpuinfo/features/information/cpu/CpuInfoScreenKt$CpuInfoScreen$lambda$3$0$0$0$$inlined$itemsIndexed$default$1,3,3,100.0
9f198970cf572ee0,org/koin/mp/KoinPlatform,3,10,30.0
485a62bed893a587,androidx/compose/ui/layout/SubcomposeLayoutKt$SubcomposeLayout$4$1,3,3,100.0
a0e138584203ed42,androidx/compose/ui/MotionDurationScale$DefaultImpls,3,4,75.0
5a5122f7823b82c4,androidx/compose/runtime/external/kotlinx/collections/immutable/implementations/immutableMap/TrieNode$Companion,3,3,100.0
3b687ac6e512dcd8,androidx/compose/animation/SplineBasedFloatDecayAnimationSpec,3,11,27.27
ac5ef754e5d066bd,androidx/compose/foundation/lazy/layout/LazyLayoutBeyondBoundsModifierLocalKt,3,6,50.0
756eec70af5d8e2a,androidx/compose/ui/platform/AndroidComposeView$pointerIconService$1,3,12,25.0
c87195b0e939ac8c,androidx/compose/ui/platform/ViewLayer,3,277,1.08
439b808234ad8fce,androidx/compose/runtime/MonotonicFrameClock$DefaultImpls,3,5,60.0
3a71f3599d5acce3,androidx/lifecycle/SavedStateHandlesVM,3,3,100.0
8bf8dbfcb4627cf4,androidx/compose/foundation/text/modifiers/LayoutCacheOperation$Companion,3,6,50.0
294263b7e7d4f59d,androidx/datastore/preferences/core/Preferences$Key,3,10,30.0
f307b250dd5084c5,androidx/core/view/WindowCompat,3,29,10.34
46d0ff117eb03f91,androidx/compose/runtime/external/kotlinx/collections/immutable/implementations/persistentOrderedSet/Links,3,14,21.43
688c332f2fdf0d7f,androidx/compose/runtime/SnapshotStateKt__SnapshotMutationPolicyKt,3,3,100.0
e5f017d7e54aae73,androidx/compose/runtime/saveable/SaveableStateHolderImpl$Companion,3,3,100.0
6f247e6888e8c084,androidx/compose/runtime/snapshots/SnapshotIdSet$Companion,3,3,100.0
5c8c801e209a8538,kotlinx/coroutines/scheduling/DefaultScheduler,3,11,27.27
85847375123c9d8d,androidx/compose/ui/node/LayoutNodeKt,3,11,27.27
13baf7229c442194,androidx/compose/ui/node/NodeMeasuringIntrinsics$EmptyPlaceable,3,5,60.0
2f20285957fa09ef,kotlinx/coroutines/flow/ReadonlyStateFlow,3,5,60.0
de0a936eb1c405d5,androidx/compose/ui/semantics/ProgressBarRangeInfo$Companion,3,3,100.0
4303999fef0ecc1a,androidx/compose/ui/platform/Api30Impl,3,3,100.0
4e47a55c0216f0ad,androidx/compose/animation/core/VectorizedAnimationSpec,3,5,60.0
0dcdbf8ecf2f84be,androidx/compose/ui/text/font/SystemFontFamily,3,3,100.0
11fb401836a75d49,androidx/compose/ui/layout/OnGloballyPositionedElement,3,14,21.43
b541c15b53a91d8c,androidx/compose/ui/platform/WindowRecomposerPolicy$createAndInstallWindowRecomposer$1,3,5,60.0
f1a0a3f96d44254e,androidx/compose/ui/geometry/Rect$Companion,3,4,75.0
2d18ac1060f9fbab,androidx/lifecycle/ViewModelProvider$Factory,3,8,37.5
13bc9c2d1369a69f,kotlin/coroutines/intrinsics/CoroutineSingletons,3,6,50.0
3b9b96726a8f5d1c,org/koin/android/ext/koin/ModuleExtKt,3,10,30.0
71dcde7520a03588,androidx/compose/foundation/lazy/LazyListState$remeasurementModifier$1,3,3,100.0
0f0be1cc0ec95a82,kotlin/collections/ArrayAsCollection,3,27,11.11
7a2823095a7e39c0,kotlinx/coroutines/CompletableDeferredKt,3,11,27.27
6d0e20f0f516a24f,androidx/compose/ui/util/AndroidTrace_androidKt,3,10,30.0
730ed50beed6127d,androidx/collection/LongObjectMapKt,3,48,6.25
d5e62d22ac2e8e2b,org/jetbrains/compose/resources/AndroidContextProvider$Companion,3,4,75.0
71d4cd9fa9fc6f7a,kotlin/collections/IndexingIterator,3,9,33.33
8543be8bf2ec53d5,androidx/compose/ui/graphics/SimpleGraphicsLayerModifier$measure$1,3,3,100.0
d4e427643e68d6ef,androidx/lifecycle/Lifecycle,3,10,30.0
160cf5ce94818c56,androidx/compose/ui/text/style/TextMotion$Companion,3,4,75.0
433edc6489066d6a,androidx/compose/ui/graphics/AndroidGraphicsContext$2,3,5,60.0
fc9a24a921c2a246,androidx/compose/ui/graphics/AndroidGraphicsContext$UniqueDrawingIdApi29,3,3,100.0
3f27fa0a5ed4c045,androidx/compose/ui/autofill/AutofillCallback,3,10,30.0
d04dd140b7e00d24,androidx/compose/foundation/pager/PageSize$Fill,3,3,100.0
b828566bcae1ff49,androidx/datastore/preferences/core/PreferenceDataStore,3,4,75.0
0a742cc246029b44,androidx/compose/ui/text/android/StaticLayoutFactory26,3,3,100.0
05c28406ffb5058c,androidx/compose/ui/platform/ViewCompositionStrategy$Companion,3,3,100.0
4e7d7faa556698b6,androidx/compose/ui/platform/WindowRecomposer_androidKt$createLifecycleAwareWindowRecomposer$2$onStateChanged$1$1$1$1,3,3,100.0
8dda061fb242658e,androidx/compose/ui/graphics/RectangleShapeKt$RectangleShape$1,3,4,75.0
0593b57675d1792e,androidx/compose/foundation/lazy/layout/LazyLayoutScrollDeltaBetweenPasses,3,34,8.82
a194876b2d50b7f9,androidx/compose/ui/text/font/FontWeightAdjustmentHelperApi31,3,3,100.0
103d44ba6b0cc3dd,androidx/compose/ui/node/ObserverNodeOwnerScope$Companion,3,3,100.0
74ed767834972a5c,kotlinx/coroutines/NonDisposableHandle,3,6,50.0
5e6870abb40dc65f,androidx/compose/foundation/lazy/LazyListState$Companion,3,16,18.75
eb9ebe4933ed7b2e,androidx/compose/ui/graphics/ColorFilter,3,3,100.0
3e2fdbfa6585bd45,androidx/compose/material3/ShortNavigationBarArrangement$Companion,3,4,75.0
1a32d9d4f21f0cd2,androidx/compose/runtime/changelist/Operation$SkipToEndOfCurrentGroup,3,3,100.0
b9a17477aa5a7ab1,androidx/compose/ui/platform/AndroidComposeView$viewTreeOwners$2,3,3,100.0
11b67aec10cac6c5,androidx/compose/ui/text/android/CanvasCompatM,3,4,75.0
74ed75159e5f22c2,kotlin/jvm/internal/CallableReference$NoReceiver,3,4,75.0
50098d9e3f549f4e,androidx/compose/ui/Actual_jvmKt,3,19,15.79
1014136360ee3e0f,androidx/compose/ui/input/nestedscroll/NestedScrollModifierKt,3,4,75.0
8bf3d21e32dfd6a9,androidx/compose/runtime/external/kotlinx/collections/immutable/implementations/immutableList/SmallPersistentVector$Companion,3,3,100.0
f953e93cf045fd86,kotlinx/coroutines/ResumeOnCompletion,3,3,100.0
499c938cd9aa1e09,androidx/compose/material3/pulltorefresh/PullToRefreshStateImpl$Companion,3,3,100.0
71970227d8b236f8,androidx/core/view/ViewCompat$Api23Impl,3,5,60.0
d34438457b8a4e9f,androidx/compose/ui/text/input/KeyboardCapitalization$Companion,3,12,25.0
43486c7d85327412,kotlinx/coroutines/internal/ScopeCoroutine,3,9,33.33
00cc0a4d008b142d,kotlinx/coroutines/Empty,3,6,50.0
68f2ecae1287a8eb,androidx/compose/ui/input/key/KeyInputElement,3,28,10.71
12221f2c27435414,androidx/compose/ui/text/android/SpannedExtensions_androidKt,3,6,50.0
8c456d3bbf72807c,androidx/core/view/ViewGroupKt$children$1,3,3,100.0
50201c71830db12e,androidx/compose/foundation/shape/PercentCornerSize,3,19,15.79
c6dd975577dd3826,androidx/compose/ui/text/font/PlatformTypefaces_androidKt,3,29,10.34
e88fd6087ced7c1f,androidx/compose/animation/AnimatedContentKt$AnimatedContent$6$1$1$1$1,3,3,100.0
7d1f844099d33efb,androidx/window/WindowSdkExtensions$Companion,3,6,50.0
e3906dd1815b7161,androidx/compose/ui/text/android/StaticLayoutFactory28,3,3,100.0
3cccec867a1f34d7,androidx/compose/foundation/shape/CornerSizeKt,3,6,50.0
ba194b5081736ebe,androidx/compose/animation/AnimatedVisibilityKt$AnimatedEnterExitImpl$shouldDisposeAfterExit$2$1$1,3,3,100.0
35091bfe2ca07ce8,androidx/compose/foundation/gestures/BringIntoViewRequestPriorityQueue,3,75,4.0
b373ac2a21f46073,androidx/compose/ui/platform/ViewLayer$Companion,3,33,9.09
055d28beedd55ec1,androidx/compose/foundation/ScrollState$Companion,3,3,100.0
7450e42d0282cc06,androidx/compose/animation/CrossfadeKt$Crossfade$3$1,3,3,100.0
c5663b392ed9cf9b,androidx/core/view/WindowInsetsCompat$Impl21,3,14,21.43
d711c85d8a2e2a7f,androidx/compose/foundation/FocusableElement,3,15,20.0
922b5773ea49b02c,androidx/compose/ui/input/nestedscroll/NestedScrollSource$Companion,3,12,25.0
bf0083a39d045ee9,androidx/compose/runtime/internal/ComposableLambdaImpl$invoke$1,3,3,100.0
731d78a34003142d,androidx/compose/ui/node/Owner$Companion,3,4,75.0
833fa8fa52744602,androidx/compose/ui/node/LayoutNode$WhenMappings,3,4,75.0
c527c101e34ad8d3,androidx/lifecycle/LifecycleDispatcher$DispatcherActivityCallback,3,3,100.0
370d3f4e3c404bc5,androidx/compose/ui/graphics/Outline,3,3,100.0
dcadadac252d8bfd,androidx/compose/ui/graphics/StrokeJoin$Companion,3,5,60.0
2c05a751c7d8f360,androidx/compose/runtime/ComposerImpl$CompositionContextHolder,3,6,50.0
28ec30fdfbf49c11,androidx/compose/ui/graphics/CompositingStrategy$Companion,3,5,60.0
b9fb5b0959b1bb4d,androidx/core/view/WindowInsetsAnimationCompat$Impl30$ProxyCallback,2,29,6.9
5c8977a728fc63c3,kotlin/jvm/internal/CallableReference,2,31,6.45
8120e8a3b8111188,androidx/compose/runtime/CancelledCoroutineContext$Key,2,2,100.0
c06f4f82122b7ddd,androidx/compose/ui/platform/AndroidComposeView$resendMotionEventRunnable$1,2,21,9.52
42110e63648e88dc,androidx/compose/ui/node/ModifierNodeElement,2,12,16.67
3ba48aed5265c30e,androidx/navigationevent/NavigationEventTransitionState$Idle,2,3,66.67
3c5420875ed54221,androidx/compose/foundation/gestures/snapping/SnapPositionKt,2,2,100.0
c2bea5a8068f01a9,kotlinx/coroutines/scheduling/Task,2,2,100.0
d63d359b4ba3883c,androidx/compose/ui/platform/AndroidCompositionLocals_androidKt$LocalConfiguration$1,2,4,50.0
6c0bde4b8a8fd89c,androidx/navigation/NavController$Companion,2,4,50.0
d66f521e096c4d6d,androidx/compose/ui/text/input/TextInputServiceAndroid$onEditCommand$1,2,4,50.0
39ff482991d3809a,androidx/collection/OrderedScatterSetKt,2,22,9.09
098766e3a4c7eb0b,androidx/compose/runtime/ComposeRuntimeFlags,2,4,50.0
79bf465b676fd85a,androidx/compose/ui/text/PlatformParagraphStyle$Companion,2,3,66.67
dce8ab9b2b015c94,androidx/compose/foundation/ProgressSemanticsKt,2,10,20.0
2d7fae748e6c4d96,androidx/compose/ui/semantics/SemanticsProperties$ContentDataType$1,2,4,50.0
e7938d82d3053819,androidx/compose/ui/draw/DrawWithContentModifier,2,4,50.0
b349706c52d53082,androidx/compose/runtime/MonotonicFrameClock$Key,2,2,100.0
c6ea35d42bcbb97b,androidx/compose/ui/platform/CompositionLocalsKt$LocalAccessibilityManager$1,2,4,50.0
935482d9619a3184,co/touchlab/kermit/LogWriter,2,6,33.33
5780e23cea77fe0f,co/touchlab/kermit/KermitConfigKt,2,2,100.0
65b85494e9cc5934,androidx/compose/material3/adaptive/navigationsuite/ComposableSingletons$NavigationSuiteScaffoldKt$lambda$-1866128853$1,2,11,18.18
4aaa7e476c2c9922,androidx/compose/animation/core/AnimationResult,2,5,40.0
82b5e4242256e535,androidx/compose/ui/platform/CompositionLocalsKt$LocalDensity$1,2,4,50.0
24f68dc87019b8dd,androidx/compose/ui/graphics/vector/PathComponent$pathMeasure$2,2,4,50.0
8eea4cac98e33b5a,androidx/datastore/preferences/PreferenceDataStoreFile,2,2,100.0
ffc1fce46896c9aa,com/kgurgul/cpuinfo/shared/Res$string,2,2,100.0
af2d4ff8c64844ba,kotlinx/coroutines/channels/ChannelsKt__Channels_commonKt,2,67,2.99
365b45e2d77806f2,kotlinx/coroutines/BlockingEventLoop,2,2,100.0
92a968151f7087ff,androidx/compose/ui/layout/AlignmentLine$Companion,2,2,100.0
880a1aac1a2e8acd,androidx/compose/ui/platform/CompositionLocalsKt$LocalPointerIconService$1,2,4,50.0
ab532422d0315d23,androidx/compose/ui/platform/CompositionLocalsKt$LocalTextToolbar$1,2,4,50.0
3b11b83b566a17d2,androidx/compose/ui/unit/DensityImpl,2,18,11.11
d6630983da236754,androidx/datastore/core/Data,2,10,20.0
2f5a15db849d7ca8,androidx/compose/material3/SurfaceKt$Surface$1$3$1,2,3,66.67
be7312480d2a83a9,androidx/compose/ui/graphics/vector/PathNode$Close,2,2,100.0
f0fa9293f8ffb854,androidx/compose/ui/text/font/FontMatcher,2,264,0.76
6cd4cbb1da22ff85,androidx/compose/ui/platform/AndroidCompositionLocals_androidKt$LocalResources$1,2,5,40.0
dc0e2b904654d31a,androidx/compose/ui/semantics/SemanticsPropertiesKt$ActionPropertyKey$1,2,13,15.38
0be91c8e6d039888,androidx/compose/ui/layout/RectRulersKt,2,4,50.0
72633d0e8ce48166,androidx/compose/material3/DefaultSingleRowTopAppBarOverride$SingleRowTopAppBar$4$1,2,3,66.67
85a62400aa9d29ce,androidx/compose/ui/semantics/AccessibilityAction,2,16,12.5
78d4d78b759579cb,kotlinx/coroutines/internal/ContextScope,2,3,66.67
a5a74a81cf2a0304,com/kgurgul/cpuinfo/domain/InteractorKt,2,4,50.0
7063b3680d208d3b,androidx/compose/ui/graphics/colorspace/Adaptation$Companion$VonKries$1,2,3,66.67
a14ac1348ea34dca,androidx/savedstate/internal/SavedStateRegistryImpl$Companion,2,2,100.0
2b020550cecfc3b9,androidx/compose/ui/semantics/SemanticsProperties$TraversalIndex$1,2,4,50.0
f1dd573de4d10114,androidx/compose/ui/layout/RectRulers$Companion,2,2,100.0
f60d5082757af0c1,co/touchlab/kermit/Logger$Companion,2,13,15.38
3b94a69d1a08c43a,androidx/window/core/ConsumerAdapter,2,37,5.41
1caf75d007b70d9e,androidx/compose/ui/text/font/FontListFontFamilyTypefaceAdapter$Companion,2,4,50.0
5b79e96a27d616a3,androidx/compose/material3/InteractiveComponentSizeKt$MinimumInteractiveTopAlignmentLine$1,2,5,40.0
5d5e691b0145b668,androidx/collection/FloatSetKt,2,29,6.9
c3a8534a572da4a0,kotlin/Result$Failure,2,9,22.22
87ff6fee7826b3a2,androidx/core/view/RoundedCornerCompat,2,49,4.08
27dd334d9e32a93b,kotlinx/coroutines/CoroutineExceptionHandler$DefaultImpls,2,4,50.0
4b65f9862f9bbee4,androidx/collection/SieveCacheKt,2,29,6.9
911a420f6db8bd01,androidx/compose/ui/layout/NoOpSubcomposeSlotReusePolicy,2,4,50.0
e432dbe29788cb8d,androidx/compose/runtime/snapshots/SnapshotStateList$Companion,2,3,66.67
24d726782313e267,androidx/datastore/preferences/core/AtomicBoolean,2,4,50.0
bb7035492779eaa3,androidx/compose/ui/platform/NoHapticFeedback,2,3,66.67
c27bbdd9f7752cd3,androidx/compose/ui/layout/FixedScale,2,18,11.11
b6076500b1626651,kotlin/collections/AbstractMap$Companion,2,16,12.5
0771a219e37b6240,androidx/compose/ui/platform/CompositionLocalsKt$LocalClipboardManager$1,2,4,50.0
c79ac56aa61840b6,androidx/compose/ui/platform/AndroidClipboard,2,6,33.33
752fb2531e33bd3e,kotlin/time/TimeSource$Monotonic$ValueTimeMark,2,42,4.76
291e250d676c8f0a,androidx/activity/compose/PredictiveBackHandlerKt$PredictiveBackHandler$lambda$3$0$$inlined$onStopOrDispose$1,2,4,50.0
8733dbdf39a5813e,androidx/compose/material/ripple/RippleKt,2,53,3.77
7bc803815c1cc02f,androidx/compose/ui/text/intl/PlatformLocale_jvmKt,2,4,50.0
e6794a1ee5d0cd21,androidx/compose/ui/autofill/PlatformAutofillManagerImpl,2,13,15.38
75eb396269b241a7,androidx/compose/ui/graphics/colorspace/Oklab$Companion,2,2,100.0
d3974b76cf01d345,androidx/datastore/core/InterProcessCoordinator_jvmKt,2,2,100.0
eb2275763c85866e,androidx/datastore/core/handlers/ReplaceFileCorruptionHandler,2,3,66.67
8178327771b6a675,androidx/compose/ui/graphics/drawscope/Fill,2,2,100.0
f05654a520dba0fa,androidx/compose/ui/platform/TestTagNode,2,4,50.0
5c96a57a1bf7a6ff,androidx/compose/ui/platform/AndroidCompositionLocals_androidKt$LocalImageVectorCache$1,2,4,50.0
d22b568490cf717d,androidx/compose/runtime/Composer,2,21,9.52
86615bac676fdf92,kotlinx/coroutines/flow/StateFlowImpl$collect$1,2,2,100.0
4743fcf925189b90,androidx/compose/foundation/pager/PagerBeyondBoundsState,2,14,14.29
41f3ac384bd76326,kotlin/Result$Companion,2,5,40.0
8958877d35c95eae,androidx/compose/ui/unit/ComposeUiUnitFlags,2,3,66.67
5bce8dd84406b753,androidx/compose/animation/core/AnimationVector3D,2,37,5.41
3fa974a08ac56481,androidx/compose/material3/ContentColorKt,2,2,100.0
325f3a5f84e8c98f,androidx/compose/foundation/lazy/layout/LazySaveableStateHolder$SaveableStateProvider$lambda$0$0$$inlined$onDispose$1,2,4,50.0
814cc93bccf94111,androidx/compose/ui/node/LayoutModifierNodeCoordinator$Companion,2,3,66.67
4cb76c9814ded121,kotlinx/coroutines/flow/internal/SendingCollector,2,3,66.67
f52e49324ae37318,com/kgurgul/cpuinfo/shared/Res$drawable,2,2,100.0
ba9e87f3099e5101,kotlin/collections/AbstractMutableList,2,3,66.67
0a5a74cdaa3ad151,androidx/compose/runtime/CompositionContextKt,2,2,100.0
247ddbfd9acea34b,kotlinx/coroutines/ExecutorCoroutineDispatcher,2,2,100.0
2d578056b9ce72ca,androidx/compose/runtime/changelist/OperationsDebugStringFormattable,2,6,33.33
2c88dd15edd0fa4a,androidx/savedstate/Recreator$Companion,2,2,100.0
febcbff5fa155d57,androidx/compose/runtime/ParcelableSnapshotMutableState$Companion,2,3,66.67
9bc613a0178079f4,androidx/compose/ui/semantics/SemanticsProperties$LinkTestMarker$1,2,4,50.0
5d66c1e2d420eed0,androidx/compose/ui/graphics/colorspace/Lab$Companion,2,2,100.0
05c54dff339f9d2a,kotlin/jvm/internal/PropertyReference0,2,8,25.0
802eb4984d205f00,androidx/navigation/NavController$onBackPressedCallback$1,2,3,66.67
95cdcf3da00c7c48,androidx/compose/ui/layout/OuterPlacementScope,2,7,28.57
cc7931fa06e77ddd,com/getkeepsafe/relinker/TextUtils,2,6,33.33
5235e51ff97f88ea,androidx/lifecycle/viewmodel/CreationExtras$Empty,2,3,66.67
9e6a0ff29db5aafc,androidx/compose/ui/graphics/colorspace/Connector$Companion$identity$1,2,3,66.67
c5bd22641334f208,androidx/compose/ui/node/LayoutModifierNode$maxIntrinsicWidth$1,2,2,100.0
ec3f1fa88d2bd85b,androidx/navigationevent/NavigationEventDispatcher$Companion,2,2,100.0
217d51a760c93770,androidx/compose/animation/core/Transition$animateTo$lambda$2$0$$inlined$onDispose$1,2,2,100.0
6b59a34febb6c4cb,androidx/compose/ui/text/input/CursorAnchorInfoController$textFieldToRootTransform$1,2,4,50.0
73494f868afd51b6,kotlinx/coroutines/Active,2,3,66.67
d8c2174020834885,androidx/compose/animation/core/TransitionKt$createChildTransitionInternal$lambda$1$0$$inlined$onDispose$1,2,4,50.0
acc5d10fb1bbebda,androidx/compose/foundation/pager/PagerScopeImpl,2,2,100.0
88152a5fc22fe7a1,androidx/navigation/compose/NavHostControllerKt,2,2,100.0
3c9dbe493428b139,androidx/lifecycle/viewmodel/internal/CanonicalName_jvmKt,2,3,66.67
4e9a084b40d10e10,androidx/navigation/NavDeepLink$Builder$Companion,2,24,8.33
0a69d67cb8c68ceb,androidx/compose/ui/platform/DelegatingSoftwareKeyboardController,2,5,40.0
dd0d2fe0123f68ba,androidx/compose/runtime/saveable/SaveableStateHolderImpl$SaveableStateProvider$lambda$0$1$0$$inlined$onDispose$1,2,7,28.57
a54bca28c4946388,kotlinx/serialization/SerializersKt,2,21,9.52
adfb4e679c55d74f,androidx/activity/result/ActivityResultRegistry$Companion,2,2,100.0
3c3b406d155c41af,androidx/compose/foundation/lazy/layout/PrefetchHandleProvider,2,32,6.25
529c3de49fe4183a,kotlinx/serialization/modules/SerializersModule,2,10,20.0
f5d0981a0af8ef85,androidx/compose/foundation/layout/Arrangement$SpaceBetween$1,2,9,22.22
08a2156c556fe065,androidx/compose/ui/semantics/SemanticsProperties$HideFromAccessibility$1,2,4,50.0
6d9592606d2f7a1e,androidx/compose/ui/platform/CompositionLocalsKt$LocalUriHandler$1,2,4,50.0
7355afa6e6a05299,androidx/compose/ui/platform/AndroidCompositionLocals_androidKt$obtainResourceIdCache$callbacks$1$1,2,5,40.0
cc41356b9e8c2f78,androidx/compose/ui/platform/AndroidCompositionLocals_androidKt$obtainImageVectorCache$1$1$invoke$$inlined$onDispose$1,2,4,50.0
d9c1dce0e1b1ac4f,kotlinx/coroutines/flow/FlowKt__TransformKt,2,30,6.67
47a34051aff3a0e3,androidx/compose/ui/node/OwnerSnapshotObserver$onCommitAffectingLookahead$1,2,7,28.57
2caaee4989ff83ff,androidx/compose/animation/core/AnimationVector2D,2,30,6.67
0bfc321c2a9a9a77,androidx/compose/ui/semantics/SemanticsProperties$Shape$1,2,4,50.0
15e15633b5fe3f00,androidx/compose/ui/platform/CompositionLocalsKt$LocalInputModeManager$1,2,4,50.0
94c3207513140ee2,androidx/compose/ui/platform/AndroidUriHandler,2,6,33.33
6e257d6e0531ff30,androidx/datastore/core/DataStoreImpl$Companion,2,2,100.0
734abd185b0bdc12,androidx/compose/ui/platform/CompositionLocalsKt$LocalTextInputService$1,2,4,50.0
4ae3f8f0640a5f4e,androidx/compose/foundation/layout/WindowInsetsHolder$Companion$current$lambda$0$0$$inlined$onDispose$1,2,4,50.0
5d7b89320771fa63,kotlinx/coroutines/Job$Key,2,2,100.0
4e4f1d212860b26d,androidx/compose/ui/MotionDurationScale$Key,2,2,100.0
93719059150cbf52,androidx/activity/compose/PredictiveBackHandlerKt$PredictiveBackHandler$lambda$4$0$$inlined$onDispose$1,2,4,50.0
fb0707e038c60da0,androidx/compose/ui/node/ComposeUiNode$Companion$SetLayoutDirection$1,2,4,50.0
7f5b4ab5f11acd7b,kotlin/collections/MapsKt___MapsKt,2,313,0.64
74a218d3ed1268fa,androidx/compose/ui/layout/VerticalAlignmentLine,2,2,100.0
220b48283e7cddf2,androidx/core/os/HandlerCompat,2,46,4.35
ba35f035bfaabc67,androidx/compose/foundation/selection/SelectableGroupKt,2,2,100.0
41c5d9e9272ed6cd,androidx/compose/ui/text/AnnotatedString$Companion,2,3,66.67
1fd40174d73a8071,androidx/compose/ui/text/intl/PlatformLocaleKt,2,2,100.0
50e5240d78b42657,androidx/lifecycle/compose/LifecycleEffectKt$LifecycleStartEffectImpl$lambda$0$0$$inlined$onDispose$1,2,7,28.57
251711baad34138f,kotlin/io/encoding/Base64$Default,2,6,33.33
62da6522daac1743,androidx/compose/foundation/gestures/ScrollingLogic$nestedScrollScope$1,2,13,15.38
8ec0914ef49d610f,androidx/arch/core/executor/DefaultTaskExecutor$1,2,4,50.0
6968dbe6fd9ee538,kotlinx/coroutines/flow/SharedFlowImpl$collect$1,2,2,100.0
cf42b549e0ca70ee,org/jetbrains/compose/resources/StringResourcesKt$loadString$1,2,2,100.0
4c95885782b06c33,com/kgurgul/cpuinfo/data/provider/ProcessesProvider$Companion,2,2,100.0
b8aea828307d4aba,kotlinx/serialization/descriptors/StructureKind$OBJECT,2,2,100.0
66cdc0550aaf2665,kotlinx/coroutines/flow/FlowKt__ChannelsKt$emitAllImpl$1,2,2,100.0
82f5573b0b7274e1,com/kgurgul/cpuinfo/domain/ResultInteractor,2,3,66.67
0b4f4d2c6052ac57,androidx/compose/foundation/gestures/ScrollableContainerNode,2,5,40.0
ac9abc708674dceb,kotlin/coroutines/ContinuationInterceptor$Key,2,2,100.0
2d4acdf4bccd960d,androidx/compose/runtime/internal/ThreadMap,2,38,5.26
cb44d0205bb70a44,androidx/navigation/NavDeepLinkRequest,2,21,9.52
ce6410e9aa247e10,androidx/compose/ui/platform/AndroidComposeViewTranslationCallback,2,8,25.0
d8df5cfee5a96b54,androidx/compose/animation/core/SuspendAnimationKt$animate$4,2,2,100.0
7689157f800d891e,androidx/compose/ui/semantics/SemanticsProperties$IsDialog$1,2,5,40.0
bf1d59f6683e442e,kotlinx/coroutines/internal/LimitedDispatcherKt,2,8,25.0
56afe2e521e65f51,androidx/compose/ui/semantics/SemanticsProperties$Text$1,2,9,22.22
d5f53efd5654b669,kotlin/UNINITIALIZED_VALUE,2,2,100.0
4bc826ced066365d,androidx/compose/animation/AnimatedVisibilityKt$AnimatedVisibilityImpl$2$1,2,8,25.0
8c4b9308c0b354ba,androidx/navigation/compose/ComposeNavigator$Companion,2,2,100.0
4f4905405f631e3b,kotlinx/coroutines/CoroutineExceptionHandler$Key,2,2,100.0
bff70bf303111c44,androidx/compose/material3/InteractiveComponentSizeKt$MinimumInteractiveLeftAlignmentLine$1,2,5,40.0
ea5083e9f10133d0,androidx/compose/ui/SessionMutex,2,18,11.11
a68f4752e852c2e4,kotlin/enums/EnumEntriesList,2,24,8.33
ba5332300f454cad,androidx/compose/ui/MotionDurationScale,2,2,100.0
127b53e83026ba04,androidx/datastore/core/FileStorage$Companion,2,4,50.0
581d5991886d6257,androidx/compose/ui/semantics/SemanticsProperties$TestTag$1,2,4,50.0
bf321d41598a1040,kotlinx/serialization/descriptors/StructureKind,2,2,100.0
44523c42a17692ad,androidx/compose/foundation/AbstractClickableNode$TraverseKey,2,2,100.0
eeac1850374daa68,androidx/compose/ui/node/OwnerSnapshotObserver$onCommitAffectingLayoutModifier$1,2,7,28.57
c5b5e3d7457d08fa,org/koin/core/instance/InstanceFactory$Companion,2,2,100.0
93d431d23f31d6c3,androidx/compose/ui/layout/AlignmentLineKt$LastBaseline$1,2,5,40.0
2bea983b796586b2,androidx/core/view/ViewGroupKt,2,65,3.08
fa41e5f46b9a183e,androidx/compose/ui/node/OwnerSnapshotObserver$onCommitAffectingLayoutModifierInLookahead$1,2,7,28.57
8d9fd1fe8d8c9df6,org/jetbrains/compose/resources/vector/XmlVectorParserKt$apptAttr$$inlined$filterIsInstance$1,2,4,50.0
63fc3540a9845300,androidx/compose/animation/ExitTransitionImpl,2,2,100.0
2c50b12a283d9903,androidx/compose/ui/semantics/EmptySemanticsModifier,2,3,66.67
3f289b95ac1d0428,androidx/compose/ui/semantics/SemanticsPropertyKey$1,2,5,40.0
ea1cfcac36604c59,androidx/activity/compose/internal/BackHandlerCompat$onBackPressedCallback$1,2,6,33.33
b5a43d30d1a2f5a7,androidx/compose/ui/platform/ComposableSingletons$Wrapper_androidKt$lambda$-1759434350$1,2,11,18.18
821fce3efe195eae,androidx/compose/material3/adaptive/navigationsuite/ComposableSingletons$NavigationSuiteScaffoldKt$lambda$-492711772$1,2,11,18.18
3fd90d5b007b3e3b,androidx/navigation/NavControllerKt__NavController_androidKt,2,12,16.67
65e33e678f6ef839,androidx/activity/ViewTreeFullyDrawnReporterOwner,2,11,18.18
c039292e1aaadf6b,androidx/compose/ui/platform/CompositionLocalsKt$LocalFontLoader$1,2,4,50.0
4c99309585e2f50b,com/getkeepsafe/relinker/SystemLibraryLoader,2,13,15.38
5ce65541dcee784a,androidx/compose/ui/layout/AlignmentLineKt$FirstBaseline$1,2,5,40.0
3c67b8ead9e5106e,androidx/compose/runtime/SnapshotStateKt__SnapshotFlowKt$collectAsState$1$1$1,2,2,100.0
94e0199c347d5407,co/touchlab/kermit/LoggerConfigKt,2,5,40.0
b59ed4431c05b0c8,androidx/compose/ui/layout/ComposableSingletons$SubcomposeLayoutKt$lambda$641200809$1,2,11,18.18
435ac659746adc7d,androidx/emoji2/text/DefaultEmojiCompatConfig,2,3,66.67
75339d0d8b59ee55,androidx/compose/runtime/RecomposeScopeImpl$Companion,2,36,5.56
548daeeba49333c1,androidx/compose/ui/graphics/drawscope/DrawContextKt,2,2,100.0
bde4382903d42b7e,androidx/compose/ui/semantics/SemanticsProperties$PaneTitle$1,2,5,40.0
c3083812252713bb,androidx/compose/foundation/lazy/LazyListState$prefetchScope$1,2,28,7.14
b38cc4c5f4e88e28,androidx/compose/foundation/lazy/layout/AndroidPrefetchScheduler$PrefetchRequestScopeImpl,2,9,22.22
7d78edcd70a6adb0,androidx/compose/material3/ContentColorKt$LocalContentColor$1,2,4,50.0
e02858e255ee8082,androidx/compose/ui/text/platform/SynchronizedObject,2,2,100.0
3cf5f4ffd4aa9176,androidx/compose/ui/node/ObserverNodeOwnerScope$Companion$OnObserveReadsChanged$1,2,6,33.33
5fad261e201c5459,androidx/compose/material3/adaptive/navigationsuite/ComposableSingletons$NavigationSuiteScaffoldKt$lambda$-1305500908$1,2,11,18.18
f3189ab692a9f50f,androidx/navigation/internal/NavBackStackEntryStateImpl$Companion,2,2,100.0
c716604fa2212b69,androidx/compose/ui/text/SaversKt$ColorSaver$1,2,9,22.22
3fc19f0734db3a3c,org/jetbrains/compose/resources/vector/BuildContext,2,3,66.67
653ce9c1d426b6ff,kotlinx/coroutines/flow/internal/SafeCollectorKt,2,3,66.67
a354cfbebaf71827,androidx/compose/runtime/retain/ForgetfulRetainedValuesStore,2,9,22.22
45dd96bb0ab6b79b,androidx/tracing/TraceApi18Impl,2,3,66.67
a0021914c79f10d5,androidx/concurrent/futures/AbstractResolvableFuture$Listener,2,2,100.0
6d7543dc99219902,androidx/core/view/DisplayCompat,2,70,2.86
7dfacf8d5ab92645,androidx/compose/ui/graphics/AndroidGraphicsContext$1,2,8,25.0
cc70c36c1b2e5abf,androidx/compose/runtime/ParcelableSnapshotMutableFloatState$Companion,2,3,66.67
eaf062d2640d628c,androidx/activity/ActivityFlags,2,2,100.0
3041dc71b8bf3a25,kotlin/io/FilesKt__UtilsKt,2,216,0.93
612fd4cc1991a2c5,androidx/compose/ui/platform/InspectionModeKt,2,2,100.0
0a2d9746c780f42e,androidx/concurrent/futures/AbstractResolvableFuture$Waiter,2,9,22.22
0ff3d612b6048123,com/kgurgul/cpuinfo/data/provider/CpuDataProvider$Companion,2,2,100.0
6198a120c4ce6abd,androidx/compose/ui/graphics/layer/LayerSnapshotV28,2,3,66.67
8cfd884707f2ed84,androidx/compose/foundation/layout/Arrangement$SpaceEvenly$1,2,9,22.22
e4d90f320a04af20,androidx/compose/ui/text/font/AndroidFontResolveInterceptor_androidKt,2,2,100.0
955ae8e737460428,androidx/compose/runtime/changelist/ComposerChangeListWriter$Companion,2,2,100.0
4d8c361163495603,androidx/compose/foundation/lazy/LazyListBeyondBoundsState,2,16,12.5
3243a4e5819999e6,androidx/compose/ui/platform/AndroidCompositionLocals_androidKt$obtainImageVectorCache$callbacks$1$1,2,7,28.57
617afb994022d41d,androidx/activity/ComponentActivity$Companion,2,2,100.0
4e4cbf66009c7f48,androidx/compose/runtime/external/kotlinx/collections/immutable/internal/EndOfChain,2,2,100.0
8cf2fd8b10a22f24,androidx/compose/foundation/lazy/LazyListItemProviderKt$rememberLazyListItemProviderLambda$1$1,2,2,100.0
b1c3760956521e8a,androidx/compose/material3/internal/DefaultPlatformTextStyle_androidKt,2,3,66.67
cd19af2e0502c810,androidx/compose/runtime/internal/Expect_jvmKt,2,2,100.0
ec8b1e1b3748caee,androidx/window/core/Bounds$Companion,2,3,66.67
14ebf74e1bf3372c,androidx/compose/ui/graphics/AndroidGraphicsContext$Companion,2,4,50.0
68759ea61a37439a,kotlinx/coroutines/channels/SendChannel$DefaultImpls,2,9,22.22
694c517ab06dc7d5,androidx/compose/foundation/pager/PagerState$pagerCacheWindow$1,2,4,50.0
7adb7a399bb854cd,androidx/compose/ui/graphics/Matrix$Companion,2,2,100.0
66c82bf432921009,androidx/compose/animation/ColorVectorConverterKt,2,2,100.0
4401045492125ded,androidx/compose/ui/window/AndroidPopup_androidKt$LocalPopupTestTag$1,2,4,50.0
d8813c9328ed034a,kotlinx/coroutines/AbstractTimeSourceKt,2,34,5.88
e08d353c8f3d1540,androidx/compose/ui/platform/CompositionLocalsKt$LocalClipboard$1,2,4,50.0
353509bf3f0fac48,androidx/compose/foundation/lazy/layout/LazyLayoutBeyondBoundsStateKt,2,32,6.25
63cb61b4be7993df,androidx/compose/runtime/snapshots/ReaderKind,2,25,8.0
dcd15964f8201276,androidx/compose/material3/TabIndicatorScope,2,4,50.0
cc998eab442689ea,androidx/datastore/DataStoreFile,2,2,100.0
559a27887bfd0611,kotlinx/coroutines/flow/ReadonlySharedFlow,2,4,50.0
2882dd08b8961d1b,androidx/lifecycle/viewmodel/CreationExtras$Companion,2,4,50.0
cf8948c383025443,com/kgurgul/cpuinfo/domain/observable/ProcessesDataObservable$Companion,2,2,100.0
c0f25e3c9c7c72f1,androidx/compose/foundation/gestures/ScrollableKt$UnityDensity$1,2,3,66.67
80c0bfe6b967160c,androidx/compose/ui/platform/InspectableValueKt$NoInspectorInfo$1,2,4,50.0
537ee8787e29b573,androidx/lifecycle/SavedStateViewModelFactory,2,73,2.74
8b8ca3a2dd378546,androidx/compose/runtime/internal/AtomicAwaitersCount$Companion,2,2,100.0
cfa9728aaa2e8764,androidx/compose/ui/platform/CompositionLocalsKt$LocalWindowInfo$1,2,4,50.0
279a31e8f46c5272,androidx/compose/ui/platform/CompositionLocalsKt$LocalAutofillTree$1,2,4,50.0
c74422592cf5b985,androidx/lifecycle/RepeatOnLifecycleKt,2,9,22.22
cc016298d4faaaf2,androidx/compose/ui/platform/AndroidCompositionLocals_androidKt$LocalView$1,2,4,50.0
224ef42c25d9a310,androidx/collection/LongSetKt,2,29,6.9
cb55903f55327ef6,androidx/compose/foundation/layout/RowScope,2,4,50.0
8cad4aa66e6998de,androidx/compose/foundation/lazy/layout/LazyLayoutBeyondBoundsProviderModifierNode$Companion,2,2,100.0
8bfc3af2ef83ae32,androidx/compose/ui/graphics/colorspace/ColorSpace$Companion,2,2,100.0
9aec701196aead58,org/koin/core/option/KoinOptionKt,2,3,66.67
95f6fd0f3ad74322,androidx/datastore/core/UnInitialized,2,2,100.0
32dbe0f71c867f9d,androidx/compose/foundation/lazy/LazyListStateKt$EmptyLazyListMeasureResult$1,2,7,28.57
6001310f01ed21ad,kotlin/coroutines/jvm/internal/CompletedContinuation,2,7,28.57
e1c709ee9c9125e3,kotlinx/coroutines/internal/Concurrent_commonKt,2,6,33.33
c903c98daf387ed6,androidx/compose/ui/text/input/TextInputServiceAndroid$onImeActionPerformed$1,2,4,50.0
c50df107576b3201,androidx/compose/ui/platform/CompositionLocalsKt$LocalSoftwareKeyboardController$1,2,4,50.0
c110dbe58abec127,androidx/compose/foundation/pager/PagerStateKt$EmptyLayoutInfo$1,2,7,28.57
6006dd3e388494ca,kotlinx/coroutines/Unconfined,2,7,28.57
d539d355610f76e4,androidx/concurrent/futures/AbstractResolvableFuture$AtomicHelper,2,2,100.0
9e063d348623d49d,androidx/compose/foundation/text/contextmenu/modifier/AddTextContextMenuDataComponentsNode,2,5,40.0
0f3a43373e0fc39e,androidx/compose/animation/EnterExitTransitionKt$TransformOriginVectorConverter$1,2,4,50.0
080b264250f7af23,kotlin/collections/AbstractMutableMap,2,8,25.0
0e54ca2e7b5c8eb9,androidx/compose/ui/platform/AndroidViewConfiguration,2,18,11.11
209528aa821b9b8b,androidx/compose/foundation/text/selection/SelectionContainerKt$SelectionContainer$lambda$10$0$$inlined$onDispose$1,2,5,40.0
3b76bd7f4c3f7b8e,com/kgurgul/cpuinfo/data/local/model/UserPreferences$Companion,2,2,100.0
b18b0636ae886888,co/touchlab/kermit/BaseLoggerKt,2,2,100.0
a9ffe937d0ae21a6,androidx/compose/runtime/MonotonicFrameClock,2,4,50.0
29da04db2c7610b4,androidx/compose/ui/node/ComposeUiNode$Companion$SetDensity$1,2,4,50.0
eba98c86043652c5,kotlin/coroutines/jvm/internal/RestrictedSuspendLambda,2,8,25.0
7444cfee935bb92f,androidx/compose/foundation/gestures/ScrollableNestedScrollConnection,2,27,7.41
7eca230ac89cc4bd,androidx/compose/ui/draganddrop/DragAndDropNode$Companion,2,2,100.0
b264b6254fb91a1b,androidx/activity/ComponentActivity$activityResultRegistry$1,2,39,5.13
c27088ac2bdf70ea,androidx/compose/ui/platform/ViewLayer$Companion$getMatrix$1,2,5,40.0
f11995ba7bdf8d75,androidx/compose/foundation/layout/WindowInsets$Companion,2,2,100.0
6d61a5550b98f1a2,kotlin/SafePublicationLazyImpl$Companion,2,2,100.0
7528f91035994bb6,androidx/compose/foundation/pager/PagerState$_scrollIndicatorState$1,2,5,40.0
913611d6acac5e54,androidx/activity/EdgeToEdge$enableEdgeToEdge$1$2,2,4,50.0
d6066d4912521b02,androidx/compose/runtime/ForgottenCoroutineScopeException,2,2,100.0
f89f6f2ca3e4c668,kotlinx/coroutines/flow/internal/ChildCancelledException,2,3,66.67
fd3990d8e7c67873,androidx/compose/material3/adaptive/navigationsuite/ComposableSingletons$NavigationSuiteScaffoldKt$lambda$568924554$1,2,11,18.18
491bd560d56c3b95,kotlin/jvm/internal/AdaptedFunctionReference,2,37,5.41
87ef8accb559aafd,androidx/compose/ui/node/ComposeUiNode$Companion$SetViewConfiguration$1,2,4,50.0
5e463c46cd69ddd8,androidx/datastore/core/InterProcessCoordinatorKt,2,2,100.0
3df7af1ccb7cab25,androidx/compose/runtime/internal/SnapshotThreadLocalKt,2,2,100.0
655a9efa7759fe4f,androidx/compose/ui/platform/WindowRecomposer_androidKt$getAnimationScaleFlowFor$1$1$contentObserver$1,2,3,66.67
2f432ee59550664f,androidx/compose/ui/platform/CompositionLocalsKt$LocalAutofill$1,2,4,50.0
b2e207d8bb9abc65,kotlin/ULong$Companion,2,2,100.0
8ffec7d9f253e891,androidx/compose/ui/node/LayoutModifierNode$maxIntrinsicHeight$1,2,2,100.0
62a032c057c2154c,androidx/lifecycle/ProcessLifecycleOwner$initializationListener$1,2,5,40.0
3906f5b886f67941,kotlin/enums/EnumEntriesKt,2,6,33.33
ab234f44bc8e0bf7,androidx/compose/ui/unit/DpOffset$Companion,2,4,50.0
3dcbf17ee86fb7c4,androidx/collection/ObjectFloatMapKt,2,48,4.17
8bafb2984f6fc56e,androidx/compose/ui/input/pointer/PointerInputChangeEventProducer,2,35,5.71
216a537bcc5a0d08,androidx/compose/ui/platform/CompositionLocalsKt$LocalFocusManager$1,2,4,50.0
d286b9a67e8de6e1,androidx/compose/ui/semantics/SemanticsProperties$ContentType$1,2,4,50.0
0d51995f92687533,com/kgurgul/cpuinfo/domain/observable/CpuDataObservable$Companion,2,2,100.0
18e07ea2f183c4a9,androidx/compose/ui/unit/fontscaling/FontScaleConverterTable$Companion,2,15,13.33
2d72b1197a74f59e,androidx/compose/foundation/layout/ColumnScopeInstance,2,14,14.29
459fe42217206515,kotlin/collections/builders/ListBuilder$Companion,2,2,100.0
fd12c3d118501507,androidx/lifecycle/viewmodel/compose/ViewModelKt,2,8,25.0
b34a619862c68381,androidx/compose/foundation/layout/Arrangement$Vertical,2,4,50.0
a0064a7b054a9ca8,androidx/compose/ui/graphics/AndroidColorSpace_androidKt,2,4,50.0
3d94120e21a39d81,androidx/compose/foundation/lazy/LazyListState$_scrollIndicatorState$1,2,5,40.0
4b16ecc15fbecbd3,kotlin/jvm/internal/Lambda,2,3,66.67
25e31d85de951549,androidx/compose/ui/node/OwnerSnapshotObserver$onCommitAffectingLookaheadMeasure$1,2,7,28.57
1fe8d5e85df6e43d,androidx/compose/ui/hapticfeedback/PlatformHapticFeedback,2,19,10.53
907d1d8291036f33,androidx/navigation/NavGraph$Companion,2,10,20.0
4c55a934606916d1,androidx/compose/ui/text/platform/DispatcherKt,2,2,100.0
d026e858333b38a5,androidx/compose/runtime/saveable/SaverKt,2,5,40.0
dbb7093aa08ee1e7,androidx/lifecycle/ViewModelProvider$NewInstanceFactory$Companion,2,7,28.57
c43bf10833df3507,androidx/compose/ui/platform/CompositionLocalsKt$LocalAutofillManager$1,2,4,50.0
fe5d04b0b7c69ec7,androidx/activity/ViewTreeOnBackPressedDispatcherOwner,2,11,18.18
5641886f29bc247d,androidx/compose/ui/graphics/layer/GraphicsLayer$drawBlock$1,2,4,50.0
936b60307e2a3e8f,androidx/compose/foundation/FocusableNode$TraverseKey,2,2,100.0
28360bafa413b391,androidx/compose/foundation/text/contextmenu/internal/AndroidTextContextMenuToolbarProvider_androidKt$platformTextContextMenuToolbarProvider$lambda$1$0$$inlined$onDispose$1,2,4,50.0
8c9ffe30bf3b79b9,androidx/compose/runtime/external/kotlinx/collections/immutable/ExtensionsKt,2,270,0.74
7377613eed0b6b72,androidx/compose/animation/EnterExitTransitionKt$TransformOriginVectorConverter$2,2,4,50.0
fb2bd879bccc8ba2,androidx/compose/ui/platform/AndroidFontResourceLoader,2,8,25.0
7718d55f0f923991,androidx/navigation/NavGraphNavigator$Companion,2,2,100.0
4e6dc18ba76b1cf7,androidx/compose/runtime/snapshots/SnapshotId_jvmKt,2,41,4.88
c659aad61864806f,androidx/compose/ui/layout/ScaleFactor$Companion,2,4,50.0
bcab4256d1a4fbd4,androidx/compose/foundation/text/ClipboardEventsHandler_jvmKt$rememberClipboardEventsHandler$1,2,4,50.0
0b3990fa3e72d10c,androidx/compose/foundation/text/contextmenu/provider/BasicTextContextMenuProviderKt$basicTextContextMenuProvider$lambda$1$0$$inlined$onDispose$1,2,4,50.0
2e93fed9a9e98d77,androidx/compose/ui/semantics/ScrollAxisRange,2,10,20.0
866305c58ada7d99,kotlinx/coroutines/flow/internal/NoOpContinuation,2,4,50.0
b01d43e589914e8c,androidx/compose/ui/platform/CompositionLocalsKt$LocalFontFamilyResolver$1,2,4,50.0
9f8d5709dc83a0e0,androidx/compose/ui/node/OnPositionedDispatcher$Companion,2,2,100.0
f31afa47fac5e76d,androidx/compose/ui/platform/CompositionLocalsKt$LocalHapticFeedback$1,2,4,50.0
e529eb4ec5cd1eaa,com/getkeepsafe/relinker/ReLinker,2,8,25.0
6c8f53d9d0a6baf9,androidx/compose/runtime/internal/PlatformOptimizedCancellationException_jvmKt,2,2,100.0
ca1c923fed50807f,androidx/compose/animation/AnimatedContentKt$AnimatedContent$6$1$5$1$1$invoke$$inlined$onDispose$1,2,5,40.0
308b66bae872eb51,androidx/compose/ui/autofill/AutofillManager,2,2,100.0
a917f26bd1e2df82,androidx/compose/foundation/ScrollState$_scrollIndicatorState$1,2,5,40.0
a1f13661ce20ccf3,androidx/compose/foundation/lazy/layout/LazyLayoutItemContentFactory$CachedItemContent$createContentLambda$lambda$0$0$0$$inlined$onDispose$1,2,4,50.0
516fe9b4d2211fb0,androidx/core/view/WindowInsetsAnimationCompat$Callback,2,5,40.0
d0d5beeb6faad4fe,androidx/emoji2/text/DefaultEmojiCompatConfig$DefaultEmojiCompatConfigHelper_API19,2,3,66.67
ee1b6740c01bbcca,androidx/navigation/compose/NavHostKt$NavHost$lambda$69$lambda$68$$inlined$onDispose$1,2,8,25.0
e281a75147059778,androidx/compose/runtime/PausableMonotonicFrameClock$withFrameNanos$1,2,2,100.0
508954b8b95a28df,androidx/compose/animation/CrossfadeKt$Crossfade$5$1$invoke$$inlined$animateFloat$1,2,2,100.0
e9b32192cfc4d23a,kotlinx/coroutines/flow/FlowKt__BuildersKt,2,28,7.14
2c694b0bba010886,kotlinx/coroutines/android/HandlerDispatcher,2,4,50.0
2ac6e1a8c8e73676,androidx/compose/material3/adaptive/Posture,2,18,11.11
dc41966b02619e69,androidx/compose/foundation/lazy/layout/LazyLayoutItemReusePolicy,2,12,16.67
1f2aa8302652e77d,kotlin/UInt$Companion,2,2,100.0
32927c912126196a,androidx/compose/ui/semantics/SemanticsProperties$IsPopup$1,2,5,40.0
d368395e8d4a1118,kotlinx/coroutines/sync/SemaphoreSegment,2,16,12.5
d7444d3669aa65b6,androidx/compose/ui/text/input/TextFieldValue$Companion,2,3,66.67
1b1c44bc66512f8f,kotlinx/serialization/descriptors/StructureKind$CLASS,2,2,100.0
e9e2786cd3ea14c6,androidx/compose/ui/layout/PinnableContainerKt,2,2,100.0
372e71c48b0b1b59,androidx/compose/runtime/external/kotlinx/collections/immutable/internal/MutabilityOwnership,2,2,100.0
4fc5a27c6e58555e,androidx/compose/runtime/snapshots/SnapshotApplyResult$Success,2,4,50.0
3b9ff7ef2fd9d571,androidx/compose/ui/text/ParagraphIntrinsicsKt,2,25,8.0
2e050d4a205db5f2,androidx/compose/runtime/retain/LocalRetainedValuesStoreKt,2,42,4.76
a0f1efb487cf7e6d,androidx/compose/ui/node/LayoutNode$NoIntrinsicsMeasurePolicy,2,14,14.29
fe904a881ca05e4c,androidx/compose/ui/node/OwnerSnapshotObserver$onCommitAffectingLayout$1,2,7,28.57
455be6fbcdb35904,androidx/compose/ui/node/LayoutNode$Companion$ErrorMeasurePolicy$1,2,5,40.0
646dd20f3f671e1d,kotlinx/serialization/descriptors/SerialKind,2,4,50.0
c54307ae98848d49,androidx/compose/runtime/tooling/CompositionErrorContextImpl$Key,2,3,66.67
abf16340989b8769,androidx/compose/foundation/layout/ConsumedInsetsModifierNode,2,5,40.0
c75224598fd95b96,androidx/emoji2/text/EmojiCompatInitializer$BackgroundDefaultConfig,2,2,100.0
8cc1c578fffae10c,androidx/compose/ui/text/platform/EmojiCompatStatus_androidKt,2,2,100.0
6cc85028db319082,com/kgurgul/cpuinfo/utils/AndroidShortcutManager$createShortcuts$1,2,2,100.0
b1e36e995f003722,androidx/compose/ui/text/font/DefaultFontFamily,2,3,66.67
ba7eb7d0068c5c56,kotlin/coroutines/ContinuationKt,2,24,8.33
ca7122b39c8a23c6,kotlinx/coroutines/CancelHandler$UserSupplied,2,3,66.67
c10cc4b48198f382,androidx/compose/ui/graphics/colorspace/Adaptation$Companion$Bradford$1,2,3,66.67
00646a83a80cb54e,androidx/compose/foundation/text/contextmenu/modifier/ToolbarRequesterImpl,2,8,25.0
5d529b831bed6a85,androidx/compose/foundation/shape/DpCornerSize,2,17,11.76
8529ace381f67fe3,androidx/compose/foundation/lazy/layout/DefaultLazyKey$Companion,2,3,66.67
e0365c0ce7f14c29,kotlin/collections/ArrayDeque$Companion,2,2,100.0
295d17e2ab19624f,androidx/compose/foundation/text/contextmenu/modifier/TextContextMenuGestureNode$Companion,2,2,100.0
d99579e66e2c99b4,androidx/compose/foundation/gestures/snapping/PagerSnapLayoutInfoProviderKt$SnapLayoutInfoProvider$1,2,85,2.35
62ede865c8119576,androidx/compose/runtime/ProduceStateScopeImpl,2,27,7.41
5a60ccfd8798a6fa,androidx/compose/foundation/pager/LazyLayoutPagerKt$rememberPagerItemProviderLambda$1$1,2,2,100.0
8f0db67d1a065b5d,androidx/lifecycle/ViewModelProvider$AndroidViewModelFactory$Companion,2,7,28.57
22b6627a33424bba,kotlinx/coroutines/scheduling/TaskImpl,2,3,66.67
d1e043aadb445134,androidx/compose/ui/layout/OnGloballyPositionedNode,2,4,50.0
58170564a898eda8,androidx/compose/foundation/layout/Arrangement$SpaceAround$1,2,9,22.22
e913675bc0a096be,androidx/compose/runtime/ScopeInvalidated,2,2,100.0
eafb8af0b8b240d6,androidx/navigation/ActivityNavigator$Companion,2,16,12.5
50363db7d83eadcd,androidx/compose/ui/layout/HorizontalAlignmentLine,2,2,100.0
9665088eeed388be,androidx/core/view/ViewCompat$AccessibilityPaneVisibilityManager,2,40,5.0
e5239d8c3fe09fdf,androidx/compose/material3/adaptive/navigationsuite/ComposableSingletons$NavigationSuiteScaffoldKt$lambda$-1548300991$1,2,11,18.18
b3e5af0f31ae35d5,androidx/compose/runtime/snapshots/MutableSnapshot$Companion,2,2,100.0
a9a46f27a95db774,androidx/compose/ui/platform/AndroidComposeViewAccessibilityDelegateCompat$Companion,2,2,100.0
e4c668021a6a8e15,org/koin/core/module/dsl/OptionDSLKt,2,53,3.77
49f95a53939b38f1,org/koin/core/qualifier/QualifierKt,2,19,10.53
2e0a2cf7ac6b364e,androidx/compose/ui/platform/CompositionLocalsKt$LocalViewConfiguration$1,2,4,50.0
4a6ac7af8ab43e78,androidx/compose/runtime/collection/MutableVectorKt,2,36,5.56
274f5cc83eac9c02,androidx/compose/ui/node/LayoutAwareModifierNode,2,2,100.0
2c3f3b1a3347fd5b,androidx/compose/ui/platform/CompositionLocalsKt$LocalLayoutDirection$1,2,4,50.0
522ff3130c2e945a,androidx/compose/animation/core/TransitionKt$rememberTransition$lambda$2$0$$inlined$onDispose$1,2,4,50.0
23b83acfacda2cfd,androidx/compose/ui/node/DepthSortedSetKt,2,2,100.0
1317b608a4bb98f2,androidx/compose/ui/graphics/colorspace/Lab,2,108,1.85
50ad636df071dad7,androidx/compose/ui/node/LookaheadCapablePlaceable$Companion,2,2,100.0
410771e9feb8773c,androidx/compose/ui/semantics/SemanticsProperties$ContentDescription$1,2,9,22.22
5ec0bd17e4ed5e56,co/touchlab/kermit/DefaultFormatter,2,5,40.0
f030263e05678a1b,androidx/compose/ui/focus/FocusRequester$Companion,2,6,33.33
1d7268168a2e4631,androidx/compose/ui/contentcapture/AndroidContentCaptureManager$Companion,2,2,100.0
5b7a331cb61247ed,androidx/compose/material3/adaptive/navigationsuite/ComposableSingletons$NavigationSuiteScaffoldKt$lambda$895267259$1,2,11,18.18
d2024fb485712167,androidx/compose/runtime/snapshots/ReaderKind$Companion,2,8,25.0
157cad957d54fc0d,androidx/compose/ui/graphics/vector/VectorComponent$invalidateCallback$1,2,4,50.0
93cfaee534e2700e,kotlinx/serialization/modules/SerialModuleImpl,2,65,3.08
3f5af06de0bbd663,androidx/compose/foundation/layout/Arrangement$Top$1,2,3,66.67
7167cdcedabf1fe0,androidx/compose/ui/platform/AndroidAccessibilityManager$Companion,2,2,100.0
5a7165c44bedada7,kotlin/text/MatcherMatchResult$groups$1,2,18,11.11
9905d741640f9055,kotlinx/serialization/encoding/Encoder,2,21,9.52
4723b16ea72f8b44,androidx/compose/ui/semantics/SemanticsProperties$FillableData$1,2,4,50.0
cf766c9086acff0f,kotlin/jvm/internal/ArrayIteratorKt,2,2,100.0
45478f162bc5bbda,androidx/compose/ui/platform/AndroidCompositionLocals_androidKt$LocalResourceIdCache$1,2,4,50.0
aea96a21d474aa8f,androidx/compose/animation/EnterTransitionImpl,2,2,100.0
342ddbf0fe9b0bc7,org/koin/core/context/DefaultContextExtKt,2,15,13.33
d134d737fe72a2de,kotlin/ranges/IntProgression$Companion,2,3,66.67
ef1274f64343c215,androidx/emoji2/text/EmojiCompat$CompatInternal19$1,2,3,66.67
a1fc59afbb84b96c,androidx/activity/compose/internal/BackHandlerCompat$navigationEventHandler$1,2,6,33.33
41e1f67d1792faca,androidx/compose/material3/pulltorefresh/PullToRefreshModifierNode$animateToHidden$1,2,2,100.0
a79ed9a38a79ee9d,androidx/navigationevent/NavigationEventTransitionState$Companion,2,2,100.0
cf6a51be1bb1bf95,androidx/compose/ui/platform/AndroidCompositionLocals_androidKt$LocalContext$1,2,4,50.0
e7d386b16def7787,androidx/compose/runtime/LeftCompositionCancellationException,2,2,100.0
62370a0290f683c8,androidx/compose/animation/LayoutModifierNodeWithPassThroughIntrinsics,2,6,33.33
a94eb161ad8d6eb1,kotlin/jvm/internal/FunctionReferenceImpl,2,6,33.33
c1f4391eee420db1,androidx/compose/ui/graphics/GraphicsLayerScopeKt,2,19,10.53
f3bfeff27c7f1b2d,androidx/compose/ui/graphics/layer/GraphicsLayer$Companion,2,2,100.0
f31d19aa2d937c11,androidx/compose/ui/graphics/colorspace/Adaptation$Companion$Ciecat02$1,2,3,66.67
5cd25e901aa303db,androidx/compose/runtime/tooling/CompositionErrorContextImpl,2,10,20.0
f76761ddae4f23cf,androidx/compose/ui/internal/PlatformOptimizedCancellationException_jvmKt,2,2,100.0
3e5418ce3ed5430a,androidx/compose/ui/platform/CompositionLocalsKt$LocalGraphicsContext$1,2,4,50.0
d5fd00ae39033715,androidx/navigation/NavUriKt,2,2,100.0
2185b6a556cb5aa1,androidx/compose/runtime/DisposableEffectScope,2,4,50.0
ba09a7c8104cf6c0,androidx/compose/runtime/saveable/SaveableStateRegistryImpl$registerProvider$3,2,13,15.38
b563746ed94a6318,androidx/compose/foundation/ComposeFoundationFlags,2,12,16.67
e3ec0adb8030127d,androidx/compose/foundation/text/ClipboardEventsHandler_jvmKt$rememberClipboardEventsHandler$3,2,4,50.0
ca9075040ef24ae4,androidx/compose/ui/input/pointer/AndroidPointerIconType,2,11,18.18
7594e65508be40eb,kotlin/ranges/IntRange$Companion,2,3,66.67
f0f341d16b98612f,androidx/compose/ui/draganddrop/DragAndDropNode$Companion$DragAndDropTraversableKey,2,2,100.0
e165f3343aa6936e,androidx/compose/ui/node/LookaheadCapablePlaceable$Companion$onCommitAffectingRuler$1,2,7,28.57
429a075353a7edcf,androidx/collection/IntIntMapKt,2,48,4.17
37cd329cddd8632c,androidx/compose/foundation/text/contextmenu/modifier/AddTextContextMenuDataComponentsWithContextNode,2,5,40.0
da2b461d36cdf14b,androidx/compose/animation/Fade,2,19,10.53
545ecb1ed73133b5,co/touchlab/kermit/CommonWriter,2,11,18.18
60bb78dd109ef312,androidx/compose/foundation/lazy/layout/LazyLayoutKt$LazyLayout$lambda$1$2$0$$inlined$onDispose$1,2,6,33.33
06b0b0150e588311,androidx/compose/ui/window/AndroidPopup_androidKt$LocalIsInPopupLayout$1,2,4,50.0
98c919105d6b8086,androidx/compose/ui/graphics/Brush$Companion,2,152,1.32
9ed54d8b6c57e34b,kotlinx/coroutines/internal/LockFreeLinkedListHead,2,11,18.18
4eb81de46694e99f,androidx/compose/ui/platform/AndroidCompositionLocals_androidKt$obtainResourceIdCache$1$1$invoke$$inlined$onDispose$1,2,4,50.0
e29a36ec336b3b70,androidx/compose/foundation/gestures/DefaultScrollableState$scrollScope$1,2,10,20.0
fec21821df0b659a,androidx/compose/ui/graphics/colorspace/Xyz,2,66,3.03
8a71c11d9a68ed7c,androidx/compose/ui/node/SemanticsModifierNode,2,3,66.67
46599fce5dc018de,androidx/compose/foundation/layout/UnionInsetsConsumingModifierNode,2,6,33.33
862a3938bab65928,androidx/compose/foundation/lazy/layout/LazyLayoutPinnableItemKt$LazyLayoutPinnableItem$lambda$1$0$$inlined$onDispose$1,2,4,50.0
6fc34afd2cd39562,androidx/compose/foundation/text/TextDelegateKt,2,33,6.06
047de96165833405,androidx/lifecycle/LifecycleOwnerKt,2,2,100.0
5d6e56dc565f4171,androidx/compose/ui/graphics/AndroidMatrixConversions_androidKt,2,4,50.0
0967036114012298,androidx/compose/ui/text/SaversKt$ColorSaver$2,2,7,28.57
d83c4fdc19c3928e,androidx/navigation/compose/DialogNavigator$Companion,2,2,100.0
f6c94f3ae5adc0f1,org/koin/mp/KoinPlatformTools_jvmKt,2,2,100.0
4b5456d67959b86e,androidx/compose/runtime/ParcelableSnapshotMutableLongState$Companion,2,3,66.67
76545ab32334b36f,androidx/compose/ui/semantics/SemanticsProperties$Role$1,2,4,50.0
afa81c2d0228ccad,androidx/compose/foundation/gestures/ScrollableContainerNode$TraverseKey,2,2,100.0
2d53de7d71b53f8b,androidx/compose/ui/node/NodeCoordinator$Companion,2,4,50.0
364f2251e834613d,androidx/compose/ui/semantics/SemanticsProperties$InvisibleToUser$1,2,4,50.0
46f8732d2f3867cc,androidx/core/view/DisplayCutoutCompat,2,67,2.99
4f9b0521f60f0188,kotlinx/coroutines/scheduling/CoroutineScheduler$Companion,2,2,100.0
324978295df50ac8,kotlin/Unit,2,3,66.67
4a28c88978ed4721,androidx/compose/foundation/layout/Arrangement$Horizontal,2,4,50.0
0f802a0e9373ab84,androidx/compose/animation/core/TransitionKt$updateTransition$lambda$1$0$$inlined$onDispose$1,2,4,50.0
b6f464d811a15ef1,androidx/compose/ui/graphics/RectangleShapeKt,2,3,66.67
e70d9acb66f366a5,androidx/compose/runtime/ParcelableSnapshotMutableIntState$Companion,2,3,66.67
cb3df007ebeecd06,androidx/compose/ui/ComposeUiFlags,2,23,8.7
c12548798c2ab88e,kotlin/collections/CollectionsKt___CollectionsJvmKt,2,68,2.94
94e14d8bf8521f2b,androidx/compose/ui/platform/IndirectPointerNavigationGestureDetector$gestureDetector$1,2,30,6.67
0c9240f2ba86c8fa,androidx/lifecycle/compose/LifecycleStartStopEffectScope,2,5,40.0
34f05efa8ff73ba3,androidx/navigation/internal/NavControllerImpl$Companion,2,2,100.0
0ed18bed02ed19b0,androidx/compose/ui/draw/DrawModifierKt,2,4,50.0
71b351feed75f3b5,androidx/compose/ui/node/InnerNodeCoordinator$Companion,2,3,66.67
ee4cc7fb9b8d0ca5,androidx/compose/material3/ComposableSingletons$ScaffoldKt$lambda$-39202156$1,2,11,18.18
d6f504eded6501cc,androidx/compose/ui/graphics/drawscope/EmptyCanvas,2,26,7.69
98c0284ed843367e,androidx/compose/ui/platform/AndroidCompositionLocals_androidKt$ProvideAndroidCompositionLocals$1$1$invoke$$inlined$onDispose$1,2,4,50.0
c56db809031ec0c0,androidx/window/layout/util/DensityCompatHelperBaseImpl,2,5,40.0
15ba14e28bc5b451,kotlinx/coroutines/flow/internal/ChannelFlowTransformLatest$flowCollect$3$1$emit$1,2,2,100.0
6124c21f0f91d249,androidx/lifecycle/ViewModelProvider$Factory$Companion,2,4,50.0
c24182777c2522fa,androidx/compose/ui/semantics/CollectionInfo,2,12,16.67
bb6f44f575217449,androidx/compose/runtime/RememberedCoroutineScope$Companion,2,2,100.0
23a8a5b5ffd826c6,kotlin/jvm/internal/FloatCompanionObject,2,14,14.29
01dd2927e327f4d2,kotlin/jvm/internal/IntCompanionObject,2,4,50.0
12d3c4a7212f887e,androidx/compose/ui/draw/ClipKt,2,2,100.0
8f14cdaaa641bbcf,androidx/navigation/NavDeepLink$Companion,2,2,100.0
65647f7b4493e1bd,androidx/compose/ui/text/SaversKt$NonNullValueClassSaver$1,2,4,50.0
8dcf719b3848bb7c,androidx/compose/ui/geometry/RoundRect$Companion,2,4,50.0
2cc65c4f8999e675,androidx/compose/foundation/layout/RowColumnMeasurePolicy,2,4,50.0
5a7aa1cab2ca160a,androidx/compose/ui/platform/InfiniteAnimationPolicy$Key,2,2,100.0
a8f40cdaef14f44e,com/kgurgul/cpuinfo/features/information/InfoContainerViewModel$Companion,2,2,100.0
8b0f0500a4d2f55f,androidx/lifecycle/compose/FlowExtKt$collectAsStateWithLifecycle$1$1$1$1,2,2,100.0
4a9f0600f951ca4d,androidx/compose/animation/core/SeekableTransitionState$Companion,2,4,50.0
34fbc0aa579bbc42,androidx/compose/runtime/CancelledCoroutineContext,2,7,28.57
0ae3e385b515c3cb,androidx/compose/ui/platform/CompositionLocalsKt$LocalCursorBlinkEnabled$1,2,4,50.0
cb68bd3f57551ec0,androidx/compose/runtime/internal/AwaiterQueue$Awaiter,2,2,100.0
1e4ebc21ffa84237,androidx/compose/ui/semantics/SemanticsActions$CustomActions$1,2,7,28.57
2d73a971ed5b0949,androidx/compose/foundation/text/selection/SelectionManager$onClearSelectionRequested$1,1,3,33.33
684c2a79904df258,androidx/emoji2/text/EmojiCompat$CompatInternal,1,10,10.0
ab3a14c16be8b43c,androidx/compose/ui/layout/ContentScale$Companion$Crop$1,1,5,20.0
1268d884ad51478d,androidx/core/view/WindowInsetsCompat$Impl29,1,16,6.25
792bdd592024642d,androidx/compose/ui/layout/ContentScale,1,1,100.0
11547f9a2b14455c,kotlin/TuplesKt,1,5,20.0
c2d51a3e352d8d59,androidx/compose/foundation/FocusableNode$focusTargetNode$1,1,3,33.33
76e08a9e2227bee3,kotlinx/coroutines/DebugStringsKt,1,15,6.67
07485cc3680a933a,kotlinx/coroutines/flow/FlowKt__LimitKt$dropWhile$1$1$emit$1,1,2,50.0
307968915dc9c5e6,androidx/compose/material3/adaptive/AndroidWindowAdaptiveInfo_androidKt$collectFoldingFeaturesAsState$lambda$2$$inlined$map$1$2$1,1,2,50.0
a598a2be3a731dbd,androidx/compose/foundation/text/modifiers/TextAnnotatedStringNodeKt,1,1,100.0
b3354fab62789e0b,androidx/compose/animation/core/DecayAnimationSpecKt,1,17,5.88
818673000aae192f,com/getkeepsafe/relinker/ApkLibraryInstaller,1,112,0.89
6f42825bb48898bb,com/kgurgul/cpuinfo/domain/DomainModuleKt$domainModule$lambda$0$$inlined$factoryOf$default$17,1,5,20.0
931d67ce2887dd66,androidx/compose/ui/node/LayoutNode$Companion$DummyViewConfiguration$1,1,6,16.67
e18b25be29fd8c89,androidx/compose/animation/AnimatedVisibilityKt$AnimatedEnterExitImpl$4,1,3,33.33
2da61c4a8e323e97,androidx/datastore/core/FileStorageConnection$readScope$1,1,2,50.0
a8fe6d992126051c,androidx/compose/foundation/FocusableNode$applySemantics$1,1,3,33.33
fb9dea51f39523d1,androidx/compose/runtime/PrimitiveSnapshotStateKt,1,3,33.33
3acdee8d90a7c54e,androidx/collection/MutableLongList,1,157,0.64
bc0344d4ec06b518,kotlinx/coroutines/flow/FlowKt__ReduceKt$first$$inlined$collectWhile$2$1,1,2,50.0
63bbb9863d840669,com/kgurgul/cpuinfo/di/ViewModelModuleKt$viewModelModule$lambda$0$$inlined$viewModelOf$default$4,1,6,16.67
6eae27fa55b49d16,androidx/activity/EdgeToEdgeApi28,1,3,33.33
fe1e57567a9a11d6,androidx/compose/ui/layout/MultiContentMeasurePolicyKt,1,1,100.0
863478a8e7851b22,androidx/compose/foundation/lazy/layout/TraversablePrefetchStateNode,1,5,20.0
472af8da759e0850,androidx/datastore/core/DataStoreImpl$readDataOrHandleCorruption$1,1,2,50.0
fc3e18ae060d20d0,androidx/compose/ui/unit/LinearFontScaleConverter,1,14,7.14
ebfece83de0a592f,androidx/compose/ui/platform/AndroidCompositionLocals_androidKt$ProvideAndroidCompositionLocals$3,1,3,33.33
4bddd0192efc3767,androidx/compose/material3/RippleNodeFactory$create$colorProducer$1,1,2,50.0
fdae25d377954d9a,androidx/compose/runtime/RecomposeScopeImplKt,1,1,100.0
eb0838804daa9ca9,androidx/compose/runtime/collection/ScatterSetWrapperKt,1,50,2.0
d4bbb3627e3e1b40,androidx/compose/ui/node/NodeCoordinator$Companion$SemanticsSource$1,1,12,8.33
569d10f8bc78b8ae,androidx/core/os/HandlerCompat$Api28Impl,1,4,25.0
2a0c301df5884d2c,com/kgurgul/cpuinfo/domain/DomainModuleKt$domainModule$lambda$0$$inlined$factoryOf$default$14,1,6,16.67
16e4ed30437eda14,androidx/compose/foundation/gestures/BringIntoViewSpec$Companion$DefaultBringIntoViewSpec$1,1,1,100.0
0b0fb076de274795,androidx/compose/foundation/gestures/snapping/PagerSnapLayoutInfoProviderKt,1,49,2.04
356148330d9e121c,androidx/compose/material3/WideNavigationRail_androidKt,1,96,1.04
67ad1fdac45f7ef9,kotlinx/coroutines/flow/FlowKt__ErrorsKt$catchImpl$1,1,2,50.0
9724da2d247d4b91,androidx/core/util/ObjectsCompat,1,13,7.69
5f13b9484f212b93,kotlinx/coroutines/MainCoroutineDispatcher,1,12,8.33
06e21ab4c08a3e29,androidx/compose/foundation/gestures/BringIntoViewSpec_androidKt$PivotBringIntoViewSpec$1,1,11,9.09
2acd2e630bba0c0c,androidx/window/layout/util/DensityCompatHelper,1,1,100.0
c96b8db81c69fba4,com/kgurgul/cpuinfo/domain/DomainModuleKt$domainModule$lambda$0$$inlined$factoryOf$default$7,1,6,16.67
1ee80883889d5dd4,androidx/compose/ui/layout/RectRulers,1,1,100.0
95f8e4dadfe0ade8,kotlin/jvm/internal/Ref$BooleanRef,1,2,50.0
656a4dd5d696fd1c,androidx/compose/ui/platform/ViewRootForTest,1,1,100.0
0bbd233451aeba44,androidx/compose/ui/node/ComposeUiNode,1,1,100.0
d9d332f0542a3c6e,kotlinx/coroutines/flow/AbstractFlow$collect$1,1,2,50.0
86cf9e1c23f07849,androidx/arch/core/internal/SafeIterableMap$SupportRemove,1,1,100.0
eea6c61f580f7325,kotlin/jvm/internal/MutablePropertyReference,1,3,33.33
3b4aac84bb218f77,androidx/window/layout/WindowInfoTracker,1,16,6.25
1a0cce02ba01cdbd,kotlin/collections/IntIterator,1,4,25.0
3989c6d3c61b5afa,androidx/compose/ui/platform/coreshims/ViewCompatShims$Api30Impl,1,2,50.0
6aea9676f06f8f4f,com/kgurgul/cpuinfo/domain/DomainModuleKt$domainModule$lambda$0$$inlined$factoryOf$default$13,1,6,16.67
a5a98bef36ef9b16,androidx/compose/ui/focus/FocusRequesterModifierKt,1,1,100.0
3c9ae556a76c9d7a,kotlinx/coroutines/flow/DistinctFlowImpl$collect$2$emit$1,1,2,50.0
a45e84ded0db73a2,androidx/emoji2/text/EmojiCompat$DefaultSpanFactory,1,2,50.0
ae92dfd041e5349f,androidx/compose/animation/core/MutatorMutex$Mutator,1,7,14.29
33eac87d5c82435b,kotlin/coroutines/jvm/internal/SpillingKt,1,1,100.0
e1db842ebe6b7fc5,androidx/compose/ui/platform/DisposableSaveableStateRegistry_androidKt$DisposableSaveableStateRegistry$1,1,6,16.67
1ab427acd86f211b,androidx/compose/ui/platform/AndroidComposeViewAccessibilityDelegateCompat$ComposeAccessibilityNodeProvider,1,18,5.56
5be59cfd786bdb07,androidx/compose/runtime/SnapshotLongState_androidKt,1,1,100.0
5800c6bf0fe515db,androidx/tracing/TraceApi29Impl,1,5,20.0
10a449fb462e1bf9,androidx/savedstate/SavedStateWriterKt,1,1,100.0
c0ac7e48cb345142,androidx/compose/ui/text/font/FontListFontFamilyTypefaceAdapter$special$$inlined$CoroutineExceptionHandler$1,1,2,50.0
d2b15ce671701bfc,androidx/compose/animation/core/VectorizedFiniteAnimationSpec,1,5,20.0
bbf474c0ec492795,androidx/compose/ui/text/input/TextInputServiceAndroid_androidKt,1,59,1.69
07ae1795199c0cb4,androidx/datastore/core/StorageConnectionKt,1,3,33.33
c1bc329b441d1268,androidx/compose/ui/graphics/vector/VectorPainter$vector$1$1,1,3,33.33
ce2600d1898d62f9,androidx/compose/foundation/pager/PagerBringIntoViewSpec,1,31,3.23
1aea0e30177f262d,androidx/compose/foundation/lazy/layout/LazyLayoutItemProvider,1,3,33.33
5647de211bb5b64b,androidx/compose/animation/AnimatedVisibilityKt$AnimatedVisibility$4,1,3,33.33
352d8db80b685654,org/koin/core/logger/EmptyLogger,1,2,50.0
9ab449219ca08ada,com/kgurgul/cpuinfo/domain/DomainModuleKt$domainModule$lambda$0$$inlined$factoryOf$default$5,1,6,16.67
65a2fff19975e6dd,androidx/compose/ui/text/android/style/LineHeightStyleSpan_androidKt,1,1,100.0
1745cc0163cdde8c,androidx/emoji2/text/DefaultEmojiCompatConfig$DefaultEmojiCompatConfigHelper_API28,1,2,50.0
de2d4687cb32f585,com/kgurgul/cpuinfo/di/ViewModelModuleKt$viewModelModule$lambda$0$$inlined$viewModelOf$default$14,1,6,16.67
3f76068e53572c91,androidx/compose/runtime/ParcelableSnapshotMutableState$Companion$CREATOR$1,1,16,6.25
0373893d479beb95,kotlinx/coroutines/flow/internal/AbstractSharedFlowKt,1,1,100.0
6b9dada4cee34e9a,androidx/profileinstaller/ProfileInstallerInitializer$Handler28Impl,1,2,50.0
725304afe354d3ee,com/kgurgul/cpuinfo/features/FeaturesModuleKt$featuresModule$lambda$0$$inlined$factoryOf$default$1,1,5,20.0
9cdfb937082aeb99,androidx/compose/ui/platform/AndroidComposeViewAccessibilityDelegateCompat$onSendAccessibilityEvent$1,1,3,33.33
f80fad6842bab1a2,androidx/compose/foundation/text/selection/SelectionAdjustment,1,1,100.0
630695b5a3aaf3b7,kotlin/coroutines/ContinuationInterceptor,1,1,100.0
eaac6e2666e104d4,androidx/compose/foundation/AndroidEdgeEffectOverscrollEffect$pointerInputNode$1,1,3,33.33
3b41feb96432e724,androidx/compose/ui/input/pointer/PointerId,1,16,6.25
d97b147cf6523dad,kotlin/jvm/internal/PropertyReference0Impl,1,7,14.29
17f5869c95f70261,kotlin/jvm/internal/Ref$ObjectRef,1,2,50.0
3f91bbece70e6468,com/kgurgul/cpuinfo/domain/DomainModuleKt$domainModule$lambda$0$$inlined$factoryOf$default$8,1,6,16.67
41adc760bea11f72,androidx/compose/ui/layout/VerticalRuler$Companion$minOf$1,1,3,33.33
fbc82c5de098f012,androidx/activity/compose/PredictiveBackHandlerInfo,1,18,5.56
0929a29eb224dede,androidx/compose/runtime/internal/PersistentCompositionLocalMapKt,1,5,20.0
6feb2123fe7057e3,androidx/compose/foundation/layout/Arrangement$Bottom$1,1,3,33.33
03908961c07a0dd6,androidx/compose/ui/platform/TestTagKt,1,1,100.0
2e5aea890da06ef8,androidx/compose/foundation/text/selection/SelectionManager$contextMenuAreaModifier$1,1,19,5.26
ab7229eb0ef68baa,androidx/compose/material3/DelegatingThemeAwareRippleNode$attachNewRipple$calculateColor$1,1,14,7.14
09984dd1b0f0d36a,androidx/compose/foundation/gestures/ScrollableStateKt,1,17,5.88
63a0883d5e6c7225,androidx/compose/ui/platform/Wrapper_androidKt$doSetContent$1,1,8,12.5
81c395e4cffa7c07,androidx/datastore/core/DataStoreImpl$incrementCollector$1,1,2,50.0
4d700291c411ac2c,androidx/compose/ui/layout/VerticalRuler$Companion$maxOf$1,1,3,33.33
e6e464a0611044be,androidx/compose/ui/layout/ContentScale$Companion$FillHeight$1,1,7,14.29
cfecb7047116ae04,androidx/lifecycle/SavedStateHandleSupport$special$$inlined$Key$2,1,1,100.0
1bf218babe7f1505,androidx/compose/foundation/pager/PagerCacheWindowScope,1,61,1.64
b5ee75c8eb090347,kotlin/ranges/ClosedFloatRange,1,36,2.78
d173d590af1f437e,androidx/compose/foundation/lazy/LazyLayoutSemanticStateKt,1,1,100.0
8451f6a3c16dfb04,kotlinx/coroutines/StandaloneCoroutine,1,2,50.0
9380205a395dc222,androidx/compose/ui/layout/LayoutModifierKt,1,1,100.0
e6b46dfbcf7dccf9,androidx/compose/ui/platform/AndroidComposeView$_inputModeManager$1,1,8,12.5
ca0a390a2f54d4b2,androidx/compose/foundation/layout/WindowInsets,1,1,100.0
69371da3dcc500bc,kotlinx/coroutines/EventLoopImplBase$DelayedTaskQueue,1,1,100.0
7ed8d0ce1049d6a6,androidx/savedstate/internal/SynchronizedObject,1,1,100.0
6dd5b1332f15baa1,kotlin/jvm/internal/Ref$FloatRef,1,2,50.0
db42ab7cfd2f444e,com/kgurgul/cpuinfo/data/DataModuleKt$dataModule$lambda$0$$inlined$factoryOf$default$9,1,4,25.0
b25316cfe4c0293c,com/kgurgul/cpuinfo/domain/DomainModuleKt$domainModule$lambda$0$$inlined$factoryOf$default$11,1,6,16.67
2146e94869fb2874,androidx/compose/runtime/internal/Thread_jvmKt,1,2,50.0
8909ce76358dbb61,androidx/compose/ui/layout/LayoutCoordinatesKt,1,99,1.01
82783b90451a7549,androidx/compose/ui/text/font/PlatformResolveInterceptor$Companion$Default$1,1,1,100.0
0a62fb9334da4cea,androidx/compose/ui/platform/ViewCompositionStrategy$DisposeOnDetachedFromWindowOrReleasedFromPool$installFor$1,1,4,25.0
88f0bb356ba4f1a0,androidx/lifecycle/ViewModelProvider$OnRequeryFactory,1,2,50.0
e8410c7b00624dbf,com/kgurgul/cpuinfo/data/DataModuleKt$dataModule$lambda$0$$inlined$factoryOf$default$11,1,4,25.0
65bf5e6fe4ee96d9,kotlinx/coroutines/EventLoopKt,1,11,9.09
818a3c0549171e95,androidx/compose/foundation/lazy/layout/Lazy_androidKt,1,1,100.0
66e28045b4353883,co/touchlab/kermit/MessageStringFormatter,1,23,4.35
dcff716406b86136,androidx/compose/runtime/external/kotlinx/collections/immutable/internal/CommonFunctionsKt,1,1,100.0
036e6a11c8caeba2,androidx/compose/ui/platform/InfiniteAnimationPolicy,1,4,25.0
400f18d49b3b29c0,androidx/compose/material/ripple/Ripple_androidKt,1,18,5.56
8e92b1e34b451e10,androidx/compose/ui/text/platform/AndroidParagraphHelper_androidKt$NoopSpan$1,1,2,50.0
595df01a19947af5,androidx/versionedparcelable/CustomVersionedParcelable,1,3,33.33
8cf08ff81a66d3ce,kotlinx/coroutines/channels/ChannelsKt,1,70,1.43
1f7ebb5865eceb79,androidx/emoji2/text/EmojiCompat$InitCallback,1,3,33.33
d812074c4da91842,kotlinx/coroutines/flow/FlowKt__ErrorsKt$catch$$inlined$unsafeFlow$1$1,1,2,50.0
eee11c0b8fe597c6,com/kgurgul/cpuinfo/di/ViewModelModuleKt$viewModelModule$lambda$0$$inlined$viewModelOf$default$12,1,5,20.0
210e459f9804f646,kotlinx/coroutines/flow/FlowKt__LimitKt$takeWhile$lambda$6$$inlined$collectWhile$1$1,1,2,50.0
aaa2962edfdec988,androidx/profileinstaller/ProfileVersion,1,5,20.0
e1bd1ae41faa8e11,androidx/compose/runtime/CompositionLocalMap,1,1,100.0
81ed2abc50375180,androidx/compose/ui/layout/OnRemeasuredModifierKt,1,1,100.0
f0ba6ad6cdeb5d6a,androidx/compose/foundation/pager/DefaultPagerNestedScrollConnection,1,47,2.13
c645a492ff5c168a,androidx/compose/ui/platform/AndroidComposeView$indirectPointerNavigationGestureDetector$1,1,3,33.33
556e781da5196345,androidx/core/view/SoftwareKeyboardControllerCompat$Impl30,1,37,2.7
736a5e90687faeb6,com/kgurgul/cpuinfo/di/ViewModelModuleKt$viewModelModule$lambda$0$$inlined$viewModelOf$default$7,1,5,20.0
877da2cb9d1ef390,androidx/datastore/core/DataMigrationInitializer$Companion$runMigrations$1,1,2,50.0
37da6a38d50d63d5,androidx/compose/runtime/changelist/Operation$ObjectParameter,1,16,6.25
a33c92d657252d95,androidx/core/view/WindowInsetsCompat$BuilderImpl30,1,11,9.09
9e66180b6430092c,androidx/compose/ui/graphics/vector/VectorComponent$1,1,3,33.33
56a327e1d830c2d7,androidx/compose/ui/layout/HorizontalRuler$Companion$maxOf$1,1,3,33.33
8924922968b1d80e,androidx/compose/runtime/SnapshotLongStateKt__SnapshotLongStateKt,1,5,20.0
27b4de58a2cef77c,kotlinx/serialization/modules/SerializersModuleBuildersKt,1,25,4.0
51caaaeb0b19fc5d,androidx/lifecycle/LifecycleCoroutineScope,1,7,14.29
519a5727dda05776,androidx/compose/ui/layout/ContentScale$Companion$FillBounds$1,1,9,11.11
8588ab1f9c97de9e,com/kgurgul/cpuinfo/data/DataModuleKt$dataModule$lambda$0$$inlined$factoryOf$default$3,1,4,25.0
1f639c1c0ff9c022,kotlin/coroutines/intrinsics/IntrinsicsKt__IntrinsicsKt,1,4,25.0
e930d906deaba232,androidx/compose/runtime/CompositionKt$ObservableCompositionServiceKey$1,1,1,100.0
332c797b64b4e224,androidx/navigationevent/NavigationEventInfo,1,1,100.0
dd2444310764b2b6,androidx/emoji2/text/DefaultEmojiCompatConfig$DefaultEmojiCompatConfigHelper,1,4,25.0
f1e068f32c575990,com/kgurgul/cpuinfo/domain/DomainModuleKt$domainModule$lambda$0$$inlined$factoryOf$default$15,1,6,16.67
4a12319c14532305,kotlinx/coroutines/flow/FlowKt__EmittersKt$onCompletion$$inlined$unsafeFlow$1$1,1,2,50.0
0d98f5698324770b,androidx/compose/ui/layout/LayoutNodeSubcompositionsState$ApproachMeasureScopeImpl,1,26,3.85
e03683f692ba3da5,androidx/compose/animation/AnimatedVisibilityKt$AnimatedVisibilityImpl$1$1,1,11,9.09
497ca26a9b6d5c88,kotlin/collections/ArraysUtilJVM,1,2,50.0
9abab69087540789,androidx/compose/ui/node/NodeChain$sentinelHead$1,1,2,50.0
03d898d430812774,com/kgurgul/cpuinfo/data/local/LocalDataStore$preferenceFlow$1,1,17,5.88
566eaab93710468b,androidx/compose/foundation/gestures/ScrollableKt$NoOpScrollScope$1,1,2,50.0
c0afe30f3c25f2d0,androidx/compose/foundation/lazy/layout/StickyItemsPlacement$Companion$StickToTopPlacement$1,1,35,2.86
8f6cae9e3bb0b715,androidx/compose/ui/platform/AndroidComposeView$dragAndDropManager$1,1,3,33.33
a5fc6caa22eae633,androidx/compose/ui/node/DrawModifierNode,1,1,100.0
7c762a50c2bf5928,androidx/compose/ui/platform/AndroidComposeViewAccessibilityDelegateCompat$scheduleScrollEventIfNeededLambda$1,1,3,33.33
894a31ed1b6aee7f,com/kgurgul/cpuinfo/di/ViewModelModuleKt$viewModelModule$lambda$0$$inlined$viewModelOf$default$3,1,5,20.0
59d63ce272e35a1f,androidx/compose/animation/AnimatedContentKt$AnimatedContent$9,1,3,33.33
f028df5234fcb664,kotlinx/coroutines/scheduling/SchedulerTimeSource,1,1,100.0
6c213b57657d9ffd,kotlinx/coroutines/SupervisorJobImpl,1,2,50.0
181bdc8187112d88,androidx/compose/ui/platform/AndroidUiDispatcher$Companion$currentThread$1,1,8,12.5
b11968a73d630a96,androidx/compose/runtime/ParcelableSnapshotMutableLongState$Companion$CREATOR$1,1,5,20.0
0ceb7a2d5f66e7cf,androidx/compose/ui/text/AndroidTextStyle_androidKt,1,7,14.29
f69e055544ae79ff,androidx/datastore/core/DataStoreImpl$writeActor$3,1,12,8.33
86032ab211b4939a,com/kgurgul/cpuinfo/di/ViewModelModuleKt$viewModelModule$lambda$0$$inlined$viewModelOf$default$1,1,11,9.09
8cff1f08f7deea99,androidx/lifecycle/ViewModelProvider$AndroidViewModelFactory$special$$inlined$Key$1,1,1,100.0
3cdca7f29479c1b6,androidx/datastore/core/FileStorageKt$runFileDiagnosticsIfNotCorruption$1,1,2,50.0
908fdb0d29680c0f,androidx/compose/foundation/text/selection/SelectionManager$modifier$5,1,6,16.67
da20a8dbe3ea7e0b,androidx/navigation/internal/SynchronizedObject,1,1,100.0
0d1b9cf00b74b5b3,androidx/compose/runtime/SnapshotIntState_androidKt,1,1,100.0
002e3283eeb5532f,org/koin/core/component/KoinComponent,1,3,33.33
0c4e4e0573065e26,androidx/datastore/core/DataStoreImpl$incrementCollector$2$1$1,1,6,16.67
8d387578f02e6701,com/kgurgul/cpuinfo/domain/DomainModuleKt$domainModule$lambda$0$$inlined$factoryOf$default$1,1,4,25.0
99a8f0c84d2b6bdf,com/kgurgul/cpuinfo/data/DataModuleKt$dataModule$lambda$0$$inlined$factoryOf$default$4,1,4,25.0
9acd942172ea3393,androidx/compose/material/ripple/RippleNode$onAttach$1$1,1,9,11.11
0a090ea1379b5c95,com/kgurgul/cpuinfo/utils/CoroutinesExtensionsKt,1,1,100.0
e5f5c7f7be84d335,androidx/compose/ui/spatial/RectManager$dispatchLambda$1,1,8,12.5
6908bd072a7df1a6,androidx/compose/foundation/lazy/layout/DefaultLazyKey$Companion$CREATOR$1,1,5,20.0
3f22550bed598880,com/kgurgul/cpuinfo/di/ViewModelModuleKt$viewModelModule$lambda$0$$inlined$viewModelOf$default$11,1,5,20.0
9a60c4d28793f6d1,androidx/compose/foundation/lazy/layout/StableValue,1,16,6.25
20e9e5bc0b6cbe2d,androidx/compose/foundation/text/selection/SelectionManager$contextMenuAreaModifier$2,1,17,5.88
a8f5e83ce270d2e0,androidx/profileinstaller/ProfileInstallerInitializer$Result,1,1,100.0
ece3cae3be8a88ed,androidx/compose/ui/Alignment,1,1,100.0
c88e6ccdfc10c822,androidx/compose/ui/input/nestedscroll/NestedScrollDispatcher$calculateNestedScrollScope$1,1,3,33.33
3b8b3c0ffa43edb8,androidx/compose/animation/core/Motion,1,20,5.0
4086d8c8ca51c29e,androidx/profileinstaller/ProfileVerifier$CompilationStatus,1,5,20.0
bf520b1338383cdb,androidx/core/view/DisplayShapeCompat$ImplBase,1,50,2.0
892e61a172c92ae0,kotlinx/coroutines/internal/ThreadLocalKt,1,1,100.0
96b0926880a134b6,androidx/compose/foundation/text/contextmenu/modifier/TextContextMenuModifier_androidKt,1,1,100.0
269ad59ca3dae038,androidx/activity/EdgeToEdgeApi26,1,12,8.33
dae61d78dda70ad0,com/kgurgul/cpuinfo/domain/DomainModuleKt$domainModule$lambda$0$$inlined$factoryOf$default$12,1,6,16.67
b67145ce9692d426,androidx/compose/ui/platform/AndroidUiFrameClock$withFrameNanos$2$1,1,3,33.33
4a4f0c237630c173,androidx/compose/ui/platform/ComposeView$Content$1,1,3,33.33
01c2cd9739628455,androidx/compose/ui/focus/FocusEventModifierNodeKt,1,90,1.11
bcf4056c094141a9,androidx/compose/ui/input/nestedscroll/NestedScrollNode$updateDispatcherFields$1,1,3,33.33
9b164c3b81c86765,androidx/compose/ui/node/SemanticsModifierNodeKt,1,12,8.33
aff45d334c126f56,kotlinx/coroutines/flow/StartedEagerly,1,3,33.33
b608fdaaeac690ee,androidx/compose/animation/core/VectorizedDurationBasedAnimationSpec,1,7,14.29
d4b760ab08ce8d70,kotlinx/coroutines/flow/StartedLazily,1,3,33.33
cb54cac39b4c0b1d,com/kgurgul/cpuinfo/features/HostViewModel$special$$inlined$map$1$2$1,1,2,50.0
5edab5c031ae8b78,com/kgurgul/cpuinfo/di/ViewModelModuleKt$viewModelModule$lambda$0$$inlined$viewModelOf$default$10,1,5,20.0
4a02a745dcb1602a,androidx/lifecycle/LifecycleRegistry_androidKt,1,1,100.0
fedbe1f3ac8e2246,kotlinx/coroutines/internal/Symbol,1,5,20.0
a2adfe6e0f8722a1,androidx/compose/runtime/ParcelableSnapshotMutableIntState$Companion$CREATOR$1,1,5,20.0
fe5aea2d44d2e2af,androidx/compose/ui/input/key/KeyInputModifierKt,1,2,50.0
0ff267544592ff27,com/kgurgul/cpuinfo/domain/DomainModuleKt$domainModule$lambda$0$$inlined$factoryOf$default$10,1,6,16.67
f80da245321dba79,androidx/activity/compose/ComposePredictiveBackHandler$currentOnBack$1,1,7,14.29
321f8cb8c951c5db,kotlinx/coroutines/flow/FlowKt__LimitKt$takeWhile$$inlined$unsafeFlow$1$1,1,2,50.0
0ff7c2138a6db5cd,kotlin/collections/ArraysKt__ArraysJVMKt,1,14,7.14
6dae27bf8e0c964b,androidx/core/content/pm/ShortcutInfoCompatSaver,1,2,50.0
03fcd6c6c4f6c34c,androidx/core/view/SoftwareKeyboardControllerCompat$Impl,1,3,33.33
42fe3659ff1c997f,com/kgurgul/cpuinfo/data/DataModuleKt$dataModule$lambda$0$$inlined$factoryOf$default$10,1,4,25.0
22fa18b765c16d58,androidx/window/layout/adapter/sidecar/SidecarCompat,1,163,0.61
5cc8f66095e36d96,androidx/compose/foundation/pager/PagerWrapperFlingBehavior,1,30,3.33
4174e6c84bb35eed,androidx/compose/ui/graphics/colorspace/Rgb$oetf$1,1,3,33.33
7c4e8aa60e210a23,androidx/compose/ui/semantics/SemanticsConfigurationKt,1,1,100.0
1f30cd71dc38bd7a,androidx/compose/foundation/text/contextmenu/modifier/TextContextMenuGesturesModifierKt,1,4,25.0
69cd96d2450d6902,androidx/compose/material3/internal/MappedInteractionSource$special$$inlined$map$1$2,1,25,4.0
0a828996e9bd99bb,androidx/compose/ui/layout/ContentScale$Companion$FillWidth$1,1,7,14.29
758657c11d972cf2,androidx/core/view/accessibility/AccessibilityNodeProviderCompat$AccessibilityNodeProviderApi26,1,4,25.0
d4b527e8af00cf12,androidx/compose/ui/focus/FocusChangedModifierKt,1,1,100.0
9349c3d4583a9bc2,androidx/compose/foundation/gestures/ScrollableNode$setScrollSemanticsActions$2,1,12,8.33
85627504de309d3a,com/kgurgul/cpuinfo/features/information/cpu/CpuInfoViewModel$special$$inlined$map$1$2$1,1,2,50.0
3180bd0c2b21541d,androidx/core/view/accessibility/AccessibilityNodeProviderCompat$AccessibilityNodeProviderApi19,1,15,6.67
33f547aa55de523a,androidx/datastore/core/RunOnce$runIfNeeded$1,1,2,50.0
8a770f88532722d8,androidx/compose/ui/layout/ContentScale$Companion$Inside$1,1,16,6.25
2c5b15e024804915,kotlinx/coroutines/internal/ListClosed,1,1,100.0
6419bce72cb70070,androidx/navigation/NavDeepLinkDslBuilderKt,1,6,16.67
6cb0b58acbd486b6,androidx/compose/animation/EnterExitTransitionModifierNode$slideSpec$1,1,15,6.67
1ab81775e0977906,androidx/datastore/preferences/core/Preferences,1,3,33.33
cae3e787aaf05335,androidx/compose/ui/input/pointer/PointerButtons,1,15,6.67
718d111f8dc2f9e7,androidx/compose/ui/node/DelegatableNode,1,2,50.0
b04f022ae610e0ab,androidx/navigation/compose/NavHostKt$NavHost$25$1,1,29,3.45
613fc1cd6a275e2f,androidx/compose/ui/platform/CompositionLocalsKt$ProvideCommonCompositionLocals$1,1,3,33.33
753e7524ebc59e85,kotlin/jvm/internal/MutablePropertyReference1,1,10,10.0
b98e6fbbd9e6fa5b,com/kgurgul/cpuinfo/data/DataModuleKt$dataModule$lambda$0$$inlined$factoryOf$default$12,1,5,20.0
9e5a84426f132092,androidx/compose/ui/layout/OnGloballyPositionedModifierKt,1,1,100.0
85ada8264924114f,androidx/compose/runtime/SnapshotState_androidKt,1,1,100.0
b1aeae1d4c600632,androidx/lifecycle/SavedStateHandleSupport$special$$inlined$Key$3,1,1,100.0
459e8cccd64ccae1,androidx/profileinstaller/ProfileInstaller$2,1,22,4.55
12a7a0c54026844e,androidx/compose/ui/text/font/AsyncTypefaceCache$AsyncTypefaceResult,1,19,5.26
5dd5a73c0a5846bc,androidx/lifecycle/viewmodel/internal/SynchronizedObject,1,1,100.0
53e772b5bfddc8ac,androidx/compose/foundation/shape/CornerSizeKt$ZeroCornerSize$1,1,5,20.0
acac8c6b952523ce,androidx/compose/ui/graphics/vector/GroupComponent$wrappedListener$1,1,6,16.67
fe27cdc01afc5f21,kotlin/jvm/internal/MutablePropertyReference1Impl,1,8,12.5
240409d317baec20,androidx/compose/foundation/text/selection/SelectionGesturesKt$updateSelectionTouchMode$1,1,3,33.33
c56f44f46cd39b2f,androidx/compose/animation/AnimatedContentScopeImpl,1,3,33.33
824ed2d7421524e1,androidx/compose/ui/node/NodeChainKt$fillVector$1,1,4,25.0
1336d768dd8b4fad,androidx/compose/ui/input/key/KeyInputNode,1,11,9.09
4aff3dca8715c65a,androidx/datastore/core/DataStoreImpl$data$1$5,1,11,9.09
80eeab54a5553868,androidx/compose/foundation/pager/LazyLayoutPagerKt$dragDirectionDetector$1,1,3,33.33
342e4a442ea2e652,androidx/datastore/core/DataStoreImpl$data$1$invokeSuspend$$inlined$map$1$2,1,21,4.76
73decfdd4e30a49f,com/kgurgul/cpuinfo/di/ViewModelModuleKt$viewModelModule$lambda$0$$inlined$viewModelOf$default$15,1,5,20.0
b88ee16cbdeb72b3,kotlin/collections/SetsKt__SetsJVMKt,1,16,6.25
10ea502fe1f1b7f6,co/touchlab/kermit/Message,1,14,7.14
1ee1f2e11d3d07f3,androidx/compose/foundation/AbstractClickableNode$focusableNode$1,1,3,33.33
f2e180cad14f1580,androidx/compose/animation/ColorVectorConverterKt$ColorToVector$1$2,1,25,4.0
6126262e1a212bcc,androidx/compose/ui/platform/coreshims/ViewCompatShims$Api29Impl,1,2,50.0
0766e168f518841d,kotlinx/coroutines/internal/Removed,1,2,50.0
cc3cd7c54cf7002c,com/kgurgul/cpuinfo/di/ViewModelModuleKt$viewModelModule$lambda$0$$inlined$viewModelOf$default$8,1,8,12.5
03ed5971cd6ec0c2,androidx/core/view/WindowInsetsCompat$BuilderImpl31,1,9,11.11
3857bee6c0e51115,androidx/compose/foundation/pager/PagerSnapDistance,1,1,100.0
4d11f8bfe4862640,kotlin/ranges/RangesKt__RangesKt,1,36,2.78
22e5cbce56efe8af,androidx/compose/runtime/SnapshotIntStateKt,1,3,33.33
6c7f53c98e7766ae,kotlinx/coroutines/flow/FlowKt__ErrorsKt$catchImpl$2$emit$1,1,2,50.0
751ace09189034f2,androidx/compose/ui/graphics/colorspace/Rgb$eotf$1,1,3,33.33
c33b503b829aa6ee,kotlinx/coroutines/InvokeOnCompletion,1,3,33.33
6ee24e92f3f30418,org/koin/core/time/DurationExtKt,1,1,100.0
a2e3db117c5b721e,androidx/compose/foundation/lazy/LazyListPrefetchStrategy,1,2,50.0
413c943408b2aa7b,androidx/window/WindowSdkExtensions$Companion$getInstance$1,1,1,100.0
aeb8386f0954084b,kotlinx/coroutines/CoroutineExceptionHandler,1,1,100.0
6e19a42e6b983664,kotlinx/coroutines/channels/ProduceKt$awaitClose$4$1,1,3,33.33
6df5eab4315e01cc,androidx/compose/foundation/pager/PagerStateKt$UnitDensity$1,1,3,33.33
aad4777e3ad850a9,com/kgurgul/cpuinfo/data/DataModuleKt$dataModule$lambda$0$$inlined$factoryOf$default$2,1,4,25.0
f603c7a127634ecd,androidx/activity/EdgeToEdgeBase,1,2,50.0
10812ad65adbf8a1,androidx/compose/foundation/gestures/ScrollableKt$DefaultScrollMotionDurationScale$1,1,6,16.67
8ad8cb3119c2801a,androidx/collection/internal/Lock,1,5,20.0
5e575dbbec66d7ec,androidx/datastore/core/SingleProcessCoordinator$lock$1,1,2,50.0
283bc1dbef8bde03,androidx/compose/ui/graphics/AndroidPath_androidKt,1,12,8.33
9f0836571adbcb14,androidx/compose/ui/layout/WindowInsetsRulers,1,1,100.0
3ca40a9b385996c5,kotlinx/coroutines/Job,1,1,100.0
2d321ed3bca6d7fd,androidx/compose/ui/input/pointer/PointerIcon,1,1,100.0
b6afd8a30df51b20,kotlinx/coroutines/DisposeOnCancel,1,3,33.33
20154027a69ede76,androidx/navigation/compose/NavHostKt$NavHost$lambda$48$lambda$47$$inlined$onDispose$1,1,2,50.0
0a1e6d9fc78878d3,androidx/compose/foundation/internal/ClipboardUtils_androidKt,1,37,2.7
7d2c7eb49d66e612,androidx/compose/ui/semantics/SemanticsPropertiesKt$getScrollViewportLength$1,1,6,16.67
9433d33f24ac5b53,androidx/compose/ui/graphics/CanvasKt,1,38,2.63
d3dc7b78b0de017a,androidx/compose/runtime/SnapshotIntStateKt__SnapshotIntStateKt,1,5,20.0
042f3c1ad2bb338b,kotlinx/coroutines/CancellableContinuationImplKt,1,4,25.0
faa0631af0beb00d,androidx/compose/ui/text/input/TextInputServiceAndroid$baseInputConnection$2,1,3,33.33
f9da16640e17f882,androidx/datastore/core/DataStoreImpl$readAndInitOrPropagateAndThrowFailure$1,1,2,50.0
70dadebd59f6eea4,kotlin/jvm/internal/Ref$IntRef,1,2,50.0
afcfc059b51ae3f5,androidx/core/view/SoftwareKeyboardControllerCompat$Impl20,1,24,4.17
b5342bcf17f0d088,kotlinx/coroutines/flow/CallbackFlowBuilder$collectTo$1,1,2,50.0
912b523ffa1c00c8,com/kgurgul/cpuinfo/HostActivity$onCreate$lambda$3$0$0$$inlined$onDispose$1,1,2,50.0
0068b53f5e161298,androidx/compose/foundation/lazy/layout/StickyItemsPlacement,1,1,100.0
7e6ddb2abd21e191,kotlinx/coroutines/flow/internal/AbstractSharedFlowSlot,1,1,100.0
317e5d17633df550,androidx/compose/material3/MotionScheme,1,1,100.0
1ba9167dabf1bc2d,androidx/core/view/WindowInsetsControllerCompat$Impl,1,12,8.33
ee3c7d95e81141ac,androidx/compose/animation/core/DecayAnimationSpecImpl,1,2,50.0
0227fd6e2743c21f,androidx/compose/ui/text/ParagraphKt,1,87,1.15
55c05b26802c94f6,androidx/compose/ui/Modifier$Element,1,14,7.14
5531be0be3b452cc,androidx/profileinstaller/ProfileInstaller$1,1,3,33.33
8ef389b8e0cb3dd3,androidx/compose/runtime/PersistentCompositionLocalMap,1,1,100.0
fc340a79ab2e8734,androidx/compose/ui/input/pointer/PointerKeyboardModifiers,1,15,6.67
930c80dad8c2d176,kotlinx/coroutines/flow/FlowKt__ReduceKt$first$3,1,2,50.0
2fd819c4fd55b132,kotlinx/coroutines/flow/SharingStarted,1,1,100.0
c06eb2e3b701ff0a,androidx/compose/runtime/SnapshotLongStateKt,1,3,33.33
57ef8fb675447796,androidx/arch/core/executor/TaskExecutor,1,5,20.0
d654d7eac5c09ef3,kotlinx/coroutines/flow/SharingConfig,1,1,100.0
25197419c9b8e219,androidx/compose/ui/graphics/AndroidGraphicsContext_androidKt,1,1,100.0
e8baaf8c41911c10,androidx/compose/ui/layout/LayoutKt,1,148,0.68
a17c860cf6818b4e,androidx/compose/ui/graphics/painter/Painter$drawLambda$1,1,3,33.33
cf7bc02a77b5c23b,androidx/compose/ui/platform/SubcompositionKt,1,2,50.0
c8df67d5842131cd,kotlinx/coroutines/channels/ProduceKt$awaitClose$1,1,2,50.0
ac0aad07940a6e19,androidx/compose/runtime/Composer$Companion$Empty$1,1,2,50.0
f2f041b27be8938b,com/kgurgul/cpuinfo/data/provider/ApplicationsDataProvider$special$$inlined$inject$default$1,1,8,12.5
4908db8d027eabb2,androidx/compose/runtime/SnapshotFloatState_androidKt,1,1,100.0
c409137fb4329811,kotlinx/coroutines/scheduling/GlobalQueue,1,1,100.0
545ce3ee8e48427b,com/kgurgul/cpuinfo/domain/DomainModuleKt$domainModule$lambda$0$$inlined$factoryOf$default$9,1,6,16.67
26fbfd3c24b204f6,androidx/compose/ui/contentcapture/ContentCaptureManager,1,1,100.0
ac3b2b824bc9f7e0,androidx/compose/runtime/snapshots/SnapshotStateList$Companion$CREATOR$1,1,11,9.09
ef1ab8f91e4c7236,androidx/compose/ui/platform/AndroidTextToolbar$textActionModeCallback$1,1,3,33.33
ebf95b0e66b1add8,androidx/datastore/preferences/core/PreferencesFactory,1,6,16.67
be928bcde85e86a5,com/kgurgul/cpuinfo/di/ViewModelModuleKt$viewModelModule$lambda$0$$inlined$viewModelOf$default$13,1,5,20.0
7615883270e5f567,androidx/compose/ui/node/NodeCoordinator$Companion$PointerInputSource$1,1,38,2.63
facf599e404678ed,androidx/compose/ui/node/ParentDataModifierNodeKt,1,1,100.0
e686b918b4915716,androidx/compose/foundation/pager/LazyLayoutSemanticStateKt,1,1,100.0
ccb00a47c6f01c23,androidx/compose/ui/platform/WindowRecomposerFactory,1,1,100.0
67b5ace04fe4b8f3,androidx/compose/foundation/lazy/layout/LazyLayoutBeyondBoundsProviderModifierNode$Companion$emptyBeyondBoundsScope$1,1,2,50.0
04a7ae8a818bb7e3,androidx/navigation/NavControllerKt,1,9,11.11
2c7f22d25b98c97b,com/kgurgul/cpuinfo/data/DataModuleKt$dataModule$lambda$0$$inlined$factoryOf$default$7,1,4,25.0
23ddeba0063bd212,androidx/compose/ui/layout/HorizontalRuler$Companion$minOf$1,1,3,33.33
6655be0448f6acfd,androidx/compose/runtime/Recomposer$RecomposerInfoImpl,1,46,2.17
ab530f63a9c55197,androidx/compose/animation/CrossfadeKt$Crossfade$1,1,3,33.33
1a9c392a635c1c6c,androidx/lifecycle/ViewModelProvider$special$$inlined$Key$1,1,1,100.0
31a4755bd76d0f3d,kotlinx/coroutines/JobSupport$AwaitContinuation,1,8,12.5
1bdc093a944a1a10,androidx/emoji2/text/ConcurrencyHelpers$Handler28Impl,1,2,50.0
b19b42f1a2228df7,com/kgurgul/cpuinfo/data/DataModuleKt$dataModule$lambda$0$$inlined$factoryOf$default$8,1,4,25.0
b2ace8038aeaccb7,androidx/window/layout/util/WindowMetricsCompatHelper,1,1,100.0
bc66bdad42dbbfe9,androidx/compose/ui/layout/SubcomposeLayoutKt$ReusedSlotId$1,1,2,50.0
fa7ef7162054f03e,com/kgurgul/cpuinfo/features/information/InfoContainerScreenKt$InfoContainerScreen$1$1,1,3,33.33
68fddf8426a04cc7,androidx/compose/foundation/text/selection/SelectionGesturesKt,1,193,0.52
e7ff8b214a3b5ba8,kotlin/sequences/SequenceScope,1,8,12.5
8ef75bd3aead66d5,kotlinx/coroutines/flow/FlowKt__EmittersKt$onStart$$inlined$unsafeFlow$1$1,1,2,50.0
badfe60e316fb0cb,androidx/compose/runtime/ParcelableSnapshotMutableFloatState$Companion$CREATOR$1,1,5,20.0
309cc86410165590,androidx/compose/ui/platform/AndroidComposeViewAccessibilityDelegateCompat$boundsUpdatesEventLoop$1,1,2,50.0
9e3c4d9b91e01ff7,androidx/compose/animation/SplineBasedDecayKt,1,14,7.14
4a32646a1df8ce45,androidx/compose/ui/node/NodeKind,1,18,5.56
a4fbd6b41f4350eb,com/kgurgul/cpuinfo/data/local/LocalDataStore$special$$inlined$map$1$2$1,1,2,50.0
6d5993bec42dc4c2,androidx/datastore/core/DataMigrationInitializer,1,2,50.0
97a603f8d2d53885,androidx/emoji2/text/EmojiCompat$MetadataRepoLoaderCallback,1,1,100.0
af13c579232c175d,androidx/compose/ui/input/nestedscroll/NestedScrollNodeKt,1,5,20.0
f68f009c0ff267cc,com/kgurgul/cpuinfo/domain/DomainModuleKt$domainModule$lambda$0$$inlined$factoryOf$default$16,1,5,20.0
5635b2ffe50d7ff6,androidx/compose/foundation/gestures/BringIntoViewSpec,1,4,25.0
6c699e85b448f8ff,kotlinx/coroutines/channels/Channel,1,1,100.0
1e993ff85ee261e1,kotlin/UnsignedKt,1,62,1.61
4ae53bcfac18435a,kotlinx/coroutines/channels/ChannelResult$Failed,1,2,50.0
7342f614d7d10cff,androidx/core/view/AccessibilityDelegateCompat$AccessibilityDelegateAdapter,1,25,4.0
0efba4830b445f46,androidx/compose/foundation/text/modifiers/SelectionController_androidKt,1,1,100.0
6742734c23e2494d,androidx/compose/ui/text/input/InputMethodManagerImpl$imm$2,1,3,33.33
e16df93ab1bf7742,org/koin/core/parameter/ParametersHolderKt,1,7,14.29
acb3159c5fb13851,androidx/compose/runtime/PrimitiveSnapshotStateKt__SnapshotFloatStateKt,1,5,20.0
19332d5cf11c3ba1,androidx/compose/ui/platform/ViewLayer$Companion$OutlineProvider$1,1,3,33.33
3b09ce18785eb398,androidx/datastore/core/DataStoreImpl$readDataAndUpdateCache$1,1,2,50.0
97b1370d165ee83a,androidx/compose/foundation/text/selection/SelectionManager_androidKt,1,90,1.11
200e2e14af9bdf5d,androidx/compose/foundation/text/contextmenu/modifier/TextContextMenuGestureNode$1,1,3,33.33
a2d8b377cbed24a5,androidx/compose/ui/contentcapture/AndroidContentCaptureManager$boundsUpdatesEventLoop$1,1,2,50.0
fa61292a83590f36,androidx/datastore/core/DataStoreImpl$InitDataStore$doRun$1,1,2,50.0
f2b5a5e41c779403,androidx/window/layout/WindowMetricsCalculator,1,8,12.5
0b2365f89190806d,androidx/compose/animation/EnterExitTransitionModifierNode$sizeTransitionSpec$1,1,14,7.14
9bfe45ea20682133,androidx/compose/ui/platform/coreshims/ViewCompatShims$Api26Impl,1,2,50.0
ef5a8ad98f3a55cb,androidx/datastore/core/DataStoreImpl$InitDataStore$doRun$initData$1$api$1$updateData$1,1,2,50.0
de1e8c86e824a5c9,kotlinx/coroutines/flow/FlowKt__TransformKt$onEach$$inlined$unsafeTransform$1$2$1,1,2,50.0
5d383ca1c607181a,androidx/lifecycle/SavedStateHandleSupport$special$$inlined$Key$1,1,1,100.0
4fc07e8fa540eb8a,androidx/compose/foundation/interaction/InteractionSourceKt,1,1,100.0
47f0ae28893fff61,androidx/core/view/WindowInsetsCompat$Impl31,1,9,11.11
59039fbb182fa107,com/kgurgul/cpuinfo/di/ViewModelModuleKt$viewModelModule$lambda$0$$inlined$viewModelOf$default$9,1,5,20.0
8f04e7cf91c406cf,androidx/compose/runtime/internal/System_jvmKt,1,1,100.0
aed1066813db04b7,androidx/compose/runtime/external/kotlinx/collections/immutable/implementations/immutableList/UtilsKt,1,4,25.0
7cadb2938fbabe5e,androidx/compose/ui/platform/ViewCompositionStrategy,1,1,100.0
c3c6d4c55d2015c8,androidx/compose/foundation/text/modifiers/SelectionControllerKt$makeDefaultSelectionModifier$1,1,3,33.33
