class_id,class_name,probes_hit,probes_total,pct
b2d020a589ad0713,androidx/recyclerview/widget/RecyclerView,659,2094,31.47
9d4f0d1c8b49e209,androidx/work/impl/model/WorkSpecDao_Impl,378,1265,29.88
f3963239a050f5d8,androidx/viewpager/widget/ViewPager,373,1317,28.32
9a363820b9714f33,androidx/coordinatorlayout/widget/CoordinatorLayout,353,954,37.0
b3742666264f95b3,androidx/appcompat/widget/Toolbar,342,911,37.54
c8e8239f2a12e383,androidx/constraintlayout/core/widgets/ConstraintWidget,339,1610,21.06
75224e11b251fd64,androidx/fragment/app/FragmentManager,338,1212,27.89
f1456232613416e2,com/google/android/material/tabs/TabLayout,259,592,43.75
62b2bf2014f942e5,androidx/recyclerview/widget/LinearLayoutManager,243,794,30.6
6f98267c2dd6b5ee,androidx/drawerlayout/widget/DrawerLayout,219,825,26.55
dda310cec380118c,androidx/appcompat/app/AppCompatDelegateImpl,213,1183,18.01
39c72833c7b8ffb6,androidx/fragment/app/Fragment,199,730,27.26
5b404f74a29f4f1c,androidx/constraintlayout/widget/ConstraintLayout,185,598,30.94
4ebd561f36f93650,com/google/android/material/bottomsheet/BottomSheetBehavior,184,667,27.59
24705cd9209e6113,androidx/appcompat/widget/LinearLayoutCompat,184,625,29.44
74067032a7981ce9,androidx/recyclerview/widget/RecyclerView$LayoutManager,175,631,27.73
b7768efd2387a215,org/acra/config/CoreConfigurationBuilder,162,282,57.45
f424553790275428,androidx/constraintlayout/core/widgets/ConstraintWidgetContainer,160,460,34.78
8b6ec6d79019b755,okio/Buffer,157,931,16.86
26a579d6b2a81b59,androidx/constraintlayout/core/LinearSystem,156,508,30.71
160858532d106b6f,com/google/android/material/shape/MaterialShapeDrawable,151,428,35.28
44787b72d3d9e392,org/schabi/newpipe/MainActivity,138,383,36.03
e31dc597dd9dee92,okhttp3/internal/Util,135,452,29.87
6353dc13eb6ccd69,okhttp3/HttpUrl$Builder,134,390,34.36
83db9a23d3816a22,com/google/android/material/tabs/TabLayout$TabView,132,372,35.48
fe157c3e0bf2d8f1,okhttp3/internal/connection/RealCall,131,261,50.19
bd7f67d34f987e92,okhttp3/CipherSuite,127,130,97.69
c2a3025ef1bffa5b,androidx/recyclerview/widget/GridLayoutManager,122,439,27.79
77eaae5dd2815dd3,com/google/android/material/navigation/NavigationView,121,272,44.49
ec45d1beef1a05d1,androidx/core/view/ViewCompat,117,884,13.24
9b07b4aef28d3e54,androidx/appcompat/widget/AppCompatTextViewAutoSizeHelper,117,277,42.24
4614f301c96a3f2a,androidx/recyclerview/widget/RecyclerView$Recycler,115,533,21.58
8f152885e00748f1,org/acra/collector/ConfigurationCollector,113,145,77.93
6a6be5e39378cd1f,androidx/customview/widget/ViewDragHelper,111,507,21.89
16b5e5fecbd8dfcc,androidx/constraintlayout/core/widgets/analyzer/BasicMeasure,110,274,40.15
e8b9eb5773d5fec8,com/google/android/material/shape/ShapeAppearancePathProvider,108,127,85.04
afa5a7193a493c73,androidx/constraintlayout/core/ArrayLinkedVariables,106,201,52.74
0e8ba99b8efb7b26,com/xwray/groupie/Section,105,218,48.17
a4536b719c9ee716,androidx/work/impl/WorkerWrapper,105,250,42.0
621be71be397116b,okhttp3/internal/http2/Http2Connection,104,291,35.74
59b409c26a1ae9a5,androidx/appcompat/widget/AppCompatTextHelper,104,379,27.44
6120c23f1960e8a1,androidx/fragment/app/FragmentLifecycleCallbacksDispatcher,104,182,57.14
0f48900639bf7d76,androidx/preference/Preference,101,474,21.31
b2a7bbb3c3d75f17,androidx/fragment/app/FragmentStateManager,101,430,23.49
a355168e63581b16,androidx/constraintlayout/core/widgets/analyzer/Direct,100,645,15.5
009dc7d51381a691,okhttp3/internal/connection/RealConnection,99,378,26.19
7977247b2e066450,okio/Options$Companion,97,137,70.8
20e1c76dc8a4e786,androidx/constraintlayout/core/ArrayRow,97,311,31.19
73a2428bd7dda2ee,org/schabi/newpipe/local/subscription/SubscriptionFragment,96,281,34.16
1e7d54e1ebe45f60,androidx/appcompat/view/menu/MenuBuilder,94,527,17.84
e1aa900aaccfb268,androidx/lifecycle/LifecycleRegistry,93,137,67.88
b3bbe5fd5d5a5f6e,androidx/room/InvalidationTracker,90,177,50.85
f3283996ec035884,okhttp3/internal/concurrent/TaskRunner,90,145,62.07
3d08d969d4213878,com/google/android/material/shape/ShapeAppearanceModel,88,119,73.95
78d534e2e06c6594,androidx/fragment/app/SpecialEffectsController,88,166,53.01
885f5ccf8e74fec9,okhttp3/internal/http2/Http2Stream,87,217,40.09
520cbe71b91579e3,org/schabi/newpipe/local/feed/FeedFragment,84,419,20.05
214c6270129ebc50,androidx/work/impl/background/systemjob/SystemJobScheduler,81,178,45.51
bbb1dd7aa5da1a98,okhttp3/OkHttpClient,81,167,48.5
ea5b16a6c0f6108f,androidx/appcompat/widget/ActionMenuPresenter,80,282,28.37
37ae7ca059757ff4,okhttp3/internal/http2/Hpack,79,82,96.34
83b70bb5745781ef,androidx/room/RoomDatabase,79,176,44.89
62dc58c50e3466f0,androidx/appcompat/view/menu/MenuItemImpl,79,297,26.6
be154e847c4c7f8d,androidx/swiperefreshlayout/widget/SwipeRefreshLayout,77,426,18.08
f74089556c98abbd,kotlin/jvm/internal/ClassReference,77,121,63.64
7ec9e0e14fcbb69c,org/schabi/newpipe/database/AppDatabase_Impl,74,143,51.75
0cf0da3045a7a898,leakcanary/internal/InternalLeakCanary,74,165,44.85
bc00aa0ef5a9db7a,okhttp3/internal/http2/Hpack$Reader,74,109,67.89
4e857c5cd270b6f1,io/reactivex/rxjava3/core/Flowable,72,1305,5.52
55b2443c727acb99,androidx/fragment/app/FragmentStore,71,224,31.7
41bd542dcaafeba2,okio/RealBufferedSource,70,353,19.83
d81a6a990b19726b,androidx/appcompat/graphics/drawable/DrawerArrowDrawable,70,123,56.91
7dce9c1bd407d709,okhttp3/HttpUrl$Companion,70,196,35.71
93020481f0aa0234,androidx/constraintlayout/widget/ConstraintLayout$Measurer,68,193,35.23
8b55f84748bc303e,androidx/appcompat/view/menu/ActionMenuItemView,66,134,49.25
a04863457716f7f6,okio/ByteString,66,271,24.35
031af4820b13ef95,androidx/work/impl/utils/futures/AbstractFuture,65,302,21.52
dc6c2e2831c457a9,com/google/android/material/internal/NavigationMenuItemView,65,115,56.52
7dcacc52afb83878,okhttp3/Response$Builder,65,123,52.85
5284df4b5262c02a,org/schabi/newpipe/extractor/services/youtube/YoutubeParsingHelper,65,725,8.97
c6aff4579a7e3e9b,okhttp3/internal/http2/Hpack$Writer,65,105,61.9
2129412af325e0d9,com/google/android/material/shape/ShapeAppearanceModel$Builder,64,108,59.26
e9a344e83c855f08,okhttp3/internal/http2/Http2Reader,64,154,41.56
f50036a82265c741,okhttp3/ConnectionSpec,64,111,57.66
98f3578c329952d9,com/google/android/material/tabs/TabLayout$SlidingTabIndicator,63,118,53.39
e5679b9ed2ec91a7,androidx/core/content/res/ColorStateListInflaterCompat,62,96,64.58
a28f26aa7275d8c7,okhttp3/internal/http2/Http2Writer,62,145,42.76
cac8004a66856273,com/google/android/material/shape/ShapePath,61,87,70.11
3231531944f3ec26,kotlin/text/StringsKt__StringsKt,61,909,6.71
e270e2a644787839,androidx/constraintlayout/widget/ConstraintLayout$LayoutParams$Table,60,61,98.36
4d1f8b3f3bfe5816,okhttp3/internal/http2/Http2Stream$FramingSource,60,104,57.69
9358a7ea57a2e43d,androidx/appcompat/widget/AppCompatTextView,60,221,27.15
6ff6bcf82eef4fe1,androidx/work/impl/utils/EnqueueRunnable,59,173,34.1
64db71f825f29798,com/xwray/groupie/GroupAdapter,59,162,36.42
119526d68fd6877c,org/schabi/newpipe/App,59,69,85.51
56c252f8ee3acb08,org/schabi/newpipe/fragments/list/BaseListFragment,59,159,37.11
778a6e0853fa6625,org/schabi/newpipe/ktx/ViewUtils,58,213,27.23
63724b760f68943d,androidx/startup/AppInitializer,58,86,67.44
3e3db79236de3128,androidx/core/view/NestedScrollingChildHelper,58,101,57.43
fc9ea3fbe0723046,androidx/appcompat/widget/ResourceManagerInternal,57,221,25.79
d2d5ca52cf1839f0,com/grack/nanojson/JsonTokener,57,348,16.38
2d987c4349f15b6f,androidx/work/impl/WorkManagerImpl,57,175,32.57
d3c8011f7e370f3e,androidx/recyclerview/widget/RecyclerView$ViewFlinger,56,125,44.8
f08b5c1e8e33af33,androidx/activity/ComponentActivity,56,203,27.59
f625a6df937e32c8,okhttp3/internal/http2/Http2Connection$ReaderRunnable,56,144,38.89
0eb7289215c09f75,androidx/appcompat/app/AppCompatViewInflater,56,173,32.37
d9a66bc5eb2cfd20,androidx/core/view/accessibility/AccessibilityNodeInfoCompat$AccessibilityActionCompat,56,111,50.45
667084c61567e196,com/google/android/material/internal/NavigationMenuPresenter,55,141,39.01
d86ada52df5298c3,androidx/appcompat/view/SupportMenuInflater$MenuState,55,111,49.55
7ed5a556c48755a5,com/google/android/material/internal/NavigationMenuPresenter$NavigationMenuAdapter,54,188,28.72
84846663c1db5034,androidx/recyclerview/widget/RecyclerView$ViewHolder,54,172,31.4
9272d73b6d735387,androidx/collection/ArraySet,54,219,24.66
9b09414f64edbb88,com/grack/nanojson/JsonWriterBase,53,183,28.96
bd13536ab20c1422,org/schabi/newpipe/fragments/MainFragment,53,87,60.92
e3233f9c63280f90,androidx/fragment/app/BackStackRecord,52,301,17.28
44c72c82fda9571b,androidx/preference/PreferenceInflater,52,113,46.02
53881bdd6f175403,androidx/fragment/app/DefaultSpecialEffectsController,52,379,13.72
5b610ced7009f737,okhttp3/internal/tls/OkHostnameVerifier,52,105,49.52
7eb31eab040e4556,androidx/core/content/res/ResourcesCompat,50,140,35.71
853bef048ff52f85,okhttp3/internal/http2/Huffman,50,50,100.0
dafe4271aee162e6,io/reactivex/rxjava3/internal/operators/flowable/FlowableFlatMapMaybe$FlatMapMaybeSubscriber,49,171,28.65
5a5b543b85f4a0e1,androidx/recyclerview/widget/AdapterHelper,49,261,18.77
840bdb0e5593e0f5,okhttp3/OkHttpClient$Builder,49,249,19.68
ffcb5cd392e1f7f8,androidx/coordinatorlayout/widget/CoordinatorLayout$LayoutParams,48,113,42.48
8c5a4a316ed04600,org/schabi/newpipe/DownloaderImpl,48,73,65.75
d2d99041d222cbc4,org/schabi/newpipe/fragments/BaseStateFragment,48,82,58.54
a0b3e2b0a588beca,org/acra/ACRA,48,86,55.81
5b54326bbc037bad,okhttp3/internal/connection/RealConnectionPool,47,132,35.61
7f56c2300218e772,androidx/work/impl/WorkDatabase_Impl,47,111,42.34
465a6c6805871e25,androidx/work/impl/utils/ForceStopRunnable,47,115,40.87
d242a861096999d1,kotlin/collections/CollectionsKt___CollectionsKt,47,1782,2.64
e4297ca781b1e21c,androidx/collection/SimpleArrayMap,46,266,17.29
8f541608dedeb99c,okio/GzipSource,46,92,50.0
78f849e66498b6ed,androidx/emoji2/text/EmojiCompat,46,159,28.93
75ad94f961d21ab5,androidx/appcompat/widget/ToolbarWidgetWrapper,46,260,17.69
9a8a933de0474294,okhttp3/internal/connection/RouteSelector,45,82,54.88
d15c0f8770ecc89a,okio/RealBufferedSink,45,207,21.74
ff6d29c95e5dcfdd,androidx/preference/PreferenceManager,45,93,48.39
1e778906cc2f3891,androidx/preference/PreferenceGroup,45,140,32.14
9bb9c31c3f918376,org/schabi/newpipe/error/ErrorPanelHelper,44,103,42.72
29741b42458f0b08,org/acra/config/CoreConfiguration,44,98,44.9
2098d1218d7cd246,okhttp3/HttpUrl,44,171,25.73
ac1b2850e8bba6cb,androidx/work/impl/Schedulers,44,62,70.97
c5589bfee10e2ad9,androidx/work/impl/Processor,43,120,35.83
2028c285b3bcd9d9,androidx/appcompat/app/AppCompatActivity,43,140,30.71
70dea87013c033d6,androidx/work/impl/model/WorkSpecDao_Impl$1,43,67,64.18
2c81492f51d0982a,androidx/recyclerview/widget/GapWorker,43,115,37.39
dc7f0e264fe3845c,okhttp3/internal/http2/Http2Stream$FramingSink,43,99,43.43
f53bc609de5414ef,org/acra/ReportField,43,45,95.56
21b9b531ec03a9a3,androidx/appcompat/widget/ActionMenuView,43,318,13.52
e5000bccfdf2d36a,org/schabi/newpipe/local/feed/FeedViewModel,43,89,48.31
df83b803bc087a90,org/schabi/newpipe/local/subscription/FeedGroupIcon,42,46,91.3
e500ddf06e00bea6,org/ocpsoft/prettytime/PrettyTime,42,393,10.69
eef513de8ad6b242,leakcanary/LeakCanary$Config,42,148,28.38
2aded622a6a4e711,leakcanary/internal/LeakCanaryFileProvider$Companion,42,121,34.71
1faa26cf93c4e89c,androidx/fragment/app/FragmentActivity,42,129,32.56
4c355b36ac34668c,org/schabi/newpipe/local/subscription/SubscriptionViewModel,42,57,73.68
973ace4169eec649,io/reactivex/rxjava3/internal/operators/flowable/FlowableCombineLatest$CombineLatestCoordinator,41,128,32.03
3bddc2797a5e94c7,leakcanary/ServiceWatcher,41,81,50.62
e982367d61194c28,okhttp3/internal/connection/Exchange,41,78,52.56
f6f9faeac39eff85,okhttp3/Request$Builder,41,100,41.0
f256ae16290e50a9,androidx/appcompat/app/ToolbarActionBar,40,153,26.14
4509f066f80990b2,org/schabi/newpipe/local/BaseLocalListFragment,40,87,45.98
1bbdec020736a791,androidx/appcompat/widget/AppCompatImageHelper,40,99,40.4
03ad037fdeef0360,okhttp3/internal/connection/ExchangeFinder,40,122,32.79
af9b61d318e65139,androidx/lifecycle/LiveData,39,95,41.05
9f2cdd62ec303965,okhttp3/internal/http/RealInterceptorChain,39,83,46.99
8049a7fb8fed9dd0,com/google/android/material/internal/ForegroundLinearLayout,39,83,46.99
40fc41034f9bc0c8,okhttp3/ConnectionSpec$Builder,39,71,54.93
4647d823cfff7a75,androidx/core/view/ViewCompat$UnhandledKeyEventManager,38,110,34.55
99154c2d9aa357ae,okhttp3/HttpUrl$Builder$Companion,38,75,50.67
fc6b51d85e17bb42,okhttp3/internal/http/BridgeInterceptor,38,65,58.46
d0773c01b8739005,androidx/constraintlayout/widget/ConstraintLayout$LayoutParams,38,226,16.81
0f6010ecef253761,okio/AsyncTimeout$Companion,38,67,56.72
b12bceb10c19af67,okhttp3/internal/platform/AndroidPlatform,38,84,45.24
e2ea0428be97d0c2,androidx/lifecycle/ReportFragment,37,51,72.55
4d965a20621b5368,androidx/constraintlayout/core/PriorityGoalRow,37,57,64.91
63ca1db9d12f051f,okhttp3/internal/http/CallServerInterceptor,37,82,45.12
8db84235c321ed0e,androidx/core/content/FileProvider,37,126,29.37
d399b53a88e6e55c,leakcanary/AppWatcher,36,52,69.23
cb23cec22eda8939,androidx/work/impl/WorkContinuationImpl,36,78,46.15
09aa107ee0e1293b,androidx/work/impl/background/greedy/GreedyScheduler,36,95,37.89
52df70719be4f419,io/reactivex/rxjava3/operators/SpscLinkedArrayQueue,36,102,35.29
a005af4f69af24a0,leakcanary/AndroidLeakFixes$Companion,36,54,66.67
ea508ddf11a119bc,shark/AndroidReferenceMatchers$Companion,35,45,77.78
b8d06c4f43697794,androidx/recyclerview/widget/DiffUtil$DiffResult,35,114,30.7
a4176345eccbe271,com/xwray/groupie/NestedGroup,34,78,43.59
f062d3f823009e8a,org/schabi/newpipe/database/AppDatabase_Impl$1,34,225,15.11
e33f882e3a5bd8eb,androidx/appcompat/widget/AppCompatEditText,34,113,30.09
e2dd8fbc91ac9abc,org/schabi/newpipe/util/ThemeHelper,33,121,27.27
b5f9333fe446ce86,androidx/work/Data,33,214,15.42
a29815c42f82c986,okhttp3/internal/http2/Http2ExchangeCodec$Companion,33,38,86.84
911fccc57268b0b6,androidx/work/impl/model/SystemIdInfoDao_Impl,33,51,64.71
193db44406d3dd0c,androidx/constraintlayout/core/widgets/ConstraintAnchor,32,180,17.78
753a775dbf9e6c69,androidx/cardview/widget/RoundRectDrawable,32,85,37.65
f62eeb29f97a8c2c,androidx/appcompat/widget/TintTypedArray,32,62,51.61
a476287b621b739d,okhttp3/Address,32,84,38.1
216daaaa4af183b3,okhttp3/internal/concurrent/TaskQueue,32,152,21.05
dba24529b303a124,androidx/fragment/app/FragmentStatePagerAdapterMenuWorkaround,32,116,27.59
e18dae591cf37abe,androidx/room/RoomDatabase$Builder,31,105,29.52
4b58e155499983e8,okhttp3/Headers$Companion,31,78,39.74
baf063e4bee30a54,org/schabi/newpipe/extractor/utils/Utils,31,140,22.14
9536f101fc91b14e,androidx/appcompat/app/AppCompatDelegateImpl$AppCompatWindowCallback,31,81,38.27
dbe5faf9ecc51e38,androidx/work/impl/WorkDatabase_Impl$1,31,148,20.95
5e48a4cf7bf88992,androidx/work/impl/background/systemjob/SystemJobInfoConverter,31,74,41.89
afb2798a1ef0102d,okhttp3/internal/platform/Platform$Companion,31,61,50.82
abe50e6cd8aa338e,androidx/cardview/widget/CardView,30,84,35.71
6e6383d4bf7b1b22,androidx/recyclerview/widget/DefaultItemAnimator,30,349,8.6
18bfcce155c2c154,androidx/arch/core/internal/SafeIterableMap,30,73,41.1
3a617f0af297895b,org/schabi/newpipe/util/ReleaseVersionUtil,30,54,55.56
7bbf2e749234ebdc,androidx/work/Constraints,29,54,53.7
9e42b92c69ade2fe,androidx/recyclerview/widget/RecyclerView$RecycledViewPool,29,70,41.43
99f893c4c4081ed0,org/schabi/newpipe/database/feed/dao/FeedDAO_Impl,29,123,23.58
2db614fcae27b5e7,okhttp3/internal/http2/Http2ExchangeCodec,29,43,67.44
e01a37a6825ee19a,androidx/coordinatorlayout/widget/DirectedAcyclicGraph,29,71,40.85
7a0fecb02115ad76,androidx/appcompat/widget/AppCompatImageView,29,84,34.52
4aae33ce5c0e7ee3,androidx/appcompat/widget/AppCompatButton,29,137,21.17
da3976cac99d992e,org/schabi/newpipe/local/subscription/item/GroupsHeader,29,38,76.32
bbe7cbf725c4ae8e,androidx/fragment/app/SpecialEffectsController$Operation,29,73,39.73
1c45c49e9842bd31,okhttp3/internal/http2/Http2Connection$Builder,28,50,56.0
3dc60760d31da52e,androidx/appcompat/view/menu/BaseMenuPresenter,28,64,43.75
66b5567ab6933e78,okhttp3/internal/platform/android/AndroidSocketAdapter,28,46,60.87
14e7c6c627c43b23,androidx/activity/result/ActivityResultRegistry,28,120,23.33
08187006660b4bd4,org/schabi/newpipe/error/UserAction,28,31,90.32
a3c90b4990d36f50,androidx/recyclerview/widget/ChildHelper,28,93,30.11
063e142d7ee0bf4d,androidx/appcompat/widget/AppCompatCheckedTextView,27,101,26.73
f374bda11669ce89,org/acra/startup/StartupProcessorExecutor,27,50,54.0
03a251eff7e0adaa,androidx/room/RoomOpenHelper,27,71,38.03
55fc43b054f48701,androidx/room/RoomSQLiteQuery,27,57,47.37
74e08757d7b1324c,androidx/preference/TwoStatePreference,27,88,30.68
5d55a5208cbe6f64,okhttp3/Headers$Builder,27,73,36.99
c6291a8898ab2de3,com/google/android/material/tabs/TabLayout$Tab,27,84,32.14
f3505722758fef0e,androidx/appcompat/view/SupportMenuInflater,27,66,40.91
d38ba12c1f831b5c,leakcanary/FragmentAndViewModelWatcher,27,36,75.0
c3863adb06af80d4,org/schabi/newpipe/util/DeviceUtils,27,142,19.01
08b559514db02002,androidx/recyclerview/widget/RecyclerView$Adapter,27,62,43.55
2ddd5d7df8a02dcd,org/schabi/newpipe/views/ScrollableTabLayout,27,44,61.36
8e55380ec6db5f37,org/schabi/newpipe/util/ServiceHelper,27,96,28.12
165db649171b4d67,io/reactivex/rxjava3/disposables/CompositeDisposable,27,96,28.12
146ec6b372c7467f,com/grack/nanojson/JsonParser,27,73,36.99
3ffd3546df853ac4,androidx/core/view/ViewCompat$AccessibilityPaneVisibilityManager,26,38,68.42
8b85a3a2e2a24a7b,org/schabi/newpipe/local/subscription/item/FeedGroupCarouselItem,26,41,63.41
a98f61ce1b8be6c4,androidx/work/Configuration,26,34,76.47
cdcc45642ebf6203,androidx/swiperefreshlayout/widget/CircularProgressDrawable,26,122,21.31
d0a4d644683df630,io/reactivex/rxjava3/internal/operators/flowable/FlowableThrottleLatest$ThrottleLatestSubscriber,26,65,40.0
b32a0b9cbcbb31d2,androidx/constraintlayout/core/SolverVariable,26,72,36.11
8ffed49275d6901a,androidx/appcompat/widget/AppCompatImageButton,26,81,32.1
e9ea4721c05eac9a,org/schabi/newpipe/local/bookmark/BookmarkFragment,26,120,21.67
f92671adc33a0461,io/reactivex/rxjava3/internal/operators/flowable/AbstractBackpressureThrottlingSubscriber,26,55,47.27
baa957561750418b,okio/InflaterSource,26,48,54.17
f110e371e87e3305,org/schabi/newpipe/settings/NewPipeSettings,26,50,52.0
f06584388872cb25,leakcanary/LeakCanary,26,33,78.79
fbf5efb3d34ee9c1,com/google/android/material/shape/ShapePath$PathArcOperation,26,32,81.25
f696846704b7c80e,okhttp3/internal/cache/CacheInterceptor,26,108,24.07
76916e0b9dc07c1e,io/reactivex/rxjava3/operators/SpscArrayQueue,25,39,64.1
213cd079ba71991c,okhttp3/internal/platform/android/AndroidLog,25,51,49.02
5958734fbbdc1762,androidx/emoji2/text/SpannableBuilder,25,102,24.51
e6c3eb535f9ed4c0,androidx/lifecycle/ViewModelProvider,25,36,69.44
aef50ee6cfaececa,okio/Segment,25,48,52.08
cbcd0e9ef5e38e3c,androidx/recyclerview/widget/ScrollbarHelper,24,47,51.06
c59f2e3c02918458,okhttp3/MediaType$Companion,24,45,53.33
99a0a6b7801aa9e8,okhttp3/Dispatcher,24,119,20.17
c2ca50cd9f166058,io/reactivex/rxjava3/internal/schedulers/ScheduledRunnable,24,71,33.8
c574479cbf077eb2,androidx/constraintlayout/core/PriorityGoalRow$GoalVariableAccessor,24,46,52.17
c23289052192a656,io/reactivex/rxjava3/internal/operators/flowable/FlowableObserveOn$ObserveOnSubscriber,24,78,30.77
cb81c30b2710eb67,androidx/appcompat/widget/ContentFrameLayout,24,93,25.81
cc55788403d0c670,org/schabi/newpipe/fragments/list/BaseListInfoFragment,24,108,22.22
0f0be6c16ddb9831,okhttp3/internal/connection/Exchange$ResponseBodySource,24,39,61.54
c2a962723033bd22,leakcanary/AndroidLeakFixes$FLUSH_HANDLER_THREADS$apply$flushNewHandlerThread$1,24,31,77.42
7eccd14e02aa3cb3,androidx/fragment/app/FragmentContainerView,24,144,16.67
1b21a8fa68ddb4b0,org/schabi/newpipe/util/InfoCache,23,55,41.82
912ac1d70a8c1e6e,okio/AsyncTimeout,23,50,46.0
fc7967a16abe011c,androidx/work/impl/WorkDatabase,23,26,88.46
2ee01e036d74a5ea,kotlin/collections/CollectionsKt__CollectionsKt,23,126,18.25
966d8347a59055e0,org/schabi/newpipe/BaseFragment,23,40,57.5
e0f6fbadacda8832,org/schabi/newpipe/util/Localization,23,111,20.72
98e48d8216c8a5a0,okhttp3/EventListener,23,32,71.88
e5b7d02ea048513f,okhttp3/internal/http/RetryAndFollowUpInterceptor,23,166,13.86
bc8a21ad43210aa6,com/google/android/material/internal/ThemeEnforcement,22,55,40.0
cf468517b8ba0734,androidx/lifecycle/ProcessLifecycleOwner,22,37,59.46
4b9c8622340ad07d,okhttp3/Response,22,67,32.84
eb6646076466899b,com/squareup/picasso/Dispatcher,22,236,9.32
cae5817a89a34384,okhttp3/internal/http2/Settings,22,37,59.46
56e5d0a01c62f75a,androidx/recyclerview/widget/OrientationHelper$2,22,25,88.0
b1b7bb2fdb4d182b,androidx/appcompat/view/ContextThemeWrapper,22,55,40.0
1cba3f981b3b00c2,androidx/core/view/ViewParentCompat,22,92,23.91
b38ad6bb569c0f97,io/reactivex/rxjava3/processors/BehaviorProcessor$BehaviorSubscription,22,62,35.48
0764a0a4c9b4482b,io/reactivex/rxjava3/plugins/RxJavaPlugins,22,242,9.09
5fd9adef8eca294b,io/reactivex/rxjava3/processors/BehaviorProcessor,22,104,21.15
fc344ab3b501594e,io/reactivex/rxjava3/internal/operators/maybe/MaybeConcatArray$ConcatMaybeObserver,21,37,56.76
63e4943f497fa48d,org/acra/util/StreamReader,21,68,30.88
9103f23e1b9e34fc,org/schabi/newpipe/database/feed/dao/FeedDAO_Impl$7,21,72,29.17
3e80c3e953f1273d,io/reactivex/rxjava3/internal/subscriptions/SubscriptionArbiter,21,105,20.0
f1a09a16ab213750,okio/SegmentPool,21,34,61.76
21c7fbbd2d6c8c5d,androidx/emoji2/viewsintegration/EmojiTextViewHelper$HelperInternal19,21,48,43.75
d152489c03024f2b,androidx/room/InvalidationTracker$ObservedTableTracker,21,34,61.76
a3fe91b730202000,androidx/preference/ListPreference,21,73,28.77
414f09936beb426c,androidx/coordinatorlayout/widget/ViewGroupUtils,20,27,74.07
4d3f0b92cdfdb198,okhttp3/CertificatePinner,20,83,24.1
d1417453a9039e71,io/reactivex/rxjava3/internal/operators/flowable/FlowableSubscribeOn$SubscribeOnSubscriber,20,36,55.56
1730337b296df7ef,androidx/core/content/res/TypedArrayUtils,20,71,28.17
bfe0419ab0ac5126,kotlin/text/StringsKt__StringsJVMKt,20,352,5.68
9c150d9167328f67,org/schabi/newpipe/views/FocusAwareDrawerLayout,20,32,62.5
f341e84d80aa3c86,io/reactivex/rxjava3/core/Observable,20,1243,1.61
9b0b3fb5e0b1846a,androidx/appcompat/widget/AppCompatBackgroundHelper,20,85,23.53
6df49c5ee23a79a1,io/reactivex/rxjava3/internal/operators/flowable/FlowableCreate$LatestAsyncEmitter,20,58,34.48
e8d63a9bc37ef8c9,androidx/recyclerview/widget/RecyclerView$RecyclerViewDataObserver,20,42,47.62
14c17848a3fbb9a4,androidx/room/rxjava3/RxRoom,20,43,46.51
6debd27adb2f18df,androidx/appcompat/app/AppCompatDelegate,20,46,43.48
10e5fb927856219d,okio/AsyncTimeout$sink$1,20,64,31.25
be8863af70bdf11e,androidx/work/impl/model/WorkTypeConverters$1,20,35,57.14
c8e660faf51bc6c4,okhttp3/Headers,20,76,26.32
7eb3dd6336671e2b,androidx/work/WorkRequest$Builder,20,62,32.26
86ac493f48d822da,org/schabi/newpipe/DebugApp,20,22,90.91
d80ea139acfb7159,androidx/fragment/app/FragmentTransaction,19,112,16.96
4e7af3592f6efff5,org/schabi/newpipe/local/feed/FeedViewModel$Companion,19,19,100.0
2b78376acbc3ade5,org/schabi/newpipe/info_list/InfoListAdapter,19,99,19.19
9685ad6e036fd384,io/reactivex/rxjava3/internal/schedulers/IoScheduler,19,26,73.08
17f8af81e516347f,io/reactivex/rxjava3/internal/schedulers/ComputationScheduler,19,33,57.58
fdc3f74037314ddf,org/schabi/newpipe/util/ExtractorHelper,19,128,14.84
6eb232a1587862c2,io/reactivex/rxjava3/internal/schedulers/IoScheduler$CachedWorkerPool,19,41,46.34
0b7531a5da895243,androidx/savedstate/SavedStateRegistry,19,80,23.75
346f29504f893554,com/squareup/picasso/Picasso,19,197,9.64
f1b56e129f6fd84c,org/schabi/newpipe/extractor/downloader/Downloader,19,33,57.58
a19877720be0effc,org/ocpsoft/prettytime/impl/ResourcesTimeFormat,19,46,41.3
1bc7e601b1122bc6,io/reactivex/rxjava3/core/Maybe,19,479,3.97
e0f475bea13e9895,org/schabi/newpipe/local/feed/FeedDatabaseManager,19,134,14.18
4822813d6a86a50d,icepick/Icepick,19,41,46.34
f9c83a3f946ae92a,leakcanary/AppWatcher$Config,18,73,24.66
13670c9ed5178b4a,androidx/work/impl/model/WorkTagDao_Impl,18,38,47.37
a8977f42cbb475ba,androidx/swiperefreshlayout/widget/CircularProgressDrawable$Ring,18,94,19.15
be706f833d9f8023,androidx/work/impl/model/WorkProgressDao_Impl,18,69,26.09
491266520ca5ba1f,androidx/preference/MultiSelectListPreference,18,48,37.5
f8e698427337fe67,org/schabi/newpipe/extractor/downloader/Request,18,44,40.91
3d0b112c4c22b9b4,kotlin/collections/MapsKt__MapsKt,18,269,6.69
d628156a0509bc2f,androidx/lifecycle/SavedStateHandleSupport,18,48,37.5
c1af5134824a09d3,shark/ObjectInspectors$Companion,18,18,100.0
a3023ce61c0fb4ed,leakcanary/internal/HeapDumpControl,18,49,36.73
6273f4dee210d67c,io/reactivex/rxjava3/core/Single,18,414,4.35
73206cf77c0cda1e,okhttp3/internal/http2/Http2,18,44,40.91
339dc3f810805e07,org/schabi/newpipe/extractor/localization/Localization,18,37,48.65
652d7e278520d057,androidx/appcompat/app/ActionBarDrawerToggle,18,96,18.75
381e69aec72fc864,io/reactivex/rxjava3/internal/subscriptions/SubscriptionHelper,18,68,26.47
e6131e86883224cd,io/reactivex/rxjava3/internal/queue/MpscLinkedQueue,18,34,52.94
65bc66f4440805f1,androidx/lifecycle/SavedStateViewModelFactory,18,66,27.27
842f06f411842f7e,kotlin/jvm/internal/Intrinsics,18,122,14.75
7b038915be6ce75a,org/schabi/newpipe/extractor/kiosk/KioskList,18,38,47.37
a60cfebaeea9268a,org/schabi/newpipe/ktx/ExceptionUtils,18,25,72.0
4c931d2836f36b3f,io/reactivex/rxjava3/internal/util/OpenHashSet,18,48,37.5
fcbf51cae8982f3c,curtains/internal/WindowSpy,18,23,78.26
8ed90cb7bfe6b25d,org/acra/reporter/ErrorReporterImpl,17,71,23.94
f2ff776f2092bf64,androidx/preference/EditTextPreference,17,35,48.57
1cfe03d8647d35b5,org/schabi/newpipe/extractor/NewPipe,17,42,40.48
faee59f36d1d99f8,okhttp3/internal/platform/Platform,17,69,24.64
510625886c3de56a,shark/AndroidObjectInspectors$Companion,17,18,94.44
690f6e6ca60d0f08,androidx/sqlite/db/framework/FrameworkSQLiteDatabase,17,87,19.54
4fe86372e4b08fb3,androidx/recyclerview/widget/DiffUtil,17,99,17.17
e4e000c0dc8f2d15,curtains/internal/WindowManagerSpy,17,35,48.57
48fa8af40558a089,org/acra/plugins/ServicePluginLoader,17,36,47.22
5b864ba2b1a9f5df,androidx/tracing/Trace,17,71,23.94
0cfdbb50bd8567e6,androidx/work/impl/utils/StopWorkRunnable,17,24,70.83
593a499d361679d5,okhttp3/Handshake$Companion,17,32,53.12
be70adba20471d5d,androidx/fragment/app/strictmode/FragmentStrictMode,17,149,11.41
463e1f2829370cf4,androidx/fragment/app/FragmentManagerViewModel,17,156,10.9
b95b138ebce2d7c3,com/xwray/groupie/Item,17,42,40.48
1b7acd8fd6e0e5cc,androidx/room/InvalidationTracker$1,17,57,29.82
5cdddb23039804ff,androidx/work/impl/model/WorkSpec,17,111,15.32
3ffc32eea32f398f,androidx/arch/core/internal/SafeIterableMap$IteratorWithAdditions,17,20,85.0
cf69db34ec53ee39,androidx/constraintlayout/core/widgets/ConstraintWidget$1,16,29,55.17
09b27ce3521be862,com/google/android/material/navigation/NavigationView$2,16,27,59.26
9893b9e6edb935ca,org/schabi/newpipe/player/gesture/CustomBottomSheetBehavior,16,41,39.02
b48fb50eaecec9e7,androidx/appcompat/widget/TooltipCompatHandler,16,85,18.82
5f1210c16d33ad99,androidx/recyclerview/widget/RecyclerView$5,16,46,34.78
0db7fc58e53799c4,kotlin/collections/ArraysKt___ArraysKt,16,10166,0.16
dccadb5bdb2d0be6,androidx/recyclerview/widget/ChildHelper$Bucket,16,61,26.23
0ff408e9b4a7eb71,okhttp3/internal/http2/Header,16,29,55.17
ccf0f72c4152d436,androidx/sqlite/db/framework/FrameworkSQLiteOpenHelper,16,27,59.26
a64e5fab43e1801b,org/acra/data/CrashReportDataFactory,16,85,18.82
34d3fccac1bcccb3,org/schabi/newpipe/fragments/list/kiosk/KioskFragment,16,38,42.11
df6822ec9d7c3932,okhttp3/internal/http2/ErrorCode,16,19,84.21
56a0f12449ff7b6d,androidx/savedstate/SavedStateRegistryController,16,25,64.0
3810b45d9bd20772,com/google/android/material/tabs/TabIndicatorInterpolator,16,26,61.54
1e64dae186ed0b7f,androidx/core/view/ViewCompat$AccessibilityViewProperty,16,40,40.0
dbc7962cb6036e64,androidx/lifecycle/Lifecycle$Event,16,31,51.61
ed805666cbdeeede,io/reactivex/rxjava3/internal/functions/Functions,15,47,31.91
653cadd5d2047560,androidx/fragment/app/FragmentController,15,52,28.85
3223803585d9f7e8,androidx/cardview/widget/CardViewApi21Impl,15,33,45.45
7cdc67561bb66ee7,androidx/work/impl/model/PreferenceDao_Impl,15,29,51.72
0ecd74124eb279e7,androidx/preference/SwitchPreferenceCompat,15,45,33.33
c0d569f16bbab687,io/reactivex/rxjava3/internal/schedulers/ExecutorScheduler$ExecutorWorker,15,64,23.44
a4321acfa2b18207,androidx/arch/core/executor/DefaultTaskExecutor,15,27,55.56
5ac3cad915f012eb,org/schabi/newpipe/local/LocalItemListAdapter,15,138,10.87
9f65e31c01f3ee66,androidx/swiperefreshlayout/widget/CircleImageView,15,36,41.67
858d4eb4116ede07,androidx/core/view/MenuItemCompat,15,87,17.24
2a19cf378c5a6475,androidx/lifecycle/Lifecycle$1,15,27,55.56
0eb5620637575d36,com/google/android/material/shadow/ShadowRenderer,15,44,34.09
e288d688c3c82dad,okhttp3/MediaType,15,38,39.47
e2fd916b9357373c,com/facebook/stetho/inspector/elements/android/ActivityTracker,15,48,31.25
744aee257ad3074a,com/xwray/groupie/NestedGroup$GroupDataObservable,15,56,26.79
7c66432204c151f1,androidx/fragment/app/SpecialEffectsController$FragmentStateManagerOperation,14,31,45.16
12c3edae18eadda0,androidx/appcompat/widget/AppCompatCheckedTextViewHelper,14,58,24.14
0478a8fc32b28d57,androidx/work/impl/constraints/trackers/Trackers,14,15,93.33
ed7a3fad0d03c122,okio/OutputStreamSink,14,18,77.78
3f61ee6f1dce1027,androidx/appcompat/widget/AppCompatTextViewAutoSizeHelper$Api23Impl,14,18,77.78
9e9ada5382e69f92,androidx/appcompat/widget/ViewUtils,14,34,41.18
1d9a1f23bd81d680,shark/AndroidReferenceMatchers$REFERENCES,14,14,100.0
cb93c8a8127239d8,androidx/fragment/app/SpecialEffectsController$Operation$State,14,35,40.0
5e5a212d46600365,androidx/sqlite/db/framework/FrameworkSQLiteOpenHelper$OpenHelper,14,29,48.28
49f944320e8cd46b,leakcanary/internal/VisibilityTracker,14,34,41.18
16435f69ebb7354f,org/schabi/newpipe/databinding/FragmentFeedBinding,14,35,40.0
b2504b747b466fc8,androidx/emoji2/viewsintegration/EmojiTextWatcher,14,49,28.57
b0af8c4896a572b4,okhttp3/internal/http/HttpMethod,14,40,35.0
454c53a29c4c3f68,org/schabi/newpipe/extractor/downloader/Response,14,21,66.67
35bb15654ab6a59a,androidx/room/SharedSQLiteStatement,14,17,82.35
b5f8b5ffbd31367c,androidx/fragment/app/FragmentActivity$HostCallbacks,14,31,45.16
104404d496814e09,androidx/core/os/TraceCompat,14,53,26.42
090b60d80feb5a3b,curtains/internal/RootViewsSpy$delegatingViewList$1,14,32,43.75
6a9465dbc8e17885,io/reactivex/rxjava3/internal/operators/flowable/FlowableObserveOn$BaseObserveOnSubscriber,14,61,22.95
3cdbdeb3d0e8fdf5,io/reactivex/rxjava3/internal/operators/flowable/FlowableConcatArray$ConcatArraySubscriber,14,33,42.42
bef6c048a9df67e9,androidx/recyclerview/widget/ViewBoundsCheck,14,31,45.16
51a438779de78fa4,org/schabi/newpipe/database/subscription/SubscriptionDAO_Impl$7,14,40,35.0
c38da36296940935,com/facebook/stetho/common/ProcessUtil,14,23,60.87
399449bcb7806601,androidx/work/impl/model/WorkTypeConverters,14,115,12.17
ced90a5582d56e75,io/reactivex/rxjava3/internal/schedulers/NewThreadWorker,13,48,27.08
431327a9cfea6fa0,androidx/core/view/KeyEventDispatcher,13,74,17.57
79195bf2c8f12c89,androidx/emoji2/text/EmojiCompatInitializer,13,14,92.86
8ff58a434dd5087f,androidx/recyclerview/widget/ViewBoundsCheck$BoundFlags,13,24,54.17
e12e8109a7459342,org/schabi/newpipe/extractor/services/youtube/extractors/YoutubeTrendingExtractor,13,83,15.66
19d03149cdb1c37a,androidx/constraintlayout/core/widgets/Optimizer,13,30,43.33
210bb505328be363,androidx/fragment/app/DefaultSpecialEffectsController$TransitionInfo,13,45,28.89
05966d17d06cdaeb,androidx/arch/core/executor/ArchTaskExecutor,13,19,68.42
7b274c267761c218,androidx/work/Logger,13,13,100.0
2c5395ab3e5b8f97,org/schabi/newpipe/database/playlist/dao/PlaylistRemoteDAO_Impl$6,13,31,41.94
11ec44f9ee69a318,org/schabi/newpipe/util/PicassoHelper,13,49,26.53
8070e70cb10f0806,okhttp3/internal/http2/Http2Reader$ContinuationSource,13,31,41.94
2d7b31fdb3dc643f,androidx/constraintlayout/core/widgets/WidgetContainer,13,49,26.53
cde2c4038a7d0744,org/acra/collector/ConfigurationCollector$Prefix,13,14,92.86
4f21e55ed77e7426,okhttp3/internal/concurrent/TaskRunner$runnable$1,13,28,46.43
b5959da49986a51e,androidx/collection/LruCache,13,86,15.12
638caf9e7d952104,okio/ByteString$Companion,13,70,18.57
6035202ddd6a8567,androidx/work/Data$Builder,13,57,22.81
c73cb922aabfbb92,org/schabi/newpipe/fragments/list/kiosk/DefaultKioskFragment,13,21,61.9
3cf74bc20261fe3f,androidx/work/impl/utils/SerialExecutor,13,21,61.9
1f1a578a0db727b6,com/facebook/stetho/server/LocalSocketServer,13,49,26.53
901cb53798dee862,okhttp3/internal/connection/ConnectionSpecSelector,13,32,40.62
d862b8be124e1fed,leakcanary/WorkManagerHeapAnalyzer$validWorkManagerInClasspath$2,13,19,68.42
48b69f555326c691,androidx/recyclerview/widget/RecyclerView$AdapterDataObservable,13,29,44.83
eae1692cf982cf26,kotlin/collections/ArraysKt___ArraysJvmKt,13,1151,1.13
26757b2d6fbbaef5,com/google/android/material/ripple/RippleUtils,13,49,26.53
78dffc2ff65affff,okhttp3/CipherSuite$Companion$ORDER_BY_NAME$1,13,16,81.25
1ace9f50706d6208,androidx/emoji2/text/DefaultEmojiCompatConfig$DefaultEmojiCompatConfigFactory,13,40,32.5
d59bc973b7cc8262,androidx/work/impl/utils/IdGenerator,13,45,28.89
4743f42e5f1f1cb2,okhttp3/Request,13,54,24.07
f198f2d4954e4f82,io/reactivex/rxjava3/internal/subscribers/BasicFuseableSubscriber,12,34,35.29
aa5fdcfc82896b4f,androidx/work/impl/utils/PackageManagerHelper,12,24,50.0
c3a86a2508cffc1e,androidx/room/RoomDatabase$MigrationContainer,12,54,22.22
59e6c7401269168f,org/schabi/newpipe/NewVersionWorker$Companion,12,12,100.0
309bdc18f9d73867,com/google/android/material/internal/ScrimInsetsFrameLayout,12,45,26.67
b037029580f611d1,com/squareup/picasso/Utils,12,147,8.16
9aee92ffefa7ef96,androidx/emoji2/viewsintegration/EmojiEditableFactory,12,17,70.59
995898d3113c829c,okhttp3/internal/http/StatusLine$Companion,12,29,41.38
957c2fdc0f993194,io/reactivex/rxjava3/internal/disposables/DisposableHelper,12,53,22.64
a350215880fa979d,okhttp3/internal/concurrent/TaskRunner$RealBackend,12,16,75.0
2ab3352ffa292348,org/schabi/newpipe/JacocoInstrument/JacocoInstrumentation,12,53,22.64
599c9ac05d9819e6,androidx/lifecycle/ViewModelProvider$AndroidViewModelFactory,12,33,36.36
403fa4e08b54792c,okhttp3/internal/HostnamesKt,12,104,11.54
47dc3d2191e3c5b4,org/acra/file/ReportLocator,12,17,70.59
28c7d6abcbe8a1e9,androidx/work/impl/utils/ProcessUtils,12,37,32.43
6f33b1c8e82595d0,org/schabi/newpipe/extractor/Extractor,12,27,44.44
39188882d94b48bf,androidx/appcompat/widget/RtlSpacingHelper,12,36,33.33
65fae960a7809c91,org/schabi/newpipe/database/feed/dao/FeedGroupDAO_Impl,12,108,11.11
cb32e70775641b3c,org/schabi/newpipe/util/NavigationHelper,12,270,4.44
f98003cf36a2b028,com/squareup/picasso/Picasso$Builder,12,55,21.82
426d709de2998bac,io/reactivex/rxjava3/internal/subscribers/StrictSubscriber,12,26,46.15
e33cf84b79ca53e2,androidx/coordinatorlayout/widget/CoordinatorLayout$Behavior,12,51,23.53
d3b253b956f3dfc5,androidx/core/view/ViewConfigurationCompat,12,38,31.58
8808d4e9bd16e5f9,com/xwray/groupie/GroupieViewHolder,12,29,41.38
ded859b416870013,okhttp3/internal/connection/Exchange$RequestBodySink,12,32,37.5
234be2d564b08131,androidx/work/impl/utils/CancelWorkRunnable,12,36,33.33
69855fd3a71add83,org/schabi/newpipe/util/StateSaver,12,133,9.02
0aadaef98c4393c6,androidx/appcompat/widget/AppCompatDrawableManager,12,21,57.14
78fbe4a713a3e5cd,kotlin/io/TextStreamsKt,12,74,16.22
2a3c9547ec391386,com/google/android/material/elevation/ElevationOverlayProvider,12,44,27.27
ea9d732296488665,androidx/lifecycle/SavedStateViewModelFactoryKt,11,30,36.67
e195a0beaed4e5be,androidx/fragment/app/FragmentViewLifecycleOwner,11,29,37.93
7369c95487221932,org/acra/builder/LastActivityManager$1,11,44,25.0
3d571ccf5f280540,org/acra/file/Directory,11,13,84.62
79c33606f36a5111,androidx/work/WorkerFactory,11,22,50.0
736d63ad65d439dd,curtains/internal/WindowCallbackWrapper$Companion,11,30,36.67
860a78f6632e905f,com/xwray/groupie/GroupUtils,11,13,84.62
93ad0557d122afb9,org/schabi/newpipe/settings/tabs/TabsManager,11,29,37.93
379bd61643cca738,androidx/work/WorkInfo$State,11,15,73.33
29e267ad314e3ce6,com/facebook/stetho/inspector/network/NetworkEventReporterImpl,11,203,5.42
6f527f31082a8b07,androidx/appcompat/widget/ViewStubCompat,11,44,25.0
e630a7ed6d829b3a,okio/internal/_ByteStringKt,11,683,1.61
c598e4053f94eb41,androidx/emoji2/text/EmojiCompatInitializer$BackgroundDefaultLoader,11,13,84.62
0b9adbd7004f84d9,org/schabi/newpipe/database/subscription/SubscriptionDAO_Impl,11,173,6.36
49c4a2411a9567aa,okhttp3/internal/platform/android/StandardAndroidSocketAdapter$Companion,11,16,68.75
89c9576add0d7d5f,org/schabi/newpipe/NewVersionWorker,11,79,13.92
6637eb2d9cdea40b,leakcanary/internal/InternalLeakCanary$registerResumedActivityListener$1,11,16,68.75
d729c2054318cdbc,okhttp3/CacheControl$Companion,11,62,17.74
a295cd34d8d69d0d,androidx/room/Room,11,27,40.74
abb26818aada7f42,androidx/collection/ContainerHelpers,11,27,40.74
76ece5f1f928f46a,okhttp3/internal/cache/DiskLruCache,11,375,2.93
8a38d4f5337b23c5,org/acra/collector/MediaCodecListCollector,11,118,9.32
c51ad446ac7583bf,org/schabi/newpipe/databinding/ActivityMainBinding,11,20,55.0
7668404c11f920e3,androidx/recyclerview/widget/RecyclerView$LayoutManager$2,11,11,100.0
da5c8786dadbc4cc,androidx/core/graphics/TypefaceCompatApi24Impl,11,49,22.45
bbb88eb12bb1f8d0,org/schabi/newpipe/settings/tabs/Tab$Type,11,14,78.57
4924d01528421d53,io/reactivex/rxjava3/core/Scheduler,11,29,37.93
328a929d9a6f42e7,org/schabi/newpipe/extractor/StreamingService,11,55,20.0
b5e0cdda81e99207,androidx/appcompat/widget/AppCompatEmojiEditTextHelper,11,18,61.11
f6a3cd38ca3b0260,okhttp3/internal/concurrent/Task,11,18,61.11
743043c226d2e23e,leakcanary/FragmentAndViewModelWatcher$lifecycleCallbacks$1,11,15,73.33
5607ffc5b447df48,okhttp3/CacheControl,11,66,16.67
f99bdbc9c2f38b69,com/google/android/material/shape/MaterialShapeUtils,11,18,61.11
4875adf699f401e9,okio/InputStreamSource,10,26,38.46
9a1e8c74b63b662f,org/schabi/newpipe/player/helper/PlayerHolder,10,72,13.89
d0bafdddf96b51f6,com/google/android/material/shape/ShapePath$PathLineOperation,10,10,100.0
71d14c87d623f394,org/schabi/newpipe/database/feed/dao/FeedGroupDAO_Impl$8,10,21,47.62
2f2a85e70c1db9dd,org/schabi/newpipe/extractor/localization/ContentCountry,10,14,71.43
d9a5457cc982f4df,org/schabi/newpipe/error/ErrorInfo,10,34,29.41
1be632308ff31e8b,shark/AndroidObjectInspectors,10,14,71.43
1383e1004281b4bc,org/schabi/newpipe/local/subscription/item/FeedGroupCardItem,10,41,24.39
b60d80e1927f8968,okhttp3/CacheControl$Builder,10,32,31.25
f32dd17db22bc4d1,org/schabi/newpipe/database/playlist/dao/PlaylistStreamDAO_Impl,10,92,10.87
0778810d07517556,androidx/fragment/app/strictmode/FragmentStrictMode$Flag,10,12,83.33
79145c7cede3d997,okhttp3/internal/cache/CacheInterceptor$Companion,10,61,16.39
0b709cb3e2782c0c,androidx/fragment/app/SpecialEffectsController$3,10,17,58.82
ecc9d5a868097e65,androidx/core/view/ViewCompat$Api21Impl,10,40,25.0
399efcc77e627c60,leakcanary/internal/AndroidXFragmentDestroyWatcher,10,11,90.91
3e643bdfb0d4ade0,com/google/android/material/theme/overlay/MaterialThemeOverlay,10,26,38.46
c1e7275fbfa7ae4c,okhttp3/CipherSuite$Companion,10,22,45.45
3ec2f0c1166bd2be,com/google/android/material/tabs/TabLayout$TabLayoutOnPageChangeListener,10,30,33.33
f43c2948e05998c7,org/schabi/newpipe/extractor/services/youtube/YoutubeService,10,33,30.3
cd13d0a6bf6bfbc6,leakcanary/internal/LeakCanaryFileProvider,10,62,16.13
baa52df14376efd8,io/reactivex/rxjava3/internal/subscribers/LambdaSubscriber,10,42,23.81
af1394f4946e3fed,androidx/arch/core/internal/SafeIterableMap$ListIterator,10,21,47.62
60bc7614fbad3efc,io/reactivex/rxjava3/internal/schedulers/RxThreadFactory,10,11,90.91
d1daafa039f68cc5,androidx/preference/DialogPreference,10,32,31.25
90132c60e787144d,androidx/lifecycle/Lifecycle$State,10,11,90.91
15683ee012fe1258,okhttp3/RequestBody$Companion,10,50,20.0
28ced4daf7caba0a,androidx/appcompat/app/ActionBarDrawerToggle$ToolbarCompatDelegate,10,12,83.33
744652b0d2ccbd3d,org/schabi/newpipe/extractor/linkhandler/ListLinkHandlerFactory,10,21,47.62
4d97f5b2b4dda05f,org/schabi/newpipe/database/feed/dao/FeedDAO_Impl$9,10,13,76.92
742c36378900c713,com/squareup/picasso/Dispatcher$NetworkBroadcastReceiver,10,17,58.82
71261b495196cdfd,okhttp3/Protocol,10,13,76.92
0aee74cb10358036,androidx/lifecycle/viewmodel/MutableCreationExtras,10,11,90.91
8abe039efa2e20aa,androidx/fragment/app/FragmentAnim,10,68,14.71
b0ddf2878af9a2ef,androidx/room/TransactionExecutor,10,10,100.0
f06a396d90d2efc0,org/schabi/newpipe/database/playlist/dao/PlaylistRemoteDAO_Impl,10,95,10.53
ac68075fc9b2214d,androidx/appcompat/widget/AppCompatDrawableManager$1,10,152,6.58
9e518fa7996bcdc3,androidx/work/impl/model/DependencyDao_Impl,10,70,14.29
1a723ce2dabc5179,curtains/internal/WindowSpy$windowField$2,10,15,66.67
8ce0830656977d8a,okhttp3/ResponseBody$Companion,10,41,24.39
baa048c2dc77965c,org/schabi/newpipe/local/feed/notifications/NotificationWorker$Companion,10,42,23.81
2f7d03985db2683a,okio/Utf8,10,347,2.88
7ed36378d13fc13a,androidx/recyclerview/widget/GapWorker$LayoutPrefetchRegistryImpl,10,40,25.0
bb2114c472a97599,org/schabi/newpipe/local/feed/FeedState$LoadedState,10,37,27.03
807a040024e880e9,io/reactivex/rxjava3/internal/operators/single/SingleObserveOn$ObserveOnSingleObserver,10,17,58.82
db71238713c1a0eb,org/schabi/newpipe/NewPipeDatabase,10,29,34.48
fdb17b6c12d8bc0b,io/reactivex/rxjava3/internal/schedulers/SingleScheduler,10,46,21.74
2e4ddeb4f42154ec,androidx/room/RoomDatabase$JournalMode,9,17,52.94
a68f509edc6aeecd,leakcanary/AndroidLeakFixes$IMM_CUR_ROOT_VIEW,9,29,31.03
5a1e0485ba5d4bbe,okio/AsyncTimeout$Watchdog,9,14,64.29
6c74cefd35d3d1a7,androidx/constraintlayout/core/Pools$SimplePool,9,18,50.0
4d1a9cd0ec91cbfe,androidx/core/graphics/drawable/DrawableCompat,9,117,7.69
65c44c7c06bb770c,org/schabi/newpipe/extractor/downloader/Request$Builder,9,24,37.5
1a29805265cf9d39,com/jakewharton/processphoenix/ProcessPhoenix,9,31,29.03
7a69d557ca6eca76,io/reactivex/rxjava3/internal/operators/single/SingleFromCallable,9,15,60.0
ec38ad22931a69d4,io/reactivex/rxjava3/internal/queue/MpscLinkedQueue$LinkedQueueNode,9,9,100.0
6480b464d5f19330,androidx/fragment/app/DefaultSpecialEffectsController$SpecialEffectsInfo,9,14,64.29
3d0fc81f9b4141ae,org/schabi/newpipe/settings/SettingMigrations,9,23,39.13
87eb32b3dae4ce99,okio/Timeout,9,94,9.57
2fb114ca0a2f054e,curtains/internal/WindowCallbackWrapper$Companion$jetpackWrappedField$2,9,11,81.82
244f8932b2399948,androidx/activity/contextaware/ContextAwareHelper,9,14,64.29
1fb8a8f6add05af7,com/grack/nanojson/JsonBuilder,9,61,14.75
92b388d0759b4c3d,kotlin/SynchronizedLazyImpl,9,20,45.0
f1d14435074395a7,org/schabi/newpipe/database/stream/dao/StreamDAO_Impl,9,151,5.96
db0ec09c8789d332,androidx/core/view/AccessibilityDelegateCompat,9,65,13.85
1496015925b20da7,okio/internal/_BufferKt,9,867,1.04
138590001f519189,org/schabi/newpipe/local/subscription/item/Header,9,9,100.0
ac2eae25fb79c957,org/schabi/newpipe/error/ErrorInfo$Companion,9,37,24.32
196559f81876eaad,okhttp3/ResponseBody,9,63,14.29
a194206860c0ba04,io/reactivex/rxjava3/schedulers/Schedulers,9,25,36.0
8aa2e9566d1fa751,org/schabi/newpipe/settings/tabs/TabsJsonHelper,9,38,23.68
b7523dbda9e87f80,androidx/fragment/app/strictmode/FragmentStrictMode$Policy,9,14,64.29
61cd017cf8132126,kotlin/text/Regex,9,94,9.57
1fbc2404c007d7dc,androidx/lifecycle/FullLifecycleObserverAdapter$1,9,16,56.25
b4d71ad4ddf90dd3,org/schabi/newpipe/views/FocusAwareCoordinator,9,33,27.27
5ab64f8976907f5d,leakcanary/internal/InternalLeakCanary$invoke$2$1,9,12,75.0
59a1f4bdf00d9896,androidx/fragment/app/FragmentManager$FragmentLifecycleCallbacks,9,15,60.0
351edaad0d05112a,org/ocpsoft/prettytime/format/SimpleTimeFormat,9,70,12.86
286cdb2e79af67cd,org/schabi/newpipe/settings/tabs/Tab$DefaultKioskTab,9,12,75.0
a2f4508f0725fb95,androidx/appcompat/view/WindowCallbackWrapper,9,29,31.03
300f3467236d2667,okio/Okio__JvmOkioKt,9,53,16.98
3ce540d470caae96,androidx/lifecycle/ViewModelProvider$AndroidViewModelFactory$Companion,9,11,81.82
b4fc688f3e72560a,org/schabi/newpipe/local/history/HistoryRecordManager,9,138,6.52
ce86a715c76906f7,androidx/appcompat/widget/AppCompatEmojiTextHelper,9,14,64.29
99e728fd317ec1b2,androidx/cardview/widget/CardView$1,9,16,56.25
3cf44d27b5c36e60,okhttp3/internal/platform/android/CloseGuard$Companion,9,10,90.0
3297e748f98dec27,org/schabi/newpipe/database/playlist/dao/PlaylistStreamDAO_Impl$10,9,21,42.86
6846008892ea392e,androidx/arch/core/internal/FastSafeIterableMap,9,11,81.82
24e8edd83a417747,androidx/lifecycle/viewmodel/InitializerViewModelFactory,9,14,64.29
37684b93bd2e8664,androidx/core/app/ComponentActivity,8,45,17.78
a7d686bd965ca02d,androidx/fragment/app/FragmentHostCallback,8,28,28.57
466c0598cd4e16b4,okio/_UtilKt,8,76,10.53
927b7ceba24886fc,androidx/work/impl/utils/taskexecutor/WorkManagerTaskExecutor,8,8,100.0
843693fc02557de0,androidx/emoji2/text/EmojiCompat$ListenerDispatcher,8,14,57.14
4332d4481013eded,com/squareup/picasso/Picasso$CleanupThread,8,15,53.33
4198b6676247efde,io/reactivex/rxjava3/internal/observers/BlockingMultiObserver,8,66,12.12
0e79d83aacdeb43f,androidx/constraintlayout/core/widgets/analyzer/DependencyGraph,8,669,1.2
27623c318ce9bb9d,leakcanary/internal/LeakCanaryDelegate$loadLeakCanary$2,8,10,80.0
b0bc27ff13c81d57,okhttp3/internal/http/RequestLine,8,22,36.36
7be23a6e0b97b303,org/schabi/newpipe/databinding/ErrorPanelBinding,8,23,34.78
5dd9e0bdb2f6e598,androidx/emoji2/viewsintegration/EmojiTextViewHelper$SkippingHelper19,8,18,44.44
8c407c35d459401b,shark/ObjectInspectors,8,10,80.0
8a715f0de863bcdc,androidx/recyclerview/widget/RecyclerView$State,8,31,25.81
05139d61cef476a9,androidx/core/app/NotificationManagerCompat,8,194,4.12
e6112cff5408f230,okhttp3/internal/platform/android/AndroidCertificateChainCleaner$Companion,8,10,80.0
335eac7e10dd2f1e,shark/AndroidReferenceMatchers$INPUT_METHOD_MANAGER_IS_TERRIBLE,8,8,100.0
168aacc282f63bbe,androidx/appcompat/view/ActionBarPolicy,8,39,20.51
162c50e105ac3646,androidx/activity/result/ActivityResultRegistry$1,8,21,38.1
1b77a176ccd15d61,androidx/work/Logger$LogcatLogger,8,36,22.22
74e3cf0483af5407,org/schabi/newpipe/database/stream/dao/StreamStateDAO_Impl,8,78,10.26
045b3cc58e01dd6b,leakcanary/AndroidLeakFixes,8,9,88.89
8f03dd7a85458812,androidx/work/NetworkType,8,9,88.89
f622755583ae0062,androidx/core/view/ViewCompat$Api16Impl,8,20,40.0
79099ce8f54af35e,okhttp3/TlsVersion,8,12,66.67
b169130eda2c175a,androidx/work/impl/utils/CancelWorkRunnable$2,8,11,72.73
84ea6814a7f3d427,org/schabi/newpipe/local/feed/FeedViewModel$CombineResultEventHolder,8,47,17.02
2f1952ffdce7bf02,androidx/work/impl/constraints/trackers/NetworkStateTracker,8,53,15.09
d646c477f36b4242,org/schabi/newpipe/local/bookmark/BookmarkFragment$2,8,13,61.54
7b63312d98975a28,androidx/appcompat/widget/ActionMenuPresenter$OverflowMenuButton,8,25,32.0
a12dfa3f013cafff,org/acra/startup/UnapprovedStartupProcessor,8,23,34.78
98499f7eef7682df,androidx/work/impl/WorkerWrapper$1,8,10,80.0
a4f41a332652c0b0,io/reactivex/rxjava3/internal/schedulers/IoScheduler$EventLoopWorker,8,14,57.14
032d540a409397b2,okhttp3/Route,8,28,28.57
2693854bcec20901,io/reactivex/rxjava3/internal/operators/flowable/FlowableCreate$BaseEmitter,8,40,20.0
a1f75b8ae5f9ffe5,org/schabi/newpipe/database/feed/dao/FeedDAO_Impl$10,8,12,66.67
3f70be2750c9e821,org/acra/scheduler/SchedulerStarter,8,30,26.67
19ed1ec1382980fb,androidx/lifecycle/SavedStateHandlesProvider,8,37,21.62
ee66ab4f3fb04b6e,leakcanary/RootViewWatcher$listener$1,8,20,40.0
716f3ede1e843283,okio/AsyncTimeout$source$1,8,39,20.51
657de3a5aa75fc67,org/acra/prefs/SharedPreferencesFactory$Companion,8,10,80.0
78c0f69c0465d34a,androidx/core/widget/TextViewCompat,8,268,2.99
b03ddb6fba5ea32e,leakcanary/AndroidLeakFixes$TEXT_LINE_POOL$apply$1,8,20,40.0
6b157918afd62c0e,androidx/lifecycle/LiveData$LifecycleBoundObserver,8,14,57.14
29697d1af892b5d4,androidx/work/impl/OperationImpl,8,12,66.67
a61e3bed1eb63ae0,curtains/internal/WindowManagerSpy$windowManagerClass$2,8,11,72.73
ff2038532d9318ad,kotlin/text/Charsets,8,20,40.0
6a7f606f5aa8dd74,kotlin/collections/MutableMapWithDefaultImpl,8,31,25.81
26a358d08e138b30,okhttp3/internal/cache/CacheStrategy$Factory,8,119,6.72
96769c530ca380cc,kotlin/internal/ProgressionUtilKt,8,22,36.36
41df5219bb68a5f2,androidx/work/OverwritingInputMerger,8,8,100.0
f9db6efe5afe2be6,org/schabi/newpipe/extractor/linkhandler/LinkHandlerFactory,8,19,42.11
3692af8e8dce0175,curtains/internal/WindowSpy$decorViewClass$2,8,13,61.54
5af02b9a7499b0eb,org/schabi/newpipe/local/subscription/item/ImportSubscriptionsHintPlaceholderItem,8,8,100.0
7bd829e160d0d08b,androidx/work/impl/WorkDatabase$1,8,8,100.0
59ce4420659d183e,io/reactivex/rxjava3/internal/operators/flowable/FlowableUnsubscribeOn$UnsubscribeSubscriber,8,21,38.1
fa9c0244aedbb4fd,org/schabi/newpipe/extractor/services/youtube/linkHandler/YoutubeTrendingLinkHandlerFactory,8,14,57.14
1b0a2152483a72ec,org/schabi/newpipe/local/feed/service/FeedEventManager,8,14,57.14
356ed7940ee4fd55,org/schabi/newpipe/local/feed/FeedViewModel$Companion$getFactory$1$1,8,8,100.0
6fbed1ca38a4b8a4,leakcanary/internal/ViewModelClearedWatcher,8,20,40.0
4024fcbc26a3c461,androidx/recyclerview/widget/GridLayoutManager$SpanSizeLookup,8,67,11.94
3b2221d1c9c70c9c,leakcanary/AndroidLeakFixes$FLUSH_HANDLER_THREADS$apply$flushNewHandlerThread$1$run$1$3,8,17,47.06
3ac53ac06abc193e,leakcanary/internal/HeapDumpTrigger,7,206,3.4
73e85755a8694898,androidx/viewpager/widget/PagerAdapter,7,28,25.0
da75c134b6930d9e,androidx/work/impl/WorkerWrapper$Builder,7,9,77.78
c2205db275a1bcd6,leakcanary/ObjectWatcher,7,113,6.19
fd783b42b6b644d8,kotlin/collections/EmptySet,7,28,25.0
cb3448552a98853d,kotlin/ranges/IntProgression,7,33,21.21
20dab2a1bd349a4d,curtains/WindowsKt,7,39,17.95
c4dad25c28dd0487,leakcanary/internal/LeakCanaryFileProvider$SimplePathStrategy,7,63,11.11
e1850a1db76bc68e,leakcanary/AndroidLeakFixes$Companion$onActivityDestroyed$1,7,12,58.33
eaa8e49690965cca,curtains/internal/RootViewsSpy,7,11,63.64
4001e07c813e7551,androidx/lifecycle/ProcessLifecycleInitializer,7,9,77.78
b3a2adb88e35122e,org/schabi/newpipe/database/Migrations,7,8,87.5
3914d317abd8569b,androidx/emoji2/viewsintegration/EmojiInputFilter,7,34,20.59
eb1f89108f4d401e,androidx/room/util/StringUtil,7,29,24.14
05b29e85d3b2df78,androidx/recyclerview/widget/LinearLayoutManager$LayoutState,7,38,18.42
b5986aebda08f338,org/schabi/newpipe/local/feed/notifications/NotificationHelper$Companion,7,37,18.92
7b523921b4a41ac5,androidx/core/util/Pools$SimplePool,7,13,53.85
0b1d9f623df8667c,io/reactivex/rxjava3/android/schedulers/HandlerScheduler,7,10,70.0
ddfab8c829a3e493,curtains/internal/WindowManagerSpy$mViewsField$2,7,8,87.5
1e83b8e2a9fff831,androidx/work/impl/background/systemjob/SystemJobInfoConverter$1,7,12,58.33
69f96b6a85948e59,org/schabi/newpipe/fragments/MainFragment$SelectedTabsPagerAdapter,7,13,53.85
dced38e7c587be67,io/reactivex/rxjava3/internal/schedulers/ComputationScheduler$FixedSchedulerPool,7,21,33.33
8d4b1fb378704a7f,androidx/core/view/MenuHostHelper,7,53,13.21
0fa414ce8fe4d003,com/facebook/stetho/Stetho,7,11,63.64
66bbdda1e3bcd174,io/reactivex/rxjava3/internal/schedulers/ComputationScheduler$EventLoopWorker,7,15,46.67
09eb2003f749d363,okhttp3/Handshake,7,66,10.61
e393c23917453ec9,org/schabi/newpipe/database/history/dao/SearchHistoryDAO_Impl,7,103,6.8
0c7b206133be574b,leakcanary/ServiceWatcher$install$4,7,7,100.0
92726d029ebeed02,androidx/activity/OnBackPressedDispatcher,7,27,25.93
a44935c80929db76,androidx/core/view/NestedScrollingParentHelper,7,10,70.0
211495e5526605c4,org/schabi/newpipe/databinding/SubscriptionGroupsHeaderBinding,7,17,41.18
3e52e048858ff703,org/ocpsoft/prettytime/impl/ResourcesTimeUnit,7,18,38.89
0c05cee727670469,androidx/work/impl/WorkDatabaseMigrations,7,8,87.5
02c5e9a5542dabed,leakcanary/ActivityWatcher$lifecycleCallbacks$1,7,14,50.0
4302f4cf7bef9822,androidx/lifecycle/Lifecycling,7,83,8.43
7eb5ed89a4608ee8,org/schabi/newpipe/database/history/dao/StreamHistoryDAO_Impl,7,113,6.19
18f7ac6f79bd3269,io/reactivex/rxjava3/internal/operators/flowable/FlowableFilter$FilterSubscriber,7,23,30.43
c90d544656af77f5,leakcanary/internal/VisibilityTrackerKt,7,7,100.0
8be72fe98a5163ed,androidx/recyclerview/widget/ViewInfoStore,7,85,8.24
30c3f9a6f5bbdb41,androidx/core/content/ContextCompat,7,84,8.33
851dc4c6f26bd947,androidx/recyclerview/widget/LinearLayoutManager$AnchorInfo,7,46,15.22
f24645e508aca678,io/reactivex/rxjava3/android/schedulers/AndroidSchedulers,7,19,36.84
ac999eb2a0e118c9,androidx/lifecycle/LiveData$ObserverWrapper,7,11,63.64
08f9572a4197c2f3,org/schabi/newpipe/database/playlist/dao/PlaylistDAO_Impl,7,69,10.14
369554560837cdb0,okhttp3/internal/http2/Huffman$Node,7,7,100.0
600661fadad6bb1a,org/acra/builder/LastActivityManager,7,25,28.0
ba8743411942a949,org/schabi/newpipe/database/Converters,7,25,28.0
40801f610b837efd,com/facebook/stetho/okhttp3/StethoInterceptor,7,38,18.42
dae191cbee6468d8,androidx/work/WorkManagerInitializer,7,7,100.0
e90f8c54e8216ede,com/squareup/picasso/ContactsPhotoRequestHandler,7,25,28.0
1cf6ed7b8fa08434,androidx/emoji2/viewsintegration/EmojiTextViewHelper,7,14,50.0
3660252ebcaff36e,org/schabi/newpipe/databinding/DrawerHeaderBinding,7,21,33.33
24bf99916b46a5c3,curtains/internal/WindowCallbackWrapper,7,46,15.22
4cd5a9336c6b64d8,io/reactivex/rxjava3/core/BackpressureStrategy,7,8,87.5
c4e3591c64038619,org/schabi/newpipe/local/subscription/item/FeedGroupAddNewItem,7,7,100.0
df816efc8cdf4187,androidx/sqlite/db/SupportSQLiteOpenHelper$Configuration$Builder,7,13,53.85
25494112b817f38f,io/reactivex/rxjava3/internal/operators/flowable/FlowableElementAtMaybe$ElementAtSubscriber,7,23,30.43
b937accfac441dbe,com/xwray/groupie/viewbinding/BindableItem,7,10,70.0
631f4b9e6528e95b,androidx/work/OneTimeWorkRequest$Builder,7,13,53.85
4c5caeca0ea6b477,leakcanary/AndroidLeakFixes$IMM_CUR_ROOT_VIEW$apply$1,7,34,20.59
985365ec685bb9a0,androidx/emoji2/viewsintegration/EmojiTransformationMethod,7,15,46.67
075438dfe4ed7ade,com/facebook/stetho/Stetho$Initializer,7,7,100.0
5a66a1ae3c38a050,leakcanary/AndroidLeakFixes$Companion$backgroundHandler$2,6,6,100.0
1eae00258ea6e965,androidx/lifecycle/viewmodel/InitializerViewModelFactoryBuilder,6,7,85.71
8687f0148e9bc25c,io/reactivex/rxjava3/internal/schedulers/NewThreadScheduler,6,7,85.71
93d4c2bf6f04073c,org/schabi/newpipe/util/KioskTranslator,6,67,8.96
867d1fe274818e53,io/reactivex/rxjava3/internal/operators/flowable/FlowableCreate$1,6,10,60.0
86452475bfeb5fa1,kotlin/collections/CollectionsKt__CollectionsJVMKt,6,43,13.95
36f21d08673f1717,io/reactivex/rxjava3/internal/util/NotificationLite,6,44,13.64
788e2ef3400db3ee,kotlin/jvm/internal/ArrayIterator,6,9,66.67
eef51852e6ff52a4,org/schabi/newpipe/databinding/FeedGroupCardItemBinding,6,15,40.0
74459c7771d208ec,androidx/work/impl/WorkDatabase$2,6,7,85.71
e63cfda32dcfe9b5,com/google/android/material/resources/MaterialResources,6,67,8.96
b22754c1e30f8fa8,org/schabi/newpipe/local/feed/FeedViewModel$CombineResultDataHolder,6,31,19.35
3ab38d53246248e3,com/facebook/stetho/Stetho$InitializerBuilder,6,6,100.0
9c77f5a72b3b01d3,leakcanary/AndroidLeakFixes$USER_MANAGER,6,13,46.15
366cdcbba96bb342,io/reactivex/rxjava3/internal/disposables/ListCompositeDisposable,6,86,6.98
525b17579fd1bc0a,org/acra/collector/TimeCollector,6,20,30.0
5942d8a60273ff67,curtains/internal/WindowCallbackWrapper$Companion$jetpackWrapperClass$2,6,11,54.55
1ff4f6994a20a55d,io/reactivex/rxjava3/internal/operators/maybe/MaybeToSingle$ToSingleMaybeSubscriber,6,15,40.0
126dd2a4292b1f63,kotlin/UnsafeLazyImpl,6,13,46.15
ab4f97045c593a9d,io/reactivex/rxjava3/internal/subscriptions/ScalarSubscription,6,23,26.09
d841e2235c70f23a,okhttp3/ConnectionPool,6,9,66.67
5ac38c498b64020b,io/reactivex/rxjava3/internal/schedulers/SchedulerPoolFactory,6,13,46.15
53702d2aa9e65849,androidx/core/util/Pools$SynchronizedPool,6,8,75.0
1228a9a8b477c6b3,androidx/fragment/app/FragmentStateManager$2,6,10,60.0
5072e9b77c757de0,org/schabi/newpipe/views/NewPipeRecyclerView,6,73,8.22
ac207533bbd9b9ef,androidx/appcompat/widget/ForwardingListener,6,119,5.04
ebcfff0a7a2d6542,androidx/lifecycle/FullLifecycleObserverAdapter,6,13,46.15
1abf64d57701d86c,io/reactivex/rxjava3/internal/operators/maybe/MaybeFromCallable,6,17,35.29
ca9672474f747049,androidx/activity/OnBackPressedDispatcher$LifecycleOnBackPressedCancellable,6,16,37.5
eabe1bfbd840d359,androidx/fragment/app/DefaultSpecialEffectsController$AnimationInfo,6,8,75.0
e0166ea6825c5f5e,kotlin/properties/ObservableProperty,6,8,75.0
96a91734e9df0578,androidx/savedstate/Recreator,6,34,17.65
051f3870a44d5a99,androidx/appcompat/widget/Toolbar$ExpandedActionViewMenuPresenter,6,54,11.11
b1d7136aa6c98468,androidx/constraintlayout/core/SolverVariable$Type,6,8,75.0
51fde19fef4dbb56,io/reactivex/rxjava3/android/schedulers/HandlerScheduler$HandlerWorker,6,17,35.29
ef5bb19cd9324947,org/acra/util/StubCreator,6,13,46.15
1323b0644cd39780,leakcanary/internal/InternalLeakCanary$isInstantApp$2,6,8,75.0
13982180267b35b3,leakcanary/internal/HeapDumpControl$backgroundUpdateHandler$2,6,6,100.0
d1d46fa65ea43e05,org/schabi/newpipe/local/subscription/SubscriptionManager,6,98,6.12
0a56ba40812f36a4,androidx/constraintlayout/widget/ConstraintLayout$1,6,10,60.0
e719874ca51d3740,leakcanary/RemoteWorkManagerHeapAnalyzer$remoteLeakCanaryServiceInClasspath$2,6,7,85.71
8598e39f7ed76c2b,androidx/recyclerview/widget/OrientationHelper,6,13,46.15
a13edd66e7abb10b,androidx/core/os/CancellationSignal,6,49,12.24
4f4da2902abdfa0b,org/acra/prefs/SharedPreferencesFactory,6,9,66.67
dc468446e0a3e8a0,androidx/room/InvalidationTracker$ObserverWrapper,6,39,15.38
97a202396f390d13,androidx/room/DatabaseConfiguration,6,34,17.65
c39725e0cb6edcc5,androidx/core/graphics/TypefaceCompat,6,85,7.06
f72133cf59fcf924,okhttp3/internal/connection/RouteDatabase,6,8,75.0
8a9de3c6b34cdad2,kotlin/ExceptionsKt__ExceptionsKt,6,23,26.09
29a86df9b571b40b,okhttp3/internal/connection/RouteSelector$Selection,6,8,75.0
47fa0fac3d76b471,org/schabi/newpipe/databinding/FeedGroupAddNewItemBinding,6,15,40.0
9837f44ff2305313,androidx/work/impl/model/PreferenceDao_Impl$1,6,10,60.0
cb1bf37f189b88b0,okhttp3/internal/connection/ConnectInterceptor,6,6,100.0
938c58478c704ce9,androidx/core/content/res/ResourcesCompat$ColorStateListCacheKey,6,13,46.15
6ac77a05bf5407ff,com/jakewharton/rxbinding4/view/ViewClickObservable,6,7,85.71
2563896f3f840677,io/reactivex/rxjava3/internal/util/BackpressureHelper,6,30,20.0
008ccc228488aadf,leakcanary/ServiceWatcher$install$4$2,6,16,37.5
2a569e34f054526e,org/schabi/newpipe/databinding/ToolbarSearchLayoutBinding,6,17,35.29
367f1da6efe7b813,androidx/emoji2/viewsintegration/EmojiEditTextHelper$HelperInternal19,6,14,42.86
3839343721651451,io/reactivex/rxjava3/internal/operators/flowable/FlowableDistinctUntilChanged$DistinctUntilChangedSubscriber,6,25,24.0
932b9eeabdf385be,androidx/emoji2/text/ConcurrencyHelpers,6,10,60.0
25f5bab341e6104c,io/reactivex/rxjava3/internal/observers/ConsumerSingleObserver,6,21,28.57
d76e91a8eb69e451,androidx/drawerlayout/widget/DrawerLayout$ViewDragCallback,6,91,6.59
befa811e391333bb,androidx/work/impl/model/WorkTagDao_Impl$1,6,10,60.0
ce2868f27ff64172,okhttp3/internal/platform/android/CloseGuard,6,15,40.0
15c968a8a770f466,androidx/fragment/app/DefaultSpecialEffectsController$10,6,10,60.0
04b0700e537ba638,androidx/work/impl/utils/WorkForegroundRunnable,6,12,50.0
522fa48834778819,com/google/android/material/animation/AnimationUtils,6,11,54.55
f098eb23dbffb9b5,org/schabi/newpipe/info_list/ItemViewMode,6,7,85.71
557911cab4c76c3a,org/schabi/newpipe/databinding/PignateFooterBinding,6,11,54.55
89c610bc4f3f31e1,androidx/appcompat/widget/TintContextWrapper,6,54,11.11
5cd85f9957f1a14d,androidx/appcompat/app/AppCompatActivity$2,6,6,100.0
20deff46bbcabfef,io/reactivex/rxjava3/internal/operators/maybe/MaybeFromSingle$FromSingleObserver,6,11,54.55
2436556bead5f1a3,androidx/collection/LongSparseArray,6,146,4.11
48429cd5864aadc0,leakcanary/LogcatSharkLog,6,13,46.15
0d535b452b98c091,okhttp3/RequestBody$Companion$toRequestBody$2,6,6,100.0
3bb0ec5c749e4e64,okhttp3/Cache,6,86,6.98
e0e2bf496cb9226e,io/reactivex/rxjava3/core/Scheduler$DisposeTask,6,14,42.86
6a6757f95ea0f59e,kotlin/ranges/RangesKt___RangesKt,6,535,1.12
c6f0c71fdf53ac93,okhttp3/internal/http/HttpHeaders,6,111,5.41
470455c44977a948,androidx/work/impl/WorkDatabasePathHelper,6,42,14.29
5ab17d3dcb706bed,kotlin/LazyThreadSafetyMode,6,7,85.71
200ce1abc1c7b6f0,curtains/internal/WindowManagerSpy$windowManagerInstance$2,6,8,75.0
325de1dcb7cfc303,androidx/work/Configuration$1,6,6,100.0
5b4f95023bc13c05,kotlin/Pair,5,22,22.73
5799ce214eca8792,androidx/recyclerview/widget/RecyclerViewAccessibilityDelegate,5,28,17.86
21fec08a045744d9,io/reactivex/rxjava3/internal/operators/flowable/FlowableCreate,5,12,41.67
0ef60195613c8487,com/google/android/material/resources/MaterialAttributes,5,30,16.67
6325ef27e60f4be5,org/acra/data/StringFormat,5,8,62.5
8d525ddcae4f2790,androidx/recyclerview/widget/RecyclerView$LayoutParams,5,19,26.32
ef21c53981947ff3,androidx/room/EntityInsertionAdapter,5,76,6.58
ca4060d3005df9e8,androidx/core/app/NotificationChannelCompat$Builder,5,20,25.0
60fac2c04e4d78a4,com/google/android/material/tabs/TabLayout$AdapterChangeListener,5,6,83.33
3a8b07e2a421920d,org/schabi/newpipe/database/LocalItem$LocalItemType,5,7,71.43
4cef3d0537228ddd,androidx/recyclerview/widget/OpReorderer,5,94,5.32
5bcd4d5fc05cef1f,leakcanary/internal/InternalLeakCanary$invoke$1,5,5,100.0
8a1be3cd6d5c605c,org/schabi/newpipe/settings/tabs/Tab$SubscriptionsTab,5,6,83.33
dcb7ca38440b91fb,com/xwray/groupie/DiffCallback,5,14,35.71
a0d4f29ee24e8fff,org/schabi/newpipe/settings/tabs/Tab$BookmarksTab,5,6,83.33
5d4142ac85bb4cae,io/reactivex/rxjava3/observers/SerializedObserver,5,58,8.62
ff240114ecfffb25,leakcanary/internal/PlumberInstaller,5,12,41.67
04ae3784555946e0,leakcanary/internal/InternalLeakCanary$isDebuggableBuild$2,5,6,83.33
98a18a53ccec7ca1,leakcanary/AndroidLeakFixes$ACCESSIBILITY_NODE_INFO$apply$starvePool$1,5,5,100.0
ffdb83e439a5b401,leakcanary/AndroidLeakFixes$FLUSH_HANDLER_THREADS,5,7,71.43
227a3efae8dd1467,shark/AndroidReferenceMatchers$CLIPBOARD_EX_MANAGER,5,5,100.0
1570656cea1ce1e8,com/google/android/material/shape/MaterialShapeDrawable$1,5,5,100.0
e2367b8bfaef35aa,org/schabi/newpipe/local/subscription/SubscriptionViewModel$Companion,5,8,62.5
fea3288b714c0c17,com/squareup/picasso/Stats,5,25,20.0
899624a3ce89c200,io/reactivex/rxjava3/internal/operators/flowable/FlowableCombineLatest$CombineLatestInnerSubscriber,5,10,50.0
0568e74424da17ad,io/reactivex/rxjava3/internal/disposables/EmptyDisposable,5,29,17.24
15e5da48513e7f5e,androidx/appcompat/widget/DrawableUtils,5,60,8.33
f746c2b924b5d94b,leakcanary/WorkManagerHeapAnalyzer,5,23,21.74
9d2af700223ece52,kotlin/jvm/internal/Reflection,5,46,10.87
7a14b2d47858b224,org/schabi/newpipe/ktx/HideAndExecOnEndListener,5,5,100.0
512b92885f57c163,io/reactivex/rxjava3/internal/operators/single/SingleSubscribeOn,5,5,100.0
a0cd50878b28085f,androidx/emoji2/viewsintegration/EmojiEditTextHelper,5,17,29.41
fc5c207dbde9312c,androidx/work/ContentUriTriggers,5,13,38.46
5b1229aec498ad87,androidx/work/ListenableWorker,5,31,16.13
d9df48052282055e,io/reactivex/rxjava3/internal/operators/flowable/FlowableCombineLatest,5,20,25.0
c0334cd7b6d2bace,kotlin/collections/EmptyMap,5,31,16.13
fe29bb1c8c302b9a,androidx/lifecycle/SavedStateHandleAttacher,5,9,55.56
c9fb38ac5e54049c,androidx/work/ExistingWorkPolicy,5,7,71.43
8a08215081019a7b,okhttp3/TlsVersion$Companion,5,16,31.25
0868addc41cc9df1,androidx/core/app/NavUtils,5,61,8.2
5b2becd0bde91705,kotlin/jvm/internal/ClassReference$Companion,5,45,11.11
2bb169c06eb41a6b,androidx/sqlite/db/framework/FrameworkSQLiteProgram,5,8,62.5
4481f6fb851e43df,okio/ForwardingSink,5,10,50.0
6ed09c3e46d71497,org/schabi/newpipe/info_list/InfoItemBuilder,5,27,18.52
780df840693f686e,okhttp3/internal/platform/android/AndroidCertificateChainCleaner,5,17,29.41
01d27bb5dc0e3327,okhttp3/internal/platform/AndroidPlatform$Companion,5,6,83.33
4b9c5fd567ba94b0,androidx/sqlite/db/SimpleSQLiteQuery,5,36,13.89
7b75be34632f6dd5,androidx/appcompat/widget/VectorEnabledTintResources,5,56,8.93
90efa0e4a58d0b45,androidx/fragment/app/SpecialEffectsController$1,5,5,100.0
8987ea830bcf3baa,curtains/internal/RootViewsSpy$Companion$install$1$1,5,5,100.0
3f6686ec621a1ce0,kotlin/comparisons/NaturalOrderComparator,5,6,83.33
03064aedfdf12538,androidx/core/view/AccessibilityDelegateCompat$AccessibilityDelegateAdapter,5,25,20.0
abab60f07f02b8b5,kotlin/jvm/internal/TypeIntrinsics,5,209,2.39
677e8c9c4b96f01b,okhttp3/internal/http/RealResponseBody,5,7,71.43
36f5af3c0fea0a2c,androidx/lifecycle/SavedStateHandleSupport$savedStateHandlesVM$1$1,5,5,100.0
16d21fc01046c328,shark/AndroidReferenceMatchers,5,14,35.71
b26c8aac13d352b9,org/schabi/newpipe/local/bookmark/BookmarkFragment$$Icepick,5,14,35.71
888ee63a8fe8bdd0,com/squareup/picasso/PicassoExecutorService,5,15,33.33
7410ec982bebf382,androidx/lifecycle/ProcessLifecycleOwner$3,5,8,62.5
78f903209392b0c9,org/schabi/newpipe/extractor/linkhandler/ListLinkHandler,5,8,62.5
27d0f782935e4732,androidx/work/impl/model/SystemIdInfoDao_Impl$1,5,7,71.43
cdcd4aa57fdfb2b6,androidx/work/impl/constraints/trackers/ConstraintTracker,5,36,13.89
21c2a40428b8db0d,org/schabi/newpipe/databinding/FeedItemCarouselBinding,5,12,41.67
09b6417c68a0eb3f,org/schabi/newpipe/extractor/InfoItem$InfoType,5,7,71.43
db799c2f88c5b167,org/schabi/newpipe/BaseFragment$$Icepick,5,10,50.0
f7ee6b40191ce9c4,kotlin/LazyKt__LazyJVMKt$WhenMappings,5,8,62.5
e4024d6da45b8fcc,androidx/core/content/res/ResourcesCompat$FontCallback,5,8,62.5
407a3f0d640f0f58,kotlin/LazyKt__LazyJVMKt,5,11,45.45
356307d608277872,org/schabi/newpipe/extractor/StreamingService$LinkType,5,7,71.43
9c74981811e9923b,okhttp3/internal/http2/Http2Reader$Companion,5,8,62.5
ffb9e8150d316f5b,org/schabi/newpipe/local/playlist/LocalPlaylistManager,5,73,6.85
7ac3b2c0721d0f33,androidx/preference/PreferenceCategory,5,19,26.32
398ba57a216fee8f,com/facebook/stetho/server/ServerManager,5,7,71.43
6aad39706624b331,org/acra/data/CrashReportDataFactory$special$$inlined$sortedBy$1,5,5,100.0
e24d87ece48922b3,leakcanary/internal/activity/LeakActivity$Companion,5,13,38.46
2e6d63aa33a97f1f,org/schabi/newpipe/databinding/ToolbarLayoutBinding,5,16,31.25
5bca5a5b4ae1d56d,com/facebook/stetho/inspector/elements/android/ActivityTracker$AutomaticTracker$AutomaticTrackerICSAndBeyond$1,5,8,62.5
1b5592e432208140,androidx/lifecycle/ViewModelStore,5,12,41.67
7c7cf39bdddbd023,okhttp3/internal/platform/Android10Platform,5,54,9.26
dda0ec2cbee3c21b,androidx/fragment/app/SpecialEffectsController$Operation$LifecycleImpact,5,6,83.33
49f101a255affa1b,okhttp3/Protocol$Companion,5,11,45.45
7d040675420194be,okhttp3/internal/platform/Android10Platform$Companion,5,6,83.33
3f95a7058f6eb1ad,org/acra/builder/ReportExecutor,5,140,3.57
07a772122a186947,kotlin/collections/MapsKt__MapWithDefaultKt,5,18,27.78
bf32139071710dee,org/schabi/newpipe/settings/tabs/Tab$FeedTab,5,6,83.33
17aea302ace97716,androidx/recyclerview/widget/RecyclerView$6,5,17,29.41
a8f3dd4ff2dde2fd,leakcanary/internal/HandlersKt,5,14,35.71
edb175705f72dd45,androidx/work/impl/utils/PreferenceUtils,5,42,11.9
25646a13b045b310,androidx/work/impl/constraints/WorkConstraintsTracker,5,56,8.93
63b40aa4c48b1e2e,okhttp3/internal/platform/android/AndroidSocketAdapter$Companion,5,16,31.25
90c6e62126540f04,org/schabi/newpipe/databinding/FragmentSubscriptionBinding,5,17,29.41
a9d478b3dd953221,com/grack/nanojson/JsonObject,5,41,12.2
397c73866ebe097e,androidx/core/view/GravityCompat,5,16,31.25
bc06aa45d0ac42e5,leakcanary/internal/MainProcessAppWatcherInstaller,5,12,41.67
4c8f408d9b68b625,androidx/lifecycle/LifecycleRegistry$ObserverWithState,5,5,100.0
87236abbbcf2598c,leakcanary/ServiceWatcher$install$3$2,5,12,41.67
7a017905348417c0,org/schabi/newpipe/fragments/list/kiosk/KioskFragment$$Icepick,5,18,27.78
d0c4b184f6954f58,androidx/startup/InitializationProvider,5,12,41.67
34c36a194204e9ed,org/schabi/newpipe/error/ErrorPanelHelper$Companion,5,17,29.41
6a1e7e97cbc3e9bc,androidx/work/impl/background/greedy/DelayedWorkTracker,5,15,33.33
84f6b6ea111ba4b0,androidx/core/view/ViewCompat$2,5,9,55.56
3623f1c007632095,leakcanary/internal/ViewModelClearedWatcher$Companion,5,5,100.0
7f45f9867aff9c49,org/schabi/newpipe/local/subscription/SubscriptionFragment$$Icepick,5,16,31.25
3996cb46b99f2cd8,curtains/Curtains,5,8,62.5
c48980a26dec6000,androidx/preference/ListPreference$SimpleSummaryProvider,5,9,55.56
75bbbda99ec8d074,org/schabi/newpipe/local/feed/FeedFragment$$Icepick,5,14,35.71
0890b53e1af68670,io/reactivex/rxjava3/disposables/Disposable,5,16,31.25
7ba96836d582d800,io/reactivex/rxjava3/internal/operators/single/SingleSubscribeOn$SubscribeOnObserver,5,9,55.56
210dfdaa53f56070,androidx/collection/MapCollections,5,57,8.77
36907c044171c14d,io/reactivex/rxjava3/internal/operators/observable/ObservableObserveOn$ObserveOnObserver,5,96,5.21
5c72c549db66c7bd,androidx/appcompat/app/AppCompatDelegateImpl$2,5,8,62.5
5f29d5c3f233c6ae,androidx/appcompat/app/ActionBar$LayoutParams,5,9,55.56
e72cf884f22944fb,androidx/fragment/app/DefaultSpecialEffectsController$1,5,6,83.33
df5f4b7960550d31,androidx/viewbinding/ViewBindings,5,8,62.5
a7e1b8ad994bb473,androidx/work/InputMergerFactory,5,6,83.33
e18b4b68c48e6741,io/reactivex/rxjava3/internal/operators/flowable/FlowableSubscribeOn,5,5,100.0
a0ad934393dfd2bf,androidx/emoji2/text/EmojiCompatInitializer$LoadEmojiCompatRunnable,5,7,71.43
800e9ec3d79f32a6,org/schabi/newpipe/databinding/ListEmptyViewBinding,4,11,36.36
e45fea20ad01803d,com/facebook/stetho/common/LogRedirector,4,25,16.0
405f6ba2fb8796f7,androidx/viewpager/widget/ViewPager$LayoutParams,4,5,80.0
fbb6756ab062faa3,org/schabi/newpipe/local/subscription/SubscriptionViewModel$SubscriptionState$LoadedState,4,14,28.57
d7b8f487cc181eb6,com/squareup/picasso/Dispatcher$DispatcherHandler,4,23,17.39
bbec994b94bfb831,org/acra/ACRAConstants,4,4,100.0
945ee923e0a71bf9,androidx/work/ListenableWorker$Result$Success,4,12,33.33
56819b912527ead3,org/schabi/newpipe/extractor/ServiceList,4,5,80.0
98b47684719ce3a4,leakcanary/RemoteWorkManagerHeapAnalyzer,4,20,20.0
37659cde452f4151,leakcanary/RootViewWatcher,4,6,66.67
d5113296fadab5c9,leakcanary/ServiceWatcher$install$3,4,4,100.0
32ca22431f673b59,androidx/work/impl/utils/futures/SettableFuture,4,5,80.0
6d5f845695cf6b68,androidx/work/impl/utils/futures/AbstractFuture$SafeAtomicHelper,4,6,66.67
714fbb2239da409f,leakcanary/AndroidLeakFixes$SAMSUNG_CLIPBOARD_MANAGER,4,17,23.53
bfdae7ea42e44d20,com/google/android/material/tabs/TabLayout$TabView$1,4,5,80.0
50d8e6bee5058518,okhttp3/internal/tls/CertificateChainCleaner$Companion,4,6,66.67
1efd54842154ebf9,androidx/core/view/MarginLayoutParamsCompat,4,33,12.12
248e89b6c722bc0a,androidx/activity/OnBackPressedCallback,4,10,40.0
45878af2ecb943f5,androidx/appcompat/app/ToolbarActionBar$ToolbarMenuCallback,4,9,44.44
01121f216a50a807,androidx/core/util/ObjectsCompat,4,23,17.39
be1aecc3de975e1a,org/schabi/newpipe/ktx/ExecOnEndListener,4,5,80.0
591388c69a87e42f,leakcanary/AndroidLeakFixes$BUBBLE_POPUP,4,7,57.14
f67d1fe2c2a13121,com/facebook/stetho/inspector/elements/android/ActivityTracker$AutomaticTracker$AutomaticTrackerICSAndBeyond,4,5,80.0
b8500afe22a5837c,org/schabi/newpipe/ktx/AnimationType,4,5,80.0
698d2d5265e0518c,okhttp3/internal/cache/CacheStrategy,4,4,100.0
92861b7b02b7acfe,leakcanary/internal/AndroidXFragmentDestroyWatcher$fragmentLifecycleCallbacks$1,4,15,26.67
5534047491473ac6,com/facebook/stetho/common/LogUtil,4,54,7.41
995a2f2c10e34765,androidx/emoji2/text/EmojiCompat$CompatInternal19,4,25,16.0
4a01eae654610327,okio/Options,4,18,22.22
9171ee0edc0fec87,curtains/internal/RootViewsSpy$Companion,4,4,100.0
f43e448520f5d7ff,org/acra/plugins/ServicePluginLoader$loadEnabled$1,4,4,100.0
9136df9d08563180,org/schabi/newpipe/database/playlist/PlaylistLocalItem,4,4,100.0
1b87e34cb0562b50,androidx/core/view/PointerIconCompat,4,11,36.36
79a233c51499bd2a,androidx/work/OutOfQuotaPolicy,4,5,80.0
8e162b193883902c,okhttp3/Dns$Companion$DnsSystem,4,7,57.14
003156f5df4b22e4,androidx/work/BackoffPolicy,4,5,80.0
d0e6caa4bb65ff54,shark/AndroidReferenceMatchers$MEDIA_SESSION_LEGACY_HELPER__SINSTANCE,4,4,100.0
cca066dd09642b6f,androidx/appcompat/widget/ThemeUtils,4,37,10.81
d92755fc7e2f3110,kotlin/collections/CollectionsKt__MutableCollectionsKt,4,130,3.08
311f4c4370536f4d,androidx/work/impl/WorkerWrapper$2,4,15,26.67
62a1ade9dfe8c038,androidx/interpolator/view/animation/LookupTableInterpolator,4,4,100.0
2122d6377cb5a3a1,kotlin/text/StringsKt__AppendableKt,4,21,19.05
5cdaf5d8188a49da,okio/Okio,4,24,16.67
364d6752c59b218a,androidx/work/WorkRequest,4,5,80.0
26ffecdc2e11b2df,shark/AndroidReferenceMatchers$SPAN_CONTROLLER,4,4,100.0
b6d16a4ed22337cb,androidx/lifecycle/EmptyActivityLifecycleCallbacks,4,8,50.0
37ed0dde1073e51d,leakcanary/AndroidLeakFixes$LAST_HOVERED_VIEW,4,7,57.14
8e04e34d4e6f1af0,curtains/Curtains$rootViewsSpy$2,4,4,100.0
aafee021ba514b87,androidx/fragment/app/FragmentLayoutInflaterFactory,4,70,5.71
10455e0da57cd852,androidx/activity/result/ActivityResultRegistry$LifecycleContainer,4,8,50.0
3e442b2a9eb76e79,org/schabi/newpipe/databinding/FragmentMainBinding,4,15,26.67
ceec65d9bcb6d421,androidx/emoji2/text/DefaultGlyphChecker,4,16,25.0
5c28f6dec5507962,androidx/lifecycle/viewmodel/ViewModelInitializer,4,4,100.0
6485f68b3b5bd0f8,androidx/work/WorkerParameters,4,15,26.67
907c0a43489640e9,androidx/arch/core/executor/DefaultTaskExecutor$1,4,4,100.0
90fbefa2068296fe,io/reactivex/rxjava3/internal/operators/flowable/FlowableInternalHelper$RequestMax,4,6,66.67
445a47752a940a2e,leakcanary/AndroidLeakFixes$ACTIVITY_MANAGER,4,6,66.67
75415101eb9206d2,androidx/constraintlayout/core/Cache,4,4,100.0
83d8bab7ee74ccc5,com/facebook/stetho/common/Util,4,52,7.69
8f3daa86e696e1d1,leakcanary/internal/InternalLeakCanary$heapDumpPrefs$2,4,4,100.0
e0a08c97243c3a95,shark/SharkLog,4,12,33.33
9fdc472ad8c61f98,androidx/emoji2/text/EmojiCompat$Config,4,28,14.29
ff1ec3565ef7a89e,okhttp3/internal/http2/Http2Connection$ReaderRunnable$ping$$inlined$execute$default$1,4,4,100.0
2727d6f935bdb250,androidx/fragment/app/Fragment$8,4,4,100.0
8ffb2829b32b5c33,org/schabi/newpipe/JacocoInstrument/SMSInstrumentedReceiver,4,7,57.14
7c90639f29bc4622,leakcanary/ActivityWatcher,4,6,66.67
d185c69626a729b3,leakcanary/internal/HandlersKt$mainHandler$2,4,4,100.0
b2c7c43e90e383ed,shark/AndroidReferenceMatchers$SEM_CLIPBOARD_MANAGER__MCONTEXT,4,4,100.0
d73f0346e2516670,shark/AndroidReferenceMatchers$TEXT_TO_SPEECH,4,4,100.0
44d0797d2108e18e,okhttp3/internal/authenticator/JavaNetAuthenticator,4,62,6.45
b4ae71ba7036451a,okhttp3/RequestBody,4,18,22.22
18502f927f908239,androidx/work/WorkManager,4,12,33.33
7e8e65254d74428c,okio/Okio__OkioKt,4,16,25.0
500880fc6947691f,leakcanary/internal/ObjectsKt$NO_OP_HANDLER$1,4,4,100.0
23af8344314d6bb4,androidx/work/Worker$1,4,6,66.67
6a5df192f8801fbc,androidx/lifecycle/ProcessLifecycleOwner$2,4,4,100.0
b0c603fef33bc540,io/reactivex/rxjava3/internal/disposables/SequentialDisposable,4,7,57.14
4951960e64d24112,org/acra/config/CoreConfigurationBuilder$special$$inlined$observable$15,4,4,100.0
f4c72f58a40ddb95,leakcanary/internal/HeapDumpControl$iCanHasHeap$dumpHeap$3,4,4,100.0
580f58cfe361904c,org/schabi/newpipe/views/NewPipeTextView,4,9,44.44
350e8edad293c5ad,io/reactivex/rxjava3/internal/operators/maybe/MaybeConcatArray,4,4,100.0
2bbab203087e9990,io/reactivex/rxjava3/internal/operators/flowable/FlowableConcatArray,4,4,100.0
527ffd117c29d994,androidx/fragment/app/Fragment$4,4,7,57.14
881b9826df834444,okio/_JvmPlatformKt,4,8,50.0
36f32cc4ab3a0d34,leakcanary/ServiceWatcher$activityThreadClass$2,4,4,100.0
90db7f988437dbc3,okhttp3/internal/http2/Http2Connection$ReaderRunnable$applyAndAckSettings$lambda-7$lambda-6$$inlined$execute$default$1,4,4,100.0
f85aa29c7be505f5,androidx/lifecycle/ViewModelProviderGetKt,4,7,57.14
74f55b480142aac1,androidx/fragment/app/Fragment$6,4,5,80.0
14e5e801e428911b,okio/ForwardingSource,4,9,44.44
4eb1df75b4875456,kotlin/collections/EmptyList,4,50,8.0
abff7b8ab43979bc,androidx/core/content/res/GrowingArrayUtils,4,48,8.33
ec07950d18592c32,io/reactivex/rxjava3/internal/operators/flowable/FlowableMap$MapSubscriber,4,13,30.77
869cb48fd40e5b6e,androidx/appcompat/widget/AppCompatTextViewAutoSizeHelper$Impl23,4,4,100.0
f223c50c68592f15,androidx/savedstate/SavedStateRegistryController$Companion,4,4,100.0
83aee87148d801fd,androidx/collection/MapCollections$ArrayIterator,4,11,36.36
bb1c877276850a7c,io/reactivex/rxjava3/android/plugins/RxAndroidPlugins,4,28,14.29
d38f4297fd0b66c1,androidx/drawerlayout/widget/DrawerLayout$LayoutParams,4,9,44.44
466d60318b7030bf,okhttp3/internal/http2/Http2Connection$ReaderRunnable$settings$$inlined$execute$default$1,4,4,100.0
8da89313d9269199,com/squareup/picasso/AssetRequestHandler,4,22,18.18
9f090a337592bacc,androidx/coordinatorlayout/widget/CoordinatorLayout$ViewElevationComparator,4,6,66.67
5a5783d09ff581ba,io/reactivex/rxjava3/internal/schedulers/ExecutorScheduler$ExecutorWorker$BooleanRunnable,4,10,40.0
552d162df6a1382c,io/reactivex/rxjava3/internal/operators/observable/ObservableDebounceTimed$DebounceTimedObserver,4,37,10.81
30a8feadb958a619,androidx/core/content/FileProvider$SimplePathStrategy,4,42,9.52
3d24bd48eded7d5b,androidx/work/InputMerger,4,6,66.67
a3e9880d77300b3f,org/schabi/newpipe/extractor/kiosk/KioskInfo,4,12,33.33
9c8d29f22585c8d2,org/schabi/newpipe/databinding/SubscriptionHeaderBinding,4,11,36.36
789c99898a845ff9,leakcanary/internal/LeakCanaryDelegate,4,5,80.0
f48328bbf75c0520,androidx/recyclerview/widget/RecyclerView$Adapter$StateRestorationPolicy,4,6,66.67
e63028df70097aff,io/reactivex/rxjava3/internal/operators/observable/ObservableDebounceTimed,4,4,100.0
05f3417099653c54,io/reactivex/rxjava3/internal/operators/observable/ObservableObserveOn,4,6,66.67
73948f79ec285d3d,io/reactivex/rxjava3/internal/observers/LambdaObserver,4,40,10.0
d0f2294c90b13252,shark/AndroidReferenceMatchers$ACTIVITY_CHOOSE_MODEL,4,4,100.0
76f33b1ef822984f,androidx/emoji2/text/SpannableBuilder$WatcherWrapper,4,25,16.0
89ad4a82b5bd5671,okhttp3/OkHttpClient$Companion,4,4,100.0
a655e08ed1ef4cf2,org/acra/collector/DropBoxCollector,4,58,6.9
b5510d8946ffbe58,org/schabi/newpipe/fragments/list/BaseListInfoFragment$$Icepick,3,18,16.67
1e077a104cdaf98d,androidx/recyclerview/widget/RecyclerView$ItemAnimator,3,42,7.14
cb9b5b0cd29d21ae,shark/AndroidReferenceMatchers$WINDOW_ON_BACK_INVOKED_DISPATCHER__STUB,3,3,100.0
94db3ce581657006,io/reactivex/rxjava3/android/schedulers/HandlerScheduler$ScheduledRunnable,3,7,42.86
a6954edd3767f24d,androidx/work/impl/Processor$FutureListener,3,4,75.0
e2895bb918c500b3,shark/AndroidReferenceMatchers$SPELL_CHECKER_SESSION,3,3,100.0
e377be074237cd71,shark/AndroidReferenceMatchers$CONTROLLED_INPUT_CONNECTION_WRAPPER,3,3,100.0
a6187b724f08b570,leakcanary/DefaultOnHeapAnalyzedListener$Companion,3,3,100.0
f028a84d0fa42f11,io/reactivex/rxjava3/internal/functions/ObjectHelper,3,10,30.0
74d4815afb95826f,org/schabi/newpipe/extractor/utils/LocaleCompat,3,19,15.79
bc9a3166476e133f,androidx/work/impl/utils/SerialExecutor$Task,3,4,75.0
8eea7eae1f326ff6,androidx/work/ListenableWorker$Result,3,6,50.0
3a5a01100f79ff5c,androidx/constraintlayout/core/widgets/ConstraintAnchor$Type,3,4,75.0
5da9b439bcd8372b,androidx/sqlite/db/SupportSQLiteOpenHelper$Callback,3,43,6.98
8eaf00a5b69e50ef,shark/AndroidReferenceMatchers$AUDIO_MANAGER__MCONTEXT_STATIC,3,3,100.0
3826e54e68a0c8b5,leakcanary/internal/HeapDumpControl$updateICanHasHeapInBackground$1,3,3,100.0
79f59b530268e765,com/google/android/material/bottomsheet/BottomSheetBehavior$StateSettlingTracker,3,12,25.0
461fbab79b091f23,okhttp3/internal/platform/android/DeferredSocketAdapter,3,20,15.0
23cd9fef599ef013,shark/AndroidReferenceMatchers$VIEWLOCATIONHOLDER_ROOT,3,3,100.0
0908c781a2fab38f,org/schabi/newpipe/settings/custom/NotificationActionsPreference,3,33,9.09
80582017ce9ab08a,kotlin/ranges/IntRange,3,35,8.57
f4df3561038fc11e,com/google/android/material/tabs/TabLayout$SlidingTabIndicator$2,3,3,100.0
cf4a260e31d18960,okhttp3/internal/connection/RealConnectionPool$cleanupTask$1,3,3,100.0
a6e9dba88a644a90,kotlin/collections/CollectionsKt__MutableCollectionsJVMKt,3,19,15.79
5b9b7f12f6b582a2,kotlin/jvm/internal/CallableReference$NoReceiver,3,4,75.0
eb347f7b6cb8b4e5,okhttp3/Authenticator,3,3,100.0
aafbf726c6c139c4,com/google/android/material/internal/ViewUtils,3,69,4.35
4920a6d45d8ab3e5,io/reactivex/rxjava3/internal/operators/flowable/FlowableObserveOn,3,5,60.0
d73539d5f2c3d2eb,leakcanary/AndroidLeakFixes$IMM_CUR_ROOT_VIEW$apply$2,3,8,37.5
ffd539a3e86ac6d6,androidx/fragment/app/strictmode/WrongFragmentContainerViolation,3,4,75.0
f8764ed56f75d747,org/ocpsoft/prettytime/i18n/Resources_en,3,3,100.0
9a72f2d78f3ff023,shark/AndroidReferenceMatchers$MAPPER_CLIENT,3,3,100.0
9a4aefc9c6a47eaf,org/schabi/newpipe/local/playlist/RemotePlaylistManager,3,17,17.65
8164929fe55feae4,leakcanary/internal/HeapDumpControl$ICanHazHeap$Nope,3,3,100.0
b73440b38d68efe6,androidx/work/Worker,3,3,100.0
a3762867985e4588,androidx/lifecycle/ViewModelProvider$Factory,3,6,50.0
74fb0283d0a487a4,androidx/fragment/app/FragmentStateManager$1,3,4,75.0
3e7c3ab484b0203d,okhttp3/internal/platform/android/BouncyCastleSocketAdapter$Companion,3,3,100.0
22fe07dd9e26c2b1,shark/AndroidReferenceMatchers$EVENT_RECEIVER__MMESSAGE_QUEUE,3,3,100.0
7891c43058de5ce5,shark/AndroidReferenceMatchers$ACCESSIBILITY_NODE_ID_MANAGER,3,3,100.0
81a18b302308b809,androidx/emoji2/viewsintegration/EmojiKeyListener,3,13,23.08
27a672f750da348b,shark/AndroidReferenceMatchers$AUDIO_MANAGER,3,3,100.0
6c66e6d9d1c47ef7,okhttp3/CookieJar$Companion$NoCookies,3,4,75.0
4a050fd7a5acb778,okhttp3/internal/concurrent/TaskRunner$Companion,3,3,100.0
b162aea459e89650,org/schabi/newpipe/extractor/utils/Parser,3,23,13.04
d4d184c7be59b44c,shark/ReferencePattern$NativeGlobalVariablePattern,3,19,15.79
61a5d9d0849b481e,androidx/core/view/ViewParentCompat$Api21Impl,3,8,37.5
dbb8defb2ef1fb23,okhttp3/internal/http/StatusLine,3,9,33.33
6d49022db646c149,shark/AndroidReferenceMatchers$TOAST_TN,3,3,100.0
542d261c07f6e0cf,shark/AndroidReferenceMatchers$ACTIVITY_MANAGER_MCONTEXT,3,3,100.0
cef08d4d08b9530f,androidx/activity/ComponentActivity$4,3,8,37.5
59e823847bb90731,androidx/core/os/BuildCompat,3,58,5.17
107d4d07b3ff11a8,shark/AndroidReferenceMatchers$MAGNIFIER,3,3,100.0
5cfb92fd8ffe7061,androidx/sqlite/db/framework/FrameworkSQLiteStatement,3,6,50.0
1bb0ce7ff0bc789b,okhttp3/internal/http2/Http2Connection$Listener,3,4,75.0
69cad7e15af6b4de,shark/AndroidReferenceMatchers$ACCOUNT_MANAGER,3,3,100.0
93eb94587117503a,com/google/android/material/shape/MaterialShapeDrawable$2,3,4,75.0
4d09e8b5a1762a2a,androidx/activity/ComponentActivity$3,3,10,30.0
0b81958bfbb91f59,androidx/fragment/app/Fragment$5,3,6,50.0
9844cd41a813ba9e,shark/AndroidReferenceMatchers$VIEW_CONFIGURATION__MCONTEXT,3,3,100.0
e2453a6a6627c05f,shark/AndroidReferenceMatchers$AW_RESOURCE__SRESOURCES,3,3,100.0
f793cf66794a3bdb,org/schabi/newpipe/databinding/DrawerLayoutBinding,3,12,25.0
6a19e1224df22625,shark/AndroidReferenceMatchers$APPLICATION_PACKAGE_MANAGER__HAS_SYSTEM_FEATURE_QUERY,3,3,100.0
52f6319bbfed7c30,androidx/room/RoomDatabase$Callback,3,4,75.0
4906362754130037,shark/AndroidReferenceMatchers$EXTENDED_STATUS_BAR_MANAGER,3,3,100.0
b0af74a234968106,io/reactivex/rxjava3/schedulers/Schedulers$SingleTask,3,3,100.0
014ffd0decbefb6a,androidx/lifecycle/LiveData$1,3,4,75.0
dd47be563cde8920,androidx/lifecycle/LifecycleDispatcher,3,5,60.0
672abde8308e5309,shark/AndroidReferenceMatchers$GESTURE_BOOST_MANAGER,3,3,100.0
91d9dcafb70650c9,leakcanary/AndroidLeakFixes$Companion$onEachIdle$1,3,3,100.0
feddcdc3b9128d81,org/schabi/newpipe/extractor/Page,3,20,15.0
3bff75066e86ccbf,shark/AndroidReferenceMatchers$LEAK_CANARY_HEAP_DUMPER,3,3,100.0
536552108440b211,org/ocpsoft/prettytime/units/Century,3,3,100.0
a2ce016e1bbdd19f,org/schabi/newpipe/fragments/BaseStateFragment$$Icepick,3,14,21.43
65c1ab1a95bdee7f,androidx/emoji2/viewsintegration/EmojiInputFilter$InitCallbackImpl,3,25,12.0
4d3882ed1c42824e,org/schabi/newpipe/local/feed/notifications/NotificationWorker,3,64,4.69
0e657ce482416571,io/reactivex/rxjava3/schedulers/Schedulers$IOTask,3,3,100.0
5dd78c4a40dce65a,shark/AndroidReferenceMatchers$CONNECTIVITY_MANAGER__SINSTANCE,3,3,100.0
248f1f93700f3496,androidx/core/view/ViewCompat$Api17Impl,3,12,25.0
5af88eef648b571d,kotlin/ranges/IntProgression$Companion,3,3,100.0
ae1ce5c6aa03f5a4,shark/ReferencePattern$JavaLocalPattern,3,19,15.79
24e68d241187e58b,okhttp3/internal/platform/android/BouncyCastleSocketAdapter,3,25,12.0
c7c5d0044cddab33,androidx/core/util/Preconditions,3,73,4.11
3ded29b858f83cd7,shark/AndroidReferenceMatchers$BIOMETRIC_PROMPT,3,3,100.0
1361c9dab9e9041e,androidx/work/WorkerParameters$RuntimeExtras,3,3,100.0
fec28ebae769fb5d,androidx/fragment/app/SpecialEffectsController$2,3,3,100.0
ca4752f295c34692,org/ocpsoft/prettytime/units/Day,3,3,100.0
f6950cef6e464059,org/schabi/newpipe/extractor/StreamingService$ServiceInfo,3,4,75.0
d4a1c17b741bdce5,leakcanary/internal/ViewModelClearedWatcher$Companion$install$provider$1,3,3,100.0
96936be7c900b7da,androidx/emoji2/text/EmojiCompatInitializer$1,3,3,100.0
f8d9f15a05df7384,shark/AndroidReferenceMatchers$MEDIA_PROJECTION_CALLBACK,3,3,100.0
3c02f318700806d2,shark/ReferencePattern$StaticFieldPattern,3,26,11.54
8eec53718e4b5fa2,shark/AndroidReferenceMatchers$MEDIA_SCANNER_CONNECTION,3,3,100.0
e6477875bc839fa5,shark/AndroidReferenceMatchers$TEXT_LINE__SCACHED,3,3,100.0
e71a04ac50ffb7f2,okhttp3/internal/platform/android/ConscryptSocketAdapter$Companion,3,3,100.0
a51c23b4f5d01136,androidx/lifecycle/SavedStateHandlesProvider$viewModel$2,3,3,100.0
e74db11799c7c36e,io/reactivex/rxjava3/internal/operators/flowable/FlowableDistinctUntilChanged,3,5,60.0
e087f64d735461e7,io/reactivex/rxjava3/disposables/ReferenceDisposable,3,10,30.0
b8ae99e24eec95dd,shark/AndroidReferenceMatchers$CLIPBOARD_UI_MANAGER__SINSTANCE,3,3,100.0
d3f35a0b8431550d,com/google/android/material/shape/RoundedCornerTreatment,3,4,75.0
fd9518cca12d1297,shark/AndroidReferenceMatchers$MAIN,3,3,100.0
b05926a00110353c,shark/AndroidReferenceMatchers$MULTI_WINDOW_DECOR_SUPPORT__MWINDOW,3,3,100.0
0cd4ad0f4a306dd3,org/acra/log/AndroidLogDelegate,3,25,12.0
2f04ec4eb9a8cc77,com/facebook/stetho/inspector/elements/android/ActivityTracker$AutomaticTracker,3,3,100.0
287568d8183d74e2,androidx/core/app/NotificationChannelCompat,3,70,4.29
0aefc88b82b5f356,shark/AndroidReferenceMatchers$RESOURCES__MCONTEXT,3,3,100.0
837aabafa3389a94,leakcanary/ViewLocationHolderLeakFix,3,28,10.71
87b5af9adc0c7e97,androidx/core/widget/ImageViewCompat,3,45,6.67
43a043c4bcfe28e5,org/acra/collector/LogCatCollector,3,60,5.0
ccc3809d0ba57b96,org/ocpsoft/prettytime/units/Week,3,3,100.0
e9fd636398eaa9eb,leakcanary/LogcatSharkLog$Companion,3,3,100.0
6f32819b4aa48764,shark/AndroidReferenceMatchers$SMART_COVER_MANAGER,3,3,100.0
6dcf03570b5aabd8,io/reactivex/rxjava3/internal/operators/flowable/FlowableFilter,3,5,60.0
76559ff2d80c3f7d,kotlin/comparisons/ComparisonsKt__ComparisonsKt,3,64,4.69
106a257a90a45419,leakcanary/AndroidLeakFixes$ACCESSIBILITY_NODE_INFO,3,4,75.0
63a155e6b2c288b8,curtains/WindowType,3,4,75.0
720a533dfeb9a79b,shark/AndroidReferenceMatchers$SPEN_GESTURE_MANAGER,3,3,100.0
cc26d075b9fb26ef,shark/AndroidReferenceMatchers$BACKDROP_FRAME_RENDERER__MDECORVIEW,3,3,100.0
38cb18d66be89ffe,org/ocpsoft/prettytime/units/Millennium,3,3,100.0
27a11b05bb80d764,leakcanary/LazyForwardingEventListener,3,6,50.0
74019c25ab7752e4,shark/AndroidReferenceMatchers$ACCESSIBILITY_ITERATORS,3,3,100.0
c6542b13807d95cc,org/ocpsoft/prettytime/units/Year,3,3,100.0
771b013bda3ac826,androidx/customview/widget/ViewDragHelper$Callback,3,13,23.08
34a39f569131ffb1,shark/ReferencePattern$InstanceFieldPattern,3,26,11.54
92fc128d60d769a3,shark/AndroidReferenceMatchers$RAZER_TEXT_KEY_LISTENER__MCONTEXT,3,3,100.0
51bc3166b3abce11,shark/AndroidReferenceMatchers$SYSTEM_SENSOR_MANAGER__MAPPCONTEXTIMPL,3,3,100.0
22effe4eac0ae410,org/acra/collector/Collector$Order,3,5,60.0
a5f5fa4d923df0cb,io/reactivex/rxjava3/schedulers/Schedulers$NewThreadTask,3,3,100.0
858536888aecc633,org/ocpsoft/prettytime/units/Minute,3,3,100.0
6073e58eb7820b9f,androidx/recyclerview/widget/DiffUtil$Diagonal,3,3,100.0
2e771b9dec25bc5e,leakcanary/AndroidLeakFixes$VIEW_LOCATION_HOLDER,3,3,100.0
b1234740a4ee3d35,okhttp3/internal/platform/android/StandardAndroidSocketAdapter,3,12,25.0
7da5825441a348f8,org/ocpsoft/prettytime/units/Decade,3,3,100.0
f9b5c56f9ad8ef20,shark/AndroidReferenceMatchers$DEVICE_POLICY_MANAGER__SETTINGS_OBSERVER,3,3,100.0
04def84a0b0e7c03,shark/AndroidReferenceMatchers$STATIC_MTARGET_VIEW,3,3,100.0
33a28ba616223ea3,org/schabi/newpipe/views/SuperScrollLayoutManager,3,55,5.45
f733dd6e7ac6074b,shark/AndroidReferenceMatchers$RENDER_NODE_ANIMATOR,3,3,100.0
83cc5c5ea842ab05,shark/AndroidReferenceMatchers$COMPANION_DEVICE_SERVICE__STUB,3,3,100.0
5f863d3906e5ddf7,leakcanary/ServiceWatcher$activityThreadInstance$2,3,4,75.0
26e77640a3e71aa2,com/google/android/material/tabs/TabLayout$ViewPagerOnTabSelectedListener,3,4,75.0
4cae1aa95765cf7c,kotlin/collections/CollectionsKt__IterablesKt,3,26,11.54
8ad89464cb005711,kotlin/jvm/internal/ReflectionFactory,3,26,11.54
3d60d2d2969dd82d,shark/AndroidReferenceMatchers$IREQUEST_FINISH_CALLBACK,3,3,100.0
9239d9c155e4262f,shark/AndroidReferenceMatchers$SEM_APP_ICON_SOLUTION,3,3,100.0
b44722d5f3d3a1eb,org/ocpsoft/prettytime/units/Month,3,3,100.0
17547c3edc3cd00e,shark/AndroidReferenceMatchers$BLOCKING_QUEUE,3,3,100.0
05ffaae0d8dedfc0,shark/AndroidReferenceMatchers$APP_WIDGET_HOST_CALLBACKS,3,3,100.0
22ba47b2fe324fef,androidx/lifecycle/viewmodel/CreationExtras,3,3,100.0
05960d749387503a,org/ocpsoft/prettytime/units/Second,3,3,100.0
51337251077100fe,okhttp3/internal/http2/Http2Connection$Companion,3,3,100.0
c215aee9ca40f594,shark/AndroidReferenceMatchers$LEAK_CANARY_INTERNAL,3,3,100.0
5185f0e9c29152b0,io/reactivex/rxjava3/internal/functions/Functions$Array6Func,3,5,60.0
c8c4d68970701a58,io/reactivex/rxjava3/internal/operators/flowable/FlowableFlatMapMaybe$FlatMapMaybeSubscriber$InnerObserver,3,7,42.86
985e481bd137ef0f,androidx/sqlite/db/framework/FrameworkSQLiteDatabase$1,3,3,100.0
4678d328d3ec7758,io/reactivex/rxjava3/internal/operators/flowable/FlowableMap,3,5,60.0
e9893f48f53faef9,androidx/lifecycle/MutableLiveData,3,4,75.0
ed10a3d1ee51efd5,shark/AndroidReferenceMatchers$EDITTEXT_BLINK_MESSAGEQUEUE,3,3,100.0
f3dd28644034bcfb,shark/AndroidReferenceMatchers$SPELL_CHECKER,3,3,100.0
254bdb11e2f93ef5,org/ocpsoft/prettytime/units/Millisecond,3,3,100.0
2378b16a230803fe,io/reactivex/rxjava3/schedulers/Schedulers$ComputationTask,3,3,100.0
5d1153fb9734e0a3,shark/AndroidReferenceMatchers$ASSIST_STRUCTURE,3,3,100.0
64ae535464a82f96,kotlin/collections/ArrayAsCollection,3,27,11.11
a40db717adfccd1a,okhttp3/internal/platform/android/ConscryptSocketAdapter,3,22,13.64
6172305c1ba442ba,org/ocpsoft/prettytime/units/JustNow,3,4,75.0
4379d82c6d3984a9,androidx/core/widget/EdgeEffectCompat,3,24,12.5
78098a29310cf25b,kotlin/collections/EmptyIterator,3,15,20.0
07ac22a01973405f,androidx/work/Constraints$Builder,3,29,10.34
7dfcda48ec9bbed2,shark/AndroidReferenceMatchers$SEM_EMERGENCY_MANAGER__MCONTEXT,3,3,100.0
66cee6c7cd76e350,com/google/android/material/internal/NavigationMenuView,3,6,50.0
d8f7a36d9954c70e,shark/ReferencePattern,3,3,100.0
56da34510dad440a,androidx/core/os/HandlerCompat,3,49,6.12
de854146545cf437,org/acra/collector/SimpleValuesCollector,3,24,12.5
412a17cbb3ffcd28,androidx/room/InvalidationLiveDataContainer,3,6,50.0
373a5c1676bbdc15,shark/AndroidReferenceMatchers$PERSONA_MANAGER,3,3,100.0
a062c449f502c24b,androidx/activity/ComponentActivity$5,3,3,100.0
513bee8a02c83953,shark/AndroidReferenceMatchers$SEM_PERSONA_MANAGER,3,3,100.0
63a6ceb915d9d0f4,shark/AndroidReferenceMatchers$LAYOUT_TRANSITION,3,3,100.0
0811c1838643999c,shark/AndroidReferenceMatchers$LGCONTEXT__MCONTEXT,3,3,100.0
b16d525371ec7684,shark/AndroidReferenceMatchers$USER_MANAGER__SINSTANCE,3,3,100.0
a50ea3b5c66eb35a,com/google/android/material/shape/AdjustedCornerSize,3,14,21.43
e9fa5f0871caf65d,androidx/lifecycle/ViewModel,3,49,6.12
c6026e18fdf740da,androidx/arch/core/internal/SafeIterableMap$Entry,3,14,21.43
ec5d3dfa6a582777,shark/AndroidReferenceMatchers$PLAYER_BASE,3,3,100.0
5310c40c6807038a,shark/AndroidReferenceMatchers$OEM_SCENE_CALL_BLOCKER,3,3,100.0
e966da7fe57f3628,shark/AndroidReferenceMatchers$SPEECH_RECOGNIZER,3,3,100.0
07a431dac35a354b,shark/AndroidReferenceMatchers$FINALIZER_WATCHDOG_DAEMON,3,3,100.0
036bd6107f06a5dc,androidx/coordinatorlayout/widget/CoordinatorLayout$HierarchyChangeListener,3,9,33.33
6035b173b6b85387,shark/AndroidReferenceMatchers$ACCESSIBILITY_NODE_INFO__MORIGINALTEXT,3,3,100.0
1a37c7d8272ab8fd,shark/AndroidReferenceMatchers$IMM_CURRENT_INPUT_CONNECTION,3,3,100.0
f78bc1707c4ccada,io/reactivex/rxjava3/internal/schedulers/SchedulerPoolFactory$SystemPropertyAccessor,3,3,100.0
3dee009d0f4421c6,androidx/work/impl/constraints/trackers/BroadcastReceiverConstraintTracker,3,11,27.27
f8ae345fdbe4dd9e,curtains/OnRootViewAddedListener$DefaultImpls,3,4,75.0
9dd2524cca452ae1,okhttp3/internal/http2/Http2Stream$StreamTimeout,3,10,30.0
82886ebf41506ffe,androidx/constraintlayout/core/state/WidgetFrame,3,321,0.93
40293c2c99b59a05,io/reactivex/rxjava3/internal/functions/Functions$Array2Func,3,5,60.0
95caef5ee8813ed2,io/reactivex/rxjava3/internal/util/HalfSerializer,3,37,8.11
6bc00c0c3ab00658,org/ocpsoft/prettytime/units/Hour,3,3,100.0
e378c6d979c63bb3,com/google/android/material/internal/NavigationMenuPresenter$NavigationMenuSeparatorItem,3,3,100.0
541a58b7c34675f6,shark/AndroidReferenceMatchers$INSTRUMENTATION_RECOMMEND_ACTIVITY,3,3,100.0
3a96b4eb76b4a9d0,androidx/interpolator/view/animation/FastOutSlowInInterpolator,3,3,100.0
4f06e5753d094ef4,okhttp3/CertificatePinner$Builder,3,8,37.5
2a986dfc6d7f64c4,androidx/work/impl/utils/WorkForegroundUpdater,3,5,60.0
a2146ead0f53b097,io/reactivex/rxjava3/internal/operators/single/SingleDoOnSuccess$DoOnSuccess,3,7,42.86
ccdf1d1e096126b1,androidx/room/TransactionExecutor$1,3,4,75.0
6f19de3bd792ad58,kotlin/io/CloseableKt,3,28,10.71
fd34bd792c172f26,shark/AndroidReferenceMatchers$LEAK_CANARY_THREAD,3,3,100.0
7e5f6d232aa732ab,io/reactivex/rxjava3/internal/schedulers/TrampolineScheduler,3,11,27.27
b77c5b3cf94a91a6,leakcanary/internal/ApplicationsKt,3,4,75.0
ef32300fa2ad6070,org/schabi/newpipe/local/feed/item/StreamItem$ItemVersion,3,5,60.0
8d7e2d7b3e267be1,shark/AndroidReferenceMatchers$BUBBLE_POPUP_HELPER__SHELPER,3,3,100.0
c1c043f3c530317b,shark/AndroidReferenceMatchers$TEXT_VIEW__MLAST_HOVERED_VIEW,3,3,100.0
544e2beb2d1f0755,org/acra/collections/WeakStack,3,40,7.5
c903df2576dee009,shark/AndroidReferenceMatchers$ACTIVITY_CLIENT_RECORD__NEXT_IDLE,3,3,100.0
dbb493014551da17,leakcanary/DefaultOnHeapAnalyzedListener,3,6,50.0
66294d92f451d15b,androidx/constraintlayout/core/widgets/ConstraintWidget$DimensionBehaviour,3,4,75.0
e567ac62698cf0bd,androidx/core/content/res/ResourcesCompat$ColorStateListCacheEntry,3,4,75.0
badce1b16ebfde24,io/reactivex/rxjava3/internal/operators/flowable/FlowableOnBackpressureLatest$BackpressureLatestSubscriber,3,3,100.0
06c54c695bbb19ac,shark/AndroidObjectInspectors$SUPPORT_FRAGMENT,3,5,60.0
71b83a5d74834d8b,com/google/android/material/shape/EdgeTreatment,3,5,60.0
9a4edec3668f32fe,io/reactivex/rxjava3/internal/operators/maybe/MaybeEmpty,3,4,75.0
c9936d6356c6e2a4,shark/LibraryLeakReferenceMatcher,2,38,5.26
92681d84c565a7cf,okhttp3/internal/http2/ErrorCode$Companion,2,10,20.0
e714645491accf96,androidx/appcompat/widget/AppCompatTextViewAutoSizeHelper$Impl,2,3,66.67
d7c246d629404afa,shark/AndroidReferenceMatchers$USER_MANAGER__SINSTANCE$add$1,2,9,22.22
ee54b5a292333f9f,androidx/appcompat/app/AppCompatDelegateImpl$5,2,3,66.67
f2b814e7a5fd1db2,io/reactivex/rxjava3/internal/functions/Functions$EmptyConsumer,2,3,66.67
fd27a51b06aa7010,kotlin/jvm/internal/StringCompanionObject,2,2,100.0
6c094278f62dd5f6,shark/AndroidObjectInspectors$FRAGMENT$leakingObjectFilter$1,2,13,15.38
90ceae1d33ea3081,leakcanary/internal/InternalLeakCanary$invoke$2,2,2,100.0
6eb459cb972fdeaf,org/schabi/newpipe/local/feed/service/FeedEventManager$Event$IdleEvent,2,2,100.0
3581410653fc3075,androidx/fragment/app/FragmentManager$6,2,2,100.0
d769364e626bbe77,shark/AndroidObjectInspectors$ACTIVITY,2,4,50.0
bd1f7744ffb0a2b5,shark/AndroidReferenceMatchers$INPUT_METHOD_MANAGER_IS_TERRIBLE$add$4,2,10,20.0
326fd86a1662b56a,shark/AndroidObjectInspectors$VIEW_ROOT_IMPL,2,4,50.0
9368bd3808cb2c7e,androidx/room/util/CursorUtil,2,41,4.88
9a28ef2afe510172,androidx/lifecycle/ViewModelProvider$NewInstanceFactory$Companion$ViewModelKeyImpl,2,2,100.0
cece4a0c97280b38,shark/AndroidObjectInspectors$TOAST,2,4,50.0
4ac48d1bbff1a281,shark/KeyedWeakReferenceFinder,2,24,8.33
80386941cc7d8681,shark/AndroidReferenceMatchers$TEXT_LINE__SCACHED$add$1,2,7,28.57
55cb2de4cc271c32,androidx/work/impl/constraints/controllers/ConstraintController,2,39,5.13
5786ca3f9363ee90,androidx/core/graphics/TypefaceCompatBaseImpl,2,68,2.94
096cfa8a1f7c8465,androidx/collection/MapCollections$KeySet,2,29,6.9
946358c37fede5d7,okhttp3/ConnectionSpec$Companion,2,2,100.0
d2a1abc8f02587e9,shark/AndroidReferenceMatchers$MEDIA_SCANNER_CONNECTION$add$1,2,7,28.57
40261c1217c16965,org/acra/config/CoreConfigurationBuilder$special$$inlined$observable$14,2,4,50.0
a138c78e316e8eb3,shark/ReferencePattern$Companion,2,2,100.0
3cc8b9320486d6a5,org/schabi/newpipe/local/feed/service/FeedEventManager$Event,2,2,100.0
f0bec666018dcb15,shark/AndroidReferenceMatchers$INPUT_METHOD_MANAGER_IS_TERRIBLE$add$2,2,9,22.22
6d28f9ccbe0b452d,shark/ReferencePattern$JavaLocalPattern$Companion,2,2,100.0
9e8d2aa6f719add3,kotlin/properties/Delegates,2,7,28.57
28ecc5a7533e6f14,leakcanary/AndroidDebugHeapDumper,2,4,50.0
4270114c4a11f4be,org/acra/config/CoreConfigurationBuilder$special$$inlined$observable$27,2,4,50.0
04e8bac565ec5a0c,androidx/sqlite/db/SupportSQLiteOpenHelper$Configuration,2,3,66.67
5659bc47db351b0b,androidx/activity/result/contract/ActivityResultContracts$RequestMultiplePermissions$Companion,2,4,50.0
6fb6678e43e12bf6,org/schabi/newpipe/extractor/services/peertube/PeertubeInstance,2,15,13.33
e7c70ef67de3a629,androidx/core/widget/CheckedTextViewCompat,2,26,7.69
b4874a80f81f5161,kotlin/collections/AbstractList$Companion,2,38,5.26
273f2b6f63c801a0,io/reactivex/rxjava3/core/Scheduler$Worker,2,11,18.18
08c0f3a946c40693,com/grack/nanojson/JsonStringWriter,2,2,100.0
5c1150ab3b288a53,shark/AndroidReferenceMatchers$INSTRUMENTATION_RECOMMEND_ACTIVITY$add$1,2,10,20.0
5e1b8e27e4d70218,kotlin/jvm/internal/FunctionReference,2,36,5.56
9fbed298b6c810d0,shark/AndroidObjectInspectors$CONTEXT_WRAPPER,2,39,5.13
2cac496896762179,androidx/work/impl/model/WorkProgressDao_Impl$2,2,2,100.0
7bc783b68e78356f,shark/ReferencePattern$NativeGlobalVariablePattern$Companion,2,2,100.0
8cbc6f0e225fccc9,okhttp3/internal/tls/CertificateChainCleaner,2,2,100.0
6624b1fa6af3b4b7,androidx/drawerlayout/widget/DrawerLayout$AccessibilityDelegate,2,55,3.64
d354c796fa899105,shark/AndroidReferenceMatchers$WINDOW_ON_BACK_INVOKED_DISPATCHER__STUB$add$1,2,9,22.22
c13c9ab48f18c722,shark/AndroidReferenceMatchers$MEDIA_SESSION_LEGACY_HELPER__SINSTANCE$add$1,2,7,28.57
5d72a4ff40e6e674,androidx/recyclerview/widget/DiffUtil$CenteredArray,2,5,40.0
34d4263fa6728afd,androidx/core/util/ObjectsCompat$Api19Impl,2,3,66.67
784b976f51b809e6,com/squareup/picasso/PicassoProvider,2,7,28.57
f6f5a0096918834a,okhttp3/internal/http2/Http2Stream$Companion,2,2,100.0
fb86d134f43db330,org/acra/config/CoreConfigurationBuilder$special$$inlined$observable$2,2,4,50.0
d9f89462fb55d13d,androidx/collection/ArraySet$1,2,10,20.0
3341088a56f8bd1b,io/reactivex/rxjava3/internal/operators/flowable/FlowableThrottleLatest,2,2,100.0
2260434f59fb45f9,org/schabi/newpipe/local/feed/FeedFragment$listenerStreamItem$1,2,17,11.76
5873473c2a431175,curtains/WindowsKt$tooltipString$2,2,8,25.0
720e4ff04df22635,shark/AndroidObjectInspectors$WINDOW$leakingObjectFilter$1,2,15,13.33
aeb7ddc489b298ee,androidx/appcompat/widget/TooltipCompat,2,5,40.0
dc9346e8f226ffb2,com/squareup/picasso/OkHttp3Downloader,2,14,14.29
8040d9c3f35c64ee,androidx/recyclerview/widget/RecyclerViewAccessibilityDelegate$ItemDelegate,2,57,3.51
3f67912c1d75b3b4,leakcanary/AndroidLeakFixes$MEDIA_SESSION_LEGACY_HELPER,2,3,66.67
238c38b27d3074cc,androidx/core/os/TraceCompat$Api18Impl,2,3,66.67
399b23240b0e4397,com/google/android/material/internal/NavigationMenuPresenter$NavigationMenuViewAccessibilityDelegate,2,4,50.0
dc47b47048b3eaf7,okhttp3/internal/cache/DiskLruCache$cleanupTask$1,2,22,9.09
c5d02cc71ba91d9e,kotlin/jvm/internal/FunctionReferenceImpl,2,5,40.0
aed22020bd9441cd,androidx/core/graphics/drawable/DrawableCompat$Api21Impl,2,10,20.0
8fcaa987e988919c,org/acra/collector/BaseReportFieldCollector,2,15,13.33
e62bf3f68f168f5c,okhttp3/CookieJar,2,2,100.0
ea427c1203a8ed24,shark/AndroidReferenceMatchers$AW_RESOURCE__SRESOURCES$add$1,2,9,22.22
4b5fe3e83e3012a4,leakcanary/ServiceWatcher$Companion,2,2,100.0
b3280c528d784baa,okhttp3/internal/connection/RealCall$timeout$1,2,3,66.67
93d6ba94277d4d49,org/acra/collector/ConfigurationCollector$getValueArrays$5,2,4,50.0
eef9199be7366d76,shark/AndroidObjectInspectors$EDITOR,2,4,50.0
2cfecccd3586c50e,org/acra/collector/ThreadCollector,2,14,14.29
fcfbcf6acc2263a0,shark/AndroidReferenceMatchers$LGCONTEXT__MCONTEXT$add$1,2,9,22.22
05996188a8041d93,androidx/lifecycle/ViewModelProvider$NewInstanceFactory$Companion,2,7,28.57
c814633aca3bd373,shark/AndroidReferenceMatchers$DEVICE_POLICY_MANAGER__SETTINGS_OBSERVER$add$1,2,10,20.0
742cfd12f283c5c1,org/schabi/newpipe/local/feed/FeedState,2,2,100.0
468ce9c1d965c170,leakcanary/AndroidLeakFixes$TEXT_LINE_POOL,2,3,66.67
47c94f974cbf1b59,androidx/sqlite/db/framework/FrameworkSQLiteOpenHelperFactory,2,2,100.0
8f8c918347533c27,leakcanary/internal/InternalLeakCanary$formFactor$2,2,8,25.0
5c405c9f8f2b8e9f,org/acra/util/ProcessFinisher,2,53,3.77
9da9cc2a7ebd50d6,kotlin/jvm/internal/ArrayIteratorKt,2,2,100.0
a7674de49bcc8c3e,shark/AndroidReferenceMatchers$RESOURCES__MCONTEXT$add$1,2,9,22.22
5f1ba63170321aa3,leakcanary/FragmentAndViewModelWatcher$Companion,2,3,66.67
f8328f0b964d053b,androidx/savedstate/Recreator$Companion,2,2,100.0
edc747c8e3a1f9bd,androidx/fragment/app/FragmentManager$3,2,2,100.0
4c7b854bfe78af26,shark/AndroidObjectInspectors$ANDROIDX_FRAGMENT,2,4,50.0
35e0566db8262239,okhttp3/internal/connection/RealConnectionPool$Companion,2,4,50.0
86e0da0dde16d898,com/google/android/material/internal/NavigationMenuPresenter$NavigationMenuTextItem,2,2,100.0
610b5d30e106deb6,shark/AndroidReferenceMatchers$MEDIA_PROJECTION_CALLBACK$add$1,2,9,22.22
8de749a6b8257330,leakcanary/ToastEventListener,2,18,11.11
736796ffadcf535c,com/google/android/material/badge/BadgeUtils,2,71,2.82
90992f660dabfdd9,okhttp3/internal/io/FileSystem$Companion,2,2,100.0
f7c0e6da67c43082,shark/AndroidReferenceMatchers$MULTI_WINDOW_DECOR_SUPPORT__MWINDOW$add$1,2,10,20.0
3820785d18454363,leakcanary/AndroidLeakFixes$SPELL_CHECKER,2,34,5.88
e22114f7a1507220,androidx/work/impl/DefaultRunnableScheduler,2,6,33.33
e5755ea0b87274a9,org/acra/config/CoreConfigurationBuilder$special$$inlined$observable$25,2,4,50.0
1ac5f881dde46568,com/facebook/stetho/Stetho$BuilderBasedInitializer,2,8,25.0
0ded69141c40547f,shark/AndroidObjectInspectors$VIEW$leakingObjectFilter$1,2,56,3.57
f624218e0c12248d,org/acra/config/CoreConfigurationBuilder$special$$inlined$observable$22,2,4,50.0
e27627f71b75a8cb,shark/AndroidReferenceMatchers$SPAN_CONTROLLER$add$2,2,7,28.57
f50d92d9943b5af2,shark/AndroidReferenceMatchers$VIEW_CONFIGURATION__MCONTEXT$add$1,2,9,22.22
ccfe693f6b17969a,org/acra/config/CoreConfigurationBuilder$special$$inlined$observable$11,2,4,50.0
8fdbff0824f6418f,leakcanary/internal/HeapDumpControl$ICanHazHeap$SilentNope,2,2,100.0
cf112f48f0f8099c,shark/AndroidReferenceMatchers$IREQUEST_FINISH_CALLBACK$add$1,2,7,28.57
2f95c80c30e493a7,leakcanary/internal/HeapDumpControl$ICanHazHeap,2,2,100.0
2d2f3109511e3406,org/schabi/newpipe/local/subscription/SubscriptionViewModel$feedGroupItemsDisposable$2$1,2,5,40.0
5619e588401280fa,okhttp3/internal/http/RetryAndFollowUpInterceptor$Companion,2,2,100.0
d5de19f2977ac56e,androidx/core/graphics/ColorUtils,2,170,1.18
e5ae542216c0c47a,androidx/recyclerview/widget/RecyclerView$EdgeEffectFactory,2,2,100.0
8a2713cbed2a0ce5,androidx/work/ListenableWorker$Result$Failure,2,12,16.67
f1fb5214366a66cb,androidx/lifecycle/SavedStateHandlesVM,2,3,66.67
6517814e3a30c10d,leakcanary/AndroidLeakFixes$CONNECTIVITY_MANAGER,2,10,20.0
a731c54dda368923,com/squareup/picasso/Utils$1,2,2,100.0
b3c074b692b0657c,androidx/fragment/app/Fragment$OnPreAttachedListener,2,2,100.0
e7ef16be25fad9ef,com/google/android/material/tabs/TabLayout$SlidingTabIndicator$1,2,2,100.0
96b8a6d497c8a85d,okhttp3/internal/platform/android/AndroidLogHandler,2,6,33.33
f815def9cda74877,shark/AndroidReferenceMatchers$SEM_EMERGENCY_MANAGER__MCONTEXT$add$1,2,10,20.0
55d10f363f207613,com/google/android/material/shape/ShapePath$ShadowCompatOperation,2,3,66.67
7c4828ca311f926e,androidx/work/impl/model/SystemIdInfoDao_Impl$2,2,2,100.0
05ea9df2f0b2eb71,org/acra/config/CoreConfigurationBuilder$special$$inlined$observable$24,2,4,50.0
eb6ecff7eaa6a995,androidx/lifecycle/ViewModelProvider$AndroidViewModelFactory$Companion$ApplicationKeyImpl,2,2,100.0
c50ba5eaa1247843,leakcanary/AppWatcher$objectWatcher$2,2,7,28.57
3f31a6349be517c7,shark/AndroidReferenceMatchers$SEM_CLIPBOARD_MANAGER__MCONTEXT$add$2,2,10,20.0
451f0ca74e0c4d31,org/acra/config/CoreConfigurationBuilder$special$$inlined$observable$12,2,4,50.0
61bd4e966adf00e9,com/grack/nanojson/JsonParser$JsonParserContext,2,9,22.22
1dccc17e64bb4d0d,io/reactivex/rxjava3/internal/operators/flowable/AbstractFlowableWithUpstream,2,3,66.67
12a254350e431823,org/schabi/newpipe/local/subscription/item/FeedGroupCarouselItem$Companion,2,2,100.0
a58b8d7c4f3bfac3,androidx/work/impl/utils/StartWorkRunnable,2,2,100.0
9d8489e364b772fb,androidx/work/impl/constraints/trackers/BatteryChargingTracker,2,40,5.0
dc9e5de89c7ce797,androidx/recyclerview/widget/DiffUtil$Range,2,4,50.0
eb23ae0b502ae490,okhttp3/internal/connection/RouteSelector$Companion,2,6,33.33
1e5cd7f3046ab85a,okhttp3/internal/http2/PushObserver,2,2,100.0
b639c70a1ade4560,shark/IgnoredReferenceMatcher,2,4,50.0
203e293bce6a6d73,com/jakewharton/rxbinding4/internal/Preconditions,2,6,33.33
4d8987e359ce77c6,shark/ObjectInspectors$KEYED_WEAK_REFERENCE,2,25,8.0
0895558ad9e8ec27,shark/AndroidReferenceMatchers$ACTIVITY_MANAGER_MCONTEXT$add$1,2,10,20.0
1f517e893d91a051,androidx/lifecycle/DefaultLifecycleObserver,2,6,33.33
5ec449b2f064149c,androidx/fragment/app/FragmentFactory,2,29,6.9
028667085867f29d,io/reactivex/rxjava3/internal/functions/Functions$Identity,2,3,66.67
a2901c56b7aaf9d9,androidx/arch/core/internal/SafeIterableMap$DescendingIterator,2,3,66.67
168830ef2fb12c09,org/acra/config/CoreConfigurationBuilder$special$$inlined$observable$6,2,4,50.0
094d21c2ce429802,androidx/work/Configuration$Builder,2,17,11.76
5bde3702f936d72d,org/acra/config/CoreConfigurationBuilder$special$$inlined$observable$5,2,4,50.0
def8fda4f41a6deb,leakcanary/internal/navigation/NavigatingActivity$Companion,2,3,66.67
2ea6e8c70b8b8ef5,org/schabi/newpipe/local/subscription/item/GroupsHeader$Companion,2,2,100.0
e6cb904770ce1fb9,leakcanary/internal/InternalLeakCanary$invoke$configProvider$1,2,4,50.0
eafb055fa937dd31,shark/AndroidMetadataExtractor,2,120,1.67
57918d05bef62f57,org/acra/config/CoreConfigurationBuilder$special$$inlined$observable$20,2,4,50.0
c0731c30d8bfe81f,shark/AndroidReferenceMatchers$INPUT_METHOD_MANAGER_IS_TERRIBLE$add$3,2,9,22.22
ed8cee4a0a4e6448,androidx/work/impl/utils/futures/AbstractFuture$AtomicHelper,2,2,100.0
4d033b057ea295bd,com/facebook/stetho/server/AddressNameHelper,2,3,66.67
ae97becfa8e80a6d,shark/AndroidReferenceMatchers$BLOCKING_QUEUE$add$1,2,7,28.57
9b2136140fe11495,io/reactivex/rxjava3/internal/operators/maybe/MaybeToSingle,2,3,66.67
a3ee09fb0508d8e9,androidx/work/Operation$State$SUCCESS,2,3,66.67
35b2173f04aa4cfa,androidx/fragment/app/FragmentTransaction$Op,2,5,40.0
28d790cfcf5a3904,kotlin/collections/MapsKt__MapsJVMKt,2,46,4.35
571862a42815c36f,org/schabi/newpipe/local/LocalItemBuilder,2,4,50.0
bd8929ae01d44665,shark/AndroidReferenceMatchers$ACCESSIBILITY_NODE_ID_MANAGER$add$1,2,9,22.22
1952cb4d9665b21a,org/schabi/newpipe/local/feed/FeedFragment$onViewCreated$3,2,16,12.5
bf826b17005a0cfb,androidx/core/widget/AutoSizeableTextView,2,3,66.67
5634a1a2dc7d9863,androidx/lifecycle/ViewModelProvider$Factory$Companion,2,4,50.0
d01dfa34f03d65d2,org/acra/config/CoreConfigurationBuilder$special$$inlined$observable$21,2,4,50.0
1de161f93a9d815f,androidx/interpolator/view/animation/LinearOutSlowInInterpolator,2,3,66.67
5ce0b429cea4608c,org/acra/config/CoreConfigurationBuilder$special$$inlined$observable$19,2,4,50.0
15619f0d2b8eaf7d,shark/AndroidReferenceMatchers$GESTURE_BOOST_MANAGER$add$1,2,10,20.0
9d36b42d27c08ce8,org/schabi/newpipe/settings/tabs/Tab$PlaylistTab,2,45,4.44
77d5242b0eb8a7a3,org/schabi/newpipe/local/feed/FeedDatabaseManager$Companion,2,3,66.67
e61ef128359c274b,shark/ObjectInspectors$KEYED_WEAK_REFERENCE$leakingObjectFilter$1,2,26,7.69
b5ea385aa40c4a4b,kotlin/Unit,2,3,66.67
e26be0141e5391ac,leakcanary/AndroidLeakFixes$IMM_FOCUSED_VIEW,2,18,11.11
7105b0b75110806f,shark/AndroidReferenceMatchers$INPUT_METHOD_MANAGER_IS_TERRIBLE$add$1,2,9,22.22
7a1027d2e4c9a93c,okhttp3/EventListener$Companion,2,2,100.0
e106ca5ed87af8dc,shark/AndroidReferenceMatchers$TEXT_TO_SPEECH$add$1,2,7,28.57
a0b661f8d8085c23,androidx/lifecycle/ViewModelProvider$NewInstanceFactory,2,13,15.38
0e1597aaa640ae44,org/acra/config/CoreConfigurationBuilder$special$$inlined$observable$9,2,4,50.0
734e003b53f84d1c,androidx/work/Operation,2,2,100.0
41e91f058337ca32,shark/AndroidReferenceMatchers$PLAYER_BASE$add$1,2,9,22.22
bb580dd5bf00d4f8,shark/AndroidReferenceMatchers$CLIPBOARD_EX_MANAGER$add$1,2,9,22.22
35597fafe6a123a5,leakcanary/internal/HeapDumpControl$hasTestClass$2,2,7,28.57
5d4d96390fc7fdd0,androidx/lifecycle/LifecycleDispatcher$DispatcherActivityCallback,2,4,50.0
7f6a04b541703d7e,leakcanary/LeakCanary$Config$1,2,6,33.33
cd1afcdec339eff1,shark/AndroidObjectInspectors$MESSAGE_QUEUE,2,4,50.0
1c32143bbb8e7411,shark/AndroidReferenceMatchers$SPEECH_RECOGNIZER$add$1,2,7,28.57
8c538f8be77572ab,shark/AndroidReferenceMatchers$SPELL_CHECKER_SESSION$add$1,2,9,22.22
6ad9a26c4bb0c7a3,org/acra/config/CoreConfigurationBuilder$special$$inlined$observable$28,2,4,50.0
897ec258644cb24b,shark/AndroidReferenceMatchers$VIEWLOCATIONHOLDER_ROOT$add$1,2,7,28.57
ed42c872ec4140e8,shark/AndroidReferenceMatchers$BIOMETRIC_PROMPT$add$1,2,7,28.57
2fe6c4391938fd73,shark/ReferenceMatcher,2,2,100.0
bc4436a4b923c71c,shark/AndroidReferenceMatchers$MAGNIFIER$add$1,2,7,28.57
f967cf649052506b,shark/AndroidReferenceMatchers$COMPANION_DEVICE_SERVICE__STUB$add$1,2,7,28.57
c74c817b2806986e,shark/ReferencePattern$StaticFieldPattern$Companion,2,2,100.0
6ab89a6a21d00af0,shark/AndroidReferenceMatchers$SYSTEM_SENSOR_MANAGER__MAPPCONTEXTIMPL$add$1,2,13,15.38
41287927b3ffb35d,org/schabi/newpipe/local/feed/FeedFragment$Companion,2,9,22.22
df2ed2d021173028,androidx/appcompat/widget/AppCompatTextHelper$1,2,9,22.22
d26c0f778fbae2fc,org/acra/collector/DropBoxCollector$Companion,2,2,100.0
bc548a6a293dfa46,androidx/work/impl/utils/futures/AbstractFuture$Waiter,2,9,22.22
4c698b599552d9d2,leakcanary/internal/HeapDumpTrigger$Companion,2,2,100.0
a8ec410a2cf4d459,androidx/work/impl/constraints/trackers/BatteryNotLowTracker,2,28,7.14
c96ced8e05128dc1,androidx/emoji2/text/EmojiCompat$CompatInternal19$1,2,3,66.67
2e6a8111f5cb3acd,shark/AndroidReferenceMatchers$TEXT_VIEW__MLAST_HOVERED_VIEW$add$1,2,10,20.0
6fe564112b48bac2,kotlin/ranges/RangesKt__RangesKt,2,24,8.33
ac3fb62531b61d42,okio/SocketAsyncTimeout,2,15,13.33
9275b0baf5404343,shark/AndroidObjectInspectors$EDITOR$leakingObjectFilter$1,2,19,10.53
6fbca6dbffc14e09,shark/AndroidReferenceMatchers$SPEN_GESTURE_MANAGER$add$1,2,9,22.22
aa6377d2e1936e81,io/reactivex/rxjava3/internal/schedulers/IoScheduler$ThreadWorker,2,3,66.67
469aa2e75600b50a,org/schabi/newpipe/local/subscription/SubscriptionFragment$listenerChannelItem$1,2,10,20.0
23bb38b10053fc2a,androidx/viewpager/widget/ViewPager$4,2,18,11.11
e45e06bda4a1e143,leakcanary/AndroidLeakFixes$Companion$onEachIdle$1$1,2,2,100.0
2d9bff0c19e35d9f,androidx/work/impl/utils/futures/AbstractFuture$Listener,2,2,100.0
d91c703baee0238d,shark/AndroidReferenceMatchers$ACCOUNT_MANAGER$add$1,2,7,28.57
2db4690d1d80619c,kotlin/jvm/internal/PropertyReference,2,25,8.0
4c7d16520c751921,androidx/appcompat/widget/AppCompatTextClassifierHelper,2,6,33.33
0b05286a8795571b,org/acra/config/CoreConfigurationBuilder$special$$inlined$observable$17,2,4,50.0
8331392a42edd7fa,shark/AndroidReferenceMatchers$SMART_COVER_MANAGER$add$1,2,9,22.22
db2e0fe98321f626,org/acra/collector/ReflectionCollector,2,33,6.06
e73bea3c023f85d1,shark/AndroidReferenceMatchers$APPLICATION_PACKAGE_MANAGER__HAS_SYSTEM_FEATURE_QUERY$add$1,2,7,28.57
6abcffda9e33a7e5,org/acra/scheduler/DefaultSenderScheduler,2,28,7.14
6e3c8b16f68472fe,okhttp3/internal/http2/Http2Connection$Listener$Companion,2,2,100.0
26c2818b8b350210,androidx/activity/result/contract/ActivityResultContracts$StartActivityForResult,2,6,33.33
782900939dae43a0,androidx/work/impl/utils/WorkProgressUpdater,2,4,50.0
0857d56f35251b6f,androidx/appcompat/widget/Toolbar$LayoutParams,2,10,20.0
83fe90192d021983,leakcanary/internal/InternalLeakCanary$onRetainInstanceListener$2,2,6,33.33
fd258e6d319c916d,shark/AndroidReferenceMatchers$IMM_CURRENT_INPUT_CONNECTION$add$1,2,10,20.0
b3dacb85465cd69d,shark/AndroidReferenceMatchers$SEM_APP_ICON_SOLUTION$add$1,2,10,20.0
02f93acbb6e1e3a4,org/schabi/newpipe/local/subscription/SubscriptionFragment$Companion,2,2,100.0
f837284a2eecf7dd,okhttp3/internal/http2/PushObserver$Companion,2,2,100.0
b5381bcb3d4e8eed,leakcanary/AppWatcher$objectWatcher$3,2,4,50.0
763cf1f2016651dc,androidx/recyclerview/widget/RecyclerView$OnScrollListener,2,3,66.67
0eb5b472470d88bd,kotlin/UNINITIALIZED_VALUE,2,2,100.0
8c09a1e6f5d93c3e,androidx/savedstate/SavedStateRegistry$Companion,2,2,100.0
e1f2a0dcbb88531c,androidx/interpolator/view/animation/FastOutLinearInInterpolator,2,3,66.67
da254c86e86a8416,androidx/fragment/app/strictmode/FragmentStrictMode$Policy$Companion,2,2,100.0
df38501ef56ac1a3,shark/AndroidReferenceMatchers$INPUT_METHOD_MANAGER_IS_TERRIBLE$add$5,2,9,22.22
e7af033e9dbb8305,org/acra/config/CoreConfigurationBuilder$special$$inlined$observable$18,2,4,50.0
23168ac0610c61f1,androidx/activity/result/contract/ActivityResultContracts$StartActivityForResult$Companion,2,2,100.0
65d3359def6e7b2a,com/xwray/groupie/GroupAdapter$2,2,4,50.0
fab0be550f74e955,androidx/appcompat/widget/ToolbarWidgetWrapper$1,2,7,28.57
927d4f8cfc0c428b,shark/AndroidObjectInspectors$MORTAR_SCOPE$leakingObjectFilter$1,2,13,15.38
86aa071984d28e18,shark/AndroidReferenceMatchers$ACCESSIBILITY_NODE_INFO__MORIGINALTEXT$add$1,2,9,22.22
040c9c3ed52b7abf,leakcanary/internal/HeapDumpControl$hasLeakAssertionsClass$2,2,7,28.57
7bf632f5d7895f9b,org/acra/config/CoreConfigurationBuilder$special$$inlined$observable$13,2,4,50.0
ac4a96a2ee120289,com/squareup/picasso/MediaStoreRequestHandler,2,65,3.08
4011ef93d452a37d,shark/AndroidObjectInspectors$CONTEXT_IMPL$leakingObjectFilter$1,2,11,18.18
1e664a992a95c5f6,shark/AndroidReferenceMatchers$ACTIVITY_CLIENT_RECORD__NEXT_IDLE$add$1,2,9,22.22
52cea5a166f901af,androidx/emoji2/text/DefaultEmojiCompatConfig$DefaultEmojiCompatConfigHelper_API19,2,3,66.67
c3d5eeb446ba2f83,shark/AndroidObjectInspectors$APPLICATION_PACKAGE_MANAGER,2,4,50.0
d8a44cb110ce9f53,androidx/work/impl/model/WorkSpecDao_Impl$3,2,2,100.0
1cf5e55ca593cb0a,org/acra/config/CoreConfigurationBuilder$special$$inlined$observable$3,2,4,50.0
4924b8274e80cf7e,androidx/work/InputMergerFactory$1,2,2,100.0
4636e53b1840b953,androidx/appcompat/app/ToolbarActionBar$1,2,2,100.0
3c7d644ee816a031,okhttp3/internal/connection/RealCall$CallReference,2,3,66.67
aa3c1fc7ae360bdf,androidx/sqlite/db/SupportSQLiteCompat$Api16Impl,2,9,22.22
80fb813b284a88b4,androidx/core/view/LayoutInflaterCompat,2,32,6.25
ca895a3e20ec2ddb,shark/AndroidReferenceMatchers$ASSIST_STRUCTURE$add$1,2,9,22.22
43d7840578f0a54d,androidx/work/impl/model/Preference,2,17,11.76
415e64886c6b4259,okhttp3/internal/concurrent/TaskQueue$execute$1,2,3,66.67
d5e649f2056b8529,okhttp3/internal/io/FileSystem,2,2,100.0
196cfd6af246291c,io/reactivex/rxjava3/internal/operators/flowable/FlowableElementAtMaybe,2,3,66.67
3a36077f1db45a2b,io/reactivex/rxjava3/internal/operators/maybe/MaybeFromSingle,2,3,66.67
c24b53b139a795e1,androidx/core/content/pm/PackageInfoCompat,2,65,3.08
a188a370247fdcd4,org/schabi/newpipe/extractor/ListExtractor,2,3,66.67
22b7d5b7642ff1da,androidx/work/impl/constraints/controllers/NetworkNotRoamingController,2,16,12.5
81e44f855b8bd808,kotlin/jvm/JvmClassMappingKt,2,67,2.99
9a47308ea20d36ae,androidx/emoji2/text/DefaultEmojiCompatConfig,2,3,66.67
be9a53f21fc2aebf,shark/AndroidObjectInspectors$CONTEXT_WRAPPER$leakingObjectFilter$1,2,15,13.33
cce980a793f00d65,androidx/recyclerview/widget/RecyclerView$RecycledViewPool$ScrapData,2,2,100.0
cfdb95d621aa255b,leakcanary/GcTrigger$Default,2,10,20.0
7def1dc6de654b2c,androidx/arch/core/executor/ArchTaskExecutor$2,2,2,100.0
e562f3ba9ecdd3d9,shark/AndroidReferenceMatchers$TEXT_TO_SPEECH$add$2,2,7,28.57
2ed531a157af2096,androidx/emoji2/viewsintegration/EmojiTextWatcher$InitCallbackImpl,2,5,40.0
acdc40ef81d3890c,shark/AndroidReferenceMatchers$BACKDROP_FRAME_RENDERER__MDECORVIEW$add$1,2,9,22.22
95ca8e0b13084c1e,androidx/room/InvalidationTracker$Observer,2,5,40.0
b32143208f7db0cd,shark/AndroidReferenceMatchers$AUDIO_MANAGER__MCONTEXT_STATIC$add$1,2,9,22.22
13b3aca37006ee3d,androidx/room/util/DBUtil,2,76,2.63
5bebf5fe9199772b,shark/AndroidReferenceMatchers$CLIPBOARD_UI_MANAGER__SINSTANCE$add$1,2,10,20.0
b1160b359ad86316,okhttp3/internal/http2/Header$Companion,2,2,100.0
dde05cb447483f5a,okhttp3/Dns,2,2,100.0
809c43d595d1398b,shark/AndroidReferenceMatchers$RENDER_NODE_ANIMATOR$add$1,2,9,22.22
b0b6fa9c3685b4f8,shark/AndroidObjectInspectors$WINDOW,2,4,50.0
9dfcf8af7fab2c65,shark/AndroidReferenceMatchers$OEM_SCENE_CALL_BLOCKER$add$1,2,9,22.22
998f1f00cc0c83d9,com/facebook/stetho/Stetho$Initializer$RealSocketHandlerFactory,2,19,10.53
d1fc98175ccc4d0f,org/acra/collector/SettingsCollector,2,36,5.56
61cc45a343871541,org/acra/config/CoreConfigurationBuilder$special$$inlined$observable$23,2,4,50.0
37fd2036f02dbb55,okhttp3/internal/http2/Settings$Companion,2,2,100.0
7cba19abc55d1d0c,androidx/constraintlayout/core/widgets/analyzer/BasicMeasure$Measure,2,2,100.0
1a255feb9490028d,okio/Timeout$Companion,2,7,28.57
cb7942bbcbf32a26,kotlin/text/Regex$Companion,2,13,15.38
700c98446498a5a7,org/schabi/newpipe/settings/tabs/Tab$KioskTab,2,26,7.69
48fe261e16b1f764,androidx/work/impl/constraints/trackers/StorageNotLowTracker,2,29,6.9
4860ee9277690257,shark/AndroidObjectInspectors$TOAST$leakingObjectFilter$1,2,25,8.0
587df1eca14172ed,androidx/lifecycle/viewmodel/CreationExtras$Empty,2,3,66.67
977aeb7f79bf121e,shark/AndroidReferenceMatchers$PERSONA_MANAGER$add$1,2,9,22.22
bf82de3d95f26a4b,shark/AndroidReferenceMatchers$STATIC_MTARGET_VIEW$add$1,2,9,22.22
ea6563f217fe8631,shark/AndroidReferenceMatchers$LAYOUT_TRANSITION$add$1,2,9,22.22
79a3f0d92f45ca5a,okhttp3/internal/cache/CacheStrategy$Companion,2,18,11.11
16b9f6d4d8c16784,org/schabi/newpipe/extractor/StreamingService$ServiceInfo$MediaCapability,2,4,50.0
9ee988d2811abd14,okhttp3/Authenticator$Companion,2,2,100.0
47b66e926806f686,leakcanary/internal/HeapDumpControl$testClassName$2,2,4,50.0
6f1dd003c2546a68,org/schabi/newpipe/util/PermissionHelper,2,29,6.9
d4fd77b70dfb9941,shark/AndroidReferenceMatchers$MAPPER_CLIENT$add$1,2,9,22.22
86d1d1bef192c0ea,okhttp3/Cache$Companion,2,61,3.28
deba29aae29c6495,androidx/savedstate/ViewTreeSavedStateRegistryOwner,2,6,33.33
00d65e0a82b5caa2,shark/AndroidObjectInspectors$SERVICE,2,4,50.0
b7caa9e2e4bc848c,androidx/work/impl/model/WorkSpecDao_Impl$8,2,2,100.0
e29c53b955018484,okhttp3/ResponseBody$Companion$asResponseBody$1,2,5,40.0
e768379cee7d8453,kotlin/jvm/internal/CallableReference,2,29,6.9
7d58acf1e6e7bdfc,androidx/fragment/app/strictmode/Violation,2,6,33.33
aee63d0a8031fb48,com/squareup/picasso/LruCache,2,31,6.45
ef1e7ad508cdfe95,okhttp3/Dns$Companion,2,2,100.0
b9169ace7a52abae,leakcanary/internal/navigation/NavigatingActivity$Companion$NO_MENU$1,2,4,50.0
2e3695693ebcfb42,org/acra/collector/LogFileCollector,2,11,18.18
237adef7ec39b742,kotlin/ranges/IntRange$Companion,2,3,66.67
11692f7b503bb0df,com/google/android/material/internal/NavigationMenuPresenter$NormalViewHolder,2,2,100.0
1e2276891de197d1,io/reactivex/rxjava3/internal/operators/flowable/FlowableUnsubscribeOn,2,2,100.0
57654575f971add7,shark/AndroidReferenceMatchers$SPELL_CHECKER$add$1,2,7,28.57
52da9c5193b88025,com/google/android/material/shape/ShapePath$PathOperation,2,2,100.0
142085a151e4f139,leakcanary/WorkManagerHeapAnalyzer$workManagerSupportsExpeditedRequests$2,2,7,28.57
4f3716909a8535ad,androidx/emoji2/text/EmojiCompatInitializer$BackgroundDefaultConfig,2,2,100.0
54a8c7394e5891fd,shark/AndroidReferenceMatchers$EDITTEXT_BLINK_MESSAGEQUEUE$add$1,2,7,28.57
8697953e5f8f313e,okhttp3/CertificatePinner$Companion,2,9,22.22
916adb172e10e6f9,shark/AndroidReferenceMatchers$EXTENDED_STATUS_BAR_MANAGER$add$1,2,9,22.22
2bd04fda763893f7,androidx/recyclerview/widget/BatchingListUpdateCallback,2,28,7.14
4bd9ea03f8a83fe0,io/reactivex/rxjava3/internal/schedulers/ExecutorScheduler,2,33,6.06
2dc22a5bd9a8d8c2,shark/AndroidObjectInspectors$FRAGMENT,2,4,50.0
40dd0fcb02c221a3,com/jakewharton/rxbinding4/view/ViewClickObservable$Listener,2,8,25.0
d444433b2bda8f61,shark/AndroidReferenceMatchers$INPUT_METHOD_MANAGER_IS_TERRIBLE$add$6,2,7,28.57
9538df2e9bcc5ffe,io/reactivex/rxjava3/internal/operators/flowable/FlowableOnBackpressureLatest,2,2,100.0
74a50b54f335b1f2,io/reactivex/rxjava3/internal/operators/flowable/FlowableJust,2,3,66.67
4299b8d4ac3cf733,shark/AndroidReferenceMatchers$ACTIVITY_CHOOSE_MODEL$add$1,2,9,22.22
c3adf85259386d1e,shark/AndroidObjectInspectors$MORTAR_SCOPE,2,4,50.0
a542063812470e5b,okio/Segment$Companion,2,2,100.0
75e534d15e799526,com/google/android/material/shape/ShapePath$LineShadowOperation,2,9,22.22
455724c549630747,kotlin/text/CharsKt__CharJVMKt,2,50,4.0
16fe6e75115a5f59,shark/AndroidReferenceMatchers$Companion$ALWAYS$1,2,4,50.0
13d57daa5c464715,io/reactivex/rxjava3/internal/operators/flowable/FlowableFlatMapMaybe,2,2,100.0
27d45861f14e8a5b,org/acra/file/ReportLocator$Companion,2,2,100.0
d2523c6f48c0f875,org/acra/config/CoreConfigurationBuilder$special$$inlined$observable$1,2,4,50.0
f23562798771c282,androidx/lifecycle/Lifecycle,2,2,100.0
3635ea32d411b3a6,org/acra/collector/ConfigurationCollector$Companion,2,2,100.0
39cdd5cfdc2705ed,leakcanary/internal/ObjectsKt,2,6,33.33
e3b7e7cf41534c4b,shark/AndroidReferenceMatchers$SEM_PERSONA_MANAGER$add$1,2,9,22.22
7a3f301dbf9cbff7,shark/AndroidObjectInspectors$VIEW_ROOT_IMPL$leakingObjectFilter$1,2,27,7.41
506f82ebefa84c2e,org/acra/collector/SettingsCollector$Companion,2,2,100.0
75f31c4528f8a877,androidx/work/Operation$State$IN_PROGRESS,2,3,66.67
87cfbee947831625,org/acra/util/StreamReader$Companion,2,2,100.0
ebbcd20dc8b9ce26,shark/AndroidObjectInspectors$SERVICE$leakingObjectFilter$1,2,11,18.18
bd921add68e8b745,androidx/work/impl/utils/taskexecutor/WorkManagerTaskExecutor$1,2,2,100.0
2a82fc483220c0ce,shark/AndroidObjectInspectors$CONTEXT_IMPL,2,4,50.0
6c52db75d56cfd16,curtains/OnRootViewRemovedListener$DefaultImpls,2,4,50.0
36f535c59e6e5fcf,shark/AndroidReferenceMatchers$APP_WIDGET_HOST_CALLBACKS$add$1,2,7,28.57
31c9a45d21adcd3a,androidx/core/view/MarginLayoutParamsCompat$Api17Impl,2,9,22.22
1a613915bab19093,androidx/tracing/TraceApi18Impl,2,3,66.67
6900ad716a41b131,org/acra/collector/StacktraceCollector,2,34,5.88
e9f05d215e262ad6,com/google/android/material/shape/CornerTreatment,2,4,50.0
5085043354a39420,androidx/work/impl/constraints/controllers/NetworkMeteredController,2,16,12.5
fb27b2d8ae28f907,shark/ReferencePattern$InstanceFieldPattern$Companion,2,2,100.0
52bcbc1790f88151,org/schabi/newpipe/local/subscription/SubscriptionViewModel$SubscriptionState,2,2,100.0
1e1bda6a653b65a4,okhttp3/CookieJar$Companion,2,2,100.0
6b88be7b777f3d3b,io/reactivex/rxjava3/internal/operators/single/SingleDoOnSuccess,2,2,100.0
9bdca27e548fe6a0,org/acra/collector/ReflectionCollector$Companion,2,22,9.09
0f901241a51b6ce5,shark/AndroidReferenceMatchers$SEM_CLIPBOARD_MANAGER__MCONTEXT$add$1,2,10,20.0
d2cd233f3409b18a,okhttp3/internal/connection/RealConnection$Companion,2,6,33.33
77101135433c4e69,shark/AndroidObjectInspectors$MESSAGE_QUEUE$leakingObjectFilter$1,2,17,11.76
2630a168506a6273,io/reactivex/rxjava3/internal/operators/maybe/MaybeDefer,2,5,40.0
998c486564d8d2fe,shark/AndroidObjectInspectors$APPLICATION_PACKAGE_MANAGER$leakingObjectFilter$1,2,15,13.33
10d2ad7b8a8c4900,org/acra/config/CoreConfigurationBuilder$special$$inlined$observable$26,2,5,40.0
8b97ca73e26098e4,org/schabi/newpipe/extractor/linkhandler/LinkHandler,2,6,33.33
ef18a57a1065aa4c,kotlin/collections/AbstractList,2,30,6.67
8c122042524dd061,shark/AndroidReferenceMatchers$ACCESSIBILITY_ITERATORS$add$1,2,7,28.57
cca701413ed0fde1,shark/AndroidObjectInspectors$ACTIVITY$leakingObjectFilter$1,2,15,13.33
d92796843393ad07,io/reactivex/rxjava3/internal/operators/single/SingleObserveOn,2,2,100.0
372584c9fa1be5c4,org/acra/collector/SimpleValuesCollector$Companion,2,18,11.11
829709c574026079,org/schabi/newpipe/extractor/services/peertube/PeertubeService,2,36,5.56
964d4d2cbb3f2b50,org/acra/config/CoreConfigurationBuilder$special$$inlined$observable$7,2,4,50.0
b668aac56d5db8da,androidx/appcompat/content/res/AppCompatResources,2,3,66.67
a75553a04373ddd0,leakcanary/AppWatcher$objectWatcher$1,2,3,66.67
51a9c86eda4e1a87,org/schabi/newpipe/settings/custom/DurationListPreference,2,20,10.0
30beed1035ba0e95,com/jakewharton/rxbinding4/view/RxView__ViewClickObservableKt,2,2,100.0
7f81ddb1c8459d51,shark/AndroidReferenceMatchers$CLIPBOARD_EX_MANAGER$add$3,2,9,22.22
59c400652f62bc83,androidx/work/impl/model/WorkSpecDao_Impl$7,2,2,100.0
d58ee69e988fed66,androidx/recyclerview/widget/LinearLayoutManager$LayoutChunkResult,2,2,100.0
88b2734cbb8735b4,com/google/android/material/shape/AbsoluteCornerSize,2,10,20.0
d57032c6ce06ea20,leakcanary/LogcatEventListener,2,24,8.33
27a2e0d464f8f798,androidx/core/view/MotionEventCompat,2,15,13.33
f91fce86e9fce711,io/reactivex/rxjava3/android/MainThreadDisposable,2,13,15.38
7b019e71d2df0342,shark/AndroidObjectInspectors$VIEW,2,4,50.0
3753b3a5590fd6fa,okhttp3/internal/cache/DiskLruCache$Companion,2,2,100.0
e8b5e712be07f08f,org/acra/collector/MediaCodecListCollector$Companion,2,2,100.0
89b917f53796c3d0,androidx/emoji2/text/EmojiCompat$InitCallback,2,3,66.67
3092dfda4fbaaa92,androidx/fragment/app/FragmentManagerViewModel$1,2,2,100.0
74a5a9a47fa17cdc,shark/AndroidReferenceMatchers$CONNECTIVITY_MANAGER__SINSTANCE$add$1,2,7,28.57
5c700adcb92d9447,okhttp3/internal/http2/Http2Writer$Companion,2,2,100.0
1d0d05f02fe96205,org/acra/config/CoreConfigurationBuilder$special$$inlined$observable$4,2,4,50.0
561f53aa76812618,okhttp3/internal/platform/android/AndroidSocketAdapter$Companion$factory$1,2,6,33.33
36b47a0dc4047891,androidx/work/impl/utils/futures/DirectExecutor,2,6,33.33
555eb83c963c1b56,androidx/activity/result/contract/ActivityResultContracts$RequestMultiplePermissions,2,42,4.76
959475039d1b51df,androidx/work/impl/model/WorkProgressDao_Impl$3,2,2,100.0
5970d730dc675ffa,shark/AndroidReferenceMatchers$CLIPBOARD_EX_MANAGER$add$2,2,9,22.22
2b93899bb039cbbb,shark/AndroidObjectInspectors$ANDROIDX_FRAGMENT$leakingObjectFilter$1,2,11,18.18
a89ba704d8592bbc,shark/AndroidReferenceMatchers$RAZER_TEXT_KEY_LISTENER__MCONTEXT$add$1,2,9,22.22
eda4c7928981e5f4,org/acra/config/CoreConfigurationBuilder$special$$inlined$observable$10,2,4,50.0
8b76882214b6d0e5,androidx/work/impl/model/WorkSpecDao_Impl$5,2,2,100.0
e934733d33e64fd3,androidx/work/WorkerFactory$1,2,2,100.0
fe6d20f20394a535,org/acra/collector/LogCatCollector$Companion,2,2,100.0
4e560030c76ce87e,shark/AndroidReferenceMatchers$SPAN_CONTROLLER$add$1,2,7,28.57
464a32163ae11df3,org/acra/config/CoreConfigurationBuilder$special$$inlined$observable$8,2,4,50.0
cb751540f9f67357,org/acra/config/CoreConfigurationBuilder$special$$inlined$observable$16,2,4,50.0
a96efddd6085e73f,leakcanary/AndroidLeakFixes$FLUSH_HANDLER_THREADS$apply$flushNewHandlerThread$1$run$1$3$posted$1,2,2,100.0
6265d3ccd5eb1660,shark/AndroidReferenceMatchers$BUBBLE_POPUP_HELPER__SHELPER$add$1,2,10,20.0
2d11b5bcd8b498b5,shark/AndroidReferenceMatchers$AUDIO_MANAGER$add$1,2,7,28.57
f110043fb8f28e54,androidx/core/view/ViewCompat$Api19Impl,2,8,25.0
5d326302cf78a2ef,org/schabi/newpipe/settings/tabs/Tab$ChannelTab,2,29,6.9
256a4443270e25e3,androidx/arch/core/internal/SafeIterableMap$AscendingIterator,1,3,33.33
cdf44afe3c043234,androidx/appcompat/view/menu/ActionMenuItemView$PopupCallback,1,1,100.0
675a2463b862417c,shark/ObjectInspectors$ANONYMOUS_CLASS,1,25,4.0
f80c4c45d30f8227,androidx/viewpager/widget/ViewPager$ItemInfo,1,1,100.0
715f9bfb0bed0dc0,org/schabi/newpipe/database/Migrations$6,1,8,12.5
f0af992f8c2cb346,androidx/viewpager/widget/ViewPager$2,1,2,50.0
cff578408e49e5c5,org/schabi/newpipe/database/stream/dao/StreamDAO_Impl$2,1,41,2.44
ab1dc13ff6cb1cc0,androidx/fragment/app/Fragment$1,1,2,50.0
96a48bd65399375e,com/google/android/material/internal/ScrimInsetsFrameLayout$1,1,18,5.56
e5bce2e5f4174517,com/facebook/stetho/server/ServerManager$1,1,5,20.0
19e6700578af9e62,shark/AndroidObjectInspectors$OBJECT_ANIMATOR,1,3,33.33
fa18cee4b48ffd9e,leakcanary/ServiceWatcher$install$4$1,1,3,33.33
d30a76abdf8afa9e,androidx/viewpager/widget/ViewPager$ViewPositionComparator,1,7,14.29
1b63877100c156f5,com/squareup/picasso/Utils$PicassoThreadFactory,1,2,50.0
b28def0879943a63,com/grack/nanojson/JsonWriter,1,14,7.14
af39b190606441aa,okhttp3/internal/http2/Http2Connection$Listener$Companion$REFUSE_INCOMING_STREAMS$1,1,3,33.33
1245cd9c0c07f449,androidx/appcompat/widget/ActionMenuPresenter$ActionMenuPopupCallback,1,4,25.0
b654d8a9f6e3cde0,org/schabi/newpipe/database/history/dao/SearchHistoryDAO_Impl$1,1,11,9.09
69b081ca13ff8ebc,shark/ObjectInspectors$Companion$createLeakingObjectFilters$2$1,1,3,33.33
de9b0b8a99ee9971,com/google/android/material/internal/NavigationMenuPresenter$NavigationMenuHeaderItem,1,1,100.0
da22e826d7055546,androidx/activity/ComponentActivity$1,1,6,16.67
15d23a20d44383b9,org/schabi/newpipe/extractor/kiosk/KioskExtractor,1,2,50.0
b0a382e9915b05ae,org/schabi/newpipe/database/feed/dao/FeedDAO_Impl$1,1,5,20.0
df40c1e1d47f47cc,androidx/appcompat/app/ActionBarDrawerToggle$1,1,7,14.29
9ca1b388b32baa6e,androidx/recyclerview/widget/RecyclerView$2,1,5,20.0
f6f85f485c81b9ef,com/google/android/material/color/MaterialColors,1,42,2.38
fd0eb5067ed07033,shark/AndroidObjectInspectors$ANIMATOR,1,3,33.33
ab8ea9346ed345e2,androidx/lifecycle/HasDefaultViewModelProviderFactory,1,1,100.0
0111e0a6bf46c46e,org/schabi/newpipe/fragments/list/BaseListFragment$2,1,20,5.0
77bc1d47b930194a,shark/AndroidReferenceMatchers$Companion$libraryLeak$1,1,4,25.0
236bd3d407d8f192,org/schabi/newpipe/fragments/list/BaseListFragment$DefaultItemListOnScrolledDownListener,1,2,50.0
594bc3c520ec7b8b,androidx/fragment/app/FragmentManagerImpl,1,1,100.0
13360db27c762798,org/schabi/newpipe/MainActivity$3,1,6,16.67
3c8c43d2b7d6e3cd,org/schabi/newpipe/database/history/dao/StreamHistoryDAO_Impl$2,1,8,12.5
45b44ddbceaf779c,androidx/drawerlayout/widget/DrawerLayout$1,1,6,16.67
e17fd3251c1bb747,androidx/swiperefreshlayout/R$styleable,1,2,50.0
6a97f4c3950d5003,androidx/room/RoomOpenHelper$Delegate,1,6,16.67
e67c329cbe42bd58,com/google/android/material/shape/ShapePath$ArcShadowOperation,1,5,20.0
dcc4095162a6e117,org/acra/file/Directory$CACHE,1,3,33.33
36fa1cbbd809caec,androidx/core/widget/ImageViewCompat$Api21Impl,1,5,20.0
7e1da007da181cd7,org/schabi/newpipe/extractor/services/media_ccc/MediaCCCService,1,29,3.45
c204cdb3df67aaa2,androidx/appcompat/view/menu/ActionMenuItem,1,113,0.88
a973e1ffb4deac24,com/google/android/material/navigation/NavigationView$1,1,7,14.29
afb71a237949a1ce,androidx/appcompat/widget/Toolbar$2,1,2,50.0
6bdafe1ce0b363de,org/acra/file/Directory$EXTERNAL_STORAGE,1,3,33.33
d356634941fc7468,androidx/lifecycle/ViewModelProvider$OnRequeryFactory,1,2,50.0
bc2753ae5c5a16ef,androidx/work/impl/constraints/controllers/NetworkConnectedController,1,14,7.14
aa9538acc706a49c,shark/AndroidObjectInspectors$APPLICATION,1,3,33.33
aa57db2718db33ae,androidx/fragment/app/FragmentLifecycleCallbacksDispatcher$FragmentLifecycleCallbacksHolder,1,1,100.0
d97846b94a1e1702,org/schabi/newpipe/settings/tabs/Tab,1,31,3.23
038db5c1dd51b540,org/schabi/newpipe/database/subscription/SubscriptionDAO_Impl$1,1,21,4.76
8a8d94fbab2b5e95,androidx/appcompat/app/ToolbarActionBar$MenuBuilderCallback,1,8,12.5
ff6ee9c54470c012,androidx/lifecycle/ViewTreeLifecycleOwner,1,10,10.0
cdef18343d8962ca,leakcanary/internal/HeapDumpTrigger$scheduleDismissRetainedCountNotification$1,1,3,33.33
8e1a4338305a55c5,org/acra/collector/DeviceFeaturesCollector,1,10,10.0
200227aa58dc5df9,androidx/appcompat/widget/FitWindowsLinearLayout,1,7,14.29
343b1ad6414cb134,org/schabi/newpipe/database/subscription/SubscriptionDAO_Impl$5,1,2,50.0
cfaa5b3ab7d717f2,androidx/activity/result/contract/ActivityResultContract,1,2,50.0
4ccf3e732cf41461,leakcanary/internal/navigation/NavigatingActivity,1,213,0.47
d14afec0e3ce4c47,androidx/fragment/R$styleable,1,2,50.0
63d5c10920448716,io/reactivex/rxjava3/disposables/RunnableDisposable,1,4,25.0
015d68313ededd59,com/google/android/material/bottomsheet/BottomSheetBehavior$StateSettlingTracker$1,1,10,10.0
027252fe7d4e63ac,androidx/work/impl/WorkDatabaseMigrations$2,1,5,20.0
3b00a8f82e72651b,androidx/work/impl/constraints/trackers/BroadcastReceiverConstraintTracker$1,1,5,20.0
5b083a59b84a00c7,org/schabi/newpipe/database/history/dao/StreamHistoryDAO_Impl$3,1,13,7.69
f49f584743effdd2,androidx/recyclerview/widget/RecyclerView$ItemAnimatorRestoreListener,1,12,8.33
24c8a2ce79f92180,org/schabi/newpipe/database/history/dao/SearchHistoryDAO_Impl$2,1,4,25.0
26f06a64ec23de0c,androidx/core/widget/EdgeEffectCompat$Api21Impl,1,2,50.0
8ddc33ee072e551b,org/schabi/newpipe/database/feed/dao/FeedDAO_Impl$6,1,2,50.0
e7b43612b93d6abb,androidx/recyclerview/widget/RecyclerView$3,1,2,50.0
657edae5a6630f78,org/acra/collector/PackageManagerCollector,1,8,12.5
e97c8b7cac7e8ae6,androidx/core/content/res/ResourcesCompat$Api23Impl,1,3,33.33
75ac8416fdb08047,com/squareup/picasso/NetworkRequestHandler,1,48,2.08
98144e8562d24b04,org/acra/file/CrashReportFileNameParser,1,16,6.25
1188efc0bfe88fe4,com/facebook/stetho/server/LazySocketHandler,1,6,16.67
7d42a727a12f3754,androidx/appcompat/widget/ResourceManagerInternal$ColorFilterLruCache,1,5,20.0
9835d9e8b8242a6e,org/schabi/newpipe/database/history/dao/StreamHistoryDAO_Impl$4,1,2,50.0
3ca7559f3418ee06,org/schabi/newpipe/database/history/dao/StreamHistoryDAO,1,3,33.33
b0000e177705702b,com/google/android/material/shape/ShapePath$1,1,5,20.0
41757741f92dd5be,shark/AndroidObjectInspectors$INPUT_METHOD_MANAGER,1,3,33.33
ec527f50af5e0173,com/facebook/stetho/Stetho$3,1,2,50.0
328a5e9255e5930f,androidx/drawerlayout/widget/DrawerLayout$SimpleDrawerListener,1,5,20.0
140a01ee15c7e99c,androidx/recyclerview/R$styleable,1,2,50.0
f4a97afc203280fb,androidx/core/widget/TextViewCompat$Api16Impl,1,4,25.0
1efd038a304328c2,org/schabi/newpipe/database/stream/dao/StreamStateDAO_Impl$4,1,6,16.67
4231aafbd00a05ee,androidx/core/content/ContextCompat$Api21Impl,1,4,25.0
47fd532a0121cd07,org/acra/data/StringFormat$KEY_VALUE_LIST,1,61,1.64
ab8b1e1fcffae8be,icepick/Injector$Helper,1,122,0.82
5df9a3d0218595eb,com/squareup/picasso/Picasso$RequestTransformer$1,1,2,50.0
17a4e9c8866db9f8,com/google/android/material/internal/NavigationMenuItemView$1,1,3,33.33
1d6b9f9d07a35b45,androidx/appcompat/view/ContextThemeWrapper$Api17Impl,1,2,50.0
a473bc27a6af1272,androidx/core/view/ViewCompat$Api21Impl$1,1,13,7.69
d8e6b13504ca5cc6,kotlin/collections/AbstractCollection,1,33,3.03
a9b2f06ae40dad00,androidx/preference/PreferenceScreen,1,15,6.67
8b47625d4d3d5125,org/schabi/newpipe/database/Migrations$2,1,13,7.69
e3b64bb328c0b50b,androidx/recyclerview/widget/RecyclerView$1,1,8,12.5
5eda5611891593f8,androidx/fragment/app/FragmentManager$FragmentIntentSenderContract,1,22,4.55
6d3379a18e75716f,org/schabi/newpipe/database/stream/dao/StreamDAO_Impl$5,1,2,50.0
139cb8326fc6fdfa,org/schabi/newpipe/database/stream/dao/StreamDAO_Impl$3,1,4,25.0
93ced5b8a334e53c,androidx/sqlite/db/framework/FrameworkSQLiteOpenHelper$OpenHelper$1,1,2,50.0
776f2dfa654afd3b,shark/AndroidObjectInspectors$MAIN_THREAD,1,3,33.33
fbb7625dc6a1cd7d,org/acra/collector/CustomDataCollector,1,3,33.33
0bb8c0b081733db0,androidx/appcompat/app/ActionBar,1,36,2.78
a3b8093f6c1f4708,io/reactivex/rxjava3/internal/util/AtomicThrowable,1,48,2.08
dbc240777cc48cdc,androidx/emoji2/text/EmojiCompat$CompatInternal,1,8,12.5
2b0c3d7d7d1fd34d,androidx/arch/core/executor/ArchTaskExecutor$1,1,2,50.0
b1f59a8d493838d8,androidx/core/view/ViewCompat$Api15Impl,1,2,50.0
a6fc3f56a3dc346a,org/schabi/newpipe/database/playlist/dao/PlaylistStreamDAO_Impl$4,1,2,50.0
26dbe61fe14922a5,org/schabi/newpipe/database/Migrations$3,1,2,50.0
253dd793dd6c14b5,io/reactivex/rxjava3/internal/functions/Functions$EmptyLongConsumer,1,2,50.0
aa9f4db79ffa7858,io/reactivex/rxjava3/internal/schedulers/RxThreadFactory$RxCustomThread,1,1,100.0
08f7b85525689e6b,androidx/core/content/ContextCompat$Api23Impl,1,4,25.0
8be34ee78aead2a1,org/schabi/newpipe/database/feed/dao/FeedGroupDAO_Impl$6,1,2,50.0
f48900b9d2030321,kotlin/jvm/internal/Lambda,1,3,33.33
3eb5c52e48c2fee6,androidx/activity/result/ActivityResultRegistry$CallbackAndContract,1,1,100.0
35afc56cf88cfe20,leakcanary/RootViewWatcher$WhenMappings,1,1,100.0
c99854c828c65a0b,androidx/appcompat/app/ToolbarActionBar$ActionMenuPresenterCallback,1,6,16.67
734a31338126b2d3,androidx/work/impl/WorkDatabaseMigrations$5,1,2,50.0
21f177d4bbdde743,androidx/fragment/app/FragmentContainer,1,2,50.0
fe7aeb72e3ea5d68,org/schabi/newpipe/local/bookmark/BookmarkFragment$1,1,18,5.56
24411a21687e27e1,androidx/work/impl/WorkDatabaseMigrations$6,1,2,50.0
c96898ac3903ab18,io/reactivex/rxjava3/android/schedulers/AndroidSchedulers$MainHolder,1,2,50.0
e606fbe3bc6c4144,androidx/core/R$styleable,1,2,50.0
8406e4dc9d851368,androidx/fragment/app/Fragment$9,1,9,11.11
ff6b82c6a1421071,androidx/fragment/app/FragmentManager$1,1,2,50.0
6c1f46d2c6a61c29,com/google/android/material/internal/NavigationMenuPresenter$HeaderViewHolder,1,1,100.0
8b2f016209e4e9db,androidx/work/impl/utils/futures/AbstractFuture$SetFuture,1,7,14.29
7f2d977562b83964,icepick/Injector$View,1,3,33.33
b824e4c956288d9b,io/reactivex/rxjava3/schedulers/Schedulers$NewThreadHolder,1,2,50.0
cfc47b5795dbe531,org/schabi/newpipe/player/helper/PlayerHolder$1,1,45,2.22
f9a335dde1e1db0d,org/schabi/newpipe/database/feed/dao/FeedDAO_Impl$5,1,2,50.0
f2afdc46532acad5,org/schabi/newpipe/fragments/list/BaseListFragment$1,1,5,20.0
a8605bf104608da2,shark/AndroidObjectInspectors$CONTEXT_FIELD,1,32,3.12
69d626e32d474438,androidx/lifecycle/ProcessLifecycleOwner$1,1,3,33.33
d8abbf848870b778,org/schabi/newpipe/local/feed/FeedFragment$WhenMappings,1,1,100.0
ba85a2d173c94abc,androidx/customview/widget/ViewDragHelper$1,1,2,50.0
2870ae7eedbbf108,androidx/core/math/MathUtils,1,60,1.67
c21d19a74a74b63f,org/acra/file/Directory$EXTERNAL_CACHE,1,3,33.33
1734b9c2a9821181,org/acra/file/Directory$FILES,1,3,33.33
313f707dc8f8eb7f,org/schabi/newpipe/settings/SettingMigrations$4,1,12,8.33
e10da2b2c43fe8a1,org/schabi/newpipe/views/NewPipeEditText,1,6,16.67
656416ceb3f760ab,leakcanary/internal/activity/LeakActivity,1,121,0.83
957be5c5f27db711,kotlin/jvm/internal/MutablePropertyReference1Impl,1,7,14.29
0293bdfe966d58b0,org/schabi/newpipe/extractor/services/bandcamp/BandcampService,1,26,3.85
6af65c8ddef29e71,androidx/work/impl/constraints/controllers/NetworkUnmeteredController,1,15,6.67
1fea932cf4f7973b,io/reactivex/rxjava3/internal/functions/Functions$ErrorConsumer,1,3,33.33
167edb249b2c23e6,okhttp3/internal/http2/PushObserver$Companion$PushObserverCancel,1,6,16.67
e1040cd3ec561942,androidx/lifecycle/AndroidViewModel,1,2,50.0
499c7387a9db4ba3,org/schabi/newpipe/settings/tabs/Tab$BlankTab,1,6,16.67
58cad66cf7e8e9d7,org/schabi/newpipe/database/feed/dao/FeedDAO_Impl$4,1,2,50.0
b39850f5d0705fe3,androidx/work/impl/WorkDatabaseMigrations$WorkMigration9To10,1,4,25.0
164ae50d00d22779,icepick/Injector$Object,1,3,33.33
872eb5b03c61341e,io/reactivex/rxjava3/internal/functions/Functions$EmptyAction,1,3,33.33
960e2f771510187f,androidx/activity/result/ActivityResultRegistry$3,1,9,11.11
352dc9d6140182d2,org/schabi/newpipe/database/playlist/dao/PlaylistStreamDAO_Impl$3,1,8,12.5
c55b43775058bab3,org/schabi/newpipe/settings/SettingMigrations$3,1,7,14.29
48d03cbeb22cc262,androidx/recyclerview/widget/DiffUtil$Callback,1,2,50.0
502a403a52a0ebc9,androidx/swiperefreshlayout/widget/SwipeRefreshLayout$1,1,12,8.33
0b60ee8c9e4ed611,io/reactivex/rxjava3/schedulers/Schedulers$ComputationHolder,1,2,50.0
2719d2d6056bb4dc,androidx/recyclerview/widget/SimpleItemAnimator,1,59,1.69
8711fe41cf6ef6c1,org/acra/file/ReportLocator$special$$inlined$sortedBy$1,1,5,20.0
0ce36a96d0e3d596,com/facebook/stetho/inspector/network/NetworkPeerManager,1,16,6.25
14980ba6e39d4754,androidx/viewpager/widget/ViewPager$1,1,3,33.33
2003ce3cbada4d68,androidx/lifecycle/SavedStateHandleSupport$SAVED_STATE_REGISTRY_OWNER_KEY$1,1,1,100.0
9e036905aa4d68bd,com/xwray/groupie/GroupieAdapter,1,1,100.0
1bfc44a5191d513a,androidx/sqlite/db/SupportSQLiteCompat$Api21Impl,1,2,50.0
729baed6db1fa8b6,org/schabi/newpipe/database/playlist/dao/PlaylistDAO_Impl$4,1,2,50.0
1ef15113fe38ac43,androidx/lifecycle/SavedStateHandleSupport$VIEW_MODEL_STORE_OWNER_KEY$1,1,1,100.0
085b83b14440e0fa,com/squareup/picasso/Stats$StatsHandler,1,8,12.5
16d62d6673aeffe9,androidx/fragment/app/FragmentManager$7,1,10,10.0
c3bab52b38af85c0,org/schabi/newpipe/database/Migrations$1,1,24,4.17
15e0975c5fd9b6aa,okio/Buffer$UnsafeCursor,1,97,1.03
6a8321ec1cadcfb2,androidx/emoji2/viewsintegration/EmojiTextViewHelper$HelperInternal,1,7,14.29
316aa35f5e3e7b0e,io/reactivex/rxjava3/internal/observers/BasicIntQueueDisposable,1,3,33.33
dfd043cb24e04917,androidx/work/impl/constraints/trackers/NetworkStateTracker$NetworkStateCallback,1,7,14.29
7d18090423e39dac,com/google/android/material/bottomsheet/BottomSheetBehavior$2,1,6,16.67
8f33dcb4ec3aa64b,com/google/android/material/internal/NavigationMenuPresenter$1,1,14,7.14
817d6019b2d383e6,androidx/viewpager/widget/ViewPager$PagerObserver,1,3,33.33
61d3a3abb836dca7,androidx/recyclerview/widget/DiffUtil$1,1,3,33.33
42bb2263a84bb53d,org/schabi/newpipe/database/playlist/dao/PlaylistRemoteDAO_Impl$3,1,21,4.76
84ec2a404b50d050,com/google/android/material/R$styleable,1,2,50.0
17a088c3d3ab1263,org/schabi/newpipe/database/playlist/dao/PlaylistRemoteDAO_Impl$4,1,2,50.0
9595b65dba34e5b6,kotlin/collections/ArraysUtilJVM,1,2,50.0
d918784fecf53181,androidx/core/view/ViewCompat$Api20Impl,1,4,25.0
b27f341f0c7d2c59,org/schabi/newpipe/database/AppDatabase,1,1,100.0
e1c90de5ccec9c15,org/schabi/newpipe/database/subscription/SubscriptionDAO_Impl$3,1,4,25.0
e3e59a33f9ded3b1,org/schabi/newpipe/extractor/kiosk/KioskList$KioskEntry,1,1,100.0
aa154d7a01efacf4,androidx/activity/result/ActivityResultLauncher,1,2,50.0
8f4a9619b6e33ca5,org/schabi/newpipe/extractor/exceptions/ExtractionException,1,3,33.33
87dbe60cf7766f62,com/google/android/material/tabs/TabLayout$PagerAdapterObserver,1,3,33.33
41d4b7cbef4664c5,com/google/android/material/internal/ContextUtils,1,4,25.0
f1ca42a0120f6801,androidx/core/view/GravityCompat$Api17Impl,1,4,25.0
fb43836cee56bd0e,androidx/coordinatorlayout/R$styleable,1,2,50.0
df382fba404f0deb,com/xwray/groupie/GroupieViewHolder$1,1,6,16.67
bf6bf4ccf7e9590e,org/schabi/newpipe/database/feed/dao/FeedGroupDAO_Impl$7,1,2,50.0
d86405b442de69a8,androidx/work/impl/model/WorkProgressDao_Impl$1,1,10,10.0
8cc65c83499c6a8e,org/schabi/newpipe/App$1,1,24,4.17
aab7bed77d549ad0,androidx/work/impl/WorkDatabaseMigrations$7,1,2,50.0
064ee9fb7fddece7,androidx/swiperefreshlayout/widget/CircularProgressDrawable$2,1,13,7.69
f63c0804969b5b0d,leakcanary/ServiceWatcher$install$3$1,1,3,33.33
4c52a690da3b8344,androidx/work/impl/model/WorkSpecDao_Impl$2,1,2,50.0
e6436378f3acaeb4,androidx/work/impl/constraints/controllers/BatteryChargingController,1,6,16.67
06829b0d8e61cf88,org/schabi/newpipe/local/feed/notifications/NotificationHelper,1,47,2.13
cb2db4893251e601,androidx/viewpager/widget/ViewPager$3,1,3,33.33
ec6ec66635a370f6,io/reactivex/rxjava3/internal/functions/Functions$FalsePredicate,1,2,50.0
a7d69bd5baacd050,leakcanary/ServiceWatcher$activityThreadServices$2,1,6,16.67
40f60d3970535f99,org/schabi/newpipe/database/feed/dao/FeedDAO,1,6,16.67
fe448a676988f054,androidx/room/EntityDeletionOrUpdateAdapter,1,23,4.35
ac95ad044c979bca,okhttp3/Authenticator$Companion$AuthenticatorNone,1,2,50.0
52d9074924e9c468,shark/AndroidObjectInspectors$SUPPORT_FRAGMENT$leakingObjectFilter$1,1,11,9.09
38fdb1553232ba1e,org/schabi/newpipe/database/playlist/dao/PlaylistDAO_Impl$1,1,12,8.33
9bd39ce9b6159e63,shark/ObjectInspectors$THREAD,1,3,33.33
78bee2ba33992495,org/schabi/newpipe/database/stream/dao/StreamDAO,1,40,2.5
5b14289744bc6fca,org/schabi/newpipe/database/playlist/dao/PlaylistStreamDAO_Impl$1,1,6,16.67
aceff5e69fa624a7,androidx/emoji2/text/EmojiCompat$MetadataRepoLoaderCallback,1,1,100.0
587fad68b3d6aa08,okhttp3/Handshake$Companion$handshake$1,1,3,33.33
2e90a37c0cd3282a,okhttp3/internal/connection/RealConnection$WhenMappings,1,1,100.0
f9e4d5a61864353c,androidx/arch/core/executor/TaskExecutor,1,5,20.0
ca785c891e41a339,org/acra/collector/DisplayManagerCollector,1,117,0.85
8caa42cc739a91e2,androidx/core/view/ViewCompat$Api24Impl,1,7,14.29
d3c2933f787ef890,com/squareup/picasso/RequestHandler,1,33,3.03
398bba3562b0b14b,shark/AndroidObjectInspectors$Companion$createLeakingObjectFilters$2$1,1,3,33.33
a3cacf111d1173f5,androidx/activity/OnBackPressedDispatcher$OnBackPressedCancellable,1,3,33.33
45f8c0a7bd03bf53,androidx/appcompat/widget/AppCompatTextViewAutoSizeHelper$Api16Impl,1,6,16.67
d408d93cf2d695c6,com/squareup/picasso/ContentStreamRequestHandler,1,6,16.67
0121e14470085134,org/acra/collector/DeviceIdCollector,1,14,7.14
b4dac680eb656ff9,org/schabi/newpipe/settings/tabs/Tab$HistoryTab,1,6,16.67
53b287d803854fdd,androidx/emoji2/viewsintegration/EmojiKeyListener$EmojiCompatHandleKeyDownHelper,1,2,50.0
3c0b667a91a26655,okhttp3/Handshake$peerCertificates$2,1,7,14.29
ed0c3832535a45e5,org/acra/file/Directory$ROOT,1,11,9.09
843768d46e34f534,io/reactivex/rxjava3/schedulers/Schedulers$IoHolder,1,2,50.0
65551b158e5cc5e5,org/acra/plugins/Plugin,1,1,100.0
4605b40782c51734,shark/ObjectInspectors$CLASS,1,6,16.67
b1b7e2f811a47217,shark/AndroidObjectInspectors$MESSAGE,1,3,33.33
626017cfd969e7e7,androidx/customview/widget/ViewDragHelper$2,1,2,50.0
b2e80f4ef2e8360e,org/schabi/newpipe/database/history/dao/SearchHistoryDAO_Impl$4,1,2,50.0
bd39300f1efc0dd7,androidx/work/impl/model/WorkSpecDao_Impl$6,1,2,50.0
8f2edb89e416b5a3,okhttp3/EventListener$Companion$NONE$1,1,1,100.0
5ddbbf2afd6ab672,kotlin/jvm/internal/MutablePropertyReference,1,3,33.33
854dbc3f45d2faf8,org/schabi/newpipe/database/Migrations$4,1,2,50.0
c96dc5e4922ebde5,androidx/activity/ComponentActivity$2,1,31,3.23
75c56b9db157dd5d,com/squareup/picasso/Dispatcher$DispatcherThread,1,1,100.0
02b7d727ce798c8a,shark/ObjectInspectors$CLASSLOADER,1,3,33.33
6479ed100662b1d2,io/reactivex/rxjava3/internal/functions/Functions$EmptyRunnable,1,3,33.33
a380df4750c44f1e,com/google/android/material/bottomsheet/BottomSheetBehavior$4,1,83,1.2
8e7a64963bcbf140,androidx/appcompat/widget/ActionMenuPresenter$PopupPresenterCallback,1,14,7.14
82a012d9ff40e438,kotlin/jvm/internal/MutablePropertyReference1,1,10,10.0
c36c24574c96ce8e,androidx/fragment/app/SpecialEffectsController$Operation$1,1,2,50.0
55334904a7d35dc0,org/schabi/newpipe/database/stream/dao/StreamDAO_Impl$6,1,2,50.0
6aed15112f81e6fe,org/schabi/newpipe/database/playlist/dao/PlaylistRemoteDAO_Impl$2,1,4,25.0
e09c412c9cb8e42f,io/reactivex/rxjava3/internal/util/Pow2,1,6,16.67
562b4e838a01c456,okhttp3/internal/io/FileSystem$Companion$SystemFileSystem,1,44,2.27
d60a80aaeae3a4d4,org/ocpsoft/prettytime/i18n/Resources,1,1,100.0
a09b3ca0f9a044b1,io/reactivex/rxjava3/internal/functions/Functions$NullProvider,1,2,50.0
6f97414fcb025768,androidx/drawerlayout/widget/DrawerLayout$ViewDragCallback$1,1,2,50.0
347e7393f5d25499,com/facebook/stetho/Stetho$2,1,2,50.0
aba30b95e203cd4a,org/schabi/newpipe/database/feed/dao/FeedGroupDAO_Impl$3,1,11,9.09
7fd1b70cf6e45084,androidx/preference/Preference$1,1,2,50.0
788ae8a92e5a8a00,androidx/swiperefreshlayout/widget/SwipeRefreshLayout$6,1,8,12.5
8130d698fec6707a,com/xwray/groupie/Section$1,1,6,16.67
1f90d55cfbe658d2,org/schabi/newpipe/extractor/utils/JsonUtils,1,42,2.38
eb43fa7c028a72d6,androidx/core/widget/CheckedTextViewCompat$Api16Impl,1,2,50.0
5532c20341bb671e,com/squareup/picasso/LruCache$1,1,3,33.33
756eee4e703cf96c,androidx/work/impl/WorkDatabaseMigrations$RescheduleMigration,1,9,11.11
7b205885082f96b9,org/schabi/newpipe/ktx/ViewUtils$WhenMappings,1,1,100.0
cdd644cfb2a3e88c,okhttp3/internal/platform/android/BouncyCastleSocketAdapter$Companion$factory$1,1,9,11.11
3fc235bcc292beca,com/google/android/material/internal/NavigationMenu,1,4,25.0
7f41db8944e9afc9,org/acra/collector/Collector,1,1,100.0
35b66055806a579f,androidx/activity/result/ActivityResultRegistry$2,1,9,11.11
93222c72cb3f22ab,org/schabi/newpipe/database/feed/dao/FeedDAO_Impl$3,1,8,12.5
94cd20897236ca63,androidx/recyclerview/widget/GapWorker$1,1,15,6.67
eb6b3ed9100a3cd8,org/schabi/newpipe/database/feed/dao/FeedGroupDAO,1,22,4.55
0d07403dd38049c0,org/schabi/newpipe/database/stream/dao/StreamStateDAO_Impl$6,1,2,50.0
f138312adb8de7d7,org/schabi/newpipe/MainActivity$1,1,9,11.11
1f4cc7b7a1614140,okio/Timeout$Companion$NONE$1,1,4,25.0
26235b235fee4451,org/schabi/newpipe/database/feed/dao/FeedGroupDAO_Impl$2,1,10,10.0
85847340f7673d80,com/google/android/material/internal/NavigationMenuPresenter$SeparatorViewHolder,1,1,100.0
518ff6a265456115,androidx/work/impl/model/WorkSpecDao_Impl$9,1,2,50.0
e10f89b0e5120c1c,androidx/work/impl/constraints/controllers/BatteryNotLowController,1,6,16.67
008d670a2557a91a,androidx/sqlite/db/SupportSQLiteCompat$Api19Impl,1,3,33.33
dbbc45f187e6f6c5,org/schabi/newpipe/fragments/OnScrollBelowItemsListener,1,16,6.25
20c8c2316117f812,androidx/work/impl/model/SystemIdInfo,1,6,16.67
50bee97a2eebc539,androidx/preference/SwitchPreferenceCompat$Listener,1,6,16.67
d1e39ccc78eaa3d5,androidx/preference/PreferenceGroup$1,1,4,25.0
40b498c53655b39c,androidx/appcompat/app/AppCompatActivity$1,1,3,33.33
6d3a78d667b679ea,shark/AndroidObjectInspectors$COORDINATOR,1,3,33.33
4bfd2092d2921675,org/schabi/newpipe/database/Migrations$5,1,2,50.0
aa687f45f8694c05,org/schabi/newpipe/database/history/dao/StreamHistoryDAO_Impl$1,1,8,12.5
0f69c0c599262a8a,org/schabi/newpipe/database/history/dao/StreamHistoryDAO_Impl$5,1,2,50.0
f6c0ea6a78194981,androidx/core/view/AccessibilityDelegateCompat$Api16Impl,1,3,33.33
dfda04b71fdadfc1,org/schabi/newpipe/database/feed/dao/FeedGroupDAO_Impl$4,1,2,50.0
a3fb90cdde1f8ada,org/acra/collector/MemoryInfoCollector,1,39,2.56
662ba200d47aa91a,androidx/lifecycle/SavedStateHandleSupport$DEFAULT_ARGS_KEY$1,1,1,100.0
803c7d6bc1848d91,io/reactivex/rxjava3/schedulers/Schedulers$SingleHolder,1,2,50.0
b74ba353ed6b9d29,androidx/fragment/app/FragmentManager$2,1,2,50.0
229d6d6d59d4e553,okhttp3/internal/connection/RealConnection$connectTls$1,1,5,20.0
247abdce628d2d37,io/reactivex/rxjava3/disposables/ActionDisposable,1,6,16.67
b64f9e1aa4fe11df,leakcanary/internal/HeapDumpTrigger$scheduleDismissNoRetainedOnTapNotification$1,1,3,33.33
b52b891780278d88,androidx/emoji2/text/DefaultEmojiCompatConfig$DefaultEmojiCompatConfigHelper,1,4,25.0
8b2ade92ef33353d,io/reactivex/rxjava3/internal/functions/ObjectHelper$BiObjectPredicate,1,2,50.0
659dcb4b547d58c4,androidx/work/impl/model/WorkTag,1,1,100.0
35fb160b9fb2bb4f,org/schabi/newpipe/error/ErrorInfo$Creator,1,5,20.0
98a4b06a2933db37,com/squareup/picasso/Picasso$RequestTransformer,1,1,100.0
c3e58f84a5345bc6,androidx/swiperefreshlayout/widget/CircularProgressDrawable$1,1,5,20.0
66f75c7ce625e69c,androidx/core/widget/TextViewCompat$Api17Impl,1,9,11.11
8aac9395abeee0a7,org/acra/file/Directory$FILES_LEGACY,1,5,20.0
ab274d7daf1ca1df,androidx/work/OneTimeWorkRequest,1,7,14.29
e3aa612f440a1bce,androidx/recyclerview/widget/RecyclerView$AdapterDataObserver,1,8,12.5
dc864de810c65966,org/schabi/newpipe/settings/SettingMigrations$1,1,6,16.67
965f388b7e597ae1,org/acra/file/Directory$EXTERNAL_FILES,1,3,33.33
c02c54fc32a0c476,com/google/android/material/shape/ShapeAppearancePathProvider$ShapeAppearancePathSpec,1,1,100.0
d540f403f5ae3133,androidx/work/impl/utils/SynchronousExecutor,1,2,50.0
0726b0357f907d8e,org/schabi/newpipe/local/subscription/SubscriptionFragment$setupInitialLayout$1$4,1,3,33.33
b0b78c1fda39b93b,androidx/appcompat/widget/LinearLayoutCompat$LayoutParams,1,5,20.0
5ec64c48abea1c45,androidx/work/WorkContinuation,1,3,33.33
c830d8370ec02033,androidx/core/graphics/drawable/DrawableCompat$Api23Impl,1,3,33.33
a56db313a6ee74f5,com/xwray/groupie/viewbinding/GroupieViewHolder,1,1,100.0
8f7438f338167c77,io/reactivex/rxjava3/internal/schedulers/ComputationScheduler$PoolWorker,1,1,100.0
a0609b1b86fad90f,org/schabi/newpipe/database/history/dao/SearchHistoryDAO_Impl$3,1,12,8.33
94cc7da95599961e,androidx/drawerlayout/widget/DrawerLayout$ChildAccessibilityDelegate,1,6,16.67
46a7dcf124a4b40e,org/schabi/newpipe/database/stream/dao/StreamStateDAO_Impl$5,1,2,50.0
32d1b176e60e28a2,io/reactivex/rxjava3/internal/functions/Functions$OnErrorMissingConsumer,1,3,33.33
b185daebf611e8f7,org/schabi/newpipe/database/subscription/SubscriptionDAO,1,17,5.88
790207845a5fea2a,com/google/android/material/shape/RelativeCornerSize,1,10,10.0
14d59cc7e9403ccf,androidx/drawerlayout/R$styleable,1,2,50.0
cc0fa2cf4c5b6393,androidx/core/widget/TextViewOnReceiveContentListener,1,27,3.7
b0474a34e68a10bb,androidx/fragment/app/FragmentManager$8,1,10,10.0
f4be66cc0b719bfa,androidx/recyclerview/widget/RecyclerView$LayoutManager$Properties,1,1,100.0
34b6c38004ba62ca,org/schabi/newpipe/settings/SettingMigrations$2,1,10,10.0
8972e91939e1bd58,androidx/work/impl/model/DependencyDao_Impl$1,1,10,10.0
9bf76c8321d9aadf,androidx/emoji2/viewsintegration/EmojiEditTextHelper$HelperInternal,1,7,14.29
c20cbaa69481ee74,com/google/android/material/shape/MaterialShapeDrawable$MaterialShapeDrawableState,1,8,12.5
0b11eb4c7a6113fc,androidx/viewpager/widget/ViewPager$MyAccessibilityDelegate,1,34,2.94
fe15a4217fadfa27,org/acra/file/Directory$NO_BACKUP_FILES,1,7,14.29
730e29f91ddd2aea,androidx/fragment/app/FragmentManager$4,1,2,50.0
45e6fb879fc64b73,androidx/appcompat/widget/AppCompatTextViewAutoSizeHelper$Api18Impl,1,2,50.0
74d3e7b121aa549a,androidx/fragment/app/Fragment$AnimationInfo,1,1,100.0
8024492c7097411d,io/reactivex/rxjava3/internal/subscriptions/BasicIntQueueSubscription,1,3,33.33
d3ec97864f949102,com/xwray/groupie/GroupAdapter$1,1,6,16.67
6f504474018e6431,okhttp3/internal/platform/android/ConscryptSocketAdapter$Companion$factory$1,1,9,11.11
28a294b72db4e5ff,org/schabi/newpipe/extractor/exceptions/ParsingException,1,2,50.0
0b6365399aeff1f6,com/xwray/groupie/AsyncDiffUtil,1,6,16.67
69464afe148666e1,io/reactivex/rxjava3/exceptions/Exceptions,1,7,14.29
0437f519c464ef45,shark/AndroidObjectInspectors$LOADED_APK,1,3,33.33
c2672c89a6f20bee,icepick/Injector,1,1,100.0
a82deeb602e02ad0,com/squareup/picasso/ResourceRequestHandler,1,12,8.33
90443c2a5ed62d93,shark/AndroidObjectInspectors$COMPOSITION_IMPL,1,3,33.33
287b2c48861ff10e,androidx/appcompat/app/AppCompatDelegateImpl$3,1,9,11.11
909789c2dcd8ef36,org/schabi/newpipe/database/stream/dao/StreamStateDAO_Impl$1,1,5,20.0
0902de18fc9b3604,com/google/android/material/internal/NavigationMenuPresenter$ViewHolder,1,1,100.0
96424a7d7c3a613a,org/schabi/newpipe/database/feed/dao/FeedGroupDAO_Impl$1,1,5,20.0
e95e570afd47923f,io/reactivex/rxjava3/processors/FlowableProcessor,1,3,33.33
9fc7b3ffbac2a8a2,org/schabi/newpipe/database/stream/dao/StreamDAO_Impl$1,1,41,2.44
9c0dd86d5b1161c0,shark/AndroidObjectInspectors$DIALOG,1,3,33.33
f2462d25c3f5dfa0,org/schabi/newpipe/database/playlist/dao/PlaylistDAO_Impl$5,1,2,50.0
35936bc3a217e397,com/google/android/material/bottomsheet/BottomSheetBehavior$5,1,2,50.0
942b559353c82fad,org/schabi/newpipe/database/subscription/SubscriptionDAO_Impl$2,1,21,4.76
76a11c4159bf068b,androidx/work/impl/model/WorkSpecDao_Impl$4,1,2,50.0
8234bfb1c9293a85,androidx/appcompat/widget/ActionMenuPresenter$OverflowMenuButton$1,1,6,16.67
63c6c377d318327a,org/schabi/newpipe/database/stream/dao/StreamStateDAO_Impl$3,1,4,25.0
a8a1102178d54d4d,org/schabi/newpipe/database/playlist/dao/PlaylistRemoteDAO_Impl$1,1,21,4.76
2d8c0f87ad70b6ed,org/schabi/newpipe/database/feed/dao/FeedGroupDAO_Impl$5,1,2,50.0
09778d1a5df3bcf9,io/reactivex/rxjava3/internal/functions/Functions$TruePredicate,1,2,50.0
26e8ac17643c523b,androidx/preference/R$styleable,1,2,50.0
ea3b26e3526a781c,androidx/recyclerview/widget/RecyclerView$4,1,13,7.69
52f0269751381f50,org/schabi/newpipe/database/stream/dao/StreamDAO_Impl$4,1,41,2.44
6928ebd6d7388a9f,androidx/room/rxjava3/RxRoom$1,1,5,20.0
850ff335cdae5e82,androidx/recyclerview/widget/GridLayoutManager$DefaultSpanSizeLookup,1,3,33.33
3686c3203b7c599f,androidx/appcompat/R$styleable,1,2,50.0
dc1cfdfe0ff2b29b,com/squareup/picasso/Picasso$1,1,20,5.0
32d9bd63e16714d7,kotlin/jvm/internal/Ref$BooleanRef,1,2,50.0
28bac1f203a31459,org/schabi/newpipe/local/subscription/SubscriptionFragment$setupInitialLayout$1$3,1,3,33.33
b19d87a635eae950,androidx/appcompat/app/ToolbarActionBar$2,1,2,50.0
2bad4412436344fb,androidx/swiperefreshlayout/widget/SwipeRefreshLayout$7,1,2,50.0
a0d67b6e67b626ae,org/schabi/newpipe/extractor/services/soundcloud/SoundcloudService,1,26,3.85
3157f3acc1d31ab7,org/schabi/newpipe/database/playlist/dao/PlaylistRemoteDAO_Impl$5,1,2,50.0
64c8dd84900cac38,org/schabi/newpipe/database/history/dao/SearchHistoryDAO_Impl$5,1,2,50.0
e1d3f01f219ed0aa,androidx/appcompat/app/AppCompatDelegateImpl$PanelFeatureState,1,52,1.92
a36ad0aef5e7a896,androidx/appcompat/widget/Toolbar$1,1,5,20.0
825099ed914daa24,androidx/room/migration/Migration,1,1,100.0
ce72278f93f140e9,io/reactivex/rxjava3/internal/functions/Functions$MaxRequestSubscription,1,3,33.33
3d4a2ca7e515e3ba,org/schabi/newpipe/database/playlist/dao/PlaylistDAO_Impl$3,1,13,7.69
0c09f483ea24c024,io/reactivex/rxjava3/internal/operators/observable/AbstractObservableWithUpstream,1,2,50.0
89a9271b5dd69de2,org/schabi/newpipe/settings/SettingMigrations$Migration,1,4,25.0
29004cc024115c94,org/schabi/newpipe/database/playlist/dao/PlaylistDAO_Impl$2,1,4,25.0
32c65bde9bb6ea3a,androidx/work/rxjava3/RxWorker,1,15,6.67
a1170bf9e523aac7,androidx/work/impl/WorkDatabaseMigrations$4,1,2,50.0
63b81f7692ed5391,org/acra/collector/SharedPreferencesCollector,1,31,3.23
707caf464e3f58e7,androidx/recyclerview/widget/GridLayoutManager$LayoutParams,1,7,14.29
5554be1a2b96bb70,androidx/work/Operation$State,1,1,100.0
47e98e8c85188b58,androidx/cardview/R$styleable,1,2,50.0
514c6e3199841585,shark/AndroidObjectInspectors$LIFECYCLE_REGISTRY,1,14,7.14
dda643c5857b2a00,com/google/android/material/shape/ShapeAppearancePathProvider$Lazy,1,2,50.0
1bd47028c90da23e,okhttp3/internal/connection/RealConnection$connectTls$2,1,8,12.5
b04921c908520ac3,shark/AndroidObjectInspectors$MORTAR_PRESENTER,1,3,33.33
e788e8e60d83c05f,org/schabi/newpipe/player/helper/PlayerHolder$PlayerServiceConnection,1,16,6.25
b771a8dec4b4cd96,org/schabi/newpipe/database/playlist/dao/PlaylistStreamDAO_Impl$5,1,2,50.0
7a07fa0ec2488c22,com/jakewharton/rxbinding4/view/RxView,1,30,3.33
4fba7a7bcf3ae9f5,androidx/core/view/PointerIconCompat$Api24Impl,1,4,25.0
b0c882cbfd5d929b,androidx/constraintlayout/widget/R$styleable,1,2,50.0
be0c94533cc5c0b7,kotlin/TuplesKt,1,5,20.0
3c79000c0fdb76b3,org/schabi/newpipe/database/feed/dao/FeedDAO_Impl$2,1,8,12.5
3c4c8783260b7604,kotlin/jvm/internal/Ref$ObjectRef,1,2,50.0
32738f35d1cec78d,org/schabi/newpipe/database/subscription/SubscriptionDAO_Impl$6,1,2,50.0
1afdaa7344d3216c,org/schabi/newpipe/database/playlist/dao/PlaylistStreamDAO_Impl$2,1,5,20.0
00cda194aa0bd6b0,kotlin/collections/SetsKt__SetsKt,1,33,3.03
478cd017c4eff8be,androidx/room/RoomMasterTable,1,2,50.0
aba692a9bb60630e,com/squareup/picasso/FileRequestHandler,1,6,16.67
d39de2db37ae3890,androidx/appcompat/widget/ActionMenuView$LayoutParams,1,5,20.0
630f99c6bbcab4af,org/schabi/newpipe/database/subscription/SubscriptionDAO_Impl$4,1,22,4.55
123ec55189d064c0,org/schabi/newpipe/database/stream/dao/StreamDAO_Impl$7,1,2,50.0
adb3ce77f2724294,androidx/work/impl/model/WorkSpec$1,1,8,12.5
26703078bff883f6,androidx/recyclerview/widget/AdapterHelper$UpdateOp,1,25,4.0
71c21939c9d6fae7,androidx/work/impl/constraints/controllers/StorageNotLowController,1,6,16.67
18d024fe8b5dbbc2,com/grack/nanojson/JsonArray,1,46,2.17
da9c1709809cff8f,androidx/appcompat/widget/ActionMenuView$MenuBuilderCallback,1,11,9.09
3c7faa182163f824,androidx/work/impl/WorkDatabaseMigrations$1,1,5,20.0
bffe630cd6c55a73,shark/AndroidObjectInspectors$RECOMPOSER,1,3,33.33
f2a6bb02190dbc43,leakcanary/AndroidLeakFixes$TEXT_LINE_POOL$apply$1$3,1,9,11.11
57630e10c52a1b50,androidx/appcompat/app/AppCompatDelegateImpl$Api17Impl,1,5,20.0
57f93ad89191673b,org/acra/data/StringFormat$JSON,1,13,7.69
d6c205305145366a,androidx/fragment/app/FragmentManager$9,1,16,6.25
82d42c312beb5a5f,androidx/recyclerview/widget/RecyclerView$LayoutManager$1,1,10,10.0
d54c55acf4be4b80,org/schabi/newpipe/database/stream/dao/StreamStateDAO_Impl$2,1,5,20.0
e1eea1ad25b5dc1e,androidx/work/impl/WorkDatabaseMigrations$3,1,3,33.33
6231d92037e51c71,androidx/lifecycle/ViewTreeViewModelStoreOwner,1,10,10.0
1d4bd5b852fe5410,com/xwray/groupie/GroupieViewHolder$2,1,6,16.67
