class_id,class_name,probes_hit,probes_total,pct
0457aace9a7d2f10,androidx/compose/runtime/ComposerImpl,453,1754,25.83
5431e7c662b3c7db,androidx/compose/ui/node/LayoutNode,408,1218,33.5
97ce3b8d053ba1c9,androidx/compose/ui/platform/AndroidComposeView,389,1934,20.11
f7eeb1086a19914c,androidx/compose/ui/node/NodeCoordinator,369,1272,29.01
f8343433a7ee4c32,androidx/navigation/internal/NavControllerImpl,305,1470,20.75
4c99dcaa06ce79f6,androidx/navigation/compose/NavHostKt,302,1155,26.15
37e7b0992b9cfd82,androidx/compose/runtime/SlotWriter,297,1249,23.78
d3b14d6d5c261d71,androidx/compose/ui/node/MeasurePassDelegate,270,551,49.0
ca72b658dabc14b0,androidx/compose/runtime/snapshots/SnapshotKt,242,450,53.78
0e8424ed78ef98fc,androidx/compose/runtime/Recomposer,221,1038,21.29
8c0d3f58dd8cee73,androidx/compose/ui/node/MeasureAndLayoutDelegate,199,631,31.54
1e706ee0f394e80e,androidx/compose/ui/text/TextStyle,186,1398,13.3
3176048f1bbd8283,androidx/compose/runtime/CompositionImpl,165,1213,13.6
954c39f59db9f1f6,kotlinx/coroutines/JobSupport,161,790,20.38
91036bfcc1dd7ae9,androidx/compose/ui/node/NodeKindKt,160,244,65.57
b19345f90f6683bb,androidx/compose/animation/EnterExitTransitionKt,160,530,30.19
7b025bd09d0ee894,androidx/compose/material3/DynamicTonalPaletteKt,155,272,56.99
99cfc3dca96260b6,androidx/compose/material3/tokens/TypeScaleTokens,154,154,100.0
e0ae8359e50af8d1,androidx/compose/runtime/external/kotlinx/collections/immutable/implementations/immutableMap/TrieNode,150,469,31.98
2724dd06542bb9fb,com/bnyro/clock/presentation/screens/permission/components/PermissionPageKt,142,203,69.95
12d2a73bba0ca0d8,androidx/compose/ui/platform/AndroidCompositionLocals_androidKt,135,173,78.03
2072d6349e9a69e8,kotlinx/coroutines/channels/BufferedChannel,133,1770,7.51
c8c34602085f44de,androidx/compose/material3/tokens/PaletteTokens,131,184,71.2
9d7d3fc49796081f,androidx/compose/ui/spatial/RectManager,128,435,29.43
8921ec5a74338726,androidx/compose/foundation/pager/LazyLayoutPagerKt,126,222,56.76
8ba42f72080edee2,androidx/compose/animation/AnimatedVisibilityKt,124,658,18.84
50a213b231e77547,kotlinx/coroutines/flow/SharedFlowImpl,123,363,33.88
4c8ce8f193976984,androidx/compose/foundation/pager/PagerMeasureKt,123,338,36.39
e27257f6abfb86e1,androidx/compose/material3/tokens/TypographyTokens,121,122,99.18
c2ed10e4f478bde0,androidx/compose/ui/graphics/layer/GraphicsLayer,114,508,22.44
7018bcb984430f90,androidx/compose/animation/AnimatedContentKt,111,272,40.81
97b73e7af94d3ef9,androidx/compose/foundation/layout/WindowInsetsHolder,111,161,68.94
1d3bad77497d9d00,androidx/compose/runtime/snapshots/SnapshotStateObserver,110,225,48.89
935cd7c790b65a03,com/google/android/material/color/utilities/HctSolver,108,120,90.0
ceb8f937f8f7dbb1,androidx/compose/runtime/snapshots/SnapshotStateObserver$ObservedScopeMap,107,502,21.31
11bae480ca428370,androidx/compose/ui/node/NodeChain,106,580,18.28
347384ae4b4e1386,androidx/compose/material3/ButtonKt,105,514,20.43
3860a6460b4b0e66,kotlinx/coroutines/CancellableContinuationImpl,104,382,27.23
e7dd51096377f6b0,androidx/compose/ui/graphics/ReusableGraphicsLayerScope,103,139,74.1
f7cdc8d4b37443ba,androidx/compose/foundation/pager/PagerKt,96,533,18.01
5df6707a95acb210,androidx/compose/ui/layout/LayoutNodeSubcompositionsState,93,537,17.32
755d4860ee0f9993,androidx/compose/runtime/DerivedSnapshotState,92,134,68.66
11c8d0009b8c4538,androidx/compose/ui/graphics/drawscope/CanvasDrawScope,92,274,33.58
00df451686d9b7a7,androidx/collection/MutableScatterSet,89,393,22.65
d90141414ad2ac83,com/google/android/material/color/utilities/Scheme,89,188,47.34
2ce95db15c0cac83,androidx/compose/ui/text/android/TextLayout,88,349,25.21
bf227720a8616cf5,com/bnyro/clock/ui/MainActivity,88,171,51.46
977a3e1eebac02e8,androidx/compose/ui/text/SpanStyleKt,86,246,34.96
dece79f46109ff72,androidx/lifecycle/LifecycleRegistry,86,140,61.43
782fa8f44b36aa60,androidx/compose/ui/platform/GraphicsLayerOwnerLayer,84,247,34.01
f3c8aadf36e04c78,androidx/compose/foundation/pager/PagerState,83,445,18.65
dbdfaaf3ac6efa8c,androidx/compose/ui/graphics/vector/compat/XmlVectorParser_androidKt,83,173,47.98
92a0e02f3f2edf06,androidx/compose/animation/core/TransitionKt,82,980,8.37
88c89a42a4278ed1,androidx/compose/runtime/EffectsKt,82,194,42.27
556750710555b04c,androidx/collection/MutableScatterMap,81,264,30.68
64b49aa3ba9c0cfd,androidx/compose/foundation/text/BasicTextKt,81,1067,7.59
0054a4b4e6ab782f,androidx/compose/material3/TextKt,81,625,12.96
01aed9b79baece31,androidx/compose/ui/node/DelegatingNode,81,199,40.7
311838c526c1bcdd,androidx/compose/ui/layout/InsetsListener,79,192,41.15
5862a5d13e7921df,kotlin/collections/ArrayDeque,78,381,20.47
9ee6e419a7fd1607,androidx/compose/ui/graphics/Color,77,129,59.69
3498d84ce38a4c02,com/bnyro/clock/navigation/NavHostKt,76,207,36.71
cf20109111ce377e,androidx/compose/ui/semantics/SemanticsProperties,76,88,86.36
e31b15bedf2addc0,androidx/compose/runtime/snapshots/MutableSnapshot,75,427,17.56
70ca311997345060,androidx/compose/material3/ButtonDefaults,75,309,24.27
9824eb8f2b3ae52f,androidx/compose/material3/ColorSchemeKt,75,501,14.97
ea1e16aa109e2b3c,androidx/compose/ui/text/AndroidParagraph,74,282,26.24
c7374d8ea1f557d5,androidx/compose/ui/graphics/vector/PathParserKt,74,156,47.44
e7752faf6d9897ad,androidx/compose/ui/node/TraversableNodeKt,73,478,15.27
c3af01a6fde44be5,androidx/compose/runtime/DerivedSnapshotState$ResultRecord,71,90,78.89
77c6acb7d0792901,androidx/collection/MutableIntObjectMap,70,189,37.04
656a8e485c595d61,androidx/compose/runtime/snapshots/Snapshot$Companion,70,265,26.42
22c310baa12b4a07,androidx/navigation/NavDeepLink,69,414,16.67
329b360ad6be4681,androidx/compose/ui/unit/ConstraintsKt,68,136,50.0
bf1c6fdac31a3409,androidx/collection/MutableObjectIntMap,68,186,36.56
35a405a9b714bf59,androidx/compose/ui/graphics/colorspace/Rgb$Companion,68,131,51.91
ba3ee4fae151eaa3,androidx/compose/ui/graphics/layer/GraphicsLayerV29,67,167,40.12
c5903b2657e7cf9a,androidx/compose/ui/node/LookaheadCapablePlaceable,67,294,22.79
a0febdd81c278695,androidx/navigation/compose/DialogHostKt,67,140,47.86
0202a3463ee9e28b,androidx/navigation/NavController,67,658,10.18
fad0d1bd01e245fc,androidx/compose/ui/graphics/vector/VectorPainterKt,67,293,22.87
83395dbcd38f6d75,androidx/compose/runtime/Recomposer$runRecomposeAndApplyChanges$2,66,300,22.0
cde65203b83ce75f,androidx/compose/foundation/layout/RowColumnMeasurePolicyKt,66,118,55.93
58c4e02eeb7b64c6,androidx/compose/ui/platform/CompositionLocalsKt,66,105,62.86
c496254a6aa0a19e,androidx/activity/ComponentActivity,66,226,29.2
d29f3cd34ed2695a,androidx/compose/ui/draw/PainterNode,65,202,32.18
a86e63f3fbbaf2c0,androidx/compose/runtime/saveable/SaveableStateHolderImpl,64,113,56.64
655b50d46144e946,androidx/compose/ui/platform/AbstractComposeView,64,156,41.03
de7a4dc77ea822aa,androidx/compose/foundation/lazy/layout/LazyLayoutKt,64,128,50.0
b6020f63a520cfa5,androidx/compose/ui/text/ParagraphStyleKt,63,115,54.78
ab6576ad80ecd131,com/bnyro/clock/presentation/screens/permission/PermissionScreenKt,63,100,63.0
06d8beb6cedcd730,androidx/compose/ui/graphics/vector/GroupComponent,62,152,40.79
77fcd4602927bf9d,kotlinx/serialization/json/internal/StreamingJsonDecoder,62,263,23.57
27262b4ab93b7383,androidx/compose/foundation/text/modifiers/TextStringSimpleNode,62,197,31.47
1941b3bf2d1d9086,androidx/compose/ui/node/LayoutNodeDrawScope,62,161,38.51
ab55efb57cd921f8,androidx/compose/ui/layout/Placeable$PlacementScope,62,204,30.39
80a5ea28923884b1,androidx/compose/ui/platform/WindowRecomposer_androidKt,62,90,68.89
fa6a0412feda7a4a,androidx/compose/runtime/changelist/Operations,61,214,28.5
df55f4bf374f60ee,kotlinx/coroutines/flow/StateFlowImpl,61,96,63.54
63724b760f68943d,androidx/startup/AppInitializer,60,86,69.77
f572b6563e4b599d,androidx/compose/ui/graphics/GraphicsLayerModifierKt,60,207,28.99
03d5d8e1408dfe2d,kotlinx/coroutines/internal/LockFreeLinkedListNode,59,105,56.19
24ebe666ee3e6487,androidx/compose/animation/AnimatedContentKt$AnimatedContent$6$1,59,74,79.73
6b0868fd5654cd54,androidx/compose/foundation/pager/PagerDefaults,59,94,62.77
61b90323d16ff9a2,androidx/compose/foundation/text/modifiers/ParagraphLayoutCache,59,153,38.56
fa7d121ec8d3fe45,androidx/compose/animation/core/SuspendAnimationKt,59,162,36.42
b48f40723f7a5819,androidx/compose/ui/graphics/colorspace/Rgb,57,162,35.19
99ea112a1cd097ba,androidx/compose/ui/graphics/colorspace/ColorSpaces,57,139,41.01
ad5d409948be0156,androidx/navigation/NavDestination,57,245,23.27
a0db5e5799b9b275,androidx/compose/ui/graphics/ColorKt,57,234,24.36
7b39d022c86da5e0,androidx/compose/foundation/pager/PagerStateKt,57,116,49.14
5318891a90111ad0,androidx/compose/ui/text/platform/extensions/TextPaintExtensions_androidKt,56,125,44.8
4a80d407bb976444,androidx/compose/ui/text/SpanStyle,56,510,10.98
cd34a82907728861,androidx/compose/ui/graphics/vector/PathComponent,55,95,57.89
dbf7f53c552cb5b2,androidx/compose/ui/text/platform/extensions/SpannableExtensions_androidKt,55,325,16.92
23751d21e2c61476,androidx/compose/animation/AnimatedContentTransitionScopeImpl,54,121,44.63
10c80d398aa78e99,androidx/compose/ui/graphics/vector/ImageVector$Builder,54,114,47.37
aa9f17d099452ee3,androidx/compose/foundation/pager/PagerMeasurePolicyKt$rememberPagerMeasurePolicy$1$1,54,82,65.85
db8edf2bd0ef4868,androidx/compose/ui/graphics/vector/VectorComponent,54,89,60.67
30fbc7f0cb6d6244,androidx/compose/runtime/saveable/RememberSaveableKt,54,124,43.55
942aea7ce95f64a5,androidx/compose/material3/tokens/ColorLightTokens,53,97,54.64
dd7c4b33dafa2872,androidx/compose/runtime/internal/RememberEventDispatcher,53,189,28.04
9f4cadff226a6bce,androidx/compose/foundation/ImageKt,53,185,28.65
63eca22746a54c09,androidx/compose/material3/SurfaceKt,53,180,29.44
6f74ec3aa544fbfe,androidx/compose/ui/node/BackwardsCompatNode,53,283,18.73
09dc5355f1caf88f,androidx/compose/ui/graphics/vector/FastFloatParserKt,52,175,29.71
8d1c87103126726e,androidx/compose/runtime/snapshots/SnapshotStateList,52,278,18.71
808a062c818a1a4d,androidx/savedstate/internal/SavedStateRegistryImpl,52,121,42.98
c1e0fae8e7a3f2c7,androidx/compose/foundation/layout/BoxKt,52,146,35.62
e578859d4b64dff7,androidx/compose/ui/node/LayoutNodeLayoutDelegate,51,161,31.68
8cb97c82fde12a87,androidx/compose/material3/tokens/ColorSchemeKeyTokens,51,52,98.08
0f1c155aa83ebb12,kotlinx/coroutines/internal/DispatchedContinuation,51,183,27.87
e16d973954ba8f18,androidx/compose/ui/platform/AndroidUiDispatcher,51,67,76.12
98dae593a8b7ab4c,com/bnyro/clock/ui/theme/ThemeKt,51,107,47.66
5fe1187d00949821,androidx/compose/runtime/RecomposeScopeImpl,51,247,20.65
75170083cd50993b,androidx/compose/material/icons/filled/AvTimerKt,50,52,96.15
8f0f06a4906f8465,androidx/compose/ui/text/android/style/LineHeightStyleSpan,50,77,64.94
cb37dee469986231,androidx/navigation/internal/NavGraphImpl,50,245,20.41
1f9222af3da4cb89,com/bnyro/clock/presentation/components/BlobIconBoxKt,49,63,77.78
4742532e37776c26,androidx/compose/ui/graphics/colorspace/ColorSpaceKt,49,103,47.57
45fab3b5627cc603,androidx/emoji2/text/EmojiCompat,48,169,28.4
8262fe9613eaf6ec,androidx/navigation/NavBackStackEntry,48,113,42.48
b587d248c4c2fdc6,androidx/compose/material3/ButtonElevation,48,95,50.53
251f30a57a5c5805,androidx/navigation/internal/NavBackStackEntryImpl,47,109,43.12
7dab130b8a78d503,androidx/compose/ui/platform/AndroidComposeViewAccessibilityDelegateCompat,46,2080,2.21
ec3d03f7a9889466,com/google/android/material/color/utilities/Cam16,46,109,42.2
14098bf4e948e263,androidx/compose/material3/SurfaceKt$Surface$3,46,55,83.64
6c29e3d08a254899,com/bnyro/clock/util/ThemeUtilKt,46,46,100.0
86f35bfb50d2828a,androidx/compose/material/icons/filled/AlarmKt,46,48,95.83
d8a57c1adc0b593e,androidx/compose/ui/semantics/SemanticsPropertiesKt,45,233,19.31
36f142bf33675535,androidx/compose/ui/layout/SubcomposeLayoutKt,45,99,45.45
d95a2cf2cde5ccb8,androidx/compose/ui/semantics/SemanticsActions,45,64,70.31
a97fa445350fbf4c,kotlin/collections/ArraysKt___ArraysKt,45,10827,0.42
f57f8977786b1c2e,androidx/compose/material3/SurfaceKt$Surface$1,45,54,83.33
92d0cc86e320d4d1,kotlinx/serialization/json/internal/StringJsonLexer,45,97,46.39
e23286db0c911a2a,com/bnyro/clock/presentation/screens/settings/model/SettingsModel,44,113,38.94
1317b608a4bb98f2,androidx/compose/ui/graphics/colorspace/Lab,44,108,40.74
a99db36446c1b5e6,androidx/navigation/compose/NavBackStackEntryProviderKt,44,71,61.97
2d4fea890953b76d,androidx/compose/foundation/pager/PagerMeasurePolicyKt,44,116,37.93
b1c5f63105e8de9c,androidx/compose/runtime/SlotTableKt,44,196,22.45
3ae118fd5e65804e,kotlinx/coroutines/DispatchedTaskKt,43,88,48.86
2772e48acf2261b2,androidx/compose/ui/spatial/RectList,43,324,13.27
b5081c64c1be8635,kotlin/collections/CollectionsKt___CollectionsKt,43,1800,2.39
7ba6f1b7f4ae6ecb,androidx/compose/material3/MaterialThemeKt,42,81,51.85
96e0cb81bfa5c300,androidx/compose/ui/graphics/vector/PathParser,42,82,51.22
cbd2d9d256302016,androidx/compose/ui/graphics/drawscope/DrawScope,42,378,11.11
dfe93569fd1192dc,androidx/compose/material/icons/outlined/TimerKt,42,44,95.45
d75e4974d6fbed08,androidx/compose/runtime/Recomposer$recompositionRunner$2,42,84,50.0
0ba5416c633b3723,androidx/compose/runtime/SnapshotStateKt__SnapshotFlowKt$snapshotFlow$1,42,108,38.89
4dee8b0138ee5a53,androidx/compose/material3/ButtonKt$Button$3$1,41,50,82.0
50ff5977f2be64c6,androidx/compose/ui/node/RulerTrackingMap,41,80,51.25
998dea6a6239e06b,androidx/compose/ui/node/DelegatableNodeKt,40,1488,2.69
38781665c966043b,androidx/compose/runtime/SnapshotStateKt__ProduceStateKt,40,125,32.0
80019eaac52048e7,androidx/compose/material/icons/filled/ScheduleKt,40,42,95.24
4650c75dec5f7129,androidx/compose/ui/graphics/BlendMode,40,105,38.1
009dc0909d98d0ac,androidx/compose/ui/graphics/vector/PathNodeKt,40,113,35.4
3a151acf74e7fb2b,androidx/lifecycle/SavedStateHandlesProvider,40,95,42.11
b0db54fd5a776f31,kotlinx/coroutines/channels/BufferedChannelKt,39,71,54.93
78f355cca6deef1b,androidx/compose/ui/node/InnerNodeCoordinator,39,97,40.21
3cceb301efa23605,androidx/room/RoomDatabase,39,287,13.59
05fb99ec1789dc11,androidx/lifecycle/internal/SavedStateHandleImpl,39,88,44.32
4957aa5dd28b28fc,androidx/compose/material3/tokens/ShapeTokens,39,45,86.67
3bca0293f618f47e,androidx/compose/runtime/snapshots/TransparentObserverMutableSnapshot,39,62,62.9
8220891eeb49bd02,androidx/compose/ui/node/LayoutModifierNodeCoordinator,39,157,24.84
a39b0e922e5ac637,kotlin/collections/ArraysKt___ArraysJvmKt,38,1082,3.51
5389dd1c3a00e853,androidx/compose/material3/ColorSchemeKt$WhenMappings,38,74,51.35
4c7cd37f40eee2da,kotlinx/serialization/json/internal/CharMappings,38,38,100.0
238353dc42e6d2d3,androidx/compose/runtime/SlotTable,37,518,7.14
8a5d2a47efeebbb9,kotlinx/serialization/json/JsonConfiguration,37,90,41.11
82915faa1900627f,androidx/compose/ui/unit/Constraints,37,88,42.05
b2ee4e2030eed67e,androidx/room/TriggerBasedInvalidationTracker,37,266,13.91
9066e61d45547985,androidx/collection/ArraySet,37,239,15.48
1d49eef4f37deb2e,androidx/compose/animation/core/Transition,37,366,10.11
0b8d6519e58316ee,androidx/compose/ui/layout/WindowInsetsRulers_androidKt,37,169,21.89
7d8848f825158ec4,androidx/compose/ui/graphics/AndroidPaint_androidKt,37,68,54.41
d6c0724336a81d18,androidx/compose/ui/Modifier$Node,37,97,38.14
6b228f30ed2756f8,androidx/collection/ScatterMap,37,376,9.84
9408d08de11d2690,androidx/compose/foundation/pager/MeasuredPage,36,82,43.9
67f17eca0875d235,androidx/collection/MutableObjectFloatMap,36,188,19.15
e2b5bc8ebee9c49e,androidx/compose/material3/Typography,36,156,23.08
df13fac7ef69a611,androidx/compose/foundation/layout/SizeNode,36,133,27.07
a2a590f72d1a714c,androidx/compose/ui/autofill/AndroidAutofillManager,36,202,17.82
7bce01297a79c19c,androidx/compose/animation/AnimatedContentMeasurePolicy,35,140,25.0
486ec86c8b83dafc,androidx/compose/runtime/changelist/ComposerChangeListWriter,35,202,17.33
bf732efa1016c20b,kotlinx/coroutines/channels/BufferedChannel$BufferedChannelIterator,35,133,26.32
3f2641d0ff4f957d,androidx/room/RoomDatabase$Builder,35,175,20.0
b5b43f9511b9ce76,kotlin/collections/builders/MapBuilder,35,252,13.89
62ae198db82a050e,androidx/compose/ui/spatial/ThrottledCallbacks,35,272,12.87
33a86caeab7a73ac,androidx/compose/ui/graphics/colorspace/TransferParameters,35,113,30.97
590c334d1ab06b37,androidx/compose/ui/graphics/AndroidCanvas,35,143,24.48
c58a06338ad00954,androidx/compose/runtime/collection/ScopeMap,34,219,15.53
0134f15eb578f0b2,androidx/compose/animation/core/SeekableTransitionState,34,309,11.0
59af9e85908cf1d4,androidx/room/RoomDatabaseKt__RoomDatabaseKt,34,103,33.01
85a32fd7913a5d39,androidx/compose/runtime/internal/ComposableLambdaImpl,34,310,10.97
c0d9ae8a20b516b2,androidx/compose/foundation/lazy/layout/LazySaveableStateHolder,34,66,51.52
bd45b46c7eac0e4a,androidx/compose/ui/node/LayoutNode$calculateSemanticsConfiguration$1,34,52,65.38
bf49d3cade1c99dc,androidx/compose/runtime/changelist/FixupList,34,50,68.0
36972e0fb9a71c59,androidx/compose/ui/text/SaversKt,34,672,5.06
baafa6131c45d1ff,androidx/lifecycle/SavedStateHandleSupport,33,47,70.21
79d44aa7e2da37b9,androidx/compose/ui/node/OnPositionedDispatcher,33,44,75.0
8aad2f6ebb0584de,androidx/compose/foundation/lazy/layout/LazyLayoutPinnableItemKt,33,54,61.11
bf9102f7bc448d92,androidx/compose/ui/text/android/StaticLayoutParams,33,58,56.9
b3d19e6edde51e39,androidx/compose/foundation/lazy/layout/MutableIntervalList,33,67,49.25
8121b81326894f7d,androidx/compose/foundation/layout/ColumnMeasurePolicy,32,61,52.46
3ad09f9f78105c96,androidx/compose/foundation/layout/BoxMeasurePolicy,32,69,46.38
6fca98b1ab6e1e22,androidx/compose/foundation/gestures/ScrollableNode,32,142,22.54
62724709f64de051,androidx/compose/runtime/SlotReader,32,245,13.06
7920f2d670981306,androidx/compose/ui/graphics/vector/DrawCache,32,51,62.75
5fde4b8403509d66,androidx/profileinstaller/ProfileVerifier,32,83,38.55
31ab30f50ad367ad,kotlinx/coroutines/internal/DispatchedContinuationKt,32,135,23.7
bd8ff6719d6fcad2,androidx/compose/foundation/pager/PagerMeasureResult,32,104,30.77
3831962431fc2cb9,androidx/compose/ui/graphics/vector/compat/AndroidVectorParser,31,54,57.41
fbca8dd7582d0d9d,kotlin/collections/MapsKt__MapsKt,31,275,11.27
71a0bee6c44d28a4,androidx/compose/ui/text/android/TextLayout_androidKt,31,96,32.29
a21a8518d9e5fb6e,androidx/compose/ui/text/platform/AndroidParagraphIntrinsics,31,61,50.82
77e551b7ab5807dc,androidx/compose/ui/text/AndroidParagraph_androidKt,31,85,36.47
d2f292cf2da26763,androidx/compose/animation/EnterExitTransitionModifierNode,31,129,24.03
c262effa9d254d1e,androidx/compose/foundation/layout/RowMeasurePolicy,31,61,50.82
a8def274c804dd55,androidx/compose/ui/contentcapture/AndroidContentCaptureManager,31,433,7.16
a42d54ab102ce053,com/google/android/material/color/utilities/ColorUtils,30,52,57.69
a429e902d8e4945e,androidx/compose/material3/TonalPalette,30,90,33.33
f523bd02eae42789,androidx/compose/runtime/snapshots/Snapshot,30,72,41.67
d853186234f4f15f,androidx/compose/ui/text/platform/AndroidTextPaint,30,94,31.91
04170f41ef4dc29f,androidx/collection/LruCache,30,131,22.9
40d5af4a707db703,androidx/compose/ui/layout/Placeable,30,34,88.24
d38cd3f903b30979,androidx/compose/ui/Alignment$Companion,30,47,63.83
70ed071004e1ce9b,androidx/compose/runtime/collection/MutableVector,30,355,8.45
1b318f7414894d60,com/bnyro/clock/util/services/TimerService,30,352,8.52
af406bb3f596aea8,androidx/compose/ui/graphics/layer/GraphicsLayerKt,30,34,88.24
fa7b0fa10020e59e,androidx/compose/foundation/AbstractClickableNode,29,320,9.06
018a650adb2f2b93,androidx/compose/runtime/internal/AwaiterQueue,29,60,48.33
310abdb76f59baa0,androidx/compose/ui/graphics/vector/VectorPainter,29,60,48.33
60715f2a9b174ed9,androidx/compose/foundation/layout/ColumnKt,29,79,36.71
d02a6761e1226db0,androidx/concurrent/futures/AbstractResolvableFuture,29,302,9.6
9880f70e59f12d82,androidx/compose/ui/node/AlignmentLines,29,95,30.53
d437ddecfec1ab30,androidx/compose/ui/res/PainterResources_androidKt,29,61,47.54
a93d5c1547003e42,com/google/android/material/color/utilities/ViewingConditions,29,31,93.55
e2e4773ba7abdd74,androidx/compose/foundation/layout/SizeKt,29,210,13.81
2b017aafed1b3ea2,androidx/compose/animation/AnimatedContentKt$AnimatedContent$6$1$5,28,38,73.68
9068ec8d3d8865de,androidx/compose/ui/platform/WrappedComposition$setContent$1$1,28,44,63.64
cbf473752efae076,androidx/compose/ui/geometry/Size,28,82,34.15
adbc81ebdbce001a,androidx/activity/OnBackPressedDispatcher,28,123,22.76
c1d1686275b63ba6,androidx/compose/foundation/layout/PaddingKt,28,101,27.72
013ea5ed534e7fa8,androidx/compose/runtime/internal/ComposableLambdaKt,28,42,66.67
51b0d102bb3da6a7,kotlinx/coroutines/DispatchedTask,28,64,43.75
8386ed19d0bdd3d9,androidx/core/view/WindowInsetsCompat,28,124,22.58
69f02ebd2024a9bd,androidx/compose/ui/text/platform/AndroidParagraphHelper_androidKt,28,54,51.85
78a6992c7a9e3b58,androidx/compose/foundation/layout/PaddingValuesModifier,27,35,77.14
b7af7ea9ae3cd67a,androidx/compose/animation/TransitionData,27,71,38.03
2b3f5ff912ab47a9,androidx/compose/ui/graphics/BezierKt,27,445,6.07
b9d7b4dad89ba6ca,androidx/compose/runtime/changelist/ChangeList,27,214,12.62
b147e6f6ac6a986d,androidx/compose/material3/ColorScheme,27,331,8.16
4ce99c258787727f,androidx/navigation/compose/NavGraphBuilderKt,27,365,7.4
7086d98c46310910,kotlinx/serialization/json/JsonBuilder,27,93,29.03
65b7d7d01e66ab4d,androidx/compose/ui/graphics/AndroidPaint,27,36,75.0
3cd4b6c86cac8efb,androidx/compose/ui/graphics/drawscope/CanvasDrawScopeKt$asDrawTransform$1,27,43,62.79
b2e2ba74cc06ae92,androidx/compose/ui/graphics/painter/Painter,27,78,34.62
c23f7e509747312f,androidx/navigation/NavGraph,27,116,23.28
17bcd6f62dc766eb,androidx/compose/ui/graphics/SimpleGraphicsLayerModifier,27,97,27.84
ebbbd8c8d3c8cb4b,androidx/compose/ui/unit/Constraints$Companion,27,66,40.91
e5d130d56c5646ff,androidx/compose/foundation/pager/PagerScrollPosition,27,48,56.25
67d0fc5de38709ea,androidx/compose/runtime/snapshots/SnapshotDoubleIndexHeap,26,65,40.0
9682a8a6ead8c516,androidx/compose/runtime/saveable/SaveableStateRegistryImpl,26,103,25.24
ef9cafba78910ad0,androidx/compose/ui/graphics/OutlineKt,26,159,16.35
3825741ff4b53baa,com/bnyro/clock/domain/repository/TimezoneRepository,26,35,74.29
b5e6692d95228a51,androidx/profileinstaller/ProfileInstaller,26,79,32.91
aeb8d863a7c0c524,androidx/compose/ui/text/android/LayoutIntrinsics,26,64,40.62
f4c5a1ab1623ab20,androidx/compose/foundation/shape/RoundedCornerShape,26,60,43.33
ac3bbe7a42688973,androidx/compose/runtime/external/kotlinx/collections/immutable/implementations/immutableMap/PersistentHashMapBuilder,26,67,38.81
3ac1480b5a1351a1,androidx/navigation/internal/NavBackStackEntryStateImpl,26,73,35.62
6fece3c0db52dd5b,androidx/navigation/NavGraphNavigator,26,81,32.1
1f046c85a4b77c68,androidx/navigation/NavDestinationBuilder,26,99,26.26
b0f895486a0c644c,androidx/lifecycle/SavedStateViewModelFactory,26,73,35.62
e5b69cc23d632970,kotlinx/coroutines/JobSupport$Finishing,26,66,39.39
9183a3798b900737,androidx/compose/runtime/snapshots/GlobalSnapshot,26,52,50.0
7ee1605ad0cdb016,androidx/compose/foundation/layout/SpacerKt,26,31,83.87
f0a489f5fcfe5af2,kotlin/text/StringsKt__StringsKt,26,937,2.77
1ad5370daa5457ea,com/bnyro/clock/data/database/AppDatabase_Impl,25,28,89.29
a72911001e655c43,androidx/compose/ui/node/DepthSortedSetsForDifferentPasses,25,102,24.51
76818e2f9c16e09b,androidx/compose/foundation/lazy/layout/PrefetchScheduler_androidKt,25,36,69.44
9514679861b57755,androidx/compose/runtime/ComposerImpl$CompositionContextImpl,25,69,36.23
dcead8b47ee81fc1,androidx/navigation/NavigatorState,25,131,19.08
1e9969d468b5380d,androidx/compose/ui/graphics/Matrix,25,192,13.02
4caac659ebb7b834,androidx/compose/foundation/pager/PagerLazyLayoutItemProvider,25,47,53.19
715d4ced4998fdde,androidx/activity/compose/PredictiveBackHandlerKt,25,35,71.43
fe9c84d1b03ee604,androidx/compose/foundation/layout/Arrangement,25,122,20.49
5fdc6625cbda7f55,androidx/compose/ui/graphics/vector/compat/AndroidVectorResources,25,39,64.1
07ea46fdec64f33b,kotlinx/coroutines/sync/MutexImpl,25,98,25.51
d3d952c9cfc46170,com/bnyro/clock/util/NotificationHelper,25,41,60.98
c666f0257a46fc98,androidx/compose/ui/spatial/RectManagerKt,24,67,35.82
80b3a81dd3c26bcc,androidx/collection/SparseArrayCompat,24,204,11.76
5faa00c4516d0f07,androidx/compose/ui/text/font/FontFamilyResolverImpl,24,70,34.29
c138a6d45cf3bace,androidx/navigation/compose/NavHostKt$NavHost$33$1,24,39,61.54
05ca8b512f17d320,androidx/compose/ui/layout/WindowInsetsRulers$Companion,24,29,82.76
5373d33fdbb05fce,androidx/compose/runtime/PrioritySet,24,83,28.92
fe4804e9b83187ab,androidx/compose/ui/semantics/SemanticsNode,24,415,5.78
d735fee7757f5beb,androidx/compose/ui/graphics/vector/ImageVector$Builder$GroupParams,24,45,53.33
cc6a00e5f6fdfdf4,androidx/compose/foundation/lazy/layout/LazyLayoutItemContentFactory$CachedItemContent,24,40,60.0
6b08730edeedfe0d,androidx/compose/animation/core/Animatable,24,141,17.02
e7bc7d80bd3adce8,androidx/navigation/compose/NavHostControllerKt__NavHostController_androidKt,24,32,75.0
90638e44f4abb693,androidx/compose/ui/platform/AndroidComposeView$Companion,24,91,26.37
10330d52d0acf11c,androidx/navigation/internal/NavDestinationImpl,24,150,16.0
14f24936285058ca,androidx/compose/material/ripple/AndroidRippleIndicationInstance,24,64,37.5
1160374500e7c867,androidx/compose/ui/platform/DisposableSaveableStateRegistry_androidKt,24,59,40.68
c889607e35a95267,androidx/compose/material/ripple/PlatformRipple,24,52,46.15
6fb78d857aaf57dc,androidx/compose/foundation/AndroidEdgeEffectOverscrollEffect,24,430,5.58
0b31c4c21060e0e7,androidx/compose/animation/core/TargetBasedAnimation,24,67,35.82
b79fd08d6b5c43d9,androidx/compose/foundation/lazy/layout/LazySaveableStateHolderKt,24,39,61.54
ee21975253cbc808,androidx/compose/foundation/layout/RowKt,23,76,30.26
0acc1389c35bee87,androidx/compose/ui/graphics/BlockGraphicsLayerModifier,23,35,65.71
9878f50c8254da73,androidx/collection/IntObjectMap,23,499,4.61
a7d64176cc0e1f2e,androidx/compose/ui/node/LayerPositionalProperties,23,41,56.1
02461297ed0c1bea,androidx/compose/ui/graphics/vector/VectorKt,23,44,52.27
e3e8a3ff96f901a7,androidx/lifecycle/ReportFragment,23,40,57.5
9e8d38a7a053ea54,androidx/compose/ui/graphics/colorspace/Connector,23,31,74.19
ba218c545be30127,androidx/compose/foundation/BackgroundNode,23,45,51.11
7e8b5f9bb0183e81,androidx/collection/MutableOrderedScatterSet,23,458,5.02
59c2e3a86dbe17ab,androidx/compose/ui/text/android/StaticLayoutFactory23,22,33,66.67
cb56bd4f8185a74b,androidx/compose/runtime/SnapshotMutableStateImpl,22,44,50.0
a18190075a2f3a18,androidx/compose/ui/graphics/drawscope/CanvasDrawScope$DrawParams,22,45,48.89
16637bcd8ef21292,kotlinx/coroutines/flow/StateFlowSlot,22,52,42.31
4a581677b9a35464,androidx/compose/ui/unit/fontscaling/FontScaleConverterFactory,22,59,37.29
7b59784a283b89a7,androidx/compose/ui/graphics/AndroidGraphicsContext,22,62,35.48
959023d4b64ae36e,androidx/lifecycle/viewmodel/ViewModelProviderImpl,22,24,91.67
3733a1be820a3cd1,kotlinx/coroutines/flow/internal/AbstractSharedFlow,22,51,43.14
849fdeafdea62d43,androidx/compose/animation/core/VectorConvertersKt,22,72,30.56
d4d79a5c1b5feffe,androidx/compose/foundation/lazy/layout/NearestRangeKeyIndexMap,22,37,59.46
cf7504484b5a3b90,androidx/compose/runtime/snapshots/SnapshotIdSet,22,332,6.63
820f96dd70f8a9ba,androidx/compose/runtime/SnapshotMutableIntStateImpl,22,40,55.0
3c8b706fadff4caa,kotlinx/serialization/internal/PluginGeneratedSerialDescriptor,22,89,24.72
45a63ac0450e7a06,androidx/activity/compose/ComponentActivityKt,21,29,72.41
36233e9d27ad2d0a,androidx/profileinstaller/DeviceProfileWriter,21,163,12.88
53333b291d4556f5,kotlinx/coroutines/BuildersKt__Builders_commonKt,21,46,45.65
04513fda01faaec9,androidx/compose/foundation/StretchOverscrollNode,21,185,11.35
78a82d47d0bf4054,androidx/compose/runtime/external/kotlinx/collections/immutable/implementations/immutableList/SmallPersistentVector,21,83,25.3
83c45d02b4793fdd,androidx/compose/foundation/layout/FillNode,21,34,61.76
df65a835d2ce838a,androidx/compose/ui/graphics/SimpleGraphicsLayerModifier$layerBlock$1,21,21,100.0
8eafe9e39e48ee20,androidx/compose/material3/ButtonColors,21,57,36.84
01de0f38fc26159a,kotlinx/coroutines/EventLoop,21,56,37.5
44786814e20519f9,androidx/compose/ui/text/style/TextAlign,21,40,52.5
b9ca66b5292121a8,androidx/compose/ui/text/font/FontWeight,21,47,44.68
4d1f24566c7282cc,androidx/compose/ui/graphics/vector/ImageVector,21,48,43.75
6dc7b8ee7c69c0aa,kotlinx/coroutines/intrinsics/UndispatchedKt,21,101,20.79
8ad108b8ba942273,androidx/lifecycle/ViewModelProvider$AndroidViewModelFactory,21,36,58.33
ec729291c3292736,androidx/compose/ui/geometry/RoundRectKt,21,173,12.14
44bd557943b059a1,androidx/compose/foundation/EdgeEffectWrapper,21,115,18.26
9c944ab701d42a9d,androidx/compose/ui/layout/WindowWindowInsetsAnimationValues,21,43,48.84
5aaf2ee6d6cecc98,androidx/compose/foundation/layout/InsetsPaddingModifierNode,21,22,95.45
ba7b0883d3f63e9f,androidx/compose/animation/core/AnimationState,21,43,48.84
34a3c575fb92a5b0,kotlinx/coroutines/flow/SharedFlowKt,21,42,50.0
00aab7aeb368b47f,androidx/compose/runtime/CompositionLocalKt,20,70,28.57
54edfc6b3f8fc76f,androidx/navigation/NavigatorProvider,20,38,52.63
73022414ee32d8c8,androidx/collection/ObjectIntMap,20,468,4.27
54afd003c848f9ec,androidx/compose/ui/text/ParagraphStyle,20,345,5.8
6ec11f5d5135f5dd,kotlin/jvm/internal/ClassReference,20,59,33.9
e56f1b34cf6ff49f,androidx/compose/animation/core/VectorizedFloatAnimationSpec,20,63,31.75
d84b058920910aa2,androidx/compose/runtime/ComposerKt,20,221,9.05
120401e98fbc64b1,kotlinx/coroutines/android/HandlerContext,20,50,40.0
3c94afb055217cbf,com/bnyro/clock/util/services/StopwatchService,20,102,19.61
a319728aaa0cf001,androidx/compose/material3/tokens/FilledButtonTokens,20,30,66.67
8640e6a7f705dc1b,androidx/compose/animation/core/AnimationScope,20,29,68.97
1a5b166aec5d9cb9,androidx/compose/runtime/snapshots/SnapshotStateListKt,20,222,9.01
5c62db88b84d11b2,kotlin/coroutines/CombinedContext,20,53,37.74
87bb45954c5230cf,androidx/lifecycle/ProcessLifecycleOwner,20,44,45.45
151c98e6473605ed,androidx/compose/material3/MaterialTheme,20,26,76.92
84f1db4d146eb4a5,androidx/arch/core/internal/SafeIterableMap,20,73,27.4
b4ca1c7c6c4e4b48,androidx/compose/ui/platform/ComposeView,20,36,55.56
5bee9fc7e32cf79e,androidx/compose/foundation/lazy/layout/LazyLayoutItemContentFactoryKt,19,37,51.35
3432667d01e0e2b7,androidx/compose/foundation/layout/UnspecifiedConstraintsNode,19,78,24.36
482b054e11f4fd1b,kotlin/jvm/internal/Intrinsics,19,127,14.96
b2229a40f7d36cd8,androidx/compose/ui/graphics/AndroidPath,19,123,15.45
1ef121301c76579b,androidx/room/InvalidationTracker,19,173,10.98
433b0a6b162b1bb4,androidx/compose/material/ripple/RippleKt,19,41,46.34
c9a1d092282287f9,androidx/compose/foundation/ScrollableAreaNode,19,77,24.68
cf99b2c18a605025,androidx/compose/foundation/layout/WindowInsetsHolder$Companion,19,47,40.43
55d64eacb46bd7ee,androidx/compose/ui/text/android/LayoutIntrinsics_androidKt,19,43,44.19
4132be67a4d5f2a4,androidx/compose/ui/text/style/LineBreak,19,45,42.22
861e33f3ab31e7a7,androidx/compose/runtime/saveable/SaveableHolder,19,43,44.19
2f3123415d88587c,com/bnyro/clock/presentation/screens/permission/components/ComposableSingletons$PermissionPageKt,19,27,70.37
0ef1c9aeab9c554a,androidx/navigation/NavType,19,32,59.38
5eee1931457ff8f0,androidx/compose/runtime/CompositionLocalMapKt,19,24,79.17
94ee71f4bff641b6,androidx/room/RoomConnectionManager,19,72,26.39
fa267a91ee6332c1,com/bnyro/clock/presentation/screens/timer/model/TimerModel,19,95,20.0
611915073dbf7535,androidx/compose/runtime/SnapshotStateKt__SnapshotFlowKt,19,48,39.58
815ce06950c1bd25,androidx/compose/runtime/SnapshotStateKt__SnapshotStateKt,19,37,51.35
7728edca89906e67,androidx/compose/foundation/lazy/layout/LazyLayoutSemanticsModifierNode,19,62,30.65
1b343857576939e6,androidx/compose/foundation/layout/AndroidWindowInsets,19,30,63.33
7f7772938babb9b1,kotlinx/serialization/internal/AbstractCollectionSerializer,19,27,70.37
56e693cb238156a9,androidx/compose/ui/platform/AndroidUiFrameClock,18,28,64.29
84bcfef7605eea5d,androidx/compose/foundation/pager/PagerBeyondBoundsModifierKt,18,29,62.07
e146b402861ad308,androidx/collection/MutableIntList,18,157,11.46
2c14bd3d97cff6bc,androidx/compose/runtime/changelist/Operation$InsertSlotsWithFixups,18,38,47.37
6764c74a3e5f3ec4,androidx/compose/animation/EnterTransition,18,45,40.0
628a270aa32ba7e7,androidx/compose/runtime/BroadcastFrameClock,18,30,60.0
b80b2023f5d3a9b7,kotlin/ranges/RangesKt___RangesKt,18,535,3.36
9ad74fd11e923ecf,kotlinx/coroutines/flow/FlowKt,18,163,11.04
2be1e1738e426141,kotlinx/serialization/json/internal/AbstractJsonLexer,18,384,4.69
57b2831024dc85e9,androidx/compose/runtime/retain/ManagedRetainedValuesStore,18,69,26.09
9617375bac9b8ae6,androidx/compose/animation/ExitTransition,18,55,32.73
875f36edb8edd188,androidx/navigation/NavArgumentKt,18,24,75.0
bf53d831f2fefce9,androidx/compose/runtime/ProvidableCompositionLocal,18,39,46.15
284605fdac2e4820,androidx/compose/ui/graphics/MatrixKt,18,53,33.96
1ac853bbb34ca063,kotlinx/coroutines/flow/FlowKt__ChannelsKt,18,36,50.0
ee2bbc9e63ea2d16,androidx/compose/foundation/pager/PagerSemanticsKt,18,29,62.07
1a185acd089994a9,androidx/compose/ui/platform/Wrapper_androidKt,18,30,60.0
864d837996decc54,androidx/compose/runtime/PausableMonotonicFrameClock,18,28,64.29
ec05b78771c21a45,androidx/compose/ui/text/input/ImeOptions,17,142,11.97
103b7a214d150799,androidx/compose/ui/geometry/Offset,17,99,17.17
1fe39c6a4059a7c7,androidx/compose/animation/AnimatedContentTransitionScope$SlideDirection,17,36,47.22
1c04a4f4dd90013d,androidx/arch/core/internal/SafeIterableMap$IteratorWithAdditions,17,20,85.0
3bcc76e03ef7a6c3,androidx/compose/foundation/text/modifiers/LayoutUtilsKt,17,34,50.0
3c000466dd2c108a,androidx/collection/MutableLongObjectMap,17,189,8.99
9e2a4eeee651dee4,androidx/navigation/compose/ComposeNavigatorDestinationBuilder,17,23,73.91
ec757d7d133abb0b,androidx/compose/material3/tokens/TypographyKeyTokens,17,19,89.47
3d823cd6cd26d525,androidx/collection/MutableIntSet,17,180,9.44
c705d9bef94a7ead,kotlinx/coroutines/flow/internal/SafeCollector,17,47,36.17
0e4e07d1dff72fd4,kotlin/text/StringsKt__StringsJVMKt,17,334,5.09
9c67dab2a0103f28,androidx/compose/ui/graphics/vector/VectorPath,17,96,17.71
96d838344e475a43,androidx/collection/MutableIntIntMap,17,174,9.77
76651ec2763605ca,androidx/room/RoomDatabase$MigrationContainer,17,32,53.12
e3af99a00b4e5fc2,androidx/compose/foundation/IndicationKt,17,26,65.38
ed9cd34a439992ef,androidx/compose/ui/graphics/drawscope/Stroke,17,43,39.53
a351ca6c6197c754,androidx/compose/ui/graphics/layer/ChildLayerDependenciesTracker,17,91,18.68
4ab74d80ffd19862,androidx/compose/material/ripple/Ripple,16,31,51.61
5ab5138b991d512e,androidx/compose/ui/node/NodeCoordinator$updateLayerParameters$1,16,21,76.19
a5a1bcd1c95f4146,androidx/compose/animation/AnimatedEnterExitMeasurePolicy,16,76,21.05
99679f80aee85981,androidx/compose/ui/unit/Dp,16,53,30.19
6291d75e509ed481,androidx/compose/runtime/SnapshotStateKt,16,28,57.14
c615e45e49cf18e5,kotlin/collections/builders/MapBuilder$Itr,16,26,61.54
bc9154416d149605,androidx/compose/foundation/layout/RowColumnImplKt,16,71,22.54
1032790fcf2685c9,kotlinx/coroutines/flow/FlowKt__ContextKt,16,44,36.36
0ba534da94b1a815,androidx/room/util/KClassUtil,16,31,51.61
6a81fd84d25c0144,androidx/compose/runtime/Latch,16,43,37.21
88e2d4f16628bf1f,com/bnyro/clock/presentation/screens/clock/model/ClockModel,16,36,44.44
61a1a65105558781,androidx/compose/runtime/saveable/SaveableStateHolderKt,16,19,84.21
bf35012809bfe2e1,androidx/profileinstaller/ProfileInstallerInitializer,16,19,84.21
1267489374748942,kotlinx/coroutines/channels/ChannelKt,16,44,36.36
2d2bbd5ce7a08014,androidx/compose/ui/text/font/TypefaceRequestCache,16,57,28.07
d225e1a54300b8d0,androidx/compose/ui/text/AnnotatedString,16,230,6.96
b5e572b8a1270e8f,androidx/compose/animation/core/VisibilityThresholdsKt,16,33,48.48
9a299f2999d9f5d1,androidx/core/view/ViewCompat,16,793,2.02
e3156f018a848f80,androidx/lifecycle/viewmodel/compose/ViewModelKt__ViewModelKt,16,75,21.33
949d092a90e04773,androidx/compose/ui/text/style/TextDirection,16,37,43.24
e6c18658bfe1b492,androidx/compose/ui/graphics/vector/PathBuilder,16,25,64.0
82aa068ff2e41a15,androidx/compose/animation/SplineBasedFloatDecayAnimationSpec_androidKt,16,21,76.19
dbf4608a617cf788,androidx/compose/ui/graphics/colorspace/Illuminant,16,22,72.73
1bf1c885351d786b,androidx/compose/foundation/layout/Arrangement$SpacedAligned,16,55,29.09
636563966bb2058a,androidx/compose/ui/input/pointer/PointerEvent,16,71,22.54
5a42983440bc6c34,androidx/compose/runtime/Pending,16,166,9.64
c6bf45c80de661c2,androidx/lifecycle/viewmodel/internal/ViewModelProviders,16,35,45.71
616a3e234a3ff464,com/bnyro/clock/navigation/MainNavContainerKt,15,27,55.56
420cc8df56645d91,androidx/lifecycle/viewmodel/internal/ViewModelImpl,15,61,24.59
c08df17886cdf6b3,androidx/compose/ui/layout/InnermostInsetsRulers,15,23,65.22
cf398f1e5c6c1ec3,androidx/compose/ui/unit/IntOffset,15,52,28.85
2e3bd14de49718ee,androidx/compose/runtime/changelist/Operation$InsertNodeFixup,15,33,45.45
bbf8b19f3d2f4499,kotlinx/coroutines/flow/StartedWhileSubscribed$command$1,15,32,46.88
5d15d748823d5c09,androidx/compose/foundation/OverscrollKt,15,35,42.86
3588e06ab1d1223b,androidx/core/content/res/TypedArrayUtils,15,71,21.13
e50d039474787462,kotlinx/coroutines/internal/FastServiceLoader,15,126,11.9
73e0e6884c1b4e85,androidx/compose/material3/ProvideContentColorTextStyleKt,15,27,55.56
67d8ebf8e97c3d0b,androidx/lifecycle/compose/LocalLifecycleOwnerKt,15,25,60.0
38599076a67687ce,androidx/savedstate/compose/LocalSavedStateRegistryOwnerKt,15,24,62.5
e732bbd0630f25de,androidx/navigation/NavArgument,15,71,21.13
f436e8692e5c085b,androidx/compose/ui/text/font/PlatformFontFamilyTypefaceAdapter,15,23,65.22
bd4b3a0affb2127a,androidx/compose/ui/semantics/SemanticsConfiguration,15,151,9.93
0550d4c5bbdc610a,androidx/compose/runtime/internal/PersistentCompositionLocalHashMap,15,32,46.88
220ad4412dc09731,androidx/activity/EdgeToEdge,15,32,46.88
7467ce95f3ab044c,androidx/compose/ui/text/style/LineHeightStyle$Alignment,15,49,30.61
ceb21ce1f24f4e9e,androidx/compose/ui/text/TextStyleKt,15,27,55.56
b365e3cf01e50fb0,androidx/compose/runtime/ComposerImplKt,15,159,9.43
f18ab34b5e36e300,com/bnyro/clock/domain/model/PersistentTimer,15,31,48.39
c94eefeb309af654,kotlin/coroutines/jvm/internal/ContinuationImpl,14,19,73.68
7a0cf140815b4a83,androidx/compose/ui/layout/SubcomposeLayoutState,14,20,70.0
b837772821815e70,androidx/compose/ui/node/MeasurePassDelegate$placeOuterCoordinatorBlock$1,14,20,70.0
a4f45af59a12b506,androidx/compose/ui/text/platform/AndroidParagraphIntrinsics_androidKt,14,37,37.84
c1c1edbbb7674a7e,kotlinx/coroutines/AbstractCoroutine,14,25,56.0
9e67b1818feb61b9,androidx/compose/ui/unit/TextUnitType,14,27,51.85
06d9784b7f595076,androidx/collection/ObjectFloatMap,14,472,2.97
1f311f32a7ada59b,androidx/compose/foundation/lazy/layout/LazyLayoutPinnableItem,14,55,25.45
a6701e3e1245f894,androidx/compose/ui/graphics/drawscope/CanvasDrawScope$drawContext$1,14,14,100.0
4348676cc4b09255,androidx/compose/animation/core/AnimationVectorsKt,14,14,100.0
804424c398ae4ef0,kotlin/sequences/GeneratorSequence$iterator$1,14,24,58.33
f184e4f790a3e738,kotlin/collections/EmptyList,14,50,28.0
e302522315d637b4,androidx/compose/runtime/ComposablesKt,14,213,6.57
bfae58471d9049d9,androidx/compose/foundation/layout/PaddingValuesImpl,14,56,25.0
d13c103f626a009e,androidx/compose/material3/tokens/ShapeKeyTokens,14,15,93.33
df71191d366b8413,androidx/compose/runtime/SnapshotMutableFloatStateImpl,14,40,35.0
787a48da383d5c0a,androidx/compose/ui/node/Owner,14,38,36.84
b68123de597448f4,androidx/compose/ui/text/style/LineBreak$Strictness,14,33,42.42
b2ca202e6a3f8dd8,androidx/core/view/WindowInsetsControllerCompat$Impl30,14,73,19.18
f556e13eaaab6bca,kotlinx/coroutines/internal/SystemPropsKt__SystemProps_commonKt,14,27,51.85
d6df84c7524af51c,androidx/compose/foundation/lazy/layout/LazyLayoutMeasureScopeImpl,14,50,28.0
3fe689d44c67ddd4,androidx/compose/ui/layout/LayoutNodeSubcompositionsState$Scope,14,24,58.33
da0bbe462a09a9e2,com/bnyro/clock/presentation/screens/alarm/model/AlarmModel,14,71,19.72
81495312e36696eb,androidx/compose/ui/platform/LifecycleRetainedValuesStoreOwner,14,39,35.9
e0c1e2157b5111ae,androidx/compose/ui/semantics/Role,14,45,31.11
6ecb196490857f6d,androidx/compose/ui/text/font/FontListFontFamilyTypefaceAdapter,14,74,18.92
b75aba27c15fb446,com/bnyro/clock/domain/model/CountryTimezone$$serializer,14,21,66.67
a2f7584b66ade616,androidx/activity/EdgeToEdgeApi29,14,17,82.35
4d51bd57d2989853,androidx/compose/ui/text/style/LineHeightStyle$Trim,14,35,40.0
3ed1259265b3e5f3,kotlin/text/Regex,14,96,14.58
0acbb2bb3466f7b1,kotlinx/serialization/internal/ArrayListSerializer,14,24,58.33
1dc1ed5561e9eac8,androidx/compose/ui/unit/IntOffsetKt,14,45,31.11
1d7f6b3670de7bb7,androidx/compose/ui/text/input/TextFieldValue,14,85,16.47
070fc8a2825160a2,androidx/compose/ui/platform/GlobalSnapshotManager$ensureStarted$1,14,21,66.67
f77121e937d83ca4,androidx/compose/ui/text/style/TextOverflow,14,33,42.42
70c5c1afc1589e75,androidx/compose/ui/focus/FocusTargetNode,14,379,3.69
62e2c5ae3fae6661,androidx/lifecycle/ReportFragment$Companion,14,22,63.64
8cfc86ec3050a482,kotlin/collections/CollectionsKt__CollectionsKt,14,145,9.66
dfea7a10c6754cdf,kotlinx/coroutines/flow/internal/ChannelFlow,14,56,25.0
56fa5d923fd21bda,com/bnyro/clock/presentation/screens/permission/PermissionModel,14,14,100.0
486dfacd8ac4a85a,androidx/compose/material3/Shapes,13,60,21.67
268f1ef68112c917,androidx/compose/ui/layout/InnerRectRulers,13,18,72.22
cdb7890971d6c58e,kotlinx/coroutines/JobImpl,13,21,61.9
2b27d4ab450bcb87,androidx/lifecycle/viewmodel/compose/LocalViewModelStoreOwner,13,15,86.67
4da7341b5711ffa0,androidx/savedstate/SavedStateWriter,13,80,16.25
61c8efb3f378dc2f,kotlinx/coroutines/internal/ConcurrentLinkedListNode,13,78,16.67
f51dadff61ee9881,androidx/compose/animation/core/AnimatableKt,13,20,65.0
e34ff677975703fe,androidx/navigation/NavController$NavControllerNavigatorState,13,22,59.09
d1b56b5a78cfe3bc,androidx/compose/ui/graphics/vector/VectorComponent$drawVectorBlock$1,13,15,86.67
7b225334e150c8e1,androidx/compose/ui/text/font/FontSynthesis,13,37,35.14
e65e79a0f79459a0,kotlin/sequences/FilteringSequence$iterator$1,13,26,50.0
1641ede81e4ac42d,androidx/core/app/NotificationChannelCompat,13,70,18.57
bdf0199154eb82ca,kotlin/jvm/internal/TypeIntrinsics,13,209,6.22
a3e40e7add67735b,kotlinx/coroutines/JobSupportKt,13,23,56.52
fc003a135373c6c8,androidx/lifecycle/ViewModelProvider$Companion,13,18,72.22
81d764d82923bfdf,androidx/lifecycle/Lifecycle$Event,13,22,59.09
8e7360538a1220aa,androidx/compose/ui/node/LookaheadCapablePlaceable$ResettableRulerScope,13,20,65.0
ef0414ba7c99c3bb,kotlinx/coroutines/CoroutineContextKt,13,83,15.66
5dc5ef4f2683b10b,androidx/compose/material3/ShapesKt$WhenMappings,13,24,54.17
76bc56e24fc59aec,androidx/emoji2/text/EmojiCompatInitializer,13,14,92.86
1875ee8f668d45fd,androidx/compose/ui/node/NodeChainKt,13,24,54.17
9464aa72efd967e1,androidx/compose/animation/core/AnimationSpecKt,13,56,23.21
4ea6eb249561f66a,androidx/core/app/NotificationManagerCompat,13,212,6.13
97a496b0bfbe2823,androidx/navigation/compose/NavHostKt$NavHost$29$1,13,23,56.52
747130a6117a530c,androidx/compose/runtime/changelist/Operation$PostInsertNodeFixup,13,26,50.0
e0c13464868f54ef,androidx/compose/foundation/layout/InsetsConsumingModifierNode,13,25,52.0
0ad578f3f309f7f1,androidx/navigation/NavGraphBuilder,13,44,29.55
0413b7bd0c18b84b,androidx/compose/runtime/ProvidedValue,13,24,54.17
e8f82ff75f174007,com/google/android/material/color/utilities/TonalPalette,13,27,48.15
f1493703908fbe42,kotlinx/coroutines/CoroutineStart,13,19,68.42
3a25dd0bf972e6d4,androidx/compose/ui/platform/AndroidComposeView$RootModifierNode,13,92,14.13
33f29b4d7118617f,androidx/navigation/NavigatorProvider$Companion,13,21,61.9
3c1afb03aeaca143,androidx/compose/ui/platform/WrappedComposition,13,29,44.83
ccc8fcc56064f968,androidx/compose/ui/text/platform/DefaultImpl,13,20,65.0
9a9b5f9a7b69a74f,androidx/compose/runtime/snapshots/ReadonlySnapshot,13,40,32.5
9c93a9e1ee0a1257,androidx/compose/ui/graphics/colorspace/ColorModel,13,32,40.62
f80be594e4c9c06a,androidx/compose/ui/platform/AndroidUiDispatcher$dispatchCallback$1,13,14,92.86
ed191ed2b42d4e3f,androidx/compose/foundation/layout/PaddingElement,13,78,16.67
2d5a467ecc596d61,androidx/compose/ui/text/input/KeyboardType,13,48,27.08
f6bfbafba33425ee,androidx/emoji2/text/DefaultEmojiCompatConfig$DefaultEmojiCompatConfigFactory,13,40,32.5
09521c666c49d229,androidx/core/view/WindowInsetsCompat$TypeImpl30,13,14,92.86
ec9edc73fe78152f,com/google/android/material/color/utilities/Hct,13,22,59.09
cd8a6a8b80aa2ba1,androidx/compose/ui/platform/WindowRecomposer_androidKt$createLifecycleAwareWindowRecomposer$2$onStateChanged$1,13,24,54.17
9dd289237d01c56b,androidx/compose/animation/core/TransitionKt$rememberTransition$1$1,13,21,61.9
20c29c48e776e6ce,androidx/compose/ui/node/NodeCoordinatorKt,13,34,38.24
878424be5e54836a,kotlinx/coroutines/internal/MainDispatcherLoader,13,31,41.94
09966319243fa09b,androidx/compose/foundation/layout/RowColumnParentData,13,47,27.66
bcb4230a7343528c,androidx/compose/ui/text/font/FontStyle,13,25,52.0
94789c5ab4f432af,androidx/compose/runtime/external/kotlinx/collections/immutable/implementations/immutableMap/PersistentHashMap,13,47,27.66
0583c02f1bf2c0f3,androidx/compose/ui/node/DepthSortedSet,13,67,19.4
fbf303776d9e5bd7,com/bnyro/clock/data/database/AppDatabase$Companion,13,15,86.67
7448f09700d7bb05,kotlin/jvm/internal/ClassReference$Companion,13,315,4.13
ba9dfb9b9a540426,androidx/compose/ui/layout/LayoutNodeSubcompositionsState$NodeState,13,30,43.33
fccef1e4c879e543,androidx/compose/ui/text/style/BaselineShift,12,25,48.0
bf8c150ddfaca5f9,androidx/compose/ui/focus/FocusOwnerImpl,12,1572,0.76
1f8c3d175c4e1f9c,androidx/collection/ObjectList,12,236,5.08
539ec05af10a03a4,androidx/compose/ui/text/font/PlatformTypefacesApi28,12,41,29.27
c13503a8aa8019eb,androidx/compose/ui/layout/LayoutKt$materializerOf$1,12,14,85.71
7d8e53830f4463c8,kotlin/text/MatcherMatchResult,12,20,60.0
6871d691c16a2d0f,androidx/compose/foundation/pager/DefaultPagerState,12,19,63.16
d4b453ebe7a3a255,androidx/compose/runtime/snapshots/StateObjectImpl,12,13,92.31
9b953505560a7b93,androidx/compose/foundation/lazy/layout/AndroidPrefetchScheduler,12,67,17.91
027f44c676957323,kotlin/sequences/SequencesKt___SequencesKt,12,1096,1.09
bd70023b8a94c6b9,androidx/lifecycle/Lifecycle$State,12,14,85.71
aa586eff2a753d72,kotlin/coroutines/jvm/internal/BaseContinuationImpl,12,27,44.44
f3fb0d57cc872197,androidx/navigation/NavBackStackEntry$Companion,12,17,70.59
4b327c07ca3f1927,androidx/compose/foundation/layout/SizeElement,12,38,31.58
2accc074fe2920df,androidx/compose/ui/text/style/LineBreak_androidKt,12,12,100.0
528342cbaa7bbec3,androidx/compose/ui/text/input/TextInputServiceAndroid,12,146,8.22
ab540c67cdb70fc6,androidx/compose/runtime/snapshots/StateListStateRecord,12,15,80.0
79a6afb30b57b813,androidx/compose/runtime/saveable/ListSaverKt,12,18,66.67
d228820b1f5a4aaf,kotlinx/coroutines/JobKt__JobKt,12,99,12.12
07db048bb615b0b8,androidx/compose/ui/text/intl/AndroidLocaleDelegateAPI24,12,22,54.55
ae07d6b36baa952b,androidx/compose/ui/layout/LayoutNodeSubcompositionsState$createMeasurePolicy$1$measure-3p2s80s$$inlined$createMeasureResult$2,12,13,92.31
64f85e9d6b51f777,kotlin/coroutines/CoroutineContext$Element$DefaultImpls,12,12,100.0
691a162346aa5f20,androidx/compose/ui/text/android/TextAlignmentAdapter,12,16,75.0
8a7fba694f0f99da,androidx/compose/ui/graphics/ImageBitmapConfig,12,34,35.29
0dc86db47cf53a71,kotlin/collections/builders/SetBuilder,12,32,37.5
db1443c7a7f1e725,kotlinx/coroutines/internal/ThreadContextKt,12,38,31.58
cff61863cfcdd0bb,kotlin/io/TextStreamsKt,12,76,15.79
5376eac1c8baf9eb,androidx/lifecycle/SavedStateHandle,12,68,17.65
2dc27d78c69ecf3e,androidx/compose/ui/text/input/ImeAction,12,45,26.67
b67cb2e2cbbaa600,androidx/lifecycle/viewmodel/MutableCreationExtras,12,13,92.31
e277bb115be05b0f,androidx/compose/animation/AnimatedContentMeasurePolicy$measure$3,12,13,92.31
850900cd11ec8dbd,androidx/compose/ui/graphics/SolidColor,12,25,48.0
2cd036b35c448fef,androidx/compose/runtime/SnapshotMutableLongStateImpl,12,36,33.33
7f5c24da78779a1c,androidx/compose/ui/graphics/Shadow,12,40,30.0
0d4f893e36243ba1,androidx/compose/ui/unit/TextUnit,12,60,20.0
ab83b8db79f860f1,androidx/compose/runtime/changelist/Operation,12,22,54.55
5375a080a4befc6b,androidx/navigation/compose/ComposeNavigator,12,18,66.67
bd8113c53cca69f1,kotlinx/coroutines/sync/SemaphoreAndMutexImpl,12,183,6.56
2635419b0a3d961d,androidx/compose/ui/geometry/RoundRect,12,213,5.63
54bcfd309bd02e47,androidx/compose/material3/ShapeDefaults,12,12,100.0
b316bcf7af45fc7a,com/bnyro/clock/JacocoInstrument/JacocoInstrumentation,12,53,22.64
9ab72b36b8dda428,kotlinx/coroutines/channels/ChannelSegment,12,55,21.82
ba881e49001e6955,kotlinx/coroutines/flow/FlowKt__ShareKt,12,40,30.0
56f8fd43520be46c,androidx/compose/ui/text/EmojiSupportMatch,12,26,46.15
90b327a7322e4b18,androidx/compose/ui/text/TextRangeKt,12,26,46.15
49b108ddc8f99758,androidx/compose/ui/unit/IntSize,12,31,38.71
8934e2106b578f71,kotlinx/coroutines/flow/StartedWhileSubscribed,12,32,37.5
304d08136766e020,androidx/compose/runtime/Stack,12,29,41.38
e24d7dfc2e957e3d,kotlinx/coroutines/DelayKt,12,43,27.91
880556d7394738b2,androidx/compose/foundation/shape/CornerBasedShape,12,42,28.57
e90753cfb041f5e4,androidx/compose/runtime/external/kotlinx/collections/immutable/implementations/immutableMap/TrieNodeKt,12,27,44.44
16b11489c5ee1780,androidx/lifecycle/internal/SavedStateHandleImpl_androidKt,11,16,68.75
dd5e9eee53972053,androidx/compose/ui/graphics/AndroidPaint_androidKt$WhenMappings,11,18,61.11
aba91ace40f2c13d,kotlinx/coroutines/flow/SharingStarted$Companion,11,12,91.67
46e0799db47bfa25,androidx/activity/compose/LocalOnBackPressedDispatcherOwner,11,20,55.0
2176e3e58cb79c1c,androidx/compose/ui/graphics/StrokeJoin,11,27,40.74
de106f5f7c40cf62,androidx/compose/ui/text/style/TextIndent,11,26,42.31
245a2ce6c1830b4e,androidx/compose/runtime/CompositionObserverHolder,11,19,57.89
e9f4080252a3d1bb,androidx/compose/ui/platform/WrappedComposition$setContent$1,11,13,84.62
572c1da0e1a76818,androidx/compose/foundation/shape/RoundedCornerShapeKt,11,62,17.74
081b3ccf16f10113,androidx/compose/foundation/lazy/layout/LazyLayoutItemContentFactory,11,23,47.83
6509adeac0b8bc45,androidx/compose/ui/text/style/Hyphens,11,28,39.29
42c04ad2fb273719,androidx/compose/animation/AnimatedContentTransitionScopeImpl$SizeModifierNode,11,33,33.33
c6b7267cf03ef4da,androidx/lifecycle/ViewTreeViewModelStoreOwner,11,11,100.0
7cca0fc716b581cc,androidx/compose/foundation/layout/PaddingNode,11,35,31.43
77eb2c102eae1190,kotlin/collections/AbstractList$Companion,11,45,24.44
23a3eb9bc0e98c39,kotlinx/coroutines/channels/ProduceKt,11,65,16.92
dc082e8884f07285,androidx/compose/ui/input/InputMode,11,24,45.83
c58a20f916701638,androidx/compose/runtime/IntStack,11,27,40.74
669b3457c2eea543,androidx/core/view/WindowInsetsCompat$Impl30,11,12,91.67
9e3c9256503999ce,androidx/compose/foundation/layout/WrapContentElement$Companion,11,18,61.11
6ec571c6ba61a085,androidx/compose/animation/core/CubicBezierEasing,11,55,20.0
6ac74e4ddc1f3d7e,androidx/navigation/compose/internal/NavComposeUtils_androidKt,11,25,44.0
f29a92460cc34a5d,androidx/collection/MutableFloatSet,11,186,5.91
eef075d6d5c01887,androidx/collection/MutableObjectList,11,342,3.22
a4771122464665f4,androidx/lifecycle/ReportFragment$LifecycleCallbacks,11,22,50.0
656ddca1d2e33c2a,androidx/emoji2/text/EmojiCompatInitializer$BackgroundDefaultLoader,11,13,84.62
14b8b007d8a5fb27,androidx/compose/ui/BiasAlignment,11,25,44.0
0baf20aa7bbba7fe,com/bnyro/clock/App,11,12,91.67
3508e2d1626e52ea,androidx/navigation/compose/ComposeNavigator$Destination,11,14,78.57
2f7c68e908bbc881,kotlin/coroutines/CoroutineContext$DefaultImpls,11,12,91.67
1a54ff394e0c6cad,androidx/compose/material3/MinimumInteractiveModifierNode,11,16,68.75
df516e71b9905f6d,androidx/compose/ui/text/PlatformParagraphStyle,11,39,28.21
d516204b7339f187,androidx/compose/material3/tokens/TypefaceTokens,11,12,91.67
dd503e1aa6eaa256,androidx/compose/foundation/text/modifiers/InlineDensity,11,27,40.74
f3a1631d95c89d63,androidx/compose/ui/text/style/LineBreak$Strategy,11,30,36.67
3276fdc4e800efce,kotlinx/serialization/json/Json,11,28,39.29
8e3378015dee130e,androidx/lifecycle/ViewTreeLifecycleOwner,11,11,100.0
8e3d3c6d780e73d3,kotlin/collections/EmptySet,11,28,39.29
8d85cc990a7872f1,androidx/compose/ui/graphics/colorspace/RenderIntent,11,30,36.67
c0a8dea5b623b224,androidx/compose/ui/graphics/colorspace/TransferParametersKt,11,11,100.0
de4646e8a2c67058,androidx/compose/ui/platform/WindowRecomposer_androidKt$getAnimationScaleFlowFor$1$1$1,11,26,42.31
6d9bb5cb6af0e8df,kotlin/collections/SetsKt___SetsKt,11,56,19.64
b3dbf30294eebee0,androidx/collection/IntList,11,304,3.62
87e5992a26530385,androidx/compose/ui/text/style/LineHeightStyle$Mode,11,27,40.74
01c3dbadbbe94ad6,androidx/arch/core/executor/ArchTaskExecutor,11,21,52.38
e5363d479c2c4f26,androidx/compose/ui/text/android/TextAndroidCanvas,11,135,8.15
b544da15b725730b,kotlin/text/RegexKt,11,27,40.74
0107426ab932b64f,kotlinx/serialization/json/internal/JsonNamesMapKt,11,143,7.69
bbbf53b243bf0795,androidx/compose/ui/graphics/StrokeCap,11,27,40.74
9e79d88557014d01,androidx/compose/ui/platform/CalculateMatrixToWindowApi29,11,11,100.0
feff48b46d36e633,androidx/collection/MutableLongSet,11,180,6.11
0ab565725359e16f,kotlinx/coroutines/DebugKt,11,33,33.33
db9f78716e1f335e,kotlin/SynchronizedLazyImpl,11,20,55.0
334b8ecf157ac63f,androidx/savedstate/ViewTreeSavedStateRegistryOwner,11,11,100.0
3383dc77297f4841,androidx/compose/ui/input/nestedscroll/NestedScrollNode,11,108,10.19
e68fc6f674c1cba0,androidx/compose/ui/platform/actionmodecallback/TextActionModeCallback,11,91,12.09
f60c0c5e7e2fab45,androidx/compose/foundation/text/BasicText_androidKt,11,148,7.43
750ae4af2e95c0c1,androidx/compose/ui/semantics/SemanticsOwner,11,14,78.57
0baea7771673fb98,androidx/compose/foundation/lazy/layout/AndroidPrefetchScheduler$Companion,10,14,71.43
b10467a4b402b3e2,com/bnyro/clock/data/database/AppDatabase,10,10,100.0
a7f667f7f61fa7dd,kotlinx/coroutines/flow/internal/ChannelFlowTransformLatest$flowCollect$3$1$2,10,12,83.33
8d093eb7db776937,androidx/compose/ui/res/ResourceIdCache,10,16,62.5
0d625fd03b0bfba4,androidx/collection/ScatterMapKt,10,56,17.86
0d07423065ced8d9,androidx/compose/material3/tokens/ElevationTokens,10,14,71.43
79adcf9e31d6e5c8,androidx/compose/ui/graphics/colorspace/ColorSpace,10,38,26.32
57443e742109bafd,androidx/compose/ui/graphics/layer/CompositingStrategy,10,22,45.45
a7f82f1abdcdf7fe,androidx/compose/ui/platform/WeakCache,10,23,43.48
26386d56eb91f3c1,kotlinx/coroutines/android/HandlerDispatcherKt,10,61,16.39
280cda8f640bf5b7,androidx/compose/foundation/lazy/layout/LazyLayoutNearestRangeState,10,14,71.43
00e7d6d99cd17986,androidx/savedstate/SavedStateRegistryController,10,10,100.0
36b50fa883de0eab,kotlinx/coroutines/flow/FlowKt__ShareKt$launchSharing$1,10,31,32.26
f377013c0ea0f84e,androidx/compose/runtime/saveable/SaveableStateRegistryKt,10,17,58.82
0a82606ef7b7799b,androidx/compose/foundation/OverscrollConfiguration,10,23,43.48
f30b63163d0ae89c,androidx/compose/runtime/collection/MultiValueMap,10,130,7.69
16f028aae2a27930,androidx/compose/ui/ComposedModifierKt,10,38,26.32
c9700a4eebbbbea4,androidx/compose/runtime/Updater,10,55,18.18
43e9216389a04d79,androidx/compose/material3/MaterialRippleTheme,10,16,62.5
395fa30011697ddc,androidx/collection/internal/ContainerHelpersKt,10,18,55.56
2b97b3053aa3e4dc,androidx/compose/ui/text/style/TextMotion$Linearity,10,27,37.04
4579f00f14cc7683,androidx/lifecycle/ViewModelLazy,10,19,52.63
a4997c85b0130f33,androidx/compose/ui/semantics/SemanticsPropertyKey,10,19,52.63
cec5110f32228ad6,kotlinx/coroutines/scheduling/CoroutineScheduler,10,312,3.21
bbc4668dae8d1bc3,androidx/navigation/compose/NavHostKt$NavHost$32,10,22,45.45
f213dfb2f047c5b3,androidx/core/graphics/Insets,10,31,32.26
1a5de045415673eb,androidx/compose/animation/EnterExitTransitionKt$createGraphicsLayerBlock$1$1$block$1,10,14,71.43
3f569b0e922bdede,androidx/compose/ui/text/style/TextForegroundStyle,10,18,55.56
fca5ffa31861d3b5,androidx/compose/ui/text/style/LineHeightStyle,10,28,35.71
c5e423d348ffd7f9,androidx/collection/ScatterSet,10,271,3.69
c2bd368fac7c0117,androidx/compose/runtime/internal/SnapshotThreadLocal,10,18,55.56
c09f6e1e8b98dc40,androidx/compose/ui/CombinedModifier,10,26,38.46
2e1361edc100f790,androidx/compose/ui/unit/IntSizeKt,10,22,45.45
6a31910e1ee23c4f,kotlinx/coroutines/flow/DistinctFlowImpl$collect$2,10,18,55.56
f48220d7f468a99e,androidx/compose/ui/input/pointer/PointerEventType,10,38,26.32
77352085ba7a57f5,androidx/compose/runtime/SnapshotStateKt__DerivedStateKt,10,43,23.26
50eea8d26b9829e0,androidx/compose/ui/text/font/TypefaceRequest,10,39,25.64
5207647839b6e542,androidx/compose/ui/layout/LayoutNodeSubcompositionsState$createMeasurePolicy$1,10,16,62.5
f668fa93c6c8110f,androidx/core/content/res/ComplexColorCompat,10,47,21.28
ab697321aa548946,androidx/compose/ui/text/font/FontFamily,10,15,66.67
79c2688f71761ba0,com/google/android/material/color/utilities/CorePalette,10,17,58.82
d397fc246992cd9c,androidx/compose/ui/layout/ContentScale$Companion,10,23,43.48
c4479396b204a9d4,androidx/arch/core/internal/FastSafeIterableMap,10,11,90.91
79ab1a7ace6941b7,androidx/compose/animation/core/AnimationVector1D,10,22,45.45
cbda9064ae8fc94c,androidx/compose/ui/node/NodeCoordinator$drawBlock$1,10,11,90.91
4e0f41afad66fe1a,androidx/compose/ui/node/LayoutNodeDrawScopeKt,10,14,71.43
a35c02ded0f63d89,com/bnyro/clock/ui/MainActivity$timerServiceConnection$1,10,21,47.62
ec2cedb2966bd9f4,androidx/lifecycle/SavedStateViewModelFactory_androidKt,10,26,38.46
4cb4813dd11b9210,androidx/compose/runtime/tooling/ComposeStackTraceMode,10,23,43.48
5e6a21088f342eda,androidx/compose/foundation/FocusableNode,10,104,9.62
2d4c77d8be6a1a32,androidx/compose/ui/node/UiApplier,10,15,66.67
1668b508065aaa35,androidx/activity/OnBackPressedCallback,10,21,47.62
4a4b4b0998bcc682,kotlinx/coroutines/flow/AbstractFlow,10,18,55.56
b6f059a2072537d8,androidx/compose/ui/platform/GlobalSnapshotManager,10,11,90.91
17c363e5cbab304e,androidx/compose/ui/unit/DpSize,10,89,11.24
d0e5162c53ff153e,com/bnyro/clock/AppContainer,9,9,100.0
66cd38b3a6489812,androidx/core/view/WindowInsetsCompat$Type,9,23,39.13
6c5c26380f5b25bd,kotlin/collections/builders/MapBuilder$Companion,9,9,100.0
d157ece13ecf63bb,androidx/compose/runtime/snapshots/GlobalSnapshot$takeNestedMutableSnapshot$1$1,9,10,90.0
18ff2f3d6968ce6e,androidx/compose/material/ripple/StateLayer,9,54,16.67
6329067e5ee4aaf1,kotlinx/coroutines/CoroutineScopeKt,9,30,30.0
e23a54fe2d7edaf1,androidx/core/app/NotificationChannelCompat$Api26Impl,9,24,37.5
a7d641294cf4eb7a,androidx/compose/ui/text/style/LineBreak$WordBreak,9,27,33.33
5b33384b755f8755,androidx/compose/foundation/ClickableKt,9,269,3.35
3362345a7ddafb19,kotlinx/coroutines/flow/FlowKt__LimitKt$dropWhile$1$1,9,24,37.5
58950b8cc42866cd,androidx/compose/foundation/gestures/ContentInViewNode,9,199,4.52
2a112bd171e772b4,androidx/lifecycle/ViewModelProvider,9,28,32.14
ed3cecf7fa52d898,androidx/compose/foundation/layout/SpacerMeasurePolicy,9,11,81.82
47f7d677b2aa5069,kotlinx/coroutines/flow/FlowKt__ReduceKt,9,172,5.23
97db7c8a422d8a81,androidx/compose/ui/graphics/colorspace/Oklab,9,69,13.04
8305ce800a9c8367,androidx/compose/ui/unit/TextUnitKt,9,101,8.91
144fc253f8f31a62,androidx/compose/ui/node/OwnerSnapshotObserver,9,39,23.08
3f67520eba3513ce,androidx/compose/ui/graphics/BlendModeColorFilter,9,16,56.25
eb490e65e839b9a6,com/bnyro/clock/domain/model/AlarmFilters,9,41,21.95
1763f1aa9f866d80,androidx/compose/runtime/SnapshotStateKt__SnapshotFlowKt$collectAsState$1$1,9,19,47.37
d6c77dac0d60136b,androidx/compose/ui/draw/PainterModifierKt,9,16,56.25
978148e89b0b2113,kotlin/collections/EmptyMap,9,32,28.12
d572c8f6ed4366c3,androidx/compose/ui/layout/RectRulersImpl,9,16,56.25
53bc20c2ebee4ee2,androidx/lifecycle/DefaultLifecycleObserverAdapter$WhenMappings,9,16,56.25
b6c235959f982a10,androidx/lifecycle/Lifecycle$Event$WhenMappings,9,16,56.25
ee4ba87d9b014a36,com/bnyro/clock/ui/theme/TypeKt,9,9,100.0
a39e6f6a6e7df5ac,androidx/compose/ui/graphics/PaintingStyle,9,24,37.5
ca372341bcc48221,kotlinx/coroutines/flow/internal/ChannelFlowTransformLatest$flowCollect$3,9,13,69.23
facb0e2c5e751d0b,kotlinx/coroutines/flow/StartedWhileSubscribed$command$2,9,10,90.0
2741fe1229dc9742,androidx/compose/runtime/Recomposer$Companion,9,84,10.71
81ee702de7de71cd,androidx/compose/ui/focus/FocusStateImpl,9,21,42.86
07fd507e15d2ca5b,androidx/compose/runtime/snapshots/tooling/SnapshotObserverKt,9,95,9.47
8c7ec1b6e0d5f52e,androidx/compose/ui/graphics/FilterQuality,9,31,29.03
63211edadfe17a7b,com/bnyro/clock/presentation/screens/stopwatch/model/StopwatchModel,9,39,23.08
cd97e4190ffd5e85,androidx/compose/material3/ButtonKt$Button$3,9,13,69.23
4904278faafbce29,androidx/navigation/NavControllerViewModel,9,30,30.0
c3fd0fa89a105cd6,androidx/compose/foundation/layout/InsetsListener,9,47,19.15
cdba5c9958370222,androidx/compose/ui/node/ComposeUiNode$Companion,9,13,69.23
51d2f5a5e42f5b10,com/bnyro/clock/data/database/dao/AlarmsDao_Impl,9,193,4.66
cc25fb05a1965d38,kotlin/sequences/SequencesKt__SequencesKt,9,56,16.07
838bbb533a37097e,androidx/compose/animation/AnimatedVisibilityKt$AnimatedEnterExitImpl$shouldDisposeAfterExit$2$1,9,13,69.23
d86ac3e230cb90eb,androidx/tracing/Trace,9,79,11.39
8152675abb21512e,androidx/compose/ui/graphics/vector/PathNode$RelativeArcTo,9,44,20.45
b668ca92a50355ea,androidx/navigation/compose/NavHostKt$NavHost$29$1$1$1,9,23,39.13
b13684480f429602,androidx/compose/ui/graphics/vector/PathNode$RelativeCurveTo,9,40,22.5
35c01c5c624eb74b,androidx/compose/foundation/lazy/layout/IntervalList$Interval,9,15,60.0
ea3e1df2532cd83c,androidx/compose/ui/platform/WindowRecomposer_androidKt$createLifecycleAwareWindowRecomposer$2$WhenMappings,9,16,56.25
3e954aaf84ccfc2b,androidx/compose/ui/platform/MotionDurationScaleImpl,9,10,90.0
8993d75661d43287,androidx/sqlite/db/SupportSQLiteOpenHelper$Configuration$Builder,9,21,42.86
47d0edde732d24e4,androidx/compose/runtime/changelist/Operations$OpIterator,9,16,56.25
afa632f0215501cf,androidx/compose/runtime/AbstractApplier,9,30,30.0
de88c625714457f9,androidx/compose/ui/node/MeasurePassDelegate$layoutChildrenBlock$1,9,23,39.13
82faa35faac585f8,kotlinx/serialization/json/internal/JsonPath,9,54,16.67
e8c7e72c81e590cf,androidx/lifecycle/Lifecycling,9,89,10.11
af50bb40e541ae0c,androidx/compose/ui/text/style/TextDecoration,9,28,32.14
c309d1c39a320795,androidx/compose/runtime/snapshots/GlobalSnapshot$takeNestedSnapshot$1$1,9,10,90.0
58bed1719bdccd62,androidx/compose/ui/layout/SubcomposeLayoutState$setRoot$1,9,10,90.0
ccc3188e4cb2d784,kotlinx/coroutines/flow/internal/ChannelFlowTransformLatest,9,16,56.25
da8e41e8175d239e,androidx/lifecycle/viewmodel/internal/JvmViewModelProviders,9,17,52.94
d66cf6a4c3ba0cdd,androidx/activity/contextaware/ContextAwareHelper,9,15,60.0
81c5e034536a2d28,androidx/compose/ui/text/android/style/IndentationFixSpan_androidKt,9,40,22.5
e1b17d73c470e76e,kotlinx/coroutines/flow/FlowKt__DistinctKt,9,15,60.0
be225e645e1f91a7,androidx/compose/ui/platform/WindowRecomposerPolicy,9,26,34.62
a745f89058ed572b,androidx/compose/ui/text/style/ColorStyle,8,22,36.36
51e32df42e30b271,androidx/compose/ui/input/pointer/PointerIcon_androidKt,8,10,80.0
1b27f7176a763742,androidx/compose/foundation/HorizontalScrollableClipShape,8,8,100.0
fadd9cb0e3057475,androidx/compose/foundation/layout/FillElement$Companion,8,8,100.0
0e516aeb9f066a84,androidx/lifecycle/LifecycleRegistry$Companion,8,10,80.0
23f27b3585b13c25,androidx/lifecycle/ViewModelProvider$NewInstanceFactory,8,11,72.73
c85ef9b7c185d1ca,com/bnyro/clock/ui/MainActivity$serviceConnection$1,8,15,53.33
939412c13069609a,androidx/emoji2/text/EmojiCompat$ListenerDispatcher,8,14,57.14
35036491e229c200,androidx/lifecycle/ProcessLifecycleInitializer,8,10,80.0
fca85eaf4551b550,androidx/compose/foundation/layout/ColumnScopeInstance,8,14,57.14
19d147aeff2cb302,androidx/compose/animation/AnimatedEnterExitMeasurePolicy$measure$1,8,8,100.0
dc6a5745f3e00abe,androidx/compose/ui/graphics/colorspace/Adaptation,8,10,80.0
d9fe9f3786dce297,androidx/compose/animation/AnimatedContentTransitionScope,8,16,50.0
49a2ae559a98ffdd,androidx/compose/ui/graphics/BlendMode$Companion,8,31,25.81
9fc10f7953deb1d3,androidx/compose/ui/text/style/TextAlign$Companion,8,19,42.11
68de8f21bc2b1914,androidx/compose/runtime/changelist/Operation$UpdateNode,8,21,38.1
88860120b69b6dfb,androidx/collection/IntSet,8,416,1.92
11f91b94999be125,androidx/lifecycle/ViewModel,8,34,23.53
0a1a744cced4038c,kotlinx/coroutines/flow/FlowKt__ShareKt$launchSharing$1$2,8,18,44.44
dedef7ebe8146528,androidx/compose/ui/res/VectorResources_androidKt,8,47,17.02
03cf34887d0bfe0a,androidx/compose/ui/unit/Density,8,64,12.5
6a0bc5b676df9d0a,androidx/compose/runtime/internal/PersistentCompositionLocalHashMap$Builder,8,34,23.53
3c8fb656c803d6a3,androidx/compose/ui/geometry/RectKt,8,26,30.77
efd83e369dcb8887,androidx/lifecycle/ViewModelStore,8,14,57.14
572f7ca900f1dfa0,androidx/activity/result/ActivityResultRegistry,8,117,6.84
b84a9d727cd2ecaa,androidx/compose/ui/platform/AndroidComposeView$snapshotObserver$1,8,14,57.14
54174acb7a2561a0,kotlinx/coroutines/scheduling/TasksKt,8,15,53.33
379d8aa52fb017d2,androidx/compose/ui/graphics/PathFillType,8,24,33.33
7090d1a058c2cc7f,kotlinx/coroutines/flow/internal/SafeCollector_commonKt,8,27,29.63
6fc3b44cd40a9a24,androidx/compose/runtime/LaunchedEffectImpl,8,22,36.36
cef117746d113167,kotlinx/coroutines/internal/SystemPropsKt,8,8,100.0
a22734bf656d760e,kotlinx/serialization/modules/SerializersModuleKt,8,19,42.11
0dcfe52290c0de14,androidx/core/content/ContextCompat,8,121,6.61
fea2eebf89047f5f,androidx/compose/ui/text/android/StaticLayoutFactory,8,49,16.33
d8a5aef105ef25f6,androidx/compose/material3/ShapesKt,8,41,19.51
ad44d9e6f28340ba,androidx/compose/material3/tokens/TypographyTokensKt,8,9,88.89
c6c1e5767b703e3a,kotlin/coroutines/intrinsics/IntrinsicsKt__IntrinsicsJvmKt,8,57,14.04
34bdf6331b916e38,androidx/compose/ui/platform/WindowRecomposer_androidKt$createLifecycleAwareWindowRecomposer$2,8,14,57.14
770f6dc89db9e0ae,androidx/lifecycle/LifecycleRegistry$ObserverWithState,8,11,72.73
ace536b096916b1d,kotlinx/coroutines/flow/internal/ChannelFlow$collect$2,8,12,66.67
e20f702dfba8de6a,androidx/compose/ui/input/pointer/SuspendingPointerInputModifierNodeImpl,8,182,4.4
375b17968e09b927,androidx/compose/ui/input/pointer/SuspendPointerInputElement,8,44,18.18
e2821f411ae05f52,androidx/compose/ui/platform/AndroidUiDispatcher$Companion$Main$2,8,9,88.89
fae42ad8b1a24909,androidx/compose/runtime/Recomposer$recompositionRunner$2$2,8,12,66.67
201ad225c07d7a8c,androidx/compose/foundation/gestures/ScrollableKt,8,58,13.79
73d6016fb0901b53,androidx/room/RoomDatabase$JournalMode,8,16,50.0
f29ae346c83a409b,androidx/profileinstaller/ProfileVerifier$Cache,8,40,20.0
1aa8cc0f48a167b7,kotlinx/serialization/encoding/AbstractDecoder,8,59,13.56
ea1197d22c4dd87d,androidx/compose/ui/text/input/KeyboardCapitalization,8,33,24.24
3bcef7e43e29fbfd,androidx/compose/foundation/DarkTheme_androidKt,8,11,72.73
d04292b867f10f5a,androidx/lifecycle/DefaultLifecycleObserverAdapter,8,14,57.14
e68ebb8483a244f3,androidx/navigation/compose/NavHostKt$NavHost$32$1,8,12,66.67
a00d7f9b653ca022,androidx/compose/ui/graphics/vector/PathNode,8,10,80.0
8db45cccd5be7e1f,androidx/compose/foundation/layout/LayoutWeightNode,8,14,57.14
09994dc291694fd5,androidx/compose/ui/layout/MeasureScope,8,55,14.55
1d8ce3ef77af3334,kotlinx/coroutines/CoroutineDispatcher,8,18,44.44
a6216925599b1db7,androidx/core/app/CoreComponentFactory,8,11,72.73
974990d6a9a3d567,androidx/compose/ui/layout/ScaleFactorKt,8,47,17.02
bf67c6f65abd484f,androidx/compose/ui/platform/LazyWindowInfo,8,36,22.22
81b79d6e903c1741,androidx/compose/ui/geometry/Rect,8,182,4.4
9f84a93efe75b377,androidx/navigation/NavControllerViewModelKt,8,8,100.0
f143b9c1cf1ddc7e,kotlin/text/Charsets,8,20,40.0
def6fab7f00a886a,androidx/compose/ui/graphics/colorspace/ConnectorKt,8,9,88.89
cffb4eb9ff126277,androidx/compose/ui/text/style/TextMotion,8,27,29.63
721296050f24371c,androidx/compose/animation/core/TweenSpec,8,27,29.63
1d6f06ffab960c5b,kotlinx/coroutines/flow/FlowKt__ReduceKt$first$$inlined$collectWhile$2,8,16,50.0
39469760a76d6589,kotlinx/coroutines/CancellableContinuationKt,8,48,16.67
63a7dd2bbf3ded76,androidx/compose/ui/layout/ContentScaleKt,8,22,36.36
c00ef2e2ca4fa469,androidx/compose/foundation/lazy/layout/CacheWindowLogic,8,328,2.44
3fa8cc165452dae5,androidx/compose/runtime/saveable/SaveableStateRegistryWrapper,8,46,17.39
772c35925784e851,androidx/compose/runtime/BroadcastFrameClock$FrameAwaiter,8,15,53.33
529a69922909dfab,androidx/compose/runtime/external/kotlinx/collections/immutable/implementations/persistentOrderedSet/PersistentOrderedSet,8,65,12.31
320eef8501ccb18f,androidx/savedstate/SavedStateRegistry,8,24,33.33
877806f5643a2867,androidx/compose/ui/ComposedModifierKt$materializeImpl$result$1,8,8,100.0
f3d59811685c7d91,androidx/compose/foundation/layout/SystemInsetsPaddingModifierNode,8,20,40.0
3e2088456d7ed529,androidx/compose/runtime/NextFrameEndCallbackQueue,8,19,42.11
3cbc4f5bb7b97a6b,androidx/compose/animation/AnimatedContentTransitionScope$SlideDirection$Companion,8,8,100.0
0d1c323fc96ac875,androidx/compose/ui/layout/LayoutNodeSubcompositionsState$Scope$layout$1,8,12,66.67
4465cb00f5bfa4b6,androidx/compose/ui/draganddrop/DragAndDropNode,8,104,7.69
3cfc3bc23be8527c,androidx/compose/runtime/Recomposer$State,8,11,72.73
206a39e4fcadab98,androidx/compose/animation/AnimatedContentTransitionScopeImpl$ChildData,8,8,100.0
d7c170e0d04579bb,androidx/navigation/internal/NavGraphImpl$iterator$1,8,15,53.33
9e0caac8817b3aaa,androidx/compose/ui/graphics/CompositingStrategy,8,22,36.36
effb85c53fa3eacd,androidx/compose/runtime/Recomposer$join$2,8,10,80.0
aabe5cfcec5b9578,androidx/compose/ui/layout/RootMeasurePolicy,8,22,36.36
e12054c606bbecfa,androidx/compose/runtime/GroupKind,8,31,25.81
c5857378ce080747,androidx/compose/material3/FabPosition,8,29,27.59
cabdbab980e66f5f,androidx/navigation/NavDestination$Companion,8,37,21.62
b50daa05055585a5,androidx/compose/ui/node/LayoutNode$LayoutState,8,10,80.0
174cd3a9c020c4db,androidx/compose/material3/MaterialThemeKt$MaterialTheme$1,7,11,63.64
7ffc17b5cc729479,androidx/navigation/compose/DialogHostKt$DialogHost$2$1,7,17,41.18
3e4c1dcc5e1e3dcd,kotlin/coroutines/AbstractCoroutineContextElement,7,7,100.0
69decf71aebac872,androidx/compose/runtime/StaticProvidableCompositionLocal,7,7,100.0
9c67dfd42c7c7fb0,kotlin/internal/ProgressionUtilKt,7,22,31.82
3876ba4ab3fa5169,androidx/lifecycle/ViewModelKt,7,9,77.78
a0719fc9d710b859,com/google/android/material/color/utilities/MathUtils,7,22,31.82
e42cde82ec4457f1,androidx/activity/SystemBarStyle,7,17,41.18
fa0cf3511dcda5e3,androidx/compose/foundation/lazy/layout/LazyLayoutPrefetchState,7,53,13.21
be2d8e30817660fd,com/bnyro/clock/navigation/NavRoutes$AlarmPicker,7,12,58.33
503bd9e58f2c2748,androidx/compose/ui/platform/AndroidUiFrameClock$withFrameNanos$2$callback$1,7,8,87.5
b301aac85783bf9c,androidx/collection/internal/LruHashMap,7,23,30.43
24891d4e6eec96cf,androidx/compose/ui/node/MeasureAndLayoutDelegate$WhenMappings,7,12,58.33
19168974db5f09b1,androidx/compose/ui/graphics/AndroidImageBitmap_androidKt,7,37,18.92
2f724ea9628a71ce,kotlin/collections/CollectionsKt__CollectionsJVMKt,7,43,16.28
037493d544091679,androidx/compose/ui/autofill/AndroidAutofill,7,30,23.33
add3979ca136998e,androidx/customview/poolingcontainer/PoolingContainer,7,39,17.95
e946989c279d8569,androidx/compose/ui/node/MeasurePassDelegate$WhenMappings,7,11,63.64
d62be83e91c94c80,androidx/emoji2/text/ConcurrencyHelpers,7,10,70.0
374496f31587e7a0,androidx/compose/foundation/layout/InsetsValues,7,17,41.18
f474aa78633a3e96,androidx/activity/OnBackPressedDispatcher$LifecycleOnBackPressedCancellable,7,17,41.18
177a2fbab9596225,androidx/compose/foundation/BackgroundElement,7,41,17.07
f9b78b00f7b826d0,androidx/compose/ui/platform/GraphicsLayerOwnerLayer$recordLambda$1,7,8,87.5
71e970d24ce60e36,androidx/compose/ui/text/style/TextOverflow$Companion,7,12,58.33
e365dccbc3b6c813,kotlin/collections/MapsKt__MapsJVMKt,7,46,15.22
3146254ccc927c15,kotlinx/coroutines/flow/FlowKt__MergeKt$mapLatest$1,7,15,46.67
d4b877f30d040ad7,kotlinx/coroutines/sync/SemaphoreKt,7,41,17.07
d0c8276156d415de,kotlinx/coroutines/JobKt,7,30,23.33
2af5f9cf51d567e2,androidx/compose/ui/node/Invalidation,7,9,77.78
3951f50ca0789900,androidx/compose/ui/input/pointer/PointerIcon$Companion,7,10,70.0
c40ffbd41f0815e5,androidx/compose/animation/ContentTransform,7,17,41.18
f286c481101aa35f,androidx/compose/ui/graphics/Color$Companion,7,91,7.69
7255e5eb14dcb610,com/bnyro/clock/domain/model/PersistentTimer$Companion,7,35,20.0
01ba725925c333a9,androidx/compose/ui/platform/LifecycleRetainedValuesStoreOwner$RetainedValuesStoreEntry,7,26,26.92
7bd27e8b9080701c,kotlinx/coroutines/flow/internal/ChannelFlowOperator,7,25,28.0
70f7942885d1a79b,androidx/lifecycle/LifecycleDispatcher,7,8,87.5
bb7a4e307290e145,com/bnyro/clock/data/database/dao/TimeZonesDao_Impl,7,64,10.94
b44bd4e90469d23d,androidx/activity/ComponentActivity$ReportFullyDrawnExecutorApi16Impl,7,29,24.14
3e7604f8826eff4f,androidx/compose/ui/text/intl/LocaleList,7,49,14.29
aa41d8143276d7ef,androidx/compose/ui/spatial/RectListKt,7,66,10.61
32d050b14c77b618,androidx/lifecycle/ProcessLifecycleOwner$attach$1,7,13,53.85
4dda3682d199a2d0,kotlin/Result,7,31,22.58
badfdeff43dd3fe8,androidx/compose/material3/tokens/TextButtonTokens,7,18,38.89
ab362968ccef265c,androidx/compose/ui/res/StringResources_androidKt,7,45,15.56
c963629572239085,androidx/compose/animation/AnimatedContentTransitionScopeImpl$SizeModifierNode$measure$1,7,7,100.0
98935fbb99a487e5,androidx/compose/ui/text/style/TextDirection$Companion,7,17,41.18
5d0d241e2f948f02,androidx/compose/ui/graphics/vector/PathNode$QuadTo,7,30,23.33
3439a7b95d278705,androidx/compose/foundation/text/modifiers/LayoutCacheOperation,7,25,28.0
170e2023648faa68,androidx/compose/runtime/collection/MutableVector$MutableVectorList,7,32,21.88
e21a1bf6063415f1,kotlinx/coroutines/ThreadLocalEventLoop,7,10,70.0
8347972aa8ecd6d9,androidx/compose/material3/InteractiveComponentSizeKt,7,10,70.0
048e6ef790d7e0f3,androidx/compose/ui/platform/WindowRecomposerPolicy$createAndInstallWindowRecomposer$unsetJob$1,7,21,33.33
48ccc74199b01c63,androidx/lifecycle/Lifecycle$Event$Companion,7,26,26.92
a993a9278153eb3c,androidx/compose/ui/node/LookaheadCapablePlaceable$captureRulers$1,7,8,87.5
a1246e3d45c7f12d,androidx/compose/runtime/Anchor,7,10,70.0
3aeab8927ca3f2cd,androidx/compose/ui/focus/Focusability,7,37,18.92
8422ecef76a0f21c,androidx/compose/animation/core/MutableTransitionState,7,20,35.0
5bb9b4f2731c0025,androidx/compose/ui/platform/SemanticsNodeCopy,7,16,43.75
9400d50816a5eb2b,androidx/compose/ui/Actual_androidKt,7,10,70.0
feba37be461a7394,androidx/compose/ui/text/Paragraph,7,40,17.5
e0884a438f7ee919,kotlinx/serialization/json/JsonKt,7,12,58.33
3fdabdf71b7de454,androidx/savedstate/SavedStateRegistryController$Companion,7,7,100.0
8dc1cfb026ae19f9,androidx/collection/IntObjectMapKt,7,48,14.58
9d31842a4f1f6b32,androidx/compose/ui/text/style/TextForegroundStyle$Companion,7,12,58.33
76b62690ab0cc676,kotlinx/serialization/json/internal/WriteMode,7,9,77.78
e2bc9df428be6a8c,androidx/compose/ui/platform/ViewCompositionStrategy$DisposeOnDetachedFromWindowOrReleasedFromPool,7,8,87.5
c006273a0e33748d,androidx/lifecycle/Lifecycle$Event$Companion$WhenMappings,7,12,58.33
fae057fc7d213d98,androidx/room/Room,7,48,14.58
fb65f97d79280696,androidx/compose/ui/graphics/vector/VNode,7,8,87.5
ceb2c23373519264,androidx/compose/ui/platform/AndroidComposeView_androidKt,7,44,15.91
2c07547a2ba0de69,androidx/compose/ui/platform/LifecycleRetainedValuesStore,7,17,41.18
e20fc723f3e63b2a,androidx/navigation/compose/BackStackEntryIdViewModel,7,15,46.67
3ad67f7f3b6530db,androidx/activity/SystemBarStyle$Companion$auto$1,7,8,87.5
9e4dbc6299e4c5eb,androidx/compose/ui/node/LookaheadCapablePlaceable$layout$1,7,7,100.0
a5f6c072e7c5bc69,androidx/compose/runtime/CompositionContext,7,10,70.0
1a1fe7e554a78765,androidx/compose/ui/draganddrop/AndroidDragAndDropManager,7,28,25.0
de87fcf41619ba2f,androidx/compose/ui/input/nestedscroll/NestedScrollDispatcher,7,58,12.07
da3009cedb36e64b,androidx/compose/foundation/lazy/layout/LazyLayoutNearestRangeState$Companion,7,7,100.0
34d6ac7c809e76be,kotlinx/coroutines/internal/LockFreeTaskQueueCore,7,115,6.09
0fccc9a7f287aa45,androidx/navigation/Navigator,7,57,12.28
1a0650c074b980c2,androidx/activity/ViewTreeOnBackPressedDispatcherOwner$findViewTreeOnBackPressedDispatcherOwner$2,7,7,100.0
e18cfb1cf680d2c2,androidx/compose/runtime/SnapshotMutableStateImpl$StateStateRecord,7,9,77.78
7d128cda5a0da526,androidx/navigation/ActivityNavigator,7,133,5.26
dc0236ba25b2b088,kotlin/jvm/JvmClassMappingKt,7,67,10.45
51e1b91a189a8fca,androidx/compose/ui/platform/coreshims/ViewCompatShims,7,12,58.33
ee271e80d093cff5,androidx/compose/ui/node/ObserverModifierNodeKt,7,8,87.5
8462cc2ae3432b1f,androidx/compose/ui/platform/AndroidCompositionLocals_androidKt$ProvideAndroidCompositionLocals$2,6,10,60.0
64da9a9b264e1815,kotlin/ranges/IntProgression,6,33,18.18
9fa42d005791151e,com/bnyro/clock/util/Preferences,6,12,50.0
0c65c6e0476a1dc4,androidx/compose/ui/focus/FocusStateImpl$WhenMappings,6,10,60.0
21ab7039716b601a,androidx/compose/foundation/lazy/layout/LazyLayoutBeyondBoundsInfo,6,31,19.35
bb79deaec7f51335,androidx/compose/foundation/gestures/DefaultFlingBehavior,6,12,50.0
271c501621b997ff,androidx/compose/foundation/lazy/layout/LazyLayoutBeyondBoundsProviderModifierNode,6,78,7.69
8a7c85d92ed460f9,kotlin/jvm/internal/ArrayIterator,6,9,66.67
205da1849992f9c0,androidx/core/view/WindowInsetsControllerCompat,6,29,20.69
02016adfb530fc44,kotlin/collections/builders/MapBuilder$KeysItr,6,7,85.71
d6e6cf3f031e3b72,androidx/compose/ui/platform/HapticDefaults,6,8,75.0
157168b6c723cb5e,androidx/lifecycle/viewmodel/compose/LocalViewModelStoreOwner_androidKt,6,8,75.0
ef2156c553666b3c,androidx/sqlite/db/framework/FrameworkSQLiteOpenHelper,6,36,16.67
833e3b4e5d1fc4b3,kotlinx/coroutines/internal/FastServiceLoaderKt,6,7,85.71
f94093bd6d77e5a0,kotlinx/coroutines/CompletedContinuation,6,57,10.53
929be1e803c1b283,androidx/compose/ui/FrameRateCategory,6,29,20.69
6913c5537cde5212,com/bnyro/clock/domain/model/Permission,6,6,100.0
e67a8805e25bceb7,androidx/compose/ui/text/font/TypefaceResult$Immutable,6,7,85.71
38c1825501bcf9bc,androidx/compose/foundation/gestures/ScrollingLogic,6,156,3.85
542aa814ae46a0c3,com/bnyro/clock/domain/model/CountryTimezone,6,34,17.65
165b28f870703c6d,androidx/compose/ui/modifier/ModifierLocalManager,6,113,5.31
98c2fe161c1b080b,androidx/compose/ui/node/ComposeUiNode$Companion$ApplyOnDeactivatedNodeAssertion$1,6,11,54.55
aeabeb8f69d40e1c,androidx/compose/material3/ButtonElevation$animateElevation$1$1,6,12,50.0
c498c2365cba48eb,androidx/compose/ui/node/DepthSortedSetsForDifferentPasses$WhenMappings,6,10,60.0
69cca27d2a60b2d7,androidx/compose/ui/graphics/colorspace/Connector$Companion,6,22,27.27
289ff64427010a9e,androidx/compose/animation/core/SpringSpec,6,31,19.35
8194a5d6c37044b0,androidx/collection/SparseArrayCompatKt,6,215,2.79
af26c4362f37d7a0,androidx/compose/ui/graphics/Outline$Rounded,6,15,40.0
107479c897af1d85,androidx/compose/foundation/text/modifiers/TextStringSimpleElement,6,44,13.64
d247080dcfb3765a,androidx/compose/ui/text/PlatformTextStyle,6,26,23.08
005f17ae7c6cf82e,kotlin/coroutines/ContinuationInterceptor$DefaultImpls,6,22,27.27
3795eb5dd6b9d9ac,kotlin/sequences/FilteringSequence,6,9,66.67
0d86e69029cd66ce,androidx/compose/ui/input/indirect/IndirectPointerEventPrimaryDirectionalMotionAxis,6,22,27.27
4dd880089546ccb1,androidx/compose/ui/graphics/TransformOrigin,6,35,17.14
242eb862f8dce0e7,androidx/compose/animation/EnterExitTransitionModifierNode$measure$2,6,6,100.0
798c884afe0d4b57,androidx/compose/runtime/snapshots/StateRecord,6,11,54.55
add1df43b13b6760,androidx/collection/SimpleArrayMap,6,268,2.24
513b899ee7ce7ba4,androidx/compose/material3/ButtonElevation$animateElevation$2$1,6,26,23.08
8ba4b7cee2806bb7,androidx/activity/SystemBarStyle$Companion,6,12,50.0
c45415f68ecada00,androidx/compose/ui/text/font/AsyncTypefaceCache,6,69,8.7
5618472e077643ef,androidx/compose/ui/platform/WrappedComposition$setContent$1$1$1$1,6,12,50.0
b3baa8e786de183d,kotlinx/coroutines/JobNode,6,8,75.0
a3787cd2206bba14,kotlinx/serialization/json/internal/StreamingJsonDecoder$WhenMappings,6,10,60.0
cd50c86fe713743d,androidx/compose/ui/layout/PlaceableKt,6,6,100.0
169a6ba861082a20,androidx/compose/foundation/layout/WindowInsetsPadding_androidKt,6,73,8.22
26b4b6fc2b61fd36,androidx/compose/runtime/SnapshotMutableIntStateImpl$IntStateStateRecord,6,7,85.71
207e31f9f8bbcf5d,androidx/compose/ui/platform/GlobalSnapshotManager$ensureStarted$2,6,6,100.0
6dd39f557e0f9afd,androidx/compose/runtime/SnapshotStateKt__ProduceStateKt$produceState$1$1,6,12,50.0
a727bb4818ed2233,androidx/core/view/WindowInsetsCompat$BuilderImpl29,6,19,31.58
71a7c6a018fc894d,androidx/compose/foundation/lazy/layout/LazySaveableStateHolder$Companion,6,8,75.0
6138beb225fcccbb,androidx/compose/animation/core/VectorizedTweenSpec,6,17,35.29
ac315cfa62d364f0,androidx/lifecycle/ViewModelProvider$AndroidViewModelFactory$Companion,6,7,85.71
4d68304b238d7855,com/bnyro/clock/presentation/screens/settings/model/SettingsModel$AppName,6,8,75.0
a6ccd786fe8d18c4,androidx/compose/animation/core/EasingKt,6,9,66.67
5e7bfe40338594b9,androidx/compose/foundation/gestures/DragGestureNode,6,412,1.46
1dedd6440751dbba,androidx/compose/ui/res/ImageVectorCache,6,17,35.29
0d607108912dfa07,androidx/compose/foundation/AndroidOverscroll_androidKt,6,58,10.34
2d61a106ce747551,androidx/compose/foundation/lazy/layout/DefaultLazyKey,6,16,37.5
bbdaa456c99f4150,androidx/compose/runtime/external/kotlinx/collections/immutable/internal/DeltaCounter,6,20,30.0
99a4bc68aead0c3c,androidx/compose/foundation/lazy/layout/LazyLayoutSemanticsKt,6,13,46.15
7101b14568bd7f5c,androidx/compose/runtime/RememberedCoroutineScope,6,34,17.65
6587cfbaa732bae1,androidx/compose/ui/graphics/vector/ImageVectorKt,6,69,8.7
b907247f995813de,androidx/compose/runtime/external/kotlinx/collections/immutable/implementations/immutableList/AbstractPersistentList,6,43,13.95
28667274b343f163,androidx/compose/foundation/gestures/DefaultScrollableState,6,18,33.33
2b5cbbb7f1246998,androidx/compose/runtime/SnapshotStateKt__ProduceStateKt$produceState$3$1,6,12,50.0
8f7059b0e578dbce,androidx/compose/ui/platform/AbstractComposeView$ensureCompositionCreated$1,6,10,60.0
5634f3e9cc355165,androidx/navigation/compose/NavBackStackEntryProviderKt$LocalOwnersProvider$1,6,10,60.0
40d1358e283dd5c2,androidx/compose/ui/graphics/drawscope/DrawScope$Companion,6,6,100.0
2efe96fea3a0730e,androidx/compose/ui/platform/WrappedComposition$setContent$1$1$3,6,10,60.0
90003fb490223759,kotlin/LazyKt__LazyJVMKt,6,11,54.55
4151864901b8fe7e,kotlinx/coroutines/CoroutineStart$WhenMappings,6,10,60.0
d44e18804f404a8f,androidx/compose/ui/node/MeasurePassDelegate$layoutChildrenBlock$1$4,6,6,100.0
8e7f9733261bc661,androidx/compose/ui/text/style/LineBreak$Strictness$Companion,6,7,85.71
ede67da9b66e7fac,kotlinx/coroutines/flow/SharingCommand,6,8,75.0
75792eeb30e612d2,androidx/core/os/BundleKt,6,53,11.32
5a7165c44bedada7,kotlin/text/MatcherMatchResult$groups$1,6,18,33.33
679f66fedc2f276a,androidx/compose/ui/input/pointer/MotionEventAdapter,6,201,2.99
e04a4cf1c67340ef,androidx/core/view/ViewCompat$Api21Impl,6,46,13.04
bab7bdfb047ce904,androidx/compose/ui/platform/WrappedComposition$setContent$1$1$2$1,6,12,50.0
fb21ff1a02930c93,androidx/lifecycle/viewmodel/InitializerViewModelFactoryBuilder,6,10,60.0
fc495ee156cc1e2f,androidx/activity/ViewTreeOnBackPressedDispatcherOwner,6,6,100.0
3a46590638eb01e7,androidx/compose/foundation/layout/Arrangement$Center$1,6,9,66.67
d3fc525745fbee00,kotlin/LazyThreadSafetyMode,6,8,75.0
4980af5a0f013383,androidx/savedstate/Recreator,6,35,17.14
8aa3c520c7f71206,androidx/compose/ui/node/LayoutNode$UsageByParent,6,8,75.0
44531950b367e411,androidx/core/view/ViewCompat$Api21Impl$1,6,14,42.86
d90f410b635b31ca,androidx/lifecycle/SavedStateHandle$Companion,6,11,54.55
df0a88c9e718fa7f,kotlinx/coroutines/sync/MutexKt,6,38,15.79
5bcd1565d5e5b181,androidx/compose/ui/input/nestedscroll/NestedScrollSource,6,30,20.0
fb84cfa028e0861f,androidx/core/view/WindowInsetsCompat$Impl,6,48,12.5
0d7f8d3831466a74,androidx/compose/foundation/pager/PagerSnapDistance$Companion,6,10,60.0
b4bfbcaec230a1a1,androidx/compose/ui/ComposedModifierKt$materializeImpl$1,6,6,100.0
974bddbf332b2271,androidx/compose/ui/input/InputModeManagerImpl,6,9,66.67
d1b79b6988e8a9d6,androidx/lifecycle/ProcessLifecycleOwner$attach$1$onActivityPreCreated$1,6,6,100.0
042cbe5cc50d449e,androidx/compose/ui/graphics/ImageBitmapKt,6,30,20.0
86640afa5066e700,androidx/collection/SparseArrayKt$valueIterator$1,6,9,66.67
0b8db218c7ca4228,kotlinx/coroutines/flow/StateFlowKt,6,39,15.38
918dcf9b2427d6aa,androidx/compose/foundation/gestures/ScrollableDefaults,6,27,22.22
620fa92eaf4a28d9,androidx/compose/runtime/DynamicProvidableCompositionLocal,6,7,85.71
1fc707971fefab0b,androidx/compose/foundation/lazy/layout/AwaitFirstLayoutModifier,6,26,23.08
290dc8a2bdffe154,androidx/compose/ui/graphics/Api26Bitmap,6,11,54.55
64c11e3efc24cbfa,androidx/compose/ui/text/input/CursorAnchorInfoController,6,34,17.65
8448f1f8f09d881b,androidx/compose/material/ripple/Ripple$rememberUpdatedInstance$1,6,12,50.0
dd1e77dee4df9346,androidx/compose/ui/node/OwnerSnapshotObserver$onCommitAffectingMeasure$1,6,7,85.71
326d73721cd620b0,kotlinx/coroutines/flow/internal/ChannelFlowTransformLatest$flowCollect$3$1,6,16,37.5
5b5904d1ce7e0c58,kotlinx/coroutines/flow/internal/ChannelFlow$collectToFun$1,6,12,50.0
315f94d5972f2f18,androidx/compose/ui/graphics/layer/GraphicsLayer$clipDrawBlock$1,6,21,28.57
e8639484b1962339,androidx/compose/ui/platform/AndroidComposeView$RootModifierNode$rulerLambda$1,6,8,75.0
6534be7684041121,androidx/compose/ui/text/TextRange,6,43,13.95
24c528bb822770f4,androidx/lifecycle/LegacySavedStateHandleController,6,24,25.0
16eddd28ab30fe15,androidx/activity/ViewTreeOnBackPressedDispatcherOwner$findViewTreeOnBackPressedDispatcherOwner$1,6,7,85.71
672c02905d8c172c,androidx/compose/runtime/internal/AtomicAwaitersCount,6,50,12.0
883b97898e22beb3,androidx/navigation/NavHostController,6,10,60.0
09a94f1772935b97,androidx/compose/ui/platform/WindowRecomposer_androidKt$createLifecycleAwareWindowRecomposer$2$onStateChanged$1$1$1,6,12,50.0
704cf2a3d5b2388f,androidx/compose/ui/BiasAlignment$Horizontal,6,23,26.09
297208dbd744491d,androidx/compose/foundation/gestures/BringIntoViewSpec_androidKt,6,10,60.0
04893760d95edaac,androidx/compose/foundation/gestures/BringIntoViewSpec$Companion,5,16,31.25
1cfc176856ae0d00,androidx/compose/ui/layout/ContentScale$Companion$Fit$1,5,5,100.0
c29430ca0f624db0,androidx/compose/foundation/ClickableElement,5,42,11.9
43f0d56af3bc35b1,androidx/compose/ui/input/pointer/SuspendingPointerInputFilterKt,5,13,38.46
c76c38fc980ed739,kotlin/ULong,5,98,5.1
e77116abf9af08ce,androidx/compose/ui/text/style/TextForegroundStyle$Unspecified,5,5,100.0
474895bf1f344d06,androidx/core/app/ComponentActivity,5,59,8.47
1c7121d38ca3e1cd,androidx/compose/runtime/changelist/Operation$Remember,5,13,38.46
e9ff3be49ed19c04,androidx/compose/ui/layout/SubcomposeSlotReusePolicy$SlotIdsSet,5,84,5.95
10094f50ee87f110,androidx/compose/ui/platform/InvertMatrixKt,5,12,41.67
33d534b393a8741b,com/bnyro/clock/presentation/screens/settings/model/SettingsModel$FabAlignment,5,7,71.43
43e23180757f97f0,androidx/compose/ui/unit/LayoutDirection,5,7,71.43
af487bc389dd9c14,com/bnyro/clock/domain/repository/TimezoneRepository$getTimezonesForCountries$$inlined$sortedBy$1,5,5,100.0
5f26efdffa5cebc4,androidx/compose/ui/graphics/colorspace/RenderIntent$Companion,5,6,83.33
7b487efe16d2021b,androidx/compose/ui/graphics/ColorSpaceVerificationHelper,5,99,5.05
656ed771b6f8c56a,kotlin/jvm/internal/PropertyReference,5,35,14.29
a446add44af282a7,androidx/compose/animation/AnimatedContentKt$AnimatedContent$6$1$4$1,5,9,55.56
19b0c8b7aaacda62,kotlin/sequences/TransformingSequence,5,7,71.43
03a37df3fa09358a,androidx/compose/ui/text/platform/URLSpanCache,5,23,21.74
682b70e385b57f53,androidx/lifecycle/ProcessLifecycleOwner$Companion,5,6,83.33
a16c42057edfdfd4,androidx/compose/runtime/snapshots/StateListIterator,5,31,16.13
ddd5cb501601722a,androidx/compose/ui/graphics/AndroidCanvas_androidKt,5,7,71.43
97c499967638dade,androidx/compose/ui/input/pointer/HitPathTracker,5,103,4.85
6cd4cbb1da22ff85,androidx/compose/ui/platform/AndroidCompositionLocals_androidKt$LocalResources$1,5,5,100.0
895eebfe0cb5dcd9,com/bnyro/clock/domain/model/WatchState,5,8,62.5
b56bfcccb0026b7c,androidx/activity/FullyDrawnReporter,5,53,9.43
81fe1e8442106f95,androidx/compose/ui/layout/WindowInsetsRulersImpl,5,8,62.5
7d4111f4a0c1df77,androidx/compose/ui/text/style/LineHeightStyle$Mode$Companion,5,5,100.0
1e1fce460284c1c0,kotlinx/coroutines/flow/internal/ChannelFlowOperatorImpl,5,12,41.67
959cab36e6b22b9c,androidx/compose/ui/platform/WindowRecomposerFactory$Companion,5,5,100.0
028817ddfd2bebef,androidx/compose/runtime/Pending$keyMap$2,5,8,62.5
8b740dd6774d322d,kotlin/coroutines/EmptyCoroutineContext,5,9,55.56
9edbda7e5f524827,androidx/compose/runtime/changelist/Operation$SideEffect,5,13,38.46
0cff64afc5011e82,androidx/compose/ui/platform/DisposableSaveableStateRegistry,5,7,71.43
682c747bf8b9e710,androidx/compose/ui/text/style/Hyphens$Companion,5,14,35.71
017bd0397f50aa20,androidx/compose/ui/graphics/vector/ImageVector$Companion,5,6,83.33
23071880a3a94c1d,androidx/compose/animation/FlingCalculatorKt,5,6,83.33
43c89ad84442991d,androidx/compose/runtime/ComposableSingletons$CompositionKt,5,22,22.73
2fe9668b092a6434,androidx/compose/runtime/internal/AtomicBoolean,5,28,17.86
20432a9965bc9bf5,androidx/compose/foundation/text/selection/TextSelectionColorsKt,5,7,71.43
c4ab6b7a95bfbed1,androidx/activity/compose/PredictiveBackHandlerKt$PredictiveBackHandler$1,5,8,62.5
4e3e2236cdac056a,androidx/compose/ui/layout/VerticalRuler,5,11,45.45
d5c79556c26ad62e,androidx/compose/ui/platform/AndroidUiDispatcher$Companion,5,7,71.43
61b5075d88a1eaa1,kotlinx/coroutines/flow/FlowKt__ZipKt,5,38,13.16
460f6efbce8a4281,androidx/compose/foundation/ClipScrollableContainerKt,5,7,71.43
495257524535ee38,kotlin/LazyKt__LazyJVMKt$WhenMappings,5,8,62.5
48bfbec8340eb719,com/bnyro/clock/presentation/screens/settings/model/SettingsModel$ColorTheme,5,7,71.43
0c154f3eb12c77c7,androidx/compose/runtime/GroupKind$Companion,5,5,100.0
15a66a228f51650a,androidx/compose/animation/EnterExitTransitionKt$createModifier$2$1,5,7,71.43
af28e55336a14ad8,com/bnyro/clock/domain/model/Permission$BatteryOptimizationPermission,5,10,50.0
d59ed3fea94d7909,androidx/compose/ui/graphics/colorspace/WhitePoint,5,22,22.73
50d404e188ee7aee,androidx/compose/ui/node/TraversableNode$Companion$TraverseDescendantsAction,5,8,62.5
3fb1cf9014b332a4,androidx/compose/foundation/lazy/layout/ObservableScopeInvalidator,5,19,26.32
943de8306669ece8,androidx/navigation/NavTypeKt,5,67,7.46
042bf257e24242ee,androidx/collection/ArraySetKt,5,231,2.16
be2e3492caabb6c9,androidx/compose/foundation/text/EmptyMeasurePolicy,5,5,100.0
f377a6e6dfdaeca3,androidx/collection/FloatFloatPair,5,31,16.13
31c6da28cbbf46af,androidx/compose/ui/node/MutableVectorWithMutationTracking,5,22,22.73
96add7e2fa082c46,kotlin/sequences/ConstrainedOnceSequence,5,6,83.33
828e9c964e6ba77b,androidx/compose/runtime/CompositionKt,5,29,17.24
e4809eb1087b850d,androidx/compose/animation/EnterExitState,5,8,62.5
7491cab5329e0bd7,kotlinx/coroutines/UndispatchedCoroutine,5,45,11.11
265c1292bc9eff3d,androidx/compose/ui/platform/IndirectPointerNavigationGestureDetector,5,17,29.41
23240d6688b77171,androidx/compose/ui/text/font/FontWeightAdjustmentHelper,5,6,83.33
5f765df580d995c2,kotlinx/coroutines/flow/FlowKt__ShareKt$launchSharing$1$2$WhenMappings,5,8,62.5
88c252f77c41d1ee,androidx/lifecycle/SavedStateHandleAttacher,5,9,55.56
03ce4278eef55742,com/bnyro/clock/domain/model/Permission$AllDonePermission,5,10,50.0
3e5e611dff29a821,kotlin/UnsafeLazyImpl,5,14,35.71
a556ae9905e9e678,androidx/collection/IntIntMap,5,463,1.08
d0c4b184f6954f58,androidx/startup/InitializationProvider,5,12,41.67
dd474fa4a33ac903,kotlinx/coroutines/flow/internal/SubscriptionCountStateFlow,5,11,45.45
e81f455f4ddcd874,androidx/compose/foundation/layout/Direction,5,8,62.5
ccd140beebff0e80,androidx/compose/ui/text/style/TextGeometricTransform,5,30,16.67
09a286f0f61ec054,com/bnyro/clock/ui/MainActivity$special$$inlined$viewModels$default$3,5,7,71.43
378593e2e0503d62,androidx/compose/material/ripple/RippleThemeKt,5,8,62.5
87154da547c33410,kotlin/sequences/GeneratorSequence,5,5,100.0
5512af5df4675751,kotlinx/coroutines/channels/BufferOverflow,5,8,62.5
ddd8208912006683,androidx/core/view/WindowInsetsCompat$Impl20,5,137,3.65
ae9617f8bf016fbc,androidx/compose/foundation/text/HeightInLinesModifierKt,5,105,4.76
92556440a0b10f5a,androidx/compose/ui/text/font/FontWeight$Companion,5,39,12.82
150c6c683ac389b5,androidx/compose/ui/graphics/ColorFilter$Companion,5,8,62.5
e777a963fd4e397a,androidx/compose/animation/AnimatedVisibilityKt$AnimatedEnterExitImpl$shouldDisposeAfterExit$2$1$2,5,10,50.0
2684a1c2a4cc39a7,androidx/compose/material/ripple/RippleAnimationKt,5,7,71.43
af356adc8c999347,kotlinx/coroutines/UndispatchedMarker,5,7,71.43
d06ea3b0bff9667b,kotlinx/coroutines/intrinsics/CancellableKt,5,29,17.24
c42ac6578f634779,androidx/compose/material/ripple/RippleIndicationInstance,5,6,83.33
0b5178138ebed796,androidx/compose/foundation/layout/FixedIntInsets,5,16,31.25
be5a5a9884f10a44,androidx/compose/ui/unit/TextUnitType$Companion,5,5,100.0
a025529559219178,androidx/compose/animation/core/FloatTweenSpec,5,35,14.29
021dcc7b177ca3f1,com/bnyro/clock/presentation/screens/settings/model/SettingsModel$Theme,5,7,71.43
2bb0a5b984216174,androidx/compose/foundation/ClickableNode,5,90,5.56
f657bf38aee5cce7,androidx/compose/foundation/gestures/Orientation,5,7,71.43
392a6cacdbef85f6,kotlin/sequences/TransformingSequence$iterator$1,5,7,71.43
0dc0efcdc9d6f066,androidx/compose/foundation/layout/UnionInsets,5,14,35.71
1220e5dfb0c64cdc,androidx/navigation/NavControllerViewModel$Companion,5,5,100.0
14e911478a6183cf,androidx/compose/ui/graphics/GraphicsLayerElement,5,152,3.29
9eecf54e794d0efe,androidx/arch/core/executor/DefaultTaskExecutor,5,27,18.52
8eef626d801a50b6,androidx/compose/foundation/BackgroundKt,5,20,25.0
99187677fa4b1915,androidx/compose/foundation/layout/ValueInsets,5,22,22.73
f3823902b9dfbf6a,androidx/compose/ui/layout/VerticalRuler$Companion,5,5,100.0
7aad22bb3cfa58d9,androidx/compose/ui/semantics/CoreSemanticsModifierNode,5,11,45.45
6d7013242523573a,androidx/compose/runtime/ComputedProvidableCompositionLocal,5,10,50.0
5acef30f019bb408,androidx/compose/ui/layout/ScaleFactor,5,58,8.62
74152cc7d36e87c0,androidx/compose/runtime/CompositionLocal,5,8,62.5
55928a283c6adf5e,androidx/compose/ui/scrollcapture/ScrollCapture,5,33,15.15
c491547b68fc548a,androidx/compose/ui/platform/AndroidClipboardManager,5,30,16.67
75ad9a81d66075eb,com/bnyro/clock/ui/MainActivity$special$$inlined$viewModels$default$6,5,7,71.43
831d63b75d30d12c,androidx/compose/ui/text/style/LineBreak$Strategy$Companion,5,6,83.33
10e7edc1caf6eaf5,androidx/compose/foundation/lazy/layout/IntervalListKt,5,11,45.45
204ce933b389d7c9,androidx/compose/material3/SurfaceKt$LocalAbsoluteTonalElevation$1,5,5,100.0
d4abfc114c3389d1,kotlin/jvm/internal/Reflection,5,46,10.87
9eca269c3d3e0832,kotlinx/coroutines/internal/SystemPropsKt__SystemPropsKt,5,6,83.33
c5bd94e6b020cc0a,androidx/compose/ui/semantics/AppendedSemanticsElement,5,23,21.74
9b767d785339884e,androidx/compose/ui/semantics/SemanticsModifierKt,5,19,26.32
5f8b9e8c8b0cb7b0,com/bnyro/clock/ui/MainActivity$WhenMappings,5,8,62.5
5948c2b73d589b62,androidx/compose/ui/layout/HorizontalRuler,5,11,45.45
9f0c583e1b0591d7,androidx/core/view/WindowCompat$Api30Impl,5,7,71.43
10b0247e67d50ee9,androidx/compose/runtime/retain/impl/SafeMultiValueMap,5,161,3.11
b67b0e464a697c7a,androidx/compose/animation/AnimationModifierKt,5,29,17.24
5cb15be1a8f0c1f8,androidx/compose/runtime/changelist/Operations$WriteScope,5,28,17.86
2cc908a5df424574,androidx/compose/material3/MinimumInteractiveModifierNode$measure$1,5,5,100.0
acedc39a6dd53cff,androidx/core/view/AccessibilityDelegateCompat,5,61,8.2
f083baf81647c25c,com/bnyro/clock/domain/model/AlarmSortOrder,5,9,55.56
d3f90f09ec5ceedc,androidx/room/DatabaseConfiguration,5,104,4.81
6fbf5bd7876f6d75,androidx/emoji2/text/EmojiCompatInitializer$LoadEmojiCompatRunnable,5,7,71.43
cb243a55f1dc9ed4,kotlinx/serialization/json/ClassDiscriminatorMode,5,8,62.5
58822100cfb6489a,kotlinx/coroutines/flow/FlowKt__LimitKt$dropWhile$$inlined$unsafeFlow$1,5,6,83.33
49a5165e032d923e,com/bnyro/clock/domain/model/Permission$AlarmPermission,5,11,45.45
891baffe7a8c3291,androidx/compose/ui/graphics/AndroidBlendMode_androidKt,5,92,5.43
fb54c3d37c734bfa,androidx/compose/ui/graphics/StrokeCap$Companion,5,5,100.0
68d583ea0e41fa59,androidx/compose/ui/input/pointer/PointerInputEventProcessor,5,66,7.58
039accc839e6798d,androidx/compose/ui/graphics/colorspace/ColorModel$Companion,5,6,83.33
674ca28331f45b58,androidx/compose/ui/graphics/layer/CompositingStrategy$Companion,5,5,100.0
5a08ba1358ff9767,androidx/compose/ui/geometry/Offset$Companion,5,8,62.5
dcadadac252d8bfd,androidx/compose/ui/graphics/StrokeJoin$Companion,5,5,100.0
307e390991de6771,androidx/compose/runtime/LazyValueHolder,5,6,83.33
e5856f8dd39df9ab,androidx/compose/runtime/tooling/ComposeStackTraceMode$Companion,4,8,50.0
64a7f828d1c68d1b,androidx/compose/ui/geometry/Size$Companion,4,6,66.67
4995f87b8ca3bd2b,androidx/lifecycle/ReportFragment$LifecycleCallbacks$Companion,4,4,100.0
d68538c296960850,kotlinx/serialization/internal/CollectionLikeSerializer,4,22,18.18
a51bce68b10e4aed,androidx/compose/animation/FlingCalculator,4,17,23.53
0669c20cad2ce9eb,androidx/compose/ui/text/font/FontStyle$Companion,4,7,57.14
69160b0fb2f45052,com/bnyro/clock/domain/repository/AlarmRepository,4,12,33.33
37920e7e56dadffb,androidx/compose/animation/AnimatedVisibilityScopeImpl,4,6,66.67
f5d94284f1892604,androidx/compose/ui/text/font/AndroidFontResolveInterceptor,4,19,21.05
3a11fb3654d05522,androidx/compose/ui/layout/PlaceableKt$DefaultLayerBlock$1,4,4,100.0
cc1f279caf517405,androidx/compose/ui/unit/DpKt,4,118,3.39
9a34f4aa72a97cd4,com/bnyro/clock/domain/model/TimeZoneSortOrder,4,8,50.0
43ab64e10910beb2,androidx/compose/ui/layout/AlignmentLineKt,4,5,80.0
3a90d6be528dfe56,androidx/navigation/compose/DialogNavigator,4,24,16.67
bef802ca3ef6a3c2,androidx/compose/ui/node/ComposeUiNode$Companion$SetModifier$1,4,4,100.0
ef5202fac46c18ca,kotlin/collections/EmptyIterator,4,15,26.67
35670c52260fce1b,androidx/compose/ui/BiasAlignment$Vertical,4,22,18.18
dc758fcc477445f1,androidx/compose/ui/focus/Focusability$Companion,4,5,80.0
6b3c76bc97922b5b,androidx/compose/ui/platform/AndroidCompositionLocals_androidKt$ProvideAndroidCompositionLocals$1$1,4,4,100.0
fb5ad239819c59aa,androidx/compose/ui/node/LayoutModifierNodeKt,4,15,26.67
2164f3213219e106,androidx/compose/ui/text/style/LineBreak$Companion,4,10,40.0
628064dc64bb13b9,androidx/activity/compose/LocalOnBackPressedDispatcherOwner$LocalOnBackPressedDispatcherOwner$1,4,4,100.0
70e2ece5289815fd,androidx/compose/ui/layout/PinnableContainerKt$LocalPinnableContainer$1,4,4,100.0
a5fb06785e431cae,androidx/compose/material3/FabPosition$Companion,4,6,66.67
0f61a6335fcfd7e7,androidx/room/TransactionExecutor,4,22,18.18
5a0f522c72d94b77,androidx/compose/animation/EnterExitTransitionElement,4,68,5.88
0d5a599e70df7584,androidx/compose/runtime/SkippableUpdater,4,18,22.22
774bc1d391c8e6cf,androidx/navigation/NavArgument$Builder,4,9,44.44
c75a669c4628762e,androidx/compose/foundation/layout/UnspecifiedConstraintsElement,4,26,15.38
4fa36d4f214db26a,androidx/navigation/NavBackStackEntryState,4,22,18.18
4cfb41abae31b2b7,kotlinx/coroutines/Job$DefaultImpls,4,21,19.05
88be828c890762e3,androidx/compose/ui/text/android/BoringLayoutFactoryDefault,4,12,33.33
6d5c3635711f7b92,androidx/compose/foundation/ImageKt$Image$1$1,4,4,100.0
f3f1d597dbd80c59,androidx/lifecycle/viewmodel/ViewModelInitializer,4,6,66.67
41aecf86aa9f36b4,androidx/compose/material3/ButtonKt$Button$2,4,4,100.0
5f320488d058e9e7,androidx/compose/ui/text/style/LineHeightStyle$Trim$Companion,4,6,66.67
0efbee07c45766ea,androidx/collection/FloatSet,4,420,0.95
74d54c4f932759ec,androidx/compose/ui/layout/ValueInsets_androidKt,4,8,50.0
5edb51d1e5563833,androidx/savedstate/SavedStateReader,4,274,1.46
a1c71756629b7678,com/bnyro/clock/ui/MainActivity$timerServiceConnection$1$onServiceConnected$1,4,4,100.0
d38f961b87a5404a,androidx/compose/ui/focus/FocusInvalidationManager,4,99,4.04
d402c9fc6e00e16d,androidx/compose/runtime/external/kotlinx/collections/immutable/implementations/immutableMap/TrieNode$ModificationResult,4,7,57.14
cb7195a87c19705f,androidx/activity/ComponentActivity$6,4,8,50.0
aaaaf9be08b8d90b,com/bnyro/clock/util/ThemeUtil,4,6,66.67
9dc7aaacccf99923,androidx/compose/ui/unit/DensityWithConverter,4,26,15.38
9a3da6de7a49a46f,kotlinx/coroutines/ExecutorCoroutineDispatcherImpl,4,55,7.27
c7d1bf90b4c00e4e,androidx/compose/ui/graphics/vector/PathNode$LineTo,4,19,21.05
ecb7b84e90fa46cc,androidx/lifecycle/viewmodel/InitializerViewModelFactory,4,4,100.0
5ad6028166c1ec4e,androidx/compose/ui/layout/ComposableSingletons$SubcomposeLayoutKt,4,4,100.0
066c4dc2bb299270,kotlinx/serialization/json/JsonImpl,4,6,66.67
4d816ddc4ae4d840,androidx/compose/ui/text/TextStyleKt$WhenMappings,4,6,66.67
44476a7261ddbcf1,androidx/compose/runtime/DynamicValueHolder,4,17,23.53
9f1ca8b1a0fe244d,androidx/compose/ui/geometry/OffsetKt,4,31,12.9
ac54fef4d94668c5,androidx/core/os/TraceCompat,4,41,9.76
00551fdacb88a733,androidx/compose/animation/AnimatedContentKt$AnimatedContent$6$1$5$1$1,4,4,100.0
cb3607a00e17f1ce,androidx/customview/poolingcontainer/PoolingContainerListenerHolder,4,10,40.0
eaf2c47f62d75f2b,androidx/navigation/NamedNavArgument,4,6,66.67
692edf2c17196268,androidx/compose/ui/text/font/FontFamilyResolver_androidKt,4,28,14.29
f0af525344cf0582,androidx/room/concurrent/CloseBarrier,4,30,13.33
06145f4d8ac44024,androidx/collection/OrderedScatterSet,4,258,1.55
69921e44015f5545,androidx/lifecycle/ProcessLifecycleOwner$Api29Impl,4,4,100.0
89a491ed27440cc3,androidx/compose/runtime/ReferentialEqualityPolicy,4,6,66.67
d0a68bfa690b0182,androidx/compose/ui/geometry/CornerRadius,4,89,4.49
d72126c4244bb649,androidx/compose/ui/node/DepthSortedSetKt$DepthComparator$1,4,4,100.0
c129ad59c60ff995,androidx/compose/foundation/lazy/layout/LazyLayoutBeyondBoundsModifierElement,4,22,18.18
c7b161be702545c4,androidx/compose/ui/unit/DpOffset,4,57,7.02
72e5d150a4c91375,androidx/activity/compose/PredictiveBackHandlerKt$PredictiveBackHandler$2,4,4,100.0
781fe779cce347a5,androidx/compose/ui/contentcapture/AndroidContentCaptureManager$TranslateStatus,4,7,57.14
c94a86bd0cac5768,androidx/compose/ui/platform/ComposableSingletons$Wrapper_androidKt,4,4,100.0
dfb645b9b4ca5a91,androidx/compose/ui/input/InputMode$Companion,4,4,100.0
80562d0a5f25661f,com/bnyro/clock/JacocoInstrument/SMSInstrumentedReceiver,4,7,57.14
8711eb4576a78e87,androidx/compose/ui/text/style/TextMotion$Linearity$Companion,4,5,80.0
4eee8123e9df826e,kotlin/text/CharsKt__CharJVMKt,4,53,7.55
e0336cba91fbd90f,kotlinx/serialization/json/internal/WriteModeKt,4,32,12.5
5f8efc92f6de9168,androidx/compose/runtime/external/kotlinx/collections/immutable/internal/ListImplementation,4,31,12.9
af62e6978e35d30f,androidx/concurrent/futures/AbstractResolvableFuture$SafeAtomicHelper,4,6,66.67
2f7daa844315220a,androidx/compose/ui/graphics/ImageBitmapConfig$Companion,4,7,57.14
b839c1c93bf58755,androidx/core/view/WindowInsetsCompat$Builder,4,30,13.33
ddf5aca5ed55c956,androidx/compose/ui/unit/FontScaling,4,20,20.0
c53587a7c094675a,androidx/compose/ui/text/intl/LocaleList$Companion,4,4,100.0
885522e7952cdafe,androidx/compose/ui/layout/ValueInsets,4,24,16.67
8f3fd557650a8a04,androidx/compose/ui/node/LayoutNode$Companion$Constructor$1,4,4,100.0
8715e4bdc2d0741e,androidx/navigation/compose/ComposeNavGraphNavigator,4,4,100.0
b7a5b4a0f2de54b2,androidx/compose/ui/graphics/CanvasHolder,4,10,40.0
57d385dce7cb10a9,androidx/compose/ui/focus/FocusInteropUtils_androidKt,4,78,5.13
7a3c2a085becdeb6,kotlinx/coroutines/internal/MainDispatchersKt,4,19,21.05
4fb029f4f19d22a0,androidx/collection/IntListKt,4,27,14.81
6fb0252dccc3c3d5,androidx/compose/ui/Modifier,4,6,66.67
ecca843982a6efc3,androidx/compose/runtime/ParcelableSnapshotMutableState,4,13,30.77
78a961fc2bc6e754,androidx/lifecycle/viewmodel/CreationExtras,4,11,36.36
6f1302e507fb9fc0,androidx/lifecycle/viewmodel/ViewModelProviderImpl_androidKt,4,10,40.0
9885adadbe74beb8,androidx/compose/ui/layout/HorizontalRuler$Companion,4,5,80.0
a4e5fb39767a3c41,androidx/compose/runtime/CompositionLocalMap$Companion,4,4,100.0
d242e84a5e3d31d9,androidx/compose/runtime/Composer$Companion,4,9,44.44
c030585e87750ae2,kotlin/coroutines/AbstractCoroutineContextKey,4,11,36.36
99cfc078138a7fc6,androidx/compose/runtime/StaticValueHolder,4,21,19.05
194ff43f1808d37e,androidx/compose/ui/graphics/vector/VectorGroup,4,78,5.13
71b5d1a50221f406,androidx/compose/ui/platform/AndroidComposeViewVerificationHelperMethodsO,4,4,100.0
ba06a4021f9757d5,androidx/compose/ui/text/font/FontFamilyResolverKt,4,4,100.0
d759b920a768cf4d,androidx/compose/material3/TextKt$LocalTextStyle$1,4,4,100.0
c8921a5f6ab80e12,com/bnyro/clock/navigation/NavRoutes,4,4,100.0
350da6c4cdcaa86a,androidx/navigation/NavType$Companion,4,66,6.06
ac78921d1108c91c,androidx/core/app/NotificationChannelCompat$Builder,4,20,20.0
ea5e7f10b9f90ac8,androidx/compose/foundation/layout/FillElement,4,18,22.22
b2204e5f071d4dfa,androidx/compose/foundation/lazy/layout/LazyLayoutSemanticsModifier,4,26,15.38
aa094db614da65ce,androidx/navigation/NavDeepLink$Builder,4,28,14.29
806e45a490d923ae,androidx/collection/ObjectListKt,4,46,8.7
aa9b5a6d75651356,androidx/compose/ui/unit/IntOffset$Companion,4,4,100.0
35ba37301750d31f,androidx/compose/animation/core/TransitionState,4,8,50.0
b11c34e6a125e22f,androidx/compose/ui/platform/InspectionModeKt$LocalInspectionMode$1,4,4,100.0
aeb6c391a344a896,androidx/compose/ui/graphics/Brush,4,5,80.0
c989b5458a0e203e,androidx/compose/ui/text/style/LineHeightStyle$Alignment$Companion,4,6,66.67
a57fb9b5b79a3c4b,androidx/collection/SparseArrayKt,4,31,12.9
05e758cb76239c4a,kotlinx/coroutines/flow/FlowKt__MergeKt,4,33,12.12
7b93a31d15621aa9,androidx/compose/material3/MinimumInteractiveModifier,4,12,33.33
c626402574a5e5fb,androidx/compose/ui/node/ComposeUiNode$Companion$SetCompositeKeyHash$1,4,4,100.0
13c5440669c72970,androidx/compose/runtime/external/kotlinx/collections/immutable/implementations/immutableList/AbstractListIterator,4,24,16.67
b74ee58e91c46494,androidx/compose/ui/graphics/TransformOriginKt,4,4,100.0
ab1978968c16e808,androidx/compose/runtime/OpaqueKey,4,14,28.57
26118acf14e60fac,androidx/compose/ui/platform/AndroidComposeView$resendMotionEventOnLayout$1,4,8,50.0
b14a2391648931cc,androidx/emoji2/text/EmojiCompat$Config,4,29,13.79
672e68cc10094844,androidx/compose/animation/AnimatedContentKt$AnimatedContent$6$1$1$1,4,4,100.0
9cfb3096d2c2691f,kotlin/collections/CollectionsKt___CollectionsKt$asSequence$$inlined$Sequence$1,4,4,100.0
4afdb52207832fef,androidx/compose/runtime/snapshots/SnapshotStateObserver$ObservedScopeMap$derivedStateObserver$1,4,4,100.0
8bad2c8dd70897e1,kotlinx/coroutines/CompletionStateKt,4,20,20.0
cdd71a28db2b1b2e,androidx/collection/LongObjectMap,4,499,0.8
5da9f0f05e884bd3,androidx/compose/foundation/lazy/layout/LazyLayoutPrefetchStateKt,4,7,57.14
34773ae74cedba72,androidx/compose/ui/focus/FocusOwnerImpl$modifier$1,4,11,36.36
8f7e23813199b526,androidx/compose/ui/node/HitTestResult,4,214,1.87
f98dff01451a7bdf,androidx/compose/ui/node/MeasurePassDelegate$remeasure$1$2,4,4,100.0
c53baa1113eab48a,kotlinx/coroutines/CoroutineDispatcher$Key,4,7,57.14
b139fe53a423632c,androidx/compose/foundation/gestures/ContentInViewNode$WhenMappings,4,6,66.67
3351b42b71207e3c,androidx/compose/ui/text/input/InputMethodManagerImpl,4,14,28.57
8de8bcfdaa9473f7,kotlinx/coroutines/ExecutorCoroutineDispatcher$Key,4,7,57.14
cc1876f888d80ab2,androidx/compose/ui/node/MeasurePassDelegate$layoutChildrenBlock$1$1,4,4,100.0
02d30a5d156a3573,androidx/compose/ui/graphics/vector/PathNode$RelativeLineTo,4,19,21.05
bf4e7517d45dd6dc,androidx/collection/LongSparseArray,4,241,1.66
3172538893fa09e3,kotlinx/serialization/internal/ListLikeDescriptor,4,38,10.53
838420ed6075cbf3,androidx/compose/foundation/pager/PagerLayoutIntervalContent,4,7,57.14
73f87e9134ebf176,androidx/compose/ui/node/DrawModifierNodeKt,4,37,10.81
c265f1c859f742af,androidx/compose/ui/text/font/FontFamily$Companion,4,7,57.14
6e67e0dc4900bf42,androidx/compose/ui/text/font/AndroidFontLoader,4,45,8.89
433bead7892b29c0,androidx/compose/foundation/CheckScrollableContainerConstraintsKt,4,14,28.57
181e124be8c5cb80,androidx/compose/ui/text/style/TextDecoration$Companion,4,28,14.29
ccf07ff137597d0b,kotlin/collections/AbstractSet$Companion,4,12,33.33
961564a301d08a3c,androidx/core/viewtree/ViewTree,4,7,57.14
4e0eb7ee05e68559,androidx/compose/ui/text/font/PlatformResolveInterceptor,4,5,80.0
804ec0cefdca9430,kotlin/collections/AbstractCollection,4,36,11.11
2e60257ea7be55db,androidx/compose/animation/EnterExitTransitionKt$createModifier$1$1,4,4,100.0
ce778ae617389a24,kotlin/jvm/internal/CollectionToArray,4,61,6.56
690a4004df350fe8,kotlin/text/Regex$Companion,4,13,30.77
f2c6b9b2cdfe3f59,androidx/compose/foundation/pager/LazyLayoutSemanticStateKt$LazyLayoutSemanticState$1,4,15,26.67
d8bf3687ec98eb48,androidx/compose/ui/graphics/vector/PathNode$MoveTo,4,19,21.05
e0311b53876eb600,androidx/compose/foundation/layout/LayoutWeightElement,4,26,15.38
ba00d2d64784c51b,androidx/collection/SparseArrayKt$keyIterator$1,4,8,50.0
d9cc8325378ef707,androidx/compose/ui/draw/PainterElement,4,68,5.88
72be026836c61c7c,kotlin/collections/AbstractSet,4,7,57.14
836c89f9258f456b,androidx/compose/foundation/MutatorMutex,4,36,11.11
636ded5d5ceb685a,com/bnyro/clock/domain/model/TimeZone,4,29,13.79
79f67e2b45c05881,kotlin/jvm/internal/FunctionReference,4,38,10.53
a0f5555e1a3bd537,androidx/compose/ui/platform/TextToolbarStatus,4,7,57.14
b73dffeb5974db08,androidx/compose/runtime/ParcelableSnapshotMutableFloatState,4,6,66.67
e44ebff7dd03ec11,androidx/compose/ui/node/TailModifierNode,4,8,50.0
e191683f65bff6a9,androidx/lifecycle/EmptyActivityLifecycleCallbacks,4,8,50.0
e9c91bfe1b00638a,kotlinx/coroutines/flow/internal/FusibleFlow$DefaultImpls,4,8,50.0
2e333268cc473ad5,androidx/compose/ui/graphics/PathFillType$Companion,4,4,100.0
d11eb9dde48be681,androidx/compose/ui/platform/DisposableSaveableStateRegistry_androidKt$DisposableSaveableStateRegistry$saveableStateRegistry$1,4,4,100.0
70493307dea9d701,androidx/compose/foundation/interaction/MutableInteractionSourceImpl,4,7,57.14
a5b98c30b1dbb35f,androidx/compose/ui/platform/AndroidCompositionLocals_androidKt$obtainResourceIdCache$1$1,4,4,100.0
fd08c1d345d6423a,androidx/compose/runtime/internal/IntRef,4,10,40.0
534124968161dd89,androidx/compose/ui/platform/WrapperRenderNodeLayerHelperMethods,4,5,80.0
4fde29d0bc531126,androidx/navigation/internal/NavContext,4,13,30.77
2185032ebf3d363f,androidx/compose/ui/text/EmojiSupportMatch$Companion,4,5,80.0
d4c55590e7128d8d,androidx/lifecycle/viewmodel/internal/CloseableCoroutineScopeKt,4,8,50.0
dea9c0fa902e25ac,kotlin/text/StringsKt__AppendableKt,4,21,19.05
3b5ad9b0d944605f,androidx/compose/material3/SurfaceKt$Surface$1$2,4,4,100.0
51a74efa1e61cac8,androidx/compose/runtime/CompositionScopedCoroutineScopeCanceller,4,12,33.33
1eed7dd560e1dfcc,kotlinx/coroutines/flow/internal/SafeCollectorKt$emitFun$1,4,4,100.0
ea6fa5ed4a27d98c,androidx/compose/ui/platform/AndroidComposeView_androidKt$platformTextInputServiceInterceptor$1,4,4,100.0
cf259457687e2f26,androidx/compose/foundation/pager/PagerIntervalContent,4,4,100.0
273e5312c6f71e93,androidx/compose/material3/ColorSchemeKt$LocalTonalElevationEnabled$1,4,4,100.0
0de7a44679f80c3c,androidx/compose/ui/platform/CompositionLocalsKt$LocalProvidableScrollCaptureInProgress$1,4,4,100.0
7561d54050974c32,androidx/compose/ui/graphics/AndroidColorFilter_androidKt,4,33,12.12
652305c4c7f2bb9d,androidx/compose/ui/node/ComposeUiNode$Companion$SetMeasurePolicy$1,4,4,100.0
edadb123154aa562,androidx/compose/foundation/pager/PagerCacheWindowLogic,4,19,21.05
2019c44b99938175,kotlinx/coroutines/ExecutorsKt,4,16,25.0
1c8321fe6f15dea0,androidx/sqlite/db/SupportSQLiteOpenHelper$Configuration$Companion,4,4,100.0
9db98a98d6c09d28,kotlinx/coroutines/Dispatchers,4,12,33.33
4d85da835ee9c53f,kotlin/ranges/IntRange,4,35,11.43
33665b8fc08bc4bc,androidx/compose/ui/platform/AndroidCompositionLocals_androidKt$obtainImageVectorCache$1$1,4,4,100.0
6147aaa295fed2fa,androidx/compose/ui/draganddrop/AndroidDragAndDropManager$modifier$1,4,11,36.36
a6bc8834c9287b41,androidx/compose/material3/ShapesKt$LocalShapes$1,4,4,100.0
e5a41d2e9238064c,androidx/compose/runtime/ParcelableSnapshotMutableLongState,4,6,66.67
d3aac9d2479dc0f1,androidx/compose/foundation/ScrollableAreaElement,4,49,8.16
318f28d33f024b45,androidx/compose/ui/text/platform/EmojiCompatStatus,4,7,57.14
870f59690ee0cddf,kotlin/collections/CollectionsKt__MutableCollectionsKt,4,134,2.99
4ec67db575befb93,com/bnyro/clock/navigation/HomeRoutes,4,6,66.67
0528f108b89581df,androidx/compose/foundation/DarkThemeKt,4,6,66.67
7075c31a29002700,androidx/collection/MutableSetWrapper,4,13,30.77
2c5e5194ca1fca51,androidx/navigation/NavUriUtils,4,11,36.36
e2545006b9fc3631,androidx/compose/animation/core/MutatorMutex,4,26,15.38
598d297258c9d58b,androidx/compose/material3/InteractiveComponentSizeKt$LocalMinimumInteractiveComponentEnforcement$1,4,4,100.0
23058e4673ec4369,kotlin/SafePublicationLazyImpl,4,20,20.0
ff25d41ca6493097,androidx/lifecycle/LifecycleRegistryKt,4,9,44.44
82cf6034c68bb989,androidx/compose/runtime/ComposerImpl$derivedStateObserver$1,4,4,100.0
7260539afe1f81ed,androidx/emoji2/text/EmojiCompat$CompatInternal19,4,28,14.29
5b7f950660662001,androidx/compose/ui/focus/FocusTargetModifierNodeKt,4,19,21.05
46e33078a47b4cc1,androidx/navigation/internal/AtomicInt,4,5,80.0
ae0df75639c78eb1,com/bnyro/clock/domain/model/Permission$NotificationPermission,4,11,36.36
b70551e5c9886152,androidx/compose/foundation/lazy/layout/LazyLayoutPinnedItemList,4,50,8.0
eb3a0e8483acd82f,androidx/compose/ui/node/NodeCoordinator$invalidateParentLayer$1,4,5,80.0
e44e29324d655e60,androidx/compose/ui/platform/AndroidComposeView$ViewTreeOwners,4,5,80.0
1cc7948291913756,androidx/compose/ui/graphics/vector/PathNode$RelativeMoveTo,4,19,21.05
69d1d61e6c88cdc1,androidx/collection/LongSet,4,416,0.96
1aa18c9b19f1b141,androidx/emoji2/text/DefaultGlyphChecker,4,16,25.0
4229060022b20802,androidx/compose/ui/unit/AndroidDensity_androidKt,4,5,80.0
74f2b57e0ea2e1b7,androidx/compose/ui/text/style/LineBreak$WordBreak$Companion,4,5,80.0
120af0d9f1997de6,androidx/compose/ui/platform/AndroidComposeView$root$1$1,4,11,36.36
5cac3dcbf77c58e4,androidx/compose/foundation/lazy/layout/AwaitFirstLayoutModifier$Node,4,20,20.0
dd8081692e7b7dbc,androidx/compose/runtime/ParcelableSnapshotMutableIntState,4,6,66.67
d2841c62d86369b6,androidx/compose/runtime/internal/Trace,4,4,100.0
27b246c134481a08,androidx/compose/ui/text/android/BoringLayoutFactory,4,35,11.43
459a8d24896a9eec,androidx/compose/runtime/internal/Thread_androidKt,4,5,80.0
1c603953c0d4fadf,androidx/compose/ui/unit/fontscaling/FontScaleConverterTable,4,33,12.12
854ce41e086a4600,androidx/compose/ui/graphics/PaintingStyle$Companion,4,4,100.0
cb751312509a07bf,androidx/core/view/WindowCompat,4,13,30.77
dd4f9e43942e5856,androidx/compose/ui/graphics/AndroidImageBitmap,4,23,17.39
b3bded0f2153f094,androidx/compose/ui/input/pointer/NodeParent,4,64,6.25
1f517aa8f7ff4d7a,androidx/compose/ui/node/ComposeUiNode$Companion$SetResolvedCompositionLocals$1,4,4,100.0
491b8f52ecc47542,androidx/core/view/WindowInsetsCompat$BuilderImpl,4,40,10.0
7d494710c84ccdc6,kotlinx/coroutines/channels/Channel$Factory,4,4,100.0
c115a702b70a4eea,androidx/compose/material/ripple/RippleAlpha,4,29,13.79
73c2134c02d72251,androidx/compose/ui/text/platform/extensions/PlaceholderExtensions_androidKt,3,36,8.33
60e0624492367099,androidx/compose/animation/ExitTransition$Companion,3,4,75.0
3098cd6f12b31f58,kotlin/collections/CollectionsKt__IterablesKt,3,26,11.54
9c47b943d7ef72f4,androidx/compose/runtime/ComputedValueHolder,3,17,17.65
ead14c389f31f9f7,androidx/compose/runtime/DerivedSnapshotState$ResultRecord$Companion,3,3,100.0
d4034d4ad835c137,androidx/concurrent/futures/ResolvableFuture,3,5,60.0
c0fd2e9eb1cdbfc6,androidx/compose/ui/node/LayoutNodeLayoutDelegateKt,3,20,15.0
4467212a60d275f2,androidx/compose/ui/graphics/WrapperVerificationHelperMethods,3,3,100.0
b4bd357786343788,androidx/room/driver/SupportSQLiteConnectionPool,3,9,33.33
faa8fe01d4d950dc,androidx/compose/runtime/internal/AtomicInt,3,16,18.75
63a62791429ac61b,androidx/compose/ui/autofill/AutofillTree,3,10,30.0
09394c2762cec76e,androidx/compose/ui/graphics/drawscope/CanvasDrawScopeKt,3,3,100.0
d8a938adb86b98b8,kotlin/coroutines/jvm/internal/DebugProbesKt,3,3,100.0
f943f3039aabd00a,androidx/compose/ui/text/input/TextInputService,3,21,14.29
2131afa6d0649e15,androidx/compose/ui/layout/SubcomposeLayoutState$setCompositionContext$1,3,3,100.0
d404e4cacbf58bc5,kotlinx/coroutines/flow/ReadonlyStateFlow,3,5,60.0
4d991a58757fb3a1,androidx/navigation/NavArgumentBuilder,3,16,18.75
0a76aa1c7214f350,androidx/compose/runtime/saveable/SaverKt$Saver$1,3,4,75.0
14c32501a8f41800,kotlin/math/MathKt__MathJVMKt,3,164,1.83
514de0331026e061,androidx/compose/ui/text/android/VerticalPaddings,3,17,17.65
f7b375bc175cd415,androidx/activity/ComponentActivity$3,3,9,33.33
4d8184ff7b8943b0,com/bnyro/clock/presentation/screens/permission/PermissionModel$Companion,3,3,100.0
cbb4a3615f69c6fb,androidx/compose/ui/layout/SubcomposeLayoutState$setMeasurePolicy$1,3,3,100.0
800e458b93b62764,androidx/compose/foundation/text/modifiers/InlineDensity$Companion,3,3,100.0
f4e61682959ac6a7,androidx/lifecycle/ViewModelProvider$Factory,3,8,37.5
132a93ae3e19cff9,androidx/compose/ui/text/input/ImeOptions$Companion,3,3,100.0
b7ba9e115e843649,androidx/compose/ui/platform/ViewCompositionStrategy$DisposeOnDetachedFromWindowOrReleasedFromPool$installFor$listener$1,3,7,42.86
ff2f3bad19123ce1,androidx/lifecycle/SavedStateHandleSupport$savedStateHandlesVM$1,3,3,100.0
e8075ccf96d2f360,androidx/compose/runtime/Applier,3,16,18.75
787fff971d61cb08,kotlinx/coroutines/flow/SharedFlowSlot,3,12,25.0
b52e0ffe3e343563,androidx/activity/ComponentActivity$2,3,10,30.0
1a7ef44460f7ff43,androidx/compose/foundation/gestures/snapping/SnapFlingBehavior,3,90,3.33
764499bff0a01efe,androidx/compose/foundation/gestures/snapping/SnapPosition$Start,3,4,75.0
4292341c20631732,androidx/compose/ui/draw/AlphaKt,3,5,60.0
3a9fff5d1b856fa7,androidx/compose/ui/Modifier$Companion,3,8,37.5
319eb7ed89d9be4a,androidx/compose/ui/FrameRateCategory$Companion,3,5,60.0
815f6e0c2e2f909d,androidx/compose/ui/text/TextRange$Companion,3,3,100.0
31b5fa094a4e0003,androidx/compose/animation/AnimatedContentKt$AnimatedContent$6$1$3$1,3,3,100.0
af92eaae06cee20b,androidx/compose/ui/graphics/BlockGraphicsLayerModifier$measure$1,3,3,100.0
f4bec2deceb77ad8,androidx/compose/ui/platform/InspectableValueKt,3,12,25.0
35517b96ea71b69c,androidx/compose/ui/layout/AlignmentLine,3,4,75.0
863478a8e7851b22,androidx/compose/foundation/lazy/layout/TraversablePrefetchStateNode,3,5,60.0
e50be3445ea0da84,com/bnyro/clock/domain/model/CountryTimezone$Companion,3,3,100.0
77f2d303ea884c05,androidx/room/driver/SupportSQLiteDriver,3,6,50.0
40d829107d3a6650,androidx/compose/runtime/snapshots/SnapshotWeakSet,3,82,3.66
536915c232bdd6b0,androidx/compose/ui/text/font/GenericFontFamily,3,4,75.0
015d0eeb66cbdbd1,com/bnyro/clock/domain/usecase/CreateUpdateDeleteAlarmUseCase,3,41,7.32
be36d96fb146a4af,androidx/compose/ui/graphics/vector/PathNode$RelativeReflectiveCurveTo,3,30,10.0
35c427041888e8fb,androidx/activity/ComponentActivity$4,3,3,100.0
d8bbd4aa712ddf82,androidx/compose/foundation/pager/DefaultPagerState$Companion,3,3,100.0
966fc3430e5689b9,androidx/compose/runtime/MonotonicFrameClockKt,3,13,23.08
0df29f56f1692101,androidx/compose/ui/text/TextStyle$Companion,3,4,75.0
5184a4960d786abe,kotlin/collections/AbstractList,3,30,10.0
6906f232cc0d65e6,androidx/compose/ui/input/pointer/PointerEventType$Companion,3,9,33.33
3de87c8e945777d8,androidx/room/InvalidationLiveDataContainer,3,12,25.0
63d830c267f29618,androidx/compose/ui/text/style/LineHeightStyle$Companion,3,3,100.0
fa44ad4087c643d5,androidx/core/view/WindowInsetsAnimationCompat,3,25,12.0
369b4588dba5eb85,androidx/core/view/MenuHostHelper,3,53,5.66
3311d2893458a6f5,androidx/compose/ui/platform/AndroidComposeView$contentCaptureManager$1,3,3,100.0
165b56fc9aa4f949,androidx/compose/foundation/lazy/layout/PrefetchMetrics,3,13,23.08
b28c189e6a9953ec,androidx/compose/ui/text/intl/AndroidPlatformLocale_androidKt,3,4,75.0
65bf2a6cef5e13e1,kotlin/sequences/SequencesKt__SequencesKt$asSequence$$inlined$Sequence$1,3,3,100.0
bca4ab4a8d8f3914,androidx/compose/animation/AnimatedContentTransitionScopeImpl$SizeModifierElement,3,26,11.54
284004fe8591baa9,androidx/sqlite/db/framework/FrameworkSQLiteOpenHelperFactory,3,3,100.0
e7718f2b78a20365,kotlinx/coroutines/NodeList,3,21,14.29
febccf3516e744c7,androidx/compose/ui/layout/LookaheadCapablePlacementScope,3,15,20.0
41c68fc8e1445ce1,androidx/compose/runtime/external/kotlinx/collections/immutable/implementations/persistentOrderedSet/PersistentOrderedSet$Companion,3,3,100.0
7e0f7c746f8cde4a,kotlinx/coroutines/BuildersKt,3,8,37.5
036b6855dfe47719,androidx/collection/ObjectIntMapKt,3,48,6.25
f78d2f2f6a58b134,androidx/compose/ui/node/DelegatableNode_androidKt,3,5,60.0
df971357683c3728,androidx/compose/ui/draw/PainterNode$measure$1,3,3,100.0
d6f1fa94eff5404a,androidx/compose/ui/semantics/SemanticsNodeKt,3,72,4.17
a1c4e7227c4d9975,androidx/compose/ui/text/input/ImeAction$Companion,3,20,15.0
ce698b659da93ca1,androidx/core/view/accessibility/AccessibilityNodeProviderCompat,3,11,27.27
c17fe2bbaeb7d95d,androidx/compose/ui/text/platform/AndroidParagraph_androidKt,3,13,23.08
c4c280c160674024,androidx/core/util/Preconditions,3,73,4.11
89eca0d64aabb7d5,androidx/compose/ui/text/style/BaselineShift$Companion,3,10,30.0
e40a1cd6dce1206f,kotlinx/coroutines/Empty,3,6,50.0
3ee58449ebb4c543,androidx/compose/material/icons/Icons,3,3,100.0
e8b46e05b1c60310,androidx/compose/ui/input/nestedscroll/NestedScrollElement,3,18,16.67
414ac2d4c2b7255f,androidx/core/content/ContextCompat$Api26Impl,3,9,33.33
d91a9a558c68bb8a,androidx/compose/ui/input/indirect/IndirectPointerEventPrimaryDirectionalMotionAxis$Companion,3,5,60.0
b052ccf877ff5ffb,kotlinx/serialization/json/internal/StringJsonLexerKt,3,4,75.0
1de4428b5697cd4e,androidx/compose/ui/layout/Ruler,3,4,75.0
caeb8736fb269243,androidx/compose/ui/contentcapture/ContentCaptureManager$Companion,3,5,60.0
833c37529b46ebee,androidx/compose/ui/text/platform/DefaultImpl$getFontLoadState$initCallback$1,3,5,60.0
acd435e3bb6f8693,androidx/compose/ui/ComposedModifier,3,3,100.0
45d29e5ae721987d,androidx/compose/ui/unit/Dp$Companion,3,8,37.5
47ad668a855600a6,androidx/compose/runtime/StructuralEqualityPolicy,3,4,75.0
6da305b837a76b65,kotlinx/coroutines/GlobalScope,3,3,100.0
b632fec9b89a24ba,androidx/compose/runtime/NestedContentMap,3,24,12.5
9cfedd297f5a4a77,androidx/compose/ui/platform/AndroidComposeView$RootModifierNode$measure$1,3,3,100.0
c8a8996606abe264,androidx/savedstate/SavedStateWriterKt__SavedStateWriter_androidKt,3,4,75.0
a24201c17aaf0c09,kotlin/io/CloseableKt,3,15,20.0
2d5c2b0547536439,androidx/emoji2/text/EmojiCompatInitializer$1,3,3,100.0
e00eb2098e15d952,androidx/compose/runtime/ReusableRememberObserverHolder,3,3,100.0
f0ea22f5b3a7c4ea,androidx/activity/OnBackPressedDispatcher$addCancellableCallback$1,3,3,100.0
8184d050dfcd5b78,com/bnyro/clock/data/database/dao/TimeZonesDao_Impl$Companion,3,3,100.0
a653325bbe0d0f64,androidx/compose/animation/core/AnimationVector,3,3,100.0
c3f3c92f0282fd33,androidx/compose/ui/platform/AndroidComposeViewTranslationCallbackS,3,4,75.0
67f1612948c4cb6a,kotlinx/coroutines/scheduling/DefaultScheduler,3,11,27.27
933b737bb9e72cd9,androidx/compose/ui/graphics/vector/PathNode$ReflectiveCurveTo,3,30,10.0
c47a87c987ce21ff,androidx/collection/IntSetKt,3,29,10.34
45a6d4ad89e46d40,androidx/compose/ui/platform/coreshims/AutofillIdCompat,3,3,100.0
3fc8cb65aa674b1a,kotlin/coroutines/jvm/internal/SuspendLambda,3,8,37.5
ae8e7e0c37c252a4,androidx/compose/foundation/text/selection/TextSelectionColors,3,14,21.43
3f1ca4a36e39d06a,androidx/compose/ui/platform/AndroidUiDispatcher_androidKt,3,4,75.0
698b5defd3b19221,androidx/compose/material3/DefaultPlatformTextStyle_androidKt,3,4,75.0
714d46b33b532a85,androidx/compose/ui/geometry/CornerRadius$Companion,3,4,75.0
e17d4aeadce74135,androidx/core/view/ViewCompat$Api23Impl,3,8,37.5
5767b166feb39ee3,androidx/compose/foundation/lazy/layout/TraversablePrefetchStateModifierElement,3,18,16.67
092531e2ed90b333,androidx/compose/ui/node/SortedSet,3,5,60.0
41704f0d3d34652c,androidx/compose/ui/graphics/FilterQuality$Companion,3,6,50.0
5bcfc2d446bac920,androidx/compose/ui/node/NodeCoordinator$drawBlock$drawBlockCallToDrawModifiers$1,3,3,100.0
e13a9fd2d3652b0f,androidx/compose/runtime/internal/PersistentCompositionLocalHashMap$Companion,3,4,75.0
e468ca7c812c79b2,kotlin/collections/CollectionsKt__MutableCollectionsJVMKt,3,19,15.79
67dd20b0054524b1,androidx/core/view/WindowInsetsAnimationCompat$Impl30,3,18,16.67
8a6f53462cf3b37d,androidx/compose/animation/core/TwoWayConverterImpl,3,3,100.0
a0a1588ae350edd4,androidx/compose/runtime/OneShotCancellationHandle,3,7,42.86
b88ee16cbdeb72b3,kotlin/collections/SetsKt__SetsJVMKt,3,16,18.75
34b12a4220c0988d,kotlinx/coroutines/android/AndroidDispatcherFactory,3,6,50.0
784091091a33b5ba,kotlin/collections/AbstractMap,3,75,4.0
9d7fa78fac94f0a7,androidx/compose/ui/graphics/Outline$Rectangle,3,9,33.33
b0bbca00ad13f170,androidx/sqlite/db/SupportSQLiteOpenHelper$Configuration,3,9,33.33
9748854d5eff8bf9,com/bnyro/clock/data/database/AppDatabase_AutoMigration_2_3_Impl,3,9,33.33
eb294b0e0d485a68,androidx/compose/foundation/ScrollableAreaKt,3,28,10.71
b67c2ee78f0a109a,kotlinx/coroutines/scheduling/SchedulerCoroutineDispatcher,3,22,13.64
08e7f84266a54127,kotlinx/coroutines/flow/internal/NullSurrogateKt,3,3,100.0
4eed6cdeb4ec11f6,androidx/compose/ui/graphics/colorspace/Adaptation$Companion,3,5,60.0
7cdd4bfbf639662a,kotlin/jvm/internal/ReflectionFactory,3,30,10.0
eae99c6b0e56df96,androidx/core/view/SoftwareKeyboardControllerCompat,3,10,30.0
cdf4bbd5a9c39880,androidx/compose/ui/graphics/Shadow$Companion,3,4,75.0
ed0c014dad38a614,androidx/compose/ui/semantics/SemanticsConfigurationKt$getOrNull$1,3,3,100.0
aed2d152bfe747e3,androidx/compose/ui/platform/ViewRootForTest$Companion,3,5,60.0
386bdf70d3db5348,com/bnyro/clock/data/database/AppDatabase_AutoMigration_9_10_Impl,3,9,33.33
a0640d1166aa7c78,androidx/compose/foundation/pager/PagerState$remeasurementModifier$1,3,3,100.0
38039cb668962bef,androidx/room/coroutines/FlowUtil,3,3,100.0
f947786b07a18155,androidx/compose/animation/EnterTransition$Companion,3,3,100.0
485a62bed893a587,androidx/compose/ui/layout/SubcomposeLayoutKt$SubcomposeLayout$4$1,3,3,100.0
a0e138584203ed42,androidx/compose/ui/MotionDurationScale$DefaultImpls,3,4,75.0
65c1233ca629072b,androidx/compose/foundation/OverscrollConfiguration_androidKt,3,4,75.0
b83e6562a4fb31a6,androidx/compose/ui/node/CompositionLocalConsumerModifierNodeKt,3,5,60.0
3cb35413072107a7,androidx/compose/ui/autofill/AndroidAutofillManager_androidKt,3,23,13.04
c010667b7b63f535,androidx/compose/ui/text/font/PlatformResolveInterceptor$Companion,3,4,75.0
b4f39a3fbd189b80,androidx/compose/ui/graphics/vector/VectorNode,3,3,100.0
d5516442a4311d75,androidx/compose/runtime/snapshots/SnapshotApplyResult,3,3,100.0
5a5122f7823b82c4,androidx/compose/runtime/external/kotlinx/collections/immutable/implementations/immutableMap/TrieNode$Companion,3,3,100.0
6ded25f3529f92e2,kotlinx/serialization/encoding/CompositeDecoder$DefaultImpls,3,10,30.0
3b687ac6e512dcd8,androidx/compose/animation/SplineBasedFloatDecayAnimationSpec,3,11,27.27
ac5ef754e5d066bd,androidx/compose/foundation/lazy/layout/LazyLayoutBeyondBoundsModifierLocalKt,3,6,50.0
756eec70af5d8e2a,androidx/compose/ui/platform/AndroidComposeView$pointerIconService$1,3,12,25.0
c87195b0e939ac8c,androidx/compose/ui/platform/ViewLayer,3,277,1.08
439b808234ad8fce,androidx/compose/runtime/MonotonicFrameClock$DefaultImpls,3,5,60.0
59a8c031a123b03b,androidx/compose/runtime/SnapshotMutableLongStateImpl$LongStateStateRecord,3,7,42.86
e3f1e76f24ba88ac,androidx/compose/ui/layout/LayoutModifierImpl,3,6,50.0
854e49e53f3ddb19,androidx/lifecycle/viewmodel/internal/CloseableCoroutineScope,3,6,50.0
fead6814d31bed30,androidx/compose/material3/ColorResourceHelper,3,3,100.0
8bf8dbfcb4627cf4,androidx/compose/foundation/text/modifiers/LayoutCacheOperation$Companion,3,6,50.0
cfc2fb75cc8a30ff,androidx/compose/ui/unit/TextUnit$Companion,3,5,60.0
4b126c43098d8611,androidx/compose/ui/layout/LayoutElement,3,13,23.08
50cf02033af4d0e5,com/bnyro/clock/ui/MainActivity$special$$inlined$viewModels$default$2,3,3,100.0
46d0ff117eb03f91,androidx/compose/runtime/external/kotlinx/collections/immutable/implementations/persistentOrderedSet/Links,3,14,21.43
688c332f2fdf0d7f,androidx/compose/runtime/SnapshotStateKt__SnapshotMutationPolicyKt,3,3,100.0
e5f017d7e54aae73,androidx/compose/runtime/saveable/SaveableStateHolderImpl$Companion,3,3,100.0
6f247e6888e8c084,androidx/compose/runtime/snapshots/SnapshotIdSet$Companion,3,3,100.0
da429bdb70fcb844,androidx/compose/ui/platform/AndroidTextToolbar,3,24,12.5
85847375123c9d8d,androidx/compose/ui/node/LayoutNodeKt,3,11,27.27
812ff51bc808754a,kotlinx/coroutines/channels/ChannelResult$Companion,3,5,60.0
a5e42f375586762e,kotlinx/coroutines/channels/ChannelCoroutine,3,37,8.11
4303999fef0ecc1a,androidx/compose/ui/platform/Api30Impl,3,3,100.0
b33fb1f8ea8fe1df,androidx/compose/ui/graphics/TransformOrigin$Companion,3,3,100.0
4e47a55c0216f0ad,androidx/compose/animation/core/VectorizedAnimationSpec,3,5,60.0
fb2b9eb4a5eef9a3,kotlin/Pair,3,22,13.64
0dcdbf8ecf2f84be,androidx/compose/ui/text/font/SystemFontFamily,3,3,100.0
2f0257d1ce7f2f77,androidx/compose/runtime/SnapshotMutableFloatStateImpl$FloatStateStateRecord,3,7,42.86
7c09c055107605c9,androidx/compose/ui/platform/AndroidComposeViewForceDarkModeQ,3,3,100.0
18221d1ef3665c43,androidx/compose/runtime/external/kotlinx/collections/immutable/implementations/immutableMap/PersistentHashMap$Companion,3,3,100.0
6da1df5cdaa52242,androidx/compose/ui/layout/RootMeasurePolicy$measure$2,3,3,100.0
d97b3ee3cde12041,androidx/compose/ui/platform/AndroidAccessibilityManager,3,18,16.67
b541c15b53a91d8c,androidx/compose/ui/platform/WindowRecomposerPolicy$createAndInstallWindowRecomposer$1,3,5,60.0
a29d02ef2222f81a,androidx/room/util/MigrationUtil,3,52,5.77
f1a0a3f96d44254e,androidx/compose/ui/geometry/Rect$Companion,3,4,75.0
0b4f4d2c6052ac57,androidx/compose/foundation/gestures/ScrollableContainerNode,3,5,60.0
13bc9c2d1369a69f,kotlin/coroutines/intrinsics/CoroutineSingletons,3,6,50.0
4cabf1ef92aff56b,androidx/core/view/WindowInsetsCompat$Impl28,3,16,18.75
4567fa7c3ab42f27,androidx/compose/ui/text/input/KeyboardType$Companion,3,22,13.64
0f0be1cc0ec95a82,kotlin/collections/ArrayAsCollection,3,27,11.11
b7515166ee924228,androidx/compose/animation/core/Transition$SegmentImpl,3,16,18.75
bf2d5218985d7ff9,androidx/compose/ui/graphics/BlendModeColorFilterHelper,3,7,42.86
f40e43d96676ab34,androidx/lifecycle/SavedStateHandlesVM,3,3,100.0
5bfd1c03b17cec18,androidx/compose/ui/graphics/vector/PathNode$CurveTo,3,40,7.5
ea3e4813524d0aff,androidx/compose/ui/semantics/Role$Companion,3,11,27.27
95fa670727045f58,androidx/compose/ui/node/LayoutNode$_foldedChildren$1,3,3,100.0
1593c3df40fb7c13,com/bnyro/clock/ui/MainActivity$special$$inlined$viewModels$default$4,3,3,100.0
85c77371cf040316,androidx/compose/ui/res/ImageVectorCache$Key,3,19,15.79
b9a36ba271ea694e,androidx/compose/runtime/tooling/InspectionTablesKt,3,3,100.0
5f47a7bd948506c0,androidx/compose/runtime/NeverEqualPolicy,3,4,75.0
4b5606b6756dd263,androidx/compose/ui/unit/DensityKt,3,4,75.0
0006d4780a2394ac,androidx/compose/ui/text/font/FontSynthesis$Companion,3,18,16.67
8543be8bf2ec53d5,androidx/compose/ui/graphics/SimpleGraphicsLayerModifier$measure$1,3,3,100.0
80f52f00e3a466a4,androidx/compose/runtime/RememberObserverHolder,3,6,50.0
160cf5ce94818c56,androidx/compose/ui/text/style/TextMotion$Companion,3,4,75.0
07ebd71e15f3ce10,androidx/compose/ui/node/LayoutNode$Companion,3,6,50.0
433edc6489066d6a,androidx/compose/ui/graphics/AndroidGraphicsContext$2,3,5,60.0
f82b0159898b9bb3,androidx/compose/ui/text/style/TextIndent$Companion,3,4,75.0
74a78130374f895a,androidx/compose/ui/res/ImageVectorCache$ImageVectorEntry,3,19,15.79
fc9a24a921c2a246,androidx/compose/ui/graphics/AndroidGraphicsContext$UniqueDrawingIdApi29,3,3,100.0
99286ca2aab72484,androidx/compose/ui/node/LayoutNodeAlignmentLines,3,6,50.0
3f27fa0a5ed4c045,androidx/compose/ui/autofill/AutofillCallback,3,10,30.0
d04dd140b7e00d24,androidx/compose/foundation/pager/PageSize$Fill,3,3,100.0
e46cbbb0d072247e,com/bnyro/clock/ui/MainActivity$special$$inlined$viewModels$default$1,3,3,100.0
9c1246b2ce3ccf73,androidx/compose/foundation/layout/WindowInsetsKt,3,40,7.5
0a742cc246029b44,androidx/compose/ui/text/android/StaticLayoutFactory26,3,3,100.0
d78045dac8f2115f,androidx/compose/runtime/collection/ScatterSetWrapper,3,26,11.54
05c28406ffb5058c,androidx/compose/ui/platform/ViewCompositionStrategy$Companion,3,3,100.0
a198f7cacd7ff72c,androidx/compose/foundation/text/selection/SelectionRegistrarKt,3,8,37.5
4e7d7faa556698b6,androidx/compose/ui/platform/WindowRecomposer_androidKt$createLifecycleAwareWindowRecomposer$2$onStateChanged$1$1$1$1,3,3,100.0
8dda061fb242658e,androidx/compose/ui/graphics/RectangleShapeKt$RectangleShape$1,3,4,75.0
475588c54c2fdfa3,androidx/compose/runtime/external/kotlinx/collections/immutable/implementations/immutableList/BufferIterator,3,9,33.33
f6bf0c86f36f8562,androidx/compose/foundation/lazy/layout/LazyLayoutIntervalContent,3,21,14.29
123d75986f2ba4cc,androidx/compose/ui/node/MeasurePassDelegate$performMeasureBlock$1,3,3,100.0
06e80eb7f687f29a,androidx/collection/SetWrapper,3,30,10.0
32453a7ceca998d4,androidx/compose/foundation/IndicationModifier,3,4,75.0
6ff927c15871bc19,com/bnyro/clock/util/services/TimerService$onCreate$2,3,3,100.0
a194876b2d50b7f9,androidx/compose/ui/text/font/FontWeightAdjustmentHelperApi31,3,3,100.0
103d44ba6b0cc3dd,androidx/compose/ui/node/ObserverNodeOwnerScope$Companion,3,3,100.0
08b66e168c6a467e,com/bnyro/clock/data/database/dao/AlarmsDao_Impl$Companion,3,3,100.0
cf11374dbec29a29,androidx/compose/foundation/AndroidEdgeEffectOverscrollFactory,3,24,12.5
5dd3048a9bd7ee49,kotlin/text/StringsKt___StringsKt,3,1286,0.23
eb9ebe4933ed7b2e,androidx/compose/ui/graphics/ColorFilter,3,3,100.0
b9a17477aa5a7ab1,androidx/compose/ui/platform/AndroidComposeView$viewTreeOwners$2,3,3,100.0
3a1e3fa8978fff7b,androidx/compose/runtime/ComposerImpl$CompositionContextHolder,3,6,50.0
11b67aec10cac6c5,androidx/compose/ui/text/android/CanvasCompatM,3,4,75.0
f39771b8f8331745,androidx/compose/ui/unit/IntSize$Companion,3,3,100.0
74ed75159e5f22c2,kotlin/jvm/internal/CallableReference$NoReceiver,3,4,75.0
658c78c49711f7dd,androidx/compose/foundation/relocation/BringIntoViewResponderNode,3,25,12.0
96ee85c0bbbca519,androidx/compose/foundation/gestures/snapping/SnapFlingBehaviorKt,3,141,2.13
1014136360ee3e0f,androidx/compose/ui/input/nestedscroll/NestedScrollModifierKt,3,4,75.0
8bf3d21e32dfd6a9,androidx/compose/runtime/external/kotlinx/collections/immutable/implementations/immutableList/SmallPersistentVector$Companion,3,3,100.0
3de70e2e027fbc74,androidx/compose/ui/platform/WindowRecomposer_androidKt$createLifecycleAwareWindowRecomposer$1,3,5,60.0
efefbd59d0202f52,kotlinx/coroutines/internal/LockFreeTaskQueue,3,34,8.82
39e8924c9b01bd6d,kotlinx/coroutines/SupervisorKt,3,14,21.43
c71c165f73124f87,androidx/compose/ui/text/style/TextGeometricTransform$Companion,3,4,75.0
891a7a038d11c3ed,androidx/room/RoomOpenDelegate,3,5,60.0
d34438457b8a4e9f,androidx/compose/ui/text/input/KeyboardCapitalization$Companion,3,12,25.0
41e3c56a36d05c4e,androidx/compose/foundation/layout/PaddingValuesElement,3,14,21.43
98dca87413deed55,androidx/compose/ui/graphics/drawscope/DrawStyle,3,3,100.0
c38fc4c636445f3e,androidx/compose/animation/core/VectorizedFloatAnimationSpec$1,3,3,100.0
aa831c3347e34f0a,kotlin/text/MatchGroup,3,19,15.79
12221f2c27435414,androidx/compose/ui/text/android/SpannedExtensions_androidKt,3,6,50.0
8ee4317de54864be,com/bnyro/clock/ui/MainActivity$special$$inlined$viewModels$default$5,3,3,100.0
50201c71830db12e,androidx/compose/foundation/shape/PercentCornerSize,3,19,15.79
c6dd975577dd3826,androidx/compose/ui/text/font/PlatformTypefaces_androidKt,3,29,10.34
e88fd6087ced7c1f,androidx/compose/animation/AnimatedContentKt$AnimatedContent$6$1$1$1$1,3,3,100.0
e3906dd1815b7161,androidx/compose/ui/text/android/StaticLayoutFactory28,3,3,100.0
3cccec867a1f34d7,androidx/compose/foundation/shape/CornerSizeKt,3,6,50.0
ba194b5081736ebe,androidx/compose/animation/AnimatedVisibilityKt$AnimatedEnterExitImpl$shouldDisposeAfterExit$2$1$1,3,3,100.0
5ab557ba0b5c48da,kotlinx/coroutines/channels/ChannelResult,3,41,7.32
879852cfba8b3160,androidx/core/view/WindowInsetsCompat$Impl21,3,14,21.43
88b17889094647c3,kotlinx/coroutines/channels/ConflatedBufferedChannel,3,55,5.45
35091bfe2ca07ce8,androidx/compose/foundation/gestures/BringIntoViewRequestPriorityQueue,3,75,4.0
4ebe885426feeed1,androidx/compose/foundation/layout/SystemInsetsPaddingModifierElement,3,12,25.0
fd8e47064b29bf7d,androidx/compose/ui/node/ObserverNodeOwnerScope,3,5,60.0
0be760e6184bbd94,kotlinx/coroutines/android/HandlerContext$scheduleResumeAfterDelay$$inlined$Runnable$1,3,3,100.0
b373ac2a21f46073,androidx/compose/ui/platform/ViewLayer$Companion,3,33,9.09
39af2b328f8173f6,androidx/navigation/NamedNavArgumentKt__NamedNavArgumentKt,3,3,100.0
cb10c5e21acd4b0b,androidx/lifecycle/LifecycleDispatcher$DispatcherActivityCallback,3,3,100.0
922b5773ea49b02c,androidx/compose/ui/input/nestedscroll/NestedScrollSource$Companion,3,12,25.0
19e0f0d02b22ed5c,androidx/lifecycle/DefaultLifecycleObserver,3,6,50.0
a2426b371af77ce1,androidx/compose/runtime/KeyInfo,3,7,42.86
ca17e4ab241da5d9,androidx/navigation/compose/ComposeNavGraphNavigator$ComposeNavGraph,3,12,25.0
9916ad1d8b9f101c,androidx/collection/LongList,3,304,0.99
731d78a34003142d,androidx/compose/ui/node/Owner$Companion,3,4,75.0
9fcdd9e4ace5e55a,com/bnyro/clock/navigation/HomeRoutesKt,3,3,100.0
a94ee697109cd0e5,androidx/arch/core/internal/SafeIterableMap$Entry,3,14,21.43
479d21dea65c9fab,kotlinx/coroutines/flow/DistinctFlowImpl,3,4,75.0
370d3f4e3c404bc5,androidx/compose/ui/graphics/Outline,3,3,100.0
85da33ac0a2aa38e,androidx/compose/ui/graphics/BlockGraphicsLayerElement,3,14,21.43
41c0995225063249,androidx/navigation/compose/internal/WeakReference,3,5,60.0
28ec30fdfbf49c11,androidx/compose/ui/graphics/CompositingStrategy$Companion,3,5,60.0
47506b750eff7d27,androidx/room/RoomDatabaseKt,3,9,33.33
5c8977a728fc63c3,kotlin/jvm/internal/CallableReference,2,31,6.45
8120e8a3b8111188,androidx/compose/runtime/CancelledCoroutineContext$Key,2,2,100.0
880b726924942eec,com/bnyro/clock/util/services/StopwatchService$Companion,2,2,100.0
c06f4f82122b7ddd,androidx/compose/ui/platform/AndroidComposeView$resendMotionEventRunnable$1,2,21,9.52
42110e63648e88dc,androidx/compose/ui/node/ModifierNodeElement,2,12,16.67
6097b68268c1def4,androidx/compose/ui/text/intl/Locale$Companion,2,3,66.67
3c5420875ed54221,androidx/compose/foundation/gestures/snapping/SnapPositionKt,2,2,100.0
d63d359b4ba3883c,androidx/compose/ui/platform/AndroidCompositionLocals_androidKt$LocalConfiguration$1,2,4,50.0
eb9ae6f05c2c1105,kotlinx/coroutines/Unconfined,2,7,28.57
c0f25e3c9c7c72f1,androidx/compose/foundation/gestures/ScrollableKt$UnityDensity$1,2,3,66.67
80c0bfe6b967160c,androidx/compose/ui/platform/InspectableValueKt$NoInspectorInfo$1,2,4,50.0
6c0bde4b8a8fd89c,androidx/navigation/NavController$Companion,2,4,50.0
8b8ca3a2dd378546,androidx/compose/runtime/internal/AtomicAwaitersCount$Companion,2,2,100.0
cfa9728aaa2e8764,androidx/compose/ui/platform/CompositionLocalsKt$LocalWindowInfo$1,2,4,50.0
279a31e8f46c5272,androidx/compose/ui/platform/CompositionLocalsKt$LocalAutofillTree$1,2,4,50.0
d66f521e096c4d6d,androidx/compose/ui/text/input/TextInputServiceAndroid$onEditCommand$1,2,4,50.0
cc016298d4faaaf2,androidx/compose/ui/platform/AndroidCompositionLocals_androidKt$LocalView$1,2,4,50.0
39ff482991d3809a,androidx/collection/OrderedScatterSetKt,2,22,9.09
224ef42c25d9a310,androidx/collection/LongSetKt,2,29,6.9
8cad4aa66e6998de,androidx/compose/foundation/lazy/layout/LazyLayoutBeyondBoundsProviderModifierNode$Companion,2,2,100.0
8bfc3af2ef83ae32,androidx/compose/ui/graphics/colorspace/ColorSpace$Companion,2,2,100.0
79bf465b676fd85a,androidx/compose/ui/text/PlatformParagraphStyle$Companion,2,3,66.67
8053029b5c66de47,androidx/compose/runtime/SlotWriter$Companion,2,115,1.74
2d7fae748e6c4d96,androidx/compose/ui/semantics/SemanticsProperties$ContentDataType$1,2,4,50.0
40ad9d0ff3bbff39,com/bnyro/clock/data/database/dao/AlarmsDao_Impl$3,2,43,4.65
ee98783df2d20539,com/bnyro/clock/data/database/AppDatabase_AutoMigration_5_6_Impl,2,6,33.33
6001310f01ed21ad,kotlin/coroutines/jvm/internal/CompletedContinuation,2,7,28.57
66cdc0550aa9fd65,kotlinx/coroutines/flow/FlowKt__ChannelsKt$emitAllImpl$1,2,2,100.0
ee219854969c31bf,androidx/lifecycle/viewmodel/CreationExtras$Empty,2,3,66.67
c903c98daf387ed6,androidx/compose/ui/text/input/TextInputServiceAndroid$onImeActionPerformed$1,2,4,50.0
c50df107576b3201,androidx/compose/ui/platform/CompositionLocalsKt$LocalSoftwareKeyboardController$1,2,4,50.0
c110dbe58abec127,androidx/compose/foundation/pager/PagerStateKt$EmptyLayoutInfo$1,2,7,28.57
37a7adab5f71d412,kotlinx/serialization/descriptors/StructureKind,2,2,100.0
b349706c52d53082,androidx/compose/runtime/MonotonicFrameClock$Key,2,2,100.0
d539d355610f76e4,androidx/concurrent/futures/AbstractResolvableFuture$AtomicHelper,2,2,100.0
c6ea35d42bcbb97b,androidx/compose/ui/platform/CompositionLocalsKt$LocalAccessibilityManager$1,2,4,50.0
0f3a43373e0fc39e,androidx/compose/animation/EnterExitTransitionKt$TransformOriginVectorConverter$1,2,4,50.0
080b264250f7af23,kotlin/collections/AbstractMutableMap,2,8,25.0
0e54ca2e7b5c8eb9,androidx/compose/ui/platform/AndroidViewConfiguration,2,18,11.11
a79f4af90bbd8769,androidx/compose/ui/graphics/vector/PathNode$HorizontalTo,2,14,14.29
a9ffe937d0ae21a6,androidx/compose/runtime/MonotonicFrameClock,2,4,50.0
29da04db2c7610b4,androidx/compose/ui/node/ComposeUiNode$Companion$SetDensity$1,2,4,50.0
7444cfee935bb92f,androidx/compose/foundation/gestures/ScrollableNestedScrollConnection,2,27,7.41
7eca230ac89cc4bd,androidx/compose/ui/draganddrop/DragAndDropNode$Companion,2,2,100.0
c27088ac2bdf70ea,androidx/compose/ui/platform/ViewLayer$Companion$getMatrix$1,2,5,40.0
6e8dd9f078c53e54,kotlinx/coroutines/flow/internal/NoOpContinuation,2,4,50.0
82b5e4242256e535,androidx/compose/ui/platform/CompositionLocalsKt$LocalDensity$1,2,4,50.0
af5955c6f202a967,kotlin/collections/builders/SetBuilder$Companion,2,2,100.0
24f68dc87019b8dd,androidx/compose/ui/graphics/vector/PathComponent$pathMeasure$2,2,4,50.0
2517e5656d4e1f31,androidx/lifecycle/ViewModelProvider$Factory$Companion,2,4,50.0
6d61a5550b98f1a2,kotlin/SafePublicationLazyImpl$Companion,2,2,100.0
7528f91035994bb6,androidx/compose/foundation/pager/PagerState$_scrollIndicatorState$1,2,5,40.0
e58326c4895e0839,kotlinx/serialization/json/internal/DescriptorSchemaCache,2,20,10.0
9a2044c0e5edc925,kotlinx/coroutines/internal/LockFreeLinkedListHead,2,11,18.18
98a1bce6e92d6f45,com/bnyro/clock/navigation/NavRoutes$Settings,2,7,28.57
92a968151f7087ff,androidx/compose/ui/layout/AlignmentLine$Companion,2,2,100.0
4d1c299d75ca437c,com/bnyro/clock/navigation/HomeRoutes$Timer,2,2,100.0
880a1aac1a2e8acd,androidx/compose/ui/platform/CompositionLocalsKt$LocalPointerIconService$1,2,4,50.0
1af7c839e75797f8,androidx/compose/ui/platform/InspectorValueInfo,2,8,25.0
ab532422d0315d23,androidx/compose/ui/platform/CompositionLocalsKt$LocalTextToolbar$1,2,4,50.0
7cd254d272c528a8,kotlin/collections/AbstractMutableSet,2,2,100.0
491bd560d56c3b95,kotlin/jvm/internal/AdaptedFunctionReference,2,37,5.41
87ef8accb559aafd,androidx/compose/ui/node/ComposeUiNode$Companion$SetViewConfiguration$1,2,4,50.0
3b11b83b566a17d2,androidx/compose/ui/unit/DensityImpl,2,18,11.11
1a409a0f887e3aa7,androidx/compose/material3/ContentColorKt,2,2,100.0
b1a283fc5f0f1fcd,com/bnyro/clock/data/database/AppDatabase_AutoMigration_4_5_Impl,2,4,50.0
3df7af1ccb7cab25,androidx/compose/runtime/internal/SnapshotThreadLocalKt,2,2,100.0
b6713201f5b41370,kotlinx/serialization/modules/SerialModuleImpl,2,75,2.67
655a9efa7759fe4f,androidx/compose/ui/platform/WindowRecomposer_androidKt$getAnimationScaleFlowFor$1$1$contentObserver$1,2,3,66.67
be7312480d2a83a9,androidx/compose/ui/graphics/vector/PathNode$Close,2,2,100.0
2f432ee59550664f,androidx/compose/ui/platform/CompositionLocalsKt$LocalAutofill$1,2,4,50.0
7836d5fe74910be3,androidx/compose/runtime/DisposableEffectImpl,2,6,33.33
f0fa9293f8ffb854,androidx/compose/ui/text/font/FontMatcher,2,264,0.76
b2e207d8bb9abc65,kotlin/ULong$Companion,2,2,100.0
dc0e2b904654d31a,androidx/compose/ui/semantics/SemanticsPropertiesKt$ActionPropertyKey$1,2,13,15.38
7035feb4e4e818b7,kotlinx/coroutines/flow/internal/SafeCollectorKt,2,3,66.67
0be91c8e6d039888,androidx/compose/ui/layout/RectRulersKt,2,4,50.0
4da1625cf67e1b6e,androidx/compose/foundation/pager/PagerSnapDistanceMaxPages,2,11,18.18
85a62400aa9d29ce,androidx/compose/ui/semantics/AccessibilityAction,2,16,12.5
3906f5b886f67941,kotlin/enums/EnumEntriesKt,2,6,33.33
7063b3680d208d3b,androidx/compose/ui/graphics/colorspace/Adaptation$Companion$VonKries$1,2,3,66.67
3dcbf17ee86fb7c4,androidx/collection/ObjectFloatMapKt,2,48,4.17
ab234f44bc8e0bf7,androidx/compose/ui/unit/DpOffset$Companion,2,4,50.0
2b020550cecfc3b9,androidx/compose/ui/semantics/SemanticsProperties$TraversalIndex$1,2,4,50.0
f1dd573de4d10114,androidx/compose/ui/layout/RectRulers$Companion,2,2,100.0
1d49908cee2510d4,kotlinx/coroutines/ExecutorCoroutineDispatcher,2,2,100.0
8bafb2984f6fc56e,androidx/compose/ui/input/pointer/PointerInputChangeEventProducer,2,35,5.71
216a537bcc5a0d08,androidx/compose/ui/platform/CompositionLocalsKt$LocalFocusManager$1,2,4,50.0
d286b9a67e8de6e1,androidx/compose/ui/semantics/SemanticsProperties$ContentType$1,2,4,50.0
1caf75d007b70d9e,androidx/compose/ui/text/font/FontListFontFamilyTypefaceAdapter$Companion,2,4,50.0
18e07ea2f183c4a9,androidx/compose/ui/unit/fontscaling/FontScaleConverterTable$Companion,2,15,13.33
5d5e691b0145b668,androidx/collection/FloatSetKt,2,29,6.9
e1496518ea398d1a,androidx/compose/animation/Slide,2,19,10.53
fd12c3d118501507,androidx/lifecycle/viewmodel/compose/ViewModelKt,2,8,25.0
b34a619862c68381,androidx/compose/foundation/layout/Arrangement$Vertical,2,4,50.0
4b65f9862f9bbee4,androidx/collection/SieveCacheKt,2,29,6.9
a0064a7b054a9ca8,androidx/compose/ui/graphics/AndroidColorSpace_androidKt,2,4,50.0
4b16ecc15fbecbd3,kotlin/jvm/internal/Lambda,2,3,66.67
25e31d85de951549,androidx/compose/ui/node/OwnerSnapshotObserver$onCommitAffectingLookaheadMeasure$1,2,7,28.57
1fe8d5e85df6e43d,androidx/compose/ui/hapticfeedback/PlatformHapticFeedback,2,19,10.53
907d1d8291036f33,androidx/navigation/NavGraph$Companion,2,10,20.0
e432dbe29788cb8d,androidx/compose/runtime/snapshots/SnapshotStateList$Companion,2,3,66.67
4c55a934606916d1,androidx/compose/ui/text/platform/DispatcherKt,2,2,100.0
d026e858333b38a5,androidx/compose/runtime/saveable/SaverKt,2,5,40.0
bb7035492779eaa3,androidx/compose/ui/platform/NoHapticFeedback,2,3,66.67
c43bf10833df3507,androidx/compose/ui/platform/CompositionLocalsKt$LocalAutofillManager$1,2,4,50.0
5641886f29bc247d,androidx/compose/ui/graphics/layer/GraphicsLayer$drawBlock$1,2,4,50.0
3295077ab0dac6c2,androidx/compose/animation/core/Animation,2,5,40.0
37f8e6c4d5aae768,kotlinx/coroutines/CoroutineExceptionHandler$Key,2,2,100.0
936b60307e2a3e8f,androidx/compose/foundation/FocusableNode$TraverseKey,2,2,100.0
c27bbdd9f7752cd3,androidx/compose/ui/layout/FixedScale,2,18,11.11
0e5370be69e51314,androidx/room/InvalidationTracker$Companion,2,2,100.0
8c9ffe30bf3b79b9,androidx/compose/runtime/external/kotlinx/collections/immutable/ExtensionsKt,2,270,0.74
7377613eed0b6b72,androidx/compose/animation/EnterExitTransitionKt$TransformOriginVectorConverter$2,2,4,50.0
b6076500b1626651,kotlin/collections/AbstractMap$Companion,2,16,12.5
fb2bd879bccc8ba2,androidx/compose/ui/platform/AndroidFontResourceLoader,2,8,25.0
7718d55f0f923991,androidx/navigation/NavGraphNavigator$Companion,2,2,100.0
218053ee6a4dcc6e,com/bnyro/clock/navigation/NavRoutes$Permissions,2,7,28.57
0771a219e37b6240,androidx/compose/ui/platform/CompositionLocalsKt$LocalClipboardManager$1,2,4,50.0
c79ac56aa61840b6,androidx/compose/ui/platform/AndroidClipboard,2,6,33.33
7308cc1131542a2c,androidx/core/view/WindowInsetsAnimationCompat$Impl30$ProxyCallback,2,29,6.9
96636ca786f57842,kotlinx/coroutines/internal/Concurrent_commonKt,2,6,33.33
395fa7a5a7fc2d70,kotlinx/coroutines/flow/FlowKt__ZipKt$combine$$inlined$combineUnsafe$FlowKt__ZipKt$1,2,5,40.0
4e6dc18ba76b1cf7,androidx/compose/runtime/snapshots/SnapshotId_jvmKt,2,41,4.88
c659aad61864806f,androidx/compose/ui/layout/ScaleFactor$Companion,2,4,50.0
e6794a1ee5d0cd21,androidx/compose/ui/autofill/PlatformAutofillManagerImpl,2,13,15.38
75eb396269b241a7,androidx/compose/ui/graphics/colorspace/Oklab$Companion,2,2,100.0
b348b26edb3d9e84,androidx/compose/ui/graphics/vector/PathNode$RelativeVerticalTo,2,14,14.29
51d7474463b8419e,com/bnyro/clock/data/database/dao/AlarmsDao_Impl$1,2,42,4.76
697df91753f9072b,com/bnyro/clock/ui/MainActivity$Companion,2,2,100.0
8178327771b6a675,androidx/compose/ui/graphics/drawscope/Fill,2,2,100.0
2e93fed9a9e98d77,androidx/compose/ui/semantics/ScrollAxisRange,2,10,20.0
6147ceb659424268,androidx/compose/ui/node/PlaceableResult,2,5,40.0
5c96a57a1bf7a6ff,androidx/compose/ui/platform/AndroidCompositionLocals_androidKt$LocalImageVectorCache$1,2,4,50.0
b01d43e589914e8c,androidx/compose/ui/platform/CompositionLocalsKt$LocalFontFamilyResolver$1,2,4,50.0
9f8d5709dc83a0e0,androidx/compose/ui/node/OnPositionedDispatcher$Companion,2,2,100.0
53b0d0aa5c44ebaa,kotlinx/coroutines/flow/internal/SendingCollector,2,3,66.67
f31afa47fac5e76d,androidx/compose/ui/platform/CompositionLocalsKt$LocalHapticFeedback$1,2,4,50.0
cad32216eb725740,kotlin/coroutines/jvm/internal/Boxing,2,8,25.0
b9fccb10dbf03deb,androidx/compose/ui/geometry/MutableRect,2,152,1.32
ca1c923fed50807f,androidx/compose/animation/AnimatedContentKt$AnimatedContent$6$1$5$1$1$invoke$$inlined$onDispose$1,2,5,40.0
308b66bae872eb51,androidx/compose/ui/autofill/AutofillManager,2,2,100.0
07f0d7cd30d105fb,kotlinx/coroutines/flow/FlowKt__CollectKt,2,18,11.11
4a90f87c30db372d,kotlinx/serialization/modules/SerializersModule,2,10,20.0
74f38584572b8341,androidx/room/ObservedTableStates,2,48,4.17
d22b568490cf717d,androidx/compose/runtime/Composer,2,21,9.52
4743fcf925189b90,androidx/compose/foundation/pager/PagerBeyondBoundsState,2,14,14.29
41f3ac384bd76326,kotlin/Result$Companion,2,5,40.0
8958877d35c95eae,androidx/compose/ui/unit/ComposeUiUnitFlags,2,3,66.67
5bce8dd84406b753,androidx/compose/animation/core/AnimationVector3D,2,37,5.41
a1f13661ce20ccf3,androidx/compose/foundation/lazy/layout/LazyLayoutItemContentFactory$CachedItemContent$createContentLambda$lambda$0$0$0$$inlined$onDispose$1,2,4,50.0
627b2ef35c90b55c,androidx/activity/compose/PredictiveBackHandlerKt$PredictiveBackHandler$backCallBack$1$1,2,28,7.14
99e9330fae4121e9,com/bnyro/clock/util/services/StopwatchService$LocalBinder,2,2,100.0
325f3a5f84e8c98f,androidx/compose/foundation/lazy/layout/LazySaveableStateHolder$SaveableStateProvider$lambda$0$0$$inlined$onDispose$1,2,4,50.0
d0d5beeb6faad4fe,androidx/emoji2/text/DefaultEmojiCompatConfig$DefaultEmojiCompatConfigHelper_API19,2,3,66.67
1971913108faa53a,com/bnyro/clock/data/database/AppDatabase$RemoveSoundColumnAutoMigration,2,4,50.0
ee1b6740c01bbcca,androidx/navigation/compose/NavHostKt$NavHost$lambda$69$lambda$68$$inlined$onDispose$1,2,8,25.0
81be924f9ce5fa98,kotlinx/coroutines/flow/internal/NopCollector,2,3,66.67
814cc93bccf94111,androidx/compose/ui/node/LayoutModifierNodeCoordinator$Companion,2,3,66.67
2b10d4bdc4956e9b,androidx/compose/foundation/layout/WrapContentElement,2,21,9.52
39bbfd89bc41add5,androidx/compose/ui/text/intl/Locale,2,14,14.29
e08a73e427d5e116,androidx/room/TriggerBasedInvalidationTracker$Companion,2,5,40.0
e281a75147059778,androidx/compose/runtime/PausableMonotonicFrameClock$withFrameNanos$1,2,2,100.0
e4565c4026103bbe,com/bnyro/clock/navigation/HomeRoutes$Stopwatch,2,2,100.0
8be207a0059efc06,androidx/room/RoomDatabase$Companion,2,2,100.0
e0542d8566263e06,kotlinx/coroutines/Active,2,3,66.67
ba9e87f3099e5101,kotlin/collections/AbstractMutableList,2,3,66.67
98fd6940dbf51fbf,kotlinx/coroutines/flow/SafeFlow,2,3,66.67
0a5a74cdaa3ad151,androidx/compose/runtime/CompositionContextKt,2,2,100.0
a492c48b2ed088cd,com/bnyro/clock/util/services/StopwatchService$receiver$1,2,16,12.5
2d578056b9ce72ca,androidx/compose/runtime/changelist/OperationsDebugStringFormattable,2,6,33.33
febcbff5fa155d57,androidx/compose/runtime/ParcelableSnapshotMutableState$Companion,2,3,66.67
9bc613a0178079f4,androidx/compose/ui/semantics/SemanticsProperties$LinkTestMarker$1,2,4,50.0
dc41966b02619e69,androidx/compose/foundation/lazy/layout/LazyLayoutItemReusePolicy,2,12,16.67
32927c912126196a,androidx/compose/ui/semantics/SemanticsProperties$IsPopup$1,2,5,40.0
d7444d3669aa65b6,androidx/compose/ui/text/input/TextFieldValue$Companion,2,3,66.67
5d66c1e2d420eed0,androidx/compose/ui/graphics/colorspace/Lab$Companion,2,2,100.0
05c54dff339f9d2a,kotlin/jvm/internal/PropertyReference0,2,8,25.0
d94b3ebeaa1fab7b,androidx/compose/ui/node/NodeCoordinator$Companion$onCommitAffectingLayer$1,2,6,33.33
802eb4984d205f00,androidx/navigation/NavController$onBackPressedCallback$1,2,3,66.67
5f974b3c0c5d7e69,kotlinx/coroutines/internal/LockFreeTaskQueueCore$Companion,2,10,20.0
e9e2786cd3ea14c6,androidx/compose/ui/layout/PinnableContainerKt,2,2,100.0
0de21c0692703537,kotlinx/coroutines/scheduling/Task,2,2,100.0
95cdcf3da00c7c48,androidx/compose/ui/layout/OuterPlacementScope,2,7,28.57
372e71c48b0b1b59,androidx/compose/runtime/external/kotlinx/collections/immutable/internal/MutabilityOwnership,2,2,100.0
4fc5a27c6e58555e,androidx/compose/runtime/snapshots/SnapshotApplyResult$Success,2,4,50.0
9e6a0ff29db5aafc,androidx/compose/ui/graphics/colorspace/Connector$Companion$identity$1,2,3,66.67
1197bf4df986618a,androidx/room/BaseRoomConnectionManager$Companion,2,2,100.0
3b9ff7ef2fd9d571,androidx/compose/ui/text/ParagraphIntrinsicsKt,2,25,8.0
2e050d4a205db5f2,androidx/compose/runtime/retain/LocalRetainedValuesStoreKt,2,42,4.76
0336d3a8dae10c9e,androidx/lifecycle/Lifecycle,2,10,20.0
a0f1efb487cf7e6d,androidx/compose/ui/node/LayoutNode$NoIntrinsicsMeasurePolicy,2,14,14.29
b47dd83d11f3bb5c,androidx/collection/ScatterSetKt,2,22,9.09
fe904a881ca05e4c,androidx/compose/ui/node/OwnerSnapshotObserver$onCommitAffectingLayout$1,2,7,28.57
05a81e634b3b7608,kotlinx/coroutines/CoroutineExceptionHandler$DefaultImpls,2,4,50.0
455be6fbcdb35904,androidx/compose/ui/node/LayoutNode$Companion$ErrorMeasurePolicy$1,2,5,40.0
c54307ae98848d49,androidx/compose/runtime/tooling/CompositionErrorContextImpl$Key,2,3,66.67
c75224598fd95b96,androidx/emoji2/text/EmojiCompatInitializer$BackgroundDefaultConfig,2,2,100.0
8cc1c578fffae10c,androidx/compose/ui/text/platform/EmojiCompatStatus_androidKt,2,2,100.0
b1e36e995f003722,androidx/compose/ui/text/font/DefaultFontFamily,2,3,66.67
a67f2daab190bd2d,androidx/compose/foundation/layout/BoxScopeInstance,2,13,15.38
1929ef8746cf8708,androidx/compose/ui/node/OwnerSnapshotObserver$onCommitAffectingSemantics$1,2,7,28.57
6b59a34febb6c4cb,androidx/compose/ui/text/input/CursorAnchorInfoController$textFieldToRootTransform$1,2,4,50.0
dc50692b3f0ccd19,androidx/core/view/ViewCompat$AccessibilityPaneVisibilityManager,2,40,5.0
ba7eb7d0068c5c56,kotlin/coroutines/ContinuationKt,2,24,8.33
7c75bef25ddb1829,kotlinx/coroutines/internal/ResizableAtomicArray,2,14,14.29
d8c2174020834885,androidx/compose/animation/core/TransitionKt$createChildTransitionInternal$lambda$1$0$$inlined$onDispose$1,2,4,50.0
c10cc4b48198f382,androidx/compose/ui/graphics/colorspace/Adaptation$Companion$Bradford$1,2,3,66.67
e9c4ce77f82eb835,androidx/compose/foundation/layout/WindowInsets_androidKt,2,191,1.05
acc5d10fb1bbebda,androidx/compose/foundation/pager/PagerScopeImpl,2,2,100.0
5d529b831bed6a85,androidx/compose/foundation/shape/DpCornerSize,2,17,11.76
8aca4484485ba1d0,androidx/room/RoomConnectionManager$SupportOpenHelperCallback,2,12,16.67
ab133a2cfafe0c06,androidx/compose/foundation/layout/RowScopeInstance,2,15,13.33
fd3b2a1c34b80457,com/bnyro/clock/util/services/TimerService$Companion,2,2,100.0
8529ace381f67fe3,androidx/compose/foundation/lazy/layout/DefaultLazyKey$Companion,2,3,66.67
e0365c0ce7f14c29,kotlin/collections/ArrayDeque$Companion,2,2,100.0
d99579e66e2c99b4,androidx/compose/foundation/gestures/snapping/PagerSnapLayoutInfoProviderKt$SnapLayoutInfoProvider$1,2,85,2.35
62ede865c8119576,androidx/compose/runtime/ProduceStateScopeImpl,2,27,7.41
5a60ccfd8798a6fa,androidx/compose/foundation/pager/LazyLayoutPagerKt$rememberPagerItemProviderLambda$1$1,2,2,100.0
2e5e9f3a3253e4c8,com/bnyro/clock/util/services/TimerService$receiver$1,2,40,5.0
4e9a084b40d10e10,androidx/navigation/NavDeepLink$Builder$Companion,2,24,8.33
0a69d67cb8c68ceb,androidx/compose/ui/platform/DelegatingSoftwareKeyboardController,2,5,40.0
58170564a898eda8,androidx/compose/foundation/layout/Arrangement$SpaceAround$1,2,9,22.22
dd0d2fe0123f68ba,androidx/compose/runtime/saveable/SaveableStateHolderImpl$SaveableStateProvider$lambda$0$1$0$$inlined$onDispose$1,2,7,28.57
eafb8af0b8b240d6,androidx/navigation/ActivityNavigator$Companion,2,16,12.5
50363db7d83eadcd,androidx/compose/ui/layout/HorizontalAlignmentLine,2,2,100.0
b3e5af0f31ae35d5,androidx/compose/runtime/snapshots/MutableSnapshot$Companion,2,2,100.0
fff9c927cb60151a,androidx/core/view/WindowInsetsAnimationCompat$Callback,2,5,40.0
3c3b406d155c41af,androidx/compose/foundation/lazy/layout/PrefetchHandleProvider,2,32,6.25
a9a46f27a95db774,androidx/compose/ui/platform/AndroidComposeViewAccessibilityDelegateCompat$Companion,2,2,100.0
f5d0981a0af8ef85,androidx/compose/foundation/layout/Arrangement$SpaceBetween$1,2,9,22.22
08a2156c556fe065,androidx/compose/ui/semantics/SemanticsProperties$HideFromAccessibility$1,2,4,50.0
6d9592606d2f7a1e,androidx/compose/ui/platform/CompositionLocalsKt$LocalUriHandler$1,2,4,50.0
7355afa6e6a05299,androidx/compose/ui/platform/AndroidCompositionLocals_androidKt$obtainResourceIdCache$callbacks$1$1,2,5,40.0
2e0a2cf7ac6b364e,androidx/compose/ui/platform/CompositionLocalsKt$LocalViewConfiguration$1,2,4,50.0
cc41356b9e8c2f78,androidx/compose/ui/platform/AndroidCompositionLocals_androidKt$obtainImageVectorCache$1$1$invoke$$inlined$onDispose$1,2,4,50.0
f6125f659361c2f7,com/bnyro/clock/util/services/TimerService$LocalBinder,2,2,100.0
47a34051aff3a0e3,androidx/compose/ui/node/OwnerSnapshotObserver$onCommitAffectingLookahead$1,2,7,28.57
2caaee4989ff83ff,androidx/compose/animation/core/AnimationVector2D,2,30,6.67
b06ab407622c6f42,kotlinx/serialization/json/internal/AbstractJsonLexerKt,2,18,11.11
4a6ac7af8ab43e78,androidx/compose/runtime/collection/MutableVectorKt,2,36,5.56
0bfc321c2a9a9a77,androidx/compose/ui/semantics/SemanticsProperties$Shape$1,2,4,50.0
9c43890d72307e66,androidx/compose/material3/TypographyKt,2,19,10.53
274f5cc83eac9c02,androidx/compose/ui/node/LayoutAwareModifierNode,2,2,100.0
15e15633b5fe3f00,androidx/compose/ui/platform/CompositionLocalsKt$LocalInputModeManager$1,2,4,50.0
6e35accea51d2ed6,androidx/compose/ui/node/NodeCoordinator$Companion$onCommitAffectingLayerParams$1,2,11,18.18
2c3f3b1a3347fd5b,androidx/compose/ui/platform/CompositionLocalsKt$LocalLayoutDirection$1,2,4,50.0
94c3207513140ee2,androidx/compose/ui/platform/AndroidUriHandler,2,6,33.33
522ff3130c2e945a,androidx/compose/animation/core/TransitionKt$rememberTransition$lambda$2$0$$inlined$onDispose$1,2,4,50.0
734abd185b0bdc12,androidx/compose/ui/platform/CompositionLocalsKt$LocalTextInputService$1,2,4,50.0
23b83acfacda2cfd,androidx/compose/ui/node/DepthSortedSetKt,2,2,100.0
2b4ef8684113eb54,com/bnyro/clock/data/database/AppDatabase$RemoveTimeZoneOffsetColumn,2,4,50.0
4e4f1d212860b26d,androidx/compose/ui/MotionDurationScale$Key,2,2,100.0
50ad636df071dad7,androidx/compose/ui/node/LookaheadCapablePlaceable$Companion,2,2,100.0
01f6507f2b63d383,androidx/compose/material/icons/Icons$Outlined,2,2,100.0
410771e9feb8773c,androidx/compose/ui/semantics/SemanticsProperties$ContentDescription$1,2,9,22.22
28a53c63a43d7990,androidx/compose/ui/unit/DpSize$Companion,2,4,50.0
707fba6169d37aa0,kotlinx/coroutines/Job$Key,2,2,100.0
1d7268168a2e4631,androidx/compose/ui/contentcapture/AndroidContentCaptureManager$Companion,2,2,100.0
fb0707e038c60da0,androidx/compose/ui/node/ComposeUiNode$Companion$SetLayoutDirection$1,2,4,50.0
7f5b4ab5f11acd7b,kotlin/collections/MapsKt___MapsKt,2,313,0.64
d2024fb485712167,androidx/compose/runtime/snapshots/ReaderKind$Companion,2,8,25.0
220b48283e7cddf2,androidx/core/os/HandlerCompat,2,46,4.35
157cad957d54fc0d,androidx/compose/ui/graphics/vector/VectorComponent$invalidateCallback$1,2,4,50.0
48fd9436dc2d3953,kotlinx/coroutines/internal/ContextScope,2,3,66.67
45ea46664447ae7d,kotlinx/serialization/descriptors/StructureKind$MAP,2,2,100.0
41c5d9e9272ed6cd,androidx/compose/ui/text/AnnotatedString$Companion,2,3,66.67
80c63cff529f2770,androidx/compose/foundation/lazy/layout/LazyLayoutItemProviderKt,2,8,25.0
b427d214b6917979,kotlinx/serialization/internal/CollectionSerializer,2,8,25.0
5376be65f2d1b629,androidx/compose/foundation/layout/ColumnScope,2,4,50.0
1fd40174d73a8071,androidx/compose/ui/text/intl/PlatformLocaleKt,2,2,100.0
3f5af06de0bbd663,androidx/compose/foundation/layout/Arrangement$Top$1,2,3,66.67
7167cdcedabf1fe0,androidx/compose/ui/platform/AndroidAccessibilityManager$Companion,2,2,100.0
62da6522daac1743,androidx/compose/foundation/gestures/ScrollingLogic$nestedScrollScope$1,2,13,15.38
8ec0914ef49d610f,androidx/arch/core/executor/DefaultTaskExecutor$1,2,4,50.0
4723b16ea72f8b44,androidx/compose/ui/semantics/SemanticsProperties$FillableData$1,2,4,50.0
55c05b26802c94f6,androidx/compose/ui/Modifier$Element,2,14,14.29
cf766c9086acff0f,kotlin/jvm/internal/ArrayIteratorKt,2,2,100.0
a5527d2bd2ca20f6,kotlinx/serialization/descriptors/StructureKind$CLASS,2,2,100.0
45478f162bc5bbda,androidx/compose/ui/platform/AndroidCompositionLocals_androidKt$LocalResourceIdCache$1,2,4,50.0
3873190ceb8ff09f,androidx/compose/material3/ColorSchemeKt$LocalColorScheme$1,2,4,50.0
aea96a21d474aa8f,androidx/compose/animation/EnterTransitionImpl,2,2,100.0
ac9abc708674dceb,kotlin/coroutines/ContinuationInterceptor$Key,2,2,100.0
2d4acdf4bccd960d,androidx/compose/runtime/internal/ThreadMap,2,38,5.26
6d6d28e4badf25de,com/bnyro/clock/data/database/AppDatabase_Impl$createOpenDelegate$_openDelegate$1,2,52,3.85
730ed50beed6127d,androidx/collection/LongObjectMapKt,2,48,4.17
d134d737fe72a2de,kotlin/ranges/IntProgression$Companion,2,3,66.67
ef1274f64343c215,androidx/emoji2/text/EmojiCompat$CompatInternal19$1,2,3,66.67
8ddb5ad02538e88b,androidx/room/ObservedTableVersions,2,26,7.69
ce6410e9aa247e10,androidx/compose/ui/platform/AndroidComposeViewTranslationCallback,2,8,25.0
02713af46aa9a8e3,com/bnyro/clock/navigation/NavRoutes$Home,2,7,28.57
d8df5cfee5a96b54,androidx/compose/animation/core/SuspendAnimationKt$animate$4,2,2,100.0
7689157f800d891e,androidx/compose/ui/semantics/SemanticsProperties$IsDialog$1,2,5,40.0
0013351a438b1c65,kotlinx/coroutines/scheduling/CoroutineScheduler$Companion,2,2,100.0
cf6a51be1bb1bf95,androidx/compose/ui/platform/AndroidCompositionLocals_androidKt$LocalContext$1,2,4,50.0
56afe2e521e65f51,androidx/compose/ui/semantics/SemanticsProperties$Text$1,2,9,22.22
e8e4a6c52fc55ae0,androidx/compose/animation/core/AnimationStateKt,2,69,2.9
62370a0290f683c8,androidx/compose/animation/LayoutModifierNodeWithPassThroughIntrinsics,2,6,33.33
a94eb161ad8d6eb1,kotlin/jvm/internal/FunctionReferenceImpl,2,6,33.33
c1f4391eee420db1,androidx/compose/ui/graphics/GraphicsLayerScopeKt,2,19,10.53
7356bb3202dd71a7,kotlinx/coroutines/sync/SemaphoreSegment,2,16,12.5
f3bfeff27c7f1b2d,androidx/compose/ui/graphics/layer/GraphicsLayer$Companion,2,2,100.0
e2ce0ab8270f6459,androidx/compose/animation/core/AnimationVector4D,2,44,4.55
6759c80944e96093,androidx/sqlite/db/SupportSQLiteOpenHelper$Callback,2,66,3.03
6a14dff99a0074c0,androidx/activity/compose/PredictiveBackHandlerKt$PredictiveBackHandler$2$invoke$$inlined$onDispose$1,2,4,50.0
d5f53efd5654b669,kotlin/UNINITIALIZED_VALUE,2,2,100.0
f31d19aa2d937c11,androidx/compose/ui/graphics/colorspace/Adaptation$Companion$Ciecat02$1,2,3,66.67
5cd25e901aa303db,androidx/compose/runtime/tooling/CompositionErrorContextImpl,2,10,20.0
3e5418ce3ed5430a,androidx/compose/ui/platform/CompositionLocalsKt$LocalGraphicsContext$1,2,4,50.0
2185b6a556cb5aa1,androidx/compose/runtime/DisposableEffectScope,2,4,50.0
8c4b9308c0b354ba,androidx/navigation/compose/ComposeNavigator$Companion,2,2,100.0
ba09a7c8104cf6c0,androidx/compose/runtime/saveable/SaveableStateRegistryImpl$registerProvider$3,2,13,15.38
b563746ed94a6318,androidx/compose/foundation/ComposeFoundationFlags,2,12,16.67
8b9448c0ac8c44bc,androidx/sqlite/db/framework/FrameworkSQLiteOpenHelper$Companion,2,2,100.0
ea5083e9f10133d0,androidx/compose/ui/SessionMutex,2,18,11.11
a68f4752e852c2e4,kotlin/enums/EnumEntriesList,2,24,8.33
ca9075040ef24ae4,androidx/compose/ui/input/pointer/AndroidPointerIconType,2,11,18.18
ba5332300f454cad,androidx/compose/ui/MotionDurationScale,2,2,100.0
7594e65508be40eb,kotlin/ranges/IntRange$Companion,2,3,66.67
f0f341d16b98612f,androidx/compose/ui/draganddrop/DragAndDropNode$Companion$DragAndDropTraversableKey,2,2,100.0
e165f3343aa6936e,androidx/compose/ui/node/LookaheadCapablePlaceable$Companion$onCommitAffectingRuler$1,2,7,28.57
429a075353a7edcf,androidx/collection/IntIntMapKt,2,48,4.17
da2b461d36cdf14b,androidx/compose/animation/Fade,2,19,10.53
6ca646c419ce0818,kotlinx/serialization/internal/ArrayListClassDesc,2,3,66.67
581d5991886d6257,androidx/compose/ui/semantics/SemanticsProperties$TestTag$1,2,4,50.0
7234c6d350a59f87,kotlinx/serialization/descriptors/SerialKind,2,4,50.0
cda52bba62a45f70,androidx/sqlite/db/SupportSQLiteOpenHelper$Callback$Companion,2,2,100.0
44523c42a17692ad,androidx/compose/foundation/AbstractClickableNode$TraverseKey,2,2,100.0
eeac1850374daa68,androidx/compose/ui/node/OwnerSnapshotObserver$onCommitAffectingLayoutModifier$1,2,7,28.57
60bb78dd109ef312,androidx/compose/foundation/lazy/layout/LazyLayoutKt$LazyLayout$lambda$1$2$0$$inlined$onDispose$1,2,6,33.33
66ecf44c3b4b2204,androidx/compose/ui/graphics/vector/PathNode$VerticalTo,2,14,14.29
93d431d23f31d6c3,androidx/compose/ui/layout/AlignmentLineKt$LastBaseline$1,2,5,40.0
f3ab718f877b595c,androidx/compose/material3/TypographyKt$LocalTypography$1,2,4,50.0
fa41e5f46b9a183e,androidx/compose/ui/node/OwnerSnapshotObserver$onCommitAffectingLayoutModifierInLookahead$1,2,7,28.57
cd8d198256ca9ef7,androidx/compose/ui/node/OnPositionedDispatcher$Companion$DepthComparator,2,5,40.0
98c919105d6b8086,androidx/compose/ui/graphics/Brush$Companion,2,152,1.32
63fc3540a9845300,androidx/compose/animation/ExitTransitionImpl,2,2,100.0
2c50b12a283d9903,androidx/compose/ui/semantics/EmptySemanticsModifier,2,3,66.67
4eb81de46694e99f,androidx/compose/ui/platform/AndroidCompositionLocals_androidKt$obtainResourceIdCache$1$1$invoke$$inlined$onDispose$1,2,4,50.0
e29a36ec336b3b70,androidx/compose/foundation/gestures/DefaultScrollableState$scrollScope$1,2,10,20.0
fec21821df0b659a,androidx/compose/ui/graphics/colorspace/Xyz,2,66,3.03
8a71c11d9a68ed7c,androidx/compose/ui/node/SemanticsModifierNode,2,3,66.67
61a6096bcd8f09c2,com/bnyro/clock/presentation/screens/timer/model/TimerModel$timePickerFakeUnits$2,2,8,25.0
3f289b95ac1d0428,androidx/compose/ui/semantics/SemanticsPropertyKey$1,2,5,40.0
862a3938bab65928,androidx/compose/foundation/lazy/layout/LazyLayoutPinnableItemKt$LazyLayoutPinnableItem$lambda$1$0$$inlined$onDispose$1,2,4,50.0
6fc34afd2cd39562,androidx/compose/foundation/text/TextDelegateKt,2,33,6.06
b5a43d30d1a2f5a7,androidx/compose/ui/platform/ComposableSingletons$Wrapper_androidKt$lambda$-1759434350$1,2,11,18.18
5d6e56dc565f4171,androidx/compose/ui/graphics/AndroidMatrixConversions_androidKt,2,4,50.0
0967036114012298,androidx/compose/ui/text/SaversKt$ColorSaver$2,2,7,28.57
d83c4fdc19c3928e,androidx/navigation/compose/DialogNavigator$Companion,2,2,100.0
4b5456d67959b86e,androidx/compose/runtime/ParcelableSnapshotMutableLongState$Companion,2,3,66.67
76545ab32334b36f,androidx/compose/ui/semantics/SemanticsProperties$Role$1,2,4,50.0
3fd90d5b007b3e3b,androidx/navigation/NavControllerKt__NavController_androidKt,2,12,16.67
4c82f4145c5a2809,androidx/lifecycle/viewmodel/internal/CanonicalName_jvmKt,2,3,66.67
c039292e1aaadf6b,androidx/compose/ui/platform/CompositionLocalsKt$LocalFontLoader$1,2,4,50.0
b585cd2b895b7d1b,kotlinx/coroutines/NonDisposableHandle,2,6,33.33
afa81c2d0228ccad,androidx/compose/foundation/gestures/ScrollableContainerNode$TraverseKey,2,2,100.0
5ce65541dcee784a,androidx/compose/ui/layout/AlignmentLineKt$FirstBaseline$1,2,5,40.0
3c67b8ead9e5106e,androidx/compose/runtime/SnapshotStateKt__SnapshotFlowKt$collectAsState$1$1$1,2,2,100.0
5c5822bef5b6b65e,androidx/lifecycle/ProcessLifecycleOwner$initializationListener$1,2,5,40.0
2d53de7d71b53f8b,androidx/compose/ui/node/NodeCoordinator$Companion,2,4,50.0
b59ed4431c05b0c8,androidx/compose/ui/layout/ComposableSingletons$SubcomposeLayoutKt$lambda$641200809$1,2,11,18.18
435ac659746adc7d,androidx/emoji2/text/DefaultEmojiCompatConfig,2,3,66.67
364f2251e834613d,androidx/compose/ui/semantics/SemanticsProperties$InvisibleToUser$1,2,4,50.0
46f8732d2f3867cc,androidx/core/view/DisplayCutoutCompat,2,67,2.99
74f06738eb00b5f9,com/bnyro/clock/data/database/AppDatabase_AutoMigration_6_7_Impl,2,4,50.0
75339d0d8b59ee55,androidx/compose/runtime/RecomposeScopeImpl$Companion,2,36,5.56
548daeeba49333c1,androidx/compose/ui/graphics/drawscope/DrawContextKt,2,2,100.0
b71fca0b530dd326,androidx/room/coroutines/FlowUtil$createFlow$$inlined$map$1,2,5,40.0
c57475b31f4512c8,kotlinx/coroutines/ChildContinuation,2,3,66.67
324978295df50ac8,kotlin/Unit,2,3,66.67
c05065bb44158c9c,com/bnyro/clock/navigation/HomeRoutes$Alarm,2,2,100.0
bde4382903d42b7e,androidx/compose/ui/semantics/SemanticsProperties$PaneTitle$1,2,5,40.0
663af7f7203d5c98,androidx/lifecycle/viewmodel/CreationExtras$Companion,2,4,50.0
ba0cc5295d14ef4a,androidx/compose/material/icons/Icons$Filled,2,2,100.0
b6f464d811a15ef1,androidx/compose/ui/graphics/RectangleShapeKt,2,3,66.67
b38cc4c5f4e88e28,androidx/compose/foundation/lazy/layout/AndroidPrefetchScheduler$PrefetchRequestScopeImpl,2,9,22.22
e70d9acb66f366a5,androidx/compose/runtime/ParcelableSnapshotMutableIntState$Companion,2,3,66.67
b0bfabbd8b019d9f,androidx/lifecycle/AtomicReference,2,4,50.0
3ab06beba802f4c7,androidx/activity/ViewTreeFullyDrawnReporterOwner,2,6,33.33
e02858e255ee8082,androidx/compose/ui/text/platform/SynchronizedObject,2,2,100.0
955e6a183cb2ee59,kotlinx/coroutines/EventLoopImplBase,2,189,1.06
cb3df007ebeecd06,androidx/compose/ui/ComposeUiFlags,2,23,8.7
3cf5f4ffd4aa9176,androidx/compose/ui/node/ObserverNodeOwnerScope$Companion$OnObserveReadsChanged$1,2,6,33.33
fd774efa60d6eeb2,kotlinx/coroutines/internal/ConcurrentLinkedListKt,2,85,2.35
7b0a765f6a40caf8,androidx/compose/material3/ContentColorKt$LocalContentColor$1,2,4,50.0
c12548798c2ab88e,kotlin/collections/CollectionsKt___CollectionsJvmKt,2,68,2.94
f3189ab692a9f50f,androidx/navigation/internal/NavBackStackEntryStateImpl$Companion,2,2,100.0
c716604fa2212b69,androidx/compose/ui/text/SaversKt$ColorSaver$1,2,9,22.22
94e14d8bf8521f2b,androidx/compose/ui/platform/IndirectPointerNavigationGestureDetector$gestureDetector$1,2,30,6.67
27ab1a1c9118529d,kotlin/collections/builders/ListBuilderKt,2,41,4.88
86615bac67690492,kotlinx/coroutines/flow/StateFlowImpl$collect$1,2,2,100.0
a354cfbebaf71827,androidx/compose/runtime/retain/ForgetfulRetainedValuesStore,2,9,22.22
45dd96bb0ab6b79b,androidx/tracing/TraceApi18Impl,2,3,66.67
3b2e59f0647358fb,androidx/savedstate/Recreator$Companion,2,2,100.0
9c476acc7acd221a,androidx/savedstate/internal/SavedStateRegistryImpl$Companion,2,2,100.0
a0021914c79f10d5,androidx/concurrent/futures/AbstractResolvableFuture$Listener,2,2,100.0
1a42054b206f813b,kotlinx/coroutines/internal/Segment,2,28,7.14
34f05efa8ff73ba3,androidx/navigation/internal/NavControllerImpl$Companion,2,2,100.0
1571aa611923786d,androidx/activity/OnBackPressedDispatcher$OnBackPressedCancellable,2,11,18.18
52c86cd1877f4716,com/bnyro/clock/navigation/HomeRoutes$Clock,2,2,100.0
3c3e915d81be72a8,androidx/compose/material/ripple/RippleThemeKt$LocalRippleTheme$1,2,4,50.0
04640ef26d56e9b8,kotlinx/coroutines/flow/FlowKt__LimitKt,2,58,3.45
30f08991d640015b,kotlinx/serialization/descriptors/StructureKind$LIST,2,2,100.0
3033b34ecf7c6285,androidx/lifecycle/AndroidViewModel,2,3,66.67
90dfcb8fe758128e,kotlinx/coroutines/flow/FlowKt__ZipKt$combine$$inlined$unsafeFlow$1,2,5,40.0
7dfacf8d5ab92645,androidx/compose/ui/graphics/AndroidGraphicsContext$1,2,8,25.0
cc70c36c1b2e5abf,androidx/compose/runtime/ParcelableSnapshotMutableFloatState$Companion,2,3,66.67
71b351feed75f3b5,androidx/compose/ui/node/InnerNodeCoordinator$Companion,2,3,66.67
7df35215bc3c6d7d,kotlinx/serialization/json/Json$Default,2,2,100.0
d6f504eded6501cc,androidx/compose/ui/graphics/drawscope/EmptyCanvas,2,26,7.69
98c0284ed843367e,androidx/compose/ui/platform/AndroidCompositionLocals_androidKt$ProvideAndroidCompositionLocals$1$1$invoke$$inlined$onDispose$1,2,4,50.0
612fd4cc1991a2c5,androidx/compose/ui/platform/InspectionModeKt,2,2,100.0
1e278f69d6b8494d,com/bnyro/clock/data/database/AppDatabase_AutoMigration_8_9_Impl,2,5,40.0
0a2d9746c780f42e,androidx/concurrent/futures/AbstractResolvableFuture$Waiter,2,9,22.22
6198a120c4ce6abd,androidx/compose/ui/graphics/layer/LayerSnapshotV28,2,3,66.67
8cfd884707f2ed84,androidx/compose/foundation/layout/Arrangement$SpaceEvenly$1,2,9,22.22
e4d90f320a04af20,androidx/compose/ui/text/font/AndroidFontResolveInterceptor_androidKt,2,2,100.0
955ae8e737460428,androidx/compose/runtime/changelist/ComposerChangeListWriter$Companion,2,2,100.0
3243a4e5819999e6,androidx/compose/ui/platform/AndroidCompositionLocals_androidKt$obtainImageVectorCache$callbacks$1$1,2,7,28.57
c24182777c2522fa,androidx/compose/ui/semantics/CollectionInfo,2,12,16.67
bb6f44f575217449,androidx/compose/runtime/RememberedCoroutineScope$Companion,2,2,100.0
4e4cbf66009c7f48,androidx/compose/runtime/external/kotlinx/collections/immutable/internal/EndOfChain,2,2,100.0
23a8a5b5ffd826c6,kotlin/jvm/internal/FloatCompanionObject,2,14,14.29
01dd2927e327f4d2,kotlin/jvm/internal/IntCompanionObject,2,4,50.0
d887b2611a68ff9b,kotlinx/coroutines/android/HandlerDispatcher,2,4,50.0
cd19af2e0502c810,androidx/compose/runtime/internal/Expect_jvmKt,2,2,100.0
12d3c4a7212f887e,androidx/compose/ui/draw/ClipKt,2,2,100.0
8f14cdaaa641bbcf,androidx/navigation/NavDeepLink$Companion,2,2,100.0
65647f7b4493e1bd,androidx/compose/ui/text/SaversKt$NonNullValueClassSaver$1,2,4,50.0
c5ceb2bf3a4f0270,kotlinx/coroutines/scheduling/NanoTimeSource,2,3,66.67
8dcf719b3848bb7c,androidx/compose/ui/geometry/RoundRect$Companion,2,4,50.0
2cc65c4f8999e675,androidx/compose/foundation/layout/RowColumnMeasurePolicy,2,4,50.0
14ebf74e1bf3372c,androidx/compose/ui/graphics/AndroidGraphicsContext$Companion,2,4,50.0
4a9f0600f951ca4d,androidx/compose/animation/core/SeekableTransitionState$Companion,2,4,50.0
34fbc0aa579bbc42,androidx/compose/runtime/CancelledCoroutineContext,2,7,28.57
694c517ab06dc7d5,androidx/compose/foundation/pager/PagerState$pagerCacheWindow$1,2,4,50.0
b20a3712a0d26a5f,androidx/compose/ui/graphics/drawscope/Stroke$Companion,2,4,50.0
7adb7a399bb854cd,androidx/compose/ui/graphics/Matrix$Companion,2,2,100.0
f4365125c638cc9c,androidx/room/BaseRoomConnectionManager,2,209,0.96
0ae3e385b515c3cb,androidx/compose/ui/platform/CompositionLocalsKt$LocalCursorBlinkEnabled$1,2,4,50.0
3e84b7cced264bd3,androidx/lifecycle/ViewModelProvider$NewInstanceFactory$Companion,2,7,28.57
cb68bd3f57551ec0,androidx/compose/runtime/internal/AwaiterQueue$Awaiter,2,2,100.0
e08d353c8f3d1540,androidx/compose/ui/platform/CompositionLocalsKt$LocalClipboard$1,2,4,50.0
efd7423b6b5a297b,androidx/compose/ui/node/ComposeUiNode$Companion$VirtualConstructor$1,2,4,50.0
353509bf3f0fac48,androidx/compose/foundation/lazy/layout/LazyLayoutBeyondBoundsStateKt,2,32,6.25
63cb61b4be7993df,androidx/compose/runtime/snapshots/ReaderKind,2,25,8.0
44025ec6eb765e51,androidx/compose/foundation/layout/BoxKt$EmptyBoxMeasurePolicy$1,2,4,50.0
1e4ebc21ffa84237,androidx/compose/ui/semantics/SemanticsActions$CustomActions$1,2,7,28.57
84b693482fefb7e9,androidx/compose/ui/graphics/vector/PathNode$RelativeHorizontalTo,2,14,14.29
180c3f7bf422acac,com/bnyro/clock/data/database/dao/Converters,2,14,14.29
39cc3e35b05337ab,androidx/navigation/StringNavType,1,28,3.57
97b7206f5e7979b9,kotlinx/serialization/modules/SerializersModuleBuildersKt,1,25,4.0
684c2a79904df258,androidx/emoji2/text/EmojiCompat$CompatInternal,1,10,10.0
ab3a14c16be8b43c,androidx/compose/ui/layout/ContentScale$Companion$Crop$1,1,5,20.0
e152f11d791ff964,androidx/room/TriggerBasedInvalidationTracker$createFlow$1,1,27,3.7
a8f5e83ce270d2e0,androidx/profileinstaller/ProfileInstallerInitializer$Result,1,1,100.0
b2b87b563f5456d8,com/bnyro/clock/data/database/AppDatabase$Companion$MIGRATION_1_2$1,1,4,25.0
ece3cae3be8a88ed,androidx/compose/ui/Alignment,1,1,100.0
c88e6ccdfc10c822,androidx/compose/ui/input/nestedscroll/NestedScrollDispatcher$calculateNestedScrollScope$1,1,3,33.33
792bdd592024642d,androidx/compose/ui/layout/ContentScale,1,1,100.0
c8ce752085fd886e,kotlinx/coroutines/flow/FlowKt__ReduceKt$first$$inlined$collectWhile$2$1,1,2,50.0
4086d8c8ca51c29e,androidx/profileinstaller/ProfileVerifier$CompilationStatus,1,5,20.0
11547f9a2b14455c,kotlin/TuplesKt,1,5,20.0
dd2a6560775fdf82,androidx/lifecycle/SavedStateHandleSupport$special$$inlined$Key$2,1,1,100.0
c2d51a3e352d8d59,androidx/compose/foundation/FocusableNode$focusTargetNode$1,1,3,33.33
a8d0f18e7f91366b,androidx/compose/animation/EnterExitTransitionKt$slideInVertically$2,1,6,16.67
343a89813012dd0f,androidx/navigation/FloatArrayNavType,1,50,2.0
fe5faf93f09f7188,kotlinx/coroutines/StandaloneCoroutine,1,2,50.0
b3354fab62789e0b,androidx/compose/animation/core/DecayAnimationSpecKt,1,17,5.88
b67145ce9692d426,androidx/compose/ui/platform/AndroidUiFrameClock$withFrameNanos$2$1,1,3,33.33
90278dfd6c1340c5,androidx/compose/material3/SurfaceKt$Surface$1$3,1,7,14.29
ef0825c71a15e1cb,androidx/lifecycle/ViewModelProvider$OnRequeryFactory,1,2,50.0
6968dbe6fd983e38,kotlinx/coroutines/flow/SharedFlowImpl$collect$1,1,2,50.0
4a4f0c237630c173,androidx/compose/ui/platform/ComposeView$Content$1,1,3,33.33
931d67ce2887dd66,androidx/compose/ui/node/LayoutNode$Companion$DummyViewConfiguration$1,1,6,16.67
e18b25be29fd8c89,androidx/compose/animation/AnimatedVisibilityKt$AnimatedEnterExitImpl$4,1,3,33.33
a8fe6d992126051c,androidx/compose/foundation/FocusableNode$applySemantics$1,1,3,33.33
203aeebbd7c2582a,androidx/lifecycle/SavedStateHandleSupport$special$$inlined$Key$3,1,1,100.0
bcf4056c094141a9,androidx/compose/ui/input/nestedscroll/NestedScrollNode$updateDispatcherFields$1,1,3,33.33
fb9dea51f39523d1,androidx/compose/runtime/PrimitiveSnapshotStateKt,1,3,33.33
b608fdaaeac690ee,androidx/compose/animation/core/VectorizedDurationBasedAnimationSpec,1,7,14.29
3acdee8d90a7c54e,androidx/collection/MutableLongList,1,157,0.64
54d4b169aa10de6f,kotlinx/coroutines/flow/SharingStarted,1,1,100.0
f09be23cf933ea48,kotlinx/coroutines/EventLoopImplPlatform,1,8,12.5
b1c7af478461bb3c,kotlinx/coroutines/channels/ProducerCoroutine,1,11,9.09
a2adfe6e0f8722a1,androidx/compose/runtime/ParcelableSnapshotMutableIntState$Companion$CREATOR$1,1,5,20.0
aa2f1c040d1f8910,androidx/navigation/IntArrayNavType,1,50,2.0
b01ebf4d9f753209,androidx/core/view/SoftwareKeyboardControllerCompat$Impl20,1,24,4.17
0ff7c2138a6db5cd,kotlin/collections/ArraysKt__ArraysJVMKt,1,14,7.14
fc3e18ae060d20d0,androidx/compose/ui/unit/LinearFontScaleConverter,1,14,7.14
ebfece83de0a592f,androidx/compose/ui/platform/AndroidCompositionLocals_androidKt$ProvideAndroidCompositionLocals$3,1,3,33.33
f7e66e29cbaa5010,androidx/compose/ui/text/platform/ImmutableBool,1,3,33.33
1492cfa2afb5960d,com/bnyro/clock/data/database/AppDatabase$Companion$MIGRATION_7_8$1,1,6,16.67
eb0838804daa9ca9,androidx/compose/runtime/collection/ScatterSetWrapperKt,1,50,2.0
911bfce1a730485a,kotlinx/coroutines/internal/Removed,1,2,50.0
b6c02aa95290ec67,androidx/lifecycle/LifecycleRegistry_androidKt,1,1,100.0
d4bbb3627e3e1b40,androidx/compose/ui/node/NodeCoordinator$Companion$SemanticsSource$1,1,12,8.33
569d10f8bc78b8ae,androidx/core/os/HandlerCompat$Api28Impl,1,4,25.0
16e4ed30437eda14,androidx/compose/foundation/gestures/BringIntoViewSpec$Companion$DefaultBringIntoViewSpec$1,1,1,100.0
0b0fb076de274795,androidx/compose/foundation/gestures/snapping/PagerSnapLayoutInfoProviderKt,1,49,2.04
5cc8f66095e36d96,androidx/compose/foundation/pager/PagerWrapperFlingBehavior,1,30,3.33
4174e6c84bb35eed,androidx/compose/ui/graphics/colorspace/Rgb$oetf$1,1,3,33.33
664593cfe1d8e6bb,kotlinx/coroutines/CoroutineExceptionHandler,1,1,100.0
7c4e8aa60e210a23,androidx/compose/ui/semantics/SemanticsConfigurationKt,1,1,100.0
06e21ab4c08a3e29,androidx/compose/foundation/gestures/BringIntoViewSpec_androidKt$PivotBringIntoViewSpec$1,1,11,9.09
0a828996e9bd99bb,androidx/compose/ui/layout/ContentScale$Companion$FillWidth$1,1,7,14.29
1ee80883889d5dd4,androidx/compose/ui/layout/RectRulers,1,1,100.0
758657c11d972cf2,androidx/core/view/accessibility/AccessibilityNodeProviderCompat$AccessibilityNodeProviderApi26,1,4,25.0
95f8e4dadfe0ade8,kotlin/jvm/internal/Ref$BooleanRef,1,2,50.0
656a4dd5d696fd1c,androidx/compose/ui/platform/ViewRootForTest,1,1,100.0
57e20e808b4a4110,androidx/savedstate/internal/SynchronizedObject,1,1,100.0
b57820a12750f1d6,com/bnyro/clock/data/database/dao/TimeZonesDao_Impl$2,1,5,20.0
0bbd233451aeba44,androidx/compose/ui/node/ComposeUiNode,1,1,100.0
9349c3d4583a9bc2,androidx/compose/foundation/gestures/ScrollableNode$setScrollSemanticsActions$2,1,12,8.33
86cf9e1c23f07849,androidx/arch/core/internal/SafeIterableMap$SupportRemove,1,1,100.0
eea6c61f580f7325,kotlin/jvm/internal/MutablePropertyReference,1,3,33.33
3180bd0c2b21541d,androidx/core/view/accessibility/AccessibilityNodeProviderCompat$AccessibilityNodeProviderApi19,1,15,6.67
1a0cce02ba01cdbd,kotlin/collections/IntIterator,1,4,25.0
3989c6d3c61b5afa,androidx/compose/ui/platform/coreshims/ViewCompatShims$Api30Impl,1,2,50.0
24eb4f2dbf43173a,com/bnyro/clock/data/database/dao/AlarmsDao_Impl$2,1,5,20.0
f52130dfdec8a8da,kotlinx/coroutines/SupervisorJobImpl,1,2,50.0
a45e84ded0db73a2,androidx/emoji2/text/EmojiCompat$DefaultSpanFactory,1,2,50.0
8a770f88532722d8,androidx/compose/ui/layout/ContentScale$Companion$Inside$1,1,16,6.25
c683bfee8c71811d,androidx/core/view/WindowInsetsCompat$Impl29,1,16,6.25
6cb0b58acbd486b6,androidx/compose/animation/EnterExitTransitionModifierNode$slideSpec$1,1,15,6.67
e1db842ebe6b7fc5,androidx/compose/ui/platform/DisposableSaveableStateRegistry_androidKt$DisposableSaveableStateRegistry$1,1,6,16.67
1ab427acd86f211b,androidx/compose/ui/platform/AndroidComposeViewAccessibilityDelegateCompat$ComposeAccessibilityNodeProvider,1,18,5.56
5be59cfd786bdb07,androidx/compose/runtime/SnapshotLongState_androidKt,1,1,100.0
5800c6bf0fe515db,androidx/tracing/TraceApi29Impl,1,5,20.0
10a449fb462e1bf9,androidx/savedstate/SavedStateWriterKt,1,1,100.0
4b4e29d4cef778fc,com/bnyro/clock/ui/MainActivity$timerServiceConnection$1$onServiceConnected$5,1,3,33.33
c0ac7e48cb345142,androidx/compose/ui/text/font/FontListFontFamilyTypefaceAdapter$special$$inlined$CoroutineExceptionHandler$1,1,2,50.0
c77e30947c1dbf61,com/bnyro/clock/ui/MainActivity$timerServiceConnection$1$onServiceConnected$3,1,4,25.0
cae3e787aaf05335,androidx/compose/ui/input/pointer/PointerButtons,1,15,6.67
718d111f8dc2f9e7,androidx/compose/ui/node/DelegatableNode,1,2,50.0
d2b15ce671701bfc,androidx/compose/animation/core/VectorizedFiniteAnimationSpec,1,5,20.0
b04f022ae610e0ab,androidx/navigation/compose/NavHostKt$NavHost$25$1,1,29,3.45
bbf474c0ec492795,androidx/compose/ui/text/input/TextInputServiceAndroid_androidKt,1,59,1.69
613fc1cd6a275e2f,androidx/compose/ui/platform/CompositionLocalsKt$ProvideCommonCompositionLocals$1,1,3,33.33
c9e444f8ccf794eb,androidx/room/EntityInsertAdapter,1,138,0.72
c1bc329b441d1268,androidx/compose/ui/graphics/vector/VectorPainter$vector$1$1,1,3,33.33
753e7524ebc59e85,kotlin/jvm/internal/MutablePropertyReference1,1,10,10.0
69fc567a2ff43517,androidx/core/app/NotificationManagerCompat$Api26Impl,1,12,8.33
6c773b101305711a,androidx/compose/ui/input/pointer/SuspendingPointerInputFilterKt$sam$androidx_compose_ui_input_pointer_PointerInputEventHandler$0,1,8,12.5
ce2600d1898d62f9,androidx/compose/foundation/pager/PagerBringIntoViewSpec,1,31,3.23
1aea0e30177f262d,androidx/compose/foundation/lazy/layout/LazyLayoutItemProvider,1,3,33.33
301c4f122390a93f,androidx/compose/ui/platform/AndroidComposeView$onAttachedToWindow$1,1,3,33.33
05beb83add15252e,androidx/navigation/LongListNavType,1,49,2.04
96125adb7cdf55d6,androidx/navigation/BoolListNavType,1,49,2.04
85ada8264924114f,androidx/compose/runtime/SnapshotState_androidKt,1,1,100.0
2780ff9858e9a507,androidx/core/view/SoftwareKeyboardControllerCompat$Impl,1,3,33.33
65a2fff19975e6dd,androidx/compose/ui/text/android/style/LineHeightStyleSpan_androidKt,1,1,100.0
459e8cccd64ccae1,androidx/profileinstaller/ProfileInstaller$2,1,22,4.55
1745cc0163cdde8c,androidx/emoji2/text/DefaultEmojiCompatConfig$DefaultEmojiCompatConfigHelper_API28,1,2,50.0
12a7a0c54026844e,androidx/compose/ui/text/font/AsyncTypefaceCache$AsyncTypefaceResult,1,19,5.26
e53517a3f205669f,kotlinx/coroutines/MainCoroutineDispatcher,1,12,8.33
3ca80071598c0344,kotlinx/coroutines/flow/FlowKt__ReduceKt$first$3,1,2,50.0
53e772b5bfddc8ac,androidx/compose/foundation/shape/CornerSizeKt$ZeroCornerSize$1,1,5,20.0
4c4c3de624f85374,androidx/compose/ui/geometry/SizeKt,1,41,2.44
acac8c6b952523ce,androidx/compose/ui/graphics/vector/GroupComponent$wrappedListener$1,1,6,16.67
fe27cdc01afc5f21,kotlin/jvm/internal/MutablePropertyReference1Impl,1,8,12.5
3f76068e53572c91,androidx/compose/runtime/ParcelableSnapshotMutableState$Companion$CREATOR$1,1,16,6.25
6b9dada4cee34e9a,androidx/profileinstaller/ProfileInstallerInitializer$Handler28Impl,1,2,50.0
9cdfb937082aeb99,androidx/compose/ui/platform/AndroidComposeViewAccessibilityDelegateCompat$onSendAccessibilityEvent$1,1,3,33.33
c56f44f46cd39b2f,androidx/compose/animation/AnimatedContentScopeImpl,1,3,33.33
3748df5662ac7cc6,androidx/compose/material3/ProvideContentColorTextStyleKt$ProvideContentColorTextStyle$1,1,3,33.33
49c39692c4f00d24,androidx/activity/ComponentActivity$5,1,9,11.11
80eeab54a5553868,androidx/compose/foundation/pager/LazyLayoutPagerKt$dragDirectionDetector$1,1,3,33.33
fcf8ec9aceb4887a,kotlin/collections/SetsKt__SetsKt,1,31,3.23
630695b5a3aaf3b7,kotlin/coroutines/ContinuationInterceptor,1,1,100.0
bdb91d658983efe9,kotlinx/coroutines/internal/ScopeCoroutine,1,8,12.5
3146f19bc4b4e2d7,kotlinx/coroutines/flow/internal/ChannelFlowTransformLatest$flowCollect$3$1$emit$1,1,2,50.0
eaac6e2666e104d4,androidx/compose/foundation/AndroidEdgeEffectOverscrollEffect$pointerInputNode$1,1,3,33.33
214410e2691f8e79,androidx/core/view/SoftwareKeyboardControllerCompat$Impl30,1,37,2.7
1ee1f2e11d3d07f3,androidx/compose/foundation/AbstractClickableNode$focusableNode$1,1,3,33.33
44674501a9dd8e6b,androidx/lifecycle/ViewModelProvider$AndroidViewModelFactory$special$$inlined$Key$1,1,1,100.0
6126262e1a212bcc,androidx/compose/ui/platform/coreshims/ViewCompatShims$Api29Impl,1,2,50.0
3b41feb96432e724,androidx/compose/ui/input/pointer/PointerId,1,16,6.25
0584559561f71712,androidx/navigation/StringListNavType,1,49,2.04
d97b147cf6523dad,kotlin/jvm/internal/PropertyReference0Impl,1,7,14.29
17f5869c95f70261,kotlin/jvm/internal/Ref$ObjectRef,1,2,50.0
41adc760bea11f72,androidx/compose/ui/layout/VerticalRuler$Companion$minOf$1,1,3,33.33
3857bee6c0e51115,androidx/compose/foundation/pager/PagerSnapDistance,1,1,100.0
0929a29eb224dede,androidx/compose/runtime/internal/PersistentCompositionLocalMapKt,1,5,20.0
b589ee2794716886,androidx/compose/foundation/layout/Arrangement$Start$1,1,6,16.67
6feb2123fe7057e3,androidx/compose/foundation/layout/Arrangement$Bottom$1,1,3,33.33
22e5cbce56efe8af,androidx/compose/runtime/SnapshotIntStateKt,1,3,33.33
751ace09189034f2,androidx/compose/ui/graphics/colorspace/Rgb$eotf$1,1,3,33.33
0aa6088b3fbefa0d,kotlinx/coroutines/flow/internal/AbstractSharedFlowKt,1,1,100.0
0a13c6f0f9cf0280,androidx/navigation/BoolArrayNavType,1,50,2.0
d3722101dd9e785c,androidx/core/view/WindowInsetsControllerCompat$Impl,1,12,8.33
88152a5fc22fe7a1,androidx/navigation/compose/NavHostControllerKt,1,2,50.0
6df5eab4315e01cc,androidx/compose/foundation/pager/PagerStateKt$UnitDensity$1,1,3,33.33
09984dd1b0f0d36a,androidx/compose/foundation/gestures/ScrollableStateKt,1,17,5.88
63a0883d5e6c7225,androidx/compose/ui/platform/Wrapper_androidKt$doSetContent$1,1,8,12.5
4d700291c411ac2c,androidx/compose/ui/layout/VerticalRuler$Companion$maxOf$1,1,3,33.33
e6e464a0611044be,androidx/compose/ui/layout/ContentScale$Companion$FillHeight$1,1,7,14.29
28d90af534142e37,androidx/navigation/IntNavType,1,17,5.88
3223369c8b0c67ab,androidx/compose/foundation/layout/Arrangement$End$1,1,6,16.67
10812ad65adbf8a1,androidx/compose/foundation/gestures/ScrollableKt$DefaultScrollMotionDurationScale$1,1,6,16.67
8ad8cb3119c2801a,androidx/collection/internal/Lock,1,5,20.0
1bf218babe7f1505,androidx/compose/foundation/pager/PagerCacheWindowScope,1,61,1.64
d4c1e6c5fcb4a685,kotlinx/coroutines/InvokeOnCompletion,1,3,33.33
283bc1dbef8bde03,androidx/compose/ui/graphics/AndroidPath_androidKt,1,12,8.33
f2e8ab9da72c562f,androidx/room/RoomDatabase$closeBarrier$1,1,3,33.33
9f0836571adbcb14,androidx/compose/ui/layout/WindowInsetsRulers,1,1,100.0
9380205a395dc222,androidx/compose/ui/layout/LayoutModifierKt,1,1,100.0
2d321ed3bca6d7fd,androidx/compose/ui/input/pointer/PointerIcon,1,1,100.0
344136deab7c515e,com/bnyro/clock/presentation/screens/clock/model/ClockModel$selectedTimeZones$1,1,15,6.67
e6b46dfbcf7dccf9,androidx/compose/ui/platform/AndroidComposeView$_inputModeManager$1,1,8,12.5
dca7ebd30751c8f5,com/bnyro/clock/data/database/dao/TimeZonesDao_Impl$1,1,8,12.5
8a3289e7e8b903ba,androidx/navigation/NavType$Companion$ReferenceType$1,1,17,5.88
20154027a69ede76,androidx/navigation/compose/NavHostKt$NavHost$lambda$48$lambda$47$$inlined$onDispose$1,1,2,50.0
7d2c7eb49d66e612,androidx/compose/ui/semantics/SemanticsPropertiesKt$getScrollViewportLength$1,1,6,16.67
9433d33f24ac5b53,androidx/compose/ui/graphics/CanvasKt,1,38,2.63
d3dc7b78b0de017a,androidx/compose/runtime/SnapshotIntStateKt__SnapshotIntStateKt,1,5,20.0
042f3e9258b9bb01,kotlinx/coroutines/CancellableContinuationImplKt,1,4,25.0
fe452238f859fd22,androidx/navigation/FloatNavType,1,13,7.69
faa0631af0beb00d,androidx/compose/ui/text/input/TextInputServiceAndroid$baseInputConnection$2,1,3,33.33
d302552554d99bca,androidx/activity/OnBackPressedDispatcher$addCallback$1,1,3,33.33
70dadebd59f6eea4,kotlin/jvm/internal/Ref$IntRef,1,2,50.0
b340133ccd4df40d,androidx/lifecycle/SavedStateHandleSupport$special$$inlined$Key$1,1,1,100.0
2146e94869fb2874,androidx/compose/runtime/internal/Thread_jvmKt,1,2,50.0
e45bcb1c1d265be2,com/bnyro/clock/presentation/screens/alarm/model/AlarmModel$alarms$1,1,41,2.44
8909ce76358dbb61,androidx/compose/ui/layout/LayoutCoordinatesKt,1,99,1.01
5abac3435530256a,androidx/lifecycle/ViewModelProvider$special$$inlined$Key$1,1,1,100.0
82783b90451a7549,androidx/compose/ui/text/font/PlatformResolveInterceptor$Companion$Default$1,1,1,100.0
0a62fb9334da4cea,androidx/compose/ui/platform/ViewCompositionStrategy$DisposeOnDetachedFromWindowOrReleasedFromPool$installFor$1,1,4,25.0
b93203206303f0c7,androidx/compose/material3/ButtonKt$Button$4,1,3,33.33
8ca3b38709634faf,androidx/navigation/CollectionNavType,1,1,100.0
df98a3e54611439d,androidx/room/EntityDeleteOrUpdateAdapter,1,39,2.56
e6ac01f538aef5ff,kotlinx/coroutines/flow/AbstractFlow$collect$1,1,2,50.0
6e9aed2b42a45b1c,androidx/compose/animation/AnimatedContentTransitionScopeImpl$slideIntoContainer$3,1,7,14.29
818a3c0549171e95,androidx/compose/foundation/lazy/layout/Lazy_androidKt,1,1,100.0
ee3c7d95e81141ac,androidx/compose/animation/core/DecayAnimationSpecImpl,1,2,50.0
dcff716406b86136,androidx/compose/runtime/external/kotlinx/collections/immutable/internal/CommonFunctionsKt,1,1,100.0
0227fd6e2743c21f,androidx/compose/ui/text/ParagraphKt,1,87,1.15
8e92b1e34b451e10,androidx/compose/ui/text/platform/AndroidParagraphHelper_androidKt$NoopSpan$1,1,2,50.0
32ad858a8381ce9b,kotlinx/coroutines/internal/Symbol,1,5,20.0
5531be0be3b452cc,androidx/profileinstaller/ProfileInstaller$1,1,3,33.33
e54a95fb1bce5137,kotlinx/coroutines/EventLoopKt,1,11,9.09
136850951897113a,kotlinx/coroutines/flow/DistinctFlowImpl$collect$2$emit$1,1,2,50.0
8ef389b8e0cb3dd3,androidx/compose/runtime/PersistentCompositionLocalMap,1,1,100.0
fc340a79ab2e8734,androidx/compose/ui/input/pointer/PointerKeyboardModifiers,1,15,6.67
50d7136d784841ae,kotlinx/coroutines/internal/ThreadLocalKt,1,2,50.0
c06eb2e3b701ff0a,androidx/compose/runtime/SnapshotLongStateKt,1,3,33.33
57ef8fb675447796,androidx/arch/core/executor/TaskExecutor,1,5,20.0
cb44d0205bb70a44,androidx/navigation/NavDeepLinkRequest,1,21,4.76
25197419c9b8e219,androidx/compose/ui/graphics/AndroidGraphicsContext_androidKt,1,1,100.0
6cad2eea5cdc2428,androidx/navigation/BoolNavType,1,21,4.76
1f7ebb5865eceb79,androidx/emoji2/text/EmojiCompat$InitCallback,1,3,33.33
e8baaf8c41911c10,androidx/compose/ui/layout/LayoutKt,1,148,0.68
a17c860cf6818b4e,androidx/compose/ui/graphics/painter/Painter$drawLambda$1,1,3,33.33
aaa2962edfdec988,androidx/profileinstaller/ProfileVersion,1,5,20.0
cf7bc02a77b5c23b,androidx/compose/ui/platform/SubcompositionKt,1,2,50.0
e1bd1ae41faa8e11,androidx/compose/runtime/CompositionLocalMap,1,1,100.0
f0ba6ad6cdeb5d6a,androidx/compose/foundation/pager/DefaultPagerNestedScrollConnection,1,47,2.13
c645a492ff5c168a,androidx/compose/ui/platform/AndroidComposeView$indirectPointerNavigationGestureDetector$1,1,3,33.33
b220a11291c879e3,kotlinx/serialization/json/internal/CreateMapForCacheKt,1,1,100.0
ac0aad07940a6e19,androidx/compose/runtime/Composer$Companion$Empty$1,1,2,50.0
e032ff3135c851e7,kotlinx/coroutines/internal/ListClosed,1,1,100.0
37da6a38d50d63d5,androidx/compose/runtime/changelist/Operation$ObjectParameter,1,16,6.25
4908db8d027eabb2,androidx/compose/runtime/SnapshotFloatState_androidKt,1,1,100.0
df7abd59e3d2eaa9,kotlinx/coroutines/flow/SharingConfig,1,1,100.0
9e66180b6430092c,androidx/compose/ui/graphics/vector/VectorComponent$1,1,3,33.33
51056d813f693897,androidx/navigation/IntListNavType,1,49,2.04
f9b03384874cf603,androidx/compose/material3/ButtonElevation$animateElevation$1$1$1,1,18,5.56
26fbfd3c24b204f6,androidx/compose/ui/contentcapture/ContentCaptureManager,1,1,100.0
d954656fb8ce3f7f,kotlinx/coroutines/ChildHandleNode,1,5,20.0
ac3b2b824bc9f7e0,androidx/compose/runtime/snapshots/SnapshotStateList$Companion$CREATOR$1,1,11,9.09
c088b4b213efec43,com/bnyro/clock/data/database/AppDatabase$Companion$MIGRATION_3_4$1,1,3,33.33
ef1ab8f91e4c7236,androidx/compose/ui/platform/AndroidTextToolbar$textActionModeCallback$1,1,3,33.33
56a327e1d830c2d7,androidx/compose/ui/layout/HorizontalRuler$Companion$maxOf$1,1,3,33.33
7615883270e5f567,androidx/compose/ui/node/NodeCoordinator$Companion$PointerInputSource$1,1,38,2.63
8924922968b1d80e,androidx/compose/runtime/SnapshotLongStateKt__SnapshotLongStateKt,1,5,20.0
ff2c072e2ace6977,androidx/compose/runtime/GroupInfo,1,7,14.29
d458618d8ad134d0,kotlinx/coroutines/channels/ChannelResult$Failed,1,2,50.0
78713a936b6a3266,androidx/navigation/FloatListNavType,1,49,2.04
2ffe9265a7d6c1be,kotlin/comparisons/ComparisonsKt__ComparisonsKt,1,81,1.23
facf599e404678ed,androidx/compose/ui/node/ParentDataModifierNodeKt,1,1,100.0
a1d3b4f2d77dc9a6,androidx/core/view/WindowInsetsCompat$BuilderImpl30,1,11,9.09
481937eb4afd7905,kotlinx/coroutines/scheduling/GlobalQueue,1,1,100.0
f1b6deda1c976feb,kotlinx/serialization/json/internal/DescriptorSchemaCache$Key,1,1,100.0
e686b918b4915716,androidx/compose/foundation/pager/LazyLayoutSemanticStateKt,1,1,100.0
ccb00a47c6f01c23,androidx/compose/ui/platform/WindowRecomposerFactory,1,1,100.0
e7010d1b6ad07cf7,com/bnyro/clock/presentation/screens/timer/model/TimerModel$persistentTimers$2,1,7,14.29
67b5ace04fe4b8f3,androidx/compose/foundation/lazy/layout/LazyLayoutBeyondBoundsProviderModifierNode$Companion$emptyBeyondBoundsScope$1,1,2,50.0
04a7ae8a818bb7e3,androidx/navigation/NavControllerKt,1,9,11.11
23ddeba0063bd212,androidx/compose/ui/layout/HorizontalRuler$Companion$minOf$1,1,3,33.33
6655be0448f6acfd,androidx/compose/runtime/Recomposer$RecomposerInfoImpl,1,46,2.17
eacb3309009ce505,kotlinx/coroutines/scheduling/SchedulerTimeSource,1,1,100.0
519a5727dda05776,androidx/compose/ui/layout/ContentScale$Companion$FillBounds$1,1,9,11.11
1955ad5f2df02559,androidx/compose/material/ripple/Ripple$rememberUpdatedInstance$1$1,1,8,12.5
1f639c1c0ff9c022,kotlin/coroutines/intrinsics/IntrinsicsKt__IntrinsicsKt,1,4,25.0
e930d906deaba232,androidx/compose/runtime/CompositionKt$ObservableCompositionServiceKey$1,1,1,100.0
1bdc093a944a1a10,androidx/emoji2/text/ConcurrencyHelpers$Handler28Impl,1,2,50.0
dd2444310764b2b6,androidx/emoji2/text/DefaultEmojiCompatConfig$DefaultEmojiCompatConfigHelper,1,4,25.0
e9f4cf4cb51a5f73,kotlinx/coroutines/CancelHandler$UserSupplied,1,3,33.33
7181346fc9b1808d,androidx/compose/animation/EnterExitTransitionKt$slideOutVertically$2,1,6,16.67
0d98f5698324770b,androidx/compose/ui/layout/LayoutNodeSubcompositionsState$ApproachMeasureScopeImpl,1,26,3.85
497ca26a9b6d5c88,kotlin/collections/ArraysUtilJVM,1,2,50.0
9abab69087540789,androidx/compose/ui/node/NodeChain$sentinelHead$1,1,2,50.0
e56d6e19d538b37a,androidx/navigation/StringArrayNavType,1,39,2.56
566eaab93710468b,androidx/compose/foundation/gestures/ScrollableKt$NoOpScrollScope$1,1,2,50.0
1b37d5ec3ff9bc74,androidx/compose/material3/TextKt$Text$1,1,3,33.33
8f6cae9e3bb0b715,androidx/compose/ui/platform/AndroidComposeView$dragAndDropManager$1,1,3,33.33
aff95483ddfbcbe7,androidx/activity/ComponentActivity$1,1,31,3.23
cbc2481f8ff4514f,kotlinx/coroutines/flow/FlowKt__BuildersKt,1,28,3.57
78b49147127766ef,kotlinx/coroutines/flow/FlowKt__EmittersKt,1,33,3.03
badfe60e316fb0cb,androidx/compose/runtime/ParcelableSnapshotMutableFloatState$Companion$CREATOR$1,1,5,20.0
309cc86410165590,androidx/compose/ui/platform/AndroidComposeViewAccessibilityDelegateCompat$boundsUpdatesEventLoop$1,1,2,50.0
dca434fc135f0678,androidx/lifecycle/viewmodel/internal/SynchronizedObject,1,1,100.0
b6053253ce4da79c,kotlinx/coroutines/Job,1,1,100.0
50098d9e3f549f4e,androidx/compose/ui/Actual_jvmKt,1,19,5.26
1ec5b639bafbcf88,androidx/room/migration/Migration,1,7,14.29
a5fc6caa22eae633,androidx/compose/ui/node/DrawModifierNode,1,1,100.0
c6acd62510434d65,kotlinx/coroutines/flow/StartedLazily,1,3,33.33
9e3c4d9b91e01ff7,androidx/compose/animation/SplineBasedDecayKt,1,14,7.14
7c762a50c2bf5928,androidx/compose/ui/platform/AndroidComposeViewAccessibilityDelegateCompat$scheduleScrollEventIfNeededLambda$1,1,3,33.33
59d63ce272e35a1f,androidx/compose/animation/AnimatedContentKt$AnimatedContent$9,1,3,33.33
4a32646a1df8ce45,androidx/compose/ui/node/NodeKind,1,18,5.56
0855677b1c498e93,com/bnyro/clock/ui/MainActivity$timerServiceConnection$1$onServiceConnected$4,1,3,33.33
181bdc8187112d88,androidx/compose/ui/platform/AndroidUiDispatcher$Companion$currentThread$1,1,8,12.5
97a603f8d2d53885,androidx/emoji2/text/EmojiCompat$MetadataRepoLoaderCallback,1,1,100.0
af13c579232c175d,androidx/compose/ui/input/nestedscroll/NestedScrollNodeKt,1,5,20.0
8954685ba9b286a3,kotlin/ResultKt,1,63,1.59
55581010c818837a,androidx/compose/foundation/gestures/Scrollable_androidKt,1,19,5.26
5635b2ffe50d7ff6,androidx/compose/foundation/gestures/BringIntoViewSpec,1,4,25.0
b11968a73d630a96,androidx/compose/runtime/ParcelableSnapshotMutableLongState$Companion$CREATOR$1,1,5,20.0
9d5dd31e914d3142,androidx/room/InvalidationTracker$implementation$1,1,4,25.0
1e993ff85ee261e1,kotlin/UnsignedKt,1,62,1.61
0ceb7a2d5f66e7cf,androidx/compose/ui/text/AndroidTextStyle_androidKt,1,7,14.29
7342f614d7d10cff,androidx/core/view/AccessibilityDelegateCompat$AccessibilityDelegateAdapter,1,25,4.0
a36ebaed4953de43,androidx/compose/runtime/BroadcastFrameClock$withFrameNanos$2$1,1,3,33.33
02ed11fc22efef60,kotlinx/coroutines/BlockingEventLoop,1,2,50.0
6742734c23e2494d,androidx/compose/ui/text/input/InputMethodManagerImpl$imm$2,1,3,33.33
4c34f6c91902ed35,kotlinx/coroutines/flow/StartedEagerly,1,3,33.33
acb3159c5fb13851,androidx/compose/runtime/PrimitiveSnapshotStateKt__SnapshotFloatStateKt,1,5,20.0
19332d5cf11c3ba1,androidx/compose/ui/platform/ViewLayer$Companion$OutlineProvider$1,1,3,33.33
a2d8b377cbed24a5,androidx/compose/ui/contentcapture/AndroidContentCaptureManager$boundsUpdatesEventLoop$1,1,2,50.0
f1b50380a0781ca4,kotlinx/coroutines/channels/Channel,1,1,100.0
8a4656e044fb76a0,androidx/compose/ui/layout/SubcomposeLayoutKt$ReusedSlotId$1,1,2,50.0
67e14cf19975ed69,kotlinx/coroutines/flow/internal/AbstractSharedFlowSlot,1,1,100.0
52250bca43ba1540,androidx/navigation/NamedNavArgumentKt,1,1,100.0
da20a8dbe3ea7e0b,androidx/navigation/internal/SynchronizedObject,1,1,100.0
0b2365f89190806d,androidx/compose/animation/EnterExitTransitionModifierNode$sizeTransitionSpec$1,1,14,7.14
0d1b9cf00b74b5b3,androidx/compose/runtime/SnapshotIntState_androidKt,1,1,100.0
ace28bf74a7bd241,androidx/compose/animation/AnimatedContentTransitionScopeImpl$slideOutOfContainer$4,1,9,11.11
bf0083a39d045ee9,androidx/compose/runtime/internal/ComposableLambdaImpl$invoke$1,1,3,33.33
9bfe45ea20682133,androidx/compose/ui/platform/coreshims/ViewCompatShims$Api26Impl,1,2,50.0
f7dd16ba880e8639,kotlinx/coroutines/flow/FlowKt__LimitKt$dropWhile$1$1$emit$1,1,2,50.0
4fc07e8fa540eb8a,androidx/compose/foundation/interaction/InteractionSourceKt,1,1,100.0
c9e3914f43aa1497,androidx/navigation/LongNavType,1,20,5.0
e5f5c7f7be84d335,androidx/compose/ui/spatial/RectManager$dispatchLambda$1,1,8,12.5
8f04e7cf91c406cf,androidx/compose/runtime/internal/System_jvmKt,1,1,100.0
9e94a2fc846927d0,androidx/compose/material/ripple/AndroidRippleIndicationInstance$onInvalidateRipple$1,1,5,20.0
6908bd072a7df1a6,androidx/compose/foundation/lazy/layout/DefaultLazyKey$Companion$CREATOR$1,1,5,20.0
aed1066813db04b7,androidx/compose/runtime/external/kotlinx/collections/immutable/implementations/immutableList/UtilsKt,1,4,25.0
7cadb2938fbabe5e,androidx/compose/ui/platform/ViewCompositionStrategy,1,1,100.0
7d43562c527756c6,androidx/navigation/LongArrayNavType,1,50,2.0
9a60c4d28793f6d1,androidx/compose/foundation/lazy/layout/StableValue,1,16,6.25
