CLASS_FILE_PATH:  --classfiles /home/ubuntu/TimeMachine/instrumented_apps/AmazeFileManager/AmazeFileManager-#1837/app/build/intermediates/javac/fdroidDebug/classes/ --classfiles /home/ubuntu/TimeMachine/instrumented_apps/AmazeFileManager/AmazeFileManager-#1837/commons_compress_7z/build/intermediates/javac/debug/classes/ --sourcefiles /home/ubuntu/TimeMachine/instrumented_apps/AmazeFileManager/AmazeFileManager-#1837/app/src/main/java/ --sourcefiles /home/ubuntu/TimeMachine/instrumented_apps/AmazeFileManager/AmazeFileManager-#1837/commons_compress_7z/src/main/java/
launching app under test...
adb -s emulator-5554 shell monkey -p com.amaze.filemanager.debug  1
SUCCESS: app is launched!
takes a while to complete starting animation ...
--taking snapshot for the initial state...
adb -s emulator-5554 shell logcat | grep controllable_widgets
-- log monitor is on...
starting monkey...
crash watcher starting...
adb -s emulator-5554 shell monkey -p com.amaze.filemanager.debug --ignore-crashes --ignore-timeouts --ignore-security-exceptions  --ignore-native-crashes --throttle 200 -v  999999 
--extracted id: 451132233  num_controllable_widgets: 4
--transiton occurs
--a new state is triggered and add 451132233 into the state graph.
!!!!!!!!!!!!!!!!!!!!!!!!!!! Generating system event !!!!!!!!!!!!!!!!!!!!!!!!!!!!!!!!!!!!!!!!!!!!!
start time:  1786925557.45   budget:  600.0   now: 1786925694.31
!!!!!!!!!!!!!!!!!!!!!!!!!!! Generating system event !!!!!!!!!!!!!!!!!!!!!!!!!!!!!!!!!!!!!!!!!!!!!
start time:  1786925557.45   budget:  600.0   now: 1786925776.41
!!!!!!!!!!!!!!!!!!!!!!!!!!! Generating system event !!!!!!!!!!!!!!!!!!!!!!!!!!!!!!!!!!!!!!!!!!!!!
start time:  1786925557.45   budget:  600.0   now: 1786925842.5
!!!!!!!!!!!!!!!!!!!!!!!!!!! Generating system event !!!!!!!!!!!!!!!!!!!!!!!!!!!!!!!!!!!!!!!!!!!!!
start time:  1786925557.45   budget:  600.0   now: 1786925926.6
!!!!!!!!!!!!!!!!!!!!!!!!!!! Generating system event !!!!!!!!!!!!!!!!!!!!!!!!!!!!!!!!!!!!!!!!!!!!!
start time:  1786925557.45   budget:  600.0   now: 1786925986.66
get_jacoco_coverage- return code:  output: Broadcasting: Intent { act=edu.gatech.m3.emma.COLLECT_COVERAGE }
Broadcast completed: result=0
---
[COVERAGE FILE EXIST?]
coverage.ec
---
---
[VALIDATE COVERAGE FILE]$ java -jar /home/ubuntu/TimeMachine/fuzzingandroid/libs/jacococli.jar report /home/ubuntu/tm-results2/AmazeFileManager-3.4.2-#1837-rebuilt.apk.timemachine.result.emulator-5554#2026-08-17-00-09-02/ec_files/emulator-55542026-08-17-00-20-21.ec  --classfiles /home/ubuntu/TimeMachine/instrumented_apps/AmazeFileManager/AmazeFileManager-#1837/app/build/intermediates/javac/fdroidDebug/classes/ --classfiles /home/ubuntu/TimeMachine/instrumented_apps/AmazeFileManager/AmazeFileManager-#1837/commons_compress_7z/build/intermediates/javac/debug/classes/ --sourcefiles /home/ubuntu/TimeMachine/instrumented_apps/AmazeFileManager/AmazeFileManager-#1837/app/src/main/java/ --sourcefiles /home/ubuntu/TimeMachine/instrumented_apps/AmazeFileManager/AmazeFileManager-#1837/commons_compress_7z/src/main/java/ &> temp
---
---
[VALIDATE MESSAGE]
---
SUCCESS: coverage file is valid!
[INFO] Loading execution data file /home/ubuntu/tm-results2/AmazeFileManager-3.4.2-#1837-rebuilt.apk.timemachine.result.emulator-5554#2026-08-17-00-09-02/ec_files/emulator-55542026-08-17-00-20-21.ec.
[INFO] Analyzing 508 classes.
 /sdcard/coverage.ec: 1 file pulled, 0 skipped. 0.1 MB/s (2932 bytes in 0.025s)
 
compute_coverage-return code:  output: /home/ubuntu/tm-results2/AmazeFileManager-3.4.2-#1837-rebuilt.apk.timemachine.result.emulator-5554#2026-08-17-00-09-02/ec_files/coveragetemp.ec /home/ubuntu/tm-results2/AmazeFileManager-3.4.2-#1837-rebuilt.apk.timemachine.result.emulator-5554#2026-08-17-00-09-02/ec_files/emulator-55542026-08-17-00-19-58.ec /home/ubuntu/tm-results2/AmazeFileManager-3.4.2-#1837-rebuilt.apk.timemachine.result.emulator-5554#2026-08-17-00-09-02/ec_files/emulator-55542026-08-17-00-20-21.ec
[INFO] Loading execution data file /home/ubuntu/tm-results2/AmazeFileManager-3.4.2-#1837-rebuilt.apk.timemachine.result.emulator-5554#2026-08-17-00-09-02/ec_files/coveragetemp.ec.
[INFO] Loading execution data file /home/ubuntu/tm-results2/AmazeFileManager-3.4.2-#1837-rebuilt.apk.timemachine.result.emulator-5554#2026-08-17-00-09-02/ec_files/emulator-55542026-08-17-00-19-58.ec.
[INFO] Loading execution data file /home/ubuntu/tm-results2/AmazeFileManager-3.4.2-#1837-rebuilt.apk.timemachine.result.emulator-5554#2026-08-17-00-09-02/ec_files/emulator-55542026-08-17-00-20-21.ec.
[INFO] Analyzing 508 classes.
   
-----------
current jacoco line coverage rate: 0.151807906955
-----------
--coverage when the new state is triggered: 0.151807906955 current jacoco line coverage rate : 0
===================> REWARD STATE <=====================
===================> REWARD STATE <=====================
--taking snapshot...
deque(['451132233'], maxlen=10)
Frequent nodes 
[]
the portion to the top 20% most frequent states: 0.0
--extracted id: 451132233  num_controllable_widgets: 4
--event num: 1
--extracted id: 2106711827  num_controllable_widgets: 4
--transiton occurs
--a new state is triggered and add 2106711827 into the state graph.
!!!!!!!!!!!!!!!!!!!!!!!!!!! Generating system event !!!!!!!!!!!!!!!!!!!!!!!!!!!!!!!!!!!!!!!!!!!!!
start time:  1786925557.45   budget:  600.0   now: 1786926060.72
get_jacoco_coverage- return code:  output: Broadcasting: Intent { act=edu.gatech.m3.emma.COLLECT_COVERAGE }
Broadcast completed: result=0
---
[COVERAGE FILE EXIST?]
coverage.ec
---
---
[VALIDATE COVERAGE FILE]$ java -jar /home/ubuntu/TimeMachine/fuzzingandroid/libs/jacococli.jar report /home/ubuntu/tm-results2/AmazeFileManager-3.4.2-#1837-rebuilt.apk.timemachine.result.emulator-5554#2026-08-17-00-09-02/ec_files/emulator-55542026-08-17-00-21-39.ec  --classfiles /home/ubuntu/TimeMachine/instrumented_apps/AmazeFileManager/AmazeFileManager-#1837/app/build/intermediates/javac/fdroidDebug/classes/ --classfiles /home/ubuntu/TimeMachine/instrumented_apps/AmazeFileManager/AmazeFileManager-#1837/commons_compress_7z/build/intermediates/javac/debug/classes/ --sourcefiles /home/ubuntu/TimeMachine/instrumented_apps/AmazeFileManager/AmazeFileManager-#1837/app/src/main/java/ --sourcefiles /home/ubuntu/TimeMachine/instrumented_apps/AmazeFileManager/AmazeFileManager-#1837/commons_compress_7z/src/main/java/ &> temp
---
---
[VALIDATE MESSAGE]
---
SUCCESS: coverage file is valid!
[INFO] Loading execution data file /home/ubuntu/tm-results2/AmazeFileManager-3.4.2-#1837-rebuilt.apk.timemachine.result.emulator-5554#2026-08-17-00-09-02/ec_files/emulator-55542026-08-17-00-21-39.ec.
[INFO] Analyzing 508 classes.
 /sdcard/coverage.ec: 1 file pulled, 0 skipped. 0.0 MB/s (3676 bytes in 0.073s)
 
compute_coverage-return code:  output: /home/ubuntu/tm-results2/AmazeFileManager-3.4.2-#1837-rebuilt.apk.timemachine.result.emulator-5554#2026-08-17-00-09-02/ec_files/coveragetemp.ec /home/ubuntu/tm-results2/AmazeFileManager-3.4.2-#1837-rebuilt.apk.timemachine.result.emulator-5554#2026-08-17-00-09-02/ec_files/emulator-55542026-08-17-00-19-58.ec /home/ubuntu/tm-results2/AmazeFileManager-3.4.2-#1837-rebuilt.apk.timemachine.result.emulator-5554#2026-08-17-00-09-02/ec_files/emulator-55542026-08-17-00-20-21.ec /home/ubuntu/tm-results2/AmazeFileManager-3.4.2-#1837-rebuilt.apk.timemachine.result.emulator-5554#2026-08-17-00-09-02/ec_files/emulator-55542026-08-17-00-21-39.ec
[INFO] Loading execution data file /home/ubuntu/tm-results2/AmazeFileManager-3.4.2-#1837-rebuilt.apk.timemachine.result.emulator-5554#2026-08-17-00-09-02/ec_files/coveragetemp.ec.
[INFO] Loading execution data file /home/ubuntu/tm-results2/AmazeFileManager-3.4.2-#1837-rebuilt.apk.timemachine.result.emulator-5554#2026-08-17-00-09-02/ec_files/emulator-55542026-08-17-00-19-58.ec.
[INFO] Loading execution data file /home/ubuntu/tm-results2/AmazeFileManager-3.4.2-#1837-rebuilt.apk.timemachine.result.emulator-5554#2026-08-17-00-09-02/ec_files/emulator-55542026-08-17-00-20-21.ec.
[INFO] Loading execution data file /home/ubuntu/tm-results2/AmazeFileManager-3.4.2-#1837-rebuilt.apk.timemachine.result.emulator-5554#2026-08-17-00-09-02/ec_files/emulator-55542026-08-17-00-21-39.ec.
[INFO] Analyzing 508 classes.
   
-----------
current jacoco line coverage rate: 0.151807906955
-----------
--coverage when the new state is triggered: 0.151807906955 current jacoco line coverage rate : 0.151807906955
===================> PENALIZE STATE <=====================
deque(['451132233', '2106711827'], maxlen=10)
Frequent nodes 
[]
the portion to the top 20% most frequent states: 0.0
--extracted id: 2106711827  num_controllable_widgets: 4
--event num: 1
--extracted id: 2106711827  num_controllable_widgets: 4
--event num: 2
--extracted id: 2106711827  num_controllable_widgets: 4
--event num: 3
--extracted id: 2106711827  num_controllable_widgets: 4
--event num: 4
--extracted id: 2106711827  num_controllable_widgets: 4
--event num: 5
--extracted id: 2106711827  num_controllable_widgets: 4
--event num: 6
--extracted id: 2106711827  num_controllable_widgets: 4
--event num: 7
--extracted id: 451132233  num_controllable_widgets: 4
--transiton occurs
--the state 451132233  exists
===================> PENALIZE STATE <=====================
deque(['451132233', '2106711827', '451132233'], maxlen=10)
Frequent nodes 
[]
the portion to the top 20% most frequent states: 0.5
--extracted id: 451132233  num_controllable_widgets: 4
--event num: 1
--extracted id: -1357010268  num_controllable_widgets: 3
--transiton occurs
--a new state is triggered and add -1357010268 into the state graph.
get_jacoco_coverage- return code:  output: Broadcasting: Intent { act=edu.gatech.m3.emma.COLLECT_COVERAGE }
Broadcast completed: result=0
---
[COVERAGE FILE EXIST?]
coverage.ec
---
---
[VALIDATE COVERAGE FILE]$ java -jar /home/ubuntu/TimeMachine/fuzzingandroid/libs/jacococli.jar report /home/ubuntu/tm-results2/AmazeFileManager-3.4.2-#1837-rebuilt.apk.timemachine.result.emulator-5554#2026-08-17-00-09-02/ec_files/emulator-55542026-08-17-00-21-55.ec  --classfiles /home/ubuntu/TimeMachine/instrumented_apps/AmazeFileManager/AmazeFileManager-#1837/app/build/intermediates/javac/fdroidDebug/classes/ --classfiles /home/ubuntu/TimeMachine/instrumented_apps/AmazeFileManager/AmazeFileManager-#1837/commons_compress_7z/build/intermediates/javac/debug/classes/ --sourcefiles /home/ubuntu/TimeMachine/instrumented_apps/AmazeFileManager/AmazeFileManager-#1837/app/src/main/java/ --sourcefiles /home/ubuntu/TimeMachine/instrumented_apps/AmazeFileManager/AmazeFileManager-#1837/commons_compress_7z/src/main/java/ &> temp
---
---
[VALIDATE MESSAGE]
---
SUCCESS: coverage file is valid!
[INFO] Loading execution data file /home/ubuntu/tm-results2/AmazeFileManager-3.4.2-#1837-rebuilt.apk.timemachine.result.emulator-5554#2026-08-17-00-09-02/ec_files/emulator-55542026-08-17-00-21-55.ec.
[INFO] Analyzing 508 classes.
 /sdcard/coverage.ec: 1 file pulled, 0 skipped. 0.1 MB/s (2979 bytes in 0.054s)
 
compute_coverage-return code:  output: /home/ubuntu/tm-results2/AmazeFileManager-3.4.2-#1837-rebuilt.apk.timemachine.result.emulator-5554#2026-08-17-00-09-02/ec_files/coveragetemp.ec /home/ubuntu/tm-results2/AmazeFileManager-3.4.2-#1837-rebuilt.apk.timemachine.result.emulator-5554#2026-08-17-00-09-02/ec_files/emulator-55542026-08-17-00-19-58.ec /home/ubuntu/tm-results2/AmazeFileManager-3.4.2-#1837-rebuilt.apk.timemachine.result.emulator-5554#2026-08-17-00-09-02/ec_files/emulator-55542026-08-17-00-20-21.ec /home/ubuntu/tm-results2/AmazeFileManager-3.4.2-#1837-rebuilt.apk.timemachine.result.emulator-5554#2026-08-17-00-09-02/ec_files/emulator-55542026-08-17-00-21-39.ec /home/ubuntu/tm-results2/AmazeFileManager-3.4.2-#1837-rebuilt.apk.timemachine.result.emulator-5554#2026-08-17-00-09-02/ec_files/emulator-55542026-08-17-00-21-55.ec
[INFO] Loading execution data file /home/ubuntu/tm-results2/AmazeFileManager-3.4.2-#1837-rebuilt.apk.timemachine.result.emulator-5554#2026-08-17-00-09-02/ec_files/coveragetemp.ec.
[INFO] Loading execution data file /home/ubuntu/tm-results2/AmazeFileManager-3.4.2-#1837-rebuilt.apk.timemachine.result.emulator-5554#2026-08-17-00-09-02/ec_files/emulator-55542026-08-17-00-19-58.ec.
[INFO] Loading execution data file /home/ubuntu/tm-results2/AmazeFileManager-3.4.2-#1837-rebuilt.apk.timemachine.result.emulator-5554#2026-08-17-00-09-02/ec_files/emulator-55542026-08-17-00-20-21.ec.
[INFO] Loading execution data file /home/ubuntu/tm-results2/AmazeFileManager-3.4.2-#1837-rebuilt.apk.timemachine.result.emulator-5554#2026-08-17-00-09-02/ec_files/emulator-55542026-08-17-00-21-39.ec.
[INFO] Loading execution data file /home/ubuntu/tm-results2/AmazeFileManager-3.4.2-#1837-rebuilt.apk.timemachine.result.emulator-5554#2026-08-17-00-09-02/ec_files/emulator-55542026-08-17-00-21-55.ec.
[INFO] Analyzing 508 classes.
   
-----------
current jacoco line coverage rate: 0.156685269427
-----------
--coverage when the new state is triggered: 0.156685269427 current jacoco line coverage rate : 0.151807906955
===================> REWARD STATE <=====================
===================> REWARD STATE <=====================
--taking snapshot...
deque(['451132233', '2106711827', '451132233', '-1357010268'], maxlen=10)
Frequent nodes 
[]
the portion to the top 20% most frequent states: 0.333333333333
--extracted id: -1357010268  num_controllable_widgets: 3
--event num: 1
--extracted id: -1357010268  num_controllable_widgets: 3
--event num: 2
--extracted id: -1357010268  num_controllable_widgets: 3
--event num: 3
--extracted id: -1357010268  num_controllable_widgets: 3
--event num: 4
--extracted id: -1357010268  num_controllable_widgets: 3
--event num: 5
--extracted id: -1357010268  num_controllable_widgets: 3
--event num: 6
--extracted id: -1357010268  num_controllable_widgets: 3
--event num: 7
--extracted id: -307486232  num_controllable_widgets: 0
--transiton occurs
--a new state is triggered and add -307486232 into the state graph.
!!!!!!!!!!!!!!!!!!!!!!!!!!! Generating system event !!!!!!!!!!!!!!!!!!!!!!!!!!!!!!!!!!!!!!!!!!!!!
start time:  1786925557.45   budget:  600.0   now: 1786926123.82
get_jacoco_coverage- return code:  output: Broadcasting: Intent { act=edu.gatech.m3.emma.COLLECT_COVERAGE }
Broadcast completed: result=0
---
[COVERAGE FILE EXIST?]
coverage.ec
---
---
[VALIDATE COVERAGE FILE]$ java -jar /home/ubuntu/TimeMachine/fuzzingandroid/libs/jacococli.jar report /home/ubuntu/tm-results2/AmazeFileManager-3.4.2-#1837-rebuilt.apk.timemachine.result.emulator-5554#2026-08-17-00-09-02/ec_files/emulator-55542026-08-17-00-22-12.ec  --classfiles /home/ubuntu/TimeMachine/instrumented_apps/AmazeFileManager/AmazeFileManager-#1837/app/build/intermediates/javac/fdroidDebug/classes/ --classfiles /home/ubuntu/TimeMachine/instrumented_apps/AmazeFileManager/AmazeFileManager-#1837/commons_compress_7z/build/intermediates/javac/debug/classes/ --sourcefiles /home/ubuntu/TimeMachine/instrumented_apps/AmazeFileManager/AmazeFileManager-#1837/app/src/main/java/ --sourcefiles /home/ubuntu/TimeMachine/instrumented_apps/AmazeFileManager/AmazeFileManager-#1837/commons_compress_7z/src/main/java/ &> temp
---
---
[VALIDATE MESSAGE]
---
SUCCESS: coverage file is valid!
[INFO] Loading execution data file /home/ubuntu/tm-results2/AmazeFileManager-3.4.2-#1837-rebuilt.apk.timemachine.result.emulator-5554#2026-08-17-00-09-02/ec_files/emulator-55542026-08-17-00-22-12.ec.
[INFO] Analyzing 508 classes.
 /sdcard/coverage.ec: 1 file pulled, 0 skipped. 0.7 MB/s (4032 bytes in 0.006s)
 
compute_coverage-return code:  output: /home/ubuntu/tm-results2/AmazeFileManager-3.4.2-#1837-rebuilt.apk.timemachine.result.emulator-5554#2026-08-17-00-09-02/ec_files/coveragetemp.ec /home/ubuntu/tm-results2/AmazeFileManager-3.4.2-#1837-rebuilt.apk.timemachine.result.emulator-5554#2026-08-17-00-09-02/ec_files/emulator-55542026-08-17-00-19-58.ec /home/ubuntu/tm-results2/AmazeFileManager-3.4.2-#1837-rebuilt.apk.timemachine.result.emulator-5554#2026-08-17-00-09-02/ec_files/emulator-55542026-08-17-00-20-21.ec /home/ubuntu/tm-results2/AmazeFileManager-3.4.2-#1837-rebuilt.apk.timemachine.result.emulator-5554#2026-08-17-00-09-02/ec_files/emulator-55542026-08-17-00-21-39.ec /home/ubuntu/tm-results2/AmazeFileManager-3.4.2-#1837-rebuilt.apk.timemachine.result.emulator-5554#2026-08-17-00-09-02/ec_files/emulator-55542026-08-17-00-21-55.ec /home/ubuntu/tm-results2/AmazeFileManager-3.4.2-#1837-rebuilt.apk.timemachine.result.emulator-5554#2026-08-17-00-09-02/ec_files/emulator-55542026-08-17-00-22-12.ec
[INFO] Loading execution data file /home/ubuntu/tm-results2/AmazeFileManager-3.4.2-#1837-rebuilt.apk.timemachine.result.emulator-5554#2026-08-17-00-09-02/ec_files/coveragetemp.ec.
[INFO] Loading execution data file /home/ubuntu/tm-results2/AmazeFileManager-3.4.2-#1837-rebuilt.apk.timemachine.result.emulator-5554#2026-08-17-00-09-02/ec_files/emulator-55542026-08-17-00-19-58.ec.
[INFO] Loading execution data file /home/ubuntu/tm-results2/AmazeFileManager-3.4.2-#1837-rebuilt.apk.timemachine.result.emulator-5554#2026-08-17-00-09-02/ec_files/emulator-55542026-08-17-00-20-21.ec.
[INFO] Loading execution data file /home/ubuntu/tm-results2/AmazeFileManager-3.4.2-#1837-rebuilt.apk.timemachine.result.emulator-5554#2026-08-17-00-09-02/ec_files/emulator-55542026-08-17-00-21-39.ec.
[INFO] Loading execution data file /home/ubuntu/tm-results2/AmazeFileManager-3.4.2-#1837-rebuilt.apk.timemachine.result.emulator-5554#2026-08-17-00-09-02/ec_files/emulator-55542026-08-17-00-21-55.ec.
[INFO] Loading execution data file /home/ubuntu/tm-results2/AmazeFileManager-3.4.2-#1837-rebuilt.apk.timemachine.result.emulator-5554#2026-08-17-00-09-02/ec_files/emulator-55542026-08-17-00-22-12.ec.
[INFO] Analyzing 508 classes.
   
-----------
current jacoco line coverage rate: 0.157435632885
-----------
--coverage when the new state is triggered: 0.157435632885 current jacoco line coverage rate : 0.156685269427
===================> REWARD STATE <=====================
===================> REWARD STATE <=====================
--taking snapshot...
deque(['451132233', '2106711827', '451132233', '-1357010268', '-307486232'], maxlen=10)
Frequent nodes 
[('451132233', <state_graph.State instance at 0x768d9e202230>)]
the portion to the top 20% most frequent states: 0.25
--extracted id: OOAUT  num_controllable_widgets: 0
--transiton occurs
--a new state is triggered and add OOAUT into the state graph.
get_jacoco_coverage- return code:  output: Broadcasting: Intent { act=edu.gatech.m3.emma.COLLECT_COVERAGE }
Broadcast completed: result=0
---
[COVERAGE FILE EXIST?]
coverage.ec
---
---
[VALIDATE COVERAGE FILE]$ java -jar /home/ubuntu/TimeMachine/fuzzingandroid/libs/jacococli.jar report /home/ubuntu/tm-results2/AmazeFileManager-3.4.2-#1837-rebuilt.apk.timemachine.result.emulator-5554#2026-08-17-00-09-02/ec_files/emulator-55542026-08-17-00-22-35.ec  --classfiles /home/ubuntu/TimeMachine/instrumented_apps/AmazeFileManager/AmazeFileManager-#1837/app/build/intermediates/javac/fdroidDebug/classes/ --classfiles /home/ubuntu/TimeMachine/instrumented_apps/AmazeFileManager/AmazeFileManager-#1837/commons_compress_7z/build/intermediates/javac/debug/classes/ --sourcefiles /home/ubuntu/TimeMachine/instrumented_apps/AmazeFileManager/AmazeFileManager-#1837/app/src/main/java/ --sourcefiles /home/ubuntu/TimeMachine/instrumented_apps/AmazeFileManager/AmazeFileManager-#1837/commons_compress_7z/src/main/java/ &> temp
---
---
[VALIDATE MESSAGE]
---
SUCCESS: coverage file is valid!
[INFO] Loading execution data file /home/ubuntu/tm-results2/AmazeFileManager-3.4.2-#1837-rebuilt.apk.timemachine.result.emulator-5554#2026-08-17-00-09-02/ec_files/emulator-55542026-08-17-00-22-35.ec.
[INFO] Analyzing 508 classes.
 /sdcard/coverage.ec: 1 file pulled, 0 skipped. 0.0 MB/s (2756 bytes in 0.247s)
 
compute_coverage-return code:  output: /home/ubuntu/tm-results2/AmazeFileManager-3.4.2-#1837-rebuilt.apk.timemachine.result.emulator-5554#2026-08-17-00-09-02/ec_files/coveragetemp.ec /home/ubuntu/tm-results2/AmazeFileManager-3.4.2-#1837-rebuilt.apk.timemachine.result.emulator-5554#2026-08-17-00-09-02/ec_files/emulator-55542026-08-17-00-19-58.ec /home/ubuntu/tm-results2/AmazeFileManager-3.4.2-#1837-rebuilt.apk.timemachine.result.emulator-5554#2026-08-17-00-09-02/ec_files/emulator-55542026-08-17-00-20-21.ec /home/ubuntu/tm-results2/AmazeFileManager-3.4.2-#1837-rebuilt.apk.timemachine.result.emulator-5554#2026-08-17-00-09-02/ec_files/emulator-55542026-08-17-00-21-39.ec /home/ubuntu/tm-results2/AmazeFileManager-3.4.2-#1837-rebuilt.apk.timemachine.result.emulator-5554#2026-08-17-00-09-02/ec_files/emulator-55542026-08-17-00-21-55.ec /home/ubuntu/tm-results2/AmazeFileManager-3.4.2-#1837-rebuilt.apk.timemachine.result.emulator-5554#2026-08-17-00-09-02/ec_files/emulator-55542026-08-17-00-22-12.ec /home/ubuntu/tm-results2/AmazeFileManager-3.4.2-#1837-rebuilt.apk.timemachine.result.emulator-5554#2026-08-17-00-09-02/ec_files/emulator-55542026-08-17-00-22-35.ec
[INFO] Loading execution data file /home/ubuntu/tm-results2/AmazeFileManager-3.4.2-#1837-rebuilt.apk.timemachine.result.emulator-5554#2026-08-17-00-09-02/ec_files/coveragetemp.ec.
[INFO] Loading execution data file /home/ubuntu/tm-results2/AmazeFileManager-3.4.2-#1837-rebuilt.apk.timemachine.result.emulator-5554#2026-08-17-00-09-02/ec_files/emulator-55542026-08-17-00-19-58.ec.
[INFO] Loading execution data file /home/ubuntu/tm-results2/AmazeFileManager-3.4.2-#1837-rebuilt.apk.timemachine.result.emulator-5554#2026-08-17-00-09-02/ec_files/emulator-55542026-08-17-00-20-21.ec.
[INFO] Loading execution data file /home/ubuntu/tm-results2/AmazeFileManager-3.4.2-#1837-rebuilt.apk.timemachine.result.emulator-5554#2026-08-17-00-09-02/ec_files/emulator-55542026-08-17-00-21-39.ec.
[INFO] Loading execution data file /home/ubuntu/tm-results2/AmazeFileManager-3.4.2-#1837-rebuilt.apk.timemachine.result.emulator-5554#2026-08-17-00-09-02/ec_files/emulator-55542026-08-17-00-21-55.ec.
[INFO] Loading execution data file /home/ubuntu/tm-results2/AmazeFileManager-3.4.2-#1837-rebuilt.apk.timemachine.result.emulator-5554#2026-08-17-00-09-02/ec_files/emulator-55542026-08-17-00-22-12.ec.
[INFO] Loading execution data file /home/ubuntu/tm-results2/AmazeFileManager-3.4.2-#1837-rebuilt.apk.timemachine.result.emulator-5554#2026-08-17-00-09-02/ec_files/emulator-55542026-08-17-00-22-35.ec.
[INFO] Analyzing 508 classes.
   
-----------
current jacoco line coverage rate: 0.158795666651
-----------
--coverage when the new state is triggered: 0.158795666651 current jacoco line coverage rate : 0.157435632885
===================> REWARD STATE <=====================
===================> REWARD STATE <=====================
deque(['451132233', '2106711827', '451132233', '-1357010268', '-307486232', 'OOAUT'], maxlen=10)
Frequent nodes 
[('451132233', <state_graph.State instance at 0x768d9e202230>)]
the portion to the top 20% most frequent states: 0.2
--extracted id: OOAUT  num_controllable_widgets: 0
--event num: 1
--extracted id: OOAUT  num_controllable_widgets: 0
--event num: 2
--extracted id: OOAUT  num_controllable_widgets: 0
--event num: 3
!!!!!!!!!!!!!!!!!!!!!!!!!!! Generating system event !!!!!!!!!!!!!!!!!!!!!!!!!!!!!!!!!!!!!!!!!!!!!
start time:  1786925557.45   budget:  600.0   now: 1786926189.88
System event generator closing
--extracted id: OOAUT  num_controllable_widgets: 0
--event num: 4
--extracted id: OOAUT  num_controllable_widgets: 0
--event num: 5
--extracted id: OOAUT  num_controllable_widgets: 0
--event num: 6
--extracted id: OOAUT  num_controllable_widgets: 0
--event num: 7
--extracted id: OOAUT  num_controllable_widgets: 0
--event num: 8
--extracted id: OOAUT  num_controllable_widgets: 0
--event num: 9
--extracted id: OOAUT  num_controllable_widgets: 0
--event num: 10
--extracted id: OOAUT  num_controllable_widgets: 0
--event num: 11
--extracted id: OOAUT  num_controllable_widgets: 0
--event num: 12
--extracted id: OOAUT  num_controllable_widgets: 0
--event num: 13
--extracted id: OOAUT  num_controllable_widgets: 0
--event num: 14
--extracted id: OOAUT  num_controllable_widgets: 0
--event num: 15
--extracted id: OOAUT  num_controllable_widgets: 0
--event num: 16
--extracted id: OOAUT  num_controllable_widgets: 0
--event num: 17
--extracted id: OOAUT  num_controllable_widgets: 0
--event num: 18
--extracted id: OOAUT  num_controllable_widgets: 0
--event num: 19
--extracted id: OOAUT  num_controllable_widgets: 0
--event num: 20
--extracted id: OOAUT  num_controllable_widgets: 0
--event num: 21
--extracted id: OOAUT  num_controllable_widgets: 0
--event num: 22
--extracted id: OOAUT  num_controllable_widgets: 0
--event num: 23
--extracted id: OOAUT  num_controllable_widgets: 0
--event num: 24
--extracted id: OOAUT  num_controllable_widgets: 0
--event num: 25
--extracted id: OOAUT  num_controllable_widgets: 0
--event num: 26
--extracted id: OOAUT  num_controllable_widgets: 0
--event num: 27
--extracted id: OOAUT  num_controllable_widgets: 0
--event num: 28
--extracted id: OOAUT  num_controllable_widgets: 0
--event num: 29
--extracted id: OOAUT  num_controllable_widgets: 0
--event num: 30
--extracted id: -583182176  num_controllable_widgets: 0
--transiton occurs
--a new state is triggered and add -583182176 into the state graph.
get_jacoco_coverage- return code:  output: Broadcasting: Intent { act=edu.gatech.m3.emma.COLLECT_COVERAGE }
Broadcast completed: result=0
---
[COVERAGE FILE EXIST?]
coverage.ec
---
---
[VALIDATE COVERAGE FILE]$ java -jar /home/ubuntu/TimeMachine/fuzzingandroid/libs/jacococli.jar report /home/ubuntu/tm-results2/AmazeFileManager-3.4.2-#1837-rebuilt.apk.timemachine.result.emulator-5554#2026-08-17-00-09-02/ec_files/emulator-55542026-08-17-00-27-32.ec  --classfiles /home/ubuntu/TimeMachine/instrumented_apps/AmazeFileManager/AmazeFileManager-#1837/app/build/intermediates/javac/fdroidDebug/classes/ --classfiles /home/ubuntu/TimeMachine/instrumented_apps/AmazeFileManager/AmazeFileManager-#1837/commons_compress_7z/build/intermediates/javac/debug/classes/ --sourcefiles /home/ubuntu/TimeMachine/instrumented_apps/AmazeFileManager/AmazeFileManager-#1837/app/src/main/java/ --sourcefiles /home/ubuntu/TimeMachine/instrumented_apps/AmazeFileManager/AmazeFileManager-#1837/commons_compress_7z/src/main/java/ &> temp
---
---
[VALIDATE MESSAGE]
---
SUCCESS: coverage file is valid!
[INFO] Loading execution data file /home/ubuntu/tm-results2/AmazeFileManager-3.4.2-#1837-rebuilt.apk.timemachine.result.emulator-5554#2026-08-17-00-09-02/ec_files/emulator-55542026-08-17-00-27-32.ec.
[INFO] Analyzing 508 classes.
 /sdcard/coverage.ec: 1 file pulled, 0 skipped. 0.9 MB/s (6051 bytes in 0.007s)
 
compute_coverage-return code:  output: /home/ubuntu/tm-results2/AmazeFileManager-3.4.2-#1837-rebuilt.apk.timemachine.result.emulator-5554#2026-08-17-00-09-02/ec_files/coveragetemp.ec /home/ubuntu/tm-results2/AmazeFileManager-3.4.2-#1837-rebuilt.apk.timemachine.result.emulator-5554#2026-08-17-00-09-02/ec_files/emulator-55542026-08-17-00-19-58.ec /home/ubuntu/tm-results2/AmazeFileManager-3.4.2-#1837-rebuilt.apk.timemachine.result.emulator-5554#2026-08-17-00-09-02/ec_files/emulator-55542026-08-17-00-20-21.ec /home/ubuntu/tm-results2/AmazeFileManager-3.4.2-#1837-rebuilt.apk.timemachine.result.emulator-5554#2026-08-17-00-09-02/ec_files/emulator-55542026-08-17-00-21-39.ec /home/ubuntu/tm-results2/AmazeFileManager-3.4.2-#1837-rebuilt.apk.timemachine.result.emulator-5554#2026-08-17-00-09-02/ec_files/emulator-55542026-08-17-00-21-55.ec /home/ubuntu/tm-results2/AmazeFileManager-3.4.2-#1837-rebuilt.apk.timemachine.result.emulator-5554#2026-08-17-00-09-02/ec_files/emulator-55542026-08-17-00-22-12.ec /home/ubuntu/tm-results2/AmazeFileManager-3.4.2-#1837-rebuilt.apk.timemachine.result.emulator-5554#2026-08-17-00-09-02/ec_files/emulator-55542026-08-17-00-22-35.ec /home/ubuntu/tm-results2/AmazeFileManager-3.4.2-#1837-rebuilt.apk.timemachine.result.emulator-5554#2026-08-17-00-09-02/ec_files/emulator-55542026-08-17-00-27-32.ec
[INFO] Loading execution data file /home/ubuntu/tm-results2/AmazeFileManager-3.4.2-#1837-rebuilt.apk.timemachine.result.emulator-5554#2026-08-17-00-09-02/ec_files/coveragetemp.ec.
[INFO] Loading execution data file /home/ubuntu/tm-results2/AmazeFileManager-3.4.2-#1837-rebuilt.apk.timemachine.result.emulator-5554#2026-08-17-00-09-02/ec_files/emulator-55542026-08-17-00-19-58.ec.
[INFO] Loading execution data file /home/ubuntu/tm-results2/AmazeFileManager-3.4.2-#1837-rebuilt.apk.timemachine.result.emulator-5554#2026-08-17-00-09-02/ec_files/emulator-55542026-08-17-00-20-21.ec.
[INFO] Loading execution data file /home/ubuntu/tm-results2/AmazeFileManager-3.4.2-#1837-rebuilt.apk.timemachine.result.emulator-5554#2026-08-17-00-09-02/ec_files/emulator-55542026-08-17-00-21-39.ec.
[INFO] Loading execution data file /home/ubuntu/tm-results2/AmazeFileManager-3.4.2-#1837-rebuilt.apk.timemachine.result.emulator-5554#2026-08-17-00-09-02/ec_files/emulator-55542026-08-17-00-21-55.ec.
[INFO] Loading execution data file /home/ubuntu/tm-results2/AmazeFileManager-3.4.2-#1837-rebuilt.apk.timemachine.result.emulator-5554#2026-08-17-00-09-02/ec_files/emulator-55542026-08-17-00-22-12.ec.
[INFO] Loading execution data file /home/ubuntu/tm-results2/AmazeFileManager-3.4.2-#1837-rebuilt.apk.timemachine.result.emulator-5554#2026-08-17-00-09-02/ec_files/emulator-55542026-08-17-00-22-35.ec.
[INFO] Loading execution data file /home/ubuntu/tm-results2/AmazeFileManager-3.4.2-#1837-rebuilt.apk.timemachine.result.emulator-5554#2026-08-17-00-09-02/ec_files/emulator-55542026-08-17-00-27-32.ec.
[INFO] Analyzing 508 classes.
   
-----------
current jacoco line coverage rate: 0.166862073817
-----------
--coverage when the new state is triggered: 0.166862073817 current jacoco line coverage rate : 0.157435632885
===================> REWARD STATE <=====================
===================> REWARD STATE <=====================
--taking snapshot...
deque(['451132233', '2106711827', '451132233', '-1357010268', '-307486232', 'OOAUT', '-583182176'], maxlen=10)
Frequent nodes 
[('451132233', <state_graph.State instance at 0x768d9e202230>)]
the portion to the top 20% most frequent states: 0.166666666667
--extracted id: -583182176  num_controllable_widgets: 0
--event num: 1
--extracted id: -924698312  num_controllable_widgets: 7
--transiton occurs
--a new state is triggered and add -924698312 into the state graph.
get_jacoco_coverage- return code:  output: Broadcasting: Intent { act=edu.gatech.m3.emma.COLLECT_COVERAGE }
Broadcast completed: result=0
---
[COVERAGE FILE EXIST?]
coverage.ec
---
---
[VALIDATE COVERAGE FILE]$ java -jar /home/ubuntu/TimeMachine/fuzzingandroid/libs/jacococli.jar report /home/ubuntu/tm-results2/AmazeFileManager-3.4.2-#1837-rebuilt.apk.timemachine.result.emulator-5554#2026-08-17-00-09-02/ec_files/emulator-55542026-08-17-00-27-49.ec  --classfiles /home/ubuntu/TimeMachine/instrumented_apps/AmazeFileManager/AmazeFileManager-#1837/app/build/intermediates/javac/fdroidDebug/classes/ --classfiles /home/ubuntu/TimeMachine/instrumented_apps/AmazeFileManager/AmazeFileManager-#1837/commons_compress_7z/build/intermediates/javac/debug/classes/ --sourcefiles /home/ubuntu/TimeMachine/instrumented_apps/AmazeFileManager/AmazeFileManager-#1837/app/src/main/java/ --sourcefiles /home/ubuntu/TimeMachine/instrumented_apps/AmazeFileManager/AmazeFileManager-#1837/commons_compress_7z/src/main/java/ &> temp
---
---
[VALIDATE MESSAGE]
---
SUCCESS: coverage file is valid!
[INFO] Loading execution data file /home/ubuntu/tm-results2/AmazeFileManager-3.4.2-#1837-rebuilt.apk.timemachine.result.emulator-5554#2026-08-17-00-09-02/ec_files/emulator-55542026-08-17-00-27-49.ec.
[INFO] Analyzing 508 classes.
 /sdcard/coverage.ec: 1 file pulled, 0 skipped. 0.0 MB/s (1061 bytes in 0.053s)
 
compute_coverage-return code:  output: /home/ubuntu/tm-results2/AmazeFileManager-3.4.2-#1837-rebuilt.apk.timemachine.result.emulator-5554#2026-08-17-00-09-02/ec_files/coveragetemp.ec /home/ubuntu/tm-results2/AmazeFileManager-3.4.2-#1837-rebuilt.apk.timemachine.result.emulator-5554#2026-08-17-00-09-02/ec_files/emulator-55542026-08-17-00-19-58.ec /home/ubuntu/tm-results2/AmazeFileManager-3.4.2-#1837-rebuilt.apk.timemachine.result.emulator-5554#2026-08-17-00-09-02/ec_files/emulator-55542026-08-17-00-20-21.ec /home/ubuntu/tm-results2/AmazeFileManager-3.4.2-#1837-rebuilt.apk.timemachine.result.emulator-5554#2026-08-17-00-09-02/ec_files/emulator-55542026-08-17-00-21-39.ec /home/ubuntu/tm-results2/AmazeFileManager-3.4.2-#1837-rebuilt.apk.timemachine.result.emulator-5554#2026-08-17-00-09-02/ec_files/emulator-55542026-08-17-00-21-55.ec /home/ubuntu/tm-results2/AmazeFileManager-3.4.2-#1837-rebuilt.apk.timemachine.result.emulator-5554#2026-08-17-00-09-02/ec_files/emulator-55542026-08-17-00-22-12.ec /home/ubuntu/tm-results2/AmazeFileManager-3.4.2-#1837-rebuilt.apk.timemachine.result.emulator-5554#2026-08-17-00-09-02/ec_files/emulator-55542026-08-17-00-22-35.ec /home/ubuntu/tm-results2/AmazeFileManager-3.4.2-#1837-rebuilt.apk.timemachine.result.emulator-5554#2026-08-17-00-09-02/ec_files/emulator-55542026-08-17-00-27-32.ec /home/ubuntu/tm-results2/AmazeFileManager-3.4.2-#1837-rebuilt.apk.timemachine.result.emulator-5554#2026-08-17-00-09-02/ec_files/emulator-55542026-08-17-00-27-49.ec
[INFO] Loading execution data file /home/ubuntu/tm-results2/AmazeFileManager-3.4.2-#1837-rebuilt.apk.timemachine.result.emulator-5554#2026-08-17-00-09-02/ec_files/coveragetemp.ec.
[INFO] Loading execution data file /home/ubuntu/tm-results2/AmazeFileManager-3.4.2-#1837-rebuilt.apk.timemachine.result.emulator-5554#2026-08-17-00-09-02/ec_files/emulator-55542026-08-17-00-19-58.ec.
[INFO] Loading execution data file /home/ubuntu/tm-results2/AmazeFileManager-3.4.2-#1837-rebuilt.apk.timemachine.result.emulator-5554#2026-08-17-00-09-02/ec_files/emulator-55542026-08-17-00-20-21.ec.
[INFO] Loading execution data file /home/ubuntu/tm-results2/AmazeFileManager-3.4.2-#1837-rebuilt.apk.timemachine.result.emulator-5554#2026-08-17-00-09-02/ec_files/emulator-55542026-08-17-00-21-39.ec.
[INFO] Loading execution data file /home/ubuntu/tm-results2/AmazeFileManager-3.4.2-#1837-rebuilt.apk.timemachine.result.emulator-5554#2026-08-17-00-09-02/ec_files/emulator-55542026-08-17-00-21-55.ec.
[INFO] Loading execution data file /home/ubuntu/tm-results2/AmazeFileManager-3.4.2-#1837-rebuilt.apk.timemachine.result.emulator-5554#2026-08-17-00-09-02/ec_files/emulator-55542026-08-17-00-22-12.ec.
[INFO] Loading execution data file /home/ubuntu/tm-results2/AmazeFileManager-3.4.2-#1837-rebuilt.apk.timemachine.result.emulator-5554#2026-08-17-00-09-02/ec_files/emulator-55542026-08-17-00-22-35.ec.
[INFO] Loading execution data file /home/ubuntu/tm-results2/AmazeFileManager-3.4.2-#1837-rebuilt.apk.timemachine.result.emulator-5554#2026-08-17-00-09-02/ec_files/emulator-55542026-08-17-00-27-32.ec.
[INFO] Loading execution data file /home/ubuntu/tm-results2/AmazeFileManager-3.4.2-#1837-rebuilt.apk.timemachine.result.emulator-5554#2026-08-17-00-09-02/ec_files/emulator-55542026-08-17-00-27-49.ec.
[INFO] Analyzing 508 classes.
   
-----------
current jacoco line coverage rate: 0.166862073817
-----------
--coverage when the new state is triggered: 0.166862073817 current jacoco line coverage rate : 0.166862073817
===================> PENALIZE STATE <=====================
deque(['451132233', '2106711827', '451132233', '-1357010268', '-307486232', 'OOAUT', '-583182176', '-924698312'], maxlen=10)
Frequent nodes 
[('451132233', <state_graph.State instance at 0x768d9e202230>)]
the portion to the top 20% most frequent states: 0.142857142857
--extracted id: -307486232  num_controllable_widgets: 0
--transiton occurs
--the state -307486232  exists
===================> PENALIZE STATE <=====================
deque(['451132233', '2106711827', '451132233', '-1357010268', '-307486232', 'OOAUT', '-583182176', '-924698312', '-307486232'], maxlen=10)
Frequent nodes 
[('-307486232', <state_graph.State instance at 0x768d81cf7320>)]
the portion to the top 20% most frequent states: 0.285714285714
--extracted id: -583182176  num_controllable_widgets: 0
--transiton occurs
--the state -583182176  exists
===================> PENALIZE STATE <=====================
deque(['451132233', '2106711827', '451132233', '-1357010268', '-307486232', 'OOAUT', '-583182176', '-924698312', '-307486232', '-583182176'], maxlen=10)
Frequent nodes 
[('-583182176', <state_graph.State instance at 0x768d815f9f50>)]
the portion to the top 20% most frequent states: 0.428571428571
Frequent nodes 
[('-583182176', <state_graph.State instance at 0x768d815f9f50>)]
--extracted id: -583182176  num_controllable_widgets: 0
--event num: 1
--extracted id: -924698312  num_controllable_widgets: 7
--transiton occurs
--the state -924698312  exists
===================> PENALIZE STATE <=====================
deque(['2106711827', '451132233', '-1357010268', '-307486232', 'OOAUT', '-583182176', '-924698312', '-307486232', '-583182176', '-924698312'], maxlen=10)
Frequent nodes 
[('-583182176', <state_graph.State instance at 0x768d815f9f50>)]
the portion to the top 20% most frequent states: 0.428571428571
Frequent nodes 
[('-583182176', <state_graph.State instance at 0x768d815f9f50>)]
--extracted id: -924698312  num_controllable_widgets: 7
--event num: 1
--extracted id: 925876671  num_controllable_widgets: 2
--transiton occurs
--a new state is triggered and add 925876671 into the state graph.
get_jacoco_coverage- return code:  output: Broadcasting: Intent { act=edu.gatech.m3.emma.COLLECT_COVERAGE }
Broadcast completed: result=0
---
[COVERAGE FILE EXIST?]
coverage.ec
---
---
[VALIDATE COVERAGE FILE]$ java -jar /home/ubuntu/TimeMachine/fuzzingandroid/libs/jacococli.jar report /home/ubuntu/tm-results2/AmazeFileManager-3.4.2-#1837-rebuilt.apk.timemachine.result.emulator-5554#2026-08-17-00-09-02/ec_files/emulator-55542026-08-17-00-28-01.ec  --classfiles /home/ubuntu/TimeMachine/instrumented_apps/AmazeFileManager/AmazeFileManager-#1837/app/build/intermediates/javac/fdroidDebug/classes/ --classfiles /home/ubuntu/TimeMachine/instrumented_apps/AmazeFileManager/AmazeFileManager-#1837/commons_compress_7z/build/intermediates/javac/debug/classes/ --sourcefiles /home/ubuntu/TimeMachine/instrumented_apps/AmazeFileManager/AmazeFileManager-#1837/app/src/main/java/ --sourcefiles /home/ubuntu/TimeMachine/instrumented_apps/AmazeFileManager/AmazeFileManager-#1837/commons_compress_7z/src/main/java/ &> temp
---
---
[VALIDATE MESSAGE]
---
SUCCESS: coverage file is valid!
[INFO] Loading execution data file /home/ubuntu/tm-results2/AmazeFileManager-3.4.2-#1837-rebuilt.apk.timemachine.result.emulator-5554#2026-08-17-00-09-02/ec_files/emulator-55542026-08-17-00-28-01.ec.
[INFO] Analyzing 508 classes.
 /sdcard/coverage.ec: 1 file pulled, 0 skipped. 0.0 MB/s (2047 bytes in 0.047s)
 
compute_coverage-return code:  output: /home/ubuntu/tm-results2/AmazeFileManager-3.4.2-#1837-rebuilt.apk.timemachine.result.emulator-5554#2026-08-17-00-09-02/ec_files/coveragetemp.ec /home/ubuntu/tm-results2/AmazeFileManager-3.4.2-#1837-rebuilt.apk.timemachine.result.emulator-5554#2026-08-17-00-09-02/ec_files/emulator-55542026-08-17-00-19-58.ec /home/ubuntu/tm-results2/AmazeFileManager-3.4.2-#1837-rebuilt.apk.timemachine.result.emulator-5554#2026-08-17-00-09-02/ec_files/emulator-55542026-08-17-00-20-21.ec /home/ubuntu/tm-results2/AmazeFileManager-3.4.2-#1837-rebuilt.apk.timemachine.result.emulator-5554#2026-08-17-00-09-02/ec_files/emulator-55542026-08-17-00-21-39.ec /home/ubuntu/tm-results2/AmazeFileManager-3.4.2-#1837-rebuilt.apk.timemachine.result.emulator-5554#2026-08-17-00-09-02/ec_files/emulator-55542026-08-17-00-21-55.ec /home/ubuntu/tm-results2/AmazeFileManager-3.4.2-#1837-rebuilt.apk.timemachine.result.emulator-5554#2026-08-17-00-09-02/ec_files/emulator-55542026-08-17-00-22-12.ec /home/ubuntu/tm-results2/AmazeFileManager-3.4.2-#1837-rebuilt.apk.timemachine.result.emulator-5554#2026-08-17-00-09-02/ec_files/emulator-55542026-08-17-00-22-35.ec /home/ubuntu/tm-results2/AmazeFileManager-3.4.2-#1837-rebuilt.apk.timemachine.result.emulator-5554#2026-08-17-00-09-02/ec_files/emulator-55542026-08-17-00-27-32.ec /home/ubuntu/tm-results2/AmazeFileManager-3.4.2-#1837-rebuilt.apk.timemachine.result.emulator-5554#2026-08-17-00-09-02/ec_files/emulator-55542026-08-17-00-27-49.ec /home/ubuntu/tm-results2/AmazeFileManager-3.4.2-#1837-rebuilt.apk.timemachine.result.emulator-5554#2026-08-17-00-09-02/ec_files/emulator-55542026-08-17-00-28-01.ec
[INFO] Loading execution data file /home/ubuntu/tm-results2/AmazeFileManager-3.4.2-#1837-rebuilt.apk.timemachine.result.emulator-5554#2026-08-17-00-09-02/ec_files/coveragetemp.ec.
[INFO] Loading execution data file /home/ubuntu/tm-results2/AmazeFileManager-3.4.2-#1837-rebuilt.apk.timemachine.result.emulator-5554#2026-08-17-00-09-02/ec_files/emulator-55542026-08-17-00-19-58.ec.
[INFO] Loading execution data file /home/ubuntu/tm-results2/AmazeFileManager-3.4.2-#1837-rebuilt.apk.timemachine.result.emulator-5554#2026-08-17-00-09-02/ec_files/emulator-55542026-08-17-00-20-21.ec.
[INFO] Loading execution data file /home/ubuntu/tm-results2/AmazeFileManager-3.4.2-#1837-rebuilt.apk.timemachine.result.emulator-5554#2026-08-17-00-09-02/ec_files/emulator-55542026-08-17-00-21-39.ec.
[INFO] Loading execution data file /home/ubuntu/tm-results2/AmazeFileManager-3.4.2-#1837-rebuilt.apk.timemachine.result.emulator-5554#2026-08-17-00-09-02/ec_files/emulator-55542026-08-17-00-21-55.ec.
[INFO] Loading execution data file /home/ubuntu/tm-results2/AmazeFileManager-3.4.2-#1837-rebuilt.apk.timemachine.result.emulator-5554#2026-08-17-00-09-02/ec_files/emulator-55542026-08-17-00-22-12.ec.
[INFO] Loading execution data file /home/ubuntu/tm-results2/AmazeFileManager-3.4.2-#1837-rebuilt.apk.timemachine.result.emulator-5554#2026-08-17-00-09-02/ec_files/emulator-55542026-08-17-00-22-35.ec.
[INFO] Loading execution data file /home/ubuntu/tm-results2/AmazeFileManager-3.4.2-#1837-rebuilt.apk.timemachine.result.emulator-5554#2026-08-17-00-09-02/ec_files/emulator-55542026-08-17-00-27-32.ec.
[INFO] Loading execution data file /home/ubuntu/tm-results2/AmazeFileManager-3.4.2-#1837-rebuilt.apk.timemachine.result.emulator-5554#2026-08-17-00-09-02/ec_files/emulator-55542026-08-17-00-27-49.ec.
[INFO] Loading execution data file /home/ubuntu/tm-results2/AmazeFileManager-3.4.2-#1837-rebuilt.apk.timemachine.result.emulator-5554#2026-08-17-00-09-02/ec_files/emulator-55542026-08-17-00-28-01.ec.
[INFO] Analyzing 508 classes.
   
-----------
current jacoco line coverage rate: 0.166862073817
-----------
--coverage when the new state is triggered: 0.166862073817 current jacoco line coverage rate : 0.166862073817
===================> PENALIZE STATE <=====================
deque(['451132233', '-1357010268', '-307486232', 'OOAUT', '-583182176', '-924698312', '-307486232', '-583182176', '-924698312', '925876671'], maxlen=10)
Frequent nodes 
[('-583182176', <state_graph.State instance at 0x768d815f9f50>)]
the portion to the top 20% most frequent states: 0.428571428571
Frequent nodes 
[('-583182176', <state_graph.State instance at 0x768d815f9f50>)]
--extracted id: 925876671  num_controllable_widgets: 2
--event num: 1
--extracted id: 925876671  num_controllable_widgets: 2
--event num: 2
--extracted id: 925876671  num_controllable_widgets: 2
--event num: 3
--extracted id: 925876671  num_controllable_widgets: 2
--event num: 4
--extracted id: 925876671  num_controllable_widgets: 2
--event num: 5
--extracted id: 925876671  num_controllable_widgets: 2
--event num: 6
--extracted id: -2124623986  num_controllable_widgets: 5
--transiton occurs
--a new state is triggered and add -2124623986 into the state graph.
get_jacoco_coverage- return code:  output: Broadcasting: Intent { act=edu.gatech.m3.emma.COLLECT_COVERAGE }
Broadcast completed: result=0
---
[COVERAGE FILE EXIST?]
coverage.ec
---
---
[VALIDATE COVERAGE FILE]$ java -jar /home/ubuntu/TimeMachine/fuzzingandroid/libs/jacococli.jar report /home/ubuntu/tm-results2/AmazeFileManager-3.4.2-#1837-rebuilt.apk.timemachine.result.emulator-5554#2026-08-17-00-09-02/ec_files/emulator-55542026-08-17-00-28-14.ec  --classfiles /home/ubuntu/TimeMachine/instrumented_apps/AmazeFileManager/AmazeFileManager-#1837/app/build/intermediates/javac/fdroidDebug/classes/ --classfiles /home/ubuntu/TimeMachine/instrumented_apps/AmazeFileManager/AmazeFileManager-#1837/commons_compress_7z/build/intermediates/javac/debug/classes/ --sourcefiles /home/ubuntu/TimeMachine/instrumented_apps/AmazeFileManager/AmazeFileManager-#1837/app/src/main/java/ --sourcefiles /home/ubuntu/TimeMachine/instrumented_apps/AmazeFileManager/AmazeFileManager-#1837/commons_compress_7z/src/main/java/ &> temp
---
---
[VALIDATE MESSAGE]
---
SUCCESS: coverage file is valid!
[INFO] Loading execution data file /home/ubuntu/tm-results2/AmazeFileManager-3.4.2-#1837-rebuilt.apk.timemachine.result.emulator-5554#2026-08-17-00-09-02/ec_files/emulator-55542026-08-17-00-28-14.ec.
[INFO] Analyzing 508 classes.
 /sdcard/coverage.ec: 1 file pulled, 0 skipped. 0.4 MB/s (1911 bytes in 0.005s)
 
compute_coverage-return code:  output: /home/ubuntu/tm-results2/AmazeFileManager-3.4.2-#1837-rebuilt.apk.timemachine.result.emulator-5554#2026-08-17-00-09-02/ec_files/coveragetemp.ec /home/ubuntu/tm-results2/AmazeFileManager-3.4.2-#1837-rebuilt.apk.timemachine.result.emulator-5554#2026-08-17-00-09-02/ec_files/emulator-55542026-08-17-00-19-58.ec /home/ubuntu/tm-results2/AmazeFileManager-3.4.2-#1837-rebuilt.apk.timemachine.result.emulator-5554#2026-08-17-00-09-02/ec_files/emulator-55542026-08-17-00-20-21.ec /home/ubuntu/tm-results2/AmazeFileManager-3.4.2-#1837-rebuilt.apk.timemachine.result.emulator-5554#2026-08-17-00-09-02/ec_files/emulator-55542026-08-17-00-21-39.ec /home/ubuntu/tm-results2/AmazeFileManager-3.4.2-#1837-rebuilt.apk.timemachine.result.emulator-5554#2026-08-17-00-09-02/ec_files/emulator-55542026-08-17-00-21-55.ec /home/ubuntu/tm-results2/AmazeFileManager-3.4.2-#1837-rebuilt.apk.timemachine.result.emulator-5554#2026-08-17-00-09-02/ec_files/emulator-55542026-08-17-00-22-12.ec /home/ubuntu/tm-results2/AmazeFileManager-3.4.2-#1837-rebuilt.apk.timemachine.result.emulator-5554#2026-08-17-00-09-02/ec_files/emulator-55542026-08-17-00-22-35.ec /home/ubuntu/tm-results2/AmazeFileManager-3.4.2-#1837-rebuilt.apk.timemachine.result.emulator-5554#2026-08-17-00-09-02/ec_files/emulator-55542026-08-17-00-27-32.ec /home/ubuntu/tm-results2/AmazeFileManager-3.4.2-#1837-rebuilt.apk.timemachine.result.emulator-5554#2026-08-17-00-09-02/ec_files/emulator-55542026-08-17-00-27-49.ec /home/ubuntu/tm-results2/AmazeFileManager-3.4.2-#1837-rebuilt.apk.timemachine.result.emulator-5554#2026-08-17-00-09-02/ec_files/emulator-55542026-08-17-00-28-01.ec /home/ubuntu/tm-results2/AmazeFileManager-3.4.2-#1837-rebuilt.apk.timemachine.result.emulator-5554#2026-08-17-00-09-02/ec_files/emulator-55542026-08-17-00-28-14.ec
[INFO] Loading execution data file /home/ubuntu/tm-results2/AmazeFileManager-3.4.2-#1837-rebuilt.apk.timemachine.result.emulator-5554#2026-08-17-00-09-02/ec_files/coveragetemp.ec.
[INFO] Loading execution data file /home/ubuntu/tm-results2/AmazeFileManager-3.4.2-#1837-rebuilt.apk.timemachine.result.emulator-5554#2026-08-17-00-09-02/ec_files/emulator-55542026-08-17-00-19-58.ec.
[INFO] Loading execution data file /home/ubuntu/tm-results2/AmazeFileManager-3.4.2-#1837-rebuilt.apk.timemachine.result.emulator-5554#2026-08-17-00-09-02/ec_files/emulator-55542026-08-17-00-20-21.ec.
[INFO] Loading execution data file /home/ubuntu/tm-results2/AmazeFileManager-3.4.2-#1837-rebuilt.apk.timemachine.result.emulator-5554#2026-08-17-00-09-02/ec_files/emulator-55542026-08-17-00-21-39.ec.
[INFO] Loading execution data file /home/ubuntu/tm-results2/AmazeFileManager-3.4.2-#1837-rebuilt.apk.timemachine.result.emulator-5554#2026-08-17-00-09-02/ec_files/emulator-55542026-08-17-00-21-55.ec.
[INFO] Loading execution data file /home/ubuntu/tm-results2/AmazeFileManager-3.4.2-#1837-rebuilt.apk.timemachine.result.emulator-5554#2026-08-17-00-09-02/ec_files/emulator-55542026-08-17-00-22-12.ec.
[INFO] Loading execution data file /home/ubuntu/tm-results2/AmazeFileManager-3.4.2-#1837-rebuilt.apk.timemachine.result.emulator-5554#2026-08-17-00-09-02/ec_files/emulator-55542026-08-17-00-22-35.ec.
[INFO] Loading execution data file /home/ubuntu/tm-results2/AmazeFileManager-3.4.2-#1837-rebuilt.apk.timemachine.result.emulator-5554#2026-08-17-00-09-02/ec_files/emulator-55542026-08-17-00-27-32.ec.
[INFO] Loading execution data file /home/ubuntu/tm-results2/AmazeFileManager-3.4.2-#1837-rebuilt.apk.timemachine.result.emulator-5554#2026-08-17-00-09-02/ec_files/emulator-55542026-08-17-00-27-49.ec.
[INFO] Loading execution data file /home/ubuntu/tm-results2/AmazeFileManager-3.4.2-#1837-rebuilt.apk.timemachine.result.emulator-5554#2026-08-17-00-09-02/ec_files/emulator-55542026-08-17-00-28-01.ec.
[INFO] Loading execution data file /home/ubuntu/tm-results2/AmazeFileManager-3.4.2-#1837-rebuilt.apk.timemachine.result.emulator-5554#2026-08-17-00-09-02/ec_files/emulator-55542026-08-17-00-28-14.ec.
[INFO] Analyzing 508 classes.
   
-----------
current jacoco line coverage rate: 0.167706232706
-----------
--coverage when the new state is triggered: 0.167706232706 current jacoco line coverage rate : 0.166862073817
===================> REWARD STATE <=====================
===================> REWARD STATE <=====================
--taking snapshot...
deque(['-1357010268', '-307486232', 'OOAUT', '-583182176', '-924698312', '-307486232', '-583182176', '-924698312', '925876671', '-2124623986'], maxlen=10)
Frequent nodes 
[('-583182176', <state_graph.State instance at 0x768d815f9f50>), ('-307486232', <state_graph.State instance at 0x768d81cf7320>)]
the portion to the top 20% most frequent states: 0.428571428571
Frequent nodes 
[('-583182176', <state_graph.State instance at 0x768d815f9f50>), ('-307486232', <state_graph.State instance at 0x768d81cf7320>)]
--extracted id: 925876671  num_controllable_widgets: 2
--transiton occurs
--the state 925876671  exists
===================> PENALIZE STATE <=====================
deque(['-307486232', 'OOAUT', '-583182176', '-924698312', '-307486232', '-583182176', '-924698312', '925876671', '-2124623986', '925876671'], maxlen=10)
Frequent nodes 
[('-583182176', <state_graph.State instance at 0x768d815f9f50>), ('-307486232', <state_graph.State instance at 0x768d81cf7320>)]
the portion to the top 20% most frequent states: 0.666666666667
Frequent nodes 
[('-583182176', <state_graph.State instance at 0x768d815f9f50>), ('-307486232', <state_graph.State instance at 0x768d81cf7320>)]
--extracted id: 925876671  num_controllable_widgets: 2
--event num: 1
--extracted id: 925876671  num_controllable_widgets: 2
--event num: 2
--extracted id: 925876671  num_controllable_widgets: 2
--event num: 3
--extracted id: 925876671  num_controllable_widgets: 2
--event num: 4
--extracted id: 925876671  num_controllable_widgets: 2
--event num: 5
--extracted id: 925876671  num_controllable_widgets: 2
--event num: 6
--extracted id: -307486232  num_controllable_widgets: 0
--transiton occurs
--the state -307486232  exists
===================> PENALIZE STATE <=====================
deque(['OOAUT', '-583182176', '-924698312', '-307486232', '-583182176', '-924698312', '925876671', '-2124623986', '925876671', '-307486232'], maxlen=10)
Frequent nodes 
[('-307486232', <state_graph.State instance at 0x768d81cf7320>), ('-583182176', <state_graph.State instance at 0x768d815f9f50>)]
the portion to the top 20% most frequent states: 0.666666666667
Frequent nodes 
[('-307486232', <state_graph.State instance at 0x768d81cf7320>), ('-583182176', <state_graph.State instance at 0x768d815f9f50>)]
--extracted id: OOAUT  num_controllable_widgets: 0
--transiton occurs
--the state OOAUT  exists
===================> PENALIZE STATE <=====================
deque(['-583182176', '-924698312', '-307486232', '-583182176', '-924698312', '925876671', '-2124623986', '925876671', '-307486232', 'OOAUT'], maxlen=10)
Frequent nodes 
[('-307486232', <state_graph.State instance at 0x768d81cf7320>), ('-583182176', <state_graph.State instance at 0x768d815f9f50>)]
the portion to the top 20% most frequent states: 0.666666666667
Frequent nodes 
[('-307486232', <state_graph.State instance at 0x768d81cf7320>), ('-583182176', <state_graph.State instance at 0x768d815f9f50>)]
--extracted id: OOAUT  num_controllable_widgets: 0
--event num: 1
--extracted id: OOAUT  num_controllable_widgets: 0
--event num: 2
--extracted id: OOAUT  num_controllable_widgets: 0
--event num: 3
--extracted id: OOAUT  num_controllable_widgets: 0
--event num: 4
--extracted id: OOAUT  num_controllable_widgets: 0
--event num: 5
--extracted id: OOAUT  num_controllable_widgets: 0
--event num: 6
--extracted id: OOAUT  num_controllable_widgets: 0
--event num: 7
--extracted id: OOAUT  num_controllable_widgets: 0
--event num: 8
--extracted id: OOAUT  num_controllable_widgets: 0
--event num: 9
--extracted id: OOAUT  num_controllable_widgets: 0
--event num: 10
--extracted id: OOAUT  num_controllable_widgets: 0
--event num: 11
--extracted id: OOAUT  num_controllable_widgets: 0
--event num: 12
--extracted id: OOAUT  num_controllable_widgets: 0
--event num: 13
--extracted id: OOAUT  num_controllable_widgets: 0
--event num: 14
--extracted id: -583182176  num_controllable_widgets: 0
--transiton occurs
--the state -583182176  exists
===================> PENALIZE STATE <=====================
deque(['-924698312', '-307486232', '-583182176', '-924698312', '925876671', '-2124623986', '925876671', '-307486232', 'OOAUT', '-583182176'], maxlen=10)
Frequent nodes 
[('-583182176', <state_graph.State instance at 0x768d815f9f50>), ('-307486232', <state_graph.State instance at 0x768d81cf7320>)]
the portion to the top 20% most frequent states: 0.666666666667
Frequent nodes 
[('-583182176', <state_graph.State instance at 0x768d815f9f50>), ('-307486232', <state_graph.State instance at 0x768d81cf7320>)]
--extracted id: -583182176  num_controllable_widgets: 0
--event num: 1
--extracted id: OOAUT  num_controllable_widgets: 0
--transiton occurs
--the state OOAUT  exists
===================> PENALIZE STATE <=====================
deque(['-307486232', '-583182176', '-924698312', '925876671', '-2124623986', '925876671', '-307486232', 'OOAUT', '-583182176', 'OOAUT'], maxlen=10)
Frequent nodes 
[('-583182176', <state_graph.State instance at 0x768d815f9f50>), ('-307486232', <state_graph.State instance at 0x768d81cf7320>)]
the portion to the top 20% most frequent states: 0.666666666667
Frequent nodes 
[('-583182176', <state_graph.State instance at 0x768d815f9f50>), ('-307486232', <state_graph.State instance at 0x768d81cf7320>)]
--extracted id: OOAUT  num_controllable_widgets: 0
--event num: 1
--extracted id: OOAUT  num_controllable_widgets: 0
--event num: 2
--extracted id: OOAUT  num_controllable_widgets: 0
--event num: 3
--extracted id: OOAUT  num_controllable_widgets: 0
--event num: 4
--extracted id: -583182176  num_controllable_widgets: 0
--transiton occurs
--the state -583182176  exists
===================> PENALIZE STATE <=====================
deque(['-583182176', '-924698312', '925876671', '-2124623986', '925876671', '-307486232', 'OOAUT', '-583182176', 'OOAUT', '-583182176'], maxlen=10)
Frequent nodes 
[('-583182176', <state_graph.State instance at 0x768d815f9f50>), ('-307486232', <state_graph.State instance at 0x768d81cf7320>)]
the portion to the top 20% most frequent states: 0.666666666667
Frequent nodes 
[('-583182176', <state_graph.State instance at 0x768d815f9f50>), ('-307486232', <state_graph.State instance at 0x768d81cf7320>)]
--extracted id: -583182176  num_controllable_widgets: 0
--event num: 1
--extracted id: OOAUT  num_controllable_widgets: 0
--transiton occurs
--the state OOAUT  exists
===================> PENALIZE STATE <=====================
deque(['-924698312', '925876671', '-2124623986', '925876671', '-307486232', 'OOAUT', '-583182176', 'OOAUT', '-583182176', 'OOAUT'], maxlen=10)
Frequent nodes 
[('-583182176', <state_graph.State instance at 0x768d815f9f50>), ('OOAUT', <state_graph.State instance at 0x768d7f9f7910>)]
the portion to the top 20% most frequent states: 0.5
Frequent nodes 
[('-583182176', <state_graph.State instance at 0x768d815f9f50>), ('OOAUT', <state_graph.State instance at 0x768d7f9f7910>)]
--extracted id: OOAUT  num_controllable_widgets: 0
--event num: 1
--extracted id: OOAUT  num_controllable_widgets: 0
--event num: 2
--extracted id: OOAUT  num_controllable_widgets: 0
--event num: 3
--extracted id: OOAUT  num_controllable_widgets: 0
--event num: 4
--extracted id: OOAUT  num_controllable_widgets: 0
--event num: 5
--extracted id: OOAUT  num_controllable_widgets: 0
--event num: 6
--extracted id: OOAUT  num_controllable_widgets: 0
--event num: 7
--extracted id: OOAUT  num_controllable_widgets: 0
--event num: 8
--extracted id: OOAUT  num_controllable_widgets: 0
--event num: 9
--extracted id: OOAUT  num_controllable_widgets: 0
--event num: 10
--extracted id: OOAUT  num_controllable_widgets: 0
--event num: 11
--extracted id: OOAUT  num_controllable_widgets: 0
--event num: 12
--extracted id: OOAUT  num_controllable_widgets: 0
--event num: 13
--extracted id: OOAUT  num_controllable_widgets: 0
--event num: 14
--extracted id: OOAUT  num_controllable_widgets: 0
--event num: 15
--extracted id: OOAUT  num_controllable_widgets: 0
--event num: 16
--extracted id: OOAUT  num_controllable_widgets: 0
--event num: 17
--extracted id: -583182176  num_controllable_widgets: 0
--transiton occurs
--the state -583182176  exists
===================> PENALIZE STATE <=====================
deque(['925876671', '-2124623986', '925876671', '-307486232', 'OOAUT', '-583182176', 'OOAUT', '-583182176', 'OOAUT', '-583182176'], maxlen=10)
Frequent nodes 
[('-583182176', <state_graph.State instance at 0x768d815f9f50>), ('OOAUT', <state_graph.State instance at 0x768d7f9f7910>)]
the portion to the top 20% most frequent states: 0.6
Frequent nodes 
[('-583182176', <state_graph.State instance at 0x768d815f9f50>), ('OOAUT', <state_graph.State instance at 0x768d7f9f7910>)]
--extracted id: -583182176  num_controllable_widgets: 0
--event num: 1
--extracted id: 1514766507  num_controllable_widgets: 0
--transiton occurs
--a new state is triggered and add 1514766507 into the state graph.
get_jacoco_coverage- return code:  output: Broadcasting: Intent { act=edu.gatech.m3.emma.COLLECT_COVERAGE }
Broadcast completed: result=0
---
[COVERAGE FILE EXIST?]
coverage.ec
---
---
[VALIDATE COVERAGE FILE]$ java -jar /home/ubuntu/TimeMachine/fuzzingandroid/libs/jacococli.jar report /home/ubuntu/tm-results2/AmazeFileManager-3.4.2-#1837-rebuilt.apk.timemachine.result.emulator-5554#2026-08-17-00-09-02/ec_files/emulator-55542026-08-17-00-33-12.ec  --classfiles /home/ubuntu/TimeMachine/instrumented_apps/AmazeFileManager/AmazeFileManager-#1837/app/build/intermediates/javac/fdroidDebug/classes/ --classfiles /home/ubuntu/TimeMachine/instrumented_apps/AmazeFileManager/AmazeFileManager-#1837/commons_compress_7z/build/intermediates/javac/debug/classes/ --sourcefiles /home/ubuntu/TimeMachine/instrumented_apps/AmazeFileManager/AmazeFileManager-#1837/app/src/main/java/ --sourcefiles /home/ubuntu/TimeMachine/instrumented_apps/AmazeFileManager/AmazeFileManager-#1837/commons_compress_7z/src/main/java/ &> temp
---
---
[VALIDATE MESSAGE]
---
SUCCESS: coverage file is valid!
[INFO] Loading execution data file /home/ubuntu/tm-results2/AmazeFileManager-3.4.2-#1837-rebuilt.apk.timemachine.result.emulator-5554#2026-08-17-00-09-02/ec_files/emulator-55542026-08-17-00-33-12.ec.
[INFO] Analyzing 508 classes.
 /sdcard/coverage.ec: 1 file pulled, 0 skipped. 0.6 MB/s (7212 bytes in 0.012s)
 
compute_coverage-return code:  output: /home/ubuntu/tm-results2/AmazeFileManager-3.4.2-#1837-rebuilt.apk.timemachine.result.emulator-5554#2026-08-17-00-09-02/ec_files/coveragetemp.ec /home/ubuntu/tm-results2/AmazeFileManager-3.4.2-#1837-rebuilt.apk.timemachine.result.emulator-5554#2026-08-17-00-09-02/ec_files/emulator-55542026-08-17-00-19-58.ec /home/ubuntu/tm-results2/AmazeFileManager-3.4.2-#1837-rebuilt.apk.timemachine.result.emulator-5554#2026-08-17-00-09-02/ec_files/emulator-55542026-08-17-00-20-21.ec /home/ubuntu/tm-results2/AmazeFileManager-3.4.2-#1837-rebuilt.apk.timemachine.result.emulator-5554#2026-08-17-00-09-02/ec_files/emulator-55542026-08-17-00-21-39.ec /home/ubuntu/tm-results2/AmazeFileManager-3.4.2-#1837-rebuilt.apk.timemachine.result.emulator-5554#2026-08-17-00-09-02/ec_files/emulator-55542026-08-17-00-21-55.ec /home/ubuntu/tm-results2/AmazeFileManager-3.4.2-#1837-rebuilt.apk.timemachine.result.emulator-5554#2026-08-17-00-09-02/ec_files/emulator-55542026-08-17-00-22-12.ec /home/ubuntu/tm-results2/AmazeFileManager-3.4.2-#1837-rebuilt.apk.timemachine.result.emulator-5554#2026-08-17-00-09-02/ec_files/emulator-55542026-08-17-00-22-35.ec /home/ubuntu/tm-results2/AmazeFileManager-3.4.2-#1837-rebuilt.apk.timemachine.result.emulator-5554#2026-08-17-00-09-02/ec_files/emulator-55542026-08-17-00-27-32.ec /home/ubuntu/tm-results2/AmazeFileManager-3.4.2-#1837-rebuilt.apk.timemachine.result.emulator-5554#2026-08-17-00-09-02/ec_files/emulator-55542026-08-17-00-27-49.ec /home/ubuntu/tm-results2/AmazeFileManager-3.4.2-#1837-rebuilt.apk.timemachine.result.emulator-5554#2026-08-17-00-09-02/ec_files/emulator-55542026-08-17-00-28-01.ec /home/ubuntu/tm-results2/AmazeFileManager-3.4.2-#1837-rebuilt.apk.timemachine.result.emulator-5554#2026-08-17-00-09-02/ec_files/emulator-55542026-08-17-00-28-14.ec /home/ubuntu/tm-results2/AmazeFileManager-3.4.2-#1837-rebuilt.apk.timemachine.result.emulator-5554#2026-08-17-00-09-02/ec_files/emulator-55542026-08-17-00-33-12.ec
[INFO] Loading execution data file /home/ubuntu/tm-results2/AmazeFileManager-3.4.2-#1837-rebuilt.apk.timemachine.result.emulator-5554#2026-08-17-00-09-02/ec_files/coveragetemp.ec.
[INFO] Loading execution data file /home/ubuntu/tm-results2/AmazeFileManager-3.4.2-#1837-rebuilt.apk.timemachine.result.emulator-5554#2026-08-17-00-09-02/ec_files/emulator-55542026-08-17-00-19-58.ec.
[INFO] Loading execution data file /home/ubuntu/tm-results2/AmazeFileManager-3.4.2-#1837-rebuilt.apk.timemachine.result.emulator-5554#2026-08-17-00-09-02/ec_files/emulator-55542026-08-17-00-20-21.ec.
[INFO] Loading execution data file /home/ubuntu/tm-results2/AmazeFileManager-3.4.2-#1837-rebuilt.apk.timemachine.result.emulator-5554#2026-08-17-00-09-02/ec_files/emulator-55542026-08-17-00-21-39.ec.
[INFO] Loading execution data file /home/ubuntu/tm-results2/AmazeFileManager-3.4.2-#1837-rebuilt.apk.timemachine.result.emulator-5554#2026-08-17-00-09-02/ec_files/emulator-55542026-08-17-00-21-55.ec.
[INFO] Loading execution data file /home/ubuntu/tm-results2/AmazeFileManager-3.4.2-#1837-rebuilt.apk.timemachine.result.emulator-5554#2026-08-17-00-09-02/ec_files/emulator-55542026-08-17-00-22-12.ec.
[INFO] Loading execution data file /home/ubuntu/tm-results2/AmazeFileManager-3.4.2-#1837-rebuilt.apk.timemachine.result.emulator-5554#2026-08-17-00-09-02/ec_files/emulator-55542026-08-17-00-22-35.ec.
[INFO] Loading execution data file /home/ubuntu/tm-results2/AmazeFileManager-3.4.2-#1837-rebuilt.apk.timemachine.result.emulator-5554#2026-08-17-00-09-02/ec_files/emulator-55542026-08-17-00-27-32.ec.
[INFO] Loading execution data file /home/ubuntu/tm-results2/AmazeFileManager-3.4.2-#1837-rebuilt.apk.timemachine.result.emulator-5554#2026-08-17-00-09-02/ec_files/emulator-55542026-08-17-00-27-49.ec.
[INFO] Loading execution data file /home/ubuntu/tm-results2/AmazeFileManager-3.4.2-#1837-rebuilt.apk.timemachine.result.emulator-5554#2026-08-17-00-09-02/ec_files/emulator-55542026-08-17-00-28-01.ec.
[INFO] Loading execution data file /home/ubuntu/tm-results2/AmazeFileManager-3.4.2-#1837-rebuilt.apk.timemachine.result.emulator-5554#2026-08-17-00-09-02/ec_files/emulator-55542026-08-17-00-28-14.ec.
[INFO] Loading execution data file /home/ubuntu/tm-results2/AmazeFileManager-3.4.2-#1837-rebuilt.apk.timemachine.result.emulator-5554#2026-08-17-00-09-02/ec_files/emulator-55542026-08-17-00-33-12.ec.
[INFO] Analyzing 508 classes.
   
-----------
current jacoco line coverage rate: 0.193687567415
-----------
--coverage when the new state is triggered: 0.193687567415 current jacoco line coverage rate : 0.167706232706
===================> REWARD STATE <=====================
===================> REWARD STATE <=====================
--taking snapshot...
deque(['-2124623986', '925876671', '-307486232', 'OOAUT', '-583182176', 'OOAUT', '-583182176', 'OOAUT', '-583182176', '1514766507'], maxlen=10)
Frequent nodes 
[('-583182176', <state_graph.State instance at 0x768d815f9f50>), ('OOAUT', <state_graph.State instance at 0x768d7f9f7910>)]
the portion to the top 20% most frequent states: 0.333333333333
Frequent nodes 
[('-583182176', <state_graph.State instance at 0x768d815f9f50>), ('OOAUT', <state_graph.State instance at 0x768d7f9f7910>)]
--extracted id: 1514766507  num_controllable_widgets: 0
--event num: 1
--extracted id: 1514766507  num_controllable_widgets: 0
--event num: 2
--extracted id: -618498665  num_controllable_widgets: 3
--transiton occurs
--a new state is triggered and add -618498665 into the state graph.
get_jacoco_coverage- return code:  output: Broadcasting: Intent { act=edu.gatech.m3.emma.COLLECT_COVERAGE }
Broadcast completed: result=0
---
[COVERAGE FILE EXIST?]
coverage.ec
---
---
[VALIDATE COVERAGE FILE]$ java -jar /home/ubuntu/TimeMachine/fuzzingandroid/libs/jacococli.jar report /home/ubuntu/tm-results2/AmazeFileManager-3.4.2-#1837-rebuilt.apk.timemachine.result.emulator-5554#2026-08-17-00-09-02/ec_files/emulator-55542026-08-17-00-33-26.ec  --classfiles /home/ubuntu/TimeMachine/instrumented_apps/AmazeFileManager/AmazeFileManager-#1837/app/build/intermediates/javac/fdroidDebug/classes/ --classfiles /home/ubuntu/TimeMachine/instrumented_apps/AmazeFileManager/AmazeFileManager-#1837/commons_compress_7z/build/intermediates/javac/debug/classes/ --sourcefiles /home/ubuntu/TimeMachine/instrumented_apps/AmazeFileManager/AmazeFileManager-#1837/app/src/main/java/ --sourcefiles /home/ubuntu/TimeMachine/instrumented_apps/AmazeFileManager/AmazeFileManager-#1837/commons_compress_7z/src/main/java/ &> temp
---
---
[VALIDATE MESSAGE]
---
SUCCESS: coverage file is valid!
[INFO] Loading execution data file /home/ubuntu/tm-results2/AmazeFileManager-3.4.2-#1837-rebuilt.apk.timemachine.result.emulator-5554#2026-08-17-00-09-02/ec_files/emulator-55542026-08-17-00-33-26.ec.
[INFO] Analyzing 508 classes.
 /sdcard/coverage.ec: 1 file pulled, 0 skipped. 0.0 MB/s (1759 bytes in 0.045s)
 
compute_coverage-return code:  output: /home/ubuntu/tm-results2/AmazeFileManager-3.4.2-#1837-rebuilt.apk.timemachine.result.emulator-5554#2026-08-17-00-09-02/ec_files/coveragetemp.ec /home/ubuntu/tm-results2/AmazeFileManager-3.4.2-#1837-rebuilt.apk.timemachine.result.emulator-5554#2026-08-17-00-09-02/ec_files/emulator-55542026-08-17-00-19-58.ec /home/ubuntu/tm-results2/AmazeFileManager-3.4.2-#1837-rebuilt.apk.timemachine.result.emulator-5554#2026-08-17-00-09-02/ec_files/emulator-55542026-08-17-00-20-21.ec /home/ubuntu/tm-results2/AmazeFileManager-3.4.2-#1837-rebuilt.apk.timemachine.result.emulator-5554#2026-08-17-00-09-02/ec_files/emulator-55542026-08-17-00-21-39.ec /home/ubuntu/tm-results2/AmazeFileManager-3.4.2-#1837-rebuilt.apk.timemachine.result.emulator-5554#2026-08-17-00-09-02/ec_files/emulator-55542026-08-17-00-21-55.ec /home/ubuntu/tm-results2/AmazeFileManager-3.4.2-#1837-rebuilt.apk.timemachine.result.emulator-5554#2026-08-17-00-09-02/ec_files/emulator-55542026-08-17-00-22-12.ec /home/ubuntu/tm-results2/AmazeFileManager-3.4.2-#1837-rebuilt.apk.timemachine.result.emulator-5554#2026-08-17-00-09-02/ec_files/emulator-55542026-08-17-00-22-35.ec /home/ubuntu/tm-results2/AmazeFileManager-3.4.2-#1837-rebuilt.apk.timemachine.result.emulator-5554#2026-08-17-00-09-02/ec_files/emulator-55542026-08-17-00-27-32.ec /home/ubuntu/tm-results2/AmazeFileManager-3.4.2-#1837-rebuilt.apk.timemachine.result.emulator-5554#2026-08-17-00-09-02/ec_files/emulator-55542026-08-17-00-27-49.ec /home/ubuntu/tm-results2/AmazeFileManager-3.4.2-#1837-rebuilt.apk.timemachine.result.emulator-5554#2026-08-17-00-09-02/ec_files/emulator-55542026-08-17-00-28-01.ec /home/ubuntu/tm-results2/AmazeFileManager-3.4.2-#1837-rebuilt.apk.timemachine.result.emulator-5554#2026-08-17-00-09-02/ec_files/emulator-55542026-08-17-00-28-14.ec /home/ubuntu/tm-results2/AmazeFileManager-3.4.2-#1837-rebuilt.apk.timemachine.result.emulator-5554#2026-08-17-00-09-02/ec_files/emulator-55542026-08-17-00-33-12.ec /home/ubuntu/tm-results2/AmazeFileManager-3.4.2-#1837-rebuilt.apk.timemachine.result.emulator-5554#2026-08-17-00-09-02/ec_files/emulator-55542026-08-17-00-33-26.ec
[INFO] Loading execution data file /home/ubuntu/tm-results2/AmazeFileManager-3.4.2-#1837-rebuilt.apk.timemachine.result.emulator-5554#2026-08-17-00-09-02/ec_files/coveragetemp.ec.
[INFO] Loading execution data file /home/ubuntu/tm-results2/AmazeFileManager-3.4.2-#1837-rebuilt.apk.timemachine.result.emulator-5554#2026-08-17-00-09-02/ec_files/emulator-55542026-08-17-00-19-58.ec.
[INFO] Loading execution data file /home/ubuntu/tm-results2/AmazeFileManager-3.4.2-#1837-rebuilt.apk.timemachine.result.emulator-5554#2026-08-17-00-09-02/ec_files/emulator-55542026-08-17-00-20-21.ec.
[INFO] Loading execution data file /home/ubuntu/tm-results2/AmazeFileManager-3.4.2-#1837-rebuilt.apk.timemachine.result.emulator-5554#2026-08-17-00-09-02/ec_files/emulator-55542026-08-17-00-21-39.ec.
[INFO] Loading execution data file /home/ubuntu/tm-results2/AmazeFileManager-3.4.2-#1837-rebuilt.apk.timemachine.result.emulator-5554#2026-08-17-00-09-02/ec_files/emulator-55542026-08-17-00-21-55.ec.
[INFO] Loading execution data file /home/ubuntu/tm-results2/AmazeFileManager-3.4.2-#1837-rebuilt.apk.timemachine.result.emulator-5554#2026-08-17-00-09-02/ec_files/emulator-55542026-08-17-00-22-12.ec.
[INFO] Loading execution data file /home/ubuntu/tm-results2/AmazeFileManager-3.4.2-#1837-rebuilt.apk.timemachine.result.emulator-5554#2026-08-17-00-09-02/ec_files/emulator-55542026-08-17-00-22-35.ec.
[INFO] Loading execution data file /home/ubuntu/tm-results2/AmazeFileManager-3.4.2-#1837-rebuilt.apk.timemachine.result.emulator-5554#2026-08-17-00-09-02/ec_files/emulator-55542026-08-17-00-27-32.ec.
[INFO] Loading execution data file /home/ubuntu/tm-results2/AmazeFileManager-3.4.2-#1837-rebuilt.apk.timemachine.result.emulator-5554#2026-08-17-00-09-02/ec_files/emulator-55542026-08-17-00-27-49.ec.
[INFO] Loading execution data file /home/ubuntu/tm-results2/AmazeFileManager-3.4.2-#1837-rebuilt.apk.timemachine.result.emulator-5554#2026-08-17-00-09-02/ec_files/emulator-55542026-08-17-00-28-01.ec.
[INFO] Loading execution data file /home/ubuntu/tm-results2/AmazeFileManager-3.4.2-#1837-rebuilt.apk.timemachine.result.emulator-5554#2026-08-17-00-09-02/ec_files/emulator-55542026-08-17-00-28-14.ec.
[INFO] Loading execution data file /home/ubuntu/tm-results2/AmazeFileManager-3.4.2-#1837-rebuilt.apk.timemachine.result.emulator-5554#2026-08-17-00-09-02/ec_files/emulator-55542026-08-17-00-33-12.ec.
[INFO] Loading execution data file /home/ubuntu/tm-results2/AmazeFileManager-3.4.2-#1837-rebuilt.apk.timemachine.result.emulator-5554#2026-08-17-00-09-02/ec_files/emulator-55542026-08-17-00-33-26.ec.
[INFO] Analyzing 508 classes.
   
-----------
current jacoco line coverage rate: 0.193687567415
-----------
--coverage when the new state is triggered: 0.193687567415 current jacoco line coverage rate : 0.193687567415
===================> PENALIZE STATE <=====================
deque(['925876671', '-307486232', 'OOAUT', '-583182176', 'OOAUT', '-583182176', 'OOAUT', '-583182176', '1514766507', '-618498665'], maxlen=10)
Frequent nodes 
[('-583182176', <state_graph.State instance at 0x768d815f9f50>), ('OOAUT', <state_graph.State instance at 0x768d7f9f7910>)]
the portion to the top 20% most frequent states: 0.333333333333
Frequent nodes 
[('-583182176', <state_graph.State instance at 0x768d815f9f50>), ('OOAUT', <state_graph.State instance at 0x768d7f9f7910>)]
--extracted id: OOAUT  num_controllable_widgets: 0
--transiton occurs
--the state OOAUT  exists
===================> PENALIZE STATE <=====================
deque(['-307486232', 'OOAUT', '-583182176', 'OOAUT', '-583182176', 'OOAUT', '-583182176', '1514766507', '-618498665', 'OOAUT'], maxlen=10)
Frequent nodes 
[('-583182176', <state_graph.State instance at 0x768d815f9f50>), ('OOAUT', <state_graph.State instance at 0x768d7f9f7910>)]
the portion to the top 20% most frequent states: 0.4
Frequent nodes 
[('-583182176', <state_graph.State instance at 0x768d815f9f50>), ('OOAUT', <state_graph.State instance at 0x768d7f9f7910>)]
--extracted id: 1553477860  num_controllable_widgets: 1
--transiton occurs
--a new state is triggered and add 1553477860 into the state graph.
get_jacoco_coverage- return code:  output: Broadcasting: Intent { act=edu.gatech.m3.emma.COLLECT_COVERAGE }
Broadcast completed: result=0
---
[COVERAGE FILE EXIST?]
coverage.ec
---
---
[VALIDATE COVERAGE FILE]$ java -jar /home/ubuntu/TimeMachine/fuzzingandroid/libs/jacococli.jar report /home/ubuntu/tm-results2/AmazeFileManager-3.4.2-#1837-rebuilt.apk.timemachine.result.emulator-5554#2026-08-17-00-09-02/ec_files/emulator-55542026-08-17-00-33-39.ec  --classfiles /home/ubuntu/TimeMachine/instrumented_apps/AmazeFileManager/AmazeFileManager-#1837/app/build/intermediates/javac/fdroidDebug/classes/ --classfiles /home/ubuntu/TimeMachine/instrumented_apps/AmazeFileManager/AmazeFileManager-#1837/commons_compress_7z/build/intermediates/javac/debug/classes/ --sourcefiles /home/ubuntu/TimeMachine/instrumented_apps/AmazeFileManager/AmazeFileManager-#1837/app/src/main/java/ --sourcefiles /home/ubuntu/TimeMachine/instrumented_apps/AmazeFileManager/AmazeFileManager-#1837/commons_compress_7z/src/main/java/ &> temp
---
---
[VALIDATE MESSAGE]
---
SUCCESS: coverage file is valid!
[INFO] Loading execution data file /home/ubuntu/tm-results2/AmazeFileManager-3.4.2-#1837-rebuilt.apk.timemachine.result.emulator-5554#2026-08-17-00-09-02/ec_files/emulator-55542026-08-17-00-33-39.ec.
[INFO] Analyzing 508 classes.
 /sdcard/coverage.ec: 1 file pulled, 0 skipped. 0.0 MB/s (644 bytes in 0.045s)
 
compute_coverage-return code:  output: /home/ubuntu/tm-results2/AmazeFileManager-3.4.2-#1837-rebuilt.apk.timemachine.result.emulator-5554#2026-08-17-00-09-02/ec_files/coveragetemp.ec /home/ubuntu/tm-results2/AmazeFileManager-3.4.2-#1837-rebuilt.apk.timemachine.result.emulator-5554#2026-08-17-00-09-02/ec_files/emulator-55542026-08-17-00-19-58.ec /home/ubuntu/tm-results2/AmazeFileManager-3.4.2-#1837-rebuilt.apk.timemachine.result.emulator-5554#2026-08-17-00-09-02/ec_files/emulator-55542026-08-17-00-20-21.ec /home/ubuntu/tm-results2/AmazeFileManager-3.4.2-#1837-rebuilt.apk.timemachine.result.emulator-5554#2026-08-17-00-09-02/ec_files/emulator-55542026-08-17-00-21-39.ec /home/ubuntu/tm-results2/AmazeFileManager-3.4.2-#1837-rebuilt.apk.timemachine.result.emulator-5554#2026-08-17-00-09-02/ec_files/emulator-55542026-08-17-00-21-55.ec /home/ubuntu/tm-results2/AmazeFileManager-3.4.2-#1837-rebuilt.apk.timemachine.result.emulator-5554#2026-08-17-00-09-02/ec_files/emulator-55542026-08-17-00-22-12.ec /home/ubuntu/tm-results2/AmazeFileManager-3.4.2-#1837-rebuilt.apk.timemachine.result.emulator-5554#2026-08-17-00-09-02/ec_files/emulator-55542026-08-17-00-22-35.ec /home/ubuntu/tm-results2/AmazeFileManager-3.4.2-#1837-rebuilt.apk.timemachine.result.emulator-5554#2026-08-17-00-09-02/ec_files/emulator-55542026-08-17-00-27-32.ec /home/ubuntu/tm-results2/AmazeFileManager-3.4.2-#1837-rebuilt.apk.timemachine.result.emulator-5554#2026-08-17-00-09-02/ec_files/emulator-55542026-08-17-00-27-49.ec /home/ubuntu/tm-results2/AmazeFileManager-3.4.2-#1837-rebuilt.apk.timemachine.result.emulator-5554#2026-08-17-00-09-02/ec_files/emulator-55542026-08-17-00-28-01.ec /home/ubuntu/tm-results2/AmazeFileManager-3.4.2-#1837-rebuilt.apk.timemachine.result.emulator-5554#2026-08-17-00-09-02/ec_files/emulator-55542026-08-17-00-28-14.ec /home/ubuntu/tm-results2/AmazeFileManager-3.4.2-#1837-rebuilt.apk.timemachine.result.emulator-5554#2026-08-17-00-09-02/ec_files/emulator-55542026-08-17-00-33-12.ec /home/ubuntu/tm-results2/AmazeFileManager-3.4.2-#1837-rebuilt.apk.timemachine.result.emulator-5554#2026-08-17-00-09-02/ec_files/emulator-55542026-08-17-00-33-26.ec /home/ubuntu/tm-results2/AmazeFileManager-3.4.2-#1837-rebuilt.apk.timemachine.result.emulator-5554#2026-08-17-00-09-02/ec_files/emulator-55542026-08-17-00-33-39.ec
[INFO] Loading execution data file /home/ubuntu/tm-results2/AmazeFileManager-3.4.2-#1837-rebuilt.apk.timemachine.result.emulator-5554#2026-08-17-00-09-02/ec_files/coveragetemp.ec.
[INFO] Loading execution data file /home/ubuntu/tm-results2/AmazeFileManager-3.4.2-#1837-rebuilt.apk.timemachine.result.emulator-5554#2026-08-17-00-09-02/ec_files/emulator-55542026-08-17-00-19-58.ec.
[INFO] Loading execution data file /home/ubuntu/tm-results2/AmazeFileManager-3.4.2-#1837-rebuilt.apk.timemachine.result.emulator-5554#2026-08-17-00-09-02/ec_files/emulator-55542026-08-17-00-20-21.ec.
[INFO] Loading execution data file /home/ubuntu/tm-results2/AmazeFileManager-3.4.2-#1837-rebuilt.apk.timemachine.result.emulator-5554#2026-08-17-00-09-02/ec_files/emulator-55542026-08-17-00-21-39.ec.
[INFO] Loading execution data file /home/ubuntu/tm-results2/AmazeFileManager-3.4.2-#1837-rebuilt.apk.timemachine.result.emulator-5554#2026-08-17-00-09-02/ec_files/emulator-55542026-08-17-00-21-55.ec.
[INFO] Loading execution data file /home/ubuntu/tm-results2/AmazeFileManager-3.4.2-#1837-rebuilt.apk.timemachine.result.emulator-5554#2026-08-17-00-09-02/ec_files/emulator-55542026-08-17-00-22-12.ec.
[INFO] Loading execution data file /home/ubuntu/tm-results2/AmazeFileManager-3.4.2-#1837-rebuilt.apk.timemachine.result.emulator-5554#2026-08-17-00-09-02/ec_files/emulator-55542026-08-17-00-22-35.ec.
[INFO] Loading execution data file /home/ubuntu/tm-results2/AmazeFileManager-3.4.2-#1837-rebuilt.apk.timemachine.result.emulator-5554#2026-08-17-00-09-02/ec_files/emulator-55542026-08-17-00-27-32.ec.
[INFO] Loading execution data file /home/ubuntu/tm-results2/AmazeFileManager-3.4.2-#1837-rebuilt.apk.timemachine.result.emulator-5554#2026-08-17-00-09-02/ec_files/emulator-55542026-08-17-00-27-49.ec.
[INFO] Loading execution data file /home/ubuntu/tm-results2/AmazeFileManager-3.4.2-#1837-rebuilt.apk.timemachine.result.emulator-5554#2026-08-17-00-09-02/ec_files/emulator-55542026-08-17-00-28-01.ec.
[INFO] Loading execution data file /home/ubuntu/tm-results2/AmazeFileManager-3.4.2-#1837-rebuilt.apk.timemachine.result.emulator-5554#2026-08-17-00-09-02/ec_files/emulator-55542026-08-17-00-28-14.ec.
[INFO] Loading execution data file /home/ubuntu/tm-results2/AmazeFileManager-3.4.2-#1837-rebuilt.apk.timemachine.result.emulator-5554#2026-08-17-00-09-02/ec_files/emulator-55542026-08-17-00-33-12.ec.
[INFO] Loading execution data file /home/ubuntu/tm-results2/AmazeFileManager-3.4.2-#1837-rebuilt.apk.timemachine.result.emulator-5554#2026-08-17-00-09-02/ec_files/emulator-55542026-08-17-00-33-26.ec.
[INFO] Loading execution data file /home/ubuntu/tm-results2/AmazeFileManager-3.4.2-#1837-rebuilt.apk.timemachine.result.emulator-5554#2026-08-17-00-09-02/ec_files/emulator-55542026-08-17-00-33-39.ec.
[INFO] Analyzing 508 classes.
   
-----------
current jacoco line coverage rate: 0.193687567415
-----------
--coverage when the new state is triggered: 0.193687567415 current jacoco line coverage rate : 0.193687567415
===================> PENALIZE STATE <=====================
deque(['OOAUT', '-583182176', 'OOAUT', '-583182176', 'OOAUT', '-583182176', '1514766507', '-618498665', 'OOAUT', '1553477860'], maxlen=10)
Frequent nodes 
[('-583182176', <state_graph.State instance at 0x768d815f9f50>), ('OOAUT', <state_graph.State instance at 0x768d7f9f7910>)]
the portion to the top 20% most frequent states: 0.4
Frequent nodes 
[('-583182176', <state_graph.State instance at 0x768d815f9f50>), ('OOAUT', <state_graph.State instance at 0x768d7f9f7910>)]
--extracted id: OOAUT  num_controllable_widgets: 0
--transiton occurs
--the state OOAUT  exists
===================> PENALIZE STATE <=====================
deque(['-583182176', 'OOAUT', '-583182176', 'OOAUT', '-583182176', '1514766507', '-618498665', 'OOAUT', '1553477860', 'OOAUT'], maxlen=10)
Frequent nodes 
[('OOAUT', <state_graph.State instance at 0x768d7f9f7910>), ('-583182176', <state_graph.State instance at 0x768d815f9f50>)]
the portion to the top 20% most frequent states: 0.4
Frequent nodes 
[('OOAUT', <state_graph.State instance at 0x768d7f9f7910>), ('-583182176', <state_graph.State instance at 0x768d815f9f50>)]
--extracted id: OOAUT  num_controllable_widgets: 0
--event num: 1
--extracted id: OOAUT  num_controllable_widgets: 0
--event num: 2
--extracted id: OOAUT  num_controllable_widgets: 0
--event num: 3
--extracted id: OOAUT  num_controllable_widgets: 0
--event num: 4
--extracted id: OOAUT  num_controllable_widgets: 0
--event num: 5
--extracted id: OOAUT  num_controllable_widgets: 0
--event num: 6
--extracted id: OOAUT  num_controllable_widgets: 0
--event num: 7
--extracted id: OOAUT  num_controllable_widgets: 0
--event num: 8
--extracted id: OOAUT  num_controllable_widgets: 0
--event num: 9
--extracted id: OOAUT  num_controllable_widgets: 0
--event num: 10
--extracted id: OOAUT  num_controllable_widgets: 0
--event num: 11
--extracted id: OOAUT  num_controllable_widgets: 0
--event num: 12
--extracted id: OOAUT  num_controllable_widgets: 0
--event num: 13
--extracted id: OOAUT  num_controllable_widgets: 0
--event num: 14
--extracted id: OOAUT  num_controllable_widgets: 0
--event num: 15
--extracted id: OOAUT  num_controllable_widgets: 0
--event num: 16
--extracted id: OOAUT  num_controllable_widgets: 0
--event num: 17
--extracted id: -583182176  num_controllable_widgets: 0
--transiton occurs
--the state -583182176  exists
===================> PENALIZE STATE <=====================
deque(['OOAUT', '-583182176', 'OOAUT', '-583182176', '1514766507', '-618498665', 'OOAUT', '1553477860', 'OOAUT', '-583182176'], maxlen=10)
Frequent nodes 
[('-583182176', <state_graph.State instance at 0x768d815f9f50>), ('OOAUT', <state_graph.State instance at 0x768d7f9f7910>)]
the portion to the top 20% most frequent states: 0.4
Frequent nodes 
[('-583182176', <state_graph.State instance at 0x768d815f9f50>), ('OOAUT', <state_graph.State instance at 0x768d7f9f7910>)]
--extracted id: -583182176  num_controllable_widgets: 0
--event num: 1
--extracted id: -583182176  num_controllable_widgets: 0
--event num: 2
--extracted id: OOAUT  num_controllable_widgets: 0
--transiton occurs
--the state OOAUT  exists
===================> PENALIZE STATE <=====================
deque(['-583182176', 'OOAUT', '-583182176', '1514766507', '-618498665', 'OOAUT', '1553477860', 'OOAUT', '-583182176', 'OOAUT'], maxlen=10)
Frequent nodes 
[('OOAUT', <state_graph.State instance at 0x768d7f9f7910>), ('-583182176', <state_graph.State instance at 0x768d815f9f50>)]
the portion to the top 20% most frequent states: 0.4
Frequent nodes 
[('OOAUT', <state_graph.State instance at 0x768d7f9f7910>), ('-583182176', <state_graph.State instance at 0x768d815f9f50>)]
--extracted id: OOAUT  num_controllable_widgets: 0
--event num: 1
--extracted id: OOAUT  num_controllable_widgets: 0
--event num: 2
--extracted id: OOAUT  num_controllable_widgets: 0
--event num: 3
--extracted id: OOAUT  num_controllable_widgets: 0
--event num: 4
--extracted id: OOAUT  num_controllable_widgets: 0
--event num: 5
--extracted id: OOAUT  num_controllable_widgets: 0
--event num: 6
--extracted id: OOAUT  num_controllable_widgets: 0
--event num: 7
--extracted id: OOAUT  num_controllable_widgets: 0
--event num: 8
--extracted id: OOAUT  num_controllable_widgets: 0
--event num: 9
--extracted id: OOAUT  num_controllable_widgets: 0
--event num: 10
--extracted id: OOAUT  num_controllable_widgets: 0
--event num: 11
--extracted id: OOAUT  num_controllable_widgets: 0
--event num: 12
--extracted id: OOAUT  num_controllable_widgets: 0
--event num: 13
--extracted id: OOAUT  num_controllable_widgets: 0
--event num: 14
--extracted id: OOAUT  num_controllable_widgets: 0
--event num: 15
--extracted id: OOAUT  num_controllable_widgets: 0
--event num: 16
--extracted id: OOAUT  num_controllable_widgets: 0
--event num: 17
--extracted id: OOAUT  num_controllable_widgets: 0
--event num: 18
--extracted id: OOAUT  num_controllable_widgets: 0
--event num: 19
--extracted id: OOAUT  num_controllable_widgets: 0
--event num: 20
--extracted id: OOAUT  num_controllable_widgets: 0
--event num: 21
--extracted id: -258892453  num_controllable_widgets: 0
--transiton occurs
--a new state is triggered and add -258892453 into the state graph.
get_jacoco_coverage- return code:  output: Broadcasting: Intent { act=edu.gatech.m3.emma.COLLECT_COVERAGE }
Broadcast completed: result=0
---
[COVERAGE FILE EXIST?]
coverage.ec
---
---
[VALIDATE COVERAGE FILE]$ java -jar /home/ubuntu/TimeMachine/fuzzingandroid/libs/jacococli.jar report /home/ubuntu/tm-results2/AmazeFileManager-3.4.2-#1837-rebuilt.apk.timemachine.result.emulator-5554#2026-08-17-00-09-02/ec_files/emulator-55542026-08-17-00-39-07.ec  --classfiles /home/ubuntu/TimeMachine/instrumented_apps/AmazeFileManager/AmazeFileManager-#1837/app/build/intermediates/javac/fdroidDebug/classes/ --classfiles /home/ubuntu/TimeMachine/instrumented_apps/AmazeFileManager/AmazeFileManager-#1837/commons_compress_7z/build/intermediates/javac/debug/classes/ --sourcefiles /home/ubuntu/TimeMachine/instrumented_apps/AmazeFileManager/AmazeFileManager-#1837/app/src/main/java/ --sourcefiles /home/ubuntu/TimeMachine/instrumented_apps/AmazeFileManager/AmazeFileManager-#1837/commons_compress_7z/src/main/java/ &> temp
---
---
[VALIDATE MESSAGE]
---
SUCCESS: coverage file is valid!
[INFO] Loading execution data file /home/ubuntu/tm-results2/AmazeFileManager-3.4.2-#1837-rebuilt.apk.timemachine.result.emulator-5554#2026-08-17-00-09-02/ec_files/emulator-55542026-08-17-00-39-07.ec.
[INFO] Analyzing 508 classes.
 /sdcard/coverage.ec: 1 file pulled, 0 skipped. 0.1 MB/s (7064 bytes in 0.060s)
 
compute_coverage-return code:  output: /home/ubuntu/tm-results2/AmazeFileManager-3.4.2-#1837-rebuilt.apk.timemachine.result.emulator-5554#2026-08-17-00-09-02/ec_files/coveragetemp.ec /home/ubuntu/tm-results2/AmazeFileManager-3.4.2-#1837-rebuilt.apk.timemachine.result.emulator-5554#2026-08-17-00-09-02/ec_files/emulator-55542026-08-17-00-19-58.ec /home/ubuntu/tm-results2/AmazeFileManager-3.4.2-#1837-rebuilt.apk.timemachine.result.emulator-5554#2026-08-17-00-09-02/ec_files/emulator-55542026-08-17-00-20-21.ec /home/ubuntu/tm-results2/AmazeFileManager-3.4.2-#1837-rebuilt.apk.timemachine.result.emulator-5554#2026-08-17-00-09-02/ec_files/emulator-55542026-08-17-00-21-39.ec /home/ubuntu/tm-results2/AmazeFileManager-3.4.2-#1837-rebuilt.apk.timemachine.result.emulator-5554#2026-08-17-00-09-02/ec_files/emulator-55542026-08-17-00-21-55.ec /home/ubuntu/tm-results2/AmazeFileManager-3.4.2-#1837-rebuilt.apk.timemachine.result.emulator-5554#2026-08-17-00-09-02/ec_files/emulator-55542026-08-17-00-22-12.ec /home/ubuntu/tm-results2/AmazeFileManager-3.4.2-#1837-rebuilt.apk.timemachine.result.emulator-5554#2026-08-17-00-09-02/ec_files/emulator-55542026-08-17-00-22-35.ec /home/ubuntu/tm-results2/AmazeFileManager-3.4.2-#1837-rebuilt.apk.timemachine.result.emulator-5554#2026-08-17-00-09-02/ec_files/emulator-55542026-08-17-00-27-32.ec /home/ubuntu/tm-results2/AmazeFileManager-3.4.2-#1837-rebuilt.apk.timemachine.result.emulator-5554#2026-08-17-00-09-02/ec_files/emulator-55542026-08-17-00-27-49.ec /home/ubuntu/tm-results2/AmazeFileManager-3.4.2-#1837-rebuilt.apk.timemachine.result.emulator-5554#2026-08-17-00-09-02/ec_files/emulator-55542026-08-17-00-28-01.ec /home/ubuntu/tm-results2/AmazeFileManager-3.4.2-#1837-rebuilt.apk.timemachine.result.emulator-5554#2026-08-17-00-09-02/ec_files/emulator-55542026-08-17-00-28-14.ec /home/ubuntu/tm-results2/AmazeFileManager-3.4.2-#1837-rebuilt.apk.timemachine.result.emulator-5554#2026-08-17-00-09-02/ec_files/emulator-55542026-08-17-00-33-12.ec /home/ubuntu/tm-results2/AmazeFileManager-3.4.2-#1837-rebuilt.apk.timemachine.result.emulator-5554#2026-08-17-00-09-02/ec_files/emulator-55542026-08-17-00-33-26.ec /home/ubuntu/tm-results2/AmazeFileManager-3.4.2-#1837-rebuilt.apk.timemachine.result.emulator-5554#2026-08-17-00-09-02/ec_files/emulator-55542026-08-17-00-33-39.ec /home/ubuntu/tm-results2/AmazeFileManager-3.4.2-#1837-rebuilt.apk.timemachine.result.emulator-5554#2026-08-17-00-09-02/ec_files/emulator-55542026-08-17-00-39-07.ec
[INFO] Loading execution data file /home/ubuntu/tm-results2/AmazeFileManager-3.4.2-#1837-rebuilt.apk.timemachine.result.emulator-5554#2026-08-17-00-09-02/ec_files/coveragetemp.ec.
[INFO] Loading execution data file /home/ubuntu/tm-results2/AmazeFileManager-3.4.2-#1837-rebuilt.apk.timemachine.result.emulator-5554#2026-08-17-00-09-02/ec_files/emulator-55542026-08-17-00-19-58.ec.
[INFO] Loading execution data file /home/ubuntu/tm-results2/AmazeFileManager-3.4.2-#1837-rebuilt.apk.timemachine.result.emulator-5554#2026-08-17-00-09-02/ec_files/emulator-55542026-08-17-00-20-21.ec.
[INFO] Loading execution data file /home/ubuntu/tm-results2/AmazeFileManager-3.4.2-#1837-rebuilt.apk.timemachine.result.emulator-5554#2026-08-17-00-09-02/ec_files/emulator-55542026-08-17-00-21-39.ec.
[INFO] Loading execution data file /home/ubuntu/tm-results2/AmazeFileManager-3.4.2-#1837-rebuilt.apk.timemachine.result.emulator-5554#2026-08-17-00-09-02/ec_files/emulator-55542026-08-17-00-21-55.ec.
[INFO] Loading execution data file /home/ubuntu/tm-results2/AmazeFileManager-3.4.2-#1837-rebuilt.apk.timemachine.result.emulator-5554#2026-08-17-00-09-02/ec_files/emulator-55542026-08-17-00-22-12.ec.
[INFO] Loading execution data file /home/ubuntu/tm-results2/AmazeFileManager-3.4.2-#1837-rebuilt.apk.timemachine.result.emulator-5554#2026-08-17-00-09-02/ec_files/emulator-55542026-08-17-00-22-35.ec.
[INFO] Loading execution data file /home/ubuntu/tm-results2/AmazeFileManager-3.4.2-#1837-rebuilt.apk.timemachine.result.emulator-5554#2026-08-17-00-09-02/ec_files/emulator-55542026-08-17-00-27-32.ec.
[INFO] Loading execution data file /home/ubuntu/tm-results2/AmazeFileManager-3.4.2-#1837-rebuilt.apk.timemachine.result.emulator-5554#2026-08-17-00-09-02/ec_files/emulator-55542026-08-17-00-27-49.ec.
[INFO] Loading execution data file /home/ubuntu/tm-results2/AmazeFileManager-3.4.2-#1837-rebuilt.apk.timemachine.result.emulator-5554#2026-08-17-00-09-02/ec_files/emulator-55542026-08-17-00-28-01.ec.
[INFO] Loading execution data file /home/ubuntu/tm-results2/AmazeFileManager-3.4.2-#1837-rebuilt.apk.timemachine.result.emulator-5554#2026-08-17-00-09-02/ec_files/emulator-55542026-08-17-00-28-14.ec.
[INFO] Loading execution data file /home/ubuntu/tm-results2/AmazeFileManager-3.4.2-#1837-rebuilt.apk.timemachine.result.emulator-5554#2026-08-17-00-09-02/ec_files/emulator-55542026-08-17-00-33-12.ec.
[INFO] Loading execution data file /home/ubuntu/tm-results2/AmazeFileManager-3.4.2-#1837-rebuilt.apk.timemachine.result.emulator-5554#2026-08-17-00-09-02/ec_files/emulator-55542026-08-17-00-33-26.ec.
[INFO] Loading execution data file /home/ubuntu/tm-results2/AmazeFileManager-3.4.2-#1837-rebuilt.apk.timemachine.result.emulator-5554#2026-08-17-00-09-02/ec_files/emulator-55542026-08-17-00-33-39.ec.
[INFO] Loading execution data file /home/ubuntu/tm-results2/AmazeFileManager-3.4.2-#1837-rebuilt.apk.timemachine.result.emulator-5554#2026-08-17-00-09-02/ec_files/emulator-55542026-08-17-00-39-07.ec.
[INFO] Analyzing 508 classes.
   
-----------
current jacoco line coverage rate: 0.202926417483
-----------
--coverage when the new state is triggered: 0.202926417483 current jacoco line coverage rate : 0.193687567415
===================> REWARD STATE <=====================
===================> REWARD STATE <=====================
--taking snapshot...
deque(['OOAUT', '-583182176', '1514766507', '-618498665', 'OOAUT', '1553477860', 'OOAUT', '-583182176', 'OOAUT', '-258892453'], maxlen=10)
Frequent nodes 
[('OOAUT', <state_graph.State instance at 0x768d7f9f7910>), ('-583182176', <state_graph.State instance at 0x768d815f9f50>)]
the portion to the top 20% most frequent states: 0.333333333333
Frequent nodes 
[('OOAUT', <state_graph.State instance at 0x768d7f9f7910>), ('-583182176', <state_graph.State instance at 0x768d815f9f50>)]
--extracted id: -258892453  num_controllable_widgets: 0
--event num: 1
--extracted id: -258892453  num_controllable_widgets: 0
--event num: 2
--extracted id: -258892453  num_controllable_widgets: 0
--event num: 3
--extracted id: -258892453  num_controllable_widgets: 0
--event num: 4
--extracted id: -258892453  num_controllable_widgets: 0
--event num: 5
--extracted id: -258892453  num_controllable_widgets: 0
--event num: 6
--extracted id: -258892453  num_controllable_widgets: 0
--event num: 7
--extracted id: OOAUT  num_controllable_widgets: 0
--transiton occurs
--the state OOAUT  exists
===================> PENALIZE STATE <=====================
deque(['-583182176', '1514766507', '-618498665', 'OOAUT', '1553477860', 'OOAUT', '-583182176', 'OOAUT', '-258892453', 'OOAUT'], maxlen=10)
Frequent nodes 
[('OOAUT', <state_graph.State instance at 0x768d7f9f7910>), ('-583182176', <state_graph.State instance at 0x768d815f9f50>)]
the portion to the top 20% most frequent states: 0.333333333333
Frequent nodes 
[('OOAUT', <state_graph.State instance at 0x768d7f9f7910>), ('-583182176', <state_graph.State instance at 0x768d815f9f50>)]
--extracted id: OOAUT  num_controllable_widgets: 0
--event num: 1
--extracted id: OOAUT  num_controllable_widgets: 0
--event num: 2
--extracted id: OOAUT  num_controllable_widgets: 0
--event num: 3
--extracted id: OOAUT  num_controllable_widgets: 0
--event num: 4
--extracted id: OOAUT  num_controllable_widgets: 0
--event num: 5
--extracted id: OOAUT  num_controllable_widgets: 0
--event num: 6
--extracted id: OOAUT  num_controllable_widgets: 0
--event num: 7
--extracted id: OOAUT  num_controllable_widgets: 0
--event num: 8
--extracted id: OOAUT  num_controllable_widgets: 0
--event num: 9
--extracted id: OOAUT  num_controllable_widgets: 0
--event num: 10
--extracted id: OOAUT  num_controllable_widgets: 0
--event num: 11
--extracted id: -583182176  num_controllable_widgets: 0
--transiton occurs
--the state -583182176  exists
===================> PENALIZE STATE <=====================
deque(['1514766507', '-618498665', 'OOAUT', '1553477860', 'OOAUT', '-583182176', 'OOAUT', '-258892453', 'OOAUT', '-583182176'], maxlen=10)
Frequent nodes 
[('OOAUT', <state_graph.State instance at 0x768d7f9f7910>), ('-583182176', <state_graph.State instance at 0x768d815f9f50>)]
the portion to the top 20% most frequent states: 0.333333333333
Frequent nodes 
[('OOAUT', <state_graph.State instance at 0x768d7f9f7910>), ('-583182176', <state_graph.State instance at 0x768d815f9f50>)]
--extracted id: -583182176  num_controllable_widgets: 0
--event num: 1
--extracted id: -583182176  num_controllable_widgets: 0
--event num: 2
--extracted id: -583182176  num_controllable_widgets: 0
--event num: 3
--extracted id: -583182176  num_controllable_widgets: 0
--event num: 4
--extracted id: -583182176  num_controllable_widgets: 0
--event num: 5
--extracted id: 594179358  num_controllable_widgets: 0
--transiton occurs
--a new state is triggered and add 594179358 into the state graph.
get_jacoco_coverage- return code:  output: Broadcasting: Intent { act=edu.gatech.m3.emma.COLLECT_COVERAGE }
Broadcast completed: result=0
---
[COVERAGE FILE EXIST?]
coverage.ec
---
---
[VALIDATE COVERAGE FILE]$ java -jar /home/ubuntu/TimeMachine/fuzzingandroid/libs/jacococli.jar report /home/ubuntu/tm-results2/AmazeFileManager-3.4.2-#1837-rebuilt.apk.timemachine.result.emulator-5554#2026-08-17-00-09-02/ec_files/emulator-55542026-08-17-00-40-52.ec  --classfiles /home/ubuntu/TimeMachine/instrumented_apps/AmazeFileManager/AmazeFileManager-#1837/app/build/intermediates/javac/fdroidDebug/classes/ --classfiles /home/ubuntu/TimeMachine/instrumented_apps/AmazeFileManager/AmazeFileManager-#1837/commons_compress_7z/build/intermediates/javac/debug/classes/ --sourcefiles /home/ubuntu/TimeMachine/instrumented_apps/AmazeFileManager/AmazeFileManager-#1837/app/src/main/java/ --sourcefiles /home/ubuntu/TimeMachine/instrumented_apps/AmazeFileManager/AmazeFileManager-#1837/commons_compress_7z/src/main/java/ &> temp
---
---
[VALIDATE MESSAGE]
---
SUCCESS: coverage file is valid!
[INFO] Loading execution data file /home/ubuntu/tm-results2/AmazeFileManager-3.4.2-#1837-rebuilt.apk.timemachine.result.emulator-5554#2026-08-17-00-09-02/ec_files/emulator-55542026-08-17-00-40-52.ec.
[INFO] Analyzing 508 classes.
 /sdcard/coverage.ec: 1 file pulled, 0 skipped. 0.1 MB/s (5399 bytes in 0.047s)
 
compute_coverage-return code:  output: /home/ubuntu/tm-results2/AmazeFileManager-3.4.2-#1837-rebuilt.apk.timemachine.result.emulator-5554#2026-08-17-00-09-02/ec_files/coveragetemp.ec /home/ubuntu/tm-results2/AmazeFileManager-3.4.2-#1837-rebuilt.apk.timemachine.result.emulator-5554#2026-08-17-00-09-02/ec_files/emulator-55542026-08-17-00-19-58.ec /home/ubuntu/tm-results2/AmazeFileManager-3.4.2-#1837-rebuilt.apk.timemachine.result.emulator-5554#2026-08-17-00-09-02/ec_files/emulator-55542026-08-17-00-20-21.ec /home/ubuntu/tm-results2/AmazeFileManager-3.4.2-#1837-rebuilt.apk.timemachine.result.emulator-5554#2026-08-17-00-09-02/ec_files/emulator-55542026-08-17-00-21-39.ec /home/ubuntu/tm-results2/AmazeFileManager-3.4.2-#1837-rebuilt.apk.timemachine.result.emulator-5554#2026-08-17-00-09-02/ec_files/emulator-55542026-08-17-00-21-55.ec /home/ubuntu/tm-results2/AmazeFileManager-3.4.2-#1837-rebuilt.apk.timemachine.result.emulator-5554#2026-08-17-00-09-02/ec_files/emulator-55542026-08-17-00-22-12.ec /home/ubuntu/tm-results2/AmazeFileManager-3.4.2-#1837-rebuilt.apk.timemachine.result.emulator-5554#2026-08-17-00-09-02/ec_files/emulator-55542026-08-17-00-22-35.ec /home/ubuntu/tm-results2/AmazeFileManager-3.4.2-#1837-rebuilt.apk.timemachine.result.emulator-5554#2026-08-17-00-09-02/ec_files/emulator-55542026-08-17-00-27-32.ec /home/ubuntu/tm-results2/AmazeFileManager-3.4.2-#1837-rebuilt.apk.timemachine.result.emulator-5554#2026-08-17-00-09-02/ec_files/emulator-55542026-08-17-00-27-49.ec /home/ubuntu/tm-results2/AmazeFileManager-3.4.2-#1837-rebuilt.apk.timemachine.result.emulator-5554#2026-08-17-00-09-02/ec_files/emulator-55542026-08-17-00-28-01.ec /home/ubuntu/tm-results2/AmazeFileManager-3.4.2-#1837-rebuilt.apk.timemachine.result.emulator-5554#2026-08-17-00-09-02/ec_files/emulator-55542026-08-17-00-28-14.ec /home/ubuntu/tm-results2/AmazeFileManager-3.4.2-#1837-rebuilt.apk.timemachine.result.emulator-5554#2026-08-17-00-09-02/ec_files/emulator-55542026-08-17-00-33-12.ec /home/ubuntu/tm-results2/AmazeFileManager-3.4.2-#1837-rebuilt.apk.timemachine.result.emulator-5554#2026-08-17-00-09-02/ec_files/emulator-55542026-08-17-00-33-26.ec /home/ubuntu/tm-results2/AmazeFileManager-3.4.2-#1837-rebuilt.apk.timemachine.result.emulator-5554#2026-08-17-00-09-02/ec_files/emulator-55542026-08-17-00-33-39.ec /home/ubuntu/tm-results2/AmazeFileManager-3.4.2-#1837-rebuilt.apk.timemachine.result.emulator-5554#2026-08-17-00-09-02/ec_files/emulator-55542026-08-17-00-39-07.ec /home/ubuntu/tm-results2/AmazeFileManager-3.4.2-#1837-rebuilt.apk.timemachine.result.emulator-5554#2026-08-17-00-09-02/ec_files/emulator-55542026-08-17-00-40-52.ec
[INFO] Loading execution data file /home/ubuntu/tm-results2/AmazeFileManager-3.4.2-#1837-rebuilt.apk.timemachine.result.emulator-5554#2026-08-17-00-09-02/ec_files/coveragetemp.ec.
[INFO] Loading execution data file /home/ubuntu/tm-results2/AmazeFileManager-3.4.2-#1837-rebuilt.apk.timemachine.result.emulator-5554#2026-08-17-00-09-02/ec_files/emulator-55542026-08-17-00-19-58.ec.
[INFO] Loading execution data file /home/ubuntu/tm-results2/AmazeFileManager-3.4.2-#1837-rebuilt.apk.timemachine.result.emulator-5554#2026-08-17-00-09-02/ec_files/emulator-55542026-08-17-00-20-21.ec.
[INFO] Loading execution data file /home/ubuntu/tm-results2/AmazeFileManager-3.4.2-#1837-rebuilt.apk.timemachine.result.emulator-5554#2026-08-17-00-09-02/ec_files/emulator-55542026-08-17-00-21-39.ec.
[INFO] Loading execution data file /home/ubuntu/tm-results2/AmazeFileManager-3.4.2-#1837-rebuilt.apk.timemachine.result.emulator-5554#2026-08-17-00-09-02/ec_files/emulator-55542026-08-17-00-21-55.ec.
[INFO] Loading execution data file /home/ubuntu/tm-results2/AmazeFileManager-3.4.2-#1837-rebuilt.apk.timemachine.result.emulator-5554#2026-08-17-00-09-02/ec_files/emulator-55542026-08-17-00-22-12.ec.
[INFO] Loading execution data file /home/ubuntu/tm-results2/AmazeFileManager-3.4.2-#1837-rebuilt.apk.timemachine.result.emulator-5554#2026-08-17-00-09-02/ec_files/emulator-55542026-08-17-00-22-35.ec.
[INFO] Loading execution data file /home/ubuntu/tm-results2/AmazeFileManager-3.4.2-#1837-rebuilt.apk.timemachine.result.emulator-5554#2026-08-17-00-09-02/ec_files/emulator-55542026-08-17-00-27-32.ec.
[INFO] Loading execution data file /home/ubuntu/tm-results2/AmazeFileManager-3.4.2-#1837-rebuilt.apk.timemachine.result.emulator-5554#2026-08-17-00-09-02/ec_files/emulator-55542026-08-17-00-27-49.ec.
[INFO] Loading execution data file /home/ubuntu/tm-results2/AmazeFileManager-3.4.2-#1837-rebuilt.apk.timemachine.result.emulator-5554#2026-08-17-00-09-02/ec_files/emulator-55542026-08-17-00-28-01.ec.
[INFO] Loading execution data file /home/ubuntu/tm-results2/AmazeFileManager-3.4.2-#1837-rebuilt.apk.timemachine.result.emulator-5554#2026-08-17-00-09-02/ec_files/emulator-55542026-08-17-00-28-14.ec.
[INFO] Loading execution data file /home/ubuntu/tm-results2/AmazeFileManager-3.4.2-#1837-rebuilt.apk.timemachine.result.emulator-5554#2026-08-17-00-09-02/ec_files/emulator-55542026-08-17-00-33-12.ec.
[INFO] Loading execution data file /home/ubuntu/tm-results2/AmazeFileManager-3.4.2-#1837-rebuilt.apk.timemachine.result.emulator-5554#2026-08-17-00-09-02/ec_files/emulator-55542026-08-17-00-33-26.ec.
[INFO] Loading execution data file /home/ubuntu/tm-results2/AmazeFileManager-3.4.2-#1837-rebuilt.apk.timemachine.result.emulator-5554#2026-08-17-00-09-02/ec_files/emulator-55542026-08-17-00-33-39.ec.
[INFO] Loading execution data file /home/ubuntu/tm-results2/AmazeFileManager-3.4.2-#1837-rebuilt.apk.timemachine.result.emulator-5554#2026-08-17-00-09-02/ec_files/emulator-55542026-08-17-00-39-07.ec.
[INFO] Loading execution data file /home/ubuntu/tm-results2/AmazeFileManager-3.4.2-#1837-rebuilt.apk.timemachine.result.emulator-5554#2026-08-17-00-09-02/ec_files/emulator-55542026-08-17-00-40-52.ec.
[INFO] Analyzing 508 classes.
   
-----------
current jacoco line coverage rate: 0.202926417483
-----------
--coverage when the new state is triggered: 0.202926417483 current jacoco line coverage rate : 0.202926417483
===================> PENALIZE STATE <=====================
deque(['-618498665', 'OOAUT', '1553477860', 'OOAUT', '-583182176', 'OOAUT', '-258892453', 'OOAUT', '-583182176', '594179358'], maxlen=10)
Frequent nodes 
[('OOAUT', <state_graph.State instance at 0x768d7f9f7910>), ('-583182176', <state_graph.State instance at 0x768d815f9f50>), ('-307486232', <state_graph.State instance at 0x768d81cf7320>)]
the portion to the top 20% most frequent states: 0.333333333333
Frequent nodes 
[('OOAUT', <state_graph.State instance at 0x768d7f9f7910>), ('-583182176', <state_graph.State instance at 0x768d815f9f50>), ('-307486232', <state_graph.State instance at 0x768d81cf7320>)]
--extracted id: OOAUT  num_controllable_widgets: 0
--transiton occurs
--the state OOAUT  exists
===================> PENALIZE STATE <=====================
deque(['OOAUT', '1553477860', 'OOAUT', '-583182176', 'OOAUT', '-258892453', 'OOAUT', '-583182176', '594179358', 'OOAUT'], maxlen=10)
Frequent nodes 
[('OOAUT', <state_graph.State instance at 0x768d7f9f7910>), ('-583182176', <state_graph.State instance at 0x768d815f9f50>), ('-307486232', <state_graph.State instance at 0x768d81cf7320>)]
the portion to the top 20% most frequent states: 0.4
Frequent nodes 
[('OOAUT', <state_graph.State instance at 0x768d7f9f7910>), ('-583182176', <state_graph.State instance at 0x768d815f9f50>), ('-307486232', <state_graph.State instance at 0x768d81cf7320>)]
--extracted id: OOAUT  num_controllable_widgets: 0
--event num: 1
--extracted id: OOAUT  num_controllable_widgets: 0
--event num: 2
--extracted id: OOAUT  num_controllable_widgets: 0
--event num: 3
--extracted id: OOAUT  num_controllable_widgets: 0
--event num: 4
--extracted id: OOAUT  num_controllable_widgets: 0
--event num: 5
--extracted id: OOAUT  num_controllable_widgets: 0
--event num: 6
--extracted id: OOAUT  num_controllable_widgets: 0
--event num: 7
--extracted id: -1752756304  num_controllable_widgets: 10
--transiton occurs
--a new state is triggered and add -1752756304 into the state graph.
get_jacoco_coverage- return code:  output: Broadcasting: Intent { act=edu.gatech.m3.emma.COLLECT_COVERAGE }
Broadcast completed: result=0
---
[COVERAGE FILE EXIST?]
coverage.ec
---
---
[VALIDATE COVERAGE FILE]$ java -jar /home/ubuntu/TimeMachine/fuzzingandroid/libs/jacococli.jar report /home/ubuntu/tm-results2/AmazeFileManager-3.4.2-#1837-rebuilt.apk.timemachine.result.emulator-5554#2026-08-17-00-09-02/ec_files/emulator-55542026-08-17-00-42-04.ec  --classfiles /home/ubuntu/TimeMachine/instrumented_apps/AmazeFileManager/AmazeFileManager-#1837/app/build/intermediates/javac/fdroidDebug/classes/ --classfiles /home/ubuntu/TimeMachine/instrumented_apps/AmazeFileManager/AmazeFileManager-#1837/commons_compress_7z/build/intermediates/javac/debug/classes/ --sourcefiles /home/ubuntu/TimeMachine/instrumented_apps/AmazeFileManager/AmazeFileManager-#1837/app/src/main/java/ --sourcefiles /home/ubuntu/TimeMachine/instrumented_apps/AmazeFileManager/AmazeFileManager-#1837/commons_compress_7z/src/main/java/ &> temp
---
---
[VALIDATE MESSAGE]
---
SUCCESS: coverage file is valid!
[INFO] Loading execution data file /home/ubuntu/tm-results2/AmazeFileManager-3.4.2-#1837-rebuilt.apk.timemachine.result.emulator-5554#2026-08-17-00-09-02/ec_files/emulator-55542026-08-17-00-42-04.ec.
[INFO] Analyzing 508 classes.
 /sdcard/coverage.ec: 1 file pulled, 0 skipped. 0.1 MB/s (5416 bytes in 0.053s)
 
compute_coverage-return code:  output: /home/ubuntu/tm-results2/AmazeFileManager-3.4.2-#1837-rebuilt.apk.timemachine.result.emulator-5554#2026-08-17-00-09-02/ec_files/coveragetemp.ec /home/ubuntu/tm-results2/AmazeFileManager-3.4.2-#1837-rebuilt.apk.timemachine.result.emulator-5554#2026-08-17-00-09-02/ec_files/emulator-55542026-08-17-00-19-58.ec /home/ubuntu/tm-results2/AmazeFileManager-3.4.2-#1837-rebuilt.apk.timemachine.result.emulator-5554#2026-08-17-00-09-02/ec_files/emulator-55542026-08-17-00-20-21.ec /home/ubuntu/tm-results2/AmazeFileManager-3.4.2-#1837-rebuilt.apk.timemachine.result.emulator-5554#2026-08-17-00-09-02/ec_files/emulator-55542026-08-17-00-21-39.ec /home/ubuntu/tm-results2/AmazeFileManager-3.4.2-#1837-rebuilt.apk.timemachine.result.emulator-5554#2026-08-17-00-09-02/ec_files/emulator-55542026-08-17-00-21-55.ec /home/ubuntu/tm-results2/AmazeFileManager-3.4.2-#1837-rebuilt.apk.timemachine.result.emulator-5554#2026-08-17-00-09-02/ec_files/emulator-55542026-08-17-00-22-12.ec /home/ubuntu/tm-results2/AmazeFileManager-3.4.2-#1837-rebuilt.apk.timemachine.result.emulator-5554#2026-08-17-00-09-02/ec_files/emulator-55542026-08-17-00-22-35.ec /home/ubuntu/tm-results2/AmazeFileManager-3.4.2-#1837-rebuilt.apk.timemachine.result.emulator-5554#2026-08-17-00-09-02/ec_files/emulator-55542026-08-17-00-27-32.ec /home/ubuntu/tm-results2/AmazeFileManager-3.4.2-#1837-rebuilt.apk.timemachine.result.emulator-5554#2026-08-17-00-09-02/ec_files/emulator-55542026-08-17-00-27-49.ec /home/ubuntu/tm-results2/AmazeFileManager-3.4.2-#1837-rebuilt.apk.timemachine.result.emulator-5554#2026-08-17-00-09-02/ec_files/emulator-55542026-08-17-00-28-01.ec /home/ubuntu/tm-results2/AmazeFileManager-3.4.2-#1837-rebuilt.apk.timemachine.result.emulator-5554#2026-08-17-00-09-02/ec_files/emulator-55542026-08-17-00-28-14.ec /home/ubuntu/tm-results2/AmazeFileManager-3.4.2-#1837-rebuilt.apk.timemachine.result.emulator-5554#2026-08-17-00-09-02/ec_files/emulator-55542026-08-17-00-33-12.ec /home/ubuntu/tm-results2/AmazeFileManager-3.4.2-#1837-rebuilt.apk.timemachine.result.emulator-5554#2026-08-17-00-09-02/ec_files/emulator-55542026-08-17-00-33-26.ec /home/ubuntu/tm-results2/AmazeFileManager-3.4.2-#1837-rebuilt.apk.timemachine.result.emulator-5554#2026-08-17-00-09-02/ec_files/emulator-55542026-08-17-00-33-39.ec /home/ubuntu/tm-results2/AmazeFileManager-3.4.2-#1837-rebuilt.apk.timemachine.result.emulator-5554#2026-08-17-00-09-02/ec_files/emulator-55542026-08-17-00-39-07.ec /home/ubuntu/tm-results2/AmazeFileManager-3.4.2-#1837-rebuilt.apk.timemachine.result.emulator-5554#2026-08-17-00-09-02/ec_files/emulator-55542026-08-17-00-40-52.ec /home/ubuntu/tm-results2/AmazeFileManager-3.4.2-#1837-rebuilt.apk.timemachine.result.emulator-5554#2026-08-17-00-09-02/ec_files/emulator-55542026-08-17-00-42-04.ec
[INFO] Loading execution data file /home/ubuntu/tm-results2/AmazeFileManager-3.4.2-#1837-rebuilt.apk.timemachine.result.emulator-5554#2026-08-17-00-09-02/ec_files/coveragetemp.ec.
[INFO] Loading execution data file /home/ubuntu/tm-results2/AmazeFileManager-3.4.2-#1837-rebuilt.apk.timemachine.result.emulator-5554#2026-08-17-00-09-02/ec_files/emulator-55542026-08-17-00-19-58.ec.
[INFO] Loading execution data file /home/ubuntu/tm-results2/AmazeFileManager-3.4.2-#1837-rebuilt.apk.timemachine.result.emulator-5554#2026-08-17-00-09-02/ec_files/emulator-55542026-08-17-00-20-21.ec.
[INFO] Loading execution data file /home/ubuntu/tm-results2/AmazeFileManager-3.4.2-#1837-rebuilt.apk.timemachine.result.emulator-5554#2026-08-17-00-09-02/ec_files/emulator-55542026-08-17-00-21-39.ec.
[INFO] Loading execution data file /home/ubuntu/tm-results2/AmazeFileManager-3.4.2-#1837-rebuilt.apk.timemachine.result.emulator-5554#2026-08-17-00-09-02/ec_files/emulator-55542026-08-17-00-21-55.ec.
[INFO] Loading execution data file /home/ubuntu/tm-results2/AmazeFileManager-3.4.2-#1837-rebuilt.apk.timemachine.result.emulator-5554#2026-08-17-00-09-02/ec_files/emulator-55542026-08-17-00-22-12.ec.
[INFO] Loading execution data file /home/ubuntu/tm-results2/AmazeFileManager-3.4.2-#1837-rebuilt.apk.timemachine.result.emulator-5554#2026-08-17-00-09-02/ec_files/emulator-55542026-08-17-00-22-35.ec.
[INFO] Loading execution data file /home/ubuntu/tm-results2/AmazeFileManager-3.4.2-#1837-rebuilt.apk.timemachine.result.emulator-5554#2026-08-17-00-09-02/ec_files/emulator-55542026-08-17-00-27-32.ec.
[INFO] Loading execution data file /home/ubuntu/tm-results2/AmazeFileManager-3.4.2-#1837-rebuilt.apk.timemachine.result.emulator-5554#2026-08-17-00-09-02/ec_files/emulator-55542026-08-17-00-27-49.ec.
[INFO] Loading execution data file /home/ubuntu/tm-results2/AmazeFileManager-3.4.2-#1837-rebuilt.apk.timemachine.result.emulator-5554#2026-08-17-00-09-02/ec_files/emulator-55542026-08-17-00-28-01.ec.
[INFO] Loading execution data file /home/ubuntu/tm-results2/AmazeFileManager-3.4.2-#1837-rebuilt.apk.timemachine.result.emulator-5554#2026-08-17-00-09-02/ec_files/emulator-55542026-08-17-00-28-14.ec.
[INFO] Loading execution data file /home/ubuntu/tm-results2/AmazeFileManager-3.4.2-#1837-rebuilt.apk.timemachine.result.emulator-5554#2026-08-17-00-09-02/ec_files/emulator-55542026-08-17-00-33-12.ec.
[INFO] Loading execution data file /home/ubuntu/tm-results2/AmazeFileManager-3.4.2-#1837-rebuilt.apk.timemachine.result.emulator-5554#2026-08-17-00-09-02/ec_files/emulator-55542026-08-17-00-33-26.ec.
[INFO] Loading execution data file /home/ubuntu/tm-results2/AmazeFileManager-3.4.2-#1837-rebuilt.apk.timemachine.result.emulator-5554#2026-08-17-00-09-02/ec_files/emulator-55542026-08-17-00-33-39.ec.
[INFO] Loading execution data file /home/ubuntu/tm-results2/AmazeFileManager-3.4.2-#1837-rebuilt.apk.timemachine.result.emulator-5554#2026-08-17-00-09-02/ec_files/emulator-55542026-08-17-00-39-07.ec.
[INFO] Loading execution data file /home/ubuntu/tm-results2/AmazeFileManager-3.4.2-#1837-rebuilt.apk.timemachine.result.emulator-5554#2026-08-17-00-09-02/ec_files/emulator-55542026-08-17-00-40-52.ec.
[INFO] Loading execution data file /home/ubuntu/tm-results2/AmazeFileManager-3.4.2-#1837-rebuilt.apk.timemachine.result.emulator-5554#2026-08-17-00-09-02/ec_files/emulator-55542026-08-17-00-42-04.ec.
[INFO] Analyzing 508 classes.
   
-----------
current jacoco line coverage rate: 0.203911269521
-----------
--coverage when the new state is triggered: 0.203911269521 current jacoco line coverage rate : 0.202926417483
===================> REWARD STATE <=====================
===================> REWARD STATE <=====================
--taking snapshot...
deque(['1553477860', 'OOAUT', '-583182176', 'OOAUT', '-258892453', 'OOAUT', '-583182176', '594179358', 'OOAUT', '-1752756304'], maxlen=10)
Frequent nodes 
[('OOAUT', <state_graph.State instance at 0x768d7f9f7910>), ('-583182176', <state_graph.State instance at 0x768d815f9f50>), ('-307486232', <state_graph.State instance at 0x768d81cf7320>)]
the portion to the top 20% most frequent states: 0.333333333333
Frequent nodes 
[('OOAUT', <state_graph.State instance at 0x768d7f9f7910>), ('-583182176', <state_graph.State instance at 0x768d815f9f50>), ('-307486232', <state_graph.State instance at 0x768d81cf7320>)]
--extracted id: 1280997375  num_controllable_widgets: 10
--transiton occurs
--a new state is triggered and add 1280997375 into the state graph.
get_jacoco_coverage- return code:  output: Broadcasting: Intent { act=edu.gatech.m3.emma.COLLECT_COVERAGE }
Broadcast completed: result=0
---
[COVERAGE FILE EXIST?]
coverage.ec
---
---
[VALIDATE COVERAGE FILE]$ java -jar /home/ubuntu/TimeMachine/fuzzingandroid/libs/jacococli.jar report /home/ubuntu/tm-results2/AmazeFileManager-3.4.2-#1837-rebuilt.apk.timemachine.result.emulator-5554#2026-08-17-00-09-02/ec_files/emulator-55542026-08-17-00-42-19.ec  --classfiles /home/ubuntu/TimeMachine/instrumented_apps/AmazeFileManager/AmazeFileManager-#1837/app/build/intermediates/javac/fdroidDebug/classes/ --classfiles /home/ubuntu/TimeMachine/instrumented_apps/AmazeFileManager/AmazeFileManager-#1837/commons_compress_7z/build/intermediates/javac/debug/classes/ --sourcefiles /home/ubuntu/TimeMachine/instrumented_apps/AmazeFileManager/AmazeFileManager-#1837/app/src/main/java/ --sourcefiles /home/ubuntu/TimeMachine/instrumented_apps/AmazeFileManager/AmazeFileManager-#1837/commons_compress_7z/src/main/java/ &> temp
---
---
[VALIDATE MESSAGE]
---
SUCCESS: coverage file is valid!
[INFO] Loading execution data file /home/ubuntu/tm-results2/AmazeFileManager-3.4.2-#1837-rebuilt.apk.timemachine.result.emulator-5554#2026-08-17-00-09-02/ec_files/emulator-55542026-08-17-00-42-19.ec.
[INFO] Analyzing 508 classes.
 /sdcard/coverage.ec: 1 file pulled, 0 skipped. 0.1 MB/s (3074 bytes in 0.048s)
 
compute_coverage-return code:  output: /home/ubuntu/tm-results2/AmazeFileManager-3.4.2-#1837-rebuilt.apk.timemachine.result.emulator-5554#2026-08-17-00-09-02/ec_files/coveragetemp.ec /home/ubuntu/tm-results2/AmazeFileManager-3.4.2-#1837-rebuilt.apk.timemachine.result.emulator-5554#2026-08-17-00-09-02/ec_files/emulator-55542026-08-17-00-19-58.ec /home/ubuntu/tm-results2/AmazeFileManager-3.4.2-#1837-rebuilt.apk.timemachine.result.emulator-5554#2026-08-17-00-09-02/ec_files/emulator-55542026-08-17-00-20-21.ec /home/ubuntu/tm-results2/AmazeFileManager-3.4.2-#1837-rebuilt.apk.timemachine.result.emulator-5554#2026-08-17-00-09-02/ec_files/emulator-55542026-08-17-00-21-39.ec /home/ubuntu/tm-results2/AmazeFileManager-3.4.2-#1837-rebuilt.apk.timemachine.result.emulator-5554#2026-08-17-00-09-02/ec_files/emulator-55542026-08-17-00-21-55.ec /home/ubuntu/tm-results2/AmazeFileManager-3.4.2-#1837-rebuilt.apk.timemachine.result.emulator-5554#2026-08-17-00-09-02/ec_files/emulator-55542026-08-17-00-22-12.ec /home/ubuntu/tm-results2/AmazeFileManager-3.4.2-#1837-rebuilt.apk.timemachine.result.emulator-5554#2026-08-17-00-09-02/ec_files/emulator-55542026-08-17-00-22-35.ec /home/ubuntu/tm-results2/AmazeFileManager-3.4.2-#1837-rebuilt.apk.timemachine.result.emulator-5554#2026-08-17-00-09-02/ec_files/emulator-55542026-08-17-00-27-32.ec /home/ubuntu/tm-results2/AmazeFileManager-3.4.2-#1837-rebuilt.apk.timemachine.result.emulator-5554#2026-08-17-00-09-02/ec_files/emulator-55542026-08-17-00-27-49.ec /home/ubuntu/tm-results2/AmazeFileManager-3.4.2-#1837-rebuilt.apk.timemachine.result.emulator-5554#2026-08-17-00-09-02/ec_files/emulator-55542026-08-17-00-28-01.ec /home/ubuntu/tm-results2/AmazeFileManager-3.4.2-#1837-rebuilt.apk.timemachine.result.emulator-5554#2026-08-17-00-09-02/ec_files/emulator-55542026-08-17-00-28-14.ec /home/ubuntu/tm-results2/AmazeFileManager-3.4.2-#1837-rebuilt.apk.timemachine.result.emulator-5554#2026-08-17-00-09-02/ec_files/emulator-55542026-08-17-00-33-12.ec /home/ubuntu/tm-results2/AmazeFileManager-3.4.2-#1837-rebuilt.apk.timemachine.result.emulator-5554#2026-08-17-00-09-02/ec_files/emulator-55542026-08-17-00-33-26.ec /home/ubuntu/tm-results2/AmazeFileManager-3.4.2-#1837-rebuilt.apk.timemachine.result.emulator-5554#2026-08-17-00-09-02/ec_files/emulator-55542026-08-17-00-33-39.ec /home/ubuntu/tm-results2/AmazeFileManager-3.4.2-#1837-rebuilt.apk.timemachine.result.emulator-5554#2026-08-17-00-09-02/ec_files/emulator-55542026-08-17-00-39-07.ec /home/ubuntu/tm-results2/AmazeFileManager-3.4.2-#1837-rebuilt.apk.timemachine.result.emulator-5554#2026-08-17-00-09-02/ec_files/emulator-55542026-08-17-00-40-52.ec /home/ubuntu/tm-results2/AmazeFileManager-3.4.2-#1837-rebuilt.apk.timemachine.result.emulator-5554#2026-08-17-00-09-02/ec_files/emulator-55542026-08-17-00-42-04.ec /home/ubuntu/tm-results2/AmazeFileManager-3.4.2-#1837-rebuilt.apk.timemachine.result.emulator-5554#2026-08-17-00-09-02/ec_files/emulator-55542026-08-17-00-42-19.ec
[INFO] Loading execution data file /home/ubuntu/tm-results2/AmazeFileManager-3.4.2-#1837-rebuilt.apk.timemachine.result.emulator-5554#2026-08-17-00-09-02/ec_files/coveragetemp.ec.
[INFO] Loading execution data file /home/ubuntu/tm-results2/AmazeFileManager-3.4.2-#1837-rebuilt.apk.timemachine.result.emulator-5554#2026-08-17-00-09-02/ec_files/emulator-55542026-08-17-00-19-58.ec.
[INFO] Loading execution data file /home/ubuntu/tm-results2/AmazeFileManager-3.4.2-#1837-rebuilt.apk.timemachine.result.emulator-5554#2026-08-17-00-09-02/ec_files/emulator-55542026-08-17-00-20-21.ec.
[INFO] Loading execution data file /home/ubuntu/tm-results2/AmazeFileManager-3.4.2-#1837-rebuilt.apk.timemachine.result.emulator-5554#2026-08-17-00-09-02/ec_files/emulator-55542026-08-17-00-21-39.ec.
[INFO] Loading execution data file /home/ubuntu/tm-results2/AmazeFileManager-3.4.2-#1837-rebuilt.apk.timemachine.result.emulator-5554#2026-08-17-00-09-02/ec_files/emulator-55542026-08-17-00-21-55.ec.
[INFO] Loading execution data file /home/ubuntu/tm-results2/AmazeFileManager-3.4.2-#1837-rebuilt.apk.timemachine.result.emulator-5554#2026-08-17-00-09-02/ec_files/emulator-55542026-08-17-00-22-12.ec.
[INFO] Loading execution data file /home/ubuntu/tm-results2/AmazeFileManager-3.4.2-#1837-rebuilt.apk.timemachine.result.emulator-5554#2026-08-17-00-09-02/ec_files/emulator-55542026-08-17-00-22-35.ec.
[INFO] Loading execution data file /home/ubuntu/tm-results2/AmazeFileManager-3.4.2-#1837-rebuilt.apk.timemachine.result.emulator-5554#2026-08-17-00-09-02/ec_files/emulator-55542026-08-17-00-27-32.ec.
[INFO] Loading execution data file /home/ubuntu/tm-results2/AmazeFileManager-3.4.2-#1837-rebuilt.apk.timemachine.result.emulator-5554#2026-08-17-00-09-02/ec_files/emulator-55542026-08-17-00-27-49.ec.
[INFO] Loading execution data file /home/ubuntu/tm-results2/AmazeFileManager-3.4.2-#1837-rebuilt.apk.timemachine.result.emulator-5554#2026-08-17-00-09-02/ec_files/emulator-55542026-08-17-00-28-01.ec.
[INFO] Loading execution data file /home/ubuntu/tm-results2/AmazeFileManager-3.4.2-#1837-rebuilt.apk.timemachine.result.emulator-5554#2026-08-17-00-09-02/ec_files/emulator-55542026-08-17-00-28-14.ec.
[INFO] Loading execution data file /home/ubuntu/tm-results2/AmazeFileManager-3.4.2-#1837-rebuilt.apk.timemachine.result.emulator-5554#2026-08-17-00-09-02/ec_files/emulator-55542026-08-17-00-33-12.ec.
[INFO] Loading execution data file /home/ubuntu/tm-results2/AmazeFileManager-3.4.2-#1837-rebuilt.apk.timemachine.result.emulator-5554#2026-08-17-00-09-02/ec_files/emulator-55542026-08-17-00-33-26.ec.
[INFO] Loading execution data file /home/ubuntu/tm-results2/AmazeFileManager-3.4.2-#1837-rebuilt.apk.timemachine.result.emulator-5554#2026-08-17-00-09-02/ec_files/emulator-55542026-08-17-00-33-39.ec.
[INFO] Loading execution data file /home/ubuntu/tm-results2/AmazeFileManager-3.4.2-#1837-rebuilt.apk.timemachine.result.emulator-5554#2026-08-17-00-09-02/ec_files/emulator-55542026-08-17-00-39-07.ec.
[INFO] Loading execution data file /home/ubuntu/tm-results2/AmazeFileManager-3.4.2-#1837-rebuilt.apk.timemachine.result.emulator-5554#2026-08-17-00-09-02/ec_files/emulator-55542026-08-17-00-40-52.ec.
[INFO] Loading execution data file /home/ubuntu/tm-results2/AmazeFileManager-3.4.2-#1837-rebuilt.apk.timemachine.result.emulator-5554#2026-08-17-00-09-02/ec_files/emulator-55542026-08-17-00-42-04.ec.
[INFO] Loading execution data file /home/ubuntu/tm-results2/AmazeFileManager-3.4.2-#1837-rebuilt.apk.timemachine.result.emulator-5554#2026-08-17-00-09-02/ec_files/emulator-55542026-08-17-00-42-19.ec.
[INFO] Analyzing 508 classes.
   
-----------
current jacoco line coverage rate: 0.203911269521
-----------
--coverage when the new state is triggered: 0.203911269521 current jacoco line coverage rate : 0.203911269521
===================> PENALIZE STATE <=====================
deque(['OOAUT', '-583182176', 'OOAUT', '-258892453', 'OOAUT', '-583182176', '594179358', 'OOAUT', '-1752756304', '1280997375'], maxlen=10)
Frequent nodes 
[('OOAUT', <state_graph.State instance at 0x768d7f9f7910>), ('-583182176', <state_graph.State instance at 0x768d815f9f50>), ('-307486232', <state_graph.State instance at 0x768d81cf7320>)]
the portion to the top 20% most frequent states: 0.333333333333
Frequent nodes 
[('OOAUT', <state_graph.State instance at 0x768d7f9f7910>), ('-583182176', <state_graph.State instance at 0x768d815f9f50>), ('-307486232', <state_graph.State instance at 0x768d81cf7320>)]
--extracted id: 1280997375  num_controllable_widgets: 10
--event num: 1
--extracted id: 1280997375  num_controllable_widgets: 10
--event num: 2
--extracted id: -308845095  num_controllable_widgets: 3
--transiton occurs
--a new state is triggered and add -308845095 into the state graph.
get_jacoco_coverage- return code:  output: Broadcasting: Intent { act=edu.gatech.m3.emma.COLLECT_COVERAGE }
Broadcast completed: result=0
---
[COVERAGE FILE EXIST?]
coverage.ec
---
---
[VALIDATE COVERAGE FILE]$ java -jar /home/ubuntu/TimeMachine/fuzzingandroid/libs/jacococli.jar report /home/ubuntu/tm-results2/AmazeFileManager-3.4.2-#1837-rebuilt.apk.timemachine.result.emulator-5554#2026-08-17-00-09-02/ec_files/emulator-55542026-08-17-00-42-31.ec  --classfiles /home/ubuntu/TimeMachine/instrumented_apps/AmazeFileManager/AmazeFileManager-#1837/app/build/intermediates/javac/fdroidDebug/classes/ --classfiles /home/ubuntu/TimeMachine/instrumented_apps/AmazeFileManager/AmazeFileManager-#1837/commons_compress_7z/build/intermediates/javac/debug/classes/ --sourcefiles /home/ubuntu/TimeMachine/instrumented_apps/AmazeFileManager/AmazeFileManager-#1837/app/src/main/java/ --sourcefiles /home/ubuntu/TimeMachine/instrumented_apps/AmazeFileManager/AmazeFileManager-#1837/commons_compress_7z/src/main/java/ &> temp
---
---
[VALIDATE MESSAGE]
---
SUCCESS: coverage file is valid!
[INFO] Loading execution data file /home/ubuntu/tm-results2/AmazeFileManager-3.4.2-#1837-rebuilt.apk.timemachine.result.emulator-5554#2026-08-17-00-09-02/ec_files/emulator-55542026-08-17-00-42-31.ec.
[INFO] Analyzing 508 classes.
 /sdcard/coverage.ec: 1 file pulled, 0 skipped. 0.0 MB/s (2504 bytes in 0.051s)
 
compute_coverage-return code:  output: /home/ubuntu/tm-results2/AmazeFileManager-3.4.2-#1837-rebuilt.apk.timemachine.result.emulator-5554#2026-08-17-00-09-02/ec_files/coveragetemp.ec /home/ubuntu/tm-results2/AmazeFileManager-3.4.2-#1837-rebuilt.apk.timemachine.result.emulator-5554#2026-08-17-00-09-02/ec_files/emulator-55542026-08-17-00-19-58.ec /home/ubuntu/tm-results2/AmazeFileManager-3.4.2-#1837-rebuilt.apk.timemachine.result.emulator-5554#2026-08-17-00-09-02/ec_files/emulator-55542026-08-17-00-20-21.ec /home/ubuntu/tm-results2/AmazeFileManager-3.4.2-#1837-rebuilt.apk.timemachine.result.emulator-5554#2026-08-17-00-09-02/ec_files/emulator-55542026-08-17-00-21-39.ec /home/ubuntu/tm-results2/AmazeFileManager-3.4.2-#1837-rebuilt.apk.timemachine.result.emulator-5554#2026-08-17-00-09-02/ec_files/emulator-55542026-08-17-00-21-55.ec /home/ubuntu/tm-results2/AmazeFileManager-3.4.2-#1837-rebuilt.apk.timemachine.result.emulator-5554#2026-08-17-00-09-02/ec_files/emulator-55542026-08-17-00-22-12.ec /home/ubuntu/tm-results2/AmazeFileManager-3.4.2-#1837-rebuilt.apk.timemachine.result.emulator-5554#2026-08-17-00-09-02/ec_files/emulator-55542026-08-17-00-22-35.ec /home/ubuntu/tm-results2/AmazeFileManager-3.4.2-#1837-rebuilt.apk.timemachine.result.emulator-5554#2026-08-17-00-09-02/ec_files/emulator-55542026-08-17-00-27-32.ec /home/ubuntu/tm-results2/AmazeFileManager-3.4.2-#1837-rebuilt.apk.timemachine.result.emulator-5554#2026-08-17-00-09-02/ec_files/emulator-55542026-08-17-00-27-49.ec /home/ubuntu/tm-results2/AmazeFileManager-3.4.2-#1837-rebuilt.apk.timemachine.result.emulator-5554#2026-08-17-00-09-02/ec_files/emulator-55542026-08-17-00-28-01.ec /home/ubuntu/tm-results2/AmazeFileManager-3.4.2-#1837-rebuilt.apk.timemachine.result.emulator-5554#2026-08-17-00-09-02/ec_files/emulator-55542026-08-17-00-28-14.ec /home/ubuntu/tm-results2/AmazeFileManager-3.4.2-#1837-rebuilt.apk.timemachine.result.emulator-5554#2026-08-17-00-09-02/ec_files/emulator-55542026-08-17-00-33-12.ec /home/ubuntu/tm-results2/AmazeFileManager-3.4.2-#1837-rebuilt.apk.timemachine.result.emulator-5554#2026-08-17-00-09-02/ec_files/emulator-55542026-08-17-00-33-26.ec /home/ubuntu/tm-results2/AmazeFileManager-3.4.2-#1837-rebuilt.apk.timemachine.result.emulator-5554#2026-08-17-00-09-02/ec_files/emulator-55542026-08-17-00-33-39.ec /home/ubuntu/tm-results2/AmazeFileManager-3.4.2-#1837-rebuilt.apk.timemachine.result.emulator-5554#2026-08-17-00-09-02/ec_files/emulator-55542026-08-17-00-39-07.ec /home/ubuntu/tm-results2/AmazeFileManager-3.4.2-#1837-rebuilt.apk.timemachine.result.emulator-5554#2026-08-17-00-09-02/ec_files/emulator-55542026-08-17-00-40-52.ec /home/ubuntu/tm-results2/AmazeFileManager-3.4.2-#1837-rebuilt.apk.timemachine.result.emulator-5554#2026-08-17-00-09-02/ec_files/emulator-55542026-08-17-00-42-04.ec /home/ubuntu/tm-results2/AmazeFileManager-3.4.2-#1837-rebuilt.apk.timemachine.result.emulator-5554#2026-08-17-00-09-02/ec_files/emulator-55542026-08-17-00-42-19.ec /home/ubuntu/tm-results2/AmazeFileManager-3.4.2-#1837-rebuilt.apk.timemachine.result.emulator-5554#2026-08-17-00-09-02/ec_files/emulator-55542026-08-17-00-42-31.ec
[INFO] Loading execution data file /home/ubuntu/tm-results2/AmazeFileManager-3.4.2-#1837-rebuilt.apk.timemachine.result.emulator-5554#2026-08-17-00-09-02/ec_files/coveragetemp.ec.
[INFO] Loading execution data file /home/ubuntu/tm-results2/AmazeFileManager-3.4.2-#1837-rebuilt.apk.timemachine.result.emulator-5554#2026-08-17-00-09-02/ec_files/emulator-55542026-08-17-00-19-58.ec.
[INFO] Loading execution data file /home/ubuntu/tm-results2/AmazeFileManager-3.4.2-#1837-rebuilt.apk.timemachine.result.emulator-5554#2026-08-17-00-09-02/ec_files/emulator-55542026-08-17-00-20-21.ec.
[INFO] Loading execution data file /home/ubuntu/tm-results2/AmazeFileManager-3.4.2-#1837-rebuilt.apk.timemachine.result.emulator-5554#2026-08-17-00-09-02/ec_files/emulator-55542026-08-17-00-21-39.ec.
[INFO] Loading execution data file /home/ubuntu/tm-results2/AmazeFileManager-3.4.2-#1837-rebuilt.apk.timemachine.result.emulator-5554#2026-08-17-00-09-02/ec_files/emulator-55542026-08-17-00-21-55.ec.
[INFO] Loading execution data file /home/ubuntu/tm-results2/AmazeFileManager-3.4.2-#1837-rebuilt.apk.timemachine.result.emulator-5554#2026-08-17-00-09-02/ec_files/emulator-55542026-08-17-00-22-12.ec.
[INFO] Loading execution data file /home/ubuntu/tm-results2/AmazeFileManager-3.4.2-#1837-rebuilt.apk.timemachine.result.emulator-5554#2026-08-17-00-09-02/ec_files/emulator-55542026-08-17-00-22-35.ec.
[INFO] Loading execution data file /home/ubuntu/tm-results2/AmazeFileManager-3.4.2-#1837-rebuilt.apk.timemachine.result.emulator-5554#2026-08-17-00-09-02/ec_files/emulator-55542026-08-17-00-27-32.ec.
[INFO] Loading execution data file /home/ubuntu/tm-results2/AmazeFileManager-3.4.2-#1837-rebuilt.apk.timemachine.result.emulator-5554#2026-08-17-00-09-02/ec_files/emulator-55542026-08-17-00-27-49.ec.
[INFO] Loading execution data file /home/ubuntu/tm-results2/AmazeFileManager-3.4.2-#1837-rebuilt.apk.timemachine.result.emulator-5554#2026-08-17-00-09-02/ec_files/emulator-55542026-08-17-00-28-01.ec.
[INFO] Loading execution data file /home/ubuntu/tm-results2/AmazeFileManager-3.4.2-#1837-rebuilt.apk.timemachine.result.emulator-5554#2026-08-17-00-09-02/ec_files/emulator-55542026-08-17-00-28-14.ec.
[INFO] Loading execution data file /home/ubuntu/tm-results2/AmazeFileManager-3.4.2-#1837-rebuilt.apk.timemachine.result.emulator-5554#2026-08-17-00-09-02/ec_files/emulator-55542026-08-17-00-33-12.ec.
[INFO] Loading execution data file /home/ubuntu/tm-results2/AmazeFileManager-3.4.2-#1837-rebuilt.apk.timemachine.result.emulator-5554#2026-08-17-00-09-02/ec_files/emulator-55542026-08-17-00-33-26.ec.
[INFO] Loading execution data file /home/ubuntu/tm-results2/AmazeFileManager-3.4.2-#1837-rebuilt.apk.timemachine.result.emulator-5554#2026-08-17-00-09-02/ec_files/emulator-55542026-08-17-00-33-39.ec.
[INFO] Loading execution data file /home/ubuntu/tm-results2/AmazeFileManager-3.4.2-#1837-rebuilt.apk.timemachine.result.emulator-5554#2026-08-17-00-09-02/ec_files/emulator-55542026-08-17-00-39-07.ec.
[INFO] Loading execution data file /home/ubuntu/tm-results2/AmazeFileManager-3.4.2-#1837-rebuilt.apk.timemachine.result.emulator-5554#2026-08-17-00-09-02/ec_files/emulator-55542026-08-17-00-40-52.ec.
[INFO] Loading execution data file /home/ubuntu/tm-results2/AmazeFileManager-3.4.2-#1837-rebuilt.apk.timemachine.result.emulator-5554#2026-08-17-00-09-02/ec_files/emulator-55542026-08-17-00-42-04.ec.
[INFO] Loading execution data file /home/ubuntu/tm-results2/AmazeFileManager-3.4.2-#1837-rebuilt.apk.timemachine.result.emulator-5554#2026-08-17-00-09-02/ec_files/emulator-55542026-08-17-00-42-19.ec.
[INFO] Loading execution data file /home/ubuntu/tm-results2/AmazeFileManager-3.4.2-#1837-rebuilt.apk.timemachine.result.emulator-5554#2026-08-17-00-09-02/ec_files/emulator-55542026-08-17-00-42-31.ec.
[INFO] Analyzing 508 classes.
   
-----------
current jacoco line coverage rate: 0.203911269521
-----------
--coverage when the new state is triggered: 0.203911269521 current jacoco line coverage rate : 0.203911269521
===================> PENALIZE STATE <=====================
deque(['-583182176', 'OOAUT', '-258892453', 'OOAUT', '-583182176', '594179358', 'OOAUT', '-1752756304', '1280997375', '-308845095'], maxlen=10)
Frequent nodes 
[('OOAUT', <state_graph.State instance at 0x768d7f9f7910>), ('-583182176', <state_graph.State instance at 0x768d815f9f50>), ('-307486232', <state_graph.State instance at 0x768d81cf7320>)]
the portion to the top 20% most frequent states: 0.285714285714
Frequent nodes 
[('OOAUT', <state_graph.State instance at 0x768d7f9f7910>), ('-583182176', <state_graph.State instance at 0x768d815f9f50>), ('-307486232', <state_graph.State instance at 0x768d81cf7320>)]
--extracted id: 787530785  num_controllable_widgets: 3
--transiton occurs
--a new state is triggered and add 787530785 into the state graph.
get_jacoco_coverage- return code:  output: Broadcasting: Intent { act=edu.gatech.m3.emma.COLLECT_COVERAGE }
Broadcast completed: result=0
---
[COVERAGE FILE EXIST?]
coverage.ec
---
---
[VALIDATE COVERAGE FILE]$ java -jar /home/ubuntu/TimeMachine/fuzzingandroid/libs/jacococli.jar report /home/ubuntu/tm-results2/AmazeFileManager-3.4.2-#1837-rebuilt.apk.timemachine.result.emulator-5554#2026-08-17-00-09-02/ec_files/emulator-55542026-08-17-00-42-44.ec  --classfiles /home/ubuntu/TimeMachine/instrumented_apps/AmazeFileManager/AmazeFileManager-#1837/app/build/intermediates/javac/fdroidDebug/classes/ --classfiles /home/ubuntu/TimeMachine/instrumented_apps/AmazeFileManager/AmazeFileManager-#1837/commons_compress_7z/build/intermediates/javac/debug/classes/ --sourcefiles /home/ubuntu/TimeMachine/instrumented_apps/AmazeFileManager/AmazeFileManager-#1837/app/src/main/java/ --sourcefiles /home/ubuntu/TimeMachine/instrumented_apps/AmazeFileManager/AmazeFileManager-#1837/commons_compress_7z/src/main/java/ &> temp
---
---
[VALIDATE MESSAGE]
---
SUCCESS: coverage file is valid!
[INFO] Loading execution data file /home/ubuntu/tm-results2/AmazeFileManager-3.4.2-#1837-rebuilt.apk.timemachine.result.emulator-5554#2026-08-17-00-09-02/ec_files/emulator-55542026-08-17-00-42-44.ec.
[INFO] Analyzing 508 classes.
 /sdcard/coverage.ec: 1 file pulled, 0 skipped. 0.3 MB/s (2482 bytes in 0.007s)
 
compute_coverage-return code:  output: /home/ubuntu/tm-results2/AmazeFileManager-3.4.2-#1837-rebuilt.apk.timemachine.result.emulator-5554#2026-08-17-00-09-02/ec_files/coveragetemp.ec /home/ubuntu/tm-results2/AmazeFileManager-3.4.2-#1837-rebuilt.apk.timemachine.result.emulator-5554#2026-08-17-00-09-02/ec_files/emulator-55542026-08-17-00-19-58.ec /home/ubuntu/tm-results2/AmazeFileManager-3.4.2-#1837-rebuilt.apk.timemachine.result.emulator-5554#2026-08-17-00-09-02/ec_files/emulator-55542026-08-17-00-20-21.ec /home/ubuntu/tm-results2/AmazeFileManager-3.4.2-#1837-rebuilt.apk.timemachine.result.emulator-5554#2026-08-17-00-09-02/ec_files/emulator-55542026-08-17-00-21-39.ec /home/ubuntu/tm-results2/AmazeFileManager-3.4.2-#1837-rebuilt.apk.timemachine.result.emulator-5554#2026-08-17-00-09-02/ec_files/emulator-55542026-08-17-00-21-55.ec /home/ubuntu/tm-results2/AmazeFileManager-3.4.2-#1837-rebuilt.apk.timemachine.result.emulator-5554#2026-08-17-00-09-02/ec_files/emulator-55542026-08-17-00-22-12.ec /home/ubuntu/tm-results2/AmazeFileManager-3.4.2-#1837-rebuilt.apk.timemachine.result.emulator-5554#2026-08-17-00-09-02/ec_files/emulator-55542026-08-17-00-22-35.ec /home/ubuntu/tm-results2/AmazeFileManager-3.4.2-#1837-rebuilt.apk.timemachine.result.emulator-5554#2026-08-17-00-09-02/ec_files/emulator-55542026-08-17-00-27-32.ec /home/ubuntu/tm-results2/AmazeFileManager-3.4.2-#1837-rebuilt.apk.timemachine.result.emulator-5554#2026-08-17-00-09-02/ec_files/emulator-55542026-08-17-00-27-49.ec /home/ubuntu/tm-results2/AmazeFileManager-3.4.2-#1837-rebuilt.apk.timemachine.result.emulator-5554#2026-08-17-00-09-02/ec_files/emulator-55542026-08-17-00-28-01.ec /home/ubuntu/tm-results2/AmazeFileManager-3.4.2-#1837-rebuilt.apk.timemachine.result.emulator-5554#2026-08-17-00-09-02/ec_files/emulator-55542026-08-17-00-28-14.ec /home/ubuntu/tm-results2/AmazeFileManager-3.4.2-#1837-rebuilt.apk.timemachine.result.emulator-5554#2026-08-17-00-09-02/ec_files/emulator-55542026-08-17-00-33-12.ec /home/ubuntu/tm-results2/AmazeFileManager-3.4.2-#1837-rebuilt.apk.timemachine.result.emulator-5554#2026-08-17-00-09-02/ec_files/emulator-55542026-08-17-00-33-26.ec /home/ubuntu/tm-results2/AmazeFileManager-3.4.2-#1837-rebuilt.apk.timemachine.result.emulator-5554#2026-08-17-00-09-02/ec_files/emulator-55542026-08-17-00-33-39.ec /home/ubuntu/tm-results2/AmazeFileManager-3.4.2-#1837-rebuilt.apk.timemachine.result.emulator-5554#2026-08-17-00-09-02/ec_files/emulator-55542026-08-17-00-39-07.ec /home/ubuntu/tm-results2/AmazeFileManager-3.4.2-#1837-rebuilt.apk.timemachine.result.emulator-5554#2026-08-17-00-09-02/ec_files/emulator-55542026-08-17-00-40-52.ec /home/ubuntu/tm-results2/AmazeFileManager-3.4.2-#1837-rebuilt.apk.timemachine.result.emulator-5554#2026-08-17-00-09-02/ec_files/emulator-55542026-08-17-00-42-04.ec /home/ubuntu/tm-results2/AmazeFileManager-3.4.2-#1837-rebuilt.apk.timemachine.result.emulator-5554#2026-08-17-00-09-02/ec_files/emulator-55542026-08-17-00-42-19.ec /home/ubuntu/tm-results2/AmazeFileManager-3.4.2-#1837-rebuilt.apk.timemachine.result.emulator-5554#2026-08-17-00-09-02/ec_files/emulator-55542026-08-17-00-42-31.ec /home/ubuntu/tm-results2/AmazeFileManager-3.4.2-#1837-rebuilt.apk.timemachine.result.emulator-5554#2026-08-17-00-09-02/ec_files/emulator-55542026-08-17-00-42-44.ec
[INFO] Loading execution data file /home/ubuntu/tm-results2/AmazeFileManager-3.4.2-#1837-rebuilt.apk.timemachine.result.emulator-5554#2026-08-17-00-09-02/ec_files/coveragetemp.ec.
[INFO] Loading execution data file /home/ubuntu/tm-results2/AmazeFileManager-3.4.2-#1837-rebuilt.apk.timemachine.result.emulator-5554#2026-08-17-00-09-02/ec_files/emulator-55542026-08-17-00-19-58.ec.
[INFO] Loading execution data file /home/ubuntu/tm-results2/AmazeFileManager-3.4.2-#1837-rebuilt.apk.timemachine.result.emulator-5554#2026-08-17-00-09-02/ec_files/emulator-55542026-08-17-00-20-21.ec.
[INFO] Loading execution data file /home/ubuntu/tm-results2/AmazeFileManager-3.4.2-#1837-rebuilt.apk.timemachine.result.emulator-5554#2026-08-17-00-09-02/ec_files/emulator-55542026-08-17-00-21-39.ec.
[INFO] Loading execution data file /home/ubuntu/tm-results2/AmazeFileManager-3.4.2-#1837-rebuilt.apk.timemachine.result.emulator-5554#2026-08-17-00-09-02/ec_files/emulator-55542026-08-17-00-21-55.ec.
[INFO] Loading execution data file /home/ubuntu/tm-results2/AmazeFileManager-3.4.2-#1837-rebuilt.apk.timemachine.result.emulator-5554#2026-08-17-00-09-02/ec_files/emulator-55542026-08-17-00-22-12.ec.
[INFO] Loading execution data file /home/ubuntu/tm-results2/AmazeFileManager-3.4.2-#1837-rebuilt.apk.timemachine.result.emulator-5554#2026-08-17-00-09-02/ec_files/emulator-55542026-08-17-00-22-35.ec.
[INFO] Loading execution data file /home/ubuntu/tm-results2/AmazeFileManager-3.4.2-#1837-rebuilt.apk.timemachine.result.emulator-5554#2026-08-17-00-09-02/ec_files/emulator-55542026-08-17-00-27-32.ec.
[INFO] Loading execution data file /home/ubuntu/tm-results2/AmazeFileManager-3.4.2-#1837-rebuilt.apk.timemachine.result.emulator-5554#2026-08-17-00-09-02/ec_files/emulator-55542026-08-17-00-27-49.ec.
[INFO] Loading execution data file /home/ubuntu/tm-results2/AmazeFileManager-3.4.2-#1837-rebuilt.apk.timemachine.result.emulator-5554#2026-08-17-00-09-02/ec_files/emulator-55542026-08-17-00-28-01.ec.
[INFO] Loading execution data file /home/ubuntu/tm-results2/AmazeFileManager-3.4.2-#1837-rebuilt.apk.timemachine.result.emulator-5554#2026-08-17-00-09-02/ec_files/emulator-55542026-08-17-00-28-14.ec.
[INFO] Loading execution data file /home/ubuntu/tm-results2/AmazeFileManager-3.4.2-#1837-rebuilt.apk.timemachine.result.emulator-5554#2026-08-17-00-09-02/ec_files/emulator-55542026-08-17-00-33-12.ec.
[INFO] Loading execution data file /home/ubuntu/tm-results2/AmazeFileManager-3.4.2-#1837-rebuilt.apk.timemachine.result.emulator-5554#2026-08-17-00-09-02/ec_files/emulator-55542026-08-17-00-33-26.ec.
[INFO] Loading execution data file /home/ubuntu/tm-results2/AmazeFileManager-3.4.2-#1837-rebuilt.apk.timemachine.result.emulator-5554#2026-08-17-00-09-02/ec_files/emulator-55542026-08-17-00-33-39.ec.
[INFO] Loading execution data file /home/ubuntu/tm-results2/AmazeFileManager-3.4.2-#1837-rebuilt.apk.timemachine.result.emulator-5554#2026-08-17-00-09-02/ec_files/emulator-55542026-08-17-00-39-07.ec.
[INFO] Loading execution data file /home/ubuntu/tm-results2/AmazeFileManager-3.4.2-#1837-rebuilt.apk.timemachine.result.emulator-5554#2026-08-17-00-09-02/ec_files/emulator-55542026-08-17-00-40-52.ec.
[INFO] Loading execution data file /home/ubuntu/tm-results2/AmazeFileManager-3.4.2-#1837-rebuilt.apk.timemachine.result.emulator-5554#2026-08-17-00-09-02/ec_files/emulator-55542026-08-17-00-42-04.ec.
[INFO] Loading execution data file /home/ubuntu/tm-results2/AmazeFileManager-3.4.2-#1837-rebuilt.apk.timemachine.result.emulator-5554#2026-08-17-00-09-02/ec_files/emulator-55542026-08-17-00-42-19.ec.
[INFO] Loading execution data file /home/ubuntu/tm-results2/AmazeFileManager-3.4.2-#1837-rebuilt.apk.timemachine.result.emulator-5554#2026-08-17-00-09-02/ec_files/emulator-55542026-08-17-00-42-31.ec.
[INFO] Loading execution data file /home/ubuntu/tm-results2/AmazeFileManager-3.4.2-#1837-rebuilt.apk.timemachine.result.emulator-5554#2026-08-17-00-09-02/ec_files/emulator-55542026-08-17-00-42-44.ec.
[INFO] Analyzing 508 classes.
   
-----------
current jacoco line coverage rate: 0.203911269521
-----------
--coverage when the new state is triggered: 0.203911269521 current jacoco line coverage rate : 0.203911269521
===================> PENALIZE STATE <=====================
deque(['OOAUT', '-258892453', 'OOAUT', '-583182176', '594179358', 'OOAUT', '-1752756304', '1280997375', '-308845095', '787530785'], maxlen=10)
Frequent nodes 
[('OOAUT', <state_graph.State instance at 0x768d7f9f7910>), ('-583182176', <state_graph.State instance at 0x768d815f9f50>), ('-307486232', <state_graph.State instance at 0x768d81cf7320>)]
the portion to the top 20% most frequent states: 0.25
Frequent nodes 
[('OOAUT', <state_graph.State instance at 0x768d7f9f7910>), ('-583182176', <state_graph.State instance at 0x768d815f9f50>), ('-307486232', <state_graph.State instance at 0x768d81cf7320>)]
--extracted id: 787530785  num_controllable_widgets: 3
--event num: 1
--extracted id: 787530785  num_controllable_widgets: 3
--event num: 2
--extracted id: 787530785  num_controllable_widgets: 3
--event num: 3
--extracted id: -660314914  num_controllable_widgets: 10
--transiton occurs
--a new state is triggered and add -660314914 into the state graph.
get_jacoco_coverage- return code:  output: Broadcasting: Intent { act=edu.gatech.m3.emma.COLLECT_COVERAGE }
Broadcast completed: result=0
---
[COVERAGE FILE EXIST?]
coverage.ec
---
---
[VALIDATE COVERAGE FILE]$ java -jar /home/ubuntu/TimeMachine/fuzzingandroid/libs/jacococli.jar report /home/ubuntu/tm-results2/AmazeFileManager-3.4.2-#1837-rebuilt.apk.timemachine.result.emulator-5554#2026-08-17-00-09-02/ec_files/emulator-55542026-08-17-00-42-58.ec  --classfiles /home/ubuntu/TimeMachine/instrumented_apps/AmazeFileManager/AmazeFileManager-#1837/app/build/intermediates/javac/fdroidDebug/classes/ --classfiles /home/ubuntu/TimeMachine/instrumented_apps/AmazeFileManager/AmazeFileManager-#1837/commons_compress_7z/build/intermediates/javac/debug/classes/ --sourcefiles /home/ubuntu/TimeMachine/instrumented_apps/AmazeFileManager/AmazeFileManager-#1837/app/src/main/java/ --sourcefiles /home/ubuntu/TimeMachine/instrumented_apps/AmazeFileManager/AmazeFileManager-#1837/commons_compress_7z/src/main/java/ &> temp
---
---
[VALIDATE MESSAGE]
---
SUCCESS: coverage file is valid!
[INFO] Loading execution data file /home/ubuntu/tm-results2/AmazeFileManager-3.4.2-#1837-rebuilt.apk.timemachine.result.emulator-5554#2026-08-17-00-09-02/ec_files/emulator-55542026-08-17-00-42-58.ec.
[INFO] Analyzing 508 classes.
 /sdcard/coverage.ec: 1 file pulled, 0 skipped. 0.0 MB/s (2482 bytes in 0.048s)
 
compute_coverage-return code:  output: /home/ubuntu/tm-results2/AmazeFileManager-3.4.2-#1837-rebuilt.apk.timemachine.result.emulator-5554#2026-08-17-00-09-02/ec_files/coveragetemp.ec /home/ubuntu/tm-results2/AmazeFileManager-3.4.2-#1837-rebuilt.apk.timemachine.result.emulator-5554#2026-08-17-00-09-02/ec_files/emulator-55542026-08-17-00-19-58.ec /home/ubuntu/tm-results2/AmazeFileManager-3.4.2-#1837-rebuilt.apk.timemachine.result.emulator-5554#2026-08-17-00-09-02/ec_files/emulator-55542026-08-17-00-20-21.ec /home/ubuntu/tm-results2/AmazeFileManager-3.4.2-#1837-rebuilt.apk.timemachine.result.emulator-5554#2026-08-17-00-09-02/ec_files/emulator-55542026-08-17-00-21-39.ec /home/ubuntu/tm-results2/AmazeFileManager-3.4.2-#1837-rebuilt.apk.timemachine.result.emulator-5554#2026-08-17-00-09-02/ec_files/emulator-55542026-08-17-00-21-55.ec /home/ubuntu/tm-results2/AmazeFileManager-3.4.2-#1837-rebuilt.apk.timemachine.result.emulator-5554#2026-08-17-00-09-02/ec_files/emulator-55542026-08-17-00-22-12.ec /home/ubuntu/tm-results2/AmazeFileManager-3.4.2-#1837-rebuilt.apk.timemachine.result.emulator-5554#2026-08-17-00-09-02/ec_files/emulator-55542026-08-17-00-22-35.ec /home/ubuntu/tm-results2/AmazeFileManager-3.4.2-#1837-rebuilt.apk.timemachine.result.emulator-5554#2026-08-17-00-09-02/ec_files/emulator-55542026-08-17-00-27-32.ec /home/ubuntu/tm-results2/AmazeFileManager-3.4.2-#1837-rebuilt.apk.timemachine.result.emulator-5554#2026-08-17-00-09-02/ec_files/emulator-55542026-08-17-00-27-49.ec /home/ubuntu/tm-results2/AmazeFileManager-3.4.2-#1837-rebuilt.apk.timemachine.result.emulator-5554#2026-08-17-00-09-02/ec_files/emulator-55542026-08-17-00-28-01.ec /home/ubuntu/tm-results2/AmazeFileManager-3.4.2-#1837-rebuilt.apk.timemachine.result.emulator-5554#2026-08-17-00-09-02/ec_files/emulator-55542026-08-17-00-28-14.ec /home/ubuntu/tm-results2/AmazeFileManager-3.4.2-#1837-rebuilt.apk.timemachine.result.emulator-5554#2026-08-17-00-09-02/ec_files/emulator-55542026-08-17-00-33-12.ec /home/ubuntu/tm-results2/AmazeFileManager-3.4.2-#1837-rebuilt.apk.timemachine.result.emulator-5554#2026-08-17-00-09-02/ec_files/emulator-55542026-08-17-00-33-26.ec /home/ubuntu/tm-results2/AmazeFileManager-3.4.2-#1837-rebuilt.apk.timemachine.result.emulator-5554#2026-08-17-00-09-02/ec_files/emulator-55542026-08-17-00-33-39.ec /home/ubuntu/tm-results2/AmazeFileManager-3.4.2-#1837-rebuilt.apk.timemachine.result.emulator-5554#2026-08-17-00-09-02/ec_files/emulator-55542026-08-17-00-39-07.ec /home/ubuntu/tm-results2/AmazeFileManager-3.4.2-#1837-rebuilt.apk.timemachine.result.emulator-5554#2026-08-17-00-09-02/ec_files/emulator-55542026-08-17-00-40-52.ec /home/ubuntu/tm-results2/AmazeFileManager-3.4.2-#1837-rebuilt.apk.timemachine.result.emulator-5554#2026-08-17-00-09-02/ec_files/emulator-55542026-08-17-00-42-04.ec /home/ubuntu/tm-results2/AmazeFileManager-3.4.2-#1837-rebuilt.apk.timemachine.result.emulator-5554#2026-08-17-00-09-02/ec_files/emulator-55542026-08-17-00-42-19.ec /home/ubuntu/tm-results2/AmazeFileManager-3.4.2-#1837-rebuilt.apk.timemachine.result.emulator-5554#2026-08-17-00-09-02/ec_files/emulator-55542026-08-17-00-42-31.ec /home/ubuntu/tm-results2/AmazeFileManager-3.4.2-#1837-rebuilt.apk.timemachine.result.emulator-5554#2026-08-17-00-09-02/ec_files/emulator-55542026-08-17-00-42-44.ec /home/ubuntu/tm-results2/AmazeFileManager-3.4.2-#1837-rebuilt.apk.timemachine.result.emulator-5554#2026-08-17-00-09-02/ec_files/emulator-55542026-08-17-00-42-58.ec
[INFO] Loading execution data file /home/ubuntu/tm-results2/AmazeFileManager-3.4.2-#1837-rebuilt.apk.timemachine.result.emulator-5554#2026-08-17-00-09-02/ec_files/coveragetemp.ec.
[INFO] Loading execution data file /home/ubuntu/tm-results2/AmazeFileManager-3.4.2-#1837-rebuilt.apk.timemachine.result.emulator-5554#2026-08-17-00-09-02/ec_files/emulator-55542026-08-17-00-19-58.ec.
[INFO] Loading execution data file /home/ubuntu/tm-results2/AmazeFileManager-3.4.2-#1837-rebuilt.apk.timemachine.result.emulator-5554#2026-08-17-00-09-02/ec_files/emulator-55542026-08-17-00-20-21.ec.
[INFO] Loading execution data file /home/ubuntu/tm-results2/AmazeFileManager-3.4.2-#1837-rebuilt.apk.timemachine.result.emulator-5554#2026-08-17-00-09-02/ec_files/emulator-55542026-08-17-00-21-39.ec.
[INFO] Loading execution data file /home/ubuntu/tm-results2/AmazeFileManager-3.4.2-#1837-rebuilt.apk.timemachine.result.emulator-5554#2026-08-17-00-09-02/ec_files/emulator-55542026-08-17-00-21-55.ec.
[INFO] Loading execution data file /home/ubuntu/tm-results2/AmazeFileManager-3.4.2-#1837-rebuilt.apk.timemachine.result.emulator-5554#2026-08-17-00-09-02/ec_files/emulator-55542026-08-17-00-22-12.ec.
[INFO] Loading execution data file /home/ubuntu/tm-results2/AmazeFileManager-3.4.2-#1837-rebuilt.apk.timemachine.result.emulator-5554#2026-08-17-00-09-02/ec_files/emulator-55542026-08-17-00-22-35.ec.
[INFO] Loading execution data file /home/ubuntu/tm-results2/AmazeFileManager-3.4.2-#1837-rebuilt.apk.timemachine.result.emulator-5554#2026-08-17-00-09-02/ec_files/emulator-55542026-08-17-00-27-32.ec.
[INFO] Loading execution data file /home/ubuntu/tm-results2/AmazeFileManager-3.4.2-#1837-rebuilt.apk.timemachine.result.emulator-5554#2026-08-17-00-09-02/ec_files/emulator-55542026-08-17-00-27-49.ec.
[INFO] Loading execution data file /home/ubuntu/tm-results2/AmazeFileManager-3.4.2-#1837-rebuilt.apk.timemachine.result.emulator-5554#2026-08-17-00-09-02/ec_files/emulator-55542026-08-17-00-28-01.ec.
[INFO] Loading execution data file /home/ubuntu/tm-results2/AmazeFileManager-3.4.2-#1837-rebuilt.apk.timemachine.result.emulator-5554#2026-08-17-00-09-02/ec_files/emulator-55542026-08-17-00-28-14.ec.
[INFO] Loading execution data file /home/ubuntu/tm-results2/AmazeFileManager-3.4.2-#1837-rebuilt.apk.timemachine.result.emulator-5554#2026-08-17-00-09-02/ec_files/emulator-55542026-08-17-00-33-12.ec.
[INFO] Loading execution data file /home/ubuntu/tm-results2/AmazeFileManager-3.4.2-#1837-rebuilt.apk.timemachine.result.emulator-5554#2026-08-17-00-09-02/ec_files/emulator-55542026-08-17-00-33-26.ec.
[INFO] Loading execution data file /home/ubuntu/tm-results2/AmazeFileManager-3.4.2-#1837-rebuilt.apk.timemachine.result.emulator-5554#2026-08-17-00-09-02/ec_files/emulator-55542026-08-17-00-33-39.ec.
[INFO] Loading execution data file /home/ubuntu/tm-results2/AmazeFileManager-3.4.2-#1837-rebuilt.apk.timemachine.result.emulator-5554#2026-08-17-00-09-02/ec_files/emulator-55542026-08-17-00-39-07.ec.
[INFO] Loading execution data file /home/ubuntu/tm-results2/AmazeFileManager-3.4.2-#1837-rebuilt.apk.timemachine.result.emulator-5554#2026-08-17-00-09-02/ec_files/emulator-55542026-08-17-00-40-52.ec.
[INFO] Loading execution data file /home/ubuntu/tm-results2/AmazeFileManager-3.4.2-#1837-rebuilt.apk.timemachine.result.emulator-5554#2026-08-17-00-09-02/ec_files/emulator-55542026-08-17-00-42-04.ec.
[INFO] Loading execution data file /home/ubuntu/tm-results2/AmazeFileManager-3.4.2-#1837-rebuilt.apk.timemachine.result.emulator-5554#2026-08-17-00-09-02/ec_files/emulator-55542026-08-17-00-42-19.ec.
[INFO] Loading execution data file /home/ubuntu/tm-results2/AmazeFileManager-3.4.2-#1837-rebuilt.apk.timemachine.result.emulator-5554#2026-08-17-00-09-02/ec_files/emulator-55542026-08-17-00-42-31.ec.
[INFO] Loading execution data file /home/ubuntu/tm-results2/AmazeFileManager-3.4.2-#1837-rebuilt.apk.timemachine.result.emulator-5554#2026-08-17-00-09-02/ec_files/emulator-55542026-08-17-00-42-44.ec.
[INFO] Loading execution data file /home/ubuntu/tm-results2/AmazeFileManager-3.4.2-#1837-rebuilt.apk.timemachine.result.emulator-5554#2026-08-17-00-09-02/ec_files/emulator-55542026-08-17-00-42-58.ec.
[INFO] Analyzing 508 classes.
   
-----------
current jacoco line coverage rate: 0.203911269521
-----------
--coverage when the new state is triggered: 0.203911269521 current jacoco line coverage rate : 0.203911269521
===================> PENALIZE STATE <=====================
deque(['-258892453', 'OOAUT', '-583182176', '594179358', 'OOAUT', '-1752756304', '1280997375', '-308845095', '787530785', '-660314914'], maxlen=10)
Frequent nodes 
[('OOAUT', <state_graph.State instance at 0x768d7f9f7910>), ('-583182176', <state_graph.State instance at 0x768d815f9f50>), ('-307486232', <state_graph.State instance at 0x768d81cf7320>), ('925876671', <state_graph.State instance at 0x768d7f43eeb0>)]
the portion to the top 20% most frequent states: 0.222222222222
Frequent nodes 
[('OOAUT', <state_graph.State instance at 0x768d7f9f7910>), ('-583182176', <state_graph.State instance at 0x768d815f9f50>), ('-307486232', <state_graph.State instance at 0x768d81cf7320>), ('925876671', <state_graph.State instance at 0x768d7f43eeb0>)]
--extracted id: -660314914  num_controllable_widgets: 10
--event num: 1
--extracted id: -660314914  num_controllable_widgets: 10
--event num: 2
--extracted id: 925881419  num_controllable_widgets: 9
--transiton occurs
--a new state is triggered and add 925881419 into the state graph.
get_jacoco_coverage- return code:  output: Broadcasting: Intent { act=edu.gatech.m3.emma.COLLECT_COVERAGE }
Broadcast completed: result=0
---
[COVERAGE FILE EXIST?]
coverage.ec
---
---
[VALIDATE COVERAGE FILE]$ java -jar /home/ubuntu/TimeMachine/fuzzingandroid/libs/jacococli.jar report /home/ubuntu/tm-results2/AmazeFileManager-3.4.2-#1837-rebuilt.apk.timemachine.result.emulator-5554#2026-08-17-00-09-02/ec_files/emulator-55542026-08-17-00-43-10.ec  --classfiles /home/ubuntu/TimeMachine/instrumented_apps/AmazeFileManager/AmazeFileManager-#1837/app/build/intermediates/javac/fdroidDebug/classes/ --classfiles /home/ubuntu/TimeMachine/instrumented_apps/AmazeFileManager/AmazeFileManager-#1837/commons_compress_7z/build/intermediates/javac/debug/classes/ --sourcefiles /home/ubuntu/TimeMachine/instrumented_apps/AmazeFileManager/AmazeFileManager-#1837/app/src/main/java/ --sourcefiles /home/ubuntu/TimeMachine/instrumented_apps/AmazeFileManager/AmazeFileManager-#1837/commons_compress_7z/src/main/java/ &> temp
---
---
[VALIDATE MESSAGE]
---
SUCCESS: coverage file is valid!
[INFO] Loading execution data file /home/ubuntu/tm-results2/AmazeFileManager-3.4.2-#1837-rebuilt.apk.timemachine.result.emulator-5554#2026-08-17-00-09-02/ec_files/emulator-55542026-08-17-00-43-10.ec.
[INFO] Analyzing 508 classes.
 /sdcard/coverage.ec: 1 file pulled, 0 skipped. 0.0 MB/s (1153 bytes in 0.052s)
 
compute_coverage-return code:  output: /home/ubuntu/tm-results2/AmazeFileManager-3.4.2-#1837-rebuilt.apk.timemachine.result.emulator-5554#2026-08-17-00-09-02/ec_files/coveragetemp.ec /home/ubuntu/tm-results2/AmazeFileManager-3.4.2-#1837-rebuilt.apk.timemachine.result.emulator-5554#2026-08-17-00-09-02/ec_files/emulator-55542026-08-17-00-19-58.ec /home/ubuntu/tm-results2/AmazeFileManager-3.4.2-#1837-rebuilt.apk.timemachine.result.emulator-5554#2026-08-17-00-09-02/ec_files/emulator-55542026-08-17-00-20-21.ec /home/ubuntu/tm-results2/AmazeFileManager-3.4.2-#1837-rebuilt.apk.timemachine.result.emulator-5554#2026-08-17-00-09-02/ec_files/emulator-55542026-08-17-00-21-39.ec /home/ubuntu/tm-results2/AmazeFileManager-3.4.2-#1837-rebuilt.apk.timemachine.result.emulator-5554#2026-08-17-00-09-02/ec_files/emulator-55542026-08-17-00-21-55.ec /home/ubuntu/tm-results2/AmazeFileManager-3.4.2-#1837-rebuilt.apk.timemachine.result.emulator-5554#2026-08-17-00-09-02/ec_files/emulator-55542026-08-17-00-22-12.ec /home/ubuntu/tm-results2/AmazeFileManager-3.4.2-#1837-rebuilt.apk.timemachine.result.emulator-5554#2026-08-17-00-09-02/ec_files/emulator-55542026-08-17-00-22-35.ec /home/ubuntu/tm-results2/AmazeFileManager-3.4.2-#1837-rebuilt.apk.timemachine.result.emulator-5554#2026-08-17-00-09-02/ec_files/emulator-55542026-08-17-00-27-32.ec /home/ubuntu/tm-results2/AmazeFileManager-3.4.2-#1837-rebuilt.apk.timemachine.result.emulator-5554#2026-08-17-00-09-02/ec_files/emulator-55542026-08-17-00-27-49.ec /home/ubuntu/tm-results2/AmazeFileManager-3.4.2-#1837-rebuilt.apk.timemachine.result.emulator-5554#2026-08-17-00-09-02/ec_files/emulator-55542026-08-17-00-28-01.ec /home/ubuntu/tm-results2/AmazeFileManager-3.4.2-#1837-rebuilt.apk.timemachine.result.emulator-5554#2026-08-17-00-09-02/ec_files/emulator-55542026-08-17-00-28-14.ec /home/ubuntu/tm-results2/AmazeFileManager-3.4.2-#1837-rebuilt.apk.timemachine.result.emulator-5554#2026-08-17-00-09-02/ec_files/emulator-55542026-08-17-00-33-12.ec /home/ubuntu/tm-results2/AmazeFileManager-3.4.2-#1837-rebuilt.apk.timemachine.result.emulator-5554#2026-08-17-00-09-02/ec_files/emulator-55542026-08-17-00-33-26.ec /home/ubuntu/tm-results2/AmazeFileManager-3.4.2-#1837-rebuilt.apk.timemachine.result.emulator-5554#2026-08-17-00-09-02/ec_files/emulator-55542026-08-17-00-33-39.ec /home/ubuntu/tm-results2/AmazeFileManager-3.4.2-#1837-rebuilt.apk.timemachine.result.emulator-5554#2026-08-17-00-09-02/ec_files/emulator-55542026-08-17-00-39-07.ec /home/ubuntu/tm-results2/AmazeFileManager-3.4.2-#1837-rebuilt.apk.timemachine.result.emulator-5554#2026-08-17-00-09-02/ec_files/emulator-55542026-08-17-00-40-52.ec /home/ubuntu/tm-results2/AmazeFileManager-3.4.2-#1837-rebuilt.apk.timemachine.result.emulator-5554#2026-08-17-00-09-02/ec_files/emulator-55542026-08-17-00-42-04.ec /home/ubuntu/tm-results2/AmazeFileManager-3.4.2-#1837-rebuilt.apk.timemachine.result.emulator-5554#2026-08-17-00-09-02/ec_files/emulator-55542026-08-17-00-42-19.ec /home/ubuntu/tm-results2/AmazeFileManager-3.4.2-#1837-rebuilt.apk.timemachine.result.emulator-5554#2026-08-17-00-09-02/ec_files/emulator-55542026-08-17-00-42-31.ec /home/ubuntu/tm-results2/AmazeFileManager-3.4.2-#1837-rebuilt.apk.timemachine.result.emulator-5554#2026-08-17-00-09-02/ec_files/emulator-55542026-08-17-00-42-44.ec /home/ubuntu/tm-results2/AmazeFileManager-3.4.2-#1837-rebuilt.apk.timemachine.result.emulator-5554#2026-08-17-00-09-02/ec_files/emulator-55542026-08-17-00-42-58.ec /home/ubuntu/tm-results2/AmazeFileManager-3.4.2-#1837-rebuilt.apk.timemachine.result.emulator-5554#2026-08-17-00-09-02/ec_files/emulator-55542026-08-17-00-43-10.ec
[INFO] Loading execution data file /home/ubuntu/tm-results2/AmazeFileManager-3.4.2-#1837-rebuilt.apk.timemachine.result.emulator-5554#2026-08-17-00-09-02/ec_files/coveragetemp.ec.
[INFO] Loading execution data file /home/ubuntu/tm-results2/AmazeFileManager-3.4.2-#1837-rebuilt.apk.timemachine.result.emulator-5554#2026-08-17-00-09-02/ec_files/emulator-55542026-08-17-00-19-58.ec.
[INFO] Loading execution data file /home/ubuntu/tm-results2/AmazeFileManager-3.4.2-#1837-rebuilt.apk.timemachine.result.emulator-5554#2026-08-17-00-09-02/ec_files/emulator-55542026-08-17-00-20-21.ec.
[INFO] Loading execution data file /home/ubuntu/tm-results2/AmazeFileManager-3.4.2-#1837-rebuilt.apk.timemachine.result.emulator-5554#2026-08-17-00-09-02/ec_files/emulator-55542026-08-17-00-21-39.ec.
[INFO] Loading execution data file /home/ubuntu/tm-results2/AmazeFileManager-3.4.2-#1837-rebuilt.apk.timemachine.result.emulator-5554#2026-08-17-00-09-02/ec_files/emulator-55542026-08-17-00-21-55.ec.
[INFO] Loading execution data file /home/ubuntu/tm-results2/AmazeFileManager-3.4.2-#1837-rebuilt.apk.timemachine.result.emulator-5554#2026-08-17-00-09-02/ec_files/emulator-55542026-08-17-00-22-12.ec.
[INFO] Loading execution data file /home/ubuntu/tm-results2/AmazeFileManager-3.4.2-#1837-rebuilt.apk.timemachine.result.emulator-5554#2026-08-17-00-09-02/ec_files/emulator-55542026-08-17-00-22-35.ec.
[INFO] Loading execution data file /home/ubuntu/tm-results2/AmazeFileManager-3.4.2-#1837-rebuilt.apk.timemachine.result.emulator-5554#2026-08-17-00-09-02/ec_files/emulator-55542026-08-17-00-27-32.ec.
[INFO] Loading execution data file /home/ubuntu/tm-results2/AmazeFileManager-3.4.2-#1837-rebuilt.apk.timemachine.result.emulator-5554#2026-08-17-00-09-02/ec_files/emulator-55542026-08-17-00-27-49.ec.
[INFO] Loading execution data file /home/ubuntu/tm-results2/AmazeFileManager-3.4.2-#1837-rebuilt.apk.timemachine.result.emulator-5554#2026-08-17-00-09-02/ec_files/emulator-55542026-08-17-00-28-01.ec.
[INFO] Loading execution data file /home/ubuntu/tm-results2/AmazeFileManager-3.4.2-#1837-rebuilt.apk.timemachine.result.emulator-5554#2026-08-17-00-09-02/ec_files/emulator-55542026-08-17-00-28-14.ec.
[INFO] Loading execution data file /home/ubuntu/tm-results2/AmazeFileManager-3.4.2-#1837-rebuilt.apk.timemachine.result.emulator-5554#2026-08-17-00-09-02/ec_files/emulator-55542026-08-17-00-33-12.ec.
[INFO] Loading execution data file /home/ubuntu/tm-results2/AmazeFileManager-3.4.2-#1837-rebuilt.apk.timemachine.result.emulator-5554#2026-08-17-00-09-02/ec_files/emulator-55542026-08-17-00-33-26.ec.
[INFO] Loading execution data file /home/ubuntu/tm-results2/AmazeFileManager-3.4.2-#1837-rebuilt.apk.timemachine.result.emulator-5554#2026-08-17-00-09-02/ec_files/emulator-55542026-08-17-00-33-39.ec.
[INFO] Loading execution data file /home/ubuntu/tm-results2/AmazeFileManager-3.4.2-#1837-rebuilt.apk.timemachine.result.emulator-5554#2026-08-17-00-09-02/ec_files/emulator-55542026-08-17-00-39-07.ec.
[INFO] Loading execution data file /home/ubuntu/tm-results2/AmazeFileManager-3.4.2-#1837-rebuilt.apk.timemachine.result.emulator-5554#2026-08-17-00-09-02/ec_files/emulator-55542026-08-17-00-40-52.ec.
[INFO] Loading execution data file /home/ubuntu/tm-results2/AmazeFileManager-3.4.2-#1837-rebuilt.apk.timemachine.result.emulator-5554#2026-08-17-00-09-02/ec_files/emulator-55542026-08-17-00-42-04.ec.
[INFO] Loading execution data file /home/ubuntu/tm-results2/AmazeFileManager-3.4.2-#1837-rebuilt.apk.timemachine.result.emulator-5554#2026-08-17-00-09-02/ec_files/emulator-55542026-08-17-00-42-19.ec.
[INFO] Loading execution data file /home/ubuntu/tm-results2/AmazeFileManager-3.4.2-#1837-rebuilt.apk.timemachine.result.emulator-5554#2026-08-17-00-09-02/ec_files/emulator-55542026-08-17-00-42-31.ec.
[INFO] Loading execution data file /home/ubuntu/tm-results2/AmazeFileManager-3.4.2-#1837-rebuilt.apk.timemachine.result.emulator-5554#2026-08-17-00-09-02/ec_files/emulator-55542026-08-17-00-42-44.ec.
[INFO] Loading execution data file /home/ubuntu/tm-results2/AmazeFileManager-3.4.2-#1837-rebuilt.apk.timemachine.result.emulator-5554#2026-08-17-00-09-02/ec_files/emulator-55542026-08-17-00-42-58.ec.
[INFO] Loading execution data file /home/ubuntu/tm-results2/AmazeFileManager-3.4.2-#1837-rebuilt.apk.timemachine.result.emulator-5554#2026-08-17-00-09-02/ec_files/emulator-55542026-08-17-00-43-10.ec.
[INFO] Analyzing 508 classes.
   
-----------
current jacoco line coverage rate: 0.203911269521
-----------
--coverage when the new state is triggered: 0.203911269521 current jacoco line coverage rate : 0.203911269521
===================> PENALIZE STATE <=====================
deque(['OOAUT', '-583182176', '594179358', 'OOAUT', '-1752756304', '1280997375', '-308845095', '787530785', '-660314914', '925881419'], maxlen=10)
Frequent nodes 
[('OOAUT', <state_graph.State instance at 0x768d7f9f7910>), ('-583182176', <state_graph.State instance at 0x768d815f9f50>), ('-307486232', <state_graph.State instance at 0x768d81cf7320>), ('925876671', <state_graph.State instance at 0x768d7f43eeb0>)]
the portion to the top 20% most frequent states: 0.222222222222
Frequent nodes 
[('OOAUT', <state_graph.State instance at 0x768d7f9f7910>), ('-583182176', <state_graph.State instance at 0x768d815f9f50>), ('-307486232', <state_graph.State instance at 0x768d81cf7320>), ('925876671', <state_graph.State instance at 0x768d7f43eeb0>)]
--extracted id: -1543633070  num_controllable_widgets: 2
--transiton occurs
--a new state is triggered and add -1543633070 into the state graph.
get_jacoco_coverage- return code:  output: Broadcasting: Intent { act=edu.gatech.m3.emma.COLLECT_COVERAGE }
Broadcast completed: result=0
---
[COVERAGE FILE EXIST?]
coverage.ec
---
---
[VALIDATE COVERAGE FILE]$ java -jar /home/ubuntu/TimeMachine/fuzzingandroid/libs/jacococli.jar report /home/ubuntu/tm-results2/AmazeFileManager-3.4.2-#1837-rebuilt.apk.timemachine.result.emulator-5554#2026-08-17-00-09-02/ec_files/emulator-55542026-08-17-00-43-28.ec  --classfiles /home/ubuntu/TimeMachine/instrumented_apps/AmazeFileManager/AmazeFileManager-#1837/app/build/intermediates/javac/fdroidDebug/classes/ --classfiles /home/ubuntu/TimeMachine/instrumented_apps/AmazeFileManager/AmazeFileManager-#1837/commons_compress_7z/build/intermediates/javac/debug/classes/ --sourcefiles /home/ubuntu/TimeMachine/instrumented_apps/AmazeFileManager/AmazeFileManager-#1837/app/src/main/java/ --sourcefiles /home/ubuntu/TimeMachine/instrumented_apps/AmazeFileManager/AmazeFileManager-#1837/commons_compress_7z/src/main/java/ &> temp
---
---
[VALIDATE MESSAGE]
---
SUCCESS: coverage file is valid!
[INFO] Loading execution data file /home/ubuntu/tm-results2/AmazeFileManager-3.4.2-#1837-rebuilt.apk.timemachine.result.emulator-5554#2026-08-17-00-09-02/ec_files/emulator-55542026-08-17-00-43-28.ec.
[INFO] Analyzing 508 classes.
 /sdcard/coverage.ec: 1 file pulled, 0 skipped. 0.0 MB/s (2733 bytes in 0.150s)
 
compute_coverage-return code:  output: /home/ubuntu/tm-results2/AmazeFileManager-3.4.2-#1837-rebuilt.apk.timemachine.result.emulator-5554#2026-08-17-00-09-02/ec_files/coveragetemp.ec /home/ubuntu/tm-results2/AmazeFileManager-3.4.2-#1837-rebuilt.apk.timemachine.result.emulator-5554#2026-08-17-00-09-02/ec_files/emulator-55542026-08-17-00-19-58.ec /home/ubuntu/tm-results2/AmazeFileManager-3.4.2-#1837-rebuilt.apk.timemachine.result.emulator-5554#2026-08-17-00-09-02/ec_files/emulator-55542026-08-17-00-20-21.ec /home/ubuntu/tm-results2/AmazeFileManager-3.4.2-#1837-rebuilt.apk.timemachine.result.emulator-5554#2026-08-17-00-09-02/ec_files/emulator-55542026-08-17-00-21-39.ec /home/ubuntu/tm-results2/AmazeFileManager-3.4.2-#1837-rebuilt.apk.timemachine.result.emulator-5554#2026-08-17-00-09-02/ec_files/emulator-55542026-08-17-00-21-55.ec /home/ubuntu/tm-results2/AmazeFileManager-3.4.2-#1837-rebuilt.apk.timemachine.result.emulator-5554#2026-08-17-00-09-02/ec_files/emulator-55542026-08-17-00-22-12.ec /home/ubuntu/tm-results2/AmazeFileManager-3.4.2-#1837-rebuilt.apk.timemachine.result.emulator-5554#2026-08-17-00-09-02/ec_files/emulator-55542026-08-17-00-22-35.ec /home/ubuntu/tm-results2/AmazeFileManager-3.4.2-#1837-rebuilt.apk.timemachine.result.emulator-5554#2026-08-17-00-09-02/ec_files/emulator-55542026-08-17-00-27-32.ec /home/ubuntu/tm-results2/AmazeFileManager-3.4.2-#1837-rebuilt.apk.timemachine.result.emulator-5554#2026-08-17-00-09-02/ec_files/emulator-55542026-08-17-00-27-49.ec /home/ubuntu/tm-results2/AmazeFileManager-3.4.2-#1837-rebuilt.apk.timemachine.result.emulator-5554#2026-08-17-00-09-02/ec_files/emulator-55542026-08-17-00-28-01.ec /home/ubuntu/tm-results2/AmazeFileManager-3.4.2-#1837-rebuilt.apk.timemachine.result.emulator-5554#2026-08-17-00-09-02/ec_files/emulator-55542026-08-17-00-28-14.ec /home/ubuntu/tm-results2/AmazeFileManager-3.4.2-#1837-rebuilt.apk.timemachine.result.emulator-5554#2026-08-17-00-09-02/ec_files/emulator-55542026-08-17-00-33-12.ec /home/ubuntu/tm-results2/AmazeFileManager-3.4.2-#1837-rebuilt.apk.timemachine.result.emulator-5554#2026-08-17-00-09-02/ec_files/emulator-55542026-08-17-00-33-26.ec /home/ubuntu/tm-results2/AmazeFileManager-3.4.2-#1837-rebuilt.apk.timemachine.result.emulator-5554#2026-08-17-00-09-02/ec_files/emulator-55542026-08-17-00-33-39.ec /home/ubuntu/tm-results2/AmazeFileManager-3.4.2-#1837-rebuilt.apk.timemachine.result.emulator-5554#2026-08-17-00-09-02/ec_files/emulator-55542026-08-17-00-39-07.ec /home/ubuntu/tm-results2/AmazeFileManager-3.4.2-#1837-rebuilt.apk.timemachine.result.emulator-5554#2026-08-17-00-09-02/ec_files/emulator-55542026-08-17-00-40-52.ec /home/ubuntu/tm-results2/AmazeFileManager-3.4.2-#1837-rebuilt.apk.timemachine.result.emulator-5554#2026-08-17-00-09-02/ec_files/emulator-55542026-08-17-00-42-04.ec /home/ubuntu/tm-results2/AmazeFileManager-3.4.2-#1837-rebuilt.apk.timemachine.result.emulator-5554#2026-08-17-00-09-02/ec_files/emulator-55542026-08-17-00-42-19.ec /home/ubuntu/tm-results2/AmazeFileManager-3.4.2-#1837-rebuilt.apk.timemachine.result.emulator-5554#2026-08-17-00-09-02/ec_files/emulator-55542026-08-17-00-42-31.ec /home/ubuntu/tm-results2/AmazeFileManager-3.4.2-#1837-rebuilt.apk.timemachine.result.emulator-5554#2026-08-17-00-09-02/ec_files/emulator-55542026-08-17-00-42-44.ec /home/ubuntu/tm-results2/AmazeFileManager-3.4.2-#1837-rebuilt.apk.timemachine.result.emulator-5554#2026-08-17-00-09-02/ec_files/emulator-55542026-08-17-00-42-58.ec /home/ubuntu/tm-results2/AmazeFileManager-3.4.2-#1837-rebuilt.apk.timemachine.result.emulator-5554#2026-08-17-00-09-02/ec_files/emulator-55542026-08-17-00-43-10.ec /home/ubuntu/tm-results2/AmazeFileManager-3.4.2-#1837-rebuilt.apk.timemachine.result.emulator-5554#2026-08-17-00-09-02/ec_files/emulator-55542026-08-17-00-43-28.ec
[INFO] Loading execution data file /home/ubuntu/tm-results2/AmazeFileManager-3.4.2-#1837-rebuilt.apk.timemachine.result.emulator-5554#2026-08-17-00-09-02/ec_files/coveragetemp.ec.
[INFO] Loading execution data file /home/ubuntu/tm-results2/AmazeFileManager-3.4.2-#1837-rebuilt.apk.timemachine.result.emulator-5554#2026-08-17-00-09-02/ec_files/emulator-55542026-08-17-00-19-58.ec.
[INFO] Loading execution data file /home/ubuntu/tm-results2/AmazeFileManager-3.4.2-#1837-rebuilt.apk.timemachine.result.emulator-5554#2026-08-17-00-09-02/ec_files/emulator-55542026-08-17-00-20-21.ec.
[INFO] Loading execution data file /home/ubuntu/tm-results2/AmazeFileManager-3.4.2-#1837-rebuilt.apk.timemachine.result.emulator-5554#2026-08-17-00-09-02/ec_files/emulator-55542026-08-17-00-21-39.ec.
[INFO] Loading execution data file /home/ubuntu/tm-results2/AmazeFileManager-3.4.2-#1837-rebuilt.apk.timemachine.result.emulator-5554#2026-08-17-00-09-02/ec_files/emulator-55542026-08-17-00-21-55.ec.
[INFO] Loading execution data file /home/ubuntu/tm-results2/AmazeFileManager-3.4.2-#1837-rebuilt.apk.timemachine.result.emulator-5554#2026-08-17-00-09-02/ec_files/emulator-55542026-08-17-00-22-12.ec.
[INFO] Loading execution data file /home/ubuntu/tm-results2/AmazeFileManager-3.4.2-#1837-rebuilt.apk.timemachine.result.emulator-5554#2026-08-17-00-09-02/ec_files/emulator-55542026-08-17-00-22-35.ec.
[INFO] Loading execution data file /home/ubuntu/tm-results2/AmazeFileManager-3.4.2-#1837-rebuilt.apk.timemachine.result.emulator-5554#2026-08-17-00-09-02/ec_files/emulator-55542026-08-17-00-27-32.ec.
[INFO] Loading execution data file /home/ubuntu/tm-results2/AmazeFileManager-3.4.2-#1837-rebuilt.apk.timemachine.result.emulator-5554#2026-08-17-00-09-02/ec_files/emulator-55542026-08-17-00-27-49.ec.
[INFO] Loading execution data file /home/ubuntu/tm-results2/AmazeFileManager-3.4.2-#1837-rebuilt.apk.timemachine.result.emulator-5554#2026-08-17-00-09-02/ec_files/emulator-55542026-08-17-00-28-01.ec.
[INFO] Loading execution data file /home/ubuntu/tm-results2/AmazeFileManager-3.4.2-#1837-rebuilt.apk.timemachine.result.emulator-5554#2026-08-17-00-09-02/ec_files/emulator-55542026-08-17-00-28-14.ec.
[INFO] Loading execution data file /home/ubuntu/tm-results2/AmazeFileManager-3.4.2-#1837-rebuilt.apk.timemachine.result.emulator-5554#2026-08-17-00-09-02/ec_files/emulator-55542026-08-17-00-33-12.ec.
[INFO] Loading execution data file /home/ubuntu/tm-results2/AmazeFileManager-3.4.2-#1837-rebuilt.apk.timemachine.result.emulator-5554#2026-08-17-00-09-02/ec_files/emulator-55542026-08-17-00-33-26.ec.
[INFO] Loading execution data file /home/ubuntu/tm-results2/AmazeFileManager-3.4.2-#1837-rebuilt.apk.timemachine.result.emulator-5554#2026-08-17-00-09-02/ec_files/emulator-55542026-08-17-00-33-39.ec.
[INFO] Loading execution data file /home/ubuntu/tm-results2/AmazeFileManager-3.4.2-#1837-rebuilt.apk.timemachine.result.emulator-5554#2026-08-17-00-09-02/ec_files/emulator-55542026-08-17-00-39-07.ec.
[INFO] Loading execution data file /home/ubuntu/tm-results2/AmazeFileManager-3.4.2-#1837-rebuilt.apk.timemachine.result.emulator-5554#2026-08-17-00-09-02/ec_files/emulator-55542026-08-17-00-40-52.ec.
[INFO] Loading execution data file /home/ubuntu/tm-results2/AmazeFileManager-3.4.2-#1837-rebuilt.apk.timemachine.result.emulator-5554#2026-08-17-00-09-02/ec_files/emulator-55542026-08-17-00-42-04.ec.
[INFO] Loading execution data file /home/ubuntu/tm-results2/AmazeFileManager-3.4.2-#1837-rebuilt.apk.timemachine.result.emulator-5554#2026-08-17-00-09-02/ec_files/emulator-55542026-08-17-00-42-19.ec.
[INFO] Loading execution data file /home/ubuntu/tm-results2/AmazeFileManager-3.4.2-#1837-rebuilt.apk.timemachine.result.emulator-5554#2026-08-17-00-09-02/ec_files/emulator-55542026-08-17-00-42-31.ec.
[INFO] Loading execution data file /home/ubuntu/tm-results2/AmazeFileManager-3.4.2-#1837-rebuilt.apk.timemachine.result.emulator-5554#2026-08-17-00-09-02/ec_files/emulator-55542026-08-17-00-42-44.ec.
[INFO] Loading execution data file /home/ubuntu/tm-results2/AmazeFileManager-3.4.2-#1837-rebuilt.apk.timemachine.result.emulator-5554#2026-08-17-00-09-02/ec_files/emulator-55542026-08-17-00-42-58.ec.
[INFO] Loading execution data file /home/ubuntu/tm-results2/AmazeFileManager-3.4.2-#1837-rebuilt.apk.timemachine.result.emulator-5554#2026-08-17-00-09-02/ec_files/emulator-55542026-08-17-00-43-10.ec.
[INFO] Loading execution data file /home/ubuntu/tm-results2/AmazeFileManager-3.4.2-#1837-rebuilt.apk.timemachine.result.emulator-5554#2026-08-17-00-09-02/ec_files/emulator-55542026-08-17-00-43-28.ec.
[INFO] Analyzing 508 classes.
   
-----------
current jacoco line coverage rate: 0.205083712423
-----------
--coverage when the new state is triggered: 0.205083712423 current jacoco line coverage rate : 0.203911269521
===================> REWARD STATE <=====================
===================> REWARD STATE <=====================
--taking snapshot...
deque(['-583182176', '594179358', 'OOAUT', '-1752756304', '1280997375', '-308845095', '787530785', '-660314914', '925881419', '-1543633070'], maxlen=10)
Frequent nodes 
[('OOAUT', <state_graph.State instance at 0x768d7f9f7910>), ('-583182176', <state_graph.State instance at 0x768d815f9f50>), ('-307486232', <state_graph.State instance at 0x768d81cf7320>), ('925876671', <state_graph.State instance at 0x768d7f43eeb0>)]
the portion to the top 20% most frequent states: 0.2
Frequent nodes 
[('OOAUT', <state_graph.State instance at 0x768d7f9f7910>), ('-583182176', <state_graph.State instance at 0x768d815f9f50>), ('-307486232', <state_graph.State instance at 0x768d81cf7320>), ('925876671', <state_graph.State instance at 0x768d7f43eeb0>)]
--extracted id: -307486232  num_controllable_widgets: 0
--transiton occurs
--the state -307486232  exists
===================> PENALIZE STATE <=====================
deque(['594179358', 'OOAUT', '-1752756304', '1280997375', '-308845095', '787530785', '-660314914', '925881419', '-1543633070', '-307486232'], maxlen=10)
Frequent nodes 
[('OOAUT', <state_graph.State instance at 0x768d7f9f7910>), ('-583182176', <state_graph.State instance at 0x768d815f9f50>), ('-307486232', <state_graph.State instance at 0x768d81cf7320>), ('925876671', <state_graph.State instance at 0x768d7f43eeb0>)]
the portion to the top 20% most frequent states: 0.2
Frequent nodes 
[('OOAUT', <state_graph.State instance at 0x768d7f9f7910>), ('-583182176', <state_graph.State instance at 0x768d815f9f50>), ('-307486232', <state_graph.State instance at 0x768d81cf7320>), ('925876671', <state_graph.State instance at 0x768d7f43eeb0>)]
--extracted id: -583182176  num_controllable_widgets: 0
--transiton occurs
--the state -583182176  exists
===================> PENALIZE STATE <=====================
deque(['OOAUT', '-1752756304', '1280997375', '-308845095', '787530785', '-660314914', '925881419', '-1543633070', '-307486232', '-583182176'], maxlen=10)
Frequent nodes 
[('OOAUT', <state_graph.State instance at 0x768d7f9f7910>), ('-583182176', <state_graph.State instance at 0x768d815f9f50>), ('-307486232', <state_graph.State instance at 0x768d81cf7320>), ('925876671', <state_graph.State instance at 0x768d7f43eeb0>)]
the portion to the top 20% most frequent states: 0.3
Frequent nodes 
[('OOAUT', <state_graph.State instance at 0x768d7f9f7910>), ('-583182176', <state_graph.State instance at 0x768d815f9f50>), ('-307486232', <state_graph.State instance at 0x768d81cf7320>), ('925876671', <state_graph.State instance at 0x768d7f43eeb0>)]
--extracted id: -583182176  num_controllable_widgets: 0
--event num: 1
--extracted id: -583182176  num_controllable_widgets: 0
--event num: 2
--extracted id: OOAUT  num_controllable_widgets: 0
--transiton occurs
--the state OOAUT  exists
===================> PENALIZE STATE <=====================
deque(['-1752756304', '1280997375', '-308845095', '787530785', '-660314914', '925881419', '-1543633070', '-307486232', '-583182176', 'OOAUT'], maxlen=10)
Frequent nodes 
[('OOAUT', <state_graph.State instance at 0x768d7f9f7910>), ('-583182176', <state_graph.State instance at 0x768d815f9f50>), ('-307486232', <state_graph.State instance at 0x768d81cf7320>), ('925876671', <state_graph.State instance at 0x768d7f43eeb0>)]
the portion to the top 20% most frequent states: 0.3
Frequent nodes 
[('OOAUT', <state_graph.State instance at 0x768d7f9f7910>), ('-583182176', <state_graph.State instance at 0x768d815f9f50>), ('-307486232', <state_graph.State instance at 0x768d81cf7320>), ('925876671', <state_graph.State instance at 0x768d7f43eeb0>)]
--extracted id: OOAUT  num_controllable_widgets: 0
--event num: 1
--extracted id: -1543633070  num_controllable_widgets: 2
--transiton occurs
--the state -1543633070  exists
===================> PENALIZE STATE <=====================
deque(['1280997375', '-308845095', '787530785', '-660314914', '925881419', '-1543633070', '-307486232', '-583182176', 'OOAUT', '-1543633070'], maxlen=10)
Frequent nodes 
[('OOAUT', <state_graph.State instance at 0x768d7f9f7910>), ('-583182176', <state_graph.State instance at 0x768d815f9f50>), ('-307486232', <state_graph.State instance at 0x768d81cf7320>), ('925876671', <state_graph.State instance at 0x768d7f43eeb0>)]
the portion to the top 20% most frequent states: 0.444444444444
Frequent nodes 
[('OOAUT', <state_graph.State instance at 0x768d7f9f7910>), ('-583182176', <state_graph.State instance at 0x768d815f9f50>), ('-307486232', <state_graph.State instance at 0x768d81cf7320>), ('925876671', <state_graph.State instance at 0x768d7f43eeb0>)]
--extracted id: 1363148680  num_controllable_widgets: 2
--transiton occurs
--a new state is triggered and add 1363148680 into the state graph.
crash watcher is termined...
 --monkey watcher is terminated!
get_jacoco_coverage- return code:  output: ---
[COVERAGE FILE EXIST?]
---
---
[VALIDATE COVERAGE FILE]$ java -jar /home/ubuntu/TimeMachine/fuzzingandroid/libs/jacococli.jar report /home/ubuntu/tm-results2/AmazeFileManager-3.4.2-#1837-rebuilt.apk.timemachine.result.emulator-5554#2026-08-17-00-09-02/ec_files/emulator-55542026-08-17-00-43-51.ec  --classfiles /home/ubuntu/TimeMachine/instrumented_apps/AmazeFileManager/AmazeFileManager-#1837/app/build/intermediates/javac/fdroidDebug/classes/ --classfiles /home/ubuntu/TimeMachine/instrumented_apps/AmazeFileManager/AmazeFileManager-#1837/commons_compress_7z/build/intermediates/javac/debug/classes/ --sourcefiles /home/ubuntu/TimeMachine/instrumented_apps/AmazeFileManager/AmazeFileManager-#1837/app/src/main/java/ --sourcefiles /home/ubuntu/TimeMachine/instrumented_apps/AmazeFileManager/AmazeFileManager-#1837/commons_compress_7z/src/main/java/ &> temp
---
---
[VALIDATE MESSAGE]
---
SUCCESS: coverage file is valid!
[INFO] Loading execution data file /home/ubuntu/tm-results2/AmazeFileManager-3.4.2-#1837-rebuilt.apk.timemachine.result.emulator-5554#2026-08-17-00-09-02/ec_files/emulator-55542026-08-17-00-43-51.ec.
 adb: device offline
adb: device offline
adb: error: failed to get feature set: device offline
cp: cannot stat '/home/ubuntu/tm-results2/AmazeFileManager-3.4.2-#1837-rebuilt.apk.timemachine.result.emulator-5554#2026-08-17-00-09-02/ec_files/emulator-55542026-08-17-00-43-51.ec': No such file or directory
cp: cannot stat '/home/ubuntu/tm-results2/AmazeFileManager-3.4.2-#1837-rebuilt.apk.timemachine.result.emulator-5554#2026-08-17-00-09-02/ec_files/emulator-55542026-08-17-00-43-51.ec': No such file or directory
Exception in thread "main" java.io.FileNotFoundException: /home/ubuntu/tm-results2/AmazeFileManager-3.4.2-#1837-rebuilt.apk.timemachine.result.emulator-5554#2026-08-17-00-09-02/ec_files/emulator-55542026-08-17-00-43-51.ec (No such file or directory)
	at java.base/java.io.FileInputStream.open0(Native Method)
	at java.base/java.io.FileInputStream.open(FileInputStream.java:216)
	at java.base/java.io.FileInputStream.<init>(FileInputStream.java:157)
	at org.jacoco.cli.internal.core.tools.ExecFileLoader.load(ExecFileLoader.java:72)
	at org.jacoco.cli.internal.commands.Report.loadExecutionData(Report.java:99)
	at org.jacoco.cli.internal.commands.Report.execute(Report.java:83)
	at org.jacoco.cli.internal.Main.execute(Main.java:90)
	at org.jacoco.cli.internal.Main.main(Main.java:105)
 
compute_coverage-return code:  output: /home/ubuntu/tm-results2/AmazeFileManager-3.4.2-#1837-rebuilt.apk.timemachine.result.emulator-5554#2026-08-17-00-09-02/ec_files/coveragetemp.ec /home/ubuntu/tm-results2/AmazeFileManager-3.4.2-#1837-rebuilt.apk.timemachine.result.emulator-5554#2026-08-17-00-09-02/ec_files/emulator-55542026-08-17-00-19-58.ec /home/ubuntu/tm-results2/AmazeFileManager-3.4.2-#1837-rebuilt.apk.timemachine.result.emulator-5554#2026-08-17-00-09-02/ec_files/emulator-55542026-08-17-00-20-21.ec /home/ubuntu/tm-results2/AmazeFileManager-3.4.2-#1837-rebuilt.apk.timemachine.result.emulator-5554#2026-08-17-00-09-02/ec_files/emulator-55542026-08-17-00-21-39.ec /home/ubuntu/tm-results2/AmazeFileManager-3.4.2-#1837-rebuilt.apk.timemachine.result.emulator-5554#2026-08-17-00-09-02/ec_files/emulator-55542026-08-17-00-21-55.ec /home/ubuntu/tm-results2/AmazeFileManager-3.4.2-#1837-rebuilt.apk.timemachine.result.emulator-5554#2026-08-17-00-09-02/ec_files/emulator-55542026-08-17-00-22-12.ec /home/ubuntu/tm-results2/AmazeFileManager-3.4.2-#1837-rebuilt.apk.timemachine.result.emulator-5554#2026-08-17-00-09-02/ec_files/emulator-55542026-08-17-00-22-35.ec /home/ubuntu/tm-results2/AmazeFileManager-3.4.2-#1837-rebuilt.apk.timemachine.result.emulator-5554#2026-08-17-00-09-02/ec_files/emulator-55542026-08-17-00-27-32.ec /home/ubuntu/tm-results2/AmazeFileManager-3.4.2-#1837-rebuilt.apk.timemachine.result.emulator-5554#2026-08-17-00-09-02/ec_files/emulator-55542026-08-17-00-27-49.ec /home/ubuntu/tm-results2/AmazeFileManager-3.4.2-#1837-rebuilt.apk.timemachine.result.emulator-5554#2026-08-17-00-09-02/ec_files/emulator-55542026-08-17-00-28-01.ec /home/ubuntu/tm-results2/AmazeFileManager-3.4.2-#1837-rebuilt.apk.timemachine.result.emulator-5554#2026-08-17-00-09-02/ec_files/emulator-55542026-08-17-00-28-14.ec /home/ubuntu/tm-results2/AmazeFileManager-3.4.2-#1837-rebuilt.apk.timemachine.result.emulator-5554#2026-08-17-00-09-02/ec_files/emulator-55542026-08-17-00-33-12.ec /home/ubuntu/tm-results2/AmazeFileManager-3.4.2-#1837-rebuilt.apk.timemachine.result.emulator-5554#2026-08-17-00-09-02/ec_files/emulator-55542026-08-17-00-33-26.ec /home/ubuntu/tm-results2/AmazeFileManager-3.4.2-#1837-rebuilt.apk.timemachine.result.emulator-5554#2026-08-17-00-09-02/ec_files/emulator-55542026-08-17-00-33-39.ec /home/ubuntu/tm-results2/AmazeFileManager-3.4.2-#1837-rebuilt.apk.timemachine.result.emulator-5554#2026-08-17-00-09-02/ec_files/emulator-55542026-08-17-00-39-07.ec /home/ubuntu/tm-results2/AmazeFileManager-3.4.2-#1837-rebuilt.apk.timemachine.result.emulator-5554#2026-08-17-00-09-02/ec_files/emulator-55542026-08-17-00-40-52.ec /home/ubuntu/tm-results2/AmazeFileManager-3.4.2-#1837-rebuilt.apk.timemachine.result.emulator-5554#2026-08-17-00-09-02/ec_files/emulator-55542026-08-17-00-42-04.ec /home/ubuntu/tm-results2/AmazeFileManager-3.4.2-#1837-rebuilt.apk.timemachine.result.emulator-5554#2026-08-17-00-09-02/ec_files/emulator-55542026-08-17-00-42-19.ec /home/ubuntu/tm-results2/AmazeFileManager-3.4.2-#1837-rebuilt.apk.timemachine.result.emulator-5554#2026-08-17-00-09-02/ec_files/emulator-55542026-08-17-00-42-31.ec /home/ubuntu/tm-results2/AmazeFileManager-3.4.2-#1837-rebuilt.apk.timemachine.result.emulator-5554#2026-08-17-00-09-02/ec_files/emulator-55542026-08-17-00-42-44.ec /home/ubuntu/tm-results2/AmazeFileManager-3.4.2-#1837-rebuilt.apk.timemachine.result.emulator-5554#2026-08-17-00-09-02/ec_files/emulator-55542026-08-17-00-42-58.ec /home/ubuntu/tm-results2/AmazeFileManager-3.4.2-#1837-rebuilt.apk.timemachine.result.emulator-5554#2026-08-17-00-09-02/ec_files/emulator-55542026-08-17-00-43-10.ec /home/ubuntu/tm-results2/AmazeFileManager-3.4.2-#1837-rebuilt.apk.timemachine.result.emulator-5554#2026-08-17-00-09-02/ec_files/emulator-55542026-08-17-00-43-28.ec
[INFO] Loading execution data file /home/ubuntu/tm-results2/AmazeFileManager-3.4.2-#1837-rebuilt.apk.timemachine.result.emulator-5554#2026-08-17-00-09-02/ec_files/coveragetemp.ec.
[INFO] Loading execution data file /home/ubuntu/tm-results2/AmazeFileManager-3.4.2-#1837-rebuilt.apk.timemachine.result.emulator-5554#2026-08-17-00-09-02/ec_files/emulator-55542026-08-17-00-19-58.ec.
[INFO] Loading execution data file /home/ubuntu/tm-results2/AmazeFileManager-3.4.2-#1837-rebuilt.apk.timemachine.result.emulator-5554#2026-08-17-00-09-02/ec_files/emulator-55542026-08-17-00-20-21.ec.
[INFO] Loading execution data file /home/ubuntu/tm-results2/AmazeFileManager-3.4.2-#1837-rebuilt.apk.timemachine.result.emulator-5554#2026-08-17-00-09-02/ec_files/emulator-55542026-08-17-00-21-39.ec.
[INFO] Loading execution data file /home/ubuntu/tm-results2/AmazeFileManager-3.4.2-#1837-rebuilt.apk.timemachine.result.emulator-5554#2026-08-17-00-09-02/ec_files/emulator-55542026-08-17-00-21-55.ec.
[INFO] Loading execution data file /home/ubuntu/tm-results2/AmazeFileManager-3.4.2-#1837-rebuilt.apk.timemachine.result.emulator-5554#2026-08-17-00-09-02/ec_files/emulator-55542026-08-17-00-22-12.ec.
[INFO] Loading execution data file /home/ubuntu/tm-results2/AmazeFileManager-3.4.2-#1837-rebuilt.apk.timemachine.result.emulator-5554#2026-08-17-00-09-02/ec_files/emulator-55542026-08-17-00-22-35.ec.
[INFO] Loading execution data file /home/ubuntu/tm-results2/AmazeFileManager-3.4.2-#1837-rebuilt.apk.timemachine.result.emulator-5554#2026-08-17-00-09-02/ec_files/emulator-55542026-08-17-00-27-32.ec.
[INFO] Loading execution data file /home/ubuntu/tm-results2/AmazeFileManager-3.4.2-#1837-rebuilt.apk.timemachine.result.emulator-5554#2026-08-17-00-09-02/ec_files/emulator-55542026-08-17-00-27-49.ec.
[INFO] Loading execution data file /home/ubuntu/tm-results2/AmazeFileManager-3.4.2-#1837-rebuilt.apk.timemachine.result.emulator-5554#2026-08-17-00-09-02/ec_files/emulator-55542026-08-17-00-28-01.ec.
[INFO] Loading execution data file /home/ubuntu/tm-results2/AmazeFileManager-3.4.2-#1837-rebuilt.apk.timemachine.result.emulator-5554#2026-08-17-00-09-02/ec_files/emulator-55542026-08-17-00-28-14.ec.
[INFO] Loading execution data file /home/ubuntu/tm-results2/AmazeFileManager-3.4.2-#1837-rebuilt.apk.timemachine.result.emulator-5554#2026-08-17-00-09-02/ec_files/emulator-55542026-08-17-00-33-12.ec.
[INFO] Loading execution data file /home/ubuntu/tm-results2/AmazeFileManager-3.4.2-#1837-rebuilt.apk.timemachine.result.emulator-5554#2026-08-17-00-09-02/ec_files/emulator-55542026-08-17-00-33-26.ec.
[INFO] Loading execution data file /home/ubuntu/tm-results2/AmazeFileManager-3.4.2-#1837-rebuilt.apk.timemachine.result.emulator-5554#2026-08-17-00-09-02/ec_files/emulator-55542026-08-17-00-33-39.ec.
[INFO] Loading execution data file /home/ubuntu/tm-results2/AmazeFileManager-3.4.2-#1837-rebuilt.apk.timemachine.result.emulator-5554#2026-08-17-00-09-02/ec_files/emulator-55542026-08-17-00-39-07.ec.
[INFO] Loading execution data file /home/ubuntu/tm-results2/AmazeFileManager-3.4.2-#1837-rebuilt.apk.timemachine.result.emulator-5554#2026-08-17-00-09-02/ec_files/emulator-55542026-08-17-00-40-52.ec.
[INFO] Loading execution data file /home/ubuntu/tm-results2/AmazeFileManager-3.4.2-#1837-rebuilt.apk.timemachine.result.emulator-5554#2026-08-17-00-09-02/ec_files/emulator-55542026-08-17-00-42-04.ec.
[INFO] Loading execution data file /home/ubuntu/tm-results2/AmazeFileManager-3.4.2-#1837-rebuilt.apk.timemachine.result.emulator-5554#2026-08-17-00-09-02/ec_files/emulator-55542026-08-17-00-42-19.ec.
[INFO] Loading execution data file /home/ubuntu/tm-results2/AmazeFileManager-3.4.2-#1837-rebuilt.apk.timemachine.result.emulator-5554#2026-08-17-00-09-02/ec_files/emulator-55542026-08-17-00-42-31.ec.
[INFO] Loading execution data file /home/ubuntu/tm-results2/AmazeFileManager-3.4.2-#1837-rebuilt.apk.timemachine.result.emulator-5554#2026-08-17-00-09-02/ec_files/emulator-55542026-08-17-00-42-44.ec.
[INFO] Loading execution data file /home/ubuntu/tm-results2/AmazeFileManager-3.4.2-#1837-rebuilt.apk.timemachine.result.emulator-5554#2026-08-17-00-09-02/ec_files/emulator-55542026-08-17-00-42-58.ec.
[INFO] Loading execution data file /home/ubuntu/tm-results2/AmazeFileManager-3.4.2-#1837-rebuilt.apk.timemachine.result.emulator-5554#2026-08-17-00-09-02/ec_files/emulator-55542026-08-17-00-43-10.ec.
[INFO] Loading execution data file /home/ubuntu/tm-results2/AmazeFileManage