class_id,class_name,probes_hit,probes_total,pct
e8b065122ca756de,androidx/compose/runtime/ComposerImpl,770,1592,48.37
f0226f43d030a81f,com/omelan/cofi/share/model/PrepopulateData,420,421,99.76
20ba6a10561716a5,androidx/compose/ui/node/LayoutNode,413,1174,35.18
27ee95436663f55d,androidx/compose/material3/AppBarKt,387,1784,21.69
a00332a6f0feaf1b,androidx/compose/ui/node/NodeCoordinator,354,1023,34.6
200f5bddb50a2b98,androidx/compose/runtime/CompositionImpl,328,1004,32.67
1fa8080d60ff6b60,androidx/navigation/NavController,325,1494,21.75
56041f71dca7269d,androidx/compose/ui/platform/AndroidComposeView,317,1265,25.06
288d69cb4e7a5eee,kotlinx/coroutines/channels/BufferedChannel,313,1703,18.38
e6ebe2db5aad98ec,androidx/compose/runtime/SlotWriter,299,1110,26.94
a9646607e397df61,kotlinx/coroutines/JobSupport,296,755,39.21
b0eb92a4deed654f,androidx/compose/runtime/snapshots/SnapshotKt,275,422,65.17
d1cbe0a7aa737ce6,androidx/compose/ui/node/LayoutNodeLayoutDelegate$MeasurePassDelegate,274,497,55.13
adf6bef78ba68364,androidx/fragment/app/FragmentManager,255,1386,18.4
c439c1f0fa893d27,androidx/navigation/compose/NavHostKt,254,964,26.35
00dc83d5ecb5b7ae,androidx/compose/runtime/Recomposer,221,690,32.03
d34e1d30619e6a9f,androidx/compose/animation/AnimatedVisibilityKt,220,702,31.34
8fb0281449d47662,androidx/appcompat/app/AppCompatDelegateImpl,197,1299,15.17
219661cb3b3480c8,androidx/compose/animation/EnterExitTransitionKt,193,474,40.72
1bf8e2a0ef6db2af,androidx/compose/ui/text/TextStyle,186,1399,13.3
32867ac1c109c890,androidx/compose/material3/SwipeToDismissBoxKt,175,237,73.84
b342d9a8e6b40062,com/omelan/cofi/components/RecipeInfoKt,173,333,51.95
4425fa948261b5f3,androidx/compose/ui/node/NodeKindKt,170,268,63.43
2012707d4ebb6541,androidx/compose/ui/focus/FocusInvalidationManager,169,286,59.09
e183b5a4fb561280,androidx/compose/runtime/snapshots/SnapshotIdSet,167,322,51.86
d9a7e0c4f4acb0c3,androidx/compose/runtime/snapshots/MutableSnapshot,164,379,43.27
813593c2e80c5b52,androidx/compose/foundation/lazy/layout/LazyLayoutItemAnimator,160,381,41.99
52e7bfc5bb07469d,kotlinx/coroutines/flow/SharedFlowImpl,159,362,43.92
93a93bd4bce1829c,androidx/compose/ui/node/MeasureAndLayoutDelegate,159,559,28.44
c559b0d472678369,androidx/compose/runtime/snapshots/SnapshotStateObserver$ObservedScopeMap,155,439,35.31
27d509b71fa9efbf,androidx/compose/material3/DynamicTonalPaletteKt,155,272,56.99
5aa3674f80157933,androidx/compose/material3/tokens/TypeScaleTokens,154,154,100.0
bd873f5fd6b57f1d,androidx/compose/ui/graphics/vector/PathParserKt,153,166,92.17
1fbc3bd57fc9e6be,androidx/compose/runtime/external/kotlinx/collections/immutable/implementations/immutableMap/TrieNode,149,469,31.77
6c19974fa3a99f43,kotlinx/coroutines/CancellableContinuationImpl,143,382,37.43
c0729722f2054c90,androidx/compose/ui/platform/AndroidCompositionLocals_androidKt,141,181,77.9
ea47e92ee7c4c514,androidx/compose/runtime/changelist/ChangeList,133,1121,11.86
82ec071369752d95,androidx/compose/material3/tokens/PaletteTokens,130,184,70.65
f23e2a100e531e94,androidx/compose/ui/platform/RenderNodeLayer,129,248,52.02
fbb0b71df58c981a,androidx/compose/animation/AnimatedContentKt,127,255,49.8
c6d89052a90d631b,androidx/compose/foundation/lazy/grid/LazyGridMeasureKt,127,300,42.33
2c18a2635c3e2d8f,androidx/compose/ui/node/NodeChain,127,613,20.72
4c6cc4d545154199,androidx/compose/runtime/SlotReader,126,227,55.51
e27257f6abfb86e1,androidx/compose/material3/tokens/TypographyTokens,122,122,100.0
4e835ebe595cd7c0,androidx/compose/runtime/RecomposeScopeImpl,122,202,60.4
42bf690aa3973072,androidx/compose/material3/ScaffoldKt,120,196,61.22
304d9f576f1b6f43,com/google/android/gms/common/api/internal/GoogleApiManager,117,282,41.49
3da428d6645e1ebe,androidx/compose/ui/graphics/drawscope/CanvasDrawScope,117,258,45.35
35fd151f7b0cc9da,androidx/compose/runtime/Recomposer$runRecomposeAndApplyChanges$2$1,117,183,63.93
d080f05598867cc3,androidx/room/InvalidationTracker,116,216,53.7
f6304eb7c74f6ac4,kotlinx/coroutines/scheduling/CoroutineScheduler$Worker,116,197,58.88
f4bfbb477abae1f5,androidx/compose/material3/FloatingActionButtonKt,115,475,24.21
a31df95a90983457,kotlinx/coroutines/scheduling/CoroutineScheduler,114,310,36.77
8e6fe0a26c87f337,androidx/navigation/NavDestination,113,327,34.56
8255b15f2bce3997,androidx/compose/ui/graphics/ColorKt,111,221,50.23
11b6626652ad0223,androidx/compose/runtime/SlotTableKt,109,225,48.44
ce8f41aa745e869a,androidx/compose/ui/node/BackwardsCompatNode,108,280,38.57
584ba2223ce7ceab,androidx/compose/foundation/lazy/LazyListMeasureKt,106,387,27.39
c5a33f759c079148,androidx/collection/MutableScatterSet,105,271,38.75
6d41c2c67dbfeff5,okio/Buffer,105,923,11.38
5a8ca0da7d33b126,androidx/lifecycle/LifecycleRegistry,104,149,69.8
2e1b350a1c52f02c,com/omelan/cofi/components/RecipeItemKt$RecipeItem$2,102,111,91.89
e7352758095f0435,androidx/compose/ui/layout/Placeable$PlacementScope,101,236,42.8
95b489a3a8d1c38a,androidx/compose/ui/text/SpanStyleKt,101,241,41.91
91135138be3ac7b7,androidx/compose/runtime/DerivedSnapshotState,100,146,68.49
220447c28a04603d,androidx/compose/ui/layout/LayoutNodeSubcompositionsState,99,344,28.78
8a47902f03089319,androidx/navigation/NavDeepLink,98,330,29.7
c3fd7e8536ebe4ea,androidx/compose/foundation/lazy/LazyListKt,98,203,48.28
7e5cb2db46ac7298,androidx/compose/ui/graphics/vector/compat/XmlVectorParser_androidKt,96,189,50.79
9f0dac7d7693116b,androidx/compose/ui/draw/PainterNode,95,186,51.08
37259161868c1967,androidx/room/RoomDatabase,95,230,41.3
77e04e69ace4b7ea,androidx/compose/animation/core/TransitionKt,94,376,25.0
89bd3bad1ea0ff91,androidx/compose/foundation/layout/WindowInsetsHolder,94,133,70.68
f2f2c805aa80905e,androidx/compose/ui/graphics/ReusableGraphicsLayerScope,93,123,75.61
65c9f54b916697c7,androidx/compose/material3/TextKt,93,621,14.98
72104fc7ae7c600f,androidx/compose/foundation/lazy/grid/LazyGridKt,91,181,50.28
ca937b2e252443d4,androidx/compose/material3/IconKt,91,260,35.0
d019950ac4a0879e,androidx/compose/material3/ColorSchemeKt,90,500,18.0
414d33038ae97550,androidx/compose/material3/ScaffoldKt$ScaffoldLayout$1$1,88,178,49.44
35e447be07ab860e,com/omelan/cofi/pages/list/RecipeListKt,87,129,67.44
2759aeaa24f1d615,androidx/fragment/app/Fragment,86,745,11.54
1d5ecbceb7cd9972,dev/kdrag0n/monet/theme/SystemColorScheme,85,95,89.47
5188bed8061b31ef,androidx/compose/runtime/EffectsKt,85,193,44.04
7d43f0ff09f06896,androidx/compose/ui/graphics/vector/PathNodeKt,84,117,71.79
fb6475a7106a0ce5,androidx/compose/ui/focus/FocusEventModifierNodeKt,83,154,53.9
eee4109d0a0eb53f,com/omelan/cofi/components/ListInfoBoxKt$RecipeListInfoBox$1$1,82,91,90.11
3812829a10f425c4,androidx/collection/MutableScatterMap,82,243,33.74
73a4a91696ca2b41,androidx/compose/ui/graphics/layer/GraphicsLayer,81,420,19.29
a8f7e451b08ac36b,androidx/compose/ui/node/DelegatingNode,81,194,41.75
038c58b452b7ec70,kotlin/jvm/internal/ClassReference,79,121,65.29
30c1f2a17f1311bb,androidx/compose/ui/node/LayoutNodeDrawScope,79,159,49.69
790f81a08da13881,androidx/compose/runtime/ComposerKt,79,290,27.24
c8f8dc6bc7b96ae5,com/google/android/gms/common/api/internal/zabq,79,328,24.09
0f49f1a1d52e48cb,androidx/compose/ui/layout/SubcomposeLayoutKt,78,107,72.9
5e56e8ef49377aed,androidx/compose/runtime/snapshots/Snapshot$Companion,78,181,43.09
72ddb76e679f4563,androidx/compose/runtime/snapshots/SnapshotStateList,77,587,13.12
8e07c51fe2659f52,androidx/navigation/compose/DialogHostKt,77,125,61.6
502566e7128fe316,androidx/compose/runtime/DerivedSnapshotState$ResultRecord,76,96,79.17
0a1f94c30ca7da8f,androidx/compose/ui/graphics/Color,76,132,57.58
4b9116e4f8abec2a,androidx/navigation/NavGraph,76,212,35.85
df27e4653154534f,com/omelan/cofi/components/PipAwareAppBarKt,76,188,40.43
87542d675ca9572a,androidx/compose/material3/AppBarKt$TwoRowsTopAppBar$6,75,85,88.24
56df69341f5efb48,androidx/compose/ui/graphics/colorspace/Rgb,75,192,39.06
8efce3a0d7f81c68,androidx/activity/ComponentActivity,74,296,25.0
44db88589f27d23b,androidx/compose/foundation/layout/BoxKt,73,154,47.4
9a66606b4091cf82,kotlin/collections/ArrayDeque,73,327,22.32
c27573b728fe8106,androidx/compose/runtime/changelist/ComposerChangeListWriter,73,194,37.63
b2c9201706764cea,androidx/datastore/core/DataStoreImpl,72,237,30.38
52293e997ff7abae,androidx/compose/ui/text/android/TextLayout,72,305,23.61
224d020298aec18f,androidx/collection/ArraySet,72,239,30.13
eece5146b6c1f4ce,com/omelan/cofi/pages/list/RecipeListHeaderInfoKt,72,107,67.29
7a67f9d6666cdcae,androidx/compose/foundation/lazy/grid/LazyGridDslKt,70,378,18.52
132a67211694dcf3,androidx/compose/material3/IconButtonKt,70,682,10.26
0b7e12e61441a576,androidx/compose/runtime/snapshots/SnapshotStateObserver,69,172,40.12
ca7335530eeafa3b,androidx/compose/runtime/changelist/Operations,68,221,30.77
61c96b6a32eaf7b2,androidx/compose/ui/graphics/layer/GraphicsLayerV29,68,164,41.46
45350c2ecb5e966d,androidx/compose/ui/graphics/vector/VectorPainterKt,68,299,22.74
8fede959487f34b3,androidx/fragment/app/FragmentStateManager,67,410,16.34
f1f626a95721a2ac,androidx/compose/material3/SurfaceKt,66,169,39.05
b06a92bdbf760d77,androidx/compose/ui/text/AndroidParagraph,66,235,28.09
de140478af66c082,androidx/compose/animation/AnimatedContentKt$AnimatedContent$6$1,66,74,89.19
dffcbb8f5d3c4e62,androidx/compose/foundation/text/BasicTextKt,66,878,7.52
ff8ecdb844aba89c,androidx/compose/ui/platform/OutlineResolver,65,146,44.52
276eeda4cace1e71,androidx/compose/ui/focus/FocusTargetNode,65,346,18.79
69033a0247c9598d,androidx/collection/MutableObjectIntMap,64,170,37.65
b0aa9e31de425d4a,androidx/compose/foundation/lazy/LazyListMeasuredItem,64,151,42.38
02f72c5ea4bc92b1,androidx/compose/material3/internal/AnchoredDraggableState,64,220,29.09
c6a583fdbb361a76,androidx/compose/runtime/CompositionImpl$RememberEventDispatcher,63,136,46.32
e3d1e04855b7b17b,androidx/compose/foundation/lazy/grid/LazyGridMeasuredItem,63,133,47.37
d8729c6816af5f75,androidx/compose/ui/platform/CompositionLocalsKt,62,95,65.26
be30d0b811010f4d,androidx/compose/material/icons/rounded/SettingsKt,62,62,100.0
72a51c7b2e989dbe,androidx/compose/ui/graphics/vector/GroupComponent,62,152,40.79
3dcb2d41b7b54720,androidx/compose/ui/text/SpanStyle,61,511,11.94
acdba213c73b0d4f,androidx/lifecycle/LiveData,61,98,62.24
91571cfc1318fbe0,androidx/compose/ui/platform/WindowRecomposer_androidKt,61,89,68.54
272ba0f217cc5738,androidx/compose/ui/platform/AbstractComposeView,61,145,42.07
89859d61fc3083da,androidx/compose/runtime/saveable/SaveableStateHolderImpl,61,82,74.39
66f882bee85961c9,kotlin/collections/CollectionsKt___CollectionsKt,61,1799,3.39
223b9b763d77d3c4,androidx/navigation/NavBackStackEntry,61,134,45.52
63724b760f68943d,androidx/startup/AppInitializer,60,86,69.77
11d5710dd7c50b2f,kotlinx/coroutines/flow/StateFlowImpl,60,93,64.52
9d497991affa2f7c,kotlin/text/StringsKt__StringsKt,59,909,6.49
dfc72cff2955bffd,androidx/compose/ui/graphics/colorspace/Rgb$Companion,59,82,71.95
365ec943abb2dbda,androidx/compose/foundation/lazy/LazyListState,59,207,28.5
ad3bc822b3f10908,androidx/compose/material3/FloatingActionButtonElevation,59,83,71.08
c4d6935d8e9efc2c,androidx/compose/animation/core/Animatable,58,143,40.56
374e9446d53bfccf,androidx/compose/runtime/internal/ComposableLambdaImpl,58,274,21.17
5e96a2545085a020,kotlinx/coroutines/scheduling/WorkQueue,58,121,47.93
355df990ae974d64,androidx/core/content/res/ColorStateListInflaterCompat,58,96,60.42
887fddeb09a51a9a,androidx/compose/ui/semantics/SemanticsProperties,57,71,80.28
841daa9d4d6bc544,androidx/work/impl/model/WorkSpecDao_Impl,57,1511,3.77
adc0c6418d20dd26,androidx/compose/foundation/lazy/LazyListKt$rememberLazyListMeasurePolicy$1$1,57,93,61.29
e5e8d05c24113431,androidx/fragment/app/FragmentStore,56,209,26.79
d3d831fa56b2d921,androidx/compose/animation/core/Transition,56,348,16.09
fc9ea3fbe0723046,androidx/appcompat/widget/ResourceManagerInternal,56,221,25.34
d4cce0a9f2550646,androidx/compose/material3/FloatingActionButtonKt$ExtendedFloatingActionButton$3,55,66,83.33
d029dbd616fd91c7,androidx/compose/ui/text/platform/extensions/TextPaintExtensions_androidKt,55,125,44.0
00b5b77cf970a1e3,com/kieronquinn/monetcompat/core/MonetCompat,55,328,16.77
3a9f48e8480a6f06,androidx/compose/foundation/lazy/grid/LazyGridKt$rememberLazyGridMeasurePolicy$1$1,55,85,64.71
9e4691c399464d24,androidx/compose/ui/node/LayoutNodeLayoutDelegate,55,182,30.22
be3806db1a178057,androidx/compose/foundation/text/modifiers/TextStringSimpleNode,54,189,28.57
a66413744b54f779,androidx/compose/ui/graphics/vector/ImageVector$Builder,54,114,47.37
c67c583c57d987a4,androidx/compose/ui/node/AlignmentLines,54,89,60.67
749bc98d0dd81f24,androidx/compose/foundation/layout/SizeKt,54,221,24.43
5e55c17844eab376,com/omelan/cofi/utils/WearUtils,53,79,67.09
8ff21dc0a4d7e420,kotlinx/coroutines/internal/LockFreeLinkedListNode,53,107,49.53
b037587592814076,androidx/compose/material3/tokens/ColorLightTokens,53,97,54.64
ee0a126ca615de3e,androidx/compose/ui/graphics/colorspace/ColorSpaceKt,52,104,50.0
82282b9b025e62ca,androidx/compose/runtime/collection/MutableVector,52,382,13.61
bb145204df1f1ffe,androidx/compose/ui/platform/AndroidUiDispatcher,52,67,77.61
66718352e3760ceb,com/google/android/gms/common/api/GoogleApi,52,98,53.06
6b34c16c1a229e79,androidx/compose/ui/text/ParagraphStyleKt,52,113,46.02
63ac611de3dace11,androidx/compose/ui/graphics/drawscope/DrawScope,52,371,14.02
e6178db391b74e3b,androidx/compose/animation/AnimatedContentTransitionScopeImpl,52,109,47.71
765c29fad5af5ef6,androidx/compose/ui/node/InnerNodeCoordinator,52,109,47.71
de92d335bb3f0034,androidx/activity/compose/PredictiveBackHandlerKt,52,67,77.61
0a0061c647ccfbbe,androidx/compose/foundation/lazy/grid/LazyGridState,52,219,23.74
e8088d2a5cf021c6,androidx/compose/foundation/layout/Arrangement,52,117,44.44
371b1806b8f4d4c2,androidx/compose/runtime/BroadcastFrameClock,51,85,60.0
8cb97c82fde12a87,androidx/compose/material3/tokens/ColorSchemeKeyTokens,51,52,98.08
30138105fabf81ec,androidx/compose/ui/graphics/vector/PathComponent,51,88,57.95
0e7d3986aa543195,androidx/compose/ui/semantics/SemanticsPropertiesKt,51,293,17.41
0631545ded9d539d,kotlinx/coroutines/sync/SemaphoreImpl,51,166,30.72
d933162b7f86b1d2,androidx/compose/ui/graphics/vector/FastFloatParserKt,50,177,28.25
344a2b0eda37e9f7,androidx/compose/animation/core/SuspendAnimationKt,50,150,33.33
94db87c20d9ddd24,androidx/compose/runtime/collection/ScopeMap,49,165,29.7
d6e995ddeca90b5f,androidx/compose/runtime/saveable/RememberSaveableKt,49,92,53.26
d192cd176ba9500e,androidx/compose/ui/graphics/colorspace/ColorSpaces,49,81,60.49
6e292299ae012bc2,androidx/compose/material3/SurfaceKt$Surface$2,49,55,89.09
53899100941f3cc8,androidx/compose/animation/core/VectorizedFloatAnimationSpec,49,60,81.67
81d660a0bcf99b45,androidx/collection/MutableIntObjectMap,48,175,27.43
ab1c62e66c022242,androidx/compose/ui/platform/AndroidComposeViewAccessibilityDelegateCompat,48,1935,2.48
edd0c157234c2822,androidx/compose/ui/unit/Constraints,48,96,50.0
a0ab5316d1bac995,androidx/emoji2/text/EmojiCompat,48,165,29.09
1654bd032df4ff47,androidx/compose/material3/SurfaceKt$Surface$1,48,54,88.89
2932169571bdd2dd,kotlinx/coroutines/channels/BufferedChannelKt,48,71,67.61
18ed2b31bfb74517,androidx/compose/ui/text/platform/extensions/SpannableExtensions_androidKt,47,263,17.87
f07496c69d77df0b,androidx/compose/ui/graphics/colorspace/Lab,46,110,41.82
ea14d3af57d78179,com/omelan/cofi/MainActivity,46,83,55.42
822ee005c46b967b,androidx/compose/animation/core/SpringEstimationKt,46,151,30.46
c23e26d64302e25c,androidx/compose/runtime/snapshots/TransparentObserverMutableSnapshot,45,62,72.58
5dd154b392d57d8c,androidx/compose/material3/MaterialThemeKt,45,79,56.96
bbcd523d9a1f5555,androidx/compose/runtime/changelist/FixupList,45,169,26.63
ef29d111e0aff575,androidx/work/impl/WorkDatabase_Impl,45,122,36.89
a1f48ed2a874d3fa,androidx/compose/ui/unit/ConstraintsKt,45,105,42.86
a61cd180c7f90c8d,androidx/compose/material3/FloatingActionButtonKt$FloatingActionButton$2$1,45,50,90.0
612ee8d2894082ac,androidx/room/RoomDatabase$Builder,44,118,37.29
2e0a8d10802125a8,com/omelan/cofi/components/RecipeItemKt,44,90,48.89
af577e0ff61e8047,androidx/work/impl/utils/ForceStopRunnable,44,128,34.38
5732940ff29602cb,com/omelan/cofi/components/RecipeItemKt$RecipeListItemBackground$1,44,49,89.8
032ae467dc588c7d,androidx/compose/ui/graphics/AndroidCanvas,44,145,30.34
4d6e164bdf4dbf27,androidx/compose/runtime/SnapshotStateKt__ProduceStateKt,44,125,35.2
73a08ce3f87dd99b,androidx/compose/foundation/layout/PaddingKt,44,76,57.89
a63f56da5362c8cf,androidx/compose/foundation/lazy/layout/LazyLayoutKt$LazyLayout$3,43,50,86.0
a72975fcb2c5eb5b,androidx/compose/ui/graphics/vector/VectorComponent,43,74,58.11
eb5b80220e094873,androidx/compose/ui/platform/GraphicsLayerOwnerLayer,43,100,43.0
f9bfcfcd7d005e95,androidx/compose/foundation/lazy/layout/LazySaveableStateHolder,43,59,72.88
d94909f4672d2c73,kotlinx/coroutines/internal/LockFreeTaskQueueCore,43,111,38.74
25ebe3e50d01d52c,kotlin/collections/ArraysKt___ArraysJvmKt,43,1103,3.9
6e4e00b01be0b36a,kotlinx/coroutines/internal/DispatchedContinuation,42,186,22.58
b6d4e7b44ef0f3ab,androidx/compose/material3/FloatingActionButtonKt$ExtendedFloatingActionButton$3$1$1,42,47,89.36
34dac369a959cb3a,androidx/compose/foundation/layout/BoxMeasurePolicy,42,63,66.67
1c550819e770bb8e,androidx/sqlite/db/framework/FrameworkSQLiteOpenHelper$OpenHelper,41,110,37.27
c01a71df88f6b5d0,androidx/compose/ui/node/LayoutModifierNodeCoordinator,41,147,27.89
a2143f629c35f9c5,kotlinx/coroutines/internal/LimitedDispatcher,41,63,65.08
b8203d4c9b5bdb76,androidx/compose/material3/Typography,40,156,25.64
6def4cff0f73a464,androidx/compose/foundation/lazy/layout/LazyLayoutItemAnimation,40,119,33.61
90b56d9f188c5719,androidx/compose/runtime/SlotTable,40,503,7.95
1b84a7d5a45e8b33,androidx/compose/ui/graphics/BlendMode,40,105,38.1
b913535fb76605b6,androidx/compose/ui/Modifier$Node,40,93,43.01
f44044a45de8106b,kotlinx/coroutines/DispatchedTaskKt,40,88,45.45
513975496b724ff3,androidx/compose/material3/AppBarKt$TwoRowsTopAppBar$actionsRow$1,39,45,86.67
a8a770fda808b6ed,okio/internal/-Path,39,327,11.93
99ba55ff24d9b849,kotlinx/coroutines/channels/BufferedChannel$BufferedChannelIterator,39,130,30.0
1712f09c3201e469,androidx/compose/material3/TopAppBarDefaults,39,229,17.03
4dc7d02490a91f7f,androidx/compose/material3/tokens/ShapeTokens,39,45,86.67
ea970f106ee95cf0,androidx/compose/foundation/text/modifiers/ParagraphLayoutCache,39,130,30.0
91dfb4c40af73733,kotlinx/coroutines/DispatchedTask,39,90,43.33
2398879442358530,androidx/collection/ScatterMap,38,376,10.11
14918843ecc773c1,kotlin/collections/builders/MapBuilder,38,252,15.08
25dff0c85a52610f,androidx/navigation/compose/NavBackStackEntryProviderKt,38,56,67.86
7d293403aa0e92f2,androidx/compose/ui/graphics/colorspace/Oklab,38,71,53.52
17cff7e76438586e,androidx/compose/ui/node/DelegatableNodeKt,38,881,4.31
5389dd1c3a00e853,androidx/compose/material3/ColorSchemeKt$WhenMappings,38,74,51.35
878b8382543c6e71,androidx/compose/foundation/lazy/layout/LazyLayoutPinnableItemKt,38,52,73.08
10b2b0308852678b,com/omelan/cofi/utils/PaddingUtilsKt,37,54,68.52
cd35880b66ead38e,androidx/compose/foundation/AbstractClickableNode,37,185,20.0
b49668de4d9ea3dc,androidx/compose/foundation/layout/WindowInsetsHolder$Companion,36,45,80.0
16e8f06b613755eb,androidx/compose/animation/SizeAnimationModifierNode,36,62,58.06
8a30621575b54bb2,androidx/compose/runtime/internal/ComposableLambdaKt,36,42,85.71
896b8f174361123c,androidx/compose/runtime/snapshots/NestedMutableSnapshot,36,50,72.0
a881dc1711811234,androidx/compose/foundation/lazy/LazyDslKt,36,484,7.44
c51492f1360c9cba,androidx/compose/foundation/lazy/layout/MutableIntervalList,36,48,75.0
f7d3638b5956689c,com/google/android/gms/common/api/internal/zzd,35,82,42.68
1ea911773b60712a,androidx/compose/runtime/SnapshotStateKt__SnapshotFlowKt,35,50,70.0
ecf03d8bc1dc64f9,kotlinx/coroutines/sync/MutexImpl,35,93,37.63
4dabd8d9ebe2cb8d,androidx/fragment/app/FragmentActivity,35,125,28.0
671a1863c3f16995,com/google/android/gms/common/api/internal/BasePendingResult,35,218,16.06
a5d5f8947bfe39da,androidx/compose/ui/text/caches/LruCache,35,151,23.18
3aede4b45d3787bd,androidx/compose/material/icons/rounded/CloseKt,34,34,100.0
9abf3290fc265160,androidx/compose/foundation/lazy/LazyListStateKt,34,88,38.64
79fbaa35ce4d567b,androidx/compose/ui/text/android/TextLayout_androidKt,34,100,34.0
208426174b1000a3,kotlinx/coroutines/internal/DispatchedContinuationKt,34,138,24.64
07012bbd28824973,androidx/compose/material/icons/rounded/AddKt,34,34,100.0
1db183f67305e34e,androidx/compose/ui/text/AndroidParagraph_androidKt,34,79,43.04
1b8f1ce3768864c8,androidx/compose/foundation/layout/RowColumnMeasurePolicyKt,34,172,19.77
4325fbd886752685,androidx/compose/ui/graphics/vector/compat/AndroidVectorParser,34,55,61.82
0a9ea436e72bd145,androidx/compose/runtime/snapshots/Snapshot,34,68,50.0
3e948fa4678eaaa9,androidx/lifecycle/SavedStateHandlesProvider,34,44,77.27
81690e64c07f320a,androidx/compose/ui/contentcapture/AndroidContentCaptureManager,34,481,7.07
5b5ef2fdab6882c1,androidx/compose/animation/core/SeekableTransitionState,33,282,11.7
41938140c7d5e722,androidx/compose/animation/core/TargetBasedAnimation,33,68,48.53
000d26485664b0af,androidx/compose/foundation/lazy/grid/LazyGridScrollPosition,33,63,52.38
d2aedad46197cc83,kotlinx/coroutines/flow/internal/AbstractSharedFlow,33,51,64.71
205153075c1bfc04,androidx/compose/animation/AnimatedContentMeasurePolicy,33,136,24.26
610115570643abe0,androidx/fragment/app/BackStackRecord,33,355,9.3
9d3d57f6a2edb452,com/google/accompanist/systemuicontroller/SystemUiControllerKt,33,47,70.21
3c747a9d40c2b8e2,kotlin/collections/MapsKt__MapsKt,33,269,12.27
1ed9585c599dd879,androidx/compose/material3/AppBarKt$TopAppBarLayout$2$1,32,45,71.11
4a5f7b8b11a5a7bc,okio/ByteString,32,267,11.99
a742a0c26eeb60dc,androidx/compose/foundation/layout/SpacerKt,32,36,88.89
7cbecc82d7bbcd9b,androidx/savedstate/SavedStateRegistry,32,80,40.0
500c6c0b1b192be4,androidx/compose/ui/node/OnPositionedDispatcher,32,37,86.49
4744bcbbb9838cbc,androidx/compose/foundation/layout/RowKt,32,83,38.55
29f3cdae54795fd1,androidx/compose/ui/layout/Placeable,32,35,91.43
d934995da2b330fb,androidx/compose/animation/AnimatedContentKt$AnimatedContent$6$1$5,32,38,84.21
5fc7c8dcae208a62,androidx/lifecycle/SavedStateHandle,32,98,32.65
99986f4b5de1f098,androidx/compose/ui/graphics/GraphicsLayerModifierKt,32,152,21.05
a55957ae862e2883,androidx/navigation/NavDestinationBuilder,32,73,43.84
6e093079e9c30a9a,androidx/activity/OnBackPressedDispatcher,32,126,25.4
84f1db4d146eb4a5,androidx/arch/core/internal/SafeIterableMap,32,73,43.84
124ab0bbf430961e,androidx/compose/ui/geometry/Size,31,90,34.44
4bcf933e04697d43,androidx/room/InvalidationTracker$refreshRunnable$1,31,95,32.63
9ed1b0e14645ac41,androidx/work/impl/WorkDatabase_Impl$1,31,154,20.13
054467a83e991a29,androidx/profileinstaller/ProfileVerifier,31,69,44.93
9efe1667589db89f,androidx/compose/ui/graphics/vector/DrawCache,31,50,62.0
27b4ab5d171df338,androidx/collection/SimpleArrayMap,31,264,11.74
6bc310a2eb963a8f,androidx/compose/foundation/lazy/grid/LazyGridStateKt,31,41,75.61
6f2693236e109ed9,androidx/navigation/compose/NavGraphBuilderKt,31,357,8.68
bcb436ede1fbc614,androidx/compose/ui/semantics/SemanticsActions,31,59,52.54
9fbd85bb8305e848,androidx/compose/material3/ColorScheme,31,347,8.93
59785612998e64dd,androidx/compose/runtime/Recomposer$runRecomposeAndApplyChanges$2,31,103,30.1
58e3bb5fda41aac3,androidx/compose/foundation/lazy/layout/LazyLayoutBeyondBoundsModifierLocalKt,31,50,62.0
8d25b0f374fadea4,androidx/compose/ui/res/PainterResources_androidKt,31,62,50.0
94880788967e7e05,androidx/lifecycle/SavedStateHandleSupport,31,45,68.89
a429e902d8e4945e,androidx/compose/material3/TonalPalette,30,90,33.33
36033518dceedb8e,androidx/compose/ui/platform/RenderNodeApi29,30,110,27.27
c02fa4b065dda4c0,androidx/work/impl/WorkDatabase$Companion,30,33,90.91
15fc7dbb61588ca0,androidx/appcompat/app/AppCompatActivity,30,142,21.13
11f7d01132fd1562,androidx/compose/foundation/lazy/layout/LazyLayoutItemContentFactory$CachedItemContent$createContentLambda$1,30,41,73.17
1b27a06a35b303b0,androidx/collection/SparseArrayCompat,30,202,14.85
e26d706af633350e,androidx/compose/foundation/lazy/LazyListScrollPosition,30,57,52.63
961753011bbfafe9,androidx/compose/runtime/SnapshotStateKt__SnapshotFlowKt$snapshotFlow$1,30,62,48.39
3d6921b2126bbd91,androidx/compose/ui/text/platform/AndroidParagraphIntrinsics,30,54,55.56
a08c72d9757df2d2,androidx/compose/ui/Alignment$Companion,30,47,63.83
27818e6cd70088ab,androidx/room/RoomTrackingLiveData,30,56,53.57
ca568d4e76dfe90e,androidx/work/Configuration,30,49,61.22
5739e13c5096ba21,androidx/compose/runtime/snapshots/SnapshotDoubleIndexHeap,30,57,52.63
1987243b2872f647,androidx/compose/animation/EnterExitTransitionModifierNode,29,128,22.66
59754bc8723de5fe,kotlin/collections/ArraysKt___ArraysKt,29,10166,0.29
e54cf72f31186f41,androidx/compose/foundation/gestures/DraggableKt,29,188,15.43
12e1a0b0fac1e405,androidx/compose/ui/graphics/AndroidPaint_androidKt,29,68,42.65
e0acf5c08fa01621,androidx/compose/foundation/lazy/grid/LazyGridSpanLayoutProvider,29,127,22.83
e05d856e08eb83b3,androidx/compose/material3/DividerKt,29,162,17.9
67b30d846c3e1624,androidx/compose/ui/graphics/vector/VectorPainter,29,63,46.03
1e9869682d24cb94,androidx/compose/foundation/layout/InsetsPaddingModifier,29,32,90.62
6b45edff25feb128,androidx/compose/foundation/layout/ColumnKt,29,83,34.94
7dcda7ffd711f904,androidx/compose/ui/platform/WrappedComposition$setContent$1$1,29,45,64.44
e841f29d6b76c511,androidx/compose/runtime/livedata/LiveDataAdapterKt,29,34,85.29
389ebc40142e67cb,kotlinx/coroutines/flow/internal/CombineKt$combineInternal$2,29,43,67.44
a70e7ffaef97ce16,com/omelan/cofi/share/ColorsKt,29,46,63.04
d02a6761e1226db0,androidx/concurrent/futures/AbstractResolvableFuture,29,302,9.6
03417b05c3db7bc6,androidx/room/RoomOpenHelper,28,87,32.18
802b5f79dfab4169,com/omelan/cofi/share/model/AppDatabase$Companion$getInstance$1$instance$1$1,28,28,100.0
baca9a2ce72aa5e3,androidx/compose/runtime/Recomposer$recompositionRunner$2$unregisterApplyObserver$1,28,44,63.64
65e81b5826653ae3,androidx/work/impl/WorkManagerImpl,28,176,15.91
ac562d1efdee5fb5,com/google/android/gms/common/api/internal/zacd,28,90,31.11
4c076174a4b9e1a2,androidx/compose/material3/windowsizeclass/WindowWidthSizeClass$Companion,28,42,66.67
78f0385a0bd5e1c0,androidx/compose/runtime/PrioritySet,28,75,37.33
d320069599d88266,com/omelan/cofi/share/model/AppDatabase_Impl,28,51,54.9
710c1a1bb2ca3710,kotlinx/coroutines/JobSupport$Finishing,28,57,49.12
fb45f1b9fc921916,kotlinx/coroutines/channels/ChannelSegment,28,54,51.85
c00ed9bac1b5e90f,androidx/compose/ui/graphics/colorspace/TransferParameters,28,105,26.67
17643e43894d9402,androidx/compose/ui/node/LookaheadCapablePlaceable,28,276,10.14
05468eb8c7811a44,androidx/compose/material3/RippleKt,28,55,50.91
b1caca2617219463,kotlinx/coroutines/flow/FlowKt__ChannelsKt,28,38,73.68
4996d0c46affa84b,androidx/fragment/app/FragmentLifecycleCallbacksDispatcher,28,182,15.38
5c8caa406f2c1abe,kotlinx/coroutines/BuildersKt__Builders_commonKt,27,46,58.7
cd0c0c97393e7e70,androidx/core/view/WindowInsetsCompat,27,115,23.48
38565fe85b7b9b33,androidx/compose/ui/graphics/vector/PathParser,27,67,40.3
a05cd37bbd3d42a4,androidx/compose/foundation/layout/ColumnMeasurePolicy,27,57,47.37
96a2e0a7e75e9fad,androidx/compose/foundation/layout/WindowInsetsSides,27,64,42.19
9ed616cd53c4289b,androidx/compose/foundation/layout/RowMeasurePolicy,27,57,47.37
b79dc8e26dca25da,com/omelan/cofi/components/ListInfoBoxKt,27,72,37.5
2f3388757b802473,androidx/compose/ui/geometry/RoundRectKt,27,209,12.92
6b830d7393d5adc6,androidx/compose/foundation/gestures/ScrollableDefaults,27,39,69.23
d5de5f8e6e867802,kotlinx/coroutines/flow/StateFlowSlot,27,58,46.55
f9089e106fa3f537,com/omelan/cofi/share/model/StepDao_Impl$10,27,29,93.1
e042d78c662dcc0c,kotlin/text/StringsKt__StringsJVMKt,27,348,7.76
426036978870e3a9,androidx/datastore/core/DataStoreImpl$InitDataStore$doRun$initData$1,27,43,62.79
9302d043ac912bc4,androidx/profileinstaller/ProfileInstaller,26,81,32.1
3164b59a8f0f2fd1,androidx/compose/runtime/SnapshotMutableFloatStateImpl,26,55,47.27
833036640a167a72,androidx/compose/foundation/layout/SizeNode,26,88,29.55
86262f58edf2a12d,com/google/accompanist/systemuicontroller/AndroidSystemUiController,26,87,29.89
7762ff1d884b2b0a,androidx/compose/ui/text/android/StaticLayoutParams,26,51,50.98
52b36779eb11f3a3,androidx/compose/runtime/RecomposeScopeImpl$end$1$2,26,34,76.47
1a0466ca747607d9,androidx/compose/ui/semantics/SemanticsNode,26,235,11.06
15ebdf8d7e26a77e,androidx/sqlite/db/framework/FrameworkSQLiteOpenHelper$lazyDelegate$1,26,29,89.66
6a28f39cc3792e37,androidx/lifecycle/SavedStateViewModelFactory,26,69,37.68
8c854910ee61fe0c,androidx/compose/runtime/ProvidableCompositionLocal,26,39,66.67
79aa2ab63d8755b8,androidx/compose/runtime/external/kotlinx/collections/immutable/implementations/immutableMap/PersistentHashMapBaseIterator,26,40,65.0
ab7036810ae7ccdf,androidx/navigation/NavigatorState,26,136,19.12
e1d2a5cf6a5a128e,androidx/compose/ui/text/platform/AndroidTextPaint,26,87,29.89
883174e0cb3808a9,androidx/compose/runtime/external/kotlinx/collections/immutable/implementations/immutableMap/PersistentHashMapBuilder,26,66,39.39
3e3080f1a27aa3f9,androidx/sqlite/db/framework/FrameworkSQLiteDatabase,26,126,20.63
cc5644050031481f,androidx/compose/ui/graphics/vector/compat/AndroidVectorResources,25,39,64.1
36506d1d05453ecf,androidx/compose/ui/text/android/style/LineHeightStyleSpan,25,55,45.45
fc783c043d58df84,androidx/compose/material3/windowsizeclass/WindowHeightSizeClass$Companion,25,42,59.52
4376ace344a86857,androidx/compose/ui/text/style/LineBreak,25,53,47.17
39358e353ff4cb3e,androidx/navigation/NavGraphNavigator,25,47,53.19
063be3835cdd7f9c,com/omelan/cofi/ui/ThemeKt,25,121,20.66
6a1935eb28799ec3,androidx/compose/runtime/ComposerImpl$CompositionContextImpl,25,62,40.32
eb4f1c9dd6870d2f,androidx/collection/ScatterSet,25,268,9.33
7d3c0e8fbef56270,androidx/compose/foundation/lazy/LazyListItemProviderImpl,25,37,67.57
1948cca8a6866195,androidx/compose/runtime/SnapshotMutableStateImpl,25,49,51.02
424af23f8f4769b9,com/google/android/gms/tasks/zzw,25,134,18.66
ee25c1c2d1548806,androidx/compose/foundation/lazy/layout/LazyLayoutPinnableItem,25,66,37.88
0fbe0a0677a264c1,androidx/navigation/NavController$NavControllerNavigatorState,25,77,32.47
ee8a9705fb12da17,androidx/work/impl/WorkManagerImplExtKt,25,39,64.1
82548dc1750840fe,androidx/activity/result/ActivityResultRegistry,25,161,15.53
2fb551fbe50338c4,androidx/compose/animation/core/AnimationState,24,43,55.81
2e41a58779fd9614,androidx/compose/ui/graphics/vector/ImageVector$Builder$GroupParams,24,45,53.33
cb81c30b2710eb67,androidx/appcompat/widget/ContentFrameLayout,24,93,25.81
e557995cdc112567,com/google/android/gms/common/api/internal/BackgroundDetector,24,61,39.34
8b4dcc6a2ff84ef1,androidx/compose/ui/graphics/AndroidPaint,24,35,68.57
d16996519aac35fc,androidx/compose/runtime/SnapshotStateKt__SnapshotFlowKt$snapshotFlow$1$unregisterApplyObserver$1,24,43,55.81
b1b7bb2fdb4d182b,androidx/appcompat/view/ContextThemeWrapper,24,55,43.64
12d67893f4b4747b,androidx/compose/foundation/layout/LimitInsets,24,37,64.86
8cc8df6755778dff,androidx/compose/ui/platform/DisposableSaveableStateRegistry_androidKt,24,61,39.34
92d15aeaafa608a7,androidx/datastore/core/okio/OkioStorageConnection,24,117,20.51
e84976ee7365bda7,androidx/compose/animation/AnimatedEnterExitMeasurePolicy,24,110,21.82
cfd65f5299287ab0,androidx/compose/foundation/text/modifiers/LayoutUtilsKt,24,35,68.57
ed34516d6dcdc51c,androidx/compose/animation/TransitionData,24,62,38.71
5d42b256c5829e29,androidx/compose/ui/node/NodeChainKt,24,30,80.0
20eabf38e69e2ec7,androidx/compose/material3/FloatingActionButtonDefaults,24,89,26.97
df150ba3bfb33548,androidx/compose/ui/focus/FocusTransactionManager,24,95,25.26
3b1d2b140d80a328,androidx/work/impl/background/systemjob/SystemJobScheduler,24,175,13.71
dea9c0ec3775b6b8,androidx/navigation/compose/NavHostControllerKt,24,36,66.67
070a60105dd0be7c,kotlinx/coroutines/flow/FlowKt,23,164,14.02
bb874dc186fed5af,androidx/compose/runtime/saveable/SaveableStateRegistryImpl,23,60,38.33
070910bd8c173d48,com/omelan/cofi/components/CoffeeWaterTime,23,44,52.27
a0901742f1cb0cb2,androidx/compose/ui/node/LayoutNodeLayoutDelegate$MeasurePassDelegate$placeOuterCoordinatorBlock$1,23,24,95.83
952fb646954d5d05,androidx/compose/ui/graphics/SimpleGraphicsLayerModifier,23,85,27.06
3fa03cb33b165355,androidx/compose/ui/text/font/FontFamilyResolverImpl,23,55,41.82
feddcab31214edd6,androidx/core/view/ViewCompat,23,775,2.97
d8ac28b42ed9b063,androidx/compose/ui/text/SaversKt,23,66,34.85
472b8d199dadf959,androidx/compose/ui/graphics/colorspace/Connector,23,31,74.19
16fc02377c097904,androidx/datastore/core/RunOnce,23,31,74.19
4c867c3d5c84d6a3,androidx/compose/material3/ScaffoldKt$ScaffoldLayout$1$1$1,23,33,69.7
07c506f5ac29b601,androidx/lifecycle/ProcessLifecycleOwner,23,44,52.27
441d0d604a8b584a,androidx/compose/material3/windowsizeclass/WindowWidthSizeClass,23,36,63.89
0fef6929a97f746b,androidx/compose/material3/IconButtonColors,23,53,43.4
4ad6d91b2ebe413b,androidx/compose/runtime/SnapshotMutableIntStateImpl,23,41,56.1
d617ae39ede8ca97,androidx/compose/foundation/lazy/layout/LazyLayoutItemAnimator$ItemInfo,23,39,58.97
ed8d71f19a2541d4,androidx/room/RoomDatabase$MigrationContainer,22,65,33.85
5c90f0f623530764,androidx/compose/ui/graphics/drawscope/CanvasDrawScope$DrawParams,22,45,48.89
5dbbeb70b10c4d62,androidx/compose/material3/windowsizeclass/WindowHeightSizeClass,22,36,61.11
b57b860b0c4a8c69,androidx/collection/ObjectIntMap,22,466,4.72
80fd76e094baf13d,androidx/compose/ui/graphics/AndroidPath,22,114,19.3
ae8a595c7952fa64,kotlinx/coroutines/intrinsics/UndispatchedKt,22,132,16.67
50d1e7873304f3ac,androidx/compose/foundation/lazy/grid/LazyGridItemProviderImpl,22,36,61.11
8d0cc80c505aec88,androidx/compose/foundation/layout/PaddingValuesModifier,22,30,73.33
ee5bcd2a9ae5a07f,androidx/compose/material3/ComposableSingletons$AppBarKt,22,38,57.89
df38f0a20eb558c3,androidx/compose/ui/graphics/vector/VectorKt,22,41,53.66
a6e24bb9248793a9,androidx/compose/foundation/AndroidEdgeEffectOverscrollEffect,22,336,6.55
a0a858948e9a0d10,androidx/compose/ui/geometry/Offset,22,137,16.06
c3d1bf0d4407831c,androidx/compose/foundation/EdgeEffectWrapper,22,94,23.4
5c69629c4ef9ec12,androidx/compose/ui/node/DepthSortedSetsForDifferentPasses,22,62,35.48
097566eaf8452a8f,androidx/compose/animation/core/AnimationStateKt,22,69,31.88
aff996662ac6ce32,androidx/compose/foundation/lazy/layout/LazyLayoutKt,22,85,25.88
84b25aec47c7671c,androidx/compose/ui/unit/fontscaling/FontScaleConverterFactory,22,61,36.07
8a34e0cc3b33cf0c,androidx/compose/material3/internal/ProvideContentColorTextStyleKt,22,27,81.48
34e6091fa0b35f7d,androidx/compose/foundation/lazy/LazyListItemProviderKt,21,26,80.77
cc3da0ecfeffb093,androidx/compose/ui/text/font/FontWeight,21,46,45.65
7f3c4943d110c273,androidx/appcompat/app/AppCompatDelegate,21,120,17.5
276c10e0876fb5d4,androidx/compose/runtime/external/kotlinx/collections/immutable/implementations/immutableList/SmallPersistentVector,21,83,25.3
518a17f35f4adc63,androidx/compose/ui/draw/CacheDrawModifierNodeImpl,21,39,53.85
20e24035f2fb57e0,androidx/compose/ui/text/platform/AndroidParagraphHelper_androidKt,21,52,40.38
1550333cd9743aff,androidx/compose/animation/core/Animatable$runAnimation$2,21,26,80.77
15611ec905cea94d,androidx/lifecycle/ReportFragment,21,34,61.76
456935a9ea269db1,androidx/compose/ui/text/android/StaticLayoutFactory23,21,30,70.0
58e82370f7db6b99,androidx/compose/runtime/SnapshotStateKt__SnapshotStateKt,21,35,60.0
7d4dfcd5bb075280,androidx/compose/animation/core/MutatorMutex$mutate$2,21,27,77.78
c2a36262e310ca17,androidx/compose/material3/IconButtonDefaults,21,422,4.98
49eaa04aa1a3827f,androidx/compose/ui/graphics/painter/Painter,21,66,31.82
da244f70f5c50a56,androidx/compose/ui/platform/Wrapper_androidKt,21,33,63.64
ad9181ff844bc3a3,com/omelan/cofi/share/model/RecipeDao_Impl$11,21,22,95.45
f9e45aaf1b08f49a,com/google/android/gms/common/util/DeviceProperties,21,123,17.07
92490e1575a54628,androidx/compose/foundation/gestures/ScrollableNode,21,93,22.58
386b2e3c9376b44b,com/kieronquinn/monetcompat/core/MonetCompat$updateMonetColorsInternal$1,21,40,52.5
4e620ecb9c3e4eab,androidx/compose/ui/graphics/Matrix,21,132,15.91
f71bccab676f8809,androidx/compose/material3/MinimumInteractiveModifierNode,21,30,70.0
b826b12ad9b6a543,androidx/compose/foundation/lazy/grid/LazyGridMeasuredLineProvider,21,27,77.78
2d7d7c3153d57434,kotlinx/coroutines/flow/SharedFlowKt,21,42,50.0
15f8a1c9ea25c911,androidx/compose/foundation/lazy/layout/LazyLayoutMeasureScopeImpl,21,44,47.73
02bf1ee96a96ef4e,androidx/compose/animation/ExitTransition,21,51,41.18
b25c6ec9949dd29e,androidx/compose/foundation/lazy/grid/LazyGridIntervalContent,21,30,70.0
21f028d9c5ea77c0,androidx/navigation/compose/NavHostKt$NavHost$33$1,21,30,70.0
2bd04ce731fd8d2b,com/kieronquinn/monetcompat/app/MonetCompatActivity,21,45,46.67
b9cdf647a42f77d5,androidx/compose/animation/EnterTransition,21,41,51.22
ed2bdc5aca7ac771,androidx/compose/ui/graphics/layer/LayerManager,21,31,67.74
99d3ca4c276c0950,androidx/profileinstaller/DeviceProfileWriter,21,149,14.09
a195983c3f16db43,androidx/compose/ui/text/ParagraphStyle,21,344,6.1
482b054e11f4fd1b,kotlin/jvm/internal/Intrinsics,20,127,15.75
23f664b3be391bb6,androidx/compose/foundation/layout/Arrangement$SpacedAligned,20,55,36.36
f497ddf3b18d5c1c,androidx/core/content/res/TypedArrayUtils,20,71,28.17
b6eb8276e40c3602,androidx/compose/material3/MaterialTheme,20,26,76.92
d0c390f94e792795,kotlin/coroutines/CombinedContext,20,45,44.44
51318b7d04a7f4d9,androidx/compose/foundation/lazy/layout/LazyLayoutItemContentFactoryKt,20,28,71.43
c8bbc5ac63f7e49e,androidx/compose/foundation/lazy/LazyListSemanticsKt,20,29,68.97
1842533b83ef247b,androidx/compose/animation/core/AnimationScope,20,28,71.43
668c68a0a5434640,androidx/compose/foundation/lazy/grid/LazyGridItemProviderKt,20,25,80.0
91c320e891b88e25,okio/SegmentPool,20,33,60.61
7eb98342c1bdf2a3,androidx/compose/foundation/lazy/LazyListBeyondBoundsModifierKt,20,29,68.97
ee22c700775ad12c,androidx/core/view/WindowInsetsControllerCompat$Impl30,20,59,33.9
331ebcebc9b9e9a4,androidx/navigation/NavigatorProvider,20,38,52.63
a14d5857aa5fa3f4,com/omelan/cofi/share/model/Step,20,73,27.4
a0b88b84320b2a17,kotlinx/coroutines/CompletionStateKt,20,26,76.92
924a86d51f7b384c,androidx/compose/foundation/layout/AndroidWindowInsets,20,30,66.67
9d0201d3b9ad11f6,androidx/compose/ui/unit/IntOffset,20,49,40.82
a5c3f8d55e72dbec,androidx/compose/ui/focus/FocusOwnerImpl,20,970,2.06
638eb854288b09cd,kotlin/time/Duration,20,346,5.78
37a91d754a2d5bab,androidx/compose/runtime/saveable/SaveableHolder,20,42,47.62
47d28bf9e7021711,kotlinx/coroutines/android/HandlerContext,20,50,40.0
cfedcdfdd2700f6a,androidx/room/Room,20,41,48.78
78699d0e0a57d082,androidx/compose/material3/tokens/FabPrimaryTokens,20,30,66.67
7bc39f24fa13de9f,androidx/compose/ui/input/nestedscroll/NestedScrollNode,19,101,18.81
45a63ac0450e7a06,androidx/activity/compose/ComponentActivityKt,19,29,65.52
4ed2bdcfc67d151e,androidx/datastore/core/DataStoreImpl$internalDataFlow$1,19,30,63.33
18301568cb6e84d3,kotlinx/coroutines/JobSupportKt,19,23,82.61
8a7d3d8a535d8722,androidx/room/RoomSQLiteQuery,19,51,37.25
36b67fb0e57f282a,kotlin/collections/AbstractMap,19,75,25.33
39d1de4f090b299b,androidx/compose/foundation/lazy/layout/LazySaveableStateHolderKt,19,28,67.86
d47c9c57b4aabb22,com/google/android/gms/common/GooglePlayServicesUtilLight,19,157,12.1
50ad21de53af0a45,com/omelan/cofi/share/model/AppDatabase_Impl$1,19,59,32.2
06b9a2c02b4445db,androidx/compose/runtime/CompositionLocalMapKt,19,24,79.17
db1866834be4dd63,androidx/compose/foundation/lazy/grid/LazyGridMeasuredLine,19,22,86.36
5c4bc28545ca17da,com/google/android/gms/wearable/internal/zzjj,19,199,9.55
c63f1e271fd569c1,androidx/compose/animation/core/SpringSimulation,19,47,40.43
7a8ff679868085e1,androidx/compose/foundation/shape/RoundedCornerShape,19,44,43.18
3ee31d159869e9e2,androidx/compose/ui/platform/ComposeView,19,35,54.29
9c9f588ae0c4964d,com/google/android/gms/common/api/internal/zaae,19,23,82.61
71ddc7c307ca85e2,androidx/room/SharedSQLiteStatement,19,21,90.48
6c4733b7a4d90e0e,androidx/compose/animation/core/VectorConvertersKt,19,20,95.0
ef3f81be62cf5b0c,androidx/appcompat/app/AppCompatViewInflater,19,173,10.98
dfe00144357cfc46,androidx/compose/ui/graphics/SimpleGraphicsLayerModifier$layerBlock$1,19,19,100.0
34d7513b21ac7cf1,androidx/compose/animation/core/FloatSpringSpec,19,25,76.0
44495f21fbfe99bb,kotlin/sequences/SequencesKt___SequencesKt,19,1094,1.74
9688e933e125a7dd,androidx/compose/runtime/CompositionLocalKt,19,55,34.55
458527623cad0794,androidx/compose/foundation/AndroidOverscroll_androidKt,19,23,82.61
830becdecd9bf8d6,com/omelan/cofi/share/model/RecipeIcon,19,22,86.36
d9742676e45521ac,androidx/compose/ui/graphics/vector/ImageVector,19,44,43.18
172f5560d15c8e47,androidx/compose/foundation/layout/SizeElement,19,38,50.0
6703acb23a269004,androidx/compose/ui/platform/AndroidUiFrameClock,18,29,62.07
c69df33fa613d216,androidx/compose/ui/graphics/drawscope/Stroke,18,43,41.86
f9eed80e9e90fe80,androidx/compose/runtime/snapshots/SnapshotWeakSet,18,82,21.95
8b45776633c6ad70,androidx/compose/foundation/lazy/grid/LazySemanticsKt,18,27,66.67
88098f67f8217c39,androidx/compose/runtime/external/kotlinx/collections/immutable/implementations/immutableMap/TrieNodeBaseIterator,18,23,78.26
ce3fb048acd4310b,androidx/compose/foundation/layout/FillNode,18,27,66.67
1c04a4f4dd90013d,androidx/arch/core/internal/SafeIterableMap$IteratorWithAdditions,18,20,90.0
be65de36ada4280b,com/omelan/cofi/pages/list/RecipeListKt$RecipeList$4,18,22,81.82
3707ffcd01c3affc,androidx/savedstate/SavedStateRegistryController,18,25,72.0
419c7dd96be6f0d0,androidx/lifecycle/viewmodel/ViewModelProviderImpl,18,24,75.0
bbcf404057bfa5ed,androidx/compose/ui/draw/PainterElement,18,68,26.47
fcfbcf8cbe82a7d2,com/omelan/cofi/MainActivity$MainNavigation$2,18,23,78.26
a61e0d8aabe86b78,androidx/compose/material/ripple/RippleNode,18,44,40.91
7ef7f4ab77055016,androidx/compose/runtime/Recomposer$recompositionRunner$2,18,44,40.91
77eff01aa6f0ef3f,androidx/sqlite/util/ProcessLock,18,29,62.07
1fc957a3a0cce7f7,androidx/compose/material3/TopAppBarState,18,34,52.94
fb659e39588f928f,androidx/compose/ui/text/style/TextAlign,18,39,46.15
358bc91839542a1a,androidx/datastore/core/okio/OkioStorage,18,28,64.29
209546b6d9bd2c8d,androidx/room/InvalidationTracker$ObservedTableTracker,18,37,48.65
67cda4de10848657,androidx/compose/runtime/PausableMonotonicFrameClock,18,28,64.29
9cd2a0b419723242,androidx/compose/foundation/layout/PaddingValuesImpl,18,61,29.51
ec757d7d133abb0b,androidx/compose/material3/tokens/TypographyKeyTokens,18,19,94.74
e745ff97efa48cff,androidx/compose/foundation/lazy/grid/LazyGridBeyondBoundsModifierKt,18,23,78.26
c42214f5963b87f1,androidx/compose/animation/SplineBasedFloatDecayAnimationSpec_androidKt,17,21,80.95
66811327aa077e6d,androidx/compose/ui/graphics/vector/VectorPath,17,96,17.71
ed5e6a4a49e08ddc,androidx/work/Configuration$Builder,17,68,25.0
fb2fd37bbfe714f8,androidx/compose/material3/AppBarKt$TopAppBarLayout$2$1$1,17,34,50.0
db9177a43793dfd3,androidx/compose/ui/unit/Dp,17,45,37.78
9edafde975ac9089,androidx/datastore/core/SingleProcessCoordinator,17,55,30.91
fa696f40b9a7ebad,androidx/navigation/NavArgumentKt,17,23,73.91
955c25d55ded8a1c,kotlinx/coroutines/internal/FastServiceLoader,17,127,13.39
4cbf933ff15886e1,androidx/compose/animation/core/MutatorMutex,17,26,65.38
ac23646ec8b729e5,androidx/compose/foundation/BackgroundNode,17,35,48.57
fc72a4c3070ed37a,androidx/navigation/NavArgument,17,66,25.76
e104323b4127bf22,androidx/compose/foundation/lazy/layout/NearestRangeKeyIndexMap,17,24,70.83
361dfca7ecf589f0,androidx/compose/material3/ScaffoldKt$ScaffoldLayout$1$1$bodyContentPlaceables$1,17,24,70.83
d96fe86564a74588,androidx/compose/ui/text/input/ImeOptions,17,142,11.97
ad99aa59c3de5486,androidx/lifecycle/SavedStateViewModelFactoryKt,17,29,58.62
5a97827efe7e55d9,androidx/lifecycle/ViewModelProvider$AndroidViewModelFactory,17,34,50.0
5c0a8d15bf073a67,com/google/android/gms/wearable/internal/zzar,17,64,26.56
8e307f243f7efacf,androidx/arch/core/internal/SafeIterableMap$ListIterator,17,21,80.95
85509fcb347aba27,kotlinx/coroutines/flow/FlowKt__ShareKt,17,40,42.5
9ae11abbb42c2113,kotlinx/coroutines/flow/internal/SafeCollector,17,45,37.78
6ef20e86a06d9600,androidx/compose/runtime/snapshots/SnapshotStateObserver$sendNotifications$1,17,22,77.27
0cab6291edde557e,androidx/compose/ui/node/DepthSortedSet,17,59,28.81
f60454639a3bcf56,com/google/android/gms/tasks/zzr,17,25,68.0
91ea0dc23ed81a98,androidx/compose/ui/text/AnnotatedString,17,207,8.21
9cf6e3bb7d19fb5a,com/omelan/cofi/components/RecipeInfoKt$Param$1,17,26,65.38
e559b24c4d56e3a7,androidx/compose/material3/TypographyKt$WhenMappings,17,32,53.12
5ddd520a24c23139,androidx/compose/runtime/changelist/Operation$InsertSlotsWithFixups,17,35,48.57
4c1d2ce77f2a6559,com/omelan/cofi/share/model/AppDatabase$Companion,17,20,85.0
f54eb0a2927b8d5a,androidx/compose/foundation/layout/PaddingElement,17,72,23.61
25cb188b08d509a8,androidx/compose/material3/SwipeToDismissBoxDefaults,17,20,85.0
7b15b1043f82c975,androidx/compose/ui/graphics/OutlineKt,17,121,14.05
f40d2b0c53921190,kotlinx/coroutines/channels/ChannelKt,17,44,38.64
e01383162a0d142b,androidx/lifecycle/ViewModelProvider,17,27,62.96
af950195c4e8572c,com/google/android/gms/common/internal/BaseGmsClient,17,359,4.74
64b148d7f9254bbb,kotlinx/coroutines/AbstractCoroutine,17,24,70.83
7f43f79e16901e75,kotlinx/coroutines/internal/LockFreeTaskQueue,16,31,51.61
0b87da16433912d3,androidx/compose/ui/node/AlignmentLines$recalculate$1,16,23,69.57
842cb04bc9013de7,androidx/collection/IntObjectMap,16,510,3.14
abdcee32be2a1a65,com/google/android/gms/common/internal/GmsClient,16,39,41.03
38a5452bb821e71f,androidx/compose/runtime/snapshots/GlobalSnapshot,16,24,66.67
554931291fd1b8a9,androidx/compose/foundation/FocusableNode,16,25,64.0
23489910889bb7ae,androidx/compose/runtime/SnapshotStateKt,16,26,61.54
391fcf518b3d1bbc,androidx/compose/foundation/lazy/grid/LazyGridMeasureResult,16,75,21.33
7c60994f45512728,androidx/compose/ui/unit/DpSize,16,88,18.18
80b8bb00adddde55,androidx/compose/runtime/changelist/Operation$UpdateValue,16,31,51.61
36d0d6b6e6ee4ec7,androidx/compose/runtime/Pending,16,166,9.64
0ede788940829e51,androidx/compose/runtime/Latch,16,43,37.21
6283b09a9215892c,androidx/compose/foundation/BorderModifierNode$drawWithCacheModifierNode$1,16,30,53.33
8b8e099336fb1d20,com/omelan/cofi/share/model/StepType,16,25,64.0
c7d0f439b4fd8ed8,androidx/compose/ui/text/style/TextDirection,16,36,44.44
3c78cc08f0d18cd6,androidx/work/Logger,16,18,88.89
3a8d2933454ffa0b,androidx/datastore/core/okio/OkioReadScope,16,54,29.63
e3dee1037d15b146,androidx/compose/runtime/ProvidedValue,16,24,66.67
75a02d3a0229f528,androidx/compose/ui/text/font/TypefaceRequestCache,16,51,31.37
678e26ce21aa4f3f,androidx/profileinstaller/ProfileInstallerInitializer,16,19,84.21
eefcc23d89cd1518,kotlinx/coroutines/flow/FlowKt__ContextKt,16,44,36.36
486dfacd8ac4a85a,androidx/compose/material3/Shapes,16,60,26.67
3a0fdc7609ef3e81,kotlin/collections/builders/MapBuilder$Itr,16,26,61.54
414740a10c5a9f20,androidx/compose/ui/platform/AndroidComposeView$Companion,16,21,76.19
35584f6bf5a5f884,kotlinx/coroutines/flow/AbstractFlow,16,18,88.89
8f503b5953737e98,androidx/datastore/core/DataStoreImpl$readState$2,16,24,66.67
5067d9bdfd1d0ff1,androidx/compose/ui/graphics/colorspace/Illuminant,16,21,76.19
8b3e7b0b980d1303,com/google/android/gms/common/internal/zal,16,26,61.54
b285cfa096f8f043,androidx/navigation/compose/ComposeNavigatorDestinationBuilder,16,22,72.73
46f0d0d075895869,androidx/compose/foundation/DrawStretchOverscrollModifier,16,172,9.3
6e8184dce6a610bc,androidx/compose/runtime/internal/PersistentCompositionLocalHashMap,16,32,50.0
e0ff5d593c93ddb0,com/google/android/gms/common/internal/GmsClientSupervisor,16,47,34.04
3c5335e3900d846c,androidx/fragment/app/FragmentManagerViewModel,16,151,10.6
bd2ff8c3a0ecbbb6,androidx/compose/ui/graphics/drawscope/CanvasDrawScopeKt$asDrawTransform$1,16,28,57.14
101a19fea180d7c9,androidx/compose/foundation/lazy/LazyListMeasureResult,16,72,22.22
9235bb9f3065d9d6,androidx/compose/foundation/BorderModifierNode,15,127,11.81
4db93716b9310143,androidx/navigation/compose/NavHostKt$NavHost$30$1,15,18,83.33
e247c416021de760,androidx/compose/ui/graphics/AndroidGraphicsContext,15,47,31.91
ee01472a6a76409e,com/google/android/gms/common/ConnectionResult,15,66,22.73
168f3d43d3255cb5,kotlinx/coroutines/CoroutineStart,15,24,62.5
6f9b636d2bc3e3aa,androidx/work/impl/constraints/trackers/Trackers,15,23,65.22
0de84fcce59b01f3,com/omelan/cofi/share/model/Recipe,15,60,25.0
9b6d8507e33afb0f,androidx/collection/MutableIntSet,15,166,9.04
c721fd29f51f080c,androidx/compose/material3/FloatingActionButtonElevationAnimatable,15,52,28.85
35f6d3aab6e0389b,kotlinx/coroutines/internal/ConcurrentLinkedListNode,15,72,20.83
c33349699316d502,androidx/compose/ui/semantics/Role,15,39,38.46
e8ea4c74d86e70a3,androidx/compose/ui/CombinedModifier,15,24,62.5
422eacd46b694805,com/google/android/gms/common/internal/zzag,15,23,65.22
c65ddb56e712944a,androidx/compose/foundation/BackgroundElement,15,38,39.47
b1f99acf2add4f01,androidx/compose/foundation/ClickableKt,15,99,15.15
90fb041dc0dcdba3,androidx/compose/foundation/layout/WindowInsetsPadding_androidKt$statusBarsPadding$$inlined$windowInsetsPadding$1,15,19,78.95
4988a044b416edf3,androidx/compose/animation/AnimatedContentTransitionScope$SlideDirection,15,36,41.67
071464b1e44c778f,androidx/compose/runtime/Stack,15,16,93.75
2aef89f459b08a2a,androidx/compose/ui/node/LayoutModifierNodeCoordinatorKt,15,22,68.18
73538cde080ce6f9,androidx/compose/foundation/lazy/LazyListMeasuredItemProvider,15,21,71.43
2be8882781bcb3cb,kotlinx/coroutines/UndispatchedCoroutine,15,45,33.33
65e72442136540c3,androidx/compose/ui/graphics/vector/PathBuilder,15,24,62.5
5c88ab272c566902,androidx/compose/runtime/IntStack,15,25,60.0
84e5050816bf643a,androidx/compose/runtime/external/kotlinx/collections/immutable/implementations/immutableMap/PersistentHashMap,15,47,31.91
1f8712d3b4366d99,kotlinx/coroutines/EventLoop,15,55,27.27
5cc1eef7d93c3d47,kotlin/sequences/GeneratorSequence$iterator$1,15,24,62.5
c52f3d453526fb8a,androidx/compose/ui/unit/IntSize,15,29,51.72
6f1bdad3d8c6fa1f,com/omelan/cofi/ui/Spacing,15,16,93.75
58554ae9dd20b867,kotlin/sequences/FilteringSequence$iterator$1,15,26,57.69
7f5278097a792539,androidx/datastore/core/DataMigrationInitializer$Companion,15,33,45.45
07e9402f2a35b595,androidx/compose/foundation/layout/WindowInsetsPadding_androidKt$navigationBarsPadding$$inlined$windowInsetsPadding$1,15,19,78.95
82026395feba45bf,com/omelan/cofi/pages/list/RecipeListKt$RecipeList$4$1$invoke$$inlined$items$default$5,15,24,62.5
172d17236f3df4b0,androidx/work/impl/utils/PackageManagerHelper,15,34,44.12
4e5773788f8ac96f,androidx/compose/foundation/lazy/layout/PrefetchExecutor_androidKt,15,18,83.33
abb15758c8dde841,com/omelan/cofi/share/utils/NumberUtilsKt,15,44,34.09
eb4aa8ddb3bf6cd0,androidx/compose/ui/layout/SubcomposeLayoutState,15,21,71.43
464475195fb10c27,androidx/compose/ui/layout/LayoutNodeSubcompositionsState$Scope,14,24,58.33
4adcd666234e1e7d,androidx/datastore/core/DataStoreImpl$InitDataStore$doRun$initData$1$api$1,14,35,40.0
93f9ac4022587c6b,androidx/compose/runtime/Recomposer$performRecompose$1$1,14,18,77.78
9c4becba30b66190,androidx/compose/ui/input/pointer/PointerEvent,14,65,21.54
6a258ff436f35024,kotlin/coroutines/jvm/internal/BaseContinuationImpl,14,27,51.85
edff3a807bacef59,androidx/compose/ui/graphics/drawscope/CanvasDrawScope$drawContext$1,14,14,100.0
d13c103f626a009e,androidx/compose/material3/tokens/ShapeKeyTokens,14,15,93.33
4d1d2b155e2edc30,androidx/compose/ui/text/android/LayoutIntrinsics,14,20,70.0
78babc35bbae5b53,androidx/datastore/preferences/core/MutablePreferences,14,96,14.58
70897d3904608d28,com/omelan/cofi/components/RecipeInfoKt$RecipeInfo$2$1$1$1,14,21,66.67
6de7b6e88e66d32b,androidx/compose/animation/core/VisibilityThresholdsKt,14,22,63.64
216d9229b9b12d22,androidx/compose/ui/platform/GlobalSnapshotManager$ensureStarted$1,14,21,66.67
8e15e8ecb1b33f9e,kotlinx/coroutines/flow/FlowKt__EmittersKt,14,33,42.42
41ba5d7130ef853e,androidx/compose/ui/unit/Density,14,61,22.95
01c3dbadbbe94ad6,androidx/arch/core/executor/ArchTaskExecutor,14,21,66.67
59537fb6d9ea731f,kotlinx/coroutines/flow/internal/ChannelFlow,14,56,25.0
ff766b3eece514ef,androidx/compose/animation/core/AnimationVectorsKt,14,14,100.0
7ee5a79a345741b8,androidx/compose/material3/tokens/MotionTokens,14,22,63.64
cf700b0178b1b055,androidx/compose/animation/core/SpringSpec,14,31,45.16
811e113eb28dce7f,androidx/lifecycle/ReportFragment$LifecycleCallbacks,14,22,63.64
2017e68d7d9f37e9,androidx/compose/ui/platform/WindowRecomposer_androidKt$createLifecycleAwareWindowRecomposer$2$onStateChanged$1,14,25,56.0
da36c0ef8400b221,androidx/compose/animation/core/AnimationSpecKt,14,56,25.0
9a6acc59e918d222,androidx/compose/ui/text/style/LineHeightStyle$Alignment,14,48,29.17
d3217b4d00b84674,androidx/compose/ui/node/OwnerSnapshotObserver,14,37,37.84
8c64f28bcf22bf0c,androidx/compose/material3/tokens/FabPrimaryLargeTokens,14,30,46.67
4998a862b6531829,androidx/datastore/preferences/PreferenceDataStoreSingletonDelegate,14,15,93.33
e0167aa545f330c0,kotlinx/coroutines/flow/FlowKt__EmittersKt$onCompletion$$inlined$unsafeFlow$1,14,32,43.75
91235e97fe7b9e63,androidx/compose/material3/tokens/ExtendedFabPrimaryTokens,14,33,42.42
13d9caf113cb9a33,androidx/lifecycle/ReportFragment$Companion,14,23,60.87
ac1d9fb0a00d4342,okio/Path,14,195,7.18
2d2a4422a3a77bd5,com/omelan/cofi/components/PipAwareAppBarKt$InsetAwareTopAppBar$2,14,17,82.35
c66b0f39391f22cd,kotlin/coroutines/jvm/internal/ContinuationImpl,14,18,77.78
d2bccc68126aff9f,androidx/compose/ui/text/style/LineBreak$Strictness,14,33,42.42
1d924a72d673723a,androidx/compose/ui/text/input/TextInputServiceAndroid,14,142,9.86
b4a7717f40c2f11a,com/omelan/cofi/pages/list/ComposableSingletons$RecipeListKt$lambda-3$1,14,16,87.5
810234b527a42659,androidx/room/RoomSQLiteQuery$Companion,14,30,46.67
cb35d32b3f6333e6,androidx/compose/ui/text/input/TextFieldValue,14,64,21.88
51bbe0ee0bd34faa,kotlinx/coroutines/internal/SystemPropsKt__SystemProps_commonKt,14,27,51.85
6b98a3415be485bc,kotlin/collections/builders/SetBuilder,14,33,42.42
c97634b9dec3f47f,androidx/sqlite/db/framework/FrameworkSQLiteOpenHelper,14,30,46.67
ccf629fd05be3af6,com/omelan/cofi/components/RecipeInfoKt$RecipeInfo$2$1$1$2,14,21,66.67
8f83bb62c41eabcb,kotlin/collections/EmptyList,14,50,28.0
0b13ededd5ff8887,androidx/compose/ui/geometry/RoundRect,14,170,8.24
9eecf54e794d0efe,androidx/arch/core/executor/DefaultTaskExecutor,14,27,51.85
b6f069d965ee264d,androidx/navigation/NavType,14,33,42.42
172c83b49e6e37e8,androidx/compose/ui/unit/TextUnitType,14,27,51.85
1e93642917f570ab,androidx/compose/ui/text/font/FontListFontFamilyTypefaceAdapter,14,76,18.42
f33813d1d2c81287,kotlinx/coroutines/flow/FlowKt__EmittersKt$onStart$$inlined$unsafeFlow$1,13,23,56.52
00ef17488da05ac7,androidx/appcompat/widget/ViewUtils,13,36,36.11
8323981caa1311e0,com/google/android/gms/wearable/internal/zzjr,13,44,29.55
9582e37fd6fc80e4,androidx/collection/MutableIntIntMap,13,160,8.12
755ee7d0e87939dd,kotlinx/coroutines/JobImpl,13,21,61.9
9c71a82afbdc4c1d,androidx/fragment/app/FragmentController,13,52,25.0
8c76bd412f1a5def,com/omelan/cofi/model/DataStoreKeysKt,13,18,72.22
0099162dcd5e5fa0,androidx/compose/material3/windowsizeclass/WindowSizeClass$Companion,13,15,86.67
db90ceeb7325e2d1,androidx/compose/ui/graphics/colorspace/ColorModel,13,32,40.62
545ecbfe4a8271fb,androidx/navigation/NavGraphBuilder,13,41,31.71
4e3e00ed2c9446a5,androidx/compose/foundation/ScrollingContainerKt,13,17,76.47
5dc5ef4f2683b10b,androidx/compose/material3/ShapesKt$WhenMappings,13,24,54.17
6f8b3b39fe80cf8a,androidx/compose/ui/text/platform/DefaultImpl,13,20,65.0
1e4c250746f0584e,androidx/compose/ui/text/style/TextIndent,13,28,46.43
e0d5a73aab270a71,androidx/lifecycle/Lifecycle$Event,13,20,65.0
06eb1982ef5916f1,androidx/navigation/NavigatorProvider$Companion,13,21,61.9
06aa2a1b549e3fe6,androidx/compose/ui/text/font/FontSynthesis,13,40,32.5
30c5ee842d911402,androidx/compose/ui/platform/WrappedComposition,13,29,44.83
c3fc2d4a88476ec9,androidx/work/impl/model/SystemIdInfoDao_Impl,13,74,17.57
762d5b2cfbccffc0,kotlin/collections/EmptyMap,13,31,41.94
c6daec9591d8f1bf,androidx/emoji2/text/DefaultEmojiCompatConfig$DefaultEmojiCompatConfigFactory,13,40,32.5
4ac5aa07330b5989,androidx/compose/foundation/lazy/grid/LazyGridItemProviderImpl$Item$1,13,16,81.25
2dcf034d869d62d0,androidx/compose/ui/text/android/style/IndentationFixSpan_androidKt,13,40,32.5
262471063c424750,androidx/compose/ui/semantics/SemanticsOwner,13,50,26.0
9edb21d948d3db8a,androidx/compose/ui/layout/LayoutNodeSubcompositionsState$subcompose$3$1$1,13,19,68.42
5f8e4f116f4cf3bf,androidx/compose/foundation/layout/WindowInsetsPaddingKt$onConsumedWindowInsetsChanged$2,13,17,76.47
9e8ce186ff696c1d,androidx/compose/material3/internal/AnchoredDraggableKt,13,42,30.95
aae2e1977d77fafa,androidx/compose/foundation/lazy/layout/LazyLayoutItemContentFactory,13,23,56.52
65b19898e234f268,androidx/datastore/core/DataStoreImpl$InitDataStore,13,26,50.0
828ced117fe57da5,androidx/compose/foundation/lazy/LazyListIntervalContent,13,24,54.17
7efb1f7eb48798fd,androidx/compose/runtime/changelist/Operation$InsertNodeFixup,13,32,40.62
16b8cfdd1033a741,com/google/android/gms/common/internal/ClientSettings,13,39,33.33
ccf376a649631d8e,androidx/compose/foundation/layout/WindowInsetsPaddingKt$windowInsetsPadding$2,13,17,76.47
1d54f173337451ed,kotlinx/coroutines/internal/MainDispatcherLoader,13,31,41.94
f37b80d39a98a618,androidx/compose/foundation/lazy/layout/NearestRangeKeyIndexMap$2$1,13,15,86.67
22eff7ececf8a9f3,androidx/compose/ui/graphics/vector/VectorComponent$drawVectorBlock$1,13,15,86.67
a6e14208c40f30ea,com/google/android/gms/common/api/internal/RegistrationMethods$Builder,13,22,59.09
ada7c2017857a781,androidx/compose/runtime/changelist/Operations$WriteScope,13,34,38.24
92b5a3df18833940,androidx/fragment/app/FragmentTransaction,13,96,13.54
ed8b4736ab68d05c,androidx/datastore/core/DataStoreImpl$updateCollection$1,13,16,81.25
bdf0199154eb82ca,kotlin/jvm/internal/TypeIntrinsics,13,209,6.22
4121adbe956ccdd8,androidx/compose/ui/platform/AndroidUiDispatcher$dispatchCallback$1,13,14,92.86
5089ac8d10d77882,com/google/android/gms/common/api/Status,13,51,25.49
920cd2343f332bde,androidx/compose/animation/core/AnimationVector1D,13,22,59.09
76bc56e24fc59aec,androidx/emoji2/text/EmojiCompatInitializer,13,14,92.86
baf5291eb51e10be,kotlinx/coroutines/internal/AtomicOp,13,18,72.22
adea8d73ebe99d1a,kotlin/ranges/RangesKt___RangesKt,13,518,2.51
b93c2ea33574549b,com/omelan/cofi/components/RecipeInfoKt$RecipeInfo$2$1$1$3,13,19,68.42
81c58aa1ba4ce6a7,androidx/sqlite/db/SupportSQLiteOpenHelper$Configuration$Builder,13,21,61.9
690a4a8e69e91ddb,androidx/compose/animation/core/TransitionKt$rememberTransition$1$1,13,21,61.9
662c9a3db76e5349,androidx/compose/ui/text/font/FontStyle,13,25,52.0
8b8395f5f6f1903d,com/google/android/gms/common/internal/Objects$ToStringHelper,13,13,100.0
6d692e0ef3e2ea1d,androidx/compose/material3/tokens/ElevationTokens,13,14,92.86
820a31cf57a53e8e,androidx/navigation/compose/NavHostKt$NavHost$32,13,20,65.0
2534e75036d4aaab,androidx/compose/ui/text/android/LayoutIntrinsics_androidKt,13,43,30.23
1306cd0c112f11fe,androidx/compose/ui/text/TextStyleKt,13,25,52.0
b5ddc54ce2316c7f,androidx/compose/ui/input/InputMode,13,24,54.17
3f8812245d950edb,androidx/compose/ui/text/input/KeyboardType,13,48,27.08
91d5322515ba28b0,androidx/compose/ui/layout/LayoutNodeSubcompositionsState$NodeState,13,19,68.42
d1481a4bb7c33c77,androidx/compose/runtime/snapshots/StateObjectImpl,12,13,92.31
ff49b6e038a2f1cb,androidx/compose/foundation/lazy/layout/LazyLayoutItemAnimation$animateAppearance$2,12,22,54.55
1806e6dcfbde84c4,kotlin/SynchronizedLazyImpl,12,20,60.0
78a204235d33e2df,androidx/room/RoomOpenHelper$Companion,12,40,30.0
420b7cc471166c7a,androidx/compose/ui/text/EmojiSupportMatch,12,26,46.15
b00399f76face240,androidx/compose/ui/graphics/ImageBitmapConfig,12,34,35.29
d9148226f093af9f,kotlinx/coroutines/flow/FlowKt__LimitKt$dropWhile$1$1,12,24,50.0
af24f28b13828b1c,androidx/compose/ui/text/intl/AndroidLocaleDelegateAPI24,12,20,60.0
3afa73cf8a7506a0,androidx/core/view/WindowInsetsCompat$TypeImpl30,12,14,85.71
488e9736abe13271,androidx/compose/material3/tokens/TopAppBarLargeTokens,12,17,70.59
f28335643fd1fe7f,androidx/compose/foundation/CanvasKt,12,51,23.53
dcc4e44b1941e6c9,androidx/compose/animation/AnimationModifierKt,12,28,42.86
5f1e9df429a22c5a,androidx/compose/ui/platform/LayerMatrixCache,12,24,50.0
a85a229ee121ec9b,androidx/compose/foundation/lazy/layout/IntervalListKt,12,13,92.31
691d6a626954a078,androidx/compose/foundation/lazy/LazyListItemProviderImpl$Item$1,12,16,75.0
710f6c751f312812,androidx/datastore/core/DataStoreInMemoryCache,12,21,57.14
027bafe33c4d1b8e,androidx/compose/ui/unit/TextUnit,12,60,20.0
1baf2b0eac8fd74e,androidx/compose/ui/text/font/PlatformTypefacesApi28,12,43,27.91
4ebfbb213d0f0301,androidx/compose/ui/text/PlatformParagraphStyle,12,39,30.77
b53d798f9cb23beb,androidx/compose/ui/text/input/ImeAction,12,45,26.67
38d6a5e75cabef0c,androidx/compose/ui/text/style/LineBreak_androidKt,12,12,100.0
6cd3ad0588ce0784,kotlinx/coroutines/flow/StartedWhileSubscribed$command$1,12,32,37.5
3af873199ab2bc8b,androidx/compose/ui/text/style/LineHeightStyle$Trim,12,35,34.29
93f0a9ec084c3db5,kotlinx/coroutines/flow/FlowKt__LimitKt$takeWhile$$inlined$unsafeFlow$1,12,20,60.0
83c785f54a1d9c18,com/omelan/cofi/pages/RecipeEditKt,12,711,1.69
30075b2ebe3284ad,androidx/compose/ui/text/android/TextAndroidCanvas,12,334,3.59
9e8c44d4f8f11310,com/omelan/cofi/JacocoInstrument/JacocoInstrumentation,12,53,22.64
5eb6932581877dd7,androidx/work/impl/model/WorkProgressDao_Impl,12,49,24.49
c604015b9d18abbd,androidx/compose/ui/node/LayoutNodeDrawScopeKt,12,14,85.71
683d8783fb6aa66d,com/google/android/gms/common/api/internal/zap,12,58,20.69
748a627a05120123,androidx/lifecycle/Lifecycle$State,12,13,92.31
62e08f3b14660d87,androidx/compose/runtime/changelist/Operation$UpdateAnchoredValue,12,46,26.09
4460c4c469d7bca3,androidx/compose/animation/core/AnimatableKt,12,24,50.0
f523176a88af5c6a,androidx/navigation/compose/ComposeNavigator,12,18,66.67
7ca30d1d12c375cb,androidx/compose/runtime/AbstractApplier,12,36,33.33
4f6fa39abb7cc137,androidx/work/impl/constraints/WorkConstraintsTracker,12,48,25.0
e614c04a888d786d,kotlinx/coroutines/flow/StartedWhileSubscribed,12,32,37.5
16af7c0381cc5cf7,androidx/datastore/core/DataStoreImpl$data$1,12,16,75.0
d73574fb9d4ac96e,kotlinx/coroutines/intrinsics/CancellableKt,12,32,37.5
4ad3afcc3838e514,androidx/core/view/WindowInsetsCompat$Impl20,12,125,9.6
babc974286adb3bc,com/omelan/cofi/pages/list/RecipeListKt$RecipeList$3,12,15,80.0
a3dcc2fcb75c6f66,androidx/compose/foundation/lazy/grid/LazyGridDslKt$rememberColumnWidthSums$1$1,12,15,80.0
b1e57f1790b844e7,androidx/compose/ui/graphics/Shadow,12,41,29.27
a488f383bbd557f7,androidx/lifecycle/viewmodel/compose/LocalViewModelStoreOwner,12,15,80.0
6ae13d0cead9e653,kotlin/coroutines/CoroutineContext$Element$DefaultImpls,12,12,100.0
0c08cce6eb23f0a2,kotlinx/coroutines/channels/ChannelCoroutine,12,37,32.43
d0a4471ce9bd0597,androidx/room/RoomDatabase$JournalMode,12,21,57.14
54bcfd309bd02e47,androidx/compose/material3/ShapeDefaults,12,12,100.0
7dfeb6be3877aef0,androidx/compose/runtime/external/kotlinx/collections/immutable/implementations/immutableMap/TrieNodeKt,12,27,44.44
a8937639a2fa4188,com/omelan/cofi/pages/list/ComposableSingletons$RecipeListHeaderInfoKt$lambda-4$1,12,14,85.71
b104329b0b5b5647,kotlinx/coroutines/DebugKt,12,33,36.36
c23aec043e6ceeef,androidx/compose/runtime/snapshots/SnapshotStateList$StateListStateRecord,12,13,92.31
9ea6a616f04bf779,androidx/work/impl/utils/SerialExecutorImpl,12,19,63.16
5e388fc42d20fc71,androidx/compose/foundation/lazy/LazyListMeasureKt$measureLazyList$8,11,13,84.62
1ed6c17c675b1847,androidx/compose/ui/text/platform/AndroidParagraphIntrinsics_androidKt,11,36,30.56
8f12de1fa6863683,com/kieronquinn/monetcompat/core/MonetCompat$Companion,11,40,27.5
e8f302a7dde8d680,com/omelan/cofi/pages/settings/CommonKt,11,19,57.89
f91d17a0923afd02,com/omelan/cofi/share/DataStore,11,27,40.74
b4c5cb6b7341ad5d,androidx/compose/foundation/ClickableElement,11,40,27.5
545faf445808010b,androidx/compose/foundation/shape/RoundedCornerShapeKt,11,55,20.0
dd073b0989efadf9,androidx/compose/animation/core/CubicBezierEasing,11,44,25.0
30b2227355ea45e3,androidx/navigation/NavDeepLinkDslBuilder,11,32,34.38
4bf564e254e35831,androidx/collection/internal/ContainerHelpersKt,11,18,61.11
a657d22582be928a,androidx/collection/MutableIntList,11,148,7.43
863d1144375984a6,androidx/compose/material3/internal/DraggableAnchorsNode,11,21,52.38
8cfac7815d8433f9,androidx/compose/ui/node/LayerPositionalProperties,11,41,26.83
1940624f29abd7ab,androidx/navigation/NavControllerViewModel,11,32,34.38
2e421be7e5b49534,androidx/compose/material3/windowsizeclass/AndroidWindowSizeClass_androidKt,11,13,84.62
b0b1eabcdb4d0407,androidx/compose/foundation/layout/InsetsPaddingValues,11,20,55.0
52819f5e7c537721,androidx/compose/ui/graphics/colorspace/RenderIntent,11,30,36.67
f29af3f16843efeb,com/omelan/cofi/components/ListInfoBoxKt$RecipeListInfoBox$1,11,14,78.57
42d9add3313e9909,androidx/compose/material3/TopAppBarColors,11,59,18.64
9f171d16b2f25795,androidx/compose/runtime/snapshots/ReadonlySnapshot,11,27,40.74
3f4b5c6b5547b113,androidx/compose/foundation/layout/UnspecifiedConstraintsNode,11,44,25.0
b3918050ad2bd97e,androidx/compose/ui/graphics/AndroidPaint_androidKt$WhenMappings,11,18,61.11
bff987dc0e8ad162,androidx/compose/ui/text/style/Hyphens,11,27,40.74
19c86eb4255fda0a,androidx/compose/ui/platform/WrappedComposition$setContent$1,11,13,84.62
3a0d3aa8ee2086a9,androidx/compose/foundation/lazy/grid/GridSlotCache,11,14,78.57
1118ea03716a0246,androidx/activity/compose/LocalOnBackPressedDispatcherOwner,11,20,55.0
2cb3aaafb2215ca6,androidx/compose/runtime/changelist/Operation$PostInsertNodeFixup,11,25,44.0
1b89010753bb01ef,kotlin/collections/AbstractList$Companion,11,45,24.44
10dcc954152ca451,com/omelan/cofi/components/ComposableSingletons$ListInfoBoxKt$lambda-2$1,11,14,78.57
3226ab5d3214027f,androidx/compose/material3/FabPosition,11,29,37.93
ca5396ea418eb4b8,androidx/compose/foundation/layout/WindowInsetsKt,11,38,28.95
528b88fa462d75f6,androidx/compose/ui/text/font/FontFamilyResolverImpl$resolve$result$1,11,14,78.57
e022e15f20f4e851,androidx/lifecycle/viewmodel/compose/ViewModelKt__ViewModelKt,11,71,15.49
d40f02b94a8836a0,androidx/compose/foundation/layout/PaddingNode,11,31,35.48
6322b46a51686c80,okio/FileSystem,11,161,6.83
8a643034c3c3f2ff,kotlin/coroutines/CoroutineContext$plus$1,11,12,91.67
792e62ab7d180a82,androidx/compose/runtime/changelist/Operation$InsertSlots,11,23,47.83
c9607cfcec46f4fe,kotlinx/coroutines/flow/internal/ChannelFlowTransformLatest$flowCollect$3$1$2,11,12,91.67
e2d06fb79371d3b2,androidx/compose/foundation/lazy/layout/LazyLayoutSemanticsModifierNode,11,53,20.75
6cfd62f099e6d9c3,androidx/compose/ui/res/ResourceIdCache,11,16,68.75
aaf32da462b24b26,androidx/compose/runtime/saveable/SaveableStateHolderKt,11,13,84.62
fb05abf7274bb81e,androidx/compose/ui/BiasAlignment,11,26,42.31
6f5b3c97b1b1ada6,androidx/compose/animation/AnimatedContentMeasurePolicy$measure$3,11,12,91.67
3d5df6c1d28ec909,androidx/work/impl/CleanupCallback,11,13,84.62
95521d8accec1474,com/omelan/cofi/components/ComposableSingletons$PipAwareAppBarKt$lambda-1$1,11,14,78.57
2da38ce1751c2411,androidx/compose/ui/geometry/Rect,11,139,7.91
2c0db242fb6ef5a2,androidx/compose/ui/text/style/BaselineShift,11,23,47.83
b87061f36ca4a5e3,androidx/navigation/compose/ComposeNavigator$Destination,11,14,78.57
b5097c0a4b0992df,androidx/compose/ui/input/pointer/SuspendPointerInputElement,11,41,26.83
b63ec282c60d026a,androidx/compose/runtime/saveable/ListSaverKt$listSaver$1,11,16,68.75
fc985f68974f25b5,androidx/compose/ui/text/font/PlatformFontFamilyTypefaceAdapter,11,23,47.83
ef47674e24519d6b,androidx/work/impl/model/PreferenceDao_Impl,11,30,36.67
ac564767a438fe4f,androidx/compose/ui/draw/CacheDrawScope,11,27,40.74
15e0b694d8aaea11,androidx/compose/ui/text/style/LineBreak$Strategy,11,30,36.67
7fffd72c5578ec4a,com/omelan/cofi/pages/list/RecipeListKt$RecipeList$2,11,13,84.62
e5c9a4f700805326,androidx/compose/animation/core/VectorizedSpringSpec,11,20,55.0
6f527f31082a8b07,androidx/appcompat/widget/ViewStubCompat,11,44,25.0
969401fabd1e9fff,androidx/lifecycle/ViewModelLazy,11,18,61.11
78c7074f86510c4b,androidx/core/graphics/Insets,11,31,35.48
9f82e063479eadeb,androidx/compose/foundation/shape/CornerBasedShape,11,40,27.5
a46b548c49f52cc8,kotlinx/coroutines/channels/ProduceKt,11,64,17.19
656ddca1d2e33c2a,androidx/emoji2/text/EmojiCompatInitializer$BackgroundDefaultLoader,11,13,84.62
faba48d68af48fb2,kotlin/collections/EmptySet,11,28,39.29
5a332c85e30c2288,kotlin/collections/SetsKt___SetsKt,11,56,19.64
d516204b7339f187,androidx/compose/material3/tokens/TypefaceTokens,11,12,91.67
8f2d055fb0886246,androidx/compose/ui/text/android/TextAlignmentAdapter,11,16,68.75
0a4c46baf38847b9,androidx/lifecycle/LiveData$LifecycleBoundObserver,11,14,78.57
1b8758b679830275,androidx/compose/foundation/lazy/layout/AndroidPrefetchExecutor$Companion,11,14,78.57
ae20722e286e6d2b,androidx/sqlite/util/ProcessLock$Companion,11,13,84.62
6cfc7a92960819e2,com/kieronquinn/monetcompat/core/MonetCompat$updateMonetColorsInternal$1$1,11,15,73.33
c7e6e06424759a15,com/omelan/cofi/pages/list/RecipeListKt$RecipeList$4$1,11,12,91.67
e4de53bea227cfc5,kotlinx/coroutines/flow/FlowKt__ShareKt$launchSharing$1$2,11,18,61.11
d454f4a230694bdb,kotlinx/coroutines/flow/DistinctFlowImpl$collect$2,11,18,61.11
87088a72a801fe27,androidx/compose/ui/text/style/TextOverflow,11,27,40.74
ffa01edef0814a87,androidx/navigation/NavBackStackEntry$Companion,11,16,68.75
fd97f7c967e55610,androidx/collection/ScatterMapKt,11,52,21.15
0aadaef98c4393c6,androidx/appcompat/widget/AppCompatDrawableManager,11,21,52.38
3b290ac0fac27730,kotlinx/coroutines/flow/internal/CombineKt$combineInternal$2$1$1,11,17,64.71
682546973b3f4957,androidx/compose/foundation/layout/WrapContentElement$Companion,11,11,100.0
21f92d63ec8d7ced,androidx/compose/material3/FloatingActionButtonKt$FloatingActionButton$2,11,14,78.57
236aa88358eb4eca,kotlinx/coroutines/CoroutineContextKt,11,68,16.18
185d3b6ca74f59af,androidx/compose/ui/layout/ScaleFactor,11,47,23.4
a61b4ee6739a86b5,androidx/compose/ui/platform/WindowRecomposer_androidKt$getAnimationScaleFlowFor$1$1$1,11,26,42.31
2f58d6627781304b,androidx/compose/ui/node/Owner,11,31,35.48
12b12ba95fe326e1,androidx/compose/material3/FloatingActionButtonElevation$animateElevation$1$1,10,16,62.5
7f07511fed9aa28e,kotlinx/coroutines/scheduling/TasksKt,10,14,71.43
f97bccbe97bbc371,androidx/compose/foundation/lazy/grid/LazyGridMeasuredItemProvider,10,16,62.5
baafee29da642ffd,androidx/compose/ui/text/font/TypefaceRequest,10,39,25.64
fec334918fd7a4fc,com/omelan/cofi/share/DataStore$getStepChangeSoundSetting$$inlined$map$1$2,10,14,71.43
d44a093e0bf7f72f,com/omelan/cofi/share/model/StepDao_Impl,10,22,45.45
c90fddaab38486da,androidx/navigation/compose/NavHostKt$NavHost$finalEnter$1$1,10,22,45.45
73a7fb15dd8217aa,kotlinx/coroutines/CoroutineDispatcher,10,13,76.92
113b7afe2c60a512,com/omelan/cofi/share/model/RecipeIconTypeConverter,10,14,71.43
10d82642ac245858,androidx/work/impl/background/greedy/GreedyScheduler,10,121,8.26
5984251bfa52c5e4,androidx/compose/ui/platform/actionmodecallback/TextActionModeCallback,10,79,12.66
a5fe353cbe9f2ddb,androidx/compose/runtime/changelist/Operations$OpIterator,10,11,90.91
ac68075fc9b2214d,androidx/appcompat/widget/AppCompatDrawableManager$1,10,152,6.58
c05d26a8279205b2,androidx/compose/material3/DelegatingThemeAwareRippleNode,10,18,55.56
7aa1149190731aa8,com/omelan/cofi/pages/list/ComposableSingletons$RecipeListKt$lambda-2$1,10,12,83.33
c04b4093b61133f7,androidx/compose/runtime/saveable/SaveableStateRegistryKt,10,12,83.33
15ce2021a55cf69f,androidx/compose/ui/input/pointer/PointerEventType,10,38,26.32
efedb30063b7f90b,androidx/compose/foundation/lazy/layout/LazyLayoutNearestRangeState,10,14,71.43
d205b3cc21fca767,androidx/compose/ui/layout/ContentScale$Companion,10,23,43.48
0ba13a957cb16ade,androidx/compose/foundation/layout/ExcludeInsets,10,16,62.5
d74907877bdacc8d,androidx/compose/foundation/layout/InsetsListener,10,47,21.28
b99d5d4b56baba6b,okio/Path$Companion,10,20,50.0
203183773b513065,androidx/compose/foundation/layout/ColumnMeasurePolicy$placeHelper$1$1,10,10,100.0
98412c6a42b61e06,androidx/compose/foundation/gestures/ScrollableKt,10,32,31.25
1319d245649d8ce9,androidx/compose/material3/tokens/TopAppBarSmallTokens,10,19,52.63
8fbca246d05cd43a,androidx/compose/runtime/SnapshotThreadLocal,10,18,55.56
c5200d8a1e8e5c93,androidx/compose/foundation/lazy/LazyItemScopeImpl,10,22,45.45
027f2d456d02a958,kotlinx/coroutines/flow/internal/ChannelFlowTransformLatest$flowCollect$3$1,10,16,62.5
979ca42cf55aed76,com/omelan/cofi/components/ComposableSingletons$PipAwareAppBarKt$lambda-2$1,10,12,83.33
7cea942644d467b9,androidx/compose/ui/platform/GlobalSnapshotManager,10,11,90.91
c4479396b204a9d4,androidx/arch/core/internal/FastSafeIterableMap,10,11,90.91
32f96ea5a278b333,com/omelan/cofi/share/model/RecipeDao_Impl,10,23,43.48
6f379dba9c83e343,kotlinx/coroutines/android/HandlerDispatcherKt,10,61,16.39
ee1973f2ddbfedd1,androidx/work/impl/Processor,10,159,6.29
528f502a4a1e052e,androidx/navigation/compose/NavHostKt$NavHost$finalSizeTransform$1$1,10,13,76.92
f1625dddc6aa47bd,kotlin/jvm/internal/ClassReference$Companion,10,45,22.22
6a1e5c7934d90f16,androidx/compose/animation/core/Animatable$snapTo$2,10,11,90.91
fcbcda59f3c9f887,com/omelan/cofi/share/DataStore$getStepChangeVibrationSetting$$inlined$map$1$2,10,14,71.43
70c9796d7344f4ac,androidx/navigation/compose/NavHostKt$NavHost$finalExit$1$1,10,22,45.45
3b343bab5726d9e2,androidx/compose/ui/text/style/TextMotion$Linearity,10,27,37.04
cff7becae2229dbf,androidx/compose/foundation/lazy/LazyListIntervalContent$item$3,10,14,71.43
e242c3cb200a6f34,androidx/compose/ui/layout/LayoutNodeSubcompositionsState$createMeasurePolicy$1$measure-3p2s80s$$inlined$createMeasureResult$2,10,10,100.0
160a3b8ebdc3ff47,kotlinx/coroutines/flow/FlowKt__MergeKt$mapLatest$1,10,15,66.67
1668b508065aaa35,androidx/activity/OnBackPressedCallback,10,21,47.62
ff4a7f066147ae56,kotlinx/coroutines/CoroutineScopeKt,10,30,33.33
f8853f4448f9a055,com/omelan/cofi/MainActivityViewModel,10,12,83.33
dc3d23d86dab6278,androidx/collection/ObjectList,10,232,4.31
deb13f911ea22e23,androidx/compose/foundation/gestures/ContentInViewNode,10,149,6.71
e037be38f7e6dbc7,com/google/android/gms/common/GoogleApiAvailability,10,180,5.56
3a1b9c60437c7733,androidx/compose/ui/layout/RootMeasurePolicy,10,29,34.48
162a2f56d5045e1a,com/omelan/cofi/utils/NavigationUtilsKt,10,13,76.92
4c19c3c4a0061d4c,androidx/core/content/res/ComplexColorCompat,10,47,21.28
fe47cc3ef25db32b,kotlinx/coroutines/flow/internal/ChannelFlow$collect$2,10,12,83.33
524c1a7a69343217,kotlinx/coroutines/flow/FlowKt__LimitKt$takeWhile$lambda$6$$inlined$collectWhile$1,10,20,50.0
55fcf8e78ed49024,com/omelan/cofi/components/RecipeInfoKt$RecipeInfo$stepInfo$2$1,10,10,100.0
c01cbd55d59b9cc9,androidx/compose/foundation/gestures/DraggableNode,10,30,33.33
29ed9cc5f98918ec,androidx/compose/runtime/SnapshotStateKt__DerivedStateKt,10,52,19.23
6522859ca4a9511e,androidx/compose/runtime/changelist/Operation,10,16,62.5
8f24628b2034b8a5,androidx/compose/ui/layout/LayoutNodeSubcompositionsState$createMeasurePolicy$1,10,16,62.5
02398a6e6cf851d9,androidx/compose/animation/EnterExitTransitionKt$createGraphicsLayerBlock$1$1$block$1,10,14,71.43
0c71777a6dbc0028,kotlinx/coroutines/channels/ChannelResult,10,41,24.39
3cab072315f958b6,com/omelan/cofi/components/ComposableSingletons$PipAwareAppBarKt,10,14,71.43
57f09be691c4ab19,androidx/compose/ui/graphics/TransformOrigin,10,35,28.57
8889feea5a98db8e,androidx/compose/foundation/layout/WindowInsets_androidKt,10,184,5.43
3f3341e8f6a7b030,kotlinx/coroutines/YieldKt,10,19,52.63
edda99636632aaef,androidx/compose/foundation/OverscrollConfiguration,10,23,43.48
b12f0feabad7fd92,androidx/compose/ui/graphics/colorspace/ColorSpace,10,38,26.32
14e964a7f9f0705e,kotlin/sequences/SequencesKt__SequencesKt,10,49,20.41
7af5f234d7e2853f,androidx/compose/foundation/layout/RowColumnImplKt,10,71,14.08
9eff67c2ecf96ff5,androidx/compose/ui/unit/Constraints$Companion,10,61,16.39
9beb7bc76f24340a,kotlin/time/DurationUnit,10,13,76.92
1ca536815ee88f86,com/omelan/cofi/pages/list/ComposableSingletons$RecipeListHeaderInfoKt$lambda-5$1,10,12,83.33
2ac8b91bfdcaf555,kotlinx/coroutines/sync/MutexImpl$CancellableContinuationWithOwner,10,48,20.83
8d2a19d5a6bb8921,androidx/lifecycle/Lifecycle$Event$Companion,10,26,38.46
b1b9e5ff160d99bf,androidx/compose/ui/platform/WindowRecomposerPolicy,10,27,37.04
6f3f54460d16ed90,com/omelan/cofi/utils/WearUtils$observeChangesAndSendToWear$1,10,16,62.5
8135671eb07e6a52,androidx/compose/foundation/gestures/DraggableElement,10,41,24.39
e79e9966a243201b,androidx/compose/material3/internal/MutableWindowInsets,10,16,62.5
44249b3d442bc7ce,kotlinx/coroutines/flow/FlowKt__ShareKt$launchSharing$1,10,31,32.26
4852c638c16eb215,androidx/compose/material3/TypographyKt,10,25,40.0
d35161600f7b8015,androidx/compose/ui/graphics/layer/CompositingStrategy,10,22,45.45
98c54bf6b10f1f54,androidx/core/os/LocaleListCompat,10,60,16.67
1c5ce21f0bc16860,kotlinx/coroutines/internal/ConcurrentLinkedListKt,10,93,10.75
9c2259656b203155,kotlinx/coroutines/flow/SharingStarted$Companion,10,12,83.33
2c9e93e4bd785dbe,androidx/core/view/WindowInsetsCompat$Impl30,10,11,90.91
88f1eda21314b654,com/omelan/cofi/utils/WearUtils$ObserveIfWearAppInstalled$2,9,30,30.0
b97f1ca31b025eaf,androidx/compose/animation/AnimatedVisibilityKt$AnimatedEnterExitImpl$shouldDisposeAfterExit$2$1,9,13,69.23
8514b60e9bf8899c,com/omelan/cofi/utils/WearUtils$sendDataToWearOS$1,9,27,33.33
f8bc8a625e40ed08,kotlinx/coroutines/flow/internal/ChannelFlowTransformLatest,9,16,56.25
3a57c4288566d9b5,androidx/lifecycle/SavedStateHandle$Companion,9,31,29.03
cbc37094b89d808a,androidx/navigation/NavBackStackEntryState,9,30,30.0
9bb8d0650088af12,com/omelan/cofi/pages/list/ComposableSingletons$RecipeListHeaderInfoKt,9,12,75.0
c59e17902674d033,com/omelan/cofi/pages/details/RecipeDetailsKt,9,408,2.21
acdf0812ecfaccb9,androidx/datastore/preferences/core/PreferenceDataStoreFactory,9,49,18.37
e16355f972a8e2bc,androidx/compose/material3/ScaffoldKt$Scaffold$2,9,12,75.0
fef1707afea756b4,androidx/core/view/WindowInsetsCompat$Type,9,21,42.86
74167c8bcf3060cc,androidx/compose/ui/draw/PainterModifierKt,9,15,60.0
92a2b44139fb575e,androidx/compose/foundation/lazy/grid/LazyGridMeasureKt$measureLazyGrid$6,9,9,100.0
87e6f4ebcf3034a1,dev/kdrag0n/monet/colors/Srgb,9,36,25.0
2481e59bf40bdc2d,androidx/compose/ui/platform/WindowRecomposer_androidKt$createLifecycleAwareWindowRecomposer$2$WhenMappings,9,16,56.25
72b51deaae3dc836,com/google/android/gms/common/api/internal/ApiKey,9,15,60.0
cd9c91b63a73ef92,kotlinx/coroutines/CompletedExceptionally,9,12,75.0
82d22166e1e0ab81,kotlin/internal/jdk8/JDK8PlatformImplementations$ReflectSdkVersion,9,14,64.29
3a8c9dae6eac039b,androidx/compose/ui/graphics/PaintingStyle,9,24,37.5
85205af2c9abdc49,androidx/compose/ui/graphics/vector/PathNode,9,9,100.0
0fe0c4ae20d88172,kotlinx/coroutines/flow/StartedWhileSubscribed$command$2,9,10,90.0
33066e5e3e0e486b,androidx/lifecycle/DefaultLifecycleObserverAdapter$WhenMappings,9,16,56.25
66b4f0042d63309f,kotlinx/coroutines/flow/FlowKt__ReduceKt,9,172,5.23
642910d650276f94,androidx/compose/runtime/SnapshotStateKt__SnapshotFlowKt$collectAsState$1$1,9,19,47.37
42070baa363cf3c0,com/omelan/cofi/components/ComposableSingletons$ListInfoBoxKt,9,12,75.0
7ef8b57f26cb01e7,kotlinx/coroutines/Job$DefaultImpls,9,21,42.86
b323efe2fdeb0c69,androidx/sqlite/db/framework/FrameworkSQLiteOpenHelper$OpenHelper$Companion,9,10,90.0
2754779716804862,androidx/compose/material3/RippleConfiguration,9,26,34.62
9c4ef7b8418d841a,androidx/lifecycle/Lifecycle$Event$WhenMappings,9,16,56.25
c4795bc9ce443f9d,androidx/compose/runtime/ComposablesKt,9,195,4.62
4946c0688a790dd2,androidx/compose/ui/text/font/FontFamily,9,15,60.0
b60286066a7614d1,com/omelan/cofi/share/DataStore$getWeightSetting$$inlined$map$1$2,9,13,69.23
6321e6011b99d194,androidx/compose/ui/res/Resources_androidKt,9,11,81.82
8cc5add3d482daa0,com/omelan/cofi/utils/WearUtils$sendSettingsToWearOS$1,9,27,33.33
183992cf8c952931,androidx/collection/ArraySetKt,9,231,3.9
4dd75c24cc11b295,androidx/lifecycle/Lifecycling,9,95,9.47
d66cf6a4c3ba0cdd,androidx/activity/contextaware/ContextAwareHelper,9,15,60.0
e59e91af531ba8dd,androidx/compose/material3/SwipeToDismissBoxState,9,31,29.03
9cc0109a33e9af94,androidx/compose/ui/graphics/StrokeJoin,9,27,33.33
7385b17f3a0a689c,kotlinx/coroutines/sync/SemaphoreKt,9,40,22.5
1cd59472a6153ec0,kotlinx/coroutines/internal/LockFreeLinkedListNode$CondAddOp,9,13,69.23
b1b7dae933312927,androidx/compose/material3/internal/InternalMutatorMutex,9,33,27.27
7f0d7a293312a791,androidx/compose/ui/text/style/LineBreak$WordBreak,9,27,33.33
5808e4c040c76e00,androidx/lifecycle/ProcessLifecycleOwner$attach$1,9,13,69.23
b222bb461efb05e8,kotlinx/coroutines/flow/FlowKt__ZipKt$combine$$inlined$combineUnsafe$FlowKt__ZipKt$1$2,9,16,56.25
550c92fff2f7279f,com/google/accompanist/systemuicontroller/SystemUiController,9,51,17.65
bf89feae321bc19a,androidx/compose/material3/internal/DraggableAnchorsNode$measure$1,9,13,69.23
fe4322644e0201a7,androidx/compose/ui/text/style/TextDecoration,9,28,32.14
9e347a61e1977602,androidx/compose/material3/ComposableSingletons$AppBarKt$lambda-18$1,9,12,75.0
29d6a4239b0f8500,androidx/compose/animation/AnimatedVisibilityKt$AnimatedVisibilityImpl$1$1,9,12,75.0
d17e0799ee3dedf1,androidx/collection/ArrayMap,9,56,16.07
43c5d5f56525a642,androidx/compose/ui/node/UiApplier,9,13,69.23
cef85c90f82fdfdf,androidx/compose/ui/graphics/SolidColor,9,18,50.0
be59af9411a9d641,androidx/compose/ui/focus/FocusStateImpl,9,20,45.0
2608263530a9e619,androidx/compose/ui/unit/TextUnitKt,9,71,12.68
f40536ea8caab8d1,androidx/compose/material3/ShapesKt,9,41,21.95
d798febfd5d06a68,androidx/navigation/compose/NavHostKt$NavHost$32$1,9,12,75.0
79ac81add0c73e77,androidx/room/InvalidationLiveDataContainer,9,10,90.0
9a8f4e6c2aa2e8f7,androidx/compose/runtime/SnapshotMutableLongStateImpl,9,37,24.32
522b2f0f0b95606e,androidx/compose/foundation/layout/UnionInsets,9,14,64.29
737fe21e95b0f3cd,androidx/compose/runtime/Recomposer$Companion,9,83,10.84
b88235a566dc3cc2,androidx/compose/ui/graphics/FilterQuality,9,31,29.03
17898b16eb7ae0a3,androidx/compose/foundation/layout/WindowInsetsSides$Companion,9,14,64.29
00714e6f8fe6966a,androidx/compose/runtime/ActualAndroid_androidKt,9,14,64.29
7065d00f1825afd8,androidx/lifecycle/DefaultLifecycleObserverAdapter,9,14,64.29
1581b4fdf52d4ded,androidx/compose/ui/text/style/LineHeightStyle,9,20,45.0
08ab59f66e9ec58b,androidx/compose/foundation/layout/RowMeasurePolicy$placeHelper$1$1,9,9,100.0
29495f1ca684aab2,androidx/compose/ui/text/style/TextForegroundStyle,9,16,56.25
f0706b3b03af6352,androidx/compose/material3/ComposableSingletons$AppBarKt$lambda-17$1,9,12,75.0
2871792c11dfdb44,androidx/lifecycle/viewmodel/MutableCreationExtras,9,11,81.82
1644e0ef2cad06eb,androidx/navigation/compose/NavHostKt$NavHost$visibleEntries$2$1,9,10,90.0
a4a143c3abeb31c9,kotlinx/coroutines/flow/internal/ChannelFlowTransformLatest$flowCollect$3,9,13,69.23
8a342633f5e88479,androidx/compose/material3/ComposableSingletons$ScaffoldKt$lambda-3$1,9,12,75.0
6b0e0b7b83ad5e6f,com/omelan/cofi/MainActivity$MainNavigation$2$1,9,13,69.23
993676457067e2f3,kotlin/collections/builders/MapBuilder$Companion,9,9,100.0
d1fee9185a441c01,kotlinx/coroutines/tasks/TasksKt,9,44,20.45
ce66df4334b7fb61,androidx/compose/foundation/layout/SpacerMeasurePolicy,9,10,90.0
e9c25f82604d4959,androidx/lifecycle/LiveData$ObserverWrapper,9,11,81.82
d29170c0fae787ef,androidx/compose/material3/ComposableSingletons$ScaffoldKt$lambda-2$1,9,12,75.0
1bcf75450fe6be07,androidx/compose/foundation/text/modifiers/InlineDensity,9,27,33.33
0a5e3dfb17347f21,kotlin/ranges/IntProgression,9,33,27.27
a71b6eb28c387a6c,androidx/compose/ui/platform/MotionDurationScaleImpl,9,10,90.0
6bf471e8d2cb2859,kotlinx/coroutines/internal/Segment,8,27,29.63
7c5262bee4047a0b,androidx/compose/runtime/changelist/Operation$EndCompositionScope,8,20,40.0
9b1cfe367c43b980,com/google/android/gms/common/internal/service/zao,8,8,100.0
36ddbfbec8b0a0ff,androidx/compose/foundation/lazy/layout/LazySaveableStateHolderKt$LazySaveableStateHolderProvider$1,8,12,66.67
760b118a6413a2c7,androidx/datastore/core/DataMigrationInitializer$Companion$getInitializer$1,8,12,66.67
66070d0314619e9b,kotlinx/coroutines/internal/SystemPropsKt,8,8,100.0
3b595b21e4dcc6e6,androidx/compose/foundation/gestures/DragGestureDetectorKt,8,843,0.95
0fee473512397850,androidx/compose/ui/node/LayoutNode$LayoutState,8,9,88.89
f47c611cc65ff187,kotlinx/coroutines/flow/internal/SafeCollector_commonKt$checkContext$result$1,8,16,50.0
85a96e4a82edebfd,androidx/compose/ui/text/style/TextMotion,8,28,28.57
c2b9b661a6c1113e,androidx/compose/foundation/ClipScrollableContainerKt,8,8,100.0
97e588f75c204051,androidx/lifecycle/LifecycleRegistry$Companion,8,10,80.0
7dfb070c95186c9e,androidx/compose/ui/input/pointer/PointerIcon_androidKt,8,10,80.0
f1364f7ce67c7b44,androidx/compose/material3/internal/AnchoredDraggableState$trySnapTo$1,8,9,88.89
b37551c8573cb66b,androidx/fragment/app/FragmentActivity$HostCallbacks,8,30,26.67
2996fa546288b2b4,androidx/compose/foundation/lazy/layout/LazyLayoutItemContentFactory$CachedItemContent,8,10,80.0
53c8f932b438da92,com/omelan/cofi/model/DataStore$getLastSeenUpdateNoticeVersion$$inlined$map$1$2,8,14,57.14
98f44a4f9d9f6bb2,androidx/compose/material3/RippleNodeFactory,8,22,36.36
0e744aae7dde5db7,androidx/compose/animation/core/EasingKt,8,9,88.89
ce4afb8d2d221dc0,androidx/compose/ui/platform/AndroidCompositionLocals_androidKt$ProvideAndroidCompositionLocals$3,8,12,66.67
13d79b2d1d3bf0f7,com/google/android/gms/common/stats/ConnectionTracker,8,61,13.11
5a6e04f40dbbd64f,com/google/android/gms/common/api/internal/LifecycleCallback,8,20,40.0
90d45fa103f9a958,androidx/compose/animation/AnimatedEnterExitMeasurePolicy$measure$1,8,8,100.0
1ba186b12c38370d,androidx/compose/ui/ComposedModifierKt$materialize$result$1,8,8,100.0
3a5f3e6634e5b6f2,androidx/compose/foundation/lazy/layout/LazyLayoutItemContentFactoryKt$SkippableItem$1,8,11,72.73
8f2a5efbd570c395,okio/Segment,8,48,16.67
6e749e2b0285f58a,com/omelan/cofi/utils/WearUtils$observeChangesAndSendToWear$1$2,8,8,100.0
6338016c9d0c18da,androidx/work/impl/WorkDatabasePathHelper,8,47,17.02
49e5a8e723dc0aca,com/omelan/cofi/components/ComposableSingletons$ListInfoBoxKt$lambda-1$1,8,12,66.67
29afebcc69a8826a,com/omelan/cofi/components/RecipeInfoKt$RecipeInfo$2$1$1$1$1,8,11,72.73
2d6617a8708983f1,androidx/compose/runtime/changelist/Operation$Ups,8,15,53.33
5cdfbc6294d5be43,androidx/compose/ui/text/style/TextAlign$Companion,8,10,80.0
9af45dc77bac96c0,androidx/compose/ui/modifier/BackwardsCompatLocalMap,8,16,50.0
51333d5d98161e13,kotlin/Result,8,31,25.81
9ba3a50a4a053e13,androidx/datastore/core/DataStoreImpl$internalDataFlow$1$2,8,12,66.67
9bd6820f34834780,com/omelan/cofi/components/ListInfoBoxKt$RecipeListInfoBox$1$1$2$2,8,11,72.73
94e8e09f75e9eaa6,androidx/compose/foundation/lazy/LazyItemScope,8,37,21.62
53d9aef3b12ee743,androidx/compose/ui/text/TextRangeKt,8,20,40.0
924e4176b6850edf,androidx/compose/ui/node/ComposeUiNode$Companion,8,13,61.54
bfbe1b803aba3514,androidx/compose/foundation/lazy/layout/AndroidPrefetchExecutor,8,41,19.51
4b0c41cd9a641b18,androidx/compose/foundation/FocusableInteractionNode,8,30,26.67
35ba917c818e6eac,androidx/lifecycle/ViewModelStore,8,14,57.14
c37fd9d031e8874c,androidx/compose/material3/tokens/TypographyTokensKt,8,9,88.89
c14d2166f832140c,kotlinx/coroutines/internal/ThreadContextKt,8,17,47.06
dec8446d322d64ab,androidx/compose/runtime/Updater,8,50,16.0
61a44c1c8e438f5e,androidx/compose/ui/layout/LayoutNodeSubcompositionsState$Scope$layout$1,8,12,66.67
e8bfb9ac4e503382,com/omelan/cofi/pages/list/ComposableSingletons$RecipeListKt$lambda-1$1,8,12,66.67
852ccf7ce57763fd,androidx/compose/ui/graphics/CompositingStrategy,8,22,36.36
8917ef509c9a37cc,androidx/compose/runtime/Recomposer$join$2,8,10,80.0
21c02332a3f66c39,kotlin/ranges/IntProgressionIterator,8,14,57.14
d7d9aa0a845654eb,androidx/compose/foundation/layout/WindowInsetsPaddingKt,8,18,44.44
1ae4f8ccb66779fc,kotlinx/coroutines/flow/SharedFlowSlot,8,12,66.67
7037280ab0de6523,androidx/compose/ui/platform/WindowRecomposer_androidKt$createLifecycleAwareWindowRecomposer$2,8,11,72.73
d7e89e275963feac,com/omelan/cofi/pages/list/ComposableSingletons$RecipeListKt,8,8,100.0
aa1cc4dbe889883f,androidx/lifecycle/LifecycleRegistry$ObserverWithState,8,11,72.73
ae11fd49fc44419e,kotlinx/coroutines/flow/internal/ChannelFlow$collectToFun$1,8,12,66.67
23ecdcdb256b14f3,androidx/compose/ui/graphics/StrokeCap,8,27,29.63
744336cc36cebaa0,androidx/compose/material3/DividerDefaults,8,10,80.0
31f91cc3248499a8,com/google/android/gms/common/internal/ClientSettings$Builder,8,9,88.89
238965ec6519136b,androidx/compose/foundation/lazy/LazyListKt$rememberLazyListMeasurePolicy$1$1$measuredItemProvider$1,8,8,100.0
556573d6d352c4dd,androidx/datastore/core/DataMigrationInitializer$Companion$runMigrations$2,8,23,34.78
c5028d4f726c8b6e,androidx/compose/runtime/Recomposer$State,8,10,80.0
fa5ffc8d005a57d2,kotlin/coroutines/intrinsics/IntrinsicsKt__IntrinsicsJvmKt,8,57,14.04
3c1341c682548e08,androidx/profileinstaller/ProfileVerifier$Cache,8,40,20.0
c6f791e468c9ce54,com/omelan/cofi/model/DataStore$getDismissedInfoBoxes$$inlined$map$1$2,8,14,57.14
22a2bac38a86237c,androidx/collection/ArrayMap$MapIterator,8,40,20.0
9b1bbbc8378c06e7,kotlinx/coroutines/DispatchedCoroutine,8,23,34.78
b97167d8d74a781f,com/omelan/cofi/components/ListInfoBoxKt$RecipeListInfoBox$1$1$1$1,8,11,72.73
eae45a54c09ee229,androidx/lifecycle/ProcessLifecycleInitializer,8,10,80.0
af8515cbd10f7965,com/google/android/gms/common/api/internal/BaseImplementation$ApiMethodImpl,8,21,38.1
c529788a8f0821e1,androidx/work/impl/background/greedy/TimeLimiter,8,23,34.78
77b462c0d78f9180,androidx/compose/ui/graphics/vector/PathNode$RelativeArcTo,8,43,18.6
25bd4b48fcf9e19f,androidx/compose/ui/graphics/PathFillType,8,24,33.33
0cf9de0a0745c65a,androidx/room/InvalidationTracker$Companion,8,13,61.54
3441a709fd8e3ad2,androidx/sqlite/db/SimpleSQLiteQuery,8,12,66.67
5b864ba2b1a9f5df,androidx/tracing/Trace,8,71,11.27
a48264564b6bff29,androidx/compose/ui/text/input/KeyboardCapitalization,8,33,24.24
1a3106efd159d955,androidx/compose/foundation/DarkTheme_androidKt,8,11,72.73
47556be6ffdb866e,androidx/room/InvalidationTracker$ObserverWrapper,8,58,13.79
7262e609d6b6f7d7,kotlin/collections/CollectionsKt__CollectionsKt,8,143,5.59
b9266da35492d51d,androidx/compose/ui/graphics/colorspace/ConnectorKt,8,9,88.89
5874013cba09d656,androidx/compose/ui/text/android/StaticLayoutFactory,8,49,16.33
811d82ee5333c5e7,androidx/compose/runtime/external/kotlinx/collections/immutable/implementations/persistentOrderedSet/PersistentOrderedSet,8,65,12.31
e0f1c76f5d278f89,androidx/compose/runtime/GroupKind,8,31,25.81
9641a9384b1a41c6,androidx/compose/foundation/layout/WindowInsetsPadding_androidKt,8,62,12.9
ff4d9f1e560e438a,androidx/compose/foundation/lazy/layout/LazyLayoutIntervalContent,8,21,38.1
152e92e69e26ef78,androidx/compose/material3/internal/AnchoredDraggableState$targetValue$2,8,9,88.89
0d2f5b84ef3b8f74,androidx/compose/ui/unit/DpKt,8,110,7.27
155606d5804ec4de,androidx/compose/runtime/changelist/Operation$UpdateNode,8,20,40.0
b917897076adb109,androidx/compose/ui/graphics/BlendMode$Companion,8,31,25.81
c4bef49405ceedbd,androidx/compose/ui/platform/WeakCache,8,20,40.0
59fe46fa1fb798d1,androidx/compose/ui/graphics/BlendModeColorFilter,8,14,57.14
4783288ce5fe5299,com/omelan/cofi/components/RecipeInfoKt$RecipeInfo$2$1$1$3$1,8,11,72.73
4692dbff60b085a4,androidx/compose/ui/input/InputModeManagerImpl,8,9,88.89
01a0eb10db6e2954,com/omelan/cofi/MainActivity$MainNavigation$2$1$5,8,8,100.0
8663126e1590d920,kotlin/text/Charsets,8,20,40.0
7b67bf95eaca96e9,androidx/core/view/WindowInsetsControllerCompat,8,25,32.0
80121c4dfac23e61,androidx/datastore/core/DataStoreImpl$internalDataFlow$1$1,8,10,80.0
cde5e04c7443a0db,androidx/compose/ui/graphics/MatrixKt,8,13,61.54
36c99bb36977fe2d,com/omelan/cofi/share/DataStoreKeysKt,8,19,42.11
f40b10eca95dd78f,androidx/compose/ui/graphics/colorspace/Adaptation,8,10,80.0
da356f623ac235af,androidx/compose/material3/ComposableSingletons$ScaffoldKt,8,10,80.0
367077928a6931b6,androidx/compose/foundation/BackgroundKt,8,21,38.1
d92ef6d2443bb179,androidx/compose/ui/text/style/ColorStyle,8,21,38.1
5dc4e85065494bee,androidx/navigation/NavGraph$iterator$1,8,15,53.33
bf33a097ccc5c85b,androidx/compose/foundation/layout/FillElement$Companion,8,8,100.0
45ec0a25c46f378f,com/kieronquinn/monetcompat/core/MonetCompat$getAvailableWallpaperColors$2,8,20,40.0
efa8c16789823b3e,androidx/compose/material3/AppBarKt$TwoRowsTopAppBar$5$1,8,13,61.54
251c7058b1c358f8,androidx/compose/animation/core/SuspendAnimationKt$animate$6,8,8,100.0
9ddc85ca8ee48a67,androidx/lifecycle/viewmodel/internal/ViewModelProviders,8,37,21.62
bee54c94311c1fdd,androidx/lifecycle/viewmodel/internal/ViewModelImpl,8,61,13.11
eb08bfdd2b5d4332,kotlinx/coroutines/CancellableContinuationKt,8,46,17.39
6e538a6e7ec52630,androidx/compose/ui/layout/SubcomposeLayoutState$setRoot$1,8,9,88.89
365123465d46b4ad,androidx/compose/animation/AnimatedContentTransitionScopeImpl$ChildData,8,8,100.0
5287e90a9dcd7b56,androidx/compose/foundation/layout/BoxMeasurePolicy$measure$5,8,8,100.0
7e442256f1f350d8,com/omelan/cofi/components/RecipeInfoKt$RecipeInfo$2$1$1$2$1,8,11,72.73
34e0455d3bf7370d,androidx/compose/runtime/Recomposer$recompositionRunner$2$3,8,12,66.67
33ed01f802244d5f,androidx/compose/foundation/ClickableKt$clickable$2,8,20,40.0
ac9b36b4a08267df,androidx/compose/foundation/gestures/DragGestureNode,8,123,6.5
1dac291beddaa4df,kotlinx/coroutines/internal/LimitedDispatcher$Worker,8,13,61.54
17203148aba45002,androidx/compose/ui/platform/AndroidUiDispatcher$Companion$Main$2,8,9,88.89
0ac356124fa90ea9,androidx/compose/foundation/lazy/grid/LazyGridItemScope,8,20,40.0
280c32197600f21e,com/omelan/cofi/pages/list/RecipeListKt$RecipeList$2$1,8,11,72.73
77e77868cda27c67,androidx/compose/ui/geometry/CornerRadius,8,45,17.78
6c89f8768ef1c485,androidx/emoji2/text/EmojiCompat$ListenerDispatcher,8,14,57.14
4a45af0d95cfce47,kotlinx/coroutines/flow/FlowKt__ReduceKt$first$$inlined$collectWhile$2,8,16,50.0
e7201ca5bbdfdea0,kotlinx/coroutines/internal/ResizableAtomicArray,8,14,57.14
b82ba286989f9d30,androidx/fragment/app/FragmentHostCallback,8,28,28.57
23f5c062bd6e81f3,com/google/android/gms/common/internal/Preconditions,8,48,16.67
9689f9a09484c4fe,com/omelan/cofi/utils/WearUtils$observeChangesAndSendToWear$1$1,8,11,72.73
06dd83ec83c89988,androidx/compose/ui/graphics/vector/PathNode$ArcTo,8,43,18.6
509c112e178e89b4,androidx/compose/runtime/changelist/Operation$Downs,8,15,53.33
021dfbe038a47ebd,com/omelan/cofi/share/model/StepTypeConverter,8,16,50.0
44e756f3596beb37,com/omelan/cofi/MainActivity$onCreate$2,7,11,63.64
0528c5b2fc90bcde,kotlinx/coroutines/flow/ChannelFlowBuilder,7,13,53.85
95b366b3245e378a,androidx/compose/foundation/ClipScrollableContainerKt$VerticalScrollableClipModifier$1,7,7,100.0
64ca5aa35a11456b,androidx/compose/foundation/lazy/layout/LazyLayoutNearestRangeState$Companion,7,7,100.0
f1c1f9ad16f1bf56,androidx/compose/ui/semantics/SemanticsModifierKt,7,21,33.33
2f9ec038fb031686,androidx/activity/OnBackPressedDispatcher$LifecycleOnBackPressedCancellable,7,17,41.18
5c0422beb985c50c,androidx/compose/runtime/CompositionContext,7,10,70.0
4152ca81ec3ba5b8,androidx/compose/material3/tokens/TopAppBarMediumTokens,7,17,41.18
8987c986d6347491,androidx/compose/ui/text/Paragraph,7,40,17.5
add3979ca136998e,androidx/customview/poolingcontainer/PoolingContainer,7,39,17.95
8448f4e9772bc494,androidx/compose/foundation/layout/UnspecifiedConstraintsElement,7,27,25.93
1e783d2aa9506948,androidx/compose/foundation/layout/BoxChildDataElement,7,22,31.82
d62be83e91c94c80,androidx/emoji2/text/ConcurrencyHelpers,7,10,70.0
c100ce3a1cf63044,androidx/compose/runtime/Anchor,7,10,70.0
20ca14e4b3b90467,androidx/compose/foundation/text/modifiers/TextStringSimpleElement,7,44,15.91
87af4c3fb71c9f7f,androidx/compose/animation/core/MutableTransitionState,7,20,35.0
03e51a9459af8442,androidx/compose/ui/node/LookaheadCapablePlaceable$layout$1,7,7,100.0
c03b1bd61a1e8517,androidx/navigation/compose/DialogHostKt$DialogHost$2$1,7,17,41.18
ef49bb3965af94db,androidx/compose/ui/res/ImageVectorCache,7,17,41.18
0ea74e16d8563dcc,kotlinx/coroutines/internal/InlineList,7,41,17.07
92e7ceda34f92dbc,com/omelan/cofi/pages/list/RecipeListHeaderInfoKt$createRecipeListHeaderInfo$2$1,7,14,50.0
c4c98962fe411665,androidx/compose/ui/platform/GraphicsLayerOwnerLayer$updateDisplayList$1,7,8,87.5
cf157e1e9214253e,androidx/compose/ui/platform/WindowRecomposerPolicy$createAndInstallWindowRecomposer$unsetJob$1,7,21,33.33
e266de0159ce83ec,com/omelan/cofi/utils/WearUtils$ObserveIfWearAppInstalled$1,7,9,77.78
30dd3aed35537997,androidx/collection/SparseArrayCompatKt,7,213,3.29
1493b6d1fcf1f9a9,androidx/compose/foundation/ClipScrollableContainerKt$HorizontalScrollableClipModifier$1,7,7,100.0
dd437b16f0e291ee,androidx/lifecycle/ViewTreeViewModelStoreOwner$findViewTreeViewModelStoreOwner$1,7,7,100.0
074fec2d17c5db38,androidx/datastore/core/DataStoreImpl$data$1$1,7,8,87.5
d95a3e04abc2cb52,androidx/work/impl/utils/taskexecutor/WorkManagerTaskExecutor,7,9,77.78
8c7a098f3b53d94c,androidx/compose/foundation/BorderKt,7,46,15.22
656d0bc7592e1f01,androidx/compose/ui/text/PlatformTextStyle,7,27,25.93
81f4320531104a4f,androidx/compose/runtime/StaticValueHolder,7,21,33.33
34c74cf48a0e7aec,kotlinx/coroutines/JobKt__JobKt,7,93,7.53
be764285a1e7b5e1,androidx/datastore/core/DataStoreFactory,7,35,20.0
1211ddfc68a46e4e,androidx/compose/runtime/CompositionObserverHolder,7,12,58.33
a7be9f37296cf8d9,androidx/lifecycle/ViewModelProvider$AndroidViewModelFactory$Companion,7,7,100.0
9936b0ba7294329d,androidx/compose/ui/text/style/TextDirection$Companion,7,8,87.5
f2da41b22fb0f573,com/omelan/cofi/model/DataStore,7,23,30.43
76881ba7cbb88f5f,androidx/compose/ui/semantics/SemanticsConfiguration,7,95,7.37
940a311d62432dcd,com/omelan/cofi/components/RecipeInfoKt$RecipeInfo$1$1,7,8,87.5
f1c1fc0338d77fb2,androidx/sqlite/db/framework/FrameworkSQLiteDatabase$query$cursorFactory$1,7,7,100.0
f248a0ecaa59b3c2,androidx/compose/ui/platform/WrappedComposition$setContent$1$1$3,7,11,63.64
3063f174eff3a557,androidx/compose/runtime/Recomposer$broadcastFrameClock$1,7,13,53.85
eb19f6382e2098eb,androidx/work/WorkManagerInitializer,7,7,100.0
41cbcc599b555add,kotlinx/coroutines/DefaultExecutor,7,126,5.56
76266b9a2474b5b4,androidx/compose/ui/graphics/layer/ChildLayerDependenciesTracker,7,89,7.87
f342f1263e4690e1,androidx/compose/ui/res/StringResources_androidKt,7,45,15.56
b33e4c6de3377132,androidx/compose/ui/graphics/ImageBitmapKt,7,31,22.58
1ae0be6c5f12f6eb,androidx/compose/foundation/layout/ConsumedInsetsModifier,7,11,63.64
c5c87273e1781b5d,androidx/work/impl/Schedulers,7,73,9.59
7215d8269f91184c,androidx/compose/ui/platform/AndroidUiFrameClock$withFrameNanos$2$callback$1,7,8,87.5
807ebce2504822ca,androidx/lifecycle/ViewTreeLifecycleOwner$findViewTreeLifecycleOwner$2,7,7,100.0
f5d2e5a5c4745a5b,androidx/compose/runtime/snapshots/StateRecord,7,7,100.0
e2f3986197b24348,androidx/datastore/core/StorageConnectionKt$readData$2,7,11,63.64
ed439502724e0488,androidx/compose/foundation/FocusableInNonTouchMode,7,8,87.5
e636789cd9b58998,androidx/compose/foundation/lazy/LazyListKt$rememberLazyListMeasurePolicy$1$1$measureResult$1$1,7,7,100.0
f3677058e1fdcc4e,androidx/compose/ui/graphics/GraphicsLayerElement,7,136,5.15
fa5447cebbba6894,androidx/collection/IntObjectMapKt,7,44,15.91
410a9aad5afe8ef8,androidx/compose/material3/ScaffoldKt$ScaffoldLayout$1$1$bottomBarPlaceables$1,7,11,63.64
2e430cf264770907,androidx/compose/material3/SwipeToDismissBoxKt$SwipeToDismissBox$1$1$1$1,7,13,53.85
56978f23ee43c747,com/omelan/cofi/share/DataStore$Companion,7,7,100.0
c7e7287e97a2c927,androidx/compose/material3/tokens/IconButtonTokens,7,16,43.75
ee9698e7a4c183f7,kotlinx/coroutines/ThreadLocalEventLoop,7,10,70.0
06303195799ebf71,kotlinx/coroutines/scheduling/CoroutineScheduler$WorkerState,7,9,77.78
ed30da4800122638,androidx/compose/ui/platform/AbstractComposeView$ensureCompositionCreated$1,7,11,63.64
b1f36b7f68e7231a,androidx/compose/foundation/lazy/layout/AwaitFirstLayoutModifier,7,27,25.93
771865bbf9827af1,kotlinx/coroutines/flow/FlowKt__DistinctKt,7,12,58.33
019134dc68498cd8,com/google/android/gms/common/wrappers/Wrappers,7,8,87.5
8789301f4b1e2e96,androidx/compose/animation/SizeAnimationModifierNode$measure$2,7,7,100.0
68957d48156bf29f,androidx/compose/foundation/layout/BoxScopeInstance,7,13,53.85
6a01b79f882907dd,androidx/compose/ui/graphics/vector/PathNode$CurveTo,7,38,18.42
af33de4c253a268e,androidx/work/ConfigurationKt,7,7,100.0
7971dbc53b106a3f,androidx/collection/MutableObjectList,7,306,2.29
4dbc79dc1d41bada,androidx/compose/foundation/lazy/layout/IntervalList$Interval,7,15,46.67
8526e4fa58b06d6b,androidx/lifecycle/Lifecycle$Event$Companion$WhenMappings,7,12,58.33
88878935b7802226,androidx/compose/ui/graphics/Color$Companion,7,91,7.69
71780eea8fcbc445,androidx/compose/runtime/snapshots/SnapshotStateObserver$readObserver$1,7,9,77.78
bcb578a8103a2012,androidx/compose/runtime/BroadcastFrameClock$FrameAwaiter,7,10,70.0
81f5061bdc1cefa9,androidx/compose/ui/text/ParagraphIntrinsicsKt,7,19,36.84
9f0d1762fd3ee1da,androidx/compose/foundation/layout/InsetsValues,7,17,41.18
ae58999d185fbb51,androidx/compose/runtime/snapshots/GlobalSnapshot$takeNestedSnapshot$1,7,8,87.5
c2ada8e0317ece31,androidx/compose/ui/input/nestedscroll/NestedScrollDispatcher,7,49,14.29
1dcae602bc10b28f,androidx/compose/ui/graphics/vector/VNode,7,8,87.5
f08b0b8a9fd1d188,androidx/compose/ui/node/MeasureAndLayoutDelegate$WhenMappings,7,12,58.33
0c497d38da607d0d,androidx/compose/runtime/snapshots/GlobalSnapshot$takeNestedMutableSnapshot$1,7,8,87.5
d8c6b0cd97ea698a,androidx/navigation/compose/NavBackStackEntryProviderKt$LocalOwnersProvider$1,7,11,63.64
45436178ba4f88bd,androidx/compose/ui/platform/ViewCompositionStrategy$DisposeOnDetachedFromWindowOrReleasedFromPool,7,8,87.5
9c815dea10a9a71c,kotlinx/coroutines/flow/internal/ChannelFlowOperator,7,25,28.0
a281a96cb64ccb41,androidx/core/app/CoreComponentFactory,7,11,63.64
7f1b7fafc9463f0b,androidx/lifecycle/ViewTreeViewModelStoreOwner$findViewTreeViewModelStoreOwner$2,7,7,100.0
8b1ec5a96bfbb26e,androidx/compose/material3/MaterialThemeKt$MaterialTheme$1,7,11,63.64
8e047ce59b6adea8,androidx/compose/foundation/lazy/layout/LazyLayoutPrefetchState,7,15,46.67
5a034da7e96529f3,androidx/navigation/compose/BackStackEntryIdViewModel,7,14,50.0
d7aa270ccc0c4be1,androidx/compose/ui/node/LayoutNodeLayoutDelegate$MeasurePassDelegate$layoutChildrenBlock$1,7,7,100.0
1a6772eb08b0d76c,androidx/compose/ui/res/VectorResources_androidKt,7,45,15.56
f9759b51663a337e,androidx/compose/foundation/lazy/layout/LazyLayoutItemAnimatorKt,7,7,100.0
b36dc515905a51ac,androidx/window/layout/WindowMetricsCalculatorCompat,7,166,4.22
1af65b17605e3651,androidx/savedstate/ViewTreeSavedStateRegistryOwner$findViewTreeSavedStateRegistryOwner$1,7,7,100.0
e37a0b6043f713e7,kotlinx/coroutines/channels/ProducerCoroutine,7,10,70.0
2b08089f94042f8f,androidx/compose/ui/node/LayoutNodeLayoutDelegate$MeasurePassDelegate$WhenMappings,7,11,63.64
b03292a9e7089dbb,androidx/compose/ui/graphics/AndroidImageBitmap_androidKt,7,37,18.92
0f26911cce428847,androidx/compose/animation/ContentTransform,7,17,41.18
9af0116c84d79709,androidx/compose/runtime/LaunchedEffectImpl,7,12,58.33
2eee308162a0c4a8,kotlin/coroutines/AbstractCoroutineContextElement,7,7,100.0
465be6d285a55d42,kotlinx/coroutines/JobSupport$addLastAtomic$$inlined$addLastIf$1,7,9,77.78
52d62c7c3117773d,androidx/navigation/ActivityNavigator,7,119,5.88
e6693909eefb0911,com/google/android/gms/common/GoogleApiAvailabilityLight,7,49,14.29
842755761fe7f67f,androidx/compose/ui/platform/SemanticsNodeCopy,7,15,46.67
15bbe346fce7532a,kotlin/collections/CollectionsKt__MutableCollectionsKt,7,134,5.22
e8bb18690ee94706,androidx/compose/foundation/lazy/layout/DefaultLazyKey,7,16,43.75
7eac396a517c2fc6,androidx/compose/ui/input/pointer/PointerIcon$Companion,7,10,70.0
07420b3f7e9eeb6e,androidx/compose/ui/platform/AndroidComposeView_androidKt,7,39,17.95
e8154d0d49501600,kotlinx/coroutines/flow/internal/CombineKt$combineInternal$2$1,7,21,33.33
0b13af81346f0a97,androidx/compose/runtime/DerivedSnapshotState$currentRecord$result$1$1$result$1,7,10,70.0
3af4b0a5780e68d2,androidx/compose/ui/text/style/TextForegroundStyle$Companion,7,12,58.33
a697279454234f89,com/google/android/gms/tasks/zzj,7,15,46.67
37ab33ec2f5231ac,androidx/compose/ui/layout/ContentScaleKt,7,16,43.75
f84489e2e2a9a80d,androidx/appcompat/app/AppCompatDelegateImpl$AppCompatWindowCallback,7,81,8.64
70b9358a0686f809,kotlinx/coroutines/scheduling/DefaultIoScheduler,7,13,53.85
64b3ef613c9e6cb8,androidx/compose/foundation/lazy/grid/LazyGridKt$rememberLazyGridMeasurePolicy$1$1$measureResult$1$1,7,7,100.0
84c9a0a9e720ff1b,androidx/savedstate/ViewTreeSavedStateRegistryOwner$findViewTreeSavedStateRegistryOwner$2,7,7,100.0
a2333f468c87cd39,androidx/compose/animation/core/ComplexDouble,7,47,14.89
52174b3b675d6364,kotlin/internal/ProgressionUtilKt,7,22,31.82
1e2039c3002d1ae5,androidx/compose/foundation/lazy/grid/LazyGridIntervalContent$item$4,7,14,50.0
ead3b624735a12d7,androidx/datastore/preferences/PreferenceDataStoreDelegateKt,7,10,70.0
da4226e90a2c88b0,androidx/navigation/NavDestination$Companion,7,34,20.59
984ebd0d880ad335,com/google/android/gms/common/wrappers/InstantApps,7,16,43.75
1a0650c074b980c2,androidx/activity/ViewTreeOnBackPressedDispatcherOwner$findViewTreeOnBackPressedDispatcherOwner$2,7,7,100.0
24fe1694f1499dcb,androidx/compose/ui/graphics/vector/PathNode$RelativeCurveTo,7,38,18.42
ee85d1afc0f78121,androidx/lifecycle/ViewTreeLifecycleOwner$findViewTreeLifecycleOwner$1,7,7,100.0
ab63ea269f1040ab,androidx/compose/runtime/collection/IntMap,7,15,46.67
307855512d50d73b,androidx/compose/material3/FloatingActionButtonElevation$animateElevation$2$1,7,13,53.85
ea549b2f1368dd72,kotlinx/coroutines/internal/LockFreeLinkedListKt,7,13,53.85
0341fc49391c4642,androidx/compose/ui/text/input/CursorAnchorInfoController,6,34,17.65
b9bdfc60d36a96cc,androidx/compose/ui/modifier/ModifierLocalManager,6,117,5.13
d39508959e72a50d,kotlinx/coroutines/flow/StateFlowKt,6,39,15.38
d57916289bf6f804,androidx/compose/foundation/lazy/grid/GridCells$Fixed,6,14,42.86
808b4a569c7bb641,androidx/core/app/ComponentActivity,6,59,10.17
0239064f0cb889c8,androidx/compose/ui/node/NodeCoordinator$drawBlock$1,6,7,85.71
d0ebf8fd35f65c88,androidx/datastore/core/DataStoreImpl$data$1$updateCollector$1,6,12,50.0
636860e792c2703e,androidx/compose/ui/BiasAlignment$Horizontal,6,18,33.33
49371a42cd9dbf0e,androidx/compose/ui/node/BackwardsCompatNodeKt,6,8,75.0
fa589bccb205127a,androidx/compose/ui/geometry/CornerRadiusKt,6,10,60.0
cb2eb5bd76ad09c3,androidx/compose/foundation/gestures/DefaultFlingBehavior,6,12,50.0
3c85030655868816,com/google/android/gms/wearable/Wearable,6,34,17.65
22c3b94781d01842,com/omelan/cofi/share/model/RecipeViewModel,6,7,85.71
5640bdecf1615882,androidx/lifecycle/LegacySavedStateHandleController,6,22,27.27
cf6d732c40425e74,androidx/compose/ui/text/font/AsyncTypefaceCache,6,67,8.96
9fad96b2f15e7a39,androidx/navigation/NavHostController,6,9,66.67
422cacd4b4cbf84f,androidx/compose/ui/platform/WindowRecomposer_androidKt$createLifecycleAwareWindowRecomposer$2$onStateChanged$1$1$1,6,12,50.0
5d0cf17fe6ad0875,androidx/work/ConfigurationKt$createDefaultExecutor$factory$1,6,7,85.71
e4466c32f8f07265,androidx/datastore/core/DataStoreImpl$data$1$2,6,7,85.71
16fd9237b6a25148,androidx/compose/ui/text/intl/LocaleList,6,48,12.5
57bac1938f8c5a9e,androidx/compose/foundation/BorderModifierNodeElement,6,37,16.22
017f89c79ff6140f,androidx/compose/animation/core/Animatable$runAnimation$2$1,6,13,46.15
87f7add90ef90709,androidx/core/view/WindowInsetsCompat$Impl,6,47,12.77
c8ea4b3a324495d1,androidx/compose/ui/semantics/ClearAndSetSemanticsElement,6,25,24.0
1185203cc9ccfc29,androidx/compose/runtime/livedata/LiveDataAdapterKt$observeAsState$1$1,6,6,100.0
6374a0e510455717,androidx/collection/SparseArrayKt$valueIterator$1,6,9,66.67
1db419de9deb7c01,androidx/compose/ui/graphics/vector/ImageVectorKt,6,69,8.7
e0a1f190b9838d3f,androidx/compose/ui/BiasAlignment$Vertical,6,16,37.5
7733db68784e31be,androidx/compose/animation/core/SpringSimulationKt,6,6,100.0
efa6e0a82561efa3,androidx/appcompat/app/AppCompatActivity$2,6,6,100.0
72785c07020c6a69,androidx/lifecycle/ProcessLifecycleOwner$attach$1$onActivityPreCreated$1,6,6,100.0
048db3629b566ad7,androidx/compose/runtime/collection/MutableVector$MutableVectorList,6,30,20.0
93bd6c2f06bb1e2a,kotlinx/coroutines/CoroutineStart$WhenMappings,6,10,60.0
03eaa65c544b36c5,androidx/compose/ui/node/CanFocusChecker,6,10,60.0
e3a3d1fb5b0e8e09,kotlinx/coroutines/sync/MutexKt,6,37,16.22
9fc2c550ab5c9601,androidx/compose/ui/platform/WrappedComposition$setContent$1$1$2$1,6,12,50.0
63a8f241fbc64227,kotlinx/coroutines/flow/SharingCommand,6,7,85.71
3c94699944483906,androidx/compose/material3/DividerKt$HorizontalDivider$1$1,6,6,100.0
f62eeb29f97a8c2c,androidx/appcompat/widget/TintTypedArray,6,62,9.68
66e26a87cda449a2,kotlinx/coroutines/JobNode,6,8,75.0
a24fb4c04c2012c9,androidx/compose/runtime/internal/PersistentCompositionLocalHashMap$Builder,6,32,18.75
55fc6f36a77db4a8,androidx/compose/ui/platform/GlobalSnapshotManager$ensureStarted$2,6,6,100.0
2cd4962217e98485,kotlinx/coroutines/internal/FastServiceLoaderKt,6,7,85.71
d9f30cb150a32ffa,androidx/lifecycle/viewmodel/internal/JvmViewModelProviders,6,12,50.0
fc495ee156cc1e2f,androidx/activity/ViewTreeOnBackPressedDispatcherOwner,6,6,100.0
f6c34d5950fa8118,androidx/compose/foundation/layout/PaddingValuesElement,6,14,42.86
4e1cbd549229abc5,androidx/compose/foundation/lazy/layout/LazyLayoutAnimationSpecsNode,6,9,66.67
6fb1efd8c43e6efe,androidx/compose/ui/text/TextRange,6,47,12.77
2a38285107534ffd,androidx/compose/runtime/DynamicValueHolder,6,17,35.29
e911ecbd56b9d9d9,androidx/compose/ui/platform/WrappedComposition$setContent$1$1$1$1,6,12,50.0
3021d14c7e59b5fa,kotlin/coroutines/ContinuationInterceptor$DefaultImpls,6,22,27.27
14ad558138a6d357,androidx/compose/foundation/lazy/grid/LazyGridItemScopeImpl,6,9,66.67
dce10a6599e78597,okio/NioSystemFileSystem,6,39,15.38
b8e3158400a7c6cb,androidx/compose/runtime/SnapshotStateKt__SnapshotFlowKt$snapshotFlow$1$readObserver$1,6,7,85.71
7519082ec5dbd3e2,androidx/datastore/core/SimpleActor,6,23,26.09
6895d10f4afb3840,androidx/compose/runtime/CompositionKt,6,36,16.67
0bf1198f0291bbba,androidx/compose/ui/graphics/colorspace/Connector$Companion,6,22,27.27
f9f2f03c7cbdde1a,androidx/compose/animation/core/Transition$SegmentImpl,6,15,40.0
4bd8abff4ad0a666,okio/internal/ResourceFileSystem,6,106,5.66
6fb2ac396785c8fb,kotlinx/coroutines/CompletedContinuation,6,57,10.53
7aefdcb2130d781c,kotlin/sequences/FilteringSequence,6,9,66.67
d4abfc114c3389d1,kotlin/jvm/internal/Reflection,6,46,13.04
a6e7d0e8a533be56,androidx/savedstate/Recreator,6,34,17.65
018c29b1e5350099,androidx/compose/runtime/InvalidationResult,6,8,75.0
7282e693036d3ae9,androidx/compose/material/ripple/AndroidRippleNode,6,34,17.65
65dc7657761e6865,androidx/datastore/core/SingleProcessCoordinator$updateNotifications$1,6,7,85.71
9418f43c22412c67,androidx/room/RoomMasterTable,6,6,100.0
ddcd2f43336e2fea,androidx/compose/material3/MinimumInteractiveModifier,6,12,50.0
03118ba3075241f4,kotlin/sequences/SequencesKt___SequencesKt$filterNotNull$1,6,6,100.0
fe796220d9f7ebb3,androidx/navigation/compose/NavHostKt$NavHost$29$1,6,15,40.0
4cb47405cec95823,androidx/compose/ui/geometry/OffsetKt,6,42,14.29
de9cec288918152d,com/kieronquinn/monetcompat/extensions/Extensions_Resources_ThemeKt,6,15,40.0
e9b485e50e5c8ca8,androidx/compose/ui/geometry/RectKt,6,24,25.0
1b5a7c493dd67462,androidx/compose/material3/SwipeToDismissBoxKt$SwipeToDismissBox$1$1$1,6,6,100.0
5de2428381a4902a,androidx/activity/ComponentActivity$defaultViewModelProviderFactory$2,6,7,85.71
963f4d88a5f4d14d,androidx/compose/ui/semantics/SemanticsPropertyKey,6,14,42.86
a55df35bb5af2c9d,androidx/compose/runtime/MutableScatterMultiMap,6,39,15.38
633a48d8044840e2,kotlin/collections/ReversedListReadOnly,6,8,75.0
500e39efa33825aa,androidx/compose/ui/semantics/AppendedSemanticsElement,6,31,19.35
7965dd0be001eba1,androidx/compose/foundation/lazy/layout/LazyLayoutAnimateItemElement,6,38,15.79
b746e0d64850cfc1,androidx/compose/ui/input/nestedscroll/NestedScrollSource,6,31,19.35
0f0247c0f7364ff9,androidx/fragment/app/FragmentStateManager$2,6,10,60.0
00740cc013770ff2,androidx/compose/ui/focus/FocusTargetNode$WhenMappings,6,10,60.0
a72e61e893022580,androidx/core/os/BundleKt,6,55,10.91
5a006a6534b15473,androidx/compose/foundation/ClickableNode,6,9,66.67
b868481462aa222d,com/google/android/gms/common/internal/RootTelemetryConfigManager,6,11,54.55
3065618469bd097c,androidx/compose/ui/input/nestedscroll/NestedScrollElement,6,18,33.33
3c883d47bcf3ec75,androidx/compose/animation/core/TweenSpec,6,27,22.22
cd2d0be9993b8e8e,androidx/compose/runtime/SnapshotStateKt__ProduceStateKt$produceState$1$1,6,12,50.0
58bf3ff2f0a2a69a,androidx/navigation/NavDeepLinkRequest,6,23,26.09
30bf1dc00ddf9123,androidx/sqlite/db/SupportSQLiteCompat$Api16Impl,6,17,35.29
0191edf0d8826567,androidx/activity/ComponentActivity$onBackPressedDispatcher$2,6,22,27.27
12b4723528e1f9eb,androidx/compose/ui/node/LayoutNode$UsageByParent,6,7,85.71
af700ac1b290e6d0,androidx/compose/animation/AnimatedVisibilityKt$AnimatedVisibilityImpl$2,6,8,75.0
43cd3ba22a8e20fc,androidx/datastore/preferences/core/PreferencesKeys,6,16,37.5
45e3ce7b38b9c1f7,androidx/compose/ui/node/LayoutNodeLayoutDelegate$MeasurePassDelegate$layoutChildrenBlock$1$2,6,6,100.0
0e08b0537c28b1da,androidx/lifecycle/LifecycleDispatcher,6,7,85.71
fec3d1cbec8fd7ce,androidx/compose/ui/unit/DpOffset,6,64,9.38
d67e99a8196ec2e9,androidx/compose/ui/text/font/TypefaceResult$Immutable,6,7,85.71
f792c2d2dab93b67,androidx/compose/ui/platform/AndroidComposeView$snapshotObserver$1,6,10,60.0
a931ee6f9c65cf84,androidx/compose/ui/text/font/FontWeight$Companion,6,39,15.38
dad7e2735651fa1c,androidx/savedstate/ViewTreeSavedStateRegistryOwner,6,6,100.0
b41a0cde53c19e09,com/google/android/gms/common/api/internal/TaskApiCall$Builder,6,11,54.55
71ffa0a362c286b1,androidx/compose/ui/graphics/drawscope/DrawScope$Companion,6,6,100.0
ff7970cf36ec6c16,androidx/compose/ui/ComposedModifierKt$materialize$1,6,6,100.0
28727823db2f5efb,androidx/compose/animation/AnimatedContentTransitionScope$SlideDirection$Companion,6,8,75.0
1ce0f2dedd2a8680,androidx/compose/runtime/external/kotlinx/collections/immutable/implementations/immutableList/AbstractPersistentList,6,38,15.79
2e02939364126c40,androidx/lifecycle/ViewTreeViewModelStoreOwner,6,6,100.0
31d3f6d4365ec730,androidx/compose/ui/input/pointer/SuspendingPointerInputModifierNodeImpl,6,143,4.2
85965f9c7b4ff792,androidx/compose/foundation/lazy/layout/LazyLayoutItemAnimator$DisplayingDisappearingItemsNode,6,38,15.79
188a47986257aa59,androidx/compose/ui/node/MutableVectorWithMutationTracking,6,22,27.27
f4d25f211f17a3dd,androidx/compose/ui/graphics/CanvasZHelper,6,6,100.0
cad9400856f5eb1e,androidx/compose/ui/node/ObserverModifierNodeKt,6,7,85.71
6928836922e25fd0,androidx/compose/material3/internal/DraggableAnchorsConfig,6,6,100.0
043a197dc036eadf,androidx/work/impl/constraints/trackers/ConstraintTracker,6,45,13.33
8834d195b4729a6b,androidx/compose/material/ripple/RippleNode$onAttach$1,6,12,50.0
f1bb7d078a4a3110,androidx/compose/runtime/external/kotlinx/collections/immutable/internal/DeltaCounter,6,20,30.0
f9bf7380aaf538b0,androidx/compose/foundation/layout/Arrangement$SpaceEvenly$1,6,9,66.67
2ddb6fa5dec3a44f,androidx/compose/runtime/saveable/SaveableStateHolderImpl$SaveableStateProvider$1$1$1,6,10,60.0
199d259cad2e882e,androidx/core/view/WindowInsetsCompat$BuilderImpl29,6,19,31.58
9cc8c15dc56f81ee,androidx/compose/runtime/Recomposer$writeObserverOf$1,6,6,100.0
a3b89024988592ef,androidx/compose/foundation/gestures/DefaultScrollableState,6,18,33.33
b4461a7e3f42abc0,androidx/compose/ui/layout/PlaceableKt,6,6,100.0
286949199dbf4671,androidx/compose/ui/graphics/Api26Bitmap,6,11,54.55
daa090a1a1cd909e,androidx/compose/runtime/snapshots/SnapshotStateObserver$applyObserver$1,6,6,100.0
9bec79bdb1b3a82e,androidx/lifecycle/ViewTreeLifecycleOwner,6,6,100.0
2ab73313f4b4f6e8,com/omelan/cofi/components/RecipeInfoKt$RecipeInfo$2$1$1,6,6,100.0
8bbe29efd1e06fa0,androidx/compose/runtime/snapshots/SnapshotKt$takeNewSnapshot$1,6,7,85.71
c14be0c57e0b4397,kotlin/LazyThreadSafetyMode,6,8,75.0
a3e3bc715a0c59b6,androidx/compose/foundation/layout/FixedIntInsets,6,16,37.5
e349a76693870bdc,androidx/compose/foundation/layout/PaddingValuesModifier$measure$2,6,6,100.0
9803089e83594f14,androidx/compose/ui/text/style/LineBreak$Strictness$Companion,6,7,85.71
ad3dacc8b8e465c2,androidx/compose/foundation/BorderModifierNode$drawRoundRectBorder$1,6,23,26.09
3b787b86b7f8cbde,androidx/compose/ui/focus/FocusStateImpl$WhenMappings,6,10,60.0
fd3dae3a4cf46311,com/omelan/cofi/pages/list/RecipeListHeaderInfoKt$createRecipeListHeaderInfo$showWearOSNotice$2$1,6,15,40.0
68f7971123994096,androidx/compose/material3/ScaffoldDefaults,6,8,75.0
dab4936d2dc3d8e3,androidx/compose/ui/platform/DragAndDropModifierOnDragListener,6,24,25.0
b05167df6300e981,androidx/compose/runtime/external/kotlinx/collections/immutable/implementations/immutableMap/TrieNodeEntriesIterator,6,6,100.0
a91b4f86fe3005b7,kotlinx/coroutines/flow/internal/ChannelFlowOperatorImpl,6,12,50.0
e716a95494e5e75a,androidx/compose/runtime/SnapshotStateKt__ProduceStateKt$produceState$3$1,6,12,50.0
7ccfbae9afbbd7df,androidx/compose/foundation/layout/Arrangement$SpaceBetween$1,6,9,66.67
19612ff47dd0958f,kotlin/collections/builders/MapBuilder$KeysItr,6,7,85.71
07de230f54dc8edb,kotlinx/coroutines/channels/ChannelsKt__Channels_commonKt,6,102,5.88
16eddd28ab30fe15,androidx/activity/ViewTreeOnBackPressedDispatcherOwner$findViewTreeOnBackPressedDispatcherOwner$1,6,7,85.71
f8d7950983c8b0e6,androidx/compose/ui/node/OwnerSnapshotObserver$onCommitAffectingMeasure$1,6,7,85.71
73e1a8acfd55b8ed,androidx/compose/ui/focus/FocusEventModifierNodeKt$WhenMappings,6,10,60.0
6fa00d7e331cae92,androidx/compose/foundation/CheckScrollableContainerConstraintsKt,6,12,50.0
8f44a16e023ff362,com/google/android/gms/common/api/internal/zao,6,20,30.0
e765893471674097,androidx/compose/runtime/StaticProvidableCompositionLocal,6,6,100.0
b27e4739475f124c,androidx/compose/ui/input/pointer/PointerInputEventProcessor,5,59,8.47
2f330418992bd25c,androidx/compose/material3/tokens/DividerTokens,5,5,100.0
41eba9a7362afeef,androidx/navigation/NavArgumentBuilder,5,16,31.25
074a2ad8e88c05be,androidx/window/layout/WindowMetrics,5,13,38.46
e009fd1e4c945125,androidx/compose/ui/text/platform/URLSpanCache,5,23,21.74
fb1a32aa1804511f,androidx/compose/ui/graphics/vector/PathNode$RelativeReflectiveCurveTo,5,28,17.86
8d5dc320e19aaf37,androidx/work/impl/WorkManagerImplExtKt$WorkManagerImpl$1,5,5,100.0
e6540e2db05098cd,androidx/work/Logger$LogcatLogger,5,41,12.2
1b069f3ae60ba317,androidx/navigation/NavArgument$Builder,5,9,55.56
39b667b8c55bda23,androidx/compose/ui/text/caches/SimpleArrayMap,5,228,2.19
88a7a9ec0682c642,androidx/compose/foundation/FocusablePinnableContainerNode,5,24,20.83
69c94d974af00f14,kotlinx/coroutines/CoroutineContextKt$hasCopyableElements$1,5,8,62.5
cb21ac7377fef111,kotlinx/coroutines/ResumeAwaitOnCompletion,5,12,41.67
74de84190f239e27,androidx/compose/runtime/changelist/Operation$Remember,5,12,41.67
37118d5ee1b03a2c,kotlin/collections/CollectionsKt__ReversedViewsKt,5,16,31.25
a0427e16e979d6f4,androidx/compose/ui/platform/AndroidClipboardManager,5,31,16.13
b92b3ed384522276,androidx/compose/material3/SwipeToDismissBoxValue,5,7,71.43
f73ec03778e10df5,androidx/compose/ui/graphics/vector/PathNode$RelativeQuadTo,5,28,17.86
6f26a21310605f79,androidx/compose/runtime/SnapshotMutableIntStateImpl$IntStateStateRecord,5,5,100.0
950706461a09eb78,androidx/compose/animation/FlingCalculatorKt,5,6,83.33
bc6d55134a0be14d,androidx/compose/ui/unit/LayoutDirection,5,6,83.33
5ecea4434941f1b1,androidx/compose/ui/autofill/AndroidAutofill,5,24,20.83
f02c538124a405a6,androidx/navigation/NavDestination$Companion$hierarchy$1,5,5,100.0
699553888d1975c2,androidx/compose/ui/scrollcapture/ScrollCapture,5,32,15.62
56ab79dd73ef1e4d,androidx/compose/foundation/lazy/LazyListInterval,5,5,100.0
0e1f769aa78d3c81,kotlin/Pair,5,22,22.73
b36db5bdfd03b862,androidx/compose/runtime/changelist/Operation$SideEffect,5,12,41.67
3ba973ff6713ecb1,androidx/compose/ui/text/style/Hyphens$Companion,5,5,100.0
11f5bc4e74269d85,androidx/compose/foundation/gestures/ScrollableElement,5,51,9.8
c4006747935bf43f,kotlin/LazyKt__LazyJVMKt,5,11,45.45
09b9a15afd9bf15f,androidx/compose/runtime/external/kotlinx/collections/immutable/implementations/immutableMap/TrieNode$ModificationResult,5,7,71.43
5c04a1f24aa5b3d4,androidx/compose/runtime/snapshots/SnapshotIdSetKt,5,5,100.0
790832f51d49927c,androidx/compose/ui/text/platform/AndroidParagraphIntrinsics$resolveTypeface$1,5,9,55.56
5967555a18aed061,androidx/compose/foundation/lazy/grid/GridItemSpan,5,16,31.25
6ae36782a2e70ae3,androidx/compose/foundation/lazy/layout/LazySaveableStateHolder$Companion$saver$1,5,6,83.33
d3ff6ecf13e3abb8,androidx/compose/ui/text/style/LineBreak$Strategy$Companion,5,6,83.33
56cdc7aba73b53cb,kotlin/ULong,5,99,5.05
32850e1ef7e1ed74,androidx/compose/ui/platform/AndroidComposeViewAccessibilityDelegateCompat$1,5,9,55.56
fd015f7de2e386a4,androidx/compose/ui/graphics/AndroidBlendMode_androidKt,5,92,5.43
7aae05d6fa21c32d,androidx/compose/runtime/ComposableSingletons$CompositionKt,5,6,83.33
cd16168a62da9fda,androidx/compose/ui/graphics/ColorFilter$Companion,5,8,62.5
a9ccdf706adabad6,androidx/compose/ui/geometry/Offset$Companion,5,8,62.5
9f7c75fa397df531,androidx/lifecycle/viewmodel/compose/LocalViewModelStoreOwner_androidKt,5,8,62.5
eb83b42aa3415a0e,com/omelan/cofi/pages/list/RecipeListHeaderInfoKt$createRecipeListHeaderInfo$showUpdateNotice$2$1,5,5,100.0
9ca589cefb972807,androidx/compose/foundation/lazy/grid/LazyGridItemProviderKt$rememberLazyGridItemProviderLambda$1$itemProviderState$1,5,5,100.0
9ececa16ebe5d811,kotlinx/coroutines/UndispatchedMarker,5,7,71.43
78be01d77e8340d0,kotlin/LazyKt__LazyJVMKt$WhenMappings,5,8,62.5
515c3b56ef0de241,androidx/compose/ui/node/OnPositionedDispatcher$Companion$DepthComparator,5,5,100.0
d43dc58e511ec72d,kotlinx/coroutines/internal/SystemPropsKt__SystemPropsKt,5,6,83.33
720b9e74cb96afe6,androidx/fragment/app/FragmentActivity$2,5,8,62.5
ab2d304f19080ac8,kotlin/sequences/GeneratorSequence,5,5,100.0
cc493a672fba3174,androidx/core/view/ViewCompat$Api21Impl$1,5,13,38.46
4295ae9e85896166,androidx/activity/ComponentActivity$4,5,5,100.0
a3583728a0a53c25,androidx/compose/material3/SurfaceKt$LocalAbsoluteTonalElevation$1,5,5,100.0
7217cee03aa76f41,kotlin/sequences/TransformingSequence,5,7,71.43
ecda6fa262642875,com/omelan/cofi/pages/list/RecipeListKt$RecipeList$4$1$1,5,5,100.0
6e62a893e4906b13,androidx/compose/ui/input/pointer/MotionEventAdapter,5,144,3.47
f345cf1edde6c83d,androidx/compose/material/ripple/RippleThemeKt,5,9,55.56
9009f2f983fee8a8,androidx/compose/ui/ComposedModifierKt,5,39,12.82
22f36e1917a4115c,androidx/compose/animation/SizeAnimationModifierNode$AnimData,5,21,23.81
955d1a6fdba49e85,androidx/compose/ui/input/pointer/SuspendingPointerInputFilterKt,5,13,38.46
d7754bb8179ea111,androidx/compose/ui/graphics/vector/PathNode$QuadTo,5,28,17.86
c34791cded2955ef,com/omelan/cofi/utils/WearUtils$sam$androidx_lifecycle_Observer$0,5,8,62.5
bcb829afb35ccc1c,androidx/compose/foundation/lazy/layout/LazyLayoutKt$LazyLayout$3$1$1,5,5,100.0
5cb2fa0212f6be93,androidx/compose/ui/graphics/CanvasUtils,5,33,15.15
c7dd2fdb5797f494,androidx/compose/runtime/ReferentialEqualityPolicy,5,6,83.33
b804aeafe66c7bfd,com/google/android/gms/common/internal/zzr,5,62,8.06
3ab0e7b79a0e8c55,androidx/lifecycle/EmptyActivityLifecycleCallbacks,5,8,62.5
7495cf3ecd4dbd6d,androidx/compose/animation/core/Motion,5,26,19.23
0a16217637aad765,androidx/navigation/NavDeepLinkRequest$Builder,5,20,25.0
86a3954410b8c8e5,kotlinx/coroutines/internal/ConcurrentKt,5,18,27.78
7b75be34632f6dd5,androidx/appcompat/widget/VectorEnabledTintResources,5,56,8.93
79595cf1f1f6bf8c,androidx/activity/result/ActivityResultRegistry$generateRandomNumber$1,5,5,100.0
9221ff66221144b4,androidx/compose/foundation/layout/ValueInsets,5,22,22.73
23dff5504f9772f1,androidx/compose/ui/graphics/vector/ImageVector$Companion,5,6,83.33
4828cb4516407902,androidx/compose/foundation/layout/FillElement,5,18,27.78
81fa1887e32936da,androidx/compose/ui/layout/SubcomposeSlotReusePolicy$SlotIdsSet,5,25,20.0
a21cc735eaade2c5,com/omelan/cofi/share/model/StepsViewModel,5,6,83.33
6d86826f862f6484,androidx/navigation/NavDestination$addDeepLink$missingRequiredArguments$1,5,6,83.33
a6d340b834a1ff84,androidx/compose/material/ripple/RippleAnimationKt,5,7,71.43
f87c9f01ccdd06d5,androidx/compose/animation/core/MutatePriority,5,7,71.43
2cce5e3ac7a538d9,kotlin/ranges/IntRange,5,35,14.29
ec685ad36dd276e0,androidx/compose/material3/InteractiveComponentSizeKt$LocalMinimumInteractiveComponentSize$1,5,5,100.0
a10b708075bce986,androidx/collection/IndexBasedArrayIterator,5,10,50.0
39a3642417702737,com/google/android/gms/common/api/ApiException,5,8,62.5
ed0e50b903e53399,kotlin/sequences/ConstrainedOnceSequence,5,6,83.33
9ced97001eaa98a1,androidx/compose/ui/unit/TextUnitType$Companion,5,5,100.0
9fac817bd06a00a9,androidx/compose/ui/layout/ScaleFactorKt,5,31,16.13
52c0556247ccce42,androidx/compose/foundation/BorderStroke,5,20,25.0
0729b5ad895b3551,androidx/compose/ui/platform/DisposableSaveableStateRegistry,5,7,71.43
a2f4508f0725fb95,androidx/appcompat/view/WindowCallbackWrapper,5,29,17.24
fcc1d4eac35045a0,androidx/compose/runtime/SnapshotMutableFloatStateImpl$FloatStateStateRecord,5,5,100.0
7fc358fc3d85544d,androidx/compose/foundation/FocusedBoundsNode,5,27,18.52
1a26e4dfc244938a,androidx/navigation/NavBackStackEntry$defaultFactory$2,5,7,71.43
ee9aea45e555cee0,androidx/work/impl/utils/PreferenceUtils,5,50,10.0
26697c5ee80a8204,androidx/lifecycle/SavedStateHandleAttacher,5,9,55.56
d7dee0f1a79e40ff,androidx/compose/ui/platform/AndroidUiDispatcher$Companion,5,7,71.43
50e0fa4a194c4387,androidx/collection/IntIntMap,5,461,1.08
5befc2b68cc38523,kotlin/enums/EnumEntriesList,5,23,21.74
6a73d9bc1673f500,androidx/compose/runtime/changelist/Operation$UpdateAuxData,5,12,41.67
3a85af35d39f76e5,androidx/compose/material3/ExitUntilCollapsedScrollBehavior,5,12,41.67
84df4d3c07113e28,androidx/core/view/AccessibilityDelegateCompat,5,61,8.2
d39d5df24b991476,androidx/compose/runtime/Pending$keyMap$2,5,8,62.5
c8fbaff374b08233,androidx/compose/animation/AnimatedVisibilityKt$AnimatedEnterExitImpl$shouldDisposeAfterExit$2$1$2,5,10,50.0
2d61c090d976050a,kotlin/collections/AbstractCollection,5,33,15.15
2af01e21b04bb50a,androidx/lifecycle/ViewModelProvider$Factory,5,8,62.5
81db111021026030,androidx/compose/ui/platform/coreshims/ViewCompatShims,5,12,41.67
01e43eaf32badfe8,androidx/compose/animation/EnterExitTransitionKt$createModifier$2$1,5,7,71.43
2d0629bd9a58aca0,kotlin/UnsafeLazyImpl,5,13,38.46
24475c2bb148bb61,androidx/lifecycle/ViewModel,5,34,14.71
02572c9444a01829,androidx/compose/ui/graphics/colorspace/ColorModel$Companion,5,6,83.33
465f8f298b637062,com/omelan/cofi/utils/SystemFeaturesUtilsKt,5,20,25.0
301f8d511d3d33f6,androidx/compose/ui/graphics/vector/PathNode$ReflectiveCurveTo,5,28,17.86
e1dda285c782975d,androidx/compose/ui/node/LayoutNodeAlignmentLines,5,5,100.0
b111f68d10dea4e0,kotlinx/coroutines/flow/FlowKt__LimitKt$dropWhile$$inlined$unsafeFlow$1,5,6,83.33
0dc0b77f5f221638,androidx/datastore/preferences/PreferenceDataStoreDelegateKt$preferencesDataStore$1,5,5,100.0
62fcc4e29f09caa8,androidx/navigation/Navigator,5,38,13.16
d2a6eabc45bc0e57,androidx/compose/runtime/CompositionLocal,5,8,62.5
1a4f38473bf52ddd,kotlinx/coroutines/internal/LockFreeTaskQueueCore$Companion,5,10,50.0
591c139dcc79f2cf,kotlin/jvm/internal/PropertyReference,5,35,14.29
25238e2b3fad00eb,com/omelan/cofi/pages/details/RecipeDetailsKt$recipeDetails$3,5,5,100.0
8cc2db1212123148,androidx/navigation/NavDeepLink$pathPattern$2,5,6,83.33
5c0a76d38e8df08f,androidx/datastore/core/okio/OkioStorage$1,5,5,100.0
341c93ee32d721df,androidx/compose/ui/graphics/layer/CompositingStrategy$Companion,5,5,100.0
39ce344989fdb155,androidx/compose/ui/graphics/AndroidCanvas_androidKt,5,7,71.43
25228a3154e1aec1,androidx/compose/foundation/gestures/Orientation,5,6,83.33
dcd2026b60614b98,androidx/compose/foundation/lazy/layout/LazyLayoutKt$LazyLayout$3$2$1,5,5,100.0
8520a68a10e0a616,kotlinx/coroutines/JobCancellationException,5,26,19.23
984ccbc5d8717e99,kotlin/coroutines/EmptyCoroutineContext,5,9,55.56
0148ca2df607c81a,kotlinx/coroutines/Dispatchers,5,12,41.67
d4bdd63ea3e034ff,androidx/compose/ui/graphics/ColorSpaceVerificationHelper,5,105,4.76
bb3de0e6772f995d,kotlinx/coroutines/channels/ConflatedBufferedChannel,5,87,5.75
be64dd7f62f31444,androidx/navigation/NavDeepLinkRequest$Builder$Companion,5,15,33.33
9970a703d52c9e81,kotlinx/coroutines/flow/FlowKt__ShareKt$launchSharing$1$2$WhenMappings,5,8,62.5
3874f406a3109940,kotlinx/coroutines/channels/BufferOverflow,5,7,71.43
86fe0d80b9262471,kotlinx/coroutines/flow/internal/FlowCoroutineKt,5,8,62.5
d5b7a2d69214f3fe,kotlin/time/DurationJvmKt,5,21,23.81
f3068a2746aac900,androidx/compose/animation/EnterExitTransitionModifierNode$measure$2,5,5,100.0
40fc99a12041efd2,com/omelan/cofi/MainActivity$MainNavigation$2$1$1,5,5,100.0
180549f08580028d,androidx/appcompat/app/AppCompatDelegateImpl$2,5,8,62.5
d2934e4e120e79d4,androidx/compose/ui/graphics/colorspace/RenderIntent$Companion,5,6,83.33
287c965cf5c21cfc,com/omelan/cofi/pages/details/RecipeDetailsKt$recipeDetails$2,5,5,100.0
de0b773540b23eb7,com/google/android/gms/common/api/internal/TaskApiCall,5,9,55.56
8846a0d3f74e08b5,kotlin/collections/ReversedListReadOnly$listIterator$1,5,13,38.46
4bbe91da5dc390d7,androidx/compose/foundation/layout/PaddingNode$measure$1,5,6,83.33
661e9fa1636ead58,com/google/android/gms/common/api/GoogleApi$Settings$Builder,5,9,55.56
d5a637fc886ebda1,com/omelan/cofi/MainActivity$MainNavigation$2$1$2,5,5,100.0
f5f9eb0f2283ebd6,androidx/navigation/NavControllerViewModel$Companion,5,5,100.0
28197019f40d9baa,kotlinx/coroutines/flow/internal/SubscriptionCountStateFlow,5,11,45.45
ed84380138e8baac,androidx/compose/animation/EnterExitState,5,7,71.43
2242bbbef87f364a,androidx/activity/compose/PredictiveBackHandlerKt$PredictiveBackHandler$1$1,5,8,62.5
52518ea9b49f1074,androidx/compose/runtime/SnapshotMutableStateImpl$StateStateRecord,5,5,100.0
d0c4b184f6954f58,androidx/startup/InitializationProvider,5,12,41.67
269c8a4d2f0d5b77,com/omelan/cofi/pages/RecipeEditKt$recipeEdit$2,5,5,100.0
15165539301d4927,androidx/compose/animation/EnterExitTransitionElement,5,81,6.17
2766ccbbd26e80ff,okio/ByteString$Companion,5,70,7.14
816db71aec84831e,com/google/android/gms/tasks/zzi,5,8,62.5
94fd5f5dc44bf5cd,androidx/compose/ui/geometry/SizeKt,5,44,11.36
7e84fa38e2a01c31,androidx/navigation/NavDeepLink$isParameterizedQuery$2,5,7,71.43
0a08cd28d8356577,androidx/compose/ui/platform/WindowInfoImpl,5,10,50.0
d187c34c33671bdb,androidx/compose/ui/platform/WindowRecomposerFactory$Companion,5,6,83.33
9bb3bcc72452d95d,androidx/navigation/compose/ComposeNavGraphNavigator$ComposeNavGraph,5,12,41.67
ab79a9481c92c42d,kotlin/internal/jdk8/JDK8PlatformImplementations,5,19,26.32
5c92709ffce9aa40,com/omelan/cofi/pages/list/RecipeListKt$recipeList$1,5,8,62.5
fdcd94b2a1ebd39f,kotlinx/coroutines/scheduling/UnlimitedIoScheduler,5,6,83.33
8de0eb11b9c7a49f,androidx/compose/runtime/DynamicProvidableCompositionLocal,5,6,83.33
829025b3c618dac0,androidx/compose/foundation/lazy/layout/LazyLayoutSemanticsModifier,5,26,19.23
1ec2627c9b9d5b07,androidx/compose/foundation/lazy/grid/LazyGridKt$rememberLazyGridMeasurePolicy$1$1$measuredItemProvider$1,5,5,100.0
7ec75a80a496bcfd,androidx/compose/runtime/snapshots/GlobalSnapshot$1$1$1,5,8,62.5
5c6373a2f2a50149,androidx/compose/ui/graphics/Outline$Rounded,5,14,35.71
ee3dbf59a9308466,androidx/compose/runtime/GroupKind$Companion,5,5,100.0
f2a0e6d54b82e37c,androidx/compose/foundation/layout/BoxChildDataNode,5,7,71.43
4ed0f926b0ac9bc9,androidx/compose/material3/DelegatingThemeAwareRippleNode$updateConfiguration$1,5,8,62.5
7cff5d3810030d39,androidx/collection/IntList,5,276,1.81
7c591fff2a3db566,androidx/compose/foundation/lazy/grid/LazyGridInterval,5,6,83.33
aa26997a09fa87a3,androidx/compose/runtime/changelist/Operation$AdvanceSlotsBy,5,12,41.67
96bb22066e76a7db,androidx/compose/animation/AnimatedContentKt$AnimatedContent$6$1$4$1,5,9,55.56
8d341b88fab21119,androidx/compose/foundation/lazy/layout/ObservableScopeInvalidator,5,19,26.32
0913e239cfbab9b4,androidx/compose/foundation/lazy/layout/LazyLayoutSemanticsKt,5,12,41.67
9bbbce8ed57e5d63,androidx/compose/ui/text/style/TextOverflow$Companion,5,8,62.5
e98f9f448435efac,androidx/navigation/NavDeepLink$fragArgs$2,5,7,71.43
d72e3fa29d3248cc,androidx/appcompat/widget/DrawableUtils,5,60,8.33
03542f497676a7bd,kotlin/jvm/internal/FunctionReference,5,40,12.5
971f1880d02741aa,androidx/compose/ui/text/style/TextForegroundStyle$Unspecified,5,5,100.0
dd8c975d21b31543,com/omelan/cofi/MainActivity$MainNavigation$1,5,8,62.5
2cc908a5df424574,androidx/compose/material3/MinimumInteractiveModifierNode$measure$1,5,5,100.0
6fbf5bd7876f6d75,androidx/emoji2/text/EmojiCompatInitializer$LoadEmojiCompatRunnable,5,7,71.43
272587ba9a95e48f,androidx/compose/foundation/text/selection/TextSelectionColorsKt,5,7,71.43
43ca19fa6d93092c,androidx/compose/ui/text/style/TextGeometricTransform,5,30,16.67
07e82c12c1a5b4fe,androidx/compose/ui/unit/Dp$Companion,5,8,62.5
b37703ccbc74327e,kotlin/sequences/TransformingSequence$iterator$1,5,7,71.43
cad2e18bddca084e,androidx/compose/ui/focus/FocusTargetNodeKt,5,11,45.45
7e0b4f2eb9deb7d9,androidx/compose/ui/graphics/BlockGraphicsLayerModifier,5,15,33.33
c836dc188e27e568,com/omelan/cofi/MainActivity$special$$inlined$viewModels$default$3,5,7,71.43
9e5061b18c636c2a,androidx/compose/runtime/LazyValueHolder,5,6,83.33
90a656cd519b284c,com/google/android/gms/common/api/Api,5,6,83.33
adc771b521bc020e,kotlinx/coroutines/JobKt,5,29,17.24
d7a17fa9dbc1ac06,androidx/lifecycle/ProcessLifecycleOwner$Companion,5,6,83.33
1c3083e46c294c28,androidx/compose/ui/node/TailModifierNode,5,8,62.5
f26841226ca70011,androidx/compose/foundation/lazy/LazyListItemProviderKt$rememberLazyListItemProviderLambda$1$itemProviderState$1,5,5,100.0
6ff9781ff8730f93,androidx/compose/runtime/snapshots/StateListIterator,4,30,13.33
fd0ec9e1715985f4,androidx/compose/runtime/snapshots/SnapshotKt$mergedWriteObserver$1,4,4,100.0
b1810b9fba666010,kotlinx/coroutines/flow/FlowKt__ZipKt,4,38,10.53
b545276804ce3674,androidx/compose/ui/graphics/BlockGraphicsLayerElement,4,20,20.0
c0f86e69f05c5e7e,androidx/compose/runtime/snapshots/SnapshotKt$mergedReadObserver$1,4,4,100.0
4cfab5e340bc9947,androidx/compose/ui/platform/TextToolbarStatus,4,6,66.67
7fd8cde255ace772,androidx/compose/animation/core/TransitionKt$updateTransition$1$1,4,4,100.0
f324f6ca3b63be6b,androidx/compose/ui/geometry/Size$Companion,4,6,66.67
504eae027cca6384,androidx/compose/ui/platform/RenderNodeLayer$Companion$getMatrix$1,4,4,100.0
946a3a1e714a9e38,androidx/compose/runtime/livedata/LiveDataAdapterKt$observeAsState$1$1$invoke$$inlined$onDispose$1,4,4,100.0
1c8fbc4148470983,androidx/navigation/compose/DialogNavigator,4,24,16.67
4dd08e090c500eba,androidx/compose/ui/node/DrawModifierNodeKt,4,5,80.0
57692d29680f132d,androidx/collection/LongSparseArray,4,238,1.68
e14da0ccd9dc9936,androidx/compose/ui/text/font/FontFamilyResolverKt,4,4,100.0
ae07ce17868aa7eb,androidx/compose/ui/layout/LayoutIdModifier,4,5,80.0
4e0fa040313e1ef2,androidx/compose/ui/graphics/ImageBitmapConfig$Companion,4,7,57.14
b1c1010829659830,androidx/compose/ui/platform/AndroidCompositionLocals_androidKt$ProvideAndroidCompositionLocals$2$1,4,4,100.0
02aef0d7fbe92824,androidx/compose/material3/RippleKt$LocalRippleConfiguration$1,4,4,100.0
6a5286374c7f61d3,androidx/compose/ui/graphics/vector/VectorGroup,4,78,5.13
1186428021587389,androidx/compose/foundation/layout/Arrangement$Center$1,4,9,44.44
4bb26a1fa9be4a12,androidx/compose/ui/platform/AndroidComposeView$resendMotionEventOnLayout$1,4,8,50.0
7a7708c9464d16ae,com/google/android/gms/wearable/internal/zzhd,4,20,20.0
a1eadeaa86e95bca,androidx/compose/foundation/layout/BoxKt$EmptyBoxMeasurePolicy$1$1,4,4,100.0
e5bbc94a83908de5,androidx/compose/foundation/lazy/grid/LazyGridState$Companion$Saver$1,4,4,100.0
c465afed8f292606,androidx/datastore/core/okio/OkioStorage$canonicalPath$2,4,11,36.36
f3225eb7fbb5b4d7,androidx/compose/ui/node/ComposeUiNode$Companion$SetModifier$1,4,4,100.0
da9e64dffa92c62a,androidx/compose/material3/ColorSchemeKt$LocalTonalElevationEnabled$1,4,4,100.0
633cbf132f99d0b3,androidx/compose/ui/graphics/StrokeJoin$Companion,4,5,80.0
58a1454d1fc9413c,androidx/compose/ui/node/LayoutNodeLayoutDelegate$MeasurePassDelegate$remeasure$2,4,4,100.0
4465e0f47b3a7cb6,androidx/compose/ui/text/style/LineBreak$Companion,4,10,40.0
ba14e20d0835730c,androidx/compose/foundation/gestures/ScrollingLogic,4,108,3.7
6030e4cf808a2732,androidx/datastore/preferences/core/PreferencesSerializer,4,60,6.67
4bf00db01a98df82,androidx/compose/ui/node/LayoutNodeLayoutDelegate$MeasurePassDelegate$layoutChildrenBlock$1$1,4,4,100.0
1531d706afcbae8e,kotlin/collections/CollectionsKt__MutableCollectionsJVMKt,4,19,21.05
905116d2c86ded9b,com/google/android/gms/common/internal/PendingResultUtil,4,7,57.14
68ce9a588860b95f,androidx/compose/foundation/gestures/ContentInViewNode$WhenMappings,4,6,66.67
4db21418095c7349,androidx/compose/runtime/collection/ScatterSetWrapper,4,26,15.38
59e76b3d14c245d5,androidx/sqlite/db/SupportSQLiteOpenHelper$Configuration,4,9,44.44
7c08c973bce32a6a,com/omelan/cofi/share/model/AppDatabase,4,4,100.0
25873d9c58a7e4b5,androidx/core/content/res/GrowingArrayUtils,4,48,8.33
2663439c2c4deda7,androidx/compose/foundation/lazy/layout/LazyLayoutItemContentFactory$CachedItemContent$createContentLambda$1$2$1,4,4,100.0
396f740ce83a6176,androidx/compose/ui/Modifier,4,6,66.67
e90c569107b67c17,androidx/compose/foundation/lazy/layout/LazyLayoutPinnableItemKt$LazyLayoutPinnableItem$1$1,4,4,100.0
9cfa8bf60f6dfc05,androidx/appcompat/app/AppCompatDelegateImpl$3,4,9,44.44
e2edd201b206e685,androidx/compose/ui/platform/AndroidComposeViewVerificationHelperMethodsO,4,4,100.0
5fe2f7ff978ffb1c,kotlin/jvm/JvmClassMappingKt,4,67,5.97
25e6c574daadfe88,kotlinx/coroutines/flow/FlowKt__LimitKt,4,58,6.9
108b9e469c47f632,androidx/compose/ui/text/style/LineHeightStyle$Trim$Companion,4,6,66.67
52d12ccc364b6cb4,androidx/compose/runtime/Composer$Companion,4,5,80.0
b819834214908b3e,androidx/compose/foundation/lazy/LazyListState$Companion$Saver$1,4,4,100.0
81cb2a698d5ac3c9,kotlin/collections/AbstractSet$Companion,4,12,33.33
f48c3327b54db7a9,androidx/compose/foundation/lazy/grid/LazyGridKt$rememberLazyGridMeasurePolicy$1$1$measuredLineProvider$1,4,4,100.0
ace6a218d3bbd816,androidx/compose/foundation/layout/SpacerMeasurePolicy$measure$1$1,4,4,100.0
7bb8736d1d96501f,com/omelan/cofi/pages/list/RecipeListHeaderInfoKt$createRecipeListHeaderInfo$2,4,4,100.0
8a9ed5eee9b89306,androidx/compose/runtime/OpaqueKey,4,14,28.57
9d54acc4324ca63a,androidx/compose/foundation/layout/Arrangement$spacedBy$1,4,4,100.0
bb112229553ae9ef,androidx/compose/ui/layout/ComposableSingletons$SubcomposeLayoutKt,4,4,100.0
209f329c6bd25c26,androidx/emoji2/text/DefaultGlyphChecker,4,16,25.0
729eafca40701b21,androidx/work/impl/background/systemjob/SystemJobInfoConverter,4,73,5.48
6dcbe3319984d14e,androidx/compose/ui/layout/OnGloballyPositionedElement,4,12,33.33
8e66568b42bc5c0d,androidx/compose/foundation/lazy/DefaultLazyListPrefetchStrategy,4,36,11.11
a0d29268c6bc326c,kotlinx/coroutines/internal/SegmentOrClosed,4,21,19.05
a141e90c64fe8acc,com/omelan/cofi/pages/list/RecipeListHeaderInfoKt$createRecipeListHeaderInfo$4,4,4,100.0
cd939114f35b895a,androidx/lifecycle/ProcessLifecycleOwner$Api29Impl,4,4,100.0
a08462ff17e2b30e,androidx/compose/ui/unit/DensityWithConverter,4,26,15.38
2a09b69337b48d83,androidx/compose/ui/node/ComposeUiNode$Companion$SetCompositeKeyHash$1,4,4,100.0
e52137e01d8869f3,androidx/compose/runtime/external/kotlinx/collections/immutable/implementations/immutableMap/PersistentHashMapEntries,4,15,26.67
f0d4b32f2b9aeea2,com/omelan/cofi/pages/list/RecipeListKt$RecipeList$isMultiColumn$2$1,4,5,80.0
ddac7587a9834743,androidx/compose/ui/platform/AndroidCompositionLocals_androidKt$obtainResourceIdCache$1$1,4,4,100.0
03c03ff75c3c6709,androidx/collection/IntListKt,4,23,17.39
b8b58d02df44cde3,kotlin/collections/SetsKt__SetsJVMKt,4,16,25.0
7cdd4bfbf639662a,kotlin/jvm/internal/ReflectionFactory,4,30,13.33
edb719d738bc6b99,androidx/compose/ui/node/DepthSortedSet$DepthComparator$1,4,4,100.0
a032fdac55996f7f,androidx/compose/material3/FabPlacement,4,5,80.0
8b67b8bbf40940ae,androidx/compose/animation/AnimatedContentKt$AnimatedContent$6$1$1$1,4,4,100.0
3353cb0dbad4a50f,androidx/compose/ui/platform/AndroidCompositionLocals_androidKt$obtainImageVectorCache$1$1,4,4,100.0
5c56d718e9a06546,kotlinx/coroutines/CompletableDeferredImpl,4,9,44.44
e3368035f53b11fc,androidx/lifecycle/ReportFragment$LifecycleCallbacks$Companion,4,4,100.0
80e58d4fc0c34aa1,androidx/compose/ui/focus/FocusOwnerImpl$modifier$1,4,4,100.0
91c575c33c70305b,androidx/compose/ui/unit/AndroidDensity_androidKt,4,5,80.0
9f871e76cd5b649a,com/google/android/gms/common/internal/zap,4,7,57.14
2efa337b574dc285,androidx/fragment/app/SpecialEffectsController$Operation$LifecycleImpact,4,6,66.67
976601374477da7a,kotlinx/coroutines/flow/FlowKt__ZipKt$combine$$inlined$combineUnsafe$FlowKt__ZipKt$1,4,5,80.0
63c96c332920eeb2,androidx/compose/material3/internal/AnchoredDraggableDefaults,4,4,100.0
01178a34d79f7427,androidx/compose/runtime/external/kotlinx/collections/immutable/implementations/immutableMap/MapEntry,4,21,19.05
4758b9c6c30d3524,androidx/compose/foundation/MutatorMutex,4,36,11.11
b67a2e0ae3b63334,androidx/datastore/preferences/core/Preferences$Key,4,10,40.0
0db0f806581ba4b6,androidx/datastore/preferences/core/PreferenceDataStoreFactory$create$delegate$1,4,7,57.14
55aa855a7c3785da,androidx/compose/animation/core/VectorConvertersKt$FloatToVector$1,4,4,100.0
0420c39a7b27d5d6,androidx/compose/animation/core/VectorConvertersKt$IntOffsetToVector$1,4,4,100.0
fc5a00478dff38b6,kotlinx/coroutines/flow/FlowKt__MergeKt,4,33,12.12
b03545dac27b5ec3,androidx/compose/runtime/snapshots/SnapshotStateObserver$ObservedScopeMap$derivedStateObserver$1,4,4,100.0
069e104b8e7731ca,kotlinx/coroutines/flow/internal/SafeCollectorKt$emitFun$1,4,4,100.0
cdc4138bb5aae28d,androidx/collection/IntSet,4,416,0.96
df563e5e43890b0f,androidx/compose/foundation/layout/WindowInsetsPaddingKt$ModifierLocalConsumedWindowInsets$1,4,4,100.0
ad85673745aea6b9,androidx/compose/foundation/lazy/grid/LazyGridMeasureKt$measureLazyGrid$3,4,4,100.0
7798986f83a985ea,androidx/compose/ui/unit/FontScaling,4,20,20.0
4f5996094c871c11,androidx/navigation/NavController$navigate$5,4,4,100.0
b15706910cf292e5,androidx/window/layout/ActivityCompatHelperApi30,4,6,66.67
8e61ffba8ff1142e,com/omelan/cofi/components/PipAwareAppBarKt$InsetAwareTopAppBar$1$1,4,4,100.0
df6a268225be3650,androidx/compose/ui/draw/EmptyBuildDrawCacheParams,4,7,57.14
1bff74468e2fab9f,com/omelan/cofi/share/DataStore$getWeightSetting$$inlined$map$1,4,5,80.0
8ec0914ef49d610f,androidx/arch/core/executor/DefaultTaskExecutor$1,4,4,100.0
ace52fce9c363521,androidx/compose/ui/text/style/TextDecoration$Companion,4,17,23.53
72fd31552f6c4688,androidx/compose/ui/text/EmojiSupportMatch$Companion,4,5,80.0
73aa478099454704,com/google/android/gms/common/util/PlatformVersion,4,47,8.51
a8a88726ac0ca9f7,androidx/compose/ui/text/android/BoringLayoutFactoryDefault,4,12,33.33
503992b2e65f6e0a,com/omelan/cofi/pages/list/RecipeListKt$RecipeList$4$1$invoke$$inlined$items$default$1,4,4,100.0
1a860e5c156c4b51,androidx/compose/ui/text/android/BoringLayoutFactory,4,33,12.12
d8c9aecccb2797d9,com/google/android/gms/common/internal/TelemetryLoggingOptions,4,12,33.33
01d4b7e7dc4d016a,com/omelan/cofi/utils/FabType,4,7,57.14
0bc7df9b9e628104,androidx/compose/runtime/LeftCompositionCancellationException,4,4,100.0
3ea71c7e183931a6,androidx/compose/foundation/DarkThemeKt,4,6,66.67
fb48372979013e0a,com/omelan/cofi/share/DataStore$getStepChangeVibrationSetting$$inlined$map$1,4,5,80.0
555964a9dee40464,androidx/compose/runtime/DisposableEffectImpl,4,6,66.67
af4cd78cdd520ee4,kotlin/collections/EmptyIterator,4,15,26.67
a7c27629d7794d3b,kotlinx/coroutines/scheduling/SchedulerCoroutineDispatcher,4,22,18.18
c3c03df322be7724,androidx/compose/ui/focus/FocusOwnerImpl$modifier$2,4,11,36.36
05dd47ee902259cb,androidx/compose/runtime/snapshots/SnapshotKt$emptyLambda$1,4,4,100.0
c6bc0189df1793c9,androidx/window/core/Bounds,4,32,12.5
737876be3b9df5a6,androidx/compose/ui/text/font/FontFamilyResolver_androidKt,4,30,13.33
f489c613b6f26f97,androidx/compose/foundation/lazy/layout/LazyLayoutItemAnimation$animateAppearance$2$1,4,4,100.0
c5fe68ffb72ad624,androidx/compose/ui/text/style/LineHeightStyle$Alignment$Companion,4,6,66.67
1a7a81a4eed11914,androidx/compose/ui/platform/AndroidTextToolbar,4,24,16.67
aae2470b00ef6132,androidx/navigation/NavDeepLink$fragPattern$2,4,6,66.67
71a19084207c4d05,androidx/compose/ui/layout/PlaceableKt$DefaultLayerBlock$1,4,4,100.0
9a89774c5662d7cf,kotlinx/coroutines/DefaultExecutorKt,4,11,36.36
226e464a3813f04c,androidx/window/layout/WindowMetricsCalculator$Companion$decorator$1,4,4,100.0
972ff4306bf9249d,androidx/compose/ui/draw/DrawBackgroundModifier,4,6,66.67
ac623fc453b8cc98,androidx/compose/ui/text/font/AndroidFontLoader,4,44,9.09
55bfa380d5744fc7,androidx/compose/animation/core/VectorConvertersKt$IntSizeToVector$1,4,4,100.0
fd63309f9961d82e,okio/-SegmentedByteString,4,76,5.26
e47e31c7347f8d10,androidx/compose/foundation/lazy/LazyListStateKt$rememberLazyListState$1$1,4,4,100.0
72268e291a390ae9,androidx/compose/animation/SplineBasedFloatDecayAnimationSpec,4,12,33.33
e06f24bfdb3e32ae,androidx/compose/runtime/saveable/SaveableStateHolderKt$rememberSaveableStateHolder$1,4,4,100.0
65c58971d770768e,kotlin/collections/AbstractList,4,30,13.33
0a1a72dd475372da,androidx/core/view/WindowCompat,4,11,36.36
07c76d80544db379,androidx/compose/material3/SwipeToDismissBoxState$anchoredDraggableState$1,4,4,100.0
969a320a1125583e,androidx/navigation/compose/NavHostKt$NavHost$31,4,4,100.0
e5edc5f165ace822,com/google/android/gms/common/api/internal/zag,4,17,23.53
0d6745a8ab2d8e7a,kotlin/random/Random$Default,4,20,20.0
a5ddd932c6015714,androidx/compose/foundation/lazy/grid/LazyGridStateKt$rememberLazyGridState$1$1,4,4,100.0
02b26c163cca1f90,kotlin/math/MathKt__MathJVMKt,4,170,2.35
33a8e04a2ccc7142,androidx/compose/ui/graphics/Brush,4,5,80.0
16b4820213d8e91d,androidx/compose/ui/node/BackwardsCompatNodeKt$updateModifierLocalConsumer$1,4,4,100.0
02190115ca95c7e4,kotlinx/coroutines/flow/internal/FusibleFlow$DefaultImpls,4,8,50.0
9a4186e0a8707a68,androidx/compose/foundation/layout/WindowInsetsHolder$Companion$current$1$1,4,4,100.0
82924b92c44bc3f1,androidx/navigation/compose/NavHostControllerKt$NavControllerSaver$1,4,4,100.0
fc54fb28380551bd,androidx/sqlite/db/SupportSQLiteOpenHelper$Callback,4,73,5.48
c49363c34a83c33f,androidx/compose/foundation/lazy/layout/LazyLayoutPinnedItemList,4,42,9.52
c9e315be6221b15f,androidx/compose/ui/input/InputMode$Companion,4,4,100.0
e0fe9bb45ec08ad4,androidx/compose/animation/core/VectorConvertersKt$DpToVector$1,4,4,100.0
30a559845b9c9d2d,androidx/compose/runtime/saveable/SaveableStateHolderImpl$Companion$Saver$1,4,4,100.0
f22ab08add7bd07a,androidx/compose/animation/core/SeekableTransitionState$recalculateTotalDurationNanos$1,4,5,80.0
45167ff3cd66e785,androidx/datastore/core/okio/AtomicBoolean,4,4,100.0
1888b3e26859b327,androidx/savedstate/SavedStateRegistryController$Companion,4,4,100.0
a101d3f9e11443d4,androidx/lifecycle/ViewModelProvider$NewInstanceFactory,4,11,36.36
4bf3e3f3e34f3b29,androidx/compose/material3/internal/SystemBarsDefaultInsets_androidKt,4,6,66.67
9b8a56612d04104e,androidx/compose/runtime/Trace,4,4,100.0
229a1a6ff7e3bfaa,androidx/compose/foundation/text/selection/TextSelectionColors,4,14,28.57
2f052cf70c1eff0f,androidx/sqlite/db/SupportSQLiteCompat$Api19Impl,4,6,66.67
c57f21adccd678ee,androidx/compose/runtime/CompositionLocalMap$Companion,4,4,100.0
efd79c88f6eb94ac,androidx/compose/foundation/lazy/grid/LazyGridSpanLayoutProvider$LineConfiguration,4,4,100.0
892bc9ca369e6739,androidx/lifecycle/viewmodel/compose/LocalViewModelStoreOwner$LocalViewModelStoreOwner$1,4,4,100.0
4496da9b3a2e357e,androidx/activity/compose/PredictiveBackHandlerKt$PredictiveBackHandler$2$1,4,4,100.0
628064dc64bb13b9,androidx/activity/compose/LocalOnBackPressedDispatcherOwner$LocalOnBackPressedDispatcherOwner$1,4,4,100.0
70b894c4fbdb4ec6,androidx/compose/ui/res/ImageVectorCache$Key,4,19,21.05
a9f996fea1194f76,androidx/navigation/NavDeepLink$Builder,4,14,28.57
55be1fada2c1d95a,com/omelan/cofi/components/RecipeInfoKt$RecipeInfo$stepInfo$2$1$WhenMappings,4,6,66.67
5318d4d1ab093d58,androidx/navigation/NavDeepLink$fragRegex$2,4,5,80.0
4fe6ecbae410b68d,androidx/compose/ui/graphics/AndroidColorFilter_androidKt,4,32,12.5
618f129b72efd036,kotlinx/coroutines/scheduling/TaskImpl,4,6,66.67
c8b3b56ef3b67f85,androidx/compose/ui/platform/AndroidComposeView_androidKt$platformTextInputServiceInterceptor$1,4,4,100.0
fd4305e09722fe73,com/google/android/gms/common/api/internal/ListenerHolders,4,19,21.05
09affc631316b72c,androidx/compose/animation/AnimatedVisibilityKt$AnimatedVisibility$1,4,4,100.0
b136f08c66c73535,androidx/work/impl/constraints/trackers/NetworkStateTrackerKt,4,34,11.76
f96cdca83911eeba,androidx/core/os/TraceCompat,4,41,9.76
651c7526b227b06f,androidx/compose/material3/SwipeToDismissBoxState$Companion$Saver$1,4,4,100.0
0aeca8c0717b21c2,androidx/compose/foundation/text/selection/SelectionRegistrarKt$LocalSelectionRegistrar$1,4,4,100.0
c22ad11985a4845e,com/omelan/cofi/CofiApp,4,6,66.67
4aa8ee8bfd154bf9,androidx/compose/ui/layout/MeasureScope,4,55,7.27
0335bd408d5e81f9,androidx/compose/foundation/interaction/MutableInteractionSourceImpl,4,7,57.14
47682b86f4946aac,kotlinx/coroutines/internal/MainDispatchersKt,4,19,21.05
8cacec7b581a0a14,androidx/datastore/core/DataStoreImpl$internalDataFlow$1$invokeSuspend$$inlined$map$1,4,5,80.0
0c9b9dafed22aefc,com/google/android/gms/tasks/TaskCompletionSource,4,8,50.0
361e4a5863bfcd0e,androidx/navigation/NamedNavArgument,4,6,66.67
c00fb0c3b08a135c,androidx/lifecycle/DefaultLifecycleObserver,4,6,66.67
3a90c5a76a77465d,kotlinx/coroutines/internal/ThreadContextKt$countAll$1,4,13,30.77
ba515f165bad8dc9,androidx/compose/foundation/text/EmptyMeasurePolicy$placementBlock$1,4,4,100.0
e34896c3a346c5fd,kotlinx/coroutines/flow/FlowKt__CollectKt,4,18,22.22
8332b4a5581a1cbc,androidx/compose/foundation/lazy/grid/LazyGridScope,4,16,25.0
08a8d4eda31f6c13,androidx/compose/ui/node/NodeCoordinator$invalidateParentLayer$1,4,5,80.0
cb3607a00e17f1ce,androidx/customview/poolingcontainer/PoolingContainerListenerHolder,4,10,40.0
0f08c3ff84293b8e,kotlin/random/Random,4,98,4.08
0cdad3d2f4091871,androidx/compose/ui/layout/PinnableContainerKt$LocalPinnableContainer$1,4,4,100.0
ec2436dca63f8fba,kotlinx/coroutines/sync/SemaphoreSegment,4,16,25.0
0330a0317e3aeebb,androidx/compose/foundation/OverscrollConfiguration_androidKt$LocalOverscrollConfiguration$1,4,4,100.0
ea75f0585c3c35a7,kotlin/jvm/internal/CollectionToArray,4,61,6.56
96b751f31b1fefec,com/google/android/gms/common/api/internal/zaad,4,52,7.69
e714b0e0e8834cc0,androidx/compose/ui/node/LayoutModifierNodeKt,4,7,57.14
6d7eaebfcdd43dd2,androidx/navigation/compose/NavHostKt$NavHost$27$1,4,4,100.0
e835c10174626e81,androidx/room/util/CursorUtil,4,86,4.65
4e8f681f561dc35a,androidx/compose/ui/layout/AlignmentLineKt,4,5,80.0
4c9ce0da7776e8e8,kotlin/Triple,4,29,13.79
9e5921756ff6c303,androidx/compose/animation/AnimatedVisibilityScopeImpl,4,6,66.67
5d7cc49263458943,kotlinx/coroutines/flow/FlowKt__DistinctKt$defaultAreEquivalent$1,4,4,100.0
5001bcb23e9521d1,androidx/compose/runtime/Invalidation,4,6,66.67
aa50935a8eabe3be,androidx/compose/material3/internal/AnchoredDraggableState$anchoredDragScope$1,4,4,100.0
f3c1e75cefbeaf04,androidx/room/TransactionExecutor,4,23,17.39
24894371a76714ae,androidx/compose/ui/node/ComposeUiNode$Companion$SetMeasurePolicy$1,4,4,100.0
ea059098ea1e04f9,androidx/compose/material3/internal/DraggableAnchorsElement,4,23,17.39
0c716a1a17b5c51d,androidx/navigation/compose/NavHostKt$NavHost$26$1,4,4,100.0
af62e6978e35d30f,androidx/concurrent/futures/AbstractResolvableFuture$SafeAtomicHelper,4,6,66.67
640a76f008160e3a,androidx/emoji2/text/EmojiCompat$Config,4,29,13.79
6b1d1949c934cfbc,androidx/compose/foundation/layout/Arrangement$Start$1,4,6,66.67
9d64523633ae0818,androidx/compose/animation/core/TransitionKt$createChildTransitionInternal$1$1,4,4,100.0
76d1b781ae9adac3,kotlinx/coroutines/sync/Mutex$DefaultImpls,4,13,30.77
2f408100bca467f4,androidx/compose/ui/layout/LayoutIdKt,4,6,66.67
b328802267aa0170,androidx/compose/runtime/tooling/InspectionTablesKt$LocalInspectionTables$1,4,4,100.0
a08a4c1db4246d57,kotlin/ResultKt,4,63,6.35
b056d846c2735f88,androidx/compose/material3/internal/MapDraggableAnchors,4,53,7.55
54c0f7c39da328a5,androidx/compose/runtime/internal/IntRef,4,10,40.0
76ceec1311fbfd2d,androidx/collection/SparseArrayKt$keyIterator$1,4,8,50.0
6dfdf97a36fb546a,androidx/compose/ui/text/font/AndroidFontResolveInterceptor,4,19,21.05
665ca32beccd1f8a,com/google/android/gms/common/api/internal/ListenerHolder,4,18,22.22
09738159d9f3279b,androidx/compose/ui/text/style/TextMotion$Linearity$Companion,4,5,80.0
9613356f71abc452,com/omelan/cofi/model/DataStore$getDismissedInfoBoxes$$inlined$map$1,4,5,80.0
cf91c02f33060a21,androidx/compose/ui/graphics/PathFillType$Companion,4,4,100.0
079da30945735754,kotlinx/coroutines/flow/FlowKt__ZipKt$nullArrayFactory$1,4,4,100.0
043ca6f09abd4eb8,kotlinx/coroutines/channels/ChannelResult$Companion,4,5,80.0
37fc6bc2175fbdba,androidx/compose/foundation/shape/DpCornerSize,4,17,23.53
1db39e1aa0241484,kotlin/collections/AbstractList$IteratorImpl,4,9,44.44
1ecdebd027abe584,androidx/compose/ui/layout/LayoutIdElement,4,18,22.22
e3f1715a211d648d,androidx/compose/foundation/gestures/ScrollableNode$updateDefaultFlingBehavior$1,4,4,100.0
f38fdee382a6b89c,androidx/compose/foundation/layout/BoxMeasurePolicy$measure$1,4,4,100.0
9a31b5915f3e67f8,androidx/core/view/WindowInsetsCompat$Builder,4,26,15.38
076509e672122bf7,kotlin/collections/CollectionsKt___CollectionsKt$asSequence$$inlined$Sequence$1,4,4,100.0
f14bdc9edec7a4a0,androidx/compose/ui/layout/LayoutElement,4,19,21.05
6712fd811bf7d6a1,androidx/compose/animation/core/TransitionState,4,8,50.0
7f1df756f087af03,androidx/compose/runtime/ActualJvm_jvmKt,4,13,30.77
6f1c47d4ed287233,androidx/compose/material3/TextKt$LocalTextStyle$1,4,4,100.0
1d208ba7a0e68e62,androidx/collection/SparseArrayKt,4,31,12.9
773662157520b806,androidx/compose/ui/text/style/LineBreak$WordBreak$Companion,4,5,80.0
e36447068ba857d7,androidx/compose/ui/graphics/TransformOriginKt,4,4,100.0
7764d78e711c49d4,androidx/compose/foundation/lazy/layout/LazyLayoutBeyondBoundsInfo,4,33,12.12
dd84b9b6664f1a51,androidx/compose/ui/graphics/PaintingStyle$Companion,4,4,100.0
66b1ac72d7dd457b,androidx/compose/runtime/ComposerImpl$derivedStateObserver$1,4,4,100.0
3e3e7e63b59a4d43,androidx/compose/ui/input/pointer/HitPathTracker,4,65,6.15
bddb0c7d33bebaaa,androidx/compose/foundation/layout/Arrangement$End$1,4,6,66.67
8737688ca838df49,androidx/compose/ui/text/intl/LocaleList$Companion,4,4,100.0
8f926a8ae7151ad6,androidx/compose/ui/text/platform/EmojiCompatStatus,4,7,57.14
f945e53738f4fc59,androidx/compose/runtime/saveable/SaveableStateHolderImpl$RegistryHolder$registry$1,4,5,80.0
b77e416c10cebe32,com/omelan/cofi/model/DataStore$getLastSeenUpdateNoticeVersion$$inlined$map$1,4,5,80.0
7bf3bf43a803d44c,com/omelan/cofi/JacocoInstrument/SMSInstrumentedReceiver,4,7,57.14
2fb602d117be43c8,androidx/compose/ui/platform/CompositionLocalsKt$LocalProvidableScrollCaptureInProgress$1,4,4,100.0
e252e4002f54903f,androidx/compose/ui/platform/InspectionModeKt$LocalInspectionMode$1,4,4,100.0
afd580d3ecefbaa9,androidx/compose/ui/input/rotary/RotaryInputElement,4,37,10.81
e63566ac25571c90,androidx/sqlite/db/framework/FrameworkSQLiteProgram,4,11,36.36
42e8d205eedee751,androidx/compose/material3/TypographyKt$LocalTypography$1,4,4,100.0
0659216e3c9702d0,androidx/compose/animation/core/VectorConvertersKt$FloatToVector$2,4,4,100.0
1cc94bdd8bb545dc,androidx/compose/foundation/lazy/layout/LazyLayoutItemAnimator$ItemInfo$updateAnimation$1$animation$1,4,5,80.0
618a2d409cdae9d0,androidx/compose/ui/node/LayoutNode$Companion$Constructor$1,4,4,100.0
ab7fcf29b77f4ae8,androidx/compose/animation/core/AnimationEndReason,4,6,66.67
818eadbd07f2722a,androidx/compose/ui/graphics/colorspace/WhitePoint,4,21,19.05
73d7b83376b40715,androidx/compose/foundation/lazy/layout/LazySaveableStateHolder$1,4,5,80.0
5e924f8e46ee8d93,androidx/work/impl/constraints/controllers/NetworkMeteredController,4,20,20.0
1acfb5f242e337bf,androidx/compose/animation/SizeAnimationModifierElement,4,35,11.43
a7e9464200cbfb0d,androidx/compose/ui/platform/AndroidComposeView$ViewTreeOwners,4,4,100.0
585566b7dff81b62,androidx/compose/runtime/external/kotlinx/collections/immutable/implementations/immutableList/AbstractListIterator,4,24,16.67
ff7a8231bb84bc5d,androidx/compose/animation/EnterExitTransitionKt$createModifier$1,4,4,100.0
8e67c1dc0da378da,androidx/compose/ui/text/input/InputMethodManagerImpl,4,14,28.57
16e5f154ad81d0c3,androidx/compose/ui/text/font/AndroidFontResolveInterceptor_androidKt,4,5,80.0
943a1d48fd16ae92,androidx/compose/animation/AnimatedVisibilityKt$AnimatedVisibility$3,4,4,100.0
85365125e7d028c9,androidx/compose/ui/semantics/EmptySemanticsElement,4,11,36.36
6f549c0c43438b2c,androidx/compose/material3/TopAppBarState$Companion$Saver$1,4,4,100.0
e0a0f5d64bd525ee,androidx/compose/ui/platform/DisposableSaveableStateRegistry_androidKt$DisposableSaveableStateRegistry$saveableStateRegistry$1,4,4,100.0
19bc5047e8863a10,androidx/compose/ui/text/TextStyleKt$WhenMappings,4,6,66.67
43db7d02ec5d09f5,androidx/sqlite/db/SupportSQLiteOpenHelper$Configuration$Companion,4,4,100.0
fa9fab723b1cb184,kotlinx/coroutines/ExecutorsKt,4,16,25.0
7c7ca2ef9c15b9fd,androidx/emoji2/text/EmojiCompat$CompatInternal19,4,28,14.29
2cba307c1a087db5,androidx/work/impl/constraints/controllers/NetworkNotRoamingController,4,20,20.0
26adce408ea8bd3e,kotlin/collections/AbstractSet,4,7,57.14
6347834c64021f9b,androidx/compose/foundation/lazy/layout/LazyLayoutItemAnimator$DisplayingDisappearingItemsElement,4,17,23.53
20cb8ad873ac2224,androidx/compose/ui/unit/fontscaling/FontScaleConverterTable,4,33,12.12
a8c0b07578181b31,androidx/work/impl/constraints/trackers/NetworkStateTracker24,4,23,17.39
ba59ca2f077dacaa,androidx/compose/runtime/external/kotlinx/collections/immutable/internal/ListImplementation,4,31,12.9
0d0f93d57138745c,androidx/compose/material3/InteractiveComponentSizeKt,4,6,66.67
d58832f33fd4048e,androidx/sqlite/db/SupportSQLiteCompat$Api21Impl,4,4,100.0
f68ca5b4d1113e05,androidx/compose/ui/graphics/layer/GraphicsLayer$Companion,4,4,100.0
32e6ee3bd4f3f417,androidx/compose/animation/core/VectorizedAnimationSpecKt$createSpringAnimations$2,4,4,100.0
5a21a687bcc03c10,androidx/compose/material3/RippleKt$LocalUseFallbackRippleImplementation$1,4,4,100.0
8e60898ff4c06fa7,kotlin/coroutines/AbstractCoroutineContextKey,4,11,36.36
404cd0278579e98b,androidx/compose/runtime/CompositionScopedCoroutineScopeCanceller,4,6,66.67
39c3978bc04432ac,kotlin/collections/SetsKt__SetsKt,4,33,12.12
81e41f705106d33d,androidx/core/view/WindowInsetsCompat$BuilderImpl,4,40,10.0
d98b25a836a19639,androidx/compose/foundation/relocation/BringIntoViewResponderNode,4,22,18.18
2af5a790074216e6,okio/_JvmPlatformKt,4,9,44.44
a6bc8834c9287b41,androidx/compose/material3/ShapesKt$LocalShapes$1,4,4,100.0
042251002379ab4a,androidx/lifecycle/ViewModelProvider$Companion,4,18,22.22
acfccdcc0140bd55,kotlinx/coroutines/flow/internal/SafeCollector$collectContextSize$1,4,4,100.0
ad1de95b24b37dd9,androidx/compose/ui/text/font/PlatformResolveInterceptor,4,5,80.0
b2cb257a65b50f38,androidx/core/app/NavUtils,4,44,9.09
5e6995f9d71d81cc,com/omelan/cofi/share/DataStore$getStepChangeSoundSetting$$inlined$map$1,4,5,80.0
e7d90dc40ac67d73,androidx/compose/ui/platform/DragAndDropModifierOnDragListener$modifier$1,4,11,36.36
aa1a848ab92c4a14,androidx/compose/foundation/lazy/layout/LazyLayoutItemProviderKt,4,9,44.44
b88e48b6c67d2b8f,androidx/navigation/compose/ComposeNavGraphNavigator,4,4,100.0
89b58e5d51356b33,androidx/compose/material3/FabPosition$Companion,4,6,66.67
45d9f900a95c086a,androidx/compose/ui/platform/WrapperRenderNodeLayerHelperMethods,4,5,80.0
bfd75f3c782586f6,kotlinx/coroutines/channels/Channel$Factory,4,4,100.0
22199b1bf772104d,androidx/compose/ui/Modifier$Companion,4,8,50.0
7811c4732faf6d98,androidx/compose/ui/platform/TestTagElement,4,11,36.36
0e1e264f3b20ad13,androidx/compose/animation/FlingCalculator,4,18,22.22
ce20732a2e6e0de4,androidx/compose/foundation/lazy/grid/LazyGridSlots,4,4,100.0
12b69184acecf156,androidx/compose/animation/AnimatedContentKt$AnimatedContent$6$1$5$1$1,4,4,100.0
40fcb47ad30b1903,androidx/compose/ui/text/font/FontStyle$Companion,4,7,57.14
4d333ef59a007763,androidx/compose/ui/modifier/ModifierLocal,4,4,100.0
ec7c58b2c1208b5a,androidx/collection/LruCache,4,125,3.2
4b0b0b13e0effe2b,com/google/android/gms/common/internal/Objects,4,22,18.18
0af31adf43630c77,androidx/compose/ui/draw/DrawBehindElement,4,19,21.05
4ed38456f8be8d69,androidx/compose/ui/platform/ComposableSingletons$Wrapper_androidKt,4,4,100.0
c3c327eb5ff5e45f,androidx/compose/material3/AppBarKt$rememberTopAppBarState$1$1,4,4,100.0
9c70177ce1dd7579,androidx/compose/foundation/lazy/layout/LazySaveableStateHolder$SaveableStateProvider$2$1,4,4,100.0
1ea2a7fb01e9276e,androidx/compose/runtime/external/kotlinx/collections/immutable/implementations/immutableMap/PersistentHashMapEntriesIterator,4,4,100.0
d11b8f6518b4b92c,androidx/compose/runtime/snapshots/SnapshotKt$advanceGlobalSnapshot$3,4,4,100.0
86b5b14e48ba00bf,androidx/compose/ui/node/ComposeUiNode$Companion$SetResolvedCompositionLocals$1,4,4,100.0
d4034d4ad835c137,androidx/concurrent/futures/ResolvableFuture,3,5,60.0
70f0d1ba20e021f2,androidx/compose/ui/modifier/EmptyMap,3,8,37.5
b082acd336cccaed,androidx/compose/animation/core/Animation,3,5,60.0
e87fc7c21fcd9003,androidx/collection/IntSetKt,3,25,12.0
46c748547025becc,com/google/android/gms/common/api/GoogleApi$Settings,3,3,100.0
d4e34ff3cc92d74a,com/kieronquinn/monetcompat/extensions/Extensions_ContextKt,3,6,50.0
d584767d92ffd1d0,androidx/compose/ui/node/Owner$Companion,3,4,75.0
f00c612fd7bf066b,androidx/compose/ui/text/style/TextMotion$Companion,3,4,75.0
2c254c556c726d5a,androidx/compose/runtime/internal/ComposableLambdaImpl$invoke$1,3,3,100.0
ae2d5cd243f2d073,androidx/compose/runtime/Recomposer$readObserverOf$1,3,3,100.0
224bcd4a2e0a40ad,androidx/compose/foundation/layout/UnspecifiedConstraintsNode$measure$1,3,3,100.0
ce8f22cbc80345f4,androidx/compose/ui/text/input/TextInputService,3,21,14.29
d0bc5712e9bfefa7,androidx/compose/ui/platform/AndroidComposeView$focusOwner$1,3,3,100.0
c91fb87a402f9341,kotlinx/coroutines/flow/DistinctFlowImpl,3,4,75.0
0c5001d2cfbe6019,androidx/room/SharedSQLiteStatement$stmt$2,3,3,100.0
94e6923159359d82,androidx/compose/runtime/DerivedSnapshotState$ResultRecord$Companion,3,3,100.0
8952437404dc0c96,androidx/compose/animation/core/AnimationKt,3,16,18.75
d411c058a62230ec,androidx/core/view/SoftwareKeyboardControllerCompat,3,10,30.0
200227aa58dc5df9,androidx/appcompat/widget/FitWindowsLinearLayout,3,7,42.86
00f748d81988332a,androidx/compose/ui/graphics/colorspace/Xyz,3,67,4.48
6a02b76e4c1b73cf,androidx/compose/ui/unit/IntOffsetKt,3,15,20.0
ec6a49a4116f17ac,androidx/compose/runtime/ParcelableSnapshotMutableFloatState,3,5,60.0
df98b4d2ad8345f9,com/omelan/cofi/pages/list/RecipeListKt$RecipeList$4$1$invoke$$inlined$items$default$4,3,3,100.0
22350b4288c2423f,androidx/core/view/WindowInsetsCompat$Impl21,3,14,21.43
2b7f2bd5a2b78188,com/google/android/gms/wearable/Wearable$WearableOptions,3,8,37.5
0117bb2fd16268c1,kotlinx/coroutines/NodeList,3,20,15.0
307f4797b6f00286,androidx/compose/ui/semantics/Role$Companion,3,9,33.33
95e8280d15d26b82,androidx/compose/ui/graphics/StrokeCap$Companion,3,5,60.0
b557e9ca664d996c,androidx/compose/ui/graphics/drawscope/CanvasDrawScopeKt,3,3,100.0
c6c9abb27986f740,androidx/compose/ui/text/font/GenericFontFamily,3,4,75.0
61681206bcf2ec52,androidx/lifecycle/SavedStateHandleSupport$savedStateHandlesVM$1,3,3,100.0
63146ccafc88b083,kotlinx/coroutines/CancelledContinuation,3,6,50.0
f9f5491d8d567e62,androidx/compose/ui/platform/AndroidComposeView$pointerIconService$1,3,10,30.0
90a040749a262917,androidx/compose/runtime/snapshots/SnapshotIdSet$Companion,3,3,100.0
6e92061e98489329,kotlin/coroutines/jvm/internal/DebugProbesKt,3,3,100.0
364c01ca2c25dfa6,kotlinx/coroutines/flow/internal/NullSurrogateKt,3,3,100.0
3c7c53dba970c2ff,androidx/compose/runtime/MonotonicFrameClockKt,3,13,23.08
af6f160b04ae1989,androidx/compose/ui/graphics/vector/PathNode$MoveTo,3,18,16.67
471a830c229062d9,androidx/navigation/NavDeepLink$fragArgsAndRegex$2,3,3,100.0
7ca9a6f4f485aaba,androidx/collection/MutableScatterSet$MutableSetWrapper,3,34,8.82
43bcc3d948a2cca0,kotlin/random/FallbackThreadLocalRandom$implStorage$1,3,3,100.0
87dcf262b08e0148,androidx/compose/runtime/ParcelableSnapshotMutableIntState,3,5,60.0
464da1e90263815e,kotlinx/coroutines/SupervisorKt,3,14,21.43
ac7a18c94e91fe8b,androidx/compose/ui/focus/FocusOwnerImpl$focusInvalidationManager$1,3,3,100.0
09564499889a01f9,kotlinx/coroutines/internal/ScopeCoroutine,3,8,37.5
484339cbddbbe8ea,androidx/compose/runtime/collection/MutableVectorKt,3,35,8.57
d079ff5fe0e80ad9,androidx/compose/ui/platform/AndroidComposeView$contentCaptureManager$1,3,3,100.0
2d5c2b0547536439,androidx/emoji2/text/EmojiCompatInitializer$1,3,3,100.0
f0ea22f5b3a7c4ea,androidx/activity/OnBackPressedDispatcher$addCancellableCallback$1,3,3,100.0
1756eb29b6596f7f,androidx/navigation/compose/NavHostControllerKt$rememberNavController$1$1,3,3,100.0
6f1a3071b2ed28f1,androidx/compose/ui/text/font/SystemFontFamily,3,3,100.0
cbfcd2d5221f1ebc,androidx/compose/ui/graphics/vector/VectorNode,3,3,100.0
e123951a935fc2e8,androidx/compose/ui/text/android/StaticLayoutFactory26,3,3,100.0
765e24411cb74b3d,kotlin/text/StringsKt___StringsKt,3,1223,0.25
46be42f48acaab1c,androidx/sqlite/db/framework/FrameworkSQLiteStatement,3,7,42.86
7c020b2148e45a6a,androidx/compose/ui/geometry/Rect$Companion,3,4,75.0
84f78f11ddff33a8,kotlinx/coroutines/tasks/DirectExecutor,3,3,100.0
0779b279ab7ffbcb,androidx/compose/foundation/lazy/layout/LazyLayoutItemAnimation$Companion,3,3,100.0
0f0076184c6430b2,androidx/compose/runtime/StructuralEqualityPolicy,3,4,75.0
0e87d7184dd2f19d,androidx/compose/ui/graphics/layer/GraphicsLayerKt,3,34,8.82
45e50d3bedf8e0f8,androidx/compose/ui/unit/IntSize$Companion,3,3,100.0
7d4ff5d63023bd4a,androidx/sqlite/db/framework/FrameworkSQLiteOpenHelperFactory,3,3,100.0
7c41995db52af67d,androidx/compose/animation/core/Transition$totalDurationNanos$2,3,3,100.0
53ef088dc0f43dd9,androidx/work/impl/constraints/trackers/BroadcastReceiverConstraintTracker,3,7,42.86
fd000d932211b400,androidx/compose/runtime/MonotonicFrameClock$DefaultImpls,3,5,60.0
a9ee2efd2eb8ef33,androidx/lifecycle/LifecycleDispatcher$DispatcherActivityCallback,3,3,100.0
545d29d6762bed39,androidx/compose/ui/platform/ViewCompositionStrategy$DisposeOnDetachedFromWindowOrReleasedFromPool$installFor$listener$1,3,7,42.86
9834221309add551,androidx/compose/ui/platform/ViewCompositionStrategy$Companion,3,3,100.0
2e943121e04f7912,androidx/compose/ui/input/pointer/PointerEventType$Companion,3,9,33.33
b18de1d96067d6c8,androidx/compose/animation/AnimatedContentKt$AnimatedContent$6$1$3$1,3,3,100.0
42a4ace75a365289,androidx/compose/ui/platform/AndroidComposeView$viewTreeOwners$2,3,3,100.0
346c1db9226eccba,com/kieronquinn/monetcompat/core/MonetCompat$createSystemColorScheme$1,3,3,100.0
2f8c1ae7fa2a684f,androidx/collection/ObjectIntMapKt,3,44,6.82
39c536738fb10714,kotlin/sequences/SequencesKt__SequencesKt$asSequence$$inlined$Sequence$1,3,3,100.0
6336e32ca12a2623,androidx/compose/ui/text/intl/AndroidPlatformLocale_androidKt,3,4,75.0
844d2e09bb303656,androidx/compose/ui/node/LayoutNode$_foldedChildren$1,3,3,100.0
a974ca68f76e3358,androidx/compose/foundation/lazy/grid/LazyGridState$remeasurementModifier$1,3,3,100.0
cc4821d7e87542dc,kotlinx/coroutines/CoroutineDispatcher$Key,3,3,100.0
3438962214127156,androidx/compose/animation/core/AnimationVector,3,3,100.0
51d78c3cef3bf5b4,kotlinx/coroutines/Empty,3,6,50.0
36e9dc6a7953545b,androidx/compose/foundation/text/modifiers/InlineDensity$Companion,3,3,100.0
eebabee2f640a18e,androidx/compose/foundation/lazy/LazyListItemProviderKt$rememberLazyListItemProviderLambda$1$intervalContentState$1,3,3,100.0
dba605fb6ed21723,androidx/compose/foundation/text/modifiers/TextStringSimpleNode$measure$1,3,3,100.0
754c2b085ad9232f,androidx/compose/foundation/layout/SizeNode$measure$1,3,3,100.0
e29acd66ef57a714,androidx/compose/foundation/layout/InsetsPaddingModifier$measure$1,3,3,100.0
1bf0c17220ad1dc3,androidx/compose/ui/input/nestedscroll/NestedScrollSource$Companion,3,12,25.0
eeeb8edb456ba2a9,com/google/android/gms/common/api/GoogleApiClient,3,32,9.38
49a24e290d07cd7a,androidx/compose/ui/node/LayoutNode$Companion,3,6,50.0
d67602e257f6a49c,androidx/compose/foundation/text/EmptyMeasurePolicy,3,3,100.0
8fb9471001f4615d,androidx/compose/runtime/internal/PersistentCompositionLocalHashMap$Companion,3,4,75.0
f324d35b9cb534d7,kotlinx/coroutines/ExecutorCoroutineDispatcher$Key,3,3,100.0
a9da16c47cddebe3,androidx/compose/ui/graphics/BlockGraphicsLayerModifier$measure$1,3,3,100.0
4e650dbda949c2a1,kotlinx/coroutines/flow/internal/ChildCancelledException,3,4,75.0
9ebc5a905fd9f3c1,androidx/compose/runtime/external/kotlinx/collections/immutable/implementations/persistentOrderedSet/Links,3,14,21.43
45f4cd5b4a444a9f,androidx/compose/ui/node/ObserverNodeOwnerScope,3,5,60.0
fead6814d31bed30,androidx/compose/material3/ColorResourceHelper,3,3,100.0
a711e4319a96911d,androidx/compose/runtime/external/kotlinx/collections/immutable/implementations/immutableMap/PersistentHashMap$Companion,3,3,100.0
f77da7edf5dc8dfd,androidx/lifecycle/LiveData$1,3,4,75.0
c69fae692c0f2c3b,androidx/core/view/ViewCompat$Api23Impl,3,8,37.5
487c0e960fdfc1ce,androidx/compose/ui/layout/SubcomposeLayoutKt$SubcomposeLayout$4$1,3,3,100.0
d302552554d99bca,androidx/activity/OnBackPressedDispatcher$addCallback$1,3,3,100.0
8373d179f04cab14,androidx/compose/foundation/lazy/layout/LazyLayoutKeyIndexMap$Empty,3,5,60.0
6be9c55e0f46c8aa,androidx/compose/ui/text/android/CanvasCompatM,3,4,75.0
72de142a0fdb6048,com/omelan/cofi/pages/list/RecipeListKt$RecipeList$4$1$invoke$$inlined$items$default$2,3,3,100.0
ea5a6bb3fb445325,androidx/compose/foundation/lazy/grid/LazyGridItemProviderKt$rememberLazyGridItemProviderLambda$1$intervalContentState$1,3,3,100.0
2bf2452209448e0a,kotlinx/coroutines/flow/internal/NopCollector,3,3,100.0
41cecd53443ce118,kotlinx/coroutines/flow/SafeFlow,3,3,100.0
20f311dbbe866642,androidx/compose/runtime/saveable/ListSaverKt,3,3,100.0
e2d18a92c2a5c0d0,androidx/navigation/NavControllerViewModel$Companion$FACTORY$1,3,3,100.0
76388ba0f6b5c168,kotlinx/coroutines/BuildersKt,3,8,37.5
aea4d070f7066395,kotlin/io/CloseableKt,3,28,10.71
d05ae76e9efc4383,kotlinx/coroutines/ExecutorCoroutineDispatcherImpl,3,52,5.77
5dec5f0a9d1ad56e,androidx/compose/ui/unit/DensityKt,3,4,75.0
3d9d35450979eb14,androidx/compose/foundation/text/HeightInLinesModifierKt,3,22,13.64
bd036b3276e3ea64,androidx/core/view/MenuHostHelper,3,53,5.66
84474a2096987245,androidx/compose/ui/focus/FocusInvalidationManager$scheduleInvalidation$1,3,3,100.0
b3a005ca1fe02361,androidx/compose/foundation/layout/BoxKt$EmptyBoxMeasurePolicy$1,3,3,100.0
6c1b307874434320,androidx/lifecycle/SavedStateHandlesVM,3,3,100.0
bf09c2268a3f7c34,androidx/compose/ui/graphics/ColorFilter,3,3,100.0
7ccbde1ca1630887,androidx/compose/foundation/lazy/grid/LazyGridState$Companion,3,3,100.0
d63c16502d5b2609,androidx/core/os/BundleCompat,3,24,12.5
0370d8a2f1dc8143,androidx/compose/ui/focus/FocusPropertiesElement,3,19,15.79
9d6cfc61eb176178,kotlinx/coroutines/NonDisposableHandle,3,6,50.0
e8597ae73d03a4da,androidx/compose/ui/unit/IntOffset$Companion,3,3,100.0
e37b743d0f6373a3,androidx/compose/animation/Scale,3,25,12.0
c30ad2db27761d65,androidx/compose/ui/unit/IntSizeKt,3,13,23.08
af6b41756331c6c9,androidx/compose/runtime/AtomicInt,3,16,18.75
ccb12eb4a8d6a6c0,androidx/compose/runtime/saveable/SaveableStateHolderImpl$RegistryHolder,3,13,23.08
fbeeae42457f1cc5,androidx/compose/ui/text/input/KeyboardCapitalization$Companion,3,12,25.0
3c321f1648c747b5,androidx/datastore/core/DataStoreImpl$storageConnectionDelegate$1,3,3,100.0
5132bfd32fb0edf3,androidx/compose/ui/platform/AndroidAccessibilityManager,3,18,16.67
fa4437033a443bc0,com/kieronquinn/monetcompat/core/MonetCompat$defaultColorScheme$2,3,3,100.0
e2febff2e14250ac,androidx/sqlite/db/SimpleSQLiteQuery$Companion,3,33,9.09
e75b56271be4a66c,androidx/window/layout/WindowMetricsCalculator$Companion,3,6,50.0
aa0f9e939021a9b4,androidx/compose/ui/semantics/SemanticsConfigurationKt$getOrNull$1,3,3,100.0
bb033d0f28af03ae,androidx/room/InvalidationTracker$Observer,3,11,27.27
eb25ba70bd9121e8,androidx/work/WorkerFactory,3,22,13.64
168e801f073a5c2f,androidx/compose/foundation/lazy/grid/LazyGridSpanLayoutProvider$Bucket,3,6,50.0
7beed41c5c971eeb,androidx/datastore/core/State,3,3,100.0
3112ff40dd503eae,androidx/compose/ui/input/pointer/NodeParent,3,68,4.41
3aa149faf12fcfd9,com/google/android/gms/wearable/internal/zzih,3,16,18.75
f348d30cf918549e,androidx/compose/ui/node/NodeCoordinator$drawBlock$1$1,3,3,100.0
d0af7f3e5f045d50,kotlin/coroutines/intrinsics/CoroutineSingletons,3,6,50.0
87f6fd97cd533ae9,androidx/compose/animation/core/ComplexDoubleKt,3,27,11.11
8c6ff919f7736c16,androidx/compose/ui/platform/WindowRecomposer_androidKt$createLifecycleAwareWindowRecomposer$1,3,5,60.0
e4851b6d940c85f9,androidx/compose/ui/layout/AlignmentLine,3,4,75.0
3683345260bbcc74,androidx/compose/material3/internal/DefaultPlatformTextStyle_androidKt,3,4,75.0
7cffa9aa9ea325d8,kotlin/collections/CollectionsKt__IterablesKt,3,26,11.54
f6261c4b31a3d5f4,androidx/compose/ui/graphics/vector/PathNode$RelativeLineTo,3,18,16.67
1ca87e06576b1ba4,androidx/compose/foundation/lazy/grid/LazyGridIntervalContent$item$3,3,3,100.0
119e7b237cf65828,androidx/compose/animation/core/VectorizedAnimationSpecKt,3,8,37.5
1676755f06632b21,androidx/compose/ui/graphics/AndroidImageBitmap,3,22,13.64
74da1caf2f4609b2,kotlin/text/CharsKt__CharJVMKt,3,50,6.0
a00583c6c6d86bb4,androidx/core/view/WindowInsetsCompat$Impl28,3,14,21.43
4c1e75908faeb8ea,androidx/work/impl/StartStopTokens,3,41,7.32
a3edaa3bd1f416fb,androidx/compose/ui/node/LayoutNode$WhenMappings,3,4,75.0
c739b51391116dc2,androidx/datastore/preferences/PreferenceDataStoreSingletonDelegate$getValue$1$1,3,3,100.0
923d07e9769a2db4,androidx/compose/animation/core/AnimationVector2D,3,30,10.0
7ca149f1e3d6587b,kotlinx/coroutines/ChildHandleNode,3,5,60.0
285b73ec79e08d79,androidx/compose/runtime/snapshots/SnapshotApplyResult$Success,3,4,75.0
64cf8014024e09d0,androidx/compose/foundation/lazy/layout/LazyLayoutKt$LazyLayout$3$itemContentFactory$1$1,3,3,100.0
12cc032638b7e62a,androidx/compose/foundation/gestures/DefaultDraggableState,3,9,33.33
d41802cb2d0314aa,androidx/compose/ui/platform/WindowRecomposerPolicy$createAndInstallWindowRecomposer$1,3,5,60.0
a94ee697109cd0e5,androidx/arch/core/internal/SafeIterableMap$Entry,3,14,21.43
b73abaafff40dd62,androidx/navigation/NavDeepLink$queryArgsMap$2,3,3,100.0
9900b28c7248b60f,androidx/compose/ui/platform/ViewLayer$Companion,3,31,9.68
9409df24349e1063,androidx/compose/animation/AnimatedContentKt$AnimatedContent$6$1$1$1$1,3,3,100.0
19eecc217277286c,androidx/compose/ui/graphics/Shadow$Companion,3,4,75.0
f7d526bc3362edd6,androidx/compose/foundation/lazy/LazyListState$remeasurementModifier$1,3,3,100.0
cd8a30c6e01612bc,androidx/room/InvalidationTracker$WeakObserver,3,10,30.0
c491c2edbf37d6a5,androidx/work/WorkManager,3,13,23.08
d7e26a569d6a10df,com/google/android/gms/common/internal/TelemetryData,3,12,25.0
f123371a7c76ea45,androidx/compose/ui/platform/AndroidUiDispatcher_androidKt,3,4,75.0
2d03ef65c14b1327,androidx/compose/runtime/external/kotlinx/collections/immutable/implementations/immutableList/SmallPersistentVector$Companion,3,3,100.0
c468b42f14e7d4b3,androidx/compose/ui/text/font/FontFamily$Companion,3,7,42.86
fd99c5840e36661a,androidx/compose/ui/modifier/ModifierLocalMap,3,3,100.0
8063810f537e022b,androidx/compose/ui/node/CompositionLocalConsumerModifierNodeKt,3,5,60.0
a66ef389b65733f0,androidx/compose/animation/core/TwoWayConverterImpl,3,3,100.0
0f910ab7fbb5aec3,androidx/compose/runtime/external/kotlinx/collections/immutable/implementations/immutableMap/TrieNode$Companion,3,3,100.0
cef720a3d8e886ee,androidx/lifecycle/MutableLiveData,3,4,75.0
d4c5b7940b9b5894,androidx/fragment/app/Fragment$5,3,6,50.0
6d4bed90c61b56aa,androidx/compose/ui/graphics/vector/PathNode$RelativeMoveTo,3,18,16.67
0280e3b6d245c3f3,androidx/compose/ui/text/android/VerticalPaddings,3,17,17.65
84f796951d87bf52,okio/internal/-FileSystem,3,136,2.21
a07b5075cd660c7a,androidx/compose/ui/graphics/BlendModeColorFilterHelper,3,7,42.86
f75b5fdccb911200,androidx/compose/foundation/lazy/LazyListIntervalContent$item$2,3,3,100.0
53ba5156223131c0,androidx/compose/ui/graphics/FilterQuality$Companion,3,6,50.0
220568e236f9cd3e,androidx/compose/foundation/lazy/LazyListState$Companion,3,4,75.0
4816fe4d508157f6,androidx/compose/ui/platform/ViewRootForTest$Companion,3,5,60.0
ad824b16c27635a8,androidx/compose/ui/text/input/ImeOptions$Companion,3,3,100.0
8fa82d74c75834f5,androidx/compose/material3/SwipeToDismissBoxKt$rememberSwipeToDismissBoxState$2$1,3,3,100.0
5a9e64d790165fd4,com/omelan/cofi/MainActivity$MainNavigation$3,3,3,100.0
a5f7be8a9e0a34d6,androidx/appcompat/app/AppLocalesStorageHelper$SerialExecutor,3,18,16.67
75afece6072eefc4,androidx/compose/animation/core/SuspendAnimationKt$callWithFrameNanos$2,3,3,100.0
8370df7b67c2ca03,com/omelan/cofi/utils/WearUtils$observeChangesAndSendToWear$2,3,3,100.0
3c9ffe1f33792021,kotlin/collections/MapsKt__MapsJVMKt,3,46,6.52
6e3ddee66ab54b82,androidx/compose/ui/graphics/vector/PathNode$RelativeReflectiveQuadTo,3,18,16.67
9ba7d869715da37c,androidx/compose/ui/graphics/SimpleGraphicsLayerModifier$measure$1,3,3,100.0
9163c55a53fab630,okio/internal/-ByteString,3,678,0.44
53d664bc4d7f4808,androidx/compose/ui/layout/LayoutModifierImpl,3,6,50.0
612ef605c738023f,androidx/datastore/core/AtomicInt,3,9,33.33
5a81cb6126a205e8,kotlinx/coroutines/CompletableDeferredKt,3,11,27.27
7ece933124705b3f,androidx/compose/ui/text/android/SpannedExtensions_androidKt,3,6,50.0
d49a8b839ef8f324,kotlinx/coroutines/flow/FlowKt__DistinctKt$defaultKeySelector$1,3,3,100.0
b569f74ac07350a2,androidx/compose/foundation/lazy/layout/LazySaveableStateHolder$Companion,3,3,100.0
40edb8db0fdfa4f2,androidx/compose/ui/graphics/AndroidGraphicsContext$UniqueDrawingIdApi29,3,3,100.0
8ac3693fc74137eb,androidx/compose/foundation/layout/BoxMeasurePolicy$measure$2,3,3,100.0
681e6592a1c67f27,androidx/compose/ui/res/ImageVectorCache$ImageVectorEntry,3,19,15.79
d7acc65ff16cb3e7,androidx/compose/ui/graphics/TransformOrigin$Companion,3,3,100.0
d5115fb33ddee4d9,androidx/compose/runtime/ParcelableSnapshotMutableLongState,3,5,60.0
b172e7fbad77884b,androidx/compose/ui/input/nestedscroll/NestedScrollModifierKt,3,4,75.0
cee9a57d76906ec3,androidx/navigation/NamedNavArgumentKt,3,3,100.0
5cfbeea3f36cd510,androidx/compose/foundation/lazy/layout/LazyLayoutBeyondBoundsModifierLocal,3,67,4.48
53c626b8e69e47ca,androidx/compose/ui/node/BackwardsCompatNode$initializeModifier$2,3,3,100.0
eeb1e2642c5794b2,androidx/compose/material/ripple/Ripple_androidKt,3,22,13.64
241690a80b954b19,androidx/compose/ui/unit/TextUnit$Companion,3,5,60.0
7e9e962b81145dfc,androidx/compose/ui/text/platform/DefaultImpl$getFontLoadState$initCallback$1,3,5,60.0
d63360b70c590e46,androidx/compose/ui/text/input/ImeAction$Companion,3,20,15.0
958d9d1a847d7841,androidx/compose/ui/platform/InspectableValueKt,3,12,25.0
0d24c73b69bd1713,androidx/compose/ui/text/font/PlatformTypefaces_androidKt,3,29,10.34
0f4a06b34b569610,com/omelan/cofi/MainActivity$special$$inlined$viewModels$default$1,3,3,100.0
0f97ff35fa67be10,androidx/compose/ui/graphics/vector/PathNode$LineTo,3,18,16.67
78ca8bd8fb99bc76,androidx/compose/ui/autofill/AutofillTree,3,10,30.0
98408f409bcfb9dd,androidx/compose/ui/util/MathHelpersKt,3,32,9.38
5bf5de3713674385,androidx/compose/ui/graphics/CompositingStrategy$Companion,3,5,60.0
c551ec064fc613a1,androidx/compose/foundation/lazy/LazyListScope,3,40,7.5
05dddb29948dbf39,androidx/core/util/Preconditions,3,73,4.11
12a3ea3e70ff1d2f,androidx/compose/foundation/shape/CornerSizeKt,3,6,50.0
070e64c5e6f43048,androidx/compose/runtime/RememberObserverHolder,3,6,50.0
59d9b04958ed64f9,kotlin/random/FallbackThreadLocalRandom,3,3,100.0
684d77178fb2c559,androidx/compose/material3/windowsizeclass/WindowSizeClass,3,16,18.75
e3590a81ca20364b,androidx/compose/runtime/saveable/SaveableHolder$valueProvider$1,3,5,60.0
2d80cf434db09ac5,com/google/android/gms/common/api/internal/RegisterListenerMethod,3,8,37.5
8eb2dfbcecc12871,kotlinx/coroutines/scheduling/DefaultScheduler,3,8,37.5
cb85d384d20ebfc8,androidx/core/view/WindowInsetsAnimationCompat$Impl30,3,16,18.75
8d169c43ec4ac8cf,androidx/compose/ui/text/TextStyle$Companion,3,4,75.0
601bd6eaeb0de800,androidx/compose/ui/text/TextRange$Companion,3,3,100.0
ce49e57b9a046707,androidx/core/content/ContextCompat,3,117,2.56
5b1346b2788d5311,androidx/compose/ui/graphics/vector/PathNode$ReflectiveQuadTo,3,18,16.67
df87fe14b009a7ea,androidx/compose/ui/MotionDurationScale$DefaultImpls,3,4,75.0
bd35bdc9f809ae8e,androidx/compose/runtime/external/kotlinx/collections/immutable/implementations/persistentOrderedSet/PersistentOrderedSet$Companion,3,3,100.0
4e2ab5b510905d98,androidx/compose/ui/platform/AndroidComposeView$focusOwner$4,3,3,100.0
2902473bcbecf371,kotlin/time/DurationKt,3,256,1.17
123cf6df7f81ed9b,androidx/compose/ui/node/BackwardsCompatNode$updateModifierLocalConsumer$1,3,3,100.0
408fa5deaf52dd1d,androidx/compose/ui/platform/WindowRecomposer_androidKt$createLifecycleAwareWindowRecomposer$2$onStateChanged$1$1$1$1,3,3,100.0
5bbb789d7c1e8803,kotlin/coroutines/CoroutineContext$DefaultImpls,3,3,100.0
5bbc4171722e7fdd,androidx/compose/ui/input/key/KeyInputElement,3,36,8.33
0a29aefab4a4c734,kotlin/collections/CollectionsKt__CollectionsJVMKt,3,45,6.67
38c422abda419757,androidx/compose/ui/autofill/AutofillCallback,3,9,33.33
3544d2f0df2d2f01,androidx/compose/animation/EnterTransition$Companion,3,3,100.0
ca3892c8aab9a5b4,com/google/android/gms/common/internal/service/zan,3,3,100.0
a7cea6a6529be40c,com/omelan/cofi/share/model/AppDatabaseKt,3,5,60.0
438c1b7d3e967198,androidx/compose/ui/text/platform/extensions/PlaceholderExtensions_androidKt,3,37,8.11
903ed7ba045c3beb,androidx/fragment/app/FragmentViewLifecycleOwner,3,29,10.34
29eb39b71c011466,androidx/compose/ui/graphics/CanvasHolder,3,9,33.33
96836307c25a2f9a,kotlin/collections/IndexedValue,3,20,15.0
1f1fd6d166ba573d,com/omelan/cofi/pages/list/RecipeListKt$RecipeList$5,3,3,100.0
b6bb9b4816bb631f,androidx/compose/foundation/layout/FillNode$measure$1,3,3,100.0
e9e70f34abbd151a,kotlinx/coroutines/scheduling/NanoTimeSource,3,3,100.0
3a26374f44e17166,kotlinx/coroutines/scheduling/TaskContextImpl,3,3,100.0
58bff96cc463fd41,androidx/compose/ui/node/LayoutNodeKt,3,6,50.0
37fa0122bc9632b7,kotlinx/coroutines/tasks/TasksKt$awaitImpl$2$1,3,6,50.0
5b4691326d201e53,androidx/room/util/DBUtil,3,103,2.91
75b0b66c7f3085f9,androidx/collection/ArrayMap$ValueIterator,3,4,75.0
7621ede8b331f1e1,androidx/compose/ui/text/font/PlatformResolveInterceptor$Companion,3,4,75.0
ad160378e6241161,androidx/compose/ui/node/NodeCoordinator$updateLayerParameters$1,3,3,100.0
dc5d408c796e5c89,kotlinx/coroutines/GlobalScope,3,3,100.0
00dfe1aec4c0dce2,androidx/compose/ui/graphics/colorspace/Adaptation$Companion,3,5,60.0
d3242f0da0b5a5c9,androidx/compose/ui/platform/ViewLayer,3,262,1.15
5307f2ba5093684d,androidx/compose/ui/graphics/WrapperVerificationHelperMethods,3,3,100.0
d40825f32ef9a6b0,androidx/compose/runtime/internal/ThreadMap_jvmKt,3,3,100.0
22510f97ac91d8e0,androidx/compose/ui/text/style/TextGeometricTransform$Companion,3,4,75.0
1bab49af1cc91775,kotlin/time/Duration$Companion,3,90,3.33
7b93da087b44a319,androidx/compose/ui/input/pointer/PointerKeyboardModifiers,3,15,20.0
90c5561b4f517048,androidx/compose/ui/draw/DrawResult,3,4,75.0
fd20a4ccad830da7,androidx/compose/runtime/snapshots/SnapshotApplyResult,3,3,100.0
e6d5313a062a6bd2,kotlinx/coroutines/LazyStandaloneCoroutine,3,3,100.0
a24592e7ae5ce4dc,com/google/android/gms/common/api/internal/zam,3,3,100.0
6a2b3d510120cc63,androidx/compose/runtime/saveable/RememberSaveableKt$rememberSaveable$1$1,3,3,100.0
e2ed00e0d51d4d2a,com/omelan/cofi/utils/WearUtils$observeChangesAndSendToWear$3,3,3,100.0
3e5efae5c16e7f93,androidx/compose/ui/contentcapture/AndroidContentCaptureManager$TranslateStatus,3,5,60.0
32f1cd8c22ad679d,androidx/compose/runtime/SnapshotStateKt__SnapshotMutationPolicyKt,3,3,100.0
b1bebdf64b63dd41,kotlin/jvm/internal/CallableReference$NoReceiver,3,4,75.0
ecc1e9ce61f17e7d,androidx/compose/animation/AnimatedVisibilityKt$AnimatedEnterExitImpl$shouldDisposeAfterExit$2$1$1,3,3,100.0
08a11eedf2365efd,androidx/compose/ui/text/style/BaselineShift$Companion,3,8,37.5
9dbc7a711191ccc5,androidx/compose/ui/text/input/KeyboardType$Companion,3,22,13.64
053873b1209f4ca6,androidx/room/DatabaseConfiguration,3,61,4.92
6daf6338b9e7cdcd,androidx/work/impl/utils/SerialExecutorImpl$Task,3,7,42.86
385658d094180e44,androidx/compose/material3/TopAppBarState$Companion,3,3,100.0
8b22c8123743ae86,androidx/compose/ui/draw/PainterNode$measure$1,3,3,100.0
d223acffb9eaddcb,androidx/compose/foundation/lazy/layout/LazySaveableStateHolderKt$LazySaveableStateHolderProvider$holder$1$1,3,3,100.0
cb95ad3331d92c74,androidx/compose/ui/node/LayoutNodeLayoutDelegateKt,3,25,12.0
bad29265477174e0,com/google/android/gms/common/api/internal/zae,3,15,20.0
9e77ec8863de4a0a,androidx/compose/ui/geometry/CornerRadius$Companion,3,4,75.0
a573689306a4100c,androidx/compose/ui/text/android/StaticLayoutFactory28,3,3,100.0
34f6da740762d280,androidx/compose/animation/core/SuspendAnimationKt$animate$9,3,3,100.0
b6f74c9f7096519f,androidx/compose/material3/ScaffoldLayoutContent,3,5,60.0
b0fdac9030fcf719,androidx/compose/ui/layout/RootMeasurePolicy$measure$2,3,3,100.0
7f4b0ba767a628c5,androidx/compose/runtime/ParcelableSnapshotMutableState,3,12,25.0
6ec65bdc0a3d8480,com/omelan/cofi/MainActivity$special$$inlined$viewModels$default$2,3,3,100.0
ac5c2075fb60ecee,androidx/compose/ui/text/font/FontSynthesis$Companion,3,6,50.0
a8cf9f6c72f61ef8,androidx/datastore/preferences/core/PreferenceDataStore,3,4,75.0
112f7f81fae10fff,androidx/navigation/NavDestination$DeepLinkMatch,3,53,5.66
020cc41d6b229682,com/google/android/gms/common/api/internal/zabv,3,7,42.86
a4f45ca68bfce819,androidx/lifecycle/viewmodel/CreationExtras,3,3,100.0
426848fc0f001e54,androidx/lifecycle/SavedStateHandlesProvider$viewModel$2,3,3,100.0
52b1fe751a786d79,androidx/compose/foundation/gestures/BringIntoViewRequestPriorityQueue,3,70,4.29
cb43f3f5886c4b10,androidx/compose/ui/text/style/TextForegroundStyle$merge$2,3,3,100.0
c985e51e5fe14888,androidx/compose/runtime/saveable/SaveableStateHolderImpl$Companion,3,3,100.0
e7950b030bccfb58,kotlinx/coroutines/android/AndroidDispatcherFactory,3,6,50.0
deec61feed700e70,androidx/compose/animation/AnimatedVisibilityKt$AnimatedVisibilityImpl$1$1$1,3,3,100.0
29d37d1e87c0af28,androidx/compose/material3/ScaffoldKt$Scaffold$1$1,3,3,100.0
593abb2a7f1a215b,androidx/sqlite/db/framework/FrameworkSQLiteOpenHelper$DBRefHolder,3,3,100.0
416b3b192b97cd23,kotlinx/coroutines/flow/ReadonlyStateFlow,3,5,60.0
a4cf605dc41c7c53,androidx/room/RoomDatabase$Callback,3,4,75.0
5f14981facfd1707,androidx/compose/ui/text/platform/AndroidParagraph_androidKt,3,11,27.27
972317f88524b8f5,androidx/compose/ui/layout/SubcomposeLayoutState$setCompositionContext$1,3,3,100.0
37dcde3c0c749887,androidx/compose/runtime/NeverEqualPolicy,3,4,75.0
da7580ba87a6805a,androidx/compose/ui/semantics/SemanticsNodeKt,3,115,2.61
0126f98dab100ef7,androidx/compose/ui/draw/CacheDrawModifierNodeImpl$getOrBuildCachedDrawBlock$1$1,3,3,100.0
fdcaf46867d4130d,androidx/compose/ui/text/style/TextIndent$Companion,3,4,75.0
a07ab3e0234f8d43,androidx/work/impl/background/greedy/DelayedWorkTracker,3,14,21.43
1f9ada109403ac58,androidx/compose/ui/node/LayoutNodeLayoutDelegate$performMeasureBlock$1,3,3,100.0
07cf016af04acb36,androidx/datastore/core/DataStoreImpl$coordinator$2,3,3,100.0
ca946529c78715d1,androidx/compose/ui/text/platform/ImmutableBool,3,3,100.0
b0303c1da6dd971c,androidx/compose/runtime/saveable/SaverKt$Saver$1,3,4,75.0
eff2273f11acc740,androidx/compose/material3/SwipeToDismissBoxState$Companion,3,3,100.0
986a945df7d8c5c7,androidx/compose/ui/platform/AndroidComposeViewForceDarkModeQ,3,3,100.0
3a6bf9f9371b4acc,kotlin/random/AbstractPlatformRandom,3,10,30.0
b42c9ce35eda487e,com/google/android/gms/wearable/zzm,3,3,100.0
dfc61ca6e37d5e97,androidx/compose/foundation/layout/Direction,3,5,60.0
4bd6565330fdf3d6,androidx/compose/ui/node/ObserverNodeOwnerScope$Companion,3,3,100.0
5b9130dba9fb7c47,androidx/compose/runtime/KeyInfo,3,7,42.86
596abb2ce8ea7457,androidx/compose/ui/Actual_jvmKt,3,19,15.79
e003d468f0f2fa64,androidx/compose/ui/layout/SubcomposeLayoutState$setMeasurePolicy$1,3,3,100.0
33d2bd0798e6c921,com/google/android/gms/common/api/internal/LifecycleActivity,3,6,50.0
d6239ca2a05bf5f9,kotlin/coroutines/jvm/internal/Boxing,3,8,37.5
6cf8f16b3293f030,androidx/compose/ui/contentcapture/ContentCaptureManager$Companion,3,5,60.0
e8f0e5b518960ab6,androidx/compose/material3/internal/AnchoredDraggableState$draggableState$1,3,7,42.86
b869c004dc2d1b2d,androidx/compose/ui/graphics/layer/LockHardwareCanvasHelper,3,3,100.0
c32c680f5485a02f,androidx/navigation/NavDeepLinkDslBuilderKt,3,3,100.0
ea51dda471c5d9a2,androidx/compose/animation/ExitTransition$Companion,3,4,75.0
e2f341ad23987f64,androidx/compose/ui/graphics/drawscope/Stroke$Companion,3,4,75.0
aa9d40f289c45c02,androidx/compose/ui/layout/ContentScale$Companion$Fit$1,3,3,100.0
4f0b7d3aa5ef0862,androidx/core/view/WindowInsetsAnimationCompat,3,25,12.0
db66135f1a1d8df7,androidx/compose/ui/platform/AndroidComposeViewTranslationCallbackS,3,4,75.0
57fdf76417ba9737,androidx/compose/runtime/ParcelableSnapshotMutableFloatState$Companion,2,3,66.67
2ef9fafe3faf6bb5,androidx/navigation/compose/DialogNavigator$Companion,2,2,100.0
9d595c75abc38acd,androidx/navigation/NavDeepLink$Companion,2,2,100.0
8995f9fa22797234,androidx/compose/animation/ExitTransitionImpl,2,2,100.0
9cfe8869a10db5b9,com/omelan/cofi/MainActivityKt$LocalPiPState$1,2,5,40.0
3d7ce1e2d2996e38,okio/Okio__JvmOkioKt,2,53,3.77
440963439587b28d,com/omelan/cofi/components/ComposableSingletons$PipAwareAppBarKt$lambda-4$1,2,12,16.67
900e03526d053e1b,androidx/compose/animation/core/SuspendAnimationKt$animate$4,2,2,100.0
415e7f9ace1fd090,kotlinx/coroutines/Unconfined,2,7,28.57
5a74ac5a47615111,kotlinx/coroutines/EventLoopImplBase,2,177,1.13
514a41bcc37ad3ee,androidx/compose/ui/text/platform/DispatcherKt,2,2,100.0
9ebd016226e5395c,androidx/compose/runtime/internal/ThreadMap,2,38,5.26
ca0be1928140caab,androidx/work/impl/constraints/trackers/BroadcastReceiverConstraintTracker$broadcastReceiver$1,2,4,50.0
e192076980b92636,androidx/activity/ComponentActivity$activityResultRegistry$1,2,39,5.13
316052440613654f,kotlinx/coroutines/AbstractTimeSourceKt,2,36,5.56
bbef9ea9147e7147,androidx/compose/material3/ComposableSingletons$ScaffoldKt$lambda-4$1,2,12,16.67
b04a2e69aa17d4a4,androidx/collection/ArraySet$ElementIterator,2,3,66.67
5b3a0c69fa89cd44,androidx/compose/ui/platform/DelegatingSoftwareKeyboardController,2,5,40.0
ee2c227420e4cc15,androidx/navigation/NavController$onBackPressedCallback$1,2,3,66.67
c2d497641ee00beb,androidx/compose/runtime/ProduceStateScopeImpl,2,27,7.41
80ec2eff61be2f10,kotlin/collections/builders/SetBuilder$Companion,2,2,100.0
d18ebcf80160eca8,androidx/compose/ui/text/SaversKt$AnnotationRangeSaver$1,2,33,6.06
916d1a6f7e3b75c1,androidx/compose/runtime/ComposableSingletons$CompositionKt$lambda-2$1,2,12,16.67
d258e034ec8d5fea,com/google/android/gms/internal/wearable/zzai,2,3,66.67
6a44c7803d9a9144,androidx/compose/ui/graphics/colorspace/Adaptation$Companion$Bradford$1,2,3,66.67
8750b9a0bb83445d,androidx/compose/ui/platform/ViewLayer$Companion$getMatrix$1,2,5,40.0
8759837faa1def7a,com/google/android/gms/common/internal/service/zap,2,12,16.67
6bf0cbca0bbeaac3,androidx/fragment/app/FragmentManagerViewModel$1,2,2,100.0
97d50538833bb080,androidx/compose/ui/platform/AndroidCompositionLocals_androidKt$LocalSavedStateRegistryOwner$1,2,4,50.0
4bb14fe39b8b5ebb,com/omelan/cofi/share/model/RecipeDao,2,19,10.53
7517bb01bca6932b,androidx/compose/material3/TopAppBarState$Companion$Saver$2,2,8,25.0
e29a20d9f2f6d118,androidx/appcompat/app/AppLocalesMetadataHolderService,2,6,33.33
ac181508bc4024ef,androidx/compose/ui/platform/CompositionLocalsKt$LocalDensity$1,2,4,50.0
c87b69cbfd5c7d21,com/google/android/gms/common/api/Api$AbstractClientBuilder,2,3,66.67
5a74368337c85aed,androidx/compose/ui/ComposedModifier,2,2,100.0
cae419942406769f,androidx/compose/ui/node/OwnerSnapshotObserver$onCommitAffectingLookahead$1,2,7,28.57
5dbd24323012a86d,androidx/compose/material3/AppBarKt$TopAppBarLayout$1$2,2,4,50.0
7e4252156564a8c7,androidx/activity/result/ActivityResultRegistry$register$3,2,17,11.76
3d0d9efd518a138f,androidx/compose/foundation/lazy/grid/LazyGridBeyondBoundsState,2,12,16.67
e15dddcee2e97f82,androidx/compose/ui/graphics/vector/PathNode$VerticalTo,2,13,15.38
84292170298aeedc,androidx/compose/ui/text/SaversKt$ShadowSaver$2,2,24,8.33
97a0864ee11412e1,androidx/compose/foundation/lazy/layout/PrefetchHandleProvider,2,6,33.33
e828acb6995cbfdd,androidx/compose/material3/ComposableSingletons$ScaffoldKt$lambda-1$1,2,12,16.67
23c779325b2723fe,kotlinx/coroutines/internal/ThreadContextKt$findOne$1,2,7,28.57
d404b87dedabe3ea,kotlinx/coroutines/android/HandlerDispatcher,2,4,50.0
79ac0ab3eb7fba01,androidx/work/impl/WorkLauncherImpl,2,10,20.0
e95935f3072c59e4,androidx/compose/ui/semantics/ScrollAxisRange,2,10,20.0
12f57391ec078f0d,androidx/compose/ui/text/input/CursorAnchorInfoController$textFieldToRootTransform$1,2,4,50.0
2cfce9545dda3a01,androidx/compose/ui/layout/AlignmentLine$Companion,2,2,100.0
392f6cdd68667f33,androidx/activity/result/ActivityResultRegistry$Companion,2,2,100.0
63f1bddfdae2e66b,androidx/compose/runtime/ParcelableSnapshotMutableIntState$Companion,2,3,66.67
844d8bba4c8d81d2,androidx/lifecycle/ProcessLifecycleOwner$initializationListener$1,2,5,40.0
53bbccf3d3d76e24,androidx/compose/ui/unit/fontscaling/FontScaleConverterTable$Companion,2,16,12.5
86694652c593c768,androidx/compose/ui/graphics/layer/LayerSnapshotV28,2,3,66.67
908cfa008e796624,androidx/compose/foundation/text/BasicTextKt$BasicText-VhcvRP8$$inlined$Layout$1,2,2,100.0
bf12b070b2fb5f4c,kotlinx/coroutines/flow/internal/SendingCollector,2,3,66.67
f18f4aea8ff6764b,androidx/compose/ui/text/intl/Locale$Companion,2,3,66.67
9d24a6f0f89121bc,androidx/compose/material/icons/Icons$Rounded,2,2,100.0
535ab3d09a6f181a,androidx/compose/material3/ColorSchemeKt$LocalColorScheme$1,2,4,50.0
0c4bd2930f66f2aa,androidx/compose/animation/EnterExitTransitionKt$TransformOriginVectorConverter$1,2,4,50.0
53e76e7bf7c2497b,androidx/navigation/ActivityNavigator$hostActivity$1,2,7,28.57
c4e81a6c81fe5c55,androidx/compose/ui/graphics/vector/PathNode$RelativeVerticalTo,2,13,15.38
ccbe7423b26c09c5,androidx/compose/ui/graphics/vector/PathNode$Close,2,2,100.0
c1eaae3723570fbd,com/google/android/gms/common/wrappers/PackageManagerWrapper,2,35,5.71
b4dfe74ddccf2c1b,androidx/compose/ui/text/SaversKt$TextIndentSaver$2,2,21,9.52
7b5af4bfb2effe61,androidx/compose/material3/SurfaceKt$Surface$1$2,2,4,50.0
8ede3948d3664775,androidx/lifecycle/Lifecycle,2,10,20.0
2fb98b5c89242e49,androidx/compose/animation/core/VectorConvertersKt$OffsetToVector$1,2,4,50.0
57b5621c06a63096,com/google/android/gms/common/internal/RootTelemetryConfiguration,2,19,10.53
825db8346c48958f,androidx/compose/ui/graphics/AndroidGraphicsContext$Companion,2,4,50.0
ce256a2bf25d559a,androidx/compose/animation/core/VectorConvertersKt$IntSizeToVector$2,2,8,25.0
1e67125056795981,androidx/compose/foundation/layout/WrapContentElement,2,22,9.09
b21640b68b5fda2c,androidx/compose/animation/core/TransitionKt$SeekableTransitionStateTotalDurationChanged$1,2,4,50.0
b1abdeaf95a6de80,androidx/compose/ui/node/ComposeUiNode$Companion$SetViewConfiguration$1,2,4,50.0
5698752fe95d4ed2,androidx/core/view/LayoutInflaterCompat,2,32,6.25
fa7fe23ac707db08,androidx/compose/ui/focus/FocusPropertiesKt$sam$androidx_compose_ui_focus_FocusPropertiesScope$0,2,8,25.0
c351989a1a3ce5ba,androidx/compose/runtime/saveable/SaveableStateHolderImpl$SaveableStateProvider$1$1$1$invoke$$inlined$onDispose$1,2,5,40.0
48b85da514f405b0,androidx/compose/ui/platform/AndroidComposeView$rotaryInputModifier$1,2,4,50.0
c2b035ed18666b5c,androidx/datastore/core/DataStoreImpl$writeActor$2,2,8,25.0
ee5b9fc3dde468f4,androidx/compose/ui/platform/AndroidCompositionLocals_androidKt$LocalResourceIdCache$1,2,4,50.0
16cbdc5f4c0b820a,androidx/sqlite/db/framework/FrameworkSQLiteOpenHelper$Companion,2,2,100.0
d9e621785e676264,androidx/compose/ui/text/SaversKt$ClickableSaver$2,2,40,5.0
34c187139b656c0c,androidx/compose/ui/platform/AndroidCompositionLocals_androidKt$obtainImageVectorCache$1$1$invoke$$inlined$onDispose$1,2,4,50.0
b1a19e7310fe1bfc,androidx/core/view/WindowInsetsAnimationCompat$Callback,2,5,40.0
113847c6d961eb45,androidx/work/impl/Migration_12_13,2,5,40.0
f351909ed4617342,androidx/compose/ui/text/SaversKt$TextUnitSaver$1,2,7,28.57
3eeffd2b1f7ff844,androidx/compose/foundation/layout/WindowInsets$Companion,2,2,100.0
ad2ac0b2a977e1e2,androidx/compose/runtime/MonotonicFrameClock,2,4,50.0
7ea07cc7b4d293bb,androidx/compose/animation/LayoutModifierNodeWithPassThroughIntrinsics,2,6,33.33
c0b8368a78584b48,androidx/compose/ui/text/SaversKt$ParagraphStyleSaver$2,2,26,7.69
1d3d8f0d72928581,androidx/compose/animation/EnterExitTransitionKt$expandHorizontally$1,2,4,50.0
858ec93e177f9ee5,androidx/emoji2/text/EmojiCompat$CompatInternal19$1,2,3,66.67
dbb2a4aa26f2bcd2,androidx/emoji2/text/DefaultEmojiCompatConfig$DefaultEmojiCompatConfigHelper_API19,2,3,66.67
627b2ef35c90b55c,androidx/activity/compose/PredictiveBackHandlerKt$PredictiveBackHandler$backCallBack$1$1,2,28,7.14
ebbe010f76755989,androidx/compose/ui/semantics/SemanticsProperties$IsPopup$1,2,5,40.0
1859849054438df6,androidx/compose/material3/ComposableSingletons$AppBarKt$lambda-7$1,2,12,16.67
428148562c570300,androidx/compose/ui/node/ComposeUiNode$Companion$SetDensity$1,2,4,50.0
a1e7eb53b4757b51,androidx/fragment/app/FragmentLayoutInflaterFactory,2,70,2.86
495b6fdece9d4d89,androidx/compose/ui/semantics/SemanticsProperties$InvisibleToUser$1,2,4,50.0
b419f413c1ba4424,androidx/compose/ui/platform/AndroidCompositionLocals_androidKt$obtainImageVectorCache$callbacks$1$1,2,7,28.57
24ddc07c93b07285,androidx/compose/ui/text/platform/EmojiCompatStatus_androidKt,2,2,100.0
882b01c709cc85ba,androidx/compose/material3/ComposableSingletons$AppBarKt$lambda-15$1,2,12,16.67
14a52f30d97cc75c,dev/kdrag0n/monet/colors/Srgb$Companion,2,5,40.0
4c4696d918592705,androidx/room/EntityDeletionOrUpdateAdapter,2,27,7.41
1e75ad4bb2cf2432,androidx/datastore/core/InterProcessCoordinatorKt,2,2,100.0
6a1c82fc66806bb2,androidx/compose/ui/input/rotary/RotaryInputModifierKt,2,4,50.0
938570911c8efa44,androidx/compose/animation/AnimatedContentKt$AnimatedContent$6$1$5$1$1$invoke$$inlined$onDispose$1,2,5,40.0
43e4e3d64079a5ab,androidx/compose/ui/layout/ComposableSingletons$SubcomposeLayoutKt$lambda-1$1,2,12,16.67
0bb37e48173fa4c9,androidx/compose/foundation/lazy/LazyListItemProviderKt$rememberLazyListItemProviderLambda$1$1,2,2,100.0
2575af02e297aef4,kotlin/sequences/SequencesKt__SequencesKt$generateSequence$2,2,2,100.0
0514e67d3697b3eb,androidx/compose/ui/graphics/Outline,2,2,100.0
a2e543dfc0b327a2,androidx/core/os/LocaleListCompat$Api21Impl,2,23,8.7
a8b48479baff300b,androidx/compose/runtime/SlotWriter$Companion,2,121,1.65
634ad0974ed87b39,kotlinx/coroutines/Job$Key,2,2,100.0
bb27b2f622468dc7,androidx/compose/runtime/external/kotlinx/collections/immutable/implementations/immutableList/BufferIterator,2,8,25.0
d584eb305c13e4fb,androidx/compose/ui/text/font/DefaultFontFamily,2,3,66.67
506cce7a5449cc33,androidx/work/impl/Migration_1_2,2,7,28.57
8af7f7f01a27c14e,androidx/compose/material/ripple/RippleAlpha,2,29,6.9
8da102dc21f0880e,androidx/compose/ui/text/font/FontMatcher,2,264,0.76
a37733b3dd804bca,androidx/compose/ui/node/LookaheadCapablePlaceable$Companion,2,2,100.0
233fe777ef89cd4f,androidx/compose/animation/core/SeekableTransitionState$observer$1,2,4,50.0
05c54dff339f9d2a,kotlin/jvm/internal/PropertyReference0,2,8,25.0
dd2960a6a7dcdcc8,androidx/compose/ui/graphics/colorspace/Connector$Companion$identity$1,2,3,66.67
760764fb7d44e91d,androidx/work/impl/constraints/controllers/ConstraintController,2,11,18.18
eccf1cfb36f5e077,com/google/android/gms/common/Feature,2,31,6.45
e448b94b4cbf3776,androidx/work/impl/WorkDatabase_AutoMigration_19_20_Impl,2,9,22.22
18f5ad5bf72ac464,androidx/navigation/NavType$Companion$LongArrayType$1,2,41,4.88
bf65a87455738483,androidx/compose/ui/layout/NoOpSubcomposeSlotReusePolicy,2,4,50.0
519c399dc708a804,kotlinx/coroutines/flow/internal/CombineKt$combineInternal$2$1$1$emit$1,2,2,100.0
2433ebaf6f3067a2,androidx/compose/ui/node/OwnerSnapshotObserver$onCommitAffectingLayoutModifier$1,2,7,28.57
eedc102fecf2b524,kotlin/ranges/IntProgression$Companion,2,3,66.67
34b14d4623d4bd09,com/omelan/cofi/MainActivityKt,2,2,100.0
3fcf5d361c6a99d5,com/google/android/gms/common/api/internal/zabk,2,2,100.0
3e326aad720d61dc,androidx/navigation/NavType$Companion$FloatArrayType$1,2,41,4.88
7ca3aa1128811961,kotlinx/coroutines/flow/FlowKt__BuildersKt,2,28,7.14
118f42f650f584df,androidx/room/RoomDatabase$Companion,2,2,100.0
6f4c54d86d023117,androidx/compose/ui/text/font/FontListFontFamilyTypefaceAdapter$Companion,2,4,50.0
15f077245de9b8b5,androidx/work/impl/constraints/trackers/BatteryChargingTracker,2,36,5.56
2b22dfdb44e217b8,androidx/compose/foundation/lazy/layout/LazyLayoutKt$LazyLayout$3$1$1$invoke$$inlined$onDispose$1,2,4,50.0
0b49e96e2b010e8e,androidx/compose/ui/node/NodeCoordinator$Companion$onCommitAffectingLayerParams$1,2,25,8.0
9eedcba927c3352a,com/google/android/gms/internal/base/zaq,2,3,66.67
7d35bc8088d38eb7,androidx/compose/ui/text/SaversKt$AnnotatedStringSaver$1,2,8,25.0
03b81e66d6e9ccef,androidx/compose/runtime/snapshots/ReaderKind,2,25,8.0
a5adf031aa56f82e,androidx/work/impl/Migration_8_9,2,4,50.0
1dbe1099dfcf9502,kotlinx/coroutines/channels/BufferedChannel$receiveCatching$1,2,3,66.67
f8f1ffa91a499afd,androidx/compose/foundation/gestures/DraggableElement$Companion,2,3,66.67
1d5d6a8cd180e1bf,androidx/compose/ui/node/OnPositionedDispatcher$Companion,2,2,100.0
2b57b9b01847ad53,androidx/work/impl/constraints/trackers/BatteryNotLowTracker,2,28,7.14
315a23c02fb97ad7,androidx/compose/ui/geometry/RoundRect$Companion,2,4,50.0
ce23a8a2e8b789ce,androidx/compose/ui/text/SaversKt$TextGeometricTransformSaver$1,2,4,50.0
ea3eb54e5fb6c73b,androidx/compose/ui/text/SaversKt$OffsetSaver$2,2,14,14.29
405a4300145a1f05,androidx/compose/ui/text/SaversKt$ParagraphStyleSaver$1,2,8,25.0
5c0849296ea9539b,androidx/fragment/app/FragmentFactory,2,29,6.9
25820e27fa1cb99a,androidx/activity/result/contract/ActivityResultContracts$StartActivityForResult$Companion,2,2,100.0
bdb41e6d8d6426f8,androidx/core/view/ViewCompat$Api21Impl,2,40,5.0
6aee95ef7ed28984,androidx/navigation/ActivityNavigator$Companion,2,16,12.5
52fc5685ca81e69a,com/google/android/gms/internal/common/zzi,2,3,66.67
b9582668d82eaf6c,okio/FileSystem$Companion,2,4,50.0
fddaea535f838072,androidx/compose/foundation/gestures/ScrollableKt$CanDragCalculation$1,2,6,33.33
bddffb9896b91880,androidx/compose/foundation/layout/RowColumnMeasurePolicy,2,4,50.0
7a072079962f44d2,com/omelan/cofi/MainActivity$MainNavigation$2$1$3,2,5,40.0
4f48c12b381ddee5,androidx/compose/ui/text/SaversKt$FontWeightSaver$2,2,4,50.0
9d49067aff59accb,kotlinx/coroutines/internal/ContextScope,2,3,66.67
f01e4619527eccdd,androidx/work/impl/constraints/controllers/BatteryChargingController,2,9,22.22
d5b3c8f15eba0b43,androidx/compose/ui/platform/CompositionLocalsKt$LocalTextInputService$1,2,4,50.0
d0d9dba030c3d37c,androidx/work/impl/constraints/controllers/NetworkMeteredController$Companion,2,2,100.0
8f2449ca4f74417b,androidx/datastore/core/RunOnce$runIfNeeded$1,2,2,100.0
ef80c81e6c44e33c,androidx/compose/runtime/SnapshotMutableLongStateImpl$LongStateStateRecord,2,5,40.0
5e11f0f828f6aef2,androidx/compose/ui/text/SaversKt$TextRangeSaver$2,2,11,18.18
26dd8475384653fb,androidx/compose/foundation/lazy/LazyListStateKt$EmptyLazyListMeasureResult$1,2,7,28.57
159db92fc74902d4,com/google/android/gms/signin/SignInOptions,2,18,11.11
bd76519b22ee2749,androidx/compose/ui/text/SpanStyleKt$resolveSpanStyleDefaults$1,2,4,50.0
1a613915bab19093,androidx/tracing/TraceApi18Impl,2,3,66.67
2a112849037a687a,androidx/work/impl/WorkDatabase_AutoMigration_14_15_Impl,2,9,22.22
4e658e08fcebd5e3,androidx/compose/material3/ComposableSingletons$AppBarKt$lambda-6$1,2,12,16.67
3450a65517836cee,androidx/activity/OnBackPressedDispatcher$OnBackPressedCancellable,2,11,18.18
f2d387b0e856d45d,com/omelan/cofi/ui/ShapeKt,2,2,100.0
0dad74d24352d351,kotlin/io/FilesKt__UtilsKt,2,211,0.95
5e6eb23bf2afd785,androidx/compose/runtime/Applier,2,6,33.33
ff2a02817b456f6f,androidx/compose/ui/platform/InspectableValueKt$NoInspectorInfo$1,2,4,50.0
0dbc002ed767931b,kotlin/collections/ArrayDeque$Companion,2,2,100.0
de8ff8c6554e5af8,kotlinx/coroutines/internal/LimitedDispatcherKt,2,6,33.33
43372effac840b4d,okio/Segment$Companion,2,2,100.0
d9b6f074fe455d92,androidx/compose/ui/graphics/AndroidColorSpace_androidKt,2,4,50.0
dcb9828476c902e8,androidx/compose/ui/platform/AndroidComposeView$configurationChangeObserver$1,2,4,50.0
d860187dca1ec036,kotlinx/coroutines/flow/SharedFlowImpl$collect$1,2,2,100.0
a9eba4628e5dc991,androidx/navigation/NavController$Companion,2,4,50.0
638d608bbec53788,androidx/compose/ui/platform/CompositionLocalsKt$LocalGraphicsContext$1,2,4,50.0
292a1872ab611063,androidx/compose/ui/text/SaversKt$LocaleSaver$2,2,4,50.0
70e68978a52436da,androidx/compose/animation/Fade,2,19,10.53
510d4962b62ec435,androidx/compose/ui/platform/AndroidAccessibilityManager$Companion,2,2,100.0
485ee71d54ba118d,androidx/navigation/compose/NavHostKt$NavHost$27$1$invoke$$inlined$onDispose$1,2,8,25.0
fd9040aad75b6014,androidx/compose/ui/node/BackwardsCompatNodeKt$onDrawCacheReadsChanged$1,2,4,50.0
09db1ab14bbf52a3,androidx/compose/ui/platform/CompositionLocalsKt$LocalFocusManager$1,2,4,50.0
a7bbc22a1892b77a,com/google/android/gms/common/internal/TelemetryLoggingOptions$Builder,2,4,50.0
0d840280df833a07,kotlin/collections/AbstractMap$Companion,2,16,12.5
918adb5ea0b9c0ec,androidx/compose/material3/ComposableSingletons$AppBarKt$lambda-11$1,2,12,16.67
0f6aba949e5a413d,androidx/compose/ui/graphics/drawscope/DrawStyle,2,2,100.0
3d88e0fb586d4fbc,kotlin/collections/MapsKt___MapsKt,2,313,0.64
734dbfd149d66ff9,androidx/compose/animation/core/VectorConvertersKt$DpOffsetToVector$2,2,8,25.0
c1e8c1ace295e864,androidx/compose/animation/EnterExitTransitionKt$shrinkHorizontally$1,2,4,50.0
8d170f35d91bb18f,androidx/lifecycle/compose/LocalLifecycleOwnerKt,2,2,100.0
222a724b96e2ac4d,androidx/compose/ui/node/HitTestResult,2,125,1.6
457d589e490c3e3f,kotlinx/coroutines/internal/ThreadContextKt$updateState$1,2,7,28.57
94c4e3ad5a9c470c,com/omelan/cofi/share/DataStore$getWeightSetting$$inlined$map$1$2$1,2,2,100.0
9d224e08a74e5f7d,androidx/collection/ScatterSet$SetWrapper,2,20,10.0
547b13081ad0968d,androidx/compose/ui/graphics/Path$Companion,2,6,33.33
1044fcf6024d85c3,kotlinx/coroutines/ExecutorCoroutineDispatcher,2,2,100.0
852be7e2e20a8b82,androidx/compose/ui/text/SaversKt$UrlAnnotationSaver$1,2,4,50.0
142e3765ea25823e,androidx/compose/ui/platform/CalculateMatrixToWindowApi29,2,11,18.18
cbdfa74bfc03fbf3,androidx/compose/ui/text/SaversKt$LocaleListSaver$2,2,19,10.53
a1739cfde4c4b221,androidx/compose/ui/node/OwnerSnapshotObserver$onCommitAffectingLookaheadMeasure$1,2,7,28.57
069397bac26d1832,androidx/compose/ui/text/input/TextFieldValue$Companion$Saver$2,2,21,9.52
831332b6ee25b4f7,androidx/compose/foundation/lazy/LazyListState$prefetchScope$1,2,13,15.38
27bf3db329cd1843,androidx/compose/ui/platform/InspectionModeKt,2,2,100.0
83a5f93d7251234f,androidx/work/impl/DefaultRunnableScheduler,2,5,40.0
a875af3a38af9468,androidx/compose/animation/core/TransitionKt$updateTransition$1$1$invoke$$inlined$onDispose$1,2,4,50.0
2725ad2fe8be493d,androidx/work/impl/Migration_4_5,2,5,40.0
58ae85954d293b87,kotlin/Result$Failure,2,9,22.22
d7df2557a99db082,androidx/work/impl/model/WorkProgressDao_Impl$3,2,2,100.0
6003ce063cf2f96f,androidx/compose/ui/text/style/LineHeightStyle$Companion,2,3,66.67
b96d3c2520a5ae70,androidx/compose/ui/text/SaversKt$BaselineShiftSaver$2,2,4,50.0
f708f3c9b2177d6f,androidx/work/impl/WorkDatabase,2,3,66.67
24a6023de2a7ef86,androidx/compose/ui/draw/ClipKt,2,2,100.0
d28110ac9b4132d1,androidx/compose/ui/graphics/GraphicsLayerScopeKt,2,19,10.53
a4e3ba791d98c8c9,androidx/work/impl/Migration_6_7,2,4,50.0
14c8fddbfcad3e5f,androidx/compose/ui/text/SaversKt$NonNullValueClassSaver$1,2,4,50.0
ff517eb57e2ad42f,androidx/compose/material3/ComposableSingletons$AppBarKt$lambda-2$1,2,12,16.67
92e74fc2666e10b9,androidx/compose/animation/core/VectorConvertersKt$RectToVector$2,2,4,50.0
e896b2c2b6892726,androidx/compose/runtime/saveable/SaveableStateHolderImpl$Companion$Saver$2,2,4,50.0
4e3252b6ab6afbe4,androidx/activity/result/ActivityResultRegistry$CallbackAndContract,2,4,50.0
cd1f7136527ca25e,androidx/compose/foundation/gestures/AndroidConfig,2,12,16.67
c784e2a56e05a729,androidx/compose/runtime/ScopeInvalidated,2,2,100.0
7c6bf08c5a0c5af0,androidx/compose/material3/FloatingActionButtonKt$ExtendedFloatingActionButton$3$1$1$1,2,4,50.0
0c7f3ccb6b5957cc,com/google/android/gms/common/api/internal/UnregisterListenerMethod,2,2,100.0
9d21ce0b5d02a20b,kotlin/UNINITIALIZED_VALUE,2,2,100.0
a133731f9cd182c2,androidx/compose/ui/focus/FocusPropertiesNode,2,4,50.0
88305ac2d0262e9d,androidx/compose/ui/platform/CompositionLocalsKt$LocalSoftwareKeyboardController$1,2,4,50.0
ee17cca5f09d3e76,androidx/compose/runtime/changelist/Operations$Companion,2,2,100.0
5ae33af99ea4b2cc,androidx/compose/ui/graphics/RectangleShapeKt,2,3,66.67
554478e9c307c2dc,kotlin/Unit,2,3,66.67
aec1160cacef188d,androidx/compose/ui/layout/PinnableContainerKt,2,2,100.0
9b3c63e6c97dfd16,androidx/work/NoOpInputMergerFactory,2,4,50.0
c1fc2a41e79ca09c,androidx/compose/ui/text/SaversKt$TextIndentSaver$1,2,6,33.33
2be2259a96aa746d,androidx/compose/ui/text/SaversKt$ShadowSaver$1,2,7,28.57
5262d95e6c4ecba3,com/google/android/gms/wearable/internal/zzgx,2,3,66.67
435ac659746adc7d,androidx/emoji2/text/DefaultEmojiCompatConfig,2,3,66.67
006ef4b8b1962803,androidx/compose/foundation/gestures/DraggableElement$Companion$CanDrag$1,2,4,50.0
aa0c1daaf0b4ea7e,androidx/datastore/core/DataStoreImpl$data$1$updateCollector$1$1,2,4,50.0
a98e9d583b224288,androidx/compose/animation/core/VectorConvertersKt$SizeToVector$1,2,4,50.0
3cda125b7a05d905,androidx/compose/foundation/lazy/layout/LazyLayoutItemReusePolicy,2,14,14.29
9b6b6bee3e45a34a,kotlinx/coroutines/flow/FlowKt__ChannelsKt$emitAllImpl$1,2,2,100.0
863df4b562cfddd5,androidx/compose/foundation/lazy/grid/LazyGridSpanKt,2,5,40.0
77d0ac353d02cb58,androidx/compose/material3/CompatRippleTheme,2,16,12.5
c0c8fd0a670ad708,androidx/compose/animation/core/VectorConvertersKt$RectToVector$1,2,4,50.0
83a8cd104bf5888e,androidx/compose/foundation/relocation/BringIntoViewResponderNode$TraverseKey,2,2,100.0
38e7b6c387ce2422,androidx/room/RoomTrackingLiveData$observer$1,2,4,50.0
e128d3ce51934eba,kotlin/enums/EnumEntriesKt,2,7,28.57
ea7fe5ce37a155c1,androidx/compose/animation/core/VectorConvertersKt$SizeToVector$2,2,4,50.0
dbd3d8a2987cd6e5,kotlin/ULong$Companion,2,2,100.0
7b0a765f6a40caf8,androidx/compose/material3/ContentColorKt$LocalContentColor$1,2,4,50.0
7c594a26339ee80e,androidx/room/EntityInsertionAdapter,2,101,1.98
4be5372a83d532e3,androidx/compose/ui/draganddrop/DragAndDropNode$Companion$DragAndDropTraversableKey,2,2,100.0
2082e774e598ef95,androidx/lifecycle/ViewModelProvider$NewInstanceFactory$Companion,2,7,28.57
a0d169a91c1a3b6f,androidx/navigation/NavBackStackEntryState$Companion,2,2,100.0
94d574cdb2c6fcd3,androidx/compose/ui/graphics/vector/PathComponent$pathMeasure$2,2,4,50.0
687d6855fedaf0d7,androidx/compose/foundation/lazy/grid/LazyGridItemProviderKt$rememberLazyGridItemProviderLambda$1$1,2,2,100.0
24d118c3c5d53787,androidx/compose/ui/text/SaversKt$VerbatimTtsAnnotationSaver$2,2,7,28.57
2c6db1a360eef377,androidx/compose/material3/ComposableSingletons$AppBarKt$lambda-13$1,2,12,16.67
6da3cf13255549bd,androidx/compose/ui/text/SaversKt$UrlAnnotationSaver$2,2,7,28.57
a0021914c79f10d5,androidx/concurrent/futures/AbstractResolvableFuture$Listener,2,2,100.0
26ab3b77132fe0ac,androidx/compose/ui/text/SaversKt$ColorSaver$2,2,6,33.33
9839fdc434881f17,androidx/compose/ui/platform/WindowRecomposer_androidKt$getAnimationScaleFlowFor$1$1$contentObserver$1,2,3,66.67
4b604feb72c83827,androidx/compose/runtime/PausableMonotonicFrameClock$withFrameNanos$1,2,2,100.0
687fea419aaf76e3,androidx/datastore/core/Data,2,10,20.0
9e59406732c44279,kotlin/collections/AbstractMutableMap,2,8,25.0
2f4ba9a27a5f9238,kotlinx/coroutines/scheduling/CoroutineScheduler$Companion,2,2,100.0
041525226c30c389,androidx/compose/animation/core/VectorConvertersKt$IntToVector$1,2,4,50.0
959d76edaa35c7d3,kotlin/internal/PlatformImplementations,2,17,11.76
0da19f92845c78f7,androidx/compose/ui/text/SaversKt$AnnotatedStringSaver$2,2,39,5.13
6221a9a00963ac42,androidx/compose/animation/core/AnimationVector3D,2,37,5.41
6aaf843bb8327807,androidx/compose/ui/graphics/drawscope/Fill,2,2,100.0
0a2d9746c780f42e,androidx/concurrent/futures/AbstractResolvableFuture$Waiter,2,9,22.22
1623784a8be60b40,androidx/compose/ui/platform/AndroidViewConfiguration,2,15,13.33
37fb62bbf6b50d2c,androidx/compose/material3/ComposableSingletons$AppBarKt$lambda-8$1,2,12,16.67
bc9d1e94823aaeee,androidx/work/impl/Migration_7_8,2,4,50.0
55afa0a79a19e1f5,androidx/compose/runtime/RecomposeScopeImplKt,2,3,66.67
d820c540105c03d2,androidx/compose/ui/text/SaversKt$AnnotationRangeListSaver$2,2,18,11.11
8b4b399d39f245d6,androidx/compose/ui/node/NodeCoordinator$Companion$onCommitAffectingLayer$1,2,6,33.33
2db28d1d5dc2d395,androidx/compose/ui/text/SaversKt$TextDecorationSaver$2,2,4,50.0
6bceb69feb9779c3,kotlinx/coroutines/ChildContinuation,2,3,66.67
dddc8df4d48eebad,androidx/compose/ui/text/SaversKt$ClickableSaver$1,2,9,22.22
6a5d5c38be9927ec,com/google/android/gms/wearable/Wearable$WearableOptions$Builder,2,4,50.0
35d7be73630f27b8,androidx/collection/internal/LruHashMap,2,23,8.7
4cb2e80f55905e3b,androidx/work/impl/constraints/controllers/NetworkUnmeteredController,2,18,11.11
3274eb6fa689b08b,androidx/work/impl/constraints/trackers/NetworkStateTracker24$networkCallback$1,2,8,25.0
90271d30ef1c2d22,androidx/compose/material3/ComposableSingletons$AppBarKt$lambda-14$1,2,12,16.67
73fba545d6b3cf3e,androidx/navigation/NavGraph$Companion,2,5,40.0
4cf53d3699a4475c,androidx/compose/foundation/IndicationKt$LocalIndication$1,2,4,50.0
325da5d2cda69575,androidx/compose/ui/graphics/AndroidMatrixConversions_androidKt,2,4,50.0
40ebec8bedc52ec2,androidx/compose/ui/text/PlatformParagraphStyle$Companion,2,3,66.67
0caa9851434118d2,okio/JvmSystemFileSystem,2,90,2.22
b024c1e3f7cbe966,androidx/compose/ui/node/PlaceableResult,2,19,10.53
e544afb34a788ff5,kotlin/coroutines/ContinuationKt,2,24,8.33
debb75ff82bca683,androidx/compose/ui/platform/CompositionLocalsKt$LocalLayoutDirection$1,2,4,50.0
cd5967700bd2ee7e,com/google/android/gms/common/api/internal/RegistrationMethods,2,2,100.0
93c11553fc031500,androidx/work/impl/Migration_16_17,2,15,13.33
5d2c6e42eb2377da,androidx/compose/ui/platform/DragAndDropModifierOnDragListener$rootDragAndDropNode$1,2,4,50.0
957dd84377e29579,kotlinx/coroutines/sync/SemaphoreImpl$tryResumeNextFromQueue$createNewSegment$1,2,4,50.0
137d61ad9213af65,androidx/compose/runtime/saveable/SaverKt$AutoSaver$2,2,3,66.67
fd939e4b2a34e641,com/omelan/cofi/components/ComposableSingletons$PipAwareAppBarKt$lambda-3$1,2,12,16.67
28f00a3386f4eb85,androidx/compose/ui/focus/FocusInteropUtils_androidKt,2,46,4.35
8ffdb2386468167a,kotlin/collections/builders/ListBuilderKt,2,41,4.88
a8130ca1b384f8d8,androidx/compose/ui/text/AnnotatedString$Companion,2,3,66.67
2bdc7e719830226c,androidx/work/impl/constraints/controllers/BatteryNotLowController,2,9,22.22
f9e3a10c5eafa9bc,androidx/work/impl/Migration_3_4,2,6,33.33
c16c7c2614d87993,androidx/compose/foundation/lazy/layout/PrefetchMetrics,2,22,9.09
46a44de558edc3a2,com/google/android/gms/common/api/internal/zad,2,11,18.18
b63d227dde90dac6,androidx/compose/material3/ComposableSingletons$AppBarKt$lambda-16$1,2,12,16.67
422cee4248e8749f,androidx/compose/runtime/ComposableSingletons$CompositionKt$lambda-1$1,2,12,16.67
1a2c9516e7dc18cf,androidx/compose/animation/core/VectorConvertersKt$IntToVector$2,2,4,50.0
4d41300667262a4a,androidx/lifecycle/viewmodel/compose/ViewModelKt,2,8,25.0
95567bbe72f6cc33,androidx/compose/ui/platform/CompositionLocalsKt$LocalHapticFeedback$1,2,4,50.0
11b61902d653eed7,androidx/sqlite/db/SupportSQLiteOpenHelper$Callback$Companion,2,2,100.0
39a309c015ac95f0,androidx/compose/foundation/FocusedBoundsNode$TraverseKey,2,2,100.0
f62fa551aae269dd,androidx/work/impl/constraints/trackers/StorageNotLowTracker,2,28,7.14
e731c0a9ac953b5d,androidx/compose/animation/EnterTransitionImpl,2,2,100.0
6692cd3b6367989f,androidx/compose/runtime/saveable/SaverKt,2,3,66.67
7d1d21e38f8fa30c,androidx/compose/ui/text/SaversKt$FontWeightSaver$1,2,4,50.0
ec0070b3864a6a86,androidx/compose/ui/platform/InspectorValueInfo,2,8,25.0
b26c70e399c10bcf,androidx/compose/ui/node/ComposeUiNode$Companion$SetLayoutDirection$1,2,4,50.0
d8ad27078c5b4365,androidx/compose/ui/text/SaversKt$TextRangeSaver$1,2,4,50.0
eabc075779bec4cb,androidx/compose/ui/layout/AlignmentLineKt$FirstBaseline$1,2,5,40.0
e2bb2fe44e775390,androidx/compose/runtime/ParcelableSnapshotMutableLongState$Companion,2,3,66.67
43f2a694be234bfa,androidx/compose/material/ripple/RippleThemeKt$LocalRippleTheme$1,2,4,50.0
c838b1c4f65cdf71,androidx/compose/ui/semantics/SemanticsProperties$IsDialog$1,2,5,40.0
0ee798481ae1bc95,androidx/compose/ui/graphics/Outline$Rectangle,2,8,25.0
661b1d4b5afd5171,kotlinx/coroutines/CoroutineExceptionHandler$Key,2,2,100.0
b0423b1b9d7ec6c6,androidx/compose/ui/text/SaversKt$LinkSaver$2,2,40,5.0
6c89d88ce0b54455,androidx/compose/ui/text/input/TextFieldValue$Companion$Saver$1,2,6,33.33
b7dba53652efb107,androidx/compose/ui/draganddrop/DragAndDropNode,2,69,2.9
f199c89246a76ea5,androidx/compose/ui/platform/CompositionLocalsKt$LocalPointerIconService$1,2,4,50.0
aac3198dcb9309cc,androidx/compose/ui/node/TreeSet,2,4,50.0
c3eca5bbf650a11a,kotlinx/coroutines/flow/internal/SafeCollector_commonKt,2,13,15.38
98e3f91899c48921,com/omelan/cofi/components/ComposableSingletons$PipAwareAppBarKt$lambda-5$1,2,12,16.67
0627f306b74df34a,kotlinx/coroutines/scheduling/Task,2,4,50.0
b53d703b6607d22f,androidx/compose/ui/node/ObserverNodeOwnerScope$Companion$OnObserveReadsChanged$1,2,6,33.33
dab65add2b367a6e,androidx/compose/ui/text/SaversKt$LinkSaver$1,2,9,22.22
d9cb09eb6e9a0fee,androidx/compose/material3/ComposableSingletons$AppBarKt$lambda-10$1,2,12,16.67
a4a374c84ae1cbd1,androidx/compose/foundation/lazy/grid/LazyGridIntervalContent$Companion$DefaultSpan$1,2,4,50.0
2116ead903cbf95a,androidx/collection/ScatterSetKt,2,22,9.09
9fd35e871c6eec56,androidx/compose/ui/platform/CompositionLocalsKt$LocalAutofillTree$1,2,4,50.0
32ed0b5a3b6953b3,androidx/compose/foundation/layout/BoxKt$Box$$inlined$Layout$1,2,2,100.0
0538290d2a34f773,androidx/compose/foundation/gestures/ScrollableKt$UnityDensity$1,2,3,66.67
c83bbe5f86e1e1f2,androidx/compose/material3/ExitUntilCollapsedScrollBehavior$nestedScrollConnection$1,2,52,3.85
d539d355610f76e4,androidx/concurrent/futures/AbstractResolvableFuture$AtomicHelper,2,2,100.0
b8d525ba2e3ec2c8,androidx/compose/ui/platform/CompositionLocalsKt$LocalTextToolbar$1,2,4,50.0
a864b46e82d1af70,kotlinx/coroutines/flow/ReadonlySharedFlow,2,4,50.0
f087cc9882962f33,kotlinx/coroutines/channels/BufferedChannel$receiveCatchingOnNoWaiterSuspend$1,2,3,66.67
389bfdc4452e11cf,androidx/compose/animation/core/VectorConvertersKt$IntOffsetToVector$2,2,8,25.0
82d742845fc42e56,com/google/android/gms/internal/wearable/zzaj,2,15,13.33
727a44f95d3fda65,androidx/lifecycle/AndroidViewModel,2,3,66.67
f6c576ad135082e7,com/google/android/gms/internal/wearable/zzh,2,2,100.0
faec7b5e3c59cc08,androidx/compose/ui/graphics/colorspace/Oklab$Companion,2,2,100.0
e0a6f9c715efde8c,androidx/compose/ui/graphics/colorspace/Lab$Companion,2,2,100.0
12005a9e61d47b49,androidx/compose/ui/node/NodeCoordinator$Companion,2,4,50.0
4683d5b6570a163a,androidx/compose/foundation/layout/SpacerKt$Spacer$$inlined$Layout$1,2,2,100.0
fc52a25e81c4edc1,androidx/compose/ui/text/SaversKt$VerbatimTtsAnnotationSaver$1,2,4,50.0
745499569eb0e1a5,androidx/activity/result/contract/ActivityResultContracts$RequestMultiplePermissions$Companion,2,4,50.0
cbde08884de5fcaf,kotlin/text/CharsKt__CharKt,2,44,4.55
b7d3da9cd4d20bba,androidx/collection/ArrayMap$EntrySet,2,3,66.67
3637d9ecb009ad91,androidx/compose/ui/node/OwnerSnapshotObserver$onCommitAffectingLayoutModifierInLookahead$1,2,7,28.57
8ee1398a9f065a38,androidx/core/view/WindowInsetsAnimationCompat$Impl30$ProxyCallback,2,29,6.9
09adf3fa67b22fb3,androidx/compose/material3/ComposableSingletons$AppBarKt$lambda-9$1,2,12,16.67
71f66db7da15b434,androidx/compose/foundation/lazy/grid/LazyGridState$Companion$Saver$2,2,7,28.57
b285dbede167ba63,androidx/compose/runtime/changelist/ComposerChangeListWriter$Companion,2,2,100.0
df529db2254615db,androidx/compose/foundation/text/TextDelegateKt,2,33,6.06
a831f40c15b93b0b,androidx/datastore/core/DataStoreImpl$Companion,2,2,100.0
474ea41aaf7b5ebe,androidx/compose/ui/text/SaversKt$LocaleSaver$1,2,4,50.0
1a409a0f887e3aa7,androidx/compose/material3/ContentColorKt,2,2,100.0
b5b3dd041cebe6e7,androidx/compose/ui/platform/AndroidComposeViewAccessibilityDelegateCompat$Companion,2,2,100.0
fb64b820ec231db7,androidx/datastore/core/okio/OkioStorageKt,2,2,100.0
3d4c242a9acaf17b,androidx/work/impl/Migration_15_16,2,9,22.22
0d5ff72e03f3cb59,androidx/compose/animation/ChangeSize,2,34,5.88
d1664ef5c7e56a9f,androidx/compose/ui/platform/CompositionLocalsKt$LocalAutofill$1,2,4,50.0
192359dfb82cca2b,androidx/compose/ui/text/platform/SynchronizedObject,2,2,100.0
89de333dff969789,androidx/compose/foundation/text/selection/TextSelectionColorsKt$LocalTextSelectionColors$1,2,4,50.0
2a4678fcebb48bf1,okio/internal/ResourceFileSystem$Companion,2,42,4.76
fc5eb6cfa11a989a,androidx/compose/ui/platform/CompositionLocalsKt$LocalUriHandler$1,2,4,50.0
4fcf1b527a729dfe,androidx/compose/ui/graphics/vector/VectorComponent$invalidateCallback$1,2,4,50.0
b14beef009b90515,androidx/compose/foundation/gestures/DefaultScrollableState$scrollScope$1,2,10,20.0
13c847f7708bb785,androidx/compose/animation/core/SeekableTransitionState$Companion,2,4,50.0
3ef3b5ac7d28c545,androidx/compose/ui/platform/CompositionLocalsKt$LocalWindowInfo$1,2,4,50.0
75a478325a96c440,androidx/arch/core/internal/SafeIterableMap$AscendingIterator,2,3,66.67
8c2460449ba0a48d,androidx/compose/ui/Modifier$Element,2,14,14.29
101878a8e5255ec3,androidx/compose/ui/node/OwnerSnapshotObserver$onCommitAffectingSemantics$1,2,7,28.57
d00913d736b9663a,androidx/compose/ui/modifier/ProvidableModifierLocal,2,2,100.0
df455f432ce87f9f,androidx/compose/runtime/saveable/SaveableStateRegistryImpl$registerProvider$3,2,12,16.67
376026c0446d06be,com/omelan/cofi/share/utils/ContextUtilsKt,2,36,5.56
56f08aabb01b9f3e,androidx/compose/ui/SessionMutex,2,18,11.11
f096e861feea159a,androidx/compose/runtime/external/kotlinx/collections/immutable/internal/EndOfChain,2,2,100.0
79ad16c008d23437,androidx/compose/ui/graphics/vector/PathNode$RelativeHorizontalTo,2,13,15.38
582affd7c9b2ddf4,androidx/compose/material3/internal/AnchoredDraggableState$Companion,2,3,66.67
f4baa2f2cae30f6d,androidx/activity/result/contract/ActivityResultContracts$RequestMultiplePermissions,2,44,4.55
ad5566ab623a1a0a,androidx/compose/ui/node/LookaheadCapablePlaceable$Companion$onCommitAffectingRuler$1,2,7,28.57
11a30651f2bcf69f,androidx/compose/ui/MotionDurationScale,2,2,100.0
804e9639341371b9,androidx/compose/ui/semantics/SemanticsProperties$PaneTitle$1,2,5,40.0
84355da2a168ab12,androidx/compose/ui/text/input/TextFieldValue$Companion,2,3,66.67
1b43659c28dd25ec,kotlinx/coroutines/Active,2,3,66.67
ff88e945344e716d,androidx/compose/foundation/lazy/grid/LazySemanticsKt$rememberLazyGridSemanticState$1$1,2,18,11.11
df99c08338805475,androidx/compose/ui/text/SaversKt$SpanStyleSaver$1,2,18,11.11
3e7dfdf12e9fbee3,androidx/datastore/preferences/core/AtomicBoolean,2,4,50.0
3b77c372ba48f64a,androidx/compose/ui/graphics/layer/GraphicsLayer$drawBlock$1,2,4,50.0
4f8be0be6ca5d7ba,androidx/compose/animation/EnterExitTransitionKt$TransformOriginVectorConverter$2,2,4,50.0
6775b95d72613805,kotlin/internal/PlatformImplementationsKt,2,13,15.38
e5f5ca4f381803f3,androidx/compose/ui/semantics/SemanticsProperties$Text$1,2,9,22.22
eef89bac4e954f99,androidx/compose/foundation/layout/Arrangement$Vertical,2,4,50.0
415c19fb0270eeb0,androidx/compose/runtime/snapshots/SnapshotStateListKt,2,16,12.5
0bf4aa92aabeffb2,com/omelan/cofi/components/ComposableSingletons$ListInfoBoxKt$lambda-3$1,2,14,14.29
6e4076cd0a5ce6bc,androidx/datastore/core/DataStoreImpl$data$1$3,2,3,66.67
7974918e357d49f2,androidx/navigation/NavDeepLink$Builder$Companion,2,15,13.33
ec96aa4cb56987c6,androidx/compose/runtime/SnapshotStateKt__SnapshotFlowKt$collectAsState$1$1$1,2,2,100.0
976613c77988695f,androidx/compose/ui/platform/AndroidCompositionLocals_androidKt$LocalView$1,2,4,50.0
ebe85c13f0ef53a6,androidx/compose/ui/node/DepthSortedSet$mapOfOriginalDepth$2,2,4,50.0
648361cca428b5d9,androidx/compose/material3/ComposableSingletons$AppBarKt$lambda-3$1,2,12,16.67
8cd0cf547e268963,androidx/compose/ui/MotionDurationScale$Key,2,2,100.0
d335b773c6db1648,androidx/activity/compose/PredictiveBackHandlerKt$PredictiveBackHandler$2$1$invoke$$inlined$onDispose$1,2,4,50.0
7a924e1e0d570d0d,androidx/compose/ui/text/SaversKt$TextGeometricTransformSaver$2,2,5,40.0
dae73dfd010b52c6,kotlin/coroutines/jvm/internal/SuspendLambda,2,7,28.57
16aaf42fd8e62e8b,androidx/compose/foundation/lazy/grid/LazyGridIntervalContent$Companion,2,3,66.67
c36856da1b633bd0,androidx/compose/ui/graphics/colorspace/ColorSpace$Companion,2,2,100.0
8dd9aaf72bf699de,androidx/compose/foundation/lazy/grid/LazyGridAnimateScrollScope,2,52,3.85
ab7fc727597d202a,androidx/compose/foundation/layout/Arrangement$Top$1,2,3,66.67
7141818a39211cfc,androidx/appcompat/app/AppCompatDelegateImpl$5,2,3,66.67
8c0bffc62ceaaa3e,androidx/savedstate/SavedStateRegistry$Companion,2,2,100.0
93b998b94edd90e8,androidx/compose/ui/layout/SubcomposeLayoutKt$SubcomposeLayout$$inlined$ReusableComposeNode$1,2,2,100.0
d0aef54768b1d82b,kotlin/jvm/internal/FloatCompanionObject,2,14,14.29
19d12fb2c55526b6,androidx/compose/runtime/external/kotlinx/collections/immutable/ExtensionsKt,2,270,0.74
19293541dc5965bf,com/omelan/cofi/components/ComposableSingletons$ListInfoBoxKt$lambda-4$1,2,12,16.67
d29296e15515e4f0,androidx/compose/foundation/gestures/DefaultDraggableState$dragScope$1,2,3,66.67
e712ee80ef28d37f,androidx/compose/ui/semantics/SemanticsProperties$TestTag$1,2,4,50.0
2202b7f1679a47b9,androidx/room/InvalidationTracker$ObservedTableTracker$Companion,2,2,100.0
fa5aadb48180238f,androidx/compose/runtime/snapshots/ReaderKind$Companion,2,8,25.0
839a2a4d6a005632,androidx/compose/ui/semantics/SemanticsProperties$TraversalIndex$1,2,4,50.0
5e296eabf38c16fb,androidx/compose/runtime/CompositionContextKt,2,2,100.0
67f242ce0401371b,com/google/android/gms/common/api/internal/ApiExceptionMapper,2,2,100.0
50f6b410e376b1b9,androidx/compose/material3/ComposableSingletons$AppBarKt$lambda-12$1,2,12,16.67
8cb80d1bb45163b4,androidx/compose/foundation/lazy/layout/DefaultLazyKey$Companion,2,3,66.67
21bc2bd350e64cf0,com/omelan/cofi/share/DataStore$getStepChangeSoundSetting$$inlined$map$1$2$1,2,2,100.0
71796751c19a2132,com/omelan/cofi/share/DataStore$getStepChangeVibrationSetting$$inlined$map$1$2$1,2,2,100.0
976eecba5b1b767b,androidx/compose/foundation/layout/Arrangement$Horizontal,2,4,50.0
e19db471817a422c,androidx/compose/ui/semantics/SemanticsPropertiesKt$ActionPropertyKey$1,2,13,15.38
a0d7fee22feac762,androidx/compose/ui/node/LayoutModifierNodeCoordinator$Companion,2,3,66.67
8ea2930af5c6beab,androidx/compose/ui/platform/AndroidFontResourceLoader,2,8,25.0
a02e341c5ca07e49,androidx/compose/material3/InteractiveComponentSizeKt$LocalMinimumInteractiveComponentEnforcement$1,2,4,50.0
496293c76c9e80db,androidx/core/os/HandlerCompat,2,46,4.35
d057eabb3b9bf788,androidx/compose/runtime/ParcelableSnapshotMutableState$Companion,2,3,66.67
e275066beedf1dc3,androidx/work/Configuration$Companion,2,2,100.0
ea5527455967a375,androidx/compose/ui/platform/CompositionLocalsKt$LocalClipboardManager$1,2,4,50.0
d0e43ca1c277d93a,androidx/compose/foundation/OverscrollConfiguration_androidKt,2,3,66.67
883a958e4ee4245b,androidx/compose/ui/text/input/TextInputServiceAndroid$onEditCommand$1,2,4,50.0
02770f5259a6c397,com/google/accompanist/systemuicontroller/SystemUiControllerKt$BlackScrimmed$1,2,4,50.0
7dbf23a1bd9a749d,androidx/compose/ui/platform/AndroidCompositionLocals_androidKt$LocalConfiguration$1,2,4,50.0
9e3916a882f1bd42,androidx/compose/ui/platform/AndroidCompositionLocals_androidKt$LocalContext$1,2,4,50.0
b9bde60f2439ecae,kotlinx/coroutines/channels/ReceiveCatching,2,2,100.0
b3b1a9f466938be0,androidx/compose/animation/core/AnimationVector4D,2,44,4.55
e05818deb9a5f61b,com/omelan/cofi/pages/list/ComposableSingletons$RecipeListHeaderInfoKt$lambda-2$1,2,12,16.67
162804d3c1a8046e,androidx/compose/ui/graphics/vector/PathNode$HorizontalTo,2,13,15.38
c75224598fd95b96,androidx/emoji2/text/EmojiCompatInitializer$BackgroundDefaultConfig,2,2,100.0
8b2cae653174e378,androidx/compose/ui/platform/ComposableSingletons$Wrapper_androidKt$lambda-1$1,2,12,16.67
70c54e4371f5f823,com/omelan/cofi/utils/NavigationUtilsKt$slideIn$1,2,4,50.0
f87f97111e48e67e,androidx/compose/ui/semantics/CoreSemanticsModifierNode,2,11,18.18
83342947ee095324,androidx/compose/ui/unit/DpOffset$Companion,2,4,50.0
ce2d5902218681db,androidx/arch/core/internal/SafeIterableMap$DescendingIterator,2,3,66.67
a9427793b9ee3042,androidx/compose/ui/layout/LayoutNodeSubcompositionsState$PostLookaheadMeasureScopeImpl,2,25,8.0
1e5e733eb02d2ac8,androidx/work/SystemClock,2,2,100.0
29f0146b5e029413,androidx/compose/ui/node/LayoutNode$NoIntrinsicsMeasurePolicy,2,14,14.29
d1312f7590d59907,androidx/navigation/compose/ComposeNavigator$Companion,2,2,100.0
348178c6251b7ecb,androidx/compose/ui/semantics/SemanticsProperties$Role$1,2,4,50.0
9c8425b3e3ed4d46,androidx/compose/animation/core/TransitionKt$createChildTransitionInternal$1$1$invoke$$inlined$onDispose$1,2,4,50.0
c2810366ec2dda6f,androidx/work/impl/constraints/controllers/NetworkConnectedController,2,16,12.5
a0e2863f3bd38aa4,androidx/compose/ui/platform/AndroidCompositionLocals_androidKt$ProvideAndroidCompositionLocals$2$1$invoke$$inlined$onDispose$1,2,4,50.0
e3b8ff8fac7d27e7,androidx/compose/foundation/layout/WindowInsetsHolder$Companion$current$1$1$invoke$$inlined$onDispose$1,2,4,50.0
253783a8b74f2660,androidx/compose/animation/core/VectorConvertersKt$DpOffsetToVector$1,2,4,50.0
7bd7eca1ded25e16,androidx/compose/foundation/FocusedBoundsObserverNode,2,9,22.22
322e0768754777b6,androidx/compose/ui/draw/DrawModifierKt,2,4,50.0
f3b4e4ed49a88948,androidx/compose/foundation/lazy/LazyListAnimateScrollScope,2,34,5.88
284c576c817d29e6,androidx/activity/ComponentActivity$Companion,2,2,100.0
75a0de0b550d096d,com/omelan/cofi/share/model/StepDao,2,19,10.53
87115cfbd5c559d8,androidx/compose/foundation/lazy/grid/LazyGridStateKt$EmptyLazyGridLayoutInfo$1,2,7,28.57
00a5f6292c2b4d50,androidx/compose/ui/layout/HorizontalAlignmentLine,2,2,100.0
3f94e4d3ed1cce5b,com/omelan/cofi/utils/NavigationUtilsKt$slideOut$1,2,4,50.0
3cc156449f298db9,androidx/compose/ui/platform/AndroidComposeViewTranslationCallback,2,8,25.0
adaa6a00dcc1a37c,com/google/android/gms/common/api/internal/zacj,2,3,66.67
2a6572d30bbfcb2b,kotlin/jvm/internal/Lambda,2,3,66.67
53e1c88966136559,kotlinx/coroutines/ExecutorCoroutineDispatcher$Key$1,2,6,33.33
1273db0031220073,androidx/compose/ui/layout/OnGloballyPositionedNode,2,4,50.0
a1c108533d864c5e,androidx/compose/ui/text/intl/Locale,2,14,14.29
7919427a0e4bed49,androidx/compose/ui/text/SaversKt$AnnotationRangeSaver$2,2,76,2.63
07580701aa0c5220,androidx/compose/ui/layout/FixedScale,2,15,13.33
09d9eed152e6cd96,kotlin/coroutines/ContinuationInterceptor$Key,2,2,100.0
734e629ec5884cf8,androidx/compose/foundation/lazy/layout/LazyLayoutItemContentFactory$CachedItemContent$createContentLambda$1$2$1$invoke$$inlined$onDispose$1,2,4,50.0
47e24c10c98fdac8,androidx/lifecycle/viewmodel/internal/ViewModelProviders_jvmKt,2,2,100.0
f6e945db2ad7a120,com/google/android/gms/common/internal/TelemetryLogging,2,3,66.67
4ec44dabf3da2864,androidx/compose/runtime/ComposerImpl$CompositionContextHolder,2,5,40.0
057c530c78f3d66d,androidx/work/impl/constraints/controllers/StorageNotLowController,2,9,22.22
183d160f96eb8037,androidx/compose/ui/semantics/EmptySemanticsModifier,2,3,66.67
04025e4626ca447f,androidx/datastore/core/okio/OkioStorage$Companion,2,4,50.0
5608df3735cd85ec,androidx/compose/runtime/DisposableEffectScope,2,4,50.0
cbaaec24c29bfc30,androidx/compose/ui/input/pointer/AndroidPointerIconType,2,11,18.18
a428ae983e956d67,kotlin/jvm/internal/CallableReference,2,30,6.67
f1b91f9497a7c0dc,com/omelan/cofi/components/ComposableSingletons$PipAwareAppBarKt$lambda-6$1,2,12,16.67
c05c01c50c9bd460,androidx/compose/foundation/text/selection/SelectionRegistrarKt,2,7,28.57
80dbc3ea77b6cd07,androidx/compose/ui/semantics/SemanticsProperties$ContentDescription$1,2,9,22.22
2d02b46325ff8516,androidx/compose/ui/platform/WindowInfoImpl$Companion,2,3,66.67
aff9088dd16a2f8e,androidx/compose/ui/platform/CompositionLocalsKt$LocalFontFamilyResolver$1,2,4,50.0
aa215b988e7de653,kotlin/jvm/internal/IntCompanionObject,2,4,50.0
14f00145964e1a2d,androidx/savedstate/Recreator$Companion,2,2,100.0
6b6301d8676a7437,kotlinx/coroutines/flow/internal/SafeCollectorKt,2,3,66.67
1edfeb582833445d,androidx/compose/ui/graphics/colorspace/Adaptation$Companion$VonKries$1,2,3,66.67
41ce061e568668b8,androidx/compose/animation/core/VectorConvertersKt$DpToVector$2,2,4,50.0
d01c500702d71b3d,kotlinx/coroutines/sync/SemaphoreImpl$addAcquireToQueue$createNewSegment$1,2,4,50.0
ad324f46db872005,androidx/compose/foundation/layout/Arrangement$SpaceAround$1,2,9,22.22
73687b8547793663,androidx/compose/animation/core/VectorConvertersKt$OffsetToVector$2,2,4,50.0
f65e10471821843f,androidx/compose/ui/layout/LookaheadCapablePlacementScope,2,10,20.0
26e518b69a989ec2,com/google/android/gms/common/internal/MethodInvocation,2,14,14.29
845abc6cf6399423,androidx/datastore/DataStoreFile,2,2,100.0
af5fc76d5c726e7d,androidx/compose/foundation/layout/RowScopeInstance,2,21,9.52
6eabdcf98b49835f,androidx/compose/animation/core/AnimationResult,2,5,40.0
4511b0ee87dda86a,kotlin/ranges/IntRange$Companion,2,3,66.67
f1d5da054e3d9fba,com/omelan/cofi/components/ComposableSingletons$ListInfoBoxKt$lambda-5$1,2,15,13.33
4c7da2d87772e3b6,androidx/datastore/core/UnInitialized,2,2,100.0
9f42fa5933308c4d,androidx/compose/ui/unit/DensityImpl,2,18,11.11
30f55c515cfc2a31,androidx/lifecycle/compose/LocalLifecycleOwnerKt$LocalLifecycleOwner$1,2,5,40.0
48505628b24b565f,androidx/compose/ui/text/SaversKt$BaselineShiftSaver$1,2,4,50.0
6724d842a183046e,androidx/compose/ui/node/OwnerSnapshotObserver$onCommitAffectingLayout$1,2,7,28.57
605d8ba8052b7448,androidx/compose/ui/text/SaversKt$AnnotationRangeListSaver$1,2,11,18.18
e02bd045320838dd,androidx/compose/foundation/lazy/layout/LazyLayoutPinnableItemKt$LazyLayoutPinnableItem$1$1$invoke$$inlined$onDispose$1,2,4,50.0
7d134b27da5256db,androidx/lifecycle/viewmodel/internal/ViewModelProviders$ViewModelKey,2,2,100.0
280889c46a6b3167,androidx/compose/ui/graphics/colorspace/Adaptation$Companion$Ciecat02$1,2,3,66.67
c1bd09968d243fcb,androidx/work/impl/constraints/controllers/NetworkNotRoamingController$Companion,2,2,100.0
90f1d775621c3f5c,androidx/lifecycle/ViewModelProvider$Factory$Companion,2,4,50.0
d2479f375fd6c872,androidx/compose/foundation/gestures/ScrollableContainerNode$TraverseKey,2,2,100.0
d7b71b0263d335bb,androidx/navigation/NavType$Companion$IntArrayType$1,2,41,4.88
2adc5cb915ddb954,androidx/sqlite/db/framework/FrameworkSQLiteDatabase$Companion,2,2,100.0
50d1689940e2e247,androidx/compose/foundation/gestures/ScrollableContainerNode,2,5,40.0
f793d58994234cd7,androidx/compose/runtime/RecomposeScopeImpl$Companion,2,35,5.71
53ac65baf3647f8b,androidx/work/impl/RescheduleMigration,2,12,16.67
d71d7eb83d22cf84,androidx/activity/ComponentActivity$ReportFullyDrawnExecutorImpl,2,34,5.88
eeb4326aac1b4bcf,kotlinx/coroutines/flow/StateFlowImpl$collect$1,2,2,100.0
a94eb161ad8d6eb1,kotlin/jvm/internal/FunctionReferenceImpl,2,6,33.33
c28484c74b33d66e,androidx/compose/ui/platform/CompositionLocalsKt$LocalFontLoader$1,2,4,50.0
ab6a89cad65fefdb,androidx/compose/runtime/saveable/SaveableStateRegistryKt$LocalSaveableStateRegistry$1,2,4,50.0
d8cb54df4ba51c98,androidx/compose/ui/text/SaversKt$TextDecorationSaver$1,2,4,50.0
1f36a1789a61ff03,androidx/compose/foundation/lazy/layout/LazyLayoutBeyondBoundsModifierLocal$Companion,2,2,100.0
e7da997541c44452,androidx/compose/ui/hapticfeedback/PlatformHapticFeedback,2,9,22.22
96e6cd72f48c1421,androidx/compose/foundation/IndicationKt,2,10,20.0
b15c0c11591eff16,androidx/compose/material3/internal/AnchoredDraggableState$draggableState$1$dragScope$1,2,4,50.0
8fb692d6323b343c,androidx/compose/foundation/FocusedBoundsObserverNode$TraverseKey,2,2,100.0
b15790e6b097ea4f,androidx/core/view/DisplayCutoutCompat,2,59,3.39
8a9cb67c77ca1047,com/omelan/cofi/pages/list/ComposableSingletons$RecipeListHeaderInfoKt$lambda-3$1,2,15,13.33
420c3461e34e6e56,kotlin/time/DurationUnitKt__DurationUnitJvmKt,2,20,10.0
2bf084f44aedbe6c,androidx/compose/runtime/MonotonicFrameClock$Key,2,2,100.0
5869735fa5ac5512,androidx/compose/ui/node/ComposeUiNode$Companion$VirtualConstructor$1,2,4,50.0
db9e466e73a4b5e0,androidx/compose/ui/graphics/Matrix$Companion,2,2,100.0
6d1c8d89c8f073a5,androidx/compose/ui/text/ParagraphKt,2,56,3.57
f3847b8eee1d5dd6,androidx/compose/runtime/changelist/OperationsDebugStringFormattable,2,6,33.33
201073fc01dfc9fb,com/google/android/gms/wearable/internal/zzgt,2,3,66.67
5baa694b69bf00ba,androidx/activity/result/contract/ActivityResultContracts$StartActivityForResult,2,6,33.33
b59ed4de8aa3b00b,androidx/compose/ui/platform/AndroidCompositionLocals_androidKt$obtainResourceIdCache$callbacks$1$1,2,5,40.0
f890a3f40584450b,androidx/datastore/core/DataStoreImpl$readAndInitOrPropagateAndThrowFailure$1,2,2,100.0
4287b1c9c5ea8d49,androidx/lifecycle/viewmodel/CreationExtras$Empty,2,3,66.67
6073497f9f364dd4,kotlin/collections/AbstractMutableSet,2,2,100.0
1ce2ccd7c495af5c,com/omelan/cofi/utils/WearUtils$ObserveIfWearAppInstalled$1$invoke$$inlined$onDispose$1,2,4,50.0
a2971f9f6cbdca4a,androidx/compose/ui/platform/CompositionLocalsKt$LocalAccessibilityManager$1,2,4,50.0
9f38575902e4f68f,com/google/android/gms/wearable/internal/zzgs,2,5,40.0
11dffa77ecdd9b66,androidx/compose/runtime/WeakReference,2,2,100.0
eee1240dff5069a8,androidx/compose/foundation/layout/ColumnScopeInstance,2,20,10.0
7613ca322299029e,com/google/android/gms/common/api/internal/zaq,2,2,100.0
11621557cc045418,androidx/compose/ui/text/SaversKt$SpanStyleSaver$2,2,86,2.33
aa6141ba18096fe1,androidx/compose/material3/internal/AnchoredDragScope,2,4,50.0
fe25b7f6d8b4cd5f,androidx/compose/foundation/lazy/layout/LazySaveableStateHolder$SaveableStateProvider$2$1$invoke$$inlined$onDispose$1,2,4,50.0
3173ad2963ec43e6,androidx/compose/runtime/tooling/InspectionTablesKt,2,2,100.0
4c5c2d6a0588d8d8,androidx/compose/foundation/shape/PercentCornerSize,2,18,11.11
91d163edf0a5feed,androidx/compose/foundation/lazy/grid/LazyGridStateKt$EmptyLazyGridLayoutInfo$2,2,4,50.0
25b9d240c14fcac3,androidx/compose/ui/text/intl/PlatformLocaleKt,2,2,100.0
dfc77e559054edb0,androidx/collection/ArrayMap$ValueCollection,2,47,4.26
9738cc2c8a1acd9d,androidx/compose/animation/Slide,2,19,10.53
e08057c12ad74131,kotlin/Result$Companion,2,5,40.0
bd8e01b948ace83c,androidx/compose/runtime/ActualAndroid_androidKt$DefaultMonotonicFrameClock$2,2,7,28.57
e5e4978ce2d6cc6b,androidx/compose/ui/node/LayoutAwareModifierNode,2,2,100.0
bf6bb48d350a823b,androidx/compose/ui/semantics/SemanticsPropertyKey$1,2,5,40.0
0d254da6917f6d01,androidx/compose/material3/ComposableSingletons$AppBarKt$lambda-4$1,2,12,16.67
a040d0b29f87d38a,kotlinx/coroutines/channels/SendChannel$DefaultImpls,2,9,22.22
ee06b6a487c2a267,androidx/compose/ui/text/SaversKt$LocaleListSaver$1,2,11,18.18
37d59c9d737d8528,androidx/compose/ui/platform/AndroidCompositionLocals_androidKt$obtainResourceIdCache$1$1$invoke$$inlined$onDispose$1,2,4,50.0
a8cef8870c47012e,androidx/compose/foundation/lazy/LazyListBeyondBoundsState,2,15,13.33
9c657b7faad9d0ee,com/omelan/cofi/MainActivity$MainNavigation$2$1$4,2,5,40.0
9085be850067b352,androidx/compose/ui/platform/AndroidUriHandler,2,6,33.33
ced2bf28722a7eeb,androidx/compose/ui/node/LayoutNode$Companion$ErrorMeasurePolicy$1,2,5,40.0
2adb05a315710740,androidx/compose/ui/node/InnerNodeCoordinator$Companion,2,3,66.67
0822bc291a6a932a,androidx/profileinstaller/ProfileInstallerInitializer$Choreographer16Impl,2,3,66.67
bcf1959b4785f39d,androidx/compose/runtime/snapshots/MutableSnapshot$Companion,2,2,100.0
d0be07c7b0747a73,androidx/compose/foundation/AbstractClickableNode$TraverseKey,2,2,100.0
2974325d0b22cd9a,androidx/datastore/preferences/PreferenceDataStoreFile,2,2,100.0
a6a84634f8f0e5cf,kotlin/coroutines/jvm/internal/CompletedContinuation,2,7,28.57
e78d4047bcd5c6b4,kotlinx/coroutines/CoroutineDispatcher$Key$1,2,6,33.33
c51ba435e94d35cf,androidx/compose/ui/platform/CompositionLocalsKt$LocalInputModeManager$1,2,4,50.0
fb5da123c3da440b,androidx/compose/ui/platform/AndroidCompositionLocals_androidKt$LocalImageVectorCache$1,2,4,50.0
8fa63065cafae882,com/omelan/cofi/pages/list/ComposableSingletons$RecipeListHeaderInfoKt$lambda-1$1,2,14,14.29
b8fd51c3c43e90d9,androidx/compose/ui/platform/RenderNodeLayer$Companion,2,2,100.0
575be434b1acbf1f,androidx/compose/ui/input/pointer/PointerInputChangeEventProducer,2,37,5.41
ade37c98756cf9f1,androidx/compose/material3/ComposableSingletons$AppBarKt$lambda-1$1,2,12,16.67
e84a6d9e7adf42f1,androidx/compose/foundation/lazy/layout/LazyLayoutBeyondBoundsStateKt,2,32,6.25
967ccd952f88499d,androidx/compose/ui/graphics/drawscope/DrawContextKt,2,2,100.0
a1fef13571933f57,androidx/compose/ui/text/SaversKt$ColorSaver$1,2,8,25.0
ad0a14b3d1e1f64c,androidx/compose/ui/draganddrop/DragAndDropNode$Companion,2,2,100.0
383f0347d2669735,androidx/compose/ui/layout/OuterPlacementScope,2,5,40.0
6575bd51f4107242,androidx/compose/ui/graphics/Brush$Companion,2,131,1.53
df48c0bae1f1c087,androidx/compose/ui/text/input/TextInputServiceAndroid$onImeActionPerformed$1,2,4,50.0
97f355fb26e23a63,androidx/compose/ui/layout/ScaleFactor$Companion,2,4,50.0
c8a7ff76518978c2,kotlin/collections/AbstractMutableList,2,3,66.67
cf2f75239673f2d3,androidx/compose/ui/layout/AlignmentLineKt$LastBaseline$1,2,5,40.0
28c87a7b604d4c40,kotlinx/coroutines/flow/AbstractFlow$collect$1,2,2,100.0
6a6eb6913420f61c,androidx/compose/material3/TopAppBarDefaults$exitUntilCollapsedScrollBehavior$1,2,4,50.0
258afba31e771e9a,kotlin/collections/CollectionsKt___CollectionsJvmKt,2,68,2.94
19d064ccf1ed5229,androidx/core/view/ViewCompat$AccessibilityPaneVisibilityManager,2,40,5.0
af8f7f91dd84d37c,kotlinx/coroutines/internal/LockFreeLinkedListHead,2,22,9.09
77dc523a7d63e66f,androidx/compose/runtime/external/kotlinx/collections/immutable/internal/MutabilityOwnership,2,2,100.0
ebb407ddd56b27f6,androidx/navigation/NavType$Companion,2,104,1.92
c3dbed348f527f4a,androidx/compose/runtime/saveable/SaverKt$AutoSaver$1,2,4,50.0
819020028b56343e,androidx/compose/ui/node/ModifierNodeElement,2,11,18.18
862572f750999b46,androidx/compose/ui/graphics/RectHelper_androidKt,2,17,11.76
6e3119008b6c4344,androidx/compose/foundation/lazy/LazyLayoutSemanticStateKt$LazyLayoutSemanticState$1,2,21,9.52
c99ed86b5a7bd492,androidx/compose/ui/text/SaversKt$OffsetSaver$1,2,7,28.57
d40153cb810b79e6,androidx/compose/ui/platform/CompositionLocalsKt$LocalViewConfiguration$1,2,4,50.0
69af5e80cefb86fb,androidx/compose/material3/ComposableSingletons$AppBarKt$lambda-5$1,2,12,16.67
c54be0c4ea26f086,androidx/compose/material/ripple/RippleKt,2,54,3.7
6513ffec5994fc5e,androidx/work/impl/Migration_11_12,2,4,50.0
3ce79e94598204c9,androidx/compose/material3/FloatingActionButtonKt$FloatingActionButton$1,2,4,50.0
ac461f0c8d642111,kotlinx/coroutines/flow/internal/NoOpContinuation,2,4,50.0
d1847c05e0be727f,androidx/work/impl/WorkMigration9To10,2,6,33.33
20e611410ad80419,androidx/compose/ui/platform/AndroidComposeView$resendMotionEventRunnable$1,2,20,10.0
79276867884e4693,androidx/navigation/NavController$activity$1,2,7,28.57
f9b67c7134264e21,androidx/compose/ui/unit/DpSize$Companion,2,4,50.0
eb10f41cccc82c11,androidx/compose/foundation/lazy/LazyListState$Companion$Saver$2,2,7,28.57
91d67866b0d266bc,dev/kdrag0n/monet/theme/SystemColorScheme$Companion,2,7,28.57
bd898645a535c11d,androidx/compose/ui/text/SaversKt$TextUnitSaver$2,2,14,14.29
864e1305eb1d21aa,com/kieronquinn/monetcompat/core/MonetCompat$wallpaperChangedReceiver$1,2,3,66.67
da698358e39e3abf,androidx/compose/runtime/external/kotlinx/collections/immutable/internal/CommonFunctionsKt,1,1,100.0
d9da335587854d26,androidx/core/os/LocaleListPlatformWrapper,1,11,9.09
bdc44f8ab17c6306,androidx/compose/ui/layout/ContentScale$Companion$FillWidth$1,1,3,33.33
74f01197b1b154e3,androidx/fragment/app/FragmentTransaction$Op,1,3,33.33
4f866dfbc772e55b,androidx/lifecycle/viewmodel/internal/SynchronizedObject,1,1,100.0
69bb0e8ab7df5094,androidx/arch/core/executor/DefaultTaskExecutor$Api28Impl,1,2,50.0
cd5fea65af4248ff,kotlinx/coroutines/flow/internal/FlowCoroutine,1,3,33.33
fa54c2656d7e55c6,com/google/android/gms/common/api/internal/zaf,1,8,12.5
1673a5db34db07f9,androidx/compose/foundation/gestures/AndroidScrollable_androidKt,1,1,100.0
3c82b7eb84c90f03,com/omelan/cofi/pages/list/RecipeListKt$RecipeList$headerInfoBox$1$1,1,12,8.33
a2ad6b0fb69b5f9d,androidx/compose/material3/SwipeToDismissBoxKt$SwipeToDismissBox$2,1,3,33.33
8649ecac4944c30d,androidx/compose/foundation/layout/WindowInsets,1,1,100.0
4ab2c593920add99,androidx/compose/ui/node/LayoutNode$Companion$DummyViewConfiguration$1,1,6,16.67
0bb7df4adeefcaf3,androidx/compose/ui/modifier/ModifierLocalModifierNode,1,73,1.37
fc9de3672d44125a,com/google/android/gms/wearable/internal/zzal,1,30,3.33
73fc166e1cdf59a1,kotlin/TuplesKt,1,5,20.0
064a7f22fe2c67a9,androidx/core/view/WindowInsetsControllerCompat$Impl,1,12,8.33
550e9bd093f1ddd0,androidx/compose/ui/text/caches/ContainerHelpersKt,1,6,16.67
0b5608634a4a487a,kotlinx/coroutines/internal/Symbol,1,5,20.0
0eb047c7a1a9c9c4,kotlinx/coroutines/CancellableContinuationImplKt,1,4,25.0
08d879daec923caa,androidx/lifecycle/ViewModelProvider$OnRequeryFactory,1,2,50.0
1a2e8561701c6e69,androidx/compose/ui/layout/ContentScale$Companion$Inside$1,1,9,11.11
c45c9e70bc804797,androidx/compose/ui/node/DrawModifierNode,1,1,100.0
8356829dec0eec8b,androidx/compose/material3/TextKt$ProvideTextStyle$1,1,3,33.33
a4932e72f5cd7e63,androidx/compose/ui/node/NodeCoordinator$Companion$PointerInputSource$1,1,38,2.63
e4b4465c3a5b39e2,kotlinx/coroutines/flow/SharingStartedKt,1,8,12.5
692af2c2998b8332,androidx/emoji2/text/EmojiCompat$InitCallback,1,3,33.33
ad176c0d8cbe4cc2,androidx/compose/runtime/ParcelableSnapshotMutableIntState$Companion$CREATOR$1,1,7,14.29
18aa35c27950d550,androidx/work/InputMergerFactory,1,6,16.67
bed47c1ac470473e,com/google/android/gms/internal/wearable/zzak,1,1,100.0
ee7d145ddb77e0df,androidx/fragment/app/FragmentManager$3,1,2,50.0
158083117255e54b,androidx/compose/foundation/gestures/DragGestureNode$_canDrag$1,1,3,33.33
db7d5a7a6937a990,androidx/compose/ui/graphics/vector/VectorComponent$1,1,3,33.33
5d7b7d254cd88d24,androidx/compose/ui/Alignment,1,1,100.0
e176af085dd5f20f,androidx/compose/ui/platform/AndroidUiFrameClock$withFrameNanos$2$1,1,3,33.33
d4da2a295c6bc332,androidx/work/impl/model/WorkSpecDao_Impl$15,1,2,50.0
9bc3937c0edbc782,androidx/navigation/NavType$Companion$BoolArrayType$1,1,40,2.5
12ef4bc02e67f6a0,androidx/compose/foundation/layout/WrapContentElement$Companion$height$1,1,3,33.33
6bf9deadc1f0b558,androidx/work/impl/model/WorkSpecDao_Impl$10,1,2,50.0
17c8ee95991c6244,androidx/datastore/core/handlers/NoOpCorruptionHandler,1,2,50.0
3f678e382d617e22,androidx/compose/runtime/Composer$Companion$Empty$1,1,2,50.0
53eb0561e93bfdac,androidx/compose/ui/node/NodeCoordinator$Companion$SemanticsSource$1,1,12,8.33
f3a537dee8d22eea,androidx/compose/ui/node/NodeKind,1,18,5.56
f933e0acb9c9e203,com/google/android/gms/common/api/Api$BaseClientBuilder,1,3,33.33
6c7a862be3582b69,com/google/android/gms/common/api/internal/zaag,1,19,5.26
f58ae9260ecc5000,androidx/profileinstaller/ProfileInstallerInitializer$Handler28Impl,1,2,50.0
2d986b466d0249bc,com/omelan/cofi/pages/settings/CommonKt$settings$2$4,1,9,11.11
62919a289bbb0169,androidx/core/view/accessibility/AccessibilityNodeProviderCompat,1,11,9.09
c3b441ee3ba2fb73,androidx/compose/ui/platform/AndroidUiDispatcher$Companion$currentThread$1,1,9,11.11
eaffd3c8a36fb8d5,androidx/compose/runtime/SnapshotLongStateKt__SnapshotLongStateKt,1,5,20.0
0617b2b4559aa395,com/omelan/cofi/share/model/AppDatabaseKt$MIGRATION_1_2$1,1,6,16.67
569d10f8bc78b8ae,androidx/core/os/HandlerCompat$Api28Impl,1,4,25.0
80fea2553645d654,androidx/compose/ui/focus/FocusTargetModifierNodeKt,1,1,100.0
295118fbf63b455e,androidx/navigation/NavType$Companion$FloatType$1,1,11,9.09
fd681b0d31381588,androidx/core/R$styleable,1,2,50.0
0f8cbc6b3c64cd6b,kotlinx/coroutines/flow/FlowKt__LimitKt$dropWhile$1$1$emit$1,1,2,50.0
8131efc59e2bd226,androidx/core/view/AccessibilityDelegateCompat$AccessibilityDelegateAdapter,1,25,4.0
28c70984b9eb9b88,kotlinx/coroutines/flow/FlowKt__LimitKt$takeWhile$$inlined$unsafeFlow$1$1,1,2,50.0
72f4e84e2c16358b,androidx/navigation/compose/NavHostControllerKt$NavControllerSaver$2,1,4,25.0
95f8e4dadfe0ade8,kotlin/jvm/internal/Ref$BooleanRef,1,2,50.0
14219ff22eda4627,androidx/activity/result/ActivityResultLauncher,1,2,50.0
3c4d2130678bf9d8,com/kieronquinn/monetcompat/core/MonetCompat$Companion$wallpaperColorPicker$1,1,10,10.0
df6a03c9fd68e2f7,androidx/work/impl/utils/taskexecutor/WorkManagerTaskExecutor$1,1,2,50.0
5a7a2bacf4cf665d,androidx/fragment/app/FragmentManager$9,1,10,10.0
2c4664183dea56fd,androidx/work/impl/model/WorkSpecDao_Impl$4,1,2,50.0
2e23e65835f67ec6,androidx/compose/foundation/lazy/layout/LazyLayoutSemanticsModifierNode$updateCachedSemanticsValues$2,1,3,33.33
1023930b231a837e,androidx/compose/ui/platform/coreshims/ViewCompatShims$Api29Impl,1,2,50.0
e2e717634fa9d960,androidx/compose/ui/platform/WindowRecomposerFactory,1,1,100.0
c08e0d41f762b9fc,androidx/compose/ui/graphics/CanvasKt,1,38,2.63
241fd390aa789e90,androidx/compose/ui/node/SemanticsModifierNodeKt,1,12,8.33
86cf9e1c23f07849,androidx/arch/core/internal/SafeIterableMap$SupportRemove,1,1,100.0
28720d132f26a9c4,kotlinx/coroutines/channels/ChannelResult$Failed,1,2,50.0
8d6a62c595f3f9df,androidx/compose/ui/platform/ComposeView$Content$1,1,3,33.33
4d69d4bf570e2d5e,androidx/lifecycle/SavedStateHandleSupport$DEFAULT_ARGS_KEY$1,1,1,100.0
f08e6c110b69b47b,kotlinx/coroutines/Job,1,1,100.0
d8a65cfc461161db,androidx/datastore/core/DataStoreImpl$updateCollection$1$1,1,6,16.67
45ecf0728ee9f8e6,androidx/work/impl/model/DependencyDao_Impl,1,73,1.37
eea6c61f580f7325,kotlin/jvm/internal/MutablePropertyReference,1,3,33.33
c28dfc279cbe018e,androidx/compose/runtime/internal/ComposableLambdaImpl$invoke$2,1,3,33.33
e55da18cf1db76a0,androidx/emoji2/text/EmojiCompat$DefaultSpanFactory,1,2,50.0
a3e363cdb2f3b176,androidx/compose/ui/graphics/AndroidPath_androidKt,1,12,8.33
a9a6bac2d38a4356,kotlinx/coroutines/channels/Channel,1,1,100.0
439802fbb12d93f5,com/omelan/cofi/share/model/StepDao_Impl$3,1,2,50.0
0778e033ca5eced7,com/google/android/gms/common/api/PendingResult,1,3,33.33
9e6d88a998b0edb0,androidx/work/impl/model/PreferenceDao_Impl$1,1,10,10.0
ae0d89cea50fc12b,kotlinx/coroutines/SupervisorJobImpl,1,2,50.0
2dcb031ebf5ef267,androidx/compose/animation/core/DecayAnimationSpecKt,1,17,5.88
607b9d73a905b00b,com/omelan/cofi/components/RecipeItemKt$RecipeItem$1,1,3,33.33
04c17344f75c64d3,androidx/fragment/app/FragmentManager$1,1,2,50.0
35aa61879e44ae62,com/google/android/gms/common/internal/zao,1,1,100.0
58fccd17fa1f4be4,com/google/android/gms/common/internal/zai,1,2,50.0
aef153c1b808e112,com/google/android/gms/common/internal/zaab,1,16,6.25
04e91bd5e01dbb6a,androidx/work/impl/model/WorkSpecDao_Impl$11,1,2,50.0
5f0944eb0ad87569,androidx/compose/foundation/lazy/grid/LazyGridKt$rememberLazyGridMeasurePolicy$1$1$prefetchInfoRetriever$1,1,13,7.69
15d86f825e752078,androidx/work/impl/AutoMigration_19_20,1,3,33.33
5b33ada58b40f955,okio/Buffer$UnsafeCursor,1,97,1.03
527971f6c120a619,kotlinx/coroutines/EventLoopKt,1,11,9.09
6a18888997581125,androidx/compose/ui/contentcapture/ContentCaptureManager,1,1,100.0
cf6f454ded50239f,androidx/compose/runtime/changelist/Operation$IntParameter,1,16,6.25
73a05cbd3dcc1621,androidx/compose/ui/graphics/painter/Painter$drawLambda$1,1,3,33.33
11801b27c96ca6de,androidx/datastore/core/StorageConnectionKt,1,3,33.33
ce7416c4b6300bb9,androidx/core/os/LocaleListCompat$Api24Impl,1,4,25.0
5ca446313a52c59d,com/google/android/gms/common/api/internal/zach,1,1,100.0
07132913f03a3bb3,com/google/android/gms/common/internal/zzq,1,43,2.33
b8b8dc453628d740,androidx/compose/animation/AnimatedVisibilityKt$AnimatedVisibility$4,1,3,33.33
79519eb298ab3aed,androidx/work/impl/model/WorkSpecDao_Impl$17,1,2,50.0
180b374065d64f3a,com/omelan/cofi/pages/RecipeEditKt$recipeEdit$1,1,3,33.33
77de6e9874d3085a,androidx/fragment/app/Fragment$1,1,2,50.0
62a0003f3b785c0f,androidx/compose/foundation/gestures/DraggableKt$NoOpOnDragStopped$1,1,6,16.67
3cdd7b35b5ea37ef,androidx/compose/foundation/gestures/ScrollableKt$NoOpScrollScope$1,1,2,50.0
775da8515ebf445d,androidx/compose/material3/internal/AnchoredDraggableKt$anchoredDraggable$1,1,7,14.29
462d437ad30113a0,androidx/compose/ui/text/font/AsyncTypefaceCache$AsyncTypefaceResult,1,19,5.26
034ce8efeecb4367,androidx/compose/ui/platform/ViewRootForTest,1,1,100.0
5e81b9caa025a176,androidx/compose/ui/layout/ContentScale$Companion$FillBounds$1,1,4,25.0
abc2ceb5bab979e7,kotlinx/coroutines/flow/FlowKt__EmittersKt$invokeSafely$1,1,2,50.0
b764825567dcb4d8,com/google/android/gms/wearable/internal/zzjt,1,1,100.0
39daa24c4ac51716,androidx/fragment/app/FragmentManager$8,1,2,50.0
a783260c8e452996,com/google/android/gms/wearable/internal/zzbh,1,66,1.52
b5ebb912822328bf,kotlinx/coroutines/sync/MutexImpl$CancellableContinuationWithOwner$tryResume$token$1,1,16,6.25
659b15a649ce9f9a,kotlinx/coroutines/channels/ChannelsKt,1,70,1.43
64cb75f912656522,androidx/compose/foundation/layout/PaddingKt$padding$1,1,7,14.29
cfbbd22aa13dda61,kotlinx/coroutines/scheduling/SchedulerTimeSource,1,1,100.0
0cd49d779d88eac1,com/google/android/gms/common/api/internal/zacl,1,2,50.0
d97b147cf6523dad,kotlin/jvm/internal/PropertyReference0Impl,1,7,14.29
dd88ed6889d3dfcf,androidx/lifecycle/ViewModelProvider$AndroidViewModelFactory$Companion$APPLICATION_KEY$1,1,1,100.0
17f5869c95f70261,kotlin/jvm/internal/Ref$ObjectRef,1,2,50.0
35db911a83e001de,androidx/compose/runtime/Recomposer$RecomposerInfoImpl,1,51,1.96
d7a02be151d66a85,androidx/compose/ui/platform/AndroidTextToolbar$textActionModeCallback$1,1,3,33.33
ea4b2a54cfcbc8cc,androidx/datastore/core/DataStoreImpl$writeActor$1,1,9,11.11
5796e5692fc21a25,com/omelan/cofi/pages/list/RecipeListHeaderInfoKt$createRecipeListHeaderInfo$2$1$1,1,3,33.33
3d188d7f6346943e,androidx/fragment/app/Fragment$AnimationInfo,1,1,100.0
8f3eb7bfb3b3ac13,kotlinx/coroutines/flow/FlowKt__LimitKt$takeWhile$lambda$6$$inlined$collectWhile$1$1,1,2,50.0
9cbb35e3c2620c11,androidx/compose/ui/focus/FocusPropertiesModifierNodeKt,1,1,100.0
18a85673197db0f3,androidx/datastore/core/SimpleActor$1,1,10,10.0
a4035e29d9dac4a6,androidx/compose/ui/modifier/ModifierLocalKt,1,1,100.0
0fa40970de40fff5,androidx/work/impl/model/WorkSpecDao_Impl$8,1,2,50.0
31f703a786e973df,androidx/compose/ui/text/font/PlatformResolveInterceptor$Companion$Default$1,1,1,100.0
ec00532bf2746a29,androidx/work/impl/model/WorkSpecDao_Impl$16,1,2,50.0
32f78b741aca44cc,kotlinx/coroutines/sync/MutexImpl$onSelectCancellationUnlockConstructor$1,1,3,33.33
b111ce3f3e6946d7,androidx/compose/material3/AppBarKt$TwoRowsTopAppBar$7,1,3,33.33
56198776d594e33d,androidx/navigation/NavBackStackEntryState$Companion$CREATOR$1,1,6,16.67
146748dee16cfa0e,kotlinx/coroutines/flow/ThrowingCollector,1,2,50.0
4252e954ffa0d348,androidx/compose/foundation/BorderStrokeKt,1,1,100.0
887f0f0510a37021,androidx/compose/material3/FloatingActionButtonKt$FloatingActionButton$3,1,3,33.33
924d133398ab71c6,androidx/navigation/compose/NavHostKt$NavHost$34,1,3,33.33
5c3c34a3cd120da5,kotlin/UnsignedKt,1,52,1.92
f3924b7e7690c657,kotlinx/coroutines/flow/internal/AbstractSharedFlowSlot,1,1,100.0
1803f4b28464e0e0,androidx/compose/material3/FloatingActionButtonElevation$animateElevation$2$1$1,1,19,5.26
2c2d6ce2eb8fc306,androidx/compose/animation/core/MutatorMutex$Mutator,1,7,14.29
7b948873ff43a424,androidx/work/impl/model/SystemIdInfoDao_Impl$1,1,8,12.5
9badb9b36c8a261a,androidx/compose/ui/platform/coreshims/ViewCompatShims$Api30Impl,1,2,50.0
96d8e24ad13a8d3e,androidx/compose/ui/platform/CompositionLocalsKt$ProvideCommonCompositionLocals$1,1,3,33.33
dc43727286da407c,androidx/appcompat/R$styleable,1,2,50.0
e173c6d0700a7f36,androidx/compose/foundation/OverscrollKt,1,1,100.0
cc20bff459e7c29a,com/google/android/gms/common/api/internal/zack,1,2,50.0
11a59483da093795,androidx/appcompat/app/AppLocalesMetadataHolderService$Api24Impl,1,2,50.0
8b3a5842f6ef8d5c,androidx/compose/foundation/lazy/LazyListPrefetchStrategy,1,1,100.0
69d4646b42f707a0,androidx/datastore/core/okio/OkioStorage$createConnection$2,1,6,16.67
7aba0432c3b5d42b,com/omelan/cofi/components/RecipeItemKt$RecipeListItemBackground$2,1,3,33.33
5572b39a43d1cc27,kotlinx/coroutines/flow/FlowKt__ReduceKt$first$$inlined$collectWhile$2$1,1,2,50.0
f6feeaa3d1d184a6,com/google/android/gms/common/api/internal/zac,1,1,100.0
032be5ab33577cf9,androidx/compose/ui/platform/AndroidComposeView$keyInputModifier$1,1,38,2.63
a53c460bbba491d1,androidx/compose/ui/input/key/KeyInputNode,1,11,9.09
024c6cd00dccea1c,androidx/navigation/CollectionNavType,1,1,100.0
6dd5b1332f15baa1,kotlin/jvm/internal/Ref$FloatRef,1,2,50.0
d0d77bbbf198738d,androidx/compose/animation/core/VectorizedFiniteAnimationSpec,1,5,20.0
3661b57e0102eb92,com/google/android/gms/wearable/internal/zzci,1,1,100.0
1c088d680de3f513,androidx/work/impl/model/WorkSpecDao_Impl$2,1,75,1.33
0be1da417a73224c,androidx/datastore/preferences/core/PreferencesFactory,1,6,16.67
dc69d4c11bbe9ab0,androidx/navigation/NavDeepLink$mimeTypePattern$2,1,6,16.67
c931397e115648e5,com/omelan/cofi/MainActivity$onTimerRunning$1,1,7,14.29
d499d7cff94013e9,androidx/compose/runtime/collection/ScatterSetWrapperKt,1,50,2.0
bdfdeeee5e5e674c,com/google/android/gms/common/zzc,1,16,6.25
be5e469d8e0b7ccd,androidx/profileinstaller/ProfileVerifier$CompilationStatus,1,4,25.0
48bbc8f793c35981,androidx/compose/runtime/GroupInfo,1,7,14.29
aebd59029cb3211e,androidx/work/impl/model/WorkSpecDao_Impl$5,1,2,50.0
85ab325846749bca,androidx/compose/ui/platform/AndroidComposeView$focusOwner$6,1,3,33.33
6190dc9fb39aa4c1,com/google/android/gms/common/api/internal/ListenerHolder$ListenerKey,1,11,9.09
a9e63cdd9fd2c080,androidx/datastore/core/okio/OkioReadScope$readData$1,1,2,50.0
e95af69030ace511,kotlin/internal/jdk7/JDK7PlatformImplementations,1,16,6.25
6d701b00b7c8ab3e,androidx/collection/internal/Lock,1,5,20.0
848c51ecb0cb8f22,androidx/work/impl/WorkDatabase_AutoMigration_16_17_Impl,1,7,14.29
ba8afa7eadad27d5,androidx/compose/ui/platform/TestTagKt,1,1,100.0
7774b73e35827f5e,androidx/compose/material3/AppBarKt$TwoRowsTopAppBar$appBarDragModifier$2$1,1,14,7.14
e426e951069da144,androidx/compose/ui/input/pointer/PointerButtons,1,15,6.67
0a7994b40c9918e8,androidx/compose/ui/layout/OnGloballyPositionedModifierKt,1,1,100.0
a350b5e5153d495d,androidx/compose/ui/platform/AndroidComposeView$_inputModeManager$1,1,8,12.5
14ee5f0a4bbd8b1f,kotlin/jvm/internal/PropertyReference2,1,7,14.29
bea55a98c5c96aa1,com/google/android/gms/wearable/NodeClient,1,2,50.0
bca4f1109aecfc29,com/omelan/cofi/pages/list/RecipeListKt$recipeList$1$3,1,3,33.33
802b479b993e15f9,androidx/compose/runtime/CompositionLocalMap,1,1,100.0
630572f6b904a379,androidx/compose/ui/text/platform/AndroidParagraphHelper_androidKt$NoopSpan$1,1,2,50.0
fe391c5cdb2872e5,androidx/appcompat/app/AppCompatDelegateImpl$PanelFeatureState,1,52,1.92
971006bfe89f9299,androidx/work/impl/model/WorkSpecDao_Impl$9,1,2,50.0
d501848fc0385a07,kotlin/coroutines/ContinuationInterceptor,1,1,100.0
9d35b067377ad194,com/google/android/gms/common/internal/service/zam,1,4,25.0
9223d22077e99c57,com/google/android/gms/common/internal/safeparcel/AbstractSafeParcelable,1,2,50.0
83227df72df278ed,androidx/compose/animation/EnterExitTransitionModifierNode$sizeTransitionSpec$1,1,14,7.14
b2fe7fe60d402b95,androidx/fragment/app/FragmentManager$5,1,2,50.0
adeb5e8179a3e111,com/google/android/gms/common/api/internal/BasePendingResult$CallbackHandler,1,14,7.14
40c07969bd2f0f5e,com/google/android/gms/wearable/internal/zzaq,1,12,8.33
d78552ee8c392289,androidx/compose/foundation/gestures/ScrollableStateKt,1,16,6.25
bcf189a1cbaaf524,kotlinx/coroutines/CoroutineExceptionHandler,1,1,100.0
943d2736188fa063,kotlinx/coroutines/DebugStringsKt,1,15,6.67
40bcbffac5a3110d,androidx/compose/ui/platform/AndroidComposeViewAccessibilityDelegateCompat$ComposeAccessibilityNodeProvider,1,10,10.0
687dbd28e8f5164c,androidx/work/impl/WorkDatabaseKt,1,1,100.0
58dd247722139544,com/google/android/gms/internal/wearable/zzg,1,2,50.0
a618650a6d0aa208,androidx/compose/animation/EnterExitTransitionModifierNode$slideSpec$1,1,15,6.67
0510906b36232f44,androidx/core/content/ContextCompat$Api21Impl,1,4,25.0
7d42a727a12f3754,androidx/appcompat/widget/ResourceManagerInternal$ColorFilterLruCache,1,5,20.0
771a6f759f88ebc7,androidx/compose/ui/platform/AndroidCompositionLocals_androidKt$ProvideAndroidCompositionLocals$4,1,3,33.33
7272615a4d3a1222,androidx/fragment/app/FragmentManager$2,1,6,16.67
7b0e728845f0404e,androidx/compose/animation/EnterExitTransitionKt$slideInHorizontally$2,1,3,33.33
d442cd3244d5119e,androidx/compose/ui/platform/DisposableSaveableStateRegistry_androidKt$DisposableSaveableStateRegistry$1,1,6,16.67
88cbdb63fbb5245a,androidx/navigation/NavType$Companion$IntType$1,1,15,6.67
f9e527810610f416,androidx/compose/material3/IconKt$Icon$3,1,3,33.33
82825b8fb8a8cdcc,androidx/compose/ui/node/NodeChainKt$SentinelHead$1,1,2,50.0
5a91c87b229b1cf7,androidx/compose/ui/layout/ContentScale$Companion$FillHeight$1,1,3,33.33
6f516ef6be7e937b,androidx/appcompat/app/AppLocalesStorageHelper$ThreadPerTaskExecutor,1,2,50.0
acef453a82bb67c8,com/google/android/gms/wearable/internal/zzj,1,1,100.0
f41c8eb7373ac136,androidx/activity/result/contract/ActivityResultContract,1,2,50.0
deb3a7051d9388ec,androidx/compose/animation/core/SeekableTransitionState$animateOneFrameLambda$1,1,36,2.78
0c1260668ec12e6b,androidx/room/RoomOpenHelper$Delegate,1,8,12.5
d1133197fe1bf27f,androidx/compose/runtime/SnapshotIntStateKt__SnapshotIntStateKt,1,5,20.0
ef9bbdbc8e823040,androidx/work/impl/WorkDatabase_AutoMigration_18_19_Impl,1,2,50.0
d3ac1d0ab02f1279,androidx/compose/ui/graphics/colorspace/Rgb$oetf$1,1,3,33.33
497ca26a9b6d5c88,kotlin/collections/ArraysUtilJVM,1,2,50.0
db1c52aa54c55180,com/google/android/gms/common/api/internal/zaci,1,1,100.0
391fc5160b8a9b75,androidx/work/impl/model/WorkSpecDao_Impl$1,1,72,1.39
60f31dcb7c446d80,kotlin/jvm/internal/MutablePropertyReference0Impl,1,8,12.5
24dbc20badd5860f,androidx/compose/ui/input/pointer/PointerEvent_androidKt,1,61,1.64
fcbdd7d02cea8a94,kotlinx/coroutines/flow/StartedEagerly,1,3,33.33
38d99ece0e18852f,com/omelan/cofi/pages/settings/CommonKt$settings$2$2,1,8,12.5
70e0fcd1dfd8fedb,androidx/compose/foundation/lazy/layout/DefaultLazyKey$Companion$CREATOR$1,1,5,20.0
e3e72531853eaede,kotlinx/coroutines/DelayKt,1,40,2.5
6e109a5e02413b5e,androidx/work/impl/WorkManagerImpl$Api24Impl,1,2,50.0
d3a06446fb9b012b,androidx/compose/animation/AnimatedVisibilityKt$AnimatedEnterExitImpl$4,1,3,33.33
1b37d5ec3ff9bc74,androidx/compose/material3/TextKt$Text$1,1,3,33.33
132f363e7ad37295,androidx/navigation/NavBackStackEntry$savedStateHandle$2,1,12,8.33
ff0acac544bbfc2e,com/google/android/gms/tasks/Task,1,13,7.69
31fa297c836a169a,okio/internal/ResourceFileSystem$roots$2,1,3,33.33
b2dbb47a3c47f74e,androidx/compose/foundation/lazy/LazyLayoutSemanticStateKt,1,1,100.0
ac315efcaeb5b1d7,androidx/compose/material3/IconKt$Icon$1,1,3,33.33
eeb2630698ee98e8,kotlinx/coroutines/scheduling/GlobalQueue,1,1,100.0
40cd44e67b55b2b4,androidx/core/math/MathUtils,1,101,0.99
d4bcaa267530c67b,androidx/compose/ui/input/nestedscroll/NestedScrollNode$updateDispatcherFields$1,1,3,33.33
8d2d48709944d1f1,androidx/compose/material3/IconButtonKt$IconButton$2,1,3,33.33
9a84d271c23a0739,androidx/compose/foundation/lazy/grid/LazyGridState$scrollableState$1,1,3,33.33
cd84326972a96350,androidx/work/impl/model/WorkSpecDao_Impl$3,1,2,50.0
d7ac890acc0b9cb5,androidx/compose/foundation/gestures/DragGestureDetectorKt$HorizontalPointerDirectionConfig$1,1,5,20.0
ca089b36a3361c3d,androidx/appcompat/app/AppCompatDelegateImpl$Api17Impl,1,7,14.29
c285e58b796d305b,androidx/compose/runtime/ParcelableSnapshotMutableState$Companion$CREATOR$1,1,16,6.25
75314f0e95da01a0,androidx/compose/foundation/lazy/layout/LazyLayoutPinnableItemKt$LazyLayoutPinnableItem$2,1,3,33.33
8a10a6241491b6ee,androidx/datastore/core/DataMigrationInitializer,1,2,50.0
b653795b9d751c26,com/omelan/cofi/pages/settings/CommonKt$settings$1,1,3,33.33
be83adca53cbeede,androidx/compose/ui/platform/AndroidCompositionLocals_androidKt$ProvideAndroidCompositionLocals$1$1,1,3,33.33
5ee421b93d210c16,androidx/navigation/NavType$Companion$LongType$1,1,18,5.56
4975eec63fd5161f,androidx/emoji2/text/EmojiCompat$MetadataRepoLoaderCallback,1,1,100.0
8c629d287f714047,kotlinx/coroutines/EventLoopImplPlatform,1,10,10.0
c72b07e720fd4eaa,androidx/lifecycle/LifecycleRegistry_androidKt,1,1,100.0
064020c2c974c141,androidx/compose/material3/RippleNodeFactory$create$colorProducer$1,1,2,50.0
18f8e01992fc84aa,androidx/compose/material3/SwipeToDismissBoxState$Companion$Saver$2,1,4,25.0
6c7f0c0338e2767f,androidx/navigation/NavType$Companion$StringType$1,1,20,5.0
45dde42d39c6d6c0,androidx/compose/runtime/BroadcastFrameClock$withFrameNanos$2$1,1,11,9.09
1813a3a4d9d3cc9e,com/omelan/cofi/pages/RecipeEditKt$addRecipe$2,1,22,4.55
7bbdac83b8f360d0,androidx/compose/material3/FloatingActionButtonElevationAnimatable$snapElevation$1,1,2,50.0
08145ab6506fcdef,com/omelan/cofi/share/model/AppDatabaseKt$MIGRATION_2_3$1,1,3,33.33
27f8996eafae7e7d,androidx/appcompat/app/AppCompatDelegateImpl$Api24Impl,1,10,10.0
41c45320e4847925,kotlinx/coroutines/sync/SemaphoreImpl$onCancellationRelease$1,1,3,33.33
67870df0a3000624,com/omelan/cofi/share/model/StepDao_Impl$2,1,4,25.0
3e7a2e7e2fbdd03b,kotlinx/coroutines/flow/FlowKt__ReduceKt$first$3,1,2,50.0
8b6debe151827e9f,com/omelan/cofi/pages/details/RecipeDetailsKt$recipeDetails$4,1,52,1.92
77308dd2627a170b,androidx/work/impl/model/WorkSpecDao_Impl$6,1,2,50.0
b7adec84512f25a5,androidx/datastore/core/SingleProcessCoordinator$lock$1,1,2,50.0
4cf1736e45f0f5dc,androidx/compose/foundation/lazy/layout/Lazy_androidKt,1,1,100.0
1d4fbff6e342ce4e,androidx/compose/animation/core/Transition$animateTo$2,1,3,33.33
4232b8851b8faef4,androidx/compose/foundation/lazy/layout/LazyLayoutSemanticsModifierNode$updateCachedSemanticsValues$4,1,21,4.76
e56b641162ce6c64,androidx/datastore/core/DataStoreImpl$internalDataFlow$1$invokeSuspend$$inlined$map$1$2,1,18,5.56
5bce64d662a8d263,androidx/compose/runtime/internal/PersistentCompositionLocalMapKt,1,5,20.0
dfaba24651ba838c,androidx/compose/ui/text/AndroidTextStyle_androidKt,1,11,9.09
29fb9526c30f5033,com/google/android/gms/wearable/internal/zzjf,1,10,10.0
b12192e4d623da03,androidx/compose/ui/node/ParentDataModifierNodeKt,1,1,100.0
a89428449028e0fd,androidx/emoji2/text/DefaultEmojiCompatConfig$DefaultEmojiCompatConfigHelper_API28,1,2,50.0
cffefe3eee280ff1,kotlinx/coroutines/internal/Removed,1,2,50.0
539e5aa675ac8ca7,androidx/compose/runtime/Recomposer$effectJob$1$1,1,21,4.76
32d32c6e87af695f,androidx/compose/ui/graphics/vector/GroupComponent$wrappedListener$1,1,6,16.67
aed5f22182c00e64,androidx/compose/animation/core/SuspendAnimationKt$animate$6$1,1,3,33.33
2c84ff875c3d7f54,com/google/android/gms/common/api/Api$ClientKey,1,1,100.0
11e340370e5aaffb,androidx/compose/foundation/gestures/ScrollingLogic$performScroll$1,1,12,8.33
527d6331b12fb01f,androidx/compose/ui/platform/AndroidComposeViewAccessibilityDelegateCompat$onSendAccessibilityEvent$1,1,3,33.33
84f011c20a2faf88,androidx/compose/ui/platform/ViewCompositionStrategy$DisposeOnDetachedFromWindowOrReleasedFromPool$installFor$1,1,4,25.0
c95739048177e1bc,androidx/profileinstaller/ProfileVersion,1,5,20.0
6128e8562b01b2cd,androidx/compose/ui/layout/ContentScale,1,1,100.0
f81c1a0a0d9cbf32,com/omelan/cofi/pages/details/RecipeDetailsKt$recipeDetails$1,1,3,33.33
d9db935c22c3f884,androidx/compose/foundation/shape/CornerSizeKt$ZeroCornerSize$1,1,5,20.0
0f59a613df9b4610,com/google/android/gms/common/internal/zzb,1,67,1.49
686d8d470cdb3932,androidx/compose/foundation/gestures/DraggableKt$NoOpOnDragStarted$1,1,6,16.67
4153954386852250,androidx/datastore/core/DataStoreImpl$InitDataStore$doRun$initData$1$api$1$updateData$1,1,2,50.0
7d748333d3601dfc,androidx/compose/ui/graphics/AndroidGraphicsContext_androidKt,1,1,100.0
747317b788d9da19,androidx/fragment/app/Fragment$4,1,7,14.29
e84741a43a5922bd,androidx/navigation/compose/NavBackStackEntryProviderKt$SaveableStateProvider$1,1,3,33.33
0a98f6afe5668878,com/kieronquinn/monetcompat/core/MonetCompat$wallpaperManager$2,1,4,25.0
e6d6bf6a8155c9c6,kotlinx/coroutines/flow/DistinctFlowImpl$collect$2$emit$1,1,2,50.0
50c3dc70627bdf89,androidx/compose/ui/platform/AndroidComposeViewAccessibilityDelegateCompat$scheduleScrollEventIfNeededLambda$1,1,3,33.33
c99d7a5bff135da7,kotlinx/coroutines/MainCoroutineDispatcher,1,11,9.09
2d52eb5c810db675,kotlinx/coroutines/flow/FlowKt__EmittersKt$onStart$$inlined$unsafeFlow$1$1,1,2,50.0
4467545937303673,com/google/android/gms/wearable/internal/zzgd,1,14,7.14
6f8f14e341d32b36,androidx/compose/ui/text/font/TypefaceRequestCache$runCached$currentTypefaceResult$1,1,9,11.11
28dfd47cdbe756d8,androidx/core/view/SoftwareKeyboardControllerCompat$Impl20,1,24,4.17
39d676297eede0bb,com/google/android/gms/wearable/internal/zzay,1,12,8.33
aaf1b4c4255c2ad9,com/kieronquinn/monetcompat/extensions/Extensions_ColorSchemeKt,1,17,5.88
ffa6c542c6c2cd9a,androidx/compose/animation/AnimatedContentScopeImpl,1,3,33.33
ddaeebec39abfe3a,androidx/compose/ui/platform/AndroidComposeViewAccessibilityDelegateCompat$boundsUpdatesEventLoop$1,1,2,50.0
53ca209cb6af1421,androidx/compose/foundation/lazy/LazyListState$scrollableState$1,1,3,33.33
25655e71cc1386eb,androidx/compose/ui/text/input/TextInputServiceAndroid$baseInputConnection$2,1,3,33.33
44c4f7b3df4cddd5,androidx/compose/foundation/layout/PaddingKt$padding$4,1,4,25.0
61d2633ccc92ff8e,androidx/work/impl/model/WorkProgressDao_Impl$1,1,10,10.0
d139e92d46cdacdb,kotlinx/coroutines/CancelHandler,1,1,100.0
a257e71ec0afd7f4,kotlinx/coroutines/internal/AtomicKt,1,1,100.0
4e88bd82672b6635,com/google/android/gms/wearable/internal/zzw,1,2,50.0
357844ba0dd56e37,com/omelan/cofi/pages/settings/CommonKt$settings$2$1,1,9,11.11
c30314a622fac71a,com/omelan/cofi/share/model/RecipeDao_Impl$4,1,2,50.0
a9026f6f2c1bb83f,com/google/android/gms/wearable/internal/zzgv,1,3,33.33
30ea7bb43c1d252e,kotlinx/coroutines/flow/FlowKt__EmittersKt$onCompletion$$inlined$unsafeFlow$1$1,1,2,50.0
a8f5e83cfcbfee0d,androidx/profileinstaller/ProfileInstallerInitializer$Result,1,1,100.0
0a47d22f2ff10517,androidx/compose/ui/text/font/FontListFontFamilyTypefaceAdapter$special$$inlined$CoroutineExceptionHandler$1,1,2,50.0
9911c0ff0a00a176,androidx/compose/ui/text/input/InputMethodManagerImpl$imm$2,1,3,33.33
d2d7e5539661134e,androidx/compose/ui/draw/CacheDrawModifierNodeImpl$1,1,3,33.33
26dcef5f5b89c0bb,androidx/compose/material3/SwipeToDismissBoxDefaults$positionalThreshold$1$1$1,1,5,20.0
a49ad8298377ed72,com/google/android/gms/common/api/Api$AnyClientKey,1,1,100.0
e73407cf1761252c,com/google/android/gms/wearable/CapabilityClient,1,2,50.0
65bebc68a51f6e0a,androidx/compose/foundation/gestures/DraggableKt$rememberDraggableState$1$1,1,3,33.33
215456cce1c1049d,com/omelan/cofi/share/model/StepDao_Impl$4,1,2,50.0
5c0f331acacab719,com/omelan/cofi/pages/list/RecipeListHeaderInfoKt$createRecipeListHeaderInfo$1,1,10,10.0
bd1dcf52745f14d8,androidx/fragment/app/FragmentManager$4,1,2,50.0
ccd018bc74fe3244,androidx/compose/animation/AnimatedVisibilityKt$AnimatedVisibility$2,1,3,33.33
0a3d1b5db1f27276,androidx/datastore/core/DataStoreImpl$writeActor$3,1,12,8.33
3d7012a7d6adab9d,com/google/android/gms/wearable/ChannelClient,1,2,50.0
46b7da3800130e66,androidx/compose/foundation/lazy/layout/LazySaveableStateHolder$Companion$saver$2,1,3,33.33
f72cb4e458562963,androidx/compose/runtime/changelist/Operation$ObjectParameter,1,16,6.25
93bbd00f014911e4,androidx/window/layout/WindowMetricsCalculator,1,4,25.0
8fe86a4a407ef6ff,androidx/compose/runtime/SnapshotLongStateKt,1,3,33.33
8d08df8f3e857f21,androidx/compose/foundation/layout/WrapContentElement$Companion$width$1,1,3,33.33
c25c0fd442291c94,androidx/compose/foundation/lazy/layout/LazyLayoutSemanticsModifierNode$updateCachedSemanticsValues$1,1,3,33.33
ef3d30faf8d2b429,androidx/work/impl/model/WorkSpecDao_Impl$7,1,2,50.0
38a317d52f26b36e,androidx/compose/animation/EnterExitTransitionKt$expandHorizontally$2,1,3,33.33
a7b0370cadfcce0d,kotlinx/coroutines/CompletionHandlerBase,1,1,100.0
ea9ef5bc2a312693,androidx/compose/foundation/gestures/DragGestureDetectorKt$BidirectionalPointerDirectionConfig$1,1,4,25.0
973fc66bbcaf9e54,com/omelan/cofi/pages/settings/CommonKt$settings$2$5,1,8,12.5
7ec1837ee1762f0b,androidx/compose/ui/contentcapture/AndroidContentCaptureManager$boundsUpdatesEventLoop$1,1,2,50.0
e789d893cb1387cc,androidx/work/impl/utils/taskexecutor/TaskExecutor,1,2,50.0
b6f3f578604a9018,androidx/datastore/core/DataMigrationInitializer$Companion$runMigrations$1,1,2,50.0
1f57864de5248fdb,androidx/datastore/core/okio/Synchronizer,1,6,16.67
76d369af1167bde4,androidx/compose/material3/IconKt$Icon$semantics$1$1,1,4,25.0
e4b69a51fbbfd14f,androidx/compose/ui/unit/LinearFontScaleConverter,1,14,7.14
c9d2b757c4568ef6,androidx/compose/foundation/lazy/layout/LazyLayoutSemanticsModifierNode$updateCachedSemanticsValues$3,1,7,14.29
719f89f6638a6fc9,androidx/fragment/app/FragmentManagerImpl,1,1,100.0
73bff4f8829fb198,androidx/datastore/core/DataStoreImpl$readDataAndUpdateCache$1,1,2,50.0
24077b0a5ee39588,androidx/compose/ui/graphics/Path,1,61,1.64
12ce3777382b49fb,androidx/navigation/compose/NavHostKt$NavHost$26$1$invoke$$inlined$onDispose$1,1,2,50.0
7debf48d1593289e,kotlin/sequences/SequencesKt__SequencesKt$generateSequence$1,1,3,33.33
7c648091997911e0,androidx/navigation/NavController$navInflater$2,1,5,20.0
0d9c60770157d8cf,androidx/compose/ui/platform/AndroidComposeView$focusOwner$5,1,3,33.33
e2bad64b25a3452e,kotlin/jvm/internal/InlineMarker,1,7,14.29
543b66f64adb8c68,androidx/emoji2/text/EmojiCompat$CompatInternal,1,10,10.0
b6c3e5e2f68bf1d4,androidx/navigation/NavType$Companion$BoolType$1,1,15,6.67
495afb3f425fe445,com/omelan/cofi/model/DataStore$getDismissedInfoBoxes$$inlined$map$1$2$1,1,2,50.0
925d72fff221c61e,kotlin/collections/ArraysKt__ArraysJVMKt,1,14,7.14
e33717e686b446fa,androidx/compose/ui/text/platform/extensions/SpannableExtensions_androidKt$setFontAttributes$1,1,15,6.67
f7d97112bb410926,androidx/fragment/app/FragmentActivity$1,1,8,12.5
a6c5e2ff16e4866f,androidx/compose/material/ripple/RippleNode$onAttach$1$1,1,9,11.11
91a9679cf8695a92,androidx/compose/runtime/ParcelableSnapshotMutableFloatState$Companion$CREATOR$1,1,7,14.29
bff9ac24b0cb37cf,androidx/compose/animation/EnterExitTransitionKt$shrinkHorizontally$2,1,3,33.33
f8dcec53c48fe4e2,androidx/work/impl/model/WorkTagDao_Impl,1,54,1.85
df09c678c50cc975,kotlinx/coroutines/internal/OpDescriptor,1,2,50.0
6e2c89b17724a5b0,androidx/work/impl/model/SystemIdInfoDao_Impl$2,1,2,50.0
162579773ad40088,androidx/compose/ui/text/platform/Synchronization_jvmKt,1,5,20.0
6527a7d979130ece,androidx/compose/material3/SurfaceKt$Surface$1$3,1,7,14.29
a07e2a0e9cf6e3c7,androidx/datastore/core/DataStoreImpl$InitDataStore$doRun$1,1,2,50.0
753e7524ebc59e85,kotlin/jvm/internal/MutablePropertyReference1,1,10,10.0
462991d157d33570,androidx/compose/material3/internal/ProvideContentColorTextStyleKt$ProvideContentColorTextStyle$1,1,3,33.33
b5e02bfde6424d35,androidx/compose/ui/graphics/RectangleShapeKt$RectangleShape$1,1,4,25.0
9aeeb03e617d1e2d,com/google/android/gms/common/internal/zzai,1,20,5.0
68d5aff72fc11d6d,kotlinx/coroutines/internal/ThreadLocalKt,1,2,50.0
00c5c8a7a2259fdc,androidx/fragment/app/FragmentManager$FragmentIntentSenderContract,1,22,4.55
520560750efc494c,androidx/compose/runtime/PrimitiveSnapshotStateKt,1,3,33.33
af1db18d6dadc6fc,androidx/datastore/preferences/core/Preferences,1,3,33.33
459e8cccd64ccae1,androidx/profileinstaller/ProfileInstaller$2,1,22,4.55
91478458dbc2d8d5,androidx/navigation/NavDeepLink$getMatchingArguments$missingRequiredArguments$1,1,6,16.67
36c3fe9a9d3a0371,androidx/compose/foundation/gestures/DragGestureDetectorKt$VerticalPointerDirectionConfig$1,1,5,20.0
7b710421fb503215,androidx/compose/runtime/PrimitiveSnapshotStateKt__SnapshotFloatStateKt,1,5,20.0
66551a2f4afc2099,androidx/compose/runtime/SnapshotIntStateKt,1,3,33.33
cfae113b428a0a34,dev/kdrag0n/monet/theme/ColorScheme,1,3,33.33
a3d3d3983ff9d981,androidx/compose/ui/layout/ContentScale$Companion$Crop$1,1,3,33.33
9f6cb569a5007930,androidx/core/view/SoftwareKeyboardControllerCompat$Impl,1,3,33.33
fe27cdc01afc5f21,kotlin/jvm/internal/MutablePropertyReference1Impl,1,8,12.5
091acf7d8a2fda0f,androidx/compose/foundation/interaction/InteractionSourceKt,1,1,100.0
ca7212d8753d1bce,androidx/core/view/ViewCompat$Api20Impl,1,4,25.0
4dc1434a36714e7b,androidx/work/impl/model/WorkSpecDao_Impl$13,1,2,50.0
4e3a0f930363745a,kotlinx/coroutines/flow/internal/CombineKt,1,4,25.0
37286d17d2f75e5c,androidx/work/impl/AutoMigration_14_15,1,6,16.67
ac4c14ad8ee0409a,androidx/compose/foundation/layout/WrapContentElement$Companion$size$1,1,3,33.33
5df21d89965980e0,com/google/android/gms/wearable/internal/zzap,1,3,33.33
2ca120e9395543de,com/omelan/cofi/pages/RecipeEditKt$recipeEdit$3,1,56,1.79
b3b68367f991df8a,androidx/compose/ui/platform/ViewLayer$Companion$OutlineProvider$1,1,3,33.33
136d6bb542aa4ca9,kotlinx/coroutines/JobCancellingNode,1,1,100.0
263f43543cd5cf53,androidx/compose/ui/input/rotary/RotaryInputNode,1,11,9.09
8ab4585d1c3399df,androidx/compose/ui/layout/SubcomposeLayoutKt$ReusedSlotId$1,1,2,50.0
8432b94d4b8741eb,com/google/android/gms/common/api/internal/zace,1,1,100.0
9043c1b805db0319,kotlinx/coroutines/flow/internal/ChannelFlowTransformLatest$flowCollect$3$1$emit$1,1,2,50.0
0fd576f00aed4493,com/google/android/gms/wearable/internal/zzao,1,3,33.33
81f9a4f6306fa206,androidx/compose/ui/platform/ViewCompositionStrategy,1,1,100.0
daec8da1979c97af,androidx/compose/foundation/gestures/ScrollableNestedScrollConnection,1,23,4.35
64f4accba43d5b98,androidx/compose/animation/EnterExitTransitionKt$slideOutHorizontally$2,1,3,33.33
e80053ecf9e055b0,androidx/compose/foundation/layout/Arrangement$Bottom$1,1,3,33.33
8e4e33fde7cb2dbb,kotlinx/coroutines/InvokeOnCompletion,1,3,33.33
0709bf7e53091cbd,androidx/compose/foundation/AndroidEdgeEffectOverscrollEffect$effectModifier$1,1,12,8.33
8ced34eed4b83b6b,androidx/compose/ui/platform/AndroidComposeView$focusOwner$3,1,3,33.33
4f2556caa692a8af,com/google/android/gms/wearable/internal/zzig,1,1,100.0
37391d15de9de366,com/omelan/cofi/share/model/AppDatabase_AutoMigration_3_4_Impl,1,5,20.0
65952d0423619c2f,com/google/android/gms/common/api/internal/zabl,1,3,33.33
571880587dbd52fd,androidx/compose/runtime/external/kotlinx/collections/immutable/implementations/immutableList/UtilsKt,1,4,25.0
90238b44569a15f4,androidx/compose/ui/semantics/SemanticsConfigurationKt,1,1,100.0
b104d4b0947f89df,kotlinx/coroutines/flow/internal/AbstractSharedFlowKt,1,1,100.0
babc9f69d89fe569,androidx/lifecycle/SavedStateHandleSupport$VIEW_MODEL_STORE_OWNER_KEY$1,1,1,100.0
3146dcbd41bcd476,androidx/compose/ui/graphics/vector/VectorPainter$vector$1$1,1,6,16.67
a4533c7f7df37d9b,androidx/compose/ui/node/NodeChainKt$fillVector$1,1,4,25.0
8e84975cc8ec0960,kotlinx/coroutines/flow/SharingStarted,1,1,100.0
edd883c577b561f2,androidx/compose/foundation/lazy/layout/LazyLayoutSemanticsModifierNode$indexForKeyMapping$1,1,9,11.11
53735ba494a3842b,kotlinx/coroutines/flow/SharingConfig,1,1,100.0
293769b2525b2ab2,kotlinx/coroutines/JobSupport$AwaitContinuation,1,8,12.5
6981b55cabe48f54,com/google/android/gms/common/internal/zan,1,30,3.33
f4ac0e72be9a1c30,com/omelan/cofi/pages/list/RecipeListKt$recipeList$1$2,1,3,33.33
0fd1a11d43b93502,androidx/compose/runtime/Composer,1,19,5.26
b81042fa480d8a9f,androidx/fragment/app/FragmentManager$10,1,10,10.0
450fcbdfb8d24e9d,kotlin/jvm/internal/MutablePropertyReference0,1,10,10.0
77b7afc4db197bcc,androidx/appcompat/app/AppCompatActivity$1,1,3,33.33
a08109837fe30e4a,androidx/work/impl/model/WorkProgressDao_Impl$2,1,2,50.0
5e80dabb4dea9115,androidx/compose/ui/text/input/TextInputServiceAndroid_androidKt,1,58,1.72
4bfd73f40bf14b2e,com/omelan/cofi/model/DataStore$getLastSeenUpdateNoticeVersion$$inlined$map$1$2$1,1,2,50.0
7bc654e6da7f4d81,androidx/navigation/compose/NavHostKt$NavHost$25$1,1,23,4.35
0ac4e87a7c070640,com/google/android/gms/common/internal/zah,1,3,33.33
f17cdc3b0d2cf896,androidx/compose/ui/platform/TestTagNode,1,4,25.0
95f8b50899d32031,androidx/compose/ui/platform/AndroidComposeView$dragAndDropModifierOnDragListener$1,1,3,33.33
e57ca711211e9a55,androidx/work/impl/WorkDatabase_AutoMigration_13_14_Impl,1,7,14.29
70dadebd59f6eea4,kotlin/jvm/internal/Ref$IntRef,1,2,50.0
59b1d51f2b7c1ea1,androidx/compose/foundation/lazy/layout/LazyLayoutSemanticsModifierNode$updateCachedSemanticsValues$5,1,14,7.14
e86863373adb480a,com/omelan/cofi/share/model/RecipeDao_Impl$2,1,10,10.0
db6c9039cd2abfe8,androidx/activity/ComponentActivity$fullyDrawnReporter$2,1,6,16.67
534cf47cfb84e519,com/omelan/cofi/share/model/RecipeDao_Impl$3,1,2,50.0
fc259e7d2f7cf498,kotlinx/coroutines/StandaloneCoroutine,1,2,50.0
f8c795b4675b73ef,androidx/datastore/core/okio/OkioStorageConnection$readScope$1,1,2,50.0
17b42dbbc8caab1e,com/omelan/cofi/components/PipAwareAppBarKt$InsetAwareTopAppBar$3,1,3,33.33
e298b9d5324dd0ed,androidx/compose/material3/DelegatingThemeAwareRippleNode$attachNewRipple$calculateColor$1,1,11,9.09
3392dbf4b1bfa02f,androidx/compose/ui/graphics/drawscope/EmptyCanvas,1,25,4.0
0857cb3e4b2991b7,androidx/compose/runtime/CompositionKt$CompositionImplServiceKey$1,1,1,100.0
ff617f7e98458269,androidx/navigation/NavType$Companion$ReferenceType$1,1,15,6.67
1aa443fd4d3ece54,androidx/compose/material3/AppBarKt$TwoRowsTopAppBar$appBarDragModifier$1$1,1,3,33.33
5531be0be3b452cc,androidx/profileinstaller/ProfileInstaller$1,1,3,33.33
bdb1dc01151b2ecd,androidx/compose/animation/SplineBasedDecayKt,1,14,7.14
66d92f81be7f6d56,androidx/core/view/WindowCompat$Api30Impl,1,2,50.0
e0a38eb2a71b938e,kotlin/jvm/internal/PropertyReference2Impl,1,6,16.67
fa9825d84e9f2b5b,androidx/core/view/WindowInsetsCompat$BuilderImpl30,1,11,9.09
57ef8fb675447796,androidx/arch/core/executor/TaskExecutor,1,5,20.0
b68c47fa6e37e5cc,androidx/compose/animation/AnimatedContentTransitionScopeImpl$slideIntoContainer$2,1,3,33.33
523840d1f5fbdd83,androidx/work/impl/model/WorkSpecDao_Impl$12,1,2,50.0
3a3db7bf3b2b4c3c,com/omelan/cofi/pages/list/RecipeListHeaderInfoKt$NewUpdateNotice$1,1,5,20.0
b40e6ac3b8a29cf1,androidx/navigation/NavType$Companion$StringArrayType$1,1,25,4.0
71de2104ba17d079,com/google/android/gms/common/internal/ApiExceptionUtil,1,4,25.0
85e1d5639c8f96ba,androidx/compose/ui/text/android/style/LineHeightStyleSpan_androidKt,1,1,100.0
b61f6f5d3aa7f922,kotlin/collections/IntIterator,1,4,25.0
afb660a91ffbaa34,kotlinx/coroutines/InvokeOnCancel,1,4,25.0
c60b56db8890a29e,androidx/compose/animation/AnimatedContentTransitionScopeImpl$slideOutOfContainer$1,1,6,16.67
2077f5f9af5e2036,com/omelan/cofi/ui/ThemeKt$CofiTheme$1,1,3,33.33
282283491c564dd5,androidx/work/impl/model/RawWorkInfoDao_Impl,1,210,0.48
cf811fa0a0a8ea79,androidx/compose/ui/input/pointer/PointerIcon,1,1,100.0
22b6f6e72cbc83c1,com/omelan/cofi/pages/list/RecipeListKt$recipeList$1$1,1,5,20.0
3993b0195c966e31,com/omelan/cofi/share/model/StepDao_Impl$1,1,18,5.56
30f611cb2cc13693,kotlinx/coroutines/DisposeOnCancel,1,4,25.0
911a46758f5d03a7,androidx/core/view/SoftwareKeyboardControllerCompat$Impl30,1,37,2.7
9b6ec71d79f3de21,androidx/compose/foundation/layout/PaddingKt$padding$3,1,4,25.0
7035616fbe89147b,com/google/android/gms/common/api/internal/zacv,1,2,50.0
1731349fda574250,androidx/work/impl/model/SystemIdInfoDao_Impl$3,1,2,50.0
fcdf80fc85a6623c,androidx/compose/ui/focus/FocusPropertiesKt,1,1,100.0
98f73dedd6d22872,com/omelan/cofi/share/model/AppDatabase_AutoMigration_4_5_Impl,1,5,20.0
f38eb46205bd5990,androidx/compose/material3/internal/AnchoredDraggableState$closestValue$2,1,9,11.11
5c0a2caae99f02fd,com/google/android/gms/common/util/concurrent/HandlerExecutor,1,2,50.0
809da22a8ead17d7,com/google/android/gms/common/api/zzb,1,20,5.0
c3b4858fe44219b6,androidx/navigation/compose/DialogHostKt$DialogHost$3,1,3,33.33
f216b9d2a867f876,com/kieronquinn/monetcompat/core/MonetCompat$getWallpaperPrimaryColorCompat$1,1,2,50.0
dfff44e180706756,com/google/android/gms/wearable/internal/zzm,1,1,100.0
b29465a6d97b1200,kotlinx/coroutines/flow/StartedLazily,1,3,33.33
f99b837bfd523bd2,com/google/android/gms/common/api/internal/zai,1,4,25.0
1be1dff4d91f4172,androidx/work/impl/model/WorkNameDao_Impl,1,41,2.44
04dee1545b21422f,androidx/lifecycle/SavedStateHandleSupport$SAVED_STATE_REGISTRY_OWNER_KEY$1,1,1,100.0
37a206bc62becf26,androidx/compose/material3/internal/AnchoredDraggableState$progress$2,1,13,7.69
329fa883d8371e8a,com/google/android/gms/wearable/internal/zzfx,1,74,1.35
1bdc093a944a1a10,androidx/emoji2/text/ConcurrencyHelpers$Handler28Impl,1,2,50.0
92efe90107f460a6,androidx/compose/foundation/gestures/DragGestureNode$pointerInputNode$1,1,14,7.14
103f204cb4c17860,androidx/compose/foundation/lazy/layout/LazyLayoutKeyIndexMap,1,1,100.0
80ad33d36c5b03c8,kotlinx/coroutines/CancelHandlerBase,1,1,100.0
7044c4b8e986818b,androidx/compose/ui/platform/AndroidComposeView$focusOwner$2,1,3,33.33
58198b78aff8e1bb,androidx/compose/foundation/lazy/LazyListKt$LazyList$1,1,3,33.33
9f01d397483b99fa,androidx/compose/runtime/ParcelableSnapshotMutableLongState$Companion$CREATOR$1,1,7,14.29
bf52ea68ac092464,androidx/compose/foundation/lazy/layout/LazySaveableStateHolder$SaveableStateProvider$3,1,3,33.33
a4e16e8feb2edc1e,androidx/work/impl/WorkDatabase_AutoMigration_17_18_Impl,1,3,33.33
4fdfb490041d220c,androidx/compose/ui/node/BackwardsCompatNodeKt$DetachedModifierLocalReadScope$1,1,2,50.0
c591b7a1ac41031c,androidx/compose/animation/core/DecayAnimationSpecImpl,1,2,50.0
c2387465a5430e62,androidx/compose/ui/modifier/ModifierLocalModifierNodeKt,1,36,2.78
e4b14308c167dba3,androidx/work/WorkerFactory$1,1,2,50.0
30f9ec52381f1934,androidx/compose/foundation/gestures/ScrollableKt$DefaultScrollMotionDurationScale$1,1,6,16.67
cfbdabdd896e7086,androidx/compose/foundation/layout/PaddingKt$padding$2,1,5,20.0
81c6c8dd3cfe686c,androidx/emoji2/text/DefaultEmojiCompatConfig$DefaultEmojiCompatConfigHelper,1,4,25.0
87f333ade2098bf8,com/omelan/cofi/pages/settings/CommonKt$settings$2$3,1,9,11.11
1a4a5257e131549c,com/google/android/gms/wearable/internal/zzcz,1,37,2.7
612d96c0375c1d0b,kotlinx/coroutines/BlockingEventLoop,1,2,50.0
f22f9c9e730cc048,com/google/android/gms/common/zzb,1,18,5.56
90751ab43d0809c1,androidx/compose/animation/core/SeekableTransitionState$firstFrameLambda$1,1,3,33.33
7ccd9151cbd51851,com/omelan/cofi/pages/RecipeEditKt$addRecipe$1,1,3,33.33
2acb1dc9abc28284,androidx/compose/ui/graphics/colorspace/Rgb$eotf$1,1,3,33.33
7c24e6d0ef56cbf3,androidx/compose/material3/DelegatingThemeAwareRippleNode$attachNewRipple$calculateRippleAlpha$1,1,6,16.67
b8863ea6a81f5054,androidx/work/impl/model/WorkSpecDao_Impl$14,1,2,50.0
e48f7a7c252525a5,androidx/compose/foundation/lazy/layout/LazyLayoutBeyondBoundsModifierLocal$Companion$emptyBeyondBoundsScope$1,1,2,50.0
3368ba277ec50900,com/google/android/gms/internal/base/zad,1,1,100.0
105ef157b599ca08,androidx/compose/ui/input/key/KeyInputModifierKt,1,2,50.0
b50e64bcdba814ba,kotlin/coroutines/intrinsics/IntrinsicsKt__IntrinsicsKt,1,4,25.0
2c90072deeff3be0,androidx/compose/ui/text/font/FontFamilyResolverImpl$createDefaultTypeface$1,1,3,33.33
652500f3a73d7c41,androidx/core/view/WindowInsetsCompat$Impl29,1,16,6.25
70f066c4ffd8f743,androidx/fragment/app/FragmentContainer,1,2,50.0
7b2a998190b94ca0,com/omelan/cofi/share/model/RecipeDao_Impl$1,1,9,11.11
318b77f69dc0450e,com/google/android/gms/common/internal/Asserts,1,23,4.35
3c00e27cb53d544d,androidx/compose/foundation/lazy/layout/StableValue,1,16,6.25
7f2de4afaceaa875,androidx/compose/ui/node/ComposeUiNode,1,2,50.0
4e192b990f08d5ab,androidx/datastore/core/DataStoreImpl$readDataOrHandleCorruption$1,1,2,50.0
d39a38257720e3b3,androidx/room/migration/Migration,1,1,100.0
c7952ccb22f8d6e2,androidx/fragment/app/FragmentManager$11,1,16,6.25
cdf6c30893f38246,androidx/compose/ui/input/nestedscroll/NestedScrollDispatcher$calculateNestedScrollScope$1,1,3,33.33
b04431d5f32c8dc8,com/omelan/cofi/components/ListInfoBoxKt$RecipeListInfoBox$dismissState$1$1,1,6,16.67
b75de6760c79c22a,androidx/compose/ui/layout/LayoutModifierKt,1,1,100.0
e7c90648f69468b7,androidx/compose/ui/input/nestedscroll/NestedScrollNodeKt,1,1,100.0
c62ee310f2a8e839,androidx/compose/foundation/gestures/ScrollableNode$1,1,3,33.33
3b7dd75a6d3c1ed1,androidx/compose/animation/AnimatedContentKt$AnimatedContent$9,1,3,33.33
