class_id,class_name,probes_hit,probes_total,pct
cd27543128a3a9e5,com/owncloud/android/dependecyinjection/UseCaseModuleKt$useCaseModule$1,994,994,100.0
c8e8239f2a12e383,androidx/constraintlayout/core/widgets/ConstraintWidget,447,1610,27.76
fd0e8a2435afc382,androidx/recyclerview/widget/RecyclerView,352,2264,15.55
ba845fb05849c4e8,androidx/fragment/app/FragmentManager,344,1316,26.14
0925462377bff5c1,com/google/android/material/textfield/TextInputLayout,321,1422,22.57
a355168e63581b16,androidx/constraintlayout/core/widgets/analyzer/Direct,302,645,46.82
dda310cec380118c,androidx/appcompat/app/AppCompatDelegateImpl,298,1183,25.19
2ef7881f7e0c9260,com/owncloud/android/dependecyinjection/ViewModelModuleKt$viewModelModule$1,272,272,100.0
5b404f74a29f4f1c,androidx/constraintlayout/widget/ConstraintLayout,241,598,40.3
f292c4461ce52b59,kotlinx/coroutines/JobSupport,236,750,31.47
6f98267c2dd6b5ee,androidx/drawerlayout/widget/DrawerLayout,210,825,25.45
9a0e4437321bc421,androidx/recyclerview/widget/LinearLayoutManager,208,794,26.2
4b54da6305731117,com/google/android/material/textfield/EndCompoundLayout,198,410,48.29
d7081ad6cc3aa061,com/owncloud/android/dependecyinjection/RemoteDataSourceModuleKt$remoteDataSourceModule$1,198,230,86.09
5feebb286bc06819,com/google/android/material/navigation/NavigationBarItemView,191,392,48.72
26a579d6b2a81b59,androidx/constraintlayout/core/LinearSystem,183,508,36.02
ad626eab3b83883e,com/owncloud/android/dependecyinjection/LocalDataSourceModuleKt$localDataSourceModule$1,182,204,89.22
f424553790275428,androidx/constraintlayout/core/widgets/ConstraintWidgetContainer,179,460,38.91
9a363820b9714f33,androidx/coordinatorlayout/widget/CoordinatorLayout,174,954,18.24
24705cd9209e6113,androidx/appcompat/widget/LinearLayoutCompat,162,625,25.92
2432badeb8edfbc3,com/owncloud/android/providers/FileContentProvider,161,476,33.82
a2afdb6ba6b57de1,com/google/android/material/shape/MaterialShapeDrawable,161,423,38.06
8eb93fbc6021b3f1,androidx/recyclerview/widget/RecyclerView$LayoutManager,151,640,23.59
4d8c3bd8cd45ed74,androidx/fragment/app/Fragment,139,757,18.36
b2a59f238e0c4ef0,com/google/android/material/navigation/NavigationView,138,272,50.74
935eddf731a04b96,androidx/appcompat/widget/SearchView,138,571,24.17
ca93ef5ce7ddbca5,com/owncloud/android/dependecyinjection/RepositoryModuleKt$repositoryModule$1,134,134,100.0
20e1c76dc8a4e786,androidx/constraintlayout/core/ArrayRow,130,311,41.8
7f726bf53cbe70ca,androidx/work/impl/model/WorkSpecDao_Impl,129,1169,11.04
16b5e5fecbd8dfcc,androidx/constraintlayout/core/widgets/analyzer/BasicMeasure,124,274,45.26
6bd15b036d2fdffd,com/google/android/material/navigation/NavigationBarMenuView,121,347,34.87
0b6aa382af71ab31,androidx/recyclerview/widget/RecyclerView$Recycler,118,554,21.3
afa5a7193a493c73,androidx/constraintlayout/core/ArrayLinkedVariables,118,201,58.71
59b409c26a1ae9a5,androidx/appcompat/widget/AppCompatTextHelper,118,379,31.13
523c6cb141b68c0e,com/google/android/material/shape/ShapeAppearancePathProvider,108,127,85.04
1e7d54e1ebe45f60,androidx/appcompat/view/menu/MenuBuilder,107,527,20.3
01e9402e111b2071,com/owncloud/android/presentation/authentication/LoginActivity,106,726,14.6
902841575ccf25be,kotlinx/coroutines/scheduling/CoroutineScheduler$Worker,100,187,53.48
e1aa900aaccfb268,androidx/lifecycle/LifecycleRegistry,100,137,72.99
1068b5a520d689b0,com/owncloud/android/ui/activity/FileDisplayActivity,97,1027,9.44
93020481f0aa0234,androidx/constraintlayout/widget/ConstraintLayout$Measurer,96,193,49.74
a1c2caab55c02b27,com/google/android/material/appbar/AppBarLayout,95,445,21.35
48968a53f7fe88db,androidx/room/RoomDatabase,93,230,40.43
034b0d1e87ce2516,kotlinx/coroutines/CancellableContinuationImpl,93,325,28.62
57497a38ebe02467,kotlinx/coroutines/scheduling/CoroutineScheduler,90,291,30.93
5afe8c47c5d2557e,com/google/android/material/shape/ShapeAppearanceModel,87,118,73.73
55b2443c727acb99,androidx/fragment/app/FragmentStore,87,224,38.84
c22f5e8081d6f161,androidx/fragment/app/FragmentStateManager,85,430,19.77
f08b5c1e8e33af33,androidx/activity/ComponentActivity,83,203,40.89
795f3bd8e006815f,androidx/core/view/ViewCompat,82,884,9.28
91bb45948d1149b3,com/google/android/material/navigation/NavigationBarView,80,167,47.9
833c5b29d39e6b38,com/google/android/material/internal/CollapsingTextHelper,79,553,14.29
c22f0c0e72644a19,androidx/core/widget/NestedScrollView,79,913,8.65
b3742666264f95b3,androidx/appcompat/widget/Toolbar,79,911,8.67
a42b5cb8755a01fe,com/google/android/material/internal/NavigationMenuPresenter,75,141,53.19
c44ece824a81f3ed,com/owncloud/android/ui/activity/DrawerActivity,73,305,23.93
9358a7ea57a2e43d,androidx/appcompat/widget/AppCompatTextView,70,221,31.67
62dc58c50e3466f0,androidx/appcompat/view/menu/MenuItemImpl,69,297,23.23
dc9c4ce49f6bafb6,com/owncloud/android/dependecyinjection/CommonModuleKt$commonModule$1,67,81,82.72
52985b315c78b3fa,com/google/android/material/internal/NavigationMenuItemView,66,118,55.93
246db4a645312647,com/google/android/material/shape/ShapeAppearanceModel$Builder,64,108,59.26
d0773c01b8739005,androidx/constraintlayout/widget/ConstraintLayout$LayoutParams,63,226,27.88
2c99810f99a4d755,androidx/fragment/app/FragmentActivity,62,112,55.36
0b21de17d9a6d164,com/google/android/material/shape/ShapePath,61,113,53.98
e270e2a644787839,androidx/constraintlayout/widget/ConstraintLayout$LayoutParams$Table,60,61,98.36
0eb7289215c09f75,androidx/appcompat/app/AppCompatViewInflater,60,173,34.68
d86ada52df5298c3,androidx/appcompat/view/SupportMenuInflater$MenuState,60,111,54.05
c399b35859a6566f,com/google/android/material/internal/NavigationMenuPresenter$NavigationMenuAdapter,60,203,29.56
fb6b2037120951f0,com/google/android/material/bottomnavigation/BottomNavigationMenuView,59,77,76.62
5958734fbbdc1762,androidx/emoji2/text/SpannableBuilder,59,102,57.84
dd64e0e6543fe255,androidx/core/content/res/ColorStateListInflaterCompat,58,96,60.42
63724b760f68943d,androidx/startup/AppInitializer,58,86,67.44
b610ff34201c216a,androidx/collection/ArraySet,58,249,23.29
fc9ea3fbe0723046,androidx/appcompat/widget/ResourceManagerInternal,57,221,25.79
582a160e0161fe55,com/google/android/material/textfield/StartCompoundLayout,57,146,39.04
43fc1c4a1769f05c,androidx/core/content/res/ResourcesCompat,55,140,39.29
a4e0c54ff7fb4ff6,com/owncloud/android/data/OwncloudDatabase_Impl,53,125,42.4
dae5e4d9fed9e1c7,androidx/constraintlayout/core/widgets/Chain,50,254,19.69
78f849e66498b6ed,androidx/emoji2/text/EmojiCompat,50,159,31.45
7e6bb33990153864,androidx/room/InvalidationTracker,49,216,22.69
a665a11b9f131cce,androidx/work/impl/WorkManagerImpl,48,188,25.53
2028c285b3bcd9d9,androidx/appcompat/app/AppCompatActivity,47,140,33.57
00e5beb6e3e04722,com/owncloud/android/lib/common/utils/OCFileLoggingTree,47,100,47.0
d8f3489b5b0a0848,androidx/work/impl/WorkDatabase_Impl,47,122,38.52
b5720dc6f96404ef,androidx/work/impl/utils/ForceStopRunnable,46,123,37.4
473c9b65a28bf637,kotlinx/coroutines/internal/LockFreeLinkedListNode,45,140,32.14
effc93f28c6dd094,androidx/room/RoomDatabase$Builder,44,118,37.29
16a8550ef9e7230b,androidx/collection/SimpleArrayMap,44,268,16.42
bf87c78f804b33b0,kotlinx/coroutines/DispatchedTask,43,91,47.25
a4a2e4a20660a297,com/google/android/material/resources/TextAppearance,43,104,41.35
56cdcabc792e06bc,androidx/core/content/FileProvider,43,126,34.13
7812dd059292cb42,androidx/localbroadcastmanager/content/LocalBroadcastManager,43,127,33.86
f32d671967656a35,kotlinx/coroutines/channels/AbstractSendChannel,43,262,16.41
40e9a0c91aff0b99,kotlinx/coroutines/channels/AbstractChannel,42,177,23.73
cce70f89aa0ec8cd,org/koin/core/registry/InstanceRegistry,41,204,20.1
37e08b337711e5ad,androidx/recyclerview/widget/RecyclerView$ViewHolder,41,172,23.84
e2ea0428be97d0c2,androidx/lifecycle/ReportFragment,41,51,80.39
fce4a663859fcfdc,androidx/sqlite/db/framework/FrameworkSQLiteOpenHelper$OpenHelper,41,110,37.27
e33f882e3a5bd8eb,androidx/appcompat/widget/AppCompatEditText,41,113,36.28
9bc2224600b21cf1,kotlinx/coroutines/DispatchedTaskKt,40,90,44.44
4f569f11d1a7c901,com/google/android/material/internal/ForegroundLinearLayout,39,83,46.99
4d965a20621b5368,androidx/constraintlayout/core/PriorityGoalRow,39,57,68.42
1bbdec020736a791,androidx/appcompat/widget/AppCompatImageHelper,38,99,38.38
4e8edba539bf6022,kotlinx/coroutines/internal/DispatchedContinuation,38,186,20.43
cd274f694f84706d,androidx/core/view/ViewCompat$UnhandledKeyEventManager,38,110,34.55
d81a6a990b19726b,androidx/appcompat/graphics/drawable/DrawerArrowDrawable,37,123,30.08
c0b8d8536f1fd35d,timber/log/Timber$Forest,37,157,23.57
14e7c6c627c43b23,androidx/activity/result/ActivityResultRegistry,37,120,30.83
193db44406d3dd0c,androidx/constraintlayout/core/widgets/ConstraintAnchor,36,180,20.0
70331ed08e609804,com/owncloud/android/MainApp$onCreate$1,36,61,59.02
66f882bee85961c9,kotlin/collections/CollectionsKt___CollectionsKt,36,1799,2.0
4ad3afcc3838e514,androidx/core/view/WindowInsetsCompat$Impl20,35,125,28.0
f62eeb29f97a8c2c,androidx/appcompat/widget/TintTypedArray,35,62,56.45
bcf0558705ac445c,kotlinx/coroutines/internal/DispatchedContinuationKt,35,145,24.14
ff380436bb595412,com/jakewharton/disklrucache/DiskLruCache,34,287,11.85
25cad9931e7defb6,androidx/appcompat/widget/AppCompatAutoCompleteTextView,34,95,35.79
9536f101fc91b14e,androidx/appcompat/app/AppCompatDelegateImpl$AppCompatWindowCallback,34,81,41.98
6120c23f1960e8a1,androidx/fragment/app/FragmentLifecycleCallbacksDispatcher,34,182,18.68
9c2537bb36c397d3,com/owncloud/android/ui/activity/FileActivity,33,158,20.89
9c57694d3c845410,com/google/android/material/internal/BaselineLayout,33,43,76.74
849aa1034364476b,com/owncloud/android/databinding/AccountSetupBinding,33,62,53.23
42baad1ba6f90c47,androidx/core/view/WindowInsetsCompat,32,115,27.83
36fcb33a08e83245,kotlinx/coroutines/EventLoop,32,55,58.18
e3233f9c63280f90,androidx/fragment/app/BackStackRecord,31,301,10.3
1c1ce4dc3f3d9a8a,androidx/room/InvalidationTracker$refreshRunnable$1,31,95,32.63
f3505722758fef0e,androidx/appcompat/view/SupportMenuInflater,31,66,46.97
8f2bbda53e0d9fde,androidx/constraintlayout/core/widgets/ChainHead,31,89,34.83
18bfcce155c2c154,androidx/arch/core/internal/SafeIterableMap,31,73,42.47
1007444e921bf4fd,androidx/work/impl/WorkDatabase_Impl$1,31,151,20.53
de7a73a44f6bac08,com/google/android/material/bottomnavigation/BottomNavigationView,31,52,59.62
811062791b3c7647,com/owncloud/android/ui/activity/ToolbarActivity,30,103,29.13
8fc35169a2060de8,androidx/recyclerview/widget/DefaultItemAnimator,30,349,8.6
6c3956f53ad53d3b,timber/log/Timber$Tree,30,71,42.25
0b7531a5da895243,androidx/savedstate/SavedStateRegistry,30,80,37.5
cf468517b8ba0734,androidx/lifecycle/ProcessLifecycleOwner,29,37,78.38
c8d8165fa945be39,kotlinx/coroutines/EventLoopImplBase,29,168,17.26
af9b61d318e65139,androidx/lifecycle/LiveData,29,95,30.53
7f1a5328ede3f31f,kotlinx/coroutines/flow/StateFlowImpl,29,91,31.87
5a4b4fb0ebdeba6c,com/google/android/material/textfield/IndicatorViewController,29,295,9.83
e01a37a6825ee19a,androidx/coordinatorlayout/widget/DirectedAcyclicGraph,29,71,40.85
4aae33ce5c0e7ee3,androidx/appcompat/widget/AppCompatButton,29,137,21.17
3253a9933db3c8f4,com/google/android/material/textfield/IconHelper,29,67,43.28
0834f04cc5eeb84c,androidx/recyclerview/widget/RecyclerView$RecycledViewPool,29,91,31.87
4652d03833d3ef03,androidx/work/impl/WorkDatabase$Companion,29,32,90.62
f9016ce84e395a37,androidx/room/RoomOpenHelper,28,87,32.18
902890131de733d9,com/owncloud/android/MainApp,28,51,54.9
b32a0b9cbcbb31d2,androidx/constraintlayout/core/SolverVariable,28,72,38.89
9d497991affa2f7c,kotlin/text/StringsKt__StringsKt,28,909,3.08
7a0fecb02115ad76,androidx/appcompat/widget/AppCompatImageView,28,84,33.33
e4db46affb9b4bb5,androidx/transition/TransitionSet,28,233,12.02
a6a651099e7227b7,androidx/recyclerview/widget/ChildHelper,28,93,30.11
063e142d7ee0bf4d,androidx/appcompat/widget/AppCompatCheckedTextView,27,101,26.73
e9aea1608ec3fb78,androidx/work/impl/background/systemjob/SystemJobScheduler,27,180,15.0
b1b7bb2fdb4d182b,androidx/appcompat/view/ContextThemeWrapper,27,55,49.09
ffcb5cd392e1f7f8,androidx/coordinatorlayout/widget/CoordinatorLayout$LayoutParams,26,113,23.01
457b1c8cd5c0e707,androidx/recyclerview/widget/AdapterHelper,26,261,9.96
9b07b4aef28d3e54,androidx/appcompat/widget/AppCompatTextViewAutoSizeHelper,26,277,9.39
32895140dbf18ef4,timber/log/Timber$DebugTree,26,48,54.17
bf353abe0894cc29,kotlinx/coroutines/internal/LimitedDispatcher,26,57,45.61
e1be7d7e0470719f,com/google/android/material/shape/ShapePath$PathArcOperation,26,32,81.25
e2fd916b9357373c,com/facebook/stetho/inspector/elements/android/ActivityTracker,26,48,54.17
82dac8e8f67b4119,com/google/android/material/navigation/NavigationView$2,25,42,59.52
6aca13181a6ae64f,org/koin/core/Koin,25,194,12.89
c574479cbf077eb2,androidx/constraintlayout/core/PriorityGoalRow$GoalVariableAccessor,25,46,54.35
cb81c30b2710eb67,androidx/appcompat/widget/ContentFrameLayout,25,93,26.88
e1d3f01f219ed0aa,androidx/appcompat/app/AppCompatDelegateImpl$PanelFeatureState,25,52,48.08
19d03149cdb1c37a,androidx/constraintlayout/core/widgets/Optimizer,24,30,80.0
8ffed49275d6901a,androidx/appcompat/widget/AppCompatImageButton,24,81,29.63
b8c3572915a5a66b,androidx/sqlite/db/framework/FrameworkSQLiteDatabase,24,126,19.05
6bde552350832aad,com/owncloud/android/presentation/files/operations/FileOperationsViewModel,23,129,17.83
af482166b57f927f,org/koin/core/definition/BeanDefinition,23,84,27.38
3b0cd3b7aad5a025,com/owncloud/android/presentation/security/passcode/PassCodeManager,23,47,48.94
a2d3dc9e253c6d4f,androidx/recyclerview/widget/RecyclerView$Adapter,23,62,37.1
463e1f2829370cf4,androidx/fragment/app/FragmentManagerViewModel,23,156,14.74
b7b701aa725d9c98,com/owncloud/android/presentation/security/biometric/BiometricManager,23,52,44.23
4e07530921555e37,kotlinx/coroutines/internal/LockFreeTaskQueueCore,23,100,23.0
37c03958bb82dbc7,com/google/android/material/internal/ThemeEnforcement,22,57,38.6
88e7ab517f3548ce,androidx/fragment/app/FragmentState,22,89,24.72
9191fbf3387bfead,com/owncloud/android/presentation/security/pattern/PatternManager,22,40,55.0
294254553c93d914,com/google/android/material/textfield/PasswordToggleEndIconDelegate,22,50,44.0
24e7700d16bb7a35,kotlinx/coroutines/flow/FlowKt__ChannelsKt,22,41,53.66
5091e4259b1a4c5f,androidx/work/Configuration,21,35,60.0
a992f2eb52afa082,androidx/fragment/app/FragmentActivity$HostCallbacks,21,44,47.73
6debd27adb2f18df,androidx/appcompat/app/AppCompatDelegate,21,46,45.65
e6c3eb535f9ed4c0,androidx/lifecycle/ViewModelProvider,21,36,58.33
13e43b7f8231c77c,androidx/recyclerview/widget/OrientationHelper$2,21,25,84.0
84d7e95ea229711f,androidx/room/RoomSQLiteQuery,21,51,41.18
9b0b3fb5e0b1846a,androidx/appcompat/widget/AppCompatBackgroundHelper,20,85,23.53
7a89da6eeef9f404,androidx/room/Room,20,41,48.78
ac5902b83007725e,androidx/lifecycle/RepeatOnLifecycleKt$repeatOnLifecycle$3$1,20,41,48.78
5073f6f6089fb0cf,kotlin/text/StringsKt__StringsJVMKt,20,348,5.75
fc75ab2cfd73782f,kotlinx/coroutines/BuildersKt__Builders_commonKt,20,46,43.48
169d4e427efcd557,com/owncloud/android/ui/activity/BaseActivity,20,75,26.67
865dfc273c2cd5e4,com/owncloud/android/dependecyinjection/ViewModelModuleKt$viewModelModule$1$28,20,20,100.0
eb858d74ad4067c8,com/owncloud/android/presentation/authentication/AuthenticationViewModel,20,86,23.26
dbc7962cb6036e64,androidx/lifecycle/Lifecycle$Event,20,31,64.52
822a66e568b382b9,kotlinx/coroutines/JobSupport$Finishing,20,48,41.67
8221054860b620c8,androidx/appcompat/widget/SearchView$SearchAutoComplete,19,87,21.84
14918843ecc773c1,kotlin/collections/builders/MapBuilder,19,252,7.54
e623c308166e1432,com/owncloud/android/providers/MdmProvider,19,83,22.89
3c03ac5b4691330f,com/owncloud/android/dependecyinjection/ViewModelModuleKt$viewModelModule$1$invoke$$inlined$viewModelOf$default$22,19,19,100.0
8409ee93f44b2950,kotlinx/coroutines/BlockingCoroutine,19,42,45.24
652d7e278520d057,androidx/appcompat/app/ActionBarDrawerToggle,19,96,19.79
bc1ad8855ba1aad4,kotlinx/coroutines/flow/internal/AbstractSharedFlow,19,52,36.54
84efec3d81c36832,com/owncloud/android/MainApp$Companion,19,33,57.58
d16051edf8672298,androidx/room/SharedSQLiteStatement,19,21,90.48
fdef7c77f9b6db85,kotlinx/coroutines/intrinsics/UndispatchedKt,18,145,12.41
bc51ae471e8470d3,org/koin/core/module/Module,18,125,14.4
044e4fb9decaee74,kotlinx/coroutines/flow/StateFlowSlot,18,48,37.5
fc7836a7937730d5,androidx/work/impl/Schedulers,18,62,29.03
d628156a0509bc2f,androidx/lifecycle/SavedStateHandleSupport,18,48,37.5
21c7fbbd2d6c8c5d,androidx/emoji2/viewsintegration/EmojiTextViewHelper$HelperInternal19,18,48,37.5
1018b0781bfa68f7,androidx/core/view/inputmethod/EditorInfoCompat,18,122,14.75
3fb64d32bada886f,androidx/sqlite/util/ProcessLock,18,29,62.07
4d0e68a7280953bf,androidx/room/RoomDatabase$MigrationContainer,18,65,27.69
22a1fed77c653162,com/owncloud/android/data/providers/implementation/OCSharedPreferencesProvider,18,26,69.23
4bbb39a90f40a4b9,com/google/android/material/theme/overlay/MaterialThemeOverlay,18,26,69.23
af6580bb92ccea7e,com/owncloud/android/presentation/authentication/AccountAuthenticator,18,137,13.14
45f74ca36613ef6d,androidx/sqlite/db/framework/FrameworkSQLiteOpenHelper$lazyDelegate$1,18,29,62.07
d0c390f94e792795,kotlin/coroutines/CombinedContext,17,45,37.78
d728ea49b4a4fed5,org/koin/core/registry/ScopeRegistry,17,59,28.81
6789aedb9ef9de08,kotlinx/coroutines/internal/FastServiceLoader,17,126,13.49
4ecac02909a18592,com/owncloud/android/data/OwncloudDatabase,17,17,100.0
13ac4e1f583b3202,org/koin/core/scope/Scope,17,259,6.56
c370fdf90aeaca5c,androidx/fragment/app/strictmode/FragmentStrictMode,17,150,11.33
5b864ba2b1a9f5df,androidx/tracing/Trace,17,71,23.94
b8d94d8237136c3f,kotlinx/coroutines/JobSupportKt,17,30,56.67
82fa1fbb4de56ab5,kotlinx/coroutines/AbstractCoroutine,17,24,70.83
3ffc32eea32f398f,androidx/arch/core/internal/SafeIterableMap$IteratorWithAdditions,17,20,85.0
62c8b5834e70e99f,com/owncloud/android/db/PreferenceManager,17,73,23.29
cf69db34ec53ee39,androidx/constraintlayout/core/widgets/ConstraintWidget$1,16,29,55.17
9c4e1d841010bfd7,androidx/recyclerview/widget/RecyclerView$5,16,46,34.78
ea91912e74904560,com/google/android/material/resources/MaterialResources,16,67,23.88
ba5e9b72d184d06e,com/google/android/material/internal/CheckableImageButton,16,37,43.24
b48fb50eaecec9e7,androidx/appcompat/widget/TooltipCompatHandler,16,85,18.82
f743d0fa0c430498,androidx/work/impl/constraints/trackers/Trackers,16,23,69.57
7bd94b80011d66b3,com/owncloud/android/extensions/ActivityExtKt,16,301,5.32
141607b7216708b3,org/koin/androidx/viewmodel/GetViewModelKt,16,31,51.61
d6b0b8c8f52d2e4e,androidx/recyclerview/widget/ChildHelper$Bucket,16,61,26.23
a9563e824cd95f04,androidx/work/impl/model/PreferenceDao_Impl,16,30,53.33
6a6be5e39378cd1f,androidx/customview/widget/ViewDragHelper,16,507,3.16
56a0f12449ff7b6d,androidx/savedstate/SavedStateRegistryController,16,25,64.0
85d13e39c485027a,androidx/appcompat/view/menu/ListMenuPresenter,16,62,25.81
ab9f4c56adfecb34,androidx/work/Logger,16,18,88.89
bd036b3276e3ea64,androidx/core/view/MenuHostHelper,16,53,30.19
d02b9a5b9574c9cf,com/google/android/material/textfield/TextInputEditText,15,87,17.24
c89e850316e29da3,org/koin/core/context/GlobalContext,15,44,34.09
b2504b747b466fc8,androidx/emoji2/viewsintegration/EmojiTextWatcher,15,49,30.61
b88938e3d77f9b8a,com/owncloud/android/presentation/sharing/sharees/UsersAndGroupsSearchProvider,15,164,9.15
8ecfaf9b6e030001,com/google/android/material/shadow/ShadowRenderer,15,57,26.32
264310a16709b932,androidx/transition/Transition,15,773,1.94
2d4c235eaa283086,com/google/android/material/navigation/NavigationBarPresenter,15,29,51.72
87f7add90ef90709,androidx/core/view/WindowInsetsCompat$Impl,15,47,31.91
df5e165de20cf17d,kotlinx/coroutines/sync/MutexImpl,15,153,9.8
cf2b6e8578b7140f,org/koin/core/instance/InstanceFactory,15,39,38.46
2a19cf378c5a6475,androidx/lifecycle/Lifecycle$1,15,27,55.56
09f107e66dffa14f,androidx/fragment/app/FragmentController,15,52,28.85
33d1f8b63e0721a5,kotlinx/coroutines/android/HandlerContext,15,50,30.0
90093b57777a630b,kotlinx/coroutines/CompletionStateKt,15,26,57.69
877f39cd973392c1,com/google/android/material/internal/ScrimInsetsFrameLayout$1,15,18,83.33
76f33b1ef822984f,androidx/emoji2/text/SpannableBuilder$WatcherWrapper,15,25,60.0
12c3edae18eadda0,androidx/appcompat/widget/AppCompatCheckedTextViewHelper,14,58,24.14
583b3c161e09e65d,com/owncloud/android/providers/LogsProvider,14,17,82.35
d80ea139acfb7159,androidx/fragment/app/FragmentTransaction,14,112,12.5
9e9ada5382e69f92,androidx/appcompat/widget/ViewUtils,14,34,41.18
1523e77ab1155c62,com/google/android/material/internal/ScrimInsetsFrameLayout,14,51,27.45
0634de63ea452acd,com/owncloud/android/presentation/authentication/oauth/OAuthUtils,14,14,100.0
4a90ebebcfe24ec1,kotlinx/coroutines/channels/AbstractChannel$ReceiveElement,14,24,58.33
f73f55172e500857,androidx/room/RoomSQLiteQuery$Companion,14,30,46.67
84447fd5a51f3d70,kotlinx/coroutines/internal/ResizableAtomicArray,14,15,93.33
45a5f9380e1f884c,androidx/core/os/TraceCompat,14,53,26.42
f2ce4c00bc521baa,kotlinx/coroutines/flow/internal/ChannelFlow,14,56,25.0
6a258ff436f35024,kotlin/coroutines/jvm/internal/BaseContinuationImpl,14,27,51.85
0cd6e4fed758fb5e,com/owncloud/android/data/files/db/FileDao_Impl,14,1810,0.77
4541d6ffb605a488,com/owncloud/android/dependecyinjection/UseCaseModuleKt$useCaseModule$1$invoke$$inlined$factoryOf$default$110,14,14,100.0
0aadaef98c4393c6,androidx/appcompat/widget/AppCompatDrawableManager,14,21,66.67
3a4143bbdf8e4e33,androidx/sqlite/db/framework/FrameworkSQLiteOpenHelper,14,30,46.67
c38da36296940935,com/facebook/stetho/common/ProcessUtil,14,23,60.87
bc2fc9d53317c2ba,org/koin/android/ext/koin/KoinExtKt$androidContext$1,13,15,86.67
bfa09f273ef99f30,androidx/work/impl/model/SystemIdInfoDao_Impl,13,74,17.57
c70020e39b0fde92,androidx/core/view/WindowInsetsCompat$BuilderImpl20,13,39,33.33
79195bf2c8f12c89,androidx/emoji2/text/EmojiCompatInitializer,13,14,92.86
f9dbdebf28b78f8a,kotlinx/coroutines/CoroutineStart,13,24,54.17
9aee92ffefa7ef96,androidx/emoji2/viewsintegration/EmojiEditableFactory,13,17,76.47
f28d3f1d34ad4100,androidx/core/view/KeyEventDispatcher,13,74,17.57
59db686b8ececa5b,org/koin/core/instance/SingleInstanceFactory,13,19,68.42
2d7b31fdb3dc643f,androidx/constraintlayout/core/widgets/WidgetContainer,13,49,26.53
c53d75c3701f870c,com/owncloud/android/datamodel/ThumbnailsCacheManager$InitDiskCacheTask,13,18,72.22
22350b4288c2423f,androidx/core/view/WindowInsetsCompat$Impl21,13,14,92.86
afaf17de8b2fbac7,kotlinx/coroutines/internal/MainDispatcherLoader,13,31,41.94
1abc6c36a3d82e3b,androidx/appcompat/widget/SearchView$PreQAutoCompleteTextViewReflector,13,33,39.39
19ed1ec1382980fb,androidx/lifecycle/SavedStateHandlesProvider,13,37,35.14
210ad98b29daf94b,androidx/appcompat/app/AppCompatDelegateImpl$ActionBarDrawableToggleImpl,13,22,59.09
dd31e714fabf7265,com/owncloud/android/data/OwncloudDatabase$Companion,13,20,65.0
1f1a578a0db727b6,com/facebook/stetho/server/LocalSocketServer,13,49,26.53
ac80b735519ae1e8,com/google/android/material/navigation/NavigationBarItemView$ActiveIndicatorTransform,13,13,100.0
0c178a643b5cff23,com/google/android/material/appbar/AppBarLayout$LayoutParams,13,30,43.33
70cbde7fc629c76c,androidx/sqlite/db/SupportSQLiteOpenHelper$Configuration$Builder,13,21,61.9
c66b0f39391f22cd,kotlin/coroutines/jvm/internal/ContinuationImpl,13,18,72.22
162d7d6eec1be6ed,com/owncloud/android/MainApp$Companion$initDependencyInjection$1,13,13,100.0
1ace9f50706d6208,androidx/emoji2/text/DefaultEmojiCompatConfig$DefaultEmojiCompatConfigFactory,13,40,32.5
11df44fac514db87,androidx/room/RoomOpenHelper$Companion,12,40,30.0
13c118ac72a7512a,com/owncloud/android/presentation/documentsprovider/DocumentsStorageProvider,12,341,3.52
63ced82711dde2c3,kotlinx/coroutines/internal/SystemPropsKt__SystemProps_commonKt,12,24,50.0
67fa13a9396a6c30,androidx/lifecycle/RepeatOnLifecycleKt$repeatOnLifecycle$3$1$1$1$1,12,22,54.55
184a29a51a90e2ca,com/owncloud/android/presentation/releasenotes/ReleaseNotesActivity$Companion,12,27,44.44
f6b1d15226c622c6,androidx/core/view/MenuItemCompat,12,87,13.79
aaa5509a1ee17dbb,androidx/core/view/ViewConfigurationCompat,12,38,31.58
53c76920e5fae6ac,androidx/fragment/app/FragmentManagerState,12,24,50.0
1b79341a6f05c3ad,com/google/android/material/elevation/ElevationOverlayProvider,12,44,27.27
b6d4ac0ab6fbba6f,com/google/android/material/textfield/EndCompoundLayout$EndIconDelegates,12,16,75.0
6ae13d0cead9e653,kotlin/coroutines/CoroutineContext$Element$DefaultImpls,12,12,100.0
ffc8be8dec3cce11,androidx/work/impl/constraints/WorkConstraintsTrackerImpl,12,68,17.65
c5eb88f84585d145,kotlinx/coroutines/DebugKt,12,32,37.5
65c37f83fb120b7d,androidx/work/impl/model/WorkProgressDao_Impl,12,49,24.49
768fe1c516c31734,kotlinx/coroutines/sync/MutexKt,12,55,21.82
c52e1f5bbf0c2dd3,kotlinx/coroutines/flow/SharedFlowKt,12,43,27.91
cdc2b8fce4024a81,com/owncloud/android/JacocoInstrument/JacocoInstrumentation,12,53,22.64
b5e0cdda81e99207,androidx/appcompat/widget/AppCompatEmojiEditTextHelper,12,18,66.67
9ea6a616f04bf779,androidx/work/impl/utils/SerialExecutorImpl,12,19,63.16
217136c9ea47f3fa,com/owncloud/android/presentation/migration/StorageMigrationActivity$Companion,12,32,37.5
aca4d5a2d7c1f094,com/owncloud/android/lib/common/utils/OCFileLoggingTree$log$1,11,15,73.33
4f2aafdb20b57800,kotlinx/coroutines/channels/ProduceKt,11,65,16.92
81a18b302308b809,androidx/emoji2/viewsintegration/EmojiKeyListener,11,13,84.62
0a67d61c508a0ec6,androidx/sqlite/util/ProcessLock$Companion,11,13,84.62
d742864bf7ba8e72,kotlinx/coroutines/BuildersKt__BuildersKt,11,23,47.83
5950a99a54253744,androidx/work/impl/CleanupCallback,11,12,91.67
6f527f31082a8b07,androidx/appcompat/widget/ViewStubCompat,11,44,25.0
1806e6dcfbde84c4,kotlin/SynchronizedLazyImpl,11,20,55.0
05966d17d06cdaeb,androidx/arch/core/executor/ArchTaskExecutor,11,19,57.89
c598e4053f94eb41,androidx/emoji2/text/EmojiCompatInitializer$BackgroundDefaultLoader,11,13,84.62
96460e3771f61d11,androidx/core/graphics/TypefaceCompatApi24Impl,11,56,19.64
567b6f18d9f70d48,kotlinx/coroutines/scheduling/WorkQueue,11,103,10.68
cf51f4aa376bd1b7,kotlinx/coroutines/flow/FlowKt__ContextKt,11,44,25.0
ca9672474f747049,androidx/activity/OnBackPressedDispatcher$LifecycleOnBackPressedCancellable,11,16,68.75
4879d65a91e9148c,androidx/collection/ContainerHelpers,11,27,40.74
8a643034c3c3f2ff,kotlin/coroutines/CoroutineContext$plus$1,11,12,91.67
4319021384cfb6e4,com/owncloud/android/data/transfers/db/TransferDao_Impl,11,345,3.19
47ef186305323a2f,com/google/android/material/shape/MaterialShapeUtils,11,18,61.11
a2f4508f0725fb95,androidx/appcompat/view/WindowCallbackWrapper,11,29,37.93
5682fe21b7397fe6,kotlinx/coroutines/CoroutineContextKt,11,71,15.49
722634dccfd4d539,com/google/android/material/textfield/EndIconDelegate,11,24,45.83
c6c386e1d449cd8c,androidx/core/view/ViewCompat$Api21Impl,11,40,27.5
e9fa5f0871caf65d,androidx/lifecycle/ViewModel,11,49,22.45
1c63d63272b1bd66,androidx/room/RoomDatabase$JournalMode,11,18,61.11
b6373fd25590a453,org/koin/mp/KoinPlatformTools,10,28,35.71
0cb5ecc168583802,com/owncloud/android/dependecyinjection/ViewModelModuleKt$viewModelModule$1$invoke$$inlined$viewModelOf$default$3,10,10,100.0
dd5219cc2b9e226f,kotlinx/coroutines/internal/LockFreeTaskQueue,10,22,45.45
0281cf7f03bfaced,com/owncloud/android/providers/FileContentProvider$DataBaseHelper,10,397,2.52
69c5ee1644a33d84,com/owncloud/android/providers/CoroutinesDispatcherProvider,10,35,28.57
6b7c3cced6f3bd58,com/google/android/material/shape/ShapePath$PathLineOperation,10,10,100.0
244f8932b2399948,androidx/activity/contextaware/ContextAwareHelper,10,14,71.43
482b054e11f4fd1b,kotlin/jvm/internal/Intrinsics,10,127,7.87
22de35a5d02e72fb,kotlin/reflect/jvm/internal/ConcurrentHashMapCache,10,12,83.33
af1394f4946e3fed,androidx/arch/core/internal/SafeIterableMap$ListIterator,10,21,47.62
90132c60e787144d,androidx/lifecycle/Lifecycle$State,10,11,90.91
fdec9e6e97bd656b,com/owncloud/android/presentation/authentication/LoginActivity$special$$inlined$viewModel$default$1,10,12,83.33
bf5e29d5fca938b3,org/koin/core/KoinApplication,10,37,27.03
8df9fafc3e34d148,androidx/lifecycle/LifecycleCoroutineScopeImpl,10,15,66.67
1b8d4029ad20ab54,com/owncloud/android/ui/activity/FileDisplayActivity$special$$inlined$viewModel$default$1,10,12,83.33
2ccdbab2f7d6b0e9,androidx/core/view/ViewCompat$Api21Impl$1,10,13,76.92
6b98a3415be485bc,kotlin/collections/builders/SetBuilder,10,33,30.3
b75a1dc87d73fd4e,androidx/fragment/app/strictmode/FragmentStrictMode$Flag,10,12,83.33
ac68075fc9b2214d,androidx/appcompat/widget/AppCompatDrawableManager$1,10,152,6.58
32000a3bcabbb650,com/owncloud/android/presentation/authentication/AccountUtils,10,98,10.2
2be46ed815aff12c,org/koin/dsl/DefinitionBindingKt,10,14,71.43
ccc7fe333cb2dd77,androidx/core/app/ComponentActivity,10,50,20.0
7f9c2a2afe5cdbf3,kotlinx/coroutines/CoroutineDispatcher,10,13,76.92
b8286f8a5a6850dd,com/owncloud/android/ui/activity/DrawerActivity$special$$inlined$viewModel$default$1,10,12,83.33
6c74cefd35d3d1a7,androidx/constraintlayout/core/Pools$SimplePool,9,18,50.0
473811538d2ca14f,kotlinx/coroutines/ThreadLocalEventLoop,9,10,90.0
993676457067e2f3,kotlin/collections/builders/MapBuilder$Companion,9,9,100.0
84653c4f7f989262,com/owncloud/android/domain/sharing/shares/model/ShareType,9,13,69.23
89789633fed24d75,androidx/fragment/app/strictmode/FragmentStrictMode$Policy,9,14,64.29
9e34a0f52aa3a5f0,androidx/lifecycle/RepeatOnLifecycleKt$repeatOnLifecycle$3$1$1$1,9,12,75.0
a6e231a0afb7fd79,kotlinx/coroutines/scheduling/TasksKt,9,13,69.23
248e89b6c722bc0a,androidx/activity/OnBackPressedCallback,9,10,90.0
5a6edaf697c658a8,com/owncloud/android/extensions/ActivityExtKt$WhenMappings,9,15,60.0
f9a8147ff4fc85c3,com/owncloud/android/ui/activity/FileDisplayActivity$onDeepLinkManaged$1,9,33,27.27
8d41be53f6274fdf,kotlin/reflect/jvm/internal/CacheByClassKt,9,15,60.0
dfdb579bc3367e92,com/owncloud/android/dependecyinjection/RemoteDataSourceModuleKt$remoteDataSourceModule$1$2,9,9,100.0
e673bb90b33ee0f5,kotlinx/coroutines/flow/internal/ChannelFlowTransformLatest,9,16,56.25
1a37b233724f4e39,kotlinx/coroutines/android/HandlerDispatcherKt,9,56,16.07
1fbc2404c007d7dc,androidx/lifecycle/FullLifecycleObserverAdapter$1,9,16,56.25
4dc5f18fff47c93f,androidx/transition/ChangeBounds,9,146,6.16
1b5592e432208140,androidx/lifecycle/ViewModelStore,9,12,75.0
ac999eb2a0e118c9,androidx/lifecycle/LiveData$ObserverWrapper,9,11,81.82
71b8553cddfe8e84,com/owncloud/android/services/OperationsService,9,56,16.07
51333d5d98161e13,kotlin/Result,9,31,29.03
c9ed1096e1c77408,kotlinx/coroutines/internal/ArrayQueue,9,16,56.25
cd4a7a388045668b,androidx/appcompat/view/menu/ExpandedMenuView,9,18,50.0
26650ca0b090735e,com/google/android/material/internal/ViewUtils,9,101,8.91
4f05a89a10f3874c,androidx/core/widget/TextViewCompat,9,268,3.36
a95796220ddcfc5d,com/owncloud/android/ui/activity/SplashActivity,9,11,81.82
226efa8bd60ac8e8,androidx/core/graphics/Insets,9,31,29.03
b7a09ee49df8a78e,androidx/core/content/ContextCompat,9,121,7.44
e4dd8bb2db879158,androidx/sqlite/db/framework/FrameworkSQLiteOpenHelper$OpenHelper$Companion,9,10,90.0
8dadc540cb7009c5,kotlinx/coroutines/Job$DefaultImpls,9,20,45.0
6846008892ea392e,androidx/arch/core/internal/FastSafeIterableMap,9,11,81.82
24e8edd83a417747,androidx/lifecycle/viewmodel/InitializerViewModelFactory,9,14,64.29
82d22166e1e0ab81,kotlin/internal/jdk8/JDK8PlatformImplementations$ReflectSdkVersion,9,14,64.29
b6274105c81a3c16,kotlinx/coroutines/flow/internal/ChannelFlowTransformLatest$flowCollect$3,9,13,69.23
bcdf277906f015d6,org/koin/core/module/ModuleKt,8,57,14.04
a7d686bd965ca02d,androidx/fragment/app/FragmentHostCallback,8,28,28.57
8465d9916e1916f1,com/owncloud/android/dependecyinjection/LocalDataSourceModuleKt$localDataSourceModule$1$12,8,8,100.0
e0abce175e635045,com/owncloud/android/dependecyinjection/RepositoryModuleKt$repositoryModule$1$invoke$$inlined$factoryOf$default$4,8,8,100.0
0f618354ab4fe01d,androidx/sqlite/db/SimpleSQLiteQuery,8,12,66.67
e5ecc7149f6fe507,androidx/core/view/ViewCompat$Api16Impl,8,20,40.0
60badb8123f5d971,kotlinx/coroutines/flow/FlowKt__MergeKt$mapLatest$1,8,15,53.33
843693fc02557de0,androidx/emoji2/text/EmojiCompat$ListenerDispatcher,8,14,57.14
e9ab4ec2375be82a,kotlinx/coroutines/JobCancellationException,8,26,30.77
2a411bbe17d40651,kotlinx/coroutines/flow/internal/ChannelFlow$collect$2,8,12,66.67
0e79d83aacdeb43f,androidx/constraintlayout/core/widgets/analyzer/DependencyGraph,8,669,1.2
4d09e8b5a1762a2a,androidx/activity/ComponentActivity$3,8,10,80.0
919668ad8f04cbd6,androidx/lifecycle/RepeatOnLifecycleKt$repeatOnLifecycle$3$1$1$1$1$1$1,8,12,66.67
d2af810318f4fbe1,androidx/drawerlayout/widget/DrawerLayout$SavedState,8,14,57.14
dc73069f6794fb4e,androidx/work/impl/WorkDatabasePathHelper,8,47,17.02
113b35940757815b,com/google/android/material/appbar/ViewUtilsLollipop,8,19,42.11
d0607815942b37dc,com/owncloud/android/syncadapter/FileSyncAdapter,8,88,9.09
3352ba559d08352b,kotlinx/coroutines/channels/ChannelKt,8,49,16.33
39188882d94b48bf,androidx/appcompat/widget/RtlSpacingHelper,8,36,22.22
9675fa15bbe408a0,com/owncloud/android/extensions/ActivityExtKt$collectLatestLifecycleFlow$1$1,8,12,66.67
96c62f170dbc7951,androidx/lifecycle/RepeatOnLifecycleKt$repeatOnLifecycle$3,8,12,66.67
ea6df97d8b8f1b34,com/google/android/material/resources/MaterialAttributes,8,32,25.0
fa5ffc8d005a57d2,kotlin/coroutines/intrinsics/IntrinsicsKt__IntrinsicsJvmKt,8,57,14.04
5bca5a5b4ae1d56d,com/facebook/stetho/inspector/elements/android/ActivityTracker$AutomaticTracker$AutomaticTrackerICSAndBeyond$1,8,8,100.0
8663126e1590d920,kotlin/text/Charsets,8,20,40.0
1e083f2c2808e017,androidx/work/impl/Processor,8,168,4.76
0aee74cb10358036,androidx/lifecycle/viewmodel/MutableCreationExtras,8,11,72.73
5e7d8b42943a0ad6,org/koin/ext/KClassExtKt,8,8,100.0
9e6d810364f84f87,kotlinx/coroutines/flow/internal/ChannelFlowTransformLatest$flowCollect$3$1$2,8,12,66.67
7f3ffd75162e0499,com/google/android/material/animation/AnimationUtils,8,11,72.73
6b157918afd62c0e,androidx/lifecycle/LiveData$LifecycleBoundObserver,8,14,57.14
79d29c977933f8db,androidx/work/impl/utils/PackageManagerHelper,8,23,34.78
a0fbb3bd842aa584,kotlinx/coroutines/channels/ChannelResult,8,41,19.51
31cd2e5431ef8bd8,com/owncloud/android/presentation/security/SecurityUtilsKt,8,9,88.89
e96b4a6a68715c93,kotlinx/coroutines/flow/FlowKt,8,162,4.94
40edb3d559d1b9ac,com/owncloud/android/dependecyinjection/UseCaseModuleKt$useCaseModule$1$invoke$$inlined$factoryOf$default$44,8,8,100.0
ce86a715c76906f7,androidx/appcompat/widget/AppCompatEmojiTextHelper,8,14,57.14
74b437545d629238,androidx/recyclerview/widget/RecyclerView$State,8,31,25.81
43a5a7c148c6c895,timber/log/Timber,8,36,22.22
fc040d4f1c228361,androidx/coordinatorlayout/widget/CoordinatorLayout$SavedState,8,20,40.0
536e48a99297cf3d,kotlinx/coroutines/internal/ThreadContextKt,8,18,44.44
dc77ce9bc6fc5789,kotlinx/coroutines/internal/LockFreeLinkedListKt,8,16,50.0
7b9c2cf07d14d704,com/owncloud/android/ui/activity/FileActivity$OperationsServiceConnection,8,15,53.33
301ab0e46932a0dd,kotlinx/coroutines/internal/LockFreeLinkedListNode$CondAddOp,8,13,61.54
31453ae704b2282b,com/owncloud/android/datamodel/ThumbnailsCacheManager,8,48,16.67
91ba78d83864407a,com/owncloud/android/databinding/ActivityMainBinding,8,13,61.54
498c6713264032eb,com/owncloud/android/presentation/security/LockTimeout$WhenMappings,7,12,58.33
d0cf11d2eac9faae,kotlinx/coroutines/internal/SystemPropsKt,7,7,100.0
82d076583fb784e2,com/owncloud/android/presentation/security/LockTimeout,7,12,58.33
9235b23f5a13c8b9,kotlinx/coroutines/flow/internal/ChannelFlowTransformLatest$flowCollect$3$1,7,17,41.18
52174b3b675d6364,kotlin/internal/ProgressionUtilKt,7,22,31.82
385cf1006141893d,androidx/recyclerview/widget/ViewInfoStore,7,85,8.24
8f83bb62c41eabcb,kotlin/collections/EmptyList,7,50,14.0
cef08d4d08b9530f,androidx/activity/ComponentActivity$4,7,8,87.5
5dd9e0bdb2f6e598,androidx/emoji2/viewsintegration/EmojiTextViewHelper$SkippingHelper19,7,18,38.89
913064744e7ec980,com/owncloud/android/dependecyinjection/RepositoryModuleKt$repositoryModule$1$invoke$$inlined$factoryOf$default$7,7,7,100.0
e07b4ec9b9fcb0e9,kotlinx/coroutines/CoroutineScopeKt,7,30,23.33
4001e07c813e7551,androidx/lifecycle/ProcessLifecycleInitializer,7,9,77.78
c5f0800f98ddf816,kotlinx/coroutines/JobSupport$addLastAtomic$$inlined$addLastIf$1,7,9,77.78
3914d317abd8569b,androidx/emoji2/viewsintegration/EmojiInputFilter,7,34,20.59
467b84e6f69e3504,kotlinx/coroutines/scheduling/CoroutineScheduler$WorkerState,7,9,77.78
6e5f05cfec209d8c,androidx/recyclerview/widget/LinearLayoutManager$AnchorInfo,7,46,15.22
9218505479acd401,com/owncloud/android/lib/common/utils/LoggingHelper,7,14,50.0
7c96db92c2193198,kotlin/reflect/jvm/internal/CachesKt,7,30,23.33
c76a17886452b6ef,androidx/recyclerview/widget/LinearLayoutManager$LayoutState,7,38,18.42
eb19f6382e2098eb,androidx/work/WorkManagerInitializer,7,7,100.0
63d87bab9c272e81,androidx/lifecycle/LifecycleKt,7,9,77.78
e2b7e18fd3104e2c,com/owncloud/android/dependecyinjection/RepositoryModuleKt$repositoryModule$1$invoke$$inlined$factoryOf$default$3,7,7,100.0
dcf18287641d4cbe,kotlinx/coroutines/internal/AtomicOp,7,20,35.0
a57339fcc518d3e8,androidx/work/impl/utils/PreferenceUtils,7,47,14.89
92726d029ebeed02,androidx/activity/OnBackPressedDispatcher,7,27,25.93
80b24566b15a5d7d,androidx/core/util/Pools$SimplePool,7,13,53.85
717f7ada983cd230,com/owncloud/android/dependecyinjection/RepositoryModuleKt$repositoryModule$1$invoke$$inlined$factoryOf$default$10,7,7,100.0
4302f4cf7bef9822,androidx/lifecycle/Lifecycling,7,83,8.43
99d54a3fbb89ca4a,com/owncloud/android/dependecyinjection/RepositoryModuleKt$repositoryModule$1$invoke$$inlined$factoryOf$default$1,7,7,100.0
5f6c4fc71de8a576,com/owncloud/android/data/Executors,7,10,70.0
6a61b1f291b3ce19,androidx/work/impl/background/greedy/GreedyScheduler,7,104,6.73
367f1da6efe7b813,androidx/emoji2/viewsintegration/EmojiEditTextHelper$HelperInternal19,7,14,50.0
24da498945b9c936,com/google/android/material/textfield/EndCompoundLayout$2,7,15,46.67
c8160359074c32ad,androidx/customview/view/AbsSavedState,7,17,41.18
f600c8976a4ce785,androidx/room/EntityInsertionAdapter,7,101,6.93
d8d09ebf8a4f3e73,androidx/sqlite/db/framework/FrameworkSQLiteDatabase$query$cursorFactory$1,7,7,100.0
4f81f3dac0e4434a,com/owncloud/android/data/spaces/db/SpacesDao_Impl,7,565,1.24
0cde503780c74cf9,androidx/core/graphics/drawable/DrawableCompat,7,117,5.98
644454c6332f81db,kotlinx/coroutines/intrinsics/CancellableKt,7,32,21.88
23088aba2061b138,kotlinx/coroutines/DefaultExecutor,7,126,5.56
98768a6ef92773e8,androidx/lifecycle/LifecycleCoroutineScopeImpl$register$1,7,11,63.64
985365ec685bb9a0,androidx/emoji2/viewsintegration/EmojiTransformationMethod,7,15,46.67
075438dfe4ed7ade,com/facebook/stetho/Stetho$Initializer,7,7,100.0
3e574deaf75c7260,kotlinx/coroutines/internal/InlineList,7,43,16.28
1eae00258ea6e965,androidx/lifecycle/viewmodel/InitializerViewModelFactoryBuilder,6,7,85.71
71627fe4aef0efb9,androidx/transition/AutoTransition,6,8,75.0
2d0629bd9a58aca0,kotlin/UnsafeLazyImpl,6,13,46.15
2c1beca90dc723d8,org/koin/core/qualifier/StringQualifier,6,14,42.86
4109fec8e074df91,androidx/core/content/res/ResourcesCompat$ColorStateListCacheKey,6,13,46.15
fa5c50db175012ba,androidx/room/RoomMasterTable,6,6,100.0
c4006747935bf43f,kotlin/LazyKt__LazyJVMKt,6,11,54.55
c2c9470b4f2155cf,com/owncloud/android/extensions/ActivityExtKt$collectLatestLifecycleFlow$1,6,12,50.0
45ce3cb2dbef814f,com/owncloud/android/dependecyinjection/RemoteDataSourceModuleKt$remoteDataSourceModule$1$16,6,6,100.0
9c376234f017f263,com/owncloud/android/services/OperationsService$OperationsServiceBinder,6,22,27.27
b779e72bc3f2352f,org/koin/androidx/viewmodel/factory/KoinViewModelFactory,6,20,30.0
a1b1e9b4f895a9dc,kotlinx/coroutines/JobKt__JobKt,6,92,6.52
15e5da48513e7f5e,androidx/appcompat/widget/DrawableUtils,6,60,10.0
a0cd50878b28085f,androidx/emoji2/viewsintegration/EmojiEditTextHelper,6,17,35.29
ef9078f9faf5de6f,androidx/appcompat/view/menu/ListMenuPresenter$MenuAdapter,6,27,22.22
e27028d9ef42fa22,kotlinx/coroutines/CompletedExceptionally,6,8,75.0
b45f88a8d729baed,androidx/fragment/app/FragmentManager$6,6,12,50.0
c3cad42948707702,com/owncloud/android/dependecyinjection/UseCaseModuleKt$useCaseModule$1$invoke$$inlined$factoryOf$default$33,6,6,100.0
0b6db5addc730402,kotlinx/coroutines/JobNode,6,8,75.0
48051e7afb61315b,com/owncloud/android/dependecyinjection/RemoteDataSourceModuleKt$remoteDataSourceModule$1$invoke$$inlined$singleOf$default$9,6,6,100.0
f2ab93ba45aa55aa,org/koin/android/ext/koin/ModuleExtKt,6,10,60.0
c14be0c57e0b4397,kotlin/LazyThreadSafetyMode,6,8,75.0
919c19160bd5bdf1,org/koin/core/parameter/ParametersHolder,6,62,9.68
7443d9086c213d9c,androidx/lifecycle/MediatorLiveData,6,26,23.08
1228a9a8b477c6b3,androidx/fragment/app/FragmentStateManager$2,6,10,60.0
8493280fa3dd5da0,androidx/recyclerview/widget/GapWorker,6,115,5.22
3021d14c7e59b5fa,kotlin/coroutines/ContinuationInterceptor$DefaultImpls,6,22,27.27
ebcfff0a7a2d6542,androidx/lifecycle/FullLifecycleObserverAdapter,6,13,46.15
cb274f86adedaae7,kotlinx/coroutines/flow/StateFlowKt,6,41,14.63
5169f0c5b3c2b57f,com/owncloud/android/dependecyinjection/UseCaseModuleKt$useCaseModule$1$invoke$$inlined$factoryOf$default$45,6,6,100.0
b6d16a4ed22337cb,androidx/lifecycle/EmptyActivityLifecycleCallbacks,6,8,75.0
651f0a9c365d67e3,com/owncloud/android/dependecyinjection/UseCaseModuleKt$useCaseModule$1$invoke$$inlined$factoryOf$default$46,6,6,100.0
301669068fcb92db,kotlinx/coroutines/scheduling/DefaultIoScheduler,6,13,46.15
96a91734e9df0578,androidx/savedstate/Recreator,6,34,17.65
a5c0028e9b3049e9,androidx/work/impl/constraints/trackers/ConstraintTracker,6,45,13.33
b1d7136aa6c98468,androidx/constraintlayout/core/SolverVariable$Type,6,8,75.0
b7363d896ccba722,kotlinx/coroutines/flow/internal/ChannelFlowOperator,6,25,24.0
913275da7b3de3f7,kotlinx/coroutines/JobImpl,6,21,28.57
bcf7f06aae36fc52,androidx/collection/LongSparseArray,6,146,4.11
1dfaf78a58f5d924,com/owncloud/android/dependecyinjection/RemoteDataSourceModuleKt$remoteDataSourceModule$1$invoke$$inlined$singleOf$default$6,6,6,100.0
7410ec982bebf382,androidx/lifecycle/ProcessLifecycleOwner$3,6,8,75.0
0a56ba40812f36a4,androidx/constraintlayout/widget/ConstraintLayout$1,6,10,60.0
d98d18dbefd87e00,kotlinx/coroutines/internal/FastServiceLoaderKt,6,7,85.71
cc18f9115a42ac1a,kotlinx/coroutines/flow/internal/ChannelFlow$collectToFun$1,6,12,50.0
008d568525dd67a3,androidx/work/impl/utils/taskexecutor/WorkManagerTaskExecutor,6,7,85.71
ae16b4d34005775f,com/owncloud/android/data/sharing/shares/db/OCShareDao_Impl,6,102,5.88
5a4de7125a4f7e83,kotlinx/coroutines/channels/AbstractChannelKt,6,18,33.33
c82082205ac73af3,com/owncloud/android/ui/activity/FileDisplayActivity$WhenMappings,6,10,60.0
bdf0199154eb82ca,kotlin/jvm/internal/TypeIntrinsics,6,209,2.87
5da857605d2a5f2d,androidx/collection/IndexBasedArrayIterator,6,9,66.67
212da47d6c341287,org/koin/core/instance/SingleInstanceFactory$get$1,6,6,100.0
eb482ee272ca4f16,com/owncloud/android/dependecyinjection/UseCaseModuleKt$useCaseModule$1$invoke$$inlined$factoryOf$default$94,6,6,100.0
aa1866f7378aeb02,com/google/android/material/internal/ParcelableSparseArray,6,17,35.29
b11f15c8cde4bc68,com/owncloud/android/dependecyinjection/RemoteDataSourceModuleKt$remoteDataSourceModule$1$invoke$$inlined$singleOf$default$13,6,6,100.0
9439800177a926b9,androidx/recyclerview/widget/LinearLayoutManager$SavedState,6,19,31.58
1ffe260ad80f124d,androidx/work/impl/model/PreferenceDao_Impl$1,6,10,60.0
4d0946e47c1cd932,androidx/core/graphics/TypefaceCompat,6,90,6.67
57390930f1d6331b,kotlinx/coroutines/CompletedContinuation,6,57,10.53
bb28778dd778f967,androidx/recyclerview/widget/OrientationHelper,6,13,46.15
ad4dbf1cba2673ab,androidx/core/util/Pools$SynchronizedPool,6,8,75.0
932b9eeabdf385be,androidx/emoji2/text/ConcurrencyHelpers,6,10,60.0
adf1286582c87b42,com/owncloud/android/dependecyinjection/RemoteDataSourceModuleKt$remoteDataSourceModule$1$invoke$$inlined$singleOf$default$8,6,6,100.0
64ca3641e8b7f3a2,androidx/sqlite/db/SupportSQLiteCompat$Api16Impl,6,17,35.29
21c02332a3f66c39,kotlin/ranges/IntProgressionIterator,6,14,42.86
93eb42304d87f8da,androidx/appcompat/widget/Toolbar$SavedState,6,13,46.15
0a5e3dfb17347f21,kotlin/ranges/IntProgression,6,33,18.18
1cf6ed7b8fa08434,androidx/emoji2/viewsintegration/EmojiTextViewHelper,6,14,42.86
c2e78e29c1615e38,com/owncloud/android/dependecyinjection/UseCaseModuleKt$useCaseModule$1$invoke$$inlined$factoryOf$default$75,6,6,100.0
389e714caf23a035,com/owncloud/android/dependecyinjection/UseCaseModuleKt$useCaseModule$1$invoke$$inlined$factoryOf$default$37,6,6,100.0
c08d80dafd62ed76,com/owncloud/android/dependecyinjection/RepositoryModuleKt$repositoryModule$1$invoke$$inlined$factoryOf$default$12,6,6,100.0
faba48d68af48fb2,kotlin/collections/EmptySet,6,28,21.43
7f5120adf38e184d,com/owncloud/android/dependecyinjection/RepositoryModuleKt$repositoryModule$1$invoke$$inlined$factoryOf$default$2,6,6,100.0
89c610bc4f3f31e1,androidx/appcompat/widget/TintContextWrapper,6,54,11.11
5cd85f9957f1a14d,androidx/appcompat/app/AppCompatActivity$2,6,6,100.0
07d93b9474e94e18,androidx/core/view/AccessibilityDelegateCompat,6,65,9.23
b16d89d8abad99c1,androidx/recyclerview/widget/RecyclerView$RecyclerViewDataObserver,6,42,14.29
df5f4b7960550d31,androidx/viewbinding/ViewBindings,6,8,75.0
641b3abbe96a75a6,com/owncloud/android/dependecyinjection/CommonModuleKt$commonModule$1$8,5,5,100.0
2ad29c81d93b7133,androidx/recyclerview/widget/RecyclerView$LayoutParams,5,19,26.32
14a57c4d3bf52d77,kotlinx/coroutines/internal/LockFreeTaskQueueCore$Companion,5,10,50.0
ab79a9481c92c42d,kotlin/internal/jdk8/JDK8PlatformImplementations,5,19,26.32
2a957aa76850e0bb,com/owncloud/android/dependecyinjection/UseCaseModuleKt$useCaseModule$1$invoke$$inlined$factoryOf$default$12,5,5,100.0
ee4bf6b744b04436,com/owncloud/android/ui/fragment/TaskRetainerFragment,5,18,27.78
d362e4590f9ba8b7,org/koin/core/instance/InstanceContext,5,8,62.5
88db10c923cf0c3c,com/google/android/material/badge/BadgeUtils,5,71,7.04
bd91a73c66e9eb87,androidx/biometric/BiometricManager,5,61,8.2
493a06ddec87613c,com/owncloud/android/dependecyinjection/UseCaseModuleKt$useCaseModule$1$invoke$$inlined$factoryOf$default$32,5,5,100.0
7f7dc1c1f4305a06,androidx/drawerlayout/widget/DrawerLayout$2,5,6,83.33
533342074a62df40,com/owncloud/android/dependecyinjection/UseCaseModuleKt$useCaseModule$1$invoke$$inlined$factoryOf$default$6,5,5,100.0
3ce6b2801b3ea0f7,com/owncloud/android/dependecyinjection/UseCaseModuleKt$useCaseModule$1$invoke$$inlined$factoryOf$default$38,5,5,100.0
d3a5f00c05f2a12f,androidx/sqlite/db/framework/FrameworkSQLiteProgram,5,11,45.45
5573ef6f12fb9dc4,com/owncloud/android/dependecyinjection/UseCaseModuleKt$useCaseModule$1$invoke$$inlined$factoryOf$default$103,5,5,100.0
6412d18db9453e59,com/owncloud/android/dependecyinjection/LocalDataSourceModuleKt$localDataSourceModule$1$invoke$$inlined$factoryOf$default$5,5,5,100.0
099b8272d9afb34f,com/owncloud/android/MainApp$onCreate$1$shouldShowDialog$1,5,37,13.51
ea12aa834a886038,com/owncloud/android/dependecyinjection/UseCaseModuleKt$useCaseModule$1$invoke$$inlined$factoryOf$default$15,5,5,100.0
d947ad57309bf362,com/owncloud/android/presentation/common/DrawerViewModel,5,22,22.73
a5bcfb893fe13627,org/koin/core/definition/BeanDefinition$toString$defOtherTypes$typesAsString$1,5,5,100.0
d690e0c679bc109f,com/owncloud/android/dependecyinjection/LocalDataSourceModuleKt$localDataSourceModule$1$8,5,5,100.0
8b37ac9c15f80bd5,org/koin/android/ext/koin/KoinExtKt,5,60,8.33
36dd57c8a692b69a,androidx/work/Logger$LogcatLogger,5,41,12.2
2eee308162a0c4a8,kotlin/coroutines/AbstractCoroutineContextElement,5,7,71.43
a3c942b39c1766e6,androidx/transition/TransitionManager,5,96,5.21
c70c454865a25b8b,kotlinx/coroutines/Dispatchers,5,12,41.67
c274aa55a6490a2c,androidx/core/view/ViewCompat$Api17Impl,5,12,41.67
9f3dfcbd7474e62e,com/owncloud/android/ui/activity/WhatsNewActivity,5,44,11.36
7b5f30862e52d2e0,com/owncloud/android/dependecyinjection/UseCaseModuleKt$useCaseModule$1$invoke$$inlined$factoryOf$default$100,5,5,100.0
b0547e99d589b1d4,kotlinx/coroutines/channels/BufferOverflow,5,7,71.43
78be01d77e8340d0,kotlin/LazyKt__LazyJVMKt$WhenMappings,5,8,62.5
26a4331042e65996,com/owncloud/android/dependecyinjection/LocalDataSourceModuleKt$localDataSourceModule$1$9,5,5,100.0
ebfb25db55aeb530,com/owncloud/android/dependecyinjection/UseCaseModuleKt$useCaseModule$1$invoke$$inlined$factoryOf$default$4,5,5,100.0
fe29bb1c8c302b9a,androidx/lifecycle/SavedStateHandleAttacher,5,9,55.56
726133edb5a45539,com/owncloud/android/extensions/ViewExtKt,5,7,71.43
a4321acfa2b18207,androidx/arch/core/executor/DefaultTaskExecutor,5,27,18.52
2016b9bcdb4b2e00,com/owncloud/android/dependecyinjection/UseCaseModuleKt$useCaseModule$1$invoke$$inlined$factoryOf$default$2,5,5,100.0
7b75be34632f6dd5,androidx/appcompat/widget/VectorEnabledTintResources,5,56,8.93
6bc7010a3e94f29a,com/owncloud/android/dependecyinjection/CommonModuleKt$commonModule$1$5,5,5,100.0
d0efd89b0fc6ae99,com/owncloud/android/dependecyinjection/LocalDataSourceModuleKt$localDataSourceModule$1$invoke$$inlined$factoryOf$default$7,5,5,100.0
0fa414ce8fe4d003,com/facebook/stetho/Stetho,5,11,45.45
c65bb3a8e0b3fb3d,androidx/core/content/res/ResourcesCompat$FontCallback,5,8,62.5
20feaede9ccfeca5,org/koin/core/definition/BeanDefinitionKt,5,20,25.0
36f5af3c0fea0a2c,androidx/lifecycle/SavedStateHandleSupport$savedStateHandlesVM$1$1,5,5,100.0
40525cf41f28e252,com/owncloud/android/dependecyinjection/LocalDataSourceModuleKt$localDataSourceModule$1$invoke$$inlined$factoryOf$default$4,5,5,100.0
89281135bd6763ed,com/owncloud/android/lib/common/utils/OCFileLoggingTreeKt,5,7,71.43
01eb3b260bcc0c3e,com/owncloud/android/dependecyinjection/UseCaseModuleKt$useCaseModule$1$invoke$$inlined$factoryOf$default$11,5,5,100.0
c61bda6eda0d2620,com/owncloud/android/dependecyinjection/LocalDataSourceModuleKt$localDataSourceModule$1$2,5,5,100.0
89e8a715c915e9ee,com/google/android/material/resources/CancelableFontCallback,5,8,62.5
d4abfc114c3389d1,kotlin/jvm/internal/Reflection,5,46,10.87
48880576113989d1,com/owncloud/android/dependecyinjection/UseCaseModuleKt$useCaseModule$1$invoke$$inlined$factoryOf$default$54,5,5,100.0
10ad787ea143f271,com/owncloud/android/dependecyinjection/UseCaseModuleKt$useCaseModule$1$invoke$$inlined$factoryOf$default$34,5,5,100.0
c4580f189570fcac,kotlinx/coroutines/UndispatchedCoroutine,5,37,13.51
2ca9a45e34f88cff,com/owncloud/android/dependecyinjection/RemoteDataSourceModuleKt$remoteDataSourceModule$1$invoke$$inlined$singleOf$default$7,5,5,100.0
27653e2270aa9798,com/owncloud/android/dependecyinjection/UseCaseModuleKt$useCaseModule$1$invoke$$inlined$factoryOf$default$16,5,5,100.0
f3c271f583ccbdcd,androidx/core/view/GravityCompat,5,16,31.25
20045794ab35798d,androidx/recyclerview/widget/OpReorderer,5,94,5.32
a9540a75589fac5d,com/owncloud/android/dependecyinjection/UseCaseModuleKt$useCaseModule$1$invoke$$inlined$factoryOf$default$9,5,5,100.0
c1a2cbe32d91ee07,com/owncloud/android/dependecyinjection/LocalDataSourceModuleKt$localDataSourceModule$1$invoke$$inlined$factoryOf$default$1,5,5,100.0
3f5a0666067d5199,kotlinx/coroutines/CoroutineContextKt$hasCopyableElements$1,5,8,62.5
3008336cb1a49767,com/owncloud/android/dependecyinjection/LocalDataSourceModuleKt$localDataSourceModule$1$invoke$$inlined$factoryOf$default$2,5,5,100.0
8ab2e7456f05e52b,com/owncloud/android/dependecyinjection/UseCaseModuleKt$useCaseModule$1$invoke$$inlined$factoryOf$default$102,5,5,100.0
c976a2086f0e0c46,com/owncloud/android/dependecyinjection/RepositoryModuleKt$repositoryModule$1$invoke$$inlined$factoryOf$default$13,5,5,100.0
dcf7edd0fb5f59ca,com/owncloud/android/domain/files/model/FileListOption,5,20,25.0
c8806e9164ec6c4f,androidx/work/Configuration$1,5,6,83.33
398ba57a216fee8f,com/facebook/stetho/server/ServerManager,5,7,71.43
84fafb07d99b7595,kotlin/text/Regex,5,94,5.32
3ac33d6e2b5daf6f,com/owncloud/android/dependecyinjection/UseCaseModuleKt$useCaseModule$1$invoke$$inlined$factoryOf$default$71,5,5,100.0
a57aa89147c5bd74,com/owncloud/android/dependecyinjection/RepositoryModuleKt$repositoryModule$1$invoke$$inlined$factoryOf$default$6,5,5,100.0
c7fdeba9873447aa,com/owncloud/android/dependecyinjection/RemoteDataSourceModuleKt$remoteDataSourceModule$1$1,5,5,100.0
337de477b5897896,com/owncloud/android/dependecyinjection/UseCaseModuleKt$useCaseModule$1$invoke$$inlined$factoryOf$default$107,5,5,100.0
8607bfbecf9aeaa9,com/owncloud/android/dependecyinjection/LocalDataSourceModuleKt$localDataSourceModule$1$invoke$$inlined$factoryOf$default$6,5,5,100.0
4e8555e9d60d4877,kotlin/reflect/jvm/internal/CachesKt$K_CLASS_CACHE$1,5,5,100.0
3dd3635b11220245,org/koin/dsl/ModuleDSLKt,5,14,35.71
baa3e2439b5bfe7e,kotlin/reflect/jvm/internal/KClassImpl,5,111,4.5
351cd99ffe65ad9c,com/owncloud/android/dependecyinjection/LocalDataSourceModuleKt$localDataSourceModule$1$5,5,5,100.0
2e377c4cd80b1185,com/owncloud/android/dependecyinjection/RemoteDataSourceModuleKt$remoteDataSourceModule$1$invoke$$inlined$singleOf$default$5,5,5,100.0
25687f9628869ba2,com/owncloud/android/dependecyinjection/UseCaseModuleKt$useCaseModule$1$invoke$$inlined$factoryOf$default$8,5,5,100.0
aa8ccbfb3d8ea92e,com/owncloud/android/dependecyinjection/LocalDataSourceModuleKt$localDataSourceModule$1$invoke$$inlined$factoryOf$default$3,5,5,100.0
435d08c45f033799,androidx/transition/TransitionValuesMaps,5,5,100.0
b3cc5a06ed4c0981,com/owncloud/android/dependecyinjection/UseCaseModuleKt$useCaseModule$1$invoke$$inlined$factoryOf$default$41,5,5,100.0
d3b851a649973de7,com/owncloud/android/dependecyinjection/UseCaseModuleKt$useCaseModule$1$invoke$$inlined$factoryOf$default$5,5,5,100.0
e68a7a9fcdff492e,com/owncloud/android/dependecyinjection/CommonModuleKt$commonModule$1$3,5,5,100.0
332c578e1e3724f7,com/owncloud/android/data/providers/LocalStorageProvider,5,160,3.12
004f883b69a9a4c1,com/owncloud/android/dependecyinjection/RepositoryModuleKt$repositoryModule$1$invoke$$inlined$factoryOf$default$11,5,5,100.0
81ac30038fef3fe6,com/owncloud/android/dependecyinjection/LocalDataSourceModuleKt$localDataSourceModule$1$4,5,5,100.0
bb71bcd97eaebd73,kotlinx/coroutines/channels/ChannelsKt__Channels_commonKt,5,108,4.63
487eeb776917086d,com/owncloud/android/dependecyinjection/UseCaseModuleKt$useCaseModule$1$invoke$$inlined$factoryOf$default$26,5,5,100.0
2b9c5b012e6b01cd,com/owncloud/android/dependecyinjection/UseCaseModuleKt$useCaseModule$1$invoke$$inlined$factoryOf$default$106,5,5,100.0
21205162d9a430d3,kotlinx/coroutines/internal/SystemPropsKt__SystemPropsKt,5,6,83.33
4effe6de0288bc1b,com/owncloud/android/dependecyinjection/UseCaseModuleKt$useCaseModule$1$invoke$$inlined$factoryOf$default$97,5,5,100.0
4c8f408d9b68b625,androidx/lifecycle/LifecycleRegistry$ObserverWithState,5,5,100.0
4be9cc7767471817,com/owncloud/android/dependecyinjection/UseCaseModuleKt$useCaseModule$1$invoke$$inlined$factoryOf$default$3,5,5,100.0
db15a6341ad31041,com/owncloud/android/dependecyinjection/LocalDataSourceModuleKt$localDataSourceModule$1$6,5,5,100.0
d0c4b184f6954f58,androidx/startup/InitializationProvider,5,12,41.67
da438354ba45b8b8,com/owncloud/android/dependecyinjection/LocalDataSourceModuleKt$localDataSourceModule$1$1,5,5,100.0
586e7295ea1323e6,com/owncloud/android/dependecyinjection/RepositoryModuleKt$repositoryModule$1$invoke$$inlined$factoryOf$default$5,5,5,100.0
5da419ce7587db2a,com/owncloud/android/dependecyinjection/RemoteDataSourceModuleKt$remoteDataSourceModule$1$invoke$$inlined$singleOf$default$4,5,5,100.0
6d1a6a355b26bb46,kotlinx/coroutines/UndispatchedMarker,5,7,71.43
d754dceac8f9ff9c,com/google/android/material/shape/MaterialShapeDrawable$1,5,5,100.0
2e7d60398a62085a,com/owncloud/android/dependecyinjection/LocalDataSourceModuleKt$localDataSourceModule$1$invoke$$inlined$factoryOf$default$8,5,5,100.0
2b585833ef222ce9,org/koin/core/logger/Logger,5,36,13.89
a7affaa8f94fc214,com/owncloud/android/dependecyinjection/LocalDataSourceModuleKt$localDataSourceModule$1$7,5,5,100.0
cd3866c82df93db0,com/owncloud/android/dependecyinjection/LocalDataSourceModuleKt$localDataSourceModule$1$3,5,5,100.0
6bece070c9064d87,com/owncloud/android/dependecyinjection/UseCaseModuleKt$useCaseModule$1$invoke$$inlined$factoryOf$default$53,5,5,100.0
df357d22c374f975,com/owncloud/android/dependecyinjection/UseCaseModuleKt$useCaseModule$1$invoke$$inlined$factoryOf$default$81,5,5,100.0
0cacc06f45a0b756,com/google/android/material/navigation/NavigationBarMenu,5,12,41.67
5fe2f7ff978ffb1c,kotlin/jvm/JvmClassMappingKt,5,67,7.46
af0d11ac11d8ccbf,com/owncloud/android/dependecyinjection/RemoteDataSourceModuleKt$remoteDataSourceModule$1$invoke$$inlined$singleOf$default$12,5,5,100.0
56aec7746a084d1c,com/owncloud/android/dependecyinjection/UseCaseModuleKt$useCaseModule$1$invoke$$inlined$factoryOf$default$1,5,5,100.0
695ed5c73f726645,androidx/recyclerview/widget/RecyclerView$AdapterDataObservable,5,29,17.24
113cbad2215a5ec5,com/owncloud/android/dependecyinjection/CommonModuleKt$commonModule$1$6,5,5,100.0
47eba2af51961d98,com/owncloud/android/dependecyinjection/CommonModuleKt$commonModule$1$2,5,5,100.0
5c72c549db66c7bd,androidx/appcompat/app/AppCompatDelegateImpl$2,5,8,62.5
2c15d85c17560376,androidx/recyclerview/widget/RecyclerViewAccessibilityDelegate,5,28,17.86
58f8880cc179fb6a,com/owncloud/android/utils/DebugInjector,5,12,41.67
de84ef1a3f50871a,com/owncloud/android/dependecyinjection/LocalDataSourceModuleKt$localDataSourceModule$1$invoke$$inlined$singleOf$default$1,5,5,100.0
3d78093a98ade62b,kotlinx/coroutines/channels/ChannelCoroutine,5,37,13.51
6ea3dfa8d00fb8bc,com/owncloud/android/dependecyinjection/LocalDataSourceModuleKt$localDataSourceModule$1$11,5,5,100.0
a0ad934393dfd2bf,androidx/emoji2/text/EmojiCompatInitializer$LoadEmojiCompatRunnable,5,7,71.43
84cedd2283300534,androidx/core/app/NavUtils,5,61,8.2
dc3539282aaabb90,com/google/android/material/navigation/NavigationBarItemView$1,4,5,80.0
3a2e2550bfdadebc,androidx/appcompat/widget/SearchView$SavedState,4,8,50.0
ab35ec6f56c71516,com/owncloud/android/dependecyinjection/RemoteDataSourceModuleKt$remoteDataSourceModule$1$invoke$$inlined$singleOf$default$3,4,4,100.0
4b3d6e6820237e30,androidx/fragment/app/Fragment$6,4,6,66.67
762d5b2cfbccffc0,kotlin/collections/EmptyMap,4,31,12.9
9a31b5915f3e67f8,androidx/core/view/WindowInsetsCompat$Builder,4,26,15.38
e45fea20ad01803d,com/facebook/stetho/common/LogRedirector,4,25,16.0
4fc7eaa4997aca02,androidx/collection/ArraySet$ElementIterator,4,4,100.0
9e61c481777a4d82,com/owncloud/android/lib/common/http/logging/LogInterceptor$Companion,4,6,66.67
7632ed16b50d319a,androidx/enterprise/feedback/DefaultKeyedAppStatesReporter,4,87,4.6
0ad1fb81efbdcad3,kotlinx/coroutines/internal/MainDispatchersKt,4,19,21.05
5a332c85e30c2288,kotlin/collections/SetsKt___SetsKt,4,56,7.14
074a82ac82cee985,com/owncloud/android/extensions/ActivityExtKt$checkPasscodeEnforced$$inlined$inject$default$1,4,4,100.0
ec6e15dcedabdaec,com/owncloud/android/presentation/authentication/AccountAuthenticatorService,4,4,100.0
7fba2703ba9836c4,androidx/room/util/CursorUtil,4,86,4.65
a964500d4ec0c301,androidx/core/view/PointerIconCompat,4,11,36.36
05d2ab1c80560c18,androidx/core/content/FileProvider$SimplePathStrategy,4,42,9.52
cbe4acc6979ced01,androidx/sqlite/db/SupportSQLiteOpenHelper$Callback,4,73,5.48
c2d498a886e6e35a,androidx/work/impl/constraints/controllers/ConstraintController,4,50,8.0
6bc505d23b556491,androidx/work/impl/constraints/controllers/NetworkMeteredController,4,19,21.05
f67d1fe2c2a13121,com/facebook/stetho/inspector/elements/android/ActivityTracker$AutomaticTracker$AutomaticTrackerICSAndBeyond,4,5,80.0
cde1dc2c0bbe352c,kotlinx/coroutines/channels/Receive,4,4,100.0
a08a4c1db4246d57,kotlin/ResultKt,4,63,6.35
04790608f03c280a,com/owncloud/android/dependecyinjection/RemoteDataSourceModuleKt$remoteDataSourceModule$1$invoke$$inlined$factoryOf$default$1,4,4,100.0
d5ad3f9e113f016d,androidx/emoji2/viewsintegration/EmojiInputConnection$EmojiCompatDeleteHelper,4,6,66.67
5534047491473ac6,com/facebook/stetho/common/LogUtil,4,54,7.41
995a2f2c10e34765,androidx/emoji2/text/EmojiCompat$CompatInternal19,4,25,16.0
ea75f0585c3c35a7,kotlin/jvm/internal/CollectionToArray,4,61,6.56
1143cbe16463500a,com/owncloud/android/presentation/security/LockTimeout$Companion,4,8,50.0
01e18a8ca1b45886,com/owncloud/android/ui/helpers/FilesUploadHelper,4,59,6.78
3ef8802795afe5ab,androidx/work/impl/constraints/trackers/NetworkStateTracker24,4,23,17.39
cca066dd09642b6f,androidx/appcompat/widget/ThemeUtils,4,37,10.81
95dfa2d1b73040d1,com/owncloud/android/presentation/authentication/LoginActivity$special$$inlined$inject$default$1,4,4,100.0
7be7fe66bb9c927f,com/owncloud/android/dependecyinjection/RemoteDataSourceModuleKt$remoteDataSourceModule$1$invoke$$inlined$singleOf$default$1,4,4,100.0
dd490a87e69dba8c,androidx/sqlite/db/SupportSQLiteCompat$Api19Impl,4,6,66.67
25873d9c58a7e4b5,androidx/core/content/res/GrowingArrayUtils,4,48,8.33
306cba00feb41af2,androidx/recyclerview/widget/RecyclerView$ViewFlinger,4,127,3.15
07a7153b304dafac,androidx/work/impl/model/Preference,4,25,16.0
2f56e514535f6918,kotlinx/coroutines/channels/ProducerCoroutine,4,10,40.0
81e41f705106d33d,androidx/core/view/WindowInsetsCompat$BuilderImpl,4,40,10.0
5d4d96390fc7fdd0,androidx/lifecycle/LifecycleDispatcher$DispatcherActivityCallback,4,4,100.0
ceec65d9bcb6d421,androidx/emoji2/text/DefaultGlyphChecker,4,16,25.0
5c28f6dec5507962,androidx/lifecycle/viewmodel/ViewModelInitializer,4,4,100.0
e50a4f699a00d17d,com/owncloud/android/JacocoInstrument/SMSInstrumentedReceiver,4,7,57.14
74b475d139018035,kotlin/reflect/jvm/internal/KDeclarationContainerImpl,4,195,2.05
24b741013c9a760c,com/owncloud/android/ui/activity/DrawerActivity$setupDrawer$3,4,13,30.77
4e5268a18febc3e3,kotlinx/coroutines/scheduling/TaskImpl,4,7,57.14
75415101eb9206d2,androidx/constraintlayout/core/Cache,4,4,100.0
80d8bce7cb3dd0f5,androidx/work/impl/constraints/controllers/NetworkNotRoamingController,4,19,21.05
83d8bab7ee74ccc5,com/facebook/stetho/common/Util,4,52,7.69
984ccbc5d8717e99,kotlin/coroutines/EmptyCoroutineContext,4,9,44.44
8e60898ff4c06fa7,kotlin/coroutines/AbstractCoroutineContextKey,4,11,36.36
f3439ebf6845ecb8,com/owncloud/android/data/user/db/UserDao_Impl,4,62,6.45
55c0b54f71589e86,androidx/room/InvalidationTracker$ObservedTableTracker,4,37,10.81
4b6dd984e95192e0,androidx/core/util/ObjectsCompat,4,23,17.39
1badde30533ef4e4,com/owncloud/android/ui/activity/FileDisplayActivity$special$$inlined$inject$default$1,4,4,100.0
2ffa095abf2ccc84,kotlinx/coroutines/JobKt,4,29,13.79
9fdc472ad8c61f98,androidx/emoji2/text/EmojiCompat$Config,4,28,14.29
7da2be51e45f462b,com/owncloud/android/dependecyinjection/RemoteDataSourceModuleKt$remoteDataSourceModule$1$invoke$$inlined$singleOf$default$2,4,4,100.0
9b4c85bd3a6d16be,com/google/android/material/navigation/NavigationView$SavedState,4,6,66.67
0f08c3ff84293b8e,kotlin/random/Random,4,98,4.08
96b1fb9f94e4610c,com/owncloud/android/data/folderbackup/db/FolderBackupDao_Impl,4,77,5.19
552fc62b36709a42,org/koin/core/definition/KoinDefinition,4,19,21.05
7262e609d6b6f7d7,kotlin/collections/CollectionsKt__CollectionsKt,4,143,2.8
59754bc8723de5fe,kotlin/collections/ArraysKt___ArraysKt,4,10166,0.04
71867011b6b0e911,kotlinx/coroutines/DefaultExecutorKt,4,10,40.0
4870176489b17489,androidx/recyclerview/widget/RecyclerView$SavedState,4,9,44.44
1520be3c556918b8,com/google/android/material/navigation/NavigationBarView$SavedState,4,9,44.44
dda0ec2cbee3c21b,androidx/fragment/app/SpecialEffectsController$Operation$LifecycleImpact,4,6,66.67
6096a1fe6dc643df,kotlinx/coroutines/internal/ThreadContextKt$countAll$1,4,13,30.77
da7f30a2132bbf0f,androidx/work/impl/constraints/trackers/NetworkStateTrackerKt,4,34,11.76
6a5df192f8801fbc,androidx/lifecycle/ProcessLifecycleOwner$2,4,4,100.0
1819f43e1c7d13d8,kotlinx/coroutines/flow/FlowKt__MergeKt,4,33,12.12
a1c0efcb309925ef,com/owncloud/android/data/appregistry/db/AppRegistryDao_Impl,4,35,11.43
08096ea22f8916f1,androidx/recyclerview/widget/RecyclerView$Adapter$StateRestorationPolicy,4,6,66.67
db00c5ea016b263a,com/owncloud/android/presentation/security/LockType,4,6,66.67
e098f25b43d01422,com/owncloud/android/databinding/NavCoordinatorLayoutBinding,4,15,26.67
9f65346171cb7fa2,com/owncloud/android/presentation/security/LockEnforcedType,4,6,66.67
4c9d94107f7c8f0d,com/owncloud/android/data/capabilities/db/OCCapabilityDao_Impl,4,185,2.16
408a9392c5a46bea,com/owncloud/android/presentation/security/LockEnforcedType$Companion,4,7,57.14
16d230a4c95c61b8,androidx/sqlite/db/SupportSQLiteCompat$Api21Impl,4,4,100.0
287b2c48861ff10e,androidx/appcompat/app/AppCompatDelegateImpl$3,4,9,44.44
f85aa29c7be505f5,androidx/lifecycle/ViewModelProviderGetKt,4,7,57.14
7fc387c710cf43f6,kotlinx/coroutines/scheduling/SchedulerCoroutineDispatcher,4,22,18.18
f981851abd52c45d,com/google/android/material/navigation/NavigationBarPresenter$SavedState,4,8,50.0
f223c50c68592f15,androidx/savedstate/SavedStateRegistryController$Companion,4,4,100.0
063a83007c152c0b,kotlinx/coroutines/BuildersKt,4,8,50.0
9f1674de5e668b8b,kotlinx/coroutines/channels/ChannelResult$Companion,4,5,80.0
f8b241c40d8ad6f1,kotlinx/coroutines/flow/internal/FusibleFlow$DefaultImpls,4,8,50.0
d38f4297fd0b66c1,androidx/drawerlayout/widget/DrawerLayout$LayoutParams,4,9,44.44
5edfa0bf6ccc9d4d,com/owncloud/android/providers/implementation/OCContextProvider,4,7,57.14
6e9c81462b3bc74e,com/owncloud/android/presentation/authentication/LoginActivity$special$$inlined$inject$default$2,4,4,100.0
9a074bbb8376a644,androidx/sqlite/db/framework/FrameworkSQLiteStatement,4,7,57.14
f54a14bcadd9f2d6,androidx/work/impl/background/systemjob/SystemJobInfoConverter,4,73,5.48
bc52e50189bf9384,androidx/room/TransactionExecutor,4,23,17.39
2dab197991f03805,com/owncloud/android/presentation/documentsprovider/DocumentsStorageProvider$queryRoots$$inlined$inject$default$1,4,4,100.0
fa59ab6461dcd376,org/koin/core/instance/FactoryInstanceFactory,4,9,44.44
1a2171b4a4ce5058,androidx/sqlite/db/SupportSQLiteOpenHelper$Configuration$Companion,4,4,100.0
d7e74dfb8f922856,androidx/sqlite/db/SupportSQLiteOpenHelper$Configuration,4,9,44.44
c2f2d23261ac7953,androidx/room/DatabaseConfiguration,3,61,4.92
5f6337e98162070e,com/google/android/material/motion/MotionUtils,3,43,6.98
aea4d070f7066395,kotlin/io/CloseableKt,3,28,10.71
42a71afc69a99db3,com/owncloud/android/domain/files/usecases/RenameFileUseCase,3,17,17.65
4d7182c1653c0fd3,kotlinx/coroutines/CancellableContinuationKt,3,46,6.52
a14929bd54f67032,com/owncloud/android/domain/server/usecases/GetServerInfoAsyncUseCase,3,20,15.0
0d6745a8ab2d8e7a,kotlin/random/Random$Default,3,20,15.0
600a758574f33185,androidx/work/WorkManager,3,13,23.08
3a5a01100f79ff5c,androidx/constraintlayout/core/widgets/ConstraintAnchor$Type,3,4,75.0
d07936811dea4a55,com/owncloud/android/domain/validator/FileNameValidator,3,12,25.0
b4652431342dd524,androidx/recyclerview/widget/GapWorker$LayoutPrefetchRegistryImpl,3,40,7.5
177d5a7239bacbcd,androidx/recyclerview/widget/RecyclerView$ItemAnimator,3,42,7.14
39c3978bc04432ac,kotlin/collections/SetsKt__SetsKt,3,33,9.09
6e92061e98489329,kotlin/coroutines/jvm/internal/DebugProbesKt,3,3,100.0
5e3c6d1a74aeee77,org/koin/mp/KoinPlatformTimeTools,3,3,100.0
905e88b691c92baf,androidx/core/view/ViewCompat$Api23Impl,3,8,37.5
a3762867985e4588,androidx/lifecycle/ViewModelProvider$Factory,3,6,50.0
adcc1d4249142768,com/owncloud/android/utils/PreferenceUtils,3,5,60.0
dda3626b169d3bbd,com/owncloud/android/domain/webfinger/usecases/GetOwnCloudInstancesFromAuthenticatedWebFingerUseCase,3,14,21.43
44dfcdbad8487b5c,kotlinx/coroutines/NodeList,3,20,15.0
82786e7f67a560bb,com/owncloud/android/data/spaces/datasources/implementation/OCRemoteSpacesDataSource,3,12,25.0
d58079fab2de5b34,com/owncloud/android/data/spaces/datasources/implementation/OCLocalSpacesDataSource,3,61,4.92
9fbeb4374e1876ae,org/koin/core/definition/Kind,3,5,60.0
de0c7de021a32f06,androidx/work/WorkerFactory,3,22,13.64
786a45479ff035bb,androidx/appcompat/widget/FitWindowsFrameLayout,3,7,42.86
5bbb789d7c1e8803,kotlin/coroutines/CoroutineContext$DefaultImpls,3,3,100.0
f3d6f6df5d8217df,org/koin/core/context/DefaultContextExtKt,3,13,23.08
38669bbcd2a1d9bf,com/google/android/material/internal/NavigationMenuView,3,6,50.0
adea8d73ebe99d1a,kotlin/ranges/RangesKt___RangesKt,3,518,0.58
3948373ceea25040,com/owncloud/android/presentation/migration/StorageMigrationActivity,3,28,10.71
acd774ba1b8ca148,androidx/core/view/ViewCompat$Api19Impl,3,8,37.5
0fdbe0822880fa75,org/koin/core/logger/Level,3,5,60.0
55e8be0c5e7f80c1,com/owncloud/android/data/sharing/shares/datasources/implementation/OCLocalShareDataSource,3,42,7.14
f1fb5214366a66cb,androidx/lifecycle/SavedStateHandlesVM,3,3,100.0
97acc0b4edb8b8ca,androidx/biometric/BiometricManager$DefaultInjector,3,10,30.0
ba81046a9bca8f04,kotlinx/coroutines/Empty,3,6,50.0
add3979ca136998e,androidx/customview/poolingcontainer/PoolingContainer,3,39,7.69
dd47be563cde8920,androidx/lifecycle/LifecycleDispatcher,3,5,60.0
87e448537a0f8181,kotlinx/coroutines/android/AndroidDispatcherFactory,3,6,50.0
65c1ab1a95bdee7f,androidx/emoji2/viewsintegration/EmojiInputFilter$InitCallbackImpl,3,25,12.0
43bcc3d948a2cca0,kotlin/random/FallbackThreadLocalRandom$implStorage$1,3,3,100.0
a8c8453341a76b34,androidx/sqlite/db/framework/FrameworkSQLiteOpenHelperFactory,3,3,100.0
af4cd78cdd520ee4,kotlin/collections/EmptyIterator,3,15,20.0
b82f55b4755afd5d,com/google/android/material/internal/ViewUtils$4,3,4,75.0
59d9b04958ed64f9,kotlin/random/FallbackThreadLocalRandom,3,3,100.0
2cce5e3ac7a538d9,kotlin/ranges/IntRange,3,35,8.57
66c2872a34760b94,com/owncloud/android/data/providers/ScopedStorageProvider,3,3,100.0
96936be7c900b7da,androidx/emoji2/text/EmojiCompatInitializer$1,3,3,100.0
dd49f4d3253ff06a,kotlin/text/StringsKt__AppendableKt,3,21,14.29
d41414bcd77b36ef,androidx/room/SharedSQLiteStatement$stmt$2,3,3,100.0
a51c23b4f5d01136,androidx/lifecycle/SavedStateHandlesProvider$viewModel$2,3,3,100.0
b1b396991a09b010,kotlinx/coroutines/CoroutineDispatcher$Key,3,3,100.0
406bf04d600bbea8,androidx/fragment/app/strictmode/SetRetainInstanceUsageViolation,3,3,100.0
2bd0775412dc4ec9,com/google/android/material/shape/MaterialShapeDrawable$MaterialShapeDrawableState,3,8,37.5
caaf25abf3c29f95,androidx/work/impl/StartStopTokens,3,41,7.32
2f04ec4eb9a8cc77,com/facebook/stetho/inspector/elements/android/ActivityTracker$AutomaticTracker,3,3,100.0
808c887a7f72286e,org/koin/core/KoinApplication$Companion,3,3,100.0
f1ebfc85464d2474,org/koin/core/registry/PropertyRegistry,3,19,15.79
b8b58d02df44cde3,kotlin/collections/SetsKt__SetsJVMKt,3,16,18.75
7982f4296b8f8f92,kotlinx/coroutines/NonDisposableHandle,3,6,50.0
386851f39cbccc1e,com/owncloud/android/data/ClientManager,3,81,3.7
23db98514ba5b27c,com/google/android/material/shape/MaterialShapeDrawable$2,3,4,75.0
75121f04998f304d,androidx/transition/Visibility,3,151,1.99
c8346df4162846f4,com/owncloud/android/lib/common/ConnectionValidator,3,97,3.09
9e344f65601411a0,com/google/android/material/shape/ShapePath$ShadowCompatOperation,3,4,75.0
438db1077a542032,androidx/transition/Fade,3,30,10.0
a3cacf111d1173f5,androidx/activity/OnBackPressedDispatcher$OnBackPressedCancellable,3,3,100.0
15c8f20ef7269a06,androidx/work/impl/constraints/trackers/BroadcastReceiverConstraintTracker,3,7,42.86
345269c2736931e2,kotlinx/coroutines/scheduling/TaskContextImpl,3,3,100.0
06e88491b26a61a1,androidx/core/os/HandlerCompat,3,49,6.12
24ccce7c0dfe9894,kotlinx/coroutines/scheduling/NanoTimeSource,3,3,100.0
74e87e4d065143ac,com/google/android/material/shape/EdgeTreatment,3,5,60.0
08d5289b8d1485cb,org/koin/android/ext/android/AndroidKoinScopeExtKt,3,6,50.0
6b973e45bd8b2d4e,org/koin/android/ext/koin/KoinExtKt$androidContext$1$1,3,3,100.0
ea3a2724117ceccc,kotlinx/coroutines/scheduling/UnlimitedIoScheduler,3,4,75.0
a8bf53ae5e868d1e,androidx/emoji2/viewsintegration/EmojiInputConnection,3,20,15.0
920ec35d2b77d41a,com/owncloud/android/data/folderbackup/datasources/implementation/OCLocalFolderBackupDataSource,3,31,9.68
33f508162379cad0,com/owncloud/android/data/files/datasources/implementation/OCLocalFileDataSource,3,157,1.91
299cd3f179fb43cc,androidx/core/util/Preconditions,3,73,4.11
4c1244fe0dd8e659,com/owncloud/android/data/user/datasources/implementation/OCLocalUserDataSource,3,18,16.67
0d4564d82c83a6e8,com/google/android/material/resources/TextAppearance$1,3,6,50.0
80a2eacbb69d36b2,com/owncloud/android/lib/common/http/logging/LogInterceptor,3,128,2.34
6d188ed007eb444a,kotlinx/coroutines/ChildHandleNode,3,5,60.0
22ba47b2fe324fef,androidx/lifecycle/viewmodel/CreationExtras,3,3,100.0
455a23267771cdde,kotlinx/coroutines/SupervisorKt,3,14,21.43
82eee3e684ae2856,com/owncloud/android/domain/files/usecases/CreateFolderAsyncUseCase,3,8,37.5
98a35e5a90757804,com/google/android/material/shape/RoundedCornerTreatment,3,4,75.0
6daf6338b9e7cdcd,androidx/work/impl/utils/SerialExecutorImpl$Task,3,7,42.86
ba1967f26586c9c1,androidx/core/view/NestedScrollingChildHelper,3,101,2.97
40b498c53655b39c,androidx/appcompat/app/AppCompatActivity$1,3,3,100.0
0fcc33d443cc12e1,com/google/android/material/bottomnavigation/BottomNavigationItemView,3,3,100.0
b25af0ae4440614b,androidx/work/impl/WorkDatabase,3,3,100.0
c54910942dc1b789,org/koin/core/definition/Callbacks,3,19,15.79
2885402b227b335c,kotlinx/coroutines/flow/internal/NullSurrogateKt,3,6,50.0
49ac494740a8117a,androidx/room/util/DBUtil,3,103,2.91
e8e977525ff9064a,com/owncloud/android/presentation/documentsprovider/cursors/RootCursor,3,22,13.64
d76e91a8eb69e451,androidx/drawerlayout/widget/DrawerLayout$ViewDragCallback,3,91,3.3
8138c9781ef810d0,androidx/fragment/app/FragmentViewLifecycleOwner,3,44,6.82
5012d811da345a5a,androidx/room/RoomDatabase$Callback,3,4,75.0
d923561aa352fba8,kotlinx/coroutines/CancelledContinuation,3,5,60.0
e7757e911969b7b9,kotlinx/coroutines/flow/internal/NopCollector,3,3,100.0
a2ee86bda6c33f86,kotlinx/coroutines/scheduling/DefaultScheduler,3,6,50.0
6d44bb7058a237da,androidx/room/InvalidationLiveDataContainer,3,10,30.0
7c4510cf28e3ac97,androidx/core/content/res/ResourcesCompat$ColorStateListCacheEntry,3,4,75.0
6f17f1332562889a,androidx/fragment/app/Fragment$2,3,3,100.0
8b09aaf5345e3ae7,androidx/lifecycle/RepeatOnLifecycleKt,3,9,33.33
a062c449f502c24b,androidx/activity/ComponentActivity$5,3,3,100.0
279004f87a4e15e1,com/owncloud/android/data/files/datasources/implementation/OCRemoteFileDataSource,3,50,6.0
d36b2b6147b48dca,com/owncloud/android/domain/files/usecases/ManageDeepLinkUseCase,3,12,25.0
c6026e18fdf740da,androidx/arch/core/internal/SafeIterableMap$Entry,3,14,21.43
5540b5d061825825,kotlinx/coroutines/GlobalScope,3,3,100.0
713d4b8000dc207d,androidx/sqlite/db/framework/FrameworkSQLiteOpenHelper$DBRefHolder,3,3,100.0
e35fd22644f8576d,androidx/work/impl/background/greedy/DelayedWorkTracker,3,15,20.0
036bd6107f06a5dc,androidx/coordinatorlayout/widget/CoordinatorLayout$HierarchyChangeListener,3,9,33.33
82f7df99f1ae6d86,com/owncloud/android/data/providers/LegacyStorageProvider,3,3,100.0
3c9ffe1f33792021,kotlin/collections/MapsKt__MapsJVMKt,3,46,6.52
82886ebf41506ffe,androidx/constraintlayout/core/state/WidgetFrame,3,321,0.93
669ad8d50756569a,androidx/sqlite/db/SimpleSQLiteQuery$Companion,3,33,9.09
166868c6073dc8c6,androidx/fragment/app/FragmentManager$2,3,5,60.0
d0af7f3e5f045d50,kotlin/coroutines/intrinsics/CoroutineSingletons,3,6,50.0
0b71a07cce1c5f72,kotlinx/coroutines/internal/ScopeCoroutine,3,11,27.27
e0b23afc511451c5,kotlinx/coroutines/EventLoop_commonKt,3,11,27.27
d316477f3d67e9fc,androidx/core/view/ViewCompat$Api20Impl,3,4,75.0
5def64a62fbae0a7,androidx/core/widget/ImageViewCompat,3,45,6.67
b680acae011b0e20,kotlinx/coroutines/ExecutorCoroutineDispatcher$Key,3,3,100.0
b7f401a78aba3a96,org/koin/core/registry/ScopeRegistry$Companion,3,4,75.0
6698e5691e94c3b7,com/google/android/material/shape/AdjustedCornerSize,3,14,21.43
20f1a8eebdd6074a,com/owncloud/android/data/transfers/datasources/implementation/OCLocalTransferDataSource,3,65,4.62
66294d92f451d15b,androidx/constraintlayout/core/widgets/ConstraintWidget$DimensionBehaviour,3,4,75.0
ddf9103a0a0cc36c,com/owncloud/android/data/capabilities/datasources/implementation/OCLocalCapabilitiesDataSource,3,20,15.0
ee54b5a292333f9f,androidx/appcompat/app/AppCompatDelegateImpl$5,2,3,66.67
c6c49c3fff7772b2,androidx/core/os/TraceCompat$Api18Impl,2,3,66.67
96cb1031997021ed,androidx/work/impl/Migration_1_2,2,7,28.57
a34f4ebc2d98a81d,com/owncloud/android/dependecyinjection/ViewModelModuleKt$viewModelModule$1$30,2,22,9.09
b6d7e957ac0cb6c4,androidx/transition/ChangeBounds$1,2,9,22.22
78439c40b56f1330,com/owncloud/android/domain/camerauploads/usecases/ResetVideoUploadsUseCase,2,5,40.0
ef2ab58a316c1993,androidx/work/impl/DefaultRunnableScheduler,2,6,33.33
9a28ef2afe510172,androidx/lifecycle/ViewModelProvider$NewInstanceFactory$Companion$ViewModelKeyImpl,2,2,100.0
e8b1ac6ca83a06b0,com/owncloud/android/domain/files/usecases/MoveFileUseCase,2,57,3.51
ad4f30002770e35b,com/owncloud/android/dependecyinjection/CommonModuleKt$commonModule$1$4,2,7,28.57
72e732ca00ca01cc,androidx/core/graphics/ColorUtils,2,170,1.18
c51e56903c984a0c,kotlinx/coroutines/scheduling/Task,2,4,50.0
db19fdf2782e94f4,com/owncloud/android/domain/sharing/shares/model/ShareType$Companion,2,10,20.0
ca18294b4b5ab32c,com/owncloud/android/extensions/ViewExtKt$setAccessibilityRole$1,2,10,20.0
151634939b439fb9,kotlinx/coroutines/AbstractTimeSourceKt,2,36,5.56
4456eab2411e87a3,com/owncloud/android/domain/authentication/usecases/LoginOAuthAsyncUseCase,2,30,6.67
ba534cf9fc75c55b,com/owncloud/android/data/files/datasources/implementation/OCRemoteFileDataSource$Companion,2,27,7.41
3e8ccf4c213080ab,com/google/android/material/internal/NavigationMenuPresenter$NavigationMenuTextItem,2,2,100.0
7411a58e1efcea80,com/owncloud/android/ui/activity/FileDisplayActivity$Companion,2,2,100.0
5659bc47db351b0b,androidx/activity/result/contract/ActivityResultContracts$RequestMultiplePermissions$Companion,2,4,50.0
741d59a8db64e978,com/owncloud/android/data/capabilities/repository/OCCapabilityRepository,2,13,15.38
5698752fe95d4ed2,androidx/core/view/LayoutInflaterCompat,2,32,6.25
9c903af05f7a2ec6,com/owncloud/android/usecases/transfers/uploads/CancelTransfersFromAccountUseCase,2,7,28.57
5bc9c9cc314ec5ad,com/owncloud/android/domain/webfinger/usecases/GetOwnCloudInstanceFromWebFingerUseCase,2,8,25.0
c966f041c0140162,com/owncloud/android/domain/capabilities/usecases/GetStoredCapabilitiesUseCase,2,5,40.0
96b6e63118212953,com/owncloud/android/dependecyinjection/RepositoryModuleKt,2,2,100.0
c08ff72c5e52bc76,com/owncloud/android/domain/user/usecases/GetStoredQuotaUseCase,2,5,40.0
c338c407b2740b9c,com/owncloud/android/data/OwncloudDatabase_AutoMigration_39_40_Impl,2,15,13.33
02db29abe616511b,com/owncloud/android/domain/authentication/usecases/LoginBasicAsyncUseCase,2,22,9.09
62a7de7a8d11a865,com/owncloud/android/data/migrations/Migration_31Kt,2,2,100.0
af77d5570b35157b,androidx/work/impl/constraints/controllers/BatteryChargingController,2,8,25.0
15bbe346fce7532a,kotlin/collections/CollectionsKt__MutableCollectionsKt,2,134,1.49
36a8d89c8329004b,com/owncloud/android/data/folderbackup/OCFolderBackupRepository,2,9,22.22
6624b1fa6af3b4b7,androidx/drawerlayout/widget/DrawerLayout$AccessibilityDelegate,2,55,3.64
7b4e704a958a21ea,androidx/work/impl/constraints/controllers/BatteryNotLowController,2,8,25.0
c8b1cfc88a2b12a6,androidx/room/RoomDatabase$Companion,2,2,100.0
eedc102fecf2b524,kotlin/ranges/IntProgression$Companion,2,3,66.67
4870aca385312e49,androidx/room/EntityUpsertionAdapter,2,109,1.83
1c79426186a7810c,androidx/collection/LruCache,2,86,2.33
aa6c358668159f0b,com/owncloud/android/domain/authentication/oauth/RequestTokenUseCase,2,5,40.0
6e72b6f6a79bf549,androidx/work/impl/WorkMigration9To10,2,6,33.33
e5d14a7695eee17a,androidx/work/impl/constraints/trackers/StorageNotLowTracker,2,28,7.14
5ae786c16ca8427b,androidx/work/impl/constraints/trackers/BatteryNotLowTracker,2,28,7.14
d6b34fcd56a40138,com/owncloud/android/data/sharing/shares/datasources/implementation/OCLocalShareDataSource$Companion,2,35,5.71
c77db97793dc2710,androidx/core/hardware/fingerprint/FingerprintManagerCompat,2,33,6.06
aeb7ddc489b298ee,androidx/appcompat/widget/TooltipCompat,2,5,40.0
9401027ac508443d,com/owncloud/android/ui/adapter/DiskLruImageCache,2,63,3.17
97e43bba04f81baa,kotlin/reflect/jvm/internal/CachesKt$CACHE_FOR_NULLABLE_BASE_CLASSIFIERS$1,2,5,40.0
7e3f9bbc6539cdc4,com/owncloud/android/domain/utils/Event$EventObserver,2,9,22.22
e5c394d1d1aedd48,com/owncloud/android/domain/files/usecases/SetLastUsageFileUseCase,2,9,22.22
34b82c30a2d2f876,androidx/fragment/app/strictmode/RetainInstanceUsageViolation,2,5,40.0
65c58971d770768e,kotlin/collections/AbstractList,2,30,6.67
2b75df123dddb21c,com/owncloud/android/data/authentication/datasources/implementation/OCRemoteAuthenticationDataSource,2,22,9.09
f6827b192442b345,androidx/work/impl/model/WorkProgressDao_Impl$3,2,2,100.0
409b7dec5b250609,androidx/recyclerview/widget/ViewBoundsCheck,2,31,6.45
82ec11206a822bea,com/owncloud/android/domain/capabilities/usecases/RefreshCapabilitiesFromServerAsyncUseCase,2,6,33.33
05996188a8041d93,androidx/lifecycle/ViewModelProvider$NewInstanceFactory$Companion,2,7,28.57
99caf6860c716400,androidx/recyclerview/widget/RecyclerViewAccessibilityDelegate$ItemDelegate,2,57,3.51
1f0c87dea2802708,kotlin/reflect/jvm/internal/ReflectProperties$LazyVal,2,8,25.0
44b28c1a3100721a,com/owncloud/android/data/migrations/Migration_36Kt,2,2,100.0
b0e3eec242c9df2a,com/owncloud/android/dependecyinjection/LocalDataSourceModuleKt,2,2,100.0
e4d72ff5b26fb977,com/owncloud/android/data/migrations/Migration_34Kt,2,2,100.0
1ca9d8711a9faf6b,androidx/lifecycle/LifecycleOwnerKt,2,2,100.0
37a64b4f0f77834e,com/owncloud/android/domain/availableoffline/usecases/SetFilesAsAvailableOfflineUseCase,2,12,16.67
b7a260aad37564a5,com/owncloud/android/usecases/accounts/RemoveAccountUseCase,2,28,7.14
f8328f0b964d053b,androidx/savedstate/Recreator$Companion,2,2,100.0
cb73f7e28f0c530e,com/owncloud/android/domain/files/usecases/SaveConflictUseCase,2,5,40.0
80b53d2687b6b92f,com/owncloud/android/data/user/repository/OCUserRepository,2,12,16.67
ff36f9b6247184ef,kotlinx/coroutines/internal/LockFreeLinkedListHead,2,22,9.09
43f716e5ee4bd05a,com/owncloud/android/data/migrations/Migration_29Kt,2,2,100.0
237df95b600c166a,com/owncloud/android/usecases/synchronization/SynchronizeFileUseCase,2,65,3.08
3d12ae4886541686,com/owncloud/android/data/spaces/datasources/implementation/OCLocalSpacesDataSource$Companion,2,86,2.33
6a77c1ef739ae021,androidx/core/widget/AutoSizeableTextView,2,3,66.67
6775b95d72613805,kotlin/internal/PlatformImplementationsKt,2,13,15.38
4242cf87ae7ff4d0,com/owncloud/android/dependecyinjection/ViewModelModuleKt$viewModelModule$1$23,2,9,22.22
72738ee48a2c6e8a,com/owncloud/android/data/spaces/repository/OCSpacesRepository,2,38,5.26
35f30005649ecc06,com/owncloud/android/ui/activity/DrawerActivity$Companion,2,2,100.0
3dd0ff49cd03ea18,androidx/recyclerview/widget/LinearLayoutManager$LayoutChunkResult,2,2,100.0
9a66606b4091cf82,kotlin/collections/ArrayDeque,2,327,0.61
d6b3485b504b28e5,androidx/sqlite/db/framework/FrameworkSQLiteOpenHelper$Companion,2,2,100.0
a20e91e02c9a9bb4,com/owncloud/android/data/migrations/Migration_42Kt,2,2,100.0
34282fb8c005c68f,com/owncloud/android/dependecyinjection/ViewModelModuleKt$viewModelModule$1$32,2,12,16.67
05900823eabc352c,androidx/work/impl/constraints/trackers/BroadcastReceiverConstraintTracker$broadcastReceiver$1,2,4,50.0
8246fa33d8824187,kotlin/reflect/jvm/internal/CachesKt$CACHE_FOR_BASE_CLASSIFIERS$1,2,5,40.0
d30a98c19375d643,androidx/core/view/ViewCompat$AccessibilityPaneVisibilityManager,2,38,5.26
38899f751e963bc2,androidx/work/Configuration$Builder,2,19,10.53
9ce53543dfb75111,androidx/sqlite/db/SupportSQLiteOpenHelper$Callback$Companion,2,2,100.0
eb6ecff7eaa6a995,androidx/lifecycle/ViewModelProvider$AndroidViewModelFactory$Companion$ApplicationKeyImpl,2,2,100.0
b563c70358e5d75d,kotlinx/coroutines/Active,2,3,66.67
dae73dfd010b52c6,kotlin/coroutines/jvm/internal/SuspendLambda,2,7,28.57
cda86ccb8a8f885d,com/owncloud/android/domain/files/usecases/ManageDeepLinkUseCase$Companion,2,2,100.0
0e1f769aa78d3c81,kotlin/Pair,2,22,9.09
d4fe98d32af6cbda,com/owncloud/android/domain/user/usecases/GetUserQuotasUseCase,2,5,40.0
ca7c6a2a30afe46e,androidx/work/InputMergerFactory,2,6,33.33
c15289b7c75c3685,com/owncloud/android/domain/authentication/usecases/GetBaseUrlUseCase,2,9,22.22
b3c72581cfbc5c75,androidx/fragment/app/Fragment$OnPreAttachedListener,2,2,100.0
ed512f53741cbad4,com/owncloud/android/dependecyinjection/ViewModelModuleKt,2,2,100.0
5ec449b2f064149c,androidx/fragment/app/FragmentFactory,2,29,6.9
1f517e893d91a051,androidx/lifecycle/DefaultLifecycleObserver,2,6,33.33
a2901c56b7aaf9d9,androidx/arch/core/internal/SafeIterableMap$DescendingIterator,2,3,66.67
4ac6cec58070eaaf,com/owncloud/android/dependecyinjection/ViewModelModuleKt$viewModelModule$1$29,2,13,15.38
d60260e5d24148cc,com/owncloud/android/dependecyinjection/CommonModuleKt,2,2,100.0
1660b145b2a7f400,androidx/work/impl/constraints/controllers/NetworkMeteredController$Companion,2,2,100.0
0fa934c9990c0826,androidx/core/widget/CheckedTextViewCompat,2,26,7.69
2860d2573b9827bc,com/owncloud/android/domain/server/usecases/GetServerInfoAsyncUseCase$Companion,2,2,100.0
b4a270a6145a822c,androidx/room/EntityDeletionOrUpdateAdapter,2,27,7.41
4d033b057ea295bd,com/facebook/stetho/server/AddressNameHelper,2,3,66.67
960e2f771510187f,androidx/activity/result/ActivityResultRegistry$3,2,9,22.22
5f38cc4a3d9872c1,kotlinx/coroutines/channels/AbstractChannel$receiveCatching$1,2,3,66.67
03ffcedb5f4ab067,androidx/work/impl/WorkDatabase_AutoMigration_14_15_Impl,2,9,22.22
1a093eb30c141367,com/owncloud/android/presentation/documentsprovider/cursors/RootCursor$Companion,2,2,100.0
e055d1d3f64c3705,com/owncloud/android/domain/appregistry/usecases/CreateFileWithAppProviderUseCase,2,16,12.5
6877b1ae5105b81b,kotlinx/coroutines/internal/ContextScope,2,3,66.67
3a6bf9f9371b4acc,kotlin/random/AbstractPlatformRandom,2,10,20.0
820f5c028115ae24,com/owncloud/android/lib/common/ConnectionValidator$Companion,2,2,100.0
89845b0d79b06207,androidx/core/graphics/TypefaceCompatBaseImpl,2,82,2.44
782fa541b5352143,com/owncloud/android/dependecyinjection/ViewModelModuleKt$viewModelModule$1$26,2,22,9.09
fe0800eb17d12b04,androidx/core/view/AccessibilityDelegateCompat$AccessibilityDelegateAdapter,2,25,8.0
5634a1a2dc7d9863,androidx/lifecycle/ViewModelProvider$Factory$Companion,2,4,50.0
1de161f93a9d815f,androidx/interpolator/view/animation/LinearOutSlowInInterpolator,2,3,66.67
b6f33d572d4851d7,com/owncloud/android/domain/authentication/oauth/RegisterClientUseCase,2,5,40.0
8a1392a2da7492b7,kotlin/text/Regex$Companion,2,13,15.38
b8afd9438b8f89c1,androidx/work/impl/WorkDatabaseKt,2,2,100.0
42762055c25fff8e,com/owncloud/android/data/oauth/datasources/implementation/OCRemoteOAuthDataSource,2,71,2.82
1630ee021b8b9b5d,com/owncloud/android/data/authentication/repository/OCAuthenticationRepository,2,22,9.09
078f5c91be08cf46,kotlinx/coroutines/internal/LimitedDispatcherKt,2,6,33.33
554478e9c307c2dc,kotlin/Unit,2,3,66.67
25e096e8944913af,androidx/room/InvalidationTracker$ObservedTableTracker$Companion,2,2,100.0
4763e25f94a63e77,com/owncloud/android/domain/files/usecases/CopyFileUseCase,2,30,6.67
ec98e41e44decf00,kotlinx/coroutines/android/HandlerDispatcher,2,4,50.0
ea2a320ac9590cb1,androidx/work/impl/constraints/controllers/NetworkConnectedController,2,15,13.33
aafee021ba514b87,androidx/fragment/app/FragmentLayoutInflaterFactory,2,70,2.86
a92f3f82ce7e0457,com/owncloud/android/ui/activity/DrawerActivity$setupDrawer$4,2,12,16.67
80ec2eff61be2f10,kotlin/collections/builders/SetBuilder$Companion,2,2,100.0
9d21ce0b5d02a20b,kotlin/UNINITIALIZED_VALUE,2,2,100.0
85aa6dc98ef1bd42,com/owncloud/android/data/appregistry/repository/OCAppRegistryRepository,2,20,10.0
8241346934957ce2,com/owncloud/android/dependecyinjection/CommonModuleKt$commonModule$1$1,2,5,40.0
907c0a43489640e9,androidx/arch/core/executor/DefaultTaskExecutor$1,2,4,50.0
8ffdb2386468167a,kotlin/collections/builders/ListBuilderKt,2,41,4.88
b7c1f9f858d78d38,com/owncloud/android/providers/FileContentProvider$Companion,2,2,100.0
df2ed2d021173028,androidx/appcompat/widget/AppCompatTextHelper$1,2,9,22.22
688106d467b76894,kotlinx/coroutines/ChildContinuation,2,3,66.67
e08057c12ad74131,kotlin/Result$Companion,2,5,40.0
4511b0ee87dda86a,kotlin/ranges/IntRange$Companion,2,3,66.67
016bbcdceec0ff43,com/owncloud/android/data/spaces/datasources/implementation/OCRemoteSpacesDataSource$Companion,2,46,4.35
c96ced8e05128dc1,androidx/emoji2/text/EmojiCompat$CompatInternal19$1,2,3,66.67
b98f08fcd320fe49,androidx/appcompat/widget/SearchView$1,2,2,100.0
2374a0df3ac1904b,com/google/android/material/navigation/NavigationBarItemView$ActiveIndicatorUnlabeledTransform,2,3,66.67
412417c0b26d3f02,androidx/work/impl/Migration_15_16,2,9,22.22
0dbc002ed767931b,kotlin/collections/ArrayDeque$Companion,2,2,100.0
4c4b8408fc3fc9c7,kotlinx/coroutines/Job$Key,2,2,100.0
0b92c1d77c9eb25b,androidx/appcompat/widget/AppCompatTextHelper$Api17Impl,2,4,50.0
641a91dd3edb436d,com/owncloud/android/dependecyinjection/RemoteDataSourceModuleKt,2,2,100.0
1b89010753bb01ef,kotlin/collections/AbstractList$Companion,2,45,4.44
dcd7ab311da38b36,com/owncloud/android/data/Executors$MainThreadExecutor,2,4,50.0
4c7d16520c751921,androidx/appcompat/widget/AppCompatTextClassifierHelper,2,6,33.33
b4bcc589dc06512a,com/owncloud/android/usecases/transfers/uploads/UploadFileInConflictUseCase,2,46,4.35
959d76edaa35c7d3,kotlin/internal/PlatformImplementations,2,17,11.76
731bcf65d4efbbee,com/owncloud/android/data/appregistry/datasources/implementation/OCLocalAppRegistryDataSource,2,56,3.57
76decda6672658aa,androidx/work/impl/constraints/trackers/BatteryChargingTracker,2,36,5.56
7001a6c1156da005,com/owncloud/android/domain/files/usecases/IsAnyFileAvailableLocallyAndNotAvailableOfflineUseCase,2,32,6.25
26c2818b8b350210,androidx/activity/result/contract/ActivityResultContracts$StartActivityForResult,2,6,33.33
7b204e4edf530052,com/google/android/material/shape/ShapePath$LineShadowOperation,2,9,22.22
93d31bf9b36cb8bf,androidx/enterprise/feedback/KeyedAppStatesReporter,2,15,13.33
21e003377a29a5b9,com/owncloud/android/data/folderbackup/datasources/implementation/OCLocalFolderBackupDataSource$Companion,2,13,15.38
2b25cdd5203c6713,com/owncloud/android/lib/common/utils/OCFileLoggingTree$Companion,2,2,100.0
25ebe3e50d01d52c,kotlin/collections/ArraysKt___ArraysJvmKt,2,1103,0.18
8c09a1e6f5d93c3e,androidx/savedstate/SavedStateRegistry$Companion,2,2,100.0
3cb8bb9d4c1eeb02,androidx/fragment/app/strictmode/Violation,2,6,33.33
e1f2a0dcbb88531c,androidx/interpolator/view/animation/FastOutLinearInInterpolator,2,3,66.67
a06060fc79f9e5a3,androidx/work/impl/constraints/controllers/NetworkUnmeteredController,2,17,11.76
8a14c470a76a54d3,com/owncloud/android/data/providers/LocalStorageProvider$Companion,2,2,100.0
9a645d791be29ec4,com/google/android/material/internal/NavigationMenuPresenter$NormalViewHolder,2,2,100.0
09d9eed152e6cd96,kotlin/coroutines/ContinuationInterceptor$Key,2,2,100.0
23168ac0610c61f1,androidx/activity/result/contract/ActivityResultContracts$StartActivityForResult$Companion,2,2,100.0
ca0fccaf6cc82b9a,androidx/recyclerview/widget/RecyclerView$RecycledViewPool$ScrapData,2,2,100.0
53b287d803854fdd,androidx/emoji2/viewsintegration/EmojiKeyListener$EmojiCompatHandleKeyDownHelper,2,2,100.0
cf466c5f4dc160df,androidx/work/impl/Migration_3_4,2,6,33.33
f37dea9f4a6c3cb6,com/owncloud/android/data/oauth/repository/OCOAuthRepository,2,8,25.0
b5f7c78d7cc58ea0,com/google/android/material/textfield/EndCompoundLayout$3,2,3,66.67
52cea5a166f901af,androidx/emoji2/text/DefaultEmojiCompatConfig$DefaultEmojiCompatConfigHelper_API19,2,3,66.67
8e50bf5f45d1582e,com/owncloud/android/dependecyinjection/ViewModelModuleKt$viewModelModule$1$25,2,17,11.76
e128d3ce51934eba,kotlin/enums/EnumEntriesKt,2,7,28.57
9aa831d036b0762b,com/owncloud/android/lib/common/SingleSessionManager,2,78,2.56
d03be20a41c79071,com/owncloud/android/domain/authentication/usecases/SupportsOAuth2UseCase,2,9,22.22
49b364c5662f05b8,com/owncloud/android/ui/helpers/FileOperationsHelper,2,85,2.35
8489821f65058801,org/koin/core/module/dsl/OptionDSLKt,2,51,3.92
e6eebf57cfc23878,com/owncloud/android/data/migrations/Migration_30Kt,2,2,100.0
bae8a35cdddddc1f,androidx/work/impl/Migration_12_13,2,5,40.0
76b6204e9339f7bb,com/google/android/material/internal/StaticLayoutBuilderCompat,2,78,2.56
03622aaaddc9d5eb,com/owncloud/android/domain/availableoffline/usecases/UnsetFilesAsAvailableOfflineUseCase,2,12,16.67
68600eb8690804a5,androidx/fragment/app/strictmode/FragmentStrictMode$Policy$Companion,2,2,100.0
9a47308ea20d36ae,androidx/emoji2/text/DefaultEmojiCompatConfig,2,3,66.67
374a05b210cd81ff,kotlinx/coroutines/flow/FlowKt__ChannelsKt$emitAllImpl$1,2,2,100.0
99295985906b7f68,com/owncloud/android/data/files/datasources/implementation/OCLocalFileDataSource$Companion,2,62,3.23
7d61143d8b28ad77,com/owncloud/android/services/OperationsService$ServiceHandler,2,47,4.26
2ed531a157af2096,androidx/emoji2/viewsintegration/EmojiTextWatcher$InitCallbackImpl,2,5,40.0
f342c80d604dec37,org/koin/core/instance/InstanceFactory$Companion,2,2,100.0
b986756c54b4a20f,androidx/work/impl/model/WorkSpecDao_Impl$11,2,2,100.0
b646a678815cb5c6,androidx/work/impl/Migration_7_8,2,4,50.0
3152faa5f16a1523,kotlinx/coroutines/channels/RendezvousChannel,2,5,40.0
493378d114645ed6,kotlin/reflect/jvm/internal/ReflectionFactoryImpl,2,42,4.76
998f1f00cc0c83d9,com/facebook/stetho/Stetho$Initializer$RealSocketHandlerFactory,2,19,10.53
650aaafb22a6e119,androidx/work/impl/Migration_6_7,2,4,50.0
633bd79775807df7,androidx/sqlite/db/framework/FrameworkSQLiteDatabase$Companion,2,2,100.0
7cba19abc55d1d0c,androidx/constraintlayout/core/widgets/analyzer/BasicMeasure$Measure,2,2,100.0
587df1eca14172ed,androidx/lifecycle/viewmodel/CreationExtras$Empty,2,3,66.67
3870b78714d1650f,com/owncloud/android/data/appregistry/datasources/implementation/OCRemoteAppRegistryDataSource,2,35,5.71
d9d026dddb420c84,com/owncloud/android/usecases/synchronization/SynchronizeFolderUseCase,2,42,4.76
97d6e7a55bf209c1,com/owncloud/android/presentation/documentsprovider/DocumentsStorageProvider$Companion,2,2,100.0
5dda2afbcc24c9de,androidx/work/impl/constraints/controllers/NetworkNotRoamingController$Companion,2,2,100.0
f813ddb40f1f5af6,androidx/work/impl/constraints/trackers/NetworkStateTracker24$networkCallback$1,2,8,25.0
0bf033c037c8c250,com/owncloud/android/domain/camerauploads/usecases/GetCameraUploadsConfigurationUseCase,2,5,40.0
c191934aae80e418,com/google/android/material/shape/CornerTreatment,2,4,50.0
068b0422bea12f06,com/owncloud/android/data/server/repository/OCServerInfoRepository,2,29,6.9
74da1caf2f4609b2,kotlin/text/CharsKt__CharJVMKt,2,50,4.0
deba29aae29c6495,androidx/savedstate/ViewTreeSavedStateRegistryOwner,2,6,33.33
5e4ad6d32ce10624,kotlinx/coroutines/scheduling/CoroutineScheduler$Companion,2,2,100.0
59052a9d26591817,com/google/android/material/shape/AbsoluteCornerSize,2,10,20.0
e207bbc4c6d752c2,com/owncloud/android/domain/camerauploads/usecases/ResetPictureUploadsUseCase,2,5,40.0
6d597c372ca5c75d,androidx/room/InvalidationTracker$Companion,2,13,15.38
87740baa2d4bb03c,com/owncloud/android/data/capabilities/datasources/implementation/OCLocalCapabilitiesDataSource$Companion,2,69,2.9
3ce540d470caae96,androidx/lifecycle/ViewModelProvider$AndroidViewModelFactory$Companion,2,11,18.18
4f3716909a8535ad,androidx/emoji2/text/EmojiCompatInitializer$BackgroundDefaultConfig,2,2,100.0
16747b9bd0eb96ad,com/owncloud/android/domain/validator/FileNameValidator$Companion,2,2,100.0
29abe6788d42ddc6,kotlinx/coroutines/CoroutineDispatcher$Key$1,2,6,33.33
aa13ffa1547a57d8,com/owncloud/android/data/migrations/Migration_28Kt,2,2,100.0
718e2d7a27eadbc8,kotlinx/coroutines/internal/ThreadContextKt$findOne$1,2,7,28.57
b09ff3d229bcffcb,kotlinx/coroutines/flow/FlowKt__CollectKt,2,18,11.11
642cd8872d284845,androidx/appcompat/widget/AppCompatHintHelper,2,10,20.0
49c5684db9584999,kotlinx/coroutines/ExecutorCoroutineDispatcher,2,2,100.0
a0e252ec537945eb,androidx/work/impl/RescheduleMigration,2,12,16.67
73cc34dcde60d216,com/google/android/material/navigation/NavigationBarItemView$2,2,2,100.0
b54c85ce1748ee2a,com/owncloud/android/domain/webfinger/usecases/GetOwnCloudInstancesFromAuthenticatedWebFingerUseCase$Companion,2,2,100.0
5ca0377285857aff,com/owncloud/android/domain/spaces/usecases/RefreshSpacesFromServerAsyncUseCase,2,5,40.0
aea4b099a9476372,com/owncloud/android/presentation/authentication/oauth/OAuthUtils$Companion,2,38,5.26
7e4277b7c36d362a,com/owncloud/android/data/files/repository/OCFileRepository,2,359,0.56
7697de2b776f2dcc,com/owncloud/android/data/user/datasources/implementation/OCRemoteUserDataSource,2,13,15.38
0f993ab17ad764c9,com/owncloud/android/providers/LogsProvider$Companion,2,2,100.0
e77289644ed7852f,com/owncloud/android/data/migrations/Migration_38Kt,2,2,100.0
86326c92c246235a,timber/log/Timber$DebugTree$Companion,2,2,100.0
f23562798771c282,androidx/lifecycle/Lifecycle,2,2,100.0
71d5bb8e8470c286,com/jakewharton/disklrucache/Util,2,26,7.69
e544afb34a788ff5,kotlin/coroutines/ContinuationKt,2,24,8.33
5ab95be58ffe1593,com/owncloud/android/data/webfinger/repository/OCWebFingerRepository,2,6,33.33
7bc2d61959fe65ae,kotlin/reflect/jvm/internal/CachesKt$CACHE_FOR_GENERIC_CLASSIFIERS$1,2,5,40.0
31f729df508296e0,androidx/work/impl/Migration_11_12,2,4,50.0
6f0a60c47b0d837b,org/koin/core/qualifier/QualifierKt,2,19,10.53
e52bf09f6d33df66,com/owncloud/android/dependecyinjection/ViewModelModuleKt$viewModelModule$1$24,2,8,25.0
92fb1db601cba837,org/koin/core/parameter/ParametersHolder$Companion,2,2,100.0
5f877e19112ba77d,com/owncloud/android/data/migrations/Migration_32Kt,2,2,100.0
61c874e9fc1d862a,androidx/core/util/ObjectsCompat$Api19Impl,2,3,66.67
1a613915bab19093,androidx/tracing/TraceApi18Impl,2,3,66.67
94a6f92e69c8e5ff,com/owncloud/android/data/authentication/datasources/implementation/OCLocalAuthenticationDataSource,2,103,1.94
ad858a291e0f97ae,androidx/work/impl/Migration_4_5,2,5,40.0
b1c249f747ee41d0,kotlin/reflect/jvm/internal/CachesKt$K_PACKAGE_CACHE$1,2,5,40.0
d47d9f7e12fe31c7,androidx/work/impl/constraints/controllers/StorageNotLowController,2,8,25.0
e7c03ffd914f37df,kotlin/reflect/jvm/internal/KDeclarationContainerImpl$Companion,2,3,66.67
73532f708c6b3ab3,com/owncloud/android/providers/WorkManagerProvider,2,56,3.57
2f86a70c68ba0503,com/owncloud/android/data/user/datasources/implementation/OCLocalUserDataSource$Companion,2,12,16.67
79922c79ad3a7d02,com/owncloud/android/data/migrations/Migration_35Kt,2,2,100.0
7b94970817b0189b,com/owncloud/android/data/server/datasources/implementation/OCRemoteServerInfoDataSource,2,40,5.0
ed3e3c004d0ef2f2,kotlinx/coroutines/internal/AtomicKt,2,4,50.0
b668aac56d5db8da,androidx/appcompat/content/res/AppCompatResources,2,3,66.67
34a3f0a02d947c57,com/google/android/material/shape/ShapePath$PathOperation,2,2,100.0
c04a5009387442d3,com/owncloud/android/data/migrations/Migration_33Kt,2,2,100.0
0ca6b502f3deaac5,com/owncloud/android/dependecyinjection/ViewModelModuleKt$viewModelModule$1$31,2,8,25.0
cee8f69daaf16a7a,com/owncloud/android/domain/files/usecases/RemoveFileUseCase,2,11,18.18
a6a84634f8f0e5cf,kotlin/coroutines/jvm/internal/CompletedContinuation,2,7,28.57
5befc2b68cc38523,kotlin/enums/EnumEntriesList,2,23,8.7
07ef89706a471836,androidx/work/impl/Migration_8_9,2,4,50.0
46143f8bb1cdc08b,com/owncloud/android/presentation/security/LockType$Companion,2,5,40.0
89b917f53796c3d0,androidx/emoji2/text/EmojiCompat$InitCallback,2,3,66.67
3a96b4eb76b4a9d0,androidx/interpolator/view/animation/FastOutSlowInInterpolator,2,3,66.67
f7e0d5b6144e84cf,kotlin/jvm/internal/StringCompanionObject,2,2,100.0
a1e6f5a24c841f03,com/owncloud/android/dependecyinjection/UseCaseModuleKt,2,2,100.0
c46875f6ab4841b3,kotlin/reflect/jvm/internal/ReflectProperties,2,12,16.67
3092dfda4fbaaa92,androidx/fragment/app/FragmentManagerViewModel$1,2,2,100.0
e2e6d78fc925f07d,kotlinx/coroutines/flow/internal/SendingCollector,2,3,66.67
6cf33d749f560d07,androidx/appcompat/app/AppCompatDelegateImpl$ListMenuDecorView,2,24,8.33
1822d95c75ca815f,com/owncloud/android/data/capabilities/datasources/implementation/OCRemoteCapabilitiesDataSource,2,7,28.57
4dc9bbb470ef1ef3,com/owncloud/android/data/webfinger/datasources/implementation/OCRemoteWebFingerDataSource,2,11,18.18
6073497f9f364dd4,kotlin/collections/AbstractMutableSet,2,2,100.0
d63624903a88778f,kotlinx/coroutines/Unconfined,2,7,28.57
555eb83c963c1b56,androidx/activity/result/contract/ActivityResultContracts$RequestMultiplePermissions,2,42,4.76
ea6cb6aba6526320,com/owncloud/android/data/transfers/repository/OCTransferRepository,2,29,6.9
58ae85954d293b87,kotlin/Result$Failure,2,9,22.22
7f1b7ec1057524e6,androidx/emoji2/text/EmojiProcessor,2,189,1.06
e25d7b22fd5723c0,com/owncloud/android/presentation/sharing/sharees/UsersAndGroupsSearchProvider$Companion,2,4,50.0
e0721804eb25f5df,com/owncloud/android/dependecyinjection/CommonModuleKt$commonModule$1$7,2,5,40.0
0bf589c412a57e18,com/owncloud/android/data/migrations/Migration_43Kt,2,2,100.0
a9aadb9ddeee56b3,com/owncloud/android/usecases/transfers/downloads/DownloadFileUseCase,2,45,4.44
8a35c47739aa369b,com/owncloud/android/dependecyinjection/ViewModelModuleKt$viewModelModule$1$27,2,11,18.18
c5a5a87951a3cd99,kotlin/reflect/jvm/internal/ReflectProperties$Val,2,9,22.22
f825a3d9467e0c8d,com/owncloud/android/data/transfers/datasources/implementation/OCLocalTransferDataSource$Companion,2,41,4.88
b4858cc6d32d5431,kotlinx/coroutines/internal/ThreadContextKt$updateState$1,2,7,28.57
74d74f80b250af86,kotlinx/coroutines/ExecutorCoroutineDispatcher$Key$1,2,6,33.33
94bf84999110921c,com/google/android/material/resources/TypefaceUtils,2,11,18.18
eb379f4bc88209c3,androidx/core/math/MathUtils,2,60,3.33
0ac9652def3b8231,com/google/android/material/internal/NavigationMenuPresenter$NavigationMenuViewAccessibilityDelegate,2,6,33.33
256a4443270e25e3,androidx/arch/core/internal/SafeIterableMap$AscendingIterator,1,3,33.33
4a972a1eff69d878,androidx/fragment/app/Fragment$5,1,7,14.29
05e002607bffe369,com/google/android/material/textfield/TextInputLayout$1,1,12,8.33
e714645491accf96,androidx/appcompat/widget/AppCompatTextViewAutoSizeHelper$Impl,1,3,33.33
94bbc3b0b36adb09,androidx/work/impl/model/SystemIdInfoDao_Impl$2,1,2,50.0
7a8c365854354ac6,com/owncloud/android/domain/BaseUseCase,1,2,50.0
e5355f149be76b7c,com/google/android/material/navigation/NavigationBarPresenter$SavedState$1,1,5,20.0
688103439a5d30e5,com/owncloud/android/dependecyinjection/ViewModelModuleKt$viewModelModule$1$invoke$$inlined$viewModelOf$default$6,1,5,20.0
bc31f45ff049af23,androidx/appcompat/widget/SearchView$9,1,3,33.33
ab06cac1f0651a80,androidx/fragment/app/Fragment$1,1,2,50.0
7cdd4bfbf639662a,kotlin/jvm/internal/ReflectionFactory,1,30,3.33
e95af69030ace511,kotlin/internal/jdk7/JDK7PlatformImplementations,1,16,6.25
6b7bf6986f3b6396,kotlinx/coroutines/channels/ChannelsKt,1,70,1.43
8d76bbbea16da550,com/owncloud/android/data/migrations/AutoMigration39To40,1,1,100.0
e5bce2e5f4174517,com/facebook/stetho/server/ServerManager$1,1,5,20.0
1ebbcc181e412acb,com/owncloud/android/dependecyinjection/UseCaseModuleKt$useCaseModule$1$invoke$$inlined$factoryOf$default$66,1,5,20.0
e5991b33225b0108,kotlinx/coroutines/CancelHandlerBase,1,1,100.0
a9b7e052b4a3e1cc,kotlinx/coroutines/CompletionHandlerBase,1,1,100.0
e2c33cbfbb87d6a1,androidx/appcompat/widget/Toolbar$SavedState$1,1,7,14.29
44864a612e2d9ac2,com/owncloud/android/dependecyinjection/UseCaseModuleKt$useCaseModule$1$invoke$$inlined$factoryOf$default$76,1,6,16.67
1fef45833b118909,androidx/work/impl/model/WorkSpecDao_Impl$7,1,2,50.0
99b901cabea62845,com/owncloud/android/data/sharing/shares/db/OCShareDao_Impl$2,1,2,50.0
3fe544243d32aee4,com/owncloud/android/dependecyinjection/UseCaseModuleKt$useCaseModule$1$invoke$$inlined$factoryOf$default$93,1,5,20.0
f3e93458a8fa41e4,com/owncloud/android/dependecyinjection/UseCaseModuleKt$useCaseModule$1$invoke$$inlined$factoryOf$default$20,1,5,20.0
bc8b3c18c1a23371,com/owncloud/android/data/OwncloudDatabase_AutoMigration_44_45_Impl,1,2,50.0
7e28094b23bfc5a1,androidx/recyclerview/widget/SimpleItemAnimator,1,59,1.69
d374d331580c5f5c,com/owncloud/android/dependecyinjection/UseCaseModuleKt$useCaseModule$1$invoke$$inlined$factoryOf$default$80,1,5,20.0
b9b33fa9fe9e58a5,androidx/work/impl/model/WorkSpecDao_Impl$6,1,2,50.0
da22e826d7055546,androidx/activity/ComponentActivity$1,1,6,16.67
bb6fd6a616b22be6,com/google/android/material/appbar/AppBarLayout$1,1,2,50.0
54614327ce015129,androidx/appcompat/widget/SearchView$SavedState$1,1,7,14.29
e7eca40ab2bc37d9,androidx/localbroadcastmanager/content/LocalBroadcastManager$1,1,4,25.0
39f97c297933dd3a,com/google/android/material/navigation/NavigationView$1,1,7,14.29
6a60f9c380e0e015,kotlinx/coroutines/flow/internal/ChannelFlowTransformLatest$flowCollect$3$1$emit$1,1,2,50.0
594bc3c520ec7b8b,androidx/fragment/app/FragmentManagerImpl,1,1,100.0
2d50cea475eca02d,com/owncloud/android/dependecyinjection/UseCaseModuleKt$useCaseModule$1$invoke$$inlined$factoryOf$default$65,1,5,20.0
5dd1c6ca9d457ce3,kotlinx/coroutines/flow/internal/AbstractSharedFlowSlot,1,1,100.0
074fced6829dd4c4,com/owncloud/android/data/sharing/shares/db/OCShareDao_Impl$4,1,2,50.0
45b44ddbceaf779c,androidx/drawerlayout/widget/DrawerLayout$1,1,6,16.67
fa62b4c965491e27,com/owncloud/android/dependecyinjection/UseCaseModuleKt$useCaseModule$1$invoke$$inlined$factoryOf$default$18,1,7,14.29
f9e435fb6edfae47,androidx/room/RoomOpenHelper$Delegate,1,8,12.5
8b851a70d5337e22,com/owncloud/android/ui/activity/FileDisplayActivity$SyncBroadcastReceiver,1,65,1.54
e0ee08f04f2686c7,com/owncloud/android/dependecyinjection/UseCaseModuleKt$useCaseModule$1$invoke$$inlined$factoryOf$default$30,1,5,20.0
340707df822ceb5f,com/owncloud/android/dependecyinjection/ViewModelModuleKt$viewModelModule$1$invoke$$inlined$viewModelOf$default$13,1,7,14.29
40a3868aa0134648,com/owncloud/android/dependecyinjection/UseCaseModuleKt$useCaseModule$1$invoke$$inlined$factoryOf$default$27,1,5,20.0
afb71a237949a1ce,androidx/appcompat/widget/Toolbar$2,1,2,50.0
44ba2542cac636e0,kotlin/reflect/jvm/internal/ReflectProperties$Val$1,1,1,100.0
089708d5bffbc35d,com/google/android/material/internal/NavigationMenuPresenter$ViewHolder,1,1,100.0
33b6ff3c52bfc222,com/owncloud/android/dependecyinjection/RemoteDataSourceModuleKt$remoteDataSourceModule$1$invoke$$inlined$factoryOf$default$2,1,4,25.0
8a678778153bea57,androidx/appcompat/widget/SearchView$2,1,5,20.0
ff6ee9c54470c012,androidx/lifecycle/ViewTreeLifecycleOwner,1,10,10.0
102228f91b0e4c4b,com/owncloud/android/data/migrations/Migration_42Kt$MIGRATION_41_42$1,1,4,25.0
cfaa5b3ab7d717f2,androidx/activity/result/contract/ActivityResultContract,1,2,50.0
8f8a0dc8d6d1b560,com/google/android/material/navigation/NavigationBarMenuView$1,1,7,14.29
919e7ae5831b3eec,androidx/recyclerview/widget/ViewBoundsCheck$BoundFlags,1,24,4.17
70906b5a19aea88f,com/owncloud/android/dependecyinjection/UseCaseModuleKt$useCaseModule$1$invoke$$inlined$factoryOf$default$39,1,5,20.0
16d7cbcee15d47bb,androidx/work/impl/model/WorkTagDao_Impl,1,54,1.85
67609d99716142f4,androidx/work/impl/model/WorkSpecDao_Impl$3,1,2,50.0
d4b7c8882a28dc8a,com/google/android/material/internal/ViewUtils$3,1,2,50.0
c0313f30ef1da595,androidx/appcompat/widget/SearchView$3,1,5,20.0
af8752f5edf31b96,com/google/android/material/internal/ContextUtils,1,4,25.0
2a6572d30bbfcb2b,kotlin/jvm/internal/Lambda,1,3,33.33
8298d0480d245c50,kotlin/reflect/jvm/internal/KClassImpl$data$1,1,3,33.33
d02a5cd200a4d102,androidx/coordinatorlayout/widget/CoordinatorLayout$SavedState$1,1,7,14.29
c8a7ff76518978c2,kotlin/collections/AbstractMutableList,1,3,33.33
0bc7e04f34aeb2c6,androidx/core/content/pm/PackageInfoCompat,1,65,1.54
4d457b019b6ce93f,com/owncloud/android/data/files/db/FileDao_Impl$11,1,2,50.0
522b08b9d3781835,com/owncloud/android/presentation/authentication/LoginActivity$initLiveDataObservers$5,1,10,10.0
fcd1008747c066e8,androidx/localbroadcastmanager/content/LocalBroadcastManager$ReceiverRecord,1,10,10.0
25d7c66dd4fa0c90,com/owncloud/android/dependecyinjection/UseCaseModuleKt$useCaseModule$1$invoke$$inlined$factoryOf$default$109,1,5,20.0
1188efc0bfe88fe4,com/facebook/stetho/server/LazySocketHandler,1,6,16.67
900f77f7e86dfcf8,com/owncloud/android/dependecyinjection/RemoteDataSourceModuleKt$remoteDataSourceModule$1$invoke$$inlined$singleOf$default$10,1,6,16.67
c5ade50a889da087,com/owncloud/android/dependecyinjection/UseCaseModuleKt$useCaseModule$1$invoke$$inlined$factoryOf$default$73,1,5,20.0
7d42a727a12f3754,androidx/appcompat/widget/ResourceManagerInternal$ColorFilterLruCache,1,5,20.0
642b948a5b8070e3,com/owncloud/android/dependecyinjection/UseCaseModuleKt$useCaseModule$1$invoke$$inlined$factoryOf$default$13,1,5,20.0
32deec50f7fd62db,androidx/core/view/GravityCompat$Api17Impl,1,4,25.0
4e0ba71f7d03f65f,com/owncloud/android/dependecyinjection/UseCaseModuleKt$useCaseModule$1$invoke$$inlined$factoryOf$default$17,1,5,20.0
aa184fb855fcbd18,com/owncloud/android/data/OwncloudDatabase_Impl$1,1,275,0.36
2759d79acffa5cef,com/owncloud/android/domain/exceptions/StateMismatchException,1,1,100.0
e0ea9f8e8fb6e4b7,com/owncloud/android/dependecyinjection/UseCaseModuleKt$useCaseModule$1$invoke$$inlined$factoryOf$default$98,1,5,20.0
1d6b9f9d07a35b45,androidx/appcompat/view/ContextThemeWrapper$Api17Impl,1,2,50.0
3593469a332815ad,com/owncloud/android/data/migrations/Migration_28Kt$MIGRATION_27_28$1,1,7,14.29
d501848fc0385a07,kotlin/coroutines/ContinuationInterceptor,1,1,100.0
ae899f7fa99eb3c5,com/owncloud/android/data/sharing/shares/db/OCShareDao_Impl$3,1,2,50.0
0ec10cc426f33567,com/owncloud/android/data/spaces/db/SpacesDao_Impl$3,1,2,50.0
fd05266d91fbc689,com/owncloud/android/data/files/db/FileDao_Impl$4,1,2,50.0
f4c782ff922a53e7,com/owncloud/android/data/OwncloudDatabase_AutoMigration_36_37_Impl,1,8,12.5
9c1d4c781a235b31,androidx/core/widget/TextViewCompat$Api17Impl,1,9,11.11
23b9704f665ffa43,com/owncloud/android/data/files/db/FileDao_Impl$1,1,85,1.18
3de9c1aa18ec56c4,androidx/fragment/app/FragmentManager$8,1,10,10.0
12636799d2099a5d,kotlinx/coroutines/EventLoopImplPlatform,1,10,10.0
eb679ef4837211bd,androidx/fragment/app/FragmentManager$1,1,2,50.0
fcbbd92fbbd7a60b,kotlinx/coroutines/CancelHandler,1,1,100.0
e95ef20e18cc73b8,com/owncloud/android/lib/resources/webfinger/services/implementation/OCWebFingerService,1,3,33.33
dbc240777cc48cdc,androidx/emoji2/text/EmojiCompat$CompatInternal,1,8,12.5
c8a0b452eb0c4d8f,com/owncloud/android/dependecyinjection/UseCaseModuleKt$useCaseModule$1$invoke$$inlined$factoryOf$default$28,1,5,20.0
2b0c3d7d7d1fd34d,androidx/arch/core/executor/ArchTaskExecutor$1,1,2,50.0
2d9d4d6fc9e170d6,androidx/work/impl/model/WorkSpecDao_Impl$13,1,2,50.0
a18922ad9463f9e3,com/google/android/material/internal/CollapsingTextHelper$1,1,2,50.0
ccbe1abcd1984b27,androidx/collection/ArrayMap,1,60,1.67
eb0e1fa20d509585,androidx/appcompat/widget/SearchView$10,1,4,25.0
014ffd0decbefb6a,androidx/lifecycle/LiveData$1,1,4,25.0
1a9b79855a7e4098,kotlinx/coroutines/CoroutineStart$WhenMappings,1,1,100.0
e8b6cf67a4f2c72d,androidx/core/widget/ImageViewCompat$Api21Impl,1,5,20.0
317081e26c26f8c0,com/google/android/material/internal/TextScale,1,21,4.76
a5898d5f88ce554c,androidx/recyclerview/widget/GapWorker$1,1,15,6.67
5f8b01736b9c3b75,kotlinx/coroutines/SupervisorJobImpl,1,2,50.0
b08b0ae0cb310188,com/owncloud/android/ui/activity/FileDisplayActivity$startListeningToOperations$7,1,4,25.0
aa989ccc7cdcd450,com/google/android/material/internal/NavigationMenuItemView$1,1,3,33.33
070df74e5ef1dcc3,com/google/android/material/internal/NavigationMenuPresenter$NavigationMenuHeaderItem,1,1,100.0
3eb5c52e48c2fee6,androidx/activity/result/ActivityResultRegistry$CallbackAndContract,1,1,100.0
18cc52abadcf08c5,androidx/core/widget/EdgeEffectCompat,1,24,4.17
f68be010acce677d,com/owncloud/android/data/migrations/Migration_30Kt$MIGRATION_29_30$1,1,6,16.67
b588659818db9723,kotlinx/coroutines/flow/internal/AbstractSharedFlowKt,1,2,50.0
21f177d4bbdde743,androidx/fragment/app/FragmentContainer,1,2,50.0
3894d9fcf2951ad5,com/owncloud/android/dependecyinjection/UseCaseModuleKt$useCaseModule$1$invoke$$inlined$factoryOf$default$21,1,5,20.0
34905819aa0d4fef,com/google/android/material/R$styleable,1,2,50.0
8bd58c12b852a843,kotlinx/coroutines/sync/Empty,1,2,50.0
053436e641678aa0,androidx/appcompat/widget/SearchView$7,1,2,50.0
1f6ec808f75bcf5f,com/owncloud/android/data/OwncloudDatabase_AutoMigration_38_39_Impl,1,2,50.0
72643d37ffb4adef,com/owncloud/android/data/files/db/FileDao_Impl$13,1,86,1.16
0dc9c9fb697e7b09,androidx/transition/RectEvaluator,1,6,16.67
00b3106079294f30,com/owncloud/android/presentation/authentication/LoginActivity$initLiveDataObservers$6,1,10,10.0
61584f57c14922da,kotlinx/coroutines/internal/Removed,1,2,50.0
f4bd155d3e4f8dac,com/owncloud/android/dependecyinjection/ViewModelModuleKt$viewModelModule$1$invoke$$inlined$viewModelOf$default$9,1,7,14.29
34158076a75b2d87,com/owncloud/android/dependecyinjection/UseCaseModuleKt$useCaseModule$1$invoke$$inlined$factoryOf$default$89,1,7,14.29
328ab4e6a02bcf50,kotlinx/coroutines/channels/Send,1,2,50.0
328ef537f83fa6c2,com/owncloud/android/dependecyinjection/UseCaseModuleKt$useCaseModule$1$invoke$$inlined$factoryOf$default$61,1,5,20.0
583d9f193b76382c,com/owncloud/android/data/spaces/db/SpacesDao_Impl$6,1,32,3.12
8166efcaaf84d68d,androidx/recyclerview/widget/RecyclerView$2,1,5,20.0
8587c00cac3aff96,com/owncloud/android/dependecyinjection/UseCaseModuleKt$useCaseModule$1$invoke$$inlined$factoryOf$default$35,1,6,16.67
69d626e32d474438,androidx/lifecycle/ProcessLifecycleOwner$1,1,3,33.33
fc875ab505a49cf2,androidx/transition/Transition$1,1,4,25.0
762189fe76dd07fa,androidx/work/impl/WorkManagerImpl$Api24Impl,1,2,50.0
ba85a2d173c94abc,androidx/customview/widget/ViewDragHelper$1,1,2,50.0
d2d4b704ac10d69d,com/owncloud/android/dependecyinjection/UseCaseModuleKt$useCaseModule$1$invoke$$inlined$factoryOf$default$56,1,5,20.0
7cfe94989ee2b303,com/owncloud/android/data/files/db/FileDao_Impl$3,1,86,1.16
8537d3687b63572c,com/owncloud/android/dependecyinjection/UseCaseModuleKt$useCaseModule$1$invoke$$inlined$factoryOf$default$108,1,5,20.0
9ecf44deb146a319,com/owncloud/android/dependecyinjection/UseCaseModuleKt$useCaseModule$1$invoke$$inlined$factoryOf$default$7,1,5,20.0
7b361da4e2560218,androidx/fragment/app/FragmentManagerState$1,1,5,20.0
90026233ce23744f,com/owncloud/android/data/appregistry/db/AppRegistryDao_Impl$3,1,41,2.44
8e499628323bef7f,com/facebook/stetho/Stetho$1,1,3,33.33
62a1ade9dfe8c038,androidx/interpolator/view/animation/LookupTableInterpolator,1,4,25.0
1a7af8e9bcca7c53,kotlinx/coroutines/internal/OpDescriptor,1,9,11.11
49ae8513fb916dc0,com/owncloud/android/data/files/db/FileDao_Impl$12,1,85,1.18
d3a70803629a6619,com/owncloud/android/dependecyinjection/UseCaseModuleKt$useCaseModule$1$invoke$$inlined$factoryOf$default$77,1,7,14.29
9c5c893f6a1ec95f,androidx/recyclerview/widget/RecyclerView$SavedState$1,1,7,14.29
65f440130c65564b,com/owncloud/android/dependecyinjection/ViewModelModuleKt$viewModelModule$1$invoke$$inlined$viewModelOf$default$7,1,8,12.5
aa2eda5051f24028,com/owncloud/android/data/files/db/FileDao_Impl$5,1,2,50.0
53abdd5b5dfac6c9,androidx/work/impl/model/WorkSpecDao_Impl$2,1,72,1.39
e1cb3b9195689fdd,com/owncloud/android/dependecyinjection/ViewModelModuleKt$viewModelModule$1$invoke$$inlined$viewModelOf$default$17,1,5,20.0
bae05523d643f4e5,com/owncloud/android/dependecyinjection/UseCaseModuleKt$useCaseModule$1$invoke$$inlined$factoryOf$default$85,1,5,20.0
1e953303aa0fce26,androidx/transition/ChangeBounds$5,1,9,11.11
35b2173f04aa4cfa,androidx/fragment/app/FragmentTransaction$Op,1,5,20.0
2999985232597e26,com/google/android/material/shape/RelativeCornerSize,1,14,7.14
fe6d2cd4d0966f61,com/owncloud/android/dependecyinjection/UseCaseModuleKt$useCaseModule$1$invoke$$inlined$factoryOf$default$72,1,5,20.0
8e1b146e8906aff2,kotlinx/coroutines/channels/ChannelResult$Failed,1,2,50.0
4ff00ce1cfc0a22b,com/jakewharton/disklrucache/DiskLruCache$1,1,12,8.33
1ceb04f256ecafb4,com/google/android/material/textfield/NoEndIconDelegate,1,1,100.0
442ef6c0a3494262,androidx/transition/ChangeBounds$4,1,9,11.11
44042d578727c1f6,androidx/work/impl/model/WorkSpecDao_Impl$10,1,2,50.0
0398bfff11fa996e,com/owncloud/android/dependecyinjection/RemoteDataSourceModuleKt$remoteDataSourceModule$1$invoke$$inlined$singleOf$default$11,1,6,16.67
ad3ddfe63075ca21,androidx/work/impl/model/WorkSpecDao_Impl$4,1,2,50.0
5feffa5f14192aa9,androidx/drawerlayout/R$styleable,1,2,50.0
39cec87ca85086e1,com/owncloud/android/dependecyinjection/ViewModelModuleKt$viewModelModule$1$invoke$$inlined$viewModelOf$default$4,1,18,5.56
918a8871ae144e03,kotlinx/coroutines/BeforeResumeCancelHandler,1,1,100.0
454cf556bce68c93,kotlinx/coroutines/internal/Symbol,1,5,20.0
c9144b906c8710ae,com/owncloud/android/dependecyinjection/ViewModelModuleKt$viewModelModule$1$invoke$$inlined$viewModelOf$default$18,1,13,7.69
1d609d348dff9d38,androidx/recyclerview/R$styleable,1,2,50.0
304719ad8eaef73a,com/google/android/material/navigation/NavigationView$SavedState$1,1,7,14.29
738ccf2f33db3a00,com/owncloud/android/data/migrations/Migration_35Kt$MIGRATION_34_35$1,1,3,33.33
297dafecf2f88a10,androidx/core/content/ContextCompat$Api19Impl,1,4,25.0
964b2ffcaf53e09d,com/owncloud/android/presentation/authentication/LoginActivity$initLiveDataObservers$4,1,15,6.67
afbe570ed9a5a839,com/owncloud/android/data/files/db/FileDao_Impl$2,1,14,7.14
911b318b8d30585e,androidx/core/graphics/drawable/DrawableCompat$Api21Impl,1,10,10.0
53a71f3b334ed59e,kotlinx/coroutines/JobCancellingNode,1,1,100.0
f7f407e0e6f9d678,com/owncloud/android/dependecyinjection/ViewModelModuleKt$viewModelModule$1$invoke$$inlined$viewModelOf$default$21,1,5,20.0
ae8ef358940fdc7d,com/owncloud/android/data/folderbackup/db/FolderBackupDao_Impl$2,1,2,50.0
a0b661f8d8085c23,androidx/lifecycle/ViewModelProvider$NewInstanceFactory,1,13,7.69
409521b64d48fe4b,com/owncloud/android/dependecyinjection/UseCaseModuleKt$useCaseModule$1$invoke$$inlined$factoryOf$default$43,1,4,25.0
599c9ac05d9819e6,androidx/lifecycle/ViewModelProvider$AndroidViewModelFactory,1,33,3.03
e4c5e85ec56a6654,androidx/fragment/app/FragmentManager$FragmentIntentSenderContract,1,22,4.55
2003ce3cbada4d68,androidx/lifecycle/SavedStateHandleSupport$SAVED_STATE_REGISTRY_OWNER_KEY$1,1,1,100.0
c35452fb2392a6c4,com/google/android/material/internal/ParcelableSparseArray$1,1,7,14.29
56b5558f74233802,com/owncloud/android/dependecyinjection/ViewModelModuleKt$viewModelModule$1$invoke$$inlined$viewModelOf$default$12,1,7,14.29
1ef15113fe38ac43,androidx/lifecycle/SavedStateHandleSupport$VIEW_MODEL_STORE_OWNER_KEY$1,1,1,100.0
8a1c429717e1fb61,androidx/work/impl/model/SystemIdInfoDao_Impl$3,1,2,50.0
eff6c8635e7f6152,com/owncloud/android/dependecyinjection/UseCaseModuleKt$useCaseModule$1$invoke$$inlined$factoryOf$default$90,1,5,20.0
6a8321ec1cadcfb2,androidx/emoji2/viewsintegration/EmojiTextViewHelper$HelperInternal,1,7,14.29
5fb12e0370aea566,com/owncloud/android/dependecyinjection/UseCaseModuleKt$useCaseModule$1$invoke$$inlined$factoryOf$default$57,1,5,20.0
fcd0dd2d9d5f2329,com/owncloud/android/dependecyinjection/UseCaseModuleKt$useCaseModule$1$invoke$$inlined$factoryOf$default$48,1,5,20.0
74a6387e4936e9f8,com/owncloud/android/dependecyinjection/UseCaseModuleKt$useCaseModule$1$invoke$$inlined$factoryOf$default$58,1,5,20.0
e69dde79f4e3d440,com/owncloud/android/dependecyinjection/UseCaseModuleKt$useCaseModule$1$invoke$$inlined$factoryOf$default$31,1,6,16.67
79386e28acbd29c7,com/owncloud/android/data/spaces/db/SpacesDao_Impl$5,1,69,1.45
b0032ffb0a6c9587,com/owncloud/android/dependecyinjection/UseCaseModuleKt$useCaseModule$1$invoke$$inlined$factoryOf$default$79,1,7,14.29
497ca26a9b6d5c88,kotlin/collections/ArraysUtilJVM,1,2,50.0
90dd0815aeffe150,androidx/transition/ChangeBounds$6,1,9,11.11
232686969f12d5d8,com/owncloud/android/data/OwncloudDatabase_AutoMigration_43_44_Impl,1,7,14.29
e145cad7685bcee5,androidx/transition/ChangeBounds$3,1,5,20.0
9129ae5bc97f4f2c,androidx/drawerlayout/widget/DrawerLayout$SavedState$1,1,7,14.29
d6dd294f675f2c35,com/owncloud/android/dependecyinjection/UseCaseModuleKt$useCaseModule$1$invoke$$inlined$factoryOf$default$50,1,5,20.0
a3a1578cb8774d86,androidx/work/impl/model/WorkProgressDao_Impl$2,1,2,50.0
40778af324f6e48a,androidx/appcompat/widget/SearchView$SearchAutoComplete$1,1,2,50.0
cead0785142034c5,androidx/fragment/app/FragmentManager$4,1,2,50.0
b97d17620eedfe98,com/owncloud/android/dependecyinjection/UseCaseModuleKt$useCaseModule$1$invoke$$inlined$factoryOf$default$47,1,5,20.0
aa154d7a01efacf4,androidx/activity/result/ActivityResultLauncher,1,2,50.0
bdb8e115bd34abf7,androidx/work/impl/utils/taskexecutor/WorkManagerTaskExecutor$1,1,2,50.0
c1db240cb00d5948,kotlinx/coroutines/BlockingEventLoop,1,2,50.0
922ce25356728bf5,com/google/android/material/internal/NavigationMenuPresenter$1,1,14,7.14
aaf74ba028a1ded2,com/owncloud/android/dependecyinjection/ViewModelModuleKt$viewModelModule$1$invoke$$inlined$viewModelOf$default$11,1,7,14.29
b026a6b26a5b8d11,com/owncloud/android/dependecyinjection/UseCaseModuleKt$useCaseModule$1$invoke$$inlined$factoryOf$default$40,1,5,20.0
6ea8693855b2aead,androidx/work/impl/model/WorkNameDao_Impl,1,41,2.44
3d06e509df8ed7e6,com/owncloud/android/dependecyinjection/UseCaseModuleKt$useCaseModule$1$invoke$$inlined$factoryOf$default$19,1,5,20.0
b74a8b6328ff932a,androidx/work/impl/model/WorkSpecDao_Impl$12,1,2,50.0
4d0534d5739f3104,kotlinx/coroutines/StandaloneCoroutine,1,2,50.0
63d44cdab59e04eb,com/owncloud/android/dependecyinjection/UseCaseModuleKt$useCaseModule$1$invoke$$inlined$factoryOf$default$64,1,5,20.0
96ea54529d195838,com/owncloud/android/dependecyinjection/UseCaseModuleKt$useCaseModule$1$invoke$$inlined$factoryOf$default$22,1,5,20.0
6f90fabe39b4851d,com/owncloud/android/ui/activity/BaseActivity$AccountCreationCallback,1,19,5.26
b4485075becce58e,androidx/core/content/ContextCompat$Api23Impl,1,4,25.0
07d6abc9ee0150bc,androidx/transition/ChangeBounds$2,1,5,20.0
be1690a412918a0f,com/owncloud/android/ui/activity/DrawerActivity$capabilitiesViewModel$2,1,6,16.67
1fa55d6f039a9b9f,com/google/android/material/resources/TextAppearanceConfig,1,3,33.33
5e7f299c92ab604e,com/owncloud/android/dependecyinjection/UseCaseModuleKt$useCaseModule$1$invoke$$inlined$factoryOf$default$91,1,5,20.0
5a218a225c454fad,kotlinx/coroutines/flow/StateFlowImpl$collect$1,1,2,50.0
23d986b03638b665,com/owncloud/android/dependecyinjection/UseCaseModuleKt$useCaseModule$1$invoke$$inlined$factoryOf$default$24,1,5,20.0
c8fcf4130e3c87ad,com/google/android/material/textfield/EndCompoundLayout$1,1,3,33.33
10041e2cc7f84ac5,androidx/recyclerview/widget/RecyclerView$EdgeEffectFactory,1,2,50.0
eaf62a209a34044e,androidx/transition/PathMotion,1,2,50.0
6b6fa8fdd7c90e1e,androidx/recyclerview/widget/RecyclerView$ItemAnimatorRestoreListener,1,12,8.33
eb24eea7b2aee37b,androidx/customview/view/AbsSavedState$2,1,9,11.11
9b49b264d9c30e1c,androidx/recyclerview/widget/LinearLayoutManager$SavedState$1,1,5,20.0
27bd8623c6124269,com/owncloud/android/dependecyinjection/UseCaseModuleKt$useCaseModule$1$invoke$$inlined$factoryOf$default$62,1,5,20.0
52812fa7ade1806f,androidx/appcompat/R$styleable,1,2,50.0
0a29aefab4a4c734,kotlin/collections/CollectionsKt__CollectionsJVMKt,1,45,2.22
c49488072fea911c,androidx/core/view/PointerIconCompat$Api24Impl,1,4,25.0
a4e0e1315baa96d7,com/owncloud/android/ui/activity/DrawerActivity$special$$inlined$viewModel$default$2,1,12,8.33
ad3ab8dde0b08857,androidx/fragment/app/FragmentManager$7,1,2,50.0
1db8a963066293d1,androidx/core/widget/NestedScrollView$AccessibilityDelegate,1,51,1.96
c4aaa71e43b5ad05,com/owncloud/android/ui/activity/FileDisplayActivity$startListeningToOperations$3,1,4,25.0
ce280e03375c8a08,com/google/android/material/internal/CheckableImageButton$1,1,6,16.67
9836d243eb978e33,org/koin/core/logger/EmptyLogger,1,2,50.0
0857d56f35251b6f,androidx/appcompat/widget/Toolbar$LayoutParams,1,10,10.0
aceff5e69fa624a7,androidx/emoji2/text/EmojiCompat$MetadataRepoLoaderCallback,1,1,100.0
98522468de5764ac,com/owncloud/android/data/migrations/Migration_32Kt$MIGRATION_31_32$1,1,3,33.33
5168ee3804493a01,com/google/android/material/shape/ShapeAppearancePathProvider$Lazy,1,2,50.0
0b8299794215289d,com/google/android/material/shape/ShapeAppearancePathProvider$ShapeAppearancePathSpec,1,1,100.0
f9e4d5a61864353c,androidx/arch/core/executor/TaskExecutor,1,5,20.0
b7cbea09a54198e8,com/owncloud/android/dependecyinjection/ViewModelModuleKt$viewModelModule$1$invoke$$inlined$viewModelOf$default$14,1,6,16.67
b9d1a2149d15af90,com/owncloud/android/data/spaces/db/SpacesDao_Impl$2,1,2,50.0
030e32cb2e7fd1a1,com/owncloud/android/data/migrations/Migration_38Kt$MIGRATION_37_38$1,1,4,25.0
bbfcf1de5e682722,androidx/activity/ComponentActivity$Api19Impl,1,2,50.0
771b013bda3ac826,androidx/customview/widget/ViewDragHelper$Callback,1,13,7.69
10c6f52ddff7e7ff,com/owncloud/android/presentation/authentication/LoginActivity$initLiveDataObservers$2,1,8,12.5
9810b8043e7c8366,com/owncloud/android/dependecyinjection/ViewModelModuleKt$viewModelModule$1$invoke$$inlined$viewModelOf$default$19,1,6,16.67
f24cebd4ac48d31e,com/google/android/material/navigation/NavigationBarView$1,1,11,9.09
781629f9c843df14,com/owncloud/android/dependecyinjection/UseCaseModuleKt$useCaseModule$1$invoke$$inlined$factoryOf$default$87,1,8,12.5
5eeed7614f5ee2f8,com/owncloud/android/dependecyinjection/UseCaseModuleKt$useCaseModule$1$invoke$$inlined$factoryOf$default$68,1,5,20.0
2d61c090d976050a,kotlin/collections/AbstractCollection,1,33,3.03
628ece6940ee4493,com/owncloud/android/dependecyinjection/ViewModelModuleKt$viewModelModule$1$invoke$$inlined$viewModelOf$default$10,1,9,11.11
b16115f7b5a2e550,androidx/appcompat/widget/SearchView$6,1,18,5.56
3dd237d3c66df041,com/owncloud/android/data/capabilities/db/OCCapabilityDao_Impl$1,1,109,0.92
c9ba80fdfbae993d,androidx/work/impl/model/DependencyDao_Impl,1,73,1.37
517998bb7698d662,com/owncloud/android/data/transfers/db/TransferDao_Impl$9,1,2,50.0
e8fb9e37ff8ab6ec,com/owncloud/android/dependecyinjection/UseCaseModuleKt$useCaseModule$1$invoke$$inlined$factoryOf$default$23,1,5,20.0
626017cfd969e7e7,androidx/customview/widget/ViewDragHelper$2,1,2,50.0
d1e7da133e3c8ab1,com/owncloud/android/dependecyinjection/UseCaseModuleKt$useCaseModule$1$invoke$$inlined$factoryOf$default$55,1,5,20.0
e7b0f6985417ebc9,androidx/work/impl/model/WorkSpecDao_Impl$1,1,69,1.45
1da94f7c75d37aa0,androidx/work/InputMergerFactory$1,1,2,50.0
aa6850d134f6b6c8,com/owncloud/android/data/transfers/db/TransferDao_Impl$7,1,2,50.0
c4d079df2e17e2c1,com/owncloud/android/dependecyinjection/UseCaseModuleKt$useCaseModule$1$invoke$$inlined$factoryOf$default$105,1,5,20.0
0b7777fee24a43d3,com/owncloud/android/dependecyinjection/UseCaseModuleKt$useCaseModule$1$invoke$$inlined$factoryOf$default$36,1,7,14.29
f3a472f5d02d9bc7,androidx/constraintlayout/widget/R$styleable,1,2,50.0
77224c0336826d5a,androidx/recyclerview/widget/RecyclerView$3,1,2,50.0
d12e384976565c45,com/owncloud/android/dependecyinjection/RepositoryModuleKt$repositoryModule$1$invoke$$inlined$factoryOf$default$8,1,6,16.67
363743931e4d6ad1,com/owncloud/android/dependecyinjection/UseCaseModuleKt$useCaseModule$1$invoke$$inlined$factoryOf$default$78,1,8,12.5
c96dc5e4922ebde5,androidx/activity/ComponentActivity$2,1,31,3.23
7ad21698bad7d2b0,androidx/work/impl/utils/taskexecutor/TaskExecutor,1,1,100.0
e7791e3d723107af,androidx/work/impl/WorkDatabase_AutoMigration_13_14_Impl,1,7,14.29
999a1ae0844433b0,androidx/work/impl/model/SystemIdInfoDao_Impl$1,1,8,12.5
b50e64bcdba814ba,kotlin/coroutines/intrinsics/IntrinsicsKt__IntrinsicsKt,1,4,25.0
7def1dc6de654b2c,androidx/arch/core/executor/ArchTaskExecutor$2,1,2,50.0
efa8b50296801894,androidx/appcompat/app/AppCompatDelegateImpl$PanelMenuPresenterCallback,1,20,5.0
58f32a5e7b94066e,com/owncloud/android/data/capabilities/datasources/mapper/RemoteCapabilityMapper,1,78,1.28
6f97414fcb025768,androidx/drawerlayout/widget/DrawerLayout$ViewDragCallback$1,1,2,50.0
7d66723dd5830781,androidx/fragment/app/FragmentState$1,1,5,20.0
f11731a0c5759b88,com/owncloud/android/data/transfers/db/TransferDao_Impl$4,1,2,50.0
dba666ccc471c2ae,com/owncloud/android/data/migrations/Migration_34Kt$MIGRATION_33_34$1,1,3,33.33
34cc97cb19880cf0,com/owncloud/android/BuildConfig,1,2,50.0
8b42abe50235fcea,com/owncloud/android/data/appregistry/db/AppRegistryDao_Impl$1,1,2,50.0
fd62d5d9cee5972b,androidx/fragment/app/FragmentManager$9,1,10,10.0
0474e3eccc53e8d8,com/owncloud/android/dependecyinjection/UseCaseModuleKt$useCaseModule$1$invoke$$inlined$factoryOf$default$84,1,5,20.0
b855e8697dabf8a1,androidx/recyclerview/widget/RecyclerView$AdapterDataObserver,1,8,12.5
45c188dcb7f4068b,androidx/fragment/app/FragmentManager$5,1,2,50.0
43ebb4e0939bf789,androidx/work/impl/AutoMigration_14_15,1,6,16.67
f822c6bf517e121b,androidx/core/widget/CheckedTextViewCompat$Api16Impl,1,2,50.0
81ff11955f967f06,com/google/android/material/internal/NavigationMenu,1,4,25.0
1413675317641d71,kotlinx/coroutines/Job,1,1,100.0
98551ca4b44c29e8,com/owncloud/android/dependecyinjection/UseCaseModuleKt$useCaseModule$1$invoke$$inlined$factoryOf$default$25,1,5,20.0
ee995d39f82010d4,androidx/lifecycle/LifecycleCoroutineScope,1,7,14.29
3ce136ba251197b2,com/owncloud/android/dependecyinjection/UseCaseModuleKt$useCaseModule$1$invoke$$inlined$factoryOf$default$52,1,5,20.0
4c2e10a9669382fc,com/owncloud/android/data/transfers/db/TransferDao_Impl$6,1,2,50.0
62a9dddcb718be99,com/owncloud/android/dependecyinjection/ViewModelModuleKt$viewModelModule$1$invoke$$inlined$viewModelOf$default$20,1,13,7.69
8b81e2b10648d561,com/owncloud/android/lib/resources/oauth/services/implementation/OCOIDCService,1,7,14.29
2a8f1992ad3a1765,com/owncloud/android/data/files/db/FileDao_Impl$10,1,2,50.0
17f5869c95f70261,kotlin/jvm/internal/Ref$ObjectRef,1,2,50.0
e4ba61c26c5d2871,kotlinx/coroutines/DebugStringsKt,1,15,6.67
b7952267881b265e,androidx/work/impl/model/RawWorkInfoDao_Impl,1,143,0.7
7295d118c39f190b,com/owncloud/android/data/capabilities/db/OCCapabilityDao_Impl$2,1,2,50.0
e040ecf5292103f3,com/owncloud/android/data/transfers/db/TransferDao_Impl$5,1,2,50.0
87a6b52fb608237d,com/owncloud/android/dependecyinjection/UseCaseModuleKt$useCaseModule$1$invoke$$inlined$factoryOf$default$10,1,5,20.0
df79e0bb0ceb6a22,com/owncloud/android/domain/files/model/FileListOption$Creator,1,5,20.0
8aa18823e6a94b42,com/google/android/material/color/MaterialColors,1,67,1.49
f13bfde81fd6f519,androidx/core/view/NestedScrollingParentHelper,1,10,10.0
e9893f48f53faef9,androidx/lifecycle/MutableLiveData,1,4,25.0
2a39254370631748,kotlinx/coroutines/flow/FlowKt__EmittersKt,1,33,3.03
662ba200d47aa91a,androidx/lifecycle/SavedStateHandleSupport$DEFAULT_ARGS_KEY$1,1,1,100.0
7d2f37a4625dde83,com/owncloud/android/dependecyinjection/ViewModelModuleKt$viewModelModule$1$invoke$$inlined$viewModelOf$default$8,1,5,20.0
56c12ec030598514,com/google/android/material/internal/NavigationMenuPresenter$HeaderViewHolder,1,1,100.0
b52b891780278d88,androidx/emoji2/text/DefaultEmojiCompatConfig$DefaultEmojiCompatConfigHelper,1,4,25.0
3a605fee76a59572,androidx/appcompat/widget/SearchView$5,1,13,7.69
53bb2cd154ee156d,com/owncloud/android/dependecyinjection/UseCaseModuleKt$useCaseModule$1$invoke$$inlined$factoryOf$default$29,1,5,20.0
acbd1f8bdff54187,com/owncloud/android/data/migrations/Migration_43Kt$MIGRATION_42_43$1,1,25,4.0
73749191c215fd83,com/owncloud/android/presentation/releasenotes/ReleaseNotesActivity,1,28,3.57
f2ce875a6a977238,androidx/core/view/ViewCompat$Api15Impl,1,2,50.0
687bda454d06b887,com/google/android/material/shape/ShapePath$ArcShadowOperation,1,5,20.0
c361ac7437c225a2,androidx/core/R$styleable,1,2,50.0
86a91985891e4fca,com/owncloud/android/data/user/db/UserDao_Impl$2,1,2,50.0
cfa3224d0137e6dd,com/google/android/material/bottomnavigation/BottomNavigationView$1,1,12,8.33
116ed0f15da1fcff,com/owncloud/android/data/migrations/Migration_29Kt$MIGRATION_28_29$1,1,8,12.5
d1db13d94a058833,com/owncloud/android/data/migrations/Migration_31Kt$MIGRATION_30_31$1,1,2,50.0
0bf485daf121918e,com/owncloud/android/dependecyinjection/UseCaseModuleKt$useCaseModule$1$invoke$$inlined$factoryOf$default$82,1,5,20.0
89ca388ec65ce3e7,com/google/android/material/internal/NavigationMenuPresenter$NavigationMenuAdapter$1,1,6,16.67
b0b78c1fda39b93b,androidx/appcompat/widget/LinearLayoutCompat$LayoutParams,1,5,20.0
e596ca226c462c6c,com/owncloud/android/dependecyinjection/RepositoryModuleKt$repositoryModule$1$invoke$$inlined$factoryOf$default$9,1,5,20.0
f4a2d689ea3b9c78,com/owncloud/android/data/sharing/shares/db/OCShareDao_Impl$1,1,39,2.56
90141a94338ce540,com/owncloud/android/dependecyinjection/UseCaseModuleKt$useCaseModule$1$invoke$$inlined$factoryOf$default$95,1,6,16.67
95fc7817123e1b52,com/owncloud/android/data/files/db/FileDao_Impl$6,1,2,50.0
94cc7da95599961e,androidx/drawerlayout/widget/DrawerLayout$ChildAccessibilityDelegate,1,6,16.67
7e25b0722d52fccb,com/google/android/material/shape/ShapePath$1,1,5,20.0
57deb10f6b74f69f,com/jakewharton/disklrucache/DiskLruCache$2,1,2,50.0
db58466134be7b30,com/owncloud/android/dependecyinjection/UseCaseModuleKt$useCaseModule$1$invoke$$inlined$factoryOf$default$88,1,7,14.29
cc9b3771cd19e168,com/owncloud/android/dependecyinjection/UseCaseModuleKt$useCaseModule$1$invoke$$inlined$factoryOf$default$49,1,6,16.67
9bae40ea090159e3,com/owncloud/android/ui/activity/FileDisplayActivity$special$$inlined$viewModel$default$2,1,12,8.33
a8030014d43a0337,com/owncloud/android/dependecyinjection/UseCaseModuleKt$useCaseModule$1$invoke$$inlined$factoryOf$default$92,1,5,20.0
ed7685bcf835604c,com/owncloud/android/data/spaces/db/SpacesDao_Impl$4,1,63,1.59
6f889520bba83a0f,com/google/android/material/navigation/NavigationBarView$SavedState$1,1,7,14.29
5c6e705baa2a8542,com/owncloud/android/data/appregistry/db/AppRegistryDao_Impl$2,1,35,2.86
bc9ca9dd39d929e1,com/owncloud/android/dependecyinjection/ViewModelModuleKt$viewModelModule$1$invoke$$inlined$viewModelOf$default$1,1,8,12.5
9bf76c8321d9aadf,androidx/emoji2/viewsintegration/EmojiEditTextHelper$HelperInternal,1,7,14.29
f117aa1a74ffde6d,com/owncloud/android/presentation/authentication/LoginActivity$initLiveDataObservers$1,1,8,12.5
abba61675fef20f0,com/google/android/material/resources/TextAppearanceFontCallback,1,1,100.0
b425df4584326bc8,com/owncloud/android/data/spaces/db/SpacesDao_Impl$1,1,2,50.0
b1658e7f737b895f,kotlinx/coroutines/channels/ChannelResult$Closed,1,10,10.0
db213f97c06d1378,com/google/android/material/internal/ViewUtils$RelativePadding,1,3,33.33
79140cea662f5653,kotlinx/coroutines/scheduling/GlobalQueue,1,1,100.0
c841e536cf7756e1,com/owncloud/android/data/migrations/Migration_36Kt$MIGRATION_35_36$1,1,3,33.33
419825a316409d91,com/owncloud/android/dependecyinjection/UseCaseModuleKt$useCaseModule$1$invoke$$inlined$factoryOf$default$83,1,5,20.0
97b4e3f023974999,kotlinx/coroutines/channels/AbstractChannel$RemoveReceiveOnCancel,1,7,14.29
e7a17dc7cc9702ae,com/owncloud/android/data/folderbackup/db/FolderBackupDao_Impl$1,1,31,3.23
829b6874037fcf5b,com/owncloud/android/dependecyinjection/UseCaseModuleKt$useCaseModule$1$invoke$$inlined$factoryOf$default$74,1,6,16.67
2911910e74889e5f,androidx/core/view/ViewCompat$Api24Impl,1,7,14.29
1f63e37fdfc086f0,com/owncloud/android/data/transfers/db/TransferDao_Impl$3,1,2,50.0
1d7a65959a2d68d4,com/owncloud/android/dependecyinjection/ViewModelModuleKt$viewModelModule$1$invoke$$inlined$viewModelOf$default$16,1,7,14.29
95d392d90ff50fe8,androidx/work/impl/model/WorkProgressDao_Impl$1,1,10,10.0
693f54ac30629864,androidx/fragment/app/Fragment$AnimationInfo,1,1,100.0
8318d546439b56d5,com/owncloud/android/ui/activity/FileDisplayActivity$startListeningToOperations$2,1,4,25.0
87e0c9a73c64fefc,com/owncloud/android/dependecyinjection/UseCaseModuleKt$useCaseModule$1$invoke$$inlined$factoryOf$default$42,1,4,25.0
168b5b38a2fee829,androidx/work/impl/model/WorkSpecDao_Impl$8,1,2,50.0
83d4dcd30dca6773,androidx/recyclerview/widget/RecyclerView$LayoutManager$1,1,10,10.0
870a2b3f069bc706,com/owncloud/android/domain/BaseUseCaseWithResult,1,6,16.67
41f7a663170ad3cb,com/owncloud/android/data/transfers/db/TransferDao_Impl$1,1,36,2.78
07d57ebc53244cb3,com/owncloud/android/dependecyinjection/UseCaseModuleKt$useCaseModule$1$invoke$$inlined$factoryOf$default$60,1,5,20.0
11d2578d8c15323c,com/owncloud/android/ui/activity/FileDisplayActivity$startListeningToOperations$6,1,4,25.0
869cb48fd40e5b6e,androidx/appcompat/widget/AppCompatTextViewAutoSizeHelper$Impl23,1,4,25.0
534b05747459c7ee,androidx/recyclerview/widget/RecyclerView$LayoutManager$2,1,11,9.09
7d673ed40024e7fd,com/owncloud/android/data/files/db/FileDao_Impl$9,1,2,50.0
7abdbc17b3a1281f,androidx/work/impl/model/WorkSpecDao_Impl$9,1,2,50.0
e8af1884a1a08fa6,com/owncloud/android/dependecyinjection/UseCaseModuleKt$useCaseModule$1$invoke$$inlined$factoryOf$default$86,1,8,12.5
8859da527a122274,kotlinx/coroutines/scheduling/SchedulerTimeSource,1,1,100.0
6e88e2cfe1501b0d,androidx/recyclerview/widget/RecyclerView$1,1,8,12.5
cc73346096ffd977,androidx/work/impl/model/WorkSpecDao_Impl$5,1,2,50.0
5c089e490268d369,com/owncloud/android/data/transfers/db/TransferDao_Impl$2,1,2,50.0
acae55b0444c5bd1,com/google/android/material/textfield/TextInputLayout$AccessibilityDelegate,1,69,1.45
1a7decf5d43ba748,com/owncloud/android/dependecyinjection/UseCaseModuleKt$useCaseModule$1$invoke$$inlined$factoryOf$default$14,1,5,20.0
7af4ea5fdf43622d,kotlinx/coroutines/MainCoroutineDispatcher,1,11,9.09
3c747a9d40c2b8e2,kotlin/collections/MapsKt__MapsKt,1,269,0.37
a5c1a3dd03a7e3c7,kotlin/reflect/jvm/internal/CacheByClass,1,1,100.0
9f090a337592bacc,androidx/coordinatorlayout/widget/CoordinatorLayout$ViewElevationComparator,1,6,16.67
6ffb89041ca6edde,androidx/appcompat/widget/SearchView$8,1,2,50.0
d6239ca2a05bf5f9,kotlin/coroutines/jvm/internal/Boxing,1,8,12.5
b61f6f5d3aa7f922,kotlin/collections/IntIterator,1,4,25.0
a36ad0aef5e7a896,androidx/appcompat/widget/Toolbar$1,1,5,20.0
825099ed914daa24,androidx/room/migration/Migration,1,1,100.0
d63996ebd44a98af,com/owncloud/android/dependecyinjection/ViewModelModuleKt$viewModelModule$1$invoke$$inlined$viewModelOf$default$15,1,6,16.67
6343a39d5245657e,com/owncloud/android/ui/activity/FileDisplayActivity$startListeningToOperations$1,1,4,25.0
77f95c199772c227,androidx/coordinatorlayout/R$styleable,1,2,50.0
4dbfeea74e23d00a,com/owncloud/android/data/spaces/db/SpacesDao_Impl$7,1,38,2.63
cda6986be29117ec,com/owncloud/android/data/files/db/FileDao_Impl$7,1,2,50.0
2ae4762475c774ed,com/owncloud/android/dependecyinjection/UseCaseModuleKt$useCaseModule$1$invoke$$inlined$factoryOf$default$51,1,5,20.0
4ef7c76bb5f36f13,kotlinx/coroutines/flow/SharedFlowImpl,1,363,0.28
15351e7ccc1bdf9f,com/owncloud/android/dependecyinjection/ViewModelModuleKt$viewModelModule$1$invoke$$inlined$viewModelOf$default$5,1,19,5.26
2d1303814fd9edab,androidx/fragment/app/FragmentManager$3,1,2,50.0
1c48f7d637cc9ba9,androidx/fragment/app/FragmentManager$10,1,16,6.25
19c018f302b54ff9,com/owncloud/android/dependecyinjection/UseCaseModuleKt$useCaseModule$1$invoke$$inlined$factoryOf$default$99,1,5,20.0
964c4fb4d05fa159,com/owncloud/android/dependecyinjection/UseCaseModuleKt$useCaseModule$1$invoke$$inlined$factoryOf$default$70,1,5,20.0
f52dd492ba519bad,com/owncloud/android/dependecyinjection/UseCaseModuleKt$useCaseModule$1$invoke$$inlined$factoryOf$default$67,1,5,20.0
f3277a00766c8209,androidx/recyclerview/widget/RecyclerView$StretchEdgeEffectFactory,1,2,50.0
f96207ce68681f02,androidx/customview/view/AbsSavedState$1,1,1,100.0
012252484458e8a8,com/google/android/material/internal/TextWatcherAdapter,1,4,25.0
a40e6f3b606e82a2,org/koin/core/parameter/ParametersHolderKt,1,3,33.33
5bd543cf141cfd63,androidx/fragment/app/FragmentManager$LifecycleAwareResultListener,1,4,25.0
b251bdc299aa5625,androidx/core/content/res/ResourcesCompat$Api23Impl,1,3,33.33
f359d82e59b9a77c,kotlinx/coroutines/EventLoopKt,1,6,16.67
58591148732dd47d,com/owncloud/android/dependecyinjection/UseCaseModuleKt$useCaseModule$1$invoke$$inlined$factoryOf$default$59,1,5,20.0
3f8ee2f41b362d41,com/owncloud/android/dependecyinjection/UseCaseModuleKt$useCaseModule$1$invoke$$inlined$factoryOf$default$63,1,5,20.0
9fa90d505edfb17a,com/owncloud/android/dependecyinjection/UseCaseModuleKt$useCaseModule$1$invoke$$inlined$factoryOf$default$96,1,6,16.67
c6a81a81f6b06e4e,kotlinx/coroutines/channels/Closed,1,27,3.7
b1a6f395d5e003ca,com/owncloud/android/dependecyinjection/RemoteDataSourceModuleKt$remoteDataSourceModule$1$invoke$$inlined$factoryOf$default$3,1,4,25.0
119ded70e066cb48,com/owncloud/android/data/files/db/FileDao_Impl$8,1,2,50.0
36cbf30c983b39b8,kotlinx/coroutines/CancellableContinuationImplKt,1,2,50.0
bf8ea36b7e5e32cc,androidx/work/WorkerFactory$1,1,2,50.0
ea1c1efe36292912,com/owncloud/android/data/migrations/Migration_33Kt$MIGRATION_32_33$1,1,34,2.94
0fe9dc59ef121867,com/owncloud/android/ui/activity/FileDisplayActivity$startListeningToOperations$4,1,4,25.0
af8d24544cc34a01,com/owncloud/android/dependecyinjection/UseCaseModuleKt$useCaseModule$1$invoke$$inlined$factoryOf$default$101,1,5,20.0
5f29d5c3f233c6ae,androidx/appcompat/app/ActionBar$LayoutParams,1,9,11.11
63952fd8fa7e4163,com/owncloud/android/presentation/authentication/LoginActivity$initLiveDataObservers$3,1,8,12.5
f2841645a521b626,com/owncloud/android/dependecyinjection/UseCaseModuleKt$useCaseModule$1$invoke$$inlined$factoryOf$default$104,1,5,20.0
f3d5d0f60297ba2a,androidx/appcompat/widget/SearchView$4,1,2,50.0
c185711f31647ce8,com/owncloud/android/dependecyinjection/UseCaseModuleKt$useCaseModule$1$invoke$$inlined$factoryOf$default$69,1,5,20.0
888a6d07d73d80d1,com/owncloud/android/data/transfers/db/TransferDao_Impl$8,1,2,50.0
feabe791b44e2145,androidx/recyclerview/widget/RecyclerView$4,1,13,7.69
6825b895113a52ea,com/owncloud/android/data/OwncloudDatabase_AutoMigration_40_41_Impl,1,2,50.0
8e2f994a940cc722,androidx/core/widget/TextViewCompat$Api23Impl,1,9,11.11
322e3ede1694faeb,com/owncloud/android/dependecyinjection/ViewModelModuleKt$viewModelModule$1$invoke$$inlined$viewModelOf$default$2,1,6,16.67
2e4f7ad53f57f1c2,androidx/core/content/ContextCompat$Api21Impl,1,4,25.0
297bd1ac6535160d,androidx/core/widget/TextViewOnReceiveContentListener,1,27,3.7
57630e10c52a1b50,androidx/appcompat/app/AppCompatDelegateImpl$Api17Impl,1,5,20.0
c26b3fb12e8ca528,com/owncloud/android/ui/activity/FileDisplayActivity$startListeningToOperations$5,1,4,25.0
daad36e62f82ec51,androidx/recyclerview/widget/RecyclerView$6,1,17,5.88
e331e82764ff7e95,com/owncloud/android/lib/resources/status/services/implementation/OCServerInfoService,1,6,16.67
b0121a8e1794eb4b,com/owncloud/android/data/user/db/UserDao_Impl$1,1,8,12.5
4ab23548b3561da8,com/owncloud/android/ui/helpers/FilesUploadHelper$1,1,5,20.0
6231d92037e51c71,androidx/lifecycle/ViewTreeViewModelStoreOwner,1,10,10.0
