class_id,class_name,probes_hit,probes_total,pct
b3742666264f95b3,androidx/appcompat/widget/Toolbar,364,911,39.96
fd057ab14bb563b4,androidx/fragment/app/FragmentManager,312,1346,23.18
f58337a8207836bc,com/better/alarm/configuration/ContainerKt$startKoin$module$1,251,283,88.69
dda310cec380118c,androidx/appcompat/app/AppCompatDelegateImpl,251,1183,21.22
b09d80d4560cb180,androidx/fragment/app/Fragment,210,757,27.74
9a363820b9714f33,androidx/coordinatorlayout/widget/CoordinatorLayout,184,954,19.29
a9646607e397df61,kotlinx/coroutines/JobSupport,182,755,24.11
c111e19180e977d5,com/google/android/material/bottomsheet/BottomSheetBehavior,170,724,23.48
20bd3e2aa005a66b,org/acra/config/CoreConfigurationBuilder,169,282,59.93
780dab92c0be8de3,androidx/fragment/app/FragmentStateManager,121,455,26.59
e90c869e36513eee,androidx/datastore/core/SingleProcessDataStore,121,292,41.44
73213928ddb01e00,com/better/alarm/presenter/AlarmsListActivity,110,227,48.46
7a833ef8552fee47,com/better/alarm/model/AlarmValue,109,252,43.25
f6304eb7c74f6ac4,kotlinx/coroutines/scheduling/CoroutineScheduler$Worker,105,197,53.3
1e7d54e1ebe45f60,androidx/appcompat/view/menu/MenuBuilder,104,527,19.73
ee2fe102648091ad,androidx/appcompat/widget/ActionBarOverlayLayout,101,353,28.61
a31df95a90983457,kotlinx/coroutines/scheduling/CoroutineScheduler,101,310,32.58
59b409c26a1ae9a5,androidx/appcompat/widget/AppCompatTextHelper,100,379,26.39
a1c2caab55c02b27,com/google/android/material/appbar/AppBarLayout,99,445,22.25
24705cd9209e6113,androidx/appcompat/widget/LinearLayoutCompat,98,625,15.68
c80008366e2e4a0a,com/better/alarm/presenter/AlarmsListFragment,98,179,54.75
092cd20fac31b6c7,androidx/fragment/app/SpecialEffectsController,96,208,46.15
9eb64b265d018ff5,androidx/lifecycle/LifecycleRegistry,92,144,63.89
0f48900639bf7d76,androidx/preference/Preference,91,474,19.2
ec45d1beef1a05d1,androidx/core/view/ViewCompat,89,884,10.07
5a74ac5a47615111,kotlinx/coroutines/EventLoopImplBase,88,177,49.72
a2afdb6ba6b57de1,com/google/android/material/shape/MaterialShapeDrawable,84,423,19.86
658418228e89cde2,com/better/alarm/persistance/DataStoreAlarmsRepository$launch$1$storeDuration$1$1,79,95,83.16
038c58b452b7ec70,kotlin/jvm/internal/ClassReference,78,121,64.46
8a7ddce89a19a37f,androidx/activity/ComponentActivity,73,227,32.16
75ad94f961d21ab5,androidx/appcompat/widget/ToolbarWidgetWrapper,72,260,27.69
66f882bee85961c9,kotlin/collections/CollectionsKt___CollectionsKt,70,1799,3.89
43650c25ac9f6ad3,com/better/alarm/model/DaysOfWeek,68,112,60.71
9107420fe22bfe71,com/better/alarm/model/AlarmCore,68,173,39.31
6c19974fa3a99f43,kotlinx/coroutines/CancellableContinuationImpl,68,382,17.8
0a3b9ca54fba0e35,androidx/fragment/app/FragmentLifecycleCallbacksDispatcher,67,182,36.81
a91aaeb5f1d7fc8c,com/melnykov/fab/FloatingActionButton,66,177,37.29
ab1d018af4dc4a43,com/better/alarm/presenter/AppearanceFragment,66,86,76.74
d9a66bc5eb2cfd20,androidx/core/view/accessibility/AccessibilityNodeInfoCompat$AccessibilityActionCompat,65,111,58.56
d86ada52df5298c3,androidx/appcompat/view/SupportMenuInflater$MenuState,65,111,58.56
1112ee2f1cc64706,androidx/fragment/app/FragmentStore,63,222,28.38
288d69cb4e7a5eee,kotlinx/coroutines/channels/BufferedChannel,62,1703,3.64
11d5710dd7c50b2f,kotlinx/coroutines/flow/StateFlowImpl,62,93,66.67
424a825a09aacbcf,androidx/appcompat/app/WindowDecorActionBar,60,482,12.45
63724b760f68943d,androidx/startup/AppInitializer,60,86,69.77
62dc58c50e3466f0,androidx/appcompat/view/menu/MenuItemImpl,58,297,19.53
07d5fb4f59af7646,com/better/alarm/statemachine/StateMachine,58,117,49.57
ea5b16a6c0f6108f,androidx/appcompat/widget/ActionMenuPresenter,58,282,20.57
e5679b9ed2ec91a7,androidx/core/content/res/ColorStateListInflaterCompat,57,96,59.38
fc9ea3fbe0723046,androidx/appcompat/widget/ResourceManagerInternal,57,221,25.79
56d17d1d06360cbe,io/reactivex/Observable,53,1177,4.5
9272d73b6d735387,androidx/collection/ArraySet,53,219,24.2
90703593ea84eba2,com/better/alarm/configuration/AlarmApplicationInit,52,57,91.23
9358a7ea57a2e43d,androidx/appcompat/widget/AppCompatTextView,51,221,23.08
9ec357e62da26cff,com/better/alarm/presenter/AlarmsListFragment$AlarmListAdapter,48,91,52.75
7eb31eab040e4556,androidx/core/content/res/ResourcesCompat,48,140,34.29
8ff21dc0a4d7e420,kotlinx/coroutines/internal/LockFreeLinkedListNode,48,107,44.86
38c1b7b1cc61e898,androidx/appcompat/widget/ActionBarContainer,47,234,20.09
0be9f02b66eee9c4,org/acra/ACRA,47,86,54.65
9281899bda0d3fc5,ch/qos/logback/classic/Logger,47,189,24.87
c26ba4146892468d,androidx/appcompat/widget/ActivityChooserModel,46,208,22.12
e4297ca781b1e21c,androidx/collection/SimpleArrayMap,46,266,17.29
78f849e66498b6ed,androidx/emoji2/text/EmojiCompat,46,159,28.93
6f9d45b3775b4ab0,org/acra/config/MailSenderConfigurationBuilder,46,60,76.67
44c72c82fda9571b,androidx/preference/PreferenceInflater,45,113,39.82
1e778906cc2f3891,androidx/preference/PreferenceGroup,45,140,32.14
8df0832ff13043c0,com/better/alarm/persistance/DataStoreAlarmsRepository,44,51,86.27
ff6d29c95e5dcfdd,androidx/preference/PreferenceManager,44,93,47.31
a381b7ddf19bf47d,org/slf4j/LoggerFactory,43,163,26.38
1199bf2885e1746c,org/acra/ReportField,43,46,93.48
cefc236bfe95bbda,org/acra/config/CoreConfiguration,42,98,42.86
007fea1c0168724d,org/koin/core/registry/InstanceRegistry,41,204,20.1
41cbcc599b555add,kotlinx/coroutines/DefaultExecutor,41,126,32.54
0eb7289215c09f75,androidx/appcompat/app/AppCompatViewInflater,41,173,23.7
d91f9d2d396f8def,kotlinx/coroutines/internal/ThreadSafeHeap,40,136,29.41
307999034a131c3d,kotlinx/serialization/protobuf/internal/ProtobufEncoder,40,104,38.46
b430880fb3a12416,com/better/alarm/model/Alarms,38,96,39.58
ef67727ace1bac58,androidx/fragment/app/FragmentActivity,37,112,33.04
6594d4f68b39389e,ch/qos/logback/classic/LoggerContext,36,77,46.75
aa8d0bf94512b07a,io/reactivex/subjects/BehaviorSubject,36,109,33.03
a6d28f3979aaf100,com/better/alarm/presenter/DynamicThemeHandler,35,40,87.5
82c8852dcad51e65,androidx/fragment/app/BackStackRecord,35,301,11.63
ecb2d429947d8d28,com/better/alarm/view/DigitalClock,34,63,53.97
3c747a9d40c2b8e2,kotlin/collections/MapsKt__MapsKt,34,269,12.64
627c49476ba0bf4a,com/better/alarm/presenter/InfoFragment,34,47,72.34
eca2833997c3a057,io/reactivex/internal/queue/SpscLinkedArrayQueue,33,102,32.35
f62eeb29f97a8c2c,androidx/appcompat/widget/TintTypedArray,33,62,53.23
2028c285b3bcd9d9,androidx/appcompat/app/AppCompatActivity,33,140,23.57
595a534fad2ca61e,androidx/fragment/app/FragmentLayoutInflaterFactory,33,70,47.14
e83a225fa3484156,com/better/alarm/logger/LoggerModuleKt,32,33,96.97
ffcb5cd392e1f7f8,androidx/coordinatorlayout/widget/CoordinatorLayout$LayoutParams,32,113,28.32
1bbdec020736a791,androidx/appcompat/widget/AppCompatImageHelper,32,99,32.32
91dfb4c40af73733,kotlinx/coroutines/DispatchedTask,31,90,34.44
d5de5f8e6e867802,kotlinx/coroutines/flow/StateFlowSlot,31,58,53.45
054467a83e991a29,androidx/profileinstaller/ProfileVerifier,31,69,44.93
dae2d77d95cab94a,io/reactivex/internal/operators/observable/ObservableCombineLatest$LatestCoordinator,30,105,28.57
2932169571bdd2dd,kotlinx/coroutines/channels/BufferedChannelKt,30,71,42.25
f3505722758fef0e,androidx/appcompat/view/SupportMenuInflater,30,66,45.45
84f1db4d146eb4a5,androidx/arch/core/internal/SafeIterableMap,30,73,41.1
c088aba1e610342a,org/koin/core/Koin,29,198,14.65
21b9b531ec03a9a3,androidx/appcompat/widget/ActionMenuView,29,318,9.12
0a23e1cd9ba8f272,ch/qos/logback/core/rolling/helper/FileNamePattern,29,68,42.65
d02a6761e1226db0,androidx/concurrent/futures/AbstractResolvableFuture,29,302,9.6
e01a37a6825ee19a,androidx/coordinatorlayout/widget/DirectedAcyclicGraph,29,71,40.85
cd2ea6f49022bdcd,io/reactivex/subjects/BehaviorSubject$BehaviorDisposable,29,49,59.18
8bea1325a136fed9,io/reactivex/internal/operators/observable/ObservableSwitchMap$SwitchMapObserver,29,118,24.58
a2143f629c35f9c5,kotlinx/coroutines/internal/LimitedDispatcher,28,63,44.44
b1b7bb2fdb4d182b,androidx/appcompat/view/ContextThemeWrapper,28,55,50.91
38a49eea93df33a3,org/acra/startup/StartupProcessorExecutor,28,51,54.9
4943be89bcc1f153,kotlinx/coroutines/EventLoopImplBase$DelayedTask,27,51,52.94
3c154699c31253f0,com/better/alarm/presenter/RowHolder,27,32,84.38
f5404f65596d5661,kotlinx/serialization/SealedClassSerializer,27,53,50.94
c0da8612d6c53226,androidx/fragment/app/SpecialEffectsController$Operation,26,84,30.95
66b4f0042d63309f,kotlinx/coroutines/flow/FlowKt__ReduceKt,26,172,15.12
5c8caa406f2c1abe,kotlinx/coroutines/BuildersKt__Builders_commonKt,26,46,56.52
9302d043ac912bc4,androidx/profileinstaller/ProfileInstaller,26,81,32.1
9d497991affa2f7c,kotlin/text/StringsKt__StringsKt,26,909,2.86
92ada0bf0494da20,ch/qos/logback/core/pattern/parser/TokenStream,26,53,49.06
d3957544e37e0895,com/better/alarm/model/AlarmCore$start$1,26,28,92.86
f9ac26f0831cc6b8,kotlinx/serialization/internal/PluginGeneratedSerialDescriptor,25,73,34.25
e129b7deef83328f,org/koin/core/definition/BeanDefinition,25,84,29.76
9a5be7ecf31b0b0f,io/reactivex/internal/operators/observable/ObservableConcatMap$ConcatMapDelayErrorObserver,25,75,33.33
8553520803b06a91,com/better/alarm/presenter/AppearanceFragmentKt,25,25,100.0
8f6806b2b6b588d8,ch/qos/logback/core/pattern/parser/Parser,25,40,62.5
e1e1adccdcf838cc,ch/qos/logback/core/OutputStreamAppender,24,57,42.11
0c96e416cf40fd3e,ch/qos/logback/core/android/AndroidContextUtil,24,61,39.34
9956012161511abb,kotlinx/serialization/descriptors/SerialDescriptorImpl,24,52,46.15
ecf03d8bc1dc64f9,kotlinx/coroutines/sync/MutexImpl,24,93,25.81
cb81c30b2710eb67,androidx/appcompat/widget/ContentFrameLayout,24,93,25.81
74e08757d7b1324c,androidx/preference/TwoStatePreference,24,88,27.27
12606049aeeb1fd5,kotlinx/serialization/descriptors/ClassSerialDescriptorBuilder,23,33,69.7
07c506f5ac29b601,androidx/lifecycle/ProcessLifecycleOwner,23,44,52.27
e73457940f27145c,androidx/fragment/app/strictmode/FragmentStrictMode,23,160,14.38
8ffed49275d6901a,androidx/appcompat/widget/AppCompatImageButton,23,81,28.4
710c1a1bb2ca3710,kotlinx/coroutines/JobSupport$Finishing,23,57,40.35
9536f101fc91b14e,androidx/appcompat/app/AppCompatDelegateImpl$AppCompatWindowCallback,22,81,27.16
a0f69e00bf403bb7,ch/qos/logback/core/ContextBase,22,45,48.89
7a0fecb02115ad76,androidx/appcompat/widget/AppCompatImageView,22,84,26.19
d94909f4672d2c73,kotlinx/coroutines/internal/LockFreeTaskQueueCore,22,111,19.82
ab0f4dba270c9791,androidx/lifecycle/ReportFragment,22,34,64.71
0d3c27b23502880c,ch/qos/logback/classic/spi/LoggingEvent,22,60,36.67
8b67e4b894e13954,com/better/alarm/model/AlarmsScheduler,21,93,22.58
9b07b4aef28d3e54,androidx/appcompat/widget/AppCompatTextViewAutoSizeHelper,21,277,7.58
5e96a2545085a020,kotlinx/coroutines/scheduling/WorkQueue,21,121,17.36
0ee2f67f6f0a691d,org/acra/util/StreamReader,21,68,30.88
b47f14645daadac6,androidx/lifecycle/ViewModelProvider,21,35,60.0
9b0b3fb5e0b1846a,androidx/appcompat/widget/AppCompatBackgroundHelper,20,85,23.53
084a4d3c92ebe60f,androidx/core/view/WindowInsetsCompat,20,115,17.39
1730337b296df7ef,androidx/core/content/res/TypedArrayUtils,20,71,28.17
07d94fcdaa66eea6,com/better/alarm/persistance/DataStoreAlarmsRepository$launch$1,20,23,86.96
a82e0d580d25acba,androidx/fragment/app/FragmentActivity$HostCallbacks,20,44,45.45
d2aedad46197cc83,kotlinx/coroutines/flow/internal/AbstractSharedFlow,20,51,39.22
00e1dba98e3eb216,ch/qos/logback/core/rolling/helper/FileFinder,20,44,45.45
bffe7fcfd7bc180b,androidx/activity/result/ActivityResultRegistry,20,120,16.67
2e78b3def76482cf,androidx/profileinstaller/DeviceProfileWriter,19,143,13.29
1051e07fc98329cd,ch/qos/logback/core/rolling/helper/RollingCalendar,19,56,33.93
7cbecc82d7bbcd9b,androidx/savedstate/SavedStateRegistry,19,80,23.75
a3fe91b730202000,androidx/preference/ListPreference,19,73,26.03
0b21de17d9a6d164,com/google/android/material/shape/ShapePath,19,113,16.81
573183a39bdac9ff,com/better/alarm/persistance/DataStoreAlarmsRepository$Companion,19,20,95.0
37c03958bb82dbc7,com/google/android/material/internal/ThemeEnforcement,19,57,33.33
7ca5b85203f42892,io/reactivex/internal/operators/observable/ObservablePublishAlt,19,40,47.5
6f8dd48dc080cbae,ch/qos/logback/core/rolling/RollingFileAppender,18,70,25.71
7b63312d98975a28,androidx/appcompat/widget/ActionMenuPresenter$OverflowMenuButton,18,25,72.0
ff30a176e2348578,ch/qos/logback/core/FileAppender,18,79,22.78
1fa492162a04262f,androidx/lifecycle/SavedStateHandleSupport,18,48,37.5
21c7fbbd2d6c8c5d,androidx/emoji2/viewsintegration/EmojiTextViewHelper$HelperInternal19,18,48,37.5
7d7528dfcb03ed10,kotlinx/serialization/protobuf/internal/ByteArrayOutput,18,33,54.55
5888b2ef0d3a8afb,org/koin/core/module/Module,18,125,14.4
a16d2aaebf315cc8,androidx/fragment/app/FragmentManagerViewModel,17,163,10.43
f4d8264c260b5c4e,io/reactivex/internal/disposables/DisposableHelper,17,53,32.08
552626c2e8f55205,com/better/alarm/stores/SharedRxDataStoreFactory,17,20,85.0
a0027c1598275595,kotlinx/coroutines/BlockingCoroutine,17,40,42.5
d65b423a1ee2fb57,io/reactivex/internal/operators/observable/ObservableBuffer$BufferSkipObserver,17,30,56.67
d0c390f94e792795,kotlin/coroutines/CombinedContext,17,45,37.78
af98ec150262f389,org/koin/core/registry/ScopeRegistry,17,59,28.81
18301568cb6e84d3,kotlinx/coroutines/JobSupportKt,17,23,73.91
cb5408d01393e2e0,com/better/alarm/statemachine/StateMachine$StateMachineBuilder,17,22,77.27
27b0f32232872523,org/koin/core/scope/Scope,17,251,6.77
8a67b37ba5187fa1,com/better/alarm/configuration/Prefs,17,25,68.0
c6a09c379a6c4b30,org/acra/plugins/ServicePluginLoader,17,36,47.22
6902e6498c439f44,androidx/fragment/app/SpecialEffectsController$FragmentStateManagerOperation,17,36,47.22
1c04a4f4dd90013d,androidx/arch/core/internal/SafeIterableMap$IteratorWithAdditions,17,20,85.0
ae8a595c7952fa64,kotlinx/coroutines/intrinsics/UndispatchedKt,17,132,12.88
c1b6e521cf71f71c,com/better/alarm/model/AlarmValues,17,36,47.22
1f8712d3b4366d99,kotlinx/coroutines/EventLoop,17,55,30.91
ad44fefdad558b1b,org/acra/reporter/ErrorReporterImpl,17,71,23.94
6e4e00b01be0b36a,kotlinx/coroutines/internal/DispatchedContinuation,17,186,9.14
7c3b5326b3bd230b,com/better/alarm/presenter/ActionBarHandler,17,87,19.54
8eff7ffded536478,io/reactivex/subjects/PublishSubject,16,70,22.86
82e0b01a4ef14485,ch/qos/logback/core/rolling/helper/TimeBasedArchiveRemover,16,42,38.1
06a02a2f21948f45,io/reactivex/internal/functions/Functions,16,56,28.57
113b35940757815b,com/google/android/material/appbar/ViewUtilsLollipop,16,19,84.21
9ffadf60d2a1ae00,kotlinx/serialization/protobuf/internal/ProtobufWriter,16,58,27.59
858d4eb4116ede07,androidx/core/view/MenuItemCompat,16,87,18.39
665b26ffd251ce88,org/acra/data/CrashReportDataFactory,16,85,18.82
3dc60760d31da52e,androidx/appcompat/view/menu/BaseMenuPresenter,16,64,25.0
eebefe83565bd311,com/better/alarm/OreoKt$createNotificationChannels$1,16,17,94.12
2bae5105ffa65ba1,androidx/datastore/core/SimpleActor,16,23,69.57
c1d366f81f75873b,androidx/multidex/MultiDex,16,176,9.09
678e26ce21aa4f3f,androidx/profileinstaller/ProfileInstallerInitializer,16,19,84.21
762d5b2cfbccffc0,kotlin/collections/EmptyMap,15,31,48.39
d35a34434742ea76,androidx/datastore/core/DataMigrationInitializer$Companion,15,33,45.45
d7bef8bc07113335,com/better/alarm/configuration/Prefs$Companion,15,15,100.0
28b02efe38bad57a,ch/qos/logback/core/pattern/PatternLayoutBase,15,32,46.88
9ae11abbb42c2113,kotlinx/coroutines/flow/internal/SafeCollector,15,45,33.33
59754bc8723de5fe,kotlin/collections/ArraysKt___ArraysKt,15,10166,0.15
5cc1eef7d93c3d47,kotlin/sequences/GeneratorSequence$iterator$1,15,24,62.5
8ecfaf9b6e030001,com/google/android/material/shadow/ShadowRenderer,15,57,26.32
49e941fb8b60c3cb,com/melnykov/fab/AbsListViewScrollDetector,14,27,51.85
3051a1f76f3bc7bc,ch/qos/logback/core/AsyncAppenderBase,14,54,25.93
e6e91f9d0632c63b,io/reactivex/internal/operators/observable/ObservableRefCount,14,70,20.0
482b054e11f4fd1b,kotlin/jvm/internal/Intrinsics,14,127,11.02
9b3382553492fc4e,com/better/alarm/PermissionsKt,14,85,16.47
9e9ada5382e69f92,androidx/appcompat/widget/ViewUtils,14,34,41.18
59b14964bbbb814e,androidx/lifecycle/ReportFragment$LifecycleCallbacks,14,22,63.64
c66b0f39391f22cd,kotlin/coroutines/jvm/internal/ContinuationImpl,14,18,77.78
87fe82c9accd2353,ch/qos/logback/core/pattern/ConverterUtil,14,17,82.35
06706cda52469a5f,androidx/datastore/core/SingleProcessDataStore$data$1,14,18,77.78
6a258ff436f35024,kotlin/coroutines/jvm/internal/BaseContinuationImpl,14,27,51.85
074b7018fbcdefbc,androidx/activity/OnBackPressedDispatcher,14,66,21.21
b322611a5ba922dd,androidx/fragment/app/FragmentTransaction,14,112,12.5
1742f4376fa8f701,androidx/lifecycle/ReportFragment$Companion,14,23,60.87
6debd27adb2f18df,androidx/appcompat/app/AppCompatDelegate,14,46,30.43
12b1463a71f8c9ef,com/better/alarm/persistance/AlarmProvider,14,34,41.18
51bbe0ee0bd34faa,kotlinx/coroutines/internal/SystemPropsKt__SystemProps_commonKt,14,27,51.85
30bd72a24a3f4566,io/reactivex/internal/observers/LambdaObserver,14,40,35.0
8296788d5ecfa16b,androidx/fragment/app/FragmentFactory,14,29,48.28
5afe8c47c5d2557e,com/google/android/material/shape/ShapeAppearanceModel,14,118,11.86
06b81e573a438cc9,org/koin/core/instance/InstanceFactory,14,38,36.84
5073f6f6089fb0cf,kotlin/text/StringsKt__StringsJVMKt,14,348,4.02
3707ffcd01c3affc,androidx/savedstate/SavedStateRegistryController,14,25,56.0
58b95b40928fbe06,io/reactivex/internal/observers/BasicFuseableObserver,14,34,41.18
2ca68c286d24bdb5,ch/qos/logback/classic/android/LogcatAppender,13,47,27.66
02051f18b0dfbdf1,io/reactivex/internal/operators/observable/ObservableTake$TakeObserver,13,28,46.43
cc3aefeffc9ccf11,androidx/fragment/app/FragmentViewLifecycleOwner,13,45,28.89
39188882d94b48bf,androidx/appcompat/widget/RtlSpacingHelper,13,36,36.11
a361caac9ad84398,ch/qos/logback/core/rolling/TimeBasedFileNamingAndTriggeringPolicyBase,13,25,52.0
ed7819eb5bcb27ab,ch/qos/logback/core/recovery/ResilientOutputStreamBase,13,53,24.53
8d4b1fb378704a7f,androidx/core/view/MenuHostHelper,13,53,24.53
ae268dc3c73b0d4f,androidx/lifecycle/LiveData,13,98,13.27
83f8f600ef115373,androidx/fragment/app/FragmentController,13,52,25.0
0c178a643b5cff23,com/google/android/material/appbar/AppBarLayout$LayoutParams,13,30,43.33
523c6cb141b68c0e,com/google/android/material/shape/ShapeAppearancePathProvider,13,127,10.24
bc47e56ab3c2c11e,androidx/lifecycle/Lifecycle$Event,13,20,65.0
4bafd90eae51e9ba,com/better/alarm/configuration/ContainerKt$startKoin$module$1$18,13,13,100.0
f44044a45de8106b,kotlinx/coroutines/DispatchedTaskKt,13,88,14.77
79195bf2c8f12c89,androidx/emoji2/text/EmojiCompatInitializer,13,14,92.86
a8b8501ca5137373,androidx/datastore/core/SingleProcessDataStore$readAndInit$api$1,13,34,38.24
f35d79e425f251bf,com/better/alarm/stores/SharedRxDataStoreFactory$stringDataStore$1,13,14,92.86
ce3b748e8b201695,com/better/alarm/configuration/AlarmApplicationInit$startOnce$3$2,13,13,100.0
35584f6bf5a5f884,kotlinx/coroutines/flow/AbstractFlow,13,18,72.22
092bf44242d7205c,org/koin/core/instance/SingleInstanceFactory,13,19,68.42
1ace9f50706d6208,androidx/emoji2/text/DefaultEmojiCompatConfig$DefaultEmojiCompatConfigFactory,13,40,32.5
b95401b2a4e6c4cb,ch/qos/logback/classic/util/ContextInitializer,12,45,26.67
c265d171f9d053fd,com/better/alarm/view/DigitalClock$AmPm,12,16,75.0
0712edbcabf09860,ch/qos/logback/core/android/SystemPropertiesProxy,12,29,41.38
ef5b5c44f7e73590,com/better/alarm/configuration/EditedAlarm,12,44,27.27
b4acf6e1f5d626ee,androidx/fragment/app/SpecialEffectsController$Operation$State,12,41,29.27
2ac084048cd1dba8,androidx/appcompat/widget/ShareActionProvider,12,59,20.34
cc4c958837bb3c79,com/better/alarm/model/AlarmUtilsKt,12,21,57.14
4cfe64e2dee5ac81,com/better/alarm/JacocoInstrument/JacocoInstrumentation,12,53,22.64
65f20c02086b8b0c,ch/qos/logback/core/BasicStatusManager,12,41,29.27
c1d9c35b7c79e448,kotlinx/serialization/internal/CollectionLikeSerializer,12,22,54.55
f7930e2a45599e21,androidx/datastore/core/SingleProcessDataStore$actor$3,12,20,60.0
e70d10cb1a8d0f80,com/better/alarm/view/VolumePreference,12,73,16.44
37c9c4576390f2df,com/better/alarm/configuration/ContainerKt$startKoin$module$1$5,12,14,85.71
168aacc282f63bbe,androidx/appcompat/view/ActionBarPolicy,12,39,30.77
6ae13d0cead9e653,kotlin/coroutines/CoroutineContext$Element$DefaultImpls,12,12,100.0
0a0b17a45f57d95a,kotlinx/serialization/internal/Platform_commonKt,12,48,25.0
04e6e3e140ba1c6c,org/acra/file/ReportLocator,12,17,70.59
0aadaef98c4393c6,androidx/appcompat/widget/AppCompatDrawableManager,12,21,57.14
09c6ae42f89ae308,kotlinx/serialization/protobuf/internal/ProtobufTaggedEncoder,12,68,17.65
0b88c3fccdd471f2,com/better/alarm/presenter/AlarmsListActivity$Companion$uiStoreModule$1,12,14,85.71
ee5d59e816056d65,androidx/datastore/core/DataStoreFactory,12,20,60.0
9a66606b4091cf82,kotlin/collections/ArrayDeque,12,327,3.67
21cbd9ff40de0539,com/better/alarm/presenter/ListRowHighlighter,12,25,48.0
1f049a5775c856d8,ch/qos/logback/core/rolling/helper/DateTokenConverter,12,21,57.14
2bdd2c9a504bd973,com/better/alarm/logger/LoggerModuleKt$loggerModule$1,12,14,85.71
98755b1d85a88034,org/koin/core/KoinApplication,12,37,32.43
64b148d7f9254bbb,kotlinx/coroutines/AbstractCoroutine,12,24,50.0
591683c17340decb,kotlin/io/TextStreamsKt,12,81,14.81
7f43f79e16901e75,kotlinx/coroutines/internal/LockFreeTaskQueue,11,31,35.48
02754ce560470e48,androidx/lifecycle/Lifecycle$State,11,13,84.62
f0536bd6b2c44810,androidx/fragment/app/strictmode/FragmentStrictMode$Flag,11,13,84.62
0faaa8638519e373,ch/qos/logback/core/util/OptionHelper,11,45,24.44
df89a88a17eea2c8,org/koin/core/context/GlobalContext,11,44,25.0
2dfc5f9f8ac3528c,com/better/alarm/presenter/AlarmsListFragment$onCreateView$6,11,11,100.0
7f638630ed87e7ff,io/reactivex/internal/operators/observable/ObservablePublishAlt$PublishConnection,11,44,25.0
8a643034c3c3f2ff,kotlin/coroutines/CoroutineContext$plus$1,11,12,91.67
b470f843444ca3ed,org/acra/collector/MediaCodecListCollector,11,124,8.87
414d3898f1f3fbba,com/better/alarm/configuration/ContainerKt,11,13,84.62
1b79341a6f05c3ad,com/google/android/material/elevation/ElevationOverlayProvider,11,44,25.0
0d4926386b2693b0,androidx/datastore/core/SingleProcessDataStore$data$1$1,11,13,84.62
c43096a58b32225c,org/acra/builder/LastActivityManager$1,11,44,25.0
168f3d43d3255cb5,kotlinx/coroutines/CoroutineStart,11,24,45.83
23dca8af31337624,androidx/datastore/core/SimpleActor$offer$2,11,23,47.83
0631545ded9d539d,kotlinx/coroutines/sync/SemaphoreImpl,11,166,6.63
c55b76a4e0d90749,androidx/core/view/OneShotPreDrawListener,11,15,73.33
7353879c1415bc5e,ch/qos/logback/core/util/DatePatternToRegexUtil,11,11,100.0
da18df60d2646a33,com/better/alarm/model/AlarmCore$AlarmState,11,57,19.3
c598e4053f94eb41,androidx/emoji2/text/EmojiCompatInitializer$BackgroundDefaultLoader,11,13,84.62
ed67aad080d68213,io/reactivex/internal/util/OpenHashSet,11,48,22.92
8a405c75aae3815d,androidx/lifecycle/SavedStateHandlesProvider,11,44,25.0
973fc40a1995a732,io/reactivex/internal/operators/observable/ObservableSwitchMap$SwitchMapInnerObserver,11,22,50.0
236aa88358eb4eca,kotlinx/coroutines/CoroutineContextKt,11,68,16.18
25ebe3e50d01d52c,kotlin/collections/ArraysKt___ArraysJvmKt,11,1103,1.0
29371acf65195063,org/acra/file/Directory,11,14,78.57
b104329b0b5b5647,kotlinx/coroutines/DebugKt,11,33,33.33
e02955d01fbb0d69,kotlinx/serialization/protobuf/internal/HelpersKt,11,48,22.92
2f12627c45a23f8a,com/better/alarm/OreoKt,11,30,36.67
5f71ab1de3af28b0,kotlinx/coroutines/flow/FlowKt__TransformKt$onEach$$inlined$unsafeTransform$1$2,11,17,64.71
7227424c797b8ea4,ch/qos/logback/core/status/StatusUtil,11,59,18.64
3326595627c5425c,ch/qos/logback/core/pattern/parser/Compiler,11,21,52.38
0604891e8520caae,androidx/lifecycle/Lifecycle$Event$Companion,10,26,38.46
36b608dc06fa8057,ch/qos/logback/core/UnsynchronizedAppenderBase,10,25,40.0
7e6e165c390d49c3,com/better/alarm/configuration/ContainerKt$startKoin$module$1$22,10,10,100.0
26650ca0b090735e,com/google/android/material/internal/ViewUtils,10,101,9.9
7f07511fed9aa28e,kotlinx/coroutines/scheduling/TasksKt,10,14,71.43
cb3e2f67d86b554a,ch/qos/logback/core/pattern/SpacePadder,10,22,45.45
4bbb39a90f40a4b9,com/google/android/material/theme/overlay/MaterialThemeOverlay,10,26,38.46
6a6be5e39378cd1f,androidx/customview/widget/ViewDragHelper,10,507,1.97
fd1c79d9d7949955,kotlinx/coroutines/BuildersKt__BuildersKt,10,23,43.48
5ea46735bd275efd,kotlinx/serialization/internal/MapEntrySerializer,10,12,83.33
d7297a01aac145be,com/better/alarm/configuration/AlarmApplicationInit$startOnce$3$3,10,11,90.91
754ea75c156db527,io/reactivex/Single,10,318,3.14
73a7fb15dd8217aa,kotlinx/coroutines/CoroutineDispatcher,10,13,76.92
a0b88b84320b2a17,kotlinx/coroutines/CompletionStateKt,10,26,38.46
01c3dbadbbe94ad6,androidx/arch/core/executor/ArchTaskExecutor,10,21,47.62
0cb1615d00706ee3,com/better/alarm/persistance/DataStoreAlarmsRepository$Companion$createBlocking$1$1$1,10,12,83.33
ac68075fc9b2214d,androidx/appcompat/widget/AppCompatDrawableManager$1,10,152,6.58
418a0c7b429d831c,ch/qos/logback/core/rolling/TimeBasedRollingPolicy,10,43,23.26
3a46bd75e7cd0c6e,com/better/alarm/presenter/AlarmsListActivity$Companion$createStore$UiStoreIR,10,38,26.32
8e307f243f7efacf,androidx/arch/core/internal/SafeIterableMap$ListIterator,10,21,47.62
e08a53bc107bde6f,com/better/alarm/presenter/AlarmsListActivity$onCreate$2,10,10,100.0
160e3fa96c24f0b4,com/better/alarm/persistance/SQLiteDatabaseQuery,10,44,22.73
626fa937d6cc98f2,com/better/alarm/configuration/ContainerKt$startKoin$module$1$11,10,10,100.0
f531c4f654825b5a,kotlinx/coroutines/TimeoutKt,10,45,22.22
2bb10d5aacb794e6,ch/qos/logback/core/rolling/helper/RollingCalendar$1,10,18,55.56
15728588c785e9be,com/better/alarm/bugreports/BugReporter$attachToMainThread$1$1,10,10,100.0
56c0bd90d5610923,org/koin/mp/KoinPlatformTools,10,28,35.71
7c99f8b292ae11ef,ch/qos/logback/core/encoder/LayoutWrappingEncoder,10,25,40.0
fb45f1b9fc921916,kotlinx/coroutines/channels/ChannelSegment,10,54,18.52
a98863babb280eda,com/better/alarm/persistance/DataStoreAlarmsRepository$createStoreView$1,10,25,40.0
6dc1f8a76fa7b2c3,androidx/fragment/app/strictmode/FragmentStrictMode$Policy,9,14,64.29
8d49ac84b88bd94c,androidx/fragment/app/SpecialEffectsController$Companion,9,9,100.0
95fe3bb7a38b25b1,kotlinx/serialization/internal/ObjectSerializer,9,19,47.37
4275b441d6b1885d,com/better/alarm/configuration/ContainerKt$startKoin$module$1$7,9,9,100.0
7a2031bbf062bb13,androidx/lifecycle/Lifecycling,9,95,9.47
44495f21fbfe99bb,kotlin/sequences/SequencesKt___SequencesKt,9,1094,0.82
6bbb02d59fe7cffd,ch/qos/logback/core/util/COWArrayList,9,32,28.12
46e9f095c0e56fe0,ch/qos/logback/classic/pattern/DateConverter,9,18,50.0
0d5414fae3943b99,androidx/preference/CheckBoxPreference,9,32,28.12
f98cec40fc7fa803,com/better/alarm/configuration/ContainerKt$startKoin$module$1$19,9,9,100.0
1806e6dcfbde84c4,kotlin/SynchronizedLazyImpl,9,20,45.0
82d22166e1e0ab81,kotlin/internal/jdk8/JDK8PlatformImplementations$ReflectSdkVersion,9,14,64.29
29668fb4024e0d70,androidx/lifecycle/viewmodel/InitializerViewModelFactory,9,14,64.29
5808e4c040c76e00,androidx/lifecycle/ProcessLifecycleOwner$attach$1,9,13,69.23
e21080e5a607ae89,kotlinx/serialization/protobuf/internal/ProtobufTaggedBase,9,21,42.86
65e5e4f3d73a6cf1,com/better/alarm/configuration/ContainerKt$startKoin$module$1$14,9,9,100.0
d0e6152fa3a4dc9e,com/better/alarm/model/Alarmtone,9,19,47.37
fc830dd51219d1b6,com/better/alarm/bugreports/BugReporter$attachToMainThread$1,9,9,100.0
231ab560ed2e8842,com/better/alarm/configuration/Store,9,35,25.71
33066e5e3e0e486b,androidx/lifecycle/DefaultLifecycleObserverAdapter$WhenMappings,9,16,56.25
d1daafa039f68cc5,androidx/preference/DialogPreference,9,32,28.12
c4479396b204a9d4,androidx/arch/core/internal/FastSafeIterableMap,9,11,81.82
03081652bf09464a,com/better/alarm/configuration/ContainerKt$startKoin$module$1$6,9,9,100.0
5bd784a93da62e8c,androidx/appcompat/widget/ActionBarContextView,9,212,4.25
29a3b7ec442a8e0e,kotlinx/serialization/protobuf/ProtoBuf,9,14,64.29
070a60105dd0be7c,kotlinx/coroutines/flow/FlowKt,9,164,5.49
208426174b1000a3,kotlinx/coroutines/internal/DispatchedContinuationKt,9,138,6.52
baf5291eb51e10be,kotlinx/coroutines/internal/AtomicOp,9,18,50.0
9c4ef7b8418d841a,androidx/lifecycle/Lifecycle$Event$WhenMappings,9,16,56.25
2beb0acb480bd7ad,ch/qos/logback/core/spi/ContextAwareBase,9,22,40.91
4a45af0d95cfce47,kotlinx/coroutines/flow/FlowKt__ReduceKt$first$$inlined$collectWhile$2,9,16,56.25
d66cf6a4c3ba0cdd,androidx/activity/contextaware/ContextAwareHelper,9,15,60.0
2277f01b77fa4259,androidx/datastore/core/DataMigrationInitializer$Companion$runMigrations$2,9,24,37.5
a73c7042fdf1ad76,androidx/appcompat/widget/ActionBarBackgroundDrawable,9,22,40.91
ce86a715c76906f7,androidx/appcompat/widget/AppCompatEmojiTextHelper,8,14,57.14
05139d61cef476a9,androidx/core/app/NotificationManagerCompat,8,194,4.12
dab5d7448e8cb346,androidx/datastore/core/SingleProcessDataStore$file$2,8,13,61.54
6f41c47b7a87e9f4,androidx/lifecycle/LifecycleRegistry$ObserverWithState,8,11,72.73
a1fd696e25be6579,com/better/alarm/presenter/ListRowHighlighter$Companion,8,9,88.89
1cd59472a6153ec0,kotlinx/coroutines/internal/LockFreeLinkedListNode$CondAddOp,8,13,61.54
843693fc02557de0,androidx/emoji2/text/EmojiCompat$ListenerDispatcher,8,14,57.14
8663126e1590d920,kotlin/text/Charsets,8,20,40.0
34c74cf48a0e7aec,kotlinx/coroutines/JobKt__JobKt,8,93,8.6
a67640656c3542c5,ch/qos/logback/core/pattern/parser/Token,8,30,26.67
eed12a5987bd923e,org/acra/prefs/SharedPreferencesFactory$Companion,8,10,80.0
5dd46a768749b1cc,org/koin/ext/KClassExtKt,8,8,100.0
ee9698e7a4c183f7,kotlinx/coroutines/ThreadLocalEventLoop,8,10,80.0
d93030d59c84d428,androidx/lifecycle/viewmodel/MutableCreationExtras,8,11,72.73
fa5ffc8d005a57d2,kotlin/coroutines/intrinsics/IntrinsicsKt__IntrinsicsJvmKt,8,57,14.04
3c1341c682548e08,androidx/profileinstaller/ProfileVerifier$Cache,8,40,20.0
dc7efc0107a4a62d,org/slf4j/helpers/SubstituteLoggerFactory,8,14,57.14
66070d0314619e9b,kotlinx/coroutines/internal/SystemPropsKt,8,8,100.0
eae45a54c09ee229,androidx/lifecycle/ProcessLifecycleInitializer,8,10,80.0
19ed757f1b35c5ae,kotlinx/serialization/protobuf/internal/ObjectEncoder,8,10,80.0
f47c611cc65ff187,kotlinx/coroutines/flow/internal/SafeCollector_commonKt$checkContext$result$1,8,16,50.0
0cc1c2da0de4593d,androidx/fragment/app/SpecialEffectsController$Operation$State$Companion,8,15,53.33
c18ce3792b6ea358,ch/qos/logback/core/rolling/RollingPolicyBase,8,14,57.14
9f42cbe1274d78cb,org/acra/scheduler/SchedulerStarter,8,30,26.67
231c74b1f3a07f38,androidx/fragment/app/FragmentHostCallback,8,28,28.57
7eff7ba1c9f64fc0,androidx/lifecycle/LifecycleRegistry$Companion,8,10,80.0
8f3b87239e36fdbb,com/better/alarm/persistance/DataStoreAlarmsRepository$Companion$createBlocking$1$1$1$1,8,12,66.67
ea6df97d8b8f1b34,com/google/android/material/resources/MaterialAttributes,8,32,25.0
62dfc38db93603af,com/better/alarm/NotificationSettings,8,54,14.81
6ab285608a91ceb4,org/slf4j/impl/StaticLoggerBinder,8,15,53.33
f83d7ec5663894cd,com/better/alarm/configuration/ContainerKt$startKoin$module$1$21,8,8,100.0
c14d2166f832140c,kotlinx/coroutines/internal/ThreadContextKt,8,17,47.06
104404d496814e09,androidx/core/os/TraceCompat,8,53,15.09
bfd109ce4365a151,org/koin/core/module/ModuleKt,8,57,14.04
73acc440d2d5690e,androidx/datastore/core/SingleProcessDataStore$transformAndWrite$newData$1,8,12,66.67
5b864ba2b1a9f5df,androidx/tracing/Trace,8,71,11.27
db3b95f23f1e3d72,ch/qos/logback/core/pattern/DynamicConverter,8,19,42.11
3df7275d68664e02,kotlinx/serialization/protobuf/internal/MapRepeatedEncoder,8,8,100.0
b1ba2b66102af61f,ch/qos/logback/core/pattern/FormatInfo,8,39,20.51
36f6f7931be6ff80,org/acra/config/MailSenderConfiguration,8,20,40.0
21c02332a3f66c39,kotlin/ranges/IntProgressionIterator,8,14,57.14
347eb23e4bb93879,androidx/lifecycle/ViewModelStore,8,14,57.14
125d163c21e5e822,com/better/alarm/persistance/DataStoreAlarmsRepository$awaitStored$duration$1$1$1,8,12,66.67
8164bf3a0181d9ed,androidx/datastore/core/DataMigrationInitializer$Companion$getInitializer$1,8,12,66.67
29a325497e0dccab,ch/qos/logback/core/pattern/parser/OptionTokenizer,8,24,33.33
1540c0eb4b463828,org/acra/startup/UnapprovedStartupProcessor,8,23,34.78
a2f4508f0725fb95,androidx/appcompat/view/WindowCallbackWrapper,8,29,27.59
e7201ca5bbdfdea0,kotlinx/coroutines/internal/ResizableAtomicArray,8,14,57.14
db0ec09c8789d332,androidx/core/view/AccessibilityDelegateCompat,8,65,12.31
5a332c85e30c2288,kotlin/collections/SetsKt___SetsKt,8,56,14.29
d7b72d702e3c33bd,kotlinx/serialization/internal/CollectionSerializer,8,8,100.0
33453602075d3555,androidx/core/view/WindowInsetsCompat$Impl28,8,14,57.14
85374ba4ff72ee80,com/better/alarm/configuration/ContainerKt$startKoin$module$1$9,8,8,100.0
60502b0e1a798654,com/better/alarm/persistance/DataStoreAlarmsRepository$Companion$createBlocking$1$1,8,12,66.67
7065d00f1825afd8,androidx/lifecycle/DefaultLifecycleObserverAdapter,8,14,57.14
df461998d028310f,com/better/alarm/presenter/LayoutModel,8,29,27.59
5c5d58e935a2d95c,io/reactivex/internal/operators/single/SingleFromCallable,7,15,46.67
34a43fdac2f349ec,org/acra/builder/LastActivityManager,7,25,28.0
7385b17f3a0a689c,kotlinx/coroutines/sync/SemaphoreKt,7,40,17.5
465be6d285a55d42,kotlinx/coroutines/JobSupport$addLastAtomic$$inlined$addLastIf$1,7,9,77.78
a0de2ceff25b86dc,ch/qos/logback/classic/pattern/EnsureExceptionHandling,7,11,63.64
f622755583ae0062,androidx/core/view/ViewCompat$Api16Impl,7,20,35.0
a1fcb877481c415c,com/better/alarm/wakelock/WakeLockManager,7,49,14.29
4331d14d4780d50d,ch/qos/logback/core/pattern/parser/TokenStream$1,7,12,58.33
ad9154d42eb7c6fa,io/reactivex/internal/operators/observable/ObservableDistinctUntilChanged$DistinctUntilChangedObserver,7,18,38.89
1c1b246c21b2e8f3,com/better/alarm/configuration/ContainerKt$startKoin$module$1$25,7,7,100.0
06303195799ebf71,kotlinx/coroutines/scheduling/CoroutineScheduler$WorkerState,7,9,77.78
a25757fb1ed0d22c,com/better/alarm/presenter/AlarmsListFragment$onCreateView$6$invoke$$inlined$sortedBy$3,7,13,53.85
0dad74d24352d351,kotlin/io/FilesKt__UtilsKt,7,211,3.32
0748554d90eba37c,com/better/alarm/persistance/ProtobufSerializer,7,12,58.33
cb94ed388729303c,org/acra/ktx/ExtensionsKt,7,16,43.75
37ef6d2fc68e158f,androidx/activity/OnBackPressedCallback,7,18,38.89
de7a03b274d1a8e2,kotlin/collections/IndexingIterator,7,9,77.78
5dd9e0bdb2f6e598,androidx/emoji2/viewsintegration/EmojiTextViewHelper$SkippingHelper19,7,18,38.89
a9a36a50a244a3bb,com/better/alarm/logger/LoggerModuleKt$configureLogback$1$2$1,7,7,100.0
557b6974075d9947,io/reactivex/internal/observers/BlockingMultiObserver,7,66,10.61
1b1b583d08a799a8,io/reactivex/internal/operators/observable/ObservableCreate$CreateEmitter,7,31,22.58
76388ba0f6b5c168,kotlinx/coroutines/BuildersKt,7,8,87.5
e7c1c4ebe2c2938f,ch/qos/logback/core/LayoutBase,7,15,46.67
43aeb3cddc85468c,com/better/alarm/model/DaysOfWeek$$serializer,7,18,38.89
4f9ddd5d09560137,androidx/lifecycle/viewmodel/InitializerViewModelFactoryBuilder,7,7,100.0
8c19c1c231ec2e94,com/melnykov/fab/FloatingActionButton$AbsListViewScrollDetectorImpl,7,21,33.33
7d669816358303e3,kotlinx/serialization/internal/IntSerializer,7,10,70.0
ac207533bbd9b9ef,androidx/appcompat/widget/ForwardingListener,7,119,5.88
8f83bb62c41eabcb,kotlin/collections/EmptyList,7,50,14.0
17fe66a125a5175c,com/better/alarm/presenter/ActionBarHandler$onCreateOptionsMenu$1,7,9,77.78
8526e4fa58b06d6b,androidx/lifecycle/Lifecycle$Event$Companion$WhenMappings,7,12,58.33
7b523921b4a41ac5,androidx/core/util/Pools$SimplePool,7,13,53.85
d9148226f093af9f,kotlinx/coroutines/flow/FlowKt__LimitKt$dropWhile$1$1,7,24,29.17
985365ec685bb9a0,androidx/emoji2/viewsintegration/EmojiTransformationMethod,7,15,46.67
9d8530dee7247e0f,androidx/core/app/CoreComponentFactory,7,11,63.64
5fe2f7ff978ffb1c,kotlin/jvm/JvmClassMappingKt,7,67,10.45
b765bdb03bc47c05,com/better/alarm/persistance/DataStoreAlarmsRepository$awaitStored$duration$1$1$1$1,7,8,87.5
52174b3b675d6364,kotlin/internal/ProgressionUtilKt,7,22,31.82
e4a575d6e3dbf78f,com/better/alarm/configuration/ContainerKt$startKoin$module$1$20,7,7,100.0
932b9eeabdf385be,androidx/emoji2/text/ConcurrencyHelpers,7,10,70.0
707fbc42d7fcf65f,com/better/alarm/presenter/AlarmsListActivity$Companion$uiStoreModule$1$1,7,7,100.0
f47029d1b7499f02,io/reactivex/internal/functions/ObjectHelper,7,32,21.88
2443a457d1232cdb,androidx/activity/OnBackPressedDispatcher$LifecycleOnBackPressedCancellable,7,17,41.18
829b206bc5899177,ch/qos/logback/classic/util/ContextSelectorStaticBinder,7,12,58.33
abb26818aada7f42,androidx/collection/ContainerHelpers,7,27,25.93
b73d4597a1e55d00,kotlinx/serialization/protobuf/ProtoIntegerType,7,9,77.78
adea8d73ebe99d1a,kotlin/ranges/RangesKt___RangesKt,7,518,1.35
8c629d287f714047,kotlinx/coroutines/EventLoopImplPlatform,7,10,70.0
b57f10b42735e427,com/better/alarm/model/AlarmSetter$AlarmSetterImpl,7,68,10.29
ecc9d5a868097e65,androidx/core/view/ViewCompat$Api21Impl,7,40,17.5
b6ae6d43ac5f30ab,ch/qos/logback/core/util/FileSize,7,14,50.0
faba48d68af48fb2,kotlin/collections/EmptySet,7,28,25.0
60ef68c3606c476b,com/better/alarm/bugreports/BugReporter,7,33,21.21
13b7bc73489be06a,com/better/alarm/model/AlarmValue$$serializer,7,30,23.33
e92b3e088f9fa7fc,kotlin/SafePublicationLazyImpl,7,18,38.89
2fbd9a7ecbd36140,com/better/alarm/presenter/AppearanceModel,7,39,17.95
be98478393e58da5,com/better/alarm/logger/LoggerModuleKt$configureLogback$1$2,7,7,100.0
bbedf0c493573704,com/better/alarm/model/AlarmValues$$serializer,7,18,38.89
ee6792cae9526282,kotlinx/serialization/internal/KeyValueSerializer,7,27,25.93
a56226ef459fb190,ch/qos/logback/core/util/CachingDateFormatter,7,8,87.5
30c3f9a6f5bbdb41,androidx/core/content/ContextCompat,7,84,8.33
d2d86de02509658c,ch/qos/logback/classic/pattern/NamedConverter,7,12,58.33
d73574fb9d4ac96e,kotlinx/coroutines/intrinsics/CancellableKt,7,32,21.88
66e26a87cda449a2,kotlinx/coroutines/JobNode,6,8,75.0
d39508959e72a50d,kotlinx/coroutines/flow/StateFlowKt,6,39,15.38
47ef186305323a2f,com/google/android/material/shape/MaterialShapeUtils,6,18,33.33
5df8ccd6d14de88d,io/reactivex/internal/operators/observable/ObservableWithLatestFrom,6,6,100.0
5be2d9cd1366c1b9,com/better/alarm/configuration/Layout,6,8,75.0
cb813a4647236e1e,androidx/fragment/app/FragmentStateManager$2,6,10,60.0
e002f42cf51389c2,org/koin/core/instance/SingleInstanceFactory$get$1,6,6,100.0
88786924b48914fd,com/better/alarm/presenter/ToastPresenter,6,19,31.58
a531169f034459c5,androidx/core/view/WindowInsetsCompat$Impl,6,47,12.77
4ddce399102e1f0b,com/better/alarm/logger/LoggerModuleKt$configureLogback$1,6,6,100.0
8a45b3bb995deaa8,com/better/alarm/model/AlarmCore$DisabledState,6,41,14.63
1cf6ed7b8fa08434,androidx/emoji2/viewsintegration/EmojiTextViewHelper,6,14,42.86
bdf0199154eb82ca,kotlin/jvm/internal/TypeIntrinsics,6,209,2.87
7afc511f2a614bf1,org/koin/core/qualifier/StringQualifier,6,14,42.86
91abd6478de77889,com/better/alarm/configuration/ContainerKt$startKoin$module$1$8,6,6,100.0
df8598064f3c8236,androidx/fragment/app/SpecialEffectsController$Operation$LifecycleImpact,6,7,85.71
77aa47840ff3c551,com/better/alarm/presenter/AlarmsListFragment$onCreateView$$inlined$doOnPreDraw$1,6,9,66.67
5a81cb6126a205e8,kotlinx/coroutines/CompletableDeferredKt,6,11,54.55
3021d14c7e59b5fa,kotlin/coroutines/ContinuationInterceptor$DefaultImpls,6,22,27.27
8f4c3f6dd1cfc334,org/acra/prefs/SharedPreferencesFactory,6,9,66.67
a13edd66e7abb10b,androidx/core/os/CancellationSignal,6,49,12.24
3f8145d103130269,com/better/alarm/configuration/ContainerKt$startKoin$module$1$15,6,6,100.0
755ee7d0e87939dd,kotlinx/coroutines/JobImpl,6,21,28.57
0b6452e1835d69f4,androidx/fragment/app/SpecialEffectsController$Operation$State$WhenMappings,6,10,60.0
7055efdf5cf16042,com/better/alarm/configuration/ContainerKt$startKoin$module$1$1,6,6,100.0
938c58478c704ce9,androidx/core/content/res/ResourcesCompat$ColorStateListCacheKey,6,13,46.15
f861be02e21f171e,org/koin/dsl/DefinitionBindingKt,6,14,42.86
f62815ba9da31542,com/better/alarm/configuration/InjectKt$globalLogger$1,6,6,100.0
0e08b0537c28b1da,androidx/lifecycle/LifecycleDispatcher,6,7,85.71
051f3870a44d5a99,androidx/appcompat/widget/Toolbar$ExpandedActionViewMenuPresenter,6,54,11.11
70b9358a0686f809,kotlinx/coroutines/scheduling/DefaultIoScheduler,6,13,46.15
2b071a8d981a0a52,io/reactivex/internal/observers/BlockingBaseObserver,6,21,28.57
8be271d0846a859b,org/koin/core/definition/BeanDefinitionKt,6,20,30.0
3ea1396d247f4879,io/reactivex/disposables/CompositeDisposable,6,96,6.25
f982b8a567d85d28,org/acra/util/StubCreator,6,13,46.15
025bb015b989401b,io/reactivex/internal/operators/observable/ObservableFromArray$FromArrayDisposable,6,23,26.09
a8c0d86822cf39bb,androidx/appcompat/widget/AbsActionBarView,6,110,5.45
4f7cf9da1e17bcb8,com/better/alarm/configuration/ContainerKt$startKoin$1,6,6,100.0
c14be0c57e0b4397,kotlin/LazyThreadSafetyMode,6,8,75.0
b58445dd4e0c0a68,com/better/alarm/persistance/DataStoreAlarmsRepository$awaitStored$duration$1$1,6,12,50.0
0ad12526b626fd8f,ch/qos/logback/core/spi/AppenderAttachableImpl,6,29,20.69
d772f99cb92baba0,kotlin/io/FilesKt__FilePathComponentsKt,6,45,13.33
7ef8b57f26cb01e7,kotlinx/coroutines/Job$DefaultImpls,6,21,28.57
dd49f4d3253ff06a,kotlin/text/StringsKt__AppendableKt,6,21,28.57
6fb2ac396785c8fb,kotlinx/coroutines/CompletedContinuation,6,57,10.53
f40d2b0c53921190,kotlinx/coroutines/channels/ChannelKt,6,44,13.64
7262e609d6b6f7d7,kotlin/collections/CollectionsKt__CollectionsKt,6,143,4.2
323b4fe8122c32cf,com/better/alarm/presenter/AlarmsListActivity$Companion,6,6,100.0
14e0e262189c9b43,androidx/core/view/WindowInsetsCompat$BuilderImpl29,6,19,31.58
a6e7d0e8a533be56,androidx/savedstate/Recreator,6,34,17.65
1a51d44a292c4a9d,ch/qos/logback/classic/pattern/ThrowableProxyConverter,6,77,7.79
1dac291beddaa4df,kotlinx/coroutines/internal/LimitedDispatcher$Worker,6,13,46.15
c72e2d231d799ac1,com/better/alarm/presenter/AppearanceFragment$appendLayoutButton$button$1$1,6,6,100.0
68f139017c0f3813,io/reactivex/internal/operators/observable/ObservableSkip$SkipObserver,6,12,50.0
5cd85f9957f1a14d,androidx/appcompat/app/AppCompatActivity$2,6,6,100.0
0db9f26f4b84ea54,ch/qos/logback/core/pattern/FormattingConverter,6,14,42.86
72785c07020c6a69,androidx/lifecycle/ProcessLifecycleOwner$attach$1$onActivityPreCreated$1,6,6,100.0
22a65eca824fe812,com/better/alarm/configuration/Prefs$layout$1,6,9,66.67
a0193446d63b8cc1,io/reactivex/internal/operators/observable/ObservableFilter$FilterObserver,6,16,37.5
9a87ff1818464b70,kotlinx/serialization/builtins/BuiltinSerializersKt,6,49,12.24
c2d7841ac2fbea9c,kotlin/properties/ObservableProperty,6,9,66.67
a4be0209add9bdae,kotlinx/serialization/descriptors/SerialDescriptorsKt,6,80,7.5
b9c9e2759ac257ba,com/better/alarm/configuration/ContainerKt$startKoin$module$1$16,6,6,100.0
de5ff31c9865d3c3,com/better/alarm/configuration/ContainerKt$startKoin$module$1$17,6,6,100.0
03686af8ec2d1350,com/better/alarm/configuration/ContainerKt$startKoin$module$1$29,6,6,100.0
93bd6c2f06bb1e2a,kotlinx/coroutines/CoroutineStart$WhenMappings,6,10,60.0
edd5508bbd8a87d1,com/better/alarm/model/Alarms$insertDefaultAlarms$2,6,6,100.0
bb83643706ca6666,com/better/alarm/configuration/ContainerKt$startKoin$module$1$27,6,6,100.0
902bc65da7defe8a,com/better/alarm/configuration/ContainerKt$startKoin$module$1$13,6,6,100.0
3914d317abd8569b,androidx/emoji2/viewsintegration/EmojiInputFilter,6,34,17.65
f384cb2ca45b9bb4,kotlinx/serialization/protobuf/internal/ProtobufTaggedEncoder$NullableMode,6,9,66.67
392349b453cf9405,kotlinx/coroutines/flow/FlowKt__CollectKt$launchIn$1,6,12,50.0
e3a3d1fb5b0e8e09,kotlinx/coroutines/sync/MutexKt,6,37,16.22
89c610bc4f3f31e1,androidx/appcompat/widget/TintContextWrapper,6,54,11.11
506686f01ba6129a,kotlinx/coroutines/EventLoop_commonKt,6,9,66.67
0a5e3dfb17347f21,kotlin/ranges/IntProgression,6,33,18.18
2853a8d3da2ed51e,com/better/alarm/model/Alarms$insertDefaultAlarms$3,6,6,100.0
c46e93b805c815c8,kotlin/jvm/internal/ArrayIterator,6,9,66.67
53702d2aa9e65849,androidx/core/util/Pools$SynchronizedPool,6,8,75.0
17b1fc157093fb3e,com/better/alarm/background/AlertServicePusher,5,5,100.0
c075961687683107,ch/qos/logback/core/helpers/CyclicBuffer,5,35,14.29
7adb1f3ca5c34029,io/reactivex/internal/operators/observable/ObservableWithLatestFrom$WithLatestFromObserver,5,22,22.73
b22db48c4e3bc086,io/reactivex/observers/SerializedObserver,5,57,8.77
e1da2b3e92e6c82f,io/reactivex/internal/util/ArrayListSupplier,5,10,50.0
e91f8619b4242b41,ch/qos/logback/classic/PatternLayout,5,6,83.33
2eee308162a0c4a8,kotlin/coroutines/AbstractCoroutineContextElement,5,7,71.43
90c289e6788661df,io/reactivex/internal/operators/observable/ObservableCreate,5,8,62.5
d0c4b184f6954f58,androidx/startup/InitializationProvider,5,12,41.67
f0e04cfe0b9cb717,com/better/alarm/configuration/ContainerKt$startKoin$module$1$10,5,5,100.0
ab2d304f19080ac8,kotlin/sequences/GeneratorSequence,5,5,100.0
cc668ed019f953ab,org/acra/collector/ConfigurationCollector,5,145,3.45
47b1ed78a007123c,org/acra/config/MailSenderConfigurationBuilder$special$$inlined$observable$1,5,5,100.0
b5bd5419ff341e66,ch/qos/logback/core/util/CharSequenceToRegexMapper,5,28,17.86
6fc7325f2b7c3e13,com/better/alarm/statemachine/StateMachine$branchToRoot$2,5,5,100.0
e1d3f01f219ed0aa,androidx/appcompat/app/AppCompatDelegateImpl$PanelFeatureState,5,52,9.62
7f3ffd75162e0499,com/google/android/material/animation/AnimationUtils,5,11,45.45
7217cee03aa76f41,kotlin/sequences/TransformingSequence,5,7,71.43
12a75b726032d8f5,com/better/alarm/presenter/AlarmsListActivity$configureTransactions$1,5,5,100.0
15bbe346fce7532a,kotlin/collections/CollectionsKt__MutableCollectionsKt,5,134,3.73
0868addc41cc9df1,androidx/core/app/NavUtils,5,61,8.2
cd71e06b22a6be2a,com/better/alarm/presenter/AlarmsListFragment$onCreate$1,5,7,71.43
9289e9812220509d,com/better/alarm/NotificationSettings$checkNotificationChannelSettings$1,5,11,45.45
2be8882781bcb3cb,kotlinx/coroutines/UndispatchedCoroutine,5,45,11.11
69c94d974af00f14,kotlinx/coroutines/CoroutineContextKt$hasCopyableElements$1,5,8,62.5
cb21ac7377fef111,kotlinx/coroutines/ResumeAwaitOnCompletion,5,12,41.67
f394a3578768e66c,com/better/alarm/configuration/ContainerKt$startKoin$module$1$12,5,5,100.0
15e5da48513e7f5e,androidx/appcompat/widget/DrawableUtils,5,60,8.33
c87e5793bb947dae,com/better/alarm/util/Optional,5,32,15.62
3c9ffe1f33792021,kotlin/collections/MapsKt__MapsJVMKt,5,46,10.87
8e08ec1270a6fb50,com/better/alarm/presenter/AlarmsListFragment$onCreateView$6$invoke$$inlined$sortedBy$1,5,5,100.0
dd896951654bc398,androidx/lifecycle/SavedStateHandleSupport$savedStateHandlesVM$1$1,5,5,100.0
9c127d41e42ea754,org/acra/collector/TimeCollector,5,20,25.0
ab309e25e506ba24,org/acra/builder/ReportExecutor,5,140,3.57
3efc6419cd630dbc,com/better/alarm/persistance/Columns$Companion,5,5,100.0
c6fcbb7877def80b,ch/qos/logback/core/status/StatusBase,5,46,10.87
febd6e6d8fc1cd9d,kotlinx/serialization/SealedClassSerializer$special$$inlined$groupingBy$1,5,5,100.0
ab79a9481c92c42d,kotlin/internal/jdk8/JDK8PlatformImplementations,5,19,26.32
a0ad934393dfd2bf,androidx/emoji2/text/EmojiCompatInitializer$LoadEmojiCompatRunnable,5,7,71.43
691b20a00245e161,androidx/fragment/app/SpecialEffectsController$Operation$WhenMappings,5,8,62.5
857ff3acc0576435,org/slf4j/helpers/Util,5,30,16.67
b56bfcccb0026b7c,androidx/activity/FullyDrawnReporter,5,53,9.43
58fc7e8c3d85f12f,org/acra/config/MailSenderConfigurationBuilder$special$$inlined$observable$3,5,5,100.0
da5498d62f06df72,org/acra/data/CrashReportDataFactory$special$$inlined$sortedBy$1,5,5,100.0
e4024d6da45b8fcc,androidx/core/content/res/ResourcesCompat$FontCallback,5,8,62.5
219c561349b0dd16,io/reactivex/internal/operators/observable/ObservablePublish,5,26,19.23
3ab0e7b79a0e8c55,androidx/lifecycle/EmptyActivityLifecycleCallbacks,5,8,62.5
71d716815fa63bad,com/better/alarm/stores/RxDataStoreKt,5,5,100.0
0e1f769aa78d3c81,kotlin/Pair,5,22,22.73
b111f68d10dea4e0,kotlinx/coroutines/flow/FlowKt__LimitKt$dropWhile$$inlined$unsafeFlow$1,5,6,83.33
50af583b3a0b992f,androidx/fragment/app/FragmentLayoutInflaterFactory$1,5,6,83.33
396f2f4078ef0579,androidx/datastore/core/SingleProcessDataStore$Message$Update,5,6,83.33
7b75be34632f6dd5,androidx/appcompat/widget/VectorEnabledTintResources,5,56,8.93
8712d3008fc7401d,org/acra/config/MailSenderConfigurationBuilder$special$$inlined$observable$5,5,5,100.0
84fafb07d99b7595,kotlin/text/Regex,5,94,5.32
9eecf54e794d0efe,androidx/arch/core/executor/DefaultTaskExecutor,5,27,18.52
8ad09e993ff237ac,com/better/alarm/presenter/ScheduledReceiver,5,47,10.64
1a4f38473bf52ddd,kotlinx/coroutines/internal/LockFreeTaskQueueCore$Companion,5,10,50.0
c4006747935bf43f,kotlin/LazyKt__LazyJVMKt,5,11,45.45
801d0d793743fe1c,com/better/alarm/presenter/AppearanceFragment$onCreateView$lambda$5$lambda$4$$inlined$sortedBy$1,5,5,100.0
d12772e6ee6219ff,com/better/alarm/stores/RxDataStoreKt$intStringDataStore$1,5,9,55.56
9c77b27beadbd8ab,com/better/alarm/logger/LoggerModuleKt$loggerModule$1$1,5,5,100.0
5dc237d372d2e44e,com/better/alarm/logger/LoggerModuleKt$configureLogback$1$1,5,5,100.0
4eda073bdeafcbdf,org/acra/config/MailSenderConfigurationBuilder$special$$inlined$observable$4,5,5,100.0
b5683b0fcec33402,com/better/alarm/presenter/AlarmsListActivity$showList$1$1,5,5,100.0
a59b0e985380f438,com/better/alarm/stores/RxDataStoreKt$intStringDataStore$1$observe$1,5,5,100.0
71c68041fea98be8,io/reactivex/plugins/RxJavaPlugins,5,233,2.15
b59ba402f3903ed9,com/better/alarm/stores/SharedRxDataStoreFactory$Companion,5,7,71.43
e0e77753eba59114,org/acra/config/MailSenderConfigurationBuilder$special$$inlined$observable$2,5,5,100.0
c097087093426eab,ch/qos/logback/core/rolling/helper/Compressor$1,5,8,62.5
81319b2d129dbd9e,org/koin/core/definition/BeanDefinition$toString$defOtherTypes$typesAsString$1,5,5,100.0
60275bd8cff1892d,org/koin/core/logger/Logger,5,36,13.89
8a4548da3a2f3593,org/koin/core/instance/InstanceContext,5,8,62.5
7ac3b2c0721d0f33,androidx/preference/PreferenceCategory,5,19,26.32
397c73866ebe097e,androidx/core/view/GravityCompat,5,16,31.25
ccae27c3c206542c,androidx/lifecycle/SavedStateHandleAttacher,5,9,55.56
e7a7e418470449ed,io/reactivex/internal/operators/observable/ObservableConcatMap,5,10,50.0
d4abfc114c3389d1,kotlin/jvm/internal/Reflection,5,46,10.87
830fbb28f424295a,io/reactivex/internal/operators/observable/ObservableRefCount$RefConnection,5,9,55.56
09c6698e38f075e7,androidx/fragment/app/Fragment$2,5,7,71.43
984ccbc5d8717e99,kotlin/coroutines/EmptyCoroutineContext,5,9,55.56
4c1ad45fc3c2e60d,org/koin/core/parameter/ParametersHolder,5,70,7.14
d9c1eb612ef551c7,com/better/alarm/configuration/AlarmApplicationInit$startOnce$3$1,5,5,100.0
cfeabfe94d8a0814,com/better/alarm/model/Change,5,14,35.71
5c72c549db66c7bd,androidx/appcompat/app/AppCompatDelegateImpl$2,5,8,62.5
02799276f97ecc97,io/reactivex/subjects/PublishSubject$PublishDisposable,5,18,27.78
9b51551a51c4ea7c,org/koin/dsl/ModuleDSLKt,5,14,35.71
3874f406a3109940,kotlinx/coroutines/channels/BufferOverflow,5,7,71.43
1e009e4848d4a6d0,com/better/alarm/statemachine/StateMachine$branchToRoot$1,5,5,100.0
711f851d41c08398,com/better/alarm/logger/LoggerModuleKt$loggerModule$1$1$1,5,6,83.33
18c37c3983dca950,com/better/alarm/presenter/AlarmsListFragment$AlarmListAdapter$getView$2,5,5,100.0
5f29d5c3f233c6ae,androidx/appcompat/app/ActionBar$LayoutParams,5,9,55.56
b23cb027e77513ea,androidx/datastore/core/SingleProcessDataStore$data$1$invokeSuspend$$inlined$map$1$2,5,17,29.41
0c71777a6dbc0028,kotlinx/coroutines/channels/ChannelResult,5,41,12.2
b37703ccbc74327e,kotlin/sequences/TransformingSequence$iterator$1,5,7,71.43
d9e1a10748a85ef4,com/better/alarm/presenter/AlarmsListFragment$onCreateView$6$invoke$$inlined$sortedBy$2,5,5,100.0
df3cb2c5e4825791,kotlinx/serialization/internal/MapEntrySerializer$descriptor$1,5,5,100.0
9ececa16ebe5d811,kotlinx/coroutines/UndispatchedMarker,5,7,71.43
78be01d77e8340d0,kotlin/LazyKt__LazyJVMKt$WhenMappings,5,8,62.5
656cf9e8fe6945d0,io/reactivex/observables/ConnectableObservable,5,22,22.73
aa7b9b95c10d5fab,org/acra/data/StringFormat,5,9,55.56
ea549b2f1368dd72,kotlinx/coroutines/internal/LockFreeLinkedListKt,5,13,38.46
bba536577343d9d3,androidx/datastore/core/Data,5,10,50.0
d43dc58e511ec72d,kotlinx/coroutines/internal/SystemPropsKt__SystemPropsKt,5,6,83.33
c15cf01f911177c3,io/reactivex/internal/observers/BlockingFirstObserver,5,9,55.56
82ab5605c261a168,kotlinx/serialization/protobuf/internal/ProtobufWriter$WhenMappings,5,8,62.5
e7494f1622ce353e,com/better/alarm/presenter/AlarmsListFragment$onCreateView$5,5,6,83.33
37684b93bd2e8664,androidx/core/app/ComponentActivity,5,45,11.11
adc771b521bc020e,kotlinx/coroutines/JobKt,5,29,17.24
d7a17fa9dbc1ac06,androidx/lifecycle/ProcessLifecycleOwner$Companion,5,6,83.33
bf50b425d3c25755,ch/qos/logback/core/rolling/helper/DateParser,5,19,26.32
d371a66cb6efb410,com/better/alarm/presenter/DynamicThemeHandler$1,5,6,83.33
1888b3e26859b327,androidx/savedstate/SavedStateRegistryController$Companion,4,4,100.0
35f6d3aab6e0389b,kotlinx/coroutines/internal/ConcurrentLinkedListNode,4,72,5.56
54aa5fa58a0ea152,com/better/alarm/logger/Logger,4,45,8.89
4d31efbdc380017c,org/slf4j/MDC,4,45,8.89
cca066dd09642b6f,androidx/appcompat/widget/ThemeUtils,4,37,10.81
f812b3f82aa45131,io/reactivex/internal/operators/observable/ObservableConcatMap$ConcatMapDelayErrorObserver$DelayErrorInnerObserver,4,14,28.57
0751c6ed66a57f98,org/acra/config/CoreConfigurationBuilder$special$$inlined$observable$18,4,4,100.0
080bb17857f4d601,com/better/alarm/configuration/AlarmApplication,4,5,80.0
fda7f55a988698f7,com/better/alarm/presenter/ScheduledReceiver$1,4,7,57.14
52599405342f82e1,com/better/alarm/util/Preconditions$Companion,4,6,66.67
729bee175e9aa283,io/reactivex/disposables/Disposables,4,14,28.57
4fdb9b08b6f5b2ef,com/better/alarm/stores/SharedRxDataStoreFactory$stringDataStore$1$observe$1,4,4,100.0
1d85572ed8f1928a,com/better/alarm/presenter/AlarmsListActivity$special$$inlined$globalInject$default$3,4,4,100.0
d085681396008645,androidx/datastore/core/SingleProcessDataStore$data$1$invokeSuspend$$inlined$map$1,4,5,80.0
1efd54842154ebf9,androidx/core/view/MarginLayoutParamsCompat,4,33,12.12
d8dedfd97f439092,io/reactivex/internal/util/NotificationLite,4,44,9.09
e08196e786540927,com/better/alarm/presenter/AlarmsListFragment$special$$inlined$globalInject$default$4,4,4,100.0
03064aedfdf12538,androidx/core/view/AccessibilityDelegateCompat$AccessibilityDelegateAdapter,4,25,16.0
82d73e8636150b6b,com/better/alarm/configuration/ContainerKt$startKoin$module$1$4,4,4,100.0
451e8d1824942ddb,com/better/alarm/configuration/InjectKt,4,24,16.67
e33cf84b79ca53e2,androidx/coordinatorlayout/widget/CoordinatorLayout$Behavior,4,51,7.84
a964048b944980cb,kotlinx/serialization/internal/PrimitiveArraySerializer,4,27,14.81
9ef9e113449a82fb,org/koin/core/definition/KoinDefinition,4,19,21.05
b6f33d98f01f1ab7,com/better/alarm/alert/BackgroundNotifications,4,59,6.78
9312cfea7c75f948,com/better/alarm/presenter/AlarmsListActivity$special$$inlined$globalInject$default$1,4,4,100.0
618f129b72efd036,kotlinx/coroutines/scheduling/TaskImpl,4,6,66.67
3c4b448937dcc6c2,ch/qos/logback/core/util/StatusPrinter,4,43,9.3
995a2f2c10e34765,androidx/emoji2/text/EmojiCompat$CompatInternal19,4,25,16.0
9f9b0fea375006d8,com/better/alarm/stores/SharedRxDataStoreFactory$stringDataStore$1$observe$2,4,4,100.0
f1656037d4827f81,com/better/alarm/statemachine/Node,4,6,66.67
8a9f1b46ff083480,com/better/alarm/presenter/AlarmsListFragment$special$$inlined$globalInject$default$2,4,4,100.0
555b575f7a20fa4e,org/acra/collector/DropBoxCollector,4,58,6.9
51333d5d98161e13,kotlin/Result,4,31,12.9
189d54f33baae548,ch/qos/logback/core/AsyncAppenderBase$Worker,4,9,44.44
c67889a96de160be,com/better/alarm/model/Alarmtone$Companion,4,20,20.0
66d7e3bf8b083cdf,com/better/alarm/configuration/ContainerKt$startKoin$module$1$2,4,4,100.0
db2b522118dbc309,androidx/core/view/WindowInsetsCompat$BuilderImpl,4,40,10.0
83aee87148d801fd,androidx/collection/MapCollections$ArrayIterator,4,11,36.36
fdcd94b2a1ebd39f,kotlinx/coroutines/scheduling/UnlimitedIoScheduler,4,6,66.67
07a68639093553b2,com/better/alarm/presenter/AlarmsListFragment$onCreate$1$WhenMappings,4,6,66.67
3a90c5a76a77465d,kotlinx/coroutines/internal/ThreadContextKt$countAll$1,4,13,30.77
e34896c3a346c5fd,kotlinx/coroutines/flow/FlowKt__CollectKt,4,18,22.22
7716cc236c75c406,com/better/alarm/configuration/AlarmApplication$Companion,4,4,100.0
ebacfd9f8a5fff24,io/reactivex/internal/operators/observable/ObservableRefCount$RefCountObserver,4,22,18.18
0f08c3ff84293b8e,kotlin/random/Random,4,98,4.08
3c82c32d4a052efb,org/acra/config/CoreConfigurationBuilder$special$$inlined$observable$28,4,4,100.0
8cd7b014d585a2cb,com/better/alarm/statemachine/State,4,4,100.0
0e0a767c4ff88c01,androidx/lifecycle/viewmodel/ViewModelInitializer,4,4,100.0
ceec65d9bcb6d421,androidx/emoji2/text/DefaultGlyphChecker,4,16,25.0
a3d863a11ac1d91f,org/koin/core/instance/FactoryInstanceFactory,4,9,44.44
a7c27629d7794d3b,kotlinx/coroutines/scheduling/SchedulerCoroutineDispatcher,4,22,18.18
b8f5c96e5df837d7,kotlinx/serialization/internal/ObjectSerializer$descriptor$2$1,4,4,100.0
ea75f0585c3c35a7,kotlin/jvm/internal/CollectionToArray,4,61,6.56
25a2ce8008a1f07c,com/better/alarm/presenter/AlarmsListActivity$special$$inlined$globalInject$default$4,4,4,100.0
6b94436619a57543,org/slf4j/impl/StaticMDCBinder,4,5,80.0
35a7816d6f529fac,com/better/alarm/model/Alarmtone$Companion$1,4,4,100.0
487716ffd0ce9a73,kotlinx/serialization/internal/ByteSerializer,4,10,40.0
b07efd3103405243,com/better/alarm/presenter/AlarmsListFragment$onCreateView$4,4,4,100.0
efd8bf6272653ebc,org/acra/config/CoreConfigurationBuilder$special$$inlined$observable$15,4,4,100.0
01121f216a50a807,androidx/core/util/ObjectsCompat,4,23,17.39
9a89774c5662d7cf,kotlinx/coroutines/DefaultExecutorKt,4,11,36.36
9c90898d18a2e1c2,kotlin/collections/MapsKt__MapWithDefaultKt,4,18,22.22
d2e195f5035840cc,com/better/alarm/persistance/Columns$Companion$CONTENT_URI$2,4,4,100.0
8e60898ff4c06fa7,kotlin/coroutines/AbstractCoroutineContextKey,4,11,36.36
f49dad7390ee4d8c,com/better/alarm/presenter/InfoFragment$now$1$tickReceiver$1,4,4,100.0
7a6fa35f0245d7d0,org/acra/plugins/ServicePluginLoader$loadEnabled$1,4,4,100.0
01ea7f2cbe8a9ce7,ch/qos/logback/core/pattern/Converter,4,5,80.0
af62e6978e35d30f,androidx/concurrent/futures/AbstractResolvableFuture$SafeAtomicHelper,4,6,66.67
a73ccc24ab3564f7,kotlinx/serialization/internal/MapLikeSerializer,4,49,8.16
333e44ee6310c822,com/better/alarm/presenter/AlarmsListFragment$special$$inlined$globalInject$default$3,4,4,100.0
6bd656d8c1807078,io/reactivex/internal/operators/observable/ObservablePublishAlt$InnerDisposable,4,9,44.44
39067b08a11e5613,ch/qos/logback/core/util/EnvUtil,4,8,50.0
acfccdcc0140bd55,kotlinx/coroutines/flow/internal/SafeCollector$collectContextSize$1,4,4,100.0
41ba928a1d385b2e,kotlinx/coroutines/flow/FlowKt__TransformKt$onEach$$inlined$unsafeTransform$1,4,5,80.0
f1ac3aeb003b6656,kotlinx/serialization/internal/LinkedHashSetSerializer,4,23,17.39
e0878cb01b8492e5,com/better/alarm/model/AlarmCore$updateListInStore$1,4,4,100.0
9cc7140b3bf49661,ch/qos/logback/core/util/Loader,4,22,18.18
37374f8bf0641d86,com/melnykov/fab/FloatingActionButton$1,4,5,80.0
00c71ee0eacde180,com/better/alarm/util/Optional$Companion,4,5,80.0
d2a11659d9bb2031,org/acra/config/CoreConfigurationBuilder$special$$inlined$observable$6,4,4,100.0
0148ca2df607c81a,kotlinx/coroutines/Dispatchers,4,12,33.33
02f79fc6892bf98b,androidx/lifecycle/ReportFragment$LifecycleCallbacks$Companion,4,4,100.0
9ec3f53b5dc3439a,com/better/alarm/presenter/AlarmsListActivity$special$$inlined$globalInject$default$5,4,4,100.0
653bd18f314dd847,org/acra/config/CoreConfigurationBuilder$special$$inlined$observable$25,4,4,100.0
7156749124100c17,androidx/core/view/ActionProvider,4,26,15.38
a08a4c1db4246d57,kotlin/ResultKt,4,63,6.35
1358dc405fe9fd1d,io/reactivex/internal/operators/observable/ObservableCombineLatest,4,13,30.77
abff7b8ab43979bc,androidx/core/content/res/GrowingArrayUtils,4,48,8.33
69f5b245fc91fad6,io/reactivex/internal/util/ErrorMode,4,6,66.67
7cffa9aa9ea325d8,kotlin/collections/CollectionsKt__IterablesKt,4,26,15.38
6cb780255525bffe,kotlinx/coroutines/flow/FlowKt__ReduceKt$first$$inlined$collectWhile$1,4,5,80.0
48213bf963a09e25,androidx/datastore/core/SingleProcessDataStore$UncloseableOutputStream,4,10,40.0
b0b5b72d3ad7f333,com/better/alarm/presenter/AlarmsListActivity$special$$inlined$globalInject$default$2,4,4,100.0
cd939114f35b895a,androidx/lifecycle/ProcessLifecycleOwner$Api29Impl,4,4,100.0
982e0eb061e911a5,com/better/alarm/util/ReactiveKt,4,24,16.67
f25eaadda673102f,com/better/alarm/model/Alarmtone$Sound$$serializer,4,18,22.22
f4f925de05617aa1,ch/qos/logback/classic/AsyncAppender,4,11,36.36
bef36263574fcd34,io/reactivex/internal/disposables/EmptyDisposable,4,29,13.79
b39d328d963c29c3,com/better/alarm/presenter/AppearanceFragment$special$$inlined$globalInject$default$1,4,4,100.0
847577145f174a83,com/better/alarm/JacocoInstrument/SMSInstrumentedReceiver,4,7,57.14
3eb6ca2adc958ef0,androidx/core/view/WindowInsetsCompat$Builder,4,26,15.38
210dfdaa53f56070,androidx/collection/MapCollections,4,57,7.02
89b5d054e64a08fe,com/better/alarm/presenter/InfoFragment$special$$inlined$globalInject$default$2,4,4,100.0
5fca5345e39a986d,ch/qos/logback/classic/spi/EventArgUtil,4,13,30.77
407a31a6086d86ce,org/koin/core/qualifier/QualifierKt,4,19,21.05
5b9fa27f522bec45,kotlin/properties/NotNullVar,4,8,50.0
1967f72e1f2b86f4,com/better/alarm/presenter/AppearanceFragment$special$$inlined$globalInject$default$2,4,4,100.0
9fdc472ad8c61f98,androidx/emoji2/text/EmojiCompat$Config,4,28,14.29
5c56d718e9a06546,kotlinx/coroutines/CompletableDeferredImpl,4,9,44.44
d5d38b875c1ccd90,androidx/datastore/core/SingleProcessDataStore$Companion,4,4,100.0
2d83035f35130c2d,kotlinx/serialization/internal/PrimitiveSerialDescriptor,4,24,16.67
5e8e5f20a956b8ef,io/reactivex/internal/operators/observable/ObservableCombineLatest$CombinerObserver,3,6,50.0
f324d35b9cb534d7,kotlinx/coroutines/ExecutorCoroutineDispatcher$Key,3,3,100.0
a78f6442b6cc851f,kotlinx/serialization/internal/LinkedHashMapSerializer,3,29,10.34
c7c5d0044cddab33,androidx/core/util/Preconditions,3,73,4.11
e567ac62698cf0bd,androidx/core/content/res/ResourcesCompat$ColorStateListCacheEntry,3,4,75.0
96836307c25a2f9a,kotlin/collections/IndexedValue,3,20,15.0
d4034d4ad835c137,androidx/concurrent/futures/ResolvableFuture,3,5,60.0
88601139560e7f26,io/reactivex/internal/operators/observable/ObservableFromArray,3,4,75.0
e9e70f34abbd151a,kotlinx/coroutines/scheduling/NanoTimeSource,3,3,100.0
2106de8d6d1352ec,androidx/activity/ComponentActivity$3,3,10,30.0
22a88eb9e3e1a778,org/acra/collector/Collector$Order,3,6,50.0
27cd8b40daf9d6fe,androidx/fragment/app/FragmentStateManager$1,3,4,75.0
1c7fd1975ccc61bd,kotlin/collections/IndexingIterable,3,3,100.0
8932faad7f6b946e,org/koin/core/registry/ScopeRegistry$Companion,3,4,75.0
92cc74b050e07e2e,kotlinx/serialization/protobuf/internal/RepeatedEncoder,3,3,100.0
cda63ea568a5ab4f,kotlinx/coroutines/flow/internal/AbortFlowException,3,4,75.0
3a26374f44e17166,kotlinx/coroutines/scheduling/TaskContextImpl,3,3,100.0
0237ac288d766267,ch/qos/logback/core/pattern/PatternLayoutEncoderBase,3,8,37.5
ed1d81202a7d0769,androidx/fragment/app/strictmode/WrongFragmentContainerViolation,3,4,75.0
dc5d408c796e5c89,kotlinx/coroutines/GlobalScope,3,3,100.0
943b0d7fd246a253,ch/qos/logback/classic/pattern/LineSeparatorConverter,3,3,100.0
18fafdb093578f76,kotlinx/serialization/internal/ListLikeDescriptor,3,38,7.89
0af35bbac7be1f76,ch/qos/logback/classic/pattern/LevelConverter,3,3,100.0
281211f67f9ddfef,ch/qos/logback/core/pattern/parser/SimpleKeywordNode,3,14,21.43
2bf2452209448e0a,kotlinx/coroutines/flow/internal/NopCollector,3,3,100.0
035b64d3ab22a56d,org/koin/core/logger/Level,3,5,60.0
75a70eda06d8e478,org/koin/core/extension/ExtensionManager,3,20,15.0
d466e508c1a7692f,com/better/alarm/presenter/InfoFragment$onCreateView$2,3,3,100.0
4a84cef768e01eb3,androidx/lifecycle/ViewModelProvider$Factory,3,6,50.0
d84f10b7ec5a168e,io/reactivex/internal/util/AppendOnlyLinkedArrayList,3,35,8.57
aeb7ddc489b298ee,androidx/appcompat/widget/TooltipCompat,3,5,60.0
417483b2eecb863f,kotlinx/coroutines/DeferredCoroutine,3,6,50.0
a610215c24f82181,ch/qos/logback/core/pattern/parser/TokenStream$TokenizerState,3,4,75.0
aea4d070f7066395,kotlin/io/CloseableKt,3,28,10.71
ea91912e74904560,com/google/android/material/resources/MaterialResources,3,67,4.48
9f178608990c0a49,androidx/activity/ComponentActivity$5,3,3,100.0
b1bebdf64b63dd41,kotlin/jvm/internal/CallableReference$NoReceiver,3,4,75.0
fd36b9ec19c5976e,ch/qos/logback/core/util/ExecutorServiceUtil$1,3,4,75.0
2e1bd8e851cfbda2,androidx/lifecycle/viewmodel/CreationExtras,3,3,100.0
4254b118f080617e,ch/qos/logback/classic/selector/DefaultContextSelector,3,7,42.86
87b5af9adc0c7e97,androidx/core/widget/ImageViewCompat,3,45,6.67
346dd98637c77095,androidx/fragment/app/Fragment$6,3,6,50.0
6f4dca0274671be2,org/acra/log/AndroidLogDelegate,3,25,12.0
b9ed9ee89ba18647,com/better/alarm/model/Alarmtone$Silent,3,5,60.0
b812a877b984b31f,ch/qos/logback/core/rolling/helper/CompressionMode,3,4,75.0
e8d730ff0640e563,com/better/alarm/presenter/ResolveColorKt,3,3,100.0
7b21d17e2ac4b394,org/koin/core/definition/Callbacks,3,19,15.79
c073b3f762cea279,ch/qos/logback/core/LifeCycleManager,3,7,42.86
404b404e34286f7e,androidx/lifecycle/ViewModelProviderGetKt,3,6,50.0
7a5de59d286f1cf3,kotlin/properties/Delegates,3,7,42.86
16de06e415e52680,com/better/alarm/presenter/AlarmsListFragment$AlarmListAdapter$highlighter$2,3,3,100.0
9d6cfc61eb176178,kotlinx/coroutines/NonDisposableHandle,3,6,50.0
bd3bfb105504e840,com/google/android/material/bottomsheet/BottomSheetBehavior$StateSettlingTracker,3,12,25.0
f8cebca27bbf3ca0,io/reactivex/internal/operators/observable/ObservableMap$MapObserver,3,13,23.08
af4cd78cdd520ee4,kotlin/collections/EmptyIterator,3,15,20.0
3fe310f4b40c1860,kotlin/collections/ArraysKt___ArraysKt$withIndex$1,3,3,100.0
474bed2c7ddc6c3b,com/better/alarm/model/Alarmtone$SystemDefault,3,5,60.0
0117bb2fd16268c1,kotlinx/coroutines/NodeList,3,20,15.0
3a8c84ae9091652e,kotlinx/serialization/internal/PrimitiveArrayDescriptor,3,4,75.0
96936be7c900b7da,androidx/emoji2/text/EmojiCompatInitializer$1,3,3,100.0
678da2590ce032f5,androidx/appcompat/view/menu/SubMenuBuilder,3,30,10.0
55e1814c4670e11e,ch/qos/logback/core/rolling/helper/PathPart,3,4,75.0
6e92061e98489329,kotlin/coroutines/jvm/internal/DebugProbesKt,3,3,100.0
364c01ca2c25dfa6,kotlinx/coroutines/flow/internal/NullSurrogateKt,3,3,100.0
c0c91cb3fe9586f0,io/reactivex/internal/operators/observable/ObservableWithLatestFrom$WithLatestFromOtherObserver,3,5,60.0
78dc8509c4f50d0a,ch/qos/logback/core/pattern/parser/FormattingNode,3,13,23.08
687becf3144d04e8,ch/qos/logback/core/util/Loader$1,3,4,75.0
591c139dcc79f2cf,kotlin/jvm/internal/PropertyReference,3,35,8.57
603345daf97808a9,com/better/alarm/model/AlarmValues$Companion,3,3,100.0
1a865a61811d45c5,com/better/alarm/presenter/AlarmsListFragment$onCreateView$7,3,3,100.0
bd9558a6616cb81c,com/better/alarm/model/Alarmtone$Default,3,5,60.0
43bcc3d948a2cca0,kotlin/random/FallbackThreadLocalRandom$implStorage$1,3,3,100.0
52288f2707169e80,kotlinx/serialization/internal/ObjectSerializer$descriptor$2,3,3,100.0
682b684d929dfe51,com/better/alarm/presenter/AlarmsListFragment$onCreateView$3,3,3,100.0
f2ed4eed2abf1210,org/koin/core/registry/PropertyRegistry,3,19,15.79
6ed23db081d56e18,org/acra/collector/LogCatCollector,3,61,4.92
81a9e7895d55cfc6,com/better/alarm/persistance/DataStoreAlarmsRepository$Companion$createBlocking$dataStore$2,3,3,100.0
a67abd6e505807fb,com/better/alarm/presenter/AlarmsListFragment$mAdapter$2,3,3,100.0
afde253900cd3f28,org/acra/collections/WeakStack,3,40,7.5
65c1ab1a95bdee7f,androidx/emoji2/viewsintegration/EmojiInputFilter$InitCallbackImpl,3,25,12.0
e3e72531853eaede,kotlinx/coroutines/DelayKt,3,40,7.5
ed3ea0fe7e611ee4,org/koin/mp/KoinPlatformTimeTools,3,3,100.0
4e1fe5af5a0f34e9,androidx/multidex/MultiDexApplication,3,3,100.0
7988625ef040b6f5,androidx/fragment/app/FragmentManager$2,3,5,60.0
8b8a6d25010772d0,androidx/fragment/app/SpecialEffectsController$WhenMappings,3,4,75.0
59d9b04958ed64f9,kotlin/random/FallbackThreadLocalRandom,3,3,100.0
8838a05d610094e2,org/acra/config/MailSenderConfigurationKt,3,3,100.0
2cce5e3ac7a538d9,kotlin/ranges/IntRange,3,35,8.57
0d6745a8ab2d8e7a,kotlin/random/Random$Default,3,20,15.0
5e1dde8c6b72f646,org/koin/core/definition/Kind,3,5,60.0
43ce8b222d54f80c,ch/qos/logback/classic/pattern/ThreadConverter,3,3,100.0
8eb2dfbcecc12871,kotlinx/coroutines/scheduling/DefaultScheduler,3,8,37.5
d0af7f3e5f045d50,kotlin/coroutines/intrinsics/CoroutineSingletons,3,6,50.0
03542f497676a7bd,kotlin/jvm/internal/FunctionReference,3,40,7.5
91bff9e4c0c8bd72,ch/qos/logback/classic/Level,3,50,6.0
5838fa851202feb8,androidx/lifecycle/ViewModel,3,49,6.12
52deeb00e884c745,ch/qos/logback/core/pattern/parser/Node,3,28,10.71
09755dd030a0d237,io/reactivex/internal/functions/Functions$Array2Func,3,5,60.0
d7af6abb6083dbc8,org/koin/core/KoinApplication$Companion,3,3,100.0
72134d28337aa2c2,androidx/fragment/app/strictmode/FragmentTagUsageViolation,3,4,75.0
78994bf29d03e8e3,ch/qos/logback/core/rolling/helper/PeriodicityType,3,4,75.0
a9ee2efd2eb8ef33,androidx/lifecycle/LifecycleDispatcher$DispatcherActivityCallback,3,3,100.0
85025dd472e264ad,com/better/alarm/persistance/Columns,3,5,60.0
4d1a9cd0ec91cbfe,androidx/core/graphics/drawable/DrawableCompat,3,117,2.56
055be9bf1318e154,ch/qos/logback/core/rolling/DefaultTimeBasedFileNamingAndTriggeringPolicy,3,7,42.86
7147f4ce7fc984ee,org/acra/collector/SimpleValuesCollector,3,24,12.5
043ca6f09abd4eb8,kotlinx/coroutines/channels/ChannelResult$Companion,3,5,60.0
94803c77160c801a,androidx/core/view/WindowInsetsCompat$Impl20,3,125,2.4
59e823847bb90731,androidx/core/os/BuildCompat,3,58,5.17
5f6337e98162070e,com/google/android/material/motion/MotionUtils,3,43,6.98
5cabf66e6c39a80f,androidx/activity/ComponentActivity$4,3,9,33.33
42fdbf4cfb45e9e4,androidx/lifecycle/SavedStateHandlesProvider$viewModel$2,3,3,100.0
d6239ca2a05bf5f9,kotlin/coroutines/jvm/internal/Boxing,3,8,37.5
6583941c654893f9,androidx/core/view/WindowInsetsCompat$Impl21,3,14,21.43
7cdd4bfbf639662a,kotlin/jvm/internal/ReflectionFactory,3,30,10.0
cc4821d7e87542dc,kotlinx/coroutines/CoroutineDispatcher$Key,3,3,100.0
5bbb789d7c1e8803,kotlin/coroutines/CoroutineContext$DefaultImpls,3,3,100.0
a34951ddee337bf4,ch/qos/logback/core/spi/FilterAttachableImpl,3,10,30.0
528c5d2f3ce0e414,com/better/alarm/presenter/AlarmsListFragment$inflater$2,3,3,100.0
ff4a7f066147ae56,kotlinx/coroutines/CoroutineScopeKt,3,30,10.0
51d78c3cef3bf5b4,kotlinx/coroutines/Empty,3,6,50.0
248f1f93700f3496,androidx/core/view/ViewCompat$Api17Impl,3,12,25.0
a94ee697109cd0e5,androidx/arch/core/internal/SafeIterableMap$Entry,3,14,21.43
036bd6107f06a5dc,androidx/coordinatorlayout/widget/CoordinatorLayout$HierarchyChangeListener,3,9,33.33
1db64ceeaa88f464,io/reactivex/internal/operators/observable/ObservableBuffer,3,9,33.33
1219e9aec2843ed7,ch/qos/logback/classic/pattern/MessageConverter,3,3,100.0
5432d7b13161bd11,io/reactivex/disposables/ReferenceDisposable,3,10,30.0
e454fee7ffb952fe,com/better/alarm/configuration/ContainerKt$startKoin$module$1$3,3,3,100.0
f467fb33b5637a25,org/acra/config/CoreConfigurationBuilder$special$$inlined$observable$5,2,4,50.0
c2e9ab00d254c39d,io/reactivex/internal/functions/Functions$EmptyAction,2,3,66.67
53e1c88966136559,kotlinx/coroutines/ExecutorCoroutineDispatcher$Key$1,2,6,33.33
2d3614215a9e7baa,io/reactivex/internal/operators/observable/ObservableDistinctUntilChanged,2,2,100.0
4eae41c555365a6c,org/acra/collector/StacktraceCollector,2,34,5.88
bf826b17005a0cfb,androidx/core/widget/AutoSizeableTextView,2,3,66.67
52cea5a166f901af,androidx/emoji2/text/DefaultEmojiCompatConfig$DefaultEmojiCompatConfigHelper_API19,2,3,66.67
98dcc78727286033,androidx/core/view/WindowInsetsCompat$Impl30,2,11,18.18
fd1b657ab9cf01e5,ch/qos/logback/core/util/CharSequenceState,2,2,100.0
415e7f9ace1fd090,kotlinx/coroutines/Unconfined,2,7,28.57
d036efa97c5b2b88,kotlinx/serialization/modules/SerialModuleImpl,2,74,2.7
cef720a3d8e886ee,androidx/lifecycle/MutableLiveData,2,4,50.0
c147f0ab37038683,org/acra/file/ReportLocator$Companion,2,2,100.0
8a1392a2da7492b7,kotlin/text/Regex$Companion,2,13,15.38
09d9eed152e6cd96,kotlin/coroutines/ContinuationInterceptor$Key,2,2,100.0
316052440613654f,kotlinx/coroutines/AbstractTimeSourceKt,2,36,5.56
8e24ee65f69bd6a1,ch/qos/logback/core/spi/FilterReply,2,4,50.0
6bf471e8d2cb2859,kotlinx/coroutines/internal/Segment,2,27,7.41
5d77565ca0485bf2,androidx/activity/OnBackPressedDispatcher$OnBackPressedCancellable,2,8,25.0
2573c9f60504d11f,com/better/alarm/model/Event,2,3,66.67
9d49067aff59accb,kotlinx/coroutines/internal/ContextScope,2,3,66.67
29c9613e994e011d,org/acra/collector/ThreadCollector,2,14,14.29
faff65cdd780c003,kotlin/jvm/internal/ByteCompanionObject,2,4,50.0
5befc2b68cc38523,kotlin/enums/EnumEntriesList,2,23,8.7
5e7311534b9dcc03,com/better/alarm/model/DaysOfWeek$Companion,2,3,66.67
bbc65e86b52f90d0,io/reactivex/internal/operators/observable/ObservableMap,2,2,100.0
4bfdb16dddf84fa9,ch/qos/logback/classic/pattern/LoggerConverter,2,2,100.0
f23cd0c5963efc01,androidx/lifecycle/Lifecycle,2,4,50.0
54af14580dddddec,org/acra/collector/SettingsCollector,2,36,5.56
afba797205d273cc,kotlin/SafePublicationLazyImpl$Companion,2,2,100.0
1b89010753bb01ef,kotlin/collections/AbstractList$Companion,2,45,4.44
83cf3c950c56abd0,org/acra/config/CoreConfigurationBuilder$special$$inlined$observable$21,2,4,50.0
fc50fe2f3c8c7e13,com/better/alarm/wakelock/WakeLockManager$Companion,2,2,100.0
f9218bf93cde9eec,com/better/alarm/logger/Logger$Companion,2,3,66.67
c6fe8785cc3f2db5,com/better/alarm/model/AlarmValue$Companion,2,3,66.67
76529b3f2a05a79d,com/better/alarm/model/Create,2,2,100.0
0347239d1189e1a4,androidx/lifecycle/ViewModelProvider$NewInstanceFactory$Companion,2,7,28.57
32754ac55b68132f,androidx/lifecycle/ViewModelProvider$AndroidViewModelFactory$Companion$ApplicationKeyImpl,2,2,100.0
72df4afb0feb5730,kotlinx/serialization/descriptors/PrimitiveKind$INT,2,2,100.0
096cfa8a1f7c8465,androidx/collection/MapCollections$KeySet,2,29,6.9
31c9a45d21adcd3a,androidx/core/view/MarginLayoutParamsCompat$Api17Impl,2,9,22.22
3a96b4eb76b4a9d0,androidx/interpolator/view/animation/FastOutSlowInInterpolator,2,3,66.67
c3eca5bbf650a11a,kotlinx/coroutines/flow/internal/SafeCollector_commonKt,2,13,15.38
25c56ef014ce2eda,androidx/activity/result/contract/ActivityResultContracts$RequestMultiplePermissions$Companion,2,4,50.0
65830ee121b713f6,androidx/activity/result/contract/ActivityResultContracts$StartActivityForResult$Companion,2,2,100.0
0627f306b74df34a,kotlinx/coroutines/scheduling/Task,2,4,50.0
b668aac56d5db8da,androidx/appcompat/content/res/AppCompatResources,2,3,66.67
80fb813b284a88b4,androidx/core/view/LayoutInflaterCompat,2,32,6.25
a428ae983e956d67,kotlin/jvm/internal/CallableReference,2,30,6.67
2e8cdc415ee1756a,com/better/alarm/util/ReactiveKt$mapNotNull$2,2,5,40.0
c75a9e074d1e5513,kotlin/jvm/internal/ArrayIteratorKt,2,2,100.0
b3c57836773f5d99,org/acra/collector/DropBoxCollector$Companion,2,2,100.0
1a613915bab19093,androidx/tracing/TraceApi18Impl,2,3,66.67
292d60104adcdabe,ch/qos/logback/core/util/StatusListenerConfigHelper,2,17,11.76
069e104b8e7731ca,kotlinx/coroutines/flow/internal/SafeCollectorKt$emitFun$1,2,4,50.0
4914626643980190,androidx/activity/ComponentActivity$ReportFullyDrawnExecutorApi16Impl,2,29,6.9
d726296ce009b7c1,org/acra/util/ProcessFinisher,2,51,3.92
d539d355610f76e4,androidx/concurrent/futures/AbstractResolvableFuture$AtomicHelper,2,2,100.0
a06ba74db0b9c60c,org/acra/config/CoreConfigurationBuilder$special$$inlined$observable$8,2,4,50.0
86de8324e18a5de4,androidx/datastore/core/SingleProcessDataStore$Message,2,2,100.0
df3ee3018c02698d,org/acra/config/CoreConfigurationBuilder$special$$inlined$observable$11,2,4,50.0
41cecd53443ce118,kotlinx/coroutines/flow/SafeFlow,2,3,66.67
e1f2a0dcbb88531c,androidx/interpolator/view/animation/FastOutLinearInInterpolator,2,3,66.67
eff156f70c917c5a,com/better/alarm/persistance/AlarmDatabaseHelper,2,4,50.0
14f00145964e1a2d,androidx/savedstate/Recreator$Companion,2,2,100.0
14e964a7f9f0705e,kotlin/sequences/SequencesKt__SequencesKt,2,49,4.08
6b6301d8676a7437,kotlinx/coroutines/flow/internal/SafeCollectorKt,2,3,66.67
0dbc002ed767931b,kotlin/collections/ArrayDeque$Companion,2,2,100.0
cfa77b20a5cb90b0,org/acra/collector/ConfigurationCollector$Companion,2,2,100.0
4d9765eb5a6b53eb,kotlinx/serialization/protobuf/internal/ByteArrayOutput$Companion,2,2,100.0
de8ff8c6554e5af8,kotlinx/coroutines/internal/LimitedDispatcherKt,2,6,33.33
a7821c2fd01eb1b7,org/acra/config/CoreConfigurationBuilder$special$$inlined$observable$1,2,4,50.0
89b917f53796c3d0,androidx/emoji2/text/EmojiCompat$InitCallback,2,3,66.67
a16097c9f9617dd0,ch/qos/logback/core/rolling/helper/DefaultFileProvider,2,7,28.57
8ec0914ef49d610f,androidx/arch/core/executor/DefaultTaskExecutor$1,2,4,50.0
da597eca354aebf3,androidx/fragment/app/FragmentManager$7,2,2,100.0
23c779325b2723fe,kotlinx/coroutines/internal/ThreadContextKt$findOne$1,2,7,28.57
724ad7d581bd9610,com/better/alarm/util/ReactiveKt$mapNotNull$3,2,5,40.0
f26cfdb47bba0e51,kotlinx/serialization/descriptors/PrimitiveKind,2,2,100.0
4511b0ee87dda86a,kotlin/ranges/IntRange$Companion,2,3,66.67
e19157a4256bb111,kotlinx/serialization/descriptors/StructureKind$CLASS,2,2,100.0
433db9e5ec7f6cf5,ch/qos/logback/classic/pattern/TargetLengthBasedClassNameAbbreviator,2,30,6.67
628aec1781d46d1e,com/better/alarm/configuration/ContainerKt$startKoin$module$1$24,2,5,40.0
b0efd24309d7a923,com/better/alarm/persistance/DataStoreAlarmsRepository$Companion$createBlocking$dataStore$1,2,5,40.0
c94bf5225a322402,kotlinx/serialization/internal/MapLikeDescriptor,2,46,4.35
2c80aaf72b5acf72,org/acra/config/CoreConfigurationBuilder$special$$inlined$observable$27,2,4,50.0
549e90939493aae1,com/better/alarm/model/AlarmsScheduler$Companion,2,3,66.67
52f58ae9a2ab4036,kotlinx/serialization/internal/ByteArraySerializer,2,18,11.11
f738d8776ffe6a24,org/acra/config/CoreConfigurationBuilder$special$$inlined$observable$12,2,4,50.0
575011059f9c535f,com/better/alarm/configuration/ContainerKt$startKoin$module$1$28,2,6,33.33
1f5bd5f14c853cb3,io/reactivex/internal/operators/observable/ObservableSwitchMap,2,3,66.67
a9212c1a74cf3356,ch/qos/logback/core/rolling/helper/RenameUtil,2,22,9.09
844d8bba4c8d81d2,androidx/lifecycle/ProcessLifecycleOwner$initializationListener$1,2,5,40.0
8e5f214c2cf0e155,com/better/alarm/model/Alarmtone$Silent$1,2,4,50.0
936a3a808ae069b0,kotlinx/serialization/modules/SerializersModuleKt,2,13,15.38
238c38b27d3074cc,androidx/core/os/TraceCompat$Api18Impl,2,3,66.67
fab0be550f74e955,androidx/appcompat/widget/ToolbarWidgetWrapper$1,2,7,28.57
b75d659a2933e933,com/better/alarm/configuration/ContainerKt$startKoin$module$1$32,2,12,16.67
b61f6f5d3aa7f922,kotlin/collections/IntIterator,2,4,50.0
457d589e490c3e3f,kotlinx/coroutines/internal/ThreadContextKt$updateState$1,2,7,28.57
65e0d2654662db38,androidx/core/view/ViewCompat$Api29Impl,2,5,40.0
c017ab541ff0fe50,androidx/fragment/app/strictmode/FragmentStrictMode$Policy$Companion,2,2,100.0
985463b8a67b1f67,androidx/appcompat/widget/ActivityChooserModel$DefaultSorter,2,16,12.5
ead8a2104a508063,androidx/lifecycle/ViewModelProvider$Factory$Companion,2,4,50.0
0cf1e9fe9990879d,io/reactivex/internal/operators/observable/ObservableSkip,2,2,100.0
05f05c1d32c8302d,com/better/alarm/stores/SharedRxDataStoreFactory$keyChanges$1$listener$1,2,11,18.18
eeb4326aac1b4bcf,kotlinx/coroutines/flow/StateFlowImpl$collect$1,2,2,100.0
9792696403828678,org/acra/config/CoreConfigurationBuilder$special$$inlined$observable$14,2,4,50.0
c00fb0c3b08a135c,androidx/lifecycle/DefaultLifecycleObserver,2,6,33.33
3ef3b4e84cf7c5c8,org/acra/util/StreamReader$Companion,2,2,100.0
91ec62ec0e3b5e10,androidx/datastore/core/handlers/ReplaceFileCorruptionHandler,2,3,66.67
1044fcf6024d85c3,kotlinx/coroutines/ExecutorCoroutineDispatcher,2,2,100.0
cbec465b247cea8a,com/google/android/material/bottomsheet/BottomSheetBehavior$BottomSheetCallback,2,2,100.0
49577cb4b0d46673,org/acra/collector/SimpleValuesCollector$Companion,2,18,11.11
acc841d38a9e04e7,androidx/fragment/app/DefaultSpecialEffectsController,2,467,0.43
04c293ce3779fb1c,ch/qos/logback/core/rolling/helper/Compressor,2,90,2.22
d8c9a393d6e556d2,com/better/alarm/configuration/ContainerKt$startKoin$module$1$31,2,6,33.33
55f501d1b0f637a0,org/acra/config/CoreConfigurationBuilder$special$$inlined$observable$13,2,4,50.0
0857d56f35251b6f,androidx/appcompat/widget/Toolbar$LayoutParams,2,10,20.0
4602bdd810b7d814,org/acra/config/CoreConfigurationBuilder$special$$inlined$observable$22,2,4,50.0
ec2436dca63f8fba,kotlinx/coroutines/sync/SemaphoreSegment,2,16,12.5
f110043fb8f28e54,androidx/core/view/ViewCompat$Api19Impl,2,8,25.0
d6cbb88aad8de840,androidx/fragment/app/FragmentManager$4,2,2,100.0
95adbfd9b182787a,androidx/fragment/app/strictmode/Violation,2,6,33.33
58ae85954d293b87,kotlin/Result$Failure,2,9,22.22
f2bccf9b0eec807f,org/acra/collector/LogCatCollector$Companion,2,2,100.0
9e0f2ff235f8e7c7,androidx/datastore/core/State,2,2,100.0
2e59512764feb84b,io/reactivex/internal/functions/ObjectHelper$BiObjectPredicate,2,2,100.0
f757c007335ce7dc,com/better/alarm/configuration/ContainerKt$startKoin$module$1$30,2,6,33.33
8f3d57b71ff6dc9e,com/better/alarm/stores/SharedRxDataStoreFactory$booleanDataStore$1,2,11,18.18
03f6e0b616ada60f,com/better/alarm/presenter/AlarmsListFragment$Companion,2,4,50.0
7b6f7190997ab06d,androidx/fragment/app/FragmentContainer,2,2,100.0
1b43659c28dd25ec,kotlinx/coroutines/Active,2,3,66.67
9d21ce0b5d02a20b,kotlin/UNINITIALIZED_VALUE,2,2,100.0
d918784fecf53181,androidx/core/view/ViewCompat$Api20Impl,2,4,50.0
0c564c3a42b60ef2,com/better/alarm/stores/SharedRxDataStoreFactory$intDataStore$1,2,11,18.18
45ea6d6ab1fd1d52,com/better/alarm/view/DigitalClock$FormatChangeObserver,2,4,50.0
c96ced8e05128dc1,androidx/emoji2/text/EmojiCompat$CompatInternal19$1,2,3,66.67
fccd90eaa925e143,org/acra/config/CoreConfigurationBuilder$special$$inlined$observable$17,2,4,50.0
6775b95d72613805,kotlin/internal/PlatformImplementationsKt,2,13,15.38
b94f060f8c8c079c,androidx/datastore/core/UnInitialized,2,2,100.0
392788db1b60aec4,com/better/alarm/alert/BackgroundNotifications$Companion,2,2,100.0
0aaba5956305084b,kotlin/comparisons/ComparisonsKt__ComparisonsKt,2,84,2.38
554478e9c307c2dc,kotlin/Unit,2,3,66.67
5683737af0782101,org/acra/config/CoreConfigurationBuilder$special$$inlined$observable$26,2,5,40.0
1d900a0113d170cb,kotlinx/serialization/descriptors/PrimitiveKind$BYTE,2,2,100.0
860d1968a08f6b4f,androidx/activity/result/contract/ActivityResultContracts$RequestMultiplePermissions,2,44,4.55
e08057c12ad74131,kotlin/Result$Companion,2,5,40.0
b5959da49986a51e,androidx/collection/LruCache,2,86,2.33
09564499889a01f9,kotlinx/coroutines/internal/ScopeCoroutine,2,8,25.0
eae38588a9c45a01,com/better/alarm/presenter/AlarmsListFragment$configureBottomDrawer$1$2,2,17,11.76
80ca7fff79cdd24b,ch/qos/logback/core/util/ExecutorServiceUtil,2,5,40.0
25e6c574daadfe88,kotlinx/coroutines/flow/FlowKt__LimitKt,2,58,3.45
eb08bfdd2b5d4332,kotlinx/coroutines/CancellableContinuationKt,2,46,4.35
658da53935782171,kotlinx/serialization/internal/LinkedHashSetClassDesc,2,3,66.67
df2ed2d021173028,androidx/appcompat/widget/AppCompatTextHelper$1,2,9,22.22
5bada11fadb3abcb,androidx/lifecycle/ViewModelProvider$AndroidViewModelFactory$Companion,2,11,18.18
cc9427a37891af6d,kotlinx/serialization/descriptors/SerialKind,2,4,50.0
c7f054995cc4d360,com/better/alarm/configuration/ContainerKt$startKoin$module$1$26,2,6,33.33
465a4f2f1f2e728e,kotlinx/serialization/protobuf/ProtoBuf$Default,2,2,100.0
85e3eec60a827d70,org/acra/collector/MediaCodecListCollector$Companion,2,2,100.0
dae73dfd010b52c6,kotlin/coroutines/jvm/internal/SuspendLambda,2,7,28.57
ce1f707d82ac7817,org/acra/config/CoreConfigurationBuilder$special$$inlined$observable$9,2,4,50.0
0878d14159591c84,com/better/alarm/util/Preconditions,2,3,66.67
dad7e2735651fa1c,androidx/savedstate/ViewTreeSavedStateRegistryOwner,2,6,33.33
f3845d79bc475e4a,kotlinx/serialization/internal/AbstractCollectionSerializer,2,27,7.41
75b5c04471f688f2,org/acra/config/CoreConfigurationBuilder$special$$inlined$observable$23,2,4,50.0
6b9793856f14e3f0,androidx/lifecycle/SavedStateHandlesVM,2,3,66.67
d73b282f65426eaf,io/reactivex/Flowable,2,1214,0.16
1f08b3e2d0a7394c,org/acra/config/CoreConfigurationBuilder$special$$inlined$observable$7,2,4,50.0
000357b34bb9610c,ch/qos/logback/classic/util/LogbackMDCAdapter,2,34,5.88
df3749684616754e,com/better/alarm/presenter/ToastPresenter$start$1,2,5,40.0
224819805992df57,kotlinx/serialization/internal/LinkedHashMapClassDesc,2,2,100.0
8c0bffc62ceaaa3e,androidx/savedstate/SavedStateRegistry$Companion,2,2,100.0
b85ef103bf347b4d,org/acra/config/CoreConfigurationBuilder$special$$inlined$observable$16,2,4,50.0
3a6aabf5c7eb4b5d,org/acra/collector/ReflectionCollector$Companion,2,22,9.09
c9721ec665c53740,com/better/alarm/model/AlarmStateNotifier,2,31,6.45
047ddf510a79e46c,org/koin/core/context/DefaultContextExtKt,2,13,15.38
a3132b2a5ae687e4,kotlinx/serialization/descriptors/StructureKind$OBJECT,2,2,100.0
a91cfd26f5fb7c83,org/acra/collector/BaseReportFieldCollector,2,15,13.33
781bbb975fa1d165,kotlinx/serialization/descriptors/StructureKind$LIST,2,2,100.0
65c58971d770768e,kotlin/collections/AbstractList,2,30,6.67
0822bc291a6a932a,androidx/profileinstaller/ProfileInstallerInitializer$Choreographer16Impl,2,3,66.67
61b06f5a191782b3,androidx/lifecycle/ViewTreeViewModelStoreOwner,2,6,33.33
052111b300aba177,com/better/alarm/configuration/InjectKt$globalInject$2,2,2,100.0
a4b91c6b21621ce9,org/acra/collector/SettingsCollector$Companion,2,2,100.0
f93cffeff652b5dc,org/acra/config/CoreConfigurationBuilder$special$$inlined$observable$19,2,4,50.0
7d07cb161412ff8b,ch/qos/logback/classic/encoder/PatternLayoutEncoder,2,2,100.0
b87e1861b6bbe334,org/acra/config/CoreConfigurationBuilder$special$$inlined$observable$4,2,4,50.0
1a0e0eea17a66edb,io/reactivex/internal/functions/Functions$Identity,2,3,66.67
a6a84634f8f0e5cf,kotlin/coroutines/jvm/internal/CompletedContinuation,2,7,28.57
f1625dddc6aa47bd,kotlin/jvm/internal/ClassReference$Companion,2,45,4.44
dc699807e8a29965,org/acra/config/CoreConfigurationBuilder$special$$inlined$observable$20,2,4,50.0
e78d4047bcd5c6b4,kotlinx/coroutines/CoroutineDispatcher$Key$1,2,6,33.33
0abaf0c3c8cdff01,androidx/fragment/app/Fragment$OnPreAttachedListener,2,2,100.0
612d96c0375c1d0b,kotlinx/coroutines/BlockingEventLoop,2,2,100.0
a7a24807c5e3fff8,org/acra/collector/LogFileCollector,2,11,18.18
156d7d04bf1102b8,com/better/alarm/model/AlarmSetter$AlarmSetterImpl$Companion,2,2,100.0
e128d3ce51934eba,kotlin/enums/EnumEntriesKt,2,7,28.57
0db98c7fc65d224c,io/reactivex/internal/operators/observable/ObservableFilter,2,2,100.0
7797635b236f4241,org/acra/config/CoreConfigurationBuilder$special$$inlined$observable$2,2,4,50.0
0c7c810009f5c960,io/reactivex/internal/operators/observable/ObservableTake,2,2,100.0
2a3c4f46a0ca73be,org/acra/collector/ReflectionCollector,2,33,6.06
2575af02e297aef4,kotlin/sequences/SequencesKt__SequencesKt$generateSequence$2,2,2,100.0
45b33f7a6bbd5f6d,org/acra/config/CoreConfigurationBuilder$special$$inlined$observable$3,2,4,50.0
10a372d2b12afd41,ch/qos/logback/core/CoreConstants,2,4,50.0
cf6392f7a2f05178,io/reactivex/internal/functions/Functions$EmptyConsumer,2,3,66.67
bf8fc735d2e99470,androidx/fragment/app/FragmentManagerViewModel$1,2,2,100.0
1eb6e7b398d087ff,com/better/alarm/model/Alarmtone$SystemDefault$1,2,4,50.0
1b4a7b5e268600a0,com/better/alarm/model/AlarmSetter$AlarmSetterImpl$OreoSetter,2,24,8.33
1c5fbc7f51be8fab,io/reactivex/internal/operators/observable/ObservableJust,2,5,40.0
d5de19f2977ac56e,androidx/core/graphics/ColorUtils,2,170,1.18
072401e0832a6bd2,ch/qos/logback/core/pattern/LiteralConverter,2,2,100.0
634ad0974ed87b39,kotlinx/coroutines/Job$Key,2,2,100.0
3a6bf9f9371b4acc,kotlin/random/AbstractPlatformRandom,2,10,20.0
762333d4980d0bb3,androidx/lifecycle/ViewModelProvider$NewInstanceFactory$Companion$ViewModelKeyImpl,2,2,100.0
0cbb4758d55e90f1,com/better/alarm/configuration/ContainerKt$startKoin$module$1$23,2,5,40.0
ee54b5a292333f9f,androidx/appcompat/app/AppCompatDelegateImpl$5,2,3,66.67
a0021914c79f10d5,androidx/concurrent/futures/AbstractResolvableFuture$Listener,2,2,100.0
12c93e8fbdaa5f8d,ch/qos/logback/core/rolling/helper/TimeBasedArchiveRemover$ArchiveRemoverRunnable,2,2,100.0
34d4263fa6728afd,androidx/core/util/ObjectsCompat$Api19Impl,2,3,66.67
9a47308ea20d36ae,androidx/emoji2/text/DefaultEmojiCompatConfig,2,3,66.67
d71832f10f4e54d0,ch/qos/logback/core/rolling/helper/FileSorter,2,3,66.67
74da1caf2f4609b2,kotlin/text/CharsKt__CharJVMKt,2,50,4.0
2f4ba9a27a5f9238,kotlinx/coroutines/scheduling/CoroutineScheduler$Companion,2,2,100.0
4f3716909a8535ad,androidx/emoji2/text/EmojiCompatInitializer$BackgroundDefaultConfig,2,2,100.0
959d76edaa35c7d3,kotlin/internal/PlatformImplementations,2,17,11.76
c8a7ff76518978c2,kotlin/collections/AbstractMutableList,2,3,66.67
f2e1b238dec150b1,org/acra/config/CoreConfigurationBuilder$special$$inlined$observable$24,2,4,50.0
9538578c7b30173d,androidx/lifecycle/ViewTreeLifecycleOwner,2,6,33.33
258afba31e771e9a,kotlin/collections/CollectionsKt___CollectionsJvmKt,2,68,2.94
0a2d9746c780f42e,androidx/concurrent/futures/AbstractResolvableFuture$Waiter,2,9,22.22
98e7d63690c338df,org/acra/scheduler/DefaultSenderScheduler,2,23,8.7
95ba8c3ba408d355,kotlinx/coroutines/flow/FlowKt__TransformKt,2,23,8.7
af8f7f91dd84d37c,kotlinx/coroutines/internal/LockFreeLinkedListHead,2,22,9.09
e109da962034fd46,kotlinx/coroutines/DisposeOnCompletion,2,3,66.67
334691d3eb2b7eb5,ch/qos/logback/core/rolling/helper/LiteralPathPart,2,3,66.67
189d3cefd6052565,kotlinx/coroutines/flow/FlowKt__ReduceKt$first$1,2,2,100.0
4e37ba7adc82efd3,kotlinx/serialization/modules/SerializersModule,2,9,22.22
eedc102fecf2b524,kotlin/ranges/IntProgression$Companion,2,3,66.67
612e607799568f23,kotlinx/serialization/descriptors/StructureKind,2,2,100.0
e2ccb4a3b56c9438,androidx/lifecycle/viewmodel/CreationExtras$Empty,2,3,66.67
ac461f0c8d642111,kotlinx/coroutines/flow/internal/NoOpContinuation,2,4,50.0
1365feb44c57fec9,kotlinx/serialization/descriptors/StructureKind$MAP,2,2,100.0
477f73cf3c2b1fc1,androidx/fragment/app/Fragment$4,2,2,100.0
bd05c982bc3ebfda,androidx/activity/result/contract/ActivityResultContracts$StartActivityForResult,2,6,33.33
ce2d5902218681db,androidx/arch/core/internal/SafeIterableMap$DescendingIterator,2,3,66.67
e8d8a1325d14ab87,org/acra/config/CoreConfigurationBuilder$special$$inlined$observable$10,2,4,50.0
4c7d16520c751921,androidx/appcompat/widget/AppCompatTextClassifierHelper,2,6,33.33
14d1f2f6536392cb,org/koin/core/instance/InstanceFactory$Companion,2,2,100.0
fd9340a9ec21a6bc,com/better/alarm/presenter/AlarmsListActivity$configureSnackbar$1,2,5,40.0
42e58d9b8da9ad1d,androidx/core/view/WindowInsetsCompat$Impl29,2,16,12.5
0ae6f918eddff1ea,androidx/fragment/app/FragmentManager$3,2,2,100.0
77a9be85a5bc3b47,kotlinx/coroutines/flow/FlowKt__TransformKt$onEach$$inlined$unsafeTransform$1$2$1,2,2,100.0
1de161f93a9d815f,androidx/interpolator/view/animation/LinearOutSlowInInterpolator,2,3,66.67
d9f89462fb55d13d,androidx/collection/ArraySet$1,2,10,20.0
f2f9e1f380cb8c37,androidx/datastore/core/SingleProcessDataStore$actor$2,2,10,20.0
3ffd3546df853ac4,androidx/core/view/ViewCompat$AccessibilityPaneVisibilityManager,2,38,5.26
a1d4780fb95c5f7a,com/better/alarm/model/Alarmtone$Default$1,2,4,50.0
d14afec0e3ce4c47,androidx/fragment/R$styleable,1,2,50.0
b104d4b0947f89df,kotlinx/coroutines/flow/internal/AbstractSharedFlowKt,1,1,100.0
cffefe3eee280ff1,kotlinx/coroutines/internal/Removed,1,2,50.0
2a6572d30bbfcb2b,kotlin/jvm/internal/Lambda,1,3,33.33
02e83dc5cc7c0373,com/better/alarm/model/AlarmCore$RescheduleTransition,1,28,3.57
babdda692d9e5569,androidx/lifecycle/SavedStateHandleSupport$VIEW_MODEL_STORE_OWNER_KEY$1,1,1,100.0
f3924b7e7690c657,kotlinx/coroutines/flow/internal/AbstractSharedFlowSlot,1,1,100.0
7956cef735a2ea2f,androidx/fragment/app/FragmentManager$1,1,2,50.0
56165e4605fc8596,com/google/android/material/bottomsheet/BottomSheetBehavior$4,1,83,1.2
c191934aae80e418,com/google/android/material/shape/CornerTreatment,1,4,25.0
8318d2827a12c3e9,androidx/activity/result/ActivityResultRegistry$CallbackAndContract,1,1,100.0
8e7a64963bcbf140,androidx/appcompat/widget/ActionMenuPresenter$PopupPresenterCallback,1,14,7.14
293769b2525b2ab2,kotlinx/coroutines/JobSupport$AwaitContinuation,1,8,12.5
6a8321ec1cadcfb2,androidx/emoji2/viewsintegration/EmojiTextViewHelper$HelperInternal,1,7,14.29
2bd0775412dc4ec9,com/google/android/material/shape/MaterialShapeDrawable$MaterialShapeDrawableState,1,8,12.5
62a1ade9dfe8c038,androidx/interpolator/view/animation/LookupTableInterpolator,1,4,25.0
bb6fd6a616b22be6,com/google/android/material/appbar/AppBarLayout$1,1,2,50.0
36fa1cbbd809caec,androidx/core/widget/ImageViewCompat$Api21Impl,1,5,20.0
3e4d9bf896815391,kotlinx/coroutines/flow/internal/DownstreamExceptionContext,1,5,20.0
cd900286d477a3dd,androidx/datastore/core/SingleProcessDataStore$writeData$1,1,2,50.0
fad1720a97579f31,kotlinx/coroutines/EventLoopImplBase$DelayedTaskQueue,1,1,100.0
a4336d78bbb0f23b,androidx/appcompat/app/AppCompatDelegateImpl$ActionMenuPresenterCallback,1,6,16.67
e0e62aafe795fd18,androidx/fragment/app/Fragment$AnimationInfo,1,1,100.0
1b1e5c244a3b9dce,org/acra/file/ReportLocator$special$$inlined$sortedBy$1,1,5,20.0
279b41c45686680b,ch/qos/logback/core/rolling/helper/RegexPathPart,1,3,33.33
8e15e8ecb1b33f9e,kotlinx/coroutines/flow/FlowKt__EmittersKt,1,33,3.03
a9b2f06ae40dad00,androidx/preference/PreferenceScreen,1,15,6.67
73fc166e1cdf59a1,kotlin/TuplesKt,1,5,20.0
fc017ece73550165,androidx/appcompat/widget/ActionBarOverlayLayout$3,1,5,20.0
81c00dfa983ad500,ch/qos/logback/core/pattern/util/AsIsEscapeUtil,1,2,50.0
0b5608634a4a487a,kotlinx/coroutines/internal/Symbol,1,5,20.0
5168ee3804493a01,com/google/android/material/shape/ShapeAppearancePathProvider$Lazy,1,2,50.0
de0270025a0a6d10,com/google/android/material/bottomsheet/BottomSheetBehavior$StateSettlingTracker$1,1,10,10.0
5572b39a43d1cc27,kotlinx/coroutines/flow/FlowKt__ReduceKt$first$$inlined$collectWhile$2$1,1,2,50.0
ba85a2d173c94abc,androidx/customview/widget/ViewDragHelper$1,1,2,50.0
efcc740e76ae9c49,androidx/fragment/app/FragmentManager$9,1,10,10.0
0f471a9b6165f5f9,ch/qos/logback/classic/spi/TurboFilterList,1,10,10.0
6eccfb80fef39aff,com/better/alarm/view/DigitalClock$1,1,6,16.67
402356dfafcb407c,androidx/preference/R$styleable,1,2,50.0
585b32dfee44158e,androidx/activity/result/ActivityResultRegistry$3,1,9,11.11
7dda123f43f16544,androidx/fragment/app/FragmentManager$FragmentIntentSenderContract,1,22,4.55
c999be1a823364e4,com/better/alarm/model/AlarmCore$EnabledState$SnoozedState,1,43,2.33
f5134be1785edff9,org/acra/file/Directory$ROOT,1,11,9.09
19e761cf2bcaf2b8,androidx/datastore/core/SingleProcessDataStore$readAndInit$api$1$updateData$1,1,2,50.0
f1ca42a0120f6801,androidx/core/view/GravityCompat$Api17Impl,1,4,25.0
3f0808555f46597c,io/reactivex/internal/functions/Functions$NullCallable,1,2,50.0
5417be74df6c3c78,ch/qos/logback/core/pattern/util/RegularEscapeUtil,1,21,4.76
e5ceea426415e211,androidx/datastore/core/SingleProcessDataStore$transformAndWrite$1,1,2,50.0
2d61c090d976050a,kotlin/collections/AbstractCollection,1,33,3.03
4ddf0e540d50df49,androidx/appcompat/widget/ActionBarBackgroundDrawable$Api21Impl,1,2,50.0
b52b891780278d88,androidx/emoji2/text/DefaultEmojiCompatConfig$DefaultEmojiCompatConfigHelper,1,4,25.0
f6c2688ce06a07bd,androidx/appcompat/view/menu/MenuItemImpl$1,1,2,50.0
4a205c027477b3ce,androidx/fragment/app/FragmentManager$10,1,16,6.25
40c491eb6a4222f1,androidx/activity/ComponentActivity$1,1,6,16.67
fc259e7d2f7cf498,kotlinx/coroutines/StandaloneCoroutine,1,2,50.0
df148f3fb563fc88,org/acra/collector/SharedPreferencesCollector,1,31,3.23
ffe760e2266f88a1,androidx/datastore/core/SingleProcessDataStore$readDataOrHandleCorruption$1,1,2,50.0
82701e17f7f6425e,kotlinx/serialization/SealedClassSerializer$descriptor$2,1,3,33.33
37251004f1eb9718,org/acra/file/CrashReportFileNameParser,1,16,6.25
e4b481e5bbc80f78,com/better/alarm/statemachine/ComplexTransition,1,4,25.0
155cad964288e3b3,com/better/alarm/model/AlarmCore$EnabledState$FiredState,1,17,5.88
7bad92d4c1c0794c,androidx/appcompat/widget/ShareActionProvider$ShareMenuItemOnMenuItemClickListener,1,13,7.69
d139e92d46cdacdb,kotlinx/coroutines/CancelHandler,1,1,100.0
be5e469d8e0b7ccd,androidx/profileinstaller/ProfileVerifier$CompilationStatus,1,4,25.0
aceff5e69fa624a7,androidx/emoji2/text/EmojiCompat$MetadataRepoLoaderCallback,1,1,100.0
9025ecef67eab12e,androidx/fragment/app/FragmentTransaction$Op,1,5,20.0
535007c9254bebc3,ch/qos/logback/core/recovery/ResilientFileOutputStream,1,7,14.29
a257e71ec0afd7f4,kotlinx/coroutines/internal/AtomicKt,1,1,100.0
62b83e06e88fb629,io/reactivex/internal/functions/Functions$FalsePredicate,1,2,50.0
b953e4ccd9cffe4a,io/reactivex/internal/util/Pow2,1,6,16.67
7e68a4e3a85580c5,androidx/datastore/core/DataMigrationInitializer,1,2,50.0
cbde08884de5fcaf,kotlin/text/CharsKt__CharKt,1,44,2.27
5a2faf28ed1c1a06,ch/qos/logback/core/rolling/helper/IntParser,1,11,9.09
5531be0be3b452cc,androidx/profileinstaller/ProfileInstaller$1,1,3,33.33
79841ecd41112c05,org/acra/file/Directory$EXTERNAL_CACHE,1,3,33.33
f58ae9260ecc5000,androidx/profileinstaller/ProfileInstallerInitializer$Handler28Impl,1,2,50.0
9f090a337592bacc,androidx/coordinatorlayout/widget/CoordinatorLayout$ViewElevationComparator,1,6,16.67
c204cdb3df67aaa2,androidx/appcompat/view/menu/ActionMenuItem,1,113,0.88
e95af69030ace511,kotlin/internal/jdk7/JDK7PlatformImplementations,1,16,6.25
a8f5e83cfcbfee0d,androidx/profileinstaller/ProfileInstallerInitializer$Result,1,1,100.0
57ef8fb675447796,androidx/arch/core/executor/TaskExecutor,1,5,20.0
4dd51ac2e8ba5d3f,com/better/alarm/presenter/InfoFragment$special$$inlined$globalInject$default$1,1,4,25.0
e302cdf9a5b039d3,androidx/appcompat/widget/ActionBarOverlayLayout$LayoutParams,1,4,25.0
b1f59a8d493838d8,androidx/core/view/ViewCompat$Api15Impl,1,2,50.0
d4b7c8882a28dc8a,com/google/android/material/internal/ViewUtils$3,1,2,50.0
ebe12aced9a6ea2e,ch/qos/logback/core/rolling/helper/FileFilterUtil,1,16,6.25
aed22020bd9441cd,androidx/core/graphics/drawable/DrawableCompat$Api21Impl,1,10,10.0
1114e1d1ea766003,com/google/android/material/R$styleable,1,2,50.0
6c37c9042409538d,androidx/lifecycle/LiveData$1,1,4,25.0
c20bd16b9f377eec,io/reactivex/internal/functions/Functions$OnErrorMissingConsumer,1,3,33.33
2870ae7eedbbf108,androidx/core/math/MathUtils,1,60,1.67
d451f023dfe04145,org/acra/file/Directory$EXTERNAL_FILES,1,3,33.33
0f8cbc6b3c64cd6b,kotlinx/coroutines/flow/FlowKt__LimitKt$dropWhile$1$1$emit$1,1,2,50.0
e9d1ded6b479c195,androidx/appcompat/widget/ActionBarOverlayLayout$2,1,4,25.0
f0d1bdbab883971f,androidx/lifecycle/ViewModelProvider$AndroidViewModelFactory,1,33,3.03
b63274b8c4c27d4f,androidx/fragment/app/FragmentManager$8,1,10,10.0
a94eb161ad8d6eb1,kotlin/jvm/internal/FunctionReferenceImpl,1,6,16.67
17823740bc879753,com/better/alarm/model/AlarmCore$EnabledState$SetState$NormalSetState,1,9,11.11
488019b07ed30cfc,io/reactivex/internal/functions/Functions$EmptyRunnable,1,3,33.33
626017cfd969e7e7,androidx/customview/widget/ViewDragHelper$2,1,2,50.0
287b2c48861ff10e,androidx/appcompat/app/AppCompatDelegateImpl$3,1,9,11.11
7d2f78dc882626f3,com/better/alarm/model/AlarmCore$EnabledState$PreAlarmSnoozedState,1,10,10.0
95f8e4dadfe0ade8,kotlin/jvm/internal/Ref$BooleanRef,1,2,50.0
d2f60ae5bd2bb608,androidx/datastore/core/DataMigrationInitializer$Companion$runMigrations$1,1,2,50.0
b6daf0c631215c06,org/acra/collector/CustomDataCollector,1,3,33.33
c5b5f7028a805b09,kotlinx/coroutines/Delay$DefaultImpls,1,11,9.09
75a478325a96c440,androidx/arch/core/internal/SafeIterableMap$AscendingIterator,1,3,33.33
be851532641c2ce0,ch/qos/logback/core/encoder/EncoderBase,1,4,25.0
a7b0370cadfcce0d,kotlinx/coroutines/CompletionHandlerBase,1,1,100.0
25e4fa26a3d71774,androidx/core/R$styleable,1,2,50.0
9a48c216a96caa51,kotlinx/serialization/modules/SerializersModuleBuildersKt,1,25,4.0
86cf9e1c23f07849,androidx/arch/core/internal/SafeIterableMap$SupportRemove,1,1,100.0
30f611cb2cc13693,kotlinx/coroutines/DisposeOnCancel,1,4,25.0
3046806614d39f87,com/google/android/material/bottomsheet/BottomSheetBehavior$3,1,41,2.44
b92688aa9268909b,org/koin/core/logger/EmptyLogger,1,2,50.0
5a19b11663a0532e,kotlinx/serialization/internal/PluginGeneratedSerialDescriptor$typeParameterDescriptors$2,1,12,8.33
28720d132f26a9c4,kotlinx/coroutines/channels/ChannelResult$Failed,1,2,50.0
4d6891bfa20f9d5e,androidx/lifecycle/SavedStateHandleSupport$DEFAULT_ARGS_KEY$1,1,1,100.0
f08e6c110b69b47b,kotlinx/coroutines/Job,1,1,100.0
eea6c61f580f7325,kotlin/jvm/internal/MutablePropertyReference,1,3,33.33
0bd0d5e3ba4d3fe8,ch/qos/logback/classic/spi/LoggerContextVO,1,25,4.0
5a196c7df1e4141a,androidx/datastore/core/SingleProcessDataStore$Message$Read,1,2,50.0
e58de039a17b5755,androidx/fragment/app/FragmentManagerImpl,1,1,100.0
b0b34b05810f3918,androidx/datastore/core/SingleProcessDataStore$data$1$invokeSuspend$$inlined$map$1$2$1,1,2,50.0
08f7b85525689e6b,androidx/core/content/ContextCompat$Api23Impl,1,4,25.0
dbc240777cc48cdc,androidx/emoji2/text/EmojiCompat$CompatInternal,1,8,12.5
d501848fc0385a07,kotlin/coroutines/ContinuationInterceptor,1,1,100.0
54f5632bfcb8d8d5,org/slf4j/helpers/NOPLoggerFactory,1,2,50.0
4e0de34b6cfffa05,ch/qos/logback/core/spi/LogbackLock,1,1,100.0
21c705d2090f9ece,com/better/alarm/presenter/AlarmsListFragment$onResume$1,1,3,33.33
a44935c80929db76,androidx/core/view/NestedScrollingParentHelper,1,10,10.0
3c2adbb69c737005,com/better/alarm/alert/BackgroundNotifications$1,1,18,5.56
48808512d4a042c4,androidx/fragment/app/Fragment$5,1,7,14.29
c2baa0b957b6e9bc,org/acra/file/Directory$NO_BACKUP_FILES,1,7,14.29
8f763f66e597b98a,io/reactivex/internal/functions/Functions$TruePredicate,1,2,50.0
170fbe833d2eb0b5,org/acra/data/StringFormat$JSON,1,13,7.69
7d42a727a12f3754,androidx/appcompat/widget/ResourceManagerInternal$ColorFilterLruCache,1,5,20.0
771b013bda3ac826,androidx/customview/widget/ViewDragHelper$Callback,1,13,7.69
35e6df943d082345,androidx/fragment/app/FragmentManager$5,1,2,50.0
da68939e216794dc,androidx/emoji2/text/DefaultEmojiCompatConfig$DefaultEmojiCompatConfigHelper_API28,1,2,50.0
c841723af75e317d,ch/qos/logback/classic/joran/JoranConfigurator,1,3,33.33
e2bad64b25a3452e,kotlin/jvm/internal/InlineMarker,1,7,14.29
04dfa454ae20f22f,androidx/lifecycle/SavedStateHandleSupport$SAVED_STATE_REGISTRY_OWNER_KEY$1,1,1,100.0
a473bc27a6af1272,androidx/core/view/ViewCompat$Api21Impl$1,1,13,7.69
e97c8b7cac7e8ae6,androidx/core/content/res/ResourcesCompat$Api23Impl,1,3,33.33
39c3978bc04432ac,kotlin/collections/SetsKt__SetsKt,1,33,3.03
f41c8eb7373ac136,androidx/activity/result/contract/ActivityResultContract,1,2,50.0
2f2d1a2f82efb343,org/acra/collector/DisplayManagerCollector,1,117,0.85
964ffcd4ac2faa04,com/better/alarm/presenter/ToastPresenter$start$2,1,9,11.11
527971f6c120a619,kotlinx/coroutines/EventLoopKt,1,11,9.09
7a6ef31eac6179a8,ch/qos/logback/core/joran/GenericConfigurator,1,29,3.45
01f2304e99926c92,androidx/coordinatorlayout/R$styleable,1,2,50.0
2756a95f6e955c5e,androidx/appcompat/app/WindowDecorActionBar$1,1,12,8.33
58c6221e7d23c330,com/better/alarm/background/AlertServicePusher$2,1,12,8.33
4bd2bb0782cbeeca,ch/qos/logback/core/joran/JoranConfiguratorBase,1,5,20.0
0a57392913375c91,androidx/profileinstaller/ProfileVersion,1,5,20.0
d754dceac8f9ff9c,com/google/android/material/shape/MaterialShapeDrawable$1,1,5,20.0
80ad33d36c5b03c8,kotlinx/coroutines/CancelHandlerBase,1,1,100.0
497ca26a9b6d5c88,kotlin/collections/ArraysUtilJVM,1,2,50.0
4f19e053013d128b,androidx/appcompat/app/WindowDecorActionBar$3,1,3,33.33
2fb953ff2c61e522,androidx/preference/CheckBoxPreference$Listener,1,6,16.67
c0a1cc8b99c5a8e9,ch/qos/logback/classic/pattern/ThrowableHandlingConverter,1,2,50.0
a73d37e3ae8c3355,ch/qos/logback/core/rolling/helper/FileSorter$1,1,10,10.0
df09c678c50cc975,kotlinx/coroutines/internal/OpDescriptor,1,2,50.0
afb71a237949a1ce,androidx/appcompat/widget/Toolbar$2,1,2,50.0
609c56a36d16be3c,androidx/appcompat/app/WindowDecorActionBar$2,1,3,33.33
58569f579e4de46f,io/reactivex/internal/operators/observable/AbstractObservableWithUpstream,1,2,50.0
5ca90d8f84072808,androidx/core/view/WindowInsetsCompat$BuilderImpl30,1,11,9.09
d540e9dc03bf4a09,androidx/datastore/core/SingleProcessDataStore$readData$1,1,2,50.0
d709890295d7f6f0,org/acra/data/StringFormat$KEY_VALUE_LIST,1,61,1.64
4231aafbd00a05ee,androidx/core/content/ContextCompat$Api21Impl,1,4,25.0
f6c0ea6a78194981,androidx/core/view/AccessibilityDelegateCompat$Api16Impl,1,3,33.33
fd41b89e986af08c,androidx/activity/result/ActivityResultLauncher,1,2,50.0
249196fc6011f743,io/reactivex/internal/functions/Functions$MaxRequestSubscription,1,3,33.33
ad80beb31bfb458c,io/reactivex/internal/disposables/CancellableDisposable,1,13,7.69
954f4416bc1b1809,com/better/alarm/model/AlarmCore$EnabledState$PreAlarmFiredState,1,15,6.67
013e8ae69601c88a,ch/qos/logback/classic/util/LoggerNameUtil,1,10,10.0
753e7524ebc59e85,kotlin/jvm/internal/MutablePropertyReference1,1,10,10.0
cd395282da860858,ch/qos/logback/core/rolling/helper/TimeBasedArchiveRemover$1,1,4,25.0
869cb48fd40e5b6e,androidx/appcompat/widget/AppCompatTextViewAutoSizeHelper$Impl23,1,4,25.0
c8755bebfcf59213,io/reactivex/internal/functions/Functions$ErrorConsumer,1,3,33.33
8161f235c8985eb4,com/better/alarm/model/AlarmCore$EnabledState$SkippingSetState,1,23,4.35
58bd8c73b0d20964,com/google/android/material/bottomsheet/BottomSheetBehavior$2,1,6,16.67
5ddc9cc8438f3fe1,androidx/appcompat/widget/AppCompatTextViewAutoSizeHelper$Impl29,1,3,33.33
e714645491accf96,androidx/appcompat/widget/AppCompatTextViewAutoSizeHelper$Impl,1,3,33.33
68d5aff72fc11d6d,kotlinx/coroutines/internal/ThreadLocalKt,1,2,50.0
434f42f9954d716b,org/acra/collector/DeviceFeaturesCollector,1,10,10.0
14b877e934c53204,androidx/appcompat/widget/AbsActionBarView$VisibilityAnimListener,1,7,14.29
9ea705e93a526480,io/reactivex/internal/functions/Functions$NaturalObjectComparator,1,2,50.0
4b3a53514f980a53,org/acra/collector/DeviceIdCollector,1,14,7.14
d3eac0419dfcc3f3,com/melnykov/fab/R$styleable,1,2,50.0
7c52580e35f5440c,androidx/emoji2/text/ConcurrencyHelpers$Handler28Impl,1,2,50.0
eeb2630698ee98e8,kotlinx/coroutines/scheduling/GlobalQueue,1,1,100.0
2999985232597e26,com/google/android/material/shape/RelativeCornerSize,1,14,7.14
5b936cc9e3c6b124,com/better/alarm/view/VolumePreference$special$$inlined$globalInject$default$2,1,4,25.0
40b498c53655b39c,androidx/appcompat/app/AppCompatActivity$1,1,3,33.33
4765e3defd9b4c9a,io/reactivex/internal/operators/observable/ObservablePublish$PublishSource,1,13,7.69
42d069c669c9af18,kotlinx/serialization/descriptors/SerialDescriptorImpl$_hashCode$2,1,3,33.33
50f7d497297cb0d4,io/reactivex/internal/util/AtomicThrowable,1,6,16.67
a16a7e958b2eb91f,androidx/datastore/core/SingleProcessDataStore$handleUpdate$1,1,2,50.0
59052a9d26591817,com/google/android/material/shape/AbsoluteCornerSize,1,10,10.0
459e8cccd64ccae1,androidx/profileinstaller/ProfileInstaller$2,1,22,4.55
d2194674309752f2,com/google/android/material/bottomsheet/BottomSheetBehavior$5,1,2,50.0
1bb4cc9b7436dd13,kotlinx/serialization/internal/PluginGeneratedSerialDescriptor$_hashCode$2,1,3,33.33
d1e39ccc78eaa3d5,androidx/preference/PreferenceGroup$1,1,4,25.0
5e2846ba91224f90,com/better/alarm/model/AlarmCore$EnabledState,1,25,4.0
acc04b2ec4865d49,com/better/alarm/view/VolumePreference$special$$inlined$globalInject$default$3,1,4,25.0
064c7394e9b53a44,com/better/alarm/util/ReactiveKt$subscribeForever$1,1,3,33.33
8234bfb1c9293a85,androidx/appcompat/widget/ActionMenuPresenter$OverflowMenuButton$1,1,6,16.67
5111f27c4f51f217,androidx/datastore/core/SimpleActor$1,1,10,10.0
3b3e69b61b78bfdc,androidx/fragment/app/Fragment$1,1,2,50.0
f5fca78a22eb0ead,org/acra/collector/MemoryInfoCollector,1,35,2.86
8e850da13d900886,kotlinx/serialization/internal/AbstractPolymorphicSerializer,1,46,2.17
4695835d38363bc8,org/acra/file/Directory$FILES,1,3,33.33
fe27cdc01afc5f21,kotlin/jvm/internal/MutablePropertyReference1Impl,1,8,12.5
35a8056c0450f2d6,com/better/alarm/presenter/AlarmsListFragment$special$$inlined$globalInject$default$1,1,4,25.0
df707dcc8f496bb8,androidx/datastore/core/SingleProcessDataStore$actor$1,1,9,11.11
5b9d470ed76b2da7,androidx/appcompat/R$styleable,1,2,50.0
eb946ed121ab6286,com/better/alarm/view/VolumePreference$special$$inlined$globalInject$default$1,1,4,25.0
c75fd623d1858695,org/acra/collector/PackageManagerCollector,1,8,12.5
fa6c2828b1a63590,com/better/alarm/presenter/AlarmsListActivity$configureSnackbar$2,1,7,14.29
d39de2db37ae3890,androidx/appcompat/widget/ActionMenuView$LayoutParams,1,5,20.0
bb9526e305b9beb6,com/better/alarm/model/Alarms$createAlarm$1,1,3,33.33
617e264a3740f609,org/acra/file/Directory$CACHE,1,3,33.33
93162c9977b38642,io/reactivex/disposables/RunnableDisposable,1,4,25.0
7320e61cfb74c8cf,org/acra/file/Directory$FILES_LEGACY,1,5,20.0
98a35e5a90757804,com/google/android/material/shape/RoundedCornerTreatment,1,4,25.0
1490afa699cacc62,com/better/alarm/util/ReactiveKt$mapNotNull$1,1,4,25.0
b50e64bcdba814ba,kotlin/coroutines/intrinsics/IntrinsicsKt__IntrinsicsKt,1,4,25.0
4c931b3323c95ac8,androidx/datastore/core/SingleProcessDataStore$readAndInit$1,1,2,50.0
a98d83807d4aa9e3,ch/qos/logback/classic/pattern/ClassicConverter,1,1,100.0
21f07bf8ae9c5232,org/koin/core/parameter/ParametersHolderKt,1,3,33.33
35faaef615227084,androidx/appcompat/widget/ActionBarOverlayLayout$1,1,3,33.33
a36ad0aef5e7a896,androidx/appcompat/widget/Toolbar$1,1,5,20.0
5e957202f9e353ce,ch/qos/logback/core/status/InfoStatus,1,2,50.0
7fd1b70cf6e45084,androidx/preference/Preference$1,1,2,50.0
28c87a7b604d4c40,kotlinx/coroutines/flow/AbstractFlow$collect$1,1,2,50.0
9e89d628c5f7cb94,androidx/activity/ComponentActivity$2,1,31,3.23
fd5bcd0fb1c9375b,io/reactivex/internal/operators/observable/ObservableScalarXMap,1,25,4.0
de39a4d10379175b,ch/qos/logback/core/pattern/util/AlmostAsIsEscapeUtil,1,2,50.0
cfbbd22aa13dda61,kotlinx/coroutines/scheduling/SchedulerTimeSource,1,1,100.0
68bccb7c43a2deb2,androidx/datastore/core/SingleProcessDataStore$readAndInitOrPropagateFailure$1,1,2,50.0
2b855296cc09dbcb,io/reactivex/internal/observers/BasicQueueDisposable,1,3,33.33
6c84eb2cbbf71287,com/better/alarm/view/DontPressWithParentLayout,1,5,20.0
897fcbab9cc138cc,kotlinx/coroutines/TimeoutCoroutine,1,3,33.33
136d6bb542aa4ca9,kotlinx/coroutines/JobCancellingNode,1,1,100.0
d9970be7c7350ba6,com/better/alarm/model/AlarmCore$EnabledState$SetState$PreAlarmSetState,1,18,5.56
32b187e1130388a4,ch/qos/logback/core/pattern/util/RestrictedEscapeUtil,1,4,25.0
7ca149f1e3d6587b,kotlinx/coroutines/ChildHandleNode,1,5,20.0
7afa94026f681f6e,androidx/appcompat/widget/TooltipCompat$Api26Impl,1,2,50.0
17f5869c95f70261,kotlin/jvm/internal/Ref$ObjectRef,1,2,50.0
6bceb69feb9779c3,kotlinx/coroutines/ChildContinuation,1,3,33.33
57630e10c52a1b50,androidx/appcompat/app/AppCompatDelegateImpl$Api17Impl,1,5,20.0
ae443aa428e82b15,com/better/alarm/model/AlarmCore$1,1,3,33.33
a46b67c61d7869cb,com/better/alarm/model/AlarmCore$EnabledState$SetState,1,32,3.12
a53a39b940b9a31b,com/better/alarm/model/AlarmCore$EnableTransition,1,11,9.09
0b16be2d906cfa70,kotlinx/coroutines/flow/internal/FlowExceptions_commonKt,1,5,20.0
65b7b63700f84c50,com/better/alarm/background/AlertServicePusher$1,1,24,4.17
c3f8f051b04b2cd7,io/reactivex/internal/functions/Functions$EmptyLongConsumer,1,2,50.0
831e54bb3d34f5a7,androidx/lifecycle/ViewModelProvider$NewInstanceFactory,1,15,6.67
a750a16550fd69f7,kotlinx/coroutines/EventLoopImplBase$DelayedRunnableTask,1,3,33.33
0a29aefab4a4c734,kotlin/collections/CollectionsKt__CollectionsJVMKt,1,45,2.22
41c45320e4847925,kotlinx/coroutines/sync/SemaphoreImpl$onCancellationRelease$1,1,3,33.33
3a5f9cbb22d7fb63,ch/qos/logback/core/util/FileUtil,1,30,3.33
7ca3aa1128811961,kotlinx/coroutines/flow/FlowKt__BuildersKt,1,28,3.57
74e87e4d065143ac,com/google/android/material/shape/EdgeTreatment,1,5,20.0
9e74d876afcd9eaa,com/better/alarm/model/AlarmCore$DeletedState,1,7,14.29
8aa18823e6a94b42,com/google/android/material/color/MaterialColors,1,67,1.49
84e8d75a6fe12b3f,androidx/core/view/ViewPropertyAnimatorListenerAdapter,1,4,25.0
3e7a2e7e2fbdd03b,kotlinx/coroutines/flow/FlowKt__ReduceKt$first$3,1,2,50.0
32f78b741aca44cc,kotlinx/coroutines/sync/MutexImpl$onSelectCancellationUnlockConstructor$1,1,3,33.33
01cbecd82a36e0ac,androidx/appcompat/widget/ActivityChooserModel$ActivityResolveInfo,1,16,6.25
db213f97c06d1378,com/google/android/material/internal/ViewUtils$RelativePadding,1,3,33.33
a4c41cb36206d5db,org/acra/plugins/Plugin,1,1,100.0
b0b78c1fda39b93b,androidx/appcompat/widget/LinearLayoutCompat$LayoutParams,1,5,20.0
e4d5cad21e38c783,org/acra/collector/Collector,1,1,100.0
99acc1f4c91ffefb,kotlinx/serialization/internal/PluginGeneratedSerialDescriptor$childSerializers$2,1,7,14.29
8e4e33fde7cb2dbb,kotlinx/coroutines/InvokeOnCompletion,1,3,33.33
0bb8c0b081733db0,androidx/appcompat/app/ActionBar,1,36,2.78
acf95a83366b1fcb,io/reactivex/subjects/Subject,1,3,33.33
b1946ec61a084280,com/better/alarm/model/AlarmCore$RootState,1,11,9.09
79953ee9ce121694,org/acra/file/Directory$EXTERNAL_STORAGE,1,3,33.33
