class_id,class_name,probes_hit,probes_total,pct
fd0e8a2435afc382,androidx/recyclerview/widget/RecyclerView,374,2264,16.52
ba845fb05849c4e8,androidx/fragment/app/FragmentManager,347,1316,26.37
1dbd100de22de3df,com/google/android/material/tabs/TabLayout,239,671,35.62
9a0e4437321bc421,androidx/recyclerview/widget/LinearLayoutManager,235,794,29.6
c8e8239f2a12e383,androidx/constraintlayout/core/widgets/ConstraintWidget,232,1610,14.41
8fb0281449d47662,androidx/appcompat/app/AppCompatDelegateImpl,224,1299,17.24
4d8c3bd8cd45ed74,androidx/fragment/app/Fragment,203,757,26.82
e31dc597dd9dee92,okhttp3/internal/Util,195,452,43.14
5b404f74a29f4f1c,androidx/constraintlayout/widget/ConstraintLayout,192,598,32.11
589c1b274a3a8ce1,com/google/android/material/shape/MaterialShapeDrawable,191,422,45.26
5feebb286bc06819,com/google/android/material/navigation/NavigationBarItemView,182,392,46.43
8b6ec6d79019b755,okio/Buffer,182,931,19.55
6353dc13eb6ccd69,okhttp3/HttpUrl$Builder,163,390,41.79
6bd15b036d2fdffd,com/google/android/material/navigation/NavigationBarMenuView,146,347,42.07
fe157c3e0bf2d8f1,okhttp3/internal/connection/RealCall,143,261,54.79
0900ac84ab86b186,com/google/android/material/tabs/TabLayout$TabView,143,392,36.48
f424553790275428,androidx/constraintlayout/core/widgets/ConstraintWidgetContainer,142,460,30.87
009dc7d51381a691,okhttp3/internal/connection/RealConnection,133,378,35.19
044ddadea10e405d,androidx/appcompat/widget/Toolbar,132,941,14.03
1f35d26e31c9b893,okhttp3/Cookie$Companion,132,211,62.56
8eb93fbc6021b3f1,androidx/recyclerview/widget/RecyclerView$LayoutManager,131,640,20.47
7f726bf53cbe70ca,androidx/work/impl/model/WorkSpecDao_Impl,129,1169,11.04
a355168e63581b16,androidx/constraintlayout/core/widgets/analyzer/Direct,128,645,19.84
c22f5e8081d6f161,androidx/fragment/app/FragmentStateManager,128,430,29.77
0b6aa382af71ab31,androidx/recyclerview/widget/RecyclerView$Recycler,128,554,23.1
bd7f67d34f987e92,okhttp3/CipherSuite,127,130,97.69
6120c23f1960e8a1,androidx/fragment/app/FragmentLifecycleCallbacksDispatcher,127,182,69.78
c62a7cb2d9904d42,kotlinx/serialization/json/internal/StreamingJsonDecoder,112,219,51.14
795f3bd8e006815f,androidx/core/view/ViewCompat,109,884,12.33
523c6cb141b68c0e,com/google/android/material/shape/ShapeAppearancePathProvider,108,127,85.04
d785ff28f354ad26,com/google/firebase/components/ComponentRuntime,107,163,65.64
0d8b09e4e4dac883,com/google/firebase/installations/FirebaseInstallations,107,213,50.23
76ece5f1f928f46a,okhttp3/internal/cache/DiskLruCache,106,375,28.27
16b5e5fecbd8dfcc,androidx/constraintlayout/core/widgets/analyzer/BasicMeasure,105,274,38.32
25dadc5426a6e3ef,androidx/appcompat/widget/AppCompatTextHelper,104,379,27.44
e96a39e7844929ab,com/google/android/gms/stats/WakeLock,104,213,48.83
f8fcb72aa6ba85aa,org/wikipedia/settings/Prefs,102,750,13.6
8cd69a0e2badea2c,com/google/android/material/button/MaterialButton,101,386,26.17
9eb64b265d018ff5,androidx/lifecycle/LifecycleRegistry,98,144,68.06
ca1e2bc6f84d9ac3,androidx/viewpager2/widget/ViewPager2,97,241,40.25
91bb45948d1149b3,com/google/android/material/navigation/NavigationBarView,97,167,58.08
7977247b2e066450,okio/Options$Companion,97,137,70.8
bbb1dd7aa5da1a98,okhttp3/OkHttpClient,97,167,58.08
ef2c3413026d6e6f,kotlin/text/StringsKt__StringsKt,96,909,10.56
48968a53f7fe88db,androidx/room/RoomDatabase,94,230,40.87
5afe8c47c5d2557e,com/google/android/material/shape/ShapeAppearanceModel,91,118,77.12
55b2443c727acb99,androidx/fragment/app/FragmentStore,91,224,40.62
f3283996ec035884,okhttp3/internal/concurrent/TaskRunner,90,145,62.07
a82e6dd021eb939d,com/google/firebase/installations/remote/FirebaseInstallationServiceClient,87,271,32.1
840bdb0e5593e0f5,okhttp3/OkHttpClient$Builder,85,249,34.14
621be71be397116b,okhttp3/internal/http2/Http2Connection,83,291,28.52
1e7d54e1ebe45f60,androidx/appcompat/view/menu/MenuBuilder,83,527,15.75
a04863457716f7f6,okio/ByteString,80,271,29.52
37ae7ca059757ff4,okhttp3/internal/http2/Hpack,79,82,96.34
fc9ea3fbe0723046,androidx/appcompat/widget/ResourceManagerInternal,78,221,35.29
885f5ccf8e74fec9,okhttp3/internal/http2/Http2Stream,78,217,35.94
22ee8597ad76300d,com/google/firebase/messaging/FirebaseMessaging,78,163,47.85
5a934a214f9fcf7f,kotlin/jvm/internal/ClassReference,77,121,63.64
91137533944508bb,leakcanary/internal/InternalLeakCanary,77,163,47.24
c22f0c0e72644a19,androidx/core/widget/NestedScrollView,77,913,8.43
400e269f6597db3b,kotlinx/coroutines/scheduling/CoroutineScheduler,77,310,24.84
7dcacc52afb83878,okhttp3/Response$Builder,76,123,61.79
41bd542dcaafeba2,okio/RealBufferedSource,76,353,21.53
a8e65b725cc313d9,org/wikipedia/onboarding/OnboardingPageView,76,127,59.84
499b2ce49e2cd274,com/google/firebase/FirebaseApp,73,179,40.78
7dce9c1bd407d709,okhttp3/HttpUrl$Companion,71,196,36.22
6cc8606b3ca2239f,kotlinx/coroutines/JobSupport,70,755,9.27
31931cd1b2f112fe,kotlinx/coroutines/scheduling/CoroutineScheduler$Worker,69,197,35.03
aa122665a1f7fd3f,androidx/activity/ComponentActivity,69,214,32.24
78d534e2e06c6594,androidx/fragment/app/SpecialEffectsController,68,166,40.96
84452b8b4cfcffe2,kotlinx/serialization/json/internal/AbstractJsonLexer,68,370,18.38
0b21de17d9a6d164,com/google/android/material/shape/ShapePath,67,113,59.29
21dec801475e9577,androidx/viewpager2/adapter/FragmentStateAdapter,67,217,30.88
5d86c79f647636f7,okhttp3/internal/publicsuffix/PublicSuffixDatabase,64,119,53.78
457d1903f2c008f1,kotlinx/serialization/json/internal/StreamingJsonEncoder,64,147,43.54
f50036a82265c741,okhttp3/ConnectionSpec,64,111,57.66
246db4a645312647,com/google/android/material/shape/ShapeAppearanceModel$Builder,64,108,59.26
c6aff4579a7e3e9b,okhttp3/internal/http2/Hpack$Writer,63,105,60.0
fa9788481588474c,org/wikipedia/WikipediaApp,62,151,41.06
93020481f0aa0234,androidx/constraintlayout/widget/ConstraintLayout$Measurer,62,193,32.12
2c99810f99a4d755,androidx/fragment/app/FragmentActivity,61,112,54.46
5de5e7b24f098a27,okhttp3/Cache$Entry,60,157,38.22
e270e2a644787839,androidx/constraintlayout/widget/ConstraintLayout$LayoutParams$Table,60,61,98.36
63724b760f68943d,androidx/startup/AppInitializer,60,86,69.77
84ea2ea2435fb5d3,androidx/core/view/accessibility/AccessibilityNodeInfoCompat$AccessibilityActionCompat,60,131,45.8
3f8220d3a8a2e12c,com/google/firebase/components/CycleDetector,60,72,83.33
2098d1218d7cd246,okhttp3/HttpUrl,59,171,34.5
dd64e0e6543fe255,androidx/core/content/res/ColorStateListInflaterCompat,58,96,60.42
99a0a6b7801aa9e8,okhttp3/Dispatcher,58,119,48.74
bc00aa0ef5a9db7a,okhttp3/internal/http2/Hpack$Reader,58,109,53.21
4d1f8b3f3bfe5816,okhttp3/internal/http2/Http2Stream$FramingSource,56,104,53.85
44e4ca35ad3687a0,androidx/appcompat/widget/AppCompatTextView,56,243,23.05
93f72387ec4614a2,com/google/android/material/button/MaterialButtonHelper,55,193,28.5
e9a344e83c855f08,okhttp3/internal/http2/Http2Reader,54,154,35.06
3bddc2797a5e94c7,leakcanary/ServiceWatcher,54,81,66.67
9272d73b6d735387,androidx/collection/ArraySet,54,219,24.66
7e47b335b58fc5bc,org/wikipedia/language/LanguageUtil,53,148,35.81
d15c0f8770ecc89a,okio/RealBufferedSink,53,207,25.6
69c8d20a9bb2017b,kotlin/collections/CollectionsKt___CollectionsKt,53,1782,2.97
effdbc67b258dd58,org/wikipedia/analytics/eventplatform/StreamConfig,52,108,48.15
0f6010ecef253761,okio/AsyncTimeout$Companion,52,67,77.61
5b54326bbc037bad,okhttp3/internal/connection/RealConnectionPool,50,132,37.88
0465a56221d70fb4,com/google/firebase/heartbeatinfo/DefaultHeartBeatController,50,70,71.43
43fc1c4a1769f05c,androidx/core/content/res/ResourcesCompat,50,140,35.71
03ad037fdeef0360,okhttp3/internal/connection/ExchangeFinder,50,122,40.98
5b610ced7009f737,okhttp3/internal/tls/OkHostnameVerifier,50,105,47.62
75ad94f961d21ab5,androidx/appcompat/widget/ToolbarWidgetWrapper,50,260,19.23
f625a6df937e32c8,okhttp3/internal/http2/Http2Connection$ReaderRunnable,49,144,34.03
638b8cea7c7e9ef4,okhttp3/Cookie,49,92,53.26
a28f26aa7275d8c7,okhttp3/internal/http2/Http2Writer,49,145,33.79
7e6bb33990153864,androidx/room/InvalidationTracker,49,216,22.69
f6f9faeac39eff85,okhttp3/Request$Builder,49,100,49.0
a665a11b9f131cce,androidx/work/impl/WorkManagerImpl,48,188,25.53
ed77e2f3b9a45a73,com/google/firebase/concurrent/ExecutorsRegistrar,48,60,80.0
d8f3489b5b0a0848,androidx/work/impl/WorkDatabase_Impl,47,122,38.52
c9c052ffd513bb7a,com/google/firebase/installations/local/PersistedInstallation,47,57,82.46
8f541608dedeb99c,okio/GzipSource,46,92,50.0
b5720dc6f96404ef,androidx/work/impl/utils/ForceStopRunnable,46,123,37.4
78f849e66498b6ed,androidx/emoji2/text/EmojiCompat,46,159,28.93
ef3f81be62cf5b0c,androidx/appcompat/app/AppCompatViewInflater,46,173,26.59
c08bfbb46a676075,org/wikipedia/main/MainFragment,46,411,11.19
e5b7d02ea048513f,okhttp3/internal/http/RetryAndFollowUpInterceptor,46,166,27.71
049e5e18fc500a32,org/wikipedia/language/AppLanguageState,46,125,36.8
9a8a933de0474294,okhttp3/internal/connection/RouteSelector,45,82,54.88
effc93f28c6dd094,androidx/room/RoomDatabase$Builder,45,118,38.14
26a579d6b2a81b59,androidx/constraintlayout/core/LinearSystem,45,508,8.86
62dc58c50e3466f0,androidx/appcompat/view/menu/MenuItemImpl,45,297,15.15
3488d861eea7ec02,androidx/core/content/pm/ShortcutManagerCompat,44,317,13.88
e6d309a91a766151,com/google/android/gms/tasks/zzw,44,134,32.84
f398844622ac6938,org/wikipedia/activity/BaseActivity,44,124,35.48
32d673aefd248236,leakcanary/LeakCanary$Config,44,157,28.03
07145f2ab5a01c17,androidx/viewpager2/widget/ScrollEventAdapter,43,172,25.0
99154c2d9aa357ae,okhttp3/HttpUrl$Builder$Companion,43,75,57.33
37e08b337711e5ad,androidx/recyclerview/widget/RecyclerView$ViewHolder,42,172,24.42
5348637875b37cb7,org/wikipedia/appshortcuts/AppShortcuts$Companion,42,42,100.0
43825a6d8f11bc4b,com/google/firebase/FirebaseCommonRegistrar,42,57,73.68
2aded622a6a4e711,leakcanary/internal/LeakCanaryFileProvider$Companion,42,121,34.71
d729c2054318cdbc,okhttp3/CacheControl$Companion,41,62,66.13
9f2cdd62ec303965,okhttp3/internal/http/RealInterceptorChain,41,83,49.4
213cd079ba71991c,okhttp3/internal/platform/android/AndroidLog,41,51,80.39
fce4a663859fcfdc,androidx/sqlite/db/framework/FrameworkSQLiteOpenHelper$OpenHelper,41,110,37.27
4761703b0f348dcf,com/google/android/material/tabs/TabLayout$SlidingTabIndicator,41,126,32.54
94926208cd778893,kotlinx/serialization/internal/PluginGeneratedSerialDescriptor,41,73,56.16
56cdcabc792e06bc,androidx/core/content/FileProvider,40,126,31.75
656416ceb3f760ab,leakcanary/internal/activity/LeakActivity,40,121,33.06
4638990adff3dcb6,com/google/android/datatransport/runtime/scheduling/persistence/SchemaManager,40,55,72.73
9a363820b9714f33,androidx/coordinatorlayout/widget/CoordinatorLayout,40,954,4.19
70ed3dac22921b4f,com/google/firebase/heartbeatinfo/HeartBeatInfoStorage,40,109,36.7
f696846704b7c80e,okhttp3/internal/cache/CacheInterceptor,40,108,37.04
416916411a4aeef3,org/wikipedia/dataclient/SharedPreferenceCookieManager,39,86,45.35
37c03958bb82dbc7,com/google/android/material/internal/ThemeEnforcement,39,57,68.42
40fc41034f9bc0c8,okhttp3/ConnectionSpec$Builder,39,71,54.93
be9e19428ff4b4d3,com/google/android/material/textview/MaterialTextView,38,45,84.44
15fc7dbb61588ca0,androidx/appcompat/app/AppCompatActivity,38,142,26.76
88d28032688ba5b0,kotlinx/serialization/json/internal/CharMappings,38,38,100.0
e3233f9c63280f90,androidx/fragment/app/BackStackRecord,38,301,12.62
e4297ca781b1e21c,androidx/collection/SimpleArrayMap,38,266,14.29
3f3d2f458f6291e1,com/google/firebase/components/Component$Builder,38,43,88.37
b12bceb10c19af67,okhttp3/internal/platform/AndroidPlatform,38,84,45.24
d0773c01b8739005,androidx/constraintlayout/widget/ConstraintLayout$LayoutParams,37,226,16.37
14e7c6c627c43b23,androidx/activity/result/ActivityResultRegistry,37,120,30.83
b41bceba882c3152,androidx/core/content/pm/ShortcutInfoCompat$Builder,36,117,30.77
13a6843f4330d591,leakcanary/AndroidLeakFixes$Companion,36,54,66.67
94947920ec8092f8,kotlin/text/StringsKt__StringsJVMKt,36,352,10.23
1bbdec020736a791,androidx/appcompat/widget/AppCompatImageHelper,36,99,36.36
216daaaa4af183b3,okhttp3/internal/concurrent/TaskQueue,36,152,23.68
c2205db275a1bcd6,leakcanary/ObjectWatcher,35,113,30.97
d399b53a88e6e55c,leakcanary/AppWatcher,35,52,67.31
86325645d5786264,org/wikipedia/notifications/NotificationCategory$Companion,35,72,48.61
652d6db5a6f5ab0b,shark/AndroidReferenceMatchers$Companion,35,45,77.78
9d7068ab930540b4,kotlinx/serialization/json/internal/StringJsonLexer,34,87,39.08
4ccf3e732cf41461,leakcanary/internal/navigation/NavigatingActivity,34,213,15.96
aba9acb466ab7e6b,kotlinx/serialization/json/internal/JsonNamesMapKt,34,103,33.01
9b0b3fb5e0b1846a,androidx/appcompat/widget/AppCompatBackgroundHelper,34,85,40.0
1b358c924485185c,org/wikipedia/analytics/SessionData,34,148,22.97
91834e50c9765610,org/wikipedia/database/AppDatabase_Impl,34,129,26.36
47da99e79e9a1fdc,org/wikipedia/onboarding/OnboardingFragment,34,68,50.0
3abd9a221d02b3a9,org/wikipedia/notifications/NotificationCategory,34,40,85.0
fc6b51d85e17bb42,okhttp3/internal/http/BridgeInterceptor,34,65,52.31
86d1d1bef192c0ea,okhttp3/Cache$Companion,34,61,55.74
d6c54273311e9574,androidx/appcompat/widget/AppCompatButton,34,140,24.29
e982367d61194c28,okhttp3/internal/connection/Exchange,34,78,43.59
0c6c814f9cd87793,okhttp3/internal/cache/DiskLruCache$Entry,33,76,43.42
f62eeb29f97a8c2c,androidx/appcompat/widget/TintTypedArray,33,62,53.23
6db9e13c833ec4cd,kotlin/sequences/SequencesKt___SequencesKt,33,1064,3.1
37eedb2bb7083683,com/google/firebase/messaging/ServiceStarter,33,67,49.25
f3f7dd4c9f161e07,retrofit2/Retrofit,33,114,28.95
d73b4ba93fe31714,com/google/firebase/messaging/GmsRpc,33,77,42.86
a29815c42f82c986,okhttp3/internal/http2/Http2ExchangeCodec$Companion,33,38,86.84
04aa5eb5edd98672,com/google/firebase/installations/local/PersistedInstallationEntry,32,47,68.09
a476287b621b739d,okhttp3/Address,32,84,38.1
73ffc6d7f64a78fc,com/google/android/material/appbar/MaterialToolbar,32,145,22.07
4b58e155499983e8,okhttp3/Headers$Companion,31,78,39.74
681fd1a6100b4fb5,kotlinx/coroutines/DispatchedTask,31,90,34.44
1c1ce4dc3f3d9a8a,androidx/room/InvalidationTracker$refreshRunnable$1,31,95,32.63
7cbecc82d7bbcd9b,androidx/savedstate/SavedStateRegistry,31,80,38.75
27eabea95cff7282,com/google/mlkit/common/internal/CommonComponentRegistrar,31,31,100.0
4d9ea98ba2f8ea94,androidx/viewpager2/widget/ViewPager2$PageAwareAccessibilityProvider,31,100,31.0
1007444e921bf4fd,androidx/work/impl/WorkDatabase_Impl$1,31,151,20.53
afb2798a1ef0102d,okhttp3/internal/platform/Platform$Companion,31,61,50.82
58e4a41eedb832a2,com/google/android/gms/cloudmessaging/zzm,31,98,31.63
84f1db4d146eb4a5,androidx/arch/core/internal/SafeIterableMap,30,73,41.1
46224ec69e1c4fc2,okhttp3/logging/HttpLoggingInterceptor,30,146,20.55
4d82b47f99e6cac2,androidx/viewpager2/adapter/FragmentStateAdapter$FragmentMaxLifecycleEnforcer,30,49,61.22
8fc35169a2060de8,androidx/recyclerview/widget/DefaultItemAnimator,30,349,8.6
8df619b30d3d930f,retrofit2/RequestFactory$Builder,30,390,7.69
c370fdf90aeaca5c,androidx/fragment/app/strictmode/FragmentStrictMode,30,150,20.0
853bef048ff52f85,okhttp3/internal/http2/Huffman,30,50,60.0
63ca1db9d12f051f,okhttp3/internal/http/CallServerInterceptor,30,82,36.59
ff406da3232d385c,org/wikipedia/language/AppLanguageLookUpTable,30,77,38.96
07c506f5ac29b601,androidx/lifecycle/ProcessLifecycleOwner,29,44,65.91
ea91912e74904560,com/google/android/material/resources/MaterialResources,29,67,43.28
4b9c8622340ad07d,okhttp3/Response,29,67,43.28
9b07b4aef28d3e54,androidx/appcompat/widget/AppCompatTextViewAutoSizeHelper,29,277,10.47
e3dabd7fe3227c2c,org/wikipedia/connectivity/ConnectionStateMonitor,29,61,47.54
baa957561750418b,okio/InflaterSource,29,48,60.42
d02a6761e1226db0,androidx/concurrent/futures/AbstractResolvableFuture,29,302,9.6
2436556bead5f1a3,androidx/collection/LongSparseArray,29,146,19.86
4652d03833d3ef03,androidx/work/impl/WorkDatabase$Companion,29,32,90.62
4e24f97f26fa5509,kotlinx/serialization/json/JsonConfiguration,29,66,43.94
5f6337e98162070e,com/google/android/material/motion/MotionUtils,28,43,65.12
f9016ce84e395a37,androidx/room/RoomOpenHelper,28,87,32.18
1c45c49e9842bd31,okhttp3/internal/http2/Http2Connection$Builder,28,50,56.0
a2d3dc9e253c6d4f,androidx/recyclerview/widget/RecyclerView$Adapter,28,62,45.16
482b054e11f4fd1b,kotlin/jvm/internal/Intrinsics,28,127,22.05
76c1305e194cdc22,kotlin/collections/CollectionsKt__CollectionsKt,28,126,22.22
e4db46affb9b4bb5,androidx/transition/TransitionSet,28,233,12.02
a6a651099e7227b7,androidx/recyclerview/widget/ChildHelper,28,93,30.11
66b5567ab6933e78,okhttp3/internal/platform/android/AndroidSocketAdapter,28,46,60.87
aef50ee6cfaececa,okio/Segment,28,48,58.33
7c9e45a9151fefb3,com/google/firebase/components/Component,28,49,57.14
dbb9f09bf851a3fc,com/google/android/gms/common/stats/ConnectionTracker,27,61,44.26
3328cbdf8a6ed6dd,com/google/firebase/components/RestrictedComponentContainer,27,50,54.0
193db44406d3dd0c,androidx/constraintlayout/core/widgets/ConstraintAnchor,27,180,15.0
5d55a5208cbe6f64,okhttp3/Headers$Builder,27,73,36.99
8e676954b27cc500,com/google/android/datatransport/runtime/scheduling/persistence/SQLiteEventStore,27,362,7.46
e9aea1608ec3fb78,androidx/work/impl/background/systemjob/SystemJobScheduler,27,180,15.0
d38ba12c1f831b5c,leakcanary/FragmentAndViewModelWatcher,27,36,75.0
1489b5067f8f9176,org/wikipedia/dataclient/WikiSite,27,109,24.77
0834f04cc5eeb84c,androidx/recyclerview/widget/RecyclerView$RecycledViewPool,27,91,29.67
7b6d9e0a28bebdbf,org/wikipedia/main/MainActivity,27,104,25.96
c42d13414a64f0b7,kotlinx/serialization/internal/MapLikeSerializer,27,49,55.1
8e8d92760f004516,com/google/android/gms/cloudmessaging/zzh,26,34,76.47
9302d043ac912bc4,androidx/profileinstaller/ProfileInstaller,26,81,32.1
ab0f4dba270c9791,androidx/lifecycle/ReportFragment,26,34,76.47
64edf9646c54f991,okhttp3/internal/publicsuffix/PublicSuffixDatabase$Companion,26,29,89.66
2db614fcae27b5e7,okhttp3/internal/http2/Http2ExchangeCodec,26,43,60.47
7949ee1b08d57cef,leakcanary/LeakCanary,26,33,78.79
f61ca13ee5af6f6c,com/google/firebase/messaging/SyncTask,26,80,32.5
52df70719be4f419,io/reactivex/rxjava3/operators/SpscLinkedArrayQueue,26,102,25.49
7f3c4943d110c273,androidx/appcompat/app/AppCompatDelegate,26,120,21.67
0ce79bafa36f57e2,okhttp3/internal/connection/RealCall$AsyncCall,26,53,49.06
e1be7d7e0470719f,com/google/android/material/shape/ShapePath$PathArcOperation,26,32,81.25
45f74ca36613ef6d,androidx/sqlite/db/framework/FrameworkSQLiteOpenHelper$lazyDelegate$1,26,29,89.66
34f125e2a4f4f6d2,androidx/core/content/pm/ShortcutInfoCompat,25,120,20.83
e10c68c6bd5d148a,kotlinx/serialization/json/JsonBuilder,25,73,34.25
b1b7bb2fdb4d182b,androidx/appcompat/view/ContextThemeWrapper,25,55,45.45
4d3f0b92cdfdb198,okhttp3/CertificatePinner,24,83,28.92
912ac1d70a8c1e6e,okio/AsyncTimeout,24,50,48.0
7ff8facfdb6a7b0a,org/wikipedia/analytics/eventplatform/BreadCrumbViewUtil,24,98,24.49
c59f2e3c02918458,okhttp3/MediaType$Companion,24,45,53.33
faee59f36d1d99f8,okhttp3/internal/platform/Platform,24,69,34.78
b7393949a53b55cc,okhttp3/internal/cache/DiskLruCache$Editor,24,66,36.36
a4122c713af8e486,leakcanary/AndroidLeakFixes$FLUSH_HANDLER_THREADS$apply$flushNewHandlerThread$1,24,31,77.42
a1e7e46d36d59b67,retrofit2/Retrofit$Builder,24,49,48.98
cb81c30b2710eb67,androidx/appcompat/widget/ContentFrameLayout,24,93,25.81
ee0ff33ada2747f1,androidx/recyclerview/widget/ScrollbarHelper,24,47,51.06
00772508a266e56d,com/google/android/material/tabs/TabLayoutMediator,24,39,61.54
b8c3572915a5a66b,androidx/sqlite/db/framework/FrameworkSQLiteDatabase,24,126,19.05
11fd61b8c09a00e4,com/google/firebase/messaging/FirebaseMessagingRegistrar,24,24,100.0
88e7ab517f3548ce,androidx/fragment/app/FragmentState,23,89,25.84
b47f14645daadac6,androidx/lifecycle/ViewModelProvider,23,35,65.71
a7b8c343aac916fa,com/google/firebase/installations/local/AutoValue_PersistedInstallationEntry$Builder,23,33,69.7
8a9425e6719a7c08,com/google/firebase/messaging/Metadata,23,53,43.4
6a3f16fb0a390d5f,com/google/android/datatransport/runtime/scheduling/jobscheduling/SchedulerConfig,23,47,48.94
f1a09a16ab213750,okio/SegmentPool,23,34,67.65
b5959da49986a51e,androidx/collection/LruCache,23,86,26.74
562b4e838a01c456,okhttp3/internal/io/FileSystem$Companion$SystemFileSystem,23,44,52.27
479fa5726c1ae8ec,kotlinx/serialization/json/internal/JsonToStringWriter,23,43,53.49
3bb0ec5c749e4e64,okhttp3/Cache,23,86,26.74
de7a73a44f6bac08,com/google/android/material/bottomnavigation/BottomNavigationView,23,52,44.23
bbe7cbf725c4ae8e,androidx/fragment/app/SpecialEffectsController$Operation,23,73,31.51
ef55b592f60ad077,com/google/firebase/components/Dependency,22,54,40.74
8b995fdfb2fe1c43,com/google/android/gms/common/api/internal/BackgroundDetector,22,61,36.07
96f494e8f128a8ec,org/wikipedia/analytics/eventplatform/EventPlatformClient,22,29,75.86
f320c01e5d59d8b7,com/google/firebase/messaging/EnhancedIntentService,22,42,52.38
7a0fecb02115ad76,androidx/appcompat/widget/AppCompatImageView,22,84,26.19
cae5817a89a34384,okhttp3/internal/http2/Settings,22,37,59.46
195a119851eb3c75,org/wikipedia/database/AppDatabase_Impl$1,22,168,13.1
8c7288574817bb6c,org/wikipedia/settings/PrefsIoUtil,22,33,66.67
0f0be6c16ddb9831,okhttp3/internal/connection/Exchange$ResponseBodySource,22,39,56.41
35f5839ee0559ca0,org/wikipedia/dataclient/ServiceFactory,22,50,44.0
9a93b034981471dd,com/google/android/gms/common/util/WorkSourceUtil,22,146,15.07
c0c594e21712cdf0,kotlin/text/Regex,22,94,23.4
98e48d8216c8a5a0,okhttp3/EventListener,22,32,68.75
c8e660faf51bc6c4,okhttp3/Headers,22,76,28.95
c30e30003bf8821b,org/wikipedia/analytics/eventplatform/StreamConfig$$serializer,22,25,88.0
3ac53ac06abc193e,leakcanary/internal/HeapDumpTrigger,21,206,10.19
b45bb756719e46be,org/wikipedia/dataclient/okhttp/OkHttpConnectionFactory,21,24,87.5
d80ea139acfb7159,androidx/fragment/app/FragmentTransaction,21,112,18.75
457b1c8cd5c0e707,androidx/recyclerview/widget/AdapterHelper,21,261,8.05
23eaab330f351f68,kotlinx/serialization/encoding/AbstractEncoder,21,75,28.0
6516ba445dd775ac,com/google/firebase/messaging/WakeLockHolder,21,51,41.18
c2ca50cd9f166058,io/reactivex/rxjava3/internal/schedulers/ScheduledRunnable,21,71,29.58
5091e4259b1a4c5f,androidx/work/Configuration,21,35,60.0
6eb232a1587862c2,io/reactivex/rxjava3/internal/schedulers/IoScheduler$CachedWorkerPool,21,41,51.22
13e43b7f8231c77c,androidx/recyclerview/widget/OrientationHelper$2,21,25,84.0
d94909f4672d2c73,kotlinx/coroutines/internal/LockFreeTaskQueueCore,21,111,18.92
84d7e95ea229711f,androidx/room/RoomSQLiteQuery,21,51,41.18
2e61e8ef62238f7d,org/wikipedia/offline/db/OfflineObjectDao_Impl,20,192,10.42
f256ae16290e50a9,androidx/appcompat/app/ToolbarActionBar,20,153,13.07
b0af8c4896a572b4,okhttp3/internal/http/HttpMethod,20,40,50.0
7a89da6eeef9f404,androidx/room/Room,20,41,48.78
6d60de30cfa4e6d7,com/google/android/material/ripple/RippleUtils,20,51,39.22
a992f2eb52afa082,androidx/fragment/app/FragmentActivity$HostCallbacks,20,44,45.45
638caf9e7d952104,okio/ByteString$Companion,20,70,28.57
463e1f2829370cf4,androidx/fragment/app/FragmentManagerViewModel,20,156,12.82
07802840106d297f,org/wikipedia/util/ReleaseUtil,20,37,54.05
10e5fb927856219d,okio/AsyncTimeout$sink$1,20,64,31.25
e1dcb4b24e62e37d,com/google/android/gms/cloudmessaging/zzs,20,28,71.43
2e78b3def76482cf,androidx/profileinstaller/DeviceProfileWriter,19,143,13.29
3ae6d016f2f70eba,com/google/android/gms/tasks/Tasks,19,95,20.0
bfe10bba75b0ec40,com/google/firebase/platforminfo/DefaultUserAgentPublisher,19,20,95.0
49f944320e8cd46b,leakcanary/internal/VisibilityTracker,19,34,55.88
c6715d2b52cde700,kotlinx/serialization/json/internal/DescriptorSchemaCache,19,20,95.0
9685ad6e036fd384,io/reactivex/rxjava3/internal/schedulers/IoScheduler,19,26,73.08
367210cd49ce527e,org/wikipedia/dataclient/WikiSite$Companion,19,52,36.54
9cd3875d88a131c1,com/google/firebase/installations/FirebaseInstallationsRegistrar,19,19,100.0
0abf642fe73e8f7f,com/google/firebase/ktx/FirebaseCommonKtxRegistrar,19,19,100.0
300f3467236d2667,okio/Okio__JvmOkioKt,19,53,35.85
39f3737dac46ac00,androidx/recyclerview/widget/OrientationHelper$1,19,25,76.0
39dd25f03c8ae0a1,kotlin/collections/ArrayDeque,19,330,5.76
4ed6ab83a91f5fe3,com/google/android/gms/tasks/zzr,19,25,76.0
b0d56ca2ed934d8f,com/google/firebase/messaging/FcmLifecycleCallbacks,19,32,59.38
165db649171b4d67,io/reactivex/rxjava3/disposables/CompositeDisposable,19,96,19.79
574b683d0d673a6c,kotlinx/serialization/internal/AbstractCollectionSerializer,19,27,70.37
ee4ff5a6b92c3b87,io/reactivex/rxjava3/core/Observable,19,1261,1.51
b8203a9dae42c020,io/reactivex/rxjava3/subjects/PublishSubject,19,70,27.14
d16051edf8672298,androidx/room/SharedSQLiteStatement,19,21,90.48
a17491eb03a82295,com/google/android/datatransport/runtime/TransportRuntime,19,49,38.78
e3f50566fc4ebb41,com/google/firebase/concurrent/SequentialExecutor,18,42,42.86
fc7836a7937730d5,androidx/work/impl/Schedulers,18,62,29.03
9ca6a582f9b12015,com/google/android/datatransport/runtime/DaggerTransportRuntimeComponent,18,19,94.74
c83e2bb77f409dc4,com/google/android/datatransport/runtime/dagger/internal/DoubleCheck,18,31,58.06
c1af5134824a09d3,shark/ObjectInspectors$Companion,18,18,100.0
21c7fbbd2d6c8c5d,androidx/emoji2/viewsintegration/EmojiTextViewHelper$HelperInternal19,18,48,37.5
17f8af81e516347f,io/reactivex/rxjava3/internal/schedulers/ComputationScheduler,18,33,54.55
3fb64d32bada886f,androidx/sqlite/util/ProcessLock,18,29,62.07
4d0e68a7280953bf,androidx/room/RoomDatabase$MigrationContainer,18,65,27.69
a3023ce61c0fb4ed,leakcanary/internal/HeapDumpControl,18,49,36.73
4981d65747c6957f,org/wikipedia/analytics/eventplatform/SamplingConfig,18,33,54.55
7038717694b3960c,androidx/lifecycle/SavedStateHandleSupport,18,48,37.5
4bbb39a90f40a4b9,com/google/android/material/theme/overlay/MaterialThemeOverlay,18,26,69.23
c6bcb84340864c0d,kotlinx/serialization/json/Json,18,28,64.29
685d97b7056871c1,com/google/mlkit/common/sdkinternal/MlKitContext,18,54,33.33
73206cf77c0cda1e,okhttp3/internal/http2/Http2,18,44,40.91
5d230ad930da9e8f,retrofit2/Platform,18,37,48.65
28845a37e954a360,org/wikipedia/navtab/NavTabLayout,18,18,100.0
e288d688c3c82dad,okhttp3/MediaType,18,38,47.37
fcbf51cae8982f3c,curtains/internal/WindowSpy,18,23,78.26
af36f7e7c395860b,com/google/android/datatransport/cct/CCTDestination,17,37,45.95
fdb8fec3d370b33a,kotlinx/coroutines/internal/DispatchedContinuation,17,186,9.14
6f0ee8873b175176,kotlin/coroutines/CombinedContext,17,45,37.78
da52b859a049d5cd,kotlinx/serialization/internal/LinkedHashMapSerializer,17,29,58.62
510625886c3de56a,shark/AndroidObjectInspectors$Companion,17,18,94.44
a1f940b1a8175f72,androidx/core/app/NotificationManagerCompat,17,196,8.67
1742f4376fa8f701,androidx/lifecycle/ReportFragment$Companion,17,23,73.91
e4e000c0dc8f2d15,curtains/internal/WindowManagerSpy,17,35,48.57
dc7f0e264fe3845c,okhttp3/internal/http2/Http2Stream$FramingSink,17,99,17.17
5b864ba2b1a9f5df,androidx/tracing/Trace,17,71,23.94
1c04a4f4dd90013d,androidx/arch/core/internal/SafeIterableMap$IteratorWithAdditions,17,20,85.0
593a499d361679d5,okhttp3/Handshake$Companion,17,32,53.12
c9dfc17006010174,com/google/firebase/components/EventBus,17,46,36.96
9a1398ea0d68d5b6,com/google/firebase/concurrent/SequentialExecutor$QueueWorker,17,38,44.74
c43c14028b56bde4,kotlinx/serialization/encoding/AbstractDecoder,17,57,29.82
c310e94cb20255e8,org/wikipedia/notifications/NotificationPollBroadcastReceiver$Companion,17,126,13.49
1358645cbe80101b,com/google/firebase/messaging/FirebaseMessaging$AutoInit,17,45,37.78
36a185a21f5184d3,com/google/android/datatransport/runtime/scheduling/persistence/AutoValue_EventStoreConfig$Builder,17,29,58.62
04b79e1ed014cb8e,kotlinx/serialization/internal/PlatformKt,17,131,12.98
cf69db34ec53ee39,androidx/constraintlayout/core/widgets/ConstraintWidget$1,16,29,55.17
3707ffcd01c3affc,androidx/savedstate/SavedStateRegistryController,16,25,64.0
23035005fbcc4c35,kotlinx/serialization/internal/PluginGeneratedSerialDescriptorKt,16,29,55.17
9c4e1d841010bfd7,androidx/recyclerview/widget/RecyclerView$5,16,46,34.78
dfb5a4c97c0cc590,kotlin/collections/MapsKt__MapsKt,16,269,5.95
b48fb50eaecec9e7,androidx/appcompat/widget/TooltipCompatHandler,16,85,18.82
c5143a0c343867ab,com/android/installreferrer/api/InstallReferrerClientImpl,16,72,22.22
99f2bb3a710a5758,kotlinx/serialization/json/internal/JsonPath,16,54,29.63
0ff408e9b4a7eb71,okhttp3/internal/http2/Header,16,29,55.17
e9833e152056b7ad,io/reactivex/rxjava3/plugins/RxJavaPlugins,16,243,6.58
afbf2e60641c4b8a,com/google/firebase/components/LazySet,16,23,69.57
fe17750e015183d0,com/google/firebase/FirebaseOptions,16,56,28.57
f743d0fa0c430498,androidx/work/impl/constraints/trackers/Trackers,16,23,69.57
a731b0f8ea3ec02f,org/wikipedia/util/StringUtil,16,205,7.8
126d22e6b16c5936,org/wikipedia/recurring/TalkOfflineCleanupTask,16,25,64.0
33c463ccbc45b7c2,com/google/firebase/messaging/FcmBroadcastProcessor,16,50,32.0
a086385525167535,org/wikipedia/analytics/eventplatform/SamplingConfig$$serializer,16,19,84.21
785fa582b703c6d7,retrofit2/OkHttpCall,16,78,20.51
e5f0364b988937f4,com/google/firebase/messaging/Store,16,31,51.61
df6822ec9d7c3932,okhttp3/internal/http2/ErrorCode,16,19,84.21
895b0ca8917e03ed,org/wikipedia/settings/RemoteConfigRefreshTask,16,26,61.54
d6b0b8c8f52d2e4e,androidx/recyclerview/widget/ChildHelper$Bucket,16,61,26.23
a9563e824cd95f04,androidx/work/impl/model/PreferenceDao_Impl,16,30,53.33
ab9f4c56adfecb34,androidx/work/Logger,16,18,88.89
5607ffc5b447df48,okhttp3/CacheControl,16,66,24.24
bd036b3276e3ea64,androidx/core/view/MenuHostHelper,16,53,30.19
069f6997edc38ad8,kotlin/collections/ArraysKt___ArraysKt,15,10166,0.15
ed7a3fad0d03c122,okio/OutputStreamSink,15,18,83.33
7a7ec77a96d790bd,kotlin/collections/builders/MapBuilder,15,242,6.2
503c72c79d777c5c,com/google/firebase/components/ComponentDiscovery$MetadataRegistrarNameRetriever,15,26,57.69
deea807b4ccdcb5b,com/google/android/material/tabs/TabIndicatorInterpolator,15,26,57.69
8ecfaf9b6e030001,com/google/android/material/shadow/ShadowRenderer,15,57,26.32
69c59f1c30df4ef8,org/wikipedia/databinding/ViewOnboardingPageBinding,15,29,51.72
f5ae1977b84a4daf,org/wikipedia/analytics/InstallReferrerListener,15,112,13.39
8ffed49275d6901a,androidx/appcompat/widget/AppCompatImageButton,15,81,18.52
bc47e56ab3c2c11e,androidx/lifecycle/Lifecycle$Event,15,20,75.0
678e26ce21aa4f3f,androidx/profileinstaller/ProfileInstallerInitializer,15,19,78.95
f317692030b0cba7,kotlinx/serialization/internal/Platform_commonKt,15,49,30.61
13fd9c3be8137f5f,com/google/firebase/installations/Utils,14,17,82.35
6e051e3e66ce4da0,com/google/firebase/installations/remote/RequestLimiter,14,36,38.89
51bbe0ee0bd34faa,kotlinx/coroutines/internal/SystemPropsKt__SystemProps_commonKt,14,27,51.85
3c8434475d7da5c5,kotlinx/serialization/json/internal/StringOpsKt,14,35,40.0
1a6f5b9543f5f685,shark/AndroidReferenceMatchers$REFERENCES,14,14,100.0
409b7dec5b250609,androidx/recyclerview/widget/ViewBoundsCheck,14,31,45.16
2eb9aee5ba314725,androidx/core/view/ViewCompat$AccessibilityViewProperty,14,40,35.0
b63feef1afa64455,com/google/android/material/tabs/TabLayoutMediator$TabLayoutOnPageChangeCallback,14,35,40.0
8a9188e820348770,org/wikipedia/database/AppDatabase,14,14,100.0
0604891e8520caae,androidx/lifecycle/Lifecycle$Event$Companion,14,26,53.85
6096a98abbc85550,kotlinx/serialization/json/internal/CharArrayPoolBase,14,17,82.35
b4f026fcfba6cb09,kotlinx/serialization/internal/ArrayListSerializer,14,24,58.33
7754cdb9547684e1,okhttp3/internal/cache/FaultHidingSink,14,25,56.0
f73f55172e500857,androidx/room/RoomSQLiteQuery$Companion,14,30,46.67
f711a449f4726d1f,org/wikipedia/util/UriUtil,14,163,8.59
264310a16709b932,androidx/transition/Transition,14,773,1.81
abb26818aada7f42,androidx/collection/ContainerHelpers,14,27,51.85
2d4c235eaa283086,com/google/android/material/navigation/NavigationBarPresenter,14,29,48.28
0f95fd2742d5bb85,kotlinx/serialization/internal/CollectionLikeSerializer,14,22,63.64
45a5f9380e1f884c,androidx/core/os/TraceCompat,14,53,26.42
090b60d80feb5a3b,curtains/internal/RootViewsSpy$delegatingViewList$1,14,32,43.75
9d29f078d1aa06a1,org/wikipedia/navtab/NavTab,14,15,93.33
4f05a89a10f3874c,androidx/core/widget/TextViewCompat,14,268,5.22
8138c9781ef810d0,androidx/fragment/app/FragmentViewLifecycleOwner,14,44,31.82
09f107e66dffa14f,androidx/fragment/app/FragmentController,14,52,26.92
fdc3476a18c9f756,androidx/core/os/LocaleListCompat,14,60,23.33
ac2a63f50f315f05,com/google/firebase/internal/DataCollectionConfigStorage,14,34,41.18
a415d89de8d4b222,leakcanary/internal/activity/screen/LeaksScreen,14,14,100.0
0aadaef98c4393c6,androidx/appcompat/widget/AppCompatDrawableManager,14,21,66.67
3a4143bbdf8e4e33,androidx/sqlite/db/framework/FrameworkSQLiteOpenHelper,14,30,46.67
be0c955eb242516e,okhttp3/internal/cache/CacheInterceptor$cacheWritingResponse$cacheWritingSource$1,14,21,66.67
73948f79ec285d3d,io/reactivex/rxjava3/internal/observers/LambdaObserver,14,40,35.0
4743f42e5f1f1cb2,okhttp3/Request,14,54,25.93
4003fddcb7a93d3e,retrofit2/HttpServiceMethod,14,39,35.9
7c66432204c151f1,androidx/fragment/app/SpecialEffectsController$FragmentStateManagerOperation,13,31,41.94
ae268dc3c73b0d4f,androidx/lifecycle/LiveData,13,98,13.27
ffcb5cd392e1f7f8,androidx/coordinatorlayout/widget/CoordinatorLayout$LayoutParams,13,113,11.5
919e7ae5831b3eec,androidx/recyclerview/widget/ViewBoundsCheck$BoundFlags,13,24,54.17
bfa09f273ef99f30,androidx/work/impl/model/SystemIdInfoDao_Impl,13,74,17.57
8be071e8c7fd7f23,com/google/firebase/provider/FirebaseInitProvider,13,23,56.52
79195bf2c8f12c89,androidx/emoji2/text/EmojiCompatInitializer,13,14,92.86
19d03149cdb1c37a,androidx/constraintlayout/core/widgets/Optimizer,13,30,43.33
e40a7cbd1a323112,androidx/viewpager2/widget/CompositeOnPageChangeCallback,13,26,50.0
b60d80e1927f8968,okhttp3/CacheControl$Builder,13,32,40.62
7ac7d49a45a73236,com/google/firebase/installations/RandomFidGenerator,13,13,100.0
897f87867ecb5b4b,org/wikipedia/dataclient/okhttp/OfflineCacheInterceptor,13,130,10.0
74b3a0edfec44dbe,androidx/lifecycle/SavedStateHandlesProvider,13,37,35.14
8070e70cb10f0806,okhttp3/internal/http2/Http2Reader$ContinuationSource,13,31,41.94
2d7b31fdb3dc643f,androidx/constraintlayout/core/widgets/WidgetContainer,13,49,26.53
a50bafb2e8fb3a57,com/google/firebase/installations/local/IidStore,13,59,22.03
c270b3b7d14f553a,leakcanary/internal/InternalLeakCanary$registerResumedActivityListener$1,13,16,81.25
4f21e55ed77e7426,okhttp3/internal/concurrent/TaskRunner$runnable$1,13,28,46.43
00ef17488da05ac7,androidx/appcompat/widget/ViewUtils,13,36,36.11
77d53ff37555e66b,kotlinx/serialization/json/internal/WriteModeKt,13,32,40.62
2a5bed1675dad4fd,com/google/android/gms/cloudmessaging/Rpc,13,184,7.07
71d8645e18ee3e59,org/wikipedia/recurring/RecurringTask,13,13,100.0
901cb53798dee862,okhttp3/internal/connection/ConnectionSpecSelector,13,32,40.62
ac80b735519ae1e8,com/google/android/material/navigation/NavigationBarItemView$ActiveIndicatorTransform,13,13,100.0
d862b8be124e1fed,leakcanary/WorkManagerHeapAnalyzer$validWorkManagerInClasspath$2,13,19,68.42
70cbde7fc629c76c,androidx/sqlite/db/SupportSQLiteOpenHelper$Configuration$Builder,13,21,61.9
78dffc2ff65affff,okhttp3/CipherSuite$Companion$ORDER_BY_NAME$1,13,16,81.25
8ddd1e28223e641e,androidx/activity/OnBackPressedDispatcher,13,58,22.41
7403d5e22213fec1,com/google/firebase/tracing/ComponentMonitor,13,14,92.86
1ace9f50706d6208,androidx/emoji2/text/DefaultEmojiCompatConfig$DefaultEmojiCompatConfigFactory,13,40,32.5
743043c226d2e23e,leakcanary/FragmentAndViewModelWatcher$lifecycleCallbacks$1,13,15,86.67
67a84cee95647046,com/google/android/gms/cloudmessaging/zzf,13,23,56.52
db11c1e0e680407f,com/google/mlkit/nl/languageid/internal/LanguageIdRegistrar,12,12,100.0
41723388b4c07fb9,androidx/fragment/app/FragmentManager$FragmentLifecycleCallbacks,12,15,80.0
ed805666cbdeeede,io/reactivex/rxjava3/internal/functions/Functions,12,47,25.53
d0742f19b2f4b02c,com/google/android/material/tabs/TabLayout$Tab,12,84,14.29
7e746185d1db894d,org/wikipedia/JacocoInstrument/JacocoInstrumentation,12,53,22.64
11df44fac514db87,androidx/room/RoomOpenHelper$Companion,12,40,30.0
5436fb0c96f7bda7,kotlin/coroutines/jvm/internal/ContinuationImpl,12,18,66.67
4780f40bc4c10c39,org/wikipedia/activity/SingleFragmentActivity,12,15,80.0
87eb32b3dae4ce99,okio/Timeout,12,94,12.77
e630a7ed6d829b3a,okio/internal/_ByteStringKt,12,683,1.76
1984b8f5b1c1da23,kotlinx/coroutines/JobSupportKt,12,23,52.17
995898d3113c829c,okhttp3/internal/http/StatusLine$Companion,12,29,41.38
a350215880fa979d,okhttp3/internal/concurrent/TaskRunner$RealBackend,12,16,75.0
8b26cfbea7022f38,org/wikipedia/analytics/eventplatform/EventPlatformClient$AssociationController,12,21,57.14
403fa4e08b54792c,okhttp3/internal/HostnamesKt,12,104,11.54
799bb4e93903f35e,leakcanary/internal/navigation/ViewsKt,12,36,33.33
aaa5509a1ee17dbb,androidx/core/view/ViewConfigurationCompat,12,38,31.58
64b148d7f9254bbb,kotlinx/coroutines/AbstractCoroutine,12,24,50.0
53c76920e5fae6ac,androidx/fragment/app/FragmentManagerState,12,24,50.0
b9c74661ad923577,kotlin/coroutines/CoroutineContext$Element$DefaultImpls,12,12,100.0
1b79341a6f05c3ad,com/google/android/material/elevation/ElevationOverlayProvider,12,44,27.27
02754ce560470e48,androidx/lifecycle/Lifecycle$State,12,13,92.31
484173cfaf8caf94,retrofit2/Utils,12,186,6.45
77818c4112ec6b38,kotlinx/serialization/json/internal/Composer,12,20,60.0
ffc8be8dec3cce11,androidx/work/impl/constraints/WorkConstraintsTrackerImpl,12,68,17.65
26650ca0b090735e,com/google/android/material/internal/ViewUtils,12,101,11.88
65c37f83fb120b7d,androidx/work/impl/model/WorkProgressDao_Impl,12,49,24.49
fb6041fb02ce7e32,org/wikipedia/dataclient/mwapi/MwStreamConfigsResponse$$serializer,12,20,60.0
44cc7a767129ac48,org/wikipedia/recurring/RecurringTasksExecutor,12,14,85.71
eb582329930a895c,io/reactivex/rxjava3/internal/schedulers/NewThreadWorker,12,48,25.0
93795ad926c25d7f,com/google/firebase/messaging/TopicsStore,12,31,38.71
9ea6a616f04bf779,androidx/work/impl/utils/SerialExecutorImpl,12,19,63.16
ca31837fbed0addb,org/wikipedia/readinglist/ReadingListsReceiveSurveyHelper,12,84,14.29
6d3147f15f19951b,kotlinx/serialization/internal/EnumSerializer,11,32,34.38
31b06d29ceb7371a,org/wikipedia/onboarding/InitialOnboardingFragment$OnboardingPage,11,12,91.67
736d63ad65d439dd,curtains/internal/WindowCallbackWrapper$Companion,11,30,36.67
0a67d61c508a0ec6,androidx/sqlite/util/ProcessLock$Companion,11,13,84.62
5a042063684e5bff,androidx/core/graphics/drawable/IconCompat,11,296,3.72
4875adf699f401e9,okio/InputStreamSource,11,26,42.31
5950a99a54253744,androidx/work/impl/CleanupCallback,11,12,91.67
cb93c8a8127239d8,androidx/fragment/app/SpecialEffectsController$Operation$State,11,35,31.43
ff99dae211c5c5b2,org/wikipedia/analytics/eventplatform/AppSessionEvent,11,31,35.48
6f527f31082a8b07,androidx/appcompat/widget/ViewStubCompat,11,44,25.0
01c3dbadbbe94ad6,androidx/arch/core/executor/ArchTaskExecutor,11,21,52.38
c598e4053f94eb41,androidx/emoji2/text/EmojiCompatInitializer$BackgroundDefaultLoader,11,13,84.62
8f435540c2f3e02d,io/reactivex/rxjava3/core/Completable,11,262,4.2
49c4a2411a9567aa,okhttp3/internal/platform/android/StandardAndroidSocketAdapter$Companion,11,16,68.75
96460e3771f61d11,androidx/core/graphics/TypefaceCompatApi24Impl,11,56,19.64
4ddf26fe28580987,androidx/recyclerview/widget/SnapHelper,11,49,22.45
399efcc77e627c60,leakcanary/internal/AndroidXFragmentDestroyWatcher,11,11,100.0
754cd3e81a7641f4,kotlin/SynchronizedLazyImpl,11,20,55.0
221936708204eef0,com/google/firebase/messaging/SharedPreferencesQueue,11,76,14.47
310c836a68f678f9,org/wikipedia/dataclient/okhttp/TitleEncodeInterceptor,11,11,100.0
9c974d0cba3d8182,com/google/firebase/FirebaseApp$GlobalBackgroundStateListener,11,25,44.0
168f3d43d3255cb5,kotlinx/coroutines/CoroutineStart,11,24,45.83
7e1f4c7c97d1d2d0,org/wikipedia/databinding/FragmentMainBinding,11,23,47.83
8f96beb6592d31b5,com/google/firebase/datatransport/TransportRegistrar,11,11,100.0
127333e3b0388974,org/wikipedia/recurring/DailyEventTask,11,11,100.0
47ef186305323a2f,com/google/android/material/shape/MaterialShapeUtils,11,18,61.11
fb6b2037120951f0,com/google/android/material/bottomnavigation/BottomNavigationMenuView,11,77,14.29
8e44edfdfa223d16,leakcanary/internal/activity/db/Db$execute$1,11,14,78.57
4924d01528421d53,io/reactivex/rxjava3/core/Scheduler,11,29,37.93
943e6209534fcba3,kotlin/sequences/DropSequence$iterator$1,11,16,68.75
e2c25f8c10afadeb,kotlinx/coroutines/DebugKt,11,32,34.38
4397feb13cb740a4,org/wikipedia/dataclient/okhttp/CacheControlInterceptor,11,16,68.75
b7a09ee49df8a78e,androidx/core/content/ContextCompat,11,121,9.09
665591be2ef5e9d0,org/wikipedia/model/EnumCodeMap,11,12,91.67
534b05747459c7ee,androidx/recyclerview/widget/RecyclerView$LayoutManager$2,11,11,100.0
1c63d63272b1bd66,androidx/room/RoomDatabase$JournalMode,11,18,61.11
cb73bcc6901f8cca,org/wikipedia/ActivityLifecycleHandler,11,39,28.21
36907c044171c14d,io/reactivex/rxjava3/internal/operators/observable/ObservableObserveOn$ObserveOnObserver,11,96,11.46
f6a3cd38ca3b0260,okhttp3/internal/concurrent/Task,11,18,61.11
648cc23b12ead8d4,com/google/firebase/installations/GetAuthTokenListener,11,13,84.62
7dc5735898e7d099,kotlinx/coroutines/scheduling/WorkQueue,11,121,9.09
f9c83a3f946ae92a,leakcanary/AppWatcher$Config,10,73,13.7
af98d2332565f0b7,org/wikipedia/dataclient/okhttp/CommonHeaderRequestInterceptor,10,14,71.43
8f522a5ee3b63a74,kotlinx/coroutines/CoroutineDispatcher,10,13,76.92
9b1cc202b0b95a08,org/wikipedia/onboarding/OnboardingPageView$LanguageListAdapter,10,10,100.0
6b7c3cced6f3bd58,com/google/android/material/shape/ShapePath$PathLineOperation,10,10,100.0
07a34861b30fc887,com/google/firebase/concurrent/CustomThreadFactory,10,11,90.91
b00101b5b2a33d25,leakcanary/internal/ViewModelClearedWatcher,10,28,35.71
1be632308ff31e8b,shark/AndroidObjectInspectors,10,14,71.43
162c50e105ac3646,androidx/activity/result/ActivityResultRegistry$1,10,21,47.62
bb22fe80d3cbb956,com/google/firebase/messaging/TopicsSubscriber,10,107,9.35
79145c7cede3d997,okhttp3/internal/cache/CacheInterceptor$Companion,10,61,16.39
0b709cb3e2782c0c,androidx/fragment/app/SpecialEffectsController$3,10,17,58.82
957c2fdc0f993194,io/reactivex/rxjava3/internal/disposables/DisposableHelper,10,53,18.87
09b745c14b502064,leakcanary/internal/activity/db/ScopedLeaksDb,10,33,30.3
5edac3f77c6ac6e8,com/google/firebase/installations/AutoValue_InstallationTokenResult$Builder,10,25,40.0
9a0d811e98b36ecc,com/google/firebase/installations/local/AutoValue_PersistedInstallationEntry,10,56,17.86
c1e7275fbfa7ae4c,okhttp3/CipherSuite$Companion,10,22,45.45
236aa88358eb4eca,kotlinx/coroutines/CoroutineContextKt,10,68,14.71
cd13d0a6bf6bfbc6,leakcanary/internal/LeakCanaryFileProvider,10,62,16.13
1496015925b20da7,okio/internal/_BufferKt,10,867,1.15
196559f81876eaad,okhttp3/ResponseBody,10,63,15.87
31a6dd347c61d255,com/google/firebase/components/ComponentDiscovery,10,33,30.3
8e307f243f7efacf,androidx/arch/core/internal/SafeIterableMap$ListIterator,10,21,47.62
ea6df97d8b8f1b34,com/google/android/material/resources/MaterialAttributes,10,32,31.25
40973991d793f9ff,com/google/firebase/messaging/ProxyNotificationInitializer,10,53,18.87
008ccc228488aadf,leakcanary/ServiceWatcher$install$4$2,10,16,62.5
36dd430684e9a82f,okio/_Base64Kt,10,63,15.87
71261b495196cdfd,okhttp3/Protocol,10,13,76.92
b0abaf0e9e36f11e,org/wikipedia/theme/Theme,10,21,47.62
b75a1dc87d73fd4e,androidx/fragment/app/strictmode/FragmentStrictMode$Flag,10,12,83.33
a74d9f5575d78ca7,retrofit2/RequestBuilder,10,108,9.26
0cde503780c74cf9,androidx/core/graphics/drawable/DrawableCompat,10,117,8.55
6389b5f4d5ea47cb,kotlinx/serialization/internal/MapLikeDescriptor,10,46,21.74
ac68075fc9b2214d,androidx/appcompat/widget/AppCompatDrawableManager$1,10,152,6.58
53385234f42bf904,com/google/android/datatransport/runtime/scheduling/jobscheduling/AutoValue_SchedulerConfig_ConfigValue$Builder,10,20,50.0
83d4dcd30dca6773,androidx/recyclerview/widget/RecyclerView$LayoutManager$1,10,10,100.0
23335712041bad6f,kotlinx/serialization/internal/StringSerializer,10,10,100.0
1a723ce2dabc5179,curtains/internal/WindowSpy$windowField$2,10,15,66.67
f6bd0e7c3b342e10,kotlinx/coroutines/scheduling/TasksKt,10,14,71.43
8ce0830656977d8a,okhttp3/ResponseBody$Companion,10,41,24.39
ff83e1d82f9c057f,kotlin/collections/EmptyList,10,50,20.0
2f7d03985db2683a,okio/Utf8,10,347,2.88
c04f1555728ca9b9,org/wikipedia/databinding/FragmentOnboardingPagerBinding,10,21,47.62
0ebaff731a38f4d8,kotlin/coroutines/jvm/internal/BaseContinuationImpl,10,27,37.04
9c6d9936660e1aac,kotlin/coroutines/CoroutineContext$plus$1,10,12,83.33
13cb13781c0bd435,kotlinx/serialization/SerializersKt__SerializersJvmKt,10,111,9.01
fdb17b6c12d8bc0b,io/reactivex/rxjava3/internal/schedulers/SingleScheduler,10,46,21.74
c62d3b30966ab208,org/wikipedia/readinglist/ReadingListsShareSurveyHelper,9,85,10.59
5a1e0485ba5d4bbe,okio/AsyncTimeout$Watchdog,9,14,64.29
76f8013e202c8c9a,com/google/android/datatransport/runtime/scheduling/persistence/EventStoreConfig,9,15,60.0
9f096ece2e73d4f4,org/wikipedia/onboarding/InitialOnboardingFragment$ItemFragment,9,9,100.0
3a269337e93d47ea,kotlin/ranges/IntProgression,9,33,27.27
0bea667138975a1a,com/google/firebase/components/CycleDetector$Dep,9,13,69.23
89789633fed24d75,androidx/fragment/app/strictmode/FragmentStrictMode$Policy,9,14,64.29
41dc88edea6cd4df,retrofit2/adapter/rxjava3/BodyObservable$BodyObserver,9,22,40.91
c84f80803783f90e,leakcanary/AndroidLeakFixes$IMM_CUR_ROOT_VIEW,9,29,31.03
2fb114ca0a2f054e,curtains/internal/WindowCallbackWrapper$Companion$jetpackWrappedField$2,9,11,81.82
b6d52953126b03aa,org/wikipedia/util/DeviceUtil,9,73,12.33
9c4ef7b8418d841a,androidx/lifecycle/Lifecycle$Event$WhenMappings,9,16,56.25
e250d4a054d484df,org/wikipedia/analytics/eventplatform/EventPlatformClient$OutputBuffer,9,50,18.0
936e473e920ac931,org/wikipedia/auth/AccountUtil,9,130,6.92
244f8932b2399948,androidx/activity/contextaware/ContextAwareHelper,9,14,64.29
054467a83e991a29,androidx/profileinstaller/ProfileVerifier,9,69,13.04
5808e4c040c76e00,androidx/lifecycle/ProcessLifecycleOwner$attach$1,9,13,69.23
4bab694cc3ca39fa,kotlin/ranges/RangesKt___RangesKt,9,518,1.74
a108fef391c9cd05,leakcanary/internal/activity/db/Io$execute$2,9,12,75.0
5cdaf5d8188a49da,okio/Okio,9,24,37.5
ef79bf99c7be1761,leakcanary/internal/InternalLeakCanary$invoke$2$1,9,12,75.0
780df840693f686e,okhttp3/internal/platform/android/AndroidCertificateChainCleaner,9,17,52.94
7a2031bbf062bb13,androidx/lifecycle/Lifecycling,9,95,9.47
86db5c353b96fae8,kotlinx/coroutines/internal/DispatchedContinuationKt,9,138,6.52
33066e5e3e0e486b,androidx/lifecycle/DefaultLifecycleObserverAdapter$WhenMappings,9,16,56.25
a9478d15f673c535,org/wikipedia/language/AcceptLanguageUtil,9,11,81.82
02f727dea87d51e3,com/google/android/datatransport/cct/StringMerger,9,13,69.23
89a4b264ca7b5a56,com/google/firebase/components/CycleDetector$ComponentNode,9,10,90.0
fb6580306e3a3a10,org/wikipedia/util/log/L,9,42,21.43
f6d1c303d217cf55,leakcanary/AndroidLeakFixes$IMM_CUR_ROOT_VIEW$apply$1,9,34,26.47
60bc7614fbad3efc,io/reactivex/rxjava3/internal/schedulers/RxThreadFactory,9,11,81.82
02c5e9a5542dabed,leakcanary/ActivityWatcher$lifecycleCallbacks$1,9,14,64.29
c2637ee4c0d7c5b4,kotlin/internal/jdk8/JDK8PlatformImplementations$ReflectSdkVersion,9,14,64.29
15683ee012fe1258,okhttp3/RequestBody$Companion,9,50,18.0
29668fb4024e0d70,androidx/lifecycle/viewmodel/InitializerViewModelFactory,9,14,64.29
cc89e4f7e8b5e976,kotlin/collections/ArraysKt___ArraysJvmKt,9,1151,0.78
4dc5f18fff47c93f,androidx/transition/ChangeBounds,9,146,6.16
726dc193703f9c1b,com/google/android/gms/common/util/Hex,9,24,37.5
7f43f79e16901e75,kotlinx/coroutines/internal/LockFreeTaskQueue,9,31,29.03
d34c5dba733dabbe,com/google/android/gms/common/internal/Preconditions,9,49,18.37
aeb5af1f0379eead,com/google/firebase/components/ComponentRuntime$Builder,9,9,100.0
ca779aa072faa80c,org/wikipedia/util/ResourceUtil,9,34,26.47
a0300d87065674f0,com/google/firebase/installations/CrossProcessLock,9,21,42.86
a6d495113c041298,org/wikipedia/push/WikipediaFirebaseMessagingService,9,16,56.25
87236abbbcf2598c,leakcanary/ServiceWatcher$install$3$2,9,12,75.0
f4bded35baaa4f8d,com/google/firebase/messaging/RequestDeduplicator,9,17,52.94
15fe49751b577d86,retrofit2/adapter/rxjava3/RxJava3CallAdapterFactory,9,33,27.27
e4dd8bb2db879158,androidx/sqlite/db/framework/FrameworkSQLiteOpenHelper$OpenHelper$Companion,9,10,90.0
3cf44d27b5c36e60,okhttp3/internal/platform/android/CloseGuard$Companion,9,10,90.0
7d7538224157beb0,org/wikipedia/databinding/ActivityMainBinding,9,17,52.94
5c292a1a9a8f1588,org/wikipedia/views/GoneIfEmptyTextView,9,12,75.0
927223a13c3f0de4,leakcanary/AndroidLeakFixes$Companion$onActivityDestroyed$1,9,12,75.0
4b59b72ffe43c5e9,com/google/firebase/platforminfo/GlobalLibraryVersionRegistrar,9,16,56.25
c4479396b204a9d4,androidx/arch/core/internal/FastSafeIterableMap,9,11,81.82
2abcdec61df36e2a,kotlin/collections/EmptyMap,9,31,29.03
4c931d2836f36b3f,io/reactivex/rxjava3/internal/util/OpenHashSet,9,48,18.75
f84489e2e2a9a80d,androidx/appcompat/app/AppCompatDelegateImpl$AppCompatWindowCallback,8,81,9.88
66070d0314619e9b,kotlinx/coroutines/internal/SystemPropsKt,8,8,100.0
a7d686bd965ca02d,androidx/fragment/app/FragmentHostCallback,8,28,28.57
466c0598cd4e16b4,okio/_UtilKt,8,76,10.53
7a9d31bd9e710192,leakcanary/internal/activity/db/Io,8,10,80.0
74d0b7ccf6a498db,org/wikipedia/util/FeedbackUtil,8,170,4.71
0f618354ab4fe01d,androidx/sqlite/db/SimpleSQLiteQuery,8,12,66.67
b30698469f1d5cbc,com/google/firebase/components/Lazy,8,14,57.14
e5ecc7149f6fe507,androidx/core/view/ViewCompat$Api16Impl,8,20,40.0
fe2e14c425545d6b,leakcanary/AndroidLeakFixes,8,9,88.89
843693fc02557de0,androidx/emoji2/text/EmojiCompat$ListenerDispatcher,8,14,57.14
241055e2afe76695,kotlin/coroutines/intrinsics/IntrinsicsKt__IntrinsicsJvmKt,8,38,21.05
eecb3d083bc608fd,org/wikipedia/onboarding/InitialOnboardingFragment,8,36,22.22
ab91458839655313,androidx/core/app/NotificationChannelCompat$Builder,8,20,40.0
b39ccf1d6c5f3665,androidx/activity/OnBackPressedDispatcher$LifecycleOnBackPressedCancellable,8,16,50.0
b3d989353b7d73ac,kotlinx/serialization/internal/CollectionSerializer,8,8,100.0
da56ee6a16967021,kotlinx/serialization/internal/PrimitiveSerialDescriptor,8,24,33.33
0e79d83aacdeb43f,androidx/constraintlayout/core/widgets/analyzer/DependencyGraph,8,669,1.2
27623c318ce9bb9d,leakcanary/internal/LeakCanaryDelegate$loadLeakCanary$2,8,10,80.0
b0bc27ff13c81d57,okhttp3/internal/http/RequestLine,8,22,36.36
8c407c35d459401b,shark/ObjectInspectors,8,10,80.0
5c72a01da323c25d,org/wikipedia/database/AppDatabase$Companion$instance$2,8,8,100.0
35321f452792a31e,kotlin/internal/ProgressionUtilKt,8,22,36.36
e6112cff5408f230,okhttp3/internal/platform/android/AndroidCertificateChainCleaner$Companion,8,10,80.0
22028160f637521f,androidx/activity/ComponentActivity$3,8,10,80.0
e57f51f62e27cb15,leakcanary/AndroidLeakFixes$FLUSH_HANDLER_THREADS$apply$flushNewHandlerThread$1$run$1$3,8,17,47.06
ae55411b05829c86,leakcanary/internal/activity/db/LeaksDbHelper,8,85,9.41
d30a98c19375d643,androidx/core/view/ViewCompat$AccessibilityPaneVisibilityManager,8,38,21.05
1b048e357935a974,kotlinx/serialization/json/internal/ArrayPoolsKt,8,12,66.67
e7201ca5bbdfdea0,kotlinx/coroutines/internal/ResizableAtomicArray,8,14,57.14
79099ce8f54af35e,okhttp3/TlsVersion,8,12,66.67
347eb23e4bb93879,androidx/lifecycle/ViewModelStore,8,14,57.14
6e68955c4f5d0dec,org/wikipedia/views/AppTextView,8,26,30.77
c049042d4b73a095,kotlinx/serialization/descriptors/SerialDescriptorKt$elementDescriptors$1$1,8,9,88.89
09eb2003f749d363,okhttp3/Handshake,8,66,12.12
dc73069f6794fb4e,androidx/work/impl/WorkDatabasePathHelper,8,47,17.02
bdedc3d5da06e3a7,org/wikipedia/theme/Theme$Companion,8,11,72.73
51de082f7901424f,org/wikipedia/dataclient/ServiceFactory$LanguageVariantHeaderInterceptor,8,9,88.89
a4f41a332652c0b0,io/reactivex/rxjava3/internal/schedulers/IoScheduler$EventLoopWorker,8,14,57.14
d1894558eb0e7c59,shark/AndroidReferenceMatchers$INPUT_METHOD_MANAGER_IS_TERRIBLE,8,8,100.0
032d540a409397b2,okhttp3/Route,8,28,28.57
bdf0199154eb82ca,kotlin/jvm/internal/TypeIntrinsics,8,209,3.83
dbf429237c0f7f5a,org/wikipedia/views/NotificationButtonView,8,18,44.44
eae45a54c09ee229,androidx/lifecycle/ProcessLifecycleInitializer,8,10,80.0
7eff7ba1c9f64fc0,androidx/lifecycle/LifecycleRegistry$Companion,8,10,80.0
b67c12e0a03ff90b,kotlin/collections/builders/MapBuilder$Companion,8,8,100.0
6f41c47b7a87e9f4,androidx/lifecycle/LifecycleRegistry$ObserverWithState,8,11,72.73
2609733a2e42c26f,kotlin/text/Charsets,8,20,40.0
ef1483f660fea7fc,kotlin/SafePublicationLazyImpl,8,18,44.44
a47b31e81fcaa8d6,org/wikipedia/analytics/eventplatform/MobileAppsEvent,8,19,42.11
1e083f2c2808e017,androidx/work/impl/Processor,8,168,4.76
bb28778dd778f967,androidx/recyclerview/widget/OrientationHelper,8,13,61.54
ee66ab4f3fb04b6e,leakcanary/RootViewWatcher$listener$1,8,20,40.0
1c2edb69e6c0a38b,org/wikipedia/language/AppLanguageLookUpTable$bcp47codes$2,8,8,100.0
6746f128cb24ad9c,org/wikipedia/util/log/L$LogLevel,8,9,88.89
716f3ede1e843283,okio/AsyncTimeout$source$1,8,39,20.51
7f3ffd75162e0499,com/google/android/material/animation/AnimationUtils,8,11,72.73
9f93d05373bd96c5,org/wikipedia/dataclient/mwapi/MwStreamConfigsResponse,8,18,44.44
ef056f3635a58c6b,org/wikipedia/richtext/CustomHtmlParser$Companion,8,45,17.78
79d29c977933f8db,androidx/work/impl/utils/PackageManagerHelper,8,23,34.78
3e0c32d82cb4a084,org/wikipedia/analytics/eventplatform/DailyStatsEvent$Companion,8,11,72.73
b541709447d7f050,okhttp3/Cache$RealCacheRequest,8,19,42.11
a61e3bed1eb63ae0,curtains/internal/WindowManagerSpy$windowManagerClass$2,8,11,72.73
ce86a715c76906f7,androidx/appcompat/widget/AppCompatEmojiTextHelper,8,14,57.14
74b437545d629238,androidx/recyclerview/widget/RecyclerView$State,8,31,25.81
c6c386e1d449cd8c,androidx/core/view/ViewCompat$Api21Impl,8,40,20.0
a6585152d785624f,com/google/firebase/installations/FirebaseInstallations$3,8,13,61.54
26a358d08e138b30,okhttp3/internal/cache/CacheStrategy$Factory,8,119,6.72
fc040d4f1c228361,androidx/coordinatorlayout/widget/CoordinatorLayout$SavedState,8,20,40.0
640ab21f53e62727,androidx/core/os/BuildCompat,8,67,11.94
3692af8e8dce0175,curtains/internal/WindowSpy$decorViewClass$2,8,13,61.54
0c7b632ae3d43cac,leakcanary/internal/activity/db/LeakTable,8,114,7.02
871379d9b9e8eaf9,org/wikipedia/appshortcuts/AppShortcuts$Companion$setShortcuts$2,8,12,66.67
99ec978c471a7edc,okhttp3/Cache$RealCacheRequest$1,8,10,80.0
d93030d59c84d428,androidx/lifecycle/viewmodel/MutableCreationExtras,8,11,72.73
7065d00f1825afd8,androidx/lifecycle/DefaultLifecycleObserverAdapter,8,14,57.14
2ad29c81d93b7133,androidx/recyclerview/widget/RecyclerView$LayoutParams,7,19,36.84
034455f0ea87a9d7,com/google/android/gms/cloudmessaging/zzr,7,8,87.5
e4a0c18730b25b60,org/wikipedia/analytics/SessionData$$serializer,7,29,24.14
511c0eba61482ef1,org/wikipedia/analytics/eventplatform/Event,7,25,28.0
4f42db3eb8cdbd0b,org/wikipedia/dataclient/okhttp/DefaultMaxStaleRequestInterceptor,7,14,50.0
4f9ddd5d09560137,androidx/lifecycle/viewmodel/InitializerViewModelFactoryBuilder,7,7,100.0
20dab2a1bd349a4d,curtains/WindowsKt,7,39,17.95
c4dad25c28dd0487,leakcanary/internal/LeakCanaryFileProvider$SimplePathStrategy,7,63,11.11
385cf1006141893d,androidx/recyclerview/widget/ViewInfoStore,7,85,8.24
c043e3da66d4a1b6,androidx/core/os/BundleKt,7,58,12.07
13cfd4025a862b83,androidx/core/view/ViewGroupKt$iterator$1,7,9,77.78
c918e4deae54c6b9,com/google/android/gms/tasks/zzn,7,16,43.75
dbb8defb2ef1fb23,okhttp3/internal/http/StatusLine,7,9,77.78
5dd9e0bdb2f6e598,androidx/emoji2/viewsintegration/EmojiTextViewHelper$SkippingHelper19,7,18,38.89
01e6671c2532aec7,com/google/firebase/messaging/Store$Token,7,24,29.17
eaa8e49690965cca,curtains/internal/RootViewsSpy,7,11,63.64
ec8c856336997f2d,kotlin/KotlinVersion,7,44,15.91
3914d317abd8569b,androidx/emoji2/viewsintegration/EmojiInputFilter,7,34,20.59
8526e4fa58b06d6b,androidx/lifecycle/Lifecycle$Event$Companion$WhenMappings,7,12,58.33
53d22d8b063064a8,retrofit2/adapter/rxjava3/RxJava3CallAdapter,7,21,33.33
0a3532139f51c0a0,kotlin/LazyKt__LazyJVMKt,7,11,63.64
6e5f05cfec209d8c,androidx/recyclerview/widget/LinearLayoutManager$AnchorInfo,7,46,15.22
c74d7ede71dbebc4,com/google/android/gms/tasks/zzj,7,15,46.67
f1b3dc2f047e84ee,org/wikipedia/analytics/InstallReferrerListener$Companion,7,9,77.78
2e4244fea5663be3,com/google/android/datatransport/runtime/AutoValue_TransportContext$Builder,7,17,41.18
ddfab8c829a3e493,curtains/internal/WindowManagerSpy$mViewsField$2,7,8,87.5
2dd5d2a742c1a694,org/wikipedia/json/JsonUtil$json$1,7,7,100.0
07bf0eeaf83ed027,kotlinx/serialization/encoding/Encoder$DefaultImpls,7,13,53.85
c76a17886452b6ef,androidx/recyclerview/widget/LinearLayoutManager$LayoutState,7,38,18.42
d0dffb2252864c87,com/google/android/gms/common/wrappers/Wrappers,7,8,87.5
58a506c0e85078c2,org/wikipedia/WikipediaApp$userAgent$2,7,8,87.5
4aa7c900a7d14ad2,io/reactivex/rxjava3/internal/operators/completable/CompletableFromAction,7,15,46.67
eb19f6382e2098eb,androidx/work/WorkManagerInitializer,7,7,100.0
650ead4f748620ec,org/wikipedia/dataclient/SharedPreferenceCookieManager$Companion,7,12,58.33
e0e4d6a60b1a5ac2,com/jakewharton/retrofit2/converter/kotlinx/serialization/Serializer$FromString,7,10,70.0
b32a0b9cbcbb31d2,androidx/constraintlayout/core/SolverVariable,7,72,9.72
c14d2166f832140c,kotlinx/coroutines/internal/ThreadContextKt,7,17,41.18
a57339fcc518d3e8,androidx/work/impl/utils/PreferenceUtils,7,47,14.89
9b04b43349bc84d6,com/google/firebase/installations/remote/AutoValue_InstallationResponse$Builder,7,14,50.0
0c7b206133be574b,leakcanary/ServiceWatcher$install$4,7,7,100.0
80b24566b15a5d7d,androidx/core/util/Pools$SimplePool,7,13,53.85
d8f83e624487e7ca,leakcanary/AndroidLeakFixes$TEXT_LINE_POOL$apply$1,7,19,36.84
39188882d94b48bf,androidx/appcompat/widget/RtlSpacingHelper,7,36,19.44
41fb1c36701f8447,kotlin/collections/EmptySet,7,28,25.0
be61e6971e115e02,com/google/mlkit/common/internal/MlKitInitProvider,7,14,50.0
0e9d931074ad2795,com/google/firebase/installations/local/PersistedInstallation$RegistrationStatus,7,8,87.5
6198ca2268f229be,com/google/android/gms/internal/mlkit_language_id_common/zzu,7,72,9.72
c90d544656af77f5,leakcanary/internal/VisibilityTrackerKt,7,7,100.0
f24645e508aca678,io/reactivex/rxjava3/android/schedulers/AndroidSchedulers,7,19,36.84
ff70b1424b68dbe1,org/wikipedia/database/AppDatabase$Companion,7,7,100.0
9439800177a926b9,androidx/recyclerview/widget/LinearLayoutManager$SavedState,7,19,36.84
6a61b1f291b3ce19,androidx/work/impl/background/greedy/GreedyScheduler,7,104,6.73
328ae926d3c3fa50,androidx/recyclerview/widget/PagerSnapHelper,7,93,7.53
259d2bd00f929596,androidx/activity/ComponentActivity$2,7,31,22.58
493023016dbaaaa2,com/google/firebase/components/Qualified,7,15,46.67
610bad757807dedd,androidx/viewpager2/adapter/FragmentViewHolder,7,7,100.0
2c1abb5cc8f17353,retrofit2/adapter/rxjava3/CallEnqueueObservable$CallCallback,7,27,25.93
4db93c9b13ef65cc,kotlinx/coroutines/BuildersKt__Builders_commonKt,7,46,15.22
c8160359074c32ad,androidx/customview/view/AbsSavedState,7,17,41.18
f600c8976a4ce785,androidx/room/EntityInsertionAdapter,7,101,6.93
5944eb3875b1e274,com/google/android/gms/common/util/AndroidUtilsLight,7,16,43.75
a2143f629c35f9c5,kotlinx/coroutines/internal/LimitedDispatcher,7,63,11.11
ea57bbd2cae6ce6d,kotlinx/serialization/internal/SerialDescriptorForNullable,7,23,30.43
d73574fb9d4ac96e,kotlinx/coroutines/intrinsics/CancellableKt,7,32,21.88
adc284b458f6f32e,kotlinx/serialization/json/JsonKt,7,12,58.33
d8d09ebf8a4f3e73,androidx/sqlite/db/framework/FrameworkSQLiteDatabase$query$cursorFactory$1,7,7,100.0
24bf99916b46a5c3,curtains/internal/WindowCallbackWrapper,7,46,15.22
1f8712d3b4366d99,kotlinx/coroutines/EventLoop,7,55,12.73
70812e98cce7524e,kotlinx/coroutines/DefaultExecutor,7,126,5.56
14e5e801e428911b,okio/ForwardingSource,7,9,77.78
3a233e2fdf963e97,kotlinx/serialization/json/internal/WriteMode,7,8,87.5
647877aa9fbf0788,leakcanary/internal/activity/db/Db,7,8,87.5
5576d3e78fb60fac,retrofit2/adapter/rxjava3/CallEnqueueObservable,7,8,87.5
06303195799ebf71,kotlinx/coroutines/scheduling/CoroutineScheduler$WorkerState,7,9,77.78
5187278acd6d6e09,com/google/firebase/messaging/FcmExecutors,7,11,63.64
ccc7fe333cb2dd77,androidx/core/app/ComponentActivity,7,50,14.0
c6f0c71fdf53ac93,okhttp3/internal/http/HttpHeaders,7,111,6.31
172ef3c21d6cbbad,com/google/firebase/messaging/FirebaseMessagingService,7,73,9.59
bf3e1b68cd3ce511,com/google/android/datatransport/runtime/scheduling/jobscheduling/SchedulerConfig$Builder,7,11,63.64
8687f0148e9bc25c,io/reactivex/rxjava3/internal/schedulers/NewThreadScheduler,6,7,85.71
93bd6c2f06bb1e2a,kotlinx/coroutines/CoroutineStart$WhenMappings,6,10,60.0
a19512a5ebf060ec,org/wikipedia/analytics/eventplatform/BreadCrumbLogEvent$Companion,6,44,13.64
71627fe4aef0efb9,androidx/transition/AutoTransition,6,8,75.0
5a4d03ef65ce3fa3,androidx/viewpager2/widget/ViewPager2$SavedState,6,13,46.15
ed3f2d55e6793d51,kotlin/coroutines/AbstractCoroutineContextElement,6,7,85.71
4109fec8e074df91,androidx/core/content/res/ResourcesCompat$ColorStateListCacheKey,6,13,46.15
9a23b0894d8c8e7d,kotlin/LazyThreadSafetyMode,6,7,85.71
fa5c50db175012ba,androidx/room/RoomMasterTable,6,6,100.0
8bf178ffa8bc43f0,com/google/android/datatransport/runtime/DaggerTransportRuntimeComponent$Builder,6,6,100.0
b540adf94e0ef5a9,kotlin/UnsafeLazyImpl,6,13,46.15
296073d9e69a67d6,org/wikipedia/util/DimenUtil,6,52,11.54
f4c80b1615323412,com/google/firebase/platforminfo/LibraryVersionComponent,6,7,85.71
c47fc3ed50dd54dd,kotlin/jvm/internal/ArrayIterator,6,9,66.67
374aec2160c3f04e,org/wikipedia/analytics/eventplatform/EventPlatformClient$SamplingController,6,34,17.65
580bf71d2478079f,leakcanary/AndroidLeakFixes$USER_MANAGER,6,13,46.15
d06c0512acd4ca7e,com/google/android/gms/internal/mlkit_language_id_common/zzy,6,9,66.67
5942d8a60273ff67,curtains/internal/WindowCallbackWrapper$Companion$jetpackWrapperClass$2,6,11,54.55
c37869796f9822e2,io/reactivex/rxjava3/internal/operators/observable/ObservableSubscribeOn$SubscribeOnObserver,6,10,60.0
51daf982a3e27c3d,kotlin/ranges/IntProgressionIterator,6,14,42.86
5eca0ee593d85a04,androidx/core/view/WindowInsetsControllerCompat$Impl20,6,58,10.34
c274aa55a6490a2c,androidx/core/view/ViewCompat$Api17Impl,6,12,50.0
9b1860c02138c690,androidx/core/util/SparseArrayKt$valueIterator$1,6,9,66.67
39da8865478d7a9f,kotlin/collections/CollectionsKt__CollectionsJVMKt,6,42,14.29
f419aeec6620031f,com/google/android/gms/cloudmessaging/zzp,6,16,37.5
efa6e0a82561efa3,androidx/appcompat/app/AppCompatActivity$2,6,6,100.0
d841e2235c70f23a,okhttp3/ConnectionPool,6,9,66.67
5ac38c498b64020b,io/reactivex/rxjava3/internal/schedulers/SchedulerPoolFactory,6,13,46.15
0a3b83793bb4db62,androidx/appcompat/widget/Toolbar$SavedState,6,13,46.15
5a33ddfd996ab4f6,androidx/core/view/WindowInsetsControllerCompat$Impl23,6,10,60.0
cfb1525c799297bf,com/google/android/gms/cloudmessaging/zzj,6,14,42.86
1228a9a8b477c6b3,androidx/fragment/app/FragmentStateManager$2,6,10,60.0
0b21360d179f5b99,org/wikipedia/dataclient/okhttp/OfflineCacheInterceptor$Companion,6,13,46.15
76f3a7c2d1ab9455,org/wikipedia/databinding/ViewNotificationButtonBinding,6,13,46.15
8493280fa3dd5da0,androidx/recyclerview/widget/GapWorker,6,115,5.22
0d561f508451e27a,org/wikipedia/dataclient/ServiceFactory$special$$inlined$lruCache$default$1,6,7,85.71
4481f6fb851e43df,okio/ForwardingSink,6,10,60.0
87a23847c834fe8f,androidx/activity/OnBackPressedCallback,6,14,42.86
7b75be34632f6dd5,androidx/appcompat/widget/VectorEnabledTintResources,6,56,10.71
dced38e7c587be67,io/reactivex/rxjava3/internal/schedulers/ComputationScheduler$FixedSchedulerPool,6,21,28.57
a3213bc126830d2d,kotlinx/coroutines/JobImpl,6,21,28.57
09d87300823fd40a,kotlinx/serialization/json/internal/StreamingJsonDecoder$WhenMappings,6,10,60.0
a5c0028e9b3049e9,androidx/work/impl/constraints/trackers/ConstraintTracker,6,45,13.33
88f1e6f74f842b7e,com/google/android/gms/internal/mlkit_language_id_common/zzq,6,25,24.0
b1d7136aa6c98468,androidx/constraintlayout/core/SolverVariable$Type,6,8,75.0
677e8c9c4b96f01b,okhttp3/internal/http/RealResponseBody,6,7,85.71
b1530804807ec088,kotlin/collections/CollectionsKt__MutableCollectionsKt,6,134,4.48
1323b0644cd39780,leakcanary/internal/InternalLeakCanary$isInstantApp$2,6,8,75.0
95fac266d5e67f3f,com/google/android/gms/internal/mlkit_common/zzaj,6,25,24.0
792bc007d2704e34,com/google/android/gms/internal/mlkit_language_id_bundled/zbg,6,24,25.0
0e08b0537c28b1da,androidx/lifecycle/LifecycleDispatcher,6,7,85.71
13982180267b35b3,leakcanary/internal/HeapDumpControl$backgroundUpdateHandler$2,6,6,100.0
0a56ba40812f36a4,androidx/constraintlayout/widget/ConstraintLayout$1,6,10,60.0
1080c2566f039fd1,kotlinx/serialization/internal/ListLikeDescriptor,6,38,15.79
b32d284e31a7ec7c,leakcanary/AndroidLeakFixes$Companion$backgroundHandler$2,6,6,100.0
e719874ca51d3740,leakcanary/RemoteWorkManagerHeapAnalyzer$remoteLeakCanaryServiceInClasspath$2,6,7,85.71
008d568525dd67a3,androidx/work/impl/utils/taskexecutor/WorkManagerTaskExecutor,6,7,85.71
7ef8b57f26cb01e7,kotlinx/coroutines/Job$DefaultImpls,6,21,28.57
e94cc950c83f8e3f,com/google/firebase/installations/remote/AutoValue_TokenResult$Builder,6,16,37.5
a194206860c0ba04,io/reactivex/rxjava3/schedulers/Schedulers,6,25,24.0
4aad7b64bb4877fc,kotlin/jvm/internal/CollectionToArray,6,61,9.84
8be54e2e9314c63f,com/google/android/gms/internal/mlkit_language_id_bundled/zbk,6,9,66.67
a0b88b84320b2a17,kotlinx/coroutines/CompletionStateKt,6,26,23.08
f72133cf59fcf924,okhttp3/internal/connection/RouteDatabase,6,8,75.0
29a86df9b571b40b,okhttp3/internal/connection/RouteSelector$Selection,6,8,75.0
0041f8fa32c884a3,com/google/firebase/components/OptionalProvider,6,26,23.08
6d6122d458f1eb7b,okhttp3/logging/HttpLoggingInterceptor$Level,6,8,75.0
ca78a3ffe49cf5d7,kotlin/coroutines/ContinuationInterceptor$DefaultImpls,6,22,27.27
ff5bbc52356a8aaf,kotlinx/serialization/internal/PluginGeneratedSerialDescriptor$typeParameterDescriptors$2,6,12,50.0
aa1866f7378aeb02,com/google/android/material/internal/ParcelableSparseArray,6,17,35.29
203f0754467120d6,com/google/firebase/installations/remote/AutoValue_InstallationResponse,6,55,10.91
cb1bf37f189b88b0,okhttp3/internal/connection/ConnectInterceptor,6,6,100.0
1ffe260ad80f124d,androidx/work/impl/model/PreferenceDao_Impl$1,6,10,60.0
4d0946e47c1cd932,androidx/core/graphics/TypefaceCompat,6,90,6.67
0b5bb7506f741842,com/google/android/gms/internal/mlkit_common/zzas,6,9,66.67
48c4a6821def9081,com/google/firebase/platforminfo/AutoValue_LibraryVersion,6,20,30.0
ad4dbf1cba2673ab,androidx/core/util/Pools$SynchronizedPool,6,8,75.0
79a3f0d92f45ca5a,okhttp3/internal/cache/CacheStrategy$Companion,6,18,33.33
1fda460ed37cfec2,com/google/android/gms/cloudmessaging/zzn,6,19,31.58
932b9eeabdf385be,androidx/emoji2/text/ConcurrencyHelpers,6,10,60.0
d51eaaab150b887f,com/google/firebase/tracing/FirebaseTrace,6,9,66.67
64ca3641e8b7f3a2,androidx/sqlite/db/SupportSQLiteCompat$Api16Impl,6,17,35.29
ce2868f27ff64172,okhttp3/internal/platform/android/CloseGuard,6,15,40.0
1cf6ed7b8fa08434,androidx/emoji2/viewsintegration/EmojiTextViewHelper,6,14,42.86
fecc05ae3fb10941,retrofit2/Retrofit$1,6,11,54.55
afb13a6f10268f8e,org/wikipedia/activity/FragmentUtil,6,16,37.5
8c9da6b35a3ac0b1,com/google/firebase/messaging/threads/PoolableExecutors$DefaultExecutorFactory,6,19,31.58
9a82801ba2a347a9,kotlin/sequences/SequencesKt__SequencesKt,6,49,12.24
5639e13c17190552,kotlin/sequences/DropSequence,6,18,33.33
83aee87148d801fd,androidx/collection/MapCollections$ArrayIterator,6,11,54.55
89c610bc4f3f31e1,androidx/appcompat/widget/TintContextWrapper,6,54,11.11
03c006a606a6c07d,com/google/firebase/installations/time/SystemClock,6,6,100.0
8c38f3074cca6db1,com/google/android/gms/cloudmessaging/zzt,6,35,17.14
d72e3fa29d3248cc,androidx/appcompat/widget/DrawableUtils,6,60,10.0
07d93b9474e94e18,androidx/core/view/AccessibilityDelegateCompat,6,65,9.23
a6e7d0e8a533be56,androidx/savedstate/Recreator,6,34,17.65
48429cd5864aadc0,leakcanary/LogcatSharkLog,6,13,46.15
e0e2bf496cb9226e,io/reactivex/rxjava3/core/Scheduler$DisposeTask,6,14,42.86
fe82a2caebe353cc,androidx/core/os/CancellationSignal,6,49,12.24
744fee1175d51b08,com/google/android/gms/common/internal/StringResourceValueReader,6,6,100.0
200ce1abc1c7b6f0,curtains/internal/WindowManagerSpy$windowManagerInstance$2,6,8,75.0
3d7a85383ba753b4,org/wikipedia/databinding/ViewNotificationDotBinding,6,13,46.15
a1b7b6fbba20ad6b,leakcanary/internal/activity/db/HeapAnalysisTable,6,224,2.68
d66added7e137747,com/google/android/material/drawable/DrawableUtils,6,97,6.19
3ab0e7b79a0e8c55,androidx/lifecycle/EmptyActivityLifecycleCallbacks,6,8,75.0
fe729c61eeaaf549,org/wikipedia/dataclient/mwapi/MwResponse,6,58,10.34
4b3d6e6820237e30,androidx/fragment/app/Fragment$6,5,6,83.33
50e813d3979bfd65,com/google/android/datatransport/runtime/time/TimeModule_UptimeClockFactory,5,5,100.0
88db10c923cf0c3c,com/google/android/material/badge/BadgeUtils,5,71,7.04
d04e3ab23a51f390,org/wikipedia/views/ImageZoomHelper,5,184,2.72
09cdc5d65d67ff9c,com/google/android/datatransport/runtime/scheduling/persistence/EventStoreModule_DbNameFactory,5,5,100.0
1b0f6c72af9d84b6,com/google/android/datatransport/runtime/scheduling/SchedulingConfigModule_ConfigFactory,5,5,100.0
d3a5f00c05f2a12f,androidx/sqlite/db/framework/FrameworkSQLiteProgram,5,11,45.45
5bcd4d5fc05cef1f,leakcanary/internal/InternalLeakCanary$invoke$1,5,5,100.0
ff240114ecfffb25,leakcanary/internal/PlumberInstaller,5,12,41.67
4be834c7b36a838d,shark/AndroidReferenceMatchers,5,14,35.71
04ae3784555946e0,leakcanary/internal/InternalLeakCanary$isDebuggableBuild$2,5,6,83.33
c8b1f2242c8cbed3,io/reactivex/rxjava3/internal/operators/completable/CompletableSubscribeOn$SubscribeOnObserver,5,9,55.56
7bae7f13264b2fcd,leakcanary/internal/ViewModelClearedWatcher$Companion,5,5,100.0
36dd57c8a692b69a,androidx/work/Logger$LogcatLogger,5,41,12.2
01bedfd2f6ce786d,com/jakewharton/retrofit2/converter/kotlinx/serialization/Factory,5,8,62.5
937f87ab184ed64f,org/wikipedia/concurrency/RxBus,5,7,71.43
9332226185282e67,kotlin/Result,5,31,16.13
a3c942b39c1766e6,androidx/transition/TransitionManager,5,96,5.21
9ac0380208efbd6e,com/google/firebase/concurrent/SequentialExecutor$WorkerRunningState,5,7,71.43
c27e1752915f2ca1,com/google/android/material/shape/MaterialShapeDrawable$MaterialShapeDrawableState,5,8,62.5
7d42a727a12f3754,androidx/appcompat/widget/ResourceManagerInternal$ColorFilterLruCache,5,5,100.0
22119304cb98ec5e,kotlin/collections/builders/SetBuilder,5,28,17.86
f746c2b924b5d94b,leakcanary/WorkManagerHeapAnalyzer,5,23,21.74
3fa8d0a324e0d894,com/google/mlkit/common/sdkinternal/SharedPrefManager,5,105,4.76
c6f09d01164f089a,com/google/android/gms/internal/mlkit_common/zzan,5,71,7.04
9eecf54e794d0efe,androidx/arch/core/executor/DefaultTaskExecutor,5,27,18.52
1a4f38473bf52ddd,kotlinx/coroutines/internal/LockFreeTaskQueueCore$Companion,5,10,50.0
237d48aed9f7f10c,kotlin/jvm/internal/ClassReference$Companion,5,45,11.11
7672bb14957bb460,com/google/android/datatransport/runtime/scheduling/persistence/SchemaManager_Factory,5,5,100.0
96307e2c5c0377d5,com/google/firebase/components/ComponentContainer,5,8,62.5
ca2f8087f4b1dc11,com/jakewharton/retrofit2/converter/kotlinx/serialization/DeserializationStrategyConverter,5,5,100.0
844d8bba4c8d81d2,androidx/lifecycle/ProcessLifecycleOwner$initializationListener$1,5,5,100.0
c50ba5eaa1247843,leakcanary/AppWatcher$objectWatcher$2,5,7,71.43
8a08215081019a7b,okhttp3/TlsVersion$Companion,5,16,31.25
57919150b8d91b0a,com/google/android/datatransport/runtime/time/TimeModule_EventClockFactory,5,5,100.0
444d4c9435323269,com/google/android/datatransport/runtime/scheduling/SchedulingModule_WorkSchedulerFactory,5,5,100.0
4946f4898f8ac8df,kotlin/internal/PlatformImplementationsKt,5,40,12.5
347bf6a5d9f1672d,org/wikipedia/analytics/eventplatform/EventPlatformClient$refreshStreamConfigs$1,5,5,100.0
8440fe80d07662a5,com/google/android/datatransport/runtime/scheduling/persistence/EventStoreModule_SchemaVersionFactory,5,5,100.0
01d27bb5dc0e3327,okhttp3/internal/platform/AndroidPlatform$Companion,5,6,83.33
2bea69c117113970,com/google/android/datatransport/runtime/backends/CreationContextFactory_Factory,5,5,100.0
317da42a2a388115,okhttp3/internal/http/DatesKt$STANDARD_DATE_FORMAT$1,5,5,100.0
8987ea830bcf3baa,curtains/internal/RootViewsSpy$Companion$install$1$1,5,5,100.0
158711b079921062,androidx/core/app/PendingIntentCompat,5,29,17.24
c65bb3a8e0b3fb3d,androidx/core/content/res/ResourcesCompat$FontCallback,5,8,62.5
3c06e733ce255c22,com/google/android/datatransport/runtime/scheduling/DefaultScheduler_Factory,5,5,100.0
7863099849de5e66,androidx/viewbinding/ViewBindings,5,8,62.5
2c334132f04ef572,com/google/android/gms/common/util/PlatformVersion,5,42,11.9
16b263314cf45367,kotlin/sequences/ConstrainedOnceSequence,5,6,83.33
70b9358a0686f809,kotlinx/coroutines/scheduling/DefaultIoScheduler,5,13,38.46
1e7f1f4573bcb573,leakcanary/AndroidLeakFixes$FLUSH_HANDLER_THREADS,5,7,71.43
c610dceac8f9ff9c,com/google/android/material/shape/MaterialShapeDrawable$1,5,5,100.0
fe778e08a439ea37,com/google/android/datatransport/runtime/backends/MetadataBackendRegistry_Factory,5,5,100.0
49cce23b8928f561,kotlin/Pair,5,22,22.73
3cfae33284282fd5,androidx/lifecycle/SavedStateHandleAttacher,5,9,55.56
66f4cbafc4d486df,retrofit2/OkHttpCall$ExceptionCatchingResponseBody,5,9,55.56
6162d31dc47346ea,kotlinx/serialization/json/internal/StreamingJsonEncoder$WhenMappings,5,8,62.5
acd983ad0cf31cab,retrofit2/Response,5,54,9.26
24d17ba33df045cf,shark/AndroidReferenceMatchers$CLIPBOARD_EX_MANAGER,5,5,100.0
6b66329c7232d872,com/google/android/gms/tasks/zzc,5,14,35.71
a09620a94262ac76,org/wikipedia/analytics/eventplatform/BreadCrumbLogEvent,5,11,45.45
a7d69bd5baacd050,leakcanary/ServiceWatcher$activityThreadServices$2,5,6,83.33
e98c9e295725f769,leakcanary/internal/activity/db/ScopedLeaksDb$DbOpener,5,19,26.32
3612b066149371c4,com/google/firebase/heartbeatinfo/HeartBeatInfo$HeartBeat,5,8,62.5
4b6dd984e95192e0,androidx/core/util/ObjectsCompat,5,23,21.74
dd896951654bc398,androidx/lifecycle/SavedStateHandleSupport$savedStateHandlesVM$1$1,5,5,100.0
20045794ab35798d,androidx/recyclerview/widget/OpReorderer,5,94,5.32
779d05a8607502ca,com/google/android/datatransport/runtime/scheduling/jobscheduling/Uploader_Factory,5,5,100.0
ad9193ec2aa1e405,com/google/android/gms/tasks/zzm,5,8,62.5
c005ccc27bc6c794,kotlin/comparisons/NaturalOrderComparator,5,6,83.33
e3f0cf17fdfc319b,com/google/android/gms/tasks/zze,5,14,35.71
3a885b260a6edcf0,io/reactivex/rxjava3/internal/operators/completable/CompletableSubscribeOn,5,5,100.0
e01a37a6825ee19a,androidx/coordinatorlayout/widget/DirectedAcyclicGraph,5,71,7.04
dc81554190efb292,io/reactivex/rxjava3/subjects/PublishSubject$PublishDisposable,5,18,27.78
294ebc79756a768b,androidx/core/app/NotificationChannelGroupCompat$Builder,5,5,100.0
871af0407904ee58,androidx/viewpager2/adapter/FragmentStateAdapter$3,5,6,83.33
e32844112aa95b87,org/wikipedia/databinding/ViewOnboardingLanguageListBinding,5,15,33.33
3c0b667a91a26655,okhttp3/Handshake$peerCertificates$2,5,7,71.43
c8806e9164ec6c4f,androidx/work/Configuration$1,5,6,83.33
e24d87ece48922b3,leakcanary/internal/activity/LeakActivity$Companion,5,13,38.46
d7a17fa9dbc1ac06,androidx/lifecycle/ProcessLifecycleOwner$Companion,5,6,83.33
b8022f9762634d94,com/google/mlkit/nl/languageid/bundled/internal/ThickLanguageIdRegistrar,5,5,100.0
2c4df5731bbaa564,retrofit2/RequestFactory,5,11,45.45
7c7cf39bdddbd023,okhttp3/internal/platform/Android10Platform,5,54,9.26
dda0ec2cbee3c21b,androidx/fragment/app/SpecialEffectsController$Operation$LifecycleImpact,5,6,83.33
49f101a255affa1b,okhttp3/Protocol$Companion,5,11,45.45
6ddbaf6c5185e10f,androidx/activity/OnBackPressedDispatcher$OnBackPressedCancellable,5,8,62.5
299cd3f179fb43cc,androidx/core/util/Preconditions,5,73,6.85
114c4fd579fa6de8,org/wikipedia/analytics/eventplatform/DestinationEventService,5,8,62.5
7d040675420194be,okhttp3/internal/platform/Android10Platform$Companion,5,6,83.33
2043e2dd4cd4fa9c,org/wikipedia/notifications/NotificationPollBroadcastReceiver,5,35,14.29
369554560837cdb0,okhttp3/internal/http2/Huffman$Node,5,7,71.43
a8f3dd4ff2dde2fd,leakcanary/internal/HandlersKt,5,14,35.71
435d08c45f033799,androidx/transition/TransitionValuesMaps,5,5,100.0
0bc2d852d36a7b55,com/google/android/datatransport/runtime/scheduling/persistence/SQLiteEventStore_Factory,5,5,100.0
be89372068b5d04c,com/google/android/material/button/MaterialButton$SavedState,5,13,38.46
42b2498262a4a9c6,com/google/firebase/installations/remote/TokenResult$ResponseCode,5,6,83.33
d43dc58e511ec72d,kotlinx/coroutines/internal/SystemPropsKt__SystemPropsKt,5,6,83.33
63b40aa4c48b1e2e,okhttp3/internal/platform/android/AndroidSocketAdapter$Companion,5,16,31.25
8aa18823e6a94b42,com/google/android/material/color/MaterialColors,5,67,7.46
06f266d81ba30fb9,kotlin/ranges/IntRange,5,35,14.29
4d965a20621b5368,androidx/constraintlayout/core/PriorityGoalRow,5,57,8.77
229d6d6d59d4e553,okhttp3/internal/connection/RealConnection$connectTls$1,5,5,100.0
84a3cb2ef23bdce3,com/google/android/gms/cloudmessaging/zzv,5,11,45.45
5810bfc58cff6969,com/google/android/datatransport/runtime/ExecutionModule_ExecutorFactory,5,5,100.0
bc06aa45d0ac42e5,leakcanary/internal/MainProcessAppWatcherInstaller,5,12,41.67
69c94d974af00f14,kotlinx/coroutines/CoroutineContextKt$hasCopyableElements$1,5,8,62.5
ee9c7363dab6a1a1,com/google/android/datatransport/runtime/scheduling/jobscheduling/WorkInitializer_Factory,5,5,100.0
7e79eb446780231d,androidx/core/content/pm/ShortcutInfoCompatSaver$NoopImpl,5,7,71.43
22eb3b5e4e818774,com/google/android/gms/internal/mlkit_language_id_bundled/zbj,5,68,7.35
d0c4b184f6954f58,androidx/startup/InitializationProvider,5,12,41.67
044d489e549fddde,com/google/android/datatransport/runtime/scheduling/jobscheduling/WorkInitializer,5,7,71.43
5a0c9c80f9c5704a,com/google/android/datatransport/runtime/TransportRuntime_Factory,5,5,100.0
eeff24b9012b8e69,com/google/android/datatransport/runtime/scheduling/persistence/EventStoreModule_StoreConfigFactory,5,5,100.0
3996cb46b99f2cd8,curtains/Curtains,5,8,62.5
5b4a4266a9a4b5cb,com/google/android/datatransport/Priority,5,6,83.33
a46f211e689eb55a,leakcanary/internal/activity/screen/LeaksScreen$createView$$inlined$apply$lambda$1,5,5,100.0
137b9bf5b805bf6d,com/google/android/gms/tasks/zzo,5,16,31.25
0cacc06f45a0b756,com/google/android/material/navigation/NavigationBarMenu,5,12,41.67
210dfdaa53f56070,androidx/collection/MapCollections,5,57,8.77
180549f08580028d,androidx/appcompat/app/AppCompatDelegateImpl$2,5,8,62.5
79fe1b097308a98a,com/google/android/gms/tasks/zzi,5,8,62.5
fec18ffe468b0e4d,leakcanary/internal/activity/db/Db$DbContext,5,6,83.33
3388d7c4f037bd76,kotlinx/serialization/json/internal/CharArrayPool,5,5,100.0
985365ec685bb9a0,androidx/emoji2/viewsintegration/EmojiTransformationMethod,5,15,33.33
2c15d85c17560376,androidx/recyclerview/widget/RecyclerViewAccessibilityDelegate,5,28,17.86
5f29d5c3f233c6ae,androidx/appcompat/app/ActionBar$LayoutParams,5,9,55.56
7d99a58504c6eb1e,leakcanary/AndroidLeakFixes$ACCESSIBILITY_NODE_INFO$apply$starvePool$1,5,5,100.0
a0ad934393dfd2bf,androidx/emoji2/text/EmojiCompatInitializer$LoadEmojiCompatRunnable,5,7,71.43
51fb3999cc056b22,kotlin/internal/jdk8/JDK8PlatformImplementations,5,19,26.32
84cedd2283300534,androidx/core/app/NavUtils,5,61,8.2
44b00b1c912a47a0,okhttp3/internal/platform/android/AndroidLogKt,5,7,71.43
13ce9fa750f3f0d0,kotlin/LazyKt__LazyJVMKt$WhenMappings,5,8,62.5
bd9d4c3bff62dd80,com/google/firebase/installations/remote/AutoValue_TokenResult,4,31,12.9
2eba57ebe8961926,retrofit2/BuiltInConverters,4,14,28.57
bb8b41c740779d50,shark/AndroidReferenceMatchers$SEM_CLIPBOARD_MANAGER__MCONTEXT,4,4,100.0
130ce60f63f530b1,kotlinx/serialization/descriptors/SerialKind,4,4,100.0
c620b5862d4ab52d,androidx/core/view/WindowInsetsControllerCompat,4,24,16.67
6c74cefd35d3d1a7,androidx/constraintlayout/core/Pools$SimplePool,4,18,22.22
c7fefde87524563a,org/wikipedia/dataclient/okhttp/UnsuccessfulResponseInterceptor,4,6,66.67
e27b135c929f782e,com/jakewharton/retrofit2/converter/kotlinx/serialization/Serializer,4,4,100.0
75094832716eadbf,org/wikipedia/onboarding/InitialOnboardingFragment$ItemFragment$Companion,4,4,100.0
98b47684719ce3a4,leakcanary/RemoteWorkManagerHeapAnalyzer,4,20,20.0
cfbed5e3d2c214f0,shark/AndroidReferenceMatchers$TEXT_TO_SPEECH,4,4,100.0
37659cde452f4151,leakcanary/RootViewWatcher,4,6,66.67
d5113296fadab5c9,leakcanary/ServiceWatcher$install$3,4,4,100.0
2a9be4cd4f0d7871,kotlinx/serialization/json/internal/JsonStreamsKt,4,26,15.38
7ac8e641326a9200,org/wikipedia/dataclient/okhttp/TestStubInterceptor,4,8,50.0
7fba2703ba9836c4,androidx/room/util/CursorUtil,4,86,4.65
8a7a0474b5c4ebe7,kotlinx/serialization/internal/DoubleSerializer,4,10,40.0
0e0a767c4ff88c01,androidx/lifecycle/viewmodel/ViewModelInitializer,4,4,100.0
a964500d4ec0c301,androidx/core/view/PointerIconCompat,4,11,36.36
2c0c885f4fed2acf,org/wikipedia/onboarding/InitialOnboardingFragment$OnboardingPage$Companion,4,4,100.0
05d2ab1c80560c18,androidx/core/content/FileProvider$SimplePathStrategy,4,42,9.52
cbe4acc6979ced01,androidx/sqlite/db/SupportSQLiteOpenHelper$Callback,4,73,5.48
72d9a8cba05fd3a8,com/google/android/datatransport/runtime/scheduling/jobscheduling/SchedulerConfig$Flag,4,6,66.67
f2a21d4d79ae9780,androidx/viewpager2/widget/ViewPager2$LinearLayoutManagerImpl,4,11,36.36
307a777c96351b99,com/google/firebase/StartupTime,4,4,100.0
50d8e6bee5058518,okhttp3/internal/tls/CertificateChainCleaner$Companion,4,6,66.67
1888b3e26859b327,androidx/savedstate/SavedStateRegistryController$Companion,4,4,100.0
1d775097b57836a7,org/wikipedia/JacocoInstrument/SMSInstrumentedReceiver,4,7,57.14
74292d4cd0761e73,leakcanary/AndroidLeakFixes$LAST_HOVERED_VIEW,4,7,57.14
c2d498a886e6e35a,androidx/work/impl/constraints/controllers/ConstraintController,4,50,8.0
d43e41a4678f2eba,androidx/viewpager2/widget/ViewPager2$3,4,6,66.67
6bc505d23b556491,androidx/work/impl/constraints/controllers/NetworkMeteredController,4,19,21.05
f8cb78e4532a35ff,com/google/firebase/installations/remote/InstallationResponse$ResponseCode,4,5,80.0
698d2d5265e0518c,okhttp3/internal/cache/CacheStrategy,4,4,100.0
2314c843cc8bc545,kotlin/random/Random,4,98,4.08
92861b7b02b7acfe,leakcanary/internal/AndroidXFragmentDestroyWatcher$fragmentLifecycleCallbacks$1,4,15,26.67
119cec0f6f8569b1,io/reactivex/rxjava3/internal/operators/observable/ObservableSubscribeOn,4,4,100.0
c84f346f9629b53c,shark/AndroidReferenceMatchers$MEDIA_SESSION_LEGACY_HELPER__SINSTANCE,4,4,100.0
995a2f2c10e34765,androidx/emoji2/text/EmojiCompat$CompatInternal19,4,25,16.0
4a01eae654610327,okio/Options,4,18,22.22
9171ee0edc0fec87,curtains/internal/RootViewsSpy$Companion,4,4,100.0
96b8a6d497c8a85d,okhttp3/internal/platform/android/AndroidLogHandler,4,6,66.67
8e162b193883902c,okhttp3/Dns$Companion$DnsSystem,4,7,57.14
76ec455b565dacd2,kotlin/collections/CollectionsKt___CollectionsKt$asSequence$$inlined$Sequence$1,4,4,100.0
e161f58b328c081c,org/wikipedia/views/NotificationDotView,4,10,40.0
8fa820763d8afa45,leakcanary/AndroidLeakFixes$SAMSUNG_CLIPBOARD_MANAGER,4,17,23.53
3c7b0bb99ba0c3c5,kotlinx/coroutines/JobNode,4,8,50.0
0f813456c4bb78b4,com/google/android/gms/tasks/zzd,4,5,80.0
9578fe83bb4775a8,com/google/android/datatransport/runtime/dagger/internal/InstanceFactory,4,9,44.44
3ef8802795afe5ab,androidx/work/impl/constraints/trackers/NetworkStateTracker24,4,23,17.39
cca066dd09642b6f,androidx/appcompat/widget/ThemeUtils,4,37,10.81
dd490a87e69dba8c,androidx/sqlite/db/SupportSQLiteCompat$Api19Impl,4,6,66.67
e6cb904770ce1fb9,leakcanary/internal/InternalLeakCanary$invoke$configProvider$1,4,4,100.0
25873d9c58a7e4b5,androidx/core/content/res/GrowingArrayUtils,4,48,8.33
0be8c4a84764ed8c,androidx/core/app/NotificationChannelGroupCompat,4,34,11.76
306cba00feb41af2,androidx/recyclerview/widget/RecyclerView$ViewFlinger,4,127,3.15
07a7153b304dafac,androidx/work/impl/model/Preference,4,25,16.0
90efa0e4a58d0b45,androidx/fragment/app/SpecialEffectsController$1,4,5,80.0
f37ec1f45aa63fa4,leakcanary/AndroidLeakFixes$BUBBLE_POPUP,4,7,57.14
e4884b7abc25305b,org/wikipedia/settings/RemoteConfig,4,20,20.0
8e04e34d4e6f1af0,curtains/Curtains$rootViewsSpy$2,4,4,100.0
f27420b0a2d1448a,androidx/core/view/ViewGroupKt,4,69,5.8
dacaa3dd547ae1e9,kotlinx/serialization/internal/NullableSerializer,4,21,19.05
10455e0da57cd852,androidx/activity/result/ActivityResultRegistry$LifecycleContainer,4,8,50.0
a157f776c8b0af64,com/google/firebase/components/Preconditions,4,13,30.77
ceec65d9bcb6d421,androidx/emoji2/text/DefaultGlyphChecker,4,16,25.0
d4abfc114c3389d1,kotlin/jvm/internal/Reflection,4,46,8.7
907b5bf50e48caf8,org/wikipedia/onboarding/OnboardingPageView$LanguageListAdapter$OptionsViewHolder,4,5,80.0
63650abc16187bd9,org/wikipedia/analytics/eventplatform/DailyStatsEvent,4,9,44.44
f68eca3eec726239,retrofit2/OkHttpCall$1,4,16,25.0
f0b427a541e2f26a,org/wikipedia/onboarding/InitialOnboardingActivity$Companion,4,4,100.0
75415101eb9206d2,androidx/constraintlayout/core/Cache,4,4,100.0
6ee190c281a59941,com/google/android/gms/tasks/zzp,4,7,57.14
80d8bce7cb3dd0f5,androidx/work/impl/constraints/controllers/NetworkNotRoamingController,4,19,21.05
8f3daa86e696e1d1,leakcanary/internal/InternalLeakCanary$heapDumpPrefs$2,4,4,100.0
6316fba67a03960b,kotlinx/serialization/internal/BooleanSerializer,4,10,40.0
e0a08c97243c3a95,shark/SharkLog,4,12,33.33
55c0b54f71589e86,androidx/room/InvalidationTracker$ObservedTableTracker,4,37,10.81
23db98514ba5b27c,com/google/android/material/shape/MaterialShapeDrawable$2,4,4,100.0
647cdbd7d7ed57d4,org/wikipedia/onboarding/InitialOnboardingFragment$OnboardingPagerAdapter,4,4,100.0
9fdc472ad8c61f98,androidx/emoji2/text/EmojiCompat$Config,4,28,14.29
af62e6978e35d30f,androidx/concurrent/futures/AbstractResolvableFuture$SafeAtomicHelper,4,6,66.67
bcf1b4958a496b26,androidx/core/widget/NestedScrollView$SavedState,4,8,50.0
b5381bcb3d4e8eed,leakcanary/AppWatcher$objectWatcher$3,4,4,100.0
19799a4e0e527e49,org/wikipedia/page/PageBackStackItem$$serializer,4,20,20.0
ef5f4d7e7b3b191f,androidx/core/graphics/drawable/IconCompat$Api23Impl,4,87,4.6
7c90639f29bc4622,leakcanary/ActivityWatcher,4,6,66.67
9c74981811e9923b,okhttp3/internal/http2/Http2Reader$Companion,4,8,50.0
d185c69626a729b3,leakcanary/internal/HandlersKt$mainHandler$2,4,4,100.0
44d0797d2108e18e,okhttp3/internal/authenticator/JavaNetAuthenticator,4,62,6.45
4870176489b17489,androidx/recyclerview/widget/RecyclerView$SavedState,4,9,44.44
7f1416d1d9d0d733,com/google/android/gms/internal/cloudmessaging/zzf,4,6,66.67
1520be3c556918b8,com/google/android/material/navigation/NavigationBarView$SavedState,4,9,44.44
c2643176d5b1eae2,kotlin/text/StringsKt__AppendableKt,4,21,19.05
7e8e65254d74428c,okio/Okio__OkioKt,4,16,25.0
500880fc6947691f,leakcanary/internal/ObjectsKt$NO_OP_HANDLER$1,4,4,100.0
c8581599b29351df,leakcanary/internal/activity/screen/LeaksScreen$createView$$inlined$apply$lambda$1$1,4,4,100.0
11734261d562aeea,com/google/android/gms/common/util/concurrent/NamedThreadFactory,4,4,100.0
3a90c5a76a77465d,kotlinx/coroutines/internal/ThreadContextKt$countAll$1,4,13,30.77
647c3e306f7411e6,leakcanary/KeyedWeakReference,4,13,30.77
da7f30a2132bbf0f,androidx/work/impl/constraints/trackers/NetworkStateTrackerKt,4,34,11.76
638486494b04843f,androidx/core/view/ViewCompat$2,4,9,44.44
08096ea22f8916f1,androidx/recyclerview/widget/RecyclerView$Adapter$StateRestorationPolicy,4,6,66.67
c2614acaec31cf1c,org/wikipedia/main/MainFragment$Companion,4,4,100.0
adfc53944ea2aa40,leakcanary/internal/activity/db/Io$execute$2$1,4,5,80.0
a2f4508f0725fb95,androidx/appcompat/view/WindowCallbackWrapper,4,29,13.79
b9169ace7a52abae,leakcanary/internal/navigation/NavigatingActivity$Companion$NO_MENU$1,4,4,100.0
b728cdf74e5a4f4a,kotlin/text/CharsKt__CharJVMKt,4,50,8.0
f4c72f58a40ddb95,leakcanary/internal/HeapDumpControl$iCanHasHeap$dumpHeap$3,4,4,100.0
44e3e79fb595634e,org/wikipedia/dataclient/mwapi/MwServiceError$$serializer,4,20,20.0
64360fc647cf78a6,org/wikipedia/analytics/eventplatform/NotificationInteractionEvent$Companion,4,37,10.81
fc3d6612a92d4c8e,shark/AndroidReferenceMatchers$SPAN_CONTROLLER,4,4,100.0
ee66498b6a6a4a4a,kotlin/coroutines/AbstractCoroutineContextKey,4,11,36.36
3f46c7a7ad397403,kotlinx/serialization/json/JsonImpl,4,6,66.67
792965b97d5bed9e,androidx/activity/result/contract/ActivityResultContracts$StartActivityForResult,4,6,66.67
3e15e3cbc1713e95,shark/AndroidReferenceMatchers$ACTIVITY_CHOOSE_MODEL,4,4,100.0
a3a5ea2fcb442403,kotlinx/serialization/internal/EnumDescriptor,4,22,18.18
042d65fa2752236d,com/google/android/gms/tasks/zzf,4,8,50.0
f89b854dae5cedbd,kotlinx/coroutines/DefaultExecutorKt,4,10,40.0
73dfc27b5b772e72,org/wikipedia/WikipediaApp$appSessionEvent$2,4,4,100.0
881b9826df834444,okio/_JvmPlatformKt,4,8,50.0
36f32cc4ab3a0d34,leakcanary/ServiceWatcher$activityThreadClass$2,4,4,100.0
3a6b57020aa7be41,kotlinx/serialization/descriptors/SerialDescriptorKt$special$$inlined$Iterable$1,4,4,100.0
90db7f988437dbc3,okhttp3/internal/http2/Http2Connection$ReaderRunnable$applyAndAckSettings$lambda-7$lambda-6$$inlined$execute$default$1,4,4,100.0
16d230a4c95c61b8,androidx/sqlite/db/SupportSQLiteCompat$Api21Impl,4,4,100.0
b9e688a1ebeb6ac6,retrofit2/ServiceMethod,4,8,50.0
8016295d6a9a021c,leakcanary/AndroidLeakFixes$ACTIVITY_MANAGER,4,6,66.67
6117338faf0a8e3c,androidx/fragment/app/Fragment$7,4,5,80.0
f981851abd52c45d,com/google/android/material/navigation/NavigationBarPresenter$SavedState,4,8,50.0
a7c27629d7794d3b,kotlinx/coroutines/scheduling/SchedulerCoroutineDispatcher,4,22,18.18
5fa9458e7e7202d9,org/wikipedia/navtab/NavTab$Companion,4,4,100.0
bb1c877276850a7c,io/reactivex/rxjava3/android/plugins/RxAndroidPlugins,4,28,14.29
466d60318b7030bf,okhttp3/internal/http2/Http2Connection$ReaderRunnable$settings$$inlined$execute$default$1,4,4,100.0
bfc6f7896799fed6,com/google/android/gms/common/util/DefaultClock,4,7,57.14
9a074bbb8376a644,androidx/sqlite/db/framework/FrameworkSQLiteStatement,4,7,57.14
c9cada0c63da4527,org/wikipedia/onboarding/InitialOnboardingActivity,4,10,40.0
e084a65551dbb300,org/wikipedia/page/tabs/Tab,4,66,6.06
82aef20e17ffcbf2,androidx/fragment/app/Fragment$9,4,4,100.0
f54a14bcadd9f2d6,androidx/work/impl/background/systemjob/SystemJobInfoConverter,4,73,5.48
789c99898a845ff9,leakcanary/internal/LeakCanaryDelegate,4,5,80.0
2fd7520682378c10,com/android/installreferrer/api/InstallReferrerClient$Builder,4,6,66.67
4afc8bd95d239f19,com/google/android/datatransport/Encoding,4,11,36.36
bc52e50189bf9384,androidx/room/TransactionExecutor,4,23,17.39
274f2d9176cdfd0d,org/wikipedia/json/JsonUtil,4,18,22.22
94ccd90a1d209a91,kotlinx/serialization/internal/PluginGeneratedSerialDescriptor$childSerializers$2,4,7,57.14
05f3417099653c54,io/reactivex/rxjava3/internal/operators/observable/ObservableObserveOn,4,6,66.67
a7d351c077f17ee8,kotlinx/serialization/internal/EnumSerializer$descriptor$2,4,5,80.0
1a2171b4a4ce5058,androidx/sqlite/db/SupportSQLiteOpenHelper$Configuration$Companion,4,4,100.0
d7e74dfb8f922856,androidx/sqlite/db/SupportSQLiteOpenHelper$Configuration,4,9,44.44
89ad4a82b5bd5671,okhttp3/OkHttpClient$Companion,4,4,100.0
c2f2d23261ac7953,androidx/room/DatabaseConfiguration,3,61,4.92
578d61efc68e96c1,shark/AndroidReferenceMatchers$ACCESSIBILITY_NODE_INFO__MORIGINALTEXT,3,3,100.0
f7f31efff72ab3dd,androidx/viewpager2/widget/ViewPager2$PagerSnapHelperImpl,3,4,75.0
2f8d9422595e8fe3,kotlinx/coroutines/scheduling/NanoTimeSource,3,3,100.0
fa56cc48b279de1d,androidx/core/app/NotificationChannelCompat,3,70,4.29
a6187b724f08b570,leakcanary/DefaultOnHeapAnalyzedListener$Companion,3,3,100.0
3d5befee5c306f73,kotlin/KotlinVersionCurrentValue,3,3,100.0
d5ca6643fdc3693e,kotlin/collections/CollectionsKt__MutableCollectionsJVMKt,3,19,15.79
1b6fac64cfe3c142,shark/AndroidReferenceMatchers$ACCESSIBILITY_NODE_ID_MANAGER,3,3,100.0
600a758574f33185,androidx/work/WorkManager,3,13,23.08
d829696199685dec,shark/AndroidReferenceMatchers$INSTRUMENTATION_RECOMMEND_ACTIVITY,3,3,100.0
5056b0f9738fbb42,shark/AndroidReferenceMatchers$VIEWLOCATIONHOLDER_ROOT,3,3,100.0
3a5a01100f79ff5c,androidx/constraintlayout/core/widgets/ConstraintAnchor$Type,3,4,75.0
c6f87bd169fbc45f,shark/AndroidReferenceMatchers$PERSONA_MANAGER,3,3,100.0
99d80ac84f0a83fb,leakcanary/internal/ViewModelClearedWatcher$Companion$install$provider$1,3,3,100.0
f964e6f2c1d4019d,kotlin/random/FallbackThreadLocalRandom,3,3,100.0
ab397c4e4dad03a3,shark/AndroidReferenceMatchers$RAZER_TEXT_KEY_LISTENER__MCONTEXT,3,3,100.0
3826e54e68a0c8b5,leakcanary/internal/HeapDumpControl$updateICanHasHeapInBackground$1,3,3,100.0
861645dd86ad6aa9,leakcanary/internal/activity/LeakActivity$leaksButtonIconView$2,3,3,100.0
b4652431342dd524,androidx/recyclerview/widget/GapWorker$LayoutPrefetchRegistryImpl,3,40,7.5
8f1ed4f1c45b6d9a,shark/AndroidReferenceMatchers$ACTIVITY_TRANSITION_STATE__M_EXITING_TO_VIEW,3,3,100.0
668f292c4e968116,com/google/firebase/heartbeatinfo/AutoValue_HeartBeatResult,3,20,15.0
461fbab79b091f23,okhttp3/internal/platform/android/DeferredSocketAdapter,3,20,15.0
be149831c588c251,shark/AndroidReferenceMatchers$PLAYER_BASE,3,3,100.0
afbe568a8c3bafba,shark/AndroidReferenceMatchers$VIEW_GROUP__M_PRE_SORTED_CHILDREN,3,3,100.0
f3b4d0776fa12c90,org/wikipedia/push/WikipediaFirebaseMessagingService$Companion,3,62,4.84
a2e03abb1778a88b,kotlin/random/Random$Default,3,20,15.0
30c1c0ec62f88491,shark/AndroidReferenceMatchers$LGCONTEXT__MCONTEXT,3,3,100.0
cf4a260e31d18960,okhttp3/internal/connection/RealConnectionPool$cleanupTask$1,3,3,100.0
177d5a7239bacbcd,androidx/recyclerview/widget/RecyclerView$ItemAnimator,3,42,7.14
eb347f7b6cb8b4e5,okhttp3/Authenticator,3,3,100.0
94e7b93f923d4b32,leakcanary/internal/activity/ui/SimpleListAdapter,3,9,33.33
6a9f34a80feecbfe,kotlin/collections/MapsKt__MapsJVMKt,3,46,6.52
c4f7bc8a62b2f544,shark/AndroidReferenceMatchers$LAYOUT_TRANSITION,3,3,100.0
7cae259b8f41dfcb,kotlin/collections/CollectionsKt__IterablesKt,3,26,11.54
7e702b438196b023,shark/AndroidReferenceMatchers$IMM_CURRENT_INPUT_CONNECTION,3,3,100.0
8164929fe55feae4,leakcanary/internal/HeapDumpControl$ICanHazHeap$Nope,3,3,100.0
258223871b35f333,com/google/android/gms/internal/mlkit_common/zzar,3,5,60.0
3e7c3ab484b0203d,okhttp3/internal/platform/android/BouncyCastleSocketAdapter$Companion,3,3,100.0
80830f288a3bd2cd,org/wikipedia/navtab/NavTabFragmentPagerAdapter,3,4,75.0
4050697edfb711d7,okhttp3/internal/http/DatesKt,3,23,13.04
56fd789423618f5e,kotlinx/serialization/json/internal/ComposersKt,3,4,75.0
d9f89462fb55d13d,androidx/collection/ArraySet$1,3,10,30.0
6b9793856f14e3f0,androidx/lifecycle/SavedStateHandlesVM,3,3,100.0
58b3f904ecc6b8a4,kotlin/ResultKt,3,63,4.76
4a050fd7a5acb778,okhttp3/internal/concurrent/TaskRunner$Companion,3,3,100.0
265af541d3879688,shark/AndroidReferenceMatchers$CLIPBOARD_UI_MANAGER__SINSTANCE,3,3,100.0
adaadd9d368a1a1c,com/google/android/gms/common/util/concurrent/zza,3,3,100.0
d4d184c7be59b44c,shark/ReferencePattern$NativeGlobalVariablePattern,3,19,15.79
d4034d4ad835c137,androidx/concurrent/futures/ResolvableFuture,3,5,60.0
ad82a7aa2c02be59,shark/AndroidReferenceMatchers$BACKDROP_FRAME_RENDERER__MDECORVIEW,3,3,100.0
de0c7de021a32f06,androidx/work/WorkerFactory,3,22,13.64
57768587d0bc0ffb,shark/AndroidReferenceMatchers$ACTIVITY_THREAD__M_NEW_ACTIVITIES,3,3,100.0
0148ca2df607c81a,kotlinx/coroutines/Dispatchers,3,12,25.0
eb7c3fd66edd809c,shark/AndroidReferenceMatchers$SPELL_CHECKER,3,3,100.0
48e881432b3638c3,leakcanary/AndroidLeakFixes$VIEW_LOCATION_HOLDER,3,3,100.0
63c6408f112552c4,shark/AndroidReferenceMatchers$CONTROLLED_INPUT_CONNECTION_WRAPPER,3,3,100.0
3a26374f44e17166,kotlinx/coroutines/scheduling/TaskContextImpl,3,3,100.0
77edfe054821270d,shark/AndroidReferenceMatchers$MEDIA_SCANNER_CONNECTION,3,3,100.0
5c3e6169e95e12a3,com/google/android/gms/tasks/zzad,3,8,37.5
1bb0ce7ff0bc789b,okhttp3/internal/http2/Http2Connection$Listener,3,4,75.0
8154ae12f5bf2331,androidx/viewpager2/widget/PageTransformerAdapter,3,15,20.0
589aacdc9b6530d1,androidx/recyclerview/widget/SnapHelper$1,3,11,27.27
0a801d2a5b51900b,com/google/android/gms/internal/stats/zzb,3,4,75.0
5cb5ac49aa4675a9,shark/AndroidReferenceMatchers$SPELL_CHECKER_SESSION,3,3,100.0
c7dcaa29d0209440,leakcanary/internal/activity/LeakActivity$bottomNavigationBar$2,3,3,100.0
3384a582b97c8ca9,shark/AndroidReferenceMatchers$WINDOW_ON_BACK_INVOKED_DISPATCHER__STUB,3,3,100.0
e5823d14c3e7ef47,kotlin/comparisons/ComparisonsKt__ComparisonsKt,3,84,3.57
72b0d9ef3aee5353,androidx/fragment/app/strictmode/GetTargetFragmentUsageViolation,3,3,100.0
7366123b7d2aef29,org/wikipedia/views/PositionAwareFragmentStateAdapter,3,11,27.27
7251146e2b6da268,shark/AndroidReferenceMatchers$VIEW_CONFIGURATION__MCONTEXT,3,3,100.0
c1544addb379265f,shark/AndroidReferenceMatchers$BLOCKING_QUEUE,3,3,100.0
45dccfa401c4b82e,kotlinx/coroutines/Empty,3,6,50.0
b0af74a234968106,io/reactivex/rxjava3/schedulers/Schedulers$SingleTask,3,3,100.0
19db659d14b0170c,leakcanary/internal/activity/LeakActivity$leaksButton$2,3,3,100.0
187c491a51585e1e,kotlinx/serialization/encoding/CompositeDecoder$DefaultImpls,3,10,30.0
52f3103f26bf1370,org/wikipedia/WikipediaApp$languageState$2,3,3,100.0
aee617e740585be4,shark/AndroidReferenceMatchers$APP_OPS_MANAGER__CALLBACK_STUB,3,3,100.0
451da16ae00d74ed,leakcanary/internal/activity/db/Io$IoContext,3,4,75.0
add3979ca136998e,androidx/customview/poolingcontainer/PoolingContainer,3,39,7.69
414fe26f9e12dd63,shark/AndroidReferenceMatchers$SEM_EMERGENCY_MANAGER__MCONTEXT,3,3,100.0
757eeeea016e4305,kotlin/collections/EmptyIterator,3,15,20.0
384860c846de33ed,shark/AndroidReferenceMatchers$CONNECTIVITY_MANAGER__SINSTANCE,3,3,100.0
950ff42b68697e2e,org/wikipedia/onboarding/OnboardingFragment$PageChangeCallback,3,3,100.0
65c1ab1a95bdee7f,androidx/emoji2/viewsintegration/EmojiInputFilter$InitCallbackImpl,3,25,12.0
e6dca824102de5ce,kotlinx/coroutines/DispatchedTaskKt,3,88,3.41
1724de1dcb73ca48,shark/AndroidReferenceMatchers$GESTURE_BOOST_MANAGER,3,3,100.0
c7291e18ffba786e,kotlin/coroutines/intrinsics/CoroutineSingletons,3,5,60.0
0e657ce482416571,io/reactivex/rxjava3/schedulers/Schedulers$IOTask,3,3,100.0
4558acf1c865a6fb,org/wikipedia/gallery/MediaDownloadReceiver,3,89,3.37
a8c8453341a76b34,androidx/sqlite/db/framework/FrameworkSQLiteOpenHelperFactory,3,3,100.0
e4109e84c10537c1,androidx/viewpager2/widget/ViewPager2$4,3,7,42.86
0b1f7eda674fddf6,leakcanary/internal/activity/db/Io$serialExecutor$1,3,3,100.0
15fa4f7af707a8db,kotlin/io/CloseableKt,3,28,10.71
ae1ce5c6aa03f5a4,shark/ReferencePattern$JavaLocalPattern,3,19,15.79
4c71aeafab17adf1,shark/AndroidReferenceMatchers$MEDIA_PROJECTION_CALLBACK,3,3,100.0
24e68d241187e58b,okhttp3/internal/platform/android/BouncyCastleSocketAdapter,3,25,12.0
59a6fca35c2fe3a1,shark/AndroidReferenceMatchers$AUDIO_MANAGER__MCONTEXT_STATIC,3,3,100.0
2999985232597e26,com/google/android/material/shape/RelativeCornerSize,3,14,21.43
cc4821d7e87542dc,kotlinx/coroutines/CoroutineDispatcher$Key,3,3,100.0
2a2670b4cfd7f971,shark/AndroidReferenceMatchers$TEXT_VIEW__MLAST_HOVERED_VIEW,3,3,100.0
77b7afc4db197bcc,androidx/appcompat/app/AppCompatActivity$1,3,3,100.0
693df592118c5128,org/wikipedia/language/AppLanguageLookUpTable$codes$2,3,3,100.0
9b98f9f509d3ff1b,shark/AndroidReferenceMatchers$LEAK_CANARY_THREAD,3,3,100.0
d931731d4ac08543,shark/AndroidReferenceMatchers$MAPPER_CLIENT,3,3,100.0
911b318b8d30585e,androidx/core/graphics/drawable/DrawableCompat$Api21Impl,3,10,30.0
fec28ebae769fb5d,androidx/fragment/app/SpecialEffectsController$2,3,3,100.0
96936be7c900b7da,androidx/emoji2/text/EmojiCompatInitializer$1,3,3,100.0
c0da16dbc32e4d04,com/google/android/gms/common/wrappers/PackageManagerWrapper,3,35,8.57
40713d78289a7dc2,shark/AndroidReferenceMatchers$TOAST_TN,3,3,100.0
3c02f318700806d2,shark/ReferencePattern$StaticFieldPattern,3,26,11.54
51fde19fef4dbb56,io/reactivex/rxjava3/android/schedulers/HandlerScheduler$HandlerWorker,3,17,17.65
e71a04ac50ffb7f2,okhttp3/internal/platform/android/ConscryptSocketAdapter$Companion,3,3,100.0
d41414bcd77b36ef,androidx/room/SharedSQLiteStatement$stmt$2,3,3,100.0
1b85f5fd0aa95c64,shark/AndroidReferenceMatchers$FINALIZER_WATCHDOG_DAEMON,3,3,100.0
e087f64d735461e7,io/reactivex/rxjava3/disposables/ReferenceDisposable,3,10,30.0
c9323898a6daf7fc,shark/AndroidReferenceMatchers$ACCOUNT_MANAGER,3,3,100.0
406bf04d600bbea8,androidx/fragment/app/strictmode/SetRetainInstanceUsageViolation,3,3,100.0
caaf25abf3c29f95,androidx/work/impl/StartStopTokens,3,41,7.32
884fa7a4f731e08d,shark/AndroidReferenceMatchers$BIOMETRIC_PROMPT,3,3,100.0
0e07017df5124b53,com/android/installreferrer/api/InstallReferrerClient,3,3,100.0
8af89fc71491b3ab,org/wikipedia/analytics/eventplatform/StreamConfig$Companion,3,3,100.0
d23e000b225223bf,androidx/fragment/app/FragmentStateManager$1,3,4,75.0
837aabafa3389a94,leakcanary/ViewLocationHolderLeakFix,3,28,10.71
a94ee697109cd0e5,androidx/arch/core/internal/SafeIterableMap$Entry,3,14,21.43
4019e555702daed2,shark/AndroidReferenceMatchers$COMPANION_DEVICE_SERVICE__STUB,3,3,100.0
5e71cd13efe574dd,org/wikipedia/onboarding/InitialOnboardingFragment$Companion,3,3,100.0
e9fd636398eaa9eb,leakcanary/LogcatSharkLog$Companion,3,3,100.0
b6e770d5ce9701e0,leakcanary/internal/activity/LeakActivity$heapDumpsButtonIconView$2,3,3,100.0
5838fa851202feb8,androidx/lifecycle/ViewModel,3,49,6.12
576a7ae4b8197162,shark/AndroidReferenceMatchers$MAGNIFIER,3,3,100.0
1e2ca5cdd582c7a7,shark/AndroidReferenceMatchers$HOST_ADPU_SERVICE_MSG_HANDLER,3,3,100.0
4a3ca3093092b387,org/wikipedia/analytics/eventplatform/Event$Meta,3,9,33.33
63a155e6b2c288b8,curtains/WindowType,3,4,75.0
3c94025881aa12ac,shark/AndroidReferenceMatchers$VIEW_GROUP__M_CURRENT_DRAG_CHILD,3,3,100.0
75121f04998f304d,androidx/transition/Visibility,3,151,1.99
8a509b12feeafc50,org/wikipedia/language/AppLanguageLookUpTable$localizedNames$2,3,3,100.0
587fad68b3d6aa08,okhttp3/Handshake$Companion$handshake$1,3,3,100.0
73447b8292a22bfa,shark/AndroidReferenceMatchers$RENDER_NODE_ANIMATOR,3,3,100.0
27a11b05bb80d764,leakcanary/LazyForwardingEventListener,3,6,50.0
9a9ff09dbcd42d54,shark/AndroidReferenceMatchers$BUBBLE_POPUP_HELPER__SHELPER,3,3,100.0
7e513ff1dc62f928,shark/AndroidReferenceMatchers$LEAK_CANARY_HEAP_DUMPER,3,3,100.0
9e344f65601411a0,com/google/android/material/shape/ShapePath$ShadowCompatOperation,3,4,75.0
f324d35b9cb534d7,kotlinx/coroutines/ExecutorCoroutineDispatcher$Key,3,3,100.0
60db529ca79dd50b,leakcanary/internal/activity/LeakActivity$heapDumpsButton$2,3,3,100.0
34a39f569131ffb1,shark/ReferencePattern$InstanceFieldPattern,3,26,11.54
a5f5fa4d923df0cb,io/reactivex/rxjava3/schedulers/Schedulers$NewThreadTask,3,3,100.0
15c8f20ef7269a06,androidx/work/impl/constraints/trackers/BroadcastReceiverConstraintTracker,3,7,42.86
88d3c2fab9fb49dc,leakcanary/AndroidLeakFixes$Companion$onEachIdle$1,3,3,100.0
06e88491b26a61a1,androidx/core/os/HandlerCompat,3,49,6.12
911b28502a6bf2f7,shark/AndroidReferenceMatchers$IMM_LAST_FOCUS_VIEW,3,3,100.0
cd1d12a20bf6f360,kotlin/random/FallbackThreadLocalRandom$implStorage$1,3,3,100.0
74e87e4d065143ac,com/google/android/material/shape/EdgeTreatment,3,5,60.0
8eb2dfbcecc12871,kotlinx/coroutines/scheduling/DefaultScheduler,3,8,37.5
b1234740a4ee3d35,okhttp3/internal/platform/android/StandardAndroidSocketAdapter,3,12,25.0
191134eb633df922,shark/AndroidReferenceMatchers$USER_MANAGER__SINSTANCE,3,3,100.0
d8058cd252853e41,org/wikipedia/WikipediaApp$mainThreadHandler$2,3,3,100.0
bc85674cac608fff,shark/AndroidReferenceMatchers$AW_RESOURCE__SRESOURCES,3,3,100.0
3e71aa97836cfb98,com/google/firebase/messaging/threads/ThreadPriority,3,5,60.0
5f863d3906e5ddf7,leakcanary/ServiceWatcher$activityThreadInstance$2,3,4,75.0
a9ee2efd2eb8ef33,androidx/lifecycle/LifecycleDispatcher$DispatcherActivityCallback,3,3,100.0
02e2ca1b6a176c83,shark/AndroidReferenceMatchers$EDITTEXT_BLINK_MESSAGEQUEUE,3,3,100.0
3d60d2d2969dd82d,shark/AndroidReferenceMatchers$IREQUEST_FINISH_CALLBACK,3,3,100.0
ba7de401bfa973eb,androidx/core/view/ViewGroupKt$children$1,3,3,100.0
30e606b0176781ee,shark/AndroidReferenceMatchers$ANIMATION_HANDLER__ANIMATOR_REQUESTORS,3,3,100.0
35b66055806a579f,androidx/activity/result/ActivityResultRegistry$2,3,9,33.33
025d3611a2965d3c,org/wikipedia/analytics/SessionData$Companion,3,3,100.0
51337251077100fe,okhttp3/internal/http2/Http2Connection$Companion,3,3,100.0
20e1c76dc8a4e786,androidx/constraintlayout/core/ArrayRow,3,311,0.96
98a35e5a90757804,com/google/android/material/shape/RoundedCornerTreatment,3,4,75.0
6daf6338b9e7cdcd,androidx/work/impl/utils/SerialExecutorImpl$Task,3,7,42.86
986a7abafef59181,shark/AndroidReferenceMatchers$ACTIVITY_MANAGER_MCONTEXT,3,3,100.0
ba1967f26586c9c1,androidx/core/view/NestedScrollingChildHelper,3,101,2.97
0fcc33d443cc12e1,com/google/android/material/bottomnavigation/BottomNavigationItemView,3,3,100.0
467687c96312843d,org/wikipedia/util/MathUtil$Averaged,3,6,50.0
b25af0ae4440614b,androidx/work/impl/WorkDatabase,3,3,100.0
5d583770d2957955,kotlin/sequences/SequencesKt__SequencesKt$asSequence$$inlined$Sequence$1,3,3,100.0
49ac494740a8117a,androidx/room/util/DBUtil,3,103,2.91
5984a9bbad164385,com/google/android/material/theme/MaterialComponentsViewInflater,3,6,50.0
7b85b208d7df0a05,leakcanary/AndroidLeakFixes$IMM_CUR_ROOT_VIEW$apply$2,3,8,37.5
0029077ea89a38e5,shark/AndroidReferenceMatchers$SMART_COVER_MANAGER,3,3,100.0
605d84b81c21afe3,com/google/android/gms/cloudmessaging/zzz,3,3,100.0
8da7c453f47cce76,leakcanary/internal/activity/LeakActivity$aboutButton$2,3,3,100.0
ce712c5668e11bc0,shark/AndroidReferenceMatchers$SYSTEM_SENSOR_MANAGER__MAPPCONTEXTIMPL,3,3,100.0
d9da335587854d26,androidx/core/os/LocaleListPlatformWrapper,3,11,27.27
2378b16a230803fe,io/reactivex/rxjava3/schedulers/Schedulers$ComputationTask,3,3,100.0
61f2670f76d48a7f,shark/AndroidReferenceMatchers$DEVICE_POLICY_MANAGER__SETTINGS_OBSERVER,3,3,100.0
5012d811da345a5a,androidx/room/RoomDatabase$Callback,3,4,75.0
82af7118c5331227,kotlinx/serialization/internal/PluginGeneratedSerialDescriptor$_hashCode$2,3,3,100.0
eccb6f01ecfd949b,shark/AndroidReferenceMatchers$TEXT_LINE__SCACHED,3,3,100.0
2ca540ad1cbc4533,shark/AndroidReferenceMatchers$ACCESSIBILITY_ITERATORS,3,3,100.0
404b404e34286f7e,androidx/lifecycle/ViewModelProviderGetKt,3,6,50.0
6d44bb7058a237da,androidx/room/InvalidationLiveDataContainer,3,10,30.0
a40db717adfccd1a,okhttp3/internal/platform/android/ConscryptSocketAdapter,3,22,13.64
fdcd94b2a1ebd39f,kotlinx/coroutines/scheduling/UnlimitedIoScheduler,3,6,50.0
7c4510cf28e3ac97,androidx/core/content/res/ResourcesCompat$ColorStateListCacheEntry,3,4,75.0
1a157c53a5d2e212,shark/AndroidReferenceMatchers$EXTENDED_STATUS_BAR_MANAGER,3,3,100.0
6cdb65d786db540b,kotlinx/serialization/internal/ArrayListClassDesc,3,3,100.0
0a07cc50da4521f2,shark/AndroidReferenceMatchers$SEM_APP_ICON_SOLUTION,3,3,100.0
818f1ba49ff7c7aa,kotlinx/serialization/builtins/BuiltinSerializersKt,3,49,6.12
6f17f1332562889a,androidx/fragment/app/Fragment$2,3,3,100.0
900216ff8a963cc1,com/google/android/datatransport/runtime/backends/MetadataBackendRegistry,3,8,37.5
22945cc53112ce45,leakcanary/AndroidLeakFixes$ACCESSIBILITY_NODE_INFO,3,4,75.0
dd7b17a014a9a1a8,kotlinx/serialization/json/internal/JsonNamesMapKt$deserializationNamesMap$1,3,3,100.0
d8f7a36d9954c70e,shark/ReferencePattern,3,3,100.0
efcb3f4c8f136d1c,shark/AndroidReferenceMatchers$RESOURCES__MCONTEXT,3,3,100.0
0e636e50bf1b8c66,shark/AndroidReferenceMatchers$SPEN_GESTURE_MANAGER,3,3,100.0
4a84cef768e01eb3,androidx/lifecycle/ViewModelProvider$Factory,3,6,50.0
65df674bd785f3d6,shark/AndroidReferenceMatchers$SEM_PERSONA_MANAGER,3,3,100.0
22f1850c0c68bedb,shark/AndroidReferenceMatchers$MULTI_WINDOW_DECOR_SUPPORT__MWINDOW,3,3,100.0
a0972314e0297838,kotlin/collections/ArrayAsCollection,3,27,11.11
d7da482699001f6a,com/google/android/datatransport/runtime/SafeLoggingExecutor$SafeLoggingRunnable,3,5,60.0
bbfaa1c79d9040b3,kotlin/ranges/IntProgression$Companion,3,3,100.0
c5115306c292960d,com/google/firebase/installations/AutoValue_InstallationTokenResult,3,20,15.0
c60306ec3ac858cb,shark/AndroidReferenceMatchers$SPEECH_RECOGNIZER,3,3,100.0
bb51d773b7a9d29d,shark/AndroidReferenceMatchers$INPUT_MANAGER__M_LATE_INIT_CONTEXT,3,3,100.0
aab46c754e21d503,com/google/android/gms/tasks/TaskCompletionSource,3,8,37.5
7112598913f6ae19,com/google/android/datatransport/runtime/scheduling/persistence/EventStoreModule,3,5,60.0
4027bdefea8c07b3,shark/AndroidReferenceMatchers$PERF_MONITOR_LAST_CALLBACK,3,3,100.0
34c74cf48a0e7aec,kotlinx/coroutines/JobKt__JobKt,3,93,3.23
471fb56c421356a0,com/google/firebase/messaging/ProxyNotificationPreferences,3,8,37.5
713d4b8000dc207d,androidx/sqlite/db/framework/FrameworkSQLiteOpenHelper$DBRefHolder,3,3,100.0
6b4976285a0b9707,androidx/core/app/ActivityCompat,3,131,2.29
e35fd22644f8576d,androidx/work/impl/background/greedy/DelayedWorkTracker,3,15,20.0
7e0e5299f5568112,leakcanary/internal/HeapDumpTrigger$scheduleRetainedObjectCheck$1,3,3,100.0
dd9c3ad7e26ebc50,shark/AndroidReferenceMatchers$APPLICATION_PACKAGE_MANAGER__HAS_SYSTEM_FEATURE_QUERY,3,3,100.0
036bd6107f06a5dc,androidx/coordinatorlayout/widget/CoordinatorLayout$HierarchyChangeListener,3,9,33.33
a5f7be8a9e0a34d6,androidx/appcompat/app/AppLocalesStorageHelper$SerialExecutor,3,18,16.67
a75553a04373ddd0,leakcanary/AppWatcher$objectWatcher$1,3,3,100.0
d50881767035a8c1,shark/AndroidReferenceMatchers$ASSIST_STRUCTURE,3,3,100.0
f78bc1707c4ccada,io/reactivex/rxjava3/internal/schedulers/SchedulerPoolFactory$SystemPropertyAccessor,3,3,100.0
0890b53e1af68670,io/reactivex/rxjava3/disposables/Disposable,3,16,18.75
752d81bc49b4cfbb,com/google/android/gms/tasks/zzl,3,18,16.67
b518a37ea0d74686,okhttp3/logging/HttpLoggingInterceptor$Logger$Companion$DefaultLogger,3,3,100.0
f672bc543bad3c40,shark/AndroidReferenceMatchers$MAIN,3,3,100.0
43baba5a004bcdf6,retrofit2/Platform$Android,3,7,42.86
f8ae345fdbe4dd9e,curtains/OnRootViewAddedListener$DefaultImpls,3,4,75.0
9dd2524cca452ae1,okhttp3/internal/http2/Http2Stream$StreamTimeout,3,10,30.0
82886ebf41506ffe,androidx/constraintlayout/core/state/WidgetFrame,3,321,0.93
34741a98f7e467b9,com/google/android/datatransport/runtime/dagger/internal/Preconditions,3,21,14.29
669ad8d50756569a,androidx/sqlite/db/SimpleSQLiteQuery$Companion,3,33,9.09
de1f2d558f912006,androidx/activity/ComponentActivity$4,3,8,37.5
695ed5c73f726645,androidx/recyclerview/widget/RecyclerView$AdapterDataObservable,3,29,10.34
a00d133852a8bf15,kotlin/collections/SetsKt__SetsJVMKt,3,16,18.75
42fdbf4cfb45e9e4,androidx/lifecycle/SavedStateHandlesProvider$viewModel$2,3,3,100.0
1106e6a5dd9d065c,leakcanary/internal/activity/LeakActivity$aboutButtonIconView$2,3,3,100.0
36d0ba37054079c0,shark/AndroidReferenceMatchers$EVENT_RECEIVER__MMESSAGE_QUEUE,3,3,100.0
4f06e5753d094ef4,okhttp3/CertificatePinner$Builder,3,8,37.5
5def64a62fbae0a7,androidx/core/widget/ImageViewCompat,3,45,6.67
a1ec6e0e6cb036b0,shark/AndroidReferenceMatchers$LEAK_CANARY_INTERNAL,3,3,100.0
5f04d5a9ef74c6b0,org/wikipedia/WikipediaApp$Companion,3,4,75.0
a03cc6ff8f595eb9,shark/AndroidReferenceMatchers$STATIC_MTARGET_VIEW,3,3,100.0
fc90a410f0d7b5eb,shark/AndroidReferenceMatchers$AUDIO_MANAGER,3,3,100.0
7e5f6d232aa732ab,io/reactivex/rxjava3/internal/schedulers/TrampolineScheduler,3,11,27.27
b77c5b3cf94a91a6,leakcanary/internal/ApplicationsKt,3,4,75.0
a498ba042efcd298,shark/AndroidReferenceMatchers$OEM_SCENE_CALL_BLOCKER,3,3,100.0
c3678baba4a02028,com/google/firebase/concurrent/UiExecutor,3,6,50.0
6698e5691e94c3b7,com/google/android/material/shape/AdjustedCornerSize,3,14,21.43
79f44457ef5e31ca,shark/AndroidReferenceMatchers$APP_WIDGET_HOST_CALLBACKS,3,3,100.0
4a5c0502fd2fe5eb,io/reactivex/rxjava3/internal/observers/EmptyCompletableObserver,3,10,30.0
340f05647ca9fdc8,shark/AndroidReferenceMatchers$CONNECTIVITY_MANAGER_CALLBACK_HANDLER,3,3,100.0
f324c37f40d8a6e1,org/wikipedia/dataclient/mwapi/MwStreamConfigsResponse$Companion,3,3,100.0
66294d92f451d15b,androidx/constraintlayout/core/widgets/ConstraintWidget$DimensionBehaviour,3,4,75.0
dbb493014551da17,leakcanary/DefaultOnHeapAnalyzedListener,3,6,50.0
4836edb9e70d6319,retrofit2/CallAdapter$Factory,3,3,100.0
fd81b387e141d6ae,androidx/fragment/app/strictmode/WrongFragmentContainerViolation,3,4,75.0
06c54c695bbb19ac,shark/AndroidObjectInspectors$SUPPORT_FRAGMENT,3,5,60.0
2bbfee2f15a61d5a,androidx/viewpager2/widget/ViewPager2$2,3,9,33.33
effba827755ea9f5,androidx/activity/ComponentActivity$5,3,3,100.0
2e1bd8e851cfbda2,androidx/lifecycle/viewmodel/CreationExtras,3,3,100.0
c9936d6356c6e2a4,shark/LibraryLeakReferenceMatcher,2,38,5.26
3e3a251e7b47087b,leakcanary/AndroidLeakFixes$FLUSH_HANDLER_THREADS$apply$flushNewHandlerThread$1$run$1$3$posted$1,2,2,100.0
c60930431e099e56,kotlinx/serialization/descriptors/SerialKind$CONTEXTUAL,2,2,100.0
92681d84c565a7cf,okhttp3/internal/http2/ErrorCode$Companion,2,10,20.0
f2b814e7a5fd1db2,io/reactivex/rxjava3/internal/functions/Functions$EmptyConsumer,2,3,66.67
b9ba1395837a4593,org/wikipedia/analytics/eventplatform/Event$Companion,2,4,50.0
6c094278f62dd5f6,shark/AndroidObjectInspectors$FRAGMENT$leakingObjectFilter$1,2,13,15.38
10f13c6e706cabc6,org/wikipedia/analytics/eventplatform/SamplingConfig$Companion,2,3,66.67
c6c49c3fff7772b2,androidx/core/os/TraceCompat$Api18Impl,2,3,66.67
96cb1031997021ed,androidx/work/impl/Migration_1_2,2,7,28.57
5aa6fff76c1a000b,com/google/mlkit/common/internal/zze,2,3,66.67
90ceae1d33ea3081,leakcanary/internal/InternalLeakCanary$invoke$2,2,2,100.0
7cdd4bfbf639662a,kotlin/jvm/internal/ReflectionFactory,2,30,6.67
b6d7e957ac0cb6c4,androidx/transition/ChangeBounds$1,2,9,22.22
500888137a640a03,shark/AndroidReferenceMatchers$INPUT_METHOD_MANAGER_IS_TERRIBLE$add$3,2,9,22.22
d769364e626bbe77,shark/AndroidObjectInspectors$ACTIVITY,2,4,50.0
326fd86a1662b56a,shark/AndroidObjectInspectors$VIEW_ROOT_IMPL,2,4,50.0
cbe3b24e29efd134,androidx/activity/ViewTreeOnBackPressedDispatcherOwner,2,6,33.33
ef2ab58a316c1993,androidx/work/impl/DefaultRunnableScheduler,2,6,33.33
de91171aeb9fb1a4,androidx/core/os/UserManagerCompat,2,4,50.0
cece4a0c97280b38,shark/AndroidObjectInspectors$TOAST,2,4,50.0
4ac48d1bbff1a281,shark/KeyedWeakReferenceFinder,2,24,8.33
f028a84d0fa42f11,io/reactivex/rxjava3/internal/functions/ObjectHelper,2,10,20.0
72e732ca00ca01cc,androidx/core/graphics/ColorUtils,2,170,1.18
67cfa243797c0bee,shark/AndroidReferenceMatchers$VIEWLOCATIONHOLDER_ROOT$add$1,2,7,28.57
994c795a464343e3,com/google/android/datatransport/runtime/AutoValue_TransportContext,2,22,9.09
8049342d927747c5,com/google/firebase/ktx/FirebaseCommonKtxRegistrar$getComponents$$inlined$coroutineDispatcher$3,2,4,50.0
096cfa8a1f7c8465,androidx/collection/MapCollections$KeySet,2,29,6.9
946358c37fede5d7,okhttp3/ConnectionSpec$Companion,2,2,100.0
457bf10033c7f5e2,shark/AndroidReferenceMatchers$HOST_ADPU_SERVICE_MSG_HANDLER$add$1,2,9,22.22
e3eb11a346d499ba,com/google/mlkit/common/sdkinternal/zzo,2,3,66.67
a138c78e316e8eb3,shark/ReferencePattern$Companion,2,2,100.0
9538578c7b30173d,androidx/lifecycle/ViewTreeLifecycleOwner,2,6,33.33
6d28f9ccbe0b452d,shark/ReferencePattern$JavaLocalPattern$Companion,2,2,100.0
28ecc5a7533e6f14,leakcanary/AndroidDebugHeapDumper,2,4,50.0
139a8aff124fbfb7,kotlinx/serialization/descriptors/SerialDescriptor$DefaultImpls,2,8,25.0
355e4a025cbbec1b,shark/AndroidReferenceMatchers$CLIPBOARD_EX_MANAGER$add$3,2,9,22.22
522481caded3caef,org/wikipedia/page/LinkMovementMethodExt$Companion,2,7,28.57
5698752fe95d4ed2,androidx/core/view/LayoutInflaterCompat,2,32,6.25
c6f25a69689daf6b,shark/AndroidReferenceMatchers$INSTRUMENTATION_RECOMMEND_ACTIVITY$add$1,2,10,20.0
6076ab6745d5455f,shark/AndroidReferenceMatchers$BACKDROP_FRAME_RENDERER__MDECORVIEW$add$1,2,9,22.22
928a49362a1e53b5,androidx/core/view/animation/PathInterpolatorCompat,2,10,20.0
43da1b648e6dff91,retrofit2/CompletableFutureCallAdapterFactory,2,12,16.67
0c4afcb4fd585c84,com/google/android/datatransport/runtime/time/TimeModule_UptimeClockFactory$InstanceHolder,2,3,66.67
479d8a377ee5ee3e,com/google/android/datatransport/runtime/time/TimeModule_EventClockFactory$InstanceHolder,2,3,66.67
095b17aec0501f59,shark/AndroidReferenceMatchers$CLIPBOARD_EX_MANAGER$add$1,2,9,22.22
14f00145964e1a2d,androidx/savedstate/Recreator$Companion,2,2,100.0
6dd14d1375fd6fc3,shark/AndroidReferenceMatchers$SEM_PERSONA_MANAGER$add$1,2,9,22.22
e37ca1a23e41afc9,org/wikipedia/recurring/TalkOfflineCleanupTask$Companion,2,2,100.0
76388ba0f6b5c168,kotlinx/coroutines/BuildersKt,2,8,25.0
9d6cfc61eb176178,kotlinx/coroutines/NonDisposableHandle,2,6,33.33
9fbed298b6c810d0,shark/AndroidObjectInspectors$CONTEXT_WRAPPER,2,39,5.13
7bc783b68e78356f,shark/ReferencePattern$NativeGlobalVariablePattern$Companion,2,2,100.0
8cbc6f0e225fccc9,okhttp3/internal/tls/CertificateChainCleaner,2,2,100.0
45ed59869528835a,leakcanary/internal/activity/db/DbKt,2,2,100.0
af77d5570b35157b,androidx/work/impl/constraints/controllers/BatteryChargingController,2,8,25.0
96134c58504d8206,shark/AndroidReferenceMatchers$TEXT_LINE__SCACHED$add$1,2,7,28.57
835b7910438e02b6,com/google/mlkit/common/internal/zzc,2,5,40.0
9c6590063aa09f4a,kotlin/jvm/internal/StringCompanionObject,2,2,100.0
7b4e704a958a21ea,androidx/work/impl/constraints/controllers/BatteryNotLowController,2,8,25.0
c8b1cfc88a2b12a6,androidx/room/RoomDatabase$Companion,2,2,100.0
a2a6c8757236c6da,org/wikipedia/dataclient/okhttp/TestStubInterceptor$Companion,2,4,50.0
f9924a1e8136ec65,com/google/android/datatransport/runtime/ExecutionModule_ExecutorFactory$InstanceHolder,2,3,66.67
841fbf76b0c7e412,com/google/android/datatransport/runtime/scheduling/DefaultScheduler,2,19,10.53
da497b8cdabc6b78,org/wikipedia/settings/RemoteConfigRefreshTask$Companion,2,2,100.0
eb3d76a6359fbb21,org/wikipedia/dataclient/ServiceFactory$special$$inlined$lruCache$default$3,2,7,28.57
bfc4156a3d298df6,kotlin/collections/AbstractMutableList,2,3,66.67
0a2d9746c780f42e,androidx/concurrent/futures/AbstractResolvableFuture$Waiter,2,9,22.22
5fc0896594abc274,shark/AndroidReferenceMatchers$APPLICATION_PACKAGE_MANAGER__HAS_SYSTEM_FEATURE_QUERY$add$1,2,7,28.57
f6f5a0096918834a,okhttp3/internal/http2/Http2Stream$Companion,2,2,100.0
65e3de9dda112bb3,retrofit2/OptionalConverterFactory,2,6,33.33
6e72b6f6a79bf549,androidx/work/impl/WorkMigration9To10,2,6,33.33
e5d14a7695eee17a,androidx/work/impl/constraints/trackers/StorageNotLowTracker,2,28,7.14
ebada68abff9b11e,com/google/mlkit/common/internal/zzb,2,4,50.0
336c4839b31e50a0,shark/AndroidReferenceMatchers$SYSTEM_SENSOR_MANAGER__MAPPCONTEXTIMPL$add$1,2,13,15.38
5ae786c16ca8427b,androidx/work/impl/constraints/trackers/BatteryNotLowTracker,2,28,7.14
2ed32f3f9b899e65,com/google/android/datatransport/runtime/scheduling/persistence/EventStoreModule_DbNameFactory$InstanceHolder,2,3,66.67
57dde82de35b27e0,kotlin/coroutines/ContinuationInterceptor$Key,2,2,100.0
8b513a941835d412,shark/AndroidReferenceMatchers$SEM_EMERGENCY_MANAGER__MCONTEXT$add$1,2,10,20.0
5873473c2a431175,curtains/WindowsKt$tooltipString$2,2,8,25.0
720e4ff04df22635,shark/AndroidObjectInspectors$WINDOW$leakingObjectFilter$1,2,15,13.33
aeb7ddc489b298ee,androidx/appcompat/widget/TooltipCompat,2,5,40.0
b8340f5cdae02e5a,shark/AndroidReferenceMatchers$DEVICE_POLICY_MANAGER__SETTINGS_OBSERVER$add$1,2,10,20.0
8b03cf1161712d0f,okhttp3/Cache$Entry$Companion,2,2,100.0
bba5acd5d35ac858,androidx/fragment/app/strictmode/TargetFragmentUsageViolation,2,5,40.0
a75f35117829e1d6,org/wikipedia/views/ImageZoomHelper$Companion,2,15,13.33
53e1c88966136559,kotlinx/coroutines/ExecutorCoroutineDispatcher$Key$1,2,6,33.33
7df757a56efaa789,com/google/firebase/messaging/ktx/FirebaseMessagingKtxRegistrar,2,2,100.0
dc47b47048b3eaf7,okhttp3/internal/cache/DiskLruCache$cleanupTask$1,2,22,9.09
3d8a02d8d6407acd,shark/AndroidReferenceMatchers$APP_OPS_MANAGER__CALLBACK_STUB$add$1,2,9,22.22
dfd8843fbc459e40,shark/AndroidReferenceMatchers$INPUT_MANAGER__M_LATE_INIT_CONTEXT$add$1,2,7,28.57
8ff21dc0a4d7e420,kotlinx/coroutines/internal/LockFreeLinkedListNode,2,107,1.87
d840f816e2cf345d,shark/AndroidReferenceMatchers$INPUT_METHOD_MANAGER_IS_TERRIBLE$add$4,2,10,20.0
e0624e2c41fe5d69,com/google/mlkit/common/internal/zzh,2,3,66.67
e6b9d53f816fbfb1,shark/AndroidReferenceMatchers$MULTI_WINDOW_DECOR_SUPPORT__MWINDOW$add$1,2,10,20.0
c3e17799db914270,org/wikipedia/analytics/eventplatform/Event$Meta$Companion,2,3,66.67
34b82c30a2d2f876,androidx/fragment/app/strictmode/RetainInstanceUsageViolation,2,5,40.0
2a688e11fb2a0699,kotlin/collections/AbstractList$Companion,2,38,5.26
e62bf3f68f168f5c,okhttp3/CookieJar,2,2,100.0
4b5fe3e83e3012a4,leakcanary/ServiceWatcher$Companion,2,2,100.0
b3280c528d784baa,okhttp3/internal/connection/RealCall$timeout$1,2,3,66.67
eef9199be7366d76,shark/AndroidObjectInspectors$EDITOR,2,4,50.0
f6827b192442b345,androidx/work/impl/model/WorkProgressDao_Impl$3,2,2,100.0
9f4dafbb72c75ec1,shark/AndroidReferenceMatchers$SEM_CLIPBOARD_MANAGER__MCONTEXT$add$1,2,10,20.0
99caf6860c716400,androidx/recyclerview/widget/RecyclerViewAccessibilityDelegate$ItemDelegate,2,57,3.51
b85b0d0ebedcf0d5,shark/AndroidReferenceMatchers$MAPPER_CLIENT$add$1,2,9,22.22
8f8c918347533c27,leakcanary/internal/InternalLeakCanary$formFactor$2,2,8,25.0
b6da1fa66ecf35eb,shark/AndroidReferenceMatchers$ANIMATION_HANDLER__ANIMATOR_REQUESTORS$add$1,2,7,28.57
5f1ba63170321aa3,leakcanary/FragmentAndViewModelWatcher$Companion,2,3,66.67
dd420b8a34c5c58f,shark/AndroidReferenceMatchers$ASSIST_STRUCTURE$add$1,2,9,22.22
553f19e9c307c2dc,kotlin/Unit,2,3,66.67
4c7b854bfe78af26,shark/AndroidObjectInspectors$ANDROIDX_FRAGMENT,2,4,50.0
35e0566db8262239,okhttp3/internal/connection/RealConnectionPool$Companion,2,4,50.0
634ad0974ed87b39,kotlinx/coroutines/Job$Key,2,2,100.0
8de749a6b8257330,leakcanary/ToastEventListener,2,18,11.11
90992f660dabfdd9,okhttp3/internal/io/FileSystem$Companion,2,2,100.0
9c1d4c781a235b31,androidx/core/widget/TextViewCompat$Api17Impl,2,9,22.22
1044fcf6024d85c3,kotlinx/coroutines/ExecutorCoroutineDispatcher,2,2,100.0
f6668c6be9ab71be,androidx/activity/result/contract/ActivityResultContract,2,2,100.0
0ded69141c40547f,shark/AndroidObjectInspectors$VIEW$leakingObjectFilter$1,2,56,3.57
2c1c8eb44c57fead,kotlinx/serialization/descriptors/StructureKind$MAP,2,2,100.0
cb8d59cd8dafd8f1,com/google/firebase/heartbeatinfo/HeartBeatResult,2,2,100.0
f075b490eb0b2f89,kotlinx/serialization/modules/SerialModuleImpl,2,74,2.7
3dd0ff49cd03ea18,androidx/recyclerview/widget/LinearLayoutManager$LayoutChunkResult,2,2,100.0
3be3b92faf35bb0b,com/google/mlkit/common/internal/zzg,2,3,66.67
457d589e490c3e3f,kotlinx/coroutines/internal/ThreadContextKt$updateState$1,2,7,28.57
cf483a0fe5048673,androidx/viewpager2/widget/ScrollEventAdapter$ScrollEventValues,2,2,100.0
d6b3485b504b28e5,androidx/sqlite/db/framework/FrameworkSQLiteOpenHelper$Companion,2,2,100.0
acd774ba1b8ca148,androidx/core/view/ViewCompat$Api19Impl,2,8,25.0
2cb722abb60bf102,shark/AndroidReferenceMatchers$SPELL_CHECKER_SESSION$add$1,2,9,22.22
20399d01dd741e73,leakcanary/AndroidLeakFixes$MEDIA_SESSION_LEGACY_HELPER,2,3,66.67
adc771b521bc020e,kotlinx/coroutines/JobKt,2,29,6.9
982c92482426240b,androidx/core/view/MenuHostHelper$LifecycleContainer,2,3,66.67
06fe873ba74fd4aa,kotlinx/serialization/descriptors/PrimitiveKind,2,2,100.0
05900823eabc352c,androidx/work/impl/constraints/trackers/BroadcastReceiverConstraintTracker$broadcastReceiver$1,2,4,50.0
8fdbff0824f6418f,leakcanary/internal/HeapDumpControl$ICanHazHeap$SilentNope,2,2,100.0
cf112f48f0f8099c,shark/AndroidReferenceMatchers$IREQUEST_FINISH_CALLBACK$add$1,2,7,28.57
5a74ac5a47615111,kotlinx/coroutines/EventLoopImplBase,2,177,1.13
2f95c80c30e493a7,leakcanary/internal/HeapDumpControl$ICanHazHeap,2,2,100.0
5f516df543fddf37,leakcanary/ObjectWatcher$expectWeaklyReachable$2,2,2,100.0
2a9670b32a4030c6,androidx/viewpager2/widget/ViewPager2$AccessibilityProvider,2,21,9.52
5619e588401280fa,okhttp3/internal/http/RetryAndFollowUpInterceptor$Companion,2,2,100.0
d12035ca33e05cf2,org/wikipedia/dataclient/ServiceFactory$special$$inlined$lruCache$default$4,2,13,15.38
ff4a7f066147ae56,kotlinx/coroutines/CoroutineScopeKt,2,30,6.67
9ce54f5ae07f1bf8,io/reactivex/rxjava3/core/Flowable,2,1323,0.15
e20e5a7947a1e535,shark/AndroidReferenceMatchers$LGCONTEXT__MCONTEXT$add$1,2,9,22.22
498b692d5fad2956,shark/AndroidReferenceMatchers$APP_WIDGET_HOST_CALLBACKS$add$1,2,7,28.57
a4baaf8fe631e918,shark/AndroidReferenceMatchers$CONNECTIVITY_MANAGER_CALLBACK_HANDLER$add$1,2,7,28.57
5bada11fadb3abcb,androidx/lifecycle/ViewModelProvider$AndroidViewModelFactory$Companion,2,11,18.18
345ce771ed749f06,androidx/activity/result/contract/ActivityResultContracts$RequestMultiplePermissions,2,42,4.76
18d5d70bd3f34d8e,kotlin/coroutines/EmptyCoroutineContext,2,9,22.22
9ce53543dfb75111,androidx/sqlite/db/SupportSQLiteOpenHelper$Callback$Companion,2,2,100.0
38899f751e963bc2,androidx/work/Configuration$Builder,2,19,10.53
8ec0914ef49d610f,androidx/arch/core/executor/DefaultTaskExecutor$1,2,4,50.0
04dd5b5facbb1ca4,shark/AndroidReferenceMatchers$AUDIO_MANAGER__MCONTEXT_STATIC$add$1,2,9,22.22
6e51afa350126d79,leakcanary/LeakCanary$Config$1,2,6,33.33
e32481cd81483007,kotlin/coroutines/CoroutineContext$DefaultImpls,2,3,66.67
557ff8b945e8c5b9,kotlinx/coroutines/scheduling/Task,2,4,50.0
a3b8fbd887525739,kotlin/UNINITIALIZED_VALUE,2,2,100.0
eb23ae0b502ae490,okhttp3/internal/connection/RouteSelector$Companion,2,6,33.33
f2385bf089634e24,shark/AndroidReferenceMatchers$EXTENDED_STATUS_BAR_MANAGER$add$1,2,9,22.22
2cdfeaa36ca43630,androidx/activity/result/contract/ActivityResultContracts$RequestMultiplePermissions$Companion,2,4,50.0
1e5cd7f3046ab85a,okhttp3/internal/http2/PushObserver,2,2,100.0
ca7c6a2a30afe46e,androidx/work/InputMergerFactory,2,6,33.33
b639c70a1ade4560,shark/IgnoredReferenceMatcher,2,4,50.0
7e2f4b992136215c,shark/AndroidReferenceMatchers$AUDIO_MANAGER$add$1,2,7,28.57
6cd9432ca83fa8bf,io/reactivex/rxjava3/subjects/Subject,2,3,66.67
0b1d9f623df8667c,io/reactivex/rxjava3/android/schedulers/HandlerScheduler,2,10,20.0
4d8987e359ce77c6,shark/ObjectInspectors$KEYED_WEAK_REFERENCE,2,25,8.0
6e5f7b7473af95a2,leakcanary/AndroidLeakFixes$IMM_FOCUSED_VIEW,2,18,11.11
b3c72581cfbc5c75,androidx/fragment/app/Fragment$OnPreAttachedListener,2,2,100.0
5ec449b2f064149c,androidx/fragment/app/FragmentFactory,2,29,6.9
14aadd357962cc0a,leakcanary/AndroidLeakFixes$TEXT_LINE_POOL,2,3,66.67
4ff92c7ae43388b6,shark/AndroidReferenceMatchers$IMM_CURRENT_INPUT_CONNECTION$add$1,2,10,20.0
7ebc893395640f77,shark/AndroidReferenceMatchers$SPAN_CONTROLLER$add$1,2,7,28.57
b5ce0ce1d90bc811,shark/AndroidReferenceMatchers$INPUT_METHOD_MANAGER_IS_TERRIBLE$add$5,2,9,22.22
e78d4047bcd5c6b4,kotlinx/coroutines/CoroutineDispatcher$Key$1,2,6,33.33
d6625c0087e66df2,androidx/core/util/SparseArrayKt,2,58,3.45
f35cabe69e425a26,androidx/viewpager2/widget/ViewPager2$RecyclerViewImpl,2,19,10.53
fab4ecb7d477fc8a,com/google/android/gms/tasks/zzz,2,6,33.33
def8fda4f41a6deb,leakcanary/internal/navigation/NavigatingActivity$Companion,2,3,66.67
1660b145b2a7f400,androidx/work/impl/constraints/controllers/NetworkMeteredController$Companion,2,2,100.0
eafb055fa937dd31,shark/AndroidMetadataExtractor,2,120,1.67
b4a270a6145a822c,androidx/room/EntityDeletionOrUpdateAdapter,2,27,7.41
fa9182240ce533c1,okhttp3/logging/HttpLoggingInterceptor$Logger,2,2,100.0
872eb5b03c61341e,io/reactivex/rxjava3/internal/functions/Functions$EmptyAction,2,3,66.67
6f37e493e931c9b8,leakcanary/KeyedWeakReference$Companion,2,5,40.0
35b2173f04aa4cfa,androidx/fragment/app/FragmentTransaction$Op,2,5,40.0
d3c31dfb16937175,androidx/appcompat/widget/Toolbar$LayoutParams,2,10,20.0
415e7f9ace1fd090,kotlinx/coroutines/Unconfined,2,7,28.57
24e4c2e75fa1d165,kotlinx/serialization/descriptors/StructureKind$LIST,2,2,100.0
03ffcedb5f4ab067,androidx/work/impl/WorkDatabase_AutoMigration_14_15_Impl,2,9,22.22
1e16b2e43aafb323,kotlin/jvm/JvmClassMappingKt,2,67,2.99
89845b0d79b06207,androidx/core/graphics/TypefaceCompatBaseImpl,2,82,2.44
fe0800eb17d12b04,androidx/core/view/AccessibilityDelegateCompat$AccessibilityDelegateAdapter,2,25,8.0
1de161f93a9d815f,androidx/interpolator/view/animation/LinearOutSlowInInterpolator,2,3,66.67
b8afd9438b8f89c1,androidx/work/impl/WorkDatabaseKt,2,2,100.0
d743aeecd8efa96d,com/google/firebase/installations/remote/TokenResult,2,2,100.0
9a8470afbf1b51a8,shark/AndroidReferenceMatchers$OEM_SCENE_CALL_BLOCKER$add$1,2,9,22.22
536da9ce2d6a7436,com/google/android/datatransport/runtime/SafeLoggingExecutor,2,2,100.0
f0ae7de547206f41,org/wikipedia/analytics/eventplatform/MobileAppsEvent$Companion$1,2,4,50.0
a10b53eecf2d5db4,leakcanary/AndroidLeakFixes$Companion$onEachIdle$1$1,2,2,100.0
cef8a5ca02be50e2,shark/AndroidReferenceMatchers$PLAYER_BASE$add$1,2,9,22.22
e61ef128359c274b,shark/ObjectInspectors$KEYED_WEAK_REFERENCE$leakingObjectFilter$1,2,26,7.69
57d9a817f279dec1,com/google/firebase/installations/FirebaseInstallations$1,2,4,50.0
7a1027d2e4c9a93c,okhttp3/EventListener$Companion,2,2,100.0
e4bfac094255dd8e,com/google/firebase/messaging/TopicOperation,2,31,6.45
661b1d4b5afd5171,kotlinx/coroutines/CoroutineExceptionHandler$Key,2,2,100.0
cbbcdab95fbdc0e8,androidx/viewpager2/adapter/FragmentStateAdapter$FragmentMaxLifecycleEnforcer$3,2,2,100.0
a447619600c067ce,shark/AndroidReferenceMatchers$SPELL_CHECKER$add$1,2,7,28.57
25e096e8944913af,androidx/room/InvalidationTracker$ObservedTableTracker$Companion,2,2,100.0
35597fafe6a123a5,leakcanary/internal/HeapDumpControl$hasTestClass$2,2,7,28.57
b8bc9bd634d80eea,shark/AndroidReferenceMatchers$BLOCKING_QUEUE$add$1,2,7,28.57
22a129174164d452,org/wikipedia/richtext/CustomHtmlParser,2,52,3.85
ea2a320ac9590cb1,androidx/work/impl/constraints/controllers/NetworkConnectedController,2,15,13.33
eddf2fd63f594d3f,kotlin/internal/PlatformImplementations,2,17,11.76
ce2d5902218681db,androidx/arch/core/internal/SafeIterableMap$DescendingIterator,2,3,66.67
aafee021ba514b87,androidx/fragment/app/FragmentLayoutInflaterFactory,2,70,2.86
6a1e0753e990651e,com/google/mlkit/common/internal/zzf,2,3,66.67
32eb1fbaa732af08,kotlin/collections/ArrayDeque$Companion,2,9,22.22
b700d3ab5761c5b6,shark/AndroidReferenceMatchers$ACTIVITY_THREAD__M_NEW_ACTIVITIES$add$1,2,9,22.22
30287b3d48b3dc10,org/wikipedia/LeakCanaryStubKt,2,2,100.0
6ecc9d4fa6dc9cba,kotlinx/serialization/json/internal/AbstractJsonLexerKt,2,6,33.33
a0021914c79f10d5,androidx/concurrent/futures/AbstractResolvableFuture$Listener,2,2,100.0
cd1afcdec339eff1,shark/AndroidObjectInspectors$MESSAGE_QUEUE,2,4,50.0
a8ead833c8fe20b4,leakcanary/AndroidLeakFixes$CONNECTIVITY_MANAGER,2,10,20.0
0e30183fbe2c90e2,org/wikipedia/analytics/eventplatform/Event$Companion$1,2,4,50.0
cead0785142034c5,androidx/fragment/app/FragmentManager$4,2,2,100.0
2fe6c4391938fd73,shark/ReferenceMatcher,2,2,100.0
c74c817b2806986e,shark/ReferencePattern$StaticFieldPattern$Companion,2,2,100.0
085ba4f28657c5e6,okhttp3/logging/HttpLoggingInterceptor$Logger$Companion,2,2,100.0
fbffcde756aae8e9,shark/AndroidReferenceMatchers$INPUT_METHOD_MANAGER_IS_TERRIBLE$add$1,2,9,22.22
aa154d7a01efacf4,androidx/activity/result/ActivityResultLauncher,2,2,100.0
7123c226c5d28a36,shark/AndroidReferenceMatchers$ACCESSIBILITY_NODE_ID_MANAGER$add$1,2,9,22.22
eaf425c9014b09ce,kotlin/collections/AbstractList,2,30,6.67
5a7104ff8c6be245,shark/AndroidReferenceMatchers$IMM_LAST_FOCUS_VIEW$add$1,2,9,22.22
c754df30b03469d7,shark/AndroidReferenceMatchers$COMPANION_DEVICE_SERVICE__STUB$add$1,2,7,28.57
df2ed2d021173028,androidx/appcompat/widget/AppCompatTextHelper$1,2,9,22.22
2c1f1af315f51403,io/reactivex/rxjava3/subjects/SerializedSubject,2,65,3.08
48bd6151a66e6e82,org/wikipedia/gallery/MediaDownloadReceiver$Companion,2,7,28.57
4c698b599552d9d2,leakcanary/internal/HeapDumpTrigger$Companion,2,2,100.0
8b2c147b09154759,androidx/activity/result/contract/ActivityResultContracts$StartActivityForResult$Companion,2,2,100.0
14ba72d27b74a728,kotlinx/serialization/internal/EnumsKt,2,37,5.41
3dd84e221f66ca66,kotlinx/serialization/descriptors/PrimitiveKind$STRING,2,2,100.0
c96ced8e05128dc1,androidx/emoji2/text/EmojiCompat$CompatInternal19$1,2,3,66.67
f6f25c67a3fce14d,shark/AndroidReferenceMatchers$VIEW_CONFIGURATION__MCONTEXT$add$1,2,9,22.22
12e59cfec672bd12,com/google/android/gms/tasks/zzh,2,16,12.5
2374a0df3ac1904b,com/google/android/material/navigation/NavigationBarItemView$ActiveIndicatorUnlabeledTransform,2,3,66.67
ac3fb62531b61d42,okio/SocketAsyncTimeout,2,15,13.33
9275b0baf5404343,shark/AndroidObjectInspectors$EDITOR$leakingObjectFilter$1,2,19,10.53
412417c0b26d3f02,androidx/work/impl/Migration_15_16,2,9,22.22
a8aacf293a695d56,retrofit2/HttpServiceMethod$CallAdapted,2,2,100.0
aa6377d2e1936e81,io/reactivex/rxjava3/internal/schedulers/IoScheduler$ThreadWorker,2,3,66.67
ad04e71796b7db32,kotlinx/serialization/modules/SerializersModule,2,9,22.22
61b06f5a191782b3,androidx/lifecycle/ViewTreeViewModelStoreOwner,2,6,33.33
7141818a39211cfc,androidx/appcompat/app/AppCompatDelegateImpl$5,2,3,66.67
32754ac55b68132f,androidx/lifecycle/ViewModelProvider$AndroidViewModelFactory$Companion$ApplicationKeyImpl,2,2,100.0
8dde7744f76c55fa,shark/AndroidReferenceMatchers$SPEN_GESTURE_MANAGER$add$1,2,9,22.22
d2e2e084907548be,com/google/mlkit/nl/languageid/internal/zzb,2,4,50.0
e2ccb4a3b56c9438,androidx/lifecycle/viewmodel/CreationExtras$Empty,2,3,66.67
4c7d16520c751921,androidx/appcompat/widget/AppCompatTextClassifierHelper,2,6,33.33
76decda6672658aa,androidx/work/impl/constraints/trackers/BatteryChargingTracker,2,36,5.56
be74214cf048cd31,shark/AndroidReferenceMatchers$INPUT_METHOD_MANAGER_IS_TERRIBLE$add$6,2,7,28.57
33e26e9be00d87f3,com/google/firebase/concurrent/DelegatingScheduledExecutorService,2,43,4.65
ad3ab8dde0b08857,androidx/fragment/app/FragmentManager$7,2,2,100.0
23c779325b2723fe,kotlinx/coroutines/internal/ThreadContextKt$findOne$1,2,7,28.57
78292d33bb702f87,kotlinx/serialization/modules/SerializersModuleKt,2,13,15.38
36eaf8fb2191b687,kotlinx/serialization/json/internal/JsonPath$Tombstone,2,2,100.0
e7995f2c403e90ad,shark/AndroidReferenceMatchers$ACTIVITY_TRANSITION_STATE__M_EXITING_TO_VIEW$add$1,2,9,22.22
6e3c8b16f68472fe,okhttp3/internal/http2/Http2Connection$Listener$Companion,2,2,100.0
842749f0672b27e6,org/wikipedia/util/log/L$LogLevel$Companion,2,2,100.0
83fe90192d021983,leakcanary/internal/InternalLeakCanary$onRetainInstanceListener$2,2,6,33.33
ca29175a83106ae2,leakcanary/AndroidLeakFixes$SPELL_CHECKER,2,34,5.88
7b204e4edf530052,com/google/android/material/shape/ShapePath$LineShadowOperation,2,9,22.22
e29a20d9f2f6d118,androidx/appcompat/app/AppLocalesMetadataHolderService,2,6,33.33
5ddaaf49a74a311f,shark/AndroidReferenceMatchers$RAZER_TEXT_KEY_LISTENER__MCONTEXT$add$1,2,9,22.22
c0c6d3d4b9cf08c5,com/google/mlkit/nl/languageid/internal/zza,2,6,33.33
f837284a2eecf7dd,okhttp3/internal/http2/PushObserver$Companion,2,2,100.0
e747aaa9dca5a1f1,org/wikipedia/main/MainActivity$Companion,2,4,50.0
2c6de41546bcc1b7,shark/AndroidReferenceMatchers$VIEW_GROUP__M_CURRENT_DRAG_CHILD$add$1,2,9,22.22
3cb8bb9d4c1eeb02,androidx/fragment/app/strictmode/Violation,2,6,33.33
e1f2a0dcbb88531c,androidx/interpolator/view/animation/FastOutLinearInInterpolator,2,3,66.67
438db1077a542032,androidx/transition/Fade,2,30,6.67
a06060fc79f9e5a3,androidx/work/impl/constraints/controllers/NetworkUnmeteredController,2,17,11.76
d5d9178ced2fc7f3,kotlin/ranges/RangesKt__RangesKt,2,24,8.33
64d88f969740e917,shark/AndroidReferenceMatchers$TEXT_TO_SPEECH$add$1,2,7,28.57
f45d02ee8745ac4c,shark/AndroidReferenceMatchers$SPAN_CONTROLLER$add$2,2,7,28.57
f945ce86751d2361,org/wikipedia/page/tabs/Tab$Companion,2,3,66.67
9bf37a08d1235f8e,androidx/viewpager2/adapter/FragmentStateAdapter$DataSetChangeObserver,2,7,28.57
fab0be550f74e955,androidx/appcompat/widget/ToolbarWidgetWrapper$1,2,7,28.57
ca0fccaf6cc82b9a,androidx/recyclerview/widget/RecyclerView$RecycledViewPool$ScrapData,2,2,100.0
e2269b197d6785e1,shark/AndroidReferenceMatchers$VIEW_GROUP__M_PRE_SORTED_CHILDREN$add$1,2,7,28.57
c4746422bd7d7182,com/google/firebase/concurrent/SequentialExecutor$1,2,3,66.67
927d4f8cfc0c428b,shark/AndroidObjectInspectors$MORTAR_SCOPE$leakingObjectFilter$1,2,13,15.38
fea8bc02738a342e,com/google/firebase/ktx/FirebaseCommonKtxRegistrar$getComponents$$inlined$coroutineDispatcher$2,2,4,50.0
f23cd0c5963efc01,androidx/lifecycle/Lifecycle,2,4,50.0
dceedffa4e2cfe6d,kotlin/text/Regex$Companion,2,13,15.38
cf466c5f4dc160df,androidx/work/impl/Migration_3_4,2,6,33.33
3b0e28b91c162ca3,com/google/android/datatransport/runtime/scheduling/jobscheduling/AutoValue_SchedulerConfig_ConfigValue,2,19,10.53
040c9c3ed52b7abf,leakcanary/internal/HeapDumpControl$hasLeakAssertionsClass$2,2,7,28.57
4011ef93d452a37d,shark/AndroidObjectInspectors$CONTEXT_IMPL$leakingObjectFilter$1,2,11,18.18
cc9212b184619787,kotlin/random/AbstractPlatformRandom,2,10,20.0
52cea5a166f901af,androidx/emoji2/text/DefaultEmojiCompatConfig$DefaultEmojiCompatConfigHelper_API19,2,3,66.67
c3d5eeb446ba2f83,shark/AndroidObjectInspectors$APPLICATION_PACKAGE_MANAGER,2,4,50.0
a5c0d4f6bd94a481,org/wikipedia/analytics/eventplatform/MobileAppsEvent$Companion,2,4,50.0
ea8b7b6c8edf46c9,kotlin/math/MathKt__MathJVMKt,2,170,1.18
d4e57c7d7ddc9e86,org/wikipedia/dataclient/ServiceFactory$special$$inlined$lruCache$default$2,2,7,28.57
b4ae71ba7036451a,okhttp3/RequestBody,2,18,11.11
22050ca58ae0a30e,kotlin/coroutines/jvm/internal/CompletedContinuation,2,7,28.57
1a47471edceef513,kotlin/KotlinVersion$Companion,2,2,100.0
62f8198059ee0f8a,kotlinx/serialization/internal/LinkedHashMapClassDesc,2,2,100.0
2577e2f25a5d4f58,org/wikipedia/page/LinkMovementMethodExt,2,36,5.56
bae8a35cdddddc1f,androidx/work/impl/Migration_12_13,2,5,40.0
3c7d644ee816a031,okhttp3/internal/connection/RealCall$CallReference,2,3,66.67
415e64886c6b4259,okhttp3/internal/concurrent/TaskQueue$execute$1,2,3,66.67
d5e649f2056b8529,okhttp3/internal/io/FileSystem,2,2,100.0
e8ac404867c4d6f1,org/wikipedia/analytics/eventplatform/EventPlatformClient$refreshStreamConfigs$2,2,5,40.0
68600eb8690804a5,androidx/fragment/app/strictmode/FragmentStrictMode$Policy$Companion,2,2,100.0
d0042d9224d3ca0e,com/google/firebase/ktx/FirebaseCommonKtxRegistrar$getComponents$$inlined$coroutineDispatcher$4,2,4,50.0
67e5ef59d05e1ba0,kotlin/Result$Companion,2,5,40.0
4a57ba902a82457e,leakcanary/internal/activity/db/LeaksDbHelper$Companion,2,2,100.0
58b29ef88c993b87,kotlin/Result$Failure,2,9,22.22
9a47308ea20d36ae,androidx/emoji2/text/DefaultEmojiCompatConfig,2,3,66.67
be9a53f21fc2aebf,shark/AndroidObjectInspectors$CONTEXT_WRAPPER$leakingObjectFilter$1,2,15,13.33
1e44ddc54e721f8b,kotlin/ranges/IntRange$Companion,2,3,66.67
cfdb95d621aa255b,leakcanary/GcTrigger$Default,2,10,20.0
5e821d3192dd1229,shark/AndroidReferenceMatchers$ACTIVITY_CHOOSE_MODEL$add$1,2,9,22.22
b986756c54b4a20f,androidx/work/impl/model/WorkSpecDao_Impl$11,2,2,100.0
b646a678815cb5c6,androidx/work/impl/Migration_7_8,2,4,50.0
c38525d26a73a77a,kotlinx/serialization/descriptors/PrimitiveKind$BOOLEAN,2,2,100.0
a73e1373d683943c,leakcanary/internal/activity/db/Io$VolatileObjectRef,2,8,25.0
b1160b359ad86316,okhttp3/internal/http2/Header$Companion,2,2,100.0
e2f86324bf97de22,org/wikipedia/util/log/L$LEVEL_D$1,2,2,100.0
297b3202af935fcf,com/google/android/gms/internal/stats/zzh,2,2,100.0
dde05cb447483f5a,okhttp3/Dns,2,2,100.0
b0b6fa9c3685b4f8,shark/AndroidObjectInspectors$WINDOW,2,4,50.0
f73252ed7d43e7a4,com/google/android/datatransport/runtime/time/UptimeClock,2,2,100.0
0822bc291a6a932a,androidx/profileinstaller/ProfileInstallerInitializer$Choreographer16Impl,2,3,66.67
cef720a3d8e886ee,androidx/lifecycle/MutableLiveData,2,4,50.0
561ec97815db8276,kotlinx/serialization/descriptors/SerialDescriptorKt,2,6,33.33
650aaafb22a6e119,androidx/work/impl/Migration_6_7,2,4,50.0
b0c603fef33bc540,io/reactivex/rxjava3/internal/disposables/SequentialDisposable,2,7,28.57
3bffe5f3af7e8b48,shark/AndroidReferenceMatchers$PERF_MONITOR_LAST_CALLBACK$add$1,2,9,22.22
37fd2036f02dbb55,okhttp3/internal/http2/Settings$Companion,2,2,100.0
633bd79775807df7,androidx/sqlite/db/framework/FrameworkSQLiteDatabase$Companion,2,2,100.0
7cba19abc55d1d0c,androidx/constraintlayout/core/widgets/analyzer/BasicMeasure$Measure,2,2,100.0
1a255feb9490028d,okio/Timeout$Companion,2,7,28.57
5c1a13dda20f3def,com/google/mlkit/nl/languageid/bundled/internal/zba,2,4,50.0
4860ee9277690257,shark/AndroidObjectInspectors$TOAST$leakingObjectFilter$1,2,25,8.0
4e20b748a016c404,com/google/android/gms/tasks/zzt,2,2,100.0
9ee988d2811abd14,okhttp3/Authenticator$Companion,2,2,100.0
47b66e926806f686,leakcanary/internal/HeapDumpControl$testClassName$2,2,4,50.0
03f8a624499ba26f,shark/AndroidReferenceMatchers$Companion$ALWAYS$1,2,4,50.0
5dda2afbcc24c9de,androidx/work/impl/constraints/controllers/NetworkNotRoamingController$Companion,2,2,100.0
f3971fd52e701bad,androidx/viewpager2/adapter/FragmentStateAdapter$FragmentMaxLifecycleEnforcer$1,2,3,66.67
caa0c75570c245f8,retrofit2/Invocation,2,10,20.0
f813ddb40f1f5af6,androidx/work/impl/constraints/trackers/NetworkStateTracker24$networkCallback$1,2,8,25.0
c191934aae80e418,com/google/android/material/shape/CornerTreatment,2,4,50.0
00d65e0a82b5caa2,shark/AndroidObjectInspectors$SERVICE,2,4,50.0
706a55191eed13a2,shark/AndroidReferenceMatchers$ACCOUNT_MANAGER$add$1,2,7,28.57
e29c53b955018484,okhttp3/ResponseBody$Companion$asResponseBody$1,2,5,40.0
762333d4980d0bb3,androidx/lifecycle/ViewModelProvider$NewInstanceFactory$Companion$ViewModelKeyImpl,2,2,100.0
59052a9d26591817,com/google/android/material/shape/AbsoluteCornerSize,2,10,20.0
0e3cdd60d42f9703,shark/AndroidReferenceMatchers$USER_MANAGER__SINSTANCE$add$1,2,9,22.22
0347239d1189e1a4,androidx/lifecycle/ViewModelProvider$NewInstanceFactory$Companion,2,7,28.57
6d597c372ca5c75d,androidx/room/InvalidationTracker$Companion,2,13,15.38
ead8a2104a508063,androidx/lifecycle/ViewModelProvider$Factory$Companion,2,4,50.0
ef1e7ad508cdfe95,okhttp3/Dns$Companion,2,2,100.0
dae72e343e866e89,androidx/viewpager2/widget/FakeDrag,2,46,4.35
cc33dd2d5785643d,shark/AndroidReferenceMatchers$INPUT_METHOD_MANAGER_IS_TERRIBLE$add$2,2,9,22.22
142085a151e4f139,leakcanary/WorkManagerHeapAnalyzer$workManagerSupportsExpeditedRequests$2,2,7,28.57
4f3716909a8535ad,androidx/emoji2/text/EmojiCompatInitializer$BackgroundDefaultConfig,2,2,100.0
e355065902c885a1,shark/AndroidReferenceMatchers$ACCESSIBILITY_NODE_INFO__MORIGINALTEXT$add$1,2,9,22.22
8697953e5f8f313e,okhttp3/CertificatePinner$Companion,2,9,22.22
bc88d63e1bb587be,org/wikipedia/analytics/eventplatform/AppSessionEvent$Companion,2,2,100.0
c00fb0c3b08a135c,androidx/lifecycle/DefaultLifecycleObserver,2,6,33.33
307dadb96f5e5eb8,org/wikipedia/dataclient/mwapi/MwResponse$Companion,2,4,50.0
c16b2f581df4e0c0,shark/AndroidReferenceMatchers$MAGNIFIER$add$1,2,7,28.57
2dc22a5bd9a8d8c2,shark/AndroidObjectInspectors$FRAGMENT,2,4,50.0
d539d355610f76e4,androidx/concurrent/futures/AbstractResolvableFuture$AtomicHelper,2,2,100.0
df99bc5917f17975,com/google/android/datatransport/runtime/scheduling/SchedulingModule,2,4,50.0
5846e20382af2291,androidx/viewpager2/widget/ViewPager2$OnPageChangeCallback,2,4,50.0
df56f060f86860f7,shark/AndroidReferenceMatchers$SEM_CLIPBOARD_MANAGER__MCONTEXT$add$2,2,10,20.0
9387a01adac07566,androidx/viewpager2/widget/ViewPager2$DataSetChangeObserver,2,7,28.57
c3adf85259386d1e,shark/AndroidObjectInspectors$MORTAR_SCOPE,2,4,50.0
93e1ba36658df662,org/wikipedia/views/ConfigurableTextView,2,10,20.0
a542063812470e5b,okio/Segment$Companion,2,2,100.0
a0e252ec537945eb,androidx/work/impl/RescheduleMigration,2,12,16.67
790529015c558297,com/google/android/datatransport/runtime/scheduling/persistence/EventStoreModule_PackageNameFactory,2,5,40.0
c75a9e4946ae5513,kotlin/jvm/internal/ArrayIteratorKt,2,2,100.0
3c9b815da6a0371c,com/google/android/datatransport/runtime/scheduling/persistence/EventStoreModule_SchemaVersionFactory$InstanceHolder,2,3,66.67
b25e21114bdce60e,shark/AndroidReferenceMatchers$AW_RESOURCE__SRESOURCES$add$1,2,9,22.22
475f9f0fc0a79aa5,com/google/mlkit/common/internal/zzd,2,3,66.67
8c0bffc62ceaaa3e,androidx/savedstate/SavedStateRegistry$Companion,2,2,100.0
39cdd5cfdc2705ed,leakcanary/internal/ObjectsKt,2,6,33.33
34e4e4b1c4c6d5ee,shark/AndroidReferenceMatchers$ACCESSIBILITY_ITERATORS$add$1,2,7,28.57
62b537fe688737a5,kotlinx/serialization/descriptors/PrimitiveKind$DOUBLE,2,2,100.0
7a3f301dbf9cbff7,shark/AndroidObjectInspectors$VIEW_ROOT_IMPL$leakingObjectFilter$1,2,27,7.41
31f729df508296e0,androidx/work/impl/Migration_11_12,2,4,50.0
ab132941cc26a0a2,com/google/android/datatransport/runtime/scheduling/jobscheduling/SchedulerConfig$ConfigValue,2,2,100.0
fd64aaaaa281d7ec,org/wikipedia/language/AppLanguageLookUpTable$Companion,2,2,100.0
bd70fb65a2ffa343,com/google/android/datatransport/runtime/scheduling/persistence/AutoValue_EventStoreConfig,2,24,8.33
7be130c5e7fb8e91,shark/AndroidReferenceMatchers$MEDIA_SESSION_LEGACY_HELPER__SINSTANCE$add$1,2,7,28.57
fe99683a260bbc6a,shark/AndroidReferenceMatchers$RESOURCES__MCONTEXT$add$1,2,9,22.22
ebbcd20dc8b9ce26,shark/AndroidObjectInspectors$SERVICE$leakingObjectFilter$1,2,11,18.18
df8e8859403ea9f7,shark/AndroidReferenceMatchers$BIOMETRIC_PROMPT$add$1,2,7,28.57
46e867b9912bd22a,com/google/firebase/installations/remote/InstallationResponse,2,2,100.0
2a82fc483220c0ce,shark/AndroidObjectInspectors$CONTEXT_IMPL,2,4,50.0
6c52db75d56cfd16,curtains/OnRootViewRemovedListener$DefaultImpls,2,4,50.0
bc180c0e9a22ce9d,kotlinx/serialization/json/Json$Default,2,2,100.0
38b5418af9d4203c,com/google/android/datatransport/runtime/TransportContext,2,17,11.76
61c874e9fc1d862a,androidx/core/util/ObjectsCompat$Api19Impl,2,3,66.67
2cc7ce9ab83cc6b4,kotlinx/serialization/descriptors/SerialKind$ENUM,2,2,100.0
1a613915bab19093,androidx/tracing/TraceApi18Impl,2,3,66.67
9757126181f8d1df,shark/AndroidReferenceMatchers$RENDER_NODE_ANIMATOR$add$1,2,9,22.22
ad858a291e0f97ae,androidx/work/impl/Migration_4_5,2,5,40.0
28b6939ac85a05fa,io/reactivex/rxjava3/internal/operators/observable/ObservableSubscribeOn$SubscribeTask,2,2,100.0
8925d05cf0718a45,com/google/firebase/installations/InstallationTokenResult,2,2,100.0
d47d9f7e12fe31c7,androidx/work/impl/constraints/controllers/StorageNotLowController,2,8,25.0
40fb17097737d7a9,shark/AndroidReferenceMatchers$LAYOUT_TRANSITION$add$1,2,9,22.22
fb27b2d8ae28f907,shark/ReferencePattern$InstanceFieldPattern$Companion,2,2,100.0
f4bb88935e68e4c5,retrofit2/adapter/rxjava3/BodyObservable,2,2,100.0
1e1bda6a653b65a4,okhttp3/CookieJar$Companion,2,2,100.0
cfa8e931a1827ed2,shark/AndroidReferenceMatchers$TEXT_VIEW__MLAST_HOVERED_VIEW$add$1,2,10,20.0
19450473b1701be1,shark/AndroidReferenceMatchers$SPEECH_RECOGNIZER$add$1,2,7,28.57
cd2094e295143ea6,com/android/installreferrer/commons/InstallReferrerCommons,2,9,22.22
d2cd233f3409b18a,okhttp3/internal/connection/RealConnection$Companion,2,6,33.33
316052440613654f,kotlinx/coroutines/AbstractTimeSourceKt,2,36,5.56
5a3cfa3ebd46314f,shark/AndroidReferenceMatchers$SEM_APP_ICON_SOLUTION$add$1,2,10,20.0
77101135433c4e69,shark/AndroidObjectInspectors$MESSAGE_QUEUE$leakingObjectFilter$1,2,17,11.76
f3f32c61bac34595,shark/AndroidReferenceMatchers$EDITTEXT_BLINK_MESSAGEQUEUE$add$1,2,7,28.57
998c486564d8d2fe,shark/AndroidObjectInspectors$APPLICATION_PACKAGE_MANAGER$leakingObjectFilter$1,2,15,13.33
afa5a7193a493c73,androidx/constraintlayout/core/ArrayLinkedVariables,2,201,1.0
cca701413ed0fde1,shark/AndroidObjectInspectors$ACTIVITY$leakingObjectFilter$1,2,15,13.33
50ed59f2b8c978d3,shark/AndroidReferenceMatchers$ACTIVITY_MANAGER_MCONTEXT$add$1,2,10,20.0
fcd6438b9858df17,shark/AndroidReferenceMatchers$MEDIA_PROJECTION_CALLBACK$add$1,2,9,22.22
7c5edbf0a84a781a,org/wikipedia/activity/BaseActivity$Companion,2,2,100.0
a0004146edf13606,org/wikipedia/dataclient/mwapi/MwResponse$Companion$1,2,4,50.0
b668aac56d5db8da,androidx/appcompat/content/res/AppCompatResources,2,3,66.67
73dc607fb6ebb3d5,shark/AndroidReferenceMatchers$TEXT_TO_SPEECH$add$2,2,7,28.57
f73d66e93241f3d1,shark/AndroidReferenceMatchers$CONNECTIVITY_MANAGER__SINSTANCE$add$1,2,7,28.57
34a3f0a02d947c57,com/google/android/material/shape/ShapePath$PathOperation,2,2,100.0
de8ff8c6554e5af8,kotlinx/coroutines/internal/LimitedDispatcherKt,2,6,33.33
d57032c6ce06ea20,leakcanary/LogcatEventListener,2,24,8.33
dc2f6cfb2ef77d4d,retrofit2/Platform$Android$MainThreadExecutor,2,3,66.67
aae123a64512ec0b,com/google/android/gms/cloudmessaging/zzaa,2,4,50.0
7b019e71d2df0342,shark/AndroidObjectInspectors$VIEW,2,4,50.0
30f2a01e909d242c,com/google/firebase/ktx/FirebaseCommonKtxRegistrar$getComponents$$inlined$coroutineDispatcher$1,2,4,50.0
e3eb99af01fe8f25,com/google/android/gms/internal/cloudmessaging/zze,2,2,100.0
3753b3a5590fd6fa,okhttp3/internal/cache/DiskLruCache$Companion,2,2,100.0
0c821066c903da36,kotlinx/serialization/descriptors/StructureKind,2,2,100.0
07ef89706a471836,androidx/work/impl/Migration_8_9,2,4,50.0
652c094c96f1208a,com/google/firebase/platforminfo/LibraryVersion,2,2,100.0
0d535b452b98c091,okhttp3/RequestBody$Companion$toRequestBody$2,2,6,33.33
abed178684aa9fd3,org/wikipedia/connectivity/ConnectionStateMonitor$Companion,2,2,100.0
89b917f53796c3d0,androidx/emoji2/text/EmojiCompat$InitCallback,2,3,66.67
3a96b4eb76b4a9d0,androidx/interpolator/view/animation/FastOutSlowInInterpolator,2,3,66.67
427b1a93470af589,com/google/firebase/messaging/threads/PoolableExecutors,2,6,33.33
3092dfda4fbaaa92,androidx/fragment/app/FragmentManagerViewModel$1,2,2,100.0
89a1fc2c556f6d8d,com/google/android/datatransport/runtime/scheduling/persistence/EventStoreModule_StoreConfigFactory$InstanceHolder,2,3,66.67
5c700adcb92d9447,okhttp3/internal/http2/Http2Writer$Companion,2,2,100.0
e95d736ec17232ca,kotlin/collections/builders/ListBuilderKt,2,38,5.26
86c2366f7a2da921,shark/AndroidReferenceMatchers$BUBBLE_POPUP_HELPER__SHELPER$add$1,2,10,20.0
a77540d48b78abb1,shark/AndroidReferenceMatchers$WINDOW_ON_BACK_INVOKED_DISPATCHER__STUB$add$1,2,9,22.22
c64d804259e0a245,androidx/core/os/LocaleListCompat$Api21Impl,2,23,8.7
9d49067aff59accb,kotlinx/coroutines/internal/ContextScope,2,3,66.67
561f53aa76812618,okhttp3/internal/platform/android/AndroidSocketAdapter$Companion$factory$1,2,6,33.33
ed7fb73ecae40879,com/google/android/gms/common/util/Strings,2,8,25.0
2f4ba9a27a5f9238,kotlinx/coroutines/scheduling/CoroutineScheduler$Companion,2,2,100.0
3461640288d039d0,androidx/core/os/LocaleListCompat$Api24Impl,2,4,50.0
fa735c1e6b21ad5b,com/google/mlkit/common/internal/zza,2,4,50.0
798a5e48d6b30ef8,shark/AndroidReferenceMatchers$PERSONA_MANAGER$add$1,2,9,22.22
680011d57a5ed328,shark/AndroidReferenceMatchers$STATIC_MTARGET_VIEW$add$1,2,9,22.22
2ffbf2e523e76d6e,com/jakewharton/retrofit2/converter/kotlinx/serialization/KotlinSerializationConverterFactory,2,4,50.0
6315ab2dfcc86ba4,shark/AndroidReferenceMatchers$CLIPBOARD_EX_MANAGER$add$2,2,9,22.22
71a6e06109c1d9e1,shark/AndroidReferenceMatchers$MEDIA_SCANNER_CONNECTION$add$1,2,7,28.57
2cd901f015e0845a,shark/AndroidReferenceMatchers$GESTURE_BOOST_MANAGER$add$1,2,10,20.0
e85ab8729368d08a,retrofit2/OkHttpCall$ExceptionCatchingResponseBody$1,2,3,66.67
2b93899bb039cbbb,shark/AndroidObjectInspectors$ANDROIDX_FRAGMENT$leakingObjectFilter$1,2,11,18.18
60d923e0440ffbd6,com/google/android/datatransport/runtime/time/TimeModule,2,3,66.67
1415cc7d78ca0043,kotlinx/serialization/json/JsonSchemaCacheKt,2,3,66.67
2e4f7ad53f57f1c2,androidx/core/content/ContextCompat$Api21Impl,2,4,50.0
71dca31ead222329,kotlin/coroutines/jvm/internal/DebugProbesKt,2,3,66.67
fc310d224d34efca,shark/AndroidReferenceMatchers$CLIPBOARD_UI_MANAGER__SINSTANCE$add$1,2,10,20.0
928473bbd3b51a4d,com/google/android/material/tabs/TabLayoutMediator$ViewPagerOnTabSelectedListener,2,4,50.0
dad7e2735651fa1c,androidx/savedstate/ViewTreeSavedStateRegistryOwner,2,6,33.33
4be8e87b741102f6,shark/AndroidReferenceMatchers$SMART_COVER_MANAGER$add$1,2,9,22.22
e1cda8dd556bb111,kotlinx/serialization/descriptors/StructureKind$CLASS,2,2,100.0
91391340f6fd5f9a,kotlin/SafePublicationLazyImpl$Companion,2,2,100.0
4a972a1eff69d878,androidx/fragment/app/Fragment$5,1,7,14.29
96c384620697a106,kotlin/collections/AbstractMutableSet,1,2,50.0
dc3539282aaabb90,com/google/android/material/navigation/NavigationBarItemView$1,1,5,20.0
e714645491accf96,androidx/appcompat/widget/AppCompatTextViewAutoSizeHelper$Impl,1,3,33.33
675a2463b862417c,shark/ObjectInspectors$ANONYMOUS_CLASS,1,25,4.0
94bbc3b0b36adb09,androidx/work/impl/model/SystemIdInfoDao_Impl$2,1,2,50.0
5a69b89b23d914f7,com/google/android/datatransport/runtime/scheduling/jobscheduling/SchedulerConfig$ConfigValue$Builder,1,1,100.0
e5355f149be76b7c,com/google/android/material/navigation/NavigationBarPresenter$SavedState$1,1,5,20.0
59ec0b4a8a9cb370,com/google/android/gms/tasks/Task,1,13,7.69
ab06cac1f0651a80,androidx/fragment/app/Fragment$1,1,2,50.0
0ba60b9867cd7491,kotlinx/serialization/internal/PluginHelperInterfacesKt,1,2,50.0
d1605c19048b17f0,androidx/fragment/app/DefaultSpecialEffectsController,1,388,0.26
19e6700578af9e62,shark/AndroidObjectInspectors$OBJECT_ANIMATOR,1,3,33.33
852493784d0dcf54,com/google/android/gms/internal/stats/zzg,1,3,33.33
493f6477f55c454a,org/wikipedia/readinglist/db/ReadingListDao_Impl,1,94,1.06
fa18cee4b48ffd9e,leakcanary/ServiceWatcher$install$4$1,1,3,33.33
6f516ef6be7e937b,androidx/appcompat/app/AppLocalesStorageHelper$ThreadPerTaskExecutor,1,2,50.0
e7c5fa5396644be1,com/google/android/datatransport/runtime/scheduling/jobscheduling/Uploader,1,91,1.1
b983082d6d4a85c2,com/google/android/gms/internal/cloudmessaging/zzd,1,3,33.33
af39b190606441aa,okhttp3/internal/http2/Http2Connection$Listener$Companion$REFUSE_INCOMING_STREAMS$1,1,3,33.33
e24d982414455848,org/wikipedia/appshortcuts/AppShortcuts$Companion$setShortcuts$$inlined$CoroutineExceptionHandler$1,1,3,33.33
75a478325a96c440,androidx/arch/core/internal/SafeIterableMap$AscendingIterator,1,3,33.33
69b081ca13ff8ebc,shark/ObjectInspectors$Companion$createLeakingObjectFilters$2$1,1,3,33.33
da10f85b11dc3114,androidx/core/content/ContextCompat$Api24Impl,1,4,25.0
c40d3d3e38e4d4d5,com/google/android/gms/internal/mlkit_language_id_common/zzs,1,2,50.0
1fef45833b118909,androidx/work/impl/model/WorkSpecDao_Impl$7,1,2,50.0
7e17d61eacd64077,com/google/android/material/tabs/TabLayoutMediator$PagerAdapterObserver,1,7,14.29
ade5f8ecd98522b4,androidx/appcompat/widget/Toolbar$1,1,5,20.0
7e28094b23bfc5a1,androidx/recyclerview/widget/SimpleItemAnimator,1,59,1.69
b9b33fa9fe9e58a5,androidx/work/impl/model/WorkSpecDao_Impl$6,1,2,50.0
e078b713fb4b4250,retrofit2/DefaultCallAdapterFactory,1,9,11.11
895ecfe56502f946,kotlin/collections/IntIterator,1,4,25.0
e8cb4ef76e88c6db,kotlinx/serialization/internal/GeneratedSerializer$DefaultImpls,1,1,100.0
32935e907d2d01dd,com/google/android/gms/internal/mlkit_common/zzaz,1,2,50.0
7fa84a23022f9c05,org/wikipedia/readinglist/db/ReadingListPageDao_Impl,1,801,0.12
632b5c4c4c97825c,com/google/android/datatransport/runtime/ExecutionModule,1,2,50.0
273f2b6f63c801a0,io/reactivex/rxjava3/core/Scheduler$Worker,1,11,9.09
fc259e7d2f7cf498,kotlinx/coroutines/StandaloneCoroutine,1,2,50.0
a8f5e83cfcbfee0d,androidx/profileinstaller/ProfileInstallerInitializer$Result,1,1,100.0
4e7e34bc7326cde0,com/google/firebase/heartbeatinfo/HeartBeatConsumerComponent,1,2,50.0
fd0eb5067ed07033,shark/AndroidObjectInspectors$ANIMATOR,1,3,33.33
594bc3c520ec7b8b,androidx/fragment/app/FragmentManagerImpl,1,1,100.0
c25a1d28f811670d,org/wikipedia/util/log/L$LEVEL_W$1,1,2,50.0
b50ba9e1bfebffd5,androidx/constraintlayout/widget/R$styleable,1,2,50.0
f9e435fb6edfae47,androidx/room/RoomOpenHelper$Delegate,1,8,12.5
cebfc610f08486db,com/google/android/datatransport/runtime/scheduling/jobscheduling/JobInfoScheduler,1,46,2.17
c204cdb3df67aaa2,androidx/appcompat/view/menu/ActionMenuItem,1,113,0.88
26fc3a917a89ac35,org/wikipedia/navtab/NavTab$SEARCH,1,2,50.0
aa9538acc706a49c,shark/AndroidObjectInspectors$APPLICATION,1,3,33.33
aa57db2718db33ae,androidx/fragment/app/FragmentLifecycleCallbacksDispatcher$FragmentLifecycleCallbacksHolder,1,1,100.0
347972d4e0d32f65,androidx/viewpager2/R$styleable,1,2,50.0
cdef18343d8962ca,leakcanary/internal/HeapDumpTrigger$scheduleDismissRetainedCountNotification$1,1,3,33.33
125cfbe3e8218645,leakcanary/internal/activity/screen/LeaksScreen$onGroupsRetrieved$2,1,2,50.0
6c66e6d9d1c47ef7,okhttp3/CookieJar$Companion$NoCookies,1,4,25.0
8f8a0dc8d6d1b560,com/google/android/material/navigation/NavigationBarMenuView$1,1,7,14.29
0f1c3ba113ef58f9,kotlinx/coroutines/JobCancellingNode,1,1,100.0
16d7cbcee15d47bb,androidx/work/impl/model/WorkTagDao_Impl,1,54,1.85
51fa07321bdade05,org/wikipedia/R$styleable,1,2,50.0
63d5c10920448716,io/reactivex/rxjava3/disposables/RunnableDisposable,1,4,25.0
67609d99716142f4,androidx/work/impl/model/WorkSpecDao_Impl$3,1,2,50.0
d4b7c8882a28dc8a,com/google/android/material/internal/ViewUtils$3,1,2,50.0
d02a5cd200a4d102,androidx/coordinatorlayout/widget/CoordinatorLayout$SavedState$1,1,7,14.29
7e68d6947788975b,androidx/core/view/animation/PathInterpolatorCompat$Api21Impl,1,4,25.0
203cf1995ef331f8,com/google/android/gms/internal/mlkit_common/zzba,1,3,33.33
d9e5f3c4438d1f1f,com/google/android/datatransport/runtime/TransportRuntimeComponent,1,2,50.0
786a45479ff035bb,androidx/appcompat/widget/FitWindowsFrameLayout,1,7,14.29
2a234072695ba7f8,androidx/appcompat/widget/TintInfo,1,2,50.0
45878af2ecb943f5,androidx/appcompat/app/ToolbarActionBar$ToolbarMenuCallback,1,9,11.11
41757741f92dd5be,shark/AndroidObjectInspectors$INPUT_METHOD_MANAGER,1,3,33.33
4b49bfcfbe7b23d6,com/google/android/gms/stats/zza,1,2,50.0
394e2d9777faa00a,kotlin/coroutines/intrinsics/IntrinsicsKt__IntrinsicsKt,1,4,25.0
83fdd94ff3811db8,kotlin/collections/ArraysKt__ArraysJVMKt,1,14,7.14
6f89a7adf3847a31,androidx/recyclerview/widget/RecyclerView$OnScrollListener,1,3,33.33
b0c82a2639957dfd,com/google/android/gms/common/util/zzb,1,2,50.0
1d6b9f9d07a35b45,androidx/appcompat/view/ContextThemeWrapper$Api17Impl,1,2,50.0
dbc15b1146cb5349,com/google/firebase/installations/InstallationTokenResult$Builder,1,1,100.0
aeda1f501a237371,com/google/android/gms/tasks/zzu,1,2,50.0
a77760eb3496f8da,com/google/android/datatransport/runtime/scheduling/jobscheduling/AutoValue_SchedulerConfig,1,20,5.0
aa04628fcb761150,androidx/core/view/WindowCompat,1,13,7.69
9c2da12c6e604227,com/google/firebase/messaging/MessagingAnalytics,1,240,0.42
a958e594408c43fe,com/google/android/gms/internal/mlkit_common/zzae,1,13,7.69
3de9c1aa18ec56c4,androidx/fragment/app/FragmentManager$8,1,10,10.0
3c845b102102172e,androidx/core/widget/NestedScrollView$SavedState$1,1,5,20.0
fe391c5cdb2872e5,androidx/appcompat/app/AppCompatDelegateImpl$PanelFeatureState,1,52,1.92
776f2dfa654afd3b,shark/AndroidObjectInspectors$MAIN_THREAD,1,3,33.33
eb679ef4837211bd,androidx/fragment/app/FragmentManager$1,1,2,50.0
0bb8c0b081733db0,androidx/appcompat/app/ActionBar,1,36,2.78
dbc240777cc48cdc,androidx/emoji2/text/EmojiCompat$CompatInternal,1,8,12.5
4be0556d705a6333,androidx/recyclerview/R$styleable,1,2,50.0
2d9d4d6fc9e170d6,androidx/work/impl/model/WorkSpecDao_Impl$13,1,2,50.0
4d5b5daa2e29dd5e,androidx/lifecycle/SavedStateHandleSupport$DEFAULT_ARGS_KEY$1,1,1,100.0
a11e7b2d7a5d8a1d,androidx/viewpager2/adapter/FragmentStateAdapter$FragmentMaxLifecycleEnforcer$2,1,2,50.0
78aabb86bce21f13,androidx/recyclerview/widget/RecyclerView$OnFlingListener,1,1,100.0
253dd793dd6c14b5,io/reactivex/rxjava3/internal/functions/Functions$EmptyLongConsumer,1,2,50.0
9e3e3e6d6453b404,com/google/android/material/button/MaterialButton$SavedState$1,1,7,14.29
e8b6cf67a4f2c72d,androidx/core/widget/ImageViewCompat$Api21Impl,1,5,20.0
a5898d5f88ce554c,androidx/recyclerview/widget/GapWorker$1,1,15,6.67
317081e26c26f8c0,com/google/android/material/internal/TextScale,1,21,4.76
3eb5c52e48c2fee6,androidx/activity/result/ActivityResultRegistry$CallbackAndContract,1,1,100.0
18cc52abadcf08c5,androidx/core/widget/EdgeEffectCompat,1,24,4.17
35afc56cf88cfe20,leakcanary/RootViewWatcher$WhenMappings,1,1,100.0
6e4695dc1a253647,com/google/android/gms/tasks/TaskExecutors,1,2,50.0
21f177d4bbdde743,androidx/fragment/app/FragmentContainer,1,2,50.0
55b02f24b590827a,org/wikipedia/notifications/db/NotificationDao_Impl,1,25,4.0
6b31f85a74be1899,androidx/appcompat/widget/Toolbar$SavedState$1,1,7,14.29
c96898ac3903ab18,io/reactivex/rxjava3/android/schedulers/AndroidSchedulers$MainHolder,1,2,50.0
0dc9c9fb697e7b09,androidx/transition/RectEvaluator,1,6,16.67
b824e4c956288d9b,io/reactivex/rxjava3/schedulers/Schedulers$NewThreadHolder,1,2,50.0
eeaa5bed8f9987f8,androidx/viewpager2/widget/ViewPager2$PageAwareAccessibilityProvider$1,1,3,33.33
e73de9e711a8015f,com/google/firebase/installations/remote/TokenResult$Builder,1,1,100.0
8166efcaaf84d68d,androidx/recyclerview/widget/RecyclerView$2,1,5,20.0
a8605bf104608da2,shark/AndroidObjectInspectors$CONTEXT_FIELD,1,32,3.12
d80a584d4beb271f,com/google/android/gms/stats/zzb,1,1,100.0
fc875ab505a49cf2,androidx/transition/Transition$1,1,4,25.0
762189fe76dd07fa,androidx/work/impl/WorkManagerImpl$Api24Impl,1,2,50.0
028667085867f29d,io/reactivex/rxjava3/internal/functions/Functions$Identity,1,3,33.33
ba2452287e08cfee,com/google/android/datatransport/runtime/TransportFactoryImpl,1,5,20.0
102c3b84b41459de,kotlin/collections/AbstractCollection,1,33,3.03
7b361da4e2560218,androidx/fragment/app/FragmentManagerState$1,1,5,20.0
63c225f2a800c009,org/wikipedia/appshortcuts/AppShortcuts,1,2,50.0
759696d02f8685f9,androidx/viewpager2/widget/ViewPager2$SavedState$1,1,9,11.11
9abadc14cdf099b5,kotlin/TuplesKt,1,5,20.0
1c452791779733e8,com/google/android/gms/internal/mlkit_language_id_bundled/zbf,1,13,7.69
1fea932cf4f7973b,io/reactivex/rxjava3/internal/functions/Functions$ErrorConsumer,1,3,33.33
167edb249b2c23e6,okhttp3/internal/http2/PushObserver$Companion$PushObserverCancel,1,6,16.67
8511f0d674f6a667,com/google/android/datatransport/runtime/scheduling/persistence/EventStoreConfig$Builder,1,1,100.0
62a1ade9dfe8c038,androidx/interpolator/view/animation/LookupTableInterpolator,1,4,25.0
595df01a19947af5,androidx/versionedparcelable/CustomVersionedParcelable,1,3,33.33
9c5c893f6a1ec95f,androidx/recyclerview/widget/RecyclerView$SavedState$1,1,7,14.29
9a167e293b96d1b6,com/google/firebase/platforminfo/KotlinDetector,1,3,33.33
b82f55b4755afd5d,com/google/android/material/internal/ViewUtils$4,1,4,25.0
53abdd5b5dfac6c9,androidx/work/impl/model/WorkSpecDao_Impl$2,1,72,1.39
709c749c2156aa67,kotlin/collections/SetsKt__SetsKt,1,33,3.03
960e2f771510187f,androidx/activity/result/ActivityResultRegistry$3,1,9,11.11
1e953303aa0fce26,androidx/transition/ChangeBounds$5,1,9,11.11
442ef6c0a3494262,androidx/transition/ChangeBounds$4,1,9,11.11
44042d578727c1f6,androidx/work/impl/model/WorkSpecDao_Impl$10,1,2,50.0
ad3ddfe63075ca21,androidx/work/impl/model/WorkSpecDao_Impl$4,1,2,50.0
70a7b7d0533e6a79,com/google/android/gms/internal/mlkit_common/zzal,1,2,50.0
d2e2107097cb24db,org/wikipedia/WikipediaFileProvider,1,1,100.0
555c6f3a617a3ec5,leakcanary/internal/activity/LeakActivity$onCreate$3,1,2,50.0
0b60ee8c9e4ed611,io/reactivex/rxjava3/schedulers/Schedulers$ComputationHolder,1,2,50.0
6440cbd763025269,org/wikipedia/offline/db/OfflineObjectDao_Impl$3,1,18,5.56
57ef8fb675447796,androidx/arch/core/executor/TaskExecutor,1,5,20.0
b2a2ba4eab5d862d,org/wikipedia/analytics/eventplatform/NotificationInteractionEvent,1,7,14.29
43bcaaddcecc2740,org/wikipedia/database/AppDatabase$Companion$MIGRATION_20_21$1,1,2,50.0
e4c5e85ec56a6654,androidx/fragment/app/FragmentManager$FragmentIntentSenderContract,1,22,4.55
c35452fb2392a6c4,com/google/android/material/internal/ParcelableSparseArray$1,1,7,14.29
1e9836204d33ce2a,androidx/coordinatorlayout/R$styleable,1,2,50.0
8a1c429717e1fb61,androidx/work/impl/model/SystemIdInfoDao_Impl$3,1,2,50.0
9cfa8bf60f6dfc05,androidx/appcompat/app/AppCompatDelegateImpl$3,1,9,11.11
28cf5c53d1ff9fe5,kotlinx/serialization/SerializersKt,1,19,5.26
e2a106e8d406bd56,com/google/android/datatransport/runtime/time/WallTimeClock,1,2,50.0
15e0975c5fd9b6aa,okio/Buffer$UnsafeCursor,1,97,1.03
6a8321ec1cadcfb2,androidx/emoji2/viewsintegration/EmojiTextViewHelper$HelperInternal,1,7,14.29
316aa35f5e3e7b0e,io/reactivex/rxjava3/internal/observers/BasicIntQueueDisposable,1,3,33.33
497ca26a9b6d5c88,kotlin/collections/ArraysUtilJVM,1,2,50.0
b1e7a6a43da8354f,com/google/android/gms/cloudmessaging/zzk,1,3,33.33
90dd0815aeffe150,androidx/transition/ChangeBounds$6,1,9,11.11
e145cad7685bcee5,androidx/transition/ChangeBounds$3,1,5,20.0
a3a1578cb8774d86,androidx/work/impl/model/WorkProgressDao_Impl$2,1,2,50.0
5c0ec8d212700ff9,org/wikipedia/database/AppDatabase$Companion$MIGRATION_21_22$1,1,2,50.0
6952b6c9defbb0a9,org/wikipedia/dataclient/WikiSite$Creator,1,5,20.0
75a664d894154902,org/wikipedia/database/AppDatabase$Companion$MIGRATION_22_23$1,1,63,1.59
bdb8e115bd34abf7,androidx/work/impl/utils/taskexecutor/WorkManagerTaskExecutor$1,1,2,50.0
6451a7e729bdbaff,org/wikipedia/history/db/HistoryEntryWithImageDao_Impl,1,91,1.1
003270778e4b3816,org/wikipedia/navtab/NavTab$READING_LISTS,1,2,50.0
6ea8693855b2aead,androidx/work/impl/model/WorkNameDao_Impl,1,41,2.44
b7d95441062e5241,retrofit2/Converter$Factory,1,6,16.67
b74a8b6328ff932a,androidx/work/impl/model/WorkSpecDao_Impl$12,1,2,50.0
770aa0d00b7fea27,androidx/viewpager2/widget/ViewPager2$PageAwareAccessibilityProvider$3,1,2,50.0
6c37c9042409538d,androidx/lifecycle/LiveData$1,1,4,25.0
65915cb168524a02,org/wikipedia/main/MainFragment$PageChangeCallback,1,4,25.0
5fa71a272956fdb8,androidx/appcompat/widget/Toolbar$2,1,2,50.0
f63c0804969b5b0d,leakcanary/ServiceWatcher$install$3$1,1,3,33.33
b4485075becce58e,androidx/core/content/ContextCompat$Api23Impl,1,4,25.0
07d6abc9ee0150bc,androidx/transition/ChangeBounds$2,1,5,20.0
ec6ec66635a370f6,io/reactivex/rxjava3/internal/functions/Functions$FalsePredicate,1,2,50.0
b545154fd5173eca,com/google/firebase/AutoValue_StartupTime,1,17,5.88
b524794e0a4bc90f,org/wikipedia/search/db/RecentSearchDao_Impl,1,14,7.14
b4d6098fe505d1ff,kotlin/jvm/internal/Lambda,1,3,33.33
10041e2cc7f84ac5,androidx/recyclerview/widget/RecyclerView$EdgeEffectFactory,1,2,50.0
eaf62a209a34044e,androidx/transition/PathMotion,1,2,50.0
6b6fa8fdd7c90e1e,androidx/recyclerview/widget/RecyclerView$ItemAnimatorRestoreListener,1,12,8.33
eb24eea7b2aee37b,androidx/customview/view/AbsSavedState$2,1,9,11.11
6db49c8b7479d119,androidx/fragment/app/Fragment$Api19Impl,1,2,50.0
2cc0e55deef0ac52,com/google/firebase/components/ComponentRegistrarProcessor,1,1,100.0
766df858c0ed13b8,com/google/android/gms/internal/mlkit_language_id_common/zzag,1,3,33.33
9b49b264d9c30e1c,androidx/recyclerview/widget/LinearLayoutManager$SavedState$1,1,5,20.0
81f6f583f3032b3a,com/google/android/material/R$styleable,1,2,50.0
562342d59ea4164c,com/google/android/gms/cloudmessaging/zzi,1,2,50.0
0ac8b50dcb7296be,com/google/android/material/tabs/TabLayout$TabView$1,1,5,20.0
c49488072fea911c,androidx/core/view/PointerIconCompat$Api24Impl,1,4,25.0
ac95ad044c979bca,okhttp3/Authenticator$Companion$AuthenticatorNone,1,2,50.0
437698b591c8f714,kotlinx/serialization/internal/EnumDescriptor$elementDescriptors$2,1,5,20.0
86cf9e1c23f07849,androidx/arch/core/internal/SafeIterableMap$SupportRemove,1,1,100.0
52d9074924e9c468,shark/AndroidObjectInspectors$SUPPORT_FRAGMENT$leakingObjectFilter$1,1,11,9.09
1db8a963066293d1,androidx/core/widget/NestedScrollView$AccessibilityDelegate,1,51,1.96
6f6882dd9eaed650,androidx/activity/result/contract/ActivityResultContracts$RequestPermission,1,26,3.85
9bd39ce9b6159e63,shark/ObjectInspectors$THREAD,1,3,33.33
c574479cbf077eb2,androidx/constraintlayout/core/PriorityGoalRow$GoalVariableAccessor,1,46,2.17
bbf90cae5bf60ff2,androidx/activity/ComponentActivity$Api19Impl,1,2,50.0
aceff5e69fa624a7,androidx/emoji2/text/EmojiCompat$MetadataRepoLoaderCallback,1,1,100.0
eb15364a3cafaf90,leakcanary/internal/activity/screen/LeaksScreen$onGroupsRetrieved$1,1,20,5.0
5168ee3804493a01,com/google/android/material/shape/ShapeAppearancePathProvider$Lazy,1,2,50.0
0b8299794215289d,com/google/android/material/shape/ShapeAppearancePathProvider$ShapeAppearancePathSpec,1,1,100.0
83a8959566bb86da,com/google/android/datatransport/runtime/TransportContext$Builder,1,1,100.0
5c2a2ce815af2ff8,org/wikipedia/database/AppDatabase$Companion$MIGRATION_23_24$1,1,3,33.33
2e90a37c0cd3282a,okhttp3/internal/connection/RealConnection$WhenMappings,1,1,100.0
ab4338fe28118a01,org/wikipedia/util/log/L$LEVEL_E$1,1,2,50.0
f24cebd4ac48d31e,com/google/android/material/navigation/NavigationBarView$1,1,11,9.09
398bba3562b0b14b,shark/AndroidObjectInspectors$Companion$createLeakingObjectFilters$2$1,1,3,33.33
e4d45ade0295fdef,com/google/android/gms/internal/mlkit_language_id_bundled/zbl,1,2,50.0
11a59483da093795,androidx/appcompat/app/AppLocalesMetadataHolderService$Api24Impl,1,2,50.0
a7b0370cadfcce0d,kotlinx/coroutines/CompletionHandlerBase,1,1,100.0
86f97c3272c66ca6,com/google/android/gms/stats/zzc,1,3,33.33
9aef569d20e9d303,org/wikipedia/offline/db/OfflineObjectDao_Impl$1,1,18,5.56
08c9630084d3ec7f,com/google/android/datatransport/runtime/scheduling/SchedulingConfigModule,1,2,50.0
843768d46e34f534,io/reactivex/rxjava3/schedulers/Schedulers$IoHolder,1,2,50.0
b81e5348b898330d,com/google/android/gms/internal/mlkit_common/zzac,1,36,2.78
4605b40782c51734,shark/ObjectInspectors$CLASS,1,6,16.67
c9ba80fdfbae993d,androidx/work/impl/model/DependencyDao_Impl,1,73,1.37
b1b7e2f811a47217,shark/AndroidObjectInspectors$MESSAGE,1,3,33.33
dfcc71f2c2729e83,org/wikipedia/util/log/L$LEVEL_I$1,1,2,50.0
e7b0f6985417ebc9,androidx/work/impl/model/WorkSpecDao_Impl$1,1,69,1.45
4636e53b1840b953,androidx/appcompat/app/ToolbarActionBar$1,1,2,50.0
1da94f7c75d37aa0,androidx/work/InputMergerFactory$1,1,2,50.0
c11baa57e19c4bad,org/wikipedia/activity/BaseActivity$ExclusiveBusConsumer,1,28,3.57
8f2edb89e416b5a3,okhttp3/EventListener$Companion$NONE$1,1,1,100.0
77224c0336826d5a,androidx/recyclerview/widget/RecyclerView$3,1,2,50.0
7ad21698bad7d2b0,androidx/work/impl/utils/taskexecutor/TaskExecutor,1,1,100.0
02b7d727ce798c8a,shark/ObjectInspectors$CLASSLOADER,1,3,33.33
6479ed100662b1d2,io/reactivex/rxjava3/internal/functions/Functions$EmptyRunnable,1,3,33.33
c36c24574c96ce8e,androidx/fragment/app/SpecialEffectsController$Operation$1,1,2,50.0
e09c412c9cb8e42f,io/reactivex/rxjava3/internal/util/Pow2,1,6,16.67
e7791e3d723107af,androidx/work/impl/WorkDatabase_AutoMigration_13_14_Impl,1,7,14.29
999a1ae0844433b0,androidx/work/impl/model/SystemIdInfoDao_Impl$1,1,8,12.5
c8181433b10025b1,com/google/firebase/installations/remote/InstallationResponse$Builder,1,1,100.0
a09b3ca0f9a044b1,io/reactivex/rxjava3/internal/functions/Functions$NullProvider,1,2,50.0
e2ec9f837b7aad4e,com/google/firebase/concurrent/FirebaseExecutors,1,3,33.33
7d66723dd5830781,androidx/fragment/app/FragmentState$1,1,5,20.0
f0d1bdbab883971f,androidx/lifecycle/ViewModelProvider$AndroidViewModelFactory,1,33,3.03
02b2eed011079cb4,kotlin/coroutines/ContinuationInterceptor,1,1,100.0
6b8d7b344a4ee95a,kotlinx/serialization/json/internal/CreateMapForCacheKt,1,1,100.0
fd62d5d9cee5972b,androidx/fragment/app/FragmentManager$9,1,10,10.0
b855e8697dabf8a1,androidx/recyclerview/widget/RecyclerView$AdapterDataObserver,1,8,12.5
45c188dcb7f4068b,androidx/fragment/app/FragmentManager$5,1,2,50.0
e829bb35d3a83f95,com/google/android/gms/internal/mlkit_language_id_bundled/zbm,1,3,33.33
cdd644cfb2a3e88c,okhttp3/internal/platform/android/BouncyCastleSocketAdapter$Companion$factory$1,1,9,11.11
0cdf8194e5776d31,com/google/android/material/tabs/ElasticTabIndicatorInterpolator,1,17,5.88
43ebb4e0939bf789,androidx/work/impl/AutoMigration_14_15,1,6,16.67
2dfeb5910d64a862,retrofit2/OkHttpCall$NoContentResponseBody,1,4,25.0
af7f1ed73edfdb83,org/wikipedia/WikipediaApp$voiceRecognitionAvailable$2,1,11,9.09
2b6ce2811447dcf5,androidx/core/os/UserManagerCompat$Api24Impl,1,2,50.0
1f4cc7b7a1614140,okio/Timeout$Companion$NONE$1,1,4,25.0
ff81407dbb4fc307,leakcanary/internal/activity/db/HeapAnalysisTable$onUpdate$1,1,3,33.33
39e5e15c255382b3,leakcanary/internal/activity/screen/LeaksScreen$createView$1$unsubscribeRefresh$1,1,3,33.33
17f5869c95f70261,kotlin/jvm/internal/Ref$ObjectRef,1,2,50.0
771f3764c897b1f9,org/wikipedia/BuildConfig,1,2,50.0
6d3a78d667b679ea,shark/AndroidObjectInspectors$COORDINATOR,1,3,33.33
b7952267881b265e,androidx/work/impl/model/RawWorkInfoDao_Impl,1,143,0.7
f13bfde81fd6f519,androidx/core/view/NestedScrollingParentHelper,1,10,10.0
92cc80e0ac289f90,com/google/android/datatransport/runtime/backends/CreationContextFactory,1,2,50.0
99a5491197e1cadf,kotlinx/coroutines/ChildHandleNode,1,5,20.0
803c7d6bc1848d91,io/reactivex/rxjava3/schedulers/Schedulers$SingleHolder,1,2,50.0
5f0ac36863d6c812,kotlinx/serialization/modules/SerializersModuleBuildersKt,1,25,4.0
48a811385e4f76eb,shark/AndroidReferenceMatchers$Companion$libraryLeak$1,1,4,25.0
b64f9e1aa4fe11df,leakcanary/internal/HeapDumpTrigger$scheduleDismissNoRetainedOnTapNotification$1,1,3,33.33
b52b891780278d88,androidx/emoji2/text/DefaultEmojiCompatConfig$DefaultEmojiCompatConfigHelper,1,4,25.0
3f68ccbf96633fdb,com/google/android/datatransport/runtime/backends/MetadataBackendRegistry$BackendFactoryProvider,1,51,1.96
8c629d287f714047,kotlinx/coroutines/EventLoopImplPlatform,1,10,10.0
8b2ade92ef33353d,io/reactivex/rxjava3/internal/functions/ObjectHelper$BiObjectPredicate,1,2,50.0
111cb579b0fc6120,com/google/android/gms/internal/mlkit_language_id_bundled/zbh,1,2,50.0
2ccdbab2f7d6b0e9,androidx/core/view/ViewCompat$Api21Impl$1,1,13,7.69
f2ce875a6a977238,androidx/core/view/ViewCompat$Api15Impl,1,2,50.0
687bda454d06b887,com/google/android/material/shape/ShapePath$ArcShadowOperation,1,5,20.0
831e54bb3d34f5a7,androidx/lifecycle/ViewModelProvider$NewInstanceFactory,1,15,6.67
cfa3224d0137e6dd,com/google/android/material/bottomnavigation/BottomNavigationView$1,1,12,8.33
083b211e23976da9,org/wikipedia/talk/db/TalkPageSeenDao_Impl,1,28,3.57
bab2e66d51951569,androidx/lifecycle/SavedStateHandleSupport$VIEW_MODEL_STORE_OWNER_KEY$1,1,1,100.0
d7dc99b7e9799a4a,org/wikipedia/offline/db/OfflineObjectDao_Impl$4,1,2,50.0
8f7438f338167c77,io/reactivex/rxjava3/internal/schedulers/ComputationScheduler$PoolWorker,1,1,100.0
7e25b0722d52fccb,com/google/android/material/shape/ShapePath$1,1,5,20.0
9c57694d3c845410,com/google/android/material/internal/BaselineLayout,1,43,2.33
bcf189a1cbaaf524,kotlinx/coroutines/CoroutineExceptionHandler,1,1,100.0
32d1b176e60e28a2,io/reactivex/rxjava3/internal/functions/Functions$OnErrorMissingConsumer,1,3,33.33
fc5b338fc90e86cb,com/google/android/gms/internal/mlkit_language_id_bundled/zbd,1,34,2.94
6f889520bba83a0f,com/google/android/material/navigation/NavigationBarView$SavedState$1,1,7,14.29
27f8996eafae7e7d,androidx/appcompat/app/AppCompatDelegateImpl$Api24Impl,1,10,10.0
04dab0577a26322f,androidx/lifecycle/SavedStateHandleSupport$SAVED_STATE_REGISTRY_OWNER_KEY$1,1,1,100.0
d6634da408285c4c,kotlin/internal/jdk7/JDK7PlatformImplementations,1,16,6.25
390ae5e61e37a5ee,androidx/appcompat/R$styleable,1,2,50.0
71d30915df7360c1,androidx/collection/ArrayMap,1,18,5.56
59a461b6ee281dd4,leakcanary/internal/navigation/Screen,1,1,100.0
333b97d584c2226f,okhttp3/internal/cache/DiskLruCache$newJournalWriter$faultHidingSink$1,1,9,11.11
5531be0be3b452cc,androidx/profileinstaller/ProfileInstaller$1,1,3,33.33
9034ddd6b49a9851,leakcanary/AndroidLeakFixes$TEXT_LINE_POOL$apply$1$2,1,11,9.09
c17470b9b29a34d2,org/wikipedia/pageimages/db/PageImageDao_Impl,1,34,2.94
82eb069cda29004f,org/wikipedia/language/AppLanguageLookUpTable$languagesVariants$2,1,24,4.17
6f504474018e6431,okhttp3/internal/platform/android/ConscryptSocketAdapter$Companion$factory$1,1,9,11.11
02b51e3a6a14ee06,com/google/android/gms/internal/mlkit_language_id_common/zzaf,1,2,50.0
db213f97c06d1378,com/google/android/material/internal/ViewUtils$RelativePadding,1,3,33.33
0437f519c464ef45,shark/AndroidObjectInspectors$LOADED_APK,1,3,33.33
6e89b74c31a1c3a3,kotlin/coroutines/jvm/internal/SuspendLambda,1,7,14.29
e71a00dfcae5f48c,androidx/core/widget/TextViewCompat$Api16Impl,1,4,25.0
1e41564150983ead,com/google/android/gms/common/util/Base64Utils,1,13,7.69
90443c2a5ed62d93,shark/AndroidObjectInspectors$COMPOSITION_IMPL,1,3,33.33
36ed6870720f6fcf,androidx/core/view/WindowInsetsControllerCompat$Impl,1,12,8.33
027238aaa4fe5241,org/wikipedia/activity/BaseActivity$NonExclusiveBusConsumer,1,5,20.0
c0dd9e4cc759d167,androidx/core/R$styleable,1,2,50.0
2911910e74889e5f,androidx/core/view/ViewCompat$Api24Impl,1,7,14.29
57b9f67d92d595bb,androidx/viewpager2/widget/ViewPager2$PageAwareAccessibilityProvider$2,1,3,33.33
693f54ac30629864,androidx/fragment/app/Fragment$AnimationInfo,1,1,100.0
95d392d90ff50fe8,androidx/work/impl/model/WorkProgressDao_Impl$1,1,10,10.0
9c0dd86d5b1161c0,shark/AndroidObjectInspectors$DIALOG,1,3,33.33
168b5b38a2fee829,androidx/work/impl/model/WorkSpecDao_Impl$8,1,2,50.0
95f8e4dadfe0ade8,kotlin/jvm/internal/Ref$BooleanRef,1,2,50.0
c9848a2ccb052e86,leakcanary/internal/activity/LeakActivity$onCreate$2,1,2,50.0
ca089b36a3361c3d,androidx/appcompat/app/AppCompatDelegateImpl$Api17Impl,1,7,14.29
869cb48fd40e5b6e,androidx/appcompat/widget/AppCompatTextViewAutoSizeHelper$Impl23,1,4,25.0
b6ed477fb488661a,okhttp3/CertificatePinner$check$1,1,12,8.33
0a57392913375c91,androidx/profileinstaller/ProfileVersion,1,5,20.0
09778d1a5df3bcf9,io/reactivex/rxjava3/internal/functions/Functions$TruePredicate,1,2,50.0
c7fb84c307ef0c33,org/wikipedia/edit/db/EditSummaryDao_Impl,1,10,10.0
7abdbc17b3a1281f,androidx/work/impl/model/WorkSpecDao_Impl$9,1,2,50.0
58cd82cc699b1ad4,leakcanary/internal/activity/db/Io$execute$1,1,3,33.33
4366322d110d0782,org/wikipedia/navtab/NavTab$EXPLORE,1,2,50.0
6e88e2cfe1501b0d,androidx/recyclerview/widget/RecyclerView$1,1,8,12.5
cc73346096ffd977,androidx/work/impl/model/WorkSpecDao_Impl$5,1,2,50.0
fddccd33f3632322,androidx/fragment/app/Fragment$10,1,9,11.11
e610f2bf88107806,kotlinx/coroutines/scheduling/GlobalQueue,1,1,100.0
b19d87a635eae950,androidx/appcompat/app/ToolbarActionBar$2,1,2,50.0
7c57846db1e694d6,org/wikipedia/history/db/HistoryEntryDao_Impl,1,32,3.12
9f090a337592bacc,androidx/coordinatorlayout/widget/CoordinatorLayout$ViewElevationComparator,1,6,16.67
94f7a06cde50b261,org/wikipedia/util/log/L$LEVEL_V$1,1,2,50.0
825099ed914daa24,androidx/room/migration/Migration,1,1,100.0
ce72278f93f140e9,io/reactivex/rxjava3/internal/functions/Functions$MaxRequestSubscription,1,3,33.33
68ea15486038ecb3,androidx/activity/ComponentActivity$1,1,6,16.67
eb8706a73e0cb559,org/wikipedia/main/MainFragment$EventBusConsumer,1,7,14.29
0c09f483ea24c024,io/reactivex/rxjava3/internal/operators/observable/AbstractObservableWithUpstream,1,2,50.0
2767d5648ecc4031,okhttp3/internal/cache/DiskLruCache$Editor$newSink$1$1,1,6,16.67
166868c6073dc8c6,androidx/fragment/app/FragmentManager$2,1,5,20.0
85d1cca07373e377,kotlinx/serialization/json/internal/DescriptorSchemaCache$Key,1,1,100.0
2d1303814fd9edab,androidx/fragment/app/FragmentManager$3,1,2,50.0
1c48f7d637cc9ba9,androidx/fragment/app/FragmentManager$10,1,16,6.25
d786ec8c77a214ae,org/wikipedia/navtab/NavTab$EDITS,1,2,50.0
f3277a00766c8209,androidx/recyclerview/widget/RecyclerView$StretchEdgeEffectFactory,1,2,50.0
f96207ce68681f02,androidx/customview/view/AbsSavedState$1,1,1,100.0
459e8cccd64ccae1,androidx/profileinstaller/ProfileInstaller$2,1,22,4.55
514c6e3199841585,shark/AndroidObjectInspectors$LIFECYCLE_REGISTRY,1,14,7.14
d316477f3d67e9fc,androidx/core/view/ViewCompat$Api20Impl,1,4,25.0
b16d89d8abad99c1,androidx/recyclerview/widget/RecyclerView$RecyclerViewDataObserver,1,42,2.38
b251bdc299aa5625,androidx/core/content/res/ResourcesCompat$Api23Impl,1,3,33.33
1bd47028c90da23e,okhttp3/internal/connection/RealConnection$connectTls$2,1,8,12.5
3f14c68ed54e55fc,com/google/firebase/installations/local/PersistedInstallationEntry$Builder,1,1,100.0
b0e5c6d700473999,com/google/firebase/heartbeatinfo/HeartBeatConsumerComponent$1,1,1,100.0
8e2d27227cbe189b,org/wikipedia/main/MainFragment$MediaDownloadReceiverCallback,1,2,50.0
bfd664f1cc8db165,kotlinx/coroutines/scheduling/SchedulerTimeSource,1,1,100.0
600ebc36d15061b6,leakcanary/internal/activity/LeakActivity$onCreate$1,1,2,50.0
b04921c908520ac3,shark/AndroidObjectInspectors$MORTAR_PRESENTER,1,3,33.33
bf8ea36b7e5e32cc,androidx/work/WorkerFactory$1,1,2,50.0
16f3d4586f52a2b3,leakcanary/internal/activity/screen/LeaksScreen$createView$1$1,1,3,33.33
cc696d2db22c66b9,androidx/viewpager2/widget/ViewPager2$1,1,3,33.33
be5e469d8e0b7ccd,androidx/profileinstaller/ProfileVerifier$CompilationStatus,1,4,25.0
6f2eb524fa2b12c6,com/google/android/gms/internal/tasks/zza,1,2,50.0
1e5032f7960d523a,com/google/android/gms/internal/mlkit_language_id_common/zzm,1,13,7.69
0b5608634a4a487a,kotlinx/coroutines/internal/Symbol,1,5,20.0
cc3905f186c1bfe8,org/wikipedia/offline/db/OfflineObjectDao_Impl$2,1,4,25.0
1fdef8e5f19137d4,org/wikipedia/language/AppLanguageLookUpTable$canonicalNames$2,1,3,33.33
f08e6c110b69b47b,kotlinx/coroutines/Job,1,1,100.0
feabe791b44e2145,androidx/recyclerview/widget/RecyclerView$4,1,13,7.69
03bcf6e0987a4d25,androidx/core/content/pm/ShortcutInfoCompatSaver,1,2,50.0
56ef45f5072eaeae,com/google/android/gms/internal/mlkit_language_id_common/zzk,1,34,2.94
9b45fba62f9c4a39,org/wikipedia/database/AppDatabase$Companion$MIGRATION_19_20$1,1,2,50.0
bffe630cd6c55a73,shark/AndroidObjectInspectors$RECOMPOSER,1,3,33.33
daad36e62f82ec51,androidx/recyclerview/widget/RecyclerView$6,1,17,5.88
eb379f4bc88209c3,androidx/core/math/MathUtils,1,60,1.67
8f8ce882cb5a5913,androidx/core/app/ActivityCompat$Api16Impl,1,4,25.0
