class_id,class_name,probes_hit,probes_total,pct
b2d020a589ad0713,androidx/recyclerview/widget/RecyclerView,566,2094,27.03
c8e8239f2a12e383,androidx/constraintlayout/core/widgets/ConstraintWidget,435,1610,27.02
9d4f0d1c8b49e209,androidx/work/impl/model/WorkSpecDao_Impl,390,1265,30.83
b3742666264f95b3,androidx/appcompat/widget/Toolbar,367,911,40.29
adf6bef78ba68364,androidx/fragment/app/FragmentManager,324,1386,23.38
9a363820b9714f33,androidx/coordinatorlayout/widget/CoordinatorLayout,291,954,30.5
6f98267c2dd6b5ee,androidx/drawerlayout/widget/DrawerLayout,289,825,35.03
dda310cec380118c,androidx/appcompat/app/AppCompatDelegateImpl,263,1183,22.23
f292c4461ce52b59,kotlinx/coroutines/JobSupport,260,750,34.67
62b2bf2014f942e5,androidx/recyclerview/widget/LinearLayoutManager,252,794,31.74
e6ffbaf0b54f5bf4,com/google/android/material/shape/MaterialShapeDrawable,234,428,54.67
5b404f74a29f4f1c,androidx/constraintlayout/widget/ConstraintLayout,228,598,38.13
a355168e63581b16,androidx/constraintlayout/core/widgets/analyzer/Direct,226,645,35.04
24705cd9209e6113,androidx/appcompat/widget/LinearLayoutCompat,198,625,31.68
26a579d6b2a81b59,androidx/constraintlayout/core/LinearSystem,189,508,37.2
2759aeaa24f1d615,androidx/fragment/app/Fragment,180,745,24.16
f424553790275428,androidx/constraintlayout/core/widgets/ConstraintWidgetContainer,176,460,38.26
d20f372feaf82a8e,com/google/android/material/navigation/NavigationView,168,272,61.76
d061546d232fec83,com/orgzly/android/prefs/AppPreferences,164,562,29.18
70cf3e5ce7f8de5a,com/orgzly/android/data/DataRepository,161,1254,12.84
74067032a7981ce9,androidx/recyclerview/widget/RecyclerView$LayoutManager,153,631,24.25
f1030c7fa88ff1c4,com/google/android/material/card/MaterialCardViewHelper,143,301,47.51
d99470dfcef62ef2,com/orgzly/android/db/dao/BookViewDao_Impl,137,553,24.77
2d2f8e4390d74009,com/google/android/material/appbar/AppBarLayout,136,411,33.09
4ef7c76bb5f36f13,kotlinx/coroutines/flow/SharedFlowImpl,134,363,36.91
c4560b4089076247,org/joda/time/chrono/AssembledChronology,133,192,69.27
935eddf731a04b96,androidx/appcompat/widget/SearchView,133,571,23.29
6a6be5e39378cd1f,androidx/customview/widget/ViewDragHelper,133,507,26.23
ec45d1beef1a05d1,androidx/core/view/ViewCompat,132,884,14.93
8fede959487f34b3,androidx/fragment/app/FragmentStateManager,130,410,31.71
22947606e23fbc97,com/orgzly/android/ui/books/BooksFragment,128,467,27.41
afa5a7193a493c73,androidx/constraintlayout/core/ArrayLinkedVariables,128,201,63.68
35872d677193442f,androidx/appcompat/app/AlertController,118,326,36.2
a4536b719c9ee716,androidx/work/impl/WorkerWrapper,118,250,47.2
4614f301c96a3f2a,androidx/recyclerview/widget/RecyclerView$Recycler,117,533,21.95
20e1c76dc8a4e786,androidx/constraintlayout/core/ArrayRow,117,311,37.62
1e7d54e1ebe45f60,androidx/appcompat/view/menu/MenuBuilder,117,527,22.2
16b5e5fecbd8dfcc,androidx/constraintlayout/core/widgets/analyzer/BasicMeasure,115,274,41.97
89d787a7a8fbcd7e,com/orgzly/android/ui/notes/NoteItemViewBinder,112,229,48.91
b86d033b487b5453,com/orgzly/android/db/dao/NoteViewDao_Impl$3,111,287,38.68
357a8e3caea5ca04,com/google/android/material/shape/ShapeAppearancePathProvider,108,127,85.04
62dc58c50e3466f0,androidx/appcompat/view/menu/MenuItemImpl,106,297,35.69
0f48900639bf7d76,androidx/preference/Preference,104,474,21.94
fc9ea3fbe0723046,androidx/appcompat/widget/ResourceManagerInternal,103,221,46.61
59b409c26a1ae9a5,androidx/appcompat/widget/AppCompatTextHelper,102,379,26.91
ea5b16a6c0f6108f,androidx/appcompat/widget/ActionMenuPresenter,101,282,35.82
1d0fa5171db4383e,com/orgzly/android/ui/main/MainActivity,99,297,33.33
20c1e35d32a7f498,com/google/android/material/shape/ShapeAppearanceModel,98,118,83.05
b3bbe5fd5d5a5f6e,androidx/room/InvalidationTracker,97,177,54.8
94b25ff5291f6d97,com/orgzly/android/db/OrgzlyDatabase_Impl,96,219,43.84
e1aa900aaccfb268,androidx/lifecycle/LifecycleRegistry,95,137,69.34
6e6383d4bf7b1b22,androidx/recyclerview/widget/DefaultItemAnimator,94,349,26.93
034b0d1e87ce2516,kotlinx/coroutines/CancellableContinuationImpl,93,325,28.62
c29ceda78a608bff,androidx/appcompat/widget/AlertDialogLayout,92,122,75.41
d6db8b4554cf5c71,com/orgzly/android/ui/notes/query/search/SearchFragment,91,217,41.94
0d29afec0e1da9c4,com/orgzly/org/parser/OrgSaxyParser,89,118,75.42
4ba7edeaa3a1f7df,com/google/android/material/floatingactionbutton/FloatingActionButtonImpl,89,333,26.73
51458b69cce0cd0c,androidx/fragment/app/SpecialEffectsController,88,153,57.52
2cdca220ea55a2aa,com/google/android/material/floatingactionbutton/FloatingActionButton,88,239,36.82
afc85c0e8ef32079,org/joda/time/chrono/BasicChronology,87,180,48.33
83b70bb5745781ef,androidx/room/RoomDatabase,86,176,48.86
93020481f0aa0234,androidx/constraintlayout/widget/ConstraintLayout$Measurer,86,193,44.56
be154e847c4c7f8d,androidx/swiperefreshlayout/widget/SwipeRefreshLayout,84,426,19.72
214c6270129ebc50,androidx/work/impl/background/systemjob/SystemJobScheduler,81,178,45.51
21aa3459d6b8d7ff,com/orgzly/android/db/dao/BookDao_Impl,77,447,17.23
928db9a81dd3f948,com/orgzly/android/ui/drawer/DrawerNavigationView,77,96,80.21
753936b85beada84,kotlin/jvm/internal/ClassReference,75,119,63.03
d86ada52df5298c3,androidx/appcompat/view/SupportMenuInflater$MenuState,75,111,67.57
d3244b36f20b9dfa,com/orgzly/android/db/OrgzlyDatabase_Impl$1,74,377,19.63
e5e8d05c24113431,androidx/fragment/app/FragmentStore,74,209,35.41
b4557d316bca5c9f,com/google/android/material/shape/ShapeAppearanceModel$Builder,73,108,67.59
ef8d115b5dfac734,com/google/android/material/internal/NavigationMenuItemView,73,115,63.48
570acf85dfe8d2ab,androidx/localbroadcastmanager/content/LocalBroadcastManager,71,127,55.91
a0d47d02a1086b7c,com/google/android/material/progressindicator/DrawableWithAnimatedVisibilityChange,71,155,45.81
902841575ccf25be,kotlinx/coroutines/scheduling/CoroutineScheduler$Worker,70,187,37.43
57497a38ebe02467,kotlinx/coroutines/scheduling/CoroutineScheduler,69,291,23.71
a42b5cb8755a01fe,com/google/android/material/internal/NavigationMenuPresenter,69,141,48.94
28c57809857a8afb,com/google/android/material/progressindicator/BaseProgressIndicator,69,241,28.63
c399b35859a6566f,com/google/android/material/internal/NavigationMenuPresenter$NavigationMenuAdapter,68,203,33.5
86ed9c45b8559e4b,com/google/android/material/button/MaterialButton,68,393,17.3
0b21de17d9a6d164,com/google/android/material/shape/ShapePath,67,113,59.29
8b55f84748bc303e,androidx/appcompat/view/menu/ActionMenuItemView,67,134,50.0
9628fe2b93968a5f,com/orgzly/android/db/dao/BookViewDao_Impl$1,67,134,50.0
031af4820b13ef95,androidx/work/impl/utils/futures/AbstractFuture,65,302,21.52
45d29735c9b4fac0,org/joda/time/chrono/GJChronology,64,147,43.54
e5679b9ed2ec91a7,androidx/core/content/res/ColorStateListInflaterCompat,62,96,64.58
dd7cc9d85ef647a5,com/orgzly/android/ui/views/richtext/RichText,62,192,32.29
6ff6bcf82eef4fe1,androidx/work/impl/utils/EnqueueRunnable,61,173,35.26
983c9f2656400bb5,com/google/android/material/bottomappbar/BottomAppBar,61,388,15.72
b0697c726d76e614,com/orgzly/android/ui/books/BooksAdapter,61,98,62.24
af9b61d318e65139,androidx/lifecycle/LiveData,60,95,63.16
e270e2a644787839,androidx/constraintlayout/widget/ConstraintLayout$LayoutParams$Table,60,61,98.36
1b2a7abf91b19091,com/orgzly/org/OrgHead,60,98,61.22
a4c323c45701db13,com/orgzly/android/data/DataRepository$loadBookFromReader$1$1,58,64,90.62
610115570643abe0,androidx/fragment/app/BackStackRecord,58,355,16.34
63724b760f68943d,androidx/startup/AppInitializer,58,86,67.44
9272d73b6d735387,androidx/collection/ArraySet,58,219,26.48
dae5e4d9fed9e1c7,androidx/constraintlayout/core/widgets/Chain,57,254,22.44
46ed39d1aa5a4b8d,com/orgzly/android/ui/CommonActivity,57,188,30.32
9358a7ea57a2e43d,androidx/appcompat/widget/AppCompatTextView,57,221,25.79
d0773c01b8739005,androidx/constraintlayout/widget/ConstraintLayout$LayoutParams,57,226,25.22
2d987c4349f15b6f,androidx/work/impl/WorkManagerImpl,57,175,32.57
f08b5c1e8e33af33,androidx/activity/ComponentActivity,56,203,27.59
d9a66bc5eb2cfd20,androidx/core/view/accessibility/AccessibilityNodeInfoCompat$AccessibilityActionCompat,56,111,50.45
3b74a632159dd4c5,org/joda/time/chrono/ZonedChronology,56,108,51.85
44c72c82fda9571b,androidx/preference/PreferenceInflater,55,113,48.67
93f72387ec4614a2,com/google/android/material/button/MaterialButtonHelper,55,193,28.5
84846663c1db5034,androidx/recyclerview/widget/RecyclerView$ViewHolder,54,172,31.4
4f569f11d1a7c901,com/google/android/material/internal/ForegroundLinearLayout,54,83,65.06
7eb31eab040e4556,androidx/core/content/res/ResourcesCompat,52,140,37.14
7f56c2300218e772,androidx/work/impl/WorkDatabase_Impl,52,111,46.85
e4297ca781b1e21c,androidx/collection/SimpleArrayMap,50,266,18.8
0eb7289215c09f75,androidx/appcompat/app/AppCompatViewInflater,50,173,28.9
2eb30f4167d7200a,com/orgzly/android/db/dao/OrgTimestampDao_Impl$1,50,61,81.97
9f7c50df2c6e5611,androidx/fragment/app/DefaultSpecialEffectsController,50,333,15.02
5fa8602c04aeb26b,com/orgzly/android/reminders/NoteReminders,49,72,68.06
679b56d1ec9bfbb6,com/orgzly/android/db/dao/NoteDao_Impl,49,2459,1.99
21b9b531ec03a9a3,androidx/appcompat/widget/ActionMenuView,49,318,15.41
c5589bfee10e2ad9,androidx/work/impl/Processor,48,120,40.0
3ff6372e7e8dd20a,com/orgzly/org/datetime/OrgDateTime,48,142,33.8
0584f02fed2a67a9,org/joda/time/DateTimeFieldType,48,74,64.86
6487b6dfa9ac108a,com/google/android/material/floatingactionbutton/FloatingActionButtonImplLollipop,47,97,48.45
465a6c6805871e25,androidx/work/impl/utils/ForceStopRunnable,47,115,40.87
78f849e66498b6ed,androidx/emoji2/text/EmojiCompat,46,159,28.93
5a5b543b85f4a0e1,androidx/recyclerview/widget/AdapterHelper,46,261,17.62
ff6d29c95e5dcfdd,androidx/preference/PreferenceManager,45,93,48.39
1e778906cc2f3891,androidx/preference/PreferenceGroup,45,140,32.14
8f2bbda53e0d9fde,androidx/constraintlayout/core/widgets/ChainHead,44,89,49.44
f1f8839a9880eb04,com/orgzly/android/db/dao/NoteDao_Impl$1,44,57,77.19
ac1b2850e8bba6cb,androidx/work/impl/Schedulers,44,62,70.97
70dea87013c033d6,androidx/work/impl/model/WorkSpecDao_Impl$1,43,67,64.18
2028c285b3bcd9d9,androidx/appcompat/app/AppCompatActivity,42,140,30.0
473c9b65a28bf637,kotlinx/coroutines/internal/LockFreeLinkedListNode,42,140,30.0
746eed5dd1f26d04,androidx/core/widget/NestedScrollView,42,895,4.69
3601bd039b1bc6eb,androidx/recyclerview/widget/FastScroller,42,232,18.1
8e00e560fe73d99d,org/joda/time/DateTimeZone$LazyInit,42,43,97.67
4c03aac1c4adacb8,com/orgzly/android/db/dao/OrgTimestampDao_Impl,42,198,21.21
10f0bc343f65bbd8,com/orgzly/android/db/mappers/OrgTimestampMapper,42,66,63.64
ffcb5cd392e1f7f8,androidx/coordinatorlayout/widget/CoordinatorLayout$LayoutParams,41,113,36.28
b5f9333fe446ce86,androidx/work/Data,41,214,19.16
e45ffcba601f2909,com/google/android/material/appbar/AppBarLayout$BaseBehavior,41,379,10.82
8a526214ac8596a0,org/joda/time/chrono/AssembledChronology$Fields,41,78,52.56
0ae4c3c1a1a201a7,androidx/core/content/pm/ShortcutManagerCompat,41,317,12.93
300db67048f89c7b,com/orgzly/android/db/PreRoomMigration,40,292,13.7
91b67e680dcd4ce5,com/orgzly/android/db/OrgzlyDatabase$Companion,40,44,90.91
9bc2224600b21cf1,kotlinx/coroutines/DispatchedTaskKt,40,90,44.44
1111d40dcf26ff52,com/orgzly/android/db/entity/Book,39,132,29.55
fa0fd23f7b55821f,androidx/appcompat/widget/ButtonBarLayout,39,88,44.32
4d965a20621b5368,androidx/constraintlayout/core/PriorityGoalRow,39,57,68.42
115dd8f2f891ddee,com/orgzly/android/util/LogUtils,39,46,84.78
21827bf3f1d231d9,com/orgzly/android/ui/books/BooksViewModel,39,147,26.53
8db84235c321ed0e,androidx/core/content/FileProvider,39,126,30.95
4647d823cfff7a75,androidx/core/view/ViewCompat$UnhandledKeyEventManager,38,110,34.55
abe50e6cd8aa338e,androidx/cardview/widget/CardView,38,84,45.24
fd41f3df2439d6a8,org/joda/time/chrono/GregorianChronology,38,69,55.07
3dc60760d31da52e,androidx/appcompat/view/menu/BaseMenuPresenter,38,64,59.38
e2ea0428be97d0c2,androidx/lifecycle/ReportFragment,37,51,72.55
b8dcdf077d278287,org/joda/time/tz/ZoneInfoProvider,37,94,39.36
4996d0c46affa84b,androidx/fragment/app/FragmentLifecycleCallbacksDispatcher,37,182,20.33
081404847fac5fd8,com/orgzly/android/db/entity/Note,37,143,25.87
d81a6a990b19726b,androidx/appcompat/graphics/drawable/DrawerArrowDrawable,37,123,30.08
e5d345078e8bcfed,com/orgzly/android/query/user/DottedQueryParser,37,39,94.87
9e42b92c69ade2fe,androidx/recyclerview/widget/RecyclerView$RecycledViewPool,36,70,51.43
cb23cec22eda8939,androidx/work/impl/WorkContinuationImpl,36,78,46.15
e01a37a6825ee19a,androidx/coordinatorlayout/widget/DirectedAcyclicGraph,36,71,50.7
09aa107ee0e1293b,androidx/work/impl/background/greedy/GreedyScheduler,36,95,37.89
14e7c6c627c43b23,androidx/activity/result/ActivityResultRegistry,36,120,30.0
e33f882e3a5bd8eb,androidx/appcompat/widget/AppCompatEditText,36,113,31.86
b8d06c4f43697794,androidx/recyclerview/widget/DiffUtil$DiffResult,36,114,31.58
7bc676b94b305887,org/mozilla/universalchardet/UniversalDetector,35,112,31.25
9b0b3fb5e0b1846a,androidx/appcompat/widget/AppCompatBackgroundHelper,35,85,41.18
b79ae2601b19459d,com/orgzly/android/di/DaggerAppComponent$AppComponentImpl,35,107,32.71
d731201dd7d0bf7c,com/orgzly/android/db/dao/BookDao_Impl$1,35,62,56.45
94803c77160c801a,androidx/core/view/WindowInsetsCompat$Impl20,35,125,28.0
cdcc45642ebf6203,androidx/swiperefreshlayout/widget/CircularProgressDrawable,35,122,28.69
4e7c04059f463240,com/google/android/material/card/MaterialCardView,35,157,22.29
9b07b4aef28d3e54,androidx/appcompat/widget/AppCompatTextViewAutoSizeHelper,35,277,12.64
f4d6c8597f7b01f5,org/joda/time/DateTimeZone,35,297,11.78
3bc3748841716499,com/orgzly/android/util/OrgFormatter,34,296,11.49
0e60fc06a9fbda11,com/orgzly/databinding/ItemBookBinding,34,69,49.28
1bbdec020736a791,androidx/appcompat/widget/AppCompatImageHelper,34,99,34.34
bf87c78f804b33b0,kotlinx/coroutines/DispatchedTask,33,91,36.26
4dabd8d9ebe2cb8d,androidx/fragment/app/FragmentActivity,33,125,26.4
6b23567dbc217934,com/orgzly/android/query/QueryParser,33,98,33.67
f62eeb29f97a8c2c,androidx/appcompat/widget/TintTypedArray,33,62,53.23
084a4d3c92ebe60f,androidx/core/view/WindowInsetsCompat,33,115,28.7
cb81c30b2710eb67,androidx/appcompat/widget/ContentFrameLayout,33,93,35.48
26cb69e5b01b76d3,androidx/work/impl/background/systemjob/SystemJobService,33,65,50.77
911fccc57268b0b6,androidx/work/impl/model/SystemIdInfoDao_Impl,33,51,64.71
e18dae591cf37abe,androidx/room/RoomDatabase$Builder,32,105,30.48
063e142d7ee0bf4d,androidx/appcompat/widget/AppCompatCheckedTextView,32,101,31.68
be9e19428ff4b4d3,com/google/android/material/textview/MaterialTextView,32,45,71.11
222e0dde508d1b78,kotlin/collections/CollectionsKt___CollectionsKt,32,1774,1.8
4aae33ce5c0e7ee3,androidx/appcompat/widget/AppCompatButton,32,137,23.36
175c757a71fda781,com/orgzly/android/db/dao/BookDao_Impl$4,32,62,51.61
18bfcce155c2c154,androidx/arch/core/internal/SafeIterableMap,32,73,43.84
034b33d909a0e218,com/orgzly/android/db/dao/OrgRangeDao_Impl,32,74,43.24
bcf0558705ac445c,kotlinx/coroutines/internal/DispatchedContinuationKt,32,145,22.07
193db44406d3dd0c,androidx/constraintlayout/core/widgets/ConstraintAnchor,31,180,17.22
3597a45c64223dbf,org/mozilla/universalchardet/prober/SBCSGroupProber,31,57,54.39
82dad8bd9f17fd31,com/google/android/material/dialog/MaterialAlertDialogBuilder,31,127,24.41
263d1b1eb93874c1,com/google/android/material/appbar/MaterialToolbar,31,138,22.46
93f768bcc37b8702,org/joda/time/chrono/JulianChronology,31,73,42.47
f3505722758fef0e,androidx/appcompat/view/SupportMenuInflater,31,66,46.97
dbe5faf9ecc51e38,androidx/work/impl/WorkDatabase_Impl$1,31,148,20.95
533528b22762343f,com/orgzly/android/SharingShortcutsManager,31,57,54.39
74369ece8142e877,com/orgzly/org/datetime/OrgDateTime$Builder,31,46,67.39
5e48a4cf7bf88992,androidx/work/impl/background/systemjob/SystemJobInfoConverter,31,74,41.89
d8b4d55ad0f4d62f,androidx/sqlite/db/SupportSQLiteQueryBuilder,31,52,59.62
89709f2d067624a2,com/orgzly/android/ui/sync/SyncFragment,30,68,44.12
992c1af8cd02f7f2,kotlinx/coroutines/channels/ConflatedChannel,30,121,24.79
fee36f2bad010223,kotlin/text/StringsKt__StringsKt,30,907,3.31
08b559514db02002,androidx/recyclerview/widget/RecyclerView$Adapter,30,62,48.39
4e3baa81c6b20275,com/orgzly/android/ui/notes/NoteItemViewBinder$Companion,30,43,69.77
7bbf2e749234ebdc,androidx/work/Constraints,29,54,53.7
25cad9931e7defb6,androidx/appcompat/widget/AppCompatAutoCompleteTextView,29,95,30.53
431327a9cfea6fa0,androidx/core/view/KeyEventDispatcher,29,74,39.19
4bd8366d61712ff1,androidx/fragment/app/SpecialEffectsController$Operation,29,73,39.73
f9c9e4303a7f7cbd,org/mozilla/universalchardet/Constants,28,29,96.55
a8977f42cbb475ba,androidx/swiperefreshlayout/widget/CircularProgressDrawable$Ring,28,94,29.79
0a7c6a63a3fec839,com/orgzly/android/reminders/RemindersBroadcastReceiver,28,125,22.4
b32a0b9cbcbb31d2,androidx/constraintlayout/core/SolverVariable,28,72,38.89
1b79341a6f05c3ad,com/google/android/material/elevation/ElevationOverlayProvider,28,44,63.64
652d7e278520d057,androidx/appcompat/app/ActionBarDrawerToggle,28,96,29.17
65bc66f4440805f1,androidx/lifecycle/SavedStateViewModelFactory,28,66,42.42
6f3e269511d5bc0a,com/google/android/material/progressindicator/DeterminateDrawable,28,63,44.44
03a251eff7e0adaa,androidx/room/RoomOpenHelper,27,71,38.03
74e08757d7b1324c,androidx/preference/TwoStatePreference,27,88,30.68
faaeaf1120ce8167,com/orgzly/android/ui/util/TitleGenerator,27,57,47.37
d97c8fbddd5a11bc,com/orgzly/org/parser/OrgNestedSetParser$1,27,28,96.43
ac5902b83007725e,androidx/lifecycle/RepeatOnLifecycleKt$repeatOnLifecycle$3$1,27,41,65.85
908adbba7419a229,com/orgzly/android/query/sql/SqliteQueryBuilder,27,203,13.3
c574479cbf077eb2,androidx/constraintlayout/core/PriorityGoalRow$GoalVariableAccessor,27,46,58.7
1b7acd8fd6e0e5cc,androidx/room/InvalidationTracker$1,27,57,47.37
e6c3eb535f9ed4c0,androidx/lifecycle/ViewModelProvider,27,36,75.0
1703f5e962cef30e,androidx/recyclerview/widget/DividerItemDecoration,27,67,40.3
ea4a4681aa401077,com/orgzly/android/ui/DisplayManager,26,87,29.89
a98f61ce1b8be6c4,androidx/work/Configuration,26,34,76.47
1b36817a482f3ae3,com/orgzly/android/ui/sync/SyncFragment$SyncButton,26,71,36.62
7a0fecb02115ad76,androidx/appcompat/widget/AppCompatImageView,26,84,30.95
fad2c5f787560ff3,com/orgzly/android/ui/notes/query/QueryViewModel,26,29,89.66
abec7c82eb718f92,com/google/android/material/internal/ScrimInsetsFrameLayout,26,45,57.78
b1b7bb2fdb4d182b,androidx/appcompat/view/ContextThemeWrapper,26,55,47.27
a3c90b4990d36f50,androidx/recyclerview/widget/ChildHelper,26,93,27.96
e1be7d7e0470719f,com/google/android/material/shape/ShapePath$PathArcOperation,26,32,81.25
e197564c90d83a26,com/google/android/material/internal/ViewUtils,26,73,35.62
55fc43b054f48701,androidx/room/RoomSQLiteQuery,25,57,43.86
37c03958bb82dbc7,com/google/android/material/internal/ThemeEnforcement,25,57,43.86
99e1795398e9261c,org/joda/time/DurationFieldType,25,28,89.29
0b7531a5da895243,androidx/savedstate/SavedStateRegistry,25,80,31.25
e65c6d2650e890bf,com/orgzly/databinding/ItemHeadBinding,25,51,49.02
36fcb33a08e83245,kotlinx/coroutines/EventLoop,25,55,45.45
5958734fbbdc1762,androidx/emoji2/text/SpannableBuilder,25,102,24.51
4e8edba539bf6022,kotlinx/coroutines/internal/DispatchedContinuation,25,186,13.44
cbcd0e9ef5e38e3c,androidx/recyclerview/widget/ScrollbarHelper,24,47,51.06
f1a517ae54fce99e,com/google/android/material/progressindicator/IndeterminateDrawable,24,54,44.44
b373fef51763b821,com/orgzly/android/db/entity/OrgTimestamp,24,151,15.89
9a364b12f6350904,androidx/recyclerview/widget/AsyncListDiffer,24,41,58.54
822a66e568b382b9,kotlinx/coroutines/JobSupport$Finishing,24,48,50.0
36a45eeb2275e8e5,kotlin/collections/MapsKt__MapsKt,23,265,8.68
fc7967a16abe011c,androidx/work/impl/WorkDatabase,23,26,88.46
d7fb9253b14a3afd,org/mozilla/universalchardet/prober/MBCSGroupProber,23,42,54.76
8be72fe98a5163ed,androidx/recyclerview/widget/ViewInfoStore,23,85,27.06
3a8da40dee0cf980,org/joda/time/convert/ConverterSet,23,94,24.47
3c5335e3900d846c,androidx/fragment/app/FragmentManagerViewModel,22,151,14.57
8b7b40c07c941851,com/orgzly/android/ui/main/MainActivityViewModel,22,52,42.31
40f93a94afe1014c,org/joda/time/format/DateTimeFormatterBuilder,22,212,10.38
6debd27adb2f18df,androidx/appcompat/app/AppCompatDelegate,22,46,47.83
8ffed49275d6901a,androidx/appcompat/widget/AppCompatImageButton,22,81,27.16
8a94fd2c9ba69586,androidx/appcompat/app/AppCompatDialog,22,44,50.0
fd84c34cd39424a7,org/joda/time/chrono/BasicWeekyearDateTimeField,22,51,43.14
ac68075fc9b2214d,androidx/appcompat/widget/AppCompatDrawableManager$1,22,152,14.47
40e9a0c91aff0b99,kotlinx/coroutines/channels/AbstractChannel,22,177,12.43
9462becba3d35bd2,com/orgzly/android/App,21,24,87.5
8ff58a434dd5087f,androidx/recyclerview/widget/ViewBoundsCheck$BoundFlags,21,24,87.5
d521879f2bf4c1ef,com/orgzly/android/db/dao/ReminderTimeDao_Impl,21,27,77.78
f321f16b1c822d4e,com/orgzly/android/ui/notes/query/search/SearchAdapter,21,27,77.78
4bbb39a90f40a4b9,com/google/android/material/theme/overlay/MaterialThemeOverlay,21,26,80.77
56e5d0a01c62f75a,androidx/recyclerview/widget/OrientationHelper$2,21,25,84.0
bef6c048a9df67e9,androidx/recyclerview/widget/ViewBoundsCheck,21,31,67.74
d152489c03024f2b,androidx/room/InvalidationTracker$ObservedTableTracker,21,34,61.76
1730337b296df7ef,androidx/core/content/res/TypedArrayUtils,20,71,28.17
9d83869573c3dd1b,com/orgzly/org/OrgFileSettings,20,46,43.48
30f85d5bdcf1f545,androidx/lifecycle/FlowLiveDataConversions$asFlow$1,20,32,62.5
dcea2f4ce5261788,org/joda/time/chrono/ISOChronology,20,39,51.28
fc75ab2cfd73782f,kotlinx/coroutines/BuildersKt__Builders_commonKt,20,46,43.48
3e3db79236de3128,androidx/core/view/NestedScrollingChildHelper,20,101,19.8
4e07530921555e37,kotlinx/coroutines/internal/LockFreeTaskQueueCore,20,100,20.0
be8863af70bdf11e,androidx/work/impl/model/WorkTypeConverters$1,20,35,57.14
bc1ad8855ba1aad4,kotlinx/coroutines/flow/internal/AbstractSharedFlow,20,52,38.46
7eb3dd6336671e2b,androidx/work/WorkRequest$Builder,20,62,32.26
a3fe91b730202000,androidx/preference/ListPreference,20,73,27.4
dbc7962cb6036e64,androidx/lifecycle/Lifecycle$Event,20,31,64.52
f2ff776f2092bf64,androidx/preference/EditTextPreference,19,35,54.29
b5959da49986a51e,androidx/collection/LruCache,19,86,22.09
c705d210a5ec9643,com/orgzly/android/ui/notes/query/QueryFragment,19,47,40.43
e9fa5f0871caf65d,androidx/lifecycle/ViewModel,19,49,38.78
13670c9ed5178b4a,androidx/work/impl/model/WorkTagDao_Impl,18,38,47.37
09bdf207e7e567b4,androidx/dynamicanimation/animation/DynamicAnimation,18,113,15.93
cf468517b8ba0734,androidx/lifecycle/ProcessLifecycleOwner,18,37,48.65
be706f833d9f8023,androidx/work/impl/model/WorkProgressDao_Impl,18,69,26.09
753a775dbf9e6c69,androidx/cardview/widget/RoundRectDrawable,18,85,21.18
491266520ca5ba1f,androidx/preference/MultiSelectListPreference,18,48,37.5
ea91912e74904560,com/google/android/material/resources/MaterialResources,18,67,26.87
e83465ee49ff8849,org/mozilla/universalchardet/prober/UTF8Prober,18,27,66.67
d628156a0509bc2f,androidx/lifecycle/SavedStateHandleSupport,18,48,37.5
44540664a0c934e9,com/orgzly/android/sync/SyncState$Type,18,19,94.74
1ca1b2388184e993,com/orgzly/android/db/OrgzlyDatabase,18,20,90.0
4fe86372e4b08fb3,androidx/recyclerview/widget/DiffUtil,18,99,18.18
21c7fbbd2d6c8c5d,androidx/emoji2/viewsintegration/EmojiTextViewHelper$HelperInternal19,18,48,37.5
7b63312d98975a28,androidx/appcompat/widget/ActionMenuPresenter$OverflowMenuButton,18,25,72.0
dc468446e0a3e8a0,androidx/room/InvalidationTracker$ObserverWrapper,18,39,46.15
065a61c52ac9feac,com/orgzly/android/ui/notes/NotePopup,18,67,26.87
fe2f7ade8b6c3d79,com/google/android/material/dialog/MaterialDialogs,18,21,85.71
805d307d3137cbe8,com/orgzly/android/util/EncodingDetect,18,41,43.9
b8d94d8237136c3f,kotlinx/coroutines/JobSupportKt,18,30,60.0
4fde38e2bbb16ec1,com/orgzly/android/ui/util/ExtensionsKt,18,59,30.51
a445468af07ef432,com/orgzly/android/prefs/IntegerPreference,18,33,54.55
c52e1f5bbf0c2dd3,kotlinx/coroutines/flow/SharedFlowKt,18,43,41.86
56a0f12449ff7b6d,androidx/savedstate/SavedStateRegistryController,18,25,72.0
231ab3730469f1a8,androidx/work/impl/model/WorkSpecDao_Impl$13,17,60,28.33
462ae8d61d6575de,com/orgzly/android/sync/SyncState$WhenMappings,17,32,53.12
ccdf1e13fdbdf1ec,com/orgzly/android/ui/views/richtext/RichTextView,17,118,14.41
3223803585d9f7e8,androidx/cardview/widget/CardViewApi21Impl,17,33,51.52
e679151b3478ebf7,kotlin/coroutines/CombinedContext,17,45,37.78
d5de19f2977ac56e,androidx/core/graphics/ColorUtils,17,170,10.0
e940256f30500f94,com/orgzly/android/ui/books/BooksAdapter$ViewHolder,17,27,62.96
690f6e6ca60d0f08,androidx/sqlite/db/framework/FrameworkSQLiteDatabase,17,87,19.54
6789aedb9ef9de08,kotlinx/coroutines/internal/FastServiceLoader,17,126,13.49
b424bae491083a9f,dagger/internal/DoubleCheck,17,29,58.62
af1394f4946e3fed,androidx/arch/core/internal/SafeIterableMap$ListIterator,17,21,80.95
5b864ba2b1a9f5df,androidx/tracing/Trace,17,71,23.94
0cfdbb50bd8567e6,androidx/work/impl/utils/StopWorkRunnable,17,24,70.83
92c420185a56e510,com/orgzly/android/sync/SyncRunner,17,61,27.87
5305ef0d081a0703,com/orgzly/android/reminders/LastRun$Companion,17,21,80.95
82fa1fbb4de56ab5,kotlinx/coroutines/AbstractCoroutine,17,24,70.83
89f8bccbef612b62,androidx/fragment/app/SpecialEffectsController$Operation$State,17,35,48.57
5cdddb23039804ff,androidx/work/impl/model/WorkSpec,17,111,15.32
d76e91a8eb69e451,androidx/drawerlayout/widget/DrawerLayout$ViewDragCallback,17,91,18.68
65825e4b9baa0f3a,com/orgzly/android/ui/sync/SyncFragment$SyncButton$WhenMappings,17,32,53.12
14003b30f09e8371,com/orgzly/android/db/dao/SavedSearchDao_Impl$6,17,21,80.95
3ffc32eea32f398f,androidx/arch/core/internal/SafeIterableMap$IteratorWithAdditions,17,20,85.0
2cb3f3dbe6361c66,com/google/android/material/navigation/NavigationView$2,17,27,62.96
cf69db34ec53ee39,androidx/constraintlayout/core/widgets/ConstraintWidget$1,16,29,55.17
b48fb50eaecec9e7,androidx/appcompat/widget/TooltipCompatHandler,16,85,18.82
7443d9086c213d9c,androidx/lifecycle/MediatorLiveData,16,26,61.54
a4321acfa2b18207,androidx/arch/core/executor/DefaultTaskExecutor,16,27,59.26
2cd554d1f7d55c63,androidx/room/RoomTrackingLiveData,16,16,100.0
dccadb5bdb2d0be6,androidx/recyclerview/widget/ChildHelper$Bucket,16,61,26.23
4fc70539aedd7179,org/joda/time/LocalDate,16,284,5.63
ccf0f72c4152d436,androidx/sqlite/db/framework/FrameworkSQLiteOpenHelper,16,27,59.26
ffab314df086dc2d,com/google/android/material/progressindicator/BaseProgressIndicatorSpec,16,35,45.71
aabb5a27d1843691,kotlinx/coroutines/flow/internal/SafeCollector,16,45,35.56
060f12fb3513d825,com/orgzly/android/usecase/UseCaseRunner,16,21,76.19
c1d366f81f75873b,androidx/multidex/MultiDex,16,176,9.09
2be6f851fc937462,kotlin/internal/PlatformImplementationsKt,16,63,25.4
90093b57777a630b,kotlinx/coroutines/CompletionStateKt,16,26,61.54
ef21c53981947ff3,androidx/room/EntityInsertionAdapter,15,76,19.74
b68e36964ecf08cf,androidx/preference/SwitchPreference,15,45,33.33
8221054860b620c8,androidx/appcompat/widget/SearchView$SearchAutoComplete,15,87,17.24
7cdc67561bb66ee7,androidx/work/impl/model/PreferenceDao_Impl,15,29,51.72
d3f5cec202993349,com/google/android/material/internal/ScrimInsetsFrameLayout$1,15,18,83.33
3fce9dc877d9d9ea,com/orgzly/android/widgets/ListWidgetProvider,15,129,11.63
2726daae563cf352,kotlin/text/MatcherMatchResult,15,20,75.0
6f04292147055cb7,org/joda/time/base/BaseDateTime,15,41,36.59
b2504b747b466fc8,androidx/emoji2/viewsintegration/EmojiTextWatcher,15,49,30.61
7f9e09cdddbe5552,kotlinx/coroutines/channels/AbstractChannel$Itr,15,38,39.47
14385951e832ba56,com/orgzly/android/ui/dialogs/WhatsNewDialog,15,15,100.0
e8d63a9bc37ef8c9,androidx/recyclerview/widget/RecyclerView$RecyclerViewDataObserver,15,42,35.71
c4580f189570fcac,kotlinx/coroutines/UndispatchedCoroutine,15,37,40.54
8ecfaf9b6e030001,com/google/android/material/shadow/ShadowRenderer,15,57,26.32
35bb15654ab6a59a,androidx/room/SharedSQLiteStatement,15,17,88.24
9f65e31c01f3ee66,androidx/swiperefreshlayout/widget/CircleImageView,15,36,41.67
92b5a3df18833940,androidx/fragment/app/FragmentTransaction,15,96,15.62
13cb59274fc65dd7,androidx/appcompat/app/AlertController$AlertParams,15,70,21.43
df5e165de20cf17d,kotlinx/coroutines/sync/MutexImpl,15,153,9.8
9d2c537b208a7d5e,com/orgzly/android/ui/settings/SettingsFragment,15,294,5.1
210ad98b29daf94b,androidx/appcompat/app/AppCompatDelegateImpl$ActionBarDrawableToggleImpl,15,22,68.18
37b9af61002e0f54,androidx/fragment/app/DefaultSpecialEffectsController$TransitionInfo,15,45,33.33
fab1f8851cc4486d,com/orgzly/org/datetime/OrgRepeater,15,57,26.32
9ce76fdf508c2743,com/google/android/material/dialog/InsetDialogOnTouchListener,15,19,78.95
2a19cf378c5a6475,androidx/lifecycle/Lifecycle$1,15,27,55.56
f32d671967656a35,kotlinx/coroutines/channels/AbstractSendChannel,15,262,5.73
33d1f8b63e0721a5,kotlinx/coroutines/android/HandlerContext,15,50,30.0
e45dff1f2f9db797,com/orgzly/android/prefs/NotePopupPreference,15,31,48.39
0aadaef98c4393c6,androidx/appcompat/widget/AppCompatDrawableManager,15,21,71.43
a531169f034459c5,androidx/core/view/WindowInsetsCompat$Impl,15,47,31.91
145f90e6a5d76387,com/orgzly/org/datetime/OrgDateTimeUtils,14,71,19.72
12c3edae18eadda0,androidx/appcompat/widget/AppCompatCheckedTextViewHelper,14,58,24.14
97ce50d19ecaf0e3,com/orgzly/org/OrgStringUtils,14,26,53.85
55c24df7c17c3146,com/orgzly/android/reminders/RemindersBroadcastReceiver$onReceive$1,14,31,45.16
0478a8fc32b28d57,androidx/work/impl/constraints/trackers/Trackers,14,15,93.33
1789f30071cba205,com/orgzly/android/db/mappers/OrgTimestampMapper$WhenMappings,14,24,58.33
9e9ada5382e69f92,androidx/appcompat/widget/ViewUtils,14,34,41.18
c49df1ddcddf926f,com/google/android/material/appbar/ViewOffsetBehavior,14,44,31.82
19d03149cdb1c37a,androidx/constraintlayout/core/widgets/Optimizer,14,30,46.67
5e5a212d46600365,androidx/sqlite/db/framework/FrameworkSQLiteOpenHelper$OpenHelper,14,29,48.28
757aaafcf2beb27b,androidx/fragment/app/SpecialEffectsController$FragmentStateManagerOperation,14,23,60.87
061ce1e301b22e16,com/orgzly/org/datetime/OrgRange,14,61,22.95
abb26818aada7f42,androidx/collection/ContainerHelpers,14,27,51.85
d1daafa039f68cc5,androidx/preference/DialogPreference,14,32,43.75
a63a32c8ff37b6e9,androidx/collection/SparseArrayCompat,14,150,9.33
618ae8b29a73ccac,com/google/android/material/bottomappbar/BottomAppBar$3,14,24,58.33
ff1d84e701320f76,kotlin/sequences/GeneratorSequence$iterator$1,14,24,58.33
104404d496814e09,androidx/core/os/TraceCompat,14,53,26.42
8c3bd9447818afe0,androidx/room/RoomTrackingLiveData$1,14,21,66.67
c8ddc8f119e0df7a,kotlin/coroutines/jvm/internal/BaseContinuationImpl,14,27,51.85
7f3688679ad35e8e,kotlin/coroutines/jvm/internal/ContinuationImpl,14,18,77.78
399449bcb7806601,androidx/work/impl/model/WorkTypeConverters,14,115,12.17
7dbd6cb5a684c591,com/orgzly/android/usecase/UseCaseWorker$Companion,14,15,93.33
4d1a9cd0ec91cbfe,androidx/core/graphics/drawable/DrawableCompat,13,117,11.11
989de9156d16e28d,com/google/android/material/appbar/AppBarLayout$LayoutParams,13,29,44.83
3ac704bd8860f433,com/orgzly/android/usecase/UseCaseWorker,13,35,37.14
f905553b0a07bd12,com/orgzly/org/parser/OrgParser$Builder,13,19,68.42
e285e3c85e4a3919,com/orgzly/android/ui/books/BooksAdapter$BookDetails,13,16,81.25
79195bf2c8f12c89,androidx/emoji2/text/EmojiCompatInitializer,13,14,92.86
05966d17d06cdaeb,androidx/arch/core/executor/ArchTaskExecutor,13,19,68.42
7b274c267761c218,androidx/work/Logger,13,13,100.0
9aee92ffefa7ef96,androidx/emoji2/viewsintegration/EmojiEditableFactory,13,17,76.47
ecc9d5a868097e65,androidx/core/view/ViewCompat$Api21Impl,13,40,32.5
fbfbeeee8d7cb628,org/joda/time/chrono/GJChronology$CutoverField,13,130,10.0
6a5b988de14ea13c,org/joda/time/chrono/BasicGJChronology,13,69,18.84
1eaf2ce339b272c9,androidx/core/view/WindowInsetsCompat$BuilderImpl20,13,39,33.33
2d7b31fdb3dc643f,androidx/constraintlayout/core/widgets/WidgetContainer,13,49,26.53
6583941c654893f9,androidx/core/view/WindowInsetsCompat$Impl21,13,14,92.86
8df9fafc3e34d148,androidx/lifecycle/LifecycleCoroutineScopeImpl,13,15,86.67
cf63d583c1507741,org/joda/time/convert/ConverterManager,13,121,10.74
6035202ddd6a8567,androidx/work/Data$Builder,13,57,22.81
afaf17de8b2fbac7,kotlinx/coroutines/internal/MainDispatcherLoader,13,31,41.94
1abc6c36a3d82e3b,androidx/appcompat/widget/SearchView$PreQAutoCompleteTextViewReflector,13,33,39.39
b37551c8573cb66b,androidx/fragment/app/FragmentActivity$HostCallbacks,13,30,43.33
3cf74bc20261fe3f,androidx/work/impl/utils/SerialExecutor,13,21,61.9
5682fe21b7397fe6,kotlinx/coroutines/CoroutineContextKt,13,71,18.31
2a26934fb00a464d,com/orgzly/android/db/dao/NoteEventDao_Impl,13,76,17.11
ec02c0cd1db99cae,com/orgzly/android/ui/notes/NotesFragment,13,91,14.29
520c488090e12eac,androidx/appcompat/app/AlertDialog$Builder,13,55,23.64
27d85fcca05cbce3,kotlin/text/Regex,13,94,13.83
ae45ac926aeca2ac,com/orgzly/android/db/dao/NoteAncestorDao_Impl,13,124,10.48
1ace9f50706d6208,androidx/emoji2/text/DefaultEmojiCompatConfig$DefaultEmojiCompatConfigFactory,13,40,32.5
d59bc973b7cc8262,androidx/work/impl/utils/IdGenerator,13,45,28.89
9c71a82afbdc4c1d,androidx/fragment/app/FragmentController,13,52,25.0
1e077a104cdaf98d,androidx/recyclerview/widget/RecyclerView$ItemAnimator,12,42,28.57
aa5fdcfc82896b4f,androidx/work/impl/utils/PackageManagerHelper,12,24,50.0
c3a86a2508cffc1e,androidx/room/RoomDatabase$MigrationContainer,12,54,22.22
4503c46d226df84c,com/google/android/material/floatingactionbutton/FloatingActionButton$BaseBehavior,12,83,14.46
5f1210c16d33ad99,androidx/recyclerview/widget/RecyclerView$5,12,46,26.09
63ced82711dde2c3,kotlinx/coroutines/internal/SystemPropsKt__SystemProps_commonKt,12,24,50.0
67fa13a9396a6c30,androidx/lifecycle/RepeatOnLifecycleKt$repeatOnLifecycle$3$1$1$1$1,12,22,54.55
4b9c5fd567ba94b0,androidx/sqlite/db/SimpleSQLiteQuery,12,36,33.33
599c9ac05d9819e6,androidx/lifecycle/ViewModelProvider$AndroidViewModelFactory,12,33,36.36
ec026ca8f528b106,com/google/android/material/color/MaterialColors,12,61,19.67
f50b4cd09284a18d,com/orgzly/org/OrgPatterns,12,13,92.31
903ed7ba045c3beb,androidx/fragment/app/FragmentViewLifecycleOwner,12,29,41.38
28c7d6abcbe8a1e9,androidx/work/impl/utils/ProcessUtils,12,37,32.43
39188882d94b48bf,androidx/appcompat/widget/RtlSpacingHelper,12,36,33.33
47ef186305323a2f,com/google/android/material/shape/MaterialShapeUtils,12,18,66.67
858d4eb4116ede07,androidx/core/view/MenuItemCompat,12,87,13.79
78c0f69c0465d34a,androidx/core/widget/TextViewCompat,12,268,4.48
c5eb88f84585d145,kotlinx/coroutines/DebugKt,12,32,37.5
675688fac01ec0d2,androidx/activity/ComponentDialog,12,34,35.29
768fe1c516c31734,kotlinx/coroutines/sync/MutexKt,12,55,21.82
e941df02ef5ce553,com/orgzly/JacocoInstrument/JacocoInstrumentation,12,53,22.64
d3b253b956f3dfc5,androidx/core/view/ViewConfigurationCompat,12,38,31.58
dcb7a5f6b6243454,com/orgzly/android/query/QueryTokenizer,12,17,70.59
24cb945ac9311169,kotlin/coroutines/CoroutineContext$Element$DefaultImpls,12,12,100.0
dc354fcd3ddcdb3b,org/joda/time/field/OffsetDateTimeField,12,34,35.29
ea9d732296488665,androidx/lifecycle/SavedStateViewModelFactoryKt,11,30,36.67
bd69baab82b36520,com/orgzly/android/db/entity/NoteView,11,267,4.12
faa448e727c4b754,kotlin/sequences/SequencesKt___SequencesKt,11,1062,1.04
0222c6b2640d4277,org/joda/time/field/DividedDateTimeField,11,43,25.58
9e34a0f52aa3a5f0,androidx/lifecycle/RepeatOnLifecycleKt$repeatOnLifecycle$3$1$1$1,11,12,91.67
79c33606f36a5111,androidx/work/WorkerFactory,11,22,50.0
379bd61643cca738,androidx/work/WorkInfo$State,11,15,73.33
f9dbdebf28b78f8a,kotlinx/coroutines/CoroutineStart,11,24,45.83
6f527f31082a8b07,androidx/appcompat/widget/ViewStubCompat,11,44,25.0
9e3fc18aadd9f1b0,com/google/android/material/progressindicator/LinearProgressIndicatorSpec,11,17,64.71
c598e4053f94eb41,androidx/emoji2/text/EmojiCompatInitializer$BackgroundDefaultLoader,11,13,84.62
7b6d3a1f136792e8,com/orgzly/android/reminders/RemindersScheduler,11,76,14.47
ca9672474f747049,androidx/activity/OnBackPressedDispatcher$LifecycleOnBackPressedCancellable,11,16,68.75
36fc00e86969b88c,com/orgzly/android/util/OrgFormatter$Config,11,70,15.71
a295cd34d8d69d0d,androidx/room/Room,11,27,40.74
24276479d9a9aa2f,androidx/fragment/app/FragmentAnim,11,72,15.28
19f3e361fb5cb287,com/orgzly/android/db/dao/OrgRangeDao_Impl$1,11,15,73.33
4802628c9b2431b1,org/joda/time/field/PreciseDurationDateTimeField,11,21,52.38
7668404c11f920e3,androidx/recyclerview/widget/RecyclerView$LayoutManager$2,11,11,100.0
da5c8786dadbc4cc,androidx/core/graphics/TypefaceCompatApi24Impl,11,49,22.45
70fe61b2842bb698,com/orgzly/databinding/FragmentQuerySearchBinding,11,23,47.83
351193a4a3452e94,com/orgzly/android/ui/books/BooksFragment$Companion,11,12,91.67
6b157918afd62c0e,androidx/lifecycle/LiveData$LifecycleBoundObserver,11,14,78.57
48b69f555326c691,androidx/recyclerview/widget/RecyclerView$AdapterDataObservable,11,29,37.93
e33cf84b79ca53e2,androidx/coordinatorlayout/widget/CoordinatorLayout$Behavior,11,51,21.57
8a192816ae3f9eb1,com/google/android/material/progressindicator/LinearIndeterminateDisjointAnimatorDelegate,11,65,16.92
df60e8640de6bb70,com/google/android/material/appbar/HeaderScrollingViewBehavior,11,69,15.94
8c56de11efb5466d,org/joda/time/field/UnsupportedDurationField,11,40,27.5
2436556bead5f1a3,androidx/collection/LongSparseArray,11,146,7.53
b5e0cdda81e99207,androidx/appcompat/widget/AppCompatEmojiEditTextHelper,11,18,61.11
1db78fe718c98bbc,com/orgzly/databinding/FragmentBooksBinding,11,23,47.83
abd482d8c7d43f0c,kotlin/coroutines/CoroutineContext$plus$1,11,12,91.67
d480423615421217,com/orgzly/android/ui/views/richtext/RichText$Attributes,10,95,10.53
21175616abd6129c,kotlinx/coroutines/channels/AbstractChannel$ReceiveHasNext,10,27,37.04
17679f801ff634af,org/joda/time/chrono/BasicYearDateTimeField,10,37,27.03
9536f101fc91b14e,androidx/appcompat/app/AppCompatDelegateImpl$AppCompatWindowCallback,10,81,12.35
a473bc27a6af1272,androidx/core/view/ViewCompat$Api21Impl$1,10,13,76.92
8af093a74f3970d8,androidx/fragment/app/SpecialEffectsController$3,10,17,58.82
6b7c3cced6f3bd58,com/google/android/material/shape/ShapePath$PathLineOperation,10,10,100.0
31cb061f828aff3d,com/google/android/material/progressindicator/LinearProgressIndicator,10,68,14.71
58735894ab69d94a,kotlinx/coroutines/flow/AbstractFlow,10,19,52.63
162c50e105ac3646,androidx/activity/result/ActivityResultRegistry$1,10,21,47.62
244f8932b2399948,androidx/activity/contextaware/ContextAwareHelper,10,14,71.43
fc87ad712308b737,com/orgzly/android/db/dao/SavedSearchDao_Impl,10,207,4.83
7f6d62756556d67c,org/mozilla/universalchardet/prober/EUCJPProber,10,35,28.57
a202abb3bc3a3a7f,org/joda/time/convert/CalendarConverter,10,20,50.0
6a7801312252543f,androidx/fragment/app/DefaultSpecialEffectsController$SpecialEffectsInfo,10,14,71.43
922ce25356728bf5,com/google/android/material/internal/NavigationMenuPresenter$1,10,14,71.43
8d9a3a16f8ec8f5d,com/orgzly/android/ui/CommonFragment,10,22,45.45
92f186b6a10f5941,com/orgzly/android/ui/Selection,10,62,16.13
f99f6222fe20b0b6,com/orgzly/android/ui/main/SharedMainActivityViewModel,10,12,83.33
90132c60e787144d,androidx/lifecycle/Lifecycle$State,10,11,90.91
96c62f170dbc7951,androidx/lifecycle/RepeatOnLifecycleKt$repeatOnLifecycle$3,10,12,83.33
ac999eb2a0e118c9,androidx/lifecycle/LiveData$ObserverWrapper,10,11,90.91
0aee74cb10358036,androidx/lifecycle/viewmodel/MutableCreationExtras,10,11,90.91
dd4dc764ceabfdfb,kotlinx/coroutines/flow/DistinctFlowImpl$collect$2,10,18,55.56
b0ddf2878af9a2ef,androidx/room/TransactionExecutor,10,10,100.0
871baba8615ee929,com/google/android/material/appbar/AppBarLayout$ScrollingViewBehavior,10,73,13.7
3ce540d470caae96,androidx/lifecycle/ViewModelProvider$AndroidViewModelFactory$Companion,10,11,90.91
859761245678d629,org/mozilla/universalchardet/prober/SJISProber,10,35,28.57
47449d932cf529f6,com/orgzly/org/OrgActiveTimestamps,10,14,71.43
b32b1c84d5d146cd,com/orgzly/android/db/entity/BookView,10,50,20.0
9e518fa7996bcdc3,androidx/work/impl/model/DependencyDao_Impl,10,70,14.29
842f06f411842f7e,kotlin/jvm/internal/Intrinsics,10,122,8.2
f21e4a31295cec90,com/orgzly/android/db/entity/OrgRange,10,43,23.26
7f9c2a2afe5cdbf3,kotlinx/coroutines/CoroutineDispatcher,10,13,76.92
43990468f788efe5,com/orgzly/android/ui/CommonActivityLifecycleCallbacks,9,12,75.0
2e4ddeb4f42154ec,androidx/room/RoomDatabase$JournalMode,9,17,52.94
fdef7c77f9b6db85,kotlinx/coroutines/intrinsics/UndispatchedKt,9,145,6.21
af73c4c50542a5d7,com/orgzly/android/usecase/UseCaseResult,9,45,20.0
a6e231a0afb7fd79,kotlinx/coroutines/scheduling/TasksKt,9,13,69.23
dd5219cc2b9e226f,kotlinx/coroutines/internal/LockFreeTaskQueue,9,22,40.91
248e89b6c722bc0a,androidx/activity/OnBackPressedCallback,9,10,90.0
8a715f0de863bcdc,androidx/recyclerview/widget/RecyclerView$State,9,31,29.03
725603e1afa3e2d5,com/orgzly/android/db/entity/NotePosition,9,65,13.85
d28595466c8ff258,com/orgzly/android/ui/CommonFragment$onViewCreated$1$1,9,14,64.29
6575a1be9dfe0140,com/orgzly/android/LocalStorage,9,58,15.52
edf8c89f9e714efe,com/orgzly/android/ui/main/MainActivity$LocalBroadcastReceiver,9,42,21.43
f622755583ae0062,androidx/core/view/ViewCompat$Api16Impl,9,20,45.0
ac207533bbd9b9ef,androidx/appcompat/widget/ForwardingListener,9,119,7.56
a204fcaf16b3a8de,com/orgzly/org/utils/ArrayListSpaceSeparated,9,11,81.82
be8ae355447dc854,com/orgzly/org/OrgContent,9,11,81.82
e80522a26dfaf2cd,com/orgzly/org/parser/OrgNestedSetParser,9,9,100.0
84447fd5a51f3d70,kotlinx/coroutines/internal/ResizableAtomicArray,9,15,60.0
10944986082e550f,androidx/core/content/res/ResourcesCompat$ThemeCompat$Api23Impl,9,17,52.94
1a37b233724f4e39,kotlinx/coroutines/android/HandlerDispatcherKt,9,56,16.07
2612efee606dc309,com/orgzly/android/util/MiscUtils,9,166,5.42
1fbc2404c007d7dc,androidx/lifecycle/FullLifecycleObserverAdapter$1,9,16,56.25
a304bc13439a09c7,kotlin/internal/jdk8/JDK8PlatformImplementations$ReflectSdkVersion,9,14,64.29
1b5592e432208140,androidx/lifecycle/ViewModelStore,9,12,75.0
cd08715560f3ad3d,androidx/recyclerview/widget/ListAdapter,9,15,60.0
42ab719bf4aa6362,androidx/recyclerview/widget/ViewInfoStore$InfoRecord,9,10,90.0
a2f4508f0725fb95,androidx/appcompat/view/WindowCallbackWrapper,9,29,31.03
9fc76da3ee9910dd,com/orgzly/android/ui/util/ActivityUtils,9,73,12.33
99e728fd317ec1b2,androidx/cardview/widget/CardView$1,9,16,56.25
7c7fb52e61c8143b,com/orgzly/android/ui/util/KeyboardUtils,9,51,17.65
2180f614b9a6c321,com/orgzly/android/di/module/ApplicationModule,9,11,81.82
8dadc540cb7009c5,kotlinx/coroutines/Job$DefaultImpls,9,20,45.0
af186db47118a989,org/joda/time/chrono/GJCacheKey,9,21,42.86
985365ec685bb9a0,androidx/emoji2/viewsintegration/EmojiTransformationMethod,9,15,60.0
6846008892ea392e,androidx/arch/core/internal/FastSafeIterableMap,9,11,81.82
f5206d701784ef15,org/joda/time/field/RemainderDateTimeField,9,32,28.12
0ff6c2021ac1177d,org/joda/time/base/AbstractInstant,9,64,14.06
24e8edd83a417747,androidx/lifecycle/viewmodel/InitializerViewModelFactory,9,14,64.29
4dc526808509d9ba,com/orgzly/android/ui/notes/NoteItemViewBinder$Attrs$Companion$obtain$1,9,9,100.0
37684b93bd2e8664,androidx/core/app/ComponentActivity,8,45,17.78
927b7ceba24886fc,androidx/work/impl/utils/taskexecutor/WorkManagerTaskExecutor,8,8,100.0
1836d784b761f6f2,com/orgzly/android/AppExecutors,8,10,80.0
da75c134b6930d9e,androidx/work/impl/WorkerWrapper$Builder,8,9,88.89
4cef3d0537228ddd,androidx/recyclerview/widget/OpReorderer,8,94,8.51
843693fc02557de0,androidx/emoji2/text/EmojiCompat$ListenerDispatcher,8,14,57.14
e9ab4ec2375be82a,kotlinx/coroutines/JobCancellationException,8,26,30.77
a812efdae1f02e26,com/orgzly/android/sync/AutoSync,8,26,30.77
2f487cb8845e0319,org/mozilla/universalchardet/prober/GB18030Prober,8,29,27.59
aa1df5589b280ca2,kotlinx/coroutines/flow/internal/SafeCollector_commonKt$checkContext$result$1,8,16,50.0
0e79d83aacdeb43f,androidx/constraintlayout/core/widgets/analyzer/DependencyGraph,8,669,1.2
61d57e877ebb1493,com/google/android/material/appbar/ViewOffsetHelper,8,23,34.78
0d7c614f88a96c92,androidx/recyclerview/widget/AsyncDifferConfig$Builder,8,12,66.67
168aacc282f63bbe,androidx/appcompat/view/ActionBarPolicy,8,39,20.51
1b77a176ccd15d61,androidx/work/Logger$LogcatLogger,8,36,22.22
919668ad8f04cbd6,androidx/lifecycle/RepeatOnLifecycleKt$repeatOnLifecycle$3$1$1$1$1$1$1,8,12,66.67
cca066dd09642b6f,androidx/appcompat/widget/ThemeUtils,8,37,21.62
fe29baf2b4a05119,com/google/android/material/floatingactionbutton/FloatingActionButton$ShadowDelegateImpl,8,10,80.0
8f03dd7a85458812,androidx/work/NetworkType,8,9,88.89
3aadf0b6fc78632e,com/orgzly/android/sync/SyncState,8,78,10.26
2719d2d6056bb4dc,androidx/recyclerview/widget/SimpleItemAnimator,8,59,13.56
92b388d0759b4c3d,kotlin/SynchronizedLazyImpl,8,20,40.0
113b35940757815b,com/google/android/material/appbar/ViewUtilsLollipop,8,19,42.11
2f1952ffdce7bf02,androidx/work/impl/constraints/trackers/NetworkStateTracker,8,53,15.09
32084892e2aeebc4,org/mozilla/universalchardet/prober/Big5Prober,8,29,27.59
98499f7eef7682df,androidx/work/impl/WorkerWrapper$1,8,10,80.0
3006e44c131e1a4d,org/mozilla/universalchardet/prober/EUCKRProber,8,29,27.59
b82ba286989f9d30,androidx/fragment/app/FragmentHostCallback,8,28,28.57
4db5fa8607a4c87c,com/orgzly/android/util/Encoding$Companion,8,12,66.67
903c499986a4808e,com/orgzly/android/ui/CommonFragment$onViewCreated$1,8,12,66.67
044e757b0835a779,org/joda/time/field/BaseDateTimeField,8,137,5.84
c4e48e62bcab29de,com/orgzly/android/util/Encoding,8,31,25.81
ea751d4919c5914f,org/joda/time/chrono/GJChronology$ImpreciseCutoverField,8,68,11.76
986e4fb67dee2d3a,com/orgzly/android/sync/SyncState$Companion,8,21,38.1
ea6df97d8b8f1b34,com/google/android/material/resources/MaterialAttributes,8,32,25.0
55c8d5c8aefaea61,com/google/android/material/internal/ViewUtils$2,8,16,50.0
14a97bda6ca7d247,com/orgzly/org/datetime/OrgInterval,8,30,26.67
baf281a082064f93,kotlin/Result,8,31,25.81
19ed1ec1382980fb,androidx/lifecycle/SavedStateHandlesProvider,8,37,21.62
ca6c5c3c84731146,org/joda/time/field/DelegatedDateTimeField,8,60,13.33
46c5ffbfb7fdc159,kotlin/coroutines/intrinsics/IntrinsicsKt__IntrinsicsJvmKt,8,38,21.05
07f48a3caf4d7ed9,com/orgzly/org/OrgFile,8,10,80.0
61c7b322d17ce2c6,com/orgzly/databinding/FragmentSyncBinding,8,17,47.06
29697d1af892b5d4,androidx/work/impl/OperationImpl,8,12,66.67
ce86a715c76906f7,androidx/appcompat/widget/AppCompatEmojiTextHelper,8,14,57.14
4eb1df75b4875456,kotlin/collections/EmptyList,8,50,16.0
2c368fd0410785c2,org/mozilla/universalchardet/prober/EUCTWProber,8,29,27.59
83aee87148d801fd,androidx/collection/MapCollections$ArrayIterator,8,11,72.73
6c3265bc1a3089b4,androidx/work/impl/utils/LiveDataUtils$1$1,8,13,61.54
536e48a99297cf3d,kotlinx/coroutines/internal/ThreadContextKt,8,18,44.44
026de771babdb545,com/orgzly/android/query/Query,8,38,21.05
41df5219bb68a5f2,androidx/work/OverwritingInputMerger,8,8,100.0
7bd829e160d0d08b,androidx/work/impl/WorkDatabase$1,8,8,100.0
5e76bc1846647ddb,androidx/lifecycle/FlowLiveDataConversions$asFlow$1$1,8,9,88.89
0144bb5691abaa4d,androidx/core/graphics/Insets,8,31,25.81
b4013cef7c322852,com/orgzly/org/OrgProperties,8,59,13.56
dc77ce9bc6fc5789,kotlinx/coroutines/internal/LockFreeLinkedListKt,8,16,50.0
301ab0e46932a0dd,kotlinx/coroutines/internal/LockFreeLinkedListNode$CondAddOp,8,13,61.54
6c74cefd35d3d1a7,androidx/constraintlayout/core/Pools$SimplePool,7,18,38.89
f7b25596b685d3b4,com/orgzly/android/ui/notes/NoteItemViewHolder,7,17,41.18
473811538d2ca14f,kotlinx/coroutines/ThreadLocalEventLoop,7,10,70.0
f914a1bdaf0afeba,androidx/appcompat/app/AlertDialog,7,32,21.88
242ae62c3f71c04b,com/orgzly/android/db/dao/DbRepoBookDao_Impl,7,124,5.65
d0cf11d2eac9faae,kotlinx/coroutines/internal/SystemPropsKt,7,7,100.0
85ba67c0fb681ec9,com/orgzly/android/ui/notes/query/search/SearchFragment$Companion,7,7,100.0
ff84b55d7b1e8369,androidx/recyclerview/widget/DefaultItemAnimator$5,7,7,100.0
fc10357a4f938900,org/mozilla/universalchardet/prober/statemachine/CodingStateMachine,7,8,87.5
8076857130b15b71,com/orgzly/android/db/entity/Note$Companion,7,20,35.0
9cf207aee3d775f1,org/mozilla/universalchardet/prober/contextanalysis/JapaneseContextAnalysis,7,33,21.21
a1b1e9b4f895a9dc,kotlinx/coroutines/JobKt__JobKt,7,92,7.61
cef08d4d08b9530f,androidx/activity/ComponentActivity$4,7,8,87.5
5dd9e0bdb2f6e598,androidx/emoji2/viewsintegration/EmojiTextViewHelper$SkippingHelper19,7,18,38.89
f893b86568f9f785,com/orgzly/android/ui/main/SearchViewSetupKt,7,25,28.0
d10387ffd5e44170,com/orgzly/android/ui/AppBar,7,22,31.82
2c81492f51d0982a,androidx/recyclerview/widget/GapWorker,7,115,6.09
4001e07c813e7551,androidx/lifecycle/ProcessLifecycleInitializer,7,9,77.78
c5f0800f98ddf816,kotlinx/coroutines/JobSupport$addLastAtomic$$inlined$addLastIf$1,7,9,77.78
3914d317abd8569b,androidx/emoji2/viewsintegration/EmojiInputFilter,7,34,20.59
eb1f89108f4d401e,androidx/room/util/StringUtil,7,29,24.14
05b29e85d3b2df78,androidx/recyclerview/widget/LinearLayoutManager$LayoutState,7,38,18.42
467b84e6f69e3504,kotlinx/coroutines/scheduling/CoroutineScheduler$WorkerState,7,9,77.78
7b523921b4a41ac5,androidx/core/util/Pools$SimplePool,7,13,53.85
567b6f18d9f70d48,kotlinx/coroutines/scheduling/WorkQueue,7,103,6.8
1e83b8e2a9fff831,androidx/work/impl/background/systemjob/SystemJobInfoConverter$1,7,12,58.33
7fcc347e9942355e,kotlinx/coroutines/flow/SharedFlowSlot,7,12,58.33
739a84f434adf7c5,com/orgzly/android/di/module/DataModule,7,8,87.5
5ed05b725fc631ef,androidx/fragment/app/DefaultSpecialEffectsController$AnimationInfo,7,8,87.5
63d87bab9c272e81,androidx/lifecycle/LifecycleKt,7,9,77.78
913275da7b3de3f7,kotlinx/coroutines/JobImpl,7,21,33.33
64b9fa33a65fa36f,com/orgzly/org/OrgStatesWorkflow,7,17,41.18
dcf18287641d4cbe,kotlinx/coroutines/internal/AtomicOp,7,20,35.0
cd0662ad98bb0211,androidx/recyclerview/widget/RecyclerView$ItemAnimator$ItemHolderInfo,7,7,100.0
92726d029ebeed02,androidx/activity/OnBackPressedDispatcher,7,27,25.93
c5b50d33d417837f,com/orgzly/android/ui/sync/SyncFragment$onViewCreated$1,7,25,28.0
3352ba559d08352b,kotlinx/coroutines/channels/ChannelKt,7,49,14.29
0c05cee727670469,androidx/work/impl/WorkDatabaseMigrations,7,8,87.5
4302f4cf7bef9822,androidx/lifecycle/Lifecycling,7,83,8.43
9cd2b920bdf3c692,com/orgzly/android/ui/views/richtext/RichTextEditWatcher,7,46,15.22
30c3f9a6f5bbdb41,androidx/core/content/ContextCompat,7,84,8.33
851dc4c6f26bd947,androidx/recyclerview/widget/LinearLayoutManager$AnchorInfo,7,46,15.22
13b3aca37006ee3d,androidx/room/util/DBUtil,7,76,9.21
c19e736a477b8524,com/orgzly/org/datetime/OrgInterval$Unit,7,8,87.5
c9ed1096e1c77408,kotlinx/coroutines/internal/ArrayQueue,7,16,43.75
dae191cbee6468d8,androidx/work/WorkManagerInitializer,7,7,100.0
735f1e02d5a4bc5c,com/orgzly/android/util/BroadcastReceiverExtKt$async$1,7,15,46.67
9b44f93664d3eacd,org/joda/time/field/MillisDurationField,7,32,21.88
4128b8589ce72906,kotlin/collections/CollectionsKt__CollectionsKt,7,126,5.56
bf38b79bda547e91,com/google/android/material/appbar/HeaderBehavior,7,95,7.37
644454c6332f81db,kotlinx/coroutines/intrinsics/CancellableKt,7,32,21.88
df816efc8cdf4187,androidx/sqlite/db/SupportSQLiteOpenHelper$Configuration$Builder,7,13,53.85
ea739a6f2998c8da,com/orgzly/android/di/DaggerAppComponent$Builder,7,11,63.64
23088aba2061b138,kotlinx/coroutines/DefaultExecutor,7,126,5.56
98768a6ef92773e8,androidx/lifecycle/LifecycleCoroutineScopeImpl$register$1,7,11,63.64
631f4b9e6528e95b,androidx/work/OneTimeWorkRequest$Builder,7,13,53.85
b6d470323b44eb21,com/orgzly/android/ui/views/WhatsNewChange,7,7,100.0
9d6030300e5a2cc7,androidx/lifecycle/MediatorLiveData$Source,7,8,87.5
cf0e5e8e2b841011,org/mozilla/universalchardet/prober/SingleByteCharsetProber,7,35,20.0
e87079b321de307a,com/orgzly/android/ui/LauncherActivity,7,7,100.0
81aa43dd178333b8,androidx/recyclerview/widget/RecyclerView$ItemDecoration,7,7,100.0
626c88a811d302c2,androidx/work/impl/model/WorkNameDao_Impl,7,38,18.42
7d1e928c85e4da4f,com/orgzly/android/db/entity/BookAction$Type,7,7,100.0
1eae00258ea6e965,androidx/lifecycle/viewmodel/InitializerViewModelFactoryBuilder,6,7,85.71
4d7182c1653c0fd3,kotlinx/coroutines/CancellableContinuationKt,6,46,13.04
5f835749222c18ff,androidx/dynamicanimation/animation/SpringAnimation,6,51,11.76
de3dde3d8568d86e,androidx/recyclerview/widget/DefaultItemAnimator$3,6,6,100.0
a648cfd2d2c39082,org/joda/time/tz/DateTimeZoneBuilder,6,133,4.51
161d6dde5017163f,kotlinx/coroutines/flow/FlowKt__DistinctKt,6,14,42.86
74459c7771d208ec,androidx/work/impl/WorkDatabase$2,6,7,85.71
af75051626f90613,com/orgzly/android/db/entity/BookAction,6,26,23.08
973f15efb48f0939,com/google/android/material/shape/MaterialShapeDrawable$MaterialShapeDrawableState,6,8,75.0
ca70297a9a19c092,androidx/appcompat/widget/DialogTitle,6,19,31.58
f49f584743effdd2,androidx/recyclerview/widget/RecyclerView$ItemAnimatorRestoreListener,6,12,50.0
583dc1784ed23bcb,com/google/android/material/internal/StateListAnimator,6,31,19.35
15e5da48513e7f5e,androidx/appcompat/widget/DrawableUtils,6,60,10.0
e27028d9ef42fa22,kotlinx/coroutines/CompletedExceptionally,6,8,75.0
4d560217f63bf8b0,com/orgzly/android/query/sql/SqlQuery,6,29,20.69
0b6db5addc730402,kotlinx/coroutines/JobNode,6,8,75.0
c7abaabeb86fbc89,com/orgzly/android/reminders/RemindersScheduler$Companion,6,6,100.0
16def97226c4e351,androidx/loader/app/LoaderManagerImpl$LoaderViewModel,6,39,15.38
0868addc41cc9df1,androidx/core/app/NavUtils,6,61,9.84
53702d2aa9e65849,androidx/core/util/Pools$SynchronizedPool,6,8,75.0
ebcfff0a7a2d6542,androidx/lifecycle/FullLifecycleObserverAdapter,6,13,46.15
eb1f783b80f3a5d7,com/orgzly/android/db/dao/AppLogDao_Impl,6,50,12.0
ae2deae4a668cd67,com/orgzly/android/ui/notes/NoteItemViewBinder$Attrs,6,29,20.69
a0b661f8d8085c23,androidx/lifecycle/ViewModelProvider$NewInstanceFactory,6,13,46.15
abab60f07f02b8b5,kotlin/jvm/internal/TypeIntrinsics,6,209,2.87
96a91734e9df0578,androidx/savedstate/Recreator,6,34,17.65
051f3870a44d5a99,androidx/appcompat/widget/Toolbar$ExpandedActionViewMenuPresenter,6,54,11.11
b1d7136aa6c98468,androidx/constraintlayout/core/SolverVariable$Type,6,8,75.0
6d60de30cfa4e6d7,com/google/android/material/ripple/RippleUtils,6,51,11.76
24afccd899fc308d,androidx/work/impl/model/WorkNameDao_Impl$1,6,10,60.0
e52f624bd66b987f,com/orgzly/android/ui/SyncProgressViewModel,6,6,100.0
db0ec09c8789d332,androidx/core/view/AccessibilityDelegateCompat,6,65,9.23
0a56ba40812f36a4,androidx/constraintlayout/widget/ConstraintLayout$1,6,10,60.0
d98d18dbefd87e00,kotlinx/coroutines/internal/FastServiceLoaderKt,6,7,85.71
e35e7af7f9dd6a5c,com/orgzly/org/parser/OrgNodeInSet,6,15,40.0
8598e39f7ed76c2b,androidx/recyclerview/widget/OrientationHelper,6,13,46.15
a13edd66e7abb10b,androidx/core/os/CancellationSignal,6,49,12.24
97a202396f390d13,androidx/room/DatabaseConfiguration,6,34,17.65
d40f154df2a2c56d,com/orgzly/android/util/OrgFormatter$parseLinks$1,6,18,33.33
c39725e0cb6edcc5,androidx/core/graphics/TypefaceCompat,6,85,7.06
15398e8591ea8aa2,com/orgzly/android/ui/main/OrgProtocol,6,49,12.24
7a167f30db779ebd,androidx/fragment/app/DefaultSpecialEffectsController$10,6,10,60.0
5942d8889bd697cf,com/orgzly/android/ui/sync/SyncViewModel,6,12,50.0
5a4de7125a4f7e83,kotlinx/coroutines/channels/AbstractChannelKt,6,18,33.33
5e52e1f321979956,kotlin/coroutines/ContinuationInterceptor$DefaultImpls,6,22,27.27
7438b491dcbe56e8,com/orgzly/android/ui/books/BooksViewModel$ViewState,6,7,85.71
72b11888c45afdb3,kotlinx/coroutines/channels/AbstractChannel$enqueueReceiveInternal$$inlined$addLastIfPrevAndIf$1,6,7,85.71
9837f44ff2305313,androidx/work/impl/model/PreferenceDao_Impl$1,6,10,60.0
938c58478c704ce9,androidx/core/content/res/ResourcesCompat$ColorStateListCacheKey,6,13,46.15
18502f927f908239,androidx/work/WorkManager,6,12,50.0
6e7c078c49bae4dd,org/joda/time/DateTimeUtils,6,99,6.06
715ca8d8d3856005,kotlin/text/MatcherMatchResult$groupValues$1,6,16,37.5
d2015442d5cb016f,org/joda/time/field/SkipDateTimeField,6,16,37.5
0f0247c0f7364ff9,androidx/fragment/app/FragmentStateManager$2,6,10,60.0
e20cb806f607de3a,com/orgzly/android/ui/notes/query/QueryViewModel$ViewState,6,7,85.71
c42b4874a4a4c3e5,com/orgzly/android/db/OrgzlyDatabase$Companion$forFile$1,6,6,100.0
0914e7036955e1af,com/orgzly/android/db/TypeConverters,6,15,40.0
367f1da6efe7b813,androidx/emoji2/viewsintegration/EmojiEditTextHelper$HelperInternal19,6,14,42.86
932b9eeabdf385be,androidx/emoji2/text/ConcurrencyHelpers,6,10,60.0
c8160359074c32ad,androidx/customview/view/AbsSavedState,6,17,35.29
befa811e391333bb,androidx/work/impl/model/WorkTagDao_Impl$1,6,10,60.0
72bb7b197192ed00,org/mozilla/universalchardet/prober/Latin1Prober,6,24,25.0
2bd04fda763893f7,androidx/recyclerview/widget/BatchingListUpdateCallback,6,28,21.43
04b0700e537ba638,androidx/work/impl/utils/WorkForegroundRunnable,6,12,50.0
1cf6ed7b8fa08434,androidx/emoji2/viewsintegration/EmojiTextViewHelper,6,14,42.86
bf353abe0894cc29,kotlinx/coroutines/internal/LimitedDispatcher,6,57,10.53
412a17cbb3ffcd28,androidx/room/InvalidationLiveDataContainer,6,6,100.0
eb48a20eb13a965b,com/orgzly/android/sync/AutoSync$Type,6,8,75.0
46955ed5981a5011,com/orgzly/android/ui/views/richtext/RichTextView$Listeners,6,30,20.0
bd49dac80efd8919,com/orgzly/org/parser/OrgParserSettings,6,9,66.67
48391a786315422b,androidx/room/RoomTrackingLiveData$2,6,7,85.71
89c610bc4f3f31e1,androidx/appcompat/widget/TintContextWrapper,6,54,11.11
bae7adfc4b23751b,kotlin/internal/jdk8/JDK8PlatformImplementations,6,19,31.58
5cd85f9957f1a14d,androidx/appcompat/app/AppCompatActivity$2,6,6,100.0
85db79c58c0a60cb,com/orgzly/android/ui/util/SystemServices,6,14,42.86
bfbce1b31586e3da,com/orgzly/android/ui/SyncProgressViewModel$1,6,12,50.0
09d4b1410a6387cc,com/orgzly/android/ui/main/MainActivity$3,6,14,42.86
5a50e1bee32e64ac,androidx/fragment/app/FragmentManager$6,6,12,50.0
470455c44977a948,androidx/work/impl/WorkDatabasePathHelper,6,42,14.29
7d3632d4201a01d6,com/google/android/material/appbar/AppBarLayout$Behavior,6,21,28.57
77d4f168e455f58f,com/orgzly/android/ui/SingleLiveEvent,6,9,66.67
097f21a0b9b102e5,com/orgzly/android/query/QueryTokenizer$Companion,6,41,14.63
325de1dcb7cfc303,androidx/work/Configuration$1,6,6,100.0
f212acd71ad58292,com/orgzly/android/db/dao/NoteAncestorDao_Impl$1,6,6,100.0
5b4f95023bc13c05,kotlin/Pair,5,22,22.73
5799ce214eca8792,androidx/recyclerview/widget/RecyclerViewAccessibilityDelegate,5,28,17.86
14a57c4d3bf52d77,kotlinx/coroutines/internal/LockFreeTaskQueueCore$Companion,5,10,50.0
dddc73352b451f04,com/orgzly/android/di/module/ApplicationModule_ProvidesContext$app_fdroidDebugFactory,5,5,100.0
8d525ddcae4f2790,androidx/recyclerview/widget/RecyclerView$LayoutParams,5,19,26.32
8693bc2e80c9accd,com/orgzly/android/query/Condition$HasState,5,24,20.83
e84b29ef80ae80c1,com/orgzly/android/db/dao/BookDao,5,6,83.33
26b9143dfc1fc298,com/google/android/material/shape/MaterialShapeDrawable$1,5,5,100.0
63a8181af28bbcbe,com/orgzly/android/ui/notes/query/search/SearchFragment$WhenMappings,5,8,62.5
aa969cbe4e66f5ac,com/orgzly/android/query/Options,5,17,29.41
57972f3aa49b5ea5,com/orgzly/android/prefs/IntegerPreference$parseAttrs$1,5,5,100.0
88169bb4614f6af5,androidx/core/content/pm/ShortcutInfoCompatSaver$NoopImpl,5,7,71.43
cc4434f3d1f0847f,kotlin/sequences/GeneratorSequence,5,5,100.0
0ca0162a4cf4edcc,com/orgzly/android/db/dao/ReminderTimeDao$NoteTime,5,53,9.43
61fd240e53c3a3d6,androidx/fragment/app/DefaultSpecialEffectsController$1,5,6,83.33
b95fca46af967d9b,kotlin/collections/CollectionsKt__MutableCollectionsKt,5,130,3.85
f8ac931b41a9e7d3,com/orgzly/android/db/NotesClipboard$Companion,5,28,17.86
0ab9c965f434bc89,org/joda/time/field/PreciseDurationField,5,21,23.81
7d42a727a12f3754,androidx/appcompat/widget/ResourceManagerInternal$ColorFilterLruCache,5,5,100.0
a5b33f5dac357913,com/orgzly/android/di/module/ApplicationModule_ProvidesResources$app_fdroidDebugFactory,5,5,100.0
bf713859545493c6,com/orgzly/android/di/module/DataModule_ProvidesLogsRepository$app_fdroidDebugFactory,5,5,100.0
89b3d825bb16ed1c,org/joda/time/field/ScaledDurationField,5,37,13.51
a0cd50878b28085f,androidx/emoji2/viewsintegration/EmojiEditTextHelper,5,17,29.41
5e721313c6c2080d,org/joda/time/chrono/BasicMonthOfYearDateTimeField,5,100,5.0
e07b4ec9b9fcb0e9,kotlinx/coroutines/CoroutineScopeKt,5,30,16.67
4617838407b0674f,com/orgzly/android/sync/AutoSync_Factory,5,5,100.0
fc5c207dbde9312c,androidx/work/ContentUriTriggers,5,13,38.46
da95b2050b7f25e6,com/orgzly/android/ui/views/richtext/RichTextEdit,5,65,7.69
5b1229aec498ad87,androidx/work/ListenableWorker,5,31,16.13
b0547e99d589b1d4,kotlinx/coroutines/channels/BufferOverflow,5,7,71.43
c095d2b0f3dc2777,com/orgzly/org/datetime/OrgRepeater$Type,5,6,83.33
fe29bb1c8c302b9a,androidx/lifecycle/SavedStateHandleAttacher,5,9,55.56
df46268219a08c43,com/orgzly/android/ui/books/BooksAdapter$onBindViewHolder$1$1,5,8,62.5
c9fb38ac5e54049c,androidx/work/ExistingWorkPolicy,5,7,71.43
1083511578b8da25,com/orgzly/android/util/EncodingDetect$Method,5,6,83.33
b18dec8e963a8d58,com/google/android/material/animation/AnimationUtils,5,11,45.45
8b772a2f587f43c4,com/orgzly/android/db/dao/NoteEventDao_Impl$2,5,5,100.0
5b2becd0bde91705,kotlin/jvm/internal/ClassReference$Companion,5,45,11.11
2bb169c06eb41a6b,androidx/sqlite/db/framework/FrameworkSQLiteProgram,5,8,62.5
248f1f93700f3496,androidx/core/view/ViewCompat$Api17Impl,5,12,41.67
110c7417c8cf14a2,com/orgzly/android/prefs/StateWorkflows,5,8,62.5
b30ef35ddac5e2de,kotlin/text/Regex$findAll$2,5,5,100.0
7b75be34632f6dd5,androidx/appcompat/widget/VectorEnabledTintResources,5,56,8.93
4f6c7698e2f60567,com/orgzly/android/usecase/BookImportGettingStarted,5,5,100.0
c7a4ad4fc47aa41f,androidx/preference/EditTextPreference$SimpleSummaryProvider,5,9,55.56
301669068fcb92db,kotlinx/coroutines/scheduling/DefaultIoScheduler,5,13,38.46
b52c008c6d5605ba,org/mozilla/universalchardet/prober/statemachine/PkgInt,5,5,100.0
6485f68b3b5bd0f8,androidx/work/WorkerParameters,5,15,33.33
a78547c2ac9d3e1d,com/orgzly/android/query/user/DottedQueryParser$conditions$2,5,6,83.33
36f5af3c0fea0a2c,androidx/lifecycle/SavedStateHandleSupport$savedStateHandlesVM$1$1,5,5,100.0
ca259e3f6cf02c54,androidx/dynamicanimation/animation/SpringForce,5,51,9.8
27d0f782935e4732,androidx/work/impl/model/SystemIdInfoDao_Impl$1,5,7,71.43
cdcd4aa57fdfb2b6,androidx/work/impl/constraints/trackers/ConstraintTracker,5,36,13.89
720b9e74cb96afe6,androidx/fragment/app/FragmentActivity$2,5,8,62.5
8e65baf9930b0850,kotlin/coroutines/AbstractCoroutineContextElement,5,7,71.43
fe448a676988f054,androidx/room/EntityDeletionOrUpdateAdapter,5,23,21.74
3f5a0666067d5199,kotlinx/coroutines/CoroutineContextKt$hasCopyableElements$1,5,8,62.5
f7a5613aa243f698,com/orgzly/android/ui/util/TitleGenerator$TitleAttributes,5,5,100.0
e4024d6da45b8fcc,androidx/core/content/res/ResourcesCompat$FontCallback,5,8,62.5
7ac3b2c0721d0f33,androidx/preference/PreferenceCategory,5,19,26.32
a4960f705d0792f8,kotlin/sequences/TransformingSequence,5,7,71.43
697751052fe52cd8,androidx/lifecycle/Transformations$2,5,9,55.56
17aea302ace97716,androidx/recyclerview/widget/RecyclerView$6,5,17,29.41
edb175705f72dd45,androidx/work/impl/utils/PreferenceUtils,5,42,11.9
734087f338ffe4a6,kotlin/text/RegexKt,5,27,18.52
53a82d837885f3c3,com/orgzly/android/di/module/ApplicationModule_ProvidesApplication$app_fdroidDebugFactory,5,5,100.0
6b6b84106e4f69c4,org/joda/time/chrono/ISOYearOfEraDateTimeField,5,22,22.73
87b4e48f25d4d18f,com/orgzly/android/util/BroadcastReceiverExtKt,5,6,83.33
25646a13b045b310,androidx/work/impl/constraints/WorkConstraintsTracker,5,56,8.93
ea81979314add1b5,kotlin/sequences/TransformingSequence$iterator$1,5,7,71.43
397c73866ebe097e,androidx/core/view/GravityCompat,5,16,31.25
ca2cc5031111afe1,com/orgzly/android/query/QueryTokenizer$tokanize$1,5,5,100.0
04f0f74f311999a1,com/orgzly/android/di/module/DataModule_ProvidesDataRepository$app_fdroidDebugFactory,5,5,100.0
b3659c2b18875ba8,org/joda/time/field/PreciseDateTimeField,5,18,27.78
21205162d9a430d3,kotlinx/coroutines/internal/SystemPropsKt__SystemPropsKt,5,6,83.33
71d30915df7360c1,androidx/collection/ArrayMap,5,18,27.78
82d5e614080b99c6,kotlin/coroutines/EmptyCoroutineContext,5,9,55.56
6850beaec5fdd9c8,com/orgzly/android/ui/notes/ItemGestureDetector,5,11,45.45
4c8f408d9b68b625,androidx/lifecycle/LifecycleRegistry$ObserverWithState,5,5,100.0
a9e32c8213cf8178,com/orgzly/android/di/module/DatabaseModule_ProvideDatabase$app_fdroidDebugFactory,5,5,100.0
d0c4b184f6954f58,androidx/startup/InitializationProvider,5,12,41.67
2c15d75eebb7f2cf,org/mozilla/universalchardet/prober/statemachine/SMModel,5,6,83.33
3ac8fadcd773f8ea,androidx/fragment/app/SpecialEffectsController$1,5,5,100.0
6a1e7e97cbc3e9bc,androidx/work/impl/background/greedy/DelayedWorkTracker,5,15,33.33
5314f3a029739eb7,com/orgzly/android/ui/notes/query/QueryViewModelFactory,5,5,100.0
6d1a6a355b26bb46,kotlinx/coroutines/UndispatchedMarker,5,7,71.43
aca33fe4da5a3e60,com/orgzly/android/ui/books/BooksViewModelFactory,5,5,100.0
3ed0a37391fa930a,com/orgzly/android/di/module/ApplicationModule_ProvidesLocalStorage$app_fdroidDebugFactory,5,5,100.0
d4c5b7940b9b5894,androidx/fragment/app/Fragment$5,5,6,83.33
6ec8cf34bb22b106,com/orgzly/android/ui/views/WhatsNewChange$content$1,5,5,100.0
f7f084de7545d72c,org/joda/time/Instant,5,35,14.29
c48980a26dec6000,androidx/preference/ListPreference$SimpleSummaryProvider,5,9,55.56
7acf8cad5ab3bb2f,com/orgzly/android/ui/books/BooksFragment$WhenMappings,5,8,62.5
206dbfc2304c7743,org/joda/time/chrono/GJDayOfWeekDateTimeField,5,11,45.45
210dfdaa53f56070,androidx/collection/MapCollections,5,57,8.77
2efa337b574dc285,androidx/fragment/app/SpecialEffectsController$Operation$LifecycleImpact,5,6,83.33
69eeb5d21ea9fe9f,kotlin/text/StringsKt__AppendableKt,5,21,23.81
5c72c549db66c7bd,androidx/appcompat/app/AppCompatDelegateImpl$2,5,8,62.5
df5f4b7960550d31,androidx/viewbinding/ViewBindings,5,8,62.5
adb3ce77f2724294,androidx/work/impl/model/WorkSpec$1,5,8,62.5
a7e1b8ad994bb473,androidx/work/InputMergerFactory,5,6,83.33
e73f022b42c63924,com/orgzly/android/reminders/LastRun,5,40,12.5
a0ad934393dfd2bf,androidx/emoji2/text/EmojiCompatInitializer$LoadEmojiCompatRunnable,5,7,71.43
492249996146392b,com/orgzly/android/data/DbRepoBookRepository_Factory,5,5,100.0
7ff0ecdb7ca3e098,com/orgzly/android/ui/main/MainActivityViewModelFactory,5,5,100.0
b442006ada9e479f,com/orgzly/android/di/module/DataModule_ProvidesRepoFactory$app_fdroidDebugFactory,5,5,100.0
096cfa8a1f7c8465,androidx/collection/MapCollections$KeySet,4,29,13.79
21bc1a388e18e212,androidx/core/view/WindowCompat$Api16Impl,4,6,66.67
6361ace24f3a03f1,com/orgzly/org/datetime/OrgDelay$Type,4,5,80.0
8edb40666c3c7081,org/mozilla/universalchardet/prober/CharsetProber$ProbingState,4,6,66.67
0ad1fb81efbdcad3,kotlinx/coroutines/internal/MainDispatchersKt,4,19,21.05
2014d2027f8d01a0,com/google/android/material/progressindicator/DrawableWithAnimatedVisibilityChange$2,4,4,100.0
945ee923e0a71bf9,androidx/work/ListenableWorker$Result$Success,4,12,33.33
539d1607ef27ffaf,androidx/loader/app/LoaderManagerImpl,4,66,6.06
d3c8011f7e370f3e,androidx/recyclerview/widget/RecyclerView$ViewFlinger,4,125,3.2
9ca1b388b32baa6e,androidx/recyclerview/widget/RecyclerView$2,4,5,80.0
32ca22431f673b59,androidx/work/impl/utils/futures/SettableFuture,4,5,80.0
5e93141fdc4bdcdc,kotlin/coroutines/AbstractCoroutineContextKey,4,11,36.36
0d6239a542c2cea2,com/google/android/material/progressindicator/AnimatorDurationScaleProvider,4,8,50.0
09bec2c789511594,com/orgzly/android/ui/views/richtext/RichTextView$parseAttrs$1,4,4,100.0
6d5f845695cf6b68,androidx/work/impl/utils/futures/AbstractFuture$SafeAtomicHelper,4,6,66.67
56fea9b3d6ef154d,com/orgzly/android/ui/AppSnackbar,4,37,10.81
d9f89462fb55d13d,androidx/collection/ArraySet$1,4,10,40.0
05b0eb3d5eece150,androidx/fragment/app/Fragment$6,4,5,80.0
85eb41d3298f1821,com/google/android/material/card/MaterialCardViewHelper$1,4,4,100.0
07643b944ee36223,com/orgzly/android/ui/views/richtext/RichText$parseAttrs$1,4,4,100.0
1efd54842154ebf9,androidx/core/view/MarginLayoutParamsCompat,4,33,12.12
3d5e7103a4110dfd,com/orgzly/android/util/OrgFormatter$parseDrawers$1,4,17,23.53
aed22020bd9441cd,androidx/core/graphics/drawable/DrawableCompat$Api21Impl,4,10,40.0
c70c454865a25b8b,kotlinx/coroutines/Dispatchers,4,12,33.33
dc7967807fbb32a0,com/orgzly/android/ui/notes/NoteItemViewBinder$Attrs$Companion,4,4,100.0
9d2af700223ece52,kotlin/jvm/internal/Reflection,4,46,8.7
818c750822847d08,com/orgzly/android/ui/books/BooksViewModelFactory$Companion,4,4,100.0
01121f216a50a807,androidx/core/util/ObjectsCompat,4,23,17.39
e1d376d70e9d0347,androidx/fragment/app/Fragment$8,4,4,100.0
f9977b3e4ebc47cf,com/google/android/material/expandable/ExpandableWidgetHelper,4,19,21.05
9121212271371776,com/orgzly/android/query/QueryParser$Operator,4,5,80.0
42ab73e78dd3380f,androidx/lifecycle/ViewModelKt,4,5,80.0
995a2f2c10e34765,androidx/emoji2/text/EmojiCompat$CompatInternal19,4,25,16.0
22de10796ccb48b6,com/orgzly/android/ui/notes/query/QueryViewModelFactory$Companion,4,4,100.0
8aa81bcde7f05fa7,com/orgzly/android/query/sql/SqliteQueryBuilder$joinConditions$1,4,4,100.0
79a233c51499bd2a,androidx/work/OutOfQuotaPolicy,4,5,80.0
0c4c2528bdd33d8b,androidx/room/InvalidationTracker$WeakObserver,4,6,66.67
f1ca603ecfdd0d6e,com/orgzly/android/NotificationChannels,4,51,7.84
003156f5df4b22e4,androidx/work/BackoffPolicy,4,5,80.0
f768c67cd043edb1,com/orgzly/org/parser/OrgParserSettings$SeparateNotesWithNewLine,4,6,66.67
482a5c7808fac401,kotlin/random/Random,4,98,4.08
c79aadff983206af,org/joda/time/tz/ZoneInfoProvider$1,4,5,80.0
311f4c4370536f4d,androidx/work/impl/WorkerWrapper$2,4,15,26.67
d3de190795c05674,org/mozilla/universalchardet/prober/HebrewProber,4,45,8.89
62a1ade9dfe8c038,androidx/interpolator/view/animation/LookupTableInterpolator,4,4,100.0
364d6752c59b218a,androidx/work/WorkRequest,4,5,80.0
c7c5d0044cddab33,androidx/core/util/Preconditions,4,73,5.48
b5d43341505f4477,com/orgzly/android/ui/notes/query/QueryViewModel$Params,4,21,19.05
b6d16a4ed22337cb,androidx/lifecycle/EmptyActivityLifecycleCallbacks,4,8,50.0
3eb6ca2adc958ef0,androidx/core/view/WindowInsetsCompat$Builder,4,26,15.38
ccfb2991627aac1a,androidx/lifecycle/Transformations,4,7,57.14
6cc1459e99362ba6,com/orgzly/JacocoInstrument/SMSInstrumentedReceiver,4,7,57.14
10455e0da57cd852,androidx/activity/result/ActivityResultRegistry$LifecycleContainer,4,8,50.0
ceec65d9bcb6d421,androidx/emoji2/text/DefaultGlyphChecker,4,16,25.0
5c28f6dec5507962,androidx/lifecycle/viewmodel/ViewModelInitializer,4,4,100.0
907c0a43489640e9,androidx/arch/core/executor/DefaultTaskExecutor$1,4,4,100.0
1b1dbdca2b50f387,org/joda/time/tz/FixedDateTimeZone,4,25,16.0
7410ec982bebf382,androidx/lifecycle/ProcessLifecycleOwner$3,4,8,50.0
6a95e6478055e1f3,com/orgzly/android/ui/main/SharedMainActivityViewModel$FragmentState,4,14,28.57
ce3a5e0d901e6b3e,com/orgzly/android/db/entity/SavedSearch,4,36,11.11
75415101eb9206d2,androidx/constraintlayout/core/Cache,4,4,100.0
96ea288a46b824ee,com/orgzly/android/db/entity/NoteAncestor,4,23,17.39
ee00b148f1ff5833,com/orgzly/android/usecase/UseCaseRunner$Factory,4,8,50.0
2ffa095abf2ccc84,kotlinx/coroutines/JobKt,4,29,13.79
9fdc472ad8c61f98,androidx/emoji2/text/EmojiCompat$Config,4,28,14.29
c7a04ddc6e862a9d,com/orgzly/android/query/Condition$And,4,14,28.57
18467adec727ff42,org/mozilla/universalchardet/UniversalDetector$InputState,4,6,66.67
71867011b6b0e911,kotlinx/coroutines/DefaultExecutorKt,4,10,40.0
6096a1fe6dc643df,kotlinx/coroutines/internal/ThreadContextKt$countAll$1,4,13,30.77
8e1c02bbb76504c5,com/orgzly/android/db/entity/BookAction$Companion,4,4,100.0
e1e2b720529cb52a,com/orgzly/android/ui/notes/book/BookFragment,4,619,0.65
23af8344314d6bb4,androidx/work/Worker$1,4,6,66.67
ca192bf89e5a0879,kotlinx/coroutines/flow/internal/SafeCollectorKt$emitFun$1,4,4,100.0
43923ff59e15ea62,androidx/recyclerview/widget/FastScroller$2,4,4,100.0
6a5df192f8801fbc,androidx/lifecycle/ProcessLifecycleOwner$2,4,4,100.0
c6ce13892685e4a6,org/joda/time/chrono/GJYearOfEraDateTimeField,4,21,19.05
e89356b542eb401e,com/orgzly/android/query/QueryParser$WhenMappings,4,6,66.67
06c79113ff5747ee,com/orgzly/android/ui/main/ActivityForResult,4,28,14.29
b7b8c6d108ef89af,com/orgzly/android/ui/savedsearches/SavedSearchesFragment,4,249,1.61
5ce291776764df50,com/orgzly/android/ui/SingleLiveEvent$1,4,5,80.0
e1f690d986b3d38d,androidx/recyclerview/widget/AsyncListDiffer$1$2,4,5,80.0
c5973bb7020795ac,kotlinx/coroutines/flow/internal/SafeCollector$collectContextSize$1,4,4,100.0
e9893f48f53faef9,androidx/lifecycle/MutableLiveData,4,4,100.0
db2b522118dbc309,androidx/core/view/WindowInsetsCompat$BuilderImpl,4,40,10.0
8635778fe8033359,kotlin/jvm/internal/CollectionToArray,4,61,6.56
843361e28ee3823c,androidx/core/view/GestureDetectorCompat,4,9,44.44
91018330dfb23e9f,org/joda/time/chrono/ZonedChronology$ZonedDurationField,4,55,7.27
806dcff246383e27,org/joda/time/UTCDateTimeZone,4,12,33.33
4179237017c517f3,com/orgzly/android/usecase/UseCaseWorker$doWork$1,4,4,100.0
e4c6f5f282d6b09e,com/orgzly/android/ui/CommonViewModel,4,13,30.77
b198491a26386aae,com/orgzly/android/BookFormat,4,6,66.67
287b2c48861ff10e,androidx/appcompat/app/AppCompatDelegateImpl$3,4,9,44.44
b53ede5c4b9ae334,com/orgzly/android/ui/util/ActivityUtilsKt,4,7,57.14
f85aa29c7be505f5,androidx/lifecycle/ViewModelProviderGetKt,4,7,57.14
abff7b8ab43979bc,androidx/core/content/res/GrowingArrayUtils,4,48,8.33
7fc387c710cf43f6,kotlinx/coroutines/scheduling/SchedulerCoroutineDispatcher,4,22,18.18
14ef2e8a214ec634,org/joda/time/field/DecoratedDateTimeField,4,14,28.57
f223c50c68592f15,androidx/savedstate/SavedStateRegistryController$Companion,4,4,100.0
511390bd96a69b53,com/orgzly/android/query/QueryParser$ConditionMatch,4,19,21.05
2797007fb2e20c3f,com/google/android/material/behavior/HideBottomViewOnScrollBehavior,4,62,6.45
045f3d53ccccf34b,com/orgzly/android/ui/CommonFragment$onViewCreated$1$1$1,4,6,66.67
4d102bc7f398d301,com/orgzly/android/prefs/StatesPreference,4,15,26.67
d38f4297fd0b66c1,androidx/drawerlayout/widget/DrawerLayout$LayoutParams,4,9,44.44
05fa66e85f474673,com/google/android/material/shape/MaterialShapeDrawable$2,4,4,100.0
00eb210e815bf1ae,com/orgzly/android/ui/main/MainActivityViewModelFactory$Companion,4,4,100.0
30a8feadb958a619,androidx/core/content/FileProvider$SimplePathStrategy,4,42,9.52
3d24bd48eded7d5b,androidx/work/InputMerger,4,6,66.67
8273f80186bd8c0c,com/orgzly/android/db/dao/NoteViewDao_Impl,4,1040,0.38
17f9d858befc0664,kotlin/ResultKt,4,63,6.35
f48328bbf75c0520,androidx/recyclerview/widget/RecyclerView$Adapter$StateRestorationPolicy,4,6,66.67
76f33b1ef822984f,androidx/emoji2/text/SpannableBuilder$WatcherWrapper,4,25,16.0
ee54b5a292333f9f,androidx/appcompat/app/AppCompatDelegateImpl$5,3,3,100.0
2de8a21b02231df5,org/joda/time/convert/ReadableInstantConverter,3,17,17.65
ef92f37a6ab49eba,androidx/lifecycle/LegacySavedStateHandleController,3,19,15.79
a6954edd3767f24d,androidx/work/impl/Processor$FutureListener,3,4,75.0
ea742d29d88d98fe,com/google/android/material/stateful/ExtendableSavedState,3,22,13.64
7ce25e9b5ef94f52,kotlin/random/Random$Default,3,20,15.0
bc9a3166476e133f,androidx/work/impl/utils/SerialExecutor$Task,3,4,75.0
8eea7eae1f326ff6,androidx/work/ListenableWorker$Result,3,6,50.0
efcb294394af3ef5,androidx/core/view/WindowCompat,3,13,23.08
3a5a01100f79ff5c,androidx/constraintlayout/core/widgets/ConstraintAnchor$Type,3,4,75.0
2413c0536cad6834,com/orgzly/android/prefs/TimePreference,3,19,15.79
5da9b439bcd8372b,androidx/sqlite/db/SupportSQLiteOpenHelper$Callback,3,43,6.98
27425fade39d8f87,com/orgzly/android/ui/views/richtext/RichText$Listeners,3,20,15.0
e7ef18ec9d3356c4,org/mozilla/universalchardet/prober/statemachine/Big5SMModel,3,3,100.0
5c7c7c14d8d77233,androidx/fragment/app/FragmentStateManager$1,3,4,75.0
bfe82e18f5a40217,com/google/android/material/internal/ToolbarUtils,3,65,4.62
5e1b8e27e4d70218,kotlin/jvm/internal/FunctionReference,3,36,8.33
a6e9dba88a644a90,kotlin/collections/CollectionsKt__MutableCollectionsJVMKt,3,19,15.79
5b9b7f12f6b582a2,kotlin/jvm/internal/CallableReference$NoReceiver,3,4,75.0
b73440b38d68efe6,androidx/work/Worker,3,3,100.0
a3762867985e4588,androidx/lifecycle/ViewModelProvider$Factory,3,6,50.0
ef21be43fcff84e3,com/orgzly/org/parser/OrgNode,3,5,60.0
28000751748bb6de,org/joda/time/convert/StringConverter,3,104,2.88
cf68dcf7a21adc51,com/google/android/material/internal/ViewUtils$4,3,4,75.0
81a18b302308b809,androidx/emoji2/viewsintegration/EmojiKeyListener,3,13,23.08
44dfcdbad8487b5c,kotlinx/coroutines/NodeList,3,20,15.0
200227aa58dc5df9,androidx/appcompat/widget/FitWindowsLinearLayout,3,7,42.86
8040d9c3f35c64ee,androidx/recyclerview/widget/RecyclerViewAccessibilityDelegate$ItemDelegate,3,57,5.26
653cb0fadff67770,androidx/core/view/ViewCompat$Api23Impl,3,8,37.5
d2acf77b840c023b,com/google/android/material/floatingactionbutton/FloatingActionButton$Behavior,3,9,33.33
59e823847bb90731,androidx/core/os/BuildCompat,3,58,5.17
5cfb92fd8ffe7061,androidx/sqlite/db/framework/FrameworkSQLiteStatement,3,6,50.0
cde1dc2c0bbe352c,kotlinx/coroutines/channels/Receive,3,4,75.0
38669bbcd2a1d9bf,com/google/android/material/internal/NavigationMenuView,3,6,50.0
4d09e8b5a1762a2a,androidx/activity/ComponentActivity$3,3,10,30.0
f42ccab5ad9cb98b,com/orgzly/android/ui/SyncProgressViewModel$1$1,3,3,100.0
3a56df5a86974a8f,com/orgzly/android/di/module/DatabaseModule,3,10,30.0
52f6319bbfed7c30,androidx/room/RoomDatabase$Callback,3,4,75.0
106675632f7acafe,com/orgzly/android/ui/notes/query/QueryFragment$Companion,3,3,100.0
a068451d625b0d30,com/orgzly/android/usecase/UseCase,3,5,60.0
6c84b0dd74e4db25,org/mozilla/universalchardet/prober/statemachine/UTF8SMModel,3,3,100.0
e55123d1fa64e8ff,com/orgzly/android/util/LogUtils$appendBundle$1,3,3,100.0
03971cad508fca57,kotlin/coroutines/jvm/internal/DebugProbesKt,3,3,100.0
f4e7cdaf4b9b131c,org/joda/time/field/ImpreciseDateTimeField$LinkedDurationField,3,16,18.75
014ffd0decbefb6a,androidx/lifecycle/LiveData$1,3,4,75.0
d46667dc4f285c4c,org/joda/time/format/DateTimeFormatter,3,195,1.54
ba81046a9bca8f04,kotlinx/coroutines/Empty,3,6,50.0
dd47be563cde8920,androidx/lifecycle/LifecycleDispatcher,3,5,60.0
314f65e670bc0891,kotlin/collections/MapsKt__MapsJVMKt,3,46,6.52
01e9e2b689921d93,kotlinx/coroutines/flow/internal/SafeCollector_commonKt,3,14,21.43
24d839dbe18dafb0,com/google/android/material/navigation/NavigationView$1,3,7,42.86
87e448537a0f8181,kotlinx/coroutines/android/AndroidDispatcherFactory,3,6,50.0
65c1ab1a95bdee7f,androidx/emoji2/viewsintegration/EmojiInputFilter$InitCallbackImpl,3,25,12.0
94783e26789c61f9,androidx/recyclerview/widget/AsyncListDiffer$MainThreadExecutor,3,3,100.0
a2901c56b7aaf9d9,androidx/arch/core/internal/SafeIterableMap$DescendingIterator,3,3,100.0
12e7eee94641a6ab,org/mozilla/universalchardet/prober/statemachine/EUCTWSMModel,3,3,100.0
1361c9dab9e9041e,androidx/work/WorkerParameters$RuntimeExtras,3,3,100.0
875a1cb811e275f9,androidx/fragment/app/SpecialEffectsController$2,3,3,100.0
96936be7c900b7da,androidx/emoji2/text/EmojiCompatInitializer$1,3,3,100.0
8d4b1fb378704a7f,androidx/core/view/MenuHostHelper,3,53,5.66
0c6ea04bb9e4808f,kotlin/text/Regex$findAll$1,3,3,100.0
a0537b317fe73c45,com/orgzly/android/ui/notes/query/agenda/AgendaFragment,3,197,1.52
5186e3f0eeee498d,com/google/android/material/bottomappbar/BottomAppBar$Behavior,3,41,7.32
55e62e429c000220,com/orgzly/android/ui/notes/book/BookFragment$Companion,3,8,37.5
a51c23b4f5d01136,androidx/lifecycle/SavedStateHandlesProvider$viewModel$2,3,3,100.0
a2c121be6c329ade,org/joda/time/field/ZeroIsMaxDateTimeField,3,35,8.57
00909bea7b1c6833,com/orgzly/android/reminders/RemindersBroadcastReceiver_MembersInjector,3,9,33.33
d918784fecf53181,androidx/core/view/ViewCompat$Api20Impl,3,4,75.0
005ac8738522abd4,org/joda/time/chrono/BasicWeekOfWeekyearDateTimeField,3,24,12.5
0e97c60fae123cbc,androidx/lifecycle/LiveData$AlwaysActiveObserver,3,3,100.0
b1b396991a09b010,kotlinx/coroutines/CoroutineDispatcher$Key,3,3,100.0
93ed3a048b9df157,androidx/localbroadcastmanager/content/LocalBroadcastManager$1,3,4,75.0
87b5af9adc0c7e97,androidx/core/widget/ImageViewCompat,3,45,6.67
7982f4296b8f8f92,kotlinx/coroutines/NonDisposableHandle,3,6,50.0
6df96f6dac537a20,androidx/activity/result/contract/ActivityResultContracts$CreateDocument,3,18,16.67
243756252ca077c4,org/mozilla/universalchardet/prober/distributionanalysis/CharDistributionAnalysis,3,23,13.04
67aae9ec4e720f44,kotlin/coroutines/intrinsics/CoroutineSingletons,3,5,60.0
e6b8bdecb92e2f4f,com/orgzly/android/ui/sync/SyncFragment$Companion,3,4,75.0
aea6f040910635a2,com/orgzly/android/ui/notes/NotePopup$Action,3,29,10.34
f9e4d5a61864353c,androidx/arch/core/executor/TaskExecutor,3,5,60.0
9e344f65601411a0,com/google/android/material/shape/ShapePath$ShadowCompatOperation,3,4,75.0
771b013bda3ac826,androidx/customview/widget/ViewDragHelper$Callback,3,13,23.08
8fecb207398bc6a2,com/google/android/material/bottomappbar/BottomAppBarTopEdgeTreatment,3,39,7.69
e1f2a0dcbb88531c,androidx/interpolator/view/animation/FastOutLinearInInterpolator,3,3,100.0
a3cacf111d1173f5,androidx/activity/OnBackPressedDispatcher$OnBackPressedCancellable,3,3,100.0
345269c2736931e2,kotlinx/coroutines/scheduling/TaskContextImpl,3,3,100.0
6073e58eb7820b9f,androidx/recyclerview/widget/DiffUtil$Diagonal,3,3,100.0
24ccce7c0dfe9894,kotlinx/coroutines/scheduling/NanoTimeSource,3,3,100.0
2daff666029cab5e,androidx/lifecycle/CloseableCoroutineScope,3,4,75.0
74e87e4d065143ac,com/google/android/material/shape/EdgeTreatment,3,5,60.0
4063b737877895f0,org/joda/time/field/DecoratedDurationField,3,14,21.43
3803d0bd6d6a1379,org/joda/time/field/BaseDurationField,3,18,16.67
4cae1aa95765cf7c,kotlin/collections/CollectionsKt__IterablesKt,3,26,11.54
3bddf6a8ecaede37,com/orgzly/android/data/logs/DatabaseAppLogsRepository,3,9,33.33
6d188ed007eb444a,kotlinx/coroutines/ChildHandleNode,3,5,60.0
2fe1217ad9c93b01,kotlin/io/CloseableKt,3,28,10.71
22ba47b2fe324fef,androidx/lifecycle/viewmodel/CreationExtras,3,3,100.0
455a23267771cdde,kotlinx/coroutines/SupervisorKt,3,14,21.43
7c567a4aa86ea594,androidx/core/content/res/ResourcesCompat$ThemeCompat,3,7,42.86
985e481bd137ef0f,androidx/sqlite/db/framework/FrameworkSQLiteDatabase$1,3,3,100.0
98a35e5a90757804,com/google/android/material/shape/RoundedCornerTreatment,3,4,75.0
f81728bb05465af4,androidx/recyclerview/widget/AsyncListDiffer$1,3,3,100.0
70687714be0a1edf,org/joda/time/convert/LongConverter,3,5,60.0
049886b57b688372,org/mozilla/universalchardet/prober/statemachine/GB18030SMModel,3,3,100.0
d795091baa98e5fe,org/joda/time/chrono/GJEraDateTimeField,3,26,11.54
430ececf3e9a013f,com/google/android/material/internal/ViewUtils$RelativePadding,3,3,100.0
2885402b227b335c,kotlinx/coroutines/flow/internal/NullSurrogateKt,3,6,50.0
9e86cfeff1bf59e1,com/orgzly/android/util/LogMajorEvents$Companion,3,3,100.0
5984a9bbad164385,com/google/android/material/theme/MaterialComponentsViewInflater,3,6,50.0
01d7823c57fbf7fd,org/joda/time/convert/DateConverter,3,5,60.0
d923561aa352fba8,kotlinx/coroutines/CancelledContinuation,3,5,60.0
a2ee86bda6c33f86,kotlinx/coroutines/scheduling/DefaultScheduler,3,6,50.0
a0fbb3bd842aa584,kotlinx/coroutines/channels/ChannelResult,3,41,7.32
78098a29310cf25b,kotlin/collections/EmptyIterator,3,15,20.0
07ac22a01973405f,androidx/work/Constraints$Builder,3,29,10.34
bf7f7dddc05a4f9c,com/orgzly/android/ui/books/BooksAdapter$onBindViewHolder$1$9,3,3,100.0
6b09408de3f7c33b,com/orgzly/android/util/EncodingDetect$1,3,4,75.0
abae7fd38c83a3a8,org/mozilla/universalchardet/prober/statemachine/EUCJPSMModel,3,3,100.0
8b09aaf5345e3ae7,androidx/lifecycle/RepeatOnLifecycleKt,3,9,33.33
ef7a5e9f5ea90c46,org/mozilla/universalchardet/prober/statemachine/EUCKRSMModel,3,3,100.0
56da34510dad440a,androidx/core/os/HandlerCompat,3,49,6.12
720d239501b997d6,org/joda/time/convert/NullConverter,3,8,37.5
a062c449f502c24b,androidx/activity/ComponentActivity$5,3,3,100.0
4f8835c5a06d1fd8,org/joda/time/chrono/BasicDayOfMonthDateTimeField,3,26,11.54
0fb1b9c921388676,org/joda/time/chrono/ZonedChronology$ZonedDateTimeField,3,103,2.91
c27881c855bef4f1,com/orgzly/android/ui/main/MainActivityViewModel$savedSearches$2,3,3,100.0
3c8750354c8b4461,androidx/work/impl/utils/LiveDataUtils,3,4,75.0
e0aa36d59049bf7a,org/mozilla/universalchardet/prober/statemachine/SJISSMModel,3,3,100.0
c6026e18fdf740da,androidx/arch/core/internal/SafeIterableMap$Entry,3,14,21.43
5540b5d061825825,kotlinx/coroutines/GlobalScope,3,3,100.0
f039e067ea7575a0,com/orgzly/android/data/DbRepoBookRepository,3,48,6.25
063a83007c152c0b,kotlinx/coroutines/BuildersKt,3,8,37.5
9f1674de5e668b8b,kotlinx/coroutines/channels/ChannelResult$Companion,3,5,60.0
7be8c9fd92c044dc,androidx/recyclerview/widget/AsyncDifferConfig,3,4,75.0
036bd6107f06a5dc,androidx/coordinatorlayout/widget/CoordinatorLayout$HierarchyChangeListener,3,9,33.33
2996efd1aa87112b,androidx/recyclerview/widget/AsyncListDiffer$1$1,3,28,10.71
3dee009d0f4421c6,androidx/work/impl/constraints/trackers/BroadcastReceiverConstraintTracker,3,11,27.27
82886ebf41506ffe,androidx/constraintlayout/core/state/WidgetFrame,3,321,0.93
6d00e70821bfc5cf,com/google/android/material/progressindicator/DrawableWithAnimatedVisibilityChange$3,3,5,60.0
b49ce55767768fcc,kotlin/coroutines/CoroutineContext$DefaultImpls,3,3,100.0
0b71a07cce1c5f72,kotlinx/coroutines/internal/ScopeCoroutine,3,11,27.27
3a96b4eb76b4a9d0,androidx/interpolator/view/animation/FastOutSlowInInterpolator,3,3,100.0
2a986dfc6d7f64c4,androidx/work/impl/utils/WorkForegroundUpdater,3,5,60.0
7ed36378d13fc13a,androidx/recyclerview/widget/GapWorker$LayoutPrefetchRegistryImpl,3,40,7.5
b680acae011b0e20,kotlinx/coroutines/ExecutorCoroutineDispatcher$Key,3,3,100.0
ccdf1d1e096126b1,androidx/room/TransactionExecutor$1,3,4,75.0
a6a22d85048dfa07,com/orgzly/android/db/entity/NoteEvent,3,18,16.67
06208edfe37a3489,kotlinx/coroutines/flow/FlowKt__DistinctKt$defaultKeySelector$1,3,3,100.0
497e600703473e37,org/joda/time/field/ImpreciseDateTimeField,3,18,16.67
6698e5691e94c3b7,com/google/android/material/shape/AdjustedCornerSize,3,14,21.43
1057dda5938d1e1a,kotlinx/coroutines/flow/DistinctFlowImpl,3,4,75.0
384382ba74f6b871,dagger/internal/Preconditions,3,27,11.11
66294d92f451d15b,androidx/constraintlayout/core/widgets/ConstraintWidget$DimensionBehaviour,3,4,75.0
e567ac62698cf0bd,androidx/core/content/res/ResourcesCompat$ColorStateListCacheEntry,3,4,75.0
e94c29ea8f6baaf2,com/orgzly/android/ui/savedsearches/SavedSearchesFragment$Companion,3,7,42.86
256a4443270e25e3,androidx/arch/core/internal/SafeIterableMap$AscendingIterator,2,3,66.67
c21c9c60d34ea584,kotlin/random/AbstractPlatformRandom,2,10,20.0
060c44e36f9d9e17,kotlin/collections/AbstractList,2,30,6.67
f8dbec372a120925,com/orgzly/android/ui/books/BooksFragment$appBarBackPressHandler$1,2,5,40.0
f0a0a2da7781bd93,org/mozilla/universalchardet/prober/sequence/MacCyrillicModel,2,2,100.0
2253a4b3790a9be8,com/orgzly/android/ui/sync/SyncViewModel$Companion,2,2,100.0
9368bd3808cb2c7e,androidx/room/util/CursorUtil,2,41,4.88
9a28ef2afe510172,androidx/lifecycle/ViewModelProvider$NewInstanceFactory$Companion$ViewModelKeyImpl,2,2,100.0
55cb2de4cc271c32,androidx/work/impl/constraints/controllers/ConstraintController,2,39,5.13
5786ca3f9363ee90,androidx/core/graphics/TypefaceCompatBaseImpl,2,68,2.94
c51e56903c984a0c,kotlinx/coroutines/scheduling/Task,2,4,50.0
e5d0e74099128884,com/orgzly/android/ui/main/MainActivityViewModel$Companion,2,2,100.0
db3f90b32186eeb3,kotlinx/coroutines/flow/internal/SafeCollectorKt,2,3,66.67
151634939b439fb9,kotlinx/coroutines/AbstractTimeSourceKt,2,36,5.56
3e8ccf4c213080ab,com/google/android/material/internal/NavigationMenuPresenter$NavigationMenuTextItem,2,2,100.0
4a3d345720d8e44e,com/orgzly/android/reminders/RemindersBroadcastReceiver$Companion,2,2,100.0
bd1dcf52745f14d8,androidx/fragment/app/FragmentManager$4,2,2,100.0
04e8bac565ec5a0c,androidx/sqlite/db/SupportSQLiteOpenHelper$Configuration,2,3,66.67
5659bc47db351b0b,androidx/activity/result/contract/ActivityResultContracts$RequestMultiplePermissions$Companion,2,4,50.0
9211938b1ed7d24a,org/mozilla/universalchardet/prober/sequence/Win1251Model,2,2,100.0
a50e0c22d7858728,org/joda/time/convert/ReadablePartialConverter,2,14,14.29
b4874a80f81f5161,kotlin/collections/AbstractList$Companion,2,38,5.26
e7c70ef67de3a629,androidx/core/widget/CheckedTextViewCompat,2,26,7.69
2556b6af9bc4b6ab,com/orgzly/android/ui/drawer/DrawerNavigationView$Companion,2,2,100.0
d40198e1ae85aed0,org/mozilla/universalchardet/prober/distributionanalysis/EUCKRDistributionAnalysis,2,4,50.0
2cac496896762179,androidx/work/impl/model/WorkProgressDao_Impl$2,2,2,100.0
ac060493aafbb2c6,com/orgzly/android/db/dao/NoteDao$Companion,2,3,66.67
3c2092397f4f455c,androidx/swiperefreshlayout/widget/SwipeRefreshLayout$SavedState,2,10,20.0
19c71321b83eae16,androidx/recyclerview/widget/RecyclerView$SavedState,2,9,22.22
a6ebdb99bc0da994,com/orgzly/android/ui/views/richtext/RichTextView$Companion,2,3,66.67
6624b1fa6af3b4b7,androidx/drawerlayout/widget/DrawerLayout$AccessibilityDelegate,2,55,3.64
92df094bcb1af952,com/google/android/material/progressindicator/DrawingDelegate,2,4,50.0
c4fb74b0b2f13102,org/joda/time/chrono/BaseChronology,2,117,1.71
e13ed418b28cd1ca,com/orgzly/android/query/user/DottedQueryParser$sortOrders$10,2,7,28.57
5d72a4ff40e6e674,androidx/recyclerview/widget/DiffUtil$CenteredArray,2,5,40.0
34d4263fa6728afd,androidx/core/util/ObjectsCompat$Api19Impl,2,3,66.67
d2a8b22b6339b43c,com/google/android/material/progressindicator/IndeterminateAnimatorDelegate,2,3,66.67
3b6c92dd1b05173c,com/google/android/material/floatingactionbutton/FloatingActionButtonImpl$ShadowAnimatorImpl,2,12,16.67
2f25416bc3b2a348,com/orgzly/android/db/dao/BookViewDao$Companion,2,2,100.0
aeb7ddc489b298ee,androidx/appcompat/widget/TooltipCompat,2,5,40.0
238c38b27d3074cc,androidx/core/os/TraceCompat$Api18Impl,2,3,66.67
d41a7e4f123747b4,androidx/room/RoomTrackingLiveData$3,2,2,100.0
2562112c9c614eb3,com/orgzly/android/ui/notes/ItemGestureDetector$Companion,2,2,100.0
ade96d37b4311be3,com/orgzly/android/reminders/NoteReminders$getNoteReminders$1,2,4,50.0
a11130924f852eaa,com/orgzly/android/query/user/DottedQueryParser$conditions$3,2,9,22.22
af8752f5edf31b96,com/google/android/material/internal/ContextUtils,2,4,50.0
3ffd3546df853ac4,androidx/core/view/ViewCompat$AccessibilityPaneVisibilityManager,2,38,5.26
50d471ee079e4b7c,org/mozilla/universalchardet/prober/sequence/Latin5BulgarianModel,2,2,100.0
495a79c8ef426cf7,com/google/android/material/progressindicator/LinearDrawingDelegate,2,35,5.71
59bd7bae83b55301,com/orgzly/android/query/QueryParser$SortOrderMatch,2,19,10.53
0cd89635da7e0ab9,com/orgzly/android/ui/books/BooksAdapter$Companion,2,2,100.0
275efd8b47e4b6da,com/google/android/material/shape/RelativeCornerSize,2,10,20.0
dca95febafe32e62,com/orgzly/android/ui/views/richtext/RichText$Companion,2,3,66.67
05996188a8041d93,androidx/lifecycle/ViewModelProvider$NewInstanceFactory$Companion,2,7,28.57
47c94f974cbf1b59,androidx/sqlite/db/framework/FrameworkSQLiteOpenHelperFactory,2,2,100.0
292186cf95dfe7ed,com/orgzly/android/query/user/DottedQueryParser$sortOrders$6,2,7,28.57
1ca9d8711a9faf6b,androidx/lifecycle/LifecycleOwnerKt,2,2,100.0
f8328f0b964d053b,androidx/savedstate/Recreator$Companion,2,2,100.0
3eb29d5fd7ade53b,com/orgzly/android/ui/views/richtext/RichTextEditWatcher$Companion,2,2,100.0
f7768e3f5752b731,com/orgzly/android/ui/LauncherActivity$Companion,2,2,100.0
a1e7eb53b4757b51,androidx/fragment/app/FragmentLayoutInflaterFactory,2,70,2.86
0a3ff72c13e3977b,org/mozilla/universalchardet/prober/sequence/Latin7Model,2,2,100.0
b661034d0b4fc80b,com/orgzly/android/ui/main/SearchViewSetupKt$setupSearchView$1,2,6,33.33
6cb1c9eaa94ff8d3,org/joda/time/convert/ReadableDurationConverter,2,11,18.18
ff36f9b6247184ef,kotlinx/coroutines/internal/LockFreeLinkedListHead,2,22,9.09
e22114f7a1507220,androidx/work/impl/DefaultRunnableScheduler,2,6,33.33
85369b77557bb52a,com/orgzly/android/ui/notes/query/agenda/AgendaFragment$Companion,2,7,28.57
f7a9212e2688f667,kotlin/coroutines/ContinuationInterceptor$Key,2,2,100.0
381f081165e9a18a,org/mozilla/universalchardet/prober/sequence/Ibm855Model,2,2,100.0
eb9599d626c3ed80,kotlinx/coroutines/flow/FlowKt__DistinctKt$defaultAreEquivalent$1,2,4,50.0
9ff86a6c2c94b17c,org/joda/time/convert/ReadableIntervalConverter,2,20,10.0
fe2b89c01409f526,com/orgzly/android/AppExecutors$MainThreadExecutor,2,4,50.0
55663f6fa1c2b6d9,com/orgzly/android/db/dao/NoteDao_Impl$22,2,2,100.0
86a05c6e0b3165e4,org/joda/time/convert/ReadablePeriodConverter,2,6,33.33
8a2713cbed2a0ce5,androidx/work/ListenableWorker$Result$Failure,2,12,16.67
f1fb5214366a66cb,androidx/lifecycle/SavedStateHandlesVM,2,3,66.67
cbcaa872e0a5b256,kotlin/Result$Companion,2,5,40.0
cfcaf4c2c25737bf,com/orgzly/android/ui/main/ActivityForResult$Companion,2,2,100.0
7c4828ca311f926e,androidx/work/impl/model/SystemIdInfoDao_Impl$2,2,2,100.0
eb6ecff7eaa6a995,androidx/lifecycle/ViewModelProvider$AndroidViewModelFactory$Companion$ApplicationKeyImpl,2,2,100.0
340ac8f91d2f7c04,com/orgzly/android/ui/CommonFragment$Companion,2,2,100.0
ed5b35c07a69b6cf,com/orgzly/android/db/dao/NoteViewDao,2,2,100.0
b563c70358e5d75d,kotlinx/coroutines/Active,2,3,66.67
a58b8d7c4f3bfac3,androidx/work/impl/utils/StartWorkRunnable,2,2,100.0
9d8489e364b772fb,androidx/work/impl/constraints/trackers/BatteryChargingTracker,2,40,5.0
dc9e5de89c7ce797,androidx/recyclerview/widget/DiffUtil$Range,2,4,50.0
2fcc889a1e4ee1e8,androidx/work/impl/utils/LiveDataUtils$1,2,2,100.0
0d09233eba1afd9d,com/orgzly/android/query/user/DottedQueryParser$sortOrders$8,2,7,28.57
ba85a2d173c94abc,androidx/customview/widget/ViewDragHelper$1,2,2,100.0
4604ea90139ff327,com/orgzly/android/ui/notes/query/QueryViewModel$Companion,2,2,100.0
c8d8165fa945be39,kotlinx/coroutines/EventLoopImplBase,2,168,1.19
1f517e893d91a051,androidx/lifecycle/DefaultLifecycleObserver,2,6,33.33
094d21c2ce429802,androidx/work/Configuration$Builder,2,17,11.76
ba02be97025b9f27,kotlin/random/jdk8/PlatformThreadLocalRandom,2,6,33.33
0b6669a1d0b7e17b,com/orgzly/android/ui/CommonActivity$Companion,2,2,100.0
6b62f7aa67833b38,com/orgzly/android/query/user/DottedQueryParser$sortOrders$9,2,7,28.57
650eee7560149f68,org/joda/time/chrono/BasicDayOfYearDateTimeField,2,25,8.0
ed8cee4a0a4e6448,androidx/work/impl/utils/futures/AbstractFuture$AtomicHelper,2,2,100.0
a3ee09fb0508d8e9,androidx/work/Operation$State$SUCCESS,2,3,66.67
960e2f771510187f,androidx/activity/result/ActivityResultRegistry$3,2,9,22.22
5d4dc73dede4f70b,com/orgzly/android/ui/Selection$Companion,2,2,100.0
bf826b17005a0cfb,androidx/core/widget/AutoSizeableTextView,2,3,66.67
5634a1a2dc7d9863,androidx/lifecycle/ViewModelProvider$Factory$Companion,2,4,50.0
1de161f93a9d815f,androidx/interpolator/view/animation/LinearOutSlowInInterpolator,2,3,66.67
ac10ef6baaffa708,com/orgzly/android/query/user/DottedQueryParser$sortOrders$7,2,7,28.57
078f5c91be08cf46,kotlinx/coroutines/internal/LimitedDispatcherKt,2,6,33.33
d51509e24c341bfe,com/orgzly/android/ui/settings/SettingsFragment$Companion,2,10,20.0
e04f478910217dd2,com/orgzly/android/ui/views/richtext/RichTextEditWatcher$ListItem,2,19,10.53
2b4968e0011f8450,com/orgzly/android/query/user/DottedQueryParser$sortOrders$2,2,7,28.57
a1cecd53cc1c6112,kotlinx/coroutines/flow/SafeFlow,2,3,66.67
b5ea385aa40c4a4b,kotlin/Unit,2,3,66.67
b1d79dfcc512211e,com/orgzly/android/query/user/DottedQueryParser$sortOrders$5,2,7,28.57
03064aedfdf12538,androidx/core/view/AccessibilityDelegateCompat$AccessibilityDelegateAdapter,2,25,8.0
734e003b53f84d1c,androidx/work/Operation,2,2,100.0
9cb7bff6af63c3d1,androidx/appcompat/app/AlertController$ButtonHandler,2,6,33.33
fc16e4724e012e20,kotlin/ranges/RangesKt___RangesKt,2,461,0.43
ec98e41e44decf00,kotlinx/coroutines/android/HandlerDispatcher,2,4,50.0
aae942842d91165e,com/orgzly/android/ui/CommonActivity$actionReceiver$1,2,20,10.0
5d4d96390fc7fdd0,androidx/lifecycle/LifecycleDispatcher$DispatcherActivityCallback,2,4,50.0
951dcf1ec7f89277,com/orgzly/android/ui/books/BooksViewModel$Companion,2,2,100.0
91919f9396290fa0,com/orgzly/android/prefs/NotePopupPreference$Companion,2,35,5.71
cad9e62c56707c12,com/orgzly/android/query/user/DottedQueryParser$conditions$4,2,7,28.57
bea45f1dc21abf52,androidx/recyclerview/widget/ListAdapter$1,2,2,100.0
6bf0cbca0bbeaac3,androidx/fragment/app/FragmentManagerViewModel$1,2,2,100.0
df2ed2d021173028,androidx/appcompat/widget/AppCompatTextHelper$1,2,9,22.22
688106d467b76894,kotlinx/coroutines/ChildContinuation,2,3,66.67
de1bd9cd3d39c82c,androidx/lifecycle/FlowLiveDataConversions,2,16,12.5
0fe701f45c2fda11,kotlin/collections/ArraysKt___ArraysKt,2,10140,0.02
bc548a6a293dfa46,androidx/work/impl/utils/futures/AbstractFuture$Waiter,2,9,22.22
a8ec410a2cf4d459,androidx/work/impl/constraints/trackers/BatteryNotLowTracker,2,28,7.14
ff614774fcdb8f77,com/orgzly/android/ui/views/richtext/RichTextEdit$Companion,2,3,66.67
c96ced8e05128dc1,androidx/emoji2/text/EmojiCompat$CompatInternal19$1,2,3,66.67
19ac5078aa863027,com/orgzly/android/db/dao/NoteDao,2,17,11.76
e2219211ef650e49,org/joda/time/DateTimeUtils$SystemMillisProvider,2,2,100.0
2466824c23022374,kotlin/Result$Failure,2,9,22.22
0c707fb134e27264,com/orgzly/android/ui/notes/NotesFragment$Companion,2,2,100.0
4e4051d2de35c22f,org/joda/time/DateTime,2,192,1.04
f9db6e1494f4e29d,org/mozilla/universalchardet/prober/sequence/GreekModel,2,2,100.0
fc390683cbc682c1,kotlin/collections/ArraysKt___ArraysJvmKt,2,1151,0.17
d306b311d11da679,com/orgzly/android/query/Condition,2,2,100.0
4c4b8408fc3fc9c7,kotlinx/coroutines/Job$Key,2,2,100.0
2faac984bb094ba2,androidx/recyclerview/widget/AdapterListUpdateCallback,2,5,40.0
78113b13fb46a927,kotlinx/coroutines/flow/SharedFlowImpl$collect$1,2,2,100.0
2d9bff0c19e35d9f,androidx/work/impl/utils/futures/AbstractFuture$Listener,2,2,100.0
f63bf122ad10c83d,com/orgzly/android/query/user/DottedQueryParser$sortOrders$3,2,7,28.57
0d3887e39c030637,org/mozilla/universalchardet/prober/distributionanalysis/JISDistributionAnalysis,2,2,100.0
4c7d16520c751921,androidx/appcompat/widget/AppCompatTextClassifierHelper,2,6,33.33
0f062c3d32cec246,androidx/fragment/app/Fragment$OnPreAttachedListener,2,2,100.0
26c2818b8b350210,androidx/activity/result/contract/ActivityResultContracts$StartActivityForResult,2,6,33.33
782900939dae43a0,androidx/work/impl/utils/WorkProgressUpdater,2,4,50.0
8cf3218c21850a70,com/orgzly/android/ui/notes/NotesFragment$notePopupDismissOnBackPress$1,2,7,28.57
a3911ab71c54c448,kotlin/coroutines/jvm/internal/CompletedContinuation,2,7,28.57
7b204e4edf530052,com/google/android/material/shape/ShapePath$LineShadowOperation,2,9,22.22
6852d4db94d564ab,androidx/core/text/HtmlCompat,2,10,20.0
a061d6854dc20aae,com/orgzly/android/ui/notes/query/search/SearchFragment$appBarBackPressHandler$1,2,3,66.67
0eb5b472470d88bd,kotlin/UNINITIALIZED_VALUE,2,2,100.0
8c09a1e6f5d93c3e,androidx/savedstate/SavedStateRegistry$Companion,2,2,100.0
40dfba9d7bd82da9,com/orgzly/android/db/dao/NoteDao_Impl$7,2,2,100.0
407a3f0d640f0f58,kotlin/LazyKt__LazyJVMKt,2,11,18.18
bb23383b2da7727b,com/google/android/material/internal/VisibilityAwareImageButton,2,9,22.22
9a645d791be29ec4,com/google/android/material/internal/NavigationMenuPresenter$NormalViewHolder,2,2,100.0
a1b3a483ee65d72b,org/mozilla/universalchardet/prober/sequence/Win1253Model,2,2,100.0
23168ac0610c61f1,androidx/activity/result/contract/ActivityResultContracts$StartActivityForResult$Companion,2,2,100.0
708b825dfb232cde,com/orgzly/android/db/NotesClipboard,2,30,6.67
52cea5a166f901af,androidx/emoji2/text/DefaultEmojiCompatConfig$DefaultEmojiCompatConfigHelper_API19,2,3,66.67
d8a44cb110ce9f53,androidx/work/impl/model/WorkSpecDao_Impl$3,2,2,100.0
f6246c290e8d38bf,org/mozilla/universalchardet/prober/sequence/BulgarianModel,2,2,100.0
626017cfd969e7e7,androidx/customview/widget/ViewDragHelper$2,2,2,100.0
d397ea776cf1acc6,org/mozilla/universalchardet/prober/sequence/Win1251BulgarianModel,2,2,100.0
4924b8274e80cf7e,androidx/work/InputMergerFactory$1,2,2,100.0
aa3c1fc7ae360bdf,androidx/sqlite/db/SupportSQLiteCompat$Api16Impl,2,9,22.22
80fb813b284a88b4,androidx/core/view/LayoutInflaterCompat,2,32,6.25
43d7840578f0a54d,androidx/work/impl/model/Preference,2,17,11.76
ea3a2724117ceccc,kotlinx/coroutines/scheduling/UnlimitedIoScheduler,2,4,50.0
22b7d5b7642ff1da,androidx/work/impl/constraints/controllers/NetworkNotRoamingController,2,16,12.5
81e44f855b8bd808,kotlin/jvm/JvmClassMappingKt,2,67,2.99
9a47308ea20d36ae,androidx/emoji2/text/DefaultEmojiCompatConfig,2,3,66.67
cce980a793f00d65,androidx/recyclerview/widget/RecyclerView$RecycledViewPool$ScrapData,2,2,100.0
b13cb5352672e15b,com/orgzly/android/db/dao/NoteAncestorDao,2,9,22.22
02553b85458cd502,org/mozilla/universalchardet/prober/distributionanalysis/GB2312DistributionAnalysis,2,6,33.33
7def1dc6de654b2c,androidx/arch/core/executor/ArchTaskExecutor$2,2,2,100.0
8ad89464cb005711,kotlin/jvm/internal/ReflectionFactory,2,26,7.69
2ed531a157af2096,androidx/emoji2/viewsintegration/EmojiTextWatcher$InitCallbackImpl,2,5,40.0
396b618f900bc774,com/orgzly/android/SharingShortcutsManager$Companion,2,7,28.57
8e032358e7bb5210,androidx/recyclerview/widget/LinearLayoutManager$SavedState,2,19,10.53
95ca8e0b13084c1e,androidx/room/InvalidationTracker$Observer,2,5,40.0
1322d150f041fe03,org/mozilla/universalchardet/prober/sequence/Koi8rModel,2,2,100.0
c0f71a78b8a99ba8,com/orgzly/android/db/dao/BookViewDao,2,2,100.0
0a99de0f1d06287a,com/orgzly/android/data/DataRepository$Companion,2,2,100.0
54218cc1f981cd54,com/orgzly/android/usecase/UseCase$Companion,2,3,66.67
9abe51cea2d9069b,com/google/android/material/animation/MotionSpec,2,71,2.82
ea50f29ea2b7588f,androidx/lifecycle/Transformations$1,2,2,100.0
7cba19abc55d1d0c,androidx/constraintlayout/core/widgets/analyzer/BasicMeasure$Measure,2,2,100.0
b2fe7fe60d402b95,androidx/fragment/app/FragmentManager$5,2,2,100.0
cb7942bbcbf32a26,kotlin/text/Regex$Companion,2,13,15.38
48fe261e16b1f764,androidx/work/impl/constraints/trackers/StorageNotLowTracker,2,29,6.9
8f9997de6bb8f7b6,androidx/dynamicanimation/animation/DynamicAnimation$ViewProperty,2,2,100.0
67beb8b12d8ae97e,kotlinx/coroutines/flow/internal/NoOpContinuation,2,4,50.0
587df1eca14172ed,androidx/lifecycle/viewmodel/CreationExtras$Empty,2,3,66.67
5c0849296ea9539b,androidx/fragment/app/FragmentFactory,2,29,6.9
c191934aae80e418,com/google/android/material/shape/CornerTreatment,2,4,50.0
deba29aae29c6495,androidx/savedstate/ViewTreeSavedStateRegistryOwner,2,6,33.33
b7caa9e2e4bc848c,androidx/work/impl/model/WorkSpecDao_Impl$8,2,2,100.0
5e4ad6d32ce10624,kotlinx/coroutines/scheduling/CoroutineScheduler$Companion,2,2,100.0
59052a9d26591817,com/google/android/material/shape/AbsoluteCornerSize,2,10,20.0
e768379cee7d8453,kotlin/jvm/internal/CallableReference,2,29,6.9
15d7be3832ddca85,kotlin/sequences/SequencesKt__SequencesKt,2,49,4.08
2f56c3b841d412ca,org/mozilla/universalchardet/prober/distributionanalysis/Big5DistributionAnalysis,2,5,40.0
1cba3f981b3b00c2,androidx/core/view/ViewParentCompat,2,92,2.17
66f75c7ce625e69c,androidx/core/widget/TextViewCompat$Api17Impl,2,9,22.22
4f3716909a8535ad,androidx/emoji2/text/EmojiCompatInitializer$BackgroundDefaultConfig,2,2,100.0
b0b78c1fda39b93b,androidx/appcompat/widget/LinearLayoutCompat$LayoutParams,2,5,40.0
34ace9d152e8e701,org/mozilla/universalchardet/prober/sequence/HebrewModel,2,2,100.0
9ca9b1277307394b,org/joda/time/format/DateTimeFormatterBuilder$TimeZoneOffset,2,111,1.8
29abe6788d42ddc6,kotlinx/coroutines/CoroutineDispatcher$Key$1,2,6,33.33
93eb42304d87f8da,androidx/appcompat/widget/Toolbar$SavedState,2,13,15.38
718e2d7a27eadbc8,kotlinx/coroutines/internal/ThreadContextKt$findOne$1,2,7,28.57
7795a986f6e3e902,androidx/loader/app/LoaderManager,2,4,50.0
49c5684db9584999,kotlinx/coroutines/ExecutorCoroutineDispatcher,2,2,100.0
01420bca162e6f32,androidx/vectordrawable/graphics/drawable/AnimationUtilsCompat,2,70,2.86
4252a668317f45c8,com/orgzly/android/db/dao/BookDao_Impl$7,2,2,100.0
8b3716679fe78c63,com/orgzly/android/ui/notes/NoteItemViewHolder$Companion,2,2,100.0
7c5f37b1607c230b,com/orgzly/android/query/user/DottedQueryParser$sortOrders$1,2,7,28.57
3f3d48c827e5839d,androidx/lifecycle/Transformations$2$1,2,2,100.0
758ff8549f9abc7d,com/orgzly/android/query/user/DottedQueryParser$supportedOptions$1,2,8,25.0
e96b4a6a68715c93,kotlinx/coroutines/flow/FlowKt,2,162,1.23
1d4bdaff86eef74a,org/mozilla/universalchardet/prober/sequence/Latin5Model,2,2,100.0
f23562798771c282,androidx/lifecycle/Lifecycle,2,2,100.0
b8cda706590a48c4,com/orgzly/android/ui/notes/query/search/SearchAdapter$viewHolderListener$1,2,6,33.33
98a1b97ce73bcb6a,androidx/loader/app/LoaderManagerImpl$LoaderViewModel$1,2,2,100.0
662660e76fd35407,kotlin/coroutines/jvm/internal/SuspendLambda,2,7,28.57
75f31c4528f8a877,androidx/work/Operation$State$IN_PROGRESS,2,3,66.67
bd921add68e8b745,androidx/work/impl/utils/taskexecutor/WorkManagerTaskExecutor$1,2,2,100.0
6f19f08fae643295,org/joda/time/field/FieldUtils,2,92,2.17
31c9a45d21adcd3a,androidx/core/view/MarginLayoutParamsCompat$Api17Impl,2,9,22.22
1a613915bab19093,androidx/tracing/TraceApi18Impl,2,3,66.67
5085043354a39420,androidx/work/impl/constraints/controllers/NetworkMeteredController,2,16,12.5
fe8a792bd662c1e1,com/orgzly/android/ui/main/SearchViewSetupKt$setupSearchView$3,2,21,9.52
1ddd608549c81de2,kotlin/text/MatcherMatchResult$groups$1,2,17,11.76
4f0027712258168a,org/mozilla/universalchardet/prober/sequence/CyrillicModel,2,2,100.0
ea3b26e3526a781c,androidx/recyclerview/widget/RecyclerView$4,2,13,15.38
ff9949b0be0557c6,com/google/android/material/floatingactionbutton/FloatingActionButtonImplLollipop$AlwaysStatefulMaterialShapeDrawable,2,2,100.0
ed3e3c004d0ef2f2,kotlinx/coroutines/internal/AtomicKt,2,4,50.0
e94faf1df4f2de1d,com/google/android/material/appbar/AppBarLayout$1,2,2,100.0
a4c2a3cb4d36877e,com/orgzly/android/db/entity/Book$Companion,2,4,50.0
b668aac56d5db8da,androidx/appcompat/content/res/AppCompatResources,2,3,66.67
292003d4f13799f8,com/orgzly/android/ui/notes/ItemGestureDetector$gestureDetector$1,2,7,28.57
34a3f0a02d947c57,com/google/android/material/shape/ShapePath$PathOperation,2,2,100.0
423f25dfd1e58147,com/orgzly/android/query/user/DottedQueryParser$conditions$5,2,7,28.57
59c400652f62bc83,androidx/work/impl/model/WorkSpecDao_Impl$7,2,2,100.0
d58ee69e988fed66,androidx/recyclerview/widget/LinearLayoutManager$LayoutChunkResult,2,2,100.0
d082aaa11dd48a9e,org/mozilla/universalchardet/prober/distributionanalysis/EUCTWDistributionAnalysis,2,4,50.0
40e38e5b8a90a797,com/orgzly/android/query/QueryParser$OptionMatch,2,19,10.53
89b917f53796c3d0,androidx/emoji2/text/EmojiCompat$InitCallback,2,3,66.67
edd2083882122c4b,androidx/coordinatorlayout/widget/CoordinatorLayout$1,2,2,100.0
eb4fe6d4ae9d7c62,com/orgzly/android/query/user/DottedQueryParser$sortOrders$4,2,7,28.57
7ef3ee784a732b6c,com/orgzly/android/sync/AutoSync$Companion,2,2,100.0
e9c01c633be519a0,com/google/android/material/internal/ViewUtils$3,2,2,100.0
a0457efe22ef006c,org/joda/time/DurationFieldType$StandardDurationFieldType,2,33,6.06
36b47a0dc4047891,androidx/work/impl/utils/futures/DirectExecutor,2,6,33.33
d63624903a88778f,kotlinx/coroutines/Unconfined,2,7,28.57
555eb83c963c1b56,androidx/activity/result/contract/ActivityResultContracts$RequestMultiplePermissions,2,42,4.76
c56468adf005c9bc,com/orgzly/android/ui/notes/query/search/SearchAdapter$Companion,2,2,100.0
959475039d1b51df,androidx/work/impl/model/WorkProgressDao_Impl$3,2,2,100.0
e133176299462260,com/orgzly/android/usecase/UseCaseRunner_Factory_MembersInjector,2,7,28.57
2cbdbe283bea4bf0,com/orgzly/android/db/dao/NoteViewDao$Companion,2,2,100.0
70dbc3029b1a1c18,androidx/collection/ArrayMap$1,2,10,20.0
d39de2db37ae3890,androidx/appcompat/widget/ActionMenuView$LayoutParams,2,5,40.0
b17e6a5368ff8416,org/joda/time/DateTimeFieldType$StandardDateTimeFieldType,2,57,3.51
8b76882214b6d0e5,androidx/work/impl/model/WorkSpecDao_Impl$5,2,2,100.0
e934733d33e64fd3,androidx/work/WorkerFactory$1,2,2,100.0
7fb7abc8f73a3df6,com/orgzly/android/repos/RepoFactory,2,20,10.0
ebae82962f189cf7,androidx/core/view/GestureDetectorCompat$GestureDetectorCompatImplJellybeanMr2,2,6,33.33
a818cafc04c09842,com/orgzly/android/ui/CommonActivity_MembersInjector,2,7,28.57
b4858cc6d32d5431,kotlinx/coroutines/internal/ThreadContextKt$updateState$1,2,7,28.57
74d74f80b250af86,kotlinx/coroutines/ExecutorCoroutineDispatcher$Key$1,2,6,33.33
0ac9652def3b8231,com/google/android/material/internal/NavigationMenuPresenter$NavigationMenuViewAccessibilityDelegate,2,6,33.33
f110043fb8f28e54,androidx/core/view/ViewCompat$Api19Impl,2,8,25.0
89fecdda50f1d7fd,org/mozilla/universalchardet/prober/sequence/Ibm866Model,2,2,100.0
71dec010e691cb01,com/orgzly/android/ui/notes/query/search/SearchFragment$onViewCreated$1$1,2,16,12.5
f03d3986e2a46cd3,com/orgzly/android/db/dao/NoteDao_Impl$11,1,2,50.0
28336d8b58792413,androidx/cardview/R$styleable,1,2,50.0
cdf44afe3c043234,androidx/appcompat/view/menu/ActionMenuItemView$PopupCallback,1,1,100.0
e714645491accf96,androidx/appcompat/widget/AppCompatTextViewAutoSizeHelper$Impl,1,3,33.33
6ff0b56ecc7b7653,com/orgzly/android/db/dao/NoteDao_Impl$18,1,2,50.0
ff3714b34085d602,com/google/android/material/internal/NavigationMenuItemView$1,1,3,33.33
bc31f45ff049af23,androidx/appcompat/widget/SearchView$9,1,3,33.33
5a01d6004ea8de80,com/orgzly/android/ui/books/BooksAdapter$onBindViewHolder$1$7,1,5,20.0
2eee4f0bb643153f,com/orgzly/android/db/OrgzlyDatabase$Companion$MIGRATION_154_155$1,1,22,4.55
c50f7d28af9dbeea,com/orgzly/android/db/dao/NoteEventDao_Impl$3,1,5,20.0
085e626c0d30525d,androidx/fragment/app/Fragment$9,1,9,11.11
b7f6afceb0ffb6e4,com/google/android/material/progressindicator/DeterminateDrawable$1,1,5,20.0
db7e3a960761ee69,androidx/constraintlayout/widget/R$styleable,1,2,50.0
1245cd9c0c07f449,androidx/appcompat/widget/ActionMenuPresenter$ActionMenuPopupCallback,1,4,25.0
e5991b33225b0108,kotlinx/coroutines/CancelHandlerBase,1,1,100.0
4b3b0a6df4f4104f,com/orgzly/android/db/OrgzlyDatabase$Companion$MIGRATION_153_154$1,1,6,16.67
a9b7e052b4a3e1cc,kotlinx/coroutines/CompletionHandlerBase,1,1,100.0
edc5b80732abd88b,androidx/dynamicanimation/animation/FloatPropertyCompat,1,2,50.0
e2c33cbfbb87d6a1,androidx/appcompat/widget/Toolbar$SavedState$1,1,7,14.29
0d51b6637c17ebda,com/google/android/material/internal/StateListAnimator$1,1,4,25.0
bdae20baf385cef3,com/orgzly/android/ui/books/BooksAdapter$onBindViewHolder$1$10,1,8,12.5
39daa24c4ac51716,androidx/fragment/app/FragmentManager$8,1,2,50.0
da22e826d7055546,androidx/activity/ComponentActivity$1,1,6,16.67
009c4f4773580cd0,org/mozilla/universalchardet/prober/CharsetProber,1,47,2.13
43780e10c82817f2,com/orgzly/android/db/PreRoomMigration$MIGRATION_136_137$1,1,3,33.33
afad1b15d77acbac,com/orgzly/android/ui/books/BooksAdapter$Companion$DIFF_CALLBACK$1,1,9,11.11
2df85dbc98dc2f22,com/orgzly/android/db/dao/OrgRangeDao_Impl$2,1,15,6.67
2d673da3addb391f,org/joda/time/DateTimeZone$LazyInit$1,1,5,20.0
ab8ea9346ed345e2,androidx/lifecycle/HasDefaultViewModelProviderFactory,1,1,100.0
bf64fd00cbe440e5,com/orgzly/android/db/dao/DbRepoBookDao_Impl$3,1,4,25.0
6fa48354ed004df3,com/orgzly/android/query/user/InternalQueryParser,1,1,100.0
5dd1c6ca9d457ce3,kotlinx/coroutines/flow/internal/AbstractSharedFlowSlot,1,1,100.0
45b44ddbceaf779c,androidx/drawerlayout/widget/DrawerLayout$1,1,6,16.67
e43246c675e1c31e,androidx/appcompat/widget/ActionMenuView$ActionMenuPresenterCallback,1,3,33.33
cb74e01c042d98bb,androidx/core/text/HtmlCompat$Api24Impl,1,4,25.0
a846ab872770239e,com/orgzly/android/db/PreRoomMigration$MIGRATION_142_143$1,1,2,50.0
6a97f4c3950d5003,androidx/room/RoomOpenHelper$Delegate,1,6,16.67
823f222845dc166b,com/orgzly/android/db/PreRoomMigration$MIGRATION_148_149$1,1,4,25.0
1c2fec7c5cb7e31e,com/orgzly/android/db/dao/NoteDao_Impl$19,1,2,50.0
36fa1cbbd809caec,androidx/core/widget/ImageViewCompat$Api21Impl,1,5,20.0
6dca194e8988a325,com/google/android/material/stateful/ExtendableSavedState$1,1,7,14.29
116527a1ff69fbb6,org/joda/time/base/BaseLocal,1,1,100.0
e44cc78a8a5063ef,com/orgzly/android/db/dao/OrgRangeDao_Impl$3,1,4,25.0
afb71a237949a1ce,androidx/appcompat/widget/Toolbar$2,1,2,50.0
6146a0258854664d,com/orgzly/android/db/dao/BookDao_Impl$2,1,62,1.61
d356634941fc7468,androidx/lifecycle/ViewModelProvider$OnRequeryFactory,1,2,50.0
089708d5bffbc35d,com/google/android/material/internal/NavigationMenuPresenter$ViewHolder,1,1,100.0
d197d56eae794fcf,androidx/dynamicanimation/animation/DynamicAnimation$1,1,5,20.0
bc2753ae5c5a16ef,androidx/work/impl/constraints/controllers/NetworkConnectedController,1,14,7.14
7b02ef4149893fa2,org/joda/time/base/AbstractDateTime,1,38,2.63
8a678778153bea57,androidx/appcompat/widget/SearchView$2,1,5,20.0
ff6ee9c54470c012,androidx/lifecycle/ViewTreeLifecycleOwner,1,10,10.0
8ca05a52613ed12f,com/orgzly/android/ui/books/BooksAdapter$onBindViewHolder$1$4,1,7,14.29
f46123e768327012,com/orgzly/android/ui/views/richtext/RichTextView$singleTapUpDetector$1,1,2,50.0
c51f4175af53e108,com/orgzly/android/ui/sync/SyncFragment_MembersInjector,1,5,20.0
d8df80af3f5f1b76,com/orgzly/android/SharingShortcutsManager_MembersInjector,1,5,20.0
cfaa5b3ab7d717f2,androidx/activity/result/contract/ActivityResultContract,1,2,50.0
87d9bcb6c68531a6,com/google/android/material/internal/StateListAnimator$Tuple,1,1,100.0
c0313f30ef1da595,androidx/appcompat/widget/SearchView$3,1,5,20.0
027252fe7d4e63ac,androidx/work/impl/WorkDatabaseMigrations$2,1,5,20.0
3b00a8f82e72651b,androidx/work/impl/constraints/trackers/BroadcastReceiverConstraintTracker$1,1,5,20.0
61a5d9d0849b481e,androidx/core/view/ViewParentCompat$Api21Impl,1,8,12.5
e7334f3952381b5d,androidx/coordinatorlayout/R$styleable,1,2,50.0
c5d02cc71ba91d9e,kotlin/jvm/internal/FunctionReferenceImpl,1,5,20.0
112d79a0ae65f455,com/orgzly/android/db/dao/NoteEventDao_Impl$5,1,2,50.0
0a192887a59e794c,com/orgzly/android/db/dao/DbRepoBookDao_Impl$1,1,18,5.56
e7b43612b93d6abb,androidx/recyclerview/widget/RecyclerView$3,1,2,50.0
786a45479ff035bb,androidx/appcompat/widget/FitWindowsFrameLayout,1,7,14.29
e97c8b7cac7e8ae6,androidx/core/content/res/ResourcesCompat$Api23Impl,1,3,33.33
6e4612257f6c072a,com/orgzly/android/db/PreRoomMigration$MIGRATION_131_132$1,1,6,16.67
3508300a804489ae,com/orgzly/android/db/OrgzlyDatabase$Companion$MIGRATION_150_151$1,1,104,0.96
dad8eaaae5f8f8d1,com/orgzly/android/db/dao/NoteDao_Impl$21,1,2,50.0
2a234072695ba7f8,androidx/appcompat/widget/TintInfo,1,2,50.0
f08f5c2e83cab308,androidx/fragment/app/SpecialEffectsController$Operation$1,1,2,50.0
113b68d17227e83a,com/orgzly/android/ui/notes/OnSwipeListener,1,12,8.33
2c34f1dabec2b85c,org/mozilla/universalchardet/prober/contextanalysis/JapaneseContextAnalysis$Order,1,1,100.0
bed180ad4c405a40,org/joda/time/convert/ConverterSet$Entry,1,1,100.0
4231aafbd00a05ee,androidx/core/content/ContextCompat$Api21Impl,1,4,25.0
9dbe7c6032c9182f,com/orgzly/android/db/dao/NoteDao_Impl$4,1,57,1.75
44bea7fbfc2b3438,com/orgzly/android/query/user/DottedQueryParser$conditions$1,1,6,16.67
b8c293f9d4a53267,org/joda/time/chrono/GJChronology$LinkedDurationField,1,5,20.0
1d6b9f9d07a35b45,androidx/appcompat/view/ContextThemeWrapper$Api17Impl,1,2,50.0
f193c6b9d69bf97b,androidx/dynamicanimation/animation/DynamicAnimation$12,1,5,20.0
cd5b8852f1a05c3b,com/orgzly/android/db/dao/RepoDao_Impl,1,135,0.74
ca86eb6082d0b28d,com/orgzly/android/db/PreRoomMigration$MIGRATION_133_134$1,1,10,10.0
77de6e9874d3085a,androidx/fragment/app/Fragment$1,1,2,50.0
1602786aee977551,androidx/dynamicanimation/animation/DynamicAnimation$8,1,5,20.0
a9b2f06ae40dad00,androidx/preference/PreferenceScreen,1,15,6.67
e3b64bb328c0b50b,androidx/recyclerview/widget/RecyclerView$1,1,8,12.5
9b99fe092d555d01,com/orgzly/android/db/dao/NoteAncestorDao_Impl$2,1,6,16.67
5aad35601a9f8576,com/orgzly/android/db/PreRoomMigration$MIGRATION_146_147$1,1,3,33.33
c907313a3cb95d09,androidx/preference/SwitchPreference$Listener,1,6,16.67
a48b4750f77cdf51,com/orgzly/android/db/dao/NoteDao_Impl$20,1,2,50.0
0a8b5fcefb213eda,com/orgzly/android/db/PreRoomMigration$MIGRATION_135_136$1,1,7,14.29
c1facf9f53b62086,com/orgzly/android/db/PreRoomMigration$MIGRATION_140_141$1,1,2,50.0
12636799d2099a5d,kotlinx/coroutines/EventLoopImplPlatform,1,10,10.0
93ced5b8a334e53c,androidx/sqlite/db/framework/FrameworkSQLiteOpenHelper$OpenHelper$1,1,2,50.0
fcbbd92fbbd7a60b,kotlinx/coroutines/CancelHandler,1,1,100.0
dbc240777cc48cdc,androidx/emoji2/text/EmojiCompat$CompatInternal,1,8,12.5
4ddfa00a3b29749d,com/orgzly/android/ui/books/BooksAdapter$onBindViewHolder$1$6,1,5,20.0
2b0c3d7d7d1fd34d,androidx/arch/core/executor/ArchTaskExecutor$1,1,2,50.0
3e1026ca04fcf3a3,androidx/core/widget/NestedScrollView$AccessibilityDelegate,1,51,1.96
74f01197b1b154e3,androidx/fragment/app/FragmentTransaction$Op,1,3,33.33
2ae4ffd3890dd140,com/orgzly/android/query/user/DottedQueryParser$conditions$7,1,6,16.67
b1f59a8d493838d8,androidx/core/view/ViewCompat$Api15Impl,1,2,50.0
ee7d145ddb77e0df,androidx/fragment/app/FragmentManager$3,1,2,50.0
4b40850ecb3d2d0d,com/google/android/material/bottomappbar/BottomAppBar$Behavior$1,1,34,2.94
eb0e1fa20d509585,androidx/appcompat/widget/SearchView$10,1,4,25.0
31179c8355cb1233,com/orgzly/android/ui/books/BooksAdapter$onBindViewHolder$1$5,1,7,14.29
c28da511a84ebf14,com/orgzly/android/ui/books/BooksAdapter$onBindViewHolder$1$3,1,5,20.0
e5ae542216c0c47a,androidx/recyclerview/widget/RecyclerView$EdgeEffectFactory,1,2,50.0
1a9b79855a7e4098,kotlinx/coroutines/CoroutineStart$WhenMappings,1,1,100.0
08f7b85525689e6b,androidx/core/content/ContextCompat$Api23Impl,1,4,25.0
5f8b01736b9c3b75,kotlinx/coroutines/SupervisorJobImpl,1,2,50.0
43ceccbb43295f1e,com/orgzly/android/db/dao/RookUrlDao_Impl,1,66,1.52
52f83d54637f3dce,com/orgzly/android/db/dao/SavedSearchDao_Impl$2,1,11,9.09
070df74e5ef1dcc3,com/google/android/material/internal/NavigationMenuPresenter$NavigationMenuHeaderItem,1,1,100.0
05b08f70f4c668cb,com/orgzly/android/ui/notes/NotesFragment_MembersInjector,1,5,20.0
cf75dd424c28e9c6,com/google/android/material/progressindicator/BaseProgressIndicator$1,1,2,50.0
f48900b9d2030321,kotlin/jvm/internal/Lambda,1,3,33.33
3eb5c52e48c2fee6,androidx/activity/result/ActivityResultRegistry$CallbackAndContract,1,1,100.0
3d188d7f6346943e,androidx/fragment/app/Fragment$AnimationInfo,1,1,100.0
734a31338126b2d3,androidx/work/impl/WorkDatabaseMigrations$5,1,2,50.0
b588659818db9723,kotlinx/coroutines/flow/internal/AbstractSharedFlowKt,1,2,50.0
4f74b902d861d24d,org/joda/time/DurationField,1,7,14.29
8bd58c12b852a843,kotlinx/coroutines/sync/Empty,1,2,50.0
24411a21687e27e1,androidx/work/impl/WorkDatabaseMigrations$6,1,2,50.0
053436e641678aa0,androidx/appcompat/widget/SearchView$7,1,2,50.0
19f1afbf0a86da05,com/orgzly/android/db/dao/AppLogDao_Impl$2,1,12,8.33
8b2f016209e4e9db,androidx/work/impl/utils/futures/AbstractFuture$SetFuture,1,7,14.29
9e74de328fe2dcda,com/orgzly/android/db/dao/NoteDao_Impl$3,1,4,25.0
80d7b5e9d1611c8a,kotlinx/coroutines/flow/FlowKt__BuildersKt,1,28,3.57
96546357b2e84248,androidx/dynamicanimation/animation/DynamicAnimation$2,1,5,20.0
61584f57c14922da,kotlinx/coroutines/internal/Removed,1,2,50.0
374b65106c0490ad,com/orgzly/org/parser/OrgParser,1,1,100.0
a25ae8d7b4f92629,com/google/android/material/floatingactionbutton/FloatingActionButtonImpl$DisabledElevationAnimation,1,2,50.0
c6155a08e555947d,com/orgzly/android/ui/books/BooksAdapter$onBindViewHolder$1$8,1,5,20.0
1237e3d33b9f7f01,androidx/dynamicanimation/animation/DynamicAnimation$11,1,5,20.0
69d626e32d474438,androidx/lifecycle/ProcessLifecycleOwner$1,1,3,33.33
2870ae7eedbbf108,androidx/core/math/MathUtils,1,60,1.67
3aacffa806f09ae9,com/orgzly/android/ui/notes/query/search/SearchAdapter$Companion$DIFF_CALLBACK$1,1,9,11.11
b34461b10e03b903,org/mozilla/universalchardet/prober/contextanalysis/SJISContextAnalysis,1,18,5.56
9d2fbb8bbb7f8793,com/orgzly/android/ui/books/BooksAdapter$onBindViewHolder$1$2,1,5,20.0
697bdf87c7c4b0fd,org/joda/time/DateTimeField,1,2,50.0
fa624d1cfeb87545,androidx/preference/R$styleable,1,2,50.0
f017e38a207596f7,androidx/activity/result/contract/ActivityResultContracts$GetContent,1,16,6.25
6af65c8ddef29e71,androidx/work/impl/constraints/controllers/NetworkUnmeteredController,1,15,6.67
e9fd0eed1eb987d8,com/orgzly/android/db/dao/OrgTimestampDao_Impl$3,1,4,25.0
e8006860a6c0812c,androidx/localbroadcastmanager/content/LocalBroadcastManager$ReceiverRecord,1,10,10.0
e99e3d5aeac87fa9,com/google/android/material/bottomappbar/BottomAppBar$1,1,5,20.0
787b86f21f1a594a,com/orgzly/android/db/dao/NoteAncestorDao_Impl$5,1,2,50.0
1a7af8e9bcca7c53,kotlinx/coroutines/internal/OpDescriptor,1,9,11.11
b39850f5d0705fe3,androidx/work/impl/WorkDatabaseMigrations$WorkMigration9To10,1,4,25.0
d662535c03b7c898,com/orgzly/android/db/dao/NoteDao_Impl$12,1,2,50.0
8e1b146e8906aff2,kotlinx/coroutines/channels/ChannelResult$Failed,1,2,50.0
41f4837c083df5ec,com/orgzly/android/db/dao/SavedSearchDao_Impl$1,1,11,9.09
c116884893ba1adf,androidx/dynamicanimation/animation/DynamicAnimation$9,1,5,20.0
08fa9f911c404a2f,androidx/appcompat/app/AlertController$1,1,19,5.26
918a8871ae144e03,kotlinx/coroutines/BeforeResumeCancelHandler,1,1,100.0
454cf556bce68c93,kotlinx/coroutines/internal/Symbol,1,5,20.0
48d03cbeb22cc262,androidx/recyclerview/widget/DiffUtil$Callback,1,2,50.0
fbd5a7c75dc43502,com/orgzly/android/db/PreRoomMigration$MIGRATION_132_133$1,1,2,50.0
626126a6cd3aebf7,com/orgzly/android/db/dao/NoteAncestorDao_Impl$3,1,6,16.67
b8eb5cd5ba8f776f,com/orgzly/android/db/dao/NoteDao_Impl$10,1,2,50.0
502a403a52a0ebc9,androidx/swiperefreshlayout/widget/SwipeRefreshLayout$1,1,12,8.33
575297bff33d5ec3,com/orgzly/android/ui/main/MainActivity$1,1,3,33.33
b75a58a03d081020,kotlin/internal/jdk7/JDK7PlatformImplementations,1,16,6.25
53a71f3b334ed59e,kotlinx/coroutines/JobCancellingNode,1,1,100.0
2003ce3cbada4d68,androidx/lifecycle/SavedStateHandleSupport$SAVED_STATE_REGISTRY_OWNER_KEY$1,1,1,100.0
1bfc44a5191d513a,androidx/sqlite/db/SupportSQLiteCompat$Api21Impl,1,2,50.0
1ef15113fe38ac43,androidx/lifecycle/SavedStateHandleSupport$VIEW_MODEL_STORE_OWNER_KEY$1,1,1,100.0
c0a0fb95d7f4dc0e,com/google/android/material/progressindicator/BaseProgressIndicator$3,1,3,33.33
cdce78d600c852d6,com/orgzly/android/db/dao/SavedSearchDao_Impl$5,1,2,50.0
80eb08a843838dca,androidx/dynamicanimation/animation/DynamicAnimation$6,1,5,20.0
6a8321ec1cadcfb2,androidx/emoji2/viewsintegration/EmojiTextViewHelper$HelperInternal,1,7,14.29
dd740073f12712b0,androidx/recyclerview/widget/FastScroller$AnimatorUpdater,1,5,20.0
aee8488270db8ab1,org/mozilla/universalchardet/prober/distributionanalysis/EUCJPDistributionAnalysis,1,3,33.33
dfd043cb24e04917,androidx/work/impl/constraints/trackers/NetworkStateTracker$NetworkStateCallback,1,7,14.29
61d3a3abb836dca7,androidx/recyclerview/widget/DiffUtil$1,1,3,33.33
609944754b33fad8,com/orgzly/android/db/PreRoomMigration$MIGRATION_143_144$1,1,2,50.0
40778af324f6e48a,androidx/appcompat/widget/SearchView$SearchAutoComplete$1,1,2,50.0
9bbf7d7b4a714e47,androidx/swiperefreshlayout/widget/SwipeRefreshLayout$SavedState$1,1,5,20.0
3c0627a32e8e10f4,org/joda/time/chrono/BasicChronology$HalfdayField,1,4,25.0
b990b6ed8322e360,com/orgzly/android/db/OrgzlyDatabase$Companion$MIGRATION_151_152$1,1,4,25.0
9595b65dba34e5b6,kotlin/collections/ArraysUtilJVM,1,2,50.0
dc5de964ee8ac5d2,com/orgzly/android/db/dao/BookDao_Impl$9,1,2,50.0
aa154d7a01efacf4,androidx/activity/result/ActivityResultLauncher,1,2,50.0
3fabe5b08ea12416,androidx/dynamicanimation/animation/DynamicAnimation$3,1,5,20.0
bc95bd109bf9aef3,kotlin/coroutines/intrinsics/IntrinsicsKt__IntrinsicsKt,1,5,20.0
f2a368f9e59bdc1b,com/orgzly/android/db/dao/NoteDao_Impl$14,1,2,50.0
3ffd20119aa5e8c4,com/orgzly/android/db/PreRoomMigration$MIGRATION_141_142$1,1,2,50.0
c1db240cb00d5948,kotlinx/coroutines/BlockingEventLoop,1,2,50.0
0ba84e7f76bcaeb5,com/orgzly/android/db/dao/DbRepoBookDao_Impl$4,1,19,5.26
e614cca3fe1597b9,androidx/dynamicanimation/animation/DynamicAnimation$14,1,5,20.0
f1ca42a0120f6801,androidx/core/view/GravityCompat$Api17Impl,1,4,25.0
1074fc0f5995447a,com/google/android/material/bottomappbar/BottomAppBar$2,1,25,4.0
4d0534d5739f3104,kotlinx/coroutines/StandaloneCoroutine,1,2,50.0
8e6d8616a77e2a04,com/orgzly/android/db/dao/OrgTimestampDao_Impl$4,1,61,1.64
d86405b442de69a8,androidx/work/impl/model/WorkProgressDao_Impl$1,1,10,10.0
a44935c80929db76,androidx/core/view/NestedScrollingParentHelper,1,10,10.0
23e14be7eae27393,androidx/recyclerview/widget/LinearLayoutManager$SavedState$1,1,5,20.0
aab7bed77d549ad0,androidx/work/impl/WorkDatabaseMigrations$7,1,2,50.0
b98f08fcd320fe49,androidx/appcompat/widget/SearchView$1,1,2,50.0
ede3d1ce542b77fb,com/orgzly/android/db/OrgzlyDatabase$Companion$MIGRATION_149_150$1,1,130,0.77
064ee9fb7fddece7,androidx/swiperefreshlayout/widget/CircularProgressDrawable$2,1,13,7.69
4c52a690da3b8344,androidx/work/impl/model/WorkSpecDao_Impl$2,1,2,50.0
e6436378f3acaeb4,androidx/work/impl/constraints/controllers/BatteryChargingController,1,6,16.67
39e5bf8b756467e5,com/google/android/material/progressindicator/BaseProgressIndicator$4,1,6,16.67
30e60116d4f9fe60,androidx/fragment/app/FragmentManager$LifecycleAwareResultListener,1,4,25.0
eb24eea7b2aee37b,androidx/customview/view/AbsSavedState$2,1,9,11.11
7dc7b8934dcd904f,com/orgzly/android/db/dao/RookDao_Impl,1,67,1.49
a01d244d0974bad6,kotlin/coroutines/ContinuationInterceptor,1,1,100.0
d510ab38720ee779,com/orgzly/android/db/dao/AppLogDao_Impl$4,1,12,8.33
5474ebbca50d043e,com/orgzly/android/db/dao/AppLogDao,1,1,100.0
283e211fc492f085,androidx/dynamicanimation/animation/DynamicAnimation$4,1,5,20.0
9b0dd01269a5bbec,androidx/localbroadcastmanager/content/LocalBroadcastManager$BroadcastRecord,1,1,100.0
0857d56f35251b6f,androidx/appcompat/widget/Toolbar$LayoutParams,1,10,10.0
aceff5e69fa624a7,androidx/emoji2/text/EmojiCompat$MetadataRepoLoaderCallback,1,1,100.0
5168ee3804493a01,com/google/android/material/shape/ShapeAppearancePathProvider$Lazy,1,2,50.0
0b8299794215289d,com/google/android/material/shape/ShapeAppearancePathProvider$ShapeAppearancePathSpec,1,1,100.0
15784ec75ac08236,com/orgzly/android/db/dao/NoteEventDao,1,1,100.0
349d46032a603760,androidx/core/content/pm/ShortcutInfoCompatSaver,1,2,50.0
9a301197725af39e,org/mozilla/universalchardet/prober/distributionanalysis/SJISDistributionAnalysis,1,11,9.09
aa7901a3f5917a96,kotlin/collections/SetsKt__SetsJVMKt,1,16,6.25
747317b788d9da19,androidx/fragment/app/Fragment$4,1,7,14.29
763cf1f2016651dc,androidx/recyclerview/widget/RecyclerView$OnScrollListener,1,3,33.33
1a7a75cee434db84,com/google/android/material/floatingactionbutton/FloatingActionButtonImpl$ResetElevationAnimation,1,2,50.0
53fc6b213336b144,com/orgzly/android/db/dao/NoteDao_Impl$2,1,57,1.75
53b287d803854fdd,androidx/emoji2/viewsintegration/EmojiKeyListener$EmojiCompatHandleKeyDownHelper,1,2,50.0
719f89f6638a6fc9,androidx/fragment/app/FragmentManagerImpl,1,1,100.0
b16115f7b5a2e550,androidx/appcompat/widget/SearchView$6,1,18,5.56
999f30952b6efd61,com/orgzly/android/ui/books/BooksFragment_MembersInjector,1,5,20.0
475aa794876d3370,com/orgzly/R$styleable,1,2,50.0
352d7db9215afcae,com/orgzly/android/db/PreRoomMigration$MIGRATION_134_135$1,1,3,33.33
018dbb18203defda,com/orgzly/android/db/dao/SavedSearchDao_Impl$3,1,4,25.0
ebf5fdcccca8a05d,androidx/dynamicanimation/animation/DynamicAnimation$13,1,5,20.0
f4acca92bb7e274b,org/joda/time/Chronology,1,1,100.0
9b82b53697af1d03,com/orgzly/android/util/UserTimeFormatter,1,58,1.72
744411204405d6cd,com/orgzly/android/db/PreRoomMigration$MIGRATION_144_145$1,1,2,50.0
e0a37616222c5526,androidx/recyclerview/widget/DiffUtil$ItemCallback,1,2,50.0
cff8511dc77f05de,com/orgzly/android/db/dao/NoteEventDao_Impl$1,1,5,20.0
6dc0964703d6a6e9,com/orgzly/android/db/PreRoomMigration$MIGRATION_130_131$1,1,3,33.33
bd39300f1efc0dd7,androidx/work/impl/model/WorkSpecDao_Impl$6,1,2,50.0
c96dc5e4922ebde5,androidx/activity/ComponentActivity$2,1,31,3.23
8e7a64963bcbf140,androidx/appcompat/widget/ActionMenuPresenter$PopupPresenterCallback,1,14,7.14
6f97414fcb025768,androidx/drawerlayout/widget/DrawerLayout$ViewDragCallback$1,1,2,50.0
7fd1b70cf6e45084,androidx/preference/Preference$1,1,2,50.0
5a7a2bacf4cf665d,androidx/fragment/app/FragmentManager$9,1,10,10.0
788ae8a92e5a8a00,androidx/swiperefreshlayout/widget/SwipeRefreshLayout$6,1,8,12.5
eb43fa7c028a72d6,androidx/core/widget/CheckedTextViewCompat$Api16Impl,1,2,50.0
caa296d1f833220d,com/orgzly/android/db/dao/NoteEventDao_Impl$4,1,7,14.29
756eee4e703cf96c,androidx/work/impl/WorkDatabaseMigrations$RescheduleMigration,1,9,11.11
35b66055806a579f,androidx/activity/result/ActivityResultRegistry$2,1,9,11.11
94cd20897236ca63,androidx/recyclerview/widget/GapWorker$1,1,15,6.67
29a5fca090450266,com/google/android/material/internal/ToolbarUtils$1,1,3,33.33
81ff11955f967f06,com/google/android/material/internal/NavigationMenu,1,4,25.0
1413675317641d71,kotlinx/coroutines/Job,1,1,100.0
ee995d39f82010d4,androidx/lifecycle/LifecycleCoroutineScope,1,7,14.29
1fa2e0afa77e29b0,androidx/dynamicanimation/animation/DynamicAnimation$MassState,1,1,100.0
266a257960eff1c5,org/joda/time/convert/AbstractConverter,1,12,8.33
101780684b56eb8b,com/orgzly/android/usecase/UseCaseWorker_MembersInjector,1,5,20.0
518ff6a265456115,androidx/work/impl/model/WorkSpecDao_Impl$9,1,2,50.0
e10f89b0e5120c1c,androidx/work/impl/constraints/controllers/BatteryNotLowController,1,6,16.67
008d670a2557a91a,androidx/sqlite/db/SupportSQLiteCompat$Api19Impl,1,3,33.33
26d9799033bb3f0b,androidx/dynamicanimation/animation/DynamicAnimation$5,1,5,20.0
20c8c2316117f812,androidx/work/impl/model/SystemIdInfo,1,6,16.67
5a7fd58f4dd85c30,org/joda/time/chrono/BasicChronology$YearInfo,1,1,100.0
e4ba61c26c5d2871,kotlinx/coroutines/DebugStringsKt,1,15,6.67
d1e39ccc78eaa3d5,androidx/preference/PreferenceGroup$1,1,4,25.0
40b498c53655b39c,androidx/appcompat/app/AppCompatActivity$1,1,3,33.33
472a0016cab064c6,com/orgzly/android/db/dao/NoteDao_Impl$9,1,2,50.0
7ffe6b6854aff249,com/orgzly/android/db/PreRoomMigration$MIGRATION_137_138$1,1,8,12.5
a1c7cc05042f41b9,com/orgzly/android/ui/Selection$removeNonExistent$1,1,5,20.0
662ba200d47aa91a,androidx/lifecycle/SavedStateHandleSupport$DEFAULT_ARGS_KEY$1,1,1,100.0
56c12ec030598514,com/google/android/material/internal/NavigationMenuPresenter$HeaderViewHolder,1,1,100.0
b52b891780278d88,androidx/emoji2/text/DefaultEmojiCompatConfig$DefaultEmojiCompatConfigHelper,1,4,25.0
3a605fee76a59572,androidx/appcompat/widget/SearchView$5,1,13,7.69
98f53abb4604bd6b,com/orgzly/android/db/PreRoomMigration$MIGRATION_138_139$1,1,3,33.33
00c22a38139772f1,com/orgzly/android/db/dao/BookDao_Impl$5,1,2,50.0
7a21dd9c78f8867b,com/orgzly/android/query/user/DottedQueryParser$conditions$8,1,38,2.63
659dcb4b547d58c4,androidx/work/impl/model/WorkTag,1,1,100.0
687bda454d06b887,com/google/android/material/shape/ShapePath$ArcShadowOperation,1,5,20.0
c3e58f84a5345bc6,androidx/swiperefreshlayout/widget/CircularProgressDrawable$1,1,5,20.0
c4d6318b4dabe298,com/orgzly/android/query/user/DottedQueryParser$conditions$6,1,6,16.67
d832900bb7eb1dfe,com/google/android/material/R$styleable,1,2,50.0
ab274d7daf1ca1df,androidx/work/OneTimeWorkRequest,1,7,14.29
6ad2985d400344c6,com/orgzly/android/db/dao/NoteDao_Impl$6,1,2,50.0
e3aa612f440a1bce,androidx/recyclerview/widget/RecyclerView$AdapterDataObserver,1,8,12.5
89ca388ec65ce3e7,com/google/android/material/internal/NavigationMenuPresenter$NavigationMenuAdapter$1,1,6,16.67
f7d97112bb410926,androidx/fragment/app/FragmentActivity$1,1,8,12.5
2c72b4ce484f11de,com/orgzly/android/db/PreRoomMigration$MIGRATION_145_146$1,1,3,33.33
5ec64c48abea1c45,androidx/work/WorkContinuation,1,3,33.33
e7dffe459c694594,com/orgzly/android/db/dao/NoteDao_Impl$16,1,2,50.0
437fd28628bf4d5a,com/orgzly/android/db/dao/BookLinkDao_Impl,1,98,1.02
94cc7da95599961e,androidx/drawerlayout/widget/DrawerLayout$ChildAccessibilityDelegate,1,6,16.67
7e25b0722d52fccb,com/google/android/material/shape/ShapePath$1,1,5,20.0
e8b9e893883d4272,androidx/swiperefreshlayout/R$styleable,1,2,50.0
684db6cb7de2be9d,com/orgzly/android/ui/views/richtext/RichText$sourceBackgroundColor$2,1,3,33.33
a6abe03756784da6,org/joda/time/base/AbstractPartial,1,89,1.12
cc0fa2cf4c5b6393,androidx/core/widget/TextViewOnReceiveContentListener,1,27,3.7
4970357132219ddc,com/orgzly/android/db/PreRoomMigration$MIGRATION_139_140$1,1,2,50.0
70f066c4ffd8f743,androidx/fragment/app/FragmentContainer,1,2,50.0
8972e91939e1bd58,androidx/work/impl/model/DependencyDao_Impl$1,1,10,10.0
9bf76c8321d9aadf,androidx/emoji2/viewsintegration/EmojiEditTextHelper$HelperInternal,1,7,14.29
35b72af10f99750e,androidx/recyclerview/widget/RecyclerView$SavedState$1,1,7,14.29
4379d82c6d3984a9,androidx/core/widget/EdgeEffectCompat,1,24,4.17
45e6fb879fc64b73,androidx/appcompat/widget/AppCompatTextViewAutoSizeHelper$Api18Impl,1,2,50.0
2a0af437a2c30240,kotlinx/coroutines/flow/AbstractFlow$collect$1,1,2,50.0
a06ac186a2ff0cd7,kotlin/collections/AbstractCollection,1,33,3.03
f8a60b89c0795f7b,com/google/android/material/progressindicator/DrawableWithAnimatedVisibilityChange$1,1,3,33.33
79140cea662f5653,kotlinx/coroutines/scheduling/GlobalQueue,1,1,100.0
97b4e3f023974999,kotlinx/coroutines/channels/AbstractChannel$RemoveReceiveOnCancel,1,7,14.29
2e89511228067c74,com/orgzly/android/db/dao/SavedSearchDao_Impl$4,1,12,8.33
1c096354507d9fa3,com/orgzly/android/db/dao/BookDao_Impl$3,1,4,25.0
de29f71f91c9007e,com/orgzly/android/db/dao/NoteDao_Impl$23,1,2,50.0
9b8b72f9676fb4c8,kotlin/internal/PlatformImplementations,1,17,5.88
adba6dafa0f5b7e5,com/orgzly/android/widgets/ListWidgetProvider_MembersInjector,1,5,20.0
e5ce704ac6c6b3b8,com/orgzly/android/db/PreRoomMigration$MIGRATION_147_148$1,1,2,50.0
c47e1723158ae613,com/google/android/material/floatingactionbutton/FloatingActionButtonImpl$ElevateToHoveredFocusedTranslationZAnimation,1,2,50.0
cb804cc205f5f663,org/mozilla/universalchardet/prober/sequence/SequenceModel,1,6,16.67
76a11c4159bf068b,androidx/work/impl/model/WorkSpecDao_Impl$4,1,2,50.0
8234bfb1c9293a85,androidx/appcompat/widget/ActionMenuPresenter$OverflowMenuButton$1,1,6,16.67
d845781897c6db79,org/mozilla/universalchardet/prober/contextanalysis/EUCJPContextAnalysis,1,18,5.56
8209ade6f0abdd56,androidx/drawerlayout/R$styleable,1,2,50.0
869cb48fd40e5b6e,androidx/appcompat/widget/AppCompatTextViewAutoSizeHelper$Impl23,1,4,25.0
92b364bdb416ee87,kotlin/collections/CollectionsKt__CollectionsJVMKt,1,43,2.33
5072fc117bd9c5d2,com/orgzly/android/util/LogMajorEvents,1,2,50.0
4b3ad9ef83b615c8,com/orgzly/android/db/dao/OrgRangeDao_Impl$4,1,15,6.67
b81042fa480d8a9f,androidx/fragment/app/FragmentManager$10,1,10,10.0
04c17344f75c64d3,androidx/fragment/app/FragmentManager$1,1,2,50.0
8859da527a122274,kotlinx/coroutines/scheduling/SchedulerTimeSource,1,1,100.0
c80e5bf889cb6a44,androidx/recyclerview/R$styleable,1,2,50.0
9e477bbc5c1f0ff3,com/orgzly/android/db/dao/OrgTimestampDao_Impl$2,1,61,1.64
32d9bd63e16714d7,kotlin/jvm/internal/Ref$BooleanRef,1,2,50.0
2bad4412436344fb,androidx/swiperefreshlayout/widget/SwipeRefreshLayout$7,1,2,50.0
7af4ea5fdf43622d,kotlinx/coroutines/MainCoroutineDispatcher,1,11,9.09
5dbb5c23f4b05d31,com/orgzly/android/db/dao/BookDao_Impl$10,1,2,50.0
6997155a6ffaf893,com/orgzly/android/db/dao/AppLogDao_Impl$3,1,4,25.0
9f090a337592bacc,androidx/coordinatorlayout/widget/CoordinatorLayout$ViewElevationComparator,1,6,16.67
6ffb89041ca6edde,androidx/appcompat/widget/SearchView$8,1,2,50.0
00c5c8a7a2259fdc,androidx/fragment/app/FragmentManager$FragmentIntentSenderContract,1,22,4.55
54bb1b35deeb8b3a,androidx/recyclerview/widget/FastScroller$AnimatorListener,1,8,12.5
e1d3f01f219ed0aa,androidx/appcompat/app/AppCompatDelegateImpl$PanelFeatureState,1,52,1.92
bb253cf47092522f,com/orgzly/android/db/dao/NoteDao_Impl$5,1,2,50.0
90805eecc0a0ae1f,com/orgzly/android/db/dao/NoteDao_Impl$24,1,2,50.0
a36ad0aef5e7a896,androidx/appcompat/widget/Toolbar$1,1,5,20.0
825099ed914daa24,androidx/room/migration/Migration,1,1,100.0
540d9b37ce798f14,com/orgzly/android/db/OrgzlyDatabase$Companion$MIGRATION_155_156$1,1,5,20.0
fb0a1571a6578779,com/orgzly/android/db/dao/VersionedRookDao_Impl,1,53,1.89
c7952ccb22f8d6e2,androidx/fragment/app/FragmentManager$11,1,16,6.25
fae06eca0ce67a01,com/orgzly/android/db/dao/NoteDao_Impl$8,1,2,50.0
858a176bb858599e,androidx/work/impl/model/WorkName,1,1,100.0
a99503a54eac80ce,androidx/core/content/res/ResourcesCompat$Api21Impl,1,3,33.33
2e304afa9e40c24d,com/orgzly/android/db/dao/NoteDao_Impl$15,1,2,50.0
aec5bd993287aa48,com/google/android/material/progressindicator/BaseProgressIndicator$2,1,3,33.33
7272615a4d3a1222,androidx/fragment/app/FragmentManager$2,1,6,16.67
654dcd198fb58439,com/orgzly/android/db/OrgzlyDatabase$Companion$MIGRATION_152_153$1,1,36,2.78
446ae7e3f09da7f8,com/orgzly/android/ui/main/MainActivity$2,1,4,25.0
a1170bf9e523aac7,androidx/work/impl/WorkDatabaseMigrations$4,1,2,50.0
5f512bb32e685af3,com/orgzly/android/db/dao/DbRepoBookDao_Impl$2,1,18,5.56
5554be1a2b96bb70,androidx/work/Operation$State,1,1,100.0
df85944b48ff0be5,com/orgzly/android/db/dao/DbRepoBookDao_Impl$5,1,2,50.0
09d516052fd0981d,com/google/android/material/progressindicator/LinearIndeterminateDisjointAnimatorDelegate$3,1,5,20.0
f96207ce68681f02,androidx/customview/view/AbsSavedState$1,1,1,100.0
f359d82e59b9a77c,kotlinx/coroutines/EventLoopKt,1,6,16.67
a4427dc0c3926476,androidx/vectordrawable/graphics/drawable/Animatable2Compat$AnimationCallback,1,7,14.29
30fd31b29b045630,com/orgzly/android/db/dao/BookSyncDao_Impl,1,80,1.25
b00a2e1823e8132d,kotlinx/coroutines/flow/DistinctFlowImpl$collect$2$emit$1,1,2,50.0
36cbf30c983b39b8,kotlinx/coroutines/CancellableContinuationImplKt,1,2,50.0
63ae2837982936de,com/google/android/material/floatingactionbutton/FloatingActionButtonImpl$ElevateToPressedTranslationZAnimation,1,2,50.0
4ee1279e357c41a9,com/orgzly/android/db/dao/BookDao_Impl$8,1,2,50.0
9352dcabb4857d32,androidx/recyclerview/widget/FastScroller$1,1,2,50.0
be0c94533cc5c0b7,kotlin/TuplesKt,1,5,20.0
5f29d5c3f233c6ae,androidx/appcompat/app/ActionBar$LayoutParams,1,9,11.11
3c4c8783260b7604,kotlin/jvm/internal/Ref$ObjectRef,1,2,50.0
39465526f46da3bd,com/orgzly/android/db/dao/BookDao_Impl$6,1,2,50.0
5512531ebbbecbad,com/orgzly/org/parser/OrgNodeInList,1,14,7.14
2794ab09bf6b3508,androidx/core/R$styleable,1,2,50.0
478cd017c4eff8be,androidx/room/RoomMasterTable,1,2,50.0
f3d5d0f60297ba2a,androidx/appcompat/widget/SearchView$4,1,2,50.0
2114feccf3531c31,com/orgzly/android/db/dao/NoteAncestorDao_Impl$4,1,9,11.11
a8e3137607712c1e,com/orgzly/android/db/dao/NotePropertyDao_Impl,1,152,0.66
c95cdd21df7e4640,com/orgzly/android/db/dao/NoteDao_Impl$17,1,2,50.0
7f68ead987ffc710,androidx/dynamicanimation/animation/DynamicAnimation$7,1,5,20.0
022a16500aa882fe,com/orgzly/android/db/dao/AppLogDao_Impl$1,1,12,8.33
26703078bff883f6,androidx/recyclerview/widget/AdapterHelper$UpdateOp,1,25,4.0
71c21939c9d6fae7,androidx/work/impl/constraints/controllers/StorageNotLowController,1,6,16.67
0564fdb0fa6ffce2,androidx/appcompat/R$styleable,1,2,50.0
eb17457d02de69bf,com/orgzly/android/db/dao/NoteDao_Impl$13,1,2,50.0
b42596ce2478d3c9,androidx/dynamicanimation/animation/DynamicAnimation$10,1,5,20.0
645c7ade7bbecffa,org/joda/time/chrono/GJMonthOfYearDateTimeField,1,6,16.67
da9c1709809cff8f,androidx/appcompat/widget/ActionMenuView$MenuBuilderCallback,1,11,9.09
3c7faa182163f824,androidx/work/impl/WorkDatabaseMigrations$1,1,5,20.0
57630e10c52a1b50,androidx/appcompat/app/AppCompatDelegateImpl$Api17Impl,1,5,20.0
b3ca0707d9d2b5b1,com/orgzly/android/di/DaggerAppComponent,1,2,50.0
82d42c312beb5a5f,androidx/recyclerview/widget/RecyclerView$LayoutManager$1,1,10,10.0
e1eea1ad25b5dc1e,androidx/work/impl/WorkDatabaseMigrations$3,1,3,33.33
6231d92037e51c71,androidx/lifecycle/ViewTreeViewModelStoreOwner,1,10,10.0
