class_id,class_name,probes_hit,probes_total,pct
64a7ea8d3483b4a2,androidx/work/impl/model/WorkSpecDao_Impl,469,1858,25.24
d9e5c34f10ed61de,androidx/fragment/app/FragmentManager,345,1346,25.63
f3963239a050f5d8,androidx/viewpager/widget/ViewPager,299,1317,22.7
b2d020a589ad0713,androidx/recyclerview/widget/RecyclerView,282,2094,13.47
8db12c2cb5c065d8,androidx/constraintlayout/core/widgets/ConstraintWidget,255,1652,15.44
9a363820b9714f33,androidx/coordinatorlayout/widget/CoordinatorLayout,243,954,25.47
3006ac6d9f71cf63,androidx/appcompat/widget/Toolbar,236,938,25.16
131c1fa296f4063d,androidx/constraintlayout/core/widgets/analyzer/Direct,232,669,34.68
28e2e60e98dd7692,androidx/appcompat/app/AppCompatDelegateImpl,222,1298,17.1
da9c297a5681dc7a,androidx/constraintlayout/widget/ConstraintLayout,219,610,35.9
47a0003650063a22,org/fossify/calendar/activities/MainActivity,211,1140,18.51
b9b641d79f41727b,org/fossify/calendar/interfaces/EventsDao_Impl,181,2325,7.78
b09d80d4560cb180,androidx/fragment/app/Fragment,180,757,23.78
954c39f59db9f1f6,kotlinx/coroutines/JobSupport,177,790,22.41
cc366f025c1885dd,com/google/android/material/shape/MaterialShapeDrawable,176,525,33.52
5f5065e6d0a888cc,androidx/constraintlayout/core/widgets/ConstraintWidgetContainer,146,464,31.47
7b0b50018584ecba,org/fossify/calendar/views/MonthView,142,399,35.59
91278e68fc2393a2,androidx/room/TriggerBasedInvalidationTracker,133,265,50.19
62ff4bbd5ae6b872,com/google/android/material/appbar/AppBarLayout,127,483,26.29
c4560b4089076247,org/joda/time/chrono/AssembledChronology,127,192,66.15
b803732879c69958,androidx/activity/ComponentActivity,122,317,38.49
09d43cc6f251972e,androidx/constraintlayout/core/widgets/analyzer/BasicMeasure,114,293,38.91
092cd20fac31b6c7,androidx/fragment/app/SpecialEffectsController,114,208,54.81
efcd1b944dca4cac,androidx/fragment/app/FragmentStateManager,111,455,24.4
d7f34367281c458d,androidx/navigationevent/NavigationEventProcessor,109,283,38.52
9e759c749ab270fe,com/google/android/material/shape/ShapeAppearancePathProvider,107,129,82.95
d48599621075951d,androidx/appcompat/widget/ActionMenuPresenter,107,282,37.94
9bec4d04be483302,androidx/room/RoomDatabase,102,303,33.66
31d803ba3891bf00,androidx/appcompat/widget/LinearLayoutCompat,100,629,15.9
3860a6460b4b0e66,kotlinx/coroutines/CancellableContinuationImpl,98,382,25.65
b820c88a26a5f9b4,androidx/work/impl/WorkerWrapper,98,255,38.43
c525ca93b02afb0e,androidx/appcompat/view/menu/MenuBuilder,95,530,17.92
62b2bf2014f942e5,androidx/recyclerview/widget/LinearLayoutManager,94,794,11.84
e96fd5c245bceb8e,androidx/lifecycle/LifecycleRegistry,93,140,66.43
44da415933494880,androidx/appcompat/widget/AppCompatTextHelper,89,380,23.42
6d063058ee3b1936,androidx/swiperefreshlayout/widget/SwipeRefreshLayout,87,431,20.19
4e9777287ba4471c,org/fossify/calendar/extensions/ContextKt,86,870,9.89
2072d6349e9a69e8,kotlinx/coroutines/channels/BufferedChannel,84,1770,4.75
acc841d38a9e04e7,androidx/fragment/app/DefaultSpecialEffectsController,83,467,17.77
ed23e2c18290c2f7,com/google/android/material/shape/ShapeAppearanceModel,83,125,66.4
afc85c0e8ef32079,org/joda/time/chrono/BasicChronology,80,180,44.44
9f66db637a90334f,androidx/work/impl/model/WorkSpec,79,238,33.19
cec5110f32228ad6,kotlinx/coroutines/scheduling/CoroutineScheduler,78,312,25.0
bb48a9fdf84630f3,androidx/appcompat/view/menu/MenuItemImpl,75,292,25.68
3cc89858b7142d4b,com/google/android/material/floatingactionbutton/FloatingActionButtonImpl,75,360,20.83
c70502aba2e1e821,com/google/android/material/floatingactionbutton/FloatingActionButton,75,234,32.05
88cc6ab582af899f,org/fossify/calendar/fragments/MonthFragment,74,117,63.25
14e7636e8073655e,androidx/constraintlayout/widget/ConstraintLayout$Measurer,74,209,35.41
2daad77b3c1b0ed0,androidx/work/impl/background/systemjob/SystemJobScheduler,72,167,43.11
cfd70bf5ed99e849,com/google/gson/Gson,72,267,26.97
22e046d611ec93bd,org/fossify/calendar/helpers/EventsHelper,71,650,10.92
1112ee2f1cc64706,androidx/fragment/app/FragmentStore,70,222,31.53
f450e6b41b0da118,kotlin/text/StringsKt__StringsKt,68,937,7.26
5acf2e39110607b5,androidx/work/impl/Processor,67,158,42.41
d5f5799f9a0abad5,kotlinx/coroutines/scheduling/CoroutineScheduler$Worker,67,195,34.36
10708fd8e2b5a8b2,androidx/appcompat/view/menu/ActionMenuItemView,67,134,50.0
9066e61d45547985,androidx/collection/ArraySet,66,239,27.62
40bf7f5b5f5d6bfe,com/google/android/material/appbar/AppBarLayout$BaseBehavior,66,371,17.79
4350dbcb24ec95c9,com/google/android/material/shape/ShapeAppearanceModel$Builder,65,108,60.19
b82a3093ba3bc2c9,androidx/sqlite/driver/SupportSQLiteStatement$RowSQLiteStatement,62,100,62.0
028f748ca9c04da4,org/fossify/commons/extensions/Context_stylingKt,62,275,22.55
74067032a7981ce9,androidx/recyclerview/widget/RecyclerView$LayoutManager,62,631,9.83
9a299f2999d9f5d1,androidx/core/view/ViewCompat,61,793,7.69
fcedadf2b3d8e04d,org/fossify/commons/extensions/Context_storageKt,61,1144,5.33
518719b64761827c,org/fossify/calendar/views/MonthViewWrapper,61,96,63.54
2db0cc64e927b6b5,com/google/android/material/shape/ShapePath,61,113,53.98
63724b760f68943d,androidx/startup/AppInitializer,60,86,69.77
df55f4bf374f60ee,kotlinx/coroutines/flow/StateFlowImpl,60,96,62.5
e01a37a6825ee19a,androidx/coordinatorlayout/widget/DirectedAcyclicGraph,60,71,84.51
0212cdc9c27ed8a2,androidx/constraintlayout/widget/ConstraintLayout$LayoutParams$Table,60,61,98.36
9ee9465e92371f10,org/fossify/commons/extensions/ContextKt,60,1175,5.11
03d5d8e1408dfe2d,kotlinx/coroutines/internal/LockFreeLinkedListNode,60,105,57.14
c4aa43f20da03a72,kotlin/collections/CollectionsKt___CollectionsKt,59,1802,3.27
ebdeff4aa7f67af8,org/fossify/commons/activities/EdgeToEdgeActivity,59,142,41.55
4ee2f75399ce371e,androidx/work/impl/model/WorkSpecDao_Impl$1,59,70,84.29
fe7cb652258643f2,com/google/gson/internal/bind/TypeAdapters,58,61,95.08
ad072f68e58dd023,androidx/core/content/res/ColorStateListInflaterCompat,58,96,60.42
ebc3ee1319fdd502,org/fossify/commons/helpers/BaseConfig,57,406,14.04
3cf18de831182b5d,androidx/appcompat/widget/ResourceManagerInternal,57,216,26.39
0637dd4a5cbe2d35,org/fossify/calendar/helpers/MonthlyCalendarImpl,56,85,65.88
571c4d1fc1724cea,androidx/constraintlayout/widget/ConstraintLayout$LayoutParams,56,227,24.67
e5d1845a8653563b,androidx/work/impl/background/greedy/GreedyScheduler,55,120,45.83
b389eab307bd77a9,androidx/appcompat/view/SupportMenuInflater$MenuState,53,111,47.75
d13baaaf95cdf55c,androidx/work/impl/Schedulers,53,60,88.33
c8e1f4ba7b591481,androidx/constraintlayout/core/LinearSystem,53,510,10.39
0b35833e73a66f02,androidx/work/impl/utils/EnqueueRunnable,52,137,37.96
34cd211cd4b1126d,androidx/work/Configuration,51,74,68.92
0867b12bcc7a6998,androidx/work/impl/WorkDatabase_Impl,51,55,92.73
d02a6761e1226db0,androidx/concurrent/futures/AbstractResolvableFuture,49,302,16.23
45fab3b5627cc603,androidx/emoji2/text/EmojiCompat,48,169,28.4
955e6a183cb2ee59,kotlinx/coroutines/EventLoopImplBase,48,189,25.4
0584f02fed2a67a9,org/joda/time/DateTimeFieldType,48,74,64.86
add1df43b13b6760,androidx/collection/SimpleArrayMap,47,268,17.54
9721e755a9562b69,org/joda/time/format/DateTimeParserBucket,46,130,35.38
1ef7f6de917c0a2e,androidx/appcompat/widget/AppCompatTextView,46,258,17.83
cf71ca5f63f88dfb,org/fossify/commons/extensions/ViewKt,45,160,28.12
caf4ee56fd60ca82,kotlin/collections/builders/MapBuilder,45,258,17.44
61a3c28eed8d6a95,androidx/room/RoomDatabase$Builder,45,175,25.71
40772be6b237c83c,androidx/work/impl/utils/ForceStopRunnable,44,126,34.92
9c9b3171195e06db,org/fossify/calendar/interfaces/CalendarsDao_Impl,44,166,26.51
6a5b988de14ea13c,org/joda/time/chrono/BasicGJChronology,44,69,63.77
e02fe8d2bd5f16bc,androidx/room/BaseRoomConnectionManager,44,208,21.15
0da5b14084c44b97,androidx/room/InvalidationTracker,44,170,25.88
189d1e841728c1de,androidx/appcompat/widget/ActionMenuView,43,318,13.52
af5f333ed36c416b,androidx/work/Constraints,43,130,33.08
ef20ba470ff92253,org/joda/time/DateTimeZone$LazyInit,42,43,97.67
69572dd5c24fa600,androidx/sqlite/db/framework/FrameworkSQLiteOpenHelper$OpenHelper,41,107,38.32
8a526214ac8596a0,org/joda/time/chrono/AssembledChronology$Fields,41,78,52.56
46c1168da01c5a34,androidx/room/TriggerBasedInvalidationTracker$syncTriggers$2$1,41,57,71.93
2ad91fed90c9c070,androidx/core/content/res/ResourcesCompat,41,138,29.71
ea9eff03f75f0767,androidx/work/Data$Companion,41,246,16.67
ffcb5cd392e1f7f8,androidx/coordinatorlayout/widget/CoordinatorLayout$LayoutParams,41,113,36.28
028eb6a418e3cd47,com/google/android/material/appbar/HeaderScrollingViewBehavior,40,68,58.82
76337d68339a32ae,org/joda/time/format/DateTimeFormat,40,169,23.67
ef67727ace1bac58,androidx/fragment/app/FragmentActivity,40,112,35.71
fbbf2a9b3fc71ed2,androidx/work/impl/WorkContinuationImpl,38,83,45.78
875202b75b7a2e8a,androidx/navigationevent/NavigationEventDispatcher,37,120,30.83
4ef060c7ae34c12b,androidx/work/impl/background/systemjob/SystemJobService,37,75,49.33
067787285590155f,androidx/sqlite/driver/SupportSQLiteStatement$Companion,37,73,50.68
5862a5d13e7921df,kotlin/collections/ArrayDeque,37,381,9.71
234a124ee3ae5999,androidx/room/coroutines/PassthroughConnection,37,94,39.36
d585937c3ad5e78f,org/joda/time/format/DateTimeFormatterBuilder$Composite,37,71,52.11
0764a7d4434c8edb,androidx/work/impl/model/SystemIdInfoDao_Impl,37,58,63.79
1c8163d1bf037d8d,kotlin/collections/builders/ListBuilder,37,144,25.69
f04b450d75f36a10,androidx/appcompat/view/menu/BaseMenuPresenter,36,64,56.25
82c8852dcad51e65,androidx/fragment/app/BackStackRecord,36,301,11.96
4a5fc5dff879e46b,androidx/appcompat/app/AppCompatViewInflater,36,169,21.3
3e8270d2dd366f3d,androidx/emoji2/text/SpannableBuilder,36,102,35.29
067ccfd9bda6ec61,org/fossify/calendar/helpers/Config,35,234,14.96
e628ec2045a56710,androidx/work/impl/WorkManagerImpl,35,163,21.47
4620a6100c5e4d77,androidx/work/impl/background/systemjob/SystemJobInfoConverter,35,83,42.17
b0db54fd5a776f31,kotlinx/coroutines/channels/BufferedChannelKt,35,71,49.3
9a08bc580632534f,androidx/swiperefreshlayout/widget/CircularProgressDrawable,35,122,28.69
854ec33b617241df,org/fossify/calendar/databases/EventsDatabase$Companion,35,38,92.11
db7ddf4d0167e2f9,androidx/appcompat/widget/AppCompatEditText,35,125,28.0
792ede3029856168,androidx/activity/result/ActivityResultRegistry,35,153,22.88
d46667dc4f285c4c,org/joda/time/format/DateTimeFormatter,34,195,17.44
c0da8612d6c53226,androidx/fragment/app/SpecialEffectsController$Operation,34,84,40.48
e899664eea070ead,androidx/work/impl/model/WorkTypeConverters,34,145,23.45
4614f301c96a3f2a,androidx/recyclerview/widget/RecyclerView$Recycler,34,533,6.38
a76a050e17370e8b,androidx/appcompat/widget/AppCompatImageHelper,34,99,34.34
40f93a94afe1014c,org/joda/time/format/DateTimeFormatterBuilder,34,212,16.04
856ffe98f45aaa86,androidx/core/view/WindowInsetsCompat,34,132,25.76
4ae1f6b71b8b5932,androidx/fragment/app/FragmentStatePagerAdapter,34,114,29.82
60be6b534142856d,org/fossify/commons/helpers/ConstantsKt,34,163,20.86
85ca33fd03037424,androidx/constraintlayout/core/widgets/ConstraintAnchor,33,180,18.33
0f1c155aa83ebb12,kotlinx/coroutines/internal/DispatchedContinuation,33,183,18.03
c71f05a5a6adae14,org/joda/time/DateTimeZone,33,311,10.61
205ef01d54c697a3,org/fossify/commons/extensions/ActivityKt,33,1508,2.19
fd41f3df2439d6a8,org/joda/time/chrono/GregorianChronology,33,69,47.83
69fb4173ea01eebc,androidx/room/RoomDatabaseKt__RoomDatabaseKt,33,120,27.5
f56f8151a17a1ccf,org/fossify/commons/views/MyAppBarLayout,32,52,61.54
5fde4b8403509d66,androidx/profileinstaller/ProfileVerifier,32,83,38.55
bf732efa1016c20b,kotlinx/coroutines/channels/BufferedChannel$BufferedChannelIterator,32,133,24.06
5f7021cf5cec890a,androidx/appcompat/widget/TintTypedArray,31,62,50.0
5e721313c6c2080d,org/joda/time/chrono/BasicMonthOfYearDateTimeField,31,100,31.0
33e0c49baf25c3ba,androidx/appcompat/widget/AppCompatImageView,31,84,36.9
280b104d11147cdc,org/fossify/calendar/fragments/MonthFragmentsHolder,31,98,31.63
e07edc00672305da,androidx/work/impl/WorkDatabase$Companion,31,34,91.18
0a3b9ca54fba0e35,androidx/fragment/app/FragmentLifecycleCallbacksDispatcher,31,182,17.03
4525e8e4d58ed035,androidx/appcompat/app/AppCompatActivity,30,138,21.74
920323eba0f2a9b5,org/fossify/commons/activities/BaseSimpleActivity,30,868,3.46
6e6383d4bf7b1b22,androidx/recyclerview/widget/DefaultItemAnimator,30,349,8.6
e73457940f27145c,androidx/fragment/app/strictmode/FragmentStrictMode,30,160,18.75
6e2ac7470569625c,androidx/appcompat/view/SupportMenuInflater,30,75,40.0
e16823019142f320,androidx/appcompat/app/AppCompatDelegate,29,135,21.48
00416f18ae28897f,androidx/savedstate/internal/SavedStateRegistryImpl,29,121,23.97
da6b069c9706317c,com/google/android/material/appbar/MaterialToolbar,29,138,21.01
e6c18841db903ce3,androidx/lifecycle/ReportFragment,28,40,70.0
72b4e9974b1573a3,org/fossify/commons/views/MySearchMenu,28,85,32.94
53333b291d4556f5,kotlinx/coroutines/BuildersKt__Builders_commonKt,28,46,60.87
0ae33d31122230e2,androidx/swiperefreshlayout/widget/CircularProgressDrawable$Ring,28,94,29.79
51b0d102bb3da6a7,kotlinx/coroutines/DispatchedTask,28,64,43.75
8e8faeb08912610f,com/google/android/material/appbar/AppBarLayout$ScrollingViewBehavior,27,72,37.5
b8dcdf077d278287,org/joda/time/tz/ZoneInfoProvider,27,94,28.72
74f0c89b7522a1e1,androidx/appcompat/view/ContextThemeWrapper,27,51,52.94
ed0158074274ae7f,androidx/work/impl/WorkManagerImplExtKt,27,46,58.7
e8f152a488edb079,com/google/gson/reflect/TypeToken,27,157,17.2
63c681d9bf5cb74b,com/google/android/material/shape/ShapePath$PathArcOperation,26,32,81.25
e6d5feffa8ea9a12,org/fossify/calendar/databases/EventsDatabase_Impl,26,30,86.67
4c173190d24f0515,kotlin/collections/ArraysKt___ArraysKt,26,10849,0.24
b5e6692d95228a51,androidx/profileinstaller/ProfileInstaller,26,79,32.91
e5b69cc23d632970,kotlinx/coroutines/JobSupport$Finishing,26,66,39.39
3f32f75c30507ea0,androidx/room/RoomConnectionManager,26,79,32.91
883ce2c85f6c4d9d,androidx/constraintlayout/core/widgets/Optimizer,25,30,83.33
f3aec13ad35d496f,androidx/work/WorkRequest$Builder,25,93,26.88
9fd3ec392b5d0061,androidx/navigationevent/NavigationEventHandler,25,87,28.74
ebad3a40d1c55600,androidx/work/impl/utils/EnqueueUtilsKt,25,65,38.46
99e1795398e9261c,org/joda/time/DurationFieldType,25,28,89.29
d8e6a9258c4d73e9,androidx/appcompat/widget/AppCompatBackgroundHelper,25,85,29.41
990b0342e82b255f,androidx/activity/OnBackPressedCallback,25,31,80.65
bfc3416d927b5d03,androidx/lifecycle/ProcessLifecycleOwner,24,44,54.55
7b1d018709296157,org/fossify/calendar/databases/EventsDatabase,24,24,100.0
6cb1814a88bf264e,androidx/appcompat/widget/ContentFrameLayout,24,93,25.81
b730f879f1fa4b1b,androidx/sqlite/db/framework/FrameworkSQLiteDatabase,24,158,15.19
c0fd3ad603b80659,com/google/android/material/theme/overlay/MaterialThemeOverlay,24,36,66.67
6dc7b8ee7c69c0aa,kotlinx/coroutines/intrinsics/UndispatchedKt,23,101,22.77
a82e0d580d25acba,androidx/fragment/app/FragmentActivity$HostCallbacks,23,44,52.27
4168a54de7a00505,androidx/room/util/DBUtil__DBUtil_androidKt,23,132,17.42
34d6ac7c809e76be,kotlinx/coroutines/internal/LockFreeTaskQueueCore,23,115,20.0
49a6b0ec391dafb2,androidx/room/ObservedTableStates,23,89,25.84
cbdb69dd699862cf,com/google/android/material/internal/ThemeEnforcement,22,57,38.6
16637bcd8ef21292,kotlinx/coroutines/flow/StateFlowSlot,22,52,42.31
52f4d2904c03bfb3,com/duolingo/open/rtlviewpager/RtlViewPager,22,78,28.21
fad18977ff3360c8,androidx/work/Configuration$Builder,22,94,23.4
8853fbcf32bf1ca2,androidx/appcompat/widget/AppCompatTextViewAutoSizeHelper,22,252,8.73
4839a50a84fc0698,androidx/work/impl/WorkDatabase_Impl$createOpenDelegate$_openDelegate$1,22,191,11.52
84f1db4d146eb4a5,androidx/arch/core/internal/SafeIterableMap,22,73,30.14
77d3f7305d879d33,org/fossify/calendar/databinding/ActivityMainBinding,21,41,51.22
92f09c23100b4798,androidx/room/TriggerBasedInvalidationTracker$createFlow$1$2,21,36,58.33
36233e9d27ad2d0a,androidx/profileinstaller/DeviceProfileWriter,21,163,12.88
4e4051d2de35c22f,org/joda/time/DateTime,21,192,10.94
f5acbe35f71a2206,androidx/room/util/DBUtil__DBUtil_androidKt$performBlocking$1$1$invokeSuspend$$inlined$internalPerform$1,21,39,53.85
8cfc86ec3050a482,kotlin/collections/CollectionsKt__CollectionsKt,21,145,14.48
414f09936beb426c,androidx/coordinatorlayout/widget/ViewGroupUtils,20,27,74.07
c6932b98385674eb,org/fossify/calendar/adapters/QuickFilterCalendarAdapter,20,69,28.99
307b8abfb9d72951,androidx/work/impl/model/WorkTypeConverters$WhenMappings,20,35,57.14
98060e8daf1c5aaf,androidx/work/impl/model/WorkTagDao_Impl,20,43,46.51
8fbdcc7463c93b4c,androidx/work/impl/StartStopTokensImpl,20,28,71.43
a5789ee02ca1e4e8,androidx/lifecycle/LiveData,20,98,20.41
3192c2d80549321a,androidx/core/graphics/ColorUtils,20,172,11.63
348235c805e02199,androidx/fragment/app/FragmentManagerViewModel,20,156,12.82
cda82887317f8ba9,androidx/room/util/DBUtil__DBUtil_androidKt$performBlocking$1$1,20,25,80.0
376e755630e49a17,androidx/work/impl/WorkerWrapperKt,19,33,57.58
cc5efe3680e44019,androidx/work/impl/model/WorkProgressDao_Impl,19,40,47.5
5c6ba335cd0c90e9,androidx/sqlite/db/framework/FrameworkSQLiteOpenHelper,19,36,52.78
fa95b70a19cae8c5,androidx/work/impl/utils/PackageManagerHelper,19,34,55.88
9ed0f4bb2d6ad156,com/google/gson/internal/GsonTypes,19,212,8.96
0b361ec41ecf144f,androidx/navigationevent/NavigationEventHistory,19,53,35.85
581e8bc114164e8e,kotlin/jvm/internal/ClassReference,18,58,31.03
c705d9bef94a7ead,kotlinx/coroutines/flow/internal/SafeCollector,18,47,38.3
b49596c034523759,com/google/gson/internal/GsonTypes$ParameterizedTypeImpl,18,38,47.37
cee4078c3ef90e56,org/fossify/calendar/helpers/Formatter,18,108,16.67
1ac853bbb34ca063,kotlinx/coroutines/flow/FlowKt__ChannelsKt,18,36,50.0
3578f9a835decb66,androidx/appcompat/widget/ActionMenuPresenter$OverflowMenuButton,18,25,72.0
65fcc40c2f55d429,androidx/work/impl/WorkerWrapper$launch$1,18,33,54.55
a9bcf486c396d5f3,androidx/sqlite/util/ProcessLock,18,29,62.07
5a5b543b85f4a0e1,androidx/recyclerview/widget/AdapterHelper,18,261,6.9
0ae12ce97b441ea2,androidx/lifecycle/SavedStateHandleSupport,18,47,38.3
50d225cdef806f94,androidx/emoji2/viewsintegration/EmojiTextViewHelper$HelperInternal19,18,48,37.5
eb59236056ab804d,androidx/room/ObservedTableVersions,18,26,69.23
8c978feb6696d587,androidx/lifecycle/viewmodel/internal/ViewModelProviderImpl,17,24,70.83
dcea2f4ce5261788,org/joda/time/chrono/ISOChronology,17,39,43.59
2d18bf5669a27a05,androidx/work/impl/background/greedy/TimeLimiter,17,22,77.27
9ae076996fba3918,androidx/lifecycle/ReportFragment$LifecycleCallbacks,17,22,77.27
a3e40e7add67735b,kotlinx/coroutines/JobSupportKt,17,23,73.91
6902e6498c439f44,androidx/fragment/app/SpecialEffectsController$FragmentStateManagerOperation,17,36,47.22
1c04a4f4dd90013d,androidx/arch/core/internal/SafeIterableMap$IteratorWithAdditions,17,20,85.0
ed85eb697c470f9a,org/fossify/calendar/databases/EventsDatabase_Impl$createOpenDelegate$_openDelegate$1,17,108,15.74
bfdfa6f2c325bf32,androidx/work/impl/model/PreferenceDao_Impl,17,34,50.0
9b9e93120ef92327,androidx/work/Logger,17,20,85.0
5c62db88b84d11b2,kotlin/coroutines/CombinedContext,17,53,32.08
10ffb33d8cc5a14f,kotlin/collections/ArraysKt___ArraysJvmKt,17,1082,1.57
7f74b9a509f3f9c9,androidx/activity/OnBackPressedDispatcher,17,42,40.48
23bb38b10053fc2a,androidx/viewpager/widget/ViewPager$4,17,18,94.44
ee8b42237f632b42,androidx/work/OperationKt,16,41,39.02
a520c0e95a78e712,org/fossify/commons/helpers/FontHelper,16,71,22.54
f307b250dd5084c5,androidx/core/view/WindowCompat,16,29,55.17
bf4e7517d45dd6dc,androidx/collection/LongSparseArray,16,241,6.64
380e86627b527c5c,androidx/work/impl/constraints/trackers/Trackers,16,24,66.67
fd61e74fdf16d4ad,androidx/work/impl/WorkerWrapper$Builder,16,20,80.0
952d6334dcb598b1,androidx/room/RoomDatabase$MigrationContainer,16,31,51.61
e9fe28d6c9591244,kotlin/collections/builders/MapBuilder$Itr,16,26,61.54
63fc00040a8d230c,androidx/work/impl/WorkerWrapper$runWorker$result$1,16,23,69.57
b322611a5ba922dd,androidx/fragment/app/FragmentTransaction,16,112,14.29
3ae118fd5e65804e,kotlinx/coroutines/DispatchedTaskKt,16,88,18.18
bf35012809bfe2e1,androidx/profileinstaller/ProfileInstallerInitializer,16,19,84.21
12f207d9e21142aa,androidx/room/util/KClassUtil,16,31,51.61
6fb50a83a6a62d9c,androidx/lifecycle/SavedStateHandlesProvider,16,95,16.84
0b3f1911b89435d8,androidx/work/Data,16,188,8.51
7491cab5329e0bd7,kotlinx/coroutines/UndispatchedCoroutine,16,45,35.56
b38edc65bec0f17c,androidx/swiperefreshlayout/widget/CircleImageView,15,36,41.67
c94eefeb309af654,kotlin/coroutines/jvm/internal/ContinuationImpl,15,19,78.95
0acf519d5a1fd856,com/google/android/material/shadow/ShadowRenderer,15,57,26.32
8c4620b55f20299e,androidx/concurrent/futures/CallbackToFutureAdapter$Completer,15,46,32.61
f769286f6075ac4e,androidx/sqlite/driver/SupportSQLiteStatement$OtherSQLiteStatement,15,37,40.54
6d7359d4ef621705,com/google/android/material/appbar/ViewOffsetBehavior,15,44,34.09
9ad74fd11e923ecf,kotlinx/coroutines/flow/FlowKt,15,163,9.2
6e93b2e4155254b0,androidx/work/impl/SynchronizedStartStopTokensImpl,15,19,78.95
5e587c8009147d4a,androidx/fragment/app/DefaultSpecialEffectsController$TransitionInfo,15,53,28.3
0dc86db47cf53a71,kotlin/collections/builders/SetBuilder,15,32,46.88
01de0f38fc26159a,kotlinx/coroutines/EventLoop,15,56,26.79
98d4656e58be8deb,org/joda/time/format/DateTimeFormatterBuilder$NumberFormatter,14,38,36.84
c1c1edbbb7674a7e,kotlinx/coroutines/AbstractCoroutine,14,25,56.0
3b9bc0ca3793e5a6,androidx/lifecycle/Lifecycle$Event,14,22,63.64
939c83091985e87c,androidx/emoji2/viewsintegration/EmojiTextWatcher,14,49,28.57
83f8f600ef115373,androidx/fragment/app/FragmentController,14,52,26.92
4aa47e63553ca02c,org/fossify/commons/views/MyRecyclerView,14,149,9.4
bbe29d789d5c1235,androidx/room/TriggerBasedInvalidationTracker$createFlow$1,14,27,51.85
c42176ea2b502316,androidx/room/concurrent/CloseBarrier,14,30,46.67
01c3dbadbbe94ad6,androidx/arch/core/executor/ArchTaskExecutor,14,21,66.67
3f316e0461bc1b21,com/google/android/material/elevation/ElevationOverlayProvider,14,44,31.82
aa38cbedcc5d51b8,androidx/lifecycle/ViewModelProvider,14,28,50.0
9e42b92c69ade2fe,androidx/recyclerview/widget/RecyclerView$RecycledViewPool,14,70,20.0
b2ca202e6a3f8dd8,androidx/core/view/WindowInsetsControllerCompat$Impl30,14,73,19.18
a1725500e7143e2e,androidx/work/impl/constraints/WorkConstraintsTracker,14,54,25.93
4f04bce047f36a72,org/fossify/calendar/models/CalendarEntity,14,68,20.59
31fd4b8fb666e2bb,androidx/work/WorkerFactory,14,24,58.33
dd5f26587912d535,kotlinx/coroutines/BlockingCoroutine,14,36,38.89
8259717121d23588,androidx/lifecycle/ReportFragment$Companion,14,22,63.64
3aa4fa7ecac0ddd0,kotlinx/coroutines/scheduling/WorkQueue,14,120,11.67
acb67787d61b6ad3,org/fossify/calendar/adapters/MyMonthPagerAdapter,14,25,56.0
a71e5e0fb3e2ead2,androidx/core/view/WindowInsetsCompat$Impl20,13,137,9.49
3b92a5f76c2ba26a,androidx/work/ListenableFutureKt$launchFuture$1$2,13,20,65.0
cc3aefeffc9ccf11,androidx/fragment/app/FragmentViewLifecycleOwner,13,45,28.89
f1493703908fbe42,kotlinx/coroutines/CoroutineStart,13,19,68.42
2eafbed34e19f729,androidx/work/impl/model/DependencyDao_Impl,13,62,20.97
4acdee4f74e0712d,org/joda/time/format/FormatUtils,13,145,8.97
97c92e03868ba616,kotlin/sequences/SequencesKt___SequencesKt,13,1098,1.18
482b054e11f4fd1b,kotlin/jvm/internal/Intrinsics,13,127,10.24
f6bfbafba33425ee,androidx/emoji2/text/DefaultEmojiCompatConfig$DefaultEmojiCompatConfigFactory,13,40,32.5
9a3da6de7a49a46f,kotlinx/coroutines/ExecutorCoroutineDispatcherImpl,13,55,23.64
9eecf54e794d0efe,androidx/arch/core/executor/DefaultTaskExecutor,13,27,48.15
ef0414ba7c99c3bb,kotlinx/coroutines/CoroutineContextKt,13,83,15.66
64c777430bc33d7e,androidx/sqlite/db/SupportSQLiteOpenHelper$Configuration$Builder,13,21,61.9
f15eec0783dae3e3,androidx/constraintlayout/core/widgets/WidgetContainer,13,49,26.53
76bc56e24fc59aec,androidx/emoji2/text/EmojiCompatInitializer,13,14,92.86
057c37589c576852,com/google/android/material/appbar/AppBarLayout$LayoutParams,13,30,43.33
7e9aa68b5d55ea7a,androidx/appcompat/widget/AppCompatDrawableManager,13,21,61.9
f11bf115664db9d5,kotlin/jvm/internal/ClassReference$Companion,13,315,4.13
db1443c7a7f1e725,kotlinx/coroutines/internal/ThreadContextKt,12,38,31.58
fe96e92eb6ffb170,androidx/emoji2/viewsintegration/EmojiEditableFactory,12,17,70.59
3733a1be820a3cd1,kotlinx/coroutines/flow/internal/AbstractSharedFlow,12,51,23.53
b745d837bdd5aa38,org/fossify/commons/helpers/AppLockManager,12,39,30.77
b4acf6e1f5d626ee,androidx/fragment/app/SpecialEffectsController$Operation$State,12,41,29.27
6a31910e1ee23c4f,kotlinx/coroutines/flow/DistinctFlowImpl$collect$2,12,18,66.67
cfa78d22f4c887ed,androidx/room/coroutines/RunBlockingUninterruptible_androidKt$runBlockingUninterruptible$1$1,12,18,66.67
ca5906d594ac09fa,androidx/room/util/SQLiteConnectionUtil,12,17,70.59
0cc1c2da0de4593d,androidx/fragment/app/SpecialEffectsController$Operation$State$Companion,12,15,80.0
221be2611fd7a4e0,androidx/room/TriggerBasedInvalidationTracker$notifyInvalidation$2$invalidatedTableIds$1,12,24,50.0
a9e57a3f5343bb12,androidx/appcompat/widget/RtlSpacingHelper,12,36,33.33
aa586eff2a753d72,kotlin/coroutines/jvm/internal/BaseContinuationImpl,12,27,44.44
1032790fcf2685c9,kotlinx/coroutines/flow/FlowKt__ContextKt,12,44,27.27
5a96c88b33657aae,androidx/room/TriggerBasedInvalidationTracker$syncTriggers$2$1$1$1,12,22,54.55
8ff197334442976b,androidx/lifecycle/ViewModelStore,12,14,85.71
c82821356d03111e,androidx/work/impl/UnfinishedWorkListenerKt,12,15,80.0
f556e13eaaab6bca,kotlinx/coroutines/internal/SystemPropsKt__SystemProps_commonKt,12,27,44.44
73d85544c1eb122c,androidx/work/impl/utils/SerialExecutorImpl,12,19,63.16
6f04292147055cb7,org/joda/time/base/BaseDateTime,12,41,29.27
64f85e9d6b51f777,kotlin/coroutines/CoroutineContext$Element$DefaultImpls,12,12,100.0
346225e74cef4326,org/fossify/calendar/JacocoInstrument/JacocoInstrumentation,12,53,22.64
db9f78716e1f335e,kotlin/SynchronizedLazyImpl,12,20,60.0
395fa30011697ddc,androidx/collection/internal/ContainerHelpersKt,12,18,66.67
59f726d640dcd8be,com/google/android/material/shape/MaterialShapeUtils,12,18,66.67
3d783371a359ba0b,androidx/core/view/MenuItemCompat,12,87,13.79
25501530c39b1ae1,com/google/gson/FieldNamingPolicy,11,33,33.33
f0536bd6b2c44810,androidx/fragment/app/strictmode/FragmentStrictMode$Flag,11,13,84.62
76de7532fd56f73a,androidx/constraintlayout/core/widgets/ConstraintWidget$1,11,20,55.0
c80a05c5768142ac,androidx/lifecycle/viewmodel/internal/ViewModelImpl,11,61,18.03
e04a4cf1c67340ef,androidx/core/view/ViewCompat$Api21Impl,11,46,23.91
2a64d711e58232b6,androidx/appcompat/widget/AppCompatEmojiEditTextHelper,11,18,61.11
d247df9d1a7e853b,androidx/room/EntityInsertAdapter,11,138,7.97
edae3b68d96a8510,androidx/core/util/Pools$SimplePool,11,19,57.89
804424c398ae4ef0,kotlin/sequences/GeneratorSequence$iterator$1,11,24,45.83
60b17c6fcdb3eb8d,org/fossify/calendar/interfaces/CalendarsDao_Impl$1,11,13,84.62
5f52c3092fe3d15e,androidx/room/coroutines/PassthroughConnectionPool,11,18,61.11
052a7917d74b586c,androidx/core/view/WindowInsetsCompat$BuilderImpl29,11,19,57.89
87c252baf8cb36ae,org/fossify/commons/activities/BaseSplashActivity,11,23,47.83
8026361bbc6c3177,androidx/appcompat/widget/ViewStubCompat,11,44,25.0
4af611fd7f510f8b,androidx/sqlite/util/ProcessLock$Companion,11,13,84.62
6cb6f4726d1819f2,androidx/lifecycle/Lifecycle$State,11,14,78.57
f5b0ef9384fe82aa,org/fossify/commons/extensions/WindowKt,11,47,23.4
d94060de505ecd46,androidx/lifecycle/Lifecycle$Event$Companion,11,26,42.31
87cf2189704492cd,androidx/room/util/DBUtil__DBUtil_androidKt$performSuspending$$inlined$compatCoroutineExecute$DBUtil__DBUtil_androidKt$1,11,18,61.11
23a3eb9bc0e98c39,kotlinx/coroutines/channels/ProduceKt,11,65,16.92
8badf10168b0b6f0,androidx/work/impl/CleanupCallback,11,13,84.62
dc354fcd3ddcdb3b,org/joda/time/field/OffsetDateTimeField,11,34,32.35
1a942378143be887,org/fossify/calendar/activities/SimpleActivity,11,71,15.49
efefbd59d0202f52,kotlinx/coroutines/internal/LockFreeTaskQueue,11,34,32.35
d228820b1f5a4aaf,kotlinx/coroutines/JobKt__JobKt,11,99,11.11
0468538cd7ede5de,kotlin/collections/MapsKt__MapsKt,11,268,4.1
0ab565725359e16f,kotlinx/coroutines/DebugKt,11,33,33.33
213cb76a793529d5,org/fossify/calendar/jobs/AppStartupWorker$Companion,11,13,84.62
656ddca1d2e33c2a,androidx/emoji2/text/EmojiCompatInitializer$BackgroundDefaultLoader,11,13,84.62
384bafc0d82d40c6,org/fossify/commons/views/MyFloatingActionButton,11,21,52.38
183fffd93216ca84,org/fossify/calendar/jobs/AppStartupWorker,11,25,44.0
2f7c68e908bbc881,kotlin/coroutines/CoroutineContext$DefaultImpls,11,12,91.67
4802628c9b2431b1,org/joda/time/field/PreciseDurationDateTimeField,10,21,47.62
a8fb22d2f3b3e915,androidx/sqlite/driver/SupportSQLiteStatement$RowSQLiteStatement$ensureCursor$1,10,15,66.67
dcdfb7476bff90e8,androidx/core/view/WindowInsetsCompat$TypeImpl30,10,14,71.43
f7d1152d5fab3da9,org/fossify/commons/extensions/IntKt,10,122,8.2
3c9fbc3b385561ea,com/google/android/material/motion/MotionUtils,10,55,18.18
e8c268b05098b1cd,com/google/android/material/shape/ShapePath$PathLineOperation,10,10,100.0
c19bc23b82daa8ce,androidx/core/os/LocaleListCompat,10,60,16.67
0570809fb621b98c,androidx/activity/OnBackPressedCallback$OnBackPressedEventHandler,10,16,62.5
cd1df93860a42e1c,androidx/navigationevent/NavigationEventInput,10,61,16.39
8c56de11efb5466d,org/joda/time/field/UnsupportedDurationField,10,40,25.0
e3790d30f5360897,androidx/work/WorkRequest$Companion,10,12,83.33
565186368a1be643,androidx/core/view/WindowInsetsCompat$Impl30,10,12,83.33
a6ceb42233d5456b,androidx/work/impl/WorkerWrapper$launch$1$resolution$1,10,12,83.33
8e307f243f7efacf,androidx/arch/core/internal/SafeIterableMap$ListIterator,10,21,47.62
64f5568f9134e7b8,androidx/activity/contextaware/ContextAwareHelper,10,15,66.67
5e169dc44afd6dd3,androidx/core/content/FileProvider,10,142,7.04
2cb243475955ab96,kotlinx/coroutines/flow/FlowKt__ErrorsKt,10,56,17.86
c6943bc6e6d275c7,org/fossify/commons/helpers/AppLockManager$Companion,10,12,83.33
9f96df23b1d77f10,androidx/lifecycle/viewmodel/MutableCreationExtras,10,13,76.92
2534c65810fcc53c,androidx/fragment/app/FragmentAnim,10,68,14.71
042bf257e24242ee,androidx/collection/ArraySetKt,10,231,4.33
8cd70a14c333cb1a,androidx/room/coroutines/PassthroughConnection$usePrepared$2,10,13,76.92
72fc897f788e7c4d,androidx/appcompat/widget/AppCompatDrawableManager$1,10,148,6.76
ca5d41e671ba554d,com/google/android/material/color/MaterialColors,10,83,12.05
c6ce13892685e4a6,org/joda/time/chrono/GJYearOfEraDateTimeField,10,21,47.62
4a4b4b0998bcc682,kotlinx/coroutines/flow/AbstractFlow,10,18,55.56
fcd5d2b709f8d003,kotlin/ranges/IntProgressionIterator,10,14,71.43
3d3c08629a67d8df,org/joda/time/format/DateTimeParserBucket$SavedField,10,15,66.67
6dc1f8a76fa7b2c3,androidx/fragment/app/strictmode/FragmentStrictMode$Policy,9,14,64.29
8d49ac84b88bd94c,androidx/fragment/app/SpecialEffectsController$Companion,9,9,100.0
c999ad190722bb8c,org/fossify/commons/databinding/MenuSearchBinding,9,19,47.37
b6c23595800653e8,androidx/lifecycle/Lifecycle$Event$WhenMappings,9,16,56.25
0341aa4ddec3e6b2,androidx/work/OverwritingInputMerger,9,9,100.0
8bbc20c2f9b52346,androidx/lifecycle/DefaultLifecycleObserverAdapter$WhenMappings,9,16,56.25
5a2e78b4a7b6bc98,androidx/room/util/DBUtil__DBUtil_androidKt$performSuspending$lambda$1$$inlined$internalPerform$1,9,39,23.08
3bfdbfd8fcf97914,kotlinx/coroutines/DispatchedCoroutine,9,24,37.5
df971add4e637af9,androidx/lifecycle/Lifecycling,9,90,10.0
5aab913703eb1a73,org/fossify/calendar/models/DayMonthly,9,52,17.31
47a486de433cc0ca,androidx/work/impl/utils/taskexecutor/WorkManagerTaskExecutor,9,9,100.0
2f724ea9628a71ce,kotlin/collections/CollectionsKt__CollectionsJVMKt,9,43,20.93
1643fb0943fd0403,androidx/room/RoomDatabase$Callback,9,16,56.25
221a1c8896e51acc,kotlinx/coroutines/BuildersKt__BuildersKt,9,22,40.91
0222c6b2640d4277,org/joda/time/field/DividedDateTimeField,9,43,20.93
1ace98e3e506542b,com/duolingo/open/rtlviewpager/DelegatingPagerAdapter,9,25,36.0
47ce3c993f296777,androidx/room/coroutines/FlowUtil$createFlow$$inlined$map$1$2,9,18,50.0
a43e45f6c31089ff,androidx/work/NetworkType,9,11,81.82
1afb9b9a0a14f804,androidx/appcompat/widget/ViewUtils,9,36,25.0
d86ac3e230cb90eb,androidx/tracing/Trace,9,79,11.39
c4479396b204a9d4,androidx/arch/core/internal/FastSafeIterableMap,9,11,81.82
31ab30f50ad367ad,kotlinx/coroutines/internal/DispatchedContinuationKt,9,135,6.67
c0064f5f9994829d,androidx/work/ListenableFutureKt,9,28,32.14
4ce57915d4aa544c,com/google/gson/internal/GsonTypes$WildcardTypeImpl,9,29,31.03
ac0e2faee1621fb6,androidx/work/impl/StartStopTokens$Companion,9,10,90.0
9ab72b36b8dda428,kotlinx/coroutines/channels/ChannelSegment,9,55,16.36
c71a0a2ab1153952,kotlin/collections/builders/MapBuilder$Companion,9,9,100.0
06454263503139b0,androidx/work/WorkInfo$State,9,17,52.94
0dcfe52290c0de14,androidx/core/content/ContextCompat,9,121,7.44
ad448d5dfbf2a5ae,kotlin/internal/jdk8/JDK8PlatformImplementations$ReflectSdkVersion,9,14,64.29
a809cf28eaba0307,androidx/lifecycle/ProcessLifecycleOwner$attach$1,9,13,69.23
dfea7a10c6754cdf,kotlinx/coroutines/flow/internal/ChannelFlow,9,56,16.07
a5c325af39cef6f1,androidx/sqlite/db/framework/FrameworkSQLiteOpenHelper$OpenHelper$Companion,9,10,90.0
e1b17d73c470e76e,kotlinx/coroutines/flow/FlowKt__DistinctKt,9,15,60.0
39ac354865398194,androidx/room/InvalidationTracker$syncBlocking$1,8,12,66.67
60d14bafff4c3463,androidx/sqlite/driver/SupportSQLiteStatement,8,10,80.0
28bf3d3667382a32,org/fossify/commons/FossifyApp,8,10,80.0
ac39ff3a3b7d10dd,com/duolingo/open/rtlviewpager/RtlViewPager$ReversingAdapter,8,41,19.51
6f4ba9f3ee6a01dd,com/google/gson/ToNumberPolicy,8,10,80.0
6329067e5ee4aaf1,kotlinx/coroutines/CoroutineScopeKt,8,30,26.67
f29ae346c83a409b,androidx/profileinstaller/ProfileVerifier$Cache,8,40,20.0
0eb30414bb51e874,com/duolingo/open/rtlviewpager/RtlViewPager$ReversingOnPageChangeListener,8,22,36.36
939412c13069609a,androidx/emoji2/text/EmojiCompat$ListenerDispatcher,8,14,57.14
8a715f0de863bcdc,androidx/recyclerview/widget/RecyclerView$State,8,31,25.81
35207199bd8790fb,androidx/lifecycle/LifecycleRegistry$Companion,8,10,80.0
e65e79a0f79459a0,kotlin/sequences/FilteringSequence$iterator$1,8,26,30.77
827111b502462874,com/google/android/material/appbar/ViewOffsetHelper,8,23,34.78
a9b784f8b314840d,androidx/fragment/app/DefaultSpecialEffectsController$SpecialEffectsInfo,8,13,61.54
19142037c7bb7cc3,androidx/sqlite/driver/SupportSQLiteStatement$Companion$TransactionOperation,8,10,80.0
a57826c55851e187,androidx/collection/IndexBasedArrayIterator,8,12,66.67
dba49d1e6ef50aaa,androidx/activity/OnBackPressedDispatcher$addCallback$lifecycleObserver$1,8,18,44.44
3d00d608f71c6ef3,androidx/lifecycle/LifecycleRegistry$ObserverWithState,8,11,72.73
f184e4f790a3e738,kotlin/collections/EmptyList,8,50,16.0
1d8ce3ef77af3334,kotlinx/coroutines/CoroutineDispatcher,8,18,44.44
229555d2ee1c6245,androidx/lifecycle/ViewModelProvider$Companion,8,18,44.44
a6216925599b1db7,androidx/core/app/CoreComponentFactory,8,11,72.73
369b4588dba5eb85,androidx/core/view/MenuHostHelper,8,53,15.09
231c74b1f3a07f38,androidx/fragment/app/FragmentHostCallback,8,28,28.57
f68861092cadf811,org/fossify/commons/views/MyTextView,8,15,53.33
510c79094b06f888,androidx/work/impl/WorkDatabasePathHelper,8,39,20.51
a1e17ed9a27236df,androidx/work/impl/utils/ProcessUtils,8,34,23.53
1f309bfb670ef875,org/fossify/commons/activities/BaseSimpleActivity$installFontInflaterFactory$1,8,10,80.0
abe67811cc4afc0b,androidx/constraintlayout/core/widgets/analyzer/DependencyGraph,8,673,1.19
17679f801ff634af,org/joda/time/chrono/BasicYearDateTimeField,8,37,21.62
11d41062fc2cb655,androidx/savedstate/SavedStateRegistryController,8,10,80.0
0487df41c61511d2,androidx/room/TriggerBasedInvalidationTracker$notifyInvalidation$2$invalidatedTableIds$1$1,8,12,66.67
4cb8873edd7c32fc,androidx/appcompat/widget/AppCompatEmojiTextHelper,8,14,57.14
9dc9d49f6254af13,androidx/work/Data$Builder,8,80,10.0
754be0810cb6453e,androidx/room/coroutines/RunBlockingUninterruptible_androidKt$runBlockingUninterruptible$1,8,15,53.33
17023be700eae859,androidx/room/coroutines/PassthroughConnection$withTransaction$2,8,12,66.67
e1c6d661f188b258,androidx/room/coroutines/PassthroughConnectionPool$useConnection$2,8,12,66.67
892f5d39582260b6,androidx/room/TriggerBasedInvalidationTracker$refreshInvalidationAsync$3,8,16,50.0
3c0667f939571e24,androidx/room/util/DBUtil__DBUtil_androidKt$performBlocking$1$1$invokeSuspend$$inlined$internalPerform$1$1,8,9,88.89
6e7c078c49bae4dd,org/joda/time/DateTimeUtils,8,99,8.08
6ef4c2aca290a257,androidx/work/impl/UnfinishedWorkListenerKt$maybeLaunchUnfinishedWorkListener$2,8,9,88.89
39469760a76d6589,kotlinx/coroutines/CancellableContinuationKt,8,48,16.67
5dd64ab7f35128f8,androidx/work/impl/model/WorkNameDao_Impl,8,34,23.53
8598e39f7ed76c2b,androidx/recyclerview/widget/OrientationHelper,8,13,61.54
54174acb7a2561a0,kotlinx/coroutines/scheduling/TasksKt,8,15,53.33
7b3fb28e48210cf9,androidx/savedstate/SavedStateRegistry,8,24,33.33
7090d1a058c2cc7f,kotlinx/coroutines/flow/internal/SafeCollector_commonKt,8,27,29.63
b82c8218d3683cb2,androidx/room/RoomDatabase$JournalMode,8,16,50.0
80d8412315c1fa2c,androidx/work/impl/utils/IdGeneratorKt,8,31,25.81
27ab1a1c9118529d,kotlin/collections/builders/ListBuilderKt,8,41,19.51
308338f5fa480469,kotlinx/coroutines/flow/FlowKt__ErrorsKt$catchImpl$2,8,16,50.0
746ff4f3c422f2c6,androidx/work/CoroutineWorker$startWork$1,8,12,66.67
8d5cb4d7651c7a25,com/google/android/material/appbar/ViewUtilsLollipop,8,19,42.11
88b17889094647c3,kotlinx/coroutines/channels/ConflatedBufferedChannel,8,55,14.55
11a8c163910d9f79,androidx/sqlite/db/framework/FrameworkSQLiteProgram,8,11,72.73
2d6740cd39b46ad1,kotlinx/coroutines/flow/FlowKt__TransformKt$onEach$$inlined$unsafeTransform$1$2,8,15,53.33
04143bde2debc4d6,androidx/constraintlayout/core/SolverVariable$Type,8,10,80.0
c6c1e5767b703e3a,kotlin/coroutines/intrinsics/IntrinsicsKt__IntrinsicsJvmKt,8,57,14.04
a3c90b4990d36f50,androidx/recyclerview/widget/ChildHelper,8,93,8.6
659350b4aa6ce059,org/fossify/commons/extensions/DrawableKt,8,15,53.33
c8c0f7f7ad904db9,androidx/work/OneTimeWorkRequest$Builder,8,16,50.0
dbf8bac46e54c04d,androidx/appcompat/view/ActionBarPolicy,8,36,22.22
f8dec6f563efda87,androidx/lifecycle/viewmodel/internal/ViewModelProviders,8,35,22.86
363335176fd2c3bc,androidx/concurrent/futures/CallbackToFutureAdapter$SafeFuture,8,18,44.44
3086e635e02fc1d3,androidx/work/impl/background/systemjob/JobSchedulerExtKt,8,45,17.78
883b0405d5b2cec3,androidx/room/util/DBUtil__DBUtil_androidKt$performBlocking$1,8,12,66.67
48984d93d519775d,com/google/android/material/floatingactionbutton/FloatingActionButton$ShadowDelegateImpl,8,10,80.0
bcd5368ecc458175,androidx/sqlite/driver/SupportSQLiteDriver,8,27,29.63
7c75bef25ddb1829,kotlinx/coroutines/internal/ResizableAtomicArray,8,14,57.14
1ba5cbbbdae1f56c,androidx/lifecycle/ProcessLifecycleInitializer,8,10,80.0
e5b3c7fe4776e2a8,androidx/core/view/WindowInsetsCompat$Builder,8,36,22.22
568bb627e6169123,androidx/lifecycle/DefaultLifecycleObserverAdapter,8,14,57.14
27c87ed96911ffc4,androidx/fragment/app/DefaultSpecialEffectsController$AnimationInfo,8,10,80.0
d69bbc153c8e81d6,androidx/core/util/Pools$SynchronizedPool,8,10,80.0
ace536b096916b1d,kotlinx/coroutines/flow/internal/ChannelFlow$collect$2,8,12,66.67
077eefbf97f228e9,androidx/room/TriggerBasedInvalidationTracker$createFlow$1$1,8,12,66.67
ff92934f2c520084,androidx/sqlite/driver/SupportSQLiteConnection,7,9,77.78
901c2a9d17d7455b,androidx/work/ConfigurationKt,7,16,43.75
8ee31b2f7e83a355,androidx/work/Logger$LogcatLogger,7,41,17.07
87e1598c054cb33b,androidx/constraintlayout/core/SolverVariable,7,72,9.72
55a00aa5573a9009,androidx/fragment/app/strictmode/WrongNestedHierarchyViolation,7,9,77.78
3e4c1dcc5e1e3dcd,kotlin/coroutines/AbstractCoroutineContextElement,7,7,100.0
f213dfb2f047c5b3,androidx/core/graphics/Insets,7,31,22.58
0b7a843a3076b741,androidx/appcompat/widget/ForwardingListener,7,119,5.88
9c67dfd42c7c7fb0,kotlin/internal/ProgressionUtilKt,7,22,31.82
f5206d701784ef15,org/joda/time/field/RemainderDateTimeField,7,32,21.88
0c32d925b965e4b1,androidx/work/WorkRequest,7,7,100.0
fe06df07a332baef,androidx/savedstate/SavedStateRegistryController$Companion,7,7,100.0
ffe2f14069707edb,androidx/sqlite/driver/SupportSQLiteStatement$TransactionSQLiteStatement$WhenMappings,7,12,58.33
150e3e3e7a96e087,androidx/work/impl/background/systemjob/SystemJobInfoConverter$1,7,12,58.33
97a264e5557eb761,androidx/lifecycle/LifecycleDispatcher,7,8,87.5
8e3d3c6d780e73d3,kotlin/collections/EmptySet,7,28,25.0
0e4e07d1dff72fd4,kotlin/text/StringsKt__StringsJVMKt,7,334,2.1
f813546d98bfbd39,com/google/android/material/shape/MaterialShapeDrawable$2,7,7,100.0
e21a1bf6063415f1,kotlinx/coroutines/ThreadLocalEventLoop,7,10,70.0
1ecb836c2a421dda,androidx/core/app/ComponentActivity,7,61,11.48
1806273a1c681929,androidx/lifecycle/Lifecycle$Event$Companion$WhenMappings,7,12,58.33
48799c1a55886395,androidx/room/RoomConnectionManager$SupportOpenHelperCallback,7,12,58.33
967cfe0ffcc7ce54,androidx/room/coroutines/PassthroughConnectionPool$ConnectionElement,7,9,77.78
d0ff0381e83339b3,androidx/room/Room,7,48,14.58
343b71f32bdc2558,kotlinx/coroutines/scheduling/CoroutineScheduler$WorkerState,7,10,70.0
d62be83e91c94c80,androidx/emoji2/text/ConcurrencyHelpers,7,10,70.0
514dea60a8ff50b0,kotlin/collections/AbstractIterator,7,18,38.89
e881442aca6555a1,org/fossify/calendar/jobs/CalDAVUpdateListener,7,37,18.92
8251d0a8cdb884c7,androidx/room/util/MigrationUtil,7,52,13.46
900ee92ea26d48ff,androidx/emoji2/viewsintegration/EmojiTextViewHelper$SkippingHelper19,7,18,38.89
67cad76ae53d21d8,androidx/work/impl/model/PreferenceDao_Impl$1,7,9,77.78
08b559514db02002,androidx/recyclerview/widget/RecyclerView$Adapter,7,62,11.29
6552c643491fae55,com/google/android/material/internal/ViewUtils,7,105,6.67
dfe1f4cf438ac4d3,androidx/activity/OnBackPressedDispatcherKt,7,10,70.0
df21da33023b4385,androidx/work/impl/utils/IdGenerator,7,14,50.0
5f6e111bb10633c5,androidx/work/impl/ToContinuation,7,13,53.85
8a5658c377a899f5,androidx/appcompat/app/AppCompatDelegateImpl$AppCompatWindowCallback,7,81,8.64
a834444ad84d2112,com/google/android/material/resources/MaterialAttributes,7,32,21.88
92f134f07ac6998e,androidx/sqlite/driver/SupportSQLiteStatement$TransactionSQLiteStatement,7,41,17.07
854dafb0b85e1fef,org/fossify/commons/extensions/ResourcesKt,7,35,20.0
21e85ec266940c34,org/fossify/calendar/fragments/MonthFragmentsHolder$setupFragment$1$1,7,14,50.0
d82ecd46c59da55f,androidx/work/WorkManagerInitializer,7,7,100.0
7bd27e8b9080701c,kotlinx/coroutines/flow/internal/ChannelFlowOperator,7,25,28.0
cef117746d113167,kotlinx/coroutines/internal/SystemPropsKt,7,8,87.5
79b337611318ab4f,androidx/recyclerview/widget/OrientationHelper$1,7,25,28.0
01e3ed579b86603d,androidx/activity/OnBackPressedDispatcher$OnBackPressedEventInput,7,17,41.18
4a89c5acfdc515c0,kotlinx/coroutines/flow/FlowKt__ErrorsKt$retryWhen$$inlined$unsafeFlow$1,7,22,31.82
516a60bbe7d30175,androidx/work/impl/model/SystemIdInfoDao_Impl$1,7,7,100.0
dc0236ba25b2b088,kotlin/jvm/JvmClassMappingKt,7,67,10.45
fbac2689e2b5f81c,androidx/work/impl/model/WorkGenerationalId,7,19,36.84
1267489374748942,kotlinx/coroutines/channels/ChannelKt,7,44,15.91
64da9a9b264e1815,kotlin/ranges/IntProgression,6,33,18.18
06852b5ddbdc0e32,kotlinx/coroutines/flow/FlowKt__CollectKt$launchIn$1,6,12,50.0
3e5e611dff29a821,kotlin/UnsafeLazyImpl,6,14,42.86
2383987c8f51acfe,androidx/appcompat/app/AppCompatActivity$2,6,6,100.0
f8dce7d1924c4d11,org/fossify/calendar/databinding/FragmentMonthsHolderBinding,6,12,50.0
83a6d83b9cf0173e,androidx/room/Transactor$SQLiteTransactionType,6,8,75.0
c494a531d6cdbf09,androidx/work/WorkManager,6,14,42.86
3899c3311e9a25b1,androidx/core/view/WindowInsetsCompat$Impl,6,50,12.0
4afc1bf3e97120e8,androidx/room/RoomDatabaseKt__RoomDatabase_androidKt,6,42,14.29
1b569d660d5d03c9,org/fossify/commons/extensions/ViewKt$onGlobalLayout$1,6,7,85.71
90003fb490223759,kotlin/LazyKt__LazyJVMKt,6,11,54.55
2fb6cbd54c2da096,kotlin/collections/builders/MapBuilder$KeysItr,6,7,85.71
ea5a9813bfbef52f,androidx/room/RoomMasterTable,6,6,100.0
4151864901b8fe7e,kotlinx/coroutines/CoroutineStart$WhenMappings,6,10,60.0
cdb7890971d6c58e,kotlinx/coroutines/JobImpl,6,21,28.57
cb813a4647236e1e,androidx/fragment/app/FragmentStateManager$2,6,10,60.0
2f260f332bb99aae,androidx/work/impl/constraints/trackers/ConstraintTracker,6,44,13.64
e1477e06f0242e4f,com/google/gson/LongSerializationPolicy,6,8,75.0
8c63b69dc60a9db8,androidx/emoji2/viewsintegration/EmojiTransformationMethod,6,15,40.0
e33cf84b79ca53e2,androidx/coordinatorlayout/widget/CoordinatorLayout$Behavior,6,51,11.76
b7d89f7955d4c41b,androidx/work/impl/utils/NetworkRequestCompat,6,23,26.09
e95f5b1f2bb6908e,androidx/work/impl/model/WorkTagDao_Impl$1,6,6,100.0
205da1849992f9c0,androidx/core/view/WindowInsetsControllerCompat,6,29,20.69
70aefaed86624df8,androidx/constraintlayout/widget/ConstraintLayout$1,6,10,60.0
106383017e106494,androidx/core/view/ViewConfigurationCompat,6,74,8.11
24fb3a517f6f03d4,androidx/room/util/SQLiteStatementUtil__StatementUtilKt,6,21,28.57
67ed92923a8385d4,androidx/work/CoroutineWorker,6,18,33.33
f94093bd6d77e5a0,kotlinx/coroutines/CompletedContinuation,6,57,10.53
af356adc8c999347,kotlinx/coroutines/UndispatchedMarker,6,7,85.71
bdf0199154eb82ca,kotlin/jvm/internal/TypeIntrinsics,6,209,2.87
d3fc525745fbee00,kotlin/LazyThreadSafetyMode,6,8,75.0
61ef74545258c5bb,androidx/emoji2/viewsintegration/EmojiEditTextHelper$HelperInternal19,6,14,42.86
18c8089e1dfadff3,androidx/work/impl/model/WorkNameDao_Impl$1,6,6,100.0
44531950b367e411,androidx/core/view/ViewCompat$Api21Impl$1,6,14,42.86
ff7a790ec70a0304,com/google/gson/FormattingStyle,6,16,37.5
df8598064f3c8236,androidx/fragment/app/SpecialEffectsController$Operation$LifecycleImpact,6,7,85.71
8d95d5e57345e997,androidx/core/os/CancellationSignal,6,47,12.77
4b165d608e5a2aeb,org/fossify/calendar/App,6,7,85.71
1e1fce460284c1c0,kotlinx/coroutines/flow/internal/ChannelFlowOperatorImpl,6,12,50.0
0b6452e1835d69f4,androidx/fragment/app/SpecialEffectsController$Operation$State$WhenMappings,6,10,60.0
1109a0a3354bc7da,androidx/emoji2/viewsintegration/EmojiInputFilter,6,34,17.65
a626b6ad37667c92,androidx/lifecycle/ProcessLifecycleOwner$attach$1$onActivityPreCreated$1,6,6,100.0
0e9c9b68aadf6c8e,androidx/work/WorkManager$Companion,6,10,60.0
005f17ae7c6cf82e,kotlin/coroutines/ContinuationInterceptor$DefaultImpls,6,22,27.27
c63ba20508d94f51,androidx/appcompat/widget/Toolbar$ExpandedActionViewMenuPresenter,6,55,10.91
e27434b608b55dad,androidx/work/ConfigurationKt$createDefaultExecutor$factory$1,6,7,85.71
bb4933f103c99f40,androidx/appcompat/widget/TintContextWrapper,6,54,11.11
b80b2023f5d3a9b7,kotlin/ranges/RangesKt___RangesKt,6,535,1.12
73e85755a8694898,androidx/viewpager/widget/PagerAdapter,6,28,21.43
2c81492f51d0982a,androidx/recyclerview/widget/GapWorker,6,115,5.22
e2f5c8712df06b2a,org/fossify/calendar/databinding/MonthViewBackgroundBinding,6,11,54.55
140d51dd8f9c262b,org/fossify/commons/extensions/Activity_themesKt,6,187,3.21
0b8db218c7ca4228,kotlinx/coroutines/flow/StateFlowKt,6,39,15.38
d0c8276156d415de,kotlinx/coroutines/JobKt,6,30,20.0
919e669f7869aba5,androidx/room/util/StringUtil,6,29,20.69
dc76524f4e03653a,kotlinx/coroutines/CompletableDeferredKt,6,11,54.55
14ef2e8a214ec634,org/joda/time/field/DecoratedDateTimeField,6,14,42.86
5b5904d1ce7e0c58,kotlinx/coroutines/flow/internal/ChannelFlow$collectToFun$1,6,12,50.0
b3baa8e786de183d,kotlinx/coroutines/JobNode,6,8,75.0
fe5884b0b7e790d0,androidx/concurrent/futures/CallbackToFutureAdapter,6,10,60.0
0420ceac0a496d23,org/fossify/calendar/databinding/MonthViewBinding,6,12,50.0
4f8835c5a06d1fd8,org/joda/time/chrono/BasicDayOfMonthDateTimeField,6,26,23.08
3bd1d57c203b136c,androidx/savedstate/Recreator,6,35,17.14
6f068982b77fdf67,org/fossify/calendar/activities/SplashActivity,6,29,20.69
c8160359074c32ad,androidx/customview/view/AbsSavedState,6,17,35.29
6b434d969a196a71,androidx/room/ObservedTableStates$ObserveOp,6,8,75.0
df3ee7bbf3a45deb,androidx/lifecycle/EmptyActivityLifecycleCallbacks,6,8,75.0
ea7e64835a71d3b2,androidx/work/ExistingWorkPolicy,6,9,66.67
dd1c051b8f9ae8d4,com/google/gson/internal/bind/NumberTypeAdapter,6,15,40.0
04dcf5e55f70b118,org/fossify/calendar/databinding/FragmentMonthBinding,6,12,50.0
806dcff246383e27,org/joda/time/UTCDateTimeZone,6,12,50.0
6cafdddde00966b8,androidx/emoji2/viewsintegration/EmojiTextViewHelper,6,14,42.86
8bad2c8dd70897e1,kotlinx/coroutines/CompletionStateKt,6,20,30.0
8c832787f1ba1ac9,com/google/android/material/appbar/AppBarLayout$Behavior,5,21,23.81
d0c4b184f6954f58,androidx/startup/InitializationProvider,5,12,41.67
5799ce214eca8792,androidx/recyclerview/widget/RecyclerViewAccessibilityDelegate,5,28,17.86
6b6b84106e4f69c4,org/joda/time/chrono/ISOYearOfEraDateTimeField,5,22,22.73
d32afce360207ef1,com/google/android/material/resources/MaterialResources,5,72,6.94
61c8efb3f378dc2f,kotlinx/coroutines/internal/ConcurrentLinkedListNode,5,78,6.41
9696c03dabb2f44f,androidx/room/coroutines/PassthroughConnection$WhenMappings,5,8,62.5
5512af5df4675751,kotlinx/coroutines/channels/BufferOverflow,5,8,62.5
6f2fdef04269fa18,androidx/lifecycle/ProcessLifecycleOwner$Companion,5,6,83.33
0fd2fd0106283543,androidx/work/InputMergerKt,5,7,71.43
bae4124c839f9af5,org/fossify/calendar/databases/EventsDatabase$Companion$getInstance$1$1,5,5,100.0
6a39707822fbd151,androidx/core/content/res/ResourcesCompat$FontCallback,5,8,62.5
7ed4f49952c10a87,com/google/android/material/animation/AnimationUtils,5,11,45.45
be99811a75968822,androidx/work/impl/StartStopTokens,5,7,71.43
6ec22fbb8f8cc4cf,androidx/work/DirectExecutor,5,9,55.56
2d18ac1060f9fbab,androidx/lifecycle/ViewModelProvider$Factory,5,8,62.5
d06ea3b0bff9667b,kotlinx/coroutines/intrinsics/CancellableKt,5,29,17.24
aa6b0305983a6330,androidx/room/TriggerBasedInvalidationTracker$Companion,5,5,100.0
7b02ef4149893fa2,org/joda/time/base/AbstractDateTime,5,38,13.16
691b20a00245e161,androidx/fragment/app/SpecialEffectsController$Operation$WhenMappings,5,8,62.5
851dc4c6f26bd947,androidx/recyclerview/widget/LinearLayoutManager$AnchorInfo,5,46,10.87
3ed1259265b3e5f3,kotlin/text/Regex,5,96,5.21
5ef0158f5fe5cf80,com/google/android/material/internal/VisibilityAwareImageButton,5,9,55.56
42ffac0502e7ff2d,androidx/core/view/WindowCompat$Api30Impl,5,7,71.43
ab23114aa5e98cbf,androidx/appcompat/widget/VectorEnabledTintResources,5,56,8.93
a8dced976b23b52e,androidx/work/BackoffPolicy,5,7,71.43
4a8eb0b6f5be04c9,kotlin/sequences/SequencesKt___SequencesKt$sortedWith$1,5,5,100.0
0ab9c965f434bc89,org/joda/time/field/PreciseDurationField,5,21,23.81
cc25fb05a1965d38,kotlin/sequences/SequencesKt__SequencesKt,5,56,8.93
de9ebfccf6b9447c,androidx/sqlite/SQLite,5,14,35.71
7e0f7c746f8cde4a,kotlinx/coroutines/BuildersKt,5,8,62.5
8b740dd6774d322d,kotlin/coroutines/EmptyCoroutineContext,5,9,55.56
9646070b3f80a2c4,androidx/constraintlayout/core/PriorityGoalRow,5,57,8.77
9b44f93664d3eacd,org/joda/time/field/MillisDurationField,5,32,15.62
c987f5fd7c4d2cbc,androidx/work/ListenableWorker,5,35,14.29
729bf6f0412b6194,androidx/emoji2/viewsintegration/EmojiEditTextHelper,5,17,29.41
d411771ca62489d6,androidx/work/impl/constraints/trackers/NetworkStateTracker24,5,32,15.62
495257524535ee38,kotlin/LazyKt__LazyJVMKt$WhenMappings,5,8,62.5
9275f77e63b61ba6,androidx/work/impl/WorkManagerImplExtKt$WorkManagerImpl$1,5,5,100.0
87848fe01c97d9c0,androidx/appcompat/widget/DrawableUtils,5,32,15.62
8a444bbb9292d653,androidx/work/impl/utils/PreferenceUtils,5,50,10.0
423c2225370fea51,androidx/work/impl/WorkLauncherImpl,5,9,55.56
93ee9f6f6a5aeb8c,kotlin/internal/jdk8/JDK8PlatformImplementations,5,22,22.73
9eca269c3d3e0832,kotlinx/coroutines/internal/SystemPropsKt__SystemPropsKt,5,6,83.33
09c6698e38f075e7,androidx/fragment/app/Fragment$2,5,7,71.43
bc3fdbbbf01462f0,androidx/appcompat/app/AppCompatDelegateImpl$2,5,8,62.5
b4bbd90e6b5a2386,com/google/gson/internal/sql/SqlTypesSupport,5,8,62.5
8f359b341ef3679f,androidx/activity/ComponentActivity$4,5,5,100.0
978148e89b0b2113,kotlin/collections/EmptyMap,5,32,15.62
8be72fe98a5163ed,androidx/recyclerview/widget/ViewInfoStore,5,85,5.88
abb5afa5b43ac626,androidx/work/InputMergerFactory,5,6,83.33
7863099849de5e66,androidx/viewbinding/ViewBindings,5,8,62.5
acedc39a6dd53cff,androidx/core/view/AccessibilityDelegateCompat,5,61,8.2
85d3cd5d277ff1af,org/fossify/calendar/databinding/TopNavigationBinding,5,15,33.33
6fbf5bd7876f6d75,androidx/emoji2/text/EmojiCompatInitializer$LoadEmojiCompatRunnable,5,7,71.43
04170f41ef4dc29f,androidx/collection/LruCache,5,131,3.82
5f974b3c0c5d7e69,kotlinx/coroutines/internal/LockFreeTaskQueueCore$Companion,5,10,50.0
3803d0bd6d6a1379,org/joda/time/field/BaseDurationField,5,18,27.78
30798682b5c75df0,androidx/appcompat/view/WindowCallbackWrapper,5,29,17.24
19d32e42e6a927ea,androidx/lifecycle/SavedStateHandleAttacher,5,9,55.56
96add7e2fa082c46,kotlin/sequences/ConstrainedOnceSequence,5,6,83.33
3c1809d0249d3e5f,androidx/work/impl/model/WorkSpec$Companion,5,25,20.0
2c488d2181ee0790,org/joda/time/format/DateTimeFormatterBuilder$PaddedNumber,5,13,38.46
e9fb1c47c895ba34,androidx/work/impl/model/WorkTagDao,5,7,71.43
9362d8d0981d84f9,androidx/lifecycle/ViewModel,5,34,14.71
e8593de61aba9861,androidx/room/TriggerBasedInvalidationTracker$syncTriggers$2$1$1$1$WhenMappings,5,8,62.5
caeecff49a5e5031,kotlinx/coroutines/flow/CallbackFlowBuilder,5,23,21.74
ab00582dad8f3124,androidx/work/OutOfQuotaPolicy,5,7,71.43
c3b645c78cbb0d4c,androidx/constraintlayout/core/widgets/ConstraintWidget$DimensionBehaviour,5,6,83.33
39f8906d24965aa2,androidx/room/DatabaseConfiguration,5,106,4.72
b17e6a5368ff8416,org/joda/time/DateTimeFieldType$StandardDateTimeFieldType,5,57,8.77
5797a9deb9af783d,androidx/work/impl/background/greedy/DelayedWorkTracker,5,14,35.71
05b29e85d3b2df78,androidx/recyclerview/widget/LinearLayoutManager$LayoutState,5,38,13.16
552ac92e3004b407,androidx/activity/ComponentActivity$ReportFullyDrawnExecutorImpl,4,34,11.76
3098cd6f12b31f58,kotlin/collections/CollectionsKt__IterablesKt,4,26,15.38
fd5ad9fd71d0756a,androidx/work/impl/model/WorkTag,4,4,100.0
3491eecdf8cebab3,org/fossify/calendar/activities/MainActivity$special$$inlined$viewBinding$1,4,4,100.0
5126948f31e40c7c,kotlinx/coroutines/CompletableDeferredImpl,4,9,44.44
c53baa1113eab48a,kotlinx/coroutines/CoroutineDispatcher$Key,4,7,57.14
cef720a3d8e886ee,androidx/lifecycle/MutableLiveData,4,4,100.0
8de8bcfdaa9473f7,kotlinx/coroutines/ExecutorCoroutineDispatcher$Key,4,7,57.14
8724e8df7f2fe87c,androidx/sqlite/db/SupportSQLiteOpenHelper$Configuration$Companion,4,4,100.0
f66cbc86aa338807,androidx/work/impl/DefaultRunnableScheduler,4,5,80.0
87154da547c33410,kotlin/sequences/GeneratorSequence,4,5,80.0
3858c61db80ba7ef,androidx/sqlite/db/SupportSQLiteCompat$Api21Impl,4,4,100.0
1416e50ace832637,com/google/gson/internal/bind/JsonAdapterAnnotationTypeAdapterFactory,4,50,8.0
7edf471b24a2dcdb,androidx/work/impl/constraints/NetworkRequestConstraintController,4,17,23.53
f4e7cdaf4b9b131c,org/joda/time/field/ImpreciseDateTimeField$LinkedDurationField,4,16,25.0
f09be23cf933ea48,kotlinx/coroutines/EventLoopImplPlatform,4,8,50.0
fe5ede3e24c0d543,androidx/work/impl/constraints/controllers/NetworkMeteredController,4,23,17.39
58fab761cabb2cc9,androidx/constraintlayout/core/widgets/ConstraintAnchor$Type,4,5,80.0
2bd4298b5266a1c5,androidx/room/InvalidationTracker$implementation$1,4,4,100.0
8ec0914ef49d610f,androidx/arch/core/executor/DefaultTaskExecutor$1,4,4,100.0
48171cdf1b67fde9,androidx/constraintlayout/core/Cache,4,4,100.0
853fb84c872b0012,com/google/android/material/shape/RoundedCornerTreatment,4,5,80.0
405fd48df2af7c26,org/fossify/calendar/helpers/ConstantsKt,4,26,15.38
2599ab207fff9b24,kotlinx/coroutines/flow/FlowKt__TransformKt$onEach$$inlined$unsafeTransform$1,4,5,80.0
79f67e2b45c05881,kotlin/jvm/internal/FunctionReference,4,38,10.53
f1e0a467c7a3e88c,androidx/work/DefaultWorkerFactory,4,4,100.0
211a6efa8bed06f9,org/fossify/calendar/helpers/Config$Companion,4,4,100.0
657cbb60f3dfaee0,androidx/work/impl/model/WorkName,4,4,100.0
ac54fef4d94668c5,androidx/core/os/TraceCompat,4,41,9.76
84db9b70706314ed,androidx/appcompat/app/AppCompatDelegateImpl$3,4,9,44.44
25cc84740008b2cd,org/fossify/calendar/JacocoInstrument/SMSInstrumentedReceiver,4,7,57.14
e88b840c850d2a20,kotlin/random/Random,4,99,4.04
dea9c0fa902e25ac,kotlin/text/StringsKt__AppendableKt,4,21,19.05
3795eb5dd6b9d9ac,kotlin/sequences/FilteringSequence,4,9,44.44
d3c8011f7e370f3e,androidx/recyclerview/widget/RecyclerView$ViewFlinger,4,125,3.2
25873d9c58a7e4b5,androidx/core/content/res/GrowingArrayUtils,4,48,8.33
1eed7dd560e1dfcc,kotlinx/coroutines/flow/internal/SafeCollectorKt$emitFun$1,4,4,100.0
850ad36c9eeae4b9,androidx/room/coroutines/FlowUtil$createFlow$$inlined$map$1,4,5,80.0
fe1bd2d16741b7bd,androidx/emoji2/text/SpannableBuilder$WatcherWrapper,4,25,16.0
a0457efe22ef006c,org/joda/time/DurationFieldType$StandardDurationFieldType,4,33,12.12
947cd74898febfb8,androidx/room/RoomDatabaseKt,4,10,40.0
2019c44b99938175,kotlinx/coroutines/ExecutorsKt,4,16,25.0
a48717eef10196dc,kotlin/Result,4,31,12.9
80fd80e00637c292,com/google/android/material/ripple/RippleUtils,4,37,10.81
981849738f94f239,androidx/core/view/WindowInsetsCompat$BuilderImpl,4,42,9.52
af62e6978e35d30f,androidx/concurrent/futures/AbstractResolvableFuture$SafeAtomicHelper,4,6,66.67
f8725f10fd79c6ed,org/fossify/commons/views/MyLinearLayoutManager,4,8,50.0
c79aadff983206af,org/joda/time/tz/ZoneInfoProvider$1,4,5,80.0
df48054091652e7a,androidx/room/TransactionExecutor,4,22,18.18
0083dc7dbde6ac3b,androidx/work/NoOpInputMergerFactory,4,4,100.0
7df8cdca383acd46,androidx/appcompat/widget/ThemeUtils,4,37,10.81
d4abfc114c3389d1,kotlin/jvm/internal/Reflection,4,46,8.7
870f59690ee0cddf,kotlin/collections/CollectionsKt__MutableCollectionsKt,4,134,2.99
d5d637ebc608b156,org/fossify/commons/helpers/BaseConfig$Companion,4,4,100.0
4f0d06ca401b74aa,androidx/lifecycle/viewmodel/CreationExtras,4,11,36.36
57b9b54d65d942a4,androidx/work/impl/constraints/trackers/NetworkStateTrackerKt,4,43,9.3
1b16435d8ee79316,androidx/core/view/WindowInsetsCompat$Impl21,4,14,28.57
394bca994650e842,androidx/work/impl/background/systemjob/JobScheduler21,4,4,100.0
6e8d4fb1a6cf3a30,androidx/work/impl/model/Preference,4,25,16.0
23058e4673ec4369,kotlin/SafePublicationLazyImpl,4,20,20.0
dbaccf4208272125,androidx/lifecycle/viewmodel/internal/ViewModelProviderImpl_androidKt,4,10,40.0
c030585e87750ae2,kotlin/coroutines/AbstractCoroutineContextKey,4,11,36.36
7260539afe1f81ed,androidx/emoji2/text/EmojiCompat$CompatInternal19,4,28,14.29
f48328bbf75c0520,androidx/recyclerview/widget/RecyclerView$Adapter$StateRestorationPolicy,4,6,66.67
d53135614a515c4b,androidx/lifecycle/LifecycleRegistryKt,4,9,44.44
4c68369e62dd2e60,kotlinx/coroutines/flow/FlowKt__TransformKt,4,30,13.33
1aa18c9b19f1b141,androidx/emoji2/text/DefaultGlyphChecker,4,16,25.0
405f6ba2fb8796f7,androidx/viewpager/widget/ViewPager$LayoutParams,4,5,80.0
84814c1f6e2f5017,androidx/lifecycle/ProcessLifecycleOwner$Api29Impl,4,4,100.0
8e2c1c0e20cd3447,com/google/gson/internal/Excluder,4,98,4.08
b88ee16cbdeb72b3,kotlin/collections/SetsKt__SetsJVMKt,4,16,25.0
ff2fdc432ee3ab40,androidx/work/impl/constraints/controllers/NetworkNotRoamingController,4,23,17.39
d14b128d7540a056,org/fossify/calendar/helpers/Converters,4,37,10.81
546061481c43ef86,org/fossify/calendar/interfaces/TasksDao_Impl,4,51,7.84
b67c2ee78f0a109a,kotlinx/coroutines/scheduling/SchedulerCoroutineDispatcher,4,22,18.18
b8eb7a4ab014e5a7,kotlin/sequences/DistinctIterator,4,10,40.0
685abb151cea288d,androidx/constraintlayout/core/Pools$SimplePool,4,18,22.22
5f1210c16d33ad99,androidx/recyclerview/widget/RecyclerView$5,4,46,8.7
925b340cd1ba407c,androidx/room/RoomOpenDelegate,4,5,80.0
fa22b94cc3c9bf36,androidx/work/WorkerParameters,4,17,23.53
3eee56388147960c,androidx/core/app/NavUtils,4,44,9.09
b14a2391648931cc,androidx/emoji2/text/EmojiCompat$Config,4,29,13.79
ff39060550b15612,androidx/work/impl/constraints/WorkConstraintsTrackerKt,4,7,57.14
9cfb3096d2c2691f,kotlin/collections/CollectionsKt___CollectionsKt$asSequence$$inlined$Sequence$1,4,4,100.0
464702ad5194d2ad,androidx/lifecycle/ReportFragment$LifecycleCallbacks$Companion,4,4,100.0
0cafa113a3d9ae76,androidx/core/content/res/ResourcesCompat$ColorStateListCacheEntry,3,4,75.0
bf15511bece282f6,androidx/work/impl/model/WorkProgressDao_Impl$Companion,3,3,100.0
d4034d4ad835c137,androidx/concurrent/futures/ResolvableFuture,3,5,60.0
689a6fe7c609c902,org/fossify/calendar/interfaces/CalendarsDao_Impl$Companion,3,3,100.0
349540626db5193d,kotlin/sequences/DistinctSequence,3,3,100.0
51814d82c56cd1e9,androidx/work/impl/model/DependencyDao_Impl$Companion,3,3,100.0
27cd8b40daf9d6fe,androidx/fragment/app/FragmentStateManager$1,3,4,75.0
60aa95ca43c5a63f,androidx/work/OneTimeWorkRequest,3,5,60.0
030ffd29b99e8f07,com/google/gson/TypeAdapter,3,22,13.64
464c447cbbe4811e,androidx/core/view/NestedScrollingChildHelper,3,101,2.97
ae29f0f31e6f507b,org/fossify/calendar/helpers/SmartSwipeRefreshLayout,3,23,13.04
d8a938adb86b98b8,kotlin/coroutines/jvm/internal/DebugProbesKt,3,3,100.0
818e8505dd9d49cc,androidx/work/impl/constraints/trackers/BroadcastReceiverConstraintTracker,3,7,42.86
ef5202fac46c18ca,kotlin/collections/EmptyIterator,3,15,20.0
ed1d81202a7d0769,androidx/fragment/app/strictmode/WrongFragmentContainerViolation,3,4,75.0
96204eef6789067f,androidx/room/util/SQLiteStatementUtil,3,5,60.0
1e077a104cdaf98d,androidx/recyclerview/widget/RecyclerView$ItemAnimator,3,42,7.14
4810af06c48b9ad1,androidx/work/impl/model/WorkSpecDao_Impl$Companion,3,3,100.0
ac5e88dca04a9d97,androidx/core/os/BundleKt,3,53,5.66
812ff51bc808754a,kotlinx/coroutines/channels/ChannelResult$Companion,3,5,60.0
a5e42f375586762e,kotlinx/coroutines/channels/ChannelCoroutine,3,37,8.11
5893e13abb864bae,androidx/core/os/BundleCompat,3,24,12.5
7231c2a86e4f3f50,org/fossify/calendar/extensions/StringKt,3,4,75.0
656ed771b6f8c56a,kotlin/jvm/internal/PropertyReference,3,35,8.57
7a18dd562049a697,androidx/work/impl/model/RawWorkInfoDao_Impl$Companion,3,3,100.0
e1f6e446da979687,androidx/constraintlayout/core/ArrayRow,3,311,0.96
a9ccdc8382b1ee58,androidx/work/CoroutineWorker$DeprecatedDispatcher,3,8,37.5
a1b4e35a116ec22f,androidx/emoji2/viewsintegration/EmojiKeyListener,3,13,23.08
16a0b4d4ef8acc3d,androidx/fragment/app/FragmentManager$PopBackStackState,3,9,33.33
fb2b9eb4a5eef9a3,kotlin/Pair,3,22,13.64
4cfb41abae31b2b7,kotlinx/coroutines/Job$DefaultImpls,3,21,14.29
75509c289c411ce5,androidx/fragment/app/strictmode/SetUserVisibleHintViolation,3,4,75.0
b1c7af478461bb3c,kotlinx/coroutines/channels/ProducerCoroutine,3,11,27.27
66e7976ca4207780,androidx/room/InvalidationLiveDataContainer,3,12,25.0
69274ffb515e35af,org/fossify/calendar/interfaces/EventsDao_Impl$Companion,3,3,100.0
d91270f106b69d6d,androidx/work/impl/model/WorkTagDao_Impl$Companion,3,3,100.0
55f206a0ebd6dadf,com/google/gson/internal/bind/ObjectTypeAdapter,3,48,6.25
13bc9c2d1369a69f,kotlin/coroutines/intrinsics/CoroutineSingletons,3,6,50.0
b1bebdf64b63dd41,kotlin/jvm/internal/CallableReference$NoReceiver,3,4,75.0
0f0be1cc0ec95a82,kotlin/collections/ArrayAsCollection,3,27,11.11
7fdd7051c77eba61,androidx/work/impl/model/WorkNameDao_Impl$Companion,3,3,100.0
346dd98637c77095,androidx/fragment/app/Fragment$6,3,6,50.0
9724da2d247d4b91,androidx/core/util/ObjectsCompat,3,13,23.08
0eba6f9d1d542e8d,androidx/work/impl/WorkerWrapper$Resolution$Finished,3,3,100.0
38aba27ce59be45c,androidx/sqlite/db/framework/FrameworkSQLiteOpenHelperFactory,3,3,100.0
5c4e272271206167,androidx/sqlite/db/framework/FrameworkSQLiteStatement,3,7,42.86
7b10bd7be0cd4589,androidx/sqlite/db/SupportSQLiteOpenHelper$Configuration,3,9,33.33
90627169c7952daa,androidx/collection/ArraySet$ElementIterator,3,3,100.0
2fb089f92be7e692,androidx/sqlite/db/SupportSQLiteOpenHelper$Callback,3,66,4.55
8cc68b81a546413f,androidx/work/impl/utils/Api28Impl,3,3,100.0
9e92194400e59c6a,androidx/room/TransactorKt,3,7,42.86
6f19f08fae643295,org/joda/time/field/FieldUtils,3,92,3.26
149f2fdba7cb67e6,androidx/room/coroutines/FlowUtil,3,3,100.0
37f58e3507c3357a,org/fossify/commons/activities/AppLockActivityKt,3,7,42.86
e040bfad4bc397bb,androidx/appcompat/widget/FitWindowsFrameLayout,3,7,42.86
e7718f2b78a20365,kotlinx/coroutines/NodeList,3,21,14.29
fe04f363e8393685,org/fossify/commons/views/MyRecyclerView$GestureListener,3,24,12.5
f98aa4bd15853341,androidx/work/impl/model/SystemIdInfo,3,22,13.64
2ffe9265a7d6c1be,kotlin/comparisons/ComparisonsKt__ComparisonsKt,3,81,3.7
08d51aff33dc920a,org/joda/time/DateTime$Property,3,33,9.09
497e600703473e37,org/joda/time/field/ImpreciseDateTimeField,3,18,16.67
e365dccbc3b6c813,kotlin/collections/MapsKt__MapsJVMKt,3,46,6.52
a57e244041272409,androidx/appcompat/app/AppCompatDelegate$SerialExecutor,3,18,16.67
dd0a2b8d6b80d115,com/google/android/material/shape/ShapePath$ShadowCompatOperation,3,4,75.0
a1a32fa9ea2b4832,org/fossify/calendar/interfaces/WidgetsDao_Impl$Companion,3,3,100.0
a08badc3d51d9c6b,androidx/sqlite/db/framework/FrameworkSQLiteOpenHelper$DBRefHolder,3,3,100.0
c4c280c160674024,androidx/core/util/Preconditions,3,73,4.11
d2e26cbcf62e0c39,org/fossify/commons/extensions/AppKt,3,7,42.86
e40a1cd6dce1206f,kotlinx/coroutines/Empty,3,6,50.0
b3659c2b18875ba8,org/joda/time/field/PreciseDateTimeField,3,18,16.67
81fb0a353f4518ec,androidx/room/RoomDatabase$createConnectionManager$3,3,3,100.0
29a3ebcf68292e30,androidx/core/graphics/drawable/DrawableCompat,3,108,2.78
fce4d5b3c43489e8,androidx/activity/OnBackPressedCallbackInfo,3,24,12.5
90b54dfcd9e2f83d,kotlin/random/Random$Default,3,21,14.29
0a80801115841bbe,androidx/navigationevent/NavigationEventTransitionState,3,3,100.0
77eb2c102eae1190,kotlin/collections/AbstractList$Companion,3,45,6.67
9db98a98d6c09d28,kotlinx/coroutines/Dispatchers,3,12,25.0
4d85da835ee9c53f,kotlin/ranges/IntRange,3,35,8.57
6da305b837a76b65,kotlinx/coroutines/GlobalScope,3,3,100.0
f23a624aa2c28e5e,kotlin/random/FallbackThreadLocalRandom,3,3,100.0
b585cd2b895b7d1b,kotlinx/coroutines/NonDisposableHandle,3,6,50.0
a24201c17aaf0c09,kotlin/io/CloseableKt,3,15,20.0
2d5c2b0547536439,androidx/emoji2/text/EmojiCompatInitializer$1,3,3,100.0
2387abbc42fa3ff9,androidx/constraintlayout/core/state/WidgetFrame,3,325,0.92
444fb079844f1539,androidx/work/impl/model/SystemIdInfoDao_Impl$Companion,3,3,100.0
a7131a532ba7fbae,androidx/emoji2/viewsintegration/EmojiInputFilter$InitCallbackImpl,3,30,10.0
67f1612948c4cb6a,kotlinx/coroutines/scheduling/DefaultScheduler,3,11,27.27
8b8a6d25010772d0,androidx/fragment/app/SpecialEffectsController$WhenMappings,3,4,75.0
ae1a7b4760582087,androidx/work/impl/StartStopToken,3,3,100.0
81be924f9ce5fa98,kotlinx/coroutines/flow/internal/NopCollector,3,3,100.0
390d3ed029cfcbbf,androidx/lifecycle/SavedStateHandleSupport$savedStateHandlesVM$1,3,3,100.0
7ed36378d13fc13a,androidx/recyclerview/widget/GapWorker$LayoutPrefetchRegistryImpl,3,40,7.5
39e8924c9b01bd6d,kotlinx/coroutines/SupervisorKt,3,14,21.43
3fc8cb65aa674b1a,kotlin/coroutines/jvm/internal/SuspendLambda,3,8,37.5
625a2efbdcea25a9,androidx/work/impl/utils/WorkForegroundKt,3,8,37.5
6df4b3705bf98b62,androidx/room/util/DBUtil,3,14,21.43
b93a4dd8dee62c20,androidx/room/coroutines/RunBlockingUninterruptible_androidKt,3,3,100.0
e17d4aeadce74135,androidx/core/view/ViewCompat$Api23Impl,3,8,37.5
9fb12a9ec07f0b3b,androidx/work/impl/utils/WorkForegroundUpdater,3,13,23.08
044e757b0835a779,org/joda/time/field/BaseDateTimeField,3,137,2.19
8d73acc4258572b4,androidx/activity/result/ActivityResultRegistry$register$3,3,17,17.65
5ab557ba0b5c48da,kotlinx/coroutines/channels/ChannelResult,3,41,7.32
e468ca7c812c79b2,kotlin/collections/CollectionsKt__MutableCollectionsJVMKt,3,19,15.79
dd29154d50caf609,androidx/lifecycle/LiveData$1,3,4,75.0
fcf8ec9aceb4887a,kotlin/collections/SetsKt__SetsKt,3,31,9.68
56cfbeb3ad1343d8,androidx/work/ListenableWorker$Result$Success,3,12,25.0
511b24d032be11b9,androidx/core/view/WindowInsetsCompat$Type,3,23,13.04
e38d805e94c469c9,com/google/android/material/shape/EdgeTreatment,3,5,60.0
35a7471d59cedd90,org/fossify/calendar/interfaces/TasksDao_Impl$Companion,3,3,100.0
2e4e5e6f03433596,androidx/core/widget/ImageViewCompat,3,45,6.67
fa22a534066c065e,kotlinx/coroutines/EventLoop_commonKt,3,9,33.33
08e7f84266a54127,kotlinx/coroutines/flow/internal/NullSurrogateKt,3,3,100.0
eae99c6b0e56df96,androidx/core/view/SoftwareKeyboardControllerCompat,3,10,30.0
c5ceb2bf3a4f0270,kotlinx/coroutines/scheduling/NanoTimeSource,3,3,100.0
c8a4ff6c13fa5b65,org/fossify/commons/views/MyViewPager,3,15,20.0
dccadb5bdb2d0be6,androidx/recyclerview/widget/ChildHelper$Bucket,3,61,4.92
d9a0dc160ed45c0d,com/google/android/material/internal/ToolbarUtils,3,65,4.62
b3bc811caa482f98,kotlin/jdk7/AutoCloseableKt,3,18,16.67
529791fe0b0c8710,androidx/room/coroutines/PassthroughConnection$PassthroughTransactor,3,6,50.0
ca0bbbbf85add364,androidx/work/impl/utils/SerialExecutorImpl$Task,3,7,42.86
a94ee697109cd0e5,androidx/arch/core/internal/SafeIterableMap$Entry,3,14,21.43
036bd6107f06a5dc,androidx/coordinatorlayout/widget/CoordinatorLayout$HierarchyChangeListener,3,9,33.33
07e2a132650b6470,androidx/appcompat/widget/TooltipCompat,3,5,60.0
479d21dea65c9fab,kotlinx/coroutines/flow/DistinctFlowImpl,3,4,75.0
362dce2293c28c78,androidx/work/WorkerParameters$RuntimeExtras,3,3,100.0
c527c101e34ad8d3,androidx/lifecycle/LifecycleDispatcher$DispatcherActivityCallback,3,3,100.0
4c1a7740cf42b3d4,androidx/work/impl/model/PreferenceDao_Impl$Companion,3,3,100.0
688bf4af0c589f90,kotlin/random/FallbackThreadLocalRandom$implStorage$1,3,3,100.0
2882dd08b8961d1b,androidx/lifecycle/viewmodel/CreationExtras$Companion,2,4,50.0
5949943bbd9340ed,androidx/work/impl/Migration_11_12,2,4,50.0
3f8e69061f18f98a,androidx/work/impl/constraints/controllers/NetworkUnmeteredController,2,19,10.53
d1f3fc3772b44f6a,androidx/work/impl/utils/NetworkRequestCompat$Companion,2,3,66.67
3ba48aed5265c30e,androidx/navigationevent/NavigationEventTransitionState$Idle,2,3,66.67
f25b5c78e4c4aac1,kotlinx/coroutines/AbstractTimeSourceKt,2,34,5.88
8f0db67d1a065b5d,androidx/lifecycle/ViewModelProvider$AndroidViewModelFactory$Companion,2,7,28.57
d4c1e6c5fcb4a685,kotlinx/coroutines/InvokeOnCompletion,2,3,66.67
eb9ae6f05c2c1105,kotlinx/coroutines/Unconfined,2,7,28.57
1a77fc2eb9a87fb4,androidx/work/impl/RescheduleMigration,2,10,20.0
97ba2c05bcf1472b,androidx/work/impl/constraints/trackers/BatteryChargingTracker,2,30,6.67
2f1ec07ab6cfa9d5,androidx/work/impl/utils/WorkProgressUpdater,2,18,11.11
3bc47712b76093c8,org/fossify/calendar/jobs/CalDAVUpdateListener$Companion,2,2,100.0
cf1d27d7b4ff7cb4,com/google/android/material/appbar/AppBarLayout$BaseBehavior$SavedState,2,26,7.69
bef6c048a9df67e9,androidx/recyclerview/widget/ViewBoundsCheck,2,31,6.45
3a71f3599d5acce3,androidx/lifecycle/SavedStateHandlesVM,2,3,66.67
a9e083d94cb4961a,org/fossify/commons/extensions/EditTextKt,2,15,13.33
d22fe63e455629d9,androidx/work/impl/constraints/controllers/NetworkConnectedController,2,17,11.76
206dbfc2304c7743,org/joda/time/chrono/GJDayOfWeekDateTimeField,2,11,18.18
9194713efa0fda0a,com/google/gson/TypeAdapter$NullSafeTypeAdapter,2,10,20.0
d5f2c85934776967,androidx/core/view/GravityCompat,2,5,40.0
9bb6b140e223e010,androidx/work/impl/Migration_16_17,2,15,13.33
080c10a8d47cbc16,androidx/work/impl/constraints/trackers/BatteryNotLowTracker,2,28,7.14
52fdedf8fb18acc8,androidx/work/impl/constraints/controllers/BaseConstraintController,2,13,15.38
3f39e153585abee7,androidx/savedstate/ViewTreeSavedStateRegistryOwner,2,11,18.18
45dd8a866ff5405c,androidx/room/InvalidationTracker$Companion,2,2,100.0
f4a4e9230a4edf31,androidx/sqlite/driver/SupportSQLiteStatement$RowSQLiteStatement$Companion,2,13,15.38
6ac5475a96ebb38e,androidx/work/impl/Migration_8_9,2,4,50.0
d404e4cacbf58bc5,kotlinx/coroutines/flow/ReadonlyStateFlow,2,5,40.0
0295ef5f7d54f198,androidx/work/impl/constraints/trackers/BroadcastReceiverConstraintTracker$broadcastReceiver$1,2,4,50.0
b5c5933c97a77858,androidx/work/impl/background/systemjob/SystemJobService$Api24Impl,2,3,66.67
3a96b4eb76b4a9d0,androidx/interpolator/view/animation/FastOutSlowInInterpolator,2,3,66.67
e2219211ef650e49,org/joda/time/DateTimeUtils$SystemMillisProvider,2,2,100.0
595a534fad2ca61e,androidx/fragment/app/FragmentLayoutInflaterFactory,2,70,2.86
f621a462a406177d,com/google/gson/internal/bind/DefaultDateTypeAdapter$DateType,2,5,40.0
82bdf917ab2f91bd,androidx/lifecycle/ViewTreeViewModelStoreOwner,2,11,18.18
c4f4b20051aef667,androidx/appcompat/widget/AppCompatTextHelper$1,2,9,22.22
a428ae983e956d67,kotlin/jvm/internal/CallableReference,2,30,6.67
6001310f01ed21ad,kotlin/coroutines/jvm/internal/CompletedContinuation,2,7,28.57
66cdc0550aa9fd65,kotlinx/coroutines/flow/FlowKt__ChannelsKt$emitAllImpl$1,2,2,100.0
362cb7cec000d0b4,com/google/android/material/drawable/DrawableUtils,2,119,1.68
3e75bcba72e6a971,androidx/room/BaseRoomConnectionManager$Companion,2,2,100.0
707fba6169d37aa0,kotlinx/coroutines/Job$Key,2,2,100.0
d539d355610f76e4,androidx/concurrent/futures/AbstractResolvableFuture$AtomicHelper,2,2,100.0
fdb2f0128423e016,androidx/work/impl/WorkerWrapper$Resolution,2,2,100.0
3b34e9477ddfa639,androidx/core/view/WindowInsetsCompat$BuilderImpl30,2,11,18.18
7627f9f3d8a206de,kotlin/internal/PlatformImplementations,2,18,11.11
220b48283e7cddf2,androidx/core/os/HandlerCompat,2,46,4.35
27b37ff40ee31f16,androidx/appcompat/content/res/AppCompatResources,2,3,66.67
48fd9436dc2d3953,kotlinx/coroutines/internal/ContextScope,2,3,66.67
e1f2a0dcbb88531c,androidx/interpolator/view/animation/FastOutLinearInInterpolator,2,3,66.67
697bdf87c7c4b0fd,org/joda/time/DateTimeField,2,2,100.0
81059459ef5a2bcd,androidx/work/impl/model/WorkSpecKt,2,2,100.0
690a4004df350fe8,kotlin/text/Regex$Companion,2,13,15.38
b301aac85783bf9c,androidx/collection/internal/LruHashMap,2,23,8.7
2c67b393dedfe8c9,androidx/appcompat/app/AppCompatDelegateImpl$5,2,3,66.67
d8d41a13bd1a8e37,androidx/activity/ComponentActivity$Companion,2,2,100.0
6e8dd9f078c53e54,kotlinx/coroutines/flow/internal/NoOpContinuation,2,4,50.0
9ec98ae98a6587ab,com/google/android/material/appbar/HeaderBehavior,2,95,2.11
af5955c6f202a967,kotlin/collections/builders/SetBuilder$Companion,2,2,100.0
3ca9d80e26a8a809,androidx/work/impl/Migration_7_8,2,4,50.0
61cbdb477a01a28b,androidx/work/ListenableWorker$Result,2,6,33.33
6d61a5550b98f1a2,kotlin/SafePublicationLazyImpl$Companion,2,2,100.0
de241567630d6251,androidx/work/Operation,2,2,100.0
b8adf0a24123fb0d,androidx/room/util/SQLiteStatementUtil__StatementUtil_androidKt,2,23,8.7
552c7b711c098070,androidx/work/impl/WorkDatabase_AutoMigration_14_15_Impl,2,10,20.0
9107343c057dfa60,androidx/work/impl/constraints/trackers/NetworkStateTracker24$networkCallback$1,2,23,8.7
9a2044c0e5edc925,kotlinx/coroutines/internal/LockFreeLinkedListHead,2,11,18.18
e2b3339da244792a,androidx/core/view/ViewConfigurationCompat$Api26Impl,2,3,66.67
7cd254d272c528a8,kotlin/collections/AbstractMutableSet,2,2,100.0
ac9abc708674dceb,kotlin/coroutines/ContinuationInterceptor$Key,2,2,100.0
416b7b4384758c2a,org/fossify/commons/compose/extensions/ContextComposeExtensionsKt,2,2,100.0
c56fc1e07611501a,androidx/work/impl/constraints/controllers/BatteryNotLowController,2,9,22.22
06a825d6bb38cac0,com/google/android/material/shape/ShapePath$PathOperation,2,2,100.0
ad93a033dcbd5b8d,androidx/work/impl/Migration_1_2,2,7,28.57
64bdd6e7610c09f0,androidx/work/OperationImpl,2,4,50.0
d134d737fe72a2de,kotlin/ranges/IntProgression$Companion,2,3,66.67
ef1274f64343c215,androidx/emoji2/text/EmojiCompat$CompatInternal19$1,2,3,66.67
1f7ebb5865eceb79,androidx/emoji2/text/EmojiCompat$InitCallback,2,3,66.67
4034ee5b2e7fb2a6,androidx/work/impl/Migration_15_16,2,9,22.22
5184a4960d786abe,kotlin/collections/AbstractList,2,30,6.67
a79ed9a38a79ee9d,androidx/navigationevent/NavigationEventTransitionState$Companion,2,2,100.0
236f3e2647e6f873,androidx/work/impl/constraints/controllers/BatteryChargingController,2,9,22.22
978af248c046a759,org/fossify/commons/extensions/SharedPreferencesProducerExtensionsKt,2,5,40.0
7035feb4e4e818b7,kotlinx/coroutines/flow/internal/SafeCollectorKt,2,3,66.67
7b7f623bc6945d30,androidx/activity/ComponentActivity$activityResultRegistry$1,2,39,5.13
4d5de223febd5b23,androidx/activity/OnBackPressedDispatcherKt$addCallback$callback$1,2,3,66.67
c017ab541ff0fe50,androidx/fragment/app/strictmode/FragmentStrictMode$Policy$Companion,2,2,100.0
0013351a438b1c65,kotlinx/coroutines/scheduling/CoroutineScheduler$Companion,2,2,100.0
e3eabf79b1576f2e,androidx/appcompat/widget/LinearLayoutCompat$LayoutParams,2,5,40.0
62a032c057c2154c,androidx/lifecycle/ProcessLifecycleOwner$initializationListener$1,2,5,40.0
c8eda23bec3eb411,androidx/constraintlayout/core/ArrayLinkedVariables,2,201,1.0
d4e427643e68d6ef,androidx/lifecycle/Lifecycle,2,10,20.0
3906f5b886f67941,kotlin/enums/EnumEntriesKt,2,6,33.33
794874d18712919a,org/joda/time/field/AbstractReadableInstantFieldProperty,2,57,3.51
a94eb161ad8d6eb1,kotlin/jvm/internal/FunctionReferenceImpl,2,6,33.33
a14ac1348ea34dca,androidx/savedstate/internal/SavedStateRegistryImpl$Companion,2,2,100.0
1d49908cee2510d4,kotlinx/coroutines/ExecutorCoroutineDispatcher,2,2,100.0
d5f53efd5654b669,kotlin/UNINITIALIZED_VALUE,2,2,100.0
299c636bffc0ae7f,androidx/work/impl/WorkLauncher,2,6,33.33
cb6016fcdc837a56,androidx/room/RoomExternalOperationElement,2,7,28.57
9c390af7904cdde4,androidx/lifecycle/ViewModelProvider$AndroidViewModelFactory,2,36,5.56
93bd58b9a4200c43,androidx/work/Operation$State$SUCCESS,2,3,66.67
a68f4752e852c2e4,kotlin/enums/EnumEntriesList,2,24,8.33
459fe42217206515,kotlin/collections/builders/ListBuilder$Companion,2,2,100.0
57304e0aaa21e091,androidx/activity/ViewTreeFullyDrawnReporterOwner,2,11,18.18
c31f1f11318c2608,org/fossify/commons/extensions/EditTextKt$onTextChangeListener$1,2,5,40.0
d6cbb88aad8de840,androidx/fragment/app/FragmentManager$4,2,2,100.0
95adbfd9b182787a,androidx/fragment/app/strictmode/Violation,2,6,33.33
7594e65508be40eb,kotlin/ranges/IntRange$Companion,2,3,66.67
76a908fc0b94465f,androidx/activity/result/contract/ActivityResultContracts$StartActivityForResult,2,6,33.33
e31f05fec6f9cbb6,androidx/lifecycle/ViewTreeLifecycleOwner,2,11,18.18
a1058310f6c00767,androidx/work/impl/WorkDatabase,2,3,66.67
63a4a878be76961e,androidx/activity/result/contract/ActivityResultContracts$StartActivityForResult$Companion,2,2,100.0
c4fb74b0b2f13102,org/joda/time/chrono/BaseChronology,2,117,1.71
6ee891bc72ee0e61,androidx/work/impl/WorkDatabase_AutoMigration_19_20_Impl,2,10,20.0
927251cc453b3567,androidx/core/view/ViewCompat$Api20Impl,2,7,28.57
dbb7093aa08ee1e7,androidx/lifecycle/ViewModelProvider$NewInstanceFactory$Companion,2,7,28.57
263e6a8bf4489b1b,androidx/sqlite/SQLiteStatement,2,15,13.33
49a7d4d51f4559db,androidx/activity/ActivityFlags,2,3,66.67
7fea6ac4a1871751,androidx/sqlite/db/framework/FrameworkSQLiteDatabase$Companion,2,8,25.0
4a8e7cd39041fa12,org/fossify/calendar/interfaces/EventsDao_Impl$1,2,39,5.13
3715ad0de5e78bf0,org/fossify/calendar/extensions/DateTimeKt,2,2,100.0
5c2cd895bf7ae7d7,androidx/work/impl/Migration_6_7,2,4,50.0
3f51dac76a9a3314,androidx/appcompat/widget/ActionMenuView$LayoutParams,2,5,40.0
6c918510ab175eb5,org/fossify/commons/views/MyRecyclerView$autoScrollRunnable$1,2,10,20.0
ff424fa2422f96e4,androidx/room/RoomDatabase$Companion,2,2,100.0
ecb82e9ac0d356c6,androidx/work/impl/constraints/controllers/NetworkNotRoamingController$Companion,2,2,100.0
09e8f1d84a91169f,com/google/gson/internal/bind/JsonAdapterAnnotationTypeAdapterFactory$DummyTypeAdapterFactory,2,3,66.67
525e37c26653cf81,androidx/activity/result/ActivityResultRegistry$CallbackAndContract,2,4,50.0
4f74b902d861d24d,org/joda/time/DurationField,2,7,28.57
97705e81417bd4e8,androidx/core/view/WindowInsetsCompat$BuilderImpl31,2,9,22.22
e682fb1065e0d41e,androidx/room/coroutines/PassthroughConnectionPool$ConnectionElement$Key,2,2,100.0
96636ca786f57842,kotlinx/coroutines/internal/Concurrent_commonKt,2,6,33.33
4eee8123e9df826e,kotlin/text/CharsKt__CharJVMKt,2,53,3.77
640b5c896b64df57,androidx/work/impl/constraints/controllers/NetworkMeteredController$Companion,2,2,100.0
c8c3810c414c4c34,androidx/work/Configuration$Companion,2,2,100.0
342f18133aafaa4b,androidx/coordinatorlayout/widget/CoordinatorLayout$OnPreDrawListener,2,2,100.0
fd33bc9e0dea80a5,androidx/sqlite/db/framework/FrameworkSQLiteOpenHelper$Companion,2,2,100.0
6a1e12fb1cba48b0,androidx/core/os/LocaleListCompat$Api21Impl,2,23,8.7
d7eea59adb1bbd9c,kotlinx/coroutines/CoroutineName,2,14,14.29
53b0d0aa5c44ebaa,kotlinx/coroutines/flow/internal/SendingCollector,2,3,66.67
eab3dbddec5019c7,androidx/core/content/res/ResourcesCompat$ColorStateListCacheKey,2,13,15.38
8f471c2bc0a89ed7,androidx/work/impl/model/SystemIdInfoKt,2,2,100.0
435ac659746adc7d,androidx/emoji2/text/DefaultEmojiCompatConfig,2,3,66.67
33bc8811d612d0a8,androidx/sqlite/db/SupportSQLiteOpenHelper$Callback$Companion,2,2,100.0
07f0d7cd30d105fb,kotlinx/coroutines/flow/FlowKt__CollectKt,2,18,11.11
20ff09d59630d203,androidx/core/view/WindowInsetsCompat$Impl28,2,16,12.5
e595c82068ae3839,androidx/core/view/LayoutInflaterCompat,2,32,6.25
41f3ac384bd76326,kotlin/Result$Companion,2,5,40.0
6874e685be83554e,androidx/appcompat/app/AppLocalesMetadataHolderService,2,6,33.33
c57475b31f4512c8,kotlinx/coroutines/ChildContinuation,2,3,66.67
645a4f60f12f3744,androidx/work/Operation$State$IN_PROGRESS,2,3,66.67
324978295df50ac8,kotlin/Unit,2,3,66.67
a2dda0237f54a0ca,com/google/android/material/animation/MotionSpec,2,71,2.82
cbc2481f8ff4514f,kotlinx/coroutines/flow/FlowKt__BuildersKt,2,28,7.14
b83b646e9d230c1c,androidx/activity/result/contract/ActivityResultContracts$RequestMultiplePermissions$Companion,2,4,50.0
d0d5beeb6faad4fe,androidx/emoji2/text/DefaultEmojiCompatConfig$DefaultEmojiCompatConfigHelper_API19,2,3,66.67
a2c121be6c329ade,org/joda/time/field/ZeroIsMaxDateTimeField,2,35,5.71
e7e604dfa3c62d69,org/fossify/calendar/views/MonthView$Companion,2,2,100.0
d985acbea45e4cc5,androidx/appcompat/widget/AppCompatTextClassifierHelper,2,6,33.33
0abaf0c3c8cdff01,androidx/fragment/app/Fragment$OnPreAttachedListener,2,2,100.0
8296788d5ecfa16b,androidx/fragment/app/FragmentFactory,2,29,6.9
5681b3172bf4f3a8,androidx/work/impl/model/SystemIdInfoDao,2,8,25.0
d3f659cf9a0d1de3,androidx/emoji2/viewsintegration/EmojiTextWatcher$InitCallbackImpl,2,8,25.0
9f30be8abefa5a9a,androidx/work/impl/Migration_3_4,2,4,50.0
640b22621469cfe0,com/google/gson/internal/bind/JsonElementTypeAdapter,2,68,2.94
e0542d8566263e06,kotlinx/coroutines/Active,2,3,66.67
ba9e87f3099e5101,kotlin/collections/AbstractMutableList,2,3,66.67
b4a5d42d57ea0295,androidx/work/impl/utils/taskexecutor/WorkManagerTaskExecutor$1,2,2,100.0
98fd6940dbf51fbf,kotlinx/coroutines/flow/SafeFlow,2,3,66.67
e082daef3360e4f4,androidx/work/impl/WorkMigration9To10,2,6,33.33
6abb82d5b380edeb,androidx/work/impl/constraints/controllers/StorageNotLowController,2,9,22.22
2786703e93265a98,androidx/room/TransactionElement$Key,2,2,100.0
2c88dd15edd0fa4a,androidx/savedstate/Recreator$Companion,2,2,100.0
95b0460d97726ac7,com/google/android/material/shape/ShapePath$LineShadowOperation,2,9,22.22
d764cc8693527eba,androidx/work/impl/background/greedy/GreedyScheduler$AttemptData,2,2,100.0
2c22747f4276843b,androidx/activity/ViewTreeOnBackPressedDispatcherOwner,2,11,18.18
de8f46b307214101,kotlinx/coroutines/flow/FlowKt__TransformKt$filterNotNull$$inlined$unsafeTransform$1,2,5,40.0
612a0c90d6266d82,com/google/android/material/floatingactionbutton/FloatingActionButtonImpl$AlwaysStatefulMaterialShapeDrawable,2,2,100.0
bf8fc735d2e99470,androidx/fragment/app/FragmentManagerViewModel$1,2,2,100.0
8040d9c3f35c64ee,androidx/recyclerview/widget/RecyclerViewAccessibilityDelegate$ItemDelegate,2,57,3.51
86615bac67690492,kotlinx/coroutines/flow/StateFlowImpl$collect$1,2,2,100.0
64e4097a6a51298b,com/google/android/material/shape/AbsoluteCornerSize,2,11,18.18
45dd96bb0ab6b79b,androidx/tracing/TraceApi18Impl,2,3,66.67
49f48abf6a2f8f2f,androidx/core/view/ViewCompat$Api29Impl,2,11,18.18
22679d6670ba89e2,org/fossify/calendar/activities/SimpleActivity$calDAVSyncObserver$1,2,15,13.33
a0021914c79f10d5,androidx/concurrent/futures/AbstractResolvableFuture$Listener,2,2,100.0
1a42054b206f813b,kotlinx/coroutines/internal/Segment,2,28,7.14
65e9eee82b697e10,androidx/lifecycle/AtomicReference,2,4,50.0
a341e9a7d9324d53,androidx/work/OneTimeWorkRequest$Companion,2,11,18.18
e46bf4e9995b8f48,org/fossify/commons/activities/BaseSimpleActivity$Companion,2,14,14.29
02ed11fc22efef60,kotlinx/coroutines/BlockingEventLoop,2,2,100.0
0de21c0692703537,kotlinx/coroutines/scheduling/Task,2,2,100.0
c26e7406880d60c0,androidx/navigationevent/ViewTreeNavigationEventDispatcherOwner,2,11,18.18
9073c25e67caf34f,androidx/work/impl/Migration_12_13,2,5,40.0
5235e51ff97f88ea,androidx/lifecycle/viewmodel/CreationExtras$Empty,2,3,66.67
0a2d9746c780f42e,androidx/concurrent/futures/AbstractResolvableFuture$Waiter,2,9,22.22
2acbdbc936f5d13a,kotlin/internal/PlatformImplementationsKt,2,13,15.38
759ee37ce34bd378,androidx/core/view/ViewCompat$Api26Impl,2,17,11.76
62f12e045410be30,androidx/constraintlayout/core/widgets/analyzer/BasicMeasure$Measure,2,2,100.0
d0c1179cf4356dbe,androidx/work/Constraints$Companion,2,2,100.0
092261c918b1be84,androidx/work/impl/constraints/trackers/StorageNotLowTracker,2,28,7.14
005ac8738522abd4,org/joda/time/chrono/BasicWeekOfWeekyearDateTimeField,2,24,8.33
6124c21f0f91d249,androidx/lifecycle/ViewModelProvider$Factory$Companion,2,4,50.0
ec3f1fa88d2bd85b,androidx/navigationevent/NavigationEventDispatcher$Companion,2,2,100.0
3bed81df6e420281,kotlinx/coroutines/CoroutineName$Key,2,2,100.0
bef21181cc63ac1e,androidx/work/ConfigurationKt$createDefaultTracer$tracer$1,2,9,22.22
7ba5550662a6db22,org/fossify/commons/extensions/ImageViewKt,2,23,8.7
7cdd4bfbf639662a,kotlin/jvm/internal/ReflectionFactory,2,30,6.67
c75224598fd95b96,androidx/emoji2/text/EmojiCompatInitializer$BackgroundDefaultConfig,2,2,100.0
19e0f0d02b22ed5c,androidx/lifecycle/DefaultLifecycleObserver,2,6,33.33
dc50692b3f0ccd19,androidx/core/view/ViewCompat$AccessibilityPaneVisibilityManager,2,40,5.0
ce2d5902218681db,androidx/arch/core/internal/SafeIterableMap$DescendingIterator,2,3,66.67
ba7eb7d0068c5c56,kotlin/coroutines/ContinuationKt,2,24,8.33
44b45ff3c998eda9,androidx/activity/result/contract/ActivityResultContracts$RequestMultiplePermissions,2,44,4.55
04ebf12d4912b3ab,org/fossify/commons/activities/BaseSimpleActivity$copyMoveListener$1,2,15,13.33
1e5e733eb02d2ac8,androidx/work/SystemClock,2,2,100.0
d5018c7889e30700,com/duolingo/open/rtlviewpager/DelegatingPagerAdapter$MyDataSetObserver,2,7,28.57
620c9e67227801b7,androidx/work/impl/WorkerWrapper$runWorker$1,2,2,100.0
f520645be970afb1,com/google/android/material/shape/CornerTreatment,2,4,50.0
9ca9b1277307394b,org/joda/time/format/DateTimeFormatterBuilder$TimeZoneOffset,2,111,1.8
3c9dbe493428b139,androidx/lifecycle/viewmodel/internal/CanonicalName_jvmKt,2,3,66.67
f86d1e055bc93a7b,kotlin/random/AbstractPlatformRandom,2,10,20.0
1de161f93a9d815f,androidx/interpolator/view/animation/LinearOutSlowInInterpolator,2,3,66.67
e0365c0ce7f14c29,kotlin/collections/ArrayDeque$Companion,2,2,100.0
2bf77434302df806,androidx/work/impl/Migration_4_5,2,5,40.0
62f15fc312c5201d,org/fossify/commons/views/MyRecyclerView$gestureListener$1,2,6,33.33
aa74039daecaf8d6,androidx/activity/result/ActivityResultRegistry$Companion,2,2,100.0
2fe0122c6b4d8683,com/google/gson/internal/bind/TypeAdapters$23,1,9,11.11
8ff58a434dd5087f,androidx/recyclerview/widget/ViewBoundsCheck$BoundFlags,1,24,4.17
5cf24abe4ab974e8,androidx/core/content/res/ResourcesCompat$Api23Impl,1,3,33.33
684c2a79904df258,androidx/emoji2/text/EmojiCompat$CompatInternal,1,10,10.0
7b3a759412d0345e,com/google/gson/internal/bind/TypeAdapters$11,1,13,7.69
628bb93cc81e3380,com/google/gson/internal/sql/SqlTimeTypeAdapter,1,23,4.35
260914101ad270e1,com/google/gson/internal/sql/SqlTimeTypeAdapter$1,1,5,20.0
7956cef735a2ea2f,androidx/fragment/app/FragmentManager$1,1,2,50.0
8ad8cb3119c2801a,androidx/collection/internal/Lock,1,5,20.0
b1da34950b7ff606,org/fossify/calendar/databases/EventsDatabase$Companion$MIGRATION_3_4$1,1,3,33.33
a638428e52f0967f,com/google/gson/internal/sql/SqlTimestampTypeAdapter,1,10,10.0
5409b0b6cf50a3ae,com/google/gson/internal/sql/SqlTypesSupport$2,1,3,33.33
b544382967acd287,androidx/work/Operation$State,1,1,100.0
0ff6c2021ac1177d,org/joda/time/base/AbstractInstant,1,64,1.56
817d6019b2d383e6,androidx/viewpager/widget/ViewPager$PagerObserver,1,3,33.33
a8f5e83ce270d2e0,androidx/profileinstaller/ProfileInstallerInitializer$Result,1,1,100.0
7162f7bfaf4f81e0,com/google/android/material/appbar/AppBarLayout$BaseBehavior$SavedState$1,1,7,14.29
0c07e53a0b7e623b,androidx/appcompat/widget/TooltipCompat$Api26Impl,1,2,50.0
69bb0e8ab7df5094,androidx/arch/core/executor/DefaultTaskExecutor$Api28Impl,1,2,50.0
7086f7ea35639271,com/google/gson/internal/bind/TypeAdapters$29,1,5,20.0
764bb42d0382b19b,com/google/android/material/shape/RelativeCornerSize,1,15,6.67
1b0f4ce0dd4eb220,org/fossify/commons/helpers/BaseConfig$showCheckmarksOnSwitchesFlow$1,1,3,33.33
4086d8c8ca51c29e,androidx/profileinstaller/ProfileVerifier$CompilationStatus,1,5,20.0
11547f9a2b14455c,kotlin/TuplesKt,1,5,20.0
7945bf38b8b19641,com/google/gson/internal/bind/TypeAdapters$21,1,12,8.33
48a5d8ebf4fd9427,androidx/core/os/LocaleListCompat$Api24Impl,1,4,25.0
f5d7a570c7699f59,com/google/gson/FieldNamingPolicy$4,1,2,50.0
4e0de26bd373cf82,com/google/gson/internal/bind/TypeAdapters$22,1,15,6.67
62a1ade9dfe8c038,androidx/interpolator/view/animation/LookupTableInterpolator,1,4,25.0
450fcbdfb8d24e9d,kotlin/jvm/internal/MutablePropertyReference0,1,10,10.0
2fbae065d6c191b4,androidx/room/coroutines/PassthroughConnection$transaction$1,1,2,50.0
b51f73a7d16c4778,androidx/room/TriggerBasedInvalidationTracker$createFlow$1$2$emit$1,1,2,50.0
3697ac007206c024,androidx/savedstate/SavedStateWriter,1,80,1.25
d30a76abdf8afa9e,androidx/viewpager/widget/ViewPager$ViewPositionComparator,1,7,14.29
e0e62aafe795fd18,androidx/fragment/app/Fragment$AnimationInfo,1,1,100.0
beb940e8ba9d0404,com/google/gson/internal/sql/SqlDateTypeAdapter$1,1,5,20.0
23a78fe230c86458,androidx/work/WorkContinuation,1,3,33.33
8ef4c5f824be9764,androidx/appcompat/view/menu/ActionMenuItemView$PopupCallback,1,1,100.0
d6c708d638a09e68,androidx/work/impl/WorkDatabase_AutoMigration_22_23_Impl,1,3,33.33
2527ce33b555d698,org/fossify/calendar/databases/EventsDatabase$Companion$MIGRATION_4_5$1,1,4,25.0
4e2b2c2951232bf8,org/fossify/calendar/fragments/MyFragmentHolder,1,7,14.29
fe5faf93f09f7188,kotlinx/coroutines/StandaloneCoroutine,1,2,50.0
360e5bf82f12da00,kotlin/internal/jdk7/JDK7PlatformImplementations,1,16,6.25
f9443842910c48fe,androidx/work/impl/model/WorkSpecDao_Impl$2,1,71,1.41
7ed8d0ce1049d6a6,androidx/savedstate/internal/SynchronizedObject,1,1,100.0
d264df782952fd4e,com/google/gson/internal/bind/NumberTypeAdapter$1,1,4,25.0
013a271aa3f95cdc,androidx/appcompat/app/AppCompatDelegate$ThreadPerTaskExecutor,1,2,50.0
042f3e9258b9bb01,kotlinx/coroutines/CancellableContinuationImplKt,1,4,25.0
d19c23ec3c5b370f,com/google/gson/Gson$1,1,11,9.09
efcc740e76ae9c49,androidx/fragment/app/FragmentManager$9,1,10,10.0
599166c64064b600,androidx/core/widget/TextViewOnReceiveContentListener,1,30,3.33
a3ce93da1a765b54,org/fossify/commons/helpers/BaseConfig$colorPickerRecentColorsFlow$1,1,3,33.33
7dda123f43f16544,androidx/fragment/app/FragmentManager$FragmentIntentSenderContract,1,22,4.55
535fe159ad8726d0,androidx/activity/result/contract/ActivityResultContract,1,2,50.0
4b286ca38d3e3be3,androidx/room/util/DBUtil__DBUtil_androidKt$performSuspending$1,1,2,50.0
618b4ccc3885a494,androidx/emoji2/viewsintegration/EmojiTextViewHelper$HelperInternal,1,7,14.29
a940726f4f5c4503,androidx/appcompat/widget/ActionMenuView$ActionMenuPresenterCallback,1,3,33.33
804ec0cefdca9430,kotlin/collections/AbstractCollection,1,36,2.78
91e24d2cec592915,androidx/appcompat/widget/ActionMenuPresenter$OverflowMenuButton$1,1,6,16.67
4a205c027477b3ce,androidx/fragment/app/FragmentManager$10,1,16,6.25
aa711b6d71d1816c,androidx/appcompat/app/ActionBar$LayoutParams,1,9,11.11
0b11eb4c7a6113fc,androidx/viewpager/widget/ViewPager$MyAccessibilityDelegate,1,34,2.94
f96207ce68681f02,androidx/customview/view/AbsSavedState$1,1,1,100.0
8543b523852b1c92,com/google/gson/internal/bind/DefaultDateTypeAdapter$DateType$1,1,2,50.0
4a02a745dcb1602a,androidx/lifecycle/LifecycleRegistry_androidKt,1,1,100.0
1fbfe26e7d204910,androidx/appcompat/widget/Toolbar$LayoutParams,1,10,10.0
d795091baa98e5fe,org/joda/time/chrono/GJEraDateTimeField,1,26,3.85
8d6f4f6d5292917e,com/google/gson/internal/bind/TypeAdapters$8,1,7,14.29
e8d63a9bc37ef8c9,androidx/recyclerview/widget/RecyclerView$RecyclerViewDataObserver,1,42,2.38
fd84c34cd39424a7,org/joda/time/chrono/BasicWeekyearDateTimeField,1,51,1.96
84d5ebc461b89caa,androidx/work/impl/WorkerWrapperKt$awaitWithin$2$1,1,6,16.67
e6ac01f538aef5ff,kotlinx/coroutines/flow/AbstractFlow$collect$1,1,2,50.0
f4acca92bb7e274b,org/joda/time/Chronology,1,1,100.0
9025ecef67eab12e,androidx/fragment/app/FragmentTransaction$Op,1,5,20.0
e372ff673127af29,androidx/room/EntityDeleteOrUpdateAdapter,1,39,2.56
5c3905e00e694dab,org/fossify/calendar/databases/EventsDatabase$Companion$MIGRATION_6_7$1,1,4,25.0
e7b43612b93d6abb,androidx/recyclerview/widget/RecyclerView$3,1,2,50.0
da597eca354aebf3,androidx/fragment/app/FragmentManager$7,1,2,50.0
fb6b5cfd5d7868c3,androidx/room/TriggerBasedInvalidationTracker$notifyInvalidation$1,1,2,50.0
b01ebf4d9f753209,androidx/core/view/SoftwareKeyboardControllerCompat$Impl20,1,24,4.17
52ac5b2090c1fb7d,androidx/emoji2/viewsintegration/EmojiKeyListener$EmojiCompatHandleKeyDownHelper,1,2,50.0
32ad858a8381ce9b,kotlinx/coroutines/internal/Symbol,1,5,20.0
5531be0be3b452cc,androidx/profileinstaller/ProfileInstaller$1,1,3,33.33
0ff7c2138a6db5cd,kotlin/collections/ArraysKt__ArraysJVMKt,1,14,7.14
e54a95fb1bce5137,kotlinx/coroutines/EventLoopKt,1,11,9.09
83e525794b6a4fbb,com/google/gson/internal/bind/TypeAdapters$15,1,9,11.11
136850951897113a,kotlinx/coroutines/flow/DistinctFlowImpl$collect$2$emit$1,1,2,50.0
48b69f555326c691,androidx/recyclerview/widget/RecyclerView$AdapterDataObservable,1,29,3.45
50d7136d784841ae,kotlinx/coroutines/internal/ThreadLocalKt,1,2,50.0
9f090a337592bacc,androidx/coordinatorlayout/widget/CoordinatorLayout$ViewElevationComparator,1,6,16.67
2542bc99dc22af96,androidx/appcompat/widget/ResourceManagerInternal$ColorFilterLruCache,1,5,20.0
57ef8fb675447796,androidx/arch/core/executor/TaskExecutor,1,5,20.0
911bfce1a730485a,kotlinx/coroutines/internal/Removed,1,2,50.0
ca1e6726fa606dc8,androidx/appcompat/widget/ActionMenuView$MenuBuilderCallback,1,11,9.09
c9d0584af062b36b,androidx/work/impl/model/WorkProgressDao_Impl$1,1,7,14.29
79a4c379db2b3356,com/google/gson/ToNumberPolicy$1,1,3,33.33
4e50f4793b0f738e,com/google/gson/LongSerializationPolicy$2,1,3,33.33
d4c4c4ac91379bf4,androidx/work/impl/WorkDatabase_AutoMigration_16_17_Impl,1,8,12.5
12f4594fcd288438,androidx/room/TriggerBasedInvalidationTracker$checkInvalidatedTables$1,1,2,50.0
2e697008d2ec8621,androidx/appcompat/widget/AppCompatTextViewAutoSizeHelper$Impl29,1,3,33.33
3290cfe3ca1fd5de,com/google/android/material/internal/ToolbarUtils$1,1,3,33.33
569d10f8bc78b8ae,androidx/core/os/HandlerCompat$Api28Impl,1,4,25.0
eb2d6044f0a29970,com/google/gson/internal/bind/ReflectiveTypeAdapterFactory,1,116,0.86
645c7ade7bbecffa,org/joda/time/chrono/GJMonthOfYearDateTimeField,1,6,16.67
c47ca2619aaa8e78,org/fossify/calendar/helpers/Converters$attendeeType$1,1,1,100.0
b2e316771b827dc6,androidx/core/view/ViewCompat$Api30Impl,1,11,9.09
aaa2962edfdec988,androidx/profileinstaller/ProfileVersion,1,5,20.0
eed142ed65003be1,androidx/work/impl/model/DependencyDao_Impl$1,1,6,16.67
b4718f42ff3a8ee9,androidx/work/impl/UnfinishedWorkListenerKt$maybeLaunchUnfinishedWorkListener$1,1,13,7.69
f49f584743effdd2,androidx/recyclerview/widget/RecyclerView$ItemAnimatorRestoreListener,1,12,8.33
87f8b645b8c10394,androidx/swiperefreshlayout/widget/CircularProgressDrawable$2,1,13,7.69
b8151083be18ac64,com/google/gson/internal/bind/TypeAdapters$32,1,5,20.0
4a8565caba1947bb,com/google/android/material/shape/ShapeAppearancePathProvider$ShapeAppearancePathSpec,1,1,100.0
f4be66cc0b719bfa,androidx/recyclerview/widget/RecyclerView$LayoutManager$Properties,1,1,100.0
16291c68d09fa821,com/google/gson/Gson$2,1,14,7.14
4653702dd6f7038a,com/google/gson/internal/bind/TypeAdapters$6,1,17,5.88
9bc23e1c382ecef6,androidx/core/view/WindowInsetsCompat$Impl31,1,9,11.11
b63274b8c4c27d4f,androidx/fragment/app/FragmentManager$8,1,10,10.0
7aab788c50e071cf,com/google/gson/LongSerializationPolicy$1,1,3,33.33
cc070c0b648dcf8b,com/google/gson/internal/bind/TypeAdapters$12,1,13,7.69
10677d378355850e,androidx/work/impl/WorkDatabase_AutoMigration_17_18_Impl,1,4,25.0
7b2f312494e0c5e0,kotlinx/coroutines/flow/FlowKt__TransformKt$onEach$$inlined$unsafeTransform$1$2$1,1,2,50.0
b6d00c627ce11540,com/google/gson/internal/bind/TypeAdapters$7,1,13,7.69
4cef3d0537228ddd,androidx/recyclerview/widget/OpReorderer,1,94,1.06
51a8c13108db0b59,androidx/work/InputMerger,1,1,100.0
4f17934644b733cf,org/fossify/calendar/databases/EventsDatabase$Companion$MIGRATION_2_3$1,1,3,33.33
e032ff3135c851e7,kotlinx/coroutines/internal/ListClosed,1,1,100.0
e5ae542216c0c47a,androidx/recyclerview/widget/RecyclerView$EdgeEffectFactory,1,2,50.0
ad8beb3ce44341c9,com/google/gson/internal/bind/ArrayTypeAdapter$1,1,10,10.0
e8013fbb9364ff8e,androidx/work/impl/AutoMigration_14_15,1,6,16.67
ac5fcefdca8f6378,org/fossify/calendar/databases/EventsDatabase$Companion$MIGRATION_7_8$1,1,3,33.33
c4a14b1b5ec54226,androidx/emoji2/viewsintegration/EmojiEditTextHelper$HelperInternal,1,7,14.29
86cf9e1c23f07849,androidx/arch/core/internal/SafeIterableMap$SupportRemove,1,1,100.0
d4f37966159fbb60,com/google/gson/internal/bind/DefaultDateTypeAdapter,1,51,1.96
10fa57765d1fd1f8,com/google/gson/Gson$4,1,6,16.67
77f86023f6a0f215,androidx/concurrent/futures/CallbackToFutureAdapter$SafeFuture$1,1,3,33.33
fd8fec46562fbc9d,com/google/gson/internal/bind/TypeAdapters$10,1,21,4.76
9d20c5760612a5c7,com/google/gson/internal/bind/TypeAdapters$27,1,26,3.85
1c9e975bcb0c5b4c,com/google/gson/internal/bind/DefaultDateTypeAdapter$1,1,6,16.67
d954656fb8ce3f7f,kotlinx/coroutines/ChildHandleNode,1,5,20.0
e58cde3afaec7ad0,com/google/gson/internal/bind/TypeAdapters$5,1,17,5.88
eea6c61f580f7325,kotlin/jvm/internal/MutablePropertyReference,1,3,33.33
24b3e92c4aeb84ec,com/google/gson/internal/bind/TypeAdapters$24,1,13,7.69
e58de039a17b5755,androidx/fragment/app/FragmentManagerImpl,1,1,100.0
cf2998084083f43e,androidx/work/impl/WorkDatabase_AutoMigration_13_14_Impl,1,8,12.5
8554cd302b6e50ab,androidx/room/coroutines/FlowUtil$createFlow$$inlined$map$1$2$1,1,2,50.0
1a0cce02ba01cdbd,kotlin/collections/IntIterator,1,4,25.0
452f94c560171a4b,com/google/gson/internal/ConstructorConstructor,1,138,0.72
d458618d8ad134d0,kotlinx/coroutines/channels/ChannelResult$Failed,1,2,50.0
2bb33bafed08d6c3,org/fossify/calendar/interfaces/WidgetsDao_Impl,1,65,1.54
3948ef5411a17464,kotlinx/coroutines/flow/FlowKt__ErrorsKt$retryWhen$$inlined$unsafeFlow$1$1,1,2,50.0
7b6f7190997ab06d,androidx/fragment/app/FragmentContainer,1,2,50.0
f52130dfdec8a8da,kotlinx/coroutines/SupervisorJobImpl,1,2,50.0
bba1a72dd6ff799e,androidx/appcompat/app/AppCompatDelegateImpl$Api24Impl,1,10,10.0
3d4a99b52c425b53,androidx/appcompat/widget/Toolbar$3,1,14,7.14
2a9662302c0d1759,androidx/work/impl/utils/taskexecutor/TaskExecutor,1,2,50.0
73035c1b34a96043,androidx/work/impl/WorkManagerImpl$Api24Impl,1,2,50.0
cb2db4893251e601,androidx/viewpager/widget/ViewPager$3,1,3,33.33
48808512d4a042c4,androidx/fragment/app/Fragment$5,1,7,14.29
14980ba6e39d4754,androidx/viewpager/widget/ViewPager$1,1,3,33.33
a45e84ded0db73a2,androidx/emoji2/text/EmojiCompat$DefaultSpanFactory,1,2,50.0
650eee7560149f68,org/joda/time/chrono/BasicDayOfYearDateTimeField,1,25,4.0
481937eb4afd7905,kotlinx/coroutines/scheduling/GlobalQueue,1,1,100.0
fb1d8b2550178423,androidx/work/impl/WorkDatabase_AutoMigration_23_24_Impl,1,3,33.33
94cd20897236ca63,androidx/recyclerview/widget/GapWorker$1,1,15,6.67
6eeaf8d5a7ebb5c6,androidx/swiperefreshlayout/widget/CircularProgressDrawable$1,1,5,20.0
29933d33fc297c9f,androidx/swiperefreshlayout/widget/SwipeRefreshLayout$7,1,2,50.0
d77249e5e1937b29,com/google/gson/internal/bind/TypeAdapters$4,1,9,11.11
35e6df943d082345,androidx/fragment/app/FragmentManager$5,1,2,50.0
71713f178b3f611a,androidx/room/TransactionElement,1,9,11.11
ea480f940dc0ac58,com/google/gson/internal/sql/SqlTimestampTypeAdapter$1,1,5,20.0
67f4de390f625ae3,androidx/core/view/NestedScrollingParentHelper,1,10,10.0
d9dd5114ba30d6ad,com/google/gson/internal/bind/TypeAdapters$26,1,48,2.08
e168cc44e5c4b4bd,com/google/gson/FieldNamingPolicy$2,1,2,50.0
eb24eea7b2aee37b,androidx/customview/view/AbsSavedState$2,1,9,11.11
eacb3309009ce505,kotlinx/coroutines/scheduling/SchedulerTimeSource,1,1,100.0
a77eaf2786018a28,com/google/gson/FieldNamingPolicy$5,1,2,50.0
73855b5307c3bb60,androidx/work/impl/background/systemjob/SystemJobService$Api28Impl,1,2,50.0
2719d2d6056bb4dc,androidx/recyclerview/widget/SimpleItemAnimator,1,59,1.69
f3a8c1a3611abf6e,androidx/work/impl/AutoMigration_19_20,1,3,33.33
5800c6bf0fe515db,androidx/tracing/TraceApi29Impl,1,5,20.0
1a9c392a635c1c6c,androidx/lifecycle/ViewModelProvider$special$$inlined$Key$1,1,1,100.0
f82def22643b0fa0,androidx/core/widget/ImageViewCompat$Api21Impl,1,5,20.0
1f639c1c0ff9c022,kotlin/coroutines/intrinsics/IntrinsicsKt__IntrinsicsKt,1,4,25.0
229dc4b2bc7ba6e4,androidx/room/ObservedTableVersions$collect$1,1,2,50.0
1bdc093a944a1a10,androidx/emoji2/text/ConcurrencyHelpers$Handler28Impl,1,2,50.0
58ecf9747d60c045,org/fossify/calendar/databases/EventsDatabase$Companion$MIGRATION_8_9$1,1,3,33.33
0d8611e08a9c6a3b,androidx/work/impl/model/RawWorkInfoDao_Impl,1,453,0.22
332c797b64b4e224,androidx/navigationevent/NavigationEventInfo,1,1,100.0
dd2444310764b2b6,androidx/emoji2/text/DefaultEmojiCompatConfig$DefaultEmojiCompatConfigHelper,1,4,25.0
87ed3b6b6a60e228,androidx/swiperefreshlayout/widget/SwipeRefreshLayout$1,1,12,8.33
e9f4cf4cb51a5f73,kotlinx/coroutines/CancelHandler$UserSupplied,1,3,33.33
f9fcdfc145a67f41,com/google/android/material/shape/ShapePath$1,1,5,20.0
497ca26a9b6d5c88,kotlin/collections/ArraysUtilJVM,1,2,50.0
cad32216eb725740,kotlin/coroutines/jvm/internal/Boxing,1,8,12.5
60f31dcb7c446d80,kotlin/jvm/internal/MutablePropertyReference0Impl,1,8,12.5
6e6c24edc55abad2,com/google/gson/ToNumberPolicy$3,1,20,5.0
6d32bc2f560c7203,org/fossify/commons/helpers/BaseConfig$wasUseEnglishToggledFlow$1,1,3,33.33
d86a30b3fe4f2381,com/google/android/material/shape/MaterialShapeDrawable$MaterialShapeDrawableState,1,9,11.11
d41c8fc787ebd118,androidx/appcompat/widget/Toolbar$1,1,5,20.0
c275878a859ca558,com/google/gson/internal/bind/TypeAdapters$2,1,28,3.57
61360adcba1124c6,com/google/android/material/expandable/ExpandableWidgetHelper,1,19,5.26
8d7391641845116d,org/fossify/calendar/databases/EventsDatabase$Companion$MIGRATION_10_11$1,1,4,25.0
4f41773cbe3a0378,androidx/dynamicanimation/animation/FloatPropertyCompat,1,2,50.0
e3aa612f440a1bce,androidx/recyclerview/widget/RecyclerView$AdapterDataObserver,1,8,12.5
aa119067c44c3379,com/google/gson/internal/bind/TypeAdapters$9,1,5,20.0
26f40d41d6a35855,androidx/appcompat/widget/ActionMenuPresenter$ActionMenuPopupCallback,1,4,25.0
254ee1fe3e792784,com/google/gson/FieldNamingPolicy$3,1,2,50.0
53cf344d9710edc7,androidx/core/view/WindowInsetsCompat$Impl29,1,16,6.25
f80c4c45d30f8227,androidx/viewpager/widget/ViewPager$ItemInfo,1,1,100.0
79e3d0500d438192,com/google/gson/internal/bind/TypeAdapters$19,1,9,11.11
e899a5c09f4a5f71,com/google/gson/internal/bind/TypeAdapters$31,1,9,11.11
7988625ef040b6f5,androidx/fragment/app/FragmentManager$2,1,5,20.0
78b49147127766ef,kotlinx/coroutines/flow/FlowKt__EmittersKt,1,33,3.03
56e5d0a01c62f75a,androidx/recyclerview/widget/OrientationHelper$2,1,25,4.0
b6053253ce4da79c,kotlinx/coroutines/Job,1,1,100.0
b4f0dfa4b4a2ba7e,androidx/work/impl/WorkDatabase_AutoMigration_20_21_Impl,1,3,33.33
4f6df13c3490f749,com/google/gson/Gson$5,1,19,5.26
ba881e49001e6955,kotlinx/coroutines/flow/FlowKt__ShareKt,1,40,2.5
e869eeb6a2695115,org/fossify/calendar/interfaces/TasksDao_Impl$1,1,10,10.0
7251478f1e411634,com/google/gson/internal/bind/EnumTypeAdapter$1,1,9,11.11
40cd44e67b55b2b4,androidx/core/math/MathUtils,1,101,0.99
e3b64bb328c0b50b,androidx/recyclerview/widget/RecyclerView$1,1,8,12.5
4063b737877895f0,org/joda/time/field/DecoratedDurationField,1,14,7.14
3c0627a32e8e10f4,org/joda/time/chrono/BasicChronology$HalfdayField,1,4,25.0
b1aeae1d4c600632,androidx/lifecycle/SavedStateHandleSupport$special$$inlined$Key$3,1,1,100.0
d3f383a427a6b214,com/google/gson/internal/bind/MapTypeAdapterFactory,1,16,6.25
2780ff9858e9a507,androidx/core/view/SoftwareKeyboardControllerCompat$Impl,1,3,33.33
c1b087015d918ed8,androidx/core/graphics/Insets$Api29Impl,1,2,50.0
459e8cccd64ccae1,androidx/profileinstaller/ProfileInstaller$2,1,22,4.55
1dcb4c5b81ecce7d,androidx/room/TriggerBasedInvalidationTracker$startTrackingTable$1,1,2,50.0
1745cc0163cdde8c,androidx/emoji2/text/DefaultEmojiCompatConfig$DefaultEmojiCompatConfigHelper_API28,1,2,50.0
5f45084139ca28c8,androidx/constraintlayout/core/PriorityGoalRow$GoalVariableAccessor,1,47,2.13
5dd5a73c0a5846bc,androidx/lifecycle/viewmodel/internal/SynchronizedObject,1,1,100.0
97a603f8d2d53885,androidx/emoji2/text/EmojiCompat$MetadataRepoLoaderCallback,1,1,100.0
8722f17f09f271bb,org/fossify/commons/helpers/BaseConfig$isBlockingUnknownNumbers$1,1,3,33.33
515d3ea450aa9947,com/google/gson/FieldNamingPolicy$6,1,2,50.0
3204e50398b891ab,com/google/gson/internal/bind/EnumTypeAdapter,1,42,2.38
5a7fd58f4dd85c30,org/joda/time/chrono/BasicChronology$YearInfo,1,1,100.0
d2f6bdccf11c603d,org/fossify/commons/helpers/BaseConfig$useEnglishFlow$1,1,3,33.33
8954685ba9b286a3,kotlin/ResultKt,1,63,1.59
37ffa1127dad2561,com/google/android/material/appbar/AppBarLayout$1,1,2,50.0
3b3e69b61b78bfdc,androidx/fragment/app/Fragment$1,1,2,50.0
222e0665cc600e06,androidx/room/coroutines/PassthroughConnection$usePrepared$1,1,2,50.0
916d5e4c0b97a298,androidx/swiperefreshlayout/widget/SwipeRefreshLayout$6,1,8,12.5
ef2dab6e13f08182,org/fossify/calendar/databases/EventsDatabase$Companion$MIGRATION_5_6$1,1,3,33.33
78e3e6355ad4d234,androidx/core/content/ContextCompat$Api21Impl,1,4,25.0
6b9dada4cee34e9a,androidx/profileinstaller/ProfileInstallerInitializer$Handler28Impl,1,2,50.0
e69d5a559837eabe,com/google/gson/internal/bind/TypeAdapters$25,1,9,11.11
a731abd5c7dd8d77,org/fossify/calendar/databases/EventsDatabase$Companion$MIGRATION_1_2$1,1,6,16.67
c4c6620317bbff2c,androidx/core/graphics/drawable/DrawableCompat$Api21Impl,1,10,10.0
c1c82446fc2eb7f9,com/google/gson/internal/sql/SqlDateTypeAdapter,1,23,4.35
29d82b529d3fc1ee,kotlinx/coroutines/flow/ChannelFlowBuilder,1,13,7.69
10ddde8d4205c23e,androidx/work/impl/WorkDatabaseKt,1,1,100.0
9ca1b388b32baa6e,androidx/recyclerview/widget/RecyclerView$2,1,5,20.0
f459635dbbea5a9f,com/google/gson/internal/bind/TypeAdapters$20,1,9,11.11
b847e6c3003630c1,org/fossify/commons/helpers/BaseConfig$isBlockingHiddenNumbers$1,1,3,33.33
7342f614d7d10cff,androidx/core/view/AccessibilityDelegateCompat$AccessibilityDelegateAdapter,1,25,4.0
702a60a424a87aa1,com/google/gson/internal/bind/TypeAdapters$3,1,9,11.11
598f56a3aa08cba8,com/google/gson/FieldNamingPolicy$7,1,2,50.0
3a2c51973441315a,androidx/core/os/LocaleListPlatformWrapper,1,11,9.09
630695b5a3aaf3b7,kotlin/coroutines/ContinuationInterceptor,1,1,100.0
ea3b26e3526a781c,androidx/recyclerview/widget/RecyclerView$4,1,13,7.69
8cff1f08f7deea99,androidx/lifecycle/ViewModelProvider$AndroidViewModelFactory$special$$inlined$Key$1,1,1,100.0
8945fd294333b9ec,com/google/gson/internal/bind/TypeAdapters$13,1,10,10.0
bdb91d658983efe9,kotlinx/coroutines/internal/ScopeCoroutine,1,8,12.5
3500e3be14fa04fb,kotlinx/coroutines/flow/FlowKt__ErrorsKt$catchImpl$2$emit$1,1,2,50.0
18574608503748d7,com/google/gson/internal/bind/ObjectTypeAdapter$1,1,4,25.0
ec4d7952b0c1131e,androidx/room/migration/Migration,1,7,14.29
214410e2691f8e79,androidx/core/view/SoftwareKeyboardControllerCompat$Impl30,1,37,2.7
9f023cb899d6d4a7,com/google/gson/internal/bind/TypeAdapters$30,1,9,11.11
37786c413de12815,androidx/lifecycle/ViewModelProvider$NewInstanceFactory,1,11,9.09
704a5131f767e0cc,androidx/activity/result/ActivityResultLauncher,1,2,50.0
2312685e85f11060,com/google/android/material/shape/ShapePath$ArcShadowOperation,1,5,20.0
2635a4c25b67177a,androidx/appcompat/widget/AppCompatTextViewAutoSizeHelper$Impl,1,3,33.33
f0af992f8c2cb346,androidx/viewpager/widget/ViewPager$2,1,2,50.0
06e0c4ab3ed4b272,androidx/appcompat/app/AppLocalesMetadataHolderService$Api24Impl,1,2,50.0
6b45216222613ea8,com/google/gson/internal/bind/TypeAdapters$14,1,13,7.69
ed830d5494c2eaec,org/fossify/calendar/helpers/Converters$stringType$1,1,1,100.0
d58ee69e988fed66,androidx/recyclerview/widget/LinearLayoutManager$LayoutChunkResult,1,2,50.0
7a18f9ada0a3adeb,org/fossify/calendar/interfaces/CalendarsDao_Impl$2,1,8,12.5
17f5869c95f70261,kotlin/jvm/internal/Ref$ObjectRef,1,2,50.0
c44b837ad353729d,org/joda/time/DateTimeZone$LazyInit$1,1,5,20.0
b229f48110cbe16a,com/google/gson/internal/bind/TypeAdapters$1,1,8,12.5
1806906112dfcdb2,com/google/android/material/shape/MaterialShapeDrawable$1,1,4,25.0
67e14cf19975ed69,kotlinx/coroutines/flow/internal/AbstractSharedFlowSlot,1,1,100.0
2e8cedf230c98ca1,androidx/work/impl/WorkDatabase_AutoMigration_18_19_Impl,1,3,33.33
290f0f451c24b578,org/fossify/commons/extensions/SharedPreferencesProducerExtensionsKt$sharedPreferencesCallback$1,1,18,5.56
83feb64d43fbc155,androidx/appcompat/widget/AppCompatTextViewAutoSizeHelper$Impl23,1,4,25.0
021c3288294746ed,androidx/appcompat/app/AppCompatActivity$1,1,3,33.33
7668404c11f920e3,androidx/recyclerview/widget/RecyclerView$LayoutManager$2,1,11,9.09
778df40d7ff86b3f,com/google/gson/internal/bind/TypeAdapters$16,1,11,9.09
4f77a40afe38fa0c,androidx/room/TriggerBasedInvalidationTracker$syncTriggers$1,1,2,50.0
82d42c312beb5a5f,androidx/recyclerview/widget/RecyclerView$LayoutManager$1,1,10,10.0
17aea302ace97716,androidx/recyclerview/widget/RecyclerView$6,1,17,5.88
8edaf28a7a2a1922,com/google/gson/internal/bind/CollectionTypeAdapterFactory,1,9,11.11
8b4e3be4c7fd6836,androidx/appcompat/app/AppCompatDelegateImpl$PanelFeatureState,1,52,1.92
01563aafda8db612,com/google/gson/internal/bind/ArrayTypeAdapter,1,27,3.7
bec36f13d0812e3f,com/google/gson/internal/bind/TypeAdapters$17,1,11,9.09
95af87eb6f2fa204,com/google/android/material/appbar/AppBarLayout$BaseBehavior$2,1,35,2.86
3b83a16def30eaa5,androidx/room/RoomDatabase$closeBarrier$1,1,3,33.33
00f151492d54db6f,com/google/gson/internal/sql/SqlTypesSupport$1,1,3,33.33
5d383ca1c607181a,androidx/lifecycle/SavedStateHandleSupport$special$$inlined$Key$1,1,1,100.0
d7af30c28b1af3e7,com/google/gson/internal/bind/TypeAdapters$18,1,7,14.29
bc00da2326bbff0f,com/google/gson/ToNumberPolicy$2,1,2,50.0
4fb438b422b8b221,androidx/core/content/ContextCompat$Api23Impl,1,4,25.0
89b3d825bb16ed1c,org/joda/time/field/ScaledDurationField,1,37,2.7
a0e950590f05a818,com/google/android/material/shape/MaterialShapeDrawable$SpringAnimatedCornerSizeProperty,1,17,5.88
7db0d0d30bbf4172,com/google/android/material/shape/ShapeAppearancePathProvider$Lazy,1,2,50.0
d3722101dd9e785c,androidx/core/view/WindowInsetsControllerCompat$Impl,1,12,8.33
e507de021b7af7c7,org/fossify/calendar/databases/EventsDatabase$Companion$MIGRATION_9_10$1,1,9,11.11
cc2fd167331509e7,kotlinx/coroutines/flow/FlowKt__ErrorsKt$catchImpl$1,1,2,50.0
30d1757f3fca15db,androidx/appcompat/widget/Toolbar$2,1,2,50.0
c0572d39c01df2bb,com/google/gson/FieldNamingPolicy$1,1,2,50.0
0ae6f918eddff1ea,androidx/fragment/app/FragmentManager$3,1,2,50.0
3bc5381cd453d845,androidx/appcompat/widget/ActionMenuPresenter$PopupPresenterCallback,1,14,7.14
d1187ff32226531d,com/google/gson/ToNumberPolicy$4,1,7,14.29
92bf8c231eff1fba,com/google/android/material/theme/MaterialComponentsViewInflater,1,6,16.67
cfecb7047116ae04,androidx/lifecycle/SavedStateHandleSupport$special$$inlined$Key$2,1,1,100.0
