CLASS_FILE_PATH:  --classfiles /home/ubuntu/TimeMachine/instrumented_apps/AmazeFileManager/AmazeFileManager-#1837/app/build/intermediates/javac/fdroidDebug/classes/ --classfiles /home/ubuntu/TimeMachine/instrumented_apps/AmazeFileManager/AmazeFileManager-#1837/commons_compress_7z/build/intermediates/javac/debug/classes/
launching app under test...
adb -s emulator-5554 shell monkey -p com.amaze.filemanager.debug  1
SUCCESS: app is launched!
takes a while to complete starting animation ...
--taking snapshot for the initial state...
adb -s emulator-5554 shell logcat | grep controllable_widgets
-- log monitor is on...
starting monkey...
crash watcher starting...
adb -s emulator-5554 shell monkey -p com.amaze.filemanager.debug --ignore-crashes --ignore-timeouts --ignore-security-exceptions  --ignore-native-crashes --throttle 200 -v  999999 
!!!!!!!!!!!!!!!!!!!!!!!!!!! Generating system event !!!!!!!!!!!!!!!!!!!!!!!!!!!!!!!!!!!!!!!!!!!!!
start time:  1786920631.82   budget:  600.0   now: 1786920763.11
!!!!!!!!!!!!!!!!!!!!!!!!!!! Generating system event !!!!!!!!!!!!!!!!!!!!!!!!!!!!!!!!!!!!!!!!!!!!!
start time:  1786920631.82   budget:  600.0   now: 1786920827.98
--extracted id: OOAUT  num_controllable_widgets: 2
--transiton occurs
--a new state is triggered and add OOAUT into the state graph.
get_jacoco_coverage- return code:  output: Broadcasting: Intent { act=edu.gatech.m3.emma.COLLECT_COVERAGE }
Broadcast completed: result=0
---
[COVERAGE FILE EXIST?]
coverage.ec
---
---
[VALIDATE COVERAGE FILE]$ java -jar /home/ubuntu/TimeMachine/fuzzingandroid/libs/jacococli.jar report /home/ubuntu/tm-results/AmazeFileManager-3.4.2-#1837.apk.timemachine.result.emulator-5554#2026-08-16-22-42-34/ec_files/emulator-55542026-08-16-22-54-09.ec  --classfiles /home/ubuntu/TimeMachine/instrumented_apps/AmazeFileManager/AmazeFileManager-#1837/app/build/intermediates/javac/fdroidDebug/classes/ --classfiles /home/ubuntu/TimeMachine/instrumented_apps/AmazeFileManager/AmazeFileManager-#1837/commons_compress_7z/build/intermediates/javac/debug/classes/ &> temp
---
---
[VALIDATE MESSAGE]
---
SUCCESS: coverage file is valid!
[INFO] Loading execution data file /home/ubuntu/tm-results/AmazeFileManager-3.4.2-#1837.apk.timemachine.result.emulator-5554#2026-08-16-22-42-34/ec_files/emulator-55542026-08-16-22-54-09.ec.
 /sdcard/coverage.ec: 1 file pulled, 0 skipped. 0.3 MB/s (5534 bytes in 0.017s)
Exception in thread "main" java.io.FileNotFoundException: /home/ubuntu/TimeMachine/instrumented_apps/AmazeFileManager/AmazeFileManager-#1837/app/build/intermediates/javac/fdroidDebug/classes (No such file or directory)
	at java.base/java.io.FileInputStream.open0(Native Method)
	at java.base/java.io.FileInputStream.open(FileInputStream.java:216)
	at java.base/java.io.FileInputStream.<init>(FileInputStream.java:157)
	at org.jacoco.cli.internal.core.analysis.Analyzer.analyzeAll(Analyzer.java:224)
	at org.jacoco.cli.internal.commands.Report.analyze(Report.java:110)
	at org.jacoco.cli.internal.commands.Report.execute(Report.java:84)
	at org.jacoco.cli.internal.Main.execute(Main.java:90)
	at org.jacoco.cli.internal.Main.main(Main.java:105)
 
compute_coverage-return code:  output: /home/ubuntu/tm-results/AmazeFileManager-3.4.2-#1837.apk.timemachine.result.emulator-5554#2026-08-16-22-42-34/ec_files/coveragetemp.ec /home/ubuntu/tm-results/AmazeFileManager-3.4.2-#1837.apk.timemachine.result.emulator-5554#2026-08-16-22-42-34/ec_files/emulator-55542026-08-16-22-53-16.ec /home/ubuntu/tm-results/AmazeFileManager-3.4.2-#1837.apk.timemachine.result.emulator-5554#2026-08-16-22-42-34/ec_files/emulator-55542026-08-16-22-54-09.ec
[INFO] Loading execution data file /home/ubuntu/tm-results/AmazeFileManager-3.4.2-#1837.apk.timemachine.result.emulator-5554#2026-08-16-22-42-34/ec_files/coveragetemp.ec.
[INFO] Loading execution data file /home/ubuntu/tm-results/AmazeFileManager-3.4.2-#1837.apk.timemachine.result.emulator-5554#2026-08-16-22-42-34/ec_files/emulator-55542026-08-16-22-53-16.ec.
[INFO] Loading execution data file /home/ubuntu/tm-results/AmazeFileManager-3.4.2-#1837.apk.timemachine.result.emulator-5554#2026-08-16-22-42-34/ec_files/emulator-55542026-08-16-22-54-09.ec.
  Exception in thread "main" java.io.FileNotFoundException: /home/ubuntu/TimeMachine/instrumented_apps/AmazeFileManager/AmazeFileManager-#1837/app/build/intermediates/javac/fdroidDebug/classes (No such file or directory)
	at java.base/java.io.FileInputStream.open0(Native Method)
	at java.base/java.io.FileInputStream.open(FileInputStream.java:216)
	at java.base/java.io.FileInputStream.<init>(FileInputStream.java:157)
	at org.jacoco.cli.internal.core.analysis.Analyzer.analyzeAll(Analyzer.java:224)
	at org.jacoco.cli.internal.commands.Report.analyze(Report.java:110)
	at org.jacoco.cli.internal.commands.Report.execute(Report.java:84)
	at org.jacoco.cli.internal.Main.execute(Main.java:90)
	at org.jacoco.cli.internal.Main.main(Main.java:105)
cp: cannot stat '/home/ubuntu/tm-results/AmazeFileManager-3.4.2-#1837.apk.timemachine.result.emulator-5554#2026-08-16-22-42-34/coverage.xml': No such file or directory
 
--coverage when the new state is triggered: 0 current jacoco line coverage rate : 0
===================> PENALIZE STATE <=====================
deque(['OOAUT'], maxlen=10)
Frequent nodes 
[]
the portion to the top 20% most frequent states: 0.0
--extracted id: OOAUT  num_controllable_widgets: 2
--event num: 1
--extracted id: OOAUT  num_controllable_widgets: 0
--event num: 2
--extracted id: OOAUT  num_controllable_widgets: 0
--event num: 3
--extracted id: OOAUT  num_controllable_widgets: 0
--event num: 4
--extracted id: OOAUT  num_controllable_widgets: 0
--event num: 5
--extracted id: OOAUT  num_controllable_widgets: 0
--event num: 6
--extracted id: OOAUT  num_controllable_widgets: 0
--event num: 7
--extracted id: OOAUT  num_controllable_widgets: 0
--event num: 8
--extracted id: OOAUT  num_controllable_widgets: 0
--event num: 9
--extracted id: OOAUT  num_controllable_widgets: 0
--event num: 10
!!!!!!!!!!!!!!!!!!!!!!!!!!! Generating system event !!!!!!!!!!!!!!!!!!!!!!!!!!!!!!!!!!!!!!!!!!!!!
start time:  1786920631.82   budget:  600.0   now: 1786920964.93
--extracted id: OOAUT  num_controllable_widgets: 0
--event num: 11
--extracted id: OOAUT  num_controllable_widgets: 0
--event num: 12
--extracted id: -583182176  num_controllable_widgets: 0
--transiton occurs
--a new state is triggered and add -583182176 into the state graph.
get_jacoco_coverage- return code:  output: Broadcasting: Intent { act=edu.gatech.m3.emma.COLLECT_COVERAGE }
Broadcast completed: result=0
---
[COVERAGE FILE EXIST?]
coverage.ec
---
---
[VALIDATE COVERAGE FILE]$ java -jar /home/ubuntu/TimeMachine/fuzzingandroid/libs/jacococli.jar report /home/ubuntu/tm-results/AmazeFileManager-3.4.2-#1837.apk.timemachine.result.emulator-5554#2026-08-16-22-42-34/ec_files/emulator-55542026-08-16-22-56-41.ec  --classfiles /home/ubuntu/TimeMachine/instrumented_apps/AmazeFileManager/AmazeFileManager-#1837/app/build/intermediates/javac/fdroidDebug/classes/ --classfiles /home/ubuntu/TimeMachine/instrumented_apps/AmazeFileManager/AmazeFileManager-#1837/commons_compress_7z/build/intermediates/javac/debug/classes/ &> temp
---
---
[VALIDATE MESSAGE]
---
SUCCESS: coverage file is valid!
[INFO] Loading execution data file /home/ubuntu/tm-results/AmazeFileManager-3.4.2-#1837.apk.timemachine.result.emulator-5554#2026-08-16-22-42-34/ec_files/emulator-55542026-08-16-22-56-41.ec.
 /sdcard/coverage.ec: 1 file pulled, 0 skipped. 0.1 MB/s (8680 bytes in 0.070s)
Exception in thread "main" java.io.FileNotFoundException: /home/ubuntu/TimeMachine/instrumented_apps/AmazeFileManager/AmazeFileManager-#1837/app/build/intermediates/javac/fdroidDebug/classes (No such file or directory)
	at java.base/java.io.FileInputStream.open0(Native Method)
	at java.base/java.io.FileInputStream.open(FileInputStream.java:216)
	at java.base/java.io.FileInputStream.<init>(FileInputStream.java:157)
	at org.jacoco.cli.internal.core.analysis.Analyzer.analyzeAll(Analyzer.java:224)
	at org.jacoco.cli.internal.commands.Report.analyze(Report.java:110)
	at org.jacoco.cli.internal.commands.Report.execute(Report.java:84)
	at org.jacoco.cli.internal.Main.execute(Main.java:90)
	at org.jacoco.cli.internal.Main.main(Main.java:105)
 
compute_coverage-return code:  output: /home/ubuntu/tm-results/AmazeFileManager-3.4.2-#1837.apk.timemachine.result.emulator-5554#2026-08-16-22-42-34/ec_files/coveragetemp.ec /home/ubuntu/tm-results/AmazeFileManager-3.4.2-#1837.apk.timemachine.result.emulator-5554#2026-08-16-22-42-34/ec_files/emulator-55542026-08-16-22-53-16.ec /home/ubuntu/tm-results/AmazeFileManager-3.4.2-#1837.apk.timemachine.result.emulator-5554#2026-08-16-22-42-34/ec_files/emulator-55542026-08-16-22-54-09.ec /home/ubuntu/tm-results/AmazeFileManager-3.4.2-#1837.apk.timemachine.result.emulator-5554#2026-08-16-22-42-34/ec_files/emulator-55542026-08-16-22-56-41.ec
[INFO] Loading execution data file /home/ubuntu/tm-results/AmazeFileManager-3.4.2-#1837.apk.timemachine.result.emulator-5554#2026-08-16-22-42-34/ec_files/coveragetemp.ec.
[INFO] Loading execution data file /home/ubuntu/tm-results/AmazeFileManager-3.4.2-#1837.apk.timemachine.result.emulator-5554#2026-08-16-22-42-34/ec_files/emulator-55542026-08-16-22-53-16.ec.
[INFO] Loading execution data file /home/ubuntu/tm-results/AmazeFileManager-3.4.2-#1837.apk.timemachine.result.emulator-5554#2026-08-16-22-42-34/ec_files/emulator-55542026-08-16-22-54-09.ec.
[INFO] Loading execution data file /home/ubuntu/tm-results/AmazeFileManager-3.4.2-#1837.apk.timemachine.result.emulator-5554#2026-08-16-22-42-34/ec_files/emulator-55542026-08-16-22-56-41.ec.
  Exception in thread "main" java.io.FileNotFoundException: /home/ubuntu/TimeMachine/instrumented_apps/AmazeFileManager/AmazeFileManager-#1837/app/build/intermediates/javac/fdroidDebug/classes (No such file or directory)
	at java.base/java.io.FileInputStream.open0(Native Method)
	at java.base/java.io.FileInputStream.open(FileInputStream.java:216)
	at java.base/java.io.FileInputStream.<init>(FileInputStream.java:157)
	at org.jacoco.cli.internal.core.analysis.Analyzer.analyzeAll(Analyzer.java:224)
	at org.jacoco.cli.internal.commands.Report.analyze(Report.java:110)
	at org.jacoco.cli.internal.commands.Report.execute(Report.java:84)
	at org.jacoco.cli.internal.Main.execute(Main.java:90)
	at org.jacoco.cli.internal.Main.main(Main.java:105)
cp: cannot stat '/home/ubuntu/tm-results/AmazeFileManager-3.4.2-#1837.apk.timemachine.result.emulator-5554#2026-08-16-22-42-34/coverage.xml': No such file or directory
 
--coverage when the new state is triggered: 0 current jacoco line coverage rate : 0
===================> PENALIZE STATE <=====================
deque(['OOAUT', '-583182176'], maxlen=10)
Frequent nodes 
[]
the portion to the top 20% most frequent states: 0.0
--extracted id: -583182176  num_controllable_widgets: 0
--event num: 1
--extracted id: -583182176  num_controllable_widgets: 0
--event num: 2
--extracted id: -807232268  num_controllable_widgets: 5
--transiton occurs
--a new state is triggered and add -807232268 into the state graph.
get_jacoco_coverage- return code:  output: Broadcasting: Intent { act=edu.gatech.m3.emma.COLLECT_COVERAGE }
Broadcast completed: result=0
---
[COVERAGE FILE EXIST?]
coverage.ec
---
---
[VALIDATE COVERAGE FILE]$ java -jar /home/ubuntu/TimeMachine/fuzzingandroid/libs/jacococli.jar report /home/ubuntu/tm-results/AmazeFileManager-3.4.2-#1837.apk.timemachine.result.emulator-5554#2026-08-16-22-42-34/ec_files/emulator-55542026-08-16-22-56-52.ec  --classfiles /home/ubuntu/TimeMachine/instrumented_apps/AmazeFileManager/AmazeFileManager-#1837/app/build/intermediates/javac/fdroidDebug/classes/ --classfiles /home/ubuntu/TimeMachine/instrumented_apps/AmazeFileManager/AmazeFileManager-#1837/commons_compress_7z/build/intermediates/javac/debug/classes/ &> temp
---
---
[VALIDATE MESSAGE]
---
SUCCESS: coverage file is valid!
[INFO] Loading execution data file /home/ubuntu/tm-results/AmazeFileManager-3.4.2-#1837.apk.timemachine.result.emulator-5554#2026-08-16-22-42-34/ec_files/emulator-55542026-08-16-22-56-52.ec.
 /sdcard/coverage.ec: 1 file pulled, 0 skipped. 0.0 MB/s (917 bytes in 0.063s)
Exception in thread "main" java.io.FileNotFoundException: /home/ubuntu/TimeMachine/instrumented_apps/AmazeFileManager/AmazeFileManager-#1837/app/build/intermediates/javac/fdroidDebug/classes (No such file or directory)
	at java.base/java.io.FileInputStream.open0(Native Method)
	at java.base/java.io.FileInputStream.open(FileInputStream.java:216)
	at java.base/java.io.FileInputStream.<init>(FileInputStream.java:157)
	at org.jacoco.cli.internal.core.analysis.Analyzer.analyzeAll(Analyzer.java:224)
	at org.jacoco.cli.internal.commands.Report.analyze(Report.java:110)
	at org.jacoco.cli.internal.commands.Report.execute(Report.java:84)
	at org.jacoco.cli.internal.Main.execute(Main.java:90)
	at org.jacoco.cli.internal.Main.main(Main.java:105)
 
compute_coverage-return code:  output: /home/ubuntu/tm-results/AmazeFileManager-3.4.2-#1837.apk.timemachine.result.emulator-5554#2026-08-16-22-42-34/ec_files/coveragetemp.ec /home/ubuntu/tm-results/AmazeFileManager-3.4.2-#1837.apk.timemachine.result.emulator-5554#2026-08-16-22-42-34/ec_files/emulator-55542026-08-16-22-53-16.ec /home/ubuntu/tm-results/AmazeFileManager-3.4.2-#1837.apk.timemachine.result.emulator-5554#2026-08-16-22-42-34/ec_files/emulator-55542026-08-16-22-54-09.ec /home/ubuntu/tm-results/AmazeFileManager-3.4.2-#1837.apk.timemachine.result.emulator-5554#2026-08-16-22-42-34/ec_files/emulator-55542026-08-16-22-56-41.ec /home/ubuntu/tm-results/AmazeFileManager-3.4.2-#1837.apk.timemachine.result.emulator-5554#2026-08-16-22-42-34/ec_files/emulator-55542026-08-16-22-56-52.ec
[INFO] Loading execution data file /home/ubuntu/tm-results/AmazeFileManager-3.4.2-#1837.apk.timemachine.result.emulator-5554#2026-08-16-22-42-34/ec_files/coveragetemp.ec.
[INFO] Loading execution data file /home/ubuntu/tm-results/AmazeFileManager-3.4.2-#1837.apk.timemachine.result.emulator-5554#2026-08-16-22-42-34/ec_files/emulator-55542026-08-16-22-53-16.ec.
[INFO] Loading execution data file /home/ubuntu/tm-results/AmazeFileManager-3.4.2-#1837.apk.timemachine.result.emulator-5554#2026-08-16-22-42-34/ec_files/emulator-55542026-08-16-22-54-09.ec.
[INFO] Loading execution data file /home/ubuntu/tm-results/AmazeFileManager-3.4.2-#1837.apk.timemachine.result.emulator-5554#2026-08-16-22-42-34/ec_files/emulator-55542026-08-16-22-56-41.ec.
[INFO] Loading execution data file /home/ubuntu/tm-results/AmazeFileManager-3.4.2-#1837.apk.timemachine.result.emulator-5554#2026-08-16-22-42-34/ec_files/emulator-55542026-08-16-22-56-52.ec.
  Exception in thread "main" java.io.FileNotFoundException: /home/ubuntu/TimeMachine/instrumented_apps/AmazeFileManager/AmazeFileManager-#1837/app/build/intermediates/javac/fdroidDebug/classes (No such file or directory)
	at java.base/java.io.FileInputStream.open0(Native Method)
	at java.base/java.io.FileInputStream.open(FileInputStream.java:216)
	at java.base/java.io.FileInputStream.<init>(FileInputStream.java:157)
	at org.jacoco.cli.internal.core.analysis.Analyzer.analyzeAll(Analyzer.java:224)
	at org.jacoco.cli.internal.commands.Report.analyze(Report.java:110)
	at org.jacoco.cli.internal.commands.Report.execute(Report.java:84)
	at org.jacoco.cli.internal.Main.execute(Main.java:90)
	at org.jacoco.cli.internal.Main.main(Main.java:105)
cp: cannot stat '/home/ubuntu/tm-results/AmazeFileManager-3.4.2-#1837.apk.timemachine.result.emulator-5554#2026-08-16-22-42-34/coverage.xml': No such file or directory
 
--coverage when the new state is triggered: 0 current jacoco line coverage rate : 0
===================> PENALIZE STATE <=====================
deque(['OOAUT', '-583182176', '-807232268'], maxlen=10)
Frequent nodes 
[]
the portion to the top 20% most frequent states: 0.0
--extracted id: 1947270924  num_controllable_widgets: 9
--transiton occurs
--a new state is triggered and add 1947270924 into the state graph.
get_jacoco_coverage- return code:  output: Broadcasting: Intent { act=edu.gatech.m3.emma.COLLECT_COVERAGE }
Broadcast completed: result=0
---
[COVERAGE FILE EXIST?]
coverage.ec
---
---
[VALIDATE COVERAGE FILE]$ java -jar /home/ubuntu/TimeMachine/fuzzingandroid/libs/jacococli.jar report /home/ubuntu/tm-results/AmazeFileManager-3.4.2-#1837.apk.timemachine.result.emulator-5554#2026-08-16-22-42-34/ec_files/emulator-55542026-08-16-22-57-09.ec  --classfiles /home/ubuntu/TimeMachine/instrumented_apps/AmazeFileManager/AmazeFileManager-#1837/app/build/intermediates/javac/fdroidDebug/classes/ --classfiles /home/ubuntu/TimeMachine/instrumented_apps/AmazeFileManager/AmazeFileManager-#1837/commons_compress_7z/build/intermediates/javac/debug/classes/ &> temp
---
---
[VALIDATE MESSAGE]
---
SUCCESS: coverage file is valid!
[INFO] Loading execution data file /home/ubuntu/tm-results/AmazeFileManager-3.4.2-#1837.apk.timemachine.result.emulator-5554#2026-08-16-22-42-34/ec_files/emulator-55542026-08-16-22-57-09.ec.
 /sdcard/coverage.ec: 1 file pulled, 0 skipped. 0.0 MB/s (2830 bytes in 0.061s)
Exception in thread "main" java.io.FileNotFoundException: /home/ubuntu/TimeMachine/instrumented_apps/AmazeFileManager/AmazeFileManager-#1837/app/build/intermediates/javac/fdroidDebug/classes (No such file or directory)
	at java.base/java.io.FileInputStream.open0(Native Method)
	at java.base/java.io.FileInputStream.open(FileInputStream.java:216)
	at java.base/java.io.FileInputStream.<init>(FileInputStream.java:157)
	at org.jacoco.cli.internal.core.analysis.Analyzer.analyzeAll(Analyzer.java:224)
	at org.jacoco.cli.internal.commands.Report.analyze(Report.java:110)
	at org.jacoco.cli.internal.commands.Report.execute(Report.java:84)
	at org.jacoco.cli.internal.Main.execute(Main.java:90)
	at org.jacoco.cli.internal.Main.main(Main.java:105)
 
compute_coverage-return code:  output: /home/ubuntu/tm-results/AmazeFileManager-3.4.2-#1837.apk.timemachine.result.emulator-5554#2026-08-16-22-42-34/ec_files/coveragetemp.ec /home/ubuntu/tm-results/AmazeFileManager-3.4.2-#1837.apk.timemachine.result.emulator-5554#2026-08-16-22-42-34/ec_files/emulator-55542026-08-16-22-53-16.ec /home/ubuntu/tm-results/AmazeFileManager-3.4.2-#1837.apk.timemachine.result.emulator-5554#2026-08-16-22-42-34/ec_files/emulator-55542026-08-16-22-54-09.ec /home/ubuntu/tm-results/AmazeFileManager-3.4.2-#1837.apk.timemachine.result.emulator-5554#2026-08-16-22-42-34/ec_files/emulator-55542026-08-16-22-56-41.ec /home/ubuntu/tm-results/AmazeFileManager-3.4.2-#1837.apk.timemachine.result.emulator-5554#2026-08-16-22-42-34/ec_files/emulator-55542026-08-16-22-56-52.ec /home/ubuntu/tm-results/AmazeFileManager-3.4.2-#1837.apk.timemachine.result.emulator-5554#2026-08-16-22-42-34/ec_files/emulator-55542026-08-16-22-57-09.ec
[INFO] Loading execution data file /home/ubuntu/tm-results/AmazeFileManager-3.4.2-#1837.apk.timemachine.result.emulator-5554#2026-08-16-22-42-34/ec_files/coveragetemp.ec.
[INFO] Loading execution data file /home/ubuntu/tm-results/AmazeFileManager-3.4.2-#1837.apk.timemachine.result.emulator-5554#2026-08-16-22-42-34/ec_files/emulator-55542026-08-16-22-53-16.ec.
[INFO] Loading execution data file /home/ubuntu/tm-results/AmazeFileManager-3.4.2-#1837.apk.timemachine.result.emulator-5554#2026-08-16-22-42-34/ec_files/emulator-55542026-08-16-22-54-09.ec.
[INFO] Loading execution data file /home/ubuntu/tm-results/AmazeFileManager-3.4.2-#1837.apk.timemachine.result.emulator-5554#2026-08-16-22-42-34/ec_files/emulator-55542026-08-16-22-56-41.ec.
[INFO] Loading execution data file /home/ubuntu/tm-results/AmazeFileManager-3.4.2-#1837.apk.timemachine.result.emulator-5554#2026-08-16-22-42-34/ec_files/emulator-55542026-08-16-22-56-52.ec.
[INFO] Loading execution data file /home/ubuntu/tm-results/AmazeFileManager-3.4.2-#1837.apk.timemachine.result.emulator-5554#2026-08-16-22-42-34/ec_files/emulator-55542026-08-16-22-57-09.ec.
  Exception in thread "main" java.io.FileNotFoundException: /home/ubuntu/TimeMachine/instrumented_apps/AmazeFileManager/AmazeFileManager-#1837/app/build/intermediates/javac/fdroidDebug/classes (No such file or directory)
	at java.base/java.io.FileInputStream.open0(Native Method)
	at java.base/java.io.FileInputStream.open(FileInputStream.java:216)
	at java.base/java.io.FileInputStream.<init>(FileInputStream.java:157)
	at org.jacoco.cli.internal.core.analysis.Analyzer.analyzeAll(Analyzer.java:224)
	at org.jacoco.cli.internal.commands.Report.analyze(Report.java:110)
	at org.jacoco.cli.internal.commands.Report.execute(Report.java:84)
	at org.jacoco.cli.internal.Main.execute(Main.java:90)
	at org.jacoco.cli.internal.Main.main(Main.java:105)
cp: cannot stat '/home/ubuntu/tm-results/AmazeFileManager-3.4.2-#1837.apk.timemachine.result.emulator-5554#2026-08-16-22-42-34/coverage.xml': No such file or directory
 
--coverage when the new state is triggered: 0 current jacoco line coverage rate : 0
===================> PENALIZE STATE <=====================
deque(['OOAUT', '-583182176', '-807232268', '1947270924'], maxlen=10)
Frequent nodes 
[('-583182176', <state_graph.State instance at 0x79ace838c5f0>)]
the portion to the top 20% most frequent states: 0.25
--extracted id: 1947270924  num_controllable_widgets: 9
--event num: 1
--extracted id: 1947270924  num_controllable_widgets: 9
--event num: 2
--extracted id: 304021405  num_controllable_widgets: 16
--transiton occurs
--a new state is triggered and add 304021405 into the state graph.
get_jacoco_coverage- return code:  output: Broadcasting: Intent { act=edu.gatech.m3.emma.COLLECT_COVERAGE }
Broadcast completed: result=0
---
[COVERAGE FILE EXIST?]
coverage.ec
---
---
[VALIDATE COVERAGE FILE]$ java -jar /home/ubuntu/TimeMachine/fuzzingandroid/libs/jacococli.jar report /home/ubuntu/tm-results/AmazeFileManager-3.4.2-#1837.apk.timemachine.result.emulator-5554#2026-08-16-22-42-34/ec_files/emulator-55542026-08-16-22-57-22.ec  --classfiles /home/ubuntu/TimeMachine/instrumented_apps/AmazeFileManager/AmazeFileManager-#1837/app/build/intermediates/javac/fdroidDebug/classes/ --classfiles /home/ubuntu/TimeMachine/instrumented_apps/AmazeFileManager/AmazeFileManager-#1837/commons_compress_7z/build/intermediates/javac/debug/classes/ &> temp
---
---
[VALIDATE MESSAGE]
---
SUCCESS: coverage file is valid!
[INFO] Loading execution data file /home/ubuntu/tm-results/AmazeFileManager-3.4.2-#1837.apk.timemachine.result.emulator-5554#2026-08-16-22-42-34/ec_files/emulator-55542026-08-16-22-57-22.ec.
 /sdcard/coverage.ec: 1 file pulled, 0 skipped. 0.0 MB/s (1285 bytes in 0.367s)
Exception in thread "main" java.io.FileNotFoundException: /home/ubuntu/TimeMachine/instrumented_apps/AmazeFileManager/AmazeFileManager-#1837/app/build/intermediates/javac/fdroidDebug/classes (No such file or directory)
	at java.base/java.io.FileInputStream.open0(Native Method)
	at java.base/java.io.FileInputStream.open(FileInputStream.java:216)
	at java.base/java.io.FileInputStream.<init>(FileInputStream.java:157)
	at org.jacoco.cli.internal.core.analysis.Analyzer.analyzeAll(Analyzer.java:224)
	at org.jacoco.cli.internal.commands.Report.analyze(Report.java:110)
	at org.jacoco.cli.internal.commands.Report.execute(Report.java:84)
	at org.jacoco.cli.internal.Main.execute(Main.java:90)
	at org.jacoco.cli.internal.Main.main(Main.java:105)
 
compute_coverage-return code:  output: /home/ubuntu/tm-results/AmazeFileManager-3.4.2-#1837.apk.timemachine.result.emulator-5554#2026-08-16-22-42-34/ec_files/coveragetemp.ec /home/ubuntu/tm-results/AmazeFileManager-3.4.2-#1837.apk.timemachine.result.emulator-5554#2026-08-16-22-42-34/ec_files/emulator-55542026-08-16-22-53-16.ec /home/ubuntu/tm-results/AmazeFileManager-3.4.2-#1837.apk.timemachine.result.emulator-5554#2026-08-16-22-42-34/ec_files/emulator-55542026-08-16-22-54-09.ec /home/ubuntu/tm-results/AmazeFileManager-3.4.2-#1837.apk.timemachine.result.emulator-5554#2026-08-16-22-42-34/ec_files/emulator-55542026-08-16-22-56-41.ec /home/ubuntu/tm-results/AmazeFileManager-3.4.2-#1837.apk.timemachine.result.emulator-5554#2026-08-16-22-42-34/ec_files/emulator-55542026-08-16-22-56-52.ec /home/ubuntu/tm-results/AmazeFileManager-3.4.2-#1837.apk.timemachine.result.emulator-5554#2026-08-16-22-42-34/ec_files/emulator-55542026-08-16-22-57-09.ec /home/ubuntu/tm-results/AmazeFileManager-3.4.2-#1837.apk.timemachine.result.emulator-5554#2026-08-16-22-42-34/ec_files/emulator-55542026-08-16-22-57-22.ec
[INFO] Loading execution data file /home/ubuntu/tm-results/AmazeFileManager-3.4.2-#1837.apk.timemachine.result.emulator-5554#2026-08-16-22-42-34/ec_files/coveragetemp.ec.
[INFO] Loading execution data file /home/ubuntu/tm-results/AmazeFileManager-3.4.2-#1837.apk.timemachine.result.emulator-5554#2026-08-16-22-42-34/ec_files/emulator-55542026-08-16-22-53-16.ec.
[INFO] Loading execution data file /home/ubuntu/tm-results/AmazeFileManager-3.4.2-#1837.apk.timemachine.result.emulator-5554#2026-08-16-22-42-34/ec_files/emulator-55542026-08-16-22-54-09.ec.
[INFO] Loading execution data file /home/ubuntu/tm-results/AmazeFileManager-3.4.2-#1837.apk.timemachine.result.emulator-5554#2026-08-16-22-42-34/ec_files/emulator-55542026-08-16-22-56-41.ec.
[INFO] Loading execution data file /home/ubuntu/tm-results/AmazeFileManager-3.4.2-#1837.apk.timemachine.result.emulator-5554#2026-08-16-22-42-34/ec_files/emulator-55542026-08-16-22-56-52.ec.
[INFO] Loading execution data file /home/ubuntu/tm-results/AmazeFileManager-3.4.2-#1837.apk.timemachine.result.emulator-5554#2026-08-16-22-42-34/ec_files/emulator-55542026-08-16-22-57-09.ec.
[INFO] Loading execution data file /home/ubuntu/tm-results/AmazeFileManager-3.4.2-#1837.apk.timemachine.result.emulator-5554#2026-08-16-22-42-34/ec_files/emulator-55542026-08-16-22-57-22.ec.
  Exception in thread "main" java.io.FileNotFoundException: /home/ubuntu/TimeMachine/instrumented_apps/AmazeFileManager/AmazeFileManager-#1837/app/build/intermediates/javac/fdroidDebug/classes (No such file or directory)
	at java.base/java.io.FileInputStream.open0(Native Method)
	at java.base/java.io.FileInputStream.open(FileInputStream.java:216)
	at java.base/java.io.FileInputStream.<init>(FileInputStream.java:157)
	at org.jacoco.cli.internal.core.analysis.Analyzer.analyzeAll(Analyzer.java:224)
	at org.jacoco.cli.internal.commands.Report.analyze(Report.java:110)
	at org.jacoco.cli.internal.commands.Report.execute(Report.java:84)
	at org.jacoco.cli.internal.Main.execute(Main.java:90)
	at org.jacoco.cli.internal.Main.main(Main.java:105)
cp: cannot stat '/home/ubuntu/tm-results/AmazeFileManager-3.4.2-#1837.apk.timemachine.result.emulator-5554#2026-08-16-22-42-34/coverage.xml': No such file or directory
 
--coverage when the new state is triggered: 0 current jacoco line coverage rate : 0
===================> PENALIZE STATE <=====================
deque(['OOAUT', '-583182176', '-807232268', '1947270924', '304021405'], maxlen=10)
Frequent nodes 
[('-583182176', <state_graph.State instance at 0x79ace838c5f0>)]
the portion to the top 20% most frequent states: 0.2
--extracted id: -307486232  num_controllable_widgets: 0
--transiton occurs
--a new state is triggered and add -307486232 into the state graph.
!!!!!!!!!!!!!!!!!!!!!!!!!!! Generating system event !!!!!!!!!!!!!!!!!!!!!!!!!!!!!!!!!!!!!!!!!!!!!
start time:  1786920631.82   budget:  600.0   now: 1786921050.03
get_jacoco_coverage- return code:  output: Broadcasting: Intent { act=edu.gatech.m3.emma.COLLECT_COVERAGE }
Broadcast completed: result=0
---
[COVERAGE FILE EXIST?]
coverage.ec
---
---
[VALIDATE COVERAGE FILE]$ java -jar /home/ubuntu/TimeMachine/fuzzingandroid/libs/jacococli.jar report /home/ubuntu/tm-results/AmazeFileManager-3.4.2-#1837.apk.timemachine.result.emulator-5554#2026-08-16-22-42-34/ec_files/emulator-55542026-08-16-22-57-36.ec  --classfiles /home/ubuntu/TimeMachine/instrumented_apps/AmazeFileManager/AmazeFileManager-#1837/app/build/intermediates/javac/fdroidDebug/classes/ --classfiles /home/ubuntu/TimeMachine/instrumented_apps/AmazeFileManager/AmazeFileManager-#1837/commons_compress_7z/build/intermediates/javac/debug/classes/ &> temp
---
---
[VALIDATE MESSAGE]
---
SUCCESS: coverage file is valid!
[INFO] Loading execution data file /home/ubuntu/tm-results/AmazeFileManager-3.4.2-#1837.apk.timemachine.result.emulator-5554#2026-08-16-22-42-34/ec_files/emulator-55542026-08-16-22-57-36.ec.
 /sdcard/coverage.ec: 1 file pulled, 0 skipped. 0.1 MB/s (4637 bytes in 0.048s)
Exception in thread "main" java.io.FileNotFoundException: /home/ubuntu/TimeMachine/instrumented_apps/AmazeFileManager/AmazeFileManager-#1837/app/build/intermediates/javac/fdroidDebug/classes (No such file or directory)
	at java.base/java.io.FileInputStream.open0(Native Method)
	at java.base/java.io.FileInputStream.open(FileInputStream.java:216)
	at java.base/java.io.FileInputStream.<init>(FileInputStream.java:157)
	at org.jacoco.cli.internal.core.analysis.Analyzer.analyzeAll(Analyzer.java:224)
	at org.jacoco.cli.internal.commands.Report.analyze(Report.java:110)
	at org.jacoco.cli.internal.commands.Report.execute(Report.java:84)
	at org.jacoco.cli.internal.Main.execute(Main.java:90)
	at org.jacoco.cli.internal.Main.main(Main.java:105)
 
compute_coverage-return code:  output: /home/ubuntu/tm-results/AmazeFileManager-3.4.2-#1837.apk.timemachine.result.emulator-5554#2026-08-16-22-42-34/ec_files/coveragetemp.ec /home/ubuntu/tm-results/AmazeFileManager-3.4.2-#1837.apk.timemachine.result.emulator-5554#2026-08-16-22-42-34/ec_files/emulator-55542026-08-16-22-53-16.ec /home/ubuntu/tm-results/AmazeFileManager-3.4.2-#1837.apk.timemachine.result.emulator-5554#2026-08-16-22-42-34/ec_files/emulator-55542026-08-16-22-54-09.ec /home/ubuntu/tm-results/AmazeFileManager-3.4.2-#1837.apk.timemachine.result.emulator-5554#2026-08-16-22-42-34/ec_files/emulator-55542026-08-16-22-56-41.ec /home/ubuntu/tm-results/AmazeFileManager-3.4.2-#1837.apk.timemachine.result.emulator-5554#2026-08-16-22-42-34/ec_files/emulator-55542026-08-16-22-56-52.ec /home/ubuntu/tm-results/AmazeFileManager-3.4.2-#1837.apk.timemachine.result.emulator-5554#2026-08-16-22-42-34/ec_files/emulator-55542026-08-16-22-57-09.ec /home/ubuntu/tm-results/AmazeFileManager-3.4.2-#1837.apk.timemachine.result.emulator-5554#2026-08-16-22-42-34/ec_files/emulator-55542026-08-16-22-57-22.ec /home/ubuntu/tm-results/AmazeFileManager-3.4.2-#1837.apk.timemachine.result.emulator-5554#2026-08-16-22-42-34/ec_files/emulator-55542026-08-16-22-57-36.ec
[INFO] Loading execution data file /home/ubuntu/tm-results/AmazeFileManager-3.4.2-#1837.apk.timemachine.result.emulator-5554#2026-08-16-22-42-34/ec_files/coveragetemp.ec.
[INFO] Loading execution data file /home/ubuntu/tm-results/AmazeFileManager-3.4.2-#1837.apk.timemachine.result.emulator-5554#2026-08-16-22-42-34/ec_files/emulator-55542026-08-16-22-53-16.ec.
[INFO] Loading execution data file /home/ubuntu/tm-results/AmazeFileManager-3.4.2-#1837.apk.timemachine.result.emulator-5554#2026-08-16-22-42-34/ec_files/emulator-55542026-08-16-22-54-09.ec.
[INFO] Loading execution data file /home/ubuntu/tm-results/AmazeFileManager-3.4.2-#1837.apk.timemachine.result.emulator-5554#2026-08-16-22-42-34/ec_files/emulator-55542026-08-16-22-56-41.ec.
[INFO] Loading execution data file /home/ubuntu/tm-results/AmazeFileManager-3.4.2-#1837.apk.timemachine.result.emulator-5554#2026-08-16-22-42-34/ec_files/emulator-55542026-08-16-22-56-52.ec.
[INFO] Loading execution data file /home/ubuntu/tm-results/AmazeFileManager-3.4.2-#1837.apk.timemachine.result.emulator-5554#2026-08-16-22-42-34/ec_files/emulator-55542026-08-16-22-57-09.ec.
[INFO] Loading execution data file /home/ubuntu/tm-results/AmazeFileManager-3.4.2-#1837.apk.timemachine.result.emulator-5554#2026-08-16-22-42-34/ec_files/emulator-55542026-08-16-22-57-22.ec.
[INFO] Loading execution data file /home/ubuntu/tm-results/AmazeFileManager-3.4.2-#1837.apk.timemachine.result.emulator-5554#2026-08-16-22-42-34/ec_files/emulator-55542026-08-16-22-57-36.ec.
  Exception in thread "main" java.io.FileNotFoundException: /home/ubuntu/TimeMachine/instrumented_apps/AmazeFileManager/AmazeFileManager-#1837/app/build/intermediates/javac/fdroidDebug/classes (No such file or directory)
	at java.base/java.io.FileInputStream.open0(Native Method)
	at java.base/java.io.FileInputStream.open(FileInputStream.java:216)
	at java.base/java.io.FileInputStream.<init>(FileInputStream.java:157)
	at org.jacoco.cli.internal.core.analysis.Analyzer.analyzeAll(Analyzer.java:224)
	at org.jacoco.cli.internal.commands.Report.analyze(Report.java:110)
	at org.jacoco.cli.internal.commands.Report.execute(Report.java:84)
	at org.jacoco.cli.internal.Main.execute(Main.java:90)
	at org.jacoco.cli.internal.Main.main(Main.java:105)
cp: cannot stat '/home/ubuntu/tm-results/AmazeFileManager-3.4.2-#1837.apk.timemachine.result.emulator-5554#2026-08-16-22-42-34/coverage.xml': No such file or directory
 
--coverage when the new state is triggered: 0 current jacoco line coverage rate : 0
===================> PENALIZE STATE <=====================
deque(['OOAUT', '-583182176', '-807232268', '1947270924', '304021405', '-307486232'], maxlen=10)
Frequent nodes 
[('-583182176', <state_graph.State instance at 0x79ace838c5f0>)]
the portion to the top 20% most frequent states: 0.166666666667
--extracted id: -583182176  num_controllable_widgets: 0
--transiton occurs
--the state -583182176  exists
===================> PENALIZE STATE <=====================
deque(['OOAUT', '-583182176', '-807232268', '1947270924', '304021405', '-307486232', '-583182176'], maxlen=10)
Frequent nodes 
[('-583182176', <state_graph.State instance at 0x79ace838c5f0>)]
the portion to the top 20% most frequent states: 0.166666666667
--extracted id: -583182176  num_controllable_widgets: 0
--event num: 1
--extracted id: 304021405  num_controllable_widgets: 16
--transiton occurs
--the state 304021405  exists
===================> PENALIZE STATE <=====================
deque(['OOAUT', '-583182176', '-807232268', '1947270924', '304021405', '-307486232', '-583182176', '304021405'], maxlen=10)
Frequent nodes 
[('-583182176', <state_graph.State instance at 0x79ace838c5f0>)]
the portion to the top 20% most frequent states: 0.333333333333
--extracted id: 304021405  num_controllable_widgets: 16
--event num: 1
--extracted id: 304021405  num_controllable_widgets: 16
--event num: 2
--extracted id: 304021405  num_controllable_widgets: 16
--event num: 3
--extracted id: 304021405  num_controllable_widgets: 16
--event num: 4
--extracted id: 304021405  num_controllable_widgets: 16
--event num: 5
--extracted id: 304021405  num_controllable_widgets: 16
--event num: 6
--extracted id: 304021405  num_controllable_widgets: 16
--event num: 7
--extracted id: 1496732642  num_controllable_widgets: 16
--transiton occurs
--a new state is triggered and add 1496732642 into the state graph.
get_jacoco_coverage- return code:  output: Broadcasting: Intent { act=edu.gatech.m3.emma.COLLECT_COVERAGE }
Broadcast completed: result=0
---
[COVERAGE FILE EXIST?]
coverage.ec
---
---
[VALIDATE COVERAGE FILE]$ java -jar /home/ubuntu/TimeMachine/fuzzingandroid/libs/jacococli.jar report /home/ubuntu/tm-results/AmazeFileManager-3.4.2-#1837.apk.timemachine.result.emulator-5554#2026-08-16-22-42-34/ec_files/emulator-55542026-08-16-22-57-50.ec  --classfiles /home/ubuntu/TimeMachine/instrumented_apps/AmazeFileManager/AmazeFileManager-#1837/app/build/intermediates/javac/fdroidDebug/classes/ --classfiles /home/ubuntu/TimeMachine/instrumented_apps/AmazeFileManager/AmazeFileManager-#1837/commons_compress_7z/build/intermediates/javac/debug/classes/ &> temp
---
---
[VALIDATE MESSAGE]
---
SUCCESS: coverage file is valid!
[INFO] Loading execution data file /home/ubuntu/tm-results/AmazeFileManager-3.4.2-#1837.apk.timemachine.result.emulator-5554#2026-08-16-22-42-34/ec_files/emulator-55542026-08-16-22-57-50.ec.
 /sdcard/coverage.ec: 1 file pulled, 0 skipped. 0.0 MB/s (1954 bytes in 0.069s)
Exception in thread "main" java.io.FileNotFoundException: /home/ubuntu/TimeMachine/instrumented_apps/AmazeFileManager/AmazeFileManager-#1837/app/build/intermediates/javac/fdroidDebug/classes (No such file or directory)
	at java.base/java.io.FileInputStream.open0(Native Method)
	at java.base/java.io.FileInputStream.open(FileInputStream.java:216)
	at java.base/java.io.FileInputStream.<init>(FileInputStream.java:157)
	at org.jacoco.cli.internal.core.analysis.Analyzer.analyzeAll(Analyzer.java:224)
	at org.jacoco.cli.internal.commands.Report.analyze(Report.java:110)
	at org.jacoco.cli.internal.commands.Report.execute(Report.java:84)
	at org.jacoco.cli.internal.Main.execute(Main.java:90)
	at org.jacoco.cli.internal.Main.main(Main.java:105)
 
compute_coverage-return code:  output: /home/ubuntu/tm-results/AmazeFileManager-3.4.2-#1837.apk.timemachine.result.emulator-5554#2026-08-16-22-42-34/ec_files/coveragetemp.ec /home/ubuntu/tm-results/AmazeFileManager-3.4.2-#1837.apk.timemachine.result.emulator-5554#2026-08-16-22-42-34/ec_files/emulator-55542026-08-16-22-53-16.ec /home/ubuntu/tm-results/AmazeFileManager-3.4.2-#1837.apk.timemachine.result.emulator-5554#2026-08-16-22-42-34/ec_files/emulator-55542026-08-16-22-54-09.ec /home/ubuntu/tm-results/AmazeFileManager-3.4.2-#1837.apk.timemachine.result.emulator-5554#2026-08-16-22-42-34/ec_files/emulator-55542026-08-16-22-56-41.ec /home/ubuntu/tm-results/AmazeFileManager-3.4.2-#1837.apk.timemachine.result.emulator-5554#2026-08-16-22-42-34/ec_files/emulator-55542026-08-16-22-56-52.ec /home/ubuntu/tm-results/AmazeFileManager-3.4.2-#1837.apk.timemachine.result.emulator-5554#2026-08-16-22-42-34/ec_files/emulator-55542026-08-16-22-57-09.ec /home/ubuntu/tm-results/AmazeFileManager-3.4.2-#1837.apk.timemachine.result.emulator-5554#2026-08-16-22-42-34/ec_files/emulator-55542026-08-16-22-57-22.ec /home/ubuntu/tm-results/AmazeFileManager-3.4.2-#1837.apk.timemachine.result.emulator-5554#2026-08-16-22-42-34/ec_files/emulator-55542026-08-16-22-57-36.ec /home/ubuntu/tm-results/AmazeFileManager-3.4.2-#1837.apk.timemachine.result.emulator-5554#2026-08-16-22-42-34/ec_files/emulator-55542026-08-16-22-57-50.ec
[INFO] Loading execution data file /home/ubuntu/tm-results/AmazeFileManager-3.4.2-#1837.apk.timemachine.result.emulator-5554#2026-08-16-22-42-34/ec_files/coveragetemp.ec.
[INFO] Loading execution data file /home/ubuntu/tm-results/AmazeFileManager-3.4.2-#1837.apk.timemachine.result.emulator-5554#2026-08-16-22-42-34/ec_files/emulator-55542026-08-16-22-53-16.ec.
[INFO] Loading execution data file /home/ubuntu/tm-results/AmazeFileManager-3.4.2-#1837.apk.timemachine.result.emulator-5554#2026-08-16-22-42-34/ec_files/emulator-55542026-08-16-22-54-09.ec.
[INFO] Loading execution data file /home/ubuntu/tm-results/AmazeFileManager-3.4.2-#1837.apk.timemachine.result.emulator-5554#2026-08-16-22-42-34/ec_files/emulator-55542026-08-16-22-56-41.ec.
[INFO] Loading execution data file /home/ubuntu/tm-results/AmazeFileManager-3.4.2-#1837.apk.timemachine.result.emulator-5554#2026-08-16-22-42-34/ec_files/emulator-55542026-08-16-22-56-52.ec.
[INFO] Loading execution data file /home/ubuntu/tm-results/AmazeFileManager-3.4.2-#1837.apk.timemachine.result.emulator-5554#2026-08-16-22-42-34/ec_files/emulator-55542026-08-16-22-57-09.ec.
[INFO] Loading execution data file /home/ubuntu/tm-results/AmazeFileManager-3.4.2-#1837.apk.timemachine.result.emulator-5554#2026-08-16-22-42-34/ec_files/emulator-55542026-08-16-22-57-22.ec.
[INFO] Loading execution data file /home/ubuntu/tm-results/AmazeFileManager-3.4.2-#1837.apk.timemachine.result.emulator-5554#2026-08-16-22-42-34/ec_files/emulator-55542026-08-16-22-57-36.ec.
[INFO] Loading execution data file /home/ubuntu/tm-results/AmazeFileManager-3.4.2-#1837.apk.timemachine.result.emulator-5554#2026-08-16-22-42-34/ec_files/emulator-55542026-08-16-22-57-50.ec.
  Exception in thread "main" java.io.FileNotFoundException: /home/ubuntu/TimeMachine/instrumented_apps/AmazeFileManager/AmazeFileManager-#1837/app/build/intermediates/javac/fdroidDebug/classes (No such file or directory)
	at java.base/java.io.FileInputStream.open0(Native Method)
	at java.base/java.io.FileInputStream.open(FileInputStream.java:216)
	at java.base/java.io.FileInputStream.<init>(FileInputStream.java:157)
	at org.jacoco.cli.internal.core.analysis.Analyzer.analyzeAll(Analyzer.java:224)
	at org.jacoco.cli.internal.commands.Report.analyze(Report.java:110)
	at org.jacoco.cli.internal.commands.Report.execute(Report.java:84)
	at org.jacoco.cli.internal.Main.execute(Main.java:90)
	at org.jacoco.cli.internal.Main.main(Main.java:105)
cp: cannot stat '/home/ubuntu/tm-results/AmazeFileManager-3.4.2-#1837.apk.timemachine.result.emulator-5554#2026-08-16-22-42-34/coverage.xml': No such file or directory
 
--coverage when the new state is triggered: 0 current jacoco line coverage rate : 0
===================> PENALIZE STATE <=====================
deque(['OOAUT', '-583182176', '-807232268', '1947270924', '304021405', '-307486232', '-583182176', '304021405', '1496732642'], maxlen=10)
Frequent nodes 
[('-583182176', <state_graph.State instance at 0x79ace838c5f0>)]
the portion to the top 20% most frequent states: 0.285714285714
--extracted id: -307486232  num_controllable_widgets: 0
--transiton occurs
--the state -307486232  exists
===================> PENALIZE STATE <=====================
deque(['OOAUT', '-583182176', '-807232268', '1947270924', '304021405', '-307486232', '-583182176', '304021405', '1496732642', '-307486232'], maxlen=10)
Frequent nodes 
[('-583182176', <state_graph.State instance at 0x79ace838c5f0>)]
the portion to the top 20% most frequent states: 0.428571428571
Frequent nodes 
[('-583182176', <state_graph.State instance at 0x79ace838c5f0>)]
--extracted id: -583182176  num_controllable_widgets: 0
--transiton occurs
--the state -583182176  exists
===================> PENALIZE STATE <=====================
deque(['-583182176', '-807232268', '1947270924', '304021405', '-307486232', '-583182176', '304021405', '1496732642', '-307486232', '-583182176'], maxlen=10)
Frequent nodes 
[('-583182176', <state_graph.State instance at 0x79ace838c5f0>)]
the portion to the top 20% most frequent states: 0.5
Frequent nodes 
[('-583182176', <state_graph.State instance at 0x79ace838c5f0>)]
--extracted id: -583182176  num_controllable_widgets: 0
--event num: 1
--extracted id: -583182176  num_controllable_widgets: 0
--event num: 2
--extracted id: -583182176  num_controllable_widgets: 0
--event num: 3
--extracted id: -583182176  num_controllable_widgets: 0
--event num: 4
--extracted id: -583182176  num_controllable_widgets: 0
--event num: 5
--extracted id: 1496732642  num_controllable_widgets: 16
--transiton occurs
--the state 1496732642  exists
===================> PENALIZE STATE <=====================
deque(['-807232268', '1947270924', '304021405', '-307486232', '-583182176', '304021405', '1496732642', '-307486232', '-583182176', '1496732642'], maxlen=10)
Frequent nodes 
[('-583182176', <state_graph.State instance at 0x79ace838c5f0>)]
the portion to the top 20% most frequent states: 0.666666666667
Frequent nodes 
[('-583182176', <state_graph.State instance at 0x79ace838c5f0>)]
--extracted id: -973462079  num_controllable_widgets: 8
--transiton occurs
--a new state is triggered and add -973462079 into the state graph.
get_jacoco_coverage- return code:  output: Broadcasting: Intent { act=edu.gatech.m3.emma.COLLECT_COVERAGE }
Broadcast completed: result=0
---
[COVERAGE FILE EXIST?]
coverage.ec
---
---
[VALIDATE COVERAGE FILE]$ java -jar /home/ubuntu/TimeMachine/fuzzingandroid/libs/jacococli.jar report /home/ubuntu/tm-results/AmazeFileManager-3.4.2-#1837.apk.timemachine.result.emulator-5554#2026-08-16-22-42-34/ec_files/emulator-55542026-08-16-22-58-11.ec  --classfiles /home/ubuntu/TimeMachine/instrumented_apps/AmazeFileManager/AmazeFileManager-#1837/app/build/intermediates/javac/fdroidDebug/classes/ --classfiles /home/ubuntu/TimeMachine/instrumented_apps/AmazeFileManager/AmazeFileManager-#1837/commons_compress_7z/build/intermediates/javac/debug/classes/ &> temp
---
---
[VALIDATE MESSAGE]
---
SUCCESS: coverage file is valid!
[INFO] Loading execution data file /home/ubuntu/tm-results/AmazeFileManager-3.4.2-#1837.apk.timemachine.result.emulator-5554#2026-08-16-22-42-34/ec_files/emulator-55542026-08-16-22-58-11.ec.
 /sdcard/coverage.ec: 1 file pulled, 0 skipped. 0.0 MB/s (1316 bytes in 0.060s)
Exception in thread "main" java.io.FileNotFoundException: /home/ubuntu/TimeMachine/instrumented_apps/AmazeFileManager/AmazeFileManager-#1837/app/build/intermediates/javac/fdroidDebug/classes (No such file or directory)
	at java.base/java.io.FileInputStream.open0(Native Method)
	at java.base/java.io.FileInputStream.open(FileInputStream.java:216)
	at java.base/java.io.FileInputStream.<init>(FileInputStream.java:157)
	at org.jacoco.cli.internal.core.analysis.Analyzer.analyzeAll(Analyzer.java:224)
	at org.jacoco.cli.internal.commands.Report.analyze(Report.java:110)
	at org.jacoco.cli.internal.commands.Report.execute(Report.java:84)
	at org.jacoco.cli.internal.Main.execute(Main.java:90)
	at org.jacoco.cli.internal.Main.main(Main.java:105)
 
compute_coverage-return code:  output: /home/ubuntu/tm-results/AmazeFileManager-3.4.2-#1837.apk.timemachine.result.emulator-5554#2026-08-16-22-42-34/ec_files/coveragetemp.ec /home/ubuntu/tm-results/AmazeFileManager-3.4.2-#1837.apk.timemachine.result.emulator-5554#2026-08-16-22-42-34/ec_files/emulator-55542026-08-16-22-53-16.ec /home/ubuntu/tm-results/AmazeFileManager-3.4.2-#1837.apk.timemachine.result.emulator-5554#2026-08-16-22-42-34/ec_files/emulator-55542026-08-16-22-54-09.ec /home/ubuntu/tm-results/AmazeFileManager-3.4.2-#1837.apk.timemachine.result.emulator-5554#2026-08-16-22-42-34/ec_files/emulator-55542026-08-16-22-56-41.ec /home/ubuntu/tm-results/AmazeFileManager-3.4.2-#1837.apk.timemachine.result.emulator-5554#2026-08-16-22-42-34/ec_files/emulator-55542026-08-16-22-56-52.ec /home/ubuntu/tm-results/AmazeFileManager-3.4.2-#1837.apk.timemachine.result.emulator-5554#2026-08-16-22-42-34/ec_files/emulator-55542026-08-16-22-57-09.ec /home/ubuntu/tm-results/AmazeFileManager-3.4.2-#1837.apk.timemachine.result.emulator-5554#2026-08-16-22-42-34/ec_files/emulator-55542026-08-16-22-57-22.ec /home/ubuntu/tm-results/AmazeFileManager-3.4.2-#1837.apk.timemachine.result.emulator-5554#2026-08-16-22-42-34/ec_files/emulator-55542026-08-16-22-57-36.ec /home/ubuntu/tm-results/AmazeFileManager-3.4.2-#1837.apk.timemachine.result.emulator-5554#2026-08-16-22-42-34/ec_files/emulator-55542026-08-16-22-57-50.ec /home/ubuntu/tm-results/AmazeFileManager-3.4.2-#1837.apk.timemachine.result.emulator-5554#2026-08-16-22-42-34/ec_files/emulator-55542026-08-16-22-58-11.ec
[INFO] Loading execution data file /home/ubuntu/tm-results/AmazeFileManager-3.4.2-#1837.apk.timemachine.result.emulator-5554#2026-08-16-22-42-34/ec_files/coveragetemp.ec.
[INFO] Loading execution data file /home/ubuntu/tm-results/AmazeFileManager-3.4.2-#1837.apk.timemachine.result.emulator-5554#2026-08-16-22-42-34/ec_files/emulator-55542026-08-16-22-53-16.ec.
[INFO] Loading execution data file /home/ubuntu/tm-results/AmazeFileManager-3.4.2-#1837.apk.timemachine.result.emulator-5554#2026-08-16-22-42-34/ec_files/emulator-55542026-08-16-22-54-09.ec.
[INFO] Loading execution data file /home/ubuntu/tm-results/AmazeFileManager-3.4.2-#1837.apk.timemachine.result.emulator-5554#2026-08-16-22-42-34/ec_files/emulator-55542026-08-16-22-56-41.ec.
[INFO] Loading execution data file /home/ubuntu/tm-results/AmazeFileManager-3.4.2-#1837.apk.timemachine.result.emulator-5554#2026-08-16-22-42-34/ec_files/emulator-55542026-08-16-22-56-52.ec.
[INFO] Loading execution data file /home/ubuntu/tm-results/AmazeFileManager-3.4.2-#1837.apk.timemachine.result.emulator-5554#2026-08-16-22-42-34/ec_files/emulator-55542026-08-16-22-57-09.ec.
[INFO] Loading execution data file /home/ubuntu/tm-results/AmazeFileManager-3.4.2-#1837.apk.timemachine.result.emulator-5554#2026-08-16-22-42-34/ec_files/emulator-55542026-08-16-22-57-22.ec.
[INFO] Loading execution data file /home/ubuntu/tm-results/AmazeFileManager-3.4.2-#1837.apk.timemachine.result.emulator-5554#2026-08-16-22-42-34/ec_files/emulator-55542026-08-16-22-57-36.ec.
[INFO] Loading execution data file /home/ubuntu/tm-results/AmazeFileManager-3.4.2-#1837.apk.timemachine.result.emulator-5554#2026-08-16-22-42-34/ec_files/emulator-55542026-08-16-22-57-50.ec.
[INFO] Loading execution data file /home/ubuntu/tm-results/AmazeFileManager-3.4.2-#1837.apk.timemachine.result.emulator-5554#2026-08-16-22-42-34/ec_files/emulator-55542026-08-16-22-58-11.ec.
  Exception in thread "main" java.io.FileNotFoundException: /home/ubuntu/TimeMachine/instrumented_apps/AmazeFileManager/AmazeFileManager-#1837/app/build/intermediates/javac/fdroidDebug/classes (No such file or directory)
	at java.base/java.io.FileInputStream.open0(Native Method)
	at java.base/java.io.FileInputStream.open(FileInputStream.java:216)
	at java.base/java.io.FileInputStream.<init>(FileInputStream.java:157)
	at org.jacoco.cli.internal.core.analysis.Analyzer.analyzeAll(Analyzer.java:224)
	at org.jacoco.cli.internal.commands.Report.analyze(Report.java:110)
	at org.jacoco.cli.internal.commands.Report.execute(Report.java:84)
	at org.jacoco.cli.internal.Main.execute(Main.java:90)
	at org.jacoco.cli.internal.Main.main(Main.java:105)
cp: cannot stat '/home/ubuntu/tm-results/AmazeFileManager-3.4.2-#1837.apk.timemachine.result.emulator-5554#2026-08-16-22-42-34/coverage.xml': No such file or directory
 
--coverage when the new state is triggered: 0 current jacoco line coverage rate : 0
===================> PENALIZE STATE <=====================
deque(['1947270924', '304021405', '-307486232', '-583182176', '304021405', '1496732642', '-307486232', '-583182176', '1496732642', '-973462079'], maxlen=10)
Frequent nodes 
[('-583182176', <state_graph.State instance at 0x79ace838c5f0>)]
the portion to the top 20% most frequent states: 0.666666666667
Frequent nodes 
[('-583182176', <state_graph.State instance at 0x79ace838c5f0>)]
--extracted id: 1218673144  num_controllable_widgets: 5
--transiton occurs
--a new state is triggered and add 1218673144 into the state graph.
get_jacoco_coverage- return code:  output: Broadcasting: Intent { act=edu.gatech.m3.emma.COLLECT_COVERAGE }
Broadcast completed: result=0
---
[COVERAGE FILE EXIST?]
coverage.ec
---
---
[VALIDATE COVERAGE FILE]$ java -jar /home/ubuntu/TimeMachine/fuzzingandroid/libs/jacococli.jar report /home/ubuntu/tm-results/AmazeFileManager-3.4.2-#1837.apk.timemachine.result.emulator-5554#2026-08-16-22-42-34/ec_files/emulator-55542026-08-16-22-58-34.ec  --classfiles /home/ubuntu/TimeMachine/instrumented_apps/AmazeFileManager/AmazeFileManager-#1837/app/build/intermediates/javac/fdroidDebug/classes/ --classfiles /home/ubuntu/TimeMachine/instrumented_apps/AmazeFileManager/AmazeFileManager-#1837/commons_compress_7z/build/intermediates/javac/debug/classes/ &> temp
---
---
[VALIDATE MESSAGE]
---
SUCCESS: coverage file is valid!
[INFO] Loading execution data file /home/ubuntu/tm-results/AmazeFileManager-3.4.2-#1837.apk.timemachine.result.emulator-5554#2026-08-16-22-42-34/ec_files/emulator-55542026-08-16-22-58-34.ec.
 /sdcard/coverage.ec: 1 file pulled, 0 skipped. 0.1 MB/s (2830 bytes in 0.022s)
Exception in thread "main" java.io.FileNotFoundException: /home/ubuntu/TimeMachine/instrumented_apps/AmazeFileManager/AmazeFileManager-#1837/app/build/intermediates/javac/fdroidDebug/classes (No such file or directory)
	at java.base/java.io.FileInputStream.open0(Native Method)
	at java.base/java.io.FileInputStream.open(FileInputStream.java:216)
	at java.base/java.io.FileInputStream.<init>(FileInputStream.java:157)
	at org.jacoco.cli.internal.core.analysis.Analyzer.analyzeAll(Analyzer.java:224)
	at org.jacoco.cli.internal.commands.Report.analyze(Report.java:110)
	at org.jacoco.cli.internal.commands.Report.execute(Report.java:84)
	at org.jacoco.cli.internal.Main.execute(Main.java:90)
	at org.jacoco.cli.internal.Main.main(Main.java:105)
 
compute_coverage-return code:  output: /home/ubuntu/tm-results/AmazeFileManager-3.4.2-#1837.apk.timemachine.result.emulator-5554#2026-08-16-22-42-34/ec_files/coveragetemp.ec /home/ubuntu/tm-results/AmazeFileManager-3.4.2-#1837.apk.timemachine.result.emulator-5554#2026-08-16-22-42-34/ec_files/emulator-55542026-08-16-22-53-16.ec /home/ubuntu/tm-results/AmazeFileManager-3.4.2-#1837.apk.timemachine.result.emulator-5554#2026-08-16-22-42-34/ec_files/emulator-55542026-08-16-22-54-09.ec /home/ubuntu/tm-results/AmazeFileManager-3.4.2-#1837.apk.timemachine.result.emulator-5554#2026-08-16-22-42-34/ec_files/emulator-55542026-08-16-22-56-41.ec /home/ubuntu/tm-results/AmazeFileManager-3.4.2-#1837.apk.timemachine.result.emulator-5554#2026-08-16-22-42-34/ec_files/emulator-55542026-08-16-22-56-52.ec /home/ubuntu/tm-results/AmazeFileManager-3.4.2-#1837.apk.timemachine.result.emulator-5554#2026-08-16-22-42-34/ec_files/emulator-55542026-08-16-22-57-09.ec /home/ubuntu/tm-results/AmazeFileManager-3.4.2-#1837.apk.timemachine.result.emulator-5554#2026-08-16-22-42-34/ec_files/emulator-55542026-08-16-22-57-22.ec /home/ubuntu/tm-results/AmazeFileManager-3.4.2-#1837.apk.timemachine.result.emulator-5554#2026-08-16-22-42-34/ec_files/emulator-55542026-08-16-22-57-36.ec /home/ubuntu/tm-results/AmazeFileManager-3.4.2-#1837.apk.timemachine.result.emulator-5554#2026-08-16-22-42-34/ec_files/emulator-55542026-08-16-22-57-50.ec /home/ubuntu/tm-results/AmazeFileManager-3.4.2-#1837.apk.timemachine.result.emulator-5554#2026-08-16-22-42-34/ec_files/emulator-55542026-08-16-22-58-11.ec /home/ubuntu/tm-results/AmazeFileManager-3.4.2-#1837.apk.timemachine.result.emulator-5554#2026-08-16-22-42-34/ec_files/emulator-55542026-08-16-22-58-34.ec
[INFO] Loading execution data file /home/ubuntu/tm-results/AmazeFileManager-3.4.2-#1837.apk.timemachine.result.emulator-5554#2026-08-16-22-42-34/ec_files/coveragetemp.ec.
[INFO] Loading execution data file /home/ubuntu/tm-results/AmazeFileManager-3.4.2-#1837.apk.timemachine.result.emulator-5554#2026-08-16-22-42-34/ec_files/emulator-55542026-08-16-22-53-16.ec.
[INFO] Loading execution data file /home/ubuntu/tm-results/AmazeFileManager-3.4.2-#1837.apk.timemachine.result.emulator-5554#2026-08-16-22-42-34/ec_files/emulator-55542026-08-16-22-54-09.ec.
[INFO] Loading execution data file /home/ubuntu/tm-results/AmazeFileManager-3.4.2-#1837.apk.timemachine.result.emulator-5554#2026-08-16-22-42-34/ec_files/emulator-55542026-08-16-22-56-41.ec.
[INFO] Loading execution data file /home/ubuntu/tm-results/AmazeFileManager-3.4.2-#1837.apk.timemachine.result.emulator-5554#2026-08-16-22-42-34/ec_files/emulator-55542026-08-16-22-56-52.ec.
[INFO] Loading execution data file /home/ubuntu/tm-results/AmazeFileManager-3.4.2-#1837.apk.timemachine.result.emulator-5554#2026-08-16-22-42-34/ec_files/emulator-55542026-08-16-22-57-09.ec.
[INFO] Loading execution data file /home/ubuntu/tm-results/AmazeFileManager-3.4.2-#1837.apk.timemachine.result.emulator-5554#2026-08-16-22-42-34/ec_files/emulator-55542026-08-16-22-57-22.ec.
[INFO] Loading execution data file /home/ubuntu/tm-results/AmazeFileManager-3.4.2-#1837.apk.timemachine.result.emulator-5554#2026-08-16-22-42-34/ec_files/emulator-55542026-08-16-22-57-36.ec.
[INFO] Loading execution data file /home/ubuntu/tm-results/AmazeFileManager-3.4.2-#1837.apk.timemachine.result.emulator-5554#2026-08-16-22-42-34/ec_files/emulator-55542026-08-16-22-57-50.ec.
[INFO] Loading execution data file /home/ubuntu/tm-results/AmazeFileManager-3.4.2-#1837.apk.timemachine.result.emulator-5554#2026-08-16-22-42-34/ec_files/emulator-55542026-08-16-22-58-11.ec.
[INFO] Loading execution data file /home/ubuntu/tm-results/AmazeFileManager-3.4.2-#1837.apk.timemachine.result.emulator-5554#2026-08-16-22-42-34/ec_files/emulator-55542026-08-16-22-58-34.ec.
  Exception in thread "main" java.io.FileNotFoundException: /home/ubuntu/TimeMachine/instrumented_apps/AmazeFileManager/AmazeFileManager-#1837/app/build/intermediates/javac/fdroidDebug/classes (No such file or directory)
	at java.base/java.io.FileInputStream.open0(Native Method)
	at java.base/java.io.FileInputStream.open(FileInputStream.java:216)
	at java.base/java.io.FileInputStream.<init>(FileInputStream.java:157)
	at org.jacoco.cli.internal.core.analysis.Analyzer.analyzeAll(Analyzer.java:224)
	at org.jacoco.cli.internal.commands.Report.analyze(Report.java:110)
	at org.jacoco.cli.internal.commands.Report.execute(Report.java:84)
	at org.jacoco.cli.internal.Main.execute(Main.java:90)
	at org.jacoco.cli.internal.Main.main(Main.java:105)
cp: cannot stat '/home/ubuntu/tm-results/AmazeFileManager-3.4.2-#1837.apk.timemachine.result.emulator-5554#2026-08-16-22-42-34/coverage.xml': No such file or directory
 
--coverage when the new state is triggered: 0 current jacoco line coverage rate : 0
===================> PENALIZE STATE <=====================
deque(['304021405', '-307486232', '-583182176', '304021405', '1496732642', '-307486232', '-583182176', '1496732642', '-973462079', '1218673144'], maxlen=10)
Frequent nodes 
[('-583182176', <state_graph.State instance at 0x79ace838c5f0>), ('-307486232', <state_graph.State instance at 0x79ace838caf0>)]
the portion to the top 20% most frequent states: 0.666666666667
Frequent nodes 
[('-583182176', <state_graph.State instance at 0x79ace838c5f0>), ('-307486232', <state_graph.State instance at 0x79ace838caf0>)]
--extracted id: 1218673144  num_controllable_widgets: 5
--event num: 1
--extracted id: 1003410873  num_controllable_widgets: 7
--transiton occurs
--a new state is triggered and add 1003410873 into the state graph.
!!!!!!!!!!!!!!!!!!!!!!!!!!! Generating system event !!!!!!!!!!!!!!!!!!!!!!!!!!!!!!!!!!!!!!!!!!!!!
start time:  1786920631.82   budget:  600.0   now: 1786921128.05
get_jacoco_coverage- return code:  output: Broadcasting: Intent { act=edu.gatech.m3.emma.COLLECT_COVERAGE }
Broadcast completed: result=0
---
[COVERAGE FILE EXIST?]
coverage.ec
---
---
[VALIDATE COVERAGE FILE]$ java -jar /home/ubuntu/TimeMachine/fuzzingandroid/libs/jacococli.jar report /home/ubuntu/tm-results/AmazeFileManager-3.4.2-#1837.apk.timemachine.result.emulator-5554#2026-08-16-22-42-34/ec_files/emulator-55542026-08-16-22-58-50.ec  --classfiles /home/ubuntu/TimeMachine/instrumented_apps/AmazeFileManager/AmazeFileManager-#1837/app/build/intermediates/javac/fdroidDebug/classes/ --classfiles /home/ubuntu/TimeMachine/instrumented_apps/AmazeFileManager/AmazeFileManager-#1837/commons_compress_7z/build/intermediates/javac/debug/classes/ &> temp
---
---
[VALIDATE MESSAGE]
---
SUCCESS: coverage file is valid!
[INFO] Loading execution data file /home/ubuntu/tm-results/AmazeFileManager-3.4.2-#1837.apk.timemachine.result.emulator-5554#2026-08-16-22-42-34/ec_files/emulator-55542026-08-16-22-58-50.ec.
 /sdcard/coverage.ec: 1 file pulled, 0 skipped. 0.6 MB/s (4558 bytes in 0.007s)
Exception in thread "main" java.io.FileNotFoundException: /home/ubuntu/TimeMachine/instrumented_apps/AmazeFileManager/AmazeFileManager-#1837/app/build/intermediates/javac/fdroidDebug/classes (No such file or directory)
	at java.base/java.io.FileInputStream.open0(Native Method)
	at java.base/java.io.FileInputStream.open(FileInputStream.java:216)
	at java.base/java.io.FileInputStream.<init>(FileInputStream.java:157)
	at org.jacoco.cli.internal.core.analysis.Analyzer.analyzeAll(Analyzer.java:224)
	at org.jacoco.cli.internal.commands.Report.analyze(Report.java:110)
	at org.jacoco.cli.internal.commands.Report.execute(Report.java:84)
	at org.jacoco.cli.internal.Main.execute(Main.java:90)
	at org.jacoco.cli.internal.Main.main(Main.java:105)
 
compute_coverage-return code:  output: /home/ubuntu/tm-results/AmazeFileManager-3.4.2-#1837.apk.timemachine.result.emulator-5554#2026-08-16-22-42-34/ec_files/coveragetemp.ec /home/ubuntu/tm-results/AmazeFileManager-3.4.2-#1837.apk.timemachine.result.emulator-5554#2026-08-16-22-42-34/ec_files/emulator-55542026-08-16-22-53-16.ec /home/ubuntu/tm-results/AmazeFileManager-3.4.2-#1837.apk.timemachine.result.emulator-5554#2026-08-16-22-42-34/ec_files/emulator-55542026-08-16-22-54-09.ec /home/ubuntu/tm-results/AmazeFileManager-3.4.2-#1837.apk.timemachine.result.emulator-5554#2026-08-16-22-42-34/ec_files/emulator-55542026-08-16-22-56-41.ec /home/ubuntu/tm-results/AmazeFileManager-3.4.2-#1837.apk.timemachine.result.emulator-5554#2026-08-16-22-42-34/ec_files/emulator-55542026-08-16-22-56-52.ec /home/ubuntu/tm-results/AmazeFileManager-3.4.2-#1837.apk.timemachine.result.emulator-5554#2026-08-16-22-42-34/ec_files/emulator-55542026-08-16-22-57-09.ec /home/ubuntu/tm-results/AmazeFileManager-3.4.2-#1837.apk.timemachine.result.emulator-5554#2026-08-16-22-42-34/ec_files/emulator-55542026-08-16-22-57-22.ec /home/ubuntu/tm-results/AmazeFileManager-3.4.2-#1837.apk.timemachine.result.emulator-5554#2026-08-16-22-42-34/ec_files/emulator-55542026-08-16-22-57-36.ec /home/ubuntu/tm-results/AmazeFileManager-3.4.2-#1837.apk.timemachine.result.emulator-5554#2026-08-16-22-42-34/ec_files/emulator-55542026-08-16-22-57-50.ec /home/ubuntu/tm-results/AmazeFileManager-3.4.2-#1837.apk.timemachine.result.emulator-5554#2026-08-16-22-42-34/ec_files/emulator-55542026-08-16-22-58-11.ec /home/ubuntu/tm-results/AmazeFileManager-3.4.2-#1837.apk.timemachine.result.emulator-5554#2026-08-16-22-42-34/ec_files/emulator-55542026-08-16-22-58-34.ec /home/ubuntu/tm-results/AmazeFileManager-3.4.2-#1837.apk.timemachine.result.emulator-5554#2026-08-16-22-42-34/ec_files/emulator-55542026-08-16-22-58-50.ec
[INFO] Loading execution data file /home/ubuntu/tm-results/AmazeFileManager-3.4.2-#1837.apk.timemachine.result.emulator-5554#2026-08-16-22-42-34/ec_files/coveragetemp.ec.
[INFO] Loading execution data file /home/ubuntu/tm-results/AmazeFileManager-3.4.2-#1837.apk.timemachine.result.emulator-5554#2026-08-16-22-42-34/ec_files/emulator-55542026-08-16-22-53-16.ec.
[INFO] Loading execution data file /home/ubuntu/tm-results/AmazeFileManager-3.4.2-#1837.apk.timemachine.result.emulator-5554#2026-08-16-22-42-34/ec_files/emulator-55542026-08-16-22-54-09.ec.
[INFO] Loading execution data file /home/ubuntu/tm-results/AmazeFileManager-3.4.2-#1837.apk.timemachine.result.emulator-5554#2026-08-16-22-42-34/ec_files/emulator-55542026-08-16-22-56-41.ec.
[INFO] Loading execution data file /home/ubuntu/tm-results/AmazeFileManager-3.4.2-#1837.apk.timemachine.result.emulator-5554#2026-08-16-22-42-34/ec_files/emulator-55542026-08-16-22-56-52.ec.
[INFO] Loading execution data file /home/ubuntu/tm-results/AmazeFileManager-3.4.2-#1837.apk.timemachine.result.emulator-5554#2026-08-16-22-42-34/ec_files/emulator-55542026-08-16-22-57-09.ec.
[INFO] Loading execution data file /home/ubuntu/tm-results/AmazeFileManager-3.4.2-#1837.apk.timemachine.result.emulator-5554#2026-08-16-22-42-34/ec_files/emulator-55542026-08-16-22-57-22.ec.
[INFO] Loading execution data file /home/ubuntu/tm-results/AmazeFileManager-3.4.2-#1837.apk.timemachine.result.emulator-5554#2026-08-16-22-42-34/ec_files/emulator-55542026-08-16-22-57-36.ec.
[INFO] Loading execution data file /home/ubuntu/tm-results/AmazeFileManager-3.4.2-#1837.apk.timemachine.result.emulator-5554#2026-08-16-22-42-34/ec_files/emulator-55542026-08-16-22-57-50.ec.
[INFO] Loading execution data file /home/ubuntu/tm-results/AmazeFileManager-3.4.2-#1837.apk.timemachine.result.emulator-5554#2026-08-16-22-42-34/ec_files/emulator-55542026-08-16-22-58-11.ec.
[INFO] Loading execution data file /home/ubuntu/tm-results/AmazeFileManager-3.4.2-#1837.apk.timemachine.result.emulator-5554#2026-08-16-22-42-34/ec_files/emulator-55542026-08-16-22-58-34.ec.
[INFO] Loading execution data file /home/ubuntu/tm-results/AmazeFileManager-3.4.2-#1837.apk.timemachine.result.emulator-5554#2026-08-16-22-42-34/ec_files/emulator-55542026-08-16-22-58-50.ec.
  Exception in thread "main" java.io.FileNotFoundException: /home/ubuntu/TimeMachine/instrumented_apps/AmazeFileManager/AmazeFileManager-#1837/app/build/intermediates/javac/fdroidDebug/classes (No such file or directory)
	at java.base/java.io.FileInputStream.open0(Native Method)
	at java.base/java.io.FileInputStream.open(FileInputStream.java:216)
	at java.base/java.io.FileInputStream.<init>(FileInputStream.java:157)
	at org.jacoco.cli.internal.core.analysis.Analyzer.analyzeAll(Analyzer.java:224)
	at org.jacoco.cli.internal.commands.Report.analyze(Report.java:110)
	at org.jacoco.cli.internal.commands.Report.execute(Report.java:84)
	at org.jacoco.cli.internal.Main.execute(Main.java:90)
	at org.jacoco.cli.internal.Main.main(Main.java:105)
cp: cannot stat '/home/ubuntu/tm-results/AmazeFileManager-3.4.2-#1837.apk.timemachine.result.emulator-5554#2026-08-16-22-42-34/coverage.xml': No such file or directory
 
--coverage when the new state is triggered: 0 current jacoco line coverage rate : 0
===================> PENALIZE STATE <=====================
deque(['-307486232', '-583182176', '304021405', '1496732642', '-307486232', '-583182176', '1496732642', '-973462079', '1218673144', '1003410873'], maxlen=10)
Frequent nodes 
[('-583182176', <state_graph.State instance at 0x79ace838c5f0>), ('-307486232', <state_graph.State instance at 0x79ace838caf0>)]
the portion to the top 20% most frequent states: 0.428571428571
Frequent nodes 
[('-583182176', <state_graph.State instance at 0x79ace838c5f0>), ('-307486232', <state_graph.State instance at 0x79ace838caf0>)]
--extracted id: 1003410873  num_controllable_widgets: 7
--event num: 1
--extracted id: -307486232  num_controllable_widgets: 0
--transiton occurs
--the state -307486232  exists
===================> PENALIZE STATE <=====================
deque(['-583182176', '304021405', '1496732642', '-307486232', '-583182176', '1496732642', '-973462079', '1218673144', '1003410873', '-307486232'], maxlen=10)
Frequent nodes 
[('-583182176', <state_graph.State instance at 0x79ace838c5f0>), ('-307486232', <state_graph.State instance at 0x79ace838caf0>)]
the portion to the top 20% most frequent states: 0.428571428571
Frequent nodes 
[('-583182176', <state_graph.State instance at 0x79ace838c5f0>), ('-307486232', <state_graph.State instance at 0x79ace838caf0>)]
--extracted id: -583182176  num_controllable_widgets: 0
--transiton occurs
--the state -583182176  exists
===================> PENALIZE STATE <=====================
deque(['304021405', '1496732642', '-307486232', '-583182176', '1496732642', '-973462079', '1218673144', '1003410873', '-307486232', '-583182176'], maxlen=10)
Frequent nodes 
[('-583182176', <state_graph.State instance at 0x79ace838c5f0>), ('-307486232', <state_graph.State instance at 0x79ace838caf0>)]
the portion to the top 20% most frequent states: 0.428571428571
Frequent nodes 
[('-583182176', <state_graph.State instance at 0x79ace838c5f0>), ('-307486232', <state_graph.State instance at 0x79ace838caf0>)]
--extracted id: 1003410873  num_controllable_widgets: 7
--transiton occurs
--the state 1003410873  exists
===================> PENALIZE STATE <=====================
deque(['1496732642', '-307486232', '-583182176', '1496732642', '-973462079', '1218673144', '1003410873', '-307486232', '-583182176', '1003410873'], maxlen=10)
Frequent nodes 
[('-583182176', <state_graph.State instance at 0x79ace838c5f0>), ('-307486232', <state_graph.State instance at 0x79ace838caf0>)]
the portion to the top 20% most frequent states: 0.666666666667
Frequent nodes 
[('-583182176', <state_graph.State instance at 0x79ace838c5f0>), ('-307486232', <state_graph.State instance at 0x79ace838caf0>)]
--extracted id: 1003410873  num_controllable_widgets: 7
--event num: 1
--extracted id: 1003410873  num_controllable_widgets: 7
--event num: 2
--extracted id: 1003410873  num_controllable_widgets: 7
--event num: 3
--extracted id: -307486232  num_controllable_widgets: 0
--transiton occurs
--the state -307486232  exists
===================> PENALIZE STATE <=====================
deque(['-307486232', '-583182176', '1496732642', '-973462079', '1218673144', '1003410873', '-307486232', '-583182176', '1003410873', '-307486232'], maxlen=10)
Frequent nodes 
[('-583182176', <state_graph.State instance at 0x79ace838c5f0>), ('-307486232', <state_graph.State instance at 0x79ace838caf0>)]
the portion to the top 20% most frequent states: 0.5
Frequent nodes 
[('-583182176', <state_graph.State instance at 0x79ace838c5f0>), ('-307486232', <state_graph.State instance at 0x79ace838caf0>)]
--extracted id: -583182176  num_controllable_widgets: 0
--transiton occurs
--the state -583182176  exists
===================> PENALIZE STATE <=====================
deque(['-583182176', '1496732642', '-973462079', '1218673144', '1003410873', '-307486232', '-583182176', '1003410873', '-307486232', '-583182176'], maxlen=10)
Frequent nodes 
[('-583182176', <state_graph.State instance at 0x79ace838c5f0>), ('-307486232', <state_graph.State instance at 0x79ace838caf0>)]
the portion to the top 20% most frequent states: 0.5
Frequent nodes 
[('-583182176', <state_graph.State instance at 0x79ace838c5f0>), ('-307486232', <state_graph.State instance at 0x79ace838caf0>)]
--extracted id: -583182176  num_controllable_widgets: 0
--event num: 1
--extracted id: -583182176  num_controllable_widgets: 0
--event num: 2
--extracted id: 1003410873  num_controllable_widgets: 7
--transiton occurs
--the state 1003410873  exists
===================> PENALIZE STATE <=====================
deque(['1496732642', '-973462079', '1218673144', '1003410873', '-307486232', '-583182176', '1003410873', '-307486232', '-583182176', '1003410873'], maxlen=10)
Frequent nodes 
[('-583182176', <state_graph.State instance at 0x79ace838c5f0>), ('-307486232', <state_graph.State instance at 0x79ace838caf0>)]
the portion to the top 20% most frequent states: 0.5
Frequent nodes 
[('-583182176', <state_graph.State instance at 0x79ace838c5f0>), ('-307486232', <state_graph.State instance at 0x79ace838caf0>)]
--extracted id: 1003410873  num_controllable_widgets: 7
--event num: 1
--extracted id: 1003410873  num_controllable_widgets: 7
--event num: 2
--extracted id: 1003410873  num_controllable_widgets: 7
--event num: 3
--extracted id: 1003410873  num_controllable_widgets: 7
--event num: 4
--extracted id: 1003410873  num_controllable_widgets: 7
--event num: 5
--extracted id: 1003410873  num_controllable_widgets: 7
--event num: 6
--extracted id: 1003410873  num_controllable_widgets: 7
--event num: 7
--extracted id: 1003410873  num_controllable_widgets: 7
--event num: 8
--extracted id: 1003410873  num_controllable_widgets: 7
--event num: 9
--extracted id: 1003410873  num_controllable_widgets: 7
--event num: 10
--extracted id: 1003410873  num_controllable_widgets: 7
--event num: 11
--extracted id: 1003410873  num_controllable_widgets: 7
--event num: 12
--extracted id: 1003410873  num_controllable_widgets: 7
--event num: 13
--extracted id: 1003410873  num_controllable_widgets: 7
--event num: 14
--extracted id: 1003410873  num_controllable_widgets: 7
--event num: 15
--extracted id: -1238617861  num_controllable_widgets: 0
--transiton occurs
--a new state is triggered and add -1238617861 into the state graph.
get_jacoco_coverage- return code:  output: Broadcasting: Intent { act=edu.gatech.m3.emma.COLLECT_COVERAGE }
Broadcast completed: result=0
---
[COVERAGE FILE EXIST?]
coverage.ec
---
---
[VALIDATE COVERAGE FILE]$ java -jar /home/ubuntu/TimeMachine/fuzzingandroid/libs/jacococli.jar report /home/ubuntu/tm-results/AmazeFileManager-3.4.2-#1837.apk.timemachine.result.emulator-5554#2026-08-16-22-42-34/ec_files/emulator-55542026-08-16-22-59-03.ec  --classfiles /home/ubuntu/TimeMachine/instrumented_apps/AmazeFileManager/AmazeFileManager-#1837/app/build/intermediates/javac/fdroidDebug/classes/ --classfiles /home/ubuntu/TimeMachine/instrumented_apps/AmazeFileManager/AmazeFileManager-#1837/commons_compress_7z/build/intermediates/javac/debug/classes/ &> temp
---
---
[VALIDATE MESSAGE]
---
SUCCESS: coverage file is valid!
[INFO] Loading execution data file /home/ubuntu/tm-results/AmazeFileManager-3.4.2-#1837.apk.timemachine.result.emulator-5554#2026-08-16-22-42-34/ec_files/emulator-55542026-08-16-22-59-03.ec.
 /sdcard/coverage.ec: 1 file pulled, 0 skipped. 0.0 MB/s (2391 bytes in 0.066s)
Exception in thread "main" java.io.FileNotFoundException: /home/ubuntu/TimeMachine/instrumented_apps/AmazeFileManager/AmazeFileManager-#1837/app/build/intermediates/javac/fdroidDebug/classes (No such file or directory)
	at java.base/java.io.FileInputStream.open0(Native Method)
	at java.base/java.io.FileInputStream.open(FileInputStream.java:216)
	at java.base/java.io.FileInputStream.<init>(FileInputStream.java:157)
	at org.jacoco.cli.internal.core.analysis.Analyzer.analyzeAll(Analyzer.java:224)
	at org.jacoco.cli.internal.commands.Report.analyze(Report.java:110)
	at org.jacoco.cli.internal.commands.Report.execute(Report.java:84)
	at org.jacoco.cli.internal.Main.execute(Main.java:90)
	at org.jacoco.cli.internal.Main.main(Main.java:105)
 
compute_coverage-return code:  output: /home/ubuntu/tm-results/AmazeFileManager-3.4.2-#1837.apk.timemachine.result.emulator-5554#2026-08-16-22-42-34/ec_files/coveragetemp.ec /home/ubuntu/tm-results/AmazeFileManager-3.4.2-#1837.apk.timemachine.result.emulator-5554#2026-08-16-22-42-34/ec_files/emulator-55542026-08-16-22-53-16.ec /home/ubuntu/tm-results/AmazeFileManager-3.4.2-#1837.apk.timemachine.result.emulator-5554#2026-08-16-22-42-34/ec_files/emulator-55542026-08-16-22-54-09.ec /home/ubuntu/tm-results/AmazeFileManager-3.4.2-#1837.apk.timemachine.result.emulator-5554#2026-08-16-22-42-34/ec_files/emulator-55542026-08-16-22-56-41.ec /home/ubuntu/tm-results/AmazeFileManager-3.4.2-#1837.apk.timemachine.result.emulator-5554#2026-08-16-22-42-34/ec_files/emulator-55542026-08-16-22-56-52.ec /home/ubuntu/tm-results/AmazeFileManager-3.4.2-#1837.apk.timemachine.result.emulator-5554#2026-08-16-22-42-34/ec_files/emulator-55542026-08-16-22-57-09.ec /home/ubuntu/tm-results/AmazeFileManager-3.4.2-#1837.apk.timemachine.result.emulator-5554#2026-08-16-22-42-34/ec_files/emulator-55542026-08-16-22-57-22.ec /home/ubuntu/tm-results/AmazeFileManager-3.4.2-#1837.apk.timemachine.result.emulator-5554#2026-08-16-22-42-34/ec_files/emulator-55542026-08-16-22-57-36.ec /home/ubuntu/tm-results/AmazeFileManager-3.4.2-#1837.apk.timemachine.result.emulator-5554#2026-08-16-22-42-34/ec_files/emulator-55542026-08-16-22-57-50.ec /home/ubuntu/tm-results/AmazeFileManager-3.4.2-#1837.apk.timemachine.result.emulator-5554#2026-08-16-22-42-34/ec_files/emulator-55542026-08-16-22-58-11.ec /home/ubuntu/tm-results/AmazeFileManager-3.4.2-#1837.apk.timemachine.result.emulator-5554#2026-08-16-22-42-34/ec_files/emulator-55542026-08-16-22-58-34.ec /home/ubuntu/tm-results/AmazeFileManager-3.4.2-#1837.apk.timemachine.result.emulator-5554#2026-08-16-22-42-34/ec_files/emulator-55542026-08-16-22-58-50.ec /home/ubuntu/tm-results/AmazeFileManager-3.4.2-#1837.apk.timemachine.result.emulator-5554#2026-08-16-22-42-34/ec_files/emulator-55542026-08-16-22-59-03.ec
[INFO] Loading execution data file /home/ubuntu/tm-results/AmazeFileManager-3.4.2-#1837.apk.timemachine.result.emulator-5554#2026-08-16-22-42-34/ec_files/coveragetemp.ec.
[INFO] Loading execution data file /home/ubuntu/tm-results/AmazeFileManager-3.4.2-#1837.apk.timemachine.result.emulator-5554#2026-08-16-22-42-34/ec_files/emulator-55542026-08-16-22-53-16.ec.
[INFO] Loading execution data file /home/ubuntu/tm-results/AmazeFileManager-3.4.2-#1837.apk.timemachine.result.emulator-5554#2026-08-16-22-42-34/ec_files/emulator-55542026-08-16-22-54-09.ec.
[INFO] Loading execution data file /home/ubuntu/tm-results/AmazeFileManager-3.4.2-#1837.apk.timemachine.result.emulator-5554#2026-08-16-22-42-34/ec_files/emulator-55542026-08-16-22-56-41.ec.
[INFO] Loading execution data file /home/ubuntu/tm-results/AmazeFileManager-3.4.2-#1837.apk.timemachine.result.emulator-5554#2026-08-16-22-42-34/ec_files/emulator-55542026-08-16-22-56-52.ec.
[INFO] Loading execution data file /home/ubuntu/tm-results/AmazeFileManager-3.4.2-#1837.apk.timemachine.result.emulator-5554#2026-08-16-22-42-34/ec_files/emulator-55542026-08-16-22-57-09.ec.
[INFO] Loading execution data file /home/ubuntu/tm-results/AmazeFileManager-3.4.2-#1837.apk.timemachine.result.emulator-5554#2026-08-16-22-42-34/ec_files/emulator-55542026-08-16-22-57-22.ec.
[INFO] Loading execution data file /home/ubuntu/tm-results/AmazeFileManager-3.4.2-#1837.apk.timemachine.result.emulator-5554#2026-08-16-22-42-34/ec_files/emulator-55542026-08-16-22-57-36.ec.
[INFO] Loading execution data file /home/ubuntu/tm-results/AmazeFileManager-3.4.2-#1837.apk.timemachine.result.emulator-5554#2026-08-16-22-42-34/ec_files/emulator-55542026-08-16-22-57-50.ec.
[INFO] Loading execution data file /home/ubuntu/tm-results/AmazeFileManager-3.4.2-#1837.apk.timemachine.result.emulator-5554#2026-08-16-22-42-34/ec_files/emulator-55542026-08-16-22-58-11.ec.
[INFO] Loading execution data file /home/ubuntu/tm-results/AmazeFileManager-3.4.2-#1837.apk.timemachine.result.emulator-5554#2026-08-16-22-42-34/ec_files/emulator-55542026-08-16-22-58-34.ec.
[INFO] Loading execution data file /home/ubuntu/tm-results/AmazeFileManager-3.4.2-#1837.apk.timemachine.result.emulator-5554#2026-08-16-22-42-34/ec_files/emulator-55542026-08-16-22-58-50.ec.
[INFO] Loading execution data file /home/ubuntu/tm-results/AmazeFileManager-3.4.2-#1837.apk.timemachine.result.emulator-5554#2026-08-16-22-42-34/ec_files/emulator-55542026-08-16-22-59-03.ec.
  Exception in thread "main" java.io.FileNotFoundException: /home/ubuntu/TimeMachine/instrumented_apps/AmazeFileManager/AmazeFileManager-#1837/app/build/intermediates/javac/fdroidDebug/classes (No such file or directory)
	at java.base/java.io.FileInputStream.open0(Native Method)
	at java.base/java.io.FileInputStream.open(FileInputStream.java:216)
	at java.base/java.io.FileInputStream.<init>(FileInputStream.java:157)
	at org.jacoco.cli.internal.core.analysis.Analyzer.analyzeAll(Analyzer.java:224)
	at org.jacoco.cli.internal.commands.Report.analyze(Report.java:110)
	at org.jacoco.cli.internal.commands.Report.execute(Report.java:84)
	at org.jacoco.cli.internal.Main.execute(Main.java:90)
	at org.jacoco.cli.internal.Main.main(Main.java:105)
cp: cannot stat '/home/ubuntu/tm-results/AmazeFileManager-3.4.2-#1837.apk.timemachine.result.emulator-5554#2026-08-16-22-42-34/coverage.xml': No such file or directory
 
--coverage when the new state is triggered: 0 current jacoco line coverage rate : 0
===================> PENALIZE STATE <=====================
deque(['-973462079', '1218673144', '1003410873', '-307486232', '-583182176', '1003410873', '-307486232', '-583182176', '1003410873', '-1238617861'], maxlen=10)
Frequent nodes 
[('-583182176', <state_graph.State instance at 0x79ace838c5f0>), ('-307486232', <state_graph.State instance at 0x79ace838caf0>)]
the portion to the top 20% most frequent states: 0.5
Frequent nodes 
[('-583182176', <state_graph.State instance at 0x79ace838c5f0>), ('-307486232', <state_graph.State instance at 0x79ace838caf0>)]
--extracted id: -583182176  num_controllable_widgets: 0
--transiton occurs
--the state -583182176  exists
===================> PENALIZE STATE <=====================
deque(['1218673144', '1003410873', '-307486232', '-583182176', '1003410873', '-307486232', '-583182176', '1003410873', '-1238617861', '-583182176'], maxlen=10)
Frequent nodes 
[('-583182176', <state_graph.State instance at 0x79ace838c5f0>), ('-307486232', <state_graph.State instance at 0x79ace838caf0>)]
the portion to the top 20% most frequent states: 0.6
Frequent nodes 
[('-583182176', <state_graph.State instance at 0x79ace838c5f0>), ('-307486232', <state_graph.State instance at 0x79ace838caf0>)]
--extracted id: -307486232  num_controllable_widgets: 0
--transiton occurs
--the state -307486232  exists
===================> PENALIZE STATE <=====================
deque(['1003410873', '-307486232', '-583182176', '1003410873', '-307486232', '-583182176', '1003410873', '-1238617861', '-583182176', '-307486232'], maxlen=10)
Frequent nodes 
[('-583182176', <state_graph.State instance at 0x79ace838c5f0>), ('-307486232', <state_graph.State instance at 0x79ace838caf0>)]
the portion to the top 20% most frequent states: 0.75
Frequent nodes 
[('-583182176', <state_graph.State instance at 0x79ace838c5f0>), ('-307486232', <state_graph.State instance at 0x79ace838caf0>)]
--extracted id: -565265373  num_controllable_widgets: 14
--transiton occurs
--a new state is triggered and add -565265373 into the state graph.
get_jacoco_coverage- return code:  output: Broadcasting: Intent { act=edu.gatech.m3.emma.COLLECT_COVERAGE }
Broadcast completed: result=0
---
[COVERAGE FILE EXIST?]
coverage.ec
---
---
[VALIDATE COVERAGE FILE]$ java -jar /home/ubuntu/TimeMachine/fuzzingandroid/libs/jacococli.jar report /home/ubuntu/tm-results/AmazeFileManager-3.4.2-#1837.apk.timemachine.result.emulator-5554#2026-08-16-22-42-34/ec_files/emulator-55542026-08-16-22-59-21.ec  --classfiles /home/ubuntu/TimeMachine/instrumented_apps/AmazeFileManager/AmazeFileManager-#1837/app/build/intermediates/javac/fdroidDebug/classes/ --classfiles /home/ubuntu/TimeMachine/instrumented_apps/AmazeFileManager/AmazeFileManager-#1837/commons_compress_7z/build/intermediates/javac/debug/classes/ &> temp
---
---
[VALIDATE MESSAGE]
---
SUCCESS: coverage file is valid!
[INFO] Loading execution data file /home/ubuntu/tm-results/AmazeFileManager-3.4.2-#1837.apk.timemachine.result.emulator-5554#2026-08-16-22-42-34/ec_files/emulator-55542026-08-16-22-59-21.ec.
 /sdcard/coverage.ec: 1 file pulled, 0 skipped. 0.0 MB/s (2848 bytes in 0.101s)
Exception in thread "main" java.io.FileNotFoundException: /home/ubuntu/TimeMachine/instrumented_apps/AmazeFileManager/AmazeFileManager-#1837/app/build/intermediates/javac/fdroidDebug/classes (No such file or directory)
	at java.base/java.io.FileInputStream.open0(Native Method)
	at java.base/java.io.FileInputStream.open(FileInputStream.java:216)
	at java.base/java.io.FileInputStream.<init>(FileInputStream.java:157)
	at org.jacoco.cli.internal.core.analysis.Analyzer.analyzeAll(Analyzer.java:224)
	at org.jacoco.cli.internal.commands.Report.analyze(Report.java:110)
	at org.jacoco.cli.internal.commands.Report.execute(Report.java:84)
	at org.jacoco.cli.internal.Main.execute(Main.java:90)
	at org.jacoco.cli.internal.Main.main(Main.java:105)
 
compute_coverage-return code:  output: /home/ubuntu/tm-results/AmazeFileManager-3.4.2-#1837.apk.timemachine.result.emulator-5554#2026-08-16-22-42-34/ec_files/coveragetemp.ec /home/ubuntu/tm-results/AmazeFileManager-3.4.2-#1837.apk.timemachine.result.emulator-5554#2026-08-16-22-42-34/ec_files/emulator-55542026-08-16-22-53-16.ec /home/ubuntu/tm-results/AmazeFileManager-3.4.2-#1837.apk.timemachine.result.emulator-5554#2026-08-16-22-42-34/ec_files/emulator-55542026-08-16-22-54-09.ec /home/ubuntu/tm-results/AmazeFileManager-3.4.2-#1837.apk.timemachine.result.emulator-5554#2026-08-16-22-42-34/ec_files/emulator-55542026-08-16-22-56-41.ec /home/ubuntu/tm-results/AmazeFileManager-3.4.2-#1837.apk.timemachine.result.emulator-5554#2026-08-16-22-42-34/ec_files/emulator-55542026-08-16-22-56-52.ec /home/ubuntu/tm-results/AmazeFileManager-3.4.2-#1837.apk.timemachine.result.emulator-5554#2026-08-16-22-42-34/ec_files/emulator-55542026-08-16-22-57-09.ec /home/ubuntu/tm-results/AmazeFileManager-3.4.2-#1837.apk.timemachine.result.emulator-5554#2026-08-16-22-42-34/ec_files/emulator-55542026-08-16-22-57-22.ec /home/ubuntu/tm-results/AmazeFileManager-3.4.2-#1837.apk.timemachine.result.emulator-5554#2026-08-16-22-42-34/ec_files/emulator-55542026-08-16-22-57-36.ec /home/ubuntu/tm-results/AmazeFileManager-3.4.2-#1837.apk.timemachine.result.emulator-5554#2026-08-16-22-42-34/ec_files/emulator-55542026-08-16-22-57-50.ec /home/ubuntu/tm-results/AmazeFileManager-3.4.2-#1837.apk.timemachine.result.emulator-5554#2026-08-16-22-42-34/ec_files/emulator-55542026-08-16-22-58-11.ec /home/ubuntu/tm-results/AmazeFileManager-3.4.2-#1837.apk.timemachine.result.emulator-5554#2026-08-16-22-42-34/ec_files/emulator-55542026-08-16-22-58-34.ec /home/ubuntu/tm-results/AmazeFileManager-3.4.2-#1837.apk.timemachine.result.emulator-5554#2026-08-16-22-42-34/ec_files/emulator-55542026-08-16-22-58-50.ec /home/ubuntu/tm-results/AmazeFileManager-3.4.2-#1837.apk.timemachine.result.emulator-5554#2026-08-16-22-42-34/ec_files/emulator-55542026-08-16-22-59-03.ec /home/ubuntu/tm-results/AmazeFileManager-3.4.2-#1837.apk.timemachine.result.emulator-5554#2026-08-16-22-42-34/ec_files/emulator-55542026-08-16-22-59-21.ec
[INFO] Loading execution data file /home/ubuntu/tm-results/AmazeFileManager-3.4.2-#1837.apk.timemachine.result.emulator-5554#2026-08-16-22-42-34/ec_files/coveragetemp.ec.
[INFO] Loading execution data file /home/ubuntu/tm-results/AmazeFileManager-3.4.2-#1837.apk.timemachine.result.emulator-5554#2026-08-16-22-42-34/ec_files/emulator-55542026-08-16-22-53-16.ec.
[INFO] Loading execution data file /home/ubuntu/tm-results/AmazeFileManager-3.4.2-#1837.apk.timemachine.result.emulator-5554#2026-08-16-22-42-34/ec_files/emulator-55542026-08-16-22-54-09.ec.
[INFO] Loading execution data file /home/ubuntu/tm-results/AmazeFileManager-3.4.2-#1837.apk.timemachine.result.emulator-5554#2026-08-16-22-42-34/ec_files/emulator-55542026-08-16-22-56-41.ec.
[INFO] Loading execution data file /home/ubuntu/tm-results/AmazeFileManager-3.4.2-#1837.apk.timemachine.result.emulator-5554#2026-08-16-22-42-34/ec_files/emulator-55542026-08-16-22-56-52.ec.
[INFO] Loading execution data file /home/ubuntu/tm-results/AmazeFileManager-3.4.2-#1837.apk.timemachine.result.emulator-5554#2026-08-16-22-42-34/ec_files/emulator-55542026-08-16-22-57-09.ec.
[INFO] Loading execution data file /home/ubuntu/tm-results/AmazeFileManager-3.4.2-#1837.apk.timemachine.result.emulator-5554#2026-08-16-22-42-34/ec_files/emulator-55542026-08-16-22-57-22.ec.
[INFO] Loading execution data file /home/ubuntu/tm-results/AmazeFileManager-3.4.2-#1837.apk.timemachine.result.emulator-5554#2026-08-16-22-42-34/ec_files/emulator-55542026-08-16-22-57-36.ec.
[INFO] Loading execution data file /home/ubuntu/tm-results/AmazeFileManager-3.4.2-#1837.apk.timemachine.result.emulator-5554#2026-08-16-22-42-34/ec_files/emulator-55542026-08-16-22-57-50.ec.
[INFO] Loading execution data file /home/ubuntu/tm-results/AmazeFileManager-3.4.2-#1837.apk.timemachine.result.emulator-5554#2026-08-16-22-42-34/ec_files/emulator-55542026-08-16-22-58-11.ec.
[INFO] Loading execution data file /home/ubuntu/tm-results/AmazeFileManager-3.4.2-#1837.apk.timemachine.result.emulator-5554#2026-08-16-22-42-34/ec_files/emulator-55542026-08-16-22-58-34.ec.
[INFO] Loading execution data file /home/ubuntu/tm-results/AmazeFileManager-3.4.2-#1837.apk.timemachine.result.emulator-5554#2026-08-16-22-42-34/ec_files/emulator-55542026-08-16-22-58-50.ec.
[INFO] Loading execution data file /home/ubuntu/tm-results/AmazeFileManager-3.4.2-#1837.apk.timemachine.result.emulator-5554#2026-08-16-22-42-34/ec_files/emulator-55542026-08-16-22-59-03.ec.
[INFO] Loading execution data file /home/ubuntu/tm-results/AmazeFileManager-3.4.2-#1837.apk.timemachine.result.emulator-5554#2026-08-16-22-42-34/ec_files/emulator-55542026-08-16-22-59-21.ec.
  Exception in thread "main" java.io.FileNotFoundException: /home/ubuntu/TimeMachine/instrumented_apps/AmazeFileManager/AmazeFileManager-#1837/app/build/intermediates/javac/fdroidDebug/classes (No such file or directory)
	at java.base/java.io.FileInputStream.open0(Native Method)
	at java.base/java.io.FileInputStream.open(FileInputStream.java:216)
	at java.base/java.io.FileInputStream.<init>(FileInputStream.java:157)
	at org.jacoco.cli.internal.core.analysis.Analyzer.analyzeAll(Analyzer.java:224)
	at org.jacoco.cli.internal.commands.Report.analyze(Report.java:110)
	at org.jacoco.cli.internal.commands.Report.execute(Report.java:84)
	at org.jacoco.cli.internal.Main.execute(Main.java:90)
	at org.jacoco.cli.internal.Main.main(Main.java:105)
cp: cannot stat '/home/ubuntu/tm-results/AmazeFileManager-3.4.2-#1837.apk.timemachine.result.emulator-5554#2026-08-16-22-42-34/coverage.xml': No such file or directory
 
--coverage when the new state is triggered: 0 current jacoco line coverage rate : 0
===================> PENALIZE STATE <=====================
deque(['-307486232', '-583182176', '1003410873', '-307486232', '-583182176', '1003410873', '-1238617861', '-583182176', '-307486232', '-565265373'], maxlen=10)
Frequent nodes 
[('-583182176', <state_graph.State instance at 0x79ace838c5f0>), ('-307486232', <state_graph.State instance at 0x79ace838caf0>)]
the portion to the top 20% most frequent states: 0.6
Frequent nodes 
[('-583182176', <state_graph.State instance at 0x79ace838c5f0>), ('-307486232', <state_graph.State instance at 0x79ace838caf0>)]
--extracted id: -565265373  num_controllable_widgets: 14
--event num: 1
--extracted id: -583182176  num_controllable_widgets: 0
--transiton occurs
--the state -583182176  exists
===================> PENALIZE STATE <=====================
deque(['-583182176', '1003410873', '-307486232', '-583182176', '1003410873', '-1238617861', '-583182176', '-307486232', '-565265373', '-583182176'], maxlen=10)
Frequent nodes 
[('-583182176', <state_graph.State instance at 0x79ace838c5f0>), ('-307486232', <state_graph.State instance at 0x79ace838caf0>)]
the portion to the top 20% most frequent states: 0.6
Frequent nodes 
[('-583182176', <state_graph.State instance at 0x79ace838c5f0>), ('-307486232', <state_graph.State instance at 0x79ace838caf0>)]
--extracted id: -583182176  num_controllable_widgets: 0
--event num: 1
--extracted id: 1514766507  num_controllable_widgets: 0
--transiton occurs
--a new state is triggered and add 1514766507 into the state graph.
get_jacoco_coverage- return code:  output: Broadcasting: Intent { act=edu.gatech.m3.emma.COLLECT_COVERAGE }
Broadcast completed: result=0
---
[COVERAGE FILE EXIST?]
coverage.ec
---
---
[VALIDATE COVERAGE FILE]$ java -jar /home/ubuntu/TimeMachine/fuzzingandroid/libs/jacococli.jar report /home/ubuntu/tm-results/AmazeFileManager-3.4.2-#1837.apk.timemachine.result.emulator-5554#2026-08-16-22-42-34/ec_files/emulator-55542026-08-16-22-59-37.ec  --classfiles /home/ubuntu/TimeMachine/instrumented_apps/AmazeFileManager/AmazeFileManager-#1837/app/build/intermediates/javac/fdroidDebug/classes/ --classfiles /home/ubuntu/TimeMachine/instrumented_apps/AmazeFileManager/AmazeFileManager-#1837/commons_compress_7z/build/intermediates/javac/debug/classes/ &> temp
---
---
[VALIDATE MESSAGE]
---
SUCCESS: coverage file is valid!
[INFO] Loading execution data file /home/ubuntu/tm-results/AmazeFileManager-3.4.2-#1837.apk.timemachine.result.emulator-5554#2026-08-16-22-42-34/ec_files/emulator-55542026-08-16-22-59-37.ec.
 /sdcard/coverage.ec: 1 file pulled, 0 skipped. 0.1 MB/s (4959 bytes in 0.050s)
Exception in thread "main" java.io.FileNotFoundException: /home/ubuntu/TimeMachine/instrumented_apps/AmazeFileManager/AmazeFileManager-#1837/app/build/intermediates/javac/fdroidDebug/classes (No such file or directory)
	at java.base/java.io.FileInputStream.open0(Native Method)
	at java.base/java.io.FileInputStream.open(FileInputStream.java:216)
	at java.base/java.io.FileInputStream.<init>(FileInputStream.java:157)
	at org.jacoco.cli.internal.core.analysis.Analyzer.analyzeAll(Analyzer.java:224)
	at org.jacoco.cli.internal.commands.Report.analyze(Report.java:110)
	at org.jacoco.cli.internal.commands.Report.execute(Report.java:84)
	at org.jacoco.cli.internal.Main.execute(Main.java:90)
	at org.jacoco.cli.internal.Main.main(Main.java:105)
 
compute_coverage-return code:  output: /home/ubuntu/tm-results/AmazeFileManager-3.4.2-#1837.apk.timemachine.result.emulator-5554#2026-08-16-22-42-34/ec_files/coveragetemp.ec /home/ubuntu/tm-results/AmazeFileManager-3.4.2-#1837.apk.timemachine.result.emulator-5554#2026-08-16-22-42-34/ec_files/emulator-55542026-08-16-22-53-16.ec /home/ubuntu/tm-results/AmazeFileManager-3.4.2-#1837.apk.timemachine.result.emulator-5554#2026-08-16-22-42-34/ec_files/emulator-55542026-08-16-22-54-09.ec /home/ubuntu/tm-results/AmazeFileManager-3.4.2-#1837.apk.timemachine.result.emulator-5554#2026-08-16-22-42-34/ec_files/emulator-55542026-08-16-22-56-41.ec /home/ubuntu/tm-results/AmazeFileManager-3.4.2-#1837.apk.timemachine.result.emulator-5554#2026-08-16-22-42-34/ec_files/emulator-55542026-08-16-22-56-52.ec /home/ubuntu/tm-results/AmazeFileManager-3.4.2-#1837.apk.timemachine.result.emulator-5554#2026-08-16-22-42-34/ec_files/emulator-55542026-08-16-22-57-09.ec /home/ubuntu/tm-results/AmazeFileManager-3.4.2-#1837.apk.timemachine.result.emulator-5554#2026-08-16-22-42-34/ec_files/emulator-55542026-08-16-22-57-22.ec /home/ubuntu/tm-results/AmazeFileManager-3.4.2-#1837.apk.timemachine.result.emulator-5554#2026-08-16-22-42-34/ec_files/emulator-55542026-08-16-22-57-36.ec /home/ubuntu/tm-results/AmazeFileManager-3.4.2-#1837.apk.timemachine.result.emulator-5554#2026-08-16-22-42-34/ec_files/emulator-55542026-08-16-22-57-50.ec /home/ubuntu/tm-results/AmazeFileManager-3.4.2-#1837.apk.timemachine.result.emulator-5554#2026-08-16-22-42-34/ec_files/emulator-55542026-08-16-22-58-11.ec /home/ubuntu/tm-results/AmazeFileManager-3.4.2-#1837.apk.timemachine.result.emulator-5554#2026-08-16-22-42-34/ec_files/emulator-55542026-08-16-22-58-34.ec /home/ubuntu/tm-results/AmazeFileManager-3.4.2-#1837.apk.timemachine.result.emulator-5554#2026-08-16-22-42-34/ec_files/emulator-55542026-08-16-22-58-50.ec /home/ubuntu/tm-results/AmazeFileManager-3.4.2-#1837.apk.timemachine.result.emulator-5554#2026-08-16-22-42-34/ec_files/emulator-55542026-08-16-22-59-03.ec /home/ubuntu/tm-results/AmazeFileManager-3.4.2-#1837.apk.timemachine.result.emulator-5554#2026-08-16-22-42-34/ec_files/emulator-55542026-08-16-22-59-21.ec /home/ubuntu/tm-results/AmazeFileManager-3.4.2-#1837.apk.timemachine.result.emulator-5554#2026-08-16-22-42-34/ec_files/emulator-55542026-08-16-22-59-37.ec
[INFO] Loading execution data file /home/ubuntu/tm-results/AmazeFileManager-3.4.2-#1837.apk.timemachine.result.emulator-5554#2026-08-16-22-42-34/ec_files/coveragetemp.ec.
[INFO] Loading execution data file /home/ubuntu/tm-results/AmazeFileManager-3.4.2-#1837.apk.timemachine.result.emulator-5554#2026-08-16-22-42-34/ec_files/emulator-55542026-08-16-22-53-16.ec.
[INFO] Loading execution data file /home/ubuntu/tm-results/AmazeFileManager-3.4.2-#1837.apk.timemachine.result.emulator-5554#2026-08-16-22-42-34/ec_files/emulator-55542026-08-16-22-54-09.ec.
[INFO] Loading execution data file /home/ubuntu/tm-results/AmazeFileManager-3.4.2-#1837.apk.timemachine.result.emulator-5554#2026-08-16-22-42-34/ec_files/emulator-55542026-08-16-22-56-41.ec.
[INFO] Loading execution data file /home/ubuntu/tm-results/AmazeFileManager-3.4.2-#1837.apk.timemachine.result.emulator-5554#2026-08-16-22-42-34/ec_files/emulator-55542026-08-16-22-56-52.ec.
[INFO] Loading execution data file /home/ubuntu/tm-results/AmazeFileManager-3.4.2-#1837.apk.timemachine.result.emulator-5554#2026-08-16-22-42-34/ec_files/emulator-55542026-08-16-22-57-09.ec.
[INFO] Loading execution data file /home/ubuntu/tm-results/AmazeFileManager-3.4.2-#1837.apk.timemachine.result.emulator-5554#2026-08-16-22-42-34/ec_files/emulator-55542026-08-16-22-57-22.ec.
[INFO] Loading execution data file /home/ubuntu/tm-results/AmazeFileManager-3.4.2-#1837.apk.timemachine.result.emulator-5554#2026-08-16-22-42-34/ec_files/emulator-55542026-08-16-22-57-36.ec.
[INFO] Loading execution data file /home/ubuntu/tm-results/AmazeFileManager-3.4.2-#1837.apk.timemachine.result.emulator-5554#2026-08-16-22-42-34/ec_files/emulator-55542026-08-16-22-57-50.ec.
[INFO] Loading execution data file /home/ubuntu/tm-results/AmazeFileManager-3.4.2-#1837.apk.timemachine.result.emulator-5554#2026-08-16-22-42-34/ec_files/emulator-55542026-08-16-22-58-11.ec.
[INFO] Loading execution data file /home/ubuntu/tm-results/AmazeFileManager-3.4.2-#1837.apk.timemachine.result.emulator-5554#2026-08-16-22-42-34/ec_files/emulator-55542026-08-16-22-58-34.ec.
[INFO] Loading execution data file /home/ubuntu/tm-results/AmazeFileManager-3.4.2-#1837.apk.timemachine.result.emulator-5554#2026-08-16-22-42-34/ec_files/emulator-55542026-08-16-22-58-50.ec.
[INFO] Loading execution data file /home/ubuntu/tm-results/AmazeFileManager-3.4.2-#1837.apk.timemachine.result.emulator-5554#2026-08-16-22-42-34/ec_files/emulator-55542026-08-16-22-59-03.ec.
[INFO] Loading execution data file /home/ubuntu/tm-results/AmazeFileManager-3.4.2-#1837.apk.timemachine.result.emulator-5554#2026-08-16-22-42-34/ec_files/emulator-55542026-08-16-22-59-21.ec.
[INFO] Loading execution data file /home/ubuntu/tm-results/AmazeFileManager-3.4.2-#1837.apk.timemachine.result.emulator-5554#2026-08-16-22-42-34/ec_files/emulator-55542026-08-16-22-59-37.ec.
  Exception in thread "main" java.io.FileNotFoundException: /home/ubuntu/TimeMachine/instrumented_apps/AmazeFileManager/AmazeFileManager-#1837/app/build/intermediates/javac/fdroidDebug/classes (No such file or directory)
	at java.base/java.io.FileInputStream.open0(Native Method)
	at java.base/java.io.FileInputStream.open(FileInputStream.java:216)
	at java.base/java.io.FileInputStream.<init>(FileInputStream.java:157)
	at org.jacoco.cli.internal.core.analysis.Analyzer.analyzeAll(Analyzer.java:224)
	at org.jacoco.cli.internal.commands.Report.analyze(Report.java:110)
	at org.jacoco.cli.internal.commands.Report.execute(Report.java:84)
	at org.jacoco.cli.internal.Main.execute(Main.java:90)
	at org.jacoco.cli.internal.Main.main(Main.java:105)
cp: cannot stat '/home/ubuntu/tm-results/AmazeFileManager-3.4.2-#1837.apk.timemachine.result.emulator-5554#2026-08-16-22-42-34/coverage.xml': No such file or directory
 
--coverage when the new state is triggered: 0 current jacoco line coverage rate : 0
===================> PENALIZE STATE <=====================
deque(['1003410873', '-307486232', '-583182176', '1003410873', '-1238617861', '-583182176', '-307486232', '-565265373', '-583182176', '1514766507'], maxlen=10)
Frequent nodes 
[('-583182176', <state_graph.State instance at 0x79ace838c5f0>), ('-307486232', <state_graph.State instance at 0x79ace838caf0>)]
the portion to the top 20% most frequent states: 0.5
Frequent nodes 
[('-583182176', <state_graph.State instance at 0x79ace838c5f0>), ('-307486232', <state_graph.State instance at 0x79ace838caf0>)]
--extracted id: 1514766507  num_controllable_widgets: 0
--event num: 1
--extracted id: 1514766507  num_controllable_widgets: 0
--event num: 2
--extracted id: OOAUT  num_controllable_widgets: 0
--transiton occurs
--the state OOAUT  exists
===================> PENALIZE STATE <=====================
deque(['-307486232', '-583182176', '1003410873', '-1238617861', '-583182176', '-307486232', '-565265373', '-583182176', '1514766507', 'OOAUT'], maxlen=10)
Frequent nodes 
[('-583182176', <state_graph.State instance at 0x79ace838c5f0>), ('-307486232', <state_graph.State instance at 0x79ace838caf0>)]
the portion to the top 20% most frequent states: 0.285714285714
Frequent nodes 
[('-583182176', <state_graph.State instance at 0x79ace838c5f0>), ('-307486232', <state_graph.State instance at 0x79ace838caf0>)]
--extracted id: OOAUT  num_controllable_widgets: 0
--event num: 1
--extracted id: OOAUT  num_controllable_widgets: 0
--event num: 2
--extracted id: OOAUT  num_controllable_widgets: 0
--event num: 3
--extracted id: OOAUT  num_controllable_widgets: 0
--event num: 4
--extracted id: 451132233  num_controllable_widgets: 4
--transiton occurs
--a new state is triggered and add 451132233 into the state graph.
!!!!!!!!!!!!!!!!!!!!!!!!!!! Generating system event !!!!!!!!!!!!!!!!!!!!!!!!!!!!!!!!!!!!!!!!!!!!!
start time:  1786920631.82   budget:  600.0   now: 1786921253.95
System event generator closing
get_jacoco_coverage- return code:  output: Broadcasting: Intent { act=edu.gatech.m3.emma.COLLECT_COVERAGE }
Broadcast completed: result=0
---
[COVERAGE FILE EXIST?]
coverage.ec
---
---
[VALIDATE COVERAGE FILE]$ java -jar /home/ubuntu/TimeMachine/fuzzingandroid/libs/jacococli.jar report /home/ubuntu/tm-results/AmazeFileManager-3.4.2-#1837.apk.timemachine.result.emulator-5554#2026-08-16-22-42-34/ec_files/emulator-55542026-08-16-23-00-54.ec  --classfiles /home/ubuntu/TimeMachine/instrumented_apps/AmazeFileManager/AmazeFileManager-#1837/app/build/intermediates/javac/fdroidDebug/classes/ --classfiles /home/ubuntu/TimeMachine/instrumented_apps/AmazeFileManager/AmazeFileManager-#1837/commons_compress_7z/build/intermediates/javac/debug/classes/ &> temp
---
---
[VALIDATE MESSAGE]
---
SUCCESS: coverage file is valid!
[INFO] Loading execution data file /home/ubuntu/tm-results/AmazeFileManager-3.4.2-#1837.apk.timemachine.result.emulator-5554#2026-08-16-22-42-34/ec_files/emulator-55542026-08-16-23-00-54.ec.
 /sdcard/coverage.ec: 1 file pulled, 0 skipped. 0.0 MB/s (3272 bytes in 0.140s)
Exception in thread "main" java.io.FileNotFoundException: /home/ubuntu/TimeMachine/instrumented_apps/AmazeFileManager/AmazeFileManager-#1837/app/build/intermediates/javac/fdroidDebug/classes (No such file or directory)
	at java.base/java.io.FileInputStream.open0(Native Method)
	at java.base/java.io.FileInputStream.open(FileInputStream.java:216)
	at java.base/java.io.FileInputStream.<init>(FileInputStream.java:157)
	at org.jacoco.cli.internal.core.analysis.Analyzer.analyzeAll(Analyzer.java:224)
	at org.jacoco.cli.internal.commands.Report.analyze(Report.java:110)
	at org.jacoco.cli.internal.commands.Report.execute(Report.java:84)
	at org.jacoco.cli.internal.Main.execute(Main.java:90)
	at org.jacoco.cli.internal.Main.main(Main.java:105)
 
compute_coverage-return code:  output: /home/ubuntu/tm-results/AmazeFileManager-3.4.2-#1837.apk.timemachine.result.emulator-5554#2026-08-16-22-42-34/ec_files/coveragetemp.ec /home/ubuntu/tm-results/AmazeFileManager-3.4.2-#1837.apk.timemachine.result.emulator-5554#2026-08-16-22-42-34/ec_files/emulator-55542026-08-16-22-53-16.ec /home/ubuntu/tm-results/AmazeFileManager-3.4.2-#1837.apk.timemachine.result.emulator-5554#2026-08-16-22-42-34/ec_files/emulator-55542026-08-16-22-54-09.ec /home/ubuntu/tm-results/AmazeFileManager-3.4.2-#1837.apk.timemachine.result.emulator-5554#2026-08-16-22-42-34/ec_files/emulator-55542026-08-16-22-56-41.ec /home/ubuntu/tm-results/AmazeFileManager-3.4.2-#1837.apk.timemachine.result.emulator-5554#2026-08-16-22-42-34/ec_files/emulator-55542026-08-16-22-56-52.ec /home/ubuntu/tm-results/AmazeFileManager-3.4.2-#1837.apk.timemachine.result.emulator-5554#2026-08-16-22-42-34/ec_files/emulator-55542026-08-16-22-57-09.ec /home/ubuntu/tm-results/AmazeFileManager-3.4.2-#1837.apk.timemachine.result.emulator-5554#2026-08-16-22-42-34/ec_files/emulator-55542026-08-16-22-57-22.ec /home/ubuntu/tm-results/AmazeFileManager-3.4.2-#1837.apk.timemachine.result.emulator-5554#2026-08-16-22-42-34/ec_files/emulator-55542026-08-16-22-57-36.ec /home/ubuntu/tm-results/AmazeFileManager-3.4.2-#1837.apk.timemachine.result.emulator-5554#2026-08-16-22-42-34/ec_files/emulator-55542026-08-16-22-57-50.ec /home/ubuntu/tm-results/AmazeFileManager-3.4.2-#1837.apk.timemachine.result.emulator-5554#2026-08-16-22-42-34/ec_files/emulator-55542026-08-16-22-58-11.ec /home/ubuntu/tm-results/AmazeFileManager-3.4.2-#1837.apk.timemachine.result.emulator-5554#2026-08-16-22-42-34/ec_files/emulator-55542026-08-16-22-58-34.ec /home/ubuntu/tm-results/AmazeFileManager-3.4.2-#1837.apk.timemachine.result.emulator-5554#2026-08-16-22-42-34/ec_files/emulator-55542026-08-16-22-58-50.ec /home/ubuntu/tm-results/AmazeFileManager-3.4.2-#1837.apk.timemachine.result.emulator-5554#2026-08-16-22-42-34/ec_files/emulator-55542026-08-16-22-59-03.ec /home/ubuntu/tm-results/AmazeFileManager-3.4.2-#1837.apk.timemachine.result.emulator-5554#2026-08-16-22-42-34/ec_files/emulator-55542026-08-16-22-59-21.ec /home/ubuntu/tm-results/AmazeFileManager-3.4.2-#1837.apk.timemachine.result.emulator-5554#2026-08-16-22-42-34/ec_files/emulator-55542026-08-16-22-59-37.ec /home/ubuntu/tm-results/AmazeFileManager-3.4.2-#1837.apk.timemachine.result.emulator-5554#2026-08-16-22-42-34/ec_files/emulator-55542026-08-16-23-00-54.ec
[INFO] Loading execution data file /home/ubuntu/tm-results/AmazeFileManager-3.4.2-#1837.apk.timemachine.result.emulator-5554#2026-08-16-22-42-34/ec_files/coveragetemp.ec.
[INFO] Loading execution data file /home/ubuntu/tm-results/AmazeFileManager-3.4.2-#1837.apk.timemachine.result.emulator-5554#2026-08-16-22-42-34/ec_files/emulator-55542026-08-16-22-53-16.ec.
[INFO] Loading execution data file /home/ubuntu/tm-results/AmazeFileManager-3.4.2-#1837.apk.timemachine.result.emulator-5554#2026-08-16-22-42-34/ec_files/emulator-55542026-08-16-22-54-09.ec.
[INFO] Loading execution data file /home/ubuntu/tm-results/AmazeFileManager-3.4.2-#1837.apk.timemachine.result.emulator-5554#2026-08-16-22-42-34/ec_files/emulator-55542026-08-16-22-56-41.ec.
[INFO] Loading execution data file /home/ubuntu/tm-results/AmazeFileManager-3.4.2-#1837.apk.timemachine.result.emulator-5554#2026-08-16-22-42-34/ec_files/emulator-55542026-08-16-22-56-52.ec.
[INFO] Loading execution data file /home/ubuntu/tm-results/AmazeFileManager-3.4.2-#1837.apk.timemachine.result.emulator-5554#2026-08-16-22-42-34/ec_files/emulator-55542026-08-16-22-57-09.ec.
[INFO] Loading execution data file /home/ubuntu/tm-results/AmazeFileManager-3.4.2-#1837.apk.timemachine.result.emulator-5554#2026-08-16-22-42-34/ec_files/emulator-55542026-08-16-22-57-22.ec.
[INFO] Loading execution data file /home/ubuntu/tm-results/AmazeFileManager-3.4.2-#1837.apk.timemachine.result.emulator-5554#2026-08-16-22-42-34/ec_files/emulator-55542026-08-16-22-57-36.ec.
[INFO] Loading execution data file /home/ubuntu/tm-results/AmazeFileManager-3.4.2-#1837.apk.timemachine.result.emulator-5554#2026-08-16-22-42-34/ec_files/emulator-55542026-08-16-22-57-50.ec.
[INFO] Loading execution data file /home/ubuntu/tm-results/AmazeFileManager-3.4.2-#1837.apk.timemachine.result.emulator-5554#2026-08-16-22-42-34/ec_files/emulator-55542026-08-16-22-58-11.ec.
[INFO] Loading execution data file /home/ubuntu/tm-results/AmazeFileManager-3.4.2-#1837.apk.timemachine.result.emulator-5554#2026-08-16-22-42-34/ec_files/emulator-55542026-08-16-22-58-34.ec.
[INFO] Loading execution data file /home/ubuntu/tm-results/AmazeFileManager-3.4.2-#1837.apk.timemachine.result.emulator-5554#2026-08-16-22-42-34/ec_files/emulator-55542026-08-16-22-58-50.ec.
[INFO] Loading execution data file /home/ubuntu/tm-results/AmazeFileManager-3.4.2-#1837.apk.timemachine.result.emulator-5554#2026-08-16-22-42-34/ec_files/emulator-55542026-08-16-22-59-03.ec.
[INFO] Loading execution data file /home/ubuntu/tm-results/AmazeFileManager-3.4.2-#1837.apk.timemachine.result.emulator-5554#2026-08-16-22-42-34/ec_files/emulator-55542026-08-16-22-59-21.ec.
[INFO] Loading execution data file /home/ubuntu/tm-results/AmazeFileManager-3.4.2-#1837.apk.timemachine.result.emulator-5554#2026-08-16-22-42-34/ec_files/emulator-55542026-08-16-22-59-37.ec.
[INFO] Loading execution data file /home/ubuntu/tm-results/AmazeFileManager-3.4.2-#1837.apk.timemachine.result.emulator-5554#2026-08-16-22-42-34/ec_files/emulator-55542026-08-16-23-00-54.ec.
  Exception in thread "main" java.io.FileNotFoundException: /home/ubuntu/TimeMachine/instrumented_apps/AmazeFileManager/AmazeFileManager-#1837/app/build/intermediates/javac/fdroidDebug/classes (No such file or directory)
	at java.base/java.io.FileInputStream.open0(Native Method)
	at java.base/java.io.FileInputStream.open(FileInputStream.java:216)
	at java.base/java.io.FileInputStream.<init>(FileInputStream.java:157)
	at org.jacoco.cli.internal.core.analysis.Analyzer.analyzeAll(Analyzer.java:224)
	at org.jacoco.cli.internal.commands.Report.analyze(Report.java:110)
	at org.jacoco.cli.internal.commands.Report.execute(Report.java:84)
	at org.jacoco.cli.internal.Main.execute(Main.java:90)
	at org.jacoco.cli.internal.Main.main(Main.java:105)
cp: cannot stat '/home/ubuntu/tm-results/AmazeFileManager-3.4.2-#1837.apk.timemachine.result.emulator-5554#2026-08-16-22-42-34/coverage.xml': No such file or directory
 
--coverage when the new state is triggered: 0 current jacoco line coverage rate : 0
===================> PENALIZE STATE <=====================
deque(['-583182176', '1003410873', '-1238617861', '-583182176', '-307486232', '-565265373', '-583182176', '1514766507', 'OOAUT', '451132233'], maxlen=10)
Frequent nodes 
[('-583182176', <state_graph.State instance at 0x79ace838c5f0>), ('-307486232', <state_graph.State instance at 0x79ace838caf0>), ('1003410873', <state_graph.State instance at 0x79ace8398410>)]
the portion to the top 20% most frequent states: 0.375
Frequent nodes 
[('-583182176', <state_graph.State instance at 0x79ace838c5f0>), ('-307486232', <state_graph.State instance at 0x79ace838caf0>), ('1003410873', <state_graph.State instance at 0x79ace8398410>)]
--extracted id: 481657726  num_controllable_widgets: 7
--transiton occurs
--a new state is triggered and add 481657726 into the state graph.
get_jacoco_coverage- return code:  output: Broadcasting: Intent { act=edu.gatech.m3.emma.COLLECT_COVERAGE }
Broadcast completed: result=0
---
[COVERAGE FILE EXIST?]
coverage.ec
---
---
[VALIDATE COVERAGE FILE]$ java -jar /home/ubuntu/TimeMachine/fuzzingandroid/libs/jacococli.jar report /home/ubuntu/tm-results/AmazeFileManager-3.4.2-#1837.apk.timemachine.result.emulator-5554#2026-08-16-22-42-34/ec_files/emulator-55542026-08-16-23-01-09.ec  --classfiles /home/ubuntu/TimeMachine/instrumented_apps/AmazeFileManager/AmazeFileManager-#1837/app/build/intermediates/javac/fdroidDebug/classes/ --classfiles /home/ubuntu/TimeMachine/instrumented_apps/AmazeFileManager/AmazeFileManager-#1837/commons_compress_7z/build/intermediates/javac/debug/classes/ &> temp
---
---
[VALIDATE MESSAGE]
---
SUCCESS: coverage file is valid!
[INFO] Loading execution data file /home/ubuntu/tm-results/AmazeFileManager-3.4.2-#1837.apk.timemachine.result.emulator-5554#2026-08-16-22-42-34/ec_files/emulator-55542026-08-16-23-01-09.ec.
 /sdcard/coverage.ec: 1 file pulled, 0 skipped. 0.1 MB/s (3347 bytes in 0.061s)
Exception in thread "main" java.io.FileNotFoundException: /home/ubuntu/TimeMachine/instrumented_apps/AmazeFileManager/AmazeFileManager-#1837/app/build/intermediates/javac/fdroidDebug/classes (No such file or directory)
	at java.base/java.io.FileInputStream.open0(Native Method)
	at java.base/java.io.FileInputStream.open(FileInputStream.java:216)
	at java.base/java.io.FileInputStream.<init>(FileInputStream.java:157)
	at org.jacoco.cli.internal.core.analysis.Analyzer.analyzeAll(Analyzer.java:224)
	at org.jacoco.cli.internal.commands.Report.analyze(Report.java:110)
	at org.jacoco.cli.internal.commands.Report.execute(Report.java:84)
	at org.jacoco.cli.internal.Main.execute(Main.java:90)
	at org.jacoco.cli.internal.Main.main(Main.java:105)
 
compute_coverage-return code:  output: /home/ubuntu/tm-results/AmazeFileManager-3.4.2-#1837.apk.timemachine.result.emulator-5554#2026-08-16-22-42-34/ec_files/coveragetemp.ec /home/ubuntu/tm-results/AmazeFileManager-3.4.2-#1837.apk.timemachine.result.emulator-5554#2026-08-16-22-42-34/ec_files/emulator-55542026-08-16-22-53-16.ec /home/ubuntu/tm-results/AmazeFileManager-3.4.2-#1837.apk.timemachine.result.emulator-5554#2026-08-16-22-42-34/ec_files/emulator-55542026-08-16-22-54-09.ec /home/ubuntu/tm-results/AmazeFileManager-3.4.2-#1837.apk.timemachine.result.emulator-5554#2026-08-16-22-42-34/ec_files/emulator-55542026-08-16-22-56-41.ec /home/ubuntu/tm-results/AmazeFileManager-3.4.2-#1837.apk.timemachine.result.emulator-5554#2026-08-16-22-42-34/ec_files/emulator-55542026-08-16-22-56-52.ec /home/ubuntu/tm-results/AmazeFileManager-3.4.2-#1837.apk.timemachine.result.emulator-5554#2026-08-16-22-42-34/ec_files/emulator-55542026-08-16-22-57-09.ec /home/ubuntu/tm-results/AmazeFileManager-3.4.2-#1837.apk.timemachine.result.emulator-5554#2026-08-16-22-42-34/ec_files/emulator-55542026-08-16-22-57-22.ec /home/ubuntu/tm-results/AmazeFileManager-3.4.2-#1837.apk.timemachine.result.emulator-5554#2026-08-16-22-42-34/ec_files/emulator-55542026-08-16-22-57-36.ec /home/ubuntu/tm-results/AmazeFileManager-3.4.2-#1837.apk.timemachine.result.emulator-5554#2026-08-16-22-42-34/ec_files/emulator-55542026-08-16-22-57-50.ec /home/ubuntu/tm-results/AmazeFileManager-3.4.2-#1837.apk.timemachine.result.emulator-5554#2026-08-16-22-42-34/ec_files/emulator-55542026-08-16-22-58-11.ec /home/ubuntu/tm-results/AmazeFileManager-3.4.2-#1837.apk.timemachine.result.emulator-5554#2026-08-16-22-42-34/ec_files/emulator-55542026-08-16-22-58-34.ec /home/ubuntu/tm-results/AmazeFileManager-3.4.2-#1837.apk.timemachine.result.emulator-5554#2026-08-16-22-42-34/ec_files/emulator-55542026-08-16-22-58-50.ec /home/ubuntu/tm-results/AmazeFileManager-3.4.2-#1837.apk.timemachine.result.emulator-5554#2026-08-16-22-42-34/ec_files/emulator-55542026-08-16-22-59-03.ec /home/ubuntu/tm-results/AmazeFileManager-3.4.2-#1837.apk.timemachine.result.emulator-5554#2026-08-16-22-42-34/ec_files/emulator-55542026-08-16-22-59-21.ec /home/ubuntu/tm-results/AmazeFileManager-3.4.2-#1837.apk.timemachine.result.emulator-5554#2026-08-16-22-42-34/ec_files/emulator-55542026-08-16-22-59-37.ec /home/ubuntu/tm-results/AmazeFileManager-3.4.2-#1837.apk.timemachine.result.emulator-5554#2026-08-16-22-42-34/ec_files/emulator-55542026-08-16-23-00-54.ec /home/ubuntu/tm-results/AmazeFileManager-3.4.2-#1837.apk.timemachine.result.emulator-5554#2026-08-16-22-42-34/ec_files/emulator-55542026-08-16-23-01-09.ec
[INFO] Loading execution data file /home/ubuntu/tm-results/AmazeFileManager-3.4.2-#1837.apk.timemachine.result.emulator-5554#2026-08-16-22-42-34/ec_files/coveragetemp.ec.
[INFO] Loading execution data file /home/ubuntu/tm-results/AmazeFileManager-3.4.2-#1837.apk.timemachine.result.emulator-5554#2026-08-16-22-42-34/ec_files/emulator-55542026-08-16-22-53-16.ec.
[INFO] Loading execution data file /home/ubuntu/tm-results/AmazeFileManager-3.4.2-#1837.apk.timemachine.result.emulator-5554#2026-08-16-22-42-34/ec_files/emulator-55542026-08-16-22-54-09.ec.
[INFO] Loading execution data file /home/ubuntu/tm-results/AmazeFileManager-3.4.2-#1837.apk.timemachine.result.emulator-5554#2026-08-16-22-42-34/ec_files/emulator-55542026-08-16-22-56-41.ec.
[INFO] Loading execution data file /home/ubuntu/tm-results/AmazeFileManager-3.4.2-#1837.apk.timemachine.result.emulator-5554#2026-08-16-22-42-34/ec_files/emulator-55542026-08-16-22-56-52.ec.
[INFO] Loading execution data file /home/ubuntu/tm-results/AmazeFileManager-3.4.2-#1837.apk.timemachine.result.emulator-5554#2026-08-16-22-42-34/ec_files/emulator-55542026-08-16-22-57-09.ec.
[INFO] Loading execution data file /home/ubuntu/tm-results/AmazeFileManager-3.4.2-#1837.apk.timemachine.result.emulator-5554#2026-08-16-22-42-34/ec_files/emulator-55542026-08-16-22-57-22.ec.
[INFO] Loading execution data file /home/ubuntu/tm-results/AmazeFileManager-3.4.2-#1837.apk.timemachine.result.emulator-5554#2026-08-16-22-42-34/ec_files/emulator-55542026-08-16-22-57-36.ec.
[INFO] Loading execution data file /home/ubuntu/tm-results/AmazeFileManager-3.4.2-#1837.apk.timemachine.result.emulator-5554#2026-08-16-22-42-34/ec_files/emulator-55542026-08-16-22-57-50.ec.
[INFO] Loading execution data file /home/ubuntu/tm-results/AmazeFileManager-3.4.2-#1837.apk.timemachine.result.emulator-5554#2026-08-16-22-42-34/ec_files/emulator-55542026-08-16-22-58-11.ec.
[INFO] Loading execution data file /home/ubuntu/tm-results/AmazeFileManager-3.4.2-#1837.apk.timemachine.result.emulator-5554#2026-08-16-22-42-34/ec_files/emulator-55542026-08-16-22-58-34.ec.
[INFO] Loading execution data file /home/ubuntu/tm-results/AmazeFileManager-3.4.2-#1837.apk.timemachine.result.emulator-5554#2026-08-16-22-42-34/ec_files/emulator-55542026-08-16-22-58-50.ec.
[INFO] Loading execution data file /home/ubuntu/tm-results/AmazeFileManager-3.4.2-#1837.apk.timemachine.result.emulator-5554#2026-08-16-22-42-34/ec_files/emulator-55542026-08-16-22-59-03.ec.
[INFO] Loading execution data file /home/ubuntu/tm-results/AmazeFileManager-3.4.2-#1837.apk.timemachine.result.emulator-5554#2026-08-16-22-42-34/ec_files/emulator-55542026-08-16-22-59-21.ec.
[INFO] Loading execution data file /home/ubuntu/tm-results/AmazeFileManager-3.4.2-#1837.apk.timemachine.result.emulator-5554#2026-08-16-22-42-34/ec_files/emulator-55542026-08-16-22-59-37.ec.
[INFO] Loading execution data file /home/ubuntu/tm-results/AmazeFileManager-3.4.2-#1837.apk.timemachine.result.emulator-5554#2026-08-16-22-42-34/ec_files/emulator-55542026-08-16-23-00-54.ec.
[INFO] Loading execution data file /home/ubuntu/tm-results/AmazeFileManager-3.4.2-#1837.apk.timemachine.result.emulator-5554#2026-08-16-22-42-34/ec_files/emulator-55542026-08-16-23-01-09.ec.
  Exception in thread "main" java.io.FileNotFoundException: /home/ubuntu/TimeMachine/instrumented_apps/AmazeFileManager/AmazeFileManager-#1837/app/build/intermediates/javac/fdroidDebug/classes (No such file or directory)
	at java.base/java.io.FileInputStream.open0(Native Method)
	at java.base/java.io.FileInputStream.open(FileInputStream.java:216)
	at java.base/java.io.FileInputStream.<init>(FileInputStream.java:157)
	at org.jacoco.cli.internal.core.analysis.Analyzer.analyzeAll(Analyzer.java:224)
	at org.jacoco.cli.internal.commands.Report.analyze(Report.java:110)
	at org.jacoco.cli.internal.commands.Report.execute(Report.java:84)
	at org.jacoco.cli.internal.Main.execute(Main.java:90)
	at org.jacoco.cli.internal.Main.main(Main.java:105)
cp: cannot stat '/home/ubuntu/tm-results/AmazeFileManager-3.4.2-#1837.apk.timemachine.result.emulator-5554#2026-08-16-22-42-34/coverage.xml': No such file or directory
 
--coverage when the new state is triggered: 0 current jacoco line coverage rate : 0
===================> PENALIZE STATE <=====================
deque(['1003410873', '-1238617861', '-583182176', '-307486232', '-565265373', '-583182176', '1514766507', 'OOAUT', '451132233', '481657726'], maxlen=10)
Frequent nodes 
[('-583182176', <state_graph.State instance at 0x79ace838c5f0>), ('-307486232', <state_graph.State instance at 0x79ace838caf0>), ('1003410873', <state_graph.State instance at 0x79ace8398410>)]
the portion to the top 20% most frequent states: 0.333333333333
Frequent nodes 
[('-583182176', <state_graph.State instance at 0x79ace838c5f0>), ('-307486232', <state_graph.State instance at 0x79ace838caf0>), ('1003410873', <state_graph.State instance at 0x79ace8398410>)]
--extracted id: 481657726  num_controllable_widgets: 7
--event num: 1
--extracted id: -1115588482  num_controllable_widgets: 7
--transiton occurs
--a new state is triggered and add -1115588482 into the state graph.
get_jacoco_coverage- return code:  output: Broadcasting: Intent { act=edu.gatech.m3.emma.COLLECT_COVERAGE }
Broadcast completed: result=0
---
[COVERAGE FILE EXIST?]
coverage.ec
---
---
[VALIDATE COVERAGE FILE]$ java -jar /home/ubuntu/TimeMachine/fuzzingandroid/libs/jacococli.jar report /home/ubuntu/tm-results/AmazeFileManager-3.4.2-#1837.apk.timemachine.result.emulator-5554#2026-08-16-22-42-34/ec_files/emulator-55542026-08-16-23-01-23.ec  --classfiles /home/ubuntu/TimeMachine/instrumented_apps/AmazeFileManager/AmazeFileManager-#1837/app/build/intermediates/javac/fdroidDebug/classes/ --classfiles /home/ubuntu/TimeMachine/instrumented_apps/AmazeFileManager/AmazeFileManager-#1837/commons_compress_7z/build/intermediates/javac/debug/classes/ &> temp
---
---
[VALIDATE MESSAGE]
---
SUCCESS: coverage file is valid!
[INFO] Loading execution data file /home/ubuntu/tm-results/AmazeFileManager-3.4.2-#1837.apk.timemachine.result.emulator-5554#2026-08-16-22-42-34/ec_files/emulator-55542026-08-16-23-01-23.ec.
 /sdcard/coverage.ec: 1 file pulled, 0 skipped. 0.0 MB/s (3066 bytes in 0.097s)
Exception in thread "main" java.io.FileNotFoundException: /home/ubuntu/TimeMachine/instrumented_apps/AmazeFileManager/AmazeFileManager-#1837/app/build/intermediates/javac/fdroidDebug/classes (No such file or directory)
	at java.base/java.io.FileInputStream.open0(Native Method)
	at java.base/java.io.FileInputStream.open(FileInputStream.java:216)
	at java.base/java.io.FileInputStream.<init>(FileInputStream.java:157)
	at org.jacoco.cli.internal.core.analysis.Analyzer.analyzeAll(Analyzer.java:224)
	at org.jacoco.cli.internal.commands.Report.analyze(Report.java:110)
	at org.jacoco.cli.internal.commands.Report.execute(Report.java:84)
	at org.jacoco.cli.internal.Main.execute(Main.java:90)
	at org.jacoco.cli.internal.Main.main(Main.java:105)
 
compute_coverage-return code:  output: /home/ubuntu/tm-results/AmazeFileManager-3.4.2-#1837.apk.timemachine.result.emulator-5554#2026-08-16-22-42-34/ec_files/coveragetemp.ec /home/ubuntu/tm-results/AmazeFileManager-3.4.2-#1837.apk.timemachine.result.emulator-5554#2026-08-16-22-42-34/ec_files/emulator-55542026-08-16-22-53-16.ec /home/ubuntu/tm-results/AmazeFileManager-3.4.2-#1837.apk.timemachine.result.emulator-5554#2026-08-16-22-42-34/ec_files/emulator-55542026-08-16-22-54-09.ec /home/ubuntu/tm-results/AmazeFileManager-3.4.2-#1837.apk.timemachine.result.emulator-5554#2026-08-16-22-42-34/ec_files/emulator-55542026-08-16-22-56-41.ec /home/ubuntu/tm-results/AmazeFileManager-3.4.2-#1837.apk.timemachine.result.emulator-5554#2026-08-16-22-42-34/ec_files/emulator-55542026-08-16-22-56-52.ec /home/ubuntu/tm-results/AmazeFileManager-3.4.2-#1837.apk.timemachine.result.emulator-5554#2026-08-16-22-42-34/ec_files/emulator-55542026-08-16-22-57-09.ec /home/ubuntu/tm-results/AmazeFileManager-3.4.2-#1837.apk.timemachine.result.emulator-5554#2026-08-16-22-42-34/ec_files/emulator-55542026-08-16-22-57-22.ec /home/ubuntu/tm-results/AmazeFileManager-3.4.2-#1837.apk.timemachine.result.emulator-5554#2026-08-16-22-42-34/ec_files/emulator-55542026-08-16-22-57-36.ec /home/ubuntu/tm-results/AmazeFileManager-3.4.2-#1837.apk.timemachine.result.emulator-5554#2026-08-16-22-42-34/ec_files/emulator-55542026-08-16-22-57-50.ec /home/ubuntu/tm-results/AmazeFileManager-3.4.2-#1837.apk.timemachine.result.emulator-5554#2026-08-16-22-42-34/ec_files/emulator-55542026-08-16-22-58-11.ec /home/ubuntu/tm-results/AmazeFileManager-3.4.2-#1837.apk.timemachine.result.emulator-5554#2026-08-16-22-42-34/ec_files/emulator-55542026-08-16-22-58-34.ec /home/ubuntu/tm-results/AmazeFileManager-3.4.2-#1837.apk.timemachine.result.emulator-5554#2026-08-16-22-42-34/ec_files/emulator-55542026-08-16-22-58-50.ec /home/ubuntu/tm-results/AmazeFileManager-3.4.2-#1837.apk.timemachine.result.emulator-5554#2026-08-16-22-42-34/ec_files/emulator-55542026-08-16-22-59-03.ec /home/ubuntu/tm-results/AmazeFileManager-3.4.2-#1837.apk.timemachine.result.emulator-5554#2026-08-16-22-42-34/ec_files/emulator-55542026-08-16-22-59-21.ec /home/ubuntu/tm-results/AmazeFileManager-3.4.2-#1837.apk.timemachine.result.emulator-5554#2026-08-16-22-42-34/ec_files/emulator-55542026-08-16-22-59-37.ec /home/ubuntu/tm-results/AmazeFileManager-3.4.2-#1837.apk.timemachine.result.emulator-5554#2026-08-16-22-42-34/ec_files/emulator-55542026-08-16-23-00-54.ec /home/ubuntu/tm-results/AmazeFileManager-3.4.2-#1837.apk.timemachine.result.emulator-5554#2026-08-16-22-42-34/ec_files/emulator-55542026-08-16-23-01-09.ec /home/ubuntu/tm-results/AmazeFileManager-3.4.2-#1837.apk.timemachine.result.emulator-5554#2026-08-16-22-42-34/ec_files/emulator-55542026-08-16-23-01-23.ec
[INFO] Loading execution data file /home/ubuntu/tm-results/AmazeFileManager-3.4.2-#1837.apk.timemachine.result.emulator-5554#2026-08-16-22-42-34/ec_files/coveragetemp.ec.
[INFO] Loading execution data file /home/ubuntu/tm-results/AmazeFileManager-3.4.2-#1837.apk.timemachine.result.emulator-5554#2026-08-16-22-42-34/ec_files/emulator-55542026-08-16-22-53-16.ec.
[INFO] Loading execution data file /home/ubuntu/tm-results/AmazeFileManager-3.4.2-#1837.apk.timemachine.result.emulator-5554#2026-08-16-22-42-34/ec_files/emulator-55542026-08-16-22-54-09.ec.
[INFO] Loading execution data file /home/ubuntu/tm-results/AmazeFileManager-3.4.2-#1837.apk.timemachine.result.emulator-5554#2026-08-16-22-42-34/ec_files/emulator-55542026-08-16-22-56-41.ec.
[INFO] Loading execution data file /home/ubuntu/tm-results/AmazeFileManager-3.4.2-#1837.apk.timemachine.result.emulator-5554#2026-08-16-22-42-34/ec_files/emulator-55542026-08-16-22-56-52.ec.
[INFO] Loading execution data file /home/ubuntu/tm-results/AmazeFileManager-3.4.2-#1837.apk.timemachine.result.emulator-5554#2026-08-16-22-42-34/ec_files/emulator-55542026-08-16-22-57-09.ec.
[INFO] Loading execution data file /home/ubuntu/tm-results/AmazeFileManager-3.4.2-#1837.apk.timemachine.result.emulator-5554#2026-08-16-22-42-34/ec_files/emulator-55542026-08-16-22-57-22.ec.
[INFO] Loading execution data file /home/ubuntu/tm-results/AmazeFileManager-3.4.2-#1837.apk.timemachine.result.emulator-5554#2026-08-16-22-42-34/ec_files/emulator-55542026-08-16-22-57-36.ec.
[INFO] Loading execution data file /home/ubuntu/tm-results/AmazeFileManager-3.4.2-#1837.apk.timemachine.result.emulator-5554#2026-08-16-22-42-34/ec_files/emulator-55542026-08-16-22-57-50.ec.
[INFO] Loading execution data file /home/ubuntu/tm-results/AmazeFileManager-3.4.2-#1837.apk.timemachine.result.emulator-5554#2026-08-16-22-42-34/ec_files/emulator-55542026-08-16-22-58-11.ec.
[INFO] Loading execution data file /home/ubuntu/tm-results/AmazeFileManager-3.4.2-#1837.apk.timemachine.result.emulator-5554#2026-08-16-22-42-34/ec_files/emulator-55542026-08-16-22-58-34.ec.
[INFO] Loading execution data file /home/ubuntu/tm-results/AmazeFileManager-3.4.2-#1837.apk.timemachine.result.emulator-5554#2026-08-16-22-42-34/ec_files/emulator-55542026-08-16-22-58-50.ec.
[INFO] Loading execution data file /home/ubuntu/tm-results/AmazeFileManager-3.4.2-#1837.apk.timemachine.result.emulator-5554#2026-08-16-22-42-34/ec_files/emulator-55542026-08-16-22-59-03.ec.
[INFO] Loading execution data file /home/ubuntu/tm-results/AmazeFileManager-3.4.2-#1837.apk.timemachine.result.emulator-5554#2026-08-16-22-42-34/ec_files/emulator-55542026-08-16-22-59-21.ec.
[INFO] Loading execution data file /home/ubuntu/tm-results/AmazeFileManager-3.4.2-#1837.apk.timemachine.result.emulator-5554#2026-08-16-22-42-34/ec_files/emulator-55542026-08-16-22-59-37.ec.
[INFO] Loading execution data file /home/ubuntu/tm-results/AmazeFileManager-3.4.2-#1837.apk.timemachine.result.emulator-5554#2026-08-16-22-42-34/ec_files/emulator-55542026-08-16-23-00-54.ec.
[INFO] Loading execution data file /home/ubuntu/tm-results/AmazeFileManager-3.4.2-#1837.apk.timemachine.result.emulator-5554#2026-08-16-22-42-34/ec_files/emulator-55542026-08-16-23-01-09.ec.
[INFO] Loading execution data file /home/ubuntu/tm-results/AmazeFileManager-3.4.2-#1837.apk.timemachine.result.emulator-5554#2026-08-16-22-42-34/ec_files/emulator-55542026-08-16-23-01-23.ec.
  Exception in thread "main" java.io.FileNotFoundException: /home/ubuntu/TimeMachine/instrumented_apps/AmazeFileManager/AmazeFileManager-#1837/app/build/intermediates/javac/fdroidDebug/classes (No such file or directory)
	at java.base/java.io.FileInputStream.open0(Native Method)
	at java.base/java.io.FileInputStream.open(FileInputStream.java:216)
	at java.base/java.io.FileInputStream.<init>(FileInputStream.java:157)
	at org.jacoco.cli.internal.core.analysis.Analyzer.analyzeAll(Analyzer.java:224)
	at org.jacoco.cli.internal.commands.Report.analyze(Report.java:110)
	at org.jacoco.cli.internal.commands.Report.execute(Report.java:84)
	at org.jacoco.cli.internal.Main.execute(Main.java:90)
	at org.jacoco.cli.internal.Main.main(Main.java:105)
cp: cannot stat '/home/ubuntu/tm-results/AmazeFileManager-3.4.2-#1837.apk.timemachine.result.emulator-5554#2026-08-16-22-42-34/coverage.xml': No such file or directory
 
--coverage when the new state is triggered: 0 current jacoco line coverage rate : 0
===================> PENALIZE STATE <=====================
deque(['-1238617861', '-583182176', '-307486232', '-565265373', '-583182176', '1514766507', 'OOAUT', '451132233', '481657726', '-1115588482'], maxlen=10)
Frequent nodes 
[('-583182176', <state_graph.State instance at 0x79ace838c5f0>), ('-307486232', <state_graph.State instance at 0x79ace838caf0>), ('1003410873', <state_graph.State instance at 0x79ace8398410>)]
the portion to the top 20% most frequent states: 0.222222222222
Frequent nodes 
[('-583182176', <state_graph.State instance at 0x79ace838c5f0>), ('-307486232', <state_graph.State instance at 0x79ace838caf0>), ('1003410873', <state_graph.State instance at 0x79ace8398410>)]
--extracted id: 2106711827  num_controllable_widgets: 4
--transiton occurs
--a new state is triggered and add 2106711827 into the state graph.
get_jacoco_coverage- return code:  output: Broadcasting: Intent { act=edu.gatech.m3.emma.COLLECT_COVERAGE }
Broadcast completed: result=0
---
[COVERAGE FILE EXIST?]
coverage.ec
---
---
[VALIDATE COVERAGE FILE]$ java -jar /home/ubuntu/TimeMachine/fuzzingandroid/libs/jacococli.jar report /home/ubuntu/tm-results/AmazeFileManager-3.4.2-#1837.apk.timemachine.result.emulator-5554#2026-08-16-22-42-34/ec_files/emulator-55542026-08-16-23-01-42.ec  --classfiles /home/ubuntu/TimeMachine/instrumented_apps/AmazeFileManager/AmazeFileManager-#1837/app/build/intermediates/javac/fdroidDebug/classes/ --classfiles /home/ubuntu/TimeMachine/instrumented_apps/AmazeFileManager/AmazeFileManager-#1837/commons_compress_7z/build/intermediates/javac/debug/classes/ &> temp
---
---
[VALIDATE MESSAGE]
---
SUCCESS: coverage file is valid!
[INFO] Loading execution data file /home/ubuntu/tm-results/AmazeFileManager-3.4.2-#1837.apk.timemachine.result.emulator-5554#2026-08-16-22-42-34/ec_files/emulator-55542026-08-16-23-01-42.ec.
 /sdcard/coverage.ec: 1 file pulled, 0 skipped. 0.1 MB/s (3095 bytes in 0.057s)
Exception in thread "main" java.io.FileNotFoundException: /home/ubuntu/TimeMachine/instrumented_apps/AmazeFileManager/AmazeFileManager-#1837/app/build/intermediates/javac/fdroidDebug/classes (No such file or directory)
	at java.base/java.io.FileInputStream.open0(Native Method)
	at java.base/java.io.FileInputStream.open(FileInputStream.java:216)
	at java.base/java.io.FileInputStream.<init>(FileInputStream.java:157)
	at org.jacoco.cli.internal.core.analysis.Analyzer.analyzeAll(Analyzer.java:224)
	at org.jacoco.cli.internal.commands.Report.analyze(Report.java:110)
	at org.jacoco.cli.internal.commands.Report.execute(Report.java:84)
	at org.jacoco.cli.internal.Main.execute(Main.java:90)
	at org.jacoco.cli.internal.Main.main(Main.java:105)
 
compute_coverage-return code:  output: /home/ubuntu/tm-results/AmazeFileManager-3.4.2-#1837.apk.timemachine.result.emulator-5554#2026-08-16-22-42-34/ec_files/coveragetemp.ec /home/ubuntu/tm-results/AmazeFileManager-3.4.2-#1837.apk.timemachine.result.emulator-5554#2026-08-16-22-42-34/ec_files/emulator-55542026-08-16-22-53-16.ec /home/ubuntu/tm-results/AmazeFileManager-3.4.2-#1837.apk.timemachine.result.emulator-5554#2026-08-16-22-42-34/ec_files/emulator-55542026-08-16-22-54-09.ec /home/ubuntu/tm-results/AmazeFileManager-3.4.2-#1837.apk.timemachine.result.emulator-5554#2026-08-16-22-42-34/ec_files/emulator-55542026-08-16-22-56-41.ec /home/ubuntu/tm-results/AmazeFileManager-3.4.2-#1837.apk.timemachine.result.emulator-5554#2026-08-16-22-42-34/ec_files/emulator-55542026-08-16-22-56-52.ec /home/ubuntu/tm-results/AmazeFileManager-3.4.2-#1837.apk.timemachine.result.emulator-5554#2026-08-16-22-42-34/ec_files/emulator-55542026-08-16-22-57-09.ec /home/ubuntu/tm-results/AmazeFileManager-3.4.2-#1837.apk.timemachine.result.emulator-5554#2026-08-16-22-42-34/ec_files/emulator-55542026-08-16-22-57-22.ec /home/ubuntu/tm-results/AmazeFileManager-3.4.2-#1837.apk.timemachine.result.emulator-5554#2026-08-16-22-42-34/ec_files/emulator-55542026-08-16-22-57-36.ec /home/ubuntu/tm-results/AmazeFileManager-3.4.2-#1837.apk.timemachine.result.emulator-5554#2026-08-16-22-42-34/ec_files/emulator-55542026-08-16-22-57-50.ec /home/ubuntu/tm-results/AmazeFileManager-3.4.2-#1837.apk.timemachine.result.emulator-5554#2026-08-16-22-42-34/ec_files/emulator-55542026-08-16-22-58-11.ec /home/ubuntu/tm-results/AmazeFileManager-3.4.2-#1837.apk.timemachine.result.emulator-5554#2026-08-16-22-42-34/ec_files/emulator-55542026-08-16-22-58-34.ec /home/ubuntu/tm-results/AmazeFileManager-3.4.2-#1837.apk.timemachine.result.emulator-5554#2026-08-16-22-42-34/ec_files/emulator-55542026-08-16-22-58-50.ec /home/ubuntu/tm-results/AmazeFileManager-3.4.2-#1837.apk.timemachine.result.emulator-5554#2026-08-16-22-42-34/ec_files/emulator-55542026-08-16-22-59-03.ec /home/ubuntu/tm-results/AmazeFileManager-3.4.2-#1837.apk.timemachine.result.emulator-5554#2026-08-16-22-42-34/ec_files/emulator-55542026-08-16-22-59-21.ec /home/ubuntu/tm-results/AmazeFileManager-3.4.2-#1837.apk.timemachine.result.emulator-5554#2026-08-16-22-42-34/ec_files/emulator-55542026-08-16-22-59-37.ec /home/ubuntu/tm-results/AmazeFileManager-3.4.2-#1837.apk.timemachine.result.emulator-5554#2026-08-16-22-42-34/ec_files/emulator-55542026-08-16-23-00-54.ec /home/ubuntu/tm-results/AmazeFileManager-3.4.2-#1837.apk.timemachine.result.emulator-5554#2026-08-16-22-42-34/ec_files/emulator-55542026-08-16-23-01-09.ec /home/ubuntu/tm-results/AmazeFileManager-3.4.2-#1837.apk.timemachine.result.emulator-5554#2026-08-16-22-42-34/ec_files/emulator-55542026-08-16-23-01-23.ec /home/ubuntu/tm-results/AmazeFileManager-3.4.2-#1837.apk.timemachine.result.emulator-5554#2026-08-16-22-42-34/ec_files/emulator-55542026-08-16-23-01-42.ec
[INFO] Loading execution data file /home/ubuntu/tm-results/AmazeFileManager-3.4.2-#1837.apk.timemachine.result.emulator-5554#2026-08-16-22-42-34/ec_files/coveragetemp.ec.
[INFO] Loading execution data file /home/ubuntu/tm-results/AmazeFileManager-3.4.2-#1837.apk.timemachine.result.emulator-5554#2026-08-16-22-42-34/ec_files/emulator-55542026-08-16-22-53-16.ec.
[INFO] Loading execution data file /home/ubuntu/tm-results/AmazeFileManager-3.4.2-#1837.apk.timemachine.result.emulator-5554#2026-08-16-22-42-34/ec_files/emulator-55542026-08-16-22-54-09.ec.
[INFO] Loading execution data file /home/ubuntu/tm-results/AmazeFileManager-3.4.2-#1837.apk.timemachine.result.emulator-5554#2026-08-16-22-42-34/ec_files/emulator-55542026-08-16-22-56-41.ec.
[INFO] Loading execution data file /home/ubuntu/tm-results/AmazeFileManager-3.4.2-#1837.apk.timemachine.result.emulator-5554#2026-08-16-22-42-34/ec_files/emulator-55542026-08-16-22-56-52.ec.
[INFO] Loading execution data file /home/ubuntu/tm-results/AmazeFileManager-3.4.2-#1837.apk.timemachine.result.emulator-5554#2026-08-16-22-42-34/ec_files/emulator-55542026-08-16-22-57-09.ec.
[INFO] Loading execution data file /home/ubuntu/tm-results/AmazeFileManager-3.4.2-#1837.apk.timemachine.result.emulator-5554#2026-08-16-22-42-34/ec_files/emulator-55542026-08-16-22-57-22.ec.
[INFO] Loading execution data file /home/ubuntu/tm-results/AmazeFileManager-3.4.2-#1837.apk.timemachine.result.emulator-5554#2026-08-16-22-42-34/ec_files/emulator-55542026-08-16-22-57-36.ec.
[INFO] Loading execution data file /home/ubuntu/tm-results/AmazeFileManager-3.4.2-#1837.apk.timemachine.result.emulator-5554#2026-08-16-22-42-34/ec_files/emulator-55542026-08-16-22-57-50.ec.
[INFO] Loading execution data file /home/ubuntu/tm-results/AmazeFileManager-3.4.2-#1837.apk.timemachine.result.emulator-5554#2026-08-16-22-42-34/ec_files/emulator-55542026-08-16-22-58-11.ec.
[INFO] Loading execution data file /home/ubuntu/tm-results/AmazeFileManager-3.4.2-#1837.apk.timemachine.result.emulator-5554#2026-08-16-22-42-34/ec_files/emulator-55542026-08-16-22-58-34.ec.
[INFO] Loading execution data file /home/ubuntu/tm-results/AmazeFileManager-3.4.2-#1837.apk.timemachine.result.emulator-5554#2026-08-16-22-42-34/ec_files/emulator-55542026-08-16-22-58-50.ec.
[INFO] Loading execution data file /home/ubuntu/tm-results/AmazeFileManager-3.4.2-#1837.apk.timemachine.result.emulator-5554#2026-08-16-22-42-34/ec_files/emulator-55542026-08-16-22-59-03.ec.
[INFO] Loading execution data file /home/ubuntu/tm-results/AmazeFileManager-3.4.2-#1837.apk.timemachine.result.emulator-5554#2026-08-16-22-42-34/ec_files/emulator-55542026-08-16-22-59-21.ec.
[INFO] Loading execution data file /home/ubuntu/tm-results/AmazeFileManager-3.4.2-#1837.apk.timemachine.result.emulator-5554#2026-08-16-22-42-34/ec_files/emulator-55542026-08-16-22-59-37.ec.
[INFO] Loading execution data file /home/ubuntu/tm-results/AmazeFileManager-3.4.2-#1837.apk.timemachine.result.emulator-5554#2026-08-16-22-42-34/ec_files/emulator-55542026-08-16-23-00-54.ec.
[INFO] Loading execution data file /home/ubuntu/tm-results/AmazeFileManager-3.4.2-#1837.apk.timemachine.result.emulator-5554#2026-08-16-22-42-34/ec_files/emulator-55542026-08-16-23-01-09.ec.
[INFO] Loading execution data file /home/ubuntu/tm-results/AmazeFileManager-3.4.2-#1837.apk.timemachine.result.emulator-5554#2026-08-16-22-42-34/ec_files/emulator-55542026-08-16-23-01-23.ec.
[INFO] Loading execution data file /home/ubuntu/tm-results/AmazeFileManager-3.4.2-#1837.apk.timemachine.result.emulator-5554#2026-08-16-22-42-34/ec_files/emulator-55542026-08-16-23-01-42.ec.
  Exception in thread "main" java.io.FileNotFoundException: /home/ubuntu/TimeMachine/instrumented_apps/AmazeFileManager/AmazeFileManager-#1837/app/build/intermediates/javac/fdroidDebug/classes (No such file or directory)
	at java.base/java.io.FileInputStream.open0(Native Method)
	at java.base/java.io.FileInputStream.open(FileInputStream.java:216)
	at java.base/java.io.FileInputStream.<init>(FileInputStream.java:157)
	at org.jacoco.cli.internal.core.analysis.Analyzer.analyzeAll(Analyzer.java:224)
	at org.jacoco.cli.internal.commands.Report.analyze(Report.java:110)
	at org.jacoco.cli.internal.commands.Report.execute(Report.java:84)
	at org.jacoco.cli.internal.Main.execute(Main.java:90)
	at org.jacoco.cli.internal.Main.main(Main.java:105)
cp: cannot stat '/home/ubuntu/tm-results/AmazeFileManager-3.4.2-#1837.apk.timemachine.result.emulator-5554#2026-08-16-22-42-34/coverage.xml': No such file or directory
 
--coverage when the new state is triggered: 0 current jacoco line coverage rate : 0
===================> PENALIZE STATE <=====================
deque(['-583182176', '-307486232', '-565265373', '-583182176', '1514766507', 'OOAUT', '451132233', '481657726', '-1115588482', '2106711827'], maxlen=10)
Frequent nodes 
[('-583182176', <state_graph.State instance at 0x79ace838c5f0>), ('-307486232', <state_graph.State instance at 0x79ace838caf0>), ('1003410873', <state_graph.State instance at 0x79ace8398410>)]
the portion to the top 20% most frequent states: 0.222222222222
Frequent nodes 
[('-583182176', <state_graph.State instance at 0x79ace838c5f0>), ('-307486232', <state_graph.State instance at 0x79ace838caf0>), ('1003410873', <state_graph.State instance at 0x79ace8398410>)]
--extracted id: 2106711827  num_controllable_widgets: 4
--event num: 1
--extracted id: 2106711827  num_controllable_widgets: 4
--event num: 2
--extracted id: 2106711827  num_controllable_widgets: 4
--event num: 3
--extracted id: 2106711827  num_controllable_widgets: 4
--event num: 4
--extracted id: 2106711827  num_controllable_widgets: 4
--event num: 5
--extracted id: 2106711827  num_controllable_widgets: 4
--event num: 6
--extracted id: 2106711827  num_controllable_widgets: 4
--event num: 7
--extracted id: 2106711827  num_controllable_widgets: 4
--event num: 8
--extracted id: 2106711827  num_controllable_widgets: 4
--event num: 9
--extracted id: 2106711827  num_controllable_widgets: 4
--event num: 10
--extracted id: -583182176  num_controllable_widgets: 0
--transiton occurs
--the state -583182176  exists
===================> PENALIZE STATE <=====================
deque(['-307486232', '-565265373', '-583182176', '1514766507', 'OOAUT', '451132233', '481657726', '-1115588482', '2106711827', '-583182176'], maxlen=10)
Frequent nodes 
[('-583182176', <state_graph.State instance at 0x79ace838c5f0>), ('-307486232', <state_graph.State instance at 0x79ace838caf0>), ('1003410873', <state_graph.State instance at 0x79ace8398410>)]
the portion to the top 20% most frequent states: 0.222222222222
Frequent nodes 
[('-583182176', <state_graph.State instance at 0x79ace838c5f0>), ('-307486232', <state_graph.State instance at 0x79ace838caf0>), ('1003410873', <state_graph.State instance at 0x79ace8398410>)]
--extracted id: -583182176  num_controllable_widgets: 0
--event num: 1
--extracted id: 1514766507  num_controllable_widgets: 0
--transiton occurs
--the state 1514766507  exists
===================> PENALIZE STATE <=====================
deque(['-565265373', '-583182176', '1514766507', 'OOAUT', '451132233', '481657726', '-1115588482', '2106711827', '-583182176', '1514766507'], maxlen=10)
Frequent nodes 
[('-583182176', <state_graph.State instance at 0x79ace838c5f0>), ('-307486232', <state_graph.State instance at 0x79ace838caf0>), ('1003410873', <state_graph.State instance at 0x79ace8398410>)]
the portion to the top 20% most frequent states: 0.25
Frequent nodes 
[('-583182176', <state_graph.State instance at 0x79ace838c5f0>), ('-307486232', <state_graph.State instance at 0x79ace838caf0>), ('1003410873', <state_graph.State instance at 0x79ace8398410>)]
--extracted id: 1514766507  num_controllable_widgets: 0
--event num: 1
--extracted id: 2106711827  num_controllable_widgets: 4
--transiton occurs
--the state 2106711827  exists
===================> PENALIZE STATE <=====================
deque(['-583182176', '1514766507', 'OOAUT', '451132233', '481657726', '-1115588482', '2106711827', '-583182176', '1514766507', '2106711827'], maxlen=10)
Frequent nodes 
[('-583182176', <state_graph.State instance at 0x79ace838c5f0>), ('-307486232', <state_graph.State instance at 0x79ace838caf0>), ('1003410873', <state_graph.State instance at 0x79ace8398410>)]
the portion to the top 20% most frequent states: 0.428571428571
Frequent nodes 
[('-583182176', <state_graph.State instance at 0x79ace838c5f0>), ('-307486232', <state_graph.State instance at 0x79ace838caf0>), ('1003410873', <state_graph.State instance at 0x79ace8398410>)]
--extracted id: 2106711827  num_controllable_widgets: 4
--event num: 1
--extracted id: 2106711827  num_controllable_widgets: 4
--event num: 2
--extracted id: 2106711827  num_controllable_widgets: 4
--event num: 3
--extracted id: 2106711827  num_controllable_widgets: 4
--event num: 4
--extracted id: -307486232  num_controllable_widgets: 0
--transiton occurs
--the state -307486232  exists
===================> PENALIZE STATE <=====================
deque(['1514766507', 'OOAUT', '451132233', '481657726', '-1115588482', '2106711827', '-583182176', '1514766507', '2106711827', '-307486232'], maxlen=10)
Frequent nodes 
[('-583182176', <state_graph.State instance at 0x79ace838c5f0>), ('-307486232', <state_graph.State instance at 0x79ace838caf0>), ('1003410873', <state_graph.State instance at 0x79ace8398410>)]
the portion to the top 20% most frequent states: 0.5
Frequent nodes 
[('-583182176', <state_graph.State instance at 0x79ace838c5f0>), ('-307486232', <state_graph.State instance at 0x79ace838caf0>), ('1003410873', <state_graph.State instance at 0x79ace8398410>)]
--extracted id: 2106711827  num_controllable_widgets: 4
--transiton occurs
--the state 2106711827  exists
===================> PENALIZE STATE <=====================
deque(['OOAUT', '451132233', '481657726', '-1115588482', '2106711827', '-583182176', '1514766507', '2106711827', '-307486232', '2106711827'], maxlen=10)
Frequent nodes 
[('-583182176', <state_graph.State instance at 0x79ace838c5f0>), ('-307486232', <state_graph.State instance at 0x79ace838caf0>), ('1003410873', <state_graph.State instance at 0x79ace8398410>)]
the portion to the top 20% most frequent states: 0.375
Frequent nodes 
[('-583182176', <state_graph.State instance at 0x79ace838c5f0>), ('-307486232', <state_graph.State instance at 0x79ace838caf0>), ('1003410873', <state_graph.State instance at 0x79ace8398410>)]
--extracted id: 2106711827  num_controllable_widgets: 4
--event num: 1
--extracted id: 2106711827  num_controllable_widgets: 4
--event num: 2
--extracted id: 2106711827  num_controllable_widgets: 4
--event num: 3
--extracted id: -583182176  num_controllable_widgets: 0
--transiton occurs
--the state -583182176  exists
===================> PENALIZE STATE <=====================
deque(['451132233', '481657726', '-1115588482', '2106711827', '-583182176', '1514766507', '2106711827', '-307486232', '2106711827', '-583182176'], maxlen=10)
Frequent nodes 
[('-583182176', <state_graph.State instance at 0x79ace838c5f0>), ('-307486232', <state_graph.State instance at 0x79ace838caf0>), ('1003410873', <state_graph.State instance at 0x79ace8398410>)]
the portion to the top 20% most frequent states: 0.428571428571
Frequent nodes 
[('-583182176', <state_graph.State instance at 0x79ace838c5f0>), ('-307486232', <state_graph.State instance at 0x79ace838caf0>), ('1003410873', <state_graph.State instance at 0x79ace8398410>)]
--extracted id: -583182176  num_controllable_widgets: 0
--event num: 1
--extracted id: -583182176  num_controllable_widgets: 0
--event num: 2
--extracted id: 2106711827  num_controllable_widgets: 4
--transiton occurs
--the state 2106711827  exists
===================> PENALIZE STATE <=====================
deque(['481657726', '-1115588482', '2106711827', '-583182176', '1514766507', '2106711827', '-307486232', '2106711827', '-583182176', '2106711827'], maxlen=10)
Frequent nodes 
[('-583182176', <state_graph.State instance at 0x79ace838c5f0>), ('-307486232', <state_graph.State instance at 0x79ace838caf0>), ('2106711827', <state_graph.State instance at 0x79ace8398780>)]
the portion to the top 20% most frequent states: 0.5
Frequent nodes 
[('-583182176', <state_graph.State instance at 0x79ace838c5f0>), ('-307486232', <state_graph.State instance at 0x79ace838caf0>), ('2106711827', <state_graph.State instance at 0x79ace8398780>)]
--extracted id: 2106711827  num_controllable_widgets: 4
--event num: 1
--extracted id: 2106711827  num_controllable_widgets: 4
--event num: 2
--extracted id: 235231485  num_controllable_widgets: 2
--transiton occurs
--a new state is triggered and add 235231485 into the state graph.
get_jacoco_coverage- return code:  output: Broadcasting: Intent { act=edu.gatech.m3.emma.COLLECT_COVERAGE }
Broadcast completed: result=0
---
[COVERAGE FILE EXIST?]
coverage.ec
---
---
[VALIDATE COVERAGE FILE]$ java -jar /home/ubuntu/TimeMachine/fuzzingandroid/libs/jacococli.jar report /home/ubuntu/tm-results/AmazeFileManager-3.4.2-#1837.apk.timemachine.result.emulator-5554#2026-08-16-22-42-34/ec_files/emulator-55542026-08-16-23-02-04.ec  --classfiles /home/ubuntu/TimeMachine/instrumented_apps/AmazeFileManager/AmazeFileManager-#1837/app/build/intermediates/javac/fdroidDebug/classes/ --classfiles /home/ubuntu/TimeMachine/instrumented_apps/AmazeFileManager/AmazeFileManager-#1837/commons_compress_7z/build/intermediates/javac/debug/classes/ &> temp
---
---
[VALIDATE MESSAGE]
---
SUCCESS: coverage file is valid!
[INFO] Loading execution data file /home/ubuntu/tm-results/AmazeFileManager-3.4.2-#1837.apk.timemachine.result.emulator-5554#2026-08-16-22-42-34/ec_files/emulator-55542026-08-16-23-02-04.ec.
 /sdcard/coverage.ec: 1 file pulled, 0 skipped. 0.0 MB/s (1275 bytes in 0.150s)
Exception in thread "main" java.io.FileNotFoundException: /home/ubuntu/TimeMachine/instrumented_apps/AmazeFileManager/AmazeFileManager-#1837/app/build/intermediates/javac/fdroidDebug/classes (No such file or directory)
	at java.base/java.io.FileInputStream.open0(Native Method)
	at java.base/java.io.FileInputStream.open(FileInputStream.java:216)
	at java.base/java.io.FileInputStream.<init>(FileInputStream.java:157)
	at org.jacoco.cli.internal.core.analysis.Analyzer.analyzeAll(Analyzer.java:224)
	at org.jacoco.cli.internal.commands.Report.analyze(Report.java:110)
	at org.jacoco.cli.internal.commands.Report.execute(Report.java:84)
	at org.jacoco.cli.internal.Main.execute(Main.java:90)
	at org.jacoco.cli.internal.Main.main(Main.java:105)
 
compute_coverage-return code:  output: /home/ubuntu/tm-results/AmazeFileManager-3.4.2-#1837.apk.timemachine.result.emulator-5554#2026-08-16-22-42-34/ec_files/coveragetemp.ec /home/ubuntu/tm-results/AmazeFileManager-3.4.2-#1837.apk.timemachine.result.emulator-5554#2026-08-16-22-42-34/ec_files/emulator-55542026-08-16-22-53-16.ec /home/ubuntu/tm-results/AmazeFileManager-3.4.2-#1837.apk.timemachine.result.emulator-5554#2026-08-16-22-42-34/ec_files/emulator-55542026-08-16-22-54-09.ec /home/ubuntu/tm-results/AmazeFileManager-3.4.2-#1837.apk.timemachine.result.emulator-5554#2026-08-16-22-42-34/ec_files/emulator-55542026-08-16-22-56-41.ec /home/ubuntu/tm-results/AmazeFileManager-3.4.2-#1837.apk.timemachine.result.emulator-5554#2026-08-16-22-42-34/ec_files/emulator-55542026-08-16-22-56-52.ec /home/ubuntu/tm-results/AmazeFileManager-3.4.2-#1837.apk.timemachine.result.emulator-5554#2026-08-16-22-42-34/ec_files/emulator-55542026-08-16-22-57-09.ec /home/ubuntu/tm-results/AmazeFileManager-3.4.2-#1837.apk.timemachine.result.emulator-5554#2026-08-16-22-42-34/ec_files/emulator-55542026-08-16-22-57-22.ec /home/ubuntu/tm-results/AmazeFileManager-3.4.2-#1837.apk.timemachine.result.emulator-5554#2026-08-16-22-42-34/ec_files/emulator-55542026-08-16-22-57-36.ec /home/ubuntu/tm-results/AmazeFileManager-3.4.2-#1837.apk.timemachine.result.emulator-5554#2026-08-16-22-42-34/ec_files/emulator-55542026-08-16-22-57-50.ec /home/ubuntu/tm-results/AmazeFileManager-3.4.2-#1837.apk.timemachine.result.emulator-5554#2026-08-16-22-42-34/ec_files/emulator-55542026-08-16-22-58-11.ec /home/ubuntu/tm-results/AmazeFileManager-3.4.2-#1837.apk.timemachine.result.emulator-5554#2026-08-16-22-42-34/ec_files/emulator-55542026-08-16-22-58-34.ec /home/ubuntu/tm-results/AmazeFileManager-3.4.2-#1837.apk.timemachine.result.emulator-5554#2026-08-16-22-42-34/ec_files/emulator-55542026-08-16-22-58-50.ec /home/ubuntu/tm-results/AmazeFileManager-3.4.2-#1837.apk.timemachine.result.emulator-5554#2026-08-16-22-42-34/ec_files/emulator-55542026-08-16-22-59-03.ec /home/ubuntu/tm-results/AmazeFileManager-3.4.2-#1837.apk.timemachine.result.emulator-5554#2026-08-16-22-42-34/ec_files/emulator-55542026-08-16-22-59-21.ec /home/ubuntu/tm-results/AmazeFileManager-3.4.2-#1837.apk.timemachine.result.emulator-5554#2026-08-16-22-42-34/ec_files/emulator-55542026-08-16-22-59-37.ec /home/ubuntu/tm-results/AmazeFileManager-3.4.2-#1837.apk.timemachine.result.emulator-5554#2026-08-16-22-42-34/ec_files/emulator-55542026-08-16-23-00-54.ec /home/ubuntu/tm-results/AmazeFileManager-3.4.2-#1837.apk.timemachine.result.emulator-5554#2026-08-16-22-42-34/ec_files/emulator-55542026-08-16-23-01-09.ec /home/ubuntu/tm-results/AmazeFileManager-3.4.2-#1837.apk.timemachine.result.emulator-5554#2026-08-16-22-42-34/ec_files/emulator-55542026-08-16-23-01-23.ec /home/ubuntu/tm-results/AmazeFileManager-3.4.2-#1837.apk.timemachine.result.emulator-5554#2026-08-16-22-42-34/ec_files/emulator-55542026-08-16-23-01-42.ec /home/ubuntu/tm-results/AmazeFileManager-3.4.2-#1837.apk.timemachine.result.emulator-5554#2026-08-16-22-42-34/ec_files/emulator-55542026-08-16-23-02-04.ec
[INFO] Loading execution data file /home/ubuntu/tm-results/AmazeFileManager-3.4.2-#1837.apk.timemachine.result.emulator-5554#2026-08-16-22-42-34/ec_files/coveragetemp.ec.
[INFO] Loading execution data file /home/ubuntu/tm-results/AmazeFileManager-3.4.2-#1837.apk.timemachine.result.emulator-5554#2026-08-16-22-42-34/ec_files/emulator-55542026-08-16-22-53-16.ec.
[INFO] Loading execution data file /home/ubuntu/tm-results/AmazeFileManager-3.4.2-#1837.apk.timemachine.result.emulator-5554#2026-08-16-22-42-34/ec_files/emulator-55542026-08-16-22-54-09.ec.
[INFO] Loading execution data file /home/ubuntu/tm-results/AmazeFileManager-3.4.2-#1837.apk.timemachine.result.emulator-5554#2026-08-16-22-42-34/ec_files/emulator-55542026-08-16-22-56-41.ec.
[INFO] Loading execution data file /home/ubuntu/tm-results/AmazeFileManager-3.4.2-#1837.apk.timemachine.result.emulator-5554#2026-08-16-22-42-34/ec_files/emulator-55542026-08-16-22-56-52.ec.
[INFO] Loading execution data file /home/ubuntu/tm-results/AmazeFileManager-3.4.2-#1837.apk.timemachine.result.emulator-5554#2026-08-16-22-42-34/ec_files/emulator-55542026-08-16-22-57-09.ec.
[INFO] Loading execution data file /home/ubuntu/tm-results/AmazeFileManager-3.4.2-#1837.apk.timemachine.result.emulator-5554#2026-08-16-22-42-34/ec_files/emulator-55542026-08-16-22-57-22.ec.
[INFO] Loading execution data file /home/ubuntu/tm-results/AmazeFileManager-3.4.2-#1837.apk.timemachine.result.emulator-5554#2026-08-16-22-42-34/ec_files/emulator-55542026-08-16-22-57-36.ec.
[INFO] Loading execution data file /home/ubuntu/tm-results/AmazeFileManager-3.4.2-#1837.apk.timemachine.result.emulator-5554#2026-08-16-22-42-34/ec_files/emulator-55542026-08-16-22-57-50.ec.
[INFO] Loading execution data file /home/ubuntu/tm-results/AmazeFileManager-3.4.2-#1837.apk.timemachine.result.emulator-5554#2026-08-16-22-42-34/ec_files/emulator-55542026-08-16-22-58-11.ec.
[INFO] Loading execution data file /home/ubuntu/tm-results/AmazeFileManager-3.4.2-#1837.apk.timemachine.result.emulator-5554#2026-08-16-22-42-34/ec_files/emulator-55542026-08-16-22-58-34.ec.
[INFO] Loading execution data file /home/ubuntu/tm-results/AmazeFileManager-3.4.2-#1837.apk.timemachine.result.emulator-5554#2026-08-16-22-42-34/ec_files/emulator-55542026-08-16-22-58-50.ec.
[INFO] Loading execution data file /home/ubuntu/tm-results/AmazeFileManager-3.4.2-#1837.apk.timemachine.result.emulator-5554#2026-08-16-22-42-34/ec_files/emulator-55542026-08-16-22-59-03.ec.
[INFO] Loading execution data file /home/ubuntu/tm-results/AmazeFileManager-3.4.2-#1837.apk.timemachine.result.emulator-5554#2026-08-16-22-42-34/ec_files/emulator-55542026-08-16-22-59-21.ec.
[INFO] Loading execution data file /home/ubuntu/tm-results/AmazeFileManager-3.4.2-#1837.apk.timemachine.result.emulator-5554#2026-08-16-22-42-34/ec_files/emulator-55542026-08-16-22-59-37.ec.
[INFO] Loading execution data file /home/ubuntu/tm-results/AmazeFileManager-3.4.2-#1837.apk.timemachine.result.emulator-5554#2026-08-16-22-42-34/ec_files/emulator-55542026-08-16-23-00-54.ec.
[INFO] Loading execution data file /home/ubuntu/tm-results/AmazeFileManager-3.4.2-#1837.apk.timemachine.result.emulator-5554#2026-08-16-22-42-34/ec_files/emulator-55542026-08-16-23-01-09.ec.
[INFO] Loading execution data file /home/ubuntu/tm-results/AmazeFileManager-3.4.2-#1837.apk.timemachine.result.emulator-5554#2026-08-16-22-42-34/ec_files/emulator-55542026-08-16-23-01-23.ec.
[INFO] Loading execution data file /home/ubuntu/tm-results/AmazeFileManager-3.4.2-#1837.apk.timemachine.result.emulator-5554#2026-08-16-22-42-34/ec_files/emulator-55542026-08-16-23-01-42.ec.
[INFO] Loading execution data file /home/ubuntu/tm-results/AmazeFileManager-3.4.2-#1837.apk.timemachine.result.emulator-5554#2026-08-16-22-42-34/ec_files/emulator-55542026-08-16-23-02-04.ec.
  Exception in thread "main" java.io.FileNotFoundException: /home/ubuntu/TimeMachine/instrumented_apps/AmazeFileManager/AmazeFileManager-#1837/app/build/intermediates/javac/fdroidDebug/classes (No such file or directory)
	at java.base/java.io.FileInputStream.open0(Native Method)
	at java.base/java.io.FileInputStream.open(FileInputStream.java:216)
	at java.base/java.io.FileInputStream.<init>(FileInputStream.java:157)
	at org.jacoco.cli.internal.core.analysis.Analyzer.analyzeAll(Analyzer.java:224)
	at org.jacoco.cli.internal.commands.Report.analyze(Report.java:110)
	at org.jacoco.cli.internal.commands.Report.execute(Report.java:84)
	at org.jacoco.cli.internal.Main.execute(Main.java:90)
	at org.jacoco.cli.internal.Main.main(Main.java:105)
cp: cannot stat '/home/ubuntu/tm-results/AmazeFileManager-3.4.2-#1837.apk.timemachine.result.emulator-5554#2026-08-16-22-42-34/coverage.xml': No such file or directory
 
--coverage when the new state is triggered: 0 current jacoco line coverage rate : 0
===================> PENALIZE STATE <=====================
deque(['-1115588482', '2106711827', '-583182176', '1514766507', '2106711827', '-307486232', '2106711827', '-583182176', '2106711827', '235231485'], maxlen=10)
Frequent nodes 
[('-583182176', <state_graph.State instance at 0x79ace838c5f0>), ('-307486232', <state_graph.State instance at 0x79ace838caf0>), ('2106711827', <state_graph.State instance at 0x79ace8398780>)]
the portion to the top 20% most frequent states: 0.5
Frequent nodes 
[('-583182176', <state_graph.State instance at 0x79ace838c5f0>), ('-307486232', <state_graph.State instance at 0x79ace838caf0>), ('2106711827', <state_graph.State instance at 0x79ace8398780>)]
--extracted id: 2106711827  num_controllable_widgets: 4
--transiton occurs
--the state 2106711827  exists
===================> PENALIZE STATE <=====================
deque(['2106711827', '-583182176', '1514766507', '2106711827', '-307486232', '2106711827', '-583182176', '2106711827', '235231485', '2106711827'], maxlen=10)
Frequent nodes 
[('-583182176', <state_graph.State instance at 0x79ace838c5f0>), ('-307486232', <state_graph.State instance at 0x79ace838caf0>), ('2106711827', <state_graph.State instance at 0x79ace8398780>)]
the portion to the top 20% most frequent states: 0.6
Frequent nodes 
[('-583182176', <state_graph.State instance at 0x79ace838c5f0>), ('-307486232', <state_graph.State instance at 0x79ace838caf0>), ('2106711827', <state_graph.State instance at 0x79ace8398780>)]
--extracted id: 2106711827  num_controllable_widgets: 4
--event num: 1
--extracted id: 2106711827  num_controllable_widgets: 4
--event num: 2
--extracted id: -545700514  num_controllable_widgets: 8
--transiton occurs
--a new state is triggered and add -545700514 into the state graph.
get_jacoco_coverage- return code:  output: Broadcasting: Intent { act=edu.gatech.m3.emma.COLLECT_COVERAGE }
Broadcast completed: result=0
---
[COVERAGE FILE EXIST?]
coverage.ec
---
---
[VALIDATE COVERAGE FILE]$ java -jar /home/ubuntu/TimeMachine/fuzzingandroid/libs/jacococli.jar report /home/ubuntu/tm-results/AmazeFileManager-3.4.2-#1837.apk.timemachine.result.emulator-5554#2026-08-16-22-42-34/ec_files/emulator-55542026-08-16-23-02-23.ec  --classfiles /home/ubuntu/TimeMachine/instrumented_apps/AmazeFileManager/AmazeFileManager-#1837/app/build/intermediates/javac/fdroidDebug/classes/ --classfiles /home/ubuntu/TimeMachine/instrumented_apps/AmazeFileManager/AmazeFileManager-#1837/commons_compress_7z/build/intermediates/javac/debug/classes/ &> temp
---
---
[VALIDATE MESSAGE]
---
SUCCESS: coverage file is valid!
[INFO] Loading execution data file /home/ubuntu/tm-results/AmazeFileManager-3.4.2-#1837.apk.timemachine.result.emulator-5554#2026-08-16-22-42-34/ec_files/emulator-55542026-08-16-23-02-23.ec.
 /sdcard/coverage.ec: 1 file pulled, 0 skipped. 0.0 MB/s (198 bytes in 0.112s)
Exception in thread "main" java.io.FileNotFoundException: /home/ubuntu/TimeMachine/instrumented_apps/AmazeFileManager/AmazeFileManager-#1837/app/build/intermediates/javac/fdroidDebug/classes (No such file or directory)
	at java.base/java.io.FileInputStream.open0(Native Method)
	at java.base/java.io.FileInputStream.open(FileInputStream.java:216)
	at java.base/java.io.FileInputStream.<init>(FileInputStream.java:157)
	at org.jacoco.cli.internal.core.analysis.Analyzer.analyzeAll(Analyzer.java:224)
	at org.jacoco.cli.internal.commands.Report.analyze(Report.java:110)
	at org.jacoco.cli.internal.commands.Report.execute(Report.java:84)
	at org.jacoco.cli.internal.Main.execute(Main.java:90)
	at org.jacoco.cli.internal.Main.main(Main.java:105)
 
compute_coverage-return code:  output: /home/ubuntu/tm-results/AmazeFileManager-3.4.2-#1837.apk.timemachine.result.emulator-5554#2026-08-16-22-42-34/ec_files/coveragetemp.ec /home/ubuntu/tm-results/AmazeFileManager-3.4.2-#1837.apk.timemachine.result.emulator-5554#2026-08-16-22-42-34/ec_files/emulator-55542026-08-16-22-53-16.ec /home/ubuntu/tm-results/AmazeFileManager-3.4.2-#1837.apk.timemachine.result.emulator-5554#2026-08-16-22-42-34/ec_files/emulator-55542026-08-16-22-54-09.ec /home/ubuntu/tm-results/AmazeFileManager-3.4.2-#1837.apk.timemachine.result.emulator-5554#2026-08-16-22-42-34/ec_files/emulator-55542026-08-16-22-56-41.ec /home/ubuntu/tm-results/AmazeFileManager-3.4.2-#1837.apk.timemachine.result.emulator-5554#2026-08-16-22-42-34/ec_files/emulator-55542026-08-16-22-56-52.ec /home/ubuntu/tm-results/AmazeFileManager-3.4.2-#1837.apk.timemachine.result.emulator-5554#2026-08-16-22-42-34/ec_files/emulator-55542026-08-16-22-57-09.ec /home/ubuntu/tm-results/AmazeFileManager-3.4.2-#1837.apk.timemachine.result.emulator-5554#2026-08-16-22-42-34/ec_files/emulator-55542026-08-16-22-57-22.ec /home/ubuntu/tm-results/AmazeFileManager-3.4.2-#1837.apk.timemachine.result.emulator-5554#2026-08-16-22-42-34/ec_files/emulator-55542026-08-16-22-57-36.ec /home/ubuntu/tm-results/AmazeFileManager-3.4.2-#1837.apk.timemachine.result.emulator-5554#2026-08-16-22-42-34/ec_files/emulator-55542026-08-16-22-57-50.ec /home/ubuntu/tm-results/AmazeFileManager-3.4.2-#1837.apk.timemachine.result.emulator-5554#2026-08-16-22-42-34/ec_files/emulator-55542026-08-16-22-58-11.ec /home/ubuntu/tm-results/AmazeFileManager-3.4.2-#1837.apk.timemachine.result.emulator-5554#2026-08-16-22-42-34/ec_files/emulator-55542026-08-16-22-58-34.ec /home/ubuntu/tm-results/AmazeFileManager-3.4.2-#1837.apk.timemachine.result.emulator-5554#2026-08-16-22-42-34/ec_files/emulator-55542026-08-16-22-58-50.ec /home/ubuntu/tm-results/AmazeFileManager-3.4.2-#1837.apk.timemachine.result.emulator-5554#2026-08-16-22-42-34/ec_files/emulator-55542026-08-16-22-59-03.ec /home/ubuntu/tm-results/AmazeFileManager-3.4.2-#1837.apk.timemachine.result.emulator-5554#2026-08-16-22-42-34/ec_files/emulator-55542026-08-16-22-59-21.ec /home/ubuntu/tm-results/AmazeFileManager-3.4.2-#1837.apk.timemachine.result.emulator-5554#2026-08-16-22-42-34/ec_files/emulator-55542026-08-16-22-59-37.ec /home/ubuntu/tm-results/AmazeFileManager-3.4.2-#1837.apk.timemachine.result.emulator-5554#2026-08-16-22-42-34/ec_files/emulator-55542026-08-16-23-00-54.ec /home/ubuntu/tm-results/AmazeFileManager-3.4.2-#1837.apk.timemachine.result.emulator-5554#2026-08-16-22-42-34/ec_files/emulator-55542026-08-16-23-01-09.ec /home/ubuntu/tm-results/AmazeFileManager-3.4.2-#1837.apk.timemachine.result.emulator-5554#2026-08-16-22-42-34/ec_files/emulator-55542026-08-16-23-01-23.ec /home/ubuntu/tm-results/AmazeFileManager-3.4.2-#1837.apk.timemachine.result.emulator-5554#2026-08-16-22-42-34/ec_files/emulator-55542026-08-16-23-01-42.ec /home/ubuntu/tm-results/AmazeFileManager-3.4.2-#1837.apk.timemachine.result.emulator-5554#2026-08-16-22-42-34/ec_files/emulator-55542026-08-16-23-02-04.ec /home/ubuntu/tm-results/AmazeFileManager-3.4.2-#1837.apk.timemachine.result.emulator-5554#2026-08-16-22-42-34/ec_files/emulator-55542026-08-16-23-02-23.ec
[INFO] Loading execution data file /home/ubuntu/tm-results/AmazeFileManager-3.4.2-#1837.apk.timemachine.result.emulator-5554#2026-08-16-22-42-34/ec_files/coveragetemp.ec.
[INFO] Loading execution data file /home/ubuntu/tm-results/AmazeFileManager-3.4.2-#1837.apk.timemachine.result.emulator-5554#2026-08-16-22-42-34/ec_files/emulator-55542026-08-16-22-53-16.ec.
[INFO] Loading execution data file /home/ubuntu/tm-results/AmazeFileManager-3.4.2-#1837.apk.timemachine.result.emulator-5554#2026-08-16-22-42-34/ec_files/emulator-55542026-08-16-22-54-09.ec.
[INFO] Loading execution data file /home/ubuntu/tm-results/AmazeFileManager-3.4.2-#1837.apk.timemachine.result.emulator-5554#2026-08-16-22-42-34/ec_files/emulator-55542026-08-16-22-56-41.ec.
[INFO] Loading execution data file /home/ubuntu/tm-results/AmazeFileManager-3.4.2-#1837.apk.timemachine.result.emulator-5554#2026-08-16-22-42-34/ec_files/emulator-55542026-08-16-22-56-52.ec.
[INFO] Loading execution data file /home/ubuntu/tm-results/AmazeFileManager-3.4.2-#1837.apk.timemachine.result.emulator-5554#2026-08-16-22-42-34/ec_files/emulator-55542026-08-16-22-57-09.ec.
[INFO] Loading execution data file /home/ubuntu/tm-results/AmazeFileManager-3.4.2-#1837.apk.timemachine.result.emulator-5554#2026-08-16-22-42-34/ec_files/emulator-55542026-08-16-22-57-22.ec.
[INFO] Loading execution data file /home/ubuntu/tm-results/AmazeFileManager-3.4.2-#1837.apk.timemachine.result.emulator-5554#2026-08-16-22-42-34/ec_files/emulator-55542026-08-16-22-57-36.ec.
[INFO] Loading execution data file /home/ubuntu/tm-results/AmazeFileManager-3.4.2-#1837.apk.timemachine.result.emulator-5554#2026-08-16-22-42-34/ec_files/emulator-55542026-08-16-22-57-50.ec.
[INFO] Loading execution data file /home/ubuntu/tm-results/AmazeFileManager-3.4.2-#1837.apk.timemachine.result.emulator-5554#2026-08-16-22-42-34/ec_files/emulator-55542026-08-16-22-58-11.ec.
[INFO] Loading execution data file /home/ubuntu/tm-results/AmazeFileManager-3.4.2-#1837.apk.timemachine.result.emulator-5554#2026-08-16-22-42-34/ec_files/emulator-55542026-08-16-22-58-34.ec.
[INFO] Loading execution data file /home/ubuntu/tm-results/AmazeFileManager-3.4.2-#1837.apk.timemachine.result.emulator-5554#2026-08-16-22-42-34/ec_files/emulator-55542026-08-16-22-58-50.ec.
[INFO] Loading execution data file /home/ubuntu/tm-results/AmazeFileManager-3.4.2-#1837.apk.timemachine.result.emulator-5554#2026-08-16-22-42-34/ec_files/emulator-55542026-08-16-22-59-03.ec.
[INFO] Loading execution data file /home/ubuntu/tm-results/AmazeFileManager-3.4.2-#1837.apk.timemachine.result.emulator-5554#2026-08-16-22-42-34/ec_files/emulator-55542026-08-16-22-59-21.ec.
[INFO] Loading execution data file /home/ubuntu/tm-results/AmazeFileManager-3.4.2-#1837.apk.timemachine.result.emulator-5554#2026-08-16-22-42-34/ec_files/emulator-55542026-08-16-22-59-37.ec.
[INFO] Loading execution data file /home/ubuntu/tm-results/AmazeFileManager-3.4.2-#1837.apk.timemachine.result.emulator-5554#2026-08-16-22-42-34/ec_files/emulator-55542026-08-16-23-00-54.ec.
[INFO] Loading execution data file /home/ubuntu/tm-results/AmazeFileManager-3.4.2-#1837.apk.timemachine.result.emulator-5554#2026-08-16-22-42-34/ec_files/emulator-55542026-08-16-23-01-09.ec.
[INFO] Loading execution data file /home/ubuntu/tm-results/AmazeFileManager-3.4.2-#1837.apk.timemachine.result.emulator-5554#2026-08-16-22-42-34/ec_files/emulator-55542026-08-16-23-01-23.ec.
[INFO] Loading execution data file /home/ubuntu/tm-results/AmazeFileManager-3.4.2-#1837.apk.timemachine.result.emulator-5554#2026-08-16-22-42-34/ec_files/emulator-55542026-08-16-23-01-42.ec.
[INFO] Loading execution data file /home/ubuntu/tm-results/AmazeFileManager-3.4.2-#1837.apk.timemachine.result.emulator-5554#2026-08-16-22-42-34/ec_files/emulator-55542026-08-16-23-02-04.ec.
[INFO] Loading execution data file /home/ubuntu/tm-results/AmazeFileManager-3.4.2-#1837.apk.timemachine.result.emulator-5554#2026-08-16-22-42-34/ec_files/emulator-55542026-08-16-23-02-23.ec.
  Exception in thread "main" java.io.FileNotFoundException: /home/ubuntu/TimeMachine/instrumented_apps/AmazeFileManager/AmazeFileManager-#1837/app/build/intermediates/javac/fdroidDebug/classes (No such file or directory)
	at java.base/java.io.FileInputStream.open0(Native Method)
	at java.base/java.io.FileInputStream.open(FileInputStream.java:216)
	at java.base/java.io.FileInputStream.<init>(FileInputStream.java:157)
	at org.jacoco.cli.internal.core.analysis.Analyzer.analyzeAll(Analyzer.java:224)
	at org.jacoco.cli.internal.commands.Report.analyze(Report.java:110)
	at org.jacoco.cli.internal.commands.Report.execute(Report.java:84)
	at org.jacoco.cli.internal.Main.execute(Main.java:90)
	at org.jacoco.cli.internal.Main.main(Main.java:105)
cp: cannot stat '/home/ubuntu/tm-results/AmazeFileManager-3.4.2-#1837.apk.timemachine.result.emulator-5554#2026-08-16-22-42-34/coverage.xml': No such file or directory
 
--coverage when the new state is triggered: 0 current jacoco line coverage rate : 0
===================> PENALIZE STATE <=====================
deque(['-583182176', '1514766507', '2106711827', '-307486232', '2106711827', '-583182176', '2106711827', '235231485', '2106711827', '-545700514'], maxlen=10)
Frequent nodes 
[('-583182176', <state_graph.State instance at 0x79ace838c5f0>), ('-307486232', <state_graph.State instance at 0x79ace838caf0>), ('2106711827', <state_graph.State instance at 0x79ace8398780>), ('1003410873', <state_graph.State instance at 0x79ace8398410>)]
the portion to the top 20% most frequent states: 0.5
Frequent nodes 
[('-583182176', <state_graph.State instance at 0x79ace838c5f0>), ('-307486232', <state_graph.State instance at 0x79ace838caf0>), ('2106711827', <state_graph.State instance at 0x79ace8398780>), ('1003410873', <state_graph.State instance at 0x79ace8398410>)]
--extracted id: -460579398  num_controllable_widgets: 0
--transiton occurs
--a new state is triggered and add -460579398 into the state graph.
get_jacoco_coverage- return code:  output: Broadcasting: Intent { act=edu.gatech.m3.emma.COLLECT_COVERAGE }
Broadcast completed: result=0
---
[COVERAGE FILE EXIST?]
coverage.ec
---
---
[VALIDATE COVERAGE FILE]$ java -jar /home/ubuntu/TimeMachine/fuzzingandroid/libs/jacococli.jar report /home/ubuntu/tm-results/AmazeFileManager-3.4.2-#1837.apk.timemachine.result.emulator-5554#2026-08-16-22-42-34/ec_files/emulator-55542026-08-16-23-02-37.ec  --classfiles /home/ubuntu/TimeMachine/instrumented_apps/AmazeFileManager/AmazeFileManager-#1837/app/build/intermediates/javac/fdroidDebug/classes/ --classfiles /home/ubuntu/TimeMachine/instrumented_apps/AmazeFileManager/AmazeFileManager-#1837/commons_compress_7z/build/intermediates/javac/debug/classes/ &> temp
---
---
[VALIDATE MESSAGE]
---
SUCCESS: coverage file is valid!
[INFO] Loading execution data file /home/ubuntu/tm-results/AmazeFileManager-3.4.2-#1837.apk.timemachine.result.emulator-5554#2026-08-16-22-42-34/ec_files/emulator-55542026-08-16-23-02-37.ec.
 /sdcard/coverage.ec: 1 file pulled, 0 skipped. 0.0 MB/s (198 bytes in 0.064s)
Exception in thread "main" java.io.FileNotFoundException: /home/ubuntu/TimeMachine/instrumented_apps/AmazeFileManager/AmazeFileManager-#1837/app/build/intermediates/javac/fdroidDebug/classes (No such file or directory)
	at java.base/java.io.FileInputStream.open0(Native Method)
	at java.base/java.io.FileInputStream.open(FileInputStream.java:216)
	at java.base/java.io.FileInputStream.<init>(FileInputStream.java:157)
	at org.jacoco.cli.internal.core.analysis.Analyzer.analyzeAll(Analyzer.java:224)
	at org.jacoco.cli.internal.commands.Report.analyze(Report.java:110)
	at org.jacoco.cli.internal.commands.Report.execute(Report.java:84)
	at org.jacoco.cli.internal.Main.execute(Main.java:90)
	at org.jacoco.cli.internal.Main.main(Main.java:105)
 
compute_coverage-return code:  output: /home/ubuntu/tm-results/AmazeFileManager-3.4.2-#1837.apk.timemachine.result.emulator-5554#2026-08-16-22-42-34/ec_files/coveragetemp.ec /home/ubuntu/tm-results/AmazeFileManager-3.4.2-#1837.apk.timemachine.result.emulator-5554#2026-08-16-22-42-34/ec_files/emulator-55542026-08-16-22-53-16.ec /home/ubuntu/tm-results/AmazeFileManager-3.4.2-#1837.apk.timemachine.result.emulator-5554#2026-08-16-22-42-34/ec_files/emulator-55542026-08-16-22-54-09.ec /home/ubuntu/tm-results/AmazeFileManager-3.4.2-#1837.apk.timemachine.result.emulator-5554#2026-08-16-22-42-34/ec_files/emulator-55542026-08-16-22-56-41.ec /home/ubuntu/tm-results/AmazeFileManager-3.4.2-#1837.apk.timemachine.result.emulator-5554#2026-08-16-22-42-34/ec_files/emulator-55542026-08-16-22-56-52.ec /home/ubuntu/tm-results/AmazeFileManager-3.4.2-#1837.apk.timemachine.result.emulator-5554#2026-08-16-22-42-34/ec_files/emulator-55542026-08-16-22-57-09.ec /home/ubuntu/tm-results/AmazeFileManager-3.4.2-#1837.apk.timemachine.result.emulator-5554#2026-08-16-22-42-34/ec_files/emulator-55542026-08-16-22-57-22.ec /home/ubuntu/tm-results/AmazeFileManager-3.4.2-#1837.apk.timemachine.result.emulator-5554#2026-08-16-22-42-34/ec_files/emulator-55542026-08-16-22-57-36.ec /home/ubuntu/tm-results/AmazeFileManager-3.4.2-#1837.apk.timemachine.result.emulator-5554#2026-08-16-22-42-34/ec_files/emulator-55542026-08-16-22-57-50.ec /home/ubuntu/tm-results/AmazeFileManager-3.4.2-#1837.apk.timemachine.result.emulator-5554#2026-08-16-22-42-34/ec_files/emulator-55542026-08-16-22-58-11.ec /home/ubuntu/tm-results/AmazeFileManager-3.4.2-#1837.apk.timemachine.result.emulator-5554#2026-08-16-22-42-34/ec_files/emulator-55542026-08-16-22-58-34.ec /home/ubuntu/tm-results/AmazeFileManager-3.4.2-#1837.apk.timemachine.result.emulator-5554#2026-08-16-22-42-34/ec_files/emulator-55542026-08-16-22-58-50.ec /home/ubuntu/tm-results/AmazeFileManager-3.4.2-#1837.apk.timemachine.result.emulator-5554#2026-08-16-22-42-34/ec_files/emulator-55542026-08-16-22-59-03.ec /home/ubuntu/tm-results/AmazeFileManager-3.4.2-#1837.apk.timemachine.result.emulator-5554#2026-08-16-22-42-34/ec_files/emulator-55542026-08-16-22-59-21.ec /home/ubuntu/tm-results/AmazeFileManager-3.4.2-#1837.apk.timemachine.result.emulator-5554#2026-08-16-22-42-34/ec_files/emulator-55542026-08-16-22-59-37.ec /home/ubuntu/tm-results/AmazeFileManager-3.4.2-#1837.apk.timemachine.result.emulator-5554#2026-08-16-22-42-34/ec_files/emulator-55542026-08-16-23-00-54.ec /home/ubuntu/tm-results/AmazeFileManager-3.4.2-#1837.apk.timemachine.result.emulator-5554#2026-08-16-22-42-34/ec_files/emulator-55542026-08-16-23-01-09.ec /home/ubuntu/tm-results/AmazeFileManager-3.4.2-#1837.apk.timemachine.result.emulator-5554#2026-08-16-22-42-34/ec_files/emulator-55542026-08-16-23-01-23.ec /home/ubuntu/tm-results/AmazeFileManager-3.4.2-#1837.apk.timemachine.result.emulator-5554#2026-08-16-22-42-34/ec_files/emulator-55542026-08-16-23-01-42.ec /home/ubuntu/tm-results/AmazeFileManager-3.4.2-#1837.apk.timemachine.result.emulator-5554#2026-08-16-22-42-34/ec_files/emulator-55542026-08-16-23-02-04.ec /home/ubuntu/tm-results/AmazeFileManager-3.4.2-#1837.apk.timemachine.result.emulator-5554#2026-08-16-22-42-34/ec_files/emulator-55542026-08-16-23-02-23.ec /home/ubuntu/tm-results/AmazeFileManager-3.4.2-#1837.apk.timemachine.result.emulator-5554#2026-08-16-22-42-34/ec_files/emulator-55542026-08-16-23-02-37.ec
[INFO] Loading execution data file /home/ubuntu/tm-results/AmazeFileManager-3.4.2-#1837.apk.timemachine.result.emulator-5554#2026-08-16-22-42-34/ec_files/coveragetemp.ec.
[INFO] Loading execution data file /home/ubuntu/tm-results/AmazeFileManager-3.4.2-#1837.apk.timemachine.result.emulator-5554#2026-08-16-22-42-34/ec_files/emulator-55542026-08-16-22-53-16.ec.
[INFO] Loading execution data file /home/ubuntu/tm-results/AmazeFileManager-3.4.2-#1837.apk.timemachine.result.emulator-5554#2026-08-16-22-42-34/ec_files/emulator-55542026-08-16-22-54-09.ec.
[INFO] Loading execution data file /home/ubuntu/tm-results/AmazeFileManager-3.4.2-#1837.apk.timemachine.result.emulator-5554#2026-08-16-22-42-34/ec_files/emulator-55542026-08-16-22-56-41.ec.
[INFO] Loading execution data file /home/ubuntu/tm-results/AmazeFileManager-3.4.2-#1837.apk.timemachine.result.emulator-5554#2026-08-16-22-42-34/ec_files/emulator-55542026-08-16-22-56-52.ec.
[INFO] Loading execution data file /home/ubuntu/tm-results/AmazeFileManager-3.4.2-#1837.apk.timemachine.result.emulator-5554#2026-08-16-22-42-34/ec_files/emulator-55542026-08-16-22-57-09.ec.
[INFO] Loading execution data file /home/ubuntu/tm-results/AmazeFileManager-3.4.2-#1837.apk.timemachine.result.emulator-5554#2026-08-16-22-42-34/ec_files/emulator-55542026-08-16-22-57-22.ec.
[INFO] Loading execution data file /home/ubuntu/tm-results/AmazeFileManager-3.4.2-#1837.apk.timemachine.result.emulator-5554#2026-08-16-22-42-34/ec_files/emulator-55542026-08-16-22-57-36.ec.
[INFO] Loading execution data file /home/ubuntu/tm-results/AmazeFileManager-3.4.2-#1837.apk.timemachine.result.emulator-5554#2026-08-16-22-42-34/ec_files/emulator-55542026-08-16-22-57-50.ec.
[INFO] Loading execution data file /home/ubuntu/tm-results/AmazeFileManager-3.4.2-#1837.apk.timemachine.result.emulator-5554#2026-08-16-22-42-34/ec_files/emulator-55542026-08-16-22-58-11.ec.
[INFO] Loading execution data file /home/ubuntu/tm-results/AmazeFileManager-3.4.2-#1837.apk.timemachine.result.emulator-5554#2026-08-16-22-42-34/ec_files/emulator-55542026-08-16-22-58-34.ec.
[INFO] Loading execution data file /home/ubuntu/tm-results/AmazeFileManager-3.4.2-#1837.apk.timemachine.result.emulator-5554#2026-08-16-22-42-34/ec_files/emulator-55542026-08-16-22-58-50.ec.
[INFO] Loading execution data file /home/ubuntu/tm-results/AmazeFileManager-3.4.2-#1837.apk.timemachine.result.emulator-5554#2026-08-16-22-42-34/ec_files/emulator-55542026-08-16-22-59-03.ec.
[INFO] Loading execution data file /home/ubuntu/tm-results/AmazeFileManager-3.4.2-#1837.apk.timemachine.result.emulator-5554#2026-08-16-22-42-34/ec_files/emulator-55542026-08-16-22-59-21.ec.
[INFO] Loading execution data file /home/ubuntu/tm-results/AmazeFileManager-3.4.2-#1837.apk.timemachine.result.emulator-5554#2026-08-16-22-42-34/ec_files/emulator-55542026-08-16-22-59-37.ec.
[INFO] Loading execution data file /home/ubuntu/tm-results/AmazeFileManager-3.4.2-#1837.apk.timemachine.result.emulator-5554#2026-08-16-22-42-34/ec_files/emulator-55542026-08-16-23-00-54.ec.
[INFO] Loading execution data file /home/ubuntu/tm-results/AmazeFileManager-3.4.2-#1837.apk.timemachine.result.emulator-5554#2026-08-16-22-42-34/ec_files/emulator-55542026-08-16-23-01-09.ec.
[INFO] Loading execution data file /home/ubuntu/tm-results/AmazeFileManager-3.4.2-#1837.apk.timemachine.result.emulator-5554#2026-08-16-22-42-34/ec_files/emulator-55542026-08-16-23-01-23.ec.
[INFO] Loading execution data file /home/ubuntu/tm-results/AmazeFileManager-3.4.2-#1837.apk.timemachine.result.emulator-5554#2026-08-16-22-42-34/ec_files/emulator-55542026-08-16-23-01-42.ec.
[INFO] Loading execution data file /home/ubuntu/tm-results/AmazeFileManager-3.4.2-#1837.apk.timemachine.result.emulator-5554#2026-08-16-22-42-34/ec_files/emulator-55542026-08-16-23-02-04.ec.
[INFO] Loading execution data file /home/ubuntu/tm-results/AmazeFileManager-3.4.2-#1837.apk.timemachine.result.emulator-5554#2026-08-16-22-42-34/ec_files/emulator-55542026-08-16-23-02-23.ec.
[INFO] Loading execution data file /home/ubuntu/tm-results/AmazeFileManager-3.4.2-#1837.apk.timemachine.result.emulator-5554#2026-08-16-22-42-34/ec_files/emulator-55542026-08-16-23-02-37.ec.
  Exception in thread "main" java.io.FileNotFoundException: /home/ubuntu/TimeMachine/instrumented_apps/AmazeFileManager/AmazeFileManager-#1837/app/build/intermediates/javac/fdroidDebug/classes (No such file or directory)
	at java.base/java.io.FileInputStream.open0(Native Method)
	at java.base/java.io.FileInputStream.open(FileInputStream.java:216)
	at java.base/java.io.FileInputStream.<init>(FileInputStream.java:157)
	at org.jacoco.cli.internal.core.analysis.Analyzer.analyzeAll(Analyzer.java:224)
	at org.jacoco.cli.internal.commands.Report.analyze(Report.java:110)
	at org.jacoco.cli.internal.commands.Report.execute(Report.java:84)
	at org.jacoco.cli.internal.Main.execute(Main.java:90)
	at org.jacoco.cli.internal.Main.main(Main.java:105)
cp: cannot stat '/home/ubuntu/tm-results/AmazeFileManager-3.4.2-#1837.apk.timemachine.result.emulator-5554#2026-08-16-22-42-34/coverage.xml': No such file or directory
 
--coverage when the new state is triggered: 0 current jacoco line coverage rate : 0
===================> PENALIZE STATE <=====================
deque(['1514766507', '2106711827', '-307486232', '2106711827', '-583182176', '2106711827', '235231485', '2106711827', '-545700514', '-460579398'], maxlen=10)
Frequent nodes 
[('-583182176', <state_graph.State instance at 0x79ace838c5f0>), ('-307486232', <state_graph.State instance at 0x79ace838caf0>), ('2106711827', <state_graph.State instance at 0x79ace8398780>), ('1003410873', <state_graph.State instance at 0x79ace8398410>)]
the portion to the top 20% most frequent states: 0.428571428571
Frequent nodes 
[('-583182176', <state_graph.State instance at 0x79ace838c5f0>), ('-307486232', <state_graph.State instance at 0x79ace838caf0>), ('2106711827', <state_graph.State instance at 0x79ace8398780>), ('1003410873', <state_graph.State instance at 0x79ace8398410>)]
--extracted id: -583182176  num_controllable_widgets: 0
--transiton occurs
--the state -583182176  exists
===================> PENALIZE STATE <=====================
deque(['2106711827', '-307486232', '2106711827', '-583182176', '2106711827', '235231485', '2106711827', '-545700514', '-460579398', '-583182176'], maxlen=10)
Frequent nodes 
[('-583182176', <state_graph.State instance at 0x79ace838c5f0>), ('-307486232', <state_graph.State instance at 0x79ace838caf0>), ('2106711827', <state_graph.State instance at 0x79ace8398780>), ('1003410873', <state_graph.State instance at 0x79ace8398410>)]
the portion to the top 20% most frequent states: 0.5
Frequent nodes 
[('-583182176', <state_graph.State instance at 0x79ace838c5f0>), ('-307486232', <state_graph.State instance at 0x79ace838caf0>), ('2106711827', <state_graph.State instance at 0x79ace8398780>), ('1003410873', <state_graph.State instance at 0x79ace8398410>)]
--extracted id: 2106711827  num_controllable_widgets: 4
--transiton occurs
--the state 2106711827  exists
===================> PENALIZE STATE <=====================
deque(['-307486232', '2106711827', '-583182176', '2106711827', '235231485', '2106711827', '-545700514', '-460579398', '-583182176', '2106711827'], maxlen=10)
Frequent nodes 
[('-583182176', <state_graph.State instance at 0x79ace838c5f0>), ('-307486232', <state_graph.State instance at 0x79ace838caf0>), ('2106711827', <state_graph.State instance at 0x79ace8398780>), ('1003410873', <state_graph.State instance at 0x79ace8398410>)]
the portion to the top 20% most frequent states: 0.5
Frequent nodes 
[('-583182176', <state_graph.State instance at 0x79ace838c5f0>), ('-307486232', <state_graph.State instance at 0x79ace838caf0>), ('2106711827', <state_graph.State instance at 0x79ace8398780>), ('1003410873', <state_graph.State instance at 0x79ace8398410>)]
--extracted id: 2106711827  num_controllable_widgets: 4
--event num: 1
--extracted id: 2106711827  num_controllable_widgets: 4
--event num: 2
--extracted id: 2106711827  num_controllable_widgets: 4
--event num: 3
--extracted id: 2106711827  num_controllable_widgets: 4
--event num: 4
--extracted id: 2106711827  num_controllable_widgets: 4
--event num: 5
--extracted id: 2106711827  num_controllable_widgets: 4
--event num: 6
--extracted id: 2106711827  num_controllable_widgets: 4
--event num: 7
--extracted id: -1254506268  num_controllable_widgets: 11
--transiton occurs
--a new state is triggered and add -1254506268 into the state graph.
get_jacoco_coverage- return code:  output: Broadcasting: Intent { act=edu.gatech.m3.emma.COLLECT_COVERAGE }
Broadcast completed: result=0
---
[COVERAGE FILE EXIST?]
coverage.ec
---
---
[VALIDATE COVERAGE FILE]$ java -jar /home/ubuntu/TimeMachine/fuzzingandroid/libs/jacococli.jar report /home/ubuntu/tm-results/AmazeFileManager-3.4.2-#1837.apk.timemachine.result.emulator-5554#2026-08-16-22-42-34/ec_files/emulator-55542026-08-16-23-02-56.ec  --classfiles /home/ubuntu/TimeMachine/instrumented_apps/AmazeFileManager/AmazeFileManager-#1837/app/build/intermediates/javac/fdroidDebug/classes/ --classfiles /home/ubuntu/TimeMachine/instrumented_apps/AmazeFileManager/AmazeFileManager-#1837/commons_compress_7z/build/intermediates/javac/debug/classes/ &> temp
---
---
[VALIDATE MESSAGE]
---
SUCCESS: coverage file is valid!
[INFO] Loading execution data file /home/ubuntu/tm-results/AmazeFileManager-3.4.2-#1837.apk.timemachine.result.emulator-5554#2026-08-16-22-42-34/ec_files/emulator-55542026-08-16-23-02-56.ec.
 /sdcard/coverage.ec: 1 file pulled, 0 skipped. 0.0 MB/s (198 bytes in 0.070s)
Exception in thread "main" java.io.FileNotFoundException: /home/ubuntu/TimeMachine/instrumented_apps/AmazeFileManager/AmazeFileManager-#1837/app/build/intermediates/javac/fdroidDebug/classes (No such file or directory)
	at java.base/java.io.FileInputStream.open0(Native Method)
	at java.base/java.io.FileInputStream.open(FileInputStream.java:216)
	at java.base/java.io.FileInputStream.<init>(FileInputStream.java:157)
	at org.jacoco.cli.internal.core.analysis.Analyzer.analyzeAll(Analyzer.java:224)
	at org.jacoco.cli.internal.commands.Report.analyze(Report.java:110)
	at org.jacoco.cli.internal.commands.Report.execute(Report.java:84)
	at org.jacoco.cli.internal.Main.execute(Main.java:90)
	at org.jacoco.cli.internal.Main.main(Main.java:105)
 
compute_coverage-return code:  output: /home/ubuntu/tm-results/AmazeFileManager-3.4.2-#1837.apk.timemachine.result.emulator-5554#2026-08-16-22-42-34/ec_files/coveragetemp.ec /home/ubuntu/tm-results/AmazeFileManager-3.4.2-#1837.apk.timemachine.result.emulator-5554#2026-08-16-22-42-34/ec_files/emulator-55542026-08-16-22-53-16.ec /home/ubuntu/tm-results/AmazeFileManager-3.4.2-#1837.apk.timemachine.result.emulator-5554#2026-08-16-22-42-34/ec_files/emulator-55542026-08-16-22-54-09.ec /home/ubuntu/tm-results/AmazeFileManager-3.4.2-#1837.apk.timemachine.result.emulator-5554#2026-08-16-22-42-34/ec_files/emulator-55542026-08-16-22-56-41.ec /home/ubuntu/tm-results/AmazeFileManager-3.4.2-#1837.apk.timemachine.result.emulator-5554#2026-08-16-22-42-34/ec_files/emulator-55542026-08-16-22-56-52.ec /home/ubuntu/tm-results/AmazeFileManager-3.4.2-#1837.apk.timemachine.result.emulator-5554#2026-08-16-22-42-34/ec_files/emulator-55542026-08-16-22-57-09.ec /home/ubuntu/tm-results/AmazeFileManager-3.4.2-#1837.apk.timemachine.result.emulator-5554#2026-08-16-22-42-34/ec_files/emulator-55542026-08-16-22-57-22.ec /home/ubuntu/tm-results/AmazeFileManager-3.4.2-#1837.apk.timemachine.result.emulator-5554#2026-08-16-22-42-34/ec_files/emulator-55542026-08-16-22-57-36.ec /home/ubuntu/tm-results/AmazeFileManager-3.4.2-#1837.apk.timemachine.result.emulator-5554#2026-08-16-22-42-34/ec_files/emulator-55542026-08-16-22-57-50.ec /home/ubuntu/tm-results/AmazeFileManager-3.4.2-#1837.apk.timemachine.result.emulator-5554#2026-08-16-22-42-34/ec_files/emulator-55542026-08-16-22-58-11.ec /home/ubuntu/tm-results/AmazeFileManager-3.4.2-#1837.apk.timemachine.result.emulator-5554#2026-08-16-22-42-34/ec_files/emulator-55542026-08-16-22-58-34.ec /home/ubuntu/tm-results/AmazeFileManager-3.4.2-#1837.apk.timemachine.result.emulator-5554#2026-08-16-22-42-34/ec_files/emulator-55542026-08-16-22-58-50.ec /home/ubuntu/tm-results/AmazeFileManager-3.4.2-#1837.apk.timemachine.result.emulator-5554#2026-08-16-22-42-34/ec_files/emulator-55542026-08-16-22-59-03.ec /home/ubuntu/tm-results/AmazeFileManager-3.4.2-#1837.apk.timemachine.result.emulator-5554#2026-08-16-22-42-34/ec_files/emulator-55542026-08-16-22-59-21.ec /home/ubuntu/tm-results/AmazeFileManager-3.4.2-#1837.apk.timemachine.result.emulator-5554#2026-08-16-22-42-34/ec_files/emulator-55542026-08-16-22-59-37.ec /home/ubuntu/tm-results/AmazeFileManager-3.4.2-#1837.apk.timemachine.result.emulator-5554#2026-08-16-22-42-34/ec_files/emulator-55542026-08-16-23-00-54.ec /home/ubuntu/tm-results/AmazeFileManager-3.4.2-#1837.apk.timemachine.result.emulator-5554#2026-08-16-22-42-34/ec_files/emulator-55542026-08-16-23-01-09.ec /home/ubuntu/tm-results/AmazeFileManager-3.4.2-#1837.apk.timemachine.result.emulator-5554#2026-08-16-22-42-34/ec_files/emulator-55542026-08-16-23-01-23.ec /home/ubuntu/tm-results/AmazeFileManager-3.4.2-#1837.apk.timemachine.result.emulator-5554#2026-08-16-22-42-34/ec_files/emulator-55542026-08-16-23-01-42.ec /home/ubuntu/tm-results/AmazeFileManager-3.4.2-#1837.apk.timemachine.result.emulator-5554#2026-08-16-22-42-34/ec_files/emulator-55542026-08-16-23-02-04.ec /home/ubuntu/tm-results/AmazeFileManager-3.4.2-#1837.apk.timemachine.result.emulator-5554#2026-08-16-22-42-34/ec_files/emulator-55542026-08-16-23-02-23.ec /home/ubuntu/tm-results/AmazeFileManager-3.4.2-#1837.apk.timemachine.result.emulator-5554#2026-08-16-22-42-34/ec_files/emulator-55542026-08-16-23-02-37.ec /home/ubuntu/tm-results/AmazeFileManager-3.4.2-#1837.apk.timemachine.result.emulator-5554#2026-08-16-22-42-34/ec_files/emulator-55542026-08-16-23-02-56.ec
[INFO] Loading execution data file /home/ubuntu/tm-results/AmazeFileManager-3.4.2-#1837.apk.timemachine.result.emulator-5554#2026-08-16-22-42-34/ec_files/coveragetemp.ec.
[INFO] Loading execution data file /home/ubuntu/tm-results/AmazeFileManager-3.4.2-#1837.apk.timemachine.result.emulator-5554#2026-08-16-22-42-34/ec_files/emulator-55542026-08-16-22-53-16.ec.
[INFO] Loading execution data file /home/ubuntu/tm-results/AmazeFileManager-3.4.2-#1837.apk.timemachine.result.emulator-5554#2026-08-16-22-42-34/ec_files/emulator-55542026-08-16-22-54-09.ec.
[INFO] Loading execution data file /home/ubuntu/tm-results/AmazeFileManager-3.4.2-#1837.apk.timemachine.result.emulator-5554#2026-08-16-22-42-34/ec_files/emulator-55542026-08-16-22-56-41.ec.
[INFO] Loading execution data file /home/ubuntu/tm-results/AmazeFileManager-3.4.2-#1837.apk.timemachine.result.emulator-5554#2026-08-16-22-42-34/ec_files/emulator-55542026-08-16-22-56-52.ec.
[INFO] Loading execution data file /home/ubuntu/tm-results/AmazeFileManager-3.4.2-#1837.apk.timemachine.result.emulator-5554#2026-08-16-22-42-34/ec_files/emulator-55542026-08-16-22-57-09.ec.
[INFO] Loading execution data file /home/ubuntu/tm-results/AmazeFileManager-3.4.2-#1837.apk.timemachine.result.emulator-5554#2026-08-16-22-42-34/ec_files/emulator-55542026-08-16-22-57-22.ec.
[INFO] Loading execution data file /home/ubuntu/tm-results/AmazeFileManager-3.4.2-#1837.apk.timemachine.result.emulator-5554#2026-08-16-22-42-34/ec_files/emulator-55542026-08-16-22-57-36.ec.
[INFO] Loading execution data file /home/ubuntu/tm-results/AmazeFileManager-3.4.2-#1837.apk.timemachine.result.emulator-5554#2026-08-16-22-42-34/ec_files/emulator-55542026-08-16-22-57-50.ec.
[INFO] Loading execution data file /home/ubuntu/tm-results/AmazeFileManager-3.4.2-#1837.apk.timemachine.result.emulator-5554#2026-08-16-22-42-34/ec_files/emulator-55542026-08-16-22-58-11.ec.
[INFO] Loading execution data file /home/ubuntu/tm-results/AmazeFileManager-3.4.2-#1837.apk.timemachine.result.emulator-5554#2026-08-16-22-42-34/ec_files/emulator-55542026-08-16-22-58-34.ec.
[INFO] Loading execution data file /home/ubuntu/tm-results/AmazeFileManager-3.4.2-#1837.apk.timemachine.result.emulator-5554#2026-08-16-22-42-34/ec_files/emulator-55542026-08-16-22-58-50.ec.
[INFO] Loading execution data file /home/ubuntu/tm-results/AmazeFileManager-3.4.2-#1837.apk.timemachine.result.emulator-5554#2026-08-16-22-42-34/ec_files/emulator-55542026-08-16-22-59-03.ec.
[INFO] Loading execution data file /home/ubuntu/tm-results/AmazeFileManager-3.4.2-#1837.apk.timemachine.result.emulator-5554#2026-08-16-22-42-34/ec_files/emulator-55542026-08-16-22-59-21.ec.
[INFO] Loading execution data file /home/ubuntu/tm-results/AmazeFileManager-3.4.2-#1837.apk.timemachine.result.emulator-5554#2026-08-16-22-42-34/ec_files/emulator-55542026-08-16-22-59-37.ec.
[INFO] Loading execution data file /home/ubuntu/tm-results/AmazeFileManager-3.4.2-#1837.apk.timemachine.result.emulator-5554#2026-08-16-22-42-34/ec_files/emulator-55542026-08-16-23-00-54.ec.
[INFO] Loading execution data file /home/ubuntu/tm-results/AmazeFileManager-3.4.2-#1837.apk.timemachine.result.emulator-5554#2026-08-16-22-42-34/ec_files/emulator-55542026-08-16-23-01-09.ec.
[INFO] Loading execution data file /home/ubuntu/tm-results/AmazeFileManager-3.4.2-#1837.apk.timemachine.result.emulator-5554#2026-08-16-22-42-34/ec_files/emulator-55542026-08-16-23-01-23.ec.
[INFO] Loading execution data file /home/ubuntu/tm-results/AmazeFileManager-3.4.2-#1837.apk.timemachine.result.emulator-5554#2026-08-16-22-42-34/ec_files/emulator-55542026-08-16-23-01-42.ec.
[INFO] Loading execution data file /home/ubuntu/tm-results/AmazeFileManager-3.4.2-#1837.apk.timemachine.result.emulator-5554#2026-08-16-22-42-34/ec_files/emulator-55542026-08-16-23-02-04.ec.
[INFO] Loading execution data file /home/ubuntu/tm-results/AmazeFileManager-3.4.2-#1837.apk.timemachine.result.emulator-5554#2026-08-16-22-42-34/ec_files/emulator-55542026-08-16-23-02-23.ec.
[INFO] Loading execution data file /home/ubuntu/tm-results/AmazeFileManager-3.4.2-#1837.apk.timemachine.result.emulator-5554#2026-08-16-22-42-34/ec_files/emulator-55542026-08-16-23-02-37.ec.
[INFO] Loading execution data file /home/ubuntu/tm-results/AmazeFileManager-3.4.2-#1837.apk.timemachine.result.emulator-5554#2026-08-16-22-42-34/ec_files/emulator-55542026-08-16-23-02-56.ec.
  Exception in thread "main" java.io.FileNotFoundException: /home/ubuntu/TimeMachine/instrumented_apps/AmazeFileManager/AmazeFileManager-#1837/app/build/intermediates/javac/fdroidDebug/classes (No such file or directory)
	at java.base/java.io.FileInputStream.open0(Native Method)
	at java.base/java.io.FileInputStream.open(FileInputStream.java:216)
	at java.base/java.io.FileInputStream.<init>(FileInputStream.java:157)
	at org.jacoco.cli.internal.core.analysis.Analyzer.analyzeAll(Analyzer.java:224)
	at org.jacoco.cli.internal.commands.Report.analyze(Report.java:110)
	at org.jacoco.cli.internal.commands.Report.execute(Report.java:84)
	at org.jacoco.cli.internal.Main.execute(Main.java:90)
	at org.jacoco.cli.internal.Main.main(Main.java:105)
cp: cannot stat '/home/ubuntu/tm-results/AmazeFileManager-3.4.2-#1837.apk.timemachine.result.emulator-5554#2026-08-16-22-42-34/coverage.xml': No such file or directory
 
--coverage when the new state is triggered: 0 current jacoco line coverage rate : 0
===================> PENALIZE STATE <=====================
deque(['2106711827', '-583182176', '2106711827', '235231485', '2106711827', '-545700514', '-460579398', '-583182176', '2106711827', '-1254506268'], maxlen=10)
Frequent nodes 
[('-583182176', <state_graph.State instance at 0x79ace838c5f0>), ('-307486232', <state_graph.State instance at 0x79ace838caf0>), ('2106711827', <state_graph.State instance at 0x79ace8398780>), ('1003410873', <state_graph.State instance at 0x79ace8398410>)]
the portion to the top 20% most frequent states: 0.333333333333
Frequent nodes 
[('-583182176', <state_graph.State instance at 0x79ace838c5f0>), ('-307486232', <state_graph.State instance at 0x79ace838caf0>), ('2106711827', <state_graph.State instance at 0x79ace8398780>), ('1003410873', <state_graph.State instance at 0x79ace8398410>)]
--extracted id: 2106711827  num_controllable_widgets: 4
--transiton occurs
--the state 2106711827  exists
===================> PENALIZE STATE <=====================
deque(['-583182176', '2106711827', '235231485', '2106711827', '-545700514', '-460579398', '-583182176', '2106711827', '-1254506268', '2106711827'], maxlen=10)
Frequent nodes 
[('-583182176', <state_graph.State instance at 0x79ace838c5f0>), ('2106711827', <state_graph.State instance at 0x79ace8398780>), ('-307486232', <state_graph.State instance at 0x79ace838caf0>), ('1003410873', <state_graph.State instance at 0x79ace8398410>)]
the portion to the top 20% most frequent states: 0.333333333333
Frequent nodes 
[('-583182176', <state_graph.State instance at 0x79ace838c5f0>), ('2106711827', <state_graph.State instance at 0x79ace8398780>), ('-307486232', <state_graph.State instance at 0x79ace838caf0>), ('1003410873', <state_graph.State instance at 0x79ace8398410>)]
--extracted id: -460579398  num_controllable_widgets: 0
--transiton occurs
--the state -460579398  exists
===================> PENALIZE STATE <=====================
deque(['2106711827', '235231485', '2106711827', '-545700514', '-460579398', '-583182176', '2106711827', '-1254506268', '2106711827', '-460579398'], maxlen=10)
Frequent nodes 
[('-583182176', <state_graph.State instance at 0x79ace838c5f0>), ('2106711827', <state_graph.State instance at 0x79ace8398780>), ('-307486232', <state_graph.State instance at 0x79ace838caf0>), ('1003410873', <state_graph.State instance at 0x79ace8398410>)]
the portion to the top 20% most frequent states: 0.5
Frequent nodes 
[('-583182176', <state_graph.State instance at 0x79ace838c5f0>), ('2106711827', <state_graph.State instance at 0x79ace8398780>), ('-307486232', <state_graph.State instance at 0x79ace838caf0>), ('1003410873', <state_graph.State instance at 0x79ace8398410>)]
--extracted id: -583182176  num_controllable_widgets: 0
--transiton occurs
--the state -583182176  exists
===================> PENALIZE STATE <=====================
deque(['235231485', '2106711827', '-545700514', '-460579398', '-583182176', '2106711827', '-1254506268', '2106711827', '-460579398', '-583182176'], maxlen=10)
Frequent nodes 
[('-583182176', <state_graph.State instance at 0x79ace838c5f0>), ('2106711827', <state_graph.State instance at 0x79ace8398780>), ('-307486232', <state_graph.State instance at 0x79ace838caf0>), ('1003410873', <state_graph.State instance at 0x79ace8398410>)]
the portion to the top 20% most frequent states: 0.5
Frequent nodes 
[('-583182176', <state_graph.State instance at 0x79ace838c5f0>), ('2106711827', <state_graph.State instance at 0x79ace8398780>), ('-307486232', <state_graph.State instance at 0x79ace838caf0>), ('1003410873', <state_graph.State instance at 0x79ace8398410>)]
--extracted id: -583182176  num_controllable_widgets: 0
--event num: 1
--extracted id: -583182176  num_controllable_widgets: 0
--event num: 2
--extracted id: 2106711827  num_controllable_widgets: 4
--transiton occurs
--the state 2106711827  exists
===================> PENALIZE STATE <=====================
deque(['2106711827', '-545700514', '-460579398', '-583182176', '2106711827', '-1254506268', '2106711827', '-460579398', '-583182176', '2106711827'], maxlen=10)
Frequent nodes 
[('-583182176', <state_graph.State instance at 0x79ace838c5f0>), ('2106711827', <state_graph.State instance at 0x79ace8398780>), ('-307486232', <state_graph.State instance at 0x79ace838caf0>), ('1003410873', <state_graph.State instance at 0x79ace8398410>)]
the portion to the top 20% most frequent states: 0.6
Frequent nodes 
[('-583182176', <state_graph.State instance at 0x79ace838c5f0>), ('2106711827', <state_graph.State instance at 0x79ace8398780>), ('-307486232', <state_graph.State instance at 0x79ace838caf0>), ('1003410873', <state_graph.State instance at 0x79ace8398410>)]
--extracted id: -307486232  num_controllable_widgets: 0
--transiton occurs
--the state -307486232  exists
===================> PENALIZE STATE <=====================
deque(['-545700514', '-460579398', '-583182176', '2106711827', '-1254506268', '2106711827', '-460579398', '-583182176', '2106711827', '-307486232'], maxlen=10)
Frequent nodes 
[('-583182176', <state_graph.State instance at 0x79ace838c5f0>), ('2106711827', <state_graph.State instance at 0x79ace8398780>), ('-307486232', <state_graph.State instance at 0x79ace838caf0>), ('1003410873', <state_graph.State instance at 0x79ace8398410>)]
the portion to the top 20% most frequent states: 0.666666666667
Frequent nodes 
[('-583182176', <state_graph.State instance at 0x79ace838c5f0>), ('2106711827', <state_graph.State instance at 0x79ace8398780>), ('-307486232', <state_graph.State instance at 0x79ace838caf0>), ('1003410873', <state_graph.State instance at 0x79ace8398410>)]
--extracted id: 2106711827  num_controllable_widgets: 4
--transiton occurs
--the state 2106711827  exists
===================> PENALIZE STATE <=====================
deque(['-460579398', '-583182176', '2106711827', '-1254506268', '2106711827', '-460579398', '-583182176', '2106711827', '-307486232', '2106711827'], maxlen=10)
Frequent nodes 
[('-583182176', <state_graph.State instance at 0x79ace838c5f0>), ('2106711827', <state_graph.State instance at 0x79ace8398780>), ('-307486232', <state_graph.State instance at 0x79ace838caf0>), ('1003410873', <state_graph.State instance at 0x79ace8398410>)]
the portion to the top 20% most frequent states: 0.8
Frequent nodes 
[('-583182176', <state_graph.State instance at 0x79ace838c5f0>), ('2106711827', <state_graph.State instance at 0x79ace8398780>), ('-307486232', <state_graph.State instance at 0x79ace838caf0>), ('1003410873', <state_graph.State instance at 0x79ace8398410>)]
get_jacoco_coverage- return code:  output: Broadcasting: Intent { act=edu.gatech.m3.emma.COLLECT_COVERAGE }
Broadcast completed: result=0
---
[COVERAGE FILE EXIST?]
coverage.ec
---
---
[VALIDATE COVERAGE FILE]$ java -jar /home/ubuntu/TimeMachine/fuzzingandroid/libs/jacococli.jar report /home/ubuntu/tm-results/AmazeFileManager-3.4.2-#1837.apk.timemachine.result.emulator-5554#2026-08-16-22-42-34/ec_files/emulator-55542026-08-16-23-03-15.ec  --classfiles /home/ubuntu/TimeMachine/instrumented_apps/AmazeFileManager/AmazeFileManager-#1837/app/build/intermediates/javac/fdroidDebug/classes/ --classfiles /home/ubuntu/TimeMachine/instrumented_apps/AmazeFileManager/AmazeFileManager-#1837/commons_compress_7z/build/intermediates/javac/debug/classes/ &> temp
---
---
[VALIDATE MESSAGE]
---
SUCCESS: coverage file is valid!
[INFO] Loading execution data file /home/ubuntu/tm-results/AmazeFileManager-3.4.2-#1837.apk.timemachine.result.emulator-5554#2026-08-16-22-42-34/ec_files/emulator-55542026-08-16-23-03-15.ec.
 /sdcard/coverage.ec: 1 file pulled, 0 skipped. 0.0 MB/s (198 bytes in 0.059s)
Exception in thread "main" java.io.FileNotFoundException: /home/ubuntu/TimeMachine/instrumented_apps/AmazeFileManager/AmazeFileManager-#1837/app/build/intermediates/javac/fdroidDebug/classes (No such file or directory)
	at java.base/java.io.FileInputStream.open0(Native Method)
	at java.base/java.io.FileInputStream.open(FileInputStream.java:216)
	at java.base/java.io.FileInputStream.<init>(FileInputStream.java:157)
	at org.jacoco.cli.internal.core.analysis.Analyzer.analyzeAll(Analyzer.java:224)
	at org.jacoco.cli.internal.commands.Report.analyze(Report.java:110)
	at org.jacoco.cli.internal.commands.Report.execute(Report.java:84)
	at org.jacoco.cli.internal.Main.execute(Main.java:90)
	at org.jacoco.cli.internal.Main.main(Main.java:105)
 
compute_coverage-return code:  output: /home/ubuntu/tm-results/AmazeFileManager-3.4.2-#1837.apk.timemachine.result.emulator-5554#2026-08-16-22-42-34/ec_files/coverage1.ec /home/ubuntu/tm-results/AmazeFileManager-3.4.2-#1837.apk.timemachine.result.emulator-5554#2026-08-16-22-42-34/ec_files/coveragetemp.ec /home/ubuntu/tm-results/AmazeFileManager-3.4.2-#1837.apk.timemachine.result.emulator-5554#2026-08-16-22-42-34/ec_files/emulator-55542026-08-16-22-53-16.ec /home/ubuntu/tm-results/AmazeFileManager-3.4.2-#1837.apk.timemachine.result.emulator-5554#2026-08-16-22-42-34/ec_files/emulator-55542026-08-16-22-54-09.ec /home/ubuntu/tm-results/AmazeFileManager-3.4.2-#1837.apk.timemachine.result.emulator-5554#2026-08-16-22-42-34/ec_files/emulator-55542026-08-16-22-56-41.ec /home/ubuntu/tm-results/AmazeFileManager-3.4.2-#1837.apk.timemachine.result.emulator-5554#2026-08-16-22-42-34/ec_files/emulator-55542026-08-16-22-56-52.ec /home/ubuntu/tm-results/AmazeFileManager-3.4.2-#1837.apk.timemachine.result.emulator-5554#2026-08-16-22-42-34/ec_files/emulator-55542026-08-16-22-57-09.ec /home/ubuntu/tm-results/AmazeFileManager-3.4.2-#1837.apk.timemachine.result.emulator-5554#2026-08-16-22-42-34/ec_files/emulator-55542026-08-16-22-57-22.ec /home/ubuntu/tm-results/AmazeFileManager-3.4.2-#1837.apk.timemachine.result.emulator-5554#2026-08-16-22-42-34/ec_files/emulator-55542026-08-16-22-57-36.ec /home/ubuntu/tm-results/AmazeFileManager-3.4.2-#1837.apk.timemachine.result.emulator-5554#2026-08-16-22-42-34/ec_files/emulator-55542026-08-16-22-57-50.ec /home/ubuntu/tm-results/AmazeFileManager-3.4.2-#1837.apk.timemachine.result.emulator-5554#2026-08-16-22-42-34/ec_files/emulator-55542026-08-16-22-58-11.ec /home/ubuntu/tm-results/AmazeFileManager-3.4.2-#1837.apk.timemachine.result.emulator-5554#2026-08-16-22-42-34/ec_files/emulator-55542026-08-16-22-58-34.ec /home/ubuntu/tm-results/AmazeFileManager-3.4.2-#1837.apk.timemachine.result.emulator-5554#2026-08-16-22-42-34/ec_files/emulator-55542026-08-16-22-58-50.ec /home/ubuntu/tm-results/AmazeFileManager-3.4.2-#1837.apk.timemachine.result.emulator-5554#2026-08-16-22-42-34/ec_files/emulator-55542026-08-16-22-59-03.ec /home/ubuntu/tm-results/AmazeFileManager-3.4.2-#1837.apk.timemachine.result.emulator-5554#2026-08-16-22-42-34/ec_files/emulator-55542026-08-16-22-59-21.ec /home/ubuntu/tm-results/AmazeFileManager-3.4.2-#1837.apk.timemachine.result.emulator-5554#2026-08-16-22-42-34/ec_files/emulator-55542026-08-16-22-59-37.ec /home/ubuntu/tm-results/AmazeFileManager-3.4.2-#1837.apk.timemachine.result.emulator-5554#2026-08-16-22-42-34/ec_files/emulator-55542026-08-16-23-00-54.ec /home/ubuntu/tm-results/AmazeFileManager-3.4.2-#1837.apk.timemachine.result.emulator-5554#2026-08-16-22-42-34/ec_files/emulator-55542026-08-16-23-01-09.ec /home/ubuntu/tm-results/AmazeFileManager-3.4.2-#1837.apk.timemachine.result.emulator-5554#2026-08-16-22-42-34/ec_files/emulator-55542026-08-16-23-01-23.ec /home/ubuntu/tm-results/AmazeFileManager-3.4.2-#1837.apk.timemachine.result.emulator-5554#2026-08-16-22-42-34/ec_files/emulator-55542026-08-16-23-01-42.ec /home/ubuntu/tm-results/AmazeFileManager-3.4.2-#1837.apk.timemachine.result.emulator-5554#2026-08-16-22-42-34/ec_files/emulator-55542026-08-16-23-02-04.ec /home/ubuntu/tm-results/AmazeFileManager-3.4.2-#1837.apk.timemachine.result.emulator-5554#2026-08-16-22-42-34/ec_files/emulator-55542026-08-16-23-02-23.ec /home/ubuntu/tm-results/AmazeFileManager-3.4.2-#1837.apk.timemachine.result.emulator-5554#2026-08-16-22-42-34/ec_files/emulator-55542026-08-16-23-02-37.ec /home/ubuntu/tm-results/AmazeFileManager-3.4.2-#1837.apk.timemachine.result.emulator-5554#2026-08-16-22-42-34/ec_files/emulator-55542026-08-16-23-02-56.ec /home/ubuntu/tm-results/AmazeFileManager-3.4.2-#1837.apk.timemachine.result.emulator-5554#2026-08-16-22-42-34/ec_files/emulator-55542026-08-16-23-03-15.ec
[INFO] Loading execution data file /home/ubuntu/tm-results/AmazeFileManager-3.4.2-#1837.apk.timemachine.result.emulator-5554#2026-08-16-22-42-34/ec_files/coverage1.ec.
[INFO] Loading execution data file /home/ubuntu/tm-results/AmazeFileManager-3.4.2-#1837.apk.timemachine.result.emulator-5554#2026-08-16-22-42-34/ec_files/coveragetemp.ec.
[INFO] Loading execution data file /home/ubuntu/tm-results/AmazeFileManager-3.4.2-#1837.apk.timemachine.result.emulator-5554#2026-08-16-22-42-34/ec_files/emulator-55542026-08-16-22-53-16.ec.
[INFO] Loading execution data file /home/ubuntu/tm-results/AmazeFileManager-3.4.2-#1837.apk.timemachine.result.emulator-5554#2026-08-16-22-42-34/ec_files/emulator-55542026-08-16-22-54-09.ec.
[INFO] Loading execution data file /home/ubuntu/tm-results/AmazeFileManager-3.4.2-#1837.apk.timemachine.result.emulator-5554#2026-08-16-22-42-34/ec_files/emulator-55542026-08-16-22-56-41.ec.
[INFO] Loading execution data file /home/ubuntu/tm-results/AmazeFileManager-3.4.2-#1837.apk.timemachine.result.emulator-5554#2026-08-16-22-42-34/ec_files/emulator-55542026-08-16-22-56-52.ec.
[INFO] Loading execution data file /home/ubuntu/tm-results/AmazeFileManager-3.4.2-#1837.apk.timemachine.result.emulator-5554#2026-08-16-22-42-34/ec_files/emulator-55542026-08-16-22-57-09.ec.
[INFO] Loading execution data file /home/ubuntu/tm-results/AmazeFileManager-3.4.2-#1837.apk.timemachine.result.emulator-5554#2026-08-16-22-42-34/ec_files/emulator-55542026-08-16-22-57-22.ec.
[INFO] Loading execution data file /home/ubuntu/tm-results/AmazeFileManager-3.4.2-#1837.apk.timemachine.result.emulator-5554#2026-08-16-22-42-34/ec_files/emulator-55542026-08-16-22-57-36.ec.
[INFO] Loading execution data file /home/ubuntu/tm-results/AmazeFileManager-3.4.2-#1837.apk.timemachine.result.emulator-5554#2026-08-16-22-42-34/ec_files/emulator-55542026-08-16-22-57-50.ec.
[INFO] Loading execution data file /home/ubuntu/tm-results/AmazeFileManager-3.4.2-#1837.apk.timemachine.result.emulator-5554#2026-08-16-22-42-34/ec_files/emulator-55542026-08-16-22-58-11.ec.
[INFO] Loading execution data file /home/ubuntu/tm-results/AmazeFileManager-3.4.2-#1837.apk.timemachine.result.emulator-5554#2026-08-16-22-42-34/ec_files/emulator-55542026-08-16-22-58-34.ec.
[INFO] Loading execution data file /home/ubuntu/tm-results/AmazeFileManager-3.4.2-#1837.apk.timemachine.result.emulator-5554#2026-08-16-22-42-34/ec_files/emulator-55542026-08-16-22-58-50.ec.
[INFO] Loading execution data file /home/ubuntu/tm-results/AmazeFileManager-3.4.2-#1837.apk.timemachine.result.emulator-5554#2026-08-16-22-42-34/ec_files/emulator-55542026-08-16-22-59-03.ec.
[INFO] Loading execution data file /home/ubuntu/tm-results/AmazeFileManager-3.4.2-#1837.apk.timemachine.result.emulator-5554#2026-08-16-22-42-34/ec_files/emulator-55542026-08-16-22-59-21.ec.
[INFO] Loading execution data file /home/ubuntu/tm-results/AmazeFileManager-3.4.2-#1837.apk.timemachine.result.emulator-5554#2026-08-16-22-42-34/ec_files/emulator-55542026-08-16-22-59-37.ec.
[INFO] Loading execution data file /home/ubuntu/tm-results/AmazeFileManager-3.4.2-#1837.apk.timemachine.result.emulator-5554#2026-08-16-22-42-34/ec_files/emulator-55542026-08-16-23-00-54.ec.
[INFO] Loading execution data file /home/ubuntu/tm-results/AmazeFileManager-3.4.2-#1837.apk.timemachine.result.emulator-5554#2026-08-16-22-42-34/ec_files/emulator-55542026-08-16-23-01-09.ec.
[INFO] Loading execution data file /home/ubuntu/tm-results/AmazeFileManager-3.4.2-#1837.apk.timemachine.result.emulator-5554#2026-08-16-22-42-34/ec_files/emulator-55542026-08-16-23-01-23.ec.
[INFO] Loading execution data file /home/ubuntu/tm-results/AmazeFileManager-3.4.2-#1837.apk.timemachine.result.emulator-5554#2026-08-16-22-42-34/ec_files/emulator-55542026-08-16-23-01-42.ec.
[INFO] Loading execution data file /home/ubuntu/tm-results/AmazeFileManager-3.4.2-#1837.apk.timemachine.result.emulator-5554#2026-08-16-22-42-34/ec_files/emulator-55542026-08-16-23-02-04.ec.
[INFO] Loading execution data file /home/ubuntu/tm-results/AmazeFileManager-3.4.2-#1837.apk.timemachine.result.emulator-5554#2026-08-16-22-42-34/ec_files/emulator-55542026-08-16-23-02-23.ec.
[INFO] Loading execution data file /home/ubuntu/tm-results/AmazeFileManager-3.4.2-#1837.apk.timemachine.result.emulator-5554#2026-08-16-22-42-34/ec_files/emulator-55542026-08-16-23-02-37.ec.
[INFO] Loading execution data file /home/ubuntu/tm-results/AmazeFileManager-3.4.2-#1837.apk.timemachine.result.emulator-5554#2026-08-16-22-42-34/ec_files/emulator-55542026-08-16-23-02-56.ec.
[INFO] Loading execution data file /home/ubuntu/tm-results/AmazeFileManager-3.4.2-#1837.apk.timemachine.result.emulator-5554#2026-08-16-22-42-34/ec_files/emulator-55542026-08-16-23-03-15.ec.
  Exception in thread "main" java.io.FileNotFoundException: /home/ubuntu/TimeMachine/instrumented_apps/AmazeFileManager/AmazeFileManager-#1837/app/build/intermediates/javac/fdroidDebug/classes (No such file or directory)
	at java.base/java.io.FileInputStream.open0(Native Method)
	at java.base/java.io.FileInputStream.open(FileInputStream.java:216)
	at java.base/java.io.FileInputStream.<init>(FileInputStream.java:157)
	at org.jacoco.cli.internal.core.analysis.Analyzer.analyzeAll(Analyzer.java:224)
	at org.jacoco.cli.internal.commands.Report.analyze(Report.java:110)
	at org.jacoco.cli.internal.commands.Report.execute(Report.java:84)
	at org.jacoco.cli.internal.Main.execute(Main.java:90)
	at org.jacoco.cli.internal.Main.main(Main.java:105)
cp: cannot stat '/home/ubuntu/tm-results/AmazeFileManager-3.4.2-#1837.apk.timemachine.result.emulator-5554#2026-08-16-22-42-34/coverage.xml': No such file or directory
 
--the current line coverage : 0
INITIAL k_neighbour_fitness: key: INITIAL snapshot: True hit: 1 restore: 0 trans: 1 fitness: 90.0 old trans: 0
edges: {OOAUT} 
--the fittest state is INITIAL
--load the fittest state...
get_jacoco_coverage- return code:  output: Broadcasting: Intent { act=edu.gatech.m3.emma.COLLECT_COVERAGE }
Broadcast completed: result=0
---
[COVERAGE FILE EXIST?]
coverage.ec
---
---
[VALIDATE COVERAGE FILE]$ java -jar /home/ubuntu/TimeMachine/fuzzingandroid/libs/jacococli.jar report /home/ubuntu/tm-results/AmazeFileManager-3.4.2-#1837.apk.timemachine.result.emulator-5554#2026-08-16-22-42-34/ec_files/emulator-55542026-08-16-22-53-16.ec  --classfiles /home/ubuntu/TimeMachine/instrumented_apps/AmazeFileManager/AmazeFileManager-#1837/app/build/intermediates/javac/fdroidDebug/classes/ --classfiles /home/ubuntu/TimeMachine/instrumented_apps/AmazeFileManager/AmazeFileManager-#1837/commons_compress_7z/build/intermediates/javac/debug/classes/ &> temp
---
---
[VALIDATE MESSAGE]
---
SUCCESS: coverage file is valid!
[INFO] Loading execution data file /home/ubuntu/tm-results/AmazeFileManager-3.4.2-#1837.apk.timemachine.result.emulator-5554#2026-08-16-22-42-34/ec_files/emulator-55542026-08-16-22-53-16.ec.
 /sdcard/coverage.ec: 1 file pulled, 0 skipped. 0.1 MB/s (9512 bytes in 0.136s)
Exception in thread "main" java.io.FileNotFoundException: /home/ubuntu/TimeMachine/instrumented_apps/AmazeFileManager/AmazeFileManager-#1837/app/build/intermediates/javac/fdroidDebug/classes (No such file or directory)
	at java.base/java.io.FileInputStream.open0(Native Method)
	at java.base/java.io.FileInputStream.open(FileInputStream.java:216)
	at java.base/java.io.FileInputStream.<init>(FileInputStream.java:157)
	at org.jacoco.cli.internal.core.analysis.Analyzer.analyzeAll(Analyzer.java:224)
	at org.jacoco.cli.internal.commands.Report.analyze(Report.java:110)
	at org.jacoco.cli.internal.commands.Report.execute(Report.java:84)
	at org.jacoco.cli.internal.Main.execute(Main.java:90)
	at org.jacoco.cli.internal.Main.main(Main.java:105)
 
crash watcher is termined...
--monkey watcher is terminated!
compute_coverage-return code:  output: /home/ubuntu/tm-results/AmazeFileManager-3.4.2-#1837.apk.timemachine.result.emulator-5554#2026-08-16-22-42-34/ec_files/coverage1.ec /home/ubuntu/tm-results/AmazeFileManager-3.4.2-#1837.apk.timemachine.result.emulator-5554#2026-08-16-22-42-34/ec_files/coveragetemp.ec /home/ubuntu/tm-results/AmazeFileManager-3.4.2-#1837.apk.timemachine.result.emulator-5554#2026-08-16-22-42-34/ec_files/emulator-55542026-08-16-22-53-16.ec /home/ubuntu/tm-results/AmazeFileManager-3.4.2-#1837.apk.timemachine.result.emulator-5554#2026-08-16-22-42-34/ec_files/emulator-55542026-08-16-22-54-09.ec /home/ubuntu/tm-results/AmazeFileManager-3.4.2-#1837.apk.timemachine.result.emulator-5554#2026-08-16-22-42-34/ec_files/emulator-55542026-08-16-22-56-41.ec /home/ubuntu/tm-results/AmazeFileManager-3.4.2-#1837.apk.timemachine.result.emulator-5554#2026-08-16-22-42-34/ec_files/emulator-55542026-08-16-22-56-52.ec /home/ubuntu/tm-results/AmazeFileManager-3.4.2-#1837.apk.timemachine.result.emulator-5554#2026-08-16-22-42-34/ec_files/emulator-55542026-08-16-22-57-09.ec /home/ubuntu/tm-results/AmazeFileManager-3.4.2-#1837.apk.timemachine.result.emulator-5554#2026-08-16-22-42-34/ec_files/emulator-55542026-08-16-22-57-22.ec /home/ubuntu/tm-results/AmazeFileManager-3.4.2-#1837.apk.timemachine.result.emulator-5554#2026-08-16-22-42-34/ec_files/emulator-55542026-08-16-22-57-36.ec /home/ubuntu/tm-results/AmazeFileManager-3.4.2-#1837.apk.timemachine.result.emulator-5554#2026-08-16-22-42-34/ec_files/emulator-55542026-08-16-22-57-50.ec /home/ubuntu/tm-results/AmazeFileManager-3.4.2-#1837.apk.timemachine.result.emulator-5554#2026-08-16-22-42-34/ec_files/emulator-55542026-08-16-22-58-11.ec /home/ubuntu/tm-results/AmazeFileManager-3.4.2-#1837.apk.timemachine.result.emulator-5554#2026-08-16-22-42-34/ec_files/emulator-55542026-08-16-22-58-34.ec /home/ubuntu/tm-results/AmazeFileManager-3.4.2-#1837.apk.timemachine.result.emulator-5554#2026-08-16-22-42-34/ec_files/emulator-55542026-08-16-22-58-50.ec /home/ubuntu/tm-results/AmazeFileManager-3.4.2-#1837.apk.timemachine.result.emulator-5554#2026-08-16-22-42-34/ec_files/emulator-55542026-08-16-22-59-03.ec /home/ubuntu/tm-results/AmazeFileManager-3.4.2-#1837.apk.timemachine.result.emulator-5554#2026-08-16-22-42-34/ec_files/emulator-55542026-08-16-22-59-21.ec /home/ubuntu/tm-results/AmazeFileManager-3.4.2-#1837.apk.timemachine.result.emulator-5554#2026-08-16-22-42-34/ec_files/emulator-55542026-08-16-22-59-37.ec /home/ubuntu/tm-results/AmazeFileManager-3.4.2-#1837.apk.timemachine.result.emulator-5554#2026-08-16-22-42-34/ec_files/emulator-55542026-08-16-23-00-54.ec /home/ubuntu/tm-results/AmazeFileManager-3.4.2-#1837.apk.timemachine.result.emulator-5554#2026-08-16-22-42-34/ec_files/emulator-55542026-08-16-23-01-09.ec /home/ubuntu/tm-results/AmazeFileManager-3.4.2-#1837.apk.timemachine.result.emulator-5554#2026-08-16-22-42-34/ec_files/emulator-55542026-08-16-23-01-23.ec /home/ubuntu/tm-results/AmazeFileManager-3.4.2-#1837.apk.timemachine.result.emulator-5554#2026-08-16-22-42-34/ec_files/emulator-55542026-08-16-23-01-42.ec /home/ubuntu/tm-results/AmazeFileManager-3.4.2-#1837.apk.timemachine.result.emulator-5554#2026-08-16-22-42-34/ec_files/emulator-55542026-08-16-23-02-04.ec /home/ubuntu/tm-results/AmazeFileManager-3.4.2-#1837.apk.timemachine.result.emulator-5554#2026-08-16-22-42-34/ec_files/emulator-55542026-08-16-23-02-23.ec /home/ubuntu/tm-results/AmazeFileManager-3.4.2-#1837.apk.timemachine.result.emulator-5554#2026-08-16-22-42-34/ec_files/emulator-55542026-08-16-23-02-37.ec /home/ubuntu/tm-results/AmazeFileManager-3.4.2-#1837.apk.timemachine.result.emulator-5554#2026-08-16-22-42-34/ec_files/emulator-55542026-08-16-23-02-56.ec /home/ubuntu/tm-results/AmazeFileManager-3.4.2-#1837.apk.timemachine.result.emulator-5554#2026-08-16-22-42-34/ec_files/emulator-55542026-08-16-23-03-15.ec
[INFO] Loading execution data file /home/ubuntu/tm-results/AmazeFileManager-3.4.2-#1837.apk.timemachine.result.emulator-5554#2026-08-16-22-42-34/ec_files/coverage1.ec.
[INFO] Loading execution data file /home/ubuntu/tm-results/AmazeFileManager-3.4.2-#1837.apk.timemachine.result.emulator-5554#2026-08-16-22-42-34/ec_files/coveragetemp.ec.
[INFO] Loading execution data file /home/ubuntu/tm-results/AmazeFileManager-3.4.2-#1837.apk.timemachine.result.emulator-5554#2026-08-16-22-42-34/ec_files/emulator-55542026-08-16-22-53-16.ec.
[INFO] Loading execution data file /home/ubuntu/tm-results/AmazeFileManager-3.4.2-#1837.apk.timemachine.result.emulator-5554#2026-08-16-22-42-34/ec_files/emulator-55542026-08-16-22-54-09.ec.
[INFO] Loading execution data file /home/ubuntu/tm-results/AmazeFileManager-3.4.2-#1837.apk.timemachine.result.emulator-5554#2026-08-16-22-42-34/ec_files/emulator-55542026-08-16-22-56-41.ec.
[INFO] Loading execution data file /home/ubuntu/tm-results/AmazeFileManager-3.4.2-#1837.apk.timemachine.result.emulator-5554#2026-08-16-22-42-34/ec_files/emulator-55542026-08-16-22-56-52.ec.
[INFO] Loading execution data file /home/ubuntu/tm-results/AmazeFileManager-3.4.2-#1837.apk.timemachine.result.emulator-5554#2026-08-16-22-42-34/ec_files/emulator-55542026-08-16-22-57-09.ec.
[INFO] Loading execution data file /home/ubuntu/tm-results/AmazeFileManager-3.4.2-#1837.apk.timemachine.result.emulator-5554#2026-08-16-22-42-34/ec_files/emulator-55542026-08-16-22-57-22.ec.
[INFO] Loading execution data file /home/ubuntu/tm-results/AmazeFileManager-3.4.2-#1837.apk.timemachine.result.emulator-5554#2026-08-16-22-42-34/ec_files/emulator-55542026-08-16-22-57-36.ec.
[INFO] Loading execution data file /home/ubuntu/tm-results/AmazeFileManager-3.4.2-#1837.apk.timemachine.result.emulator-5554#2026-08-16-22-42-34/ec_files/emulator-55542026-08-16-22-57-50.ec.
[INFO] Loading execution data file /home/ubuntu/tm-results/AmazeFileManager-3.4.2-#1837.apk.timemachine.result.emulator-5554#2026-08-16-22-42-34/ec_files/emulator-55542026-08-16-22-58-11.ec.
[INFO] Loading execution data file /home/ubuntu/tm-results/AmazeFileManager-3.4.2-#1837.apk.timemachine.result.emulator-5554#2026-08-16-22-42-34/ec_files/emulator-55542026-08-16-22-58-34.ec.
[INFO] Loading execution data file /home/ubuntu/tm-results/AmazeFileManager-3.4.2-#1837.apk.timemachine.result.emulator-5554#2026-08-16-22-42-34/ec_files/emulator-55542026-08-16-22-58-50.ec.
[INFO] Loading execution data file /home/ubuntu/tm-results/AmazeFileManager-3.4.2-#1837.apk.timemachine.result.emulator-5554#2026-08-16-22-42-34/ec_files/emulator-55542026-08-16-22-59-03.ec.
[INFO] Loading execution data file /home/ubuntu/tm-results/AmazeFileManager-3.4.2-#1837.apk.timemachine.result.emulator-5554#2026-08-16-22-42-34/ec_files/emulator-55542026-08-16-22-59-21.ec.
[INFO] Loading execution data file /home/ubuntu/tm-results/AmazeFileManager-3.4.2-#1837.apk.timemachine.result.emulator-5554#2026-08-16-22-42-34/ec_files/emulator-55542026-08-16-22-59-37.ec.
[INFO] Loading execution data file /home/ubuntu/tm-results/AmazeFileManager-3.4.2-#1837.apk.timemachine.result.emulator-5554#2026-08-16-22-42-34/ec_files/emulator-55542026-08-16-23-00-54.ec.
[INFO] Loading execution data file /home/ubuntu/tm-results/AmazeFileManager-3.4.2-#1837.apk.timemachine.result.emulator-5554#2026-08-16-22-42-34/ec_files/emulator-55542026-08-16-23-01-09.ec.
[INFO] Loading execution data file /home/ubuntu/tm-results/AmazeFileManager-3.4.2-#1837.apk.timemachine.result.emulator-5554#2026-08-16-22-42-34/ec_files/emulator-55542026-08-16-23-01-23.ec.
[INFO] Loading execution data file /home/ubuntu/tm-results/AmazeFileManager-3.4.2-#1837.apk.timemachine.result.emulator-5554#2026-08-16-22-42-34/ec_files/emulator-55542026-08-16-23-01-42.ec.
[INFO] Loading execution data file /home/ubuntu/tm-results/AmazeFileManager-3.4.2-#1837.apk.timemachine.result.emulator-5554#2026-08-16-22-42-34/ec_files/emulator-55542026-08-16-23-02-04.ec.
[INFO] Loading execution data file /home/ubuntu/tm-results/AmazeFileManager-3.4.2-#1837.apk.timemachine.result.emulator-5554#2026-08-16-22-42-34/ec_files/emulator-55542026-08-16-23-02-23.ec.
[INFO] Loading execution data file /home/ubuntu/tm-results/AmazeFileManager-3.4.2-#1837.apk.timemachine.result.emulator-5554#2026-08-16-22-42-34/ec_files/emulator-55542026-08-16-23-02-37.ec.
[INFO] Loading execution data file /home/ubuntu/tm-results/AmazeFileManager-3.4.2-#1837.apk.timemachine.result.emulator-5554#2026-08-16-22-42-34/ec_files/emulator-55542026-08-16-23-02-56.ec.
[INFO] Loading execution data file /home/ubuntu/tm-results/AmazeFileManager-3.4.2-#1837.apk.timemachine.result.emulator-5554#2026-08-16-22-42-34/ec_files/emulator-55542026-08-16-23-03-15.ec.
  Exception in thread "main" java.io.FileNotFoundException: /home/ubuntu/TimeMachine/instrumented_apps/AmazeFileManager/AmazeFileManager-#1837/app/build/intermediates/javac/fdroidDebug/classes (No such file or directory)
	at java.base/java.io.FileInputStream.open0(Native Method)
	at java.base/java.io.FileInputStream.open(FileInputStream.java:216)
	at java.base/java.io.FileInputStream.<init>(FileInputStream.java:157)
	at org.jacoco.cli.internal.core.analysis.Analyzer.analyzeAll(Analyzer.java:224)
	at org.jacoco.cli.internal.commands.Report.analyze(Report.java:110)
	at org.jacoco.cli.internal.commands.Report.execute(Report.java:84)
	at org.jacoco.cli.internal.Main.execute(Main.java:90)
	at org.jacoco.cli.internal.Main.main(Main.java:105)
cp: cannot stat '/home/ubuntu/tm-results/AmazeFileManager-3.4.2-#1837.apk.timemachine.result.emulator-5554#2026-08-16-22-42-34/coverage.xml': No such file or directory
 
current threads:  2
--killing monkey
Num of restores: 2
Timeout reached. Terminating...
--killing monkey
key: -807232268 snapshot: False hit: 2 restore: 0 trans: 1 fitness: 0.0 old trans: 0
edges: {1947270924} 
key: INITIAL snapshot: True hit: 1 restore: 1 trans: 1 fitness: 90.0 old trans: 0
edges: {OOAUT} 
key: -1254506268 snapshot: False hit: 2 restore: 0 trans: 1 fitness: 0.0 old trans: 0
edges: {2106711827} 
key: -973462079 snapshot: False hit: 2 restore: 0 trans: 1 fitness: 0.0 old trans: 0
edges: {1218673144} 
key: -583182176 snapshot: False hit: 12 restore: 0 trans: 11 fitness: 0.0 old trans: 0
edges: {2106711827} {-307486232} {-807232268} {1003410873} {304021405} {1496732642} {1514766507} 
key: 481657726 snapshot: False hit: 2 restore: 0 trans: 1 fitness: 0.0 old trans: 0
edges: {-1115588482} 
key: -307486232 snapshot: False hit: 8 restore: 0 trans: 7 fitness: 0.0 old trans: 0
edges: {-583182176} {2106711827} {-565265373} 
key: -460579398 snapshot: False hit: 3 restore: 0 trans: 2 fitness: 0.0 old trans: 0
edges: {-583182176} 
key: -545700514 snapshot: False hit: 2 restore: 0 trans: 1 fitness: 0.0 old trans: 0
edges: {-460579398} 
key: 235231485 snapshot: False hit: 2 restore: 0 trans: 1 fitness: 0.0 old trans: 0
edges: {2106711827} 
key: OOAUT snapshot: False hit: 3 restore: 0 trans: 2 fitness: 0.0 old trans: 0
edges: {-583182176} {451132233} 
key: 1514766507 snapshot: False hit: 3 restore: 0 trans: 2 fitness: 0.0 old trans: 0
edges: {OOAUT} {2106711827} 
key: 2106711827 snapshot: False hit: 10 restore: 0 trans: 8 fitness: 0.0 old trans: 0
edges: {-583182176} {-307486232} {-460579398} {-545700514} {235231485} {-1254506268} 
key: -565265373 snapshot: False hit: 2 restore: 0 trans: 1 fitness: 0.0 old trans: 0
edges: {-583182176} 
key: 304021405 snapshot: False hit: 3 restore: 0 trans: 2 fitness: 0.0 old trans: 0
edges: {1496732642} {-307486232} 
key: -1238617861 snapshot: False hit: 2 restore: 0 trans: 1 fitness: 0.0 old trans: 0
edges: {-583182176} 
key: 451132233 snapshot: False hit: 2 restore: 0 trans: 1 fitness: 0.0 old trans: 0
edges: {481657726} 
key: -1115588482 snapshot: False hit: 2 restore: 0 trans: 1 fitness: 0.0 old trans: 0
edges: {2106711827} 
key: 1218673144 snapshot: False hit: 2 restore: 0 trans: 1 fitness: 0.0 old trans: 0
edges: {1003410873} 
key: 1947270924 snapshot: False hit: 2 restore: 0 trans: 1 fitness: 0.0 old trans: 0
edges: {304021405} 
key: 1003410873 snapshot: False hit: 4 restore: 0 trans: 3 fitness: 0.0 old trans: 0
edges: {-1238617861} {-307486232} 
key: 1496732642 snapshot: False hit: 3 restore: 0 trans: 2 fitness: 0.0 old trans: 0
edges: {-973462079} {-307486232} 
