class_id,class_name,probes_hit,probes_total,pct
68389117fb61b577,com/nononsenseapps/feeder/ui/compose/feed/FeedScreenKt,1582,3307,47.84
df0ad7cbfde5bf3c,androidx/compose/runtime/ComposerImpl,941,1752,53.71
dab454cd971008be,androidx/compose/runtime/SlotWriter,646,1228,52.61
e8765b5f25cc9e01,androidx/compose/ui/node/LayoutNode,522,1146,45.55
e3066f9de1662f9c,androidx/compose/runtime/CompositionImpl,507,1204,42.11
2787d825f22c3780,com/nononsenseapps/feeder/ui/compose/navdrawer/NavDrawerKt,500,1113,44.92
ab69ea988c0efc14,androidx/compose/ui/platform/AndroidComposeView,464,1617,28.7
6f74824ea817238b,androidx/compose/ui/node/NodeCoordinator,431,1226,35.15
ffb8804dd695df8a,com/nononsenseapps/feeder/ui/compose/feed/FeedItemCardKt,378,796,47.49
200ee90c3a7f235f,kotlinx/coroutines/JobSupport,377,790,47.72
25d3aed2017f6204,kotlinx/coroutines/channels/BufferedChannel,373,1770,21.07
b5675e20267da840,com/nononsenseapps/feeder/ui/compose/feed/SwipeableFeedItemPreviewKt,359,626,57.35
8a0e8be6660eb279,com/nononsenseapps/feeder/ui/compose/material3/NavigationDrawerKt,350,1333,26.26
9bece83ad3349907,androidx/compose/ui/node/MeasurePassDelegate,315,510,61.76
1107e7feed9890a8,androidx/compose/material3/AppBarKt,314,2475,12.69
fc048a72829f7c6b,com/nononsenseapps/feeder/db/room/FeedDao_Impl,309,1617,19.11
f8343433a7ee4c32,androidx/navigation/internal/NavControllerImpl,308,1470,20.95
ba03aa27376ce63f,androidx/navigation/compose/NavHostKt,304,1155,26.32
f62d6dc5e5f0e499,androidx/compose/material3/tokens/TypeScaleTokens,304,304,100.0
ae94ac2b84c5e155,com/nononsenseapps/feeder/model/RssLocalSync,303,613,49.43
65872a7fa3aaccc8,com/nononsenseapps/feeder/ui/compose/pullrefresh/PullToRefreshIndicatorKt,291,364,79.95
9f6952dbfc5ed23e,androidx/compose/runtime/Recomposer,284,1009,28.15
88e5227b6f800513,androidx/compose/runtime/snapshots/SnapshotKt,272,453,60.04
3dda660e96a91928,okio/Buffer,262,860,30.47
378b821a728d7ef9,com/nononsenseapps/feeder/FeederApplication,256,284,90.14
44d713998705edcf,androidx/compose/animation/AnimatedVisibilityKt,241,685,35.18
6fa43845e91d19e2,androidx/compose/animation/core/TransitionKt,232,980,23.67
61abff22fd7da38d,androidx/compose/ui/node/MeasureAndLayoutDelegate,231,632,36.55
9dcba29b3b2e2ffe,androidx/compose/material3/tokens/TypographyTokens,227,242,93.8
d731172e7564bfe0,androidx/compose/material3/ScaffoldKt,225,349,64.47
bac4e5be3a4f1711,androidx/compose/ui/text/TextStyle,217,1398,15.52
7f9fc5b275c6b8b7,androidx/compose/material3/ColorSchemeKt,217,819,26.5
8fe045b724eab499,com/nononsenseapps/feeder/archmodel/SettingsStore,216,485,44.54
7ec596a9512ea9b4,androidx/compose/material3/TextKt,213,1012,21.05
719c37f1e4d23755,androidx/compose/animation/core/Transition,212,366,57.92
342012373d9eb43f,com/nononsenseapps/feeder/di/ArchModelModuleKt,207,232,89.22
0f429fe48071a3c1,com/nononsenseapps/feeder/archmodel/Repository,206,738,27.91
aa2a9926d0261311,androidx/compose/animation/EnterExitTransitionKt,202,459,44.01
24bf7df8d25358d9,androidx/compose/ui/graphics/layer/GraphicsLayer,201,508,39.57
6a96bad635e2ccbe,com/nononsenseapps/feeder/ui/compose/empty/NothingToReadKt,193,265,72.83
b6258bbdecced350,kotlin/reflect/jvm/internal/impl/metadata/ProtoBuf$Class,181,689,26.27
5d3b61397ddef8fe,androidx/compose/runtime/snapshots/SnapshotStateObserver$ObservedScopeMap,181,440,41.14
5e7a249f09a2a8b0,androidx/compose/runtime/snapshots/MutableSnapshot,179,426,42.02
a2fbb5717b6ea44d,com/nononsenseapps/feeder/ui/compose/theme/ThemeKt,174,334,52.1
6eb8d946d4019c61,androidx/compose/foundation/lazy/LazyListMeasureKt,170,410,41.46
3dd9372208439492,com/nononsenseapps/feeder/ui/compose/theme/ColorKt,168,173,97.11
65abdbeeefe5d757,kotlinx/coroutines/flow/SharedFlowImpl,166,363,45.73
ce73d6c7ca8cd958,kotlin/reflect/jvm/internal/impl/metadata/ProtoBuf$Function,166,367,45.23
ca0d5c0fdee5b01b,androidx/compose/ui/text/platform/extensions/SpannableExtensions_androidKt,166,325,51.08
22df3def8e4eb06b,androidx/compose/ui/node/NodeKindKt,164,226,72.57
c868c758549cfee0,androidx/compose/material3/DynamicTonalPaletteKt,164,308,53.25
0187837655e74289,androidx/compose/ui/graphics/vector/VectorPainterKt,164,294,55.78
e0ae8359e50af8d1,androidx/compose/runtime/external/kotlinx/collections/immutable/implementations/immutableMap/TrieNode,163,469,34.75
d393c69d21d9c5a0,kotlinx/coroutines/CancellableContinuationImpl,162,382,42.41
12969063a4177c17,org/jsoup/parser/CharacterReader,156,284,54.93
c203765f911ee166,androidx/compose/ui/node/NodeChain,154,580,26.55
04880a1155b6d1f5,androidx/compose/runtime/SlotReader,154,245,62.86
9f8ebba004efebcf,androidx/compose/runtime/Recomposer$runRecomposeAndApplyChanges$2,154,299,51.51
4183b9091a302ec5,androidx/compose/runtime/RecomposeScopeImpl,154,245,62.86
e3995a7c99da0cb8,androidx/compose/ui/layout/LayoutNodeSubcompositionsState,154,514,29.96
b5081c64c1be8635,kotlin/collections/CollectionsKt___CollectionsKt,153,1800,8.5
d465c07cb9c5cf92,androidx/compose/material3/internal/BasicTooltipKt,152,395,38.48
6e3ae86e5515d018,androidx/compose/ui/spatial/RectManager,151,298,50.67
6fd6ee993a437139,kotlin/reflect/jvm/internal/impl/serialization/deserialization/MemberDeserializer,151,262,57.63
8aa225ae5266ad78,okhttp3/HttpUrl$Builder,149,468,31.84
16fe3a062ed33d10,androidx/compose/ui/platform/AndroidCompositionLocals_androidKt,149,195,76.41
d28c028ba891a788,okhttp3/internal/connection/RealCall,145,320,45.31
dc1f5a01334f935b,androidx/compose/material3/DefaultSingleRowTopAppBarOverride,143,187,76.47
d406b311f323c78c,androidx/compose/material3/tokens/PaletteTokens,143,184,77.72
d976240a2091b3f3,kotlin/reflect/jvm/internal/impl/metadata/ProtoBuf$Annotation$Argument$Value,142,223,63.68
4f60cbe5e7a9d59f,androidx/compose/runtime/ComposerKt,141,317,44.48
b300b6fa22d620e7,kotlin/reflect/jvm/internal/impl/metadata/ProtoBuf$Type,136,284,47.89
d300bde0aac0a841,androidx/compose/animation/CrossfadeKt,136,233,58.37
b6a1be83cd3babc9,kotlin/reflect/jvm/internal/impl/metadata/ProtoBuf$Property,135,343,39.36
91278e68fc2393a2,androidx/room/TriggerBasedInvalidationTracker,135,265,50.94
35bc93d53c31437d,androidx/compose/ui/graphics/drawscope/CanvasDrawScope,134,273,49.08
df9cd0159265a46b,kotlin/reflect/jvm/internal/impl/serialization/deserialization/descriptors/DeserializedMemberScope$OptimizedImplementation,133,170,78.24
0829ce5f3683a3e6,kotlin/reflect/jvm/internal/impl/renderer/DescriptorRendererOptionsImpl,132,258,51.16
9bec4d04be483302,androidx/room/RoomDatabase,132,303,43.56
b54009ec1ec15f9e,androidx/compose/foundation/text/BasicTextKt,132,1104,11.96
73d15dfaa9ab65bd,org/kodein/di/internal/DITreeImpl,131,227,57.71
00df451686d9b7a7,androidx/collection/MutableScatterSet,129,393,32.82
41891c8f771e1893,coil3/disk/DiskLruCache,128,432,29.63
123c51dda923ea5d,okhttp3/CipherSuite,127,130,97.69
9556d39a1f805a93,androidx/compose/ui/platform/GraphicsLayerOwnerLayer,127,247,51.42
5fd3444c6aa70b06,com/nononsenseapps/feeder/ui/compose/feedarticle/FeedViewModel,126,276,45.65
a897332e1d3cb52d,kotlin/reflect/jvm/internal/impl/resolve/OverridingUtil,125,799,15.64
f6b8db5341d92e26,androidx/compose/runtime/snapshots/SnapshotIdSet,124,332,37.35
9f237d991919f528,androidx/compose/ui/node/BackwardsCompatNode,124,276,44.93
0764961474579105,androidx/compose/material3/ProgressIndicatorKt,123,1301,9.45
688eed5b27408c27,org/jsoup/parser/HtmlTreeBuilder,122,631,19.33
35212043ec7fd55a,androidx/compose/ui/node/DelegatingNode,121,199,60.8
079cf819545006d9,kotlin/reflect/jvm/internal/impl/load/java/SpecialGenericSignatures,120,126,95.24
9928491f11153391,androidx/compose/runtime/EffectsKt,120,194,61.86
48a909231ccee764,okio/ByteString,119,267,44.57
7fe99598f9ef29a1,com/nononsenseapps/feeder/db/room/FeedItemDao_Impl,119,1645,7.23
1056b2ce8a51c570,com/nononsenseapps/feeder/sync/SyncRestClient,118,484,24.38
eaadb044b6c0e1d0,androidx/compose/animation/CrossfadeKt$Crossfade$5$1,118,140,84.29
ca007d482c25cb92,androidx/compose/foundation/lazy/LazyListKt,117,247,47.37
b3b8666d02907b46,androidx/compose/ui/graphics/ColorKt,116,234,49.57
0440ff9ffbbd6d74,androidx/compose/material3/FloatingActionButtonKt,116,731,15.87
820b86a09bc270ee,kotlin/reflect/jvm/internal/impl/builtins/StandardNames$FqNames,116,116,100.0
f4b6af6cccd0b3a4,androidx/compose/runtime/changelist/ComposerChangeListWriter,115,201,57.21
faacf44570f60bde,androidx/compose/animation/AnimatedContentKt,114,282,40.43
22c310baa12b4a07,androidx/navigation/NavDeepLink,113,414,27.29
f5a6f0d02ed77523,androidx/compose/foundation/lazy/layout/LazyLayoutItemAnimator,113,393,28.75
700b665f77de0aef,androidx/compose/runtime/snapshots/SnapshotStateList,111,278,39.93
173c10dc8d6677c2,androidx/compose/ui/text/SpanStyleKt,110,241,45.64
4b843c60d1061b07,androidx/compose/material3/internal/colorUtil/HctSolver,110,135,81.48
2d3d26e51ef0ffab,androidx/compose/runtime/changelist/ChangeList,109,214,50.93
5ceeee664c774d28,okhttp3/OkHttpClient,109,184,59.24
0c1616aa2552d734,androidx/compose/ui/graphics/ReusableGraphicsLayerScope,108,139,77.7
742ac5131a3e14fe,kotlinx/coroutines/scheduling/CoroutineScheduler,108,306,35.29
45e4ab6246d67ccb,okhttp3/internal/connection/ConnectPlan,107,298,35.91
556750710555b04c,androidx/collection/MutableScatterMap,106,264,40.15
fbbfbbc7adf9ae55,okhttp3/internal/cache/DiskLruCache,105,434,24.19
d8b70f42fbd82868,okio/Options$Companion,105,128,82.03
efb8c640c698c7f6,androidx/paging/PageFetcherSnapshot,105,487,21.56
3fe3b841d74ad7f7,com/nononsenseapps/feeder/ui/compose/feed/ComposableSingletons$FeedScreenKt,104,460,22.61
fc0c623c1c744aa9,androidx/compose/ui/semantics/SemanticsPropertiesKt,104,284,36.62
931d192ec4ee6727,androidx/compose/ui/draw/PainterNode,104,202,51.49
6f00cf2a817b5e89,coil3/compose/AsyncImageKt,104,169,61.54
1eb156d6da301862,kotlin/reflect/jvm/internal/impl/builtins/jvm/JavaToKotlinClassMap,103,128,80.47
e96fd5c245bceb8e,androidx/lifecycle/LifecycleRegistry,103,140,73.57
8206bcd997a8828e,kotlin/reflect/jvm/internal/impl/name/StandardClassIds,102,106,96.23
5e24be7f9b16ef89,kotlinx/coroutines/scheduling/CoroutineScheduler$Worker,102,195,52.31
b5b1eb96a23fcaaa,kotlinx/coroutines/EventLoopImplBase,101,191,52.88
ce5833a37b98789e,com/squareup/moshi/JsonUtf8Reader,101,552,18.3
816ddde2af00073c,com/nononsenseapps/feeder/ui/text/HtmlToPlainTextConverter,98,177,55.37
45124ee1c533ccad,okhttp3/OkHttpClient$Builder,96,256,37.5
22b7571b273c1bc4,okhttp3/internal/http2/Http2Stream,95,258,36.82
f0a489f5fcfe5af2,kotlin/text/StringsKt__StringsKt,95,937,10.14
6bb3da8075c1aa86,coil3/intercept/EngineInterceptor,94,160,58.75
c4ae60a67f971468,androidx/compose/ui/node/LayoutNodeDrawScope,93,161,57.76
fcaa53a02b9b56b9,androidx/compose/material3/IconButtonKt,93,1061,8.77
bc593369cadc92e6,okio/RealBufferedSource,93,345,26.96
f7f535ab058dfe3a,androidx/compose/runtime/DerivedSnapshotState,93,134,69.4
7a1f790c33178e9e,androidx/compose/foundation/text/modifiers/TextAnnotatedStringNode,93,297,31.31
9704238ad9068c40,androidx/compose/ui/layout/InsetsListener,92,218,42.2
18b1f57ace0a640f,okhttp3/internal/_UtilCommonKt,92,274,33.58
4698b03b4f12a759,androidx/activity/ComponentActivity,92,339,27.14
970b530ea0886376,kotlin/reflect/jvm/internal/impl/metadata/ProtoBuf$ValueParameter,91,160,56.88
b628f5d914e8a9c1,com/nononsenseapps/feeder/ui/compose/navdrawer/ComposableSingletons$NavDrawerKt,91,111,81.98
ae740cec665d64b3,okhttp3/internal/http2/Http2Connection,90,346,26.01
7649248d2f38cc3a,androidx/compose/foundation/text/modifiers/TextStringSimpleNode,90,197,45.69
19f5705b2e0453b2,coil3/network/NetworkFetcher,90,244,36.89
2105df29464a2239,androidx/compose/foundation/layout/WindowInsetsHolder,90,128,70.31
eba8eb9fdd1b5b3a,com/nononsenseapps/feeder/db/room/FeedItemDao_Impl$pagingPreviews$1,89,131,67.94
7d2feda4d18fa9a8,kotlin/reflect/jvm/internal/impl/metadata/ProtoBuf$TypeParameter,89,179,49.72
b9ea03120166d5e2,kotlin/reflect/jvm/internal/impl/serialization/deserialization/descriptors/DeserializedClassDescriptor,89,185,48.11
c8fd79e7bbd6baff,kotlin/reflect/jvm/internal/impl/types/error/ErrorTypeKind,89,93,95.7
5862a5d13e7921df,kotlin/collections/ArrayDeque,88,381,23.1
8f8893f2412d62f2,okhttp3/internal/concurrent/TaskRunner,88,145,60.69
7ec16b699a3615c5,androidx/compose/runtime/internal/RememberEventDispatcher,87,189,46.03
fe36015f8ffbd9d4,com/nononsenseapps/feeder/db/room/FeedItem,86,302,28.48
045537108e5df4c0,com/nononsenseapps/feeder/ui/compose/theme/TypographyKt,85,220,38.64
559e6e581eed68b9,androidx/compose/material3/TopAppBarDefaults,85,351,24.22
1f12094dbfde1f34,androidx/compose/ui/text/android/TextLayout,85,313,27.16
57b2b87c3038db21,okhttp3/internal/_CacheControlCommonKt,84,127,66.14
23f95a4c77ac31c1,androidx/compose/runtime/SnapshotStateKt__ProduceStateKt,84,125,67.2
5e4d63138d17f169,androidx/compose/animation/core/Transition$TransitionAnimationState,83,189,43.92
e3bc9735ee9e47e4,coil3/compose/AsyncImagePainter,83,153,54.25
2b998faeff239294,kotlin/reflect/jvm/internal/impl/serialization/deserialization/TypeDeserializer,82,203,40.39
7f8f169c652e6789,androidx/compose/ui/text/AndroidParagraph,82,284,28.87
77c6acb7d0792901,androidx/collection/MutableIntObjectMap,81,189,42.86
4c35058bb8be03ab,com/squareup/moshi/kotlin/reflect/KotlinJsonAdapterFactory,81,180,45.0
c41f2fb25c42623b,okhttp3/internal/http2/Hpack,81,84,96.43
242e5f4388abb2ca,kotlin/reflect/jvm/internal/impl/protobuf/FieldSet,80,270,29.63
babb78e0746e72d4,androidx/compose/material3/tokens/ShapeTokens,80,87,91.95
03bc86ffe15363fd,androidx/compose/runtime/snapshots/SnapshotStateObserver,80,169,47.34
ec8b6d24d77de038,androidx/compose/animation/core/AnimateAsStateKt,80,388,20.62
54a934894835ba4d,com/nononsenseapps/feeder/archmodel/FeedItemStore,79,196,40.31
9db811e6f2ff9b45,androidx/compose/ui/graphics/layer/GraphicsLayerV29,78,166,46.99
578724c66470b13d,kotlin/reflect/jvm/internal/impl/protobuf/CodedInputStream,78,252,30.95
d6593f96b638c8b7,androidx/compose/material3/IconKt,78,249,31.33
65393d59fdc19d0b,org/jsoup/parser/TokeniserState,78,174,44.83
d36aea26cdfb5de8,okhttp3/ConnectionSpec,77,114,67.54
db6022098a83dd33,androidx/compose/ui/graphics/vector/VectorComposeKt,77,260,29.62
fea917d0f8916e4c,com/nononsenseapps/feeder/ui/MainActivity,77,107,71.96
470255f32928f426,androidx/compose/ui/text/ParagraphStyleKt,76,115,66.09
fd20ebd5029f76dd,kotlin/reflect/jvm/internal/impl/metadata/deserialization/ProtoTypeTableUtilKt,75,157,47.77
e32464d50831662f,okhttp3/Dispatcher,75,153,49.02
6658d69c65ade5d4,com/nononsenseapps/feeder/ui/compose/feed/FeedItemIndicatorKt,75,393,19.08
8dcd652f7cc527d7,androidx/compose/ui/layout/SubcomposeLayoutKt,75,105,71.43
d397b0ebb854ed8e,kotlin/reflect/jvm/internal/impl/metadata/jvm/deserialization/JvmNameResolverBase,75,93,80.65
439b99c023a11b80,androidx/compose/ui/semantics/SemanticsProperties,74,86,86.05
8ffa18e529711afe,androidx/compose/ui/unit/ConstraintsKt,74,136,54.41
bf1c6fdac31a3409,androidx/collection/MutableObjectIntMap,74,186,39.78
48995565bcb58b13,androidx/compose/material3/TooltipKt,74,918,8.06
23371f5295dbe494,androidx/compose/material3/tokens/ColorLightTokens,74,97,76.29
a42edcf343b56277,androidx/compose/ui/graphics/Color,74,129,57.36
f330ca3edbb2d813,coil3/request/ImageRequest$Builder,74,174,42.53
66a9e5f4a66e79f9,androidx/activity/compose/PredictiveBackHandlerKt,74,137,54.01
1d28228bd75f0df7,com/nononsenseapps/feeder/ui/compose/feedarticle/FeedState,73,245,29.8
fd12ba9822f0826b,com/nononsenseapps/feeder/ui/compose/feedarticle/FeedViewModel$special$$inlined$combine$1$3,73,102,71.57
d59ff743599a72fb,okio/internal/-Path,73,325,22.46
9391886077d1bcd4,androidx/compose/runtime/snapshots/Snapshot$Companion,73,182,40.11
089d79f9791a94bf,kotlin/reflect/jvm/internal/impl/metadata/jvm/JvmProtoBuf$JvmPropertySignature,73,154,47.4
a97fa445350fbf4c,kotlin/collections/ArraysKt___ArraysKt,72,10827,0.67
23f9e43130d81f13,androidx/compose/runtime/saveable/SaveableStateHolderImpl,72,113,63.72
2cd234363225654d,androidx/compose/foundation/layout/SizeKt,72,221,32.58
8646d4d167b6c49a,androidx/compose/runtime/SnapshotStateKt__SnapshotFlowKt$snapshotFlow$1,72,108,66.67
2018d758cc86aa01,androidx/compose/foundation/AbstractClickableNode,72,289,24.91
05d4ea22e0321538,kotlinx/coroutines/flow/StateFlowImpl,72,96,75.0
d2fde0f362688ed9,com/nononsenseapps/feeder/db/room/Feed,72,174,41.38
38dea51406301bb8,androidx/activity/compose/BackHandlerKt,71,129,55.04
bb516b0b190ecda9,org/jsoup/parser/HtmlTreeBuilderState$6,71,577,12.31
f7118dbeb92bf254,androidx/compose/runtime/DerivedSnapshotState$ResultRecord,71,89,79.78
8042c0b2f17ba222,androidx/compose/foundation/layout/BoxKt,71,156,45.51
71518eb4a6208e08,okhttp3/internal/_HeadersCommonKt,71,162,43.83
93a80dd5a4e5065f,androidx/compose/animation/core/SuspendAnimationKt,71,162,43.83
692705ad9cdb8fde,androidx/compose/foundation/gestures/AnchoredDraggableState,71,222,31.98
e432d28d17a58201,androidx/compose/material3/tokens/ColorDarkTokens,70,97,72.16
aff20597ce7e69a2,kotlin/reflect/jvm/internal/impl/resolve/scopes/DescriptorKindFilter,70,128,54.69
7ea49bf44d4e3241,androidx/compose/ui/node/LookaheadCapablePlaceable,70,293,23.89
a859269426d76e3e,androidx/compose/foundation/lazy/LazyListState,69,242,28.51
cd392f95a0d70e34,androidx/compose/foundation/layout/RowColumnMeasurePolicyKt,69,118,58.47
18a40c15bc8aa543,androidx/compose/ui/graphics/drawscope/DrawScope,69,378,18.25
b3b3adc16ee1e5fe,androidx/compose/ui/text/MultiParagraph,69,412,16.75
439725b5fdcfa184,androidx/compose/ui/text/SpanStyle,69,510,13.53
5f761c98e82749ca,androidx/compose/material3/SurfaceKt,68,194,35.05
ad5d409948be0156,androidx/navigation/NavDestination,68,245,27.76
1731f4664a3ae15c,kotlin/reflect/jvm/internal/KDeclarationContainerImpl,68,195,34.87
a5e9fe3dfb0328ad,org/jsoup/parser/Tokeniser,68,173,39.31
0ff8985ee2c364e2,androidx/compose/ui/graphics/colorspace/Rgb$Companion,68,131,51.91
4cf27ae77456b110,androidx/compose/ui/text/platform/extensions/TextPaintExtensions_androidKt,68,125,54.4
122d32287c2fc4e1,androidx/compose/foundation/lazy/LazyListMeasuredItem,68,156,43.59
a0febdd81c278695,androidx/navigation/compose/DialogHostKt,67,140,47.86
2eb96c59dc84ecf9,org/jsoup/parser/TagSet,67,110,60.91
7e13b72baa42b905,androidx/compose/ui/platform/CompositionLocalsKt,67,104,64.42
0202a3463ee9e28b,androidx/navigation/NavController,67,658,10.18
167c633bfea13653,kotlinx/coroutines/internal/LockFreeLinkedListNode,67,105,63.81
ae60d2c632b7ce51,androidx/compose/runtime/SlotWriter$Companion,66,115,57.39
b267f502a42a938d,androidx/paging/PagingDataPresenter,66,153,43.14
7bbba8048418e52b,kotlin/reflect/jvm/internal/impl/builtins/jvm/JvmBuiltInsSignatures,66,77,85.71
3d5111d84767b53b,androidx/compose/material3/AndroidMenu_androidKt,66,357,18.49
027f44c676957323,kotlin/sequences/SequencesKt___SequencesKt,65,1096,5.93
35c1999e1b1bb28a,com/nononsenseapps/feeder/ui/compose/navigation/FeedDestination,65,111,58.56
4fce92344a35da4c,coil3/compose/CrossfadePainter,65,127,51.18
0584e762b04ec39d,kotlin/reflect/jvm/internal/impl/serialization/deserialization/descriptors/DeserializedClassDescriptor$DeserializedClassMemberScope,65,84,77.38
52d20e1fea61c4fa,coil3/RealImageLoader,65,163,39.88
67401f0b8cec0121,com/squareup/moshi/internal/Util,65,251,25.9
d7f34367281c458d,androidx/navigationevent/NavigationEventProcessor,65,283,22.97
46985fbd63f9e7b8,com/nononsenseapps/feeder/model/PreviewItem,65,218,29.82
ecb4aff206c21612,androidx/compose/ui/graphics/vector/PathParserKt,64,156,41.03
58e873fc04ee1a05,com/nononsenseapps/feeder/model/gofeed/FeederGoItem,64,111,57.66
f88b110de015102c,androidx/compose/material3/MaterialThemeKt,64,214,29.91
9b7e2e7aaf5e65d7,androidx/compose/runtime/internal/ComposableLambdaImpl,64,310,20.65
96ce42280f011bc3,androidx/compose/ui/spatial/RectList,63,259,24.32
a39b0e922e5ac637,kotlin/collections/ArraysKt___ArraysJvmKt,63,1082,5.82
0508ba3dda412377,androidx/compose/ui/platform/AbstractComposeView,63,148,42.57
258b3385f7ceb7e2,com/nononsenseapps/feeder/model/RssLocalSync$syncFeeds$time$1$1,63,84,75.0
80076e617ce78a68,androidx/compose/runtime/Pending,63,166,37.95
c8f3b60f2bf66c7d,androidx/compose/runtime/changelist/Operations,63,214,29.44
46753b98286eae79,org/jsoup/parser/TreeBuilder,63,144,43.75
824452a331b82981,kotlin/reflect/jvm/internal/impl/metadata/ProtoBuf$Annotation,62,93,66.67
ec0819b30cd35202,okhttp3/internal/http2/Hpack$Reader,62,109,56.88
23248eea2a91ddeb,androidx/compose/runtime/saveable/RememberSaveableKt,62,118,52.54
1c6d1bcde9de5171,androidx/compose/ui/platform/WindowRecomposer_androidKt,62,90,68.89
6d1c8872bad87ede,okhttp3/internal/http2/Http2Reader,61,163,37.42
4537a08c3be0fdd3,okhttp3/internal/http2/Http2Writer,61,179,34.08
58f946b8b5fe0ea9,androidx/compose/material3/SurfaceKt$Surface$1,61,67,91.04
83ab5ff73c0b8675,androidx/compose/ui/graphics/vector/VectorComponent,61,89,68.54
f607ab2f3a206173,androidx/compose/ui/Modifier$Node,61,97,62.89
7a85e06ae37b102b,kotlin/reflect/jvm/internal/impl/metadata/jvm/deserialization/JvmProtoBufUtil,61,101,60.4
d425df3c1d82a47f,kotlin/reflect/jvm/internal/impl/name/FqNameUnsafe,61,123,49.59
324102fd1e46196c,androidx/compose/ui/layout/Placeable$PlacementScope,61,204,29.9
399d7cd9e2e11a41,com/nononsenseapps/feeder/ui/compose/material3/SwipeableState,61,223,27.35
5fc32a1b7e75ca39,androidx/compose/runtime/SlotTableKt,60,196,30.61
1c9cabee9f6e8137,androidx/compose/ui/graphics/vector/GroupComponent,60,152,39.47
f9e6d4cec2920002,com/nononsenseapps/feeder/ui/compose/utils/ComposeProvidersKt,60,154,38.96
86c879042849a645,com/nononsenseapps/feeder/background/RssSyncJobKt,60,83,72.29
4d6443a3b5cbaeb4,androidx/compose/animation/core/InfiniteTransitionKt,60,115,52.17
9a402fc3500d5430,kotlinx/coroutines/sync/SemaphoreAndMutexImpl,59,183,32.24
799054de2a72926b,androidx/compose/animation/AnimatedContentKt$AnimatedContent$6$1,59,74,79.73
0e4affff68808f28,kotlin/reflect/jvm/internal/impl/metadata/jvm/JvmProtoBuf,59,59,100.0
f483a2f089b08720,androidx/compose/material3/FloatingActionButtonElevation,59,83,71.08
107457a5d6fc2f2a,com/nononsenseapps/feeder/db/room/RemoteReadMarkDao_Impl,59,85,69.41
97fc2277bd66ab23,kotlin/reflect/jvm/internal/impl/builtins/KotlinBuiltIns,58,569,10.19
3655eb89499b1020,androidx/compose/ui/graphics/GraphicsLayerModifierKt,58,204,28.43
223bcab0fe1ff8ff,com/nononsenseapps/feeder/ui/compose/material3/SwipeableStateKt,58,267,21.72
b3a2ee937744c49c,androidx/compose/foundation/lazy/LazyListKt$rememberLazyListMeasurePolicy$1$1,58,96,60.42
b82a3093ba3bc2c9,androidx/sqlite/driver/SupportSQLiteStatement$RowSQLiteStatement,58,100,58.0
2aa9a05047ad952d,kotlin/reflect/jvm/internal/impl/resolve/DescriptorUtils,58,403,14.39
48ebbfee7eaa8858,coil3/memory/MemoryCacheService,57,136,41.91
d64bc0d6b5ed6194,androidx/compose/ui/node/AlignmentLines,57,95,60.0
44f331ea18014904,androidx/compose/ui/node/LayoutNodeLayoutDelegate,57,161,35.4
34bd987d776c9e6b,androidx/compose/runtime/collection/ScopeMap,57,219,26.03
00416f18ae28897f,androidx/savedstate/internal/SavedStateRegistryImpl,57,121,47.11
f00efc2406bea3cb,androidx/compose/runtime/collection/MutableVector,57,355,16.06
d36a34b0dc6b915e,androidx/startup/AppInitializer,57,85,67.06
58f8ba09aaa4430e,androidx/paging/PageFetcher$flow$1$2,57,83,68.67
919d1e5f7b28ae16,androidx/compose/animation/core/VectorizedKeyframesSpec,57,155,36.77
ae7ca94a1b2d43ec,androidx/compose/animation/core/InfiniteTransition,57,77,74.03
84111f1f0ce335ad,org/jsoup/parser/TokenQueue,56,210,26.67
20109fd84f16f3bb,kotlin/reflect/jvm/internal/KClassImpl$Data,56,90,62.22
d74269ae80635822,com/nononsenseapps/feeder/ui/compose/readaloud/ReadAloudPlayerKt,56,406,13.79
45b37b6fe1ff58c2,kotlin/reflect/jvm/internal/impl/metadata/ProtoBuf$Package,56,181,30.94
5f6a9a65c9665f6b,androidx/compose/ui/graphics/colorspace/Rgb,56,160,35.0
4e96dc959e553882,androidx/compose/ui/graphics/colorspace/ColorSpaces,56,139,40.29
3e7ab602d6a348a8,com/nononsenseapps/feeder/ui/compose/utils/WindowSizeKt,56,133,42.11
edbcf7ab87df0a76,kotlin/reflect/jvm/internal/impl/metadata/ProtoBuf$Annotation$Argument$Value$Builder,56,135,41.48
69e03e38d1f21900,kotlin/reflect/jvm/internal/impl/descriptors/impl/FunctionDescriptorImpl,56,368,15.22
3c08514e443f768a,kotlinx/serialization/json/internal/StreamingJsonDecoder,56,257,21.79
e20eaedb046fcd64,org/jsoup/select/QueryParser,55,319,17.24
4d0244b1aa5684db,org/jsoup/parser/Token$Tag,55,139,39.57
517286f0426819c4,com/nononsenseapps/feeder/archmodel/SyncRemoteStore,55,95,57.89
b650a86f0f4a9c0f,okhttp3/internal/http2/Hpack$Writer,55,107,51.4
45ee58ce553adb4c,okhttp3/internal/http2/Http2Stream$FramingSource,55,106,51.89
edc811143b7d7286,kotlin/reflect/jvm/internal/impl/metadata/ProtoBuf$PackageFragment,55,151,36.42
b5b43f9511b9ce76,kotlin/collections/builders/MapBuilder,55,252,21.83
251f30a57a5c5805,androidx/navigation/internal/NavBackStackEntryImpl,55,109,50.46
10330d52d0acf11c,androidx/navigation/internal/NavDestinationImpl,55,150,36.67
7786d47e51e40ef1,androidx/compose/foundation/layout/SizeNode,55,133,41.35
e3ffc3ab741ab5f0,kotlin/reflect/jvm/internal/impl/descriptors/impl/ModuleDescriptorImpl,54,87,62.07
89c6d64aff8e44c3,kotlinx/serialization/json/internal/StreamingJsonEncoder,54,170,31.76
ed65d54ae323be62,okhttp3/internal/_UtilJvmKt,54,222,24.32
312ebf8fdb85d37d,coil3/request/ImageRequest$Defaults,54,130,41.54
52533128f5597b56,androidx/compose/material/icons/filled/VisibilityOffKt,54,54,100.0
f6ea9861770a2995,androidx/compose/material3/Typography,54,387,13.95
b2797edd5e972131,kotlinx/coroutines/channels/BufferedChannelKt,54,71,76.06
499c40d290a90cdd,androidx/compose/foundation/text/modifiers/ParagraphLayoutCache,54,153,35.29
2cf89ded4f5244e2,coil3/compose/internal/AbstractContentPainterNode,54,179,30.17
6057fc1a213f7a86,coil3/RealImageLoaderKt,53,58,91.38
1e47059a4dcedf8d,androidx/compose/ui/text/AnnotatedString,53,230,23.04
f68a484a3212863f,kotlin/reflect/jvm/internal/impl/load/java/JavaNullabilityAnnotationSettingsKt,53,65,81.54
a10a24be8063488f,androidx/paging/PageStore,53,139,38.13
9e46b4e60ce50bb1,androidx/compose/animation/core/VectorizedFloatAnimationSpec,53,63,84.13
e6b1aecfc5f74305,okio/RealBufferedSink,53,207,25.6
3edd15f925233d07,androidx/compose/ui/text/android/TextLayout_androidKt,53,95,55.79
5c8644fab21b3c29,androidx/emoji2/text/EmojiCompat,53,182,29.12
e88e939597c5d6b7,androidx/compose/foundation/lazy/layout/LazyLayoutKt$LazyLayout$2,53,59,89.83
b869b5d924b64c91,okhttp3/HttpUrl,52,168,30.95
a9d04a46fcb778ce,androidx/compose/foundation/lazy/LazyDslKt,52,690,7.54
c7ccfeec58fb48f9,kotlin/reflect/jvm/internal/impl/metadata/jvm/JvmProtoBuf$JvmMethodSignature,52,81,64.2
fb83cadd7e5225ab,androidx/paging/PageFetcherSnapshotState,52,166,31.33
e52eae4dcdcdc832,androidx/compose/ui/platform/AndroidUiDispatcher,52,67,77.61
3d823cd6cd26d525,androidx/collection/MutableIntSet,52,180,28.89
81252188b5e8cc36,androidx/lifecycle/compose/LifecycleEffectKt,52,578,9.0
8262fe9613eaf6ec,androidx/navigation/NavBackStackEntry,52,113,46.02
2ed3d92d7bb81127,coil3/request/AndroidRequestService,52,143,36.36
cb37dee469986231,androidx/navigation/internal/NavGraphImpl,52,245,21.22
6b228f30ed2756f8,androidx/collection/ScatterMap,52,376,13.83
6f60ec8146642102,com/squareup/moshi/AdapterMethodsFactory,51,95,53.68
27d2d7341f396a91,androidx/compose/ui/platform/AndroidComposeViewAccessibilityDelegateCompat,51,1987,2.57
c4e2a629427be8fc,androidx/paging/PageEvent$Insert,51,245,20.82
5fac5e0118e5d1d8,androidx/compose/ui/text/AnnotatedString$Builder,51,210,24.29
61e1380a9e608e8e,okhttp3/Cache$Entry,51,155,32.9
1cabc88eeba77025,androidx/compose/runtime/BroadcastFrameClock,51,87,58.62
87f1efe99f49a75e,androidx/compose/ui/graphics/AndroidCanvas,51,142,35.92
94bf6f16c5c3ae4c,androidx/compose/ui/graphics/vector/ImageVector$Builder,51,114,44.74
293764db3eede0ae,androidx/compose/material3/tokens/ColorSchemeKeyTokens,51,53,96.23
14b867bb9c5cf867,androidx/compose/animation/EnterExitTransitionModifierNode,51,129,39.53
a88826848a707df7,com/nononsenseapps/feeder/di/NetworkModuleKt,51,63,80.95
54e8940ea0b9baa3,okhttp3/internal/connection/RealConnectionPool,51,154,33.12
a22cc17e27b4187c,androidx/compose/ui/graphics/vector/PathComponent,51,89,57.3
a9f1635c91104511,androidx/compose/ui/node/TraversableNodeKt,51,476,10.71
562a745cb07af7a7,androidx/compose/material3/CardKt,50,464,10.78
a49fee5588822a3a,androidx/compose/material3/TopAppBarMeasurePolicy,50,124,40.32
e837a2d0660f21d7,com/nononsenseapps/feeder/ui/compose/pullrefresh/PullToRefreshStateKt,50,61,81.97
f7e01346e3870a97,com/nononsenseapps/feeder/db/room/FeedItemDao_Impl$1,50,74,67.57
9c87ed2652a4b078,androidx/compose/material3/ColorSchemeKt$WhenMappings,50,98,51.02
20cc931818797824,okhttp3/internal/connection/RealConnection,50,205,24.39
f8b876eaafe037da,okhttp3/internal/http2/Huffman,50,50,100.0
7d4bf2d84979bbc1,okio/internal/-Buffer,50,859,5.82
e1b4495d28ac2169,androidx/compose/material3/SurfaceKt$Surface$2,49,55,89.09
5c14f5803e8a1648,kotlin/reflect/jvm/internal/impl/metadata/builtins/BuiltInsProtoBuf,49,49,100.0
eb915651d0072e8d,kotlin/reflect/jvm/internal/impl/descriptors/DescriptorVisibilities,49,114,42.98
5892b2cf52e05fef,androidx/compose/foundation/layout/BoxMeasurePolicy,49,69,71.01
11b3f312ae4afea9,kotlin/reflect/jvm/internal/impl/load/java/lazy/descriptors/LazyJavaClassDescriptor,49,112,43.75
4fd892320899434b,coil3/UriKt,49,158,31.01
d7d5054eff471b86,kotlinx/serialization/SealedClassSerializer,49,64,76.56
cc5bfd7f88f84ee9,coil3/ComponentRegistry,49,74,66.22
682a8fb884e55a72,kotlin/reflect/jvm/internal/impl/metadata/deserialization/Flags,49,61,80.33
7c2f4d6d374b4455,okhttp3/internal/connection/RealRoutePlanner,48,153,31.37
cc107bf03d5b6cc6,com/nononsenseapps/feeder/ui/compose/navigation/NavigationDestination,48,62,77.42
b27132795a1054e5,com/nononsenseapps/feeder/model/FeedParserKt,48,158,30.38
099632d2206ae91b,okhttp3/internal/connection/RouteSelector,48,88,54.55
38c4ce373f555cf1,kotlin/reflect/jvm/internal/impl/protobuf/CodedOutputStream,48,162,29.63
3eb460f03196b3b3,okhttp3/internal/connection/Exchange,48,107,44.86
af5509a28c9a77e3,kotlinx/serialization/json/internal/JsonNamesMapKt,48,167,28.74
b613f98791f423c3,kotlin/reflect/jvm/internal/impl/load/kotlin/DeserializedDescriptorResolver,48,102,47.06
508f500d3eb5dc27,okhttp3/internal/http2/Http2Connection$ReaderRunnable,47,147,31.97
9385b09f468566bd,kotlinx/coroutines/internal/DispatchedContinuation,47,183,25.68
7a074540bf96654a,okhttp3/Response$Builder,47,106,44.34
21905d358af702f1,androidx/compose/ui/unit/Constraints,47,88,53.41
de42d9753f56c105,androidx/compose/ui/text/MultiParagraphIntrinsics,47,84,55.95
563bb8f87b37af6f,androidx/compose/runtime/SlotTable,47,524,8.97
43356dca287318e4,coil3/ComponentRegistry$Builder,47,58,81.03
7e8b5f9bb0183e81,androidx/collection/MutableOrderedScatterSet,46,458,10.04
6b1cc925d923ab7b,kotlin/reflect/jvm/internal/impl/serialization/deserialization/ProtoEnumFlags$WhenMappings,46,83,55.42
8189bb913c66d5c2,coil3/compose/SingletonAsyncImageKt,46,73,63.01
9206b683bf732e2b,kotlin/reflect/jvm/internal/impl/metadata/ProtoBuf$Type$Argument,46,108,42.59
61a3c28eed8d6a95,androidx/room/RoomDatabase$Builder,45,175,25.71
13c227be34dac85e,androidx/compose/runtime/saveable/SaveableStateRegistryImpl,45,103,43.69
50a148c121609366,okhttp3/internal/http/CallServerInterceptor,45,115,39.13
ce73b23147ef10c8,androidx/compose/ui/node/InnerNodeCoordinator,45,97,46.39
07d5617cf706a13e,androidx/compose/foundation/gestures/ScrollableNode,45,138,32.61
b730f879f1fa4b1b,androidx/sqlite/db/framework/FrameworkSQLiteDatabase,45,158,28.48
5c85e443c2b24fb4,com/nononsenseapps/feeder/archmodel/SettingsStoreKt,45,74,60.81
a21a8518d9e5fb6e,androidx/compose/ui/text/platform/AndroidParagraphIntrinsics,44,61,72.13
a99db36446c1b5e6,androidx/navigation/compose/NavBackStackEntryProviderKt,44,71,61.97
19836c9719fe268e,com/nononsenseapps/feeder/db/room/FeedItemDaoKt,44,64,68.75
465a6c6805871e25,androidx/work/impl/utils/ForceStopRunnable,44,115,38.26
0da5b14084c44b97,androidx/room/InvalidationTracker,44,170,25.88
1f485d460ee899d6,kotlin/reflect/jvm/internal/impl/descriptors/runtime/structure/ReflectClassUtilKt,44,84,52.38
9a12ad1687632cd3,androidx/compose/material3/TooltipKt$TooltipBox$wrappedContent$1,44,54,81.48
9ce145f1323df56d,androidx/activity/compose/ActivityResultRegistryKt,44,51,86.27
83838ae36932bee1,com/nononsenseapps/feeder/archmodel/FeedStore,44,123,35.77
9f5932a220d7c83b,androidx/compose/ui/node/LayoutModifierNodeCoordinator,43,153,28.1
352f06d256150379,androidx/compose/ui/semantics/SemanticsActions,43,61,70.49
3f32f75c30507ea0,androidx/room/RoomConnectionManager,43,79,54.43
75873dadf6a4996b,kotlinx/serialization/internal/PluginGeneratedSerialDescriptor,43,87,49.43
76c277ca27a77428,okhttp3/Address,43,84,51.19
1671e6379c891b57,com/nononsenseapps/feeder/db/room/AppDatabase_Impl,43,50,86.0
123dc20405d04da8,kotlinx/serialization/json/internal/StringJsonLexer,43,104,41.35
a54791d262e78ea3,androidx/compose/runtime/Recomposer$recompositionRunner$2,43,84,51.19
9d4f0d1c8b49e209,androidx/work/impl/model/WorkSpecDao_Impl,43,1265,3.4
c91bf4e555661372,kotlinx/coroutines/DispatchedTaskKt,43,88,48.86
c15c8197cc87b7b4,androidx/compose/ui/graphics/BezierKt,43,445,9.66
b475a0f8997e4c7f,okhttp3/internal/url/_UrlKt,42,154,27.27
cf98ec17bdbe7c75,com/nononsenseapps/feeder/ui/compose/text/ExtensionsKt,42,52,80.77
262de8a13f1a1215,kotlin/reflect/jvm/internal/impl/name/ClassId,42,107,39.25
05b13f2ef08d0ddc,com/nononsenseapps/feeder/db/room/FeedDao_Impl$4,42,58,72.41
3d833b46952ce086,androidx/compose/animation/core/SpringEstimationKt,42,130,32.31
3cc323e8e655edc0,kotlinx/coroutines/internal/ThreadSafeHeap,42,134,31.34
1bae28459c101afb,org/kodein/di/internal/DIContainerBuilderImpl,42,61,68.85
f22eecf4581c73ec,com/nononsenseapps/feeder/ui/compose/theme/FeederTypography,42,42,100.0
d6a93f8b7505a401,kotlinx/coroutines/channels/BufferedChannel$BufferedChannelIterator,42,133,31.58
b8d9cf6b120bddd2,kotlin/reflect/jvm/internal/impl/descriptors/impl/PropertyDescriptorImpl,42,313,13.42
b9a84a76fd52577a,kotlinx/coroutines/DefaultExecutor,42,125,33.6
a15626c5cb7ff2c5,androidx/paging/MutableCombinedLoadStateCollection,42,79,53.16
104af992bd42aa63,androidx/compose/ui/graphics/colorspace/ColorSpaceKt,42,103,40.78
b24ef7a13e2a1bb0,kotlin/reflect/jvm/internal/impl/metadata/ProtoBuf$Annotation$Argument,41,91,45.05
69572dd5c24fa600,androidx/sqlite/db/framework/FrameworkSQLiteOpenHelper$OpenHelper,41,107,38.32
455443de016ee54e,org/jsoup/internal/StringUtil,41,167,24.55
2d987c4349f15b6f,androidx/work/impl/WorkManagerImpl,41,175,23.43
827a92f6079df2e1,kotlin/reflect/jvm/internal/impl/builtins/jvm/JvmBuiltInsCustomizer,41,261,15.71
ecb84bca70937182,androidx/compose/material3/FloatingActionButtonKt$FloatingActionButton$3$1,41,46,89.13
15ede3d6c5f33aa9,androidx/compose/ui/node/RulerTrackingMap,41,80,51.25
46c1168da01c5a34,androidx/room/TriggerBasedInvalidationTracker$syncTriggers$2$1,41,57,71.93
fbc644b59f9b8a84,androidx/core/view/WindowInsetsCompat$Impl20,41,205,20.0
b636a817436f4cf0,okhttp3/internal/cache/CacheInterceptor,41,108,37.96
53632a685aeef1a8,kotlin/reflect/jvm/internal/impl/metadata/ProtoBuf$Constructor,41,128,32.03
da4d1887371b828a,kotlinx/coroutines/JobSupport$Finishing,41,70,58.57
63ac6b8ee54f35e8,kotlin/reflect/jvm/internal/impl/storage/LockBasedStorageManager,41,123,33.33
0a5d489d097ad122,kotlin/reflect/jvm/internal/impl/metadata/jvm/JvmProtoBuf$JvmPropertySignature$Builder,41,103,39.81
e9efbd953de8d32f,org/jsoup/internal/SimpleStreamReader,41,55,74.55
2df82e7f77e50968,androidx/compose/foundation/layout/PaddingKt,41,101,40.59
90b69d563c17ae2a,okhttp3/internal/connection/FastFallbackExchangeFinder,41,69,59.42
f913ae1d5b07ac12,androidx/compose/foundation/text/modifiers/MultiParagraphLayoutCache,40,164,24.39
17a046155a7a2afd,org/jsoup/nodes/Entities,40,155,25.81
e02fe8d2bd5f16bc,androidx/room/BaseRoomConnectionManager,40,208,19.23
b92b36bf76d933b1,com/nononsenseapps/feeder/ui/compose/theme/SensibleTopAppBarKt,40,70,57.14
2190a3a3a4de8a03,androidx/compose/foundation/lazy/layout/MutableIntervalList,40,67,59.7
6fb50a83a6a62d9c,androidx/lifecycle/SavedStateHandlesProvider,40,95,42.11
4f2462f1efcdadca,okhttp3/Request$Builder,40,101,39.6
090618f769668bae,kotlin/reflect/jvm/internal/UtilKt,40,280,14.29
df34950478d346c1,androidx/compose/material3/IconButtonDefaults,40,627,6.38
227170e2a8ba2f08,com/nononsenseapps/feeder/db/room/FeedDao_Impl$5,40,59,67.8
719fec5255f05e92,com/nononsenseapps/feeder/model/gofeed/GoFeedExtensionsKt,40,151,26.49
e40e6e204b2c996c,androidx/compose/material3/MinimumInteractiveModifierNode,40,52,76.92
d872428f29b38ab7,androidx/compose/ui/graphics/BlendMode,40,105,38.1
10568ba10386a3b5,okhttp3/internal/platform/Android10Platform,40,77,51.95
657b4bde7bdd49f5,androidx/compose/material3/ScaffoldKt$ScaffoldLayout$bodyContent$1$1,40,46,86.96
f931c26782f9047e,androidx/compose/material/icons/outlined/ErrorOutlineKt,40,40,100.0
85516fb27553e053,androidx/compose/material3/CardDefaults,40,229,17.47
4dfb27c8f51a7dc9,kotlinx/coroutines/flow/FlowKt,39,166,23.49
c14d1c272d7993ad,com/squareup/moshi/Moshi,39,89,43.82
00f03106b4764043,com/nononsenseapps/feeder/db/room/SyncRemoteDao_Impl,39,115,33.91
fa1b8f121a1e68bc,org/jsoup/nodes/Attributes,39,271,14.39
bdbb7f5ac5112f61,androidx/compose/material3/internal/colorUtil/Cam$Companion,39,88,44.32
9066e61d45547985,androidx/collection/ArraySet,39,239,16.32
01bb034dd1bff9f8,androidx/compose/material3/DividerKt,39,182,21.43
41a33c613c5ace65,androidx/compose/runtime/PrioritySet,39,83,46.99
27935924421b0ca5,kotlinx/coroutines/internal/DispatchedContinuationKt,39,143,27.27
9a6284e5e4b0cadb,androidx/compose/ui/text/AndroidParagraph_androidKt,39,85,45.88
829aa4f0268253f8,kotlinx/coroutines/DispatchedTask,39,62,62.9
9678457b5cfd7ce6,androidx/lifecycle/internal/SavedStateHandleImpl,39,88,44.32
8aecec5484f5f562,kotlin/reflect/jvm/internal/impl/protobuf/SmallSortedMap,39,95,41.05
680be9dbe0c5964c,com/nononsenseapps/feeder/ui/compose/theme/DimensionsKt,39,77,50.65
e1e017758d79ac73,kotlin/reflect/jvm/internal/impl/name/StandardClassIdsKt,39,39,100.0
cca533baa28366cd,androidx/compose/foundation/lazy/layout/LazySaveableStateHolder,39,66,59.09
4a3d91909860bfdb,org/kodein/di/internal/DIContainerImpl,39,155,25.16
5430db28bd3caf78,androidx/compose/runtime/snapshots/TransparentObserverMutableSnapshot,39,62,62.9
067787285590155f,androidx/sqlite/driver/SupportSQLiteStatement$Companion,38,73,52.05
3254867122609506,okio/AsyncTimeout,38,91,41.76
b7d2a9f9f7c74c57,androidx/room/paging/util/RoomPagingUtil__RoomPagingUtilKt,38,58,65.52
1404ec65aca3de07,androidx/compose/foundation/ScrollingContainerNode,38,77,49.35
2b14d0ddd89bc99e,androidx/compose/foundation/layout/WindowInsetsHolder$Companion,38,47,80.85
234a124ee3ae5999,androidx/room/coroutines/PassthroughConnection,38,94,40.43
66bd695327bda573,androidx/compose/ui/layout/WindowInsetsRulers_androidKt,38,157,24.2
da5ef7f7d25d727b,androidx/compose/ui/graphics/vector/VectorPainter,38,63,60.32
9e091ed2ba826286,kotlin/reflect/jvm/internal/impl/resolve/OverridingUtilTypeSystemContext,38,179,21.23
14643aa01a9b2827,kotlinx/serialization/json/internal/CharMappings,38,38,100.0
7c9dd91fcc7bf662,androidx/compose/animation/core/TargetBasedAnimation,38,67,56.72
32d2de18862f68a3,androidx/compose/material3/ScaffoldKt$ScaffoldLayout$fabContent$1$1,37,46,80.43
b89a0ac440d23058,org/kodein/di/DIAwareKt,37,135,27.41
fa9088d14373b675,androidx/compose/ui/node/OnPositionedDispatcher,37,44,84.09
c766574966c49134,kotlin/reflect/jvm/internal/impl/descriptors/impl/ClassConstructorDescriptorImpl,37,136,27.21
be088f2ff78b4e98,com/nononsenseapps/feeder/background/RssSyncJob,37,54,68.52
f42e6cf969ca7b72,com/nononsenseapps/feeder/ui/compose/pullrefresh/PullRefreshState,37,56,66.07
80493262a067594f,kotlinx/serialization/json/JsonConfiguration,37,86,43.02
1934c7b3d91c8a74,androidx/compose/material3/ScaffoldKt$ScaffoldLayout$snackbarContent$1$1,37,46,80.43
27fd0791a3a2ae36,okhttp3/internal/http/RealInterceptorChain,37,77,48.05
25ba14beac3452b8,okhttp3/internal/concurrent/TaskQueue,37,148,25.0
da5ae9874e13ccc4,kotlin/reflect/jvm/internal/impl/serialization/deserialization/descriptors/DeserializedMemberScope,37,60,61.67
8f7fcaee4394f7b0,org/jsoup/internal/SimpleBufferedInput,37,72,51.39
91bf20537015d2fb,com/nononsenseapps/feeder/notifications/NotificationsWorker,37,62,59.68
713fff40684f1544,kotlin/reflect/jvm/internal/impl/name/FqName,37,79,46.84
18458e2d96a61331,kotlin/reflect/jvm/internal/impl/resolve/jvm/JvmPrimitiveType,37,80,46.25
8c8146ebd33d80a1,com/nononsenseapps/feeder/db/room/AppDatabase_Impl$createOpenDelegate$_openDelegate$1,37,215,17.21
f6d1330b24d6fb0f,androidx/compose/material3/ScaffoldKt$ScaffoldLayout$bottomBarContent$1$1,37,46,80.43
4aa141ea270836d9,kotlin/reflect/jvm/internal/impl/metadata/jvm/JvmProtoBuf$StringTableTypes$Record,37,194,19.07
ddeeb625b48322a4,androidx/compose/material3/ScaffoldKt$ScaffoldLayout$topBarContent$1$1,37,46,80.43
3938704a28cfa1b2,androidx/compose/ui/graphics/colorspace/Oklab,36,69,52.17
0f15871222c38a97,com/nononsenseapps/feeder/db/room/SyncRemote,36,85,42.35
219c40b4f3903183,androidx/room/RoomOpenHelper,36,95,37.89
67f17eca0875d235,androidx/collection/MutableObjectFloatMap,36,188,19.15
7a9874611e54f719,androidx/compose/material3/CardKt$Card$1,36,45,80.0
dffdd8e74da482c8,androidx/compose/animation/AnimatedContentTransitionScopeImpl,36,121,29.75
3df27f5a02714845,androidx/compose/material3/DefaultSingleRowTopAppBarOverride$SingleRowTopAppBar$actionsRow$1,36,45,80.0
22c2efe38c68ef82,kotlin/reflect/jvm/internal/impl/builtins/StandardNames,36,38,94.74
4846061df23bb304,androidx/compose/material/icons/filled/DoneAllKt,36,36,100.0
33be775a010095d0,androidx/compose/ui/graphics/AndroidPaint_androidKt,36,68,52.94
477e03459f234b25,androidx/compose/ui/graphics/drawscope/CanvasDrawScopeKt$asDrawTransform$1,36,43,83.72
852027a22a64993e,kotlin/reflect/jvm/internal/impl/metadata/jvm/deserialization/ClassMapperLite,36,37,97.3
cf8bd53520eca88d,kotlinx/coroutines/sync/MutexImpl,36,98,36.73
4d69f008c55ecbd7,coil3/compose/internal/UtilsKt,36,203,17.73
cee2df5f60b42803,androidx/compose/foundation/lazy/LazyListScrollPosition,36,61,59.02
681839666a3fc69a,androidx/compose/foundation/lazy/layout/LazyLayoutPinnableItemKt,36,54,66.67
8cfc86ec3050a482,kotlin/collections/CollectionsKt__CollectionsKt,36,145,24.83
c383b57a365c1e50,androidx/core/view/WindowInsetsCompat,36,138,26.09
05f8fecfde0726a6,okhttp3/internal/http2/Http2ExchangeCodec$Companion,35,41,85.37
343d873b2281b558,coil3/disk/DiskLruCache$Entry,35,56,62.5
4168a54de7a00505,androidx/room/util/DBUtil__DBUtil_androidKt,35,132,26.52
31288904fb3ac591,okhttp3/internal/_HostnamesCommonKt,35,162,21.6
a393652d8a686b3f,androidx/compose/ui/autofill/AndroidAutofillManager,35,167,20.96
f08dc7ed92fd2d25,androidx/compose/animation/AnimatedContentMeasurePolicy,35,140,25.0
b60908665b6b4c00,kotlin/reflect/jvm/internal/impl/serialization/deserialization/DeserializationComponents,35,41,85.37
f8c2e82db795ad6f,androidx/compose/ui/spatial/ThrottledCallbacks,35,269,13.01
8af65f35c0d2393e,kotlin/reflect/jvm/internal/impl/load/java/lazy/descriptors/LazyJavaPackageScope$classes$1,35,59,59.32
8f975db6d8e42667,androidx/room/paging/CommonLimitOffsetImpl,35,71,49.3
345abdc9b0ec36c8,androidx/activity/EdgeToEdge,35,52,67.31
623b1509ec880ea9,com/nononsenseapps/feeder/base/DIAwareComponentActivity,35,37,94.59
eaa74f94464a1464,androidx/paging/compose/LazyPagingItemsKt,35,42,83.33
530fbcc5ff02c75c,androidx/activity/result/ActivityResultRegistry,35,153,22.88
213129973177c32b,com/nononsenseapps/feeder/util/LinkUtilsKt,35,70,50.0
760751de641ebf89,androidx/compose/material3/TonalPalette,35,90,38.89
ecd6ededc5058426,androidx/compose/runtime/changelist/FixupList,34,50,68.0
065be55898a8fb33,androidx/compose/ui/graphics/colorspace/TransferParameters,34,112,30.36
2b92451d56987caf,kotlin/reflect/jvm/internal/impl/serialization/deserialization/ClassDeserializer,34,49,69.39
2cb662539b29b368,androidx/compose/ui/node/LayoutNode$calculateSemanticsConfiguration$1,34,52,65.38
201f8aa389be0a71,androidx/compose/material/icons/filled/SearchKt,34,36,94.44
6b4034654a4d44dc,org/kodein/di/internal/DIMainBuilderImpl,34,58,58.62
f2ce412b8b454cde,androidx/compose/ui/text/android/LayoutIntrinsics_androidKt,34,43,79.07
7f5072ec27455e56,org/jsoup/nodes/NodeIterator,34,42,80.95
f66a1ecb6da4b982,androidx/compose/runtime/snapshots/Snapshot,34,72,47.22
184be96c934d7fcf,androidx/compose/ui/text/android/style/LineHeightStyleSpan,34,59,57.63
b06bbfe6f60fc43f,org/jsoup/helper/DataUtil,34,187,18.18
6110e964b11e863d,androidx/compose/animation/core/SeekableTransitionState,34,309,11.0
9cc297470a975ee0,com/nononsenseapps/feeder/ui/compose/text/BidiKt,34,87,39.08
3146fb20fae0d080,androidx/compose/foundation/layout/Arrangement,33,122,27.05
bd88f80922aec6c0,org/kodein/type/JVMClassTypeToken,33,46,71.74
1297f8884b188266,androidx/compose/ui/graphics/Matrix,33,192,17.19
0ae12ce97b441ea2,androidx/lifecycle/SavedStateHandleSupport,33,47,70.21
ae4c784613192150,androidx/compose/runtime/SnapshotStateKt__SnapshotFlowKt,33,48,68.75
1f468a082fd132fd,kotlin/reflect/jvm/internal/impl/metadata/ProtoBuf$TypeTable,33,93,35.48
62d81390ba730077,okio/Segment,33,48,68.75
3a5b4d0fb0f64c01,org/jsoup/parser/HtmlTreeBuilderState,33,55,60.0
5008437888841756,androidx/compose/foundation/lazy/LazyListStateKt,33,133,24.81
bf9102f7bc448d92,androidx/compose/ui/text/android/StaticLayoutParams,33,58,56.9
9f442ceafc0c61ec,kotlin/reflect/jvm/internal/impl/name/FqNamesUtilKt,33,67,49.25
af74bf4b8be4758a,androidx/compose/foundation/ScrollKt,33,71,46.48
91ffcff900a91019,androidx/compose/animation/core/KeyframesSpec,33,43,76.74
ea1b598f02c9fe31,androidx/compose/material3/tokens/TypographyKeyTokens,33,35,94.29
49a6b0ec391dafb2,androidx/room/ObservedTableStates,33,89,37.08
7d6c6a1027a63f30,okhttp3/Response,33,68,48.53
93fa7182780928be,com/nononsenseapps/feeder/model/RssNotificationsKt,33,225,14.67
d15bcbd580fe8f22,androidx/paging/compose/LazyPagingItems,33,41,80.49
fc0472225383a5ed,androidx/paging/PageFetcher,33,53,62.26
253abadbc6d541ce,androidx/compose/ui/layout/Placeable,33,34,97.06
c0c079aed76e148e,kotlinx/coroutines/flow/internal/AbstractSharedFlow,33,51,64.71
d06e9e1b1d20afda,androidx/compose/ui/graphics/vector/DrawCache,33,51,64.71
bfe8496655e4fd01,androidx/compose/foundation/layout/RowMeasurePolicy,33,62,53.23
70361baf8c431879,androidx/compose/ui/text/AnnotatedStringKt,33,312,10.58
06720576df96e373,org/jsoup/nodes/Element,33,579,5.7
19256f466033d75c,com/nononsenseapps/feeder/db/room/Converters,32,44,72.73
aaf0bb748e28dec2,androidx/compose/foundation/ScrollNode,32,63,50.79
fbca8dd7582d0d9d,kotlin/collections/MapsKt__MapsKt,32,275,11.64
8e2dc9200be828c2,androidx/compose/ui/node/DepthSortedSetsForDifferentPasses,32,102,31.37
f02e2c29a0cf3818,androidx/compose/material/icons/filled/MenuKt,32,34,94.12
b96856deb86e91e8,androidx/lifecycle/compose/FlowExtKt,32,75,42.67
5b221b181bfcdda2,coil3/network/okhttp/internal/CallFactoryNetworkClientKt,32,65,49.23
9e6cda8f0aa3c757,androidx/navigationevent/NavigationEventDispatcher,32,120,26.67
ea8eb54683d3d655,okhttp3/ConnectionSpec$Builder,32,64,50.0
5fde4b8403509d66,androidx/profileinstaller/ProfileVerifier,32,83,38.55
9c9c06cb9a53ef20,kotlin/reflect/jvm/internal/impl/descriptors/runtime/components/ReflectClassStructure,32,142,22.54
1487067747914432,kotlinx/coroutines/flow/internal/CombineKt$combineInternal$2,32,43,74.42
b022286022958ead,androidx/compose/material3/TypographyKt$WhenMappings,32,62,51.61
f7d7695862baea48,androidx/compose/foundation/layout/ColumnMeasurePolicy,32,62,51.61
91f9fd9d169183dd,androidx/compose/material/icons/filled/MoreVertKt,32,34,94.12
f95a054cc00ec57e,androidx/compose/material/icons/outlined/TerrainKt,32,32,100.0
86bb61ec6b3b962f,androidx/compose/material3/ColorScheme,32,515,6.21
85f6065136364e9b,androidx/compose/material/icons/filled/FilterListKt,32,34,94.12
efa1a9a680b27824,kotlinx/coroutines/EventLoop,32,56,57.14
e146b402861ad308,androidx/collection/MutableIntList,31,157,19.75
d98530fa1dbe35ad,androidx/compose/ui/contentcapture/AndroidContentCaptureManager,31,433,7.16
f6c2a13330ade073,androidx/compose/ui/node/DelegatableNodeKt,31,1235,2.51
a78ae298073c6cee,androidx/compose/runtime/snapshots/NestedMutableSnapshot,31,52,59.62
bc03b3607b91fb9d,androidx/compose/runtime/ComposerImpl$CompositionContextImpl,31,67,46.27
8d7600d0620da04d,com/nononsenseapps/feeder/ui/compose/material3/tokens/ColorSchemeKeyTokens,31,34,91.18
b603cd8ea4174e9f,okhttp3/internal/idn/Punycode,31,177,17.51
02b6a669fdb3af64,androidx/compose/ui/graphics/painter/Painter,31,77,40.26
37dba57e74e61019,androidx/paging/InvalidateCallbackTracker,31,47,65.96
0e4e07d1dff72fd4,kotlin/text/StringsKt__StringsJVMKt,31,334,9.28
9659b5fa2547dc20,coil3/intercept/RealInterceptorChain,31,59,52.54
ac9649fac8ed71f4,coil3/network/CacheNetworkResponse,31,31,100.0
04170f41ef4dc29f,androidx/collection/LruCache,30,131,22.9
acfd114480b09a40,androidx/compose/ui/graphics/layer/GraphicsLayerKt,30,34,88.24
4f38f7901afb0a20,kotlin/reflect/jvm/internal/impl/metadata/jvm/JvmProtoBuf$JvmFieldSignature,30,81,37.04
3f10e271371322b6,kotlin/reflect/jvm/internal/impl/types/error/ErrorUtils,30,51,58.82
f83bc8ff0d217496,kotlinx/coroutines/flow/StateFlowSlot,30,52,57.69
593942a6f874aa04,androidx/compose/ui/Alignment$Companion,30,47,63.83
1f046c85a4b77c68,androidx/navigation/NavDestinationBuilder,30,99,30.3
e1fee084e10aebdb,com/nononsenseapps/feeder/model/OneImageRequestPerHostInterceptor,30,57,52.63
4aaaa56e8174629b,kotlinx/coroutines/internal/LimitedDispatcher,30,82,36.59
2329177c673dfea7,kotlin/reflect/jvm/internal/impl/types/TypeUtils,30,272,11.03
2b5511bc0ddb465f,androidx/compose/foundation/lazy/layout/LazyLayoutItemContentFactory$CachedItemContent$createContentLambda$1,30,35,85.71
f174a4e65d56d903,androidx/compose/foundation/layout/InsetsPaddingModifier,30,33,90.91
21327bba8b2e8042,androidx/compose/ui/platform/DisposableSaveableStateRegistry_androidKt,30,59,50.85
54f621bdadd9496d,kotlin/reflect/jvm/internal/impl/metadata/ProtoBuf$QualifiedNameTable$QualifiedName,30,98,30.61
8fd82cee2689d711,kotlin/reflect/jvm/internal/impl/metadata/ProtoBuf$QualifiedNameTable,30,78,38.46
2571a5876e2b5c1f,androidx/compose/ui/text/platform/AndroidTextPaint,30,94,31.91
5b5497f5c666d80d,androidx/compose/foundation/BackgroundNode,30,45,66.67
8055bb849905d11f,coil3/request/ImageRequest,30,87,34.48
06e1e0508487d648,androidx/compose/foundation/layout/ColumnKt,30,84,35.71
b57293615aa269d9,okhttp3/internal/http2/Http2ExchangeCodec,30,50,60.0
f1b105e0232c800c,kotlin/reflect/jvm/internal/impl/protobuf/FieldSet$1,30,57,52.63
39f8906d24965aa2,androidx/room/DatabaseConfiguration,30,106,28.3
7f56c2300218e772,androidx/work/impl/WorkDatabase_Impl,30,111,27.03
18cb51b74c4a7c66,androidx/compose/material/ColorsKt,30,119,25.21
96d838344e475a43,androidx/collection/MutableIntIntMap,30,174,17.24
96971e1dbed94a83,okhttp3/internal/idn/IdnaMappingTable,30,87,34.48
ab75aadc5954654e,androidx/compose/foundation/ClickableKt,30,200,15.0
dbb402323df064b8,coil3/RealImageLoader_androidKt,29,48,60.42
0d9665f29d4874c6,androidx/compose/foundation/layout/BoxWithConstraintsKt,29,54,53.7
1a321db3f5dc1047,okhttp3/internal/http/RetryAndFollowUpInterceptor,29,163,17.79
31d7a40fe42a92f4,kotlin/reflect/jvm/internal/RuntimeTypeMapper,29,116,25.0
8a2f1bc7ca6a7f8f,com/nononsenseapps/feeder/db/room/FeedDao_Impl$getPagedNavDrawerItems$1,29,31,93.55
b80b2023f5d3a9b7,kotlin/ranges/RangesKt___RangesKt,29,535,5.42
18721bf1c5a240d4,androidx/compose/foundation/gestures/DraggableKt,29,58,50.0
3d9bbdbb89c30e86,kotlin/reflect/jvm/internal/KTypeImpl,29,63,46.03
fac976a6880f6fa5,kotlin/reflect/jvm/internal/impl/metadata/jvm/JvmProtoBuf$StringTableTypes,29,113,25.66
69fb4173ea01eebc,androidx/room/RoomDatabaseKt__RoomDatabaseKt,29,120,24.17
b2850a7c7eca0829,androidx/compose/foundation/layout/RowKt,29,81,35.8
0064befdeef6bfa5,okhttp3/internal/cache/DiskLruCache$Entry,29,76,38.16
9cedafcc543db70e,kotlinx/coroutines/channels/ChannelSegment,29,55,52.73
283a38b4af31ef95,kotlinx/serialization/json/JsonBuilder,29,89,32.58
a1d049d55ae021ca,androidx/room/RoomSQLiteQuery,29,70,41.43
242557f30bc16ce3,kotlin/reflect/jvm/internal/calls/InlineClassAwareCallerKt,29,86,33.72
e3669da88ca62693,androidx/compose/runtime/external/kotlinx/collections/immutable/implementations/immutableList/SmallPersistentVector,29,83,34.94
9878f50c8254da73,androidx/collection/IntObjectMap,29,499,5.81
ceebaebaf7eca092,com/squareup/moshi/LinkedHashTreeMap,29,202,14.36
024203608ce6ba66,androidx/compose/ui/text/font/FontVariation$Settings,29,40,72.5
b45215d4fe45e524,kotlinx/coroutines/flow/FlowKt__ChannelsKt,29,36,80.56
d02a6761e1226db0,androidx/concurrent/futures/AbstractResolvableFuture,29,302,9.6
0370c39d003f5c27,androidx/compose/foundation/layout/SpacerKt,29,36,80.56
1c8163d1bf037d8d,kotlin/collections/builders/ListBuilder,29,144,20.14
9c07a48a7de8dacc,androidx/compose/ui/spatial/RectManagerKt,29,67,43.28
7be18188f6e8ec8d,com/nononsenseapps/feeder/archmodel/FeedItemStoreKt,28,36,77.78
ecf261aa2fc7e2cc,androidx/compose/ui/geometry/Size,28,82,34.15
1e4c1eb1000962c1,androidx/compose/material3/ShapeDefaults,28,38,73.68
596ac780a501b9ac,androidx/compose/ui/platform/WrappedComposition$setContent$1$1,28,44,63.64
359ab8a3fc5e3482,androidx/compose/ui/focus/FocusInvalidationManager,28,99,28.28
fea2eebf89047f5f,androidx/compose/ui/text/android/StaticLayoutFactory,28,49,57.14
92bb3fe22d6cc6c6,androidx/compose/ui/text/font/FontWeight,28,47,59.57
88685f1fe7525833,androidx/compose/ui/modifier/ModifierLocalManager,28,112,25.0
db42e859008f3b1d,coil3/util/UtilsKt,28,76,36.84
6fece3c0db52dd5b,androidx/navigation/NavGraphNavigator,28,81,34.57
fdfb775cadcc6d2e,kotlin/reflect/jvm/internal/KClassImpl,28,111,25.23
83eb304b44593b77,androidx/compose/animation/core/VisibilityThresholdsKt,28,33,84.85
4832a7cc2a505441,kotlinx/coroutines/flow/FlowKt__ReduceKt,28,182,15.38
8bd5302c7bb8f2c0,kotlin/reflect/jvm/internal/impl/metadata/ProtoBuf$Annotation$Argument$Value$Type,28,32,87.5
b61d96e9aa003834,kotlin/reflect/jvm/internal/impl/metadata/ProtoBuf$Annotation$Builder,28,68,41.18
f3802f43fdf0121d,androidx/compose/runtime/snapshots/SnapshotDoubleIndexHeap,28,65,43.08
b1ed91544e84bb9f,androidx/compose/animation/core/CubicBezierEasing,28,55,50.91
0ee23933f0011191,androidx/compose/material3/windowsizeclass/WindowWidthSizeClass$Companion,28,42,66.67
f45fe81275281161,androidx/paging/PagingDataPresenter$collectFrom$2$1$2,28,130,21.54
7b75be11051e19e8,kotlinx/coroutines/EventLoopImplBase$DelayedTask,28,51,54.9
3ed1259265b3e5f3,kotlin/text/Regex,28,96,29.17
0800547df9263eb0,androidx/compose/animation/AnimatedContentKt$AnimatedContent$6$1$5,28,38,73.68
05df7264ffc1f481,androidx/compose/ui/unit/Constraints$Companion,28,66,42.42
d12c0e64fbb2fa30,androidx/compose/animation/core/InfiniteTransition$run$1$1,28,50,56.0
890877d02bcb5572,org/jsoup/internal/ControllableInputStream,27,105,25.71
36d7022ee839dc4d,androidx/compose/material3/MaterialTheme,27,35,77.14
6dd38d7da3484263,androidx/compose/foundation/lazy/layout/LazyLayoutItemAnimator$ItemInfo,27,58,46.55
61cba285033b41bd,androidx/compose/foundation/AndroidEdgeEffectOverscrollEffect,27,430,6.28
4931fae812cfe23d,kotlinx/coroutines/BuildersKt__Builders_commonKt,27,46,58.7
f338c2a5a8355ec9,kotlin/reflect/jvm/internal/impl/metadata/jvm/deserialization/JvmMetadataVersion,27,41,65.85
3ad1d7afb27b364c,androidx/compose/foundation/lazy/layout/PrefetchScheduler_androidKt,27,34,79.41
9c2b01f3b7ea805f,androidx/compose/animation/TransitionData,27,62,43.55
749e6c4ef684c24c,org/jsoup/nodes/Node,27,318,8.49
4c1e9a21329468e0,kotlin/reflect/jvm/internal/KFunctionImpl,27,94,28.72
db9df671951cd4ab,androidx/compose/foundation/lazy/layout/NearestRangeKeyIndexMap,27,37,72.97
86977da2d48e613a,kotlinx/coroutines/channels/ProduceKt,27,65,41.54
bdb66daeea10d540,androidx/compose/foundation/layout/WindowInsetsSides,27,64,42.19
9ccf1f4a39f24c42,okhttp3/internal/platform/android/AndroidLog,27,63,42.86
2611a635e0b5d810,kotlin/reflect/jvm/internal/impl/serialization/deserialization/descriptors/DeserializedClassDescriptor$DeserializedClassTypeConstructor,27,46,58.7
3ac1480b5a1351a1,androidx/navigation/internal/NavBackStackEntryStateImpl,27,73,36.99
4bbbe08abca04e7b,kotlin/reflect/jvm/internal/impl/serialization/deserialization/builtins/BuiltInsLoaderImpl,27,31,87.1
c23f7e509747312f,androidx/navigation/NavGraph,27,116,23.28
fe777d7d6a0d73a7,kotlin/reflect/jvm/internal/impl/resolve/descriptorUtil/DescriptorUtilsKt,27,107,25.23
d10e6f0c3d99bf03,androidx/compose/foundation/layout/PaddingValuesModifier,27,35,77.14
8acde4620d5d9d8a,kotlin/reflect/jvm/internal/impl/load/kotlin/header/ReadKotlinClassHeaderAnnotationVisitor,27,55,49.09
cf4a344290a7f4a9,androidx/compose/foundation/shape/RoundedCornerShape,27,52,51.92
9dc94887aa9380ce,org/jsoup/parser/Parser,27,70,38.57
a3d361b899113b59,coil3/decode/StaticImageDecoder,26,41,63.41
2260dc7c2e0b5246,com/squareup/moshi/Moshi$LookupChain,26,45,57.78
7c92f104d308fccb,okio/AsyncTimeout$Companion,26,31,83.87
b5e6692d95228a51,androidx/profileinstaller/ProfileInstaller,26,79,32.91
e567ce9a1f751086,okhttp3/CertificatePinner,26,94,27.66
286120203465f815,androidx/compose/material3/windowsizeclass/WindowHeightSizeClass$Companion,26,42,61.9
4ce99c258787727f,androidx/navigation/compose/NavGraphBuilderKt,26,365,7.12
5181f64d3f145e9f,androidx/compose/animation/core/Animatable,26,141,18.44
c631a72b575ab11b,androidx/compose/ui/graphics/OutlineKt,26,159,16.35
5f7d93419a265173,com/squareup/moshi/kotlin/reflect/KotlinJsonAdapter,26,62,41.94
8cf026c76964caa7,kotlin/reflect/jvm/internal/impl/renderer/DescriptorRendererImpl,26,1104,2.36
f72f52e93ec09157,androidx/paging/FlattenedPageController,26,54,48.15
5e4e9ca963ea2bce,kotlin/reflect/jvm/internal/impl/serialization/deserialization/DeserializationContext,26,32,81.25
0a57a824ca4f038f,androidx/compose/ui/geometry/Rect,26,182,14.29
54e6d93634ae3763,androidx/compose/foundation/ScrollState,26,70,37.14
10a5e2df989aa5ae,kotlin/reflect/jvm/internal/impl/types/KotlinTypeFactory,26,83,31.33
19ba051a2f54dc60,okhttp3/internal/tls/BasicCertificateChainCleaner,26,43,60.47
89ffd88c18ac18b8,androidx/compose/animation/core/AnimationSpecKt,26,56,46.43
d1c5ec49498e672d,org/kodein/type/TypeTokensJVMKt,26,110,23.64
b5930f7e04b74a5b,com/nononsenseapps/feeder/localtranslation/BergamotModelManager,26,344,7.56
2c82034ec6a0fd46,kotlinx/serialization/json/internal/AbstractJsonLexer,26,427,6.09
a4034b4f027919ed,androidx/compose/ui/text/platform/AndroidParagraphHelper_androidKt,26,54,48.15
57a0c77bdc427aae,androidx/compose/foundation/lazy/staggeredgrid/LazyStaggeredGridState,26,297,8.75
c8de25f0e00a9a96,androidx/compose/ui/text/android/LayoutIntrinsics,26,64,40.62
018b2ccb77e8e23c,kotlin/text/StringsKt__StringNumberConversionsKt,26,67,38.81
f0cce23076059c04,kotlin/reflect/jvm/internal/impl/renderer/DescriptorRendererModifier,26,27,96.3
13522edf3afa7e5a,androidx/compose/runtime/snapshots/GlobalSnapshot,26,52,50.0
92f09c23100b4798,androidx/room/TriggerBasedInvalidationTracker$createFlow$1$2,26,36,72.22
ac3bbe7a42688973,androidx/compose/runtime/external/kotlinx/collections/immutable/implementations/immutableMap/PersistentHashMapBuilder,26,67,38.81
a285a933af6c1ed9,kotlin/reflect/jvm/internal/impl/metadata/jvm/JvmProtoBuf$JvmMethodSignature$Builder,26,50,52.0
e732bbd0630f25de,androidx/navigation/NavArgument,26,71,36.62
b95859762a7976a1,androidx/compose/ui/node/LayerPositionalProperties,26,41,63.41
087a9fea11b7780c,androidx/compose/ui/graphics/SimpleGraphicsLayerModifier,26,101,25.74
02ff76bc12f606b5,androidx/compose/foundation/lazy/LazyListItemProviderImpl,25,38,65.79
0b04f1725ef2e039,androidx/compose/foundation/lazy/LazyListItemProviderKt,25,30,83.33
3ee41927f2c1700f,androidx/compose/ui/graphics/AndroidPaint,25,35,71.43
8a5e915998a30682,okhttp3/internal/http/BridgeInterceptor,25,68,36.76
dcb4331cf83e52b8,androidx/compose/foundation/lazy/staggeredgrid/LazyStaggeredGridStateKt,25,34,73.53
dcead8b47ee81fc1,androidx/navigation/NavigatorState,25,131,19.08
5f15404c6a1e7352,androidx/compose/material/icons/filled/StarKt,25,27,92.59
f9b044bfe9a71299,androidx/compose/ui/graphics/AndroidGraphicsContext,25,62,40.32
489bc79a0c5ae516,okhttp3/internal/connection/Exchange$ResponseBodySource,25,41,60.98
4aaa27e87bd17074,com/nononsenseapps/feeder/ui/compose/material3/tokens/NavigationDrawerTokens,25,74,33.78
e6c18841db903ce3,androidx/lifecycle/ReportFragment,25,40,62.5
8ce87d96b104eaf2,androidx/compose/runtime/internal/ComposableLambdaKt,25,42,59.52
eeda5faa73a6682c,kotlin/reflect/jvm/internal/impl/metadata/ProtoBuf$StringTable,25,76,32.89
626c0dde959d71f8,kotlin/reflect/jvm/internal/impl/load/kotlin/SignatureBuildingComponents,25,34,73.53
60e34ae010581648,okio/Path,25,196,12.76
5728a00110fe09c5,kotlin/reflect/jvm/internal/impl/load/kotlin/DeserializationComponentsForJava$Companion,25,25,100.0
1de06d3f480388fe,androidx/compose/ui/platform/AndroidComposeView$Companion,25,92,27.17
09aab5f640fcec08,androidx/compose/ui/text/font/FontListFontFamilyTypefaceAdapterKt,25,77,32.47
d76b2e3bf1b1dafb,okio/FileSystem,25,162,15.43
177c0cd41d78941f,androidx/compose/runtime/snapshots/SnapshotStateListKt,25,222,11.26
437828c97c17c476,org/kodein/di/internal/DIBuilderImpl,25,89,28.09
71de3bba81539f64,androidx/compose/ui/text/SaversKt,25,577,4.33
19402b8b69cfce98,androidx/compose/material3/TooltipDefaults,25,169,14.79
f3a0762144309775,androidx/compose/foundation/layout/FillNode,25,34,73.53
5160875e1b951a84,kotlin/reflect/jvm/internal/impl/incremental/components/NoLookupLocation,25,28,89.29
54152c5671e97ee6,androidx/compose/material3/TopAppBarColors,25,71,35.21
e92f48e0a8623e0b,okhttp3/Cache,25,87,28.74
027ea19c53c0c843,org/jsoup/parser/HtmlTagOptions,25,32,78.12
567b50cbec96d0a3,org/kodein/type/AbstractTypeToken,25,49,51.02
8d5ead65e0181b8f,androidx/compose/foundation/layout/LimitInsets,25,36,69.44
e9862cdb12500b9c,kotlin/reflect/jvm/internal/impl/metadata/ProtoBuf$EnumEntry,25,72,34.72
2b205143821bb9b6,androidx/compose/foundation/lazy/layout/LazyLayoutSemanticsModifierNode,24,62,38.71
b8de22d8d2212ad3,okio/internal/DefaultSocket$SocketSink,24,81,29.63
937425d00b07b9bc,androidx/paging/PageFetcherSnapshot$pageEventFlow$1,24,49,48.98
f120c75b1b4f0972,kotlinx/coroutines/flow/SharedFlowKt,24,42,57.14
6e11d25aa4911c84,androidx/compose/ui/layout/WindowInsetsRulers$Companion,24,29,82.76
40f0fe0e47a61f9f,org/jsoup/parser/TokenData,24,44,54.55
8e1d487be2f1c38e,com/nononsenseapps/feeder/model/FeedUnreadCount,24,62,38.71
75e956f1b64dd268,kotlinx/coroutines/internal/LockFreeTaskQueueCore,24,115,20.87
dbfc4a3616b8a011,okhttp3/internal/http2/Settings,24,39,61.54
b0f44679486d365a,kotlin/reflect/jvm/internal/impl/serialization/deserialization/builtins/BuiltInSerializerProtocol,24,25,96.0
9fe4b83f6d2900ad,androidx/paging/SingleRunner$Holder,24,53,45.28
29f67742f708633b,androidx/navigation/compose/NavHostKt$NavHost$33$1,24,39,61.54
e2b2959e186c25ad,androidx/compose/runtime/SnapshotMutableFloatStateImpl,24,54,44.44
dfd4403ce65f15ab,androidx/compose/runtime/saveable/SaveableStateRegistryWrapper,24,39,61.54
43a1658b4f8185b4,kotlin/reflect/jvm/internal/impl/load/kotlin/header/ReadKotlinClassHeaderAnnotationVisitor$KotlinMetadataArgumentVisitor,24,55,43.64
80b3a81dd3c26bcc,androidx/collection/SparseArrayCompat,24,204,11.76
c36aac366972b6c6,com/google/accompanist/adaptive/DisplayFeaturesKt,24,31,77.42
3c23edba542ef4a8,kotlin/reflect/jvm/internal/impl/descriptors/impl/ClassDescriptorImpl,24,105,22.86
bfc3416d927b5d03,androidx/lifecycle/ProcessLifecycleOwner,24,44,54.55
564b394213dacf30,androidx/compose/foundation/gestures/AnchoredDraggableKt,24,224,10.71
51066adc77af5800,androidx/compose/ui/graphics/AndroidPath,24,122,19.67
681b65ec430efb10,com/nononsenseapps/feeder/model/FeedParser,24,254,9.45
1754ead61ac6f105,androidx/compose/ui/semantics/SemanticsNode,24,415,5.78
3e320034cd9b6570,okhttp3/internal/connection/RealCall$AsyncCall,24,52,46.15
61e4d1c93666d1b8,okhttp3/internal/concurrent/TaskRunner$runnable$1,24,45,53.33
11f4325a743bcfe3,okio/ForwardingFileSystem,24,74,32.43
c5e423d348ffd7f9,androidx/collection/ScatterSet,24,271,8.86
24f78a831a18eea8,androidx/compose/ui/graphics/vector/ImageVector$Builder$GroupParams,24,45,53.33
7c2a842b3f3e1df1,androidx/compose/material3/internal/colorUtil/CamUtils,24,69,34.78
a186690d6f8b7c78,org/kodein/di/DI$Key,24,68,35.29
e7bc7d80bd3adce8,androidx/navigation/compose/NavHostControllerKt__NavHostController_androidKt,24,32,75.0
870f59690ee0cddf,kotlin/collections/CollectionsKt__MutableCollectionsKt,24,134,17.91
1747cb023db39c35,androidx/compose/material3/FloatingActionButtonDefaults,24,87,27.59
0dabcab5339b56bd,androidx/compose/material3/windowsizeclass/WindowWidthSizeClass,23,36,63.89
7ad0a800c8a1592a,coil3/network/NetworkFetcher$Factory,23,40,57.5
7dd9235562f3df21,androidx/compose/animation/core/VectorConvertersKt,23,72,31.94
f002487c9a44c6b4,androidx/compose/foundation/lazy/layout/LazyLayoutItemAnimation,23,123,18.7
d4ee413676a0a7d0,androidx/compose/ui/util/ListUtilsKt,23,280,8.21
9b80e174886c3b65,androidx/compose/ui/text/font/FontFamilyResolverImpl,23,70,32.86
c00aa989adec0e8b,okhttp3/EventListener,23,44,52.27
6619be37e0fc53fa,androidx/compose/ui/graphics/colorspace/Connector,23,31,74.19
193fdc8868606621,coil3/decode/DecodeUtils,23,74,31.08
2699749d8142dea1,kotlin/reflect/jvm/internal/impl/utils/DFS,23,54,42.59
214c6270129ebc50,androidx/work/impl/background/systemjob/SystemJobScheduler,23,178,12.92
c14296125b10a3dd,kotlin/reflect/jvm/internal/impl/protobuf/WireFormat$FieldType,23,25,92.0
69238f175440fdb2,kotlinx/serialization/descriptors/ClassSerialDescriptorBuilder,23,33,69.7
fc7967a16abe011c,androidx/work/impl/WorkDatabase,23,26,88.46
00fa5580010b45ff,okio/NioSystemFileSystem,23,39,58.97
bd6f3728ffa0a409,androidx/compose/material3/windowsizeclass/WindowHeightSizeClass,23,36,63.89
4b244f94078c91e3,kotlin/reflect/jvm/internal/impl/name/SpecialNames,23,32,71.88
dbe5faf9ecc51e38,androidx/work/impl/WorkDatabase_Impl$1,23,148,15.54
828331eadf7f1aae,androidx/compose/ui/unit/IntOffset,23,52,44.23
27b7000ae567fa9f,kotlin/reflect/jvm/internal/KParameterImpl,23,45,51.11
d8c9932787c574ba,androidx/compose/ui/graphics/layer/ChildLayerDependenciesTracker,23,90,25.56
ab0a43afb16be0bc,kotlinx/coroutines/intrinsics/UndispatchedKt,23,65,35.38
905764329d23703b,com/squareup/moshi/Types,23,129,17.83
a88c365df9191d63,androidx/compose/ui/input/nestedscroll/NestedScrollNode,23,115,20.0
707e9f98cce8386c,okio/SegmentPool,23,33,69.7
691314e0995df8a8,kotlin/reflect/jvm/internal/impl/protobuf/GeneratedMessageLite,23,68,33.82
3f3b4a5728d6e3ee,kotlinx/coroutines/CompletedContinuation,23,57,40.35
73c0506045e7d8db,androidx/compose/material3/IconButtonColors,23,53,43.4
fdb920d926d8a4ff,okhttp3/CacheControl$Builder,23,65,35.38
f88637ec38da08d7,kotlin/reflect/jvm/internal/impl/descriptors/runtime/structure/ReflectJavaClass,23,119,19.33
59c2e3a86dbe17ab,androidx/compose/ui/text/android/StaticLayoutFactory23,22,33,66.67
730e88c7b4fe0ff4,androidx/compose/material3/internal/ProvideContentColorTextStyleKt,22,28,78.57
eda563ec8250ed13,okhttp3/Cache$Companion,22,66,33.33
91fcb034c925c945,androidx/compose/ui/unit/fontscaling/FontScaleConverterFactory,22,59,37.29
73022414ee32d8c8,androidx/collection/ObjectIntMap,22,468,4.7
9dee93312484281d,androidx/compose/foundation/layout/Arrangement$SpacedAligned,22,55,40.0
a65d65faedc06db2,coil3/gif/DecodeUtilsKt,22,43,51.16
3da31b7e4fb30cd3,kotlin/reflect/jvm/internal/impl/descriptors/impl/AbstractClassDescriptor,22,85,25.88
519962896cb17a72,androidx/compose/runtime/SnapshotMutableStateImpl,22,44,50.0
6996fb4f74d08002,com/nononsenseapps/feeder/model/gofeed/FeederGoItem$feedThumbnail$2$thumbnailCandidates$1,22,61,36.07
9f22db999ff87cb4,androidx/compose/ui/text/TextLayoutResult,22,87,25.29
97fd5035fc7713de,okhttp3/internal/cache/DiskLruCache$Editor,22,70,31.43
e23bc7c9161839c3,kotlin/reflect/jvm/internal/impl/load/java/JvmAnnotationNames,22,22,100.0
b3dbf30294eebee0,androidx/collection/IntList,22,304,7.24
4262ef263fb979e6,androidx/compose/foundation/lazy/LazyListBeyondBoundsModifierKt,22,29,75.86
e6048b96fc4c00a4,androidx/compose/runtime/SnapshotMutableIntStateImpl,22,40,55.0
bdf0199154eb82ca,kotlin/jvm/internal/TypeIntrinsics,22,209,10.53
d247df9d1a7e853b,androidx/room/EntityInsertAdapter,22,138,15.94
e63891ba4b3ccfea,androidx/compose/ui/node/NodeChainKt,22,24,91.67
ff65fddf65ad721b,kotlinx/coroutines/flow/FlowKt__ContextKt,22,44,50.0
916b29fed72dda85,com/nononsenseapps/feeder/model/RssNotificationsKt$notify$2,22,47,46.81
97594fe72271ef7b,androidx/compose/ui/text/ParagraphStyle,22,345,6.38
a2f039f43bd01690,kotlin/reflect/jvm/internal/impl/types/AbstractStrictEqualityTypeChecker,22,46,47.83
eef075d6d5c01887,androidx/collection/MutableObjectList,22,342,6.43
569d7a67a717d353,androidx/compose/foundation/BackgroundElement,22,38,57.89
875f36edb8edd188,androidx/navigation/NavArgumentKt,22,24,91.67
238203dec1dbb87a,kotlinx/coroutines/flow/internal/SafeCollector,22,47,46.81
42422263e41b3e2d,kotlin/reflect/jvm/internal/impl/resolve/InlineClassesUtilsKt,22,51,43.14
049a9cb4a66d6412,coil3/request/ImageRequests_androidKt,22,99,22.22
06a0002ca8e6f049,androidx/compose/runtime/ProvidableCompositionLocal,22,38,57.89
84f1db4d146eb4a5,androidx/arch/core/internal/SafeIterableMap,22,73,30.14
f67939b2322e9de5,androidx/compose/material3/MotionScheme$StandardMotionSchemeImpl,21,26,80.77
36233e9d27ad2d0a,androidx/profileinstaller/DeviceProfileWriter,21,163,12.88
d1073b5abf54d7ba,androidx/compose/ui/graphics/vector/ImageVector,21,48,43.75
c8a54c05f6add0fb,org/kodein/di/bindings/Singleton,21,55,38.18
d142c9ec3e9d64c9,kotlin/reflect/full/KClasses,21,267,7.87
365fea88caaf154f,okhttp3/Request,21,124,16.94
b48a92ea810f04ef,androidx/compose/runtime/SnapshotMutableLongStateImpl,21,36,58.33
77e9fd73498705e0,org/jsoup/nodes/Entities$EscapeMode,21,29,72.41
bcee68c11f9f23a6,kotlin/reflect/jvm/internal/KPropertyImpl,21,90,23.33
2d3e337cd4a2e2d4,androidx/compose/ui/text/style/TextAlign,21,39,53.85
ed78e88fed5ba24f,kotlinx/coroutines/scheduling/WorkQueue,21,120,17.5
9c014842cae95563,androidx/compose/foundation/layout/PaddingValuesImpl,21,56,37.5
2903a032f3acb6da,coil3/decode/StaticImageDecoder$decode$lambda$0$0$$inlined$decodeBitmap$1,21,28,75.0
7cea3a22a098cadc,kotlin/reflect/jvm/internal/impl/builtins/CompanionObjectMapping,21,22,95.45
c8b873d60011764d,androidx/compose/ui/graphics/SimpleGraphicsLayerModifier$layerBlock$1,21,21,100.0
5f389ef1ad4fc1c3,kotlinx/coroutines/flow/FlowKt__ShareKt,21,51,41.18
72f8173265abcf7e,com/nononsenseapps/feeder/model/RateLimiter,21,48,43.75
08784445c84d6b51,androidx/compose/material3/Shapes,21,126,16.67
b33c08439a4c5384,kotlinx/serialization/descriptors/SerialDescriptorImpl,21,53,39.62
45f0771bd51734e7,androidx/compose/animation/core/AnimationState,21,43,48.84
9c5edbcf370fa362,androidx/compose/foundation/lazy/layout/LazyLayoutItemContentFactoryKt,21,29,72.41
e287802f0a24bcd7,androidx/compose/ui/graphics/MatrixKt,21,53,39.62
3c000466dd2c108a,androidx/collection/MutableLongObjectMap,21,189,11.11
158c45a7bb9f7e65,androidx/compose/foundation/lazy/layout/LazySaveableStateHolderKt,21,31,67.74
7531f162d9226b7f,coil3/decode/FileImageSource,21,35,60.0
ec4269fb3eb66d12,com/nononsenseapps/feeder/archmodel/SessionStore,21,32,65.62
bf3d6cd6aea9cb29,androidx/compose/ui/layout/WindowWindowInsetsAnimationValues,21,43,48.84
f093f72ef9bc086f,okhttp3/internal/http/HttpMethod,21,48,43.75
66f2e224b4930750,coil3/intercept/EngineInterceptor$intercept$2,21,27,77.78
5ad227700a30e08e,androidx/paging/TransformablePage,21,66,31.82
ec49bd0a7f29f976,androidx/compose/foundation/gestures/ScrollableDefaults,21,39,53.85
438186763c236e8c,androidx/compose/foundation/EdgeEffectWrapper,21,115,18.26
3db8969ae4cf57dc,androidx/compose/ui/graphics/painter/BitmapPainter,21,52,40.38
8ae711264f596dd9,androidx/compose/ui/text/font/FontListFontFamilyTypefaceAdapter,21,74,28.38
5a2e78b4a7b6bc98,androidx/room/util/DBUtil__DBUtil_androidKt$performSuspending$lambda$1$$inlined$internalPerform$1,21,39,53.85
4bbbd7b54edc6b34,androidx/compose/ui/geometry/RoundRectKt,21,173,12.14
2e40920403c80495,androidx/compose/foundation/StretchOverscrollNode,21,185,11.35
6df19b1932fe9849,coil3/ImageLoader$Builder,21,84,25.0
48c8c9a16e6a7277,androidx/compose/ui/graphics/drawscope/CanvasDrawScope$DrawParams,21,44,47.73
84a4fbda7a6b188d,com/nononsenseapps/feeder/ui/compose/utils/FeederTextToolbarKt,21,33,63.64
436c98c1c69a4362,androidx/compose/runtime/saveable/SaveableHolder,21,43,48.84
0ca33b246d10a5b0,androidx/compose/ui/text/style/LineBreak,21,45,46.67
dc0236ba25b2b088,kotlin/jvm/JvmClassMappingKt,21,67,31.34
5a3072d5ccbc7bd3,androidx/compose/animation/core/FloatSpringSpec,21,27,77.78
579ebc13d28e46da,androidx/compose/animation/SingleValueAnimationKt,21,39,53.85
449d05b4ca93aaba,com/nononsenseapps/feeder/db/room/BlocklistDao_Impl,20,92,21.74
7ea24bbf1209458c,com/nononsenseapps/feeder/ui/compose/utils/FoldablesKt,20,41,48.78
cb4524fb60754d56,androidx/compose/runtime/RememberedCoroutineScope,20,34,58.82
d00712188ec98856,kotlin/reflect/jvm/internal/impl/descriptors/impl/ModuleDescriptorImpl$packageFragmentProviderForWholeModuleWithDependencies$2,20,30,66.67
2267f0a9aa2c1dca,kotlin/reflect/jvm/internal/impl/load/java/lazy/descriptors/LazyJavaPackageFragment,20,29,68.97
978148e89b0b2113,kotlin/collections/EmptyMap,20,32,62.5
6b2a59ede93fbdff,org/jsoup/select/CombiningEvaluator,20,27,74.07
9ff76d5bdd38c9aa,androidx/compose/foundation/text/BasicText_androidKt,20,148,13.51
08d3c2a66b2047f3,androidx/compose/foundation/layout/AndroidWindowInsets,20,30,66.67
b6334bbdd63e2d1f,com/nononsenseapps/feeder/ui/compose/utils/FocusableKt,20,52,38.46
851236806b2cbfa7,kotlin/reflect/jvm/internal/impl/load/java/lazy/descriptors/LazyJavaPackageScope,20,74,27.03
3a18c962af0ed4b5,okhttp3/internal/http2/Http2Connection$Builder,20,29,68.97
4ff11b204e66d3fd,androidx/window/layout/WindowInfoTracker$Companion,20,32,62.5
1aee90056d30ed40,androidx/paging/SingleRunner,20,29,68.97
5c62db88b84d11b2,kotlin/coroutines/CombinedContext,20,53,37.74
12cc1fa367c7e483,androidx/compose/runtime/CompositionLocalKt,20,58,34.48
443dc47faa1045bd,org/jsoup/parser/Token,20,33,60.61
54edfc6b3f8fc76f,androidx/navigation/NavigatorProvider,20,38,52.63
8c978feb6696d587,androidx/lifecycle/viewmodel/internal/ViewModelProviderImpl,20,24,83.33
b338c456e6ea610f,androidx/compose/foundation/layout/PaddingElement,20,78,25.64
a98f61ce1b8be6c4,androidx/work/Configuration,20,34,58.82
e0e798a810293d20,androidx/compose/runtime/SnapshotStateKt__SnapshotStateKt,20,37,54.05
8e94a7bc4535bbb4,com/nononsenseapps/feeder/archmodel/FontStore,20,65,30.77
f15a219add0d55d2,com/nononsenseapps/feeder/ui/MainActivityViewModel,20,38,52.63
81e67990c468c478,androidx/compose/foundation/lazy/layout/LazyLayoutKt,20,75,26.67
5e73f8a3270359aa,kotlin/reflect/jvm/internal/impl/load/java/lazy/descriptors/LazyJavaScope,20,218,9.17
bcb9fd17be652416,androidx/compose/animation/core/AnimationScope,20,29,68.97
50a2e34706d2c92f,androidx/compose/foundation/lazy/LazyListSemanticsKt,20,29,68.97
fd09326561ef1313,kotlin/reflect/jvm/internal/impl/resolve/jvm/InlineClassManglingRulesKt,20,39,51.28
efcfbe565c5cd3ed,kotlin/reflect/jvm/internal/impl/builtins/ReflectionTypes,20,32,62.5
6e5e32d55538363c,androidx/paging/MutableLoadStateCollection,20,28,71.43
1f8c3d175c4e1f9c,androidx/collection/ObjectList,19,236,8.05
482b054e11f4fd1b,kotlin/jvm/internal/Intrinsics,19,127,14.96
23e931d374080480,kotlinx/coroutines/flow/FlowKt__ShareKt$launchSharing$1,19,31,61.29
5c6ba335cd0c90e9,androidx/sqlite/db/framework/FrameworkSQLiteOpenHelper,19,36,52.78
a3c628ffa257ebb5,androidx/compose/ui/node/MeasurePassDelegate$placeOuterCoordinatorBlock$1,19,20,95.0
1a140b5d3e48cc34,com/squareup/moshi/internal/Util$ParameterizedTypeImpl,19,36,52.78
9443eac94c19f10f,kotlin/reflect/jvm/internal/impl/serialization/deserialization/DeserializedPackageFragmentImpl$initialize$1,19,19,100.0
c722e4e20294457e,org/kodein/di/bindings/StandardScopeRegistry,19,66,28.79
b895bada0163467f,kotlinx/coroutines/internal/ConcurrentLinkedListNode,19,78,24.36
50adefeafcbd4696,kotlinx/serialization/json/internal/DescriptorSchemaCache,19,20,95.0
92bc1ea6f0051a3d,kotlin/time/Duration,19,333,5.71
b10109069537ca31,kotlin/reflect/jvm/internal/impl/name/Name,19,68,27.94
f500d018fd93d086,androidx/compose/animation/ExitTransition,19,53,35.85
c3cd57876f4133d7,androidx/compose/foundation/layout/SizeElement,19,38,50.0
bbe29d789d5c1235,androidx/room/TriggerBasedInvalidationTracker$createFlow$1,19,27,70.37
25070baaa5e10145,androidx/compose/foundation/lazy/staggeredgrid/LazyStaggeredGridScrollPosition,19,95,20.0
bc05f065236764fb,kotlinx/coroutines/JobSupportKt,19,23,82.61
09f2df58690bb30f,androidx/compose/foundation/lazy/LazyListIntervalContent,19,28,67.86
fcb811c956f03761,okhttp3/internal/http2/Http2,19,53,35.85
08b1cfb6741ede9a,okhttp3/CacheControl,19,30,63.33
dd9dff1d5b44978c,kotlin/reflect/jvm/internal/KCallableImpl,19,122,15.57
d1537a52a862aca3,okhttp3/internal/platform/android/Android10SocketAdapter,19,27,70.37
55a5365070640374,androidx/compose/material3/tokens/ElevatedCardTokens,19,22,86.36
a21d74090ed109fd,okhttp3/internal/platform/Platform$Companion,19,34,55.88
7272c534c767e1d3,androidx/compose/animation/core/Transition$DeferredAnimation,19,29,65.52
14bf396a6c3d301f,com/nononsenseapps/feeder/ui/compose/coil/TintedVectorPainterKt,19,26,73.08
7df7034097e77b4d,androidx/compose/animation/core/SpringSimulation,19,39,48.72
54b130e8a548521b,androidx/compose/ui/unit/Density,19,64,29.69
2d70988a79943fdf,androidx/paging/CombinedLoadStates,19,63,30.16
8ac055d00422ef91,coil3/network/okhttp/internal/CallFactoryNetworkClient,19,41,46.34
fe1ddcc8936cc401,coil3/SingletonImageLoader,19,38,50.0
af79985d608f6054,kotlinx/coroutines/android/HandlerContext,19,51,37.25
f213c95fc5054756,kotlinx/coroutines/UndispatchedCoroutine,19,48,39.58
0ef1c9aeab9c554a,androidx/navigation/NavType,19,32,59.38
5938e0a6eb00ab11,kotlinx/coroutines/AbstractCoroutine,19,25,76.0
40a496b11c16d3d4,androidx/core/view/WindowInsetsCompat$Type,19,23,82.61
5eee1931457ff8f0,androidx/compose/runtime/CompositionLocalMapKt,19,24,79.17
1f10930540af7736,androidx/compose/foundation/layout/UnspecifiedConstraintsNode,19,78,24.36
bdae9af5cc7fb61c,coil3/disk/DiskLruCache$Editor,19,34,55.88
a8427daa276b6fee,androidx/compose/runtime/collection/MultiValueMap,19,110,17.27
9334accece680cef,org/jsoup/parser/Tag,19,83,22.89
dc20af2105f9cb13,com/nononsenseapps/feeder/background/CleanupOrphanedFilesJobKt,19,22,86.36
c000720c6e12a232,kotlin/reflect/jvm/internal/impl/types/checker/ClassicTypeSystemContext$DefaultImpls,19,336,5.65
eb59236056ab804d,androidx/room/ObservedTableVersions,19,26,73.08
83ab31b453691e99,androidx/compose/ui/platform/ComposeView,19,35,54.29
28215818f41aa4ba,kotlin/reflect/jvm/internal/impl/descriptors/impl/SimpleFunctionDescriptorImpl,18,106,16.98
493f3101ec5ef48c,kotlinx/serialization/json/internal/JsonToStringWriter,18,43,41.86
4c111466c69d7f43,androidx/compose/material/ripple/RippleNode,18,47,38.3
b714565e345a515e,com/nononsenseapps/feeder/db/room/SyncRemoteKt,18,26,69.23
1c04a4f4dd90013d,androidx/arch/core/internal/SafeIterableMap$IteratorWithAdditions,18,20,90.0
df48054091652e7a,androidx/room/TransactionExecutor,18,22,81.82
4dd86e22961270ff,androidx/core/view/DisplayShapeCompat,18,48,37.5
5141303e3849bca1,androidx/compose/ui/platform/AndroidUiFrameClock,18,28,64.29
8f1bbd157073440e,org/kodein/di/android/ClosestKt,18,38,47.37
0dc86db47cf53a71,kotlin/collections/builders/SetBuilder,18,32,56.25
caf01aeb162f6e5e,androidx/compose/ui/layout/LayoutNodeSubcompositionsState$NodeState,18,23,78.26
5430ca7c18748ec0,kotlin/reflect/jvm/internal/impl/metadata/deserialization/NameResolverImpl,18,21,85.71
8f85ed53c0752801,androidx/compose/material/Colors,18,149,12.08
a9bcf486c396d5f3,androidx/sqlite/util/ProcessLock,18,29,62.07
ecfd54d6611372ae,androidx/room/SharedSQLiteStatement,18,20,90.0
d63d1ebf803ec5d3,androidx/paging/FlattenedPageEventStorage,18,63,28.57
84683cbf1fef49b3,androidx/compose/ui/graphics/drawscope/Stroke,18,43,41.86
458666476fcb82a2,kotlin/reflect/jvm/internal/impl/serialization/deserialization/descriptors/DeserializedPackageMemberScope,18,45,40.0
14270008b499ee77,androidx/paging/SingleRunner$runInIsolation$2,18,34,52.94
0d50a7d2384cdc1c,androidx/lifecycle/RepeatOnLifecycleKt$repeatOnLifecycle$3$1,18,39,46.15
e55ea2e4e67a8e0b,androidx/compose/runtime/changelist/Operation$InsertSlotsWithFixups,18,38,47.37
0c859d173735c943,androidx/window/layout/adapter/sidecar/SidecarWindowBackend$Companion,18,31,58.06
0a0508c944d2372c,androidx/compose/ui/graphics/vector/VectorKt,18,44,40.91
6291d75e509ed481,androidx/compose/runtime/SnapshotStateKt,18,28,64.29
3693275e3a4eb96e,com/nononsenseapps/feeder/background/FeederJobService,18,42,42.86
9cc8f9f7c1c3b600,androidx/compose/runtime/PausableMonotonicFrameClock,18,28,64.29
ccfef9c01937fef6,androidx/compose/foundation/lazy/LazyListMeasureResult,18,81,22.22
eeae8d94faaaea26,androidx/compose/material3/tokens/ShapeKeyTokens,18,20,90.0
098141d7466c1855,androidx/compose/ui/platform/Wrapper_androidKt,18,30,60.0
0b79a8a33ab30fc1,kotlinx/serialization/json/Json,18,30,60.0
0c717dbecc2d4afe,kotlinx/coroutines/internal/ConcurrentLinkedListKt,18,115,15.65
7ba789b98dd2a74e,kotlin/reflect/jvm/internal/impl/builtins/PrimitiveType,18,21,85.71
f61d164817d32f44,androidx/compose/animation/EnterTransition,18,43,41.86
638ce0a3264fbd90,kotlin/reflect/jvm/internal/impl/serialization/deserialization/ProtoEnumFlagsUtilsKt$WhenMappings,18,32,56.25
aeed86f67a4c4b3b,androidx/compose/material3/internal/colorUtil/Frame$Companion,18,22,81.82
6d9bb5cb6af0e8df,kotlin/collections/SetsKt___SetsKt,18,56,32.14
8ba7c231c9249a0f,kotlin/reflect/jvm/internal/impl/descriptors/FindClassInModuleKt,18,62,29.03
75da141754f6afdd,kotlin/reflect/jvm/internal/impl/serialization/deserialization/ProtoEnumFlags,18,33,54.55
aa0248a1377faeba,androidx/compose/runtime/external/kotlinx/collections/immutable/implementations/immutableMap/PersistentHashMapBaseIterator,18,40,45.0
a020e9f163a7b6fe,androidx/activity/compose/ComponentActivityKt,18,26,69.23
9bb641d80f3a48c4,kotlin/text/Regex$splitToSequence$1,18,31,58.06
34b7c20b04122c05,androidx/compose/foundation/text/modifiers/LayoutUtilsKt,18,34,52.94
359926a816115bdf,androidx/compose/foundation/layout/WindowInsets_androidKt,18,187,9.63
2e31d244bd3e5ee1,kotlin/reflect/jvm/internal/impl/load/kotlin/header/KotlinClassHeader$Kind,18,19,94.74
ceaeeef4ed0e2d48,androidx/compose/ui/geometry/Offset,17,99,17.17
6eaac1820df122b5,androidx/compose/foundation/MutatorMutex$mutateWith$2,17,27,62.96
95bb880569cef4a4,androidx/compose/animation/core/SpringSpec,17,31,54.84
46d2020058485c45,kotlin/reflect/jvm/internal/impl/builtins/jvm/JvmBuiltInsPackageFragmentProvider,17,17,100.0
60bbf2850c419f6a,com/nononsenseapps/feeder/model/RssLocalSync$syncFeeds$time$1$1$jobs$1$1,17,22,77.27
b4ba47b759afebe0,kotlin/reflect/jvm/internal/impl/utils/SmartList,17,98,17.35
f87f6c81ec617b58,com/nononsenseapps/feeder/ui/compose/material3/tokens/TypographyKeyTokens,17,20,85.0
aebc1a3610f5e016,androidx/compose/material/ContentAlpha,17,38,44.74
5e0dbb31f18850c2,kotlin/reflect/jvm/internal/impl/load/java/lazy/JavaResolverComponents,17,31,54.84
11b60f28f022ab9b,com/nononsenseapps/jsonfeed/JsonFeedParserKt,17,30,56.67
ae86140c05f71a8a,androidx/compose/foundation/OverscrollKt,17,35,48.57
784091091a33b5ba,kotlin/collections/AbstractMap,17,75,22.67
71127225ce4a0a71,androidx/compose/material3/ShapesKt$WhenMappings,17,32,53.12
9c2a3a84c6f1c798,kotlin/reflect/jvm/internal/impl/types/AbstractTypeConstructor$supertypes$3,17,25,68.0
3cd32b05d79c8868,androidx/compose/ui/platform/WeakCache,17,23,73.91
9e2a4eeee651dee4,androidx/navigation/compose/ComposeNavigatorDestinationBuilder,17,23,73.91
78bd9fb850bade9f,androidx/paging/LoadStates,17,61,27.87
bdd39c3c5395fb4d,com/nononsenseapps/feeder/ui/CommonActivityViewModel,17,17,100.0
33e43190a2dcc96b,androidx/compose/ui/unit/Dp,17,45,37.78
1ec43ddc90b2b93c,kotlinx/coroutines/flow/FlowKt__EmittersKt$onCompletion$$inlined$unsafeFlow$1,17,29,58.62
3b42f36b8fe44d31,org/kodein/type/JVMAbstractTypeToken,17,22,77.27
a83ed0559ed88d9d,kotlinx/coroutines/flow/internal/ChannelFlow,17,56,30.36
54dad4cd89c30201,kotlin/sequences/FlatteningSequence$iterator$1,17,29,58.62
3dbaf35471a3737f,kotlin/reflect/jvm/internal/impl/load/kotlin/header/KotlinClassHeader,17,37,45.95
881ef4ae94374416,kotlin/reflect/jvm/internal/impl/load/java/lazy/descriptors/JvmPackageScope,17,74,22.97
7f58fe7a75deb9f4,org/kodein/di/compose/AndroidContextKt,17,40,42.5
ebbbda109f2cc324,kotlin/reflect/jvm/internal/impl/utils/CollectionsKt,17,22,77.27
608f6179f76978b7,kotlinx/coroutines/internal/Segment,17,28,60.71
a0149f4195d0baab,androidx/compose/foundation/MutatorMutex,17,36,47.22
fe7acc02d73435d4,androidx/compose/ui/text/font/FontMatcher,17,264,6.44
504c739d2a9258f6,androidx/compose/animation/SplineBasedFloatDecayAnimationSpec_androidKt,17,21,80.95
239a696a2a3152ee,androidx/compose/ui/text/font/FontSynthesis,17,36,47.22
16d5b071b7dbe344,coil3/memory/RealMemoryCache,17,63,26.98
29152e658706b209,kotlin/reflect/jvm/internal/impl/metadata/deserialization/BinaryVersion,17,68,25.0
d092a029f323d0c8,androidx/room/RoomSQLiteQuery$Companion,17,28,60.71
f2d524415510974f,androidx/compose/ui/text/input/ImeOptions,17,142,11.97
14cf82641693752c,kotlin/reflect/jvm/ReflectJvmMapping,17,109,15.6
0799431d1f09aeee,androidx/compose/material3/MenuDefaults,17,67,25.37
bd1a661ae6fc057c,org/kodein/type/JVMUtilsKt,17,182,9.34
8ec4d88ab7ae3888,kotlinx/serialization/internal/Platform_commonKt,17,53,32.08
b2031af07aa52b97,androidx/paging/PageFetcherSnapshot$collectAsGenerationalViewportHints$$inlined$simpleFlatMapLatest$1,17,36,47.22
0246782bf9d93a59,androidx/compose/ui/graphics/vector/VectorPath,17,96,17.71
8baf70b3fc291d2a,kotlin/reflect/jvm/internal/impl/load/kotlin/DeserializationComponentsForJavaKt,17,18,94.44
733ae95d45fde510,androidx/compose/foundation/gestures/DragGestureNode,17,130,13.08
22c520351e6c6730,kotlinx/coroutines/channels/ChannelKt,17,44,38.64
74297c0e28ecbb64,okio/JvmSystemFileSystem,17,90,18.89
b8f7e5486f182968,androidx/compose/material3/ProgressIndicatorDefaults,17,105,16.19
4657ad68a6b950f1,androidx/compose/material3/internal/colorUtil/Frame,17,17,100.0
48f21959dfc0939b,okio/internal/-FileSystem,17,138,12.32
886ce38458176d6e,kotlinx/coroutines/BlockingCoroutine,17,36,47.22
61857902d53d9344,androidx/window/layout/WindowMetricsCalculatorCompat,17,29,58.62
0baa10606f0d54f5,okhttp3/internal/http2/Http2Stream$FramingSink,16,96,16.67
f7182e36287bf169,androidx/compose/ui/node/AlignmentLines$recalculate$1,16,21,76.19
4c22d805d087e5b1,androidx/compose/runtime/saveable/SaveableStateHolderKt,16,19,84.21
6d6d16a2fc7585f9,com/nononsenseapps/feeder/base/DIAwareSavedStateViewModelFactory,16,22,72.73
7d8e53830f4463c8,kotlin/text/MatcherMatchResult,16,20,80.0
1ea678e841db251e,okhttp3/internal/http2/Header,16,29,55.17
566ca9a8d64b4a94,androidx/compose/foundation/lazy/layout/LazyLayoutItemContentFactory,16,23,69.57
7cd1753997151d75,com/nononsenseapps/feeder/ui/compose/navigation/AddFeedDestination,16,83,19.28
4c4e88f8c502c5ad,kotlin/reflect/jvm/internal/impl/protobuf/AbstractParser,16,33,48.48
77eb2c102eae1190,kotlin/collections/AbstractList$Companion,16,45,35.56
a7f3566bbfd6ab76,kotlin/reflect/jvm/internal/impl/protobuf/ByteString,16,72,22.22
d6d00b59f50d4df6,androidx/core/view/WindowInsetsCompat$BuilderImpl,16,67,23.88
0973538091b8ed00,com/nononsenseapps/feeder/model/MediaImage,16,48,33.33
ee88c04fb86cf0c8,androidx/compose/animation/AnimatedEnterExitMeasurePolicy,16,76,21.05
e167e1b2baae3c1e,androidx/compose/ui/text/font/TypefaceRequestCache,16,57,28.07
2304e7dd9ebbdc05,kotlin/reflect/jvm/internal/impl/descriptors/impl/LazyPackageViewDescriptorImpl,16,34,47.06
ec8cf8d865ead73c,kotlin/reflect/jvm/internal/impl/resolve/calls/inference/CapturedTypeConstructorKt,16,31,51.61
2627911a1fc56e04,okhttp3/internal/http2/ErrorCode,16,20,80.0
f8dec6f563efda87,androidx/lifecycle/viewmodel/internal/ViewModelProviders,16,35,45.71
82147978988044a8,androidx/compose/runtime/Latch,16,43,37.21
f81b6d2163425e84,com/nononsenseapps/feeder/ui/compose/material3/DrawerDefaults,16,40,40.0
66c0fe3a1d49acf0,com/nononsenseapps/feeder/contentprovider/RSSContentProvider,16,40,40.0
5354feb123302493,androidx/compose/runtime/Stack,16,29,55.17
fcfacca70918732c,androidx/compose/animation/core/MutableTransitionState,16,20,80.0
319dce2b6ca079fb,kotlinx/coroutines/flow/FlowKt__LimitKt$takeWhile$$inlined$unsafeFlow$1,16,21,76.19
7a8d01e8dbe18df5,com/nononsenseapps/feeder/ui/compose/navigation/SyncScreenDestination,16,79,20.25
37df301da2600856,com/nononsenseapps/feeder/model/MediaImage$$serializer,16,20,80.0
888b883dc1cfceb3,androidx/compose/ui/node/OwnerSnapshotObserver,16,37,43.24
be57ce73abd7ab56,kotlin/reflect/jvm/internal/impl/descriptors/impl/CompositePackageFragmentProvider,16,38,42.11
2145464f06511356,kotlinx/coroutines/flow/DistinctFlowImpl$collect$2,16,18,88.89
4ef24374119c6e32,kotlin/reflect/jvm/internal/KTypeImpl$arguments$2,16,26,61.54
5bb58f61d84f3e4d,kotlin/reflect/jvm/internal/impl/storage/LockBasedStorageManager$MapBasedMemoizedFunction,16,73,21.92
34293ab40a1a565e,kotlinx/serialization/internal/PluginGeneratedSerialDescriptorKt,16,32,50.0
2506733afc8119e3,okhttp3/internal/concurrent/TaskRunner$RealBackend,16,24,66.67
c615e45e49cf18e5,kotlin/collections/builders/MapBuilder$Itr,16,26,61.54
2850c8c57646a3d7,androidx/compose/foundation/layout/RowColumnImplKt,16,71,22.54
bf35012809bfe2e1,androidx/profileinstaller/ProfileInstallerInitializer,16,19,84.21
12f207d9e21142aa,androidx/room/util/KClassUtil,16,31,51.61
8ba9ad31b9c60ab7,androidx/compose/ui/input/pointer/PointerEvent,16,71,22.54
eb0b024934aacbb6,kotlin/reflect/jvm/internal/impl/builtins/jvm/JvmBuiltIns,16,27,59.26
9fc8c1fe7ef5763c,androidx/paging/PageFetcherSnapshot$pageEventFlow$2,16,24,66.67
8beea74735cb4e41,androidx/compose/ui/layout/ContentScaleKt,16,22,72.73
2953dcfc1c0931f1,androidx/paging/SimpleChannelFlowKt$simpleChannelFlow$1$1,16,21,76.19
c7362a2fab683ea5,androidx/compose/animation/EnterExitTransitionElement,16,81,19.75
b2b30362c9be814a,androidx/compose/foundation/layout/AspectRatioNode,16,118,13.56
d713ffec6b9a3a48,androidx/compose/ui/semantics/Role,16,45,35.56
c8ff442876ce6394,androidx/compose/foundation/lazy/LazyListMeasuredItemProvider,16,23,69.57
858e87371a378143,androidx/lifecycle/SavedStateHandle,16,68,23.53
9f55194414b2cb70,coil3/network/NetworkHeaders$Builder,16,26,61.54
eddb8f9843b91ad0,com/nononsenseapps/feeder/db/room/AppDatabaseKt,16,84,19.05
ef152bdf5155a952,androidx/compose/animation/core/InfiniteTransition$TransitionAnimationState,16,28,57.14
67dce1092d141440,androidx/compose/material3/TopAppBarState,16,35,45.71
7687734d88de72cf,androidx/compose/ui/text/style/TextDirection,16,36,44.44
35ad069f8fb4dcbf,androidx/compose/animation/core/Transition$animateTo$1$1$1,15,19,78.95
a855ca80a548a7a1,org/kodein/di/DIContainer,15,46,32.61
c94eefeb309af654,kotlin/coroutines/jvm/internal/ContinuationImpl,15,19,78.95
d77154e10d244e30,okio/FileMetadata,15,71,21.13
9917354b66bf8bf3,com/nononsenseapps/feeder/db/room/AppDatabase$Companion,15,20,75.0
8abe5bf308a5d871,kotlin/sequences/SequenceBuilderIterator,15,39,38.46
7da672841d8870de,org/kodein/di/Copy$NonCached,15,15,100.0
ddb5d2af060feb9c,androidx/paging/MulticastedPagingData,15,22,68.18
47ce3c993f296777,androidx/room/coroutines/FlowUtil$createFlow$$inlined$map$1$2,15,18,83.33
37bf827c71b0a74b,androidx/compose/ui/node/NodeCoordinator$Companion$onCommitAffectingLayerParams$1,15,29,51.72
509f16105c019ec3,com/nononsenseapps/feeder/ui/compose/feed/FeedListItem,15,88,17.05
4eee8123e9df826e,kotlin/text/CharsKt__CharJVMKt,15,53,28.3
ac4e76888093be8f,kotlinx/coroutines/internal/FastServiceLoader,15,126,11.9
886c6cd34872092f,coil3/compose/AsyncImagePainter_androidKt,15,19,78.95
d9369cdeaae1895c,androidx/compose/ui/layout/SubcomposeLayoutState,15,20,75.0
6d1c6641df3e92d7,coil3/EventListener,15,21,71.43
a37d8afbc98827be,androidx/compose/ui/CombinedModifier,15,26,57.69
60ecb45bd4db47aa,androidx/compose/ui/text/style/LineHeightStyle$Alignment,15,49,30.61
bcd5fefcb7f3320c,kotlin/reflect/jvm/internal/impl/descriptors/runtime/components/ReflectKotlinClassFinder,15,20,75.0
0da7a0c2c9226c18,okhttp3/MediaType$Companion,15,47,31.91
3697ac007206c024,androidx/savedstate/SavedStateWriter,15,80,18.75
8e7caa37a998e52f,androidx/compose/foundation/lazy/layout/LazyLayoutPinnableItem,15,55,27.27
cbd039c62efb95cd,com/nononsenseapps/feeder/ui/compose/utils/FeederTextActionModeCallback,15,137,10.95
38599076a67687ce,androidx/savedstate/compose/LocalSavedStateRegistryOwnerKt,15,24,62.5
b76f7740fef0973d,kotlinx/coroutines/CoroutineStart,15,19,78.95
148cab7f03a975ab,com/nononsenseapps/feeder/base/DIAwareJobService,15,15,100.0
4bcfc31d31fd7352,okio/OutputStreamSink,15,18,83.33
68226278be59feb8,kotlin/reflect/jvm/internal/impl/protobuf/GeneratedMessageLite$ExtendableMessage$ExtensionWriter,15,22,68.18
aab0c298f7cbb4ae,androidx/compose/ui/layout/InnermostInsetsRulers,15,23,65.22
b544da15b725730b,kotlin/text/RegexKt,15,27,55.56
235b4231f226d8bb,androidx/compose/material3/SingleRowTopAppBarOverrideScope,15,15,100.0
533c85f2f8f7c237,kotlinx/coroutines/flow/FlowKt__TransformKt$runningReduce$1$1,15,20,75.0
7b3fb28e48210cf9,androidx/savedstate/SavedStateRegistry,15,24,62.5
bf7a7ede95a699d7,androidx/compose/ui/graphics/colorspace/Illuminant,15,22,68.18
37df7b3558cabae0,androidx/compose/ui/window/PopupProperties,15,90,16.67
635d66d1de1ed54e,androidx/compose/ui/semantics/SemanticsConfiguration,15,151,9.93
22ec79f91475e18e,androidx/compose/runtime/changelist/Operation$InsertNodeFixup,15,33,45.45
e878f6c8ac463c0f,androidx/compose/material3/tokens/AppBarTokens,15,23,65.22
9ce4de6aba46978a,coil3/util/LruCache,15,53,28.3
9406d48e398f76c7,androidx/lifecycle/compose/LocalLifecycleOwnerKt,15,25,60.0
cbf9aaf99d080c0b,org/kodein/type/JVMAbstractTypeToken$Companion,15,48,31.25
2d47b6d45a0070a2,kotlin/reflect/jvm/internal/impl/descriptors/runtime/components/ReflectJavaClassFinder,15,16,93.75
d27ec62980f1253f,androidx/compose/material3/tokens/SmallIconButtonTokens,15,25,60.0
e65e79a0f79459a0,kotlin/sequences/FilteringSequence$iterator$1,15,26,57.69
a93a790fa5d1440b,org/kodein/type/JVMParameterizedTypeToken,15,52,28.85
a0c9bcfedac3d701,androidx/compose/material3/FloatingActionButtonElevationAnimatable,15,52,28.85
72f67e4c45cc7b9b,com/nononsenseapps/feeder/model/TTSStateHolder,15,155,9.68
f769286f6075ac4e,androidx/sqlite/driver/SupportSQLiteStatement$OtherSQLiteStatement,15,37,40.54
aa586eff2a753d72,kotlin/coroutines/jvm/internal/BaseContinuationImpl,15,27,55.56
06145f4d8ac44024,androidx/collection/OrderedScatterSet,15,258,5.81
3d6a95ed3cc2878d,androidx/compose/foundation/layout/WindowInsetsPadding_androidKt$navigationBarsPadding$$inlined$windowInsetsPadding$1,15,18,83.33
74f440126c8becad,kotlin/reflect/jvm/internal/KPropertyImpl$_javaField$1,15,26,57.69
7d0455b5c1ea1c94,kotlinx/coroutines/flow/AbstractFlow,15,18,83.33
2618d3e8df4d9cb9,androidx/compose/ui/node/LayoutModifierNodeCoordinatorKt,15,22,68.18
caf500be0ead72a9,androidx/paging/PageFetcher$flow$1,15,21,71.43
a872ebd773ea8682,androidx/core/content/res/ResourcesCompat,15,130,11.54
aa533de32d788ddf,coil3/disk/RealDiskCache,15,22,68.18
5b0f11f7eb2299a1,androidx/compose/material3/tokens/LinearProgressIndicatorTokens,15,22,68.18
2482233292ac0d8c,kotlin/reflect/jvm/internal/impl/storage/LockBasedStorageManager$LockBasedLazyValue,15,61,24.59
9be0f0ebf78e4433,com/nononsenseapps/feeder/util/FilePathProviderImpl,15,16,93.75
e3940378dddd858c,com/nononsenseapps/feeder/archmodel/Repository$getCurrentFeedListItems$$inlined$flatMapLatest$1,15,19,78.95
9fd3ec392b5d0061,androidx/navigationevent/NavigationEventHandler,15,87,17.24
60e4f7583e1930a1,androidx/compose/ui/text/style/TextOverflow,15,33,45.45
0e5e360bccbc2dfa,androidx/window/layout/adapter/sidecar/SidecarWindowBackend,15,85,17.65
d5c335134b5432dc,androidx/lifecycle/LegacySavedStateHandleController,15,24,62.5
93944338297a406e,com/nononsenseapps/feeder/model/PodcastPlayerState,15,77,19.48
c80a05c5768142ac,androidx/lifecycle/viewmodel/internal/ViewModelImpl,15,61,24.59
cf1d36f756381639,coil3/compose/internal/ContentPainterElement,15,130,11.54
8b72113de93269dd,kotlin/reflect/jvm/internal/impl/resolve/OverridingUtil$8,15,26,57.69
4ebbbfcf3c947652,androidx/compose/runtime/external/kotlinx/collections/immutable/implementations/immutableMap/PersistentHashMap,15,47,31.91
aa38cbedcc5d51b8,androidx/lifecycle/ViewModelProvider,15,28,53.57
9df7d6bb564cc18f,androidx/compose/material3/tokens/MotionTokens,15,22,68.18
e864c3074043f79e,okhttp3/Headers,15,48,31.25
23d51994abe1cd48,androidx/compose/ui/layout/RulerProviderModifierNode$rulerLambda$1,15,29,51.72
690feecdae9c74e9,androidx/compose/foundation/layout/FixedDpInsets,15,27,55.56
5c57cbd05184e6df,kotlinx/coroutines/channels/ChannelCoroutine,14,37,37.84
f3b39be0b15bb9fa,androidx/paging/PageFetcherSnapshot$startConsumingHints$3,14,24,58.33
a7bb36f90c7a3c3e,kotlinx/coroutines/CoroutineScopeKt,14,30,46.67
99f23241f2f21b6f,androidx/compose/ui/node/Owner,14,38,36.84
416f7d3abbc4a518,com/nononsenseapps/feeder/archmodel/Repository$getCurrentFeedListVisibleItemCount$$inlined$flatMapLatest$1,14,18,77.78
23b46f18f5775a90,androidx/compose/material/MinimumInteractiveModifierNode,14,19,73.68
3bd5868648b631a1,com/nononsenseapps/feeder/model/RssLocalSync$syncFeeds$2$1,14,20,70.0
8f69433fd6c6beef,kotlin/reflect/jvm/internal/impl/types/IndexedParametersSubstitution,14,32,43.75
d94060de505ecd46,androidx/lifecycle/Lifecycle$Event$Companion,14,26,53.85
7c8042b9f6e74ddd,androidx/compose/foundation/layout/WindowInsetsPaddingKt$onConsumedWindowInsetsChanged$2,14,17,82.35
c58a20f916701638,androidx/compose/runtime/IntStack,14,27,51.85
3229201d84849305,androidx/compose/animation/core/VectorizedInfiniteRepeatableSpec,14,34,41.18
ff1d35dcf4f9b831,androidx/compose/ui/text/input/TextFieldValue,14,85,16.47
051a8bf6a6f7ee04,androidx/compose/runtime/internal/PersistentCompositionLocalHashMap,14,31,45.16
23147bd13a7e2439,androidx/compose/foundation/lazy/layout/LazyLayoutMeasureScopeImpl,14,50,28.0
b15599b842084c22,kotlin/reflect/jvm/internal/impl/metadata/jvm/deserialization/BitEncoding,14,86,16.28
ef345db8b9eaec61,kotlin/reflect/jvm/internal/impl/types/AbstractTypeChecker,14,540,2.59
cec977af72e16cba,androidx/activity/compose/LocalActivityResultRegistryOwner,14,20,70.0
8259717121d23588,androidx/lifecycle/ReportFragment$Companion,14,22,63.64
fbe88ecb206d323c,androidx/compose/ui/text/android/TextAndroidCanvas,14,334,4.19
6cd767f68e41c298,androidx/compose/ui/text/style/LineBreak$Strictness,14,33,42.42
d14b903fcc452521,coil3/request/ImageRequest$Defined,14,87,16.09
d5424132a4b358f6,androidx/compose/runtime/external/kotlinx/collections/immutable/implementations/immutableMap/TrieNodeBaseIterator,14,23,60.87
4ea5eab153221ff7,com/nononsenseapps/feeder/util/HtmlUtilsKt,14,114,12.28
9efa5869ac18e394,com/nononsenseapps/feeder/archmodel/Repository$getScreenTitleForCurrentFeedOrTag$1$1,14,27,51.85
deeb97b585e365e8,coil3/util/ServiceLoaderComponentRegistry,14,16,87.5
3fc26240c55b3159,org/jsoup/parser/HtmlTreeBuilderState$5,14,43,32.56
6a7f416d6d49cc1a,kotlin/reflect/jvm/KCallablesJvm,14,103,13.59
80179b6856ad268a,androidx/compose/material3/tokens/StandardMotionTokens,14,14,100.0
c8e930cda540f601,androidx/compose/ui/graphics/drawscope/CanvasDrawScope$drawContext$1,14,14,100.0
1b47ee912b48151a,androidx/compose/ui/graphics/StrokeCap,14,27,51.85
9a4ec820a4bc9d69,kotlinx/serialization/json/internal/CharArrayPoolBase,14,17,82.35
0ed2022977bdb724,kotlinx/coroutines/internal/SystemPropsKt__SystemProps_commonKt,14,27,51.85
2cc983af16d1d54f,com/nononsenseapps/feeder/base/DIAwareViewModelFactory,14,25,56.0
5721995cb5f5768e,androidx/compose/ui/unit/TextUnitType,14,27,51.85
47ba5d27bd7e6968,okio/internal/DefaultSocket$SocketSource,14,72,19.44
8bbef45965be74fd,androidx/compose/foundation/layout/WindowInsetsPaddingKt$windowInsetsPadding$2,14,17,82.35
0a6340e67154b48d,kotlinx/coroutines/flow/internal/ChannelFlowTransformLatest$flowCollect$3$1,14,16,87.5
5b168e45b799ad02,androidx/compose/ui/unit/IntOffsetKt,14,45,31.11
69f92e959e068987,androidx/compose/ui/layout/LayoutNodeSubcompositionsState$Scope,14,24,58.33
c09d0b91dc7ba646,androidx/room/EntityUpsertAdapter,14,118,11.86
06d9784b7f595076,androidx/collection/ObjectFloatMap,14,472,2.97
5a50f9b96637f431,androidx/compose/ui/text/font/AsyncTypefaceCache,14,68,20.59
15d6e7c3ecb9aca9,kotlinx/coroutines/JobKt__JobKt,14,99,14.14
952d6334dcb598b1,androidx/room/RoomDatabase$MigrationContainer,14,31,45.16
1a579f9e07f77090,androidx/compose/ui/graphics/vector/PathBuilder,14,24,58.33
4348676cc4b09255,androidx/compose/animation/core/AnimationVectorsKt,14,14,100.0
804424c398ae4ef0,kotlin/sequences/GeneratorSequence$iterator$1,14,24,58.33
26884ff1514aeb75,okhttp3/Handshake$Companion,14,30,46.67
428fe3ec4436b619,androidx/compose/runtime/changelist/Operation,14,22,63.64
0478a8fc32b28d57,androidx/work/impl/constraints/trackers/Trackers,14,15,93.33
84c1ddc7b1201c62,androidx/compose/animation/core/AnimatableKt,14,20,70.0
ec0729457b874aa2,com/nononsenseapps/feeder/ui/compose/feed/FeedScreenKt$WhenMappings,14,24,58.33
81ba6ed09ea2e543,kotlinx/serialization/json/internal/StringOpsKt,14,35,40.0
95371e12252c5af8,com/nononsenseapps/feeder/archmodel/Repository$addFeederNewsIfInitialStart$1,14,18,77.78
c9ea615cc8b914fc,androidx/compose/ui/text/TextStyleKt,14,27,51.85
53b2b63e16dfa6d4,kotlinx/coroutines/flow/FlowKt__EmittersKt$onStart$$inlined$unsafeFlow$1,14,21,66.67
5635895da256e8cb,kotlin/reflect/jvm/internal/ModuleByClassLoaderKt,14,22,63.64
5e585096fd87659e,androidx/compose/ui/platform/GlobalSnapshotManager$ensureStarted$1,14,21,66.67
d0092360429d26e3,androidx/compose/foundation/layout/WindowInsetsKt,14,40,35.0
8e71231cd3356973,kotlinx/coroutines/flow/ChannelAsFlow,14,36,38.89
f3f4e7ae5d74de10,androidx/paging/CachedPageEventFlow,14,15,93.33
0334aa2fe3e1bd82,androidx/paging/PageFetcherSnapshot$startConsumingHints$2,14,24,58.33
29cb0332a4cef9b5,androidx/compose/runtime/ComposablesKt,14,213,6.57
961f8703758b1306,androidx/compose/ui/text/AnnotatedString$Builder$MutableRange,14,61,22.95
43f4ad2fe99a1e1d,kotlin/reflect/jvm/internal/impl/serialization/deserialization/ProtoBasedClassDataFinder,14,15,93.33
c94accb35eca22f8,com/nononsenseapps/feeder/ui/compose/settings/FontSelection$RobotoFlex,14,19,73.68
c42176ea2b502316,androidx/room/concurrent/CloseBarrier,14,30,46.67
9ae076996fba3918,androidx/lifecycle/ReportFragment$LifecycleCallbacks,14,22,63.64
6b21f03e366ff629,okio/RealBufferedSource$inputStream$1,14,36,38.89
02f6c357beec437d,kotlin/reflect/jvm/internal/impl/protobuf/GeneratedMessageLite$ExtendableMessage,14,22,63.64
f2d15f6d7ce3ed62,androidx/activity/EdgeToEdgeApi29,14,17,82.35
b153467a085d83b4,coil3/util/AndroidSystemCallbacks,14,33,42.42
6196128848d5273b,kotlin/reflect/jvm/internal/impl/utils/SmartSet,14,37,37.84
bf102664b3cdd7ff,kotlin/reflect/jvm/internal/KPropertyImplKt,14,109,12.84
0c53d8caf11ef8dc,androidx/compose/animation/core/TweenSpec,14,27,51.85
0853b6dd4a0fcab1,kotlinx/coroutines/JobImpl,14,21,66.67
68c843d4bbe56ff6,coil3/network/NetworkFetcher$doFetch$fetchResult$1,14,31,45.16
1147fe149ef38e1d,kotlin/reflect/jvm/internal/impl/descriptors/runtime/structure/Java16SealedRecordLoader,14,36,38.89
7e3b1ee33f11e003,androidx/compose/ui/focus/FocusTargetNode,14,336,4.17
e2d66ec77907b521,com/nononsenseapps/feeder/db/room/SyncRemoteDao_Impl$1,13,17,76.47
f5f9a4e69544440e,okhttp3/internal/platform/Platform,13,90,14.44
2ab0926e22c33ae6,androidx/compose/material3/CardElevation,13,108,12.04
6f045e01c1df91cf,org/kodein/di/DIProperty,13,18,72.22
bedc78b26133e627,androidx/compose/runtime/ProvidedValue,13,24,54.17
1b893e062cb228bc,androidx/compose/ui/layout/InnerRectRulers,13,18,72.22
e34ff677975703fe,androidx/navigation/NavController$NavControllerNavigatorState,13,22,59.09
39a5c64e5d454083,kotlinx/coroutines/internal/LockFreeTaskQueue,13,34,38.24
116b4ddb17cf892b,okio/PeekSource,13,34,38.24
72e2f720975ad0eb,okhttp3/CipherSuite$Companion$ORDER_BY_NAME$1,13,16,81.25
7b274c267761c218,androidx/work/Logger,13,13,100.0
f184e4f790a3e738,kotlin/collections/EmptyList,13,50,26.0
1defed69cafaf9d6,kotlin/reflect/jvm/internal/impl/resolve/scopes/ChainedMemberScope$Companion,13,17,76.47
4405b027e7a87788,kotlin/reflect/jvm/internal/impl/protobuf/SmallSortedMap$1,13,21,61.9
8c79420b91977baf,androidx/compose/ui/node/NodeCoordinatorKt,13,34,38.24
a82d2bca927995ff,androidx/compose/ui/platform/WrappedComposition,13,29,44.83
c07c29efbdc87175,androidx/compose/runtime/changelist/Operation$UpdateValue,13,27,48.15
69b99f8275d306a9,androidx/compose/ui/text/font/ResourceFont,13,64,20.31
206ba02a85dc20eb,androidx/compose/ui/unit/DpSize,13,89,14.61
c5c2c8a51373fbb9,com/nononsenseapps/feeder/model/RssLocalSync$syncFeed$6$2$1,13,23,56.52
8e8d1e1aad8398f8,kotlin/reflect/jvm/internal/impl/descriptors/impl/PropertyAccessorDescriptorImpl,13,115,11.3
3326e97c1454a98b,kotlin/reflect/jvm/internal/impl/descriptors/impl/ValueParameterDescriptorImpl,13,47,27.66
ccc8fcc56064f968,androidx/compose/ui/text/platform/DefaultImpl,13,20,65.0
a20193fc107d889c,okhttp3/internal/http2/Http2Reader$ContinuationSource,13,31,41.94
4f45f9ac4aebb531,androidx/compose/ui/text/android/style/IndentationFixSpan_androidKt,13,40,32.5
3b9bc0ca3793e5a6,androidx/lifecycle/Lifecycle$Event,13,22,59.09
7e200dab2ad03329,androidx/compose/material3/tokens/ElevationTokens,13,14,92.86
52817f0f14d4f32f,kotlinx/coroutines/CoroutineDispatcher,13,18,72.22
a68b0296a64588d7,coil3/compose/AsyncImagePainter$launchJob$1,13,22,59.09
507501f62efc35a2,kotlin/reflect/jvm/internal/impl/renderer/DescriptorRenderer$Companion$ONLY_NAMES_WITH_SHORT_TYPES$1,13,13,100.0
fe8843c2823f1594,androidx/compose/foundation/text/modifiers/TextStringSimpleElement,13,44,29.55
e1acc44f21994f3e,kotlin/reflect/jvm/internal/impl/load/kotlin/DeserializationComponentsForJava,13,20,65.0
01c3dbadbbe94ad6,androidx/arch/core/executor/ArchTaskExecutor,13,21,61.9
04805227de9ec359,androidx/paging/PagingSource$LoadResult$Page,13,79,16.46
3cf74bc20261fe3f,androidx/work/impl/utils/SerialExecutor,13,21,61.9
cc25fb05a1965d38,kotlin/sequences/SequencesKt__SequencesKt,13,56,23.21
1922b675fa9ede03,kotlin/reflect/jvm/internal/impl/descriptors/NotFoundClasses$MockClassDescriptor,13,37,35.14
15c8914df584bae7,okhttp3/Handshake,13,73,17.81
691911ac69f33abf,androidx/compose/foundation/layout/RowColumnParentData,13,47,27.66
39aff8d9602c4d6d,androidx/compose/ui/unit/IntSize,13,31,41.94
1b87e87ae12f9f50,androidx/compose/runtime/changelist/Operation$PostInsertNodeFixup,13,26,50.0
ff1c72b57c927c99,kotlinx/coroutines/ExecutorCoroutineDispatcherImpl,13,52,25.0
143add778fbbab50,androidx/compose/ui/platform/WindowRecomposer_androidKt$createLifecycleAwareWindowRecomposer$2$onStateChanged$1,13,24,54.17
e7cdeafda69005a2,androidx/compose/foundation/FocusableNode,13,104,12.5
6aa1bc703ef66602,kotlin/reflect/jvm/internal/impl/load/java/lazy/ContextKt,13,32,40.62
0ea8f022046dd4a7,androidx/compose/animation/core/FloatTweenSpec,13,35,37.14
012b4286fd65909a,androidx/compose/ui/text/style/TextDecoration,13,28,46.43
f812476360a0f184,androidx/paging/HintHandler$State,13,14,92.86
96e754610927a534,coil3/network/NetworkResponse,13,51,25.49
73a0e6742051fb13,kotlinx/coroutines/flow/FlowKt__LimitKt$takeWhile$lambda$6$$inlined$collectWhile$1,13,20,65.0
dd10094caed475ab,androidx/paging/CachedPageEventFlow$downstreamFlow$1,13,15,86.67
e7e893ff8ac61155,androidx/compose/material3/internal/ParentSemanticsNode,13,15,86.67
3098cd6f12b31f58,kotlin/collections/CollectionsKt__IterablesKt,13,26,50.0
2d10307a57e23aa5,androidx/compose/ui/graphics/vector/VectorComponent$drawVectorBlock$1,13,15,86.67
6293cb26137b2a3e,androidx/compose/ui/node/DepthSortedSet,13,67,19.4
c96b67d09ac9c565,kotlin/reflect/jvm/internal/impl/load/java/AbstractAnnotationTypeQualifierResolver,13,240,5.42
944d138ed216e48e,androidx/compose/animation/core/TransitionKt$rememberTransition$1$1,13,21,61.9
5a75143114bec88a,kotlin/reflect/jvm/internal/impl/resolve/MemberComparator$NameAndTypeMemberComparator,13,28,46.43
c934724c75423d71,androidx/paging/PageFetcher$flow$1$invokeSuspend$$inlined$simpleMapLatest$1,13,17,76.47
ae3f729bdf0510c7,kotlin/io/ByteStreamsKt,13,92,14.13
bdf023cb31775cc2,kotlin/reflect/jvm/internal/impl/protobuf/SmallSortedMap$EntryIterator,13,24,54.17
186a3077d95ae2b8,androidx/core/view/WindowInsetsCompat$TypeImpl30,13,14,92.86
802cb450ccc7cc96,androidx/compose/ui/graphics/colorspace/ColorModel,13,32,40.62
fc8631884cfd75a7,androidx/lifecycle/AbstractSavedStateViewModelFactory,13,27,48.15
622856c6ee76ee6d,kotlin/time/DurationKt,13,442,2.94
241dac8f1ea8035b,okhttp3/internal/cache/FaultHidingSink,13,23,56.52
a7d8d28b477627fe,androidx/core/os/BuildCompat,13,112,11.61
f418ebbf14775de5,com/squareup/moshi/JsonUtf8Writer,13,177,7.34
93146c89fda2b469,com/squareup/moshi/MapJsonAdapter,13,27,48.15
0ad578f3f309f7f1,androidx/navigation/NavGraphBuilder,13,44,29.55
4c7cf403bec87042,kotlinx/coroutines/internal/MainDispatcherLoader,13,31,41.94
96ae0b4e0b5e4041,com/squareup/moshi/JsonReader$Token,13,15,86.67
ed5593b3307df988,androidx/navigation/compose/NavHostKt$NavHost$29$1,13,23,56.52
5e1617efe5c5db18,androidx/room/paging/CommonLimitOffsetImpl$initialLoad$2$1$1,13,20,65.0
0969612b8f6ad062,org/jsoup/internal/SoftPool,13,17,76.47
46227208388fd49c,androidx/compose/ui/node/LookaheadCapablePlaceable$ResettableRulerScope,13,20,65.0
750e167c4bbc90b2,androidx/compose/ui/text/input/KeyboardType,13,48,27.08
33f29b4d7118617f,androidx/navigation/NavigatorProvider$Companion,13,21,61.9
c8cfb76b19c21fb9,kotlinx/coroutines/AwaitKt,13,37,35.14
a58bc3d16b49b723,kotlin/reflect/jvm/internal/impl/types/checker/SimpleClassicTypeSystemContext,13,155,8.39
1da2451aba59b8d1,com/nononsenseapps/feeder/model/gofeed/GoItem,13,135,9.63
2ce9a961b2e44d00,kotlin/reflect/jvm/internal/impl/descriptors/impl/PropertyGetterDescriptorImpl,13,55,23.64
95997cad89d83a6e,kotlinx/coroutines/CoroutineContextKt,13,83,15.66
229555d2ee1c6245,androidx/lifecycle/ViewModelProvider$Companion,13,18,72.22
cfd68483547d047e,com/nononsenseapps/feeder/archmodel/FontStore$getAllFonts$1,13,41,31.71
1e22c6cacf636b4f,androidx/core/view/ViewCompat,13,580,2.24
051743859b316152,androidx/compose/ui/text/font/FontStyle,13,25,52.0
b5e30917bc9f1c9c,androidx/compose/foundation/gestures/ScrollingLogic,13,157,8.28
d64688baec238ff3,androidx/compose/ui/platform/AndroidUiDispatcher$dispatchCallback$1,13,14,92.86
748b60c995209c59,androidx/emoji2/text/DefaultEmojiCompatConfig$DefaultEmojiCompatConfigFactory,13,38,34.21
fe528a1fcd504476,com/nononsenseapps/feeder/ui/compose/material3/tokens/ShapeKeyTokens,13,16,81.25
c3c69081d9ecf77d,androidx/compose/ui/node/UiApplier,13,15,86.67
fe14244bf63b51b2,kotlin/reflect/jvm/internal/impl/types/error/ErrorScopeKind,13,15,86.67
961f8067657bcc18,androidx/lifecycle/viewmodel/compose/LocalViewModelStoreOwner,13,15,86.67
181e35876cc7feca,androidx/compose/material3/tokens/ExtendedFabPrimaryTokens,13,33,39.39
39ab1e61dae902bd,kotlin/reflect/jvm/internal/calls/CallerImpl$Method,13,21,61.9
67c6c05bd6e6cec1,kotlin/reflect/jvm/internal/impl/serialization/deserialization/DeserializedPackageFragmentImpl,13,15,86.67
540c8eb47c418691,kotlin/reflect/jvm/internal/impl/resolve/scopes/ChainedMemberScope,12,62,19.35
e8c05b990fd55cfe,kotlin/reflect/jvm/internal/impl/metadata/jvm/deserialization/UtfEncodingKt,12,16,75.0
3f15d46c02b50904,kotlin/text/RegexOption,12,17,70.59
7790142177977560,kotlin/reflect/jvm/internal/calls/CallerImpl$Constructor,12,14,85.71
656ed771b6f8c56a,kotlin/jvm/internal/PropertyReference,12,35,34.29
e372ff673127af29,androidx/room/EntityDeleteOrUpdateAdapter,12,39,30.77
ed5b025c34c55955,com/nononsenseapps/feeder/model/ParsedArticle,12,132,9.09
019abe299ee763c8,androidx/compose/ui/input/pointer/SuspendingPointerInputModifierNodeImpl,12,182,6.59
4e856753d4e9be4b,androidx/compose/animation/core/VectorizedAnimationSpecKt,12,18,66.67
b843563188ff25f7,androidx/compose/ui/node/LayoutNodeDrawScopeKt,12,14,85.71
8634bad6b9858143,kotlinx/coroutines/sync/SemaphoreKt,12,41,29.27
87cf2189704492cd,androidx/room/util/DBUtil__DBUtil_androidKt$performSuspending$$inlined$compatCoroutineExecute$DBUtil__DBUtil_androidKt$1,12,18,66.67
2576987ef6b14f63,androidx/compose/ui/text/TextRangeKt,12,26,46.15
64c777430bc33d7e,androidx/sqlite/db/SupportSQLiteOpenHelper$Configuration$Builder,12,21,57.14
c1a55b9c748babf6,kotlin/reflect/jvm/internal/impl/load/java/SpecialGenericSignatures$Companion,12,25,48.0
0bbc7e5ffc23cc47,androidx/compose/runtime/snapshots/StateObjectImpl,12,13,92.31
cb3ef8cf0ea998cc,kotlinx/coroutines/internal/ThreadContextKt,12,38,31.58
b59de181deedef34,kotlin/reflect/jvm/internal/impl/protobuf/LazyStringArrayList,12,51,23.53
41819490842094d6,androidx/compose/runtime/saveable/ListSaverKt,12,18,66.67
64f85e9d6b51f777,kotlin/coroutines/CoroutineContext$Element$DefaultImpls,12,12,100.0
88b0c62eb3143bce,com/nononsenseapps/feeder/ui/compose/feedarticle/TranslatedFeedCards,12,26,46.15
0c660b84801b40c3,androidx/navigation/NavDeepLinkDslBuilder,12,42,28.57
3f64eed441e6b7d0,kotlin/reflect/jvm/internal/impl/builtins/jvm/JvmBuiltInClassDescriptorFactory,12,31,38.71
bd417fd1eee42bf3,androidx/compose/material3/tokens/TypefaceTokens,12,12,100.0
981e9159d97097f4,com/nononsenseapps/feeder/ui/compose/pullrefresh/PullRefreshKt,12,18,66.67
9a69b80e0e7f4427,androidx/paging/FlowExtKt$simpleRunningReduce$1$1,12,21,57.14
a556ae9905e9e678,androidx/collection/IntIntMap,12,463,2.59
e8299ae062de186a,org/kodein/di/internal/DirectDIBaseImpl,12,57,21.05
99c696ce0fe12830,androidx/compose/foundation/shape/CornerBasedShape,12,41,29.27
be2d3b6e7f5493f9,androidx/paging/PagingSource,12,18,66.67
a9c154fca15ef608,com/nononsenseapps/feeder/archmodel/SyncFrequency,12,15,80.0
5375a080a4befc6b,androidx/navigation/compose/ComposeNavigator,12,18,66.67
1adc01995e976e3d,androidx/compose/ui/text/style/LineBreak$Strategy,12,30,40.0
6cb6f4726d1819f2,androidx/lifecycle/Lifecycle$State,12,14,85.71
e5da37b5a835d66c,androidx/compose/foundation/gestures/DraggableAnchorsConfig,12,18,66.67
f8eacdd6f88ae1e2,kotlinx/coroutines/DebugKt,12,33,36.36
149dd80e90f4d143,androidx/room/RoomOpenHelper$Companion,12,44,27.27
f5761408e63d2a33,androidx/compose/foundation/lazy/layout/AndroidPrefetchScheduler,12,67,17.91
81dd1c76e5509589,androidx/lifecycle/viewmodel/compose/ViewModelKt__ViewModelKt,12,75,16.0
c5181e210f087944,com/nononsenseapps/feeder/JacocoInstrument/JacocoInstrumentation,12,53,22.64
cdf0a638434c0503,androidx/compose/ui/graphics/Shadow,12,40,30.0
ce6f767a1308a6e8,kotlinx/coroutines/CompletionStateKt,12,20,60.0
f55f89adab48d877,androidx/compose/material3/tokens/CircularProgressIndicatorTokens,12,16,75.0
e889202c23a7fb11,androidx/compose/material3/internal/ChildSemanticsNode,12,13,92.31
94947a31bd15c3e0,androidx/paging/HintHandler$processHint$1,12,13,92.31
d42ae424784e7821,androidx/compose/foundation/lazy/LazyListItemProviderImpl$Item$1,12,15,80.0
5c8a5102ab467640,okio/ByteString$Companion,12,70,17.14
577cf938f3c14caa,androidx/compose/animation/AnimatedContentMeasurePolicy$measure$3,12,13,92.31
2448addc8874f07e,com/nononsenseapps/feeder/notifications/NotificationsWorker$runForever$1$2,12,21,57.14
cfa78d22f4c887ed,androidx/room/coroutines/RunBlockingUninterruptible_androidKt$runBlockingUninterruptible$1$1,12,18,66.67
ca5906d594ac09fa,androidx/room/util/SQLiteConnectionUtil,12,17,70.59
747e4fefcb57813b,androidx/compose/ui/text/android/TextAlignmentAdapter,12,16,75.0
13efd4344b0efee8,androidx/compose/ui/text/PlatformParagraphStyle,12,39,30.77
cb39825f0600ddfe,androidx/compose/animation/core/AnimateAsStateKt$animateValueAsState$3$1,12,18,66.67
6dc2d4af1328196b,androidx/compose/ui/text/EmojiSupportMatch,12,26,46.15
94d30e2d2d6764aa,androidx/compose/ui/text/input/TextInputServiceAndroid,12,146,8.22
f0a23458406eb702,androidx/compose/ui/graphics/PathFillType,12,24,50.0
f3fb0d57cc872197,androidx/navigation/NavBackStackEntry$Companion,12,17,70.59
2f29b8b0c97f4d0c,androidx/compose/ui/graphics/StrokeJoin,12,27,44.44
d7f861525da97f49,com/nononsenseapps/feeder/model/AlwaysUseCacheIfPossibleRequestsInterceptor,12,12,100.0
2accc074fe2920df,androidx/compose/ui/text/style/LineBreak_androidKt,12,12,100.0
8f16772294beb806,kotlin/reflect/jvm/internal/impl/metadata/deserialization/Flags$EnumLiteFlagField,12,17,70.59
c9ad4c234534341b,androidx/compose/ui/graphics/ImageBitmapConfig,12,34,35.29
b6cf900761f433fa,androidx/emoji2/text/EmojiCompatInitializer,12,12,100.0
a8b8538b48954690,okhttp3/internal/connection/InetAddressOrderKt,12,17,70.59
087087538156b86f,kotlin/reflect/jvm/internal/impl/renderer/RenderingUtilsKt,12,53,22.64
d03f5ef71ffe676a,kotlin/reflect/jvm/internal/impl/protobuf/RopeByteString,12,125,9.6
240112fb0a9d2aea,com/nononsenseapps/feeder/db/room/FeedTitle,12,39,30.77
02f2168342e18193,androidx/room/paging/util/RoomPagingUtil__RoomPagingUtilKt$queryItemCount$2$1,12,17,70.59
4a1c7dfa1cf47c4e,kotlinx/coroutines/CompletedExceptionally,12,17,70.59
65c78ebf40785c8c,kotlin/reflect/jvm/internal/KCallableImpl$_parameters$1,12,22,54.55
f19c9fa85c5aca4b,androidx/compose/ui/geometry/RoundRect,12,213,5.63
534226164265af80,androidx/compose/ui/focus/FocusOwnerImpl,12,1275,0.94
d309b81359ae0a69,kotlin/reflect/jvm/internal/impl/metadata/builtins/BuiltInsBinaryVersion$Companion,12,12,100.0
df0dca26bcbc10cd,androidx/compose/ui/text/intl/AndroidLocaleDelegateAPI24,12,22,54.55
8e3d3c6d780e73d3,kotlin/collections/EmptySet,12,28,42.86
136c098bc6436553,androidx/compose/foundation/lazy/layout/LazyLayoutItemAnimator$DisplayingDisappearingItemsNode,12,38,31.58
215db7a113ecff9f,androidx/compose/ui/unit/TextUnit,12,60,20.0
c50e49f51b964dfb,androidx/compose/runtime/snapshots/ReadonlySnapshot,12,39,30.77
56d351560a3e771a,coil3/network/SourceResponseBody,12,43,27.91
2129e381af31f757,kotlin/reflect/jvm/internal/impl/load/java/lazy/LazyJavaPackageFragmentProvider,12,24,50.0
22ee61e7599f6064,kotlin/reflect/jvm/internal/impl/load/java/JavaNullabilityAnnotationsStatus,12,24,50.0
221be2611fd7a4e0,androidx/room/TriggerBasedInvalidationTracker$notifyInvalidation$2$invalidatedTableIds$1,12,24,50.0
5a96c88b33657aae,androidx/room/TriggerBasedInvalidationTracker$syncTriggers$2$1$1$1,12,22,54.55
f29cdb665f03ad14,org/jsoup/parser/HtmlTreeBuilderState$3,12,28,42.86
cc8f4260b254a007,org/jsoup/parser/HtmlTreeBuilderState$4,12,60,20.0
c20799e3c0b3c641,kotlin/reflect/jvm/internal/impl/descriptors/impl/LazyPackageViewDescriptorImpl$memberScope$1,12,13,92.31
afa632f0215501cf,androidx/compose/runtime/AbstractApplier,12,30,40.0
4a1845597618e4a6,com/nononsenseapps/feeder/ui/compose/feedarticle/FeedViewModel$special$$inlined$map$1$2,12,15,80.0
e34f85188027f85e,androidx/compose/material3/ShapesKt,12,46,26.09
05f69ed367e382af,androidx/paging/PagingConfig,12,38,31.58
db9f78716e1f335e,kotlin/SynchronizedLazyImpl,12,20,60.0
d163ec197e381d9c,androidx/compose/ui/text/style/LineHeightStyle$Trim,12,35,34.29
8ba5fefa9abbb10a,kotlin/reflect/jvm/internal/impl/renderer/DescriptorRenderer,12,21,57.14
1285953787e05f54,androidx/compose/ui/text/input/ImeAction,12,45,26.67
945e8afe1821d9d7,androidx/compose/material3/RippleKt,12,27,44.44
e90753cfb041f5e4,androidx/compose/runtime/external/kotlinx/collections/immutable/implementations/immutableMap/TrieNodeKt,12,27,44.44
e1aff1b3446c0b09,kotlinx/coroutines/flow/CallbackFlowBuilder,12,23,52.17
7d89cd7f45904aad,kotlin/reflect/jvm/internal/impl/types/ClassTypeConstructorImpl,12,45,26.67
a31700276cd96ffc,androidx/compose/ui/platform/actionmodecallback/TextActionModeCallback,11,91,12.09
926888de324868de,androidx/paging/HintHandler,11,21,52.38
de0187a4234c3ada,okio/PriorityQueue,11,49,22.45
69f4bcb8d6a263d6,androidx/compose/ui/graphics/vector/VectorPainterKt$rememberVectorPainter$2$composition$1$1,11,15,73.33
5e2e3ef335b3351d,kotlinx/serialization/json/internal/Composer,11,21,52.38
edb9072a0a23e043,androidx/paging/CancelableChannelFlowKt$cancelableChannelFlow$1,11,13,84.62
418441c6249045c4,org/kodein/type/ParameterizedTypeImpl$Companion,11,12,91.67
82bdf917ab2f91bd,androidx/lifecycle/ViewTreeViewModelStoreOwner,11,11,100.0
2895700ba4175d4c,androidx/compose/ui/text/style/Hyphens,11,27,40.74
81946a82d6c2bc0c,androidx/compose/ui/focus/FocusTargetNode$WhenMappings,11,19,57.89
a277039b817462b8,kotlin/reflect/jvm/internal/impl/resolve/DescriptorFactory,11,185,5.95
b42ba9cf816b3e48,coil3/request/ImageRequestsKt,11,41,26.83
5f52c3092fe3d15e,androidx/room/coroutines/PassthroughConnectionPool,11,18,61.11
884b8cdb52dd74a3,kotlin/reflect/jvm/internal/impl/descriptors/ScopesHolderForClass,11,13,84.62
e9e4a023fe36f4f5,kotlin/KotlinVersion,11,53,20.75
53f33daae13cec2e,kotlin/reflect/jvm/internal/impl/types/error/ErrorClassDescriptor,11,16,68.75
11692949591fc2f4,kotlin/reflect/jvm/internal/impl/descriptors/NotFoundClasses$classes$1,11,17,64.71
620beffdbd8af41a,androidx/compose/ui/text/font/AndroidFontLoader,11,45,24.44
03da26b493d73232,androidx/compose/material3/windowsizeclass/AndroidWindowSizeClass_androidKt,11,13,84.62
54886ed2f87f268b,com/nononsenseapps/feeder/ui/compose/material3/SwipeableStateKt$swipeable$4$1,11,21,52.38
a1f5be9fcb8e5038,androidx/compose/runtime/snapshots/StateListStateRecord,11,14,78.57
1d7198e5e802088e,androidx/compose/ui/platform/WindowRecomposer_androidKt$getAnimationScaleFlowFor$1$1$1,11,26,42.31
f1fa6659cc56fec1,org/jsoup/parser/HtmlTreeBuilderState$2,11,23,47.83
fbc6311fd5bffa20,kotlin/reflect/jvm/internal/impl/protobuf/WireFormat$JavaType,11,12,91.67
c589c206ceeb2cd8,androidx/compose/ui/BiasAlignment,11,25,44.0
7452ffbb3176df5f,androidx/compose/ui/layout/ContentScale$Companion,11,23,47.83
6ac74e4ddc1f3d7e,androidx/navigation/compose/internal/NavComposeUtils_androidKt,11,25,44.0
7a69d1fcc0e84e82,kotlin/reflect/jvm/internal/impl/descriptors/runtime/components/RuntimeModuleData$Companion,11,11,100.0
d2cbc48acac6faa0,kotlin/reflect/jvm/internal/impl/descriptors/ClassKind,11,15,73.33
f29a92460cc34a5d,androidx/collection/MutableFloatSet,11,186,5.91
1d12255a30f20ed9,androidx/compose/ui/text/font/TypefaceCompatApi26,11,13,84.62
279bf1dc6358f36b,androidx/navigationevent/compose/LocalNavigationEventDispatcherOwner,11,15,73.33
d2cdb10b20bee50c,androidx/compose/material3/ScaffoldKt$ScaffoldLayout$contentPadding$1$1,11,11,100.0
1c5f9b280cb44d51,androidx/lifecycle/internal/SavedStateHandleImpl_androidKt,11,16,68.75
6b8e1e8813c8c063,kotlinx/coroutines/DelayKt,11,43,25.58
c9e7874b9e88377d,androidx/compose/foundation/gestures/ContentInViewNode,11,170,6.47
3508e2d1626e52ea,androidx/navigation/compose/ComposeNavigator$Destination,11,14,78.57
12e5b9ff74b0f831,androidx/compose/ui/input/pointer/SuspendPointerInputElement,11,44,25.0
2f7c68e908bbc881,kotlin/coroutines/CoroutineContext$DefaultImpls,11,12,91.67
d75dba3b150d9fd5,okio/Okio__JvmOkioKt,11,46,23.91
496c0cacf5dc7804,kotlin/reflect/jvm/internal/impl/storage/LockBasedStorageManager$CacheWithNotNullValuesBasedOnMemoizedFunction,11,34,32.35
b27a6654ae489242,okhttp3/internal/concurrent/Task,11,18,61.11
b05c66a0220a3c91,androidx/paging/SimpleChannelFlowKt$simpleChannelFlow$1$1$producer$1,11,17,64.71
0d3d7e6bd82c622c,androidx/compose/material3/FabPosition,11,29,37.93
3a1c7ad672a3d813,com/nononsenseapps/feeder/model/RssNotificationsKt$cancelNotifications$2,11,13,84.62
c45a5a41d26326f2,kotlin/reflect/jvm/internal/KProperty1Impl,11,15,73.33
6421d5c9d1afeada,androidx/paging/PagingDataPresenter$collectFrom$2,11,13,84.62
fe68588d4659abbb,androidx/compose/ui/text/platform/AndroidParagraphIntrinsics_androidKt,11,37,29.73
d604ade2d7be674d,kotlin/reflect/jvm/internal/JvmPropertySignature$KotlinProperty,11,37,29.73
be337bc6979cb90d,kotlin/reflect/jvm/internal/impl/descriptors/impl/DeclarationDescriptorImpl,11,41,26.83
e31f05fec6f9cbb6,androidx/lifecycle/ViewTreeLifecycleOwner,11,11,100.0
22387d30eb847f33,okhttp3/internal/cache/CacheInterceptor$cacheWritingResponse$cacheWritingSource$1,11,21,52.38
4af611fd7f510f8b,androidx/sqlite/util/ProcessLock$Companion,11,13,84.62
d49f15da60ed2db0,kotlinx/coroutines/flow/internal/ChannelFlowTransformLatest$flowCollect$3$1$2,11,12,91.67
be706f833d9f8023,androidx/work/impl/model/WorkProgressDao_Impl,11,69,15.94
5ccdb18ec96c685c,kotlinx/coroutines/channels/ConflatedBufferedChannel,11,55,20.0
35d0b5b1785374a6,kotlinx/coroutines/flow/internal/CombineKt$combineInternal$2$1$1,11,17,64.71
0c9afb1991016a17,com/nononsenseapps/feeder/ui/compose/feedarticle/FeedViewModel$1,11,17,64.71
c7048cd6dcf61b8d,kotlin/reflect/jvm/internal/impl/descriptors/impl/VariableDescriptorImpl,11,69,15.94
ba7a9b3eec73018f,okhttp3/Protocol,11,15,73.33
0018724a1fdd6165,androidx/compose/foundation/layout/BoxScopeInstance,11,13,84.62
d409f2be7da6363f,coil3/memory/RealStrongMemoryCache,11,22,50.0
b5002ecfd766a148,androidx/core/view/WindowInsetsCompat$Impl30,11,12,91.67
001e125f656d1901,kotlinx/coroutines/flow/internal/ChannelLimitedFlowMerge,11,15,73.33
1ddfe46f448b130b,androidx/compose/ui/text/font/TypefaceRequest,11,39,28.21
9f96df23b1d77f10,androidx/lifecycle/viewmodel/MutableCreationExtras,11,13,84.62
208e61653a46d50d,androidx/compose/animation/core/VectorizedSpringSpec,11,20,55.0
6aae83700e6b08bf,androidx/paging/CachedPageEventFlow$sharedForDownstream$1,11,21,52.38
c961e2849409d0c2,androidx/compose/ui/graphics/AndroidImageBitmap_androidKt,11,37,29.73
4f658d34ad9ce018,kotlin/reflect/jvm/internal/impl/resolve/scopes/DescriptorKindFilter$Companion,11,14,78.57
52246beb26edef28,kotlin/reflect/jvm/internal/impl/metadata/ProtoBuf$Class$Kind,11,20,55.0
5a8ebaef80d03090,androidx/compose/animation/AnimatedContentTransitionScopeImpl$SizeModifierNode,11,33,33.33
0d625fd03b0bfba4,androidx/collection/ScatterMapKt,11,56,19.64
d34ccd985af5f604,coil3/util/Collections_jvmCommonKt,11,16,68.75
fc90532a5ed1631e,androidx/compose/animation/EnterExitTransitionKt$createGraphicsLayerBlock$1$1$block$1,11,14,78.57
28c530540fcbc523,com/nononsenseapps/feeder/ui/compose/coil/RestrainedFitScalingKt,11,18,61.11
54a66ff1437eca53,kotlin/reflect/jvm/internal/ReflectProperties$LazySoftVal,11,14,78.57
593745f4e8e166ab,kotlinx/coroutines/flow/SubscribedFlowCollector,11,24,45.83
2f724ea9628a71ce,kotlin/collections/CollectionsKt__CollectionsJVMKt,11,43,25.58
ed1eca5af11ba52e,kotlin/reflect/jvm/internal/calls/CallerImpl,11,17,64.71
aefe91f692acfe28,androidx/compose/foundation/gestures/AnchoredDraggableNode,11,112,9.82
a890ae82be588be9,kotlin/Triple,11,29,37.93
d1e8b369de36a8bb,androidx/compose/foundation/layout/InsetsPaddingValues,11,20,55.0
b1db11b5381e8c4d,org/jsoup/parser/Token$TokenType,11,12,91.67
593b7a4dd3668497,androidx/core/view/WindowInsetsControllerCompat$Impl30,11,66,16.67
92b83792b00501e9,androidx/compose/foundation/lazy/layout/LazyLayoutMeasuredItemProvider,11,12,91.67
81cf88892e9e130d,coil3/disk/DiskLruCache$Snapshot,11,24,45.83
617841c9d70842ba,coil3/svg/SvgDecoder$Factory,11,39,28.21
68677bd57ed1787d,com/squareup/moshi/CollectionJsonAdapter,11,22,50.0
3abae32a39b0f57c,androidx/compose/ui/text/style/TextIndent,11,26,42.31
48b406871b45c0d1,kotlin/reflect/jvm/internal/impl/utils/WrappedValues,11,41,26.83
8e7c986acafc091e,kotlin/reflect/jvm/internal/impl/descriptors/impl/AbstractTypeParameterDescriptor,11,74,14.86
dd5e9eee4c0959ab,androidx/compose/ui/graphics/AndroidPaint_androidKt$WhenMappings,11,18,61.11
8266e8fad7ffcb12,androidx/compose/ui/input/InputMode,11,24,45.83
c18acca835aaae28,androidx/window/layout/WindowInfoTrackerImpl$windowLayoutInfo$2,11,16,68.75
639e01b12cde585b,coil3/memory/MemoryCache$Builder,11,29,37.93
e203ae662ff434b0,kotlinx/coroutines/flow/FlowKt__ZipKt,11,38,28.95
819abc0fe7e82d5e,org/kodein/di/DI$Module,11,47,23.4
2c7ecfe7e129d565,kotlinx/coroutines/flow/FlowKt__ReduceKt$first$$inlined$collectWhile$2,11,16,68.75
efa231297772de12,androidx/compose/foundation/layout/WrapContentElement$Companion,11,18,61.11
77021c41ca243699,androidx/compose/ui/graphics/colorspace/RenderIntent,11,30,36.67
45db530b2f78e1be,com/nononsenseapps/feeder/model/gofeed/GoFeedAdapter,11,16,68.75
c5ffbad83a15fd00,androidx/compose/ui/semantics/SemanticsOwner,11,14,78.57
368acbf6d713b219,androidx/compose/ui/graphics/colorspace/TransferParametersKt,11,11,100.0
a9ce9b7b8fbaa5a1,okio/InputStreamSource,11,26,42.31
b466f43922a77a4b,kotlinx/coroutines/flow/FlowKt__MergeKt$mapLatest$1,11,15,73.33
3f39e153585abee7,androidx/savedstate/ViewTreeSavedStateRegistryOwner,11,11,100.0
2a4fddfd5d7fb233,androidx/paging/LoadState$NotLoading,11,14,78.57
c626e98c744bc2c4,androidx/lifecycle/viewmodel/compose/ViewModelKt__ViewModel_androidKt,11,49,22.45
4f0772eeb3de975f,androidx/compose/foundation/layout/SpacerMeasurePolicy,11,11,100.0
e4fe5028c8d9a58a,com/nononsenseapps/feeder/model/TooManyRequestsInterceptor,11,36,30.56
8de46a3b8987d7cd,kotlin/reflect/jvm/internal/KFunctionImpl$defaultCaller$2,11,43,25.58
d1b9aaac081a4a97,androidx/compose/ui/platform/CalculateMatrixToWindowApi29,11,11,100.0
8bdaf98e50605bf3,androidx/compose/ui/graphics/drawscope/DrawTransform,11,44,25.0
a482917321b58d8f,androidx/compose/runtime/changelist/Operation$InsertSlots,11,24,45.83
41881d24095a4c3b,androidx/compose/material3/tokens/ExtendedFabSmallTokens,11,13,84.62
92556440a0b10f5a,androidx/compose/ui/text/font/FontWeight$Companion,11,39,28.21
56bc5ad660e0b6fa,androidx/room/paging/LimitOffsetPagingSource,11,30,36.67
31d3608e48e06320,androidx/emoji2/text/EmojiCompatInitializer$BackgroundDefaultLoader,11,13,84.62
65eabb654014042c,androidx/compose/runtime/CompositionObserverHolder,11,19,57.89
edd374a102fee17e,androidx/compose/material3/tokens/FabPrimaryContainerTokens,11,15,73.33
90c3965809195481,androidx/compose/ui/platform/WrappedComposition$setContent$1,11,13,84.62
9a697016efdddeb3,androidx/compose/foundation/lazy/layout/LazyLayoutPrefetchState,11,53,20.75
550dd6e114ceec34,androidx/compose/foundation/shape/RoundedCornerShapeKt,11,55,20.0
ef5012d721aac71f,androidx/compose/foundation/layout/PaddingNode,11,35,31.43
46d9a1e139c4c5ad,okio/-SegmentedByteString,11,75,14.67
c99f1856148e5ea4,kotlin/reflect/jvm/internal/impl/protobuf/GeneratedMessageLite$GeneratedExtension,11,29,37.93
813a1fee7490d669,org/kodein/di/internal/DIImpl,11,19,57.89
95f5a9301f479f4b,androidx/compose/runtime/changelist/Operation$UpdateAnchoredValue,11,34,32.35
feff48b46d36e633,androidx/collection/MutableLongSet,11,180,6.11
64025d6264d20392,androidx/compose/foundation/text/modifiers/InlineDensity,11,27,40.74
d516473395877993,kotlin/reflect/jvm/internal/CreateKCallableVisitor,11,21,52.38
1279ef565a1d398b,com/nononsenseapps/feeder/ui/compose/navigation/ArticleDestination,11,102,10.78
911fccc57268b0b6,androidx/work/impl/model/SystemIdInfoDao_Impl,11,51,21.57
4f2219075ae093d8,androidx/compose/ui/text/style/BaselineShift,11,23,47.83
3979bd9fb925c2a6,androidx/compose/ui/layout/RulerProviderModifierNode,11,19,57.89
ce5b93b17bf0d9b8,androidx/paging/SimpleChannelFlowKt$simpleChannelFlow$1$1$producer$1$1,11,13,84.62
7c69ae75f4e7592c,androidx/compose/foundation/lazy/layout/LazyLayoutMeasuredItemKt,11,19,57.89
eaa9d08e7cd066d0,androidx/core/app/NotificationManagerCompat,10,206,4.85
6bc8fe438a717fb0,androidx/compose/foundation/ScrollingContainerElement,10,49,20.41
a552af0c00e96af9,okhttp3/internal/http/StatusLine$Companion,10,29,34.48
787eb0f0902d7849,androidx/paging/FlowExtKt$simpleScan$1,10,17,58.82
675305a62dbc2e50,org/kodein/di/internal/TypeChecker$Down,10,22,45.45
14c32501a8f41800,kotlin/math/MathKt__MathJVMKt,10,164,6.1
3b86e72e128e8f63,coil3/network/NetworkHeaders,10,21,47.62
064150c0c8b45f72,com/squareup/moshi/StandardJsonAdapters,10,16,62.5
c25311b6fff9cd7f,androidx/compose/foundation/lazy/staggeredgrid/LazyStaggeredGridMeasureResultKt,10,34,29.41
9bd0e8ca384c6ae6,kotlin/reflect/jvm/internal/KDeclarationContainerImpl$MemberBelonginess,10,12,83.33
288ddf9b9f0609e6,kotlin/reflect/jvm/internal/impl/metadata/builtins/ReadPackageFragmentKt,10,13,76.92
ad773aa6e44cf1b9,androidx/compose/material3/IconButtonDefaults$IconButtonWidthOption,10,27,37.04
a16c42057edfdfd4,androidx/compose/runtime/snapshots/StateListIterator,10,31,32.26
2562fc00b75acc97,androidx/compose/ui/text/style/LineHeightStyle,10,28,35.71
1aa630dc185d70e3,coil3/gif/AnimatedImageDecoder$Factory,10,19,52.63
730c135ae9a92b37,androidx/compose/ui/unit/IntSizeKt,10,22,45.45
fa4392a914391fc2,androidx/compose/foundation/layout/InsetsListener,10,47,21.28
2caf82561a3057b6,com/nononsenseapps/feeder/background/BackgroundJobId,10,13,76.92
a46243caa2a926ae,androidx/paging/PageFetcher$flow$1$1,10,20,50.0
50f490b808316bc4,kotlin/reflect/jvm/internal/impl/types/error/ErrorEntity,10,12,83.33
67cf6f69b5715e3e,androidx/compose/foundation/layout/ExcludeInsets,10,16,62.5
1e5a846237ace9b1,androidx/activity/SystemBarStyle$Companion,10,21,47.62
693736419688ad7d,androidx/compose/ui/draw/PainterModifierKt,10,16,62.5
087b21b095f8b927,kotlinx/coroutines/flow/internal/ChannelFlow$collect$2,10,12,83.33
c2c4e8cf856feaf4,kotlin/reflect/jvm/internal/ConcurrentHashMapCache,10,12,83.33
944dc86669545379,androidx/lifecycle/LifecycleCoroutineScopeImpl,10,15,66.67
e8eafdb75d6e6ed5,androidx/compose/ui/text/style/TextMotion$Linearity,10,27,37.04
81a6dc4e6086fb84,androidx/compose/ui/layout/LayoutNodeSubcompositionsState$createMeasurePolicy$1$measure-3p2s80s$$inlined$createMeasureResult$2,10,10,100.0
edb770f823fb1982,androidx/sqlite/db/SimpleSQLiteQuery$Companion,10,33,30.3
ce37727c3de866dd,kotlin/time/DurationUnit,10,13,76.92
7a9f5f8f471645a8,androidx/compose/material3/DelegatingThemeAwareRippleNode,10,25,40.0
6c32f294cccf35a5,kotlinx/coroutines/flow/SharingStarted$Companion,10,12,83.33
de30ed022a42d17e,okhttp3/internal/http2/flowcontrol/WindowCounter,10,22,45.45
c7adef41138573cc,okhttp3/ResponseBody$Companion,10,38,26.32
3f569b0e922bdede,androidx/compose/ui/text/style/TextForegroundStyle,10,18,55.56
325b242a16220881,androidx/compose/ui/text/font/FontFamily,10,15,66.67
0b43d3e3c694f6e3,coil3/ImageLoaders_androidKt,10,23,43.48
16c155b4676d6d24,androidx/paging/PagingData,10,20,50.0
5ae33e6d3ba1366c,kotlinx/coroutines/android/HandlerDispatcherKt,10,59,16.95
595ef6aff5aab3d0,androidx/compose/ui/text/font/FontVariation,10,59,16.95
35207199bd8790fb,androidx/lifecycle/LifecycleRegistry$Companion,10,10,100.0
1a46f2c5bb3739fd,androidx/compose/ui/semantics/AppendedSemanticsElement,10,23,43.48
da90c449832d9755,kotlin/reflect/jvm/internal/impl/protobuf/ExtensionRegistryLite,10,10,100.0
ee80b6c068977a69,androidx/compose/foundation/ClickableElement,10,42,23.81
86d8e21c27c04803,kotlin/reflect/jvm/internal/impl/protobuf/ByteString$Output,10,30,33.33
2de2361a0f467fa7,coil3/RealImageLoader$execute$result$1,10,15,66.67
38714e2c929e4f5a,kotlinx/coroutines/YieldKt,10,19,52.63
392c8106551586a5,okhttp3/Headers$Builder,10,47,21.28
9b49f3b3cdef4edc,androidx/compose/runtime/saveable/SaveableStateRegistryKt,10,17,58.82
c4479396b204a9d4,androidx/arch/core/internal/FastSafeIterableMap,10,11,90.91
79ab1a7ace6941b7,androidx/compose/animation/core/AnimationVector1D,10,22,45.45
2dd01a3ae3b6784a,androidx/compose/material3/tokens/ExtendedFabLargeTokens,10,13,76.92
0dc77c69b62beba1,org/kodein/di/DI$Companion,10,36,27.78
13b3d5f2d03e3a33,androidx/compose/ui/graphics/layer/CompositingStrategy,10,22,45.45
c3400a026dfe09ef,okhttp3/CipherSuite$Companion,10,22,45.45
1ddf9cb3aa676677,androidx/compose/foundation/lazy/layout/AndroidPrefetchScheduler$Companion,10,14,71.43
5413123c2368eb6a,kotlin/reflect/jvm/internal/impl/descriptors/impl/ModuleAwareClassDescriptor$Companion,10,19,52.63
c1811176202a5e90,androidx/paging/PageFetcherSnapshot$pageEventFlow$1$2$1,10,18,55.56
61a0bb3becf1b831,kotlin/reflect/jvm/internal/impl/metadata/ProtoBuf$Visibility,10,18,55.56
b4e838ad71f6d3c3,androidx/compose/material3/windowsizeclass/WindowSizeClass$Companion,10,12,83.33
3bcfb761580bfa67,androidx/compose/foundation/layout/UnionInsets,10,14,71.43
7cdc67561bb66ee7,androidx/work/impl/model/PreferenceDao_Impl,10,29,34.48
8cd70a14c333cb1a,androidx/room/coroutines/PassthroughConnection$usePrepared$2,10,13,76.92
3036c001cb70eb46,coil3/compose/internal/DeferredDispatchCoroutineDispatcher,10,21,47.62
2a16318cd6e01d59,com/nononsenseapps/feeder/ui/compose/material3/tokens/ElevationTokens,10,14,71.43
7eb650349f5d619a,androidx/compose/material3/InteractiveComponentSizeKt,10,13,76.92
31bdf1755c246c98,kotlin/reflect/jvm/internal/impl/load/java/AnnotationQualifierApplicabilityType,10,11,90.91
a8fb22d2f3b3e915,androidx/sqlite/driver/SupportSQLiteStatement$RowSQLiteStatement$ensureCursor$1,10,15,66.67
68eaa115f76c8e6b,kotlinx/coroutines/intrinsics/CancellableKt,10,32,31.25
a2bc48cc3aa461d2,androidx/paging/Pager,10,18,55.56
58552b54bdb87fa9,androidx/compose/ui/layout/LayoutNodeSubcompositionsState$createMeasurePolicy$1,10,16,62.5
d6deb322401d54ba,kotlinx/coroutines/flow/StartedWhileSubscribed,10,32,31.25
4602e96435fbab20,org/kodein/di/bindings/Factory,10,15,66.67
07399be913261dc8,com/nononsenseapps/feeder/ui/compose/navigation/SearchFeedDestination,10,81,12.35
efb51aa0ee4a690e,androidx/compose/ui/platform/GlobalSnapshotManager,10,11,90.91
d66098839e8e2218,okhttp3/ConnectionPool,10,38,26.32
3ad84055f9e4b1ba,androidx/paging/SimpleChannelFlowKt$simpleChannelFlow$1,10,12,83.33
8b1966e37680e990,org/jsoup/select/Evaluator$AttributeKeyPair,10,21,47.62
adcb0392102ead7a,com/nononsenseapps/feeder/FeederApplication$di_delegate$lambda$0$16$0$$inlined$-addInterceptor$1,10,12,83.33
ce40ea51fc2e0b69,androidx/compose/ui/input/pointer/PointerEventType,10,38,26.32
ffcc6fd6917b52f7,androidx/compose/ui/ComposedModifierKt,10,38,26.32
40810dad43c9fd43,com/nononsenseapps/feeder/ui/compose/feed/SwipeableFeedItemPreviewKt$WhenMappings,10,17,58.82
604e1fe1dfe0f3b6,androidx/sqlite/db/SimpleSQLiteQuery,10,12,83.33
e365dccbc3b6c813,kotlin/collections/MapsKt__MapsJVMKt,10,46,21.74
bfef8a6e508bb113,androidx/compose/material3/FloatingActionButtonElevation$animateElevation$1$1,10,16,62.5
070c1c78b6a439e0,androidx/compose/foundation/layout/AspectRatioKt,10,19,52.63
0a8317e15586bcaa,org/kodein/di/bindings/Provider,10,17,58.82
deca7b467bbf2a45,androidx/compose/foundation/lazy/layout/LazyLayoutNearestRangeState,10,14,71.43
2b62f056ab1f64a6,kotlin/reflect/jvm/internal/impl/serialization/deserialization/AbstractDeserializedPackageFragmentProvider,10,22,45.45
8e307f243f7efacf,androidx/arch/core/internal/SafeIterableMap$ListIterator,10,21,47.62
e7e3f3e00a4e8b5c,androidx/paging/CachedPageEventFlow$downstreamFlow$1$2,10,17,58.82
8e0e32614235cb44,androidx/paging/ViewportHint,10,25,40.0
9a74fce8ec3adf92,androidx/activity/compose/internal/BackHandlerCompat,10,17,58.82
51d44aa9432dcde6,androidx/paging/compose/LazyPagingItems$collectPagingData$2,10,12,83.33
b7afbb4df7b4cd4a,androidx/compose/material3/internal/MutableWindowInsets,10,15,66.67
8d8ed4f90213ed78,androidx/compose/ui/node/NodeCoordinator$drawBlock$1,10,11,90.91
395fa30011697ddc,androidx/collection/internal/ContainerHelpersKt,10,18,55.56
94aad9a7792ac367,okio/Path$Companion,10,20,50.0
8511e30c018930d5,kotlinx/coroutines/channels/ChannelResult,10,43,23.26
94963e6a8e0bd389,androidx/navigation/compose/NavHostKt$NavHost$32,10,22,45.45
fcd5d2b709f8d003,kotlin/ranges/IntProgressionIterator,10,14,71.43
f213dfb2f047c5b3,androidx/core/graphics/Insets,10,31,32.26
b129fe2bc560528b,androidx/compose/runtime/internal/SnapshotThreadLocal,10,18,55.56
aeb58a083be72610,kotlin/reflect/jvm/internal/impl/storage/LockBasedStorageManager$MapBasedMemoizedFunctionToNotNull,10,32,31.25
00afaaa4bcf54f94,androidx/compose/material3/tokens/ExtendedFabMediumTokens,10,12,83.33
4c15dc940529cc0a,androidx/compose/ui/graphics/colorspace/ColorSpace,10,38,26.32
77352085ba7a57f5,androidx/compose/runtime/SnapshotStateKt__DerivedStateKt,10,43,23.26
ea2f8f1019f4c692,androidx/compose/ui/semantics/SemanticsPropertyKey,10,19,52.63
9ced2bd0d82bb596,androidx/savedstate/SavedStateReader,10,274,3.65
45b83c2b4438a73e,kotlin/reflect/jvm/internal/impl/load/java/Jsr305Settings,10,29,34.48
cd1df93860a42e1c,androidx/navigationevent/NavigationEventInput,10,61,16.39
db28afa6f72dd91b,kotlinx/coroutines/flow/FlowKt__DistinctKt,10,15,66.67
ba6f5a700df136d8,androidx/paging/CachedPagingDataKt,10,13,76.92
cd0f32a45378d7a4,com/nononsenseapps/jsonfeed/OkHttpBuilderExtensionsKt,10,12,83.33
a442cb98ae523a1f,com/nononsenseapps/feeder/ui/compose/feed/SwipeableFeedItemPreviewKt$SwipeableFeedItemPreview$5$13$2$1,10,18,55.56
0b950736ec87db8f,okhttp3/Route,10,57,17.54
11ea0105fcba7011,kotlinx/coroutines/sync/MutexImpl$CancellableContinuationWithOwner,10,62,16.13
a6a0a277d7438fcc,kotlin/reflect/jvm/internal/impl/metadata/jvm/deserialization/JvmNameResolverKt,10,10,100.0
21400e66d38360d8,com/nononsenseapps/feeder/ui/compose/feedarticle/FeedViewModel$1$2,10,11,90.91
69a7eabbc10cbec0,com/nononsenseapps/feeder/crypto/AesCbcWithIntegrity,10,99,10.1
a6fedac3d48e95ff,androidx/compose/foundation/OverscrollConfiguration,10,23,43.48
82d40421a1c6fa50,com/nononsenseapps/feeder/di/AndroidModuleKt,10,12,83.33
998dec0588792088,com/nononsenseapps/feeder/ui/compose/material3/DrawerState,10,31,32.26
fac4fe5d6efbf7d4,androidx/lifecycle/SavedStateHandle$Companion,10,11,90.91
3de898edc37a786d,org/kodein/di/bindings/InstanceBinding,10,17,58.82
ee46639522665185,androidx/compose/foundation/lazy/layout/IntervalListKt,10,11,90.91
18010de775bfbed4,androidx/compose/foundation/lazy/layout/LazyLayoutItemContentFactory$CachedItemContent,10,10,100.0
b98daf562807e07c,com/nononsenseapps/feeder/ui/compose/feedarticle/FeedViewModel$translatedFeedCards$1,10,15,66.67
108bcfd9f4b734f3,com/nononsenseapps/feeder/base/DIAwareViewModel,10,10,100.0
9a5f5b7c4c04120e,kotlin/collections/builders/ListBuilder$Itr,10,36,27.78
76a2370d4c3d72b8,okio/AsyncTimeout$Watchdog,10,16,62.5
aa5fdcfc82896b4f,androidx/work/impl/utils/PackageManagerHelper,10,24,41.67
13ae15cf7971c096,androidx/core/graphics/TypefaceCompat,10,129,7.75
1db3754e97473fbe,androidx/compose/ui/layout/ScaleFactorKt,9,47,19.15
5c8977a728fc63c3,kotlin/jvm/internal/CallableReference,9,31,29.03
64da9a9b264e1815,kotlin/ranges/IntProgression,9,33,27.27
80c425effe8f7b82,androidx/compose/animation/core/KeyframesSpecBaseConfig,9,15,60.0
47e4e875182a57f7,com/nononsenseapps/feeder/background/FeederJobService$runJob$1,9,13,69.23
e3cb00f6b92a9a65,androidx/compose/ui/text/font/FontLoadingStrategy,9,28,32.14
cc4a30e0d56249b7,kotlin/reflect/jvm/internal/impl/descriptors/impl/ClassDescriptorBase,9,33,27.27
6c5c26380f5b25bd,kotlin/collections/builders/MapBuilder$Companion,9,9,100.0
87b1e6db213c80cb,kotlin/reflect/jvm/internal/KClassImpl$Data$constructors$2,9,9,100.0
a3a8c1b86e0dccef,okio/Timeout,9,115,7.83
e4acdb34174de9dc,kotlin/reflect/jvm/internal/impl/types/TypeSubstitutor,9,299,3.01
90d4ba1f7e84f512,androidx/compose/runtime/changelist/Operations$OpIterator,9,16,56.25
af9f4267f6117a77,kotlin/reflect/jvm/internal/impl/descriptors/NotFoundClasses,9,9,100.0
5f4a12bf2e2e0274,androidx/compose/ui/text/AnnotatedString$Range,9,37,24.32
c4e3bcdf6645bc7b,androidx/compose/ui/text/style/ColorStyle,9,22,40.91
e31f009b2fa92f3c,androidx/compose/foundation/layout/WindowInsetsPaddingKt,9,20,45.0
a9a5b301d3b7ca43,org/jsoup/parser/ParseSettings,9,19,47.37
4541633f681cad31,kotlinx/coroutines/DispatchedCoroutine,9,24,37.5
e689f8bd9f8f82c4,coil3/ExtrasKt,9,14,64.29
441ca616afa7ce2b,androidx/compose/ui/node/MutableVectorWithMutationTracking,9,22,40.91
be20b30c67714e74,androidx/paging/CachedPageEventFlow$downstreamFlow$1$1,9,10,90.0
46b072f485023587,androidx/compose/animation/core/KeyframesSpec$KeyframeEntity,9,25,36.0
21f89cba0409fd83,androidx/compose/animation/core/Transition$DeferredAnimation$DeferredAnimationData,9,15,60.0
9f7ca8e6ecdffe7c,com/nononsenseapps/feeder/ui/compose/utils/WindowInsetsKt,9,59,15.25
3087bf723aba500d,androidx/compose/animation/ColorVectorConverterKt$ColorToVector$1$1,9,9,100.0
c73f1eea6ef5f10f,androidx/compose/runtime/snapshots/GlobalSnapshot$takeNestedMutableSnapshot$1$1,9,10,90.0
1ce2dbdcb5441427,com/nononsenseapps/feeder/ui/compose/material3/NavigationDrawerKt$DismissibleNavigationDrawer$2$2$1,9,13,69.23
0f8892f7aa7cf1e5,com/nononsenseapps/feeder/ui/compose/pullrefresh/PullRefreshState$animateIndicatorTo$1,9,13,69.23
2e41dd212b6b5f11,coil3/util/BitmapsKt,9,40,22.5
d1ac7028df5036dc,kotlin/reflect/jvm/internal/impl/types/TypeParameterUpperBoundEraser,9,81,11.11
4dda3682d199a2d0,kotlin/Result,9,31,29.03
82e1f6a95b17a745,androidx/compose/ui/layout/SubcomposeSlotReusePolicy$SlotIdsSet,9,84,10.71
65336877e0a8a582,kotlin/reflect/jvm/internal/impl/serialization/deserialization/DeserializationConfiguration$Default,9,9,100.0
9d3c94811210b33d,kotlin/reflect/jvm/internal/CacheByClassKt,9,15,60.0
6d81daeca64a39ec,kotlinx/coroutines/flow/FlowKt__ShareKt$launchSharing$1$1,9,10,90.0
1d2ecdf26f3e36a9,kotlinx/coroutines/flow/internal/ChannelFlowTransformLatest,9,16,56.25
cea8d3a334bb60c8,androidx/compose/ui/graphics/FilterQuality,9,31,29.03
164a484a823855d7,androidx/compose/runtime/LaunchedEffectImpl,9,25,36.0
7956093fd8c4215f,com/nononsenseapps/feeder/notifications/NotificationsWorker$runForever$1,9,15,60.0
4904278faafbce29,androidx/navigation/NavControllerViewModel,9,30,30.0
b72070325e34d344,androidx/compose/runtime/Anchor,9,10,90.0
b7515166ee924228,androidx/compose/animation/core/Transition$SegmentImpl,9,16,56.25
e2e2ecc2c5ef015a,okhttp3/Cache$RealCacheRequest$1,9,11,81.82
ce564a68f7da397c,androidx/compose/ui/graphics/painter/BitmapPainterKt,9,13,69.23
28301c2d0de47362,com/nononsenseapps/feeder/notifications/NotificationsWorker$runForever$1$1,9,16,56.25
ad9159530088fef8,androidx/compose/material3/TypographyKt,9,41,21.95
e83549cb429ac9a6,org/kodein/di/internal/TypeChecker$Up,9,20,45.0
ac1667c61e017eec,androidx/paging/PageFetcherSnapshot$startConsumingHints$1$jumpHint$1,9,13,69.23
07e470e59faae3e2,androidx/paging/CachedPageEventFlow$job$1$1,9,18,50.0
6ae3fedf21b03eff,com/nononsenseapps/feeder/archmodel/Repository$getCurrentFeedListItems$1,9,12,75.0
11d41062fc2cb655,androidx/savedstate/SavedStateRegistryController,9,10,90.0
621f822feaae214f,kotlin/reflect/jvm/internal/impl/descriptors/PackageFragmentProviderKt,9,11,81.82
6f73e067c890ab1d,kotlin/reflect/jvm/internal/impl/metadata/deserialization/VersionSpecificBehaviorKt,9,10,90.0
6de0d4c462d3d737,com/nononsenseapps/feeder/model/RssLocalSyncKt,9,26,34.62
ea7dcee6d0b438dd,androidx/emoji2/text/ConcurrencyHelpers,9,11,81.82
ef2715d15e982a71,androidx/compose/foundation/lazy/LazyListIntervalContent$item$3,9,14,64.29
a809cf28eaba0307,androidx/lifecycle/ProcessLifecycleOwner$attach$1,9,13,69.23
1baa4b574f6ff134,kotlinx/coroutines/flow/internal/ChannelFlowTransformLatest$flowCollect$3,9,13,69.23
d82eedcc0aab5199,androidx/compose/foundation/lazy/LazyItemScopeImpl,9,21,42.86
80a2380dee3a384c,androidx/lifecycle/RepeatOnLifecycleKt$repeatOnLifecycle$3$1$1$1$1,9,21,42.86
60aa4631e406ed91,androidx/compose/foundation/lazy/layout/AwaitFirstLayoutModifier,9,38,23.68
a5c325af39cef6f1,androidx/sqlite/db/framework/FrameworkSQLiteOpenHelper$OpenHelper$Companion,9,10,90.0
43ba5825d897ec8a,androidx/compose/ui/focus/FocusStateImpl,9,21,42.86
92331c71500e31e5,androidx/compose/ui/text/style/LineBreak$WordBreak,9,27,33.33
cc07833d664ac6a6,kotlin/internal/jdk8/JDK8PlatformImplementations$ReflectSdkVersion,9,14,64.29
66302468da35d7b1,androidx/paging/PagingDataTransforms__PagingDataTransformsKt$map$$inlined$transform$1$2,9,18,50.0
bc6b2f6801f1bd0b,com/nononsenseapps/feeder/archmodel/Repository$getCurrentlyVisibleFeedTitles$$inlined$flatMapLatest$1,9,13,69.23
9c67dfd42c7c7fb0,kotlin/internal/ProgressionUtilKt,9,22,40.91
bec5860a5158b903,kotlin/reflect/jvm/internal/CachesKt,9,30,30.0
40aecf242feed0c9,androidx/compose/foundation/CanvasKt,9,54,16.67
b6c23595800653e8,androidx/lifecycle/Lifecycle$Event$WhenMappings,9,16,56.25
c28c05308884ffc8,androidx/compose/runtime/Recomposer$Companion,9,84,10.71
43f5d8816237e859,androidx/compose/ui/platform/MotionDurationScaleImpl,9,10,90.0
4d991a58757fb3a1,androidx/navigation/NavArgumentBuilder,9,16,56.25
ae0b850fb5666f5b,androidx/compose/material3/tokens/MotionSchemeKeyTokens,9,11,81.82
d6adb75c4e7e7ec0,androidx/paging/FlowExtKt$simpleScan$1$1,9,18,50.0
8bbc20c2f9b52346,androidx/lifecycle/DefaultLifecycleObserverAdapter$WhenMappings,9,16,56.25
df971add4e637af9,androidx/lifecycle/Lifecycling,9,90,10.0
bb162bb7e87b090d,androidx/compose/foundation/gestures/DefaultDraggableAnchors,9,73,12.33
344bf09c3375652f,androidx/compose/material3/internal/ChildSemanticsNodeElement,9,17,52.94
85cf553315c3d7ab,androidx/lifecycle/compose/FlowExtKt$collectAsStateWithLifecycle$1$1$1,9,19,47.37
5b00c641ffeb706f,androidx/compose/animation/AnimatedVisibilityKt$AnimatedEnterExitImpl$shouldDisposeAfterExit$2$1,9,13,69.23
efd4cdb94f103f93,androidx/compose/foundation/lazy/layout/LazyLayoutSemanticsModifier,9,26,34.62
27a007a70b9438f3,kotlinx/serialization/json/internal/JsonPath,9,56,16.07
5e9844235aa79384,androidx/window/layout/SafeWindowLayoutComponentProvider,9,143,6.29
005f17ae7c6cf82e,kotlin/coroutines/ContinuationInterceptor$DefaultImpls,9,22,40.91
73b22b485fbb74f7,kotlin/reflect/jvm/internal/impl/descriptors/impl/DeclarationDescriptorNonRootImpl,9,37,24.32
ad82a98a6f0458c7,kotlinx/coroutines/CancellableContinuationKt,9,48,18.75
70e184b3def73974,org/kodein/di/LazyDI,9,10,90.0
e4732844b93ca6e8,androidx/compose/runtime/snapshots/GlobalSnapshot$takeNestedSnapshot$1$1,9,10,90.0
4e6dc18ba76b1cf7,androidx/compose/runtime/snapshots/SnapshotId_jvmKt,9,41,21.95
73facda7e8bfe250,kotlinx/coroutines/BuildersKt__BuildersKt,9,22,40.91
3e510836a194c328,coil3/compose/internal/DeferredDispatchCoroutineContext,9,9,100.0
50a78c7a84542d8b,com/nononsenseapps/feeder/model/gofeed/FeederGoItem$content$2$1,9,51,17.65
65e08cab4ebdf2e5,androidx/activity/contextaware/ContextAwareHelper,9,15,60.0
c5264692af0ab925,androidx/compose/ui/text/style/TextMotion,9,27,33.33
5e6854bbaa4e157f,kotlin/reflect/jvm/internal/impl/load/java/lazy/descriptors/LazyJavaClassMemberScope,9,664,1.36
53f8b41857c6c5ca,org/jsoup/parser/Token$Character,9,19,47.37
c030585e87750ae2,kotlin/coroutines/AbstractCoroutineContextKey,9,11,81.82
fec937736b16d4a9,androidx/compose/ui/layout/SubcomposeLayoutState$setRoot$1,9,10,90.0
f48f4d490b8f0476,androidx/navigation/compose/NavHostKt$NavHost$29$1$1$1,9,23,39.13
8f0d74a8d9c11434,androidx/core/view/WindowInsetsCompat$BuilderImpl29,9,22,40.91
a29b5cc37cca3586,com/nononsenseapps/feeder/archmodel/Repository$getScreenTitleForCurrentFeedOrTag$$inlined$flatMapLatest$1,9,13,69.23
936ed74d32f441fd,kotlin/reflect/jvm/internal/impl/storage/LockBasedStorageManager$LockBasedNotNullLazyValue,9,29,31.03
4f85466d1f6e01b1,androidx/compose/animation/core/ArcSpline$Arc,9,78,11.54
568bb627e6169123,androidx/lifecycle/DefaultLifecycleObserverAdapter,9,14,64.29
5e4c99e0ea90baeb,androidx/compose/ui/layout/RectRulersImpl,9,16,56.25
f000f50edd9aa0f9,com/nononsenseapps/feeder/model/gofeed/GoFeed,9,170,5.29
aaf3ec728b745588,kotlin/reflect/jvm/internal/impl/serialization/deserialization/AnnotationAndConstantLoaderImpl,9,125,7.2
2fb2566a0aff0b59,kotlin/reflect/jvm/internal/impl/serialization/deserialization/descriptors/DeserializedClassConstructorDescriptor,9,23,39.13
86829a59e2bd26e1,kotlin/reflect/jvm/internal/impl/renderer/AnnotationArgumentsRenderingPolicy,9,14,64.29
c3994b56c967f8ad,androidx/paging/CachedPageEventFlow$job$1,9,13,69.23
8a0a06d9d580a0f2,coil3/memory/MemoryCache$Key,9,27,33.33
6142724800036ab9,kotlinx/coroutines/scheduling/TasksKt,9,15,60.0
f5c5767527e43e30,kotlinx/coroutines/flow/internal/SafeCollector_commonKt,9,27,33.33
66d56501b4472d24,androidx/compose/ui/platform/WindowRecomposer_androidKt$createLifecycleAwareWindowRecomposer$2,9,14,64.29
ae794fbbd238492a,com/nononsenseapps/feeder/archmodel/ScreenTitle,9,27,33.33
9c01c6c6be80febb,androidx/compose/foundation/lazy/layout/IntervalList$Interval,9,15,60.0
e8e4a6c52fc55ae0,androidx/compose/animation/core/AnimationStateKt,9,69,13.04
08aa7698b0f915d8,androidx/compose/ui/platform/WindowRecomposerPolicy,9,26,34.62
323e1df24177b598,androidx/compose/ui/platform/WindowRecomposer_androidKt$createLifecycleAwareWindowRecomposer$2$WhenMappings,9,16,56.25
b6a272e2a6dbd9fa,androidx/paging/FlowExtKt$simpleRunningReduce$1,9,13,69.23
9c390af7904cdde4,androidx/lifecycle/ViewModelProvider$AndroidViewModelFactory,9,36,25.0
8cc4670f9da6cd0b,androidx/compose/foundation/layout/WindowInsetsSides$Companion,9,14,64.29
7fdff21db3228591,kotlin/reflect/KTypeProjection,9,43,20.93
1520b26cfedda2ec,androidx/paging/FlowExtKt$simpleTransformLatest$1,9,13,69.23
512cfec0f2fc666f,kotlinx/coroutines/flow/internal/ChannelFlow$collectToFun$1,9,12,75.0
d86ac3e230cb90eb,androidx/tracing/Trace,9,79,11.39
7eee12860b4d5cd7,androidx/compose/runtime/SnapshotStateKt__SnapshotFlowKt$collectAsState$1$1,9,19,47.37
14243a88aefbbc40,androidx/compose/foundation/lazy/layout/LazyLayoutItemReusePolicy,9,12,75.0
2a84513f36943117,androidx/compose/runtime/snapshots/tooling/SnapshotObserverKt,9,94,9.57
1027c26f84c0aa1e,kotlin/reflect/jvm/internal/impl/serialization/deserialization/ProtoEnumFlagsUtilsKt,9,20,45.0
cc10e1b31540a446,okhttp3/internal/platform/PlatformRegistry,9,24,37.5
2d1c33a6f4327624,kotlin/reflect/jvm/internal/impl/storage/LockBasedStorageManager$LockBasedNotNullLazyValueWithPostCompute,9,29,31.03
32df140cdf1bc522,kotlin/reflect/jvm/internal/KPropertyImpl$Getter,9,18,50.0
ec6cdc5934e3f989,androidx/compose/ui/unit/TextUnitKt,9,101,8.91
baff63501a12be36,androidx/lifecycle/SavedStateHandleController,9,16,56.25
3e50f492a2387522,androidx/compose/ui/graphics/PaintingStyle,9,24,37.5
b8a50f7e2efa273a,org/kodein/di/internal/DIContainerImpl$Node,9,44,20.45
a3ffba2ecc454ba6,androidx/compose/runtime/BroadcastFrameClock$FrameAwaiter,9,15,60.0
7912201e7bb6fc35,kotlinx/coroutines/ThreadLocalEventLoop,9,10,90.0
c26e7406880d60c0,androidx/navigationevent/ViewTreeNavigationEventDispatcherOwner,9,11,81.82
2f76b668830744e2,kotlinx/serialization/json/internal/ArrayPoolsKt,9,13,69.23
e517ea461238624b,androidx/paging/ConflatedEventBus$special$$inlined$mapNotNull$1$2,9,14,64.29
5e0d34ca83dff629,coil3/network/okhttp/internal/CallsKt,9,10,90.0
b7378ba2d08fec27,androidx/window/core/Bounds,8,44,18.18
60d14bafff4c3463,androidx/sqlite/driver/SupportSQLiteStatement,8,10,80.0
5f8911eaf73fd9d8,androidx/compose/foundation/layout/LayoutWeightElement,8,26,30.77
3d124e92179fa493,kotlin/reflect/jvm/internal/impl/resolve/OverridingUtil$OverrideCompatibilityInfo,8,36,22.22
fcffa2fa2152dfea,kotlinx/coroutines/JobKt,8,30,26.67
7b15e6038c60d1bb,kotlinx/coroutines/flow/FlowKt__ZipKt$combine$$inlined$combineUnsafe$FlowKt__ZipKt$1$2,8,13,61.54
022ea4fbb75cd179,androidx/room/util/DBUtil__DBUtil_androidKt$performSuspending$lambda$1$$inlined$internalPerform$1$1,8,9,88.89
e3fd8069f4d0d60a,org/kodein/di/internal/BindingDIImpl,8,28,28.57
a5274efa81ae8b19,androidx/compose/runtime/Recomposer$join$2,8,10,80.0
e6da69f80930e76b,androidx/compose/runtime/changelist/Operation$EndCompositionScope,8,21,38.1
16389a87143b3921,kotlin/reflect/jvm/internal/impl/metadata/ProtoBuf$MemberKind,8,14,57.14
68af39ce35b7251a,kotlin/reflect/jvm/internal/impl/types/TypeProjectionImpl,8,36,22.22
24fb3a517f6f03d4,androidx/room/util/SQLiteStatementUtil__StatementUtilKt,8,21,38.1
309663fa8589f4dd,androidx/compose/foundation/lazy/layout/LazyLayoutIntervalContent,8,21,38.1
c2b1935f1500a6aa,kotlinx/serialization/json/internal/PolymorphicKt,8,79,10.13
19142037c7bb7cc3,androidx/sqlite/driver/SupportSQLiteStatement$Companion$TransactionOperation,8,10,80.0
de8e3363378a783b,androidx/compose/foundation/text/modifiers/LayoutCacheOperation,8,25,32.0
7bd829e160d0d08b,androidx/work/impl/WorkDatabase$1,8,8,100.0
17937e8e0af28193,kotlin/reflect/jvm/internal/impl/load/java/lazy/descriptors/JvmPackageScope$kotlinScopes$2,8,13,61.54
38e47923f5d1f6e0,androidx/compose/ui/graphics/SolidColor,8,18,44.44
ed95ae0bd41eb490,kotlinx/coroutines/internal/SystemPropsKt,8,8,100.0
58be247ff0e44f3d,kotlinx/serialization/descriptors/SerialDescriptorKt$elementDescriptors$1$1,8,9,88.89
075cfe8d156cafa1,go/Seq,8,19,42.11
480b5235641cfd06,okio/internal/-ByteStringNonJs,8,27,29.63
84c37a4083b33eaf,coil3/RealImageLoader$Options,8,50,16.0
121f4444d3f2c60b,androidx/compose/foundation/gestures/DraggableElement,8,43,18.6
fa7d99b0ee24ce38,kotlinx/coroutines/flow/FlowKt__TransformKt$onEach$$inlined$unsafeTransform$1$2,8,15,53.33
997e5b0623ccc243,com/nononsenseapps/feeder/sync/SyncRestClient$1,8,12,66.67
7fea6ac4a1871751,androidx/sqlite/db/framework/FrameworkSQLiteDatabase$Companion,8,8,100.0
8690dad195cb8d88,kotlin/reflect/jvm/internal/WeakClassLoaderBox,8,16,50.0
4c3d22b690063a90,androidx/compose/ui/platform/AndroidComposeViewAccessibilityDelegateCompat$1,8,12,66.67
9732fc5fff68702d,kotlinx/coroutines/flow/SubscribedSharedFlow,8,14,57.14
4417802296bc36da,kotlinx/coroutines/SupervisorKt,8,14,57.14
17023be700eae859,androidx/room/coroutines/PassthroughConnection$withTransaction$2,8,12,66.67
e9e96edd7028934b,kotlin/reflect/jvm/internal/impl/storage/LockBasedStorageManager$LockBasedLazyValueWithPostCompute,8,17,47.06
562af2d4fdf39d60,coil3/disk/DiskCache$Builder,8,38,21.05
1cc35ab196e3f434,androidx/compose/runtime/Updater,8,52,15.38
c2332ccced9427ae,androidx/compose/ui/semantics/ProgressBarRangeInfo,8,26,30.77
000f304809e07cb4,androidx/compose/foundation/DarkTheme_androidKt,8,11,72.73
a9ee8ecffb289925,org/jsoup/parser/HtmlTreeBuilderState$24,8,14,57.14
9489b0d5105fd146,androidx/compose/ui/graphics/Color$Companion,8,91,8.79
92f134f07ac6998e,androidx/sqlite/driver/SupportSQLiteStatement$TransactionSQLiteStatement,8,41,19.51
22d9cb8269b84599,coil3/compose/AsyncImagePainter$updateRequest$$inlined$target$default$1,8,14,57.14
e19692d6b7084249,com/nononsenseapps/feeder/model/ThumbnailImage,8,8,100.0
d859ed49fbf8a8eb,androidx/compose/material/ripple/AndroidRippleNode,8,37,21.62
1993d37f1e1b729b,androidx/compose/runtime/changelist/Operation$Downs,8,16,50.0
7a6add493ff2debe,kotlin/jvm/internal/SpreadBuilder,8,25,32.0
e7e37f60c126bfd6,okhttp3/internal/http/StatusLine,8,10,80.0
2e15895a9ee65fd1,androidx/compose/runtime/GroupKind,8,31,25.81
23d09d6e35792d42,androidx/compose/animation/EnterExitTransitionKt$createGraphicsLayerBlock$1$1$alpha$1,8,15,53.33
c6c1e5767b703e3a,kotlin/coroutines/intrinsics/IntrinsicsKt__IntrinsicsJvmKt,8,57,14.04
5dd6faf9207d800e,androidx/paging/CachedPagingDataKt$cachedIn$4,8,14,57.14
bcd5368ecc458175,androidx/sqlite/driver/SupportSQLiteDriver,8,27,29.63
61ff60957a02bc1e,androidx/window/core/ExtensionsUtil,8,21,38.1
73480dbc2afff375,kotlin/reflect/jvm/internal/impl/resolve/jvm/JvmClassName,8,57,14.04
18f16099b507cae3,coil3/intercept/EngineInterceptor$execute$executeResult$1,8,12,66.67
995c875db1b06819,androidx/compose/ui/layout/MeasureScope,8,55,14.55
dc7b58beccad8fb2,kotlinx/coroutines/flow/FlowKt__ZipKt$combine$$inlined$combineUnsafe$FlowKt__ZipKt$2$2,8,13,61.54
537ad63f2ea003fb,com/nononsenseapps/feeder/ui/compose/components/UtilsKt,8,11,72.73
22e43d53cf059896,com/nononsenseapps/feeder/archmodel/FeedListArgs,8,39,20.51
31bf20dfff36a66f,kotlinx/coroutines/flow/FlowKt__LimitKt$dropWhile$1$1,8,24,33.33
39ac354865398194,androidx/room/InvalidationTracker$syncBlocking$1,8,12,66.67
f4e3dbbfe02de700,kotlin/reflect/jvm/internal/impl/name/CallableId,8,29,27.59
d9c1dce0e1b1ac4f,kotlinx/coroutines/flow/FlowKt__TransformKt,8,30,26.67
633b3fbc0652f3fd,androidx/compose/runtime/changelist/Operation$UpdateNode,8,21,38.1
63628ff01797f229,androidx/compose/ui/ComposedModifierKt$materializeImpl$result$1,8,8,100.0
e8205f8962d69c33,com/nononsenseapps/feeder/db/room/MigrationFrom24To25,8,40,20.0
03b57b26a04cf169,kotlin/reflect/jvm/internal/impl/metadata/ProtoBuf$Modality,8,14,57.14
0f14cf51225e6811,androidx/compose/ui/input/nestedscroll/NestedScrollDispatcher,8,58,13.79
a8cb121902c17271,androidx/compose/ui/graphics/vector/VNode,8,8,100.0
a719054e36163ebe,com/google/accompanist/adaptive/DisplayFeaturesKt$calculateDisplayFeatures$displayFeatures$2$1,8,12,66.67
7b1e23fddda90e59,androidx/compose/foundation/layout/RowScopeInstance,8,15,53.33
a6216925599b1db7,androidx/core/app/CoreComponentFactory,8,11,72.73
9ae335b48494c08b,com/nononsenseapps/feeder/archmodel/Repository$currentlySyncing$1,8,10,80.0
765e4c49b09bc1d8,androidx/lifecycle/compose/FlowExtKt$collectAsStateWithLifecycle$1$1,8,12,66.67
63bfd4bc8a06b67e,com/nononsenseapps/feeder/ui/compose/navigation/EditFeedDestination,8,66,12.12
817f12e9740b6c0e,androidx/compose/ui/graphics/colorspace/ConnectorKt,8,9,88.89
1dee5f42eafea389,com/nononsenseapps/feeder/db/room/MigrationFrom36To37,8,37,21.62
8ff197334442976b,androidx/lifecycle/ViewModelStore,8,14,57.14
49bb5269a8205802,com/nononsenseapps/feeder/ui/compose/navdrawer/ContentType,8,10,80.0
88991f889e7b2297,com/nononsenseapps/feeder/model/UserAgentInterceptor,8,8,100.0
0487df41c61511d2,androidx/room/TriggerBasedInvalidationTracker$notifyInvalidation$2$invalidatedTableIds$1$1,8,12,66.67
3a1d2cb068b8325c,androidx/paging/MulticastedPagingData$asPagingData$1,8,14,57.14
5619fe6edec0fae5,kotlin/reflect/jvm/internal/impl/protobuf/GeneratedMessageLite$ExtensionDescriptor,8,10,80.0
892f5d39582260b6,androidx/room/TriggerBasedInvalidationTracker$refreshInvalidationAsync$3,8,16,50.0
1c5f6ba0f76d2c0e,org/kodein/di/DIWrapper,8,18,44.44
9efa66418b581f7e,androidx/compose/foundation/VerticalScrollableClipShape,8,8,100.0
9a70e86cb89b064a,androidx/compose/runtime/collection/MutableVector$MutableVectorList,8,32,25.0
f8078a046b425590,androidx/activity/OnBackPressedDispatcher,8,43,18.6
69a37bf38678b8d1,androidx/compose/foundation/lazy/LazyListKt$rememberLazyListMeasurePolicy$1$1$measuredItemProvider$1,8,8,100.0
be2c70ee47cbe41e,kotlinx/coroutines/internal/ResizableAtomicArray,8,14,57.14
cdc23ff54daaf2a2,androidx/lifecycle/ViewModelKt,8,9,88.89
d4abfc114c3389d1,kotlin/jvm/internal/Reflection,8,46,17.39
8773d1755c58873b,okio/internal/ResourceFileSystem,8,140,5.71
7b5894e920be8269,androidx/paging/FlowExtKt$simpleTransformLatest$1$1,8,12,66.67
d0a4d56227044fb7,androidx/compose/ui/modifier/BackwardsCompatLocalMap,8,16,50.0
64ae1446993c6405,androidx/compose/animation/core/TransitionState,8,8,100.0
07b71ebce480d07d,com/nononsenseapps/feeder/archmodel/Repository$getPagedNavDrawerItems$$inlined$flatMapLatest$1,8,12,66.67
36de7dbab1bbf4d2,androidx/compose/ui/platform/LazyWindowInfo,8,25,32.0
7bc1e7937eddaca3,okhttp3/Cache$RealCacheRequest,8,18,44.44
269d5568d9b60414,kotlinx/coroutines/flow/FlowKt__ShareKt$launchSharing$1$2,8,18,44.44
9be333c85a8dbcc2,kotlinx/coroutines/channels/ProducerCoroutine,8,11,72.73
b63dae26500ea697,androidx/compose/material3/MenuKt,8,254,3.15
132e06c7a95ad217,okio/internal/DefaultSocket,8,11,72.73
d7c170e0d04579bb,androidx/navigation/internal/NavGraphImpl$iterator$1,8,15,53.33
e79e88359e60df24,okhttp3/MediaType,8,38,21.05
fc5e6baeb5206de6,androidx/compose/ui/node/ComposeUiNode$Companion,8,12,66.67
96ee35d669a3e5e8,androidx/compose/runtime/Recomposer$recompositionRunner$2$2,8,12,66.67
e9b68a2270e3dcf5,coil3/transition/CrossfadeTransition$Factory,8,19,42.11
d052ab7112936638,com/nononsenseapps/feeder/ui/compose/navigation/FeedDestination$RegisterScreen$1$1,8,15,53.33
a7f00959da7e9b4b,kotlin/reflect/jvm/internal/impl/types/SimpleTypeImpl,8,29,27.59
ad504076af958d10,androidx/compose/ui/graphics/ClipOp,8,24,33.33
4097f3abba5466d9,kotlin/reflect/jvm/internal/impl/descriptors/CallableMemberDescriptor$Kind,8,10,80.0
83ac5b72b8ad4fb5,androidx/compose/foundation/gestures/ScrollableKt,8,56,14.29
a67cdf1568a39e0c,androidx/paging/PageFetcher$flow$1$3$downstreamFlow$1,8,12,66.67
cbb9106d269932b4,okhttp3/internal/platform/android/AndroidCertificateChainCleaner$Companion,8,10,80.0
44188fda5f0144d1,androidx/paging/CachedPagingDataKt$cachedIn$$inlined$simpleMapLatest$1,8,12,66.67
a23b7e8debc46732,androidx/compose/material3/tokens/FabBaselineTokens,8,9,88.89
bf1255be28f4d209,kotlin/collections/builders/MapBuilder$EntryRef,8,27,29.63
e3c686102757b265,com/nononsenseapps/feeder/archmodel/FeedItemStyle,8,10,80.0
10e7edb2af99423c,com/nononsenseapps/feeder/db/room/MigrationFrom23To24,8,34,23.53
fadd9cb0e3057475,androidx/compose/foundation/layout/FillElement$Companion,8,8,100.0
84b4a3a77e508871,androidx/compose/foundation/BackgroundKt,8,21,38.1
a7ea1c2b4ec52431,kotlin/reflect/jvm/internal/impl/types/TypeWithEnhancementKt,8,20,40.0
0a99e7be56b38aac,org/jsoup/helper/Validate,8,56,14.29
bbfd0d4bb5bd925a,kotlin/reflect/jvm/internal/impl/builtins/functions/FunctionClassKind,8,11,72.73
1221f6f03eb26b1b,androidx/compose/foundation/lazy/DefaultLazyListPrefetchStrategy,8,78,10.26
8ad39ddf2f85e922,androidx/compose/ui/geometry/RectKt,8,26,30.77
39675d3f9e59ebc9,com/nononsenseapps/feeder/crypto/SecretKeys,8,18,44.44
993e9ad6f1354334,androidx/compose/foundation/layout/ConsumedInsetsModifier,8,13,61.54
e99867c5d2d58d74,org/kodein/di/internal/DIBuilderImpl$TypeBinder,8,11,72.73
ae25e1e5c43d19b7,androidx/compose/runtime/Recomposer$State,8,11,72.73
19d147aeff2cb302,androidx/compose/animation/AnimatedEnterExitMeasurePolicy$measure$1,8,8,100.0
a2773ae7e3f3493b,kotlinx/coroutines/flow/FlowKt__TransformKt$filterNotNull$$inlined$unsafeTransform$1$2,8,13,61.54
5a93c9d5009701bc,androidx/compose/ui/node/LayoutNode$LayoutState,8,10,80.0
88860120b69b6dfb,androidx/collection/IntSet,8,416,1.92
3d00d608f71c6ef3,androidx/lifecycle/LifecycleRegistry$ObserverWithState,8,11,72.73
7c3fc0f8585217af,androidx/compose/foundation/gestures/DefaultDraggableState$drag$2,8,12,66.67
171008fa116c1dbd,kotlinx/coroutines/flow/FlowKt__ZipKt$combine$1$1,8,15,53.33
cc2daf1595aac5c0,okhttp3/internal/connection/ConnectionListener,8,11,72.73
ba7f50347259eb6a,androidx/compose/ui/text/style/LineHeightStyle$Mode,8,20,40.0
ce4e22941c600336,kotlin/reflect/jvm/internal/impl/metadata/ProtoBuf$TypeParameter$Variance,8,12,66.67
663842951bf3ec91,coil3/Extras$Builder,8,18,44.44
e1c6d661f188b258,androidx/room/coroutines/PassthroughConnectionPool$useConnection$2,8,12,66.67
ccde7c841e421acd,androidx/compose/animation/AnimatedVisibilityKt$AnimatedVisibilityImpl$1$1,8,11,72.73
18357fd3ec0f7f31,androidx/compose/ui/draganddrop/DragAndDropNode,8,104,7.69
780075a7bc5024e0,org/jsoup/parser/TokeniserState$38,8,17,47.06
4f8aa3a72180d8d6,androidx/compose/animation/core/ArcMode,8,22,36.36
e879a45e7b96c26f,com/squareup/moshi/JsonReader$Options,8,11,72.73
e0b72575f0212002,kotlin/reflect/jvm/internal/impl/builtins/DefaultBuiltIns,8,11,72.73
b82c8218d3683cb2,androidx/room/RoomDatabase$JournalMode,8,16,50.0
e468ca7c812c79b2,kotlin/collections/CollectionsKt__MutableCollectionsJVMKt,8,19,42.11
420e5d25afbb061b,androidx/compose/foundation/CombinedClickableNode,8,122,6.56
d4f388ad1e0994f2,androidx/lifecycle/RepeatOnLifecycleKt$repeatOnLifecycle$3,8,12,66.67
a68e3b4349fdc284,org/kodein/type/TypeToken$Companion,8,8,100.0
f6eca863acd62495,androidx/compose/ui/graphics/BlendMode$Companion,8,31,25.81
085da8e2e26b5401,okhttp3/internal/connection/FastFallbackExchangeFinder$launchTcpConnect$1,8,11,72.73
a6ccd786fe8d18c4,androidx/compose/animation/core/EasingKt,8,9,88.89
48411ee0b0211184,org/kodein/type/GenericJVMTypeTokenDelegate,8,16,50.0
9362d8d0981d84f9,androidx/lifecycle/ViewModel,8,34,23.53
7b93918e8e9253e2,androidx/compose/runtime/snapshots/SnapshotIdArrayBuilder,8,13,61.54
e5a376a24a3dae9b,androidx/lifecycle/RepeatOnLifecycleKt$repeatOnLifecycle$3$1$1$1$1$1$1,8,12,66.67
2d9016671156f2a0,okhttp3/internal/tls/BasicTrustRootIndex,8,34,23.53
4466afd5bd016ebe,kotlin/reflect/jvm/internal/impl/types/checker/KotlinTypePreparator,8,78,10.26
e2821f411ae05f52,androidx/compose/ui/platform/AndroidUiDispatcher$Companion$Main$2,8,9,88.89
c6094b387fb5ea10,androidx/compose/ui/text/android/style/LetterSpacingSpanPx,8,11,72.73
92735f418b057e8a,androidx/compose/material3/MotionSchemeKt$WhenMappings,8,14,57.14
dec6c79930287074,androidx/core/view/WindowInsetsCompat$Impl,8,58,13.79
d8a93488c2525775,androidx/compose/runtime/external/kotlinx/collections/immutable/implementations/persistentOrderedSet/PersistentOrderedSet,8,65,12.31
ba62a097d79fb46d,okhttp3/internal/connection/RoutePlanner$ConnectResult,8,38,21.05
d766ff7b9e804ff6,androidx/compose/ui/input/pointer/PointerIcon_androidKt,8,10,80.0
f29ae346c83a409b,androidx/profileinstaller/ProfileVerifier$Cache,8,40,20.0
894d064b506b26e3,androidx/compose/ui/text/font/FontListFontFamily,8,60,13.33
690a4004df350fe8,kotlin/text/Regex$Companion,8,13,61.54
03ec59f0a24d61b0,coil3/request/CachePolicy,8,11,72.73
e4d53175dcc8f096,androidx/compose/foundation/layout/LayoutWeightNode,8,14,57.14
3625cc55ce4a4e3d,androidx/compose/runtime/external/kotlinx/collections/immutable/implementations/immutableList/AbstractPersistentList,8,43,18.6
9ba558878d9a94aa,com/nononsenseapps/feeder/archmodel/FeedItemStore$getPagedFeedItemsRaw$$inlined$map$1$2,8,14,57.14
9108a5e31ab13446,androidx/compose/ui/text/input/KeyboardCapitalization,8,33,24.24
89511066beee1da1,androidx/compose/material/MaterialTheme,8,26,30.77
79f67e2b45c05881,kotlin/jvm/internal/FunctionReference,8,38,21.05
ca5cfcc1426dae5b,com/nononsenseapps/feeder/archmodel/Repository$getCurrentFeedListVisibleItemCount$1,8,10,80.0
a63fb775c8b0a318,androidx/compose/ui/text/style/TextAlign$Companion,8,10,80.0
fa8ec54836669347,com/nononsenseapps/feeder/archmodel/ThemeOptions,8,10,80.0
087037276179e52f,kotlinx/coroutines/flow/FlowKt__ZipKt$combine$$inlined$combineUnsafe$FlowKt__ZipKt$3$2,8,13,61.54
ba09a7c8104cf6c0,androidx/compose/runtime/saveable/SaveableStateRegistryImpl$registerProvider$3,8,13,61.54
e0bb39c89016723d,androidx/compose/ui/graphics/colorspace/Adaptation,8,10,80.0
2b0ab8d34cb2c40c,androidx/compose/ui/layout/LayoutNodeSubcompositionsState$Scope$layout$1,8,12,66.67
e93180cc834ff1c2,androidx/room/paging/CommonLimitOffsetImpl$initialLoad$2$1,8,12,66.67
10e99abb63605248,kotlin/reflect/jvm/internal/impl/metadata/ProtoBuf$Type$Argument$Projection,8,14,57.14
3d7460a467170162,kotlinx/coroutines/flow/StartedWhileSubscribed$command$2,8,10,80.0
9f84a93efe75b377,androidx/navigation/NavControllerViewModelKt,8,8,100.0
47169f4fc8722b91,kotlin/reflect/jvm/internal/ReflectProperties$Val,8,9,88.89
58a6ab61b4755c73,androidx/compose/material3/ScaffoldKt$Scaffold$2,8,11,72.73
cbef85e89fa2aa73,okhttp3/TlsVersion,8,13,61.54
f143b9c1cf1ddc7e,kotlin/text/Charsets,8,20,40.0
eb59996e15917c58,androidx/paging/ItemSnapshotList,8,23,34.78
89ccde3a0ca48753,kotlinx/coroutines/flow/FlowKt__ReduceKt$firstOrNull$$inlined$collectWhile$2,8,16,50.0
754be0810cb6453e,androidx/room/coroutines/RunBlockingUninterruptible_androidKt$runBlockingUninterruptible$1,8,15,53.33
3453416ec6814fdc,androidx/compose/runtime/changelist/Operation$AppendValue,8,23,34.78
82ad8049ec81b215,androidx/compose/runtime/Pending$keyMap$2,8,8,100.0
253e8ee00c255b82,androidx/room/paging/util/RoomPagingUtil__RoomPagingUtilKt$queryItemCount$2,8,12,66.67
e0b15d76d68417ee,okhttp3/internal/cache/CacheStrategy$Factory,8,118,6.78
991a94b5a005f11a,androidx/compose/animation/AnimatedContentTransitionScopeImpl$ChildData,8,8,100.0
b454e19b017fa858,kotlin/reflect/jvm/internal/impl/descriptors/impl/AbstractLazyTypeParameterDescriptor,8,32,25.0
42c02166aeedf05d,androidx/paging/ConflatedEventBus,8,10,80.0
40fb5f5d235961e7,androidx/compose/foundation/lazy/layout/LazyLayoutBeyondBoundsModifierElement,8,22,36.36
ed41629ce14af3ae,coil3/util/Utils_androidKt,8,62,12.9
fe86673b0fa3ab5d,kotlin/reflect/jvm/internal/impl/load/java/JavaTypeEnhancementState,8,14,57.14
ffa8758e7a984d32,kotlin/reflect/jvm/internal/impl/descriptors/impl/VariableDescriptorWithInitializerImpl,8,40,20.0
23058e4673ec4369,kotlin/SafePublicationLazyImpl,8,20,40.0
45e31f75b803bf47,kotlin/reflect/jvm/internal/impl/serialization/deserialization/descriptors/DeserializedAnnotations,8,11,72.73
2f1952ffdce7bf02,androidx/work/impl/constraints/trackers/NetworkStateTracker,8,53,15.09
4a3f9eb55d3f3788,kotlin/reflect/jvm/internal/KFunctionImpl$caller$2,8,39,20.51
42103f69c0eb2311,kotlin/reflect/jvm/internal/impl/load/java/DescriptorsJvmAbiUtil,8,39,20.51
d6f374ca9acaa657,kotlin/reflect/jvm/internal/impl/serialization/deserialization/descriptors/DeserializedSimpleFunctionDescriptor,8,19,42.11
ebbd699d3c2d2120,androidx/compose/ui/graphics/CompositingStrategy,8,22,36.36
3b76b4488b64bb77,coil3/disk/FaultHidingSink,8,20,40.0
b9ceb6933a8f0aea,kotlinx/serialization/modules/SerializersModuleKt,8,19,42.11
4c39391999629321,kotlinx/serialization/json/internal/WriteMode,8,9,88.89
6ed0a82bf58f2c0b,androidx/compose/animation/core/ArcSpline,8,69,11.59
1ba5cbbbdae1f56c,androidx/lifecycle/ProcessLifecycleInitializer,8,10,80.0
b58b4e4b1e3ada6d,coil3/request/Options,8,71,11.27
0481c9481fbbcdec,kotlinx/coroutines/flow/StartedWhileSubscribed$command$1,8,32,25.0
cabdbab980e66f5f,androidx/navigation/NavDestination$Companion,8,37,21.62
b6d27e1f055f522f,androidx/paging/FlowExtKt,8,16,50.0
d071ab679fe9db2a,androidx/compose/material3/DividerDefaults,8,10,80.0
dcf8f2be2c245d8f,androidx/compose/material/InteractiveComponentSizeKt,8,11,72.73
2438c360367daed7,androidx/navigation/compose/NavHostKt$NavHost$32$1,8,12,66.67
1ae587b2ae375369,androidx/compose/ui/graphics/vector/PathNode$CurveTo,7,38,18.42
9cc18ac0c622f00e,androidx/paging/Pager$flow$2,7,8,87.5
3e4c1dcc5e1e3dcd,kotlin/coroutines/AbstractCoroutineContextElement,7,7,100.0
485246738a730435,androidx/compose/ui/node/MeasurePassDelegate$layoutChildrenBlock$1,7,7,100.0
1552dbc7e51cebe6,androidx/lifecycle/LegacySavedStateHandleController$tryToAddRecreator$1,7,7,100.0
fdbdc46711eb289d,androidx/compose/ui/graphics/vector/PathNode,7,9,77.78
5e47216854962b7f,coil3/size/Dimension$Pixels,7,20,35.0
4eadf4b7cb7671b8,kotlin/reflect/jvm/internal/impl/load/java/lazy/LazyJavaResolverContext,7,10,70.0
21b8670db5f85275,kotlinx/coroutines/flow/internal/FusibleFlow$DefaultImpls,7,8,87.5
d8f7c1f13e27c66e,androidx/paging/compose/LazyPagingItemsKt$collectAsLazyPagingItems$1$1,7,19,36.84
17ebe36b3cccc91e,kotlinx/coroutines/internal/InlineList,7,41,17.07
b0e536237f5a38c9,kotlin/reflect/jvm/internal/impl/descriptors/runtime/components/ReflectKotlinClass,7,18,38.89
fff10dfa6f1a9c48,androidx/compose/ui/input/pointer/PointerIcon$Companion,7,10,70.0
d10609f792f2ab70,androidx/compose/runtime/changelist/Operations$WriteScope,7,28,25.0
ba45b0b05cc4d7a6,org/jsoup/parser/TokeniserState$10,7,12,58.33
517fed9a9e454338,kotlinx/coroutines/flow/SharedFlowSlot,7,12,58.33
774bc1d391c8e6cf,androidx/navigation/NavArgument$Builder,7,9,77.78
503bd9e58f2c2748,androidx/compose/ui/platform/AndroidUiFrameClock$withFrameNanos$2$callback$1,7,8,87.5
0d69355adf1a86f3,kotlinx/coroutines/flow/internal/CombineKt$combineInternal$2$1,7,21,33.33
0c05cee727670469,androidx/work/impl/WorkDatabaseMigrations,7,8,87.5
b248f92d07126e5a,kotlin/reflect/jvm/internal/impl/load/kotlin/AbstractBinaryClassAnnotationLoader,7,186,3.76
e488ec64d0cdba64,kotlin/reflect/jvm/internal/impl/types/checker/KotlinTypeRefiner$Default,7,13,53.85
dc2cb879b30f153b,kotlin/collections/builders/MapBuilder$EntriesItr,7,29,24.14
48799c1a55886395,androidx/room/RoomConnectionManager$SupportOpenHelperCallback,7,12,58.33
be8156631216788a,androidx/compose/ui/text/style/TextDirection$Companion,7,8,87.5
c652b6f9ea46b874,androidx/compose/foundation/gestures/DefaultDraggableState,7,9,77.78
add3979ca136998e,androidx/customview/poolingcontainer/PoolingContainer,7,39,17.95
d0ff0381e83339b3,androidx/room/Room,7,48,14.58
4f16fa515449220d,androidx/paging/LoadState$Loading,7,10,70.0
2030b9c6e66c1cfa,okhttp3/internal/http2/Huffman$Node,7,7,100.0
7fe5df4cf064b3a4,com/nononsenseapps/feeder/FeederApplication$di_delegate$lambda$0$17$$inlined$-addInterceptor$1,7,20,35.0
8d8950491376ed3c,androidx/compose/runtime/BroadcastFrameClock$withFrameNanos$2$2,7,9,77.78
56c9d2cf85dce24d,androidx/compose/ui/focus/FocusRequester,7,212,3.3
d247080dcfb3765a,androidx/compose/ui/text/PlatformTextStyle,7,26,26.92
e88b840c850d2a20,kotlin/random/Random,7,99,7.07
71e970d24ce60e36,androidx/compose/ui/text/style/TextOverflow$Companion,7,12,58.33
babf02d48fe1947e,kotlinx/coroutines/flow/FlowKt__LimitKt,7,61,11.48
548a6170ea2fdb9d,com/nononsenseapps/feeder/ui/compose/navdrawer/NavDrawerKt$WhenMappings,7,12,58.33
84492fed44384bc2,androidx/activity/OnBackPressedDispatcher$OnBackPressedEventInput,7,17,41.18
9ae9ecc700c71280,kotlinx/serialization/internal/PrimitiveSerialDescriptor,7,24,29.17
404c8c3ccefe8636,androidx/compose/ui/layout/RootMeasurePolicy,7,21,33.33
17398b42e89f7016,androidx/compose/material3/TextFieldDefaults,7,694,1.01
b3ca52a7faf7de99,kotlinx/coroutines/JobCancellationException,7,30,23.33
a14de7326413a77d,kotlinx/coroutines/scheduling/CoroutineScheduler$WorkerState,7,10,70.0
aca893721779ed95,androidx/compose/ui/node/Invalidation,7,9,77.78
42affc1810af8b25,com/nononsenseapps/feeder/ui/compose/feedarticle/FeedCardSource$Companion,7,7,100.0
c9e3167a77f42d2e,androidx/compose/ui/geometry/SizeKt,7,41,17.07
45855e47bab60426,androidx/compose/material3/ComposableSingletons$ScaffoldKt$lambda$414328099$1,7,11,63.64
3d16429ebf6a6567,androidx/compose/foundation/layout/InsetsValues,7,17,41.18
33c31ca166a4cc52,com/squareup/moshi/JsonAdapter,7,39,17.95
1fa002a4357f6ddc,androidx/activity/SystemBarStyle,7,17,41.18
e3481113c73750a4,androidx/compose/ui/node/ObserverModifierNodeKt,7,8,87.5
8f46183d0695d7f0,androidx/compose/ui/node/BackwardsCompatNodeKt,7,8,87.5
6087b54cee3d1d5d,androidx/paging/compose/LazyPagingItemsKt$collectAsLazyPagingItems$2$1,7,19,36.84
703ed55d8059c218,kotlin/reflect/jvm/internal/impl/metadata/deserialization/Flags$BooleanFlagField,7,12,58.33
24891d4e7172ef37,androidx/compose/ui/node/MeasureAndLayoutDelegate$WhenMappings,7,12,58.33
b2dd44ea7e47cfb2,kotlin/reflect/jvm/internal/impl/types/TypeCheckerState,7,46,15.22
8e89bf91142822e2,kotlin/reflect/jvm/internal/impl/metadata/ProtoBuf$VersionRequirementTable,7,74,9.46
cc351874df20e362,coil3/RealImageLoader_jvmCommonKt,7,7,100.0
1508e27aa1571e73,androidx/compose/foundation/layout/AddedInsets,7,14,50.0
2b8c89b275457fd1,kotlin/reflect/jvm/internal/impl/protobuf/AbstractMessageLite,7,8,87.5
5aafc860da63607d,androidx/compose/ui/text/intl/LocaleList,7,49,14.29
861e6f5192e992a0,androidx/paging/PageFetcherSnapshotState$consumePrependGenerationIdAsFlow$1,7,8,87.5
5b71a14026c5f5e3,kotlin/reflect/jvm/internal/impl/descriptors/Modality,7,8,87.5
a7bb3c3a472d3582,kotlin/reflect/jvm/internal/impl/renderer/DescriptorRenderer$Companion$COMPACT_WITHOUT_SUPERTYPES$1,7,7,100.0
0a1b774e07769363,kotlin/reflect/jvm/internal/impl/types/TypeAttributes$Companion,7,21,33.33
f62b7bc267cfc37e,androidx/compose/foundation/lazy/layout/LazyLayoutBeyondBoundsModifierNode,7,78,8.97
a27deed247f4a2ee,androidx/compose/ui/platform/ViewCompositionStrategy$DisposeOnDetachedFromWindowOrReleasedFromPool,7,8,87.5
e62604b9b99df2bc,androidx/compose/runtime/changelist/Operation$Ups,7,12,58.33
2b39226bf9b07934,kotlin/reflect/jvm/internal/impl/load/java/lazy/descriptors/LazyJavaClassDescriptor$scopeHolder$1,7,8,87.5
5e51bb764d982157,kotlin/reflect/jvm/internal/impl/serialization/deserialization/AbstractDeserializedPackageFragmentProvider$fragments$1,7,7,100.0
834b863126ffaa71,coil3/memory/MemoryCacheService$WhenMappings,7,11,63.64
947f4711dc7c4507,okhttp3/HttpUrl$Companion,7,45,15.56
81f1430f0aa06273,androidx/lifecycle/LifecycleCoroutineScopeImpl$register$1,7,11,63.64
44a2eb242aab4f64,androidx/room/RoomRawQuery,7,13,53.85
abd1eda180a66c70,androidx/compose/ui/platform/WindowRecomposerPolicy$createAndInstallWindowRecomposer$unsetJob$1,7,21,33.33
36c73c0a66606605,androidx/paging/PageFetcherSnapshotState$consumeAppendGenerationIdAsFlow$1,7,8,87.5
06073d2f3eca4f20,com/nononsenseapps/feeder/ui/compose/coil/RestrainedCropScaling,7,7,100.0
3a89365da8c2af0b,kotlin/reflect/jvm/internal/impl/serialization/deserialization/descriptors/DeserializedTypeParameterDescriptor,7,25,28.0
4bc826ced066365d,androidx/compose/animation/AnimatedVisibilityKt$AnimatedVisibilityImpl$2$1,7,8,87.5
3bc57c246f6823e3,com/nononsenseapps/feeder/archmodel/SwipeAsRead,7,9,77.78
228fc52fefd003f3,com/nononsenseapps/feeder/ui/compose/material3/Strings,7,20,35.0
6aa0b22b328da182,com/nononsenseapps/feeder/ui/compose/theme/TypographySettings,7,34,20.59
726637e63cc4f2cf,kotlin/reflect/jvm/internal/ReflectionFactoryImpl,7,42,16.67
512242267c06e49f,kotlin/reflect/jvm/internal/impl/types/AbstractTypeConstructor,7,26,26.92
749a59d3c12e0784,androidx/compose/ui/graphics/vector/VectorApplier,7,13,53.85
bf1dc09ce9e8ba37,kotlin/reflect/jvm/internal/impl/serialization/deserialization/DeserializedClassDataFinder,7,10,70.0
2a83619af63d91b7,kotlin/reflect/jvm/internal/impl/metadata/deserialization/TypeTable,7,21,33.33
66c3343716de0913,androidx/compose/material3/RippleNodeFactory,7,22,31.82
c82787e5ce54ccaf,androidx/compose/foundation/lazy/layout/TraversablePrefetchStateModifierElement,7,18,38.89
67edf13165cb1e9c,coil3/network/internal/DefaultCacheStrategy,7,17,41.18
dae191cbee6468d8,androidx/work/WorkManagerInitializer,7,7,100.0
910337b0c689ed9e,androidx/compose/material3/RippleConfiguration,7,21,33.33
171ff895f3593169,androidx/compose/animation/AnimatedContentTransitionScopeImpl$SizeModifierNode$measure$1,7,7,100.0
e20fc723f3e63b2a,androidx/navigation/compose/BackStackEntryIdViewModel,7,15,46.67
5c6b0755437c960e,kotlin/sequences/IndexingSequence$iterator$1,7,12,58.33
01cd5c71630290f0,kotlin/reflect/jvm/internal/impl/load/java/NullabilityAnnotationStatesImpl,7,7,100.0
1cc3a910e9253251,androidx/paging/HintHandler$HintFlow,7,8,87.5
3041dc71b8bf3a25,kotlin/io/FilesKt__UtilsKt,7,216,3.24
b32ea73f2bb87107,androidx/compose/ui/platform/GraphicsLayerOwnerLayer$recordLambda$1,7,8,87.5
7d128cda5a0da526,androidx/navigation/ActivityNavigator,7,133,5.26
e408b5877bfe0488,androidx/paging/CachedPagingDataKt$cachedIn$$inlined$map$1$2,7,12,58.33
8f0c8a1543264919,androidx/compose/foundation/gestures/AnchoredDraggableElement,7,50,14.0
575e0d551789a2fd,org/jsoup/parser/TokeniserState$1,7,9,77.78
34cc9afece4dcfd7,coil3/network/ConnectivityCheckerKt,7,12,58.33
2fbae50818c59dd8,androidx/compose/foundation/layout/BoxWithConstraintsScopeImpl,7,32,21.88
6424b5e529111700,androidx/compose/foundation/layout/BoxChildDataElement,7,22,31.82
66c37e78f8d5efbc,androidx/paging/PageFetcherSnapshot$startConsumingHints$1,7,21,33.33
b8ec8ab50e4c8c07,androidx/compose/ui/node/LookaheadCapablePlaceable$layout$1,7,7,100.0
7ffc17b5cc729479,androidx/navigation/compose/DialogHostKt$DialogHost$2$1,7,17,41.18
7812de94dbeccd20,com/nononsenseapps/feeder/db/room/FeedItemKt,7,8,87.5
bf2f35a2f7bb8d53,androidx/compose/foundation/gestures/AnchoredDraggableDefaults,7,44,15.91
546152957d9d0bbf,androidx/compose/ui/text/font/FontSynthesis_androidKt,7,33,21.21
f802c54251235cb4,com/nononsenseapps/feeder/archmodel/PrefsFeedListFilter,7,25,28.0
e15b0d4052e7ae0b,kotlinx/coroutines/flow/StateFlowKt,7,39,17.95
ace9c8a0a29d562b,kotlin/reflect/jvm/internal/impl/metadata/jvm/JvmProtoBuf$StringTableTypes$Record$Operation,7,12,58.33
7aa05407b7992836,kotlin/reflect/jvm/internal/impl/load/java/lazy/descriptors/LazyJavaPackageScope$FindClassRequest,7,10,70.0
f1c96b6ea2d0095a,androidx/compose/foundation/ScrollingLayoutElement,7,26,26.92
e0afe94e905cc8ff,androidx/compose/foundation/gestures/DefaultScrollableState,7,18,38.89
b6a8fa8e1f054271,androidx/paging/PageFetcherSnapshot$pageEventFlow$1$4,7,13,53.85
97a264e5557eb761,androidx/lifecycle/LifecycleDispatcher,7,8,87.5
b301aac85783bf9c,androidx/collection/internal/LruHashMap,7,23,30.43
61ca588b1b7f503c,androidx/compose/material3/ComposableSingletons$ScaffoldKt,7,10,70.0
2c20ff3a86cb4793,kotlin/reflect/jvm/internal/impl/load/java/lazy/descriptors/LazyJavaPackageFragment$binaryClasses$2,7,16,43.75
a362aee5119ceead,androidx/compose/runtime/internal/PersistentCompositionLocalHashMap$Builder,7,33,21.21
9dbc675da47c4d84,androidx/compose/runtime/CompositionContext,7,10,70.0
7234085774535d02,com/nononsenseapps/feeder/model/ParsedFeed,7,105,6.67
8493797c30ea3e4d,androidx/compose/ui/semantics/CoreSemanticsModifierNode,7,11,63.64
d5c175c09320a076,androidx/compose/ui/text/font/FontKt,7,34,20.59
fda781d6a33bec25,com/nononsenseapps/feeder/archmodel/FeedItemStore$getPagedFeedItemsRaw$2$1,7,8,87.5
075325464c33fd54,com/nononsenseapps/feeder/ui/compose/feed/FeedOrTag,7,20,35.0
85249974c1010ed2,androidx/compose/ui/window/AndroidPopup_androidKt,7,324,2.16
30947abd230e1ab5,androidx/compose/ui/text/TextLinkStyles,7,37,18.92
c41f96493b56fd60,androidx/core/view/ViewGroupKt$iterator$1,7,9,77.78
5b8f98ab7c638b84,kotlin/reflect/jvm/internal/impl/renderer/DescriptorRenderer$Companion,7,19,36.84
601d2045845c10cc,okhttp3/internal/http/RequestLine,7,23,30.43
17c71872389ba3e5,androidx/compose/material3/CardColors,7,53,13.21
5ea0b83def251d60,kotlin/reflect/jvm/internal/impl/load/java/JavaIncompatibilityRulesOverridabilityCondition,7,43,16.28
35b39ac87292a8cb,org/jsoup/nodes/Document,7,100,7.0
48fb26d44bf7f0f0,androidx/paging/CachedPagingDataKt$cachedIn$2,7,11,63.64
e946989c3803fc91,androidx/compose/ui/node/MeasurePassDelegate$WhenMappings,7,11,63.64
b083855e291c49a7,kotlinx/serialization/json/JsonKt,7,12,58.33
c5589bfee10e2ad9,androidx/work/impl/Processor,7,120,5.83
bcc3c8dc8776461d,androidx/compose/ui/platform/AndroidComposeView_androidKt,7,39,17.95
c70ca2caabd8db9f,kotlin/reflect/jvm/internal/impl/descriptors/runtime/components/ReflectKotlinClass$Factory,7,7,100.0
5726c1c5ff479c3d,org/jsoup/parser/TokeniserState$35,7,21,33.33
8134c2ce2924df7a,kotlin/reflect/jvm/internal/impl/metadata/deserialization/Flags$FlagField,7,7,100.0
1de5f05dac7a5478,androidx/core/graphics/TypefaceCompatApi29Impl,7,114,6.14
dfbf0e0ea34d072f,kotlinx/coroutines/flow/internal/ChannelFlowOperator,7,25,28.0
6f5e31f3103dfb7f,androidx/compose/ui/graphics/vector/PathNode$RelativeCurveTo,7,38,18.42
2a9ce5deccd53597,androidx/compose/ui/text/style/TextForegroundStyle$Companion,7,12,58.33
736a39196f25336c,androidx/compose/material3/FloatingActionButtonKt$FloatingActionButton$3,7,10,70.0
e0171ce7b8895221,com/nononsenseapps/feeder/ui/compose/settings/FontSelection,7,25,28.0
4caa2167f97642e7,androidx/activity/OnBackPressedCallback,7,31,22.58
6dc121dc5b1b015a,kotlin/reflect/jvm/internal/impl/types/checker/NewKotlinTypeCheckerImpl,7,21,33.33
012ce85cd3a34ca5,androidx/compose/ui/focus/Focusability,7,38,18.42
a7f7faa580e8ebc7,androidx/compose/material3/TooltipStateImpl,7,22,31.82
09b7c5f854f5ce18,kotlin/reflect/jvm/internal/impl/renderer/DescriptorRenderer$Companion$DEBUG_TEXT$1,7,7,100.0
480f3aa8e42ea023,androidx/compose/ui/spatial/RectManager$dispatchLambda$1,7,8,87.5
b4867710b425e101,androidx/compose/material3/ScaffoldLayoutContent,7,10,70.0
6138beb225fcccbb,androidx/compose/animation/core/VectorizedTweenSpec,7,17,41.18
343063efb893b840,androidx/core/content/ContextCompat,7,95,7.37
8e303df8096eadb4,androidx/compose/ui/draganddrop/AndroidDragAndDropManager,7,28,25.0
c46d3ef9ae5fe38a,androidx/compose/foundation/lazy/layout/LazyLayoutItemAnimator$DisplayingDisappearingItemsElement,7,17,41.18
13c5440669c72970,androidx/compose/runtime/external/kotlinx/collections/immutable/implementations/immutableList/AbstractListIterator,7,24,29.17
437191557557d0ec,androidx/paging/PageEvent$Insert$Companion,7,18,38.89
84ca6f8a407d5c89,androidx/compose/material3/internal/BasicTooltipKt$keyboardBehavior$1$1,7,19,36.84
86bf143fc9ae4cf0,kotlin/reflect/jvm/internal/impl/types/error/ErrorType,7,25,28.0
817d5676fc849c64,androidx/compose/foundation/ClickableNode,7,90,7.78
54a590b68291316c,androidx/compose/runtime/GroupInfo,7,7,100.0
9b3bb2045ad9cbea,com/nononsenseapps/feeder/ui/compose/feedarticle/FeedViewModelKt,7,28,25.0
34fc16f52e9f74ab,androidx/core/os/BundleKt,7,49,14.29
968fbb66a10cb4a7,org/kodein/type/ParameterizedTypeImpl,7,29,24.14
0612543391c91b97,kotlinx/coroutines/flow/FlowKt__TransformKt$withIndex$1$1,7,15,46.67
c7d3ee97a855d9d8,kotlin/reflect/jvm/internal/KClassImpl$Data$descriptor$2,7,9,77.78
28e23e5dc6bc28d4,kotlin/reflect/jvm/internal/impl/serialization/deserialization/ClassDeserializer$ClassKey,7,10,70.0
fe06df07a332baef,androidx/savedstate/SavedStateRegistryController$Companion,7,7,100.0
ffe2f14069707edb,androidx/sqlite/driver/SupportSQLiteStatement$TransactionSQLiteStatement$WhenMappings,7,12,58.33
87661a6f5566f14e,androidx/compose/ui/platform/coreshims/ViewCompatShims,7,12,58.33
7faba392a0c0a5bb,androidx/compose/ui/input/nestedscroll/NestedScrollElement,7,18,38.89
8dcac4edc084b0c4,androidx/compose/ui/graphics/BlendModeColorFilter,7,14,50.0
3a88c432db68bc66,kotlin/coroutines/jvm/internal/RestrictedContinuationImpl,7,10,70.0
42d28deb27a7d16d,androidx/compose/foundation/lazy/layout/LazyLayoutItemAnimatorKt,7,7,100.0
72ffcbedee158d11,androidx/activity/ComponentActivity$ReportFullyDrawnExecutorImpl,7,34,20.59
1806273a1c681929,androidx/lifecycle/Lifecycle$Event$Companion$WhenMappings,7,12,58.33
43d3c1303371cb16,kotlinx/coroutines/scheduling/DefaultIoScheduler,7,13,53.85
fabd78874d21958c,kotlinx/coroutines/flow/FlowKt__BuildersKt$flowOf$$inlined$unsafeFlow$1,7,15,46.67
34b0dc487e324c6b,kotlin/reflect/jvm/internal/impl/protobuf/WireFormat,7,7,100.0
d013c4f87e6dd028,androidx/compose/foundation/lazy/layout/LazyLayoutNearestRangeState$Companion,7,7,100.0
71d4cd9fa9fc6f7a,kotlin/collections/IndexingIterator,7,9,77.78
967cfe0ffcc7ce54,androidx/room/coroutines/PassthroughConnectionPool$ConnectionElement,7,9,77.78
3bcbfc0d4e7172f8,androidx/compose/foundation/lazy/layout/LazyLayoutItemContentFactoryKt$SkippableItem$1,7,10,70.0
c64e2dc1f5f565ef,coil3/compose/internal/ContentPainterNode,7,9,77.78
db80486c7aa3928b,androidx/paging/MulticastedPagingData$asPagingData$2,7,13,53.85
5deb948ecce57e66,com/nononsenseapps/feeder/ui/compose/material3/SwipeableState$snapInternalToOffset$2,7,8,87.5
554f6accc5950618,androidx/compose/ui/res/StringResources_androidKt,7,45,15.56
feba37be461a7394,androidx/compose/ui/text/Paragraph,7,40,17.5
c872bf741d76b6c6,kotlin/reflect/jvm/internal/impl/metadata/ProtoBuf$QualifiedNameTable$QualifiedName$Kind,7,12,58.33
d2c3bbd6c23a17c1,androidx/compose/ui/text/font/PlatformFontVariationSettings_androidKt,7,58,12.07
e705f6d99deb1131,androidx/compose/ui/platform/SemanticsNodeCopy,7,16,43.75
8dc1cfb026ae19f9,androidx/collection/IntObjectMapKt,7,48,14.58
a9607eaff0a4fa25,kotlin/reflect/jvm/internal/impl/renderer/DescriptorRenderer$Companion$COMPACT_WITH_SHORT_TYPES$1,7,7,100.0
d06c88b9becb1b9e,coil3/disk/RealDiskCache$RealEditor,7,10,70.0
716d6d3ea86e69ea,androidx/compose/material3/FloatingActionButtonElevation$animateElevation$2$1,7,13,53.85
6b7e23c12ac7fc5c,androidx/compose/ui/autofill/AndroidAutofill,7,30,23.33
ae0d4967ad1514dc,androidx/compose/animation/ContentTransform,7,17,41.18
0fccc9a7f287aa45,androidx/navigation/Navigator,7,57,12.28
11a8c163910d9f79,androidx/sqlite/db/framework/FrameworkSQLiteProgram,7,11,63.64
bbd8ccb6d371dadc,androidx/compose/ui/focus/CustomDestinationResult,7,9,77.78
e8ad1e44c3816bb4,kotlin/reflect/jvm/internal/impl/types/error/ErrorModuleDescriptor,7,21,33.33
e0fee56630608a88,com/nononsenseapps/feeder/archmodel/FeedType,7,9,77.78
ff2653498a3ed9cb,okio/Okio,7,25,28.0
2e6c9544153291f7,androidx/compose/ui/node/LookaheadCapablePlaceable$captureRulers$1,7,8,87.5
39cc3e35b05337ab,androidx/navigation/StringNavType,6,28,21.43
ff92934f2c520084,androidx/sqlite/driver/SupportSQLiteConnection,6,9,66.67
ad0e399988927c19,com/nononsenseapps/feeder/ui/compose/feed/FeedScreenKt$FeedScreen$6$1,6,11,54.55
661f7e337937613a,kotlinx/serialization/descriptors/SerialDescriptorsKt,6,87,6.9
c03d5713674e7049,androidx/compose/foundation/layout/BoxWithConstraintsKt$BoxWithConstraints$1$1$measurables$1,6,10,60.0
1447624c1f6649e8,androidx/paging/HintHandlerKt,6,12,50.0
32572e43bbc6876a,kotlin/reflect/jvm/internal/impl/metadata/jvm/deserialization/JvmFlags,6,6,100.0
f4ac2333d174c621,androidx/compose/ui/graphics/AndroidImageBitmap,6,22,27.27
c10d21df0c75ac6a,androidx/paging/PageFetcherSnapshotState$Holder,6,31,19.35
425ec508e243e5f3,kotlin/reflect/jvm/internal/impl/load/java/lazy/descriptors/LazyJavaClassDescriptor$declaredParameters$1,6,11,54.55
6fe51923a676504c,kotlin/reflect/jvm/internal/impl/builtins/jvm/JvmBuiltIns$customizer$2,6,6,100.0
8a7c85d92ed460f9,kotlin/jvm/internal/ArrayIterator,6,9,66.67
311c04fda7f71383,androidx/compose/animation/EnterExitTransitionKt$createGraphicsLayerBlock$1$1$alpha$2,6,9,66.67
3acdee8d90a7c54e,androidx/collection/MutableLongList,6,157,3.82
02016adfb530fc44,kotlin/collections/builders/MapBuilder$KeysItr,6,7,85.71
4ad56d599535f37e,androidx/compose/runtime/BroadcastFrameClock$AtomicAwaitersCount,6,50,12.0
408d25931be9ff2b,okhttp3/internal/http/HttpHeaders,6,112,5.36
e658a17abf3519ed,androidx/compose/material3/MotionSchemeKt,6,14,42.86
ab0d0228b1571a7a,androidx/compose/ui/text/MultiParagraphIntrinsicsKt,6,21,28.57
48f14218e8a2c059,com/nononsenseapps/feeder/model/gofeed/GoExtension,6,37,16.22
c38a24836f62aa73,okio/internal/-RealBufferedSource,6,326,1.84
af2d4ff8c64844ba,kotlinx/coroutines/channels/ChannelsKt__Channels_commonKt,6,67,8.96
2273f246e9353b4c,kotlin/reflect/jvm/internal/impl/renderer/ExcludedTypeAnnotations,6,6,100.0
bf6a747897b81ed8,androidx/core/view/ViewCompat$Api21Impl$1,6,14,42.86
914d9e67e1dd2c83,okhttp3/internal/cache/CacheInterceptorKt,6,14,42.86
23308590b2b8769b,androidx/compose/ui/graphics/TransformOrigin,6,35,17.14
756feb5a9d4e81f7,kotlin/io/FilesKt__FilePathComponentsKt,6,45,13.33
e67a8805e25bceb7,androidx/compose/ui/text/font/TypefaceResult$Immutable,6,7,85.71
26c19e621e54846e,kotlin/reflect/jvm/internal/impl/serialization/deserialization/ClassData,6,15,40.0
296c073e30fabc68,com/nononsenseapps/feeder/ui/compose/feedarticle/FeedViewModel$1$1,6,7,85.71
ab2706d5d907f63d,kotlinx/coroutines/CoroutineDispatcher$Key,6,7,85.71
2849854b10707fb8,androidx/window/layout/WindowInfoTrackerImpl,6,14,42.86
fd6add0e0adf086f,org/kodein/di/internal/DIContainerBuilderImpl$OverrideMode,6,9,66.67
a7c4c85705a468e3,androidx/paging/PagingDataPresenter$collectFrom$2$1,6,10,60.0
e092d703980b6d76,androidx/activity/compose/ComposePredictiveBackHandler,6,42,14.29
ca3d61e76e54877f,androidx/window/reflection/ReflectionUtils,6,47,12.77
b1f818db65534f78,androidx/core/view/WindowInsetsControllerCompat,6,25,24.0
a7c674419b806b1c,kotlin/reflect/jvm/internal/impl/serialization/deserialization/builtins/BuiltInsResourceLoader,6,8,75.0
7388119ee7ae06d9,okhttp3/internal/platform/android/ConscryptSocketAdapter,6,32,18.75
db8f3302cea52558,androidx/window/layout/WindowMetricsCalculator$Companion,6,16,37.5
8194a5d6c37044b0,androidx/collection/SparseArrayCompatKt,6,215,2.79
4e432c363c9cdd65,okhttp3/internal/platform/android/Android10SocketAdapter$Companion,6,10,60.0
dcbd69dc067d10f3,androidx/navigation/NavDeepLink$ParamQuery,6,9,66.67
33a179f317b15e13,androidx/window/layout/util/WindowMetricsCompatHelperApi30Impl,6,16,37.5
4fb15f5c26b35269,androidx/compose/ui/layout/PlaceableKt,6,6,100.0
8ea94ddf3d87fab4,okio/ForwardingSink,6,10,60.0
5fcee3225ba0e3de,com/nononsenseapps/feeder/model/ForceCacheOnSomeFailuresInterceptor,6,20,30.0
add1df43b13b6760,androidx/collection/SimpleArrayMap,6,268,2.24
2ffa7f4f507a4419,okhttp3/internal/http/RealResponseBody,6,7,85.71
1bc571bf45914b19,androidx/window/SafeWindowExtensionsProvider,6,30,20.0
288abec8bc1a8f5e,androidx/core/app/ComponentActivity,6,59,10.17
16a2668a502ae514,kotlin/reflect/jvm/internal/impl/renderer/DescriptorRenderer$Companion$COMPACT$1,6,6,100.0
f72df04081386373,kotlin/reflect/jvm/internal/impl/renderer/DescriptorRenderer$Companion$SHORT_NAMES_IN_TYPES$1,6,6,100.0
e0c77eeb739a2880,androidx/core/view/ViewCompat$Api21Impl,6,23,26.09
f51df6c8adaa4bf8,androidx/compose/runtime/ComposableSingletons$CompositionKt,6,6,100.0
f848417e49277598,kotlin/reflect/jvm/internal/impl/protobuf/Utf8,6,91,6.59
b938dc28ec50acee,kotlin/reflect/jvm/internal/impl/serialization/deserialization/ProtoContainer$Class,6,13,46.15
b3f1821ba6683239,androidx/compose/ui/graphics/BlockGraphicsLayerModifier,6,17,35.29
a86e97fd50146a41,androidx/compose/ui/text/input/CursorAnchorInfoController,6,34,17.65
8de9dbcc47b01782,androidx/compose/material3/MaterialThemeKt$MaterialTheme$2,6,10,60.0
6ca0dbb2857df459,androidx/compose/animation/core/KeyframeBaseEntity,6,7,85.71
e5f484841872bf3c,coil3/network/okhttp/OkHttpNetworkFetcher,6,52,11.54
a225794d3e606353,androidx/compose/foundation/layout/OffsetPxNode,6,17,35.29
207e31f9f8bbcf5d,androidx/compose/ui/platform/GlobalSnapshotManager$ensureStarted$2,6,6,100.0
2ae87f6c82b5b1b0,coil3/BitmapImage,6,14,42.86
78406ecade98eec5,androidx/compose/material3/MinimumInteractiveModifier,6,13,46.15
00b0917c27c4b0ed,okhttp3/internal/cache/CacheStrategy$Companion,6,18,33.33
dd64886fe4bff744,androidx/compose/ui/platform/WindowRecomposer_androidKt$createLifecycleAwareWindowRecomposer$2$onStateChanged$1$1$1,6,12,50.0
8194b3651c486842,com/nononsenseapps/feeder/ui/MainActivity$maybeRequestSync$1,6,15,40.0
a8c65dc06352514c,androidx/paging/PagingSource$LoadParams$Companion,6,15,40.0
272b9a10ebc851da,androidx/compose/ui/platform/WrappedComposition$setContent$1$1$2$1,6,12,50.0
67707a66788fe2ad,com/nononsenseapps/feeder/ui/compose/material3/DrawerState$Companion,6,8,75.0
f31d80212244162c,kotlinx/coroutines/flow/FlowKt__MergeKt,6,33,18.18
0830d83862609501,kotlin/reflect/jvm/internal/impl/metadata/ProtoBuf$Contract,6,78,7.69
4a3123206f0a6175,androidx/lifecycle/viewmodel/compose/LocalViewModelStoreOwner_androidKt,6,8,75.0
0cc7f3313ceee46d,androidx/room/paging/CommonLimitOffsetImpl$initialLoad$2,6,12,50.0
05dab85f10c7aaf8,androidx/compose/foundation/lazy/LazyItemScope,6,27,22.22
ad59cb8ac0d001cf,kotlin/reflect/jvm/internal/impl/load/java/JavaClassFinder$Request,6,20,30.0
3e7760bf752c8c35,androidx/compose/foundation/lazy/layout/LazySaveableStateHolderKt$LazySaveableStateHolderProvider$1,6,10,60.0
6fe8fd0aa04d5551,androidx/compose/runtime/StaticProvidableCompositionLocal,6,6,100.0
9176070dff59c13f,coil3/network/ImageRequestsKt,6,19,31.58
abd1547dea6b3d82,kotlin/reflect/jvm/internal/impl/types/AbstractTypeConstructor$Supertypes,6,6,100.0
3e5e611dff29a821,kotlin/UnsafeLazyImpl,6,14,42.86
bf5f2c306b41d07f,okhttp3/TlsVersion$Companion,6,16,37.5
493a37cb51f06770,androidx/paging/LoadType,6,7,85.71
d4865276b5979bdf,androidx/compose/animation/Fade,6,19,31.58
1ed2918898a21f44,androidx/compose/ui/graphics/drawscope/DrawScope$Companion,6,6,100.0
90003fb490223759,kotlin/LazyKt__LazyJVMKt,6,11,54.55
ed9979a49a52a6b2,okhttp3/internal/connection/ConnectInterceptor,6,6,100.0
6a8196767cfd8901,kotlinx/coroutines/Job$DefaultImpls,6,21,28.57
b0a8250de2733edd,androidx/compose/runtime/SnapshotMutableStateImpl$StateStateRecord,6,8,75.0
fbfe11b7518f52ea,androidx/compose/ui/platform/AbstractComposeView$ensureCompositionCreated$1,6,10,60.0
5a709ee06f64a272,kotlin/reflect/jvm/internal/impl/renderer/DescriptorRenderer$Companion$HTML$1,6,6,100.0
ee2c0371950dd1c4,kotlinx/coroutines/CoroutineStart$WhenMappings,6,10,60.0
ed6abe03ca1f10bc,androidx/compose/ui/platform/HapticDefaults,6,8,75.0
f09b0d43faa2ceaf,com/nononsenseapps/feeder/ui/compose/navdrawer/NavDrawerKt$ScreenWithNavDrawer$1$1,6,11,54.55
de24a51bc1501388,coil3/decode/StaticImageDecoder$Factory,6,15,40.0
fa2199381be572f2,androidx/compose/ui/node/OwnerSnapshotObserver$onCommitAffectingLayoutModifier$1,6,7,85.71
927b7ceba24886fc,androidx/work/impl/utils/taskexecutor/WorkManagerTaskExecutor,6,8,75.0
ac1b2850e8bba6cb,androidx/work/impl/Schedulers,6,62,9.68
d3fc525745fbee00,kotlin/LazyThreadSafetyMode,6,8,75.0
875d1190d3352f96,kotlin/reflect/jvm/internal/impl/protobuf/LiteralByteString,6,47,12.77
77b19ed44560a675,androidx/lifecycle/LifecycleKt,6,10,60.0
508a84072e19f002,com/nononsenseapps/feeder/ui/compose/feed/FeedScreenKt$FeedScreen$12$1,6,15,40.0
ea69dda9e53af85f,kotlinx/coroutines/sync/MutexKt,6,38,15.79
659b39833e316885,com/nononsenseapps/feeder/ui/NavigationDeepLinkViewModel,6,15,40.0
16bd1bfb7eafd92b,kotlin/properties/ObservableProperty,6,9,66.67
875f1efa2dab5ef1,androidx/compose/ui/FrameRateCategory,6,29,20.69
cc67beb70eb07769,kotlinx/serialization/internal/SerialDescriptorForNullable,6,23,26.09
d2cb26114f8d1062,androidx/compose/foundation/lazy/layout/LazyLayoutAnimationSpecsNode,6,9,66.67
e8e13458dcb92b3b,com/nononsenseapps/feeder/ui/compose/pullrefresh/PullRefreshDefaults,6,6,100.0
5a2359d8b23cbafa,com/nononsenseapps/feeder/model/RateLimitedInterceptor,6,6,100.0
dd770593e3c4307a,androidx/compose/ui/graphics/layer/GraphicsLayer$clipDrawBlock$1,6,21,28.57
50ea001f884953c6,com/nononsenseapps/feeder/model/PodcastPlayerStateHolder,6,80,7.5
b4bfbcaec230a1a1,androidx/compose/ui/ComposedModifierKt$materializeImpl$1,6,6,100.0
71aba966fdba4ee1,com/nononsenseapps/feeder/di/ArchModelModuleKt$archModelModule$lambda$0$$inlined$bindWithActivityViewModelScope$2,6,6,100.0
7cde00eb126fc5c1,androidx/paging/PagingDataTransforms__PagingDataTransformsKt,6,44,13.64
613109cdc732a46c,androidx/compose/foundation/AndroidOverscroll_androidKt,6,58,10.34
0efbbe1cda9921c8,com/nononsenseapps/feeder/ui/compose/pullrefresh/ArrowValues,6,6,100.0
cfbf5e0349ccb38f,kotlin/reflect/jvm/internal/impl/builtins/BuiltInsLoader$Companion$Instance$2,6,8,75.0
8feb3159b72345c0,androidx/compose/material3/internal/BasicTooltipStrings,6,14,42.86
a5f2fc73d9272cf0,androidx/compose/runtime/SnapshotStateKt__ProduceStateKt$produceState$5$1,6,12,50.0
1a88f424860d04c5,androidx/navigationevent/compose/LocalNavigationEventDispatcherOwner_androidKt,6,8,75.0
4c05ee81ee85406e,kotlinx/coroutines/flow/internal/ChannelLimitedFlowMerge$collectTo$2$1,6,12,50.0
1e86f9cb26a08d94,kotlin/reflect/KParameter$Kind,6,9,66.67
4cdda51ea17d247f,androidx/paging/PageFetcherSnapshot$pageEventFlow$1$3,6,12,50.0
b7161c754e306988,kotlinx/coroutines/internal/FastServiceLoaderKt,6,7,85.71
12fbabdbc34ab76e,kotlinx/coroutines/internal/LimitedDispatcher$Worker,6,19,31.58
95eb871af0928f51,androidx/compose/foundation/gestures/DefaultFlingBehavior,6,12,50.0
4c8c798c2b8793b4,androidx/compose/runtime/Invalidation,6,7,85.71
0607476640e84cc6,kotlinx/coroutines/Dispatchers,6,12,50.0
03a7d9d2a51ed201,okhttp3/internal/connection/RouteDatabase,6,9,66.67
30964e8d851596be,androidx/compose/ui/node/OwnerSnapshotObserver$onCommitAffectingMeasure$1,6,7,85.71
0c71459c68e48ccd,androidx/compose/ui/input/nestedscroll/NestedScrollSource,6,30,20.0
839568ad343ff2f9,androidx/compose/foundation/lazy/layout/LazySaveableStateHolder$Companion,6,8,75.0
84557193da1661b2,androidx/compose/ui/platform/AndroidComposeView$snapshotObserver$1,6,10,60.0
faf42d494b6f32b7,androidx/compose/runtime/KeyInfo,6,7,85.71
3551ee394487f173,androidx/compose/ui/input/InputModeManagerImpl,6,9,66.67
81d09ae459dd8c41,androidx/compose/ui/graphics/ColorFilter$Companion,6,9,66.67
1fa8e280cdb5de24,coil3/compose/internal/ForwardingCoroutineContext,6,11,54.55
4c8575e7fc73abfb,kotlin/sequences/FlatteningSequence,6,6,100.0
722bbc77e2ff824c,androidx/compose/material3/tokens/MenuTokens,6,11,54.55
b7aa2f88493a7e39,com/nononsenseapps/feeder/archmodel/DarkThemePreferences,6,8,75.0
883b97898e22beb3,androidx/navigation/NavHostController,6,10,60.0
889aa9a53cd972a6,androidx/compose/foundation/layout/UnspecifiedConstraintsElement,6,26,23.08
1af26a2a24965ba7,kotlin/reflect/jvm/internal/ReflectProperties,6,12,50.0
d479c25df9932045,androidx/compose/ui/graphics/CanvasZHelper,6,6,100.0
09aa107ee0e1293b,androidx/work/impl/background/greedy/GreedyScheduler,6,95,6.32
83a6d83b9cf0173e,androidx/room/Transactor$SQLiteTransactionType,6,8,75.0
7a9c32af74cf8c97,androidx/compose/runtime/saveable/SaveableStateHolderImpl$SaveableStateProvider$lambda$7$lambda$6$lambda$5$$inlined$onDispose$1,6,7,85.71
5dfef9e03e126a71,androidx/compose/animation/core/VectorizedKeyframeSpecElementInfo,6,25,24.0
74459c7771d208ec,androidx/work/impl/WorkDatabase$2,6,7,85.71
5efc6122428e2c73,androidx/compose/foundation/gestures/AnchoredDraggableState$anchoredDragScope$1,6,50,12.0
4bea3027423088aa,androidx/compose/animation/core/InfiniteRepeatableSpec,6,30,20.0
752b5670edce3fce,androidx/room/paging/CommonLimitOffsetImpl$1$1,6,8,75.0
5271cf061338bf14,kotlin/reflect/jvm/internal/impl/types/TypeAttributes,6,68,8.82
77bde26cb9b41d0b,androidx/compose/ui/graphics/vector/ImageVectorKt,6,69,8.7
48ec2ed6ec253b66,androidx/lifecycle/compose/LifecycleEffectKt$WhenMappings,6,10,60.0
0dd740c1b2660ee3,kotlin/reflect/jvm/internal/impl/metadata/jvm/deserialization/JvmNameResolver,6,7,85.71
896f47e347013836,kotlin/time/MonotonicTimeSource,6,11,54.55
81e3c5455026856a,androidx/compose/foundation/layout/PaddingValuesElement,6,14,42.86
ae5565883efa64d2,kotlin/reflect/jvm/internal/impl/descriptors/NotFoundClasses$ClassRequest,6,11,54.55
e73feedba810d3f5,kotlin/reflect/jvm/internal/impl/metadata/builtins/BuiltInsBinaryVersion,6,6,100.0
ccfbf877d56073cd,coil3/decode/DataSource,6,9,66.67
619a3c12d3571cf8,androidx/compose/runtime/DynamicProvidableCompositionLocal,6,6,100.0
c36f99b11f4ff7de,androidx/compose/foundation/layout/FixedIntInsets,6,16,37.5
49d108580c09bfd4,kotlin/reflect/jvm/internal/impl/descriptors/impl/PackageFragmentDescriptorImpl,6,10,60.0
cba0eca41eb0cb79,androidx/compose/ui/node/LayoutNode$UsageByParent,6,8,75.0
3cb1e583552cfef7,androidx/compose/ui/graphics/colorspace/Connector$Companion,6,22,27.27
470455c44977a948,androidx/work/impl/WorkDatabasePathHelper,6,42,14.29
44476a7261ddbcf1,androidx/compose/runtime/DynamicValueHolder,6,17,35.29
f0572764e33e6722,com/nononsenseapps/feeder/ui/compose/feed/SwipeableFeedItemPreviewKt$SwipeableFeedItemPreview$5$1$1,6,15,40.0
6f75b8b94c4468d1,com/nononsenseapps/feeder/ui/compose/navigation/NavigationArgument,6,6,100.0
f6f5243194b755ed,com/squareup/moshi/StandardJsonAdapters$1,6,25,24.0
f9d3716942229933,androidx/compose/ui/platform/WrappedComposition$setContent$1$1$3,6,10,60.0
271f48db832f3f45,androidx/compose/runtime/InvalidationResult,6,9,66.67
91a1cc90e161afef,kotlin/reflect/jvm/internal/impl/serialization/deserialization/DeserializedPackageFragment,6,9,66.67
3795eb5dd6b9d9ac,kotlin/sequences/FilteringSequence,6,9,66.67
01337a073d6f95b9,kotlinx/coroutines/flow/internal/ChannelFlowOperatorImpl,6,12,50.0
ed42d85a5471354e,kotlin/reflect/jvm/internal/impl/metadata/deserialization/VersionRequirementTable$Companion,6,9,66.67
d024d4b83ddb0d6c,okio/Options,6,18,33.33
c498c23643243113,androidx/compose/ui/node/DepthSortedSetsForDifferentPasses$WhenMappings,6,10,60.0
8fd44519b71fc908,androidx/compose/animation/core/AnimateAsStateKt$animateValueAsState$3$1$1,6,16,37.5
a61f46dc419055b3,kotlin/reflect/jvm/internal/impl/storage/DefaultSimpleLock,6,9,66.67
f6b4e0837372d1a5,org/jsoup/parser/TokeniserState$34,6,22,27.27
000f5b5db7403922,androidx/compose/material/ripple/RippleNode$onAttach$1,6,12,50.0
383cea294a212d05,kotlin/reflect/jvm/internal/impl/utils/DFS$1,6,8,75.0
d6971521f6254046,androidx/activity/compose/internal/BackHandlerDispatcherCompat,6,19,31.58
0c65c6e058f4643c,androidx/compose/ui/focus/FocusStateImpl$WhenMappings,6,10,60.0
2ab48fecbd754e54,androidx/lifecycle/RepeatOnLifecycleKt$repeatOnLifecycle$3$1$1$1,6,12,50.0
57ba0205f7b31477,androidx/savedstate/Recreator$SavedStateProvider,6,23,26.09
6b434d969a196a71,androidx/room/ObservedTableStates$ObserveOp,6,8,75.0
d6a669040ac863a4,androidx/compose/ui/node/OwnerSnapshotObserver$onCommitAffectingSemantics$1,6,7,85.71
a9071deefaa4b882,kotlin/reflect/jvm/internal/impl/builtins/jvm/JvmBuiltIns$Kind,6,7,85.71
7b8498d3ff28cb5d,kotlinx/coroutines/JobNode,6,8,75.0
da607b9aa57933bc,androidx/compose/ui/node/OwnerSnapshotObserver$clearInvalidObservations$1,6,6,100.0
bbdaa456c99f4150,androidx/compose/runtime/external/kotlinx/collections/immutable/internal/DeltaCounter,6,20,30.0
6c90d72e0c760095,com/nononsenseapps/feeder/ui/compose/feed/SwipeableFeedItemPreviewKt$SwipeableFeedItemPreview$1$1,6,15,40.0
9229754d7177817e,androidx/paging/PageFetcherSnapshot$pageEventFlow$1$2,6,12,50.0
b3bc811caa482f98,kotlin/jdk7/AutoCloseableKt,6,18,33.33
d13d4a6db95715a6,androidx/compose/material3/tokens/AppBarLargeFlexibleTokens,6,8,75.0
548cf9f087629db8,androidx/room/paging/CommonLimitOffsetImpl$1,6,12,50.0
267c6c2123f61e17,com/squareup/moshi/Moshi$Builder,6,15,40.0
077eefbf97f228e9,androidx/room/TriggerBasedInvalidationTracker$createFlow$1$1,6,12,50.0
360423d4b93abb1d,androidx/compose/ui/BiasAlignment$Horizontal,6,23,26.09
257ad1e6c19aa2fc,androidx/compose/ui/graphics/GraphicsLayerElement,6,152,3.95
4d4d51b86bba0f6f,androidx/compose/runtime/SnapshotStateKt__ProduceStateKt$produceState$2$1,6,12,50.0
ce6fc7e2f333229d,kotlin/reflect/jvm/internal/impl/types/DefaultTypeAttributeTranslator,6,7,85.71
147a70df8b153786,com/nononsenseapps/feeder/ui/compose/utils/FeederTextToolbar,6,24,25.0
a44715a9e4a22d77,kotlin/reflect/jvm/internal/impl/load/kotlin/header/ReadKotlinClassHeaderAnnotationVisitor$CollectStringArrayAnnotationVisitor,6,26,23.08
e4df98dfea9a2eda,androidx/compose/ui/node/MeasurePassDelegate$layoutChildrenBlock$1$2,6,6,100.0
c024788b58ea7817,kotlin/reflect/jvm/internal/impl/storage/LockBasedStorageManager$CacheWithNullableValuesBasedOnMemoizedFunction,6,15,40.0
2766f612a5caece8,androidx/compose/foundation/ClipScrollableContainerKt,6,7,85.71
faf7c94d554a5e8a,com/nononsenseapps/feeder/ui/compose/feed/FeedScreenKt$FeedScreen$11$1,6,12,50.0
5634f3e9cc355165,androidx/navigation/compose/NavBackStackEntryProviderKt$LocalOwnersProvider$1,6,10,60.0
4afc1bf3e97120e8,androidx/room/RoomDatabaseKt__RoomDatabase_androidKt,6,42,14.29
9d03cbc8a45eea0d,coil3/intercept/EngineInterceptorKt,6,36,16.67
b80f84f80f03ab4a,org/kodein/di/bindings/SingletonReference,6,6,100.0
2ef8ab4961415c38,androidx/compose/ui/platform/WrappedComposition$setContent$1$1$1$1,6,12,50.0
ea5a9813bfbef52f,androidx/room/RoomMasterTable,6,6,100.0
3d2e4b42947e9acf,androidx/compose/foundation/lazy/layout/LazyLayoutBeyondBoundsInfo,6,31,19.35
7cac89b7e82f65d2,kotlin/reflect/jvm/internal/impl/types/Variance,6,10,60.0
ec4ce048f2b52644,okhttp3/internal/connection/RouteSelector$Selection,6,8,75.0
8e7f9733261bc661,androidx/compose/ui/text/style/LineBreak$Strictness$Companion,6,7,85.71
8cf5ec000e0d77ba,coil3/network/internal/UtilsKt,6,47,12.77
747f9c082f13de14,kotlin/reflect/jvm/internal/ReflectProperties$LazyVal,6,8,75.0
b3324a601495f4b0,androidx/compose/ui/node/TailModifierNode,6,8,75.0
76721eadfdd62cb9,com/nononsenseapps/feeder/ui/compose/feed/SwipeableFeedItemPreviewKt$SwipeableFeedItemPreview$2$1,6,20,30.0
7aa750b1a23a9198,androidx/compose/ui/graphics/ImageBitmapKt,6,30,20.0
fb2b9eb4a5eef9a3,kotlin/Pair,6,22,27.27
5a7165c44bedada7,kotlin/text/MatcherMatchResult$groups$1,6,18,33.33
df52ba207ff94096,kotlin/reflect/jvm/internal/KDeclarationContainerImpl$Data,6,6,100.0
429f705e6cfe2416,kotlinx/serialization/json/internal/StreamingJsonDecoder$WhenMappings,6,10,60.0
7d9b853dc489061d,androidx/compose/runtime/JoinedKey,6,23,26.09
7a2823095a7e39c0,kotlinx/coroutines/CompletableDeferredKt,6,11,54.55
028a11a48d91640e,androidx/compose/ui/graphics/Api26Bitmap,6,11,54.55
30e236bb5d8aa162,kotlinx/coroutines/flow/SharingCommand,6,8,75.0
506ab91de2911150,coil3/size/Size,6,20,30.0
e9dd50349f809ca3,okhttp3/internal/cache/DiskLruCache$fileSystem$1,6,7,85.71
d9cf57fa51cea536,kotlin/reflect/jvm/internal/impl/types/TypeConstructorSubstitution$Companion,6,25,24.0
1abe718a36ab2772,androidx/compose/material/MinimumInteractiveModifier,6,13,46.15
dfc9a7f8ddee3ec1,androidx/compose/foundation/lazy/layout/LazyLayoutSemanticsKt,6,13,46.15
a626b6ad37667c92,androidx/lifecycle/ProcessLifecycleOwner$attach$1$onActivityPreCreated$1,6,6,100.0
1f2ae35f5fbbb85f,org/jsoup/parser/TokeniserState$8,6,14,42.86
cd301c2bb1c89b4c,androidx/compose/runtime/external/kotlinx/collections/immutable/implementations/immutableMap/TrieNodeEntriesIterator,6,6,100.0
b523b0e6aab9f4dc,com/nononsenseapps/feeder/ui/compose/theme/ThemeKt$WhenMappings,6,10,60.0
0505bc649ffa9d33,androidx/compose/runtime/snapshots/StateRecord,6,11,54.55
177d236e3c97b32d,androidx/compose/foundation/text/modifiers/TextAnnotatedStringElement,6,77,7.79
43c1bc14a49e409c,androidx/compose/ui/text/TextRange,6,43,13.95
8800a537b33ae5eb,kotlinx/coroutines/EventLoop_commonKt,6,9,66.67
7416d8c1b1060625,androidx/compose/animation/EnterExitTransitionModifierNode$measure$2,6,6,100.0
86640afa5066e700,androidx/collection/SparseArrayKt$valueIterator$1,6,9,66.67
cc6f681c0e3971b2,androidx/compose/ui/graphics/vector/VectorGroup,6,78,7.69
9eecf54e794d0efe,androidx/arch/core/executor/DefaultTaskExecutor,6,27,22.22
5961d8854b1c36ea,org/jsoup/select/Collector,6,16,37.5
b96718674cb731ca,androidx/compose/foundation/AndroidEdgeEffectOverscrollFactory,6,24,25.0
5eb90e95cb4f071d,kotlinx/coroutines/UndispatchedMarker,6,7,85.71
ce3f8545f3f4642c,com/nononsenseapps/feeder/archmodel/SortingOptions,6,8,75.0
ef3e185ec0246b91,okhttp3/internal/platform/PlatformInitializer,6,6,100.0
14975f23a7c190a0,androidx/lifecycle/viewmodel/InitializerViewModelFactoryBuilder,6,10,60.0
076b144decf8a304,androidx/compose/ui/layout/OnSizeChangedNode,6,9,66.67
6cfc9e50c417cb8a,kotlinx/coroutines/EventLoopImplPlatform,6,8,75.0
328e2d378fcbed2a,androidx/compose/material3/DefaultSingleRowTopAppBarOverride$SingleRowTopAppBar$targetColor$2$1,6,10,60.0
bff0487c691ae3f1,androidx/compose/ui/platform/AndroidCompositionLocals_androidKt$ProvideAndroidCompositionLocals$3,6,10,60.0
4d79d8565af5b244,androidx/paging/PageEvent$LoadStateUpdate,6,30,20.0
50da0c128c23cd2f,go/Seq$GoRefQueue,6,8,75.0
3bd1d57c203b136c,androidx/savedstate/Recreator,6,35,17.14
24daef083472e25f,coil3/Extras,6,14,42.86
5c95e22a142f148c,okhttp3/internal/platform/android/BouncyCastleSocketAdapter,6,29,20.69
32b78f1160f5434e,androidx/compose/animation/EnterExitState,6,8,75.0
c6dd975577dd3826,androidx/compose/ui/text/font/PlatformTypefaces_androidKt,6,29,20.69
3c983ab916572eea,androidx/compose/runtime/SnapshotStateKt__ProduceStateKt$produceState$1$1,6,12,50.0
206d44ae7adee0ad,androidx/compose/ui/text/font/FontVariation$SettingFloat,6,15,40.0
9be99a274a73550a,androidx/compose/runtime/SnapshotStateKt__ProduceStateKt$produceState$3$1,6,12,50.0
ad3dac05e152be87,androidx/compose/material3/tokens/AppBarMediumFlexibleTokens,6,8,75.0
b1799497f7eb4cf5,androidx/compose/runtime/snapshots/ListUtilsKt,6,122,4.92
0b361ec41ecf144f,androidx/navigationevent/NavigationEventHistory,6,53,11.32
52f90eae0c747023,androidx/compose/ui/text/ParagraphIntrinsicInfo,5,24,20.83
63378b1ba694ee85,coil3/intercept/EngineInterceptor$ExecuteResult,5,30,16.67
cb7bbed1d0c4252c,androidx/compose/ui/text/android/style/TypefaceSpan,5,6,83.33
944965ff05fbd403,kotlin/reflect/jvm/internal/impl/renderer/DescriptorRenderer$Companion$FQ_NAMES_IN_TYPES$1,5,5,100.0
e77116abf9af08ce,androidx/compose/ui/text/style/TextForegroundStyle$Unspecified,5,5,100.0
18af32df057a0fc4,androidx/compose/runtime/changelist/Operation$RemoveNode,5,12,41.67
b3354fab62789e0b,androidx/compose/animation/core/DecayAnimationSpecKt,5,17,29.41
84d17125bfb62b5d,com/nononsenseapps/feeder/model/FeedParserKt$getResponse$2,5,8,62.5
2383296ad5809e53,com/squareup/moshi/AdapterMethodsFactory$3,5,11,45.45
9355fea6e4c18870,coil3/compose/AsyncImagePainter$State$Loading,5,16,31.25
415cf5f5ed3a18d9,androidx/compose/ui/layout/ContentScale$Companion$Crop$1,5,5,100.0
499a15a62aa4d7d3,okhttp3/internal/platform/Android10Platform$Companion,5,6,83.33
ab65a37627736e32,androidx/room/paging/util/RoomPagingUtil,5,9,55.56
33f7e3a52a131be3,androidx/compose/animation/core/StartOffsetType,5,20,25.0
a446add44af282a7,androidx/compose/animation/AnimatedContentKt$AnimatedContent$6$1$4$1,5,9,55.56
19b0c8b7aaacda62,kotlin/sequences/TransformingSequence,5,7,71.43
50020b52ee339771,kotlin/reflect/jvm/internal/impl/resolve/OverridingUtil$OverrideCompatibilityInfo$Result,5,6,83.33
c89a0440adace35c,androidx/compose/animation/AnimationModifierKt,5,29,17.24
5ff08ca9de892f96,androidx/compose/material3/internal/ChildParentSemanticsKt,5,6,83.33
b3f6b58dd008b425,androidx/compose/animation/CrossfadeKt$Crossfade$4$1,5,5,100.0
c86a1128599923df,androidx/compose/animation/CrossfadeKt$Crossfade$5$1$alpha$2,5,7,71.43
02837d80901ccc0f,com/nononsenseapps/feeder/archmodel/ItemOpener,5,9,55.56
694b74a820c3de33,kotlin/reflect/jvm/internal/impl/serialization/deserialization/TypeDeserializer$typeConstructor$notFoundClass$classNestingLevel$1,5,8,62.5
ca1b710c17798f72,androidx/emoji2/text/EmojiCompat$CompatInternal,5,29,17.24
d9413381d995107e,kotlinx/coroutines/scheduling/SchedulerCoroutineDispatcher,5,22,22.73
6b352fc77694312e,org/kodein/di/android/ContextDIPropertyDelegateProvider,5,5,100.0
aa44917631b4e9d4,androidx/compose/ui/graphics/colorspace/ColorModel$Companion,5,6,83.33
01a7b2594a1c1a65,androidx/compose/foundation/lazy/LazyListInterval,5,5,100.0
b93889189607a5b7,androidx/compose/ui/focus/FocusRequesterNode,5,10,50.0
d4e625d5f990ab33,kotlin/reflect/jvm/internal/impl/types/model/TypeSystemContextKt$WhenMappings,5,8,62.5
8b740dd6774d322d,kotlin/coroutines/EmptyCoroutineContext,5,9,55.56
29f7d8771ec60c8c,okhttp3/internal/connection/BufferedSocketKt$asBufferedSocket$1,5,8,62.5
31b0ea6e64da9cfb,androidx/compose/foundation/MutatePriority,5,8,62.5
7894aeff9c83eedc,com/nononsenseapps/feeder/ui/compose/navigation/TextSettingsDestination,5,52,9.62
93fbf51a345e76d6,androidx/compose/ui/graphics/AndroidBlendMode_androidKt,5,92,5.43
752fb2531e33bd3e,kotlin/time/TimeSource$Monotonic$ValueTimeMark,5,42,11.9
0c5e7a82d9ec4b9c,org/kodein/di/bindings/ErasedContext,5,5,100.0
2bfa21170c1983e3,androidx/paging/PagingState,5,126,3.97
d02491c3ba47febf,androidx/compose/ui/text/TextLayoutInput,5,90,5.56
14c3df961e661001,androidx/compose/foundation/text/selection/TextSelectionColorsKt,5,7,71.43
4d49f7a8796a86dd,androidx/paging/ViewportHint$WhenMappings,5,8,62.5
abc9c46ce1ff8b0d,androidx/compose/ui/input/key/KeyInputElement,5,28,17.86
aae72cd1f3d8f095,kotlin/reflect/jvm/internal/impl/serialization/deserialization/AnnotatedCallableKind,5,7,71.43
8c53fa5c28f61b87,androidx/compose/runtime/CompositionLocal,5,8,62.5
633ecf19b45d7dfa,okhttp3/ResponseBody,5,138,3.62
3060fa2adc3f7398,androidx/compose/ui/graphics/Outline$Rounded,5,14,35.71
a840b7b6e64d5fb4,kotlin/time/DurationJvmKt,5,18,27.78
b97d9409c0aaabed,kotlinx/coroutines/flow/FlowKt__EmittersKt,5,33,15.15
4a344e09e7ec8585,kotlin/reflect/jvm/internal/impl/load/java/JavaTypeEnhancementState$Companion$DEFAULT$1,5,9,55.56
6f4f8c36a2b9275c,androidx/compose/runtime/changelist/Operation$EnsureGroupStarted,5,13,38.46
8ea113883a0a81e9,kotlin/reflect/jvm/internal/impl/load/java/ReportLevel,5,14,35.71
6cd9829074787ce0,kotlinx/serialization/json/ClassDiscriminatorMode,5,8,62.5
f377a6e6dfdaeca3,androidx/collection/FloatFloatPair,5,31,16.13
b47dd83d11f3bb5c,androidx/collection/ScatterSetKt,5,22,22.73
ddd11abe20aaa139,kotlin/reflect/jvm/internal/impl/builtins/jvm/JavaToKotlinClassMap$PlatformMutabilityMapping,5,14,35.71
f7dd088e8dc5158c,com/squareup/moshi/AdapterMethodsFactory$5,5,11,45.45
ff6d29c95e5dcfdd,androidx/preference/PreferenceManager,5,93,5.38
1f38be731417f277,kotlinx/coroutines/flow/FlowKt__CollectKt,5,18,27.78
3f93544f0fb9a35f,androidx/compose/ui/node/LayoutNodeAlignmentLines,5,5,100.0
325de1dcb7cfc303,androidx/work/Configuration$1,5,6,83.33
421f06a0ad71ce95,org/kodein/di/internal/DIImpl$Companion,5,17,29.41
a0a9c0cf9b857c42,androidx/compose/animation/EnterExitTransitionKt$createModifier$2$1,5,7,71.43
053873777ea76f40,coil3/compose/internal/AsyncImageState,5,19,26.32
dd56aace019b3e2b,org/jsoup/select/Evaluator,5,16,31.25
e4640050e42dc85e,kotlin/reflect/jvm/internal/impl/builtins/jvm/JvmBuiltIns$WhenMappings,5,8,62.5
b79c5ad7486b6d4a,androidx/compose/ui/platform/WindowRecomposerFactory$Companion,5,5,100.0
fbc739febf83d5c9,com/nononsenseapps/feeder/util/Either,5,69,7.25
4768f0382637d9e3,androidx/compose/foundation/layout/Direction,5,8,62.5
eba33bac156c0de8,kotlin/reflect/jvm/internal/impl/storage/SimpleLock$Companion,5,8,62.5
e48db9a540b0155a,androidx/compose/ui/platform/DisposableSaveableStateRegistry,5,7,71.43
60f093b5b35628cf,androidx/compose/ui/text/style/TextGeometricTransform,5,30,16.67
4df7ca36a2354cdd,kotlin/reflect/jvm/internal/impl/descriptors/runtime/components/ReflectKotlinClassFinderKt,5,6,83.33
380edd23d880d49d,kotlin/reflect/jvm/internal/impl/resolve/scopes/MemberScope$Companion$ALL_NAME_FILTER$1,5,5,100.0
b0aad1fe3f831782,kotlin/reflect/jvm/internal/impl/renderer/RenderingFormat,5,7,71.43
9696c03dabb2f44f,androidx/room/coroutines/PassthroughConnection$WhenMappings,5,8,62.5
710b22e4426358e2,kotlinx/coroutines/internal/ConcurrentKt,5,17,29.41
804ec0cefdca9430,kotlin/collections/AbstractCollection,5,36,13.89
e006410eadc1454e,kotlin/reflect/jvm/internal/impl/metadata/jvm/deserialization/JvmNameResolverBase$WhenMappings,5,8,62.5
bf92d7c302c4c30f,kotlin/reflect/jvm/internal/impl/load/java/SpecialGenericSignatures$Companion$NameAndSignature,5,11,45.45
6f2fdef04269fa18,androidx/lifecycle/ProcessLifecycleOwner$Companion,5,6,83.33
8d4c3f3ea32c98e2,androidx/activity/ComponentActivity$4,5,5,100.0
b8985f64d0f4fef9,androidx/compose/foundation/layout/BoxChildDataNode,5,7,71.43
56dd7c9e06e6e557,com/nononsenseapps/feeder/sync/ErrorResponse,5,33,15.15
cdcd4aa57fdfb2b6,androidx/work/impl/constraints/trackers/ConstraintTracker,5,36,13.89
389be013b6d5e44c,androidx/compose/ui/input/pointer/HitPathTracker,5,101,4.95
808312b1387a6018,androidx/compose/ui/layout/LayoutElement,5,13,38.46
080578665819822d,kotlin/sequences/SequencesKt__SequenceBuilderKt,5,6,83.33
2d462b4afe7a5218,kotlin/reflect/jvm/internal/impl/serialization/deserialization/descriptors/DeserializedPropertyDescriptor,5,13,38.46
be5a5a9884f10a44,androidx/compose/ui/unit/TextUnitType$Companion,5,5,100.0
2e6c8deee7f2ee0b,androidx/compose/foundation/lazy/layout/LazyLayoutKt$LazyLayout$2$invoke$lambda$5$lambda$4$$inlined$onDispose$1,5,6,83.33
716c25f728fcb61b,com/squareup/moshi/kotlin/reflect/KotlinJsonAdapter$Binding,5,41,12.2
69cb927d0e0a7f26,kotlin/reflect/jvm/internal/KClassImpl$Data$qualifiedName$2,5,7,71.43
b1e703e8b69f2e31,androidx/compose/ui/graphics/ColorSpaceVerificationHelper,5,99,5.05
ecfa2f90e5b0ec15,androidx/window/layout/adapter/sidecar/SidecarCompat$Companion,5,18,27.78
0fc86341ee75081c,kotlin/sequences/SequencesKt___SequencesKt$flatMap$2,5,5,100.0
ff50ff585375d981,androidx/compose/ui/platform/AndroidUiDispatcher$Companion,5,7,71.43
44b14b6ee893cc09,androidx/compose/foundation/text/HeightInLinesModifierKt,5,24,20.83
a68f4752e852c2e4,kotlin/enums/EnumEntriesList,5,24,20.83
392a6cacdbef85f6,kotlin/sequences/TransformingSequence$iterator$1,5,7,71.43
ccc130c81a296d83,androidx/compose/foundation/ScrollingContainerKt,5,6,83.33
1fec13ecd69f9138,androidx/compose/ui/input/pointer/PointerInputEventProcessor,5,66,7.58
1b77a176ccd15d61,androidx/work/Logger$LogcatLogger,5,36,13.89
dea9c0fa902e25ac,kotlin/text/StringsKt__AppendableKt,5,21,23.81
1220e5dfb0c64cdc,androidx/navigation/NavControllerViewModel$Companion,5,5,100.0
ab70e27bc03642d2,kotlin/reflect/jvm/internal/impl/serialization/deserialization/descriptors/DeserializedContainerAbiStability,5,7,71.43
25646a13b045b310,androidx/work/impl/constraints/WorkConstraintsTracker,5,56,8.93
d489700b45ba8d1b,kotlin/reflect/jvm/internal/impl/serialization/deserialization/DeserializedPackageFragmentImpl$classDataFinder$1,5,6,83.33
ccd9bb5f0843938a,androidx/compose/ui/graphics/vector/VectorGroup$iterator$1,5,7,71.43
f0419d0d5bc7fade,androidx/compose/ui/scrollcapture/ScrollCapture,5,33,15.15
0aecaefdf8a9f0e1,kotlin/reflect/jvm/internal/KTypeImpl$arguments$2$WhenMappings,5,8,62.5
db91ed13c27cd852,kotlin/reflect/jvm/internal/impl/types/error/ErrorPropertyDescriptor,5,45,11.11
8ad838f5155a4bd9,com/squareup/moshi/CollectionJsonAdapter$1,5,9,55.56
831d63b75d30d12c,androidx/compose/ui/text/style/LineBreak$Strategy$Companion,5,6,83.33
f75a0bd2bfb08f80,androidx/compose/ui/text/style/Hyphens$Companion,5,5,100.0
8e542bb9ef086627,androidx/paging/SimpleProducerScopeImpl,5,36,13.89
5dd3048a9bd7ee49,kotlin/text/StringsKt___StringsKt,5,1286,0.39
f17cc0a2d9302426,androidx/compose/ui/unit/LayoutDirection,5,7,71.43
c5861acc239471c4,kotlin/reflect/jvm/internal/impl/load/java/lazy/descriptors/LazyJavaClassDescriptor$LazyJavaClassTypeConstructor,5,97,5.15
f3bd176ced2644d8,kotlin/reflect/jvm/internal/impl/serialization/deserialization/builtins/BuiltInsPackageFragmentImpl,5,5,100.0
10418dcf5e4d2e8b,androidx/compose/material3/EnterAlwaysScrollBehavior,5,17,29.41
30b3b111992ad5c0,kotlin/reflect/jvm/internal/impl/types/KotlinTypeKt,5,11,45.45
5d19d2daf14b93d1,androidx/compose/ui/node/OnPositionedDispatcher$Companion$DepthComparator,5,5,100.0
8ff3f54e090a9eea,kotlinx/coroutines/internal/LockFreeTaskQueueCore$Companion,5,10,50.0
27a12e4d3564f1ea,androidx/compose/ui/graphics/vector/PathNode$RelativeReflectiveCurveTo,5,28,17.86
3bb3e318d04fe56e,kotlin/reflect/jvm/internal/impl/renderer/DescriptorRenderer$Companion$FQ_NAMES_IN_TYPES_WITH_ANNOTATIONS$1,5,5,100.0
a5fd26be8bc9c511,coil3/size/Scale,5,7,71.43
2b87a2be650441fa,kotlin/reflect/jvm/internal/impl/descriptors/runtime/components/ReflectJavaClassFinderKt,5,5,100.0
75f343b6032b38bb,kotlin/reflect/jvm/internal/impl/descriptors/impl/AbstractClassDescriptor$1,5,5,100.0
7e31639b6f239f65,androidx/compose/runtime/ComputedProvidableCompositionLocal,5,10,50.0
bd5677276ddd2a5a,androidx/compose/animation/core/StartOffset,5,28,17.86
829c1787149e2fa4,kotlin/reflect/jvm/internal/impl/load/kotlin/KotlinClassFinder$Result,5,7,71.43
4fb72f0f2d5f4384,kotlin/reflect/jvm/internal/impl/protobuf/AbstractMessageLite$Builder$LimitedInputStream,5,14,35.71
4daddcf60b22941d,androidx/compose/ui/window/SecureFlagPolicy,5,8,62.5
3a56b40e8272c247,kotlin/reflect/jvm/internal/JvmFunctionSignature$KotlinConstructor,5,5,100.0
9db4162503b0c657,androidx/compose/ui/platform/AndroidClipboardManager,5,30,16.67
9a1f95a3bfb8beba,androidx/compose/ui/input/nestedscroll/NestedScrollNodeKt,5,5,100.0
46d26b8800ade332,androidx/compose/runtime/SnapshotMutableFloatStateImpl$FloatStateStateRecord,5,6,83.33
0b25f196022a565f,com/nononsenseapps/feeder/ui/compose/feedarticle/FeedViewModelKt$emptyFeedListFilter$1,5,5,100.0
018bda5f486bfd71,org/kodein/di/SearchSpecs,5,38,13.16
81b4a2f616749be9,androidx/compose/foundation/CheckScrollableContainerConstraintsKt,5,14,35.71
2f9174b8fa77afa8,androidx/paging/PagingSource$LoadParams$Companion$WhenMappings,5,8,62.5
5dcea0abd8830adb,androidx/compose/runtime/GroupKind$Companion,5,5,100.0
5a08ba1358ff9767,androidx/compose/ui/geometry/Offset$Companion,5,8,62.5
c9e3914f43aa1497,androidx/navigation/LongNavType,5,20,25.0
b75faa6f8104d3ab,org/jsoup/nodes/LeafNode,5,65,7.69
5074c50157c92d10,kotlin/collections/AbstractList$IteratorImpl,5,9,55.56
451bccf23c655a3a,com/nononsenseapps/feeder/ui/compose/feed/FeedItemSwipeState,5,8,62.5
f25d6e33f2d68107,coil3/network/NetworkRequest,5,59,8.47
9fffff0e75a5da9f,androidx/compose/animation/AnimatedVisibilityKt$AnimatedEnterExitImpl$shouldDisposeAfterExit$2$1$2,5,10,50.0
5e3092c0bb36b815,coil3/network/ConnectivityCheckerApi23,5,8,62.5
18d0fa98ad2f80bb,androidx/compose/foundation/lazy/LazyLayoutSemanticStateKt$LazyLayoutSemanticState$1,5,20,25.0
b8964c6dc1cd5ae9,androidx/paging/PagingLogger,5,16,31.25
f285f137c2d6ae80,coil3/size/Precision,5,7,71.43
d74e1482ffc7b3e7,androidx/window/layout/util/BoundsHelper$Companion,5,10,50.0
69585fd164177d63,androidx/compose/ui/layout/LayoutNodeSubcompositionsState$deactivateOutOfFrame$1,5,7,71.43
3b27c6cc32afff5f,com/nononsenseapps/feeder/model/ThumbnailImagePolicy,5,30,16.67
79b086f9bb149466,androidx/compose/foundation/CombinedClickableElement,5,60,8.33
5d326f4036ae949b,kotlin/reflect/jvm/internal/CachesKt$K_CLASS_CACHE$1,5,5,100.0
c0da9cdcabdee788,androidx/compose/runtime/SnapshotMutableIntStateImpl$IntStateStateRecord,5,6,83.33
f894361bed2693f8,androidx/compose/runtime/CompositionKt,5,29,17.24
00f470af5d493d97,kotlin/reflect/jvm/internal/CachesKt$K_PACKAGE_CACHE$1,5,5,100.0
ed7881687ece627e,kotlin/reflect/jvm/internal/impl/types/model/TypeVariance,5,8,62.5
c76c38fc980ed739,kotlin/ULong,5,98,5.1
781e0bae8c370f28,com/nononsenseapps/feeder/ui/compose/navigation/SettingsDestination,5,78,6.41
98a2066dfbdd95fd,kotlin/reflect/jvm/internal/impl/protobuf/SmallSortedMap$Entry,5,26,19.23
d580069430c0b329,androidx/window/layout/util/BoundsHelperApi30Impl,5,8,62.5
6b3e85942b0754eb,kotlinx/coroutines/flow/FlowKt__LimitKt$dropWhile$$inlined$unsafeFlow$1,5,6,83.33
49a9bac0cf524d65,androidx/compose/foundation/lazy/layout/ObservableScopeInvalidator,5,19,26.32
27d7a7141d234c93,androidx/compose/foundation/layout/FillElement,5,18,27.78
327a76f3745e8159,okhttp3/internal/platform/android/AndroidSocketAdapter$Companion,5,16,31.25
862436461398521a,com/nononsenseapps/feeder/blob/BlobKt,5,16,31.25
aa6b0305983a6330,androidx/room/TriggerBasedInvalidationTracker$Companion,5,5,100.0
ad78ba3678781d4f,kotlinx/coroutines/ChildHandleNode,5,5,100.0
981c7b790dae7cb5,org/jsoup/parser/Token$Doctype,5,18,27.78
d402c9fc6e00e16d,androidx/compose/runtime/external/kotlinx/collections/immutable/implementations/immutableMap/TrieNode$ModificationResult,5,7,71.43
1e9cf2bdeb5b55ef,androidx/compose/ui/platform/AndroidCompositionLocals_androidKt$LocalResources$1,5,5,100.0
8b8801a571e3c962,androidx/window/core/VerificationMode,5,8,62.5
96baf0fa54f30006,org/jsoup/parser/ParseErrorList,5,9,55.56
70bfd08533bdc0ae,com/nononsenseapps/feeder/ui/compose/theme/Dimensions,5,11,45.45
42ffac0502e7ff2d,androidx/core/view/WindowCompat$Api30Impl,5,7,71.43
074de0d938f78c25,com/nononsenseapps/feeder/ui/compose/feed/FeedScreenType,5,7,71.43
2a566c255016053c,kotlin/text/MatcherMatchResult$groupValues$1,5,16,31.25
de9ebfccf6b9447c,androidx/sqlite/SQLite,5,14,35.71
89a491ed27440cc3,androidx/compose/runtime/ReferentialEqualityPolicy,5,6,83.33
bde93e9a4c131c8b,kotlinx/coroutines/flow/FlowKt__ShareKt$launchSharing$1$2$WhenMappings,5,8,62.5
147a9b77c859b353,kotlin/reflect/jvm/internal/impl/metadata/jvm/deserialization/JvmMemberSignature$Method,5,11,45.45
be0e8d3feedd09c9,androidx/compose/ui/graphics/CanvasUtils,5,33,15.15
b74a8190027f008e,androidx/paging/FlattenedPageEventStorage$WhenMappings,5,8,62.5
23071880a3a94c1d,androidx/compose/animation/FlingCalculatorKt,5,6,83.33
2382310624932277,kotlin/reflect/KVariance,5,8,62.5
8c73f4d62891a45a,kotlin/reflect/jvm/internal/impl/renderer/OverrideRenderingPolicy,5,7,71.43
431c3103736cb5f4,com/nononsenseapps/feeder/ui/compose/feed/FeedScreenKt$FeedListContent$1$2$3$1$3$1$1,5,8,62.5
7b2ec492841daf75,kotlin/reflect/jvm/internal/impl/renderer/ParameterNameRenderingPolicy,5,7,71.43
2c1939f35a977b89,kotlinx/serialization/SealedClassSerializer$special$$inlined$groupingBy$1,5,5,100.0
81253cf2cf78a7af,androidx/compose/ui/platform/InvertMatrixKt,5,12,41.67
59f0eb00238ac47f,kotlin/reflect/jvm/internal/impl/storage/LockBasedStorageManager$KeyWithComputation,5,10,50.0
e6328116f889eaaa,coil3/network/CacheStrategy$WriteResult,5,15,33.33
495257524535ee38,kotlin/LazyKt__LazyJVMKt$WhenMappings,5,8,62.5
e7805bec0fc686be,kotlinx/coroutines/flow/FlowKt__TransformKt$withIndex$$inlined$unsafeFlow$1,5,6,83.33
dedef8f824c3b7c7,com/danielrampelt/coil/ico/IcoDecoder$Factory,5,9,55.56
4fb029f4f19d22a0,androidx/collection/IntListKt,5,27,18.52
f702b183eb53b85d,kotlinx/coroutines/internal/SystemPropsKt__SystemPropsKt,5,6,83.33
70b70ccc35993c70,com/nononsenseapps/feeder/sync/MoshiKt,5,7,71.43
e0b3672f8d485f43,org/jsoup/parser/TokeniserState$9,5,16,31.25
4d93c3965178eae1,androidx/compose/foundation/layout/ValueInsets,5,22,22.73
866633e888bca8c0,androidx/compose/ui/input/pointer/MotionEventAdapter,5,150,3.33
1a0772d7f6dc8bf6,androidx/compose/ui/node/NodeCoordinator$Companion$onCommitAffectingLayer$1,5,6,83.33
2664ac51eb3a5735,androidx/compose/runtime/changelist/Operation$Remember,5,13,38.46
6eace4b3bb8187c5,androidx/paging/compose/LazyFoundationExtensionsKt$itemContentType$1,5,7,71.43
136483c2def01834,androidx/compose/material3/tokens/AppBarSmallTokens,5,6,83.33
dfeaa330eab52018,coil3/compose/AsyncImagePainter$Input,5,20,25.0
9ff4a7fdc40d6a80,androidx/compose/ui/layout/ContentScale$Companion$Fit$1,5,5,100.0
14b2e672b4ccb0ac,androidx/paging/MutableLoadStateCollection$WhenMappings,5,8,62.5
ff8a29ddb799f761,androidx/paging/PageFetcher$GenerationInfo,5,5,100.0
df3ee7bbf3a45deb,androidx/lifecycle/EmptyActivityLifecycleCallbacks,5,8,62.5
042bf257e24242ee,androidx/collection/ArraySetKt,5,231,2.16
19d32e42e6a927ea,androidx/lifecycle/SavedStateHandleAttacher,5,9,55.56
96add7e2fa082c46,kotlin/sequences/ConstrainedOnceSequence,5,6,83.33
8b41269e0625dce6,coil3/util/FileSystemsKt,5,30,16.67
e8593de61aba9861,androidx/room/TriggerBasedInvalidationTracker$syncTriggers$2$1$1$1$WhenMappings,5,8,62.5
4227e577f577e5a4,coil3/svg/DecodeUtilsKt,5,8,62.5
30ceb8b63ca52359,androidx/emoji2/text/EmojiCompatInitializer$LoadEmojiCompatRunnable,5,7,71.43
23240d6688b77171,androidx/compose/ui/text/font/FontWeightAdjustmentHelper,5,6,83.33
337503ec85a7e2b8,androidx/compose/ui/graphics/colorspace/RenderIntent$Companion,5,6,83.33
508373eca1f27513,androidx/paging/compose/LazyFoundationExtensionsKt$itemKey$1,5,8,62.5
7f6bb1378c5e35d9,kotlinx/coroutines/ExecutorsKt,5,16,31.25
e6005497389bfdfb,androidx/startup/InitializationProvider,5,12,41.67
2b9872c70fb9eef2,androidx/compose/ui/graphics/AndroidCanvas_androidKt,5,7,71.43
77d0f5091cc9663b,com/squareup/moshi/LinkedHashTreeMap$LinkedTreeMapIterator,5,12,41.67
f768052067cc4db6,kotlin/comparisons/NaturalOrderComparator,5,6,83.33
b468c5230eb0c7c8,kotlin/reflect/jvm/internal/impl/renderer/DescriptorRenderer$Companion$COMPACT_WITH_MODIFIERS$1,5,5,100.0
feba99e4ccd1b30c,androidx/compose/ui/graphics/vector/PathNode$ReflectiveCurveTo,5,28,17.86
6dbf05dfd56c6595,androidx/paging/PagingSource$invalidateCallbackTracker$1,5,5,100.0
a8f511d30291c372,coil3/request/SuccessResult,5,54,9.26
d879cfb1d70c39cf,androidx/compose/ui/text/font/FontVariation$SettingInt,5,12,41.67
11c4b455192aa59a,androidx/compose/foundation/gestures/Orientation,5,7,71.43
0b1bf4077b319d09,androidx/paging/PageFetcherSnapshotState$WhenMappings,5,8,62.5
66cfab46a4add018,androidx/compose/ui/text/style/TextDecoration$Companion,5,17,29.41
87154da547c33410,kotlin/sequences/GeneratorSequence,5,5,100.0
93bacd09dab15dda,okhttp3/Protocol$Companion,5,12,41.67
b07b8623196bb6ef,kotlin/reflect/jvm/internal/impl/metadata/deserialization/NameResolverImpl$WhenMappings,5,8,62.5
8816e44f1f83899f,kotlinx/coroutines/channels/BufferOverflow,5,8,62.5
6efa4e1250f7aa51,coil3/util/HardwareBitmapsKt,5,22,22.73
a806061dea8adee8,androidx/compose/ui/graphics/layer/CompositingStrategy$Companion,5,5,100.0
b849dd24aa7df56a,kotlin/time/Duration$Companion,5,110,4.55
44cade664bcb4bf6,kotlinx/coroutines/scheduling/UnlimitedIoScheduler,5,9,55.56
69d17db2c63428ff,coil3/RealImageLoaderKt$addServiceLoaderComponents$lambda$1$$inlined$sortedByDescending$1,5,5,100.0
a6bcdcc3275b2789,androidx/compose/ui/layout/VerticalRuler$Companion,5,5,100.0
edb175705f72dd45,androidx/work/impl/utils/PreferenceUtils,5,42,11.9
03e48eff4aa95cb4,kotlinx/coroutines/flow/internal/SubscriptionCountStateFlow,5,11,45.45
5f3e36fc932e01f8,com/nononsenseapps/feeder/util/LoggingKt,5,7,71.43
26a3022acdd13274,androidx/compose/material3/windowsizeclass/WindowSizeClass,5,16,31.25
7756616be4d3a9db,androidx/compose/foundation/lazy/layout/LazyLayoutStickyItemsKt,5,49,10.2
011e5ec1fdd51933,androidx/compose/ui/Actual_androidKt,5,10,50.0
c53fc69c7c2ce4e4,kotlin/reflect/jvm/internal/impl/load/kotlin/KotlinClassFinder$Result$KotlinClass,5,6,83.33
082951700dd18f18,coil3/network/internal/SingleParameterLazy,5,7,71.43
d504847f70d55a0e,kotlinx/coroutines/BuildersKt,5,8,62.5
6281b7863ef397f5,kotlinx/serialization/json/internal/StreamingJsonEncoder$WhenMappings,5,8,62.5
750f83d6190073d6,com/nononsenseapps/feeder/ui/compose/feed/FeedScreenKt$FeedScreen$13$1,5,8,62.5
2b10036f1c13e863,kotlin/reflect/jvm/internal/impl/load/java/SpecialGenericSignatures$TypeSafeBarrierDescription,5,7,71.43
813e17bee47e4edc,kotlin/reflect/jvm/internal/KClassImpl$Data$simpleName$2,5,7,71.43
3e7936a22079d481,kotlin/reflect/jvm/internal/impl/load/java/lazy/LazyJavaAnnotations,5,25,20.0
d83a53d3cd237afb,kotlin/reflect/jvm/internal/impl/resolve/descriptorUtil/DescriptorUtilsKt$declaresOrInheritsDefaultValue$2,5,8,62.5
5aa35e6bd32e0bab,androidx/compose/ui/graphics/vector/ImageVector$Companion,5,6,83.33
cea2abb8d9fd6060,coil3/decode/ImageSourceKt,5,12,41.67
9769a8ba5cef3f94,androidx/compose/ui/text/platform/URLSpanCache,5,23,21.74
82f9b2b65e99b222,androidx/compose/ui/node/NodeCoordinator$invalidateParentLayer$1,5,5,100.0
fc65623defd10d73,kotlinx/coroutines/flow/FlowKt__TransformKt$runningReduce$$inlined$unsafeFlow$1,5,6,83.33
117eb747859fbe86,com/nononsenseapps/feeder/ui/MainActivityViewModel$ensurePeriodicSyncConfigured$1,5,8,62.5
3242dd47d31be135,kotlinx/coroutines/flow/internal/FlowCoroutineKt,5,8,62.5
70c8c0c2b07d9d59,androidx/compose/material/ripple/RippleAnimationKt,5,7,71.43
1b546fcaf5189cce,androidx/compose/material3/tokens/TypographyTokensKt,5,6,83.33
618c256a3f32068e,androidx/compose/ui/layout/WindowInsetsRulersImpl,5,8,62.5
4f05f332a91f084f,kotlin/reflect/jvm/internal/impl/renderer/PropertyAccessorRenderingPolicy,5,7,71.43
b5d849e51fa33e04,kotlin/reflect/jvm/internal/impl/serialization/deserialization/TypeDeserializer$typeConstructor$notFoundClass$typeParametersCount$2,5,5,100.0
00608c1db3b42252,androidx/compose/ui/text/style/LineBreak$Companion,5,10,50.0
d72268669d13bc57,androidx/compose/ui/semantics/SemanticsModifierKt,5,19,26.32
43486c7d85327412,kotlinx/coroutines/internal/ScopeCoroutine,5,9,55.56
acedc39a6dd53cff,androidx/core/view/AccessibilityDelegateCompat,5,61,8.2
928ffba6128aa5cb,kotlin/reflect/jvm/internal/impl/resolve/scopes/LazyScopeAdapter$lazyScope$1,5,6,83.33
e98396e01ba2baa8,kotlin/reflect/jvm/internal/impl/builtins/functions/BuiltInFictitiousFunctionClassFactory,5,40,12.5
056764bf35a6aa0c,com/nononsenseapps/feeder/model/PlaybackStatus,5,8,62.5
2f525196cc88cc3b,androidx/compose/ui/layout/ScaleFactor,5,58,8.62
b6bbacd14a58aead,androidx/compose/animation/EnterExitTransitionKt$createGraphicsLayerBlock$1$1$alpha$2$WhenMappings,5,8,62.5
cc417404c87ceee1,kotlin/internal/jdk8/JDK8PlatformImplementations,5,22,22.73
6ba0da0680d04fa8,kotlin/reflect/jvm/internal/impl/resolve/scopes/SubstitutingScope,5,50,10.0
5404fcf10ac27d1f,androidx/compose/ui/graphics/StrokeCap$Companion,5,5,100.0
e2286495db6582e2,kotlin/reflect/jvm/internal/impl/types/KotlinType,5,18,27.78
4fbb50cb8ea7ae82,androidx/compose/foundation/text/EmptyMeasurePolicy,5,5,100.0
0214ecf8233872bd,androidx/compose/material3/tokens/DividerTokens,5,5,100.0
0ffd7fde03d60c82,androidx/compose/foundation/layout/AspectRatioElement,5,28,17.86
a8306fea3d79c5da,androidx/compose/ui/platform/InspectableValueKt,5,12,41.67
d40b728a9f3046cd,androidx/compose/ui/layout/OnSizeChangedModifier,5,13,38.46
1144e4ba4703ed6f,androidx/compose/runtime/changelist/Operation$SideEffect,5,13,38.46
ca6f628779dace95,kotlinx/serialization/json/internal/CharArrayPool,5,5,100.0
307e390991de6771,androidx/compose/runtime/LazyValueHolder,5,6,83.33
2f671f4151cba1eb,kotlin/reflect/jvm/internal/impl/descriptors/NotFoundClasses$packageFragments$1,4,4,100.0
233ada713f0c464b,androidx/paging/RemoteMediator$InitializeAction,4,6,66.67
1661e98ba1e1de10,androidx/compose/ui/graphics/vector/VectorComposeKt$Path$2$10,4,4,100.0
104a66ac3c250ade,org/jsoup/parser/HtmlTreeBuilderState$1,4,20,20.0
64a7f828d1c68d1b,androidx/compose/ui/geometry/Size$Companion,4,6,66.67
3277d859d89112e2,androidx/compose/ui/layout/ComposableSingletons$SubcomposeLayoutKt,4,4,100.0
86b1b88cb3c0ad95,kotlin/reflect/jvm/internal/impl/descriptors/impl/ModuleDescriptorImpl$packages$1,4,4,100.0
43fe0b92bf909780,androidx/compose/material3/tokens/AppBarMediumTokens,4,5,80.0
e22edef53c0ba051,androidx/compose/ui/unit/fontscaling/FontScaleConverterTable,4,33,12.12
0669c20cad2ce9eb,androidx/compose/ui/text/font/FontStyle$Companion,4,7,57.14
1514657f0a811a52,kotlin/reflect/jvm/internal/impl/descriptors/annotations/Annotations$Companion,4,8,50.0
f5d94284f1892604,androidx/compose/ui/text/font/AndroidFontResolveInterceptor,4,19,21.05
3a11fb3654d05522,androidx/compose/ui/layout/PlaceableKt$DefaultLayerBlock$1,4,4,100.0
3a90d6be528dfe56,androidx/navigation/compose/DialogNavigator,4,24,16.67
bef802ca3ef6a3c2,androidx/compose/ui/node/ComposeUiNode$Companion$SetModifier$1,4,4,100.0
6c5da7a8e02d2afe,kotlinx/serialization/json/JsonImpl,4,6,66.67
a354ccccf6f0583e,androidx/compose/foundation/lazy/layout/StickyItemsPlacement$Companion,4,4,100.0
70e2ece5289815fd,androidx/compose/ui/layout/PinnableContainerKt$LocalPinnableContainer$1,4,4,100.0
b83796e0a579cadc,androidx/compose/ui/unit/Dp$Companion,4,8,50.0
1998ceb1f16567d9,org/kodein/di/Contexes,4,4,100.0
3858c61db80ba7ef,androidx/sqlite/db/SupportSQLiteCompat$Api21Impl,4,4,100.0
1d7682b6f2354c53,com/danielrampelt/coil/ico/IcoDecoderKt,4,9,44.44
9e59aa18511c24ea,kotlin/reflect/jvm/internal/impl/types/SpecialTypesKt,4,60,6.67
a08151c71db16d23,androidx/compose/animation/core/TransitionKt$createTransitionAnimation$lambda$31$lambda$30$$inlined$onDispose$1,4,4,100.0
48194a187e0a9e2b,kotlinx/coroutines/channels/Channel$Factory,4,5,80.0
dbe9acb2b4648100,androidx/compose/ui/platform/AndroidComposeView$ViewTreeOwners,4,4,100.0
0efbee07c45766ea,androidx/collection/FloatSet,4,420,0.95
b308a41ac4bc11e0,androidx/compose/ui/graphics/AndroidColorFilter_androidKt,4,33,12.12
60a810e1dbf28928,androidx/compose/animation/core/VectorizedAnimationSpecKt$createSpringAnimations$2,4,4,100.0
4d39e35cbeb9d27c,coil3/network/okhttp/internal/OkHttpNetworkFetcherServiceLoaderTarget,4,5,80.0
1ea4f39c07b7c829,org/kodein/di/DIContext$Value,4,19,21.05
61438d06b39e1d73,androidx/compose/animation/core/TransitionKt$createDeferredAnimation$lambda$17$lambda$16$$inlined$onDispose$1,4,4,100.0
cd8cb7abf347abca,kotlin/reflect/jvm/internal/impl/descriptors/runtime/components/RuntimeSourceElementFactory,4,4,100.0
90b8289cfdf38712,kotlin/reflect/jvm/internal/impl/types/TypeSubstitution,4,10,40.0
f734e5ec112cc122,androidx/window/WindowSdkExtensions,4,27,14.81
5e8489ef5a1a2f90,androidx/compose/runtime/external/kotlinx/collections/immutable/implementations/immutableMap/PersistentHashMapEntriesIterator,4,4,100.0
cd22b8797b060cb2,org/kodein/di/DIContext$Companion,4,6,66.67
98e09659a0940cd0,kotlinx/coroutines/EventLoopImplBase$DelayedResumeTask,4,5,80.0
d4607794b3aa52a0,kotlin/sequences/SequencesKt__SequenceBuilderKt$sequence$$inlined$Sequence$1,4,4,100.0
28eef0bdb1716a23,com/nononsenseapps/feeder/ui/compose/feedarticle/FeedCardSource,4,25,16.0
2c7152d31700caaa,androidx/compose/ui/node/HitTestResult,4,214,1.87
ac54fef4d94668c5,androidx/core/os/TraceCompat,4,41,9.76
7b2628e37075409a,coil3/compose/AsyncImagePainter$State$Empty,4,8,50.0
7b10bd7be0cd4589,androidx/sqlite/db/SupportSQLiteOpenHelper$Configuration,4,9,44.44
8922968370614c8d,androidx/compose/runtime/SnapshotMutableLongStateImpl$LongStateStateRecord,4,6,66.67
7b4af8adfc2ffc4a,com/nononsenseapps/feeder/ui/compose/material3/DrawerValue,4,7,57.14
d23ece140bf9d450,androidx/compose/ui/graphics/vector/VectorPainter$vector$1$1,4,6,66.67
1a3435e9d93a7563,androidx/paging/compose/LazyFoundationExtensionsKt,4,10,40.0
b4cbd40f182b3b40,kotlinx/coroutines/internal/SegmentOrClosed,4,21,19.05
8e974a2d7dc63ab1,kotlin/reflect/jvm/internal/impl/builtins/jvm/JvmBuiltIns$customizer$2$1,4,6,66.67
99ad3611acc400aa,com/nononsenseapps/feeder/ui/compose/navigation/NavigationDestination$special$$inlined$filterIsInstance$1,4,4,100.0
658b0fc22b39c287,kotlinx/coroutines/flow/FlowKt__TransformKt$filterNotNull$$inlined$unsafeTransform$1,4,5,80.0
09cdebeb3c0cba17,androidx/compose/ui/modifier/ModifierLocal,4,4,100.0
485279a6834516ff,androidx/compose/ui/node/NodeCoordinator$updateLayerParameters$1,4,4,100.0
947cd74898febfb8,androidx/room/RoomDatabaseKt,4,10,40.0
2d238179eca3448e,androidx/compose/ui/focus/Focusability$Companion,4,5,80.0
f45581f1e7f3f6d6,coil3/compose/AsyncImagePainter$State$Success,4,19,21.05
5f8efc92f6de9168,androidx/compose/runtime/external/kotlinx/collections/immutable/internal/ListImplementation,4,31,12.9
3fc25578dbf895a2,kotlin/reflect/jvm/internal/impl/metadata/deserialization/VersionRequirementTable,4,5,80.0
98d2b8336c17280d,kotlinx/coroutines/flow/FlowKt__ZipKt$combine$$inlined$combineUnsafe$FlowKt__ZipKt$2,4,5,80.0
2f6d1d8975966272,kotlinx/coroutines/ExecutorCoroutineDispatcher$Key,4,7,57.14
a0184c2a10a199ac,androidx/compose/material3/internal/BasicTooltipKt$BasicTooltipBox$lambda$4$lambda$3$$inlined$onDispose$1,4,4,100.0
62acc19ed736f15e,kotlin/reflect/jvm/internal/impl/builtins/BuiltInsLoader$Companion,4,4,100.0
c53587a7c094675a,androidx/compose/ui/text/intl/LocaleList$Companion,4,4,100.0
2d91da1525b5b7ac,androidx/compose/ui/focus/FocusTargetModifierNodeKt,4,8,50.0
5cb75de87f4b9bb1,okhttp3/internal/connection/ConnectPlan$WhenMappings,4,6,66.67
b1ebd34cd0ef37f3,androidx/compose/material3/FabPosition$Companion,4,6,66.67
a4336d4811741db2,androidx/compose/ui/focus/FocusChangedNode,4,7,57.14
0568217f92b4136b,kotlin/reflect/jvm/internal/impl/serialization/deserialization/ClassDeserializer$classes$1,4,4,100.0
de1e223f0a3d33f9,androidx/compose/ui/platform/AndroidCompositionLocals_androidKt$ProvideAndroidCompositionLocals$2$1,4,4,100.0
9185e748a4261707,kotlin/reflect/jvm/internal/impl/serialization/deserialization/NameResolverUtilKt,4,4,100.0
bea5fc718b5fec76,androidx/paging/CachedPagingDataKt$cachedIn$$inlined$map$1,4,5,80.0
521620b6a1dad56e,org/jsoup/nodes/Document$QuirksMode,4,6,66.67
f1d47093b2095568,kotlin/collections/ArraysKt___ArraysKt$asIterable$$inlined$Iterable$1,4,4,100.0
22a5438134edb3e1,kotlin/reflect/jvm/internal/impl/serialization/deserialization/TypeDeserializer$typeConstructor$notFoundClass$typeParametersCount$1,4,4,100.0
9d2e434e64025c5d,androidx/activity/compose/ActivityResultRegistryKt$rememberLauncherForActivityResult$lambda$4$0$$inlined$onDispose$1,4,4,100.0
2e506ad659bc9b05,kotlin/reflect/jvm/internal/impl/serialization/deserialization/descriptors/DeserializedMemberScope$OptimizedImplementation$functions$1,4,4,100.0
5d361d690481c296,androidx/compose/runtime/external/kotlinx/collections/immutable/implementations/immutableMap/MapEntry,4,21,19.05
4fc4a4925d8290b9,androidx/compose/foundation/lazy/staggeredgrid/LazyStaggeredGridMeasureResult,4,98,4.08
3a02650ec352fa2f,kotlin/reflect/jvm/internal/impl/util/EmptyArrayMap,4,9,44.44
cf8c179fddfbe39f,coil3/compose/ImagePainter_androidKt,4,13,30.77
f017c5cff6478530,com/squareup/moshi/AdapterMethodsFactory$AdapterMethod,4,29,13.79
b11c34e6a125e22f,androidx/compose/ui/platform/InspectionModeKt$LocalInspectionMode$1,4,4,100.0
a8a8633c17a8facc,androidx/compose/ui/node/MeasurePassDelegate$layoutChildrenBlock$1$1,4,4,100.0
686d6bd2ca354eab,kotlinx/coroutines/CompletableDeferredImpl,4,9,44.44
634dd6d8ae57bcec,kotlin/reflect/jvm/internal/impl/load/kotlin/header/KotlinClassHeader$Kind$Companion,4,5,80.0
611f646adae598ca,androidx/compose/ui/platform/AndroidComposeView$resendMotionEventOnLayout$1,4,8,50.0
e264a7447abd5804,androidx/compose/ui/graphics/vector/VectorComposeKt$Path$2$4,4,4,100.0
e30daf6fc64a0de9,kotlin/reflect/jvm/internal/impl/load/kotlin/DeserializationComponentsForJava$Companion$ModuleData,4,4,100.0
5facf1531fbc3688,com/squareup/moshi/kotlin/reflect/KotlinJsonAdapterKt,4,4,100.0
b98cf8e99c25ba8c,okhttp3/CacheControl$Companion,4,4,100.0
464702ad5194d2ad,androidx/lifecycle/ReportFragment$LifecycleCallbacks$Companion,4,4,100.0
67b4c632bd25bb74,com/nononsenseapps/feeder/ui/compose/navigation/NavigationDestination$special$$inlined$filterIsInstance$2,4,4,100.0
53ad2571461e9718,org/jsoup/parser/TokeniserState$41,4,14,28.57
d14cece0a3aed9e8,androidx/compose/material3/FabPlacement,4,5,80.0
3223369c8b0c67ab,androidx/compose/foundation/layout/Arrangement$End$1,4,6,66.67
de6d5272ac1d2829,androidx/compose/ui/node/BackwardsCompatNodeKt$updateModifierLocalConsumer$1,4,4,100.0
8fc4049f1a349935,kotlin/reflect/jvm/internal/impl/types/checker/NewKotlinTypeChecker$Companion,4,4,100.0
0eb641b058111f4c,androidx/compose/ui/text/style/LineHeightStyle$Trim$Companion,4,6,66.67
7d651d2e32ea3afd,kotlinx/coroutines/flow/internal/SafeCollectorKt$emitFun$1,4,4,100.0
758e296e2fc93b48,androidx/compose/ui/semantics/Role$Companion,4,11,36.36
de8a434b8d6a18c3,androidx/compose/ui/platform/ComposableSingletons$Wrapper_androidKt,4,4,100.0
c4c8761384bd7e0a,androidx/compose/ui/text/style/LineHeightStyle$Mode$Companion,4,4,100.0
d828dae1fb84513e,kotlin/reflect/jvm/internal/impl/serialization/deserialization/descriptors/DeserializedMemberScope$OptimizedImplementation$properties$1,4,4,100.0
49076a7b4a3241e5,androidx/compose/ui/graphics/TransformOriginKt,4,4,100.0
6171df9e7446a211,kotlin/reflect/jvm/internal/impl/load/java/lazy/LazyJavaTypeParameterResolver,4,12,33.33
23ba019f2047ead8,kotlin/reflect/jvm/internal/impl/utils/DeserializationHelpersKt,4,6,66.67
747b1f1179e0da30,coil3/memory/RealStrongMemoryCache$InternalValue,4,4,100.0
06271aadcc36d876,androidx/compose/animation/core/FloatExponentialDecaySpec,4,22,18.18
14a4099f7a412faa,androidx/compose/ui/BiasAlignment$Vertical,4,22,18.18
bf4e7517d45dd6dc,androidx/collection/LongSparseArray,4,241,1.66
b29a3fd2fb7ddeec,androidx/compose/ui/platform/AndroidComposeView$bringIntoViewNode$1,4,11,36.36
3510a7477b0d8186,kotlin/reflect/jvm/internal/impl/load/java/NullabilityAnnotationStates$Companion,4,4,100.0
5e48a4cf7bf88992,androidx/work/impl/background/systemjob/SystemJobInfoConverter,4,74,5.41
c265f1c859f742af,androidx/compose/ui/text/font/FontFamily$Companion,4,7,57.14
3f28871e3368424e,okhttp3/internal/authenticator/JavaNetAuthenticator,4,61,6.56
c15dd766e66b191f,androidx/compose/animation/core/KeyframesSpec$KeyframesSpecConfig,4,13,30.77
ce778ae617389a24,kotlin/jvm/internal/CollectionToArray,4,61,6.56
50c33ec5970570a5,androidx/compose/ui/graphics/vector/VectorComposeKt$Path$2$2,4,4,100.0
c4dab45de4addd8c,androidx/compose/ui/graphics/ClipOp$Companion,4,4,100.0
008584da124affbf,androidx/compose/ui/draganddrop/AndroidDragAndDropManager$modifier$1,4,11,36.36
f734da6a1521f1d1,kotlin/reflect/jvm/internal/KCallableImpl$_returnType$1$1,4,5,80.0
26d0947e55728e6d,androidx/compose/animation/AnimatedVisibilityKt$AnimatedVisibility$1$1,4,4,100.0
d1fd2f04d89e4fd3,androidx/compose/ui/platform/AndroidComposeView_androidKt$platformTextInputServiceInterceptor$1,4,4,100.0
cbd827b03de99842,kotlin/time/DurationUnitKt__DurationUnitJvmKt,4,20,20.0
f464fdd99381d3ce,kotlin/reflect/jvm/internal/impl/serialization/SerializerExtensionProtocol,4,18,22.22
8ec0914ef49d610f,androidx/arch/core/executor/DefaultTaskExecutor$1,4,4,100.0
14ab2bcdc2a9b7d2,androidx/lifecycle/viewmodel/ViewModelInitializer,4,6,66.67
0eba2b1903666cda,androidx/compose/ui/input/pointer/SuspendingPointerInputFilterKt,4,13,30.77
8451a6c75701ffb1,kotlin/reflect/jvm/internal/impl/renderer/DescriptorRendererImpl$RenderDeclarationDescriptorVisitor,4,46,8.7
369d7be1c2fe05af,kotlinx/serialization/json/internal/JsonStreamsKt,4,26,15.38
7b3ab5534add0e9b,androidx/compose/ui/text/font/FontFamilyResolver_androidKt,4,28,14.29
1110bd057984ffa6,org/kodein/di/internal/DIContainerBuilderImpl$OverrideMode$ALLOW_EXPLICIT,4,5,80.0
7f1382c7041413fc,okio/_JvmPlatformKt,4,9,44.44
ba00d2d64784c51b,androidx/collection/SparseArrayKt$keyIterator$1,4,8,50.0
a7824815ccc2291e,com/nononsenseapps/feeder/ui/compose/feed/FeedScreenKt$FeedScreen$4$13$1,4,4,100.0
76d2869051fbabf5,androidx/compose/ui/graphics/vector/VectorComposeKt$Path$2$13,4,4,100.0
a55f9b3d78e86c05,okhttp3/Dns$Companion$DnsSystem,4,7,57.14
c49f493aef0bc83b,androidx/compose/ui/graphics/vector/VectorComposeKt$Path$2$12,4,4,100.0
52c45e42b68170a1,kotlinx/serialization/internal/IntSerializer,4,10,40.0
1bd7ce51ad3fd20b,kotlin/reflect/jvm/internal/impl/types/checker/StrictEqualityTypeChecker,4,4,100.0
d11eb9dde48be681,androidx/compose/ui/platform/DisposableSaveableStateRegistry_androidKt$DisposableSaveableStateRegistry$saveableStateRegistry$1,4,4,100.0
1f068b0e11496faa,androidx/compose/foundation/layout/Arrangement$Center$1,4,9,44.44
577f46e7759a8ef4,kotlin/reflect/jvm/internal/impl/storage/LockBasedStorageManager$NotValue,4,6,66.67
4dcb32d959c98c27,androidx/compose/ui/draw/PainterElement,4,68,5.88
744bc41f00c7bb95,kotlin/reflect/jvm/internal/impl/descriptors/impl/PackageViewDescriptorFactory$Companion,4,4,100.0
bfe6a9b0fa3ae765,coil3/fetch/SourceFetchResult,4,14,28.57
f99c8871ded74436,androidx/compose/animation/EnterExitTransitionKt$createModifier$1$1,4,4,100.0
829eabed9ba239c1,androidx/compose/ui/graphics/PathFillType$Companion,4,4,100.0
5c4e272271206167,androidx/sqlite/db/framework/FrameworkSQLiteStatement,4,7,57.14
93cdf0a1f802b05f,androidx/compose/ui/text/font/AsyncTypefaceCache$Key,4,21,19.05
2fb089f92be7e692,androidx/sqlite/db/SupportSQLiteOpenHelper$Callback,4,66,6.06
410033a08067199c,androidx/compose/ui/graphics/vector/VectorComposeKt$Path$2$8,4,4,100.0
a312305db81e600d,kotlinx/serialization/builtins/BuiltinSerializersKt,4,51,7.84
4767e7b72b6f00e1,androidx/compose/ui/platform/AndroidCompositionLocals_androidKt$obtainResourceIdCache$1$1,4,4,100.0
78c706aa0911dc16,androidx/compose/ui/platform/InspectableModifier,4,4,100.0
4fde29d0bc531126,androidx/navigation/internal/NavContext,4,13,30.77
75b09fb0200a2180,coil3/gif/internal/GifDecoderServiceLoaderTarget,4,5,80.0
7ad1c4e6651190be,androidx/compose/ui/node/LayoutNode$Companion$Constructor$1,4,4,100.0
a95659a54d11b679,androidx/compose/foundation/lazy/layout/LazyLayoutPinnableItemKt$LazyLayoutPinnableItem$lambda$3$lambda$2$$inlined$onDispose$1,4,4,100.0
2185032ebf3d363f,androidx/compose/ui/text/EmojiSupportMatch$Companion,4,5,80.0
fe520fb99b6c012d,kotlin/NotImplementedError,4,6,66.67
93fcd0d5bdcc752b,androidx/room/BindOnlySQLiteStatement,4,38,10.53
7d3d21af854c120d,coil3/util/UtilsKt$EMPTY_IMAGE_FACTORY$1,4,4,100.0
b4b0d97e4526c33e,kotlin/reflect/jvm/internal/impl/util/AbstractArrayMapOwner,4,5,80.0
9cda9e3583930a88,androidx/compose/ui/unit/DpKt,4,118,3.39
d78045dac8f2115f,androidx/compose/runtime/collection/ScatterSetWrapper,4,26,15.38
8b6b27134f4d28c2,androidx/compose/foundation/interaction/MutableInteractionSourceImpl,4,7,57.14
b68efdb82c0a6b20,kotlin/reflect/jvm/internal/impl/util/AttributeArrayOwner,4,14,28.57
b46b74fe33f8df5f,androidx/compose/ui/graphics/ImageBitmapConfig$Companion,4,7,57.14
0b8f30832bc0dcf8,coil3/memory/MemoryCache$Value,4,27,14.81
850ad36c9eeae4b9,androidx/room/coroutines/FlowUtil$createFlow$$inlined$map$1,4,5,80.0
0fbd383c00995b79,androidx/compose/animation/ColorVectorConverterKt$ColorToVector$1,4,4,100.0
1aaa6db47566ee12,kotlin/reflect/jvm/internal/impl/load/java/components/JavaResolverCache$1,4,36,11.11
d0c8f633a95d6334,okhttp3/internal/connection/ReusePlan,4,17,23.53
e0cd0eed002722c3,org/kodein/di/android/LazyContextDIPropertyDelegateProvider,4,4,100.0
3fa6086b68e933e0,androidx/compose/foundation/lazy/layout/LazyLayoutItemContentFactory$CachedItemContent$createContentLambda$1$invoke$lambda$2$lambda$1$$inlined$onDispose$1,4,4,100.0
265fb10262d6194e,okhttp3/Dispatcher$promoteAndExecute$Effects,4,4,100.0
4d85da835ee9c53f,kotlin/ranges/IntRange,4,35,11.43
067e5d891a09ed1a,kotlin/reflect/jvm/internal/impl/descriptors/Modality$Companion,4,7,57.14
318f28d33f024b45,androidx/compose/ui/text/platform/EmojiCompatStatus,4,7,57.14
d16cd8fe3e7afaac,coil3/util/IntPair,4,18,22.22
0a4bcb648c5e6037,androidx/lifecycle/viewmodel/internal/CloseableCoroutineScopeKt,4,8,50.0
e9afdf15fa0e81f8,kotlinx/serialization/encoding/AbstractDecoder,4,59,6.78
cd44355648701d07,androidx/compose/ui/input/InputMode$Companion,4,4,100.0
25f17ebda5c6f3e5,androidx/compose/animation/core/InfiniteTransitionKt$animateValue$lambda$6$lambda$5$$inlined$onDispose$1,4,4,100.0
ce32f2fa655434ef,androidx/compose/ui/layout/AlignmentLineKt,4,5,80.0
8213bf388d38dd65,coil3/transition/CrossfadeTransition,4,29,13.79
0a09de3624d87d9a,androidx/compose/ui/node/ObserverNodeOwnerScope,4,5,80.0
ad95b1a5906201de,androidx/lifecycle/viewmodel/InitializerViewModelFactory,4,4,100.0
bae0d0331ec919ac,androidx/compose/ui/platform/AndroidCompositionLocals_androidKt$obtainImageVectorCache$1$1,4,4,100.0
0bf5da2d197d0513,kotlinx/serialization/descriptors/SerialDescriptorKt$special$$inlined$Iterable$1,4,4,100.0
ded990f78ca0af75,androidx/room/RoomConnectionManager$installOnOpenCallback$newCallbacks$1,4,4,100.0
7dfe2979c94973cc,androidx/compose/ui/text/android/BoringLayoutFactoryDefault,4,12,33.33
b139fe53bbbd1ad4,androidx/compose/foundation/gestures/ContentInViewNode$WhenMappings,4,6,66.67
b5e4a3da25b37d8b,androidx/compose/ui/node/DrawModifierNodeKt,4,5,80.0
9e2de8644701ff4f,androidx/compose/ui/unit/DensityWithConverter,4,26,15.38
5c8fe7bbfd88a8a6,androidx/compose/ui/layout/LayoutIdKt,4,6,66.67
8954685ba9b286a3,kotlin/ResultKt,4,63,6.35
2f275e95236c9cea,androidx/paging/PagingDataTransforms__PagingDataTransformsKt$map$$inlined$transform$1,4,5,80.0
6b32d20c0f2a1850,androidx/emoji2/text/EmojiCompat$Config,4,40,10.0
831412588636b935,kotlin/reflect/jvm/internal/impl/load/kotlin/PackagePartProvider$Empty,4,4,100.0
ca1f158a8335d2c1,androidx/compose/animation/core/TransitionKt$rememberTransition$lambda$13$lambda$12$$inlined$onDispose$1,4,4,100.0
a08ec018b4385acd,androidx/compose/ui/graphics/vector/VectorComposeKt$Path$2$11,4,4,100.0
f1b9ffc2f95ed9a2,kotlin/reflect/jvm/internal/impl/resolve/jvm/SyntheticJavaPartsProvider$Companion,4,4,100.0
6134681b2ecbe96a,androidx/compose/ui/unit/FontScaling,4,20,20.0
4229060022b20802,androidx/compose/ui/unit/AndroidDensity_androidKt,4,5,80.0
74f2b57e0ea2e1b7,androidx/compose/ui/text/style/LineBreak$WordBreak$Companion,4,5,80.0
589aba19e7546b75,coil3/disk/DiskLruCache$fileSystem$1,4,5,80.0
43d5fc66f39a628c,androidx/compose/runtime/changelist/Operation$AdvanceSlotsBy,4,9,44.44
37786c413de12815,androidx/lifecycle/ViewModelProvider$NewInstanceFactory,4,11,36.36
9a0fafb993ea68a9,okhttp3/internal/Internal,4,34,11.76
9e9c2dd1dc1121aa,androidx/compose/animation/core/Transition$Segment,4,7,57.14
3c8e0168850e77e5,androidx/compose/ui/draw/DrawBackgroundModifier,4,6,66.67
87aed3f31a9ae1e8,com/nononsenseapps/feeder/archmodel/FeedItemStore$getPagedFeedItemsRaw$$inlined$map$1,4,5,80.0
38aaa9f85e4fa032,kotlin/reflect/jvm/internal/impl/serialization/deserialization/builtins/BuiltInsPackageFragmentImpl$Companion,4,11,36.36
27b246c134481a08,androidx/compose/ui/text/android/BoringLayoutFactory,4,35,11.43
61d825e3d7193c1a,kotlin/sequences/IndexingSequence,4,4,100.0
19e0f0d02b22ed5c,androidx/lifecycle/DefaultLifecycleObserver,4,6,66.67
acba11a4819c5316,org/kodein/di/DIDefining,4,4,100.0
d8b7b3e9233aa7ff,androidx/compose/foundation/DarkThemeKt,4,6,66.67
c09f836ab4b1b8e1,androidx/compose/ui/layout/HorizontalRuler,4,10,40.0
0a61e82e99d8942e,androidx/emoji2/text/DefaultGlyphChecker,4,16,25.0
65f7f5e960b69f70,androidx/compose/ui/graphics/Canvas,4,65,6.15
eaef613b21d445f0,com/nononsenseapps/feeder/model/ThumbnailImage$Companion,4,4,100.0
8e784ab1569afda2,com/nononsenseapps/feeder/ui/compose/ConstantsKt,4,5,80.0
609a6466bf821489,androidx/compose/ui/focus/FocusOwnerImpl$modifier$1,4,11,36.36
5dcebb30d1653862,com/squareup/moshi/JsonReader,4,53,7.55
d8a979ec5f71f1c9,kotlin/reflect/jvm/internal/KProperty1Impl$Getter,4,6,66.67
09c42ce5a2a2d788,org/kodein/di/bindings/NoScope,4,4,100.0
f359ce664269cf19,androidx/compose/ui/node/LayoutModifierNodeKt,4,7,57.14
76f10e185a2ff290,kotlinx/coroutines/sync/Mutex$DefaultImpls,4,13,30.77
07121d5909ffc3c9,androidx/compose/animation/AnimatedContentKt$AnimatedContent$6$1$1$1,4,4,100.0
6e5ec75ea87271f7,androidx/compose/ui/graphics/Outline$Rectangle,4,8,50.0
a51bce68b10e4aed,androidx/compose/animation/FlingCalculator,4,17,23.53
ed1293095d6f93e2,androidx/compose/foundation/layout/WindowInsetsHolder$Companion$current$lambda$2$lambda$1$$inlined$onDispose$1,4,4,100.0
bf1100402e5a61af,org/kodein/type/TypeReference,4,6,66.67
808113c4d60c75ef,coil3/memory/RealStrongMemoryCache$cache$1,4,6,66.67
f244e2094d258dc1,androidx/paging/ConflatedEventBus$special$$inlined$mapNotNull$1,4,5,80.0
74df4a1f5f603119,androidx/compose/ui/graphics/StrokeJoin$Companion,4,5,80.0
a3324e099acfc729,androidx/compose/ui/graphics/vector/VectorComposeKt$Path$2$9,4,4,100.0
f6e7c88d65deeb4d,coil3/network/NetworkFetcher$Factory$2,4,4,100.0
0db90807d09bc422,org/kodein/di/internal/Collections_jvmKt,4,4,100.0
ef5202fac46c18ca,kotlin/collections/EmptyIterator,4,15,26.67
8139b257dbc159b3,androidx/paging/HintHandler$WhenMappings,4,6,66.67
e5b879decc29816d,androidx/compose/ui/graphics/vector/VectorComposeKt$Path$2$6,4,4,100.0
e73822da527806ce,kotlinx/coroutines/internal/MainDispatchersKt,4,19,21.05
a072ca32b291698d,kotlin/reflect/jvm/internal/impl/types/DelegatingSimpleType,4,10,40.0
f16ce0ccb21d52d6,androidx/compose/foundation/lazy/layout/LazyLayoutAnimateItemElement,4,37,10.81
8a56fad03d431c4b,okhttp3/internal/http2/FlowControlListener$None,4,4,100.0
3eb6a28206962b0a,kotlin/reflect/jvm/internal/impl/incremental/UtilsKt,4,16,25.0
4fa36d4f214db26a,androidx/navigation/NavBackStackEntryState,4,22,18.18
2bd4298b5266a1c5,androidx/room/InvalidationTracker$implementation$1,4,4,100.0
7e91c2f05abbb4dc,kotlin/reflect/jvm/internal/impl/utils/DFS$VisitedWithSet,4,6,66.67
b4c4e03c7668308b,kotlin/reflect/jvm/internal/impl/descriptors/runtime/components/RuntimeModuleData,4,6,66.67
ccfe02ed4ef432c7,androidx/core/view/WindowInsetsCompat$Builder,4,43,9.3
d178c76b2e7d0a26,androidx/compose/ui/Modifier$Companion,4,8,50.0
799299cf6b4ad991,org/kodein/di/bindings/NoArgBindingDIWrap,4,33,12.12
26781b66a4dbeb4c,kotlin/reflect/jvm/internal/impl/descriptors/ScopesHolderForClass$Companion,4,4,100.0
28f287a534e90927,kotlin/reflect/jvm/internal/impl/metadata/deserialization/ProtoBufUtilKt,4,8,50.0
49bdb230b6e63ff0,androidx/compose/ui/geometry/OffsetKt,4,31,12.9
0d433f7719e8b942,androidx/compose/ui/semantics/EmptySemanticsElement,4,11,36.36
7836d5fe74910be3,androidx/compose/runtime/DisposableEffectImpl,4,6,66.67
5184a4960d786abe,kotlin/collections/AbstractList,4,30,13.33
5a0a2a6da537a78d,kotlin/reflect/jvm/internal/KPropertyImpl$Getter$descriptor$2,4,5,80.0
6b1692485dc01675,org/kodein/di/bindings/Reference,4,19,21.05
46ce710be1bd2577,androidx/compose/ui/graphics/vector/VectorComposeKt$Path$2$7,4,4,100.0
6cbc3a2148ea6d6f,kotlin/reflect/jvm/internal/JvmFunctionSignature$KotlinFunction,4,6,66.67
a5e1310359b97e6b,kotlinx/serialization/encoding/AbstractEncoder,4,75,5.33
00551fdacb88a733,androidx/compose/animation/AnimatedContentKt$AnimatedContent$6$1$5$1$1,4,4,100.0
b0cce7ed9415f07a,androidx/compose/foundation/lazy/LazyList_androidKt,4,6,66.67
cb3607a00e17f1ce,androidx/customview/poolingcontainer/PoolingContainerListenerHolder,4,10,40.0
7cb97189d2e86c8b,androidx/compose/material3/internal/SystemBarsDefaultInsets_androidKt,4,6,66.67
0bb31cfe4ba4ef8d,coil3/compose/internal/UtilsKt$UseMinConstraintsMeasurePolicy$1,4,4,100.0
eaf2c47f62d75f2b,androidx/navigation/NamedNavArgument,4,6,66.67
e2702da5d9e0c5b6,androidx/compose/foundation/lazy/layout/LazySaveableStateHolder$SaveableStateProvider$lambda$4$lambda$3$$inlined$onDispose$1,4,4,100.0
69ccfcf5ff9d1923,com/nononsenseapps/feeder/ui/compose/material3/SystemBarsDefaultInsetsKt,4,6,66.67
55ac115069fcde99,androidx/compose/runtime/ComposerImpl$derivedStateObserver$1,4,4,100.0
5692603bf92ddc1d,kotlin/reflect/jvm/internal/impl/resolve/scopes/ResolutionScope$DefaultImpls,4,9,44.44
0d4d3d39d02e73f5,kotlin/reflect/jvm/internal/impl/protobuf/GeneratedMessageLite$1,4,6,66.67
f8b750bf89213294,kotlin/reflect/jvm/internal/impl/load/java/lazy/types/JavaTypeResolver,4,207,1.93
0e5e38b2d7709253,androidx/compose/ui/text/android/style/TextDecorationSpan,4,6,66.67
a22a6862b1bc6829,androidx/compose/runtime/Composer$Companion,4,6,66.67
d026e858333b38a5,androidx/compose/runtime/saveable/SaverKt,4,5,80.0
3631a7a0c00f659a,androidx/compose/ui/graphics/vector/VectorComposeKt$Path$2$3,4,4,100.0
1712a9b98a11009e,kotlin/reflect/jvm/internal/impl/load/java/FieldOverridabilityCondition,4,13,30.77
19e0d5f34a8532bd,androidx/compose/material3/internal/ParentSemanticsNodeElement,4,17,23.53
c7d02d6441795f85,kotlinx/coroutines/flow/FlowKt__ZipKt$combine$$inlined$combineUnsafe$FlowKt__ZipKt$1,4,5,80.0
8711eb4576a78e87,androidx/compose/ui/text/style/TextMotion$Linearity$Companion,4,5,80.0
f25a86d4fd9cbd99,androidx/compose/ui/focus/FocusRequesterElement,4,23,17.39
c89932760f5e613d,okhttp3/internal/cache/CacheStrategy,4,4,100.0
4d816ddc557aa1b8,androidx/compose/ui/text/TextStyleKt$WhenMappings,4,6,66.67
d6a7e77c9f575a3d,com/nononsenseapps/feeder/archmodel/LinkOpener,4,8,50.0
af62e6978e35d30f,androidx/concurrent/futures/AbstractResolvableFuture$SafeAtomicHelper,4,6,66.67
d3e7eb786891a4dd,kotlin/reflect/jvm/internal/impl/load/java/BuiltinMethodsWithSpecialGenericSignature,4,17,23.53
095c69bde813bc13,androidx/compose/ui/text/font/PlatformResolveInterceptor,4,5,80.0
cad32216eb725740,kotlin/coroutines/jvm/internal/Boxing,4,8,50.0
15d7972758b54ebc,androidx/compose/ui/graphics/vector/VectorComposeKt$Path$2$5,4,4,100.0
ce359e5f834707d6,androidx/paging/LoadState$NotLoading$Companion,4,4,100.0
7a49cf17428602d1,com/nononsenseapps/feeder/model/EnclosureImage$$serializer,4,19,21.05
67953e7d82c50e08,androidx/compose/ui/text/style/LineHeightStyle$Alignment$Companion,4,6,66.67
bbcfa785eb294232,androidx/compose/ui/contentcapture/AndroidContentCaptureManager$TranslateStatus,4,7,57.14
ed308b375e5e2d04,com/nononsenseapps/feeder/JacocoInstrument/SMSInstrumentedReceiver,4,7,57.14
8715e4bdc2d0741e,androidx/navigation/compose/ComposeNavGraphNavigator,4,4,100.0
51f3683347088ba2,androidx/paging/PageStore$Companion,4,6,66.67
4b77f38567e78ad4,kotlin/reflect/jvm/internal/impl/descriptors/impl/ModuleAwareClassDescriptorKt,4,4,100.0
e9b32192cfc4d23a,kotlinx/coroutines/flow/FlowKt__BuildersKt,4,28,14.29
f93d74510487fc0f,androidx/compose/ui/platform/AndroidComposeViewVerificationHelperMethodsO,4,4,100.0
a4e5fb39767a3c41,androidx/compose/runtime/CompositionLocalMap$Companion,4,4,100.0
99cfc078138a7fc6,androidx/compose/runtime/StaticValueHolder,4,21,19.05
d9ec25c44cb20564,androidx/compose/foundation/lazy/layout/LazyLayoutPinnedItemList,4,50,8.0
a1cfca7ec587183a,kotlinx/coroutines/DefaultExecutorKt,4,11,36.36
9f82c7772e1560d2,kotlinx/coroutines/flow/FlowKt__ZipKt$nullArrayFactory$1,4,4,100.0
fe27cdc01afc5f21,kotlin/jvm/internal/MutablePropertyReference1Impl,4,8,50.0
4a091d161a877bd8,com/nononsenseapps/feeder/background/BackgroundCoroutineScope,4,4,100.0
ba06a4021f9757d5,androidx/compose/ui/text/font/FontFamilyResolverKt,4,4,100.0
d53135614a515c4b,androidx/lifecycle/LifecycleRegistryKt,4,9,44.44
d368395e8d4a1118,kotlinx/coroutines/sync/SemaphoreSegment,4,16,25.0
f1de5c1a59cd429d,androidx/compose/runtime/RememberObserverHolder,4,6,66.67
6c058e1c5606a282,org/jsoup/nodes/NodeUtils,4,21,19.05
aa682d9cf270a31a,androidx/compose/animation/AnimatedVisibilityKt$AnimatedVisibility$7$1,4,4,100.0
bf719a2176cc6539,kotlinx/coroutines/flow/FlowKt__ZipKt$combine$$inlined$combineUnsafe$FlowKt__ZipKt$3,4,5,80.0
84814c1f6e2f5017,androidx/lifecycle/ProcessLifecycleOwner$Api29Impl,4,4,100.0
aa094db614da65ce,androidx/navigation/NavDeepLink$Builder,4,28,14.29
6a127da9eb4c0a41,kotlinx/serialization/json/Json$Default,4,4,100.0
b88ee16cbdeb72b3,kotlin/collections/SetsKt__SetsJVMKt,4,16,25.0
806e45a490d923ae,androidx/collection/ObjectListKt,4,46,8.7
aa9b5a6d75651356,androidx/compose/ui/unit/IntOffset$Companion,4,4,100.0
63380d5e570fefb4,coil3/key/FileUriKeyer,4,10,40.0
f5bf984d2b0ed004,androidx/compose/foundation/layout/WindowInsetsPadding_androidKt,4,62,6.45
0a955ffa4fe82c7b,androidx/compose/material/ContentColorKt$LocalContentColor$1,4,4,100.0
646dd20f3f671e1d,kotlinx/serialization/descriptors/SerialKind,4,4,100.0
a57fb9b5b79a3c4b,androidx/collection/SparseArrayKt,4,31,12.9
a1b61859e1796f88,kotlinx/serialization/PolymorphicSerializerKt,4,6,66.67
e65762ae1e632dd2,androidx/compose/foundation/layout/BoxKt$EmptyBoxMeasurePolicy$1,4,4,100.0
c626402574a5e5fb,androidx/compose/ui/node/ComposeUiNode$Companion$SetCompositeKeyHash$1,4,4,100.0
8a32df99394ddbb9,kotlin/time/TimeSource$Monotonic,4,6,66.67
b759ceb8c90e878e,androidx/compose/ui/graphics/vector/VectorComposeKt$Path$1$1,4,4,100.0
3d2be51d48ea07ba,kotlin/reflect/jvm/internal/impl/renderer/DescriptorRendererOptionsImpl$property$$inlined$vetoable$1,4,6,66.67
88ccf1c0d393ddee,androidx/compose/ui/node/MeasurePassDelegate$remeasure$1$2,4,4,100.0
925b340cd1ba407c,androidx/room/RoomOpenDelegate,4,5,80.0
ab1978968c16e808,androidx/compose/runtime/OpaqueKey,4,14,28.57
c180daa650ef1c5a,androidx/compose/ui/layout/ValueInsets,4,24,16.67
678948a055fc2d72,androidx/compose/ui/text/ParagraphInfo,4,93,4.3
cb2d2cf9b1f9c184,androidx/window/layout/util/DensityCompatHelper$Companion,4,5,80.0
2dc005ab012e9ee8,kotlin/reflect/jvm/internal/impl/protobuf/ExtensionRegistryLite$ObjectIntPair,4,8,50.0
9cfb3096d2c2691f,kotlin/collections/CollectionsKt___CollectionsKt$asSequence$$inlined$Sequence$1,4,4,100.0
5b5e9a9b9040c637,androidx/compose/foundation/text/modifiers/LayoutCacheOperation$Companion,4,6,66.67
4afdb52207832fef,androidx/compose/runtime/snapshots/SnapshotStateObserver$ObservedScopeMap$derivedStateObserver$1,4,4,100.0
7ea3cdb0c638e29e,coil3/decode/ExifOrientationStrategy,4,19,21.05
b42292008df31c10,androidx/compose/ui/layout/ValueInsets_androidKt,4,8,50.0
837181a2da646f7e,coil3/decode/DecodeUtils$WhenMappings,4,6,66.67
cdd71a28db2b1b2e,androidx/collection/LongObjectMap,4,499,0.8
e4dfd62bc9bda37f,androidx/compose/animation/core/RepeatMode,4,7,57.14
0a40c472d6c9c0c4,androidx/compose/material3/IconButtonDefaults$IconButtonWidthOption$Companion,4,5,80.0
8f080d18d7de6d9b,androidx/compose/ui/Modifier,4,6,66.67
623fab0aa175303c,kotlin/reflect/jvm/internal/impl/descriptors/impl/PackageViewDescriptorFactory$Default,4,4,100.0
7ba1d60920d355fa,okhttp3/internal/tls/CertificateChainCleaner$Companion,4,6,66.67
453637e92d9ee7ca,kotlin/reflect/jvm/internal/impl/util/collectionUtils/ScopeUtilsKt,4,17,23.53
180d1468ea6f7e87,androidx/compose/ui/graphics/vector/VectorComposeKt$Path$2$1,4,4,100.0
9b8fc0c1a49ea775,kotlin/reflect/jvm/internal/impl/descriptors/DescriptorVisibilities$5,4,9,44.44
8724e8df7f2fe87c,androidx/sqlite/db/SupportSQLiteOpenHelper$Configuration$Companion,4,4,100.0
6e7e2f5e0b09f29d,kotlinx/coroutines/flow/FlowKt__TransformKt$onEach$$inlined$unsafeTransform$1,4,5,80.0
22c1cde51c456baf,com/nononsenseapps/feeder/db/room/AppDatabase,4,4,100.0
e5024a10ecf0daef,okio/Okio__OkioKt,4,31,12.9
1f8367525ad79b08,androidx/paging/PageEvent,4,8,50.0
96204eef6789067f,androidx/room/util/SQLiteStatementUtil,4,5,80.0
ccf07ff137597d0b,kotlin/collections/AbstractSet$Companion,4,12,33.33
62cebaacf53b5400,okhttp3/internal/http2/Http2Reader$Companion,4,8,50.0
961564a301d08a3c,androidx/core/viewtree/ViewTree,4,7,57.14
dfc61b9c6de670df,com/nononsenseapps/feeder/db/room/FeedItemDao,4,46,8.7
63e96578e6b1d94b,androidx/compose/animation/AnimatedVisibilityScopeImpl,4,6,66.67
927e92f91a58c354,org/kodein/di/bindings/DIBinding$Copier$Companion,4,4,100.0
51d70db7f6ff5303,androidx/compose/animation/core/TransitionKt$createChildTransitionInternal$lambda$22$lambda$21$$inlined$onDispose$1,4,4,100.0
13ea667cd9b395b8,coil3/compose/ImageRequestsKt,4,18,22.22
b07f2c7474b13179,androidx/compose/animation/core/TransitionKt$updateTransition$lambda$3$lambda$2$$inlined$onDispose$1,4,4,100.0
f8ffac1419019439,androidx/compose/ui/graphics/colorspace/WhitePoint,4,21,19.05
c0bcd5e0aaa1261e,androidx/compose/ui/geometry/CornerRadius,4,89,4.49
ae3bcf9bdafe22b9,kotlinx/serialization/internal/NullableSerializer,4,21,19.05
88ff9aedf30538fe,okhttp3/OkHttpClient$Companion,4,4,100.0
e066edaafa7a8e5c,androidx/compose/ui/graphics/Brush,4,5,80.0
3ffdc0549d5efb1c,androidx/compose/material3/internal/colorUtil/Cam,4,53,7.55
3963fdc338b4a614,androidx/compose/ui/layout/VerticalRuler,4,10,40.0
098e10dd8ac5c99a,org/kodein/di/bindings/ScopeKey,4,21,19.05
1f59ed7eb48c1cbe,androidx/compose/ui/input/pointer/NodeParent,4,64,6.25
1c5829c8a77a88c9,androidx/compose/ui/input/nestedscroll/NestedScrollNodeKt$findNearestAttachedAncestor$1,4,5,80.0
316ee78661cfed7b,kotlin/reflect/jvm/internal/impl/descriptors/annotations/AnnotatedImpl,4,19,21.05
00ec642cdd7ba3df,androidx/room/util/CursorUtil,4,62,6.45
72be026836c61c7c,kotlin/collections/AbstractSet,4,7,57.14
78d6d5869f08c827,kotlin/reflect/jvm/internal/impl/resolve/scopes/LazyScopeAdapter,4,9,44.44
e9eab49db74d30b2,androidx/compose/runtime/external/kotlinx/collections/immutable/implementations/immutableMap/PersistentHashMapEntries,4,15,26.67
ec22b38a119c34ae,androidx/paging/PagingSource$LoadParams,4,5,80.0
1f48e3b442ee24b1,kotlinx/coroutines/channels/BufferedChannelKt$createSegmentFunction$1,4,4,100.0
5dbaca7c10297d48,androidx/compose/foundation/layout/OffsetKt,4,40,10.0
fae473799f81ccb5,androidx/compose/foundation/lazy/layout/LazyLayoutPrefetchStateKt,4,7,57.14
1e5c04ea5dcabdd1,com/nononsenseapps/feeder/ApplicationCoroutineScope,4,4,100.0
cf0b1497edd02c94,kotlin/reflect/jvm/internal/impl/serialization/deserialization/ContractDeserializer$Companion,4,4,100.0
7b141d5d10184cb4,androidx/compose/ui/text/input/InputMethodManagerImpl,4,14,28.57
72526587b5e7d8dd,androidx/compose/ui/graphics/vector/VectorComposeKt$Path$2$14,4,4,100.0
20acbbbe46922689,kotlin/reflect/jvm/internal/impl/types/error/ErrorTypeConstructor,4,12,33.33
e956b7ae46a4c356,androidx/compose/ui/layout/HorizontalRuler$Companion,4,5,80.0
d889641c425145ca,com/nononsenseapps/feeder/util/ActivityLauncher,4,64,6.25
b03183c68b1883f3,kotlin/reflect/jvm/internal/impl/load/kotlin/BinaryClassAnnotationAndConstantLoaderImpl,4,46,8.7
626329f4bf8baf34,androidx/compose/ui/graphics/BlockGraphicsLayerElement,4,14,28.57
a48616ea4bcfc290,androidx/compose/material3/internal/BasicTooltipDefaults,4,4,100.0
24ed627bbdd96079,androidx/compose/ui/platform/WrapperRenderNodeLayerHelperMethods,4,5,80.0
fd08c1d345d6423a,androidx/compose/runtime/internal/IntRef,4,10,40.0
45ff243cbe2344ac,okio/internal/-ByteString,4,653,0.61
c5be21b8d8ea27a2,okio/ForwardingSource,4,9,44.44
17dd87156ea3c524,kotlin/reflect/jvm/internal/impl/serialization/deserialization/builtins/BuiltInsLoaderImpl$createPackageFragmentProvider$1,4,7,57.14
1b1195c50cb3d928,kotlinx/serialization/internal/StringSerializer,4,10,40.0
af59a72e25d6f6cf,okhttp3/internal/connection/BufferedSocketKt,4,4,100.0
91c15f3361fbf4b5,androidx/compose/ui/graphics/PaintingStyle$Companion,4,4,100.0
8d62e3a9d070a57e,org/kodein/di/internal/DIContainerBuilderImpl$OverrideMode$Companion,4,5,80.0
ed6f1c324e65a4eb,coil3/disk/RealDiskCache$RealSnapshot,4,9,44.44
470107933a15c697,androidx/compose/runtime/changelist/Operation$MoveCurrentGroup,4,9,44.44
c75611212fbd85de,androidx/compose/material3/tokens/AppBarLargeTokens,4,5,80.0
19e182b650c2378d,kotlinx/coroutines/channels/ChannelResult$Companion,4,5,80.0
d5fe82e83227f971,coil3/compose/internal/DeferredDispatchKt,4,9,44.44
6f87d6d547e902fa,kotlin/jvm/internal/PropertyReference1Impl,4,7,57.14
f2650247719fddd0,kotlin/reflect/KTypeProjection$Companion,4,10,40.0
67f6f3b72cf2243b,androidx/window/layout/util/WindowMetricsCompatHelper$Companion,4,6,66.67
652305c4c7f2bb9d,androidx/compose/ui/node/ComposeUiNode$Companion$SetMeasurePolicy$1,4,4,100.0
3ee42a1228530030,androidx/paging/ViewportHint$Access,4,38,10.53
90b54dfcd9e2f83d,kotlin/random/Random$Default,4,21,19.05
786c72a3275b510c,androidx/compose/ui/node/DepthSortedSetKt$DepthComparator$1,4,4,100.0
02efc8602d683b15,kotlinx/coroutines/flow/FlowKt__ZipKt$combine$$inlined$unsafeFlow$1,4,5,80.0
57d94d577b117c98,androidx/compose/ui/layout/LayoutIdModifier,4,5,80.0
332a207fd0065e71,androidx/compose/foundation/shape/DpCornerSize,4,17,23.53
6fb0e303cd441cd0,androidx/compose/ui/graphics/vector/VectorPainterKt$rememberVectorPainter$2$1$1,4,4,100.0
34c12006306f9992,kotlin/reflect/jvm/internal/impl/load/java/JavaIncompatibilityRulesOverridabilityCondition$Companion,4,36,11.11
933d475df76cde51,kotlin/reflect/jvm/internal/impl/protobuf/SmallSortedMap$EmptySet,4,4,100.0
7075c31a29002700,androidx/collection/MutableSetWrapper,4,13,30.77
0cb6e1a9dd53ad3c,androidx/compose/ui/platform/CompositionLocalsKt$LocalProvidableScrollCaptureInProgress$1,4,4,100.0
4f0d06ca401b74aa,androidx/lifecycle/viewmodel/CreationExtras,4,11,36.36
2c5e5194ca1fca51,androidx/navigation/NavUriUtils,4,11,36.36
e2545006b9fc3631,androidx/compose/animation/core/MutatorMutex,4,26,15.38
938707a62658efb3,androidx/compose/ui/platform/TextToolbarStatus,4,7,57.14
f554c2961aeef0fe,androidx/paging/PageFetcher$PagerHintReceiver,4,5,80.0
dbaccf4208272125,androidx/lifecycle/viewmodel/internal/ViewModelProviderImpl_androidKt,4,10,40.0
d720588acbb879e3,kotlin/reflect/jvm/internal/impl/resolve/ResolutionAnchorProviderKt,4,5,80.0
46e33078a47b4cc1,androidx/navigation/internal/AtomicInt,4,5,80.0
27ab1a1c9118529d,kotlin/collections/builders/ListBuilderKt,4,41,9.76
d917c65840f2018e,coil3/memory/RealWeakMemoryCache,4,74,5.41
ea21c8a035974960,androidx/activity/compose/ActivityResultLauncherHolder,4,8,50.0
65e9eee82b697e10,androidx/lifecycle/AtomicReference,4,4,100.0
69d1d61e6c88cdc1,androidx/collection/LongSet,4,416,0.96
a584983338049b20,okhttp3/internal/UnreadableResponseBodyKt,4,4,100.0
c56db809031ec0c0,androidx/window/layout/util/DensityCompatHelperBaseImpl,4,5,80.0
e6d589aaa3fb1264,kotlin/reflect/jvm/internal/impl/serialization/deserialization/descriptors/DeserializedClassDescriptor$memberScopeHolder$1,4,7,57.14
a8a0b18ab9b09f8a,androidx/compose/ui/unit/DpOffset,4,57,7.02
d2841c62d86369b6,androidx/compose/runtime/internal/Trace,4,4,100.0
459a8d24896a9eec,androidx/compose/runtime/internal/Thread_androidKt,4,5,80.0
57b00cfb6235c612,com/nononsenseapps/feeder/ui/compose/feedarticle/FeedViewModel$special$$inlined$map$1,4,5,80.0
1f517aa8f7ff4d7a,androidx/compose/ui/node/ComposeUiNode$Companion$SetResolvedCompositionLocals$1,4,4,100.0
5aa7e2e4167111e3,com/nononsenseapps/feeder/ui/compose/feedarticle/FeedViewModel$special$$inlined$combine$1,4,5,80.0
fba0674fe57a2649,androidx/compose/foundation/relocation/BringIntoViewResponderNode,4,25,16.0
7bbcf119e48811d2,com/nononsenseapps/feeder/model/ImageFromHTML$$serializer,4,20,20.0
7b2dc122b6180c11,kotlin/reflect/jvm/internal/impl/descriptors/impl/LazyClassReceiverParameterDescriptor,3,27,11.11
ff25924731685c00,coil3/request/BaseRequestDelegate,3,15,20.0
9c47b943d7ef72f4,androidx/compose/runtime/ComputedValueHolder,3,17,17.65
8ba44c6f144653a9,com/squareup/moshi/StandardJsonAdapters$10,3,6,50.0
760b9110c2b78589,kotlin/reflect/jvm/internal/impl/descriptors/runtime/structure/ReflectJavaPackage,3,17,17.65
ead14c389f31f9f7,androidx/compose/runtime/DerivedSnapshotState$ResultRecord$Companion,3,3,100.0
28e0b5f5fdf320a3,kotlin/reflect/jvm/internal/impl/types/error/ErrorScope,3,19,15.79
d4034d4ad835c137,androidx/concurrent/futures/ResolvableFuture,3,5,60.0
a54206b05c171f8c,kotlin/reflect/jvm/internal/impl/metadata/ProtoBuf$PackageFragment$1,3,3,100.0
dc97eeb288257a7b,kotlin/reflect/jvm/internal/impl/serialization/deserialization/descriptors/DeserializedMemberScope$OptimizedImplementation$functionNames$2,3,3,100.0
30514d6da22b5f97,org/kodein/di/internal/DIContainerBuilderImpl$OverrideMode$FORBID,3,6,50.0
6b9fae2d08a30d9a,kotlin/reflect/jvm/internal/impl/resolve/sam/SamConversionResolverImpl,3,3,100.0
faa8fe01d4d950dc,androidx/compose/runtime/internal/AtomicInt,3,16,18.75
d8a938adb86b98b8,kotlin/coroutines/jvm/internal/DebugProbesKt,3,3,100.0
fee90d9a207a73d1,androidx/compose/ui/text/font/AndroidFontLoader_androidKt,3,15,20.0
d78bd0ba032ac4fa,coil3/key/AndroidResourceUriKeyer,3,5,60.0
fe4f67c5da5a633d,kotlin/reflect/jvm/internal/impl/serialization/deserialization/descriptors/DeserializedMemberScope$classNames$2,3,3,100.0
0fbcc3cbc2992fe5,androidx/compose/ui/platform/AndroidComposeView$contentCaptureManager$1,3,3,100.0
0a76aa1c7214f350,androidx/compose/runtime/saveable/SaverKt$Saver$1,3,4,75.0
e18b25be29fd8c89,androidx/compose/animation/AnimatedVisibilityKt$AnimatedEnterExitImpl$4,3,3,100.0
323105efd91c4fbd,kotlin/reflect/jvm/internal/KDeclarationContainerImpl$Data$moduleData$2,3,3,100.0
67bf23675e76db2f,androidx/compose/ui/layout/RulerProviderModifierNode$measure$1,3,3,100.0
dbdf6069cdfcd7da,com/nononsenseapps/feeder/db/room/RemoteFeedDao_Impl$Companion,3,3,100.0
5cd064bf48d85122,kotlin/reflect/jvm/internal/impl/metadata/ProtoBuf$EnumEntry$1,3,3,100.0
e2d8fc4932dc4d85,androidx/compose/foundation/gestures/BringIntoViewRequestPriorityQueue,3,75,4.0
b6d3b1a438971e2b,androidx/compose/runtime/NestedContentMap,3,24,12.5
35734cf622bbfae9,coil3/map/StringMapper,3,3,100.0
31b5fa094a4e0003,androidx/compose/animation/AnimatedContentKt$AnimatedContent$6$1$3$1,3,3,100.0
869dff83a36bd869,coil3/network/internal/Utils_androidKt,3,6,50.0
2aa2f37f5096eb56,kotlin/time/LongSaturatedMathKt,3,50,6.0
9ca30a8ae4dcb0dd,androidx/compose/ui/graphics/vector/PathNode$LineTo,3,18,16.67
66e7976ca4207780,androidx/room/InvalidationLiveDataContainer,3,12,25.0
4ff9c3ac0ec620dc,androidx/compose/ui/node/ObserverNodeOwnerScope$Companion,3,3,100.0
3fadd66ff3a0f802,androidx/compose/foundation/lazy/layout/LazyLayoutItemProviderKt,3,8,37.5
c1b8846fd41a93b9,okhttp3/internal/platform/android/DeferredSocketAdapter,3,20,15.0
f7e66e29cbaa5010,androidx/compose/ui/text/platform/ImmutableBool,3,3,100.0
e854bd17690ffee0,com/nononsenseapps/feeder/db/room/MigrationFrom37To38,3,8,37.5
345adafb85a2e9c0,gofeedandroid/Gofeedandroid,3,4,75.0
0df29f56f1692101,androidx/compose/ui/text/TextStyle$Companion,3,4,75.0
bbd090a96978a0d9,kotlin/reflect/jvm/internal/impl/load/java/NullabilityAnnotationStatesImpl$cache$1,3,3,100.0
5c17714e16933939,androidx/compose/ui/autofill/AutofillCallback,3,10,30.0
79e518509aa75809,androidx/compose/ui/layout/AlignmentLine,3,4,75.0
c22a3de5dff1231f,androidx/compose/runtime/ParcelableSnapshotMutableFloatState,3,5,60.0
7396b904184f71f3,androidx/compose/ui/layout/LookaheadCapablePlacementScope,3,15,20.0
369b4588dba5eb85,androidx/core/view/MenuHostHelper,3,53,5.66
5c11210a51370f6d,androidx/activity/EdgeToEdgeApi30,3,3,100.0
51a8a449a0dad673,kotlin/reflect/jvm/internal/KClassImpl$Data$objectInstance$2,3,10,30.0
71a82cae6a33f4b8,androidx/compose/ui/input/nestedscroll/NestedScrollModifierKt,3,4,75.0
e7cc57bdaba25847,androidx/core/view/WindowInsetsCompat$Impl28,3,16,18.75
e65034f96b65ba5a,coil3/network/okhttp/internal/CallsKt$await$2$2,3,4,75.0
46f6b6f0ed289e8b,androidx/compose/foundation/layout/OffsetPxElement,3,21,14.29
036b6855dfe47719,androidx/collection/ObjectIntMapKt,3,48,6.25
84a441dc6cb44a1a,androidx/compose/ui/graphics/Shadow$Companion,3,4,75.0
a1c4e7227c4d9975,androidx/compose/ui/text/input/ImeAction$Companion,3,20,15.0
263e6a8bf4489b1b,androidx/sqlite/SQLiteStatement,3,15,20.0
3295077ab0dac6c2,androidx/compose/animation/core/Animation,3,5,60.0
2bb14916d2d5138f,androidx/compose/ui/text/input/TextInputService,3,21,14.29
ce698b659da93ca1,androidx/core/view/accessibility/AccessibilityNodeProviderCompat,3,11,27.27
a3d87f9fee2b5669,androidx/compose/ui/Actual_jvmKt,3,19,15.79
df75afb62edbda3a,com/nononsenseapps/feeder/db/room/MigrationFrom35To36,3,8,37.5
875fa683733676cc,androidx/core/os/BuildCompat$Api30Impl,3,3,100.0
a08badc3d51d9c6b,androidx/sqlite/db/framework/FrameworkSQLiteOpenHelper$DBRefHolder,3,3,100.0
c4c280c160674024,androidx/core/util/Preconditions,3,73,4.11
1b36214f91e12fda,coil3/svg/internal/SvgDecoderServiceLoaderTarget,3,3,100.0
3675bcbb6d70e3eb,kotlin/reflect/jvm/internal/impl/metadata/ProtoBuf$Annotation$Argument$1,3,3,100.0
ca93f62f115f098f,kotlin/reflect/jvm/internal/impl/utils/SmartSet$Companion,3,6,50.0
04327debc773dad7,androidx/compose/ui/input/rotary/RotaryInputElement,3,28,10.71
fa29dd596a2e69c9,androidx/compose/ui/input/pointer/PointerEventType$Companion,3,9,33.33
0a80801115841bbe,androidx/navigationevent/NavigationEventTransitionState,3,3,100.0
e67a634aa929a8ae,kotlin/reflect/jvm/internal/impl/metadata/ProtoBuf$StringTable$1,3,3,100.0
833c37529b46ebee,androidx/compose/ui/text/platform/DefaultImpl$getFontLoadState$initCallback$1,3,5,60.0
919e669f7869aba5,androidx/room/util/StringUtil,3,29,10.34
fc0b3fbd4c3c6b5c,androidx/compose/foundation/lazy/LazyListState$remeasurementModifier$1,3,3,100.0
47ad668a855600a6,androidx/compose/runtime/StructuralEqualityPolicy,3,4,75.0
909ebf125e4cd523,androidx/compose/animation/core/ArcMode$Companion,3,5,60.0
409a9023acdb1965,androidx/compose/ui/graphics/TransformOrigin$Companion,3,3,100.0
6d604f3d5444730b,androidx/compose/ui/text/platform/AndroidParagraph_androidKt,3,13,23.08
de22eb30c9fb39c3,kotlin/reflect/jvm/internal/impl/resolve/ExternalOverridabilityCondition$Result,3,4,75.0
9ee6d4d1d2929d92,androidx/compose/ui/semantics/SemanticsNodeKt,3,72,4.17
8539cfbec0be2f0e,androidx/compose/ui/text/platform/extensions/PlaceholderExtensions_androidKt,3,37,8.11
f5e9d2e66d846fb1,androidx/compose/runtime/internal/PersistentCompositionLocalHashMap$Companion,3,4,75.0
f066ee37e4de3fd6,androidx/compose/foundation/lazy/LazyListState$Companion,3,16,18.75
4585c62fbc585a92,androidx/compose/ui/graphics/drawscope/Stroke$Companion,3,4,75.0
a653325bbe0d0f64,androidx/compose/animation/core/AnimationVector,3,3,100.0
d2d2f3fccbf68fa9,kotlin/reflect/jvm/internal/impl/metadata/jvm/JvmProtoBuf$JvmMethodSignature$1,3,3,100.0
c47a87c987ce21ff,androidx/collection/IntSetKt,3,29,10.34
3b2f42f4ae7eb220,com/nononsenseapps/feeder/ui/compose/navigation/QueryParamArgument,3,3,100.0
9a6a8413dc1b27f1,okhttp3/Authenticator,3,3,100.0
390d3ed029cfcbbf,androidx/lifecycle/SavedStateHandleSupport$savedStateHandlesVM$1,3,3,100.0
c0c731152c151813,androidx/core/view/WindowInsetsAnimationCompat,3,19,15.79
b19275d68761e6d4,kotlin/reflect/jvm/internal/impl/builtins/KotlinBuiltIns$4,3,6,50.0
15b1373653b0f4ce,androidx/emoji2/text/EmojiCompat$InitWithExecutor,3,5,60.0
889bb2265816e751,androidx/compose/animation/core/StartOffsetType$Companion,3,4,75.0
9762571447a3222e,kotlin/reflect/jvm/internal/KPropertyImpl$Getter$caller$2,3,3,100.0
a72884e4288cad61,androidx/compose/ui/node/LayoutNodeKt,3,11,27.27
b93a4dd8dee62c20,androidx/room/coroutines/RunBlockingUninterruptible_androidKt,3,3,100.0
714d46b33b532a85,androidx/compose/ui/geometry/CornerRadius$Companion,3,4,75.0
d49a1e3afa2a16b1,androidx/compose/ui/res/ResourceIdCache,3,16,18.75
4c0f0c66b2571402,com/nononsenseapps/feeder/db/room/MigrationFrom28To29,3,8,37.5
96317d2c8011ed4b,com/nononsenseapps/feeder/ui/compose/navigation/PathParamArgument,3,3,100.0
2e4cd86e6811d87b,kotlin/reflect/jvm/internal/impl/protobuf/GeneratedMessageLite$Builder,3,7,42.86
d113742558abfbd1,androidx/emoji2/text/EmojiCompatInitializer$1,3,3,100.0
c66b3c953f7583d3,kotlin/reflect/jvm/internal/impl/descriptors/deserialization/PlatformDependentTypeTransformer$None,3,3,100.0
58e3bf7c347bb5b8,kotlin/reflect/jvm/internal/KTypeImpl$classifier$2,3,3,100.0
70ecd91aa26c4dfc,androidx/compose/ui/node/BackwardsCompatNode$initializeModifier$2,3,3,100.0
8b39545446badfae,androidx/compose/ui/node/NodeCoordinator$drawBlock$drawBlockCallToDrawModifiers$1,3,3,100.0
7d41b421dd15d2f4,kotlin/reflect/jvm/internal/impl/builtins/jvm/CloneableClassScope,3,9,33.33
1a35e8f38cc3d88c,androidx/compose/animation/Scale,3,25,12.0
d892b6175045f857,kotlin/reflect/jvm/internal/impl/metadata/jvm/JvmProtoBuf$StringTableTypes$Record$1,3,3,100.0
dedc6c88c649d2bd,kotlin/reflect/jvm/internal/impl/serialization/deserialization/TypeDeserializer$typeAliasDescriptors$1,3,3,100.0
8a6f53462cf3b37d,androidx/compose/animation/core/TwoWayConverterImpl,3,3,100.0
d82d5e880f918ff4,androidx/compose/ui/platform/AndroidTextToolbar,3,24,12.5
b4db9836e842224a,com/nononsenseapps/feeder/db/room/FeedDao_Impl$Companion,3,3,100.0
1600c98c3003497c,androidx/compose/ui/graphics/colorspace/Adaptation$Companion,3,5,60.0
bcc36a544a07fb9f,coil3/compose/internal/Utils_androidKt,3,9,33.33
973f3acbc22388c9,androidx/compose/ui/node/LayoutNodeLayoutDelegateKt,3,20,15.0
95d58cfecd485349,coil3/util/AndroidSystemCallbacks$ActivityCallbacks,3,44,6.82
4dd4559cd8b707d3,androidx/compose/ui/graphics/FilterQuality$Companion,3,6,50.0
946002894349d28e,androidx/compose/ui/modifier/EmptyMap,3,8,37.5
551426071945ad1a,androidx/compose/ui/graphics/AndroidGraphicsContext$2,3,5,60.0
1d72feb1e899ec08,androidx/compose/material3/TopAppBarState$Companion,3,3,100.0
92d5daac564f5955,androidx/compose/ui/platform/ViewLayer$Companion,3,33,9.09
ed0c014dad38a614,androidx/compose/ui/semantics/SemanticsConfigurationKt$getOrNull$1,3,3,100.0
ba9f7530ea5ea285,com/nononsenseapps/feeder/db/room/SyncRemoteDao_Impl$Companion,3,3,100.0
09d592458906751e,kotlin/reflect/jvm/internal/impl/utils/SmartSet$SingletonIterator,3,6,50.0
209a89fe9f949164,androidx/compose/animation/AnimatedVisibilityKt$AnimatedVisibilityImpl$1$1$1,3,3,100.0
7b0f2bd569563e3c,kotlin/reflect/jvm/internal/impl/load/kotlin/header/ReadKotlinClassHeaderAnnotationVisitor$KotlinMetadataArgumentVisitor$1,3,5,60.0
896b56664816d0ae,kotlin/reflect/jvm/internal/impl/types/LazyWrappedType,3,9,33.33
4c3b38bee7509468,androidx/core/view/SoftwareKeyboardControllerCompat,3,8,37.5
1ae4ee51db1fa86f,coil3/Extras$Key,3,3,100.0
d2f20f67939d49c0,com/nononsenseapps/feeder/db/room/MIGRATION_22_23,3,5,60.0
f86d1e055bc93a7b,kotlin/random/AbstractPlatformRandom,3,10,30.0
0229124641b6563e,androidx/compose/material3/internal/colorUtil/Frame_androidKt,3,3,100.0
3051f295501ffad8,kotlin/reflect/jvm/internal/impl/descriptors/TypeParameterUtilsKt,3,57,5.26
b1ec5b37b9d2fb0f,androidx/paging/SimpleChannelFlowKt,3,3,100.0
53509f92a766c3ae,androidx/compose/foundation/gestures/DraggableNode,3,36,8.33
ce4e3a76cad796e4,com/squareup/moshi/LinkedHashTreeMap$Node,3,31,9.68
7ace51f8d4c637e2,androidx/paging/MutableCombinedLoadStateCollection$set$1,3,3,100.0
44bf8fa57b89b880,kotlin/reflect/jvm/internal/impl/resolve/scopes/receivers/ImplicitClassReceiver,3,14,21.43
4a72d1885ab82974,okhttp3/CookieJar$Companion$NoCookies,3,4,75.0
c010667b7b63f535,androidx/compose/ui/text/font/PlatformResolveInterceptor$Companion,3,4,75.0
9bb87fb64ac546b9,kotlin/reflect/jvm/internal/KMutableProperty1Impl,3,10,30.0
50e9e18a88ad1141,androidx/compose/ui/layout/OnGloballyPositionedElement,3,14,21.43
b2457d92e9de0e86,kotlin/reflect/jvm/internal/impl/metadata/ProtoBuf$QualifiedNameTable$1,3,3,100.0
b77a74ee4258495a,androidx/compose/ui/contentcapture/ContentCaptureManager$Companion,3,5,60.0
b3f95796884864b0,kotlin/comparisons/ComparisonsKt___ComparisonsJvmKt,3,101,2.97
cfc2fb75cc8a30ff,androidx/compose/ui/unit/TextUnit$Companion,3,5,60.0
9c89fb1c0cfa43ac,kotlin/reflect/jvm/internal/impl/builtins/jvm/JvmBuiltIns$initialize$1,3,3,100.0
b78c190f5d853bc2,com/nononsenseapps/feeder/archmodel/OpenAISettings,3,54,5.56
eea00dd6acece753,androidx/lifecycle/viewmodel/internal/CloseableCoroutineScope,3,6,50.0
2caaee4989ff83ff,androidx/compose/animation/core/AnimationVector2D,3,30,10.0
c62a2665de5e16e1,androidx/navigation/NavDeepLinkDslBuilderKt__NavDeepLinkDslBuilderKt,3,20,15.0
4dac40211ded5896,androidx/compose/ui/graphics/vector/PathNode$MoveTo,3,18,16.67
a3d957c75e3c02dc,androidx/compose/ui/unit/DensityKt,3,4,75.0
0f4c108b6008d6cd,androidx/compose/foundation/lazy/layout/PrefetchMetrics,3,13,23.08
f5815d2df7a47612,androidx/compose/ui/graphics/vector/VectorProperty,3,3,100.0
233635e4905e4fcd,kotlin/reflect/jvm/internal/KClassImpl$Data$allNonStaticMembers$2,3,3,100.0
33b623a1118808d9,kotlin/reflect/jvm/internal/impl/serialization/deserialization/descriptors/DeserializedClassDescriptor$constructors$1,3,3,100.0
ad88beee0e40347e,kotlinx/serialization/json/internal/WriteModeKt,3,32,9.38
9284032f0ccbf40a,androidx/compose/foundation/ScrollState$Companion,3,3,100.0
75556db4e9c5b848,androidx/compose/ui/graphics/RectangleShapeKt$RectangleShape$1,3,4,75.0
9daf733018f15f19,kotlinx/coroutines/LazyStandaloneCoroutine,3,3,100.0
c4b598b8bde00892,androidx/compose/ui/modifier/ModifierLocalMap,3,3,100.0
5893e13abb864bae,androidx/core/os/BundleCompat,3,24,12.5
ad5a1909f7f06a28,androidx/paging/PagingDataPresenter$1,3,3,100.0
bd1ffc54a4494c8c,okhttp3/internal/connection/ConnectionListener$Companion,3,3,100.0
531d1c072ccd8a4f,com/nononsenseapps/feeder/db/room/MIGRATION_19_20,3,9,33.33
49ba87f0cd878a50,androidx/compose/ui/layout/RulerProviderModifierElement,3,15,20.0
09dfabc37a54d1fa,kotlin/reflect/jvm/internal/impl/serialization/deserialization/descriptors/DeserializedClassDescriptor$DeserializedClassMemberScope$allDescriptors$1,3,3,100.0
adbd7120d33f0668,androidx/compose/ui/autofill/AndroidAutofillManager_androidKt,3,16,18.75
6837af8040f98ea7,kotlin/reflect/jvm/internal/impl/serialization/deserialization/descriptors/DeserializedClassDescriptor$DeserializedClassMemberScope$2$1,3,3,100.0
18221d1ef3665c43,androidx/compose/runtime/external/kotlinx/collections/immutable/implementations/immutableMap/PersistentHashMap$Companion,3,3,100.0
6da1df5cdaa52242,androidx/compose/ui/layout/RootMeasurePolicy$measure$2,3,3,100.0
ff75c1ad2f465bb0,com/nononsenseapps/feeder/db/room/FeedItemDao_Impl$3,3,74,4.05
8b7abc056ddaf098,androidx/compose/animation/CrossfadeKt$Crossfade$5$1$invoke$$inlined$animateFloat$2,3,3,100.0
b97938e580588bfb,androidx/paging/ChannelFlowCollector,3,5,60.0
f37dc9c17fa0af5e,androidx/compose/runtime/snapshots/SnapshotWeakSet,3,82,3.66
77821ff9dbd3d9cb,androidx/compose/ui/text/android/LayoutCompat,3,4,75.0
18502f927f908239,androidx/work/WorkManager,3,12,25.0
7fb58c4565507cdb,com/nononsenseapps/feeder/ui/compose/settings/TextSettingsViewModelKt,3,23,13.04
a709a2a1e62929fd,androidx/compose/foundation/lazy/LazyListPrefetchStrategyKt,3,4,75.0
3e58e726bf1bcce7,kotlin/reflect/jvm/internal/KDeclarationContainerImpl$Companion,3,3,100.0
4567fa7c3ab42f27,androidx/compose/ui/text/input/KeyboardType$Companion,3,22,13.64
b2b842697fe325af,androidx/compose/runtime/changelist/Operation$EnsureRootGroupStarted,3,3,100.0
b9a36ba271ea694e,androidx/compose/runtime/tooling/InspectionTablesKt,3,3,100.0
95c2dc7c35e5d6f5,androidx/compose/foundation/text/selection/TextSelectionColors,3,14,21.43
1643fb0943fd0403,androidx/room/RoomDatabase$Callback,3,16,18.75
5f47a7bd948506c0,androidx/compose/runtime/NeverEqualPolicy,3,4,75.0
aa5839608787de63,org/kodein/di/DI$MainBuilder,3,12,25.0
14f836f84fc2e721,kotlin/reflect/jvm/internal/impl/serialization/deserialization/descriptors/DeserializedClassDescriptor$primaryConstructor$1,3,3,100.0
8a937321cb6e9839,kotlin/reflect/jvm/internal/impl/types/AbstractClassTypeConstructor,3,45,6.67
6bfc8c77e63beab8,kotlin/reflect/jvm/internal/impl/descriptors/impl/LazyPackageViewDescriptorImpl$empty$2,3,3,100.0
6dd19927a0311fda,androidx/compose/runtime/ParcelableSnapshotMutableState,3,12,25.0
e2ce0ab8270f6459,androidx/compose/animation/core/AnimationVector4D,3,44,6.82
e124a0233ee594a1,kotlin/reflect/jvm/internal/impl/serialization/deserialization/descriptors/DeserializedClassDescriptor$DeserializedClassTypeConstructor$parameters$1,3,3,100.0
f82b0159898b9bb3,androidx/compose/ui/text/style/TextIndent$Companion,3,4,75.0
9e66180b6430092c,androidx/compose/ui/graphics/vector/VectorComponent$1,3,3,100.0
fbccf3a86d4fae58,androidx/compose/ui/semantics/ProgressBarRangeInfo$Companion,3,3,100.0
2c7c5fbad3a68b17,coil3/EventListener$Factory,3,3,100.0
da2ca385e8ad9ab6,androidx/window/EmptyDecoratorWindowSdk,3,3,100.0
60cf8fe7c5d4c14b,androidx/compose/foundation/gestures/snapping/SnapFlingBehaviorKt,3,141,2.13
750bb710d31f3ac2,kotlin/reflect/jvm/internal/impl/descriptors/impl/ModuleDependenciesImpl,3,5,60.0
08fdbf723dfae19b,androidx/core/view/WindowInsetsAnimationCompat$Impl30,3,18,16.67
14287b4057649406,androidx/compose/ui/graphics/BlockGraphicsLayerModifier$measure$1,3,3,100.0
e46dcfc6c4d1e376,kotlin/reflect/jvm/internal/impl/load/kotlin/BinaryClassAnnotationAndConstantLoaderImplKt,3,3,100.0
fba5abea0a6bb60d,com/nononsenseapps/feeder/db/room/MigrationFrom32To33,3,8,37.5
123d75986f2ba4cc,androidx/compose/ui/node/MeasurePassDelegate$performMeasureBlock$1,3,3,100.0
06e80eb7f687f29a,androidx/collection/SetWrapper,3,30,10.0
496a4f4446f8cc82,androidx/compose/animation/ExitTransition$Companion,3,4,75.0
be35cd4d91a1ae8d,coil3/decode/DecodeResult,3,10,30.0
fa30df1e282e4156,androidx/compose/ui/node/Owner$Companion,3,4,75.0
81fb0a353f4518ec,androidx/room/RoomDatabase$createConnectionManager$3,3,3,100.0
c9bb31f678f96cdb,androidx/paging/CancelableChannelFlowKt$cancelableChannelFlow$1$1,3,3,100.0
6cc527f7708617cf,com/nononsenseapps/feeder/db/room/MIGRATION_20_21,3,13,23.08
492a434a60c3a627,androidx/compose/ui/platform/WindowRecomposerPolicy$createAndInstallWindowRecomposer$1,3,5,60.0
60477bf8157a8277,androidx/compose/animation/Slide,3,19,15.79
293d3e87ffcde48f,androidx/compose/runtime/ParcelableSnapshotMutableIntState,3,5,60.0
740d86beff832027,kotlin/reflect/jvm/internal/impl/descriptors/runtime/components/RuntimeSourceElementFactory$RuntimeSourceElement,3,6,50.0
49143cd669a01140,kotlinx/coroutines/NodeList,3,21,14.29
2ce7761677eac032,androidx/room/RoomDatabase$createConnectionManager$2,3,3,100.0
4d76fbbec2e0f907,com/nononsenseapps/feeder/ui/compose/feedarticle/FeedCardTranslationConfig,3,24,12.5
f39771b8f8331745,androidx/compose/ui/unit/IntSize$Companion,3,3,100.0
6d1382722b684969,coil3/Uri,3,17,17.65
1eafa9a31ab820d0,kotlin/reflect/jvm/internal/impl/load/java/structure/LightClassOriginKind,3,5,60.0
1d828366c53f36a6,androidx/compose/ui/text/AnnotatedString$Builder$MutableRange$Companion,3,3,100.0
a89130ac6ce5795b,com/nononsenseapps/feeder/db/room/MIGRATION_38_39,3,5,60.0
bebe1412a59982a8,org/jsoup/parser/TokeniserState$37,3,21,14.29
4d8fd446f06ca40a,coil3/svg/SvgDecoder,3,100,3.0
79c33606f36a5111,androidx/work/WorkerFactory,3,22,13.64
d8ed6b52d085aeff,androidx/compose/animation/CrossfadeKt$Crossfade$5$1$1$1,3,3,100.0
dd065e301503dbf3,okhttp3/internal/platform/android/ConscryptSocketAdapter$Companion,3,22,13.64
c450bcf0ce4cdb25,com/nononsenseapps/feeder/db/room/FeedItemDao_Impl$Companion,3,3,100.0
c71c165f73124f87,androidx/compose/ui/text/style/TextGeometricTransform$Companion,3,4,75.0
66a7da6484c655eb,kotlin/reflect/jvm/internal/impl/builtins/jvm/JvmBuiltIns$Settings,3,4,75.0
6df4b3705bf98b62,androidx/room/util/DBUtil,3,14,21.43
ab54c94d2a260615,androidx/compose/runtime/changelist/Operation$EndCurrentGroup,3,3,100.0
8bad8d97534f1b5f,kotlin/reflect/jvm/internal/impl/metadata/ProtoBuf$Function$1,3,3,100.0
c38fc4c636445f3e,androidx/compose/animation/core/VectorizedFloatAnimationSpec$1,3,3,100.0
3083cb11141e61b8,androidx/compose/ui/platform/WindowRecomposer_androidKt$createLifecycleAwareWindowRecomposer$1,3,5,60.0
4e2fef1ee6ace9a9,androidx/compose/ui/input/rotary/RotaryInputModifierKt,3,6,50.0
a7b25de39968cd0d,kotlin/reflect/jvm/internal/impl/types/AbbreviatedType,3,21,14.29
7f86aaa9c9d172a3,kotlin/reflect/jvm/internal/impl/load/java/lazy/descriptors/LazyJavaPackageScope$KotlinClassLookupResult$Found,3,3,100.0
c76beb887ee23c65,kotlin/reflect/jvm/internal/impl/metadata/jvm/JvmProtoBuf$StringTableTypes$1,3,3,100.0
e777a631b590daa1,kotlin/collections/IndexingIterable,3,3,100.0
2f437404ad01d83d,androidx/compose/material3/DefaultTooltipCaretShape,3,16,18.75
f3468142b8edc47e,androidx/compose/ui/platform/ViewLayer,3,275,1.09
611e26fa04f38dbc,org/jsoup/select/CombiningEvaluator$Or,3,19,15.79
9476adbe5c4e2b33,kotlin/KotlinVersionCurrentValue,3,3,100.0
23ed1578677a5f56,kotlin/reflect/jvm/internal/impl/metadata/jvm/deserialization/JvmMemberSignature$Field,3,13,23.08
0a34e4ff9599b59a,kotlin/reflect/jvm/internal/impl/descriptors/impl/AbstractClassDescriptor$3,3,3,100.0
c8ab60d8c50ee3b6,androidx/compose/ui/text/android/CanvasCompatM,3,4,75.0
406ec593efa7a4bc,com/nononsenseapps/feeder/ui/text/HtmlToPlainTextConverter$Listing,3,6,50.0
39af2b328f8173f6,androidx/navigation/NamedNavArgumentKt__NamedNavArgumentKt,3,3,100.0
4dcffdedc1a63f6f,com/nononsenseapps/feeder/db/room/MIGRATION_10_11,3,5,60.0
b106f32261b76d6f,kotlinx/coroutines/ChildContinuation,3,3,100.0
7634a642bad4a5a2,com/nononsenseapps/feeder/db/room/MIGRATION_16_17,3,5,60.0
fb7a85c8a215f3b9,kotlin/reflect/jvm/internal/impl/metadata/jvm/JvmProtoBuf$JvmFieldSignature$1,3,3,100.0
c24fb512849bbce5,coil3/compose/LocalAsyncImageModelEqualityDelegateKt,3,4,75.0
66d889fa77c237df,kotlin/reflect/jvm/internal/KCallableImpl$_returnType$1,3,3,100.0
07fe4441f28b3e7e,androidx/savedstate/SavedStateWriterKt__SavedStateWriter_androidKt,3,4,75.0
02897c7f5301c2ba,androidx/window/layout/EmptyDecorator,3,3,100.0
a141b3387e6f6343,okhttp3/internal/idn/IdnaMappingTableInstanceKt,3,3,100.0
9bf4694e0fa53277,kotlin/reflect/jvm/internal/impl/types/model/TypeSystemContextKt,3,6,50.0
529791fe0b0c8710,androidx/room/coroutines/PassthroughConnection$PassthroughTransactor,3,6,50.0
ca17e4ab241da5d9,androidx/navigation/compose/ComposeNavGraphNavigator$ComposeNavGraph,3,12,25.0
c64232a1eec4f55d,androidx/compose/ui/graphics/WrapperVerificationHelperMethods,3,3,100.0
d356a5567938a046,androidx/compose/ui/util/MathHelpersKt,3,68,4.41
b7bb3ae805c8c71c,androidx/compose/ui/platform/Api30Impl,3,3,100.0
9916ad1d8b9f101c,androidx/collection/LongList,3,304,0.99
9e7f4adf6e8f35a7,androidx/compose/runtime/ComposerImpl$CompositionContextHolder,3,6,50.0
0bd1d45518c0a8d8,kotlin/reflect/jvm/internal/impl/descriptors/SupertypeLoopChecker$EMPTY,3,3,100.0
a94ee697109cd0e5,androidx/arch/core/internal/SafeIterableMap$Entry,3,14,21.43
9a477900f00edceb,androidx/compose/ui/input/nestedscroll/NestedScrollSource$Companion,3,12,25.0
06f8b402efedf2ab,kotlin/reflect/jvm/internal/impl/descriptors/impl/LazyPackageViewDescriptorImpl$fragments$2,3,3,100.0
1f4de63105c7f37d,kotlin/reflect/jvm/internal/impl/serialization/deserialization/descriptors/DeserializedClassDescriptor$valueClassRepresentation$1,3,3,100.0
d7db171470483f52,kotlinx/coroutines/flow/ChannelFlowBuilder,3,13,23.08
41c0995225063249,androidx/navigation/compose/internal/WeakReference,3,5,60.0
2984e4228e4d2c09,kotlin/reflect/jvm/internal/impl/serialization/deserialization/descriptors/DeserializedClassDescriptor$DeserializedClassMemberScope$refinedSupertypes$1,3,3,100.0
688bf4af0c589f90,kotlin/random/FallbackThreadLocalRandom$implStorage$1,3,3,100.0
559a27887bfd0611,kotlinx/coroutines/flow/ReadonlySharedFlow,3,4,75.0
ca40ce7e6ead9a8d,kotlin/reflect/jvm/internal/impl/metadata/ProtoBuf$QualifiedNameTable$QualifiedName$1,3,3,100.0
9c73dda024ccf59f,androidx/compose/foundation/shape/CornerSizeKt,3,6,50.0
475c159b6d95afd6,androidx/compose/runtime/internal/PlatformOptimizedCancellationException,3,7,42.86
5793d6ca3cc86d09,androidx/compose/foundation/gestures/DefaultDraggableState$dragScope$1,3,3,100.0
80a751cfccb32d46,kotlin/reflect/jvm/internal/impl/descriptors/ScopesHolderForClass$scopeForOwnerModule$2,3,3,100.0
5042d7eaf87d2f75,androidx/compose/foundation/gestures/snapping/SnapFlingBehavior,3,90,3.33
d771b363d3e0c75a,org/jsoup/select/Evaluator$Tag,3,4,75.0
50d114cf847e70cb,com/nononsenseapps/feeder/db/room/MIGRATION_18_19,3,9,33.33
0ef19868a68160c1,com/nononsenseapps/feeder/ui/compose/feed/FeedItemIndicatorKt$FeedItemFeedIconIndicator_uFdPcIQ$lambda$1$$inlined$listener$default$1,3,6,50.0
1b5f7487ee845180,com/nononsenseapps/feeder/db/room/BlocklistDao_Impl$Companion,3,3,100.0
da70b824dfc30d74,com/nononsenseapps/feeder/db/room/MigrationFrom30To31,3,8,37.5
b83e623cabae814a,androidx/compose/ui/platform/ViewCompositionStrategy$Companion,3,3,100.0
80177412bdc4b8d1,androidx/window/layout/WindowMetrics,3,21,14.29
94834500115d31c9,kotlin/reflect/jvm/internal/impl/load/kotlin/header/ReadKotlinClassHeaderAnnotationVisitor$KotlinMetadataArgumentVisitor$2,3,5,60.0
19c5c1098a93a375,androidx/compose/ui/node/PlaceableResult,3,5,60.0
2bdd71218e7865c2,androidx/compose/ui/graphics/vector/PathNode$RelativeLineTo,3,18,16.67
6c38b4ab08e22122,kotlin/reflect/jvm/internal/impl/metadata/ProtoBuf$Annotation$Argument$Value$1,3,3,100.0
1c721f40518063ee,androidx/compose/animation/core/InfiniteAnimationPolicyKt,3,8,37.5
9a6dfaf2d8b46974,kotlinx/coroutines/scheduling/NanoTimeSource,3,3,100.0
132a93ae3e19cff9,androidx/compose/ui/text/input/ImeOptions$Companion,3,3,100.0
e084f3d3d16b3352,kotlinx/serialization/json/internal/ComposersKt,3,4,75.0
b5b25aab3c28e245,kotlinx/coroutines/flow/DistinctFlowImpl,3,4,75.0
32e3a975b0329adc,androidx/compose/ui/focus/FocusChangedElement,3,13,23.08
e8075ccf96d2f360,androidx/compose/runtime/Applier,3,16,18.75
ce6b4526917cab4b,androidx/compose/animation/CrossfadeKt$Crossfade$7,3,3,100.0
55b605883c149d8c,androidx/compose/runtime/internal/ComposableLambdaImpl$invoke$1,3,3,100.0
01c16a7230d8aaa6,androidx/compose/animation/AnimatedContentTransitionScopeImpl$SizeModifierElement,3,26,11.54
f65dc82096cbd962,androidx/compose/runtime/ParcelableSnapshotMutableLongState,3,5,60.0
dec078466cc15b92,com/nononsenseapps/feeder/model/LocaleOverride,3,3,100.0
815f6e0c2e2f909d,androidx/compose/ui/text/TextRange$Companion,3,3,100.0
7f6d4407758c9f16,kotlin/reflect/jvm/internal/impl/resolve/OverridingStrategy,3,3,100.0
121af82df7176cd9,androidx/compose/ui/internal/PlatformOptimizedCancellationException,3,7,42.86
2eb3b2a567168afd,androidx/compose/ui/layout/SubcomposeLayoutState$setMeasurePolicy$1,3,3,100.0
b38b49c20aa022e9,com/nononsenseapps/feeder/db/room/MigrationFrom31To32,3,8,37.5
3d90534aee3a92eb,kotlinx/coroutines/flow/internal/NullSurrogateKt,3,3,100.0
f79ce241bb751c8e,com/nononsenseapps/feeder/db/room/MIGRATION_6_7,3,5,60.0
519a6dfca57e8b3f,kotlinx/coroutines/GlobalScope,3,3,100.0
6a6f9dce7583500c,kotlin/reflect/jvm/internal/KParameterImpl$annotations$2,3,3,100.0
a5545c21ecb607fc,kotlin/reflect/jvm/internal/impl/serialization/deserialization/TypeDeserializer$simpleType$annotations$1,3,3,100.0
45f75a91b72eda03,com/nononsenseapps/feeder/model/gofeed/GoImage,3,23,13.04
594ae4b317e45877,com/nononsenseapps/feeder/db/room/MIGRATION_9_10,3,29,10.34
2c4a3238adbea1bf,androidx/paging/CachedPageEventFlow$job$2$1,3,3,100.0
62c392fb02c66089,coil3/request/RequestDelegate,3,6,50.0
b903ab13bfd57f49,go/Seq$RefTracker,3,37,8.11
a858c16c40399b9f,com/nononsenseapps/feeder/db/room/MIGRATION_12_13,3,5,60.0
db1c56b3e309dc3f,kotlin/reflect/jvm/internal/impl/resolve/descriptorUtil/DescriptorUtilsKt$$Lambda$0,3,3,100.0
ec55958d3902f268,com/nononsenseapps/feeder/util/PrefUtilsKt,3,4,75.0
6851f65ff4c0780f,kotlin/reflect/jvm/internal/impl/descriptors/ModuleDescriptor$DefaultImpls,3,3,100.0
966fc3430e5689b9,androidx/compose/runtime/MonotonicFrameClockKt,3,13,23.08
45e1a84d2daf52d8,kotlin/reflect/jvm/internal/impl/metadata/ProtoBuf$Type$Argument$1,3,3,100.0
59de04705e55710e,com/nononsenseapps/feeder/model/gofeed/GoPerson,3,23,13.04
8f9b37ff2bdb80ab,kotlinx/coroutines/CancelledContinuation,3,9,33.33
243ade58ad176457,kotlin/reflect/jvm/internal/impl/load/java/JavaNullabilityAnnotationsStatus$Companion,3,3,100.0
71b76a9ad04dd85d,okhttp3/CertificatePinner$Builder,3,8,37.5
acc23e0773c4d244,androidx/compose/ui/graphics/BlendModeColorFilterHelper,3,7,42.86
f9e3b57080c41f03,androidx/compose/ui/node/LayoutNode$Companion,3,6,50.0
b28c189e6a9953ec,androidx/compose/ui/text/intl/AndroidPlatformLocale_androidKt,3,4,75.0
65bf2a6cef5e13e1,kotlin/sequences/SequencesKt__SequencesKt$asSequence$$inlined$Sequence$1,3,3,100.0
bca2876d101ad8bb,kotlin/reflect/jvm/internal/impl/name/FqNameUnsafe$1,3,3,100.0
290ef22866fb4e53,androidx/compose/animation/CrossfadeKt$Crossfade$3$1,3,3,100.0
fd12c3d118501507,androidx/lifecycle/viewmodel/compose/ViewModelKt,3,8,37.5
36bd9539451fb502,androidx/compose/foundation/text/modifiers/InlineDensity$Companion,3,3,100.0
c060f9ac94e6fe8b,coil3/network/NetworkFetcher$fetch$2,3,3,100.0
41c68fc8e1445ce1,androidx/compose/runtime/external/kotlinx/collections/immutable/implementations/persistentOrderedSet/PersistentOrderedSet$Companion,3,3,100.0
df971357683c3728,androidx/compose/ui/draw/PainterNode$measure$1,3,3,100.0
4c6cc1e07c8d82e0,kotlin/reflect/jvm/internal/impl/storage/LockBasedStorageManager$CacheWithNullableValuesBasedOnMemoizedFunction$1,3,3,100.0
3dee009d0f4421c6,androidx/work/impl/constraints/trackers/BroadcastReceiverConstraintTracker,3,11,27.27
03a587e78d375d75,androidx/compose/ui/graphics/vector/VectorNode,3,3,100.0
bb337be0ebfb1f2d,com/nononsenseapps/feeder/model/ParsedAuthor,3,38,7.89
d50f0ac27e1cf5f5,androidx/compose/ui/node/LayoutNode$_foldedChildren$1,3,3,100.0
11fb33dbd7b0e1b4,androidx/compose/ui/layout/SubcomposeLayoutState$setCompositionContext$1,3,3,100.0
5a5530b56260bcc8,kotlinx/coroutines/android/AndroidDispatcherFactory,3,6,50.0
3ee58449ebb4c543,androidx/compose/material/icons/Icons,3,3,100.0
0d868cd91662834f,androidx/compose/ui/layout/LayoutModifierImpl,3,6,50.0
ec0405d4bb15c6bd,com/nononsenseapps/feeder/ui/text/HtmlToPlainTextConverterKt,3,5,60.0
9a1e4049f6a2988e,androidx/compose/ui/text/font/FontLoadingStrategy$Companion,3,5,60.0
239734bad284b13d,kotlin/reflect/jvm/internal/KClassImpl$Data$declaredNonStaticMembers$2,3,3,100.0
f76bc88af1ebdace,com/nononsenseapps/feeder/db/room/MigrationFrom26To27,3,9,33.33
2275c06437bd017e,kotlinx/coroutines/JobSupport$ChildCompletion,3,3,100.0
2e832af2e3e8137d,com/nononsenseapps/feeder/db/room/RemoteReadMarkDao_Impl$Companion,3,3,100.0
0226ca147dce2114,kotlin/reflect/jvm/internal/impl/metadata/ProtoBuf$Constructor$1,3,3,100.0
c29fe3154119947a,com/nononsenseapps/feeder/db/room/MIGRATION_14_15,3,5,60.0
d18f2ea3480c83cb,com/nononsenseapps/feeder/db/room/MIGRATION_8_9,3,5,60.0
a8769603b8aad3d6,kotlin/reflect/jvm/internal/impl/descriptors/DelegatedDescriptorVisibility,3,5,60.0
72f3f43a5df32e2a,androidx/compose/ui/modifier/ModifierLocalManager$invalidate$1,3,3,100.0
c66c13dec05ca0ca,kotlin/reflect/jvm/internal/impl/metadata/ProtoBuf$TypeTable$1,3,3,100.0
a24201c17aaf0c09,kotlin/io/CloseableKt,3,15,20.0
3f146fbba9f02c6d,org/kodein/di/DITree,3,6,50.0
1ded96d14bef1594,kotlin/reflect/jvm/internal/impl/protobuf/SmallSortedMap$EntrySet,3,23,13.04
d4ba1742f24be4e2,androidx/paging/PagingDataPresenter$InitialUiReceiver,3,7,42.86
70d15002276892e6,okhttp3/internal/platform/android/AndroidSocketAdapter,3,47,6.38
7cd662699b2470f1,androidx/compose/ui/text/font/AsyncTypefaceCache$AsyncTypefaceResult,3,19,15.79
d959085678235c51,kotlinx/coroutines/flow/internal/NopCollector,3,3,100.0
45a6d4ad89e46d40,androidx/compose/ui/platform/coreshims/AutofillIdCompat,3,3,100.0
a3dfe7107baacad2,androidx/activity/result/ActivityResultRegistry$register$3,3,17,17.65
85772e147efe0053,androidx/compose/foundation/lazy/layout/LazyLayoutScrollDeltaBetweenPasses,3,34,8.82
3fc8cb65aa674b1a,kotlin/coroutines/jvm/internal/SuspendLambda,3,8,37.5
cf9c15e400cc8cb9,androidx/compose/material3/ColorResourceHelper,3,3,100.0
60c765d3f0578357,com/nononsenseapps/feeder/db/room/MigrationFrom34To35,3,12,25.0
7815a7d0274c2ea6,kotlin/reflect/jvm/internal/impl/metadata/ProtoBuf$Type$1,3,3,100.0
fce13b42058e546a,androidx/compose/ui/graphics/SimpleGraphicsLayerModifier$measure$1,3,3,100.0
01fa54cb314512f3,androidx/compose/ui/platform/AndroidComposeView$pointerIconService$1,3,12,25.0
86544d54907bedf5,androidx/compose/material3/MotionScheme$Companion,3,4,75.0
32a5930f61079636,kotlin/reflect/jvm/internal/impl/serialization/deserialization/TypeDeserializer$classifierDescriptors$1,3,3,100.0
fcf8ec9aceb4887a,kotlin/collections/SetsKt__SetsKt,3,31,9.68
4528de436b6fa6ca,kotlin/reflect/jvm/internal/KCallableImpl$_parameters$1$3,3,3,100.0
b30a031f0c820a58,androidx/compose/ui/draw/AlphaKt,3,5,60.0
4c5ab5f042b3cdcc,androidx/window/layout/WindowLayoutInfo,3,12,25.0
db0173df36ac889e,androidx/compose/runtime/RecomposeScopeImplKt,3,3,100.0
336259d60103fd58,kotlin/reflect/jvm/internal/impl/types/UnwrappedType,3,3,100.0
622318cdde85d29b,androidx/compose/ui/semantics/EmptySemanticsModifier,3,3,100.0
bc93d0ee7885e208,androidx/paging/compose/LazyPagingItems$collectLoadState$2,3,3,100.0
15f76a0e30ab19a6,androidx/compose/ui/text/font/FontSynthesis$Companion,3,6,50.0
6a1e7e97cbc3e9bc,androidx/work/impl/background/greedy/DelayedWorkTracker,3,15,20.0
82acb6f52341602d,kotlin/reflect/jvm/internal/impl/descriptors/runtime/components/PackagePartScopeCache,3,37,8.11
d54d81dda40267a5,androidx/compose/runtime/snapshots/SnapshotApplyResult,3,3,100.0
8a47bbf319c99f40,kotlin/reflect/jvm/internal/impl/serialization/deserialization/descriptors/DeserializedMemberScope$OptimizedImplementation$computeDescriptors$1$1,3,3,100.0
f4db204218db7b21,kotlin/collections/builders/MapBuilderEntries,3,24,12.5
98f21548d7eaed34,kotlin/reflect/jvm/internal/impl/serialization/deserialization/ClassDeserializer$Companion,3,3,100.0
4d11f8bfe4862640,kotlin/ranges/RangesKt__RangesKt,3,36,8.33
dff6409260398832,com/nononsenseapps/feeder/db/room/ReadStatusSyncedDao_Impl$Companion,3,3,100.0
c33b503b829aa6ee,kotlinx/coroutines/InvokeOnCompletion,3,3,100.0
c4da4280bb24aaf0,kotlin/reflect/jvm/internal/KClassImpl$data$1,3,3,100.0
3bf636518eb21482,androidx/compose/ui/platform/AndroidUiDispatcher_androidKt,3,4,75.0
e4c82a0a5b43c221,androidx/compose/ui/platform/AndroidComposeViewTranslationCallbackS,3,4,75.0
a0e138584203ed42,androidx/compose/ui/MotionDurationScale$DefaultImpls,3,4,75.0
4b3ae912a334b94a,com/nononsenseapps/feeder/ui/compose/material3/Strings$Companion,3,4,75.0
5a5122f7823b82c4,androidx/compose/runtime/external/kotlinx/collections/immutable/implementations/immutableMap/TrieNode$Companion,3,3,100.0
69c8dc70ac6121b8,com/nononsenseapps/feeder/db/room/MIGRATION_5_7,3,5,60.0
3b687ac6e512dcd8,androidx/compose/animation/SplineBasedFloatDecayAnimationSpec,3,11,27.27
6a70a13e609f33a5,androidx/compose/ui/graphics/CompositingStrategy$Companion,3,5,60.0
439b808234ad8fce,androidx/compose/runtime/MonotonicFrameClock$DefaultImpls,3,5,60.0
ffebad61551a5fec,androidx/compose/foundation/lazy/layout/LazyLayoutItemAnimation$Companion,3,3,100.0
3a71f3599d5acce3,androidx/lifecycle/SavedStateHandlesVM,3,3,100.0
6c0ad8731d01d1eb,kotlin/reflect/jvm/internal/KProperty1Impl$_getter$1,3,3,100.0
f307b250dd5084c5,androidx/core/view/WindowCompat,3,29,10.34
4f929359810e6509,com/squareup/moshi/CollectionJsonAdapter$2,3,4,75.0
b510b7e37e23c403,com/nononsenseapps/feeder/db/room/MigrationFrom29To30,3,8,37.5
46d0ff117eb03f91,androidx/compose/runtime/external/kotlinx/collections/immutable/implementations/persistentOrderedSet/Links,3,14,21.43
f33c08de1f415c40,coil3/compose/AsyncImageModelEqualityDelegate,3,3,100.0
d06dfd7e59bf0c52,kotlin/reflect/jvm/internal/impl/storage/LockBasedStorageManager$5,3,24,12.5
688c332f2fdf0d7f,androidx/compose/runtime/SnapshotStateKt__SnapshotMutationPolicyKt,3,3,100.0
e5f017d7e54aae73,androidx/compose/runtime/saveable/SaveableStateHolderImpl$Companion,3,3,100.0
1a6d8e12534f3e10,com/nononsenseapps/feeder/db/room/MigrationFrom33To34,3,8,37.5
6f247e6888e8c084,androidx/compose/runtime/snapshots/SnapshotIdSet$Companion,3,3,100.0
5c8c801e209a8538,kotlinx/coroutines/scheduling/DefaultScheduler,3,11,27.27
8d55972465aa66e5,kotlin/reflect/jvm/internal/impl/load/java/JavaTypeEnhancementState$Companion,3,3,100.0
62821d07bb8add30,androidx/compose/material3/tokens/StandardIconButtonTokens,3,16,18.75
9875089ef533dc95,androidx/compose/foundation/text/selection/SelectionRegistrarKt,3,8,37.5
d3ce22cfe2878ad3,com/nononsenseapps/feeder/ui/compose/navdrawer/NavDrawerKt$Feed$lambda$2$$inlined$listener$default$1,3,6,50.0
f9946b552d11268b,kotlin/reflect/jvm/internal/impl/descriptors/runtime/components/ReflectKotlinClassKt,3,3,100.0
435415d26b3a64e2,okhttp3/internal/connection/RealConnectionPool$cleanupTask$1,3,3,100.0
2a699afdf8a8915a,androidx/paging/PageFetcher$flow$1$4,3,10,30.0
6ab9186c4204e9b8,kotlin/reflect/jvm/internal/impl/metadata/ProtoBuf$TypeParameter$1,3,3,100.0
2f20285957fa09ef,kotlinx/coroutines/flow/ReadonlyStateFlow,3,5,60.0
f019044cca04e7cb,com/nononsenseapps/feeder/db/room/MigrationFrom27To28,3,8,37.5
13868dfa79d23e32,kotlin/reflect/jvm/internal/impl/resolve/scopes/AbstractScopeAdapter,3,18,16.67
116bb19e9761ee34,androidx/compose/ui/draw/DrawBehindElement,3,13,23.08
4e47a55c0216f0ad,androidx/compose/animation/core/VectorizedAnimationSpec,3,5,60.0
d1a023849157fad0,kotlin/reflect/jvm/internal/impl/util/TypeRegistry,3,9,33.33
bc9a3166476e133f,androidx/work/impl/utils/SerialExecutor$Task,3,4,75.0
4d4bf4e50faf0fc6,kotlin/reflect/jvm/internal/KCallableImpl$_annotations$1,3,3,100.0
0dcdbf8ecf2f84be,androidx/compose/ui/text/font/SystemFontFamily,3,3,100.0
833fa8fa4dea3ffa,androidx/compose/ui/node/LayoutNode$WhenMappings,3,4,75.0
a6e3f5879192fb23,kotlin/reflect/jvm/internal/impl/types/extensions/TypeAttributeTranslators,3,3,100.0
9e683f0b97608fd9,com/google/accompanist/adaptive/DisplayFeaturesKt$calculateDisplayFeatures$displayFeatures$2$1$1,3,3,100.0
0ce7178c70ab31d6,androidx/compose/foundation/lazy/staggeredgrid/LazyStaggeredGridState$Companion,3,3,100.0
d51d655576461c18,kotlin/reflect/jvm/internal/impl/metadata/ProtoBuf$Annotation$1,3,3,100.0
dac68025d2cfd20f,androidx/compose/ui/text/font/FileBasedFontFamily,3,3,100.0
ab2dca8186ec5d11,com/nononsenseapps/jsonfeed/OkHttpBuilderExtensionsKt$trustAllCerts$trustManager$1,3,4,75.0
f1a0a3f96d44254e,androidx/compose/ui/geometry/Rect$Companion,3,4,75.0
db157af7a64dfdfa,androidx/activity/compose/ComposeBackHandler,3,6,50.0
f436e8692e5c085b,androidx/compose/ui/text/font/PlatformFontFamilyTypefaceAdapter,3,23,13.04
2d18ac1060f9fbab,androidx/lifecycle/ViewModelProvider$Factory,3,8,37.5
720d95e952720fcb,kotlin/reflect/jvm/internal/impl/load/kotlin/KotlinJvmBinarySourceElement,3,6,50.0
4a397d5dec9561ae,kotlin/reflect/jvm/internal/impl/resolve/jvm/JavaDescriptorResolver,3,22,13.64
c31172e3d558bece,com/nononsenseapps/feeder/ui/compose/utils/ImmutableHolder,3,16,18.75
319710bcecfe17b3,org/kodein/di/DIDefinition,3,3,100.0
13bc9c2d1369a69f,kotlin/coroutines/intrinsics/CoroutineSingletons,3,6,50.0
b1505485c01e7fbf,androidx/compose/ui/res/ImageVectorCache,3,17,17.65
0f0be1cc0ec95a82,kotlin/collections/ArrayAsCollection,3,27,11.11
24c818f3de1e18a9,okhttp3/internal/concurrent/TaskQueue$execute$1,3,3,100.0
3afa0884cfe5870c,kotlinx/serialization/json/internal/StringJsonLexerKt,3,4,75.0
7179f4304c3b33ec,kotlin/reflect/jvm/internal/impl/builtins/DefaultBuiltIns$Companion,3,3,100.0
2bbd15f334607088,coil3/Image_androidKt,3,48,6.25
6d0e20f0f516a24f,androidx/compose/ui/util/AndroidTrace_androidKt,3,10,30.0
d134d737fe72a2de,kotlin/ranges/IntProgression$Companion,3,3,100.0
27135ae50d5e4a16,com/nononsenseapps/feeder/ui/compose/feed/FeedItemCardKt$FeedItemCard$lambda$0$0$0$1$$inlined$listener$default$1,3,6,50.0
5e411ed8fa12404f,org/jsoup/internal/Normalizer,3,9,33.33
bad7e2578ec16ca2,androidx/compose/ui/platform/ViewCompositionStrategy$DisposeOnDetachedFromWindowOrReleasedFromPool$installFor$listener$1,3,7,42.86
d4e427643e68d6ef,androidx/lifecycle/Lifecycle,3,10,30.0
38aba27ce59be45c,androidx/sqlite/db/framework/FrameworkSQLiteOpenHelperFactory,3,3,100.0
160cf5ce94818c56,androidx/compose/ui/text/style/TextMotion$Companion,3,4,75.0
9429f4ffe0359bd3,androidx/compose/ui/graphics/ColorFilter,3,3,100.0
9e92194400e59c6a,androidx/room/TransactorKt,3,7,42.86
cf61d35065afa2c4,coil3/key/UriKeyer,3,3,100.0
2f14a1ae8d70b8a9,androidx/compose/ui/graphics/drawscope/CanvasDrawScopeKt,3,3,100.0
149f2fdba7cb67e6,androidx/room/coroutines/FlowUtil,3,3,100.0
63365a42adcb0fd3,org/jsoup/parser/Token$StartTag,3,13,23.08
25386ff3973ec68c,com/nononsenseapps/feeder/db/room/MIGRATION_7_8,3,5,60.0
2395a9202bd17ae8,androidx/compose/ui/graphics/CanvasHolder,3,9,33.33
339ebf62879c30ed,kotlin/reflect/jvm/internal/impl/load/java/lazy/descriptors/LazyJavaPackageScope$knownClassNamesInPackage$1,3,3,100.0
9d7f2c077ede5435,androidx/compose/ui/layout/Ruler,3,4,75.0
e19f13fc86ea2f2e,com/nononsenseapps/feeder/ui/compose/feedarticle/FeedViewModel$special$$inlined$combine$1$2,3,3,100.0
1400249c92199933,com/nononsenseapps/feeder/db/room/MIGRATION_15_16,3,5,60.0
cada7ed5d09f3f55,androidx/room/paging/LimitOffsetPagingSource$implementation$1,3,3,100.0
80fd31cd0d4827aa,androidx/compose/runtime/external/kotlinx/collections/immutable/implementations/immutableList/BufferIterator,3,8,37.5
0a742cc246029b44,androidx/compose/ui/text/android/StaticLayoutFactory26,3,3,100.0
2ffe9265a7d6c1be,kotlin/comparisons/ComparisonsKt__ComparisonsKt,3,81,3.7
3d7fe2cbb9dcfd97,androidx/compose/ui/focus/FocusInvalidationManager$scheduleInvalidation$1,3,3,100.0
281d7d8e108cf90c,kotlin/reflect/jvm/internal/impl/load/java/lazy/LazyJavaPackageFragmentProvider$getPackageFragment$1,3,3,100.0
67c9dac64623c711,kotlin/reflect/jvm/internal/impl/metadata/ProtoBuf$Class$1,3,3,100.0
355f75ea97c96b3f,androidx/compose/ui/platform/WindowRecomposer_androidKt$createLifecycleAwareWindowRecomposer$2$onStateChanged$1$1$1$1,3,3,100.0
798b3c2a195e60b9,androidx/paging/PageFetcher$generateNewPagingSource$3,3,3,100.0
a194876b2d50b7f9,androidx/compose/ui/text/font/FontWeightAdjustmentHelperApi31,3,3,100.0
74ed767834972a5c,kotlinx/coroutines/NonDisposableHandle,3,6,50.0
424a39c7dc9d3b77,androidx/compose/runtime/changelist/Operation$RemoveCurrentGroup,3,3,100.0
807509f56bd05ed6,androidx/paging/TransformablePage$Companion,3,4,75.0
9fb4803e25bda6a6,androidx/compose/ui/node/BackwardsCompatNode$updateModifierLocalConsumer$1,3,3,100.0
ea019cf800b10ad5,androidx/compose/ui/platform/ViewRootForTest$Companion,3,5,60.0
90de99c3ce311b82,okhttp3/internal/platform/android/BouncyCastleSocketAdapter$Companion,3,4,75.0
072ab8bc219082c2,com/nononsenseapps/feeder/db/room/MIGRATION_21_22,3,5,60.0
f1c83245352e4a6e,coil3/decode/StaticImageDecoderKt,3,27,11.11
89ba5b7d9abd74ad,androidx/compose/ui/text/style/BaselineShift$Companion,3,8,37.5
e0499c0752f7b25b,androidx/compose/foundation/OverscrollConfiguration_androidKt,3,4,75.0
f23a624aa2c28e5e,kotlin/random/FallbackThreadLocalRandom,3,3,100.0
ed7c805ddf79ef5a,androidx/compose/ui/layout/LayoutIdElement,3,18,16.67
5c5d7ee63a5245ed,okhttp3/internal/http2/Http2Connection$Listener,3,4,75.0
f9b7b41cacb4dc38,androidx/compose/foundation/shape/PercentCornerSize,3,19,15.79
e74d5b2d4ff5eebc,androidx/compose/ui/node/CompositionLocalConsumerModifierNodeKt,3,5,60.0
7c37c9e2658d8d77,kotlin/reflect/jvm/internal/impl/types/AbstractTypeConstructor$supertypes$1,3,3,100.0
8bf1a728944fa5d5,androidx/compose/ui/autofill/AutofillTree,3,10,30.0
a9d71877d63a1ad1,androidx/compose/ui/platform/AndroidComposeView$viewTreeOwners$2,3,3,100.0
0885e592fce00cae,org/kodein/di/DIContainer$provider$$inlined$toProvider$1,3,3,100.0
74ed75159e5f22c2,kotlin/jvm/internal/CallableReference$NoReceiver,3,4,75.0
dbdfa234707b34f9,com/nononsenseapps/feeder/FeederApplication$Companion,3,6,50.0
12d09633fbcc2245,kotlin/reflect/jvm/internal/impl/serialization/deserialization/descriptors/DeserializedMemberScope$OptimizedImplementation$variableNames$2,3,3,100.0
bd2231a4fb6dca81,coil3/util/ImmutableHardwareBitmapService,3,3,100.0
3283b213b9e6a402,com/nononsenseapps/feeder/db/room/MIGRATION_17_18,3,8,37.5
8bf3d21e32dfd6a9,androidx/compose/runtime/external/kotlinx/collections/immutable/implementations/immutableList/SmallPersistentVector$Companion,3,3,100.0
311c82657751598f,kotlin/reflect/jvm/internal/impl/load/java/JavaClassesTracker$Default,3,3,100.0
a96dd06cdec77a6f,androidx/paging/compose/LazyPagingItems$pagingDataPresenter$1,3,3,100.0
f953e93cf045fd86,kotlinx/coroutines/ResumeOnCompletion,3,3,100.0
424b8afa1a20cf27,androidx/compose/foundation/lazy/layout/LazyLayoutBeyondBoundsModifierLocalKt,3,6,50.0
937ee2a551aeddb6,androidx/compose/ui/graphics/AndroidGraphicsContext$UniqueDrawingIdApi29,3,3,100.0
71970227d8b236f8,androidx/core/view/ViewCompat$Api23Impl,3,5,60.0
d34438457b8a4e9f,androidx/compose/ui/text/input/KeyboardCapitalization$Companion,3,12,25.0
db11e6cfc9436a8b,androidx/compose/ui/platform/AndroidComposeViewForceDarkModeQ,3,3,100.0
7e47c299a96c4baa,androidx/compose/runtime/MutableFloatState,3,8,37.5
00cc0a4d008b142d,kotlinx/coroutines/Empty,3,6,50.0
f91bf8df807f5f9c,kotlin/reflect/jvm/internal/impl/load/kotlin/AbstractBinaryClassAnnotationAndConstantLoader,3,47,6.38
531b96dbf0e3ab09,okhttp3/internal/idn/IdnaMappingTableKt,3,9,33.33
258eb3c554eddc9e,com/nononsenseapps/feeder/db/room/MIGRATION_13_14,3,5,60.0
9db916dfd2058734,org/kodein/di/DIContainer$providerOrNull$$inlined$toProvider$1,3,3,100.0
aa831c3347e34f0a,kotlin/text/MatchGroup,3,19,15.79
12221f2c27435414,androidx/compose/ui/text/android/SpannedExtensions_androidKt,3,6,50.0
1da2f6fbc93b3c3c,kotlin/reflect/jvm/internal/impl/metadata/ProtoBuf$Property$1,3,3,100.0
3f27b89d7445ad9f,kotlin/collections/IndexedValue,3,20,15.0
2a22ec1f0c9c14c4,androidx/compose/ui/text/AnnotatedString$Builder$BulletScope,3,5,60.0
e16521a9d798693e,kotlin/reflect/jvm/internal/KClassImpl$Data$inheritedNonStaticMembers$2,3,3,100.0
8c456d3bbf72807c,androidx/core/view/ViewGroupKt$children$1,3,3,100.0
82ef26c43ad6a089,com/nononsenseapps/feeder/db/room/MIGRATION_11_12,3,5,60.0
e88fd6087ced7c1f,androidx/compose/animation/AnimatedContentKt$AnimatedContent$6$1$1$1$1,3,3,100.0
7d1f844099d33efb,androidx/window/WindowSdkExtensions$Companion,3,6,50.0
e3906dd1815b7161,androidx/compose/ui/text/android/StaticLayoutFactory28,3,3,100.0
230ec2f14ecf91b1,com/nononsenseapps/feeder/util/Either$Right,3,16,18.75
ba194b5081736ebe,androidx/compose/animation/AnimatedVisibilityKt$AnimatedEnterExitImpl$shouldDisposeAfterExit$2$1$1,3,3,100.0
dd1f9eb843757e57,kotlin/reflect/jvm/internal/impl/builtins/KotlinBuiltIns$3,3,7,42.86
0bf7fe072a0d4178,go/Universe,3,4,75.0
8cd1ad07e1833ecb,kotlin/reflect/jvm/internal/impl/protobuf/UnmodifiableLazyStringList,3,11,27.27
4e3567f00851ff3d,com/squareup/moshi/LinkedHashTreeMap$EntrySet$1,3,3,100.0
77684df5e145c564,kotlin/reflect/jvm/internal/impl/builtins/jvm/CloneableClassScope$Companion,3,3,100.0
93ff292135fb31e2,androidx/paging/PagingSource$LoadParams$Refresh,3,3,100.0
d923d809584887b0,com/nononsenseapps/feeder/db/room/MigrationFrom25To26,3,9,33.33
629530ec8845c4d2,kotlin/reflect/jvm/internal/impl/metadata/ProtoBuf$Package$1,3,3,100.0
0968b9881c975361,androidx/compose/ui/text/android/VerticalPaddings,3,17,17.65
2e7f70e65710369f,org/jsoup/nodes/Document$OutputSettings$Syntax,3,5,60.0
c5663b392ed9cf9b,androidx/core/view/WindowInsetsCompat$Impl21,3,14,21.43
29d6aaf686295a2c,okhttp3/internal/http2/Http2Connection$Companion,3,3,100.0
dc29c580d56613e3,com/nononsenseapps/feeder/db/room/SyncDeviceDao_Impl$Companion,3,3,100.0
f93c681be3276d2c,kotlin/reflect/jvm/internal/impl/resolve/scopes/MemberScope$Companion,3,3,100.0
602320ff73d64c38,androidx/compose/foundation/lazy/staggeredgrid/LazyStaggeredGridLaneInfo,3,94,3.19
2ea2b9883d54353a,kotlin/reflect/jvm/internal/KPackageImpl,3,30,10.0
8ca8b748a49ee01e,androidx/paging/LoadState,3,3,100.0
448f246ca5a93a27,coil3/compose/AsyncImagePainter$Companion,3,3,100.0
ee0840ef0f1dfe94,androidx/compose/ui/layout/SubcomposeLayoutKt$SubcomposeLayout$4$1,3,3,100.0
4029e6cf8002199a,androidx/compose/ui/platform/AndroidAccessibilityManager,3,18,16.67
13dc157666cb1fd6,androidx/compose/ui/FrameRateCategory$Companion,3,5,60.0
c527c101e34ad8d3,androidx/lifecycle/LifecycleDispatcher$DispatcherActivityCallback,3,3,100.0
f1a266735ef596e1,kotlin/reflect/jvm/internal/impl/metadata/ProtoBuf$ValueParameter$1,3,3,100.0
6ee2611a395ce972,com/squareup/moshi/MapJsonAdapter$1,3,5,60.0
458739d07fad9c1b,androidx/compose/foundation/lazy/layout/PrefetchHandleProvider,3,32,9.38
9c315a90b955a010,kotlin/reflect/jvm/internal/impl/load/java/lazy/descriptors/LazyJavaClassDescriptor$LazyJavaClassTypeConstructor$parameters$1,3,3,100.0
c0d235f684242ef0,kotlin/reflect/jvm/internal/impl/metadata/jvm/JvmProtoBuf$JvmPropertySignature$1,3,3,100.0
e644795528b1a855,androidx/compose/animation/EnterTransition$Companion,3,3,100.0
b9fb5b0959b1bb4d,androidx/core/view/WindowInsetsAnimationCompat$Impl30$ProxyCallback,2,29,6.9
6097b68268c1def4,androidx/compose/ui/text/intl/Locale$Companion,2,3,66.67
3ba48aed5265c30e,androidx/navigationevent/NavigationEventTransitionState$Idle,2,3,66.67
cf47c25b090ec434,kotlin/reflect/jvm/internal/impl/descriptors/Visibilities$Private,2,2,100.0
c2bea5a8068f01a9,kotlinx/coroutines/scheduling/Task,2,2,100.0
f1a8049312ce47c0,kotlin/reflect/jvm/internal/JvmPropertySignature,2,2,100.0
63e72a2307096e8c,coil3/disk/DiskLruCache$Companion,2,7,28.57
b3db5b18bc3f54b7,androidx/compose/ui/input/pointer/AndroidPointerIconType,2,11,18.18
edb14beecaa92ca5,androidx/compose/ui/platform/CompositionLocalsKt$LocalFontLoader$1,2,4,50.0
6c0bde4b8a8fd89c,androidx/navigation/NavController$Companion,2,4,50.0
f914f607d0afffe6,androidx/room/paging/CommonLimitOffsetImpl$load$1,2,2,100.0
53dd111c37ba7524,androidx/compose/foundation/text/TextDelegateKt,2,33,6.06
04d02bb489b146b5,androidx/paging/PagingData$Companion,2,41,4.88
d66f521e096c4d6d,androidx/compose/ui/text/input/TextInputServiceAndroid$onEditCommand$1,2,4,50.0
bdb852e013125c3a,com/nononsenseapps/feeder/sync/SyncRestClient$getDevices$1,2,2,100.0
04961619dcee4e13,org/kodein/type/AbstractTypeToken$Companion,2,4,50.0
2eb005fae5d1aeec,com/nononsenseapps/feeder/util/Either$Companion,2,9,22.22
4a53b4e2f125efef,coil3/size/SizeResolver,2,2,100.0
d9b34868147365d4,androidx/lifecycle/AndroidViewModel,2,3,66.67
677531218ea39888,kotlin/reflect/jvm/internal/impl/descriptors/Visibilities$InvisibleFake,2,2,100.0
47a0b282474772fe,coil3/size/SizeResolver$Companion,2,2,100.0
39ff482991d3809a,androidx/collection/OrderedScatterSetKt,2,22,9.09
40a83a8d292753a8,androidx/compose/ui/graphics/layer/GraphicsLayerImpl$Companion,2,3,66.67
12aae4daaf7bf9bf,androidx/compose/ui/graphics/layer/GraphicsLayerImpl$Companion$DefaultDrawBlock$1,2,4,50.0
d96021f9e4a13cf8,androidx/paging/PagingConfig$Companion,2,3,66.67
79bf465b676fd85a,androidx/compose/ui/text/PlatformParagraphStyle$Companion,2,3,66.67
ef299e9d8f3cbe5a,androidx/compose/ui/platform/CompositionLocalsKt$LocalClipboard$1,2,4,50.0
45dd8a866ff5405c,androidx/room/InvalidationTracker$Companion,2,2,100.0
d2c4b9197244989c,coil3/decode/ExifOrientationStrategy$Companion,2,2,100.0
5754cf17f0b669ff,com/nononsenseapps/feeder/ui/compose/theme/FeederTypography$Companion,2,2,100.0
6701cf39a1f7a8c4,kotlin/reflect/jvm/internal/impl/storage/EmptySimpleLock,2,4,50.0
db43a2d3a00b788c,com/nononsenseapps/feeder/sync/SyncRestClient$sendUpdatedFeeds$1,2,2,100.0
045ddedd787ec3d8,androidx/compose/ui/autofill/PlatformAutofillManagerImpl,2,13,15.38
a8c1a5be96bd9ae4,androidx/compose/animation/EnterExitTransitionKt$TransformOriginVectorConverter$2,2,4,50.0
76cc650ceeb69c5d,androidx/compose/runtime/CancelledCoroutineContext,2,7,28.57
13cb4b8ca5a0bccb,androidx/compose/ui/platform/CompositionLocalsKt$LocalCursorBlinkEnabled$1,2,4,50.0
98b1d2341997b23d,androidx/compose/ui/graphics/colorspace/Oklab$Companion,2,2,100.0
76bed258ca400f9b,kotlin/reflect/jvm/internal/impl/descriptors/impl/SubpackagesScope,2,23,8.7
bdac8eef47e955e0,androidx/compose/ui/node/OnPositionedDispatcher$Companion,2,2,100.0
05149d8da58a3c5e,okhttp3/internal/http2/Settings$Companion,2,2,100.0
b349706c52d53082,androidx/compose/runtime/MonotonicFrameClock$Key,2,2,100.0
4168cd8589afc43b,androidx/compose/runtime/snapshots/SnapshotApplyResult$Success,2,4,50.0
6286b6f503bbb6b6,kotlin/reflect/jvm/internal/impl/utils/DFS$AbstractNodeHandler,2,3,66.67
893e1e6701d5b71c,androidx/compose/foundation/text/AnnotatedStringResolveInlineContentKt,2,85,2.35
5c02b42c315078dc,androidx/compose/ui/text/AnnotatedString$Companion,2,3,66.67
5535a25c0d589b80,androidx/compose/ui/semantics/SemanticsProperties$Role$1,2,4,50.0
8e4ff9cecdeefbdd,kotlin/reflect/jvm/internal/impl/descriptors/Visibilities$Protected,2,2,100.0
7ffcd9c1db503cd0,kotlin/reflect/jvm/internal/impl/types/KotlinTypeFactory$EMPTY_REFINED_TYPE_FACTORY$1,2,4,50.0
c0e11a55d07d2b76,coil3/Extras$Key$Companion,2,2,100.0
f1adfcaa2be6e738,okhttp3/internal/connection/RealConnection$Companion,2,8,25.0
af5955c6f202a967,kotlin/collections/builders/SetBuilder$Companion,2,2,100.0
997cbbc5096c4a29,androidx/compose/ui/semantics/SemanticsProperties$ContentDataType$1,2,4,50.0
92b50f8d4c555369,okhttp3/ConnectionSpec$Companion,2,2,100.0
51085edaa0af8d74,androidx/compose/foundation/layout/WindowInsets$Companion,2,2,100.0
9906389babe7e870,androidx/compose/ui/graphics/vector/PathNode$RelativeHorizontalTo,2,13,15.38
6fda899b9026f47e,androidx/compose/ui/layout/OnGloballyPositionedNode,2,4,50.0
9a1c83a8095912cf,org/kodein/di/bindings/ScopeRegistry,2,7,28.57
e1f9783d46197dfb,kotlin/reflect/jvm/internal/impl/protobuf/SmallSortedMap$EmptySet$1,2,4,50.0
9d8489e364b772fb,androidx/work/impl/constraints/trackers/BatteryChargingTracker,2,40,5.0
94e3ce2d36e64e03,okio/FileSystem$Companion,2,4,50.0
365b45e2d77806f2,kotlinx/coroutines/BlockingEventLoop,2,2,100.0
d83b1b0d7bd01ad0,kotlinx/coroutines/InactiveNodeList,2,6,33.33
ae33ffa7a8085ba5,com/squareup/moshi/Moshi$Lookup,2,8,25.0
1c026bc015de005b,coil3/size/RealSizeResolver,2,8,25.0
8e7072f2ab1915c5,androidx/room/BindOnlySQLiteStatement$Companion,2,2,100.0
6a88461a597b7783,androidx/compose/animation/core/SuspendAnimationKt$animate$4,2,2,100.0
6b6b23a2f6349c91,coil3/intercept/EngineInterceptor$Companion,2,2,100.0
3b11b83b566a17d2,androidx/compose/ui/unit/DensityImpl,2,18,11.11
d8ea681359156b79,kotlin/reflect/jvm/internal/impl/types/AbstractTypeConstructor$supertypes$2,2,4,50.0
11dd40c1487e3bc7,okhttp3/TrailersSource$Companion,2,2,100.0
2f5a15db849d7ca8,androidx/compose/material3/SurfaceKt$Surface$1$3$1,2,3,66.67
8cbd4eb3f14751f2,com/nononsenseapps/feeder/model/OneImageRequestPerHostInterceptor$intercept$1,2,2,100.0
d4d60deb33ddc829,androidx/compose/ui/platform/CompositionLocalsKt$LocalAutofillManager$1,2,4,50.0
6a44653e78803533,kotlin/reflect/jvm/internal/impl/descriptors/ModuleCapability,2,3,66.67
b76e9b67f86356a5,androidx/compose/ui/unit/DpOffset$Companion,2,4,50.0
02ef25f3f1d3141f,okhttp3/ResponseBody$Companion$asResponseBody$1,2,5,40.0
aa80d427b6ffaab8,androidx/navigation/compose/NavHostKt$NavHost$lambda$69$lambda$68$$inlined$onDispose$1,2,8,25.0
72633d0e8ce48166,androidx/compose/material3/DefaultSingleRowTopAppBarOverride$SingleRowTopAppBar$4$1,2,3,66.67
63d830c267f29618,androidx/compose/ui/text/style/LineHeightStyle$Companion,2,3,66.67
22b7d5b7642ff1da,androidx/work/impl/constraints/controllers/NetworkNotRoamingController,2,16,12.5
78d4d78b759579cb,kotlinx/coroutines/internal/ContextScope,2,3,66.67
50814cccd9e8a6ab,androidx/emoji2/text/DefaultEmojiCompatConfig$DefaultEmojiCompatConfigHelper,2,4,50.0
d24a9917e2552a18,coil3/network/internal/UNINITIALIZED,2,2,100.0
08a3f0cc55decea4,androidx/compose/ui/semantics/SemanticsProperties$HideFromAccessibility$1,2,4,50.0
a14ac1348ea34dca,androidx/savedstate/internal/SavedStateRegistryImpl$Companion,2,2,100.0
3377208dbf5a8f84,com/nononsenseapps/feeder/model/RssLocalSync$Companion,2,2,100.0
471cbd5faeb437c5,com/nononsenseapps/feeder/sync/SyncRestClient$Companion,2,2,100.0
ad309dc2a6e8d522,androidx/compose/material3/TooltipDefaults$rememberPlainTooltipPositionProvider$1$1,2,8,25.0
3b94a69d1a08c43a,androidx/window/core/ConsumerAdapter,2,37,5.41
1115b92900518b50,coil3/transition/Transition$Factory,2,2,100.0
1caf75d007b70d9e,androidx/compose/ui/text/font/FontListFontFamilyTypefaceAdapter$Companion,2,4,50.0
0e165f776d315f31,kotlin/reflect/jvm/internal/impl/descriptors/deserialization/AdditionalClassPartsProvider$None,2,10,20.0
5b79e96a27d616a3,androidx/compose/material3/InteractiveComponentSizeKt$MinimumInteractiveTopAlignmentLine$1,2,5,40.0
d9d332f0542a3c6e,kotlinx/coroutines/flow/AbstractFlow$collect$1,2,2,100.0
5d5e691b0145b668,androidx/collection/FloatSetKt,2,29,6.9
4d3aeaa7460882ff,androidx/compose/ui/internal/PlatformOptimizedCancellationException_jvmKt,2,2,100.0
0e9d3b96c4145273,kotlinx/serialization/descriptors/PrimitiveKind$STRING,2,2,100.0
c3a8534a572da4a0,kotlin/Result$Failure,2,9,22.22
e65c04fdc85ca97e,kotlinx/serialization/descriptors/StructureKind$MAP,2,2,100.0
5cf0c3c1dcee6052,androidx/compose/ui/layout/AlignmentLineKt$FirstBaseline$1,2,5,40.0
87ff6fee7826b3a2,androidx/core/view/RoundedCornerCompat,2,49,4.08
3faed20695529b61,androidx/compose/ui/platform/CompositionLocalsKt$LocalAutofill$1,2,4,50.0
4b65f9862f9bbee4,androidx/collection/SieveCacheKt,2,29,6.9
6524b1df9ae78d81,org/jsoup/parser/Token$Comment,2,8,25.0
e8593a9ea6c6d7bd,androidx/compose/ui/graphics/colorspace/Lab,2,108,1.85
5dd91ab5cfa04b1e,com/nononsenseapps/feeder/di/ArchModelModuleKt$archModelModule$lambda$0$$inlined$bindWithComposableViewModelScope$8,2,6,33.33
e432dbe29788cb8d,androidx/compose/runtime/snapshots/SnapshotStateList$Companion,2,3,66.67
af67eb52a21305ff,androidx/compose/ui/ComposedModifier,2,2,100.0
3c9ae556a76c9d7a,kotlinx/coroutines/flow/DistinctFlowImpl$collect$2$emit$1,2,2,100.0
e7da2b8a3c855320,com/nononsenseapps/feeder/db/room/FeedDao_Impl$3,2,59,3.39
953af5966f4a4be9,kotlinx/serialization/encoding/CompositeDecoder,2,15,13.33
5e68f0a90f9fe57a,androidx/compose/ui/platform/AndroidComposeViewTranslationCallback,2,8,25.0
ff424fa2422f96e4,androidx/room/RoomDatabase$Companion,2,2,100.0
91c487f1d2c560c3,androidx/compose/ui/ComposeUiFlags,2,15,13.33
b6076500b1626651,kotlin/collections/AbstractMap$Companion,2,16,12.5
11bbe8c007e89aa4,kotlin/reflect/jvm/internal/impl/types/FlexibleTypesKt,2,16,12.5
aef08496f19dffc7,androidx/compose/runtime/changelist/ComposerChangeListWriter$Companion,2,2,100.0
0979b822db6e0e67,okhttp3/internal/http2/PushObserver$Companion,2,2,100.0
1273f461d732b57d,androidx/compose/runtime/snapshots/ReaderKind,2,25,8.0
7f2d80e44bb0300a,androidx/compose/ui/platform/AndroidCompositionLocals_androidKt$LocalConfiguration$1,2,4,50.0
291e250d676c8f0a,androidx/activity/compose/PredictiveBackHandlerKt$PredictiveBackHandler$lambda$3$0$$inlined$onStopOrDispose$1,2,4,50.0
8733dbdf39a5813e,androidx/compose/material/ripple/RippleKt,2,53,3.77
ed4cf3473271e8f6,androidx/compose/foundation/lazy/staggeredgrid/LazyStaggeredGridState$remeasurementModifier$1,2,3,66.67
2a6ca29dd2dd5ebb,androidx/compose/ui/node/DepthSortedSetKt,2,2,100.0
315e94cb4e5eaf55,androidx/compose/ui/graphics/vector/PathNode$HorizontalTo,2,13,15.38
f30d968a75f574c0,androidx/compose/foundation/layout/Arrangement$SpaceBetween$1,2,9,22.22
44d1b6384d567b07,kotlinx/serialization/descriptors/PolymorphicKind$SEALED,2,2,100.0
e1f78c3d5b1fd237,kotlin/reflect/jvm/internal/impl/load/java/lazy/SingleModuleClassResolver,2,6,33.33
9bcb104013da7cbf,androidx/compose/ui/semantics/SemanticsProperties$LinkTestMarker$1,2,4,50.0
bbfd7344fe9552dc,androidx/compose/ui/text/font/GenericFontFamily,2,4,50.0
43f2b423e9617bbd,coil3/network/ConcurrentRequestStrategy,2,2,100.0
b1be260e3407c6ac,androidx/compose/ui/text/input/CursorAnchorInfoController$textFieldToRootTransform$1,2,4,50.0
d1869580b84fb969,androidx/compose/ui/node/LayoutAwareModifierNode,2,2,100.0
30b7a0056e8dbb11,com/nononsenseapps/feeder/model/AppSetting,2,2,100.0
86615bac676fdf92,kotlinx/coroutines/flow/StateFlowImpl$collect$1,2,2,100.0
6588a30c48b2cb05,coil3/ImageLoadersKt,2,5,40.0
41f3ac384bd76326,kotlin/Result$Companion,2,5,40.0
b72151c5d2f21128,kotlin/reflect/jvm/internal/impl/util/ArrayMap,2,3,66.67
c9840a3219201fd6,com/nononsenseapps/feeder/di/ArchModelModuleKt$archModelModule$lambda$0$$inlined$bindWithActivityViewModelScope$8,2,6,33.33
5bce8dd84406b753,androidx/compose/animation/core/AnimationVector3D,2,37,5.41
3fa974a08ac56481,androidx/compose/material3/ContentColorKt,2,2,100.0
daa1b7f4543c1c0c,kotlin/reflect/jvm/internal/impl/storage/SingleThreadValue,2,7,28.57
584f6186496cd5c8,androidx/compose/animation/LayoutModifierNodeWithPassThroughIntrinsics,2,6,33.33
a4ae6604362f91eb,androidx/paging/PagingDataEvent$Refresh,2,51,3.92
aa7ffa40c818bd57,com/nononsenseapps/feeder/di/ArchModelModuleKt$archModelModule$lambda$0$$inlined$bindWithComposableViewModelScope$2,2,6,33.33
c456b73186f410e4,kotlin/reflect/jvm/internal/impl/builtins/ReflectionTypes$Companion,2,8,25.0
93c2a7523f31cedb,androidx/compose/ui/layout/AlignmentLineKt$LastBaseline$1,2,5,40.0
2c3b8e006b0f6cb5,kotlin/reflect/jvm/internal/impl/renderer/ClassifierNamePolicy$SHORT,2,9,22.22
9b4a6eda8fa15fb8,com/nononsenseapps/feeder/ui/MainActivity$Companion,2,2,100.0
50b1b5c3551b75e5,androidx/compose/foundation/ComposeFoundationFlags,2,14,14.29
c811deccdf84cccf,org/kodein/di/DI,2,8,25.0
e22114f7a1507220,androidx/work/impl/DefaultRunnableScheduler,2,6,33.33
fc500be280543240,androidx/compose/foundation/FocusedBoundsObserverNode$TraverseKey,2,2,100.0
e77071b53b4a4827,kotlin/reflect/jvm/internal/impl/descriptors/Visibilities$PrivateToThis,2,3,66.67
10ade635ab31781d,kotlinx/coroutines/channels/BufferedChannel$receiveCatchingOnNoWaiterSuspend$1,2,3,66.67
4cb76c9814ded121,kotlinx/coroutines/flow/internal/SendingCollector,2,3,66.67
e3f706a4fac71a43,androidx/compose/ui/platform/CompositionLocalsKt$LocalHapticFeedback$1,2,4,50.0
d8f9995e479363ec,androidx/compose/ui/focus/FocusRequester$Companion,2,6,33.33
d2b310e0c2af6515,androidx/compose/foundation/lazy/staggeredgrid/LazyStaggeredGridMeasureResultKt$EmptyLazyStaggeredGridLayoutInfo$1,2,7,28.57
c88fcc2d77beb6f2,kotlin/reflect/jvm/internal/impl/resolve/scopes/MemberScope$Empty,2,5,40.0
ba9e87f3099e5101,kotlin/collections/AbstractMutableList,2,3,66.67
0a5a74cdaa3ad151,androidx/compose/runtime/CompositionContextKt,2,2,100.0
247ddbfd9acea34b,kotlinx/coroutines/ExecutorCoroutineDispatcher,2,2,100.0
2d578056b9ce72ca,androidx/compose/runtime/changelist/OperationsDebugStringFormattable,2,6,33.33
2c88dd15edd0fa4a,androidx/savedstate/Recreator$Companion,2,2,100.0
febcbff5fa155d57,androidx/compose/runtime/ParcelableSnapshotMutableState$Companion,2,3,66.67
e4c29397b70fc67a,okhttp3/internal/http2/Http2Stream$Companion,2,2,100.0
d8b30eaa9e830eb8,androidx/compose/ui/text/SaversKt$NonNullValueClassSaver$1,2,4,50.0
34588a143880a0ee,coil3/size/Dimension$Undefined,2,7,28.57
d2e156391fe65d14,androidx/compose/material3/ComposableSingletons$ScaffoldKt$lambda$-1514016380$1,2,11,18.18
1a45fd92b5ff941a,androidx/compose/ui/platform/CompositionLocalsKt$LocalInputModeManager$1,2,4,50.0
4e803a00e3bf3108,okhttp3/internal/http2/Http2Writer$Companion,2,2,100.0
2fedf20192810928,androidx/compose/material3/ComposableSingletons$ScaffoldKt$lambda$1582488484$1,2,11,18.18
7cee16b95b0a7708,androidx/compose/ui/platform/CompositionLocalsKt$LocalTextInputService$1,2,4,50.0
c7e5c23268cbab7c,okio/internal/ResourceFileSystem$Companion,2,11,18.18
3e80b3832829235d,androidx/compose/ui/graphics/vector/VectorProperty$Fill,2,2,100.0
f30ba6d368dc9b8d,kotlin/reflect/jvm/internal/impl/types/TypeParameterUpperBoundEraser$Companion,2,106,1.89
b3dbcc8d7fc6a619,coil3/network/UncoordinatedConcurrentRequestStrategy,2,2,100.0
05c54dff339f9d2a,kotlin/jvm/internal/PropertyReference0,2,8,25.0
802eb4984d205f00,androidx/navigation/NavController$onBackPressedCallback$1,2,3,66.67
ec081469a67d588a,okhttp3/Cache$Entry$Companion,2,2,100.0
d5ebab693eb786ab,kotlin/reflect/jvm/internal/impl/descriptors/Visibilities$Internal,2,2,100.0
141a8f15a0099da3,androidx/compose/ui/graphics/vector/VectorPainterKt$rememberVectorPainter$2$1$1$invoke$$inlined$onDispose$1,2,4,50.0
d1d524ef203213af,androidx/compose/foundation/layout/ColumnScopeInstance,2,14,14.29
3a121553b7853e6e,androidx/compose/ui/platform/AndroidComposeView$resendMotionEventRunnable$1,2,21,9.52
fc5e2854d449c6f0,kotlin/reflect/jvm/internal/impl/serialization/deserialization/ProtoContainer,2,6,33.33
5235e51ff97f88ea,androidx/lifecycle/viewmodel/CreationExtras$Empty,2,3,66.67
57d992d2d8b67b7c,androidx/compose/ui/graphics/layer/LayerSnapshotV28,2,3,66.67
1bad6b732d02bb1e,okhttp3/CertificatePinner$Companion,2,9,22.22
a849adb59ce43fdb,androidx/compose/ui/node/NodeCoordinator$Companion,2,4,50.0
7f77a4f38b7e563e,androidx/compose/ui/platform/AndroidCompositionLocals_androidKt$ProvideAndroidCompositionLocals$2$1$invoke$$inlined$onDispose$1,2,4,50.0
9fabce6ba073f77d,com/nononsenseapps/feeder/ui/MainActivity$AppContent$lambda$1$0$$inlined$onDispose$1,2,4,50.0
22ed1ecd120788fc,androidx/compose/ui/Modifier$Element,2,14,14.29
ec3f1fa88d2bd85b,androidx/navigationevent/NavigationEventDispatcher$Companion,2,2,100.0
72305c14cc53049e,androidx/compose/ui/platform/CompositionLocalsKt$LocalFocusManager$1,2,4,50.0
42a884728e962ebc,androidx/compose/ui/layout/RectRulersKt,2,4,50.0
75102d543a4904ff,androidx/compose/foundation/gestures/DraggableElement$Companion,2,3,66.67
d97b147cf6523dad,kotlin/jvm/internal/PropertyReference0Impl,2,7,28.57
a25f23498616e00f,androidx/compose/foundation/lazy/layout/LazyLayoutBeyondBoundsStateKt,2,32,6.25
765f9b9771bdbb6b,kotlin/reflect/jvm/internal/impl/util/ModuleVisibilityHelper$EMPTY,2,3,66.67
d9906a52c34257b3,kotlin/reflect/jvm/internal/impl/descriptors/Visibilities$Local,2,2,100.0
8344a1f27c8f790c,kotlin/reflect/jvm/internal/impl/resolve/scopes/InnerClassesScopeWrapper,2,28,7.14
1ac98d66bb888b1b,androidx/paging/PagingSource$LoadResult,2,2,100.0
73494f868afd51b6,kotlinx/coroutines/Active,2,3,66.67
2931f93ace061984,androidx/compose/foundation/gestures/ScrollableKt$UnityDensity$1,2,3,66.67
585177593b0dd39b,androidx/compose/ui/text/font/DefaultFontFamily,2,3,66.67
2bed10b5b32c8fdc,androidx/paging/PagingSource$LoadResult$Page$Companion,2,5,40.0
9b3727e99b1c2072,androidx/compose/ui/platform/AndroidFontResourceLoader,2,8,25.0
b594c6e6c7ebd323,coil3/RealImageLoaderKt$CoroutineScope$$inlined$CoroutineExceptionHandler$1,2,6,33.33
94c7908aaa098986,com/nononsenseapps/feeder/di/ArchModelModuleKt$archModelModule$lambda$0$$inlined$bindWithComposableViewModelScope$20,2,6,33.33
3c9dbe493428b139,androidx/lifecycle/viewmodel/internal/CanonicalName_jvmKt,2,3,66.67
e456bb6d6df5b518,coil3/memory/RealWeakMemoryCache$Companion,2,2,100.0
6d40145b3ff9613a,androidx/compose/foundation/layout/ComposeFoundationLayoutFlags,2,3,66.67
bcee77dea4bf086e,kotlin/reflect/jvm/internal/impl/descriptors/PackageFragmentProviderImpl,2,32,6.25
3c83c1f87c9c0603,kotlin/reflect/jvm/internal/impl/descriptors/Visibilities$Inherited,2,2,100.0
5865aa1a2a7e3ff7,coil3/RealImageLoader$execute$3,2,2,100.0
3d785bfc1de45366,kotlin/reflect/jvm/internal/impl/name/CallableId$Companion,2,2,100.0
4e9a084b40d10e10,androidx/navigation/NavDeepLink$Builder$Companion,2,24,8.33
54c5ec55954a25c1,kotlin/reflect/jvm/internal/calls/Caller$DefaultImpls,2,4,50.0
cd3074f7d98d8860,androidx/compose/ui/node/BackwardsCompatNodeKt$DetachedModifierLocalReadScope$1,2,2,100.0
6e81a89ac71b092a,com/nononsenseapps/feeder/db/room/RemoteReadMarkDao_Impl$1,2,15,13.33
02e478ea03c391f4,androidx/compose/ui/ModifierNodeDetachedCancellationException,2,2,100.0
55cb2de4cc271c32,androidx/work/impl/constraints/controllers/ConstraintController,2,39,5.13
625cc1dd9f553498,androidx/activity/result/ActivityResultRegistry$CallbackAndContract,2,4,50.0
de737b508acc87b8,androidx/compose/ui/platform/InfiniteAnimationPolicy$Key,2,2,100.0
e9cc6c709bab3674,androidx/compose/ui/text/font/Font$Companion,2,2,100.0
bf29d877814b2e70,androidx/compose/ui/node/LayoutModifierNodeCoordinator$Companion,2,3,66.67
85e9552c36a18e0f,androidx/compose/foundation/gestures/ScrollingLogic$nestedScrollScope$1,2,13,15.38
59ad3b06f5813f47,androidx/compose/ui/graphics/colorspace/Adaptation$Companion$Ciecat02$1,2,3,66.67
66772667a8148087,com/nononsenseapps/feeder/ui/compose/material3/SwipeableState$special$$inlined$filter$1,2,5,40.0
a58df66ae890b3f3,androidx/compose/foundation/FocusedBoundsObserverNode,2,9,22.22
2f2f6d36f5399fa5,okhttp3/internal/concurrent/TaskRunner$Companion,2,3,66.67
adfb4e679c55d74f,androidx/activity/result/ActivityResultRegistry$Companion,2,2,100.0
15885e3eae6e0d51,kotlin/reflect/jvm/internal/impl/load/java/components/JavaPropertyInitializerEvaluator$DoNothing,2,3,66.67
529c3de49fe4183a,kotlinx/serialization/modules/SerializersModule,2,10,20.0
10f134756bf327da,androidx/room/EntityUpsertAdapter$Companion,2,2,100.0
f05b28c3d7fb87cd,kotlinx/serialization/json/internal/AbstractJsonLexerKt,2,18,11.11
b02d5f905210d57c,com/nononsenseapps/feeder/model/FeedParser$Companion,2,2,100.0
04e706be6ea78429,androidx/paging/PagingData$1,2,4,50.0
e86a9b81b77d8c77,androidx/compose/ui/graphics/vector/PathNode$Close,2,2,100.0
107846da0b44150d,coil3/size/Size$Companion,2,2,100.0
f4a4e9230a4edf31,androidx/sqlite/driver/SupportSQLiteStatement$RowSQLiteStatement$Companion,2,13,15.38
f82bc8cf777c4f66,androidx/activity/compose/BackHandlerKt$BackHandler$lambda$4$0$$inlined$onDispose$1,2,4,50.0
5f89cc908c9436af,androidx/emoji2/text/EmojiCompat$CompatInternal$1,2,3,66.67
1f1e104bdfcf79be,androidx/compose/ui/layout/HorizontalAlignmentLine,2,2,100.0
3684d283de38d30c,androidx/compose/ui/semantics/ScrollAxisRange,2,10,20.0
f3ce1de4f5c9f2d6,kotlinx/serialization/internal/JsonInternalDependenciesKt,2,4,50.0
f7e0f6ebef7ee74b,okio/internal/SocketAsyncTimeout,2,15,13.33
b44671f4b8ad145a,kotlin/reflect/jvm/internal/impl/resolve/ExternalOverridabilityCondition$Contract,2,4,50.0
ce364ff71fe5b76f,com/nononsenseapps/feeder/notifications/NotificationsWorker$Companion,2,2,100.0
4f5e4b7bf915747b,androidx/compose/ui/semantics/SemanticsProperties$IsPopup$1,2,5,40.0
5d7b89320771fa63,kotlinx/coroutines/Job$Key,2,2,100.0
34e543e17f08416c,kotlin/reflect/jvm/internal/impl/renderer/ClassifierNamePolicy$FULLY_QUALIFIED,2,5,40.0
01f6507f2b63d383,androidx/compose/material/icons/Icons$Outlined,2,2,100.0
93719059150cbf52,androidx/activity/compose/PredictiveBackHandlerKt$PredictiveBackHandler$lambda$4$0$$inlined$onDispose$1,2,4,50.0
6e590e90f2befb00,okhttp3/internal/connection/RealConnectionPool$Companion,2,4,50.0
dcd506a957bee4be,com/nononsenseapps/feeder/localtranslation/BergamotModelManager$Companion,2,2,100.0
becb68fa0ddb3296,kotlin/reflect/jvm/internal/impl/descriptors/runtime/components/ReflectAnnotationSource,2,4,50.0
077692bcfd3fc18a,kotlinx/coroutines/CoroutineName,2,14,14.29
fb0707e038c60da0,androidx/compose/ui/node/ComposeUiNode$Companion$SetLayoutDirection$1,2,4,50.0
0fa211e1f8ae0f6e,okhttp3/internal/tls/BasicCertificateChainCleaner$Companion,2,2,100.0
7f5b4ab5f11acd7b,kotlin/collections/MapsKt___MapsKt,2,313,0.64
b0a162103cae078c,kotlin/reflect/jvm/internal/impl/descriptors/deserialization/PlatformDependentDeclarationFilter$NoPlatformDependent,2,6,33.33
fae256d1eb45ceed,androidx/compose/ui/geometry/MutableRect,2,152,1.32
54e720f904a31920,androidx/compose/foundation/lazy/staggeredgrid/LazyStaggeredGridLaneInfo$Companion,2,2,100.0
9af4738840eb4034,com/nononsenseapps/feeder/archmodel/SyncRemoteStore$Companion,2,2,100.0
220b48283e7cddf2,androidx/core/os/HandlerCompat,2,46,4.35
7a8fe018cf137c42,androidx/compose/ui/node/OwnerSnapshotObserver$onCommitAffectingLayoutModifierInLookahead$1,2,7,28.57
2d19d2be354ba30b,kotlin/reflect/jvm/internal/impl/renderer/DescriptorRendererOptionsImpl$defaultParameterValueRenderer$2,2,4,50.0
1fd40174d73a8071,androidx/compose/ui/text/intl/PlatformLocaleKt,2,2,100.0
1fb9b28fb9631da4,kotlin/reflect/jvm/internal/impl/metadata/jvm/deserialization/JvmNameResolverBase$Companion,2,2,100.0
2407d0d1292f57f8,kotlin/reflect/jvm/internal/calls/CallerImpl$Companion,2,2,100.0
61551779a916d53c,kotlinx/serialization/descriptors/SerialDescriptorKt,2,4,50.0
50e5240d78b42657,androidx/lifecycle/compose/LifecycleEffectKt$LifecycleStartEffectImpl$lambda$0$0$$inlined$onDispose$1,2,7,28.57
0c608f325888b1ca,coil3/disk/RealDiskCache$Companion,2,2,100.0
6caee27c2f856b4f,androidx/compose/material3/TooltipScopeImpl,2,8,25.0
6968dbe6fd9ee538,kotlinx/coroutines/flow/SharedFlowImpl$collect$1,2,2,100.0
7b7585f99204a6b6,com/nononsenseapps/feeder/di/ArchModelModuleKt$archModelModule$lambda$0$$inlined$bindWithComposableViewModelScope$11,2,6,33.33
9ae3731889250a99,com/nononsenseapps/feeder/sync/SyncRestClient$markAsRead$1,2,2,100.0
bdc0187548678799,androidx/compose/foundation/gestures/ScrollableContainerNode,2,5,40.0
00eebea56447b040,androidx/compose/animation/EnterTransitionImpl,2,2,100.0
8dc07f5f5777afb9,com/nononsenseapps/feeder/sync/SyncRestClient$safeBlock$1,2,2,100.0
66cdc0550aaf2665,kotlinx/coroutines/flow/FlowKt__ChannelsKt$emitAllImpl$1,2,2,100.0
e8c0d0912d149f1e,androidx/compose/foundation/layout/RowScope,2,4,50.0
bd98ad11645c1eb8,androidx/compose/ui/node/SortedSet,2,4,50.0
38f27715c64ca3c5,coil3/network/CacheStrategy$WriteResult$Companion,2,2,100.0
c6d4613576105b85,androidx/compose/ui/autofill/AutofillManager,2,2,100.0
ac9abc708674dceb,kotlin/coroutines/ContinuationInterceptor$Key,2,2,100.0
2d4acdf4bccd960d,androidx/compose/runtime/internal/ThreadMap,2,38,5.26
84f615a09b32a0f6,kotlin/reflect/jvm/internal/impl/storage/StorageKt,2,4,50.0
495d60862bac28e2,androidx/compose/ui/graphics/vector/VectorProperty$PathData,2,2,100.0
cb44d0205bb70a44,androidx/navigation/NavDeepLinkRequest,2,21,9.52
4caa728fbf594bc2,androidx/compose/ui/input/pointer/PointerInputChangeEventProducer,2,35,5.71
fcd269b8dd18e293,androidx/compose/ui/graphics/GraphicsLayerScopeKt,2,19,10.53
d372c1151608ae81,androidx/core/graphics/TypefaceCompatBaseImpl,2,83,2.41
62e1b183aa61b3f2,androidx/compose/runtime/ComposableSingletons$CompositionKt$lambda$1918065384$1,2,11,18.18
bf1d59f6683e442e,kotlinx/coroutines/internal/LimitedDispatcherKt,2,8,25.0
1e74d9041c6ab00f,org/jsoup/select/Evaluator$AttributeWithValue,2,8,25.0
db85448c4315d735,okhttp3/internal/http/RetryAndFollowUpInterceptor$Companion,2,2,100.0
d5f53efd5654b669,kotlin/UNINITIALIZED_VALUE,2,2,100.0
28cd41e65233d020,androidx/compose/ui/graphics/RectangleShapeKt,2,3,66.67
e72dc7ba222d2981,androidx/compose/foundation/layout/Arrangement$SpaceAround$1,2,9,22.22
08d12726c670e2c7,kotlin/reflect/jvm/internal/impl/serialization/deserialization/LocalClassifierTypeSettings$Default,2,3,66.67
2e359abc749b6b53,androidx/emoji2/text/EmojiCompatInitializer$BackgroundDefaultConfig,2,2,100.0
97a80edfc33d5108,okhttp3/internal/cache/CacheInterceptor$Companion,2,55,3.64
8c4b9308c0b354ba,androidx/navigation/compose/ComposeNavigator$Companion,2,2,100.0
4f4905405f631e3b,kotlinx/coroutines/CoroutineExceptionHandler$Key,2,2,100.0
bff70bf303111c44,androidx/compose/material3/InteractiveComponentSizeKt$MinimumInteractiveLeftAlignmentLine$1,2,5,40.0
54e93ac32d6aa813,kotlin/reflect/jvm/internal/impl/descriptors/Visibilities$Public,2,2,100.0
f4741166717c7f32,androidx/compose/foundation/FocusableNode$TraverseKey,2,2,100.0
aa9a5a6ecc49f7dc,kotlin/reflect/jvm/internal/impl/renderer/DescriptorRendererModifier$Companion,2,2,100.0
518ee14cd39b283d,androidx/compose/ui/graphics/Matrix$Companion,2,2,100.0
0a33b9cbd8bd202e,kotlin/reflect/jvm/internal/KPropertyImpl$Accessor,2,9,22.22
1449fa53be8edbfb,com/nononsenseapps/feeder/db/room/SyncRemoteDao_Impl$3,2,18,11.11
a47012b301bf1c09,com/nononsenseapps/feeder/di/ArchModelModuleKt$archModelModule$lambda$0$$inlined$bindWithComposableViewModelScope$14,2,6,33.33
dfbd961f6f6c8db7,androidx/compose/ui/layout/RectRulers$Companion,2,2,100.0
767b49138d00b911,androidx/compose/ui/hapticfeedback/PlatformHapticFeedback,2,30,6.67
74ffcc0af48ac7ff,androidx/room/RoomSQLiteQuery$Companion$copyFrom$1,2,8,25.0
bd7cbbc5131d3e2e,kotlinx/coroutines/channels/BufferedChannel$receiveCatching$1,2,3,66.67
7faf29745b640630,kotlinx/coroutines/CoroutineName$Key,2,2,100.0
565810d59b7c5641,coil3/svg/SvgDecoder$Companion,2,2,100.0
bf321d41598a1040,kotlinx/serialization/descriptors/StructureKind,2,2,100.0
48453b7620c6184e,androidx/compose/foundation/gestures/DraggableState,2,4,50.0
63145d38e4d9313d,okhttp3/EventListener$Companion,2,2,100.0
adc2e4f6070825dc,kotlin/reflect/jvm/internal/calls/CallerKt,2,2,100.0
d8be267c0048b571,okhttp3/CookieJar$Companion,2,2,100.0
2bea983b796586b2,androidx/core/view/ViewGroupKt,2,65,3.08
013eef9266b0a407,com/nononsenseapps/feeder/model/RssLocalSync$feedsToSync$1,2,2,100.0
05696b67ab012923,coil3/request/NullRequestData,2,7,28.57
bb4e54080109e278,androidx/compose/ui/text/SaversKt$ColorSaver$2,2,7,28.57
e72aa293be5bb7d9,com/nononsenseapps/feeder/archmodel/Repository$Companion,2,2,100.0
7e40acb53d2fc39d,kotlin/reflect/jvm/internal/impl/metadata/jvm/deserialization/JvmMetadataVersion$Companion,2,2,100.0
959475039d1b51df,androidx/work/impl/model/WorkProgressDao_Impl$3,2,2,100.0
e682fb1065e0d41e,androidx/room/coroutines/PassthroughConnectionPool$ConnectionElement$Key,2,2,100.0
c01cde857c186eee,androidx/compose/ui/semantics/SemanticsProperties$Text$1,2,9,22.22
f8d05f9d5473ff49,kotlin/reflect/jvm/internal/impl/resolve/scopes/GivenFunctionsMemberScope,2,85,2.35
8f7903440fd0af96,kotlin/reflect/jvm/internal/impl/load/java/typeEnhancement/JavaTypeEnhancement,2,171,1.17
7c2073fe72f091aa,androidx/compose/ui/layout/OuterPlacementScope,2,7,28.57
b34811c344f4eafa,kotlin/reflect/jvm/internal/impl/metadata/deserialization/BinaryVersion$Companion,2,2,100.0
ea1cfcac36604c59,androidx/activity/compose/internal/BackHandlerCompat$onBackPressedCallback$1,2,6,33.33
5702465901155cc3,kotlin/reflect/jvm/internal/impl/load/java/lazy/JavaResolverSettings$Default,2,6,33.33
97ac295c2231b056,com/nononsenseapps/feeder/archmodel/SettingsStore$Companion,2,2,100.0
a7fa5bd44bbfbb0d,androidx/compose/ui/graphics/layer/GraphicsLayer$Companion,2,2,100.0
accab6432252b473,androidx/compose/ui/platform/CompositionLocalsKt$LocalDensity$1,2,4,50.0
3fd90d5b007b3e3b,androidx/navigation/NavControllerKt__NavController_androidKt,2,12,16.67
65e33e678f6ef839,androidx/activity/ViewTreeFullyDrawnReporterOwner,2,11,18.18
c73e76ae67b25af1,kotlin/reflect/jvm/internal/impl/load/java/AbstractAnnotationTypeQualifierResolver$Companion,2,2,100.0
4a12319c14532305,kotlinx/coroutines/flow/FlowKt__EmittersKt$onCompletion$$inlined$unsafeFlow$1$1,2,2,100.0
ba2079dcf93cd61a,okhttp3/internal/http2/ErrorCode$Companion,2,10,20.0
82670542ed932669,androidx/compose/ui/platform/AndroidComposeViewAccessibilityDelegateCompat$Companion,2,2,100.0
fd33bc9e0dea80a5,androidx/sqlite/db/framework/FrameworkSQLiteOpenHelper$Companion,2,2,100.0
3c67b8ead9e5106e,androidx/compose/runtime/SnapshotStateKt__SnapshotFlowKt$collectAsState$1$1$1,2,2,100.0
42b560f53660d92d,kotlin/reflect/jvm/internal/impl/resolve/scopes/DescriptorKindFilter$Companion$MaskToName,2,4,50.0
ef27a1fefed0dd4c,org/kodein/di/internal/DirectDIImpl,2,30,6.67
acd0d61ea3927414,coil3/intercept/RealInterceptorChain$proceed$1,2,2,100.0
e3d6c2acfd0c9102,okhttp3/internal/tls/CertificateChainCleaner,2,2,100.0
ba0cc5295d14ef4a,androidx/compose/material/icons/Icons$Filled,2,2,100.0
369253166f64a79b,coil3/network/okhttp/internal/CallsKt$await$2$2$onResponse$1,2,4,50.0
a4f78f83d030f639,androidx/compose/ui/platform/CompositionLocalsKt$LocalTextToolbar$1,2,4,50.0
f0a3d455d409dd7c,okhttp3/TrailersSource,2,5,40.0
9d5ad0199382f360,okhttp3/internal/connection/ConnectPlan$Companion,2,2,100.0
7d78edcd70a6adb0,androidx/compose/material3/ContentColorKt$LocalContentColor$1,2,4,50.0
e02858e255ee8082,androidx/compose/ui/text/platform/SynchronizedObject,2,2,100.0
c66059f9905b426e,androidx/compose/foundation/lazy/staggeredgrid/LazyStaggeredGridSlots,2,4,50.0
bc75bd2d7102bdea,org/kodein/di/compose/LocalDIKt,2,4,50.0
414b709dc05afc34,kotlinx/serialization/descriptors/PrimitiveKind,2,2,100.0
c31b98eb3596c3a4,androidx/compose/ui/platform/AndroidAccessibilityManager$Companion,2,2,100.0
f3bdbf3e7ddbdc92,kotlin/reflect/jvm/internal/impl/types/checker/KotlinTypePreparator$Default,2,2,100.0
ac5a78c2ee1f175d,com/nononsenseapps/feeder/model/MediaImage$Companion,2,3,66.67
b363d2707de2d112,kotlin/reflect/jvm/internal/impl/load/java/lazy/descriptors/LazyJavaPackageScope$KotlinClassLookupResult$NotFound,2,2,100.0
bf2edeb5041b8869,okhttp3/internal/EmptyTags,2,8,25.0
de0193ff896c497c,kotlinx/coroutines/sync/SemaphoreAndMutexImpl$addAcquireToQueue$createNewSegment$1,2,4,50.0
f7b209c3df056c85,androidx/compose/foundation/gestures/AnchoredDragScope,2,4,50.0
6c213b57657d9ffd,kotlinx/coroutines/SupervisorJobImpl,2,2,100.0
f3189ab692a9f50f,androidx/navigation/internal/NavBackStackEntryStateImpl$Companion,2,2,100.0
5d233f8fee1f22bf,androidx/compose/material3/EnterAlwaysScrollBehavior$nestedScrollConnection$1,2,53,3.77
22508962410a2424,androidx/compose/ui/platform/AndroidUriHandler,2,6,33.33
364a9a31eb23a97a,androidx/compose/ui/semantics/SemanticsProperties$InvisibleToUser$1,2,4,50.0
653ce9c1d426b6ff,kotlinx/coroutines/flow/internal/SafeCollectorKt,2,3,66.67
2629f2a13e7484cb,com/nononsenseapps/feeder/contentprovider/RSSContentProvider$Companion,2,2,100.0
496fa66edcc33d8b,coil3/network/NetworkFetcher$doFetch$1,2,2,100.0
45dd96bb0ab6b79b,androidx/tracing/TraceApi18Impl,2,3,66.67
1ff5eee95b1aa45a,kotlin/reflect/jvm/internal/impl/load/java/lazy/TypeParameterResolver$EMPTY,2,3,66.67
a0021914c79f10d5,androidx/concurrent/futures/AbstractResolvableFuture$Listener,2,2,100.0
b98be9c4cbd015c2,androidx/compose/ui/platform/DelegatingSoftwareKeyboardController,2,5,40.0
151f1b963c815c62,com/nononsenseapps/feeder/ui/compose/feedarticle/FeedViewModel$special$$inlined$map$1$2$1,2,2,100.0
c3c6382444b23124,androidx/compose/ui/graphics/colorspace/Connector$Companion$identity$1,2,3,66.67
6d7543dc99219902,androidx/core/view/DisplayCompat,2,70,2.86
cc70c36c1b2e5abf,androidx/compose/runtime/ParcelableSnapshotMutableFloatState$Companion,2,3,66.67
3273cd85d7322654,androidx/compose/ui/semantics/CustomAccessibilityAction,2,12,16.67
b471164197737bd2,kotlin/reflect/jvm/internal/impl/builtins/jvm/JvmBuiltInClassDescriptorFactory$Companion,2,3,66.67
eaf062d2640d628c,androidx/activity/ActivityFlags,2,2,100.0
e61fbe2143f5f56f,com/nononsenseapps/feeder/di/ArchModelModuleKt$archModelModule$lambda$0$$inlined$bindWithActivityViewModelScope$5,2,6,33.33
13ff101520390d7a,kotlinx/coroutines/AwaitKt$joinAll$3,2,2,100.0
0a2d9746c780f42e,androidx/concurrent/futures/AbstractResolvableFuture$Waiter,2,9,22.22
2d6491d6f8764a0c,kotlin/reflect/jvm/internal/impl/resolve/jvm/CompositeSyntheticJavaPartsProvider,2,43,4.65
e4d90f320a04af20,androidx/compose/ui/text/font/AndroidFontResolveInterceptor_androidKt,2,2,100.0
4010466ccf1fa7b6,androidx/compose/ui/platform/ComposableSingletons$Wrapper_androidKt$lambda$-1759434350$1,2,11,18.18
57a151e426526ec2,androidx/compose/ui/text/intl/Locale,2,14,14.29
85cc0e2ddf753a42,coil3/transition/NoneTransition$Factory,2,2,100.0
617afb994022d41d,androidx/activity/ComponentActivity$Companion,2,2,100.0
73f07d89fd32fdae,com/nononsenseapps/feeder/util/ContextExtensionsKt,2,62,3.23
dc9402f8dfb86f33,kotlin/reflect/jvm/internal/impl/load/java/JavaClassFinder$$Util,2,4,50.0
4e4cbf66009c7f48,androidx/compose/runtime/external/kotlinx/collections/immutable/internal/EndOfChain,2,2,100.0
fb179b861bc935a7,androidx/compose/ui/node/LookaheadCapablePlaceable$Companion,2,2,100.0
d8e4e3ccf3a2678a,androidx/compose/ui/graphics/vector/VectorProperty$StrokeAlpha,2,2,100.0
d768a75fa6b55984,com/nononsenseapps/feeder/background/RssSyncJob$Companion,2,2,100.0
91a202546be1f710,com/nononsenseapps/feeder/db/room/FeedItemDaoKt$upsertFeedItems$1,2,2,100.0
50d7284286d7b14a,androidx/room/EntityInsertionAdapter,2,101,1.98
d0a49a31f1c33458,org/jsoup/nodes/Document$OutputSettings,2,28,7.14
56bba1dfb9166162,androidx/paging/PageFetcherSnapshot$doInitialLoad$1,2,2,100.0
b1c3760956521e8a,androidx/compose/material3/internal/DefaultPlatformTextStyle_androidKt,2,3,66.67
f09dd5431fc7150c,okhttp3/internal/http2/Header$Companion,2,2,100.0
b9a8b9d9292e2645,org/kodein/di/bindings/DIBinding,2,44,4.55
cd19af2e0502c810,androidx/compose/runtime/internal/Expect_jvmKt,2,2,100.0
48fe261e16b1f764,androidx/work/impl/constraints/trackers/StorageNotLowTracker,2,29,6.9
ec8b1e1b3748caee,androidx/window/core/Bounds$Companion,2,3,66.67
a528d0000ffd75eb,androidx/compose/foundation/AbstractClickableNode$TraverseKey,2,2,100.0
f9327b6d6b97e68e,androidx/paging/SingleRunner$Companion,2,2,100.0
68759ea61a37439a,kotlinx/coroutines/channels/SendChannel$DefaultImpls,2,9,22.22
66c82bf432921009,androidx/compose/animation/ColorVectorConverterKt,2,2,100.0
1c38bf10aa3006b7,androidx/compose/ui/text/ParagraphKt,2,87,2.3
d8813c9328ed034a,kotlinx/coroutines/AbstractTimeSourceKt,2,34,5.88
ca9c962a7e86ed86,androidx/compose/ui/layout/FixedScale,2,18,11.11
3f9047914e1039a7,kotlin/reflect/jvm/internal/impl/descriptors/runtime/structure/Java16SealedRecordLoader$Cache,2,5,40.0
d2e312918c352384,kotlin/reflect/jvm/internal/impl/util/EmptyArrayMap$iterator$1,2,5,40.0
7a6bf1a28805ec0a,androidx/compose/ui/graphics/vector/VectorProperty$Stroke,2,2,100.0
4d8b220d43f643b9,kotlin/reflect/jvm/internal/impl/descriptors/impl/ModuleAwareClassDescriptor,2,4,50.0
efd7423b6b5a297b,androidx/compose/ui/node/ComposeUiNode$Companion$VirtualConstructor$1,2,4,50.0
4b7b5a2228a7d625,androidx/compose/ui/SessionMutex,2,18,11.11
c51bdf20d3936642,kotlin/reflect/jvm/internal/impl/load/java/typeEnhancement/SignatureEnhancement,2,204,0.98
3c1b2f340132bdf6,kotlin/reflect/jvm/internal/impl/load/java/lazy/descriptors/LazyJavaClassDescriptor$Companion,2,2,100.0
535c1e86fef77cc1,kotlin/reflect/jvm/internal/impl/types/checker/KotlinTypeRefinerKt,2,9,22.22
bfabd3239ddbbeaa,okhttp3/internal/tls/OkHostnameVerifier,2,105,1.9
1015dcbd4559b9f5,com/nononsenseapps/feeder/util/FilePathProviderKt,2,2,100.0
2882dd08b8961d1b,androidx/lifecycle/viewmodel/CreationExtras$Companion,2,4,50.0
06a22dc34a0d117b,androidx/compose/foundation/layout/Arrangement$Vertical,2,4,50.0
2f74ae45a843b946,androidx/compose/runtime/RecomposeScopeImpl$Companion,2,36,5.56
9c123236d1a5afc7,kotlin/reflect/jvm/internal/impl/descriptors/impl/FieldDescriptorImpl,2,2,100.0
80c0bfe6b967160c,androidx/compose/ui/platform/InspectableValueKt$NoInspectorInfo$1,2,4,50.0
05ae19e0759d5987,okhttp3/internal/http/CallServerInterceptor$intercept$1,2,9,22.22
537ee8787e29b573,androidx/lifecycle/SavedStateViewModelFactory,2,73,2.74
3b8189f77f0ffd19,androidx/compose/runtime/tooling/CompositionErrorContextImpl,2,10,20.0
1602e131a040e71a,androidx/compose/foundation/gestures/AnchoredDraggableState$Companion,2,26,7.69
c74422592cf5b985,androidx/lifecycle/RepeatOnLifecycleKt,2,9,22.22
0fb02bc56a131e1a,kotlin/reflect/jvm/internal/impl/descriptors/impl/EmptyPackageFragmentDescriptor,2,4,50.0
f1ee02560ac7a9e8,kotlin/reflect/jvm/internal/impl/builtins/functions/FunctionClassKind$Companion,2,35,5.71
224ef42c25d9a310,androidx/collection/LongSetKt,2,29,6.9
d607c9372bc94455,androidx/compose/ui/platform/CompositionLocalsKt$LocalAccessibilityManager$1,2,4,50.0
bc747369ba78c5c8,androidx/compose/ui/text/SaversKt$ColorSaver$1,2,9,22.22
eb90f9fac16563e7,kotlinx/serialization/descriptors/PolymorphicKind,2,2,100.0
a8339dda61b8e4ae,androidx/compose/ui/platform/AndroidComposeView$configurationChangeObserver$1,2,4,50.0
5b43aa3fdb333b4f,org/kodein/di/internal/TypeChecker,2,2,100.0
6c22b3703372bd21,coil3/network/ConcurrentRequestStrategy$Companion,2,2,100.0
91246edb392d37d6,kotlinx/coroutines/flow/internal/CombineKt$combineInternal$2$1$1$emit$1,2,2,100.0
f52837e9b1988211,androidx/compose/ui/graphics/drawscope/DrawContextKt,2,2,100.0
a8ec410a2cf4d459,androidx/work/impl/constraints/trackers/BatteryNotLowTracker,2,28,7.14
6001310f01ed21ad,kotlin/coroutines/jvm/internal/CompletedContinuation,2,7,28.57
0fccaa151bfeaf69,androidx/compose/ui/platform/AndroidCompositionLocals_androidKt$LocalImageVectorCache$1,2,4,50.0
244e8935c3f3ffdc,androidx/compose/ui/semantics/SemanticsProperties$TraversalIndex$1,2,4,50.0
4b286ca38d3e3be3,androidx/room/util/DBUtil__DBUtil_androidKt$performSuspending$1,2,2,100.0
e1c709ee9c9125e3,kotlinx/coroutines/internal/Concurrent_commonKt,2,6,33.33
2f03b254c094ecaa,androidx/compose/ui/draganddrop/DragAndDropNode$Companion$DragAndDropTraversableKey,2,2,100.0
6006dd3e388494ca,kotlinx/coroutines/Unconfined,2,7,28.57
d539d355610f76e4,androidx/concurrent/futures/AbstractResolvableFuture$AtomicHelper,2,2,100.0
585c87e773187d2e,kotlin/properties/Delegates,2,7,28.57
080b264250f7af23,kotlin/collections/AbstractMutableMap,2,8,25.0
b939482a1af3da7d,com/nononsenseapps/feeder/ui/compose/material3/SwipeableState$Companion,2,8,25.0
7627f9f3d8a206de,kotlin/internal/PlatformImplementations,2,18,11.11
265bcedf8fc836f7,okio/Timeout$Companion$NONE$1,2,4,50.0
026715943e8038cc,androidx/compose/ui/graphics/Path$Companion,2,6,33.33
a9ffe937d0ae21a6,androidx/compose/runtime/MonotonicFrameClock,2,4,50.0
29da04db2c7610b4,androidx/compose/ui/node/ComposeUiNode$Companion$SetDensity$1,2,4,50.0
f61fcb3cd0b53c40,com/nononsenseapps/feeder/model/RssLocalSync$handleFeed$1,2,2,100.0
eba98c86043652c5,kotlin/coroutines/jvm/internal/RestrictedSuspendLambda,2,8,25.0
b264b6254fb91a1b,androidx/activity/ComponentActivity$activityResultRegistry$1,2,39,5.13
ff5fba72e063f4aa,androidx/compose/runtime/ProduceStateScopeImpl,2,27,7.41
13b730e9f04282f9,androidx/compose/runtime/BroadcastFrameClock$AtomicAwaitersCount$Companion,2,2,100.0
c27088ac2bdf70ea,androidx/compose/ui/platform/ViewLayer$Companion$getMatrix$1,2,5,40.0
6d61a5550b98f1a2,kotlin/SafePublicationLazyImpl$Companion,2,2,100.0
913611d6acac5e54,androidx/activity/EdgeToEdge$enableEdgeToEdge$1$2,2,4,50.0
255622d99a71afe7,androidx/compose/runtime/Composer,2,21,9.52
535c2ec56565cae7,androidx/compose/ui/text/input/TextInputServiceAndroid$onImeActionPerformed$1,2,4,50.0
b8adf0a24123fb0d,androidx/room/util/SQLiteStatementUtil__StatementUtil_androidKt,2,23,8.7
321f8cb8c951c5db,kotlinx/coroutines/flow/FlowKt__LimitKt$takeWhile$$inlined$unsafeFlow$1$1,2,2,100.0
f89f6f2ca3e4c668,kotlinx/coroutines/flow/internal/ChildCancelledException,2,3,66.67
b81c8ae4c51d65a5,kotlin/reflect/jvm/internal/impl/serialization/deserialization/SuspendFunctionTypeUtilKt,2,2,100.0
784092cc1ee7863c,androidx/compose/ui/platform/AndroidCompositionLocals_androidKt$obtainImageVectorCache$1$1$invoke$$inlined$onDispose$1,2,4,50.0
071881936eaaba78,androidx/compose/foundation/gestures/ScrollableContainerNode$TraverseKey,2,2,100.0
d2a8202bfbcc3b2f,kotlin/reflect/jvm/internal/impl/serialization/deserialization/ContractDeserializer$Companion$DEFAULT$1,2,2,100.0
f185e71fdbea3f10,kotlin/reflect/jvm/internal/impl/renderer/DescriptorRendererOptionsImpl$typeNormalizer$2,2,4,50.0
b5e33f4632d9aa1f,okhttp3/internal/connection/RealCall$timeout$1,2,3,66.67
7cd254d272c528a8,kotlin/collections/AbstractMutableSet,2,2,100.0
a7e1b8ad994bb473,androidx/work/InputMergerFactory,2,6,33.33
491bd560d56c3b95,kotlin/jvm/internal/AdaptedFunctionReference,2,37,5.41
87ef8accb559aafd,androidx/compose/ui/node/ComposeUiNode$Companion$SetViewConfiguration$1,2,4,50.0
458e50e74d1d8afa,androidx/compose/ui/text/ParagraphIntrinsicsKt,2,25,8.0
4021100d23ee4157,com/nononsenseapps/feeder/model/RssNotificationsKt$getItemsToNotify$1,2,2,100.0
c973cccc1a024d24,androidx/compose/ui/MotionDurationScale$Key,2,2,100.0
83f5852c79992ddf,com/nononsenseapps/feeder/model/PodcastPlayerStateHolder$Companion,2,2,100.0
3df7af1ccb7cab25,androidx/compose/runtime/internal/SnapshotThreadLocalKt,2,2,100.0
b2e207d8bb9abc65,kotlin/ULong$Companion,2,2,100.0
666f74e885a5e5e4,kotlinx/coroutines/channels/ReceiveCatching,2,2,100.0
166f3332b35e04eb,kotlin/reflect/jvm/internal/impl/load/kotlin/JavaFlexibleTypeDeserializer,2,8,25.0
62a032c057c2154c,androidx/lifecycle/ProcessLifecycleOwner$initializationListener$1,2,5,40.0
20482862b9698242,org/jsoup/select/Evaluator$Attribute,2,4,50.0
9470d69ae26dd385,com/squareup/moshi/_MoshiKotlinTypesExtensionsKt,2,20,10.0
6af3f22df7f0dc2a,kotlinx/coroutines/flow/SafeFlow,2,3,66.67
3906f5b886f67941,kotlin/enums/EnumEntriesKt,2,6,33.33
07ec9432bded7d25,androidx/compose/animation/core/Transition$animateTo$lambda$17$lambda$16$$inlined$onDispose$1,2,2,100.0
4b6b9c7408a0eca7,androidx/compose/ui/unit/DpSize$Companion,2,4,50.0
3dcbf17ee86fb7c4,androidx/collection/ObjectFloatMapKt,2,48,4.17
1a454084d13b98de,com/nononsenseapps/feeder/db/room/FeedItemDao$Companion,2,2,100.0
566943c5044502c6,androidx/compose/ui/layout/PinnableContainerKt,2,2,100.0
3fc7a62ac2f8e85a,okhttp3/internal/Tags,2,2,100.0
bff3788cb19a8580,androidx/compose/ui/semantics/SemanticsProperties$Shape$1,2,4,50.0
98e7e64f1a2c77e3,androidx/compose/ui/platform/CompositionLocalsKt$LocalPointerIconService$1,2,4,50.0
18e07ea2f183c4a9,androidx/compose/ui/unit/fontscaling/FontScaleConverterTable$Companion,2,15,13.33
2f586e4a9d504f29,com/nononsenseapps/feeder/sync/SyncRestClient$initialize$1,2,2,100.0
b888386979bccadb,androidx/compose/foundation/gestures/AnchoredDraggableKt$AnchoredDraggableLayoutInfoProvider$1,2,7,28.57
459fe42217206515,kotlin/collections/builders/ListBuilder$Companion,2,2,100.0
a271b6ed2919ae13,androidx/compose/ui/graphics/colorspace/Adaptation$Companion$Bradford$1,2,3,66.67
8554cd302b6e50ab,androidx/room/coroutines/FlowUtil$createFlow$$inlined$map$1$2$1,2,2,100.0
e8f59bb23b0d1bed,androidx/compose/foundation/lazy/layout/AndroidPrefetchScheduler$PrefetchRequestScopeImpl,2,9,22.22
7da248b6c7a5c11b,androidx/compose/ui/graphics/AndroidMatrixConversions_androidKt,2,4,50.0
4b16ecc15fbecbd3,kotlin/jvm/internal/Lambda,2,3,66.67
07e1875341b232bf,com/nononsenseapps/feeder/di/ArchModelModuleKt$archModelModule$lambda$0$$inlined$bindWithComposableViewModelScope$23,2,6,33.33
1cd7d1756cac12cb,androidx/compose/foundation/layout/WrapContentElement,2,21,9.52
2b975fb3f81e9ffc,androidx/paging/LoadStates$Companion,2,3,66.67
5c2a63379b3ad7ea,kotlin/reflect/jvm/internal/impl/types/checker/ClassicTypeCheckerStateKt,2,11,18.18
907d1d8291036f33,androidx/navigation/NavGraph$Companion,2,10,20.0
4c55a934606916d1,androidx/compose/ui/text/platform/DispatcherKt,2,2,100.0
aa8a67fd17b8c92f,androidx/compose/ui/platform/AndroidClipboard,2,6,33.33
dbb7093aa08ee1e7,androidx/lifecycle/ViewModelProvider$NewInstanceFactory$Companion,2,7,28.57
fe5d04b0b7c69ec7,androidx/activity/ViewTreeOnBackPressedDispatcherOwner,2,11,18.18
5641886f29bc247d,androidx/compose/ui/graphics/layer/GraphicsLayer$drawBlock$1,2,4,50.0
61dbd2e63752706c,kotlin/reflect/jvm/internal/impl/protobuf/SmallSortedMap$EmptySet$2,2,2,100.0
3d57faaa8af57910,kotlinx/coroutines/YieldContext,2,2,100.0
0f4b1a161a82bbfe,coil3/svg/Svg$Parser$Companion$DEFAULT$1,2,9,22.22
890e33cd13fcfd14,com/nononsenseapps/feeder/archmodel/Repository$applyRemoteReadMarks$1,2,2,100.0
8c9ffe30bf3b79b9,androidx/compose/runtime/external/kotlinx/collections/immutable/ExtensionsKt,2,270,0.74
89eb75f31ee276ce,com/nononsenseapps/feeder/ui/compose/settings/FontSelection$SystemDefault,2,18,11.11
5085043354a39420,androidx/work/impl/constraints/controllers/NetworkMeteredController,2,16,12.5
6302b8d579157680,com/nononsenseapps/feeder/archmodel/FeedStore$upsertFeed$1,2,2,100.0
7718d55f0f923991,androidx/navigation/NavGraphNavigator$Companion,2,2,100.0
3a873588aacdf194,coil3/network/internal/DefaultCacheStrategy$Companion,2,2,100.0
31f0b36f3ed4e810,androidx/compose/ui/platform/CompositionLocalsKt$LocalGraphicsContext$1,2,4,50.0
16e557c7e747b215,coil3/request/ImageRequest$Defaults$Companion,2,2,100.0
e3ea56137a4afbc5,androidx/paging/SingleRunner$runInIsolation$1,2,2,100.0
bbd4340d4306d857,kotlin/reflect/jvm/internal/impl/serialization/deserialization/FlexibleTypeDeserializer$ThrowException,2,4,50.0
816c5c5b8cdda570,androidx/compose/runtime/CancelledCoroutineContext$Key,2,2,100.0
a89e268214436ee7,okhttp3/internal/http2/PushObserver,2,2,100.0
dceae58b10a23d7f,androidx/compose/foundation/lazy/LazyListItemProviderKt$rememberLazyListItemProviderLambda$1$1,2,2,100.0
e02a0860d56e699b,androidx/compose/foundation/lazy/staggeredgrid/LazyStaggeredGridSpanProvider,2,15,13.33
d42a18e407fdfff9,kotlin/reflect/jvm/internal/impl/incremental/components/LookupTracker$DO_NOTHING,2,4,50.0
8f62dea633ac96bc,androidx/compose/animation/AnimatedContentKt$AnimatedContent$6$1$5$1$1$invoke$$inlined$onDispose$1,2,5,40.0
866305c58ada7d99,kotlinx/coroutines/flow/internal/NoOpContinuation,2,4,50.0
417e16f1686bab09,org/kodein/di/internal/DirectDIJVMImplKt,2,6,33.33
ea37fa35c9754d89,androidx/compose/ui/semantics/CollectionItemInfo,2,6,33.33
511fc68dee93ac04,okhttp3/Dns$Companion,2,2,100.0
6c8f53d9d0a6baf9,androidx/compose/runtime/internal/PlatformOptimizedCancellationException_jvmKt,2,2,100.0
18ffa09a921aff61,androidx/compose/ui/window/AndroidPopup_androidKt$LocalPopupTestTag$1,2,4,50.0
44e311420bbbab58,coil3/transition/Transition$Factory$Companion,2,2,100.0
bad428b382c905ed,org/jsoup/parser/Token$EOF,2,3,66.67
f38e7044737145fd,kotlin/reflect/jvm/internal/impl/serialization/deserialization/descriptors/NonEmptyDeserializedAnnotations,2,3,66.67
516fe9b4d2211fb0,androidx/core/view/WindowInsetsAnimationCompat$Callback,2,5,40.0
4ae324b72bc410c0,androidx/compose/ui/platform/AndroidCompositionLocals_androidKt$LocalResourceIdCache$1,2,4,50.0
179c5efae3799f6e,androidx/compose/ui/platform/CompositionLocalsKt$LocalClipboardManager$1,2,4,50.0
1d7437272c52d373,androidx/compose/ui/node/ObserverNodeOwnerScope$Companion$OnObserveReadsChanged$1,2,6,33.33
e379899ce4e51b75,kotlin/reflect/jvm/internal/impl/resolve/scopes/MemberScopeImpl,2,30,6.67
9889ca2e379b504a,androidx/compose/ui/graphics/colorspace/Lab$Companion,2,2,100.0
00757e90ac6f6708,androidx/compose/ui/platform/CompositionLocalsKt$LocalViewConfiguration$1,2,4,50.0
d54eb0ae7fd14fa3,kotlin/reflect/jvm/internal/CachesKt$CACHE_FOR_GENERIC_CLASSIFIERS$1,2,5,40.0
6b0a05f48d25d67f,org/kodein/di/bindings/DIBinding$Copier$Companion$invoke$1,2,4,50.0
7f2e159c7e470153,androidx/compose/foundation/layout/Arrangement$Horizontal,2,4,50.0
e01f17d0ae046c0d,androidx/compose/ui/layout/ScaleFactor$Companion,2,4,50.0
f81aa572456d6dcf,androidx/compose/ui/semantics/SemanticsProperties$TestTag$1,2,4,50.0
1a1f59f1758643b2,kotlin/reflect/jvm/internal/calls/CallerImpl$Method$Instance,2,7,28.57
2c694b0bba010886,kotlinx/coroutines/android/HandlerDispatcher,2,4,50.0
ad5b78ca59a859d0,com/nononsenseapps/feeder/util/ActivityLauncher$Companion,2,2,100.0
c0cefa1f1bb0148f,androidx/compose/ui/platform/AndroidCompositionLocals_androidKt$LocalContext$1,2,4,50.0
00e3e6c0e2af3285,kotlin/reflect/jvm/internal/impl/renderer/RenderingFormat$PLAIN,2,2,100.0
2e5329bea1911065,org/kodein/di/DIAware,2,6,33.33
239b90bb33465641,androidx/compose/ui/platform/CompositionLocalsKt$LocalLayoutDirection$1,2,4,50.0
74422b3e8538cc6d,kotlin/reflect/jvm/internal/impl/load/java/lazy/descriptors/LazyJavaStaticScope,2,6,33.33
286c06313d93c5e4,okhttp3/Dns,2,2,100.0
796f74fd095112f2,androidx/compose/animation/EnterExitTransitionKt$TransformOriginVectorConverter$1,2,4,50.0
9d4002e8216be8f4,androidx/compose/runtime/PausableMonotonicFrameClock$withFrameNanos$1,2,2,100.0
8d865a058435a58b,androidx/compose/ui/layout/NoOpSubcomposeSlotReusePolicy,2,4,50.0
174302ac247147d4,androidx/compose/ui/platform/AndroidComposeView$rotaryInputModifier$1,2,4,50.0
568f493be31ccafa,androidx/compose/ui/platform/WindowRecomposer_androidKt$getAnimationScaleFlowFor$1$1$contentObserver$1,2,3,66.67
350da6c4cdcaa86a,androidx/navigation/NavType$Companion,2,66,3.03
e4be90fb6002e22a,androidx/compose/foundation/lazy/layout/TraversablePrefetchStateNode,2,5,40.0
d7444d3669aa65b6,androidx/compose/ui/text/input/TextFieldValue$Companion,2,3,66.67
245f05dbef5078a5,androidx/compose/ui/graphics/drawscope/EmptyCanvas,2,26,7.69
a9b42582801cba52,okhttp3/internal/_NormalizeJvmKt,2,2,100.0
3baa386614fb214c,kotlin/reflect/jvm/internal/impl/descriptors/Visibilities$Unknown,2,2,100.0
1944765c996b600d,androidx/compose/foundation/lazy/LazyListStateKt$EmptyLazyListMeasureResult$1,2,7,28.57
1b1c44bc66512f8f,kotlinx/serialization/descriptors/StructureKind$CLASS,2,2,100.0
a660a3ce5bb4c89c,androidx/compose/ui/node/LayoutNode$NoIntrinsicsMeasurePolicy,2,14,14.29
ba7c60d5aa696648,androidx/compose/ui/graphics/drawscope/Fill,2,2,100.0
484bacc491fcc3ff,androidx/compose/runtime/ComposableSingletons$CompositionKt$lambda$954879418$1,2,11,18.18
6ba44ea4ec567fd8,kotlin/reflect/jvm/internal/impl/descriptors/runtime/components/RuntimeErrorReporter,2,6,33.33
f1e23e2817352e66,androidx/compose/ui/graphics/vector/PathNode$RelativeVerticalTo,2,13,15.38
2a9b411a8070dd6e,kotlin/reflect/jvm/internal/impl/load/java/ReportLevel$Companion,2,2,100.0
b7358f074544ebde,okhttp3/CookieJar,2,2,100.0
0ea39a247495f6a3,kotlin/reflect/jvm/internal/CachesKt$CACHE_FOR_BASE_CLASSIFIERS$1,2,5,40.0
372e71c48b0b1b59,androidx/compose/runtime/external/kotlinx/collections/immutable/internal/MutabilityOwnership,2,2,100.0
2c44770ffb97161c,androidx/compose/ui/graphics/colorspace/Adaptation$Companion$VonKries$1,2,3,66.67
2acbdbc936f5d13a,kotlin/internal/PlatformImplementationsKt,2,13,15.38
45acaba8e6965e5d,org/jsoup/select/CombiningEvaluator$And,2,15,13.33
93cda535d2abb286,kotlinx/serialization/descriptors/SerialKind$CONTEXTUAL,2,2,100.0
44bd8b3dd4e9cd83,com/nononsenseapps/feeder/sync/SyncRestClient$getFeeds$1,2,2,100.0
5d55067803136ed5,androidx/compose/ui/semantics/SemanticsProperties$PaneTitle$1,2,5,40.0
ac2f9fc1b98a7d6c,androidx/compose/ui/node/InnerNodeCoordinator$Companion,2,3,66.67
d83830804bd5b466,androidx/compose/ui/draganddrop/DragAndDropNode$Companion,2,2,100.0
de681eb68cacbb7d,androidx/compose/ui/layout/ComposableSingletons$SubcomposeLayoutKt$lambda$641200809$1,2,11,18.18
88e82ff32ba83ba2,coil3/memory/MemoryCacheService$Companion,2,2,100.0
c54307ae98848d49,androidx/compose/runtime/tooling/CompositionErrorContextImpl$Key,2,3,66.67
042ef83144d06fe6,coil3/util/AndroidSystemCallbacks$Companion,2,2,100.0
d979f4cf24011e87,androidx/compose/material/ContentAlphaKt,2,3,66.67
56b4fb8fc673fc72,androidx/compose/ui/platform/AndroidCompositionLocals_androidKt$obtainImageVectorCache$callbacks$1$1,2,7,28.57
9c9fc5424b5625cb,kotlinx/serialization/descriptors/PrimitiveKind$INT,2,2,100.0
f53ab3624cf67de0,com/nononsenseapps/feeder/archmodel/SyncRemoteStore$createDefaultSyncRemote$1,2,2,100.0
8cc1c578fffae10c,androidx/compose/ui/text/platform/EmojiCompatStatus_androidKt,2,2,100.0
c68768acfd8de4f0,androidx/compose/ui/semantics/SemanticsProperties$ContentType$1,2,4,50.0
f1ecd779fcf08d33,kotlin/KotlinVersion$Companion,2,2,100.0
72cbb80c95dc8841,coil3/EventListener$Companion,2,2,100.0
d42bff65743e2810,kotlinx/coroutines/sync/SemaphoreAndMutexImpl$tryResumeNextFromQueue$createNewSegment$1,2,4,50.0
223b0cda108d6908,androidx/room/paging/CommonLimitOffsetImpl$Companion,2,3,66.67
f5f23890ab541159,androidx/compose/foundation/lazy/layout/LazyLayoutBeyondBoundsModifierNode$Companion,2,2,100.0
ce2d5902218681db,androidx/arch/core/internal/SafeIterableMap$DescendingIterator,2,3,66.67
ba7eb7d0068c5c56,kotlin/coroutines/ContinuationKt,2,24,8.33
13616d406019c945,androidx/compose/ui/graphics/vector/VectorProperty$FillAlpha,2,2,100.0
f9e9f296a94275bd,com/nononsenseapps/feeder/db/room/FeedDao_Impl$1,2,58,3.45
a50a2c4c791567db,com/nononsenseapps/feeder/background/RssSyncJob$doWork$1,2,2,100.0
ca7122b39c8a23c6,kotlinx/coroutines/CancelHandler$UserSupplied,2,3,66.67
92047e00130e289c,kotlin/reflect/jvm/internal/impl/renderer/ClassifierNamePolicy$SOURCE_CODE_QUALIFIED,2,16,12.5
50b00eb14928c0be,kotlinx/coroutines/YieldContext$Key,2,2,100.0
11f3c0669a6a9c4d,androidx/compose/ui/graphics/AndroidGraphicsContext$1,2,8,25.0
0850c53531674bb0,kotlin/reflect/jvm/internal/impl/descriptors/impl/ValueParameterDescriptorImpl$Companion,2,7,28.57
8980f892e8708ed8,okhttp3/Authenticator$Companion,2,2,100.0
5d767d90aab6bd82,androidx/compose/ui/layout/AlignmentLine$Companion,2,2,100.0
ec72e29360b43983,kotlin/jvm/internal/StringCompanionObject,2,2,100.0
e0365c0ce7f14c29,kotlin/collections/ArrayDeque$Companion,2,2,100.0
a6d2e12dbb2d64cf,androidx/activity/result/contract/ActivityResultContracts$CreateDocument,2,18,11.11
8f0db67d1a065b5d,androidx/lifecycle/ViewModelProvider$AndroidViewModelFactory$Companion,2,7,28.57
22b6627a33424bba,kotlinx/coroutines/scheduling/TaskImpl,2,3,66.67
5c293d0c61021810,kotlin/reflect/jvm/internal/KPropertyImpl$Companion,2,3,66.67
e6e39c70e47b46be,androidx/compose/runtime/ScopeInvalidated,2,2,100.0
9d9521255992bd42,androidx/compose/ui/platform/CompositionLocalsKt$LocalFontFamilyResolver$1,2,4,50.0
eafb8af0b8b240d6,androidx/navigation/ActivityNavigator$Companion,2,16,12.5
90a5c6fb90525e78,androidx/compose/ui/graphics/vector/VectorProperty$TrimPathOffset,2,2,100.0
aa5c9fb4f5abf8c3,com/nononsenseapps/feeder/model/gofeed/GoFeedExtensionsKt$recursiveExtensionThumbnailCandidates$1,2,2,100.0
d69b09f77ac1fd2c,kotlin/reflect/jvm/internal/impl/serialization/deserialization/IncompatibleVersionErrorData,2,21,9.52
9665088eeed388be,androidx/core/view/ViewCompat$AccessibilityPaneVisibilityManager,2,40,5.0
3bed003bcfef2ca5,androidx/compose/ui/platform/NoHapticFeedback,2,3,66.67
71772ca84c260949,com/squareup/moshi/LinkedHashTreeMap$EntrySet,2,12,16.67
e5caa8fe9ae54f14,okhttp3/internal/cache/DiskLruCache$Companion,2,2,100.0
4b06b74cfa0c3e96,okhttp3/internal/cache/DiskLruCache$cleanupTask$1,2,24,8.33
cd16e35b4d96db03,androidx/compose/ui/platform/AndroidViewConfiguration,2,18,11.11
b6afd8a30df51b20,kotlinx/coroutines/DisposeOnCancel,2,3,66.67
790d8f588e6ec0dc,androidx/compose/ui/platform/AndroidCompositionLocals_androidKt$obtainResourceIdCache$callbacks$1$1,2,5,40.0
a5241a59ac47abc9,kotlinx/serialization/json/JsonSchemaCacheKt,2,3,66.67
9994a70fbf97b80d,okhttp3/internal/connection/RouteSelector$Companion,2,6,33.33
4a6ac7af8ab43e78,androidx/compose/runtime/collection/MutableVectorKt,2,36,5.56
209077caebd485a5,com/nononsenseapps/feeder/ui/compose/pullrefresh/PullRefreshNestedScrollConnection,2,43,4.65
a5793f4d56dfb5c5,com/squareup/moshi/internal/NullSafeJsonAdapter,2,10,20.0
c18f7137baec9360,androidx/compose/runtime/snapshots/MutableSnapshot$Companion,2,2,100.0
bd648e9b0dac6767,androidx/compose/animation/CrossfadeKt$Crossfade$5$1$invoke$$inlined$animateFloat$1,2,2,100.0
2022cca9ab487eff,com/nononsenseapps/feeder/model/RssLocalSync$syncFeeds$1,2,2,100.0
3e75bcba72e6a971,androidx/room/BaseRoomConnectionManager$Companion,2,2,100.0
a8a00146d1d0816a,kotlin/reflect/jvm/internal/impl/builtins/PrimitiveType$Companion,2,2,100.0
78a21590cfce9b9d,kotlin/reflect/jvm/internal/impl/descriptors/impl/AbstractReceiverParameterDescriptor,2,73,2.74
0e0614a1f355309d,okhttp3/internal/http2/Http2Stream$StreamTimeout,2,9,22.22
7dc8fb00158f8a3d,com/nononsenseapps/feeder/sync/SyncRestClient$getRead$1,2,2,100.0
d63c277b43feab30,androidx/compose/runtime/RememberedCoroutineScope$Companion,2,2,100.0
3c2066263d60bef5,kotlinx/coroutines/flow/internal/AbortFlowException,2,3,66.67
c482a4680d8fb4f6,androidx/compose/ui/graphics/vector/VectorProperty$StrokeLineWidth,2,2,100.0
959e2edddcecbe0f,androidx/compose/ui/node/OwnerSnapshotObserver$onCommitAffectingLayout$1,2,7,28.57
d2024fb485712167,androidx/compose/runtime/snapshots/ReaderKind$Companion,2,8,25.0
157cad957d54fc0d,androidx/compose/ui/graphics/vector/VectorComponent$invalidateCallback$1,2,4,50.0
6191cbff3bb72861,androidx/compose/ui/contentcapture/AndroidContentCaptureManager$Companion,2,2,100.0
60f5d6c1ee15e199,androidx/compose/foundation/lazy/LazyListBeyondBoundsState,2,16,12.5
93cfaee534e2700e,kotlinx/serialization/modules/SerialModuleImpl,2,65,3.08
b3749633700cac83,androidx/compose/ui/graphics/vector/PathComponent$pathMeasure$2,2,4,50.0
70d5aeec5ac71d35,com/nononsenseapps/feeder/archmodel/SyncRemoteStore$getSyncRemote$1,2,2,100.0
e66ea315c9a7f538,androidx/compose/ui/platform/InspectorValueInfo,2,8,25.0
3f5af06de0bbd663,androidx/compose/foundation/layout/Arrangement$Top$1,2,3,66.67
8d75ac47a818f0df,androidx/compose/ui/node/OwnerSnapshotObserver$onCommitAffectingLookahead$1,2,7,28.57
929db76e041c7817,com/nononsenseapps/feeder/ui/MainActivity$special$$inlined$instance$default$4,2,2,100.0
39380eb9a5368b4f,androidx/compose/ui/semantics/CollectionInfo,2,4,50.0
74c6cb343692b371,kotlin/reflect/jvm/internal/impl/metadata/jvm/deserialization/JvmMemberSignature,2,3,66.67
dbb563312f820d19,coil3/intercept/EngineInterceptor$intercept$1,2,2,100.0
d92f7c5c18a667fb,androidx/compose/foundation/gestures/ScrollableNestedScrollConnection,2,27,7.41
49c0f7b802204677,kotlin/reflect/jvm/internal/impl/builtins/jvm/JavaToKotlinClassMapper,2,36,5.56
df3f316c6fdc1bbe,kotlin/reflect/jvm/internal/impl/builtins/jvm/JvmBuiltInClassDescriptorFactory$1,2,11,18.18
b7bdeaa606a9e1f6,androidx/compose/ui/node/BackwardsCompatNodeKt$onDrawCacheReadsChanged$1,2,4,50.0
cf766c9086acff0f,kotlin/jvm/internal/ArrayIteratorKt,2,2,100.0
e58e6684b4cb6d9b,org/jsoup/parser/TokeniserState$2,2,2,100.0
90172dc18a458dce,androidx/compose/ui/graphics/vector/VectorProperty$TrimPathStart,2,2,100.0
930c80dad8c2d176,kotlinx/coroutines/flow/FlowKt__ReduceKt$first$3,2,2,100.0
b246a232bec194d3,com/nononsenseapps/feeder/model/RssLocalSync$syncFeeds$3,2,2,100.0
f74e36e0f97542ad,okhttp3/internal/http2/Http2Connection$Listener$Companion,2,2,100.0
068fadb132e80342,coil3/EventListener$Factory$Companion,2,2,100.0
9c1416f4194b090f,kotlin/reflect/jvm/internal/impl/load/java/ErasedOverridabilityCondition,2,42,4.76
a7e3179c076b4db2,com/nononsenseapps/feeder/ui/compose/feed/FeedScreenKt$FeedListContent$lambda$1$1$2$0$2$4$0$$inlined$onDispose$1,2,7,28.57
0af572c3e897ea07,androidx/compose/material/ContentColorKt,2,2,100.0
730ed50beed6127d,androidx/collection/LongObjectMapKt,2,48,4.17
06b3633cf18b6ebc,okhttp3/internal/platform/android/AndroidSocketAdapter$Companion$factory$1,2,6,33.33
a1fc59afbb84b96c,androidx/activity/compose/internal/BackHandlerCompat$navigationEventHandler$1,2,6,33.33
3fac0904fe8132ed,androidx/compose/ui/graphics/colorspace/ColorSpace$Companion,2,2,100.0
a79ed9a38a79ee9d,androidx/navigationevent/NavigationEventTransitionState$Companion,2,2,100.0
b29174aa658a3941,androidx/compose/ui/graphics/RectHelper_androidKt,2,7,28.57
e06868fc0158f2c8,androidx/compose/foundation/ProgressSemanticsKt,2,10,20.0
6d690188802557cd,org/kodein/type/JVMAbstractTypeToken$Companion$WrappingTest,2,2,100.0
a94eb161ad8d6eb1,kotlin/jvm/internal/FunctionReferenceImpl,2,6,33.33
15476aacc53ec1c8,kotlin/reflect/jvm/internal/impl/load/java/lazy/descriptors/LazyJavaStaticClassScope,2,99,2.02
43a621e4edf53495,androidx/paging/PagingDataEvent,2,2,100.0
1be6e9f91afa33d1,kotlinx/coroutines/flow/FlowKt__LimitKt$take$$inlined$unsafeFlow$1,2,20,10.0
e67f1e75c633c50c,com/nononsenseapps/feeder/di/ArchModelModuleKt$archModelModule$lambda$0$$inlined$bindWithComposableViewModelScope$5,2,6,33.33
d5fd00ae39033715,androidx/navigation/NavUriKt,2,2,100.0
cb6016fcdc837a56,androidx/room/RoomExternalOperationElement,2,7,28.57
2185b6a556cb5aa1,androidx/compose/runtime/DisposableEffectScope,2,4,50.0
0de8df5d185f71ba,androidx/activity/compose/BackHandlerKt$BackHandler$lambda$3$0$$inlined$onStopOrDispose$1,2,4,50.0
8e97c52824e2d40f,kotlin/reflect/jvm/internal/impl/load/kotlin/DeserializedDescriptorResolver$Companion,2,3,66.67
a98c851187ac506c,kotlin/reflect/jvm/internal/impl/load/java/lazy/LazyJavaAnnotationsKt,2,2,100.0
ffe971ecfacfefa3,androidx/compose/ui/MotionDurationScale,2,2,100.0
b7afa94b8d9c08fb,okhttp3/internal/connection/RealCall$CallReference,2,3,66.67
b6c8694c631f0710,coil3/size/SizeKt,2,4,50.0
7594e65508be40eb,kotlin/ranges/IntRange$Companion,2,3,66.67
bfca1ce2f5bb2d0b,coil3/intercept/EngineInterceptor$execute$1,2,2,100.0
e165f3343aa6936e,androidx/compose/ui/node/LookaheadCapablePlaceable$Companion$onCommitAffectingRuler$1,2,7,28.57
05323872a34cc593,kotlin/reflect/jvm/internal/impl/serialization/deserialization/AnnotationDeserializer,2,116,1.72
429a075353a7edcf,androidx/collection/IntIntMapKt,2,48,4.17
5c5feeda120b9b27,org/kodein/di/DI$Builder,2,80,2.5
83569906ed8b4c11,androidx/compose/ui/semantics/SemanticsProperties$IsDialog$1,2,5,40.0
56ca1c3f6076f14c,kotlinx/coroutines/flow/FlowKt__TransformKt$runningReduce$1$1$emit$1,2,2,100.0
6a7ce8a6e137583e,androidx/compose/ui/graphics/Brush$Companion,2,153,1.31
c372a0680074d880,com/nononsenseapps/feeder/background/FeederJobService$Companion,2,2,100.0
e93006ad802b73b1,androidx/compose/ui/graphics/AndroidGraphicsContext$Companion,2,4,50.0
cdbbe1c419b749cf,androidx/compose/animation/ExitTransitionImpl,2,2,100.0
05af42f8cd0c164b,androidx/compose/ui/input/key/KeyInputModifierKt,2,2,100.0
3c28f22b3fa02db5,okio/Segment$Companion,2,2,100.0
44857b06f21a11b9,kotlinx/serialization/descriptors/StructureKind$LIST,2,2,100.0
5806f76d1f386c60,kotlinx/serialization/encoding/CompositeDecoder$Companion,2,2,100.0
779c7777e20e7ed1,kotlin/reflect/jvm/internal/CachesKt$CACHE_FOR_NULLABLE_BASE_CLASSIFIERS$1,2,5,40.0
9ed54d8b6c57e34b,kotlinx/coroutines/internal/LockFreeLinkedListHead,2,11,18.18
322b802a87a6a9ef,coil3/Extras$Companion,2,2,100.0
66be0ac2e9b55983,com/nononsenseapps/feeder/di/ArchModelModuleKt$archModelModule$lambda$0$$inlined$bindWithComposableViewModelScope$17,2,6,33.33
62568a9ac69ab20a,androidx/compose/ui/layout/VerticalAlignmentLine,2,2,100.0
226295853f0034b8,androidx/compose/ui/platform/AndroidCompositionLocals_androidKt$obtainResourceIdCache$1$1$invoke$$inlined$onDispose$1,2,4,50.0
29f7e724b41426a0,androidx/compose/ui/graphics/Outline,2,2,100.0
e736eb7b24fb74c6,androidx/compose/ui/semantics/SemanticsPropertyKey$1,2,5,40.0
a2e8401fe04d7ec1,okhttp3/internal/connection/RoutePlanner,2,4,50.0
1ef591f99b4008ca,androidx/compose/ui/node/SemanticsModifierNode,2,3,66.67
35c785eefac61676,com/nononsenseapps/feeder/di/ArchModelModuleKt$archModelModule$lambda$0$$inlined$bindWithActivityViewModelScope$11,2,6,33.33
047de96165833405,androidx/lifecycle/LifecycleOwnerKt,2,2,100.0
345a6e3667450189,androidx/compose/foundation/IndicationKt,2,11,18.18
d83c4fdc19c3928e,androidx/navigation/compose/DialogNavigator$Companion,2,2,100.0
32ec850b98207374,okhttp3/Headers$Companion,2,10,20.0
4b5456d67959b86e,androidx/compose/runtime/ParcelableSnapshotMutableLongState$Companion,2,3,66.67
e741b3ef072bef67,coil3/network/CacheStrategy,2,2,100.0
0a2b50467ed6585d,androidx/compose/material3/internal/ParentSemanticsNodeKey,2,2,100.0
5850fc4179b16147,com/nononsenseapps/feeder/model/RssLocalSync$syncFeed$1,2,2,100.0
90280f347374d090,kotlin/reflect/jvm/internal/impl/serialization/deserialization/descriptors/DeserializedClassDescriptor$DeserializedClassMemberScope$generateFakeOverrides$1,2,9,22.22
f71f7813f52666d0,androidx/compose/ui/modifier/ProvidableModifierLocal,2,2,100.0
818e0f7af42f07d9,coil3/network/CacheStrategy$Companion,2,2,100.0
33bc8811d612d0a8,androidx/sqlite/db/SupportSQLiteOpenHelper$Callback$Companion,2,2,100.0
46f8732d2f3867cc,androidx/core/view/DisplayCutoutCompat,2,67,2.99
09e5638ff4680334,androidx/compose/ui/platform/CompositionLocalsKt$LocalAutofillTree$1,2,4,50.0
4f9b0521f60f0188,kotlinx/coroutines/scheduling/CoroutineScheduler$Companion,2,2,100.0
0fda286bb8f92209,kotlin/random/RandomKt,2,36,5.56
5a7d7ea10b2e72b9,kotlin/reflect/jvm/internal/impl/types/TypeSubstitution$Companion,2,2,100.0
e03441a0b413e8d6,androidx/compose/ui/semantics/SemanticsPropertiesKt$ActionPropertyKey$1,2,13,15.38
8925a0baba9dce59,androidx/activity/compose/ManagedActivityResultLauncher,2,6,33.33
8ef75bd3aead66d5,kotlinx/coroutines/flow/FlowKt__EmittersKt$onStart$$inlined$unsafeFlow$1$1,2,2,100.0
324978295df50ac8,kotlin/Unit,2,3,66.67
3ecf9d0f6d267388,androidx/compose/ui/platform/CompositionLocalsKt$LocalUriHandler$1,2,4,50.0
9783eea2b11b5548,androidx/paging/ViewportHint$Initial,2,16,12.5
9ec433ab1172219a,androidx/compose/foundation/lazy/LazyListState$prefetchScope$1,2,28,7.14
e70d9acb66f366a5,androidx/compose/runtime/ParcelableSnapshotMutableIntState$Companion,2,3,66.67
36275f4e040150f8,com/nononsenseapps/feeder/util/Either$Left,2,16,12.5
07cc9637404c6c2b,androidx/compose/ui/graphics/drawscope/DrawStyle,2,2,100.0
af0baaa65104691a,androidx/compose/ui/focus/FocusInteropUtils_androidKt,2,79,2.53
33c74a998d4729ad,androidx/compose/foundation/layout/Arrangement$SpaceEvenly$1,2,9,22.22
8241c999cd7d3b63,coil3/svg/Svg$Parser$Companion,2,2,100.0
b713c8826b9e69e9,kotlin/reflect/jvm/internal/impl/load/java/lazy/descriptors/LazyJavaPackageScope$KotlinClassLookupResult,2,2,100.0
c12548798c2ab88e,kotlin/collections/CollectionsKt___CollectionsJvmKt,2,68,2.94
2786703e93265a98,androidx/room/TransactionElement$Key,2,2,100.0
f315696bb851fc29,kotlin/reflect/jvm/internal/impl/load/kotlin/JavaClassDataFinder,2,12,16.67
bee9df2e27ebb83d,coil3/intercept/EngineInterceptor$fetch$1,2,2,100.0
0c9240f2ba86c8fa,androidx/lifecycle/compose/LifecycleStartStopEffectScope,2,5,40.0
8555a5fc46ba780e,androidx/paging/PageFetcher$PagerUiReceiver,2,4,50.0
eaddaca24915b157,com/nononsenseapps/feeder/sync/InstantAdapter,2,5,40.0
7604720940757a38,kotlin/reflect/jvm/internal/impl/descriptors/Visibility,2,8,25.0
f59009fb4c360e1b,kotlin/reflect/jvm/internal/impl/renderer/DescriptorRenderer$ValueParametersHandler$DEFAULT,2,11,18.18
4029cd3c03c75082,org/kodein/di/SearchSpecs$NoDefinedTag,2,2,100.0
34f05efa8ff73ba3,androidx/navigation/internal/NavControllerImpl$Companion,2,2,100.0
3f7e643dece349c1,coil3/network/NetworkHeaders$Companion,2,2,100.0
ca49296e3523c866,kotlin/InitializedLazyImpl,2,4,50.0
caa95aa6576a991b,androidx/compose/ui/platform/CompositionLocalsKt$LocalSoftwareKeyboardController$1,2,4,50.0
fffb69b4e13da9eb,androidx/paging/CancelableChannelFlowKt,2,2,100.0
ee4cc7fb9b8d0ca5,androidx/compose/material3/ComposableSingletons$ScaffoldKt$lambda$-39202156$1,2,11,18.18
e68294de653149c7,androidx/emoji2/text/DefaultEmojiCompatConfig,2,3,66.67
5afc0d03791a5051,androidx/compose/ui/semantics/SemanticsProperties$ContentDescription$1,2,9,22.22
fa6e85ef35c9f4fc,androidx/compose/ui/draw/ClipKt,2,2,100.0
0b25402828e97d52,androidx/compose/ui/node/ModifierNodeElement,2,12,16.67
71e0efcf3684b613,kotlin/reflect/jvm/internal/impl/descriptors/annotations/Annotations$Companion$EMPTY$1,2,7,28.57
082e8eaa67b03ff0,coil3/network/okhttp/internal/CallFactoryNetworkClient$executeRequest$1,2,2,100.0
15ba14e28bc5b451,kotlinx/coroutines/flow/internal/ChannelFlowTransformLatest$flowCollect$3$1$emit$1,2,2,100.0
094d21c2ce429802,androidx/work/Configuration$Builder,2,17,11.76
58e7a2b15a75fef8,com/nononsenseapps/feeder/sync/URLAdapter,2,6,33.33
6124c21f0f91d249,androidx/lifecycle/ViewModelProvider$Factory$Companion,2,4,50.0
429e988d7e239ad7,com/nononsenseapps/feeder/model/TTSStateHolder$Companion,2,2,100.0
db7380211d999820,androidx/compose/ui/graphics/vector/VectorProperty$TrimPathEnd,2,2,100.0
23a8a5b5ffd826c6,kotlin/jvm/internal/FloatCompanionObject,2,14,14.29
01dd2927e327f4d2,kotlin/jvm/internal/IntCompanionObject,2,4,50.0
610e84b43310298b,kotlin/reflect/jvm/internal/impl/builtins/jvm/JvmBuiltInsPackageFragmentProvider$Companion,2,2,100.0
286f9d7f36913cae,kotlin/reflect/jvm/internal/JvmFunctionSignature,2,2,100.0
8f14cdaaa641bbcf,androidx/navigation/NavDeepLink$Companion,2,2,100.0
98754ed065556cc5,androidx/compose/ui/platform/InspectionModeKt,2,2,100.0
8dcf719b3848bb7c,androidx/compose/ui/geometry/RoundRect$Companion,2,4,50.0
2cc65c4f8999e675,androidx/compose/foundation/layout/RowColumnMeasurePolicy,2,4,50.0
260722565eefc5ca,androidx/compose/ui/graphics/AndroidColorSpace_androidKt,2,4,50.0
c00dd92baa2f2c7e,androidx/compose/ui/platform/CompositionLocalsKt$LocalWindowInfo$1,2,4,50.0
8b0f0500a4d2f55f,androidx/lifecycle/compose/FlowExtKt$collectAsStateWithLifecycle$1$1$1$1,2,2,100.0
4a9f0600f951ca4d,androidx/compose/animation/core/SeekableTransitionState$Companion,2,4,50.0
c3a5c939d4fb01e8,androidx/compose/ui/platform/AndroidCompositionLocals_androidKt$LocalView$1,2,4,50.0
8e4404f0ffe56af3,okio/Timeout$Companion,2,11,18.18
0247ccf748985994,kotlin/reflect/jvm/internal/impl/types/ClassifierBasedTypeConstructor,2,41,4.88
d41ec208577b1ea1,androidx/compose/foundation/gestures/DefaultScrollableState$scrollScope$1,2,10,20.0
2516f57b5a1f55ad,androidx/compose/ui/node/OwnerSnapshotObserver$onCommitAffectingLookaheadMeasure$1,2,7,28.57
5003da1d1f812a7a,androidx/compose/ui/semantics/AccessibilityAction,2,16,12.5
c54b10171632bc85,okhttp3/internal/platform/android/AndroidLogHandler,2,6,33.33
6af23e26c4f84fde,coil3/compose/AsyncImageModelEqualityDelegate$Companion,2,2,100.0
0f001f8ef4359b41,kotlin/reflect/jvm/internal/impl/load/java/AnnotationTypeQualifierResolver,2,40,5.0
49f60e53dabf3d1b,kotlin/reflect/jvm/internal/impl/load/java/lazy/descriptors/LazyJavaScope$properties$1,1,10,10.0
beaecfad30e0e1ef,com/nononsenseapps/feeder/archmodel/Repository$special$$inlined$instance$default$8,1,1,100.0
085986901c6432b1,androidx/compose/foundation/gestures/DraggableKt$NoOpOnDragStopped$1,1,6,16.67
9200d75078531d1e,org/jsoup/parser/TokeniserState$56,1,15,6.67
bf942120cfa85131,okhttp3/internal/platform/android/ConscryptSocketAdapter$Companion$factory$1,1,9,11.11
1268d884ad51478d,androidx/core/view/WindowInsetsCompat$Impl29,1,16,6.25
f0b0418013eba2ea,com/nononsenseapps/feeder/ui/compose/pullrefresh/PullRefreshKt$pullRefresh$2$1,1,3,33.33
7449c3bf77b3c072,kotlin/reflect/jvm/internal/impl/metadata/ProtoBuf$Contract$1,1,3,33.33
77cb96972fe14ef0,androidx/compose/ui/platform/BringIntoViewOnScreenResponderNode,1,10,10.0
2c4d0745226ea92b,kotlin/reflect/jvm/internal/impl/load/java/lazy/types/RawProjectionComputer,1,19,5.26
73bcd3d9f59f15a4,coil3/util/SystemCallbacksKt,1,1,100.0
65c8fa6dd2184dde,androidx/compose/ui/platform/AndroidComposeView$keyInputModifier$1,1,47,2.13
2e642ff1d7b3965c,androidx/compose/ui/node/LayoutNode$Companion$ErrorMeasurePolicy$1,1,4,25.0
3c2a80dcc62b3a5c,coil3/compose/AsyncImageModelEqualityDelegate$Companion$AllProperties$1,1,6,16.67
8f4436900e045754,kotlin/reflect/jvm/internal/impl/types/KotlinTypeFactory$simpleType$1,1,8,12.5
11547f9a2b14455c,kotlin/TuplesKt,1,5,20.0
9afb93e81a7a73ee,androidx/compose/ui/node/NodeCoordinator$Companion$SemanticsSource$1,1,12,8.33
f3e99ac653a79a00,com/nononsenseapps/feeder/ui/compose/feed/FeedScreenKt$FeedScreen$4$8$1,1,3,33.33
2ceebf89418f7262,com/nononsenseapps/feeder/di/ArchModelModuleKt$archModelModule$lambda$0$$inlined$bindWithComposableViewModelScope$9,1,1,100.0
ddc19a15b68a11d5,androidx/compose/ui/modifier/ModifierLocalModifierNode,1,75,1.33
5422305dfc0738e5,com/nononsenseapps/feeder/ui/MainActivityViewModel$special$$inlined$instance$default$1,1,1,100.0
4d3e5ffbd7c5859e,androidx/paging/PageFetcher$generateNewPagingSource$4,1,3,33.33
2a401149cf883429,kotlin/reflect/jvm/internal/impl/descriptors/DescriptorVisibilities$2,1,16,6.25
76e08a9e2227bee3,kotlinx/coroutines/DebugStringsKt,1,15,6.67
14bdb833637f0f4a,androidx/compose/foundation/lazy/layout/StickyItemsPlacement,1,1,100.0
07485cc3680a933a,kotlinx/coroutines/flow/FlowKt__LimitKt$dropWhile$1$1$emit$1,1,2,50.0
ce4c90657a29c4c7,com/nononsenseapps/feeder/model/RssNotificationsKt$notify$2$invokeSuspend$$inlined$instance$default$1,1,1,100.0
c7daff6d2e291647,kotlin/reflect/jvm/internal/impl/types/checker/KotlinTypePreparator$prepareType$1,1,7,14.29
f76447718aec3a24,com/nononsenseapps/feeder/ui/compose/feed/FeedScreenKt$FeedScreen$4$11$1,1,3,33.33
5f38f084dc497313,org/kodein/type/JVMAbstractTypeToken$Companion$needPTWorkaround$2$t1$1,1,1,100.0
fdf3fa8e573eb0aa,androidx/paging/PagingData$Companion$NOOP_UI_RECEIVER$1,1,3,33.33
49a47b07115c2315,androidx/compose/ui/node/NodeChain$sentinelHead$1,1,2,50.0
fa265835862f64c4,com/nononsenseapps/feeder/FeederApplication$di_delegate$lambda$0$$inlined$bind$default$11,1,1,100.0
215c523589b49bd8,com/nononsenseapps/feeder/ui/compose/feedarticle/FeedViewModel$special$$inlined$instance$default$3,1,1,100.0
ac0744a8af5526ff,org/jsoup/parser/TokeniserState$52,1,11,9.09
3c93ec99ea327b2d,com/nononsenseapps/feeder/FeederApplication$di_delegate$lambda$0$$inlined$bind$default$1,1,1,100.0
83ea9a625f1c478b,androidx/paging/PagingDataTransforms__PagingDataTransformsKt$map$$inlined$transform$1$2$1,1,2,50.0
5b4c8750d9c624e8,com/nononsenseapps/feeder/model/RssNotificationsKt$getItemsToNotify$$inlined$instance$default$2,1,1,100.0
e66cdb35440e986e,org/jsoup/parser/TokeniserState$42,1,10,10.0
b9123d6301d904d4,kotlin/reflect/jvm/internal/KClassImpl$Data$annotations$2,1,3,33.33
fb9dea51f39523d1,androidx/compose/runtime/PrimitiveSnapshotStateKt,1,3,33.33
e173c320ecabcf68,kotlin/reflect/jvm/internal/impl/builtins/KotlinBuiltIns$2,1,13,7.69
5ecee9fdf9c5ef64,com/nononsenseapps/feeder/di/ArchModelModuleKt$archModelModule$lambda$0$$inlined$bindWithComposableViewModelScope$16,1,1,100.0
2d9342c0ec84a24a,com/nononsenseapps/feeder/di/ArchModelModuleKt$archModelModule$lambda$0$$inlined$bind$default$10,1,1,100.0
61ac69ca8f512697,androidx/compose/ui/graphics/colorspace/Rgb$oetf$1,1,3,33.33
e10f89b0e5120c1c,androidx/work/impl/constraints/controllers/BatteryNotLowController,1,6,16.67
de884c6b5dffceab,coil3/RealImageLoaderKt$addServiceLoaderComponents$lambda$0$$inlined$sortedByDescending$1,1,5,20.0
ff97473799a2e0c0,androidx/compose/ui/input/nestedscroll/NestedScrollDispatcher$calculateNestedScrollScope$1,1,3,33.33
7a3c03c003d25be9,com/nononsenseapps/feeder/db/room/FeedItemDao_Impl$2,1,5,20.0
bc0344d4ec06b518,kotlinx/coroutines/flow/FlowKt__ReduceKt$first$$inlined$collectWhile$2$1,1,2,50.0
419a61b74a632b9f,kotlin/reflect/jvm/internal/impl/renderer/KeywordStringsGenerated,1,1,100.0
146691a646d322f2,androidx/compose/ui/modifier/ModifierLocalKt,1,1,100.0
f4296d41ef2cb7ac,org/jsoup/parser/HtmlTreeBuilderState$23,1,57,1.75
2a77af13269fa215,androidx/compose/foundation/internal/InlineClassHelperKt,1,26,3.85
5d8461de82291f80,androidx/compose/material3/internal/BasicTooltipKt$handleGestures$1,1,3,33.33
6eae27fa55b49d16,androidx/activity/EdgeToEdgeApi28,1,3,33.33
cac72b488dfa2e75,com/nononsenseapps/feeder/ui/compose/pullrefresh/PullRefreshKt$pullRefresh$2$2,1,8,12.5
9a5483972b05b0c0,androidx/compose/material3/internal/BasicTooltipKt$keyboardBehavior$2,1,16,6.25
028434effe422a3c,kotlin/reflect/jvm/internal/impl/types/AbstractTypeConstructor$supertypes$3$resultWithoutCycles$1,1,4,25.0
5f2ee25f9f27a040,androidx/compose/ui/layout/OnRemeasuredModifierKt,1,1,100.0
9aeae40ef1e0ad13,androidx/compose/ui/graphics/vector/VectorPainterKt$RenderVectorGroup$config$1,1,1,100.0
314de27fad761c59,kotlin/reflect/jvm/internal/impl/renderer/RenderingFormat$HTML,1,3,33.33
4adbc7c4f12f7e13,org/kodein/di/DirectDIBase,1,43,2.33
5a535b5d0daf4e97,coil3/map/AndroidUriMapper,1,3,33.33
cf677d89e8897850,kotlin/reflect/jvm/internal/impl/descriptors/annotations/Annotations,1,1,100.0
81755b0656a1eeec,com/nononsenseapps/feeder/di/ArchModelModuleKt$archModelModule$lambda$0$$inlined$bindWithActivityViewModelScope$1,1,1,100.0
3550e613dcc1edbd,com/nononsenseapps/feeder/di/ArchModelModuleKt$archModelModule$lambda$0$$inlined$bind$default$11,1,1,100.0
f790903a95fe306b,com/nononsenseapps/feeder/archmodel/FeedItemStore$special$$inlined$instance$default$5,1,1,100.0
e9033fdbff3e0ba2,coil3/EventListener$Companion$NONE$1,1,1,100.0
52fdc32c99858a18,kotlin/reflect/jvm/internal/impl/metadata/ProtoBuf$Visibility$1,1,3,33.33
fc3e18ae060d20d0,androidx/compose/ui/unit/LinearFontScaleConverter,1,14,7.14
08dcd3347266cbde,com/nononsenseapps/feeder/di/ArchModelModuleKt$archModelModule$lambda$0$$inlined$bind$default$1,1,1,100.0
6f1d6d90fe273ef8,kotlinx/coroutines/flow/internal/CombineKt,1,4,25.0
c4954a775432d885,com/nononsenseapps/feeder/background/RssSyncJobKt$runOnceRssSync$$inlined$instance$default$2,1,1,100.0
36887dd5646a4d61,org/jsoup/parser/TokeniserState$15,1,2,50.0
4bddd0192efc3767,androidx/compose/material3/RippleNodeFactory$create$colorProducer$1,1,2,50.0
45b8c2559dac9839,androidx/compose/ui/focus/FocusRequesterModifierKt,1,1,100.0
80f09a523ba8e382,coil3/fetch/ContentUriFetcher$Factory,1,5,20.0
eb0838804daa9ca9,androidx/compose/runtime/collection/ScatterSetWrapperKt,1,50,2.0
9cd9b40681086b46,org/jsoup/parser/TokeniserState$11,1,15,6.67
865bab119bbb7455,com/nononsenseapps/feeder/base/DIAwareComponentActivity$di_delegate$lambda$0$$inlined$bind$default$2,1,1,100.0
12f4594fcd288438,androidx/room/TriggerBasedInvalidationTracker$checkInvalidatedTables$1,1,2,50.0
3b06e106e12e799c,kotlin/reflect/jvm/internal/impl/builtins/PrimitiveType$typeFqName$2,1,3,33.33
569d10f8bc78b8ae,androidx/core/os/HandlerCompat$Api28Impl,1,4,25.0
6e40decec186f3b1,kotlin/LazyKt__LazyKt,1,4,25.0
486b7aadc0a3f0de,androidx/compose/material3/DefaultSingleRowTopAppBarOverride$SingleRowTopAppBar$appBarDragModifier$2$1,1,14,7.14
5376cac5debec5b3,androidx/compose/ui/focus/FocusChangedModifierKt,1,1,100.0
7c3a8fdb37b6c6e8,com/nononsenseapps/feeder/model/RssLocalSync$special$$inlined$instance$default$2,1,1,100.0
bbcb6f0ba70e5109,coil3/fetch/FileUriFetcher$Factory,1,4,25.0
8452179cc38d728b,kotlin/reflect/jvm/internal/KClassImpl$Data$sealedSubclasses$2,1,14,7.14
679964aed277f38d,androidx/paging/FlowExtKt$simpleRunningReduce$1$1$emit$1,1,2,50.0
73a9ed7e60b85cbc,androidx/compose/ui/modifier/ModifierLocalModifierNodeKt,1,32,3.12
e3d3583637138e2a,com/nononsenseapps/feeder/di/ArchModelModuleKt$archModelModule$lambda$0$$inlined$bind$default$5,1,1,100.0
1a98da48df693d59,com/nononsenseapps/feeder/ui/compose/feedarticle/FeedViewModel$special$$inlined$instance$default$8,1,1,100.0
9724da2d247d4b91,androidx/core/util/ObjectsCompat,1,13,7.69
d9969a4f5f479e79,org/jsoup/parser/TokeniserState$69,1,9,11.11
5f13b9484f212b93,kotlinx/coroutines/MainCoroutineDispatcher,1,12,8.33
d32088cc7559edbc,androidx/activity/result/contract/ActivityResultContract,1,2,50.0
2acd2e630bba0c0c,androidx/window/layout/util/DensityCompatHelper,1,1,100.0
11775ffbc4fec96d,com/nononsenseapps/feeder/model/RssLocalSync$special$$inlined$instance$default$1,1,1,100.0
d5bdcab006b71a9b,com/nononsenseapps/feeder/FeederApplication$di_delegate$lambda$0$$inlined$instance$1,1,1,100.0
48f9b68fb88bc5d9,com/nononsenseapps/feeder/di/ArchModelModuleKt$archModelModule$lambda$0$$inlined$bindWithComposableViewModelScope$22,1,1,100.0
95f8e4dadfe0ade8,kotlin/jvm/internal/Ref$BooleanRef,1,2,50.0
25cd4153dde57a49,com/nononsenseapps/feeder/archmodel/Repository$special$$inlined$flatMapLatest$1,1,13,7.69
f62560e6407595f0,kotlin/reflect/jvm/internal/impl/resolve/scopes/MemberScope,1,1,100.0
0ccf3cf0ff906cfd,com/nononsenseapps/feeder/FeederApplication$di_delegate$lambda$0$$inlined$singleton$default$11,1,1,100.0
7ba644f7878e9bbb,androidx/compose/ui/platform/AndroidCompositionLocals_androidKt$ProvideAndroidCompositionLocals$4,1,3,33.33
86cf9e1c23f07849,androidx/arch/core/internal/SafeIterableMap$SupportRemove,1,1,100.0
d8e610e1298ac2e2,com/squareup/moshi/StandardJsonAdapters$4,1,10,10.0
41d52ff35b30b663,com/nononsenseapps/feeder/di/ArchModelModuleKt$archModelModule$lambda$0$$inlined$bindFactory$default$2,1,1,100.0
518ff6a265456115,androidx/work/impl/model/WorkSpecDao_Impl$9,1,2,50.0
196387e7fae867e3,com/nononsenseapps/feeder/di/ArchModelModuleKt$archModelModule$lambda$0$$inlined$bindWithComposableViewModelScope$7,1,1,100.0
eea6c61f580f7325,kotlin/jvm/internal/MutablePropertyReference,1,3,33.33
3b4aac84bb218f77,androidx/window/layout/WindowInfoTracker,1,16,6.25
6bc1775dd8038707,org/jsoup/parser/TokeniserState$24,1,14,7.14
7a41994ec93aa9ac,com/nononsenseapps/feeder/base/DIAwareViewModelFactory$special$$inlined$instance$default$1,1,1,100.0
7e470096d3388e47,kotlin/reflect/jvm/internal/impl/load/java/lazy/ContextKt$childForClassOrPackage$1,1,3,33.33
1a0cce02ba01cdbd,kotlin/collections/IntIterator,1,4,25.0
4d46e7eba60b2f12,com/nononsenseapps/feeder/db/room/SyncDeviceDao_Impl,1,43,2.33
a50ba617a7aaa70d,com/nononsenseapps/feeder/archmodel/FontStore$special$$inlined$instance$default$2,1,1,100.0
fb53f5ba9143fc6b,org/jsoup/parser/HtmlTreeBuilderState$10,1,35,2.86
acf6323ae5d1b8df,org/jsoup/parser/TokeniserState$59,1,12,8.33
2e2270600a2217ae,kotlinx/coroutines/flow/SubscribedFlowCollector$onSubscription$1,1,2,50.0
7741935bf08b575e,kotlin/reflect/jvm/internal/impl/protobuf/AbstractMessageLite$Builder,1,4,25.0
46a4e51784108447,org/jsoup/parser/TokeniserState$18,1,2,50.0
8b5327b13049ff4c,kotlin/reflect/jvm/internal/KCallableImpl$_absentArguments$1,1,21,4.76
d9e2bd69f1617602,com/nononsenseapps/feeder/archmodel/Repository$special$$inlined$instance$default$9,1,1,100.0
32cd8f76ceb410e1,coil3/RealImageLoader_nonAppleKt,1,1,100.0
86d41ca8a4163d9c,com/nononsenseapps/feeder/FeederApplication$di_delegate$lambda$0$4$$inlined$instance$default$1,1,1,100.0
ced907ff8a0c60d3,com/nononsenseapps/feeder/archmodel/SyncRemoteStore$special$$inlined$instance$default$5,1,1,100.0
bd883f3be7c78177,org/jsoup/parser/TokeniserState$13,1,21,4.76
12ce20a107279140,androidx/compose/ui/platform/SubcompositionKt,1,2,50.0
d89979674809cdd5,com/nononsenseapps/feeder/ui/compose/material3/SwipeableStateKt$swipeable$5$1,1,7,14.29
58210c7150f5008b,com/nononsenseapps/feeder/FeederApplication$di_delegate$lambda$0$$inlined$instance$3,1,1,100.0
27d0f782935e4732,androidx/work/impl/model/SystemIdInfoDao_Impl$1,1,7,14.29
fdc73c630ec80b2d,com/nononsenseapps/feeder/db/room/RemoteReadMarkDao_Impl$2,1,5,20.0
71713f178b3f611a,androidx/room/TransactionElement,1,9,11.11
33eac87d5c82435b,kotlin/coroutines/jvm/internal/SpillingKt,1,1,100.0
e1db842ebe6b7fc5,androidx/compose/ui/platform/DisposableSaveableStateRegistry_androidKt$DisposableSaveableStateRegistry$1,1,6,16.67
79779a359fc0b8ed,com/nononsenseapps/feeder/FeederApplication$di_delegate$lambda$0$$inlined$singleton$default$14,1,1,100.0
5be59cfd786bdb07,androidx/compose/runtime/SnapshotLongState_androidKt,1,1,100.0
5800c6bf0fe515db,androidx/tracing/TraceApi29Impl,1,5,20.0
92eb37961f9b9e65,androidx/paging/CachedPageEventFlow$downstreamFlow$1$2$emit$1,1,2,50.0
10a449fb462e1bf9,androidx/savedstate/SavedStateWriterKt,1,1,100.0
9313dd03cda7c73d,androidx/paging/PageFetcherSnapshot$collectAsGenerationalViewportHints$3,1,9,11.11
fb8b4de4525080a1,kotlin/reflect/jvm/internal/impl/types/ErasureProjectionComputer,1,8,12.5
46fbbe484ba5f7a3,androidx/compose/foundation/gestures/DraggableKt$NoOpOnDragStarted$1,1,6,16.67
4189adeecb6643d8,androidx/compose/ui/platform/InfiniteAnimationPolicy,1,4,25.0
d2b15ce671701bfc,androidx/compose/animation/core/VectorizedFiniteAnimationSpec,1,5,20.0
bca81b9a8357c088,com/nononsenseapps/feeder/ui/compose/feedarticle/FeedViewModel$special$$inlined$instance$default$7,1,1,100.0
dad266780a5eb21a,com/nononsenseapps/feeder/di/ArchModelModuleKt$archModelModule$lambda$0$$inlined$bindWithComposableViewModelScope$1,1,1,100.0
a98611d5c30c5fb0,androidx/activity/compose/BackHandlerInfo,1,18,5.56
05b2c98a5841117a,com/nononsenseapps/feeder/base/DIAwareComponentActivity$di_delegate$lambda$0$$inlined$instance$1,1,1,100.0
4d754a8db6b4944f,androidx/paging/PagingData$Companion$NOOP_HINT_RECEIVER$1,1,2,50.0
1102b02db568f14e,kotlin/reflect/jvm/internal/impl/descriptors/DescriptorVisibility,1,5,20.0
a1170bf9e523aac7,androidx/work/impl/WorkDatabaseMigrations$4,1,2,50.0
ccab845a7e4cd3a8,kotlin/reflect/jvm/internal/impl/types/AbstractTypeRefiner,1,1,100.0
68af8e448b2d08e4,androidx/compose/ui/node/DelegatableNode,1,2,50.0
e01905b053149394,com/nononsenseapps/feeder/localtranslation/BergamotModelManager$special$$inlined$instance$default$1,1,1,100.0
bc2753ae5c5a16ef,androidx/work/impl/constraints/controllers/NetworkConnectedController,1,14,7.14
722c95b9a05982f3,androidx/compose/ui/platform/AndroidComposeViewAccessibilityDelegateCompat$onSendAccessibilityEvent$1,1,3,33.33
311754cfd08a7011,com/squareup/moshi/ClassJsonAdapter,1,28,3.57
380a8a2651674619,kotlin/collections/builders/AbstractMapBuilderEntrySet,1,8,12.5
f2e82bc9bb0fe77a,com/nononsenseapps/feeder/di/ArchModelModuleKt$archModelModule$lambda$0$$inlined$bindWithComposableViewModelScope$12,1,1,100.0
90094c4d15e88cf5,kotlinx/coroutines/flow/FlowKt__BuildersKt$flowOf$$inlined$unsafeFlow$1$1,1,2,50.0
86352111993e3b40,androidx/compose/ui/layout/ContentScale$Companion$FillBounds$1,1,9,11.11
302f052646c8569d,com/squareup/moshi/StandardJsonAdapters$5,1,6,16.67
367d5e7fef8fc2e9,kotlin/reflect/jvm/internal/impl/serialization/deserialization/descriptors/DeserializedClassDescriptor$sealedSubclasses$1,1,3,33.33
26633d40b97bc720,com/nononsenseapps/feeder/di/ArchModelModuleKt$archModelModule$lambda$0$$inlined$bind$default$7,1,1,100.0
b4d070b25da3fcb9,kotlin/reflect/jvm/internal/impl/descriptors/impl/DeclarationDescriptorVisitorEmptyBodies,1,16,6.25
ea956d16ec92ae6a,org/jsoup/parser/HtmlTreeBuilderState$21,1,17,5.88
70df820e5e404913,com/nononsenseapps/feeder/archmodel/Repository$currentArticle$2,1,8,12.5
26976121c9b06b92,coil3/util/Coroutines_nonJsCommonKt,1,1,100.0
f7fae78afda0884a,com/nononsenseapps/feeder/archmodel/FeedStore$special$$inlined$instance$default$1,1,1,100.0
9a4519e30730e136,com/nononsenseapps/feeder/FeederApplication$di_delegate$lambda$0$$inlined$bind$default$6,1,1,100.0
5640eacd04b99d97,kotlinx/serialization/json/internal/DescriptorSchemaCache$Key,1,1,100.0
31836fba312f4ab1,com/nononsenseapps/feeder/model/RssLocalSync$special$$inlined$instance$default$5,1,1,100.0
2e9b759502bd1c1f,androidx/compose/ui/platform/ViewRootForTest,1,1,100.0
e3bb764c819251d4,com/nononsenseapps/feeder/di/NetworkModuleKt$networkModule$lambda$0$$inlined$bind$default$5,1,1,100.0
05beb83add15252e,androidx/navigation/LongListNavType,1,49,2.04
96125adb7cdf55d6,androidx/navigation/BoolListNavType,1,49,2.04
99420825c24516e5,org/kodein/type/JVMAbstractTypeToken$Companion$needGATWorkaround$2$t2$1,1,1,100.0
31b9f7bb3d739ea8,androidx/compose/ui/input/pointer/PointerButtons,1,15,6.67
27631642c37b1780,kotlin/reflect/jvm/internal/impl/descriptors/impl/PackageViewDescriptorFactory,1,1,100.0
0d3ca3cdbaca31d8,com/nononsenseapps/feeder/di/NetworkModuleKt$networkModule$lambda$0$$inlined$bind$default$4,1,1,100.0
3f3254578dc00342,kotlin/reflect/jvm/internal/impl/types/SimpleType,1,14,7.14
e73583638cdd4d73,com/nononsenseapps/feeder/di/ArchModelModuleKt$archModelModule$lambda$0$$inlined$bindWithActivityViewModelScope$3,1,1,100.0
e8f23c0de9381bcc,com/nononsenseapps/feeder/di/ArchModelModuleKt$archModelModule$lambda$0$$inlined$bind$default$4,1,1,100.0
161704480c42d80d,coil3/util/DecoderServiceLoaderTarget,1,1,100.0
4ff34092bf71f601,com/squareup/moshi/RecordJsonAdapter,1,4,25.0
79457dce10ff1267,com/nononsenseapps/feeder/ui/MainActivity$special$$inlined$instance$default$1,1,1,100.0
efa8098896f236f3,kotlin/reflect/jvm/internal/KTypeImpl$arguments$2$1$type$1,1,19,5.26
222e0665cc600e06,androidx/room/coroutines/PassthroughConnection$usePrepared$1,1,2,50.0
4bca301b15d0a838,kotlinx/coroutines/flow/FlowKt__ReduceKt$firstOrNull$$inlined$collectWhile$2$1,1,2,50.0
e934733d33e64fd3,androidx/work/WorkerFactory$1,1,2,50.0
3f76068e53572c91,androidx/compose/runtime/ParcelableSnapshotMutableState$Companion$CREATOR$1,1,16,6.25
d1326dc894aace6f,kotlin/reflect/jvm/internal/impl/serialization/deserialization/descriptors/DeserializedMemberScope$OptimizedImplementation$typeAliasByName$1,1,4,25.0
6b9dada4cee34e9a,androidx/profileinstaller/ProfileInstallerInitializer$Handler28Impl,1,2,50.0
0373893d479beb95,kotlinx/coroutines/flow/internal/AbstractSharedFlowKt,1,1,100.0
b11642bea2e25700,com/squareup/moshi/StandardJsonAdapters$2,1,6,16.67
7b75946d83d7ea81,com/nononsenseapps/feeder/FeederApplication$di_delegate$lambda$0$$inlined$bind$default$16,1,1,100.0
d89662f9358de9b4,androidx/compose/foundation/FocusableNode$applySemantics$1,1,3,33.33
845125016cb8ebb1,androidx/compose/animation/AnimatedContentScopeImpl,1,3,33.33
30647abeca19e6aa,androidx/compose/material3/FloatingActionButtonElevationAnimatable$snapElevation$1,1,2,50.0
f2fdbad86790e9c5,com/nononsenseapps/feeder/background/CleanupOrphanedFilesJobKt$schedulePeriodicOrphanedFilesCleanup$$inlined$instance$default$1,1,1,100.0
a9e2dc2e5bfa2846,coil3/fetch/JarFileFetcher$Factory,1,5,20.0
5fca8e8d6e4ef98e,kotlin/reflect/jvm/internal/impl/load/kotlin/DeserializationComponentsForJavaKt$makeLazyJavaPackageFragmentProvider$javaResolverComponents$1,1,2,50.0
c062c41bd384b15e,org/jsoup/parser/TokeniserState$27,1,2,50.0
630695b5a3aaf3b7,kotlin/coroutines/ContinuationInterceptor,1,1,100.0
585912d6e53a2905,kotlin/reflect/jvm/internal/impl/descriptors/DescriptorVisibilities$10,1,2,50.0
1cf58338abb372c4,androidx/compose/animation/EnterExitTransitionKt$slideInVertically$2,1,6,16.67
7c5a71a4cf3de47d,org/jsoup/parser/TokeniserState$14,1,7,14.29
eaac6e2666e104d4,androidx/compose/foundation/AndroidEdgeEffectOverscrollEffect$pointerInputNode$1,1,3,33.33
434c40ed09f5ec94,com/nononsenseapps/feeder/sync/SyncRestClient$sendUpdatedFeeds$2,1,74,1.35
7606384a16d2be47,androidx/compose/ui/layout/OnGloballyPositionedModifierKt,1,1,100.0
c213649780b6e0ec,kotlinx/serialization/descriptors/SerialDescriptor,1,9,11.11
c7cd76c991d94632,coil3/fetch/DrawableFetcher$Factory,1,3,33.33
0584559561f71712,androidx/navigation/StringListNavType,1,49,2.04
6713685d3543bcf5,okhttp3/internal/connection/ConnectionListener$Companion$NONE$1,1,1,100.0
0ea3eb7b11531275,androidx/compose/ui/input/pointer/PointerIcon,1,1,100.0
17f5869c95f70261,kotlin/jvm/internal/Ref$ObjectRef,1,2,50.0
8b76882214b6d0e5,androidx/work/impl/model/WorkSpecDao_Impl$5,1,2,50.0
d6fa60c8e2cab3f3,okio/Buffer$UnsafeCursor,1,97,1.03
1178ae9a5cd8e429,com/nononsenseapps/feeder/FeederApplication$di_delegate$lambda$0$$inlined$bind$default$5,1,1,100.0
0bd2c56c2186c820,kotlin/reflect/jvm/internal/impl/load/java/lazy/descriptors/LazyJavaClassMemberScope$nestedClasses$1,1,29,3.45
41adc760bea11f72,androidx/compose/ui/layout/VerticalRuler$Companion$minOf$1,1,3,33.33
fbc82c5de098f012,androidx/activity/compose/PredictiveBackHandlerInfo,1,18,5.56
5fc95d13584d5db7,kotlin/reflect/jvm/internal/impl/load/java/Jsr305Settings$description$2,1,14,7.14
9ae3cce71048a16f,org/jsoup/parser/TokeniserState$48,1,10,10.0
32c56766c5195796,androidx/compose/foundation/text/modifiers/TextAnnotatedStringNodeKt,1,1,100.0
f82d77b40242eaeb,androidx/compose/ui/layout/ContentScale,1,1,100.0
7cdd4bfbf639662a,kotlin/jvm/internal/ReflectionFactory,1,30,3.33
82fd13e3a3377513,com/nononsenseapps/feeder/di/ArchModelModuleKt$archModelModule$lambda$0$$inlined$singleton$default$9,1,1,100.0
434f0cc4c5256de8,androidx/compose/foundation/AbstractClickableNode$focusableNode$1,1,3,33.33
d1bb96c9823d0203,kotlin/reflect/jvm/internal/impl/load/java/lazy/descriptors/LazyJavaClassMemberScope$constructors$1,1,32,3.12
0929a29eb224dede,androidx/compose/runtime/internal/PersistentCompositionLocalMapKt,1,5,20.0
fed4f232fcc2f774,org/kodein/di/internal/DIContainerBuilderImpl$OverrideMode$ALLOW_SILENT,1,3,33.33
4d4e6fe392a0975c,com/nononsenseapps/feeder/ui/compose/feed/FeedScreenKt$FeedScreen$4$7$1,1,3,33.33
024f3ba4aa34d48b,com/nononsenseapps/feeder/archmodel/FeedItemStore$getPagedFeedItemsRaw$$inlined$map$1$2$1,1,2,50.0
b589ee2794716886,androidx/compose/foundation/layout/Arrangement$Start$1,1,6,16.67
eb4f1dbbab6f5ac1,com/nononsenseapps/feeder/archmodel/Repository$special$$inlined$instance$default$10,1,1,100.0
6feb2123fe7057e3,androidx/compose/foundation/layout/Arrangement$Bottom$1,1,3,33.33
8da30557caf06568,org/jsoup/select/Nodes,1,80,1.25
35f275d6678d80c4,androidx/compose/animation/EnterExitTransitionModifierNode$sizeTransitionSpec$1,1,14,7.14
3e8a5612778cd87a,com/nononsenseapps/feeder/di/ArchModelModuleKt$archModelModule$lambda$0$$inlined$bindWithActivityViewModelScope$9,1,1,100.0
63f4f69e1a92287c,androidx/compose/ui/platform/coreshims/ViewCompatShims$Api29Impl,1,2,50.0
8655845b6ef1eb7a,org/jsoup/parser/TokeniserState$22,1,13,7.69
7424894c3b09e1f6,androidx/compose/animation/core/Motion,1,20,5.0
7f120eb4223e3400,com/nononsenseapps/feeder/ui/compose/feed/FeedScreenKt$FeedScreen$4$12$1,1,4,25.0
d1b1360c327c5265,coil3/compose/AsyncImageModelEqualityDelegate$Companion$Default$1,1,39,2.56
88152a5fc22fe7a1,androidx/navigation/compose/NavHostControllerKt,1,2,50.0
678196eb266870c6,androidx/compose/ui/layout/LayoutNodeSubcompositionsState$ApproachMeasureScopeImpl,1,26,3.85
ab7229eb0ef68baa,androidx/compose/material3/DelegatingThemeAwareRippleNode$attachNewRipple$calculateColor$1,1,14,7.14
e3c109e276359bd0,androidx/compose/ui/contentcapture/ContentCaptureManager,1,1,100.0
899ece17948bb4c4,androidx/compose/foundation/lazy/LazyLayoutSemanticStateKt,1,1,100.0
24bfc9ce70587aef,androidx/paging/CachedPagingDataKt$cachedIn$$inlined$map$1$2$1,1,2,50.0
800b0115a7b9017f,kotlin/reflect/jvm/internal/KClassImpl$Data$allMembers$2,1,3,33.33
1ee8a4942381de27,com/nononsenseapps/feeder/di/ArchModelModuleKt$archModelModule$lambda$0$$inlined$singleton$default$14,1,1,100.0
4d700291c411ac2c,androidx/compose/ui/layout/VerticalRuler$Companion$maxOf$1,1,3,33.33
02026501cac42a25,androidx/compose/foundation/FocusableNode$focusTargetNode$1,1,3,33.33
8d212f1be2d04701,com/nononsenseapps/feeder/background/RssSyncJobKt$schedulePeriodicRssSync$$inlined$instanceOrNull$default$1,1,1,100.0
f2aab0ae84f2a102,com/nononsenseapps/feeder/sync/SyncRestClient$getFeeds$2,1,45,2.22
cfecb7047116ae04,androidx/lifecycle/SavedStateHandleSupport$special$$inlined$Key$2,1,1,100.0
c40f68f589c9e2cc,androidx/paging/MulticastedPagingData$asPagingData$3,1,3,33.33
27e3a21747324ad7,com/nononsenseapps/feeder/di/ArchModelModuleKt$archModelModule$lambda$0$$inlined$bindWithComposableViewModelScope$4,1,1,100.0
e9087eee4bd2b420,com/nononsenseapps/feeder/ui/compose/feedarticle/FeedViewModel$special$$inlined$instance$default$6,1,1,100.0
8df5a318d2697490,androidx/compose/foundation/lazy/layout/StickyItemsPlacement$Companion$StickToTopPlacement$1,1,35,2.86
4d5bf171d6d322ef,coil3/fetch/BitmapFetcher$Factory,1,3,33.33
753144998990500d,com/squareup/moshi/StandardJsonAdapters$7,1,6,16.67
b5ee75c8eb090347,kotlin/ranges/ClosedFloatRange,1,36,2.78
262be5fac1192aa3,kotlin/reflect/jvm/internal/impl/types/TypeParameterErasureOptions,1,3,33.33
d8666d974b13d68f,kotlinx/serialization/internal/AbstractPolymorphicSerializer,1,46,2.17
549e65fdaaaff3bd,com/nononsenseapps/feeder/di/ArchModelModuleKt$archModelModule$lambda$0$$inlined$bindWithComposableViewModelScope$6,1,1,100.0
614e3bc4b7f1a50d,androidx/compose/ui/contentcapture/AndroidContentCaptureManager$boundsUpdatesEventLoop$1,1,2,50.0
8451f6a3c16dfb04,kotlinx/coroutines/StandaloneCoroutine,1,2,50.0
5d4c7f73ac130689,kotlin/reflect/jvm/internal/impl/storage/LockBasedStorageManager$4,1,5,20.0
032f2f4001e3a524,com/nononsenseapps/feeder/FeederApplication$di_delegate$lambda$0$$inlined$bind$default$19,1,1,100.0
2fbae065d6c191b4,androidx/room/coroutines/PassthroughConnection$transaction$1,1,2,50.0
3e9249a3d757c8ca,okhttp3/internal/http2/PushObserver$Companion$PushObserverCancel,1,6,16.67
39ef242d60bdd5c9,org/jsoup/select/Elements,1,197,0.51
6471b1c627673a10,kotlinx/serialization/json/internal/CreateMapForCacheKt,1,1,100.0
f6b664a6e91393c2,androidx/paging/SingleRunner$Holder$onFinish$1,1,2,50.0
880ff2762074f2df,com/nononsenseapps/feeder/di/ArchModelModuleKt$archModelModule$lambda$0$$inlined$bindWithComposableViewModelScope$18,1,1,100.0
8a3289e7e8b903ba,androidx/navigation/NavType$Companion$ReferenceType$1,1,17,5.88
ca0a390a2f54d4b2,androidx/compose/foundation/layout/WindowInsets,1,1,100.0
5ead691b755aca04,com/nononsenseapps/feeder/di/NetworkModuleKt$networkModule$lambda$0$$inlined$singleton$default$2,1,1,100.0
55f6354dd8071051,com/nononsenseapps/feeder/di/ArchModelModuleKt$archModelModule$lambda$0$$inlined$singleton$default$4,1,1,100.0
69371da3dcc500bc,kotlinx/coroutines/EventLoopImplBase$DelayedTaskQueue,1,1,100.0
406386e5b54e7b26,coil3/svg/Svg$Parser,1,1,100.0
fac341fe46a15573,org/jsoup/parser/TokeniserState$50,1,14,7.14
51e4a897ed48bccd,com/nononsenseapps/feeder/ui/MainActivity$special$$inlined$instance$default$5,1,1,100.0
7ed8d0ce1049d6a6,androidx/savedstate/internal/SynchronizedObject,1,1,100.0
e46849afc37047b5,androidx/emoji2/text/EmojiCompat$MetadataRepoLoaderCallback,1,1,100.0
d4bf275cca2710ca,com/nononsenseapps/feeder/ui/compose/feed/FeedScreenKt$FeedScreen$4$3$1,1,3,33.33
ed284c6097b5ffea,com/nononsenseapps/feeder/ui/compose/feed/FeedScreenKt$FeedScreen$4$2$1,1,3,33.33
5d0a0c4a3e028675,androidx/paging/CachedPageEventFlow$job$1$1$emit$1,1,2,50.0
7e8a939b06280205,com/nononsenseapps/feeder/di/ArchModelModuleKt$archModelModule$lambda$0$$inlined$bindWithActivityViewModelScope$10,1,1,100.0
bd75f2bc3193d71a,coil3/network/internal/SingleParameterLazyKt,1,1,100.0
6dd5b1332f15baa1,kotlin/jvm/internal/Ref$FloatRef,1,2,50.0
78a6f8e6087a2149,androidx/compose/foundation/gestures/AnchoredDraggableKt$NoOpDecayAnimationSpec$1,1,6,16.67
97c76298b0ca0ce3,androidx/compose/ui/text/font/FontFamilyKt,1,3,33.33
2146e94869fb2874,androidx/compose/runtime/internal/Thread_jvmKt,1,2,50.0
3357a3cb69159008,kotlin/reflect/jvm/internal/impl/types/checker/KotlinTypeRefiner,1,1,100.0
25fa00321500594a,com/nononsenseapps/feeder/di/ArchModelModuleKt$archModelModule$lambda$0$$inlined$singleton$default$7,1,1,100.0
5d15407ed887ec7d,androidx/compose/ui/graphics/colorspace/Rgb$eotf$1,1,3,33.33
5d3007d1ab7bb83e,androidx/compose/ui/text/input/TextInputServiceAndroid_androidKt,1,59,1.69
82783b90451a7549,androidx/compose/ui/text/font/PlatformResolveInterceptor$Companion$Default$1,1,1,100.0
30bf53a99ef0b45d,org/jsoup/parser/HtmlTreeBuilderState$12,1,38,2.63
0a62fb9334da4cea,androidx/compose/ui/platform/ViewCompositionStrategy$DisposeOnDetachedFromWindowOrReleasedFromPool$installFor$1,1,4,25.0
88f0bb356ba4f1a0,androidx/lifecycle/ViewModelProvider$OnRequeryFactory,1,2,50.0
8a4555d6fbd46d88,androidx/paging/CachedPagingDataKt$cachedIn$5,1,13,7.69
ba5195fe61bcc7c2,com/nononsenseapps/feeder/FeederApplication$di_delegate$lambda$0$$inlined$bind$default$22,1,1,100.0
78b0a002e8ac39ca,com/nononsenseapps/feeder/notifications/NotificationsWorker$special$$inlined$instance$default$2,1,1,100.0
01e43ee3a158b788,androidx/compose/ui/platform/InspectableModifier$End,1,1,100.0
27f389c3a635c1d8,kotlin/reflect/jvm/internal/impl/protobuf/WireFormat$FieldType$3,1,2,50.0
65bf5e6fe4ee96d9,kotlinx/coroutines/EventLoopKt,1,11,9.09
64663502b0fdc872,androidx/compose/ui/layout/SubcomposeLayoutKt$ReusedSlotId$1,1,2,50.0
cebe406c90cad7e7,kotlin/reflect/jvm/internal/impl/resolve/jvm/SyntheticJavaPartsProvider,1,1,100.0
d4c9ac041bba0977,coil3/size/SizeResolverKt,1,1,100.0
804118620773f551,com/nononsenseapps/feeder/FeederApplication$di_delegate$lambda$0$$inlined$singleton$default$1,1,1,100.0
e6b55719ccc7576d,androidx/paging/PageFetcherSnapshot$pageEventFlow$1$2$1$emit$1,1,2,50.0
f176f99293cc3123,com/nononsenseapps/feeder/base/DIAwareViewModelKt$bindWithComposableViewModelScope$$inlined$factory$1,1,1,100.0
dcff716406b86136,androidx/compose/runtime/external/kotlinx/collections/immutable/internal/CommonFunctionsKt,1,1,100.0
400f18d49b3b29c0,androidx/compose/material/ripple/Ripple_androidKt,1,18,5.56
8e92b1e34b451e10,androidx/compose/ui/text/platform/AndroidParagraphHelper_androidKt$NoopSpan$1,1,2,50.0
59e8573159afdd5c,com/nononsenseapps/feeder/ui/compose/material3/SwipeableState$processNewAnchors$1,1,2,50.0
a159f76b6ced90e6,org/jsoup/parser/TokeniserState$7,1,8,12.5
59c400652f62bc83,androidx/work/impl/model/WorkSpecDao_Impl$7,1,2,50.0
43fbe6d48d45a234,kotlin/reflect/jvm/internal/KProperty1Impl$delegateSource$1,1,3,33.33
0038cd3f7431b356,kotlin/reflect/jvm/internal/KTypeImpl$arguments$2$parameterizedTypeArguments$2,1,3,33.33
b91a94aeeb010cd1,androidx/compose/ui/platform/AndroidCompositionLocals_androidKt$ProvideAndroidCompositionLocals$1$1,1,3,33.33
bd5a02cda7845279,com/squareup/moshi/ArrayJsonAdapter,1,18,5.56
492eec66fa1f953d,org/jsoup/parser/TokeniserState$19,1,2,50.0
34fb55fe50cb5bbe,coil3/fetch/AssetUriFetcher$Factory,1,4,25.0
bf82dffc928d9871,androidx/paging/PageEvent$Insert$map$1,1,2,50.0
f55f3775c7e8af49,com/nononsenseapps/feeder/ui/CommonActivityViewModel$special$$inlined$instance$default$1,1,1,100.0
035dba2108743b9b,com/nononsenseapps/feeder/di/NetworkModuleKt$networkModule$lambda$0$$inlined$provider$3,1,1,100.0
8cf08ff81a66d3ce,kotlinx/coroutines/channels/ChannelsKt,1,70,1.43
49a897099f7ceb72,androidx/compose/ui/node/ComposeUiNode,1,1,100.0
d231f7690f4480a5,androidx/paging/FlattenedPageController$getStateAsEvents$1,1,2,50.0
be432b24163ee99f,androidx/paging/PageFetcher$generateNewPagingSource$1,1,2,50.0
8d41a68aeb40aa41,com/nononsenseapps/feeder/di/ArchModelModuleKt$archModelModule$lambda$0$$inlined$singleton$default$3,1,1,100.0
acb37b928d43f0a8,kotlin/reflect/jvm/internal/impl/protobuf/WireFormat$FieldType$4,1,2,50.0
933fed9a557bc110,androidx/core/app/NotificationManagerCompat$Api24Impl,1,3,33.33
4a0da82497a43f42,kotlin/reflect/jvm/internal/impl/descriptors/impl/AbstractTypeParameterDescriptor$1,1,3,33.33
210e459f9804f646,kotlinx/coroutines/flow/FlowKt__LimitKt$takeWhile$lambda$6$$inlined$collectWhile$1$1,1,2,50.0
aaa2962edfdec988,androidx/profileinstaller/ProfileVersion,1,5,20.0
da8fc5225467412b,kotlin/reflect/jvm/internal/impl/resolve/scopes/SubstitutingScope$_allDescriptors$2,1,3,33.33
e1bd1ae41faa8e11,androidx/compose/runtime/CompositionLocalMap,1,1,100.0
a5e2d86ca2557538,kotlin/reflect/jvm/internal/impl/serialization/deserialization/descriptors/DeserializedTypeParameterDescriptor$annotations$1,1,3,33.33
d2f6915813783a22,org/kodein/type/TypeToken,1,1,100.0
f9151910f9c25333,kotlin/reflect/jvm/internal/impl/descriptors/impl/AbstractClassDescriptor$1$1,1,12,8.33
b7be55df16223f40,kotlin/reflect/jvm/internal/impl/types/AbstractTypePreparator,1,1,100.0
9063ed32ed641b32,kotlin/reflect/jvm/internal/impl/builtins/jvm/JvmBuiltInsCustomizer$cloneableType$2,1,7,14.29
2b48ba491e36a43f,androidx/compose/foundation/gestures/ScrollableKt$NoOpScrollScope$1,1,2,50.0
993d1066cfd3adaf,com/nononsenseapps/feeder/contentprovider/RSSContentProvider$special$$inlined$instance$default$2,1,1,100.0
556e781da5196345,androidx/core/view/SoftwareKeyboardControllerCompat$Impl30,1,37,2.7
b1d35f128d4ae8ba,kotlin/reflect/jvm/internal/impl/renderer/DescriptorRendererImpl$functionTypeAnnotationsRenderer$2,1,3,33.33
8961111865da7697,androidx/compose/ui/text/font/PlatformTypefacesApi28,1,41,2.44
8a39eeeef4c1bb28,org/jsoup/parser/TokeniserState$21,1,6,16.67
e8aeebf8d5edddf6,kotlin/reflect/jvm/internal/impl/load/java/lazy/descriptors/LazyJavaClassDescriptor$moduleAnnotations$2,1,6,16.67
a33c92d657252d95,androidx/core/view/WindowInsetsCompat$BuilderImpl30,1,11,9.09
b59213ee91519c70,org/jsoup/parser/TokeniserState$66,1,14,7.14
016bf660d03d6c43,kotlin/reflect/jvm/internal/impl/protobuf/WireFormat$FieldType$2,1,2,50.0
4e45e7882f824d32,androidx/compose/ui/platform/AndroidUiFrameClock$withFrameNanos$2$1,1,3,33.33
11c7dad55e443eca,kotlin/reflect/jvm/internal/KCallableImpl$_typeParameters$1,1,9,11.11
e0b6ebe07382f375,coil3/decode/BitmapFactoryDecoder$Factory,1,11,9.09
56a327e1d830c2d7,androidx/compose/ui/layout/HorizontalRuler$Companion$maxOf$1,1,3,33.33
334e756a28bbe530,kotlin/reflect/jvm/internal/impl/builtins/jvm/JvmBuiltInClassDescriptorFactory$cloneable$2,1,7,14.29
8924922968b1d80e,androidx/compose/runtime/SnapshotLongStateKt__SnapshotLongStateKt,1,5,20.0
ade6557e8c9f9fb4,androidx/compose/ui/focus/FocusEventModifierNodeKt,1,90,1.11
8b9d8e5e7acd14b7,com/nononsenseapps/feeder/base/DIAwareComponentActivity$di_delegate$lambda$0$$inlined$provider$1,1,1,100.0
a38f26374a430445,androidx/compose/ui/layout/ContentScale$Companion$Inside$1,1,16,6.25
0c95fa69bdc4a0f3,androidx/paging/PageFetcherSnapshot$currentPagingState$1,1,2,50.0
985d2ae08f96f6e4,com/nononsenseapps/feeder/di/ArchModelModuleKt$archModelModule$lambda$0$$inlined$bindFactory$default$1,1,1,100.0
737dfe2c9680f007,androidx/compose/runtime/PrimitiveSnapshotStateKt__SnapshotFloatStateKt,1,5,20.0
2f669ee063a1f9ff,kotlin/reflect/jvm/internal/CacheByClass,1,1,100.0
daa8128cadaece6b,org/jsoup/nodes/TextNode,1,34,2.94
6cc08442314d9230,androidx/paging/PagingDataPresenter$presentNewList$1,1,2,50.0
8e709635d38b07cb,com/nononsenseapps/feeder/FeederApplication$newImageLoader$$inlined$instance$default$1,1,1,100.0
0b0e8cb214c09f57,com/nononsenseapps/feeder/ui/compose/feed/FeedScreenKt$FeedScreen$4$6$1,1,3,33.33
11e99f4f515ab3c4,org/jsoup/parser/TokeniserState$44,1,23,4.35
d4930ff85e21e90f,coil3/network/NetworkClientKt,1,2,50.0
699b9eeec8b19389,com/nononsenseapps/feeder/archmodel/Repository$special$$inlined$instance$default$3,1,1,100.0
57095b8a723ff2f3,com/nononsenseapps/feeder/background/FeederJobService$special$$inlined$instance$default$1,1,1,100.0
a620d156ea6ef14d,androidx/compose/ui/platform/AndroidComposeViewAccessibilityDelegateCompat$ComposeAccessibilityNodeProvider,1,18,5.56
f58151bc3d221549,com/nononsenseapps/feeder/FeederApplication$di_delegate$lambda$0$$inlined$bind$default$20,1,1,100.0
6236529cc2993e6b,androidx/compose/ui/layout/WindowInsetsRulers,1,1,100.0
27b4de58a2cef77c,kotlinx/serialization/modules/SerializersModuleBuildersKt,1,25,4.0
51caaaeb0b19fc5d,androidx/lifecycle/LifecycleCoroutineScope,1,7,14.29
9b31eaac06099bf1,org/jsoup/parser/TokeniserState$16,1,2,50.0
c7be63ef5d2ab501,androidx/compose/ui/layout/ContentScale$Companion$FillHeight$1,1,7,14.29
0e186cba83586d84,com/nononsenseapps/feeder/di/ArchModelModuleKt$archModelModule$lambda$0$$inlined$bind$default$2,1,1,100.0
484d7ad9838f9d9d,com/nononsenseapps/feeder/FeederApplication$di_delegate$lambda$0$$inlined$singleton$default$17,1,1,100.0
6f4340f128f88bc6,kotlin/reflect/jvm/internal/impl/load/java/lazy/descriptors/LazyJavaClassMemberScope$enumEntryIndex$1,1,17,5.88
106c110747c00a32,coil3/size/DimensionKt,1,5,20.0
1f639c1c0ff9c022,kotlin/coroutines/intrinsics/IntrinsicsKt__IntrinsicsKt,1,4,25.0
e930d906deaba232,androidx/compose/runtime/CompositionKt$ObservableCompositionServiceKey$1,1,1,100.0
84df5ce7662d12a4,androidx/core/graphics/TypefaceCompatApi31Impl,1,18,5.56
e72c9c34391aaeb0,com/nononsenseapps/feeder/FeederApplication$di_delegate$lambda$0$$inlined$bind$default$18,1,1,100.0
26b0c090159d1f01,androidx/compose/material3/TooltipKt$TooltipBox$3,1,46,2.17
8f3b38d38486ffab,androidx/compose/ui/layout/LayoutModifierKt,1,1,100.0
332c797b64b4e224,androidx/navigationevent/NavigationEventInfo,1,1,100.0
c6228586d80b9763,org/jsoup/parser/TokeniserState$53,1,17,5.88
fb08bbeb3ff473f0,com/nononsenseapps/feeder/di/ArchModelModuleKt$archModelModule$lambda$0$$inlined$bind$default$9,1,1,100.0
a9271d092e7756b0,com/nononsenseapps/feeder/FeederApplication$di_delegate$lambda$0$17$$inlined$instance$default$4,1,1,100.0
497ca26a9b6d5c88,kotlin/collections/ArraysUtilJVM,1,2,50.0
090603173fa4194f,androidx/window/layout/util/BoundsHelper,1,1,100.0
b39850f5d0705fe3,androidx/work/impl/WorkDatabaseMigrations$WorkMigration9To10,1,4,25.0
b55344e652782ecd,com/nononsenseapps/feeder/di/AndroidModuleKt$androidModule$lambda$0$$inlined$singleton$default$1,1,1,100.0
9c420b9f00225afa,com/nononsenseapps/feeder/ui/compose/feed/FeedScreenKt$FeedScreen$$inlined$instance$default$1,1,1,100.0
7f39a8da224718a3,com/nononsenseapps/feeder/archmodel/Repository$special$$inlined$instance$default$5,1,1,100.0
5d56efec19fea64d,kotlin/reflect/jvm/internal/impl/resolve/OverridingUtil$1,1,9,11.11
38ded5c48353835b,coil3/map/PathMapper,1,3,33.33
6aabb88310aeef9d,com/nononsenseapps/feeder/background/RssSyncJob$special$$inlined$instance$default$1,1,1,100.0
6c67918c4a797a8d,com/squareup/moshi/StandardJsonAdapters$6,1,14,7.14
655073eda699dd05,com/nononsenseapps/feeder/di/ArchModelModuleKt$archModelModule$lambda$0$$inlined$bindWithComposableViewModelScope$15,1,1,100.0
e56d6e19d538b37a,androidx/navigation/StringArrayNavType,1,39,2.56
82b26425ad4766ea,org/jsoup/nodes/Element$NodeList,1,3,33.33
b745ccc22a885c4d,com/nononsenseapps/feeder/FeederApplication$di_delegate$lambda$0$$inlined$singleton$default$3,1,1,100.0
485dfda777d0af63,androidx/compose/runtime/changelist/Operation$ObjectParameter,1,16,6.25
7d301562e43de123,kotlin/reflect/jvm/internal/impl/types/AbstractTypeConstructor$supertypes$3$resultWithoutCycles$2,1,4,25.0
b0bd46cce2b7398b,com/nononsenseapps/feeder/ui/NavigationDeepLinkViewModel$special$$inlined$instance$default$1,1,1,100.0
9525833035f6aead,coil3/map/FileMapper,1,3,33.33
9837f44ff2305313,androidx/work/impl/model/PreferenceDao_Impl$1,1,10,10.0
e4f47bce5b60c906,com/nononsenseapps/feeder/archmodel/Repository$special$$inlined$instance$default$7,1,1,100.0
6d3a979099048ec4,kotlin/reflect/jvm/internal/impl/types/TypeParameterUpperBoundEraser$erroneousErasedBound$2,1,3,33.33
73a232541bc9974f,kotlin/reflect/jvm/internal/impl/load/java/lazy/descriptors/LazyJavaScope$declaredFunctions$1,1,13,7.69
5669afb51126458c,kotlin/reflect/jvm/internal/impl/serialization/deserialization/ErrorReporter,1,1,100.0
e8e2c978b19d5d8b,com/squareup/moshi/LinkedHashTreeMap$1,1,3,33.33
9b79fbef3dd430de,org/jsoup/parser/TokeniserState$55,1,21,4.76
21467270aae43466,kotlinx/serialization/json/internal/StreamingJsonDecoder$DiscriminatorHolder,1,1,100.0
208dbfc302b8104d,kotlin/reflect/jvm/internal/impl/protobuf/WireFormat$FieldType$1,1,2,50.0
6ac5ea1d04f549ef,com/nononsenseapps/feeder/di/NetworkModuleKt$networkModule$lambda$0$$inlined$singleton$default$3,1,1,100.0
716931e9f33ffe78,com/nononsenseapps/feeder/FeederApplication$di_delegate$lambda$0$$inlined$bind$default$12,1,1,100.0
59d63ce272e35a1f,androidx/compose/animation/AnimatedContentKt$AnimatedContent$9,1,3,33.33
9a82ec4a4b4a3054,kotlin/reflect/jvm/internal/impl/load/java/lazy/descriptors/LazyJavaPackageFragment$partToFacade$2,1,13,7.69
778907e57beaa65b,com/nononsenseapps/feeder/di/ArchModelModuleKt$archModelModule$lambda$0$$inlined$singleton$default$10,1,1,100.0
f173c3a2566fc95e,kotlin/reflect/jvm/internal/impl/resolve/NonReportingOverrideStrategy,1,5,20.0
f028df5234fcb664,kotlinx/coroutines/scheduling/SchedulerTimeSource,1,1,100.0
20ee452a6d70a556,org/jsoup/helper/DataUtil$CharsetDoc,1,1,100.0
0bacea00691ba6a7,kotlin/reflect/jvm/internal/impl/serialization/deserialization/descriptors/DeserializedMemberScope$classifierNamesLazy$2,1,5,20.0
de97be797a3b14c5,org/jsoup/parser/TokeniserState$61,1,18,5.56
8a7557038484b7e6,com/nononsenseapps/feeder/base/DIAwareJobService$di_delegate$lambda$0$$inlined$bind$default$1,1,1,100.0
663a975d00167f52,com/nononsenseapps/feeder/di/ArchModelModuleKt$archModelModule$lambda$0$$inlined$bindWithActivityViewModelScope$12,1,1,100.0
c53cd181f1be8b2d,com/nononsenseapps/feeder/FeederApplication$di_delegate$lambda$0$$inlined$singleton$default$6,1,1,100.0
8a42cd0fdf38f65b,androidx/emoji2/text/ConcurrencyHelpers$Handler28Impl,1,2,50.0
137fcd62cf467f60,com/nononsenseapps/feeder/db/room/MigrationFrom24To25$special$$inlined$instance$default$1,1,1,100.0
28be5aa137ad2bf1,org/jsoup/parser/TokeniserState$31,1,14,7.14
b11968a73d630a96,androidx/compose/runtime/ParcelableSnapshotMutableLongState$Companion$CREATOR$1,1,5,20.0
027252fe7d4e63ac,androidx/work/impl/WorkDatabaseMigrations$2,1,5,20.0
0ceb7a2d5f66e7cf,androidx/compose/ui/text/AndroidTextStyle_androidKt,1,7,14.29
44baa127f82a53c5,okhttp3/internal/UnreadableResponseBody,1,8,12.5
4bcbfc99f5ac6c86,kotlin/reflect/jvm/internal/KMutableProperty1Impl$_setter$1,1,3,33.33
a8615b163046cdaa,kotlin/internal/jdk7/JDK7PlatformImplementations,1,16,6.25
4ebb7cc7a2e1fe00,com/nononsenseapps/feeder/base/DIAwareViewModel$special$$inlined$instance$default$1,1,1,100.0
8cff1f08f7deea99,androidx/lifecycle/ViewModelProvider$AndroidViewModelFactory$special$$inlined$Key$1,1,1,100.0
2f0c58f25ab5e38b,com/nononsenseapps/feeder/sync/SyncRestClient$special$$inlined$instance$default$2,1,1,100.0
1c8db9ccc06b6bfe,kotlin/reflect/jvm/internal/impl/descriptors/DescriptorVisibilities$12,1,2,50.0
e547e5ab3a527462,kotlin/text/CharsKt__CharKt,1,53,1.89
3caac5627840cf55,coil3/map/ResourceIntMapper,1,10,10.0
65540619bc7f11ec,coil3/network/okhttp/internal/CallFactoryNetworkClientKt$toRequest$1,1,2,50.0
3b529dbe2df865f2,com/nononsenseapps/feeder/base/DIAwareComponentActivity$di_delegate$lambda$0$$inlined$bind$default$1,1,1,100.0
ed7e842764b8c315,androidx/emoji2/text/EmojiCompat$DefaultSpanFactory,1,2,50.0
8dcbb64281daf4ae,org/jsoup/parser/TokeniserState$62,1,15,6.67
417a5a2d56662234,com/nononsenseapps/feeder/di/ArchModelModuleKt$archModelModule$lambda$0$$inlined$bind$default$8,1,1,100.0
321842225ad205ef,kotlin/reflect/jvm/internal/impl/descriptors/SourceElement,1,1,100.0
1deaf90bb46c5f86,kotlin/reflect/jvm/internal/impl/builtins/jvm/JvmBuiltInsCustomizer$createMockJavaIoSerializableType$superTypes$1,1,3,33.33
00168629124c1b7c,com/nononsenseapps/feeder/FeederApplication$di_delegate$lambda$0$17$$inlined$instance$default$3,1,1,100.0
433c9313d5596a67,kotlin/reflect/jvm/internal/impl/types/TypeParameterUpperBoundEraser$getErasedUpperBound$1,1,4,25.0
52250bca43ba1540,androidx/navigation/NamedNavArgumentKt,1,1,100.0
da20a8dbe3ea7e0b,androidx/navigation/internal/SynchronizedObject,1,1,100.0
3c7faa182163f824,androidx/work/impl/WorkDatabaseMigrations$1,1,5,20.0
740cb39035a49d18,com/nononsenseapps/feeder/FeederApplication$di_delegate$lambda$0$$inlined$singleton$default$4,1,1,100.0
0d1b9cf00b74b5b3,androidx/compose/runtime/SnapshotIntState_androidKt,1,1,100.0
3b7339960d73c0d4,kotlinx/coroutines/flow/SubscribedSharedFlow$collect$1,1,2,50.0
4f77a40afe38fa0c,androidx/room/TriggerBasedInvalidationTracker$syncTriggers$1,1,2,50.0
9a4ff55a20d92083,androidx/compose/ui/platform/coreshims/ViewCompatShims$Api26Impl,1,2,50.0
f85b4933ab8815b1,com/nononsenseapps/feeder/db/room/ReadStatusSyncedDao_Impl,1,55,1.82
a24dfcd0d66527a6,org/jsoup/parser/TokeniserState$3,1,10,10.0
d41cddf4234305f4,org/jsoup/parser/TokeniserState$58,1,12,8.33
a17db3a448cb5570,com/nononsenseapps/feeder/localtranslation/BergamotModelManager$special$$inlined$instance$default$2,1,1,100.0
3187ca8efd3cc945,kotlin/reflect/jvm/internal/impl/types/TypeSubstitution$Companion$EMPTY$1,1,5,20.0
29b77efb45ae7d91,com/nononsenseapps/feeder/sync/SyncRestClient$getDevices$2,1,45,2.22
b41090813569de8e,com/nononsenseapps/feeder/FeederApplication$di_delegate$lambda$0$$inlined$bind$default$14,1,1,100.0
2cfa529613dd22c9,com/nononsenseapps/feeder/di/NetworkModuleKt$networkModule$lambda$0$$inlined$bind$default$2,1,1,100.0
193683905d3ba81c,coil3/intercept/EngineInterceptorKt$transform$1,1,2,50.0
71f754185c8b76e1,kotlin/reflect/jvm/internal/impl/metadata/jvm/JvmProtoBuf$StringTableTypes$Record$Operation$1,1,3,33.33
c1ca134004c4d9c8,com/squareup/moshi/RecordJsonAdapter$1,1,2,50.0
46754ff050605669,com/nononsenseapps/feeder/ui/compose/utils/FocusableKt$onKeyEventLikeEscape$1$1,1,10,10.0
a856f913c8819655,com/nononsenseapps/feeder/archmodel/Repository$special$$inlined$instance$default$6,1,1,100.0
9acd942172ea3393,androidx/compose/material/ripple/RippleNode$onAttach$1$1,1,9,11.11
1717a47420ef3c28,kotlin/reflect/jvm/internal/KClassImpl$Data$allStaticMembers$2,1,3,33.33
ff5f10e31fc4bfd7,org/jsoup/parser/TokeniserState$57,1,13,7.69
7b4b04d4469536c9,kotlin/reflect/jvm/internal/impl/types/TypeConstructorSubstitution,1,6,16.67
6ee077143f91e9a0,com/nononsenseapps/feeder/model/FeedParser$special$$inlined$instance$default$1,1,1,100.0
bff40798f1916634,androidx/compose/ui/input/rotary/RotaryInputNode,1,11,9.09
48e7a86917d71892,org/kodein/di/DIContext,1,1,100.0
7d43562c527756c6,androidx/navigation/LongArrayNavType,1,50,2.0
3c84f7f77cfa9861,okhttp3/EventListener$Companion$NONE$1,1,1,100.0
d7145e9cfc67fa1b,com/nononsenseapps/feeder/FeederApplication$di_delegate$lambda$0$$inlined$singleton$default$8,1,1,100.0
3d8044bf028d4bb2,kotlin/reflect/jvm/internal/impl/load/kotlin/AbstractBinaryClassAnnotationAndConstantLoader$storage$1,1,4,25.0
3758e28ca4d66104,kotlin/reflect/jvm/internal/KClassImpl$Data$declaredStaticMembers$2,1,3,33.33
d15d5a716e8595a2,org/jsoup/parser/TokeniserState$43,1,9,11.11
e43c1088a391073f,kotlinx/coroutines/flow/FlowKt__TransformKt$filterNotNull$$inlined$unsafeTransform$1$2$1,1,2,50.0
198ced57b8211cd2,com/nononsenseapps/feeder/di/ArchModelModuleKt$archModelModule$lambda$0$$inlined$singleton$default$1,1,1,100.0
73f2af90885de411,kotlin/reflect/jvm/internal/impl/metadata/ProtoBuf$QualifiedNameTable$QualifiedName$Kind$1,1,3,33.33
b2f6904b5ee60c6e,coil3/intercept/EngineInterceptor$decode$1,1,2,50.0
4bdd650db3bb8d51,androidx/compose/ui/platform/coreshims/ViewCompatShims$Api30Impl,1,2,50.0
a8f5e83ce270d2e0,androidx/profileinstaller/ProfileInstallerInitializer$Result,1,1,100.0
67b09a37debff348,kotlin/reflect/jvm/internal/impl/storage/LockBasedStorageManager$ExceptionHandlingStrategy,1,1,100.0
4086d8c8ca51c29e,androidx/profileinstaller/ProfileVerifier$CompilationStatus,1,5,20.0
7b950c04c128662e,kotlin/reflect/jvm/internal/KPackageImpl$data$1,1,3,33.33
3caa16b5b149ebcc,com/nononsenseapps/feeder/ui/compose/feed/FeedScreenKt$FeedScreen$4$10$1,1,3,33.33
876bd5ac24534609,com/nononsenseapps/feeder/archmodel/Repository$special$$inlined$instance$default$1,1,1,100.0
bf520b1338383cdb,androidx/core/view/DisplayShapeCompat$ImplBase,1,50,2.0
33ca88b160c70b19,kotlin/jvm/internal/PropertyReference1,1,8,12.5
892e61a172c92ae0,kotlinx/coroutines/internal/ThreadLocalKt,1,1,100.0
343a89813012dd0f,androidx/navigation/FloatArrayNavType,1,50,2.0
f10a9c7e2ee5d33d,org/kodein/type/JVMAbstractTypeToken$Companion$needGATWorkaround$2$t1$1,1,1,100.0
ba626a6032a69208,com/nononsenseapps/feeder/di/ArchModelModuleKt$archModelModule$lambda$0$$inlined$bindWithActivityViewModelScope$4,1,1,100.0
b51f73a7d16c4778,androidx/room/TriggerBasedInvalidationTracker$createFlow$1$2$emit$1,1,2,50.0
183f3f0bf130e6b9,com/nononsenseapps/feeder/di/ArchModelModuleKt$archModelModule$lambda$0$$inlined$bindWithActivityViewModelScope$6,1,1,100.0
cfe40cba4cb19f27,kotlin/reflect/jvm/internal/impl/serialization/deserialization/ContractDeserializer,1,1,100.0
b5bacca26d4ea486,kotlin/reflect/jvm/internal/KDeclarationContainerImpl$getMembers$visitor$1,1,4,25.0
319daa52a5760e6f,androidx/paging/PagingDataTransforms,1,18,5.56
269ad59ca3dae038,androidx/activity/EdgeToEdgeApi26,1,12,8.33
4924b8274e80cf7e,androidx/work/InputMergerFactory$1,1,2,50.0
82a7314b6b52c9b0,com/nononsenseapps/feeder/db/room/MigrationFrom23To24$special$$inlined$instance$default$1,1,1,100.0
81602fcd5f7f60c1,org/jsoup/parser/TokeniserState$40,1,21,4.76
0c2688acf7f3e25f,com/nononsenseapps/feeder/FeederApplication$di_delegate$lambda$0$$inlined$singleton$default$10,1,1,100.0
d4b40ad7f7fc78b2,androidx/compose/ui/node/DrawModifierNode,1,1,100.0
4a4f0c237630c173,androidx/compose/ui/platform/ComposeView$Content$1,1,3,33.33
03c8e4e4b1d7a7cf,org/jsoup/parser/TokeniserState$68,1,2,50.0
97e5844ce8e86a76,androidx/compose/ui/platform/AndroidComposeViewAccessibilityDelegateCompat$scheduleScrollEventIfNeededLambda$1,1,3,33.33
654d96989b5159ba,coil3/fetch/ByteBufferFetcher$Factory,1,3,33.33
60fe567adff45835,com/nononsenseapps/feeder/base/DIAwareComponentActivity$di_delegate$lambda$0$$inlined$bind$default$3,1,1,100.0
43a32f4e64ba3912,org/jsoup/parser/HtmlTreeBuilderState$16,1,18,5.56
9bb8736d08bd513e,com/nononsenseapps/feeder/di/ArchModelModuleKt$archModelModule$lambda$0$$inlined$bindWithComposableViewModelScope$3,1,1,100.0
7cb56191056c0934,coil3/network/NetworkFetcher$writeToDiskCache$1,1,2,50.0
aff45d334c126f56,kotlinx/coroutines/flow/StartedEagerly,1,3,33.33
24993dbdd84bb0ea,com/nononsenseapps/feeder/di/ArchModelModuleKt$archModelModule$lambda$0$$inlined$singleton$default$13,1,1,100.0
60ed2913e1117968,com/nononsenseapps/feeder/FeederApplication$di_delegate$lambda$0$3$$inlined$instance$default$1,1,1,100.0
b608fdaaeac690ee,androidx/compose/animation/core/VectorizedDurationBasedAnimationSpec,1,7,14.29
734a31338126b2d3,androidx/work/impl/WorkDatabaseMigrations$5,1,2,50.0
99df51c1f4faed6b,kotlin/reflect/jvm/internal/impl/load/java/lazy/descriptors/LazyJavaScope$functions$1,1,7,14.29
716b372cca94dd40,kotlin/reflect/jvm/internal/impl/metadata/ProtoBuf$TypeParameter$Variance$1,1,3,33.33
7d3e8f8050c353dd,com/nononsenseapps/feeder/base/DIAwareComponentActivity$di_delegate$lambda$0$1$$inlined$instance$default$1,1,1,100.0
d4b760ab08ce8d70,kotlinx/coroutines/flow/StartedLazily,1,3,33.33
10b42bacbae9105c,kotlin/reflect/jvm/internal/impl/storage/LockBasedStorageManager$1,1,19,5.26
c4b93656a207a15e,kotlin/reflect/jvm/internal/KClassImpl$Data$typeParameters$2,1,9,11.11
0a14aaae90486145,com/nononsenseapps/feeder/di/ArchModelModuleKt$archModelModule$lambda$0$$inlined$bind$default$6,1,1,100.0
3f5b784f0f62d9be,com/nononsenseapps/feeder/model/RssLocalSync$special$$inlined$instance$default$6,1,1,100.0
89bd15d23413f9b7,com/nononsenseapps/feeder/FeederApplication$di_delegate$lambda$0$$inlined$bind$default$13,1,1,100.0
590d5d82ece839be,androidx/compose/ui/text/font/FontListFontFamilyTypefaceAdapter$special$$inlined$CoroutineExceptionHandler$1,1,2,50.0
4a02a745dcb1602a,androidx/lifecycle/LifecycleRegistry_androidKt,1,1,100.0
fedbe1f3ac8e2246,kotlinx/coroutines/internal/Symbol,1,5,20.0
a2adfe6e0f8722a1,androidx/compose/runtime/ParcelableSnapshotMutableIntState$Companion$CREATOR$1,1,5,20.0
dfd043cb24e04917,androidx/work/impl/constraints/trackers/NetworkStateTracker$NetworkStateCallback,1,7,14.29
cc6acaf5ef87d8e5,com/nononsenseapps/feeder/contentprovider/RSSContentProvider$special$$inlined$instance$default$1,1,1,100.0
24411a21687e27e1,androidx/work/impl/WorkDatabaseMigrations$6,1,2,50.0
a6b513d9a15685c5,com/nononsenseapps/feeder/FeederApplication$di_delegate$lambda$0$$inlined$bind$default$4,1,1,100.0
bb8675859246ee47,androidx/compose/ui/platform/AndroidComposeView$onAttachedToWindow$1,1,3,33.33
e234b6358a654c6a,kotlin/reflect/jvm/internal/impl/types/TypeUtils$SpecialType,1,40,2.5
e77ee6513fb88c8c,kotlin/reflect/jvm/internal/impl/load/java/lazy/LazyJavaAnnotations$annotationDescriptors$1,1,4,25.0
aa2f1c040d1f8910,androidx/navigation/IntArrayNavType,1,50,2.0
f80da245321dba79,androidx/activity/compose/ComposePredictiveBackHandler$currentOnBack$1,1,7,14.29
fb6b5cfd5d7868c3,androidx/room/TriggerBasedInvalidationTracker$notifyInvalidation$1,1,2,50.0
cac5603f0bd4b303,androidx/emoji2/text/EmojiCompat$InitCallback,1,3,33.33
31d9c768d9535dd1,com/nononsenseapps/feeder/FeederApplication$di_delegate$lambda$0$17$$inlined$instance$default$1,1,1,100.0
855fdd121d2cb720,com/nononsenseapps/feeder/FeederApplication$di_delegate$lambda$0$$inlined$bind$default$21,1,1,100.0
0ff7c2138a6db5cd,kotlin/collections/ArraysKt__ArraysJVMKt,1,14,7.14
5ac036980ed590c8,com/nononsenseapps/feeder/archmodel/SyncRemoteStore$special$$inlined$instance$default$3,1,1,100.0
49cec08da4805f8f,androidx/compose/ui/node/LayoutNode$Companion$DummyViewConfiguration$1,1,6,16.67
cb19c5c7aa8e360d,androidx/compose/runtime/ForgottenCoroutineScopeException,1,1,100.0
88708b0a8257f341,com/squareup/moshi/AdapterMethodsFactory$1,1,23,4.35
756eee4e703cf96c,androidx/work/impl/WorkDatabaseMigrations$RescheduleMigration,1,9,11.11
943ae05a6317850d,androidx/paging/PagingSource$LoadResult$Invalid,1,2,50.0
03fcd6c6c4f6c34c,androidx/core/view/SoftwareKeyboardControllerCompat$Impl,1,3,33.33
f2b676669912cf44,androidx/compose/ui/graphics/AndroidPath_androidKt,1,12,8.33
b4bfad089b3eb000,com/squareup/moshi/StandardJsonAdapters$9,1,6,16.67
7484ebb5ebbbc63f,androidx/compose/ui/input/key/KeyInputNode,1,11,9.09
574889f33723fb5c,com/nononsenseapps/feeder/di/ArchModelModuleKt$archModelModule$lambda$0$$inlined$bindWithComposableViewModelScope$13,1,1,100.0
2cac496896762179,androidx/work/impl/model/WorkProgressDao_Impl$2,1,2,50.0
7c4c6b43a5f50037,kotlin/reflect/jvm/internal/impl/descriptors/impl/AbstractClassDescriptor$2,1,3,33.33
75fe34b6fd896e0e,kotlin/reflect/jvm/internal/impl/metadata/ProtoBuf$Modality$1,1,3,33.33
23a845d25a594eec,coil3/network/okhttp/internal/CallsKt$await$2$1,1,3,33.33
22fa18b765c16d58,androidx/window/layout/adapter/sidecar/SidecarCompat,1,163,0.61
4f89528d81e70e3e,androidx/paging/PageFetcherSnapshot$collectAsGenerationalViewportHints$4,1,4,25.0
1fd5bec0da1d69f0,com/nononsenseapps/feeder/archmodel/SettingsStore$special$$inlined$instance$default$3,1,1,100.0
7dcb0b037c56f867,kotlin/reflect/jvm/internal/impl/load/java/lazy/descriptors/LazyJavaScope$declaredMemberIndex$1,1,3,33.33
9aee44c0a82b64fb,kotlin/reflect/jvm/internal/impl/descriptors/runtime/structure/ReflectJavaElement,1,1,100.0
d2f13a759a3441b2,androidx/paging/PageFetcherSnapshot$pageEventFlow$1$3$1,1,3,33.33
a4889077b54f12b6,androidx/compose/foundation/shape/CornerSizeKt$ZeroCornerSize$1,1,5,20.0
abb9b3e4b387b8ce,com/nononsenseapps/feeder/FeederApplication$di_delegate$lambda$0$$inlined$bind$default$17,1,1,100.0
8f2ae9ec8d7558a5,org/jsoup/parser/TokeniserState$54,1,14,7.14
cab608140bd45a61,org/jsoup/parser/TokeniserState$36,1,19,5.26
758657c11d972cf2,androidx/core/view/accessibility/AccessibilityNodeProviderCompat$AccessibilityNodeProviderApi26,1,4,25.0
07f0d0b7a16b850e,kotlin/reflect/jvm/internal/impl/load/java/lazy/descriptors/LazyJavaClassMemberScope$nestedClassIndex$1,1,3,33.33
99818f96f0fb35c9,com/nononsenseapps/feeder/FeederApplication$di_delegate$lambda$0$$inlined$bind$default$7,1,1,100.0
b545d9e2f7bb883a,com/nononsenseapps/feeder/ui/compose/feed/FeedScreenKt$FeedListContent$$inlined$instance$default$1,1,1,100.0
d22bb9721eb606c2,androidx/compose/foundation/lazy/staggeredgrid/LazyStaggeredGridState$scrollPosition$1,1,3,33.33
42bf0aa52e01154a,okhttp3/internal/platform/android/BouncyCastleSocketAdapter$Companion$factory$1,1,9,11.11
d05054a56590b232,kotlin/reflect/jvm/internal/impl/descriptors/DescriptorVisibilities$9,1,9,11.11
3e0bd4b626109ff6,org/jsoup/parser/TokeniserState$25,1,13,7.69
e730cd23f1734810,androidx/compose/ui/layout/RectRulers,1,1,100.0
94b505796681c4df,androidx/compose/ui/platform/WindowRecomposerFactory,1,1,100.0
42b7ee67aacdf5b4,androidx/compose/ui/input/pointer/PointerKeyboardModifiers,1,15,6.67
dac74c5c805da56a,go/Seq$GoRefQueue$1,1,6,16.67
3180bd0c2b21541d,androidx/core/view/accessibility/AccessibilityNodeProviderCompat$AccessibilityNodeProviderApi19,1,15,6.67
df849788d312c8a6,coil3/transition/NoneTransition,1,6,16.67
4c52a690da3b8344,androidx/work/impl/model/WorkSpecDao_Impl$2,1,2,50.0
46544c7c18bf8128,com/nononsenseapps/feeder/di/ArchModelModuleKt$archModelModule$lambda$0$$inlined$singleton$default$5,1,1,100.0
6e9d9c0a9a71fb2e,kotlin/reflect/jvm/internal/impl/metadata/ProtoBuf$Annotation$Argument$Value$Type$1,1,3,33.33
3187ae18f4009856,org/jsoup/internal/SharedConstants,1,2,50.0
a1677f74fe00d3ca,go/Seq$RefMap,1,37,2.7
aab7bed77d549ad0,androidx/work/impl/WorkDatabaseMigrations$7,1,2,50.0
e664aa1c302dafa5,androidx/compose/ui/platform/AndroidComposeViewAccessibilityDelegateCompat$boundsUpdatesEventLoop$1,1,2,50.0
6d146472ade9777f,androidx/compose/material3/FloatingActionButtonElevation$animateElevation$2$1$1,1,19,5.26
b5f68077f77b7108,coil3/util/ContextsKt,1,52,1.92
a3bf4cd0b20dae9e,androidx/compose/foundation/gestures/ScrollableNode$setScrollSemanticsActions$2,1,12,8.33
2cb1ed0330c68577,androidx/navigation/compose/NavHostKt$NavHost$25$1,1,27,3.7
ab61389b3698116c,kotlin/reflect/jvm/internal/impl/builtins/ReflectionTypes$ClassLookup,1,3,33.33
bf7c1f49937cc759,kotlin/reflect/jvm/internal/impl/metadata/ProtoBuf$Class$Kind$1,1,3,33.33
7024456a20110149,androidx/compose/foundation/gestures/ScrollableKt$DefaultScrollMotionDurationScale$1,1,6,16.67
b1d3da8cf5feeab8,com/nononsenseapps/feeder/FeederApplication$di_delegate$lambda$0$$inlined$singleton$default$5,1,1,100.0
d5d9cc2039899454,org/jsoup/parser/TokeniserState$49,1,11,9.09
98a9b578a7847e7e,kotlin/reflect/jvm/internal/impl/types/WrappedType,1,15,6.67
2c5b15e024804915,kotlinx/coroutines/internal/ListClosed,1,1,100.0
6419bce72cb70070,androidx/navigation/NavDeepLinkDslBuilderKt,1,6,16.67
b8f9c0671a805622,androidx/compose/animation/AnimatedVisibilityKt$AnimatedVisibility$2,1,3,33.33
521023e0e25e0792,org/jsoup/parser/HtmlTreeBuilderState$9,1,20,5.0
b7d061121c107e9c,org/jsoup/parser/TokeniserState$46,1,14,7.14
5c636272ee568411,androidx/activity/result/ActivityResultLauncher,1,2,50.0
f5e9e8c39fca36bd,androidx/compose/runtime/LeftCompositionCancellationException,1,1,100.0
cc89639a62ee799a,com/nononsenseapps/feeder/archmodel/Repository$special$$inlined$instance$default$4,1,1,100.0
de75db01f681878a,org/jsoup/parser/TokeniserState$64,1,12,8.33
f03c1559d21723f3,com/nononsenseapps/feeder/FeederApplication$di_delegate$lambda$0$$inlined$singleton$default$15,1,1,100.0
ac01d5bd9121bc15,androidx/compose/animation/ColorVectorConverterKt$ColorToVector$1$2,1,25,4.0
7b58824cba6037e5,androidx/paging/FlowExtKt$simpleScan$1$1$emit$1,1,2,50.0
b57b8df61d77f164,com/nononsenseapps/feeder/FeederApplication$di_delegate$lambda$0$10$$inlined$instance$default$1,1,1,100.0
cb3c3779cdfe050b,kotlin/reflect/jvm/internal/KClassImpl$Data$nestedClasses$2,1,25,4.0
8daa31e3703258cb,kotlinx/serialization/internal/GeneratedSerializer,1,3,33.33
cc82e2b36e2034df,com/squareup/moshi/StandardJsonAdapters$8,1,6,16.67
262ca3d2172da60b,com/nononsenseapps/feeder/ui/compose/feed/FeedScreenKt$FeedScreen$$inlined$instance$1,1,1,100.0
a218219178d28fb3,com/nononsenseapps/feeder/notifications/NotificationsWorker$special$$inlined$instance$default$1,1,1,100.0
613fc1cd6a275e2f,androidx/compose/ui/platform/CompositionLocalsKt$ProvideCommonCompositionLocals$1,1,3,33.33
1eaa1a06f891c90b,androidx/compose/ui/platform/ViewCompositionStrategy,1,1,100.0
6eadeb124b4edbc7,com/nononsenseapps/feeder/archmodel/SyncRemoteStore$special$$inlined$instance$default$1,1,1,100.0
f9672709368d1ddc,kotlin/reflect/jvm/internal/impl/builtins/jvm/JvmBuiltInsCustomizer$notConsideredDeprecation$2,1,5,20.0
6a95c73440c65821,org/kodein/di/bindings/NoArgDIBinding,1,15,6.67
7a7898060813ff35,kotlin/reflect/jvm/internal/impl/metadata/ProtoBuf$Type$Argument$Projection$1,1,3,33.33
753e7524ebc59e85,kotlin/jvm/internal/MutablePropertyReference1,1,10,10.0
66f3342d9589b208,com/nononsenseapps/feeder/archmodel/FeedItemStore$special$$inlined$instance$default$2,1,1,100.0
bbc7284fcde8abe6,com/nononsenseapps/feeder/di/ArchModelModuleKt$archModelModule$lambda$0$$inlined$bindWithComposableViewModelScope$21,1,1,100.0
91ff30992b1edfea,androidx/emoji2/text/DefaultEmojiCompatConfig$DefaultEmojiCompatConfigHelper_API28,1,2,50.0
9d72233503fd2801,com/nononsenseapps/feeder/notifications/NotificationsWorker$unNotifyForMissingItems$1,1,2,50.0
426b9c4406c22d2a,kotlin/reflect/jvm/internal/ReflectProperties$Val$1,1,1,100.0
cfa691d4ea21a198,coil3/compose/AsyncImagePainter_androidKt$FakeTransitionTarget$1,1,3,33.33
2537e378b13922a7,androidx/compose/ui/semantics/SemanticsConfigurationKt,1,1,100.0
76a11c4159bf068b,androidx/work/impl/model/WorkSpecDao_Impl$4,1,2,50.0
85931195a0a48174,com/nononsenseapps/feeder/di/ArchModelModuleKt$archModelModule$lambda$0$$inlined$bind$default$13,1,1,100.0
08f089a9194acdcd,kotlin/reflect/jvm/internal/impl/descriptors/impl/AbstractTypeParameterDescriptor$2,1,6,16.67
85ada8264924114f,androidx/compose/runtime/SnapshotState_androidKt,1,1,100.0
9f6a05ab0ee901c8,androidx/paging/SingleRunner$Holder$tryEnqueue$1,1,2,50.0
b1aeae1d4c600632,androidx/lifecycle/SavedStateHandleSupport$special$$inlined$Key$3,1,1,100.0
29f397af185673ef,kotlin/reflect/jvm/internal/impl/descriptors/DescriptorVisibilities$6,1,9,11.11
32320e17984c719e,com/nononsenseapps/feeder/di/ArchModelModuleKt$archModelModule$lambda$0$$inlined$singleton$default$11,1,1,100.0
33eab07a54a662cd,com/nononsenseapps/feeder/di/ArchModelModuleKt$archModelModule$lambda$0$$inlined$bindWithComposableViewModelScope$24,1,1,100.0
459e8cccd64ccae1,androidx/profileinstaller/ProfileInstaller$2,1,22,4.55
8b6bfd1793fa1384,androidx/compose/ui/semantics/SemanticsPropertiesKt$getScrollViewportLength$1,1,6,16.67
5dd5a73c0a5846bc,androidx/lifecycle/viewmodel/internal/SynchronizedObject,1,1,100.0
3ad450be12efce9f,com/nononsenseapps/feeder/FeederApplication$di_delegate$lambda$0$$inlined$singleton$default$7,1,1,100.0
d700d2eb38f84b32,androidx/compose/ui/draw/DrawModifierKt,1,4,25.0
1b7f0fcec27060fb,org/jsoup/parser/TokeniserState$6,1,2,50.0
d1e6804175d13237,org/jsoup/parser/HtmlTreeBuilderState$19,1,40,2.5
2a49e16c31120c60,coil3/fetch/ByteArrayFetcher$Factory,1,3,33.33
824ed2d7421524e1,androidx/compose/ui/node/NodeChainKt$fillVector$1,1,4,25.0
d4c47057ffdecdc9,org/jsoup/parser/TokeniserState$12,1,9,11.11
32605ecdd7cd8de9,com/nononsenseapps/feeder/ui/MainActivity$special$$inlined$instance$default$2,1,1,100.0
3b2b1ee684f977a4,com/squareup/moshi/ArrayJsonAdapter$1,1,6,16.67
387bffc04aa71b8b,coil3/SingletonImageLoader_androidKt,1,1,100.0
15d88a1b4c9da5fe,androidx/compose/ui/node/SemanticsModifierNodeKt,1,12,8.33
d86405b442de69a8,androidx/work/impl/model/WorkProgressDao_Impl$1,1,10,10.0
ec4d7952b0c1131e,androidx/room/migration/Migration,1,7,14.29
a7a3711c621aa261,kotlin/reflect/jvm/internal/KClassImpl$Data$declaredMembers$2,1,3,33.33
a96ef15b61ef4f0e,com/nononsenseapps/feeder/di/NetworkModuleKt$networkModule$lambda$0$$inlined$bind$default$6,1,1,100.0
aeeff054a88700dd,com/nononsenseapps/feeder/di/ArchModelModuleKt$archModelModule$lambda$0$$inlined$singleton$default$2,1,1,100.0
0d2df16d2f336595,kotlin/reflect/jvm/internal/impl/load/java/lazy/descriptors/LazyJavaScope$declaredField$1,1,11,9.09
a0353c68dbfe5145,gofeedandroid/CustomRssTranslator,1,14,7.14
8c1dab6b38080994,com/nononsenseapps/feeder/di/ArchModelModuleKt$archModelModule$lambda$0$$inlined$bindWithComposableViewModelScope$19,1,1,100.0
0f8fa81a1e922ff3,com/nononsenseapps/feeder/FeederApplication$di_delegate$lambda$0$$inlined$bind$default$9,1,1,100.0
2cfb9786c4ad8925,org/jsoup/parser/HtmlTreeBuilderState$11,1,41,2.44
6af65c8ddef29e71,androidx/work/impl/constraints/controllers/NetworkUnmeteredController,1,15,6.67
ce317b5478b3fb2d,com/nononsenseapps/feeder/base/DIAwareJobService$di_delegate$lambda$0$$inlined$instance$1,1,1,100.0
4f2d96ddbcd51223,com/nononsenseapps/feeder/archmodel/FeedItemStore$special$$inlined$instance$default$4,1,1,100.0
2eaada8b9dd9def0,coil3/util/AndroidSystemCallbacks$ComponentCallbacks,1,34,2.94
0766e168f518841d,kotlinx/coroutines/internal/Removed,1,2,50.0
0fe8cb73c64e15c4,kotlin/reflect/jvm/internal/impl/load/java/components/SignaturePropagator$1,1,28,3.57
e6a479d4a417ec46,com/squareup/moshi/ClassJsonAdapter$1,1,76,1.32
655541c73b0188b1,com/nononsenseapps/feeder/sync/SyncRestClient$getRead$2,1,51,1.96
f7bedadbeb8df1cf,org/jsoup/parser/TokeniserState$67,1,7,14.29
0b4a2ae900027688,kotlin/reflect/jvm/internal/impl/serialization/deserialization/descriptors/DeserializedClassDescriptor$annotations$1,1,3,33.33
03ed5971cd6ec0c2,androidx/core/view/WindowInsetsCompat$BuilderImpl31,1,9,11.11
5adfbb6635b2a33f,com/nononsenseapps/feeder/ui/compose/feedarticle/FeedViewModel$special$$inlined$instance$default$4,1,1,100.0
77f39648d39ca51d,com/nononsenseapps/feeder/FeederApplication$di_delegate$lambda$0$$inlined$singleton$default$13,1,1,100.0
b22f2d73d3351b57,org/jsoup/parser/HtmlTreeBuilderState$15,1,74,1.35
7548dddc39dbc604,androidx/compose/ui/layout/ContentScale$Companion$FillWidth$1,1,7,14.29
e9925552e4788fe4,go/Seq$Ref,1,8,12.5
22e5cbce56efe8af,androidx/compose/runtime/SnapshotIntStateKt,1,3,33.33
579938bba79f5fc8,org/jsoup/parser/TokeniserState$28,1,2,50.0
66ca3871a0d049eb,kotlin/reflect/jvm/internal/impl/builtins/ReflectionTypes$kotlinReflectScope$2,1,3,33.33
7683d69226d75160,org/jsoup/parser/TokeniserState$17,1,12,8.33
0a13c6f0f9cf0280,androidx/navigation/BoolArrayNavType,1,50,2.0
413c943408b2aa7b,androidx/window/WindowSdkExtensions$Companion$getInstance$1,1,1,100.0
57f0556c02463718,androidx/compose/ui/input/nestedscroll/NestedScrollNode$updateDispatcherFields$1,1,3,33.33
4f8be56f11b20c94,androidx/compose/ui/graphics/layer/GraphicsLayerImpl,1,3,33.33
aeb8386f0954084b,kotlinx/coroutines/CoroutineExceptionHandler,1,1,100.0
6e19a42e6b983664,kotlinx/coroutines/channels/ProduceKt$awaitClose$4$1,1,3,33.33
8e9a8207b851631d,kotlinx/coroutines/flow/internal/FlowCoroutine,1,3,33.33
a1a74993e4c93b29,com/nononsenseapps/feeder/db/room/SyncRemoteDao_Impl$2,1,5,20.0
74894ea8f244ff80,org/jsoup/parser/TokeniserState$30,1,13,7.69
425522c33f21c85f,com/nononsenseapps/feeder/FeederApplication$di_delegate$lambda$0$$inlined$bind$default$10,1,1,100.0
e2f9ca149f772070,androidx/compose/foundation/lazy/LazyListPrefetchStrategy,1,2,50.0
048cda6d81dd28d2,org/jsoup/parser/TokeniserState$26,1,9,11.11
7c4828ca311f926e,androidx/work/impl/model/SystemIdInfoDao_Impl$2,1,2,50.0
c6158f7552c24c5d,kotlinx/coroutines/sync/SemaphoreImpl,1,1,100.0
f603c7a127634ecd,androidx/activity/EdgeToEdgeBase,1,2,50.0
28d90af534142e37,androidx/navigation/IntNavType,1,17,5.88
2fc601cce078b667,androidx/compose/foundation/interaction/InteractionSourceKt,1,1,100.0
e6436378f3acaeb4,androidx/work/impl/constraints/controllers/BatteryChargingController,1,6,16.67
02120ff631aa8468,com/nononsenseapps/feeder/archmodel/FeedItemStore$special$$inlined$instance$default$1,1,1,100.0
b15fa6e6d52dfabe,kotlin/reflect/jvm/internal/impl/serialization/deserialization/descriptors/DeserializedClassDescriptor$companionObjectDescriptor$1,1,3,33.33
dab8ea7433307bd2,androidx/compose/material3/internal/BasicTooltipKt$handleGestures$2,1,3,33.33
8ad8cb3119c2801a,androidx/collection/internal/Lock,1,5,20.0
c98007f6da81ecc0,androidx/compose/ui/layout/LayoutCoordinatesKt,1,87,1.15
956e13f9cdacb37e,kotlin/reflect/jvm/internal/impl/load/java/lazy/descriptors/LazyJavaClassMemberScope$generatedNestedClassNames$1,1,4,25.0
a93675381400b045,com/nononsenseapps/feeder/di/NetworkModuleKt$networkModule$lambda$0$$inlined$singleton$default$1,1,1,100.0
5fa03d96ef333548,org/jsoup/Jsoup,1,36,2.78
57b1cd4dbea1fc0d,com/nononsenseapps/feeder/FeederApplication$di_delegate$lambda$0$5$$inlined$instance$default$1,1,1,100.0
a406a84aa002d414,kotlin/reflect/jvm/internal/impl/load/java/components/JavaResolverCache,1,1,100.0
43df8510acacf23d,org/jsoup/parser/TokeniserState$23,1,13,7.69
db8d19732b119181,com/nononsenseapps/feeder/FeederApplication$di_delegate$lambda$0$17$$inlined$instance$default$2,1,1,100.0
f345ca99eeb82f14,androidx/compose/animation/AnimatedVisibilityKt$AnimatedVisibility$8,1,3,33.33
7ebac33b06610369,kotlin/reflect/jvm/internal/impl/descriptors/DescriptorVisibilities$4,1,12,8.33
31e73806a1399052,androidx/compose/ui/input/pointer/PointerId,1,16,6.25
3b00a8f82e72651b,androidx/work/impl/constraints/trackers/BroadcastReceiverConstraintTracker$1,1,5,20.0
3ca40a9b385996c5,kotlinx/coroutines/Job,1,1,100.0
e1e8e94ba0733076,com/nononsenseapps/feeder/FeederApplication$di_delegate$lambda$0$$inlined$bind$default$3,1,1,100.0
bc356afced8963eb,com/nononsenseapps/feeder/notifications/NotificationsWorker$special$$inlined$instance$default$3,1,1,100.0
70dea87013c033d6,androidx/work/impl/model/WorkSpecDao_Impl$1,1,67,1.49
33badb008065f01a,org/jsoup/parser/HtmlTreeBuilderState$22,1,16,6.25
506b4d85b2dfb7fc,com/nononsenseapps/feeder/di/NetworkModuleKt$networkModule$lambda$0$$inlined$provider$2,1,1,100.0
4ab6ccc6d50babb6,org/jsoup/parser/TokeniserState$63,1,13,7.69
7043278915fe9ae8,kotlin/reflect/jvm/internal/impl/types/checker/NewKotlinTypeChecker,1,1,100.0
bd921add68e8b745,androidx/work/impl/utils/taskexecutor/WorkManagerTaskExecutor$1,1,2,50.0
92c8094b15c5b6a0,coil3/fetch/ResourceUriFetcher$Factory,1,5,20.0
3e200a1b6d6921bf,androidx/compose/ui/graphics/AndroidGraphicsContext_androidKt,1,1,100.0
987ed06ecbdbfb24,org/jsoup/parser/TokeniserState$45,1,9,11.11
4c45256e0e11ffc8,com/nononsenseapps/feeder/ui/compose/feed/FeedScreenKt$FeedScreen$4$5$1,1,4,25.0
ad447861db65d6ba,com/nononsenseapps/feeder/archmodel/SettingsStore$blockListPreference$1,1,13,7.69
d3dc7b78b0de017a,androidx/compose/runtime/SnapshotIntStateKt__SnapshotIntStateKt,1,5,20.0
042f3c1ad2bb338b,kotlinx/coroutines/CancellableContinuationImplKt,1,4,25.0
fe452238f859fd22,androidx/navigation/FloatNavType,1,13,7.69
7e326b900f5483f1,kotlin/reflect/jvm/internal/impl/load/java/lazy/descriptors/LazyJavaScope$functionNamesLazy$2,1,3,33.33
faa0631af0beb00d,androidx/compose/ui/text/input/TextInputServiceAndroid$baseInputConnection$2,1,3,33.33
ce5ef0990f7e48b0,kotlinx/coroutines/flow/internal/FlowExceptions_commonKt,1,5,20.0
09d27a1b857acf93,org/jsoup/parser/HtmlTreeBuilderState$Constants,1,2,50.0
70dadebd59f6eea4,kotlin/jvm/internal/Ref$IntRef,1,2,50.0
162f578d5214aaf5,androidx/compose/ui/node/ParentDataModifierNodeKt,1,1,100.0
378745fd70b49b9c,kotlin/reflect/jvm/internal/impl/load/java/SpecialGenericSignatures$TypeSafeBarrierDescription$MAP_GET_OR_DEFAULT,1,1,100.0
f0544f1aa3cd65d5,org/jsoup/parser/TokeniserState$33,1,2,50.0
d886b05b28a7f922,org/jsoup/parser/TokeniserState$51,1,14,7.14
bd872c7ba0018891,androidx/compose/ui/platform/ViewLayer$Companion$OutlineProvider$1,1,3,33.33
4ceb4aa5dd50226e,androidx/room/RoomOpenHelper$Delegate,1,8,12.5
d208674d5f39330e,org/jsoup/parser/TokeniserState$65,1,12,8.33
1dd01d7a1fb1466d,androidx/compose/animation/EnterExitTransitionModifierNode$slideSpec$1,1,15,6.67
79ceaa21f22dd8b4,kotlinx/coroutines/flow/FlowKt__TransformKt$withIndex$1$1$emit$1,1,2,50.0
afcfc059b51ae3f5,androidx/core/view/SoftwareKeyboardControllerCompat$Impl20,1,24,4.17
eda1d78991421213,org/jsoup/parser/HtmlTreeBuilderState$7,1,16,6.25
b5342bcf17f0d088,kotlinx/coroutines/flow/CallbackFlowBuilder$collectTo$1,1,2,50.0
ebebea28aff937a8,kotlinx/coroutines/SupervisorCoroutine,1,2,50.0
a62f15f13d101770,androidx/compose/ui/graphics/CanvasKt,1,38,2.63
c45448f5de74eb14,com/nononsenseapps/feeder/model/RssLocalSync$special$$inlined$instance$default$3,1,1,100.0
642d0459261cbfad,com/nononsenseapps/feeder/model/RssLocalSync$special$$inlined$instance$default$4,1,1,100.0
ba8abb447a5d6245,androidx/compose/runtime/Recomposer$RecomposerInfoImpl,1,46,2.17
e1eea1ad25b5dc1e,androidx/work/impl/WorkDatabaseMigrations$3,1,3,33.33
8ca3b38709634faf,androidx/navigation/CollectionNavType,1,1,100.0
e5a07144a1fdace9,com/nononsenseapps/feeder/archmodel/Repository$special$$inlined$instance$default$2,1,1,100.0
7dd699e802b1df7a,kotlin/reflect/jvm/internal/impl/builtins/PrimitiveType$arrayTypeFqName$2,1,3,33.33
7e6ddb2abd21e191,kotlinx/coroutines/flow/internal/AbstractSharedFlowSlot,1,1,100.0
9b56b66d732587e0,kotlin/reflect/jvm/internal/impl/descriptors/DescriptorVisibilities$3,1,49,2.04
317e5d17633df550,androidx/compose/material3/MotionScheme,1,1,100.0
1ba9167dabf1bc2d,androidx/core/view/WindowInsetsControllerCompat$Impl,1,12,8.33
ee3c7d95e81141ac,androidx/compose/animation/core/DecayAnimationSpecImpl,1,2,50.0
904ef777955ee844,com/nononsenseapps/feeder/archmodel/FeedItemStore$special$$inlined$instance$default$3,1,1,100.0
1240fe78330f850b,androidx/activity/result/contract/ActivityResultContracts$OpenDocument,1,16,6.25
3c5d01aeb1ee5620,com/nononsenseapps/feeder/di/AndroidModuleKt$androidModule$lambda$0$$inlined$bind$default$1,1,1,100.0
5531be0be3b452cc,androidx/profileinstaller/ProfileInstaller$1,1,3,33.33
8ef389b8e0cb3dd3,androidx/compose/runtime/PersistentCompositionLocalMap,1,1,100.0
d26fead55e097cd9,androidx/compose/ui/graphics/vector/GroupComponent$wrappedListener$1,1,6,16.67
9469e04db6f378bb,com/nononsenseapps/feeder/FeederApplication$di_delegate$lambda$0$16$$inlined$instance$default$1,1,1,100.0
986bb159548b07d7,com/nononsenseapps/feeder/di/NetworkModuleKt$networkModule$lambda$0$$inlined$provider$1,1,1,100.0
2fd819c4fd55b132,kotlinx/coroutines/flow/SharingStarted,1,1,100.0
a2336044568d0e78,kotlin/reflect/jvm/internal/impl/descriptors/DescriptorVisibilities$11,1,2,50.0
c06eb2e3b701ff0a,androidx/compose/runtime/SnapshotLongStateKt,1,3,33.33
57ef8fb675447796,androidx/arch/core/executor/TaskExecutor,1,5,20.0
d654d7eac5c09ef3,kotlinx/coroutines/flow/SharingConfig,1,1,100.0
32e66b436d238e16,com/nononsenseapps/feeder/db/room/MigrationFrom36To37$special$$inlined$instance$default$1,1,1,100.0
c813076edef82b11,okhttp3/Authenticator$Companion$AuthenticatorNone,1,2,50.0
123fe12a55141c94,com/nononsenseapps/feeder/FeederApplication$di_delegate$lambda$0$$inlined$singleton$default$16,1,1,100.0
b1a2b1d7ad897769,kotlin/reflect/jvm/internal/impl/descriptors/DescriptorVisibilities$1,1,55,1.82
72e6b57e2268ff68,com/squareup/moshi/StandardJsonAdapters$3,1,6,16.67
e3d9f9c53a895a0d,org/jsoup/nodes/EntitiesData,1,2,50.0
235af26f04b1ef2e,okhttp3/TrailersSource$Companion$EMPTY$1,1,3,33.33
6cad2eea5cdc2428,androidx/navigation/BoolNavType,1,21,4.76
a17c860cf6818b4e,androidx/compose/ui/graphics/painter/Painter$drawLambda$1,1,3,33.33
3d33f0c1107ae74f,org/jsoup/parser/HtmlTreeBuilderState$17,1,47,2.13
2973b666b13bf4f2,org/jsoup/parser/TokeniserState$20,1,6,16.67
39e3285d364c7d11,com/nononsenseapps/feeder/archmodel/SyncRemoteStore$special$$inlined$instance$default$2,1,1,100.0
c8df67d5842131cd,kotlinx/coroutines/channels/ProduceKt$awaitClose$1,1,2,50.0
b5ed6a62ff9e9afd,com/nononsenseapps/feeder/di/ArchModelModuleKt$archModelModule$lambda$0$$inlined$bind$default$14,1,1,100.0
fbfa79582709df5b,kotlin/reflect/jvm/internal/impl/load/java/lazy/LazyJavaTypeParameterResolver$resolve$1,1,9,11.11
1dffe5bb5201d0bf,androidx/compose/foundation/lazy/layout/StableValue,1,16,6.25
6aa01e63f6d718ef,com/nononsenseapps/feeder/background/RssSyncJobKt$schedulePeriodicRssSync$$inlined$instance$default$1,1,1,100.0
a599a9c4d82ccf77,com/nononsenseapps/feeder/FeederApplication$di_delegate$lambda$0$$inlined$bind$default$2,1,1,100.0
a52cba0737b65389,com/nononsenseapps/feeder/di/ArchModelModuleKt$archModelModule$lambda$0$$inlined$bindWithActivityViewModelScope$7,1,1,100.0
d9c2d6ce1169855e,androidx/compose/animation/EnterExitTransitionKt$slideOutVertically$2,1,6,16.67
4908db8d027eabb2,androidx/compose/runtime/SnapshotFloatState_androidKt,1,1,100.0
159d7b23f72362cc,coil3/decode/StaticImageDecoder$decode$1,1,2,50.0
c409137fb4329811,kotlinx/coroutines/scheduling/GlobalQueue,1,1,100.0
5b424b8c8d6b26f3,kotlin/reflect/jvm/internal/impl/load/java/lazy/descriptors/LazyJavaScope$allDescriptors$1,1,3,33.33
4f873238279e814c,com/nononsenseapps/feeder/ui/compose/feed/FeedScreenKt$FeedScreen$4$1$1,1,3,33.33
de6b098a1073dce7,org/jsoup/parser/HtmlTreeBuilderState$14,1,39,2.56
032f776a5e195125,kotlin/reflect/jvm/internal/KPropertyImpl$_descriptor$1,1,3,33.33
51056d813f693897,androidx/navigation/IntListNavType,1,49,2.04
d8a44cb110ce9f53,androidx/work/impl/model/WorkSpecDao_Impl$3,1,2,50.0
ac3b2b824bc9f7e0,androidx/compose/runtime/snapshots/SnapshotStateList$Companion$CREATOR$1,1,11,9.09
7871db407566edc6,com/nononsenseapps/feeder/archmodel/SettingsStore$special$$inlined$instance$default$2,1,1,100.0
ef1ab8f91e4c7236,androidx/compose/ui/platform/AndroidTextToolbar$textActionModeCallback$1,1,3,33.33
1d8fb3aa405b75c5,org/jsoup/parser/TokeniserState$39,1,17,5.88
8e5506e23334c045,androidx/compose/ui/text/font/Font,1,2,50.0
bbfce839d0091805,kotlin/reflect/jvm/internal/impl/builtins/jvm/JvmBuiltInsCustomizer$getFunctions$2,1,4,25.0
71c21939c9d6fae7,androidx/work/impl/constraints/controllers/StorageNotLowController,1,6,16.67
aa40275125f05333,com/nononsenseapps/feeder/FeederApplication$di_delegate$lambda$0$$inlined$bind$default$15,1,1,100.0
c2c6609a6cc6f57a,kotlin/reflect/jvm/internal/impl/storage/LockBasedStorageManager$ExceptionHandlingStrategy$1,1,5,20.0
25631a8d550a9107,org/jsoup/parser/HtmlTreeBuilderState$8,1,84,1.19
d653b1fb7d384174,com/nononsenseapps/feeder/base/DIAwareViewModelKt$bindWithActivityViewModelScope$$inlined$factory$1,1,1,100.0
b5ca364a77f44f9a,androidx/room/RoomConnectionManager$NoOpOpenDelegate,1,15,6.67
98411df31bd1658d,com/nononsenseapps/feeder/FeederApplication$di_delegate$lambda$0$$inlined$singleton$default$12,1,1,100.0
78713a936b6a3266,androidx/navigation/FloatListNavType,1,49,2.04
1b7b9855a11179d0,com/nononsenseapps/feeder/archmodel/SyncRemoteStore$special$$inlined$instance$default$4,1,1,100.0
b7e3cbb9cc10abb0,kotlin/reflect/jvm/internal/impl/types/TypeProjectionBase,1,18,5.56
c4172349d8082356,kotlin/reflect/jvm/internal/impl/resolve/scopes/SubstitutingScope$substitutor$2,1,3,33.33
e6c3236cb37e0ad4,com/nononsenseapps/feeder/background/RssSyncJobKt$schedulePeriodicRssSync$$inlined$instance$default$2,1,1,100.0
face6555df465cd4,com/nononsenseapps/feeder/ui/compose/feed/FeedScreenKt$FeedScreen$4$9$1,1,3,33.33
97aec3dd938efbf6,androidx/compose/foundation/gestures/ScrollableStateKt,1,17,5.88
760dffdaedbc784a,org/kodein/type/JVMAbstractTypeToken$Companion$needPTWorkaround$2$t2$1,1,1,100.0
623370f9d08afe6f,com/nononsenseapps/feeder/di/NetworkModuleKt$networkModule$lambda$0$$inlined$bind$default$3,1,1,100.0
04a7ae8a818bb7e3,androidx/navigation/NavControllerKt,1,9,11.11
23ddeba0063bd212,androidx/compose/ui/layout/HorizontalRuler$Companion$minOf$1,1,3,33.33
c8077d21216bc818,com/nononsenseapps/feeder/FeederApplication$di_delegate$lambda$0$$inlined$singleton$default$9,1,1,100.0
1a488ba7926b3fd1,androidx/compose/ui/node/NodeCoordinator$Companion$PointerInputSource$1,1,38,2.63
ab530f63a9c55197,androidx/compose/animation/CrossfadeKt$Crossfade$1,1,3,33.33
48f369398cd61177,com/nononsenseapps/feeder/ui/compose/feedarticle/FeedViewModel$special$$inlined$instance$default$1,1,1,100.0
2d6a02c9a780f45a,com/nononsenseapps/feeder/ui/MainActivityViewModel$special$$inlined$instance$default$2,1,1,100.0
282bc9c4d516c883,kotlin/reflect/jvm/internal/KParameterImpl$type$1,1,13,7.69
0bc2cf83560f2e30,com/nononsenseapps/feeder/di/NetworkModuleKt$networkModule$lambda$0$$inlined$bind$default$1,1,1,100.0
0a22b3ed950eb0be,kotlin/reflect/jvm/internal/impl/load/java/components/SignaturePropagator,1,1,100.0
1a9c392a635c1c6c,androidx/lifecycle/ViewModelProvider$special$$inlined$Key$1,1,1,100.0
04de5a20d377710f,androidx/paging/FlattenedPageController$record$1,1,2,50.0
07328468d435cbe1,kotlin/reflect/jvm/internal/impl/builtins/KotlinBuiltIns$1,1,8,12.5
4bb72195fa3c6c89,org/jsoup/parser/HtmlTreeBuilderState$18,1,26,3.85
c29b608da72db99e,androidx/compose/ui/platform/AndroidComposeView$_inputModeManager$1,1,8,12.5
977515e3f9a7c79f,com/nononsenseapps/feeder/FeederApplication$di_delegate$lambda$0$$inlined$singleton$default$18,1,1,100.0
229dc4b2bc7ba6e4,androidx/room/ObservedTableVersions$collect$1,1,2,50.0
d149cc51ad804c48,org/jsoup/parser/TokeniserState$47,1,14,7.14
031d0ad602e137fe,org/jsoup/parser/HtmlTreeBuilderState$20,1,22,4.55
1f746ae7a2828bcd,okhttp3/internal/http2/Http2Connection$Listener$Companion$REFUSE_INCOMING_STREAMS$1,1,3,33.33
8d2a75c744fe40f2,kotlin/reflect/jvm/internal/impl/metadata/ProtoBuf$VersionRequirementTable$1,1,3,33.33
b8031d849680cfe4,kotlin/reflect/jvm/internal/impl/serialization/deserialization/ErrorReporter$1,1,14,7.14
62ff094a22a215f9,kotlin/reflect/jvm/internal/impl/descriptors/DescriptorVisibilities$8,1,9,11.11
b2ace8038aeaccb7,androidx/window/layout/util/WindowMetricsCompatHelper,1,1,100.0
7fc2eb01b5029cc3,com/nononsenseapps/feeder/FeederApplication$di_delegate$lambda$0$$inlined$singleton$default$2,1,1,100.0
79bb3d17814b38f1,com/nononsenseapps/feeder/FeederApplication$di_delegate$lambda$0$$inlined$instance$2,1,1,100.0
a4f1c4079cf5811c,androidx/compose/ui/graphics/vector/VectorConfig,1,3,33.33
5f6ae00cdcc05e8c,androidx/paging/PageFetcher$flow$1$2$1,1,3,33.33
e7ff8b214a3b5ba8,kotlin/sequences/SequenceScope,1,8,12.5
a77113a76e43c7c7,kotlin/reflect/jvm/internal/KClassImpl$Data$supertypes$2,1,27,3.7
59a2fff1c575de4f,androidx/compose/ui/text/android/style/LineHeightStyleSpan_androidKt,1,1,100.0
badfe60e316fb0cb,androidx/compose/runtime/ParcelableSnapshotMutableFloatState$Companion$CREATOR$1,1,5,20.0
d0cf9852995a6cbe,androidx/compose/ui/node/NodeKind,1,18,5.56
2ff5010dd46a8712,com/nononsenseapps/feeder/ui/compose/feedarticle/FeedViewModel$special$$inlined$instance$default$5,1,1,100.0
e4d2f835aff5ce95,okhttp3/internal/platform/android/AndroidCertificateChainCleaner,1,16,6.25
f749968002c27e82,com/nononsenseapps/feeder/archmodel/FontStore$special$$inlined$instance$default$1,1,1,100.0
075002258187997c,androidx/compose/ui/Alignment,1,1,100.0
2ec334e6d37a94ca,kotlinx/serialization/internal/PluginHelperInterfacesKt,1,1,100.0
0a5e28b61928e656,com/nononsenseapps/feeder/di/ArchModelModuleKt$archModelModule$lambda$0$$inlined$singleton$default$6,1,1,100.0
588a4b5de9eec7a3,com/nononsenseapps/feeder/ui/compose/theme/ThemeKt$FeederTheme$lambda$1$0$0$$inlined$onDispose$1,1,2,50.0
41e2e380a0647f9a,com/nononsenseapps/feeder/db/room/FeedDao_Impl$2,1,5,20.0
ff08da19ce339685,com/nononsenseapps/feeder/ui/compose/feedarticle/FeedViewModel$special$$inlined$instance$default$2,1,1,100.0
e529e83d1aeb2a56,kotlin/reflect/jvm/internal/KFunctionImpl$descriptor$2,1,3,33.33
9e3c4d9b91e01ff7,androidx/compose/animation/SplineBasedDecayKt,1,14,7.14
9cebfa628e75954e,androidx/compose/ui/graphics/Path,1,61,1.64
6c53f16d399d9914,kotlin/reflect/jvm/internal/impl/load/java/lazy/descriptors/LazyJavaPackageFragment$subPackages$1,1,9,11.11
4f468f0259b5e44e,com/nononsenseapps/feeder/di/ArchModelModuleKt$archModelModule$lambda$0$$inlined$singleton$default$8,1,1,100.0
2987a625cdf9ff84,com/nononsenseapps/feeder/FeederApplication$di_delegate$lambda$0$$inlined$bind$default$8,1,1,100.0
161c4f93615a4531,kotlin/reflect/jvm/internal/impl/descriptors/DescriptorVisibilities$7,1,9,11.11
8a197473da60f9ef,androidx/room/paging/util/RoomPagingUtil__RoomPagingUtilKt$queryDatabase$1,1,2,50.0
8bddccfadb46a19d,com/nononsenseapps/feeder/di/ArchModelModuleKt$archModelModule$lambda$0$$inlined$bindWithComposableViewModelScope$10,1,1,100.0
1dcb4c5b81ecce7d,androidx/room/TriggerBasedInvalidationTracker$startTrackingTable$1,1,2,50.0
72f699853060c51a,com/nononsenseapps/feeder/db/room/RemoteFeedDao_Impl,1,41,2.44
b7caa9e2e4bc848c,androidx/work/impl/model/WorkSpecDao_Impl$8,1,2,50.0
503d2d217e373d31,com/nononsenseapps/feeder/ui/compose/feed/FeedScreenKt$FeedScreen$4$4$1,1,3,33.33
bd39300f1efc0dd7,androidx/work/impl/model/WorkSpecDao_Impl$6,1,2,50.0
0a24015d1b6aee34,com/nononsenseapps/feeder/sync/SyncRestClient$special$$inlined$instance$default$1,1,1,100.0
b9334b0ae19e0df6,org/jsoup/parser/TokeniserState$60,1,14,7.14
dcf5f5b515c1c2d7,com/nononsenseapps/feeder/di/ArchModelModuleKt$archModelModule$lambda$0$$inlined$singleton$default$12,1,1,100.0
6c699e85b448f8ff,kotlinx/coroutines/channels/Channel,1,1,100.0
1e993ff85ee261e1,kotlin/UnsignedKt,1,62,1.61
f3cc31283a71c6f1,kotlin/reflect/jvm/internal/impl/builtins/BuiltInsLoader,1,1,100.0
4ae53bcfac18435a,kotlinx/coroutines/channels/ChannelResult$Failed,1,2,50.0
ce04da5b1910533f,kotlin/reflect/jvm/internal/impl/load/java/NullabilityAnnotationStates,1,1,100.0
604182126318ff39,com/nononsenseapps/feeder/background/RssSyncJobKt$runOnceRssSync$$inlined$instance$default$1,1,1,100.0
1fa39d25f8c8843a,com/nononsenseapps/feeder/model/RssNotificationsKt$getItemsToNotify$$inlined$instance$default$1,1,1,100.0
7342f614d7d10cff,androidx/core/view/AccessibilityDelegateCompat$AccessibilityDelegateAdapter,1,25,4.0
459d021b4d9eb493,kotlin/reflect/jvm/internal/impl/storage/SimpleLock,1,1,100.0
324bae84ce318c71,kotlin/reflect/jvm/internal/impl/metadata/ProtoBuf$MemberKind$1,1,3,33.33
6742734c23e2494d,androidx/compose/ui/text/input/InputMethodManagerImpl$imm$2,1,3,33.33
5c26e515334754d1,kotlin/reflect/jvm/internal/impl/descriptors/SourceElement$1,1,6,16.67
6bda79127630ba5f,com/nononsenseapps/feeder/sync/SyncRestClient$markAsRead$2,1,27,3.7
0a2bbb1dafcaa056,kotlin/reflect/jvm/internal/impl/builtins/jvm/JvmBuiltInsCustomizer$createMockJavaIoSerializableType$mockJavaIoPackageFragment$1,1,3,33.33
3cb31159ad1a3e20,kotlin/reflect/jvm/internal/impl/load/java/lazy/descriptors/LazyJavaScope$classNamesLazy$2,1,3,33.33
f434c4b46fc00193,androidx/compose/ui/platform/AndroidComposeView$dragAndDropManager$1,1,3,33.33
18d8230227404270,org/jsoup/select/Selector,1,54,1.85
e51931ec0dbca7bd,kotlinx/coroutines/flow/FlowKt__ReduceKt$firstOrNull$3,1,2,50.0
687fadd287d79c82,coil3/fetch/DataUriFetcher$Factory,1,4,25.0
1a30c811fc76715d,coil3/util/FileSystems_nonJsCommonKt,1,1,100.0
457a6e878bce7f2e,com/nononsenseapps/feeder/FeederApplication$di_delegate$lambda$0$7$$inlined$instance$default$1,1,1,100.0
f2b5a5e41c779403,androidx/window/layout/WindowMetricsCalculator,1,8,12.5
7ebb6f3a5c96f23d,org/jsoup/parser/TokeniserState$4,1,2,50.0
6121276b59ce80a8,coil3/request/RequestService_androidKt,1,1,100.0
8b9c02529fad8954,kotlin/reflect/jvm/internal/impl/load/java/lazy/descriptors/LazyJavaScope$propertyNamesLazy$2,1,3,33.33
64594a5a62b353f2,org/jsoup/parser/HtmlTreeBuilderState$13,1,47,2.13
62ad3e1100c88337,androidx/compose/foundation/lazy/layout/LazyLayoutBeyondBoundsModifierNode$Companion$emptyBeyondBoundsScope$1,1,2,50.0
d76a4087ce8da626,kotlin/reflect/jvm/internal/impl/utils/WrappedValues$1,1,2,50.0
730e35449b3de23e,org/jsoup/parser/Token$XmlDecl,1,14,7.14
2bedf213d4aef200,kotlin/reflect/jvm/internal/KClassImpl$Data$inheritedStaticMembers$2,1,3,33.33
864dd3833da6973a,androidx/paging/ConflatedEventBus$special$$inlined$mapNotNull$1$2$1,1,2,50.0
2cad3e4790b01d0c,com/nononsenseapps/feeder/di/ArchModelModuleKt$archModelModule$lambda$0$$inlined$bind$default$12,1,1,100.0
ac6e6363b46ec439,androidx/compose/runtime/Composer$Companion$Empty$1,1,2,50.0
db33ad9eb336bac4,androidx/navigation/compose/NavHostKt$NavHost$lambda$48$lambda$47$$inlined$onDispose$1,1,2,50.0
41319d9cb98e1a41,androidx/compose/ui/platform/AndroidUiDispatcher$Companion$currentThread$1,1,8,12.5
b78ca0b13547fd1d,androidx/compose/foundation/MutatorMutex$Mutator,1,7,14.29
f9e97cf52bfe718f,org/kodein/di/bindings/DIBinding$Copier,1,1,100.0
b7c2f9a348621977,org/jsoup/parser/TokeniserState$29,1,13,7.69
de1e8c86e824a5c9,kotlinx/coroutines/flow/FlowKt__TransformKt$onEach$$inlined$unsafeTransform$1$2$1,1,2,50.0
83417156528cdfe2,com/nononsenseapps/feeder/archmodel/SettingsStore$special$$inlined$instance$default$1,1,1,100.0
967a6e7e5477b30a,androidx/compose/ui/graphics/colorspace/Xyz,1,65,1.54
3b83a16def30eaa5,androidx/room/RoomDatabase$closeBarrier$1,1,3,33.33
5d383ca1c607181a,androidx/lifecycle/SavedStateHandleSupport$special$$inlined$Key$1,1,1,100.0
47f0ae28893fff61,androidx/core/view/WindowInsetsCompat$Impl31,1,9,11.11
0d0383cbe5b874e5,com/nononsenseapps/feeder/ui/MainActivity$special$$inlined$instance$default$3,1,1,100.0
62c7d5597eaab699,com/nononsenseapps/feeder/ui/compose/utils/FeederTextToolbarKt$WithFeederTextToolbar$$inlined$instance$default$1,1,1,100.0
f31b3f1d23d49065,org/jsoup/parser/TokeniserState$5,1,2,50.0
ed4b1e4c8b2ba797,androidx/paging/PageFetcherSnapshot$pageEventFlow$1$4$1,1,196,0.51
1d73c5d7837c8467,org/jsoup/parser/Token$EndTag,1,2,50.0
8f04e7cf91c406cf,androidx/compose/runtime/internal/System_jvmKt,1,1,100.0
aaf7cb6651766f2a,com/nononsenseapps/feeder/FeederApplication$di_delegate$lambda$0$$inlined$singleton$default$19,1,1,100.0
aed1066813db04b7,androidx/compose/runtime/external/kotlinx/collections/immutable/implementations/immutableList/UtilsKt,1,4,25.0
f3a5793a1d3b4878,com/nononsenseapps/feeder/base/DIAwareComponentActivity$di_delegate$lambda$0$$inlined$singleton$default$1,1,1,100.0
fc2ef1e1e8127a3f,com/nononsenseapps/feeder/di/ArchModelModuleKt$archModelModule$lambda$0$$inlined$bind$default$3,1,1,100.0
d006da4548231d8f,org/jsoup/parser/TokeniserState$32,1,7,14.29
