class_id,class_name,probes_hit,probes_total,pct
0457aace9a7d2f10,androidx/compose/runtime/ComposerImpl,919,1754,52.39
37e7b0992b9cfd82,androidx/compose/runtime/SlotWriter,663,1249,53.08
594b37f66a16f448,androidx/compose/ui/node/LayoutNode,518,1218,42.53
0aa23bae12a79884,androidx/work/impl/model/WorkSpecDao_Impl,493,1391,35.44
3176048f1bbd8283,androidx/compose/runtime/CompositionImpl,446,1213,36.77
3c5697f74ab2d487,androidx/compose/ui/platform/AndroidComposeView,440,1802,24.42
b6e0b128b50523e1,androidx/compose/ui/node/NodeCoordinator,409,1272,32.15
b375a773a89f2487,androidx/compose/material3/ScaffoldKt,382,575,66.43
2072d6349e9a69e8,kotlinx/coroutines/channels/BufferedChannel,379,1770,21.41
954c39f59db9f1f6,kotlinx/coroutines/JobSupport,366,790,46.33
0e8424ed78ef98fc,androidx/compose/runtime/Recomposer,364,1038,35.07
d2182abe9c41b95c,com/caverock/androidsvg/SVGAndroidRenderer,341,2028,16.81
b167355b3c78216d,com/rometools/rome/io/impl/XmlFixerReader,307,404,75.99
f62d6dc5e5f0e499,androidx/compose/material3/tokens/TypeScaleTokens,304,304,100.0
e4faec4ba6575157,androidx/navigation3/ui/NavDisplayKt__NavDisplayKt,303,630,48.1
58322c0b1e030d55,net/dankito/readability4j/processor/ArticleGrabber,302,741,40.76
d3b14d6d5c261d71,androidx/compose/ui/node/MeasurePassDelegate,301,551,54.63
a88a9cd6262b0804,androidx/compose/material3/FloatingActionButtonKt,277,1851,14.96
332ea8be20939e29,androidx/compose/ui/node/LookaheadPassDelegate,275,489,56.24
ca72b658dabc14b0,androidx/compose/runtime/snapshots/SnapshotKt,270,450,60.0
8c0d3f58dd8cee73,androidx/compose/ui/node/MeasureAndLayoutDelegate,253,631,40.1
9dcba29b3b2e2ffe,androidx/compose/material3/tokens/TypographyTokens,241,242,99.59
28e2e60e98dd7692,androidx/appcompat/app/AppCompatDelegateImpl,231,1298,17.8
1a496dd5529f52d6,com/caverock/androidsvg/SVGParser,229,1597,14.34
f8c8597ec4b0faa9,okio/Buffer,222,923,24.05
9e180a9c6eed1626,okhttp3/internal/CommonHttpUrl,220,649,33.9
0e29e6e966072a82,androidx/datastore/preferences/protobuf/MessageSchema,217,2416,8.98
8ba42f72080edee2,androidx/compose/animation/AnimatedVisibilityKt,211,658,32.07
1e706ee0f394e80e,androidx/compose/ui/text/TextStyle,205,1398,14.66
fee348db76feb641,me/ash/reader/ui/theme/palette/TonalPalettes,193,297,64.98
1cc262b90b6e2d4e,me/ash/reader/infrastructure/preference/Settings,180,502,35.86
c2ed10e4f478bde0,androidx/compose/ui/graphics/layer/GraphicsLayer,179,508,35.24
8a90a10f368e9b42,androidx/compose/animation/EnterExitTransitionKt,177,459,38.56
92a0e02f3f2edf06,androidx/compose/animation/core/TransitionKt,176,980,17.96
1d49eef4f37deb2e,androidx/compose/animation/core/Transition,173,366,47.27
e31b15bedf2addc0,androidx/compose/runtime/snapshots/MutableSnapshot,169,427,39.58
e0ae8359e50af8d1,androidx/compose/runtime/external/kotlinx/collections/immutable/implementations/immutableMap/TrieNode,167,469,35.61
8c70a54d1a5bb140,com/rometools/rome/io/impl/Atom10Parser,166,370,44.86
5e6859384caf6740,androidx/compose/material3/SurfaceKt,160,539,29.68
91036bfcc1dd7ae9,androidx/compose/ui/node/NodeKindKt,158,244,64.75
62724709f64de051,androidx/compose/runtime/SlotReader,152,245,62.04
41e80ec99ed59c38,com/caverock/androidsvg/SVGParser$ColourKeywords,151,152,99.34
0daf9edaa62bc3c0,androidx/compose/runtime/snapshots/SnapshotStateObserver$ObservedScopeMap,150,493,30.43
1aedec2e879ad7e9,androidx/compose/material3/ColorSchemeKt,149,819,18.19
3cceb301efa23605,androidx/room/RoomDatabase,147,287,51.22
3860a6460b4b0e66,kotlinx/coroutines/CancellableContinuationImpl,147,382,38.48
83395dbcd38f6d75,androidx/compose/runtime/Recomposer$runRecomposeAndApplyChanges$2,145,300,48.33
9512397302690487,me/ash/reader/domain/repository/AccountDao_Impl,145,262,55.34
b2ee4e2030eed67e,androidx/room/TriggerBasedInvalidationTracker,145,266,54.51
0821793b65ad420d,androidx/compose/ui/spatial/RectManager,144,418,34.45
dd79d583766f845f,com/rometools/modules/mediarss/io/MediaModuleParser,144,516,27.91
d406b311f323c78c,androidx/compose/material3/tokens/PaletteTokens,143,184,77.72
2c4675f24a05f01d,okhttp3/internal/connection/RealCall,138,276,50.0
164b5fd31ddc686c,androidx/compose/material/TextKt,138,715,19.3
227f79adfce920a7,me/ash/reader/ui/ext/DataStoreKey,134,150,89.33
12d2a73bba0ca0d8,androidx/compose/ui/platform/AndroidCompositionLocals_androidKt,133,173,76.88
184b68262b135391,org/jsoup/nodes/Element,132,411,32.12
64977303f2f15375,androidx/compose/animation/CrossfadeKt,130,222,58.56
9f20294f29d17847,okhttp3/CipherSuite,127,130,97.69
119f9ef438d29e76,androidx/compose/material3/ButtonKt,126,1073,11.74
486ec86c8b83dafc,androidx/compose/runtime/changelist/ComposerChangeListWriter,126,202,62.38
47c67a78fe50e244,androidx/compose/ui/node/NodeChain,125,580,21.55
9584b56c53efb3fc,androidx/compose/runtime/snapshots/SnapshotStateObserver,124,225,55.11
64b49aa3ba9c0cfd,androidx/compose/foundation/text/BasicTextKt,124,1067,11.62
36164563ea4b11cc,org/jsoup/parser/HtmlTreeBuilder,124,349,35.53
50a213b231e77547,kotlinx/coroutines/flow/SharedFlowImpl,123,363,33.88
d86d968530a6330c,com/caverock/androidsvg/SVGParser$1,123,243,50.62
5fe1187d00949821,androidx/compose/runtime/RecomposeScopeImpl,123,247,49.8
d29f3cd34ed2695a,androidx/compose/ui/draw/PainterNode,122,202,60.4
40194314b63a52a2,androidx/compose/foundation/lazy/LazyListMeasureKt,120,336,35.71
a6e90fb7747747fa,okio/ByteString,120,267,44.94
97f6a63b1ea8a858,me/ash/reader/infrastructure/android/MainActivity,119,244,48.77
cec5110f32228ad6,kotlinx/coroutines/scheduling/CoroutineScheduler,118,312,37.82
768e4adc7ff764fa,androidx/navigation3/runtime/DecoratedNavEntriesKt,118,200,59.0
d962cbd66b21c80f,me/ash/reader/ui/theme/palette/DynamicTonalPaletteKt,118,233,50.64
b9d7b4dad89ba6ca,androidx/compose/runtime/changelist/ChangeList,118,214,55.14
73fafc046eca3be8,kotlin/text/StringsKt__StringsKt,118,933,12.65
32644374cd50045f,androidx/fragment/app/FragmentManager,117,1316,8.89
7018bcb984430f90,androidx/compose/animation/AnimatedContentKt,116,272,42.65
37fadb5046f3aa0d,me/ash/reader/domain/repository/ArticleDao_Impl,115,1527,7.53
47cea403b1e2e1d6,kotlin/collections/CollectionsKt___CollectionsKt,115,1792,6.42
00df451686d9b7a7,androidx/collection/MutableScatterSet,115,393,29.26
a04ba5d474ef38bf,androidx/compose/animation/CrossfadeKt$Crossfade$5$1,114,135,84.44
97b73e7af94d3ef9,androidx/compose/foundation/layout/WindowInsetsHolder,114,161,70.81
977a3e1eebac02e8,androidx/compose/ui/text/SpanStyleKt,111,246,45.12
da3bd92272cbd456,com/google/gson/Gson,110,238,46.22
8d1c87103126726e,androidx/compose/runtime/snapshots/SnapshotStateList,110,278,39.57
d66ad0a4ab24e769,me/ash/reader/ui/theme/TypeKt,110,116,94.83
955e6a183cb2ee59,kotlinx/coroutines/EventLoopImplBase,110,189,58.2
97013127e73de3b5,androidx/compose/ui/layout/LayoutNodeSubcompositionsState,108,552,19.57
b803732879c69958,androidx/activity/ComponentActivity,108,317,34.07
d3ec5ee51269343a,okhttp3/internal/_UtilCommonKt,107,312,34.29
e7dd51096377f6b0,androidx/compose/ui/graphics/ReusableGraphicsLayerScope,106,139,76.26
d5f5799f9a0abad5,kotlinx/coroutines/scheduling/CoroutineScheduler$Worker,106,195,54.36
810adadb33dd45a0,com/rometools/rome/feed/synd/impl/ConverterForAtom10,106,382,27.75
de4c9fcfea4e41c3,me/ash/reader/ui/theme/palette/MaterialYouStandard,105,105,100.0
7fa9b481c6f14887,coil/request/ImageRequest$Builder,104,280,37.14
4a8d5b6f07ad73a6,okhttp3/OkHttpClient,104,172,60.47
978dd405cc1fe4b2,okhttp3/internal/connection/ConnectPlan,104,287,36.24
ebca02d6a71b17f1,androidx/compose/foundation/lazy/LazyListKt,104,238,43.7
aa154b8d7b66c6aa,okhttp3/internal/cache/DiskLruCache,104,422,24.64
2c71a37c2efc3fb5,androidx/work/impl/WorkerWrapper,104,242,42.98
0b848dc75fc4d065,androidx/datastore/core/DataStoreImpl,103,272,37.87
e96fd5c245bceb8e,androidx/lifecycle/LifecycleRegistry,103,140,73.57
50a86c3a8d0d8add,me/ash/reader/ui/component/base/RYScaffoldKt,103,229,44.98
fccba5abe04101af,me/ash/reader/ui/theme/palette/colorspace/zcam/Zcam,101,194,52.06
4a80d407bb976444,androidx/compose/ui/text/SpanStyle,100,510,19.61
cfe13f1dc0271734,org/jsoup/parser/HtmlTreeBuilderState$7,100,456,21.93
a59d2542e86630a4,kotlinx/coroutines/selects/SelectImplementation,100,221,45.25
cd390919848d3f6c,androidx/navigationevent/compose/NavigationEventHandlerKt,100,283,35.34
33c4031f7d9b6c0c,org/jdom2/input/sax/SAXHandler,99,304,32.57
7a0bef00e0aa17f8,coil/compose/AsyncImagePainter,99,157,63.06
e77782f595ea5cf9,com/rometools/modules/mediarss/types/Metadata,99,118,83.9
782fa8f44b36aa60,androidx/compose/ui/platform/GraphicsLayerOwnerLayer,99,247,40.08
2e427bcc16495f8a,coil/RealImageLoader,97,206,47.09
1536244136060bf3,me/ash/reader/ui/page/nav3/AppEntryKt,96,620,15.48
b3e19d141d3397d5,okio/Options$Companion,95,129,73.64
381dd119f6464e31,okhttp3/internal/concurrent/TaskRunner,95,153,62.09
c72514e9d36ae6fd,androidx/compose/material3/Typography,94,402,23.38
181b5c6b98a46adc,androidx/work/impl/model/WorkSpec,94,227,41.41
ed43aa9669ad99e0,androidx/compose/material3/TextKt,93,1332,6.98
2ce95db15c0cac83,androidx/compose/ui/text/android/TextLayout,92,349,26.36
755d4860ee0f9993,androidx/compose/runtime/DerivedSnapshotState,92,134,68.66
313c00c0bc861b21,okhttp3/OkHttpClient$Builder,92,247,37.25
ee80f53e6d842bba,me/ash/reader/ui/component/base/DynamicSVGImageKt,92,111,82.88
055393c7ea40dfad,me/ash/reader/infrastructure/preference/SettingsProvider,91,138,65.94
38bfef5e2477f419,okhttp3/internal/http2/Http2Stream,91,240,37.92
0cf2e8488b179fbc,me/ash/reader/infrastructure/rss/RssHelper,90,218,41.28
8d06444ab7f7e072,androidx/glance/appwidget/GlanceAppWidgetManager,88,279,31.54
556750710555b04c,androidx/collection/MutableScatterMap,87,264,32.95
e578859d4b64dff7,androidx/compose/ui/node/LayoutNodeLayoutDelegate,87,161,54.04
63acb07a26596611,com/caverock/androidsvg/SVGParser$SVGAttr,86,87,98.85
1f92ac36932d173a,me/ash/reader/ui/page/startup/StartupPageKt,86,157,54.78
88c89a42a4278ed1,androidx/compose/runtime/EffectsKt,85,194,43.81
01aed9b79baece31,androidx/compose/ui/node/DelegatingNode,84,199,42.21
dd7c4b33dafa2872,androidx/compose/runtime/internal/RememberEventDispatcher,83,189,43.92
ab5847472d407090,androidx/compose/animation/core/Transition$TransitionAnimationState,83,190,43.68
cf7504484b5a3b90,androidx/compose/runtime/snapshots/SnapshotIdSet,81,332,24.4
75d958ac791ab4f5,androidx/compose/foundation/lazy/LazyListState,80,248,32.26
babb78e0746e72d4,androidx/compose/material3/tokens/ShapeTokens,80,87,91.95
762d946d730bb6b8,okhttp3/internal/http2/Hpack,80,83,96.39
85895086ae3b76f6,me/ash/reader/domain/service/AccountService,79,189,41.8
2f988283925feb4f,androidx/work/impl/utils/EnqueueRunnable,79,137,57.66
7b5f30e1f17161cd,androidx/compose/foundation/text/modifiers/TextAnnotatedStringNode,79,297,26.6
4cdb337ac3a141f2,androidx/compose/animation/core/AnimateAsStateKt,79,388,20.36
7bef4bf17f0d2b70,okhttp3/internal/http2/Http2Connection,78,268,29.1
bef814fe5a687668,androidx/compose/material3/IconKt,78,240,32.5
424a3c12311726e0,org/jsoup/parser/CharacterReader,77,236,32.63
cf20109111ce377e,androidx/compose/ui/semantics/SemanticsProperties,77,88,87.5
ea1e16aa109e2b3c,androidx/compose/ui/text/AndroidParagraph,76,282,26.95
fe513c6643dbf3bd,androidx/compose/ui/node/LayoutNodeDrawScope,76,161,47.2
729eb093a80ef229,coil/request/ImageRequest,76,191,39.79
eb0f80f1a55d15e8,androidx/compose/ui/node/TraversableNodeKt,76,478,15.9
d88ec3659d696341,okhttp3/ConnectionSpec,75,113,66.37
455513d45fbb89df,androidx/work/impl/background/systemjob/SystemJobScheduler,74,167,44.31
656a8e485c595d61,androidx/compose/runtime/snapshots/Snapshot$Companion,74,265,27.92
311838c526c1bcdd,androidx/compose/ui/layout/InsetsListener,74,192,38.54
11c8d0009b8c4538,androidx/compose/ui/graphics/drawscope/CanvasDrawScope,74,274,27.01
68d0cf4985c64567,com/rometools/rome/io/XmlReader,73,269,27.14
e4b528cc533ead76,okio/internal/-Path,72,327,22.02
c3af01a6fde44be5,androidx/compose/runtime/DerivedSnapshotState$ResultRecord,71,90,78.89
4e7069a74fcd0d26,org/jsoup/parser/TokeniserState,70,127,55.12
bf1c6fdac31a3409,androidx/collection/MutableObjectIntMap,70,186,37.63
22dafc9558ba0877,coil/intercept/EngineInterceptor,70,215,32.56
ba3ee4fae151eaa3,androidx/compose/ui/graphics/layer/GraphicsLayerV29,70,167,41.92
9f4cadff226a6bce,androidx/compose/foundation/ImageKt,70,185,37.84
b365e3cf01e50fb0,androidx/compose/runtime/ComposerImplKt,70,159,44.03
c5903b2657e7cf9a,androidx/compose/ui/node/LookaheadCapablePlaceable,69,294,23.47
329b360ad6be4681,androidx/compose/ui/unit/ConstraintsKt,69,136,50.74
58c4e02eeb7b64c6,androidx/compose/ui/platform/CompositionLocalsKt,69,105,65.71
35a405a9b714bf59,androidx/compose/ui/graphics/colorspace/Rgb$Companion,68,131,51.91
df55f4bf374f60ee,kotlinx/coroutines/flow/StateFlowImpl,68,96,70.83
0557b6bec9f67d3c,androidx/compose/ui/graphics/vector/VectorPainterKt,67,293,22.87
06ebe3f849f603ac,me/ash/reader/ui/component/base/DisplayTextKt,67,107,62.62
a97733f1f28a1112,androidx/work/impl/Processor,67,158,42.41
8053029b5c66de47,androidx/compose/runtime/SlotWriter$Companion,66,115,57.39
03d5d8e1408dfe2d,kotlinx/coroutines/internal/LockFreeLinkedListNode,66,105,62.86
4a231fdf0a8659dc,androidx/datastore/preferences/protobuf/UnsafeUtil,66,179,36.87
01f45b2ef7250701,me/ash/reader/domain/data/DiffMapHolder,66,180,36.67
d7f34367281c458d,androidx/navigationevent/NavigationEventProcessor,66,283,23.32
0ba027de3cabd018,androidx/compose/ui/layout/SubcomposeLayoutKt,65,99,65.66
81dc869dd7c11345,androidx/compose/ui/text/MultiParagraph,65,412,15.78
c07e45bb6da18c9b,androidx/datastore/preferences/protobuf/FieldType,65,129,50.39
c47a61594fc604cc,me/ash/reader/ui/page/startup/ComposableSingletons$StartupPageKt,65,148,43.92
b5c3bc6eab58195a,androidx/work/impl/WorkDatabase_Impl,65,121,53.72
a4fc07492da91166,me/ash/reader/infrastructure/preference/PreferenceKt,65,65,100.0
77c6acb7d0792901,androidx/collection/MutableIntObjectMap,64,189,33.86
8250bb305626e981,com/rometools/rome/feed/impl/BeanIntrospector,64,99,64.65
de7a4dc77ea822aa,androidx/compose/foundation/lazy/layout/LazyLayoutKt,64,128,50.0
655b50d46144e946,androidx/compose/ui/platform/AbstractComposeView,64,156,41.03
a3e1399e40c34476,okhttp3/internal/_CacheControlCommonKt,64,147,43.54
a86e63f3fbbaf2c0,androidx/compose/runtime/saveable/SaveableStateHolderImpl,63,113,55.75
5a42983440bc6c34,androidx/compose/runtime/Pending,63,166,37.95
b6020f63a520cfa5,androidx/compose/ui/text/ParagraphStyleKt,63,115,54.78
fa6a0412feda7a4a,androidx/compose/runtime/changelist/Operations,63,214,29.44
67d3bf00f0f0ee3f,org/jsoup/nodes/Attributes,62,132,46.97
27262b4ab93b7383,androidx/compose/foundation/text/modifiers/TextStringSimpleNode,62,197,31.47
c1e0fae8e7a3f2c7,androidx/compose/foundation/layout/BoxKt,62,146,42.47
80a5ea28923884b1,androidx/compose/ui/platform/WindowRecomposer_androidKt,62,90,68.89
c365ab51437bc9d3,org/jsoup/nodes/Node,61,202,30.2
f572b6563e4b599d,androidx/compose/ui/graphics/GraphicsLayerModifierKt,61,207,29.47
8282e8ee6085e360,com/ireward/htmlcompose/HtmlTextKt,61,163,37.42
d02a6761e1226db0,androidx/concurrent/futures/AbstractResolvableFuture,61,302,20.2
c7374d8ea1f557d5,androidx/compose/ui/graphics/vector/PathParserKt,61,156,39.1
ef46dc1910891e07,okhttp3/internal/_HeadersCommonKt,61,161,37.89
06d8beb6cedcd730,androidx/compose/ui/graphics/vector/GroupComponent,60,152,39.47
99ea69526b4dda5d,androidx/compose/foundation/lazy/LazyListKt$rememberLazyListMeasurePolicy$1$1,60,95,63.16
3cf6f9a1586edf50,com/google/gson/internal/bind/TypeAdapters,60,63,95.24
026030da6e78b5f3,me/ash/reader/domain/repository/FeedDao_Impl,60,430,13.95
a3b5a5ddf77ad88d,me/ash/reader/infrastructure/android/DaggerAndroidApp_HiltComponents_SingletonC$SingletonCImpl,60,67,89.55
08f3e1fcd230c727,androidx/work/impl/background/greedy/GreedyScheduler,60,122,49.18
bc7b2bc551f3f985,androidx/compose/ui/spatial/RectList,60,324,18.52
24ebe666ee3e6487,androidx/compose/animation/AnimatedContentKt$AnimatedContent$6$1,59,74,79.73
c4e7f43ec2d81e55,androidx/work/impl/WorkContinuationImpl,59,83,71.08
4483accebe8d00b3,com/rometools/rome/feed/synd/SyndEntryImpl,59,99,59.6
b1c5f63105e8de9c,androidx/compose/runtime/SlotTableKt,59,196,30.1
0ba5416c633b3723,androidx/compose/runtime/SnapshotStateKt__SnapshotFlowKt$snapshotFlow$1,59,108,54.63
fa7d121ec8d3fe45,androidx/compose/animation/core/SuspendAnimationKt,59,162,36.42
b876abf6c07df61e,org/slf4j/LoggerFactory,58,190,30.53
2903b04041df1140,androidx/compose/runtime/snapshots/SnapshotStateMap,58,249,23.29
86d2587f8fe0fc4b,androidx/room/driver/SupportSQLiteStatement$SupportAndroidSQLiteStatement,58,100,58.0
befd8fe6444c3b0a,me/ash/reader/ui/theme/ThemeKt,58,92,63.04
6ebde526db0d8439,androidx/work/Data$Companion,58,246,23.58
db22fbc1dc100a50,me/ash/reader/domain/service/AbstractRssRepository,58,365,15.89
283fd5ceec7c6b74,net/dankito/readability4j/processor/Postprocessor,57,90,63.33
99ea112a1cd097ba,androidx/compose/ui/graphics/colorspace/ColorSpaces,56,139,40.29
3cf18de831182b5d,androidx/appcompat/widget/ResourceManagerInternal,56,216,25.93
5318891a90111ad0,androidx/compose/ui/text/platform/extensions/TextPaintExtensions_androidKt,56,125,44.8
ab55efb57cd921f8,androidx/compose/ui/layout/Placeable$PlacementScope,56,204,27.45
830416834227ebb9,kotlinx/coroutines/internal/ThreadSafeHeap,56,134,41.79
f0fa9293f8ffb854,androidx/compose/ui/text/font/FontMatcher,55,264,20.83
517dfec51c1b36e4,androidx/compose/material3/ButtonDefaults,55,527,10.44
9ee6e419a7fd1607,androidx/compose/ui/graphics/Color,55,129,42.64
613cfba3c3e5b5db,okhttp3/internal/http2/Http2Reader,55,162,33.95
95106c09c2687661,okhttp3/Response$Builder,55,89,61.8
dbf7f53c552cb5b2,androidx/compose/ui/text/platform/extensions/SpannableExtensions_androidKt,55,325,16.92
11cb84cc2c182aff,okhttp3/Cache$Entry,55,154,35.71
a22c778a5c327260,androidx/compose/foundation/lazy/LazyListMeasuredItem,55,156,35.26
b0bd2372dc920fa3,androidx/work/impl/Schedulers,54,73,73.97
0af682d77278db04,okio/RealBufferedSource,54,351,15.38
e432d28d17a58201,androidx/compose/material3/tokens/ColorDarkTokens,54,97,55.67
85a32fd7913a5d39,androidx/compose/runtime/internal/ComposableLambdaImpl,54,310,17.42
23371f5295dbe494,androidx/compose/material3/tokens/ColorLightTokens,54,97,55.67
02843d668afbe60a,coil/request/DefaultRequestOptions,54,135,40.0
a0db5e5799b9b275,androidx/compose/ui/graphics/ColorKt,54,234,23.08
f8bacb91e8f4a2fa,okio/RealBufferedSink,54,207,26.09
db8edf2bd0ef4868,androidx/compose/ui/graphics/vector/VectorComponent,54,89,60.67
c58a06338ad00954,androidx/compose/runtime/collection/ScopeMap,53,219,24.2
64da0af270439dc5,androidx/work/impl/model/WorkSpecDao_Impl$1,53,60,88.33
bd5523f2c089b2eb,me/ash/reader/ui/component/base/TipsKt,53,70,75.71
b3dc9597d423bf7c,org/jdom2/Element,53,425,12.47
e99fe5e0037dff2b,org/jdom2/Verifier,53,279,19.0
1333a9d8f3a1db6e,okhttp3/internal/http2/Hpack$Reader,53,109,48.62
4a502f9a4daf94e0,okhttp3/internal/http2/Http2Stream$FramingSource,53,105,50.48
70ed071004e1ce9b,androidx/compose/runtime/collection/MutableVector,53,355,14.93
4002dd740156a351,androidx/compose/ui/node/LookaheadDelegate,53,97,54.64
ca559e6205f1b4bc,okhttp3/internal/http2/Hpack$Writer,52,107,48.6
b813c254f70d41e6,androidx/datastore/preferences/protobuf/GeneratedMessageLite,52,236,22.03
e16d973954ba8f18,androidx/compose/ui/platform/AndroidUiDispatcher,52,67,77.61
d6c0724336a81d18,androidx/compose/ui/Modifier$Node,52,97,53.61
f75b975277d62bcb,okhttp3/internal/http2/Http2Writer,52,151,34.44
30fbc7f0cb6d6244,androidx/compose/runtime/saveable/RememberSaveableKt,52,124,41.94
c7dc358d8a7ff9f9,androidx/work/impl/WorkManagerImpl,51,165,30.91
cd34a82907728861,androidx/compose/ui/graphics/vector/PathComponent,51,95,53.68
d21fdbe39e09bbef,androidx/compose/material3/tokens/ColorSchemeKeyTokens,51,53,96.23
b0db54fd5a776f31,kotlinx/coroutines/channels/BufferedChannelKt,51,71,71.83
ce8387a45dc3e07c,okhttp3/Dispatcher,51,134,38.06
10c80d398aa78e99,androidx/compose/ui/graphics/vector/ImageVector$Builder,51,114,44.74
6b228f30ed2756f8,androidx/collection/ScatterMap,51,376,13.56
11e7ac7d4b38f62d,kotlin/collections/builders/MapBuilder,50,258,19.38
8e681c3fac191b52,okhttp3/internal/_ResponseCommonKt,50,85,58.82
4480431ff0c4f984,com/rometools/rome/feed/synd/SyndFeedImpl,50,127,39.37
9c87ed264d3ac980,androidx/compose/material3/ColorSchemeKt$WhenMappings,50,98,51.02
c27984c253168cb1,androidx/compose/material3/FloatingActionButtonElevation,50,83,60.24
adb5ccd5de6a9e36,org/jdom2/input/SAXBuilder,49,190,25.79
61b90323d16ff9a2,androidx/compose/foundation/text/modifiers/ParagraphLayoutCache,49,153,32.03
1943bc1e1af51180,androidx/compose/material3/MaterialThemeKt,49,236,20.76
7a88c8af9e6bbd3e,androidx/compose/ui/node/BackwardsCompatNode,49,283,17.31
217f0a2c9629439d,me/ash/reader/domain/model/account/Account,49,105,46.67
7d9d2cf0f64885d0,androidx/compose/material/icons/automirrored/rounded/SubjectKt,48,48,100.0
5c0b637cd8420c2e,androidx/work/Configuration,48,71,67.61
a91b0376f74e8f93,me/ash/reader/ui/theme/palette/colorspace/rgb/RgbColorSpace,48,80,60.0
1e7f26c56dede6db,kotlin/collections/ArraysKt___ArraysJvmKt,48,1082,4.44
afeb7cc04179681b,org/jsoup/nodes/Entities,48,102,47.06
f9d371e188d69cd6,okhttp3/internal/connection/RouteSelector,48,88,54.55
0f1c155aa83ebb12,kotlinx/coroutines/internal/DispatchedContinuation,47,183,25.68
84ca95309f6a64df,androidx/compose/ui/text/MultiParagraphIntrinsics,47,84,55.95
4a54f9c51332eb6d,org/jsoup/parser/Tag,47,97,48.45
59adf1d684664327,me/ash/reader/domain/service/LocalRssService$sync$2,47,78,60.26
075fefc736c60661,com/google/gson/internal/$Gson$Types,47,201,23.38
2bad978945b8e5da,me/ash/reader/infrastructure/preference/AccountSettingsKt,47,78,60.26
f945d87dbe0042eb,androidx/datastore/core/okio/OkioStorageConnection,47,117,40.17
78babc35bbae5b53,androidx/datastore/preferences/core/MutablePreferences,46,96,47.92
dae8e28abbfc2407,androidx/compose/ui/platform/AndroidComposeViewAccessibilityDelegateCompat,46,2080,2.21
8f2adcc48f4c36fb,me/ash/reader/ui/theme/palette/core/CompositionLocalsKt,46,79,58.23
605852b3eb5cf507,okhttp3/internal/connection/RealRoutePlanner,46,153,30.07
8b1539d8a9275656,kotlin/collections/ArrayDeque,46,375,12.27
a2a590f72d1a714c,androidx/compose/ui/autofill/AndroidAutofillManager,46,202,22.77
e2e4773ba7abdd74,androidx/compose/foundation/layout/SizeKt,46,210,21.9
1537103185a975e7,org/jsoup/helper/StringUtil,46,106,43.4
3d823cd6cd26d525,androidx/collection/MutableIntSet,46,180,25.56
d614c724ca5141b1,coil/compose/AsyncImagePainterKt,46,107,42.99
bf732efa1016c20b,kotlinx/coroutines/channels/BufferedChannel$BufferedChannelIterator,45,133,33.83
4142ac21e47a78ff,com/caverock/androidsvg/SVGParser$SVGElem,45,47,95.74
65cb9cb61c8777d9,androidx/datastore/preferences/protobuf/CodedOutputStream$OutputStreamEncoder,45,129,34.88
1ef121301c76579b,androidx/room/InvalidationTracker,45,173,26.01
3f2641d0ff4f957d,androidx/room/RoomDatabase$Builder,45,175,25.71
3aa4fa7ecac0ddd0,kotlinx/coroutines/scheduling/WorkQueue,45,120,37.5
14ddcad835f056f4,androidx/room/util/DBUtil__DBUtil_androidKt,45,98,45.92
8220891eeb49bd02,androidx/compose/ui/node/LayoutModifierNodeCoordinator,45,157,28.66
78f355cca6deef1b,androidx/compose/ui/node/InnerNodeCoordinator,44,97,45.36
33f0f7115d755f2e,net/dankito/readability4j/processor/MetadataParser,44,128,34.38
2ee7addd6b12274a,com/caverock/androidsvg/NumberParser,44,67,65.67
7fb51ebe9f8a0fd4,androidx/work/impl/utils/ForceStopRunnable,44,127,34.65
3ae118fd5e65804e,kotlinx/coroutines/DispatchedTaskKt,44,88,50.0
238353dc42e6d2d3,androidx/compose/runtime/SlotTable,43,518,8.3
d75e4974d6fbed08,androidx/compose/runtime/Recomposer$recompositionRunner$2,43,84,51.19
4873fd5a2c5adf8a,androidx/compose/foundation/text/modifiers/MultiParagraphLayoutCache,43,160,26.88
698d5a2370b948b5,me/ash/reader/ui/theme/palette/TonalPalettes$Companion,43,47,91.49
1f8656410ea0a914,okhttp3/internal/http2/Http2Connection$ReaderRunnable,43,134,32.09
55449cb17266e996,androidx/compose/material/icons/rounded/StarOutlineKt,43,45,95.56
1eeeb43b8d20b4b5,androidx/work/Constraints,43,130,33.08
fb2bfde8aac91f77,okhttp3/internal/connection/RealConnectionPool,43,150,28.67
d95a2cf2cde5ccb8,androidx/compose/ui/semantics/SemanticsActions,43,64,67.19
6a1838971c6979fc,androidx/compose/foundation/lazy/LazyDslKt,43,684,6.29
a07409d2aa6abb91,kotlinx/coroutines/DefaultExecutor,43,125,34.4
a13377a795dc7e7d,androidx/compose/material3/adaptive/navigation/ThreePaneScaffoldNavigatorKt,43,122,35.25
38781665c966043b,androidx/compose/runtime/SnapshotStateKt__ProduceStateKt,42,125,33.6
3c680e3228673edf,kotlin/text/Regex,42,96,43.75
e56f1b34cf6ff49f,androidx/compose/animation/core/VectorizedFloatAnimationSpec,42,63,66.67
c1d1686275b63ba6,androidx/compose/foundation/layout/PaddingKt,42,101,41.58
792ede3029856168,androidx/activity/result/ActivityResultRegistry,42,153,27.45
b48f40723f7a5819,androidx/compose/ui/graphics/colorspace/Rgb,42,162,25.93
94ee71f4bff641b6,androidx/room/RoomConnectionManager,42,72,58.33
d8a57c1adc0b593e,androidx/compose/ui/semantics/SemanticsPropertiesKt,41,233,17.6
36c5605b9cf7abc2,androidx/lifecycle/compose/RememberLifecycleOwnerKt,41,60,68.33
cbd2d9d256302016,androidx/compose/ui/graphics/drawscope/DrawScope,41,378,10.85
bc803b859dda5050,okhttp3/internal/_UtilJvmKt,41,227,18.06
85a7968afb2222e8,org/jdom2/ContentList,41,162,25.31
4742532e37776c26,androidx/compose/ui/graphics/colorspace/ColorSpaceKt,41,103,39.81
be1b41cd8cd70b59,androidx/sqlite/db/framework/FrameworkSQLiteOpenHelper$OpenHelper,41,107,38.32
e40e6e204b2c996c,androidx/compose/material3/MinimumInteractiveModifierNode,41,52,78.85
78834f2862abcc4e,com/rometools/rome/feed/module/DCModuleImpl,41,103,39.81
d8c3209c6e138fce,com/google/accompanist/drawablepainter/DrawablePainter,41,57,71.93
10cff77eea7ab442,coil/request/RequestService,41,79,51.9
ba99336797e0651b,okhttp3/HttpUrl$Builder,41,86,47.67
a495308b46326d2a,androidx/compose/ui/node/DelegatableNodeKt,41,1308,3.13
50ff5977f2be64c6,androidx/compose/ui/node/RulerTrackingMap,41,80,51.25
4fe0448100912f46,me/ash/reader/ui/theme/palette/colorspace/rgb/Rgb,40,67,59.7
82915faa1900627f,androidx/compose/ui/unit/Constraints,40,88,45.45
912f164da74f26d4,me/ash/reader/domain/service/SyncWorker$Companion,40,59,67.8
204176b0507f8105,okio/FileHandle,40,247,16.19
df13fac7ef69a611,androidx/compose/foundation/layout/SizeNode,40,133,30.08
f4365125c638cc9c,androidx/room/BaseRoomConnectionManager,40,209,19.14
1efb6284dd55330a,kotlinx/serialization/internal/PlatformKt,40,215,18.6
fe687ffec6db73c3,net/dankito/readability4j/processor/ProcessorBase,40,60,66.67
4650c75dec5f7129,androidx/compose/ui/graphics/BlendMode,40,105,38.1
51b0d102bb3da6a7,kotlinx/coroutines/DispatchedTask,40,64,62.5
8f0f06a4906f8465,androidx/compose/ui/text/android/style/LineHeightStyleSpan,40,77,51.95
852f869d1bfe0796,okhttp3/internal/concurrent/TaskQueue,40,158,25.32
da4073b0d3eb5af6,okhttp3/internal/cache/CacheInterceptor,39,105,37.14
e5b69cc23d632970,kotlinx/coroutines/JobSupport$Finishing,39,66,59.09
9d2bbae8a36ccaef,androidx/work/impl/background/systemjob/SystemJobInfoConverter,39,83,46.99
b3d19e6edde51e39,androidx/compose/foundation/lazy/layout/MutableIntervalList,39,67,58.21
3bca0293f618f47e,androidx/compose/runtime/snapshots/TransparentObserverMutableSnapshot,39,62,62.9
e16823019142f320,androidx/appcompat/app/AppCompatDelegate,38,135,28.15
c95820defd2eb423,com/rometools/rome/io/impl/PluginManager,38,50,76.0
7bce01297a79c19c,androidx/compose/animation/AnimatedContentMeasurePolicy,38,140,27.14
2b3f5ff912ab47a9,androidx/compose/ui/graphics/BezierKt,38,445,8.54
dbd95ed399675d83,androidx/work/impl/model/WorkTypeConverters,38,145,26.21
cf7b66189bd111b5,okhttp3/internal/http/RealInterceptorChain,38,77,49.35
22f79d757ba78c36,org/jsoup/parser/HtmlTreeBuilderState,38,51,74.51
7be3fe4d6a80a645,androidx/compose/animation/EnterExitTransitionModifierNode,38,129,29.46
140bc2b239b724d8,okhttp3/internal/connection/RealConnection,38,207,18.36
7e100a2da6e65f46,kotlin/collections/ArraysKt___ArraysKt,38,10747,0.35
0dd27a66c9970c70,okio/AsyncTimeout,38,77,49.35
3b4672654935d2b1,androidx/work/impl/model/SystemIdInfoDao_Impl,38,63,60.32
c09ef4cb5eed9cbe,me/ash/reader/domain/service/LocalRssService$sync$2$1$2$1,38,59,64.41
47e11b03825de72b,androidx/compose/material3/adaptive/layout/ThreePaneScaffoldValueKt,38,215,17.67
8effdf3d98a73245,androidx/savedstate/serialization/SavedStateCodecUtils_androidKt,38,42,90.48
60edb85d2211a6f3,me/ash/reader/ui/theme/palette/dynamic/WallpaperColorsKt,38,58,65.52
1e4f3146a7562b45,androidx/compose/animation/SharedTransitionScopeKt$SharedTransitionLayout$1,37,49,75.51
6030e4cf808a2732,androidx/datastore/preferences/core/PreferencesSerializer,37,60,61.67
71a0bee6c44d28a4,androidx/compose/ui/text/android/TextLayout_androidKt,37,96,38.54
141dd01ae32e81d3,okhttp3/internal/connection/FastFallbackExchangeFinder,37,68,54.41
cf99b2c18a605025,androidx/compose/foundation/layout/WindowInsetsHolder$Companion,37,47,78.72
05fb64cca2b664c7,okhttp3/internal/platform/Android10Platform,37,64,57.81
62f1fbae09907b44,androidx/compose/ui/node/LayoutNode$calculateSemanticsConfiguration$1,37,52,71.15
340ea7cce93774ab,kotlinx/serialization/json/JsonConfiguration,37,90,41.11
ac9d2c79a97dbdc1,androidx/work/impl/background/systemjob/SystemJobService,37,75,49.33
14129555b8404e73,okio/AsyncTimeout$Companion,37,56,66.07
da696fa5c7a86596,androidx/datastore/preferences/protobuf/CodedInputStreamReader,37,543,6.81
7cea75761d2e0c15,androidx/compose/ui/layout/WindowInsetsRulers_androidKt,37,169,21.89
1012bcb8908c65eb,com/caverock/androidsvg/SVG,37,249,14.86
4b6d23af61aef392,me/ash/reader/ui/theme/palette/core/ColorSpacesKt,37,126,29.37
590c334d1ab06b37,androidx/compose/ui/graphics/AndroidCanvas,37,143,25.87
43fb2722e6179ef3,androidx/compose/material/icons/rounded/CheckCircleOutlineKt,37,39,94.87
3ad09f9f78105c96,androidx/compose/foundation/layout/BoxMeasurePolicy,36,69,52.17
41d5202f2143e267,com/rometools/rome/io/impl/PropertiesLoader,36,53,67.92
e0119d7072956d0f,androidx/room/RoomOpenHelper,36,95,37.89
67f17eca0875d235,androidx/collection/MutableObjectFloatMap,36,188,19.15
74f38584572b8341,androidx/room/ObservedTableStates,36,48,75.0
4c81d92b08919bf5,androidx/work/WorkRequest$Builder,36,91,39.56
01de0f38fc26159a,kotlinx/coroutines/EventLoop,36,56,64.29
69fd9a838ab9fe5c,kotlin/collections/MapsKt__MapsKt,36,269,13.38
a1b480c38b91e4fd,androidx/compose/material/icons/outlined/InfoKt,36,38,94.74
52f1f7527cb497e6,androidx/navigation3/scene/SceneSetupNavEntryDecorator,36,53,67.92
5aec2ba5ca58e8ea,okhttp3/internal/http2/Http2ExchangeCodec$Companion,36,41,87.8
d7115039d86907a9,org/jsoup/parser/Token$Tag,36,61,59.02
8a647d3f0190097d,androidx/datastore/preferences/protobuf/CodedInputStream$StreamDecoder,36,332,10.84
84bde0f7628f84b5,androidx/fragment/app/FragmentActivity,35,112,31.25
62ae198db82a050e,androidx/compose/ui/spatial/ThrottledCallbacks,35,272,12.87
79d44aa7e2da37b9,androidx/compose/ui/node/OnPositionedDispatcher,35,44,79.55
59af9e85908cf1d4,androidx/room/RoomDatabaseKt__RoomDatabaseKt,35,103,33.98
33a86caeab7a73ac,androidx/compose/ui/graphics/colorspace/TransferParameters,35,113,30.97
617618014f89beee,me/ash/reader/ui/svg/SVGStringKt,35,61,57.38
31ab30f50ad367ad,kotlinx/coroutines/internal/DispatchedContinuationKt,35,135,25.93
d70527f0eb3ff637,okhttp3/internal/http/CallServerInterceptor,35,91,38.46
fa7b0fa10020e59e,androidx/compose/foundation/AbstractClickableNode,35,320,10.94
a72911001e655c43,androidx/compose/ui/node/DepthSortedSetsForDifferentPasses,35,102,34.31
10c15c9c51c9c759,okhttp3/internal/_HostnamesCommonKt,35,162,21.6
23f66f9d4cc2441c,kotlin/collections/CollectionsKt__CollectionsKt,34,145,23.45
e81319947ed50800,okio/Path,34,195,17.44
00416f18ae28897f,androidx/savedstate/internal/SavedStateRegistryImpl,34,121,28.1
23751d21e2c61476,androidx/compose/animation/AnimatedContentTransitionScopeImpl,34,121,28.1
bf49d3cade1c99dc,androidx/compose/runtime/changelist/FixupList,34,50,68.0
56d02d83fa7b8df8,kotlin/collections/builders/ListBuilder,34,144,23.61
472e140467435aa2,androidx/compose/foundation/lazy/layout/LazyLayoutItemAnimator,34,390,8.72
bb5099230d8e3c8a,okhttp3/internal/connection/Exchange,34,81,41.98
0134f15eb578f0b2,androidx/compose/animation/core/SeekableTransitionState,34,309,11.0
a707b13d1a3cf427,okhttp3/Cache$Companion,34,63,53.97
c0d9ae8a20b516b2,androidx/compose/foundation/lazy/layout/LazySaveableStateHolder,34,66,51.52
94b72d69d4ca744e,me/ash/reader/ui/theme/palette/colorspace/zcam/Zcam$Companion,34,34,100.0
611915073dbf7535,androidx/compose/runtime/SnapshotStateKt__SnapshotFlowKt,34,48,70.83
36972e0fb9a71c59,androidx/compose/ui/text/SaversKt,34,672,5.06
0b31c4c21060e0e7,androidx/compose/animation/core/TargetBasedAnimation,34,67,50.75
915b1375a87c6adc,androidx/compose/foundation/layout/RowColumnMeasurePolicyKt,33,121,27.27
85c43a7da46a9a54,androidx/compose/foundation/lazy/LazyListScrollPosition,33,61,54.1
6fca98b1ab6e1e22,androidx/compose/foundation/gestures/ScrollableNode,33,142,23.24
0ae12ce97b441ea2,androidx/lifecycle/SavedStateHandleSupport,33,47,70.21
bfaca31d9f0e4777,androidx/compose/ui/layout/LookaheadScopeKt,33,66,50.0
f523bd02eae42789,androidx/compose/runtime/snapshots/Snapshot,33,72,45.83
b9f2a0afb0bba1f4,kotlinx/coroutines/EventLoopImplBase$DelayedTask,33,51,64.71
3733a1be820a3cd1,kotlinx/coroutines/flow/internal/AbstractSharedFlow,33,51,64.71
9e6cda8f0aa3c757,androidx/navigationevent/NavigationEventDispatcher,33,120,27.5
cb3f34d39933efc5,kotlinx/coroutines/internal/LimitedDispatcher,33,71,46.48
fc09daeef3d0bf27,me/ash/reader/domain/service/SyncWorker,33,45,73.33
9066e61d45547985,androidx/collection/ArraySet,33,239,13.81
d3da5265c1938c25,androidx/compose/material3/tokens/TypographyKeyTokens,33,35,94.29
bf9102f7bc448d92,androidx/compose/ui/text/android/StaticLayoutParams,33,58,56.9
018a650adb2f2b93,androidx/compose/runtime/internal/AwaiterQueue,33,60,55.0
5cccdc647d3a09d5,net/dankito/readability4j/processor/Preprocessor,33,94,35.11
8aad2f6ebb0584de,androidx/compose/foundation/lazy/layout/LazyLayoutPinnableItemKt,33,54,61.11
00c4aab02244f4fc,coil/util/-Utils,33,177,18.64
fdcb9349a6cfa8f7,okhttp3/ConnectionSpec$Builder,32,64,50.0
53333b291d4556f5,kotlinx/coroutines/BuildersKt__Builders_commonKt,32,46,69.57
097ddd33fccf4e4c,me/ash/reader/domain/model/feed/Feed,32,76,42.11
7920f2d670981306,androidx/compose/ui/graphics/vector/DrawCache,32,51,62.75
5fde4b8403509d66,androidx/profileinstaller/ProfileVerifier,32,83,38.55
77e551b7ab5807dc,androidx/compose/ui/text/AndroidParagraph_androidKt,32,85,37.65
397f7ade067aabd4,me/ash/reader/infrastructure/db/AndroidDatabase_Impl,32,34,94.12
6687c26ef8857373,coil/ComponentRegistry,32,56,57.14
b02228603d0bf755,androidx/compose/material3/TypographyKt$WhenMappings,32,62,51.61
ec4ceba6ee1d1b40,me/ash/reader/domain/repository/AccountDao_Impl$1,32,40,80.0
5237887f4473c81a,com/google/gson/stream/JsonWriter,32,185,17.3
d84b058920910aa2,androidx/compose/runtime/ComposerKt,32,221,14.48
c262effa9d254d1e,androidx/compose/foundation/layout/RowMeasurePolicy,32,61,52.46
4bb22d6a83a62621,org/jdom2/Namespace,31,59,52.54
b73101b46b92f975,androidx/compose/material/icons/rounded/StarKt,31,33,93.94
a21a8518d9e5fb6e,androidx/compose/ui/text/platform/AndroidParagraphIntrinsics,31,61,50.82
6f84093e34665adb,me/ash/reader/domain/repository/AccountDao_Impl$3,31,43,72.09
40d5af4a707db703,androidx/compose/ui/layout/Placeable,31,34,91.18
1e6672459aee9f81,androidx/work/impl/model/DependencyDao_Impl,31,67,46.27
caddd2728a64bbba,androidx/compose/material3/adaptive/navigation/DefaultThreePaneScaffoldNavigator,31,121,25.62
206a5a0f782e2983,kotlin/ranges/RangesKt___RangesKt,31,535,5.79
3595026c57170c8e,org/jsoup/parser/TokenQueue,31,155,20.0
6f1dc4dbf55e93f6,androidx/navigation3/scene/SceneStateKt,31,57,54.39
a8def274c804dd55,androidx/compose/ui/contentcapture/AndroidContentCaptureManager,31,433,7.16
8121b81326894f7d,androidx/compose/foundation/layout/ColumnMeasurePolicy,31,61,50.82
a3ce20e640f290e5,me/ash/reader/infrastructure/di/OkHttpClientModuleKt,31,47,65.96
3cac54b7eb5bb40f,androidx/work/impl/WorkDatabase$Companion,31,34,91.18
2c6a6eb6d3be88ef,okhttp3/internal/idn/Punycode,31,178,17.42
7c8bc83b2c7283bb,androidx/compose/runtime/changelist/OperationKt,31,78,39.74
42db6671b8a080cd,okhttp3/Address,31,84,36.9
17c47656998a2539,androidx/compose/material3/adaptive/WindowSizeClassHelperKt,31,45,68.89
c8a859495d9b6cbb,androidx/navigation3/scene/BackStackAwareLifecycleNavEntryDecoratorKt,30,46,65.22
23a3eb9bc0e98c39,kotlinx/coroutines/channels/ProduceKt,30,65,46.15
d853186234f4f15f,androidx/compose/ui/text/platform/AndroidTextPaint,30,94,31.91
3c921c4caaf3efec,androidx/datastore/preferences/protobuf/FieldSet$1,30,57,52.63
04170f41ef4dc29f,androidx/collection/LruCache,30,131,22.9
d38cd3f903b30979,androidx/compose/ui/Alignment$Companion,30,47,63.83
fa6d8eff3c96e4b5,androidx/compose/material/ColorsKt,30,119,25.21
34d6ac7c809e76be,kotlinx/coroutines/internal/LockFreeTaskQueueCore,30,115,26.09
e8513a4daa444891,coil/intercept/RealInterceptorChain,30,65,46.15
63f8a325e05e3168,okhttp3/internal/idn/IdnaMappingTable,30,87,34.48
6eb151b7a000cd07,com/rometools/rome/io/WireFeedInput,30,74,40.54
0245d4a529b08a62,com/rometools/rome/io/impl/DateParser,30,66,45.45
a60b205171a1af62,me/ash/reader/ui/theme/palette/core/ColorUtilsKt,30,67,44.78
ac3bbe7a42688973,androidx/compose/runtime/external/kotlinx/collections/immutable/implementations/immutableMap/PersistentHashMapBuilder,30,67,44.78
96d838344e475a43,androidx/collection/MutableIntIntMap,30,174,17.24
9880f70e59f12d82,androidx/compose/ui/node/AlignmentLines,30,95,31.58
e2565602df9a1687,androidx/work/Data$Builder,30,81,37.04
31a9cabe392b5c33,okhttp3/internal/http2/Huffman,30,50,60.0
d3f90f09ec5ceedc,androidx/room/DatabaseConfiguration,30,104,28.85
97d9cb94cd0baefe,okhttp3/HttpUrl,30,80,37.5
af406bb3f596aea8,androidx/compose/ui/graphics/layer/GraphicsLayerKt,30,34,88.24
895feca2a825ad95,me/ash/reader/domain/repository/ArticleDao_Impl$3,29,41,70.73
001325b2715412cd,androidx/compose/ui/graphics/vector/VectorPainter,29,63,46.03
b2e2ba74cc06ae92,androidx/compose/ui/graphics/painter/Painter,29,78,37.18
f58742a2e7603bd1,kotlin/coroutines/CombinedContext,29,53,54.72
9ab72b36b8dda428,kotlinx/coroutines/channels/ChannelSegment,29,55,52.73
8386ed19d0bdd3d9,androidx/core/view/WindowInsetsCompat,29,124,23.39
dc85a5adf6e19d60,okhttp3/internal/cache/DiskLruCache$Entry,29,76,38.16
131aebdf339bffec,androidx/savedstate/serialization/SavedStateEncoder,29,122,23.77
9ad74fd11e923ecf,kotlinx/coroutines/flow/FlowKt,29,163,17.79
cbf473752efae076,androidx/compose/ui/geometry/Size,29,82,35.37
c29f5f79b6631036,me/ash/reader/ui/theme/ShapesKt,29,39,74.36
a69cd2162874c0e9,androidx/compose/ui/text/font/FontVariation$Settings,29,40,72.5
ebd511c90aeecfa3,me/ash/reader/domain/repository/GroupDao_Impl,29,242,11.98
6ba4e7e3f26621c3,com/caverock/androidsvg/SVGParser$TextScanner,29,172,16.86
a19af8fa1254eb1a,org/jsoup/parser/Tokeniser,28,140,20.0
a46e3e9fa20e796a,me/ash/reader/infrastructure/android/AndroidApp,28,86,32.56
2e73a52ec8a68200,androidx/datastore/core/okio/OkioReadScope,28,83,33.73
2b017aafed1b3ea2,androidx/compose/animation/AnimatedContentKt$AnimatedContent$6$1$5,28,38,73.68
7cd9ee44bfd10f14,androidx/navigationevent/compose/RememberNavigationEventStateKt,28,40,70.0
ee21975253cbc808,androidx/compose/foundation/layout/RowKt,28,76,36.84
173304643c7d0d97,androidx/lifecycle/viewmodel/navigation3/ViewModelStoreNavEntryDecoratorKt__ViewModelStoreNavEntryDecoratorKt,28,36,77.78
83bb54cd84f5b167,androidx/work/impl/utils/EnqueueUtilsKt,28,86,32.56
9068ec8d3d8865de,androidx/compose/ui/platform/WrappedComposition$setContent$1$1,28,44,63.64
78a82d47d0bf4054,androidx/compose/runtime/external/kotlinx/collections/immutable/implementations/immutableList/SmallPersistentVector,28,83,33.73
6ec571c6ba61a085,androidx/compose/animation/core/CubicBezierEasing,28,55,50.91
b5e572b8a1270e8f,androidx/compose/animation/core/VisibilityThresholdsKt,28,33,84.85
ebbbd8c8d3c8cb4b,androidx/compose/ui/unit/Constraints$Companion,28,66,42.42
84e9dd2682eb7781,androidx/compose/foundation/lazy/LazyListStateKt,28,133,21.05
45ed4777820d51ba,me/ash/reader/domain/data/DiffMapHolder$commitDiffsToDb$1,28,53,52.83
67d0fc5de38709ea,androidx/compose/runtime/snapshots/SnapshotDoubleIndexHeap,28,65,43.08
47f7d677b2aa5069,kotlinx/coroutines/flow/FlowKt__ReduceKt,28,172,16.28
08b50f11e9cef8d0,androidx/compose/foundation/lazy/LazyListItemProviderImpl,28,50,56.0
f09e64756489e6a0,net/dankito/readability4j/Readability4J,28,91,30.77
59288af726ae62b4,androidx/compose/ui/text/font/FontListFontFamilyTypefaceAdapterKt,28,77,36.36
b43e53943bf3c149,kotlinx/coroutines/flow/internal/CombineKt$combineInternal$2,28,43,65.12
20897c1571bc90de,net/dankito/readability4j/processor/ArticleGrabber$cleanConditionally$1,28,51,54.9
72c073b4541faba8,me/ash/reader/domain/repository/ArticleDao,28,168,16.67
78a6992c7a9e3b58,androidx/compose/foundation/layout/PaddingValuesModifier,27,35,77.14
9514679861b57755,androidx/compose/runtime/ComposerImpl$CompositionContextImpl,27,69,39.13
8d05851d653469fc,okio/FileSystem,27,161,16.77
cc6a00e5f6fdfdf4,androidx/compose/foundation/lazy/layout/LazyLayoutItemContentFactory$CachedItemContent,27,40,67.5
e9ae94e23d7ee800,coil/ComponentRegistry$Builder,27,40,67.5
3cd4b6c86cac8efb,androidx/compose/ui/graphics/drawscope/CanvasDrawScopeKt$asDrawTransform$1,27,43,62.79
d225e1a54300b8d0,androidx/compose/ui/text/AnnotatedString,27,230,11.74
4525e8e4d58ed035,androidx/appcompat/app/AppCompatActivity,27,138,19.57
17bcd6f62dc766eb,androidx/compose/ui/graphics/SimpleGraphicsLayerModifier,27,97,27.84
6b00e0a5291d49c3,androidx/datastore/core/DataStoreImpl$InitDataStore$doRun$initData$1,27,43,62.79
9affb917b4391b31,androidx/compose/material3/MaterialTheme,27,37,72.97
f0f724b3c610fd70,kotlinx/serialization/descriptors/SerialDescriptorImpl,27,52,51.92
75b36211a82e5071,me/ash/reader/ui/interaction/ClickableKt,27,70,38.57
06d9784b7f595076,androidx/collection/ObjectFloatMap,27,472,5.72
6bd8a5d94c0db01e,androidx/work/impl/WorkManagerImplExtKt,27,44,61.36
0d8d981ba99aef92,okhttp3/internal/http/RetryAndFollowUpInterceptor,27,157,17.2
b6cd141e7aa70ba7,coil/request/DefinedRequestOptions,27,123,21.95
863023d9689799e6,kotlinx/serialization/json/JsonBuilder,27,93,29.03
6dd03434132e1c49,okhttp3/internal/http2/Http2ExchangeCodec,27,45,60.0
f8b7d0e376890804,com/rometools/rome/io/impl/BaseWireFeedParser,27,35,77.14
db1443c7a7f1e725,kotlinx/coroutines/internal/ThreadContextKt,27,38,71.05
1ac853bbb34ca063,kotlinx/coroutines/flow/FlowKt__ChannelsKt,27,36,75.0
281b636ce799afe4,okhttp3/internal/http2/Http2Connection$Builder,26,50,52.0
b5e6692d95228a51,androidx/profileinstaller/ProfileInstaller,26,79,32.91
bbedaa44dcde055e,okhttp3/Response,26,58,44.83
f4c5a1ab1623ab20,androidx/compose/foundation/shape/RoundedCornerShape,26,60,43.33
f63a86612a7b13f6,okhttp3/internal/connection/RealCall$AsyncCall,26,55,47.27
2d4acdf4bccd960d,androidx/compose/runtime/internal/ThreadMap,26,38,68.42
ffd7ed24c6901eed,androidx/sqlite/db/framework/FrameworkSQLiteDatabase,26,158,16.46
a97644eaacc34bc8,me/ash/reader/domain/model/article/Article,26,126,20.63
16637bcd8ef21292,kotlinx/coroutines/flow/StateFlowSlot,26,52,50.0
9682a8a6ead8c516,androidx/compose/runtime/saveable/SaveableStateRegistryImpl,26,103,25.24
ef9cafba78910ad0,androidx/compose/ui/graphics/OutlineKt,26,159,16.35
aeb8d863a7c0c524,androidx/compose/ui/text/android/LayoutIntrinsics,26,64,40.62
a078f612e4d88457,okhttp3/internal/tls/BasicCertificateChainCleaner,26,43,60.47
b9ca66b5292121a8,androidx/compose/ui/text/font/FontWeight,26,47,55.32
9183a3798b900737,androidx/compose/runtime/snapshots/GlobalSnapshot,26,52,50.0
7ee1605ad0cdb016,androidx/compose/foundation/layout/SpacerKt,26,31,83.87
9e8533e30d899f9b,kotlinx/serialization/descriptors/SerialDescriptorsKt,26,87,29.89
74fa994c8b7ef94a,androidx/work/Data,26,184,14.13
e146b402861ad308,androidx/collection/MutableIntList,25,157,15.92
1e33e88db6c24010,androidx/compose/material/icons/outlined/FiberManualRecordKt,25,27,92.59
20bf6cf9a59aa84a,org/jsoup/select/QueryParser,25,217,11.52
1e6c6ebacc6bfd54,retrofit2/Retrofit$Builder,25,51,49.02
7b59784a283b89a7,androidx/compose/ui/graphics/AndroidGraphicsContext,25,62,40.32
76818e2f9c16e09b,androidx/compose/foundation/lazy/layout/PrefetchScheduler_androidKt,25,36,69.44
50b5a0733c0ba99a,me/ash/reader/ui/motion/MaterialSharedAxisKt,25,94,26.6
b14e890fe0353e8f,okhttp3/internal/platform/android/AndroidLog,25,55,45.45
1e9969d468b5380d,androidx/compose/ui/graphics/Matrix,25,192,13.02
013ea5ed534e7fa8,androidx/compose/runtime/internal/ComposableLambdaKt,25,42,59.52
e6c18841db903ce3,androidx/lifecycle/ReportFragment,25,40,62.5
1ba350d9c44d450f,androidx/room/TriggerBasedInvalidationTracker$createFlow$1$2,25,36,69.44
afe9fcd122675b8b,com/rometools/rome/feed/atom/Entry,25,69,36.23
578d7c3711e4f192,androidx/lifecycle/viewmodel/navigation3/ViewModelStoreNavEntryDecorator,25,40,62.5
32c7ecdd2eb01cd7,okhttp3/Cache,25,87,28.74
3220302ee923053f,androidx/compose/material3/MotionScheme$ExpressiveMotionSchemeImpl,25,26,96.15
69f02ebd2024a9bd,androidx/compose/ui/text/platform/AndroidParagraphHelper_androidKt,25,54,46.3
7169337b600a90c4,okio/Segment,25,48,52.08
e65f31c4e20962d1,okhttp3/internal/http/BridgeInterceptor,25,66,37.88
a9c3111f906a10fe,okhttp3/internal/_MediaTypeCommonKt,25,61,40.98
c08e01667a3b42e5,androidx/compose/material3/FloatingActionButtonDefaults,25,119,21.01
495cd023206705bb,androidx/room/driver/SupportSQLitePooledConnection,25,51,49.02
1a5b166aec5d9cb9,androidx/compose/runtime/snapshots/SnapshotStateListKt,25,222,11.26
07ea46fdec64f33b,kotlinx/coroutines/sync/MutexImpl,25,98,25.51
1289e0e28809c5bf,me/ash/reader/ui/component/base/RYDialogKt,25,84,29.76
6cb1814a88bf264e,androidx/appcompat/widget/ContentFrameLayout,24,93,25.81
5373d33fdbb05fce,androidx/compose/runtime/PrioritySet,24,83,28.92
71ed12abaa290c48,okhttp3/internal/platform/Platform,24,86,27.91
d735fee7757f5beb,androidx/compose/ui/graphics/vector/ImageVector$Builder$GroupParams,24,45,53.33
54e41acaf0aa7915,org/jdom2/AttributeList,24,174,13.79
74f0c89b7522a1e1,androidx/appcompat/view/ContextThemeWrapper,24,51,47.06
5297d467689c86b9,androidx/work/Configuration$Builder,24,86,27.91
116d18f3119ad12a,org/jdom2/ContentList$FilterList,24,130,18.46
4d346e66e07e8a82,com/google/gson/internal/Excluder,24,122,19.67
6dc7b8ee7c69c0aa,kotlinx/coroutines/intrinsics/UndispatchedKt,24,101,23.76
8e1ae2bf30d9768c,androidx/compose/ui/semantics/SemanticsNode,24,415,5.78
fe9c84d1b03ee604,androidx/compose/foundation/layout/Arrangement,24,122,19.67
3fc14e85eb8317cc,okhttp3/internal/platform/Platform$Companion,24,61,39.34
8f8181e6904f5056,com/rometools/rome/feed/impl/PropertyDescriptor,24,45,53.33
1160374500e7c867,androidx/compose/ui/platform/DisposableSaveableStateRegistry_androidKt,24,59,40.68
6fb78d857aaf57dc,androidx/compose/foundation/AndroidEdgeEffectOverscrollEffect,24,430,5.58
b79fd08d6b5c43d9,androidx/compose/foundation/lazy/layout/LazySaveableStateHolderKt,24,39,61.54
21aca8afe270bad0,androidx/compose/ui/spatial/RectManagerKt,24,67,35.82
05ca8b512f17d320,androidx/compose/ui/layout/WindowInsetsRulers$Companion,24,29,82.76
8163c93b7a1d809f,kotlin/jvm/internal/ClassReference,24,58,41.38
df71191d366b8413,androidx/compose/runtime/SnapshotMutableFloatStateImpl,24,40,60.0
0acc1389c35bee87,androidx/compose/ui/graphics/BlockGraphicsLayerModifier,24,35,68.57
c9e444f8ccf794eb,androidx/room/EntityInsertAdapter,24,138,17.39
492aad1501b933fa,androidx/compose/ui/platform/AndroidComposeView$Companion,24,91,26.37
02ee5a3c9229f297,okhttp3/internal/http2/Settings,24,39,61.54
c705d9bef94a7ead,kotlinx/coroutines/flow/internal/SafeCollector,24,47,51.06
9da21c9819f521a9,me/ash/reader/domain/service/LocalRssService,24,48,50.0
152e5671c7c53d09,okio/ForwardingFileSystem,24,71,33.8
39db70ec5bf5689c,kotlinx/coroutines/flow/FlowKt__DelayKt$debounceInternal$1,24,44,54.55
3f08668587ba251b,androidx/compose/animation/TransitionData,24,62,38.71
928cb8c0cb4ffc9c,kotlinx/coroutines/AwaitAll,24,29,82.76
5faa00c4516d0f07,androidx/compose/ui/text/font/FontFamilyResolverImpl,23,70,32.86
1d8b2529f1f4283d,com/caverock/androidsvg/SVG$Style,23,25,92.0
f97d6c7f98e12e13,androidx/glance/appwidget/GlanceAppWidgetManager$Companion,23,33,69.7
6c0490a69bb32392,androidx/compose/material3/ShapeDefaults,23,41,56.1
d183fff6d40bdeca,me/ash/reader/infrastructure/html/RYArticleGrabberExtended,23,63,36.51
e8992e23b60c7595,androidx/compose/ui/node/LookaheadPassDelegate$layoutChildrenBlock$1,23,27,85.19
40eb719dad32fafc,me/ash/reader/ui/theme/palette/colorspace/zcam/Izazbz,23,42,54.76
2ecc776baeed9184,androidx/work/impl/StartStopTokensImpl,23,28,82.14
bf53d831f2fefce9,androidx/compose/runtime/ProvidableCompositionLocal,23,39,58.97
b292fbc5fca77c53,androidx/compose/foundation/lazy/LazyListItemProviderKt,23,30,76.67
0113a3f7c924226b,com/rometools/rome/io/impl/ModuleParsers,23,25,92.0
f6e79d4c519bb1bf,com/caverock/androidsvg/SVG$PathDefinition,23,42,54.76
ba218c545be30127,androidx/compose/foundation/BackgroundNode,23,45,51.11
7e8b5f9bb0183e81,androidx/collection/MutableOrderedScatterSet,23,458,5.02
deb90356b16099cf,okio/NioSystemFileSystem,23,39,58.97
9878f50c8254da73,androidx/collection/IntObjectMap,23,499,4.61
a7d64176cc0e1f2e,androidx/compose/ui/node/LayerPositionalProperties,23,41,56.1
b601020129122b5d,androidx/work/impl/WorkDatabase_Impl$1,23,156,14.74
765638ca6db4dbeb,com/caverock/androidsvg/SVGAndroidRenderer$RendererState,23,28,82.14
c5e423d348ffd7f9,androidx/collection/ScatterSet,23,271,8.49
b44f947381c39b96,okhttp3/internal/connection/Exchange$ResponseBodySource,23,39,58.97
a71aa2c0b85d8775,androidx/datastore/preferences/protobuf/ManifestSchemaFactory,23,49,46.94
2cb243475955ab96,kotlinx/coroutines/flow/FlowKt__ErrorsKt,23,56,41.07
a7013fd6156b92e2,kotlinx/serialization/descriptors/ClassSerialDescriptorBuilder,23,33,69.7
8edfac485e1ac361,okhttp3/Request$Builder,23,63,36.51
59c2e3a86dbe17ab,androidx/compose/ui/text/android/StaticLayoutFactory23,22,33,66.67
9a99652f0e5ed151,com/rometools/rome/feed/atom/Feed,22,52,42.31
482b054e11f4fd1b,kotlin/jvm/internal/Intrinsics,22,127,17.32
1032790fcf2685c9,kotlinx/coroutines/flow/FlowKt__ContextKt,22,44,50.0
d4ee413676a0a7d0,androidx/compose/ui/util/ListUtilsKt,22,280,7.86
f30b63163d0ae89c,androidx/compose/runtime/collection/MultiValueMap,22,130,16.92
4765464a35c0314b,okhttp3/internal/cache/DiskLruCache$Editor,22,66,33.33
b19b0c1e39818246,androidx/room/RoomSQLiteQuery,22,70,31.43
9a415f0b7cadfe97,androidx/compose/ui/text/AnnotatedString$Builder,22,210,10.48
9a299f2999d9f5d1,androidx/core/view/ViewCompat,22,793,2.77
721bab5e515a2190,okhttp3/CertificatePinner,22,83,26.51
849fdeafdea62d43,androidx/compose/animation/core/VectorConvertersKt,22,72,30.56
3e33a17aafdcbae5,kotlin/text/StringsKt__StringsJVMKt,22,335,6.57
820f96dd70f8a9ba,androidx/compose/runtime/SnapshotMutableIntStateImpl,22,40,55.0
c015bf2c59db8b5f,androidx/datastore/preferences/PreferencesProto$PreferenceMap,22,61,36.07
6fb50a83a6a62d9c,androidx/lifecycle/SavedStateHandlesProvider,22,95,23.16
fc9e602ba0fa92ac,okio/JvmSystemFileSystem,22,90,24.44
a351ca6c6197c754,androidx/compose/ui/graphics/layer/ChildLayerDependenciesTracker,22,91,24.18
d6c08d0fdb33b033,kotlinx/serialization/modules/SerializersModuleBuilder,22,103,21.36
cb56bd4f8185a74b,androidx/compose/runtime/SnapshotMutableStateImpl,22,44,50.0
d3e6a3f8e325220e,okhttp3/EventListener,22,32,68.75
4e7e775248b820f7,coil/ImageLoader$Builder,22,118,18.64
a18190075a2f3a18,androidx/compose/ui/graphics/drawscope/CanvasDrawScope$DrawParams,22,45,48.89
4a581677b9a35464,androidx/compose/ui/unit/fontscaling/FontScaleConverterFactory,22,59,37.29
636d89ada5b45c81,androidx/datastore/preferences/protobuf/WireFormat$FieldType,22,25,88.0
420c4e25494e51ca,androidx/compose/animation/SharedTransitionScopeKt$SharedTransitionScope$1,22,26,84.62
982681e76df442d7,androidx/compose/foundation/interaction/PressInteractionKt,22,31,70.97
84cc8d55d9ac27b4,androidx/room/driver/SupportSQLiteStatement$Companion,22,46,47.83
6b08730edeedfe0d,androidx/compose/animation/core/Animatable,22,141,15.6
8dbf45cb0fd9db6a,androidx/room/util/DBUtil__DBUtil_androidKt$performSuspending$lambda$1$$inlined$internalPerform$1,22,34,64.71
77fb66c966992a09,androidx/datastore/core/DataStoreImpl$data$1,22,33,66.67
39196d4e6b84c220,androidx/navigationevent/compose/NavigationEventState,22,31,70.97
84f1db4d146eb4a5,androidx/arch/core/internal/SafeIterableMap,22,73,30.14
5ef3174cb63bdfca,kotlinx/serialization/modules/SerialModuleImpl,21,65,32.31
73022414ee32d8c8,androidx/collection/ObjectIntMap,21,468,4.49
36233e9d27ad2d0a,androidx/profileinstaller/DeviceProfileWriter,21,163,12.88
aa83ff78d1b600dc,androidx/datastore/preferences/protobuf/SchemaUtil,21,499,4.21
df65a835d2ce838a,androidx/compose/ui/graphics/SimpleGraphicsLayerModifier$layerBlock$1,21,21,100.0
0f730e14037f8513,androidx/datastore/core/okio/OkioWriteScope,21,60,35.0
50006b291684ea0a,androidx/navigation3/runtime/NavEntry,21,46,45.65
4d1f24566c7282cc,androidx/compose/ui/graphics/vector/ImageVector,21,48,43.75
f500d018fd93d086,androidx/compose/animation/ExitTransition,21,53,39.62
c7e571c144453a00,org/jdom2/Attribute,21,126,16.67
d23f9c06d01e1798,androidx/compose/ui/text/AnnotatedStringKt,21,312,6.73
2cd036b35c448fef,androidx/compose/runtime/SnapshotMutableLongStateImpl,21,36,58.33
2247f86488b0b902,androidx/compose/ui/layout/SLOperation,21,53,39.62
44bd557943b059a1,androidx/compose/foundation/EdgeEffectWrapper,21,115,18.26
b655b9ad7bd71825,androidx/glance/appwidget/GlanceAppWidgetManager$addAllReceiversAndProvidersToPreferences$2,21,22,95.45
0c033b24c81e9123,okio/SegmentPool,21,33,63.64
5aaf2ee6d6cecc98,androidx/compose/foundation/layout/InsetsPaddingModifierNode,21,22,95.45
9b627d593af39246,kotlinx/coroutines/selects/SelectImplementation$ClauseData,21,36,58.33
c47f0b4e83b32346,net/dankito/readability4j/util/RegExUtil,21,74,28.38
62a43bea6ed566b0,androidx/work/impl/model/WorkTagDao_Impl,21,47,44.68
2f359d994b44888e,me/ash/reader/infrastructure/android/DaggerAndroidApp_HiltComponents_SingletonC$SingletonCImpl$SwitchingProvider,21,25,84.0
178a54ba0ded3fa7,kotlin/collections/CollectionsKt__MutableCollectionsKt,21,134,15.67
c92bf4d4d7a438f5,me/ash/reader/infrastructure/di/ImageLoaderModule,21,22,95.45
bfae58471d9049d9,androidx/compose/foundation/layout/PaddingValuesImpl,21,56,37.5
04513fda01faaec9,androidx/compose/foundation/StretchOverscrollNode,21,185,11.35
83c45d02b4793fdd,androidx/compose/foundation/layout/FillNode,21,34,61.76
8499aa576dd1d49c,me/ash/reader/ui/ext/ColorSchemeKt,21,52,40.38
6ecb196490857f6d,androidx/compose/ui/text/font/FontListFontFamilyTypefaceAdapter,21,74,28.38
d4d79a5c1b5feffe,androidx/compose/foundation/lazy/layout/NearestRangeKeyIndexMap,21,37,56.76
4cc1a2910ff49b1a,coil/network/RealNetworkObserver,21,30,70.0
ec729291c3292736,androidx/compose/ui/geometry/RoundRectKt,21,173,12.14
c01c0fbf26371282,androidx/datastore/preferences/PreferencesProto$Value,21,152,13.82
9c944ab701d42a9d,androidx/compose/ui/layout/WindowWindowInsetsAnimationValues,21,43,48.84
04e8218f2f3c972c,kotlin/jvm/internal/ClassReference$Companion,21,315,6.67
7d8848f825158ec4,androidx/compose/ui/graphics/AndroidPaint_androidKt,21,68,30.88
5ecf5914f5efacf6,androidx/compose/material3/adaptive/layout/PaneScaffoldDirectiveKt,21,64,32.81
13c174db6759de8e,me/ash/reader/infrastructure/android/Hilt_MainActivity,21,34,61.76
ba7b0883d3f63e9f,androidx/compose/animation/core/AnimationState,21,43,48.84
ff8343c4b5d6166d,org/jdom2/Document,21,178,11.8
55fa6798ee78b9b1,androidx/compose/foundation/lazy/LazyListMeasureResult,20,81,24.69
65b7d7d01e66ab4d,androidx/compose/ui/graphics/AndroidPaint,20,36,55.56
4054a60e09c32813,okhttp3/internal/platform/android/Android10SocketAdapter,20,25,80.0
29db742e48e7fdc9,androidx/compose/foundation/lazy/LazyListIntervalContent,20,52,38.46
4132be67a4d5f2a4,androidx/compose/ui/text/style/LineBreak,20,45,44.44
7155dea6854e038c,kotlinx/serialization/builtins/BuiltinSerializersKt,20,51,39.22
4ff11b204e66d3fd,androidx/window/layout/WindowInfoTracker$Companion,20,32,62.5
c7903c733e0ecc93,me/ash/reader/infrastructure/android/AndroidApp_MembersInjector,20,43,46.51
ed191ed2b42d4e3f,androidx/compose/foundation/layout/PaddingElement,20,78,25.64
dd9713d5ef954bc1,androidx/datastore/preferences/protobuf/CodedOutputStreamWriter,20,595,3.36
43a8b5bc9b8cc685,androidx/compose/material3/ColorScheme,20,532,3.76
d1b12958c91a7ac2,androidx/navigation3/ui/NavDisplayKt__NavDisplayKt$NavDisplay$12$1$3,20,31,64.52
8640e6a7f705dc1b,androidx/compose/animation/core/AnimationScope,20,29,68.97
815ce06950c1bd25,androidx/compose/runtime/SnapshotStateKt__SnapshotStateKt,20,37,54.05
0a6451d621877737,androidx/datastore/preferences/protobuf/CodedOutputStream,20,139,14.39
f60c0c5e7e2fab45,androidx/compose/foundation/text/BasicText_androidKt,20,148,13.51
a01197b7a379fba2,okio/AsyncTimeout$sink$1,20,61,32.79
b4ca1c7c6c4e4b48,androidx/compose/ui/platform/ComposeView,20,36,55.56
00aab7aeb368b47f,androidx/compose/runtime/CompositionLocalKt,20,70,28.57
b7311880acaaf378,org/jsoup/parser/TreeBuilder,20,30,66.67
8c978feb6696d587,androidx/lifecycle/viewmodel/internal/ViewModelProviderImpl,20,24,83.33
183371b194dfcfec,androidx/savedstate/serialization/SavedStateCodecUtilsKt,20,21,95.24
738614104a05fea1,androidx/work/impl/model/WorkTypeConverters$WhenMappings,20,35,57.14
ac0d8e0e101386b0,kotlin/collections/AbstractMap,20,75,26.67
54afd003c848f9ec,androidx/compose/ui/text/ParagraphStyle,20,345,5.8
120401e98fbc64b1,kotlinx/coroutines/android/HandlerContext,20,50,40.0
d5b8d3a898b5e7cf,me/ash/reader/ui/theme/palette/colorspace/zcam/Zcam$Companion$ViewingConditions,20,50,40.0
6ee3debb38a0322b,me/ash/reader/ui/component/base/RYExtensibleVisibilityKt,20,36,55.56
3fa8cc165452dae5,androidx/compose/runtime/saveable/SaveableStateRegistryWrapper,20,46,43.48
7728edca89906e67,androidx/compose/foundation/lazy/layout/LazyLayoutSemanticsModifierNode,20,62,32.26
69de60fcb4e2a32e,me/ash/reader/ui/theme/palette/colorspace/zcam/Izazbz$Companion,20,20,100.0
92e6183b2c3c39cf,net/dankito/readability4j/extended/util/RegExUtilExtended,20,42,47.62
ef2156c553666b3c,androidx/sqlite/db/framework/FrameworkSQLiteOpenHelper,19,36,52.78
f94093bd6d77e5a0,kotlinx/coroutines/CompletedContinuation,19,57,33.33
1e79e42e6b37b33c,androidx/work/impl/model/PreferenceDao_Impl,19,28,67.86
963c2d1a7af385a9,org/jsoup/parser/Token,19,30,63.33
c0b8d8536f1fd35d,timber/log/Timber$Forest,19,157,12.1
de2dadb1448e73ab,androidx/datastore/preferences/protobuf/UnsafeUtil$MemoryAccessor,19,34,55.88
5852e7864840505c,me/ash/reader/ui/ext/DataStoreExtKt,19,80,23.75
c19bc23b82daa8ce,androidx/core/os/LocaleListCompat,19,60,31.67
3dbf5d836127a8f3,org/jsoup/nodes/Document,19,120,15.83
e577808d597176d9,androidx/datastore/preferences/protobuf/CodedInputStreamReader$1,19,36,52.78
053a1473e773fc8c,androidx/datastore/preferences/protobuf/FieldSet,19,393,4.83
07675ab48a9e1b26,androidx/window/core/layout/WindowSizeClass$Companion,19,27,70.37
4aac1ae4265c1b19,androidx/datastore/preferences/protobuf/SmallSortedMap,19,134,14.18
e2da1004d11f0ef9,androidx/work/ListenableFutureKt,19,28,67.86
1b343857576939e6,androidx/compose/foundation/layout/AndroidWindowInsets,19,30,63.33
adbe2f542978e5a2,androidx/work/impl/WorkerWrapperKt,19,33,57.58
e152f11d791ff964,androidx/room/TriggerBasedInvalidationTracker$createFlow$1,19,27,70.37
e1db4f571cf28235,okhttp3/internal/http2/Http2,19,50,38.0
5bee9fc7e32cf79e,androidx/compose/foundation/lazy/layout/LazyLayoutItemContentFactoryKt,19,37,51.35
3432667d01e0e2b7,androidx/compose/foundation/layout/UnspecifiedConstraintsNode,19,78,24.36
c1c1edbbb7674a7e,kotlinx/coroutines/AbstractCoroutine,19,25,76.0
99679f80aee85981,androidx/compose/ui/unit/Dp,19,53,35.85
846577a8f23ef329,org/jsoup/nodes/TextNode,19,61,31.15
4a5fc5dff879e46b,androidx/appcompat/app/AppCompatViewInflater,19,169,11.24
03cf34887d0bfe0a,androidx/compose/ui/unit/Density,19,64,29.69
654d1a824f9c253e,androidx/datastore/preferences/protobuf/MapFieldSchemaLite,19,26,73.08
ff969ab8449914c6,org/jsoup/select/NodeTraversor,19,62,30.65
9464aa72efd967e1,androidx/compose/animation/core/AnimationSpecKt,19,56,33.93
c9a1d092282287f9,androidx/compose/foundation/ScrollableAreaNode,19,77,24.68
8dfda169793382d5,me/ash/reader/infrastructure/db/AndroidDatabase_Impl$createOpenDelegate$_openDelegate$1,19,135,14.07
f61d164817d32f44,androidx/compose/animation/EnterTransition,19,43,44.19
9fd3ec392b5d0061,androidx/navigationevent/NavigationEventHandler,19,87,21.84
55d64eacb46bd7ee,androidx/compose/ui/text/android/LayoutIntrinsics_androidKt,19,43,44.19
861e33f3ab31e7a7,androidx/compose/runtime/saveable/SaveableHolder,19,43,44.19
c80a05c5768142ac,androidx/lifecycle/viewmodel/internal/ViewModelImpl,19,61,31.15
66384894b336a460,me/ash/reader/domain/service/ReaderWorker,19,35,54.29
353450fafc98634a,okhttp3/Request,19,58,32.76
5eee1931457ff8f0,androidx/compose/runtime/CompositionLocalMapKt,19,24,79.17
8ddb5ad02538e88b,androidx/room/ObservedTableVersions,19,26,73.08
769671944d367691,androidx/room/RoomDatabaseKt__RoomDatabase_androidKt,19,34,55.88
6f031694548e10d6,me/ash/reader/domain/repository/FeedDao_Impl$1,19,24,79.17
9eee3c40e597383c,androidx/compose/ui/text/TextLayoutResult,19,87,21.84
628a270aa32ba7e7,androidx/compose/runtime/BroadcastFrameClock,18,30,60.0
ff392bcc63fd1663,net/dankito/readability4j/extended/processor/PostprocessorExtended,18,46,39.13
0f61a6335fcfd7e7,androidx/room/TransactionExecutor,18,22,81.82
70ac979d1d49d8e2,androidx/compose/animation/SharedTransitionScopeKt,18,93,19.35
a3e40e7add67735b,kotlinx/coroutines/JobSupportKt,18,23,78.26
a7e2d786e61a5258,androidx/work/impl/WorkerWrapper$launch$1,18,33,54.55
4b327c07ca3f1927,androidx/compose/foundation/layout/SizeElement,18,38,47.37
4376ffe030f4e8da,androidx/compose/runtime/retain/ManagedRetainedValuesStore,18,69,26.09
548798086b212346,androidx/compose/material3/tokens/ShapeKeyTokens,18,20,90.0
58e7de3ea53f26e7,me/ash/reader/ui/theme/palette/colorspace/rgb/transferfunction/GammaTransferFunction,18,22,81.82
9edafde975ac9089,androidx/datastore/core/SingleProcessCoordinator,18,55,32.73
a836f2b1c36bbfc2,androidx/compose/material/icons/rounded/FiberManualRecordKt,18,20,90.0
02461297ed0c1bea,androidx/compose/ui/graphics/vector/VectorKt,18,44,40.91
34519caf3a9b955a,androidx/work/impl/model/WorkProgressDao_Impl,18,45,40.0
2b4c69af95b1b026,okio/Okio__JvmOkioKt,18,53,33.96
747526c4180e8208,androidx/datastore/preferences/PreferencesProto$StringSet,18,64,28.12
284605fdac2e4820,androidx/compose/ui/graphics/MatrixKt,18,53,33.96
ed821e666318dc54,com/caverock/androidsvg/SVGAndroidRenderer$1,18,32,56.25
e5fceaa6bcae3d8e,androidx/room/SharedSQLiteStatement,18,20,90.0
f674c11d45a93c5d,androidx/activity/compose/ComponentActivityKt,18,26,69.23
1d8532570a800bec,androidx/work/impl/utils/CancelWorkRunnable,18,55,32.73
81d409bd95b7f2e7,kotlinx/serialization/internal/Platform_commonKt,18,53,33.96
b87e65a0f5426744,androidx/compose/material/Colors,18,149,12.08
0c859d173735c943,androidx/window/layout/adapter/sidecar/SidecarWindowBackend$Companion,18,31,58.06
34a3c575fb92a5b0,kotlinx/coroutines/flow/SharedFlowKt,18,42,42.86
56e693cb238156a9,androidx/compose/ui/platform/AndroidUiFrameClock,18,28,64.29
2c14bd3d97cff6bc,androidx/compose/runtime/changelist/Operation$InsertSlotsWithFixups,18,38,47.37
bdf0199154eb82ca,kotlin/jvm/internal/TypeIntrinsics,18,209,8.61
5b0535a25a33c29c,androidx/compose/foundation/lazy/LazyListBeyondBoundsModifierKt,18,29,62.07
44786814e20519f9,androidx/compose/ui/text/style/TextAlign,18,40,45.0
7101b14568bd7f5c,androidx/compose/runtime/RememberedCoroutineScope,18,34,52.94
30ad7eece4229266,androidx/sqlite/util/ProcessLock,18,29,62.07
a62d03f949dd767e,androidx/compose/foundation/lazy/LazyListSemanticsKt,18,29,62.07
76651ec2763605ca,androidx/room/RoomDatabase$MigrationContainer,18,32,56.25
aa0248a1377faeba,androidx/compose/runtime/external/kotlinx/collections/immutable/implementations/immutableMap/PersistentHashMapBaseIterator,18,40,45.0
cba286edb38082ef,me/ash/reader/infrastructure/preference/SyncBlockListPreference,18,29,62.07
aa38cbedcc5d51b8,androidx/lifecycle/ViewModelProvider,18,28,64.29
4ca1a8d097338f23,dagger/internal/DoubleCheck,18,31,58.06
1a185acd089994a9,androidx/compose/ui/platform/Wrapper_androidKt,18,30,60.0
6c3956f53ad53d3b,timber/log/Timber$Tree,18,71,25.35
d8178bf274561a99,androidx/datastore/core/okio/OkioStorage,18,28,64.29
864d837996decc54,androidx/compose/runtime/PausableMonotonicFrameClock,18,28,64.29
103b7a214d150799,androidx/compose/ui/geometry/Offset,17,99,17.17
61c8efb3f378dc2f,kotlinx/coroutines/internal/ConcurrentLinkedListNode,17,78,21.79
1f8c3d175c4e1f9c,androidx/collection/ObjectList,17,236,7.2
71127225d1d47389,androidx/compose/material3/ShapesKt$WhenMappings,17,32,53.12
7b225334e150c8e1,androidx/compose/ui/text/font/FontSynthesis,17,37,45.95
fc3999da6d358b51,androidx/navigation3/runtime/serialization/NavKeySerializer,17,24,70.83
c3a256e14e5d58f7,androidx/compose/material/ripple/RippleNode,17,47,36.17
087f11e9dedf430a,androidx/work/Logger,17,20,85.0
c58a20f916701638,androidx/compose/runtime/IntStack,17,27,62.96
b2a6e4ac085afbe9,androidx/compose/ui/text/font/FontKt,17,34,50.0
ee2e76ef703def89,androidx/datastore/core/RunOnce,17,31,54.84
b1dd27080707d64c,org/jdom2/ContentList$FilterListIterator,17,58,29.31
1267489374748942,kotlinx/coroutines/channels/ChannelKt,17,44,38.64
cef314e955dd27ed,okhttp3/internal/JvmHttpUrl,17,89,19.1
55b2443c727acb99,androidx/fragment/app/FragmentStore,17,224,7.59
71d9e22ff19dab4b,me/ash/reader/domain/service/WidgetUpdateWorker$Companion,17,20,85.0
97c4e5ce230e5cd0,androidx/work/impl/background/greedy/TimeLimiter,17,22,77.27
d0c62ed000721045,androidx/compose/ui/layout/LayoutNodeSubcompositionsState$Scope,17,24,70.83
94789c5ab4f432af,androidx/compose/runtime/external/kotlinx/collections/immutable/implementations/immutableMap/PersistentHashMap,17,47,36.17
dfea7a10c6754cdf,kotlinx/coroutines/flow/internal/ChannelFlow,17,56,30.36
ec05b78771c21a45,androidx/compose/ui/text/input/ImeOptions,17,142,11.97
fe580acbb942fdd9,okio/internal/-FileSystem,17,136,12.5
a5a1bcd1c95f4146,androidx/compose/animation/AnimatedEnterExitMeasurePolicy,17,76,22.37
6291d75e509ed481,androidx/compose/runtime/SnapshotStateKt,17,28,60.71
2f9d7e792a012a0a,androidx/activity/OnBackPressedDispatcher,17,42,40.48
8ae5707641a7e90f,kotlin/text/MatcherMatchResult,17,20,85.0
289ff64427010a9e,androidx/compose/animation/core/SpringSpec,17,31,54.84
b2229a40f7d36cd8,androidx/compose/ui/graphics/AndroidPath,17,123,13.82
5b5692d305203f03,androidx/room/util/DBUtil__DBUtil_androidKt$performInTransactionSuspending$2$invokeSuspend$$inlined$internalPerform$1,17,36,47.22
be148464b7d15911,androidx/activity/EdgeToEdge,17,35,48.57
3bcc76e03ef7a6c3,androidx/compose/foundation/text/modifiers/LayoutUtilsKt,17,34,50.0
3c000466dd2c108a,androidx/collection/MutableLongObjectMap,17,189,8.99
f0ab9e3be3f21be7,me/ash/reader/domain/model/general/Version,17,40,42.5
76dd98cb60ab178f,me/ash/reader/ui/theme/palette/util/MathUtilsKt,17,17,100.0
c2bd368fac7c0117,androidx/compose/runtime/internal/SnapshotThreadLocal,17,18,94.44
692aa5a5545e014b,androidx/navigation3/scene/SinglePaneScene,17,48,35.42
9c67dab2a0103f28,androidx/compose/ui/graphics/vector/VectorPath,17,96,17.71
1fbac0293230771c,okhttp3/Handshake$Companion,17,32,53.12
6480bd019637d482,kotlin/ranges/ClosedDoubleRange,17,36,47.22
172d17236f3df4b0,androidx/work/impl/utils/PackageManagerHelper,17,34,50.0
16d66fb95b241ffa,okhttp3/CacheControl$Builder,17,50,34.0
61857902d53d9344,androidx/window/layout/WindowMetricsCalculatorCompat,17,29,58.62
1f081d99a4af461c,androidx/compose/ui/layout/LayoutNodeSubcompositionsState$NodeState,16,29,55.17
5ab5138b991d512e,androidx/compose/ui/node/NodeCoordinator$updateLayerParameters$1,16,21,76.19
828083d2cc1acfeb,okhttp3/internal/HttpUrlCommon,16,36,44.44
96c3b9bd9d449138,kotlin/sequences/TakeWhileSequence$iterator$1,16,27,59.26
334ef25b2dfd8fa7,kotlinx/serialization/internal/PluginGeneratedSerialDescriptor,16,87,18.39
0ba534da94b1a815,androidx/room/util/KClassUtil,16,31,51.61
6a81fd84d25c0144,androidx/compose/runtime/Latch,16,43,37.21
1c04a4f4dd90013d,androidx/arch/core/internal/SafeIterableMap$IteratorWithAdditions,16,20,80.0
61a1a65105558781,androidx/compose/runtime/saveable/SaveableStateHolderKt,16,19,84.21
a59743541c0c9cfe,androidx/compose/foundation/lazy/LazyListMeasuredItemProvider,16,23,69.57
f8dec6f563efda87,androidx/lifecycle/viewmodel/internal/ViewModelProviders,16,35,45.71
7491cab5329e0bd7,kotlinx/coroutines/UndispatchedCoroutine,16,45,35.56
8bad2c8dd70897e1,kotlinx/coroutines/CompletionStateKt,16,20,80.0
32447b8d5cad5c55,androidx/work/impl/WorkerWrapper$runWorker$result$1,16,23,69.57
14e8b4e1944b1e33,okhttp3/internal/http2/Header,16,29,55.17
bd4b3a0affb2127a,androidx/compose/ui/semantics/SemanticsConfiguration,16,151,10.6
caa7674c258802a0,androidx/compose/material3/adaptive/AndroidWindowAdaptiveInfo_androidKt,16,45,35.56
7519082ec5dbd3e2,androidx/datastore/core/SimpleActor,16,23,69.57
7dc8107d02f2c4cb,kotlin/collections/AbstractList$Companion,16,45,35.56
e6c18658bfe1b492,androidx/compose/ui/graphics/vector/PathBuilder,16,25,64.0
82aa068ff2e41a15,androidx/compose/animation/SplineBasedFloatDecayAnimationSpec_androidKt,16,21,76.19
8edfa9994dc26675,androidx/compose/animation/SharedTransitionScopeImpl,16,189,8.47
7852705b7449b1d6,org/jsoup/nodes/Document$OutputSettings,16,30,53.33
636563966bb2058a,androidx/compose/ui/input/pointer/PointerEvent,16,71,22.54
a876e84cf76b7812,com/rometools/rome/feed/module/impl/ModuleUtils,16,23,69.57
a922abe800470d77,coil/disk/DiskCache$Builder,16,41,39.02
eaa0c86532058080,androidx/work/OperationKt,16,41,39.02
6329067e5ee4aaf1,kotlinx/coroutines/CoroutineScopeKt,16,30,53.33
55a7e4ae85c206eb,okhttp3/internal/http2/ErrorCode,16,20,80.0
866c4d439f39e675,coil/intercept/EngineInterceptor$intercept$2,16,26,61.54
a5789ee02ca1e4e8,androidx/lifecycle/LiveData,16,98,16.33
00e633c7c45ce3aa,okhttp3/internal/concurrent/TaskRunner$RealBackend,16,22,72.73
2d4ff6d95a74953c,com/rometools/utils/Lists,16,32,50.0
1875ee8f668d45fd,androidx/compose/ui/node/NodeChainKt,16,24,66.67
14aa0b17fb27f29a,androidx/work/impl/constraints/trackers/Trackers,16,24,66.67
814920fb518046fd,androidx/navigation3/runtime/RememberNavBackStackKt__RememberNavBackStack_androidKt,16,20,80.0
f4becc6caba8c475,androidx/lifecycle/viewmodel/navigation3/ViewModelStoreNavEntryDecoratorDefaults,16,26,61.54
dd5f26587912d535,kotlinx/coroutines/BlockingCoroutine,16,36,44.44
2d2bbd5ce7a08014,androidx/compose/ui/text/font/TypefaceRequestCache,16,57,28.07
fedc20772e3e2981,androidx/navigation3/ui/NavDisplayKt__NavDisplayKt$NavDisplay$8$1,16,27,59.26
591076da3f97aa1e,androidx/compose/foundation/layout/AspectRatioNode,16,118,13.56
303139809f478c28,androidx/work/impl/WorkerWrapper$Builder,16,20,80.0
4701b4f8c8ea206d,org/jdom2/AttributeType,16,29,55.17
f34b44284ee30483,kotlinx/coroutines/selects/SelectKt,16,38,42.11
304d08136766e020,androidx/compose/runtime/Stack,16,29,55.17
3f61505d2d5f1d1f,kotlin/collections/builders/MapBuilder$Itr,16,26,61.54
28b3986e5ac84a29,androidx/datastore/preferences/protobuf/Protobuf,15,31,48.39
a5fd43f8cf676989,androidx/compose/material3/internal/ProvideContentColorTextStyleKt,15,69,21.74
c08df17886cdf6b3,androidx/compose/ui/layout/InnermostInsetsRulers,15,23,65.22
01da2fcd327d9e5b,dagger/hilt/android/internal/managers/ActivityComponentManager,15,22,68.18
f42c1b5f66496b09,androidx/datastore/preferences/protobuf/MapFieldLite,15,75,20.0
cf398f1e5c6c1ec3,androidx/compose/ui/unit/IntOffset,15,52,28.85
2e3bd14de49718ee,androidx/compose/runtime/changelist/Operation$InsertNodeFixup,15,33,45.45
280f3c55571ce7a6,androidx/datastore/core/DataStoreImpl$transformAndWrite$2,15,26,57.69
f2c6ee5406e63f14,me/ash/reader/infrastructure/html/Readability,15,25,60.0
2ad91fed90c9c070,androidx/core/content/res/ResourcesCompat,15,138,10.87
1228be9b22f6ab8d,androidx/work/impl/SynchronizedStartStopTokensImpl,15,19,78.95
aff0d999b813484b,androidx/compose/ui/layout/LayoutNodeSubcompositionsState$createMeasurePolicy$1,15,16,93.75
e50d039474787462,kotlinx/coroutines/internal/FastServiceLoader,15,126,11.9
9ef52776f91a2780,androidx/compose/material3/adaptive/layout/PaneScaffoldDirective,15,85,17.65
e0c1e2157b5111ae,androidx/compose/ui/semantics/Role,15,45,33.33
a5e42f375586762e,kotlinx/coroutines/channels/ChannelCoroutine,15,37,40.54
38599076a67687ce,androidx/savedstate/compose/LocalSavedStateRegistryOwnerKt,15,24,62.5
e109fe1aa77471d6,com/caverock/androidsvg/PreserveAspectRatio,15,24,62.5
e9e76042150996e8,kotlinx/coroutines/AwaitAll$AwaitAllNode,15,29,51.72
2d1f28cea7702805,androidx/compose/material3/FloatingActionButtonElevationAnimatable,15,52,28.85
0550d4c5bbdc610a,androidx/compose/runtime/internal/PersistentCompositionLocalHashMap,15,32,46.88
8183cd9326c3e19a,kotlin/collections/builders/SetBuilder,15,32,46.88
7467ce95f3ab044c,androidx/compose/ui/text/style/LineHeightStyle$Alignment,15,49,30.61
dbf4608a617cf788,androidx/compose/ui/graphics/colorspace/Illuminant,15,22,68.18
55581010c818837a,androidx/compose/foundation/gestures/Scrollable_androidKt,15,19,78.95
ceb21ce1f24f4e9e,androidx/compose/ui/text/TextStyleKt,15,27,55.56
9406d48e398f76c7,androidx/lifecycle/compose/LocalLifecycleOwnerKt,15,25,60.0
3480a1f8fa4d9fab,androidx/navigation3/runtime/SaveableStateHolderNavEntryDecorator,15,26,57.69
80b3a81dd3c26bcc,androidx/collection/SparseArrayCompat,15,204,7.35
a1d49c44b4ea183d,androidx/compose/animation/core/Transition$animateTo$1$1$1,15,19,78.95
ce871692523abb88,androidx/compose/material3/adaptive/WindowAdaptiveInfoKt,15,36,41.67
10b9c2cd1c699c1b,dagger/hilt/android/internal/lifecycle/HiltViewModelFactory$2,15,26,57.69
5d15d748823d5c09,androidx/compose/foundation/OverscrollKt,15,35,42.86
e7164940ce77145e,kotlin/time/Duration,15,346,4.34
d6df84c7524af51c,androidx/compose/foundation/lazy/layout/LazyLayoutMeasureScopeImpl,15,50,30.0
b823982a82af9770,me/ash/reader/infrastructure/preference/ReadingFontsPreference$Companion,15,31,48.39
c9700a4eebbbbea4,androidx/compose/runtime/Updater,15,55,27.27
ce5970a4992c50ca,okio/OutputStreamSink,15,18,83.33
abe1e24529ced7df,dagger/hilt/android/internal/managers/ActivityRetainedComponentManager,15,18,83.33
2e6ed259bad4911f,net/dankito/readability4j/model/ArticleMetadata,15,24,62.5
7f5278097a792539,androidx/datastore/core/DataMigrationInitializer$Companion,15,33,45.45
a8c559bfa01cc9ad,okio/InputStreamSource,15,26,57.69
0e5e360bccbc2dfa,androidx/window/layout/adapter/sidecar/SidecarWindowBackend,15,85,17.65
8c4620b55f20299e,androidx/concurrent/futures/CallbackToFutureAdapter$Completer,15,46,32.61
28e685b836a721b7,androidx/compose/ui/layout/SubcomposeLayoutState,15,20,75.0
78097b9662c1bbdb,androidx/compose/ui/window/DialogProperties,15,66,22.73
22f7d736058d6b58,okio/FileMetadata,15,71,21.13
d42032e70783ba26,org/slf4j/helpers/Reporter,15,37,40.54
bd8113c53cca69f1,kotlinx/coroutines/sync/SemaphoreAndMutexImpl,15,183,8.2
f77121e937d83ca4,androidx/compose/ui/text/style/TextOverflow,15,33,45.45
d8ea9e4f13a66a5c,okhttp3/internal/concurrent/TaskRunner$runnable$1,15,34,44.12
8b7fe7e72a4859bc,coil/util/SystemCallbacks,15,55,27.27
4a4b4b0998bcc682,kotlinx/coroutines/flow/AbstractFlow,15,18,83.33
85e6e31e261aff1a,androidx/room/driver/SupportSQLiteStatement$SupportOtherAndroidSQLiteStatement,15,37,40.54
dea018bfdd699b39,androidx/compose/ui/text/font/ResourceFont,14,64,21.88
7c6f6e0ea63d5554,androidx/datastore/preferences/PreferencesProto$Value$ValueCase,14,26,53.85
d7608215c42dd0cb,androidx/lifecycle/compose/ComposeLifecycleOwner,14,16,87.5
7992e88a0d321dbd,androidx/navigation3/runtime/SaveableStateHolderNavEntryDecoratorKt,14,19,73.68
9e67b1818feb61b9,androidx/compose/ui/unit/TextUnitType,14,27,51.85
1f311f32a7ada59b,androidx/compose/foundation/lazy/layout/LazyLayoutPinnableItem,14,55,25.45
5224e77fcf445845,me/ash/reader/ui/theme/palette/colorspace/rgb/Rgb$Companion,14,14,100.0
9a3da6de7a49a46f,kotlinx/coroutines/ExecutorCoroutineDispatcherImpl,14,55,25.45
6b86f6590865d611,me/ash/reader/infrastructure/compose/UriHandlerKt,14,23,60.87
f0af525344cf0582,androidx/room/concurrent/CloseBarrier,14,30,46.67
8b0a86422bbee54b,me/ash/reader/infrastructure/preference/FeedsGroupListTonalElevationPreference$Companion,14,28,50.0
42c04ad2fb273719,androidx/compose/animation/AnimatedContentTransitionScopeImpl$SizeModifierNode,14,33,42.42
b68123de597448f4,androidx/compose/ui/text/style/LineBreak$Strictness,14,33,42.42
c45415f68ecada00,androidx/compose/ui/text/font/AsyncTypefaceCache,14,69,20.29
e447393c04f45cf9,androidx/activity/OnBackPressedCallback,14,27,51.85
d228820b1f5a4aaf,kotlinx/coroutines/JobKt__JobKt,14,99,14.14
e0c13464868f54ef,androidx/compose/foundation/layout/InsetsConsumingModifierNode,14,25,56.0
8259717121d23588,androidx/lifecycle/ReportFragment$Companion,14,22,63.64
164e9fa74f06417e,me/ash/reader/ui/theme/palette/TonalPalettesKt,14,17,82.35
81495312e36696eb,androidx/compose/ui/platform/LifecycleRetainedValuesStoreOwner,14,39,35.9
d5424132a4b358f6,androidx/compose/runtime/external/kotlinx/collections/immutable/implementations/immutableMap/TrieNodeBaseIterator,14,23,60.87
96502756f5a60c3d,androidx/room/RoomSQLiteQuery$Companion,14,28,50.0
5839a261e467b7a8,androidx/glance/appwidget/GlanceAppWidgetManagerKt,14,22,63.64
1f1556bb7cff3ca0,me/ash/reader/infrastructure/preference/FeedsTopBarTonalElevationPreference$Companion,14,28,50.0
949d092a90e04773,androidx/compose/ui/text/style/TextDirection,14,37,37.84
8749ecb1e380c236,androidx/compose/ui/focus/FocusTargetNode,14,379,3.69
ab83b8db79f860f1,androidx/compose/runtime/changelist/Operation,14,22,63.64
710f6c751f312812,androidx/datastore/core/DataStoreInMemoryCache,14,21,66.67
01c3dbadbbe94ad6,androidx/arch/core/executor/ArchTaskExecutor,14,21,66.67
309e7090eddf21e5,me/ash/reader/infrastructure/preference/FlowFilterBarTonalElevationPreference$Companion,14,28,50.0
6c9238a91051a8f1,androidx/work/impl/constraints/WorkConstraintsTracker,14,52,26.92
5f2b92a76f074e7b,me/ash/reader/infrastructure/preference/OpenLinkPreference$Companion,14,28,50.0
01f2ac55234ee3f3,me/ash/reader/ui/theme/palette/util/Matrix3,14,18,77.78
070fc8a2825160a2,androidx/compose/ui/platform/GlobalSnapshotManager$ensureStarted$1,14,21,66.67
266a8f72bf467ba7,okhttp3/internal/http2/Http2Stream$FramingSink,14,93,15.05
cdb7890971d6c58e,kotlinx/coroutines/JobImpl,14,21,66.67
d38c5b7e12a94abd,androidx/datastore/core/DataStoreImpl$InitDataStore$doRun$initData$1$api$1,14,35,40.0
b837772821815e70,androidx/compose/ui/node/MeasurePassDelegate$placeOuterCoordinatorBlock$1,14,20,70.0
0f82e8fe8efe3809,androidx/compose/material3/tokens/ExpressiveMotionTokens,14,14,100.0
be726b77baf7fded,androidx/room/TriggerBasedInvalidationTracker$syncTriggers$2$1$1,14,22,63.64
a6701e3e1245f894,androidx/compose/ui/graphics/drawscope/CanvasDrawScope$drawContext$1,14,14,100.0
4348676cc4b09255,androidx/compose/animation/core/AnimationVectorsKt,14,14,100.0
e302522315d637b4,androidx/compose/runtime/ComposablesKt,14,213,6.57
ee71ed745d02cd75,me/ash/reader/domain/service/WidgetUpdateWorker,14,51,27.45
787a48da383d5c0a,androidx/compose/ui/node/Owner,14,38,36.84
b2ca202e6a3f8dd8,androidx/core/view/WindowInsetsControllerCompat$Impl30,14,73,19.18
f556e13eaaab6bca,kotlinx/coroutines/internal/SystemPropsKt__SystemProps_commonKt,14,27,51.85
bf35012809bfe2e1,androidx/profileinstaller/ProfileInstallerInitializer,14,19,73.68
7dc263d37296194e,okio/RealBufferedSource$inputStream$1,14,25,56.0
899f94ddbab95222,androidx/datastore/core/DataStoreImpl$updateData$2,14,16,87.5
c39f10f3001b6b32,androidx/compose/material3/tokens/ButtonSmallTokens,14,19,73.68
6e7ae45f93db2196,me/ash/reader/domain/service/ReaderWorker$doWork$deferredList$1,14,19,73.68
46fc3f7c7d651d79,org/jsoup/parser/HtmlTreeBuilderState$6,14,39,35.9
0928031299548a89,androidx/activity/EdgeToEdgeApi29,14,17,82.35
6c2b9b703c45b10c,kotlin/coroutines/jvm/internal/ContinuationImpl,14,18,77.78
06ebc781549eaf37,me/ash/reader/infrastructure/preference/FeedsFilterBarTonalElevationPreference$Companion,14,28,50.0
4abab4e4bda23914,androidx/compose/material3/tokens/BaselineButtonTokens,14,60,23.33
659c6651e773ff31,androidx/window/core/layout/WindowSizeClass,14,47,29.79
1dc1ed5561e9eac8,androidx/compose/ui/unit/IntOffsetKt,14,45,31.11
9eecf54e794d0efe,androidx/arch/core/executor/DefaultTaskExecutor,14,27,51.85
f681b6fa0d67915f,me/ash/reader/infrastructure/preference/FlowArticleListTonalElevationPreference$Companion,14,28,50.0
f44ce3a3dbbd908d,kotlin/coroutines/jvm/internal/BaseContinuationImpl,14,27,51.85
1d7f6b3670de7bb7,androidx/compose/ui/text/input/TextFieldValue,14,85,16.47
06d7abf40b6ff91b,com/caverock/androidsvg/SVG$Box,14,16,87.5
181e35876cc7feca,androidx/compose/material3/tokens/ExtendedFabPrimaryTokens,14,33,42.42
70097e7a95bdbaec,okhttp3/internal/http2/Http2Reader$ContinuationSource,13,31,41.94
d1b56b5a78cfe3bc,androidx/compose/ui/graphics/vector/VectorComponent$drawVectorBlock$1,13,15,86.67
fbd77bd3117af377,kotlin/text/StringsKt__StringNumberConversionsKt,13,67,19.4
40b489a624a50fa4,me/ash/reader/domain/service/RssService,13,20,65.0
61f0168737db4217,me/ash/reader/infrastructure/android/DaggerAndroidApp_HiltComponents_SingletonC$ViewModelCImpl,13,13,100.0
a7f82f1abdcdf7fe,androidx/compose/ui/platform/WeakCache,13,23,56.52
081b3ccf16f10113,androidx/compose/foundation/lazy/layout/LazyLayoutItemContentFactory,13,23,56.52
5f87be86a48cc6c4,androidx/compose/ui/node/InnerNodeCoordinator$LookaheadDelegateImpl,13,21,61.9
cba1b9626b6e1a64,com/rometools/rome/feed/synd/impl/ConverterForAtom03,13,330,3.94
8e7360538a1220aa,androidx/compose/ui/node/LookaheadCapablePlaceable$ResettableRulerScope,13,20,65.0
ef0414ba7c99c3bb,kotlinx/coroutines/CoroutineContextKt,13,83,15.66
add1df43b13b6760,androidx/collection/SimpleArrayMap,13,268,4.85
79a6afb30b57b813,androidx/compose/runtime/saveable/ListSaverKt,13,18,72.22
4e9a9468df2f6004,androidx/compose/runtime/snapshots/NestedReadonlySnapshot,13,46,28.26
c11c697f23ebcdfd,okhttp3/internal/cache/FaultHidingSink,13,23,56.52
9e22e00f4ffeb773,kotlinx/serialization/PolymorphicSerializer,13,17,76.47
747130a6117a530c,androidx/compose/runtime/changelist/Operation$PostInsertNodeFixup,13,26,50.0
763a295ce854302f,androidx/compose/ui/platform/AndroidComposeView$RootModifierNode,13,92,14.13
0413b7bd0c18b84b,androidx/compose/runtime/ProvidedValue,13,24,54.17
9d925f95d18a5bff,androidx/datastore/preferences/protobuf/JavaType,13,17,76.47
f1493703908fbe42,kotlinx/coroutines/CoroutineStart,13,19,68.42
84fc5902d3b146c1,kotlinx/serialization/modules/SerializersModuleKt,13,19,68.42
30a203aeeb7d1091,okhttp3/CipherSuite$Companion$ORDER_BY_NAME$1,13,16,81.25
3c1afb03aeaca143,androidx/compose/ui/platform/WrappedComposition,13,29,44.83
9c93a9e1ee0a1257,androidx/compose/ui/graphics/colorspace/ColorModel,13,32,40.62
3b9bc0ca3793e5a6,androidx/lifecycle/Lifecycle$Event,13,22,59.09
61d5cb4b16d735f3,androidx/datastore/core/DataStoreImpl$writeData$2,13,22,59.09
ddd8208912006683,androidx/core/view/WindowInsetsCompat$Impl20,13,137,9.49
2d5a467ecc596d61,androidx/compose/ui/text/input/KeyboardType,13,48,27.08
7e200dab2ad03329,androidx/compose/material3/tokens/ElevationTokens,13,14,92.86
09521c666c49d229,androidx/core/view/WindowInsetsCompat$TypeImpl30,13,14,92.86
bf67c6f65abd484f,androidx/compose/ui/platform/LazyWindowInfo,13,36,36.11
cd8a6a8b80aa2ba1,androidx/compose/ui/platform/WindowRecomposer_androidKt$createLifecycleAwareWindowRecomposer$2$onStateChanged$1,13,24,54.17
e7948d4a6e742881,com/google/gson/internal/ConstructorConstructor,13,79,16.46
9e8d38a7a053ea54,androidx/compose/ui/graphics/colorspace/Connector,13,31,41.94
9dd289237d01c56b,androidx/compose/animation/core/TransitionKt$rememberTransition$1$1,13,21,61.9
3813295d2169ddae,com/caverock/androidsvg/RenderOptions,13,31,41.94
ba881e49001e6955,kotlinx/coroutines/flow/FlowKt__ShareKt,13,40,32.5
8993d75661d43287,androidx/sqlite/db/SupportSQLiteOpenHelper$Configuration$Builder,13,21,61.9
efefbd59d0202f52,kotlinx/coroutines/internal/LockFreeTaskQueue,13,34,38.24
4998a862b6531829,androidx/datastore/preferences/PreferenceDataStoreSingletonDelegate,13,15,86.67
9a1f7377ec5b1516,com/rometools/modules/mediarss/MediaEntryModuleImpl,13,25,52.0
268f1ef68112c917,androidx/compose/ui/layout/InnerRectRulers,13,18,72.22
10de51564046d3d1,org/jsoup/nodes/Entities$EscapeMode,13,25,52.0
ed64b53d54915ead,kotlin/collections/EmptyList,13,50,26.0
a31b1b81e35e2855,androidx/glance/appwidget/GlanceAppWidgetKt,13,48,27.08
81971a73b66019c3,net/dankito/readability4j/model/ReadabilityOptions,13,18,72.22
36b50fa883de0eab,kotlinx/coroutines/flow/FlowKt__ShareKt$launchSharing$1,13,31,41.94
144fc253f8f31a62,androidx/compose/ui/node/OwnerSnapshotObserver,13,39,33.33
32895140dbf18ef4,timber/log/Timber$DebugTree,13,48,27.08
c3edfaf45b8b5556,kotlinx/serialization/internal/ObjectSerializer,13,21,61.9
dcde3ef08be6311c,me/ash/reader/infrastructure/preference/LanguagesPreference,13,75,17.33
9a9b5f9a7b69a74f,androidx/compose/runtime/snapshots/ReadonlySnapshot,13,40,32.5
f80be594e4c9c06a,androidx/compose/ui/platform/AndroidUiDispatcher$dispatchCallback$1,13,14,92.86
23bdf93a7ed69d31,androidx/work/ConfigurationKt,13,16,81.25
9ae076996fba3918,androidx/lifecycle/ReportFragment$LifecycleCallbacks,13,22,59.09
a025529559219178,androidx/compose/animation/core/FloatTweenSpec,13,35,37.14
1d8ce3ef77af3334,kotlinx/coroutines/CoroutineDispatcher,13,18,72.22
229555d2ee1c6245,androidx/lifecycle/ViewModelProvider$Companion,13,18,72.22
d09c013c32ab38a9,me/ash/reader/domain/model/general/Filter,13,42,30.95
e44f78d8b1145096,androidx/work/ListenableFutureKt$launchFuture$1$2,13,20,65.0
326d73721cd620b0,kotlinx/coroutines/flow/internal/ChannelFlowTransformLatest$flowCollect$3$1,13,16,81.25
878424be5e54836a,kotlinx/coroutines/internal/MainDispatcherLoader,13,31,41.94
bcb4230a7343528c,androidx/compose/ui/text/font/FontStyle,13,25,52.0
222c8b8f9b4fac7b,me/ash/reader/ui/page/home/feeds/subscribe/SubscribeViewModel,13,146,8.9
0583c02f1bf2c0f3,androidx/compose/ui/node/DepthSortedSet,13,67,19.4
d9a3f3f23eeceba8,androidx/room/coroutines/FlowUtil$createFlow$$inlined$map$1$2,13,15,86.67
a52a738383fd2a08,androidx/datastore/core/DataStoreImpl$InitDataStore,13,26,50.0
fccef1e4c879e543,androidx/compose/ui/text/style/BaselineShift,12,25,48.0
07bda57109c3ab9c,kotlinx/serialization/internal/CollectionLikeSerializer,12,22,54.55
42386578367751ad,me/ash/reader/domain/model/account/SyncOnStartConverters,12,14,85.71
4f14183962aeb554,coil/compose/SingletonAsyncImagePainterKt,12,45,26.67
2ae73b76ccb53c82,org/jsoup/parser/HtmlTreeBuilderState$4,12,46,26.09
3362345a7ddafb19,kotlinx/coroutines/flow/FlowKt__LimitKt$dropWhile$1$1,12,24,50.0
09f107e66dffa14f,androidx/fragment/app/FragmentController,12,52,23.08
d4b453ebe7a3a255,androidx/compose/runtime/snapshots/StateObjectImpl,12,13,92.31
63b434981574a09b,kotlin/coroutines/CoroutineContext$Element$DefaultImpls,12,12,100.0
9b953505560a7b93,androidx/compose/foundation/lazy/layout/AndroidPrefetchScheduler,12,67,17.91
9c11935c89cea5e3,androidx/room/RoomDatabaseKt__RoomDatabase_androidKt$withTransactionContext$transactionBlock$1,12,18,66.67
3c12afff3cdcab7d,androidx/room/TriggerBasedInvalidationTracker$notifyInvalidation$2$invalidatedTableIds$1,12,24,50.0
434d070e09922911,me/ash/reader/ui/ext/StateFlowExtKt,12,18,66.67
528342cbaa7bbec3,androidx/compose/ui/text/input/TextInputServiceAndroid,12,146,8.22
4824cc3d0c498d67,coil/EventListener,12,56,21.43
ab540c67cdb70fc6,androidx/compose/runtime/snapshots/StateListStateRecord,12,15,80.0
7bd27e8b9080701c,kotlinx/coroutines/flow/internal/ChannelFlowOperator,12,25,48.0
07db048bb615b0b8,androidx/compose/ui/text/intl/AndroidLocaleDelegateAPI24,12,22,54.55
8a7fba694f0f99da,androidx/compose/ui/graphics/ImageBitmapConfig,12,34,35.29
61d48bcd3771ba4c,me/ash/reader/JacocoInstrument/JacocoInstrumentation,12,53,22.64
0204896f87a50ba0,kotlinx/coroutines/flow/FlowKt__DelayKt$debounceInternal$1$values$1$1,12,15,80.0
bd417fd1eee42bf3,androidx/compose/material3/tokens/TypefaceTokens,12,12,100.0
5ce1a83f8d399e0d,me/ash/reader/infrastructure/di/DatabaseModule,12,12,100.0
4028477f8cd303af,com/rometools/rome/feed/impl/CopyFromHelper,12,72,16.67
64ae6cecc0d0c005,androidx/compose/animation/core/FloatSpringSpec,12,27,44.44
f575710c70b8bd71,okhttp3/internal/cache/CacheInterceptor$cacheWritingResponse$cacheWritingSource$1,12,21,57.14
6e6e1a71ec4c1191,androidx/room/TriggerBasedInvalidationTracker$syncTriggers$2$1,12,20,60.0
0d4f893e36243ba1,androidx/compose/ui/unit/TextUnit,12,60,20.0
31fc63d9bbe543da,androidx/room/coroutines/RunBlockingUninterruptible_androidKt$runBlockingUninterruptible$1$1,12,18,66.67
f10ffa8e04d2c562,androidx/compose/animation/core/AnimateAsStateKt$animateValueAsState$3$1,12,18,66.67
cbb21b4c7296480a,me/ash/reader/domain/service/AccountService$currentAccountFlow$1,12,15,80.0
60715f2a9b174ed9,androidx/compose/foundation/layout/ColumnKt,12,79,15.19
64811dea28b97b16,androidx/navigation3/scene/SceneSetupNavEntryDecoratorKt,12,16,75.0
c9332fac228e6f27,me/ash/reader/domain/model/account/SyncOnlyOnWiFiConverters,12,14,85.71
8355e8c59f4a9f84,androidx/compose/ui/node/LookaheadPassDelegate$layoutModifierBlock$1,12,19,63.16
6cb6f4726d1819f2,androidx/lifecycle/Lifecycle$State,12,14,85.71
db0315745c0c1e9f,okhttp3/Headers$Builder,12,47,25.53
844f5aee3126029b,androidx/work/impl/UnfinishedWorkListenerKt,12,15,80.0
81dd1c76e5509589,androidx/lifecycle/viewmodel/compose/ViewModelKt__ViewModelKt,12,75,16.0
8c61b94c3cfbc430,androidx/datastore/core/DataStoreImpl$readState$2,12,24,50.0
90b327a7322e4b18,androidx/compose/ui/text/TextRangeKt,12,26,46.15
1dee23c1c08a90d6,kotlinx/coroutines/selects/OnTimeout,12,15,80.0
5ab557ba0b5c48da,kotlinx/coroutines/channels/ChannelResult,12,41,29.27
9301fddfe6508650,me/ash/reader/domain/model/account/SyncOnlyWhenChargingConverters,12,15,80.0
6e6833d43c000f58,androidx/work/PeriodicWorkRequest$Builder,12,54,22.22
73ca26965ea1a4c5,me/ash/reader/infrastructure/preference/ReadingThemePreference$Companion,12,22,54.55
caeecff49a5e5031,kotlinx/coroutines/flow/CallbackFlowBuilder,12,23,52.17
2bcc83ae0b45ccbc,net/dankito/readability4j/model/ArticleGrabberOptions,12,16,75.0
64723d7c315a67a1,me/ash/reader/infrastructure/preference/ReadingSubheadAlignPreference$Companion,12,22,54.55
781e6de92041c5a2,androidx/room/RoomOpenHelper$Companion,12,45,26.67
5ecd49ce2f06a83a,com/rometools/modules/base/io/GoogleBaseParser,12,124,9.68
a7d5093e03519ccf,androidx/compose/ui/focus/FocusOwnerImpl,12,1572,0.76
d27ec62980f1253f,androidx/compose/material3/tokens/SmallIconButtonTokens,12,25,48.0
c3a944016f19b909,org/jsoup/parser/HtmlTreeBuilderState$3,12,27,44.44
2b23e81f0b3b39c0,androidx/work/Constraints$Builder,12,54,22.22
9bec14363f20c255,okio/internal/-ByteString,12,678,1.77
d08becdbebe3e441,me/ash/reader/infrastructure/db/AndroidDatabase$Companion,12,15,80.0
2accc074fe2920df,androidx/compose/ui/text/style/LineBreak_androidKt,12,12,100.0
b5c70899c45dad4c,me/ash/reader/domain/model/account/SyncIntervalConverters,12,14,85.71
26f9dc5ae2d60c83,retrofit2/Retrofit,12,124,9.68
c40ffbd41f0815e5,androidx/compose/animation/ContentTransform,12,17,70.59
d6c77dac0d60136b,androidx/compose/ui/draw/PainterModifierKt,12,16,75.0
4d03f6bd63a82d7f,okio/ByteString$Companion,12,70,17.14
eef075d6d5c01887,androidx/collection/MutableObjectList,12,342,3.51
207b2adf6fc13380,me/ash/reader/domain/model/account/KeepArchivedConverters,12,14,85.71
897edbd2fb663e9a,coil/compose/ImageLoaderProvidableCompositionLocal,12,31,38.71
0b9061f2c23cdf3a,androidx/compose/material3/adaptive/navigation/DefaultThreePaneScaffoldNavigator$Companion,12,21,57.14
df516e71b9905f6d,androidx/compose/ui/text/PlatformParagraphStyle,12,39,30.77
f178594507baf783,androidx/compose/material3/adaptive/layout/ListDetailPaneScaffoldDefaults,12,16,75.0
f48295ac1963e077,me/ash/reader/infrastructure/preference/ReadingTitleAlignPreference$Companion,12,22,54.55
2dc27d78c69ecf3e,androidx/compose/ui/text/input/ImeAction,12,45,26.67
5d3cb777996dea0c,me/ash/reader/infrastructure/android/AndroidApp$accountInit$2,12,17,70.59
389409e1310ed909,com/caverock/androidsvg/PreserveAspectRatio$Alignment,12,13,92.31
e277bb115be05b0f,androidx/compose/animation/AnimatedContentMeasurePolicy$measure$3,12,13,92.31
6a31910e1ee23c4f,kotlinx/coroutines/flow/DistinctFlowImpl$collect$2,12,18,66.67
7f5c24da78779a1c,androidx/compose/ui/graphics/Shadow,12,40,30.0
df98a3e54611439d,androidx/room/EntityDeleteOrUpdateAdapter,12,39,30.77
4d51bd57d2989853,androidx/compose/ui/text/style/LineHeightStyle$Trim,12,35,34.29
2635419b0a3d961d,androidx/compose/ui/geometry/RoundRect,12,213,5.63
00a306112b9cf689,androidx/room/util/SQLiteConnectionUtil,12,17,70.59
de277749b669237a,androidx/fragment/app/FragmentActivity$HostCallbacks,12,44,27.27
4e0f41afad66fe1a,androidx/compose/ui/node/LayoutNodeDrawScopeKt,12,14,85.71
459c4f7c9d14eaa3,coil/memory/MemoryCache$Builder,12,27,44.44
8f761a4e77badfdf,coil/util/ImageLoaderOptions,12,31,38.71
a07ab3e0234f8d43,androidx/work/impl/background/greedy/DelayedWorkTracker,12,14,85.71
56f8fd43520be46c,androidx/compose/ui/text/EmojiSupportMatch,12,26,46.15
d1ce80138f9723aa,me/ash/reader/infrastructure/preference/ReadingTextAlignPreference$Companion,12,22,54.55
0ab565725359e16f,kotlinx/coroutines/DebugKt,12,33,36.36
0d0c2fa7cd531185,coil/RealImageLoader$executeMain$result$1,12,15,80.0
5e6a21088f342eda,androidx/compose/foundation/FocusableNode,12,104,11.54
49b108ddc8f99758,androidx/compose/ui/unit/IntSize,12,31,38.71
f106de7386b0b72a,me/ash/reader/infrastructure/android/MainActivityKt,12,42,28.57
b445de2f3be56e88,org/jsoup/nodes/Element$1,12,16,75.0
961f8067657bcc18,androidx/lifecycle/viewmodel/compose/LocalViewModelStoreOwner,12,15,80.0
880556d7394738b2,androidx/compose/foundation/shape/CornerBasedShape,12,42,28.57
f3b25c99970dc70c,coil/RealImageLoader$execute$2,12,16,75.0
945e8afe1821d9d7,androidx/compose/material3/RippleKt,12,27,44.44
e90753cfb041f5e4,androidx/compose/runtime/external/kotlinx/collections/immutable/implementations/immutableMap/TrieNodeKt,12,27,44.44
9ea6a616f04bf779,androidx/work/impl/utils/SerialExecutorImpl,12,19,63.16
4a6ed00f032f5920,kotlin/text/RegexKt,11,27,40.74
1be7c332912d0932,androidx/datastore/preferences/core/PreferencesSerializer$WhenMappings,11,20,55.0
82bdf917ab2f91bd,androidx/lifecycle/ViewTreeViewModelStoreOwner,11,11,100.0
091a0393e29cc92f,kotlin/sequences/SequencesKt___SequencesKt,11,1098,1.0
7d76fd5ab68fd771,com/rometools/rome/io/impl/RSS090Parser,11,119,9.24
dde82032977968f2,kotlinx/serialization/encoding/AbstractEncoder,11,75,14.67
de106f5f7c40cf62,androidx/compose/ui/text/style/TextIndent,11,26,42.31
245a2ce6c1830b4e,androidx/compose/runtime/CompositionObserverHolder,11,19,57.89
e9f4080252a3d1bb,androidx/compose/ui/platform/WrappedComposition$setContent$1,11,13,84.62
2fd78ac458a7bf47,me/ash/reader/infrastructure/preference/DarkThemePreference,11,26,42.31
ed3cecf7fa52d898,androidx/compose/foundation/layout/SpacerMeasurePolicy,11,11,100.0
d2a36189c6683643,androidx/work/CoroutineWorker$startWork$1,11,12,91.67
572c1da0e1a76818,androidx/compose/foundation/shape/RoundedCornerShapeKt,11,62,17.74
29fb665cfa86966f,me/ash/reader/domain/data/DiffMapHolder$writeDiffsToCache$1,11,17,64.71
7cca0fc716b581cc,androidx/compose/foundation/layout/PaddingNode,11,35,31.43
e8c3a5b26cd98530,androidx/work/impl/CleanupCallback,11,13,84.62
dc082e8884f07285,androidx/compose/ui/input/InputMode,11,24,45.83
9e3c9256503999ce,androidx/compose/foundation/layout/WrapContentElement$Companion,11,18,61.11
f29a92460cc34a5d,androidx/collection/MutableFloatSet,11,186,5.91
1d12255a30f20ed9,androidx/compose/ui/text/font/TypefaceCompatApi26,11,13,84.62
6615ece5d0c27c56,com/caverock/androidsvg/IntegerParser,11,39,28.21
279bf1dc6358f36b,androidx/navigationevent/compose/LocalNavigationEventDispatcherOwner,11,15,73.33
691a162346aa5f20,androidx/compose/ui/text/android/TextAlignmentAdapter,11,16,68.75
6070b1555c2b6bd3,androidx/compose/material3/tokens/ButtonMediumTokens,11,19,57.89
634ce23dc71680b9,androidx/compose/runtime/changelist/Operation$InsertSlots,11,24,45.83
0ab2da55bc5c8a51,kotlin/jvm/JvmClassMappingKt,11,67,16.42
d6d1cbde8e2d5435,me/ash/reader/infrastructure/preference/SwipeStartActionPreference$Companion,11,19,57.89
1c93c5d3b7ae89d6,androidx/compose/material3/tokens/ButtonLargeTokens,11,19,57.89
14b8b007d8a5fb27,androidx/compose/ui/BiasAlignment,11,25,44.0
dd503e1aa6eaa256,androidx/compose/foundation/text/modifiers/InlineDensity,11,27,40.74
ae1e169eb9b7891d,me/ash/reader/infrastructure/preference/BasicFontsPreference$Companion,11,19,57.89
9cde2c3984fb7c45,me/ash/reader/infrastructure/preference/DarkThemePreference$Companion,11,19,57.89
9bac9871eb8f408e,kotlinx/coroutines/flow/internal/CombineKt$combineInternal$2$1$1,11,17,64.71
10a49611712e5f7c,androidx/compose/ui/layout/LayoutNodeSubcompositionsState$createMeasurePolicy$1$measure-3p2s80s$$inlined$createMeasureResult$1,11,11,100.0
0d3d7e6bd82c622c,androidx/compose/material3/FabPosition,11,29,37.93
de4646e8a2c67058,androidx/compose/ui/platform/WindowRecomposer_androidKt$getAnimationScaleFlowFor$1$1$1,11,26,42.31
bf1ec726cf4d5ded,androidx/compose/runtime/changelist/Operation$ApplyChangeList,11,28,39.29
b3dbf30294eebee0,androidx/collection/IntList,11,304,3.62
e5363d479c2c4f26,androidx/compose/ui/text/android/TextAndroidCanvas,11,135,8.15
18bd1a2ceb8f2285,me/ash/reader/infrastructure/preference/FlowArticleReadIndicatorPreference$Companion,11,19,57.89
e31f05fec6f9cbb6,androidx/lifecycle/ViewTreeLifecycleOwner,11,11,100.0
be98d99884aca84f,me/ash/reader/infrastructure/preference/PullToLoadNextFeedPreference$Companion,11,19,57.89
dd8d64bf120ac7bf,androidx/datastore/preferences/protobuf/MapEntryLite,11,47,23.4
0ae032a59d752894,okio/FileHandle$FileHandleSink,11,32,34.38
913a6b5a25a791f3,androidx/compose/foundation/lazy/layout/LazyLayoutMeasuredItemKt,11,19,57.89
9f96df23b1d77f10,androidx/lifecycle/viewmodel/MutableCreationExtras,11,13,84.62
5ec8ae96b0b06e01,me/ash/reader/infrastructure/preference/SwipeEndActionPreference$Companion,11,19,57.89
914820ad2f85b168,androidx/compose/foundation/lazy/layout/LazyLayoutMeasuredItemProvider,11,12,91.67
7e9aa68b5d55ea7a,androidx/appcompat/widget/AppCompatDrawableManager,11,21,52.38
7e4e6bc5849e3e83,kotlin/SynchronizedLazyImpl,11,20,55.0
17c363e5cbab304e,androidx/compose/ui/unit/DpSize,11,89,12.36
314eb57af72ac305,okhttp3/Headers,11,46,23.91
a4f45af59a12b506,androidx/compose/ui/text/platform/AndroidParagraphIntrinsics_androidKt,11,37,29.73
9318887ae0d8aaf0,androidx/compose/material3/internal/MutableWindowInsets,11,15,73.33
20e7c3f20df8df9b,androidx/compose/runtime/snapshots/StateMapMutableIterator,11,32,34.38
a7f667f7f61fa7dd,kotlinx/coroutines/flow/internal/ChannelFlowTransformLatest$flowCollect$3$1$2,11,12,91.67
ec64daadf5023055,kotlin/coroutines/CoroutineContext$DefaultImpls,11,12,91.67
6509adeac0b8bc45,androidx/compose/ui/text/style/Hyphens,11,28,39.29
1763f1aa9f866d80,androidx/compose/runtime/SnapshotStateKt__SnapshotFlowKt$collectAsState$1$1,11,19,57.89
669b3457c2eea543,androidx/core/view/WindowInsetsCompat$Impl30,11,12,91.67
82da6ec383815983,me/ash/reader/infrastructure/preference/FlowFilterBarStylePreference$Companion,11,19,57.89
e3d0502793e09679,androidx/compose/material3/adaptive/AndroidWindowAdaptiveInfo_androidKt$collectFoldingFeaturesAsState$lambda$0$$inlined$map$1$2,11,19,57.89
7957be03bc992d37,me/ash/reader/infrastructure/preference/InitialFilterPreference$Companion,11,19,57.89
386aeb70197e9d65,okhttp3/internal/concurrent/Task,11,18,61.11
9362d8d0981d84f9,androidx/lifecycle/ViewModel,11,34,32.35
180d9c2a8fbe7c14,androidx/datastore/preferences/protobuf/ProtobufArrayList,11,38,28.95
bd7a3502113c2e84,me/ash/reader/infrastructure/preference/FeedsFilterBarStylePreference$Companion,11,19,57.89
6b5325cd8c5bf50a,com/caverock/androidsvg/SVG$1,11,20,55.0
f3a1631d95c89d63,androidx/compose/ui/text/style/LineBreak$Strategy,11,30,36.67
1dcbb470fcdaad2a,kotlin/sequences/GeneratorSequence$iterator$1,11,24,45.83
0e15d1d68ec7a977,com/caverock/androidsvg/SVG$Unit,11,12,91.67
3f39e153585abee7,androidx/savedstate/ViewTreeSavedStateRegistryOwner,11,11,100.0
6e67e0dc4900bf42,androidx/compose/ui/text/font/AndroidFontLoader,11,45,24.44
31be5ce0658cf1ee,androidx/sqlite/util/ProcessLock$Companion,11,13,84.62
df71aa7704146847,me/ash/reader/ui/ext/DataStoreExtKt$get$1,11,15,73.33
8d85cc990a7872f1,androidx/compose/ui/graphics/colorspace/RenderIntent,11,30,36.67
d1e91e396be15dfc,coil/disk/DiskLruCache,11,390,2.82
41881d24095a4c3b,androidx/compose/material3/tokens/ExtendedFabSmallTokens,11,13,84.62
c0a8dea5b623b224,androidx/compose/ui/graphics/colorspace/TransferParametersKt,11,11,100.0
50eea8d26b9829e0,androidx/compose/ui/text/font/TypefaceRequest,11,39,28.21
16f7af4fdf14fcd0,androidx/compose/material3/ComposableSingletons$ScaffoldKt,11,42,26.19
85d07b31e622625f,androidx/compose/animation/core/SpringEstimationKt,11,130,8.46
c36992f5eb51002e,androidx/window/layout/WindowInfoTrackerImpl$windowLayoutInfo$1,11,16,68.75
edd374a102fee17e,androidx/compose/material3/tokens/FabPrimaryContainerTokens,11,15,73.33
8026361bbc6c3177,androidx/appcompat/widget/ViewStubCompat,11,44,25.0
04af5332c7ceab0d,kotlin/io/FilesKt__FileReadWriteKt,11,199,5.53
946bda4b1b758eff,androidx/compose/ui/platform/CalculateMatrixToWindowApi29,11,11,100.0
721296050f24371c,androidx/compose/animation/core/TweenSpec,11,27,40.74
cb5af572dd5c3f2c,me/ash/reader/infrastructure/preference/LanguagesPreference$Companion,11,55,20.0
1d6f06ffab960c5b,kotlinx/coroutines/flow/FlowKt__ReduceKt$first$$inlined$collectWhile$2,11,16,68.75
c6793b7c66d30789,androidx/compose/ui/layout/LayoutNodeSubcompositionsState$createMeasurePolicy$1$measure-3p2s80s$$inlined$createMeasureResult$2,11,13,84.62
feff48b46d36e633,androidx/collection/MutableLongSet,11,180,6.11
50f4bd62c1bf314b,androidx/datastore/preferences/protobuf/Utf8$SafeProcessor,11,134,8.21
7e045ec8d3158d62,androidx/compose/ui/layout/LayoutNodeSubcompositionsState$Scope$layout$1,11,12,91.67
88b17889094647c3,kotlinx/coroutines/channels/ConflatedBufferedChannel,11,55,20.0
8371a01424f59958,okhttp3/Protocol,11,15,73.33
2d4c77d8be6a1a32,androidx/compose/ui/node/UiApplier,11,15,73.33
e68fc6f674c1cba0,androidx/compose/ui/platform/actionmodecallback/TextActionModeCallback,11,91,12.09
1d707fddcf6152a2,androidx/compose/material3/tokens/ButtonXLargeTokens,11,19,57.89
28676a3db5a9c84c,androidx/datastore/preferences/protobuf/WireFormat$JavaType,11,13,84.62
750ae4af2e95c0c1,androidx/compose/ui/semantics/SemanticsOwner,11,14,78.57
614c2323a432c67c,okhttp3/internal/platform/android/AndroidCertificateChainCleaner$Companion,10,10,100.0
af78a7b99cba140a,androidx/datastore/core/DataStoreImpl$data$1$3,10,12,83.33
d1cd9d4385d78925,androidx/work/WorkRequest$Companion,10,12,83.33
56d9e6f669a01953,okio/AsyncTimeout$Watchdog,10,16,62.5
9a7a443d217a7e13,coil/compose/UtilsKt,10,43,23.26
0baea7771673fb98,androidx/compose/foundation/lazy/layout/AndroidPrefetchScheduler$Companion,10,14,71.43
f51dadff61ee9881,androidx/compose/animation/core/AnimatableKt,10,20,50.0
3bfdbfd8fcf97914,kotlinx/coroutines/DispatchedCoroutine,10,24,41.67
5eebe5bee1d27b76,androidx/compose/ui/text/font/FontVariation,10,59,16.95
a16c42057edfdfd4,androidx/compose/runtime/snapshots/StateListIterator,10,31,32.26
e05f941b04321201,com/caverock/androidsvg/SVG$Length,10,39,25.64
017b67d18759a37d,androidx/room/TransactionElement,10,14,71.43
bba8c6b4bd6f2290,okhttp3/CipherSuite$Companion,10,22,45.45
0d9a9c8497c2e5ff,com/rometools/rome/feed/atom/Link,10,19,52.63
280cda8f640bf5b7,androidx/compose/foundation/lazy/layout/LazyLayoutNearestRangeState,10,14,71.43
e36fca57e3d4a900,me/ash/reader/infrastructure/preference/ReadingPageTonalElevationPreference$Companion,10,16,62.5
26cec4b55889fec9,com/google/gson/internal/bind/MapTypeAdapterFactory,10,14,71.43
d94060de505ecd46,androidx/lifecycle/Lifecycle$Event$Companion,10,26,38.46
4d86eca6d679f3d3,androidx/compose/material3/InteractiveComponentSizeKt,10,13,76.92
3146254ccc927c15,kotlinx/coroutines/flow/FlowKt__MergeKt$mapLatest$1,10,15,66.67
d4b877f30d040ad7,kotlinx/coroutines/sync/SemaphoreKt,10,41,24.39
f377013c0ea0f84e,androidx/compose/runtime/saveable/SaveableStateRegistryKt,10,17,58.82
0a82606ef7b7799b,androidx/compose/foundation/OverscrollConfiguration,10,23,43.48
d7c63f77a834446f,coil/compose/AsyncImagePainter$onRemembered$1$2,10,12,83.33
5e169dc44afd6dd3,androidx/core/content/FileProvider,10,142,7.04
ea0bd4ffe723fcd4,androidx/hilt/lifecycle/viewmodel/compose/HiltViewModelKt,10,43,23.26
3203118991bdf733,me/ash/reader/infrastructure/preference/SharedContentPreference$Companion,10,16,62.5
ee67848090393f47,androidx/compose/ui/platform/AndroidWindowInfo_androidKt,10,21,47.62
b549db86f13e7a52,okhttp3/Route,10,55,18.18
ba89aa78252a9016,kotlinx/coroutines/CompletedExceptionally,10,15,66.67
2b97b3053aa3e4dc,androidx/compose/ui/text/style/TextMotion$Linearity,10,27,37.04
c36ae496aee9ee23,androidx/compose/runtime/changelist/Operation$DetermineMovableContentNodeIndex,10,23,43.48
a4997c85b0130f33,androidx/compose/ui/semantics/SemanticsPropertyKey,10,19,52.63
201c0b382cace0d9,net/dankito/readability4j/processor/ArticleGrabber$prepArticle$3,10,12,83.33
e9c4ce77f82eb835,androidx/compose/foundation/layout/WindowInsets_androidKt,10,191,5.24
7a9f5f8f471645a8,androidx/compose/material3/DelegatingThemeAwareRippleNode,10,25,40.0
ace536b096916b1d,kotlinx/coroutines/flow/internal/ChannelFlow$collect$2,10,12,83.33
271d396ca8e93e93,androidx/work/impl/WorkerWrapper$launch$1$resolution$1,10,12,83.33
fc3788e1a0d03c33,androidx/compose/material3/ScaffoldKt$ScaffoldLayout$contentPadding$1$1,10,11,90.91
3f569b0e922bdede,androidx/compose/ui/text/style/TextForegroundStyle,10,18,55.56
fca5ffa31861d3b5,androidx/compose/ui/text/style/LineHeightStyle,10,28,35.71
2307c04810637a4e,androidx/activity/OnBackPressedDispatcher$addCallback$lifecycleObserver$1,10,20,50.0
f838f24d34bbf7a9,okhttp3/internal/http/StatusLine$Companion,10,29,34.48
8f6506072d4b2db6,androidx/navigation3/scene/ComposableSingletons$SceneSetupNavEntryDecoratorKt,10,16,62.5
f48220d7f468a99e,androidx/compose/ui/input/pointer/PointerEventType,10,38,26.32
35207199bd8790fb,androidx/lifecycle/LifecycleRegistry$Companion,10,10,100.0
86d565826896014f,androidx/navigation3/ui/NavDisplayKt__NavDisplayKt$NavDisplay$8$1$1$1,10,25,40.0
c3fd0fa89a105cd6,androidx/compose/foundation/layout/InsetsListener,10,47,21.28
021ecf06a73e2082,kotlin/collections/EmptyMap,10,32,31.25
c3c8620062f04812,okhttp3/internal/http2/flowcontrol/WindowCounter,10,22,45.45
aaa348679d51743a,androidx/compose/animation/SharedTransitionScopeRootModifierNode,10,17,58.82
d397fc246992cd9c,androidx/compose/ui/layout/ContentScale$Companion,10,23,43.48
c4479396b204a9d4,androidx/arch/core/internal/FastSafeIterableMap,10,11,90.91
79ab1a7ace6941b7,androidx/compose/animation/core/AnimationVector1D,10,22,45.45
2dd01a3ae3b6784a,androidx/compose/material3/tokens/ExtendedFabLargeTokens,10,13,76.92
ef9d48f064d40fa5,dagger/internal/SingleCheck,10,18,55.56
b76a471e11e06d04,kotlinx/coroutines/flow/FlowKt__EmittersKt$onStart$$inlined$unsafeFlow$1,10,21,47.62
918dcf9b2427d6aa,androidx/compose/foundation/gestures/ScrollableDefaults,10,27,37.04
456e558e4c6611c3,okhttp3/internal/http/HttpMethod,10,35,28.57
24a8844e3919b495,okio/Path$Companion,10,20,50.0
2ef363522826080d,kotlin/collections/builders/ListBuilder$Itr,10,36,27.78
6f878c74805c4e03,me/ash/reader/infrastructure/preference/NewVersionNumberPreference,10,13,76.92
f08453ff23854d39,androidx/activity/SystemBarStyle$Companion,10,21,47.62
a5e24d5eb34a3602,kotlinx/coroutines/flow/FlowKt__LimitKt$takeWhile$lambda$6$$inlined$collectWhile$1,10,20,50.0
ec15b7bd53e465b4,okhttp3/ConnectionPool,10,37,27.03
4cb4813dd11b9210,androidx/compose/runtime/tooling/ComposeStackTraceMode,10,23,43.48
732ae866dd7368fa,me/ash/reader/ui/theme/palette/dynamic/PresetColor,10,10,100.0
3383dc77297f4841,androidx/compose/ui/input/nestedscroll/NestedScrollNode,10,108,9.26
98990f061acb8383,com/rometools/rome/feed/atom/Content,10,22,45.45
8934e2106b578f71,kotlinx/coroutines/flow/StartedWhileSubscribed,10,32,31.25
307d13adaa3246fc,me/ash/reader/domain/model/account/AccountType,10,39,25.64
f7254f0d14768310,kotlin/time/DurationUnit,10,13,76.92
ec58c443b4e61331,me/ash/reader/infrastructure/android/AndroidApp$onCreate$1,10,20,50.0
aba91ace40f2c13d,kotlinx/coroutines/flow/SharingStarted$Companion,10,12,83.33
5fd8b30ca57b9973,androidx/work/OneTimeWorkRequest$Builder,10,18,55.56
f00cf5fbcf891b69,kotlin/Pair,10,22,45.45
db378ee14c4a48a6,androidx/navigation3/runtime/ListUtilsKt,10,82,12.2
2b0112232f2027c5,androidx/compose/material3/FloatingActionButtonElevation$animateElevation$1$1,10,16,62.5
72f3c7642d4d093b,me/ash/reader/infrastructure/preference/ReadingRendererPreference$Companion,10,16,62.5
43cd3ba22a8e20fc,androidx/datastore/preferences/core/PreferencesKeys,10,16,62.5
0d625fd03b0bfba4,androidx/collection/ScatterMapKt,10,56,17.86
fc90532a5ed1631e,androidx/compose/animation/EnterExitTransitionKt$createGraphicsLayerBlock$1$1$block$1,10,14,71.43
57443e742109bafd,androidx/compose/ui/graphics/layer/CompositingStrategy,10,22,45.45
189bafe34581001d,androidx/compose/material3/tokens/ButtonXSmallTokens,10,19,52.63
1e1fce460284c1c0,kotlinx/coroutines/flow/internal/ChannelFlowOperatorImpl,10,12,83.33
26386d56eb91f3c1,kotlinx/coroutines/android/HandlerDispatcherKt,10,61,16.39
adb1ece457bc05b6,androidx/room/driver/SupportSQLiteStatement$SupportAndroidSQLiteStatement$ensureCursor$1,10,15,66.67
bc9154416d149605,androidx/compose/foundation/layout/RowColumnImplKt,10,71,14.08
d7906bd6d0039841,androidx/compose/foundation/layout/AspectRatioKt,10,19,52.63
8e307f243f7efacf,androidx/arch/core/internal/SafeIterableMap$ListIterator,10,21,47.62
3abbe5f584404e34,androidx/datastore/preferences/protobuf/Utf8,10,71,14.08
eb4b2e03aeb37e9a,androidx/datastore/core/SimpleActor$offer$2,10,22,45.45
20c0ccf99293ebce,me/ash/reader/infrastructure/android/DaggerAndroidApp_HiltComponents_SingletonC$ActivityCImpl,10,18,55.56
9c2d3bc2b697e40f,okio/-SegmentedByteString,10,76,13.16
64c96309f3514392,kotlinx/coroutines/YieldKt,10,19,52.63
f213dfb2f047c5b3,androidx/core/graphics/Insets,10,31,32.26
c01773b3885ce3a1,androidx/navigationevent/compose/ComposeNavigationEventHandler,10,35,28.57
50dc3c9a9257e6bf,me/ash/reader/infrastructure/preference/FlowTopBarTonalElevationPreference$Companion,10,16,62.5
00afaaa4bcf54f94,androidx/compose/material3/tokens/ExtendedFabMediumTokens,10,12,83.33
2e1361edc100f790,androidx/compose/ui/unit/IntSizeKt,10,22,45.45
be18c1d7ceae089d,androidx/compose/animation/SharedTransitionScopeImpl$observeAnimatingBlock$1,10,20,50.0
92556440a0b10f5a,androidx/compose/ui/text/font/FontWeight$Companion,10,39,25.64
f165b6f376c8cb7f,me/ash/reader/ui/page/nav3/key/Route$Startup,10,11,90.91
1cd256c4e4a5149f,me/ash/reader/infrastructure/preference/InitialPagePreference$Companion,10,16,62.5
77352085ba7a57f5,androidx/compose/runtime/SnapshotStateKt__DerivedStateKt,10,43,23.26
7c36237cf4c9d1ee,androidx/compose/material3/adaptive/DpWidthSizeClasses,10,16,62.5
cd1df93860a42e1c,androidx/navigationevent/NavigationEventInput,10,61,16.39
87e5992a26530385,androidx/compose/ui/text/style/LineHeightStyle$Mode,10,27,37.04
81b79d6e903c1741,androidx/compose/ui/geometry/Rect,10,182,5.49
cb95049d49435dae,androidx/core/graphics/TypefaceCompat,10,95,10.53
eb16c4b07bc3a842,androidx/work/impl/model/WorkSpecDao_Impl$25,10,13,76.92
7b1589d3d29c1c0d,coil/compose/AsyncImagePainter$onRemembered$1,10,16,62.5
cbda9064ae8fc94c,androidx/compose/ui/node/NodeCoordinator$drawBlock$1,10,11,90.91
10e7edc1caf6eaf5,androidx/compose/foundation/lazy/layout/IntervalListKt,10,11,90.91
e1769e6def368e70,androidx/datastore/preferences/protobuf/Android,10,17,58.82
dc508617036d6632,kotlin/collections/CollectionsKt__IterablesKt,10,26,38.46
72fc897f788e7c4d,androidx/appcompat/widget/AppCompatDrawableManager$1,10,148,6.76
aef5fa2c63eea862,net/dankito/readability4j/Article,10,34,29.41
9d04377fef079ae6,me/ash/reader/infrastructure/net/NetworkDataSource$Companion,10,13,76.92
b6f059a2072537d8,androidx/compose/ui/platform/GlobalSnapshotManager,10,11,90.91
e1b17d73c470e76e,kotlinx/coroutines/flow/FlowKt__DistinctKt,10,15,66.67
66cd38b3a6489812,androidx/core/view/WindowInsetsCompat$Type,9,23,39.13
9812c156395a8038,androidx/compose/foundation/lazy/LazyLayoutSemanticStateKt$LazyLayoutSemanticState$1,9,24,37.5
ac14bc93dd758dd5,androidx/savedstate/serialization/SavedStateEncoder_androidKt,9,35,25.71
065f3ac7a7fb7b11,me/ash/reader/domain/service/RssService$special$$inlined$map$2$2,9,15,60.0
ce8bde0bdbe06b14,androidx/work/impl/model/WorkSpec$Companion,9,25,36.0
d157ece13ecf63bb,androidx/compose/runtime/snapshots/GlobalSnapshot$takeNestedMutableSnapshot$1$1,9,10,90.0
a7d641294cf4eb7a,androidx/compose/ui/text/style/LineBreak$WordBreak,9,27,33.33
79adcf9e31d6e5c8,androidx/compose/ui/graphics/colorspace/ColorSpace,9,38,23.68
6aca1febe50ed288,kotlin/collections/CollectionsKt__CollectionsJVMKt,9,43,20.93
f767b41b153ad59f,org/jsoup/parser/ParseSettings,9,15,60.0
bb49fbd2d5f3968d,kotlin/internal/jdk8/JDK8PlatformImplementations$ReflectSdkVersion,9,14,64.29
97db7c8a422d8a81,androidx/compose/ui/graphics/colorspace/Oklab,9,69,13.04
732300d0392b2eef,kotlin/internal/ProgressionUtilKt,9,22,40.91
8305ce800a9c8367,androidx/compose/ui/unit/TextUnitKt,9,101,8.91
87daf2e9c07571c3,androidx/compose/runtime/changelist/Operation$UpdateValue,9,27,33.33
acdf0812ecfaccb9,androidx/datastore/preferences/core/PreferenceDataStoreFactory,9,49,18.37
64f5568f9134e7b8,androidx/activity/contextaware/ContextAwareHelper,9,15,60.0
78428f92af681db0,androidx/datastore/preferences/core/PreferenceDataStore$updateData$2,9,13,69.23
418371804fe73ab7,me/ash/reader/domain/data/DiffMapHolder$1$invokeSuspend$$inlined$mapNotNull$1$2,9,15,60.0
54174acb7a2561a0,kotlinx/coroutines/scheduling/TasksKt,9,15,60.0
2ad2214afb9455fc,dagger/hilt/android/internal/lifecycle/HiltViewModelFactory,9,14,64.29
e209a525127370a9,androidx/datastore/preferences/protobuf/GeneratedMessageLite$MethodToInvoke,9,10,90.0
83303e6b8b8c309a,androidx/sqlite/db/framework/FrameworkSQLiteProgram,9,11,81.82
4ea6eb249561f66a,androidx/core/app/NotificationManagerCompat,9,212,4.25
197929c7c587522b,kotlinx/coroutines/flow/FlowKt__DelayKt$debounceInternal$1$3$1,9,14,64.29
cae5fda30461d479,androidx/work/impl/utils/IdGeneratorKt,9,30,30.0
2741fe1229dc9742,androidx/compose/runtime/Recomposer$Companion,9,84,10.71
d95a3e04abc2cb52,androidx/work/impl/utils/taskexecutor/WorkManagerTaskExecutor,9,9,100.0
81ee702de7de71cd,androidx/compose/ui/focus/FocusStateImpl,9,21,42.86
07fd507e15d2ca5b,androidx/compose/runtime/snapshots/tooling/SnapshotObserverKt,9,95,9.47
7d7585ef6f0a1ff6,androidx/compose/animation/core/ArcSpline$Arc,9,78,11.54
97eddda1da103834,androidx/sqlite/db/framework/FrameworkSQLiteOpenHelper$OpenHelper$Companion,9,10,90.0
2bd5bfd24f189362,androidx/work/NetworkType,9,10,90.0
a3061f7bb21be7af,androidx/compose/material3/adaptive/layout/HingePolicy,9,30,30.0
e21a1bf6063415f1,kotlinx/coroutines/ThreadLocalEventLoop,9,10,90.0
312ce08ded845682,me/ash/reader/infrastructure/android/Hilt_AndroidApp,9,11,81.82
b85e6930a1585b21,androidx/navigation3/ui/NavDisplayKt__NavDisplayKt$NavDisplay$12$1$invokeSuspend$$inlined$filter$1$2,9,17,52.94
cdba5c9958370222,androidx/compose/ui/node/ComposeUiNode$Companion,9,13,69.23
ff733af5e85da6e5,androidx/compose/ui/layout/LayoutNodeSubcompositionsState$ApproachMeasureScopeImpl,9,26,34.62
138a866ad28c8c38,androidx/lifecycle/viewmodel/internal/JvmViewModelProviders,9,17,52.94
838bbb533a37097e,androidx/compose/animation/AnimatedVisibilityKt$AnimatedEnterExitImpl$shouldDisposeAfterExit$2$1,9,13,69.23
dd4e7cc2d92f1379,org/jdom2/Text,9,38,23.68
b13684480f429602,androidx/compose/ui/graphics/vector/PathNode$RelativeCurveTo,9,40,22.5
8422ecef76a0f21c,androidx/compose/animation/core/MutableTransitionState,9,20,45.0
14b951aac6a30f1e,androidx/compose/animation/core/SpringSimulation,9,39,23.08
39469760a76d6589,kotlinx/coroutines/CancellableContinuationKt,9,48,18.75
3e954aaf84ccfc2b,androidx/compose/ui/platform/MotionDurationScaleImpl,9,10,90.0
e03683f692ba3da5,androidx/compose/animation/AnimatedVisibilityKt$AnimatedVisibilityImpl$1$1,9,11,81.82
4cd426aab72331a8,androidx/datastore/preferences/PreferencesProto$1,9,16,56.25
d406a6d9fdcb2264,androidx/datastore/preferences/protobuf/ExtensionRegistryLite,9,41,21.95
4fff1e217bc167d2,androidx/datastore/preferences/protobuf/RawMessageInfo,9,15,60.0
cb5d4f5645fd6f91,androidx/compose/foundation/layout/AspectRatioElement,9,28,32.14
f779dbaadddf1f93,kotlinx/coroutines/internal/ThreadLocalElement,9,15,60.0
f6acbe45757eb321,androidx/work/WorkInfo$State,9,16,56.25
c309d1c39a320795,androidx/compose/runtime/snapshots/GlobalSnapshot$takeNestedSnapshot$1$1,9,10,90.0
ccc3188e4cb2d784,kotlinx/coroutines/flow/internal/ChannelFlowTransformLatest,9,16,56.25
be225e645e1f91a7,androidx/compose/ui/platform/WindowRecomposerPolicy,9,26,34.62
18d4589240f2f0b7,com/rometools/rome/io/impl/RSS20wNSParser,9,14,64.29
fc4a3327f2e52df9,androidx/work/OverwritingInputMerger,9,9,100.0
b6c23595800653e8,androidx/lifecycle/Lifecycle$Event$WhenMappings,9,16,56.25
0829b58de2022f44,kotlinx/coroutines/flow/FlowKt__DelayKt$debounceInternal$1$3$2,9,22,40.91
5b33384b755f8755,androidx/compose/foundation/ClickableKt,9,269,3.35
8bbc20c2f9b52346,androidx/lifecycle/DefaultLifecycleObserverAdapter$WhenMappings,9,16,56.25
521fda4786dabf0f,androidx/compose/material3/tokens/MotionSchemeKeyTokens,9,11,81.82
afdbed81df2d2cc1,com/rometools/rome/io/impl/RSS091NetscapeParser,9,19,47.37
df971add4e637af9,androidx/lifecycle/Lifecycling,9,90,10.0
4090682afc1a655a,androidx/datastore/preferences/protobuf/FieldType$1,9,15,60.0
58950b8cc42866cd,androidx/compose/foundation/gestures/ContentInViewNode,9,199,4.52
873a7d840fdee763,androidx/compose/foundation/layout/InsetsPaddingValues,9,20,45.0
1af36b421b96d82c,androidx/compose/ui/text/font/FontLoadingStrategy,9,28,32.14
1cac053c8dd4e625,androidx/compose/material3/ShapesKt,9,46,19.57
1bf6d3a802987861,androidx/datastore/preferences/protobuf/UnknownFieldSetLite,9,162,5.56
221a1c8896e51acc,kotlinx/coroutines/BuildersKt__BuildersKt,9,22,40.91
9678457b5cfd7ce6,androidx/lifecycle/internal/SavedStateHandleImpl,9,88,10.23
5ba8f4a14a2fd67f,kotlin/io/FilesKt__UtilsKt,9,214,4.21
5e9844235aa79384,androidx/window/layout/SafeWindowLayoutComponentProvider,9,143,6.29
a27e7a6804726814,coil/disk/RealDiskCache,9,23,39.13
581793eb34c00b4b,androidx/compose/material3/adaptive/AndroidPosture_androidKt,9,24,37.5
f333fe255575ecf9,androidx/datastore/core/DataStoreImpl$incrementCollector$2$1,9,16,56.25
68ed6375ff4aa142,androidx/savedstate/serialization/SavedStateConfiguration,9,15,60.0
2081ae5bf10aca15,kotlin/collections/builders/MapBuilder$Companion,9,9,100.0
b2ffc644c61e474b,androidx/work/impl/StartStopTokens$Companion,9,10,90.0
d572c8f6ed4366c3,androidx/compose/ui/layout/RectRulersImpl,9,16,56.25
308338f5fa480469,kotlinx/coroutines/flow/FlowKt__ErrorsKt$catchImpl$2,9,16,56.25
57ca1415f7de6289,androidx/datastore/preferences/protobuf/UnsafeUtil$1,9,11,81.82
395fa30011697ddc,androidx/collection/internal/ContainerHelpersKt,9,18,50.0
eb294b0e0d485a68,androidx/compose/foundation/ScrollableAreaKt,9,28,32.14
a39e6f6a6e7df5ac,androidx/compose/ui/graphics/PaintingStyle,9,24,37.5
34bdf6331b916e38,androidx/compose/ui/platform/WindowRecomposer_androidKt$createLifecycleAwareWindowRecomposer$2,9,14,64.29
8a8f2f50ee539cc4,kotlin/ranges/IntProgression,9,33,27.27
0a431b7ccf188940,com/google/gson/FieldNamingPolicy,9,31,29.03
ca372341bcc48221,kotlinx/coroutines/flow/internal/ChannelFlowTransformLatest$flowCollect$3,9,13,69.23
568bb627e6169123,androidx/lifecycle/DefaultLifecycleObserverAdapter,9,14,64.29
2266b5e02f106f69,com/rometools/utils/Strings,9,31,29.03
8c7ec1b6e0d5f52e,androidx/compose/ui/graphics/FilterQuality,9,31,29.03
9746e0ec85382ad7,org/jdom2/filter/ElementFilter,9,38,23.68
ec7d778cbabb99de,androidx/compose/ui/node/LookaheadPassDelegate$WhenMappings,9,15,60.0
833c2dac8595d3c7,me/ash/reader/ui/theme/palette/colorspace/ciexyz/CieXyz,9,34,26.47
401d79398f68ce91,okio/Timeout,9,115,7.83
850900cd11ec8dbd,androidx/compose/ui/graphics/SolidColor,9,25,36.0
170e2023648faa68,androidx/compose/runtime/collection/MutableVector$MutableVectorList,9,32,28.12
5bfd1c03b17cec18,androidx/compose/ui/graphics/vector/PathNode$CurveTo,9,40,22.5
e8e4a6c52fc55ae0,androidx/compose/animation/core/AnimationStateKt,9,69,13.04
9bc7d189813e1034,androidx/compose/material3/MotionSchemeKt,9,14,64.29
ab697321aa548946,androidx/compose/ui/text/font/FontFamily,9,15,60.0
f7265955803d5520,androidx/datastore/preferences/protobuf/GeneratedMessageInfoFactory,9,13,69.23
d86ac3e230cb90eb,androidx/tracing/Trace,9,79,11.39
21dc3d228b4bcba5,androidx/compose/ui/node/LayoutModifierNodeCoordinator$LookaheadDelegateForLayoutModifierNode,9,23,39.13
0593b57675d1792e,androidx/compose/foundation/lazy/layout/LazyLayoutScrollDeltaBetweenPasses,9,34,26.47
64d68b238d6a9eba,androidx/navigation3/ui/NavDisplayKt__NavDisplayKt$NavDisplay$12$1,9,15,60.0
cffb4eb9ff126277,androidx/compose/ui/text/style/TextMotion,9,27,33.33
dc927a6b43fd592d,me/ash/reader/domain/service/RssService$special$$inlined$mapNotNull$1$2,9,15,60.0
35c01c5c624eb74b,androidx/compose/foundation/lazy/layout/IntervalList$Interval,9,15,60.0
ea3e1df2532cd83c,androidx/compose/ui/platform/WindowRecomposer_androidKt$createLifecycleAwareWindowRecomposer$2$WhenMappings,9,16,56.25
4663bf61aeee6b01,me/ash/reader/infrastructure/db/AndroidDatabase$DateConverters,9,9,100.0
0bf0eabcec4cb00c,androidx/navigation3/runtime/NavBackStack,9,46,19.57
772c35925784e851,androidx/compose/runtime/BroadcastFrameClock$FrameAwaiter,9,15,60.0
47d0edde732d24e4,androidx/compose/runtime/changelist/Operations$OpIterator,9,16,56.25
afa632f0215501cf,androidx/compose/runtime/AbstractApplier,9,30,30.0
abc16d128225d916,me/ash/reader/infrastructure/android/DaggerAndroidApp_HiltComponents_SingletonC$ViewModelCBuilder,9,9,100.0
3b186c5c131d79ac,com/rometools/rome/feed/synd/SyndContentImpl,9,18,50.0
d128a9b9113e3454,androidx/datastore/preferences/core/PreferencesKt$edit$2,9,13,69.23
de88c625714457f9,androidx/compose/ui/node/MeasurePassDelegate$layoutChildrenBlock$1,9,23,39.13
79c3bc000214f9b6,androidx/compose/ui/text/font/FontSynthesis_androidKt,9,33,27.27
c26e7406880d60c0,androidx/navigationevent/ViewTreeNavigationEventDispatcherOwner,9,11,81.82
d57619fe1467260c,org/jdom2/DefaultJDOMFactory,9,49,18.37
3ddbb8ac74f52f74,androidx/datastore/preferences/protobuf/CodedInputStream,9,79,11.39
af50bb40e541ae0c,androidx/compose/ui/text/style/TextDecoration,9,28,32.14
58bed1719bdccd62,androidx/compose/ui/layout/SubcomposeLayoutState$setRoot$1,9,10,90.0
81c5e034536a2d28,androidx/compose/ui/text/android/style/IndentationFixSpan_androidKt,9,40,22.5
b7378ba2d08fec27,androidx/window/core/Bounds,8,44,18.18
51e32df42e30b271,androidx/compose/ui/input/pointer/PointerIcon_androidKt,8,10,80.0
2c5fb1b0f92b644d,org/slf4j/helpers/SubstituteLoggerFactory,8,14,57.14
3327cce8b9418619,me/ash/reader/infrastructure/preference/FlowArticleListFeedIconPreference$Companion,8,12,66.67
2e797280f0ef2cc5,androidx/room/driver/SupportSQLiteStatement,8,10,80.0
43d33a8add040570,me/ash/reader/infrastructure/preference/FlowArticleListImagePreference$Companion,8,12,66.67
3e937d2e729a306a,androidx/savedstate/compose/serialization/serializers/SnapshotStateListSerializer,8,14,57.14
760b118a6413a2c7,androidx/datastore/core/DataMigrationInitializer$Companion$getInitializer$1,8,12,66.67
d7cc29ebf02d6f7f,androidx/sqlite/db/SimpleSQLiteQuery,8,12,66.67
fcd794436d396404,com/rometools/rome/io/impl/RSS10Parser,8,35,22.86
274c1e65eaca7251,com/google/gson/reflect/TypeToken,8,113,7.08
6b49a1d4ddd2d686,me/ash/reader/infrastructure/preference/ReadingImageMaximizePreference$Companion,8,12,66.67
b1c7af478461bb3c,kotlinx/coroutines/channels/ProducerCoroutine,8,11,72.73
d1e865d7e0b6961d,androidx/datastore/preferences/PreferencesProto$Value$Builder,8,60,13.33
d7fe965565364632,androidx/datastore/preferences/protobuf/UnknownFieldSetLiteSchema,8,43,18.6
49a2ae559a98ffdd,androidx/compose/ui/graphics/BlendMode$Companion,8,31,25.81
68de8f21bc2b1914,androidx/compose/runtime/changelist/Operation$UpdateNode,8,21,38.1
064835ebf6d387a6,me/ash/reader/infrastructure/preference/FlowArticleListFeedNamePreference$Companion,8,12,66.67
95a20e52423e5a9f,me/ash/reader/infrastructure/preference/ReadingSubheadBoldPreference$Companion,8,12,66.67
6bea5ed9cac01c86,okhttp3/Handshake,8,68,11.76
028817ddfd2bebef,androidx/compose/runtime/Pending$keyMap$2,8,8,100.0
ad2804681f4035f1,androidx/compose/material/MaterialTheme,8,26,30.77
9bffd2990bb54121,androidx/compose/material3/Shapes,8,144,5.56
b5ed279173a405f1,okhttp3/Cache$RealCacheRequest,8,18,44.44
89a7f5dacb71933b,androidx/room/RoomDatabaseKt__RoomDatabase_androidKt$startTransactionCoroutine$2$1$1,8,14,57.14
6a0bc5b676df9d0a,androidx/compose/runtime/internal/PersistentCompositionLocalHashMap$Builder,8,34,23.53
40972013ab1f8ff4,okio/AsyncTimeout$source$1,8,37,21.62
72e04f12290a106a,androidx/work/impl/background/systemjob/JobSchedulerExtKt,8,45,17.78
3f67520eba3513ce,androidx/compose/ui/graphics/BlendModeColorFilter,8,16,50.0
5f68041e1ee4c10a,okhttp3/JvmCallExtensionsKt,8,9,88.89
1ef696c3c8afe405,androidx/compose/runtime/saveable/RememberSerializableKt,8,36,22.22
0d6c5672e90356d9,androidx/room/TriggerBasedInvalidationTracker$notifyInvalidation$2$invalidatedTableIds$1$1,8,12,66.67
a5fbfc6fd2110f67,androidx/room/util/DBUtil__DBUtil_androidKt$performInTransactionSuspending$2,8,12,66.67
6a574f09f441b40b,androidx/room/InvalidationTracker$syncBlocking$1,8,12,66.67
f286c481101aa35f,androidx/compose/ui/graphics/Color$Companion,8,91,8.79
379d8aa52fb017d2,androidx/compose/ui/graphics/PathFillType,8,24,33.33
da83f23599043420,androidx/compose/foundation/VerticalScrollableClipShape,8,8,100.0
c8ea0279e851a761,kotlinx/coroutines/flow/FlowKt__ZipKt$combine$1$1,8,15,53.33
cef117746d113167,kotlinx/coroutines/internal/SystemPropsKt,8,8,100.0
0dcfe52290c0de14,androidx/core/content/ContextCompat,8,121,6.61
fea2eebf89047f5f,androidx/compose/ui/text/android/StaticLayoutFactory,8,49,16.33
389677f1ffd8d60a,me/ash/reader/ui/page/home/feeds/subscribe/SubscribeViewModel$1$1,8,12,66.67
35ba37301750d31f,androidx/compose/animation/core/TransitionState,8,8,100.0
80af97ce652274ae,me/ash/reader/infrastructure/preference/ReadingBoldCharactersPreference$Companion,8,12,66.67
3e13f08c910c98b8,me/ash/reader/domain/data/DiffMapHolder$1,8,14,57.14
16da7de9657c4961,kotlinx/coroutines/scheduling/DefaultIoScheduler,8,13,61.54
63edf6cb158fa7f9,me/ash/reader/infrastructure/preference/HideEmptyGroupsPreference$Companion,8,12,66.67
7c75bef25ddb1829,kotlinx/coroutines/internal/ResizableAtomicArray,8,14,57.14
61ff60957a02bc1e,androidx/window/core/ExtensionsUtil,8,21,38.1
44a9c9a7df2955a0,org/jdom2/input/sax/TextBuffer,8,13,61.54
a020e7ee0cb92348,okhttp3/ConnectionListener,8,11,72.73
3335e865c17f7261,me/ash/reader/infrastructure/preference/FlowArticleListDescPreference$Companion,8,13,61.54
c8ae8c655464b8ca,me/ash/reader/infrastructure/preference/ReadingTitleBoldPreference$Companion,8,12,66.67
2fb2baf1c47db950,me/ash/reader/infrastructure/preference/ReadingSubheadUpperCasePreference$Companion,8,12,66.67
84d17a4aafddf936,androidx/room/TriggerBasedInvalidationTracker$refreshInvalidationAsync$3,8,16,50.0
2e47b12900a2174a,androidx/compose/ui/text/AnnotatedString$Range,8,37,21.62
4f975bb7f0814c2a,androidx/datastore/core/DataStoreImpl$writeActor$3,8,12,66.67
fae42ad8b1a24909,androidx/compose/runtime/Recomposer$recompositionRunner$2$2,8,12,66.67
201ad225c07d7a8c,androidx/compose/foundation/gestures/ScrollableKt,8,58,13.79
59829485550c30d8,kotlinx/coroutines/internal/LimitedDispatcher$Worker,8,13,61.54
c53c4ed71d835f4b,org/jsoup/parser/Token$TokenType,8,9,88.89
6e35accea51d2ed6,androidx/compose/ui/node/NodeCoordinator$Companion$onCommitAffectingLayerParams$1,8,11,72.73
94c91be975a293e8,okio/internal/ResourceFileSystem,8,139,5.76
39af0239c7e975d3,kotlin/Result,8,31,25.81
b4282d1b466e7686,kotlinx/serialization/internal/CollectionSerializer,8,8,100.0
de683fbc326f9a4b,androidx/work/impl/WorkDatabasePathHelper,8,47,17.02
ea1197d22c4dd87d,androidx/compose/ui/text/input/KeyboardCapitalization,8,33,24.24
3bcef7e43e29fbfd,androidx/compose/foundation/DarkTheme_androidKt,8,11,72.73
bfdff99a5db551e2,androidx/savedstate/serialization/SavedStateConfigurationKt,8,17,47.06
7758caf8541a4391,androidx/room/util/StringUtil,8,29,27.59
b7515166ee924228,androidx/compose/animation/core/Transition$SegmentImpl,8,16,50.0
91280be1c000b1e8,me/ash/reader/infrastructure/preference/FlowArticleListTimePreference$Companion,8,12,66.67
a6216925599b1db7,androidx/core/app/CoreComponentFactory,8,11,72.73
bb580a3eda65e033,me/ash/reader/infrastructure/preference/AmoledDarkThemePreference$Companion,8,12,66.67
d9a96a6d7be9031f,androidx/room/coroutines/RunBlockingUninterruptible_androidKt$runBlockingUninterruptible$1,8,15,53.33
3cbbc9d7df7f6120,me/ash/reader/infrastructure/preference/BasicFontsPreference,8,30,26.67
56a875f930b99885,me/ash/reader/infrastructure/preference/SortUnreadArticlesPreference$Companion,8,12,66.67
8ff197334442976b,androidx/lifecycle/ViewModelStore,8,14,57.14
f6bf0c86f36f8562,androidx/compose/foundation/lazy/layout/LazyLayoutIntervalContent,8,21,38.1
f9665ca1f81c91a8,androidx/room/util/DBUtil__DBUtil_androidKt$performSuspending$lambda$1$$inlined$internalPerform$1$1,8,9,88.89
63a7dd2bbf3ded76,androidx/compose/ui/layout/ContentScaleKt,8,22,36.36
df97e7439be5afd2,okio/Okio,8,24,33.33
c9dd8b2713a6bda7,kotlin/time/DurationKt,8,237,3.38
63e1afa96486e5e4,androidx/room/util/DBUtil__DBUtil_androidKt$performInTransactionSuspending$2$invokeSuspend$$inlined$internalPerform$1$1,8,11,72.73
cdc23ff54daaf2a2,androidx/lifecycle/ViewModelKt,8,9,88.89
7b3fb28e48210cf9,androidx/savedstate/SavedStateRegistry,8,24,33.33
5614c069f7932c6b,androidx/compose/runtime/changelist/Operation$EndCompositionScope,8,21,38.1
cc7b62af99f3dab6,okhttp3/Cache$RealCacheRequest$1,8,10,80.0
529a69922909dfab,androidx/compose/runtime/external/kotlinx/collections/immutable/implementations/persistentOrderedSet/PersistentOrderedSet,8,65,12.31
39e8924c9b01bd6d,kotlinx/coroutines/SupervisorKt,8,14,57.14
3e2088456d7ed529,androidx/compose/runtime/NextFrameEndCallbackQueue,8,19,42.11
3cfc3bc23be8527c,androidx/compose/runtime/Recomposer$State,8,11,72.73
206a39e4fcadab98,androidx/compose/animation/AnimatedContentTransitionScopeImpl$ChildData,8,8,100.0
0a2d9746c780f42e,androidx/concurrent/futures/AbstractResolvableFuture$Waiter,8,9,88.89
37786c413de12815,androidx/lifecycle/ViewModelProvider$NewInstanceFactory,8,11,72.73
dd34f03b6541c6a4,androidx/datastore/core/DataStoreImpl$transformAndWrite$2$newData$1,8,12,66.67
490cd8a1b0e26fb8,coil/RealImageLoader$execute$2$job$1,8,12,66.67
9e0caac8817b3aaa,androidx/compose/ui/graphics/CompositingStrategy,8,22,36.36
1081ba02e6ab4336,kotlin/text/CharsKt__CharJVMKt,8,53,15.09
fc446c0b0f17f07c,androidx/compose/runtime/changelist/Operation$Downs,8,16,50.0
363335176fd2c3bc,androidx/concurrent/futures/CallbackToFutureAdapter$SafeFuture,8,18,44.44
aabe5cfcec5b9578,androidx/compose/ui/layout/RootMeasurePolicy,8,22,36.36
76bc632675cc2fe3,androidx/room/TriggerBasedInvalidationTracker$createFlow$1$1,8,12,66.67
0a21fc379ad6c309,androidx/compose/ui/platform/AndroidComposeView$snapshotObserver$1,8,14,57.14
a70ce61f79c73707,okhttp3/ResponseBody$Companion,8,34,23.53
ce8717a3db3aadc8,me/ash/reader/infrastructure/di/OkHttpClientModule,8,8,100.0
733622c0c0b2de99,me/ash/reader/domain/service/AccountService$special$$inlined$map$1$2,8,14,57.14
644ac5d16b9b05ec,org/jdom2/input/sax/XMLReaders,8,19,42.11
81c082f8a6fbea2d,me/ash/reader/domain/data/DiffMapHolder$1$2,8,9,88.89
e239418bff3fac88,me/ash/reader/domain/repository/ArticleDao_Impl$insertListIfNotExist$2,8,12,66.67
a745f89058ed572b,androidx/compose/ui/text/style/ColorStyle,8,22,36.36
707c62bcc62864c5,kotlin/SafePublicationLazyImpl,8,20,40.0
49f2f991a613063d,androidx/compose/runtime/MovableContentKt,8,301,2.66
254b90c2ee0daa91,okhttp3/internal/connection/RoutePlanner$ConnectResult,8,38,21.05
e8cfb207870dacd8,androidx/work/impl/model/WorkNameDao_Impl,8,37,21.62
fadd9cb0e3057475,androidx/compose/foundation/layout/FillElement$Companion,8,8,100.0
556573d6d352c4dd,androidx/datastore/core/DataMigrationInitializer$Companion$runMigrations$2,8,23,34.78
8d9570a8114bddef,kotlinx/coroutines/selects/SelectClause0Impl,8,9,88.89
46494c50e9f91249,me/ash/reader/domain/data/FilterState,8,47,17.02
a10c615ef024e25f,androidx/compose/runtime/snapshots/SnapshotIdArrayBuilder,8,13,61.54
19d147aeff2cb302,androidx/compose/animation/AnimatedEnterExitMeasurePolicy$measure$1,8,8,100.0
98eb643fc0ef8e58,androidx/datastore/preferences/protobuf/GeneratedMessageLite$Builder,8,59,13.56
dc6a5745f3e00abe,androidx/compose/ui/graphics/colorspace/Adaptation,8,10,80.0
36906db012b7bb36,kotlin/collections/EmptySet,8,28,28.57
9fc10f7953deb1d3,androidx/compose/ui/text/style/TextAlign$Companion,8,19,42.11
88860120b69b6dfb,androidx/collection/IntSet,8,416,1.92
89a5dab872db5322,me/ash/reader/infrastructure/preference/ReadingTextBoldPreference$Companion,8,12,66.67
3d00d608f71c6ef3,androidx/lifecycle/LifecycleRegistry$ObserverWithState,8,11,72.73
0a1a744cced4038c,kotlinx/coroutines/flow/FlowKt__ShareKt$launchSharing$1$2,8,18,44.44
c9366a30cb97dba9,kotlinx/coroutines/flow/internal/FlowCoroutineKt$scopedFlow$1$1,8,12,66.67
e95bbdf54b63ec6f,me/ash/reader/ui/ext/DataStoreExtKt$put$2$1,8,20,40.0
bbf8b19f3d2f4499,kotlinx/coroutines/flow/StartedWhileSubscribed$command$1,8,32,25.0
ae546bc7b26a4418,me/ash/reader/ui/theme/palette/colorspace/cielab/CieLab,8,30,26.67
9e8aec966fce499f,me/ash/reader/infrastructure/preference/FeedsGroupListExpandPreference$Companion,8,12,66.67
3c8fb656c803d6a3,androidx/compose/ui/geometry/RectKt,8,26,30.77
4f1a313eb6253c82,androidx/work/impl/UnfinishedWorkListenerKt$maybeLaunchUnfinishedWorkListener$2,8,9,88.89
d0c8276156d415de,kotlinx/coroutines/JobKt,8,30,26.67
7090d1a058c2cc7f,kotlinx/coroutines/flow/internal/SafeCollector_commonKt,8,27,29.63
6fc3b44cd40a9a24,androidx/compose/runtime/LaunchedEffectImpl,8,22,36.36
cfd2d3c31fea5648,me/ash/reader/domain/service/AccountService$getCurrentAccount$1$1,8,10,80.0
55b8a05283a8a3f6,dagger/hilt/android/internal/managers/ApplicationComponentManager,8,10,80.0
dad9bf3e9c370f9c,androidx/compose/ui/spatial/RectListKt,8,66,12.12
82d8b07068c2ec01,androidx/work/impl/utils/ProcessUtils,8,34,23.53
4e7eee55c3db353a,okhttp3/RequestBody$Companion,8,58,13.79
b4a282add7fb7711,androidx/compose/runtime/changelist/Operation$AppendValue,8,23,34.78
c7fdadd67adf0613,me/ash/reader/domain/service/AccountService$getCurrentAccountId$1$1,8,10,80.0
b9162fa2decd3e91,me/ash/reader/ui/ext/DataStoreExtKt$put$2,8,12,66.67
a6ccd786fe8d18c4,androidx/compose/animation/core/EasingKt,8,9,88.89
ebd3bd890143809a,kotlin/coroutines/intrinsics/IntrinsicsKt__IntrinsicsJvmKt,8,57,14.04
facb0e2c5e751d0b,kotlinx/coroutines/flow/StartedWhileSubscribed$command$2,8,10,80.0
e20f702dfba8de6a,androidx/compose/ui/input/pointer/SuspendingPointerInputModifierNodeImpl,8,182,4.4
375b17968e09b927,androidx/compose/ui/input/pointer/SuspendPointerInputElement,8,44,18.18
130b796289a6f429,androidx/compose/foundation/lazy/LazyListKt$rememberLazyListMeasurePolicy$1$1$measuredItemProvider$1,8,8,100.0
b907247f995813de,androidx/compose/runtime/external/kotlinx/collections/immutable/implementations/immutableList/AbstractPersistentList,8,43,18.6
3f19e4e33d2f5ed3,com/rometools/rome/io/impl/FeedParsers,8,10,80.0
b6dba634a81080b0,androidx/compose/material3/adaptive/layout/DpWidthSizeClasses,8,12,66.67
d66fc3a01028bdbe,androidx/compose/animation/core/ArcSpline,8,69,11.59
e2821f411ae05f52,androidx/compose/ui/platform/AndroidUiDispatcher$Companion$Main$2,8,9,88.89
2c6e7ba3c5f62abe,me/ash/reader/domain/service/RssService$special$$inlined$map$1$2,8,14,57.14
65ac9c5666aa87c4,org/jsoup/parser/HtmlTreeBuilderState$24,8,14,57.14
2f5063a0aec39aaa,androidx/room/util/DBUtil__DBUtil_androidKt$performSuspending$$inlined$compatCoroutineExecute$DBUtil__DBUtil_androidKt$1,8,11,72.73
f73012db7d65406e,androidx/datastore/core/DataStoreImpl$data$1$2,8,10,80.0
5cd9fe70e7a59df9,coil/request/Parameters,8,58,13.79
9a01a7dd473aa21d,org/jsoup/nodes/LeafNode,8,35,22.86
01419f28f86a5f04,com/google/gson/internal/bind/MapTypeAdapterFactory$Adapter,8,77,10.39
c09f6e1e8b98dc40,androidx/compose/ui/CombinedModifier,8,26,30.77
73d6016fb0901b53,androidx/room/RoomDatabase$JournalMode,8,16,50.0
f29ae346c83a409b,androidx/profileinstaller/ProfileVerifier$Cache,8,40,20.0
a9a7b365f2b0d1fc,kotlinx/coroutines/flow/FlowKt__LimitKt$takeWhile$$inlined$unsafeFlow$1,8,19,42.11
44468bc317f341cb,me/ash/reader/infrastructure/preference/MarkAsReadOnScrollPreference$Companion,8,12,66.67
8cd91bf2727d3ca2,okhttp3/internal/cache/CacheStrategy$Factory,8,118,6.78
a00d7f9b653ca022,androidx/compose/ui/graphics/vector/PathNode,8,10,80.0
e4dc2ad29e6c8abe,coil/compose/AsyncImagePainter$updateRequest$2$1$size$$inlined$mapNotNull$1$2,8,15,53.33
bda2227589318c05,androidx/datastore/core/DataStoreImpl$data$1$1,8,12,66.67
09994dc291694fd5,androidx/compose/ui/layout/MeasureScope,8,55,14.55
54a96b1b1f427bdc,androidx/datastore/preferences/protobuf/CodedOutputStream$AbstractBufferedEncoder,8,27,29.63
2ec3ab99ce08f062,okhttp3/internal/connection/FastFallbackExchangeFinder$launchTcpConnect$1,8,11,72.73
0fcf1d1eb06f1988,org/jsoup/select/Collector$Accumulator,8,8,100.0
974990d6a9a3d567,androidx/compose/ui/layout/ScaleFactorKt,8,47,17.02
d571d2c790232ce6,me/ash/reader/infrastructure/preference/ReadingAutoHideToolbarPreference$Companion,8,12,66.67
57668458501f18a3,androidx/compose/ui/text/font/FontListFontFamily,8,60,13.33
a68ca18856dd2a69,androidx/datastore/preferences/protobuf/AbstractMessageLite$Builder,8,94,8.51
a1246e3d45c7f12d,androidx/compose/runtime/Anchor,8,10,80.0
def6fab7f00a886a,androidx/compose/ui/graphics/colorspace/ConnectorKt,8,9,88.89
3c70d0a5f860e880,me/ash/reader/infrastructure/preference/ReadingTitleUpperCasePreference$Companion,8,12,66.67
719d0ecb835fa0b0,kotlin/text/Charsets,8,20,40.0
1bd8c530c5af07fc,me/ash/reader/ui/theme/palette/colorspace/cielab/CieLab$Companion,8,18,44.44
463e1f2829370cf4,androidx/fragment/app/FragmentManagerViewModel,8,156,5.13
3dfe03e8f853fa9f,me/ash/reader/infrastructure/android/AndroidApp$accountInit$2$1,8,12,66.67
4c6925fb09ef9d75,org/jdom2/Content$CType,8,10,80.0
5b5904d1ce7e0c58,kotlinx/coroutines/flow/internal/ChannelFlow$collectToFun$1,8,12,66.67
8c6b7fe673311d13,okhttp3/TlsVersion,8,13,61.54
e53ff97f4ecaef3a,androidx/compose/material3/TypographyKt,8,41,19.51
fd774efa60d6eeb2,kotlinx/coroutines/internal/ConcurrentLinkedListKt,8,85,9.41
f3d59811685c7d91,androidx/compose/foundation/layout/SystemInsetsPaddingModifierNode,8,20,40.0
4465cb00f5bfa4b6,androidx/compose/ui/draganddrop/DragAndDropNode,8,104,7.69
d29d1aa637cee171,me/ash/reader/ui/page/home/feeds/subscribe/SubscribeUiState,8,40,20.0
2d6740cd39b46ad1,kotlinx/coroutines/flow/FlowKt__TransformKt$onEach$$inlined$unsafeTransform$1$2,8,15,53.33
92735f41949b0772,androidx/compose/material3/MotionSchemeKt$WhenMappings,8,14,57.14
98f39278d0d944bb,me/ash/reader/infrastructure/di/UserAgentInterceptor,8,8,100.0
88903697aab6ab9b,me/ash/reader/infrastructure/preference/FlowArticleListDateStickyHeaderPreference$Companion,8,12,66.67
effb85c53fa3eacd,androidx/compose/runtime/Recomposer$join$2,8,10,80.0
7f98eb543320d89b,me/ash/reader/domain/data/DiffMapHolder$syncOnChange$1$1$1,8,12,66.67
741df82cdb8ce831,me/ash/reader/ui/page/home/feeds/subscribe/SubscribeViewModel$2$1,8,10,80.0
784e98484dff726d,androidx/compose/runtime/MovableContentStateReference,8,11,72.73
e12054c606bbecfa,androidx/compose/runtime/GroupKind,8,31,25.81
2fc9099d22571bb7,me/ash/reader/infrastructure/preference/InitialFilterPreference,8,21,38.1
39c02afe0f62c39c,okhttp3/internal/tls/BasicTrustRootIndex,8,34,23.53
b50daa05055585a5,androidx/compose/ui/node/LayoutNode$LayoutState,8,10,80.0
ad5da0f1df6b72e9,androidx/room/EntityInsertionAdapter,7,101,6.93
1ce2edf35f826ea0,androidx/compose/material3/ButtonColors,7,53,13.21
69decf71aebac872,androidx/compose/runtime/StaticProvidableCompositionLocal,7,7,100.0
c0fd2e9eb1cdbfc6,androidx/compose/ui/node/LayoutNodeLayoutDelegateKt,7,20,35.0
57f941c9254c1244,okhttp3/Handshake$peerCertificates$2,7,7,100.0
503bd9e58f2c2748,androidx/compose/ui/platform/AndroidUiFrameClock$withFrameNanos$2$callback$1,7,8,87.5
24891d4e6eec96cf,androidx/compose/ui/node/MeasureAndLayoutDelegate$WhenMappings,7,12,58.33
ab483a91ffcf0c1e,org/jdom2/filter/ContentFilter,7,65,10.77
1dc4653457d2ed37,coil/request/CachePolicy,7,11,63.64
56a711d60d468820,me/ash/reader/infrastructure/preference/SyncOnStartPreference,7,16,43.75
eb4c4fb12c08aab9,me/ash/reader/infrastructure/preference/OpenLinkSpecificBrowserPreference$Companion,7,8,87.5
de411772b7757ccf,me/ash/reader/domain/repository/GroupDao_Impl$2,7,7,100.0
19168974db5f09b1,androidx/compose/ui/graphics/AndroidImageBitmap_androidKt,7,37,18.92
037493d544091679,androidx/compose/ui/autofill/AndroidAutofill,7,30,23.33
add3979ca136998e,androidx/customview/poolingcontainer/PoolingContainer,7,39,17.95
7b8b62780f667590,okhttp3/internal/http/RequestLine,7,22,31.82
5c5a9395c53fc97b,androidx/compose/runtime/snapshots/SnapshotStateMap$StateMapStateRecord,7,13,53.85
177a2fbab9596225,androidx/compose/foundation/BackgroundElement,7,41,17.07
f9b78b00f7b826d0,androidx/compose/ui/platform/GraphicsLayerOwnerLayer$recordLambda$1,7,8,87.5
71e970d24ce60e36,androidx/compose/ui/text/style/TextOverflow$Companion,7,12,58.33
b42593ba80428425,androidx/lifecycle/viewmodel/navigation3/EntryViewModel,7,17,41.18
582d819eaa1797b6,kotlinx/serialization/internal/ListLikeDescriptor,7,38,18.42
7d6cb77b9af6d480,kotlinx/coroutines/flow/FlowKt__EmittersKt$onCompletion$$inlined$unsafeFlow$1,7,29,24.14
2fe9668b092a6434,androidx/compose/runtime/internal/AtomicBoolean,7,28,25.0
2af5f9cf51d567e2,androidx/compose/ui/node/Invalidation,7,9,77.78
3b7e127a9f48d324,androidx/compose/ui/platform/LifecycleRetainedValuesStore,7,17,41.18
3752ef20cd5c70ae,org/jsoup/parser/TokeniserState$10,7,12,58.33
01ba725925c333a9,androidx/compose/ui/platform/LifecycleRetainedValuesStoreOwner$RetainedValuesStoreEntry,7,26,26.92
e4ba338efc3bad88,androidx/savedstate/serialization/SavedStateEncoderKt,7,54,12.96
626e91086f7c9ab7,androidx/compose/ui/text/TextLayoutInput,7,90,7.78
16e3225211cbe39a,androidx/work/impl/utils/IdGenerator,7,14,50.0
31c6da28cbbf46af,androidx/compose/ui/node/MutableVectorWithMutationTracking,7,22,31.82
4a89c5acfdc515c0,kotlinx/coroutines/flow/FlowKt__ErrorsKt$retryWhen$$inlined$unsafeFlow$1,7,22,31.82
161f204a8fd55eb7,me/ash/reader/infrastructure/preference/SyncOnlyWhenChargingPreference,7,16,43.75
c780e488775713de,androidx/work/impl/ToContinuation,7,13,53.85
3e7604f8826eff4f,androidx/compose/ui/text/intl/LocaleList,7,49,14.29
8aca4484485ba1d0,androidx/room/RoomConnectionManager$SupportOpenHelperCallback,7,12,58.33
7b3494d41ffc3819,okhttp3/internal/_RequestCommonKt,7,111,6.31
658ba20caba5a41b,androidx/navigation3/runtime/serialization/NavBackStackSerializer,7,10,70.0
d89dc8cee3b65b9a,coil/util/-Requests,7,25,28.0
cb855ed7b045ad92,me/ash/reader/infrastructure/preference/ReadingTextLineHeightPreference,7,17,41.18
ab362968ccef265c,androidx/compose/ui/res/StringResources_androidKt,7,45,15.56
b67a2e0ae3b63334,androidx/datastore/preferences/core/Preferences$Key,7,10,70.0
be764285a1e7b5e1,androidx/datastore/core/DataStoreFactory,7,35,20.0
c963629572239085,androidx/compose/animation/AnimatedContentTransitionScopeImpl$SizeModifierNode$measure$1,7,7,100.0
3439a7b95d278705,androidx/compose/foundation/text/modifiers/LayoutCacheOperation,7,25,28.0
fd3b058d29bcb8d3,androidx/work/WorkRequest,7,7,100.0
d77f4817f4c061a9,kotlinx/coroutines/internal/InlineList,7,41,17.07
c4638cc01156f3ef,org/jsoup/nodes/Node$OuterHtmlVisitor,7,11,63.64
e9c91bfe1b00638a,kotlinx/coroutines/flow/internal/FusibleFlow$DefaultImpls,7,8,87.5
ede2c186459c0321,dagger/hilt/android/internal/managers/ActivityRetainedComponentManager$1,7,7,100.0
a993a9278153eb3c,androidx/compose/ui/node/LookaheadCapablePlaceable$captureRulers$1,7,8,87.5
5a6a7e06d4701b04,okhttp3/internal/http/StatusLine,7,9,77.78
e1c4495537c3546c,me/ash/reader/infrastructure/compose/CompositionLocalsKt,7,16,43.75
343b71f32bdc2558,kotlinx/coroutines/scheduling/CoroutineScheduler$WorkerState,7,10,70.0
11d41062fc2cb655,androidx/savedstate/SavedStateRegistryController,7,10,70.0
ce24049fdf305e62,androidx/compose/material3/ScaffoldLayoutContent,7,10,70.0
3aeab8927ca3f2cd,androidx/compose/ui/focus/Focusability,7,37,18.92
398b7d478af4a204,androidx/compose/material3/adaptive/DpHeightSizeClasses,7,10,70.0
03832ab740116429,org/jdom2/input/sax/XMLReaders$NONSingleton,7,9,77.78
d4abfc114c3389d1,kotlin/jvm/internal/Reflection,7,46,15.22
910337b0c689ed9e,androidx/compose/material3/RippleConfiguration,7,21,33.33
fae057fc7d213d98,androidx/room/Room,7,48,14.58
1d67bdb13800350b,me/ash/reader/infrastructure/preference/KeepArchivedPreference,7,21,33.33
1a1fe7e554a78765,androidx/compose/ui/draganddrop/AndroidDragAndDropManager,7,28,25.0
de87fcf41619ba2f,androidx/compose/ui/input/nestedscroll/NestedScrollDispatcher,7,58,12.07
5cb15be1a8f0c1f8,androidx/compose/runtime/changelist/Operations$WriteScope,7,28,25.0
e2f3986197b24348,androidx/datastore/core/StorageConnectionKt$readData$2,7,11,63.64
da3009cedb36e64b,androidx/compose/foundation/lazy/layout/LazyLayoutNearestRangeState$Companion,7,7,100.0
500f6d27cabbf930,androidx/compose/animation/SharedTransitionScopeRootModifierNode$measure$1,7,8,87.5
874b13fae3cb59a3,kotlin/coroutines/AbstractCoroutineContextElement,7,7,100.0
896b31a178f40f00,kotlinx/serialization/json/JsonKt,7,12,58.33
ee271e80d093cff5,androidx/compose/ui/node/ObserverModifierNodeKt,7,8,87.5
e4a4fe8402a2b77b,kotlinx/coroutines/flow/internal/FlowCoroutineKt,7,8,87.5
7d48d561f9990190,androidx/datastore/preferences/protobuf/Internal,7,94,7.45
008e43e10a30397b,androidx/datastore/preferences/protobuf/CodedInputStream$ArrayDecoder,7,210,3.33
cfcc32b36168ac3f,coil/memory/MemoryCacheService,7,156,4.49
a3f69ff60774eb4a,com/caverock/androidsvg/SVGParser$XPPAttributesWrapper,7,17,41.18
a23b7e8debc46732,androidx/compose/material3/tokens/FabBaselineTokens,7,9,77.78
1b45bb2c1a108a2b,com/rometools/rome/feed/atom/Person,7,18,38.89
b4bd357786343788,androidx/room/driver/SupportSQLiteConnectionPool,7,9,77.78
4e041a630a662f13,androidx/compose/runtime/changelist/Operation$Ups,7,12,58.33
fa0cf3511dcda5e3,androidx/compose/foundation/lazy/layout/LazyLayoutPrefetchState,7,53,13.21
c6a89654d3fd3285,kotlinx/coroutines/flow/FlowKt__ErrorsKt$catch$$inlined$unsafeFlow$1,7,19,36.84
075288deab047507,me/ash/reader/infrastructure/preference/SyncIntervalPreference,7,25,28.0
b301aac85783bf9c,androidx/collection/internal/LruHashMap,7,23,30.43
2176e3e58cb79c1c,androidx/compose/ui/graphics/StrokeJoin,7,27,25.93
898790d797865c40,androidx/compose/animation/core/VectorizedSpringSpec,7,20,35.0
55027e4d24261dc2,androidx/activity/SystemBarStyle,7,17,41.18
be36d96fb146a4af,androidx/compose/ui/graphics/vector/PathNode$RelativeReflectiveCurveTo,7,30,23.33
3eb6b7e680413bd6,org/jsoup/select/Selector,7,38,18.42
8c44651ea6f9fd46,androidx/core/graphics/TypefaceCompatApi29Impl,7,105,6.67
3fea01ccbb463793,kotlinx/serialization/descriptors/ContextDescriptor,7,26,26.92
e946989c279d8569,androidx/compose/ui/node/MeasurePassDelegate$WhenMappings,7,11,63.64
1afb9b9a0a14f804,androidx/appcompat/widget/ViewUtils,7,36,19.44
374496f31587e7a0,androidx/compose/foundation/layout/InsetsValues,7,17,41.18
7e0f7c746f8cde4a,kotlinx/coroutines/BuildersKt,7,8,87.5
fd96001be6b5a8db,me/ash/reader/domain/model/group/Group,7,25,28.0
18d761c275c9b8cf,com/rometools/rome/io/impl/RSS091UserlandParser,7,104,6.73
972e0435d0441714,kotlin/collections/CollectionsKt__MutableCollectionsJVMKt,7,19,36.84
d69cd6f454b26094,okio/JvmFileHandle,7,20,35.0
db5bf78f08a6100b,androidx/compose/foundation/layout/ExcludeInsets,7,16,43.75
3951f50ca0789900,androidx/compose/ui/input/pointer/PointerIcon$Companion,7,10,70.0
678cdd3b8800c78f,androidx/compose/material3/FloatingActionButtonElevation$animateElevation$2$1,7,13,53.85
933b737bb9e72cd9,androidx/compose/ui/graphics/vector/PathNode$ReflectiveCurveTo,7,30,23.33
72dfde6e83e599d3,kotlinx/coroutines/flow/internal/CombineKt$combineInternal$2$1,7,21,33.33
6138beb225fcccbb,androidx/compose/animation/core/VectorizedTweenSpec,7,17,41.18
64d5064b1f372a8c,org/jsoup/helper/Validate,7,34,20.59
13c5440669c72970,androidx/compose/runtime/external/kotlinx/collections/immutable/implementations/immutableList/AbstractListIterator,7,24,29.17
cf5204c36b4f176e,androidx/work/impl/WorkerUpdater$enqueueUniquelyNamedPeriodic$1,7,25,28.0
4127bf24744b5d81,me/ash/reader/infrastructure/preference/SyncOnlyOnWiFiPreference,7,16,43.75
6068b1da3b65f2ea,androidx/work/Logger$LogcatLogger,7,41,17.07
7b181a11240d5d81,kotlin/ranges/IntProgressionIterator,7,14,50.0
98ca8697812de7b5,org/jsoup/helper/ChangeNotifyingArrayList,7,23,30.43
fe06df07a332baef,androidx/savedstate/SavedStateRegistryController$Companion,7,7,100.0
93f6a2ff56049e4d,androidx/navigation3/scene/SinglePaneSceneStrategy,7,7,100.0
100b6e6e7a903d5c,androidx/work/impl/background/systemjob/SystemJobInfoConverter$1,7,12,58.33
b08e75738b1b5706,me/ash/reader/ui/ext/DataStoreExtKt$get$1$invokeSuspend$$inlined$map$1$2,7,16,43.75
1ba57f088a4cf709,androidx/datastore/preferences/protobuf/WireFormat,7,27,25.93
a29d02ef2222f81a,androidx/room/util/MigrationUtil,7,52,13.46
048e6ef790d7e0f3,androidx/compose/ui/platform/WindowRecomposerPolicy$createAndInstallWindowRecomposer$unsetJob$1,7,21,33.33
1806273a1c681929,androidx/lifecycle/Lifecycle$Event$Companion$WhenMappings,7,12,58.33
9c390af7904cdde4,androidx/lifecycle/ViewModelProvider$AndroidViewModelFactory,7,36,19.44
2c07bfd8ee48a614,org/jsoup/parser/HtmlTreeBuilderState$2,7,22,31.82
ff2c072e2ace6977,androidx/compose/runtime/GroupInfo,7,7,100.0
d3f27fa13be48bb6,com/rometools/rome/feed/synd/SyndLinkImpl,7,18,38.89
721250e7984f06b7,com/rometools/rome/feed/WireFeed,7,22,31.82
8eef626d801a50b6,androidx/compose/foundation/BackgroundKt,7,20,35.0
d15707e4a24f08cf,androidx/compose/material/ripple/AndroidRippleNode,7,38,18.42
5bb9b4f2731c0025,androidx/compose/ui/platform/SemanticsNodeCopy,7,16,43.75
0b8db218c7ca4228,kotlinx/coroutines/flow/StateFlowKt,7,39,17.95
8a608f9a00bcd938,androidx/datastore/core/DataStoreImpl$data$1$invokeSuspend$$inlined$map$1$2,7,17,41.18
9400d50816a5eb2b,androidx/compose/ui/Actual_androidKt,7,10,70.0
feba37be461a7394,androidx/compose/ui/text/Paragraph,7,40,17.5
a91cd9fb4244ae3d,me/ash/reader/infrastructure/preference/SkipVersionNumberPreference,7,10,70.0
2019c44b99938175,kotlinx/coroutines/ExecutorsKt,7,16,43.75
8a5658c377a899f5,androidx/appcompat/app/AppCompatDelegateImpl$AppCompatWindowCallback,7,81,8.64
66f0dc17e78321bd,androidx/work/impl/model/WorkGenerationalId,7,19,36.84
d2c3bbd6c23a17c1,androidx/compose/ui/text/font/PlatformFontVariationSettings_androidKt,7,58,12.07
8dc1cfb026ae19f9,androidx/collection/IntObjectMapKt,7,48,14.58
9d31842a4f1f6b32,androidx/compose/ui/text/style/TextForegroundStyle$Companion,7,12,58.33
f6b06dc1733e5506,kotlinx/coroutines/JobCancellationException,7,25,28.0
9d43b5cb573b22d8,com/caverock/androidsvg/SVGAndroidRenderer$PathConverter,7,10,70.0
ead3b624735a12d7,androidx/datastore/preferences/PreferenceDataStoreDelegateKt,7,10,70.0
e2bc9df428be6a8c,androidx/compose/ui/platform/ViewCompositionStrategy$DisposeOnDetachedFromWindowOrReleasedFromPool,7,8,87.5
5eccbfecd2554eee,com/google/accompanist/drawablepainter/DrawablePainterKt,7,31,22.58
fb65f97d79280696,androidx/compose/ui/graphics/vector/VNode,7,8,87.5
da3b0bc62348ef6d,androidx/compose/foundation/interaction/PressInteractionKt$collectIsPressedAsState$1$1,7,13,53.85
87f1d393b7131e9a,androidx/compose/ui/platform/AndroidComposeView_androidKt,7,44,15.91
9e4dbc6299e4c5eb,androidx/compose/ui/node/LookaheadCapablePlaceable$layout$1,7,7,100.0
a5f6c072e7c5bc69,androidx/compose/runtime/CompositionContext,7,10,70.0
13dcc2efe1408e44,kotlin/collections/IndexingIterator,7,9,77.78
e18cfb1cf680d2c2,androidx/compose/runtime/SnapshotMutableStateImpl$StateStateRecord,7,9,77.78
d67c154787615b2b,androidx/compose/ui/text/TextLinkStyles,7,37,18.92
51e1b91a189a8fca,androidx/compose/ui/platform/coreshims/ViewCompatShims,7,12,58.33
8462cc2ae3432b1f,androidx/compose/ui/platform/AndroidCompositionLocals_androidKt$ProvideAndroidCompositionLocals$2,6,10,60.0
a88cb76c4380bc79,androidx/work/impl/model/PreferenceDao_Impl$1,6,8,75.0
cfc878f4a31234be,me/ash/reader/infrastructure/preference/FeedsFilterBarPaddingPreference,6,10,60.0
474895bf1f344d06,androidx/core/app/ComponentActivity,6,59,10.17
21ab7039716b601a,androidx/compose/foundation/lazy/layout/LazyLayoutBeyondBoundsInfo,6,31,19.35
53b2cfaa52562f5d,me/ash/reader/infrastructure/preference/ReadingImageHorizontalPaddingPreference,6,10,60.0
db2c701c0231482f,kotlin/io/FilesKt__FilePathComponentsKt,6,45,13.33
271c501621b997ff,androidx/compose/foundation/lazy/layout/LazyLayoutBeyondBoundsProviderModifierNode,6,78,7.69
ceefbbb16da85999,okhttp3/CacheControl,6,30,20.0
1ff58fa9baafcb88,androidx/navigation3/scene/SceneState,6,26,23.08
7e6cbd775fca7d51,androidx/compose/foundation/lazy/LazyItemScopeImpl,6,21,28.57
205da1849992f9c0,androidx/core/view/WindowInsetsControllerCompat,6,29,20.69
3acdee8d90a7c54e,androidx/collection/MutableLongList,6,157,3.82
d6e6cf3f031e3b72,androidx/compose/ui/platform/HapticDefaults,6,8,75.0
f09be23cf933ea48,kotlinx/coroutines/EventLoopImplPlatform,6,8,75.0
833e3b4e5d1fc4b3,kotlinx/coroutines/internal/FastServiceLoaderKt,6,7,85.71
1eacaa117036a556,androidx/compose/material3/adaptive/layout/PaneAdaptedValue$Companion,6,6,100.0
a9f2552235fca8cb,okhttp3/internal/connection/RouteDatabase,6,9,66.67
c00adc8b2e14536c,androidx/activity/result/ActivityResultRegistry$LifecycleContainer,6,13,46.15
ab0d0228b1571a7a,androidx/compose/ui/text/MultiParagraphIntrinsicsKt,6,21,28.57
5002f806ceb264a1,com/rometools/rome/feed/impl/ConfigurableClassLoader,6,9,66.67
424111299834e976,me/ash/reader/infrastructure/preference/ThemeIndexPreference,6,10,60.0
929be1e803c1b283,androidx/compose/ui/FrameRateCategory,6,29,20.69
080e9f773370666f,androidx/compose/ui/node/OwnerSnapshotObserver$clearInvalidObservations$1,6,6,100.0
e68731483b0fae46,kotlin/LazyThreadSafetyMode,6,8,75.0
e67a8805e25bceb7,androidx/compose/ui/text/font/TypefaceResult$Immutable,6,7,85.71
1eaf9ee6ebcac910,org/jdom2/internal/ArrayCopy,6,23,26.09
38c1825501bcf9bc,androidx/compose/foundation/gestures/ScrollingLogic,6,156,3.85
b557b24085ca2068,me/ash/reader/infrastructure/preference/ReadingImageRoundedCornersPreference,6,10,60.0
2849854b10707fb8,androidx/window/layout/WindowInfoTrackerImpl,6,14,42.86
c6fb5f8053d82873,me/ash/reader/infrastructure/preference/ReadingTextHorizontalPaddingPreference,6,10,60.0
b332810121c51121,com/rometools/modules/photocast/io/Parser,6,47,12.77
ca3d61e76e54877f,androidx/window/reflection/ReflectionUtils,6,47,12.77
6fcd6d8c5c797d0b,org/jsoup/parser/TokeniserState$8,6,11,54.55
44c4aa253bad3620,org/slf4j/helpers/NOP_FallbackServiceProvider,6,10,60.0
db8f3302cea52558,androidx/window/layout/WindowMetricsCalculator$Companion,6,16,37.5
0de6b9ed5cbfab34,androidx/compose/runtime/snapshots/ListUtilsKt,6,137,4.38
107479c897af1d85,androidx/compose/foundation/text/modifiers/TextStringSimpleElement,6,44,13.64
d247080dcfb3765a,androidx/compose/ui/text/PlatformTextStyle,6,26,23.08
febccf3516e744c7,androidx/compose/ui/layout/LookaheadCapablePlacementScope,6,15,40.0
33a179f317b15e13,androidx/window/layout/util/WindowMetricsCompatHelperApi30Impl,6,16,37.5
50eee64fb2b72017,androidx/lifecycle/viewmodel/navigation3/ViewModelStoreNavEntryDecorator$2$childViewModelStoreOwner$1$1,6,14,42.86
0d86e69029cd66ce,androidx/compose/ui/input/indirect/IndirectPointerEventPrimaryDirectionalMotionAxis,6,22,27.27
4faada596aa9bb61,okhttp3/internal/connection/ConnectInterceptor,6,6,100.0
a33bf868f4b58bdd,okio/ForwardingSink,6,10,60.0
798c884afe0d4b57,androidx/compose/runtime/snapshots/StateRecord,6,11,54.55
4c96c9d97d229ca8,androidx/compose/animation/core/AnimateAsStateKt$animateValueAsState$3$1$1,6,16,37.5
f4dff988348b5d13,androidx/compose/ui/graphics/CanvasZHelper,6,6,100.0
7bfc4d05d98eab9b,me/ash/reader/domain/service/AccountService$getCurrentAccountId$1,6,12,50.0
1bc571bf45914b19,androidx/window/SafeWindowExtensionsProvider,6,30,20.0
460f6efbce8a4281,androidx/compose/foundation/ClipScrollableContainerKt,6,7,85.71
dc76524f4e03653a,kotlinx/coroutines/CompletableDeferredKt,6,11,54.55
861ea4146a126d4d,me/ash/reader/infrastructure/preference/ReadingTextLetterSpacingPreference,6,10,60.0
efeeff45e4f471f2,okhttp3/internal/platform/android/Android10SocketAdapter$Companion,6,10,60.0
c0a3817edace9eaa,kotlin/coroutines/ContinuationInterceptor$DefaultImpls,6,22,27.27
b3baa8e786de183d,kotlinx/coroutines/JobNode,6,8,75.0
9c2b4433df0342fd,org/jsoup/parser/TokeniserState$38,6,15,40.0
c101c3fd061282e8,me/ash/reader/infrastructure/android/DaggerAndroidApp_HiltComponents_SingletonC$ActivityRetainedCBuilder,6,6,100.0
26b4b6fc2b61fd36,androidx/compose/runtime/SnapshotMutableIntStateImpl$IntStateStateRecord,6,7,85.71
2902ea07ef28aa01,androidx/compose/foundation/lazy/DefaultLazyListPrefetchStrategy,6,78,7.69
207e31f9f8bbcf5d,androidx/compose/ui/platform/GlobalSnapshotManager$ensureStarted$2,6,6,100.0
28b31500b4ab2fb4,me/ash/reader/ui/widget/WidgetRepository,6,41,14.63
a727bb4818ed2233,androidx/core/view/WindowInsetsCompat$BuilderImpl29,6,19,31.58
71a7c6a018fc894d,androidx/compose/foundation/lazy/layout/LazySaveableStateHolder$Companion,6,8,75.0
ee4d9fb447a650ba,androidx/compose/runtime/snapshots/StateMapMutableEntriesIterator,6,7,85.71
5e7bfe40338594b9,androidx/compose/foundation/gestures/DragGestureNode,6,412,1.46
b67c2ee78f0a109a,kotlinx/coroutines/scheduling/SchedulerCoroutineDispatcher,6,22,27.27
e0a94f3f1b5993fc,androidx/compose/ui/modifier/ModifierLocalManager,6,113,5.31
99a4bc68aead0c3c,androidx/compose/foundation/lazy/layout/LazyLayoutSemanticsKt,6,13,46.15
4a3123206f0a6175,androidx/lifecycle/viewmodel/compose/LocalViewModelStoreOwner_androidKt,6,8,75.0
f35fe27154bb620a,androidx/datastore/core/UpdatingDataContextElement,6,14,42.86
1ae453e5dba2150c,me/ash/reader/domain/data/DiffMapHolder$commitOnChange$1,6,12,50.0
ae15ccf6cac72fdc,me/ash/reader/domain/data/DiffMapHolder$syncOnChange$1,6,12,50.0
69d76bd07d7bb763,androidx/room/CoroutinesRoom$Companion,6,59,10.17
0fddc9460f6901cc,androidx/work/impl/model/SystemIdInfoDao_Impl$1,6,6,100.0
26ee6e03d3a5b30e,androidx/savedstate/serialization/SavedStateConfiguration_androidKt,6,8,75.0
2b5cbbb7f1246998,androidx/compose/runtime/SnapshotStateKt__ProduceStateKt$produceState$3$1,6,12,50.0
8f7059b0e578dbce,androidx/compose/ui/platform/AbstractComposeView$ensureCompositionCreated$1,6,10,60.0
1df6166fb71e34f9,okhttp3/internal/cache/CacheStrategy$Companion,6,18,33.33
f15ddbe150ee52d7,androidx/compose/material3/adaptive/layout/ThreePaneScaffoldRole,6,8,75.0
65afc075ccd1e180,kotlin/collections/builders/MapBuilder$KeysItr,6,7,85.71
40d1358e283dd5c2,androidx/compose/ui/graphics/drawscope/DrawScope$Companion,6,6,100.0
2efe96fea3a0730e,androidx/compose/ui/platform/WrappedComposition$setContent$1$1$3,6,10,60.0
d44e18804f404a8f,androidx/compose/ui/node/MeasurePassDelegate$layoutChildrenBlock$1$4,6,6,100.0
dc93fcc5b3aabaed,kotlin/jvm/internal/ArrayIterator,6,9,66.67
4a6a08c2306fbbec,me/ash/reader/domain/data/DiffMapHolder$commitDiffsFromCache$1,6,18,33.33
0d1a1b3e29c116d5,kotlinx/coroutines/flow/FlowKt__DelayKt$debounceInternal$1$values$1,6,12,50.0
d6f9879b04565c6e,me/ash/reader/infrastructure/android/DaggerAndroidApp_HiltComponents_SingletonC$ActivityCBuilder,6,6,100.0
d658af221194216f,androidx/compose/material3/tokens/FabMediumTokens,6,8,75.0
47323685c01c3838,androidx/compose/runtime/Invalidation,6,7,85.71
0be1da417a73224c,androidx/datastore/preferences/core/PreferencesFactory,6,6,100.0
5089a8a046d354e7,androidx/compose/material3/adaptive/layout/DpHeightSizeClasses,6,8,75.0
e04a4cf1c67340ef,androidx/core/view/ViewCompat$Api21Impl,6,46,13.04
bab7bdfb047ce904,androidx/compose/ui/platform/WrappedComposition$setContent$1$1$2$1,6,12,50.0
44531950b367e411,androidx/core/view/ViewCompat$Api21Impl$1,6,14,42.86
df0a88c9e718fa7f,kotlinx/coroutines/sync/MutexKt,6,38,15.79
e44ebff7dd03ec11,androidx/compose/ui/node/TailModifierNode,6,8,75.0
5bcd1565d5e5b181,androidx/compose/ui/input/nestedscroll/NestedScrollSource,6,30,20.0
44dd9cf42edebc23,androidx/compose/runtime/JoinedKey,6,23,26.09
0cc70ef7c924203e,okhttp3/internal/http/RealResponseBody,6,7,85.71
4bc826ced066365d,androidx/compose/animation/AnimatedVisibilityKt$AnimatedVisibilityImpl$2$1,6,8,75.0
5f7021cf5cec890a,androidx/appcompat/widget/TintTypedArray,6,62,9.68
79e01f6af4b599b9,androidx/room/RoomMasterTable,6,6,100.0
0e6a2af6c3814cbc,com/caverock/androidsvg/SVG$Style$TextDecoration,6,8,75.0
a701ae3074f79632,androidx/compose/runtime/changelist/Operation$EndMovableContentPlacement,6,6,100.0
f12749b0a3daf0b4,kotlin/collections/MapsKt__MapsJVMKt,6,46,13.04
bbbf53b243bf0795,androidx/compose/ui/graphics/StrokeCap,6,27,22.22
7e909fc441b34ccc,coil/compose/AsyncImagePainter$updateRequest$$inlined$target$default$1,6,8,75.0
91db79d25fffbba5,androidx/compose/foundation/lazy/layout/LazyLayoutItemAnimator$DisplayingDisappearingItemsNode,6,38,15.79
1a88f424860d04c5,androidx/navigationevent/compose/LocalNavigationEventDispatcherOwner_androidKt,6,8,75.0
620fa92eaf4a28d9,androidx/compose/runtime/DynamicProvidableCompositionLocal,6,7,85.71
a5fbf8116017f147,androidx/datastore/preferences/protobuf/SmallSortedMap$1,6,21,28.57
de3b8521cd53daa0,com/rometools/modules/itunes/io/ITunesParser,6,149,4.03
64c11e3efc24cbfa,androidx/compose/ui/text/input/CursorAnchorInfoController,6,34,17.65
66c3343716de0913,androidx/compose/material3/RippleNodeFactory,6,22,27.27
8e27698aeba3a1a3,me/ash/reader/domain/data/DiffMapHolder$clearDiffs$1,6,12,50.0
ed7a405426182689,androidx/compose/animation/core/VectorizedAnimationSpecKt,6,18,33.33
65dc7657761e6865,androidx/datastore/core/SingleProcessCoordinator$updateNotifications$1,6,7,85.71
ea268f557494fff2,androidx/work/ConfigurationKt$createDefaultExecutor$factory$1,6,7,85.71
fcb5b34ccaed0b03,androidx/work/ExistingWorkPolicy,6,8,75.0
f9b2f5eaf94b5b29,androidx/compose/runtime/InvalidationResult,6,9,66.67
7ac9c71d3d34eede,me/ash/reader/domain/model/account/SyncBlockListConverters,6,7,85.71
f236942f07664f33,me/ash/reader/infrastructure/preference/NewVersionSizePreference,6,22,27.27
6534be7684041121,androidx/compose/ui/text/TextRange,6,43,13.95
076359598d339db5,androidx/compose/runtime/SnapshotStateKt__SnapshotFlowKt$collectAsState$1$1$2,6,12,50.0
ccb1df60c4b7799e,androidx/work/impl/constraints/trackers/ConstraintTracker,6,44,13.64
0335d34dfa226548,coil/network/NetworkObserverKt,6,19,31.58
672c02905d8c172c,androidx/compose/runtime/internal/AtomicAwaitersCount,6,50,12.0
adb9fb77a2d0db5c,kotlinx/coroutines/channels/ChannelsKt__Channels_commonKt,6,67,8.96
a2426b371af77ce1,androidx/compose/runtime/KeyInfo,6,7,85.71
c80f81ed5aa31cda,me/ash/reader/infrastructure/preference/NewVersionLogPreference,6,10,60.0
09a94f1772935b97,androidx/compose/ui/platform/WindowRecomposer_androidKt$createLifecycleAwareWindowRecomposer$2$onStateChanged$1$1$1,6,12,50.0
704cf2a3d5b2388f,androidx/compose/ui/BiasAlignment$Horizontal,6,23,26.09
1eb8e0d8a50994b4,androidx/compose/runtime/external/kotlinx/collections/immutable/implementations/immutableMap/PersistentHashMapEntriesIterator,6,6,100.0
0cfd9ee98ffa4df6,androidx/compose/foundation/text/modifiers/TextAnnotatedStringElement,6,77,7.79
0c65c6e0476a1dc4,androidx/compose/ui/focus/FocusStateImpl$WhenMappings,6,10,60.0
537ee8787e29b573,androidx/lifecycle/SavedStateViewModelFactory,6,73,8.22
1e60eb59d3e856b5,org/jsoup/select/Collector$FirstFinder,6,8,75.0
b350007b845b87fb,androidx/compose/material3/ScaffoldDefaults,6,8,75.0
92b684b2b1b2d6b0,me/ash/reader/infrastructure/preference/FlowFilterBarPaddingPreference,6,10,60.0
bb79deaec7f51335,androidx/compose/foundation/gestures/DefaultFlingBehavior,6,12,50.0
35670c52260fce1b,androidx/compose/ui/BiasAlignment$Vertical,6,22,27.27
f8669db27c4a48cc,okhttp3/internal/_ResponseBodyCommonKt,6,107,5.61
4cfb41abae31b2b7,kotlinx/coroutines/Job$DefaultImpls,6,21,28.57
d163627538c45a0b,me/ash/reader/infrastructure/preference/CustomPrimaryColorPreference,6,10,60.0
69ccd07bf1367964,androidx/compose/material/ripple/RippleNode$onAttach$1,6,12,50.0
612ef605c738023f,androidx/datastore/core/AtomicInt,6,9,66.67
e2e458cd173f3f84,me/ash/reader/infrastructure/preference/NewVersionDownloadUrlPreference,6,10,60.0
98c2fe161c1b080b,androidx/compose/ui/node/ComposeUiNode$Companion$ApplyOnDeactivatedNodeAssertion$1,6,11,54.55
c498c2365cba48eb,androidx/compose/ui/node/DepthSortedSetsForDifferentPasses$WhenMappings,6,10,60.0
69cca27d2a60b2d7,androidx/compose/ui/graphics/colorspace/Connector$Companion,6,22,27.27
44476a7261ddbcf1,androidx/compose/runtime/DynamicValueHolder,6,17,35.29
52ce097c111e3983,androidx/datastore/preferences/PreferencesProto$PreferenceMap$Builder,6,30,20.0
34ae2bedd0d6bca6,me/ash/reader/ui/page/home/feeds/subscribe/SubscribeViewModel$2,6,12,50.0
af26c4362f37d7a0,androidx/compose/ui/graphics/Outline$Rounded,6,15,40.0
1042b7080cedd835,kotlinx/serialization/json/Json,6,30,20.0
f37096becd389b4e,me/ash/reader/ui/theme/palette/data/Illuminant,6,6,100.0
25e31d85de951549,androidx/compose/ui/node/OwnerSnapshotObserver$onCommitAffectingLookaheadMeasure$1,6,7,85.71
47c3a4188f3edf07,okio/RealBufferedSink$outputStream$1,6,17,35.29
107542d877b056e6,androidx/datastore/preferences/protobuf/FieldType$Collection,6,8,75.0
4dd880089546ccb1,androidx/compose/ui/graphics/TransformOrigin,6,35,17.14
af62e6978e35d30f,androidx/concurrent/futures/AbstractResolvableFuture$SafeAtomicHelper,6,6,100.0
e02ba9633c3161a9,org/jsoup/select/NodeFilter$FilterResult,6,8,75.0
a73094ffc0960633,androidx/navigation3/ListUtilsKt,6,29,20.69
e6ff0b6bad69b573,me/ash/reader/infrastructure/preference/NewVersionPublishDatePreference,6,10,60.0
5618472e077643ef,androidx/compose/ui/platform/WrappedComposition$setContent$1$1$1$1,6,12,50.0
cd50c86fe713743d,androidx/compose/ui/layout/PlaceableKt,6,6,100.0
169a6ba861082a20,androidx/compose/foundation/layout/WindowInsetsPadding_androidKt,6,73,8.22
6b3f5eb48341c0f7,com/google/gson/ToNumberPolicy,6,8,75.0
77b014c99d77a852,androidx/work/CoroutineWorker,6,17,35.29
6dd39f557e0f9afd,androidx/compose/runtime/SnapshotStateKt__ProduceStateKt$produceState$1$1,6,12,50.0
01b733d25d04b9f4,androidx/navigation3/runtime/NavEntryDecorator,6,9,66.67
a0a1588ae350edd4,androidx/compose/runtime/OneShotCancellationHandle,6,7,85.71
37ba905b0824b977,com/rometools/rome/feed/synd/SyndPersonImpl,6,15,40.0
9b2e836d7f38d1b6,coil/decode/DataSource,6,9,66.67
a7d686bd965ca02d,androidx/fragment/app/FragmentHostCallback,6,28,21.43
ae96f7e277e0f9bd,me/ash/reader/infrastructure/preference/AmoledDarkThemePreference,6,9,66.67
0d607108912dfa07,androidx/compose/foundation/AndroidOverscroll_androidKt,6,58,10.34
2d61a106ce747551,androidx/compose/foundation/lazy/layout/DefaultLazyKey,6,16,37.5
bbdaa456c99f4150,androidx/compose/runtime/external/kotlinx/collections/immutable/internal/DeltaCounter,6,20,30.0
1929ef8746cf8708,androidx/compose/ui/node/OwnerSnapshotObserver$onCommitAffectingSemantics$1,6,7,85.71
325caf3a8f6ee5a7,com/rometools/modules/mediarss/MediaModuleImpl,6,14,42.86
6587cfbaa732bae1,androidx/compose/ui/graphics/vector/ImageVectorKt,6,69,8.7
3a2c116c24625732,androidx/compose/ui/node/LookaheadPassDelegate$layoutChildrenBlock$1$4,6,6,100.0
8f0db67d1a065b5d,androidx/lifecycle/ViewModelProvider$AndroidViewModelFactory$Companion,6,7,85.71
5126948f31e40c7c,kotlinx/coroutines/CompletableDeferredImpl,6,9,66.67
28667274b343f163,androidx/compose/foundation/gestures/DefaultScrollableState,6,18,33.33
06852b5ddbdc0e32,kotlinx/coroutines/flow/FlowKt__CollectKt$launchIn$1,6,12,50.0
2383987c8f51acfe,androidx/appcompat/app/AppCompatActivity$2,6,6,100.0
618650ca15d91c1d,androidx/room/driver/SupportSQLiteConnection,6,7,85.71
63f61e88c0cbc508,me/ash/reader/ui/page/home/feeds/subscribe/SubscribeViewModel$1,6,12,50.0
4151864901b8fe7e,kotlinx/coroutines/CoroutineStart$WhenMappings,6,10,60.0
a59af95e1ab93e8c,org/jsoup/parser/TokeniserState$1,6,9,66.67
655cfc91263ee6f5,androidx/work/impl/utils/NetworkRequestCompat,6,23,26.09
00ca722ede64d5a1,androidx/compose/material3/adaptive/layout/ThreePaneScaffoldDestinationItem,6,17,35.29
8e7f9733261bc661,androidx/compose/ui/text/style/LineBreak$Strictness$Companion,6,7,85.71
96f901c592eb3c97,me/ash/reader/domain/service/AccountService$getCurrentAccount$1,6,12,50.0
ede67da9b66e7fac,kotlinx/coroutines/flow/SharingCommand,6,8,75.0
2f0257d1ce7f2f77,androidx/compose/runtime/SnapshotMutableFloatStateImpl$FloatStateStateRecord,6,7,85.71
679f66fedc2f276a,androidx/compose/ui/input/pointer/MotionEventAdapter,6,201,2.99
56dbdd28231bb2a2,me/ash/reader/infrastructure/preference/ReadingTextFontSizePreference,6,10,60.0
49af0513c9201fd7,kotlin/text/MatcherMatchResult$groups$1,6,18,33.33
3a46590638eb01e7,androidx/compose/foundation/layout/Arrangement$Center$1,6,9,66.67
8aa3c520c7f71206,androidx/compose/ui/node/LayoutNode$UsageByParent,6,8,75.0
fb84cfa028e0861f,androidx/core/view/WindowInsetsCompat$Impl,6,48,12.5
319ee0400628cce6,okhttp3/internal/connection/RouteSelector$Selection,6,8,75.0
98cfe69dac8109c1,coil/size/Precision,6,8,75.0
3574bf2469e61893,me/ash/reader/infrastructure/android/NotificationHelper,6,16,37.5
fd08c1d345d6423a,androidx/compose/runtime/internal/IntRef,6,10,60.0
b428ed4efb4b795d,androidx/work/ListenableWorker,6,35,17.14
85ea6dbe3b1d4836,androidx/work/ExistingPeriodicWorkPolicy,6,8,75.0
cd301c2bb1c89b4c,androidx/compose/runtime/external/kotlinx/collections/immutable/implementations/immutableMap/TrieNodeEntriesIterator,6,6,100.0
974bddbf332b2271,androidx/compose/ui/input/InputModeManagerImpl,6,9,66.67
0dc0efcdc9d6f066,androidx/compose/foundation/layout/UnionInsets,6,14,42.86
042cbe5cc50d449e,androidx/compose/ui/graphics/ImageBitmapKt,6,30,20.0
7416d8c1b1060625,androidx/compose/animation/EnterExitTransitionModifierNode$measure$2,6,6,100.0
16c5073e481cc5d4,me/ash/reader/infrastructure/di/CacheHolderModule,6,6,100.0
a0b57f52bb28189e,kotlin/UnsafeLazyImpl,6,14,42.86
21bfd068b871b527,okhttp3/TlsVersion$Companion,6,16,37.5
14975f23a7c190a0,androidx/lifecycle/viewmodel/InitializerViewModelFactoryBuilder,6,10,60.0
50d4fc2009ef19e4,okhttp3/HttpUrl$Companion,6,20,30.0
290dc8a2bdffe154,androidx/compose/ui/graphics/Api26Bitmap,6,11,54.55
4f2c5534df297803,coil/request/Tags,6,17,35.29
dd1e77dee4df9346,androidx/compose/ui/node/OwnerSnapshotObserver$onCommitAffectingMeasure$1,6,7,85.71
9b767d785339884e,androidx/compose/ui/semantics/SemanticsModifierKt,6,19,31.58
06de40e39430ef83,okhttp3/internal/http/HttpHeaders,6,113,5.31
39e144c8073787b4,me/ash/reader/infrastructure/preference/PullToSwitchArticlePreference$Companion,6,8,75.0
315f94d5972f2f18,androidx/compose/ui/graphics/layer/GraphicsLayer$clipDrawBlock$1,6,21,28.57
bac9fad973cd4e01,androidx/datastore/preferences/protobuf/AbstractMessageLite,6,37,16.22
fe5884b0b7e790d0,androidx/concurrent/futures/CallbackToFutureAdapter,6,10,60.0
3bd1d57c203b136c,androidx/savedstate/Recreator,6,35,17.14
20cd3058ce73a0dd,me/ash/reader/domain/data/SyncLogger,6,38,15.79
ca3c19b8d87655b6,androidx/compose/ui/platform/AndroidComposeView$RootModifierNode$rulerLambda$1,6,8,75.0
a161f80dccdf0bc0,androidx/room/ObservedTableStates$ObserveOp,6,8,75.0
c6dd975577dd3826,androidx/compose/ui/text/font/PlatformTypefaces_androidKt,6,29,20.69
a3f9aa5f877191c1,androidx/datastore/preferences/PreferencesMapCompat$Companion,6,8,75.0
dc7fa97554927e86,com/rometools/rome/io/impl/RSS20Parser,6,23,26.09
fa22a534066c065e,kotlinx/coroutines/EventLoop_commonKt,6,9,66.67
25b224047bc54543,androidx/compose/foundation/lazy/layout/AwaitFirstLayoutModifier,6,11,54.55
4442de51efc0caeb,kotlin/LazyKt__LazyJVMKt,6,11,54.55
5ccce065f534f6a5,androidx/work/WorkManager,6,14,42.86
611134baa1d9cb38,androidx/room/Transactor$SQLiteTransactionType,6,8,75.0
91e70394842da907,me/ash/reader/infrastructure/preference/SettingsProvider$1,6,12,50.0
0b361ec41ecf144f,androidx/navigationevent/NavigationEventHistory,6,53,11.32
e4c44d8c9d15abce,me/ash/reader/ui/theme/ThemeKt$AppTheme$1$1,6,15,40.0
b26102b85c319358,androidx/room/util/SQLiteStatementUtil__StatementUtilKt,6,21,28.57
7c780b9029e901c1,androidx/compose/material3/adaptive/layout/WindowSizeClassHelperKt,6,6,100.0
52f90eae0c747023,androidx/compose/ui/text/ParagraphIntrinsicInfo,5,24,20.83
859d67cf0632e467,org/slf4j/helpers/Util,5,30,16.67
99d9975ef90e97b3,kotlin/text/StringsKt___StringsKt,5,1288,0.39
e77116abf9af08ce,androidx/compose/ui/text/style/TextForegroundStyle$Unspecified,5,5,100.0
10094f50ee87f110,androidx/compose/ui/platform/InvertMatrixKt,5,12,41.67
c7cf69ed481b4737,androidx/compose/ui/window/SecureFlagPolicy,5,8,62.5
b321cb865ccae57c,me/ash/reader/infrastructure/preference/ReadingFontsPreference,5,32,15.62
0b4c055b53ba3c8d,androidx/work/impl/WorkManagerImplExtKt$WorkManagerImpl$1,5,5,100.0
aadbbfa3665c920a,me/ash/reader/infrastructure/preference/FlowTopBarTonalElevationPreference,5,14,35.71
5f26efdffa5cebc4,androidx/compose/ui/graphics/colorspace/RenderIntent$Companion,5,6,83.33
656ed771b6f8c56a,kotlin/jvm/internal/PropertyReference,5,35,14.29
bce0ea6164b83382,net/dankito/readability4j/processor/ArticleGrabber$cleanHeaders$$inlined$forEach$lambda$1,5,6,83.33
a446add44af282a7,androidx/compose/animation/AnimatedContentKt$AnimatedContent$6$1$4$1,5,9,55.56
d2bad2285d1adc60,kotlin/collections/AbstractCollection,5,36,13.89
ebeaebaed38bd230,kotlin/Triple,5,29,17.24
ca5bfa41c673d478,androidx/compose/ui/node/BackwardsCompatNodeKt,5,8,62.5
0968c6d292b1df15,me/ash/reader/infrastructure/preference/ReadingSubheadUpperCasePreference,5,9,55.56
e12aee843d46f0d7,me/ash/reader/infrastructure/preference/FeedsFilterBarTonalElevationPreference,5,18,27.78
b3f6b58dd008b425,androidx/compose/animation/CrossfadeKt$Crossfade$4$1,5,5,100.0
77f2d303ea884c05,androidx/room/driver/SupportSQLiteDriver,5,6,83.33
6cd4cbb1da22ff85,androidx/compose/ui/platform/AndroidCompositionLocals_androidKt$LocalResources$1,5,5,100.0
9edfd19d76c05b6b,kotlinx/serialization/descriptors/WrappedSerialDescriptor,5,23,21.74
8c99f81f11fac793,com/rometools/modules/sle/io/ModuleParser,5,79,6.33
17ba59056599c9dd,coil/util/-Requests$WhenMappings,5,8,62.5
59dcd9bc4efe2d9c,kotlin/sequences/ConstrainedOnceSequence,5,6,83.33
c86a1128599923df,androidx/compose/animation/CrossfadeKt$Crossfade$5$1$alpha$2,5,7,71.43
4dc188edd57a535c,androidx/compose/material/ripple/RippleAnimationKt,5,7,71.43
cd462b97af782ab7,kotlinx/serialization/SerializersKt__SerializersKt,5,155,3.23
369b4588dba5eb85,androidx/core/view/MenuHostHelper,5,53,9.43
773d07a0bb5c485d,me/ash/reader/infrastructure/preference/ReadingTitleBoldPreference,5,9,55.56
f8e5bec18caaa94c,coil/size/Dimension$Pixels,5,13,38.46
00c9ca6015f03c91,dagger/internal/MapBuilder,5,8,62.5
2c1c4b5a515ff5cc,com/google/gson/internal/bind/NumberTypeAdapter,5,13,38.46
d114bb1a8a8a236d,androidx/datastore/preferences/protobuf/ManifestSchemaFactory$CompositeMessageInfoFactory,5,13,38.46
682c747bf8b9e710,androidx/compose/ui/text/style/Hyphens$Companion,5,14,35.71
4d0776f96a897572,me/ash/reader/infrastructure/preference/InitialPagePreference,5,14,35.71
017bd0397f50aa20,androidx/compose/ui/graphics/vector/ImageVector$Companion,5,6,83.33
43a5a7c148c6c895,timber/log/Timber,5,36,13.89
19a08071d6be2b27,androidx/work/InputMergerFactory,5,6,83.33
43c89ad84442991d,androidx/compose/runtime/ComposableSingletons$CompositionKt,5,22,22.73
71057d88054d8dbb,com/google/accompanist/drawablepainter/DrawablePainter$callback$2$1,5,9,55.56
8acc2676f7a51f63,coil/util/-Collections,5,48,10.42
4e3e2236cdac056a,androidx/compose/ui/layout/VerticalRuler,5,11,45.45
07f0d7cd30d105fb,kotlinx/coroutines/flow/FlowKt__CollectKt,5,18,27.78
aec4a23c6c7285a9,org/jsoup/parser/TokeniserState$34,5,19,26.32
05d1b306a5a91659,androidx/work/impl/model/WorkTagDao_Impl$1,5,5,100.0
cc9ec0d0ba4b1384,org/jsoup/parser/TokeniserState$9,5,14,35.71
0c154f3eb12c77c7,androidx/compose/runtime/GroupKind$Companion,5,5,100.0
74f0b44e8b0c4e6c,me/ash/reader/infrastructure/preference/FlowArticleListTimePreference,5,9,55.56
4c4c3de624f85374,androidx/compose/ui/geometry/SizeKt,5,41,12.2
50d404e188ee7aee,androidx/compose/ui/node/TraversableNode$Companion$TraverseDescendantsAction,5,8,62.5
7b6e0a9eeb4b9cda,androidx/work/OutOfQuotaPolicy,5,6,83.33
d94b3ebeaa1fab7b,androidx/compose/ui/node/NodeCoordinator$Companion$onCommitAffectingLayer$1,5,6,83.33
5f974b3c0c5d7e69,kotlinx/coroutines/internal/LockFreeTaskQueueCore$Companion,5,10,50.0
9d7fa78fac94f0a7,androidx/compose/ui/graphics/Outline$Rectangle,5,9,55.56
1830f1f0120c3d1f,kotlin/time/DurationJvmKt,5,18,27.78
f377a6e6dfdaeca3,androidx/collection/FloatFloatPair,5,31,16.13
b47dd83d11f3bb5c,androidx/collection/ScatterSetKt,5,22,22.73
16a38c1b985c8411,kotlin/ULong,5,98,5.1
e6284467b3267668,kotlin/collections/SetsKt__SetsKt,5,31,16.13
6586547a3ee5683a,androidx/compose/runtime/snapshots/StateMapMutableKeysIterator,5,6,83.33
7cdd4bfbf639662a,kotlin/jvm/internal/ReflectionFactory,5,30,16.67
74779bf6d2c6da0e,androidx/compose/material3/adaptive/layout/ThreePaneScaffoldAdaptStrategies,5,16,31.25
dbc7249ba5b81d8c,androidx/datastore/preferences/protobuf/ProtoSyntax,5,6,83.33
a0a9c0cf9b857c42,androidx/compose/animation/EnterExitTransitionKt$createModifier$2$1,5,7,71.43
880b6138a2eaac72,androidx/work/WorkerParameters,5,17,29.41
0bcb6c63e4cb44a0,org/jsoup/select/Collector,5,6,83.33
b8e0af6e3e6dce04,androidx/work/BackoffPolicy,5,6,83.33
794a79dcd0e1586a,me/ash/reader/infrastructure/preference/ReadingTextBoldPreference,5,9,55.56
b231501b37511d48,org/jsoup/parser/TokeniserState$41,5,11,45.45
f41cbbbfbf1ab8e8,coil/size/Size,5,20,25.0
a556ae9905e9e678,androidx/collection/IntIntMap,5,463,1.08
97233c6e6d2d2e14,androidx/compose/material3/adaptive/layout/MutableThreePaneScaffoldState,5,40,12.5
cd11feb6395f8280,androidx/work/impl/WorkerUpdater,5,48,10.42
59a8c031a123b03b,androidx/compose/runtime/SnapshotMutableLongStateImpl$LongStateStateRecord,5,7,71.43
3697ac007206c024,androidx/savedstate/SavedStateWriter,5,80,6.25
ccc8fcc56064f968,androidx/compose/ui/text/platform/DefaultImpl,5,20,25.0
433bead7892b29c0,androidx/compose/foundation/CheckScrollableContainerConstraintsKt,5,14,35.71
ccd140beebff0e80,androidx/compose/ui/text/style/TextGeometricTransform,5,30,16.67
094d16b665769399,androidx/work/DirectExecutor,5,8,62.5
a0d1b3562b6ad1da,com/google/gson/internal/bind/ObjectTypeAdapter,5,48,10.42
1c6314b8faec7b5c,me/ash/reader/domain/data/FilterStateUseCase,5,34,14.71
100c34ef14179965,me/ash/reader/infrastructure/preference/FeedsGroupListExpandPreference,5,9,55.56
ae9617f8bf016fbc,androidx/compose/foundation/text/HeightInLinesModifierKt,5,105,4.76
682b69e36bfc03c6,androidx/datastore/preferences/protobuf/ExtensionSchemas,5,12,41.67
dfd725b68f1fff6f,androidx/compose/foundation/lazy/LazyListInterval,5,5,100.0
150c6c683ac389b5,androidx/compose/ui/graphics/ColorFilter$Companion,5,8,62.5
e777a963fd4e397a,androidx/compose/animation/AnimatedVisibilityKt$AnimatedEnterExitImpl$shouldDisposeAfterExit$2$1$2,5,10,50.0
d06ea3b0bff9667b,kotlinx/coroutines/intrinsics/CancellableKt,5,29,17.24
1caf06178d203dfd,org/slf4j/helpers/SubstituteServiceProvider,5,10,50.0
0b5178138ebed796,androidx/compose/foundation/layout/FixedIntInsets,5,16,31.25
97a4235a193e07b5,me/ash/reader/infrastructure/preference/FlowArticleListDateStickyHeaderPreference,5,9,55.56
be5a5a9884f10a44,androidx/compose/ui/unit/TextUnitType$Companion,5,5,100.0
3de6b038421265b1,kotlin/sequences/SequencesKt__SequencesKt,5,56,8.93
81699b4d67ff9740,kotlin/LazyKt__LazyJVMKt$WhenMappings,5,8,62.5
ecfa2f90e5b0ec15,androidx/window/layout/adapter/sidecar/SidecarCompat$Companion,5,18,27.78
c36d90f86fb256fe,org/jsoup/select/Elements,5,199,2.51
af0a9b26dd6e43b4,androidx/compose/ui/platform/DerivedSize,5,14,35.71
93cdf0a1f802b05f,androidx/compose/ui/text/font/AsyncTypefaceCache$Key,5,21,23.81
2bb0a5b984216174,androidx/compose/foundation/ClickableNode,5,90,5.56
f657bf38aee5cce7,androidx/compose/foundation/gestures/Orientation,5,7,71.43
b4bfbcaec230a1a1,androidx/compose/ui/ComposedModifierKt$materializeImpl$1,5,6,83.33
b2257debfd31b952,androidx/work/impl/model/DependencyDao_Impl$1,5,5,100.0
be697877ca270784,androidx/savedstate/serialization/serializers/SparseArraySerializer$SparseArraySurrogate$$serializer,5,21,23.81
6de3f0080a3efc39,me/ash/reader/infrastructure/preference/FlowArticleListImagePreference,5,9,55.56
14e911478a6183cf,androidx/compose/ui/graphics/GraphicsLayerElement,5,152,3.29
5d968e8a1aec65df,kotlin/text/MatcherMatchResult$groupValues$1,5,16,31.25
99187677fa4b1915,androidx/compose/foundation/layout/ValueInsets,5,22,22.73
f3823902b9dfbf6a,androidx/compose/ui/layout/VerticalRuler$Companion,5,5,100.0
6d7013242523573a,androidx/compose/runtime/ComputedProvidableCompositionLocal,5,10,50.0
74152cc7d36e87c0,androidx/compose/runtime/CompositionLocal,5,8,62.5
c491547b68fc548a,androidx/compose/ui/platform/AndroidClipboardManager,5,30,16.67
41797d038f1e3fcf,androidx/datastore/preferences/protobuf/ByteString,5,150,3.33
831d63b75d30d12c,androidx/compose/ui/text/style/LineBreak$Strategy$Companion,5,6,83.33
8a092fa50d9ba4d8,me/ash/reader/infrastructure/preference/SwipeStartActionPreference,5,20,25.0
1aa116d968db698e,com/caverock/androidsvg/SVG$Style$LineCap,5,6,83.33
87848fe01c97d9c0,androidx/appcompat/widget/DrawableUtils,5,32,15.62
9eca269c3d3e0832,kotlinx/coroutines/internal/SystemPropsKt__SystemPropsKt,5,6,83.33
8f359b341ef3679f,androidx/activity/ComponentActivity$4,5,5,100.0
c5bd94e6b020cc0a,androidx/compose/ui/semantics/AppendedSemanticsElement,5,23,21.74
c27e08ad950f7205,me/ash/reader/infrastructure/android/MainActivity_MembersInjector,5,13,38.46
9f0c583e1b0591d7,androidx/core/view/WindowCompat$Api30Impl,5,7,71.43
b67b0e464a697c7a,androidx/compose/animation/AnimationModifierKt,5,29,17.24
2686c5ceb00c7d7c,me/ash/reader/infrastructure/preference/FlowArticleListDescPreference,5,21,23.81
570327fbcbce7574,kotlinx/coroutines/ResumeAwaitOnCompletion,5,12,41.67
687fea419aaf76e3,androidx/datastore/core/Data,5,10,50.0
3a2c51973441315a,androidx/core/os/LocaleListPlatformWrapper,5,11,45.45
5e0296f31541530b,me/ash/reader/infrastructure/preference/ReadingSubheadAlignPreference,5,30,16.67
d5f9c642230f1e5a,androidx/datastore/preferences/protobuf/AbstractProtobufList,5,46,10.87
891baffe7a8c3291,androidx/compose/ui/graphics/AndroidBlendMode_androidKt,5,92,5.43
64b1120a5950e0e8,kotlin/text/StringsKt__AppendableKt,5,21,23.81
f355bd8cd05bd193,me/ash/reader/infrastructure/preference/ReadingTitleUpperCasePreference,5,9,55.56
039accc839e6798d,androidx/compose/ui/graphics/colorspace/ColorModel$Companion,5,6,83.33
ac664b33abe8c3ff,retrofit2/Platform,5,18,27.78
674ca28331f45b58,androidx/compose/ui/graphics/layer/CompositingStrategy$Companion,5,5,100.0
cefaff44853ebbee,androidx/work/WorkerFactory,5,24,20.83
5a08ba1358ff9767,androidx/compose/ui/geometry/Offset$Companion,5,8,62.5
d24f2b7b87f1f14b,coil/decode/ExifOrientationPolicy,5,8,62.5
55a5015e66d1bde6,androidx/compose/runtime/changelist/Operation$RemoveNode,5,12,41.67
fa67e02744d5d176,androidx/datastore/preferences/protobuf/Utf8$DecodeUtil,5,53,9.43
6b8cbd8869484f4b,org/jsoup/parser/Token$StartTag,5,12,41.67
3bd1894de1bc4337,androidx/compose/ui/layout/SubcomposeSlotReusePolicy$SlotIdsSet,5,84,5.95
d887245ca2538ea7,kotlin/ranges/IntRange,5,35,14.29
1cfc176856ae0d00,androidx/compose/ui/layout/ContentScale$Companion$Fit$1,5,5,100.0
1b7c481b6659c566,androidx/compose/ui/layout/LookaheadScopeImpl,5,20,25.0
f5125b548f749145,androidx/work/impl/WorkLauncherImpl,5,9,55.56
3e2ac4d2aab420cc,androidx/compose/material3/adaptive/layout/ThreePaneScaffoldAdaptStrategies$WhenMappings,5,8,62.5
c29430ca0f624db0,androidx/compose/foundation/ClickableElement,5,42,11.9
16d2bb31a9669445,androidx/datastore/preferences/protobuf/ListFieldSchemas,5,10,50.0
1c7121d38ca3e1cd,androidx/compose/runtime/changelist/Operation$Remember,5,13,38.46
499cc6512c27b324,kotlin/internal/jdk8/JDK8PlatformImplementations,5,22,22.73
4267d0ff5f6a5d2d,okhttp3/internal/platform/android/AndroidSocketAdapter$Companion,5,16,31.25
a46ad3d66429a378,me/ash/reader/infrastructure/preference/SharedContentPreference,5,31,16.13
43e23180757f97f0,androidx/compose/ui/unit/LayoutDirection,5,7,71.43
d9f3303a56596f7d,androidx/compose/ui/input/pointer/HitPathTracker,5,101,4.95
80177412bdc4b8d1,androidx/window/layout/WindowMetrics,5,21,23.81
d7e2770d14862541,me/ash/reader/infrastructure/preference/FeedsGroupListTonalElevationPreference,5,18,27.78
05e0551c597e58ab,androidx/compose/ui/text/font/FontVariation$SettingFloat,5,15,33.33
7b487efe16d2021b,androidx/compose/ui/graphics/ColorSpaceVerificationHelper,5,99,5.05
722a15ff5f542910,com/caverock/androidsvg/SVG$Style$LineJoin,5,6,83.33
1ec6b0e540963f72,androidx/work/impl/model/WorkTagDao,5,7,71.43
03a37df3fa09358a,androidx/compose/ui/text/platform/URLSpanCache,5,23,21.74
671fd1bd323db563,me/ash/reader/infrastructure/preference/ReadingRendererPreference,5,14,35.71
6d206a2bc243571b,androidx/activity/compose/LocalActivityKt,5,7,71.43
357f5fe101b9f973,me/ash/reader/infrastructure/preference/ReadingAutoHideToolbarPreference,5,9,55.56
c1f04b64c9c19138,androidx/datastore/core/Message$Update,5,6,83.33
c13e06d8888f1d19,androidx/work/impl/utils/PreferenceUtils,5,50,10.0
b102c2ee91ef1085,androidx/work/impl/WorkerUpdater$enqueueUniquelyNamedPeriodic$1$enqueueNew$1,5,5,100.0
d402c9fc6e00e16d,androidx/compose/runtime/external/kotlinx/collections/immutable/implementations/immutableMap/TrieNode$ModificationResult,5,7,71.43
8b8801a571e3c962,androidx/window/core/VerificationMode,5,8,62.5
ddd5cb501601722a,androidx/compose/ui/graphics/AndroidCanvas_androidKt,5,7,71.43
ecda97a83bf7926c,me/ash/reader/infrastructure/preference/FlowFilterBarStylePreference,5,15,33.33
fcfdd78eb66d4ff7,me/ash/reader/infrastructure/preference/ReadingPageTonalElevationPreference,5,14,35.71
81fe1e8442106f95,androidx/compose/ui/layout/WindowInsetsRulersImpl,5,8,62.5
4f400f4b6616b508,me/ash/reader/infrastructure/preference/FeedsTopBarTonalElevationPreference,5,18,27.78
341b1c213fd384cd,dagger/hilt/android/internal/managers/SavedStateHandleHolder,5,17,29.41
4919dd1cc617a13f,androidx/compose/ui/platform/DerivedSize$Companion,5,9,55.56
ab23114aa5e98cbf,androidx/appcompat/widget/VectorEnabledTintResources,5,56,8.93
213622fd7be64b79,me/ash/reader/domain/data/DiffMapHolder$commitOnChange$1$1,5,8,62.5
4223c8bb671e7efa,coil/Coil,5,22,22.73
c75bfd468ff8e698,coil/util/-HardwareBitmaps,5,22,22.73
959cab36e6b22b9c,androidx/compose/ui/platform/WindowRecomposerFactory$Companion,5,5,100.0
0dc0b77f5f221638,androidx/datastore/preferences/PreferenceDataStoreDelegateKt$preferencesDataStore$1,5,5,100.0
423ee85b2ef7573b,androidx/compose/ui/semantics/ClearAndSetSemanticsElement,5,19,26.32
86f74a240d24d25c,androidx/compose/ui/platform/IndirectPointerNavigationGestureDetector,5,15,33.33
a30e54be3c10586c,androidx/compose/runtime/snapshots/StateMapMutableEntriesIterator$next$1,5,14,35.71
9edbda7e5f524827,androidx/compose/runtime/changelist/Operation$SideEffect,5,13,38.46
0cff64afc5011e82,androidx/compose/ui/platform/DisposableSaveableStateRegistry,5,7,71.43
5d9c9bf7fcbccec5,okio/_JvmPlatformKt,5,9,55.56
3698d59058d10fca,androidx/compose/ui/graphics/CanvasUtils,5,33,15.15
23071880a3a94c1d,androidx/compose/animation/FlingCalculatorKt,5,6,83.33
4e6dc18ba76b1cf7,androidx/compose/runtime/snapshots/SnapshotId_jvmKt,5,41,12.2
f5b19e5fd7fe486d,androidx/compose/ui/node/LookaheadPassDelegate$PlacedState,5,8,62.5
2ca362803281c822,kotlin/math/MathKt__MathJVMKt,5,164,3.05
20432a9965bc9bf5,androidx/compose/foundation/text/selection/TextSelectionColorsKt,5,7,71.43
aa15b24cc712ebec,me/ash/reader/infrastructure/preference/ReadingTitleAlignPreference,5,23,21.74
9999058a902f588d,me/ash/reader/infrastructure/preference/MarkAsReadOnScrollPreference,5,11,45.45
d5c79556c26ad62e,androidx/compose/ui/platform/AndroidUiDispatcher$Companion,5,7,71.43
5c0a76d38e8df08f,androidx/datastore/core/okio/OkioStorage$1,5,5,100.0
8c9e6e5c775020a6,com/google/gson/ReflectionAccessFilter$FilterResult,5,7,71.43
bc3fdbbbf01462f0,androidx/appcompat/app/AppCompatDelegateImpl$2,5,8,62.5
c2767e5b89498013,androidx/savedstate/serialization/serializers/SparseArraySerializer,5,30,16.67
4fb029f4f19d22a0,androidx/collection/IntListKt,5,27,18.52
15dbea296719cd7a,kotlin/sequences/TransformingSequence,5,7,71.43
e08a73e427d5e116,androidx/room/TriggerBasedInvalidationTracker$Companion,5,5,100.0
774c1c1166f61bac,me/ash/reader/infrastructure/preference/OpenLinkPreference,5,18,27.78
d59ed3fea94d7909,androidx/compose/ui/graphics/colorspace/WhitePoint,5,22,22.73
3fb1cf9014b332a4,androidx/compose/foundation/lazy/layout/ObservableScopeInvalidator,5,19,26.32
e2dbe5aeaf4ade72,me/ash/reader/domain/model/account/AccountTypeConverters,5,5,100.0
a445c456c4c7f2b0,okhttp3/internal/http2/Huffman$Node,5,7,71.43
f57ccb69d1bfd9d4,me/ash/reader/infrastructure/di/CoroutineDispatcherModule,5,6,83.33
7dcfb728dd468118,androidx/compose/ui/text/font/FontVariation$SettingInt,5,12,41.67
4fd06394867d9cf4,kotlinx/coroutines/scheduling/UnlimitedIoScheduler,5,9,55.56
042bf257e24242ee,androidx/collection/ArraySetKt,5,231,2.16
19d32e42e6a927ea,androidx/lifecycle/SavedStateHandleAttacher,5,9,55.56
be2e3492caabb6c9,androidx/compose/foundation/text/EmptyMeasurePolicy,5,5,100.0
828e9c964e6ba77b,androidx/compose/runtime/CompositionKt,5,29,17.24
a8a264b7aaf131ee,androidx/room/driver/SupportSQLitePooledConnection$WhenMappings,5,8,62.5
e4809eb1087b850d,androidx/compose/animation/EnterExitState,5,8,62.5
236a3895d045bcf4,androidx/compose/foundation/lazy/layout/LazyLayoutItemAnimatorKt,5,7,71.43
23b260dfad08993b,androidx/datastore/preferences/protobuf/NewInstanceSchemas,5,10,50.0
23240d6688b77171,androidx/compose/ui/text/font/FontWeightAdjustmentHelper,5,6,83.33
5f765df580d995c2,kotlinx/coroutines/flow/FlowKt__ShareKt$launchSharing$1$2$WhenMappings,5,8,62.5
1fd34f5cfb5dfc72,okhttp3/internal/cache/DiskLruCache$fileSystem$1,5,6,83.33
f4bd2b5644f38cb2,me/ash/reader/infrastructure/preference/SortUnreadArticlesPreference,5,20,25.0
d91e03dfb0de1db2,coil/intercept/EngineInterceptor$ExecuteResult,5,15,33.33
2b3109b0bb93612c,me/ash/reader/infrastructure/preference/FlowArticleListFeedIconPreference,5,9,55.56
f3b0e57f47f509aa,me/ash/reader/infrastructure/preference/ReadingBoldCharactersPreference,5,9,55.56
8ae22c935f644183,org/jsoup/parser/TokeniserState$35,5,16,31.25
299294f8814c849b,me/ash/reader/infrastructure/preference/FlowArticleListTonalElevationPreference,5,18,27.78
dd474fa4a33ac903,kotlinx/coroutines/flow/internal/SubscriptionCountStateFlow,5,11,45.45
e81f455f4ddcd874,androidx/compose/foundation/layout/Direction,5,8,62.5
0e60945749b82b72,kotlin/sequences/TransformingSequence$iterator$1,5,7,71.43
513895a7fb01c760,androidx/sqlite/SQLite,5,14,35.71
279b0c62743ae6e5,me/ash/reader/infrastructure/preference/FlowArticleReadIndicatorPreference,5,21,23.81
1bd632155f20afc4,androidx/datastore/preferences/protobuf/ExtensionRegistryFactory,5,23,21.74
7dc450391e18aade,androidx/room/TriggerBasedInvalidationTracker$syncTriggers$2$1$1$WhenMappings,5,8,62.5
98935fbb99a487e5,androidx/compose/ui/text/style/TextDirection$Companion,5,17,29.41
3b026bd4975bdefb,okhttp3/Protocol$Companion,5,12,41.67
5512af5df4675751,kotlinx/coroutines/channels/BufferOverflow,5,8,62.5
a53e27a01f30046e,androidx/work/impl/StartStopTokens,5,7,71.43
1bd041d74b956850,com/rometools/rome/io/impl/DCModuleParser,5,107,4.67
9b164677910bb5ad,me/ash/reader/infrastructure/preference/FlowFilterBarTonalElevationPreference,5,18,27.78
11fb401836a75d49,androidx/compose/ui/layout/OnGloballyPositionedElement,5,14,35.71
0f03204667d032b7,me/ash/reader/infrastructure/rss/ReaderCacheHelper,5,58,8.62
76c952175e9fe06a,me/ash/reader/infrastructure/preference/SwipeEndActionPreference,5,20,25.0
af356adc8c999347,kotlinx/coroutines/UndispatchedMarker,5,7,71.43
2d18ac1060f9fbab,androidx/lifecycle/ViewModelProvider$Factory,5,8,62.5
a57826c55851e187,androidx/collection/IndexBasedArrayIterator,5,12,41.67
3f9b6c444c7ae513,kotlin/sequences/TakeWhileSequence,5,5,100.0
c58077d9c426ecb3,androidx/datastore/preferences/protobuf/MapFieldSchemas,5,10,50.0
47f98c088bc7dacb,androidx/lifecycle/compose/RememberLifecycleOwnerKt$rememberLifecycleOwner$2$1,5,8,62.5
24f8c951b0c966e1,com/google/gson/internal/sql/SqlTypesSupport,5,8,62.5
dd252184748ef3e6,com/rometools/rome/io/SyndFeedInput,5,14,35.71
9c1246b2ce3ccf73,androidx/compose/foundation/layout/WindowInsetsKt,5,40,12.5
7aad22bb3cfa58d9,androidx/compose/ui/semantics/CoreSemanticsModifierNode,5,11,45.45
b15a0e739fa47cba,me/ash/reader/infrastructure/preference/ReadingTextAlignPreference,5,37,13.51
5acef30f019bb408,androidx/compose/ui/layout/ScaleFactor,5,58,8.62
2b91fa9e9a733715,kotlin/coroutines/EmptyCoroutineContext,5,9,55.56
55928a283c6adf5e,androidx/compose/ui/scrollcapture/ScrollCapture,5,33,15.15
05a99c7ee1688415,androidx/compose/runtime/changelist/Operation$EnsureGroupStarted,5,13,38.46
6baa27fd917a41e5,kotlinx/coroutines/selects/SelectClause1Impl,5,8,62.5
9db98a98d6c09d28,kotlinx/coroutines/Dispatchers,5,12,41.67
cc3b71486cb54cd0,org/slf4j/helpers/NOPLogger,5,63,7.94
1b546fcaf5189cce,androidx/compose/material3/tokens/TypographyTokensKt,5,6,83.33
5a27877168a148ac,me/ash/reader/infrastructure/preference/FeedsFilterBarStylePreference,5,15,33.33
7ef3048bbc873ba0,kotlinx/serialization/json/ClassDiscriminatorMode,5,8,62.5
78b49147127766ef,kotlinx/coroutines/flow/FlowKt__EmittersKt,5,33,15.15
53baea310894cc73,androidx/work/impl/model/WorkNameDao_Impl$1,5,5,100.0
040dbc5caf2c0aff,me/ash/reader/infrastructure/preference/FlowArticleListFeedNamePreference,5,9,55.56
0e6f1c0af0f79f00,me/ash/reader/infrastructure/preference/ReadingImageMaximizePreference,5,9,55.56
fac4fe5d6efbf7d4,androidx/lifecycle/SavedStateHandle$Companion,5,11,45.45
5948c2b73d589b62,androidx/compose/ui/layout/HorizontalRuler,5,11,45.45
5f58c02602d1c044,androidx/compose/material3/adaptive/layout/ThreePaneScaffoldValueKt$WhenMappings,5,8,62.5
01e7fccc77ee9735,me/ash/reader/infrastructure/preference/HideEmptyGroupsPreference,5,11,45.45
10b0247e67d50ee9,androidx/compose/runtime/retain/impl/SafeMultiValueMap,5,161,3.11
d73870fc5f1546fd,androidx/work/InputMergerKt,5,7,71.43
c525f541bf96f1c2,org/jdom2/input/sax/SAXBuilderEngine,5,41,12.2
c789d674377538bb,me/ash/reader/infrastructure/preference/ReadingThemePreference,5,83,6.02
eb3a0e8483acd82f,androidx/compose/ui/node/NodeCoordinator$invalidateParentLayer$1,5,5,100.0
43e5560274383f84,androidx/sqlite/db/framework/FrameworkSQLiteStatement,5,7,71.43
1a42054b206f813b,kotlinx/coroutines/internal/Segment,5,28,17.86
acedc39a6dd53cff,androidx/core/view/AccessibilityDelegateCompat,5,61,8.2
053e1578b2d43ce3,kotlin/comparisons/NaturalOrderComparator,5,6,83.33
c3b37272f4fddb9f,okhttp3/internal/platform/Android10Platform$Companion,5,6,83.33
58822100cfb6489a,kotlinx/coroutines/flow/FlowKt__LimitKt$dropWhile$$inlined$unsafeFlow$1,5,6,83.33
30798682b5c75df0,androidx/appcompat/view/WindowCallbackWrapper,5,29,17.24
9add01b812e6b74d,me/ash/reader/infrastructure/preference/ReadingSubheadBoldPreference,5,9,55.56
bb1cb8c70352de6b,coil/util/-Contexts,5,37,13.51
3b026008975912a3,androidx/compose/foundation/lazy/layout/LazyLayoutStickyItemsKt,5,49,10.2
68d583ea0e41fa59,androidx/compose/ui/input/pointer/PointerInputEventProcessor,5,66,7.58
eca109df4d103747,androidx/work/impl/WorkerWrapper$runWorker$2,5,10,50.0
307e390991de6771,androidx/compose/runtime/LazyValueHolder,5,6,83.33
58c53d48f4211195,kotlinx/coroutines/flow/FlowKt__DelayKt,4,21,19.05
e5856f8dd39df9ab,androidx/compose/runtime/tooling/ComposeStackTraceMode$Companion,4,8,50.0
64a7f828d1c68d1b,androidx/compose/ui/geometry/Size$Companion,4,6,66.67
0d20c0ae5a27d7c2,androidx/compose/ui/node/LookaheadPassDelegate$remeasure$1$2,4,4,100.0
0669c20cad2ce9eb,androidx/compose/ui/text/font/FontStyle$Companion,4,7,57.14
f5d94284f1892604,androidx/compose/ui/text/font/AndroidFontResolveInterceptor,4,19,21.05
3a11fb3654d05522,androidx/compose/ui/layout/PlaceableKt$DefaultLayerBlock$1,4,4,100.0
cfdaf28137ef0a54,androidx/work/WorkManager$Companion,4,10,40.0
e96d0443bb581772,androidx/compose/ui/layout/LookaheadScopeKt$LookaheadScope$1$1,4,4,100.0
bef802ca3ef6a3c2,androidx/compose/ui/node/ComposeUiNode$Companion$SetModifier$1,4,4,100.0
3193b2fabcde1eba,com/google/gson/internal/reflect/ReflectionHelper,4,48,8.33
81e528509cd0347b,androidx/work/impl/model/Dependency,4,4,100.0
cf65a4b04e5cc4c0,kotlinx/coroutines/sync/Mutex$DefaultImpls,4,13,30.77
6b3c76bc97922b5b,androidx/compose/ui/platform/AndroidCompositionLocals_androidKt$ProvideAndroidCompositionLocals$1$1,4,4,100.0
2164f3213219e106,androidx/compose/ui/text/style/LineBreak$Companion,4,10,40.0
70e2ece5289815fd,androidx/compose/ui/layout/PinnableContainerKt$LocalPinnableContainer$1,4,4,100.0
9938657df5320819,androidx/compose/animation/AnimatedVisibilityKt$AnimatedVisibility$3$1,4,4,100.0
4089cbb1a43dee8f,okhttp3/internal/http2/FlowControlListener$None,4,4,100.0
c08882b9d2c75122,me/ash/reader/infrastructure/android/CrashHandler,4,31,12.9
88be828c890762e3,androidx/compose/ui/text/android/BoringLayoutFactoryDefault,4,12,33.33
1dcda38a83ae3c1a,androidx/room/util/CursorUtil,4,62,6.45
5f320488d058e9e7,androidx/compose/ui/text/style/LineHeightStyle$Trim$Companion,4,6,66.67
0efbee07c45766ea,androidx/collection/FloatSet,4,420,0.95
5ff08ca9de892f96,androidx/compose/material3/internal/ChildParentSemanticsKt,4,6,66.67
5d407b9b683b2c80,androidx/savedstate/serialization/serializers/SparseArraySerializer$SparseArraySurrogate$Companion,4,4,100.0
a42131e4cd2d1a87,okhttp3/internal/http2/Http2Reader$Companion,4,8,50.0
d38f961b87a5404a,androidx/compose/ui/focus/FocusInvalidationManager,4,99,4.04
378df7181758954d,androidx/compose/ui/layout/LookaheadScopeKt$LookaheadScope$2$1,4,4,100.0
60450a988d0be551,kotlinx/coroutines/flow/internal/FlowCoroutineKt$scopedFlow$$inlined$unsafeFlow$1,4,5,80.0
60a810e1dbf28928,androidx/compose/animation/core/VectorizedAnimationSpecKt$createSpringAnimations$2,4,4,100.0
a635a4e7bb44bb02,coil/size/Scale,4,7,57.14
c465afed8f292606,androidx/datastore/core/okio/OkioStorage$canonicalPath$2,4,11,36.36
9dc7aaacccf99923,androidx/compose/ui/unit/DensityWithConverter,4,26,15.38
c7d1bf90b4c00e4e,androidx/compose/ui/graphics/vector/PathNode$LineTo,4,19,21.05
f734e5ec112cc122,androidx/window/WindowSdkExtensions,4,27,14.81
31af51491e23fc1e,androidx/compose/ui/node/LookaheadPassDelegate$layoutChildrenBlock$1$1,4,4,100.0
11993be176241f59,okhttp3/internal/tls/CertificateChainCleaner$Companion,4,6,66.67
692edf2c17196268,androidx/compose/ui/text/font/FontFamilyResolver_androidKt,4,28,14.29
d72126c4244bb649,androidx/compose/ui/node/DepthSortedSetKt$DepthComparator$1,4,4,100.0
4abc878ee3c68aef,androidx/compose/ui/platform/AndroidComposeView_androidKt$platformTextInputServiceInterceptor$1,4,4,100.0
83b87ad8255b981b,dagger/hilt/EntryPoints,4,19,21.05
f3cdc1322568f309,me/ash/reader/infrastructure/preference/SyncOnStartPreference$Companion,4,4,100.0
5f8efc92f6de9168,androidx/compose/runtime/external/kotlinx/collections/immutable/internal/ListImplementation,4,31,12.9
3ce18733b3f80ceb,coil/compose/AsyncImagePainter$State$Success,4,19,21.05
8e1260b658e09296,androidx/compose/ui/platform/AndroidComposeView$root$1$1,4,11,36.36
2f7daa844315220a,androidx/compose/ui/graphics/ImageBitmapConfig$Companion,4,7,57.14
61b5075d88a1eaa1,kotlinx/coroutines/flow/FlowKt__ZipKt,4,38,10.53
5f8b07fe52df4e47,coil/request/SuccessResult,4,63,6.35
25a09001d4234499,kotlinx/serialization/internal/LongSerializer,4,10,40.0
33e03d1336103dc6,me/ash/reader/ui/widget/ArticleListWidgetReceiver,4,10,40.0
238cadc119f17295,kotlinx/serialization/internal/PrimitiveArraySerializer,4,27,14.81
b839c1c93bf58755,androidx/core/view/WindowInsetsCompat$Builder,4,30,13.33
4ea1f597e74d9921,coil/fetch/DrawableResult,4,25,16.0
c53587a7c094675a,androidx/compose/ui/text/intl/LocaleList$Companion,4,4,100.0
885522e7952cdafe,androidx/compose/ui/layout/ValueInsets,4,24,16.67
b7a5b4a0f2de54b2,androidx/compose/ui/graphics/CanvasHolder,4,10,40.0
57d385dce7cb10a9,androidx/compose/ui/focus/FocusInteropUtils_androidKt,4,78,5.13
6fb0252dccc3c3d5,androidx/compose/ui/Modifier,4,6,66.67
ecca843982a6efc3,androidx/compose/runtime/ParcelableSnapshotMutableState,4,13,30.77
b1ebd34cd0ef37f3,androidx/compose/material3/FabPosition$Companion,4,6,66.67
16f028aae2a27930,androidx/compose/ui/ComposedModifierKt,4,38,10.53
3500639b32b6c1c8,kotlinx/serialization/internal/FloatSerializer,4,10,40.0
b64e9240292d88d5,coil/compose/AsyncImagePainter$State$Loading,4,16,25.0
194ff43f1808d37e,androidx/compose/ui/graphics/vector/VectorGroup,4,78,5.13
abc5a32d7b975571,kotlinx/coroutines/flow/FlowKt__ReduceKt$first$$inlined$collectWhile$1,4,5,80.0
c1a35cf98f429435,androidx/room/RoomConnectionManager$installOnOpenCallback$newCallbacks$1,4,4,100.0
3941ba66f4f391fa,org/jsoup/nodes/Entities$1,4,6,66.67
5d361d690481c296,androidx/compose/runtime/external/kotlinx/collections/immutable/implementations/immutableMap/MapEntry,4,21,19.05
ea5e7f10b9f90ac8,androidx/compose/foundation/layout/FillElement,4,18,22.22
44a014b6138aa53d,androidx/work/impl/background/systemjob/JobScheduler21,4,4,100.0
1b613ebbf5fc3680,com/caverock/androidsvg/SVG$Style$FontStyle,4,6,66.67
ef08ef23e2ca8457,okhttp3/Headers$Companion,4,10,40.0
bdb91d658983efe9,kotlinx/coroutines/internal/ScopeCoroutine,4,8,50.0
78406ecade98eec5,androidx/compose/material3/MinimumInteractiveModifier,4,13,30.77
b0bbca00ad13f170,androidx/sqlite/db/SupportSQLiteOpenHelper$Configuration,4,9,44.44
b11c34e6a125e22f,androidx/compose/ui/platform/InspectionModeKt$LocalInspectionMode$1,4,4,100.0
aeb6c391a344a896,androidx/compose/ui/graphics/Brush,4,5,80.0
a4c1c27c5acb1b66,org/jsoup/parser/Token$Doctype,4,12,33.33
6505f9ec19fdc23a,kotlin/collections/SetsKt__SetsJVMKt,4,16,25.0
b589ee2794716886,androidx/compose/foundation/layout/Arrangement$Start$1,4,6,66.67
27ecb070493679cd,kotlinx/coroutines/flow/FlowKt__ZipKt$nullArrayFactory$1,4,4,100.0
48ce388e459ff2b8,net/dankito/readability4j/extended/Readability4JExtended,4,40,10.0
2e82516639bba12c,kotlin/coroutines/AbstractCoroutineContextKey,4,11,36.36
b74ee58e91c46494,androidx/compose/ui/graphics/TransformOriginKt,4,4,100.0
c6b754f3ec8f9958,me/ash/reader/infrastructure/preference/SyncOnlyWhenChargingPreference$Companion,4,4,100.0
ac4be3832b2d2337,androidx/compose/ui/platform/AndroidComposeView$ViewTreeOwners,4,5,80.0
464702ad5194d2ad,androidx/lifecycle/ReportFragment$LifecycleCallbacks$Companion,4,4,100.0
d14cece0a3aed9e8,androidx/compose/material3/FabPlacement,4,5,80.0
230eaa9f10ba7101,androidx/compose/foundation/lazy/LazyList_androidKt,4,6,66.67
8f7e23813199b526,androidx/compose/ui/node/HitTestResult,4,214,1.87
c53baa1113eab48a,kotlinx/coroutines/CoroutineDispatcher$Key,4,7,57.14
8fc38ffc27d54fa0,androidx/activity/OnBackPressedDispatcher$OnBackPressedEventInput,4,11,36.36
f6ffc9f52b225c7d,androidx/datastore/preferences/PreferencesProto$StringSet$Builder,4,18,22.22
b139fe53a423632c,androidx/compose/foundation/gestures/ContentInViewNode$WhenMappings,4,6,66.67
3351b42b71207e3c,androidx/compose/ui/text/input/InputMethodManagerImpl,4,14,28.57
f5003bb4ee6be8b2,kotlin/NotImplementedError,4,6,66.67
8de8bcfdaa9473f7,kotlinx/coroutines/ExecutorCoroutineDispatcher$Key,4,7,57.14
02d30a5d156a3573,androidx/compose/ui/graphics/vector/PathNode$RelativeLineTo,4,19,21.05
3409df014070e3e7,org/jsoup/parser/ParseErrorList,4,7,57.14
765bd612317359ed,androidx/compose/material3/adaptive/layout/PaneScaffoldDirective$Companion,4,6,66.67
bf4e7517d45dd6dc,androidx/collection/LongSparseArray,4,241,1.66
1acc6bfe6026f9cc,androidx/compose/material3/adaptive/Posture,4,18,22.22
dcb846ba63a81152,androidx/datastore/preferences/protobuf/ListFieldSchemaLite,4,26,15.38
97b8990fea336c7f,kotlinx/coroutines/selects/OnTimeout$selectClause$1,4,4,100.0
52b096e3df315269,me/ash/reader/domain/data/DiffMapHolder$1$invokeSuspend$$inlined$mapNotNull$1,4,5,80.0
181e124be8c5cb80,androidx/compose/ui/text/style/TextDecoration$Companion,4,28,14.29
d7efe6cf3b28c31c,me/ash/reader/domain/service/RssService$special$$inlined$map$1,4,5,80.0
0db0f806581ba4b6,androidx/datastore/preferences/core/PreferenceDataStoreFactory$create$delegate$1,4,7,57.14
39b06188b2ae23e7,com/rometools/utils/Alternatives,4,5,80.0
812ff51bc808754a,kotlinx/coroutines/channels/ChannelResult$Companion,4,5,80.0
26d0947e55728e6d,androidx/compose/animation/AnimatedVisibilityKt$AnimatedVisibility$1$1,4,4,100.0
3a357ee8ad236019,kotlin/collections/MapsKt__MapWithDefaultKt,4,18,22.22
d8bf3687ec98eb48,androidx/compose/ui/graphics/vector/PathNode$MoveTo,4,19,21.05
aee123ca5514922b,kotlin/time/DurationUnitKt__DurationUnitJvmKt,4,20,20.0
8ec0914ef49d610f,androidx/arch/core/executor/DefaultTaskExecutor$1,4,4,100.0
14ab2bcdc2a9b7d2,androidx/lifecycle/viewmodel/ViewModelInitializer,4,6,66.67
36670f20430f707f,kotlin/ranges/RangesKt__RangesKt,4,24,16.67
f48cc2199487e82e,kotlin/random/Random,4,99,4.04
7d4a84cf731940c1,androidx/room/RoomDatabaseKt__RoomDatabase_androidKt$startTransactionCoroutine$2$1,4,6,66.67
2599ab207fff9b24,kotlinx/coroutines/flow/FlowKt__TransformKt$onEach$$inlined$unsafeTransform$1,4,5,80.0
836c89f9258f456b,androidx/compose/foundation/MutatorMutex,4,36,11.11
52c31ee22214c44a,kotlinx/serialization/internal/ReferenceArraySerializer,4,26,15.38
b73dffeb5974db08,androidx/compose/runtime/ParcelableSnapshotMutableFloatState,4,6,66.67
e193bcb85d47cadb,androidx/compose/animation/EnterExitTransitionKt$createModifier$1$1,4,4,100.0
2e333268cc473ad5,androidx/compose/ui/graphics/PathFillType$Companion,4,4,100.0
d11eb9dde48be681,androidx/compose/ui/platform/DisposableSaveableStateRegistry_androidKt$DisposableSaveableStateRegistry$saveableStateRegistry$1,4,4,100.0
70493307dea9d701,androidx/compose/foundation/interaction/MutableInteractionSourceImpl,4,7,57.14
80f52f00e3a466a4,androidx/compose/runtime/RememberObserverHolder,4,6,66.67
a5eb7fe7cdc3fd39,androidx/compose/runtime/changelist/Operation$MoveCurrentGroup,4,9,44.44
4c5f43588e5f0ba6,androidx/savedstate/serialization/serializers/CharSequenceSerializer,4,20,20.0
a5b98c30b1dbb35f,androidx/compose/ui/platform/AndroidCompositionLocals_androidKt$obtainResourceIdCache$1$1,4,4,100.0
54c7fa98ae25cb5b,org/jsoup/parser/Token$Character,4,5,80.0
6759c80944e96093,androidx/sqlite/db/SupportSQLiteOpenHelper$Callback,4,66,6.06
a9eabcedbdcd03fd,me/ash/reader/infrastructure/di/AccountServiceModule,4,4,100.0
534124968161dd89,androidx/compose/ui/platform/WrapperRenderNodeLayerHelperMethods,4,5,80.0
7f06ad853ef52729,me/ash/reader/infrastructure/preference/SyncOnlyOnWiFiPreference$Companion,4,4,100.0
9b49225bb4c226a3,dagger/hilt/android/EntryPointAccessors,4,18,22.22
1d906768b1ae0029,androidx/work/impl/utils/StatusRunnable$forUniqueWork$1,4,4,100.0
83a5f93d7251234f,androidx/work/impl/DefaultRunnableScheduler,4,5,80.0
90f14b4cc876b856,com/caverock/androidsvg/SVG$SvgConditionalContainer,4,14,28.57
2185032ebf3d363f,androidx/compose/ui/text/EmojiSupportMatch$Companion,4,5,80.0
568a5324d2717c6c,kotlin/jvm/internal/CollectionToArray,4,61,6.56
b5cc046cbdf50789,me/ash/reader/ui/theme/palette/ColorResourceHelper,4,4,100.0
4e8881b4f3d9f711,kotlinx/serialization/internal/StringSerializer,4,10,40.0
d78045dac8f2115f,androidx/compose/runtime/collection/ScatterSetWrapper,4,26,15.38
7a0963328ae3b822,com/google/gson/internal/bind/ArrayTypeAdapter$1,4,10,40.0
37549bac6de3ed4b,me/ash/reader/infrastructure/preference/PullToLoadNextFeedPreference,4,8,50.0
5defccf4359a883d,me/ash/reader/domain/service/RssService$special$$inlined$map$2,4,5,80.0
35c7dbe1746c568f,androidx/work/impl/constraints/controllers/NetworkMeteredController,4,20,20.0
1c8321fe6f15dea0,androidx/sqlite/db/SupportSQLiteOpenHelper$Configuration$Companion,4,4,100.0
df4a49091a6080f5,androidx/work/impl/constraints/WorkConstraintsTrackerKt,4,7,57.14
33665b8fc08bc4bc,androidx/compose/ui/platform/AndroidCompositionLocals_androidKt$obtainImageVectorCache$1$1,4,4,100.0
6147aaa295fed2fa,androidx/compose/ui/draganddrop/AndroidDragAndDropManager$modifier$1,4,11,36.36
e5a41d2e9238064c,androidx/compose/runtime/ParcelableSnapshotMutableLongState,4,6,66.67
bfd94b51b046c9c7,me/ash/reader/infrastructure/preference/KeepArchivedPreference$Companion,4,4,100.0
74354c040101d421,androidx/compose/animation/EnterExitTransitionElement,4,68,5.88
2f60a44c5f417977,org/jsoup/parser/Parser,4,42,9.52
318f28d33f024b45,androidx/compose/ui/text/platform/EmojiCompatStatus,4,7,57.14
0a4bcb648c5e6037,androidx/lifecycle/viewmodel/internal/CloseableCoroutineScopeKt,4,8,50.0
0528f108b89581df,androidx/compose/foundation/DarkThemeKt,4,6,66.67
ad95b1a5906201de,androidx/lifecycle/viewmodel/InitializerViewModelFactory,4,4,100.0
de8a8288a84259e9,okhttp3/CacheControl$Companion,4,4,100.0
fe4205ce395eaf01,androidx/datastore/preferences/protobuf/UnsafeUtil$Android64MemoryAccessor,4,30,13.33
c2767b1032b7a5d2,kotlinx/coroutines/DefaultExecutorKt,4,11,36.36
3174cc5ed3a7808e,me/ash/reader/infrastructure/preference/SyncIntervalPreference$Companion,4,4,100.0
f88787f51e678f0d,androidx/room/util/DBUtil,4,14,28.57
5b7f950660662001,androidx/compose/ui/focus/FocusTargetModifierNodeKt,4,19,21.05
b70551e5c9886152,androidx/compose/foundation/lazy/layout/LazyLayoutPinnedItemList,4,50,8.0
9d5dd31e914d3142,androidx/room/InvalidationTracker$implementation$1,4,4,100.0
04640ef26d56e9b8,kotlinx/coroutines/flow/FlowKt__LimitKt,4,58,6.9
fd7287b2d9a8ed14,androidx/navigation3/ui/NavDisplayKt__NavDisplayKt$NavDisplay$12$1$invokeSuspend$$inlined$filter$1,4,5,80.0
90dfcb8fe758128e,kotlinx/coroutines/flow/FlowKt__ZipKt$combine$$inlined$unsafeFlow$1,4,5,80.0
ccea3ccf33ae0d1a,com/rometools/rome/feed/synd/impl/Converters,4,5,80.0
4229060022b20802,androidx/compose/ui/unit/AndroidDensity_androidKt,4,5,80.0
74f2b57e0ea2e1b7,androidx/compose/ui/text/style/LineBreak$WordBreak$Companion,4,5,80.0
2626107c887a3098,androidx/compose/ui/platform/AndroidComposeView$resendMotionEventOnLayout$1,4,8,50.0
62e7b771a5b9bee1,me/ash/reader/domain/service/AccountService$special$$inlined$map$1,4,5,80.0
0acbb5bb3633a7b1,kotlinx/serialization/internal/ArrayListSerializer,4,24,16.67
c0f5cb55e8d3cc7e,me/ash/reader/infrastructure/android/DaggerAndroidApp_HiltComponents_SingletonC$Builder,4,4,100.0
dd8081692e7b7dbc,androidx/compose/runtime/ParcelableSnapshotMutableIntState,4,6,66.67
27b246c134481a08,androidx/compose/ui/text/android/BoringLayoutFactory,4,35,11.43
854ce41e086a4600,androidx/compose/ui/graphics/PaintingStyle$Companion,4,4,100.0
19e0f0d02b22ed5c,androidx/lifecycle/DefaultLifecycleObserver,4,6,66.67
dd4f9e43942e5856,androidx/compose/ui/graphics/AndroidImageBitmap,4,23,17.39
de88b99e8f5027d5,me/ash/reader/infrastructure/preference/PullToSwitchArticlePreference,4,11,36.36
ac7d59318c0ed6f2,dagger/internal/LazyClassKeyMap,4,19,21.05
ed7459e1abdc70f3,me/ash/reader/infrastructure/di/SettingsProviderModule,4,4,100.0
a4170744023eced1,androidx/compose/animation/core/TransitionKt$createTransitionAnimation$lambda$1$0$$inlined$onDispose$1,4,4,100.0
8121f550d72aec9b,androidx/work/impl/model/Preference,4,25,16.0
44025ec6eb765e51,androidx/compose/foundation/layout/BoxKt$EmptyBoxMeasurePolicy$1,4,4,100.0
45167ff3cd66e785,androidx/datastore/core/okio/AtomicBoolean,4,4,100.0
e889202c23a7fb11,androidx/compose/material3/internal/ChildSemanticsNode,4,13,30.77
f1c584f3c783c29c,coil/compose/AsyncImagePainter$updateRequest$2$1,4,4,100.0
2af752fc501a985e,kotlinx/serialization/internal/SerialDescriptorForNullable,4,23,17.39
a51bce68b10e4aed,androidx/compose/animation/FlingCalculator,4,17,23.53
43f0d56af3bc35b1,androidx/compose/ui/input/pointer/SuspendingPointerInputFilterKt,4,13,30.77
37920e7e56dadffb,androidx/compose/animation/AnimatedVisibilityScopeImpl,4,6,66.67
cc1f279caf517405,androidx/compose/ui/unit/DpKt,4,118,3.39
223af867653b2f85,coil/compose/ImageLoaderProvidableCompositionLocal$1,4,4,100.0
43ab64e10910beb2,androidx/compose/ui/layout/AlignmentLineKt,4,5,80.0
8c869b694cc30a3d,kotlinx/coroutines/channels/BufferedChannel$onReceiveCatching$1,4,4,100.0
42a053387f4dbffa,androidx/compose/material3/adaptive/AndroidWindowAdaptiveInfo_androidKt$collectFoldingFeaturesAsState$lambda$0$$inlined$map$1,4,5,80.0
dc758fcc477445f1,androidx/compose/ui/focus/Focusability$Companion,4,5,80.0
7ea740bd4b8644d3,com/rometools/modules/base/io/CustomTagParser,4,56,7.14
fb5ad239819c59aa,androidx/compose/ui/node/LayoutModifierNodeKt,4,15,26.67
c76e285a40df5e84,androidx/compose/material3/adaptive/layout/ThreePaneScaffoldValue,4,67,5.97
d1d7428845c5a7f5,okhttp3/internal/connection/ConnectPlan$connectTls$handshake$1,4,6,66.67
c75a669c4628762e,androidx/compose/foundation/layout/UnspecifiedConstraintsElement,4,26,15.38
6e775e3467c42645,androidx/compose/foundation/lazy/layout/StickyItemsPlacement$Companion,4,4,100.0
3a9fff5d1b856fa7,androidx/compose/ui/Modifier$Companion,4,8,50.0
6d5c3635711f7b92,androidx/compose/foundation/ImageKt$Image$1$1,4,4,100.0
32db5562ea145fa5,kotlinx/serialization/internal/CharSerializer,4,10,40.0
8f3a0c893343e2fb,kotlin/ResultKt,4,63,6.35
30199f8da62f7bad,okhttp3/internal/connection/ConnectPlan$WhenMappings,4,6,66.67
45fab3b5627cc603,androidx/emoji2/text/EmojiCompat,4,169,2.37
74d54c4f932759ec,androidx/compose/ui/layout/ValueInsets_androidKt,4,8,50.0
fb8894443cc9215d,androidx/work/impl/model/WorkTag,4,4,100.0
344bf09c3375652f,androidx/compose/material3/internal/ChildSemanticsNodeElement,4,17,23.53
7836d5fe74910be3,androidx/compose/runtime/DisposableEffectImpl,4,6,66.67
52bc0ff2970318af,com/rometools/modules/content/io/ContentModuleParser,4,66,6.06
d234742a4efb9a06,coil/compose/AsyncImagePainter$Companion$DefaultTransform$1,4,4,100.0
67de9867bb38b66a,com/caverock/androidsvg/SVG$Style$TextAnchor,4,6,66.67
4d816ddc4ae4d840,androidx/compose/ui/text/TextStyleKt$WhenMappings,4,6,66.67
7d4111f4a0c1df77,androidx/compose/ui/text/style/LineHeightStyle$Mode$Companion,4,5,80.0
5b424815cff3efa8,org/jsoup/nodes/Entities$CoreCharset,4,7,57.14
9f1ca8b1a0fe244d,androidx/compose/ui/geometry/OffsetKt,4,31,12.9
00551fdacb88a733,androidx/compose/animation/AnimatedContentKt$AnimatedContent$6$1$5$1$1,4,4,100.0
cb3607a00e17f1ce,androidx/customview/poolingcontainer/PoolingContainerListenerHolder,4,10,40.0
7cb97189d2e86c8b,androidx/compose/material3/internal/SystemBarsDefaultInsets_androidKt,4,6,66.67
e660eac6620fddca,androidx/work/impl/constraints/NetworkRequestConstraintController,4,17,23.53
06145f4d8ac44024,androidx/collection/OrderedScatterSet,4,258,1.55
89a491ed27440cc3,androidx/compose/runtime/ReferentialEqualityPolicy,4,6,66.67
d0a68bfa690b0182,androidx/compose/ui/geometry/CornerRadius,4,89,4.49
0383e8018575dd2d,com/google/gson/LongSerializationPolicy,4,6,66.67
c129ad59c60ff995,androidx/compose/foundation/lazy/layout/LazyLayoutBeyondBoundsModifierElement,4,22,18.18
c7b161be702545c4,androidx/compose/ui/unit/DpOffset,4,57,7.02
189e7c24ca47bd0d,me/ash/reader/infrastructure/preference/OpenLinkSpecificBrowserPreference,4,41,9.76
3e7dfdf12e9fbee3,androidx/datastore/preferences/core/AtomicBoolean,4,4,100.0
fc3c0994b74076f4,me/ash/reader/ui/widget/ArticleCardWidgetReceiver,4,10,40.0
781fe779cce347a5,androidx/compose/ui/contentcapture/AndroidContentCaptureManager$TranslateStatus,4,7,57.14
c94a86bd0cac5768,androidx/compose/ui/platform/ComposableSingletons$Wrapper_androidKt,4,4,100.0
dfb645b9b4ca5a91,androidx/compose/ui/input/InputMode$Companion,4,4,100.0
8711eb4576a78e87,androidx/compose/ui/text/style/TextMotion$Linearity$Companion,4,5,80.0
fd9be032dfccd6c7,okio/Okio__OkioKt,4,31,12.9
83661fa7a3f7cb9d,okhttp3/JvmCallExtensionsKt$executeAsync$2$2,4,6,66.67
e9721cd428234953,kotlinx/coroutines/AwaitKt,4,37,10.81
b632fec9b89a24ba,androidx/compose/runtime/NestedContentMap,4,24,16.67
d493272a5e3bd8a2,me/ash/reader/ui/ext/DataStoreExtKt$get$1$invokeSuspend$$inlined$map$1,4,5,80.0
4ada038083073f69,okhttp3/internal/Internal,4,34,11.76
ddf5aca5ed55c956,androidx/compose/ui/unit/FontScaling,4,20,20.0
2165cda596430fd5,okhttp3/MediaType$Companion,4,10,40.0
8f3fd557650a8a04,androidx/compose/ui/node/LayoutNode$Companion$Constructor$1,4,4,100.0
2a7851f8996cf787,androidx/compose/runtime/MovableContent,4,5,80.0
7a3c2a085becdeb6,kotlinx/coroutines/internal/MainDispatchersKt,4,19,21.05
a761fa3fcdb1a556,androidx/compose/material3/adaptive/layout/AdaptStrategy$Companion,4,4,100.0
08c69c71ba47bb32,kotlinx/serialization/internal/DoubleSerializer,4,10,40.0
dbcbf6f31a44c2b4,androidx/compose/material3/adaptive/WindowAdaptiveInfo,4,12,33.33
9885adadbe74beb8,androidx/compose/ui/layout/HorizontalRuler$Companion,4,5,80.0
a4e5fb39767a3c41,androidx/compose/runtime/CompositionLocalMap$Companion,4,4,100.0
d242e84a5e3d31d9,androidx/compose/runtime/Composer$Companion,4,9,44.44
99cfc078138a7fc6,androidx/compose/runtime/StaticValueHolder,4,21,19.05
12a7a0c54026844e,androidx/compose/ui/text/font/AsyncTypefaceCache$AsyncTypefaceResult,4,19,21.05
521dd43ba9f299cf,me/ash/reader/infrastructure/di/CoroutineScopeModule,4,4,100.0
892bbca5ff121c83,androidx/work/impl/constraints/trackers/NetworkStateTracker24,4,23,17.39
ba06a4021f9757d5,androidx/compose/ui/text/font/FontFamilyResolverKt,4,4,100.0
d53135614a515c4b,androidx/lifecycle/LifecycleRegistryKt,4,9,44.44
69c9281b5e18a9bf,com/caverock/androidsvg/CSSParser$Ruleset,4,40,10.0
9da9104e41bd9ad8,androidx/work/impl/constraints/controllers/NetworkNotRoamingController,4,20,20.0
b2204e5f071d4dfa,androidx/compose/foundation/lazy/layout/LazyLayoutSemanticsModifier,4,26,15.38
806e45a490d923ae,androidx/collection/ObjectListKt,4,46,8.7
aa9b5a6d75651356,androidx/compose/ui/unit/IntOffset$Companion,4,4,100.0
b08a157ee7e894d2,kotlinx/serialization/encoding/Encoder,4,21,19.05
c989b5458a0e203e,androidx/compose/ui/text/style/LineHeightStyle$Alignment$Companion,4,6,66.67
0a955ffa4fe82c7b,androidx/compose/material/ContentColorKt$LocalContentColor$1,4,4,100.0
57d3f43906a8b244,kotlinx/serialization/json/JsonImpl,4,6,66.67
b1e6f1ddd8f38fdf,me/ash/reader/infrastructure/db/AndroidDatabase,4,4,100.0
bf0e3d95c5ea505a,org/jdom2/Content,4,25,16.0
05e758cb76239c4a,kotlinx/coroutines/flow/FlowKt__MergeKt,4,33,12.12
c626402574a5e5fb,androidx/compose/ui/node/ComposeUiNode$Companion$SetCompositeKeyHash$1,4,4,100.0
ab1978968c16e808,androidx/compose/runtime/OpaqueKey,4,14,28.57
4e01619117668f64,okhttp3/OkHttpClient$Companion,4,4,100.0
cb2d2cf9b1f9c184,androidx/window/layout/util/DensityCompatHelper$Companion,4,5,80.0
672e68cc10094844,androidx/compose/animation/AnimatedContentKt$AnimatedContent$6$1$1$1,4,4,100.0
4afdb52207832fef,androidx/compose/runtime/snapshots/SnapshotStateObserver$ObservedScopeMap$derivedStateObserver$1,4,4,100.0
5d529b831bed6a85,androidx/compose/foundation/shape/DpCornerSize,4,17,23.53
cdd71a28db2b1b2e,androidx/collection/LongObjectMap,4,499,0.8
5da9f0f05e884bd3,androidx/compose/foundation/lazy/layout/LazyLayoutPrefetchStateKt,4,7,57.14
5cad6f8eca9b21b4,coil/fetch/DrawableFetcher,4,13,30.77
34773ae74cedba72,androidx/compose/ui/focus/FocusOwnerImpl$modifier$1,4,11,36.36
981db13a2a3fdb2c,me/ash/reader/infrastructure/preference/SwipeActionPreferenceKt,4,6,66.67
c89f9bd47ce9b7e4,com/google/gson/internal/bind/CollectionTypeAdapterFactory,4,8,50.0
f98dff01451a7bdf,androidx/compose/ui/node/MeasurePassDelegate$remeasure$1$2,4,4,100.0
cc4dd4169422b41d,me/ash/reader/domain/service/RssService$special$$inlined$mapNotNull$1,4,5,80.0
cc1876f888d80ab2,androidx/compose/ui/node/MeasurePassDelegate$layoutChildrenBlock$1$1,4,4,100.0
f8eafd340ae077b1,kotlinx/coroutines/channels/BufferedChannel$onReceiveCatching$2,4,4,100.0
091e82e2270c142e,androidx/glance/appwidget/GlanceAppWidget,4,119,3.36
a46168c21f300a90,androidx/core/app/AppLocalesStorageHelper,4,67,5.97
81f16e3c56a0e075,coil/compose/AsyncImagePainter$updateRequest$2$1$size$$inlined$mapNotNull$1,4,5,80.0
43d232b5db8093fc,androidx/compose/ui/node/DrawModifierNodeKt,4,37,10.81
961564a301d08a3c,androidx/core/viewtree/ViewTree,4,7,57.14
4e0eb7ee05e68559,androidx/compose/ui/text/font/PlatformResolveInterceptor,4,5,80.0
cd390f700cfc37d8,androidx/compose/material3/adaptive/PostureKt,4,96,4.17
858e87371a378143,androidx/lifecycle/SavedStateHandle,4,68,5.88
fbe234de58574e9d,okhttp3/internal/cache/CacheStrategy,4,4,100.0
42fae98f7902a858,kotlinx/serialization/internal/BooleanSerializer,4,10,40.0
d9cc8325378ef707,androidx/compose/ui/draw/PainterElement,4,68,5.88
f545fdce8ca31e4a,me/ash/reader/domain/model/feed/FeedWithArticle,4,22,18.18
e9eab49db74d30b2,androidx/compose/runtime/external/kotlinx/collections/immutable/implementations/immutableMap/PersistentHashMapEntries,4,15,26.67
ce800191c1153495,okio/ForwardingSource,4,9,44.44
3526e22936cedb58,me/ash/reader/infrastructure/android/DaggerAndroidApp_HiltComponents_SingletonC$ActivityRetainedCImpl,4,5,80.0
207f60d06efc34c8,androidx/compose/runtime/internal/PlatformOptimizedCancellationException,4,8,50.0
2dd7ade8fc5c26fc,androidx/compose/foundation/layout/WindowInsetsPaddingKt,4,21,19.05
ea3e4813524d0aff,androidx/compose/ui/semantics/Role$Companion,4,11,36.36
a0f5555e1a3bd537,androidx/compose/ui/platform/TextToolbarStatus,4,7,57.14
bb9350d5b4ae455c,kotlin/collections/AbstractSet$Companion,4,12,33.33
55a4656c03e0c9e4,kotlin/collections/CollectionsKt___CollectionsKt$asSequence$$inlined$Sequence$1,4,4,100.0
2b3ee492e2d4978b,kotlinx/serialization/internal/IntSerializer,4,10,40.0
84db9b70706314ed,androidx/appcompat/app/AppCompatDelegateImpl$3,4,9,44.44
2c9637b7cea86ea2,androidx/work/NoOpInputMergerFactory,4,4,100.0
adc87bdb720a9f2c,androidx/datastore/preferences/core/Actual_jvmKt,4,5,80.0
1cbc359d3aef68a4,androidx/work/impl/model/WorkName,4,4,100.0
7c40427d0b70ce3f,androidx/work/impl/utils/CancelWorkRunnable$forName$1,4,4,100.0
d954656fb8ce3f7f,kotlinx/coroutines/ChildHandleNode,4,5,80.0
f0232e68f6ed3328,com/caverock/androidsvg/SVG$Style$RenderQuality,4,6,66.67
a8cf9f6c72f61ef8,androidx/datastore/preferences/core/PreferenceDataStore,4,4,100.0
39c37c9644321ab5,com/google/gson/internal/bind/ObjectTypeAdapter$1,4,4,100.0
f6a7938edb2685dd,androidx/compose/ui/text/ParagraphInfo,4,93,4.3
f8145c921802c75f,org/slf4j/helpers/Reporter$Level,4,7,57.14
a278510037875f19,androidx/sqlite/db/SupportSQLiteCompat$Api21Impl,4,4,100.0
6c7c7d715b703182,me/ash/reader/ui/theme/palette/colorspace/rgb/transferfunction/GammaTransferFunction$Companion,4,4,100.0
dbb3ac9da0f68bcc,androidx/compose/runtime/changelist/Operation$AdvanceSlotsBy,4,9,44.44
1eed7dd560e1dfcc,kotlinx/coroutines/flow/internal/SafeCollectorKt$emitFun$1,4,4,100.0
475588c54c2fdfa3,androidx/compose/runtime/external/kotlinx/collections/immutable/implementations/immutableList/BufferIterator,4,9,44.44
b84b9ea3962fec9f,me/ash/reader/ui/theme/palette/colorspace/ciexyz/CieXyz$Companion,4,4,100.0
1ec5ec3d477c89da,androidx/compose/material3/tokens/TextButtonTokens,4,16,25.0
e1659a4a6f4ac806,kotlin/sequences/GeneratorSequence,4,5,80.0
0de7a44679f80c3c,androidx/compose/ui/platform/CompositionLocalsKt$LocalProvidableScrollCaptureInProgress$1,4,4,100.0
7561d54050974c32,androidx/compose/ui/graphics/AndroidColorFilter_androidKt,4,33,12.12
67f6f3b72cf2243b,androidx/window/layout/util/WindowMetricsCompatHelper$Companion,4,6,66.67
652305c4c7f2bb9d,androidx/compose/ui/node/ComposeUiNode$Companion$SetMeasurePolicy$1,4,4,100.0
68f1ef3b7a28e0f6,me/ash/reader/infrastructure/di/WorkerModule,4,4,100.0
d3aac9d2479dc0f1,androidx/compose/foundation/ScrollableAreaElement,4,49,8.16
b71fca0b530dd326,androidx/room/coroutines/FlowUtil$createFlow$$inlined$map$1,4,5,80.0
7075c31a29002700,androidx/collection/MutableSetWrapper,4,13,30.77
4f0d06ca401b74aa,androidx/lifecycle/viewmodel/CreationExtras,4,11,36.36
e88e2c6de0107978,com/rometools/modules/cc/io/ModuleParserRSS1,4,43,9.3
5a47b3a166c112b0,androidx/compose/ui/layout/ComposableSingletons$SubcomposeLayoutKt,4,4,100.0
0503a209887272e6,kotlinx/coroutines/selects/SelectKt$DUMMY_PROCESS_RESULT_FUNCTION$1,4,4,100.0
e2545006b9fc3631,androidx/compose/animation/core/MutatorMutex,4,26,15.38
03542f497676a7bd,kotlin/jvm/internal/FunctionReference,4,40,10.0
891a7a038d11c3ed,androidx/room/RoomOpenDelegate,4,5,80.0
4ab765abc6ab1450,kotlin/collections/AbstractSet,4,7,57.14
dbaccf4208272125,androidx/lifecycle/viewmodel/internal/ViewModelProviderImpl_androidKt,4,10,40.0
82cf6034c68bb989,androidx/compose/runtime/ComposerImpl$derivedStateObserver$1,4,4,100.0
9028b2ee41c03d1b,com/rometools/modules/yahooweather/io/WeatherModuleParser,4,72,5.56
488d707f43948546,org/slf4j/helpers/Reporter$TargetChoice,4,6,66.67
c919397bc01c0e42,me/ash/reader/JacocoInstrument/SMSInstrumentedReceiver,4,7,57.14
58dd909d70ae4685,androidx/compose/ui/platform/AndroidComposeViewVerificationHelperMethodsO,4,4,100.0
09e69c0150523b31,androidx/work/impl/constraints/trackers/NetworkStateTrackerKt,4,42,9.52
69d1d61e6c88cdc1,androidx/collection/LongSet,4,416,0.96
8a7bf074a46480d2,androidx/compose/ui/input/pointer/NodeParent,4,64,6.25
50d7f807de8b6881,com/ireward/htmlcompose/HtmlTextKt$HtmlText$1,4,4,100.0
85d244f951288ee5,androidx/compose/runtime/snapshots/SnapshotMapSet,4,8,50.0
ea81f53f9e64df25,kotlinx/coroutines/DeferredCoroutine,4,6,66.67
0abafdf7a8bb60f4,okhttp3/Dns$Companion$DnsSystem,4,7,57.14
d2841c62d86369b6,androidx/compose/runtime/internal/Trace,4,4,100.0
459a8d24896a9eec,androidx/compose/runtime/internal/Thread_androidKt,4,5,80.0
1c603953c0d4fadf,androidx/compose/ui/unit/fontscaling/FontScaleConverterTable,4,33,12.12
c2b362b257ce4893,coil/compose/AsyncImagePainter$State$Empty,4,8,50.0
1f517aa8f7ff4d7a,androidx/compose/ui/node/ComposeUiNode$Companion$SetResolvedCompositionLocals$1,4,4,100.0
3eee56388147960c,androidx/core/app/NavUtils,4,44,9.09
86e964defa150780,androidx/datastore/core/DataStoreImpl$data$1$invokeSuspend$$inlined$map$1,4,5,80.0
b7a4452f5de050c4,okhttp3/internal/authenticator/JavaNetAuthenticator,4,60,6.67
636148524855dcd3,androidx/compose/ui/layout/LookaheadScopeKt$LookaheadScope$2$2,4,4,100.0
491b8f52ecc47542,androidx/core/view/WindowInsetsCompat$BuilderImpl,4,40,10.0
dcadadac252d8bfd,androidx/compose/ui/graphics/StrokeJoin$Companion,4,5,80.0
85da33ac0a2aa38e,androidx/compose/ui/graphics/BlockGraphicsLayerElement,4,14,28.57
7d494710c84ccdc6,kotlinx/coroutines/channels/Channel$Factory,4,4,100.0
47506b750eff7d27,androidx/room/RoomDatabaseKt,4,9,44.44
73c2134c02d72251,androidx/compose/ui/text/platform/extensions/PlaceholderExtensions_androidKt,3,36,8.33
50c36b5ba269f9f8,me/ash/reader/infrastructure/preference/SettingsProvider$1$1,3,3,100.0
9c47b943d7ef72f4,androidx/compose/runtime/ComputedValueHolder,3,17,17.65
ead14c389f31f9f7,androidx/compose/runtime/DerivedSnapshotState$ResultRecord$Companion,3,3,100.0
1454e68379bacb5f,com/caverock/androidsvg/PreserveAspectRatio$Scale,3,5,60.0
6fbfe1dbda2c740c,androidx/compose/runtime/changelist/Operation$RemoveCurrentGroup,3,3,100.0
d4034d4ad835c137,androidx/concurrent/futures/ResolvableFuture,3,5,60.0
53ad0e40e8ba7500,com/caverock/androidsvg/SVG$Style$FillRule,3,5,60.0
4612d070613a57d9,me/ash/reader/infrastructure/di/RetrofitModule,3,3,100.0
5ef13cdd4594073a,kotlinx/coroutines/ResumeOnCompletion,3,3,100.0
faa8fe01d4d950dc,androidx/compose/runtime/internal/AtomicInt,3,16,18.75
63a62791429ac61b,androidx/compose/ui/autofill/AutofillTree,3,10,30.0
09394c2762cec76e,androidx/compose/ui/graphics/drawscope/CanvasDrawScopeKt,3,3,100.0
8fed4257535a7e23,androidx/savedstate/serialization/serializers/SavedStateSerializer,3,28,10.71
f943f3039aabd00a,androidx/compose/ui/text/input/TextInputService,3,21,14.29
2131afa6d0649e15,androidx/compose/ui/layout/SubcomposeLayoutState$setCompositionContext$1,3,3,100.0
415bc4cb0dcd68a0,coil/util/ImmutableHardwareBitmapService,3,3,100.0
0a76aa1c7214f350,androidx/compose/runtime/saveable/SaverKt$Saver$1,3,4,75.0
514de0331026e061,androidx/compose/ui/text/android/VerticalPaddings,3,17,17.65
0cc9fa7939d3ce37,androidx/compose/material3/adaptive/layout/ThreePaneScaffoldHorizontalOrder,3,43,6.98
8328bf6049c854e4,androidx/compose/material3/adaptive/layout/ThreePaneScaffoldState,3,3,100.0
b7ba9e115e843649,androidx/compose/ui/platform/ViewCompositionStrategy$DisposeOnDetachedFromWindowOrReleasedFromPool$installFor$listener$1,3,7,42.86
a24abc1eca9495b1,coil/compose/AsyncImagePainter$Companion,3,3,100.0
8360badfb6bbce8d,androidx/work/OneTimeWorkRequest,3,5,60.0
063fde45e6179fc6,androidx/compose/animation/CrossfadeKt$Crossfade$5$1$invoke$$inlined$animateFloat$2,3,3,100.0
5455552c51a37100,kotlin/random/FallbackThreadLocalRandom$implStorage$1,3,3,100.0
4292341c20631732,androidx/compose/ui/draw/AlphaKt,3,5,60.0
31b5fa094a4e0003,androidx/compose/animation/AnimatedContentKt$AnimatedContent$6$1$3$1,3,3,100.0
c358ad92c84aa775,coil/EventListener$Factory,3,3,100.0
af92eaae06cee20b,androidx/compose/ui/graphics/BlockGraphicsLayerModifier$measure$1,3,3,100.0
8d093eb7db776937,androidx/compose/ui/res/ResourceIdCache,3,16,18.75
f4bec2deceb77ad8,androidx/compose/ui/platform/InspectableValueKt,3,12,25.0
3c65963af5d97d91,androidx/glance/appwidget/GlanceAppWidgetManager$State,3,27,11.11
863478a8e7851b22,androidx/compose/foundation/lazy/layout/TraversablePrefetchStateNode,3,5,60.0
f7e66e29cbaa5010,androidx/compose/ui/text/platform/ImmutableBool,3,3,100.0
3ef81a7393a7b583,androidx/room/RoomDatabase$Callback,3,16,18.75
0df29f56f1692101,androidx/compose/ui/text/TextStyle$Companion,3,4,75.0
3da2771537f67fa2,androidx/work/PeriodicWorkRequest,3,3,100.0
3de87c8e945777d8,androidx/room/InvalidationLiveDataContainer,3,12,25.0
cfe880b1cab0e712,androidx/compose/ui/text/font/AndroidFontLoader_androidKt,3,15,20.0
e510b396f7d86216,retrofit2/converter/gson/GsonConverterFactory,3,8,37.5
165b56fc9aa4f949,androidx/compose/foundation/lazy/layout/PrefetchMetrics,3,13,23.08
c0ca8cc2e5da2a87,androidx/activity/EdgeToEdgeApi30,3,3,100.0
bca4ab4a8d8f3914,androidx/compose/animation/AnimatedContentTransitionScopeImpl$SizeModifierElement,3,26,11.54
e040bfad4bc397bb,androidx/appcompat/widget/FitWindowsFrameLayout,3,7,42.86
5c97bd37d6a6b49e,kotlin/random/Random$Default,3,21,14.29
a187e053741d3653,okhttp3/internal/http2/Http2Connection$ReaderRunnable$settings$1,3,3,100.0
ac795af3e6b51384,okhttp3/internal/concurrent/TaskQueue$execute$1,3,3,100.0
036b6855dfe47719,androidx/collection/ObjectIntMapKt,3,48,6.25
f78d2f2f6a58b134,androidx/compose/ui/node/DelegatableNode_androidKt,3,5,60.0
d8ac8442599006af,okhttp3/internal/http2/Http2Connection$Listener,3,4,75.0
10338d081fbde15c,androidx/compose/material3/MotionScheme$Companion,3,4,75.0
a1c4e7227c4d9975,androidx/compose/ui/text/input/ImeAction$Companion,3,20,15.0
f275ab79ff1745f8,okhttp3/internal/platform/android/AndroidSocketAdapter,3,45,6.67
3295077ab0dac6c2,androidx/compose/animation/core/Animation,3,5,60.0
6cf5aef1b1a8f051,kotlin/ranges/IntProgression$Companion,3,3,100.0
ce698b659da93ca1,androidx/core/view/accessibility/AccessibilityNodeProviderCompat,3,11,27.27
a57e244041272409,androidx/appcompat/app/AppCompatDelegate$SerialExecutor,3,18,16.67
39622b8479bd2f15,coil/transition/NoneTransition$Factory,3,4,75.0
e40a1cd6dce1206f,kotlinx/coroutines/Empty,3,6,50.0
4a1915f25cd4875d,androidx/savedstate/serialization/serializers/SizeSerializer,3,20,15.0
789374e3a5406d48,coil/request/Tags$Companion,3,3,100.0
b348b26edb3d9e84,androidx/compose/ui/graphics/vector/PathNode$RelativeVerticalTo,3,14,21.43
0a80801115841bbe,androidx/navigationevent/NavigationEventTransitionState,3,3,100.0
e41001f9419d60c7,okhttp3/internal/idn/IdnaMappingTableInstanceKt,3,3,100.0
1de4428b5697cd4e,androidx/compose/ui/layout/Ruler,3,4,75.0
caeb8736fb269243,androidx/compose/ui/contentcapture/ContentCaptureManager$Companion,3,5,60.0
ff04cf01829c3624,okhttp3/ResponseBody,3,24,12.5
e99324d0ab1dc28c,androidx/glance/appwidget/GlanceAppWidgetReceiver,3,111,2.7
45d29e5ae721987d,androidx/compose/ui/unit/Dp$Companion,3,8,37.5
47ad668a855600a6,androidx/compose/runtime/StructuralEqualityPolicy,3,4,75.0
e971cf50b3e8d115,androidx/compose/ui/platform/AndroidComposeView$pointerIconService$1,3,12,25.0
6edbd457c0be9f32,com/rometools/modules/cc/io/ModuleParserRSS2,3,40,7.5
0738fba1cf2ef6bd,okhttp3/internal/platform/android/AndroidCertificateChainCleaner,3,16,18.75
2d208564a7b26ae3,coil/request/Parameters$Builder,3,15,20.0
d5ce847bd75e03dd,androidx/compose/runtime/changelist/Operation$ResetSlots,3,3,100.0
f6b97c9ea6c4a9db,me/ash/reader/infrastructure/android/DaggerAndroidApp_HiltComponents_SingletonC$SingletonCImpl$SwitchingProvider$3,3,3,100.0
6874e685be83554e,androidx/appcompat/app/AppLocalesMetadataHolderService,3,6,50.0
819f4240b7715192,androidx/work/impl/utils/StatusRunnable,3,11,27.27
e00eb2098e15d952,androidx/compose/runtime/ReusableRememberObserverHolder,3,3,100.0
7caa896f5024a0a6,androidx/compose/foundation/lazy/LazyListState$Companion,3,16,18.75
6c2e58baf3a70252,me/ash/reader/domain/model/general/Filter$Companion,3,6,50.0
a653325bbe0d0f64,androidx/compose/animation/core/AnimationVector,3,3,100.0
67f1612948c4cb6a,kotlinx/coroutines/scheduling/DefaultScheduler,3,11,27.27
c47a87c987ce21ff,androidx/collection/IntSetKt,3,29,10.34
1902436a4c78139c,dagger/internal/Preconditions,3,27,11.11
eb33a775c1fb0833,coil/memory/RealWeakMemoryCache,3,82,3.66
1acf1dea3c6ffed3,kotlin/collections/EmptyIterator,3,15,20.0
f989625841ae5fd6,androidx/work/impl/StartStopToken,3,3,100.0
390d3ed029cfcbbf,androidx/lifecycle/SavedStateHandleSupport$savedStateHandlesVM$1,3,3,100.0
037792dab44f6035,androidx/datastore/preferences/protobuf/ManifestSchemaFactory$2,3,4,75.0
e9492e3f9e561cfe,androidx/compose/foundation/lazy/layout/LazyLayoutItemAnimator$DisplayingDisappearingItemsElement,3,17,17.65
680286347b6290b4,androidx/hilt/lifecycle/viewmodel/HiltViewModelFactory,3,8,37.5
3f1ca4a36e39d06a,androidx/compose/ui/platform/AndroidUiDispatcher_androidKt,3,4,75.0
0e99b57b6b9b565f,me/ash/reader/ui/page/home/feeds/subscribe/SubscribeViewModel$1$1$1,3,3,100.0
714d46b33b532a85,androidx/compose/ui/geometry/CornerRadius$Companion,3,4,75.0
c5556c631d17d20e,androidx/compose/ui/node/LookaheadPassDelegate$performMeasureBlock$1,3,3,100.0
5767b166feb39ee3,androidx/compose/foundation/lazy/layout/TraversablePrefetchStateModifierElement,3,18,16.67
092531e2ed90b333,androidx/compose/ui/node/SortedSet,3,5,60.0
2f54107b717a08d4,me/ash/reader/ui/theme/palette/colorspace/rgb/transferfunction/HLGTransferFunction,3,25,12.0
e13a9fd2d3652b0f,androidx/compose/runtime/internal/PersistentCompositionLocalHashMap$Companion,3,4,75.0
67dd20b0054524b1,androidx/core/view/WindowInsetsAnimationCompat$Impl30,3,18,16.67
8a6f53462cf3b37d,androidx/compose/animation/core/TwoWayConverterImpl,3,3,100.0
34b12a4220c0988d,kotlinx/coroutines/android/AndroidDispatcherFactory,3,6,50.0
3ebfcd4f3369a65a,com/rometools/rome/io/impl/RSS092Parser,3,81,3.7
af27bd99e18af42e,okhttp3/internal/platform/android/BouncyCastleSocketAdapter$Companion,3,3,100.0
4eed6cdeb4ec11f6,androidx/compose/ui/graphics/colorspace/Adaptation$Companion,3,5,60.0
eae99c6b0e56df96,androidx/core/view/SoftwareKeyboardControllerCompat,3,10,30.0
cdf4bbd5a9c39880,androidx/compose/ui/graphics/Shadow$Companion,3,4,75.0
ed0c014dad38a614,androidx/compose/ui/semantics/SemanticsConfigurationKt$getOrNull$1,3,3,100.0
8fa5f5c3d6a30bbb,kotlin/collections/IndexedValue,3,20,15.0
aed2d152bfe747e3,androidx/compose/ui/platform/ViewRootForTest$Companion,3,5,60.0
209a89fe9f949164,androidx/compose/animation/AnimatedVisibilityKt$AnimatedVisibilityImpl$1$1$1,3,3,100.0
7ddafbcbc7dcc650,okhttp3/Authenticator,3,3,100.0
38039cb668962bef,androidx/room/coroutines/FlowUtil,3,3,100.0
6c9fc81bd58976c2,okhttp3/CertificatePinner$Builder,3,8,37.5
65c1233ca629072b,androidx/compose/foundation/OverscrollConfiguration_androidKt,3,4,75.0
b83e6562a4fb31a6,androidx/compose/ui/node/CompositionLocalConsumerModifierNodeKt,3,5,60.0
3cb35413072107a7,androidx/compose/ui/autofill/AndroidAutofillManager_androidKt,3,23,13.04
532e6e10fa454f40,androidx/compose/runtime/changelist/Operation$EnsureRootGroupStarted,3,3,100.0
c010667b7b63f535,androidx/compose/ui/text/font/PlatformResolveInterceptor$Companion,3,4,75.0
2f9b938287b15395,com/rometools/modules/psc/io/PodloveSimpleChapterParser,3,36,8.33
b4f39a3fbd189b80,androidx/compose/ui/graphics/vector/VectorNode,3,3,100.0
d5516442a4311d75,androidx/compose/runtime/snapshots/SnapshotApplyResult,3,3,100.0
399903b07222806b,me/ash/reader/ui/ext/NumberExtKt,3,8,37.5
aadb8602229bc621,me/ash/reader/infrastructure/android/DaggerAndroidApp_HiltComponents_SingletonC$SingletonCImpl$SwitchingProvider$1,3,3,100.0
22b4b8aae8453a36,org/jsoup/helper/StringUtil$1,3,3,100.0
13210283812b38e7,me/ash/reader/infrastructure/android/Hilt_AndroidApp$1,3,3,100.0
e3f1e76f24ba88ac,androidx/compose/ui/layout/LayoutModifierImpl,3,6,50.0
cfc2fb75cc8a30ff,androidx/compose/ui/unit/TextUnit$Companion,3,5,60.0
104c1d13122617b0,androidx/work/impl/model/SystemIdInfo,3,22,13.64
eea00dd6acece753,androidx/lifecycle/viewmodel/internal/CloseableCoroutineScope,3,6,50.0
4b126c43098d8611,androidx/compose/ui/layout/LayoutElement,3,13,23.08
c265f1c859f742af,androidx/compose/ui/text/font/FontFamily$Companion,3,7,42.86
da429bdb70fcb844,androidx/compose/ui/platform/AndroidTextToolbar,3,24,12.5
34a77e039c1d3f91,androidx/activity/OnBackPressedCallback$OnBackPressedEventHandler,3,9,33.33
28a53c63a43d7990,androidx/compose/ui/unit/DpSize$Companion,3,4,75.0
5893e13abb864bae,androidx/core/os/BundleCompat,3,24,12.5
b33fb1f8ea8fe1df,androidx/compose/ui/graphics/TransformOrigin$Companion,3,3,100.0
8db69f6d7e2e8555,androidx/navigation3/scene/SceneInfo,3,11,27.27
a5af8ae4342652c2,kotlin/text/MatchGroup,3,19,15.79
80c63cff529f2770,androidx/compose/foundation/lazy/layout/LazyLayoutItemProviderKt,3,8,37.5
e3e3d2e8c5b63d66,kotlin/collections/AbstractList,3,30,10.0
9884d14308814b46,androidx/work/CoroutineWorker$DeprecatedDispatcher,3,8,37.5
18221d1ef3665c43,androidx/compose/runtime/external/kotlinx/collections/immutable/implementations/immutableMap/PersistentHashMap$Companion,3,3,100.0
6da1df5cdaa52242,androidx/compose/ui/layout/RootMeasurePolicy$measure$2,3,3,100.0
f0229939c3666049,androidx/datastore/core/DataStoreImpl$coordinator$2,3,3,100.0
d97b3ee3cde12041,androidx/compose/ui/platform/AndroidAccessibilityManager,3,18,16.67
890a8a80c80021b2,coil/size/DisplaySizeResolver,3,12,25.0
51f6002a05a3de2a,kotlin/coroutines/jvm/internal/DebugProbesKt,3,3,100.0
0b4f4d2c6052ac57,androidx/compose/foundation/gestures/ScrollableContainerNode,3,5,60.0
427f2f12c1dbc6c2,androidx/compose/ui/platform/AndroidComposeView$onAttachedToWindow$1,3,3,100.0
4567fa7c3ab42f27,androidx/compose/ui/text/input/KeyboardType$Companion,3,22,13.64
bf2d5218985d7ff9,androidx/compose/ui/graphics/BlendModeColorFilterHelper,3,7,42.86
95fa670727045f58,androidx/compose/ui/node/LayoutNode$_foldedChildren$1,3,3,100.0
b9a36ba271ea694e,androidx/compose/runtime/tooling/InspectionTablesKt,3,3,100.0
70c75c80e50b43f8,me/ash/reader/domain/repository/ArticleDao_Impl$Companion,3,3,100.0
5f47a7bd948506c0,androidx/compose/runtime/NeverEqualPolicy,3,4,75.0
a6ce3737728d49b1,kotlinx/serialization/internal/PrimitiveSerialDescriptor,3,24,12.5
7578c97828de7e15,me/ash/reader/ui/ext/DateExtKt,3,50,6.0
9b17efb5eca3f2de,okio/Options,3,18,16.67
077b350e2f62f7f3,androidx/compose/foundation/lazy/LazyListPrefetchStrategyKt,3,4,75.0
4b5606b6756dd263,androidx/compose/ui/unit/DensityKt,3,4,75.0
0006d4780a2394ac,androidx/compose/ui/text/font/FontSynthesis$Companion,3,18,16.67
07ebd71e15f3ce10,androidx/compose/ui/node/LayoutNode$Companion,3,6,50.0
f82b0159898b9bb3,androidx/compose/ui/text/style/TextIndent$Companion,3,4,75.0
1932d0c42932aba2,com/rometools/modules/atom/io/AtomModuleParser,3,76,3.95
e30bf9cbd59684c7,androidx/datastore/preferences/protobuf/Utf8$UnsafeProcessor,3,349,0.86
da2ca385e8ad9ab6,androidx/window/EmptyDecoratorWindowSdk,3,3,100.0
e4d51fd7dd134dde,coil/compose/AsyncImagePainter$onRemembered$1$3,3,10,30.0
fecbbe6284a70fe6,androidx/work/impl/utils/Api28Impl,3,3,100.0
a198f7cacd7ff72c,androidx/compose/foundation/text/selection/SelectionRegistrarKt,3,8,37.5
28c62c4a790571b7,com/rometools/modules/slash/io/SlashModuleParser,3,32,9.38
123d75986f2ba4cc,androidx/compose/ui/node/MeasurePassDelegate$performMeasureBlock$1,3,3,100.0
06e80eb7f687f29a,androidx/collection/SetWrapper,3,30,10.0
496a4f4446f8cc82,androidx/compose/animation/ExitTransition$Companion,3,4,75.0
6211391c98804ffe,okhttp3/CookieJar$Companion$NoCookies,3,4,75.0
b885c5129b1a4af4,kotlinx/serialization/modules/ContextualProvider$Argless,3,10,30.0
d68c0bc8e72af6ec,kotlin/jdk7/AutoCloseableKt,3,18,16.67
7d66b03cecde2d0c,org/jsoup/parser/TokeniserState$37,3,21,14.29
54a31bb9eed58d6a,me/ash/reader/infrastructure/rss/OPMLDataSource,3,99,3.03
c6360839367f14d8,androidx/compose/material3/adaptive/layout/SupportingPaneScaffoldRole,3,5,60.0
26b0bb7294f0a59a,coil/request/BaseRequestDelegate,3,5,60.0
79f8e7cc093a3bcd,androidx/compose/foundation/layout/ConsumedInsetsModifierElement,3,12,25.0
b585cd2b895b7d1b,kotlinx/coroutines/NonDisposableHandle,3,6,50.0
1e1e04a31853ce1a,com/google/gson/internal/bind/DateTypeAdapter$1,3,4,75.0
6d40e670f215f434,me/ash/reader/ui/page/nav3/key/Route$Feeds,3,11,27.27
ca1b2db51a341084,me/ash/reader/infrastructure/preference/Preference,3,3,100.0
3a1e3fa8978fff7b,androidx/compose/runtime/ComposerImpl$CompositionContextHolder,3,6,50.0
26673c6170d04792,androidx/navigation3/ui/NavDisplayKt,3,6,50.0
0ec5cfbcc569a955,com/caverock/androidsvg/SVG$Colour,3,4,75.0
df81f029f11273ef,net/dankito/readability4j/model/ReadabilityObject,3,3,100.0
f39771b8f8331745,androidx/compose/ui/unit/IntSize$Companion,3,3,100.0
47f00254319799b6,okhttp3/Handshake$Companion$handshake$1,3,3,100.0
7beed41c5c971eeb,androidx/datastore/core/State,3,3,100.0
23e86bd2f6bb7329,androidx/savedstate/serialization/serializers/SizeFSerializer,3,20,15.0
3de70e2e027fbc74,androidx/compose/ui/platform/WindowRecomposer_androidKt$createLifecycleAwareWindowRecomposer$1,3,5,60.0
d8ed6b52d085aeff,androidx/compose/animation/CrossfadeKt$Crossfade$5$1$1$1,3,3,100.0
c71c165f73124f87,androidx/compose/ui/text/style/TextGeometricTransform$Companion,3,4,75.0
9203325b9430fa64,me/ash/reader/ui/ext/DataStoreKey$Companion,3,3,100.0
41e3c56a36d05c4e,androidx/compose/foundation/layout/PaddingValuesElement,3,14,21.43
98dca87413deed55,androidx/compose/ui/graphics/drawscope/DrawStyle,3,3,100.0
c38fc4c636445f3e,androidx/compose/animation/core/VectorizedFloatAnimationSpec$1,3,3,100.0
77b0941bc9c0842c,androidx/room/coroutines/RunBlockingUninterruptible_androidKt,3,3,100.0
8afaff10754aaecb,androidx/work/ListenableWorker$Result$Success,3,12,25.0
fb632718ee715c85,androidx/compose/ui/text/AnnotatedString$Builder$BulletScope,3,5,60.0
a36ebaed4953de43,androidx/compose/runtime/BroadcastFrameClock$withFrameNanos$2$1,3,3,100.0
dd29154d50caf609,androidx/lifecycle/LiveData$1,3,4,75.0
36501369b563be98,com/rometools/rome/io/impl/Atom03Parser,3,189,1.59
4ebe885426feeed1,androidx/compose/foundation/layout/SystemInsetsPaddingModifierElement,3,12,25.0
91b0c7f21f75c7e6,androidx/compose/ui/layout/SLOperation$Companion,3,20,15.0
fd8e47064b29bf7d,androidx/compose/ui/node/ObserverNodeOwnerScope,3,5,60.0
e0e8bfb616d6e763,androidx/compose/runtime/snapshots/SnapshotMapKeySet,3,62,4.84
c739b51391116dc2,androidx/datastore/preferences/PreferenceDataStoreSingletonDelegate$getValue$1$1,3,3,100.0
eef9ca5f79add3f0,androidx/sqlite/db/SimpleSQLiteQuery$Companion,3,33,9.09
ceaa2e9f5147fe71,okhttp3/internal/platform/android/ConscryptSocketAdapter,3,19,15.79
fb54c3d37c734bfa,androidx/compose/ui/graphics/StrokeCap$Companion,3,5,60.0
e24d7dfc2e957e3d,kotlinx/coroutines/DelayKt,3,43,6.98
5ce486822d659818,me/ash/reader/domain/service/OpmlService,3,69,4.35
cb751312509a07bf,androidx/core/view/WindowCompat,3,13,23.08
02897c7f5301c2ba,androidx/window/layout/EmptyDecorator,3,3,100.0
c5ceb2bf3a4f0270,kotlinx/coroutines/scheduling/NanoTimeSource,3,3,100.0
9c0d97884df84929,okhttp3/internal/platform/android/ConscryptSocketAdapter$Companion,3,3,100.0
b1ee749faa824080,androidx/compose/material3/adaptive/layout/ListDetailPaneScaffoldRole,3,5,60.0
1216465f0a429170,okhttp3/internal/http2/Http2Connection$ReaderRunnable$applyAndAckSettings$1$1$2,3,3,100.0
9916ad1d8b9f101c,androidx/collection/LongList,3,304,0.99
a94ee697109cd0e5,androidx/arch/core/internal/SafeIterableMap$Entry,3,14,21.43
9b9fe7555a40a948,dagger/hilt/android/internal/managers/ActivityRetainedComponentManager$ActivityRetainedComponentViewModel,3,7,42.86
41794939216cc6f9,kotlin/comparisons/ComparisonsKt__ComparisonsKt,3,81,3.7
cd32af6b969f9b18,org/jsoup/parser/HtmlTreeBuilderState$1,3,16,18.75
84b693482fefb7e9,androidx/compose/ui/graphics/vector/PathNode$RelativeHorizontalTo,3,14,21.43
6da889ff53056752,coil/fetch/DrawableFetcher$Factory,3,3,100.0
2809c4ef1abee644,androidx/room/TransactorKt,3,7,42.86
ff2b131b6549f952,kotlinx/coroutines/JobSupport$ChildCompletion,3,3,100.0
6248590cac4d8724,okhttp3/internal/platform/android/DeferredSocketAdapter,3,18,16.67
cef720a3d8e886ee,androidx/lifecycle/MutableLiveData,3,4,75.0
d669ec06e8eb62d8,com/google/gson/internal/bind/NumberTypeAdapter$1,3,4,75.0
965ad1ec5d94aa43,me/ash/reader/infrastructure/preference/LanguagesPreference$UseDeviceLanguages,3,7,42.86
747baed8efea652a,me/ash/reader/ui/theme/palette/colorspace/rgb/RgbColorSpace$Companion,3,7,42.86
4467212a60d275f2,androidx/compose/ui/graphics/WrapperVerificationHelperMethods,3,3,100.0
2c44c2176e30f0b4,androidx/compose/ui/platform/AndroidComposeViewForceDarkModeQ,3,3,100.0
d404e4cacbf58bc5,kotlinx/coroutines/flow/ReadonlyStateFlow,3,5,60.0
481f6cc16ac09f02,okhttp3/internal/http2/Http2Connection$Companion,3,3,100.0
cbb4a3615f69c6fb,androidx/compose/ui/layout/SubcomposeLayoutState$setMeasurePolicy$1,3,3,100.0
800e458b93b62764,androidx/compose/foundation/text/modifiers/InlineDensity$Companion,3,3,100.0
132a93ae3e19cff9,androidx/compose/ui/text/input/ImeOptions$Companion,3,3,100.0
e8075ccf96d2f360,androidx/compose/runtime/Applier,3,16,18.75
ce6b4526917cab4b,androidx/compose/animation/CrossfadeKt$Crossfade$7,3,3,100.0
787fff971d61cb08,kotlinx/coroutines/flow/SharedFlowSlot,3,12,25.0
1ab50a45dd9a9cf7,kotlinx/serialization/internal/NullableSerializer,3,21,14.29
646ca0c4626db778,me/ash/reader/domain/model/account/AccountType$Companion,3,8,37.5
319eb7ed89d9be4a,androidx/compose/ui/FrameRateCategory$Companion,3,5,60.0
815f6e0c2e2f909d,androidx/compose/ui/text/TextRange$Companion,3,3,100.0
58b0c02151d918ae,com/caverock/androidsvg/SVG$Style$TextDirection,3,5,60.0
8c6d8c7d69cbdbde,com/google/gson/internal/bind/TypeAdapters$34,3,5,60.0
51d9df9a50cb8c8e,androidx/datastore/preferences/protobuf/Writer$FieldOrder,3,5,60.0
35517b96ea71b69c,androidx/compose/ui/layout/AlignmentLine,3,4,75.0
c665f3b548f42f63,me/ash/reader/domain/repository/GroupDao_Impl$Companion,3,3,100.0
354fafb117483fdb,org/slf4j/helpers/BasicMDCAdapter,3,38,7.89
42e24c9d17b6eb48,androidx/datastore/core/DataStoreImpl$storageConnectionDelegate$1,3,3,100.0
40d829107d3a6650,androidx/compose/runtime/snapshots/SnapshotWeakSet,3,82,3.66
0e8e2fb915a3263e,me/ash/reader/domain/repository/AccountDao_Impl$Companion,3,3,100.0
758c544fb28f01e7,kotlin/io/CloseableKt,3,15,20.0
966fc3430e5689b9,androidx/compose/runtime/MonotonicFrameClockKt,3,13,23.08
c80fc8532bbb7937,kotlinx/coroutines/CancelledContinuation,3,9,33.33
6906f232cc0d65e6,androidx/compose/ui/input/pointer/PointerEventType$Companion,3,9,33.33
fa44ad4087c643d5,androidx/core/view/WindowInsetsAnimationCompat,3,25,12.0
ea520c43a33c9637,com/rometools/modules/feedpress/io/FeedpressParser,3,29,10.34
8b3322dac1c81b3d,me/ash/reader/infrastructure/android/AndroidImageDownloader,3,32,9.38
2702192039017415,androidx/datastore/preferences/PreferencesProto$PreferenceMap$PreferencesDefaultEntryHolder,3,4,75.0
42339e0eae054168,me/ash/reader/domain/data/DiffMapHolder$syncOnChange$1$1,3,4,75.0
b28c189e6a9953ec,androidx/compose/ui/text/intl/AndroidPlatformLocale_androidKt,3,4,75.0
eac46d6195c18109,kotlinx/serialization/modules/ContextualProvider$WithTypeArguments,3,5,60.0
284004fe8591baa9,androidx/sqlite/db/framework/FrameworkSQLiteOpenHelperFactory,3,3,100.0
68730e3b7b7e4eb1,androidx/compose/ui/platform/Api30Impl,3,3,100.0
725c572905bab35e,me/ash/reader/infrastructure/android/AndroidStringsHelper,3,17,17.65
e7718f2b78a20365,kotlinx/coroutines/NodeList,3,21,14.29
db804f84dbe03c44,androidx/compose/ui/platform/AndroidComposeViewTranslationCallbackS,3,4,75.0
1aa00064ee4fa72c,net/dankito/readability4j/processor/ArticleGrabber$Companion,3,9,33.33
41c68fc8e1445ce1,androidx/compose/runtime/external/kotlinx/collections/immutable/implementations/persistentOrderedSet/PersistentOrderedSet$Companion,3,3,100.0
b75233099dee2a7f,kotlinx/serialization/internal/PrimitiveArrayDescriptor,3,4,75.0
647a359aad0f4f23,org/jsoup/internal/Normalizer,3,5,60.0
df971357683c3728,androidx/compose/ui/draw/PainterNode$measure$1,3,3,100.0
bba1a72dd6ff799e,androidx/appcompat/app/AppCompatDelegateImpl$Api24Impl,3,10,30.0
699f6d68dfe148e3,dagger/hilt/android/internal/lifecycle/DefaultViewModelFactories$InternalFactoryFactory,3,4,75.0
d602a0b938a79a03,androidx/compose/ui/platform/AndroidComposeView$contentCaptureManager$1,3,3,100.0
8c9ffe30bf3b79b9,androidx/compose/runtime/external/kotlinx/collections/immutable/ExtensionsKt,3,270,1.11
c17fe2bbaeb7d95d,androidx/compose/ui/text/platform/AndroidParagraph_androidKt,3,13,23.08
9b3877fc01d87928,androidx/compose/ui/semantics/SemanticsNodeKt,3,72,4.17
89eca0d64aabb7d5,androidx/compose/ui/text/style/BaselineShift$Companion,3,10,30.0
e2fc7f3392e1bb4b,androidx/room/driver/SupportSQLitePooledConnection$SupportSQLiteTransactor,3,6,50.0
9a1e4049f6a2988e,androidx/compose/ui/text/font/FontLoadingStrategy$Companion,3,5,60.0
37ffd117aa3e1853,kotlin/coroutines/jvm/internal/Boxing,3,8,37.5
9e802f5170fb75ad,com/rometools/modules/fyyd/io/FyydParser,3,13,23.08
d91a9a558c68bb8a,androidx/compose/ui/input/indirect/IndirectPointerEventPrimaryDirectionalMotionAxis$Companion,3,5,60.0
40ed5647364a7420,androidx/compose/runtime/snapshots/SnapshotStateMapKt,3,4,75.0
1edf443cf2855cb1,coil/network/RealNetworkObserver$networkCallback$1,3,4,75.0
6da305b837a76b65,kotlinx/coroutines/GlobalScope,3,3,100.0
6147ceb659424268,androidx/compose/ui/node/PlaceableResult,3,5,60.0
6161e44fa11790c2,okhttp3/ConnectionListener$Companion,3,3,100.0
786d78035b638e19,me/ash/reader/domain/service/AppService,3,11,27.27
3d25df04de5be95a,androidx/work/WorkerParameters$RuntimeExtras,3,3,100.0
6960f5068e47a70a,retrofit2/BuiltInFactories$Java8,3,3,100.0
59e8ae541a58988b,me/ash/reader/ui/ext/StringExtKt,3,49,6.12
81be924f9ce5fa98,kotlinx/coroutines/flow/internal/NopCollector,3,3,100.0
cd791a4efafb7840,me/ash/reader/infrastructure/android/DaggerAndroidApp_HiltComponents_SingletonC$SingletonCImpl$SwitchingProvider$2,3,3,100.0
45a6d4ad89e46d40,androidx/compose/ui/platform/coreshims/AutofillIdCompat,3,3,100.0
af1db18d6dadc6fc,androidx/datastore/preferences/core/Preferences,3,3,100.0
ae8e7e0c37c252a4,androidx/compose/foundation/text/selection/TextSelectionColors,3,14,21.43
98fd6940dbf51fbf,kotlinx/coroutines/flow/SafeFlow,3,3,100.0
a88326082c38f744,com/google/gson/internal/bind/TypeAdapters$31,3,5,60.0
f0f0aa28e2fcce28,kotlin/collections/ArrayAsCollection,3,27,11.11
afc925bb015ddd1b,okhttp3/internal/platform/android/BouncyCastleSocketAdapter,3,22,13.64
718603d8af632b7c,androidx/compose/foundation/lazy/layout/LazyLayoutScrollDeltaBetweenPassesKt,3,3,100.0
e17d4aeadce74135,androidx/core/view/ViewCompat$Api23Impl,3,8,37.5
4ae531a414481951,com/rometools/modules/mediarss/io/AlternateMediaModuleParser,3,4,75.0
41704f0d3d34652c,androidx/compose/ui/graphics/FilterQuality$Companion,3,6,50.0
5bcfc2d446bac920,androidx/compose/ui/node/NodeCoordinator$drawBlock$drawBlockCallToDrawModifiers$1,3,3,100.0
4e92e36ad665ad4d,androidx/compose/runtime/changelist/Operation$EndCurrentGroup,3,3,100.0
4c5ab5f042b3cdcc,androidx/window/layout/WindowLayoutInfo,3,12,25.0
e96ab1451e1eb0c9,me/ash/reader/domain/repository/FeedDao_Impl$Companion,3,3,100.0
6940e835f0740613,kotlin/collections/IndexingIterable,3,3,100.0
307536a90fbb3e71,androidx/compose/ui/platform/AndroidComposeView$RootModifierNode$measure$1,3,3,100.0
a6cf9c4a1a7737d4,coil/decode/ImageDecoderDecoder$Factory,3,19,15.79
08e7f84266a54127,kotlinx/coroutines/flow/internal/NullSurrogateKt,3,3,100.0
d979f4cf24011e87,androidx/compose/material/ContentAlphaKt,3,3,100.0
1dedd6440751dbba,androidx/compose/ui/res/ImageVectorCache,3,17,17.65
a8eaab64105164b2,androidx/work/impl/utils/WorkForegroundKt,3,8,37.5
e329b90a5854350d,androidx/sqlite/db/framework/FrameworkSQLiteOpenHelper$DBRefHolder,3,3,100.0
485a62bed893a587,androidx/compose/ui/layout/SubcomposeLayoutKt$SubcomposeLayout$4$1,3,3,100.0
67d10874d1454915,okhttp3/internal/_RequestBodyCommonKt,3,8,37.5
a0e138584203ed42,androidx/compose/ui/MotionDurationScale$DefaultImpls,3,4,75.0
2a145deba3b18c48,androidx/compose/animation/SharedTransitionScopeRootModifierElement,3,19,15.79
5a5122f7823b82c4,androidx/compose/runtime/external/kotlinx/collections/immutable/implementations/immutableMap/TrieNode$Companion,3,3,100.0
3b687ac6e512dcd8,androidx/compose/animation/SplineBasedFloatDecayAnimationSpec,3,11,27.27
ac5ef754e5d066bd,androidx/compose/foundation/lazy/layout/LazyLayoutBeyondBoundsModifierLocalKt,3,6,50.0
3c0169a006a4eb74,androidx/work/impl/utils/WorkForegroundUpdater,3,13,23.08
cead68a979c247b4,androidx/compose/material3/adaptive/layout/HingePolicy$Companion,3,6,50.0
c87195b0e939ac8c,androidx/compose/ui/platform/ViewLayer,3,277,1.08
439b808234ad8fce,androidx/compose/runtime/MonotonicFrameClock$DefaultImpls,3,5,60.0
a71e5c389141921b,com/rometools/modules/opensearch/impl/OpenSearchModuleParser,3,124,2.42
3a71f3599d5acce3,androidx/lifecycle/SavedStateHandlesVM,3,3,100.0
8bf8dbfcb4627cf4,androidx/compose/foundation/text/modifiers/LayoutCacheOperation$Companion,3,6,50.0
0c7947dfb9656a54,androidx/work/impl/WorkerWrapper$Resolution$Finished,3,3,100.0
46d0ff117eb03f91,androidx/compose/runtime/external/kotlinx/collections/immutable/implementations/persistentOrderedSet/Links,3,14,21.43
29b9a415b1274465,okhttp3/internal/idn/IdnaMappingTableKt,3,9,33.33
688c332f2fdf0d7f,androidx/compose/runtime/SnapshotStateKt__SnapshotMutationPolicyKt,3,3,100.0
e5f017d7e54aae73,androidx/compose/runtime/saveable/SaveableStateHolderImpl$Companion,3,3,100.0
6f247e6888e8c084,androidx/compose/runtime/snapshots/SnapshotIdSet$Companion,3,3,100.0
85847375123c9d8d,androidx/compose/ui/node/LayoutNodeKt,3,11,27.27
302d89a655ecb531,androidx/hilt/work/HiltWorkerFactory,3,4,75.0
a929346305f461e2,kotlin/coroutines/intrinsics/CoroutineSingletons,3,6,50.0
4e47a55c0216f0ad,androidx/compose/animation/core/VectorizedAnimationSpec,3,5,60.0
0022022de726fc8b,me/ash/reader/domain/service/FeverRssService,3,183,1.64
75792eeb30e612d2,androidx/core/os/BundleKt,3,53,5.66
ea2065777c70caec,androidx/compose/animation/EnterExitTransitionModifierNode$measure$1,3,3,100.0
0dcdbf8ecf2f84be,androidx/compose/ui/text/font/SystemFontFamily,3,3,100.0
c6d4c5aefec3a7a3,androidx/room/util/SQLiteStatementUtil,3,5,60.0
dac68025d2cfd20f,androidx/compose/ui/text/font/FileBasedFontFamily,3,3,100.0
4caa421d017295e0,com/rometools/rome/feed/synd/impl/ConverterForRSS090,3,105,2.86
b541c15b53a91d8c,androidx/compose/ui/platform/WindowRecomposerPolicy$createAndInstallWindowRecomposer$1,3,5,60.0
f1a0a3f96d44254e,androidx/compose/ui/geometry/Rect$Companion,3,4,75.0
f436e8692e5c085b,androidx/compose/ui/text/font/PlatformFontFamilyTypefaceAdapter,3,23,13.04
b1bebdf64b63dd41,kotlin/jvm/internal/CallableReference$NoReceiver,3,4,75.0
a39c1283d6965dfe,okhttp3/internal/connection/RealConnectionPool$cleanupTask$1,3,3,100.0
9ced2bd0d82bb596,androidx/savedstate/SavedStateReader,3,274,1.09
4cabf1ef92aff56b,androidx/core/view/WindowInsetsCompat$Impl28,3,16,18.75
71dcde7520a03588,androidx/compose/foundation/lazy/LazyListState$remeasurementModifier$1,3,3,100.0
738386829f01309e,kotlin/random/FallbackThreadLocalRandom,3,3,100.0
6d0e20f0f516a24f,androidx/compose/ui/util/AndroidTrace_androidKt,3,10,30.0
6daf6338b9e7cdcd,androidx/work/impl/utils/SerialExecutorImpl$Task,3,7,42.86
a94f68cd412e9a6d,me/ash/reader/infrastructure/di/OkHttpClientModuleKt$setupSsl$trustManager$2,3,4,75.0
5b3cea15333158c8,androidx/compose/ui/node/LookaheadAlignmentLines,3,11,27.27
61ebe39867fd1f5c,coil/compose/AsyncImagePainter$State,3,3,100.0
8543be8bf2ec53d5,androidx/compose/ui/graphics/SimpleGraphicsLayerModifier$measure$1,3,3,100.0
160cf5ce94818c56,androidx/compose/ui/text/style/TextMotion$Companion,3,4,75.0
433edc6489066d6a,androidx/compose/ui/graphics/AndroidGraphicsContext$2,3,5,60.0
6ca646c518ce0919,kotlinx/serialization/internal/ArrayListClassDesc,3,3,100.0
fc9a24a921c2a246,androidx/compose/ui/graphics/AndroidGraphicsContext$UniqueDrawingIdApi29,3,3,100.0
99286ca2aab72484,androidx/compose/ui/node/LayoutNodeAlignmentLines,3,6,50.0
3f27fa0a5ed4c045,androidx/compose/ui/autofill/AutofillCallback,3,10,30.0
70d64726f61d7a28,org/jsoup/nodes/Attributes$1,3,7,42.86
1ea02f91287b8290,kotlinx/coroutines/selects/OnTimeout$register$$inlined$Runnable$1,3,3,100.0
0a742cc246029b44,androidx/compose/ui/text/android/StaticLayoutFactory26,3,3,100.0
05c28406ffb5058c,androidx/compose/ui/platform/ViewCompositionStrategy$Companion,3,3,100.0
4e7d7faa556698b6,androidx/compose/ui/platform/WindowRecomposer_androidKt$createLifecycleAwareWindowRecomposer$2$onStateChanged$1$1$1$1,3,3,100.0
8dda061fb242658e,androidx/compose/ui/graphics/RectangleShapeKt$RectangleShape$1,3,4,75.0
086486e9cec25c56,coil/compose/AsyncImagePainter$onRemembered$1$1,3,3,100.0
7a4c999a19e4a618,com/rometools/modules/thr/io/ThreadingModuleParser,3,10,30.0
6508b5ffa80724b5,androidx/work/impl/constraints/trackers/BroadcastReceiverConstraintTracker,3,7,42.86
a194876b2d50b7f9,androidx/compose/ui/text/font/FontWeightAdjustmentHelperApi31,3,3,100.0
103d44ba6b0cc3dd,androidx/compose/ui/node/ObserverNodeOwnerScope$Companion,3,3,100.0
9167b7236216983b,com/google/accompanist/drawablepainter/DrawablePainter$callback$2,3,3,100.0
cf11374dbec29a29,androidx/compose/foundation/AndroidEdgeEffectOverscrollFactory,3,24,12.5
7c6e153a384f6ddd,androidx/compose/runtime/snapshots/SnapshotMapEntrySet,3,75,4.0
ec31cc09bb404669,com/google/gson/internal/bind/TypeAdapters$33,3,8,37.5
eb9ebe4933ed7b2e,androidx/compose/ui/graphics/ColorFilter,3,3,100.0
5ef69beff8e340dc,com/caverock/androidsvg/SVG$Style$VectorEffect,3,5,60.0
1a32d9d4f21f0cd2,androidx/compose/runtime/changelist/Operation$SkipToEndOfCurrentGroup,3,3,100.0
20c29c48e776e6ce,androidx/compose/ui/node/NodeCoordinatorKt,3,34,8.82
c57475b31f4512c8,kotlinx/coroutines/ChildContinuation,3,3,100.0
11b67aec10cac6c5,androidx/compose/ui/text/android/CanvasCompatM,3,4,75.0
1f890ca40f95013a,dagger/hilt/android/internal/lifecycle/DefaultViewModelFactories,3,7,42.86
658c78c49711f7dd,androidx/compose/foundation/relocation/BringIntoViewResponderNode,3,25,12.0
8e4c6f272b1c17e1,androidx/compose/foundation/lazy/LazyListScope,3,77,3.9
8bf3d21e32dfd6a9,androidx/compose/runtime/external/kotlinx/collections/immutable/implementations/immutableList/SmallPersistentVector$Companion,3,3,100.0
b9616f0ab2ee7953,com/rometools/modules/itunes/io/ITunesParserOldNamespace,3,3,100.0
d34438457b8a4e9f,androidx/compose/ui/text/input/KeyboardCapitalization$Companion,3,12,25.0
1aefc2b4ff31d97e,okhttp3/MediaType,3,26,11.54
a6b3bf77ae4969a2,androidx/compose/ui/platform/AndroidComposeView$viewTreeOwners$2,3,3,100.0
8a6a739abee0b957,me/ash/reader/domain/service/GoogleReaderRssService,3,556,0.54
12221f2c27435414,androidx/compose/ui/text/android/SpannedExtensions_androidKt,3,6,50.0
29d82b529d3fc1ee,kotlinx/coroutines/flow/ChannelFlowBuilder,3,13,23.08
50201c71830db12e,androidx/compose/foundation/shape/PercentCornerSize,3,19,15.79
e88fd6087ced7c1f,androidx/compose/animation/AnimatedContentKt$AnimatedContent$6$1$1$1$1,3,3,100.0
7d1f844099d33efb,androidx/window/WindowSdkExtensions$Companion,3,6,50.0
e3906dd1815b7161,androidx/compose/ui/text/android/StaticLayoutFactory28,3,3,100.0
3cccec867a1f34d7,androidx/compose/foundation/shape/CornerSizeKt,3,6,50.0
ba194b5081736ebe,androidx/compose/animation/AnimatedVisibilityKt$AnimatedEnterExitImpl$shouldDisposeAfterExit$2$1$1,3,3,100.0
879852cfba8b3160,androidx/core/view/WindowInsetsCompat$Impl21,3,14,21.43
35091bfe2ca07ce8,androidx/compose/foundation/gestures/BringIntoViewRequestPriorityQueue,3,75,4.0
b373ac2a21f46073,androidx/compose/ui/platform/ViewLayer$Companion,3,33,9.09
7450e42d0282cc06,androidx/compose/animation/CrossfadeKt$Crossfade$3$1,3,3,100.0
57996b131e3d3db7,coil/request/Options,3,127,2.36
38f494c57c386f02,com/google/gson/internal/sql/SqlTimeTypeAdapter$1,3,4,75.0
922b5773ea49b02c,androidx/compose/ui/input/nestedscroll/NestedScrollSource$Companion,3,12,25.0
80f3eb099bde0f61,me/ash/reader/infrastructure/compose/AppUriHandler,3,77,3.9
88b8f1d696b8709c,com/google/gson/internal/bind/TypeAdapters$32,3,8,37.5
f87f22ab4ddd6888,androidx/savedstate/serialization/serializers/ParcelableSerializer,3,21,14.29
731d78a34003142d,androidx/compose/ui/node/Owner$Companion,3,4,75.0
9244e2344712a8f3,coil/decode/SvgDecoder$Factory,3,20,15.0
479d21dea65c9fab,kotlinx/coroutines/flow/DistinctFlowImpl,3,4,75.0
370d3f4e3c404bc5,androidx/compose/ui/graphics/Outline,3,3,100.0
5e8177dacb42fdcc,com/google/gson/internal/sql/SqlDateTypeAdapter$1,3,5,60.0
28ec30fdfbf49c11,androidx/compose/ui/graphics/CompositingStrategy$Companion,3,5,60.0
e644795528b1a855,androidx/compose/animation/EnterTransition$Companion,3,3,100.0
7bd86f366eb51a57,me/ash/reader/infrastructure/preference/SwipeEndActionPreference$ToggleStarred,2,7,28.57
59f2a4d4e8a93580,okhttp3/internal/connection/RouteSelector$Companion,2,6,33.33
d4e08263126984f9,kotlin/jvm/internal/IntCompanionObject,2,4,50.0
e8bed8d806d3d6ac,me/ash/reader/infrastructure/preference/KeepArchivedPreference$For3Days,2,2,100.0
8120e8a3b8111188,androidx/compose/runtime/CancelledCoroutineContext$Key,2,2,100.0
fcbc7205d3bcbd18,me/ash/reader/infrastructure/preference/FlowFilterBarTonalElevationPreference$Level5,2,2,100.0
42110e63648e88dc,androidx/compose/ui/node/ModifierNodeElement,2,12,16.67
6097b68268c1def4,androidx/compose/ui/text/intl/Locale$Companion,2,3,66.67
3ba48aed5265c30e,androidx/navigationevent/NavigationEventTransitionState$Idle,2,3,66.67
f25b5c78e4c4aac1,kotlinx/coroutines/AbstractTimeSourceKt,2,34,5.88
61ee63e74d536f71,kotlinx/coroutines/internal/LimitedDispatcherKt,2,8,25.0
04efb2cd83c615ca,me/ash/reader/infrastructure/preference/LanguagesPreference$Dutch,2,7,28.57
26855e900169b94e,me/ash/reader/ui/widget/Hilt_ArticleCardWidgetReceiver,2,12,16.67
d63d359b4ba3883c,androidx/compose/ui/platform/AndroidCompositionLocals_androidKt$LocalConfiguration$1,2,4,50.0
2707826f23ef46b8,me/ash/reader/infrastructure/preference/ReadingTextAlignPreference$End,2,2,100.0
eb9ae6f05c2c1105,kotlinx/coroutines/Unconfined,2,7,28.57
a3f190165e2c2d88,coil/transition/Transition$Factory,2,2,100.0
bb73e90f9aec28c5,me/ash/reader/infrastructure/preference/LanguagesPreference$Ukrainian,2,7,28.57
d66f521e096c4d6d,androidx/compose/ui/text/input/TextInputServiceAndroid$onEditCommand$1,2,4,50.0
eaf704972ef7000c,org/slf4j/helpers/NOPLoggerFactory,2,2,100.0
39ff482991d3809a,androidx/collection/OrderedScatterSetKt,2,22,9.09
27a71115893e9f2b,kotlinx/serialization/descriptors/PrimitiveKind$BOOLEAN,2,2,100.0
098766e3a4c7eb0b,androidx/compose/runtime/ComposeRuntimeFlags,2,4,50.0
12aae4daaf7bf9bf,androidx/compose/ui/graphics/layer/GraphicsLayerImpl$Companion$DefaultDrawBlock$1,2,4,50.0
359c4fed0aa05017,androidx/work/OneTimeWorkRequest$Companion,2,11,18.18
3389c601c0c7b580,kotlinx/serialization/internal/AbstractCollectionSerializer,2,27,7.41
79bf465b676fd85a,androidx/compose/ui/text/PlatformParagraphStyle$Companion,2,3,66.67
50ee9b4cb55f7e29,androidx/datastore/preferences/protobuf/ByteString$LeafByteString,2,6,33.33
8e137a17bfe5cb3a,me/ash/reader/infrastructure/rss/RssHelper$queryRssXml$1,2,2,100.0
2d7fae748e6c4d96,androidx/compose/ui/semantics/SemanticsProperties$ContentDataType$1,2,4,50.0
dc4e1a06c6a6e01b,me/ash/reader/infrastructure/preference/LanguagesPreference$Tamil,2,7,28.57
394192b76222c92e,me/ash/reader/infrastructure/preference/ReadingFontsPreference$Monospace,2,2,100.0
cb743066ae965579,me/ash/reader/infrastructure/preference/ReadingSubheadAlignPreference$End,2,2,100.0
b51657c41a7dd9a9,me/ash/reader/infrastructure/preference/FlowArticleListTonalElevationPreference$Level2,2,2,100.0
a05a24727148d470,me/ash/reader/domain/service/AbstractRssRepository$clearKeepArchivedArticles$1,2,2,100.0
041cc5c6086ac8ac,me/ash/reader/infrastructure/preference/LanguagesPreference$Bulgarian,2,7,28.57
a097e08cbf64be63,com/google/gson/Gson$FutureTypeAdapter,2,10,20.0
bcdfc7b5da9f80d3,okhttp3/CookieJar$Companion,2,2,100.0
a8c1a5be96bd9ae4,androidx/compose/animation/EnterExitTransitionKt$TransformOriginVectorConverter$2,2,4,50.0
a726e5c4cb3688fa,me/ash/reader/infrastructure/db/AndroidDatabase_AutoMigration_5_7_Impl,2,5,40.0
2b24a185be5875c3,me/ash/reader/infrastructure/preference/SyncIntervalPreference$Every6Hours,2,2,100.0
786bc2b21c1d87f9,androidx/work/impl/model/WorkSpecDao_Impl$7,2,2,100.0
58e4acb0089afd8c,okhttp3/Cache$Entry$Companion,2,2,100.0
ac3349b20d2be9ff,me/ash/reader/infrastructure/preference/AmoledDarkThemePreference$OFF,2,2,100.0
3a124fe79e59eafb,me/ash/reader/infrastructure/preference/ReadingTitleAlignPreference$Center,2,2,100.0
ff35b55ce3242821,me/ash/reader/infrastructure/preference/SortUnreadArticlesPreference$Earliest,2,7,28.57
b349706c52d53082,androidx/compose/runtime/MonotonicFrameClock$Key,2,2,100.0
e8a5dde19e182a29,me/ash/reader/infrastructure/preference/SwipeEndActionPreference$None,2,7,28.57
9f8d222a9956e571,me/ash/reader/infrastructure/preference/FlowArticleListFeedIconPreference$ON,2,2,100.0
c6ea35d42bcbb97b,androidx/compose/ui/platform/CompositionLocalsKt$LocalAccessibilityManager$1,2,4,50.0
240aa2345f21d88e,me/ash/reader/infrastructure/preference/InitialFilterPreference$Starred,2,2,100.0
8b7a6b3d8e2a4fc6,coil/disk/RealDiskCache$Companion,2,2,100.0
bb24781c47fd6504,com/rometools/rome/feed/synd/impl/URINormalizer,2,4,50.0
1cd91d055ec75ecb,me/ash/reader/infrastructure/preference/FeedsTopBarTonalElevationPreference$Level0,2,2,100.0
db7068520e64dc9a,androidx/compose/ui/layout/NoOpSubcomposeSlotReusePolicy,2,4,50.0
82b5e4242256e535,androidx/compose/ui/platform/CompositionLocalsKt$LocalDensity$1,2,4,50.0
7a36625f59b46024,me/ash/reader/infrastructure/preference/ReadingSubheadUpperCasePreferenceKt,2,8,25.0
24f68dc87019b8dd,androidx/compose/ui/graphics/vector/PathComponent$pathMeasure$2,2,4,50.0
7ee901632bcc9644,me/ash/reader/infrastructure/preference/SyncIntervalPreference$Every30Minutes,2,2,100.0
c047904ad76a8570,me/ash/reader/infrastructure/preference/PullToLoadNextFeedPreference$MarkAsReadAndLoadNextFeed,2,7,28.57
7098f2493a0a7af9,androidx/compose/ui/platform/AndroidComposeViewTranslationCallback,2,8,25.0
222f7a221033ea1d,androidx/work/impl/WorkMigration9To10,2,6,33.33
92a968151f7087ff,androidx/compose/ui/layout/AlignmentLine$Companion,2,2,100.0
dc9b3ff093669238,me/ash/reader/infrastructure/preference/FlowFilterBarPaddingPreferenceKt,2,3,66.67
880a1aac1a2e8acd,androidx/compose/ui/platform/CompositionLocalsKt$LocalPointerIconService$1,2,4,50.0
d5cad42ca8a62b0d,androidx/compose/ui/util/MathHelpersKt,2,68,2.94
20219ec22e6bb2d0,kotlin/collections/builders/SetBuilder$Companion,2,2,100.0
ab532422d0315d23,androidx/compose/ui/platform/CompositionLocalsKt$LocalTextToolbar$1,2,4,50.0
9d463369254f2904,androidx/datastore/preferences/protobuf/ByteString$SystemByteArrayCopier,2,4,50.0
6dfcf05b5b8e044c,me/ash/reader/infrastructure/preference/ReadingFontsPreference$GoogleSans,2,2,100.0
d0e350b6be535c61,me/ash/reader/infrastructure/preference/FlowFilterBarTonalElevationPreference$Level1,2,2,100.0
a6962542062b4788,okhttp3/internal/platform/android/AndroidLogHandler,2,6,33.33
04657bef4c2b71dd,kotlin/coroutines/jvm/internal/SuspendLambda,2,8,25.0
bbb5e7d86ec1d028,me/ash/reader/infrastructure/preference/FlowArticleListDescPreference$LONG,2,2,100.0
23f5734f2b8279b0,kotlinx/serialization/SerializersKt,2,21,9.52
aa829964158824ff,me/ash/reader/infrastructure/preference/InitialPagePreferenceKt,2,3,66.67
3b11b83b566a17d2,androidx/compose/ui/unit/DensityImpl,2,18,11.11
605adb1667909e4e,me/ash/reader/infrastructure/preference/ReadingTitleAlignPreferenceKt,2,3,66.67
536915c232bdd6b0,androidx/compose/ui/text/font/GenericFontFamily,2,4,50.0
4a7395d77817851b,androidx/work/impl/constraints/trackers/BroadcastReceiverConstraintTracker$broadcastReceiver$1,2,4,50.0
08f2dae65fab2f16,me/ash/reader/infrastructure/db/AndroidDatabase_AutoMigration_6_7_Impl,2,4,50.0
858bbf6a8a19324d,kotlinx/serialization/descriptors/PrimitiveKind$INT,2,2,100.0
be7312480d2a83a9,androidx/compose/ui/graphics/vector/PathNode$Close,2,2,100.0
5ee6289cb679e2c0,coil/memory/RealStrongMemoryCache$cache$1,2,6,33.33
7220db8c73b5b8d5,androidx/work/impl/WorkerWrapper$runWorker$1,2,2,100.0
dc0e2b904654d31a,androidx/compose/ui/semantics/SemanticsPropertiesKt$ActionPropertyKey$1,2,13,15.38
2e4288e44795a3ee,me/ash/reader/infrastructure/preference/LanguagesPreference$English,2,7,28.57
7b7f623bc6945d30,androidx/activity/ComponentActivity$activityResultRegistry$1,2,39,5.13
0be91c8e6d039888,androidx/compose/ui/layout/RectRulersKt,2,4,50.0
63d830c267f29618,androidx/compose/ui/text/style/LineHeightStyle$Companion,2,3,66.67
85a62400aa9d29ce,androidx/compose/ui/semantics/AccessibilityAction,2,16,12.5
9d24a6f0f89121bc,androidx/compose/material/icons/Icons$Rounded,2,2,100.0
3a9b7355955e7f9e,androidx/savedstate/serialization/serializers/SparseArraySerializer$SparseArraySurrogate,2,12,16.67
7063b3680d208d3b,androidx/compose/ui/graphics/colorspace/Adaptation$Companion$VonKries$1,2,3,66.67
a14ac1348ea34dca,androidx/savedstate/internal/SavedStateRegistryImpl$Companion,2,2,100.0
c10612939dbeed35,me/ash/reader/infrastructure/preference/ReadingSubheadBoldPreference$ON,2,2,100.0
cbec593975af0458,me/ash/reader/infrastructure/preference/FeedsGroupListTonalElevationPreference$Level0,2,2,100.0
2b020550cecfc3b9,androidx/compose/ui/semantics/SemanticsProperties$TraversalIndex$1,2,4,50.0
f1dd573de4d10114,androidx/compose/ui/layout/RectRulers$Companion,2,2,100.0
f68c2fdf3cdd46be,me/ash/reader/ui/widget/ArticleCardWidget,2,148,1.35
3b94a69d1a08c43a,androidx/window/core/ConsumerAdapter,2,37,5.41
df6a03c9fd68e2f7,androidx/work/impl/utils/taskexecutor/WorkManagerTaskExecutor$1,2,2,100.0
9c54265aad2ab46c,me/ash/reader/infrastructure/preference/FeedsFilterBarStylePreference$IconLabel,2,2,100.0
3573a62237586740,me/ash/reader/infrastructure/preference/ReadingAutoHideToolbarPreferenceKt,2,8,25.0
1caf75d007b70d9e,androidx/compose/ui/text/font/FontListFontFamilyTypefaceAdapter$Companion,2,4,50.0
b7088b3be6be19e9,androidx/compose/runtime/saveable/serialization/SerializableSaverKt,2,12,16.67
5d5e691b0145b668,androidx/collection/FloatSetKt,2,29,6.9
5c66e2e9bca26153,me/ash/reader/infrastructure/preference/LanguagesPreference$Portuguese,2,7,28.57
d53a1cb08990639b,me/ash/reader/infrastructure/preference/FlowArticleListDateStickyHeaderPreference$ON,2,2,100.0
dd03e8a75098e6b8,me/ash/reader/infrastructure/preference/SyncIntervalPreference$Every15Minutes,2,2,100.0
4b65f9862f9bbee4,androidx/collection/SieveCacheKt,2,29,6.9
63a4a878be76961e,androidx/activity/result/contract/ActivityResultContracts$StartActivityForResult$Companion,2,2,100.0
3238f61360c42725,me/ash/reader/infrastructure/preference/KeepArchivedPreference$Always,2,2,100.0
e432dbe29788cb8d,androidx/compose/runtime/snapshots/SnapshotStateList$Companion,2,3,66.67
bb7035492779eaa3,androidx/compose/ui/platform/NoHapticFeedback,2,3,66.67
09c1a1d8a12d4ac2,androidx/work/impl/Migration_7_8,2,4,50.0
37f8e6c4d5aae768,kotlinx/coroutines/CoroutineExceptionHandler$Key,2,2,100.0
c27bbdd9f7752cd3,androidx/compose/ui/layout/FixedScale,2,18,11.11
7bc20a7edeb4ab0f,androidx/room/CoroutinesRoom,2,5,40.0
e8dd6834770253e6,androidx/work/impl/Migration_8_9,2,4,50.0
17b68c58f039cfcc,androidx/work/impl/constraints/trackers/NetworkStateTracker24$networkCallback$1,2,10,20.0
0e5370be69e51314,androidx/room/InvalidationTracker$Companion,2,2,100.0
1a3770e7355b7ba4,me/ash/reader/infrastructure/preference/ReadingTitleBoldPreference$OFF,2,2,100.0
5a1d6b0c7816ad3a,me/ash/reader/infrastructure/preference/ReadingTextHorizontalPaddingPreferenceKt,2,3,66.67
c4c280c160674024,androidx/core/util/Preconditions,2,73,2.74
516fc99aab77d7cf,androidx/work/impl/utils/StatusRunnable$loadStatusFuture$1,2,2,100.0
2b24a935616f8730,org/slf4j/helpers/ThreadLocalMapOfStacks,2,24,8.33
0771a219e37b6240,androidx/compose/ui/platform/CompositionLocalsKt$LocalClipboardManager$1,2,4,50.0
c79ac56aa61840b6,androidx/compose/ui/platform/AndroidClipboard,2,6,33.33
7308cc1131542a2c,androidx/core/view/WindowInsetsAnimationCompat$Impl30$ProxyCallback,2,29,6.9
96636ca786f57842,kotlinx/coroutines/internal/Concurrent_commonKt,2,6,33.33
0e2ac8c5f5abf733,me/ash/reader/infrastructure/db/AndroidDatabase_AutoMigration_5_6_Impl,2,4,50.0
bedd5fb632d757c6,me/ash/reader/infrastructure/preference/ReadingTitleBoldPreference$ON,2,2,100.0
9185a080b6904317,coil/memory/RealWeakMemoryCache$Companion,2,2,100.0
ab8d373711bc8980,me/ash/reader/infrastructure/preference/FlowArticleListTimePreference$ON,2,2,100.0
d48c87b745b93208,androidx/compose/animation/EnterExitTransitionKt$TransformOriginVectorConverter$1,2,4,50.0
995a19fbfc8318af,okhttp3/internal/http2/PushObserver$Companion,2,2,100.0
e6794a1ee5d0cd21,androidx/compose/ui/autofill/PlatformAutofillManagerImpl,2,13,15.38
75eb396269b241a7,androidx/compose/ui/graphics/colorspace/Oklab$Companion,2,2,100.0
7bfef7336df30583,me/ash/reader/infrastructure/preference/LanguagesPreference$Spanish,2,7,28.57
b9fc5c322d568c27,androidx/work/impl/WorkerWrapper$Resolution,2,2,100.0
37419c45321bdddc,me/ash/reader/infrastructure/preference/SyncOnStartPreference$On,2,2,100.0
8178327771b6a675,androidx/compose/ui/graphics/drawscope/Fill,2,2,100.0
ef44769da23d3f28,okhttp3/internal/http2/ErrorCode$Companion,2,10,20.0
7a1027d195ce0cec,okhttp3/EventListener$Companion,2,2,100.0
5c96a57a1bf7a6ff,androidx/compose/ui/platform/AndroidCompositionLocals_androidKt$LocalImageVectorCache$1,2,4,50.0
0c6433b80cced7f9,androidx/work/impl/Migration_15_16,2,9,22.22
980ea35f2eb4910b,me/ash/reader/infrastructure/preference/FeedsFilterBarTonalElevationPreference$Level5,2,2,100.0
83cfada6ce242547,androidx/navigation3/runtime/DecoratedNavEntriesKt$decorateEntry$lambda$1$0$0$$inlined$onDispose$1,2,24,8.33
0fd94c041e40d897,com/rometools/utils/Dates,2,3,66.67
552c26c525c67336,me/ash/reader/infrastructure/preference/KeepArchivedPreference$For1Day,2,2,100.0
fa91f87c30da372d,kotlinx/serialization/modules/SerializersModule,2,10,20.0
b80fe9f1fa682e8b,androidx/work/Constraints$Companion,2,2,100.0
d22b568490cf717d,androidx/compose/runtime/Composer,2,21,9.52
5c655bd250d5525a,coil/transition/Transition$Factory$Companion,2,2,100.0
8958877d35c95eae,androidx/compose/ui/unit/ComposeUiUnitFlags,2,3,66.67
5bce8dd84406b753,androidx/compose/animation/core/AnimationVector3D,2,37,5.41
3fa974a08ac56481,androidx/compose/material3/ContentColorKt,2,2,100.0
4c6d3b13bc502e73,kotlin/Result$Failure,2,9,22.22
01fba84a0a810655,me/ash/reader/infrastructure/preference/FlowTopBarTonalElevationPreference$Elevated,2,2,100.0
c8f7710fa4ee5873,me/ash/reader/infrastructure/preference/ThemeIndexPreferenceKt,2,3,66.67
325f3a5f84e8c98f,androidx/compose/foundation/lazy/layout/LazySaveableStateHolder$SaveableStateProvider$lambda$0$0$$inlined$onDispose$1,2,4,50.0
7d8ecfd8e99c3e50,me/ash/reader/infrastructure/preference/OpenLinkPreferenceKt,2,4,50.0
741a0bdde32e9975,okio/Timeout$Companion$NONE$1,2,4,50.0
1ccd0b934d499f8a,me/ash/reader/infrastructure/preference/ReadingImageHorizontalPaddingPreferenceKt,2,3,66.67
814cc93bccf94111,androidx/compose/ui/node/LayoutModifierNodeCoordinator$Companion,2,3,66.67
d3a81a5f33ec3fb7,me/ash/reader/infrastructure/preference/OpenLinkPreference$AutoPreferDefaultBrowser,2,2,100.0
7888a05833f8ce85,me/ash/reader/infrastructure/preference/FlowArticleListTonalElevationPreference$Level0,2,2,100.0
4939431760280fc6,me/ash/reader/infrastructure/preference/LanguagesPreference$Hungarian,2,7,28.57
1e75ad4bb2cf2432,androidx/datastore/core/InterProcessCoordinatorKt,2,2,100.0
c038475dc4cd666c,me/ash/reader/ui/widget/Hilt_ArticleListWidgetReceiver,2,12,16.67
5a550b74669c3278,me/ash/reader/infrastructure/preference/InitialFilterPreference$Unread,2,2,100.0
90920c55b88e218e,me/ash/reader/domain/repository/ArticleDao_Impl$4,2,5,40.0
eacc1daf9134038f,coil/size/Size$Companion,2,2,100.0
125ad0cdb587d2ce,androidx/work/impl/Migration_6_7,2,4,50.0
bfe19d730311045c,androidx/compose/material3/InteractiveComponentSizeKt$MinimumInteractiveLeftAlignmentLine$1,2,5,40.0
0f04cbc3216d2049,androidx/compose/ui/node/BackwardsCompatNodeKt$onDrawCacheReadsChanged$1,2,4,50.0
ec4535b33124ad26,okhttp3/internal/cache/CacheInterceptor$Companion,2,55,3.64
c4957bb6c6305ce6,androidx/compose/foundation/text/AnnotatedStringResolveInlineContentKt,2,80,2.5
0a5a74cdaa3ad151,androidx/compose/runtime/CompositionContextKt,2,2,100.0
2d578056b9ce72ca,androidx/compose/runtime/changelist/OperationsDebugStringFormattable,2,6,33.33
2c88dd15edd0fa4a,androidx/savedstate/Recreator$Companion,2,2,100.0
3895f8ba3a61dc46,androidx/work/impl/constraints/trackers/BatteryNotLowTracker,2,28,7.14
febcbff5fa155d57,androidx/compose/runtime/ParcelableSnapshotMutableState$Companion,2,3,66.67
9bc613a0178079f4,androidx/compose/ui/semantics/SemanticsProperties$LinkTestMarker$1,2,4,50.0
7cbf5c4c8c892a6e,me/ash/reader/infrastructure/preference/MarkAsReadOnScrollPreferenceKt,2,3,66.67
139e11e5e161c531,androidx/work/ConfigurationKt$createDefaultTracer$tracer$1,2,9,22.22
4e51f5d846b1bb17,okio/internal/-Buffer,2,860,0.23
9402e09a79a32b78,androidx/compose/ui/layout/ComposableSingletons$SubcomposeLayoutKt$lambda$641200809$1,2,11,18.18
70b5a47c52d3c05e,kotlin/ULong$Companion,2,2,100.0
d30444a366cf372f,okio/Timeout$Companion,2,11,18.18
50b3c0cbb69080a4,me/ash/reader/infrastructure/preference/LanguagesPreference$Vietnamese,2,7,28.57
a3f6c71e4be6696a,androidx/work/impl/utils/NetworkRequestCompat$Companion,2,3,66.67
5d66c1e2d420eed0,androidx/compose/ui/graphics/colorspace/Lab$Companion,2,2,100.0
69f74739c091c82a,me/ash/reader/infrastructure/preference/LanguagesPreference$Kannada,2,7,28.57
918059bd1503bbbb,kotlin/jvm/internal/ArrayIteratorKt,2,2,100.0
550768075b7a20f0,kotlinx/serialization/descriptors/StructureKind$CLASS,2,2,100.0
05c54dff339f9d2a,kotlin/jvm/internal/PropertyReference0,2,8,25.0
05b729c45bd15134,androidx/work/OperationImpl,2,4,50.0
f2d1a55c066a977d,me/ash/reader/infrastructure/preference/NewVersionNumberPreferenceKt,2,3,66.67
52ce89382f20f267,okio/SocketAsyncTimeout,2,15,13.33
95cdcf3da00c7c48,androidx/compose/ui/layout/OuterPlacementScope,2,7,28.57
3146f19bc4b4e2d7,kotlinx/coroutines/flow/internal/ChannelFlowTransformLatest$flowCollect$3$1$emit$1,2,2,100.0
5235e51ff97f88ea,androidx/lifecycle/viewmodel/CreationExtras$Empty,2,3,66.67
2ff2ecb1c4cb0141,me/ash/reader/infrastructure/preference/DarkThemePreference$ON,2,2,100.0
7eb1e497cff29319,me/ash/reader/infrastructure/preference/AmoledDarkThemePreference$ON,2,2,100.0
a6958791816a06a3,me/ash/reader/infrastructure/preference/ReadingRendererPreference$NativeComponent,2,2,100.0
9e6a0ff29db5aafc,androidx/compose/ui/graphics/colorspace/Connector$Companion$identity$1,2,3,66.67
ec3f1fa88d2bd85b,androidx/navigationevent/NavigationEventDispatcher$Companion,2,2,100.0
343ef956583593aa,me/ash/reader/infrastructure/preference/FlowArticleListFeedNamePreference$ON,2,2,100.0
05a81e634b3b7608,kotlinx/coroutines/CoroutineExceptionHandler$DefaultImpls,2,4,50.0
48a482500ee72319,kotlinx/serialization/internal/FloatArraySerializer,2,18,11.11
b6959eff05042a7a,me/ash/reader/infrastructure/preference/LanguagesPreference$Polish,2,7,28.57
57d1ff730d57c2df,com/rometools/rome/io/SAXBuilder,2,5,40.0
aa472effac846f62,okio/Segment$Companion,2,2,100.0
217d51a760c93770,androidx/compose/animation/core/Transition$animateTo$lambda$2$0$$inlined$onDispose$1,2,2,100.0
a67f2daab190bd2d,androidx/compose/foundation/layout/BoxScopeInstance,2,13,15.38
6b59a34febb6c4cb,androidx/compose/ui/text/input/CursorAnchorInfoController$textFieldToRootTransform$1,2,4,50.0
dc50692b3f0ccd19,androidx/core/view/ViewCompat$AccessibilityPaneVisibilityManager,2,40,5.0
cef2af9180970687,me/ash/reader/infrastructure/preference/ReadingTextAlignPreference$Start,2,2,100.0
c3759ca2d136a999,kotlinx/coroutines/channels/SendChannel$DefaultImpls,2,9,22.22
d8c2174020834885,androidx/compose/animation/core/TransitionKt$createChildTransitionInternal$lambda$1$0$$inlined$onDispose$1,2,4,50.0
473ecb84741fdf23,me/ash/reader/infrastructure/preference/FlowFilterBarTonalElevationPreference$Level3,2,2,100.0
aa75b9a60ceb58a9,me/ash/reader/ui/widget/WidgetRepository$Companion,2,6,33.33
8b7865dd3a3e1302,androidx/room/driver/SupportSQLiteStatement$SupportAndroidSQLiteStatement$Companion,2,13,15.38
eb4c8fa058d11b98,me/ash/reader/infrastructure/preference/FeedsGroupListTonalElevationPreference$Level3,2,2,100.0
6f7ea811be305eea,kotlinx/serialization/internal/BooleanArraySerializer,2,18,11.11
536f0b46d35e2cc0,me/ash/reader/infrastructure/preference/ReadingRendererPreferenceKt,2,3,66.67
bf196f1a2663d1df,kotlin/collections/AbstractMutableMap,2,8,25.0
3c9dbe493428b139,androidx/lifecycle/viewmodel/internal/CanonicalName_jvmKt,2,3,66.67
ab133a2cfafe0c06,androidx/compose/foundation/layout/RowScopeInstance,2,15,13.33
230086a68ee14c8c,me/ash/reader/infrastructure/preference/FlowFilterBarTonalElevationPreferenceKt,2,3,66.67
1871a9b7c7cb71c0,net/dankito/readability4j/processor/Preprocessor$removeScripts$1,2,6,33.33
e6b00031b8f3f9a7,me/ash/reader/infrastructure/preference/NewVersionPublishDatePreferenceKt,2,3,66.67
195ed6c465be0dfc,androidx/compose/animation/EnterExitTransitionKt$expandHorizontally$1,2,4,50.0
ea59dd63c42174c4,kotlin/random/AbstractPlatformRandom,2,10,20.0
c17ba89171c63fcb,me/ash/reader/infrastructure/preference/FeedsGroupListTonalElevationPreference$Level4,2,2,100.0
ae5aea1b7ef7fd58,me/ash/reader/infrastructure/preference/LanguagesPreferenceKt,2,14,14.29
9bff832fe62376da,kotlin/jvm/internal/CharCompanionObject,2,6,33.33
d4c1e6c5fcb4a685,kotlinx/coroutines/InvokeOnCompletion,2,3,66.67
0a69d67cb8c68ceb,androidx/compose/ui/platform/DelegatingSoftwareKeyboardController,2,5,40.0
edbcaf2a9cddf619,androidx/work/impl/model/WorkSpecDao_Impl$17,2,2,100.0
64d655fe75a52cd0,androidx/compose/animation/EnterExitTransitionKt$shrinkVertically$1,2,4,50.0
9e8c8bae28d195ad,okhttp3/internal/_ResponseBodyCommonKt$commonAsResponseBody$1,2,5,40.0
e9cc6c709bab3674,androidx/compose/ui/text/font/Font$Companion,2,2,100.0
dd0d2fe0123f68ba,androidx/compose/runtime/saveable/SaveableStateHolderImpl$SaveableStateProvider$lambda$0$1$0$$inlined$onDispose$1,2,7,28.57
e166dd5813da678a,dagger/internal/DaggerCollections,2,14,14.29
9eb6ae5b3d7425ee,androidx/work/impl/model/WorkSpecDao_Impl$9,2,2,100.0
8f70ca1b23400ea1,me/ash/reader/infrastructure/preference/SharedContentPreference$OnlyLink,2,2,100.0
9805221b733d81b4,okhttp3/ConnectionSpec$Companion,2,2,100.0
db3d7ab2e37baa68,me/ash/reader/infrastructure/preference/ReadingThemePreference$Paper,2,2,100.0
ce3fabddaa8887f4,me/ash/reader/infrastructure/preference/FeedsGroupListTonalElevationPreference$Level2,2,2,100.0
7881031cf6554569,okhttp3/Response$Builder$trailersFn$1,2,4,50.0
fff9c927cb60151a,androidx/core/view/WindowInsetsAnimationCompat$Callback,2,5,40.0
3c3b406d155c41af,androidx/compose/foundation/lazy/layout/PrefetchHandleProvider,2,32,6.25
f5d0981a0af8ef85,androidx/compose/foundation/layout/Arrangement$SpaceBetween$1,2,9,22.22
c58833d93162cff1,kotlinx/coroutines/channels/BufferedChannel$receiveCatching$1,2,3,66.67
08a2156c556fe065,androidx/compose/ui/semantics/SemanticsProperties$HideFromAccessibility$1,2,4,50.0
6d9592606d2f7a1e,androidx/compose/ui/platform/CompositionLocalsKt$LocalUriHandler$1,2,4,50.0
8d328e53c7822c25,androidx/work/impl/constraints/controllers/NetworkMeteredController$Companion,2,2,100.0
7355afa6e6a05299,androidx/compose/ui/platform/AndroidCompositionLocals_androidKt$obtainResourceIdCache$callbacks$1$1,2,5,40.0
453f2d73b5abb52b,androidx/work/impl/Migration_12_13,2,5,40.0
f34311b492f558d4,com/rometools/modules/georss/W3CGeoParser,2,24,8.33
fcaa156c1dc63cd6,org/jsoup/parser/Token$Comment,2,5,40.0
cc41356b9e8c2f78,androidx/compose/ui/platform/AndroidCompositionLocals_androidKt$obtainImageVectorCache$1$1$invoke$$inlined$onDispose$1,2,4,50.0
32f3eaea73c64300,okhttp3/internal/http2/Header$Companion,2,2,100.0
47a34051aff3a0e3,androidx/compose/ui/node/OwnerSnapshotObserver$onCommitAffectingLookahead$1,2,7,28.57
2caaee4989ff83ff,androidx/compose/animation/core/AnimationVector2D,2,30,6.67
55984808dcba29ce,me/ash/reader/infrastructure/preference/ReadingTextLineHeightPreferenceKt,2,3,66.67
d7d19397386514c9,me/ash/reader/infrastructure/preference/ReadingSubheadUpperCasePreference$ON,2,2,100.0
a228fc43c13497a8,kotlin/jvm/internal/DoubleCompanionObject,2,14,14.29
7852050d3ffe4a59,me/ash/reader/infrastructure/preference/FlowArticleListFeedIconPreference$OFF,2,2,100.0
9e1574fb47d8e5cc,kotlinx/serialization/descriptors/PolymorphicKind$OPEN,2,2,100.0
cfc9bebcc9e1306f,me/ash/reader/infrastructure/preference/SharedContentPreference$TitleAndLink,2,2,100.0
6a77081bb2baf9d6,net/dankito/readability4j/processor/ProcessorBase$Companion,2,2,100.0
dd231021cacbeec5,me/ash/reader/infrastructure/preference/LanguagesPreference$ArabicNorthLevantine,2,7,28.57
0bfc321c2a9a9a77,androidx/compose/ui/semantics/SemanticsProperties$Shape$1,2,4,50.0
dada154aaa288ca5,com/google/gson/internal/reflect/ReflectionHelper$RecordHelper,2,2,100.0
b38a45a479e986ec,kotlinx/coroutines/channels/ReceiveCatching,2,2,100.0
15e15633b5fe3f00,androidx/compose/ui/platform/CompositionLocalsKt$LocalInputModeManager$1,2,4,50.0
a09e78f0ed44dc13,kotlinx/coroutines/internal/ThreadLocalKey,2,12,16.67
94c3207513140ee2,androidx/compose/ui/platform/AndroidUriHandler,2,6,33.33
734abd185b0bdc12,androidx/compose/ui/platform/CompositionLocalsKt$LocalTextInputService$1,2,4,50.0
62bebdab2d6e9b2e,androidx/room/EntityDeletionOrUpdateAdapter,2,27,7.41
9813c847f8d561d7,kotlinx/serialization/internal/IntArraySerializer,2,18,11.11
4ae3f8f0640a5f4e,androidx/compose/foundation/layout/WindowInsetsHolder$Companion$current$lambda$0$0$$inlined$onDispose$1,2,4,50.0
4e4f1d212860b26d,androidx/compose/ui/MotionDurationScale$Key,2,2,100.0
20ec84eaecf4819a,me/ash/reader/infrastructure/preference/SyncIntervalPreference$Every3Hours,2,2,100.0
01f6507f2b63d383,androidx/compose/material/icons/Icons$Outlined,2,2,100.0
fb0707e038c60da0,androidx/compose/ui/node/ComposeUiNode$Companion$SetLayoutDirection$1,2,4,50.0
31116ff58cd47bb6,androidx/work/impl/WorkDatabase_AutoMigration_19_20_Impl,2,9,22.22
c952b9efba15c322,kotlinx/coroutines/flow/FlowKt__ReduceKt$first$1,2,2,100.0
16aeb7a0f5c25d5c,coil/RealImageLoader$special$$inlined$CoroutineExceptionHandler$1,2,6,33.33
8668f0ee3a9c6583,kotlin/collections/IntIterator,2,4,50.0
74a218d3ed1268fa,androidx/compose/ui/layout/VerticalAlignmentLine,2,2,100.0
2709e58d74333f11,me/ash/reader/infrastructure/preference/FlowArticleListDescPreferenceKt,2,3,66.67
5d7dab1e2f96d05d,com/rometools/rome/feed/synd/impl/ConverterForRSS091Userland,2,82,2.44
220b48283e7cddf2,androidx/core/os/HandlerCompat,2,46,4.35
ae809a380f13d21a,kotlinx/serialization/descriptors/SerialKind,2,4,50.0
41c5d9e9272ed6cd,androidx/compose/ui/text/AnnotatedString$Companion,2,3,66.67
f8f74e191559ca6b,androidx/work/Operation$State$IN_PROGRESS,2,3,66.67
244a8eb3e223a13b,androidx/work/impl/constraints/controllers/BaseConstraintController,2,13,15.38
2c67b393dedfe8c9,androidx/appcompat/app/AppCompatDelegateImpl$5,2,3,66.67
08b3b0b0117f2094,me/ash/reader/infrastructure/preference/FeedsGroupListTonalElevationPreference$Level5,2,2,100.0
1fd40174d73a8071,androidx/compose/ui/text/intl/PlatformLocaleKt,2,2,100.0
2543b262bf41619e,kotlin/collections/builders/ListBuilder$Companion,2,2,100.0
822985c22d3440d5,androidx/navigationevent/compose/NavigationEventHandlerKt$NavigationEventHandler$lambda$16$lambda$15$$inlined$onDispose$1,2,5,40.0
5be2cc7552d1ef56,androidx/work/impl/Migration_3_4,2,6,33.33
62da6522daac1743,androidx/compose/foundation/gestures/ScrollingLogic$nestedScrollScope$1,2,13,15.38
31a30b71268e3647,kotlin/collections/AbstractMap$Companion,2,16,12.5
246d621c71617d0b,me/ash/reader/infrastructure/preference/CustomPrimaryColorPreferenceKt,2,3,66.67
b068aa7eefc8bff6,androidx/work/impl/constraints/controllers/BatteryChargingController,2,9,22.22
7e7f26f1d2e1a056,org/jsoup/nodes/Element$NodeList,2,2,100.0
713b5de636cbd02d,com/rometools/rome/feed/synd/impl/ConverterForRSS093,2,11,18.18
537fbee17001d7d3,me/ash/reader/infrastructure/preference/ReadingBoldCharactersPreference$OFF,2,2,100.0
00eebea56447b040,androidx/compose/animation/EnterTransitionImpl,2,2,100.0
d25f5194c91f8081,okhttp3/internal/http2/Http2Stream$StreamTimeout,2,9,22.22
381647c4c581f00e,me/ash/reader/infrastructure/preference/HideEmptyGroupsPreferenceKt,2,3,66.67
9a31ba1a07fecd8a,me/ash/reader/ui/widget/ArticleListWidget,2,113,1.77
e6f25561286bf1a7,com/rometools/rome/io/impl/RSS093Parser,2,16,12.5
3092dfda4fbaaa92,androidx/fragment/app/FragmentManagerViewModel$1,2,2,100.0
d19cc85b07837425,me/ash/reader/infrastructure/preference/FeedsTopBarTonalElevationPreference$Level3,2,2,100.0
eb2019487f142715,androidx/work/impl/constraints/controllers/StorageNotLowController,2,9,22.22
b9c5b8c73b12f06d,kotlin/Result$Companion,2,5,40.0
4e593ae1d1fa4fc3,androidx/compose/ui/graphics/Path$Companion,2,6,33.33
3c8ce4a09be7a94c,androidx/work/impl/Migration_1_2,2,7,28.57
46f66310efc9e0a4,me/ash/reader/infrastructure/preference/OpenLinkPreference$AutoPreferCustomTabs,2,2,100.0
922ed80e387398c5,androidx/work/impl/background/systemjob/SystemJobService$Api24Impl,2,3,66.67
7bf19c4f671aaa07,me/ash/reader/infrastructure/preference/FeedsFilterBarTonalElevationPreference$Level3,2,2,100.0
d009249145de1be2,me/ash/reader/domain/service/AccountService$addAccount$1,2,2,100.0
2db99d6dd8d082bf,okhttp3/internal/http2/Http2Connection$Listener$Companion,2,2,100.0
8ba886a96acc8d03,me/ash/reader/infrastructure/preference/PullToSwitchArticlePreferenceKt,2,3,66.67
d8df5cfee5a96b54,androidx/compose/animation/core/SuspendAnimationKt$animate$4,2,2,100.0
54248a2fbd3209e4,me/ash/reader/infrastructure/preference/ReadingTextBoldPreferenceKt,2,8,25.0
51c6bb7e4e0d8e54,me/ash/reader/infrastructure/preference/FeedsFilterBarTonalElevationPreference$Level4,2,2,100.0
7689157f800d891e,androidx/compose/ui/semantics/SemanticsProperties$IsDialog$1,2,5,40.0
0013351a438b1c65,kotlinx/coroutines/scheduling/CoroutineScheduler$Companion,2,2,100.0
06970de57bf7da6c,com/google/gson/internal/reflect/ReflectionHelper$RecordNotSupportedHelper,2,6,33.33
6e96d022db84efdb,me/ash/reader/infrastructure/preference/FeedsGroupListExpandPreference$ON,2,2,100.0
d372c1151608ae81,androidx/core/graphics/TypefaceCompatBaseImpl,2,83,2.41
3360e5d6c0ebfca4,androidx/room/util/DBUtil__DBUtil_androidKt$performSuspending$1,2,2,100.0
56afe2e521e65f51,androidx/compose/ui/semantics/SemanticsProperties$Text$1,2,9,22.22
2294a7605010bee1,kotlin/ranges/IntRange$Companion,2,3,66.67
e2ce0ab8270f6459,androidx/compose/animation/core/AnimationVector4D,2,44,4.55
f1c4d7e70e29c32c,androidx/work/impl/utils/WorkProgressUpdater,2,18,11.11
5f78295c70db6dd4,androidx/navigation3/runtime/NavBackStack$Companion,2,3,66.67
90627169c7952daa,androidx/collection/ArraySet$ElementIterator,2,3,66.67
ae87a30d975471e9,kotlinx/serialization/descriptors/PrimitiveKind$STRING,2,2,100.0
fe0e737e8e2a8865,kotlin/jvm/internal/BooleanCompanionObject,2,2,100.0
07c13148fc45c198,androidx/datastore/core/Message,2,2,100.0
8b9448c0ac8c44bc,androidx/sqlite/db/framework/FrameworkSQLiteOpenHelper$Companion,2,2,100.0
ea5083e9f10133d0,androidx/compose/ui/SessionMutex,2,18,11.11
3282493eb5ad4561,kotlinx/serialization/descriptors/PrimitiveKind$LONG,2,2,100.0
9a7902a7ca0ff9a2,androidx/work/impl/constraints/trackers/BatteryChargingTracker,2,36,5.56
ba5332300f454cad,androidx/compose/ui/MotionDurationScale,2,2,100.0
115a5614f93215f3,kotlinx/serialization/descriptors/PrimitiveKind$DOUBLE,2,2,100.0
bdd6205cb4dd42c9,okhttp3/internal/http2/PushObserver,2,2,100.0
fbf10336ef029c6e,androidx/compose/ui/platform/AndroidComposeView$resendMotionEventRunnable$1,2,21,9.52
581d5991886d6257,androidx/compose/ui/semantics/SemanticsProperties$TestTag$1,2,4,50.0
86326c92c246235a,timber/log/Timber$DebugTree$Companion,2,2,100.0
44523c42a17692ad,androidx/compose/foundation/AbstractClickableNode$TraverseKey,2,2,100.0
eeac1850374daa68,androidx/compose/ui/node/OwnerSnapshotObserver$onCommitAffectingLayoutModifier$1,2,7,28.57
93d431d23f31d6c3,androidx/compose/ui/layout/AlignmentLineKt$LastBaseline$1,2,5,40.0
8152675abb21512e,androidx/compose/ui/graphics/vector/PathNode$RelativeArcTo,2,44,4.55
fa41e5f46b9a183e,androidx/compose/ui/node/OwnerSnapshotObserver$onCommitAffectingLayoutModifierInLookahead$1,2,7,28.57
40d3fab9c6d690af,androidx/sqlite/SQLiteStatement,2,15,13.33
7e0ae478c3f235a6,me/ash/reader/infrastructure/preference/LanguagesPreference$NorwegianBokmal,2,7,28.57
23a686e608122165,me/ash/reader/infrastructure/preference/ReadingThemePreference$Custom,2,2,100.0
4c23a4c102406699,androidx/work/impl/model/WorkSpecKt,2,2,100.0
63c1d5228835f297,me/ash/reader/infrastructure/preference/FeedsTopBarTonalElevationPreference$Level1,2,2,100.0
2c50b12a283d9903,androidx/compose/ui/semantics/EmptySemanticsModifier,2,3,66.67
525e37c26653cf81,androidx/activity/result/ActivityResultRegistry$CallbackAndContract,2,4,50.0
29a2b21aceced938,androidx/compose/runtime/retain/ForgetfulRetainedValuesStore,2,9,22.22
5ef448b49f9785b7,com/rometools/rome/feed/synd/impl/ConverterForRSS091Netscape,2,2,100.0
6d0e7d78c6e7faf4,me/ash/reader/infrastructure/preference/LanguagesPreference$ChineseTraditional,2,7,28.57
c47068e0ee2faed6,me/ash/reader/infrastructure/preference/ReadingFontsPreference$Cursive,2,2,100.0
2851f61746683445,androidx/datastore/core/DataStoreImpl$writeActor$2,2,8,25.0
74aa7ab38ec28ca6,me/ash/reader/infrastructure/preference/BasicFontsPreference$External,2,2,100.0
3f289b95ac1d0428,androidx/compose/ui/semantics/SemanticsPropertyKey$1,2,5,40.0
b5a43d30d1a2f5a7,androidx/compose/ui/platform/ComposableSingletons$Wrapper_androidKt$lambda$-1759434350$1,2,11,18.18
79a73ef86e9d2550,androidx/work/Configuration$Companion,2,2,100.0
33a0dde07aec381f,me/ash/reader/infrastructure/preference/LanguagesPreference$Filipino,2,7,28.57
8b4593a5f6120249,me/ash/reader/infrastructure/preference/LanguagesPreference$Japanese,2,7,28.57
0b907f90dc1b64df,me/ash/reader/ui/svg/SVGString,2,2,100.0
f2ba0ffae4fdd56d,me/ash/reader/infrastructure/preference/ReadingSubheadAlignPreference$Start,2,2,100.0
bb1d695284b5ba2b,me/ash/reader/infrastructure/preference/BasicFontsPreferenceKt,2,3,66.67
e9f4cf4cb51a5f73,kotlinx/coroutines/CancelHandler$UserSupplied,2,3,66.67
c039292e1aaadf6b,androidx/compose/ui/platform/CompositionLocalsKt$LocalFontLoader$1,2,4,50.0
3625043f8ba0f56d,me/ash/reader/infrastructure/preference/FeedsGroupListTonalElevationPreference$Level1,2,2,100.0
049074af99a62573,me/ash/reader/infrastructure/preference/FlowArticleListTonalElevationPreferenceKt,2,3,66.67
6a1e12fb1cba48b0,androidx/core/os/LocaleListCompat$Api21Impl,2,23,8.7
0352676c7ee6b62c,me/ash/reader/infrastructure/preference/LanguagesPreference$Galician,2,7,28.57
852166c53806f714,androidx/compose/material/icons/Icons$AutoMirrored$Rounded,2,2,100.0
5ce65541dcee784a,androidx/compose/ui/layout/AlignmentLineKt$FirstBaseline$1,2,5,40.0
3c67b8ead9e5106e,androidx/compose/runtime/SnapshotStateKt__SnapshotFlowKt$collectAsState$1$1$1,2,2,100.0
4e258a545998f0ee,me/ash/reader/infrastructure/preference/LanguagesPreference$Persian,2,7,28.57
bbd9b2438d4b49f1,me/ash/reader/infrastructure/preference/FlowArticleListImagePreference$OFF,2,2,100.0
75339d0d8b59ee55,androidx/compose/runtime/RecomposeScopeImpl$Companion,2,36,5.56
548daeeba49333c1,androidx/compose/ui/graphics/drawscope/DrawContextKt,2,2,100.0
2ca6e0c74f328e14,androidx/glance/appwidget/SizeMode$Single,2,3,66.67
bde4382903d42b7e,androidx/compose/ui/semantics/SemanticsProperties$PaneTitle$1,2,5,40.0
b83b646e9d230c1c,androidx/activity/result/contract/ActivityResultContracts$RequestMultiplePermissions$Companion,2,4,50.0
bc64527b324a1126,androidx/savedstate/serialization/serializers/DefaultParcelableSerializer,2,2,100.0
9476706300b329de,okhttp3/internal/connection/ConnectPlan$Companion,2,2,100.0
def1bd87705f3ea8,me/ash/reader/infrastructure/preference/DarkThemePreferenceKt,2,15,13.33
b38cc4c5f4e88e28,androidx/compose/foundation/lazy/layout/AndroidPrefetchScheduler$PrefetchRequestScopeImpl,2,9,22.22
223a0e51d23933dc,kotlin/jvm/internal/AdaptedFunctionReference,2,37,5.41
a433feed89e93ea5,me/ash/reader/infrastructure/preference/FlowArticleListTimePreference$OFF,2,2,100.0
7dc052158f3c6d7d,kotlinx/serialization/json/Json$Default,2,2,100.0
7d78edcd70a6adb0,androidx/compose/material3/ContentColorKt$LocalContentColor$1,2,4,50.0
e02858e255ee8082,androidx/compose/ui/text/platform/SynchronizedObject,2,2,100.0
fb3c556178491bbd,me/ash/reader/infrastructure/preference/ReadingPageTonalElevationPreferenceKt,2,3,66.67
3965fd4910185984,me/ash/reader/infrastructure/preference/LanguagesPreference$Romanian,2,7,28.57
d416295af25e82a3,me/ash/reader/infrastructure/preference/FeedsGroupListExpandPreferenceKt,2,8,25.0
a62a1b88b065a074,me/ash/reader/infrastructure/preference/SyncIntervalPreference$Every12Hours,2,2,100.0
7bf64dbcd137eac8,com/rometools/modules/georss/SimpleParser,2,89,2.25
28cbcec7d2eed958,me/ash/reader/infrastructure/android/Hilt_MainActivity$1,2,2,100.0
0fe6b457bc7fea0b,kotlinx/coroutines/flow/internal/AbortFlowException,2,3,66.67
3cf5f4ffd4aa9176,androidx/compose/ui/node/ObserverNodeOwnerScope$Companion$OnObserveReadsChanged$1,2,6,33.33
3702f3c78b76e268,kotlinx/serialization/internal/LongArraySerializer,2,18,11.11
5b6f7fea27d60ebb,androidx/compose/material3/InteractiveComponentSizeKt$MinimumInteractiveTopAlignmentLine$1,2,5,40.0
2d616538c0c2e562,androidx/compose/material/ripple/RippleKt,2,53,3.77
6ba8f3257537a3ab,okhttp3/internal/tls/OkHostnameVerifier,2,105,1.9
c716604fa2212b69,androidx/compose/ui/text/SaversKt$ColorSaver$1,2,9,22.22
45dd96bb0ab6b79b,androidx/tracing/TraceApi18Impl,2,3,66.67
a0021914c79f10d5,androidx/concurrent/futures/AbstractResolvableFuture$Listener,2,2,100.0
900ca0cd7be0e57d,net/dankito/readability4j/extended/processor/ArticleGrabberExtended,2,25,8.0
75860886f86b4b13,okhttp3/internal/tls/CertificateChainCleaner,2,2,100.0
1cc7948291913756,androidx/compose/ui/graphics/vector/PathNode$RelativeMoveTo,2,19,10.53
e3af99a00b4e5fc2,androidx/compose/foundation/IndicationKt,2,26,7.69
7dfacf8d5ab92645,androidx/compose/ui/graphics/AndroidGraphicsContext$1,2,8,25.0
cc70c36c1b2e5abf,androidx/compose/runtime/ParcelableSnapshotMutableFloatState$Companion,2,3,66.67
402d8791d6975fa4,me/ash/reader/infrastructure/preference/FlowArticleListFeedNamePreferenceKt,2,8,25.0
c907cbec2aed6696,okhttp3/Dns,2,2,100.0
612fd4cc1991a2c5,androidx/compose/ui/platform/InspectionModeKt,2,2,100.0
be7934325c3238bf,androidx/work/impl/model/SystemIdInfoDao_Impl$3,2,2,100.0
6198a120c4ce6abd,androidx/compose/ui/graphics/layer/LayerSnapshotV28,2,3,66.67
eb33ab30bdf6d339,kotlinx/serialization/json/internal/DescriptorSchemaCache,2,20,10.0
8cfd884707f2ed84,androidx/compose/foundation/layout/Arrangement$SpaceEvenly$1,2,9,22.22
e4d90f320a04af20,androidx/compose/ui/text/font/AndroidFontResolveInterceptor_androidKt,2,2,100.0
955ae8e737460428,androidx/compose/runtime/changelist/ComposerChangeListWriter$Companion,2,2,100.0
4d8c361163495603,androidx/compose/foundation/lazy/LazyListBeyondBoundsState,2,16,12.5
3243a4e5819999e6,androidx/compose/ui/platform/AndroidCompositionLocals_androidKt$obtainImageVectorCache$callbacks$1$1,2,7,28.57
3d1747a2d6698202,androidx/savedstate/serialization/SavedStateConfiguration$Companion,2,2,100.0
c9bda28570bff565,me/ash/reader/infrastructure/preference/SyncIntervalPreference$Manually,2,2,100.0
4e4cbf66009c7f48,androidx/compose/runtime/external/kotlinx/collections/immutable/internal/EndOfChain,2,2,100.0
8cf2fd8b10a22f24,androidx/compose/foundation/lazy/LazyListItemProviderKt$rememberLazyListItemProviderLambda$1$1,2,2,100.0
aa0f196ffc094068,me/ash/reader/infrastructure/preference/SwipeStartActionPreference$ToggleStarred,2,7,28.57
c66968096407e563,androidx/work/impl/Migration_11_12,2,4,50.0
a41d53c8dc7364ae,org/jdom2/input/sax/DefaultSAXHandlerFactory,2,2,100.0
b1c3760956521e8a,androidx/compose/material3/internal/DefaultPlatformTextStyle_androidKt,2,3,66.67
d887b2611a68ff9b,kotlinx/coroutines/android/HandlerDispatcher,2,4,50.0
8202d40f46b57fa1,me/ash/reader/infrastructure/preference/LanguagesPreference$Esperanto,2,7,28.57
d4fad52aaf82e173,kotlin/jvm/internal/FloatCompanionObject,2,14,14.29
cd19af2e0502c810,androidx/compose/runtime/internal/Expect_jvmKt,2,2,100.0
445446c25b48d6f2,me/ash/reader/domain/service/ReaderWorker$doWork$1,2,2,100.0
f32d685350abe4e3,me/ash/reader/infrastructure/preference/InitialPagePreference$FeedsPage,2,2,100.0
ec8b1e1b3748caee,androidx/window/core/Bounds$Companion,2,3,66.67
7e6fd2b02c348fae,kotlin/collections/AbstractMutableList,2,3,66.67
bdd9f53e78867f2a,me/ash/reader/infrastructure/preference/FlowTopBarTonalElevationPreference$None,2,2,100.0
d8e0b7e9d11b515c,org/slf4j/helpers/BasicMarkerFactory,2,17,11.76
c2ebb6d371cb2a91,androidx/work/impl/constraints/controllers/NetworkConnectedController,2,16,12.5
5d21836fafa2fe84,androidx/datastore/preferences/protobuf/NewInstanceSchemaLite,2,2,100.0
2155973d5b8c028e,me/ash/reader/infrastructure/preference/SkipVersionNumberPreferenceKt,2,3,66.67
1766d13ab676df45,com/rometools/rome/feed/module/ModuleImpl,2,7,28.57
c7bcd7c47df522fd,kotlin/text/Regex$Companion,2,13,15.38
f7dcba667a1bb8d9,me/ash/reader/infrastructure/preference/FlowArticleListDescPreference$NONE,2,2,100.0
14ebf74e1bf3372c,androidx/compose/ui/graphics/AndroidGraphicsContext$Companion,2,4,50.0
8d321a4119750182,me/ash/reader/infrastructure/preference/SyncOnlyWhenChargingPreference$On,2,2,100.0
adaf49d6cdb6a65f,me/ash/reader/infrastructure/preference/ReadingSubheadAlignPreference$Justify,2,2,100.0
7adb7a399bb854cd,androidx/compose/ui/graphics/Matrix$Companion,2,2,100.0
7c298211cddedc52,me/ash/reader/infrastructure/preference/FlowFilterBarStylePreference$Icon,2,2,100.0
75cd123588df40e6,me/ash/reader/infrastructure/preference/FeedsTopBarTonalElevationPreference$Level5,2,2,100.0
8140ca667d2899c5,coil/intercept/EngineInterceptor$Companion,2,2,100.0
e08d353c8f3d1540,androidx/compose/ui/platform/CompositionLocalsKt$LocalClipboard$1,2,4,50.0
efd7423b6b5a297b,androidx/compose/ui/node/ComposeUiNode$Companion$VirtualConstructor$1,2,4,50.0
353509bf3f0fac48,androidx/compose/foundation/lazy/layout/LazyLayoutBeyondBoundsStateKt,2,32,6.25
5c3b4684ea9a7ff1,androidx/compose/animation/Fade,2,19,10.53
63cb61b4be7993df,androidx/compose/runtime/snapshots/ReaderKind,2,25,8.0
08bb61ee4cd56a61,me/ash/reader/infrastructure/preference/LanguagesPreference$Italian,2,7,28.57
3d9a25cbc8fdff4d,com/rometools/modules/mediarss/io/RSS20YahooParser,2,13,15.38
8eb6b89cdf3c86f4,coil/intercept/EngineInterceptor$intercept$1,2,2,100.0
282e4a457e972cfd,com/rometools/modules/sle/io/ItemParser,2,68,2.94
2882dd08b8961d1b,androidx/lifecycle/viewmodel/CreationExtras$Companion,2,4,50.0
42990f42e2e2bf36,androidx/datastore/core/UpdatingDataContextElement$Companion$Key,2,2,100.0
02d9f4fc98eadedc,androidx/navigation3/scene/SceneStrategyScope,2,5,40.0
1d7324e1e0e0496b,coil/util/-Bitmaps,2,37,5.41
77635d12bdb527ef,me/ash/reader/infrastructure/preference/SharedContentPreferenceKt,2,3,66.67
124d72fd5705c785,kotlinx/coroutines/channels/BufferedChannel$receiveCatchingOnNoWaiterSuspend$1,2,3,66.67
ca5318791d589f47,okhttp3/internal/connection/RealCall$timeout$1,2,3,66.67
0752f06aac612b67,kotlin/enums/EnumEntriesList,2,24,8.33
b4b215781d3d2cb5,me/ash/reader/infrastructure/preference/SyncIntervalPreference$Every1Hour,2,2,100.0
c0f25e3c9c7c72f1,androidx/compose/foundation/gestures/ScrollableKt$UnityDensity$1,2,3,66.67
80c0bfe6b967160c,androidx/compose/ui/platform/InspectableValueKt$NoInspectorInfo$1,2,4,50.0
06e2cac13c334041,androidx/glance/appwidget/GlanceAppWidgetReceiver$Companion,2,2,100.0
8b8ca3a2dd378546,androidx/compose/runtime/internal/AtomicAwaitersCount$Companion,2,2,100.0
899c4cf233c646cf,me/ash/reader/infrastructure/preference/PullToLoadNextFeedPreference$LoadNextFeed,2,7,28.57
cfa9728aaa2e8764,androidx/compose/ui/platform/CompositionLocalsKt$LocalWindowInfo$1,2,4,50.0
279a31e8f46c5272,androidx/compose/ui/platform/CompositionLocalsKt$LocalAutofillTree$1,2,4,50.0
108827f73c881b9a,com/google/accompanist/drawablepainter/DrawablePainterKt$MAIN_HANDLER$2,2,4,50.0
14e383fb13a714c4,com/google/gson/internal/ReflectionAccessFilterHelper,2,33,6.06
63868df212d58cdf,me/ash/reader/infrastructure/preference/FlowArticleReadIndicatorPreference$None,2,7,28.57
e3084bf529e2919a,kotlin/jvm/internal/Lambda,2,3,66.67
cc016298d4faaaf2,androidx/compose/ui/platform/AndroidCompositionLocals_androidKt$LocalView$1,2,4,50.0
ab655c13135734b0,okhttp3/internal/http2/Http2ExchangeCodec$Companion$readHttp2HeadersList$1,2,5,40.0
3d626257ec43e3e5,androidx/compose/animation/EnterExitTransitionKt$expandVertically$1,2,4,50.0
5d6bee19c8734ba1,me/ash/reader/infrastructure/preference/LanguagesPreference$Hindi,2,7,28.57
df279e2bb92f4882,net/dankito/readability4j/util/RegExUtil$Companion,2,2,100.0
0dd1df745da53fa3,okio/FileSystem$Companion,2,4,50.0
224ef42c25d9a310,androidx/collection/LongSetKt,2,29,6.9
8cad4aa66e6998de,androidx/compose/foundation/lazy/layout/LazyLayoutBeyondBoundsProviderModifierNode$Companion,2,2,100.0
0cd520c0105eacf6,me/ash/reader/infrastructure/preference/LanguagesPreference$Russian,2,7,28.57
8bfc3af2ef83ae32,androidx/compose/ui/graphics/colorspace/ColorSpace$Companion,2,2,100.0
6c284fdb76c4e5f5,androidx/work/impl/model/SystemIdInfoDao,2,8,25.0
033c59bbcbb2e1d4,androidx/activity/result/ActivityResultRegistry$register$2,2,17,11.76
a948bdb1b1041518,me/ash/reader/infrastructure/android/DaggerAndroidApp_HiltComponents_SingletonC$ViewModelCImpl$SwitchingProvider,2,11,18.18
0802c1d8754cec63,me/ash/reader/infrastructure/preference/InitialPagePreference$FlowPage,2,2,100.0
3ffc6bea900bd4ea,okhttp3/CertificatePinner$Companion,2,9,22.22
e5e9348a4b9a2bfe,me/ash/reader/infrastructure/preference/FeedsGroupListExpandPreference$OFF,2,2,100.0
0516805429e4fd97,me/ash/reader/infrastructure/preference/KeepArchivedPreference$For1Month,2,2,100.0
a38d4343ee717fed,me/ash/reader/infrastructure/preference/ReadingSubheadAlignPreference$Center,2,2,100.0
66cdc0550aa9fd65,kotlinx/coroutines/flow/FlowKt__ChannelsKt$emitAllImpl$1,2,2,100.0
c903c98daf387ed6,androidx/compose/ui/text/input/TextInputServiceAndroid$onImeActionPerformed$1,2,4,50.0
c50df107576b3201,androidx/compose/ui/platform/CompositionLocalsKt$LocalSoftwareKeyboardController$1,2,4,50.0
fc632aa62ab62d15,me/ash/reader/infrastructure/preference/HideEmptyGroupsPreference$OFF,2,7,28.57
399e1a1ce504b7e0,coil/memory/RealStrongMemoryCache,2,29,6.9
52a3375868247ca7,androidx/compose/runtime/snapshots/SnapshotMapValueSet,2,82,2.44
2d0b6457dea80675,org/jsoup/nodes/Document$OutputSettings$Syntax,2,4,50.0
d539d355610f76e4,androidx/concurrent/futures/AbstractResolvableFuture$AtomicHelper,2,2,100.0
a3bf56b21ab2de31,com/rometools/rome/feed/synd/impl/ConverterForRSS10,2,49,4.08
a969b41a007dec9f,me/ash/reader/infrastructure/preference/LanguagesPreference$Slovenian,2,7,28.57
b9fbf2ce02b5b81c,okhttp3/internal/http2/Settings$Companion,2,2,100.0
0e54ca2e7b5c8eb9,androidx/compose/ui/platform/AndroidViewConfiguration,2,18,11.11
e66759fd9a0c1432,me/ash/reader/infrastructure/preference/ReadingThemePreference$Reeder,2,2,100.0
8f826faff702669b,okhttp3/internal/connection/RealCall$CallReference,2,3,66.67
33527747f7bc8212,androidx/compose/animation/AnimatedContentKt$SizeTransform$1,2,6,33.33
a9ffe937d0ae21a6,androidx/compose/runtime/MonotonicFrameClock,2,4,50.0
29da04db2c7610b4,androidx/compose/ui/node/ComposeUiNode$Companion$SetDensity$1,2,4,50.0
7444cfee935bb92f,androidx/compose/foundation/gestures/ScrollableNestedScrollConnection,2,27,7.41
7eca230ac89cc4bd,androidx/compose/ui/draganddrop/DragAndDropNode$Companion,2,2,100.0
aa23a8e77b42486e,androidx/work/impl/model/WorkSpecDao_Impl$13,2,2,100.0
a7b119212a37254e,me/ash/reader/infrastructure/preference/OpenLinkSpecificBrowserPreferenceKt,2,4,50.0
c27088ac2bdf70ea,androidx/compose/ui/platform/ViewLayer$Companion$getMatrix$1,2,5,40.0
d8d41a13bd1a8e37,androidx/activity/ComponentActivity$Companion,2,2,100.0
6e8dd9f078c53e54,kotlinx/coroutines/flow/internal/NoOpContinuation,2,4,50.0
6ed12d9ccdec7f50,me/ash/reader/infrastructure/preference/FlowArticleListTimePreferenceKt,2,8,25.0
1758340063f192ad,androidx/room/TransactionElement$Key,2,2,100.0
fca85eaf4551b550,androidx/compose/foundation/layout/ColumnScopeInstance,2,14,14.29
f11995ba7bdf8d75,androidx/compose/foundation/layout/WindowInsets$Companion,2,2,100.0
c95abc6024e2e3c8,me/ash/reader/infrastructure/preference/FlowFilterBarStylePreference$IconLabel,2,2,100.0
44f2625ed810eca8,me/ash/reader/infrastructure/preference/FlowArticleReadIndicatorPreference$ExcludingStarred,2,7,28.57
0a151fd0ef9ea84e,androidx/work/impl/model/WorkSpecDao_Impl$4,2,2,100.0
f08970e41d8eaffb,kotlinx/serialization/descriptors/SerialKind$CONTEXTUAL,2,2,100.0
38e74c1f432005c2,com/google/gson/internal/sql/SqlTimestampTypeAdapter$1,2,5,40.0
d6066d4912521b02,androidx/compose/runtime/ForgottenCoroutineScopeException,2,2,100.0
9a2044c0e5edc925,kotlinx/coroutines/internal/LockFreeLinkedListHead,2,11,18.18
a9d36347691851d8,net/dankito/readability4j/model/ReadabilityOptions$Companion,2,2,100.0
1089cac5702af80b,androidx/compose/foundation/ComposeFoundationFlags,2,12,16.67
4b0f847ada232739,androidx/compose/foundation/lazy/LazyListStateKt$EmptyLazyListMeasureResult$1,2,7,28.57
87ef8accb559aafd,androidx/compose/ui/node/ComposeUiNode$Companion$SetViewConfiguration$1,2,4,50.0
c7709dec5dc455d0,kotlinx/serialization/descriptors/StructureKind$OBJECT,2,2,100.0
bcb13a11bfaf8b80,me/ash/reader/infrastructure/preference/FlowFilterBarStylePreference$IconLabelOnlySelected,2,2,100.0
82b1eb107b7d6053,androidx/datastore/core/DataStoreImpl$Companion,2,2,100.0
e6032930c55378c3,kotlinx/serialization/internal/CharArraySerializer,2,18,11.11
50cab36a15372433,me/ash/reader/infrastructure/preference/LanguagesPreference$German,2,7,28.57
18b648aba4ef865f,kotlin/time/Duration$Companion,2,69,2.9
dea2ae88a9032b87,androidx/compose/ui/platform/IndirectPointerNavigationGestureDetector$gestureDetector$1,2,30,6.67
80990dff1a5a0593,com/rometools/rome/io/WireFeedInput$EmptyEntityResolver,2,7,28.57
3df7af1ccb7cab25,androidx/compose/runtime/internal/SnapshotThreadLocalKt,2,2,100.0
7a64c3a789da42ac,com/google/gson/TypeAdapter,2,20,10.0
655a9efa7759fe4f,androidx/compose/ui/platform/WindowRecomposer_androidKt$getAnimationScaleFlowFor$1$1$contentObserver$1,2,3,66.67
67a77a3f9d755255,me/ash/reader/infrastructure/preference/FlowTopBarTonalElevationPreferenceKt,2,3,66.67
c9a9cc0bd268a573,me/ash/reader/infrastructure/preference/LanguagesPreference$Serbian,2,7,28.57
2f432ee59550664f,androidx/compose/ui/platform/CompositionLocalsKt$LocalAutofill$1,2,4,50.0
3153caf4e850014a,kotlinx/serialization/descriptors/StructureKind$LIST,2,2,100.0
6758ea63e444dbbd,androidx/datastore/preferences/protobuf/UnknownFieldSchema,2,23,8.7
93624e6439d3d61b,androidx/compose/foundation/lazy/LazyListState$prefetchScope$1,2,28,7.14
ec4a01a57bc264f8,kotlinx/coroutines/selects/SelectImplementation$doSelectSuspend$1,2,2,100.0
7035feb4e4e818b7,kotlinx/coroutines/flow/internal/SafeCollectorKt,2,3,66.67
6120c23f1960e8a1,androidx/fragment/app/FragmentLifecycleCallbacksDispatcher,2,182,1.1
ff135b59458bf323,me/ash/reader/infrastructure/preference/InitialFilterPreferenceKt,2,3,66.67
9c7f036af8eb3510,kotlinx/coroutines/flow/internal/FlowCoroutine,2,3,66.67
afeaf503ab80439c,kotlinx/serialization/descriptors/PrimitiveKind$CHAR,2,2,100.0
86df0af211520e7c,okio/internal/ResourceFileSystem$Companion,2,11,18.18
d91733636174980d,kotlin/collections/builders/ListBuilderKt,2,41,4.88
e326c71b19e4cec1,me/ash/reader/infrastructure/preference/FlowArticleListDateStickyHeaderPreference$OFF,2,2,100.0
ab234f44bc8e0bf7,androidx/compose/ui/unit/DpOffset$Companion,2,4,50.0
3dcbf17ee86fb7c4,androidx/collection/ObjectFloatMapKt,2,48,4.17
1d49908cee2510d4,kotlinx/coroutines/ExecutorCoroutineDispatcher,2,2,100.0
8bafb2984f6fc56e,androidx/compose/ui/input/pointer/PointerInputChangeEventProducer,2,35,5.71
216a537bcc5a0d08,androidx/compose/ui/platform/CompositionLocalsKt$LocalFocusManager$1,2,4,50.0
526464ac9c7619f5,me/ash/reader/infrastructure/preference/BasicFontsPreference$GoogleSans,2,2,100.0
d286b9a67e8de6e1,androidx/compose/ui/semantics/SemanticsProperties$ContentType$1,2,4,50.0
5c6a749773ffc84c,androidx/work/impl/Migration_4_5,2,5,40.0
6ffdfbd5adff4a98,androidx/navigation3/scene/Scene,2,5,40.0
2cb93b73e16645f9,coil/size/Dimension$Undefined,2,3,66.67
bb3727bb287ca792,me/ash/reader/infrastructure/preference/ReadingTextAlignPreferenceKt,2,3,66.67
18e07ea2f183c4a9,androidx/compose/ui/unit/fontscaling/FontScaleConverterTable$Companion,2,15,13.33
d6b03b548ec5304b,androidx/compose/ui/node/BackwardsCompatNodeKt$updateModifierLocalConsumer$1,2,4,50.0
ca8277120ffc61e8,me/ash/reader/infrastructure/preference/MarkAsReadOnScrollPreference$OFF,2,7,28.57
57304e0aaa21e091,androidx/activity/ViewTreeFullyDrawnReporterOwner,2,11,18.18
5ec449b2f064149c,androidx/fragment/app/FragmentFactory,2,29,6.9
fd12c3d118501507,androidx/lifecycle/viewmodel/compose/ViewModelKt,2,8,25.0
b34a619862c68381,androidx/compose/foundation/layout/Arrangement$Vertical,2,4,50.0
76a908fc0b94465f,androidx/activity/result/contract/ActivityResultContracts$StartActivityForResult,2,6,33.33
a0064a7b054a9ca8,androidx/compose/ui/graphics/AndroidColorSpace_androidKt,2,4,50.0
c376bee39a989492,androidx/glance/appwidget/GlanceAppWidgetKt$updateAll$1,2,2,100.0
8a9cc9b709b83933,me/ash/reader/infrastructure/preference/ReadingTitleUpperCasePreference$ON,2,2,100.0
3d94120e21a39d81,androidx/compose/foundation/lazy/LazyListState$_scrollIndicatorState$1,2,5,40.0
5238a2c257c8548b,me/ash/reader/infrastructure/preference/LanguagesPreference$Hebrew,2,7,28.57
1fe8d5e85df6e43d,androidx/compose/ui/hapticfeedback/PlatformHapticFeedback,2,19,10.53
43e0b22beb034906,me/ash/reader/infrastructure/preference/SyncOnlyWhenChargingPreference$Off,2,2,100.0
7b3a4eb77230946f,me/ash/reader/infrastructure/preference/OpenLinkPreference$CustomTabs,2,2,100.0
4c55a934606916d1,androidx/compose/ui/text/platform/DispatcherKt,2,2,100.0
d026e858333b38a5,androidx/compose/runtime/saveable/SaverKt,2,5,40.0
dbb7093aa08ee1e7,androidx/lifecycle/ViewModelProvider$NewInstanceFactory$Companion,2,7,28.57
c43bf10833df3507,androidx/compose/ui/platform/CompositionLocalsKt$LocalAutofillManager$1,2,4,50.0
f52130dfdec8a8da,kotlinx/coroutines/SupervisorJobImpl,2,2,100.0
5641886f29bc247d,androidx/compose/ui/graphics/layer/GraphicsLayer$drawBlock$1,2,4,50.0
4dc1e3c581821c75,okhttp3/internal/connection/RealConnectionPool$Companion,2,4,50.0
ff8bd50d54ceedb4,me/ash/reader/infrastructure/preference/SyncOnlyOnWiFiPreference$On,2,2,100.0
936b60307e2a3e8f,androidx/compose/foundation/FocusableNode$TraverseKey,2,2,100.0
9f2b74ad875d58db,me/ash/reader/infrastructure/preference/ReadingImageMaximizePreference$ON,2,2,100.0
79cfd4c793ebcaf2,me/ash/reader/infrastructure/preference/SwipeStartActionPreference$None,2,7,28.57
fb17da6659940cfb,me/ash/reader/ui/theme/palette/colorspace/rgb/transferfunction/PQTransferFunction,2,7,28.57
c411fd1452ea1fce,com/rometools/rome/feed/synd/impl/ConverterForRSS20,2,2,100.0
67bf2011fa1ec992,me/ash/reader/ui/theme/palette/colorspace/rgb/transferfunction/HLGTransferFunction$Companion,2,2,100.0
4fc1a637586785b5,me/ash/reader/domain/service/AccountService$initWithDefaultAccount$1,2,2,100.0
f99eff3ccd493fdb,kotlinx/serialization/internal/ArrayClassDesc,2,3,66.67
d8d6d0b916df0a8a,me/ash/reader/infrastructure/preference/InitialFilterPreference$All,2,2,100.0
753d644920e265ac,androidx/work/impl/background/greedy/GreedyScheduler$AttemptData,2,2,100.0
fb2bd879bccc8ba2,androidx/compose/ui/platform/AndroidFontResourceLoader,2,8,25.0
278b8851bde3c668,kotlinx/serialization/descriptors/PolymorphicKind,2,2,100.0
0902781504c161bc,kotlinx/serialization/descriptors/PrimitiveKind,2,2,100.0
2f3070eb4906a2a9,com/rometools/rome/feed/synd/impl/ConverterForRSS094,2,71,2.82
ec2e3f5a88058f07,okhttp3/internal/tls/BasicCertificateChainCleaner$Companion,2,2,100.0
4cb1fa6e9b9c193d,me/ash/reader/infrastructure/preference/LanguagesPreference$Arabic,2,7,28.57
0d27b530a6692afe,me/ash/reader/infrastructure/preference/FeedsTopBarTonalElevationPreferenceKt,2,3,66.67
c659aad61864806f,androidx/compose/ui/layout/ScaleFactor$Companion,2,4,50.0
62cb27d16c1c7d91,kotlinx/coroutines/flow/internal/CombineKt$combineInternal$2$1$1$emit$1,2,2,100.0
38d4e6a2b5b01f6d,androidx/navigation3/ui/LocalNavAnimatedContentScopeKt,2,4,50.0
6af854e2309a1a36,me/ash/reader/infrastructure/db/MIGRATION_1_2,2,4,50.0
2f63a5005d76e3d7,androidx/work/Operation,2,2,100.0
2f75a023a11b3a8b,me/ash/reader/infrastructure/preference/SyncIntervalPreference$Every2Hours,2,2,100.0
12451c1b83011999,coil/size/Dimension,2,2,100.0
8e4a99c6a4b507f4,me/ash/reader/infrastructure/preference/ReadingTextAlignPreference$Center,2,2,100.0
2e93fed9a9e98d77,androidx/compose/ui/semantics/ScrollAxisRange,2,10,20.0
b01d43e589914e8c,androidx/compose/ui/platform/CompositionLocalsKt$LocalFontFamilyResolver$1,2,4,50.0
9f8d5709dc83a0e0,androidx/compose/ui/node/OnPositionedDispatcher$Companion,2,2,100.0
348b0e6af173ff7a,retrofit2/AndroidMainExecutor,2,3,66.67
3c551258e7e2bd1d,me/ash/reader/domain/repository/ArticleDao_Impl$1,2,41,4.88
d7eea59adb1bbd9c,kotlinx/coroutines/CoroutineName,2,14,14.29
53b0d0aa5c44ebaa,kotlinx/coroutines/flow/internal/SendingCollector,2,3,66.67
f31afa47fac5e76d,androidx/compose/ui/platform/CompositionLocalsKt$LocalHapticFeedback$1,2,4,50.0
b9fccb10dbf03deb,androidx/compose/ui/geometry/MutableRect,2,152,1.32
45499bcf7d08d68f,me/ash/reader/domain/service/SyncWorker$doWork$1,2,2,100.0
6c8f53d9d0a6baf9,androidx/compose/runtime/internal/PlatformOptimizedCancellationException_jvmKt,2,2,100.0
ca1c923fed50807f,androidx/compose/animation/AnimatedContentKt$AnimatedContent$6$1$5$1$1$invoke$$inlined$onDispose$1,2,5,40.0
84aa0a2d053f1eaa,kotlin/enums/EnumEntriesKt,2,6,33.33
308b66bae872eb51,androidx/compose/ui/autofill/AutofillManager,2,2,100.0
66009c5cd7fbb885,me/ash/reader/infrastructure/preference/SyncIntervalPreference$Every1Day,2,2,100.0
cfea0500519a2e57,me/ash/reader/infrastructure/preference/ReadingThemePreferenceKt,2,3,66.67
fefe03fdfc9834b3,okhttp3/internal/http2/Http2Writer$Companion,2,2,100.0
e6ffb606be1e9ba7,me/ash/reader/infrastructure/preference/FeedsFilterBarTonalElevationPreference$Level0,2,2,100.0
a1f13661ce20ccf3,androidx/compose/foundation/lazy/layout/LazyLayoutItemContentFactory$CachedItemContent$createContentLambda$lambda$0$0$0$$inlined$onDispose$1,2,4,50.0
d432fe6004721b67,me/ash/reader/infrastructure/preference/NewVersionDownloadUrlPreferenceKt,2,3,66.67
69f1544e2eef0603,me/ash/reader/infrastructure/preference/LanguagesPreference$Czech,2,7,28.57
bd0fb8bcfc1f8cf6,androidx/datastore/core/UpdatingDataContextElement$Companion,2,3,66.67
d7bd3d0be0adff79,me/ash/reader/infrastructure/preference/FeedsFilterBarStylePreferenceKt,2,3,66.67
eb90fb5f2a77efcb,androidx/datastore/preferences/protobuf/ExtensionSchemaLite,2,242,0.83
d89e4a7f6d226ab8,okhttp3/internal/cache/DiskLruCache$Companion,2,2,100.0
3097cc8b6e526732,androidx/appcompat/app/LocaleOverlayHelper,2,24,8.33
10934b92f64d38c3,me/ash/reader/infrastructure/preference/ReadingTextBoldPreference$OFF,2,2,100.0
9f400c13d1559791,me/ash/reader/infrastructure/preference/NewVersionSizePreferenceKt,2,3,66.67
1b1c93ae7422a90a,okhttp3/internal/concurrent/TaskRunner$Companion,2,3,66.67
167a72252083f17d,org/jsoup/select/Evaluator$Id,2,3,66.67
2b10d4bdc4956e9b,androidx/compose/foundation/layout/WrapContentElement,2,21,9.52
39bbfd89bc41add5,androidx/compose/ui/text/intl/Locale,2,14,14.29
244d434a9676e4d8,me/ash/reader/infrastructure/preference/ReadingRendererPreference$WebView,2,2,100.0
e281a75147059778,androidx/compose/runtime/PausableMonotonicFrameClock$withFrameNanos$1,2,2,100.0
669e2b1ce1f839ce,me/ash/reader/infrastructure/preference/FlowFilterBarTonalElevationPreference$Level4,2,2,100.0
508954b8b95a28df,androidx/compose/animation/CrossfadeKt$Crossfade$5$1$invoke$$inlined$animateFloat$1,2,2,100.0
1a11e258f7b2da41,me/ash/reader/infrastructure/preference/LanguagesPreference$Indonesian,2,7,28.57
4c549020523e1b83,com/google/gson/internal/Streams,2,17,11.76
0636358fab132d65,coil/disk/DiskLruCache$Companion,2,7,28.57
8be207a0059efc06,androidx/room/RoomDatabase$Companion,2,2,100.0
2818f7aa0872e224,okhttp3/internal/connection/InetAddressOrderKt,2,16,12.5
e0542d8566263e06,kotlinx/coroutines/Active,2,3,66.67
3f1d9d3cba078dd5,androidx/compose/runtime/SnapshotStateKt__SnapshotFlowKt$collectAsState$1$1$2$1,2,2,100.0
815fe21d65e5b0a4,okhttp3/internal/_RequestBodyCommonKt$commonToRequestBody$1,2,6,33.33
ca7c3e079d3d9f43,kotlin/coroutines/jvm/internal/CompletedContinuation,2,7,28.57
f17780ab236844ae,androidx/work/Operation$State$SUCCESS,2,3,66.67
527b77d26c7e1fca,me/ash/reader/infrastructure/preference/ReadingFontsPreference$External,2,2,100.0
dc41966b02619e69,androidx/compose/foundation/lazy/layout/LazyLayoutItemReusePolicy,2,12,16.67
c656dd97ef7b628b,me/ash/reader/ui/theme/palette/colorspace/rgb/transferfunction/PQTransferFunction$Companion,2,2,100.0
dae1f67ac1e89b40,me/ash/reader/infrastructure/preference/ReadingTitleAlignPreference$End,2,2,100.0
1809b896216f37c6,androidx/work/impl/model/WorkProgressDao_Impl$2,2,2,100.0
688f2983b4abe3e6,androidx/compose/animation/ChangeSize,2,34,5.88
4c68369e62dd2e60,kotlinx/coroutines/flow/FlowKt__TransformKt,2,30,6.67
32927c912126196a,androidx/compose/ui/semantics/SemanticsProperties$IsPopup$1,2,5,40.0
c00468c13daf633d,me/ash/reader/infrastructure/preference/FlowArticleListTonalElevationPreference$Level5,2,2,100.0
d7444d3669aa65b6,androidx/compose/ui/text/input/TextFieldValue$Companion,2,3,66.67
2e53e8abdcf0ec79,androidx/activity/OnBackPressedCallbackInfo,2,24,8.33
c7fdc766a474529d,net/dankito/readability4j/processor/Preprocessor$Companion,2,2,100.0
f265db3dff8820a7,kotlinx/serialization/descriptors/ContextAwareKt,2,28,7.14
00e53d8493df383d,me/ash/reader/infrastructure/preference/ReadingTextLetterSpacingPreferenceKt,2,3,66.67
8d73acc4258572b4,androidx/activity/result/ActivityResultRegistry$register$3,2,17,11.76
e9e2786cd3ea14c6,androidx/compose/ui/layout/PinnableContainerKt,2,2,100.0
0de21c0692703537,kotlinx/coroutines/scheduling/Task,2,2,100.0
2b1f97fed282b8c4,kotlin/internal/PlatformImplementations,2,18,11.11
54626e570ece6256,androidx/work/impl/WorkLauncher,2,6,33.33
e1601bc15fac53ba,androidx/compose/animation/EnterExitTransitionKt$shrinkHorizontally$1,2,4,50.0
372e71c48b0b1b59,androidx/compose/runtime/external/kotlinx/collections/immutable/internal/MutabilityOwnership,2,2,100.0
4fc5a27c6e58555e,androidx/compose/runtime/snapshots/SnapshotApplyResult$Success,2,4,50.0
394a0e4d9917f8d4,me/ash/reader/infrastructure/preference/LanguagesPreference$PortugueseBrazil,2,7,28.57
1197bf4df986618a,androidx/room/BaseRoomConnectionManager$Companion,2,2,100.0
3b9ff7ef2fd9d571,androidx/compose/ui/text/ParagraphIntrinsicsKt,2,25,8.0
2e050d4a205db5f2,androidx/compose/runtime/retain/LocalRetainedValuesStoreKt,2,42,4.76
5585d614e4d091a7,okhttp3/Dns$Companion,2,2,100.0
a0f1efb487cf7e6d,androidx/compose/ui/node/LayoutNode$NoIntrinsicsMeasurePolicy,2,14,14.29
f5c26e7a5fb2b2e3,com/google/gson/internal/bind/DefaultDateTypeAdapter$DateType,2,7,28.57
6edfdd5e78a1ddcc,net/dankito/readability4j/processor/Postprocessor$Companion,2,4,50.0
e460610b39e7ea7c,me/ash/reader/infrastructure/db/AndroidDatabaseKt,2,2,100.0
3bed81df6e420281,kotlinx/coroutines/CoroutineName$Key,2,2,100.0
e3db5bd8f70179f1,me/ash/reader/infrastructure/preference/ReadingTitleUpperCasePreference$OFF,2,2,100.0
fe904a881ca05e4c,androidx/compose/ui/node/OwnerSnapshotObserver$onCommitAffectingLayout$1,2,7,28.57
1359be28f3594928,me/ash/reader/infrastructure/preference/ReadingPageTonalElevationPreference$Elevated,2,7,28.57
e125436e1451611f,org/jsoup/nodes/Document$QuirksMode,2,4,50.0
455be6fbcdb35904,androidx/compose/ui/node/LayoutNode$Companion$ErrorMeasurePolicy$1,2,5,40.0
c54307ae98848d49,androidx/compose/runtime/tooling/CompositionErrorContextImpl$Key,2,3,66.67
e2c87c90db1e3262,androidx/navigation3/scene/SinglePaneSceneKt,2,5,40.0
74365014caf059fd,kotlin/collections/CollectionsKt___CollectionsJvmKt,2,68,2.94
abf16340989b8769,androidx/compose/foundation/layout/ConsumedInsetsModifierNode,2,5,40.0
5c170bf80f160fbd,androidx/compose/ui/layout/LookaheadLayoutCoordinates,2,96,2.08
8cc1c578fffae10c,androidx/compose/ui/text/platform/EmojiCompatStatus_androidKt,2,2,100.0
1d545e1018b3eca1,okhttp3/internal/http/RetryAndFollowUpInterceptor$Companion,2,2,100.0
b1e36e995f003722,androidx/compose/ui/text/font/DefaultFontFamily,2,3,66.67
e2e9db848b02c530,androidx/work/PeriodicWorkRequest$Companion,2,2,100.0
b5ebea50724a3a91,kotlin/coroutines/ContinuationInterceptor$Key,2,2,100.0
ce2d5902218681db,androidx/arch/core/internal/SafeIterableMap$DescendingIterator,2,3,66.67
d714335ff75ac495,me/ash/reader/infrastructure/preference/KeepArchivedPreference$For2Days,2,2,100.0
1e5e733eb02d2ac8,androidx/work/SystemClock,2,2,100.0
9ae75864cbfe9ef1,me/ash/reader/infrastructure/preference/ReadingSubheadAlignPreferenceKt,2,3,66.67
e06a718394a392d3,me/ash/reader/infrastructure/preference/LanguagesPreference$Danish,2,7,28.57
c10cc4b48198f382,androidx/compose/ui/graphics/colorspace/Adaptation$Companion$Bradford$1,2,3,66.67
8529ace381f67fe3,androidx/compose/foundation/lazy/layout/DefaultLazyKey$Companion,2,3,66.67
cc81fbdfedd2cd6d,kotlin/collections/ArrayDeque$Companion,2,2,100.0
083523b65c3f805e,me/ash/reader/infrastructure/preference/ReadingSubheadBoldPreference$OFF,2,2,100.0
62ede865c8119576,androidx/compose/runtime/ProduceStateScopeImpl,2,27,7.41
552ac92e3004b407,androidx/activity/ComponentActivity$ReportFullyDrawnExecutorImpl,2,34,5.88
47e84e7cade79c7b,okhttp3/internal/connection/RoutePlanner,2,4,50.0
51c8b3a8d871420c,me/ash/reader/infrastructure/preference/AmoledDarkThemePreferenceKt,2,8,25.0
8a4005603dce6af3,me/ash/reader/domain/service/WidgetUpdateWorker$doWork$1,2,2,100.0
9d5d177520b452ba,androidx/navigation3/runtime/DecoratedNavEntriesKt$PrepareBackStack$lambda$2$0$0$$inlined$onDispose$1,2,41,4.88
b971a62c9d96fafd,me/ash/reader/infrastructure/preference/LanguagesPreference$ChineseSimplified,2,7,28.57
ad8e65de3d68ed00,me/ash/reader/infrastructure/android/MainActivity$NewIntentHandlerEffect$lambda$20$lambda$19$$inlined$onDispose$1,2,4,50.0
d1e043aadb445134,androidx/compose/ui/layout/OnGloballyPositionedNode,2,4,50.0
58170564a898eda8,androidx/compose/foundation/layout/Arrangement$SpaceAround$1,2,9,22.22
6840a626f2f824d8,org/jsoup/select/Evaluator$Tag,2,3,66.67
e913675bc0a096be,androidx/compose/runtime/ScopeInvalidated,2,2,100.0
50363db7d83eadcd,androidx/compose/ui/layout/HorizontalAlignmentLine,2,2,100.0
104a33ade07e3be3,me/ash/reader/infrastructure/preference/ReadingBoldCharactersPreferenceKt,2,8,25.0
b3e5af0f31ae35d5,androidx/compose/runtime/snapshots/MutableSnapshot$Companion,2,2,100.0
b7af8ffc03bae377,kotlin/SafePublicationLazyImpl$Companion,2,2,100.0
a9a46f27a95db774,androidx/compose/ui/platform/AndroidComposeViewAccessibilityDelegateCompat$Companion,2,2,100.0
e5fb6b60736da536,me/ash/reader/infrastructure/preference/FeedsFilterBarStylePreference$IconLabelOnlySelected,2,2,100.0
788ad1ad97aca642,okhttp3/internal/cache/DiskLruCache$cleanupTask$1,2,24,8.33
8336071c174fabaf,me/ash/reader/infrastructure/preference/OpenLinkPreference$AlwaysAsk,2,2,100.0
241b6204f77a09b0,me/ash/reader/infrastructure/preference/KeepArchivedPreference$For1Week,2,2,100.0
2e0a2cf7ac6b364e,androidx/compose/ui/platform/CompositionLocalsKt$LocalViewConfiguration$1,2,4,50.0
60476fe8112fc666,androidx/compose/animation/Slide,2,19,10.53
faa380defd1abf8c,me/ash/reader/infrastructure/preference/FlowArticleListTonalElevationPreference$Level3,2,2,100.0
04025e4626ca447f,androidx/datastore/core/okio/OkioStorage$Companion,2,4,50.0
a023dd36a678e39b,me/ash/reader/infrastructure/preference/FlowArticleListDateStickyHeaderPreferenceKt,2,8,25.0
7167dde102e89693,androidx/room/util/SQLiteStatementUtil__StatementUtil_androidKt,2,23,8.7
4a6ac7af8ab43e78,androidx/compose/runtime/collection/MutableVectorKt,2,36,5.56
ae000f9b5fd1675c,okhttp3/internal/http2/Http2Stream$Companion,2,2,100.0
670d59b2406ca7fb,me/ash/reader/infrastructure/preference/FeedsFilterBarPaddingPreferenceKt,2,3,66.67
274f5cc83eac9c02,androidx/compose/ui/node/LayoutAwareModifierNode,2,2,100.0
2c3f3b1a3347fd5b,androidx/compose/ui/platform/CompositionLocalsKt$LocalLayoutDirection$1,2,4,50.0
a428ae983e956d67,kotlin/jvm/internal/CallableReference,2,30,6.67
522ff3130c2e945a,androidx/compose/animation/core/TransitionKt$rememberTransition$lambda$2$0$$inlined$onDispose$1,2,4,50.0
1104ec91bdbef962,me/ash/reader/infrastructure/preference/SwipeStartActionPreference$ToggleRead,2,7,28.57
23b83acfacda2cfd,androidx/compose/ui/node/DepthSortedSetKt,2,2,100.0
2c752fded305c9fd,me/ash/reader/infrastructure/preference/FeedsFilterBarStylePreference$Icon,2,2,100.0
24e68721ee0f549c,androidx/sqlite/db/framework/FrameworkSQLiteDatabase$Companion,2,8,25.0
1317b608a4bb98f2,androidx/compose/ui/graphics/colorspace/Lab,2,108,1.85
4f0a00cf229e1403,dagger/hilt/android/internal/modules/ApplicationContextModule,2,3,66.67
60b1abbb997aeb2f,net/dankito/readability4j/Readability4J$Companion,2,2,100.0
50ad636df071dad7,androidx/compose/ui/node/LookaheadCapablePlaceable$Companion,2,2,100.0
410771e9feb8773c,androidx/compose/ui/semantics/SemanticsProperties$ContentDescription$1,2,9,22.22
707fba6169d37aa0,kotlinx/coroutines/Job$Key,2,2,100.0
1d7268168a2e4631,androidx/compose/ui/contentcapture/AndroidContentCaptureManager$Companion,2,2,100.0
d332a1db36379d56,me/ash/reader/infrastructure/preference/PullToLoadNextFeedPreference$None,2,7,28.57
a16f733b460f6dd1,androidx/work/impl/RescheduleMigration,2,10,20.0
78c1d1be1d8e4d7b,me/ash/reader/infrastructure/preference/FeedsGroupListTonalElevationPreferenceKt,2,3,66.67
c747a7144cdc9518,okhttp3/CookieJar,2,2,100.0
e60f84236db67602,kotlin/jvm/internal/LongCompanionObject,2,4,50.0
87e14437975d2d14,androidx/work/impl/model/WorkSpecDao_Impl$8,2,2,100.0
d2024fb485712167,androidx/compose/runtime/snapshots/ReaderKind$Companion,2,8,25.0
50eaac8f22ff2737,me/ash/reader/infrastructure/preference/MarkAsReadOnScrollPreference$ON,2,7,28.57
157cad957d54fc0d,androidx/compose/ui/graphics/vector/VectorComponent$invalidateCallback$1,2,4,50.0
01f17e59681c8e05,androidx/work/WorkContinuation,2,3,66.67
48fd9436dc2d3953,kotlinx/coroutines/internal/ContextScope,2,3,66.67
7308a8e7471be54f,androidx/compose/material3/SurfaceKt$Surface$1$3$1,2,3,66.67
ab64b825ec20c6dc,androidx/datastore/core/okio/OkioStorageKt,2,2,100.0
ad4eaacbb0f28ec9,androidx/room/coroutines/FlowUtil$createFlow$$inlined$map$1$2$1,2,2,100.0
eb90fee022216eef,me/ash/reader/infrastructure/preference/ReadingImageMaximizePreference$OFF,2,2,100.0
a8265a8263c1a8a3,kotlin/Unit,2,3,66.67
86fa2b99764522e0,coil/EventListener$Factory$Companion,2,2,100.0
3c01f0ff0f6d1a5d,coil/request/ImageResult,2,2,100.0
618ab1a82a6c0398,me/ash/reader/infrastructure/preference/SyncOnlyOnWiFiPreference$Off,2,2,100.0
c5657da8eb1eaa3a,me/ash/reader/infrastructure/preference/FlowArticleListImagePreferenceKt,2,8,25.0
09ae7a92e2d6a801,androidx/work/impl/WorkDatabase_AutoMigration_14_15_Impl,2,9,22.22
3f5af06de0bbd663,androidx/compose/foundation/layout/Arrangement$Top$1,2,3,66.67
291178c2cb034324,me/ash/reader/infrastructure/preference/ReadingImageRoundedCornersPreferenceKt,2,3,66.67
691be460f815ac98,me/ash/reader/infrastructure/preference/LanguagesPreference$Estonian,2,7,28.57
7167cdcedabf1fe0,androidx/compose/ui/platform/AndroidAccessibilityManager$Companion,2,2,100.0
5a332e5dce46202f,androidx/work/impl/constraints/controllers/BatteryNotLowController,2,9,22.22
2988c71ef522e1b3,me/ash/reader/infrastructure/preference/ReadingTitleAlignPreference$Justify,2,2,100.0
4723b16ea72f8b44,androidx/compose/ui/semantics/SemanticsProperties$FillableData$1,2,4,50.0
845abc6cf6399423,androidx/datastore/DataStoreFile,2,2,100.0
f84c7253e0be9099,kotlin/InitializedLazyImpl,2,4,50.0
0887b78fa18564ce,me/ash/reader/infrastructure/preference/FlowArticleListFeedIconPreferenceKt,2,8,25.0
768e8a0532507492,kotlinx/coroutines/flow/FlowKt__DelayKt$debounceInternal$1$values$1$1$emit$1,2,2,100.0
45478f162bc5bbda,androidx/compose/ui/platform/AndroidCompositionLocals_androidKt$LocalResourceIdCache$1,2,4,50.0
4c7da2d87772e3b6,androidx/datastore/core/UnInitialized,2,2,100.0
1cdd387d0dfcd33f,androidx/core/text/HtmlCompat,2,10,20.0
c100fa304676a735,androidx/work/impl/WorkDatabase,2,3,66.67
0d0288da7b01a4ac,coil/decode/BitmapFactoryDecoder$Factory,2,15,13.33
64c17e255dab5d3a,net/dankito/readability4j/extended/util/RegExUtilExtended$Companion,2,2,100.0
62de4734e52b7a55,me/ash/reader/domain/service/AccountService$isNoAccount$1,2,2,100.0
eab7db81c94ea2e4,me/ash/reader/infrastructure/preference/FeedsTopBarTonalElevationPreference$Level4,2,2,100.0
0af572c3e897ea07,androidx/compose/material/ContentColorKt,2,2,100.0
730ed50beed6127d,androidx/collection/LongObjectMapKt,2,48,4.17
30db27391b10765d,androidx/lifecycle/compose/RememberLifecycleOwnerKt$rememberLifecycleOwner$lambda$1$0$$inlined$onDispose$1,2,7,28.57
1b36eb0040116a92,me/ash/reader/infrastructure/preference/FeedsFilterBarTonalElevationPreference$Level1,2,2,100.0
c760bd82deacde8a,androidx/work/impl/constraints/controllers/NetworkNotRoamingController$Companion,2,2,100.0
d1b7cc3393fe54bd,me/ash/reader/infrastructure/preference/ReadingFontsPreference$SansSerif,2,2,100.0
108c16d52ddf9141,me/ash/reader/infrastructure/preference/KeepArchivedPreference$For2Weeks,2,2,100.0
a79ed9a38a79ee9d,androidx/navigationevent/NavigationEventTransitionState$Companion,2,2,100.0
9c10be40828dda04,me/ash/reader/infrastructure/preference/ReadingTitleUpperCasePreferenceKt,2,8,25.0
66f9f0d0b7f59b39,okhttp3/internal/_NormalizeJvmKt,2,2,100.0
3edf0b4c239d2ceb,me/ash/reader/infrastructure/preference/ReadingSubheadUpperCasePreference$OFF,2,2,100.0
8c1d5337047c81b9,androidx/compose/ui/graphics/layer/GraphicsLayerImpl$Companion,2,3,66.67
cf6a51be1bb1bf95,androidx/compose/ui/platform/AndroidCompositionLocals_androidKt$LocalContext$1,2,4,50.0
d4e427643e68d6ef,androidx/lifecycle/Lifecycle,2,10,20.0
bdc8460f9375d3b5,me/ash/reader/infrastructure/preference/NewVersionLogPreferenceKt,2,3,66.67
aafee021ba514b87,androidx/fragment/app/FragmentLayoutInflaterFactory,2,70,2.86
62370a0290f683c8,androidx/compose/animation/LayoutModifierNodeWithPassThroughIntrinsics,2,6,33.33
c72107502ed615b7,me/ash/reader/infrastructure/preference/ReadingSubheadBoldPreferenceKt,2,8,25.0
a94eb161ad8d6eb1,kotlin/jvm/internal/FunctionReferenceImpl,2,6,33.33
c1f4391eee420db1,androidx/compose/ui/graphics/GraphicsLayerScopeKt,2,19,10.53
7356bb3202dd71a7,kotlinx/coroutines/sync/SemaphoreSegment,2,16,12.5
f3bfeff27c7f1b2d,androidx/compose/ui/graphics/layer/GraphicsLayer$Companion,2,2,100.0
a247e9907b498bb6,androidx/work/impl/Migration_16_17,2,15,13.33
f31d19aa2d937c11,androidx/compose/ui/graphics/colorspace/Adaptation$Companion$Ciecat02$1,2,3,66.67
5cd25e901aa303db,androidx/compose/runtime/tooling/CompositionErrorContextImpl,2,10,20.0
edf47472dfa91d6d,kotlin/UNINITIALIZED_VALUE,2,2,100.0
5ce90302bb63bfcb,me/ash/reader/infrastructure/preference/ReadingFontsPreference$System,2,2,100.0
3e5418ce3ed5430a,androidx/compose/ui/platform/CompositionLocalsKt$LocalGraphicsContext$1,2,4,50.0
2185b6a556cb5aa1,androidx/compose/runtime/DisposableEffectScope,2,4,50.0
ba09a7c8104cf6c0,androidx/compose/runtime/saveable/SaveableStateRegistryImpl$registerProvider$3,2,13,15.38
576b35e2bdc7243b,me/ash/reader/infrastructure/preference/FlowFilterBarTonalElevationPreference$Level0,2,2,100.0
ca9075040ef24ae4,androidx/compose/ui/input/pointer/AndroidPointerIconType,2,11,18.18
f0f341d16b98612f,androidx/compose/ui/draganddrop/DragAndDropNode$Companion$DragAndDropTraversableKey,2,2,100.0
9cad8ff143a48b61,me/ash/reader/infrastructure/db/MIGRATION_2_3,2,22,9.09
e165f3343aa6936e,androidx/compose/ui/node/LookaheadCapablePlaceable$Companion$onCommitAffectingRuler$1,2,7,28.57
08d2d7140cdf6882,coil/request/NullRequestData,2,3,66.67
429a075353a7edcf,androidx/collection/IntIntMapKt,2,48,4.17
d3a67d6e7d95089c,coil/EventListener$Companion,2,2,100.0
fff26ad9145f9abc,me/ash/reader/infrastructure/preference/SortUnreadItemsPreferenceKt,2,3,66.67
050024df7d19070f,me/ash/reader/domain/service/LocalRssService$syncFeed$1,2,2,100.0
cda52bba62a45f70,androidx/sqlite/db/SupportSQLiteOpenHelper$Callback$Companion,2,2,100.0
b3e9b860b342a32e,kotlinx/coroutines/flow/internal/ChildCancelledException,2,3,66.67
60bb78dd109ef312,androidx/compose/foundation/lazy/layout/LazyLayoutKt$LazyLayout$lambda$1$2$0$$inlined$onDispose$1,2,6,33.33
49a7d4d51f4559db,androidx/activity/ActivityFlags,2,3,66.67
cdbbe1c419b749cf,androidx/compose/animation/ExitTransitionImpl,2,2,100.0
51cb7cdf2f777e76,me/ash/reader/infrastructure/preference/FlowArticleListImagePreference$ON,2,2,100.0
c6b42bb460a17185,me/ash/reader/infrastructure/preference/ReadingTextAlignPreference$Justify,2,2,100.0
3a2fa931b4a4db9e,kotlin/internal/PlatformImplementationsKt,2,13,15.38
f170cd9d380798c5,kotlinx/serialization/modules/ContextualProvider,2,2,100.0
82c253ac042da972,me/ash/reader/infrastructure/preference/ReadingPageTonalElevationPreference$Outlined,2,7,28.57
cd8d198256ca9ef7,androidx/compose/ui/node/OnPositionedDispatcher$Companion$DepthComparator,2,5,40.0
98c919105d6b8086,androidx/compose/ui/graphics/Brush$Companion,2,152,1.32
0924e876cdecd088,coil/RealImageLoader$Companion,2,2,100.0
70d262f91ed750c6,me/ash/reader/infrastructure/preference/BasicFontsPreference$System,2,2,100.0
ea758615f93a0961,me/ash/reader/infrastructure/preference/FlowFilterBarStylePreferenceKt,2,3,66.67
3778cb6899779920,coil/intercept/RealInterceptorChain$proceed$1,2,2,100.0
4eb81de46694e99f,androidx/compose/ui/platform/AndroidCompositionLocals_androidKt$obtainResourceIdCache$1$1$invoke$$inlined$onDispose$1,2,4,50.0
bf20f7fbb34967cb,okhttp3/internal/connection/RealConnection$Companion,2,6,33.33
e6b45afb1052f07d,me/ash/reader/infrastructure/preference/LanguagesPreference$Basque,2,7,28.57
f926058ba01020dc,me/ash/reader/infrastructure/preference/ReadingTitleBoldPreferenceKt,2,8,25.0
62efcf40d1b3a077,kotlin/coroutines/ContinuationKt,2,24,8.33
4f34cb1900a758e1,me/ash/reader/infrastructure/preference/FeedsFilterBarTonalElevationPreferenceKt,2,3,66.67
e29a36ec336b3b70,androidx/compose/foundation/gestures/DefaultScrollableState$scrollScope$1,2,10,20.0
fec21821df0b659a,androidx/compose/ui/graphics/colorspace/Xyz,2,66,3.03
8a71c11d9a68ed7c,androidx/compose/ui/node/SemanticsModifierNode,2,3,66.67
bc61fd7b9b56a6cc,me/ash/reader/infrastructure/preference/SettingsKt,2,3,66.67
25d4b2a96864239a,me/ash/reader/infrastructure/preference/ReadingAutoHideToolbarPreference$OFF,2,2,100.0
862a3938bab65928,androidx/compose/foundation/lazy/layout/LazyLayoutPinnableItemKt$LazyLayoutPinnableItem$lambda$1$0$$inlined$onDispose$1,2,4,50.0
6fc34afd2cd39562,androidx/compose/foundation/text/TextDelegateKt,2,33,6.06
5d6e56dc565f4171,androidx/compose/ui/graphics/AndroidMatrixConversions_androidKt,2,4,50.0
e94cd0c869d3acc9,me/ash/reader/infrastructure/preference/HideEmptyGroupsPreference$ON,2,7,28.57
0967036114012298,androidx/compose/ui/text/SaversKt$ColorSaver$2,2,7,28.57
9d4892988398f0f9,me/ash/reader/infrastructure/preference/ReadingFontsPreference$Serif,2,2,100.0
fd6abfb62ada14b2,kotlinx/coroutines/EventLoopImplBase$DelayedRunnableTask,2,3,66.67
4b5456d67959b86e,androidx/compose/runtime/ParcelableSnapshotMutableLongState$Companion,2,3,66.67
76545ab32334b36f,androidx/compose/ui/semantics/SemanticsProperties$Role$1,2,4,50.0
62cc9b30b8073d3a,kotlin/jvm/internal/StringCompanionObject,2,2,100.0
935a3d73555ca7bd,androidx/glance/appwidget/SizeMode$Exact,2,3,66.67
a82b3b1c783497cf,me/ash/reader/infrastructure/preference/DarkThemePreference$OFF,2,2,100.0
a9fa17170de3afdd,androidx/work/impl/constraints/trackers/StorageNotLowTracker,2,28,7.14
f59f81a12b42e3a1,androidx/glance/appwidget/GlanceAppWidgetManager$getGlanceIds$1,2,2,100.0
b70d7e210d20d8e9,okhttp3/internal/platform/android/AndroidSocketAdapter$Companion$factory$1,2,6,33.33
0a2b50467ed6585d,androidx/compose/material3/internal/ParentSemanticsNodeKey,2,2,100.0
afa81c2d0228ccad,androidx/compose/foundation/gestures/ScrollableContainerNode$TraverseKey,2,2,100.0
0deae66f71aca72d,me/ash/reader/infrastructure/preference/DarkThemePreference$UseDeviceTheme,2,2,100.0
b5bb9a39216b33ed,me/ash/reader/infrastructure/preference/LanguagesPreference$Swedish,2,7,28.57
a63ab7a399d7b549,me/ash/reader/infrastructure/preference/FlowFilterBarTonalElevationPreference$Level2,2,2,100.0
2d53de7d71b53f8b,androidx/compose/ui/node/NodeCoordinator$Companion,2,4,50.0
364f2251e834613d,androidx/compose/ui/semantics/SemanticsProperties$InvisibleToUser$1,2,4,50.0
46f8732d2f3867cc,androidx/core/view/DisplayCutoutCompat,2,67,2.99
e595c82068ae3839,androidx/core/view/LayoutInflaterCompat,2,32,6.25
71b4bbdd82bfb5e2,me/ash/reader/infrastructure/preference/FlowArticleReadIndicatorPreferenceKt,2,3,66.67
7ecf4582702fd658,me/ash/reader/infrastructure/preference/ReadingTextBoldPreference$ON,2,2,100.0
800e92fedb359485,me/ash/reader/infrastructure/preference/FlowArticleListFeedNamePreference$OFF,2,2,100.0
1a6df9fb3fb9e162,com/rometools/rome/io/impl/RSS094Parser,2,32,6.25
cbc2481f8ff4514f,kotlinx/coroutines/flow/FlowKt__BuildersKt,2,28,7.14
c72a8643f1254d27,androidx/glance/appwidget/GlanceAppWidgetManager$getState$1,2,2,100.0
4a28c88978ed4721,androidx/compose/foundation/layout/Arrangement$Horizontal,2,4,50.0
0f802a0e9373ab84,androidx/compose/animation/core/TransitionKt$updateTransition$lambda$1$0$$inlined$onDispose$1,2,4,50.0
b6f464d811a15ef1,androidx/compose/ui/graphics/RectangleShapeKt,2,3,66.67
81094bcce8ae5fea,coil/RealImageLoader$executeMain$1,2,2,100.0
ebbe83d9cbbbbe53,com/rometools/rome/io/impl/SyModuleParser,2,16,12.5
e70d9acb66f366a5,androidx/compose/runtime/ParcelableSnapshotMutableIntState$Companion,2,3,66.67
2974325d0b22cd9a,androidx/datastore/preferences/PreferenceDataStoreFile,2,2,100.0
c0bb21f2c3bc9f33,dagger/hilt/android/internal/lifecycle/RetainedLifecycleImpl,2,16,12.5
dce072847c842f2e,okhttp3/Authenticator$Companion,2,2,100.0
2ffd3e99db89d73d,org/jsoup/parser/Token$EOF,2,2,100.0
cb3df007ebeecd06,androidx/compose/ui/ComposeUiFlags,2,23,8.7
e1677fe2b6a675f0,me/ash/reader/infrastructure/preference/FlowArticleListTonalElevationPreference$Level1,2,2,100.0
b6572a0b91b71037,androidx/compose/material/TextKt$Text$6$1,2,2,100.0
015cae6cb62a84f1,me/ash/reader/infrastructure/preference/SortUnreadArticlesPreference$Latest,2,7,28.57
22c6f89040df6765,coil/fetch/FetchResult,2,2,100.0
450c99cd1753f67c,me/ash/reader/infrastructure/preference/FlowArticleReadIndicatorPreference$AllRead,2,7,28.57
ec5f05b7f3ad67bb,okhttp3/RequestBody,2,21,9.52
1383eef768fb2b88,kotlinx/coroutines/scheduling/TaskImpl,2,3,66.67
babd0ea6d41b3e09,me/ash/reader/infrastructure/preference/LanguagesPreference$Slovak,2,7,28.57
059d657b17a0494a,me/ash/reader/infrastructure/db/MIGRATION_4_5,2,4,50.0
c09f992f48fc2f5c,coil/memory/MemoryCacheService$Companion,2,6,33.33
2c22747f4276843b,androidx/activity/ViewTreeOnBackPressedDispatcherOwner,2,11,18.18
5683cbaa25fe06c2,me/ash/reader/infrastructure/preference/FlowArticleListDescPreference$SHORT,2,2,100.0
86615bac67690492,kotlinx/coroutines/flow/StateFlowImpl$collect$1,2,2,100.0
28e8f4f9b052327a,me/ash/reader/infrastructure/preference/ReadingFontsPreferenceKt,2,3,66.67
84fb8b6c8abadb10,com/rometools/rome/feed/synd/impl/ConverterForRSS092,2,59,3.39
bcde8e8130099c19,me/ash/reader/infrastructure/preference/OpenLinkPreference$SpecificBrowser,2,2,100.0
dc3b55dcaa45ddce,kotlinx/serialization/descriptors/PrimitiveKind$FLOAT,2,2,100.0
65e9eee82b697e10,androidx/lifecycle/AtomicReference,2,4,50.0
71b351feed75f3b5,androidx/compose/ui/node/InnerNodeCoordinator$Companion,2,3,66.67
02ed11fc22efef60,kotlinx/coroutines/BlockingEventLoop,2,2,100.0
36ac14e14893d47d,me/ash/reader/domain/repository/ArticleDao_Impl$2,2,41,4.88
aca9c5a3d01a67b4,me/ash/reader/infrastructure/preference/FeedsTopBarTonalElevationPreference$Level2,2,2,100.0
d6f504eded6501cc,androidx/compose/ui/graphics/drawscope/EmptyCanvas,2,26,7.69
98c0284ed843367e,androidx/compose/ui/platform/AndroidCompositionLocals_androidKt$ProvideAndroidCompositionLocals$1$1$invoke$$inlined$onDispose$1,2,4,50.0
a2404dfb11b0e0bd,me/ash/reader/domain/repository/ArticleDao_Impl$5,2,41,4.88
1f5f25a87c78d837,kotlinx/serialization/internal/DoubleArraySerializer,2,18,11.11
fd5584097697b172,coil/util/SystemCallbacks$Companion,2,2,100.0
c56db809031ec0c0,androidx/window/layout/util/DensityCompatHelperBaseImpl,2,5,40.0
5420e4b5c971e725,androidx/glance/state/PreferencesGlanceStateDefinition,2,13,15.38
408c50084269ac2f,me/ash/reader/infrastructure/db/MIGRATION_3_4,2,4,50.0
f855a2e85ed0babb,me/ash/reader/infrastructure/preference/LanguagesPreference$Catalan,2,7,28.57
d778f946cd48fdaa,me/ash/reader/infrastructure/preference/OpenLinkPreference$DefaultBrowser,2,2,100.0
4f7f3591d90f5d3f,kotlinx/serialization/descriptors/StructureKind,2,2,100.0
6124c21f0f91d249,androidx/lifecycle/ViewModelProvider$Factory$Companion,2,4,50.0
c24182777c2522fa,androidx/compose/ui/semantics/CollectionInfo,2,12,16.67
bb6f44f575217449,androidx/compose/runtime/RememberedCoroutineScope$Companion,2,2,100.0
b75faf8f85ddc3f9,androidx/work/impl/model/WorkProgressDao_Impl$3,2,2,100.0
60fe03426ea973ee,me/ash/reader/infrastructure/preference/SwipeEndActionPreference$ToggleRead,2,7,28.57
e32c44e26139180b,me/ash/reader/infrastructure/preference/FeedsFilterBarTonalElevationPreference$Level2,2,2,100.0
a68ce16acfb5b757,androidx/work/impl/constraints/controllers/NetworkUnmeteredController,2,18,11.11
0b2aa610a2c410f8,me/ash/reader/infrastructure/preference/ReadingTextFontSizePreferenceKt,2,3,66.67
3b5bc1b8ce4b4bb9,me/ash/reader/infrastructure/preference/LanguagesPreference$French,2,7,28.57
331cf3e63c6923b3,me/ash/reader/infrastructure/preference/ReadingThemePreference$MaterialYou,2,2,100.0
12d3c4a7212f887e,androidx/compose/ui/draw/ClipKt,2,2,100.0
65647f7b4493e1bd,androidx/compose/ui/text/SaversKt$NonNullValueClassSaver$1,2,4,50.0
8efc256dda3c2e9f,coil/compose/LocalImageLoaderKt,2,3,66.67
7c436f8e218bed75,me/ash/reader/infrastructure/preference/ReadingBoldCharactersPreference$ON,2,2,100.0
2073711f69cde7e0,me/ash/reader/infrastructure/preference/ReadingAutoHideToolbarPreference$ON,2,2,100.0
411be405ec8a56d3,kotlin/collections/AbstractMutableSet,2,2,100.0
53a51d943722465c,androidx/work/impl/model/SystemIdInfoKt,2,2,100.0
8dcf719b3848bb7c,androidx/compose/ui/geometry/RoundRect$Companion,2,4,50.0
2cc65c4f8999e675,androidx/compose/foundation/layout/RowColumnMeasurePolicy,2,4,50.0
44b45ff3c998eda9,androidx/activity/result/contract/ActivityResultContracts$RequestMultiplePermissions,2,44,4.55
12766cb0e8bee9fa,androidx/compose/ui/layout/LookaheadScopeKt$defaultPlacementApproachInProgress$1,2,4,50.0
4a9f0600f951ca4d,androidx/compose/animation/core/SeekableTransitionState$Companion,2,4,50.0
34fbc0aa579bbc42,androidx/compose/runtime/CancelledCoroutineContext,2,7,28.57
949dad5ce0fda6b5,coil/request/Parameters$Companion,2,2,100.0
65a85662e16d2d28,me/ash/reader/infrastructure/preference/FlowArticleListTonalElevationPreference$Level4,2,2,100.0
aeecbbb54122abe8,me/ash/reader/infrastructure/preference/ReadingTitleAlignPreference$Start,2,2,100.0
5a08c99165072900,androidx/work/ListenableWorker$Result,2,6,33.33
07bbbd3eab88ceaa,me/ash/reader/infrastructure/preference/LanguagesPreference$Turkish,2,7,28.57
2d9743180b371a1f,me/ash/reader/infrastructure/preference/ReadingImageMaximizePreferenceKt,2,8,25.0
d6cc718ae2b85a51,com/rometools/modules/mediarss/types/Thumbnail,2,11,18.18
11ea00c0177219e0,me/ash/reader/infrastructure/preference/SyncOnStartPreference$Off,2,2,100.0
0ae3e385b515c3cb,androidx/compose/ui/platform/CompositionLocalsKt$LocalCursorBlinkEnabled$1,2,4,50.0
cb68bd3f57551ec0,androidx/compose/runtime/internal/AwaiterQueue$Awaiter,2,2,100.0
c96cf69ac5ac45aa,me/ash/reader/ui/page/home/feeds/subscribe/SubscribeState$Hidden,2,2,100.0
1e4ebc21ffa84237,androidx/compose/ui/semantics/SemanticsActions$CustomActions$1,2,7,28.57
aa74039daecaf8d6,androidx/activity/result/ActivityResultRegistry$Companion,2,2,100.0
71052ff8d4e155e2,me/ash/reader/domain/repository/FeedDao_Impl$3,2,7,28.57
3b719a35b7113643,androidx/datastore/core/DataStoreImpl$readDataOrHandleCorruption$1,1,2,50.0
1b663650856b6840,androidx/compose/animation/EnterExitTransitionKt$slideOutHorizontally$2,1,6,16.67
ab3a14c16be8b43c,androidx/compose/ui/layout/ContentScale$Companion$Crop$1,1,5,20.0
5afdc0ea1b9981c9,me/ash/reader/infrastructure/di/ImageLoaderModule_ProvideImageLoaderFactory,1,5,20.0
69bb0e8ab7df5094,androidx/arch/core/executor/DefaultTaskExecutor$Api28Impl,1,2,50.0
792bdd592024642d,androidx/compose/ui/layout/ContentScale,1,1,100.0
7ba8a5a5f43b6a4a,okhttp3/internal/http2/Http2Connection$Listener$Companion$REFUSE_INCOMING_STREAMS$1,1,3,33.33
d77d188ff1429e3c,me/ash/reader/domain/data/DiffMapHolder$1$invokeSuspend$$inlined$mapNotNull$1$2$1,1,2,50.0
b97c00ca796a8047,dagger/hilt/internal/UnsafeCasts,1,2,50.0
c2d51a3e352d8d59,androidx/compose/foundation/FocusableNode$focusTargetNode$1,1,3,33.33
a8cdd085daa3c249,org/jsoup/parser/HtmlTreeBuilderState$11,1,33,3.03
cca6591a7aa10fd3,com/google/gson/FieldNamingPolicy$2,1,2,50.0
214736582825ffdf,me/ash/reader/infrastructure/android/DaggerAndroidApp_HiltComponents_SingletonC,1,2,50.0
dcd7ecd91045a0ad,org/jsoup/parser/TokeniserState$42,1,10,10.0
a598a2be3a731dbd,androidx/compose/foundation/text/modifiers/TextAnnotatedStringNodeKt,1,1,100.0
404db17920bf9162,androidx/compose/animation/SharedTransitionScopeKt$ParentClip$1,1,4,25.0
b3354fab62789e0b,androidx/compose/animation/core/DecayAnimationSpecKt,1,17,5.88
7eb072e9fd7151db,net/dankito/readability4j/processor/ArticleGrabber$clean$1,1,15,6.67
ec502117dc7911cb,org/jsoup/parser/HtmlTreeBuilderState$19,1,40,2.5
e5888fe5b5d21ea7,com/caverock/androidsvg/SVG$Defs,1,2,50.0
96aa32e197255247,coil/map/ResourceUriMapper,1,28,3.57
de3b26c1a30d9ad8,androidx/core/text/HtmlCompat$Api24Impl,1,4,25.0
931d67ce2887dd66,androidx/compose/ui/node/LayoutNode$Companion$DummyViewConfiguration$1,1,6,16.67
e18b25be29fd8c89,androidx/compose/animation/AnimatedVisibilityKt$AnimatedEnterExitImpl$4,1,3,33.33
8dbd280000f9e402,org/jsoup/parser/TokeniserState$26,1,9,11.11
1d4445cf8e51d793,org/jsoup/parser/HtmlTreeBuilderState$23,1,2,50.0
36028ef9715b48f6,androidx/work/impl/WorkDatabase_AutoMigration_16_17_Impl,1,7,14.29
a8fe6d992126051c,androidx/compose/foundation/FocusableNode$applySemantics$1,1,3,33.33
cb10a488dee75018,com/caverock/androidsvg/SVG$Svg,1,2,50.0
539ec05af10a03a4,androidx/compose/ui/text/font/PlatformTypefacesApi28,1,41,2.44
ee390a20cb0c4e60,androidx/work/impl/background/systemjob/SystemJobService$Api28Impl,1,2,50.0
c93d51d0dbe96285,retrofit2/Retrofit$1,1,10,10.0
fb9dea51f39523d1,androidx/compose/runtime/PrimitiveSnapshotStateKt,1,3,33.33
5f5b59552e6529d2,me/ash/reader/infrastructure/di/DatabaseModule_ProvideReaderDatabaseFactory,1,5,20.0
91feee4df4220a50,org/jsoup/parser/TokeniserState$45,1,14,7.14
38097ceecd4d2849,androidx/work/impl/WorkDatabase_AutoMigration_20_21_Impl,1,2,50.0
594bc3c520ec7b8b,androidx/fragment/app/FragmentManagerImpl,1,1,100.0
17c8ee95991c6244,androidx/datastore/core/handlers/NoOpCorruptionHandler,1,2,50.0
b7c72ff264f61ecf,kotlin/ranges/ClosedFloatRange,1,36,2.78
b01ebf4d9f753209,androidx/core/view/SoftwareKeyboardControllerCompat$Impl20,1,24,4.17
059268c8d74ff824,coil/disk/DiskLruCache$fileSystem$1,1,5,20.0
fc3e18ae060d20d0,androidx/compose/ui/unit/LinearFontScaleConverter,1,14,7.14
ebfece83de0a592f,androidx/compose/ui/platform/AndroidCompositionLocals_androidKt$ProvideAndroidCompositionLocals$3,1,3,33.33
4bddd0192efc3767,androidx/compose/material3/RippleNodeFactory$create$colorProducer$1,1,2,50.0
cbdedbdabc0a8e62,me/ash/reader/infrastructure/android/AndroidApp_HiltComponents$ViewModelC,1,1,100.0
fdae25d377954d9a,androidx/compose/runtime/RecomposeScopeImplKt,1,1,100.0
b478f4fe9445964b,org/jsoup/parser/TokeniserState$2,1,2,50.0
eb0838804daa9ca9,androidx/compose/runtime/collection/ScatterSetWrapperKt,1,50,2.0
911bfce1a730485a,kotlinx/coroutines/internal/Removed,1,2,50.0
856db1fd563ee03d,org/jsoup/parser/TokeniserState$54,1,17,5.88
9c7cdee8c4198419,me/ash/reader/infrastructure/di/WorkerModule_ProvideWorkManagerFactory,1,5,20.0
848a0d6bda171161,me/ash/reader/ui/page/home/feeds/drawer/feed/FeedOptionViewModel_HiltModules$KeyModule,1,2,50.0
d4bbb3627e3e1b40,androidx/compose/ui/node/NodeCoordinator$Companion$SemanticsSource$1,1,12,8.33
569d10f8bc78b8ae,androidx/core/os/HandlerCompat$Api28Impl,1,4,25.0
9724da2d247d4b91,androidx/core/util/ObjectsCompat,1,13,7.69
9a856a693b42c8a7,me/ash/reader/ui/page/settings/accounts/AccountViewModel_HiltModules_KeyModule_Provide_LazyMapKey,1,2,50.0
69639ba2f5a52472,com/google/gson/internal/bind/TypeAdapters$16,1,10,10.0
2acd2e630bba0c0c,androidx/window/layout/util/DensityCompatHelper,1,1,100.0
1ee80883889d5dd4,androidx/compose/ui/layout/RectRulers,1,1,100.0
f56e7794194f5891,retrofit2/BuiltInFactories,1,3,33.33
95f8e4dadfe0ade8,kotlin/jvm/internal/Ref$BooleanRef,1,2,50.0
2a206e21158f12a4,kotlinx/coroutines/DebugStringsKt,1,15,6.67
aa974ede0bf16c88,org/jsoup/parser/HtmlTreeBuilderState$5,1,31,3.23
8b87942631822d17,org/jsoup/parser/TokeniserState$59,1,14,7.14
656a4dd5d696fd1c,androidx/compose/ui/platform/ViewRootForTest,1,1,100.0
ef92ee8c6f696d34,org/jdom2/CloneBase,1,6,16.67
f6cd4ad1d61de94a,com/google/gson/Gson$1,1,11,9.09
c5a0b63a729bc255,com/google/gson/internal/$Gson$Preconditions,1,8,12.5
fcd1f8ce30fd77bd,me/ash/reader/infrastructure/android/AndroidApp_HiltComponents$SingletonC,1,1,100.0
0bbd233451aeba44,androidx/compose/ui/node/ComposeUiNode,1,1,100.0
86cf9e1c23f07849,androidx/arch/core/internal/SafeIterableMap$SupportRemove,1,1,100.0
d23ece140bf9d450,androidx/compose/ui/graphics/vector/VectorPainter$vector$1$1,1,6,16.67
eea6c61f580f7325,kotlin/jvm/internal/MutablePropertyReference,1,3,33.33
3b4aac84bb218f77,androidx/window/layout/WindowInfoTracker,1,16,6.25
5043d45402e0c56a,com/google/gson/internal/bind/TypeAdapters$27,1,26,3.85
ecfb163f4b37d253,coil/map/StringMapper,1,4,25.0
1161e55f88743ffa,coil/compose/AsyncImagePainterKt$fakeTransitionTarget$1,1,4,25.0
d981fd7013427402,okhttp3/internal/cache/DiskLruCache$newJournalWriter$faultHidingSink$1,1,9,11.11
3989c6d3c61b5afa,androidx/compose/ui/platform/coreshims/ViewCompatShims$Api30Impl,1,2,50.0
1fa03d12aecbcfae,androidx/compose/animation/EnterExitTransitionKt$shrinkHorizontally$2,1,6,16.67
50477ae57981b0c2,coil/memory/RealMemoryCache,1,22,4.55
3088725f351dd423,androidx/compose/ui/spatial/RectManager$dispatchLambda$1,1,8,12.5
462890dd65eb30f3,me/ash/reader/domain/service/RssService$special$$inlined$map$2$2$1,1,2,50.0
79516728ae41f3d7,com/google/gson/internal/ConstructorConstructor$9,1,9,11.11
43500bfd9ea87216,org/jdom2/AttributeList$1,1,4,25.0
9b7806c2dc1b05be,com/google/gson/internal/bind/TypeAdapters$14,1,12,8.33
95bb3e3b6ae6a54e,androidx/datastore/core/DataStoreImpl$InitDataStore$doRun$1,1,2,50.0
8c041ce45dc30908,me/ash/reader/ui/page/home/feeds/drawer/group/GroupOptionViewModel_HiltModules_KeyModule_Provide_LazyMapKey,1,2,50.0
71d2529aa58b82f9,me/ash/reader/infrastructure/di/DatabaseModule_ProvideArticleDaoFactory,1,5,20.0
ca40747350300a50,com/google/gson/internal/bind/TypeAdapters$29,1,9,11.11
1cc499daabffaabb,org/jsoup/parser/TokeniserState$15,1,2,50.0
e1db842ebe6b7fc5,androidx/compose/ui/platform/DisposableSaveableStateRegistry_androidKt$DisposableSaveableStateRegistry$1,1,6,16.67
1ab427acd86f211b,androidx/compose/ui/platform/AndroidComposeViewAccessibilityDelegateCompat$ComposeAccessibilityNodeProvider,1,18,5.56
da89941b997db383,androidx/compose/ui/layout/LookaheadScopeKt$LookaheadScope$2$2$1,1,3,33.33
5be59cfd786bdb07,androidx/compose/runtime/SnapshotLongState_androidKt,1,1,100.0
ba0087a839ffa022,me/ash/reader/ui/page/home/feeds/FeedsViewModel_HiltModules_BindsModule_Binds_LazyMapKey,1,2,50.0
bc4d92b6dd841704,org/jsoup/parser/TokeniserState$29,1,13,7.69
5800c6bf0fe515db,androidx/tracing/TraceApi29Impl,1,5,20.0
74272a3aa29d9811,kotlin/jvm/internal/Ref$LongRef,1,2,50.0
c0ac7e48cb345142,androidx/compose/ui/text/font/FontListFontFamilyTypefaceAdapter$special$$inlined$CoroutineExceptionHandler$1,1,2,50.0
2a1206b1c4908ca0,com/google/gson/FieldNamingPolicy$6,1,2,50.0
72e52add57ab4b2c,retrofit2/Reflection,1,4,25.0
1d7146c5dde24293,kotlin/coroutines/jvm/internal/SpillingKt,1,1,100.0
e4fa7a935c87a624,org/jsoup/parser/HtmlTreeBuilderState$20,1,22,4.55
d2b15ce671701bfc,androidx/compose/animation/core/VectorizedFiniteAnimationSpec,1,5,20.0
25ad3abbe4ffbf08,com/google/gson/FieldNamingPolicy$4,1,2,50.0
bbf474c0ec492795,androidx/compose/ui/text/input/TextInputServiceAndroid_androidKt,1,59,1.69
bb7de8bbd4e563c9,org/jsoup/parser/TokeniserState$66,1,7,14.29
0d13c1a2f1ec59b2,com/google/gson/internal/bind/ReflectiveTypeAdapterFactory,1,105,0.95
c7164cc7874c0864,com/google/gson/internal/bind/TypeAdapters$19,1,9,11.11
2ae19dadeff11dbe,com/google/gson/internal/bind/TypeAdapters$1,1,6,16.67
11801b27c96ca6de,androidx/datastore/core/StorageConnectionKt,1,3,33.33
4831c22347da68e4,me/ash/reader/infrastructure/android/AndroidApp_HiltComponents$ActivityRetainedC,1,1,100.0
35b92fc9b1530e13,me/ash/reader/ui/page/settings/accounts/addition/AdditionViewModel_HiltModules_BindsModule_Binds_LazyMapKey,1,2,50.0
a2f613527e2eaacb,com/google/gson/FieldNamingPolicy$3,1,2,50.0
46acf9a9fc45661b,org/jsoup/parser/TokeniserState$16,1,2,50.0
4dac9e9f24ddd28d,androidx/datastore/preferences/protobuf/Utf8$Processor,1,175,0.57
69fc567a2ff43517,androidx/core/app/NotificationManagerCompat$Api26Impl,1,12,8.33
0f575c05623c54e6,androidx/work/impl/model/WorkSpecDao_Impl$6,1,2,50.0
3e28bcbd9e18f906,com/google/gson/ToNumberPolicy$1,1,3,33.33
5647de211bb5b64b,androidx/compose/animation/AnimatedVisibilityKt$AnimatedVisibility$4,1,3,33.33
f85cdd9746e1e6f5,androidx/compose/ui/layout/SubcomposeLayoutKt$ReusedSlotId$1,1,2,50.0
890e648f6b9803ff,retrofit2/OptionalConverterFactory,1,6,16.67
2780ff9858e9a507,androidx/core/view/SoftwareKeyboardControllerCompat$Impl,1,3,33.33
65a2fff19975e6dd,androidx/compose/ui/text/android/style/LineHeightStyleSpan_androidKt,1,1,100.0
7a53a216ae257068,me/ash/reader/ui/svg/WelcomeKt,1,1,100.0
4f0132e8040f9fef,androidx/work/impl/WorkDatabase_AutoMigration_17_18_Impl,1,3,33.33
e53517a3f205669f,kotlinx/coroutines/MainCoroutineDispatcher,1,12,8.33
3d4f1ead3287376a,okhttp3/JvmCallExtensionsKt$executeAsync$2$2$onResponse$1,1,4,25.0
3ca80071598c0344,kotlinx/coroutines/flow/FlowKt__ReduceKt$first$3,1,2,50.0
e164557d96354435,kotlinx/coroutines/channels/ProduceKt$awaitClose$1,1,2,50.0
7be3eee07d694e5c,me/ash/reader/ui/page/settings/tips/UpdateViewModel_HiltModules_BindsModule_Binds_LazyMapKey,1,2,50.0
3f76068e53572c91,androidx/compose/runtime/ParcelableSnapshotMutableState$Companion$CREATOR$1,1,16,6.25
6b9dada4cee34e9a,androidx/profileinstaller/ProfileInstallerInitializer$Handler28Impl,1,2,50.0
9cdfb937082aeb99,androidx/compose/ui/platform/AndroidComposeViewAccessibilityDelegateCompat$onSendAccessibilityEvent$1,1,3,33.33
d4ead96e233088ea,androidx/compose/material3/adaptive/layout/AdaptStrategy$Simple,1,2,50.0
d74a57fa6db3eb69,androidx/lifecycle/viewmodel/navigation3/ViewModelStoreNavEntryDecoratorKt,1,1,100.0
743a1013bb92d905,androidx/compose/ui/node/BackwardsCompatNodeKt$DetachedModifierLocalReadScope$1,1,2,50.0
3500e3be14fa04fb,kotlinx/coroutines/flow/FlowKt__ErrorsKt$catchImpl$2$emit$1,1,2,50.0
eaac6e2666e104d4,androidx/compose/foundation/AndroidEdgeEffectOverscrollEffect$pointerInputNode$1,1,3,33.33
090ef20c69e6f433,androidx/work/impl/model/WorkSpecDao_Impl$2,1,61,1.64
3b41feb96432e724,androidx/compose/ui/input/pointer/PointerId,1,16,6.25
93fc73926da40b39,androidx/compose/foundation/interaction/PressInteractionKt$collectIsPressedAsState$1$1$1,1,11,9.09
d97b147cf6523dad,kotlin/jvm/internal/PropertyReference0Impl,1,7,14.29
17f5869c95f70261,kotlin/jvm/internal/Ref$ObjectRef,1,2,50.0
41adc760bea11f72,androidx/compose/ui/layout/VerticalRuler$Companion$minOf$1,1,3,33.33
4c1a23801661dec5,coil/compose/AsyncImagePainter$updateRequest$2$1$size$$inlined$mapNotNull$1$2$1,1,2,50.0
5b05aa478bc8fdc8,androidx/room/TriggerBasedInvalidationTracker$startTrackingTable$1,1,2,50.0
2735e5c7e5336086,androidx/datastore/preferences/PreferencesMapCompat,1,2,50.0
c68150593127c0b5,org/jsoup/parser/TokeniserState$52,1,17,5.88
0929a29eb224dede,androidx/compose/runtime/internal/PersistentCompositionLocalMapKt,1,5,20.0
18a85673197db0f3,androidx/datastore/core/SimpleActor$1,1,10,10.0
ab05c602922bd87a,kotlinx/coroutines/flow/internal/FlowExceptions_commonKt,1,5,20.0
6feb2123fe7057e3,androidx/compose/foundation/layout/Arrangement$Bottom$1,1,3,33.33
eb679ef4837211bd,androidx/fragment/app/FragmentManager$1,1,2,50.0
35f275d6678d80c4,androidx/compose/animation/EnterExitTransitionModifierNode$sizeTransitionSpec$1,1,14,7.14
8f0671fb507009fb,org/slf4j/helpers/BasicMDCAdapter$1,1,4,25.0
a68bee74f0ebff8c,me/ash/reader/domain/service/RssService$special$$inlined$mapNotNull$1$2$1,1,2,50.0
4fb438b422b8b221,androidx/core/content/ContextCompat$Api23Impl,1,4,25.0
0aa6088b3fbefa0d,kotlinx/coroutines/flow/internal/AbstractSharedFlowKt,1,1,100.0
9c518f1fdbf1af08,org/jsoup/parser/TokeniserState$63,1,12,8.33
12efc25324117317,androidx/work/impl/model/WorkSpecDao_Impl$15,1,2,50.0
cc2fd167331509e7,kotlinx/coroutines/flow/FlowKt__ErrorsKt$catchImpl$1,1,2,50.0
3b5761444cedd13c,org/jsoup/parser/TokeniserState$14,1,7,14.29
ab7229eb0ef68baa,androidx/compose/material3/DelegatingThemeAwareRippleNode$attachNewRipple$calculateColor$1,1,14,7.14
f03deb95a7c3fba2,dagger/hilt/android/internal/Contexts,1,7,14.29
09984dd1b0f0d36a,androidx/compose/foundation/gestures/ScrollableStateKt,1,17,5.88
63a0883d5e6c7225,androidx/compose/ui/platform/Wrapper_androidKt$doSetContent$1,1,8,12.5
4d700291c411ac2c,androidx/compose/ui/layout/VerticalRuler$Companion$maxOf$1,1,3,33.33
6e69277b12441cbc,androidx/compose/animation/SizeTransformImpl,1,7,14.29
e6e464a0611044be,androidx/compose/ui/layout/ContentScale$Companion$FillHeight$1,1,7,14.29
cfecb7047116ae04,androidx/lifecycle/SavedStateHandleSupport$special$$inlined$Key$2,1,1,100.0
44d173a28e9b51f9,coil/map/ResourceIntMapper,1,11,9.09
3223369c8b0c67ab,androidx/compose/foundation/layout/Arrangement$End$1,1,6,16.67
d200614b129d29fa,androidx/datastore/preferences/protobuf/ByteString$LiteralByteString,1,51,1.96
9e9ec6ab49aab9b2,com/google/gson/internal/bind/SerializationDelegatingTypeAdapter,1,1,100.0
fd12c4a2032432a2,me/ash/reader/ui/page/settings/accounts/addition/AdditionViewModel_HiltModules_KeyModule_Provide_LazyMapKey,1,2,50.0
288da7e0f7d8b0d8,com/caverock/androidsvg/SVG$SvgConditionalElement,1,11,9.09
8774d98d6bfc5d75,androidx/datastore/preferences/protobuf/WireFormat$FieldType$3,1,2,50.0
f2e8ab9da72c562f,androidx/room/RoomDatabase$closeBarrier$1,1,3,33.33
8f799b09e794db9d,androidx/work/Operation$State,1,1,100.0
351fd2cc43dc4c72,androidx/room/TriggerBasedInvalidationTracker$notifyInvalidation$1,1,2,50.0
d173d590af1f437e,androidx/compose/foundation/lazy/LazyLayoutSemanticStateKt,1,1,100.0
c68a6b9e864ac3da,androidx/activity/EdgeToEdgeApi28,1,3,33.33
ce06dcef8f9a55fb,coil/key/FileKeyer,1,6,16.67
083beeead55d5b16,coil/EventListener$Companion$NONE$1,1,1,100.0
9380205a395dc222,androidx/compose/ui/layout/LayoutModifierKt,1,1,100.0
268e7fdf39fe2801,com/google/gson/internal/bind/TypeAdapters$26,1,35,2.86
b57523feb6326816,retrofit2/Converter$Factory,1,6,16.67
67f7cdaf25144788,coil/map/HttpUrlMapper,1,3,33.33
a2f017c09c20c1df,me/ash/reader/domain/service/AccountService$special$$inlined$map$1$2$1,1,2,50.0
e6856fcc1a6d5bf4,androidx/datastore/core/DataStoreImpl$data$1$invokeSuspend$$inlined$map$1$2$1,1,2,50.0
85ef3fff6448d68a,com/google/gson/internal/sql/SqlTypesSupport$1,1,3,33.33
ac06f6029bd06902,dagger/hilt/android/internal/lifecycle/DefaultViewModelFactories_InternalFactoryFactory_Factory,1,5,20.0
ca0a390a2f54d4b2,androidx/compose/foundation/layout/WindowInsets,1,1,100.0
e1733059ed7df4a5,com/caverock/androidsvg/SVG$Group,1,3,33.33
7ed8d0ce1049d6a6,androidx/savedstate/internal/SynchronizedObject,1,1,100.0
add424d039ba7844,retrofit2/DefaultCallAdapterFactory,1,9,11.11
45272541debe97d9,androidx/work/impl/WorkDatabase_AutoMigration_22_23_Impl,1,2,50.0
82bca0a65fc1749a,kotlinx/serialization/modules/SerializersModuleBuildersKt,1,25,4.0
c5f1ed406cba8d6b,kotlin/text/CharsKt__CharKt,1,53,1.89
97c76298b0ca0ce3,androidx/compose/ui/text/font/FontFamilyKt,1,3,33.33
2146e94869fb2874,androidx/compose/runtime/internal/Thread_jvmKt,1,2,50.0
8909ce76358dbb61,androidx/compose/ui/layout/LayoutCoordinatesKt,1,99,1.01
231d55390e33118c,androidx/work/impl/model/WorkProgressDao_Impl$1,1,6,16.67
4de9e30c4ffc48be,androidx/navigation3/ui/NavDisplayKt__NavDisplayKt$NavDisplay$lambda$14$0$$inlined$sortedByDescending$1,1,5,20.0
3e8e0252d14b4438,org/jsoup/parser/TokeniserState$61,1,15,6.67
cbe3a42d8147a739,me/ash/reader/ui/page/settings/troubleshooting/TroubleshootingViewModel_HiltModules_BindsModule_Binds_LazyMapKey,1,2,50.0
152c8aa4196fef56,org/jsoup/parser/TokeniserState$60,1,14,7.14
a866a2fd18a93b87,okhttp3/ConnectionListener$Companion$NONE$1,1,1,100.0
82783b90451a7549,androidx/compose/ui/text/font/PlatformResolveInterceptor$Companion$Default$1,1,1,100.0
0a62fb9334da4cea,androidx/compose/ui/platform/ViewCompositionStrategy$DisposeOnDetachedFromWindowOrReleasedFromPool$installFor$1,1,4,25.0
88f0bb356ba4f1a0,androidx/lifecycle/ViewModelProvider$OnRequeryFactory,1,2,50.0
e3ffa9987df9de5a,androidx/room/TriggerBasedInvalidationTracker$syncTriggers$1,1,2,50.0
49a3aa14d1d0dbae,org/jsoup/parser/TokeniserState$44,1,11,9.09
cead0785142034c5,androidx/fragment/app/FragmentManager$4,1,2,50.0
62a4ee2a8af0afa9,com/google/gson/internal/reflect/ReflectionHelper$RecordSupportedHelper,1,25,4.0
53ed5e23ee5c8a6c,kotlin/UnsignedKt,1,63,1.59
e6ac01f538aef5ff,kotlinx/coroutines/flow/AbstractFlow$collect$1,1,2,50.0
818a3c0549171e95,androidx/compose/foundation/lazy/layout/Lazy_androidKt,1,1,100.0
dcff716406b86136,androidx/compose/runtime/external/kotlinx/collections/immutable/internal/CommonFunctionsKt,1,1,100.0
2a05b6b226f9d059,me/ash/reader/ui/page/home/feeds/drawer/feed/FeedOptionViewModel_HiltModules_BindsModule_Binds_LazyMapKey,1,2,50.0
d816a97d0b663014,org/slf4j/helpers/NOPMDCAdapter,1,11,9.09
8e92b1e34b451e10,androidx/compose/ui/text/platform/AndroidParagraphHelper_androidKt$NoopSpan$1,1,2,50.0
6707ef99104292fa,okhttp3/Authenticator$Companion$AuthenticatorNone,1,2,50.0
136850951897113a,kotlinx/coroutines/flow/DistinctFlowImpl$collect$2$emit$1,1,2,50.0
8200ce6f2755615a,kotlinx/coroutines/flow/FlowKt__ErrorsKt$catch$$inlined$unsafeFlow$1$1,1,2,50.0
1990fcb50568ea29,me/ash/reader/infrastructure/android/AndroidApp_HiltComponents$ActivityC,1,1,100.0
f8175a77e442ec4a,com/google/gson/LongSerializationPolicy$2,1,3,33.33
2542bc99dc22af96,androidx/appcompat/widget/ResourceManagerInternal$ColorFilterLruCache,1,5,20.0
7be52ae0ccad57d9,org/jsoup/parser/HtmlTreeBuilderState$14,1,40,2.5
21f177d4bbdde743,androidx/fragment/app/FragmentContainer,1,2,50.0
fa9da8ec60223893,kotlinx/coroutines/JobSupport$AwaitContinuation,1,8,12.5
eef9131e6d995abc,org/jsoup/parser/TokeniserState$50,1,14,7.14
6f432fb0ebe941d5,kotlinx/coroutines/sync/SemaphoreImpl,1,1,100.0
1d41a0e097e9209b,androidx/compose/ui/graphics/layer/GraphicsLayerImpl,1,3,33.33
aaa2962edfdec988,androidx/profileinstaller/ProfileVersion,1,5,20.0
e1bd1ae41faa8e11,androidx/compose/runtime/CompositionLocalMap,1,1,100.0
099ae4190a066c9e,coil/fetch/FileFetcher$Factory,1,3,33.33
2c88a270e5632085,androidx/compose/material3/FloatingActionButtonElevationAnimatable$snapElevation$1,1,2,50.0
19b462bb8574d558,kotlinx/coroutines/flow/FlowKt__LimitKt$takeWhile$$inlined$unsafeFlow$1$1,1,2,50.0
b8e79fac924e5e29,kotlinx/coroutines/selects/OnTimeoutKt,1,2,50.0
37da6a38d50d63d5,androidx/compose/runtime/changelist/Operation$ObjectParameter,1,16,6.25
14ee5f0a4bbd8b1f,kotlin/jvm/internal/PropertyReference2,1,7,14.29
eca77eb68dabd4f4,com/google/gson/internal/bind/TypeAdapters$18,1,7,14.29
df7abd59e3d2eaa9,kotlinx/coroutines/flow/SharingConfig,1,1,100.0
6689ba504ecf797e,org/jsoup/parser/TokeniserState$33,1,2,50.0
046d913ea9a19798,retrofit2/CompletableFutureCallAdapterFactory,1,11,9.09
6b02f6c76ab3dc19,kotlin/coroutines/ContinuationInterceptor,1,1,100.0
9e66180b6430092c,androidx/compose/ui/graphics/vector/VectorComponent$1,1,3,33.33
79d34fac048a1973,org/jsoup/parser/TokeniserState$23,1,13,7.69
557630c5077fa942,org/jsoup/parser/TokeniserState$18,1,2,50.0
56a327e1d830c2d7,androidx/compose/ui/layout/HorizontalRuler$Companion$maxOf$1,1,3,33.33
47f13988b309e6d7,androidx/hilt/work/WorkerFactoryModule,1,2,50.0
8d8cf0f2fe826851,coil/fetch/HttpUriFetcher$Factory,1,9,11.11
6d52c5b0fa27f96b,androidx/work/impl/model/WorkSpecDao_Impl$16,1,2,50.0
235e1474be5102d4,org/jsoup/parser/TokeniserState$64,1,12,8.33
8924922968b1d80e,androidx/compose/runtime/SnapshotLongStateKt__SnapshotLongStateKt,1,5,20.0
d458618d8ad134d0,kotlinx/coroutines/channels/ChannelResult$Failed,1,2,50.0
48ed104b69dabaa1,me/ash/reader/ui/page/home/feeds/subscribe/SubscribeViewModel_HiltModules$KeyModule,1,2,50.0
a1d3b4f2d77dc9a6,androidx/core/view/WindowInsetsCompat$BuilderImpl30,1,11,9.09
1d2675b58d67ee08,coil/intercept/EngineInterceptor$fetch$1,1,2,50.0
55f4d0643256bc39,com/google/gson/internal/bind/TypeAdapters$6,1,16,6.25
481937eb4afd7905,kotlinx/coroutines/scheduling/GlobalQueue,1,1,100.0
8542062802d4adb0,me/ash/reader/domain/repository/FeedDao_Impl$2,1,24,4.17
97c09fd012613661,me/ash/reader/infrastructure/di/CacheHolderModule_ProvideDiffMapHolderFactory,1,5,20.0
0c921201327ae0f7,com/google/gson/internal/sql/SqlTypesSupport$2,1,3,33.33
11099a20c07b8777,org/jdom2/input/sax/BuilderErrorHandler,1,4,25.0
3e1c01ae61a3b236,me/ash/reader/ui/ext/DataStoreExtKt$get$1$1,1,14,7.14
1103f816e12c2415,kotlinx/serialization/descriptors/SerialDescriptor,1,9,11.11
530bbe44c5fd0485,me/ash/reader/infrastructure/di/CoroutineDispatcherModule_ProvideMainDispatcherFactory,1,5,20.0
8ce591cd0fea1e89,kotlinx/coroutines/flow/CallbackFlowBuilder$collectTo$1,1,2,50.0
519a5727dda05776,androidx/compose/ui/layout/ContentScale$Companion$FillBounds$1,1,9,11.11
a939042b29d868b3,androidx/compose/animation/SharedTransitionScopeRootModifierNode$onAttach$1,1,3,33.33
5a51c2ba29853dfb,com/google/gson/internal/bind/DefaultDateTypeAdapter$DateType$1,1,2,50.0
e930d906deaba232,androidx/compose/runtime/CompositionKt$ObservableCompositionServiceKey$1,1,1,100.0
ca4ddc0e442d1ed0,kotlinx/coroutines/channels/ProduceKt$awaitClose$4$1,1,3,33.33
332c797b64b4e224,androidx/navigationevent/NavigationEventInfo,1,1,100.0
2d1303814fd9edab,androidx/fragment/app/FragmentManager$3,1,2,50.0
98c09521b8d199d1,coil/size/-Dimensions,1,5,20.0
ce1de174c46287e9,com/google/gson/internal/bind/TypeAdapters$17,1,10,10.0
497ca26a9b6d5c88,kotlin/collections/ArraysUtilJVM,1,2,50.0
9abab69087540789,androidx/compose/ui/node/NodeChain$sentinelHead$1,1,2,50.0
7ed428f6676a5c5d,kotlinx/coroutines/flow/internal/DownstreamExceptionContext,1,5,20.0
c78db7ffe2487f2d,org/jsoup/parser/TokeniserState$51,1,11,9.09
7097227228b1377a,androidx/compose/animation/EnterExitTransitionKt$shrinkVertically$2,1,6,16.67
bc9dd26eb619b5de,me/ash/reader/ui/page/adaptive/ArticleListReaderViewModel_HiltModules_KeyModule_Provide_LazyMapKey,1,2,50.0
5e31a6e45ee3ab09,me/ash/reader/domain/repository/AccountDao_Impl$2,1,8,12.5
566eaab93710468b,androidx/compose/foundation/gestures/ScrollableKt$NoOpScrollScope$1,1,2,50.0
c0afe30f3c25f2d0,androidx/compose/foundation/lazy/layout/StickyItemsPlacement$Companion$StickToTopPlacement$1,1,35,2.86
171df7c0a91e8495,me/ash/reader/infrastructure/di/DatabaseModule_ProvideGroupDaoFactory,1,5,20.0
5e225ea20d2480ca,dagger/hilt/android/internal/lifecycle/HiltViewModelFactory$1,1,1,100.0
91472f7925c35680,com/rometools/utils/Integers,1,3,33.33
b6053253ce4da79c,kotlinx/coroutines/Job,1,1,100.0
a5fc6caa22eae633,androidx/compose/ui/node/DrawModifierNode,1,1,100.0
fae67151e9c7afd6,org/jsoup/parser/TokeniserState$48,1,11,9.09
c6acd62510434d65,kotlinx/coroutines/flow/StartedLazily,1,3,33.33
7c762a50c2bf5928,androidx/compose/ui/platform/AndroidComposeViewAccessibilityDelegateCompat$scheduleScrollEventIfNeededLambda$1,1,3,33.33
d9d23ea0f739bdfd,org/jsoup/parser/TokeniserState$47,1,10,10.0
3a3bc3eaaedd5ab0,androidx/datastore/core/DataStoreImpl$data$1$5,1,11,9.09
59d63ce272e35a1f,androidx/compose/animation/AnimatedContentKt$AnimatedContent$9,1,3,33.33
28f9d433884a3949,androidx/compose/material/ripple/Ripple_androidKt,1,18,5.56
a9962cfefe6336c0,com/google/gson/internal/bind/TypeAdapters$21,1,12,8.33
a0f69480d32b0a8b,me/ash/reader/ui/page/home/feeds/drawer/feed/FeedOptionViewModel_HiltModules_KeyModule_Provide_LazyMapKey,1,2,50.0
f91f09b81b548616,org/jsoup/parser/TokeniserState$31,1,14,7.14
6d097db330f3cdb9,org/jdom2/input/sax/DefaultSAXHandlerFactory$DefaultSAXHandler,1,1,100.0
dd89e4ac78186cc2,me/ash/reader/domain/repository/ArticleDao$insertListIfNotExist$1,1,2,50.0
181bdc8187112d88,androidx/compose/ui/platform/AndroidUiDispatcher$Companion$currentThread$1,1,8,12.5
674bc1a98332abdb,androidx/compose/material3/MotionScheme,1,1,100.0
2c6493125de4ecb1,okhttp3/internal/UnreadableResponseBody,1,8,12.5
ef3d53c0491f7bd1,androidx/work/impl/model/WorkSpecDao_Impl$12,1,2,50.0
8a10a6241491b6ee,androidx/datastore/core/DataMigrationInitializer,1,2,50.0
b11968a73d630a96,androidx/compose/runtime/ParcelableSnapshotMutableLongState$Companion$CREATOR$1,1,5,20.0
971d850928293458,kotlinx/coroutines/channels/ChannelsKt,1,70,1.43
0ceb7a2d5f66e7cf,androidx/compose/ui/text/AndroidTextStyle_androidKt,1,7,14.29
d918e5efb985eb03,androidx/work/impl/model/WorkSpecDao_Impl$11,1,2,50.0
d91bb7e3d389f3e1,androidx/work/impl/background/greedy/DelayedWorkTracker$1,1,3,33.33
c86eecaed0275a79,androidx/datastore/preferences/protobuf/WireFormat$FieldType$2,1,2,50.0
8cff1f08f7deea99,androidx/lifecycle/ViewModelProvider$AndroidViewModelFactory$special$$inlined$Key$1,1,1,100.0
45128aaa5b663a6f,androidx/work/InputMerger,1,1,100.0
4c34f6c91902ed35,kotlinx/coroutines/flow/StartedEagerly,1,3,33.33
c561e26527f1ae38,androidx/compose/ui/text/font/AndroidFontUtils_androidKt,1,13,7.69
e686e2622282e8ab,org/jsoup/parser/HtmlTreeBuilderState$13,1,40,2.5
0fe25a9f3e954526,me/ash/reader/infrastructure/di/DatabaseModule_ProvideAccountDaoFactory,1,5,20.0
759c80a351806a6a,com/google/gson/internal/sql/SqlDateTypeAdapter,1,19,5.26
794ff14a5e90b84d,androidx/datastore/core/RunOnce$runIfNeeded$1,1,2,50.0
ea72d127277f92c8,androidx/compose/material3/adaptive/layout/PaneAdaptedValue$Simple,1,2,50.0
f1b50380a0781ca4,kotlinx/coroutines/channels/Channel,1,1,100.0
4921b39501c9f594,org/jsoup/parser/HtmlTreeBuilderState$18,1,22,4.55
a96048bb8b34e402,kotlinx/coroutines/flow/FlowKt__EmittersKt$onCompletion$$inlined$unsafeFlow$1$1,1,2,50.0
06e0c4ab3ed4b272,androidx/appcompat/app/AppLocalesMetadataHolderService$Api24Impl,1,2,50.0
3c3e95b4e8176f63,me/ash/reader/ui/page/adaptive/ArticleListReaderViewModel_HiltModules_BindsModule_Binds_LazyMapKey,1,2,50.0
8c83109518fe2beb,androidx/work/impl/model/WorkSpecDao_Impl$14,1,2,50.0
ba3ba32d035b556a,okhttp3/internal/platform/android/BouncyCastleSocketAdapter$Companion$factory$1,1,9,11.11
0d1b9cf00b74b5b3,androidx/compose/runtime/SnapshotIntState_androidKt,1,1,100.0
33bf2452c6c8de10,androidx/work/impl/model/WorkSpecDao_Impl$3,1,2,50.0
e43d04c5e5432a8e,me/ash/reader/infrastructure/di/AccountServiceModule_ProvideAccountServiceFactory,1,5,20.0
f7dd16ba880e8639,kotlinx/coroutines/flow/FlowKt__LimitKt$dropWhile$1$1$emit$1,1,2,50.0
4021a9fe58d6be5d,me/ash/reader/ui/page/settings/accounts/AccountViewModel_HiltModules$KeyModule,1,2,50.0
1ec9a9acc14719ad,retrofit2/BuiltInConverters,1,10,10.0
9acd942172ea3393,androidx/compose/material/ripple/RippleNode$onAttach$1$1,1,9,11.11
b7adec84512f25a5,androidx/datastore/core/SingleProcessCoordinator$lock$1,1,2,50.0
bcd684c35ebe890f,com/google/gson/internal/bind/JsonAdapterAnnotationTypeAdapterFactory,1,23,4.35
2b79811cf9dddc06,org/jsoup/parser/TokeniserState$65,1,10,10.0
6908bd072a7df1a6,androidx/compose/foundation/lazy/layout/DefaultLazyKey$Companion$CREATOR$1,1,5,20.0
595346229f67eff0,org/jsoup/parser/TokeniserState$53,1,14,7.14
a8082eda02f02bca,androidx/datastore/preferences/protobuf/ManifestSchemaFactory$1,1,3,33.33
9a60c4d28793f6d1,androidx/compose/foundation/lazy/layout/StableValue,1,16,6.25
758b76d124b74818,org/jdom2/filter/AbstractFilter,1,33,3.03
66273a0cdfa3ac71,com/google/gson/internal/bind/TypeAdapters$13,1,10,10.0
b83caaa34c56d134,com/caverock/androidsvg/SVG$SvgElement,1,1,100.0
14d545c19942784d,okhttp3/Response$Builder$initExchange$1,1,3,33.33
f8391a770b9199f8,org/jsoup/parser/TokeniserState$11,1,15,6.67
0f003173df8951bd,androidx/datastore/core/DataStoreImpl$handleUpdate$1,1,2,50.0
989e7ae51a62684e,me/ash/reader/domain/repository/GroupDao_Impl$3,1,5,20.0
7fb55e578a3a3b81,okhttp3/EventListener$Companion$NONE$1,1,1,100.0
a8f5e83ce270d2e0,androidx/profileinstaller/ProfileInstallerInitializer$Result,1,1,100.0
ece3cae3be8a88ed,androidx/compose/ui/Alignment,1,1,100.0
c88e6ccdfc10c822,androidx/compose/ui/input/nestedscroll/NestedScrollDispatcher$calculateNestedScrollScope$1,1,3,33.33
c8ce752085fd886e,kotlinx/coroutines/flow/FlowKt__ReduceKt$first$$inlined$collectWhile$2$1,1,2,50.0
4086d8c8ca51c29e,androidx/profileinstaller/ProfileVerifier$CompilationStatus,1,5,20.0
7c4a5e89dda44ff5,com/google/gson/internal/bind/TypeAdapters$3,1,9,11.11
48a5d8ebf4fd9427,androidx/core/os/LocaleListCompat$Api24Impl,1,4,25.0
cb94746c05a0aac0,androidx/compose/material3/adaptive/AndroidWindowAdaptiveInfo_androidKt$collectFoldingFeaturesAsState$lambda$0$$inlined$map$1$2$1,1,2,50.0
33ca88b160c70b19,kotlin/jvm/internal/PropertyReference1,1,8,12.5
63b278fe9b081094,org/jsoup/parser/TokeniserState$27,1,2,50.0
fe5faf93f09f7188,kotlinx/coroutines/StandaloneCoroutine,1,2,50.0
78745d4a07673284,com/google/gson/ToNumberPolicy$3,1,14,7.14
b67145ce9692d426,androidx/compose/ui/platform/AndroidUiFrameClock$withFrameNanos$2$1,1,3,33.33
6968dbe6fd983e38,kotlinx/coroutines/flow/SharedFlowImpl$collect$1,1,2,50.0
4a4f0c237630c173,androidx/compose/ui/platform/ComposeView$Content$1,1,3,33.33
4c888274599ae62e,org/jsoup/parser/TokeniserState$22,1,13,7.69
5202faf8add9b46a,me/ash/reader/infrastructure/di/DatabaseModule_ProvideFeedDaoFactory,1,5,20.0
166868c6073dc8c6,androidx/fragment/app/FragmentManager$2,1,5,20.0
3189ff4d2692d901,okhttp3/internal/connection/ConnectPlan$connectTls$1,1,9,11.11
fe6064304f8b2481,com/google/gson/internal/bind/TypeAdapters$24,1,12,8.33
1820544bfa7b877d,androidx/navigation3/ui/NavDisplayKt__NavDisplayKt$NavDisplay$12$1$invokeSuspend$$inlined$filter$1$2$1,1,2,50.0
bcf4056c094141a9,androidx/compose/ui/input/nestedscroll/NestedScrollNode$updateDispatcherFields$1,1,3,33.33
f0618a001d5e364d,org/jsoup/parser/TokeniserState$3,1,10,10.0
05aa621797330109,org/jsoup/parser/TokeniserState$32,1,7,14.29
b608fdaaeac690ee,androidx/compose/animation/core/VectorizedDurationBasedAnimationSpec,1,7,14.29
09c6e7c950238fa1,org/jsoup/parser/TokeniserState$24,1,14,7.14
264f55275d161fe1,com/google/gson/internal/bind/TypeAdapters$7,1,13,7.69
6bcab91ad1c6b2b0,org/jsoup/parser/TokeniserState$30,1,13,7.69
e711db882772ca52,org/jsoup/parser/TokeniserState$58,1,12,8.33
b938fedd62e034b8,org/jsoup/parser/HtmlTreeBuilderState$16,1,66,1.52
54d4b169aa10de6f,kotlinx/coroutines/flow/SharingStarted,1,1,100.0
4a02a745dcb1602a,androidx/lifecycle/LifecycleRegistry_androidKt,1,1,100.0
ef00733e9051fdb0,androidx/work/impl/UnfinishedWorkListenerKt$maybeLaunchUnfinishedWorkListener$1,1,13,7.69
a519469689f47b99,org/jsoup/parser/TokeniserState$12,1,9,11.11
a2adfe6e0f8722a1,androidx/compose/runtime/ParcelableSnapshotMutableIntState$Companion$CREATOR$1,1,5,20.0
bb6413c3a85f3115,kotlinx/coroutines/flow/FlowKt__LimitKt$takeWhile$lambda$6$$inlined$collectWhile$1$1,1,2,50.0
818194aaf24a5699,me/ash/reader/ui/page/settings/troubleshooting/TroubleshootingViewModel_HiltModules$KeyModule,1,2,50.0
77a872f48218b54e,coil/fetch/ByteBufferFetcher$Factory,1,3,33.33
806d48d28bea9141,androidx/datastore/core/okio/OkioStorageConnection$writeScope$1,1,2,50.0
a8f325afe847b735,org/jsoup/parser/TokeniserState$62,1,13,7.69
2bff2a83934360b7,me/ash/reader/infrastructure/di/CoroutineDispatcherModule_ProvideDefaultDispatcherFactory,1,5,20.0
c7bc2d8d6a2df297,androidx/room/TriggerBasedInvalidationTracker$createFlow$1$2$emit$1,1,2,50.0
2b2126442d46d2b3,com/caverock/androidsvg/SVG$SvgViewBoxContainer,1,1,100.0
b9088564ca9c0465,kotlinx/coroutines/flow/FlowKt__EmittersKt$onStart$$inlined$unsafeFlow$1$1,1,2,50.0
12dc5fac687357a2,androidx/work/impl/WorkDatabase_AutoMigration_13_14_Impl,1,7,14.29
7b460149d53cfd8b,org/jsoup/parser/HtmlTreeBuilderState$15,1,39,2.56
b4c7c9e41193de64,coil/key/UriKeyer,1,6,16.67
22fa18b765c16d58,androidx/window/layout/adapter/sidecar/SidecarCompat,1,163,0.61
4174e6c84bb35eed,androidx/compose/ui/graphics/colorspace/Rgb$oetf$1,1,3,33.33
664593cfe1d8e6bb,kotlinx/coroutines/CoroutineExceptionHandler,1,1,100.0
7c4e8aa60e210a23,androidx/compose/ui/semantics/SemanticsConfigurationKt,1,1,100.0
ea056f72c2f87488,androidx/work/impl/model/WorkTagDao_Impl$2,1,2,50.0
0a828996e9bd99bb,androidx/compose/ui/layout/ContentScale$Companion$FillWidth$1,1,7,14.29
758657c11d972cf2,androidx/core/view/accessibility/AccessibilityNodeProviderCompat$AccessibilityNodeProviderApi26,1,4,25.0
54ef00ab5ebb39c8,org/jsoup/parser/TokeniserState$28,1,2,50.0
3795221d78109ed9,me/ash/reader/domain/data/DiffMapHolder$syncDiffsWithRemote$1,1,2,50.0
4e95c51da2ceda16,androidx/datastore/core/okio/OkioReadScope$readData$1,1,2,50.0
7523260b23640319,okio/internal/ResourceFileSystem$roots$2,1,3,33.33
9caad32561da9d0d,androidx/work/impl/model/RawWorkInfoDao_Impl,1,175,0.57
9349c3d4583a9bc2,androidx/compose/foundation/gestures/ScrollableNode$setScrollSemanticsActions$2,1,12,8.33
77f86023f6a0f215,androidx/concurrent/futures/CallbackToFutureAdapter$SafeFuture$1,1,3,33.33
2897cc619bc20cbd,kotlinx/coroutines/AwaitAll$DisposeHandlersOnCancel,1,7,14.29
c58fa7e841693081,org/jsoup/parser/TokeniserState$19,1,2,50.0
59a08c4099edffac,org/jsoup/parser/TokeniserState$55,1,15,6.67
3180bd0c2b21541d,androidx/core/view/accessibility/AccessibilityNodeProviderCompat$AccessibilityNodeProviderApi19,1,15,6.67
a718c3267e0c4980,coil/fetch/BitmapFetcher$Factory,1,3,33.33
07c59c6d655ecd42,org/jsoup/parser/TokeniserState$40,1,19,5.26
3e4cdfba48985adb,org/jsoup/Jsoup,1,25,4.0
e369691b019f9850,okhttp3/internal/http2/PushObserver$Companion$PushObserverCancel,1,6,16.67
e789d893cb1387cc,androidx/work/impl/utils/taskexecutor/TaskExecutor,1,2,50.0
afab56b31a5fb089,androidx/work/impl/AutoMigration_14_15,1,6,16.67
3948ef5411a17464,kotlinx/coroutines/flow/FlowKt__ErrorsKt$retryWhen$$inlined$unsafeFlow$1$1,1,2,50.0
b6f3f578604a9018,androidx/datastore/core/DataMigrationInitializer$Companion$runMigrations$1,1,2,50.0
927251cc453b3567,androidx/core/view/ViewCompat$Api20Impl,1,7,14.29
1f57864de5248fdb,androidx/datastore/core/okio/Synchronizer,1,6,16.67
8a770f88532722d8,androidx/compose/ui/layout/ContentScale$Companion$Inside$1,1,16,6.25
c683bfee8c71811d,androidx/core/view/WindowInsetsCompat$Impl29,1,16,6.25
12841fc1a198b8cc,org/jsoup/parser/TokeniserState$67,1,8,12.5
63bbea6cf8ac2563,org/jsoup/parser/HtmlTreeBuilderState$9,1,73,1.37
b1d763a6dab73cda,kotlinx/serialization/internal/AbstractPolymorphicSerializer,1,46,2.17
b8f9c0671a805622,androidx/compose/animation/AnimatedVisibilityKt$AnimatedVisibility$2,1,3,33.33
3f9dd5138ff57147,com/caverock/androidsvg/SVG$SvgPaint,1,1,100.0
685ac2966df2335f,com/google/gson/internal/sql/SqlTimestampTypeAdapter,1,10,10.0
87ca4a42e5b89c4a,me/ash/reader/infrastructure/net/NetworkDataSource,1,1,100.0
136adeda889c7152,me/ash/reader/infrastructure/di/CacheHolderModule_ProvideCacheHelperFactory,1,5,20.0
87221b3e3c78b4e5,coil/request/RequestDelegate,1,4,25.0
cae3e787aaf05335,androidx/compose/ui/input/pointer/PointerButtons,1,15,6.67
27578ab123239a6c,androidx/compose/material3/adaptive/layout/AdaptStrategy,1,2,50.0
159faf0b650e2b35,me/ash/reader/infrastructure/di/CoroutineDispatcherModule_ProvideIODispatcherFactory,1,5,20.0
718d111f8dc2f9e7,androidx/compose/ui/node/DelegatableNode,1,2,50.0
0b3ec51c27ec3d0f,androidx/compose/material3/adaptive/layout/PaneAdaptedValue,1,1,100.0
294d158291c879e0,kotlinx/serialization/json/internal/CreateMapForCacheKt,1,1,100.0
613fc1cd6a275e2f,androidx/compose/ui/platform/CompositionLocalsKt$ProvideCommonCompositionLocals$1,1,3,33.33
e3f48eec5b5382b0,androidx/work/impl/WorkDatabase_AutoMigration_18_19_Impl,1,2,50.0
efdceb75ee487fe0,com/google/gson/TypeAdapter$1,1,8,12.5
24c25d46b4d21852,com/caverock/androidsvg/SVG$SvgElementBase,1,2,50.0
0dca184000b4a038,androidx/datastore/preferences/protobuf/ByteOutput,1,1,100.0
adeea904026d13b5,com/google/gson/Gson$4,1,6,16.67
7315c3a67dac5825,androidx/datastore/core/DataStoreImpl$writeActor$1,1,9,11.11
d0f193003c94aa59,org/jsoup/parser/TokeniserState$57,1,12,8.33
810f65f0fc63edcd,me/ash/reader/infrastructure/android/DaggerAndroidApp_HiltComponents_SingletonC$ActivityRetainedCImpl$SwitchingProvider,1,3,33.33
753e7524ebc59e85,kotlin/jvm/internal/MutablePropertyReference1,1,10,10.0
f454a2eae289816c,org/jsoup/parser/TokeniserState$4,1,2,50.0
fe67f6f1b395ae6c,com/google/gson/internal/bind/TypeAdapters$12,1,13,7.69
37280b66b978b045,me/ash/reader/infrastructure/di/OkHttpClientModule_ProvideOkHttpClientFactory,1,5,20.0
5a87381584845381,com/google/gson/internal/bind/TypeAdapters$10,1,21,4.76
9e5a84426f132092,androidx/compose/ui/layout/OnGloballyPositionedModifierKt,1,1,100.0
d054c27de6c6214d,org/jsoup/parser/TokeniserState$13,1,20,5.0
cc0eb6e9578978a8,com/google/gson/internal/bind/TypeAdapters$22,1,15,6.67
9ff7f7b53e5263c1,dagger/hilt/android/internal/modules/ApplicationContextModule_ProvideContextFactory,1,5,20.0
15987f6d56f629d2,com/google/gson/internal/bind/TypeAdapters$8,1,7,14.29
85ada8264924114f,androidx/compose/runtime/SnapshotState_androidKt,1,1,100.0
b1aeae1d4c600632,androidx/lifecycle/SavedStateHandleSupport$special$$inlined$Key$3,1,1,100.0
7152e68d25dea7ec,okhttp3/internal/cache/DiskLruCache$Editor$newSink$1$1,1,6,16.67
a9501a2a51ef7760,kotlinx/coroutines/EventLoopImplBase$DelayedTaskQueue,1,1,100.0
459e8cccd64ccae1,androidx/profileinstaller/ProfileInstaller$2,1,22,4.55
5dd5a73c0a5846bc,androidx/lifecycle/viewmodel/internal/SynchronizedObject,1,1,100.0
53e772b5bfddc8ac,androidx/compose/foundation/shape/CornerSizeKt$ZeroCornerSize$1,1,5,20.0
9f20ca235ece7dee,kotlinx/coroutines/ThreadContextElementKt,1,28,3.57
acac8c6b952523ce,androidx/compose/ui/graphics/vector/GroupComponent$wrappedListener$1,1,6,16.67
78e3e6355ad4d234,androidx/core/content/ContextCompat$Api21Impl,1,4,25.0
cf9c37d264c8aabc,androidx/fragment/app/FragmentManager$9,1,10,10.0
fe27cdc01afc5f21,kotlin/jvm/internal/MutablePropertyReference1Impl,1,8,12.5
6f21f519e2822ee7,androidx/datastore/core/okio/OkioWriteScope$writeData$1,1,2,50.0
c56f44f46cd39b2f,androidx/compose/animation/AnimatedContentScopeImpl,1,3,33.33
824ed2d7421524e1,androidx/compose/ui/node/NodeChainKt$fillVector$1,1,4,25.0
397ccf400ca86ce5,androidx/work/impl/model/SystemIdInfoDao_Impl$2,1,2,50.0
66b1e1f70d6fdca8,com/caverock/androidsvg/SVG$SvgPreserveAspectRatioContainer,1,1,100.0
d71880828c49cd59,org/jsoup/parser/HtmlTreeBuilderState$Constants,1,2,50.0
f754dbb823455938,me/ash/reader/domain/model/general/VersionKt,1,1,100.0
2f3fc16b4a3792fe,com/google/gson/internal/bind/TypeAdapters$23,1,9,11.11
1d321cb6a62eb135,androidx/datastore/core/DataStoreImpl$incrementCollector$2$1$1,1,6,16.67
f08bf0243dd72bcf,org/jsoup/parser/TokeniserState$39,1,15,6.67
214410e2691f8e79,androidx/core/view/SoftwareKeyboardControllerCompat$Impl30,1,37,2.7
1ee1f2e11d3d07f3,androidx/compose/foundation/AbstractClickableNode$focusableNode$1,1,3,33.33
704a5131f767e0cc,androidx/activity/result/ActivityResultLauncher,1,2,50.0
6126262e1a212bcc,androidx/compose/ui/platform/coreshims/ViewCompatShims$Api29Impl,1,2,50.0
088633283415d8b8,coil/fetch/AssetUriFetcher$Factory,1,4,25.0
2dd4fdd3eaff4def,me/ash/reader/ui/page/home/feeds/drawer/group/GroupOptionViewModel_HiltModules_BindsModule_Binds_LazyMapKey,1,2,50.0
1b03cb41b6fbf19c,kotlin/internal/jdk7/JDK7PlatformImplementations,1,18,5.56
2432995209f043bf,androidx/datastore/core/DataStoreImpl$incrementCollector$1,1,2,50.0
7664194f512c6930,androidx/activity/EdgeToEdgeApi26,1,12,8.33
3908102e7376ad6a,org/jsoup/parser/TokeniserState$21,1,6,16.67
755fb9824a77b1e8,androidx/compose/ui/platform/AndroidComposeView$dragAndDropManager$1,1,3,33.33
3d5d6c3fef9089b4,com/caverock/androidsvg/SVG$ClipPath,1,2,50.0
2bcfe98f19c10cc9,me/ash/reader/ui/page/home/feeds/subscribe/SubscribeViewModel_HiltModules_KeyModule_Provide_LazyMapKey,1,2,50.0
86f7a8c355690c39,androidx/datastore/core/DataStoreImpl$InitDataStore$doRun$initData$1$api$1$updateData$1,1,2,50.0
47375b6086a02d9d,androidx/fragment/app/FragmentManager$8,1,10,10.0
22e5cbce56efe8af,androidx/compose/runtime/SnapshotIntStateKt,1,3,33.33
9d7d2002fe167407,me/ash/reader/ui/page/home/feeds/subscribe/SubscribeViewModel_HiltModules_BindsModule_Binds_LazyMapKey,1,2,50.0
751ace09189034f2,androidx/compose/ui/graphics/colorspace/Rgb$eotf$1,1,3,33.33
7a75a55c0f2b4771,org/jsoup/parser/TokeniserState$56,1,13,7.69
1f2971b050d4e935,androidx/work/impl/model/WorkSpecDao_Impl$5,1,2,50.0
d23eaf79adf5473f,me/ash/reader/ui/page/home/feeds/FeedsViewModel_HiltModules$KeyModule,1,2,50.0
d3722101dd9e785c,androidx/core/view/WindowInsetsControllerCompat$Impl,1,12,8.33
a2e3db117c5b721e,androidx/compose/foundation/lazy/LazyListPrefetchStrategy,1,2,50.0
413c943408b2aa7b,androidx/window/WindowSdkExtensions$Companion$getInstance$1,1,1,100.0
b8ec5c4736348574,androidx/datastore/preferences/protobuf/ByteString$2,1,11,9.09
93211ac0ce30ffd4,com/caverock/androidsvg/SVG$SvgObject,1,2,50.0
e164ad83f00184f6,com/caverock/androidsvg/SVG$Path,1,2,50.0
81710f1662c0d4be,me/ash/reader/ui/page/home/feeds/drawer/group/GroupOptionViewModel_HiltModules$KeyModule,1,2,50.0
6fe9f10c080b0ec7,me/ash/reader/ui/ext/DataStoreExtKt$get$1$invokeSuspend$$inlined$map$1$2$1,1,2,50.0
2819448474d70066,me/ash/reader/infrastructure/di/CoroutineScopeModule_ProvideCoroutineScopeFactory,1,5,20.0
10812ad65adbf8a1,androidx/compose/foundation/gestures/ScrollableKt$DefaultScrollMotionDurationScale$1,1,6,16.67
8ad8cb3119c2801a,androidx/collection/internal/Lock,1,5,20.0
90d9aa261e6bfcd2,androidx/compose/animation/EnterExitTransitionKt$expandHorizontally$2,1,6,16.67
44a868616359d7c2,com/google/gson/internal/bind/ArrayTypeAdapter,1,27,3.7
d0060715c68809c3,androidx/work/impl/AutoMigration_19_20,1,3,33.33
283bc1dbef8bde03,androidx/compose/ui/graphics/AndroidPath_androidKt,1,12,8.33
ac5cf822186cb460,com/google/gson/internal/bind/TypeAdapterRuntimeTypeWrapper,1,20,5.0
02b54d64f3a74403,kotlinx/coroutines/SupervisorCoroutine,1,2,50.0
2af3adb5aea75163,com/google/gson/internal/bind/TypeAdapters$15,1,9,11.11
9d85863ae96c2a5d,org/jsoup/parser/HtmlTreeBuilderState$22,1,16,6.25
9f0836571adbcb14,androidx/compose/ui/layout/WindowInsetsRulers,1,1,100.0
c8e6d6ed1dfedb6b,org/jsoup/parser/HtmlTreeBuilderState$8,1,13,7.69
8447b23f61c9af14,org/jsoup/select/Evaluator,1,1,100.0
dc575ad10f9c91b2,org/jsoup/parser/TokeniserState$20,1,6,16.67
9ed1f6c68a8f7a31,com/google/gson/ToNumberPolicy$2,1,2,50.0
2d321ed3bca6d7fd,androidx/compose/ui/input/pointer/PointerIcon,1,1,100.0
6f2c1a8ce0fa0de7,org/jsoup/parser/HtmlTreeBuilderState$21,1,14,7.14
cd9cdd703a17d228,androidx/room/ObservedTableVersions$collect$1,1,2,50.0
6a1240b8e8f6da83,androidx/work/impl/WorkDatabaseKt,1,1,100.0
7d2c7eb49d66e612,androidx/compose/ui/semantics/SemanticsPropertiesKt$getScrollViewportLength$1,1,6,16.67
9433d33f24ac5b53,androidx/compose/ui/graphics/CanvasKt,1,38,2.63
d3dc7b78b0de017a,androidx/compose/runtime/SnapshotIntStateKt__SnapshotIntStateKt,1,5,20.0
042f3e9258b9bb01,kotlinx/coroutines/CancellableContinuationImplKt,1,4,25.0
013a271aa3f95cdc,androidx/appcompat/app/AppCompatDelegate$ThreadPerTaskExecutor,1,2,50.0
faa0631af0beb00d,androidx/compose/ui/text/input/TextInputServiceAndroid$baseInputConnection$2,1,3,33.33
b8b1b1989549a56d,okhttp3/JvmCallExtensionsKt$executeAsync$2$1,1,3,33.33
fd708b9c0918e6e4,org/jsoup/parser/TokeniserState$43,1,6,16.67
70dadebd59f6eea4,kotlin/jvm/internal/Ref$IntRef,1,2,50.0
4574c2d5a05efeb8,androidx/compose/ui/platform/AndroidComposeView$indirectPointerNavigationGestureDetector$1,1,3,33.33
c03cfadd1131b29a,com/google/gson/internal/sql/SqlTimeTypeAdapter,1,20,5.0
535fe159ad8726d0,androidx/activity/result/contract/ActivityResultContract,1,2,50.0
1dd01d7a1fb1466d,androidx/compose/animation/EnterExitTransitionModifierNode$slideSpec$1,1,15,6.67
e1a56f1395fc0230,me/ash/reader/domain/repository/FeedDao_Impl$5,1,25,4.0
008176bf0b4ca4ea,retrofit2/CallAdapter$Factory,1,3,33.33
7e7e097fb36ffdca,me/ash/reader/infrastructure/di/SettingsProviderModule_ProvideSettingsProviderFactory,1,5,20.0
f8c795b4675b73ef,androidx/datastore/core/okio/OkioStorageConnection$readScope$1,1,2,50.0
85aa1dcf13c1926c,androidx/work/impl/WorkManagerImpl$Api24Impl,1,2,50.0
34a9954085c15dfa,androidx/work/impl/model/WorkSpecDao_Impl$10,1,2,50.0
0068b53f5e161298,androidx/compose/foundation/lazy/layout/StickyItemsPlacement,1,1,100.0
2d3db6039543d7a1,com/google/gson/internal/bind/TypeAdapters$25,1,8,12.5
c626ae033809ca29,androidx/room/RoomOpenHelper$Delegate,1,8,12.5
6ae24408701444f5,me/ash/reader/infrastructure/di/RetrofitModule_ProvideAppNetworkDataSourceFactory,1,5,20.0
ee3c7d95e81141ac,androidx/compose/animation/core/DecayAnimationSpecImpl,1,2,50.0
0227fd6e2743c21f,androidx/compose/ui/text/ParagraphKt,1,87,1.15
48a1f77b9794b26a,coil/fetch/ResourceUriFetcher$Factory,1,5,20.0
511f37647ccf809c,androidx/compose/material3/FloatingActionButtonElevation$animateElevation$2$1$1,1,19,5.26
6590d8c5a02d6749,androidx/compose/animation/EnterExitTransitionKt$slideInHorizontally$2,1,6,16.67
55c05b26802c94f6,androidx/compose/ui/Modifier$Element,1,14,7.14
32ad858a8381ce9b,kotlinx/coroutines/internal/Symbol,1,5,20.0
d2c4015863220a81,androidx/room/TriggerBasedInvalidationTracker$stopTrackingTable$1,1,2,50.0
5531be0be3b452cc,androidx/profileinstaller/ProfileInstaller$1,1,3,33.33
e54a95fb1bce5137,kotlinx/coroutines/EventLoopKt,1,11,9.09
2e3c966258c1dad7,org/jsoup/parser/TokeniserState$49,1,17,5.88
8ef389b8e0cb3dd3,androidx/compose/runtime/PersistentCompositionLocalMap,1,1,100.0
fc340a79ab2e8734,androidx/compose/ui/input/pointer/PointerKeyboardModifiers,1,15,6.67
50d7136d784841ae,kotlinx/coroutines/internal/ThreadLocalKt,1,2,50.0
11134a24f27f5317,kotlin/coroutines/intrinsics/IntrinsicsKt__IntrinsicsKt,1,4,25.0
3f53ce9c9ae6d154,com/google/gson/internal/bind/TypeAdapters$28,1,67,1.49
e0a38eb2a71b938e,kotlin/jvm/internal/PropertyReference2Impl,1,6,16.67
c06eb2e3b701ff0a,androidx/compose/runtime/SnapshotLongStateKt,1,3,33.33
57ef8fb675447796,androidx/arch/core/executor/TaskExecutor,1,5,20.0
a9cc49cb093c93b0,me/ash/reader/ui/page/settings/accounts/AccountViewModel_HiltModules_BindsModule_Binds_LazyMapKey,1,2,50.0
ea095da195b9b882,com/google/gson/Gson$5,1,19,5.26
d4ec53c4a5dbf86f,androidx/compose/ui/node/NodeCoordinator$Companion$PointerInputSource$1,1,38,2.63
25197419c9b8e219,androidx/compose/ui/graphics/AndroidGraphicsContext_androidKt,1,1,100.0
a7dbda5bcda6ea84,okhttp3/internal/platform/android/ConscryptSocketAdapter$Companion$factory$1,1,9,11.11
a17c860cf6818b4e,androidx/compose/ui/graphics/painter/Painter$drawLambda$1,1,3,33.33
86f74d2548ecb9f9,androidx/room/TriggerBasedInvalidationTracker$checkInvalidatedTables$1,1,2,50.0
13c267900960e7fb,coil/intercept/EngineInterceptor$execute$1,1,2,50.0
650afa3b30bcb55b,coil/transition/NoneTransition,1,6,16.67
6f0305af6638d64b,com/google/gson/internal/bind/TypeAdapters$20,1,9,11.11
cf7bc02a77b5c23b,androidx/compose/ui/platform/SubcompositionKt,1,2,50.0
476d80dfdaf927a9,com/google/gson/internal/bind/TypeAdapters$4,1,9,11.11
1f7bfeae472d9c10,androidx/datastore/preferences/protobuf/WireFormat$FieldType$1,1,2,50.0
3e44d0a5a555315f,androidx/datastore/preferences/protobuf/WireFormat$FieldType$4,1,2,50.0
f93cdbb054f52c88,com/google/gson/FieldNamingPolicy$5,1,2,50.0
7b2f312494e0c5e0,kotlinx/coroutines/flow/FlowKt__TransformKt$onEach$$inlined$unsafeTransform$1$2$1,1,2,50.0
ac0aad07940a6e19,androidx/compose/runtime/Composer$Companion$Empty$1,1,2,50.0
76210e31f244f173,androidx/datastore/core/DataStoreImpl$readDataAndUpdateCache$1,1,2,50.0
e032ff3135c851e7,kotlinx/coroutines/internal/ListClosed,1,1,100.0
4908db8d027eabb2,androidx/compose/runtime/SnapshotFloatState_androidKt,1,1,100.0
41405a099796b784,androidx/navigation3/runtime/NavEntryKt,1,1,100.0
62ee90010469ede6,org/jsoup/parser/TokeniserState$17,1,9,11.11
568a3732511e6bd4,org/jsoup/parser/TokeniserState$6,1,2,50.0
a918f4b3cc484a9e,com/google/gson/internal/bind/DateTypeAdapter,1,31,3.23
26fbfd3c24b204f6,androidx/compose/ui/contentcapture/ContentCaptureManager,1,1,100.0
56232bab96587059,com/google/gson/internal/bind/TypeAdapters$2,1,26,3.85
ac3b2b824bc9f7e0,androidx/compose/runtime/snapshots/SnapshotStateList$Companion$CREATOR$1,1,11,9.09
ef1ab8f91e4c7236,androidx/compose/ui/platform/AndroidTextToolbar$textActionModeCallback$1,1,3,33.33
8e5506e23334c045,androidx/compose/ui/text/font/Font,1,2,50.0
daa8d4e46ee31b7e,androidx/compose/animation/EnterExitTransitionKt$expandVertically$2,1,6,16.67
83069d0bc9b7cc61,me/ash/reader/ui/page/settings/tips/UpdateViewModel_HiltModules$KeyModule,1,2,50.0
f95bf05a2c575ebc,me/ash/reader/ui/page/adaptive/ArticleListReaderViewModel_HiltModules$KeyModule,1,2,50.0
bc04434f0ea72a03,androidx/datastore/core/DataStoreImpl$readAndInitOrPropagateAndThrowFailure$1,1,2,50.0
facf599e404678ed,androidx/compose/ui/node/ParentDataModifierNodeKt,1,1,100.0
048c0886544ac3bd,com/google/gson/Gson$2,1,14,7.14
c8ad0fceb3b2c8d5,coil/map/ByteArrayMapper,1,3,33.33
59f29cd8dcfa25d6,com/caverock/androidsvg/SVG$GraphicsElement,1,2,50.0
2cd4ec95bed6e298,androidx/activity/result/contract/ActivityResultContracts$RequestPermission,1,27,3.7
ccb00a47c6f01c23,androidx/compose/ui/platform/WindowRecomposerFactory,1,1,100.0
59180425c32fe237,org/jsoup/parser/HtmlTreeBuilderState$10,1,21,4.76
6f87d6d547e902fa,kotlin/jvm/internal/PropertyReference1Impl,1,7,14.29
67b5ace04fe4b8f3,androidx/compose/foundation/lazy/layout/LazyLayoutBeyondBoundsProviderModifierNode$Companion$emptyBeyondBoundsScope$1,1,2,50.0
ab59ea023ee9c3fb,kotlin/TuplesKt,1,5,20.0
74d0b085f1f609ec,me/ash/reader/ui/page/settings/tips/UpdateViewModel_HiltModules_KeyModule_Provide_LazyMapKey,1,2,50.0
23ddeba0063bd212,androidx/compose/ui/layout/HorizontalRuler$Companion$minOf$1,1,3,33.33
6655be0448f6acfd,androidx/compose/runtime/Recomposer$RecomposerInfoImpl,1,46,2.17
eacb3309009ce505,kotlinx/coroutines/scheduling/SchedulerTimeSource,1,1,100.0
53d87dc37d3f4f79,me/ash/reader/domain/service/RssService$special$$inlined$map$1$2$1,1,2,50.0
45c188dcb7f4068b,androidx/fragment/app/FragmentManager$5,1,2,50.0
ab530f63a9c55197,androidx/compose/animation/CrossfadeKt$Crossfade$1,1,3,33.33
ec5475bee7de0243,coil/map/FileUriMapper,1,26,3.85
1a9c392a635c1c6c,androidx/lifecycle/ViewModelProvider$special$$inlined$Key$1,1,1,100.0
1a0091cb6b7c1c3d,me/ash/reader/domain/repository/FeedDao_Impl$4,1,5,20.0
e21d46a9cacad2ee,com/google/gson/internal/bind/TypeAdapters$5,1,16,6.25
3e8bdca6029ddc15,retrofit2/Reflection$Android24,1,5,20.0
4f0bc632663193b9,com/google/gson/ToNumberPolicy$4,1,6,16.67
a035dc4dcb500be1,androidx/fragment/app/FragmentManager$10,1,16,6.25
e6824f3b55cc2092,org/jsoup/parser/TokeniserState$36,1,19,5.26
b2ace8038aeaccb7,androidx/window/layout/util/WindowMetricsCompatHelper,1,1,100.0
3d2e0a73b935336f,kotlinx/coroutines/flow/internal/CombineKt,1,4,25.0
9fbac76c4239e7e0,androidx/datastore/preferences/protobuf/ExtensionSchema,1,1,100.0
a243fbb8a7aba34c,com/google/gson/internal/bind/TypeAdapters$11,1,13,7.69
f30ece74284a680c,com/caverock/androidsvg/SVG$Rect,1,2,50.0
fcae50848555b43b,androidx/hilt/work/WorkerFactoryModule_ProvideFactoryFactory,1,6,16.67
e5bf8aa023463117,org/jsoup/parser/TokeniserState$5,1,2,50.0
badfe60e316fb0cb,androidx/compose/runtime/ParcelableSnapshotMutableFloatState$Companion$CREATOR$1,1,5,20.0
309cc86410165590,androidx/compose/ui/platform/AndroidComposeViewAccessibilityDelegateCompat$boundsUpdatesEventLoop$1,1,2,50.0
50098d9e3f549f4e,androidx/compose/ui/Actual_jvmKt,1,19,5.26
c71739377220318e,org/jsoup/parser/HtmlTreeBuilderState$12,1,28,3.57
1ec5b639bafbcf88,androidx/room/migration/Migration,1,7,14.29
dbe3e516f64dd527,kotlinx/coroutines/DisposeOnCancel,1,3,33.33
35e2817de82f8117,androidx/navigation3/runtime/RememberNavBackStackKt,1,2,50.0
74e60530f9dfd5a6,com/google/gson/FieldNamingPolicy$1,1,2,50.0
9e3c4d9b91e01ff7,androidx/compose/animation/SplineBasedDecayKt,1,14,7.14
6f7239d8f4f03f98,me/ash/reader/domain/repository/GroupDao_Impl$1,1,7,14.29
c88773ca204266de,me/ash/reader/domain/repository/GroupDao_Impl$4,1,8,12.5
35873bf09a0f69ab,com/google/gson/FieldNamingPolicy$7,1,2,50.0
4a32646a1df8ce45,androidx/compose/ui/node/NodeKind,1,18,5.56
f2e451b8f3d16d79,androidx/datastore/core/okio/OkioStorage$createConnection$2,1,6,16.67
af13c579232c175d,androidx/compose/ui/input/nestedscroll/NestedScrollNodeKt,1,5,20.0
c5210ae39d0eace6,androidx/activity/EdgeToEdgeBase,1,2,50.0
839cd505f1335986,org/slf4j/helpers/NamedLoggerBase,1,3,33.33
f613e9dc60ed4111,kotlin/collections/ArraysKt__ArraysJVMKt,1,14,7.14
add8d79deaa02edf,me/ash/reader/ui/page/home/feeds/FeedsViewModel_HiltModules_KeyModule_Provide_LazyMapKey,1,2,50.0
4b4c86f9f96a8aaa,kotlinx/coroutines/ThreadContextElement$DefaultImpls,1,4,25.0
7342f614d7d10cff,androidx/core/view/AccessibilityDelegateCompat$AccessibilityDelegateAdapter,1,25,4.0
f1a4f7de0fa577a3,org/jsoup/parser/TokeniserState$46,1,14,7.14
dca97c7e6b265563,me/ash/reader/ui/page/settings/accounts/addition/AdditionViewModel_HiltModules$KeyModule,1,2,50.0
6742734c23e2494d,androidx/compose/ui/text/input/InputMethodManagerImpl$imm$2,1,3,33.33
35cb8361ba4af24f,androidx/datastore/core/DataStoreImpl$writeData$1,1,2,50.0
4631179b345f5b40,androidx/datastore/preferences/core/PreferencesKt,1,1,100.0
acb3159c5fb13851,androidx/compose/runtime/PrimitiveSnapshotStateKt__SnapshotFloatStateKt,1,5,20.0
19332d5cf11c3ba1,androidx/compose/ui/platform/ViewLayer$Companion$OutlineProvider$1,1,3,33.33
297e54814c3c2f18,androidx/fragment/app/FragmentManager$FragmentIntentSenderContract,1,22,4.55
a2d8b377cbed24a5,androidx/compose/ui/contentcapture/AndroidContentCaptureManager$boundsUpdatesEventLoop$1,1,2,50.0
32be7bc324b7333d,org/jsoup/parser/TokeniserState$7,1,8,12.5
67e14cf19975ed69,kotlinx/coroutines/flow/internal/AbstractSharedFlowSlot,1,1,100.0
40a3256204bbfe6a,androidx/datastore/preferences/protobuf/MapEntryLite$Metadata,1,1,100.0
f2b5a5e41c779403,androidx/window/layout/WindowMetricsCalculator,1,8,12.5
859881660d74f6bf,coil/fetch/ContentUriFetcher$Factory,1,5,20.0
021c3288294746ed,androidx/appcompat/app/AppCompatActivity$1,1,3,33.33
bf0083a39d045ee9,androidx/compose/runtime/internal/ComposableLambdaImpl$invoke$1,1,3,33.33
9bfe45ea20682133,androidx/compose/ui/platform/coreshims/ViewCompatShims$Api26Impl,1,2,50.0
2c34bbde6c5324e7,dagger/hilt/internal/Preconditions,1,13,7.69
8b4e3be4c7fd6836,androidx/appcompat/app/AppCompatDelegateImpl$PanelFeatureState,1,52,1.92
8043fa21982f3d2c,me/ash/reader/ui/page/settings/troubleshooting/TroubleshootingViewModel_HiltModules_KeyModule_Provide_LazyMapKey,1,2,50.0
cff239f5198750ee,com/google/gson/LongSerializationPolicy$1,1,3,33.33
5d383ca1c607181a,androidx/lifecycle/SavedStateHandleSupport$special$$inlined$Key$1,1,1,100.0
4fc07e8fa540eb8a,androidx/compose/foundation/interaction/InteractionSourceKt,1,1,100.0
dc99cae841e2c814,androidx/compose/ui/graphics/Path,1,61,1.64
cc3da0c25ebeadce,androidx/room/RoomConnectionManager$NoOpOpenDelegate,1,15,6.67
94057d287d4e6bc4,kotlin/LazyKt__LazyKt,1,4,25.0
5d9e52cd7a3ecadd,org/jsoup/parser/HtmlTreeBuilderState$17,1,16,6.25
6c7f49140ce45636,okio/Buffer$UnsafeCursor,1,97,1.03
b028a26d1b82b67c,com/google/gson/internal/bind/TypeAdapters$9,1,5,20.0
3867136569865d3a,androidx/work/impl/WorkerWrapperKt$awaitWithin$2$1,1,6,16.67
8f04e7cf91c406cf,androidx/compose/runtime/internal/System_jvmKt,1,1,100.0
820327e78b9a11bf,androidx/room/driver/SupportSQLitePooledConnection$transaction$1,1,2,50.0
4b17ff9fd832137b,org/jsoup/parser/TokeniserState$25,1,12,8.33
7f71d968f835a1ed,net/dankito/readability4j/processor/ArticleGrabber$cleanConditionally$1$isDataTable$1,1,4,25.0
aed1066813db04b7,androidx/compose/runtime/external/kotlinx/collections/immutable/implementations/immutableList/UtilsKt,1,4,25.0
8744dae512d610a1,org/jsoup/parser/Token$EndTag,1,2,50.0
7cadb2938fbabe5e,androidx/compose/ui/platform/ViewCompositionStrategy,1,1,100.0
cb3f76f4f739150e,androidx/compose/ui/platform/AndroidComposeView$_inputModeManager$1,1,8,12.5
