CLASS_FILE_PATH:  --classfiles /home/ubuntu/TimeMachine/instrumented_apps/AmazeFileManager/AmazeFileManager-#1837/app/build/intermediates/javac/fdroidDebug/classes/ --classfiles /home/ubuntu/TimeMachine/instrumented_apps/AmazeFileManager/AmazeFileManager-#1837/commons_compress_7z/build/intermediates/javac/debug/classes/ --sourcefiles /home/ubuntu/TimeMachine/instrumented_apps/AmazeFileManager/AmazeFileManager-#1837/app/src/main/java/ --sourcefiles /home/ubuntu/TimeMachine/instrumented_apps/AmazeFileManager/AmazeFileManager-#1837/commons_compress_7z/src/main/java/
launching app under test...
adb -s emulator-5554 shell monkey -p com.amaze.filemanager.debug  1
SUCCESS: app is launched!
takes a while to complete starting animation ...
--taking snapshot for the initial state...
adb -s emulator-5554 shell logcat | grep controllable_widgets
-- log monitor is on...
starting monkey...
adb -s emulator-5554 shell monkey -p com.amaze.filemanager.debug --ignore-crashes --ignore-timeouts --ignore-security-exceptions  --ignore-native-crashes --throttle 200 -v  999999 
crash watcher starting...
--extracted id: OOAUT  num_controllable_widgets: 2
--transiton occurs
--a new state is triggered and add OOAUT into the state graph.
!!!!!!!!!!!!!!!!!!!!!!!!!!! Generating system event !!!!!!!!!!!!!!!!!!!!!!!!!!!!!!!!!!!!!!!!!!!!!
start time:  1786928612.0   budget:  180.0   now: 1786928722.89
!!!!!!!!!!!!!!!!!!!!!!!!!!! Generating system event !!!!!!!!!!!!!!!!!!!!!!!!!!!!!!!!!!!!!!!!!!!!!
start time:  1786928612.0   budget:  180.0   now: 1786928809.99
System event generator closing
get_jacoco_coverage- return code:  output: Broadcasting: Intent { act=edu.gatech.m3.emma.COLLECT_COVERAGE }
Broadcast completed: result=0
---
[COVERAGE FILE EXIST?]
coverage.ec
---
---
[VALIDATE COVERAGE FILE]$ java -jar /home/ubuntu/TimeMachine/fuzzingandroid/libs/jacococli.jar report /home/ubuntu/TimeMachine/results/AmazeFileManager-3.4.2-#1837-rebuilt.apk.timemachine.result.emulator-5554#2026-08-17-01-00-46/ec_files/emulator-55542026-08-17-01-09-02.ec  --classfiles /home/ubuntu/TimeMachine/instrumented_apps/AmazeFileManager/AmazeFileManager-#1837/app/build/intermediates/javac/fdroidDebug/classes/ --classfiles /home/ubuntu/TimeMachine/instrumented_apps/AmazeFileManager/AmazeFileManager-#1837/commons_compress_7z/build/intermediates/javac/debug/classes/ --sourcefiles /home/ubuntu/TimeMachine/instrumented_apps/AmazeFileManager/AmazeFileManager-#1837/app/src/main/java/ --sourcefiles /home/ubuntu/TimeMachine/instrumented_apps/AmazeFileManager/AmazeFileManager-#1837/commons_compress_7z/src/main/java/ &> temp
---
---
[VALIDATE MESSAGE]
---
SUCCESS: coverage file is valid!
[INFO] Loading execution data file /home/ubuntu/TimeMachine/results/AmazeFileManager-3.4.2-#1837-rebuilt.apk.timemachine.result.emulator-5554#2026-08-17-01-00-46/ec_files/emulator-55542026-08-17-01-09-02.ec.
[INFO] Analyzing 508 classes.
 /sdcard/coverage.ec: 1 file pulled, 0 skipped. 0.2 MB/s (9887 bytes in 0.061s)
 
compute_coverage-return code:  output: /home/ubuntu/TimeMachine/results/AmazeFileManager-3.4.2-#1837-rebuilt.apk.timemachine.result.emulator-5554#2026-08-17-01-00-46/ec_files/coveragetemp.ec /home/ubuntu/TimeMachine/results/AmazeFileManager-3.4.2-#1837-rebuilt.apk.timemachine.result.emulator-5554#2026-08-17-01-00-46/ec_files/emulator-55542026-08-17-01-09-02.ec
[INFO] Loading execution data file /home/ubuntu/TimeMachine/results/AmazeFileManager-3.4.2-#1837-rebuilt.apk.timemachine.result.emulator-5554#2026-08-17-01-00-46/ec_files/coveragetemp.ec.
[INFO] Loading execution data file /home/ubuntu/TimeMachine/results/AmazeFileManager-3.4.2-#1837-rebuilt.apk.timemachine.result.emulator-5554#2026-08-17-01-00-46/ec_files/emulator-55542026-08-17-01-09-02.ec.
[INFO] Analyzing 508 classes.
   
get_jacoco_coverage- return code:  output: Broadcasting: Intent { act=edu.gatech.m3.emma.COLLECT_COVERAGE }
Broadcast completed: result=0
---
[COVERAGE FILE EXIST?]
coverage.ec
---
---
[VALIDATE COVERAGE FILE]$ java -jar /home/ubuntu/TimeMachine/fuzzingandroid/libs/jacococli.jar report /home/ubuntu/TimeMachine/results/AmazeFileManager-3.4.2-#1837-rebuilt.apk.timemachine.result.emulator-5554#2026-08-17-01-00-46/ec_files/emulator-55542026-08-17-01-09-05.ec  --classfiles /home/ubuntu/TimeMachine/instrumented_apps/AmazeFileManager/AmazeFileManager-#1837/app/build/intermediates/javac/fdroidDebug/classes/ --classfiles /home/ubuntu/TimeMachine/instrumented_apps/AmazeFileManager/AmazeFileManager-#1837/commons_compress_7z/build/intermediates/javac/debug/classes/ --sourcefiles /home/ubuntu/TimeMachine/instrumented_apps/AmazeFileManager/AmazeFileManager-#1837/app/src/main/java/ --sourcefiles /home/ubuntu/TimeMachine/instrumented_apps/AmazeFileManager/AmazeFileManager-#1837/commons_compress_7z/src/main/java/ &> temp
---
---
[VALIDATE MESSAGE]
---
SUCCESS: coverage file is valid!
[INFO] Loading execution data file /home/ubuntu/TimeMachine/results/AmazeFileManager-3.4.2-#1837-rebuilt.apk.timemachine.result.emulator-5554#2026-08-17-01-00-46/ec_files/emulator-55542026-08-17-01-09-05.ec.
[INFO] Analyzing 508 classes.
 /sdcard/coverage.ec: 1 file pulled, 0 skipped. 0.0 MB/s (197 bytes in 0.070s)
 
-----------
current jacoco line coverage rate: 0.160296393566
-----------
compute_coverage-return code:  output: /home/ubuntu/TimeMachine/results/AmazeFileManager-3.4.2-#1837-rebuilt.apk.timemachine.result.emulator-5554#2026-08-17-01-00-46/ec_files/coveragetemp.ec /home/ubuntu/TimeMachine/results/AmazeFileManager-3.4.2-#1837-rebuilt.apk.timemachine.result.emulator-5554#2026-08-17-01-00-46/ec_files/emulator-55542026-08-17-01-09-02.ec /home/ubuntu/TimeMachine/results/AmazeFileManager-3.4.2-#1837-rebuilt.apk.timemachine.result.emulator-5554#2026-08-17-01-00-46/ec_files/emulator-55542026-08-17-01-09-05.ec
[INFO] Loading execution data file /home/ubuntu/TimeMachine/results/AmazeFileManager-3.4.2-#1837-rebuilt.apk.timemachine.result.emulator-5554#2026-08-17-01-00-46/ec_files/coveragetemp.ec.
[INFO] Loading execution data file /home/ubuntu/TimeMachine/results/AmazeFileManager-3.4.2-#1837-rebuilt.apk.timemachine.result.emulator-5554#2026-08-17-01-00-46/ec_files/emulator-55542026-08-17-01-09-02.ec.
[INFO] Loading execution data file /home/ubuntu/TimeMachine/results/AmazeFileManager-3.4.2-#1837-rebuilt.apk.timemachine.result.emulator-5554#2026-08-17-01-00-46/ec_files/emulator-55542026-08-17-01-09-05.ec.
[INFO] Analyzing 508 classes.
   
-----------
current jacoco line coverage rate: 0.160765370726
-----------
--coverage when the new state is triggered: 0.160765370726 current jacoco line coverage rate : 0
===================> REWARD STATE <=====================
===================> REWARD STATE <=====================
deque(['OOAUT'], maxlen=10)
Frequent nodes 
[]
the portion to the top 20% most frequent states: 0.0
--extracted id: OOAUT  num_controllable_widgets: 2
--event num: 1
--extracted id: OOAUT  num_controllable_widgets: 0
--event num: 2
--extracted id: OOAUT  num_controllable_widgets: 0
--event num: 3
--extracted id: OOAUT  num_controllable_widgets: 0
--event num: 4
--extracted id: OOAUT  num_controllable_widgets: 0
--event num: 5
--extracted id: OOAUT  num_controllable_widgets: 0
--event num: 6
--extracted id: OOAUT  num_controllable_widgets: 0
--event num: 7
--extracted id: OOAUT  num_controllable_widgets: 0
--event num: 8
--extracted id: OOAUT  num_controllable_widgets: 0
--event num: 9
--extracted id: OOAUT  num_controllable_widgets: 0
--event num: 10
--extracted id: OOAUT  num_controllable_widgets: 0
--event num: 11
current threads:  4
--extracted id: OOAUT  num_controllable_widgets: 0
--event num: 12
--extracted id: OOAUT  num_controllable_widgets: 0
--event num: 13
--extracted id: OOAUT  num_controllable_widgets: 0
--event num: 14
--extracted id: OOAUT  num_controllable_widgets: 0
--event num: 15
--extracted id: OOAUT  num_controllable_widgets: 0
--event num: 16
--extracted id: OOAUT  num_controllable_widgets: 0
--event num: 17
--extracted id: OOAUT  num_controllable_widgets: 0
--event num: 18
--extracted id: OOAUT  num_controllable_widgets: 0
--event num: 19
--extracted id: OOAUT  num_controllable_widgets: 0
--event num: 20
--extracted id: OOAUT  num_controllable_widgets: 0
--event num: 21
--extracted id: OOAUT  num_controllable_widgets: 0
--event num: 22
--extracted id: OOAUT  num_controllable_widgets: 0
--event num: 23
--extracted id: OOAUT  num_controllable_widgets: 0
--event num: 24
--extracted id: OOAUT  num_controllable_widgets: 0
--event num: 25
--extracted id: OOAUT  num_controllable_widgets: 0
--event num: 26
--extracted id: OOAUT  num_controllable_widgets: 0
--event num: 27
--extracted id: OOAUT  num_controllable_widgets: 0
--event num: 28
--extracted id: OOAUT  num_controllable_widgets: 0
--event num: 29
--extracted id: OOAUT  num_controllable_widgets: 0
--event num: 30
--extracted id: OOAUT  num_controllable_widgets: 0
--event num: 31
--extracted id: OOAUT  num_controllable_widgets: 0
--event num: 32
--extracted id: OOAUT  num_controllable_widgets: 0
--event num: 33
--extracted id: OOAUT  num_controllable_widgets: 0
--event num: 34
--extracted id: 108834163  num_controllable_widgets: 14
--transiton occurs
--a new state is triggered and add 108834163 into the state graph.
get_jacoco_coverage- return code:  output: Broadcasting: Intent { act=edu.gatech.m3.emma.COLLECT_COVERAGE }
Broadcast completed: result=0
---
[COVERAGE FILE EXIST?]
coverage.ec
---
---
[VALIDATE COVERAGE FILE]$ java -jar /home/ubuntu/TimeMachine/fuzzingandroid/libs/jacococli.jar report /home/ubuntu/TimeMachine/results/AmazeFileManager-3.4.2-#1837-rebuilt.apk.timemachine.result.emulator-5554#2026-08-17-01-00-46/ec_files/emulator-55542026-08-17-01-16-12.ec  --classfiles /home/ubuntu/TimeMachine/instrumented_apps/AmazeFileManager/AmazeFileManager-#1837/app/build/intermediates/javac/fdroidDebug/classes/ --classfiles /home/ubuntu/TimeMachine/instrumented_apps/AmazeFileManager/AmazeFileManager-#1837/commons_compress_7z/build/intermediates/javac/debug/classes/ --sourcefiles /home/ubuntu/TimeMachine/instrumented_apps/AmazeFileManager/AmazeFileManager-#1837/app/src/main/java/ --sourcefiles /home/ubuntu/TimeMachine/instrumented_apps/AmazeFileManager/AmazeFileManager-#1837/commons_compress_7z/src/main/java/ &> temp
---
---
[VALIDATE MESSAGE]
---
SUCCESS: coverage file is valid!
[INFO] Loading execution data file /home/ubuntu/TimeMachine/results/AmazeFileManager-3.4.2-#1837-rebuilt.apk.timemachine.result.emulator-5554#2026-08-17-01-00-46/ec_files/emulator-55542026-08-17-01-16-12.ec.
[INFO] Analyzing 508 classes.
 /sdcard/coverage.ec: 1 file pulled, 0 skipped. 0.1 MB/s (6845 bytes in 0.084s)
 
compute_coverage-return code:  output: /home/ubuntu/TimeMachine/results/AmazeFileManager-3.4.2-#1837-rebuilt.apk.timemachine.result.emulator-5554#2026-08-17-01-00-46/ec_files/coveragetemp.ec /home/ubuntu/TimeMachine/results/AmazeFileManager-3.4.2-#1837-rebuilt.apk.timemachine.result.emulator-5554#2026-08-17-01-00-46/ec_files/emulator-55542026-08-17-01-09-02.ec /home/ubuntu/TimeMachine/results/AmazeFileManager-3.4.2-#1837-rebuilt.apk.timemachine.result.emulator-5554#2026-08-17-01-00-46/ec_files/emulator-55542026-08-17-01-09-05.ec /home/ubuntu/TimeMachine/results/AmazeFileManager-3.4.2-#1837-rebuilt.apk.timemachine.result.emulator-5554#2026-08-17-01-00-46/ec_files/emulator-55542026-08-17-01-16-12.ec
[INFO] Loading execution data file /home/ubuntu/TimeMachine/results/AmazeFileManager-3.4.2-#1837-rebuilt.apk.timemachine.result.emulator-5554#2026-08-17-01-00-46/ec_files/coveragetemp.ec.
[INFO] Loading execution data file /home/ubuntu/TimeMachine/results/AmazeFileManager-3.4.2-#1837-rebuilt.apk.timemachine.result.emulator-5554#2026-08-17-01-00-46/ec_files/emulator-55542026-08-17-01-09-02.ec.
[INFO] Loading execution data file /home/ubuntu/TimeMachine/results/AmazeFileManager-3.4.2-#1837-rebuilt.apk.timemachine.result.emulator-5554#2026-08-17-01-00-46/ec_files/emulator-55542026-08-17-01-09-05.ec.
[INFO] Loading execution data file /home/ubuntu/TimeMachine/results/AmazeFileManager-3.4.2-#1837-rebuilt.apk.timemachine.result.emulator-5554#2026-08-17-01-00-46/ec_files/emulator-55542026-08-17-01-16-12.ec.
[INFO] Analyzing 508 classes.
   
-----------
current jacoco line coverage rate: 0.165314449186
-----------
--coverage when the new state is triggered: 0.165314449186 current jacoco line coverage rate : 0
===================> REWARD STATE <=====================
===================> REWARD STATE <=====================
--taking snapshot...
deque(['OOAUT', '108834163'], maxlen=10)
Frequent nodes 
[]
the portion to the top 20% most frequent states: 0.0
--extracted id: 108834163  num_controllable_widgets: 14
--event num: 1
--extracted id: 108834163  num_controllable_widgets: 14
--event num: 2
--extracted id: 108834163  num_controllable_widgets: 14
--event num: 3
--extracted id: 108834163  num_controllable_widgets: 14
--event num: 4
--extracted id: 108834163  num_controllable_widgets: 14
--event num: 5
--extracted id: 108834163  num_controllable_widgets: 14
--event num: 6
--extracted id: 108834163  num_controllable_widgets: 14
--event num: 7
--extracted id: 108834163  num_controllable_widgets: 14
--event num: 8
--extracted id: 108834163  num_controllable_widgets: 14
--event num: 9
--extracted id: 108834163  num_controllable_widgets: 14
--event num: 10
--extracted id: 108834163  num_controllable_widgets: 14
--event num: 11
--extracted id: 1906337644  num_controllable_widgets: 7
--transiton occurs
--a new state is triggered and add 1906337644 into the state graph.
get_jacoco_coverage- return code:  output: Broadcasting: Intent { act=edu.gatech.m3.emma.COLLECT_COVERAGE }
Broadcast completed: result=0
---
[COVERAGE FILE EXIST?]
coverage.ec
---
---
[VALIDATE COVERAGE FILE]$ java -jar /home/ubuntu/TimeMachine/fuzzingandroid/libs/jacococli.jar report /home/ubuntu/TimeMachine/results/AmazeFileManager-3.4.2-#1837-rebuilt.apk.timemachine.result.emulator-5554#2026-08-17-01-00-46/ec_files/emulator-55542026-08-17-01-16-28.ec  --classfiles /home/ubuntu/TimeMachine/instrumented_apps/AmazeFileManager/AmazeFileManager-#1837/app/build/intermediates/javac/fdroidDebug/classes/ --classfiles /home/ubuntu/TimeMachine/instrumented_apps/AmazeFileManager/AmazeFileManager-#1837/commons_compress_7z/build/intermediates/javac/debug/classes/ --sourcefiles /home/ubuntu/TimeMachine/instrumented_apps/AmazeFileManager/AmazeFileManager-#1837/app/src/main/java/ --sourcefiles /home/ubuntu/TimeMachine/instrumented_apps/AmazeFileManager/AmazeFileManager-#1837/commons_compress_7z/src/main/java/ &> temp
---
---
[VALIDATE MESSAGE]
---
SUCCESS: coverage file is valid!
[INFO] Loading execution data file /home/ubuntu/TimeMachine/results/AmazeFileManager-3.4.2-#1837-rebuilt.apk.timemachine.result.emulator-5554#2026-08-17-01-00-46/ec_files/emulator-55542026-08-17-01-16-28.ec.
[INFO] Analyzing 508 classes.
 /sdcard/coverage.ec: 1 file pulled, 0 skipped. 0.4 MB/s (3132 bytes in 0.007s)
 
compute_coverage-return code:  output: /home/ubuntu/TimeMachine/results/AmazeFileManager-3.4.2-#1837-rebuilt.apk.timemachine.result.emulator-5554#2026-08-17-01-00-46/ec_files/coveragetemp.ec /home/ubuntu/TimeMachine/results/AmazeFileManager-3.4.2-#1837-rebuilt.apk.timemachine.result.emulator-5554#2026-08-17-01-00-46/ec_files/emulator-55542026-08-17-01-09-02.ec /home/ubuntu/TimeMachine/results/AmazeFileManager-3.4.2-#1837-rebuilt.apk.timemachine.result.emulator-5554#2026-08-17-01-00-46/ec_files/emulator-55542026-08-17-01-09-05.ec /home/ubuntu/TimeMachine/results/AmazeFileManager-3.4.2-#1837-rebuilt.apk.timemachine.result.emulator-5554#2026-08-17-01-00-46/ec_files/emulator-55542026-08-17-01-16-12.ec /home/ubuntu/TimeMachine/results/AmazeFileManager-3.4.2-#1837-rebuilt.apk.timemachine.result.emulator-5554#2026-08-17-01-00-46/ec_files/emulator-55542026-08-17-01-16-28.ec
[INFO] Loading execution data file /home/ubuntu/TimeMachine/results/AmazeFileManager-3.4.2-#1837-rebuilt.apk.timemachine.result.emulator-5554#2026-08-17-01-00-46/ec_files/coveragetemp.ec.
[INFO] Loading execution data file /home/ubuntu/TimeMachine/results/AmazeFileManager-3.4.2-#1837-rebuilt.apk.timemachine.result.emulator-5554#2026-08-17-01-00-46/ec_files/emulator-55542026-08-17-01-09-02.ec.
[INFO] Loading execution data file /home/ubuntu/TimeMachine/results/AmazeFileManager-3.4.2-#1837-rebuilt.apk.timemachine.result.emulator-5554#2026-08-17-01-00-46/ec_files/emulator-55542026-08-17-01-09-05.ec.
[INFO] Loading execution data file /home/ubuntu/TimeMachine/results/AmazeFileManager-3.4.2-#1837-rebuilt.apk.timemachine.result.emulator-5554#2026-08-17-01-00-46/ec_files/emulator-55542026-08-17-01-16-12.ec.
[INFO] Loading execution data file /home/ubuntu/TimeMachine/results/AmazeFileManager-3.4.2-#1837-rebuilt.apk.timemachine.result.emulator-5554#2026-08-17-01-00-46/ec_files/emulator-55542026-08-17-01-16-28.ec.
[INFO] Analyzing 508 classes.
   
-----------
current jacoco line coverage rate: 0.165314449186
-----------
--coverage when the new state is triggered: 0.165314449186 current jacoco line coverage rate : 0.165314449186
===================> PENALIZE STATE <=====================
deque(['OOAUT', '108834163', '1906337644'], maxlen=10)
Frequent nodes 
[]
the portion to the top 20% most frequent states: 0.0
--extracted id: 1906337644  num_controllable_widgets: 7
--event num: 1
--extracted id: 1906337644  num_controllable_widgets: 7
--event num: 2
--extracted id: 1906337644  num_controllable_widgets: 7
--event num: 3
--extracted id: 1906337644  num_controllable_widgets: 7
--event num: 4
--extracted id: -1433637423  num_controllable_widgets: 4
--transiton occurs
--a new state is triggered and add -1433637423 into the state graph.
get_jacoco_coverage- return code:  output: Broadcasting: Intent { act=edu.gatech.m3.emma.COLLECT_COVERAGE }
Broadcast completed: result=0
---
[COVERAGE FILE EXIST?]
coverage.ec
---
---
[VALIDATE COVERAGE FILE]$ java -jar /home/ubuntu/TimeMachine/fuzzingandroid/libs/jacococli.jar report /home/ubuntu/TimeMachine/results/AmazeFileManager-3.4.2-#1837-rebuilt.apk.timemachine.result.emulator-5554#2026-08-17-01-00-46/ec_files/emulator-55542026-08-17-01-16-41.ec  --classfiles /home/ubuntu/TimeMachine/instrumented_apps/AmazeFileManager/AmazeFileManager-#1837/app/build/intermediates/javac/fdroidDebug/classes/ --classfiles /home/ubuntu/TimeMachine/instrumented_apps/AmazeFileManager/AmazeFileManager-#1837/commons_compress_7z/build/intermediates/javac/debug/classes/ --sourcefiles /home/ubuntu/TimeMachine/instrumented_apps/AmazeFileManager/AmazeFileManager-#1837/app/src/main/java/ --sourcefiles /home/ubuntu/TimeMachine/instrumented_apps/AmazeFileManager/AmazeFileManager-#1837/commons_compress_7z/src/main/java/ &> temp
---
---
[VALIDATE MESSAGE]
---
SUCCESS: coverage file is valid!
[INFO] Loading execution data file /home/ubuntu/TimeMachine/results/AmazeFileManager-3.4.2-#1837-rebuilt.apk.timemachine.result.emulator-5554#2026-08-17-01-00-46/ec_files/emulator-55542026-08-17-01-16-41.ec.
[INFO] Analyzing 508 classes.
 /sdcard/coverage.ec: 1 file pulled, 0 skipped. 0.0 MB/s (1880 bytes in 0.047s)
 
compute_coverage-return code:  output: /home/ubuntu/TimeMachine/results/AmazeFileManager-3.4.2-#1837-rebuilt.apk.timemachine.result.emulator-5554#2026-08-17-01-00-46/ec_files/coveragetemp.ec /home/ubuntu/TimeMachine/results/AmazeFileManager-3.4.2-#1837-rebuilt.apk.timemachine.result.emulator-5554#2026-08-17-01-00-46/ec_files/emulator-55542026-08-17-01-09-02.ec /home/ubuntu/TimeMachine/results/AmazeFileManager-3.4.2-#1837-rebuilt.apk.timemachine.result.emulator-5554#2026-08-17-01-00-46/ec_files/emulator-55542026-08-17-01-09-05.ec /home/ubuntu/TimeMachine/results/AmazeFileManager-3.4.2-#1837-rebuilt.apk.timemachine.result.emulator-5554#2026-08-17-01-00-46/ec_files/emulator-55542026-08-17-01-16-12.ec /home/ubuntu/TimeMachine/results/AmazeFileManager-3.4.2-#1837-rebuilt.apk.timemachine.result.emulator-5554#2026-08-17-01-00-46/ec_files/emulator-55542026-08-17-01-16-28.ec /home/ubuntu/TimeMachine/results/AmazeFileManager-3.4.2-#1837-rebuilt.apk.timemachine.result.emulator-5554#2026-08-17-01-00-46/ec_files/emulator-55542026-08-17-01-16-41.ec
[INFO] Loading execution data file /home/ubuntu/TimeMachine/results/AmazeFileManager-3.4.2-#1837-rebuilt.apk.timemachine.result.emulator-5554#2026-08-17-01-00-46/ec_files/coveragetemp.ec.
[INFO] Loading execution data file /home/ubuntu/TimeMachine/results/AmazeFileManager-3.4.2-#1837-rebuilt.apk.timemachine.result.emulator-5554#2026-08-17-01-00-46/ec_files/emulator-55542026-08-17-01-09-02.ec.
[INFO] Loading execution data file /home/ubuntu/TimeMachine/results/AmazeFileManager-3.4.2-#1837-rebuilt.apk.timemachine.result.emulator-5554#2026-08-17-01-00-46/ec_files/emulator-55542026-08-17-01-09-05.ec.
[INFO] Loading execution data file /home/ubuntu/TimeMachine/results/AmazeFileManager-3.4.2-#1837-rebuilt.apk.timemachine.result.emulator-5554#2026-08-17-01-00-46/ec_files/emulator-55542026-08-17-01-16-12.ec.
[INFO] Loading execution data file /home/ubuntu/TimeMachine/results/AmazeFileManager-3.4.2-#1837-rebuilt.apk.timemachine.result.emulator-5554#2026-08-17-01-00-46/ec_files/emulator-55542026-08-17-01-16-28.ec.
[INFO] Loading execution data file /home/ubuntu/TimeMachine/results/AmazeFileManager-3.4.2-#1837-rebuilt.apk.timemachine.result.emulator-5554#2026-08-17-01-00-46/ec_files/emulator-55542026-08-17-01-16-41.ec.
[INFO] Analyzing 508 classes.
   
-----------
current jacoco line coverage rate: 0.165314449186
-----------
--coverage when the new state is triggered: 0.165314449186 current jacoco line coverage rate : 0.165314449186
===================> PENALIZE STATE <=====================
deque(['OOAUT', '108834163', '1906337644', '-1433637423'], maxlen=10)
Frequent nodes 
[('OOAUT', <state_graph.State instance at 0x791eaa94c230>)]
the portion to the top 20% most frequent states: 0.25
--extracted id: -1433637423  num_controllable_widgets: 4
--event num: 1
--extracted id: -1433637423  num_controllable_widgets: 4
--event num: 2
--extracted id: -1898053214  num_controllable_widgets: 11
--transiton occurs
--a new state is triggered and add -1898053214 into the state graph.
get_jacoco_coverage- return code:  output: Broadcasting: Intent { act=edu.gatech.m3.emma.COLLECT_COVERAGE }
Broadcast completed: result=0
---
[COVERAGE FILE EXIST?]
coverage.ec
---
---
[VALIDATE COVERAGE FILE]$ java -jar /home/ubuntu/TimeMachine/fuzzingandroid/libs/jacococli.jar report /home/ubuntu/TimeMachine/results/AmazeFileManager-3.4.2-#1837-rebuilt.apk.timemachine.result.emulator-5554#2026-08-17-01-00-46/ec_files/emulator-55542026-08-17-01-16-55.ec  --classfiles /home/ubuntu/TimeMachine/instrumented_apps/AmazeFileManager/AmazeFileManager-#1837/app/build/intermediates/javac/fdroidDebug/classes/ --classfiles /home/ubuntu/TimeMachine/instrumented_apps/AmazeFileManager/AmazeFileManager-#1837/commons_compress_7z/build/intermediates/javac/debug/classes/ --sourcefiles /home/ubuntu/TimeMachine/instrumented_apps/AmazeFileManager/AmazeFileManager-#1837/app/src/main/java/ --sourcefiles /home/ubuntu/TimeMachine/instrumented_apps/AmazeFileManager/AmazeFileManager-#1837/commons_compress_7z/src/main/java/ &> temp
---
---
[VALIDATE MESSAGE]
---
SUCCESS: coverage file is valid!
[INFO] Loading execution data file /home/ubuntu/TimeMachine/results/AmazeFileManager-3.4.2-#1837-rebuilt.apk.timemachine.result.emulator-5554#2026-08-17-01-00-46/ec_files/emulator-55542026-08-17-01-16-55.ec.
[INFO] Analyzing 508 classes.
 /sdcard/coverage.ec: 1 file pulled, 0 skipped. 0.0 MB/s (3278 bytes in 0.069s)
 
compute_coverage-return code:  output: /home/ubuntu/TimeMachine/results/AmazeFileManager-3.4.2-#1837-rebuilt.apk.timemachine.result.emulator-5554#2026-08-17-01-00-46/ec_files/coveragetemp.ec /home/ubuntu/TimeMachine/results/AmazeFileManager-3.4.2-#1837-rebuilt.apk.timemachine.result.emulator-5554#2026-08-17-01-00-46/ec_files/emulator-55542026-08-17-01-09-02.ec /home/ubuntu/TimeMachine/results/AmazeFileManager-3.4.2-#1837-rebuilt.apk.timemachine.result.emulator-5554#2026-08-17-01-00-46/ec_files/emulator-55542026-08-17-01-09-05.ec /home/ubuntu/TimeMachine/results/AmazeFileManager-3.4.2-#1837-rebuilt.apk.timemachine.result.emulator-5554#2026-08-17-01-00-46/ec_files/emulator-55542026-08-17-01-16-12.ec /home/ubuntu/TimeMachine/results/AmazeFileManager-3.4.2-#1837-rebuilt.apk.timemachine.result.emulator-5554#2026-08-17-01-00-46/ec_files/emulator-55542026-08-17-01-16-28.ec /home/ubuntu/TimeMachine/results/AmazeFileManager-3.4.2-#1837-rebuilt.apk.timemachine.result.emulator-5554#2026-08-17-01-00-46/ec_files/emulator-55542026-08-17-01-16-41.ec /home/ubuntu/TimeMachine/results/AmazeFileManager-3.4.2-#1837-rebuilt.apk.timemachine.result.emulator-5554#2026-08-17-01-00-46/ec_files/emulator-55542026-08-17-01-16-55.ec
[INFO] Loading execution data file /home/ubuntu/TimeMachine/results/AmazeFileManager-3.4.2-#1837-rebuilt.apk.timemachine.result.emulator-5554#2026-08-17-01-00-46/ec_files/coveragetemp.ec.
[INFO] Loading execution data file /home/ubuntu/TimeMachine/results/AmazeFileManager-3.4.2-#1837-rebuilt.apk.timemachine.result.emulator-5554#2026-08-17-01-00-46/ec_files/emulator-55542026-08-17-01-09-02.ec.
[INFO] Loading execution data file /home/ubuntu/TimeMachine/results/AmazeFileManager-3.4.2-#1837-rebuilt.apk.timemachine.result.emulator-5554#2026-08-17-01-00-46/ec_files/emulator-55542026-08-17-01-09-05.ec.
[INFO] Loading execution data file /home/ubuntu/TimeMachine/results/AmazeFileManager-3.4.2-#1837-rebuilt.apk.timemachine.result.emulator-5554#2026-08-17-01-00-46/ec_files/emulator-55542026-08-17-01-16-12.ec.
[INFO] Loading execution data file /home/ubuntu/TimeMachine/results/AmazeFileManager-3.4.2-#1837-rebuilt.apk.timemachine.result.emulator-5554#2026-08-17-01-00-46/ec_files/emulator-55542026-08-17-01-16-28.ec.
[INFO] Loading execution data file /home/ubuntu/TimeMachine/results/AmazeFileManager-3.4.2-#1837-rebuilt.apk.timemachine.result.emulator-5554#2026-08-17-01-00-46/ec_files/emulator-55542026-08-17-01-16-41.ec.
[INFO] Loading execution data file /home/ubuntu/TimeMachine/results/AmazeFileManager-3.4.2-#1837-rebuilt.apk.timemachine.result.emulator-5554#2026-08-17-01-00-46/ec_files/emulator-55542026-08-17-01-16-55.ec.
[INFO] Analyzing 508 classes.
   
-----------
current jacoco line coverage rate: 0.165314449186
-----------
--coverage when the new state is triggered: 0.165314449186 current jacoco line coverage rate : 0.165314449186
===================> PENALIZE STATE <=====================
deque(['OOAUT', '108834163', '1906337644', '-1433637423', '-1898053214'], maxlen=10)
Frequent nodes 
[('1906337644', <state_graph.State instance at 0x791e8a432780>)]
the portion to the top 20% most frequent states: 0.2
--extracted id: -1898053214  num_controllable_widgets: 11
--event num: 1
--extracted id: -1898053214  num_controllable_widgets: 11
--event num: 2
--extracted id: OOAUT  num_controllable_widgets: 0
--transiton occurs
--the state OOAUT  exists
===================> PENALIZE STATE <=====================
deque(['OOAUT', '108834163', '1906337644', '-1433637423', '-1898053214', 'OOAUT'], maxlen=10)
Frequent nodes 
[('OOAUT', <state_graph.State instance at 0x791eaa94c230>)]
the portion to the top 20% most frequent states: 0.2
--extracted id: -1898053214  num_controllable_widgets: 11
--transiton occurs
--the state -1898053214  exists
===================> PENALIZE STATE <=====================
deque(['OOAUT', '108834163', '1906337644', '-1433637423', '-1898053214', 'OOAUT', '-1898053214'], maxlen=10)
Frequent nodes 
[('-1898053214', <state_graph.State instance at 0x791e89e374b0>)]
the portion to the top 20% most frequent states: 0.4
--extracted id: -1898053214  num_controllable_widgets: 11
--event num: 1
--extracted id: -1433637423  num_controllable_widgets: 4
--transiton occurs
--the state -1433637423  exists
===================> PENALIZE STATE <=====================
deque(['OOAUT', '108834163', '1906337644', '-1433637423', '-1898053214', 'OOAUT', '-1898053214', '-1433637423'], maxlen=10)
Frequent nodes 
[('-1898053214', <state_graph.State instance at 0x791e89e374b0>)]
the portion to the top 20% most frequent states: 0.6
--extracted id: 335461736  num_controllable_widgets: 10
--transiton occurs
--a new state is triggered and add 335461736 into the state graph.
get_jacoco_coverage- return code:  output: Broadcasting: Intent { act=edu.gatech.m3.emma.COLLECT_COVERAGE }
Broadcast completed: result=0
---
[COVERAGE FILE EXIST?]
coverage.ec
---
---
[VALIDATE COVERAGE FILE]$ java -jar /home/ubuntu/TimeMachine/fuzzingandroid/libs/jacococli.jar report /home/ubuntu/TimeMachine/results/AmazeFileManager-3.4.2-#1837-rebuilt.apk.timemachine.result.emulator-5554#2026-08-17-01-00-46/ec_files/emulator-55542026-08-17-01-17-06.ec  --classfiles /home/ubuntu/TimeMachine/instrumented_apps/AmazeFileManager/AmazeFileManager-#1837/app/build/intermediates/javac/fdroidDebug/classes/ --classfiles /home/ubuntu/TimeMachine/instrumented_apps/AmazeFileManager/AmazeFileManager-#1837/commons_compress_7z/build/intermediates/javac/debug/classes/ --sourcefiles /home/ubuntu/TimeMachine/instrumented_apps/AmazeFileManager/AmazeFileManager-#1837/app/src/main/java/ --sourcefiles /home/ubuntu/TimeMachine/instrumented_apps/AmazeFileManager/AmazeFileManager-#1837/commons_compress_7z/src/main/java/ &> temp
---
---
[VALIDATE MESSAGE]
---
SUCCESS: coverage file is valid!
[INFO] Loading execution data file /home/ubuntu/TimeMachine/results/AmazeFileManager-3.4.2-#1837-rebuilt.apk.timemachine.result.emulator-5554#2026-08-17-01-00-46/ec_files/emulator-55542026-08-17-01-17-06.ec.
[INFO] Analyzing 508 classes.
 /sdcard/coverage.ec: 1 file pulled, 0 skipped. 0.9 MB/s (4477 bytes in 0.005s)
 
compute_coverage-return code:  output: /home/ubuntu/TimeMachine/results/AmazeFileManager-3.4.2-#1837-rebuilt.apk.timemachine.result.emulator-5554#2026-08-17-01-00-46/ec_files/coveragetemp.ec /home/ubuntu/TimeMachine/results/AmazeFileManager-3.4.2-#1837-rebuilt.apk.timemachine.result.emulator-5554#2026-08-17-01-00-46/ec_files/emulator-55542026-08-17-01-09-02.ec /home/ubuntu/TimeMachine/results/AmazeFileManager-3.4.2-#1837-rebuilt.apk.timemachine.result.emulator-5554#2026-08-17-01-00-46/ec_files/emulator-55542026-08-17-01-09-05.ec /home/ubuntu/TimeMachine/results/AmazeFileManager-3.4.2-#1837-rebuilt.apk.timemachine.result.emulator-5554#2026-08-17-01-00-46/ec_files/emulator-55542026-08-17-01-16-12.ec /home/ubuntu/TimeMachine/results/AmazeFileManager-3.4.2-#1837-rebuilt.apk.timemachine.result.emulator-5554#2026-08-17-01-00-46/ec_files/emulator-55542026-08-17-01-16-28.ec /home/ubuntu/TimeMachine/results/AmazeFileManager-3.4.2-#1837-rebuilt.apk.timemachine.result.emulator-5554#2026-08-17-01-00-46/ec_files/emulator-55542026-08-17-01-16-41.ec /home/ubuntu/TimeMachine/results/AmazeFileManager-3.4.2-#1837-rebuilt.apk.timemachine.result.emulator-5554#2026-08-17-01-00-46/ec_files/emulator-55542026-08-17-01-16-55.ec /home/ubuntu/TimeMachine/results/AmazeFileManager-3.4.2-#1837-rebuilt.apk.timemachine.result.emulator-5554#2026-08-17-01-00-46/ec_files/emulator-55542026-08-17-01-17-06.ec
[INFO] Loading execution data file /home/ubuntu/TimeMachine/results/AmazeFileManager-3.4.2-#1837-rebuilt.apk.timemachine.result.emulator-5554#2026-08-17-01-00-46/ec_files/coveragetemp.ec.
[INFO] Loading execution data file /home/ubuntu/TimeMachine/results/AmazeFileManager-3.4.2-#1837-rebuilt.apk.timemachine.result.emulator-5554#2026-08-17-01-00-46/ec_files/emulator-55542026-08-17-01-09-02.ec.
[INFO] Loading execution data file /home/ubuntu/TimeMachine/results/AmazeFileManager-3.4.2-#1837-rebuilt.apk.timemachine.result.emulator-5554#2026-08-17-01-00-46/ec_files/emulator-55542026-08-17-01-09-05.ec.
[INFO] Loading execution data file /home/ubuntu/TimeMachine/results/AmazeFileManager-3.4.2-#1837-rebuilt.apk.timemachine.result.emulator-5554#2026-08-17-01-00-46/ec_files/emulator-55542026-08-17-01-16-12.ec.
[INFO] Loading execution data file /home/ubuntu/TimeMachine/results/AmazeFileManager-3.4.2-#1837-rebuilt.apk.timemachine.result.emulator-5554#2026-08-17-01-00-46/ec_files/emulator-55542026-08-17-01-16-28.ec.
[INFO] Loading execution data file /home/ubuntu/TimeMachine/results/AmazeFileManager-3.4.2-#1837-rebuilt.apk.timemachine.result.emulator-5554#2026-08-17-01-00-46/ec_files/emulator-55542026-08-17-01-16-41.ec.
[INFO] Loading execution data file /home/ubuntu/TimeMachine/results/AmazeFileManager-3.4.2-#1837-rebuilt.apk.timemachine.result.emulator-5554#2026-08-17-01-00-46/ec_files/emulator-55542026-08-17-01-16-55.ec.
[INFO] Loading execution data file /home/ubuntu/TimeMachine/results/AmazeFileManager-3.4.2-#1837-rebuilt.apk.timemachine.result.emulator-5554#2026-08-17-01-00-46/ec_files/emulator-55542026-08-17-01-17-06.ec.
[INFO] Analyzing 508 classes.
   
-----------
current jacoco line coverage rate: 0.165314449186
-----------
--coverage when the new state is triggered: 0.165314449186 current jacoco line coverage rate : 0.165314449186
===================> PENALIZE STATE <=====================
deque(['OOAUT', '108834163', '1906337644', '-1433637423', '-1898053214', 'OOAUT', '-1898053214', '-1433637423', '335461736'], maxlen=10)
Frequent nodes 
[('-1898053214', <state_graph.State instance at 0x791e89e374b0>)]
the portion to the top 20% most frequent states: 0.5
--extracted id: 1363148680  num_controllable_widgets: 2
--transiton occurs
--a new state is triggered and add 1363148680 into the state graph.
get_jacoco_coverage- return code:  output: Broadcasting: Intent { act=edu.gatech.m3.emma.COLLECT_COVERAGE }
Broadcast completed: result=0
---
[COVERAGE FILE EXIST?]
coverage.ec
---
---
[VALIDATE COVERAGE FILE]$ java -jar /home/ubuntu/TimeMachine/fuzzingandroid/libs/jacococli.jar report /home/ubuntu/TimeMachine/results/AmazeFileManager-3.4.2-#1837-rebuilt.apk.timemachine.result.emulator-5554#2026-08-17-01-00-46/ec_files/emulator-55542026-08-17-01-17-18.ec  --classfiles /home/ubuntu/TimeMachine/instrumented_apps/AmazeFileManager/AmazeFileManager-#1837/app/build/intermediates/javac/fdroidDebug/classes/ --classfiles /home/ubuntu/TimeMachine/instrumented_apps/AmazeFileManager/AmazeFileManager-#1837/commons_compress_7z/build/intermediates/javac/debug/classes/ --sourcefiles /home/ubuntu/TimeMachine/instrumented_apps/AmazeFileManager/AmazeFileManager-#1837/app/src/main/java/ --sourcefiles /home/ubuntu/TimeMachine/instrumented_apps/AmazeFileManager/AmazeFileManager-#1837/commons_compress_7z/src/main/java/ &> temp
---
---
[VALIDATE MESSAGE]
---
SUCCESS: coverage file is valid!
[INFO] Loading execution data file /home/ubuntu/TimeMachine/results/AmazeFileManager-3.4.2-#1837-rebuilt.apk.timemachine.result.emulator-5554#2026-08-17-01-00-46/ec_files/emulator-55542026-08-17-01-17-18.ec.
[INFO] Analyzing 508 classes.
 /sdcard/coverage.ec: 1 file pulled, 0 skipped. 0.1 MB/s (4411 bytes in 0.080s)
 
compute_coverage-return code:  output: /home/ubuntu/TimeMachine/results/AmazeFileManager-3.4.2-#1837-rebuilt.apk.timemachine.result.emulator-5554#2026-08-17-01-00-46/ec_files/coveragetemp.ec /home/ubuntu/TimeMachine/results/AmazeFileManager-3.4.2-#1837-rebuilt.apk.timemachine.result.emulator-5554#2026-08-17-01-00-46/ec_files/emulator-55542026-08-17-01-09-02.ec /home/ubuntu/TimeMachine/results/AmazeFileManager-3.4.2-#1837-rebuilt.apk.timemachine.result.emulator-5554#2026-08-17-01-00-46/ec_files/emulator-55542026-08-17-01-09-05.ec /home/ubuntu/TimeMachine/results/AmazeFileManager-3.4.2-#1837-rebuilt.apk.timemachine.result.emulator-5554#2026-08-17-01-00-46/ec_files/emulator-55542026-08-17-01-16-12.ec /home/ubuntu/TimeMachine/results/AmazeFileManager-3.4.2-#1837-rebuilt.apk.timemachine.result.emulator-5554#2026-08-17-01-00-46/ec_files/emulator-55542026-08-17-01-16-28.ec /home/ubuntu/TimeMachine/results/AmazeFileManager-3.4.2-#1837-rebuilt.apk.timemachine.result.emulator-5554#2026-08-17-01-00-46/ec_files/emulator-55542026-08-17-01-16-41.ec /home/ubuntu/TimeMachine/results/AmazeFileManager-3.4.2-#1837-rebuilt.apk.timemachine.result.emulator-5554#2026-08-17-01-00-46/ec_files/emulator-55542026-08-17-01-16-55.ec /home/ubuntu/TimeMachine/results/AmazeFileManager-3.4.2-#1837-rebuilt.apk.timemachine.result.emulator-5554#2026-08-17-01-00-46/ec_files/emulator-55542026-08-17-01-17-06.ec /home/ubuntu/TimeMachine/results/AmazeFileManager-3.4.2-#1837-rebuilt.apk.timemachine.result.emulator-5554#2026-08-17-01-00-46/ec_files/emulator-55542026-08-17-01-17-18.ec
[INFO] Loading execution data file /home/ubuntu/TimeMachine/results/AmazeFileManager-3.4.2-#1837-rebuilt.apk.timemachine.result.emulator-5554#2026-08-17-01-00-46/ec_files/coveragetemp.ec.
[INFO] Loading execution data file /home/ubuntu/TimeMachine/results/AmazeFileManager-3.4.2-#1837-rebuilt.apk.timemachine.result.emulator-5554#2026-08-17-01-00-46/ec_files/emulator-55542026-08-17-01-09-02.ec.
[INFO] Loading execution data file /home/ubuntu/TimeMachine/results/AmazeFileManager-3.4.2-#1837-rebuilt.apk.timemachine.result.emulator-5554#2026-08-17-01-00-46/ec_files/emulator-55542026-08-17-01-09-05.ec.
[INFO] Loading execution data file /home/ubuntu/TimeMachine/results/AmazeFileManager-3.4.2-#1837-rebuilt.apk.timemachine.result.emulator-5554#2026-08-17-01-00-46/ec_files/emulator-55542026-08-17-01-16-12.ec.
[INFO] Loading execution data file /home/ubuntu/TimeMachine/results/AmazeFileManager-3.4.2-#1837-rebuilt.apk.timemachine.result.emulator-5554#2026-08-17-01-00-46/ec_files/emulator-55542026-08-17-01-16-28.ec.
[INFO] Loading execution data file /home/ubuntu/TimeMachine/results/AmazeFileManager-3.4.2-#1837-rebuilt.apk.timemachine.result.emulator-5554#2026-08-17-01-00-46/ec_files/emulator-55542026-08-17-01-16-41.ec.
[INFO] Loading execution data file /home/ubuntu/TimeMachine/results/AmazeFileManager-3.4.2-#1837-rebuilt.apk.timemachine.result.emulator-5554#2026-08-17-01-00-46/ec_files/emulator-55542026-08-17-01-16-55.ec.
[INFO] Loading execution data file /home/ubuntu/TimeMachine/results/AmazeFileManager-3.4.2-#1837-rebuilt.apk.timemachine.result.emulator-5554#2026-08-17-01-00-46/ec_files/emulator-55542026-08-17-01-17-06.ec.
[INFO] Loading execution data file /home/ubuntu/TimeMachine/results/AmazeFileManager-3.4.2-#1837-rebuilt.apk.timemachine.result.emulator-5554#2026-08-17-01-00-46/ec_files/emulator-55542026-08-17-01-17-18.ec.
[INFO] Analyzing 508 classes.
   
-----------
current jacoco line coverage rate: 0.165314449186
-----------
--coverage when the new state is triggered: 0.165314449186 current jacoco line coverage rate : 0.165314449186
===================> PENALIZE STATE <=====================
deque(['OOAUT', '108834163', '1906337644', '-1433637423', '-1898053214', 'OOAUT', '-1898053214', '-1433637423', '335461736', '1363148680'], maxlen=10)
Frequent nodes 
[('-1898053214', <state_graph.State instance at 0x791e89e374b0>)]
the portion to the top 20% most frequent states: 0.428571428571
Frequent nodes 
[('-1898053214', <state_graph.State instance at 0x791e89e374b0>)]
--extracted id: 1363148680  num_controllable_widgets: 2
--event num: 1
--extracted id: 1363148680  num_controllable_widgets: 2
--event num: 2
--extracted id: 1363148680  num_controllable_widgets: 2
--event num: 3
--extracted id: 1363148680  num_controllable_widgets: 2
--event num: 4
--extracted id: OOAUT  num_controllable_widgets: 0
--transiton occurs
--the state OOAUT  exists
===================> PENALIZE STATE <=====================
deque(['108834163', '1906337644', '-1433637423', '-1898053214', 'OOAUT', '-1898053214', '-1433637423', '335461736', '1363148680', 'OOAUT'], maxlen=10)
Frequent nodes 
[('OOAUT', <state_graph.State instance at 0x791eaa94c230>)]
the portion to the top 20% most frequent states: 0.428571428571
Frequent nodes 
[('OOAUT', <state_graph.State instance at 0x791eaa94c230>)]
--extracted id: OOAUT  num_controllable_widgets: 0
--event num: 1
--extracted id: OOAUT  num_controllable_widgets: 0
--event num: 2
--extracted id: OOAUT  num_controllable_widgets: 0
--event num: 3
--extracted id: OOAUT  num_controllable_widgets: 0
--event num: 4
--extracted id: OOAUT  num_controllable_widgets: 0
--event num: 5
--extracted id: OOAUT  num_controllable_widgets: 0
--event num: 6
--extracted id: OOAUT  num_controllable_widgets: 0
--event num: 7
--extracted id: OOAUT  num_controllable_widgets: 0
--event num: 8
--extracted id: OOAUT  num_controllable_widgets: 0
--event num: 9
--extracted id: OOAUT  num_controllable_widgets: 0
--event num: 10
--extracted id: -583182176  num_controllable_widgets: 0
--transiton occurs
--a new state is triggered and add -583182176 into the state graph.
get_jacoco_coverage- return code:  output: Broadcasting: Intent { act=edu.gatech.m3.emma.COLLECT_COVERAGE }
Broadcast completed: result=0
---
[COVERAGE FILE EXIST?]
coverage.ec
---
---
[VALIDATE COVERAGE FILE]$ java -jar /home/ubuntu/TimeMachine/fuzzingandroid/libs/jacococli.jar report /home/ubuntu/TimeMachine/results/AmazeFileManager-3.4.2-#1837-rebuilt.apk.timemachine.result.emulator-5554#2026-08-17-01-00-46/ec_files/emulator-55542026-08-17-01-18-42.ec  --classfiles /home/ubuntu/TimeMachine/instrumented_apps/AmazeFileManager/AmazeFileManager-#1837/app/build/intermediates/javac/fdroidDebug/classes/ --classfiles /home/ubuntu/TimeMachine/instrumented_apps/AmazeFileManager/AmazeFileManager-#1837/commons_compress_7z/build/intermediates/javac/debug/classes/ --sourcefiles /home/ubuntu/TimeMachine/instrumented_apps/AmazeFileManager/AmazeFileManager-#1837/app/src/main/java/ --sourcefiles /home/ubuntu/TimeMachine/instrumented_apps/AmazeFileManager/AmazeFileManager-#1837/commons_compress_7z/src/main/java/ &> temp
---
---
[VALIDATE MESSAGE]
---
SUCCESS: coverage file is valid!
[INFO] Loading execution data file /home/ubuntu/TimeMachine/results/AmazeFileManager-3.4.2-#1837-rebuilt.apk.timemachine.result.emulator-5554#2026-08-17-01-00-46/ec_files/emulator-55542026-08-17-01-18-42.ec.
[INFO] Analyzing 508 classes.
 /sdcard/coverage.ec: 1 file pulled, 0 skipped. 0.1 MB/s (6564 bytes in 0.057s)
 
compute_coverage-return code:  output: /home/ubuntu/TimeMachine/results/AmazeFileManager-3.4.2-#1837-rebuilt.apk.timemachine.result.emulator-5554#2026-08-17-01-00-46/ec_files/coveragetemp.ec /home/ubuntu/TimeMachine/results/AmazeFileManager-3.4.2-#1837-rebuilt.apk.timemachine.result.emulator-5554#2026-08-17-01-00-46/ec_files/emulator-55542026-08-17-01-09-02.ec /home/ubuntu/TimeMachine/results/AmazeFileManager-3.4.2-#1837-rebuilt.apk.timemachine.result.emulator-5554#2026-08-17-01-00-46/ec_files/emulator-55542026-08-17-01-09-05.ec /home/ubuntu/TimeMachine/results/AmazeFileManager-3.4.2-#1837-rebuilt.apk.timemachine.result.emulator-5554#2026-08-17-01-00-46/ec_files/emulator-55542026-08-17-01-16-12.ec /home/ubuntu/TimeMachine/results/AmazeFileManager-3.4.2-#1837-rebuilt.apk.timemachine.result.emulator-5554#2026-08-17-01-00-46/ec_files/emulator-55542026-08-17-01-16-28.ec /home/ubuntu/TimeMachine/results/AmazeFileManager-3.4.2-#1837-rebuilt.apk.timemachine.result.emulator-5554#2026-08-17-01-00-46/ec_files/emulator-55542026-08-17-01-16-41.ec /home/ubuntu/TimeMachine/results/AmazeFileManager-3.4.2-#1837-rebuilt.apk.timemachine.result.emulator-5554#2026-08-17-01-00-46/ec_files/emulator-55542026-08-17-01-16-55.ec /home/ubuntu/TimeMachine/results/AmazeFileManager-3.4.2-#1837-rebuilt.apk.timemachine.result.emulator-5554#2026-08-17-01-00-46/ec_files/emulator-55542026-08-17-01-17-06.ec /home/ubuntu/TimeMachine/results/AmazeFileManager-3.4.2-#1837-rebuilt.apk.timemachine.result.emulator-5554#2026-08-17-01-00-46/ec_files/emulator-55542026-08-17-01-17-18.ec /home/ubuntu/TimeMachine/results/AmazeFileManager-3.4.2-#1837-rebuilt.apk.timemachine.result.emulator-5554#2026-08-17-01-00-46/ec_files/emulator-55542026-08-17-01-18-42.ec
[INFO] Loading execution data file /home/ubuntu/TimeMachine/results/AmazeFileManager-3.4.2-#1837-rebuilt.apk.timemachine.result.emulator-5554#2026-08-17-01-00-46/ec_files/coveragetemp.ec.
[INFO] Loading execution data file /home/ubuntu/TimeMachine/results/AmazeFileManager-3.4.2-#1837-rebuilt.apk.timemachine.result.emulator-5554#2026-08-17-01-00-46/ec_files/emulator-55542026-08-17-01-09-02.ec.
[INFO] Loading execution data file /home/ubuntu/TimeMachine/results/AmazeFileManager-3.4.2-#1837-rebuilt.apk.timemachine.result.emulator-5554#2026-08-17-01-00-46/ec_files/emulator-55542026-08-17-01-09-05.ec.
[INFO] Loading execution data file /home/ubuntu/TimeMachine/results/AmazeFileManager-3.4.2-#1837-rebuilt.apk.timemachine.result.emulator-5554#2026-08-17-01-00-46/ec_files/emulator-55542026-08-17-01-16-12.ec.
[INFO] Loading execution data file /home/ubuntu/TimeMachine/results/AmazeFileManager-3.4.2-#1837-rebuilt.apk.timemachine.result.emulator-5554#2026-08-17-01-00-46/ec_files/emulator-55542026-08-17-01-16-28.ec.
[INFO] Loading execution data file /home/ubuntu/TimeMachine/results/AmazeFileManager-3.4.2-#1837-rebuilt.apk.timemachine.result.emulator-5554#2026-08-17-01-00-46/ec_files/emulator-55542026-08-17-01-16-41.ec.
[INFO] Loading execution data file /home/ubuntu/TimeMachine/results/AmazeFileManager-3.4.2-#1837-rebuilt.apk.timemachine.result.emulator-5554#2026-08-17-01-00-46/ec_files/emulator-55542026-08-17-01-16-55.ec.
[INFO] Loading execution data file /home/ubuntu/TimeMachine/results/AmazeFileManager-3.4.2-#1837-rebuilt.apk.timemachine.result.emulator-5554#2026-08-17-01-00-46/ec_files/emulator-55542026-08-17-01-17-06.ec.
[INFO] Loading execution data file /home/ubuntu/TimeMachine/results/AmazeFileManager-3.4.2-#1837-rebuilt.apk.timemachine.result.emulator-5554#2026-08-17-01-00-46/ec_files/emulator-55542026-08-17-01-17-18.ec.
[INFO] Loading execution data file /home/ubuntu/TimeMachine/results/AmazeFileManager-3.4.2-#1837-rebuilt.apk.timemachine.result.emulator-5554#2026-08-17-01-00-46/ec_files/emulator-55542026-08-17-01-18-42.ec.
[INFO] Analyzing 508 classes.
   
-----------
current jacoco line coverage rate: 0.169441448201
-----------
--coverage when the new state is triggered: 0.169441448201 current jacoco line coverage rate : 0.165314449186
===================> REWARD STATE <=====================
===================> REWARD STATE <=====================
--taking snapshot...
deque(['1906337644', '-1433637423', '-1898053214', 'OOAUT', '-1898053214', '-1433637423', '335461736', '1363148680', 'OOAUT', '-583182176'], maxlen=10)
Frequent nodes 
[('OOAUT', <state_graph.State instance at 0x791eaa94c230>)]
the portion to the top 20% most frequent states: 0.428571428571
Frequent nodes 
[('OOAUT', <state_graph.State instance at 0x791eaa94c230>)]
--extracted id: -583182176  num_controllable_widgets: 0
--event num: 1
--extracted id: OOAUT  num_controllable_widgets: 0
--transiton occurs
--the state OOAUT  exists
===================> PENALIZE STATE <=====================
deque(['-1433637423', '-1898053214', 'OOAUT', '-1898053214', '-1433637423', '335461736', '1363148680', 'OOAUT', '-583182176', 'OOAUT'], maxlen=10)
Frequent nodes 
[('OOAUT', <state_graph.State instance at 0x791eaa94c230>)]
the portion to the top 20% most frequent states: 0.5
Frequent nodes 
[('OOAUT', <state_graph.State instance at 0x791eaa94c230>)]
--extracted id: OOAUT  num_controllable_widgets: 0
--event num: 1
--extracted id: OOAUT  num_controllable_widgets: 0
--event num: 2
--extracted id: OOAUT  num_controllable_widgets: 0
--event num: 3
--extracted id: OOAUT  num_controllable_widgets: 0
--event num: 4
--extracted id: OOAUT  num_controllable_widgets: 0
--event num: 5
--extracted id: OOAUT  num_controllable_widgets: 0
--event num: 6
--extracted id: -1556411559  num_controllable_widgets: 9
--transiton occurs
--a new state is triggered and add -1556411559 into the state graph.
get_jacoco_coverage- return code:  output: Broadcasting: Intent { act=edu.gatech.m3.emma.COLLECT_COVERAGE }
Broadcast completed: result=0
---
[COVERAGE FILE EXIST?]
coverage.ec
---
---
[VALIDATE COVERAGE FILE]$ java -jar /home/ubuntu/TimeMachine/fuzzingandroid/libs/jacococli.jar report /home/ubuntu/TimeMachine/results/AmazeFileManager-3.4.2-#1837-rebuilt.apk.timemachine.result.emulator-5554#2026-08-17-01-00-46/ec_files/emulator-55542026-08-17-01-19-37.ec  --classfiles /home/ubuntu/TimeMachine/instrumented_apps/AmazeFileManager/AmazeFileManager-#1837/app/build/intermediates/javac/fdroidDebug/classes/ --classfiles /home/ubuntu/TimeMachine/instrumented_apps/AmazeFileManager/AmazeFileManager-#1837/commons_compress_7z/build/intermediates/javac/debug/classes/ --sourcefiles /home/ubuntu/TimeMachine/instrumented_apps/AmazeFileManager/AmazeFileManager-#1837/app/src/main/java/ --sourcefiles /home/ubuntu/TimeMachine/instrumented_apps/AmazeFileManager/AmazeFileManager-#1837/commons_compress_7z/src/main/java/ &> temp
---
---
[VALIDATE MESSAGE]
---
SUCCESS: coverage file is valid!
[INFO] Loading execution data file /home/ubuntu/TimeMachine/results/AmazeFileManager-3.4.2-#1837-rebuilt.apk.timemachine.result.emulator-5554#2026-08-17-01-00-46/ec_files/emulator-55542026-08-17-01-19-37.ec.
[INFO] Analyzing 508 classes.
 /sdcard/coverage.ec: 1 file pulled, 0 skipped. 0.7 MB/s (6571 bytes in 0.009s)
 
compute_coverage-return code:  output: /home/ubuntu/TimeMachine/results/AmazeFileManager-3.4.2-#1837-rebuilt.apk.timemachine.result.emulator-5554#2026-08-17-01-00-46/ec_files/coveragetemp.ec /home/ubuntu/TimeMachine/results/AmazeFileManager-3.4.2-#1837-rebuilt.apk.timemachine.result.emulator-5554#2026-08-17-01-00-46/ec_files/emulator-55542026-08-17-01-09-02.ec /home/ubuntu/TimeMachine/results/AmazeFileManager-3.4.2-#1837-rebuilt.apk.timemachine.result.emulator-5554#2026-08-17-01-00-46/ec_files/emulator-55542026-08-17-01-09-05.ec /home/ubuntu/TimeMachine/results/AmazeFileManager-3.4.2-#1837-rebuilt.apk.timemachine.result.emulator-5554#2026-08-17-01-00-46/ec_files/emulator-55542026-08-17-01-16-12.ec /home/ubuntu/TimeMachine/results/AmazeFileManager-3.4.2-#1837-rebuilt.apk.timemachine.result.emulator-5554#2026-08-17-01-00-46/ec_files/emulator-55542026-08-17-01-16-28.ec /home/ubuntu/TimeMachine/results/AmazeFileManager-3.4.2-#1837-rebuilt.apk.timemachine.result.emulator-5554#2026-08-17-01-00-46/ec_files/emulator-55542026-08-17-01-16-41.ec /home/ubuntu/TimeMachine/results/AmazeFileManager-3.4.2-#1837-rebuilt.apk.timemachine.result.emulator-5554#2026-08-17-01-00-46/ec_files/emulator-55542026-08-17-01-16-55.ec /home/ubuntu/TimeMachine/results/AmazeFileManager-3.4.2-#1837-rebuilt.apk.timemachine.result.emulator-5554#2026-08-17-01-00-46/ec_files/emulator-55542026-08-17-01-17-06.ec /home/ubuntu/TimeMachine/results/AmazeFileManager-3.4.2-#1837-rebuilt.apk.timemachine.result.emulator-5554#2026-08-17-01-00-46/ec_files/emulator-55542026-08-17-01-17-18.ec /home/ubuntu/TimeMachine/results/AmazeFileManager-3.4.2-#1837-rebuilt.apk.timemachine.result.emulator-5554#2026-08-17-01-00-46/ec_files/emulator-55542026-08-17-01-18-42.ec /home/ubuntu/TimeMachine/results/AmazeFileManager-3.4.2-#1837-rebuilt.apk.timemachine.result.emulator-5554#2026-08-17-01-00-46/ec_files/emulator-55542026-08-17-01-19-37.ec
[INFO] Loading execution data file /home/ubuntu/TimeMachine/results/AmazeFileManager-3.4.2-#1837-rebuilt.apk.timemachine.result.emulator-5554#2026-08-17-01-00-46/ec_files/coveragetemp.ec.
[INFO] Loading execution data file /home/ubuntu/TimeMachine/results/AmazeFileManager-3.4.2-#1837-rebuilt.apk.timemachine.result.emulator-5554#2026-08-17-01-00-46/ec_files/emulator-55542026-08-17-01-09-02.ec.
[INFO] Loading execution data file /home/ubuntu/TimeMachine/results/AmazeFileManager-3.4.2-#1837-rebuilt.apk.timemachine.result.emulator-5554#2026-08-17-01-00-46/ec_files/emulator-55542026-08-17-01-09-05.ec.
[INFO] Loading execution data file /home/ubuntu/TimeMachine/results/AmazeFileManager-3.4.2-#1837-rebuilt.apk.timemachine.result.emulator-5554#2026-08-17-01-00-46/ec_files/emulator-55542026-08-17-01-16-12.ec.
[INFO] Loading execution data file /home/ubuntu/TimeMachine/results/AmazeFileManager-3.4.2-#1837-rebuilt.apk.timemachine.result.emulator-5554#2026-08-17-01-00-46/ec_files/emulator-55542026-08-17-01-16-28.ec.
[INFO] Loading execution data file /home/ubuntu/TimeMachine/results/AmazeFileManager-3.4.2-#1837-rebuilt.apk.timemachine.result.emulator-5554#2026-08-17-01-00-46/ec_files/emulator-55542026-08-17-01-16-41.ec.
[INFO] Loading execution data file /home/ubuntu/TimeMachine/results/AmazeFileManager-3.4.2-#1837-rebuilt.apk.timemachine.result.emulator-5554#2026-08-17-01-00-46/ec_files/emulator-55542026-08-17-01-16-55.ec.
[INFO] Loading execution data file /home/ubuntu/TimeMachine/results/AmazeFileManager-3.4.2-#1837-rebuilt.apk.timemachine.result.emulator-5554#2026-08-17-01-00-46/ec_files/emulator-55542026-08-17-01-17-06.ec.
[INFO] Loading execution data file /home/ubuntu/TimeMachine/results/AmazeFileManager-3.4.2-#1837-rebuilt.apk.timemachine.result.emulator-5554#2026-08-17-01-00-46/ec_files/emulator-55542026-08-17-01-17-18.ec.
[INFO] Loading execution data file /home/ubuntu/TimeMachine/results/AmazeFileManager-3.4.2-#1837-rebuilt.apk.timemachine.result.emulator-5554#2026-08-17-01-00-46/ec_files/emulator-55542026-08-17-01-18-42.ec.
[INFO] Loading execution data file /home/ubuntu/TimeMachine/results/AmazeFileManager-3.4.2-#1837-rebuilt.apk.timemachine.result.emulator-5554#2026-08-17-01-00-46/ec_files/emulator-55542026-08-17-01-19-37.ec.
[INFO] Analyzing 508 classes.
   
-----------
current jacoco line coverage rate: 0.171645640857
-----------
--coverage when the new state is triggered: 0.171645640857 current jacoco line coverage rate : 0.169441448201
===================> REWARD STATE <=====================
===================> REWARD STATE <=====================
--taking snapshot...
deque(['-1898053214', 'OOAUT', '-1898053214', '-1433637423', '335461736', '1363148680', 'OOAUT', '-583182176', 'OOAUT', '-1556411559'], maxlen=10)
Frequent nodes 
[('OOAUT', <state_graph.State instance at 0x791eaa94c230>), ('-1898053214', <state_graph.State instance at 0x791e89e374b0>)]
the portion to the top 20% most frequent states: 0.285714285714
Frequent nodes 
[('OOAUT', <state_graph.State instance at 0x791eaa94c230>), ('-1898053214', <state_graph.State instance at 0x791e89e374b0>)]
--extracted id: -583182176  num_controllable_widgets: 0
--transiton occurs
--the state -583182176  exists
===================> PENALIZE STATE <=====================
deque(['OOAUT', '-1898053214', '-1433637423', '335461736', '1363148680', 'OOAUT', '-583182176', 'OOAUT', '-1556411559', '-583182176'], maxlen=10)
Frequent nodes 
[('OOAUT', <state_graph.State instance at 0x791eaa94c230>), ('-583182176', <state_graph.State instance at 0x791e88ebac80>)]
the portion to the top 20% most frequent states: 0.285714285714
Frequent nodes 
[('OOAUT', <state_graph.State instance at 0x791eaa94c230>), ('-583182176', <state_graph.State instance at 0x791e88ebac80>)]
--extracted id: -1556411559  num_controllable_widgets: 9
--transiton occurs
--the state -1556411559  exists
===================> PENALIZE STATE <=====================
deque(['-1898053214', '-1433637423', '335461736', '1363148680', 'OOAUT', '-583182176', 'OOAUT', '-1556411559', '-583182176', '-1556411559'], maxlen=10)
Frequent nodes 
[('OOAUT', <state_graph.State instance at 0x791eaa94c230>), ('-583182176', <state_graph.State instance at 0x791e88ebac80>)]
the portion to the top 20% most frequent states: 0.428571428571
Frequent nodes 
[('OOAUT', <state_graph.State instance at 0x791eaa94c230>), ('-583182176', <state_graph.State instance at 0x791e88ebac80>)]
--extracted id: -560544007  num_controllable_widgets: 2
--transiton occurs
--a new state is triggered and add -560544007 into the state graph.
get_jacoco_coverage- return code:  output: Broadcasting: Intent { act=edu.gatech.m3.emma.COLLECT_COVERAGE }
Broadcast completed: result=0
---
[COVERAGE FILE EXIST?]
coverage.ec
---
---
[VALIDATE COVERAGE FILE]$ java -jar /home/ubuntu/TimeMachine/fuzzingandroid/libs/jacococli.jar report /home/ubuntu/TimeMachine/results/AmazeFileManager-3.4.2-#1837-rebuilt.apk.timemachine.result.emulator-5554#2026-08-17-01-00-46/ec_files/emulator-55542026-08-17-01-19-48.ec  --classfiles /home/ubuntu/TimeMachine/instrumented_apps/AmazeFileManager/AmazeFileManager-#1837/app/build/intermediates/javac/fdroidDebug/classes/ --classfiles /home/ubuntu/TimeMachine/instrumented_apps/AmazeFileManager/AmazeFileManager-#1837/commons_compress_7z/build/intermediates/javac/debug/classes/ --sourcefiles /home/ubuntu/TimeMachine/instrumented_apps/AmazeFileManager/AmazeFileManager-#1837/app/src/main/java/ --sourcefiles /home/ubuntu/TimeMachine/instrumented_apps/AmazeFileManager/AmazeFileManager-#1837/commons_compress_7z/src/main/java/ &> temp
---
---
[VALIDATE MESSAGE]
---
SUCCESS: coverage file is valid!
[INFO] Loading execution data file /home/ubuntu/TimeMachine/results/AmazeFileManager-3.4.2-#1837-rebuilt.apk.timemachine.result.emulator-5554#2026-08-17-01-00-46/ec_files/emulator-55542026-08-17-01-19-48.ec.
[INFO] Analyzing 508 classes.
 /sdcard/coverage.ec: 1 file pulled, 0 skipped. 0.3 MB/s (2335 bytes in 0.007s)
 
compute_coverage-return code:  output: /home/ubuntu/TimeMachine/results/AmazeFileManager-3.4.2-#1837-rebuilt.apk.timemachine.result.emulator-5554#2026-08-17-01-00-46/ec_files/coveragetemp.ec /home/ubuntu/TimeMachine/results/AmazeFileManager-3.4.2-#1837-rebuilt.apk.timemachine.result.emulator-5554#2026-08-17-01-00-46/ec_files/emulator-55542026-08-17-01-09-02.ec /home/ubuntu/TimeMachine/results/AmazeFileManager-3.4.2-#1837-rebuilt.apk.timemachine.result.emulator-5554#2026-08-17-01-00-46/ec_files/emulator-55542026-08-17-01-09-05.ec /home/ubuntu/TimeMachine/results/AmazeFileManager-3.4.2-#1837-rebuilt.apk.timemachine.result.emulator-5554#2026-08-17-01-00-46/ec_files/emulator-55542026-08-17-01-16-12.ec /home/ubuntu/TimeMachine/results/AmazeFileManager-3.4.2-#1837-rebuilt.apk.timemachine.result.emulator-5554#2026-08-17-01-00-46/ec_files/emulator-55542026-08-17-01-16-28.ec /home/ubuntu/TimeMachine/results/AmazeFileManager-3.4.2-#1837-rebuilt.apk.timemachine.result.emulator-5554#2026-08-17-01-00-46/ec_files/emulator-55542026-08-17-01-16-41.ec /home/ubuntu/TimeMachine/results/AmazeFileManager-3.4.2-#1837-rebuilt.apk.timemachine.result.emulator-5554#2026-08-17-01-00-46/ec_files/emulator-55542026-08-17-01-16-55.ec /home/ubuntu/TimeMachine/results/AmazeFileManager-3.4.2-#1837-rebuilt.apk.timemachine.result.emulator-5554#2026-08-17-01-00-46/ec_files/emulator-55542026-08-17-01-17-06.ec /home/ubuntu/TimeMachine/results/AmazeFileManager-3.4.2-#1837-rebuilt.apk.timemachine.result.emulator-5554#2026-08-17-01-00-46/ec_files/emulator-55542026-08-17-01-17-18.ec /home/ubuntu/TimeMachine/results/AmazeFileManager-3.4.2-#1837-rebuilt.apk.timemachine.result.emulator-5554#2026-08-17-01-00-46/ec_files/emulator-55542026-08-17-01-18-42.ec /home/ubuntu/TimeMachine/results/AmazeFileManager-3.4.2-#1837-rebuilt.apk.timemachine.result.emulator-5554#2026-08-17-01-00-46/ec_files/emulator-55542026-08-17-01-19-37.ec /home/ubuntu/TimeMachine/results/AmazeFileManager-3.4.2-#1837-rebuilt.apk.timemachine.result.emulator-5554#2026-08-17-01-00-46/ec_files/emulator-55542026-08-17-01-19-48.ec
[INFO] Loading execution data file /home/ubuntu/TimeMachine/results/AmazeFileManager-3.4.2-#1837-rebuilt.apk.timemachine.result.emulator-5554#2026-08-17-01-00-46/ec_files/coveragetemp.ec.
[INFO] Loading execution data file /home/ubuntu/TimeMachine/results/AmazeFileManager-3.4.2-#1837-rebuilt.apk.timemachine.result.emulator-5554#2026-08-17-01-00-46/ec_files/emulator-55542026-08-17-01-09-02.ec.
[INFO] Loading execution data file /home/ubuntu/TimeMachine/results/AmazeFileManager-3.4.2-#1837-rebuilt.apk.timemachine.result.emulator-5554#2026-08-17-01-00-46/ec_files/emulator-55542026-08-17-01-09-05.ec.
[INFO] Loading execution data file /home/ubuntu/TimeMachine/results/AmazeFileManager-3.4.2-#1837-rebuilt.apk.timemachine.result.emulator-5554#2026-08-17-01-00-46/ec_files/emulator-55542026-08-17-01-16-12.ec.
[INFO] Loading execution data file /home/ubuntu/TimeMachine/results/AmazeFileManager-3.4.2-#1837-rebuilt.apk.timemachine.result.emulator-5554#2026-08-17-01-00-46/ec_files/emulator-55542026-08-17-01-16-28.ec.
[INFO] Loading execution data file /home/ubuntu/TimeMachine/results/AmazeFileManager-3.4.2-#1837-rebuilt.apk.timemachine.result.emulator-5554#2026-08-17-01-00-46/ec_files/emulator-55542026-08-17-01-16-41.ec.
[INFO] Loading execution data file /home/ubuntu/TimeMachine/results/AmazeFileManager-3.4.2-#1837-rebuilt.apk.timemachine.result.emulator-5554#2026-08-17-01-00-46/ec_files/emulator-55542026-08-17-01-16-55.ec.
[INFO] Loading execution data file /home/ubuntu/TimeMachine/results/AmazeFileManager-3.4.2-#1837-rebuilt.apk.timemachine.result.emulator-5554#2026-08-17-01-00-46/ec_files/emulator-55542026-08-17-01-17-06.ec.
[INFO] Loading execution data file /home/ubuntu/TimeMachine/results/AmazeFileManager-3.4.2-#1837-rebuilt.apk.timemachine.result.emulator-5554#2026-08-17-01-00-46/ec_files/emulator-55542026-08-17-01-17-18.ec.
[INFO] Loading execution data file /home/ubuntu/TimeMachine/results/AmazeFileManager-3.4.2-#1837-rebuilt.apk.timemachine.result.emulator-5554#2026-08-17-01-00-46/ec_files/emulator-55542026-08-17-01-18-42.ec.
[INFO] Loading execution data file /home/ubuntu/TimeMachine/results/AmazeFileManager-3.4.2-#1837-rebuilt.apk.timemachine.result.emulator-5554#2026-08-17-01-00-46/ec_files/emulator-55542026-08-17-01-19-37.ec.
[INFO] Loading execution data file /home/ubuntu/TimeMachine/results/AmazeFileManager-3.4.2-#1837-rebuilt.apk.timemachine.result.emulator-5554#2026-08-17-01-00-46/ec_files/emulator-55542026-08-17-01-19-48.ec.
[INFO] Analyzing 508 classes.
   
-----------
current jacoco line coverage rate: 0.175022276415
-----------
--coverage when the new state is triggered: 0.175022276415 current jacoco line coverage rate : 0.171645640857
===================> REWARD STATE <=====================
===================> REWARD STATE <=====================
--taking snapshot...
deque(['-1433637423', '335461736', '1363148680', 'OOAUT', '-583182176', 'OOAUT', '-1556411559', '-583182176', '-1556411559', '-560544007'], maxlen=10)
Frequent nodes 
[('OOAUT', <state_graph.State instance at 0x791eaa94c230>), ('-583182176', <state_graph.State instance at 0x791e88ebac80>)]
the portion to the top 20% most frequent states: 0.428571428571
Frequent nodes 
[('OOAUT', <state_graph.State instance at 0x791eaa94c230>), ('-583182176', <state_graph.State instance at 0x791e88ebac80>)]
--extracted id: -560544007  num_controllable_widgets: 2
--event num: 1
--extracted id: -560544007  num_controllable_widgets: 2
--event num: 2
--extracted id: -560544007  num_controllable_widgets: 2
--event num: 3
--extracted id: -560544007  num_controllable_widgets: 2
--event num: 4
--extracted id: -560544007  num_controllable_widgets: 2
--event num: 5
--extracted id: -560544007  num_controllable_widgets: 2
--event num: 6
--extracted id: -949214984  num_controllable_widgets: 13
--transiton occurs
--a new state is triggered and add -949214984 into the state graph.
get_jacoco_coverage- return code:  output: Broadcasting: Intent { act=edu.gatech.m3.emma.COLLECT_COVERAGE }
Broadcast completed: result=0
---
[COVERAGE FILE EXIST?]
coverage.ec
---
---
[VALIDATE COVERAGE FILE]$ java -jar /home/ubuntu/TimeMachine/fuzzingandroid/libs/jacococli.jar report /home/ubuntu/TimeMachine/results/AmazeFileManager-3.4.2-#1837-rebuilt.apk.timemachine.result.emulator-5554#2026-08-17-01-00-46/ec_files/emulator-55542026-08-17-01-20-06.ec  --classfiles /home/ubuntu/TimeMachine/instrumented_apps/AmazeFileManager/AmazeFileManager-#1837/app/build/intermediates/javac/fdroidDebug/classes/ --classfiles /home/ubuntu/TimeMachine/instrumented_apps/AmazeFileManager/AmazeFileManager-#1837/commons_compress_7z/build/intermediates/javac/debug/classes/ --sourcefiles /home/ubuntu/TimeMachine/instrumented_apps/AmazeFileManager/AmazeFileManager-#1837/app/src/main/java/ --sourcefiles /home/ubuntu/TimeMachine/instrumented_apps/AmazeFileManager/AmazeFileManager-#1837/commons_compress_7z/src/main/java/ &> temp
---
---
[VALIDATE MESSAGE]
---
SUCCESS: coverage file is valid!
[INFO] Loading execution data file /home/ubuntu/TimeMachine/results/AmazeFileManager-3.4.2-#1837-rebuilt.apk.timemachine.result.emulator-5554#2026-08-17-01-00-46/ec_files/emulator-55542026-08-17-01-20-06.ec.
[INFO] Analyzing 508 classes.
 /sdcard/coverage.ec: 1 file pulled, 0 skipped. 0.8 MB/s (4348 bytes in 0.005s)
 
compute_coverage-return code:  output: /home/ubuntu/TimeMachine/results/AmazeFileManager-3.4.2-#1837-rebuilt.apk.timemachine.result.emulator-5554#2026-08-17-01-00-46/ec_files/coveragetemp.ec /home/ubuntu/TimeMachine/results/AmazeFileManager-3.4.2-#1837-rebuilt.apk.timemachine.result.emulator-5554#2026-08-17-01-00-46/ec_files/emulator-55542026-08-17-01-09-02.ec /home/ubuntu/TimeMachine/results/AmazeFileManager-3.4.2-#1837-rebuilt.apk.timemachine.result.emulator-5554#2026-08-17-01-00-46/ec_files/emulator-55542026-08-17-01-09-05.ec /home/ubuntu/TimeMachine/results/AmazeFileManager-3.4.2-#1837-rebuilt.apk.timemachine.result.emulator-5554#2026-08-17-01-00-46/ec_files/emulator-55542026-08-17-01-16-12.ec /home/ubuntu/TimeMachine/results/AmazeFileManager-3.4.2-#1837-rebuilt.apk.timemachine.result.emulator-5554#2026-08-17-01-00-46/ec_files/emulator-55542026-08-17-01-16-28.ec /home/ubuntu/TimeMachine/results/AmazeFileManager-3.4.2-#1837-rebuilt.apk.timemachine.result.emulator-5554#2026-08-17-01-00-46/ec_files/emulator-55542026-08-17-01-16-41.ec /home/ubuntu/TimeMachine/results/AmazeFileManager-3.4.2-#1837-rebuilt.apk.timemachine.result.emulator-5554#2026-08-17-01-00-46/ec_files/emulator-55542026-08-17-01-16-55.ec /home/ubuntu/TimeMachine/results/AmazeFileManager-3.4.2-#1837-rebuilt.apk.timemachine.result.emulator-5554#2026-08-17-01-00-46/ec_files/emulator-55542026-08-17-01-17-06.ec /home/ubuntu/TimeMachine/results/AmazeFileManager-3.4.2-#1837-rebuilt.apk.timemachine.result.emulator-5554#2026-08-17-01-00-46/ec_files/emulator-55542026-08-17-01-17-18.ec /home/ubuntu/TimeMachine/results/AmazeFileManager-3.4.2-#1837-rebuilt.apk.timemachine.result.emulator-5554#2026-08-17-01-00-46/ec_files/emulator-55542026-08-17-01-18-42.ec /home/ubuntu/TimeMachine/results/AmazeFileManager-3.4.2-#1837-rebuilt.apk.timemachine.result.emulator-5554#2026-08-17-01-00-46/ec_files/emulator-55542026-08-17-01-19-37.ec /home/ubuntu/TimeMachine/results/AmazeFileManager-3.4.2-#1837-rebuilt.apk.timemachine.result.emulator-5554#2026-08-17-01-00-46/ec_files/emulator-55542026-08-17-01-19-48.ec /home/ubuntu/TimeMachine/results/AmazeFileManager-3.4.2-#1837-rebuilt.apk.timemachine.result.emulator-5554#2026-08-17-01-00-46/ec_files/emulator-55542026-08-17-01-20-06.ec
[INFO] Loading execution data file /home/ubuntu/TimeMachine/results/AmazeFileManager-3.4.2-#1837-rebuilt.apk.timemachine.result.emulator-5554#2026-08-17-01-00-46/ec_files/coveragetemp.ec.
[INFO] Loading execution data file /home/ubuntu/TimeMachine/results/AmazeFileManager-3.4.2-#1837-rebuilt.apk.timemachine.result.emulator-5554#2026-08-17-01-00-46/ec_files/emulator-55542026-08-17-01-09-02.ec.
[INFO] Loading execution data file /home/ubuntu/TimeMachine/results/AmazeFileManager-3.4.2-#1837-rebuilt.apk.timemachine.result.emulator-5554#2026-08-17-01-00-46/ec_files/emulator-55542026-08-17-01-09-05.ec.
[INFO] Loading execution data file /home/ubuntu/TimeMachine/results/AmazeFileManager-3.4.2-#1837-rebuilt.apk.timemachine.result.emulator-5554#2026-08-17-01-00-46/ec_files/emulator-55542026-08-17-01-16-12.ec.
[INFO] Loading execution data file /home/ubuntu/TimeMachine/results/AmazeFileManager-3.4.2-#1837-rebuilt.apk.timemachine.result.emulator-5554#2026-08-17-01-00-46/ec_files/emulator-55542026-08-17-01-16-28.ec.
[INFO] Loading execution data file /home/ubuntu/TimeMachine/results/AmazeFileManager-3.4.2-#1837-rebuilt.apk.timemachine.result.emulator-5554#2026-08-17-01-00-46/ec_files/emulator-55542026-08-17-01-16-41.ec.
[INFO] Loading execution data file /home/ubuntu/TimeMachine/results/AmazeFileManager-3.4.2-#1837-rebuilt.apk.timemachine.result.emulator-5554#2026-08-17-01-00-46/ec_files/emulator-55542026-08-17-01-16-55.ec.
[INFO] Loading execution data file /home/ubuntu/TimeMachine/results/AmazeFileManager-3.4.2-#1837-rebuilt.apk.timemachine.result.emulator-5554#2026-08-17-01-00-46/ec_files/emulator-55542026-08-17-01-17-06.ec.
[INFO] Loading execution data file /home/ubuntu/TimeMachine/results/AmazeFileManager-3.4.2-#1837-rebuilt.apk.timemachine.result.emulator-5554#2026-08-17-01-00-46/ec_files/emulator-55542026-08-17-01-17-18.ec.
[INFO] Loading execution data file /home/ubuntu/TimeMachine/results/AmazeFileManager-3.4.2-#1837-rebuilt.apk.timemachine.result.emulator-5554#2026-08-17-01-00-46/ec_files/emulator-55542026-08-17-01-18-42.ec.
[INFO] Loading execution data file /home/ubuntu/TimeMachine/results/AmazeFileManager-3.4.2-#1837-rebuilt.apk.timemachine.result.emulator-5554#2026-08-17-01-00-46/ec_files/emulator-55542026-08-17-01-19-37.ec.
[INFO] Loading execution data file /home/ubuntu/TimeMachine/results/AmazeFileManager-3.4.2-#1837-rebuilt.apk.timemachine.result.emulator-5554#2026-08-17-01-00-46/ec_files/emulator-55542026-08-17-01-19-48.ec.
[INFO] Loading execution data file /home/ubuntu/TimeMachine/results/AmazeFileManager-3.4.2-#1837-rebuilt.apk.timemachine.result.emulator-5554#2026-08-17-01-00-46/ec_files/emulator-55542026-08-17-01-20-06.ec.
[INFO] Analyzing 508 classes.
   
-----------
current jacoco line coverage rate: 0.175022276415
-----------
--coverage when the new state is triggered: 0.175022276415 current jacoco line coverage rate : 0.175022276415
===================> PENALIZE STATE <=====================
deque(['335461736', '1363148680', 'OOAUT', '-583182176', 'OOAUT', '-1556411559', '-583182176', '-1556411559', '-560544007', '-949214984'], maxlen=10)
Frequent nodes 
[('OOAUT', <state_graph.State instance at 0x791eaa94c230>), ('-583182176', <state_graph.State instance at 0x791e88ebac80>)]
the portion to the top 20% most frequent states: 0.428571428571
Frequent nodes 
[('OOAUT', <state_graph.State instance at 0x791eaa94c230>), ('-583182176', <state_graph.State instance at 0x791e88ebac80>)]
--extracted id: -949214984  num_controllable_widgets: 13
--event num: 1
--extracted id: 820917904  num_controllable_widgets: 0
--transiton occurs
--a new state is triggered and add 820917904 into the state graph.
get_jacoco_coverage- return code:  output: Broadcasting: Intent { act=edu.gatech.m3.emma.COLLECT_COVERAGE }
Broadcast completed: result=0
---
[COVERAGE FILE EXIST?]
coverage.ec
---
---
[VALIDATE COVERAGE FILE]$ java -jar /home/ubuntu/TimeMachine/fuzzingandroid/libs/jacococli.jar report /home/ubuntu/TimeMachine/results/AmazeFileManager-3.4.2-#1837-rebuilt.apk.timemachine.result.emulator-5554#2026-08-17-01-00-46/ec_files/emulator-55542026-08-17-01-20-22.ec  --classfiles /home/ubuntu/TimeMachine/instrumented_apps/AmazeFileManager/AmazeFileManager-#1837/app/build/intermediates/javac/fdroidDebug/classes/ --classfiles /home/ubuntu/TimeMachine/instrumented_apps/AmazeFileManager/AmazeFileManager-#1837/commons_compress_7z/build/intermediates/javac/debug/classes/ --sourcefiles /home/ubuntu/TimeMachine/instrumented_apps/AmazeFileManager/AmazeFileManager-#1837/app/src/main/java/ --sourcefiles /home/ubuntu/TimeMachine/instrumented_apps/AmazeFileManager/AmazeFileManager-#1837/commons_compress_7z/src/main/java/ &> temp
---
---
[VALIDATE MESSAGE]
---
SUCCESS: coverage file is valid!
[INFO] Loading execution data file /home/ubuntu/TimeMachine/results/AmazeFileManager-3.4.2-#1837-rebuilt.apk.timemachine.result.emulator-5554#2026-08-17-01-00-46/ec_files/emulator-55542026-08-17-01-20-22.ec.
[INFO] Analyzing 508 classes.
 /sdcard/coverage.ec: 1 file pulled, 0 skipped. 0.3 MB/s (2874 bytes in 0.009s)
 
compute_coverage-return code:  output: /home/ubuntu/TimeMachine/results/AmazeFileManager-3.4.2-#1837-rebuilt.apk.timemachine.result.emulator-5554#2026-08-17-01-00-46/ec_files/coveragetemp.ec /home/ubuntu/TimeMachine/results/AmazeFileManager-3.4.2-#1837-rebuilt.apk.timemachine.result.emulator-5554#2026-08-17-01-00-46/ec_files/emulator-55542026-08-17-01-09-02.ec /home/ubuntu/TimeMachine/results/AmazeFileManager-3.4.2-#1837-rebuilt.apk.timemachine.result.emulator-5554#2026-08-17-01-00-46/ec_files/emulator-55542026-08-17-01-09-05.ec /home/ubuntu/TimeMachine/results/AmazeFileManager-3.4.2-#1837-rebuilt.apk.timemachine.result.emulator-5554#2026-08-17-01-00-46/ec_files/emulator-55542026-08-17-01-16-12.ec /home/ubuntu/TimeMachine/results/AmazeFileManager-3.4.2-#1837-rebuilt.apk.timemachine.result.emulator-5554#2026-08-17-01-00-46/ec_files/emulator-55542026-08-17-01-16-28.ec /home/ubuntu/TimeMachine/results/AmazeFileManager-3.4.2-#1837-rebuilt.apk.timemachine.result.emulator-5554#2026-08-17-01-00-46/ec_files/emulator-55542026-08-17-01-16-41.ec /home/ubuntu/TimeMachine/results/AmazeFileManager-3.4.2-#1837-rebuilt.apk.timemachine.result.emulator-5554#2026-08-17-01-00-46/ec_files/emulator-55542026-08-17-01-16-55.ec /home/ubuntu/TimeMachine/results/AmazeFileManager-3.4.2-#1837-rebuilt.apk.timemachine.result.emulator-5554#2026-08-17-01-00-46/ec_files/emulator-55542026-08-17-01-17-06.ec /home/ubuntu/TimeMachine/results/AmazeFileManager-3.4.2-#1837-rebuilt.apk.timemachine.result.emulator-5554#2026-08-17-01-00-46/ec_files/emulator-55542026-08-17-01-17-18.ec /home/ubuntu/TimeMachine/results/AmazeFileManager-3.4.2-#1837-rebuilt.apk.timemachine.result.emulator-5554#2026-08-17-01-00-46/ec_files/emulator-55542026-08-17-01-18-42.ec /home/ubuntu/TimeMachine/results/AmazeFileManager-3.4.2-#1837-rebuilt.apk.timemachine.result.emulator-5554#2026-08-17-01-00-46/ec_files/emulator-55542026-08-17-01-19-37.ec /home/ubuntu/TimeMachine/results/AmazeFileManager-3.4.2-#1837-rebuilt.apk.timemachine.result.emulator-5554#2026-08-17-01-00-46/ec_files/emulator-55542026-08-17-01-19-48.ec /home/ubuntu/TimeMachine/results/AmazeFileManager-3.4.2-#1837-rebuilt.apk.timemachine.result.emulator-5554#2026-08-17-01-00-46/ec_files/emulator-55542026-08-17-01-20-06.ec /home/ubuntu/TimeMachine/results/AmazeFileManager-3.4.2-#1837-rebuilt.apk.timemachine.result.emulator-5554#2026-08-17-01-00-46/ec_files/emulator-55542026-08-17-01-20-22.ec
[INFO] Loading execution data file /home/ubuntu/TimeMachine/results/AmazeFileManager-3.4.2-#1837-rebuilt.apk.timemachine.result.emulator-5554#2026-08-17-01-00-46/ec_files/coveragetemp.ec.
[INFO] Loading execution data file /home/ubuntu/TimeMachine/results/AmazeFileManager-3.4.2-#1837-rebuilt.apk.timemachine.result.emulator-5554#2026-08-17-01-00-46/ec_files/emulator-55542026-08-17-01-09-02.ec.
[INFO] Loading execution data file /home/ubuntu/TimeMachine/results/AmazeFileManager-3.4.2-#1837-rebuilt.apk.timemachine.result.emulator-5554#2026-08-17-01-00-46/ec_files/emulator-55542026-08-17-01-09-05.ec.
[INFO] Loading execution data file /home/ubuntu/TimeMachine/results/AmazeFileManager-3.4.2-#1837-rebuilt.apk.timemachine.result.emulator-5554#2026-08-17-01-00-46/ec_files/emulator-55542026-08-17-01-16-12.ec.
[INFO] Loading execution data file /home/ubuntu/TimeMachine/results/AmazeFileManager-3.4.2-#1837-rebuilt.apk.timemachine.result.emulator-5554#2026-08-17-01-00-46/ec_files/emulator-55542026-08-17-01-16-28.ec.
[INFO] Loading execution data file /home/ubuntu/TimeMachine/results/AmazeFileManager-3.4.2-#1837-rebuilt.apk.timemachine.result.emulator-5554#2026-08-17-01-00-46/ec_files/emulator-55542026-08-17-01-16-41.ec.
[INFO] Loading execution data file /home/ubuntu/TimeMachine/results/AmazeFileManager-3.4.2-#1837-rebuilt.apk.timemachine.result.emulator-5554#2026-08-17-01-00-46/ec_files/emulator-55542026-08-17-01-16-55.ec.
[INFO] Loading execution data file /home/ubuntu/TimeMachine/results/AmazeFileManager-3.4.2-#1837-rebuilt.apk.timemachine.result.emulator-5554#2026-08-17-01-00-46/ec_files/emulator-55542026-08-17-01-17-06.ec.
[INFO] Loading execution data file /home/ubuntu/TimeMachine/results/AmazeFileManager-3.4.2-#1837-rebuilt.apk.timemachine.result.emulator-5554#2026-08-17-01-00-46/ec_files/emulator-55542026-08-17-01-17-18.ec.
[INFO] Loading execution data file /home/ubuntu/TimeMachine/results/AmazeFileManager-3.4.2-#1837-rebuilt.apk.timemachine.result.emulator-5554#2026-08-17-01-00-46/ec_files/emulator-55542026-08-17-01-18-42.ec.
[INFO] Loading execution data file /home/ubuntu/TimeMachine/results/AmazeFileManager-3.4.2-#1837-rebuilt.apk.timemachine.result.emulator-5554#2026-08-17-01-00-46/ec_files/emulator-55542026-08-17-01-19-37.ec.
[INFO] Loading execution data file /home/ubuntu/TimeMachine/results/AmazeFileManager-3.4.2-#1837-rebuilt.apk.timemachine.result.emulator-5554#2026-08-17-01-00-46/ec_files/emulator-55542026-08-17-01-19-48.ec.
[INFO] Loading execution data file /home/ubuntu/TimeMachine/results/AmazeFileManager-3.4.2-#1837-rebuilt.apk.timemachine.result.emulator-5554#2026-08-17-01-00-46/ec_files/emulator-55542026-08-17-01-20-06.ec.
[INFO] Loading execution data file /home/ubuntu/TimeMachine/results/AmazeFileManager-3.4.2-#1837-rebuilt.apk.timemachine.result.emulator-5554#2026-08-17-01-00-46/ec_files/emulator-55542026-08-17-01-20-22.ec.
[INFO] Analyzing 508 classes.
   
-----------
current jacoco line coverage rate: 0.175022276415
-----------
--coverage when the new state is triggered: 0.175022276415 current jacoco line coverage rate : 0.175022276415
===================> PENALIZE STATE <=====================
deque(['1363148680', 'OOAUT', '-583182176', 'OOAUT', '-1556411559', '-583182176', '-1556411559', '-560544007', '-949214984', '820917904'], maxlen=10)
Frequent nodes 
[('OOAUT', <state_graph.State instance at 0x791eaa94c230>), ('-583182176', <state_graph.State instance at 0x791e88ebac80>)]
the portion to the top 20% most frequent states: 0.428571428571
Frequent nodes 
[('OOAUT', <state_graph.State instance at 0x791eaa94c230>), ('-583182176', <state_graph.State instance at 0x791e88ebac80>)]
--extracted id: -583182176  num_controllable_widgets: 0
--transiton occurs
--the state -583182176  exists
===================> PENALIZE STATE <=====================
deque(['OOAUT', '-583182176', 'OOAUT', '-1556411559', '-583182176', '-1556411559', '-560544007', '-949214984', '820917904', '-583182176'], maxlen=10)
Frequent nodes 
[('OOAUT', <state_graph.State instance at 0x791eaa94c230>), ('-583182176', <state_graph.State instance at 0x791e88ebac80>)]
the portion to the top 20% most frequent states: 0.5
Frequent nodes 
[('OOAUT', <state_graph.State instance at 0x791eaa94c230>), ('-583182176', <state_graph.State instance at 0x791e88ebac80>)]
--extracted id: -583182176  num_controllable_widgets: 0
--event num: 1
--extracted id: 183131266  num_controllable_widgets: 8
--transiton occurs
--a new state is triggered and add 183131266 into the state graph.
get_jacoco_coverage- return code:  output: Broadcasting: Intent { act=edu.gatech.m3.emma.COLLECT_COVERAGE }
Broadcast completed: result=0
---
[COVERAGE FILE EXIST?]
coverage.ec
---
---
[VALIDATE COVERAGE FILE]$ java -jar /home/ubuntu/TimeMachine/fuzzingandroid/libs/jacococli.jar report /home/ubuntu/TimeMachine/results/AmazeFileManager-3.4.2-#1837-rebuilt.apk.timemachine.result.emulator-5554#2026-08-17-01-00-46/ec_files/emulator-55542026-08-17-01-20-37.ec  --classfiles /home/ubuntu/TimeMachine/instrumented_apps/AmazeFileManager/AmazeFileManager-#1837/app/build/intermediates/javac/fdroidDebug/classes/ --classfiles /home/ubuntu/TimeMachine/instrumented_apps/AmazeFileManager/AmazeFileManager-#1837/commons_compress_7z/build/intermediates/javac/debug/classes/ --sourcefiles /home/ubuntu/TimeMachine/instrumented_apps/AmazeFileManager/AmazeFileManager-#1837/app/src/main/java/ --sourcefiles /home/ubuntu/TimeMachine/instrumented_apps/AmazeFileManager/AmazeFileManager-#1837/commons_compress_7z/src/main/java/ &> temp
---
---
[VALIDATE MESSAGE]
---
SUCCESS: coverage file is valid!
[INFO] Loading execution data file /home/ubuntu/TimeMachine/results/AmazeFileManager-3.4.2-#1837-rebuilt.apk.timemachine.result.emulator-5554#2026-08-17-01-00-46/ec_files/emulator-55542026-08-17-01-20-37.ec.
[INFO] Analyzing 508 classes.
 /sdcard/coverage.ec: 1 file pulled, 0 skipped. 0.5 MB/s (4370 bytes in 0.008s)
 
compute_coverage-return code:  output: /home/ubuntu/TimeMachine/results/AmazeFileManager-3.4.2-#1837-rebuilt.apk.timemachine.result.emulator-5554#2026-08-17-01-00-46/ec_files/coveragetemp.ec /home/ubuntu/TimeMachine/results/AmazeFileManager-3.4.2-#1837-rebuilt.apk.timemachine.result.emulator-5554#2026-08-17-01-00-46/ec_files/emulator-55542026-08-17-01-09-02.ec /home/ubuntu/TimeMachine/results/AmazeFileManager-3.4.2-#1837-rebuilt.apk.timemachine.result.emulator-5554#2026-08-17-01-00-46/ec_files/emulator-55542026-08-17-01-09-05.ec /home/ubuntu/TimeMachine/results/AmazeFileManager-3.4.2-#1837-rebuilt.apk.timemachine.result.emulator-5554#2026-08-17-01-00-46/ec_files/emulator-55542026-08-17-01-16-12.ec /home/ubuntu/TimeMachine/results/AmazeFileManager-3.4.2-#1837-rebuilt.apk.timemachine.result.emulator-5554#2026-08-17-01-00-46/ec_files/emulator-55542026-08-17-01-16-28.ec /home/ubuntu/TimeMachine/results/AmazeFileManager-3.4.2-#1837-rebuilt.apk.timemachine.result.emulator-5554#2026-08-17-01-00-46/ec_files/emulator-55542026-08-17-01-16-41.ec /home/ubuntu/TimeMachine/results/AmazeFileManager-3.4.2-#1837-rebuilt.apk.timemachine.result.emulator-5554#2026-08-17-01-00-46/ec_files/emulator-55542026-08-17-01-16-55.ec /home/ubuntu/TimeMachine/results/AmazeFileManager-3.4.2-#1837-rebuilt.apk.timemachine.result.emulator-5554#2026-08-17-01-00-46/ec_files/emulator-55542026-08-17-01-17-06.ec /home/ubuntu/TimeMachine/results/AmazeFileManager-3.4.2-#1837-rebuilt.apk.timemachine.result.emulator-5554#2026-08-17-01-00-46/ec_files/emulator-55542026-08-17-01-17-18.ec /home/ubuntu/TimeMachine/results/AmazeFileManager-3.4.2-#1837-rebuilt.apk.timemachine.result.emulator-5554#2026-08-17-01-00-46/ec_files/emulator-55542026-08-17-01-18-42.ec /home/ubuntu/TimeMachine/results/AmazeFileManager-3.4.2-#1837-rebuilt.apk.timemachine.result.emulator-5554#2026-08-17-01-00-46/ec_files/emulator-55542026-08-17-01-19-37.ec /home/ubuntu/TimeMachine/results/AmazeFileManager-3.4.2-#1837-rebuilt.apk.timemachine.result.emulator-5554#2026-08-17-01-00-46/ec_files/emulator-55542026-08-17-01-19-48.ec /home/ubuntu/TimeMachine/results/AmazeFileManager-3.4.2-#1837-rebuilt.apk.timemachine.result.emulator-5554#2026-08-17-01-00-46/ec_files/emulator-55542026-08-17-01-20-06.ec /home/ubuntu/TimeMachine/results/AmazeFileManager-3.4.2-#1837-rebuilt.apk.timemachine.result.emulator-5554#2026-08-17-01-00-46/ec_files/emulator-55542026-08-17-01-20-22.ec /home/ubuntu/TimeMachine/results/AmazeFileManager-3.4.2-#1837-rebuilt.apk.timemachine.result.emulator-5554#2026-08-17-01-00-46/ec_files/emulator-55542026-08-17-01-20-37.ec
[INFO] Loading execution data file /home/ubuntu/TimeMachine/results/AmazeFileManager-3.4.2-#1837-rebuilt.apk.timemachine.result.emulator-5554#2026-08-17-01-00-46/ec_files/coveragetemp.ec.
[INFO] Loading execution data file /home/ubuntu/TimeMachine/results/AmazeFileManager-3.4.2-#1837-rebuilt.apk.timemachine.result.emulator-5554#2026-08-17-01-00-46/ec_files/emulator-55542026-08-17-01-09-02.ec.
[INFO] Loading execution data file /home/ubuntu/TimeMachine/results/AmazeFileManager-3.4.2-#1837-rebuilt.apk.timemachine.result.emulator-5554#2026-08-17-01-00-46/ec_files/emulator-55542026-08-17-01-09-05.ec.
[INFO] Loading execution data file /home/ubuntu/TimeMachine/results/AmazeFileManager-3.4.2-#1837-rebuilt.apk.timemachine.result.emulator-5554#2026-08-17-01-00-46/ec_files/emulator-55542026-08-17-01-16-12.ec.
[INFO] Loading execution data file /home/ubuntu/TimeMachine/results/AmazeFileManager-3.4.2-#1837-rebuilt.apk.timemachine.result.emulator-5554#2026-08-17-01-00-46/ec_files/emulator-55542026-08-17-01-16-28.ec.
[INFO] Loading execution data file /home/ubuntu/TimeMachine/results/AmazeFileManager-3.4.2-#1837-rebuilt.apk.timemachine.result.emulator-5554#2026-08-17-01-00-46/ec_files/emulator-55542026-08-17-01-16-41.ec.
[INFO] Loading execution data file /home/ubuntu/TimeMachine/results/AmazeFileManager-3.4.2-#1837-rebuilt.apk.timemachine.result.emulator-5554#2026-08-17-01-00-46/ec_files/emulator-55542026-08-17-01-16-55.ec.
[INFO] Loading execution data file /home/ubuntu/TimeMachine/results/AmazeFileManager-3.4.2-#1837-rebuilt.apk.timemachine.result.emulator-5554#2026-08-17-01-00-46/ec_files/emulator-55542026-08-17-01-17-06.ec.
[INFO] Loading execution data file /home/ubuntu/TimeMachine/results/AmazeFileManager-3.4.2-#1837-rebuilt.apk.timemachine.result.emulator-5554#2026-08-17-01-00-46/ec_files/emulator-55542026-08-17-01-17-18.ec.
[INFO] Loading execution data file /home/ubuntu/TimeMachine/results/AmazeFileManager-3.4.2-#1837-rebuilt.apk.timemachine.result.emulator-5554#2026-08-17-01-00-46/ec_files/emulator-55542026-08-17-01-18-42.ec.
[INFO] Loading execution data file /home/ubuntu/TimeMachine/results/AmazeFileManager-3.4.2-#1837-rebuilt.apk.timemachine.result.emulator-5554#2026-08-17-01-00-46/ec_files/emulator-55542026-08-17-01-19-37.ec.
[INFO] Loading execution data file /home/ubuntu/TimeMachine/results/AmazeFileManager-3.4.2-#1837-rebuilt.apk.timemachine.result.emulator-5554#2026-08-17-01-00-46/ec_files/emulator-55542026-08-17-01-19-48.ec.
[INFO] Loading execution data file /home/ubuntu/TimeMachine/results/AmazeFileManager-3.4.2-#1837-rebuilt.apk.timemachine.result.emulator-5554#2026-08-17-01-00-46/ec_files/emulator-55542026-08-17-01-20-06.ec.
[INFO] Loading execution data file /home/ubuntu/TimeMachine/results/AmazeFileManager-3.4.2-#1837-rebuilt.apk.timemachine.result.emulator-5554#2026-08-17-01-00-46/ec_files/emulator-55542026-08-17-01-20-22.ec.
[INFO] Loading execution data file /home/ubuntu/TimeMachine/results/AmazeFileManager-3.4.2-#1837-rebuilt.apk.timemachine.result.emulator-5554#2026-08-17-01-00-46/ec_files/emulator-55542026-08-17-01-20-37.ec.
[INFO] Analyzing 508 classes.
   
-----------
current jacoco line coverage rate: 0.175022276415
-----------
--coverage when the new state is triggered: 0.175022276415 current jacoco line coverage rate : 0.175022276415
===================> PENALIZE STATE <=====================
deque(['-583182176', 'OOAUT', '-1556411559', '-583182176', '-1556411559', '-560544007', '-949214984', '820917904', '-583182176', '183131266'], maxlen=10)
Frequent nodes 
[('OOAUT', <state_graph.State instance at 0x791eaa94c230>), ('-583182176', <state_graph.State instance at 0x791e88ebac80>)]
the portion to the top 20% most frequent states: 0.428571428571
Frequent nodes 
[('OOAUT', <state_graph.State instance at 0x791eaa94c230>), ('-583182176', <state_graph.State instance at 0x791e88ebac80>)]
--extracted id: 183131266  num_controllable_widgets: 8
--event num: 1
--extracted id: 183131266  num_controllable_widgets: 8
--event num: 2
--extracted id: 183131266  num_controllable_widgets: 8
--event num: 3
--extracted id: 183131266  num_controllable_widgets: 8
--event num: 4
--extracted id: 183131266  num_controllable_widgets: 8
--event num: 5
--extracted id: 183131266  num_controllable_widgets: 8
--event num: 6
--extracted id: 183131266  num_controllable_widgets: 8
--event num: 7
--extracted id: 349882406  num_controllable_widgets: 8
--transiton occurs
--a new state is triggered and add 349882406 into the state graph.
get_jacoco_coverage- return code:  output: Broadcasting: Intent { act=edu.gatech.m3.emma.COLLECT_COVERAGE }
Broadcast completed: result=0
---
[COVERAGE FILE EXIST?]
coverage.ec
---
---
[VALIDATE COVERAGE FILE]$ java -jar /home/ubuntu/TimeMachine/fuzzingandroid/libs/jacococli.jar report /home/ubuntu/TimeMachine/results/AmazeFileManager-3.4.2-#1837-rebuilt.apk.timemachine.result.emulator-5554#2026-08-17-01-00-46/ec_files/emulator-55542026-08-17-01-20-50.ec  --classfiles /home/ubuntu/TimeMachine/instrumented_apps/AmazeFileManager/AmazeFileManager-#1837/app/build/intermediates/javac/fdroidDebug/classes/ --classfiles /home/ubuntu/TimeMachine/instrumented_apps/AmazeFileManager/AmazeFileManager-#1837/commons_compress_7z/build/intermediates/javac/debug/classes/ --sourcefiles /home/ubuntu/TimeMachine/instrumented_apps/AmazeFileManager/AmazeFileManager-#1837/app/src/main/java/ --sourcefiles /home/ubuntu/TimeMachine/instrumented_apps/AmazeFileManager/AmazeFileManager-#1837/commons_compress_7z/src/main/java/ &> temp
---
---
[VALIDATE MESSAGE]
---
SUCCESS: coverage file is valid!
[INFO] Loading execution data file /home/ubuntu/TimeMachine/results/AmazeFileManager-3.4.2-#1837-rebuilt.apk.timemachine.result.emulator-5554#2026-08-17-01-00-46/ec_files/emulator-55542026-08-17-01-20-50.ec.
[INFO] Analyzing 508 classes.
 /sdcard/coverage.ec: 1 file pulled, 0 skipped. 0.0 MB/s (2749 bytes in 0.102s)
 
compute_coverage-return code:  output: /home/ubuntu/TimeMachine/results/AmazeFileManager-3.4.2-#1837-rebuilt.apk.timemachine.result.emulator-5554#2026-08-17-01-00-46/ec_files/coveragetemp.ec /home/ubuntu/TimeMachine/results/AmazeFileManager-3.4.2-#1837-rebuilt.apk.timemachine.result.emulator-5554#2026-08-17-01-00-46/ec_files/emulator-55542026-08-17-01-09-02.ec /home/ubuntu/TimeMachine/results/AmazeFileManager-3.4.2-#1837-rebuilt.apk.timemachine.result.emulator-5554#2026-08-17-01-00-46/ec_files/emulator-55542026-08-17-01-09-05.ec /home/ubuntu/TimeMachine/results/AmazeFileManager-3.4.2-#1837-rebuilt.apk.timemachine.result.emulator-5554#2026-08-17-01-00-46/ec_files/emulator-55542026-08-17-01-16-12.ec /home/ubuntu/TimeMachine/results/AmazeFileManager-3.4.2-#1837-rebuilt.apk.timemachine.result.emulator-5554#2026-08-17-01-00-46/ec_files/emulator-55542026-08-17-01-16-28.ec /home/ubuntu/TimeMachine/results/AmazeFileManager-3.4.2-#1837-rebuilt.apk.timemachine.result.emulator-5554#2026-08-17-01-00-46/ec_files/emulator-55542026-08-17-01-16-41.ec /home/ubuntu/TimeMachine/results/AmazeFileManager-3.4.2-#1837-rebuilt.apk.timemachine.result.emulator-5554#2026-08-17-01-00-46/ec_files/emulator-55542026-08-17-01-16-55.ec /home/ubuntu/TimeMachine/results/AmazeFileManager-3.4.2-#1837-rebuilt.apk.timemachine.result.emulator-5554#2026-08-17-01-00-46/ec_files/emulator-55542026-08-17-01-17-06.ec /home/ubuntu/TimeMachine/results/AmazeFileManager-3.4.2-#1837-rebuilt.apk.timemachine.result.emulator-5554#2026-08-17-01-00-46/ec_files/emulator-55542026-08-17-01-17-18.ec /home/ubuntu/TimeMachine/results/AmazeFileManager-3.4.2-#1837-rebuilt.apk.timemachine.result.emulator-5554#2026-08-17-01-00-46/ec_files/emulator-55542026-08-17-01-18-42.ec /home/ubuntu/TimeMachine/results/AmazeFileManager-3.4.2-#1837-rebuilt.apk.timemachine.result.emulator-5554#2026-08-17-01-00-46/ec_files/emulator-55542026-08-17-01-19-37.ec /home/ubuntu/TimeMachine/results/AmazeFileManager-3.4.2-#1837-rebuilt.apk.timemachine.result.emulator-5554#2026-08-17-01-00-46/ec_files/emulator-55542026-08-17-01-19-48.ec /home/ubuntu/TimeMachine/results/AmazeFileManager-3.4.2-#1837-rebuilt.apk.timemachine.result.emulator-5554#2026-08-17-01-00-46/ec_files/emulator-55542026-08-17-01-20-06.ec /home/ubuntu/TimeMachine/results/AmazeFileManager-3.4.2-#1837-rebuilt.apk.timemachine.result.emulator-5554#2026-08-17-01-00-46/ec_files/emulator-55542026-08-17-01-20-22.ec /home/ubuntu/TimeMachine/results/AmazeFileManager-3.4.2-#1837-rebuilt.apk.timemachine.result.emulator-5554#2026-08-17-01-00-46/ec_files/emulator-55542026-08-17-01-20-37.ec /home/ubuntu/TimeMachine/results/AmazeFileManager-3.4.2-#1837-rebuilt.apk.timemachine.result.emulator-5554#2026-08-17-01-00-46/ec_files/emulator-55542026-08-17-01-20-50.ec
[INFO] Loading execution data file /home/ubuntu/TimeMachine/results/AmazeFileManager-3.4.2-#1837-rebuilt.apk.timemachine.result.emulator-5554#2026-08-17-01-00-46/ec_files/coveragetemp.ec.
[INFO] Loading execution data file /home/ubuntu/TimeMachine/results/AmazeFileManager-3.4.2-#1837-rebuilt.apk.timemachine.result.emulator-5554#2026-08-17-01-00-46/ec_files/emulator-55542026-08-17-01-09-02.ec.
[INFO] Loading execution data file /home/ubuntu/TimeMachine/results/AmazeFileManager-3.4.2-#1837-rebuilt.apk.timemachine.result.emulator-5554#2026-08-17-01-00-46/ec_files/emulator-55542026-08-17-01-09-05.ec.
[INFO] Loading execution data file /home/ubuntu/TimeMachine/results/AmazeFileManager-3.4.2-#1837-rebuilt.apk.timemachine.result.emulator-5554#2026-08-17-01-00-46/ec_files/emulator-55542026-08-17-01-16-12.ec.
[INFO] Loading execution data file /home/ubuntu/TimeMachine/results/AmazeFileManager-3.4.2-#1837-rebuilt.apk.timemachine.result.emulator-5554#2026-08-17-01-00-46/ec_files/emulator-55542026-08-17-01-16-28.ec.
[INFO] Loading execution data file /home/ubuntu/TimeMachine/results/AmazeFileManager-3.4.2-#1837-rebuilt.apk.timemachine.result.emulator-5554#2026-08-17-01-00-46/ec_files/emulator-55542026-08-17-01-16-41.ec.
[INFO] Loading execution data file /home/ubuntu/TimeMachine/results/AmazeFileManager-3.4.2-#1837-rebuilt.apk.timemachine.result.emulator-5554#2026-08-17-01-00-46/ec_files/emulator-55542026-08-17-01-16-55.ec.
[INFO] Loading execution data file /home/ubuntu/TimeMachine/results/AmazeFileManager-3.4.2-#1837-rebuilt.apk.timemachine.result.emulator-5554#2026-08-17-01-00-46/ec_files/emulator-55542026-08-17-01-17-06.ec.
[INFO] Loading execution data file /home/ubuntu/TimeMachine/results/AmazeFileManager-3.4.2-#1837-rebuilt.apk.timemachine.result.emulator-5554#2026-08-17-01-00-46/ec_files/emulator-55542026-08-17-01-17-18.ec.
[INFO] Loading execution data file /home/ubuntu/TimeMachine/results/AmazeFileManager-3.4.2-#1837-rebuilt.apk.timemachine.result.emulator-5554#2026-08-17-01-00-46/ec_files/emulator-55542026-08-17-01-18-42.ec.
[INFO] Loading execution data file /home/ubuntu/TimeMachine/results/AmazeFileManager-3.4.2-#1837-rebuilt.apk.timemachine.result.emulator-5554#2026-08-17-01-00-46/ec_files/emulator-55542026-08-17-01-19-37.ec.
[INFO] Loading execution data file /home/ubuntu/TimeMachine/results/AmazeFileManager-3.4.2-#1837-rebuilt.apk.timemachine.result.emulator-5554#2026-08-17-01-00-46/ec_files/emulator-55542026-08-17-01-19-48.ec.
[INFO] Loading execution data file /home/ubuntu/TimeMachine/results/AmazeFileManager-3.4.2-#1837-rebuilt.apk.timemachine.result.emulator-5554#2026-08-17-01-00-46/ec_files/emulator-55542026-08-17-01-20-06.ec.
[INFO] Loading execution data file /home/ubuntu/TimeMachine/results/AmazeFileManager-3.4.2-#1837-rebuilt.apk.timemachine.result.emulator-5554#2026-08-17-01-00-46/ec_files/emulator-55542026-08-17-01-20-22.ec.
[INFO] Loading execution data file /home/ubuntu/TimeMachine/results/AmazeFileManager-3.4.2-#1837-rebuilt.apk.timemachine.result.emulator-5554#2026-08-17-01-00-46/ec_files/emulator-55542026-08-17-01-20-37.ec.
[INFO] Loading execution data file /home/ubuntu/TimeMachine/results/AmazeFileManager-3.4.2-#1837-rebuilt.apk.timemachine.result.emulator-5554#2026-08-17-01-00-46/ec_files/emulator-55542026-08-17-01-20-50.ec.
[INFO] Analyzing 508 classes.
   
-----------
current jacoco line coverage rate: 0.183932842471
-----------
--coverage when the new state is triggered: 0.183932842471 current jacoco line coverage rate : 0.175022276415
===================> REWARD STATE <=====================
===================> REWARD STATE <=====================
--taking snapshot...
deque(['OOAUT', '-1556411559', '-583182176', '-1556411559', '-560544007', '-949214984', '820917904', '-583182176', '183131266', '349882406'], maxlen=10)
Frequent nodes 
[('OOAUT', <state_graph.State instance at 0x791eaa94c230>), ('-583182176', <state_graph.State instance at 0x791e88ebac80>), ('-1898053214', <state_graph.State instance at 0x791e89e374b0>)]
the portion to the top 20% most frequent states: 0.375
Frequent nodes 
[('OOAUT', <state_graph.State instance at 0x791eaa94c230>), ('-583182176', <state_graph.State instance at 0x791e88ebac80>), ('-1898053214', <state_graph.State instance at 0x791e89e374b0>)]
--extracted id: -691303923  num_controllable_widgets: 12
--transiton occurs
--a new state is triggered and add -691303923 into the state graph.
get_jacoco_coverage- return code:  output: Broadcasting: Intent { act=edu.gatech.m3.emma.COLLECT_COVERAGE }
Broadcast completed: result=0
---
[COVERAGE FILE EXIST?]
coverage.ec
---
---
[VALIDATE COVERAGE FILE]$ java -jar /home/ubuntu/TimeMachine/fuzzingandroid/libs/jacococli.jar report /home/ubuntu/TimeMachine/results/AmazeFileManager-3.4.2-#1837-rebuilt.apk.timemachine.result.emulator-5554#2026-08-17-01-00-46/ec_files/emulator-55542026-08-17-01-21-08.ec  --classfiles /home/ubuntu/TimeMachine/instrumented_apps/AmazeFileManager/AmazeFileManager-#1837/app/build/intermediates/javac/fdroidDebug/classes/ --classfiles /home/ubuntu/TimeMachine/instrumented_apps/AmazeFileManager/AmazeFileManager-#1837/commons_compress_7z/build/intermediates/javac/debug/classes/ --sourcefiles /home/ubuntu/TimeMachine/instrumented_apps/AmazeFileManager/AmazeFileManager-#1837/app/src/main/java/ --sourcefiles /home/ubuntu/TimeMachine/instrumented_apps/AmazeFileManager/AmazeFileManager-#1837/commons_compress_7z/src/main/java/ &> temp
---
---
[VALIDATE MESSAGE]
---
SUCCESS: coverage file is valid!
[INFO] Loading execution data file /home/ubuntu/TimeMachine/results/AmazeFileManager-3.4.2-#1837-rebuilt.apk.timemachine.result.emulator-5554#2026-08-17-01-00-46/ec_files/emulator-55542026-08-17-01-21-08.ec.
[INFO] Analyzing 508 classes.
 /sdcard/coverage.ec: 1 file pulled, 0 skipped. 0.1 MB/s (3290 bytes in 0.051s)
 
compute_coverage-return code:  output: /home/ubuntu/TimeMachine/results/AmazeFileManager-3.4.2-#1837-rebuilt.apk.timemachine.result.emulator-5554#2026-08-17-01-00-46/ec_files/coveragetemp.ec /home/ubuntu/TimeMachine/results/AmazeFileManager-3.4.2-#1837-rebuilt.apk.timemachine.result.emulator-5554#2026-08-17-01-00-46/ec_files/emulator-55542026-08-17-01-09-02.ec /home/ubuntu/TimeMachine/results/AmazeFileManager-3.4.2-#1837-rebuilt.apk.timemachine.result.emulator-5554#2026-08-17-01-00-46/ec_files/emulator-55542026-08-17-01-09-05.ec /home/ubuntu/TimeMachine/results/AmazeFileManager-3.4.2-#1837-rebuilt.apk.timemachine.result.emulator-5554#2026-08-17-01-00-46/ec_files/emulator-55542026-08-17-01-16-12.ec /home/ubuntu/TimeMachine/results/AmazeFileManager-3.4.2-#1837-rebuilt.apk.timemachine.result.emulator-5554#2026-08-17-01-00-46/ec_files/emulator-55542026-08-17-01-16-28.ec /home/ubuntu/TimeMachine/results/AmazeFileManager-3.4.2-#1837-rebuilt.apk.timemachine.result.emulator-5554#2026-08-17-01-00-46/ec_files/emulator-55542026-08-17-01-16-41.ec /home/ubuntu/TimeMachine/results/AmazeFileManager-3.4.2-#1837-rebuilt.apk.timemachine.result.emulator-5554#2026-08-17-01-00-46/ec_files/emulator-55542026-08-17-01-16-55.ec /home/ubuntu/TimeMachine/results/AmazeFileManager-3.4.2-#1837-rebuilt.apk.timemachine.result.emulator-5554#2026-08-17-01-00-46/ec_files/emulator-55542026-08-17-01-17-06.ec /home/ubuntu/TimeMachine/results/AmazeFileManager-3.4.2-#1837-rebuilt.apk.timemachine.result.emulator-5554#2026-08-17-01-00-46/ec_files/emulator-55542026-08-17-01-17-18.ec /home/ubuntu/TimeMachine/results/AmazeFileManager-3.4.2-#1837-rebuilt.apk.timemachine.result.emulator-5554#2026-08-17-01-00-46/ec_files/emulator-55542026-08-17-01-18-42.ec /home/ubuntu/TimeMachine/results/AmazeFileManager-3.4.2-#1837-rebuilt.apk.timemachine.result.emulator-5554#2026-08-17-01-00-46/ec_files/emulator-55542026-08-17-01-19-37.ec /home/ubuntu/TimeMachine/results/AmazeFileManager-3.4.2-#1837-rebuilt.apk.timemachine.result.emulator-5554#2026-08-17-01-00-46/ec_files/emulator-55542026-08-17-01-19-48.ec /home/ubuntu/TimeMachine/results/AmazeFileManager-3.4.2-#1837-rebuilt.apk.timemachine.result.emulator-5554#2026-08-17-01-00-46/ec_files/emulator-55542026-08-17-01-20-06.ec /home/ubuntu/TimeMachine/results/AmazeFileManager-3.4.2-#1837-rebuilt.apk.timemachine.result.emulator-5554#2026-08-17-01-00-46/ec_files/emulator-55542026-08-17-01-20-22.ec /home/ubuntu/TimeMachine/results/AmazeFileManager-3.4.2-#1837-rebuilt.apk.timemachine.result.emulator-5554#2026-08-17-01-00-46/ec_files/emulator-55542026-08-17-01-20-37.ec /home/ubuntu/TimeMachine/results/AmazeFileManager-3.4.2-#1837-rebuilt.apk.timemachine.result.emulator-5554#2026-08-17-01-00-46/ec_files/emulator-55542026-08-17-01-20-50.ec /home/ubuntu/TimeMachine/results/AmazeFileManager-3.4.2-#1837-rebuilt.apk.timemachine.result.emulator-5554#2026-08-17-01-00-46/ec_files/emulator-55542026-08-17-01-21-08.ec
[INFO] Loading execution data file /home/ubuntu/TimeMachine/results/AmazeFileManager-3.4.2-#1837-rebuilt.apk.timemachine.result.emulator-5554#2026-08-17-01-00-46/ec_files/coveragetemp.ec.
[INFO] Loading execution data file /home/ubuntu/TimeMachine/results/AmazeFileManager-3.4.2-#1837-rebuilt.apk.timemachine.result.emulator-5554#2026-08-17-01-00-46/ec_files/emulator-55542026-08-17-01-09-02.ec.
[INFO] Loading execution data file /home/ubuntu/TimeMachine/results/AmazeFileManager-3.4.2-#1837-rebuilt.apk.timemachine.result.emulator-5554#2026-08-17-01-00-46/ec_files/emulator-55542026-08-17-01-09-05.ec.
[INFO] Loading execution data file /home/ubuntu/TimeMachine/results/AmazeFileManager-3.4.2-#1837-rebuilt.apk.timemachine.result.emulator-5554#2026-08-17-01-00-46/ec_files/emulator-55542026-08-17-01-16-12.ec.
[INFO] Loading execution data file /home/ubuntu/TimeMachine/results/AmazeFileManager-3.4.2-#1837-rebuilt.apk.timemachine.result.emulator-5554#2026-08-17-01-00-46/ec_files/emulator-55542026-08-17-01-16-28.ec.
[INFO] Loading execution data file /home/ubuntu/TimeMachine/results/AmazeFileManager-3.4.2-#1837-rebuilt.apk.timemachine.result.emulator-5554#2026-08-17-01-00-46/ec_files/emulator-55542026-08-17-01-16-41.ec.
[INFO] Loading execution data file /home/ubuntu/TimeMachine/results/AmazeFileManager-3.4.2-#1837-rebuilt.apk.timemachine.result.emulator-5554#2026-08-17-01-00-46/ec_files/emulator-55542026-08-17-01-16-55.ec.
[INFO] Loading execution data file /home/ubuntu/TimeMachine/results/AmazeFileManager-3.4.2-#1837-rebuilt.apk.timemachine.result.emulator-5554#2026-08-17-01-00-46/ec_files/emulator-55542026-08-17-01-17-06.ec.
[INFO] Loading execution data file /home/ubuntu/TimeMachine/results/AmazeFileManager-3.4.2-#1837-rebuilt.apk.timemachine.result.emulator-5554#2026-08-17-01-00-46/ec_files/emulator-55542026-08-17-01-17-18.ec.
[INFO] Loading execution data file /home/ubuntu/TimeMachine/results/AmazeFileManager-3.4.2-#1837-rebuilt.apk.timemachine.result.emulator-5554#2026-08-17-01-00-46/ec_files/emulator-55542026-08-17-01-18-42.ec.
[INFO] Loading execution data file /home/ubuntu/TimeMachine/results/AmazeFileManager-3.4.2-#1837-rebuilt.apk.timemachine.result.emulator-5554#2026-08-17-01-00-46/ec_files/emulator-55542026-08-17-01-19-37.ec.
[INFO] Loading execution data file /home/ubuntu/TimeMachine/results/AmazeFileManager-3.4.2-#1837-rebuilt.apk.timemachine.result.emulator-5554#2026-08-17-01-00-46/ec_files/emulator-55542026-08-17-01-19-48.ec.
[INFO] Loading execution data file /home/ubuntu/TimeMachine/results/AmazeFileManager-3.4.2-#1837-rebuilt.apk.timemachine.result.emulator-5554#2026-08-17-01-00-46/ec_files/emulator-55542026-08-17-01-20-06.ec.
[INFO] Loading execution data file /home/ubuntu/TimeMachine/results/AmazeFileManager-3.4.2-#1837-rebuilt.apk.timemachine.result.emulator-5554#2026-08-17-01-00-46/ec_files/emulator-55542026-08-17-01-20-22.ec.
[INFO] Loading execution data file /home/ubuntu/TimeMachine/results/AmazeFileManager-3.4.2-#1837-rebuilt.apk.timemachine.result.emulator-5554#2026-08-17-01-00-46/ec_files/emulator-55542026-08-17-01-20-37.ec.
[INFO] Loading execution data file /home/ubuntu/TimeMachine/results/AmazeFileManager-3.4.2-#1837-rebuilt.apk.timemachine.result.emulator-5554#2026-08-17-01-00-46/ec_files/emulator-55542026-08-17-01-20-50.ec.
[INFO] Loading execution data file /home/ubuntu/TimeMachine/results/AmazeFileManager-3.4.2-#1837-rebuilt.apk.timemachine.result.emulator-5554#2026-08-17-01-00-46/ec_files/emulator-55542026-08-17-01-21-08.ec.
[INFO] Analyzing 508 classes.
   
-----------
current jacoco line coverage rate: 0.183932842471
-----------
--coverage when the new state is triggered: 0.183932842471 current jacoco line coverage rate : 0.183932842471
===================> PENALIZE STATE <=====================
deque(['-1556411559', '-583182176', '-1556411559', '-560544007', '-949214984', '820917904', '-583182176', '183131266', '349882406', '-691303923'], maxlen=10)
Frequent nodes 
[('OOAUT', <state_graph.State instance at 0x791eaa94c230>), ('-583182176', <state_graph.State instance at 0x791e88ebac80>), ('-1898053214', <state_graph.State instance at 0x791e89e374b0>)]
the portion to the top 20% most frequent states: 0.25
Frequent nodes 
[('OOAUT', <state_graph.State instance at 0x791eaa94c230>), ('-583182176', <state_graph.State instance at 0x791e88ebac80>), ('-1898053214', <state_graph.State instance at 0x791e89e374b0>)]
--extracted id: -691303923  num_controllable_widgets: 12
--event num: 1
--extracted id: -691303923  num_controllable_widgets: 12
--event num: 2
--extracted id: 183131266  num_controllable_widgets: 8
--transiton occurs
--the state 183131266  exists
===================> PENALIZE STATE <=====================
deque(['-583182176', '-1556411559', '-560544007', '-949214984', '820917904', '-583182176', '183131266', '349882406', '-691303923', '183131266'], maxlen=10)
Frequent nodes 
[('OOAUT', <state_graph.State instance at 0x791eaa94c230>), ('-583182176', <state_graph.State instance at 0x791e88ebac80>), ('183131266', <state_graph.State instance at 0x791e83bc0960>)]
the portion to the top 20% most frequent states: 0.25
Frequent nodes 
[('OOAUT', <state_graph.State instance at 0x791eaa94c230>), ('-583182176', <state_graph.State instance at 0x791e88ebac80>), ('183131266', <state_graph.State instance at 0x791e83bc0960>)]
--extracted id: 183131266  num_controllable_widgets: 8
--event num: 1
--extracted id: 183131266  num_controllable_widgets: 8
--event num: 2
--extracted id: -1238617861  num_controllable_widgets: 0
--transiton occurs
--a new state is triggered and add -1238617861 into the state graph.
get_jacoco_coverage- return code:  output: Broadcasting: Intent { act=edu.gatech.m3.emma.COLLECT_COVERAGE }
Broadcast completed: result=0
---
[COVERAGE FILE EXIST?]
coverage.ec
---
---
[VALIDATE COVERAGE FILE]$ java -jar /home/ubuntu/TimeMachine/fuzzingandroid/libs/jacococli.jar report /home/ubuntu/TimeMachine/results/AmazeFileManager-3.4.2-#1837-rebuilt.apk.timemachine.result.emulator-5554#2026-08-17-01-00-46/ec_files/emulator-55542026-08-17-01-21-20.ec  --classfiles /home/ubuntu/TimeMachine/instrumented_apps/AmazeFileManager/AmazeFileManager-#1837/app/build/intermediates/javac/fdroidDebug/classes/ --classfiles /home/ubuntu/TimeMachine/instrumented_apps/AmazeFileManager/AmazeFileManager-#1837/commons_compress_7z/build/intermediates/javac/debug/classes/ --sourcefiles /home/ubuntu/TimeMachine/instrumented_apps/AmazeFileManager/AmazeFileManager-#1837/app/src/main/java/ --sourcefiles /home/ubuntu/TimeMachine/instrumented_apps/AmazeFileManager/AmazeFileManager-#1837/commons_compress_7z/src/main/java/ &> temp
---
---
[VALIDATE MESSAGE]
---
SUCCESS: coverage file is valid!
[INFO] Loading execution data file /home/ubuntu/TimeMachine/results/AmazeFileManager-3.4.2-#1837-rebuilt.apk.timemachine.result.emulator-5554#2026-08-17-01-00-46/ec_files/emulator-55542026-08-17-01-21-20.ec.
[INFO] Analyzing 508 classes.
 /sdcard/coverage.ec: 1 file pulled, 0 skipped. 0.1 MB/s (3678 bytes in 0.049s)
 
compute_coverage-return code:  output: /home/ubuntu/TimeMachine/results/AmazeFileManager-3.4.2-#1837-rebuilt.apk.timemachine.result.emulator-5554#2026-08-17-01-00-46/ec_files/coveragetemp.ec /home/ubuntu/TimeMachine/results/AmazeFileManager-3.4.2-#1837-rebuilt.apk.timemachine.result.emulator-5554#2026-08-17-01-00-46/ec_files/emulator-55542026-08-17-01-09-02.ec /home/ubuntu/TimeMachine/results/AmazeFileManager-3.4.2-#1837-rebuilt.apk.timemachine.result.emulator-5554#2026-08-17-01-00-46/ec_files/emulator-55542026-08-17-01-09-05.ec /home/ubuntu/TimeMachine/results/AmazeFileManager-3.4.2-#1837-rebuilt.apk.timemachine.result.emulator-5554#2026-08-17-01-00-46/ec_files/emulator-55542026-08-17-01-16-12.ec /home/ubuntu/TimeMachine/results/AmazeFileManager-3.4.2-#1837-rebuilt.apk.timemachine.result.emulator-5554#2026-08-17-01-00-46/ec_files/emulator-55542026-08-17-01-16-28.ec /home/ubuntu/TimeMachine/results/AmazeFileManager-3.4.2-#1837-rebuilt.apk.timemachine.result.emulator-5554#2026-08-17-01-00-46/ec_files/emulator-55542026-08-17-01-16-41.ec /home/ubuntu/TimeMachine/results/AmazeFileManager-3.4.2-#1837-rebuilt.apk.timemachine.result.emulator-5554#2026-08-17-01-00-46/ec_files/emulator-55542026-08-17-01-16-55.ec /home/ubuntu/TimeMachine/results/AmazeFileManager-3.4.2-#1837-rebuilt.apk.timemachine.result.emulator-5554#2026-08-17-01-00-46/ec_files/emulator-55542026-08-17-01-17-06.ec /home/ubuntu/TimeMachine/results/AmazeFileManager-3.4.2-#1837-rebuilt.apk.timemachine.result.emulator-5554#2026-08-17-01-00-46/ec_files/emulator-55542026-08-17-01-17-18.ec /home/ubuntu/TimeMachine/results/AmazeFileManager-3.4.2-#1837-rebuilt.apk.timemachine.result.emulator-5554#2026-08-17-01-00-46/ec_files/emulator-55542026-08-17-01-18-42.ec /home/ubuntu/TimeMachine/results/AmazeFileManager-3.4.2-#1837-rebuilt.apk.timemachine.result.emulator-5554#2026-08-17-01-00-46/ec_files/emulator-55542026-08-17-01-19-37.ec /home/ubuntu/TimeMachine/results/AmazeFileManager-3.4.2-#1837-rebuilt.apk.timemachine.result.emulator-5554#2026-08-17-01-00-46/ec_files/emulator-55542026-08-17-01-19-48.ec /home/ubuntu/TimeMachine/results/AmazeFileManager-3.4.2-#1837-rebuilt.apk.timemachine.result.emulator-5554#2026-08-17-01-00-46/ec_files/emulator-55542026-08-17-01-20-06.ec /home/ubuntu/TimeMachine/results/AmazeFileManager-3.4.2-#1837-rebuilt.apk.timemachine.result.emulator-5554#2026-08-17-01-00-46/ec_files/emulator-55542026-08-17-01-20-22.ec /home/ubuntu/TimeMachine/results/AmazeFileManager-3.4.2-#1837-rebuilt.apk.timemachine.result.emulator-5554#2026-08-17-01-00-46/ec_files/emulator-55542026-08-17-01-20-37.ec /home/ubuntu/TimeMachine/results/AmazeFileManager-3.4.2-#1837-rebuilt.apk.timemachine.result.emulator-5554#2026-08-17-01-00-46/ec_files/emulator-55542026-08-17-01-20-50.ec /home/ubuntu/TimeMachine/results/AmazeFileManager-3.4.2-#1837-rebuilt.apk.timemachine.result.emulator-5554#2026-08-17-01-00-46/ec_files/emulator-55542026-08-17-01-21-08.ec /home/ubuntu/TimeMachine/results/AmazeFileManager-3.4.2-#1837-rebuilt.apk.timemachine.result.emulator-5554#2026-08-17-01-00-46/ec_files/emulator-55542026-08-17-01-21-20.ec
[INFO] Loading execution data file /home/ubuntu/TimeMachine/results/AmazeFileManager-3.4.2-#1837-rebuilt.apk.timemachine.result.emulator-5554#2026-08-17-01-00-46/ec_files/coveragetemp.ec.
[INFO] Loading execution data file /home/ubuntu/TimeMachine/results/AmazeFileManager-3.4.2-#1837-rebuilt.apk.timemachine.result.emulator-5554#2026-08-17-01-00-46/ec_files/emulator-55542026-08-17-01-09-02.ec.
[INFO] Loading execution data file /home/ubuntu/TimeMachine/results/AmazeFileManager-3.4.2-#1837-rebuilt.apk.timemachine.result.emulator-5554#2026-08-17-01-00-46/ec_files/emulator-55542026-08-17-01-09-05.ec.
[INFO] Loading execution data file /home/ubuntu/TimeMachine/results/AmazeFileManager-3.4.2-#1837-rebuilt.apk.timemachine.result.emulator-5554#2026-08-17-01-00-46/ec_files/emulator-55542026-08-17-01-16-12.ec.
[INFO] Loading execution data file /home/ubuntu/TimeMachine/results/AmazeFileManager-3.4.2-#1837-rebuilt.apk.timemachine.result.emulator-5554#2026-08-17-01-00-46/ec_files/emulator-55542026-08-17-01-16-28.ec.
[INFO] Loading execution data file /home/ubuntu/TimeMachine/results/AmazeFileManager-3.4.2-#1837-rebuilt.apk.timemachine.result.emulator-5554#2026-08-17-01-00-46/ec_files/emulator-55542026-08-17-01-16-41.ec.
[INFO] Loading execution data file /home/ubuntu/TimeMachine/results/AmazeFileManager-3.4.2-#1837-rebuilt.apk.timemachine.result.emulator-5554#2026-08-17-01-00-46/ec_files/emulator-55542026-08-17-01-16-55.ec.
[INFO] Loading execution data file /home/ubuntu/TimeMachine/results/AmazeFileManager-3.4.2-#1837-rebuilt.apk.timemachine.result.emulator-5554#2026-08-17-01-00-46/ec_files/emulator-55542026-08-17-01-17-06.ec.
[INFO] Loading execution data file /home/ubuntu/TimeMachine/results/AmazeFileManager-3.4.2-#1837-rebuilt.apk.timemachine.result.emulator-5554#2026-08-17-01-00-46/ec_files/emulator-55542026-08-17-01-17-18.ec.
[INFO] Loading execution data file /home/ubuntu/TimeMachine/results/AmazeFileManager-3.4.2-#1837-rebuilt.apk.timemachine.result.emulator-5554#2026-08-17-01-00-46/ec_files/emulator-55542026-08-17-01-18-42.ec.
[INFO] Loading execution data file /home/ubuntu/TimeMachine/results/AmazeFileManager-3.4.2-#1837-rebuilt.apk.timemachine.result.emulator-5554#2026-08-17-01-00-46/ec_files/emulator-55542026-08-17-01-19-37.ec.
[INFO] Loading execution data file /home/ubuntu/TimeMachine/results/AmazeFileManager-3.4.2-#1837-rebuilt.apk.timemachine.result.emulator-5554#2026-08-17-01-00-46/ec_files/emulator-55542026-08-17-01-19-48.ec.
[INFO] Loading execution data file /home/ubuntu/TimeMachine/results/AmazeFileManager-3.4.2-#1837-rebuilt.apk.timemachine.result.emulator-5554#2026-08-17-01-00-46/ec_files/emulator-55542026-08-17-01-20-06.ec.
[INFO] Loading execution data file /home/ubuntu/TimeMachine/results/AmazeFileManager-3.4.2-#1837-rebuilt.apk.timemachine.result.emulator-5554#2026-08-17-01-00-46/ec_files/emulator-55542026-08-17-01-20-22.ec.
[INFO] Loading execution data file /home/ubuntu/TimeMachine/results/AmazeFileManager-3.4.2-#1837-rebuilt.apk.timemachine.result.emulator-5554#2026-08-17-01-00-46/ec_files/emulator-55542026-08-17-01-20-37.ec.
[INFO] Loading execution data file /home/ubuntu/TimeMachine/results/AmazeFileManager-3.4.2-#1837-rebuilt.apk.timemachine.result.emulator-5554#2026-08-17-01-00-46/ec_files/emulator-55542026-08-17-01-20-50.ec.
[INFO] Loading execution data file /home/ubuntu/TimeMachine/results/AmazeFileManager-3.4.2-#1837-rebuilt.apk.timemachine.result.emulator-5554#2026-08-17-01-00-46/ec_files/emulator-55542026-08-17-01-21-08.ec.
[INFO] Loading execution data file /home/ubuntu/TimeMachine/results/AmazeFileManager-3.4.2-#1837-rebuilt.apk.timemachine.result.emulator-5554#2026-08-17-01-00-46/ec_files/emulator-55542026-08-17-01-21-20.ec.
[INFO] Analyzing 508 classes.
   
-----------
current jacoco line coverage rate: 0.183932842471
-----------
--coverage when the new state is triggered: 0.183932842471 current jacoco line coverage rate : 0.183932842471
===================> PENALIZE STATE <=====================
deque(['-1556411559', '-560544007', '-949214984', '820917904', '-583182176', '183131266', '349882406', '-691303923', '183131266', '-1238617861'], maxlen=10)
Frequent nodes 
[('OOAUT', <state_graph.State instance at 0x791eaa94c230>), ('-583182176', <state_graph.State instance at 0x791e88ebac80>), ('183131266', <state_graph.State instance at 0x791e83bc0960>)]
the portion to the top 20% most frequent states: 0.222222222222
Frequent nodes 
[('OOAUT', <state_graph.State instance at 0x791eaa94c230>), ('-583182176', <state_graph.State instance at 0x791e88ebac80>), ('183131266', <state_graph.State instance at 0x791e83bc0960>)]
--extracted id: -583182176  num_controllable_widgets: 0
--transiton occurs
--the state -583182176  exists
===================> PENALIZE STATE <=====================
deque(['-560544007', '-949214984', '820917904', '-583182176', '183131266', '349882406', '-691303923', '183131266', '-1238617861', '-583182176'], maxlen=10)
Frequent nodes 
[('-583182176', <state_graph.State instance at 0x791e88ebac80>), ('OOAUT', <state_graph.State instance at 0x791eaa94c230>), ('183131266', <state_graph.State instance at 0x791e83bc0960>)]
the portion to the top 20% most frequent states: 0.25
Frequent nodes 
[('-583182176', <state_graph.State instance at 0x791e88ebac80>), ('OOAUT', <state_graph.State instance at 0x791eaa94c230>), ('183131266', <state_graph.State instance at 0x791e83bc0960>)]
--extracted id: -583182176  num_controllable_widgets: 0
--event num: 1
--extracted id: -583182176  num_controllable_widgets: 0
--event num: 2
--extracted id: 183131266  num_controllable_widgets: 8
--transiton occurs
--the state 183131266  exists
===================> PENALIZE STATE <=====================
deque(['-949214984', '820917904', '-583182176', '183131266', '349882406', '-691303923', '183131266', '-1238617861', '-583182176', '183131266'], maxlen=10)
Frequent nodes 
[('-583182176', <state_graph.State instance at 0x791e88ebac80>), ('OOAUT', <state_graph.State instance at 0x791eaa94c230>), ('183131266', <state_graph.State instance at 0x791e83bc0960>)]
the portion to the top 20% most frequent states: 0.285714285714
Frequent nodes 
[('-583182176', <state_graph.State instance at 0x791e88ebac80>), ('OOAUT', <state_graph.State instance at 0x791eaa94c230>), ('183131266', <state_graph.State instance at 0x791e83bc0960>)]
--extracted id: -1095258713  num_controllable_widgets: 9
--transiton occurs
--a new state is triggered and add -1095258713 into the state graph.
get_jacoco_coverage- return code:  output: Broadcasting: Intent { act=edu.gatech.m3.emma.COLLECT_COVERAGE }
Broadcast completed: result=0
---
[COVERAGE FILE EXIST?]
coverage.ec
---
---
[VALIDATE COVERAGE FILE]$ java -jar /home/ubuntu/TimeMachine/fuzzingandroid/libs/jacococli.jar report /home/ubuntu/TimeMachine/results/AmazeFileManager-3.4.2-#1837-rebuilt.apk.timemachine.result.emulator-5554#2026-08-17-01-00-46/ec_files/emulator-55542026-08-17-01-21-33.ec  --classfiles /home/ubuntu/TimeMachine/instrumented_apps/AmazeFileManager/AmazeFileManager-#1837/app/build/intermediates/javac/fdroidDebug/classes/ --classfiles /home/ubuntu/TimeMachine/instrumented_apps/AmazeFileManager/AmazeFileManager-#1837/commons_compress_7z/build/intermediates/javac/debug/classes/ --sourcefiles /home/ubuntu/TimeMachine/instrumented_apps/AmazeFileManager/AmazeFileManager-#1837/app/src/main/java/ --sourcefiles /home/ubuntu/TimeMachine/instrumented_apps/AmazeFileManager/AmazeFileManager-#1837/commons_compress_7z/src/main/java/ &> temp
---
---
[VALIDATE MESSAGE]
---
SUCCESS: coverage file is valid!
[INFO] Loading execution data file /home/ubuntu/TimeMachine/results/AmazeFileManager-3.4.2-#1837-rebuilt.apk.timemachine.result.emulator-5554#2026-08-17-01-00-46/ec_files/emulator-55542026-08-17-01-21-33.ec.
[INFO] Analyzing 508 classes.
 /sdcard/coverage.ec: 1 file pulled, 0 skipped. 0.1 MB/s (2948 bytes in 0.051s)
 
compute_coverage-return code:  output: /home/ubuntu/TimeMachine/results/AmazeFileManager-3.4.2-#1837-rebuilt.apk.timemachine.result.emulator-5554#2026-08-17-01-00-46/ec_files/coveragetemp.ec /home/ubuntu/TimeMachine/results/AmazeFileManager-3.4.2-#1837-rebuilt.apk.timemachine.result.emulator-5554#2026-08-17-01-00-46/ec_files/emulator-55542026-08-17-01-09-02.ec /home/ubuntu/TimeMachine/results/AmazeFileManager-3.4.2-#1837-rebuilt.apk.timemachine.result.emulator-5554#2026-08-17-01-00-46/ec_files/emulator-55542026-08-17-01-09-05.ec /home/ubuntu/TimeMachine/results/AmazeFileManager-3.4.2-#1837-rebuilt.apk.timemachine.result.emulator-5554#2026-08-17-01-00-46/ec_files/emulator-55542026-08-17-01-16-12.ec /home/ubuntu/TimeMachine/results/AmazeFileManager-3.4.2-#1837-rebuilt.apk.timemachine.result.emulator-5554#2026-08-17-01-00-46/ec_files/emulator-55542026-08-17-01-16-28.ec /home/ubuntu/TimeMachine/results/AmazeFileManager-3.4.2-#1837-rebuilt.apk.timemachine.result.emulator-5554#2026-08-17-01-00-46/ec_files/emulator-55542026-08-17-01-16-41.ec /home/ubuntu/TimeMachine/results/AmazeFileManager-3.4.2-#1837-rebuilt.apk.timemachine.result.emulator-5554#2026-08-17-01-00-46/ec_files/emulator-55542026-08-17-01-16-55.ec /home/ubuntu/TimeMachine/results/AmazeFileManager-3.4.2-#1837-rebuilt.apk.timemachine.result.emulator-5554#2026-08-17-01-00-46/ec_files/emulator-55542026-08-17-01-17-06.ec /home/ubuntu/TimeMachine/results/AmazeFileManager-3.4.2-#1837-rebuilt.apk.timemachine.result.emulator-5554#2026-08-17-01-00-46/ec_files/emulator-55542026-08-17-01-17-18.ec /home/ubuntu/TimeMachine/results/AmazeFileManager-3.4.2-#1837-rebuilt.apk.timemachine.result.emulator-5554#2026-08-17-01-00-46/ec_files/emulator-55542026-08-17-01-18-42.ec /home/ubuntu/TimeMachine/results/AmazeFileManager-3.4.2-#1837-rebuilt.apk.timemachine.result.emulator-5554#2026-08-17-01-00-46/ec_files/emulator-55542026-08-17-01-19-37.ec /home/ubuntu/TimeMachine/results/AmazeFileManager-3.4.2-#1837-rebuilt.apk.timemachine.result.emulator-5554#2026-08-17-01-00-46/ec_files/emulator-55542026-08-17-01-19-48.ec /home/ubuntu/TimeMachine/results/AmazeFileManager-3.4.2-#1837-rebuilt.apk.timemachine.result.emulator-5554#2026-08-17-01-00-46/ec_files/emulator-55542026-08-17-01-20-06.ec /home/ubuntu/TimeMachine/results/AmazeFileManager-3.4.2-#1837-rebuilt.apk.timemachine.result.emulator-5554#2026-08-17-01-00-46/ec_files/emulator-55542026-08-17-01-20-22.ec /home/ubuntu/TimeMachine/results/AmazeFileManager-3.4.2-#1837-rebuilt.apk.timemachine.result.emulator-5554#2026-08-17-01-00-46/ec_files/emulator-55542026-08-17-01-20-37.ec /home/ubuntu/TimeMachine/results/AmazeFileManager-3.4.2-#1837-rebuilt.apk.timemachine.result.emulator-5554#2026-08-17-01-00-46/ec_files/emulator-55542026-08-17-01-20-50.ec /home/ubuntu/TimeMachine/results/AmazeFileManager-3.4.2-#1837-rebuilt.apk.timemachine.result.emulator-5554#2026-08-17-01-00-46/ec_files/emulator-55542026-08-17-01-21-08.ec /home/ubuntu/TimeMachine/results/AmazeFileManager-3.4.2-#1837-rebuilt.apk.timemachine.result.emulator-5554#2026-08-17-01-00-46/ec_files/emulator-55542026-08-17-01-21-20.ec /home/ubuntu/TimeMachine/results/AmazeFileManager-3.4.2-#1837-rebuilt.apk.timemachine.result.emulator-5554#2026-08-17-01-00-46/ec_files/emulator-55542026-08-17-01-21-33.ec
[INFO] Loading execution data file /home/ubuntu/TimeMachine/results/AmazeFileManager-3.4.2-#1837-rebuilt.apk.timemachine.result.emulator-5554#2026-08-17-01-00-46/ec_files/coveragetemp.ec.
[INFO] Loading execution data file /home/ubuntu/TimeMachine/results/AmazeFileManager-3.4.2-#1837-rebuilt.apk.timemachine.result.emulator-5554#2026-08-17-01-00-46/ec_files/emulator-55542026-08-17-01-09-02.ec.
[INFO] Loading execution data file /home/ubuntu/TimeMachine/results/AmazeFileManager-3.4.2-#1837-rebuilt.apk.timemachine.result.emulator-5554#2026-08-17-01-00-46/ec_files/emulator-55542026-08-17-01-09-05.ec.
[INFO] Loading execution data file /home/ubuntu/TimeMachine/results/AmazeFileManager-3.4.2-#1837-rebuilt.apk.timemachine.result.emulator-5554#2026-08-17-01-00-46/ec_files/emulator-55542026-08-17-01-16-12.ec.
[INFO] Loading execution data file /home/ubuntu/TimeMachine/results/AmazeFileManager-3.4.2-#1837-rebuilt.apk.timemachine.result.emulator-5554#2026-08-17-01-00-46/ec_files/emulator-55542026-08-17-01-16-28.ec.
[INFO] Loading execution data file /home/ubuntu/TimeMachine/results/AmazeFileManager-3.4.2-#1837-rebuilt.apk.timemachine.result.emulator-5554#2026-08-17-01-00-46/ec_files/emulator-55542026-08-17-01-16-41.ec.
[INFO] Loading execution data file /home/ubuntu/TimeMachine/results/AmazeFileManager-3.4.2-#1837-rebuilt.apk.timemachine.result.emulator-5554#2026-08-17-01-00-46/ec_files/emulator-55542026-08-17-01-16-55.ec.
[INFO] Loading execution data file /home/ubuntu/TimeMachine/results/AmazeFileManager-3.4.2-#1837-rebuilt.apk.timemachine.result.emulator-5554#2026-08-17-01-00-46/ec_files/emulator-55542026-08-17-01-17-06.ec.
[INFO] Loading execution data file /home/ubuntu/TimeMachine/results/AmazeFileManager-3.4.2-#1837-rebuilt.apk.timemachine.result.emulator-5554#2026-08-17-01-00-46/ec_files/emulator-55542026-08-17-01-17-18.ec.
[INFO] Loading execution data file /home/ubuntu/TimeMachine/results/AmazeFileManager-3.4.2-#1837-rebuilt.apk.timemachine.result.emulator-5554#2026-08-17-01-00-46/ec_files/emulator-55542026-08-17-01-18-42.ec.
[INFO] Loading execution data file /home/ubuntu/TimeMachine/results/AmazeFileManager-3.4.2-#1837-rebuilt.apk.timemachine.result.emulator-5554#2026-08-17-01-00-46/ec_files/emulator-55542026-08-17-01-19-37.ec.
[INFO] Loading execution data file /home/ubuntu/TimeMachine/results/AmazeFileManager-3.4.2-#1837-rebuilt.apk.timemachine.result.emulator-5554#2026-08-17-01-00-46/ec_files/emulator-55542026-08-17-01-19-48.ec.
[INFO] Loading execution data file /home/ubuntu/TimeMachine/results/AmazeFileManager-3.4.2-#1837-rebuilt.apk.timemachine.result.emulator-5554#2026-08-17-01-00-46/ec_files/emulator-55542026-08-17-01-20-06.ec.
[INFO] Loading execution data file /home/ubuntu/TimeMachine/results/AmazeFileManager-3.4.2-#1837-rebuilt.apk.timemachine.result.emulator-5554#2026-08-17-01-00-46/ec_files/emulator-55542026-08-17-01-20-22.ec.
[INFO] Loading execution data file /home/ubuntu/TimeMachine/results/AmazeFileManager-3.4.2-#1837-rebuilt.apk.timemachine.result.emulator-5554#2026-08-17-01-00-46/ec_files/emulator-55542026-08-17-01-20-37.ec.
[INFO] Loading execution data file /home/ubuntu/TimeMachine/results/AmazeFileManager-3.4.2-#1837-rebuilt.apk.timemachine.result.emulator-5554#2026-08-17-01-00-46/ec_files/emulator-55542026-08-17-01-20-50.ec.
[INFO] Loading execution data file /home/ubuntu/TimeMachine/results/AmazeFileManager-3.4.2-#1837-rebuilt.apk.timemachine.result.emulator-5554#2026-08-17-01-00-46/ec_files/emulator-55542026-08-17-01-21-08.ec.
[INFO] Loading execution data file /home/ubuntu/TimeMachine/results/AmazeFileManager-3.4.2-#1837-rebuilt.apk.timemachine.result.emulator-5554#2026-08-17-01-00-46/ec_files/emulator-55542026-08-17-01-21-20.ec.
[INFO] Loading execution data file /home/ubuntu/TimeMachine/results/AmazeFileManager-3.4.2-#1837-rebuilt.apk.timemachine.result.emulator-5554#2026-08-17-01-00-46/ec_files/emulator-55542026-08-17-01-21-33.ec.
[INFO] Analyzing 508 classes.
   
-----------
current jacoco line coverage rate: 0.183932842471
-----------
--coverage when the new state is triggered: 0.183932842471 current jacoco line coverage rate : 0.183932842471
===================> PENALIZE STATE <=====================
deque(['820917904', '-583182176', '183131266', '349882406', '-691303923', '183131266', '-1238617861', '-583182176', '183131266', '-1095258713'], maxlen=10)
Frequent nodes 
[('-583182176', <state_graph.State instance at 0x791e88ebac80>), ('OOAUT', <state_graph.State instance at 0x791eaa94c230>), ('183131266', <state_graph.State instance at 0x791e83bc0960>)]
the portion to the top 20% most frequent states: 0.285714285714
Frequent nodes 
[('-583182176', <state_graph.State instance at 0x791e88ebac80>), ('OOAUT', <state_graph.State instance at 0x791eaa94c230>), ('183131266', <state_graph.State instance at 0x791e83bc0960>)]
--extracted id: 355520023  num_controllable_widgets: 13
--transiton occurs
--a new state is triggered and add 355520023 into the state graph.
get_jacoco_coverage- return code:  output: Broadcasting: Intent { act=edu.gatech.m3.emma.COLLECT_COVERAGE }
Broadcast completed: result=0
---
[COVERAGE FILE EXIST?]
coverage.ec
---
---
[VALIDATE COVERAGE FILE]$ java -jar /home/ubuntu/TimeMachine/fuzzingandroid/libs/jacococli.jar report /home/ubuntu/TimeMachine/results/AmazeFileManager-3.4.2-#1837-rebuilt.apk.timemachine.result.emulator-5554#2026-08-17-01-00-46/ec_files/emulator-55542026-08-17-01-21-46.ec  --classfiles /home/ubuntu/TimeMachine/instrumented_apps/AmazeFileManager/AmazeFileManager-#1837/app/build/intermediates/javac/fdroidDebug/classes/ --classfiles /home/ubuntu/TimeMachine/instrumented_apps/AmazeFileManager/AmazeFileManager-#1837/commons_compress_7z/build/intermediates/javac/debug/classes/ --sourcefiles /home/ubuntu/TimeMachine/instrumented_apps/AmazeFileManager/AmazeFileManager-#1837/app/src/main/java/ --sourcefiles /home/ubuntu/TimeMachine/instrumented_apps/AmazeFileManager/AmazeFileManager-#1837/commons_compress_7z/src/main/java/ &> temp
---
---
[VALIDATE MESSAGE]
---
SUCCESS: coverage file is valid!
[INFO] Loading execution data file /home/ubuntu/TimeMachine/results/AmazeFileManager-3.4.2-#1837-rebuilt.apk.timemachine.result.emulator-5554#2026-08-17-01-00-46/ec_files/emulator-55542026-08-17-01-21-46.ec.
[INFO] Analyzing 508 classes.
 /sdcard/coverage.ec: 1 file pulled, 0 skipped. 0.0 MB/s (1315 bytes in 0.051s)
 
compute_coverage-return code:  output: /home/ubuntu/TimeMachine/results/AmazeFileManager-3.4.2-#1837-rebuilt.apk.timemachine.result.emulator-5554#2026-08-17-01-00-46/ec_files/coveragetemp.ec /home/ubuntu/TimeMachine/results/AmazeFileManager-3.4.2-#1837-rebuilt.apk.timemachine.result.emulator-5554#2026-08-17-01-00-46/ec_files/emulator-55542026-08-17-01-09-02.ec /home/ubuntu/TimeMachine/results/AmazeFileManager-3.4.2-#1837-rebuilt.apk.timemachine.result.emulator-5554#2026-08-17-01-00-46/ec_files/emulator-55542026-08-17-01-09-05.ec /home/ubuntu/TimeMachine/results/AmazeFileManager-3.4.2-#1837-rebuilt.apk.timemachine.result.emulator-5554#2026-08-17-01-00-46/ec_files/emulator-55542026-08-17-01-16-12.ec /home/ubuntu/TimeMachine/results/AmazeFileManager-3.4.2-#1837-rebuilt.apk.timemachine.result.emulator-5554#2026-08-17-01-00-46/ec_files/emulator-55542026-08-17-01-16-28.ec /home/ubuntu/TimeMachine/results/AmazeFileManager-3.4.2-#1837-rebuilt.apk.timemachine.result.emulator-5554#2026-08-17-01-00-46/ec_files/emulator-55542026-08-17-01-16-41.ec /home/ubuntu/TimeMachine/results/AmazeFileManager-3.4.2-#1837-rebuilt.apk.timemachine.result.emulator-5554#2026-08-17-01-00-46/ec_files/emulator-55542026-08-17-01-16-55.ec /home/ubuntu/TimeMachine/results/AmazeFileManager-3.4.2-#1837-rebuilt.apk.timemachine.result.emulator-5554#2026-08-17-01-00-46/ec_files/emulator-55542026-08-17-01-17-06.ec /home/ubuntu/TimeMachine/results/AmazeFileManager-3.4.2-#1837-rebuilt.apk.timemachine.result.emulator-5554#2026-08-17-01-00-46/ec_files/emulator-55542026-08-17-01-17-18.ec /home/ubuntu/TimeMachine/results/AmazeFileManager-3.4.2-#1837-rebuilt.apk.timemachine.result.emulator-5554#2026-08-17-01-00-46/ec_files/emulator-55542026-08-17-01-18-42.ec /home/ubuntu/TimeMachine/results/AmazeFileManager-3.4.2-#1837-rebuilt.apk.timemachine.result.emulator-5554#2026-08-17-01-00-46/ec_files/emulator-55542026-08-17-01-19-37.ec /home/ubuntu/TimeMachine/results/AmazeFileManager-3.4.2-#1837-rebuilt.apk.timemachine.result.emulator-5554#2026-08-17-01-00-46/ec_files/emulator-55542026-08-17-01-19-48.ec /home/ubuntu/TimeMachine/results/AmazeFileManager-3.4.2-#1837-rebuilt.apk.timemachine.result.emulator-5554#2026-08-17-01-00-46/ec_files/emulator-55542026-08-17-01-20-06.ec /home/ubuntu/TimeMachine/results/AmazeFileManager-3.4.2-#1837-rebuilt.apk.timemachine.result.emulator-5554#2026-08-17-01-00-46/ec_files/emulator-55542026-08-17-01-20-22.ec /home/ubuntu/TimeMachine/results/AmazeFileManager-3.4.2-#1837-rebuilt.apk.timemachine.result.emulator-5554#2026-08-17-01-00-46/ec_files/emulator-55542026-08-17-01-20-37.ec /home/ubuntu/TimeMachine/results/AmazeFileManager-3.4.2-#1837-rebuilt.apk.timemachine.result.emulator-5554#2026-08-17-01-00-46/ec_files/emulator-55542026-08-17-01-20-50.ec /home/ubuntu/TimeMachine/results/AmazeFileManager-3.4.2-#1837-rebuilt.apk.timemachine.result.emulator-5554#2026-08-17-01-00-46/ec_files/emulator-55542026-08-17-01-21-08.ec /home/ubuntu/TimeMachine/results/AmazeFileManager-3.4.2-#1837-rebuilt.apk.timemachine.result.emulator-5554#2026-08-17-01-00-46/ec_files/emulator-55542026-08-17-01-21-20.ec /home/ubuntu/TimeMachine/results/AmazeFileManager-3.4.2-#1837-rebuilt.apk.timemachine.result.emulator-5554#2026-08-17-01-00-46/ec_files/emulator-55542026-08-17-01-21-33.ec /home/ubuntu/TimeMachine/results/AmazeFileManager-3.4.2-#1837-rebuilt.apk.timemachine.result.emulator-5554#2026-08-17-01-00-46/ec_files/emulator-55542026-08-17-01-21-46.ec
[INFO] Loading execution data file /home/ubuntu/TimeMachine/results/AmazeFileManager-3.4.2-#1837-rebuilt.apk.timemachine.result.emulator-5554#2026-08-17-01-00-46/ec_files/coveragetemp.ec.
[INFO] Loading execution data file /home/ubuntu/TimeMachine/results/AmazeFileManager-3.4.2-#1837-rebuilt.apk.timemachine.result.emulator-5554#2026-08-17-01-00-46/ec_files/emulator-55542026-08-17-01-09-02.ec.
[INFO] Loading execution data file /home/ubuntu/TimeMachine/results/AmazeFileManager-3.4.2-#1837-rebuilt.apk.timemachine.result.emulator-5554#2026-08-17-01-00-46/ec_files/emulator-55542026-08-17-01-09-05.ec.
[INFO] Loading execution data file /home/ubuntu/TimeMachine/results/AmazeFileManager-3.4.2-#1837-rebuilt.apk.timemachine.result.emulator-5554#2026-08-17-01-00-46/ec_files/emulator-55542026-08-17-01-16-12.ec.
[INFO] Loading execution data file /home/ubuntu/TimeMachine/results/AmazeFileManager-3.4.2-#1837-rebuilt.apk.timemachine.result.emulator-5554#2026-08-17-01-00-46/ec_files/emulator-55542026-08-17-01-16-28.ec.
[INFO] Loading execution data file /home/ubuntu/TimeMachine/results/AmazeFileManager-3.4.2-#1837-rebuilt.apk.timemachine.result.emulator-5554#2026-08-17-01-00-46/ec_files/emulator-55542026-08-17-01-16-41.ec.
[INFO] Loading execution data file /home/ubuntu/TimeMachine/results/AmazeFileManager-3.4.2-#1837-rebuilt.apk.timemachine.result.emulator-5554#2026-08-17-01-00-46/ec_files/emulator-55542026-08-17-01-16-55.ec.
[INFO] Loading execution data file /home/ubuntu/TimeMachine/results/AmazeFileManager-3.4.2-#1837-rebuilt.apk.timemachine.result.emulator-5554#2026-08-17-01-00-46/ec_files/emulator-55542026-08-17-01-17-06.ec.
[INFO] Loading execution data file /home/ubuntu/TimeMachine/results/AmazeFileManager-3.4.2-#1837-rebuilt.apk.timemachine.result.emulator-5554#2026-08-17-01-00-46/ec_files/emulator-55542026-08-17-01-17-18.ec.
[INFO] Loading execution data file /home/ubuntu/TimeMachine/results/AmazeFileManager-3.4.2-#1837-rebuilt.apk.timemachine.result.emulator-5554#2026-08-17-01-00-46/ec_files/emulator-55542026-08-17-01-18-42.ec.
[INFO] Loading execution data file /home/ubuntu/TimeMachine/results/AmazeFileManager-3.4.2-#1837-rebuilt.apk.timemachine.result.emulator-5554#2026-08-17-01-00-46/ec_files/emulator-55542026-08-17-01-19-37.ec.
[INFO] Loading execution data file /home/ubuntu/TimeMachine/results/AmazeFileManager-3.4.2-#1837-rebuilt.apk.timemachine.result.emulator-5554#2026-08-17-01-00-46/ec_files/emulator-55542026-08-17-01-19-48.ec.
[INFO] Loading execution data file /home/ubuntu/TimeMachine/results/AmazeFileManager-3.4.2-#1837-rebuilt.apk.timemachine.result.emulator-5554#2026-08-17-01-00-46/ec_files/emulator-55542026-08-17-01-20-06.ec.
[INFO] Loading execution data file /home/ubuntu/TimeMachine/results/AmazeFileManager-3.4.2-#1837-rebuilt.apk.timemachine.result.emulator-5554#2026-08-17-01-00-46/ec_files/emulator-55542026-08-17-01-20-22.ec.
[INFO] Loading execution data file /home/ubuntu/TimeMachine/results/AmazeFileManager-3.4.2-#1837-rebuilt.apk.timemachine.result.emulator-5554#2026-08-17-01-00-46/ec_files/emulator-55542026-08-17-01-20-37.ec.
[INFO] Loading execution data file /home/ubuntu/TimeMachine/results/AmazeFileManager-3.4.2-#1837-rebuilt.apk.timemachine.result.emulator-5554#2026-08-17-01-00-46/ec_files/emulator-55542026-08-17-01-20-50.ec.
[INFO] Loading execution data file /home/ubuntu/TimeMachine/results/AmazeFileManager-3.4.2-#1837-rebuilt.apk.timemachine.result.emulator-5554#2026-08-17-01-00-46/ec_files/emulator-55542026-08-17-01-21-08.ec.
[INFO] Loading execution data file /home/ubuntu/TimeMachine/results/AmazeFileManager-3.4.2-#1837-rebuilt.apk.timemachine.result.emulator-5554#2026-08-17-01-00-46/ec_files/emulator-55542026-08-17-01-21-20.ec.
[INFO] Loading execution data file /home/ubuntu/TimeMachine/results/AmazeFileManager-3.4.2-#1837-rebuilt.apk.timemachine.result.emulator-5554#2026-08-17-01-00-46/ec_files/emulator-55542026-08-17-01-21-33.ec.
[INFO] Loading execution data file /home/ubuntu/TimeMachine/results/AmazeFileManager-3.4.2-#1837-rebuilt.apk.timemachine.result.emulator-5554#2026-08-17-01-00-46/ec_files/emulator-55542026-08-17-01-21-46.ec.
[INFO] Analyzing 508 classes.
   
-----------
current jacoco line coverage rate: 0.183932842471
-----------
--coverage when the new state is triggered: 0.183932842471 current jacoco line coverage rate : 0.183932842471
===================> PENALIZE STATE <=====================
deque(['-583182176', '183131266', '349882406', '-691303923', '183131266', '-1238617861', '-583182176', '183131266', '-1095258713', '355520023'], maxlen=10)
Frequent nodes 
[('-583182176', <state_graph.State instance at 0x791e88ebac80>), ('OOAUT', <state_graph.State instance at 0x791eaa94c230>), ('183131266', <state_graph.State instance at 0x791e83bc0960>)]
the portion to the top 20% most frequent states: 0.285714285714
Frequent nodes 
[('-583182176', <state_graph.State instance at 0x791e88ebac80>), ('OOAUT', <state_graph.State instance at 0x791eaa94c230>), ('183131266', <state_graph.State instance at 0x791e83bc0960>)]
--extracted id: 355520023  num_controllable_widgets: 13
--event num: 1
--extracted id: 1254188898  num_controllable_widgets: 6
--transiton occurs
--a new state is triggered and add 1254188898 into the state graph.
get_jacoco_coverage- return code:  output: Broadcasting: Intent { act=edu.gatech.m3.emma.COLLECT_COVERAGE }
Broadcast completed: result=0
---
[COVERAGE FILE EXIST?]
coverage.ec
---
---
[VALIDATE COVERAGE FILE]$ java -jar /home/ubuntu/TimeMachine/fuzzingandroid/libs/jacococli.jar report /home/ubuntu/TimeMachine/results/AmazeFileManager-3.4.2-#1837-rebuilt.apk.timemachine.result.emulator-5554#2026-08-17-01-00-46/ec_files/emulator-55542026-08-17-01-22-01.ec  --classfiles /home/ubuntu/TimeMachine/instrumented_apps/AmazeFileManager/AmazeFileManager-#1837/app/build/intermediates/javac/fdroidDebug/classes/ --classfiles /home/ubuntu/TimeMachine/instrumented_apps/AmazeFileManager/AmazeFileManager-#1837/commons_compress_7z/build/intermediates/javac/debug/classes/ --sourcefiles /home/ubuntu/TimeMachine/instrumented_apps/AmazeFileManager/AmazeFileManager-#1837/app/src/main/java/ --sourcefiles /home/ubuntu/TimeMachine/instrumented_apps/AmazeFileManager/AmazeFileManager-#1837/commons_compress_7z/src/main/java/ &> temp
---
---
[VALIDATE MESSAGE]
---
SUCCESS: coverage file is valid!
[INFO] Loading execution data file /home/ubuntu/TimeMachine/results/AmazeFileManager-3.4.2-#1837-rebuilt.apk.timemachine.result.emulator-5554#2026-08-17-01-00-46/ec_files/emulator-55542026-08-17-01-22-01.ec.
[INFO] Analyzing 508 classes.
 /sdcard/coverage.ec: 1 file pulled, 0 skipped. 0.8 MB/s (4877 bytes in 0.006s)
 
compute_coverage-return code:  output: /home/ubuntu/TimeMachine/results/AmazeFileManager-3.4.2-#1837-rebuilt.apk.timemachine.result.emulator-5554#2026-08-17-01-00-46/ec_files/coveragetemp.ec /home/ubuntu/TimeMachine/results/AmazeFileManager-3.4.2-#1837-rebuilt.apk.timemachine.result.emulator-5554#2026-08-17-01-00-46/ec_files/emulator-55542026-08-17-01-09-02.ec /home/ubuntu/TimeMachine/results/AmazeFileManager-3.4.2-#1837-rebuilt.apk.timemachine.result.emulator-5554#2026-08-17-01-00-46/ec_files/emulator-55542026-08-17-01-09-05.ec /home/ubuntu/TimeMachine/results/AmazeFileManager-3.4.2-#1837-rebuilt.apk.timemachine.result.emulator-5554#2026-08-17-01-00-46/ec_files/emulator-55542026-08-17-01-16-12.ec /home/ubuntu/TimeMachine/results/AmazeFileManager-3.4.2-#1837-rebuilt.apk.timemachine.result.emulator-5554#2026-08-17-01-00-46/ec_files/emulator-55542026-08-17-01-16-28.ec /home/ubuntu/TimeMachine/results/AmazeFileManager-3.4.2-#1837-rebuilt.apk.timemachine.result.emulator-5554#2026-08-17-01-00-46/ec_files/emulator-55542026-08-17-01-16-41.ec /home/ubuntu/TimeMachine/results/AmazeFileManager-3.4.2-#1837-rebuilt.apk.timemachine.result.emulator-5554#2026-08-17-01-00-46/ec_files/emulator-55542026-08-17-01-16-55.ec /home/ubuntu/TimeMachine/results/AmazeFileManager-3.4.2-#1837-rebuilt.apk.timemachine.result.emulator-5554#2026-08-17-01-00-46/ec_files/emulator-55542026-08-17-01-17-06.ec /home/ubuntu/TimeMachine/results/AmazeFileManager-3.4.2-#1837-rebuilt.apk.timemachine.result.emulator-5554#2026-08-17-01-00-46/ec_files/emulator-55542026-08-17-01-17-18.ec /home/ubuntu/TimeMachine/results/AmazeFileManager-3.4.2-#1837-rebuilt.apk.timemachine.result.emulator-5554#2026-08-17-01-00-46/ec_files/emulator-55542026-08-17-01-18-42.ec /home/ubuntu/TimeMachine/results/AmazeFileManager-3.4.2-#1837-rebuilt.apk.timemachine.result.emulator-5554#2026-08-17-01-00-46/ec_files/emulator-55542026-08-17-01-19-37.ec /home/ubuntu/TimeMachine/results/AmazeFileManager-3.4.2-#1837-rebuilt.apk.timemachine.result.emulator-5554#2026-08-17-01-00-46/ec_files/emulator-55542026-08-17-01-19-48.ec /home/ubuntu/TimeMachine/results/AmazeFileManager-3.4.2-#1837-rebuilt.apk.timemachine.result.emulator-5554#2026-08-17-01-00-46/ec_files/emulator-55542026-08-17-01-20-06.ec /home/ubuntu/TimeMachine/results/AmazeFileManager-3.4.2-#1837-rebuilt.apk.timemachine.result.emulator-5554#2026-08-17-01-00-46/ec_files/emulator-55542026-08-17-01-20-22.ec /home/ubuntu/TimeMachine/results/AmazeFileManager-3.4.2-#1837-rebuilt.apk.timemachine.result.emulator-5554#2026-08-17-01-00-46/ec_files/emulator-55542026-08-17-01-20-37.ec /home/ubuntu/TimeMachine/results/AmazeFileManager-3.4.2-#1837-rebuilt.apk.timemachine.result.emulator-5554#2026-08-17-01-00-46/ec_files/emulator-55542026-08-17-01-20-50.ec /home/ubuntu/TimeMachine/results/AmazeFileManager-3.4.2-#1837-rebuilt.apk.timemachine.result.emulator-5554#2026-08-17-01-00-46/ec_files/emulator-55542026-08-17-01-21-08.ec /home/ubuntu/TimeMachine/results/AmazeFileManager-3.4.2-#1837-rebuilt.apk.timemachine.result.emulator-5554#2026-08-17-01-00-46/ec_files/emulator-55542026-08-17-01-21-20.ec /home/ubuntu/TimeMachine/results/AmazeFileManager-3.4.2-#1837-rebuilt.apk.timemachine.result.emulator-5554#2026-08-17-01-00-46/ec_files/emulator-55542026-08-17-01-21-33.ec /home/ubuntu/TimeMachine/results/AmazeFileManager-3.4.2-#1837-rebuilt.apk.timemachine.result.emulator-5554#2026-08-17-01-00-46/ec_files/emulator-55542026-08-17-01-21-46.ec /home/ubuntu/TimeMachine/results/AmazeFileManager-3.4.2-#1837-rebuilt.apk.timemachine.result.emulator-5554#2026-08-17-01-00-46/ec_files/emulator-55542026-08-17-01-22-01.ec
[INFO] Loading execution data file /home/ubuntu/TimeMachine/results/AmazeFileManager-3.4.2-#1837-rebuilt.apk.timemachine.result.emulator-5554#2026-08-17-01-00-46/ec_files/coveragetemp.ec.
[INFO] Loading execution data file /home/ubuntu/TimeMachine/results/AmazeFileManager-3.4.2-#1837-rebuilt.apk.timemachine.result.emulator-5554#2026-08-17-01-00-46/ec_files/emulator-55542026-08-17-01-09-02.ec.
[INFO] Loading execution data file /home/ubuntu/TimeMachine/results/AmazeFileManager-3.4.2-#1837-rebuilt.apk.timemachine.result.emulator-5554#2026-08-17-01-00-46/ec_files/emulator-55542026-08-17-01-09-05.ec.
[INFO] Loading execution data file /home/ubuntu/TimeMachine/results/AmazeFileManager-3.4.2-#1837-rebuilt.apk.timemachine.result.emulator-5554#2026-08-17-01-00-46/ec_files/emulator-55542026-08-17-01-16-12.ec.
[INFO] Loading execution data file /home/ubuntu/TimeMachine/results/AmazeFileManager-3.4.2-#1837-rebuilt.apk.timemachine.result.emulator-5554#2026-08-17-01-00-46/ec_files/emulator-55542026-08-17-01-16-28.ec.
[INFO] Loading execution data file /home/ubuntu/TimeMachine/results/AmazeFileManager-3.4.2-#1837-rebuilt.apk.timemachine.result.emulator-5554#2026-08-17-01-00-46/ec_files/emulator-55542026-08-17-01-16-41.ec.
[INFO] Loading execution data file /home/ubuntu/TimeMachine/results/AmazeFileManager-3.4.2-#1837-rebuilt.apk.timemachine.result.emulator-5554#2026-08-17-01-00-46/ec_files/emulator-55542026-08-17-01-16-55.ec.
[INFO] Loading execution data file /home/ubuntu/TimeMachine/results/AmazeFileManager-3.4.2-#1837-rebuilt.apk.timemachine.result.emulator-5554#2026-08-17-01-00-46/ec_files/emulator-55542026-08-17-01-17-06.ec.
[INFO] Loading execution data file /home/ubuntu/TimeMachine/results/AmazeFileManager-3.4.2-#1837-rebuilt.apk.timemachine.result.emulator-5554#2026-08-17-01-00-46/ec_files/emulator-55542026-08-17-01-17-18.ec.
[INFO] Loading execution data file /home/ubuntu/TimeMachine/results/AmazeFileManager-3.4.2-#1837-rebuilt.apk.timemachine.result.emulator-5554#2026-08-17-01-00-46/ec_files/emulator-55542026-08-17-01-18-42.ec.
[INFO] Loading execution data file /home/ubuntu/TimeMachine/results/AmazeFileManager-3.4.2-#1837-rebuilt.apk.timemachine.result.emulator-5554#2026-08-17-01-00-46/ec_files/emulator-55542026-08-17-01-19-37.ec.
[INFO] Loading execution data file /home/ubuntu/TimeMachine/results/AmazeFileManager-3.4.2-#1837-rebuilt.apk.timemachine.result.emulator-5554#2026-08-17-01-00-46/ec_files/emulator-55542026-08-17-01-19-48.ec.
[INFO] Loading execution data file /home/ubuntu/TimeMachine/results/AmazeFileManager-3.4.2-#1837-rebuilt.apk.timemachine.result.emulator-5554#2026-08-17-01-00-46/ec_files/emulator-55542026-08-17-01-20-06.ec.
[INFO] Loading execution data file /home/ubuntu/TimeMachine/results/AmazeFileManager-3.4.2-#1837-rebuilt.apk.timemachine.result.emulator-5554#2026-08-17-01-00-46/ec_files/emulator-55542026-08-17-01-20-22.ec.
[INFO] Loading execution data file /home/ubuntu/TimeMachine/results/AmazeFileManager-3.4.2-#1837-rebuilt.apk.timemachine.result.emulator-5554#2026-08-17-01-00-46/ec_files/emulator-55542026-08-17-01-20-37.ec.
[INFO] Loading execution data file /home/ubuntu/TimeMachine/results/AmazeFileManager-3.4.2-#1837-rebuilt.apk.timemachine.result.emulator-5554#2026-08-17-01-00-46/ec_files/emulator-55542026-08-17-01-20-50.ec.
[INFO] Loading execution data file /home/ubuntu/TimeMachine/results/AmazeFileManager-3.4.2-#1837-rebuilt.apk.timemachine.result.emulator-5554#2026-08-17-01-00-46/ec_files/emulator-55542026-08-17-01-21-08.ec.
[INFO] Loading execution data file /home/ubuntu/TimeMachine/results/AmazeFileManager-3.4.2-#1837-rebuilt.apk.timemachine.result.emulator-5554#2026-08-17-01-00-46/ec_files/emulator-55542026-08-17-01-21-20.ec.
[INFO] Loading execution data file /home/ubuntu/TimeMachine/results/AmazeFileManager-3.4.2-#1837-rebuilt.apk.timemachine.result.emulator-5554#2026-08-17-01-00-46/ec_files/emulator-55542026-08-17-01-21-33.ec.
[INFO] Loading execution data file /home/ubuntu/TimeMachine/results/AmazeFileManager-3.4.2-#1837-rebuilt.apk.timemachine.result.emulator-5554#2026-08-17-01-00-46/ec_files/emulator-55542026-08-17-01-21-46.ec.
[INFO] Loading execution data file /home/ubuntu/TimeMachine/results/AmazeFileManager-3.4.2-#1837-rebuilt.apk.timemachine.result.emulator-5554#2026-08-17-01-00-46/ec_files/emulator-55542026-08-17-01-22-01.ec.
[INFO] Analyzing 508 classes.
   
-----------
current jacoco line coverage rate: 0.183932842471
-----------
--coverage when the new state is triggered: 0.183932842471 current jacoco line coverage rate : 0.183932842471
===================> PENALIZE STATE <=====================
deque(['183131266', '349882406', '-691303923', '183131266', '-1238617861', '-583182176', '183131266', '-1095258713', '355520023', '1254188898'], maxlen=10)
Frequent nodes 
[('-583182176', <state_graph.State instance at 0x791e88ebac80>), ('OOAUT', <state_graph.State instance at 0x791eaa94c230>), ('183131266', <state_graph.State instance at 0x791e83bc0960>), ('-1898053214', <state_graph.State instance at 0x791e89e374b0>)]
the portion to the top 20% most frequent states: 0.25
Frequent nodes 
[('-583182176', <state_graph.State instance at 0x791e88ebac80>), ('OOAUT', <state_graph.State instance at 0x791eaa94c230>), ('183131266', <state_graph.State instance at 0x791e83bc0960>), ('-1898053214', <state_graph.State instance at 0x791e89e374b0>)]
--extracted id: 1254188898  num_controllable_widgets: 6
--event num: 1
--extracted id: 820917904  num_controllable_widgets: 0
--transiton occurs
--the state 820917904  exists
===================> PENALIZE STATE <=====================
deque(['349882406', '-691303923', '183131266', '-1238617861', '-583182176', '183131266', '-1095258713', '355520023', '1254188898', '820917904'], maxlen=10)
Frequent nodes 
[('-583182176', <state_graph.State instance at 0x791e88ebac80>), ('OOAUT', <state_graph.State instance at 0x791eaa94c230>), ('183131266', <state_graph.State instance at 0x791e83bc0960>), ('820917904', <state_graph.State instance at 0x791e8ac3f3c0>)]
the portion to the top 20% most frequent states: 0.333333333333
Frequent nodes 
[('-583182176', <state_graph.State instance at 0x791e88ebac80>), ('OOAUT', <state_graph.State instance at 0x791eaa94c230>), ('183131266', <state_graph.State instance at 0x791e83bc0960>), ('820917904', <state_graph.State instance at 0x791e8ac3f3c0>)]
--extracted id: 1893074188  num_controllable_widgets: 0
--transiton occurs
--a new state is triggered and add 1893074188 into the state graph.
get_jacoco_coverage- return code:  output: Broadcasting: Intent { act=edu.gatech.m3.emma.COLLECT_COVERAGE }
Broadcast completed: result=0
---
[COVERAGE FILE EXIST?]
coverage.ec
---
---
[VALIDATE COVERAGE FILE]$ java -jar /home/ubuntu/TimeMachine/fuzzingandroid/libs/jacococli.jar report /home/ubuntu/TimeMachine/results/AmazeFileManager-3.4.2-#1837-rebuilt.apk.timemachine.result.emulator-5554#2026-08-17-01-00-46/ec_files/emulator-55542026-08-17-01-22-12.ec  --classfiles /home/ubuntu/TimeMachine/instrumented_apps/AmazeFileManager/AmazeFileManager-#1837/app/build/intermediates/javac/fdroidDebug/classes/ --classfiles /home/ubuntu/TimeMachine/instrumented_apps/AmazeFileManager/AmazeFileManager-#1837/commons_compress_7z/build/intermediates/javac/debug/classes/ --sourcefiles /home/ubuntu/TimeMachine/instrumented_apps/AmazeFileManager/AmazeFileManager-#1837/app/src/main/java/ --sourcefiles /home/ubuntu/TimeMachine/instrumented_apps/AmazeFileManager/AmazeFileManager-#1837/commons_compress_7z/src/main/java/ &> temp
---
---
[VALIDATE MESSAGE]
---
SUCCESS: coverage file is valid!
[INFO] Loading execution data file /home/ubuntu/TimeMachine/results/AmazeFileManager-3.4.2-#1837-rebuilt.apk.timemachine.result.emulator-5554#2026-08-17-01-00-46/ec_files/emulator-55542026-08-17-01-22-12.ec.
[INFO] Analyzing 508 classes.
 /sdcard/coverage.ec: 1 file pulled, 0 skipped. 0.0 MB/s (1559 bytes in 0.048s)
 
compute_coverage-return code:  output: /home/ubuntu/TimeMachine/results/AmazeFileManager-3.4.2-#1837-rebuilt.apk.timemachine.result.emulator-5554#2026-08-17-01-00-46/ec_files/coveragetemp.ec /home/ubuntu/TimeMachine/results/AmazeFileManager-3.4.2-#1837-rebuilt.apk.timemachine.result.emulator-5554#2026-08-17-01-00-46/ec_files/emulator-55542026-08-17-01-09-02.ec /home/ubuntu/TimeMachine/results/AmazeFileManager-3.4.2-#1837-rebuilt.apk.timemachine.result.emulator-5554#2026-08-17-01-00-46/ec_files/emulator-55542026-08-17-01-09-05.ec /home/ubuntu/TimeMachine/results/AmazeFileManager-3.4.2-#1837-rebuilt.apk.timemachine.result.emulator-5554#2026-08-17-01-00-46/ec_files/emulator-55542026-08-17-01-16-12.ec /home/ubuntu/TimeMachine/results/AmazeFileManager-3.4.2-#1837-rebuilt.apk.timemachine.result.emulator-5554#2026-08-17-01-00-46/ec_files/emulator-55542026-08-17-01-16-28.ec /home/ubuntu/TimeMachine/results/AmazeFileManager-3.4.2-#1837-rebuilt.apk.timemachine.result.emulator-5554#2026-08-17-01-00-46/ec_files/emulator-55542026-08-17-01-16-41.ec /home/ubuntu/TimeMachine/results/AmazeFileManager-3.4.2-#1837-rebuilt.apk.timemachine.result.emulator-5554#2026-08-17-01-00-46/ec_files/emulator-55542026-08-17-01-16-55.ec /home/ubuntu/TimeMachine/results/AmazeFileManager-3.4.2-#1837-rebuilt.apk.timemachine.result.emulator-5554#2026-08-17-01-00-46/ec_files/emulator-55542026-08-17-01-17-06.ec /home/ubuntu/TimeMachine/results/AmazeFileManager-3.4.2-#1837-rebuilt.apk.timemachine.result.emulator-5554#2026-08-17-01-00-46/ec_files/emulator-55542026-08-17-01-17-18.ec /home/ubuntu/TimeMachine/results/AmazeFileManager-3.4.2-#1837-rebuilt.apk.timemachine.result.emulator-5554#2026-08-17-01-00-46/ec_files/emulator-55542026-08-17-01-18-42.ec /home/ubuntu/TimeMachine/results/AmazeFileManager-3.4.2-#1837-rebuilt.apk.timemachine.result.emulator-5554#2026-08-17-01-00-46/ec_files/emulator-55542026-08-17-01-19-37.ec /home/ubuntu/TimeMachine/results/AmazeFileManager-3.4.2-#1837-rebuilt.apk.timemachine.result.emulator-5554#2026-08-17-01-00-46/ec_files/emulator-55542026-08-17-01-19-48.ec /home/ubuntu/TimeMachine/results/AmazeFileManager-3.4.2-#1837-rebuilt.apk.timemachine.result.emulator-5554#2026-08-17-01-00-46/ec_files/emulator-55542026-08-17-01-20-06.ec /home/ubuntu/TimeMachine/results/AmazeFileManager-3.4.2-#1837-rebuilt.apk.timemachine.result.emulator-5554#2026-08-17-01-00-46/ec_files/emulator-55542026-08-17-01-20-22.ec /home/ubuntu/TimeMachine/results/AmazeFileManager-3.4.2-#1837-rebuilt.apk.timemachine.result.emulator-5554#2026-08-17-01-00-46/ec_files/emulator-55542026-08-17-01-20-37.ec /home/ubuntu/TimeMachine/results/AmazeFileManager-3.4.2-#1837-rebuilt.apk.timemachine.result.emulator-5554#2026-08-17-01-00-46/ec_files/emulator-55542026-08-17-01-20-50.ec /home/ubuntu/TimeMachine/results/AmazeFileManager-3.4.2-#1837-rebuilt.apk.timemachine.result.emulator-5554#2026-08-17-01-00-46/ec_files/emulator-55542026-08-17-01-21-08.ec /home/ubuntu/TimeMachine/results/AmazeFileManager-3.4.2-#1837-rebuilt.apk.timemachine.result.emulator-5554#2026-08-17-01-00-46/ec_files/emulator-55542026-08-17-01-21-20.ec /home/ubuntu/TimeMachine/results/AmazeFileManager-3.4.2-#1837-rebuilt.apk.timemachine.result.emulator-5554#2026-08-17-01-00-46/ec_files/emulator-55542026-08-17-01-21-33.ec /home/ubuntu/TimeMachine/results/AmazeFileManager-3.4.2-#1837-rebuilt.apk.timemachine.result.emulator-5554#2026-08-17-01-00-46/ec_files/emulator-55542026-08-17-01-21-46.ec /home/ubuntu/TimeMachine/results/AmazeFileManager-3.4.2-#1837-rebuilt.apk.timemachine.result.emulator-5554#2026-08-17-01-00-46/ec_files/emulator-55542026-08-17-01-22-01.ec /home/ubuntu/TimeMachine/results/AmazeFileManager-3.4.2-#1837-rebuilt.apk.timemachine.result.emulator-5554#2026-08-17-01-00-46/ec_files/emulator-55542026-08-17-01-22-12.ec
[INFO] Loading execution data file /home/ubuntu/TimeMachine/results/AmazeFileManager-3.4.2-#1837-rebuilt.apk.timemachine.result.emulator-5554#2026-08-17-01-00-46/ec_files/coveragetemp.ec.
[INFO] Loading execution data file /home/ubuntu/TimeMachine/results/AmazeFileManager-3.4.2-#1837-rebuilt.apk.timemachine.result.emulator-5554#2026-08-17-01-00-46/ec_files/emulator-55542026-08-17-01-09-02.ec.
[INFO] Loading execution data file /home/ubuntu/TimeMachine/results/AmazeFileManager-3.4.2-#1837-rebuilt.apk.timemachine.result.emulator-5554#2026-08-17-01-00-46/ec_files/emulator-55542026-08-17-01-09-05.ec.
[INFO] Loading execution data file /home/ubuntu/TimeMachine/results/AmazeFileManager-3.4.2-#1837-rebuilt.apk.timemachine.result.emulator-5554#2026-08-17-01-00-46/ec_files/emulator-55542026-08-17-01-16-12.ec.
[INFO] Loading execution data file /home/ubuntu/TimeMachine/results/AmazeFileManager-3.4.2-#1837-rebuilt.apk.timemachine.result.emulator-5554#2026-08-17-01-00-46/ec_files/emulator-55542026-08-17-01-16-28.ec.
[INFO] Loading execution data file /home/ubuntu/TimeMachine/results/AmazeFileManager-3.4.2-#1837-rebuilt.apk.timemachine.result.emulator-5554#2026-08-17-01-00-46/ec_files/emulator-55542026-08-17-01-16-41.ec.
[INFO] Loading execution data file /home/ubuntu/TimeMachine/results/AmazeFileManager-3.4.2-#1837-rebuilt.apk.timemachine.result.emulator-5554#2026-08-17-01-00-46/ec_files/emulator-55542026-08-17-01-16-55.ec.
[INFO] Loading execution data file /home/ubuntu/TimeMachine/results/AmazeFileManager-3.4.2-#1837-rebuilt.apk.timemachine.result.emulator-5554#2026-08-17-01-00-46/ec_files/emulator-55542026-08-17-01-17-06.ec.
[INFO] Loading execution data file /home/ubuntu/TimeMachine/results/AmazeFileManager-3.4.2-#1837-rebuilt.apk.timemachine.result.emulator-5554#2026-08-17-01-00-46/ec_files/emulator-55542026-08-17-01-17-18.ec.
[INFO] Loading execution data file /home/ubuntu/TimeMachine/results/AmazeFileManager-3.4.2-#1837-rebuilt.apk.timemachine.result.emulator-5554#2026-08-17-01-00-46/ec_files/emulator-55542026-08-17-01-18-42.ec.
[INFO] Loading execution data file /home/ubuntu/TimeMachine/results/AmazeFileManager-3.4.2-#1837-rebuilt.apk.timemachine.result.emulator-5554#2026-08-17-01-00-46/ec_files/emulator-55542026-08-17-01-19-37.ec.
[INFO] Loading execution data file /home/ubuntu/TimeMachine/results/AmazeFileManager-3.4.2-#1837-rebuilt.apk.timemachine.result.emulator-5554#2026-08-17-01-00-46/ec_files/emulator-55542026-08-17-01-19-48.ec.
[INFO] Loading execution data file /home/ubuntu/TimeMachine/results/AmazeFileManager-3.4.2-#1837-rebuilt.apk.timemachine.result.emulator-5554#2026-08-17-01-00-46/ec_files/emulator-55542026-08-17-01-20-06.ec.
[INFO] Loading execution data file /home/ubuntu/TimeMachine/results/AmazeFileManager-3.4.2-#1837-rebuilt.apk.timemachine.result.emulator-5554#2026-08-17-01-00-46/ec_files/emulator-55542026-08-17-01-20-22.ec.
[INFO] Loading execution data file /home/ubuntu/TimeMachine/results/AmazeFileManager-3.4.2-#1837-rebuilt.apk.timemachine.result.emulator-5554#2026-08-17-01-00-46/ec_files/emulator-55542026-08-17-01-20-37.ec.
[INFO] Loading execution data file /home/ubuntu/TimeMachine/results/AmazeFileManager-3.4.2-#1837-rebuilt.apk.timemachine.result.emulator-5554#2026-08-17-01-00-46/ec_files/emulator-55542026-08-17-01-20-50.ec.
[INFO] Loading execution data file /home/ubuntu/TimeMachine/results/AmazeFileManager-3.4.2-#1837-rebuilt.apk.timemachine.result.emulator-5554#2026-08-17-01-00-46/ec_files/emulator-55542026-08-17-01-21-08.ec.
[INFO] Loading execution data file /home/ubuntu/TimeMachine/results/AmazeFileManager-3.4.2-#1837-rebuilt.apk.timemachine.result.emulator-5554#2026-08-17-01-00-46/ec_files/emulator-55542026-08-17-01-21-20.ec.
[INFO] Loading execution data file /home/ubuntu/TimeMachine/results/AmazeFileManager-3.4.2-#1837-rebuilt.apk.timemachine.result.emulator-5554#2026-08-17-01-00-46/ec_files/emulator-55542026-08-17-01-21-33.ec.
[INFO] Loading execution data file /home/ubuntu/TimeMachine/results/AmazeFileManager-3.4.2-#1837-rebuilt.apk.timemachine.result.emulator-5554#2026-08-17-01-00-46/ec_files/emulator-55542026-08-17-01-21-46.ec.
[INFO] Loading execution data file /home/ubuntu/TimeMachine/results/AmazeFileManager-3.4.2-#1837-rebuilt.apk.timemachine.result.emulator-5554#2026-08-17-01-00-46/ec_files/emulator-55542026-08-17-01-22-01.ec.
[INFO] Loading execution data file /home/ubuntu/TimeMachine/results/AmazeFileManager-3.4.2-#1837-rebuilt.apk.timemachine.result.emulator-5554#2026-08-17-01-00-46/ec_files/emulator-55542026-08-17-01-22-12.ec.
[INFO] Analyzing 508 classes.
   
-----------
current jacoco line coverage rate: 0.183932842471
-----------
--coverage when the new state is triggered: 0.183932842471 current jacoco line coverage rate : 0.183932842471
===================> PENALIZE STATE <=====================
deque(['-691303923', '183131266', '-1238617861', '-583182176', '183131266', '-1095258713', '355520023', '1254188898', '820917904', '1893074188'], maxlen=10)
Frequent nodes 
[('-583182176', <state_graph.State instance at 0x791e88ebac80>), ('OOAUT', <state_graph.State instance at 0x791eaa94c230>), ('183131266', <state_graph.State instance at 0x791e83bc0960>), ('820917904', <state_graph.State instance at 0x791e8ac3f3c0>)]
the portion to the top 20% most frequent states: 0.333333333333
Frequent nodes 
[('-583182176', <state_graph.State instance at 0x791e88ebac80>), ('OOAUT', <state_graph.State instance at 0x791eaa94c230>), ('183131266', <state_graph.State instance at 0x791e83bc0960>), ('820917904', <state_graph.State instance at 0x791e8ac3f3c0>)]
--extracted id: 1893074188  num_controllable_widgets: 0
--event num: 1
--extracted id: 1893074188  num_controllable_widgets: 0
--event num: 2
--extracted id: 1893074188  num_controllable_widgets: 0
--event num: 3
--extracted id: 1893074188  num_controllable_widgets: 0
--event num: 4
--extracted id: 183131266  num_controllable_widgets: 8
--transiton occurs
--the state 183131266  exists
===================> PENALIZE STATE <=====================
deque(['183131266', '-1238617861', '-583182176', '183131266', '-1095258713', '355520023', '1254188898', '820917904', '1893074188', '183131266'], maxlen=10)
Frequent nodes 
[('-583182176', <state_graph.State instance at 0x791e88ebac80>), ('183131266', <state_graph.State instance at 0x791e83bc0960>), ('OOAUT', <state_graph.State instance at 0x791eaa94c230>), ('820917904', <state_graph.State instance at 0x791e8ac3f3c0>)]
the portion to the top 20% most frequent states: 0.375
Frequent nodes 
[('-583182176', <state_graph.State instance at 0x791e88ebac80>), ('183131266', <state_graph.State instance at 0x791e83bc0960>), ('OOAUT', <state_graph.State instance at 0x791eaa94c230>), ('820917904', <state_graph.State instance at 0x791e8ac3f3c0>)]
--extracted id: -367266954  num_controllable_widgets: 0
--transiton occurs
--a new state is triggered and add -367266954 into the state graph.
get_jacoco_coverage- return code:  output: Broadcasting: Intent { act=edu.gatech.m3.emma.COLLECT_COVERAGE }
Broadcast completed: result=0
---
[COVERAGE FILE EXIST?]
coverage.ec
---
---
[VALIDATE COVERAGE FILE]$ java -jar /home/ubuntu/TimeMachine/fuzzingandroid/libs/jacococli.jar report /home/ubuntu/TimeMachine/results/AmazeFileManager-3.4.2-#1837-rebuilt.apk.timemachine.result.emulator-5554#2026-08-17-01-00-46/ec_files/emulator-55542026-08-17-01-22-27.ec  --classfiles /home/ubuntu/TimeMachine/instrumented_apps/AmazeFileManager/AmazeFileManager-#1837/app/build/intermediates/javac/fdroidDebug/classes/ --classfiles /home/ubuntu/TimeMachine/instrumented_apps/AmazeFileManager/AmazeFileManager-#1837/commons_compress_7z/build/intermediates/javac/debug/classes/ --sourcefiles /home/ubuntu/TimeMachine/instrumented_apps/AmazeFileManager/AmazeFileManager-#1837/app/src/main/java/ --sourcefiles /home/ubuntu/TimeMachine/instrumented_apps/AmazeFileManager/AmazeFileManager-#1837/commons_compress_7z/src/main/java/ &> temp
---
---
[VALIDATE MESSAGE]
---
SUCCESS: coverage file is valid!
[INFO] Loading execution data file /home/ubuntu/TimeMachine/results/AmazeFileManager-3.4.2-#1837-rebuilt.apk.timemachine.result.emulator-5554#2026-08-17-01-00-46/ec_files/emulator-55542026-08-17-01-22-27.ec.
[INFO] Analyzing 508 classes.
 /sdcard/coverage.ec: 1 file pulled, 0 skipped. 0.1 MB/s (3337 bytes in 0.050s)
 
compute_coverage-return code:  output: /home/ubuntu/TimeMachine/results/AmazeFileManager-3.4.2-#1837-rebuilt.apk.timemachine.result.emulator-5554#2026-08-17-01-00-46/ec_files/coveragetemp.ec /home/ubuntu/TimeMachine/results/AmazeFileManager-3.4.2-#1837-rebuilt.apk.timemachine.result.emulator-5554#2026-08-17-01-00-46/ec_files/emulator-55542026-08-17-01-09-02.ec /home/ubuntu/TimeMachine/results/AmazeFileManager-3.4.2-#1837-rebuilt.apk.timemachine.result.emulator-5554#2026-08-17-01-00-46/ec_files/emulator-55542026-08-17-01-09-05.ec /home/ubuntu/TimeMachine/results/AmazeFileManager-3.4.2-#1837-rebuilt.apk.timemachine.result.emulator-5554#2026-08-17-01-00-46/ec_files/emulator-55542026-08-17-01-16-12.ec /home/ubuntu/TimeMachine/results/AmazeFileManager-3.4.2-#1837-rebuilt.apk.timemachine.result.emulator-5554#2026-08-17-01-00-46/ec_files/emulator-55542026-08-17-01-16-28.ec /home/ubuntu/TimeMachine/results/AmazeFileManager-3.4.2-#1837-rebuilt.apk.timemachine.result.emulator-5554#2026-08-17-01-00-46/ec_files/emulator-55542026-08-17-01-16-41.ec /home/ubuntu/TimeMachine/results/AmazeFileManager-3.4.2-#1837-rebuilt.apk.timemachine.result.emulator-5554#2026-08-17-01-00-46/ec_files/emulator-55542026-08-17-01-16-55.ec /home/ubuntu/TimeMachine/results/AmazeFileManager-3.4.2-#1837-rebuilt.apk.timemachine.result.emulator-5554#2026-08-17-01-00-46/ec_files/emulator-55542026-08-17-01-17-06.ec /home/ubuntu/TimeMachine/results/AmazeFileManager-3.4.2-#1837-rebuilt.apk.timemachine.result.emulator-5554#2026-08-17-01-00-46/ec_files/emulator-55542026-08-17-01-17-18.ec /home/ubuntu/TimeMachine/results/AmazeFileManager-3.4.2-#1837-rebuilt.apk.timemachine.result.emulator-5554#2026-08-17-01-00-46/ec_files/emulator-55542026-08-17-01-18-42.ec /home/ubuntu/TimeMachine/results/AmazeFileManager-3.4.2-#1837-rebuilt.apk.timemachine.result.emulator-5554#2026-08-17-01-00-46/ec_files/emulator-55542026-08-17-01-19-37.ec /home/ubuntu/TimeMachine/results/AmazeFileManager-3.4.2-#1837-rebuilt.apk.timemachine.result.emulator-5554#2026-08-17-01-00-46/ec_files/emulator-55542026-08-17-01-19-48.ec /home/ubuntu/TimeMachine/results/AmazeFileManager-3.4.2-#1837-rebuilt.apk.timemachine.result.emulator-5554#2026-08-17-01-00-46/ec_files/emulator-55542026-08-17-01-20-06.ec /home/ubuntu/TimeMachine/results/AmazeFileManager-3.4.2-#1837-rebuilt.apk.timemachine.result.emulator-5554#2026-08-17-01-00-46/ec_files/emulator-55542026-08-17-01-20-22.ec /home/ubuntu/TimeMachine/results/AmazeFileManager-3.4.2-#1837-rebuilt.apk.timemachine.result.emulator-5554#2026-08-17-01-00-46/ec_files/emulator-55542026-08-17-01-20-37.ec /home/ubuntu/TimeMachine/results/AmazeFileManager-3.4.2-#1837-rebuilt.apk.timemachine.result.emulator-5554#2026-08-17-01-00-46/ec_files/emulator-55542026-08-17-01-20-50.ec /home/ubuntu/TimeMachine/results/AmazeFileManager-3.4.2-#1837-rebuilt.apk.timemachine.result.emulator-5554#2026-08-17-01-00-46/ec_files/emulator-55542026-08-17-01-21-08.ec /home/ubuntu/TimeMachine/results/AmazeFileManager-3.4.2-#1837-rebuilt.apk.timemachine.result.emulator-5554#2026-08-17-01-00-46/ec_files/emulator-55542026-08-17-01-21-20.ec /home/ubuntu/TimeMachine/results/AmazeFileManager-3.4.2-#1837-rebuilt.apk.timemachine.result.emulator-5554#2026-08-17-01-00-46/ec_files/emulator-55542026-08-17-01-21-33.ec /home/ubuntu/TimeMachine/results/AmazeFileManager-3.4.2-#1837-rebuilt.apk.timemachine.result.emulator-5554#2026-08-17-01-00-46/ec_files/emulator-55542026-08-17-01-21-46.ec /home/ubuntu/TimeMachine/results/AmazeFileManager-3.4.2-#1837-rebuilt.apk.timemachine.result.emulator-5554#2026-08-17-01-00-46/ec_files/emulator-55542026-08-17-01-22-01.ec /home/ubuntu/TimeMachine/results/AmazeFileManager-3.4.2-#1837-rebuilt.apk.timemachine.result.emulator-5554#2026-08-17-01-00-46/ec_files/emulator-55542026-08-17-01-22-12.ec /home/ubuntu/TimeMachine/results/AmazeFileManager-3.4.2-#1837-rebuilt.apk.timemachine.result.emulator-5554#2026-08-17-01-00-46/ec_files/emulator-55542026-08-17-01-22-27.ec
[INFO] Loading execution data file /home/ubuntu/TimeMachine/results/AmazeFileManager-3.4.2-#1837-rebuilt.apk.timemachine.result.emulator-5554#2026-08-17-01-00-46/ec_files/coveragetemp.ec.
[INFO] Loading execution data file /home/ubuntu/TimeMachine/results/AmazeFileManager-3.4.2-#1837-rebuilt.apk.timemachine.result.emulator-5554#2026-08-17-01-00-46/ec_files/emulator-55542026-08-17-01-09-02.ec.
[INFO] Loading execution data file /home/ubuntu/TimeMachine/results/AmazeFileManager-3.4.2-#1837-rebuilt.apk.timemachine.result.emulator-5554#2026-08-17-01-00-46/ec_files/emulator-55542026-08-17-01-09-05.ec.
[INFO] Loading execution data file /home/ubuntu/TimeMachine/results/AmazeFileManager-3.4.2-#1837-rebuilt.apk.timemachine.result.emulator-5554#2026-08-17-01-00-46/ec_files/emulator-55542026-08-17-01-16-12.ec.
[INFO] Loading execution data file /home/ubuntu/TimeMachine/results/AmazeFileManager-3.4.2-#1837-rebuilt.apk.timemachine.result.emulator-5554#2026-08-17-01-00-46/ec_files/emulator-55542026-08-17-01-16-28.ec.
[INFO] Loading execution data file /home/ubuntu/TimeMachine/results/AmazeFileManager-3.4.2-#1837-rebuilt.apk.timemachine.result.emulator-5554#2026-08-17-01-00-46/ec_files/emulator-55542026-08-17-01-16-41.ec.
[INFO] Loading execution data file /home/ubuntu/TimeMachine/results/AmazeFileManager-3.4.2-#1837-rebuilt.apk.timemachine.result.emulator-5554#2026-08-17-01-00-46/ec_files/emulator-55542026-08-17-01-16-55.ec.
[INFO] Loading execution data file /home/ubuntu/TimeMachine/results/AmazeFileManager-3.4.2-#1837-rebuilt.apk.timemachine.result.emulator-5554#2026-08-17-01-00-46/ec_files/emulator-55542026-08-17-01-17-06.ec.
[INFO] Loading execution data file /home/ubuntu/TimeMachine/results/AmazeFileManager-3.4.2-#1837-rebuilt.apk.timemachine.result.emulator-5554#2026-08-17-01-00-46/ec_files/emulator-55542026-08-17-01-17-18.ec.
[INFO] Loading execution data file /home/ubuntu/TimeMachine/results/AmazeFileManager-3.4.2-#1837-rebuilt.apk.timemachine.result.emulator-5554#2026-08-17-01-00-46/ec_files/emulator-55542026-08-17-01-18-42.ec.
[INFO] Loading execution data file /home/ubuntu/TimeMachine/results/AmazeFileManager-3.4.2-#1837-rebuilt.apk.timemachine.result.emulator-5554#2026-08-17-01-00-46/ec_files/emulator-55542026-08-17-01-19-37.ec.
[INFO] Loading execution data file /home/ubuntu/TimeMachine/results/AmazeFileManager-3.4.2-#1837-rebuilt.apk.timemachine.result.emulator-5554#2026-08-17-01-00-46/ec_files/emulator-55542026-08-17-01-19-48.ec.
[INFO] Loading execution data file /home/ubuntu/TimeMachine/results/AmazeFileManager-3.4.2-#1837-rebuilt.apk.timemachine.result.emulator-5554#2026-08-17-01-00-46/ec_files/emulator-55542026-08-17-01-20-06.ec.
[INFO] Loading execution data file /home/ubuntu/TimeMachine/results/AmazeFileManager-3.4.2-#1837-rebuilt.apk.timemachine.result.emulator-5554#2026-08-17-01-00-46/ec_files/emulator-55542026-08-17-01-20-22.ec.
[INFO] Loading execution data file /home/ubuntu/TimeMachine/results/AmazeFileManager-3.4.2-#1837-rebuilt.apk.timemachine.result.emulator-5554#2026-08-17-01-00-46/ec_files/emulator-55542026-08-17-01-20-37.ec.
[INFO] Loading execution data file /home/ubuntu/TimeMachine/results/AmazeFileManager-3.4.2-#1837-rebuilt.apk.timemachine.result.emulator-5554#2026-08-17-01-00-46/ec_files/emulator-55542026-08-17-01-20-50.ec.
[INFO] Loading execution data file /home/ubuntu/TimeMachine/results/AmazeFileManager-3.4.2-#1837-rebuilt.apk.timemachine.result.emulator-5554#2026-08-17-01-00-46/ec_files/emulator-55542026-08-17-01-21-08.ec.
[INFO] Loading execution data file /home/ubuntu/TimeMachine/results/AmazeFileManager-3.4.2-#1837-rebuilt.apk.timemachine.result.emulator-5554#2026-08-17-01-00-46/ec_files/emulator-55542026-08-17-01-21-20.ec.
[INFO] Loading execution data file /home/ubuntu/TimeMachine/results/AmazeFileManager-3.4.2-#1837-rebuilt.apk.timemachine.result.emulator-5554#2026-08-17-01-00-46/ec_files/emulator-55542026-08-17-01-21-33.ec.
[INFO] Loading execution data file /home/ubuntu/TimeMachine/results/AmazeFileManager-3.4.2-#1837-rebuilt.apk.timemachine.result.emulator-5554#2026-08-17-01-00-46/ec_files/emulator-55542026-08-17-01-21-46.ec.
[INFO] Loading execution data file /home/ubuntu/TimeMachine/results/AmazeFileManager-3.4.2-#1837-rebuilt.apk.timemachine.result.emulator-5554#2026-08-17-01-00-46/ec_files/emulator-55542026-08-17-01-22-01.ec.
[INFO] Loading execution data file /home/ubuntu/TimeMachine/results/AmazeFileManager-3.4.2-#1837-rebuilt.apk.timemachine.result.emulator-5554#2026-08-17-01-00-46/ec_files/emulator-55542026-08-17-01-22-12.ec.
[INFO] Loading execution data file /home/ubuntu/TimeMachine/results/AmazeFileManager-3.4.2-#1837-rebuilt.apk.timemachine.result.emulator-5554#2026-08-17-01-00-46/ec_files/emulator-55542026-08-17-01-22-27.ec.
[INFO] Analyzing 508 classes.
   
-----------
current jacoco line coverage rate: 0.184495615064
-----------
--coverage when the new state is triggered: 0.184495615064 current jacoco line coverage rate : 0.183932842471
===================> REWARD STATE <=====================
===================> REWARD STATE <=====================
--taking snapshot...
deque(['-1238617861', '-583182176', '183131266', '-1095258713', '355520023', '1254188898', '820917904', '1893074188', '183131266', '-367266954'], maxlen=10)
Frequent nodes 
[('183131266', <state_graph.State instance at 0x791e83bc0960>), ('-583182176', <state_graph.State instance at 0x791e88ebac80>), ('OOAUT', <state_graph.State instance at 0x791eaa94c230>), ('-1433637423', <state_graph.State instance at 0x791e88132e10>)]
the portion to the top 20% most frequent states: 0.222222222222
Frequent nodes 
[('183131266', <state_graph.State instance at 0x791e83bc0960>), ('-583182176', <state_graph.State instance at 0x791e88ebac80>), ('OOAUT', <state_graph.State instance at 0x791eaa94c230>), ('-1433637423', <state_graph.State instance at 0x791e88132e10>)]
--extracted id: 1893074188  num_controllable_widgets: 0
--transiton occurs
--the state 1893074188  exists
===================> PENALIZE STATE <=====================
deque(['-583182176', '183131266', '-1095258713', '355520023', '1254188898', '820917904', '1893074188', '183131266', '-367266954', '1893074188'], maxlen=10)
Frequent nodes 
[('183131266', <state_graph.State instance at 0x791e83bc0960>), ('-583182176', <state_graph.State instance at 0x791e88ebac80>), ('OOAUT', <state_graph.State instance at 0x791eaa94c230>), ('-1433637423', <state_graph.State instance at 0x791e88132e10>)]
the portion to the top 20% most frequent states: 0.375
Frequent nodes 
[('183131266', <state_graph.State instance at 0x791e83bc0960>), ('-583182176', <state_graph.State instance at 0x791e88ebac80>), ('OOAUT', <state_graph.State instance at 0x791eaa94c230>), ('-1433637423', <state_graph.State instance at 0x791e88132e10>)]
--extracted id: 1893074188  num_controllable_widgets: 0
--event num: 1
--extracted id: 183131266  num_controllable_widgets: 8
--transiton occurs
--the state 183131266  exists
===================> PENALIZE STATE <=====================
deque(['183131266', '-1095258713', '355520023', '1254188898', '820917904', '1893074188', '183131266', '-367266954', '1893074188', '183131266'], maxlen=10)
Frequent nodes 
[('183131266', <state_graph.State instance at 0x791e83bc0960>), ('-583182176', <state_graph.State instance at 0x791e88ebac80>), ('OOAUT', <state_graph.State instance at 0x791eaa94c230>), ('-1433637423', <state_graph.State instance at 0x791e88132e10>)]
the portion to the top 20% most frequent states: 0.285714285714
Frequent nodes 
[('183131266', <state_graph.State instance at 0x791e83bc0960>), ('-583182176', <state_graph.State instance at 0x791e88ebac80>), ('OOAUT', <state_graph.State instance at 0x791eaa94c230>), ('-1433637423', <state_graph.State instance at 0x791e88132e10>)]
--extracted id: 183131266  num_controllable_widgets: 8
--event num: 1
--extracted id: -583182176  num_controllable_widgets: 0
--transiton occurs
--the state -583182176  exists
===================> PENALIZE STATE <=====================
deque(['-1095258713', '355520023', '1254188898', '820917904', '1893074188', '183131266', '-367266954', '1893074188', '183131266', '-583182176'], maxlen=10)
Frequent nodes 
[('183131266', <state_graph.State instance at 0x791e83bc0960>), ('-583182176', <state_graph.State instance at 0x791e88ebac80>), ('OOAUT', <state_graph.State instance at 0x791eaa94c230>), ('-1433637423', <state_graph.State instance at 0x791e88132e10>)]
the portion to the top 20% most frequent states: 0.375
Frequent nodes 
[('183131266', <state_graph.State instance at 0x791e83bc0960>), ('-583182176', <state_graph.State instance at 0x791e88ebac80>), ('OOAUT', <state_graph.State instance at 0x791eaa94c230>), ('-1433637423', <state_graph.State instance at 0x791e88132e10>)]
--extracted id: -583182176  num_controllable_widgets: 0
--event num: 1
--extracted id: -583182176  num_controllable_widgets: 0
--event num: 2
--extracted id: 183131266  num_controllable_widgets: 8
--transiton occurs
--the state 183131266  exists
===================> PENALIZE STATE <=====================
deque(['355520023', '1254188898', '820917904', '1893074188', '183131266', '-367266954', '1893074188', '183131266', '-583182176', '183131266'], maxlen=10)
Frequent nodes 
[('183131266', <state_graph.State instance at 0x791e83bc0960>), ('-583182176', <state_graph.State instance at 0x791e88ebac80>), ('OOAUT', <state_graph.State instance at 0x791eaa94c230>), ('-1433637423', <state_graph.State instance at 0x791e88132e10>)]
the portion to the top 20% most frequent states: 0.428571428571
Frequent nodes 
[('183131266', <state_graph.State instance at 0x791e83bc0960>), ('-583182176', <state_graph.State instance at 0x791e88ebac80>), ('OOAUT', <state_graph.State instance at 0x791eaa94c230>), ('-1433637423', <state_graph.State instance at 0x791e88132e10>)]
--extracted id: 183131266  num_controllable_widgets: 8
--event num: 1
--extracted id: 183131266  num_controllable_widgets: 8
--event num: 2
--extracted id: 183131266  num_controllable_widgets: 8
--event num: 3
--extracted id: -307486232  num_controllable_widgets: 0
--transiton occurs
--a new state is triggered and add -307486232 into the state graph.
get_jacoco_coverage- return code:  output: Broadcasting: Intent { act=edu.gatech.m3.emma.COLLECT_COVERAGE }
Broadcast completed: result=0
---
[COVERAGE FILE EXIST?]
coverage.ec
---
---
[VALIDATE COVERAGE FILE]$ java -jar /home/ubuntu/TimeMachine/fuzzingandroid/libs/jacococli.jar report /home/ubuntu/TimeMachine/results/AmazeFileManager-3.4.2-#1837-rebuilt.apk.timemachine.result.emulator-5554#2026-08-17-01-00-46/ec_files/emulator-55542026-08-17-01-22-41.ec  --classfiles /home/ubuntu/TimeMachine/instrumented_apps/AmazeFileManager/AmazeFileManager-#1837/app/build/intermediates/javac/fdroidDebug/classes/ --classfiles /home/ubuntu/TimeMachine/instrumented_apps/AmazeFileManager/AmazeFileManager-#1837/commons_compress_7z/build/intermediates/javac/debug/classes/ --sourcefiles /home/ubuntu/TimeMachine/instrumented_apps/AmazeFileManager/AmazeFileManager-#1837/app/src/main/java/ --sourcefiles /home/ubuntu/TimeMachine/instrumented_apps/AmazeFileManager/AmazeFileManager-#1837/commons_compress_7z/src/main/java/ &> temp
---
---
[VALIDATE MESSAGE]
---
SUCCESS: coverage file is valid!
[INFO] Loading execution data file /home/ubuntu/TimeMachine/results/AmazeFileManager-3.4.2-#1837-rebuilt.apk.timemachine.result.emulator-5554#2026-08-17-01-00-46/ec_files/emulator-55542026-08-17-01-22-41.ec.
[INFO] Analyzing 508 classes.
 /sdcard/coverage.ec: 1 file pulled, 0 skipped. 0.1 MB/s (1202 bytes in 0.022s)
 
compute_coverage-return code:  output: /home/ubuntu/TimeMachine/results/AmazeFileManager-3.4.2-#1837-rebuilt.apk.timemachine.result.emulator-5554#2026-08-17-01-00-46/ec_files/coveragetemp.ec /home/ubuntu/TimeMachine/results/AmazeFileManager-3.4.2-#1837-rebuilt.apk.timemachine.result.emulator-5554#2026-08-17-01-00-46/ec_files/emulator-55542026-08-17-01-09-02.ec /home/ubuntu/TimeMachine/results/AmazeFileManager-3.4.2-#1837-rebuilt.apk.timemachine.result.emulator-5554#2026-08-17-01-00-46/ec_files/emulator-55542026-08-17-01-09-05.ec /home/ubuntu/TimeMachine/results/AmazeFileManager-3.4.2-#1837-rebuilt.apk.timemachine.result.emulator-5554#2026-08-17-01-00-46/ec_files/emulator-55542026-08-17-01-16-12.ec /home/ubuntu/TimeMachine/results/AmazeFileManager-3.4.2-#1837-rebuilt.apk.timemachine.result.emulator-5554#2026-08-17-01-00-46/ec_files/emulator-55542026-08-17-01-16-28.ec /home/ubuntu/TimeMachine/results/AmazeFileManager-3.4.2-#1837-rebuilt.apk.timemachine.result.emulator-5554#2026-08-17-01-00-46/ec_files/emulator-55542026-08-17-01-16-41.ec /home/ubuntu/TimeMachine/results/AmazeFileManager-3.4.2-#1837-rebuilt.apk.timemachine.result.emulator-5554#2026-08-17-01-00-46/ec_files/emulator-55542026-08-17-01-16-55.ec /home/ubuntu/TimeMachine/results/AmazeFileManager-3.4.2-#1837-rebuilt.apk.timemachine.result.emulator-5554#2026-08-17-01-00-46/ec_files/emulator-55542026-08-17-01-17-06.ec /home/ubuntu/TimeMachine/results/AmazeFileManager-3.4.2-#1837-rebuilt.apk.timemachine.result.emulator-5554#2026-08-17-01-00-46/ec_files/emulator-55542026-08-17-01-17-18.ec /home/ubuntu/TimeMachine/results/AmazeFileManager-3.4.2-#1837-rebuilt.apk.timemachine.result.emulator-5554#2026-08-17-01-00-46/ec_files/emulator-55542026-08-17-01-18-42.ec /home/ubuntu/TimeMachine/results/AmazeFileManager-3.4.2-#1837-rebuilt.apk.timemachine.result.emulator-5554#2026-08-17-01-00-46/ec_files/emulator-55542026-08-17-01-19-37.ec /home/ubuntu/TimeMachine/results/AmazeFileManager-3.4.2-#1837-rebuilt.apk.timemachine.result.emulator-5554#2026-08-17-01-00-46/ec_files/emulator-55542026-08-17-01-19-48.ec /home/ubuntu/TimeMachine/results/AmazeFileManager-3.4.2-#1837-rebuilt.apk.timemachine.result.emulator-5554#2026-08-17-01-00-46/ec_files/emulator-55542026-08-17-01-20-06.ec /home/ubuntu/TimeMachine/results/AmazeFileManager-3.4.2-#1837-rebuilt.apk.timemachine.result.emulator-5554#2026-08-17-01-00-46/ec_files/emulator-55542026-08-17-01-20-22.ec /home/ubuntu/TimeMachine/results/AmazeFileManager-3.4.2-#1837-rebuilt.apk.timemachine.result.emulator-5554#2026-08-17-01-00-46/ec_files/emulator-55542026-08-17-01-20-37.ec /home/ubuntu/TimeMachine/results/AmazeFileManager-3.4.2-#1837-rebuilt.apk.timemachine.result.emulator-5554#2026-08-17-01-00-46/ec_files/emulator-55542026-08-17-01-20-50.ec /home/ubuntu/TimeMachine/results/AmazeFileManager-3.4.2-#1837-rebuilt.apk.timemachine.result.emulator-5554#2026-08-17-01-00-46/ec_files/emulator-55542026-08-17-01-21-08.ec /home/ubuntu/TimeMachine/results/AmazeFileManager-3.4.2-#1837-rebuilt.apk.timemachine.result.emulator-5554#2026-08-17-01-00-46/ec_files/emulator-55542026-08-17-01-21-20.ec /home/ubuntu/TimeMachine/results/AmazeFileManager-3.4.2-#1837-rebuilt.apk.timemachine.result.emulator-5554#2026-08-17-01-00-46/ec_files/emulator-55542026-08-17-01-21-33.ec /home/ubuntu/TimeMachine/results/AmazeFileManager-3.4.2-#1837-rebuilt.apk.timemachine.result.emulator-5554#2026-08-17-01-00-46/ec_files/emulator-55542026-08-17-01-21-46.ec /home/ubuntu/TimeMachine/results/AmazeFileManager-3.4.2-#1837-rebuilt.apk.timemachine.result.emulator-5554#2026-08-17-01-00-46/ec_files/emulator-55542026-08-17-01-22-01.ec /home/ubuntu/TimeMachine/results/AmazeFileManager-3.4.2-#1837-rebuilt.apk.timemachine.result.emulator-5554#2026-08-17-01-00-46/ec_files/emulator-55542026-08-17-01-22-12.ec /home/ubuntu/TimeMachine/results/AmazeFileManager-3.4.2-#1837-rebuilt.apk.timemachine.result.emulator-5554#2026-08-17-01-00-46/ec_files/emulator-55542026-08-17-01-22-27.ec /home/ubuntu/TimeMachine/results/AmazeFileManager-3.4.2-#1837-rebuilt.apk.timemachine.result.emulator-5554#2026-08-17-01-00-46/ec_files/emulator-55542026-08-17-01-22-41.ec
[INFO] Loading execution data file /home/ubuntu/TimeMachine/results/AmazeFileManager-3.4.2-#1837-rebuilt.apk.timemachine.result.emulator-5554#2026-08-17-01-00-46/ec_files/coveragetemp.ec.
[INFO] Loading execution data file /home/ubuntu/TimeMachine/results/AmazeFileManager-3.4.2-#1837-rebuilt.apk.timemachine.result.emulator-5554#2026-08-17-01-00-46/ec_files/emulator-55542026-08-17-01-09-02.ec.
[INFO] Loading execution data file /home/ubuntu/TimeMachine/results/AmazeFileManager-3.4.2-#1837-rebuilt.apk.timemachine.result.emulator-5554#2026-08-17-01-00-46/ec_files/emulator-55542026-08-17-01-09-05.ec.
[INFO] Loading execution data file /home/ubuntu/TimeMachine/results/AmazeFileManager-3.4.2-#1837-rebuilt.apk.timemachine.result.emulator-5554#2026-08-17-01-00-46/ec_files/emulator-55542026-08-17-01-16-12.ec.
[INFO] Loading execution data file /home/ubuntu/TimeMachine/results/AmazeFileManager-3.4.2-#1837-rebuilt.apk.timemachine.result.emulator-5554#2026-08-17-01-00-46/ec_files/emulator-55542026-08-17-01-16-28.ec.
[INFO] Loading execution data file /home/ubuntu/TimeMachine/results/AmazeFileManager-3.4.2-#1837-rebuilt.apk.timemachine.result.emulator-5554#2026-08-17-01-00-46/ec_files/emulator-55542026-08-17-01-16-41.ec.
[INFO] Loading execution data file /home/ubuntu/TimeMachine/results/AmazeFileManager-3.4.2-#1837-rebuilt.apk.timemachine.result.emulator-5554#2026-08-17-01-00-46/ec_files/emulator-55542026-08-17-01-16-55.ec.
[INFO] Loading execution data file /home/ubuntu/TimeMachine/results/AmazeFileManager-3.4.2-#1837-rebuilt.apk.timemachine.result.emulator-5554#2026-08-17-01-00-46/ec_files/emulator-55542026-08-17-01-17-06.ec.
[INFO] Loading execution data file /home/ubuntu/TimeMachine/results/AmazeFileManager-3.4.2-#1837-rebuilt.apk.timemachine.result.emulator-5554#2026-08-17-01-00-46/ec_files/emulator-55542026-08-17-01-17-18.ec.
[INFO] Loading execution data file /home/ubuntu/TimeMachine/results/AmazeFileManager-3.4.2-#1837-rebuilt.apk.timemachine.result.emulator-5554#2026-08-17-01-00-46/ec_files/emulator-55542026-08-17-01-18-42.ec.
[INFO] Loading execution data file /home/ubuntu/TimeMachine/results/AmazeFileManager-3.4.2-#1837-rebuilt.apk.timemachine.result.emulator-5554#2026-08-17-01-00-46/ec_files/emulator-55542026-08-17-01-19-37.ec.
[INFO] Loading execution data file /home/ubuntu/TimeMachine/results/AmazeFileManager-3.4.2-#1837-rebuilt.apk.timemachine.result.emulator-5554#2026-08-17-01-00-46/ec_files/emulator-55542026-08-17-01-19-48.ec.
[INFO] Loading execution data file /home/ubuntu/TimeMachine/results/AmazeFileManager-3.4.2-#1837-rebuilt.apk.timemachine.result.emulator-5554#2026-08-17-01-00-46/ec_files/emulator-55542026-08-17-01-20-06.ec.
[INFO] Loading execution data file /home/ubuntu/TimeMachine/results/AmazeFileManager-3.4.2-#1837-rebuilt.apk.timemachine.result.emulator-5554#2026-08-17-01-00-46/ec_files/emulator-55542026-08-17-01-20-22.ec.
[INFO] Loading execution data file /home/ubuntu/TimeMachine/results/AmazeFileManager-3.4.2-#1837-rebuilt.apk.timemachine.result.emulator-5554#2026-08-17-01-00-46/ec_files/emulator-55542026-08-17-01-20-37.ec.
[INFO] Loading execution data file /home/ubuntu/TimeMachine/results/AmazeFileManager-3.4.2-#1837-rebuilt.apk.timemachine.result.emulator-5554#2026-08-17-01-00-46/ec_files/emulator-55542026-08-17-01-20-50.ec.
[INFO] Loading execution data file /home/ubuntu/TimeMachine/results/AmazeFileManager-3.4.2-#1837-rebuilt.apk.timemachine.result.emulator-5554#2026-08-17-01-00-46/ec_files/emulator-55542026-08-17-01-21-08.ec.
[INFO] Loading execution data file /home/ubuntu/TimeMachine/results/AmazeFileManager-3.4.2-#1837-rebuilt.apk.timemachine.result.emulator-5554#2026-08-17-01-00-46/ec_files/emulator-55542026-08-17-01-21-20.ec.
[INFO] Loading execution data file /home/ubuntu/TimeMachine/results/AmazeFileManager-3.4.2-#1837-rebuilt.apk.timemachine.result.emulator-5554#2026-08-17-01-00-46/ec_files/emulator-55542026-08-17-01-21-33.ec.
[INFO] Loading execution data file /home/ubuntu/TimeMachine/results/AmazeFileManager-3.4.2-#1837-rebuilt.apk.timemachine.result.emulator-5554#2026-08-17-01-00-46/ec_files/emulator-55542026-08-17-01-21-46.ec.
[INFO] Loading execution data file /home/ubuntu/TimeMachine/results/AmazeFileManager-3.4.2-#1837-rebuilt.apk.timemachine.result.emulator-5554#2026-08-17-01-00-46/ec_files/emulator-55542026-08-17-01-22-01.ec.
[INFO] Loading execution data file /home/ubuntu/TimeMachine/results/AmazeFileManager-3.4.2-#1837-rebuilt.apk.timemachine.result.emulator-5554#2026-08-17-01-00-46/ec_files/emulator-55542026-08-17-01-22-12.ec.
[INFO] Loading execution data file /home/ubuntu/TimeMachine/results/AmazeFileManager-3.4.2-#1837-rebuilt.apk.timemachine.result.emulator-5554#2026-08-17-01-00-46/ec_files/emulator-55542026-08-17-01-22-27.ec.
[INFO] Loading execution data file /home/ubuntu/TimeMachine/results/AmazeFileManager-3.4.2-#1837-rebuilt.apk.timemachine.result.emulator-5554#2026-08-17-01-00-46/ec_files/emulator-55542026-08-17-01-22-41.ec.
[INFO] Analyzing 508 classes.
   
-----------
current jacoco line coverage rate: 0.184495615064
-----------
--coverage when the new state is triggered: 0.184495615064 current jacoco line coverage rate : 0.184495615064
===================> PENALIZE STATE <=====================
deque(['1254188898', '820917904', '1893074188', '183131266', '-367266954', '1893074188', '183131266', '-583182176', '183131266', '-307486232'], maxlen=10)
Frequent nodes 
[('183131266', <state_graph.State instance at 0x791e83bc0960>), ('-583182176', <state_graph.State instance at 0x791e88ebac80>), ('OOAUT', <state_graph.State instance at 0x791eaa94c230>), ('-1433637423', <state_graph.State instance at 0x791e88132e10>)]
the portion to the top 20% most frequent states: 0.428571428571
Frequent nodes 
[('183131266', <state_graph.State instance at 0x791e83bc0960>), ('-583182176', <state_graph.State instance at 0x791e88ebac80>), ('OOAUT', <state_graph.State instance at 0x791eaa94c230>), ('-1433637423', <state_graph.State instance at 0x791e88132e10>)]
--extracted id: -583182176  num_controllable_widgets: 0
--transiton occurs
--the state -583182176  exists
===================> PENALIZE STATE <=====================
deque(['820917904', '1893074188', '183131266', '-367266954', '1893074188', '183131266', '-583182176', '183131266', '-307486232', '-583182176'], maxlen=10)
Frequent nodes 
[('183131266', <state_graph.State instance at 0x791e83bc0960>), ('-583182176', <state_graph.State instance at 0x791e88ebac80>), ('OOAUT', <state_graph.State instance at 0x791eaa94c230>), ('-1433637423', <state_graph.State instance at 0x791e88132e10>)]
the portion to the top 20% most frequent states: 0.5
Frequent nodes 
[('183131266', <state_graph.State instance at 0x791e83bc0960>), ('-583182176', <state_graph.State instance at 0x791e88ebac80>), ('OOAUT', <state_graph.State instance at 0x791eaa94c230>), ('-1433637423', <state_graph.State instance at 0x791e88132e10>)]
--extracted id: 183131266  num_controllable_widgets: 8
--transiton occurs
--the state 183131266  exists
===================> PENALIZE STATE <=====================
deque(['1893074188', '183131266', '-367266954', '1893074188', '183131266', '-583182176', '183131266', '-307486232', '-583182176', '183131266'], maxlen=10)
Frequent nodes 
[('183131266', <state_graph.State instance at 0x791e83bc0960>), ('-583182176', <state_graph.State instance at 0x791e88ebac80>), ('OOAUT', <state_graph.State instance at 0x791eaa94c230>), ('-1433637423', <state_graph.State instance at 0x791e88132e10>)]
the portion to the top 20% most frequent states: 0.6
Frequent nodes 
[('183131266', <state_graph.State instance at 0x791e83bc0960>), ('-583182176', <state_graph.State instance at 0x791e88ebac80>), ('OOAUT', <state_graph.State instance at 0x791eaa94c230>), ('-1433637423', <state_graph.State instance at 0x791e88132e10>)]
--extracted id: 183131266  num_controllable_widgets: 8
--event num: 1
--extracted id: -691303923  num_controllable_widgets: 12
--transiton occurs
--the state -691303923  exists
===================> PENALIZE STATE <=====================
deque(['183131266', '-367266954', '1893074188', '183131266', '-583182176', '183131266', '-307486232', '-583182176', '183131266', '-691303923'], maxlen=10)
Frequent nodes 
[('183131266', <state_graph.State instance at 0x791e83bc0960>), ('-583182176', <state_graph.State instance at 0x791e88ebac80>), ('OOAUT', <state_graph.State instance at 0x791eaa94c230>), ('-1433637423', <state_graph.State instance at 0x791e88132e10>)]
the portion to the top 20% most frequent states: 0.333333333333
Frequent nodes 
[('183131266', <state_graph.State instance at 0x791e83bc0960>), ('-583182176', <state_graph.State instance at 0x791e88ebac80>), ('OOAUT', <state_graph.State instance at 0x791eaa94c230>), ('-1433637423', <state_graph.State instance at 0x791e88132e10>)]
--extracted id: -691303923  num_controllable_widgets: 12
--event num: 1
--extracted id: -691303923  num_controllable_widgets: 12
--event num: 2
--extracted id: 183131266  num_controllable_widgets: 8
--transiton occurs
--the state 183131266  exists
===================> PENALIZE STATE <=====================
deque(['-367266954', '1893074188', '183131266', '-583182176', '183131266', '-307486232', '-583182176', '183131266', '-691303923', '183131266'], maxlen=10)
Frequent nodes 
[('183131266', <state_graph.State instance at 0x791e83bc0960>), ('-583182176', <state_graph.State instance at 0x791e88ebac80>), ('OOAUT', <state_graph.State instance at 0x791eaa94c230>), ('-1433637423', <state_graph.State instance at 0x791e88132e10>)]
the portion to the top 20% most frequent states: 0.333333333333
Frequent nodes 
[('183131266', <state_graph.State instance at 0x791e83bc0960>), ('-583182176', <state_graph.State instance at 0x791e88ebac80>), ('OOAUT', <state_graph.State instance at 0x791eaa94c230>), ('-1433637423', <state_graph.State instance at 0x791e88132e10>)]
--extracted id: 183131266  num_controllable_widgets: 8
--event num: 1
--extracted id: 183131266  num_controllable_widgets: 8
--event num: 2
--extracted id: -307486232  num_controllable_widgets: 0
--transiton occurs
--the state -307486232  exists
===================> PENALIZE STATE <=====================
deque(['1893074188', '183131266', '-583182176', '183131266', '-307486232', '-583182176', '183131266', '-691303923', '183131266', '-307486232'], maxlen=10)
Frequent nodes 
[('183131266', <state_graph.State instance at 0x791e83bc0960>), ('-583182176', <state_graph.State instance at 0x791e88ebac80>), ('OOAUT', <state_graph.State instance at 0x791eaa94c230>), ('-1433637423', <state_graph.State instance at 0x791e88132e10>)]
the portion to the top 20% most frequent states: 0.6
Frequent nodes 
[('183131266', <state_graph.State instance at 0x791e83bc0960>), ('-583182176', <state_graph.State instance at 0x791e88ebac80>), ('OOAUT', <state_graph.State instance at 0x791eaa94c230>), ('-1433637423', <state_graph.State instance at 0x791e88132e10>)]
--extracted id: 183131266  num_controllable_widgets: 8
--transiton occurs
--the state 183131266  exists
===================> PENALIZE STATE <=====================
deque(['183131266', '-583182176', '183131266', '-307486232', '-583182176', '183131266', '-691303923', '183131266', '-307486232', '183131266'], maxlen=10)
Frequent nodes 
[('183131266', <state_graph.State instance at 0x791e83bc0960>), ('-583182176', <state_graph.State instance at 0x791e88ebac80>), ('OOAUT', <state_graph.State instance at 0x791eaa94c230>), ('-1433637423', <state_graph.State instance at 0x791e88132e10>)]
the portion to the top 20% most frequent states: 0.75
Frequent nodes 
[('183131266', <state_graph.State instance at 0x791e83bc0960>), ('-583182176', <state_graph.State instance at 0x791e88ebac80>), ('OOAUT', <state_graph.State instance at 0x791eaa94c230>), ('-1433637423', <state_graph.State instance at 0x791e88132e10>)]
--extracted id: -1455816557  num_controllable_widgets: 15
--transiton occurs
--a new state is triggered and add -1455816557 into the state graph.
get_jacoco_coverage- return code:  output: Broadcasting: Intent { act=edu.gatech.m3.emma.COLLECT_COVERAGE }
Broadcast completed: result=0
---
[COVERAGE FILE EXIST?]
coverage.ec
---
---
[VALIDATE COVERAGE FILE]$ java -jar /home/ubuntu/TimeMachine/fuzzingandroid/libs/jacococli.jar report /home/ubuntu/TimeMachine/results/AmazeFileManager-3.4.2-#1837-rebuilt.apk.timemachine.result.emulator-5554#2026-08-17-01-00-46/ec_files/emulator-55542026-08-17-01-22-51.ec  --classfiles /home/ubuntu/TimeMachine/instrumented_apps/AmazeFileManager/AmazeFileManager-#1837/app/build/intermediates/javac/fdroidDebug/classes/ --classfiles /home/ubuntu/TimeMachine/instrumented_apps/AmazeFileManager/AmazeFileManager-#1837/commons_compress_7z/build/intermediates/javac/debug/classes/ --sourcefiles /home/ubuntu/TimeMachine/instrumented_apps/AmazeFileManager/AmazeFileManager-#1837/app/src/main/java/ --sourcefiles /home/ubuntu/TimeMachine/instrumented_apps/AmazeFileManager/AmazeFileManager-#1837/commons_compress_7z/src/main/java/ &> temp
---
---
[VALIDATE MESSAGE]
---
SUCCESS: coverage file is valid!
[INFO] Loading execution data file /home/ubuntu/TimeMachine/results/AmazeFileManager-3.4.2-#1837-rebuilt.apk.timemachine.result.emulator-5554#2026-08-17-01-00-46/ec_files/emulator-55542026-08-17-01-22-51.ec.
[INFO] Analyzing 508 classes.
 /sdcard/coverage.ec: 1 file pulled, 0 skipped. 0.9 MB/s (4613 bytes in 0.005s)
 
compute_coverage-return code:  output: /home/ubuntu/TimeMachine/results/AmazeFileManager-3.4.2-#1837-rebuilt.apk.timemachine.result.emulator-5554#2026-08-17-01-00-46/ec_files/coveragetemp.ec /home/ubuntu/TimeMachine/results/AmazeFileManager-3.4.2-#1837-rebuilt.apk.timemachine.result.emulator-5554#2026-08-17-01-00-46/ec_files/emulator-55542026-08-17-01-09-02.ec /home/ubuntu/TimeMachine/results/AmazeFileManager-3.4.2-#1837-rebuilt.apk.timemachine.result.emulator-5554#2026-08-17-01-00-46/ec_files/emulator-55542026-08-17-01-09-05.ec /home/ubuntu/TimeMachine/results/AmazeFileManager-3.4.2-#1837-rebuilt.apk.timemachine.result.emulator-5554#2026-08-17-01-00-46/ec_files/emulator-55542026-08-17-01-16-12.ec /home/ubuntu/TimeMachine/results/AmazeFileManager-3.4.2-#1837-rebuilt.apk.timemachine.result.emulator-5554#2026-08-17-01-00-46/ec_files/emulator-55542026-08-17-01-16-28.ec /home/ubuntu/TimeMachine/results/AmazeFileManager-3.4.2-#1837-rebuilt.apk.timemachine.result.emulator-5554#2026-08-17-01-00-46/ec_files/emulator-55542026-08-17-01-16-41.ec /home/ubuntu/TimeMachine/results/AmazeFileManager-3.4.2-#1837-rebuilt.apk.timemachine.result.emulator-5554#2026-08-17-01-00-46/ec_files/emulator-55542026-08-17-01-16-55.ec /home/ubuntu/TimeMachine/results/AmazeFileManager-3.4.2-#1837-rebuilt.apk.timemachine.result.emulator-5554#2026-08-17-01-00-46/ec_files/emulator-55542026-08-17-01-17-06.ec /home/ubuntu/TimeMachine/results/AmazeFileManager-3.4.2-#1837-rebuilt.apk.timemachine.result.emulator-5554#2026-08-17-01-00-46/ec_files/emulator-55542026-08-17-01-17-18.ec /home/ubuntu/TimeMachine/results/AmazeFileManager-3.4.2-#1837-rebuilt.apk.timemachine.result.emulator-5554#2026-08-17-01-00-46/ec_files/emulator-55542026-08-17-01-18-42.ec /home/ubuntu/TimeMachine/results/AmazeFileManager-3.4.2-#1837-rebuilt.apk.timemachine.result.emulator-5554#2026-08-17-01-00-46/ec_files/emulator-55542026-08-17-01-19-37.ec /home/ubuntu/TimeMachine/results/AmazeFileManager-3.4.2-#1837-rebuilt.apk.timemachine.result.emulator-5554#2026-08-17-01-00-46/ec_files/emulator-55542026-08-17-01-19-48.ec /home/ubuntu/TimeMachine/results/AmazeFileManager-3.4.2-#1837-rebuilt.apk.timemachine.result.emulator-5554#2026-08-17-01-00-46/ec_files/emulator-55542026-08-17-01-20-06.ec /home/ubuntu/TimeMachine/results/AmazeFileManager-3.4.2-#1837-rebuilt.apk.timemachine.result.emulator-5554#2026-08-17-01-00-46/ec_files/emulator-55542026-08-17-01-20-22.ec /home/ubuntu/TimeMachine/results/AmazeFileManager-3.4.2-#1837-rebuilt.apk.timemachine.result.emulator-5554#2026-08-17-01-00-46/ec_files/emulator-55542026-08-17-01-20-37.ec /home/ubuntu/TimeMachine/results/AmazeFileManager-3.4.2-#1837-rebuilt.apk.timemachine.result.emulator-5554#2026-08-17-01-00-46/ec_files/emulator-55542026-08-17-01-20-50.ec /home/ubuntu/TimeMachine/results/AmazeFileManager-3.4.2-#1837-rebuilt.apk.timemachine.result.emulator-5554#2026-08-17-01-00-46/ec_files/emulator-55542026-08-17-01-21-08.ec /home/ubuntu/TimeMachine/results/AmazeFileManager-3.4.2-#1837-rebuilt.apk.timemachine.result.emulator-5554#2026-08-17-01-00-46/ec_files/emulator-55542026-08-17-01-21-20.ec /home/ubuntu/TimeMachine/results/AmazeFileManager-3.4.2-#1837-rebuilt.apk.timemachine.result.emulator-5554#2026-08-17-01-00-46/ec_files/emulator-55542026-08-17-01-21-33.ec /home/ubuntu/TimeMachine/results/AmazeFileManager-3.4.2-#1837-rebuilt.apk.timemachine.result.emulator-5554#2026-08-17-01-00-46/ec_files/emulator-55542026-08-17-01-21-46.ec /home/ubuntu/TimeMachine/results/AmazeFileManager-3.4.2-#1837-rebuilt.apk.timemachine.result.emulator-5554#2026-08-17-01-00-46/ec_files/emulator-55542026-08-17-01-22-01.ec /home/ubuntu/TimeMachine/results/AmazeFileManager-3.4.2-#1837-rebuilt.apk.timemachine.result.emulator-5554#2026-08-17-01-00-46/ec_files/emulator-55542026-08-17-01-22-12.ec /home/ubuntu/TimeMachine/results/AmazeFileManager-3.4.2-#1837-rebuilt.apk.timemachine.result.emulator-5554#2026-08-17-01-00-46/ec_files/emulator-55542026-08-17-01-22-27.ec /home/ubuntu/TimeMachine/results/AmazeFileManager-3.4.2-#1837-rebuilt.apk.timemachine.result.emulator-5554#2026-08-17-01-00-46/ec_files/emulator-55542026-08-17-01-22-41.ec /home/ubuntu/TimeMachine/results/AmazeFileManager-3.4.2-#1837-rebuilt.apk.timemachine.result.emulator-5554#2026-08-17-01-00-46/ec_files/emulator-55542026-08-17-01-22-51.ec
[INFO] Loading execution data file /home/ubuntu/TimeMachine/results/AmazeFileManager-3.4.2-#1837-rebuilt.apk.timemachine.result.emulator-5554#2026-08-17-01-00-46/ec_files/coveragetemp.ec.
[INFO] Loading execution data file /home/ubuntu/TimeMachine/results/AmazeFileManager-3.4.2-#1837-rebuilt.apk.timemachine.result.emulator-5554#2026-08-17-01-00-46/ec_files/emulator-55542026-08-17-01-09-02.ec.
[INFO] Loading execution data file /home/ubuntu/TimeMachine/results/AmazeFileManager-3.4.2-#1837-rebuilt.apk.timemachine.result.emulator-5554#2026-08-17-01-00-46/ec_files/emulator-55542026-08-17-01-09-05.ec.
[INFO] Loading execution data file /home/ubuntu/TimeMachine/results/AmazeFileManager-3.4.2-#1837-rebuilt.apk.timemachine.result.emulator-5554#2026-08-17-01-00-46/ec_files/emulator-55542026-08-17-01-16-12.ec.
[INFO] Loading execution data file /home/ubuntu/TimeMachine/results/AmazeFileManager-3.4.2-#1837-rebuilt.apk.timemachine.result.emulator-5554#2026-08-17-01-00-46/ec_files/emulator-55542026-08-17-01-16-28.ec.
[INFO] Loading execution data file /home/ubuntu/TimeMachine/results/AmazeFileManager-3.4.2-#1837-rebuilt.apk.timemachine.result.emulator-5554#2026-08-17-01-00-46/ec_files/emulator-55542026-08-17-01-16-41.ec.
[INFO] Loading execution data file /home/ubuntu/TimeMachine/results/AmazeFileManager-3.4.2-#1837-rebuilt.apk.timemachine.result.emulator-5554#2026-08-17-01-00-46/ec_files/emulator-55542026-08-17-01-16-55.ec.
[INFO] Loading execution data file /home/ubuntu/TimeMachine/results/AmazeFileManager-3.4.2-#1837-rebuilt.apk.timemachine.result.emulator-5554#2026-08-17-01-00-46/ec_files/emulator-55542026-08-17-01-17-06.ec.
[INFO] Loading execution data file /home/ubuntu/TimeMachine/results/AmazeFileManager-3.4.2-#1837-rebuilt.apk.timemachine.result.emulator-5554#2026-08-17-01-00-46/ec_files/emulator-55542026-08-17-01-17-18.ec.
[INFO] Loading execution data file /home/ubuntu/TimeMachine/results/AmazeFileManager-3.4.2-#1837-rebuilt.apk.timemachine.result.emulator-5554#2026-08-17-01-00-46/ec_files/emulator-55542026-08-17-01-18-42.ec.
[INFO] Loading execution data file /home/ubuntu/TimeMachine/results/AmazeFileManager-3.4.2-#1837-rebuilt.apk.timemachine.result.emulator-5554#2026-08-17-01-00-46/ec_files/emulator-55542026-08-17-01-19-37.ec.
[INFO] Loading execution data file /home/ubuntu/TimeMachine/results/AmazeFileManager-3.4.2-#1837-rebuilt.apk.timemachine.result.emulator-5554#2026-08-17-01-00-46/ec_files/emulator-55542026-08-17-01-19-48.ec.
[INFO] Loading execution data file /home/ubuntu/TimeMachine/results/AmazeFileManager-3.4.2-#1837-rebuilt.apk.timemachine.result.emulator-5554#2026-08-17-01-00-46/ec_files/emulator-55542026-08-17-01-20-06.ec.
[INFO] Loading execution data file /home/ubuntu/TimeMachine/results/AmazeFileManager-3.4.2-#1837-rebuilt.apk.timemachine.result.emulator-5554#2026-08-17-01-00-46/ec_files/emulator-55542026-08-17-01-20-22.ec.
[INFO] Loading execution data file /home/ubuntu/TimeMachine/results/AmazeFileManager-3.4.2-#1837-rebuilt.apk.timemachine.result.emulator-5554#2026-08-17-01-00-46/ec_files/emulator-55542026-08-17-01-20-37.ec.
[INFO] Loading execution data file /home/ubuntu/TimeMachine/results/AmazeFileManager-3.4.2-#1837-rebuilt.apk.timemachine.result.emulator-5554#2026-08-17-01-00-46/ec_files/emulator-55542026-08-17-01-20-50.ec.
[INFO] Loading execution data file /home/ubuntu/TimeMachine/results/AmazeFileManager-3.4.2-#1837-rebuilt.apk.timemachine.result.emulator-5554#2026-08-17-01-00-46/ec_files/emulator-55542026-08-17-01-21-08.ec.
[INFO] Loading execution data file /home/ubuntu/TimeMachine/results/AmazeFileManager-3.4.2-#1837-rebuilt.apk.timemachine.result.emulator-5554#2026-08-17-01-00-46/ec_files/emulator-55542026-08-17-01-21-20.ec.
[INFO] Loading execution data file /home/ubuntu/TimeMachine/results/AmazeFileManager-3.4.2-#1837-rebuilt.apk.timemachine.result.emulator-5554#2026-08-17-01-00-46/ec_files/emulator-55542026-08-17-01-21-33.ec.
[INFO] Loading execution data file /home/ubuntu/TimeMachine/results/AmazeFileManager-3.4.2-#1837-rebuilt.apk.timemachine.result.emulator-5554#2026-08-17-01-00-46/ec_files/emulator-55542026-08-17-01-21-46.ec.
[INFO] Loading execution data file /home/ubuntu/TimeMachine/results/AmazeFileManager-3.4.2-#1837-rebuilt.apk.timemachine.result.emulator-5554#2026-08-17-01-00-46/ec_files/emulator-55542026-08-17-01-22-01.ec.
[INFO] Loading execution data file /home/ubuntu/TimeMachine/results/AmazeFileManager-3.4.2-#1837-rebuilt.apk.timemachine.result.emulator-5554#2026-08-17-01-00-46/ec_files/emulator-55542026-08-17-01-22-12.ec.
[INFO] Loading execution data file /home/ubuntu/TimeMachine/results/AmazeFileManager-3.4.2-#1837-rebuilt.apk.timemachine.result.emulator-5554#2026-08-17-01-00-46/ec_files/emulator-55542026-08-17-01-22-27.ec.
[INFO] Loading execution data file /home/ubuntu/TimeMachine/results/AmazeFileManager-3.4.2-#1837-rebuilt.apk.timemachine.result.emulator-5554#2026-08-17-01-00-46/ec_files/emulator-55542026-08-17-01-22-41.ec.
[INFO] Loading execution data file /home/ubuntu/TimeMachine/results/AmazeFileManager-3.4.2-#1837-rebuilt.apk.timemachine.result.emulator-5554#2026-08-17-01-00-46/ec_files/emulator-55542026-08-17-01-22-51.ec.
[INFO] Analyzing 508 classes.
   
-----------
current jacoco line coverage rate: 0.184495615064
-----------
--coverage when the new state is triggered: 0.184495615064 current jacoco line coverage rate : 0.184495615064
===================> PENALIZE STATE <=====================
deque(['-583182176', '183131266', '-307486232', '-583182176', '183131266', '-691303923', '183131266', '-307486232', '183131266', '-1455816557'], maxlen=10)
Frequent nodes 
[('183131266', <state_graph.State instance at 0x791e83bc0960>), ('-583182176', <state_graph.State instance at 0x791e88ebac80>), ('OOAUT', <state_graph.State instance at 0x791eaa94c230>), ('-1433637423', <state_graph.State instance at 0x791e88132e10>)]
the portion to the top 20% most frequent states: 0.6
Frequent nodes 
[('183131266', <state_graph.State instance at 0x791e83bc0960>), ('-583182176', <state_graph.State instance at 0x791e88ebac80>), ('OOAUT', <state_graph.State instance at 0x791eaa94c230>), ('-1433637423', <state_graph.State instance at 0x791e88132e10>)]
--extracted id: 361894527  num_controllable_widgets: 18
--transiton occurs
--a new state is triggered and add 361894527 into the state graph.
get_jacoco_coverage- return code:  output: Broadcasting: Intent { act=edu.gatech.m3.emma.COLLECT_COVERAGE }
Broadcast completed: result=0
---
[COVERAGE FILE EXIST?]
coverage.ec
---
---
[VALIDATE COVERAGE FILE]$ java -jar /home/ubuntu/TimeMachine/fuzzingandroid/libs/jacococli.jar report /home/ubuntu/TimeMachine/results/AmazeFileManager-3.4.2-#1837-rebuilt.apk.timemachine.result.emulator-5554#2026-08-17-01-00-46/ec_files/emulator-55542026-08-17-01-23-08.ec  --classfiles /home/ubuntu/TimeMachine/instrumented_apps/AmazeFileManager/AmazeFileManager-#1837/app/build/intermediates/javac/fdroidDebug/classes/ --classfiles /home/ubuntu/TimeMachine/instrumented_apps/AmazeFileManager/AmazeFileManager-#1837/commons_compress_7z/build/intermediates/javac/debug/classes/ --sourcefiles /home/ubuntu/TimeMachine/instrumented_apps/AmazeFileManager/AmazeFileManager-#1837/app/src/main/java/ --sourcefiles /home/ubuntu/TimeMachine/instrumented_apps/AmazeFileManager/AmazeFileManager-#1837/commons_compress_7z/src/main/java/ &> temp
---
---
[VALIDATE MESSAGE]
---
SUCCESS: coverage file is valid!
[INFO] Loading execution data file /home/ubuntu/TimeMachine/results/AmazeFileManager-3.4.2-#1837-rebuilt.apk.timemachine.result.emulator-5554#2026-08-17-01-00-46/ec_files/emulator-55542026-08-17-01-23-08.ec.
[INFO] Analyzing 508 classes.
 /sdcard/coverage.ec: 1 file pulled, 0 skipped. 0.1 MB/s (4411 bytes in 0.047s)
 
compute_coverage-return code:  output: /home/ubuntu/TimeMachine/results/AmazeFileManager-3.4.2-#1837-rebuilt.apk.timemachine.result.emulator-5554#2026-08-17-01-00-46/ec_files/coveragetemp.ec /home/ubuntu/TimeMachine/results/AmazeFileManager-3.4.2-#1837-rebuilt.apk.timemachine.result.emulator-5554#2026-08-17-01-00-46/ec_files/emulator-55542026-08-17-01-09-02.ec /home/ubuntu/TimeMachine/results/AmazeFileManager-3.4.2-#1837-rebuilt.apk.timemachine.result.emulator-5554#2026-08-17-01-00-46/ec_files/emulator-55542026-08-17-01-09-05.ec /home/ubuntu/TimeMachine/results/AmazeFileManager-3.4.2-#1837-rebuilt.apk.timemachine.result.emulator-5554#2026-08-17-01-00-46/ec_files/emulator-55542026-08-17-01-16-12.ec /home/ubuntu/TimeMachine/results/AmazeFileManager-3.4.2-#1837-rebuilt.apk.timemachine.result.emulator-5554#2026-08-17-01-00-46/ec_files/emulator-55542026-08-17-01-16-28.ec /home/ubuntu/TimeMachine/results/AmazeFileManager-3.4.2-#1837-rebuilt.apk.timemachine.result.emulator-5554#2026-08-17-01-00-46/ec_files/emulator-55542026-08-17-01-16-41.ec /home/ubuntu/TimeMachine/results/AmazeFileManager-3.4.2-#1837-rebuilt.apk.timemachine.result.emulator-5554#2026-08-17-01-00-46/ec_files/emulator-55542026-08-17-01-16-55.ec /home/ubuntu/TimeMachine/results/AmazeFileManager-3.4.2-#1837-rebuilt.apk.timemachine.result.emulator-5554#2026-08-17-01-00-46/ec_files/emulator-55542026-08-17-01-17-06.ec /home/ubuntu/TimeMachine/results/AmazeFileManager-3.4.2-#1837-rebuilt.apk.timemachine.result.emulator-5554#2026-08-17-01-00-46/ec_files/emulator-55542026-08-17-01-17-18.ec /home/ubuntu/TimeMachine/results/AmazeFileManager-3.4.2-#1837-rebuilt.apk.timemachine.result.emulator-5554#2026-08-17-01-00-46/ec_files/emulator-55542026-08-17-01-18-42.ec /home/ubuntu/TimeMachine/results/AmazeFileManager-3.4.2-#1837-rebuilt.apk.timemachine.result.emulator-5554#2026-08-17-01-00-46/ec_files/emulator-55542026-08-17-01-19-37.ec /home/ubuntu/TimeMachine/results/AmazeFileManager-3.4.2-#1837-rebuilt.apk.timemachine.result.emulator-5554#2026-08-17-01-00-46/ec_files/emulator-55542026-08-17-01-19-48.ec /home/ubuntu/TimeMachine/results/AmazeFileManager-3.4.2-#1837-rebuilt.apk.timemachine.result.emulator-5554#2026-08-17-01-00-46/ec_files/emulator-55542026-08-17-01-20-06.ec /home/ubuntu/TimeMachine/results/AmazeFileManager-3.4.2-#1837-rebuilt.apk.timemachine.result.emulator-5554#2026-08-17-01-00-46/ec_files/emulator-55542026-08-17-01-20-22.ec /home/ubuntu/TimeMachine/results/AmazeFileManager-3.4.2-#1837-rebuilt.apk.timemachine.result.emulator-5554#2026-08-17-01-00-46/ec_files/emulator-55542026-08-17-01-20-37.ec /home/ubuntu/TimeMachine/results/AmazeFileManager-3.4.2-#1837-rebuilt.apk.timemachine.result.emulator-5554#2026-08-17-01-00-46/ec_files/emulator-55542026-08-17-01-20-50.ec /home/ubuntu/TimeMachine/results/AmazeFileManager-3.4.2-#1837-rebuilt.apk.timemachine.result.emulator-5554#2026-08-17-01-00-46/ec_files/emulator-55542026-08-17-01-21-08.ec /home/ubuntu/TimeMachine/results/AmazeFileManager-3.4.2-#1837-rebuilt.apk.timemachine.result.emulator-5554#2026-08-17-01-00-46/ec_files/emulator-55542026-08-17-01-21-20.ec /home/ubuntu/TimeMachine/results/AmazeFileManager-3.4.2-#1837-rebuilt.apk.timemachine.result.emulator-5554#2026-08-17-01-00-46/ec_files/emulator-55542026-08-17-01-21-33.ec /home/ubuntu/TimeMachine/results/AmazeFileManager-3.4.2-#1837-rebuilt.apk.timemachine.result.emulator-5554#2026-08-17-01-00-46/ec_files/emulator-55542026-08-17-01-21-46.ec /home/ubuntu/TimeMachine/results/AmazeFileManager-3.4.2-#1837-rebuilt.apk.timemachine.result.emulator-5554#2026-08-17-01-00-46/ec_files/emulator-55542026-08-17-01-22-01.ec /home/ubuntu/TimeMachine/results/AmazeFileManager-3.4.2-#1837-rebuilt.apk.timemachine.result.emulator-5554#2026-08-17-01-00-46/ec_files/emulator-55542026-08-17-01-22-12.ec /home/ubuntu/TimeMachine/results/AmazeFileManager-3.4.2-#1837-rebuilt.apk.timemachine.result.emulator-5554#2026-08-17-01-00-46/ec_files/emulator-55542026-08-17-01-22-27.ec /home/ubuntu/TimeMachine/results/AmazeFileManager-3.4.2-#1837-rebuilt.apk.timemachine.result.emulator-5554#2026-08-17-01-00-46/ec_files/emulator-55542026-08-17-01-22-41.ec /home/ubuntu/TimeMachine/results/AmazeFileManager-3.4.2-#1837-rebuilt.apk.timemachine.result.emulator-5554#2026-08-17-01-00-46/ec_files/emulator-55542026-08-17-01-22-51.ec /home/ubuntu/TimeMachine/results/AmazeFileManager-3.4.2-#1837-rebuilt.apk.timemachine.result.emulator-5554#2026-08-17-01-00-46/ec_files/emulator-55542026-08-17-01-23-08.ec
[INFO] Loading execution data file /home/ubuntu/TimeMachine/results/AmazeFileManager-3.4.2-#1837-rebuilt.apk.timemachine.result.emulator-5554#2026-08-17-01-00-46/ec_files/coveragetemp.ec.
[INFO] Loading execution data file /home/ubuntu/TimeMachine/results/AmazeFileManager-3.4.2-#1837-rebuilt.apk.timemachine.result.emulator-5554#2026-08-17-01-00-46/ec_files/emulator-55542026-08-17-01-09-02.ec.
[INFO] Loading execution data file /home/ubuntu/TimeMachine/results/AmazeFileManager-3.4.2-#1837-rebuilt.apk.timemachine.result.emulator-5554#2026-08-17-01-00-46/ec_files/emulator-55542026-08-17-01-09-05.ec.
[INFO] Loading execution data file /home/ubuntu/TimeMachine/results/AmazeFileManager-3.4.2-#1837-rebuilt.apk.timemachine.result.emulator-5554#2026-08-17-01-00-46/ec_files/emulator-55542026-08-17-01-16-12.ec.
[INFO] Loading execution data file /home/ubuntu/TimeMachine/results/AmazeFileManager-3.4.2-#1837-rebuilt.apk.timemachine.result.emulator-5554#2026-08-17-01-00-46/ec_files/emulator-55542026-08-17-01-16-28.ec.
[INFO] Loading execution data file /home/ubuntu/TimeMachine/results/AmazeFileManager-3.4.2-#1837-rebuilt.apk.timemachine.result.emulator-5554#2026-08-17-01-00-46/ec_files/emulator-55542026-08-17-01-16-41.ec.
[INFO] Loading execution data file /home/ubuntu/TimeMachine/results/AmazeFileManager-3.4.2-#1837-rebuilt.apk.timemachine.result.emulator-5554#2026-08-17-01-00-46/ec_files/emulator-55542026-08-17-01-16-55.ec.
[INFO] Loading execution data file /home/ubuntu/TimeMachine/results/AmazeFileManager-3.4.2-#1837-rebuilt.apk.timemachine.result.emulator-5554#2026-08-17-01-00-46/ec_files/emulator-55542026-08-17-01-17-06.ec.
[INFO] Loading execution data file /home/ubuntu/TimeMachine/results/AmazeFileManager-3.4.2-#1837-rebuilt.apk.timemachine.result.emulator-5554#2026-08-17-01-00-46/ec_files/emulator-55542026-08-17-01-17-18.ec.
[INFO] Loading execution data file /home/ubuntu/TimeMachine/results/AmazeFileManager-3.4.2-#1837-rebuilt.apk.timemachine.result.emulator-5554#2026-08-17-01-00-46/ec_files/emulator-55542026-08-17-01-18-42.ec.
[INFO] Loading execution data file /home/ubuntu/TimeMachine/results/AmazeFileManager-3.4.2-#1837-rebuilt.apk.timemachine.result.emulator-5554#2026-08-17-01-00-46/ec_files/emulator-55542026-08-17-01-19-37.ec.
[INFO] Loading execution data file /home/ubuntu/TimeMachine/results/AmazeFileManager-3.4.2-#1837-rebuilt.apk.timemachine.result.emulator-5554#2026-08-17-01-00-46/ec_files/emulator-55542026-08-17-01-19-48.ec.
[INFO] Loading execution data file /home/ubuntu/TimeMachine/results/AmazeFileManager-3.4.2-#1837-rebuilt.apk.timemachine.result.emulator-5554#2026-08-17-01-00-46/ec_files/emulator-55542026-08-17-01-20-06.ec.
[INFO] Loading execution data file /home/ubuntu/TimeMachine/results/AmazeFileManager-3.4.2-#1837-rebuilt.apk.timemachine.result.emulator-5554#2026-08-17-01-00-46/ec_files/emulator-55542026-08-17-01-20-22.ec.
[INFO] Loading execution data file /home/ubuntu/TimeMachine/results/AmazeFileManager-3.4.2-#1837-rebuilt.apk.timemachine.result.emulator-5554#2026-08-17-01-00-46/ec_files/emulator-55542026-08-17-01-20-37.ec.
[INFO] Loading execution data file /home/ubuntu/TimeMachine/results/AmazeFileManager-3.4.2-#1837-rebuilt.apk.timemachine.result.emulator-5554#2026-08-17-01-00-46/ec_files/emulator-55542026-08-17-01-20-50.ec.
[INFO] Loading execution data file /home/ubuntu/TimeMachine/results/AmazeFileManager-3.4.2-#1837-rebuilt.apk.timemachine.result.emulator-5554#2026-08-17-01-00-46/ec_files/emulator-55542026-08-17-01-21-08.ec.
[INFO] Loading execution data file /home/ubuntu/TimeMachine/results/AmazeFileManager-3.4.2-#1837-rebuilt.apk.timemachine.result.emulator-5554#2026-08-17-01-00-46/ec_files/emulator-55542026-08-17-01-21-20.ec.
[INFO] Loading execution data file /home/ubuntu/TimeMachine/results/AmazeFileManager-3.4.2-#1837-rebuilt.apk.timemachine.result.emulator-5554#2026-08-17-01-00-46/ec_files/emulator-55542026-08-17-01-21-33.ec.
[INFO] Loading execution data file /home/ubuntu/TimeMachine/results/AmazeFileManager-3.4.2-#1837-rebuilt.apk.timemachine.result.emulator-5554#2026-08-17-01-00-46/ec_files/emulator-55542026-08-17-01-21-46.ec.
[INFO] Loading execution data file /home/ubuntu/TimeMachine/results/AmazeFileManager-3.4.2-#1837-rebuilt.apk.timemachine.result.emulator-5554#2026-08-17-01-00-46/ec_files/emulator-55542026-08-17-01-22-01.ec.
[INFO] Loading execution data file /home/ubuntu/TimeMachine/results/AmazeFileManager-3.4.2-#1837-rebuilt.apk.timemachine.result.emulator-5554#2026-08-17-01-00-46/ec_files/emulator-55542026-08-17-01-22-12.ec.
[INFO] Loading execution data file /home/ubuntu/TimeMachine/results/AmazeFileManager-3.4.2-#1837-rebuilt.apk.timemachine.result.emulator-5554#2026-08-17-01-00-46/ec_files/emulator-55542026-08-17-01-22-27.ec.
[INFO] Loading execution data file /home/ubuntu/TimeMachine/results/AmazeFileManager-3.4.2-#1837-rebuilt.apk.timemachine.result.emulator-5554#2026-08-17-01-00-46/ec_files/emulator-55542026-08-17-01-22-41.ec.
[INFO] Loading execution data file /home/ubuntu/TimeMachine/results/AmazeFileManager-3.4.2-#1837-rebuilt.apk.timemachine.result.emulator-5554#2026-08-17-01-00-46/ec_files/emulator-55542026-08-17-01-22-51.ec.
[INFO] Loading execution data file /home/ubuntu/TimeMachine/results/AmazeFileManager-3.4.2-#1837-rebuilt.apk.timemachine.result.emulator-5554#2026-08-17-01-00-46/ec_files/emulator-55542026-08-17-01-23-08.ec.
[INFO] Analyzing 508 classes.
   
-----------
current jacoco line coverage rate: 0.184495615064
-----------
--coverage when the new state is triggered: 0.184495615064 current jacoco line coverage rate : 0.184495615064
===================> PENALIZE STATE <=====================
deque(['183131266', '-307486232', '-583182176', '183131266', '-691303923', '183131266', '-307486232', '183131266', '-1455816557', '361894527'], maxlen=10)
Frequent nodes 
[('183131266', <state_graph.State instance at 0x791e83bc0960>), ('-583182176', <state_graph.State instance at 0x791e88ebac80>), ('OOAUT', <state_graph.State instance at 0x791eaa94c230>), ('-1433637423', <state_graph.State instance at 0x791e88132e10>), ('-307486232', <state_graph.State instance at 0x791e8ba52d70>)]
the portion to the top 20% most frequent states: 0.5
Frequent nodes 
[('183131266', <state_graph.State instance at 0x791e83bc0960>), ('-583182176', <state_graph.State instance at 0x791e88ebac80>), ('OOAUT', <state_graph.State instance at 0x791eaa94c230>), ('-1433637423', <state_graph.State instance at 0x791e88132e10>), ('-307486232', <state_graph.State instance at 0x791e8ba52d70>)]
--extracted id: 361894527  num_controllable_widgets: 18
--event num: 1
--extracted id: 1893074188  num_controllable_widgets: 0
--transiton occurs
--the state 1893074188  exists
===================> PENALIZE STATE <=====================
deque(['-307486232', '-583182176', '183131266', '-691303923', '183131266', '-307486232', '183131266', '-1455816557', '361894527', '1893074188'], maxlen=10)
Frequent nodes 
[('183131266', <state_graph.State instance at 0x791e83bc0960>), ('-583182176', <state_graph.State instance at 0x791e88ebac80>), ('OOAUT', <state_graph.State instance at 0x791eaa94c230>), ('1893074188', <state_graph.State instance at 0x791e88307c80>), ('-1433637423', <state_graph.State instance at 0x791e88132e10>)]
the portion to the top 20% most frequent states: 0.571428571429
Frequent nodes 
[('183131266', <state_graph.State instance at 0x791e83bc0960>), ('-583182176', <state_graph.State instance at 0x791e88ebac80>), ('OOAUT', <state_graph.State instance at 0x791eaa94c230>), ('1893074188', <state_graph.State instance at 0x791e88307c80>), ('-1433637423', <state_graph.State instance at 0x791e88132e10>)]
--extracted id: 1893074188  num_controllable_widgets: 0
--event num: 1
--extracted id: 1893074188  num_controllable_widgets: 0
--event num: 2
--extracted id: 1893074188  num_controllable_widgets: 0
--event num: 3
--extracted id: 1893074188  num_controllable_widgets: 0
--event num: 4
--extracted id: -459881703  num_controllable_widgets: 18
--transiton occurs
--a new state is triggered and add -459881703 into the state graph.
get_jacoco_coverage- return code:  output: Broadcasting: Intent { act=edu.gatech.m3.emma.COLLECT_COVERAGE }
Broadcast completed: result=0
---
[COVERAGE FILE EXIST?]
coverage.ec
---
---
[VALIDATE COVERAGE FILE]$ java -jar /home/ubuntu/TimeMachine/fuzzingandroid/libs/jacococli.jar report /home/ubuntu/TimeMachine/results/AmazeFileManager-3.4.2-#1837-rebuilt.apk.timemachine.result.emulator-5554#2026-08-17-01-00-46/ec_files/emulator-55542026-08-17-01-23-22.ec  --classfiles /home/ubuntu/TimeMachine/instrumented_apps/AmazeFileManager/AmazeFileManager-#1837/app/build/intermediates/javac/fdroidDebug/classes/ --classfiles /home/ubuntu/TimeMachine/instrumented_apps/AmazeFileManager/AmazeFileManager-#1837/commons_compress_7z/build/intermediates/javac/debug/classes/ --sourcefiles /home/ubuntu/TimeMachine/instrumented_apps/AmazeFileManager/AmazeFileManager-#1837/app/src/main/java/ --sourcefiles /home/ubuntu/TimeMachine/instrumented_apps/AmazeFileManager/AmazeFileManager-#1837/commons_compress_7z/src/main/java/ &> temp
---
---
[VALIDATE MESSAGE]
---
SUCCESS: coverage file is valid!
[INFO] Loading execution data file /home/ubuntu/TimeMachine/results/AmazeFileManager-3.4.2-#1837-rebuilt.apk.timemachine.result.emulator-5554#2026-08-17-01-00-46/ec_files/emulator-55542026-08-17-01-23-22.ec.
[INFO] Analyzing 508 classes.
 /sdcard/coverage.ec: 1 file pulled, 0 skipped. 1.0 MB/s (4795 bytes in 0.005s)
 
compute_coverage-return code:  output: /home/ubuntu/TimeMachine/results/AmazeFileManager-3.4.2-#1837-rebuilt.apk.timemachine.result.emulator-5554#2026-08-17-01-00-46/ec_files/coveragetemp.ec /home/ubuntu/TimeMachine/results/AmazeFileManager-3.4.2-#1837-rebuilt.apk.timemachine.result.emulator-5554#2026-08-17-01-00-46/ec_files/emulator-55542026-08-17-01-09-02.ec /home/ubuntu/TimeMachine/results/AmazeFileManager-3.4.2-#1837-rebuilt.apk.timemachine.result.emulator-5554#2026-08-17-01-00-46/ec_files/emulator-55542026-08-17-01-09-05.ec /home/ubuntu/TimeMachine/results/AmazeFileManager-3.4.2-#1837-rebuilt.apk.timemachine.result.emulator-5554#2026-08-17-01-00-46/ec_files/emulator-55542026-08-17-01-16-12.ec /home/ubuntu/TimeMachine/results/AmazeFileManager-3.4.2-#1837-rebuilt.apk.timemachine.result.emulator-5554#2026-08-17-01-00-46/ec_files/emulator-55542026-08-17-01-16-28.ec /home/ubuntu/TimeMachine/results/AmazeFileManager-3.4.2-#1837-rebuilt.apk.timemachine.result.emulator-5554#2026-08-17-01-00-46/ec_files/emulator-55542026-08-17-01-16-41.ec /home/ubuntu/TimeMachine/results/AmazeFileManager-3.4.2-#1837-rebuilt.apk.timemachine.result.emulator-5554#2026-08-17-01-00-46/ec_files/emulator-55542026-08-17-01-16-55.ec /home/ubuntu/TimeMachine/results/AmazeFileManager-3.4.2-#1837-rebuilt.apk.timemachine.result.emulator-5554#2026-08-17-01-00-46/ec_files/emulator-55542026-08-17-01-17-06.ec /home/ubuntu/TimeMachine/results/AmazeFileManager-3.4.2-#1837-rebuilt.apk.timemachine.result.emulator-5554#2026-08-17-01-00-46/ec_files/emulator-55542026-08-17-01-17-18.ec /home/ubuntu/TimeMachine/results/AmazeFileManager-3.4.2-#1837-rebuilt.apk.timemachine.result.emulator-5554#2026-08-17-01-00-46/ec_files/emulator-55542026-08-17-01-18-42.ec /home/ubuntu/TimeMachine/results/AmazeFileManager-3.4.2-#1837-rebuilt.apk.timemachine.result.emulator-5554#2026-08-17-01-00-46/ec_files/emulator-55542026-08-17-01-19-37.ec /home/ubuntu/TimeMachine/results/AmazeFileManager-3.4.2-#1837-rebuilt.apk.timemachine.result.emulator-5554#2026-08-17-01-00-46/ec_files/emulator-55542026-08-17-01-19-48.ec /home/ubuntu/TimeMachine/results/AmazeFileManager-3.4.2-#1837-rebuilt.apk.timemachine.result.emulator-5554#2026-08-17-01-00-46/ec_files/emulator-55542026-08-17-01-20-06.ec /home/ubuntu/TimeMachine/results/AmazeFileManager-3.4.2-#1837-rebuilt.apk.timemachine.result.emulator-5554#2026-08-17-01-00-46/ec_files/emulator-55542026-08-17-01-20-22.ec /home/ubuntu/TimeMachine/results/AmazeFileManager-3.4.2-#1837-rebuilt.apk.timemachine.result.emulator-5554#2026-08-17-01-00-46/ec_files/emulator-55542026-08-17-01-20-37.ec /home/ubuntu/TimeMachine/results/AmazeFileManager-3.4.2-#1837-rebuilt.apk.timemachine.result.emulator-5554#2026-08-17-01-00-46/ec_files/emulator-55542026-08-17-01-20-50.ec /home/ubuntu/TimeMachine/results/AmazeFileManager-3.4.2-#1837-rebuilt.apk.timemachine.result.emulator-5554#2026-08-17-01-00-46/ec_files/emulator-55542026-08-17-01-21-08.ec /home/ubuntu/TimeMachine/results/AmazeFileManager-3.4.2-#1837-rebuilt.apk.timemachine.result.emulator-5554#2026-08-17-01-00-46/ec_files/emulator-55542026-08-17-01-21-20.ec /home/ubuntu/TimeMachine/results/AmazeFileManager-3.4.2-#1837-rebuilt.apk.timemachine.result.emulator-5554#2026-08-17-01-00-46/ec_files/emulator-55542026-08-17-01-21-33.ec /home/ubuntu/TimeMachine/results/AmazeFileManager-3.4.2-#1837-rebuilt.apk.timemachine.result.emulator-5554#2026-08-17-01-00-46/ec_files/emulator-55542026-08-17-01-21-46.ec /home/ubuntu/TimeMachine/results/AmazeFileManager-3.4.2-#1837-rebuilt.apk.timemachine.result.emulator-5554#2026-08-17-01-00-46/ec_files/emulator-55542026-08-17-01-22-01.ec /home/ubuntu/TimeMachine/results/AmazeFileManager-3.4.2-#1837-rebuilt.apk.timemachine.result.emulator-5554#2026-08-17-01-00-46/ec_files/emulator-55542026-08-17-01-22-12.ec /home/ubuntu/TimeMachine/results/AmazeFileManager-3.4.2-#1837-rebuilt.apk.timemachine.result.emulator-5554#2026-08-17-01-00-46/ec_files/emulator-55542026-08-17-01-22-27.ec /home/ubuntu/TimeMachine/results/AmazeFileManager-3.4.2-#1837-rebuilt.apk.timemachine.result.emulator-5554#2026-08-17-01-00-46/ec_files/emulator-55542026-08-17-01-22-41.ec /home/ubuntu/TimeMachine/results/AmazeFileManager-3.4.2-#1837-rebuilt.apk.timemachine.result.emulator-5554#2026-08-17-01-00-46/ec_files/emulator-55542026-08-17-01-22-51.ec /home/ubuntu/TimeMachine/results/AmazeFileManager-3.4.2-#1837-rebuilt.apk.timemachine.result.emulator-5554#2026-08-17-01-00-46/ec_files/emulator-55542026-08-17-01-23-08.ec /home/ubuntu/TimeMachine/results/AmazeFileManager-3.4.2-#1837-rebuilt.apk.timemachine.result.emulator-5554#2026-08-17-01-00-46/ec_files/emulator-55542026-08-17-01-23-22.ec
[INFO] Loading execution data file /home/ubuntu/TimeMachine/results/AmazeFileManager-3.4.2-#1837-rebuilt.apk.timemachine.result.emulator-5554#2026-08-17-01-00-46/ec_files/coveragetemp.ec.
[INFO] Loading execution data file /home/ubuntu/TimeMachine/results/AmazeFileManager-3.4.2-#1837-rebuilt.apk.timemachine.result.emulator-5554#2026-08-17-01-00-46/ec_files/emulator-55542026-08-17-01-09-02.ec.
[INFO] Loading execution data file /home/ubuntu/TimeMachine/results/AmazeFileManager-3.4.2-#1837-rebuilt.apk.timemachine.result.emulator-5554#2026-08-17-01-00-46/ec_files/emulator-55542026-08-17-01-09-05.ec.
[INFO] Loading execution data file /home/ubuntu/TimeMachine/results/AmazeFileManager-3.4.2-#1837-rebuilt.apk.timemachine.result.emulator-5554#2026-08-17-01-00-46/ec_files/emulator-55542026-08-17-01-16-12.ec.
[INFO] Loading execution data file /home/ubuntu/TimeMachine/results/AmazeFileManager-3.4.2-#1837-rebuilt.apk.timemachine.result.emulator-5554#2026-08-17-01-00-46/ec_files/emulator-55542026-08-17-01-16-28.ec.
[INFO] Loading execution data file /home/ubuntu/TimeMachine/results/AmazeFileManager-3.4.2-#1837-rebuilt.apk.timemachine.result.emulator-5554#2026-08-17-01-00-46/ec_files/emulator-55542026-08-17-01-16-41.ec.
[INFO] Loading execution data file /home/ubuntu/TimeMachine/results/AmazeFileManager-3.4.2-#1837-rebuilt.apk.timemachine.result.emulator-5554#2026-08-17-01-00-46/ec_files/emulator-55542026-08-17-01-16-55.ec.
[INFO] Loading execution data file /home/ubuntu/TimeMachine/results/AmazeFileManager-3.4.2-#1837-rebuilt.apk.timemachine.result.emulator-5554#2026-08-17-01-00-46/ec_files/emulator-55542026-08-17-01-17-06.ec.
[INFO] Loading execution data file /home/ubuntu/TimeMachine/results/AmazeFileManager-3.4.2-#1837-rebuilt.apk.timemachine.result.emulator-5554#2026-08-17-01-00-46/ec_files/emulator-55542026-08-17-01-17-18.ec.
[INFO] Loading execution data file /home/ubuntu/TimeMachine/results/AmazeFileManager-3.4.2-#1837-rebuilt.apk.timemachine.result.emulator-5554#2026-08-17-01-00-46/ec_files/emulator-55542026-08-17-01-18-42.ec.
[INFO] Loading execution data file /home/ubuntu/TimeMachine/results/AmazeFileManager-3.4.2-#1837-rebuilt.apk.timemachine.result.emulator-5554#2026-08-17-01-00-46/ec_files/emulator-55542026-08-17-01-19-37.ec.
[INFO] Loading execution data file /home/ubuntu/TimeMachine/results/AmazeFileManager-3.4.2-#1837-rebuilt.apk.timemachine.result.emulator-5554#2026-08-17-01-00-46/ec_files/emulator-55542026-08-17-01-19-48.ec.
[INFO] Loading execution data file /home/ubuntu/TimeMachine/results/AmazeFileManager-3.4.2-#1837-rebuilt.apk.timemachine.result.emulator-5554#2026-08-17-01-00-46/ec_files/emulator-55542026-08-17-01-20-06.ec.
[INFO] Loading execution data file /home/ubuntu/TimeMachine/results/AmazeFileManager-3.4.2-#1837-rebuilt.apk.timemachine.result.emulator-5554#2026-08-17-01-00-46/ec_files/emulator-55542026-08-17-01-20-22.ec.
[INFO] Loading execution data file /home/ubuntu/TimeMachine/results/AmazeFileManager-3.4.2-#1837-rebuilt.apk.timemachine.result.emulator-5554#2026-08-17-01-00-46/ec_files/emulator-55542026-08-17-01-20-37.ec.
[INFO] Loading execution data file /home/ubuntu/TimeMachine/results/AmazeFileManager-3.4.2-#1837-rebuilt.apk.timemachine.result.emulator-5554#2026-08-17-01-00-46/ec_files/emulator-55542026-08-17-01-20-50.ec.
[INFO] Loading execution data file /home/ubuntu/TimeMachine/results/AmazeFileManager-3.4.2-#1837-rebuilt.apk.timemachine.result.emulator-5554#2026-08-17-01-00-46/ec_files/emulator-55542026-08-17-01-21-08.ec.
[INFO] Loading execution data file /home/ubuntu/TimeMachine/results/AmazeFileManager-3.4.2-#1837-rebuilt.apk.timemachine.result.emulator-5554#2026-08-17-01-00-46/ec_files/emulator-55542026-08-17-01-21-20.ec.
[INFO] Loading execution data file /home/ubuntu/TimeMachine/results/AmazeFileManager-3.4.2-#1837-rebuilt.apk.timemachine.result.emulator-5554#2026-08-17-01-00-46/ec_files/emulator-55542026-08-17-01-21-33.ec.
[INFO] Loading execution data file /home/ubuntu/TimeMachine/results/AmazeFileManager-3.4.2-#1837-rebuilt.apk.timemachine.result.emulator-5554#2026-08-17-01-00-46/ec_files/emulator-55542026-08-17-01-21-46.ec.
[INFO] Loading execution data file /home/ubuntu/TimeMachine/results/AmazeFileManager-3.4.2-#1837-rebuilt.apk.timemachine.result.emulator-5554#2026-08-17-01-00-46/ec_files/emulator-55542026-08-17-01-22-01.ec.
[INFO] Loading execution data file /home/ubuntu/TimeMachine/results/AmazeFileManager-3.4.2-#1837-rebuilt.apk.timemachine.result.emulator-5554#2026-08-17-01-00-46/ec_files/emulator-55542026-08-17-01-22-12.ec.
[INFO] Loading execution data file /home/ubuntu/TimeMachine/results/AmazeFileManager-3.4.2-#1837-rebuilt.apk.timemachine.result.emulator-5554#2026-08-17-01-00-46/ec_files/emulator-55542026-08-17-01-22-27.ec.
[INFO] Loading execution data file /home/ubuntu/TimeMachine/results/AmazeFileManager-3.4.2-#1837-rebuilt.apk.timemachine.result.emulator-5554#2026-08-17-01-00-46/ec_files/emulator-55542026-08-17-01-22-41.ec.
[INFO] Loading execution data file /home/ubuntu/TimeMachine/results/AmazeFileManager-3.4.2-#1837-rebuilt.apk.timemachine.result.emulator-5554#2026-08-17-01-00-46/ec_files/emulator-55542026-08-17-01-22-51.ec.
[INFO] Loading execution data file /home/ubuntu/TimeMachine/results/AmazeFileManager-3.4.2-#1837-rebuilt.apk.timemachine.result.emulator-5554#2026-08-17-01-00-46/ec_files/emulator-55542026-08-17-01-23-08.ec.
[INFO] Loading execution data file /home/ubuntu/TimeMachine/results/AmazeFileManager-3.4.2-#1837-rebuilt.apk.timemachine.result.emulator-5554#2026-08-17-01-00-46/ec_files/emulator-55542026-08-17-01-23-22.ec.
[INFO] Analyzing 508 classes.
   
-----------
current jacoco line coverage rate: 0.184495615064
-----------
--coverage when the new state is triggered: 0.184495615064 current jacoco line coverage rate : 0.184495615064
===================> PENALIZE STATE <=====================
deque(['-583182176', '183131266', '-691303923', '183131266', '-307486232', '183131266', '-1455816557', '361894527', '1893074188', '-459881703'], maxlen=10)
Frequent nodes 
[('183131266', <state_graph.State instance at 0x791e83bc0960>), ('-583182176', <state_graph.State instance at 0x791e88ebac80>), ('OOAUT', <state_graph.State instance at 0x791eaa94c230>), ('1893074188', <state_graph.State instance at 0x791e88307c80>), ('-1433637423', <state_graph.State instance at 0x791e88132e10>)]
the portion to the top 20% most frequent states: 0.375
Frequent nodes 
[('183131266', <state_graph.State instance at 0x791e83bc0960>), ('-583182176', <state_graph.State instance at 0x791e88ebac80>), ('OOAUT', <state_graph.State instance at 0x791eaa94c230>), ('1893074188', <state_graph.State instance at 0x791e88307c80>), ('-1433637423', <state_graph.State instance at 0x791e88132e10>)]
--extracted id: 1893074188  num_controllable_widgets: 0
--transiton occurs
--the state 1893074188  exists
===================> PENALIZE STATE <=====================
deque(['183131266', '-691303923', '183131266', '-307486232', '183131266', '-1455816557', '361894527', '1893074188', '-459881703', '1893074188'], maxlen=10)
Frequent nodes 
[('183131266', <state_graph.State instance at 0x791e83bc0960>), ('-583182176', <state_graph.State instance at 0x791e88ebac80>), ('OOAUT', <state_graph.State instance at 0x791eaa94c230>), ('1893074188', <state_graph.State instance at 0x791e88307c80>), ('-1433637423', <state_graph.State instance at 0x791e88132e10>)]
the portion to the top 20% most frequent states: 0.285714285714
Frequent nodes 
[('183131266', <state_graph.State instance at 0x791e83bc0960>), ('-583182176', <state_graph.State instance at 0x791e88ebac80>), ('OOAUT', <state_graph.State instance at 0x791eaa94c230>), ('1893074188', <state_graph.State instance at 0x791e88307c80>), ('-1433637423', <state_graph.State instance at 0x791e88132e10>)]
--extracted id: -459881703  num_controllable_widgets: 18
--transiton occurs
--the state -459881703  exists
===================> PENALIZE STATE <=====================
deque(['-691303923', '183131266', '-307486232', '183131266', '-1455816557', '361894527', '1893074188', '-459881703', '1893074188', '-459881703'], maxlen=10)
Frequent nodes 
[('183131266', <state_graph.State instance at 0x791e83bc0960>), ('-583182176', <state_graph.State instance at 0x791e88ebac80>), ('OOAUT', <state_graph.State instance at 0x791eaa94c230>), ('1893074188', <state_graph.State instance at 0x791e88307c80>), ('-1433637423', <state_graph.State instance at 0x791e88132e10>)]
the portion to the top 20% most frequent states: 0.428571428571
Frequent nodes 
[('183131266', <state_graph.State instance at 0x791e83bc0960>), ('-583182176', <state_graph.State instance at 0x791e88ebac80>), ('OOAUT', <state_graph.State instance at 0x791eaa94c230>), ('1893074188', <state_graph.State instance at 0x791e88307c80>), ('-1433637423', <state_graph.State instance at 0x791e88132e10>)]
--extracted id: -459881703  num_controllable_widgets: 18
--event num: 1
--extracted id: -1243038535  num_controllable_widgets: 15
--transiton occurs
--a new state is triggered and add -1243038535 into the state graph.
get_jacoco_coverage- return code:  output: Broadcasting: Intent { act=edu.gatech.m3.emma.COLLECT_COVERAGE }
Broadcast completed: result=0
---
[COVERAGE FILE EXIST?]
coverage.ec
---
---
[VALIDATE COVERAGE FILE]$ java -jar /home/ubuntu/TimeMachine/fuzzingandroid/libs/jacococli.jar report /home/ubuntu/TimeMachine/results/AmazeFileManager-3.4.2-#1837-rebuilt.apk.timemachine.result.emulator-5554#2026-08-17-01-00-46/ec_files/emulator-55542026-08-17-01-23-34.ec  --classfiles /home/ubuntu/TimeMachine/instrumented_apps/AmazeFileManager/AmazeFileManager-#1837/app/build/intermediates/javac/fdroidDebug/classes/ --classfiles /home/ubuntu/TimeMachine/instrumented_apps/AmazeFileManager/AmazeFileManager-#1837/commons_compress_7z/build/intermediates/javac/debug/classes/ --sourcefiles /home/ubuntu/TimeMachine/instrumented_apps/AmazeFileManager/AmazeFileManager-#1837/app/src/main/java/ --sourcefiles /home/ubuntu/TimeMachine/instrumented_apps/AmazeFileManager/AmazeFileManager-#1837/commons_compress_7z/src/main/java/ &> temp
---
---
[VALIDATE MESSAGE]
---
SUCCESS: coverage file is valid!
[INFO] Loading execution data file /home/ubuntu/TimeMachine/results/AmazeFileManager-3.4.2-#1837-rebuilt.apk.timemachine.result.emulator-5554#2026-08-17-01-00-46/ec_files/emulator-55542026-08-17-01-23-34.ec.
[INFO] Analyzing 508 classes.
 /sdcard/coverage.ec: 1 file pulled, 0 skipped. 0.1 MB/s (4499 bytes in 0.046s)
 
compute_coverage-return code:  output: /home/ubuntu/TimeMachine/results/AmazeFileManager-3.4.2-#1837-rebuilt.apk.timemachine.result.emulator-5554#2026-08-17-01-00-46/ec_files/coveragetemp.ec /home/ubuntu/TimeMachine/results/AmazeFileManager-3.4.2-#1837-rebuilt.apk.timemachine.result.emulator-5554#2026-08-17-01-00-46/ec_files/emulator-55542026-08-17-01-09-02.ec /home/ubuntu/TimeMachine/results/AmazeFileManager-3.4.2-#1837-rebuilt.apk.timemachine.result.emulator-5554#2026-08-17-01-00-46/ec_files/emulator-55542026-08-17-01-09-05.ec /home/ubuntu/TimeMachine/results/AmazeFileManager-3.4.2-#1837-rebuilt.apk.timemachine.result.emulator-5554#2026-08-17-01-00-46/ec_files/emulator-55542026-08-17-01-16-12.ec /home/ubuntu/TimeMachine/results/AmazeFileManager-3.4.2-#1837-rebuilt.apk.timemachine.result.emulator-5554#2026-08-17-01-00-46/ec_files/emulator-55542026-08-17-01-16-28.ec /home/ubuntu/TimeMachine/results/AmazeFileManager-3.4.2-#1837-rebuilt.apk.timemachine.result.emulator-5554#2026-08-17-01-00-46/ec_files/emulator-55542026-08-17-01-16-41.ec /home/ubuntu/TimeMachine/results/AmazeFileManager-3.4.2-#1837-rebuilt.apk.timemachine.result.emulator-5554#2026-08-17-01-00-46/ec_files/emulator-55542026-08-17-01-16-55.ec /home/ubuntu/TimeMachine/results/AmazeFileManager-3.4.2-#1837-rebuilt.apk.timemachine.result.emulator-5554#2026-08-17-01-00-46/ec_files/emulator-55542026-08-17-01-17-06.ec /home/ubuntu/TimeMachine/results/AmazeFileManager-3.4.2-#1837-rebuilt.apk.timemachine.result.emulator-5554#2026-08-17-01-00-46/ec_files/emulator-55542026-08-17-01-17-18.ec /home/ubuntu/TimeMachine/results/AmazeFileManager-3.4.2-#1837-rebuilt.apk.timemachine.result.emulator-5554#2026-08-17-01-00-46/ec_files/emulator-55542026-08-17-01-18-42.ec /home/ubuntu/TimeMachine/results/AmazeFileManager-3.4.2-#1837-rebuilt.apk.timemachine.result.emulator-5554#2026-08-17-01-00-46/ec_files/emulator-55542026-08-17-01-19-37.ec /home/ubuntu/TimeMachine/results/AmazeFileManager-3.4.2-#1837-rebuilt.apk.timemachine.result.emulator-5554#2026-08-17-01-00-46/ec_files/emulator-55542026-08-17-01-19-48.ec /home/ubuntu/TimeMachine/results/AmazeFileManager-3.4.2-#1837-rebuilt.apk.timemachine.result.emulator-5554#2026-08-17-01-00-46/ec_files/emulator-55542026-08-17-01-20-06.ec /home/ubuntu/TimeMachine/results/AmazeFileManager-3.4.2-#1837-rebuilt.apk.timemachine.result.emulator-5554#2026-08-17-01-00-46/ec_files/emulator-55542026-08-17-01-20-22.ec /home/ubuntu/TimeMachine/results/AmazeFileManager-3.4.2-#1837-rebuilt.apk.timemachine.result.emulator-5554#2026-08-17-01-00-46/ec_files/emulator-55542026-08-17-01-20-37.ec /home/ubuntu/TimeMachine/results/AmazeFileManager-3.4.2-#1837-rebuilt.apk.timemachine.result.emulator-5554#2026-08-17-01-00-46/ec_files/emulator-55542026-08-17-01-20-50.ec /home/ubuntu/TimeMachine/results/AmazeFileManager-3.4.2-#1837-rebuilt.apk.timemachine.result.emulator-5554#2026-08-17-01-00-46/ec_files/emulator-55542026-08-17-01-21-08.ec /home/ubuntu/TimeMachine/results/AmazeFileManager-3.4.2-#1837-rebuilt.apk.timemachine.result.emulator-5554#2026-08-17-01-00-46/ec_files/emulator-55542026-08-17-01-21-20.ec /home/ubuntu/TimeMachine/results/AmazeFileManager-3.4.2-#1837-rebuilt.apk.timemachine.result.emulator-5554#2026-08-17-01-00-46/ec_files/emulator-55542026-08-17-01-21-33.ec /home/ubuntu/TimeMachine/results/AmazeFileManager-3.4.2-#1837-rebuilt.apk.timemachine.result.emulator-5554#2026-08-17-01-00-46/ec_files/emulator-55542026-08-17-01-21-46.ec /home/ubuntu/TimeMachine/results/AmazeFileManager-3.4.2-#1837-rebuilt.apk.timemachine.result.emulator-5554#2026-08-17-01-00-46/ec_files/emulator-55542026-08-17-01-22-01.ec /home/ubuntu/TimeMachine/results/AmazeFileManager-3.4.2-#1837-rebuilt.apk.timemachine.result.emulator-5554#2026-08-17-01-00-46/ec_files/emulator-55542026-08-17-01-22-12.ec /home/ubuntu/TimeMachine/results/AmazeFileManager-3.4.2-#1837-rebuilt.apk.timemachine.result.emulator-5554#2026-08-17-01-00-46/ec_files/emulator-55542026-08-17-01-22-27.ec /home/ubuntu/TimeMachine/results/AmazeFileManager-3.4.2-#1837-rebuilt.apk.timemachine.result.emulator-5554#2026-08-17-01-00-46/ec_files/emulator-55542026-08-17-01-22-41.ec /home/ubuntu/TimeMachine/results/AmazeFileManager-3.4.2-#1837-rebuilt.apk.timemachine.result.emulator-5554#2026-08-17-01-00-46/ec_files/emulator-55542026-08-17-01-22-51.ec /home/ubuntu/TimeMachine/results/AmazeFileManager-3.4.2-#1837-rebuilt.apk.timemachine.result.emulator-5554#2026-08-17-01-00-46/ec_files/emulator-55542026-08-17-01-23-08.ec /home/ubuntu/TimeMachine/results/AmazeFileManager-3.4.2-#1837-rebuilt.apk.timemachine.result.emulator-5554#2026-08-17-01-00-46/ec_files/emulator-55542026-08-17-01-23-22.ec /home/ubuntu/TimeMachine/results/AmazeFileManager-3.4.2-#1837-rebuilt.apk.timemachine.result.emulator-5554#2026-08-17-01-00-46/ec_files/emulator-55542026-08-17-01-23-34.ec
[INFO] Loading execution data file /home/ubuntu/TimeMachine/results/AmazeFileManager-3.4.2-#1837-rebuilt.apk.timemachine.result.emulator-5554#2026-08-17-01-00-46/ec_files/coveragetemp.ec.
[INFO] Loading execution data file /home/ubuntu/TimeMachine/results/AmazeFileManager-3.4.2-#1837-rebuilt.apk.timemachine.result.emulator-5554#2026-08-17-01-00-46/ec_files/emulator-55542026-08-17-01-09-02.ec.
[INFO] Loading execution data file /home/ubuntu/TimeMachine/results/AmazeFileManager-3.4.2-#1837-rebuilt.apk.timemachine.result.emulator-5554#2026-08-17-01-00-46/ec_files/emulator-55542026-08-17-01-09-05.ec.
[INFO] Loading execution data file /home/ubuntu/TimeMachine/results/AmazeFileManager-3.4.2-#1837-rebuilt.apk.timemachine.result.emulator-5554#2026-08-17-01-00-46/ec_files/emulator-55542026-08-17-01-16-12.ec.
[INFO] Loading execution data file /home/ubuntu/TimeMachine/results/AmazeFileManager-3.4.2-#1837-rebuilt.apk.timemachine.result.emulator-5554#2026-08-17-01-00-46/ec_files/emulator-55542026-08-17-01-16-28.ec.
[INFO] Loading execution data file /home/ubuntu/TimeMachine/results/AmazeFileManager-3.4.2-#1837-rebuilt.apk.timemachine.result.emulator-5554#2026-08-17-01-00-46/ec_files/emulator-55542026-08-17-01-16-41.ec.
[INFO] Loading execution data file /home/ubuntu/TimeMachine/results/AmazeFileManager-3.4.2-#1837-rebuilt.apk.timemachine.result.emulator-5554#2026-08-17-01-00-46/ec_files/emulator-55542026-08-17-01-16-55.ec.
[INFO] Loading execution data file /home/ubuntu/TimeMachine/results/AmazeFileManager-3.4.2-#1837-rebuilt.apk.timemachine.result.emulator-5554#2026-08-17-01-00-46/ec_files/emulator-55542026-08-17-01-17-06.ec.
[INFO] Loading execution data file /home/ubuntu/TimeMachine/results/AmazeFileManager-3.4.2-#1837-rebuilt.apk.timemachine.result.emulator-5554#2026-08-17-01-00-46/ec_files/emulator-55542026-08-17-01-17-18.ec.
[INFO] Loading execution data file /home/ubuntu/TimeMachine/results/AmazeFileManager-3.4.2-#1837-rebuilt.apk.timemachine.result.emulator-5554#2026-08-17-01-00-46/ec_files/emulator-55542026-08-17-01-18-42.ec.
[INFO] Loading execution data file /home/ubuntu/TimeMachine/results/AmazeFileManager-3.4.2-#1837-rebuilt.apk.timemachine.result.emulator-5554#2026-08-17-01-00-46/ec_files/emulator-55542026-08-17-01-19-37.ec.
[INFO] Loading execution data file /home/ubuntu/TimeMachine/results/AmazeFileManager-3.4.2-#1837-rebuilt.apk.timemachine.result.emulator-5554#2026-08-17-01-00-46/ec_files/emulator-55542026-08-17-01-19-48.ec.
[INFO] Loading execution data file /home/ubuntu/TimeMachine/results/AmazeFileManager-3.4.2-#1837-rebuilt.apk.timemachine.result.emulator-5554#2026-08-17-01-00-46/ec_files/emulator-55542026-08-17-01-20-06.ec.
[INFO] Loading execution data file /home/ubuntu/TimeMachine/results/AmazeFileManager-3.4.2-#1837-rebuilt.apk.timemachine.result.emulator-5554#2026-08-17-01-00-46/ec_files/emulator-55542026-08-17-01-20-22.ec.
[INFO] Loading execution data file /home/ubuntu/TimeMachine/results/AmazeFileManager-3.4.2-#1837-rebuilt.apk.timemachine.result.emulator-5554#2026-08-17-01-00-46/ec_files/emulator-55542026-08-17-01-20-37.ec.
[INFO] Loading execution data file /home/ubuntu/TimeMachine/results/AmazeFileManager-3.4.2-#1837-rebuilt.apk.timemachine.result.emulator-5554#2026-08-17-01-00-46/ec_files/emulator-55542026-08-17-01-20-50.ec.
[INFO] Loading execution data file /home/ubuntu/TimeMachine/results/AmazeFileManager-3.4.2-#1837-rebuilt.apk.timemachine.result.emulator-5554#2026-08-17-01-00-46/ec_files/emulator-55542026-08-17-01-21-08.ec.
[INFO] Loading execution data file /home/ubuntu/TimeMachine/results/AmazeFileManager-3.4.2-#1837-rebuilt.apk.timemachine.result.emulator-5554#2026-08-17-01-00-46/ec_files/emulator-55542026-08-17-01-21-20.ec.
[INFO] Loading execution data file /home/ubuntu/TimeMachine/results/AmazeFileManager-3.4.2-#1837-rebuilt.apk.timemachine.result.emulator-5554#2026-08-17-01-00-46/ec_files/emulator-55542026-08-17-01-21-33.ec.
[INFO] Loading execution data file /home/ubuntu/TimeMachine/results/AmazeFileManager-3.4.2-#1837-rebuilt.apk.timemachine.result.emulator-5554#2026-08-17-01-00-46/ec_files/emulator-55542026-08-17-01-21-46.ec.
[INFO] Loading execution data file /home/ubuntu/TimeMachine/results/AmazeFileManager-3.4.2-#1837-rebuilt.apk.timemachine.result.emulator-5554#2026-08-17-01-00-46/ec_files/emulator-55542026-08-17-01-22-01.ec.
[INFO] Loading execution data file /home/ubuntu/TimeMachine/results/AmazeFileManager-3.4.2-#1837-rebuilt.apk.timemachine.result.emulator-5554#2026-08-17-01-00-46/ec_files/emulator-55542026-08-17-01-22-12.ec.
[INFO] Loading execution data file /home/ubuntu/TimeMachine/results/AmazeFileManager-3.4.2-#1837-rebuilt.apk.timemachine.result.emulator-5554#2026-08-17-01-00-46/ec_files/emulator-55542026-08-17-01-22-27.ec.
[INFO] Loading execution data file /home/ubuntu/TimeMachine/results/AmazeFileManager-3.4.2-#1837-rebuilt.apk.timemachine.result.emulator-5554#2026-08-17-01-00-46/ec_files/emulator-55542026-08-17-01-22-41.ec.
[INFO] Loading execution data file /home/ubuntu/TimeMachine/results/AmazeFileManager-3.4.2-#1837-rebuilt.apk.timemachine.result.emulator-5554#2026-08-17-01-00-46/ec_files/emulator-55542026-08-17-01-22-51.ec.
[INFO] Loading execution data file /home/ubuntu/TimeMachine/results/AmazeFileManager-3.4.2-#1837-rebuilt.apk.timemachine.result.emulator-5554#2026-08-17-01-00-46/ec_files/emulator-55542026-08-17-01-23-08.ec.
[INFO] Loading execution data file /home/ubuntu/TimeMachine/results/AmazeFileManager-3.4.2-#1837-rebuilt.apk.timemachine.result.emulator-5554#2026-08-17-01-00-46/ec_files/emulator-55542026-08-17-01-23-22.ec.
[INFO] Loading execution data file /home/ubuntu/TimeMachine/results/AmazeFileManager-3.4.2-#1837-rebuilt.apk.timemachine.result.emulator-5554#2026-08-17-01-00-46/ec_files/emulator-55542026-08-17-01-23-34.ec.
[INFO] Analyzing 508 classes.
   
-----------
current jacoco line coverage rate: 0.188528818647
-----------
--coverage when the new state is triggered: 0.188528818647 current jacoco line coverage rate : 0.184495615064
===================> REWARD STATE <=====================
===================> REWARD STATE <=====================
--taking snapshot...
deque(['183131266', '-307486232', '183131266', '-1455816557', '361894527', '1893074188', '-459881703', '1893074188', '-459881703', '-1243038535'], maxlen=10)
Frequent nodes 
[('183131266', <state_graph.State instance at 0x791e83bc0960>), ('-583182176', <state_graph.State instance at 0x791e88ebac80>), ('OOAUT', <state_graph.State instance at 0x791eaa94c230>), ('1893074188', <state_graph.State instance at 0x791e88307c80>), ('-1433637423', <state_graph.State instance at 0x791e88132e10>)]
the portion to the top 20% most frequent states: 0.428571428571
Frequent nodes 
[('183131266', <state_graph.State instance at 0x791e83bc0960>), ('-583182176', <state_graph.State instance at 0x791e88ebac80>), ('OOAUT', <state_graph.State instance at 0x791eaa94c230>), ('1893074188', <state_graph.State instance at 0x791e88307c80>), ('-1433637423', <state_graph.State instance at 0x791e88132e10>)]
--extracted id: -307486232  num_controllable_widgets: 0
--transiton occurs
--the state -307486232  exists
===================> PENALIZE STATE <=====================
deque(['-307486232', '183131266', '-1455816557', '361894527', '1893074188', '-459881703', '1893074188', '-459881703', '-1243038535', '-307486232'], maxlen=10)
Frequent nodes 
[('183131266', <state_graph.State instance at 0x791e83bc0960>), ('-583182176', <state_graph.State instance at 0x791e88ebac80>), ('OOAUT', <state_graph.State instance at 0x791eaa94c230>), ('1893074188', <state_graph.State instance at 0x791e88307c80>), ('-307486232', <state_graph.State instance at 0x791e8ba52d70>)]
the portion to the top 20% most frequent states: 0.571428571429
Frequent nodes 
[('183131266', <state_graph.State instance at 0x791e83bc0960>), ('-583182176', <state_graph.State instance at 0x791e88ebac80>), ('OOAUT', <state_graph.State instance at 0x791eaa94c230>), ('1893074188', <state_graph.State instance at 0x791e88307c80>), ('-307486232', <state_graph.State instance at 0x791e8ba52d70>)]
--extracted id: -1243038535  num_controllable_widgets: 15
--transiton occurs
--the state -1243038535  exists
===================> PENALIZE STATE <=====================
deque(['183131266', '-1455816557', '361894527', '1893074188', '-459881703', '1893074188', '-459881703', '-1243038535', '-307486232', '-1243038535'], maxlen=10)
Frequent nodes 
[('183131266', <state_graph.State instance at 0x791e83bc0960>), ('-583182176', <state_graph.State instance at 0x791e88ebac80>), ('OOAUT', <state_graph.State instance at 0x791eaa94c230>), ('1893074188', <state_graph.State instance at 0x791e88307c80>), ('-307486232', <state_graph.State instance at 0x791e8ba52d70>)]
the portion to the top 20% most frequent states: 0.714285714286
Frequent nodes 
[('183131266', <state_graph.State instance at 0x791e83bc0960>), ('-583182176', <state_graph.State instance at 0x791e88ebac80>), ('OOAUT', <state_graph.State instance at 0x791eaa94c230>), ('1893074188', <state_graph.State instance at 0x791e88307c80>), ('-307486232', <state_graph.State instance at 0x791e8ba52d70>)]
--extracted id: -1975263574  num_controllable_widgets: 8
--transiton occurs
--a new state is triggered and add -1975263574 into the state graph.
get_jacoco_coverage- return code:  output: Broadcasting: Intent { act=edu.gatech.m3.emma.COLLECT_COVERAGE }
Broadcast completed: result=0
---
[COVERAGE FILE EXIST?]
coverage.ec
---
---
[VALIDATE COVERAGE FILE]$ java -jar /home/ubuntu/TimeMachine/fuzzingandroid/libs/jacococli.jar report /home/ubuntu/TimeMachine/results/AmazeFileManager-3.4.2-#1837-rebuilt.apk.timemachine.result.emulator-5554#2026-08-17-01-00-46/ec_files/emulator-55542026-08-17-01-23-47.ec  --classfiles /home/ubuntu/TimeMachine/instrumented_apps/AmazeFileManager/AmazeFileManager-#1837/app/build/intermediates/javac/fdroidDebug/classes/ --classfiles /home/ubuntu/TimeMachine/instrumented_apps/AmazeFileManager/AmazeFileManager-#1837/commons_compress_7z/build/intermediates/javac/debug/classes/ --sourcefiles /home/ubuntu/TimeMachine/instrumented_apps/AmazeFileManager/AmazeFileManager-#1837/app/src/main/java/ --sourcefiles /home/ubuntu/TimeMachine/instrumented_apps/AmazeFileManager/AmazeFileManager-#1837/commons_compress_7z/src/main/java/ &> temp
---
---
[VALIDATE MESSAGE]
---
SUCCESS: coverage file is valid!
[INFO] Loading execution data file /home/ubuntu/TimeMachine/results/AmazeFileManager-3.4.2-#1837-rebuilt.apk.timemachine.result.emulator-5554#2026-08-17-01-00-46/ec_files/emulator-55542026-08-17-01-23-47.ec.
[INFO] Analyzing 508 classes.
 /sdcard/coverage.ec: 1 file pulled, 0 skipped. 0.5 MB/s (2625 bytes in 0.005s)
 
compute_coverage-return code:  output: /home/ubuntu/TimeMachine/results/AmazeFileManager-3.4.2-#1837-rebuilt.apk.timemachine.result.emulator-5554#2026-08-17-01-00-46/ec_files/coveragetemp.ec /home/ubuntu/TimeMachine/results/AmazeFileManager-3.4.2-#1837-rebuilt.apk.timemachine.result.emulator-5554#2026-08-17-01-00-46/ec_files/emulator-55542026-08-17-01-09-02.ec /home/ubuntu/TimeMachine/results/AmazeFileManager-3.4.2-#1837-rebuilt.apk.timemachine.result.emulator-5554#2026-08-17-01-00-46/ec_files/emulator-55542026-08-17-01-09-05.ec /home/ubuntu/TimeMachine/results/AmazeFileManager-3.4.2-#1837-rebuilt.apk.timemachine.result.emulator-5554#2026-08-17-01-00-46/ec_files/emulator-55542026-08-17-01-16-12.ec /home/ubuntu/TimeMachine/results/AmazeFileManager-3.4.2-#1837-rebuilt.apk.timemachine.result.emulator-5554#2026-08-17-01-00-46/ec_files/emulator-55542026-08-17-01-16-28.ec /home/ubuntu/TimeMachine/results/AmazeFileManager-3.4.2-#1837-rebuilt.apk.timemachine.result.emulator-5554#2026-08-17-01-00-46/ec_files/emulator-55542026-08-17-01-16-41.ec /home/ubuntu/TimeMachine/results/AmazeFileManager-3.4.2-#1837-rebuilt.apk.timemachine.result.emulator-5554#2026-08-17-01-00-46/ec_files/emulator-55542026-08-17-01-16-55.ec /home/ubuntu/TimeMachine/results/AmazeFileManager-3.4.2-#1837-rebuilt.apk.timemachine.result.emulator-5554#2026-08-17-01-00-46/ec_files/emulator-55542026-08-17-01-17-06.ec /home/ubuntu/TimeMachine/results/AmazeFileManager-3.4.2-#1837-rebuilt.apk.timemachine.result.emulator-5554#2026-08-17-01-00-46/ec_files/emulator-55542026-08-17-01-17-18.ec /home/ubuntu/TimeMachine/results/AmazeFileManager-3.4.2-#1837-rebuilt.apk.timemachine.result.emulator-5554#2026-08-17-01-00-46/ec_files/emulator-55542026-08-17-01-18-42.ec /home/ubuntu/TimeMachine/results/AmazeFileManager-3.4.2-#1837-rebuilt.apk.timemachine.result.emulator-5554#2026-08-17-01-00-46/ec_files/emulator-55542026-08-17-01-19-37.ec /home/ubuntu/TimeMachine/results/AmazeFileManager-3.4.2-#1837-rebuilt.apk.timemachine.result.emulator-5554#2026-08-17-01-00-46/ec_files/emulator-55542026-08-17-01-19-48.ec /home/ubuntu/TimeMachine/results/AmazeFileManager-3.4.2-#1837-rebuilt.apk.timemachine.result.emulator-5554#2026-08-17-01-00-46/ec_files/emulator-55542026-08-17-01-20-06.ec /home/ubuntu/TimeMachine/results/AmazeFileManager-3.4.2-#1837-rebuilt.apk.timemachine.result.emulator-5554#2026-08-17-01-00-46/ec_files/emulator-55542026-08-17-01-20-22.ec /home/ubuntu/TimeMachine/results/AmazeFileManager-3.4.2-#1837-rebuilt.apk.timemachine.result.emulator-5554#2026-08-17-01-00-46/ec_files/emulator-55542026-08-17-01-20-37.ec /home/ubuntu/TimeMachine/results/AmazeFileManager-3.4.2-#1837-rebuilt.apk.timemachine.result.emulator-5554#2026-08-17-01-00-46/ec_files/emulator-55542026-08-17-01-20-50.ec /home/ubuntu/TimeMachine/results/AmazeFileManager-3.4.2-#1837-rebuilt.apk.timemachine.result.emulator-5554#2026-08-17-01-00-46/ec_files/emulator-55542026-08-17-01-21-08.ec /home/ubuntu/TimeMachine/results/AmazeFileManager-3.4.2-#1837-rebuilt.apk.timemachine.result.emulator-5554#2026-08-17-01-00-46/ec_files/emulator-55542026-08-17-01-21-20.ec /home/ubuntu/TimeMachine/results/AmazeFileManager-3.4.2-#1837-rebuilt.apk.timemachine.result.emulator-5554#2026-08-17-01-00-46/ec_files/emulator-55542026-08-17-01-21-33.ec /home/ubuntu/TimeMachine/results/AmazeFileManager-3.4.2-#1837-rebuilt.apk.timemachine.result.emulator-5554#2026-08-17-01-00-46/ec_files/emulator-55542026-08-17-01-21-46.ec /home/ubuntu/TimeMachine/results/AmazeFileManager-3.4.2-#1837-rebuilt.apk.timemachine.result.emulator-5554#2026-08-17-01-00-46/ec_files/emulator-55542026-08-17-01-22-01.ec /home/ubuntu/TimeMachine/results/AmazeFileManager-3.4.2-#1837-rebuilt.apk.timemachine.result.emulator-5554#2026-08-17-01-00-46/ec_files/emulator-55542026-08-17-01-22-12.ec /home/ubuntu/TimeMachine/results/AmazeFileManager-3.4.2-#1837-rebuilt.apk.timemachine.result.emulator-5554#2026-08-17-01-00-46/ec_files/emulator-55542026-08-17-01-22-27.ec /home/ubuntu/TimeMachine/results/AmazeFileManager-3.4.2-#1837-rebuilt.apk.timemachine.result.emulator-5554#2026-08-17-01-00-46/ec_files/emulator-55542026-08-17-01-22-41.ec /home/ubuntu/TimeMachine/results/AmazeFileManager-3.4.2-#1837-rebuilt.apk.timemachine.result.emulator-5554#2026-08-17-01-00-46/ec_files/emulator-55542026-08-17-01-22-51.ec /home/ubuntu/TimeMachine/results/AmazeFileManager-3.4.2-#1837-rebuilt.apk.timemachine.result.emulator-5554#2026-08-17-01-00-46/ec_files/emulator-55542026-08-17-01-23-08.ec /home/ubuntu/TimeMachine/results/AmazeFileManager-3.4.2-#1837-rebuilt.apk.timemachine.result.emulator-5554#2026-08-17-01-00-46/ec_files/emulator-55542026-08-17-01-23-22.ec /home/ubuntu/TimeMachine/results/AmazeFileManager-3.4.2-#1837-rebuilt.apk.timemachine.result.emulator-5554#2026-08-17-01-00-46/ec_files/emulator-55542026-08-17-01-23-34.ec /home/ubuntu/TimeMachine/results/AmazeFileManager-3.4.2-#1837-rebuilt.apk.timemachine.result.emulator-5554#2026-08-17-01-00-46/ec_files/emulator-55542026-08-17-01-23-47.ec
[INFO] Loading execution data file /home/ubuntu/TimeMachine/results/AmazeFileManager-3.4.2-#1837-rebuilt.apk.timemachine.result.emulator-5554#2026-08-17-01-00-46/ec_files/coveragetemp.ec.
[INFO] Loading execution data file /home/ubuntu/TimeMachine/results/AmazeFileManager-3.4.2-#1837-rebuilt.apk.timemachine.result.emulator-5554#2026-08-17-01-00-46/ec_files/emulator-55542026-08-17-01-09-02.ec.
[INFO] Loading execution data file /home/ubuntu/TimeMachine/results/AmazeFileManager-3.4.2-#1837-rebuilt.apk.timemachine.result.emulator-5554#2026-08-17-01-00-46/ec_files/emulator-55542026-08-17-01-09-05.ec.
[INFO] Loading execution data file /home/ubuntu/TimeMachine/results/AmazeFileManager-3.4.2-#1837-rebuilt.apk.timemachine.result.emulator-5554#2026-08-17-01-00-46/ec_files/emulator-55542026-08-17-01-16-12.ec.
[INFO] Loading execution data file /home/ubuntu/TimeMachine/results/AmazeFileManager-3.4.2-#1837-rebuilt.apk.timemachine.result.emulator-5554#2026-08-17-01-00-46/ec_files/emulator-55542026-08-17-01-16-28.ec.
[INFO] Loading execution data file /home/ubuntu/TimeMachine/results/AmazeFileManager-3.4.2-#1837-rebuilt.apk.timemachine.result.emulator-5554#2026-08-17-01-00-46/ec_files/emulator-55542026-08-17-01-16-41.ec.
[INFO] Loading execution data file /home/ubuntu/TimeMachine/results/AmazeFileManager-3.4.2-#1837-rebuilt.apk.timemachine.result.emulator-5554#2026-08-17-01-00-46/ec_files/emulator-55542026-08-17-01-16-55.ec.
[INFO] Loading execution data file /home/ubuntu/TimeMachine/results/AmazeFileManager-3.4.2-#1837-rebuilt.apk.timemachine.result.emulator-5554#2026-08-17-01-00-46/ec_files/emulator-55542026-08-17-01-17-06.ec.
[INFO] Loading execution data file /home/ubuntu/TimeMachine/results/AmazeFileManager-3.4.2-#1837-rebuilt.apk.timemachine.result.emulator-5554#2026-08-17-01-00-46/ec_files/emulator-55542026-08-17-01-17-18.ec.
[INFO] Loading execution data file /home/ubuntu/TimeMachine/results/AmazeFileManager-3.4.2-#1837-rebuilt.apk.timemachine.result.emulator-5554#2026-08-17-01-00-46/ec_files/emulator-55542026-08-17-01-18-42.ec.
[INFO] Loading execution data file /home/ubuntu/TimeMachine/results/AmazeFileManager-3.4.2-#1837-rebuilt.apk.timemachine.result.emulator-5554#2026-08-17-01-00-46/ec_files/emulator-55542026-08-17-01-19-37.ec.
[INFO] Loading execution data file /home/ubuntu/TimeMachine/results/AmazeFileManager-3.4.2-#1837-rebuilt.apk.timemachine.result.emulator-5554#2026-08-17-01-00-46/ec_files/emulator-55542026-08-17-01-19-48.ec.
[INFO] Loading execution data file /home/ubuntu/TimeMachine/results/AmazeFileManager-3.4.2-#1837-rebuilt.apk.timemachine.result.emulator-5554#2026-08-17-01-00-46/ec_files/emulator-55542026-08-17-01-20-06.ec.
[INFO] Loading execution data file /home/ubuntu/TimeMachine/results/AmazeFileManager-3.4.2-#1837-rebuilt.apk.timemachine.result.emulator-5554#2026-08-17-01-00-46/ec_files/emulator-55542026-08-17-01-20-22.ec.
[INFO] Loading execution data file /home/ubuntu/TimeMachine/results/AmazeFileManager-3.4.2-#1837-rebuilt.apk.timemachine.result.emulator-5554#2026-08-17-01-00-46/ec_files/emulator-55542026-08-17-01-20-37.ec.
[INFO] Loading execution data file /home/ubuntu/TimeMachine/results/AmazeFileManager-3.4.2-#1837-rebuilt.apk.timemachine.result.emulator-5554#2026-08-17-01-00-46/ec_files/emulator-55542026-08-17-01-20-50.ec.
[INFO] Loading execution data file /home/ubuntu/TimeMachine/results/AmazeFileManager-3.4.2-#1837-rebuilt.apk.timemachine.result.emulator-5554#2026-08-17-01-00-46/ec_files/emulator-55542026-08-17-01-21-08.ec.
[INFO] Loading execution data file /home/ubuntu/TimeMachine/results/AmazeFileManager-3.4.2-#1837-rebuilt.apk.timemachine.result.emulator-5554#2026-08-17-01-00-46/ec_files/emulator-55542026-08-17-01-21-20.ec.
[INFO] Loading execution data file /home/ubuntu/TimeMachine/results/AmazeFileManager-3.4.2-#1837-rebuilt.apk.timemachine.result.emulator-5554#2026-08-17-01-00-46/ec_files/emulator-55542026-08-17-01-21-33.ec.
[INFO] Loading execution data file /home/ubuntu/TimeMachine/results/AmazeFileManager-3.4.2-#1837-rebuilt.apk.timemachine.result.emulator-5554#2026-08-17-01-00-46/ec_files/emulator-55542026-08-17-01-21-46.ec.
[INFO] Loading execution data file /home/ubuntu/TimeMachine/results/AmazeFileManager-3.4.2-#1837-rebuilt.apk.timemachine.result.emulator-5554#2026-08-17-01-00-46/ec_files/emulator-55542026-08-17-01-22-01.ec.
[INFO] Loading execution data file /home/ubuntu/TimeMachine/results/AmazeFileManager-3.4.2-#1837-rebuilt.apk.timemachine.result.emulator-5554#2026-08-17-01-00-46/ec_files/emulator-55542026-08-17-01-22-12.ec.
[INFO] Loading execution data file /home/ubuntu/TimeMachine/results/AmazeFileManager-3.4.2-#1837-rebuilt.apk.timemachine.result.emulator-5554#2026-08-17-01-00-46/ec_files/emulator-55542026-08-17-01-22-27.ec.
[INFO] Loading execution data file /home/ubuntu/TimeMachine/results/AmazeFileManager-3.4.2-#1837-rebuilt.apk.timemachine.result.emulator-5554#2026-08-17-01-00-46/ec_files/emulator-55542026-08-17-01-22-41.ec.
[INFO] Loading execution data file /home/ubuntu/TimeMachine/results/AmazeFileManager-3.4.2-#1837-rebuilt.apk.timemachine.result.emulator-5554#2026-08-17-01-00-46/ec_files/emulator-55542026-08-17-01-22-51.ec.
[INFO] Loading execution data file /home/ubuntu/TimeMachine/results/AmazeFileManager-3.4.2-#1837-rebuilt.apk.timemachine.result.emulator-5554#2026-08-17-01-00-46/ec_files/emulator-55542026-08-17-01-23-08.ec.
[INFO] Loading execution data file /home/ubuntu/TimeMachine/results/AmazeFileManager-3.4.2-#1837-rebuilt.apk.timemachine.result.emulator-5554#2026-08-17-01-00-46/ec_files/emulator-55542026-08-17-01-23-22.ec.
[INFO] Loading execution data file /home/ubuntu/TimeMachine/results/AmazeFileManager-3.4.2-#1837-rebuilt.apk.timemachine.result.emulator-5554#2026-08-17-01-00-46/ec_files/emulator-55542026-08-17-01-23-34.ec.
[INFO] Loading execution data file /home/ubuntu/TimeMachine/results/AmazeFileManager-3.4.2-#1837-rebuilt.apk.timemachine.result.emulator-5554#2026-08-17-01-00-46/ec_files/emulator-55542026-08-17-01-23-47.ec.
[INFO] Analyzing 508 classes.
   
-----------
current jacoco line coverage rate: 0.188528818647
-----------
--coverage when the new state is triggered: 0.188528818647 current jacoco line coverage rate : 0.188528818647
===================> PENALIZE STATE <=====================
deque(['-1455816557', '361894527', '1893074188', '-459881703', '1893074188', '-459881703', '-1243038535', '-307486232', '-1243038535', '-1975263574'], maxlen=10)
Frequent nodes 
[('183131266', <state_graph.State instance at 0x791e83bc0960>), ('-583182176', <state_graph.State instance at 0x791e88ebac80>), ('OOAUT', <state_graph.State instance at 0x791eaa94c230>), ('1893074188', <state_graph.State instance at 0x791e88307c80>), ('-307486232', <state_graph.State instance at 0x791e8ba52d70>)]
the portion to the top 20% most frequent states: 0.571428571429
Frequent nodes 
[('183131266', <state_graph.State instance at 0x791e83bc0960>), ('-583182176', <state_graph.State instance at 0x791e88ebac80>), ('OOAUT', <state_graph.State instance at 0x791eaa94c230>), ('1893074188', <state_graph.State instance at 0x791e88307c80>), ('-307486232', <state_graph.State instance at 0x791e8ba52d70>)]
--extracted id: -1975263574  num_controllable_widgets: 8
--event num: 1
--extracted id: -1975263574  num_controllable_widgets: 8
--event num: 2
--extracted id: -1975263574  num_controllable_widgets: 8
--event num: 3
--extracted id: -1975263574  num_controllable_widgets: 8
--event num: 4
--extracted id: -1975263574  num_controllable_widgets: 8
--event num: 5
--extracted id: -1975263574  num_controllable_widgets: 8
--event num: 6
--extracted id: 297665743  num_controllable_widgets: 11
--transiton occurs
--a new state is triggered and add 297665743 into the state graph.
get_jacoco_coverage- return code:  output: Broadcasting: Intent { act=edu.gatech.m3.emma.COLLECT_COVERAGE }
Broadcast completed: result=0
---
[COVERAGE FILE EXIST?]
coverage.ec
---
---
[VALIDATE COVERAGE FILE]$ java -jar /home/ubuntu/TimeMachine/fuzzingandroid/libs/jacococli.jar report /home/ubuntu/TimeMachine/results/AmazeFileManager-3.4.2-#1837-rebuilt.apk.timemachine.result.emulator-5554#2026-08-17-01-00-46/ec_files/emulator-55542026-08-17-01-23-58.ec  --classfiles /home/ubuntu/TimeMachine/instrumented_apps/AmazeFileManager/AmazeFileManager-#1837/app/build/intermediates/javac/fdroidDebug/classes/ --classfiles /home/ubuntu/TimeMachine/instrumented_apps/AmazeFileManager/AmazeFileManager-#1837/commons_compress_7z/build/intermediates/javac/debug/classes/ --sourcefiles /home/ubuntu/TimeMachine/instrumented_apps/AmazeFileManager/AmazeFileManager-#1837/app/src/main/java/ --sourcefiles /home/ubuntu/TimeMachine/instrumented_apps/AmazeFileManager/AmazeFileManager-#1837/commons_compress_7z/src/main/java/ &> temp
---
---
[VALIDATE MESSAGE]
---
SUCCESS: coverage file is valid!
[INFO] Loading execution data file /home/ubuntu/TimeMachine/results/AmazeFileManager-3.4.2-#1837-rebuilt.apk.timemachine.result.emulator-5554#2026-08-17-01-00-46/ec_files/emulator-55542026-08-17-01-23-58.ec.
[INFO] Analyzing 508 classes.
 /sdcard/coverage.ec: 1 file pulled, 0 skipped. 0.0 MB/s (1213 bytes in 0.047s)
 
compute_coverage-return code:  output: /home/ubuntu/TimeMachine/results/AmazeFileManager-3.4.2-#1837-rebuilt.apk.timemachine.result.emulator-5554#2026-08-17-01-00-46/ec_files/coveragetemp.ec /home/ubuntu/TimeMachine/results/AmazeFileManager-3.4.2-#1837-rebuilt.apk.timemachine.result.emulator-5554#2026-08-17-01-00-46/ec_files/emulator-55542026-08-17-01-09-02.ec /home/ubuntu/TimeMachine/results/AmazeFileManager-3.4.2-#1837-rebuilt.apk.timemachine.result.emulator-5554#2026-08-17-01-00-46/ec_files/emulator-55542026-08-17-01-09-05.ec /home/ubuntu/TimeMachine/results/AmazeFileManager-3.4.2-#1837-rebuilt.apk.timemachine.result.emulator-5554#2026-08-17-01-00-46/ec_files/emulator-55542026-08-17-01-16-12.ec /home/ubuntu/TimeMachine/results/AmazeFileManager-3.4.2-#1837-rebuilt.apk.timemachine.result.emulator-5554#2026-08-17-01-00-46/ec_files/emulator-55542026-08-17-01-16-28.ec /home/ubuntu/TimeMachine/results/AmazeFileManager-3.4.2-#1837-rebuilt.apk.timemachine.result.emulator-5554#2026-08-17-01-00-46/ec_files/emulator-55542026-08-17-01-16-41.ec /home/ubuntu/TimeMachine/results/AmazeFileManager-3.4.2-#1837-rebuilt.apk.timemachine.result.emulator-5554#2026-08-17-01-00-46/ec_files/emulator-55542026-08-17-01-16-55.ec /home/ubuntu/TimeMachine/results/AmazeFileManager-3.4.2-#1837-rebuilt.apk.timemachine.result.emulator-5554#2026-08-17-01-00-46/ec_files/emulator-55542026-08-17-01-17-06.ec /home/ubuntu/TimeMachine/results/AmazeFileManager-3.4.2-#1837-rebuilt.apk.timemachine.result.emulator-5554#2026-08-17-01-00-46/ec_files/emulator-55542026-08-17-01-17-18.ec /home/ubuntu/TimeMachine/results/AmazeFileManager-3.4.2-#1837-rebuilt.apk.timemachine.result.emulator-5554#2026-08-17-01-00-46/ec_files/emulator-55542026-08-17-01-18-42.ec /home/ubuntu/TimeMachine/results/AmazeFileManager-3.4.2-#1837-rebuilt.apk.timemachine.result.emulator-5554#2026-08-17-01-00-46/ec_files/emulator-55542026-08-17-01-19-37.ec /home/ubuntu/TimeMachine/results/AmazeFileManager-3.4.2-#1837-rebuilt.apk.timemachine.result.emulator-5554#2026-08-17-01-00-46/ec_files/emulator-55542026-08-17-01-19-48.ec /home/ubuntu/TimeMachine/results/AmazeFileManager-3.4.2-#1837-rebuilt.apk.timemachine.result.emulator-5554#2026-08-17-01-00-46/ec_files/emulator-55542026-08-17-01-20-06.ec /home/ubuntu/TimeMachine/results/AmazeFileManager-3.4.2-#1837-rebuilt.apk.timemachine.result.emulator-5554#2026-08-17-01-00-46/ec_files/emulator-55542026-08-17-01-20-22.ec /home/ubuntu/TimeMachine/results/AmazeFileManager-3.4.2-#1837-rebuilt.apk.timemachine.result.emulator-5554#2026-08-17-01-00-46/ec_files/emulator-55542026-08-17-01-20-37.ec /home/ubuntu/TimeMachine/results/AmazeFileManager-3.4.2-#1837-rebuilt.apk.timemachine.result.emulator-5554#2026-08-17-01-00-46/ec_files/emulator-55542026-08-17-01-20-50.ec /home/ubuntu/TimeMachine/results/AmazeFileManager-3.4.2-#1837-rebuilt.apk.timemachine.result.emulator-5554#2026-08-17-01-00-46/ec_files/emulator-55542026-08-17-01-21-08.ec /home/ubuntu/TimeMachine/results/AmazeFileManager-3.4.2-#1837-rebuilt.apk.timemachine.result.emulator-5554#2026-08-17-01-00-46/ec_files/emulator-55542026-08-17-01-21-20.ec /home/ubuntu/TimeMachine/results/AmazeFileManager-3.4.2-#1837-rebuilt.apk.timemachine.result.emulator-5554#2026-08-17-01-00-46/ec_files/emulator-55542026-08-17-01-21-33.ec /home/ubuntu/TimeMachine/results/AmazeFileManager-3.4.2-#1837-rebuilt.apk.timemachine.result.emulator-5554#2026-08-17-01-00-46/ec_files/emulator-55542026-08-17-01-21-46.ec /home/ubuntu/TimeMachine/results/AmazeFileManager-3.4.2-#1837-rebuilt.apk.timemachine.result.emulator-5554#2026-08-17-01-00-46/ec_files/emulator-55542026-08-17-01-22-01.ec /home/ubuntu/TimeMachine/results/AmazeFileManager-3.4.2-#1837-rebuilt.apk.timemachine.result.emulator-5554#2026-08-17-01-00-46/ec_files/emulator-55542026-08-17-01-22-12.ec /home/ubuntu/TimeMachine/results/AmazeFileManager-3.4.2-#1837-rebuilt.apk.timemachine.result.emulator-5554#2026-08-17-01-00-46/ec_files/emulator-55542026-08-17-01-22-27.ec /home/ubuntu/TimeMachine/results/AmazeFileManager-3.4.2-#1837-rebuilt.apk.timemachine.result.emulator-5554#2026-08-17-01-00-46/ec_files/emulator-55542026-08-17-01-22-41.ec /home/ubuntu/TimeMachine/results/AmazeFileManager-3.4.2-#1837-rebuilt.apk.timemachine.result.emulator-5554#2026-08-17-01-00-46/ec_files/emulator-55542026-08-17-01-22-51.ec /home/ubuntu/TimeMachine/results/AmazeFileManager-3.4.2-#1837-rebuilt.apk.timemachine.result.emulator-5554#2026-08-17-01-00-46/ec_files/emulator-55542026-08-17-01-23-08.ec /home/ubuntu/TimeMachine/results/AmazeFileManager-3.4.2-#1837-rebuilt.apk.timemachine.result.emulator-5554#2026-08-17-01-00-46/ec_files/emulator-55542026-08-17-01-23-22.ec /home/ubuntu/TimeMachine/results/AmazeFileManager-3.4.2-#1837-rebuilt.apk.timemachine.result.emulator-5554#2026-08-17-01-00-46/ec_files/emulator-55542026-08-17-01-23-34.ec /home/ubuntu/TimeMachine/results/AmazeFileManager-3.4.2-#1837-rebuilt.apk.timemachine.result.emulator-5554#2026-08-17-01-00-46/ec_files/emulator-55542026-08-17-01-23-47.ec /home/ubuntu/TimeMachine/results/AmazeFileManager-3.4.2-#1837-rebuilt.apk.timemachine.result.emulator-5554#2026-08-17-01-00-46/ec_files/emulator-55542026-08-17-01-23-58.ec
[INFO] Loading execution data file /home/ubuntu/TimeMachine/results/AmazeFileManager-3.4.2-#1837-rebuilt.apk.timemachine.result.emulator-5554#2026-08-17-01-00-46/ec_files/coveragetemp.ec.
[INFO] Loading execution data file /home/ubuntu/TimeMachine/results/AmazeFileManager-3.4.2-#1837-rebuilt.apk.timemachine.result.emulator-5554#2026-08-17-01-00-46/ec_files/emulator-55542026-08-17-01-09-02.ec.
[INFO] Loading execution data file /home/ubuntu/TimeMachine/results/AmazeFileManager-3.4.2-#1837-rebuilt.apk.timemachine.result.emulator-5554#2026-08-17-01-00-46/ec_files/emulator-55542026-08-17-01-09-05.ec.
[INFO] Loading execution data file /home/ubuntu/TimeMachine/results/AmazeFileManager-3.4.2-#1837-rebuilt.apk.timemachine.result.emulator-5554#2026-08-17-01-00-46/ec_files/emulator-55542026-08-17-01-16-12.ec.
[INFO] Loading execution data file /home/ubuntu/TimeMachine/results/AmazeFileManager-3.4.2-#1837-rebuilt.apk.timemachine.result.emulator-5554#2026-08-17-01-00-46/ec_files/emulator-55542026-08-17-01-16-28.ec.
[INFO] Loading execution data file /home/ubuntu/TimeMachine/results/AmazeFileManager-3.4.2-#1837-rebuilt.apk.timemachine.result.emulator-5554#2026-08-17-01-00-46/ec_files/emulator-55542026-08-17-01-16-41.ec.
[INFO] Loading execution data file /home/ubuntu/TimeMachine/results/AmazeFileManager-3.4.2-#1837-rebuilt.apk.timemachine.result.emulator-5554#2026-08-17-01-00-46/ec_files/emulator-55542026-08-17-01-16-55.ec.
[INFO] Loading execution data file /home/ubuntu/TimeMachine/results/AmazeFileManager-3.4.2-#1837-rebuilt.apk.timemachine.result.emulator-5554#2026-08-17-01-00-46/ec_files/emulator-55542026-08-17-01-17-06.ec.
[INFO] Loading execution data file /home/ubuntu/TimeMachine/results/AmazeFileManager-3.4.2-#1837-rebuilt.apk.timemachine.result.emulator-5554#2026-08-17-01-00-46/ec_files/emulator-55542026-08-17-01-17-18.ec.
[INFO] Loading execution data file /home/ubuntu/TimeMachine/results/AmazeFileManager-3.4.2-#1837-rebuilt.apk.timemachine.result.emulator-5554#2026-08-17-01-00-46/ec_files/emulator-55542026-08-17-01-18-42.ec.
[INFO] Loading execution data file /home/ubuntu/TimeMachine/results/AmazeFileManager-3.4.2-#1837-rebuilt.apk.timemachine.result.emulator-5554#2026-08-17-01-00-46/ec_files/emulator-55542026-08-17-01-19-37.ec.
[INFO] Loading execution data file /home/ubuntu/TimeMachine/results/AmazeFileManager-3.4.2-#1837-rebuilt.apk.timemachine.result.emulator-5554#2026-08-17-01-00-46/ec_files/emulator-55542026-08-17-01-19-48.ec.
[INFO] Loading execution data file /home/ubuntu/TimeMachine/results/AmazeFileManager-3.4.2-#1837-rebuilt.apk.timemachine.result.emulator-5554#2026-08-17-01-00-46/ec_files/emulator-55542026-08-17-01-20-06.ec.
[INFO] Loading execution data file /home/ubuntu/TimeMachine/results/AmazeFileManager-3.4.2-#1837-rebuilt.apk.timemachine.result.emulator-5554#2026-08-17-01-00-46/ec_files/emulator-55542026-08-17-01-20-22.ec.
[INFO] Loading execution data file /home/ubuntu/TimeMachine/results/AmazeFileManager-3.4.2-#1837-rebuilt.apk.timemachine.result.emulator-5554#2026-08-17-01-00-46/ec_files/emulator-55542026-08-17-01-20-37.ec.
[INFO] Loading execution data file /home/ubuntu/TimeMachine/results/AmazeFileManager-3.4.2-#1837-rebuilt.apk.timemachine.result.emulator-5554#2026-08-17-01-00-46/ec_files/emulator-55542026-08-17-01-20-50.ec.
[INFO] Loading execution data file /home/ubuntu/TimeMachine/results/AmazeFileManager-3.4.2-#1837-rebuilt.apk.timemachine.result.emulator-5554#2026-08-17-01-00-46/ec_files/emulator-55542026-08-17-01-21-08.ec.
[INFO] Loading execution data file /home/ubuntu/TimeMachine/results/AmazeFileManager-3.4.2-#1837-rebuilt.apk.timemachine.result.emulator-5554#2026-08-17-01-00-46/ec_files/emulator-55542026-08-17-01-21-20.ec.
[INFO] Loading execution data file /home/ubuntu/TimeMachine/results/AmazeFileManager-3.4.2-#1837-rebuilt.apk.timemachine.result.emulator-5554#2026-08-17-01-00-46/ec_files/emulator-55542026-08-17-01-21-33.ec.
[INFO] Loading execution data file /home/ubuntu/TimeMachine/results/AmazeFileManager-3.4.2-#1837-rebuilt.apk.timemachine.result.emulator-5554#2026-08-17-01-00-46/ec_files/emulator-55542026-08-17-01-21-46.ec.
[INFO] Loading execution data file /home/ubuntu/TimeMachine/results/AmazeFileManager-3.4.2-#1837-rebuilt.apk.timemachine.result.emulator-5554#2026-08-17-01-00-46/ec_files/emulator-55542026-08-17-01-22-01.ec.
[INFO] Loading execution data file /home/ubuntu/TimeMachine/results/AmazeFileManager-3.4.2-#1837-rebuilt.apk.timemachine.result.emulator-5554#2026-08-17-01-00-46/ec_files/emulator-55542026-08-17-01-22-12.ec.
[INFO] Loading execution data file /home/ubuntu/TimeMachine/results/AmazeFileManager-3.4.2-#1837-rebuilt.apk.timemachine.result.emulator-5554#2026-08-17-01-00-46/ec_files/emulator-55542026-08-17-01-22-27.ec.
[INFO] Loading execution data file /home/ubuntu/TimeMachine/results/AmazeFileManager-3.4.2-#1837-rebuilt.apk.timemachine.result.emulator-5554#2026-08-17-01-00-46/ec_files/emulator-55542026-08-17-01-22-41.ec.
[INFO] Loading execution data file /home/ubuntu/TimeMachine/results/AmazeFileManager-3.4.2-#1837-rebuilt.apk.timemachine.result.emulator-5554#2026-08-17-01-00-46/ec_files/emulator-55542026-08-17-01-22-51.ec.
[INFO] Loading execution data file /home/ubuntu/TimeMachine/results/AmazeFileManager-3.4.2-#1837-rebuilt.apk.timemachine.result.emulator-5554#2026-08-17-01-00-46/ec_files/emulator-55542026-08-17-01-23-08.ec.
[INFO] Loading execution data file /home/ubuntu/TimeMachine/results/AmazeFileManager-3.4.2-#1837-rebuilt.apk.timemachine.result.emulator-5554#2026-08-17-01-00-46/ec_files/emulator-55542026-08-17-01-23-22.ec.
[INFO] Loading execution data file /home/ubuntu/TimeMachine/results/AmazeFileManager-3.4.2-#1837-rebuilt.apk.timemachine.result.emulator-5554#2026-08-17-01-00-46/ec_files/emulator-55542026-08-17-01-23-34.ec.
[INFO] Loading execution data file /home/ubuntu/TimeMachine/results/AmazeFileManager-3.4.2-#1837-rebuilt.apk.timemachine.result.emulator-5554#2026-08-17-01-00-46/ec_files/emulator-55542026-08-17-01-23-47.ec.
[INFO] Loading execution data file /home/ubuntu/TimeMachine/results/AmazeFileManager-3.4.2-#1837-rebuilt.apk.timemachine.result.emulator-5554#2026-08-17-01-00-46/ec_files/emulator-55542026-08-17-01-23-58.ec.
[INFO] Analyzing 508 classes.
   
-----------
current jacoco line coverage rate: 0.188528818647
-----------
--coverage when the new state is triggered: 0.188528818647 current jacoco line coverage rate : 0.188528818647
===================> PENALIZE STATE <=====================
deque(['361894527', '1893074188', '-459881703', '1893074188', '-459881703', '-1243038535', '-307486232', '-1243038535', '-1975263574', '297665743'], maxlen=10)
Frequent nodes 
[('183131266', <state_graph.State instance at 0x791e83bc0960>), ('-583182176', <state_graph.State instance at 0x791e88ebac80>), ('OOAUT', <state_graph.State instance at 0x791eaa94c230>), ('1893074188', <state_graph.State instance at 0x791e88307c80>), ('-307486232', <state_graph.State instance at 0x791e8ba52d70>)]
the portion to the top 20% most frequent states: 0.571428571429
Frequent nodes 
[('183131266', <state_graph.State instance at 0x791e83bc0960>), ('-583182176', <state_graph.State instance at 0x791e88ebac80>), ('OOAUT', <state_graph.State instance at 0x791eaa94c230>), ('1893074188', <state_graph.State instance at 0x791e88307c80>), ('-307486232', <state_graph.State instance at 0x791e8ba52d70>)]
--extracted id: 297665743  num_controllable_widgets: 11
--event num: 1
--extracted id: 1110022260  num_controllable_widgets: 8
--transiton occurs
--a new state is triggered and add 1110022260 into the state graph.
get_jacoco_coverage- return code:  output: Broadcasting: Intent { act=edu.gatech.m3.emma.COLLECT_COVERAGE }
Broadcast completed: result=0
---
[COVERAGE FILE EXIST?]
coverage.ec
---
---
[VALIDATE COVERAGE FILE]$ java -jar /home/ubuntu/TimeMachine/fuzzingandroid/libs/jacococli.jar report /home/ubuntu/TimeMachine/results/AmazeFileManager-3.4.2-#1837-rebuilt.apk.timemachine.result.emulator-5554#2026-08-17-01-00-46/ec_files/emulator-55542026-08-17-01-24-09.ec  --classfiles /home/ubuntu/TimeMachine/instrumented_apps/AmazeFileManager/AmazeFileManager-#1837/app/build/intermediates/javac/fdroidDebug/classes/ --classfiles /home/ubuntu/TimeMachine/instrumented_apps/AmazeFileManager/AmazeFileManager-#1837/commons_compress_7z/build/intermediates/javac/debug/classes/ --sourcefiles /home/ubuntu/TimeMachine/instrumented_apps/AmazeFileManager/AmazeFileManager-#1837/app/src/main/java/ --sourcefiles /home/ubuntu/TimeMachine/instrumented_apps/AmazeFileManager/AmazeFileManager-#1837/commons_compress_7z/src/main/java/ &> temp
---
---
[VALIDATE MESSAGE]
---
SUCCESS: coverage file is valid!
[INFO] Loading execution data file /home/ubuntu/TimeMachine/results/AmazeFileManager-3.4.2-#1837-rebuilt.apk.timemachine.result.emulator-5554#2026-08-17-01-00-46/ec_files/emulator-55542026-08-17-01-24-09.ec.
[INFO] Analyzing 508 classes.
 /sdcard/coverage.ec: 1 file pulled, 0 skipped. 0.1 MB/s (4064 bytes in 0.046s)
 
compute_coverage-return code:  output: /home/ubuntu/TimeMachine/results/AmazeFileManager-3.4.2-#1837-rebuilt.apk.timemachine.result.emulator-5554#2026-08-17-01-00-46/ec_files/coveragetemp.ec /home/ubuntu/TimeMachine/results/AmazeFileManager-3.4.2-#1837-rebuilt.apk.timemachine.result.emulator-5554#2026-08-17-01-00-46/ec_files/emulator-55542026-08-17-01-09-02.ec /home/ubuntu/TimeMachine/results/AmazeFileManager-3.4.2-#1837-rebuilt.apk.timemachine.result.emulator-5554#2026-08-17-01-00-46/ec_files/emulator-55542026-08-17-01-09-05.ec /home/ubuntu/TimeMachine/results/AmazeFileManager-3.4.2-#1837-rebuilt.apk.timemachine.result.emulator-5554#2026-08-17-01-00-46/ec_files/emulator-55542026-08-17-01-16-12.ec /home/ubuntu/TimeMachine/results/AmazeFileManager-3.4.2-#1837-rebuilt.apk.timemachine.result.emulator-5554#2026-08-17-01-00-46/ec_files/emulator-55542026-08-17-01-16-28.ec /home/ubuntu/TimeMachine/results/AmazeFileManager-3.4.2-#1837-rebuilt.apk.timemachine.result.emulator-5554#2026-08-17-01-00-46/ec_files/emulator-55542026-08-17-01-16-41.ec /home/ubuntu/TimeMachine/results/AmazeFileManager-3.4.2-#1837-rebuilt.apk.timemachine.result.emulator-5554#2026-08-17-01-00-46/ec_files/emulator-55542026-08-17-01-16-55.ec /home/ubuntu/TimeMachine/results/AmazeFileManager-3.4.2-#1837-rebuilt.apk.timemachine.result.emulator-5554#2026-08-17-01-00-46/ec_files/emulator-55542026-08-17-01-17-06.ec /home/ubuntu/TimeMachine/results/AmazeFileManager-3.4.2-#1837-rebuilt.apk.timemachine.result.emulator-5554#2026-08-17-01-00-46/ec_files/emulator-55542026-08-17-01-17-18.ec /home/ubuntu/TimeMachine/results/AmazeFileManager-3.4.2-#1837-rebuilt.apk.timemachine.result.emulator-5554#2026-08-17-01-00-46/ec_files/emulator-55542026-08-17-01-18-42.ec /home/ubuntu/TimeMachine/results/AmazeFileManager-3.4.2-#1837-rebuilt.apk.timemachine.result.emulator-5554#2026-08-17-01-00-46/ec_files/emulator-55542026-08-17-01-19-37.ec /home/ubuntu/TimeMachine/results/AmazeFileManager-3.4.2-#1837-rebuilt.apk.timemachine.result.emulator-5554#2026-08-17-01-00-46/ec_files/emulator-55542026-08-17-01-19-48.ec /home/ubuntu/TimeMachine/results/AmazeFileManager-3.4.2-#1837-rebuilt.apk.timemachine.result.emulator-5554#2026-08-17-01-00-46/ec_files/emulator-55542026-08-17-01-20-06.ec /home/ubuntu/TimeMachine/results/AmazeFileManager-3.4.2-#1837-rebuilt.apk.timemachine.result.emulator-5554#2026-08-17-01-00-46/ec_files/emulator-55542026-08-17-01-20-22.ec /home/ubuntu/TimeMachine/results/AmazeFileManager-3.4.2-#1837-rebuilt.apk.timemachine.result.emulator-5554#2026-08-17-01-00-46/ec_files/emulator-55542026-08-17-01-20-37.ec /home/ubuntu/TimeMachine/results/AmazeFileManager-3.4.2-#1837-rebuilt.apk.timemachine.result.emulator-5554#2026-08-17-01-00-46/ec_files/emulator-55542026-08-17-01-20-50.ec /home/ubuntu/TimeMachine/results/AmazeFileManager-3.4.2-#1837-rebuilt.apk.timemachine.result.emulator-5554#2026-08-17-01-00-46/ec_files/emulator-55542026-08-17-01-21-08.ec /home/ubuntu/TimeMachine/results/AmazeFileManager-3.4.2-#1837-rebuilt.apk.timemachine.result.emulator-5554#2026-08-17-01-00-46/ec_files/emulator-55542026-08-17-01-21-20.ec /home/ubuntu/TimeMachine/results/AmazeFileManager-3.4.2-#1837-rebuilt.apk.timemachine.result.emulator-5554#2026-08-17-01-00-46/ec_files/emulator-55542026-08-17-01-21-33.ec /home/ubuntu/TimeMachine/results/AmazeFileManager-3.4.2-#1837-rebuilt.apk.timemachine.result.emulator-5554#2026-08-17-01-00-46/ec_files/emulator-55542026-08-17-01-21-46.ec /home/ubuntu/TimeMachine/results/AmazeFileManager-3.4.2-#1837-rebuilt.apk.timemachine.result.emulator-5554#2026-08-17-01-00-46/ec_files/emulator-55542026-08-17-01-22-01.ec /home/ubuntu/TimeMachine/results/AmazeFileManager-3.4.2-#1837-rebuilt.apk.timemachine.result.emulator-5554#2026-08-17-01-00-46/ec_files/emulator-55542026-08-17-01-22-12.ec /home/ubuntu/TimeMachine/results/AmazeFileManager-3.4.2-#1837-rebuilt.apk.timemachine.result.emulator-5554#2026-08-17-01-00-46/ec_files/emulator-55542026-08-17-01-22-27.ec /home/ubuntu/TimeMachine/results/AmazeFileManager-3.4.2-#1837-rebuilt.apk.timemachine.result.emulator-5554#2026-08-17-01-00-46/ec_files/emulator-55542026-08-17-01-22-41.ec /home/ubuntu/TimeMachine/results/AmazeFileManager-3.4.2-#1837-rebuilt.apk.timemachine.result.emulator-5554#2026-08-17-01-00-46/ec_files/emulator-55542026-08-17-01-22-51.ec /home/ubuntu/TimeMachine/results/AmazeFileManager-3.4.2-#1837-rebuilt.apk.timemachine.result.emulator-5554#2026-08-17-01-00-46/ec_files/emulator-55542026-08-17-01-23-08.ec /home/ubuntu/TimeMachine/results/AmazeFileManager-3.4.2-#1837-rebuilt.apk.timemachine.result.emulator-5554#2026-08-17-01-00-46/ec_files/emulator-55542026-08-17-01-23-22.ec /home/ubuntu/TimeMachine/results/AmazeFileManager-3.4.2-#1837-rebuilt.apk.timemachine.result.emulator-5554#2026-08-17-01-00-46/ec_files/emulator-55542026-08-17-01-23-34.ec /home/ubuntu/TimeMachine/results/AmazeFileManager-3.4.2-#1837-rebuilt.apk.timemachine.result.emulator-5554#2026-08-17-01-00-46/ec_files/emulator-55542026-08-17-01-23-47.ec /home/ubuntu/TimeMachine/results/AmazeFileManager-3.4.2-#1837-rebuilt.apk.timemachine.result.emulator-5554#2026-08-17-01-00-46/ec_files/emulator-55542026-08-17-01-23-58.ec /home/ubuntu/TimeMachine/results/AmazeFileManager-3.4.2-#1837-rebuilt.apk.timemachine.result.emulator-5554#2026-08-17-01-00-46/ec_files/emulator-55542026-08-17-01-24-09.ec
[INFO] Loading execution data file /home/ubuntu/TimeMachine/results/AmazeFileManager-3.4.2-#1837-rebuilt.apk.timemachine.result.emulator-5554#2026-08-17-01-00-46/ec_files/coveragetemp.ec.
[INFO] Loading execution data file /home/ubuntu/TimeMachine/results/AmazeFileManager-3.4.2-#1837-rebuilt.apk.timemachine.result.emulator-5554#2026-08-17-01-00-46/ec_files/emulator-55542026-08-17-01-09-02.ec.
[INFO] Loading execution data file /home/ubuntu/TimeMachine/results/AmazeFileManager-3.4.2-#1837-rebuilt.apk.timemachine.result.emulator-5554#2026-08-17-01-00-46/ec_files/emulator-55542026-08-17-01-09-05.ec.
[INFO] Loading execution data file /home/ubuntu/TimeMachine/results/AmazeFileManager-3.4.2-#1837-rebuilt.apk.timemachine.result.emulator-5554#2026-08-17-01-00-46/ec_files/emulator-55542026-08-17-01-16-12.ec.
[INFO] Loading execution data file /home/ubuntu/TimeMachine/results/AmazeFileManager-3.4.2-#1837-rebuilt.apk.timemachine.result.emulator-5554#2026-08-17-01-00-46/ec_files/emulator-55542026-08-17-01-16-28.ec.
[INFO] Loading execution data file /home/ubuntu/TimeMachine/results/AmazeFileManager-3.4.2-#1837-rebuilt.apk.timemachine.result.emulator-5554#2026-08-17-01-00-46/ec_files/emulator-55542026-08-17-01-16-41.ec.
[INFO] Loading execution data file /home/ubuntu/TimeMachine/results/AmazeFileManager-3.4.2-#1837-rebuilt.apk.timemachine.result.emulator-5554#2026-08-17-01-00-46/ec_files/emulator-55542026-08-17-01-16-55.ec.
[INFO] Loading execution data file /home/ubuntu/TimeMachine/results/AmazeFileManager-3.4.2-#1837-rebuilt.apk.timemachine.result.emulator-5554#2026-08-17-01-00-46/ec_files/emulator-55542026-08-17-01-17-06.ec.
[INFO] Loading execution data file /home/ubuntu/TimeMachine/results/AmazeFileManager-3.4.2-#1837-rebuilt.apk.timemachine.result.emulator-5554#2026-08-17-01-00-46/ec_files/emulator-55542026-08-17-01-17-18.ec.
[INFO] Loading execution data file /home/ubuntu/TimeMachine/results/AmazeFileManager-3.4.2-#1837-rebuilt.apk.timemachine.result.emulator-5554#2026-08-17-01-00-46/ec_files/emulator-55542026-08-17-01-18-42.ec.
[INFO] Loading execution data file /home/ubuntu/TimeMachine/results/AmazeFileManager-3.4.2-#1837-rebuilt.apk.timemachine.result.emulator-5554#2026-08-17-01-00-46/ec_files/emulator-55542026-08-17-01-19-37.ec.
[INFO] Loading execution data file /home/ubuntu/TimeMachine/results/AmazeFileManager-3.4.2-#1837-rebuilt.apk.timemachine.result.emulator-5554#2026-08-17-01-00-46/ec_files/emulator-55542026-08-17-01-19-48.ec.
[INFO] Loading execution data file /home/ubuntu/TimeMachine/results/AmazeFileManager-3.4.2-#1837-rebuilt.apk.timemachine.result.emulator-5554#2026-08-17-01-00-46/ec_files/emulator-55542026-08-17-01-20-06.ec.
[INFO] Loading execution data file /home/ubuntu/TimeMachine/results/AmazeFileManager-3.4.2-#1837-rebuilt.apk.timemachine.result.emulator-5554#2026-08-17-01-00-46/ec_files/emulator-55542026-08-17-01-20-22.ec.
[INFO] Loading execution data file /home/ubuntu/TimeMachine/results/AmazeFileManager-3.4.2-#1837-rebuilt.apk.timemachine.result.emulator-5554#2026-08-17-01-00-46/ec_files/emulator-55542026-08-17-01-20-37.ec.
[INFO] Loading execution data file /home/ubuntu/TimeMachine/results/AmazeFileManager-3.4.2-#1837-rebuilt.apk.timemachine.result.emulator-5554#2026-08-17-01-00-46/ec_files/emulator-55542026-08-17-01-20-50.ec.
[INFO] Loading execution data file /home/ubuntu/TimeMachine/results/AmazeFileManager-3.4.2-#1837-rebuilt.apk.timemachine.result.emulator-5554#2026-08-17-01-00-46/ec_files/emulator-55542026-08-17-01-21-08.ec.
[INFO] Loading execution data file /home/ubuntu/TimeMachine/results/AmazeFileManager-3.4.2-#1837-rebuilt.apk.timemachine.result.emulator-5554#2026-08-17-01-00-46/ec_files/emulator-55542026-08-17-01-21-20.ec.
[INFO] Loading execution data file /home/ubuntu/TimeMachine/results/AmazeFileManager-3.4.2-#1837-rebuilt.apk.timemachine.result.emulator-5554#2026-08-17-01-00-46/ec_files/emulator-55542026-08-17-01-21-33.ec.
[INFO] Loading execution data file /home/ubuntu/TimeMachine/results/AmazeFileManager-3.4.2-#1837-rebuilt.apk.timemachine.result.emulator-5554#2026-08-17-01-00-46/ec_files/emulator-55542026-08-17-01-21-46.ec.
[INFO] Loading execution data file /home/ubuntu/TimeMachine/results/AmazeFileManager-3.4.2-#1837-rebuilt.apk.timemachine.result.emulator-5554#2026-08-17-01-00-46/ec_files/emulator-55542026-08-17-01-22-01.ec.
[INFO] Loading execution data file /home/ubuntu/TimeMachine/results/AmazeFileManager-3.4.2-#1837-rebuilt.apk.timemachine.result.emulator-5554#2026-08-17-01-00-46/ec_files/emulator-55542026-08-17-01-22-12.ec.
[INFO] Loading execution data file /home/ubuntu/TimeMachine/results/AmazeFileManager-3.4.2-#1837-rebuilt.apk.timemachine.result.emulator-5554#2026-08-17-01-00-46/ec_files/emulator-55542026-08-17-01-22-27.ec.
[INFO] Loading execution data file /home/ubuntu/TimeMachine/results/AmazeFileManager-3.4.2-#1837-rebuilt.apk.timemachine.result.emulator-5554#2026-08-17-01-00-46/ec_files/emulator-55542026-08-17-01-22-41.ec.
[INFO] Loading execution data file /home/ubuntu/TimeMachine/results/AmazeFileManager-3.4.2-#1837-rebuilt.apk.timemachine.result.emulator-5554#2026-08-17-01-00-46/ec_files/emulator-55542026-08-17-01-22-51.ec.
[INFO] Loading execution data file /home/ubuntu/TimeMachine/results/AmazeFileManager-3.4.2-#1837-rebuilt.apk.timemachine.result.emulator-5554#2026-08-17-01-00-46/ec_files/emulator-55542026-08-17-01-23-08.ec.
[INFO] Loading execution data file /home/ubuntu/TimeMachine/results/AmazeFileManager-3.4.2-#1837-rebuilt.apk.timemachine.result.emulator-5554#2026-08-17-01-00-46/ec_files/emulator-55542026-08-17-01-23-22.ec.
[INFO] Loading execution data file /home/ubuntu/TimeMachine/results/AmazeFileManager-3.4.2-#1837-rebuilt.apk.timemachine.result.emulator-5554#2026-08-17-01-00-46/ec_files/emulator-55542026-08-17-01-23-34.ec.
[INFO] Loading execution data file /home/ubuntu/TimeMachine/results/AmazeFileManager-3.4.2-#1837-rebuilt.apk.timemachine.result.emulator-5554#2026-08-17-01-00-46/ec_files/emulator-55542026-08-17-01-23-47.ec.
[INFO] Loading execution data file /home/ubuntu/TimeMachine/results/AmazeFileManager-3.4.2-#1837-rebuilt.apk.timemachine.result.emulator-5554#2026-08-17-01-00-46/ec_files/emulator-55542026-08-17-01-23-58.ec.
[INFO] Loading execution data file /home/ubuntu/TimeMachine/results/AmazeFileManager-3.4.2-#1837-rebuilt.apk.timemachine.result.emulator-5554#2026-08-17-01-00-46/ec_files/emulator-55542026-08-17-01-24-09.ec.
[INFO] Analyzing 508 classes.
   
-----------
current jacoco line coverage rate: 0.190733011302
-----------
--coverage when the new state is triggered: 0.190733011302 current jacoco line coverage rate : 0.188528818647
===================> REWARD STATE <=====================
===================> REWARD STATE <=====================
--taking snapshot...
deque(['1893074188', '-459881703', '1893074188', '-459881703', '-1243038535', '-307486232', '-1243038535', '-1975263574', '297665743', '1110022260'], maxlen=10)
Frequent nodes 
[('183131266', <state_graph.State instance at 0x791e83bc0960>), ('-583182176', <state_graph.State instance at 0x791e88ebac80>), ('OOAUT', <state_graph.State instance at 0x791eaa94c230>), ('1893074188', <state_graph.State instance at 0x791e88307c80>), ('-307486232', <state_graph.State instance at 0x791e8ba52d70>), ('-1433637423', <state_graph.State instance at 0x791e88132e10>)]
the portion to the top 20% most frequent states: 0.571428571429
Frequent nodes 
[('183131266', <state_graph.State instance at 0x791e83bc0960>), ('-583182176', <state_graph.State instance at 0x791e88ebac80>), ('OOAUT', <state_graph.State instance at 0x791eaa94c230>), ('1893074188', <state_graph.State instance at 0x791e88307c80>), ('-307486232', <state_graph.State instance at 0x791e8ba52d70>), ('-1433637423', <state_graph.State instance at 0x791e88132e10>)]
--extracted id: 1110022260  num_controllable_widgets: 8
--event num: 1
--extracted id: 1110022260  num_controllable_widgets: 8
--event num: 2
--extracted id: 1110022260  num_controllable_widgets: 8
--event num: 3
--extracted id: 1110022260  num_controllable_widgets: 8
--event num: 4
--extracted id: 1110022260  num_controllable_widgets: 8
--event num: 5
--extracted id: 1110022260  num_controllable_widgets: 8
--event num: 6
--extracted id: 1110022260  num_controllable_widgets: 8
--event num: 7
--extracted id: 1110022260  num_controllable_widgets: 8
--event num: 8
--extracted id: 566434814  num_controllable_widgets: 9
--transiton occurs
--a new state is triggered and add 566434814 into the state graph.
get_jacoco_coverage- return code:  output: Broadcasting: Intent { act=edu.gatech.m3.emma.COLLECT_COVERAGE }
Broadcast completed: result=0
---
[COVERAGE FILE EXIST?]
coverage.ec
---
---
[VALIDATE COVERAGE FILE]$ java -jar /home/ubuntu/TimeMachine/fuzzingandroid/libs/jacococli.jar report /home/ubuntu/TimeMachine/results/AmazeFileManager-3.4.2-#1837-rebuilt.apk.timemachine.result.emulator-5554#2026-08-17-01-00-46/ec_files/emulator-55542026-08-17-01-24-28.ec  --classfiles /home/ubuntu/TimeMachine/instrumented_apps/AmazeFileManager/AmazeFileManager-#1837/app/build/intermediates/javac/fdroidDebug/classes/ --classfiles /home/ubuntu/TimeMachine/instrumented_apps/AmazeFileManager/AmazeFileManager-#1837/commons_compress_7z/build/intermediates/javac/debug/classes/ --sourcefiles /home/ubuntu/TimeMachine/instrumented_apps/AmazeFileManager/AmazeFileManager-#1837/app/src/main/java/ --sourcefiles /home/ubuntu/TimeMachine/instrumented_apps/AmazeFileManager/AmazeFileManager-#1837/commons_compress_7z/src/main/java/ &> temp
---
---
[VALIDATE MESSAGE]
---
SUCCESS: coverage file is valid!
[INFO] Loading execution data file /home/ubuntu/TimeMachine/results/AmazeFileManager-3.4.2-#1837-rebuilt.apk.timemachine.result.emulator-5554#2026-08-17-01-00-46/ec_files/emulator-55542026-08-17-01-24-28.ec.
[INFO] Analyzing 508 classes.
 /sdcard/coverage.ec: 1 file pulled, 0 skipped. 0.0 MB/s (2505 bytes in 0.049s)
 
compute_coverage-return code:  output: /home/ubuntu/TimeMachine/results/AmazeFileManager-3.4.2-#1837-rebuilt.apk.timemachine.result.emulator-5554#2026-08-17-01-00-46/ec_files/coveragetemp.ec /home/ubuntu/TimeMachine/results/AmazeFileManager-3.4.2-#1837-rebuilt.apk.timemachine.result.emulator-5554#2026-08-17-01-00-46/ec_files/emulator-55542026-08-17-01-09-02.ec /home/ubuntu/TimeMachine/results/AmazeFileManager-3.4.2-#1837-rebuilt.apk.timemachine.result.emulator-5554#2026-08-17-01-00-46/ec_files/emulator-55542026-08-17-01-09-05.ec /home/ubuntu/TimeMachine/results/AmazeFileManager-3.4.2-#1837-rebuilt.apk.timemachine.result.emulator-5554#2026-08-17-01-00-46/ec_files/emulator-55542026-08-17-01-16-12.ec /home/ubuntu/TimeMachine/results/AmazeFileManager-3.4.2-#1837-rebuilt.apk.timemachine.result.emulator-5554#2026-08-17-01-00-46/ec_files/emulator-55542026-08-17-01-16-28.ec /home/ubuntu/TimeMachine/results/AmazeFileManager-3.4.2-#1837-rebuilt.apk.timemachine.result.emulator-5554#2026-08-17-01-00-46/ec_files/emulator-55542026-08-17-01-16-41.ec /home/ubuntu/TimeMachine/results/AmazeFileManager-3.4.2-#1837-rebuilt.apk.timemachine.result.emulator-5554#2026-08-17-01-00-46/ec_files/emulator-55542026-08-17-01-16-55.ec /home/ubuntu/TimeMachine/results/AmazeFileManager-3.4.2-#1837-rebuilt.apk.timemachine.result.emulator-5554#2026-08-17-01-00-46/ec_files/emulator-55542026-08-17-01-17-06.ec /home/ubuntu/TimeMachine/results/AmazeFileManager-3.4.2-#1837-rebuilt.apk.timemachine.result.emulator-5554#2026-08-17-01-00-46/ec_files/emulator-55542026-08-17-01-17-18.ec /home/ubuntu/TimeMachine/results/AmazeFileManager-3.4.2-#1837-rebuilt.apk.timemachine.result.emulator-5554#2026-08-17-01-00-46/ec_files/emulator-55542026-08-17-01-18-42.ec /home/ubuntu/TimeMachine/results/AmazeFileManager-3.4.2-#1837-rebuilt.apk.timemachine.result.emulator-5554#2026-08-17-01-00-46/ec_files/emulator-55542026-08-17-01-19-37.ec /home/ubuntu/TimeMachine/results/AmazeFileManager-3.4.2-#1837-rebuilt.apk.timemachine.result.emulator-5554#2026-08-17-01-00-46/ec_files/emulator-55542026-08-17-01-19-48.ec /home/ubuntu/TimeMachine/results/AmazeFileManager-3.4.2-#1837-rebuilt.apk.timemachine.result.emulator-5554#2026-08-17-01-00-46/ec_files/emulator-55542026-08-17-01-20-06.ec /home/ubuntu/TimeMachine/results/AmazeFileManager-3.4.2-#1837-rebuilt.apk.timemachine.result.emulator-5554#2026-08-17-01-00-46/ec_files/emulator-55542026-08-17-01-20-22.ec /home/ubuntu/TimeMachine/results/AmazeFileManager-3.4.2-#1837-rebuilt.apk.timemachine.result.emulator-5554#2026-08-17-01-00-46/ec_files/emulator-55542026-08-17-01-20-37.ec /home/ubuntu/TimeMachine/results/AmazeFileManager-3.4.2-#1837-rebuilt.apk.timemachine.result.emulator-5554#2026-08-17-01-00-46/ec_files/emulator-55542026-08-17-01-20-50.ec /home/ubuntu/TimeMachine/results/AmazeFileManager-3.4.2-#1837-rebuilt.apk.timemachine.result.emulator-5554#2026-08-17-01-00-46/ec_files/emulator-55542026-08-17-01-21-08.ec /home/ubuntu/TimeMachine/results/AmazeFileManager-3.4.2-#1837-rebuilt.apk.timemachine.result.emulator-5554#2026-08-17-01-00-46/ec_files/emulator-55542026-08-17-01-21-20.ec /home/ubuntu/TimeMachine/results/AmazeFileManager-3.4.2-#1837-rebuilt.apk.timemachine.result.emulator-5554#2026-08-17-01-00-46/ec_files/emulator-55542026-08-17-01-21-33.ec /home/ubuntu/TimeMachine/results/AmazeFileManager-3.4.2-#1837-rebuilt.apk.timemachine.result.emulator-5554#2026-08-17-01-00-46/ec_files/emulator-55542026-08-17-01-21-46.ec /home/ubuntu/TimeMachine/results/AmazeFileManager-3.4.2-#1837-rebuilt.apk.timemachine.result.emulator-5554#2026-08-17-01-00-46/ec_files/emulator-55542026-08-17-01-22-01.ec /home/ubuntu/TimeMachine/results/AmazeFileManager-3.4.2-#1837-rebuilt.apk.timemachine.result.emulator-5554#2026-08-17-01-00-46/ec_files/emulator-55542026-08-17-01-22-12.ec /home/ubuntu/TimeMachine/results/AmazeFileManager-3.4.2-#1837-rebuilt.apk.timemachine.result.emulator-5554#2026-08-17-01-00-46/ec_files/emulator-55542026-08-17-01-22-27.ec /home/ubuntu/TimeMachine/results/AmazeFileManager-3.4.2-#1837-rebuilt.apk.timemachine.result.emulator-5554#2026-08-17-01-00-46/ec_files/emulator-55542026-08-17-01-22-41.ec /home/ubuntu/TimeMachine/results/AmazeFileManager-3.4.2-#1837-rebuilt.apk.timemachine.result.emulator-5554#2026-08-17-01-00-46/ec_files/emulator-55542026-08-17-01-22-51.ec /home/ubuntu/TimeMachine/results/AmazeFileManager-3.4.2-#1837-rebuilt.apk.timemachine.result.emulator-5554#2026-08-17-01-00-46/ec_files/emulator-55542026-08-17-01-23-08.ec /home/ubuntu/TimeMachine/results/AmazeFileManager-3.4.2-#1837-rebuilt.apk.timemachine.result.emulator-5554#2026-08-17-01-00-46/ec_files/emulator-55542026-08-17-01-23-22.ec /home/ubuntu/TimeMachine/results/AmazeFileManager-3.4.2-#1837-rebuilt.apk.timemachine.result.emulator-5554#2026-08-17-01-00-46/ec_files/emulator-55542026-08-17-01-23-34.ec /home/ubuntu/TimeMachine/results/AmazeFileManager-3.4.2-#1837-rebuilt.apk.timemachine.result.emulator-5554#2026-08-17-01-00-46/ec_files/emulator-55542026-08-17-01-23-47.ec /home/ubuntu/TimeMachine/results/AmazeFileManager-3.4.2-#1837-rebuilt.apk.timemachine.result.emulator-5554#2026-08-17-01-00-46/ec_files/emulator-55542026-08-17-01-23-58.ec /home/ubuntu/TimeMachine/results/AmazeFileManager-3.4.2-#1837-rebuilt.apk.timemachine.result.emulator-5554#2026-08-17-01-00-46/ec_files/emulator-55542026-08-17-01-24-09.ec /home/ubuntu/TimeMachine/results/AmazeFileManager-3.4.2-#1837-rebuilt.apk.timemachine.result.emulator-5554#2026-08-17-01-00-46/ec_files/emulator-55542026-08-17-01-24-28.ec
[INFO] Loading execution data file /home/ubuntu/TimeMachine/results/AmazeFileManager-3.4.2-#1837-rebuilt.apk.timemachine.result.emulator-5554#2026-08-17-01-00-46/ec_files/coveragetemp.ec.
[INFO] Loading execution data file /home/ubuntu/TimeMachine/results/AmazeFileManager-3.4.2-#1837-rebuilt.apk.timemachine.result.emulator-5554#2026-08-17-01-00-46/ec_files/emulator-55542026-08-17-01-09-02.ec.
[INFO] Loading execution data file /home/ubuntu/TimeMachine/results/AmazeFileManager-3.4.2-#1837-rebuilt.apk.timemachine.result.emulator-5554#2026-08-17-01-00-46/ec_files/emulator-55542026-08-17-01-09-05.ec.
[INFO] Loading execution data file /home/ubuntu/TimeMachine/results/AmazeFileManager-3.4.2-#1837-rebuilt.apk.timemachine.result.emulator-5554#2026-08-17-01-00-46/ec_files/emulator-55542026-08-17-01-16-12.ec.
[INFO] Loading execution data file /home/ubuntu/TimeMachine/results/AmazeFileManager-3.4.2-#1837-rebuilt.apk.timemachine.result.emulator-5554#2026-08-17-01-00-46/ec_files/emulator-55542026-08-17-01-16-28.ec.
[INFO] Loading execution data file /home/ubuntu/TimeMachine/results/AmazeFileManager-3.4.2-#1837-rebuilt.apk.timemachine.result.emulator-5554#2026-08-17-01-00-46/ec_files/emulator-55542026-08-17-01-16-41.ec.
[INFO] Loading execution data file /home/ubuntu/TimeMachine/results/AmazeFileManager-3.4.2-#1837-rebuilt.apk.timemachine.result.emulator-5554#2026-08-17-01-00-46/ec_files/emulator-55542026-08-17-01-16-55.ec.
[INFO] Loading execution data file /home/ubuntu/TimeMachine/results/AmazeFileManager-3.4.2-#1837-rebuilt.apk.timemachine.result.emulator-5554#2026-08-17-01-00-46/ec_files/emulator-55542026-08-17-01-17-06.ec.
[INFO] Loading execution data file /home/ubuntu/TimeMachine/results/AmazeFileManager-3.4.2-#1837-rebuilt.apk.timemachine.result.emulator-5554#2026-08-17-01-00-46/ec_files/emulator-55542026-08-17-01-17-18.ec.
[INFO] Loading execution data file /home/ubuntu/TimeMachine/results/AmazeFileManager-3.4.2-#1837-rebuilt.apk.timemachine.result.emulator-5554#2026-08-17-01-00-46/ec_files/emulator-55542026-08-17-01-18-42.ec.
[INFO] Loading execution data file /home/ubuntu/TimeMachine/results/AmazeFileManager-3.4.2-#1837-rebuilt.apk.timemachine.result.emulator-5554#2026-08-17-01-00-46/ec_files/emulator-55542026-08-17-01-19-37.ec.
[INFO] Loading execution data file /home/ubuntu/TimeMachine/results/AmazeFileManager-3.4.2-#1837-rebuilt.apk.timemachine.result.emulator-5554#2026-08-17-01-00-46/ec_files/emulator-55542026-08-17-01-19-48.ec.
[INFO] Loading execution data file /home/ubuntu/TimeMachine/results/AmazeFileManager-3.4.2-#1837-rebuilt.apk.timemachine.result.emulator-5554#2026-08-17-01-00-46/ec_files/emulator-55542026-08-17-01-20-06.ec.
[INFO] Loading execution data file /home/ubuntu/TimeMachine/results/AmazeFileManager-3.4.2-#1837-rebuilt.apk.timemachine.result.emulator-5554#2026-08-17-01-00-46/ec_files/emulator-55542026-08-17-01-20-22.ec.
[INFO] Loading execution data file /home/ubuntu/TimeMachine/results/AmazeFileManager-3.4.2-#1837-rebuilt.apk.timemachine.result.emulator-5554#2026-08-17-01-00-46/ec_files/emulator-55542026-08-17-01-20-37.ec.
[INFO] Loading execution data file /home/ubuntu/TimeMachine/results/AmazeFileManager-3.4.2-#1837-rebuilt.apk.timemachine.result.emulator-5554#2026-08-17-01-00-46/ec_files/emulator-55542026-08-17-01-20-50.ec.
[INFO] Loading execution data file /home/ubuntu/TimeMachine/results/AmazeFileManager-3.4.2-#1837-rebuilt.apk.timemachine.result.emulator-5554#2026-08-17-01-00-46/ec_files/emulator-55542026-08-17-01-21-08.ec.
[INFO] Loading execution data file /home/ubuntu/TimeMachine/results/AmazeFileManager-3.4.2-#1837-rebuilt.apk.timemachine.result.emulator-5554#2026-08-17-01-00-46/ec_files/emulator-55542026-08-17-01-21-20.ec.
[INFO] Loading execution data file /home/ubuntu/TimeMachine/results/AmazeFileManager-3.4.2-#1837-rebuilt.apk.timemachine.result.emulator-5554#2026-08-17-01-00-46/ec_files/emulator-55542026-08-17-01-21-33.ec.
[INFO] Loading execution data file /home/ubuntu/TimeMachine/results/AmazeFileManager-3.4.2-#1837-rebuilt.apk.timemachine.result.emulator-5554#2026-08-17-01-00-46/ec_files/emulator-55542026-08-17-01-21-46.ec.
[INFO] Loading execution data file /home/ubuntu/TimeMachine/results/AmazeFileManager-3.4.2-#1837-rebuilt.apk.timemachine.result.emulator-5554#2026-08-17-01-00-46/ec_files/emulator-55542026-08-17-01-22-01.ec.
[INFO] Loading execution data file /home/ubuntu/TimeMachine/results/AmazeFileManager-3.4.2-#1837-rebuilt.apk.timemachine.result.emulator-5554#2026-08-17-01-00-46/ec_files/emulator-55542026-08-17-01-22-12.ec.
[INFO] Loading execution data file /home/ubuntu/TimeMachine/results/AmazeFileManager-3.4.2-#1837-rebuilt.apk.timemachine.result.emulator-5554#2026-08-17-01-00-46/ec_files/emulator-55542026-08-17-01-22-27.ec.
[INFO] Loading execution data file /home/ubuntu/TimeMachine/results/AmazeFileManager-3.4.2-#1837-rebuilt.apk.timemachine.result.emulator-5554#2026-08-17-01-00-46/ec_files/emulator-55542026-08-17-01-22-41.ec.
[INFO] Loading execution data file /home/ubuntu/TimeMachine/results/AmazeFileManager-3.4.2-#1837-rebuilt.apk.timemachine.result.emulator-5554#2026-08-17-01-00-46/ec_files/emulator-55542026-08-17-01-22-51.ec.
[INFO] Loading execution data file /home/ubuntu/TimeMachine/results/AmazeFileManager-3.4.2-#1837-rebuilt.apk.timemachine.result.emulator-5554#2026-08-17-01-00-46/ec_files/emulator-55542026-08-17-01-23-08.ec.
[INFO] Loading execution data file /home/ubuntu/TimeMachine/results/AmazeFileManager-3.4.2-#1837-rebuilt.apk.timemachine.result.emulator-5554#2026-08-17-01-00-46/ec_files/emulator-55542026-08-17-01-23-22.ec.
[INFO] Loading execution data file /home/ubuntu/TimeMachine/results/AmazeFileManager-3.4.2-#1837-rebuilt.apk.timemachine.result.emulator-5554#2026-08-17-01-00-46/ec_files/emulator-55542026-08-17-01-23-34.ec.
[INFO] Loading execution data file /home/ubuntu/TimeMachine/results/AmazeFileManager-3.4.2-#1837-rebuilt.apk.timemachine.result.emulator-5554#2026-08-17-01-00-46/ec_files/emulator-55542026-08-17-01-23-47.ec.
[INFO] Loading execution data file /home/ubuntu/TimeMachine/results/AmazeFileManager-3.4.2-#1837-rebuilt.apk.timemachine.result.emulator-5554#2026-08-17-01-00-46/ec_files/emulator-55542026-08-17-01-23-58.ec.
[INFO] Loading execution data file /home/ubuntu/TimeMachine/results/AmazeFileManager-3.4.2-#1837-rebuilt.apk.timemachine.result.emulator-5554#2026-08-17-01-00-46/ec_files/emulator-55542026-08-17-01-24-09.ec.
[INFO] Loading execution data file /home/ubuntu/TimeMachine/results/AmazeFileManager-3.4.2-#1837-rebuilt.apk.timemachine.result.emulator-5554#2026-08-17-01-00-46/ec_files/emulator-55542026-08-17-01-24-28.ec.
[INFO] Analyzing 508 classes.
   
-----------
current jacoco line coverage rate: 0.190733011302
-----------
--coverage when the new state is triggered: 0.190733011302 current jacoco line coverage rate : 0.190733011302
===================> PENALIZE STATE <=====================
deque(['-459881703', '1893074188', '-459881703', '-1243038535', '-307486232', '-1243038535', '-1975263574', '297665743', '1110022260', '566434814'], maxlen=10)
Frequent nodes 
[('183131266', <state_graph.State instance at 0x791e83bc0960>), ('-583182176', <state_graph.State instance at 0x791e88ebac80>), ('OOAUT', <state_graph.State instance at 0x791eaa94c230>), ('1893074188', <state_graph.State instance at 0x791e88307c80>), ('-307486232', <state_graph.State instance at 0x791e8ba52d70>), ('-1433637423', <state_graph.State instance at 0x791e88132e10>)]
the portion to the top 20% most frequent states: 0.5
Frequent nodes 
[('183131266', <state_graph.State instance at 0x791e83bc0960>), ('-583182176', <state_graph.State instance at 0x791e88ebac80>), ('OOAUT', <state_graph.State instance at 0x791eaa94c230>), ('1893074188', <state_graph.State instance at 0x791e88307c80>), ('-307486232', <state_graph.State instance at 0x791e8ba52d70>), ('-1433637423', <state_graph.State instance at 0x791e88132e10>)]
--extracted id: 1110022260  num_controllable_widgets: 8
--transiton occurs
--the state 1110022260  exists
===================> PENALIZE STATE <=====================
deque(['1893074188', '-459881703', '-1243038535', '-307486232', '-1243038535', '-1975263574', '297665743', '1110022260', '566434814', '1110022260'], maxlen=10)
Frequent nodes 
[('183131266', <state_graph.State instance at 0x791e83bc0960>), ('-583182176', <state_graph.State instance at 0x791e88ebac80>), ('OOAUT', <state_graph.State instance at 0x791eaa94c230>), ('1893074188', <state_graph.State instance at 0x791e88307c80>), ('-307486232', <state_graph.State instance at 0x791e8ba52d70>), ('-1433637423', <state_graph.State instance at 0x791e88132e10>)]
the portion to the top 20% most frequent states: 0.5
Frequent nodes 
[('183131266', <state_graph.State instance at 0x791e83bc0960>), ('-583182176', <state_graph.State instance at 0x791e88ebac80>), ('OOAUT', <state_graph.State instance at 0x791eaa94c230>), ('1893074188', <state_graph.State instance at 0x791e88307c80>), ('-307486232', <state_graph.State instance at 0x791e8ba52d70>), ('-1433637423', <state_graph.State instance at 0x791e88132e10>)]
--extracted id: 619645921  num_controllable_widgets: 5
--transiton occurs
--a new state is triggered and add 619645921 into the state graph.
get_jacoco_coverage- return code:  output: Broadcasting: Intent { act=edu.gatech.m3.emma.COLLECT_COVERAGE }
Broadcast completed: result=0
---
[COVERAGE FILE EXIST?]
coverage.ec
---
---
[VALIDATE COVERAGE FILE]$ java -jar /home/ubuntu/TimeMachine/fuzzingandroid/libs/jacococli.jar report /home/ubuntu/TimeMachine/results/AmazeFileManager-3.4.2-#1837-rebuilt.apk.timemachine.result.emulator-5554#2026-08-17-01-00-46/ec_files/emulator-55542026-08-17-01-24-43.ec  --classfiles /home/ubuntu/TimeMachine/instrumented_apps/AmazeFileManager/AmazeFileManager-#1837/app/build/intermediates/javac/fdroidDebug/classes/ --classfiles /home/ubuntu/TimeMachine/instrumented_apps/AmazeFileManager/AmazeFileManager-#1837/commons_compress_7z/build/intermediates/javac/debug/classes/ --sourcefiles /home/ubuntu/TimeMachine/instrumented_apps/AmazeFileManager/AmazeFileManager-#1837/app/src/main/java/ --sourcefiles /home/ubuntu/TimeMachine/instrumented_apps/AmazeFileManager/AmazeFileManager-#1837/commons_compress_7z/src/main/java/ &> temp
---
---
[VALIDATE MESSAGE]
---
SUCCESS: coverage file is valid!
[INFO] Loading execution data file /home/ubuntu/TimeMachine/results/AmazeFileManager-3.4.2-#1837-rebuilt.apk.timemachine.result.emulator-5554#2026-08-17-01-00-46/ec_files/emulator-55542026-08-17-01-24-43.ec.
[INFO] Analyzing 508 classes.
 /sdcard/coverage.ec: 1 file pulled, 0 skipped. 0.1 MB/s (4507 bytes in 0.055s)
 
compute_coverage-return code:  output: /home/ubuntu/TimeMachine/results/AmazeFileManager-3.4.2-#1837-rebuilt.apk.timemachine.result.emulator-5554#2026-08-17-01-00-46/ec_files/coveragetemp.ec /home/ubuntu/TimeMachine/results/AmazeFileManager-3.4.2-#1837-rebuilt.apk.timemachine.result.emulator-5554#2026-08-17-01-00-46/ec_files/emulator-55542026-08-17-01-09-02.ec /home/ubuntu/TimeMachine/results/AmazeFileManager-3.4.2-#1837-rebuilt.apk.timemachine.result.emulator-5554#2026-08-17-01-00-46/ec_files/emulator-55542026-08-17-01-09-05.ec /home/ubuntu/TimeMachine/results/AmazeFileManager-3.4.2-#1837-rebuilt.apk.timemachine.result.emulator-5554#2026-08-17-01-00-46/ec_files/emulator-55542026-08-17-01-16-12.ec /home/ubuntu/TimeMachine/results/AmazeFileManager-3.4.2-#1837-rebuilt.apk.timemachine.result.emulator-5554#2026-08-17-01-00-46/ec_files/emulator-55542026-08-17-01-16-28.ec /home/ubuntu/TimeMachine/results/AmazeFileManager-3.4.2-#1837-rebuilt.apk.timemachine.result.emulator-5554#2026-08-17-01-00-46/ec_files/emulator-55542026-08-17-01-16-41.ec /home/ubuntu/TimeMachine/results/AmazeFileManager-3.4.2-#1837-rebuilt.apk.timemachine.result.emulator-5554#2026-08-17-01-00-46/ec_files/emulator-55542026-08-17-01-16-55.ec /home/ubuntu/TimeMachine/results/AmazeFileManager-3.4.2-#1837-rebuilt.apk.timemachine.result.emulator-5554#2026-08-17-01-00-46/ec_files/emulator-55542026-08-17-01-17-06.ec /home/ubuntu/TimeMachine/results/AmazeFileManager-3.4.2-#1837-rebuilt.apk.timemachine.result.emulator-5554#2026-08-17-01-00-46/ec_files/emulator-55542026-08-17-01-17-18.ec /home/ubuntu/TimeMachine/results/AmazeFileManager-3.4.2-#1837-rebuilt.apk.timemachine.result.emulator-5554#2026-08-17-01-00-46/ec_files/emulator-55542026-08-17-01-18-42.ec /home/ubuntu/TimeMachine/results/AmazeFileManager-3.4.2-#1837-rebuilt.apk.timemachine.result.emulator-5554#2026-08-17-01-00-46/ec_files/emulator-55542026-08-17-01-19-37.ec /home/ubuntu/TimeMachine/results/AmazeFileManager-3.4.2-#1837-rebuilt.apk.timemachine.result.emulator-5554#2026-08-17-01-00-46/ec_files/emulator-55542026-08-17-01-19-48.ec /home/ubuntu/TimeMachine/results/AmazeFileManager-3.4.2-#1837-rebuilt.apk.timemachine.result.emulator-5554#2026-08-17-01-00-46/ec_files/emulator-55542026-08-17-01-20-06.ec /home/ubuntu/TimeMachine/results/AmazeFileManager-3.4.2-#1837-rebuilt.apk.timemachine.result.emulator-5554#2026-08-17-01-00-46/ec_files/emulator-55542026-08-17-01-20-22.ec /home/ubuntu/TimeMachine/results/AmazeFileManager-3.4.2-#1837-rebuilt.apk.timemachine.result.emulator-5554#2026-08-17-01-00-46/ec_files/emulator-55542026-08-17-01-20-37.ec /home/ubuntu/TimeMachine/results/AmazeFileManager-3.4.2-#1837-rebuilt.apk.timemachine.result.emulator-5554#2026-08-17-01-00-46/ec_files/emulator-55542026-08-17-01-20-50.ec /home/ubuntu/TimeMachine/results/AmazeFileManager-3.4.2-#1837-rebuilt.apk.timemachine.result.emulator-5554#2026-08-17-01-00-46/ec_files/emulator-55542026-08-17-01-21-08.ec /home/ubuntu/TimeMachine/results/AmazeFileManager-3.4.2-#1837-rebuilt.apk.timemachine.result.emulator-5554#2026-08-17-01-00-46/ec_files/emulator-55542026-08-17-01-21-20.ec /home/ubuntu/TimeMachine/results/AmazeFileManager-3.4.2-#1837-rebuilt.apk.timemachine.result.emulator-5554#2026-08-17-01-00-46/ec_files/emulator-55542026-08-17-01-21-33.ec /home/ubuntu/TimeMachine/results/AmazeFileManager-3.4.2-#1837-rebuilt.apk.timemachine.result.emulator-5554#2026-08-17-01-00-46/ec_files/emulator-55542026-08-17-01-21-46.ec /home/ubuntu/TimeMachine/results/AmazeFileManager-3.4.2-#1837-rebuilt.apk.timemachine.result.emulator-5554#2026-08-17-01-00-46/ec_files/emulator-55542026-08-17-01-22-01.ec /home/ubuntu/TimeMachine/results/AmazeFileManager-3.4.2-#1837-rebuilt.apk.timemachine.result.emulator-5554#2026-08-17-01-00-46/ec_files/emulator-55542026-08-17-01-22-12.ec /home/ubuntu/TimeMachine/results/AmazeFileManager-3.4.2-#1837-rebuilt.apk.timemachine.result.emulator-5554#2026-08-17-01-00-46/ec_files/emulator-55542026-08-17-01-22-27.ec /home/ubuntu/TimeMachine/results/AmazeFileManager-3.4.2-#1837-rebuilt.apk.timemachine.result.emulator-5554#2026-08-17-01-00-46/ec_files/emulator-55542026-08-17-01-22-41.ec /home/ubuntu/TimeMachine/results/AmazeFileManager-3.4.2-#1837-rebuilt.apk.timemachine.result.emulator-5554#2026-08-17-01-00-46/ec_files/emulator-55542026-08-17-01-22-51.ec /home/ubuntu/TimeMachine/results/AmazeFileManager-3.4.2-#1837-rebuilt.apk.timemachine.result.emulator-5554#2026-08-17-01-00-46/ec_files/emulator-55542026-08-17-01-23-08.ec /home/ubuntu/TimeMachine/results/AmazeFileManager-3.4.2-#1837-rebuilt.apk.timemachine.result.emulator-5554#2026-08-17-01-00-46/ec_files/emulator-55542026-08-17-01-23-22.ec /home/ubuntu/TimeMachine/results/AmazeFileManager-3.4.2-#1837-rebuilt.apk.timemachine.result.emulator-5554#2026-08-17-01-00-46/ec_files/emulator-55542026-08-17-01-23-34.ec /home/ubuntu/TimeMachine/results/AmazeFileManager-3.4.2-#1837-rebuilt.apk.timemachine.result.emulator-5554#2026-08-17-01-00-46/ec_files/emulator-55542026-08-17-01-23-47.ec /home/ubuntu/TimeMachine/results/AmazeFileManager-3.4.2-#1837-rebuilt.apk.timemachine.result.emulator-5554#2026-08-17-01-00-46/ec_files/emulator-55542026-08-17-01-23-58.ec /home/ubuntu/TimeMachine/results/AmazeFileManager-3.4.2-#1837-rebuilt.apk.timemachine.result.emulator-5554#2026-08-17-01-00-46/ec_files/emulator-55542026-08-17-01-24-09.ec /home/ubuntu/TimeMachine/results/AmazeFileManager-3.4.2-#1837-rebuilt.apk.timemachine.result.emulator-5554#2026-08-17-01-00-46/ec_files/emulator-55542026-08-17-01-24-28.ec /home/ubuntu/TimeMachine/results/AmazeFileManager-3.4.2-#1837-rebuilt.apk.timemachine.result.emulator-5554#2026-08-17-01-00-46/ec_files/emulator-55542026-08-17-01-24-43.ec
[INFO] Loading execution data file /home/ubuntu/TimeMachine/results/AmazeFileManager-3.4.2-#1837-rebuilt.apk.timemachine.result.emulator-5554#2026-08-17-01-00-46/ec_files/coveragetemp.ec.
[INFO] Loading execution data file /home/ubuntu/TimeMachine/results/AmazeFileManager-3.4.2-#1837-rebuilt.apk.timemachine.result.emulator-5554#2026-08-17-01-00-46/ec_files/emulator-55542026-08-17-01-09-02.ec.
[INFO] Loading execution data file /home/ubuntu/TimeMachine/results/AmazeFileManager-3.4.2-#1837-rebuilt.apk.timemachine.result.emulator-5554#2026-08-17-01-00-46/ec_files/emulator-55542026-08-17-01-09-05.ec.
[INFO] Loading execution data file /home/ubuntu/TimeMachine/results/AmazeFileManager-3.4.2-#1837-rebuilt.apk.timemachine.result.emulator-5554#2026-08-17-01-00-46/ec_files/emulator-55542026-08-17-01-16-12.ec.
[INFO] Loading execution data file /home/ubuntu/TimeMachine/results/AmazeFileManager-3.4.2-#1837-rebuilt.apk.timemachine.result.emulator-5554#2026-08-17-01-00-46/ec_files/emulator-55542026-08-17-01-16-28.ec.
[INFO] Loading execution data file /home/ubuntu/TimeMachine/results/AmazeFileManager-3.4.2-#1837-rebuilt.apk.timemachine.result.emulator-5554#2026-08-17-01-00-46/ec_files/emulator-55542026-08-17-01-16-41.ec.
[INFO] Loading execution data file /home/ubuntu/TimeMachine/results/AmazeFileManager-3.4.2-#1837-rebuilt.apk.timemachine.result.emulator-5554#2026-08-17-01-00-46/ec_files/emulator-55542026-08-17-01-16-55.ec.
[INFO] Loading execution data file /home/ubuntu/TimeMachine/results/AmazeFileManager-3.4.2-#1837-rebuilt.apk.timemachine.result.emulator-5554#2026-08-17-01-00-46/ec_files/emulator-55542026-08-17-01-17-06.ec.
[INFO] Loading execution data file /home/ubuntu/TimeMachine/results/AmazeFileManager-3.4.2-#1837-rebuilt.apk.timemachine.result.emulator-5554#2026-08-17-01-00-46/ec_files/emulator-55542026-08-17-01-17-18.ec.
[INFO] Loading execution data file /home/ubuntu/TimeMachine/results/AmazeFileManager-3.4.2-#1837-rebuilt.apk.timemachine.result.emulator-5554#2026-08-17-01-00-46/ec_files/emulator-55542026-08-17-01-18-42.ec.
[INFO] Loading execution data file /home/ubuntu/TimeMachine/results/AmazeFileManager-3.4.2-#1837-rebuilt.apk.timemachine.result.emulator-5554#2026-08-17-01-00-46/ec_files/emulator-55542026-08-17-01-19-37.ec.
[INFO] Loading execution data file /home/ubuntu/TimeMachine/results/AmazeFileManager-3.4.2-#1837-rebuilt.apk.timemachine.result.emulator-5554#2026-08-17-01-00-46/ec_files/emulator-55542026-08-17-01-19-48.ec.
[INFO] Loading execution data file /home/ubuntu/TimeMachine/results/AmazeFileManager-3.4.2-#1837-rebuilt.apk.timemachine.result.emulator-5554#2026-08-17-01-00-46/ec_files/emulator-55542026-08-17-01-20-06.ec.
[INFO] Loading execution data file /home/ubuntu/TimeMachine/results/AmazeFileManager-3.4.2-#1837-rebuilt.apk.timemachine.result.emulator-5554#2026-08-17-01-00-46/ec_files/emulator-55542026-08-17-01-20-22.ec.
[INFO] Loading execution data file /home/ubuntu/TimeMachine/results/AmazeFileManager-3.4.2-#1837-rebuilt.apk.timemachine.result.emulator-5554#2026-08-17-01-00-46/ec_files/emulator-55542026-08-17-01-20-37.ec.
[INFO] Loading execution data file /home/ubuntu/TimeMachine/results/AmazeFileManager-3.4.2-#1837-rebuilt.apk.timemachine.result.emulator-5554#2026-08-17-01-00-46/ec_files/emulator-55542026-08-17-01-20-50.ec.
[INFO] Loading execution data file /home/ubuntu/TimeMachine/results/AmazeFileManager-3.4.2-#1837-rebuilt.apk.timemachine.result.emulator-5554#2026-08-17-01-00-46/ec_files/emulator-55542026-08-17-01-21-08.ec.
[INFO] Loading execution data file /home/ubuntu/TimeMachine/results/AmazeFileManager-3.4.2-#1837-rebuilt.apk.timemachine.result.emulator-5554#2026-08-17-01-00-46/ec_files/emulator-55542026-08-17-01-21-20.ec.
[INFO] Loading execution data file /home/ubuntu/TimeMachine/results/AmazeFileManager-3.4.2-#1837-rebuilt.apk.timemachine.result.emulator-5554#2026-08-17-01-00-46/ec_files/emulator-55542026-08-17-01-21-33.ec.
[INFO] Loading execution data file /home/ubuntu/TimeMachine/results/AmazeFileManager-3.4.2-#1837-rebuilt.apk.timemachine.result.emulator-5554#2026-08-17-01-00-46/ec_files/emulator-55542026-08-17-01-21-46.ec.
[INFO] Loading execution data file /home/ubuntu/TimeMachine/results/AmazeFileManager-3.4.2-#1837-rebuilt.apk.timemachine.result.emulator-5554#2026-08-17-01-00-46/ec_files/emulator-55542026-08-17-01-22-01.ec.
[INFO] Loading execution data file /home/ubuntu/TimeMachine/results/AmazeFileManager-3.4.2-#1837-rebuilt.apk.timemachine.result.emulator-5554#2026-08-17-01-00-46/ec_files/emulator-55542026-08-17-01-22-12.ec.
[INFO] Loading execution data file /home/ubuntu/TimeMachine/results/AmazeFileManager-3.4.2-#1837-rebuilt.apk.timemachine.result.emulator-5554#2026-08-17-01-00-46/ec_files/emulator-55542026-08-17-01-22-27.ec.
[INFO] Loading execution data file /home/ubuntu/TimeMachine/results/AmazeFileManager-3.4.2-#1837-rebuilt.apk.timemachine.result.emulator-5554#2026-08-17-01-00-46/ec_files/emulator-55542026-08-17-01-22-41.ec.
[INFO] Loading execution data file /home/ubuntu/TimeMachine/results/AmazeFileManager-3.4.2-#1837-rebuilt.apk.timemachine.result.emulator-5554#2026-08-17-01-00-46/ec_files/emulator-55542026-08-17-01-22-51.ec.
[INFO] Loading execution data file /home/ubuntu/TimeMachine/results/AmazeFileManager-3.4.2-#1837-rebuilt.apk.timemachine.result.emulator-5554#2026-08-17-01-00-46/ec_files/emulator-55542026-08-17-01-23-08.ec.
[INFO] Loading execution data file /home/ubuntu/TimeMachine/results/AmazeFileManager-3.4.2-#1837-rebuilt.apk.timemachine.result.emulator-5554#2026-08-17-01-00-46/ec_files/emulator-55542026-08-17-01-23-22.ec.
[INFO] Loading execution data file /home/ubuntu/TimeMachine/results/AmazeFileManager-3.4.2-#1837-rebuilt.apk.timemachine.result.emulator-5554#2026-08-17-01-00-46/ec_files/emulator-55542026-08-17-01-23-34.ec.
[INFO] Loading execution data file /home/ubuntu/TimeMachine/results/AmazeFileManager-3.4.2-#1837-rebuilt.apk.timemachine.result.emulator-5554#2026-08-17-01-00-46/ec_files/emulator-55542026-08-17-01-23-47.ec.
[INFO] Loading execution data file /home/ubuntu/TimeMachine/results/AmazeFileManager-3.4.2-#1837-rebuilt.apk.timemachine.result.emulator-5554#2026-08-17-01-00-46/ec_files/emulator-55542026-08-17-01-23-58.ec.
[INFO] Loading execution data file /home/ubuntu/TimeMachine/results/AmazeFileManager-3.4.2-#1837-rebuilt.apk.timemachine.result.emulator-5554#2026-08-17-01-00-46/ec_files/emulator-55542026-08-17-01-24-09.ec.
[INFO] Loading execution data file /home/ubuntu/TimeMachine/results/AmazeFileManager-3.4.2-#1837-rebuilt.apk.timemachine.result.emulator-5554#2026-08-17-01-00-46/ec_files/emulator-55542026-08-17-01-24-28.ec.
[INFO] Loading execution data file /home/ubuntu/TimeMachine/results/AmazeFileManager-3.4.2-#1837-rebuilt.apk.timemachine.result.emulator-5554#2026-08-17-01-00-46/ec_files/emulator-55542026-08-17-01-24-43.ec.
[INFO] Analyzing 508 classes.
   
-----------
current jacoco line coverage rate: 0.190733011302
-----------
--coverage when the new state is triggered: 0.190733011302 current jacoco line coverage rate : 0.190733011302
===================> PENALIZE STATE <=====================
deque(['-459881703', '-1243038535', '-307486232', '-1243038535', '-1975263574', '297665743', '1110022260', '566434814', '1110022260', '619645921'], maxlen=10)
Frequent nodes 
[('183131266', <state_graph.State instance at 0x791e83bc0960>), ('-583182176', <state_graph.State instance at 0x791e88ebac80>), ('OOAUT', <state_graph.State instance at 0x791eaa94c230>), ('1893074188', <state_graph.State instance at 0x791e88307c80>), ('-307486232', <state_graph.State instance at 0x791e8ba52d70>), ('-1433637423', <state_graph.State instance at 0x791e88132e10>)]
the portion to the top 20% most frequent states: 0.375
Frequent nodes 
[('183131266', <state_graph.State instance at 0x791e83bc0960>), ('-583182176', <state_graph.State instance at 0x791e88ebac80>), ('OOAUT', <state_graph.State instance at 0x791eaa94c230>), ('1893074188', <state_graph.State instance at 0x791e88307c80>), ('-307486232', <state_graph.State instance at 0x791e8ba52d70>), ('-1433637423', <state_graph.State instance at 0x791e88132e10>)]
--extracted id: 619645921  num_controllable_widgets: 5
--event num: 1
--extracted id: 619645921  num_controllable_widgets: 5
--event num: 2
--extracted id: -165945893  num_controllable_widgets: 4
--transiton occurs
--a new state is triggered and add -165945893 into the state graph.
get_jacoco_coverage- return code:  output: Broadcasting: Intent { act=edu.gatech.m3.emma.COLLECT_COVERAGE }
Broadcast completed: result=0
---
[COVERAGE FILE EXIST?]
coverage.ec
---
---
[VALIDATE COVERAGE FILE]$ java -jar /home/ubuntu/TimeMachine/fuzzingandroid/libs/jacococli.jar report /home/ubuntu/TimeMachine/results/AmazeFileManager-3.4.2-#1837-rebuilt.apk.timemachine.result.emulator-5554#2026-08-17-01-00-46/ec_files/emulator-55542026-08-17-01-24-56.ec  --classfiles /home/ubuntu/TimeMachine/instrumented_apps/AmazeFileManager/AmazeFileManager-#1837/app/build/intermediates/javac/fdroidDebug/classes/ --classfiles /home/ubuntu/TimeMachine/instrumented_apps/AmazeFileManager/AmazeFileManager-#1837/commons_compress_7z/build/intermediates/javac/debug/classes/ --sourcefiles /home/ubuntu/TimeMachine/instrumented_apps/AmazeFileManager/AmazeFileManager-#1837/app/src/main/java/ --sourcefiles /home/ubuntu/TimeMachine/instrumented_apps/AmazeFileManager/AmazeFileManager-#1837/commons_compress_7z/src/main/java/ &> temp
---
---
[VALIDATE MESSAGE]
---
SUCCESS: coverage file is valid!
[INFO] Loading execution data file /home/ubuntu/TimeMachine/results/AmazeFileManager-3.4.2-#1837-rebuilt.apk.timemachine.result.emulator-5554#2026-08-17-01-00-46/ec_files/emulator-55542026-08-17-01-24-56.ec.
[INFO] Analyzing 508 classes.
 /sdcard/coverage.ec: 1 file pulled, 0 skipped. 0.0 MB/s (1440 bytes in 0.062s)
 
compute_coverage-return code:  output: /home/ubuntu/TimeMachine/results/AmazeFileManager-3.4.2-#1837-rebuilt.apk.timemachine.result.emulator-5554#2026-08-17-01-00-46/ec_files/coveragetemp.ec /home/ubuntu/TimeMachine/results/AmazeFileManager-3.4.2-#1837-rebuilt.apk.timemachine.result.emulator-5554#2026-08-17-01-00-46/ec_files/emulator-55542026-08-17-01-09-02.ec /home/ubuntu/TimeMachine/results/AmazeFileManager-3.4.2-#1837-rebuilt.apk.timemachine.result.emulator-5554#2026-08-17-01-00-46/ec_files/emulator-55542026-08-17-01-09-05.ec /home/ubuntu/TimeMachine/results/AmazeFileManager-3.4.2-#1837-rebuilt.apk.timemachine.result.emulator-5554#2026-08-17-01-00-46/ec_files/emulator-55542026-08-17-01-16-12.ec /home/ubuntu/TimeMachine/results/AmazeFileManager-3.4.2-#1837-rebuilt.apk.timemachine.result.emulator-5554#2026-08-17-01-00-46/ec_files/emulator-55542026-08-17-01-16-28.ec /home/ubuntu/TimeMachine/results/AmazeFileManager-3.4.2-#1837-rebuilt.apk.timemachine.result.emulator-5554#2026-08-17-01-00-46/ec_files/emulator-55542026-08-17-01-16-41.ec /home/ubuntu/TimeMachine/results/AmazeFileManager-3.4.2-#1837-rebuilt.apk.timemachine.result.emulator-5554#2026-08-17-01-00-46/ec_files/emulator-55542026-08-17-01-16-55.ec /home/ubuntu/TimeMachine/results/AmazeFileManager-3.4.2-#1837-rebuilt.apk.timemachine.result.emulator-5554#2026-08-17-01-00-46/ec_files/emulator-55542026-08-17-01-17-06.ec /home/ubuntu/TimeMachine/results/AmazeFileManager-3.4.2-#1837-rebuilt.apk.timemachine.result.emulator-5554#2026-08-17-01-00-46/ec_files/emulator-55542026-08-17-01-17-18.ec /home/ubuntu/TimeMachine/results/AmazeFileManager-3.4.2-#1837-rebuilt.apk.timemachine.result.emulator-5554#2026-08-17-01-00-46/ec_files/emulator-55542026-08-17-01-18-42.ec /home/ubuntu/TimeMachine/results/AmazeFileManager-3.4.2-#1837-rebuilt.apk.timemachine.result.emulator-5554#2026-08-17-01-00-46/ec_files/emulator-55542026-08-17-01-19-37.ec /home/ubuntu/TimeMachine/results/AmazeFileManager-3.4.2-#1837-rebuilt.apk.timemachine.result.emulator-5554#2026-08-17-01-00-46/ec_files/emulator-55542026-08-17-01-19-48.ec /home/ubuntu/TimeMachine/results/AmazeFileManager-3.4.2-#1837-rebuilt.apk.timemachine.result.emulator-5554#2026-08-17-01-00-46/ec_files/emulator-55542026-08-17-01-20-06.ec /home/ubuntu/TimeMachine/results/AmazeFileManager-3.4.2-#1837-rebuilt.apk.timemachine.result.emulator-5554#2026-08-17-01-00-46/ec_files/emulator-55542026-08-17-01-20-22.ec /home/ubuntu/TimeMachine/results/AmazeFileManager-3.4.2-#1837-rebuilt.apk.timemachine.result.emulator-5554#2026-08-17-01-00-46/ec_files/emulator-55542026-08-17-01-20-37.ec /home/ubuntu/TimeMachine/results/AmazeFileManager-3.4.2-#1837-rebuilt.apk.timemachine.result.emulator-5554#2026-08-17-01-00-46/ec_files/emulator-55542026-08-17-01-20-50.ec /home/ubuntu/TimeMachine/results/AmazeFileManager-3.4.2-#1837-rebuilt.apk.timemachine.result.emulator-5554#2026-08-17-01-00-46/ec_files/emulator-55542026-08-17-01-21-08.ec /home/ubuntu/TimeMachine/results/AmazeFileManager-3.4.2-#1837-rebuilt.apk.timemachine.result.emulator-5554#2026-08-17-01-00-46/ec_files/emulator-55542026-08-17-01-21-20.ec /home/ubuntu/TimeMachine/results/AmazeFileManager-3.4.2-#1837-rebuilt.apk.timemachine.result.emulator-5554#2026-08-17-01-00-46/ec_files/emulator-55542026-08-17-01-21-33.ec /home/ubuntu/TimeMachine/results/AmazeFileManager-3.4.2-#1837-rebuilt.apk.timemachine.result.emulator-5554#2026-08-17-01-00-46/ec_files/emulator-55542026-08-17-01-21-46.ec /home/ubuntu/TimeMachine/results/AmazeFileManager-3.4.2-#1837-rebuilt.apk.timemachine.result.emulator-5554#2026-08-17-01-00-46/ec_files/emulator-55542026-08-17-01-22-01.ec /home/ubuntu/TimeMachine/results/AmazeFileManager-3.4.2-#1837-rebuilt.apk.timemachine.result.emulator-5554#2026-08-17-01-00-46/ec_files/emulator-55542026-08-17-01-22-12.ec /home/ubuntu/TimeMachine/results/AmazeFileManager-3.4.2-#1837-rebuilt.apk.timemachine.result.emulator-5554#2026-08-17-01-00-46/ec_files/emulator-55542026-08-17-01-22-27.ec /home/ubuntu/TimeMachine/results/AmazeFileManager-3.4.2-#1837-rebuilt.apk.timemachine.result.emulator-5554#2026-08-17-01-00-46/ec_files/emulator-55542026-08-17-01-22-41.ec /home/ubuntu/TimeMachine/results/AmazeFileManager-3.4.2-#1837-rebuilt.apk.timemachine.result.emulator-5554#2026-08-17-01-00-46/ec_files/emulator-55542026-08-17-01-22-51.ec /home/ubuntu/TimeMachine/results/AmazeFileManager-3.4.2-#1837-rebuilt.apk.timemachine.result.emulator-5554#2026-08-17-01-00-46/ec_files/emulator-55542026-08-17-01-23-08.ec /home/ubuntu/TimeMachine/results/AmazeFileManager-3.4.2-#1837-rebuilt.apk.timemachine.result.emulator-5554#2026-08-17-01-00-46/ec_files/emulator-55542026-08-17-01-23-22.ec /home/ubuntu/TimeMachine/results/AmazeFileManager-3.4.2-#1837-rebuilt.apk.timemachine.result.emulator-5554#2026-08-17-01-00-46/ec_files/emulator-55542026-08-17-01-23-34.ec /home/ubuntu/TimeMachine/results/AmazeFileManager-3.4.2-#1837-rebuilt.apk.timemachine.result.emulator-5554#2026-08-17-01-00-46/ec_files/emulator-55542026-08-17-01-23-47.ec /home/ubuntu/TimeMachine/results/AmazeFileManager-3.4.2-#1837-rebuilt.apk.timemachine.result.emulator-5554#2026-08-17-01-00-46/ec_files/emulator-55542026-08-17-01-23-58.ec /home/ubuntu/TimeMachine/results/AmazeFileManager-3.4.2-#1837-rebuilt.apk.timemachine.result.emulator-5554#2026-08-17-01-00-46/ec_files/emulator-55542026-08-17-01-24-09.ec /home/ubuntu/TimeMachine/results/AmazeFileManager-3.4.2-#1837-rebuilt.apk.timemachine.result.emulator-5554#2026-08-17-01-00-46/ec_files/emulator-55542026-08-17-01-24-28.ec /home/ubuntu/TimeMachine/results/AmazeFileManager-3.4.2-#1837-rebuilt.apk.timemachine.result.emulator-5554#2026-08-17-01-00-46/ec_files/emulator-55542026-08-17-01-24-43.ec /home/ubuntu/TimeMachine/results/AmazeFileManager-3.4.2-#1837-rebuilt.apk.timemachine.result.emulator-5554#2026-08-17-01-00-46/ec_files/emulator-55542026-08-17-01-24-56.ec
[INFO] Loading execution data file /home/ubuntu/TimeMachine/results/AmazeFileManager-3.4.2-#1837-rebuilt.apk.timemachine.result.emulator-5554#2026-08-17-01-00-46/ec_files/coveragetemp.ec.
[INFO] Loading execution data file /home/ubuntu/TimeMachine/results/AmazeFileManager-3.4.2-#1837-rebuilt.apk.timemachine.result.emulator-5554#2026-08-17-01-00-46/ec_files/emulator-55542026-08-17-01-09-02.ec.
[INFO] Loading execution data file /home/ubuntu/TimeMachine/results/AmazeFileManager-3.4.2-#1837-rebuilt.apk.timemachine.result.emulator-5554#2026-08-17-01-00-46/ec_files/emulator-55542026-08-17-01-09-05.ec.
[INFO] Loading execution data file /home/ubuntu/TimeMachine/results/AmazeFileManager-3.4.2-#1837-rebuilt.apk.timemachine.result.emulator-5554#2026-08-17-01-00-46/ec_files/emulator-55542026-08-17-01-16-12.ec.
[INFO] Loading execution data file /home/ubuntu/TimeMachine/results/AmazeFileManager-3.4.2-#1837-rebuilt.apk.timemachine.result.emulator-5554#2026-08-17-01-00-46/ec_files/emulator-55542026-08-17-01-16-28.ec.
[INFO] Loading execution data file /home/ubuntu/TimeMachine/results/AmazeFileManager-3.4.2-#1837-rebuilt.apk.timemachine.result.emulator-5554#2026-08-17-01-00-46/ec_files/emulator-55542026-08-17-01-16-41.ec.
[INFO] Loading execution data file /home/ubuntu/TimeMachine/results/AmazeFileManager-3.4.2-#1837-rebuilt.apk.timemachine.result.emulator-5554#2026-08-17-01-00-46/ec_files/emulator-55542026-08-17-01-16-55.ec.
[INFO] Loading execution data file /home/ubuntu/TimeMachine/results/AmazeFileManager-3.4.2-#1837-rebuilt.apk.timemachine.result.emulator-5554#2026-08-17-01-00-46/ec_files/emulator-55542026-08-17-01-17-06.ec.
[INFO] Loading execution data file /home/ubuntu/TimeMachine/results/AmazeFileManager-3.4.2-#1837-rebuilt.apk.timemachine.result.emulator-5554#2026-08-17-01-00-46/ec_files/emulator-55542026-08-17-01-17-18.ec.
[INFO] Loading execution data file /home/ubuntu/TimeMachine/results/AmazeFileManager-3.4.2-#1837-rebuilt.apk.timemachine.result.emulator-5554#2026-08-17-01-00-46/ec_files/emulator-55542026-08-17-01-18-42.ec.
[INFO] Loading execution data file /home/ubuntu/TimeMachine/results/AmazeFileManager-3.4.2-#1837-rebuilt.apk.timemachine.result.emulator-5554#2026-08-17-01-00-46/ec_files/emulator-55542026-08-17-01-19-37.ec.
[INFO] Loading execution data file /home/ubuntu/TimeMachine/results/AmazeFileManager-3.4.2-#1837-rebuilt.apk.timemachine.result.emulator-5554#2026-08-17-01-00-46/ec_files/emulator-55542026-08-17-01-19-48.ec.
[INFO] Loading execution data file /home/ubuntu/TimeMachine/results/AmazeFileManager-3.4.2-#1837-rebuilt.apk.timemachine.result.emulator-5554#2026-08-17-01-00-46/ec_files/emulator-55542026-08-17-01-20-06.ec.
[INFO] Loading execution data file /home/ubuntu/TimeMachine/results/AmazeFileManager-3.4.2-#1837-rebuilt.apk.timemachine.result.emulator-5554#2026-08-17-01-00-46/ec_files/emulator-55542026-08-17-01-20-22.ec.
[INFO] Loading execution data file /home/ubuntu/TimeMachine/results/AmazeFileManager-3.4.2-#1837-rebuilt.apk.timemachine.result.emulator-5554#2026-08-17-01-00-46/ec_files/emulator-55542026-08-17-01-20-37.ec.
[INFO] Loading execution data file /home/ubuntu/TimeMachine/results/AmazeFileManager-3.4.2-#1837-rebuilt.apk.timemachine.result.emulator-5554#2026-08-17-01-00-46/ec_files/emulator-55542026-08-17-01-20-50.ec.
[INFO] Loading execution data file /home/ubuntu/TimeMachine/results/AmazeFileManager-3.4.2-#1837-rebuilt.apk.timemachine.result.emulator-5554#2026-08-17-01-00-46/ec_files/emulator-55542026-08-17-01-21-08.ec.
[INFO] Loading execution data file /home/ubuntu/TimeMachine/results/AmazeFileManager-3.4.2-#1837-rebuilt.apk.timemachine.result.emulator-5554#2026-08-17-01-00-46/ec_files/emulator-55542026-08-17-01-21-20.ec.
[INFO] Loading execution data file /home/ubuntu/TimeMachine/results/AmazeFileManager-3.4.2-#1837-rebuilt.apk.timemachine.result.emulator-5554#2026-08-17-01-00-46/ec_files/emulator-55542026-08-17-01-21-33.ec.
[INFO] Loading execution data file /home/ubuntu/TimeMachine/results/AmazeFileManager-3.4.2-#1837-rebuilt.apk.timemachine.result.emulator-5554#2026-08-17-01-00-46/ec_files/emulator-55542026-08-17-01-21-46.ec.
[INFO] Loading execution data file /home/ubuntu/TimeMachine/results/AmazeFileManager-3.4.2-#1837-rebuilt.apk.timemachine.result.emulator-5554#2026-08-17-01-00-46/ec_files/emulator-55542026-08-17-01-22-01.ec.
[INFO] Loading execution data file /home/ubuntu/TimeMachine/results/AmazeFileManager-3.4.2-#1837-rebuilt.apk.timemachine.result.emulator-5554#2026-08-17-01-00-46/ec_files/emulator-55542026-08-17-01-22-12.ec.
[INFO] Loading execution data file /home/ubuntu/TimeMachine/results/AmazeFileManager-3.4.2-#1837-rebuilt.apk.timemachine.result.emulator-5554#2026-08-17-01-00-46/ec_files/emulator-55542026-08-17-01-22-27.ec.
[INFO] Loading execution data file /home/ubuntu/TimeMachine/results/AmazeFileManager-3.4.2-#1837-rebuilt.apk.timemachine.result.emulator-5554#2026-08-17-01-00-46/ec_files/emulator-55542026-08-17-01-22-41.ec.
[INFO] Loading execution data file /home/ubuntu/TimeMachine/results/AmazeFileManager-3.4.2-#1837-rebuilt.apk.timemachine.result.emulator-5554#2026-08-17-01-00-46/ec_files/emulator-55542026-08-17-01-22-51.ec.
[INFO] Loading execution data file /home/ubuntu/TimeMachine/results/AmazeFileManager-3.4.2-#1837-rebuilt.apk.timemachine.result.emulator-5554#2026-08-17-01-00-46/ec_files/emulator-55542026-08-17-01-23-08.ec.
[INFO] Loading execution data file /home/ubuntu/TimeMachine/results/AmazeFileManager-3.4.2-#1837-rebuilt.apk.timemachine.result.emulator-5554#2026-08-17-01-00-46/ec_files/emulator-55542026-08-17-01-23-22.ec.
[INFO] Loading execution data file /home/ubuntu/TimeMachine/results/AmazeFileManager-3.4.2-#1837-rebuilt.apk.timemachine.result.emulator-5554#2026-08-17-01-00-46/ec_files/emulator-55542026-08-17-01-23-34.ec.
[INFO] Loading execution data file /home/ubuntu/TimeMachine/results/AmazeFileManager-3.4.2-#1837-rebuilt.apk.timemachine.result.emulator-5554#2026-08-17-01-00-46/ec_files/emulator-55542026-08-17-01-23-47.ec.
[INFO] Loading execution data file /home/ubuntu/TimeMachine/results/AmazeFileManager-3.4.2-#1837-rebuilt.apk.timemachine.result.emulator-5554#2026-08-17-01-00-46/ec_files/emulator-55542026-08-17-01-23-58.ec.
[INFO] Loading execution data file /home/ubuntu/TimeMachine/results/AmazeFileManager-3.4.2-#1837-rebuilt.apk.timemachine.result.emulator-5554#2026-08-17-01-00-46/ec_files/emulator-55542026-08-17-01-24-09.ec.
[INFO] Loading execution data file /home/ubuntu/TimeMachine/results/AmazeFileManager-3.4.2-#1837-rebuilt.apk.timemachine.result.emulator-5554#2026-08-17-01-00-46/ec_files/emulator-55542026-08-17-01-24-28.ec.
[INFO] Loading execution data file /home/ubuntu/TimeMachine/results/AmazeFileManager-3.4.2-#1837-rebuilt.apk.timemachine.result.emulator-5554#2026-08-17-01-00-46/ec_files/emulator-55542026-08-17-01-24-43.ec.
[INFO] Loading execution data file /home/ubuntu/TimeMachine/results/AmazeFileManager-3.4.2-#1837-rebuilt.apk.timemachine.result.emulator-5554#2026-08-17-01-00-46/ec_files/emulator-55542026-08-17-01-24-56.ec.
[INFO] Analyzing 508 classes.
   
-----------
current jacoco line coverage rate: 0.190733011302
-----------
--coverage when the new state is triggered: 0.190733011302 current jacoco line coverage rate : 0.190733011302
===================> PENALIZE STATE <=====================
deque(['-1243038535', '-307486232', '-1243038535', '-1975263574', '297665743', '1110022260', '566434814', '1110022260', '619645921', '-165945893'], maxlen=10)
Frequent nodes 
[('183131266', <state_graph.State instance at 0x791e83bc0960>), ('-583182176', <state_graph.State instance at 0x791e88ebac80>), ('OOAUT', <state_graph.State instance at 0x791eaa94c230>), ('1893074188', <state_graph.State instance at 0x791e88307c80>), ('-307486232', <state_graph.State instance at 0x791e8ba52d70>), ('-1433637423', <state_graph.State instance at 0x791e88132e10>)]
the portion to the top 20% most frequent states: 0.375
Frequent nodes 
[('183131266', <state_graph.State instance at 0x791e83bc0960>), ('-583182176', <state_graph.State instance at 0x791e88ebac80>), ('OOAUT', <state_graph.State instance at 0x791eaa94c230>), ('1893074188', <state_graph.State instance at 0x791e88307c80>), ('-307486232', <state_graph.State instance at 0x791e8ba52d70>), ('-1433637423', <state_graph.State instance at 0x791e88132e10>)]
--extracted id: 1138396480  num_controllable_widgets: 0
--transiton occurs
--a new state is triggered and add 1138396480 into the state graph.
get_jacoco_coverage- return code:  output: Broadcasting: Intent { act=edu.gatech.m3.emma.COLLECT_COVERAGE }
Broadcast completed: result=0
---
[COVERAGE FILE EXIST?]
coverage.ec
---
---
[VALIDATE COVERAGE FILE]$ java -jar /home/ubuntu/TimeMachine/fuzzingandroid/libs/jacococli.jar report /home/ubuntu/TimeMachine/results/AmazeFileManager-3.4.2-#1837-rebuilt.apk.timemachine.result.emulator-5554#2026-08-17-01-00-46/ec_files/emulator-55542026-08-17-01-25-09.ec  --classfiles /home/ubuntu/TimeMachine/instrumented_apps/AmazeFileManager/AmazeFileManager-#1837/app/build/intermediates/javac/fdroidDebug/classes/ --classfiles /home/ubuntu/TimeMachine/instrumented_apps/AmazeFileManager/AmazeFileManager-#1837/commons_compress_7z/build/intermediates/javac/debug/classes/ --sourcefiles /home/ubuntu/TimeMachine/instrumented_apps/AmazeFileManager/AmazeFileManager-#1837/app/src/main/java/ --sourcefiles /home/ubuntu/TimeMachine/instrumented_apps/AmazeFileManager/AmazeFileManager-#1837/commons_compress_7z/src/main/java/ &> temp
---
---
[VALIDATE MESSAGE]
---
SUCCESS: coverage file is valid!
[INFO] Loading execution data file /home/ubuntu/TimeMachine/results/AmazeFileManager-3.4.2-#1837-rebuilt.apk.timemachine.result.emulator-5554#2026-08-17-01-00-46/ec_files/emulator-55542026-08-17-01-25-09.ec.
[INFO] Analyzing 508 classes.
 /sdcard/coverage.ec: 1 file pulled, 0 skipped. 0.1 MB/s (4443 bytes in 0.044s)
 
compute_coverage-return code:  output: /home/ubuntu/TimeMachine/results/AmazeFileManager-3.4.2-#1837-rebuilt.apk.timemachine.result.emulator-5554#2026-08-17-01-00-46/ec_files/coveragetemp.ec /home/ubuntu/TimeMachine/results/AmazeFileManager-3.4.2-#1837-rebuilt.apk.timemachine.result.emulator-5554#2026-08-17-01-00-46/ec_files/emulator-55542026-08-17-01-09-02.ec /home/ubuntu/TimeMachine/results/AmazeFileManager-3.4.2-#1837-rebuilt.apk.timemachine.result.emulator-5554#2026-08-17-01-00-46/ec_files/emulator-55542026-08-17-01-09-05.ec /home/ubuntu/TimeMachine/results/AmazeFileManager-3.4.2-#1837-rebuilt.apk.timemachine.result.emulator-5554#2026-08-17-01-00-46/ec_files/emulator-55542026-08-17-01-16-12.ec /home/ubuntu/TimeMachine/results/AmazeFileManager-3.4.2-#1837-rebuilt.apk.timemachine.result.emulator-5554#2026-08-17-01-00-46/ec_files/emulator-55542026-08-17-01-16-28.ec /home/ubuntu/TimeMachine/results/AmazeFileManager-3.4.2-#1837-rebuilt.apk.timemachine.result.emulator-5554#2026-08-17-01-00-46/ec_files/emulator-55542026-08-17-01-16-41.ec /home/ubuntu/TimeMachine/results/AmazeFileManager-3.4.2-#1837-rebuilt.apk.timemachine.result.emulator-5554#2026-08-17-01-00-46/ec_files/emulator-55542026-08-17-01-16-55.ec /home/ubuntu/TimeMachine/results/AmazeFileManager-3.4.2-#1837-rebuilt.apk.timemachine.result.emulator-5554#2026-08-17-01-00-46/ec_files/emulator-55542026-08-17-01-17-06.ec /home/ubuntu/TimeMachine/results/AmazeFileManager-3.4.2-#1837-rebuilt.apk.timemachine.result.emulator-5554#2026-08-17-01-00-46/ec_files/emulator-55542026-08-17-01-17-18.ec /home/ubuntu/TimeMachine/results/AmazeFileManager-3.4.2-#1837-rebuilt.apk.timemachine.result.emulator-5554#2026-08-17-01-00-46/ec_files/emulator-55542026-08-17-01-18-42.ec /home/ubuntu/TimeMachine/results/AmazeFileManager-3.4.2-#1837-rebuilt.apk.timemachine.result.emulator-5554#2026-08-17-01-00-46/ec_files/emulator-55542026-08-17-01-19-37.ec /home/ubuntu/TimeMachine/results/AmazeFileManager-3.4.2-#1837-rebuilt.apk.timemachine.result.emulator-5554#2026-08-17-01-00-46/ec_files/emulator-55542026-08-17-01-19-48.ec /home/ubuntu/TimeMachine/results/AmazeFileManager-3.4.2-#1837-rebuilt.apk.timemachine.result.emulator-5554#2026-08-17-01-00-46/ec_files/emulator-55542026-08-17-01-20-06.ec /home/ubuntu/TimeMachine/results/AmazeFileManager-3.4.2-#1837-rebuilt.apk.timemachine.result.emulator-5554#2026-08-17-01-00-46/ec_files/emulator-55542026-08-17-01-20-22.ec /home/ubuntu/TimeMachine/results/AmazeFileManager-3.4.2-#1837-rebuilt.apk.timemachine.result.emulator-5554#2026-08-17-01-00-46/ec_files/emulator-55542026-08-17-01-20-37.ec /home/ubuntu/TimeMachine/results/AmazeFileManager-3.4.2-#1837-rebuilt.apk.timemachine.result.emulator-5554#2026-08-17-01-00-46/ec_files/emulator-55542026-08-17-01-20-50.ec /home/ubuntu/TimeMachine/results/AmazeFileManager-3.4.2-#1837-rebuilt.apk.timemachine.result.emulator-5554#2026-08-17-01-00-46/ec_files/emulator-55542026-08-17-01-21-08.ec /home/ubuntu/TimeMachine/results/AmazeFileManager-3.4.2-#1837-rebuilt.apk.timemachine.result.emulator-5554#2026-08-17-01-00-46/ec_files/emulator-55542026-08-17-01-21-20.ec /home/ubuntu/TimeMachine/results/AmazeFileManager-3.4.2-#1837-rebuilt.apk.timemachine.result.emulator-5554#2026-08-17-01-00-46/ec_files/emulator-55542026-08-17-01-21-33.ec /home/ubuntu/TimeMachine/results/AmazeFileManager-3.4.2-#1837-rebuilt.apk.timemachine.result.emulator-5554#2026-08-17-01-00-46/ec_files/emulator-55542026-08-17-01-21-46.ec /home/ubuntu/TimeMachine/results/AmazeFileManager-3.4.2-#1837-rebuilt.apk.timemachine.result.emulator-5554#2026-08-17-01-00-46/ec_files/emulator-55542026-08-17-01-22-01.ec /home/ubuntu/TimeMachine/results/AmazeFileManager-3.4.2-#1837-rebuilt.apk.timemachine.result.emulator-5554#2026-08-17-01-00-46/ec_files/emulator-55542026-08-17-01-22-12.ec /home/ubuntu/TimeMachine/results/AmazeFileManager-3.4.2-#1837-rebuilt.apk.timemachine.result.emulator-5554#2026-08-17-01-00-46/ec_files/emulator-55542026-08-17-01-22-27.ec /home/ubuntu/TimeMachine/results/AmazeFileManager-3.4.2-#1837-rebuilt.apk.timemachine.result.emulator-5554#2026-08-17-01-00-46/ec_files/emulator-55542026-08-17-01-22-41.ec /home/ubuntu/TimeMachine/results/AmazeFileManager-3.4.2-#1837-rebuilt.apk.timemachine.result.emulator-5554#2026-08-17-01-00-46/ec_files/emulator-55542026-08-17-01-22-51.ec /home/ubuntu/TimeMachine/results/AmazeFileManager-3.4.2-#1837-rebuilt.apk.timemachine.result.emulator-5554#2026-08-17-01-00-46/ec_files/emulator-55542026-08-17-01-23-08.ec /home/ubuntu/TimeMachine/results/AmazeFileManager-3.4.2-#1837-rebuilt.apk.timemachine.result.emulator-5554#2026-08-17-01-00-46/ec_files/emulator-55542026-08-17-01-23-22.ec /home/ubuntu/TimeMachine/results/AmazeFileManager-3.4.2-#1837-rebuilt.apk.timemachine.result.emulator-5554#2026-08-17-01-00-46/ec_files/emulator-55542026-08-17-01-23-34.ec /home/ubuntu/TimeMachine/results/AmazeFileManager-3.4.2-#1837-rebuilt.apk.timemachine.result.emulator-5554#2026-08-17-01-00-46/ec_files/emulator-55542026-08-17-01-23-47.ec /home/ubuntu/TimeMachine/results/AmazeFileManager-3.4.2-#1837-rebuilt.apk.timemachine.result.emulator-5554#2026-08-17-01-00-46/ec_files/emulator-55542026-08-17-01-23-58.ec /home/ubuntu/TimeMachine/results/AmazeFileManager-3.4.2-#1837-rebuilt.apk.timemachine.result.emulator-5554#2026-08-17-01-00-46/ec_files/emulator-55542026-08-17-01-24-09.ec /home/ubuntu/TimeMachine/results/AmazeFileManager-3.4.2-#1837-rebuilt.apk.timemachine.result.emulator-5554#2026-08-17-01-00-46/ec_files/emulator-55542026-08-17-01-24-28.ec /home/ubuntu/TimeMachine/results/AmazeFileManager-3.4.2-#1837-rebuilt.apk.timemachine.result.emulator-5554#2026-08-17-01-00-46/ec_files/emulator-55542026-08-17-01-24-43.ec /home/ubuntu/TimeMachine/results/AmazeFileManager-3.4.2-#1837-rebuilt.apk.timemachine.result.emulator-5554#2026-08-17-01-00-46/ec_files/emulator-55542026-08-17-01-24-56.ec /home/ubuntu/TimeMachine/results/AmazeFileManager-3.4.2-#1837-rebuilt.apk.timemachine.result.emulator-5554#2026-08-17-01-00-46/ec_files/emulator-55542026-08-17-01-25-09.ec
[INFO] Loading execution data file /home/ubuntu/TimeMachine/results/AmazeFileManager-3.4.2-#1837-rebuilt.apk.timemachine.result.emulator-5554#2026-08-17-01-00-46/ec_files/coveragetemp.ec.
[INFO] Loading execution data file /home/ubuntu/TimeMachine/results/AmazeFileManager-3.4.2-#1837-rebuilt.apk.timemachine.result.emulator-5554#2026-08-17-01-00-46/ec_files/emulator-55542026-08-17-01-09-02.ec.
[INFO] Loading execution data file /home/ubuntu/TimeMachine/results/AmazeFileManager-3.4.2-#1837-rebuilt.apk.timemachine.result.emulator-5554#2026-08-17-01-00-46/ec_files/emulator-55542026-08-17-01-09-05.ec.
[INFO] Loading execution data file /home/ubuntu/TimeMachine/results/AmazeFileManager-3.4.2-#1837-rebuilt.apk.timemachine.result.emulator-5554#2026-08-17-01-00-46/ec_files/emulator-55542026-08-17-01-16-12.ec.
[INFO] Loading execution data file /home/ubuntu/TimeMachine/results/AmazeFileManager-3.4.2-#1837-rebuilt.apk.timemachine.result.emulator-5554#2026-08-17-01-00-46/ec_files/emulator-55542026-08-17-01-16-28.ec.
[INFO] Loading execution data file /home/ubuntu/TimeMachine/results/AmazeFileManager-3.4.2-#1837-rebuilt.apk.timemachine.result.emulator-5554#2026-08-17-01-00-46/ec_files/emulator-55542026-08-17-01-16-41.ec.
[INFO] Loading execution data file /home/ubuntu/TimeMachine/results/AmazeFileManager-3.4.2-#1837-rebuilt.apk.timemachine.result.emulator-5554#2026-08-17-01-00-46/ec_files/emulator-55542026-08-17-01-16-55.ec.
[INFO] Loading execution data file /home/ubuntu/TimeMachine/results/AmazeFileManager-3.4.2-#1837-rebuilt.apk.timemachine.result.emulator-5554#2026-08-17-01-00-46/ec_files/emulator-55542026-08-17-01-17-06.ec.
[INFO] Loading execution data file /home/ubuntu/TimeMachine/results/AmazeFileManager-3.4.2-#1837-rebuilt.apk.timemachine.result.emulator-5554#2026-08-17-01-00-46/ec_files/emulator-55542026-08-17-01-17-18.ec.
[INFO] Loading execution data file /home/ubuntu/TimeMachine/results/AmazeFileManager-3.4.2-#1837-rebuilt.apk.timemachine.result.emulator-5554#2026-08-17-01-00-46/ec_files/emulator-55542026-08-17-01-18-42.ec.
[INFO] Loading execution data file /home/ubuntu/TimeMachine/results/AmazeFileManager-3.4.2-#1837-rebuilt.apk.timemachine.result.emulator-5554#2026-08-17-01-00-46/ec_files/emulator-55542026-08-17-01-19-37.ec.
[INFO] Loading execution data file /home/ubuntu/TimeMachine/results/AmazeFileManager-3.4.2-#1837-rebuilt.apk.timemachine.result.emulator-5554#2026-08-17-01-00-46/ec_files/emulator-55542026-08-17-01-19-48.ec.
[INFO] Loading execution data file /home/ubuntu/TimeMachine/results/AmazeFileManager-3.4.2-#1837-rebuilt.apk.timemachine.result.emulator-5554#2026-08-17-01-00-46/ec_files/emulator-55542026-08-17-01-20-06.ec.
[INFO] Loading execution data file /home/ubuntu/TimeMachine/results/AmazeFileManager-3.4.2-#1837-rebuilt.apk.timemachine.result.emulator-5554#2026-08-17-01-00-46/ec_files/emulator-55542026-08-17-01-20-22.ec.
[INFO] Loading execution data file /home/ubuntu/TimeMachine/results/AmazeFileManager-3.4.2-#1837-rebuilt.apk.timemachine.result.emulator-5554#2026-08-17-01-00-46/ec_files/emulator-55542026-08-17-01-20-37.ec.
[INFO] Loading execution data file /home/ubuntu/TimeMachine/results/AmazeFileManager-3.4.2-#1837-rebuilt.apk.timemachine.result.emulator-5554#2026-08-17-01-00-46/ec_files/emulator-55542026-08-17-01-20-50.ec.
[INFO] Loading execution data file /home/ubuntu/TimeMachine/results/AmazeFileManager-3.4.2-#1837-rebuilt.apk.timemachine.result.emulator-5554#2026-08-17-01-00-46/ec_files/emulator-55542026-08-17-01-21-08.ec.
[INFO] Loading execution data file /home/ubuntu/TimeMachine/results/AmazeFileManager-3.4.2-#1837-rebuilt.apk.timemachine.result.emulator-5554#2026-08-17-01-00-46/ec_files/emulator-55542026-08-17-01-21-20.ec.
[INFO] Loading execution data file /home/ubuntu/TimeMachine/results/AmazeFileManager-3.4.2-#1837-rebuilt.apk.timemachine.result.emulator-5554#2026-08-17-01-00-46/ec_files/emulator-55542026-08-17-01-21-33.ec.
[INFO] Loading execution data file /home/ubuntu/TimeMachine/results/AmazeFileManager-3.4.2-#1837-rebuilt.apk.timemachine.result.emulator-5554#2026-08-17-01-00-46/ec_files/emulator-55542026-08-17-01-21-46.ec.
[INFO] Loading execution data file /home/ubuntu/TimeMachine/results/AmazeFileManager-3.4.2-#1837-rebuilt.apk.timemachine.result.emulator-5554#2026-08-17-01-00-46/ec_files/emulator-55542026-08-17-01-22-01.ec.
[INFO] Loading execution data file /home/ubuntu/TimeMachine/results/AmazeFileManager-3.4.2-#1837-rebuilt.apk.timemachine.result.emulator-5554#2026-08-17-01-00-46/ec_files/emulator-55542026-08-17-01-22-12.ec.
[INFO] Loading execution data file /home/ubuntu/TimeMachine/results/AmazeFileManager-3.4.2-#1837-rebuilt.apk.timemachine.result.emulator-5554#2026-08-17-01-00-46/ec_files/emulator-55542026-08-17-01-22-27.ec.
[INFO] Loading execution data file /home/ubuntu/TimeMachine/results/AmazeFileManager-3.4.2-#1837-rebuilt.apk.timemachine.result.emulator-5554#2026-08-17-01-00-46/ec_files/emulator-55542026-08-17-01-22-41.ec.
[INFO] Loading execution data file /home/ubuntu/TimeMachine/results/AmazeFileManager-3.4.2-#1837-rebuilt.apk.timemachine.result.emulator-5554#2026-08-17-01-00-46/ec_files/emulator-55542026-08-17-01-22-51.ec.
[INFO] Loading execution data file /home/ubuntu/TimeMachine/results/AmazeFileManager-3.4.2-#1837-rebuilt.apk.timemachine.result.emulator-5554#2026-08-17-01-00-46/ec_files/emulator-55542026-08-17-01-23-08.ec.
[INFO] Loading execution data file /home/ubuntu/TimeMachine/results/AmazeFileManager-3.4.2-#1837-rebuilt.apk.timemachine.result.emulator-5554#2026-08-17-01-00-46/ec_files/emulator-55542026-08-17-01-23-22.ec.
[INFO] Loading execution data file /home/ubuntu/TimeMachine/results/AmazeFileManager-3.4.2-#1837-rebuilt.apk.timemachine.result.emulator-5554#2026-08-17-01-00-46/ec_files/emulator-55542026-08-17-01-23-34.ec.
[INFO] Loading execution data file /home/ubuntu/TimeMachine/results/AmazeFileManager-3.4.2-#1837-rebuilt.apk.timemachine.result.emulator-5554#2026-08-17-01-00-46/ec_files/emulator-55542026-08-17-01-23-47.ec.
[INFO] Loading execution data file /home/ubuntu/TimeMachine/results/AmazeFileManager-3.4.2-#1837-rebuilt.apk.timemachine.result.emulator-5554#2026-08-17-01-00-46/ec_files/emulator-55542026-08-17-01-23-58.ec.
[INFO] Loading execution data file /home/ubuntu/TimeMachine/results/AmazeFileManager-3.4.2-#1837-rebuilt.apk.timemachine.result.emulator-5554#2026-08-17-01-00-46/ec_files/emulator-55542026-08-17-01-24-09.ec.
[INFO] Loading execution data file /home/ubuntu/TimeMachine/results/AmazeFileManager-3.4.2-#1837-rebuilt.apk.timemachine.result.emulator-5554#2026-08-17-01-00-46/ec_files/emulator-55542026-08-17-01-24-28.ec.
[INFO] Loading execution data file /home/ubuntu/TimeMachine/results/AmazeFileManager-3.4.2-#1837-rebuilt.apk.timemachine.result.emulator-5554#2026-08-17-01-00-46/ec_files/emulator-55542026-08-17-01-24-43.ec.
[INFO] Loading execution data file /home/ubuntu/TimeMachine/results/AmazeFileManager-3.4.2-#1837-rebuilt.apk.timemachine.result.emulator-5554#2026-08-17-01-00-46/ec_files/emulator-55542026-08-17-01-24-56.ec.
[INFO] Loading execution data file /home/ubuntu/TimeMachine/results/AmazeFileManager-3.4.2-#1837-rebuilt.apk.timemachine.result.emulator-5554#2026-08-17-01-00-46/ec_files/emulator-55542026-08-17-01-25-09.ec.
[INFO] Analyzing 508 classes.
   
-----------
current jacoco line coverage rate: 0.190733011302
-----------
--coverage when the new state is triggered: 0.190733011302 current jacoco line coverage rate : 0.190733011302
===================> PENALIZE STATE <=====================
deque(['-307486232', '-1243038535', '-1975263574', '297665743', '1110022260', '566434814', '1110022260', '619645921', '-165945893', '1138396480'], maxlen=10)
Frequent nodes 
[('183131266', <state_graph.State instance at 0x791e83bc0960>), ('-583182176', <state_graph.State instance at 0x791e88ebac80>), ('OOAUT', <state_graph.State instance at 0x791eaa94c230>), ('1893074188', <state_graph.State instance at 0x791e88307c80>), ('-307486232', <state_graph.State instance at 0x791e8ba52d70>), ('-1433637423', <state_graph.State instance at 0x791e88132e10>)]
the portion to the top 20% most frequent states: 0.222222222222
Frequent nodes 
[('183131266', <state_graph.State instance at 0x791e83bc0960>), ('-583182176', <state_graph.State instance at 0x791e88ebac80>), ('OOAUT', <state_graph.State instance at 0x791eaa94c230>), ('1893074188', <state_graph.State instance at 0x791e88307c80>), ('-307486232', <state_graph.State instance at 0x791e8ba52d70>), ('-1433637423', <state_graph.State instance at 0x791e88132e10>)]
--extracted id: -2105113044  num_controllable_widgets: 4
--transiton occurs
--a new state is triggered and add -2105113044 into the state graph.
get_jacoco_coverage- return code:  output: Broadcasting: Intent { act=edu.gatech.m3.emma.COLLECT_COVERAGE }
Broadcast completed: result=0
---
[COVERAGE FILE EXIST?]
coverage.ec
---
---
[VALIDATE COVERAGE FILE]$ java -jar /home/ubuntu/TimeMachine/fuzzingandroid/libs/jacococli.jar report /home/ubuntu/TimeMachine/results/AmazeFileManager-3.4.2-#1837-rebuilt.apk.timemachine.result.emulator-5554#2026-08-17-01-00-46/ec_files/emulator-55542026-08-17-01-25-20.ec  --classfiles /home/ubuntu/TimeMachine/instrumented_apps/AmazeFileManager/AmazeFileManager-#1837/app/build/intermediates/javac/fdroidDebug/classes/ --classfiles /home/ubuntu/TimeMachine/instrumented_apps/AmazeFileManager/AmazeFileManager-#1837/commons_compress_7z/build/intermediates/javac/debug/classes/ --sourcefiles /home/ubuntu/TimeMachine/instrumented_apps/AmazeFileManager/AmazeFileManager-#1837/app/src/main/java/ --sourcefiles /home/ubuntu/TimeMachine/instrumented_apps/AmazeFileManager/AmazeFileManager-#1837/commons_compress_7z/src/main/java/ &> temp
---
---
[VALIDATE MESSAGE]
---
SUCCESS: coverage file is valid!
[INFO] Loading execution data file /home/ubuntu/TimeMachine/results/AmazeFileManager-3.4.2-#1837-rebuilt.apk.timemachine.result.emulator-5554#2026-08-17-01-00-46/ec_files/emulator-55542026-08-17-01-25-20.ec.
[INFO] Analyzing 508 classes.
 /sdcard/coverage.ec: 1 file pulled, 0 skipped. 0.3 MB/s (1696 bytes in 0.006s)
 
compute_coverage-return code:  output: /home/ubuntu/TimeMachine/results/AmazeFileManager-3.4.2-#1837-rebuilt.apk.timemachine.result.emulator-5554#2026-08-17-01-00-46/ec_files/coveragetemp.ec /home/ubuntu/TimeMachine/results/AmazeFileManager-3.4.2-#1837-rebuilt.apk.timemachine.result.emulator-5554#2026-08-17-01-00-46/ec_files/emulator-55542026-08-17-01-09-02.ec /home/ubuntu/TimeMachine/results/AmazeFileManager-3.4.2-#1837-rebuilt.apk.timemachine.result.emulator-5554#2026-08-17-01-00-46/ec_files/emulator-55542026-08-17-01-09-05.ec /home/ubuntu/TimeMachine/results/AmazeFileManager-3.4.2-#1837-rebuilt.apk.timemachine.result.emulator-5554#2026-08-17-01-00-46/ec_files/emulator-55542026-08-17-01-16-12.ec /home/ubuntu/TimeMachine/results/AmazeFileManager-3.4.2-#1837-rebuilt.apk.timemachine.result.emulator-5554#2026-08-17-01-00-46/ec_files/emulator-55542026-08-17-01-16-28.ec /home/ubuntu/TimeMachine/results/AmazeFileManager-3.4.2-#1837-rebuilt.apk.timemachine.result.emulator-5554#2026-08-17-01-00-46/ec_files/emulator-55542026-08-17-01-16-41.ec /home/ubuntu/TimeMachine/results/AmazeFileManager-3.4.2-#1837-rebuilt.apk.timemachine.result.emulator-5554#2026-08-17-01-00-46/ec_files/emulator-55542026-08-17-01-16-55.ec /home/ubuntu/TimeMachine/results/AmazeFileManager-3.4.2-#1837-rebuilt.apk.timemachine.result.emulator-5554#2026-08-17-01-00-46/ec_files/emulator-55542026-08-17-01-17-06.ec /home/ubuntu/TimeMachine/results/AmazeFileManager-3.4.2-#1837-rebuilt.apk.timemachine.result.emulator-5554#2026-08-17-01-00-46/ec_files/emulator-55542026-08-17-01-17-18.ec /home/ubuntu/TimeMachine/results/AmazeFileManager-3.4.2-#1837-rebuilt.apk.timemachine.result.emulator-5554#2026-08-17-01-00-46/ec_files/emulator-55542026-08-17-01-18-42.ec /home/ubuntu/TimeMachine/results/AmazeFileManager-3.4.2-#1837-rebuilt.apk.timemachine.result.emulator-5554#2026-08-17-01-00-46/ec_files/emulator-55542026-08-17-01-19-37.ec /home/ubuntu/TimeMachine/results/AmazeFileManager-3.4.2-#1837-rebuilt.apk.timemachine.result.emulator-5554#2026-08-17-01-00-46/ec_files/emulator-55542026-08-17-01-19-48.ec /home/ubuntu/TimeMachine/results/AmazeFileManager-3.4.2-#1837-rebuilt.apk.timemachine.result.emulator-5554#2026-08-17-01-00-46/ec_files/emulator-55542026-08-17-01-20-06.ec /home/ubuntu/TimeMachine/results/AmazeFileManager-3.4.2-#1837-rebuilt.apk.timemachine.result.emulator-5554#2026-08-17-01-00-46/ec_files/emulator-55542026-08-17-01-20-22.ec /home/ubuntu/TimeMachine/results/AmazeFileManager-3.4.2-#1837-rebuilt.apk.timemachine.result.emulator-5554#2026-08-17-01-00-46/ec_files/emulator-55542026-08-17-01-20-37.ec /home/ubuntu/TimeMachine/results/AmazeFileManager-3.4.2-#1837-rebuilt.apk.timemachine.result.emulator-5554#2026-08-17-01-00-46/ec_files/emulator-55542026-08-17-01-20-50.ec /home/ubuntu/TimeMachine/results/AmazeFileManager-3.4.2-#1837-rebuilt.apk.timemachine.result.emulator-5554#2026-08-17-01-00-46/ec_files/emulator-55542026-08-17-01-21-08.ec /home/ubuntu/TimeMachine/results/AmazeFileManager-3.4.2-#1837-rebuilt.apk.timemachine.result.emulator-5554#2026-08-17-01-00-46/ec_files/emulator-55542026-08-17-01-21-20.ec /home/ubuntu/TimeMachine/results/AmazeFileManager-3.4.2-#1837-rebuilt.apk.timemachine.result.emulator-5554#2026-08-17-01-00-46/ec_files/emulator-55542026-08-17-01-21-33.ec /home/ubuntu/TimeMachine/results/AmazeFileManager-3.4.2-#1837-rebuilt.apk.timemachine.result.emulator-5554#2026-08-17-01-00-46/ec_files/emulator-55542026-08-17-01-21-46.ec /home/ubuntu/TimeMachine/results/AmazeFileManager-3.4.2-#1837-rebuilt.apk.timemachine.result.emulator-5554#2026-08-17-01-00-46/ec_files/emulator-55542026-08-17-01-22-01.ec /home/ubuntu/TimeMachine/results/AmazeFileManager-3.4.2-#1837-rebuilt.apk.timemachine.result.emulator-5554#2026-08-17-01-00-46/ec_files/emulator-55542026-08-17-01-22-12.ec /home/ubuntu/TimeMachine/results/AmazeFileManager-3.4.2-#1837-rebuilt.apk.timemachine.result.emulator-5554#2026-08-17-01-00-46/ec_files/emulator-55542026-08-17-01-22-27.ec /home/ubuntu/TimeMachine/results/AmazeFileManager-3.4.2-#1837-rebuilt.apk.timemachine.result.emulator-5554#2026-08-17-01-00-46/ec_files/emulator-55542026-08-17-01-22-41.ec /home/ubuntu/TimeMachine/results/AmazeFileManager-3.4.2-#1837-rebuilt.apk.timemachine.result.emulator-5554#2026-08-17-01-00-46/ec_files/emulator-55542026-08-17-01-22-51.ec /home/ubuntu/TimeMachine/results/AmazeFileManager-3.4.2-#1837-rebuilt.apk.timemachine.result.emulator-5554#2026-08-17-01-00-46/ec_files/emulator-55542026-08-17-01-23-08.ec /home/ubuntu/TimeMachine/results/AmazeFileManager-3.4.2-#1837-rebuilt.apk.timemachine.result.emulator-5554#2026-08-17-01-00-46/ec_files/emulator-55542026-08-17-01-23-22.ec /home/ubuntu/TimeMachine/results/AmazeFileManager-3.4.2-#1837-rebuilt.apk.timemachine.result.emulator-5554#2026-08-17-01-00-46/ec_files/emulator-55542026-08-17-01-23-34.ec /home/ubuntu/TimeMachine/results/AmazeFileManager-3.4.2-#1837-rebuilt.apk.timemachine.result.emulator-5554#2026-08-17-01-00-46/ec_files/emulator-55542026-08-17-01-23-47.ec /home/ubuntu/TimeMachine/results/AmazeFileManager-3.4.2-#1837-rebuilt.apk.timemachine.result.emulator-5554#2026-08-17-01-00-46/ec_files/emulator-55542026-08-17-01-23-58.ec /home/ubuntu/TimeMachine/results/AmazeFileManager-3.4.2-#1837-rebuilt.apk.timemachine.result.emulator-5554#2026-08-17-01-00-46/ec_files/emulator-55542026-08-17-01-24-09.ec /home/ubuntu/TimeMachine/results/AmazeFileManager-3.4.2-#1837-rebuilt.apk.timemachine.result.emulator-5554#2026-08-17-01-00-46/ec_files/emulator-55542026-08-17-01-24-28.ec /home/ubuntu/TimeMachine/results/AmazeFileManager-3.4.2-#1837-rebuilt.apk.timemachine.result.emulator-5554#2026-08-17-01-00-46/ec_files/emulator-55542026-08-17-01-24-43.ec /home/ubuntu/TimeMachine/results/AmazeFileManager-3.4.2-#1837-rebuilt.apk.timemachine.result.emulator-5554#2026-08-17-01-00-46/ec_files/emulator-55542026-08-17-01-24-56.ec /home/ubuntu/TimeMachine/results/AmazeFileManager-3.4.2-#1837-rebuilt.apk.timemachine.result.emulator-5554#2026-08-17-01-00-46/ec_files/emulator-55542026-08-17-01-25-09.ec /home/ubuntu/TimeMachine/results/AmazeFileManager-3.4.2-#1837-rebuilt.apk.timemachine.result.emulator-5554#2026-08-17-01-00-46/ec_files/emulator-55542026-08-17-01-25-20.ec
[INFO] Loading execution data file /home/ubuntu/TimeMachine/results/AmazeFileManager-3.4.2-#1837-rebuilt.apk.timemachine.result.emulator-5554#2026-08-17-01-00-46/ec_files/coveragetemp.ec.
[INFO] Loading execution data file /home/ubuntu/TimeMachine/results/AmazeFileManager-3.4.2-#1837-rebuilt.apk.timemachine.result.emulator-5554#2026-08-17-01-00-46/ec_files/emulator-55542026-08-17-01-09-02.ec.
[INFO] Loading execution data file /home/ubuntu/TimeMachine/results/AmazeFileManager-3.4.2-#1837-rebuilt.apk.timemachine.result.emulator-5554#2026-08-17-01-00-46/ec_files/emulator-55542026-08-17-01-09-05.ec.
[INFO] Loading execution data file /home/ubuntu/TimeMachine/results/AmazeFileManager-3.4.2-#1837-rebuilt.apk.timemachine.result.emulator-5554#2026-08-17-01-00-46/ec_files/emulator-55542026-08-17-01-16-12.ec.
[INFO] Loading execution data file /home/ubuntu/TimeMachine/results/AmazeFileManager-3.4.2-#1837-rebuilt.apk.timemachine.result.emulator-5554#2026-08-17-01-00-46/ec_files/emulator-55542026-08-17-01-16-28.ec.
[INFO] Loading execution data file /home/ubuntu/TimeMachine/results/AmazeFileManager-3.4.2-#1837-rebuilt.apk.timemachine.result.emulator-5554#2026-08-17-01-00-46/ec_files/emulator-55542026-08-17-01-16-41.ec.
[INFO] Loading execution data file /home/ubuntu/TimeMachine/results/AmazeFileManager-3.4.2-#1837-rebuilt.apk.timemachine.result.emulator-5554#2026-08-17-01-00-46/ec_files/emulator-55542026-08-17-01-16-55.ec.
[INFO] Loading execution data file /home/ubuntu/TimeMachine/results/AmazeFileManager-3.4.2-#1837-rebuilt.apk.timemachine.result.emulator-5554#2026-08-17-01-00-46/ec_files/emulator-55542026-08-17-01-17-06.ec.
[INFO] Loading execution data file /home/ubuntu/TimeMachine/results/AmazeFileManager-3.4.2-#1837-rebuilt.apk.timemachine.result.emulator-5554#2026-08-17-01-00-46/ec_files/emulator-55542026-08-17-01-17-18.ec.
[INFO] Loading execution data file /home/ubuntu/TimeMachine/results/AmazeFileManager-3.4.2-#1837-rebuilt.apk.timemachine.result.emulator-5554#2026-08-17-01-00-46/ec_files/emulator-55542026-08-17-01-18-42.ec.
[INFO] Loading execution data file /home/ubuntu/TimeMachine/results/AmazeFileManager-3.4.2-#1837-rebuilt.apk.timemachine.result.emulator-5554#2026-08-17-01-00-46/ec_files/emulator-55542026-08-17-01-19-37.ec.
[INFO] Loading execution data file /home/ubuntu/TimeMachine/results/AmazeFileManager-3.4.2-#1837-rebuilt.apk.timemachine.result.emulator-5554#2026-08-17-01-00-46/ec_files/emulator-55542026-08-17-01-19-48.ec.
[INFO] Loading execution data file /home/ubuntu/TimeMachine/results/AmazeFileManager-3.4.2-#1837-rebuilt.apk.timemachine.result.emulator-5554#2026-08-17-01-00-46/ec_files/emulator-55542026-08-17-01-20-06.ec.
[INFO] Loading execution data file /home/ubuntu/TimeMachine/results/AmazeFileManager-3.4.2-#1837-rebuilt.apk.timemachine.result.emulator-5554#2026-08-17-01-00-46/ec_files/emulator-55542026-08-17-01-20-22.ec.
[INFO] Loading execution data file /home/ubuntu/TimeMachine/results/AmazeFileManager-3.4.2-#1837-rebuilt.apk.timemachine.result.emulator-5554#2026-08-17-01-00-46/ec_files/emulator-55542026-08-17-01-20-37.ec.
[INFO] Loading execution data file /home/ubuntu/TimeMachine/results/AmazeFileManager-3.4.2-#1837-rebuilt.apk.timemachine.result.emulator-5554#2026-08-17-01-00-46/ec_files/emulator-55542026-08-17-01-20-50.ec.
[INFO] Loading execution data file /home/ubuntu/TimeMachine/results/AmazeFileManager-3.4.2-#1837-rebuilt.apk.timemachine.result.emulator-5554#2026-08-17-01-00-46/ec_files/emulator-55542026-08-17-01-21-08.ec.
[INFO] Loading execution data file /home/ubuntu/TimeMachine/results/AmazeFileManager-3.4.2-#1837-rebuilt.apk.timemachine.result.emulator-5554#2026-08-17-01-00-46/ec_files/emulator-55542026-08-17-01-21-20.ec.
[INFO] Loading execution data file /home/ubuntu/TimeMachine/results/AmazeFileManager-3.4.2-#1837-rebuilt.apk.timemachine.result.emulator-5554#2026-08-17-01-00-46/ec_files/emulator-55542026-08-17-01-21-33.ec.
[INFO] Loading execution data file /home/ubuntu/TimeMachine/results/AmazeFileManager-3.4.2-#1837-rebuilt.apk.timemachine.result.emulator-5554#2026-08-17-01-00-46/ec_files/emulator-55542026-08-17-01-21-46.ec.
[INFO] Loading execution data file /home/ubuntu/TimeMachine/results/AmazeFileManager-3.4.2-#1837-rebuilt.apk.timemachine.result.emulator-5554#2026-08-17-01-00-46/ec_files/emulator-55542026-08-17-01-22-01.ec.
[INFO] Loading execution data file /home/ubuntu/TimeMachine/results/AmazeFileManager-3.4.2-#1837-rebuilt.apk.timemachine.result.emulator-5554#2026-08-17-01-00-46/ec_files/emulator-55542026-08-17-01-22-12.ec.
[INFO] Loading execution data file /home/ubuntu/TimeMachine/results/AmazeFileManager-3.4.2-#1837-rebuilt.apk.timemachine.result.emulator-5554#2026-08-17-01-00-46/ec_files/emulator-55542026-08-17-01-22-27.ec.
[INFO] Loading execution data file /home/ubuntu/TimeMachine/results/AmazeFileManager-3.4.2-#1837-rebuilt.apk.timemachine.result.emulator-5554#2026-08-17-01-00-46/ec_files/emulator-55542026-08-17-01-22-41.ec.
[INFO] Loading execution data file /home/ubuntu/TimeMachine/results/AmazeFileManager-3.4.2-#1837-rebuilt.apk.timemachine.result.emulator-5554#2026-08-17-01-00-46/ec_files/emulator-55542026-08-17-01-22-51.ec.
[INFO] Loading execution data file /home/ubuntu/TimeMachine/results/AmazeFileManager-3.4.2-#1837-rebuilt.apk.timemachine.result.emulator-5554#2026-08-17-01-00-46/ec_files/emulator-55542026-08-17-01-23-08.ec.
[INFO] Loading execution data file /home/ubuntu/TimeMachine/results/AmazeFileManager-3.4.2-#1837-rebuilt.apk.timemachine.result.emulator-5554#2026-08-17-01-00-46/ec_files/emulator-55542026-08-17-01-23-22.ec.
[INFO] Loading execution data file /home/ubuntu/TimeMachine/results/AmazeFileManager-3.4.2-#1837-rebuilt.apk.timemachine.result.emulator-5554#2026-08-17-01-00-46/ec_files/emulator-55542026-08-17-01-23-34.ec.
[INFO] Loading execution data file /home/ubuntu/TimeMachine/results/AmazeFileManager-3.4.2-#1837-rebuilt.apk.timemachine.result.emulator-5554#2026-08-17-01-00-46/ec_files/emulator-55542026-08-17-01-23-47.ec.
[INFO] Loading execution data file /home/ubuntu/TimeMachine/results/AmazeFileManager-3.4.2-#1837-rebuilt.apk.timemachine.result.emulator-5554#2026-08-17-01-00-46/ec_files/emulator-55542026-08-17-01-23-58.ec.
[INFO] Loading execution data file /home/ubuntu/TimeMachine/results/AmazeFileManager-3.4.2-#1837-rebuilt.apk.timemachine.result.emulator-5554#2026-08-17-01-00-46/ec_files/emulator-55542026-08-17-01-24-09.ec.
[INFO] Loading execution data file /home/ubuntu/TimeMachine/results/AmazeFileManager-3.4.2-#1837-rebuilt.apk.timemachine.result.emulator-5554#2026-08-17-01-00-46/ec_files/emulator-55542026-08-17-01-24-28.ec.
[INFO] Loading execution data file /home/ubuntu/TimeMachine/results/AmazeFileManager-3.4.2-#1837-rebuilt.apk.timemachine.result.emulator-5554#2026-08-17-01-00-46/ec_files/emulator-55542026-08-17-01-24-43.ec.
[INFO] Loading execution data file /home/ubuntu/TimeMachine/results/AmazeFileManager-3.4.2-#1837-rebuilt.apk.timemachine.result.emulator-5554#2026-08-17-01-00-46/ec_files/emulator-55542026-08-17-01-24-56.ec.
[INFO] Loading execution data file /home/ubuntu/TimeMachine/results/AmazeFileManager-3.4.2-#1837-rebuilt.apk.timemachine.result.emulator-5554#2026-08-17-01-00-46/ec_files/emulator-55542026-08-17-01-25-09.ec.
[INFO] Loading execution data file /home/ubuntu/TimeMachine/results/AmazeFileManager-3.4.2-#1837-rebuilt.apk.timemachine.result.emulator-5554#2026-08-17-01-00-46/ec_files/emulator-55542026-08-17-01-25-20.ec.
[INFO] Analyzing 508 classes.
   
-----------
current jacoco line coverage rate: 0.190733011302
-----------
--coverage when the new state is triggered: 0.190733011302 current jacoco line coverage rate : 0.190733011302
===================> PENALIZE STATE <=====================
deque(['-1243038535', '-1975263574', '297665743', '1110022260', '566434814', '1110022260', '619645921', '-165945893', '1138396480', '-2105113044'], maxlen=10)
Frequent nodes 
[('183131266', <state_graph.State instance at 0x791e83bc0960>), ('-583182176', <state_graph.State instance at 0x791e88ebac80>), ('OOAUT', <state_graph.State instance at 0x791eaa94c230>), ('1893074188', <state_graph.State instance at 0x791e88307c80>), ('-307486232', <state_graph.State instance at 0x791e8ba52d70>), ('-1433637423', <state_graph.State instance at 0x791e88132e10>), ('820917904', <state_graph.State instance at 0x791e8ac3f3c0>)]
the portion to the top 20% most frequent states: 0.111111111111
Frequent nodes 
[('183131266', <state_graph.State instance at 0x791e83bc0960>), ('-583182176', <state_graph.State instance at 0x791e88ebac80>), ('OOAUT', <state_graph.State instance at 0x791eaa94c230>), ('1893074188', <state_graph.State instance at 0x791e88307c80>), ('-307486232', <state_graph.State instance at 0x791e8ba52d70>), ('-1433637423', <state_graph.State instance at 0x791e88132e10>), ('820917904', <state_graph.State instance at 0x791e8ac3f3c0>)]
--extracted id: -2105113044  num_controllable_widgets: 4
--event num: 1
--extracted id: 1687122449  num_controllable_widgets: 3
--transiton occurs
--a new state is triggered and add 1687122449 into the state graph.
get_jacoco_coverage- return code:  output: Broadcasting: Intent { act=edu.gatech.m3.emma.COLLECT_COVERAGE }
Broadcast completed: result=0
---
[COVERAGE FILE EXIST?]
coverage.ec
---
---
[VALIDATE COVERAGE FILE]$ java -jar /home/ubuntu/TimeMachine/fuzzingandroid/libs/jacococli.jar report /home/ubuntu/TimeMachine/results/AmazeFileManager-3.4.2-#1837-rebuilt.apk.timemachine.result.emulator-5554#2026-08-17-01-00-46/ec_files/emulator-55542026-08-17-01-25-33.ec  --classfiles /home/ubuntu/TimeMachine/instrumented_apps/AmazeFileManager/AmazeFileManager-#1837/app/build/intermediates/javac/fdroidDebug/classes/ --classfiles /home/ubuntu/TimeMachine/instrumented_apps/AmazeFileManager/AmazeFileManager-#1837/commons_compress_7z/build/intermediates/javac/debug/classes/ --sourcefiles /home/ubuntu/TimeMachine/instrumented_apps/AmazeFileManager/AmazeFileManager-#1837/app/src/main/java/ --sourcefiles /home/ubuntu/TimeMachine/instrumented_apps/AmazeFileManager/AmazeFileManager-#1837/commons_compress_7z/src/main/java/ &> temp
---
---
[VALIDATE MESSAGE]
---
SUCCESS: coverage file is valid!
[INFO] Loading execution data file /home/ubuntu/TimeMachine/results/AmazeFileManager-3.4.2-#1837-rebuilt.apk.timemachine.result.emulator-5554#2026-08-17-01-00-46/ec_files/emulator-55542026-08-17-01-25-33.ec.
[INFO] Analyzing 508 classes.
 /sdcard/coverage.ec: 1 file pulled, 0 skipped. 0.1 MB/s (4408 bytes in 0.064s)
 
compute_coverage-return code:  output: /home/ubuntu/TimeMachine/results/AmazeFileManager-3.4.2-#1837-rebuilt.apk.timemachine.result.emulator-5554#2026-08-17-01-00-46/ec_files/coveragetemp.ec /home/ubuntu/TimeMachine/results/AmazeFileManager-3.4.2-#1837-rebuilt.apk.timemachine.result.emulator-5554#2026-08-17-01-00-46/ec_files/emulator-55542026-08-17-01-09-02.ec /home/ubuntu/TimeMachine/results/AmazeFileManager-3.4.2-#1837-rebuilt.apk.timemachine.result.emulator-5554#2026-08-17-01-00-46/ec_files/emulator-55542026-08-17-01-09-05.ec /home/ubuntu/TimeMachine/results/AmazeFileManager-3.4.2-#1837-rebuilt.apk.timemachine.result.emulator-5554#2026-08-17-01-00-46/ec_files/emulator-55542026-08-17-01-16-12.ec /home/ubuntu/TimeMachine/results/AmazeFileManager-3.4.2-#1837-rebuilt.apk.timemachine.result.emulator-5554#2026-08-17-01-00-46/ec_files/emulator-55542026-08-17-01-16-28.ec /home/ubuntu/TimeMachine/results/AmazeFileManager-3.4.2-#1837-rebuilt.apk.timemachine.result.emulator-5554#2026-08-17-01-00-46/ec_files/emulator-55542026-08-17-01-16-41.ec /home/ubuntu/TimeMachine/results/AmazeFileManager-3.4.2-#1837-rebuilt.apk.timemachine.result.emulator-5554#2026-08-17-01-00-46/ec_files/emulator-55542026-08-17-01-16-55.ec /home/ubuntu/TimeMachine/results/AmazeFileManager-3.4.2-#1837-rebuilt.apk.timemachine.result.emulator-5554#2026-08-17-01-00-46/ec_files/emulator-55542026-08-17-01-17-06.ec /home/ubuntu/TimeMachine/results/AmazeFileManager-3.4.2-#1837-rebuilt.apk.timemachine.result.emulator-5554#2026-08-17-01-00-46/ec_files/emulator-55542026-08-17-01-17-18.ec /home/ubuntu/TimeMachine/results/AmazeFileManager-3.4.2-#1837-rebuilt.apk.timemachine.result.emulator-5554#2026-08-17-01-00-46/ec_files/emulator-55542026-08-17-01-18-42.ec /home/ubuntu/TimeMachine/results/AmazeFileManager-3.4.2-#1837-rebuilt.apk.timemachine.result.emulator-5554#2026-08-17-01-00-46/ec_files/emulator-55542026-08-17-01-19-37.ec /home/ubuntu/TimeMachine/results/AmazeFileManager-3.4.2-#1837-rebuilt.apk.timemachine.result.emulator-5554#2026-08-17-01-00-46/ec_files/emulator-55542026-08-17-01-19-48.ec /home/ubuntu/TimeMachine/results/AmazeFileManager-3.4.2-#1837-rebuilt.apk.timemachine.result.emulator-5554#2026-08-17-01-00-46/ec_files/emulator-55542026-08-17-01-20-06.ec /home/ubuntu/TimeMachine/results/AmazeFileManager-3.4.2-#1837-rebuilt.apk.timemachine.result.emulator-5554#2026-08-17-01-00-46/ec_files/emulator-55542026-08-17-01-20-22.ec /home/ubuntu/TimeMachine/results/AmazeFileManager-3.4.2-#1837-rebuilt.apk.timemachine.result.emulator-5554#2026-08-17-01-00-46/ec_files/emulator-55542026-08-17-01-20-37.ec /home/ubuntu/TimeMachine/results/AmazeFileManager-3.4.2-#1837-rebuilt.apk.timemachine.result.emulator-5554#2026-08-17-01-00-46/ec_files/emulator-55542026-08-17-01-20-50.ec /home/ubuntu/TimeMachine/results/AmazeFileManager-3.4.2-#1837-rebuilt.apk.timemachine.result.emulator-5554#2026-08-17-01-00-46/ec_files/emulator-55542026-08-17-01-21-08.ec /home/ubuntu/TimeMachine/results/AmazeFileManager-3.4.2-#1837-rebuilt.apk.timemachine.result.emulator-5554#2026-08-17-01-00-46/ec_files/emulator-55542026-08-17-01-21-20.ec /home/ubuntu/TimeMachine/results/AmazeFileManager-3.4.2-#1837-rebuilt.apk.timemachine.result.emulator-5554#2026-08-17-01-00-46/ec_files/emulator-55542026-08-17-01-21-33.ec /home/ubuntu/TimeMachine/results/AmazeFileManager-3.4.2-#1837-rebuilt.apk.timemachine.result.emulator-5554#2026-08-17-01-00-46/ec_files/emulator-55542026-08-17-01-21-46.ec /home/ubuntu/TimeMachine/results/AmazeFileManager-3.4.2-#1837-rebuilt.apk.timemachine.result.emulator-5554#2026-08-17-01-00-46/ec_files/emulator-55542026-08-17-01-22-01.ec /home/ubuntu/TimeMachine/results/AmazeFileManager-3.4.2-#1837-rebuilt.apk.timemachine.result.emulator-5554#2026-08-17-01-00-46/ec_files/emulator-55542026-08-17-01-22-12.ec /home/ubuntu/TimeMachine/results/AmazeFileManager-3.4.2-#1837-rebuilt.apk.timemachine.result.emulator-5554#2026-08-17-01-00-46/ec_files/emulator-55542026-08-17-01-22-27.ec /home/ubuntu/TimeMachine/results/AmazeFileManager-3.4.2-#1837-rebuilt.apk.timemachine.result.emulator-5554#2026-08-17-01-00-46/ec_files/emulator-55542026-08-17-01-22-41.ec /home/ubuntu/TimeMachine/results/AmazeFileManager-3.4.2-#1837-rebuilt.apk.timemachine.result.emulator-5554#2026-08-17-01-00-46/ec_files/emulator-55542026-08-17-01-22-51.ec /home/ubuntu/TimeMachine/results/AmazeFileManager-3.4.2-#1837-rebuilt.apk.timemachine.result.emulator-5554#2026-08-17-01-00-46/ec_files/emulator-55542026-08-17-01-23-08.ec /home/ubuntu/TimeMachine/results/AmazeFileManager-3.4.2-#1837-rebuilt.apk.timemachine.result.emulator-5554#2026-08-17-01-00-46/ec_files/emulator-55542026-08-17-01-23-22.ec /home/ubuntu/TimeMachine/results/AmazeFileManager-3.4.2-#1837-rebuilt.apk.timemachine.result.emulator-5554#2026-08-17-01-00-46/ec_files/emulator-55542026-08-17-01-23-34.ec /home/ubuntu/TimeMachine/results/AmazeFileManager-3.4.2-#1837-rebuilt.apk.timemachine.result.emulator-5554#2026-08-17-01-00-46/ec_files/emulator-55542026-08-17-01-23-47.ec /home/ubuntu/TimeMachine/results/AmazeFileManager-3.4.2-#1837-rebuilt.apk.timemachine.result.emulator-5554#2026-08-17-01-00-46/ec_files/emulator-55542026-08-17-01-23-58.ec /home/ubuntu/TimeMachine/results/AmazeFileManager-3.4.2-#1837-rebuilt.apk.timemachine.result.emulator-5554#2026-08-17-01-00-46/ec_files/emulator-55542026-08-17-01-24-09.ec /home/ubuntu/TimeMachine/results/AmazeFileManager-3.4.2-#1837-rebuilt.apk.timemachine.result.emulator-5554#2026-08-17-01-00-46/ec_files/emulator-55542026-08-17-01-24-28.ec /home/ubuntu/TimeMachine/results/AmazeFileManager-3.4.2-#1837-rebuilt.apk.timemachine.result.emulator-5554#2026-08-17-01-00-46/ec_files/emulator-55542026-08-17-01-24-43.ec /home/ubuntu/TimeMachine/results/AmazeFileManager-3.4.2-#1837-rebuilt.apk.timemachine.result.emulator-5554#2026-08-17-01-00-46/ec_files/emulator-55542026-08-17-01-24-56.ec /home/ubuntu/TimeMachine/results/AmazeFileManager-3.4.2-#1837-rebuilt.apk.timemachine.result.emulator-5554#2026-08-17-01-00-46/ec_files/emulator-55542026-08-17-01-25-09.ec /home/ubuntu/TimeMachine/results/AmazeFileManager-3.4.2-#1837-rebuilt.apk.timemachine.result.emulator-5554#2026-08-17-01-00-46/ec_files/emulator-55542026-08-17-01-25-20.ec /home/ubuntu/TimeMachine/results/AmazeFileManager-3.4.2-#1837-rebuilt.apk.timemachine.result.emulator-5554#2026-08-17-01-00-46/ec_files/emulator-55542026-08-17-01-25-33.ec
[INFO] Loading execution data file /home/ubuntu/TimeMachine/results/AmazeFileManager-3.4.2-#1837-rebuilt.apk.timemachine.result.emulator-5554#2026-08-17-01-00-46/ec_files/coveragetemp.ec.
[INFO] Loading execution data file /home/ubuntu/TimeMachine/results/AmazeFileManager-3.4.2-#1837-rebuilt.apk.timemachine.result.emulator-5554#2026-08-17-01-00-46/ec_files/emulator-55542026-08-17-01-09-02.ec.
[INFO] Loading execution data file /home/ubuntu/TimeMachine/results/AmazeFileManager-3.4.2-#1837-rebuilt.apk.timemachine.result.emulator-5554#2026-08-17-01-00-46/ec_files/emulator-55542026-08-17-01-09-05.ec.
[INFO] Loading execution data file /home/ubuntu/TimeMachine/results/AmazeFileManager-3.4.2-#1837-rebuilt.apk.timemachine.result.emulator-5554#2026-08-17-01-00-46/ec_files/emulator-55542026-08-17-01-16-12.ec.
[INFO] Loading execution data file /home/ubuntu/TimeMachine/results/AmazeFileManager-3.4.2-#1837-rebuilt.apk.timemachine.result.emulator-5554#2026-08-17-01-00-46/ec_files/emulator-55542026-08-17-01-16-28.ec.
[INFO] Loading execution data file /home/ubuntu/TimeMachine/results/AmazeFileManager-3.4.2-#1837-rebuilt.apk.timemachine.result.emulator-5554#2026-08-17-01-00-46/ec_files/emulator-55542026-08-17-01-16-41.ec.
[INFO] Loading execution data file /home/ubuntu/TimeMachine/results/AmazeFileManager-3.4.2-#1837-rebuilt.apk.timemachine.result.emulator-5554#2026-08-17-01-00-46/ec_files/emulator-55542026-08-17-01-16-55.ec.
[INFO] Loading execution data file /home/ubuntu/TimeMachine/results/AmazeFileManager-3.4.2-#1837-rebuilt.apk.timemachine.result.emulator-5554#2026-08-17-01-00-46/ec_files/emulator-55542026-08-17-01-17-06.ec.
[INFO] Loading execution data file /home/ubuntu/TimeMachine/results/AmazeFileManager-3.4.2-#1837-rebuilt.apk.timemachine.result.emulator-5554#2026-08-17-01-00-46/ec_files/emulator-55542026-08-17-01-17-18.ec.
[INFO] Loading execution data file /home/ubuntu/TimeMachine/results/AmazeFileManager-3.4.2-#1837-rebuilt.apk.timemachine.result.emulator-5554#2026-08-17-01-00-46/ec_files/emulator-55542026-08-17-01-18-42.ec.
[INFO] Loading execution data file /home/ubuntu/TimeMachine/results/AmazeFileManager-3.4.2-#1837-rebuilt.apk.timemachine.result.emulator-5554#2026-08-17-01-00-46/ec_files/emulator-55542026-08-17-01-19-37.ec.
[INFO] Loading execution data file /home/ubuntu/TimeMachine/results/AmazeFileManager-3.4.2-#1837-rebuilt.apk.timemachine.result.emulator-5554#2026-08-17-01-00-46/ec_files/emulator-55542026-08-17-01-19-48.ec.
[INFO] Loading execution data file /home/ubuntu/TimeMachine/results/AmazeFileManager-3.4.2-#1837-rebuilt.apk.timemachine.result.emulator-5554#2026-08-17-01-00-46/ec_files/emulator-55542026-08-17-01-20-06.ec.
[INFO] Loading execution data file /home/ubuntu/TimeMachine/results/AmazeFileManager-3.4.2-#1837-rebuilt.apk.timemachine.result.emulator-5554#2026-08-17-01-00-46/ec_files/emulator-55542026-08-17-01-20-22.ec.
[INFO] Loading execution data file /home/ubuntu/TimeMachine/results/AmazeFileManager-3.4.2-#1837-rebuilt.apk.timemachine.result.emulator-5554#2026-08-17-01-00-46/ec_files/emulator-55542026-08-17-01-20-37.ec.
[INFO] Loading execution data file /home/ubuntu/TimeMachine/results/AmazeFileManager-3.4.2-#1837-rebuilt.apk.timemachine.result.emulator-5554#2026-08-17-01-00-46/ec_files/emulator-55542026-08-17-01-20-50.ec.
[INFO] Loading execution data file /home/ubuntu/TimeMachine/results/AmazeFileManager-3.4.2-#1837-rebuilt.apk.timemachine.result.emulator-5554#2026-08-17-01-00-46/ec_files/emulator-55542026-08-17-01-21-08.ec.
[INFO] Loading execution data file /home/ubuntu/TimeMachine/results/AmazeFileManager-3.4.2-#1837-rebuilt.apk.timemachine.result.emulator-5554#2026-08-17-01-00-46/ec_files/emulator-55542026-08-17-01-21-20.ec.
[INFO] Loading execution data file /home/ubuntu/TimeMachine/results/AmazeFileManager-3.4.2-#1837-rebuilt.apk.timemachine.result.emulator-5554#2026-08-17-01-00-46/ec_files/emulator-55542026-08-17-01-21-33.ec.
[INFO] Loading execution data file /home/ubuntu/TimeMachine/results/AmazeFileManager-3.4.2-#1837-rebuilt.apk.timemachine.result.emulator-5554#2026-08-17-01-00-46/ec_files/emulator-55542026-08-17-01-21-46.ec.
[INFO] Loading execution data file /home/ubuntu/TimeMachine/results/AmazeFileManager-3.4.2-#1837-rebuilt.apk.timemachine.result.emulator-5554#2026-08-17-01-00-46/ec_files/emulator-55542026-08-17-01-22-01.ec.
[INFO] Loading execution data file /home/ubuntu/TimeMachine/results/AmazeFileManager-3.4.2-#1837-rebuilt.apk.timemachine.result.emulator-5554#2026-08-17-01-00-46/ec_files/emulator-55542026-08-17-01-22-12.ec.
[INFO] Loading execution data file /home/ubuntu/TimeMachine/results/AmazeFileManager-3.4.2-#1837-rebuilt.apk.timemachine.result.emulator-5554#2026-08-17-01-00-46/ec_files/emulator-55542026-08-17-01-22-27.ec.
[INFO] Loading execution data file /home/ubuntu/TimeMachine/results/AmazeFileManager-3.4.2-#1837-rebuilt.apk.timemachine.result.emulator-5554#2026-08-17-01-00-46/ec_files/emulator-55542026-08-17-01-22-41.ec.
[INFO] Loading execution data file /home/ubuntu/TimeMachine/results/AmazeFileManager-3.4.2-#1837-rebuilt.apk.timemachine.result.emulator-5554#2026-08-17-01-00-46/ec_files/emulator-55542026-08-17-01-22-51.ec.
[INFO] Loading execution data file /home/ubuntu/TimeMachine/results/AmazeFileManager-3.4.2-#1837-rebuilt.apk.timemachine.result.emulator-5554#2026-08-17-01-00-46/ec_files/emulator-55542026-08-17-01-23-08.ec.
[INFO] Loading execution data file /home/ubuntu/TimeMachine/results/AmazeFileManager-3.4.2-#1837-rebuilt.apk.timemachine.result.emulator-5554#2026-08-17-01-00-46/ec_files/emulator-55542026-08-17-01-23-22.ec.
[INFO] Loading execution data file /home/ubuntu/TimeMachine/results/AmazeFileManager-3.4.2-#1837-rebuilt.apk.timemachine.result.emulator-5554#2026-08-17-01-00-46/ec_files/emulator-55542026-08-17-01-23-34.ec.
[INFO] Loading execution data file /home/ubuntu/TimeMachine/results/AmazeFileManager-3.4.2-#1837-rebuilt.apk.timemachine.result.emulator-5554#2026-08-17-01-00-46/ec_files/emulator-55542026-08-17-01-23-47.ec.
[INFO] Loading execution data file /home/ubuntu/TimeMachine/results/AmazeFileManager-3.4.2-#1837-rebuilt.apk.timemachine.result.emulator-5554#2026-08-17-01-00-46/ec_files/emulator-55542026-08-17-01-23-58.ec.
[INFO] Loading execution data file /home/ubuntu/TimeMachine/results/AmazeFileManager-3.4.2-#1837-rebuilt.apk.timemachine.result.emulator-5554#2026-08-17-01-00-46/ec_files/emulator-55542026-08-17-01-24-09.ec.
[INFO] Loading execution data file /home/ubuntu/TimeMachine/results/AmazeFileManager-3.4.2-#1837-rebuilt.apk.timemachine.result.emulator-5554#2026-08-17-01-00-46/ec_files/emulator-55542026-08-17-01-24-28.ec.
[INFO] Loading execution data file /home/ubuntu/TimeMachine/results/AmazeFileManager-3.4.2-#1837-rebuilt.apk.timemachine.result.emulator-5554#2026-08-17-01-00-46/ec_files/emulator-55542026-08-17-01-24-43.ec.
[INFO] Loading execution data file /home/ubuntu/TimeMachine/results/AmazeFileManager-3.4.2-#1837-rebuilt.apk.timemachine.result.emulator-5554#2026-08-17-01-00-46/ec_files/emulator-55542026-08-17-01-24-56.ec.
[INFO] Loading execution data file /home/ubuntu/TimeMachine/results/AmazeFileManager-3.4.2-#1837-rebuilt.apk.timemachine.result.emulator-5554#2026-08-17-01-00-46/ec_files/emulator-55542026-08-17-01-25-09.ec.
[INFO] Loading execution data file /home/ubuntu/TimeMachine/results/AmazeFileManager-3.4.2-#1837-rebuilt.apk.timemachine.result.emulator-5554#2026-08-17-01-00-46/ec_files/emulator-55542026-08-17-01-25-20.ec.
[INFO] Loading execution data file /home/ubuntu/TimeMachine/results/AmazeFileManager-3.4.2-#1837-rebuilt.apk.timemachine.result.emulator-5554#2026-08-17-01-00-46/ec_files/emulator-55542026-08-17-01-25-33.ec.
[INFO] Analyzing 508 classes.
   
-----------
current jacoco line coverage rate: 0.190733011302
-----------
--coverage when the new state is triggered: 0.190733011302 current jacoco line coverage rate : 0.190733011302
===================> PENALIZE STATE <=====================
deque(['-1975263574', '297665743', '1110022260', '566434814', '1110022260', '619645921', '-165945893', '1138396480', '-2105113044', '1687122449'], maxlen=10)
Frequent nodes 
[('183131266', <state_graph.State instance at 0x791e83bc0960>), ('-583182176', <state_graph.State instance at 0x791e88ebac80>), ('OOAUT', <state_graph.State instance at 0x791eaa94c230>), ('1893074188', <state_graph.State instance at 0x791e88307c80>), ('-307486232', <state_graph.State instance at 0x791e8ba52d70>), ('-1433637423', <state_graph.State instance at 0x791e88132e10>), ('820917904', <state_graph.State instance at 0x791e8ac3f3c0>)]
the portion to the top 20% most frequent states: 0.111111111111
Frequent nodes 
[('183131266', <state_graph.State instance at 0x791e83bc0960>), ('-583182176', <state_graph.State instance at 0x791e88ebac80>), ('OOAUT', <state_graph.State instance at 0x791eaa94c230>), ('1893074188', <state_graph.State instance at 0x791e88307c80>), ('-307486232', <state_graph.State instance at 0x791e8ba52d70>), ('-1433637423', <state_graph.State instance at 0x791e88132e10>), ('820917904', <state_graph.State instance at 0x791e8ac3f3c0>)]
--extracted id: 1687122449  num_controllable_widgets: 3
--event num: 1
--extracted id: 1687122449  num_controllable_widgets: 3
--event num: 2
--extracted id: 1687122449  num_controllable_widgets: 3
--event num: 3
--extracted id: 1687122449  num_controllable_widgets: 3
--event num: 4
--extracted id: 1687122449  num_controllable_widgets: 3
--event num: 5
--extracted id: 1687122449  num_controllable_widgets: 3
--event num: 6
--extracted id: 1687122449  num_controllable_widgets: 3
--event num: 7
--extracted id: 1687122449  num_controllable_widgets: 3
--event num: 8
--extracted id: 1687122449  num_controllable_widgets: 3
--event num: 9
--extracted id: -37785511  num_controllable_widgets: 0
--transiton occurs
--a new state is triggered and add -37785511 into the state graph.
get_jacoco_coverage- return code:  output: Broadcasting: Intent { act=edu.gatech.m3.emma.COLLECT_COVERAGE }
Broadcast completed: result=0
---
[COVERAGE FILE EXIST?]
coverage.ec
---
---
[VALIDATE COVERAGE FILE]$ java -jar /home/ubuntu/TimeMachine/fuzzingandroid/libs/jacococli.jar report /home/ubuntu/TimeMachine/results/AmazeFileManager-3.4.2-#1837-rebuilt.apk.timemachine.result.emulator-5554#2026-08-17-01-00-46/ec_files/emulator-55542026-08-17-01-25-44.ec  --classfiles /home/ubuntu/TimeMachine/instrumented_apps/AmazeFileManager/AmazeFileManager-#1837/app/build/intermediates/javac/fdroidDebug/classes/ --classfiles /home/ubuntu/TimeMachine/instrumented_apps/AmazeFileManager/AmazeFileManager-#1837/commons_compress_7z/build/intermediates/javac/debug/classes/ --sourcefiles /home/ubuntu/TimeMachine/instrumented_apps/AmazeFileManager/AmazeFileManager-#1837/app/src/main/java/ --sourcefiles /home/ubuntu/TimeMachine/instrumented_apps/AmazeFileManager/AmazeFileManager-#1837/commons_compress_7z/src/main/java/ &> temp
---
---
[VALIDATE MESSAGE]
---
SUCCESS: coverage file is valid!
[INFO] Loading execution data file /home/ubuntu/TimeMachine/results/AmazeFileManager-3.4.2-#1837-rebuilt.apk.timemachine.result.emulator-5554#2026-08-17-01-00-46/ec_files/emulator-55542026-08-17-01-25-44.ec.
[INFO] Analyzing 508 classes.
 /sdcard/coverage.ec: 1 file pulled, 0 skipped. 0.0 MB/s (2119 bytes in 0.045s)
 
compute_coverage-return code:  output: /home/ubuntu/TimeMachine/results/AmazeFileManager-3.4.2-#1837-rebuilt.apk.timemachine.result.emulator-5554#2026-08-17-01-00-46/ec_files/coveragetemp.ec /home/ubuntu/TimeMachine/results/AmazeFileManager-3.4.2-#1837-rebuilt.apk.timemachine.result.emulator-5554#2026-08-17-01-00-46/ec_files/emulator-55542026-08-17-01-09-02.ec /home/ubuntu/TimeMachine/results/AmazeFileManager-3.4.2-#1837-rebuilt.apk.timemachine.result.emulator-5554#2026-08-17-01-00-46/ec_files/emulator-55542026-08-17-01-09-05.ec /home/ubuntu/TimeMachine/results/AmazeFileManager-3.4.2-#1837-rebuilt.apk.timemachine.result.emulator-5554#2026-08-17-01-00-46/ec_files/emulator-55542026-08-17-01-16-12.ec /home/ubuntu/TimeMachine/results/AmazeFileManager-3.4.2-#1837-rebuilt.apk.timemachine.result.emulator-5554#2026-08-17-01-00-46/ec_files/emulator-55542026-08-17-01-16-28.ec /home/ubuntu/TimeMachine/results/AmazeFileManager-3.4.2-#1837-rebuilt.apk.timemachine.result.emulator-5554#2026-08-17-01-00-46/ec_files/emulator-55542026-08-17-01-16-41.ec /home/ubuntu/TimeMachine/results/AmazeFileManager-3.4.2-#1837-rebuilt.apk.timemachine.result.emulator-5554#2026-08-17-01-00-46/ec_files/emulator-55542026-08-17-01-16-55.ec /home/ubuntu/TimeMachine/results/AmazeFileManager-3.4.2-#1837-rebuilt.apk.timemachine.result.emulator-5554#2026-08-17-01-00-46/ec_files/emulator-55542026-08-17-01-17-06.ec /home/ubuntu/TimeMachine/results/AmazeFileManager-3.4.2-#1837-rebuilt.apk.timemachine.result.emulator-5554#2026-08-17-01-00-46/ec_files/emulator-55542026-08-17-01-17-18.ec /home/ubuntu/TimeMachine/results/AmazeFileManager-3.4.2-#1837-rebuilt.apk.timemachine.result.emulator-5554#2026-08-17-01-00-46/ec_files/emulator-55542026-08-17-01-18-42.ec /home/ubuntu/TimeMachine/results/AmazeFileManager-3.4.2-#1837-rebuilt.apk.timemachine.result.emulator-5554#2026-08-17-01-00-46/ec_files/emulator-55542026-08-17-01-19-37.ec /home/ubuntu/TimeMachine/results/AmazeFileManager-3.4.2-#1837-rebuilt.apk.timemachine.result.emulator-5554#2026-08-17-01-00-46/ec_files/emulator-55542026-08-17-01-19-48.ec /home/ubuntu/TimeMachine/results/AmazeFileManager-3.4.2-#1837-rebuilt.apk.timemachine.result.emulator-5554#2026-08-17-01-00-46/ec_files/emulator-55542026-08-17-01-20-06.ec /home/ubuntu/TimeMachine/results/AmazeFileManager-3.4.2-#1837-rebuilt.apk.timemachine.result.emulator-5554#2026-08-17-01-00-46/ec_files/emulator-55542026-08-17-01-20-22.ec /home/ubuntu/TimeMachine/results/AmazeFileManager-3.4.2-#1837-rebuilt.apk.timemachine.result.emulator-5554#2026-08-17-01-00-46/ec_files/emulator-55542026-08-17-01-20-37.ec /home/ubuntu/TimeMachine/results/AmazeFileManager-3.4.2-#1837-rebuilt.apk.timemachine.result.emulator-5554#2026-08-17-01-00-46/ec_files/emulator-55542026-08-17-01-20-50.ec /home/ubuntu/TimeMachine/results/AmazeFileManager-3.4.2-#1837-rebuilt.apk.timemachine.result.emulator-5554#2026-08-17-01-00-46/ec_files/emulator-55542026-08-17-01-21-08.ec /home/ubuntu/TimeMachine/results/AmazeFileManager-3.4.2-#1837-rebuilt.apk.timemachine.result.emulator-5554#2026-08-17-01-00-46/ec_files/emulator-55542026-08-17-01-21-20.ec /home/ubuntu/TimeMachine/results/AmazeFileManager-3.4.2-#1837-rebuilt.apk.timemachine.result.emulator-5554#2026-08-17-01-00-46/ec_files/emulator-55542026-08-17-01-21-33.ec /home/ubuntu/TimeMachine/results/AmazeFileManager-3.4.2-#1837-rebuilt.apk.timemachine.result.emulator-5554#2026-08-17-01-00-46/ec_files/emulator-55542026-08-17-01-21-46.ec /home/ubuntu/TimeMachine/results/AmazeFileManager-3.4.2-#1837-rebuilt.apk.timemachine.result.emulator-5554#2026-08-17-01-00-46/ec_files/emulator-55542026-08-17-01-22-01.ec /home/ubuntu/TimeMachine/results/AmazeFileManager-3.4.2-#1837-rebuilt.apk.timemachine.result.emulator-5554#2026-08-17-01-00-46/ec_files/emulator-55542026-08-17-01-22-12.ec /home/ubuntu/TimeMachine/results/AmazeFileManager-3.4.2-#1837-rebuilt.apk.timemachine.result.emulator-5554#2026-08-17-01-00-46/ec_files/emulator-55542026-08-17-01-22-27.ec /home/ubuntu/TimeMachine/results/AmazeFileManager-3.4.2-#1837-rebuilt.apk.timemachine.result.emulator-5554#2026-08-17-01-00-46/ec_files/emulator-55542026-08-17-01-22-41.ec /home/ubuntu/TimeMachine/results/AmazeFileManager-3.4.2-#1837-rebuilt.apk.timemachine.result.emulator-5554#2026-08-17-01-00-46/ec_files/emulator-55542026-08-17-01-22-51.ec /home/ubuntu/TimeMachine/results/AmazeFileManager-3.4.2-#1837-rebuilt.apk.timemachine.result.emulator-5554#2026-08-17-01-00-46/ec_files/emulator-55542026-08-17-01-23-08.ec /home/ubuntu/TimeMachine/results/AmazeFileManager-3.4.2-#1837-rebuilt.apk.timemachine.result.emulator-5554#2026-08-17-01-00-46/ec_files/emulator-55542026-08-17-01-23-22.ec /home/ubuntu/TimeMachine/results/AmazeFileManager-3.4.2-#1837-rebuilt.apk.timemachine.result.emulator-5554#2026-08-17-01-00-46/ec_files/emulator-55542026-08-17-01-23-34.ec /home/ubuntu/TimeMachine/results/AmazeFileManager-3.4.2-#1837-rebuilt.apk.timemachine.result.emulator-5554#2026-08-17-01-00-46/ec_files/emulator-55542026-08-17-01-23-47.ec /home/ubuntu/TimeMachine/results/AmazeFileManager-3.4.2-#1837-rebuilt.apk.timemachine.result.emulator-5554#2026-08-17-01-00-46/ec_files/emulator-55542026-08-17-01-23-58.ec /home/ubuntu/TimeMachine/results/AmazeFileManager-3.4.2-#1837-rebuilt.apk.timemachine.result.emulator-5554#2026-08-17-01-00-46/ec_files/emulator-55542026-08-17-01-24-09.ec /home/ubuntu/TimeMachine/results/AmazeFileManager-3.4.2-#1837-rebuilt.apk.timemachine.result.emulator-5554#2026-08-17-01-00-46/ec_files/emulator-55542026-08-17-01-24-28.ec /home/ubuntu/TimeMachine/results/AmazeFileManager-3.4.2-#1837-rebuilt.apk.timemachine.result.emulator-5554#2026-08-17-01-00-46/ec_files/emulator-55542026-08-17-01-24-43.ec /home/ubuntu/TimeMachine/results/AmazeFileManager-3.4.2-#1837-rebuilt.apk.timemachine.result.emulator-5554#2026-08-17-01-00-46/ec_files/emulator-55542026-08-17-01-24-56.ec /home/ubuntu/TimeMachine/results/AmazeFileManager-3.4.2-#1837-rebuilt.apk.timemachine.result.emulator-5554#2026-08-17-01-00-46/ec_files/emulator-55542026-08-17-01-25-09.ec /home/ubuntu/TimeMachine/results/AmazeFileManager-3.4.2-#1837-rebuilt.apk.timemachine.result.emulator-5554#2026-08-17-01-00-46/ec_files/emulator-55542026-08-17-01-25-20.ec /home/ubuntu/TimeMachine/results/AmazeFileManager-3.4.2-#1837-rebuilt.apk.timemachine.result.emulator-5554#2026-08-17-01-00-46/ec_files/emulator-55542026-08-17-01-25-33.ec /home/ubuntu/TimeMachine/results/AmazeFileManager-3.4.2-#1837-rebuilt.apk.timemachine.result.emulator-5554#2026-08-17-01-00-46/ec_files/emulator-55542026-08-17-01-25-44.ec
[INFO] Loading execution data file /home/ubuntu/TimeMachine/results/AmazeFileManager-3.4.2-#1837-rebuilt.apk.timemachine.result.emulator-5554#2026-08-17-01-00-46/ec_files/coveragetemp.ec.
[INFO] Loading execution data file /home/ubuntu/TimeMachine/results/AmazeFileManager-3.4.2-#1837-rebuilt.apk.timemachine.result.emulator-5554#2026-08-17-01-00-46/ec_files/emulator-55542026-08-17-01-09-02.ec.
[INFO] Loading execution data file /home/ubuntu/TimeMachine/results/AmazeFileManager-3.4.2-#1837-rebuilt.apk.timemachine.result.emulator-5554#2026-08-17-01-00-46/ec_files/emulator-55542026-08-17-01-09-05.ec.
[INFO] Loading execution data file /home/ubuntu/TimeMachine/results/AmazeFileManager-3.4.2-#1837-rebuilt.apk.timemachine.result.emulator-5554#2026-08-17-01-00-46/ec_files/emulator-55542026-08-17-01-16-12.ec.
[INFO] Loading execution data file /home/ubuntu/TimeMachine/results/AmazeFileManager-3.4.2-#1837-rebuilt.apk.timemachine.result.emulator-5554#2026-08-17-01-00-46/ec_files/emulator-55542026-08-17-01-16-28.ec.
[INFO] Loading execution data file /home/ubuntu/TimeMachine/results/AmazeFileManager-3.4.2-#1837-rebuilt.apk.timemachine.result.emulator-5554#2026-08-17-01-00-46/ec_files/emulator-55542026-08-17-01-16-41.ec.
[INFO] Loading execution data file /home/ubuntu/TimeMachine/results/AmazeFileManager-3.4.2-#1837-rebuilt.apk.timemachine.result.emulator-5554#2026-08-17-01-00-46/ec_files/emulator-55542026-08-17-01-16-55.ec.
[INFO] Loading execution data file /home/ubuntu/TimeMachine/results/AmazeFileManager-3.4.2-#1837-rebuilt.apk.timemachine.result.emulator-5554#2026-08-17-01-00-46/ec_files/emulator-55542026-08-17-01-17-06.ec.
[INFO] Loading execution data file /home/ubuntu/TimeMachine/results/AmazeFileManager-3.4.2-#1837-rebuilt.apk.timemachine.result.emulator-5554#2026-08-17-01-00-46/ec_files/emulator-55542026-08-17-01-17-18.ec.
[INFO] Loading execution data file /home/ubuntu/TimeMachine/results/AmazeFileManager-3.4.2-#1837-rebuilt.apk.timemachine.result.emulator-5554#2026-08-17-01-00-46/ec_files/emulator-55542026-08-17-01-18-42.ec.
[INFO] Loading execution data file /home/ubuntu/TimeMachine/results/AmazeFileManager-3.4.2-#1837-rebuilt.apk.timemachine.result.emulator-5554#2026-08-17-01-00-46/ec_files/emulator-55542026-08-17-01-19-37.ec.
[INFO] Loading execution data file /home/ubuntu/TimeMachine/results/AmazeFileManager-3.4.2-#1837-rebuilt.apk.timemachine.result.emulator-5554#2026-08-17-01-00-46/ec_files/emulator-55542026-08-17-01-19-48.ec.
[INFO] Loading execution data file /home/ubuntu/TimeMachine/results/AmazeFileManager-3.4.2-#1837-rebuilt.apk.timemachine.result.emulator-5554#2026-08-17-01-00-46/ec_files/emulator-55542026-08-17-01-20-06.ec.
[INFO] Loading execution data file /home/ubuntu/TimeMachine/results/AmazeFileManager-3.4.2-#1837-rebuilt.apk.timemachine.result.emulator-5554#2026-08-17-01-00-46/ec_files/emulator-55542026-08-17-01-20-22.ec.
[INFO] Loading execution data file /home/ubuntu/TimeMachine/results/AmazeFileManager-3.4.2-#1837-rebuilt.apk.timemachine.result.emulator-5554#2026-08-17-01-00-46/ec_files/emulator-55542026-08-17-01-20-37.ec.
[INFO] Loading execution data file /home/ubuntu/TimeMachine/results/AmazeFileManager-3.4.2-#1837-rebuilt.apk.timemachine.result.emulator-5554#2026-08-17-01-00-46/ec_files/emulator-55542026-08-17-01-20-50.ec.
[INFO] Loading execution data file /home/ubuntu/TimeMachine/results/AmazeFileManager-3.4.2-#1837-rebuilt.apk.timemachine.result.emulator-5554#2026-08-17-01-00-46/ec_files/emulator-55542026-08-17-01-21-08.ec.
[INFO] Loading execution data file /home/ubuntu/TimeMachine/results/AmazeFileManager-3.4.2-#1837-rebuilt.apk.timemachine.result.emulator-5554#2026-08-17-01-00-46/ec_files/emulator-55542026-08-17-01-21-20.ec.
[INFO] Loading execution data file /home/ubuntu/TimeMachine/results/AmazeFileManager-3.4.2-#1837-rebuilt.apk.timemachine.result.emulator-5554#2026-08-17-01-00-46/ec_files/emulator-55542026-08-17-01-21-33.ec.
[INFO] Loading execution data file /home/ubuntu/TimeMachine/results/AmazeFileManager-3.4.2-#1837-rebuilt.apk.timemachine.result.emulator-5554#2026-08-17-01-00-46/ec_files/emulator-55542026-08-17-01-21-46.ec.
[INFO] Loading execution data file /home/ubuntu/TimeMachine/results/AmazeFileManager-3.4.2-#1837-rebuilt.apk.timemachine.result.emulator-5554#2026-08-17-01-00-46/ec_files/emulator-55542026-08-17-01-22-01.ec.
[INFO] Loading execution data file /home/ubuntu/TimeMachine/results/AmazeFileManager-3.4.2-#1837-rebuilt.apk.timemachine.result.emulator-5554#2026-08-17-01-00-46/ec_files/emulator-55542026-08-17-01-22-12.ec.
[INFO] Loading execution data file /home/ubuntu/TimeMachine/results/AmazeFileManager-3.4.2-#1837-rebuilt.apk.timemachine.result.emulator-5554#2026-08-17-01-00-46/ec_files/emulator-55542026-08-17-01-22-27.ec.
[INFO] Loading execution data file /home/ubuntu/TimeMachine/results/AmazeFileManager-3.4.2-#1837-rebuilt.apk.timemachine.result.emulator-5554#2026-08-17-01-00-46/ec_files/emulator-55542026-08-17-01-22-41.ec.
[INFO] Loading execution data file /home/ubuntu/TimeMachine/results/AmazeFileManager-3.4.2-#1837-rebuilt.apk.timemachine.result.emulator-5554#2026-08-17-01-00-46/ec_files/emulator-55542026-08-17-01-22-51.ec.
[INFO] Loading execution data file /home/ubuntu/TimeMachine/results/AmazeFileManager-3.4.2-#1837-rebuilt.apk.timemachine.result.emulator-5554#2026-08-17-01-00-46/ec_files/emulator-55542026-08-17-01-23-08.ec.
[INFO] Loading execution data file /home/ubuntu/TimeMachine/results/AmazeFileManager-3.4.2-#1837-rebuilt.apk.timemachine.result.emulator-5554#2026-08-17-01-00-46/ec_files/emulator-55542026-08-17-01-23-22.ec.
[INFO] Loading execution data file /home/ubuntu/TimeMachine/results/AmazeFileManager-3.4.2-#1837-rebuilt.apk.timemachine.result.emulator-5554#2026-08-17-01-00-46/ec_files/emulator-55542026-08-17-01-23-34.ec.
[INFO] Loading execution data file /home/ubuntu/TimeMachine/results/AmazeFileManager-3.4.2-#1837-rebuilt.apk.timemachine.result.emulator-5554#2026-08-17-01-00-46/ec_files/emulator-55542026-08-17-01-23-47.ec.
[INFO] Loading execution data file /home/ubuntu/TimeMachine/results/AmazeFileManager-3.4.2-#1837-rebuilt.apk.timemachine.result.emulator-5554#2026-08-17-01-00-46/ec_files/emulator-55542026-08-17-01-23-58.ec.
[INFO] Loading execution data file /home/ubuntu/TimeMachine/results/AmazeFileManager-3.4.2-#1837-rebuilt.apk.timemachine.result.emulator-5554#2026-08-17-01-00-46/ec_files/emulator-55542026-08-17-01-24-09.ec.
[INFO] Loading execution data file /home/ubuntu/TimeMachine/results/AmazeFileManager-3.4.2-#1837-rebuilt.apk.timemachine.result.emulator-5554#2026-08-17-01-00-46/ec_files/emulator-55542026-08-17-01-24-28.ec.
[INFO] Loading execution data file /home/ubuntu/TimeMachine/results/AmazeFileManager-3.4.2-#1837-rebuilt.apk.timemachine.result.emulator-5554#2026-08-17-01-00-46/ec_files/emulator-55542026-08-17-01-24-43.ec.
[INFO] Loading execution data file /home/ubuntu/TimeMachine/results/AmazeFileManager-3.4.2-#1837-rebuilt.apk.timemachine.result.emulator-5554#2026-08-17-01-00-46/ec_files/emulator-55542026-08-17-01-24-56.ec.
[INFO] Loading execution data file /home/ubuntu/TimeMachine/results/AmazeFileManager-3.4.2-#1837-rebuilt.apk.timemachine.result.emulator-5554#2026-08-17-01-00-46/ec_files/emulator-55542026-08-17-01-25-09.ec.
[INFO] Loading execution data file /home/ubuntu/TimeMachine/results/AmazeFileManager-3.4.2-#1837-rebuilt.apk.timemachine.result.emulator-5554#2026-08-17-01-00-46/ec_files/emulator-55542026-08-17-01-25-20.ec.
[INFO] Loading execution data file /home/ubuntu/TimeMachine/results/AmazeFileManager-3.4.2-#1837-rebuilt.apk.timemachine.result.emulator-5554#2026-08-17-01-00-46/ec_files/emulator-55542026-08-17-01-25-33.ec.
[INFO] Loading execution data file /home/ubuntu/TimeMachine/results/AmazeFileManager-3.4.2-#1837-rebuilt.apk.timemachine.result.emulator-5554#2026-08-17-01-00-46/ec_files/emulator-55542026-08-17-01-25-44.ec.
[INFO] Analyzing 508 classes.
   
-----------
current jacoco line coverage rate: 0.190733011302
-----------
--coverage when the new state is triggered: 0.190733011302 current jacoco line coverage rate : 0.190733011302
===================> PENALIZE STATE <=====================
deque(['297665743', '1110022260', '566434814', '1110022260', '619645921', '-165945893', '1138396480', '-2105113044', '1687122449', '-37785511'], maxlen=10)
Frequent nodes 
[('183131266', <state_graph.State instance at 0x791e83bc0960>), ('-583182176', <state_graph.State instance at 0x791e88ebac80>), ('OOAUT', <state_graph.State instance at 0x791eaa94c230>), ('1893074188', <state_graph.State instance at 0x791e88307c80>), ('-307486232', <state_graph.State instance at 0x791e8ba52d70>), ('-1433637423', <state_graph.State instance at 0x791e88132e10>), ('820917904', <state_graph.State instance at 0x791e8ac3f3c0>)]
the portion to the top 20% most frequent states: 0.111111111111
Frequent nodes 
[('183131266', <state_graph.State instance at 0x791e83bc0960>), ('-583182176', <state_graph.State instance at 0x791e88ebac80>), ('OOAUT', <state_graph.State instance at 0x791eaa94c230>), ('1893074188', <state_graph.State instance at 0x791e88307c80>), ('-307486232', <state_graph.State instance at 0x791e8ba52d70>), ('-1433637423', <state_graph.State instance at 0x791e88132e10>), ('820917904', <state_graph.State instance at 0x791e8ac3f3c0>)]
--extracted id: -37785511  num_controllable_widgets: 0
--event num: 1
--extracted id: -37785511  num_controllable_widgets: 0
--event num: 2
--extracted id: -37785511  num_controllable_widgets: 0
--event num: 3
--extracted id: -37785511  num_controllable_widgets: 0
--event num: 4
--extracted id: -37785511  num_controllable_widgets: 0
--event num: 5
--extracted id: -37785511  num_controllable_widgets: 0
--event num: 6
--extracted id: -307486232  num_controllable_widgets: 0
--transiton occurs
--the state -307486232  exists
===================> PENALIZE STATE <=====================
deque(['1110022260', '566434814', '1110022260', '619645921', '-165945893', '1138396480', '-2105113044', '1687122449', '-37785511', '-307486232'], maxlen=10)
Frequent nodes 
[('183131266', <state_graph.State instance at 0x791e83bc0960>), ('-583182176', <state_graph.State instance at 0x791e88ebac80>), ('-307486232', <state_graph.State instance at 0x791e8ba52d70>), ('OOAUT', <state_graph.State instance at 0x791eaa94c230>), ('1893074188', <state_graph.State instance at 0x791e88307c80>), ('-1433637423', <state_graph.State instance at 0x791e88132e10>), ('820917904', <state_graph.State instance at 0x791e8ac3f3c0>)]
the portion to the top 20% most frequent states: 0.222222222222
Frequent nodes 
[('183131266', <state_graph.State instance at 0x791e83bc0960>), ('-583182176', <state_graph.State instance at 0x791e88ebac80>), ('-307486232', <state_graph.State instance at 0x791e8ba52d70>), ('OOAUT', <state_graph.State instance at 0x791eaa94c230>), ('1893074188', <state_graph.State instance at 0x791e88307c80>), ('-1433637423', <state_graph.State instance at 0x791e88132e10>), ('820917904', <state_graph.State instance at 0x791e8ac3f3c0>)]
--extracted id: -1094074386  num_controllable_widgets: 5
--transiton occurs
--a new state is triggered and add -1094074386 into the state graph.
get_jacoco_coverage- return code:  output: Broadcasting: Intent { act=edu.gatech.m3.emma.COLLECT_COVERAGE }
Broadcast completed: result=0
---
[COVERAGE FILE EXIST?]
coverage.ec
---
---
[VALIDATE COVERAGE FILE]$ java -jar /home/ubuntu/TimeMachine/fuzzingandroid/libs/jacococli.jar report /home/ubuntu/TimeMachine/results/AmazeFileManager-3.4.2-#1837-rebuilt.apk.timemachine.result.emulator-5554#2026-08-17-01-00-46/ec_files/emulator-55542026-08-17-01-25-57.ec  --classfiles /home/ubuntu/TimeMachine/instrumented_apps/AmazeFileManager/AmazeFileManager-#1837/app/build/intermediates/javac/fdroidDebug/classes/ --classfiles /home/ubuntu/TimeMachine/instrumented_apps/AmazeFileManager/AmazeFileManager-#1837/commons_compress_7z/build/intermediates/javac/debug/classes/ --sourcefiles /home/ubuntu/TimeMachine/instrumented_apps/AmazeFileManager/AmazeFileManager-#1837/app/src/main/java/ --sourcefiles /home/ubuntu/TimeMachine/instrumented_apps/AmazeFileManager/AmazeFileManager-#1837/commons_compress_7z/src/main/java/ &> temp
---
---
[VALIDATE MESSAGE]
---
SUCCESS: coverage file is valid!
[INFO] Loading execution data file /home/ubuntu/TimeMachine/results/AmazeFileManager-3.4.2-#1837-rebuilt.apk.timemachine.result.emulator-5554#2026-08-17-01-00-46/ec_files/emulator-55542026-08-17-01-25-57.ec.
[INFO] Analyzing 508 classes.
 /sdcard/coverage.ec: 1 file pulled, 0 skipped. 0.0 MB/s (2506 bytes in 0.140s)
 
compute_coverage-return code:  output: /home/ubuntu/TimeMachine/results/AmazeFileManager-3.4.2-#1837-rebuilt.apk.timemachine.result.emulator-5554#2026-08-17-01-00-46/ec_files/coveragetemp.ec /home/ubuntu/TimeMachine/results/AmazeFileManager-3.4.2-#1837-rebuilt.apk.timemachine.result.emulator-5554#2026-08-17-01-00-46/ec_files/emulator-55542026-08-17-01-09-02.ec /home/ubuntu/TimeMachine/results/AmazeFileManager-3.4.2-#1837-rebuilt.apk.timemachine.result.emulator-5554#2026-08-17-01-00-46/ec_files/emulator-55542026-08-17-01-09-05.ec /home/ubuntu/TimeMachine/results/AmazeFileManager-3.4.2-#1837-rebuilt.apk.timemachine.result.emulator-5554#2026-08-17-01-00-46/ec_files/emulator-55542026-08-17-01-16-12.ec /home/ubuntu/TimeMachine/results/AmazeFileManager-3.4.2-#1837-rebuilt.apk.timemachine.result.emulator-5554#2026-08-17-01-00-46/ec_files/emulator-55542026-08-17-01-16-28.ec /home/ubuntu/TimeMachine/results/AmazeFileManager-3.4.2-#1837-rebuilt.apk.timemachine.result.emulator-5554#2026-08-17-01-00-46/ec_files/emulator-55542026-08-17-01-16-41.ec /home/ubuntu/TimeMachine/results/AmazeFileManager-3.4.2-#1837-rebuilt.apk.timemachine.result.emulator-5554#2026-08-17-01-00-46/ec_files/emulator-55542026-08-17-01-16-55.ec /home/ubuntu/TimeMachine/results/AmazeFileManager-3.4.2-#1837-rebuilt.apk.timemachine.result.emulator-5554#2026-08-17-01-00-46/ec_files/emulator-55542026-08-17-01-17-06.ec /home/ubuntu/TimeMachine/results/AmazeFileManager-3.4.2-#1837-rebuilt.apk.timemachine.result.emulator-5554#2026-08-17-01-00-46/ec_files/emulator-55542026-08-17-01-17-18.ec /home/ubuntu/TimeMachine/results/AmazeFileManager-3.4.2-#1837-rebuilt.apk.timemachine.result.emulator-5554#2026-08-17-01-00-46/ec_files/emulator-55542026-08-17-01-18-42.ec /home/ubuntu/TimeMachine/results/AmazeFileManager-3.4.2-#1837-rebuilt.apk.timemachine.result.emulator-5554#2026-08-17-01-00-46/ec_files/emulator-55542026-08-17-01-19-37.ec /home/ubuntu/TimeMachine/results/AmazeFileManager-3.4.2-#1837-rebuilt.apk.timemachine.result.emulator-5554#2026-08-17-01-00-46/ec_files/emulator-55542026-08-17-01-19-48.ec /home/ubuntu/TimeMachine/results/AmazeFileManager-3.4.2-#1837-rebuilt.apk.timemachine.result.emulator-5554#2026-08-17-01-00-46/ec_files/emulator-55542026-08-17-01-20-06.ec /home/ubuntu/TimeMachine/results/AmazeFileManager-3.4.2-#1837-rebuilt.apk.timemachine.result.emulator-5554#2026-08-17-01-00-46/ec_files/emulator-55542026-08-17-01-20-22.ec /home/ubuntu/TimeMachine/results/AmazeFileManager-3.4.2-#1837-rebuilt.apk.timemachine.result.emulator-5554#2026-08-17-01-00-46/ec_files/emulator-55542026-08-17-01-20-37.ec /home/ubuntu/TimeMachine/results/AmazeFileManager-3.4.2-#1837-rebuilt.apk.timemachine.result.emulator-5554#2026-08-17-01-00-46/ec_files/emulator-55542026-08-17-01-20-50.ec /home/ubuntu/TimeMachine/results/AmazeFileManager-3.4.2-#1837-rebuilt.apk.timemachine.result.emulator-5554#2026-08-17-01-00-46/ec_files/emulator-55542026-08-17-01-21-08.ec /home/ubuntu/TimeMachine/results/AmazeFileManager-3.4.2-#1837-rebuilt.apk.timemachine.result.emulator-5554#2026-08-17-01-00-46/ec_files/emulator-55542026-08-17-01-21-20.ec /home/ubuntu/TimeMachine/results/AmazeFileManager-3.4.2-#1837-rebuilt.apk.timemachine.result.emulator-5554#2026-08-17-01-00-46/ec_files/emulator-55542026-08-17-01-21-33.ec /home/ubuntu/TimeMachine/results/AmazeFileManager-3.4.2-#1837-rebuilt.apk.timemachine.result.emulator-5554#2026-08-17-01-00-46/ec_files/emulator-55542026-08-17-01-21-46.ec /home/ubuntu/TimeMachine/results/AmazeFileManager-3.4.2-#1837-rebuilt.apk.timemachine.result.emulator-5554#2026-08-17-01-00-46/ec_files/emulator-55542026-08-17-01-22-01.ec /home/ubuntu/TimeMachine/results/AmazeFileManager-3.4.2-#1837-rebuilt.apk.timemachine.result.emulator-5554#2026-08-17-01-00-46/ec_files/emulator-55542026-08-17-01-22-12.ec /home/ubuntu/TimeMachine/results/AmazeFileManager-3.4.2-#1837-rebuilt.apk.timemachine.result.emulator-5554#2026-08-17-01-00-46/ec_files/emulator-55542026-08-17-01-22-27.ec /home/ubuntu/TimeMachine/results/AmazeFileManager-3.4.2-#1837-rebuilt.apk.timemachine.result.emulator-5554#2026-08-17-01-00-46/ec_files/emulator-55542026-08-17-01-22-41.ec /home/ubuntu/TimeMachine/results/AmazeFileManager-3.4.2-#1837-rebuilt.apk.timemachine.result.emulator-5554#2026-08-17-01-00-46/ec_files/emulator-55542026-08-17-01-22-51.ec /home/ubuntu/TimeMachine/results/AmazeFileManager-3.4.2-#1837-rebuilt.apk.timemachine.result.emulator-5554#2026-08-17-01-00-46/ec_files/emulator-55542026-08-17-01-23-08.ec /home/ubuntu/TimeMachine/results/AmazeFileManager-3.4.2-#1837-rebuilt.apk.timemachine.result.emulator-5554#2026-08-17-01-00-46/ec_files/emulator-55542026-08-17-01-23-22.ec /home/ubuntu/TimeMachine/results/AmazeFileManager-3.4.2-#1837-rebuilt.apk.timemachine.result.emulator-5554#2026-08-17-01-00-46/ec_files/emulator-55542026-08-17-01-23-34.ec /home/ubuntu/TimeMachine/results/AmazeFileManager-3.4.2-#1837-rebuilt.apk.timemachine.result.emulator-5554#2026-08-17-01-00-46/ec_files/emulator-55542026-08-17-01-23-47.ec /home/ubuntu/TimeMachine/results/AmazeFileManager-3.4.2-#1837-rebuilt.apk.timemachine.result.emulator-5554#2026-08-17-01-00-46/ec_files/emulator-55542026-08-17-01-23-58.ec /home/ubuntu/TimeMachine/results/AmazeFileManager-3.4.2-#1837-rebuilt.apk.timemachine.result.emulator-5554#2026-08-17-01-00-46/ec_files/emulator-55542026-08-17-01-24-09.ec /home/ubuntu/TimeMachine/results/AmazeFileManager-3.4.2-#1837-rebuilt.apk.timemachine.result.emulator-5554#2026-08-17-01-00-46/ec_files/emulator-55542026-08-17-01-24-28.ec /home/ubuntu/TimeMachine/results/AmazeFileManager-3.4.2-#1837-rebuilt.apk.timemachine.result.emulator-5554#2026-08-17-01-00-46/ec_files/emulator-55542026-08-17-01-24-43.ec /home/ubuntu/TimeMachine/results/AmazeFileManager-3.4.2-#1837-rebuilt.apk.timemachine.result.emulator-5554#2026-08-17-01-00-46/ec_files/emulator-55542026-08-17-01-24-56.ec /home/ubuntu/TimeMachine/results/AmazeFileManager-3.4.2-#1837-rebuilt.apk.timemachine.result.emulator-5554#2026-08-17-01-00-46/ec_files/emulator-55542026-08-17-01-25-09.ec /home/ubuntu/TimeMachine/results/AmazeFileManager-3.4.2-#1837-rebuilt.apk.timemachine.result.emulator-5554#2026-08-17-01-00-46/ec_files/emulator-55542026-08-17-01-25-20.ec /home/ubuntu/TimeMachine/results/AmazeFileManager-3.4.2-#1837-rebuilt.apk.timemachine.result.emulator-5554#2026-08-17-01-00-46/ec_files/emulator-55542026-08-17-01-25-33.ec /home/ubuntu/TimeMachine/results/AmazeFileManager-3.4.2-#1837-rebuilt.apk.timemachine.result.emulator-5554#2026-08-17-01-00-46/ec_files/emulator-55542026-08-17-01-25-44.ec /home/ubuntu/TimeMachine/results/AmazeFileManager-3.4.2-#1837-rebuilt.apk.timemachine.result.emulator-5554#2026-08-17-01-00-46/ec_files/emulator-55542026-08-17-01-25-57.ec
[INFO] Loading execution data file /home/ubuntu/TimeMachine/results/AmazeFileManager-3.4.2-#1837-rebuilt.apk.timemachine.result.emulator-5554#2026-08-17-01-00-46/ec_files/coveragetemp.ec.
[INFO] Loading execution data file /home/ubuntu/TimeMachine/results/AmazeFileManager-3.4.2-#1837-rebuilt.apk.timemachine.result.emulator-5554#2026-08-17-01-00-46/ec_files/emulator-55542026-08-17-01-09-02.ec.
[INFO] Loading execution data file /home/ubuntu/TimeMachine/results/AmazeFileManager-3.4.2-#1837-rebuilt.apk.timemachine.result.emulator-5554#2026-08-17-01-00-46/ec_files/emulator-55542026-08-17-01-09-05.ec.
[INFO] Loading execution data file /home/ubuntu/TimeMachine/results/AmazeFileManager-3.4.2-#1837-rebuilt.apk.timemachine.result.emulator-5554#2026-08-17-01-00-46/ec_files/emulator-55542026-08-17-01-16-12.ec.
[INFO] Loading execution data file /home/ubuntu/TimeMachine/results/AmazeFileManager-3.4.2-#1837-rebuilt.apk.timemachine.result.emulator-5554#2026-08-17-01-00-46/ec_files/emulator-55542026-08-17-01-16-28.ec.
[INFO] Loading execution data file /home/ubuntu/TimeMachine/results/AmazeFileManager-3.4.2-#1837-rebuilt.apk.timemachine.result.emulator-5554#2026-08-17-01-00-46/ec_files/emulator-55542026-08-17-01-16-41.ec.
[INFO] Loading execution data file /home/ubuntu/TimeMachine/results/AmazeFileManager-3.4.2-#1837-rebuilt.apk.timemachine.result.emulator-5554#2026-08-17-01-00-46/ec_files/emulator-55542026-08-17-01-16-55.ec.
[INFO] Loading execution data file /home/ubuntu/TimeMachine/results/AmazeFileManager-3.4.2-#1837-rebuilt.apk.timemachine.result.emulator-5554#2026-08-17-01-00-46/ec_files/emulator-55542026-08-17-01-17-06.ec.
[INFO] Loading execution data file /home/ubuntu/TimeMachine/results/AmazeFileManager-3.4.2-#1837-rebuilt.apk.timemachine.result.emulator-5554#2026-08-17-01-00-46/ec_files/emulator-55542026-08-17-01-17-18.ec.
[INFO] Loading execution data file /home/ubuntu/TimeMachine/results/AmazeFileManager-3.4.2-#1837-rebuilt.apk.timemachine.result.emulator-5554#2026-08-17-01-00-46/ec_files/emulator-55542026-08-17-01-18-42.ec.
[INFO] Loading execution data file /home/ubuntu/TimeMachine/results/AmazeFileManager-3.4.2-#1837-rebuilt.apk.timemachine.result.emulator-5554#2026-08-17-01-00-46/ec_files/emulator-55542026-08-17-01-19-37.ec.
[INFO] Loading execution data file /home/ubuntu/TimeMachine/results/AmazeFileManager-3.4.2-#1837-rebuilt.apk.timemachine.result.emulator-5554#2026-08-17-01-00-46/ec_files/emulator-55542026-08-17-01-19-48.ec.
[INFO] Loading execution data file /home/ubuntu/TimeMachine/results/AmazeFileManager-3.4.2-#1837-rebuilt.apk.timemachine.result.emulator-5554#2026-08-17-01-00-46/ec_files/emulator-55542026-08-17-01-20-06.ec.
[INFO] Loading execution data file /home/ubuntu/TimeMachine/results/AmazeFileManager-3.4.2-#1837-rebuilt.apk.timemachine.result.emulator-5554#2026-08-17-01-00-46/ec_files/emulator-55542026-08-17-01-20-22.ec.
[INFO] Loading execution data file /home/ubuntu/TimeMachine/results/AmazeFileManager-3.4.2-#1837-rebuilt.apk.timemachine.result.emulator-5554#2026-08-17-01-00-46/ec_files/emulator-55542026-08-17-01-20-37.ec.
[INFO] Loading execution data file /home/ubuntu/TimeMachine/results/AmazeFileManager-3.4.2-#1837-rebuilt.apk.timemachine.result.emulator-5554#2026-08-17-01-00-46/ec_files/emulator-55542026-08-17-01-20-50.ec.
[INFO] Loading execution data file /home/ubuntu/TimeMachine/results/AmazeFileManager-3.4.2-#1837-rebuilt.apk.timemachine.result.emulator-5554#2026-08-17-01-00-46/ec_files/emulator-55542026-08-17-01-21-08.ec.
[INFO] Loading execution data file /home/ubuntu/TimeMachine/results/AmazeFileManager-3.4.2-#1837-rebuilt.apk.timemachine.result.emulator-5554#2026-08-17-01-00-46/ec_files/emulator-55542026-08-17-01-21-20.ec.
[INFO] Loading execution data file /home/ubuntu/TimeMachine/results/AmazeFileManager-3.4.2-#1837-rebuilt.apk.timemachine.result.emulator-5554#2026-08-17-01-00-46/ec_files/emulator-55542026-08-17-01-21-33.ec.
[INFO] Loading execution data file /home/ubuntu/TimeMachine/results/AmazeFileManager-3.4.2-#1837-rebuilt.apk.timemachine.result.emulator-5554#2026-08-17-01-00-46/ec_files/emulator-55542026-08-17-01-21-46.ec.
[INFO] Loading execution data file /home/ubuntu/TimeMachine/results/AmazeFileManager-3.4.2-#1837-rebuilt.apk.timemachine.result.emulator-5554#2026-08-17-01-00-46/ec_files/emulator-55542026-08-17-01-22-01.ec.
[INFO] Loading execution data file /home/ubuntu/TimeMachine/results/AmazeFileManager-3.4.2-#1837-rebuilt.apk.timemachine.result.emulator-5554#2026-08-17-01-00-46/ec_files/emulator-55542026-08-17-01-22-12.ec.
[INFO] Loading execution data file /home/ubuntu/TimeMachine/results/AmazeFileManager-3.4.2-#1837-rebuilt.apk.timemachine.result.emulator-5554#2026-08-17-01-00-46/ec_files/emulator-55542026-08-17-01-22-27.ec.
[INFO] Loading execution data file /home/ubuntu/TimeMachine/results/AmazeFileManager-3.4.2-#1837-rebuilt.apk.timemachine.result.emulator-5554#2026-08-17-01-00-46/ec_files/emulator-55542026-08-17-01-22-41.ec.
[INFO] Loading execution data file /home/ubuntu/TimeMachine/results/AmazeFileManager-3.4.2-#1837-rebuilt.apk.timemachine.result.emulator-5554#2026-08-17-01-00-46/ec_files/emulator-55542026-08-17-01-22-51.ec.
[INFO] Loading execution data file /home/ubuntu/TimeMachine/results/AmazeFileManager-3.4.2-#1837-rebuilt.apk.timemachine.result.emulator-5554#2026-08-17-01-00-46/ec_files/emulator-55542026-08-17-01-23-08.ec.
[INFO] Loading execution data file /home/ubuntu/TimeMachine/results/AmazeFileManager-3.4.2-#1837-rebuilt.apk.timemachine.result.emulator-5554#2026-08-17-01-00-46/ec_files/emulator-55542026-08-17-01-23-22.ec.
[INFO] Loading execution data file /home/ubuntu/TimeMachine/results/AmazeFileManager-3.4.2-#1837-rebuilt.apk.timemachine.result.emulator-5554#2026-08-17-01-00-46/ec_files/emulator-55542026-08-17-01-23-34.ec.
[INFO] Loading execution data file /home/ubuntu/TimeMachine/results/AmazeFileManager-3.4.2-#1837-rebuilt.apk.timemachine.result.emulator-5554#2026-08-17-01-00-46/ec_files/emulator-55542026-08-17-01-23-47.ec.
[INFO] Loading execution data file /home/ubuntu/TimeMachine/results/AmazeFileManager-3.4.2-#1837-rebuilt.apk.timemachine.result.emulator-5554#2026-08-17-01-00-46/ec_files/emulator-55542026-08-17-01-23-58.ec.
[INFO] Loading execution data file /home/ubuntu/TimeMachine/results/AmazeFileManager-3.4.2-#1837-rebuilt.apk.timemachine.result.emulator-5554#2026-08-17-01-00-46/ec_files/emulator-55542026-08-17-01-24-09.ec.
[INFO] Loading execution data file /home/ubuntu/TimeMachine/results/AmazeFileManager-3.4.2-#1837-rebuilt.apk.timemachine.result.emulator-5554#2026-08-17-01-00-46/ec_files/emulator-55542026-08-17-01-24-28.ec.
[INFO] Loading execution data file /home/ubuntu/TimeMachine/results/AmazeFileManager-3.4.2-#1837-rebuilt.apk.timemachine.result.emulator-5554#2026-08-17-01-00-46/ec_files/emulator-55542026-08-17-01-24-43.ec.
[INFO] Loading execution data file /home/ubuntu/TimeMachine/results/AmazeFileManager-3.4.2-#1837-rebuilt.apk.timemachine.result.emulator-5554#2026-08-17-01-00-46/ec_files/emulator-55542026-08-17-01-24-56.ec.
[INFO] Loading execution data file /home/ubuntu/TimeMachine/results/AmazeFileManager-3.4.2-#1837-rebuilt.apk.timemachine.result.emulator-5554#2026-08-17-01-00-46/ec_files/emulator-55542026-08-17-01-25-09.ec.
[INFO] Loading execution data file /home/ubuntu/TimeMachine/results/AmazeFileManager-3.4.2-#1837-rebuilt.apk.timemachine.result.emulator-5554#2026-08-17-01-00-46/ec_files/emulator-55542026-08-17-01-25-20.ec.
[INFO] Loading execution data file /home/ubuntu/TimeMachine/results/AmazeFileManager-3.4.2-#1837-rebuilt.apk.timemachine.result.emulator-5554#2026-08-17-01-00-46/ec_files/emulator-55542026-08-17-01-25-33.ec.
[INFO] Loading execution data file /home/ubuntu/TimeMachine/results/AmazeFileManager-3.4.2-#1837-rebuilt.apk.timemachine.result.emulator-5554#2026-08-17-01-00-46/ec_files/emulator-55542026-08-17-01-25-44.ec.
[INFO] Loading execution data file /home/ubuntu/TimeMachine/results/AmazeFileManager-3.4.2-#1837-rebuilt.apk.timemachine.result.emulator-5554#2026-08-17-01-00-46/ec_files/emulator-55542026-08-17-01-25-57.ec.
[INFO] Analyzing 508 classes.
   
-----------
current jacoco line coverage rate: 0.191577170192
-----------
--coverage when the new state is triggered: 0.191577170192 current jacoco line coverage rate : 0.190733011302
===================> REWARD STATE <=====================
===================> REWARD STATE <=====================
--taking snapshot...
deque(['566434814', '1110022260', '619645921', '-165945893', '1138396480', '-2105113044', '1687122449', '-37785511', '-307486232', '-1094074386'], maxlen=10)
Frequent nodes 
[('183131266', <state_graph.State instance at 0x791e83bc0960>), ('-583182176', <state_graph.State instance at 0x791e88ebac80>), ('-307486232', <state_graph.State instance at 0x791e8ba52d70>), ('OOAUT', <state_graph.State instance at 0x791eaa94c230>), ('1893074188', <state_graph.State instance at 0x791e88307c80>), ('-1433637423', <state_graph.State instance at 0x791e88132e10>), ('820917904', <state_graph.State instance at 0x791e8ac3f3c0>)]
the portion to the top 20% most frequent states: 0.1
Frequent nodes 
[('183131266', <state_graph.State instance at 0x791e83bc0960>), ('-583182176', <state_graph.State instance at 0x791e88ebac80>), ('-307486232', <state_graph.State instance at 0x791e8ba52d70>), ('OOAUT', <state_graph.State instance at 0x791eaa94c230>), ('1893074188', <state_graph.State instance at 0x791e88307c80>), ('-1433637423', <state_graph.State instance at 0x791e88132e10>), ('820917904', <state_graph.State instance at 0x791e8ac3f3c0>)]
--extracted id: -1094074386  num_controllable_widgets: 5
--event num: 1
--extracted id: -1094074386  num_controllable_widgets: 5
--event num: 2
--extracted id: -1094074386  num_controllable_widgets: 5
--event num: 3
--extracted id: 52808485  num_controllable_widgets: 4
--transiton occurs
--a new state is triggered and add 52808485 into the state graph.
get_jacoco_coverage- return code:  output: Broadcasting: Intent { act=edu.gatech.m3.emma.COLLECT_COVERAGE }
Broadcast completed: result=0
---
[COVERAGE FILE EXIST?]
coverage.ec
---
---
[VALIDATE COVERAGE FILE]$ java -jar /home/ubuntu/TimeMachine/fuzzingandroid/libs/jacococli.jar report /home/ubuntu/TimeMachine/results/AmazeFileManager-3.4.2-#1837-rebuilt.apk.timemachine.result.emulator-5554#2026-08-17-01-00-46/ec_files/emulator-55542026-08-17-01-26-15.ec  --classfiles /home/ubuntu/TimeMachine/instrumented_apps/AmazeFileManager/AmazeFileManager-#1837/app/build/intermediates/javac/fdroidDebug/classes/ --classfiles /home/ubuntu/TimeMachine/instrumented_apps/AmazeFileManager/AmazeFileManager-#1837/commons_compress_7z/build/intermediates/javac/debug/classes/ --sourcefiles /home/ubuntu/TimeMachine/instrumented_apps/AmazeFileManager/AmazeFileManager-#1837/app/src/main/java/ --sourcefiles /home/ubuntu/TimeMachine/instrumented_apps/AmazeFileManager/AmazeFileManager-#1837/commons_compress_7z/src/main/java/ &> temp
---
---
[VALIDATE MESSAGE]
---
SUCCESS: coverage file is valid!
[INFO] Loading execution data file /home/ubuntu/TimeMachine/results/AmazeFileManager-3.4.2-#1837-rebuilt.apk.timemachine.result.emulator-5554#2026-08-17-01-00-46/ec_files/emulator-55542026-08-17-01-26-15.ec.
[INFO] Analyzing 508 classes.
 /sdcard/coverage.ec: 1 file pulled, 0 skipped. 0.1 MB/s (4820 bytes in 0.054s)
 
compute_coverage-return code:  output: /home/ubuntu/TimeMachine/results/AmazeFileManager-3.4.2-#1837-rebuilt.apk.timemachine.result.emulator-5554#2026-08-17-01-00-46/ec_files/coveragetemp.ec /home/ubuntu/TimeMachine/results/AmazeFileManager-3.4.2-#1837-rebuilt.apk.timemachine.result.emulator-5554#2026-08-17-01-00-46/ec_files/emulator-55542026-08-17-01-09-02.ec /home/ubuntu/TimeMachine/results/AmazeFileManager-3.4.2-#1837-rebuilt.apk.timemachine.result.emulator-5554#2026-08-17-01-00-46/ec_files/emulator-55542026-08-17-01-09-05.ec /home/ubuntu/TimeMachine/results/AmazeFileManager-3.4.2-#1837-rebuilt.apk.timemachine.result.emulator-5554#2026-08-17-01-00-46/ec_files/emulator-55542026-08-17-01-16-12.ec /home/ubuntu/TimeMachine/results/AmazeFileManager-3.4.2-#1837-rebuilt.apk.timemachine.result.emulator-5554#2026-08-17-01-00-46/ec_files/emulator-55542026-08-17-01-16-28.ec /home/ubuntu/TimeMachine/results/AmazeFileManager-3.4.2-#1837-rebuilt.apk.timemachine.result.emulator-5554#2026-08-17-01-00-46/ec_files/emulator-55542026-08-17-01-16-41.ec /home/ubuntu/TimeMachine/results/AmazeFileManager-3.4.2-#1837-rebuilt.apk.timemachine.result.emulator-5554#2026-08-17-01-00-46/ec_files/emulator-55542026-08-17-01-16-55.ec /home/ubuntu/TimeMachine/results/AmazeFileManager-3.4.2-#1837-rebuilt.apk.timemachine.result.emulator-5554#2026-08-17-01-00-46/ec_files/emulator-55542026-08-17-01-17-06.ec /home/ubuntu/TimeMachine/results/AmazeFileManager-3.4.2-#1837-rebuilt.apk.timemachine.result.emulator-5554#2026-08-17-01-00-46/ec_files/emulator-55542026-08-17-01-17-18.ec /home/ubuntu/TimeMachine/results/AmazeFileManager-3.4.2-#1837-rebuilt.apk.timemachine.result.emulator-5554#2026-08-17-01-00-46/ec_files/emulator-55542026-08-17-01-18-42.ec /home/ubuntu/TimeMachine/results/AmazeFileManager-3.4.2-#1837-rebuilt.apk.timemachine.result.emulator-5554#2026-08-17-01-00-46/ec_files/emulator-55542026-08-17-01-19-37.ec /home/ubuntu/TimeMachine/results/AmazeFileManager-3.4.2-#1837-rebuilt.apk.timemachine.result.emulator-5554#2026-08-17-01-00-46/ec_files/emulator-55542026-08-17-01-19-48.ec /home/ubuntu/TimeMachine/results/AmazeFileManager-3.4.2-#1837-rebuilt.apk.timemachine.result.emulator-5554#2026-08-17-01-00-46/ec_files/emulator-55542026-08-17-01-20-06.ec /home/ubuntu/TimeMachine/results/AmazeFileManager-3.4.2-#1837-rebuilt.apk.timemachine.result.emulator-5554#2026-08-17-01-00-46/ec_files/emulator-55542026-08-17-01-20-22.ec /home/ubuntu/TimeMachine/results/AmazeFileManager-3.4.2-#1837-rebuilt.apk.timemachine.result.emulator-5554#2026-08-17-01-00-46/ec_files/emulator-55542026-08-17-01-20-37.ec /home/ubuntu/TimeMachine/results/AmazeFileManager-3.4.2-#1837-rebuilt.apk.timemachine.result.emulator-5554#2026-08-17-01-00-46/ec_files/emulator-55542026-08-17-01-20-50.ec /home/ubuntu/TimeMachine/results/AmazeFileManager-3.4.2-#1837-rebuilt.apk.timemachine.result.emulator-5554#2026-08-17-01-00-46/ec_files/emulator-55542026-08-17-01-21-08.ec /home/ubuntu/TimeMachine/results/AmazeFileManager-3.4.2-#1837-rebuilt.apk.timemachine.result.emulator-5554#2026-08-17-01-00-46/ec_files/emulator-55542026-08-17-01-21-20.ec /home/ubuntu/TimeMachine/results/AmazeFileManager-3.4.2-#1837-rebuilt.apk.timemachine.result.emulator-5554#2026-08-17-01-00-46/ec_files/emulator-55542026-08-17-01-21-33.ec /home/ubuntu/TimeMachine/results/AmazeFileManager-3.4.2-#1837-rebuilt.apk.timemachine.result.emulator-5554#2026-08-17-01-00-46/ec_files/emulator-55542026-08-17-01-21-46.ec /home/ubuntu/TimeMachine/results/AmazeFileManager-3.4.2-#1837-rebuilt.apk.timemachine.result.emulator-5554#2026-08-17-01-00-46/ec_files/emulator-55542026-08-17-01-22-01.ec /home/ubuntu/TimeMachine/results/AmazeFileManager-3.4.2-#1837-rebuilt.apk.timemachine.result.emulator-5554#2026-08-17-01-00-46/ec_files/emulator-55542026-08-17-01-22-12.ec /home/ubuntu/TimeMachine/results/AmazeFileManager-3.4.2-#1837-rebuilt.apk.timemachine.result.emulator-5554#2026-08-17-01-00-46/ec_files/emulator-55542026-08-17-01-22-27.ec /home/ubuntu/TimeMachine/results/AmazeFileManager-3.4.2-#1837-rebuilt.apk.timemachine.result.emulator-5554#2026-08-17-01-00-46/ec_files/emulator-55542026-08-17-01-22-41.ec /home/ubuntu/TimeMachine/results/AmazeFileManager-3.4.2-#1837-rebuilt.apk.timemachine.result.emulator-5554#2026-08-17-01-00-46/ec_files/emulator-55542026-08-17-01-22-51.ec /home/ubuntu/TimeMachine/results/AmazeFileManager-3.4.2-#1837-rebuilt.apk.timemachine.result.emulator-5554#2026-08-17-01-00-46/ec_files/emulator-55542026-08-17-01-23-08.ec /home/ubuntu/TimeMachine/results/AmazeFileManager-3.4.2-#1837-rebuilt.apk.timemachine.result.emulator-5554#2026-08-17-01-00-46/ec_files/emulator-55542026-08-17-01-23-22.ec /home/ubuntu/TimeMachine/results/AmazeFileManager-3.4.2-#1837-rebuilt.apk.timemachine.result.emulator-5554#2026-08-17-01-00-46/ec_files/emulator-55542026-08-17-01-23-34.ec /home/ubuntu/TimeMachine/results/AmazeFileManager-3.4.2-#1837-rebuilt.apk.timemachine.result.emulator-5554#2026-08-17-01-00-46/ec_files/emulator-55542026-08-17-01-23-47.ec /home/ubuntu/TimeMachine/results/AmazeFileManager-3.4.2-#1837-rebuilt.apk.timemachine.result.emulator-5554#2026-08-17-01-00-46/ec_files/emulator-55542026-08-17-01-23-58.ec /home/ubuntu/TimeMachine/results/AmazeFileManager-3.4.2-#1837-rebuilt.apk.timemachine.result.emulator-5554#2026-08-17-01-00-46/ec_files/emulator-55542026-08-17-01-24-09.ec /home/ubuntu/TimeMachine/results/AmazeFileManager-3.4.2-#1837-rebuilt.apk.timemachine.result.emulator-5554#2026-08-17-01-00-46/ec_files/emulator-55542026-08-17-01-24-28.ec /home/ubuntu/TimeMachine/results/AmazeFileManager-3.4.2-#1837-rebuilt.apk.timemachine.result.emulator-5554#2026-08-17-01-00-46/ec_files/emulator-55542026-08-17-01-24-43.ec /home/ubuntu/TimeMachine/results/AmazeFileManager-3.4.2-#1837-rebuilt.apk.timemachine.result.emulator-5554#2026-08-17-01-00-46/ec_files/emulator-55542026-08-17-01-24-56.ec /home/ubuntu/TimeMachine/results/AmazeFileManager-3.4.2-#1837-rebuilt.apk.timemachine.result.emulator-5554#2026-08-17-01-00-46/ec_files/emulator-55542026-08-17-01-25-09.ec /home/ubuntu/TimeMachine/results/AmazeFileManager-3.4.2-#1837-rebuilt.apk.timemachine.result.emulator-5554#2026-08-17-01-00-46/ec_files/emulator-55542026-08-17-01-25-20.ec /home/ubuntu/TimeMachine/results/AmazeFileManager-3.4.2-#1837-rebuilt.apk.timemachine.result.emulator-5554#2026-08-17-01-00-46/ec_files/emulator-55542026-08-17-01-25-33.ec /home/ubuntu/TimeMachine/results/AmazeFileManager-3.4.2-#1837-rebuilt.apk.timemachine.result.emulator-5554#2026-08-17-01-00-46/ec_files/emulator-55542026-08-17-01-25-44.ec /home/ubuntu/TimeMachine/results/AmazeFileManager-3.4.2-#1837-rebuilt.apk.timemachine.result.emulator-5554#2026-08-17-01-00-46/ec_files/emulator-55542026-08-17-01-25-57.ec /home/ubuntu/TimeMachine/results/AmazeFileManager-3.4.2-#1837-rebuilt.apk.timemachine.result.emulator-5554#2026-08-17-01-00-46/ec_files/emulator-55542026-08-17-01-26-15.ec
[INFO] Loading execution data file /home/ubuntu/TimeMachine/results/AmazeFileManager-3.4.2-#1837-rebuilt.apk.timemachine.result.emulator-5554#2026-08-17-01-00-46/ec_files/coveragetemp.ec.
[INFO] Loading execution data file /home/ubuntu/TimeMachine/results/AmazeFileManager-3.4.2-#1837-rebuilt.apk.timemachine.result.emulator-5554#2026-08-17-01-00-46/ec_files/emulator-55542026-08-17-01-09-02.ec.
[INFO] Loading execution data file /home/ubuntu/TimeMachine/results/AmazeFileManager-3.4.2-#1837-rebuilt.apk.timemachine.result.emulator-5554#2026-08-17-01-00-46/ec_files/emulator-55542026-08-17-01-09-05.ec.
[INFO] Loading execution data file /home/ubuntu/TimeMachine/results/AmazeFileManager-3.4.2-#1837-rebuilt.apk.timemachine.result.emulator-5554#2026-08-17-01-00-46/ec_files/emulator-55542026-08-17-01-16-12.ec.
[INFO] Loading execution data file /home/ubuntu/TimeMachine/results/AmazeFileManager-3.4.2-#1837-rebuilt.apk.timemachine.result.emulator-5554#2026-08-17-01-00-46/ec_files/emulator-55542026-08-17-01-16-28.ec.
[INFO] Loading execution data file /home/ubuntu/TimeMachine/results/AmazeFileManager-3.4.2-#1837-rebuilt.apk.timemachine.result.emulator-5554#2026-08-17-01-00-46/ec_files/emulator-55542026-08-17-01-16-41.ec.
[INFO] Loading execution data file /home/ubuntu/TimeMachine/results/AmazeFileManager-3.4.2-#1837-rebuilt.apk.timemachine.result.emulator-5554#2026-08-17-01-00-46/ec_files/emulator-55542026-08-17-01-16-55.ec.
[INFO] Loading execution data file /home/ubuntu/TimeMachine/results/AmazeFileManager-3.4.2-#1837-rebuilt.apk.timemachine.result.emulator-5554#2026-08-17-01-00-46/ec_files/emulator-55542026-08-17-01-17-06.ec.
[INFO] Loading execution data file /home/ubuntu/TimeMachine/results/AmazeFileManager-3.4.2-#1837-rebuilt.apk.timemachine.result.emulator-5554#2026-08-17-01-00-46/ec_files/emulator-55542026-08-17-01-17-18.ec.
[INFO] Loading execution data file /home/ubuntu/TimeMachine/results/AmazeFileManager-3.4.2-#1837-rebuilt.apk.timemachine.result.emulator-5554#2026-08-17-01-00-46/ec_files/emulator-55542026-08-17-01-18-42.ec.
[INFO] Loading execution data file /home/ubuntu/TimeMachine/results/AmazeFileManager-3.4.2-#1837-rebuilt.apk.timemachine.result.emulator-5554#2026-08-17-01-00-46/ec_files/emulator-55542026-08-17-01-19-37.ec.
[INFO] Loading execution data file /home/ubuntu/TimeMachine/results/AmazeFileManager-3.4.2-#1837-rebuilt.apk.timemachine.result.emulator-5554#2026-08-17-01-00-46/ec_files/emulator-55542026-08-17-01-19-48.ec.
[INFO] Loading execution data file /home/ubuntu/TimeMachine/results/AmazeFileManager-3.4.2-#1837-rebuilt.apk.timemachine.result.emulator-5554#2026-08-17-01-00-46/ec_files/emulator-55542026-08-17-01-20-06.ec.
[INFO] Loading execution data file /home/ubuntu/TimeMachine/results/AmazeFileManager-3.4.2-#1837-rebuilt.apk.timemachine.result.emulator-5554#2026-08-17-01-00-46/ec_files/emulator-55542026-08-17-01-20-22.ec.
[INFO] Loading execution data file /home/ubuntu/TimeMachine/results/AmazeFileManager-3.4.2-#1837-rebuilt.apk.timemachine.result.emulator-5554#2026-08-17-01-00-46/ec_files/emulator-55542026-08-17-01-20-37.ec.
[INFO] Loading execution data file /home/ubuntu/TimeMachine/results/AmazeFileManager-3.4.2-#1837-rebuilt.apk.timemachine.result.emulator-5554#2026-08-17-01-00-46/ec_files/emulator-55542026-08-17-01-20-50.ec.
[INFO] Loading execution data file /home/ubuntu/TimeMachine/results/AmazeFileManager-3.4.2-#1837-rebuilt.apk.timemachine.result.emulator-5554#2026-08-17-01-00-46/ec_files/emulator-55542026-08-17-01-21-08.ec.
[INFO] Loading execution data file /home/ubuntu/TimeMachine/results/AmazeFileManager-3.4.2-#1837-rebuilt.apk.timemachine.result.emulator-5554#2026-08-17-01-00-46/ec_files/emulator-55542026-08-17-01-21-20.ec.
[INFO] Loading execution data file /home/ubuntu/TimeMachine/results/AmazeFileManager-3.4.2-#1837-rebuilt.apk.timemachine.result.emulator-5554#2026-08-17-01-00-46/ec_files/emulator-55542026-08-17-01-21-33.ec.
[INFO] Loading execution data file /home/ubuntu/TimeMachine/results/AmazeFileManager-3.4.2-#1837-rebuilt.apk.timemachine.result.emulator-5554#2026-08-17-01-00-46/ec_files/emulator-55542026-08-17-01-21-46.ec.
[INFO] Loading execution data file /home/ubuntu/TimeMachine/results/AmazeFileManager-3.4.2-#1837-rebuilt.apk.timemachine.result.emulator-5554#2026-08-17-01-00-46/ec_files/emulator-55542026-08-17-01-22-01.ec.
[INFO] Loading execution data file /home/ubuntu/TimeMachine/results/AmazeFileManager-3.4.2-#1837-rebuilt.apk.timemachine.result.emulator-5554#2026-08-17-01-00-46/ec_files/emulator-55542026-08-17-01-22-12.ec.
[INFO] Loading execution data file /home/ubuntu/TimeMachine/results/AmazeFileManager-3.4.2-#1837-rebuilt.apk.timemachine.result.emulator-5554#2026-08-17-01-00-46/ec_files/emulator-55542026-08-17-01-22-27.ec.
[INFO] Loading execution data file /home/ubuntu/TimeMachine/results/AmazeFileManager-3.4.2-#1837-rebuilt.apk.timemachine.result.emulator-5554#2026-08-17-01-00-46/ec_files/emulator-55542026-08-17-01-22-41.ec.
[INFO] Loading execution data file /home/ubuntu/TimeMachine/results/AmazeFileManager-3.4.2-#1837-rebuilt.apk.timemachine.result.emulator-5554#2026-08-17-01-00-46/ec_files/emulator-55542026-08-17-01-22-51.ec.
[INFO] Loading execution data file /home/ubuntu/TimeMachine/results/AmazeFileManager-3.4.2-#1837-rebuilt.apk.timemachine.result.emulator-5554#2026-08-17-01-00-46/ec_files/emulator-55542026-08-17-01-23-08.ec.
[INFO] Loading execution data file /home/ubuntu/TimeMachine/results/AmazeFileManager-3.4.2-#1837-rebuilt.apk.timemachine.result.emulator-5554#2026-08-17-01-00-46/ec_files/emulator-55542026-08-17-01-23-22.ec.
[INFO] Loading execution data file /home/ubuntu/TimeMachine/results/AmazeFileManager-3.4.2-#1837-rebuilt.apk.timemachine.result.emulator-5554#2026-08-17-01-00-46/ec_files/emulator-55542026-08-17-01-23-34.ec.
[INFO] Loading execution data file /home/ubuntu/TimeMachine/results/AmazeFileManager-3.4.2-#1837-rebuilt.apk.timemachine.result.emulator-5554#2026-08-17-01-00-46/ec_files/emulator-55542026-08-17-01-23-47.ec.
[INFO] Loading execution data file /home/ubuntu/TimeMachine/results/AmazeFileManager-3.4.2-#1837-rebuilt.apk.timemachine.result.emulator-5554#2026-08-17-01-00-46/ec_files/emulator-55542026-08-17-01-23-58.ec.
[INFO] Loading execution data file /home/ubuntu/TimeMachine/results/AmazeFileManager-3.4.2-#1837-rebuilt.apk.timemachine.result.emulator-5554#2026-08-17-01-00-46/ec_files/emulator-55542026-08-17-01-24-09.ec.
[INFO] Loading execution data file /home/ubuntu/TimeMachine/results/AmazeFileManager-3.4.2-#1837-rebuilt.apk.timemachine.result.emulator-5554#2026-08-17-01-00-46/ec_files/emulator-55542026-08-17-01-24-28.ec.
[INFO] Loading execution data file /home/ubuntu/TimeMachine/results/AmazeFileManager-3.4.2-#1837-rebuilt.apk.timemachine.result.emulator-5554#2026-08-17-01-00-46/ec_files/emulator-55542026-08-17-01-24-43.ec.
[INFO] Loading execution data file /home/ubuntu/TimeMachine/results/AmazeFileManager-3.4.2-#1837-rebuilt.apk.timemachine.result.emulator-5554#2026-08-17-01-00-46/ec_files/emulator-55542026-08-17-01-24-56.ec.
[INFO] Loading execution data file /home/ubuntu/TimeMachine/results/AmazeFileManager-3.4.2-#1837-rebuilt.apk.timemachine.result.emulator-5554#2026-08-17-01-00-46/ec_files/emulator-55542026-08-17-01-25-09.ec.
[INFO] Loading execution data file /home/ubuntu/TimeMachine/results/AmazeFileManager-3.4.2-#1837-rebuilt.apk.timemachine.result.emulator-5554#2026-08-17-01-00-46/ec_files/emulator-55542026-08-17-01-25-20.ec.
[INFO] Loading execution data file /home/ubuntu/TimeMachine/results/AmazeFileManager-3.4.2-#1837-rebuilt.apk.timemachine.result.emulator-5554#2026-08-17-01-00-46/ec_files/emulator-55542026-08-17-01-25-33.ec.
[INFO] Loading execution data file /home/ubuntu/TimeMachine/results/AmazeFileManager-3.4.2-#1837-rebuilt.apk.timemachine.result.emulator-5554#2026-08-17-01-00-46/ec_files/emulator-55542026-08-17-01-25-44.ec.
[INFO] Loading execution data file /home/ubuntu/TimeMachine/results/AmazeFileManager-3.4.2-#1837-rebuilt.apk.timemachine.result.emulator-5554#2026-08-17-01-00-46/ec_files/emulator-55542026-08-17-01-25-57.ec.
[INFO] Loading execution data file /home/ubuntu/TimeMachine/results/AmazeFileManager-3.4.2-#1837-rebuilt.apk.timemachine.result.emulator-5554#2026-08-17-01-00-46/ec_files/emulator-55542026-08-17-01-26-15.ec.
[INFO] Analyzing 508 classes.
   
-----------
current jacoco line coverage rate: 0.196876612109
-----------
--coverage when the new state is triggered: 0.196876612109 current jacoco line coverage rate : 0.191577170192
===================> REWARD STATE <=====================
===================> REWARD STATE <=====================
--taking snapshot...
deque(['1110022260', '619645921', '-165945893', '1138396480', '-2105113044', '1687122449', '-37785511', '-307486232', '-1094074386', '52808485'], maxlen=10)
Frequent nodes 
[('183131266', <state_graph.State instance at 0x791e83bc0960>), ('-583182176', <state_graph.State instance at 0x791e88ebac80>), ('-307486232', <state_graph.State instance at 0x791e8ba52d70>), ('OOAUT', <state_graph.State instance at 0x791eaa94c230>), ('1893074188', <state_graph.State instance at 0x791e88307c80>), ('-1433637423', <state_graph.State instance at 0x791e88132e10>), ('820917904', <state_graph.State instance at 0x791e8ac3f3c0>)]
the portion to the top 20% most frequent states: 0.1
Frequent nodes 
[('183131266', <state_graph.State instance at 0x791e83bc0960>), ('-583182176', <state_graph.State instance at 0x791e88ebac80>), ('-307486232', <state_graph.State instance at 0x791e8ba52d70>), ('OOAUT', <state_graph.State instance at 0x791eaa94c230>), ('1893074188', <state_graph.State instance at 0x791e88307c80>), ('-1433637423', <state_graph.State instance at 0x791e88132e10>), ('820917904', <state_graph.State instance at 0x791e8ac3f3c0>)]
--extracted id: -1113643644  num_controllable_widgets: 9
--transiton occurs
--a new state is triggered and add -1113643644 into the state graph.
get_jacoco_coverage- return code:  output: Broadcasting: Intent { act=edu.gatech.m3.emma.COLLECT_COVERAGE }
Broadcast completed: result=0
---
[COVERAGE FILE EXIST?]
coverage.ec
---
---
[VALIDATE COVERAGE FILE]$ java -jar /home/ubuntu/TimeMachine/fuzzingandroid/libs/jacococli.jar report /home/ubuntu/TimeMachine/results/AmazeFileManager-3.4.2-#1837-rebuilt.apk.timemachine.result.emulator-5554#2026-08-17-01-00-46/ec_files/emulator-55542026-08-17-01-26-33.ec  --classfiles /home/ubuntu/TimeMachine/instrumented_apps/AmazeFileManager/AmazeFileManager-#1837/app/build/intermediates/javac/fdroidDebug/classes/ --classfiles /home/ubuntu/TimeMachine/instrumented_apps/AmazeFileManager/AmazeFileManager-#1837/commons_compress_7z/build/intermediates/javac/debug/classes/ --sourcefiles /home/ubuntu/TimeMachine/instrumented_apps/AmazeFileManager/AmazeFileManager-#1837/app/src/main/java/ --sourcefiles /home/ubuntu/TimeMachine/instrumented_apps/AmazeFileManager/AmazeFileManager-#1837/commons_compress_7z/src/main/java/ &> temp
---
---
[VALIDATE MESSAGE]
---
SUCCESS: coverage file is valid!
[INFO] Loading execution data file /home/ubuntu/TimeMachine/results/AmazeFileManager-3.4.2-#1837-rebuilt.apk.timemachine.result.emulator-5554#2026-08-17-01-00-46/ec_files/emulator-55542026-08-17-01-26-33.ec.
[INFO] Analyzing 508 classes.
 /sdcard/coverage.ec: 1 file pulled, 0 skipped. 0.0 MB/s (1622 bytes in 0.092s)
 
compute_coverage-return code:  output: /home/ubuntu/TimeMachine/results/AmazeFileManager-3.4.2-#1837-rebuilt.apk.timemachine.result.emulator-5554#2026-08-17-01-00-46/ec_files/coveragetemp.ec /home/ubuntu/TimeMachine/results/AmazeFileManager-3.4.2-#1837-rebuilt.apk.timemachine.result.emulator-5554#2026-08-17-01-00-46/ec_files/emulator-55542026-08-17-01-09-02.ec /home/ubuntu/TimeMachine/results/AmazeFileManager-3.4.2-#1837-rebuilt.apk.timemachine.result.emulator-5554#2026-08-17-01-00-46/ec_files/emulator-55542026-08-17-01-09-05.ec /home/ubuntu/TimeMachine/results/AmazeFileManager-3.4.2-#1837-rebuilt.apk.timemachine.result.emulator-5554#2026-08-17-01-00-46/ec_files/emulator-55542026-08-17-01-16-12.ec /home/ubuntu/TimeMachine/results/AmazeFileManager-3.4.2-#1837-rebuilt.apk.timemachine.result.emulator-5554#2026-08-17-01-00-46/ec_files/emulator-55542026-08-17-01-16-28.ec /home/ubuntu/TimeMachine/results/AmazeFileManager-3.4.2-#1837-rebuilt.apk.timemachine.result.emulator-5554#2026-08-17-01-00-46/ec_files/emulator-55542026-08-17-01-16-41.ec /home/ubuntu/TimeMachine/results/AmazeFileManager-3.4.2-#1837-rebuilt.apk.timemachine.result.emulator-5554#2026-08-17-01-00-46/ec_files/emulator-55542026-08-17-01-16-55.ec /home/ubuntu/TimeMachine/results/AmazeFileManager-3.4.2-#1837-rebuilt.apk.timemachine.result.emulator-5554#2026-08-17-01-00-46/ec_files/emulator-55542026-08-17-01-17-06.ec /home/ubuntu/TimeMachine/results/AmazeFileManager-3.4.2-#1837-rebuilt.apk.timemachine.result.emulator-5554#2026-08-17-01-00-46/ec_files/emulator-55542026-08-17-01-17-18.ec /home/ubuntu/TimeMachine/results/AmazeFileManager-3.4.2-#1837-rebuilt.apk.timemachine.result.emulator-5554#2026-08-17-01-00-46/ec_files/emulator-55542026-08-17-01-18-42.ec /home/ubuntu/TimeMachine/results/AmazeFileManager-3.4.2-#1837-rebuilt.apk.timemachine.result.emulator-5554#2026-08-17-01-00-46/ec_files/emulator-55542026-08-17-01-19-37.ec /home/ubuntu/TimeMachine/results/AmazeFileManager-3.4.2-#1837-rebuilt.apk.timemachine.result.emulator-5554#2026-08-17-01-00-46/ec_files/emulator-55542026-08-17-01-19-48.ec /home/ubuntu/TimeMachine/results/AmazeFileManager-3.4.2-#1837-rebuilt.apk.timemachine.result.emulator-5554#2026-08-17-01-00-46/ec_files/emulator-55542026-08-17-01-20-06.ec /home/ubuntu/TimeMachine/results/AmazeFileManager-3.4.2-#1837-rebuilt.apk.timemachine.result.emulator-5554#2026-08-17-01-00-46/ec_files/emulator-55542026-08-17-01-20-22.ec /home/ubuntu/TimeMachine/results/AmazeFileManager-3.4.2-#1837-rebuilt.apk.timemachine.result.emulator-5554#2026-08-17-01-00-46/ec_files/emulator-55542026-08-17-01-20-37.ec /home/ubuntu/TimeMachine/results/AmazeFileManager-3.4.2-#1837-rebuilt.apk.timemachine.result.emulator-5554#2026-08-17-01-00-46/ec_files/emulator-55542026-08-17-01-20-50.ec /home/ubuntu/TimeMachine/results/AmazeFileManager-3.4.2-#1837-rebuilt.apk.timemachine.result.emulator-5554#2026-08-17-01-00-46/ec_files/emulator-55542026-08-17-01-21-08.ec /home/ubuntu/TimeMachine/results/AmazeFileManager-3.4.2-#1837-rebuilt.apk.timemachine.result.emulator-5554#2026-08-17-01-00-46/ec_files/emulator-55542026-08-17-01-21-20.ec /home/ubuntu/TimeMachine/results/AmazeFileManager-3.4.2-#1837-rebuilt.apk.timemachine.result.emulator-5554#2026-08-17-01-00-46/ec_files/emulator-55542026-08-17-01-21-33.ec /home/ubuntu/TimeMachine/results/AmazeFileManager-3.4.2-#1837-rebuilt.apk.timemachine.result.emulator-5554#2026-08-17-01-00-46/ec_files/emulator-55542026-08-17-01-21-46.ec /home/ubuntu/TimeMachine/results/AmazeFileManager-3.4.2-#1837-rebuilt.apk.timemachine.result.emulator-5554#2026-08-17-01-00-46/ec_files/emulator-55542026-08-17-01-22-01.ec /home/ubuntu/TimeMachine/results/AmazeFileManager-3.4.2-#1837-rebuilt.apk.timemachine.result.emulator-5554#2026-08-17-01-00-46/ec_files/emulator-55542026-08-17-01-22-12.ec /home/ubuntu/TimeMachine/results/AmazeFileManager-3.4.2-#1837-rebuilt.apk.timemachine.result.emulator-5554#2026-08-17-01-00-46/ec_files/emulator-55542026-08-17-01-22-27.ec /home/ubuntu/TimeMachine/results/AmazeFileManager-3.4.2-#1837-rebuilt.apk.timemachine.result.emulator-5554#2026-08-17-01-00-46/ec_files/emulator-55542026-08-17-01-22-41.ec /home/ubuntu/TimeMachine/results/AmazeFileManager-3.4.2-#1837-rebuilt.apk.timemachine.result.emulator-5554#2026-08-17-01-00-46/ec_files/emulator-55542026-08-17-01-22-51.ec /home/ubuntu/TimeMachine/results/AmazeFileManager-3.4.2-#1837-rebuilt.apk.timemachine.result.emulator-5554#2026-08-17-01-00-46/ec_files/emulator-55542026-08-17-01-23-08.ec /home/ubuntu/TimeMachine/results/AmazeFileManager-3.4.2-#1837-rebuilt.apk.timemachine.result.emulator-5554#2026-08-17-01-00-46/ec_files/emulator-55542026-08-17-01-23-22.ec /home/ubuntu/TimeMachine/results/AmazeFileManager-3.4.2-#1837-rebuilt.apk.timemachine.result.emulator-5554#2026-08-17-01-00-46/ec_files/emulator-55542026-08-17-01-23-34.ec /home/ubuntu/TimeMachine/results/AmazeFileManager-3.4.2-#1837-rebuilt.apk.timemachine.result.emulator-5554#2026-08-17-01-00-46/ec_files/emulator-55542026-08-17-01-23-47.ec /home/ubuntu/TimeMachine/results/AmazeFileManager-3.4.2-#1837-rebuilt.apk.timemachine.result.emulator-5554#2026-08-17-01-00-46/ec_files/emulator-55542026-08-17-01-23-58.ec /home/ubuntu/TimeMachine/results/AmazeFileManager-3.4.2-#1837-rebuilt.apk.timemachine.result.emulator-5554#2026-08-17-01-00-46/ec_files/emulator-55542026-08-17-01-24-09.ec /home/ubuntu/TimeMachine/results/AmazeFileManager-3.4.2-#1837-rebuilt.apk.timemachine.result.emulator-5554#2026-08-17-01-00-46/ec_files/emulator-55542026-08-17-01-24-28.ec /home/ubuntu/TimeMachine/results/AmazeFileManager-3.4.2-#1837-rebuilt.apk.timemachine.result.emulator-5554#2026-08-17-01-00-46/ec_files/emulator-55542026-08-17-01-24-43.ec /home/ubuntu/TimeMachine/results/AmazeFileManager-3.4.2-#1837-rebuilt.apk.timemachine.result.emulator-5554#2026-08-17-01-00-46/ec_files/emulator-55542026-08-17-01-24-56.ec /home/ubuntu/TimeMachine/results/AmazeFileManager-3.4.2-#1837-rebuilt.apk.timemachine.result.emulator-5554#2026-08-17-01-00-46/ec_files/emulator-55542026-08-17-01-25-09.ec /home/ubuntu/TimeMachine/results/AmazeFileManager-3.4.2-#1837-rebuilt.apk.timemachine.result.emulator-5554#2026-08-17-01-00-46/ec_files/emulator-55542026-08-17-01-25-20.ec /home/ubuntu/TimeMachine/results/AmazeFileManager-3.4.2-#1837-rebuilt.apk.timemachine.result.emulator-5554#2026-08-17-01-00-46/ec_files/emulator-55542026-08-17-01-25-33.ec /home/ubuntu/TimeMachine/results/AmazeFileManager-3.4.2-#1837-rebuilt.apk.timemachine.result.emulator-5554#2026-08-17-01-00-46/ec_files/emulator-55542026-08-17-01-25-44.ec /home/ubuntu/TimeMachine/results/AmazeFileManager-3.4.2-#1837-rebuilt.apk.timemachine.result.emulator-5554#2026-08-17-01-00-46/ec_files/emulator-55542026-08-17-01-25-57.ec /home/ubuntu/TimeMachine/results/AmazeFileManager-3.4.2-#1837-rebuilt.apk.timemachine.result.emulator-5554#2026-08-17-01-00-46/ec_files/emulator-55542026-08-17-01-26-15.ec /home/ubuntu/TimeMachine/results/AmazeFileManager-3.4.2-#1837-rebuilt.apk.timemachine.result.emulator-5554#2026-08-17-01-00-46/ec_files/emulator-55542026-08-17-01-26-33.ec
[INFO] Loading execution data file /home/ubuntu/TimeMachine/results/AmazeFileManager-3.4.2-#1837-rebuilt.apk.timemachine.result.emulator-5554#2026-08-17-01-00-46/ec_files/coveragetemp.ec.
[INFO] Loading execution data file /home/ubuntu/TimeMachine/results/AmazeFileManager-3.4.2-#1837-rebuilt.apk.timemachine.result.emulator-5554#2026-08-17-01-00-46/ec_files/emulator-55542026-08-17-01-09-02.ec.
[INFO] Loading execution data file /home/ubuntu/TimeMachine/results/AmazeFileManager-3.4.2-#1837-rebuilt.apk.timemachine.result.emulator-5554#2026-08-17-01-00-46/ec_files/emulator-55542026-08-17-01-09-05.ec.
[INFO] Loading execution data file /home/ubuntu/TimeMachine/results/AmazeFileManager-3.4.2-#1837-rebuilt.apk.timemachine.result.emulator-5554#2026-08-17-01-00-46/ec_files/emulator-55542026-08-17-01-16-12.ec.
[INFO] Loading execution data file /home/ubuntu/TimeMachine/results/AmazeFileManager-3.4.2-#1837-rebuilt.apk.timemachine.result.emulator-5554#2026-08-17-01-00-46/ec_files/emulator-55542026-08-17-01-16-28.ec.
[INFO] Loading execution data file /home/ubuntu/TimeMachine/results/AmazeFileManager-3.4.2-#1837-rebuilt.apk.timemachine.result.emulator-5554#2026-08-17-01-00-46/ec_files/emulator-55542026-08-17-01-16-41.ec.
[INFO] Loading execution data file /home/ubuntu/TimeMachine/results/AmazeFileManager-3.4.2-#1837-rebuilt.apk.timemachine.result.emulator-5554#2026-08-17-01-00-46/ec_files/emulator-55542026-08-17-01-16-55.ec.
[INFO] Loading execution data file /home/ubuntu/TimeMachine/results/AmazeFileManager-3.4.2-#1837-rebuilt.apk.timemachine.result.emulator-5554#2026-08-17-01-00-46/ec_files/emulator-55542026-08-17-01-17-06.ec.
[INFO] Loading execution data file /home/ubuntu/TimeMachine/results/AmazeFileManager-3.4.2-#1837-rebuilt.apk.timemachine.result.emulator-5554#2026-08-17-01-00-46/ec_files/emulator-55542026-08-17-01-17-18.ec.
[INFO] Loading execution data file /home/ubuntu/TimeMachine/results/AmazeFileManager-3.4.2-#1837-rebuilt.apk.timemachine.result.emulator-5554#2026-08-17-01-00-46/ec_files/emulator-55542026-08-17-01-18-42.ec.
[INFO] Loading execution data file /home/ubuntu/TimeMachine/results/AmazeFileManager-3.4.2-#1837-rebuilt.apk.timemachine.result.emulator-5554#2026-08-17-01-00-46/ec_files/emulator-55542026-08-17-01-19-37.ec.
[INFO] Loading execution data file /home/ubuntu/TimeMachine/results/AmazeFileManager-3.4.2-#1837-rebuilt.apk.timemachine.result.emulator-5554#2026-08-17-01-00-46/ec_files/emulator-55542026-08-17-01-19-48.ec.
[INFO] Loading execution data file /home/ubuntu/TimeMachine/results/AmazeFileManager-3.4.2-#1837-rebuilt.apk.timemachine.result.emulator-5554#2026-08-17-01-00-46/ec_files/emulator-55542026-08-17-01-20-06.ec.
[INFO] Loading execution data file /home/ubuntu/TimeMachine/results/AmazeFileManager-3.4.2-#1837-rebuilt.apk.timemachine.result.emulator-5554#2026-08-17-01-00-46/ec_files/emulator-55542026-08-17-01-20-22.ec.
[INFO] Loading execution data file /home/ubuntu/TimeMachine/results/AmazeFileManager-3.4.2-#1837-rebuilt.apk.timemachine.result.emulator-5554#2026-08-17-01-00-46/ec_files/emulator-55542026-08-17-01-20-37.ec.
[INFO] Loading execution data file /home/ubuntu/TimeMachine/results/AmazeFileManager-3.4.2-#1837-rebuilt.apk.timemachine.result.emulator-5554#2026-08-17-01-00-46/ec_files/emulator-55542026-08-17-01-20-50.ec.
[INFO] Loading execution data file /home/ubuntu/TimeMachine/results/AmazeFileManager-3.4.2-#1837-rebuilt.apk.timemachine.result.emulator-5554#2026-08-17-01-00-46/ec_files/emulator-55542026-08-17-01-21-08.ec.
[INFO] Loading execution data file /home/ubuntu/TimeMachine/results/AmazeFileManager-3.4.2-#1837-rebuilt.apk.timemachine.result.emulator-5554#2026-08-17-01-00-46/ec_files/emulator-55542026-08-17-01-21-20.ec.
[INFO] Loading execution data file /home/ubuntu/TimeMachine/results/AmazeFileManager-3.4.2-#1837-rebuilt.apk.timemachine.result.emulator-5554#2026-08-17-01-00-46/ec_files/emulator-55542026-08-17-01-21-33.ec.
[INFO] Loading execution data file /home/ubuntu/TimeMachine/results/AmazeFileManager-3.4.2-#1837-rebuilt.apk.timemachine.result.emulator-5554#2026-08-17-01-00-46/ec_files/emulator-55542026-08-17-01-21-46.ec.
[INFO] Loading execution data file /home/ubuntu/TimeMachine/results/AmazeFileManager-3.4.2-#1837-rebuilt.apk.timemachine.result.emulator-5554#2026-08-17-01-00-46/ec_files/emulator-55542026-08-17-01-22-01.ec.
[INFO] Loading execution data file /home/ubuntu/TimeMachine/results/AmazeFileManager-3.4.2-#1837-rebuilt.apk.timemachine.result.emulator-5554#2026-08-17-01-00-46/ec_files/emulator-55542026-08-17-01-22-12.ec.
[INFO] Loading execution data file /home/ubuntu/TimeMachine/results/AmazeFileManager-3.4.2-#1837-rebuilt.apk.timemachine.result.emulator-5554#2026-08-17-01-00-46/ec_files/emulator-55542026-08-17-01-22-27.ec.
[INFO] Loading execution data file /home/ubuntu/TimeMachine/results/AmazeFileManager-3.4.2-#1837-rebuilt.apk.timemachine.result.emulator-5554#2026-08-17-01-00-46/ec_files/emulator-55542026-08-17-01-22-41.ec.
[INFO] Loading execution data file /home/ubuntu/TimeMachine/results/AmazeFileManager-3.4.2-#1837-rebuilt.apk.timemachine.result.emulator-5554#2026-08-17-01-00-46/ec_files/emulator-55542026-08-17-01-22-51.ec.
[INFO] Loading execution data file /home/ubuntu/TimeMachine/results/AmazeFileManager-3.4.2-#1837-rebuilt.apk.timemachine.result.emulator-5554#2026-08-17-01-00-46/ec_files/emulator-55542026-08-17-01-23-08.ec.
[INFO] Loading execution data file /home/ubuntu/TimeMachine/results/AmazeFileManager-3.4.2-#1837-rebuilt.apk.timemachine.result.emulator-5554#2026-08-17-01-00-46/ec_files/emulator-55542026-08-17-01-23-22.ec.
[INFO] Loading execution data file /home/ubuntu/TimeMachine/results/AmazeFileManager-3.4.2-#1837-rebuilt.apk.timemachine.result.emulator-5554#2026-08-17-01-00-46/ec_files/emulator-55542026-08-17-01-23-34.ec.
[INFO] Loading execution data file /home/ubuntu/TimeMachine/results/AmazeFileManager-3.4.2-#1837-rebuilt.apk.timemachine.result.emulator-5554#2026-08-17-01-00-46/ec_files/emulator-55542026-08-17-01-23-47.ec.
[INFO] Loading execution data file /home/ubuntu/TimeMachine/results/AmazeFileManager-3.4.2-#1837-rebuilt.apk.timemachine.result.emulator-5554#2026-08-17-01-00-46/ec_files/emulator-55542026-08-17-01-23-58.ec.
[INFO] Loading execution data file /home/ubuntu/TimeMachine/results/AmazeFileManager-3.4.2-#1837-rebuilt.apk.timemachine.result.emulator-5554#2026-08-17-01-00-46/ec_files/emulator-55542026-08-17-01-24-09.ec.
[INFO] Loading execution data file /home/ubuntu/TimeMachine/results/AmazeFileManager-3.4.2-#1837-rebuilt.apk.timemachine.result.emulator-5554#2026-08-17-01-00-46/ec_files/emulator-55542026-08-17-01-24-28.ec.
[INFO] Loading execution data file /home/ubuntu/TimeMachine/results/AmazeFileManager-3.4.2-#1837-rebuilt.apk.timemachine.result.emulator-5554#2026-08-17-01-00-46/ec_files/emulator-55542026-08-17-01-24-43.ec.
[INFO] Loading execution data file /home/ubuntu/TimeMachine/results/AmazeFileManager-3.4.2-#1837-rebuilt.apk.timemachine.result.emulator-5554#2026-08-17-01-00-46/ec_files/emulator-55542026-08-17-01-24-56.ec.
[INFO] Loading execution data file /home/ubuntu/TimeMachine/results/AmazeFileManager-3.4.2-#1837-rebuilt.apk.timemachine.result.emulator-5554#2026-08-17-01-00-46/ec_files/emulator-55542026-08-17-01-25-09.ec.
[INFO] Loading execution data file /home/ubuntu/TimeMachine/results/AmazeFileManager-3.4.2-#1837-rebuilt.apk.timemachine.result.emulator-5554#2026-08-17-01-00-46/ec_files/emulator-55542026-08-17-01-25-20.ec.
[INFO] Loading execution data file /home/ubuntu/TimeMachine/results/AmazeFileManager-3.4.2-#1837-rebuilt.apk.timemachine.result.emulator-5554#2026-08-17-01-00-46/ec_files/emulator-55542026-08-17-01-25-33.ec.
[INFO] Loading execution data file /home/ubuntu/TimeMachine/results/AmazeFileManager-3.4.2-#1837-rebuilt.apk.timemachine.result.emulator-5554#2026-08-17-01-00-46/ec_files/emulator-55542026-08-17-01-25-44.ec.
[INFO] Loading execution data file /home/ubuntu/TimeMachine/results/AmazeFileManager-3.4.2-#1837-rebuilt.apk.timemachine.result.emulator-5554#2026-08-17-01-00-46/ec_files/emulator-55542026-08-17-01-25-57.ec.
[INFO] Loading execution data file /home/ubuntu/TimeMachine/results/AmazeFileManager-3.4.2-#1837-rebuilt.apk.timemachine.result.emulator-5554#2026-08-17-01-00-46/ec_files/emulator-55542026-08-17-01-26-15.ec.
[INFO] Loading execution data file /home/ubuntu/TimeMachine/results/AmazeFileManager-3.4.2-#1837-rebuilt.apk.timemachine.result.emulator-5554#2026-08-17-01-00-46/ec_files/emulator-55542026-08-17-01-26-33.ec.
[INFO] Analyzing 508 classes.
   
-----------
current jacoco line coverage rate: 0.196876612109
-----------
--coverage when the new state is triggered: 0.196876612109 current jacoco line coverage rate : 0.196876612109
===================> PENALIZE STATE <=====================
deque(['619645921', '-165945893', '1138396480', '-2105113044', '1687122449', '-37785511', '-307486232', '-1094074386', '52808485', '-1113643644'], maxlen=10)
Frequent nodes 
[('183131266', <state_graph.State instance at 0x791e83bc0960>), ('-583182176', <state_graph.State instance at 0x791e88ebac80>), ('-307486232', <state_graph.State instance at 0x791e8ba52d70>), ('OOAUT', <state_graph.State instance at 0x791eaa94c230>), ('1893074188', <state_graph.State instance at 0x791e88307c80>), ('-1433637423', <state_graph.State instance at 0x791e88132e10>), ('820917904', <state_graph.State instance at 0x791e8ac3f3c0>), ('-1556411559', <state_graph.State instance at 0x791e88ebad70>)]
the portion to the top 20% most frequent states: 0.1
Frequent nodes 
[('183131266', <state_graph.State instance at 0x791e83bc0960>), ('-583182176', <state_graph.State instance at 0x791e88ebac80>), ('-307486232', <state_graph.State instance at 0x791e8ba52d70>), ('OOAUT', <state_graph.State instance at 0x791eaa94c230>), ('1893074188', <state_graph.State instance at 0x791e88307c80>), ('-1433637423', <state_graph.State instance at 0x791e88132e10>), ('820917904', <state_graph.State instance at 0x791e8ac3f3c0>), ('-1556411559', <state_graph.State instance at 0x791e88ebad70>)]
--extracted id: -1390515789  num_controllable_widgets: 0
--transiton occurs
--a new state is triggered and add -1390515789 into the state graph.
get_jacoco_coverage- return code:  output: Broadcasting: Intent { act=edu.gatech.m3.emma.COLLECT_COVERAGE }
Broadcast completed: result=0
---
[COVERAGE FILE EXIST?]
coverage.ec
---
---
[VALIDATE COVERAGE FILE]$ java -jar /home/ubuntu/TimeMachine/fuzzingandroid/libs/jacococli.jar report /home/ubuntu/TimeMachine/results/AmazeFileManager-3.4.2-#1837-rebuilt.apk.timemachine.result.emulator-5554#2026-08-17-01-00-46/ec_files/emulator-55542026-08-17-01-26-46.ec  --classfiles /home/ubuntu/TimeMachine/instrumented_apps/AmazeFileManager/AmazeFileManager-#1837/app/build/intermediates/javac/fdroidDebug/classes/ --classfiles /home/ubuntu/TimeMachine/instrumented_apps/AmazeFileManager/AmazeFileManager-#1837/commons_compress_7z/build/intermediates/javac/debug/classes/ --sourcefiles /home/ubuntu/TimeMachine/instrumented_apps/AmazeFileManager/AmazeFileManager-#1837/app/src/main/java/ --sourcefiles /home/ubuntu/TimeMachine/instrumented_apps/AmazeFileManager/AmazeFileManager-#1837/commons_compress_7z/src/main/java/ &> temp
---
---
[VALIDATE MESSAGE]
---
SUCCESS: coverage file is valid!
[INFO] Loading execution data file /home/ubuntu/TimeMachine/results/AmazeFileManager-3.4.2-#1837-rebuilt.apk.timemachine.result.emulator-5554#2026-08-17-01-00-46/ec_files/emulator-55542026-08-17-01-26-46.ec.
[INFO] Analyzing 508 classes.
 /sdcard/coverage.ec: 1 file pulled, 0 skipped. 0.1 MB/s (3613 bytes in 0.058s)
 
compute_coverage-return code:  output: /home/ubuntu/TimeMachine/results/AmazeFileManager-3.4.2-#1837-rebuilt.apk.timemachine.result.emulator-5554#2026-08-17-01-00-46/ec_files/coveragetemp.ec /home/ubuntu/TimeMachine/results/AmazeFileManager-3.4.2-#1837-rebuilt.apk.timemachine.result.emulator-5554#2026-08-17-01-00-46/ec_files/emulator-55542026-08-17-01-09-02.ec /home/ubuntu/TimeMachine/results/AmazeFileManager-3.4.2-#1837-rebuilt.apk.timemachine.result.emulator-5554#2026-08-17-01-00-46/ec_files/emulator-55542026-08-17-01-09-05.ec /home/ubuntu/TimeMachine/results/AmazeFileManager-3.4.2-#1837-rebuilt.apk.timemachine.result.emulator-5554#2026-08-17-01-00-46/ec_files/emulator-55542026-08-17-01-16-12.ec /home/ubuntu/TimeMachine/results/AmazeFileManager-3.4.2-#1837-rebuilt.apk.timemachine.result.emulator-5554#2026-08-17-01-00-46/ec_files/emulator-55542026-08-17-01-16-28.ec /home/ubuntu/TimeMachine/results/AmazeFileManager-3.4.2-#1837-rebuilt.apk.timemachine.result.emulator-5554#2026-08-17-01-00-46/ec_files/emulator-55542026-08-17-01-16-41.ec /home/ubuntu/TimeMachine/results/AmazeFileManager-3.4.2-#1837-rebuilt.apk.timemachine.result.emulator-5554#2026-08-17-01-00-46/ec_files/emulator-55542026-08-17-01-16-55.ec /home/ubuntu/TimeMachine/results/AmazeFileManager-3.4.2-#1837-rebuilt.apk.timemachine.result.emulator-5554#2026-08-17-01-00-46/ec_files/emulator-55542026-08-17-01-17-06.ec /home/ubuntu/TimeMachine/results/AmazeFileManager-3.4.2-#1837-rebuilt.apk.timemachine.result.emulator-5554#2026-08-17-01-00-46/ec_files/emulator-55542026-08-17-01-17-18.ec /home/ubuntu/TimeMachine/results/AmazeFileManager-3.4.2-#1837-rebuilt.apk.timemachine.result.emulator-5554#2026-08-17-01-00-46/ec_files/emulator-55542026-08-17-01-18-42.ec /home/ubuntu/TimeMachine/results/AmazeFileManager-3.4.2-#1837-rebuilt.apk.timemachine.result.emulator-5554#2026-08-17-01-00-46/ec_files/emulator-55542026-08-17-01-19-37.ec /home/ubuntu/TimeMachine/results/AmazeFileManager-3.4.2-#1837-rebuilt.apk.timemachine.result.emulator-5554#2026-08-17-01-00-46/ec_files/emulator-55542026-08-17-01-19-48.ec /home/ubuntu/TimeMachine/results/AmazeFileManager-3.4.2-#1837-rebuilt.apk.timemachine.result.emulator-5554#2026-08-17-01-00-46/ec_files/emulator-55542026-08-17-01-20-06.ec /home/ubuntu/TimeMachine/results/AmazeFileManager-3.4.2-#1837-rebuilt.apk.timemachine.result.emulator-5554#2026-08-17-01-00-46/ec_files/emulator-55542026-08-17-01-20-22.ec /home/ubuntu/TimeMachine/results/AmazeFileManager-3.4.2-#1837-rebuilt.apk.timemachine.result.emulator-5554#2026-08-17-01-00-46/ec_files/emulator-55542026-08-17-01-20-37.ec /home/ubuntu/TimeMachine/results/AmazeFileManager-3.4.2-#1837-rebuilt.apk.timemachine.result.emulator-5554#2026-08-17-01-00-46/ec_files/emulator-55542026-08-17-01-20-50.ec /home/ubuntu/TimeMachine/results/AmazeFileManager-3.4.2-#1837-rebuilt.apk.timemachine.result.emulator-5554#2026-08-17-01-00-46/ec_files/emulator-55542026-08-17-01-21-08.ec /home/ubuntu/TimeMachine/results/AmazeFileManager-3.4.2-#1837-rebuilt.apk.timemachine.result.emulator-5554#2026-08-17-01-00-46/ec_files/emulator-55542026-08-17-01-21-20.ec /home/ubuntu/TimeMachine/results/AmazeFileManager-3.4.2-#1837-rebuilt.apk.timemachine.result.emulator-5554#2026-08-17-01-00-46/ec_files/emulator-55542026-08-17-01-21-33.ec /home/ubuntu/TimeMachine/results/AmazeFileManager-3.4.2-#1837-rebuilt.apk.timemachine.result.emulator-5554#2026-08-17-01-00-46/ec_files/emulator-55542026-08-17-01-21-46.ec /home/ubuntu/TimeMachine/results/AmazeFileManager-3.4.2-#1837-rebuilt.apk.timemachine.result.emulator-5554#2026-08-17-01-00-46/ec_files/emulator-55542026-08-17-01-22-01.ec /home/ubuntu/TimeMachine/results/AmazeFileManager-3.4.2-#1837-rebuilt.apk.timemachine.result.emulator-5554#2026-08-17-01-00-46/ec_files/emulator-55542026-08-17-01-22-12.ec /home/ubuntu/TimeMachine/results/AmazeFileManager-3.4.2-#1837-rebuilt.apk.timemachine.result.emulator-5554#2026-08-17-01-00-46/ec_files/emulator-55542026-08-17-01-22-27.ec /home/ubuntu/TimeMachine/results/AmazeFileManager-3.4.2-#1837-rebuilt.apk.timemachine.result.emulator-5554#2026-08-17-01-00-46/ec_files/emulator-55542026-08-17-01-22-41.ec /home/ubuntu/TimeMachine/results/AmazeFileManager-3.4.2-#1837-rebuilt.apk.timemachine.result.emulator-5554#2026-08-17-01-00-46/ec_files/emulator-55542026-08-17-01-22-51.ec /home/ubuntu/TimeMachine/results/AmazeFileManager-3.4.2-#1837-rebuilt.apk.timemachine.result.emulator-5554#2026-08-17-01-00-46/ec_files/emulator-55542026-08-17-01-23-08.ec /home/ubuntu/TimeMachine/results/AmazeFileManager-3.4.2-#1837-rebuilt.apk.timemachine.result.emulator-5554#2026-08-17-01-00-46/ec_files/emulator-55542026-08-17-01-23-22.ec /home/ubuntu/TimeMachine/results/AmazeFileManager-3.4.2-#1837-rebuilt.apk.timemachine.result.emulator-5554#2026-08-17-01-00-46/ec_files/emulator-55542026-08-17-01-23-34.ec /home/ubuntu/TimeMachine/results/AmazeFileManager-3.4.2-#1837-rebuilt.apk.timemachine.result.emulator-5554#2026-08-17-01-00-46/ec_files/emulator-55542026-08-17-01-23-47.ec /home/ubuntu/TimeMachine/results/AmazeFileManager-3.4.2-#1837-rebuilt.apk.timemachine.result.emulator-5554#2026-08-17-01-00-46/ec_files/emulator-55542026-08-17-01-23-58.ec /home/ubuntu/TimeMachine/results/AmazeFileManager-3.4.2-#1837-rebuilt.apk.timemachine.result.emulator-5554#2026-08-17-01-00-46/ec_files/emulator-55542026-08-17-01-24-09.ec /home/ubuntu/TimeMachine/results/AmazeFileManager-3.4.2-#1837-rebuilt.apk.timemachine.result.emulator-5554#2026-08-17-01-00-46/ec_files/emulator-55542026-08-17-01-24-28.ec /home/ubuntu/TimeMachine/results/AmazeFileManager-3.4.2-#1837-rebuilt.apk.timemachine.result.emulator-5554#2026-08-17-01-00-46/ec_files/emulator-55542026-08-17-01-24-43.ec /home/ubuntu/TimeMachine/results/AmazeFileManager-3.4.2-#1837-rebuilt.apk.timemachine.result.emulator-5554#2026-08-17-01-00-46/ec_files/emulator-55542026-08-17-01-24-56.ec /home/ubuntu/TimeMachine/results/AmazeFileManager-3.4.2-#1837-rebuilt.apk.timemachine.result.emulator-5554#2026-08-17-01-00-46/ec_files/emulator-55542026-08-17-01-25-09.ec /home/ubuntu/TimeMachine/results/AmazeFileManager-3.4.2-#1837-rebuilt.apk.timemachine.result.emulator-5554#2026-08-17-01-00-46/ec_files/emulator-55542026-08-17-01-25-20.ec /home/ubuntu/TimeMachine/results/AmazeFileManager-3.4.2-#1837-rebuilt.apk.timemachine.result.emulator-5554#2026-08-17-01-00-46/ec_files/emulator-55542026-08-17-01-25-33.ec /home/ubuntu/TimeMachine/results/AmazeFileManager-3.4.2-#1837-rebuilt.apk.timemachine.result.emulator-5554#2026-08-17-01-00-46/ec_files/emulator-55542026-08-17-01-25-44.ec /home/ubuntu/TimeMachine/results/AmazeFileManager-3.4.2-#1837-rebuilt.apk.timemachine.result.emulator-5554#2026-08-17-01-00-46/ec_files/emulator-55542026-08-17-01-25-57.ec /home/ubuntu/TimeMachine/results/AmazeFileManager-3.4.2-#1837-rebuilt.apk.timemachine.result.emulator-5554#2026-08-17-01-00-46/ec_files/emulator-55542026-08-17-01-26-15.ec /home/ubuntu/TimeMachine/results/AmazeFileManager-3.4.2-#1837-rebuilt.apk.timemachine.result.emulator-5554#2026-08-17-01-00-46/ec_files/emulator-55542026-08-17-01-26-33.ec /home/ubuntu/TimeMachine/results/AmazeFileManager-3.4.2-#1837-rebuilt.apk.timemachine.result.emulator-5554#2026-08-17-01-00-46/ec_files/emulator-55542026-08-17-01-26-46.ec
[INFO] Loading execution data file /home/ubuntu/TimeMachine/results/AmazeFileManager-3.4.2-#1837-rebuilt.apk.timemachine.result.emulator-5554#2026-08-17-01-00-46/ec_files/coveragetemp.ec.
[INFO] Loading execution data file /home/ubuntu/TimeMachine/results/AmazeFileManager-3.4.2-#1837-rebuilt.apk.timemachine.result.emulator-5554#2026-08-17-01-00-46/ec_files/emulator-55542026-08-17-01-09-02.ec.
[INFO] Loading execution data file /home/ubuntu/TimeMachine/results/AmazeFileManager-3.4.2-#1837-rebuilt.apk.timemachine.result.emulator-5554#2026-08-17-01-00-46/ec_files/emulator-55542026-08-17-01-09-05.ec.
[INFO] Loading execution data file /home/ubuntu/TimeMachine/results/AmazeFileManager-3.4.2-#1837-rebuilt.apk.timemachine.result.emulator-5554#2026-08-17-01-00-46/ec_files/emulator-55542026-08-17-01-16-12.ec.
[INFO] Loading execution data file /home/ubuntu/TimeMachine/results/AmazeFileManager-3.4.2-#1837-rebuilt.apk.timemachine.result.emulator-5554#2026-08-17-01-00-46/ec_files/emulator-55542026-08-17-01-16-28.ec.
[INFO] Loading execution data file /home/ubuntu/TimeMachine/results/AmazeFileManager-3.4.2-#1837-rebuilt.apk.timemachine.result.emulator-5554#2026-08-17-01-00-46/ec_files/emulator-55542026-08-17-01-16-41.ec.
[INFO] Loading execution data file /home/ubuntu/TimeMachine/results/AmazeFileManager-3.4.2-#1837-rebuilt.apk.timemachine.result.emulator-5554#2026-08-17-01-00-46/ec_files/emulator-55542026-08-17-01-16-55.ec.
[INFO] Loading execution data file /home/ubuntu/TimeMachine/results/AmazeFileManager-3.4.2-#1837-rebuilt.apk.timemachine.result.emulator-5554#2026-08-17-01-00-46/ec_files/emulator-55542026-08-17-01-17-06.ec.
[INFO] Loading execution data file /home/ubuntu/TimeMachine/results/AmazeFileManager-3.4.2-#1837-rebuilt.apk.timemachine.result.emulator-5554#2026-08-17-01-00-46/ec_files/emulator-55542026-08-17-01-17-18.ec.
[INFO] Loading execution data file /home/ubuntu/TimeMachine/results/AmazeFileManager-3.4.2-#1837-rebuilt.apk.timemachine.result.emulator-5554#2026-08-17-01-00-46/ec_files/emulator-55542026-08-17-01-18-42.ec.
[INFO] Loading execution data file /home/ubuntu/TimeMachine/results/AmazeFileManager-3.4.2-#1837-rebuilt.apk.timemachine.result.emulator-5554#2026-08-17-01-00-46/ec_files/emulator-55542026-08-17-01-19-37.ec.
[INFO] Loading execution data file /home/ubuntu/TimeMachine/results/AmazeFileManager-3.4.2-#1837-rebuilt.apk.timemachine.result.emulator-5554#2026-08-17-01-00-46/ec_files/emulator-55542026-08-17-01-19-48.ec.
[INFO] Loading execution data file /home/ubuntu/TimeMachine/results/AmazeFileManager-3.4.2-#1837-rebuilt.apk.timemachine.result.emulator-5554#2026-08-17-01-00-46/ec_files/emulator-55542026-08-17-01-20-06.ec.
[INFO] Loading execution data file /home/ubuntu/TimeMachine/results/AmazeFileManager-3.4.2-#1837-rebuilt.apk.timemachine.result.emulator-5554#2026-08-17-01-00-46/ec_files/emulator-55542026-08-17-01-20-22.ec.
[INFO] Loading execution data file /home/ubuntu/TimeMachine/results/AmazeFileManager-3.4.2-#1837-rebuilt.apk.timemachine.result.emulator-5554#2026-08-17-01-00-46/ec_files/emulator-55542026-08-17-01-20-37.ec.
[INFO] Loading execution data file /home/ubuntu/TimeMachine/results/AmazeFileManager-3.4.2-#1837-rebuilt.apk.timemachine.result.emulator-5554#2026-08-17-01-00-46/ec_files/emulator-55542026-08-17-01-20-50.ec.
[INFO] Loading execution data file /home/ubuntu/TimeMachine/results/AmazeFileManager-3.4.2-#1837-rebuilt.apk.timemachine.result.emulator-5554#2026-08-17-01-00-46/ec_files/emulator-55542026-08-17-01-21-08.ec.
[INFO] Loading execution data file /home/ubuntu/TimeMachine/results/AmazeFileManager-3.4.2-#1837-rebuilt.apk.timemachine.result.emulator-5554#2026-08-17-01-00-46/ec_files/emulator-55542026-08-17-01-21-20.ec.
[INFO] Loading execution data file /home/ubuntu/TimeMachine/results/AmazeFileManager-3.4.2-#1837-rebuilt.apk.timemachine.result.emulator-5554#2026-08-17-01-00-46/ec_files/emulator-55542026-08-17-01-21-33.ec.
[INFO] Loading execution data file /home/ubuntu/TimeMachine/results/AmazeFileManager-3.4.2-#1837-rebuilt.apk.timemachine.result.emulator-5554#2026-08-17-01-00-46/ec_files/emulator-55542026-08-17-01-21-46.ec.
[INFO] Loading execution data file /home/ubuntu/TimeMachine/results/AmazeFileManager-3.4.2-#1837-rebuilt.apk.timemachine.result.emulator-5554#2026-08-17-01-00-46/ec_files/emulator-55542026-08-17-01-22-01.ec.
[INFO] Loading execution data file /home/ubuntu/TimeMachine/results/AmazeFileManager-3.4.2-#1837-rebuilt.apk.timemachine.result.emulator-5554#2026-08-17-01-00-46/ec_files/emulator-55542026-08-17-01-22-12.ec.
[INFO] Loading execution data file /home/ubuntu/TimeMachine/results/AmazeFileManager-3.4.2-#1837-rebuilt.apk.timemachine.result.emulator-5554#2026-08-17-01-00-46/ec_files/emulator-55542026-08-17-01-22-27.ec.
[INFO] Loading execution data file /home/ubuntu/TimeMachine/results/AmazeFileManager-3.4.2-#1837-rebuilt.apk.timemachine.result.emulator-5554#2026-08-17-01-00-46/ec_files/emulator-55542026-08-17-01-22-41.ec.
[INFO] Loading execution data file /home/ubuntu/TimeMachine/results/AmazeFileManager-3.4.2-#1837-rebuilt.apk.timemachine.result.emulator-5554#2026-08-17-01-00-46/ec_files/emulator-55542026-08-17-01-22-51.ec.
[INFO] Loading execution data file /home/ubuntu/TimeMachine/results/AmazeFileManager-3.4.2-#1837-rebuilt.apk.timemachine.result.emulator-5554#2026-08-17-01-00-46/ec_files/emulator-55542026-08-17-01-23-08.ec.
[INFO] Loading execution data file /home/ubuntu/TimeMachine/results/AmazeFileManager-3.4.2-#1837-rebuilt.apk.timemachine.result.emulator-5554#2026-08-17-01-00-46/ec_files/emulator-55542026-08-17-01-23-22.ec.
[INFO] Loading execution data file /home/ubuntu/TimeMachine/results/AmazeFileManager-3.4.2-#1837-rebuilt.apk.timemachine.result.emulator-5554#2026-08-17-01-00-46/ec_files/emulator-55542026-08-17-01-23-34.ec.
[INFO] Loading execution data file /home/ubuntu/TimeMachine/results/AmazeFileManager-3.4.2-#1837-rebuilt.apk.timemachine.result.emulator-5554#2026-08-17-01-00-46/ec_files/emulator-55542026-08-17-01-23-47.ec.
[INFO] Loading execution data file /home/ubuntu/TimeMachine/results/AmazeFileManager-3.4.2-#1837-rebuilt.apk.timemachine.result.emulator-5554#2026-08-17-01-00-46/ec_files/emulator-55542026-08-17-01-23-58.ec.
[INFO] Loading execution data file /home/ubuntu/TimeMachine/results/AmazeFileManager-3.4.2-#1837-rebuilt.apk.timemachine.result.emulator-5554#2026-08-17-01-00-46/ec_files/emulator-55542026-08-17-01-24-09.ec.
[INFO] Loading execution data file /home/ubuntu/TimeMachine/results/AmazeFileManager-3.4.2-#1837-rebuilt.apk.timemachine.result.emulator-5554#2026-08-17-01-00-46/ec_files/emulator-55542026-08-17-01-24-28.ec.
[INFO] Loading execution data file /home/ubuntu/TimeMachine/results/AmazeFileManager-3.4.2-#1837-rebuilt.apk.timemachine.result.emulator-5554#2026-08-17-01-00-46/ec_files/emulator-55542026-08-17-01-24-43.ec.
[INFO] Loading execution data file /home/ubuntu/TimeMachine/results/AmazeFileManager-3.4.2-#1837-rebuilt.apk.timemachine.result.emulator-5554#2026-08-17-01-00-46/ec_files/emulator-55542026-08-17-01-24-56.ec.
[INFO] Loading execution data file /home/ubuntu/TimeMachine/results/AmazeFileManager-3.4.2-#1837-rebuilt.apk.timemachine.result.emulator-5554#2026-08-17-01-00-46/ec_files/emulator-55542026-08-17-01-25-09.ec.
[INFO] Loading execution data file /home/ubuntu/TimeMachine/results/AmazeFileManager-3.4.2-#1837-rebuilt.apk.timemachine.result.emulator-5554#2026-08-17-01-00-46/ec_files/emulator-55542026-08-17-01-25-20.ec.
[INFO] Loading execution data file /home/ubuntu/TimeMachine/results/AmazeFileManager-3.4.2-#1837-rebuilt.apk.timemachine.result.emulator-5554#2026-08-17-01-00-46/ec_files/emulator-55542026-08-17-01-25-33.ec.
[INFO] Loading execution data file /home/ubuntu/TimeMachine/results/AmazeFileManager-3.4.2-#1837-rebuilt.apk.timemachine.result.emulator-5554#2026-08-17-01-00-46/ec_files/emulator-55542026-08-17-01-25-44.ec.
[INFO] Loading execution data file /home/ubuntu/TimeMachine/results/AmazeFileManager-3.4.2-#1837-rebuilt.apk.timemachine.result.emulator-5554#2026-08-17-01-00-46/ec_files/emulator-55542026-08-17-01-25-57.ec.
[INFO] Loading execution data file /home/ubuntu/TimeMachine/results/AmazeFileManager-3.4.2-#1837-rebuilt.apk.timemachine.result.emulator-5554#2026-08-17-01-00-46/ec_files/emulator-55542026-08-17-01-26-15.ec.
[INFO] Loading execution data file /home/ubuntu/TimeMachine/results/AmazeFileManager-3.4.2-#1837-rebuilt.apk.timemachine.result.emulator-5554#2026-08-17-01-00-46/ec_files/emulator-55542026-08-17-01-26-33.ec.
[INFO] Loading execution data file /home/ubuntu/TimeMachine/results/AmazeFileManager-3.4.2-#1837-rebuilt.apk.timemachine.result.emulator-5554#2026-08-17-01-00-46/ec_files/emulator-55542026-08-17-01-26-46.ec.
[INFO] Analyzing 508 classes.
   
-----------
current jacoco line coverage rate: 0.197673873282
-----------
--coverage when the new state is triggered: 0.197673873282 current jacoco line coverage rate : 0.196876612109
===================> REWARD STATE <=====================
===================> REWARD STATE <=====================
--taking snapshot...
deque(['-165945893', '1138396480', '-2105113044', '1687122449', '-37785511', '-307486232', '-1094074386', '52808485', '-1113643644', '-1390515789'], maxlen=10)
Frequent nodes 
[('183131266', <state_graph.State instance at 0x791e83bc0960>), ('-583182176', <state_graph.State instance at 0x791e88ebac80>), ('-307486232', <state_graph.State instance at 0x791e8ba52d70>), ('OOAUT', <state_graph.State instance at 0x791eaa94c230>), ('1893074188', <state_graph.State instance at 0x791e88307c80>), ('-1433637423', <state_graph.State instance at 0x791e88132e10>), ('820917904', <state_graph.State instance at 0x791e8ac3f3c0>), ('-1556411559', <state_graph.State instance at 0x791e88ebad70>)]
the portion to the top 20% most frequent states: 0.1
Frequent nodes 
[('183131266', <state_graph.State instance at 0x791e83bc0960>), ('-583182176', <state_graph.State instance at 0x791e88ebac80>), ('-307486232', <state_graph.State instance at 0x791e8ba52d70>), ('OOAUT', <state_graph.State instance at 0x791eaa94c230>), ('1893074188', <state_graph.State instance at 0x791e88307c80>), ('-1433637423', <state_graph.State instance at 0x791e88132e10>), ('820917904', <state_graph.State instance at 0x791e8ac3f3c0>), ('-1556411559', <state_graph.State instance at 0x791e88ebad70>)]
--extracted id: -37785511  num_controllable_widgets: 0
--transiton occurs
--the state -37785511  exists
===================> PENALIZE STATE <=====================
deque(['1138396480', '-2105113044', '1687122449', '-37785511', '-307486232', '-1094074386', '52808485', '-1113643644', '-1390515789', '-37785511'], maxlen=10)
Frequent nodes 
[('183131266', <state_graph.State instance at 0x791e83bc0960>), ('-583182176', <state_graph.State instance at 0x791e88ebac80>), ('-307486232', <state_graph.State instance at 0x791e8ba52d70>), ('OOAUT', <state_graph.State instance at 0x791eaa94c230>), ('1893074188', <state_graph.State instance at 0x791e88307c80>), ('-1433637423', <state_graph.State instance at 0x791e88132e10>), ('820917904', <state_graph.State instance at 0x791e8ac3f3c0>), ('-1556411559', <state_graph.State instance at 0x791e88ebad70>)]
the portion to the top 20% most frequent states: 0.222222222222
Frequent nodes 
[('183131266', <state_graph.State instance at 0x791e83bc0960>), ('-583182176', <state_graph.State instance at 0x791e88ebac80>), ('-307486232', <state_graph.State instance at 0x791e8ba52d70>), ('OOAUT', <state_graph.State instance at 0x791eaa94c230>), ('1893074188', <state_graph.State instance at 0x791e88307c80>), ('-1433637423', <state_graph.State instance at 0x791e88132e10>), ('820917904', <state_graph.State instance at 0x791e8ac3f3c0>), ('-1556411559', <state_graph.State instance at 0x791e88ebad70>)]
--extracted id: -37785511  num_controllable_widgets: 0
--event num: 1
--extracted id: -37785511  num_controllable_widgets: 0
--event num: 2
--extracted id: -37785511  num_controllable_widgets: 0
--event num: 3
--extracted id: -37785511  num_controllable_widgets: 0
--event num: 4
--extracted id: -1113643644  num_controllable_widgets: 9
--transiton occurs
--the state -1113643644  exists
===================> PENALIZE STATE <=====================
deque(['-2105113044', '1687122449', '-37785511', '-307486232', '-1094074386', '52808485', '-1113643644', '-1390515789', '-37785511', '-1113643644'], maxlen=10)
Frequent nodes 
[('183131266', <state_graph.State instance at 0x791e83bc0960>), ('-583182176', <state_graph.State instance at 0x791e88ebac80>), ('-307486232', <state_graph.State instance at 0x791e8ba52d70>), ('OOAUT', <state_graph.State instance at 0x791eaa94c230>), ('1893074188', <state_graph.State instance at 0x791e88307c80>), ('-1433637423', <state_graph.State instance at 0x791e88132e10>), ('820917904', <state_graph.State instance at 0x791e8ac3f3c0>), ('-1556411559', <state_graph.State instance at 0x791e88ebad70>)]
the portion to the top 20% most frequent states: 0.375
Frequent nodes 
[('183131266', <state_graph.State instance at 0x791e83bc0960>), ('-583182176', <state_graph.State instance at 0x791e88ebac80>), ('-307486232', <state_graph.State instance at 0x791e8ba52d70>), ('OOAUT', <state_graph.State instance at 0x791eaa94c230>), ('1893074188', <state_graph.State instance at 0x791e88307c80>), ('-1433637423', <state_graph.State instance at 0x791e88132e10>), ('820917904', <state_graph.State instance at 0x791e8ac3f3c0>), ('-1556411559', <state_graph.State instance at 0x791e88ebad70>)]
--extracted id: 1906120635  num_controllable_widgets: 12
--transiton occurs
--a new state is triggered and add 1906120635 into the state graph.
get_jacoco_coverage- return code:  output: Broadcasting: Intent { act=edu.gatech.m3.emma.COLLECT_COVERAGE }
Broadcast completed: result=0
---
[COVERAGE FILE EXIST?]
coverage.ec
---
---
[VALIDATE COVERAGE FILE]$ java -jar /home/ubuntu/TimeMachine/fuzzingandroid/libs/jacococli.jar report /home/ubuntu/TimeMachine/results/AmazeFileManager-3.4.2-#1837-rebuilt.apk.timemachine.result.emulator-5554#2026-08-17-01-00-46/ec_files/emulator-55542026-08-17-01-27-00.ec  --classfiles /home/ubuntu/TimeMachine/instrumented_apps/AmazeFileManager/AmazeFileManager-#1837/app/build/intermediates/javac/fdroidDebug/classes/ --classfiles /home/ubuntu/TimeMachine/instrumented_apps/AmazeFileManager/AmazeFileManager-#1837/commons_compress_7z/build/intermediates/javac/debug/classes/ --sourcefiles /home/ubuntu/TimeMachine/instrumented_apps/AmazeFileManager/AmazeFileManager-#1837/app/src/main/java/ --sourcefiles /home/ubuntu/TimeMachine/instrumented_apps/AmazeFileManager/AmazeFileManager-#1837/commons_compress_7z/src/main/java/ &> temp
---
---
[VALIDATE MESSAGE]
---
SUCCESS: coverage file is valid!
[INFO] Loading execution data file /home/ubuntu/TimeMachine/results/AmazeFileManager-3.4.2-#1837-rebuilt.apk.timemachine.result.emulator-5554#2026-08-17-01-00-46/ec_files/emulator-55542026-08-17-01-27-00.ec.
[INFO] Analyzing 508 classes.
 /sdcard/coverage.ec: 1 file pulled, 0 skipped. 0.1 MB/s (2973 bytes in 0.049s)
 
compute_coverage-return code:  output: /home/ubuntu/TimeMachine/results/AmazeFileManager-3.4.2-#1837-rebuilt.apk.timemachine.result.emulator-5554#2026-08-17-01-00-46/ec_files/coveragetemp.ec /home/ubuntu/TimeMachine/results/AmazeFileManager-3.4.2-#1837-rebuilt.apk.timemachine.result.emulator-5554#2026-08-17-01-00-46/ec_files/emulator-55542026-08-17-01-09-02.ec /home/ubuntu/TimeMachine/results/AmazeFileManager-3.4.2-#1837-rebuilt.apk.timemachine.result.emulator-5554#2026-08-17-01-00-46/ec_files/emulator-55542026-08-17-01-09-05.ec /home/ubuntu/TimeMachine/results/AmazeFileManager-3.4.2-#1837-rebuilt.apk.timemachine.result.emulator-5554#2026-08-17-01-00-46/ec_files/emulator-55542026-08-17-01-16-12.ec /home/ubuntu/TimeMachine/results/AmazeFileManager-3.4.2-#1837-rebuilt.apk.timemachine.result.emulator-5554#2026-08-17-01-00-46/ec_files/emulator-55542026-08-17-01-16-28.ec /home/ubuntu/TimeMachine/results/AmazeFileManager-3.4.2-#1837-rebuilt.apk.timemachine.result.emulator-5554#2026-08-17-01-00-46/ec_files/emulator-55542026-08-17-01-16-41.ec /home/ubuntu/TimeMachine/results/AmazeFileManager-3.4.2-#1837-rebuilt.apk.timemachine.result.emulator-5554#2026-08-17-01-00-46/ec_files/emulator-55542026-08-17-01-16-55.ec /home/ubuntu/TimeMachine/results/AmazeFileManager-3.4.2-#1837-rebuilt.apk.timemachine.result.emulator-5554#2026-08-17-01-00-46/ec_files/emulator-55542026-08-17-01-17-06.ec /home/ubuntu/TimeMachine/results/AmazeFileManager-3.4.2-#1837-rebuilt.apk.timemachine.result.emulator-5554#2026-08-17-01-00-46/ec_files/emulator-55542026-08-17-01-17-18.ec /home/ubuntu/TimeMachine/results/AmazeFileManager-3.4.2-#1837-rebuilt.apk.timemachine.result.emulator-5554#2026-08-17-01-00-46/ec_files/emulator-55542026-08-17-01-18-42.ec /home/ubuntu/TimeMachine/results/AmazeFileManager-3.4.2-#1837-rebuilt.apk.timemachine.result.emulator-5554#2026-08-17-01-00-46/ec_files/emulator-55542026-08-17-01-19-37.ec /home/ubuntu/TimeMachine/results/AmazeFileManager-3.4.2-#1837-rebuilt.apk.timemachine.result.emulator-5554#2026-08-17-01-00-46/ec_files/emulator-55542026-08-17-01-19-48.ec /home/ubuntu/TimeMachine/results/AmazeFileManager-3.4.2-#1837-rebuilt.apk.timemachine.result.emulator-5554#2026-08-17-01-00-46/ec_files/emulator-55542026-08-17-01-20-06.ec /home/ubuntu/TimeMachine/results/AmazeFileManager-3.4.2-#1837-rebuilt.apk.timemachine.result.emulator-5554#2026-08-17-01-00-46/ec_files/emulator-55542026-08-17-01-20-22.ec /home/ubuntu/TimeMachine/results/AmazeFileManager-3.4.2-#1837-rebuilt.apk.timemachine.result.emulator-5554#2026-08-17-01-00-46/ec_files/emulator-55542026-08-17-01-20-37.ec /home/ubuntu/TimeMachine/results/AmazeFileManager-3.4.2-#1837-rebuilt.apk.timemachine.result.emulator-5554#2026-08-17-01-00-46/ec_files/emulator-55542026-08-17-01-20-50.ec /home/ubuntu/TimeMachine/results/AmazeFileManager-3.4.2-#1837-rebuilt.apk.timemachine.result.emulator-5554#2026-08-17-01-00-46/ec_files/emulator-55542026-08-17-01-21-08.ec /home/ubuntu/TimeMachine/results/AmazeFileManager-3.4.2-#1837-rebuilt.apk.timemachine.result.emulator-5554#2026-08-17-01-00-46/ec_files/emulator-55542026-08-17-01-21-20.ec /home/ubuntu/TimeMachine/results/AmazeFileManager-3.4.2-#1837-rebuilt.apk.timemachine.result.emulator-5554#2026-08-17-01-00-46/ec_files/emulator-55542026-08-17-01-21-33.ec /home/ubuntu/TimeMachine/results/AmazeFileManager-3.4.2-#1837-rebuilt.apk.timemachine.result.emulator-5554#2026-08-17-01-00-46/ec_files/emulator-55542026-08-17-01-21-46.ec /home/ubuntu/TimeMachine/results/AmazeFileManager-3.4.2-#1837-rebuilt.apk.timemachine.result.emulator-5554#2026-08-17-01-00-46/ec_files/emulator-55542026-08-17-01-22-01.ec /home/ubuntu/TimeMachine/results/AmazeFileManager-3.4.2-#1837-rebuilt.apk.timemachine.result.emulator-5554#2026-08-17-01-00-46/ec_files/emulator-55542026-08-17-01-22-12.ec /home/ubuntu/TimeMachine/results/AmazeFileManager-3.4.2-#1837-rebuilt.apk.timemachine.result.emulator-5554#2026-08-17-01-00-46/ec_files/emulator-55542026-08-17-01-22-27.ec /home/ubuntu/TimeMachine/results/AmazeFileManager-3.4.2-#1837-rebuilt.apk.timemachine.result.emulator-5554#2026-08-17-01-00-46/ec_files/emulator-55542026-08-17-01-22-41.ec /home/ubuntu/TimeMachine/results/AmazeFileManager-3.4.2-#1837-rebuilt.apk.timemachine.result.emulator-5554#2026-08-17-01-00-46/ec_files/emulator-55542026-08-17-01-22-51.ec /home/ubuntu/TimeMachine/results/AmazeFileManager-3.4.2-#1837-rebuilt.apk.timemachine.result.emulator-5554#2026-08-17-01-00-46/ec_files/emulator-55542026-08-17-01-23-08.ec /home/ubuntu/TimeMachine/results/AmazeFileManager-3.4.2-#1837-rebuilt.apk.timemachine.result.emulator-5554#2026-08-17-01-00-46/ec_files/emulator-55542026-08-17-01-23-22.ec /home/ubuntu/TimeMachine/results/AmazeFileManager-3.4.2-#1837-rebuilt.apk.timemachine.result.emulator-5554#2026-08-17-01-00-46/ec_files/emulator-55542026-08-17-01-23-34.ec /home/ubuntu/TimeMachine/results/AmazeFileManager-3.4.2-#1837-rebuilt.apk.timemachine.result.emulator-5554#2026-08-17-01-00-46/ec_files/emulator-55542026-08-17-01-23-47.ec /home/ubuntu/TimeMachine/results/AmazeFileManager-3.4.2-#1837-rebuilt.apk.timemachine.result.emulator-5554#2026-08-17-01-00-46/ec_files/emulator-55542026-08-17-01-23-58.ec /home/ubuntu/TimeMachine/results/AmazeFileManager-3.4.2-#1837-rebuilt.apk.timemachine.result.emulator-5554#2026-08-17-01-00-46/ec_files/emulator-55542026-08-17-01-24-09.ec /home/ubuntu/TimeMachine/results/AmazeFileManager-3.4.2-#1837-rebuilt.apk.timemachine.result.emulator-5554#2026-08-17-01-00-46/ec_files/emulator-55542026-08-17-01-24-28.ec /home/ubuntu/TimeMachine/results/AmazeFileManager-3.4.2-#1837-rebuilt.apk.timemachine.result.emulator-5554#2026-08-17-01-00-46/ec_files/emulator-55542026-08-17-01-24-43.ec /home/ubuntu/TimeMachine/results/AmazeFileManager-3.4.2-#1837-rebuilt.apk.timemachine.result.emulator-5554#2026-08-17-01-00-46/ec_files/emulator-55542026-08-17-01-24-56.ec /home/ubuntu/TimeMachine/results/AmazeFileManager-3.4.2-#1837-rebuilt.apk.timemachine.result.emulator-5554#2026-08-17-01-00-46/ec_files/emulator-55542026-08-17-01-25-09.ec /home/ubuntu/TimeMachine/results/AmazeFileManager-3.4.2-#1837-rebuilt.apk.timemachine.result.emulator-5554#2026-08-17-01-00-46/ec_files/emulator-55542026-08-17-01-25-20.ec /home/ubuntu/TimeMachine/results/AmazeFileManager-3.4.2-#1837-rebuilt.apk.timemachine.result.emulator-5554#2026-08-17-01-00-46/ec_files/emulator-55542026-08-17-01-25-33.ec /home/ubuntu/TimeMachine/results/AmazeFileManager-3.4.2-#1837-rebuilt.apk.timemachine.result.emulator-5554#2026-08-17-01-00-46/ec_files/emulator-55542026-08-17-01-25-44.ec /home/ubuntu/TimeMachine/results/AmazeFileManager-3.4.2-#1837-rebuilt.apk.timemachine.result.emulator-5554#2026-08-17-01-00-46/ec_files/emulator-55542026-08-17-01-25-57.ec /home/ubuntu/TimeMachine/results/AmazeFileManager-3.4.2-#1837-rebuilt.apk.timemachine.result.emulator-5554#2026-08-17-01-00-46/ec_files/emulator-55542026-08-17-01-26-15.ec /home/ubuntu/TimeMachine/results/AmazeFileManager-3.4.2-#1837-rebuilt.apk.timemachine.result.emulator-5554#2026-08-17-01-00-46/ec_files/emulator-55542026-08-17-01-26-33.ec /home/ubuntu/TimeMachine/results/AmazeFileManager-3.4.2-#1837-rebuilt.apk.timemachine.result.emulator-5554#2026-08-17-01-00-46/ec_files/emulator-55542026-08-17-01-26-46.ec /home/ubuntu/TimeMachine/results/AmazeFileManager-3.4.2-#1837-rebuilt.apk.timemachine.result.emulator-5554#2026-08-17-01-00-46/ec_files/emulator-55542026-08-17-01-27-00.ec
[INFO] Loading execution data file /home/ubuntu/TimeMachine/results/AmazeFileManager-3.4.2-#1837-rebuilt.apk.timemachine.result.emulator-5554#2026-08-17-01-00-46/ec_files/coveragetemp.ec.
[INFO] Loading execution data file /home/ubuntu/TimeMachine/results/AmazeFileManager-3.4.2-#1837-rebuilt.apk.timemachine.result.emulator-5554#2026-08-17-01-00-46/ec_files/emulator-55542026-08-17-01-09-02.ec.
[INFO] Loading execution data file /home/ubuntu/TimeMachine/results/AmazeFileManager-3.4.2-#1837-rebuilt.apk.timemachine.result.emulator-5554#2026-08-17-01-00-46/ec_files/emulator-55542026-08-17-01-09-05.ec.
[INFO] Loading execution data file /home/ubuntu/TimeMachine/results/AmazeFileManager-3.4.2-#1837-rebuilt.apk.timemachine.result.emulator-5554#2026-08-17-01-00-46/ec_files/emulator-55542026-08-17-01-16-12.ec.
[INFO] Loading execution data file /home/ubuntu/TimeMachine/results/AmazeFileManager-3.4.2-#1837-rebuilt.apk.timemachine.result.emulator-5554#2026-08-17-01-00-46/ec_files/emulator-55542026-08-17-01-16-28.ec.
[INFO] Loading execution data file /home/ubuntu/TimeMachine/results/AmazeFileManager-3.4.2-#1837-rebuilt.apk.timemachine.result.emulator-5554#2026-08-17-01-00-46/ec_files/emulator-55542026-08-17-01-16-41.ec.
[INFO] Loading execution data file /home/ubuntu/TimeMachine/results/AmazeFileManager-3.4.2-#1837-rebuilt.apk.timemachine.result.emulator-5554#2026-08-17-01-00-46/ec_files/emulator-55542026-08-17-01-16-55.ec.
[INFO] Loading execution data file /home/ubuntu/TimeMachine/results/AmazeFileManager-3.4.2-#1837-rebuilt.apk.timemachine.result.emulator-5554#2026-08-17-01-00-46/ec_files/emulator-55542026-08-17-01-17-06.ec.
[INFO] Loading execution data file /home/ubuntu/TimeMachine/results/AmazeFileManager-3.4.2-#1837-rebuilt.apk.timemachine.result.emulator-5554#2026-08-17-01-00-46/ec_files/emulator-55542026-08-17-01-17-18.ec.
[INFO] Loading execution data file /home/ubuntu/TimeMachine/results/AmazeFileManager-3.4.2-#1837-rebuilt.apk.timemachine.result.emulator-5554#2026-08-17-01-00-46/ec_files/emulator-55542026-08-17-01-18-42.ec.
[INFO] Loading execution data file /home/ubuntu/TimeMachine/results/AmazeFileManager-3.4.2-#1837-rebuilt.apk.timemachine.result.emulator-5554#2026-08-17-01-00-46/ec_files/emulator-55542026-08-17-01-19-37.ec.
[INFO] Loading execution data file /home/ubuntu/TimeMachine/results/AmazeFileManager-3.4.2-#1837-rebuilt.apk.timemachine.result.emulator-5554#2026-08-17-01-00-46/ec_files/emulator-55542026-08-17-01-19-48.ec.
[INFO] Loading execution data file /home/ubuntu/TimeMachine/results/AmazeFileManager-3.4.2-#1837-rebuilt.apk.timemachine.result.emulator-5554#2026-08-17-01-00-46/ec_files/emulator-55542026-08-17-01-20-06.ec.
[INFO] Loading execution data file /home/ubuntu/TimeMachine/results/AmazeFileManager-3.4.2-#1837-rebuilt.apk.timemachine.result.emulator-5554#2026-08-17-01-00-46/ec_files/emulator-55542026-08-17-01-20-22.ec.
[INFO] Loading execution data file /home/ubuntu/TimeMachine/results/AmazeFileManager-3.4.2-#1837-rebuilt.apk.timemachine.result.emulator-5554#2026-08-17-01-00-46/ec_files/emulator-55542026-08-17-01-20-37.ec.
[INFO] Loading execution data file /home/ubuntu/TimeMachine/results/AmazeFileManager-3.4.2-#1837-rebuilt.apk.timemachine.result.emulator-5554#2026-08-17-01-00-46/ec_files/emulator-55542026-08-17-01-20-50.ec.
[INFO] Loading execution data file /home/ubuntu/TimeMachine/results/AmazeFileManager-3.4.2-#1837-rebuilt.apk.timemachine.result.emulator-5554#2026-08-17-01-00-46/ec_files/emulator-55542026-08-17-01-21-08.ec.
[INFO] Loading execution data file /home/ubuntu/TimeMachine/results/AmazeFileManager-3.4.2-#1837-rebuilt.apk.timemachine.result.emulator-5554#2026-08-17-01-00-46/ec_files/emulator-55542026-08-17-01-21-20.ec.
[INFO] Loading execution data file /home/ubuntu/TimeMachine/results/AmazeFileManager-3.4.2-#1837-rebuilt.apk.timemachine.result.emulator-5554#2026-08-17-01-00-46/ec_files/emulator-55542026-08-17-01-21-33.ec.
[INFO] Loading execution data file /home/ubuntu/TimeMachine/results/AmazeFileManager-3.4.2-#1837-rebuilt.apk.timemachine.result.emulator-5554#2026-08-17-01-00-46/ec_files/emulator-55542026-08-17-01-21-46.ec.
[INFO] Loading execution data file /home/ubuntu/TimeMachine/results/AmazeFileManager-3.4.2-#1837-rebuilt.apk.timemachine.result.emulator-5554#2026-08-17-01-00-46/ec_files/emulator-55542026-08-17-01-22-01.ec.
[INFO] Loading execution data file /home/ubuntu/TimeMachine/results/AmazeFileManager-3.4.2-#1837-rebuilt.apk.timemachine.result.emulator-5554#2026-08-17-01-00-46/ec_files/emulator-55542026-08-17-01-22-12.ec.
[INFO] Loading execution data file /home/ubuntu/TimeMachine/results/AmazeFileManager-3.4.2-#1837-rebuilt.apk.timemachine.result.emulator-5554#2026-08-17-01-00-46/ec_files/emulator-55542026-08-17-01-22-27.ec.
[INFO] Loading execution data file /home/ubuntu/TimeMachine/results/AmazeFileManager-3.4.2-#1837-rebuilt.apk.timemachine.result.emulator-5554#2026-08-17-01-00-46/ec_files/emulator-55542026-08-17-01-22-41.ec.
[INFO] Loading execution data file /home/ubuntu/TimeMachine/results/AmazeFileManager-3.4.2-#1837-rebuilt.apk.timemachine.result.emulator-5554#2026-08-17-01-00-46/ec_files/emulator-55542026-08-17-01-22-51.ec.
[INFO] Loading execution data file /home/ubuntu/TimeMachine/results/AmazeFileManager-3.4.2-#1837-rebuilt.apk.timemachine.result.emulator-5554#2026-08-17-01-00-46/ec_files/emulator-55542026-08-17-01-23-08.ec.
[INFO] Loading execution data file /home/ubuntu/TimeMachine/results/AmazeFileManager-3.4.2-#1837-rebuilt.apk.timemachine.result.emulator-5554#2026-08-17-01-00-46/ec_files/emulator-55542026-08-17-01-23-22.ec.
[INFO] Loading execution data file /home/ubuntu/TimeMachine/results/AmazeFileManager-3.4.2-#1837-rebuilt.apk.timemachine.result.emulator-5554#2026-08-17-01-00-46/ec_files/emulator-55542026-08-17-01-23-34.ec.
[INFO] Loading execution data file /home/ubuntu/TimeMachine/results/AmazeFileManager-3.4.2-#1837-rebuilt.apk.timemachine.result.emulator-5554#2026-08-17-01-00-46/ec_files/emulator-55542026-08-17-01-23-47.ec.
[INFO] Loading execution data file /home/ubuntu/TimeMachine/results/AmazeFileManager-3.4.2-#1837-rebuilt.apk.timemachine.result.emulator-5554#2026-08-17-01-00-46/ec_files/emulator-55542026-08-17-01-23-58.ec.
[INFO] Loading execution data file /home/ubuntu/TimeMachine/results/AmazeFileManager-3.4.2-#1837-rebuilt.apk.timemachine.result.emulator-5554#2026-08-17-01-00-46/ec_files/emulator-55542026-08-17-01-24-09.ec.
[INFO] Loading execution data file /home/ubuntu/TimeMachine/results/AmazeFileManager-3.4.2-#1837-rebuilt.apk.timemachine.result.emulator-5554#2026-08-17-01-00-46/ec_files/emulator-55542026-08-17-01-24-28.ec.
[INFO] Loading execution data file /home/ubuntu/TimeMachine/results/AmazeFileManager-3.4.2-#1837-rebuilt.apk.timemachine.result.emulator-5554#2026-08-17-01-00-46/ec_files/emulator-55542026-08-17-01-24-43.ec.
[INFO] Loading execution data file /home/ubuntu/TimeMachine/results/AmazeFileManager-3.4.2-#1837-rebuilt.apk.timemachine.result.emulator-5554#2026-08-17-01-00-46/ec_files/emulator-55542026-08-17-01-24-56.ec.
[INFO] Loading execution data file /home/ubuntu/TimeMachine/results/AmazeFileManager-3.4.2-#1837-rebuilt.apk.timemachine.result.emulator-5554#2026-08-17-01-00-46/ec_files/emulator-55542026-08-17-01-25-09.ec.
[INFO] Loading execution data file /home/ubuntu/TimeMachine/results/AmazeFileManager-3.4.2-#1837-rebuilt.apk.timemachine.result.emulator-5554#2026-08-17-01-00-46/ec_files/emulator-55542026-08-17-01-25-20.ec.
[INFO] Loading execution data file /home/ubuntu/TimeMachine/results/AmazeFileManager-3.4.2-#1837-rebuilt.apk.timemachine.result.emulator-5554#2026-08-17-01-00-46/ec_files/emulator-55542026-08-17-01-25-33.ec.
[INFO] Loading execution data file /home/ubuntu/TimeMachine/results/AmazeFileManager-3.4.2-#1837-rebuilt.apk.timemachine.result.emulator-5554#2026-08-17-01-00-46/ec_files/emulator-55542026-08-17-01-25-44.ec.
[INFO] Loading execution data file /home/ubuntu/TimeMachine/results/AmazeFileManager-3.4.2-#1837-rebuilt.apk.timemachine.result.emulator-5554#2026-08-17-01-00-46/ec_files/emulator-55542026-08-17-01-25-57.ec.
[INFO] Loading execution data file /home/ubuntu/TimeMachine/results/AmazeFileManager-3.4.2-#1837-rebuilt.apk.timemachine.result.emulator-5554#2026-08-17-01-00-46/ec_files/emulator-55542026-08-17-01-26-15.ec.
[INFO] Loading execution data file /home/ubuntu/TimeMachine/results/AmazeFileManager-3.4.2-#1837-rebuilt.apk.timemachine.result.emulator-5554#2026-08-17-01-00-46/ec_files/emulator-55542026-08-17-01-26-33.ec.
[INFO] Loading execution data file /home/ubuntu/TimeMachine/results/AmazeFileManager-3.4.2-#1837-rebuilt.apk.timemachine.result.emulator-5554#2026-08-17-01-00-46/ec_files/emulator-55542026-08-17-01-26-46.ec.
[INFO] Loading execution data file /home/ubuntu/TimeMachine/results/AmazeFileManager-3.4.2-#1837-rebuilt.apk.timemachine.result.emulator-5554#2026-08-17-01-00-46/ec_files/emulator-55542026-08-17-01-27-00.ec.
[INFO] Analyzing 508 classes.
   
-----------
current jacoco line coverage rate: 0.197673873282
-----------
--coverage when the new state is triggered: 0.197673873282 current jacoco line coverage rate : 0.197673873282
===================> PENALIZE STATE <=====================
deque(['1687122449', '-37785511', '-307486232', '-1094074386', '52808485', '-1113643644', '-1390515789', '-37785511', '-1113643644', '1906120635'], maxlen=10)
Frequent nodes 
[('183131266', <state_graph.State instance at 0x791e83bc0960>), ('-583182176', <state_graph.State instance at 0x791e88ebac80>), ('-307486232', <state_graph.State instance at 0x791e8ba52d70>), ('OOAUT', <state_graph.State instance at 0x791eaa94c230>), ('1893074188', <state_graph.State instance at 0x791e88307c80>), ('-1433637423', <state_graph.State instance at 0x791e88132e10>), ('820917904', <state_graph.State instance at 0x791e8ac3f3c0>), ('-1556411559', <state_graph.State instance at 0x791e88ebad70>)]
the portion to the top 20% most frequent states: 0.375
Frequent nodes 
[('183131266', <state_graph.State instance at 0x791e83bc0960>), ('-583182176', <state_graph.State instance at 0x791e88ebac80>), ('-307486232', <state_graph.State instance at 0x791e8ba52d70>), ('OOAUT', <state_graph.State instance at 0x791eaa94c230>), ('1893074188', <state_graph.State instance at 0x791e88307c80>), ('-1433637423', <state_graph.State instance at 0x791e88132e10>), ('820917904', <state_graph.State instance at 0x791e8ac3f3c0>), ('-1556411559', <state_graph.State instance at 0x791e88ebad70>)]
--extracted id: 1906120635  num_controllable_widgets: 12
--event num: 1
--extracted id: -1900321723  num_controllable_widgets: 12
--transiton occurs
--a new state is triggered and add -1900321723 into the state graph.
get_jacoco_coverage- return code:  output: Broadcasting: Intent { act=edu.gatech.m3.emma.COLLECT_COVERAGE }
Broadcast completed: result=0
---
[COVERAGE FILE EXIST?]
coverage.ec
---
---
[VALIDATE COVERAGE FILE]$ java -jar /home/ubuntu/TimeMachine/fuzzingandroid/libs/jacococli.jar report /home/ubuntu/TimeMachine/results/AmazeFileManager-3.4.2-#1837-rebuilt.apk.timemachine.result.emulator-5554#2026-08-17-01-00-46/ec_files/emulator-55542026-08-17-01-27-16.ec  --classfiles /home/ubuntu/TimeMachine/instrumented_apps/AmazeFileManager/AmazeFileManager-#1837/app/build/intermediates/javac/fdroidDebug/classes/ --classfiles /home/ubuntu/TimeMachine/instrumented_apps/AmazeFileManager/AmazeFileManager-#1837/commons_compress_7z/build/intermediates/javac/debug/classes/ --sourcefiles /home/ubuntu/TimeMachine/instrumented_apps/AmazeFileManager/AmazeFileManager-#1837/app/src/main/java/ --sourcefiles /home/ubuntu/TimeMachine/instrumented_apps/AmazeFileManager/AmazeFileManager-#1837/commons_compress_7z/src/main/java/ &> temp
---
---
[VALIDATE MESSAGE]
---
SUCCESS: coverage file is valid!
[INFO] Loading execution data file /home/ubuntu/TimeMachine/results/AmazeFileManager-3.4.2-#1837-rebuilt.apk.timemachine.result.emulator-5554#2026-08-17-01-00-46/ec_files/emulator-55542026-08-17-01-27-16.ec.
[INFO] Analyzing 508 classes.
 /sdcard/coverage.ec: 1 file pulled, 0 skipped. 0.1 MB/s (2856 bytes in 0.047s)
 
compute_coverage-return code:  output: /home/ubuntu/TimeMachine/results/AmazeFileManager-3.4.2-#1837-rebuilt.apk.timemachine.result.emulator-5554#2026-08-17-01-00-46/ec_files/coveragetemp.ec /home/ubuntu/TimeMachine/results/AmazeFileManager-3.4.2-#1837-rebuilt.apk.timemachine.result.emulator-5554#2026-08-17-01-00-46/ec_files/emulator-55542026-08-17-01-09-02.ec /home/ubuntu/TimeMachine/results/AmazeFileManager-3.4.2-#1837-rebuilt.apk.timemachine.result.emulator-5554#2026-08-17-01-00-46/ec_files/emulator-55542026-08-17-01-09-05.ec /home/ubuntu/TimeMachine/results/AmazeFileManager-3.4.2-#1837-rebuilt.apk.timemachine.result.emulator-5554#2026-08-17-01-00-46/ec_files/emulator-55542026-08-17-01-16-12.ec /home/ubuntu/TimeMachine/results/AmazeFileManager-3.4.2-#1837-rebuilt.apk.timemachine.result.emulator-5554#2026-08-17-01-00-46/ec_files/emulator-55542026-08-17-01-16-28.ec /home/ubuntu/TimeMachine/results/AmazeFileManager-3.4.2-#1837-rebuilt.apk.timemachine.result.emulator-5554#2026-08-17-01-00-46/ec_files/emulator-55542026-08-17-01-16-41.ec /home/ubuntu/TimeMachine/results/AmazeFileManager-3.4.2-#1837-rebuilt.apk.timemachine.result.emulator-5554#2026-08-17-01-00-46/ec_files/emulator-55542026-08-17-01-16-55.ec /home/ubuntu/TimeMachine/results/AmazeFileManager-3.4.2-#1837-rebuilt.apk.timemachine.result.emulator-5554#2026-08-17-01-00-46/ec_files/emulator-55542026-08-17-01-17-06.ec /home/ubuntu/TimeMachine/results/AmazeFileManager-3.4.2-#1837-rebuilt.apk.timemachine.result.emulator-5554#2026-08-17-01-00-46/ec_files/emulator-55542026-08-17-01-17-18.ec /home/ubuntu/TimeMachine/results/AmazeFileManager-3.4.2-#1837-rebuilt.apk.timemachine.result.emulator-5554#2026-08-17-01-00-46/ec_files/emulator-55542026-08-17-01-18-42.ec /home/ubuntu/TimeMachine/results/AmazeFileManager-3.4.2-#1837-rebuilt.apk.timemachine.result.emulator-5554#2026-08-17-01-00-46/ec_files/emulator-55542026-08-17-01-19-37.ec /home/ubuntu/TimeMachine/results/AmazeFileManager-3.4.2-#1837-rebuilt.apk.timemachine.result.emulator-5554#2026-08-17-01-00-46/ec_files/emulator-55542026-08-17-01-19-48.ec /home/ubuntu/TimeMachine/results/AmazeFileManager-3.4.2-#1837-rebuilt.apk.timemachine.result.emulator-5554#2026-08-17-01-00-46/ec_files/emulator-55542026-08-17-01-20-06.ec /home/ubuntu/TimeMachine/results/AmazeFileManager-3.4.2-#1837-rebuilt.apk.timemachine.result.emulator-5554#2026-08-17-01-00-46/ec_files/emulator-55542026-08-17-01-20-22.ec /home/ubuntu/TimeMachine/results/AmazeFileManager-3.4.2-#1837-rebuilt.apk.timemachine.result.emulator-5554#2026-08-17-01-00-46/ec_files/emulator-55542026-08-17-01-20-37.ec /home/ubuntu/TimeMachine/results/AmazeFileManager-3.4.2-#1837-rebuilt.apk.timemachine.result.emulator-5554#2026-08-17-01-00-46/ec_files/emulator-55542026-08-17-01-20-50.ec /home/ubuntu/TimeMachine/results/AmazeFileManager-3.4.2-#1837-rebuilt.apk.timemachine.result.emulator-5554#2026-08-17-01-00-46/ec_files/emulator-55542026-08-17-01-21-08.ec /home/ubuntu/TimeMachine/results/AmazeFileManager-3.4.2-#1837-rebuilt.apk.timemachine.result.emulator-5554#2026-08-17-01-00-46/ec_files/emulator-55542026-08-17-01-21-20.ec /home/ubuntu/TimeMachine/results/AmazeFileManager-3.4.2-#1837-rebuilt.apk.timemachine.result.emulator-5554#2026-08-17-01-00-46/ec_files/emulator-55542026-08-17-01-21-33.ec /home/ubuntu/TimeMachine/results/AmazeFileManager-3.4.2-#1837-rebuilt.apk.timemachine.result.emulator-5554#2026-08-17-01-00-46/ec_files/emulator-55542026-08-17-01-21-46.ec /home/ubuntu/TimeMachine/results/AmazeFileManager-3.4.2-#1837-rebuilt.apk.timemachine.result.emulator-5554#2026-08-17-01-00-46/ec_files/emulator-55542026-08-17-01-22-01.ec /home/ubuntu/TimeMachine/results/AmazeFileManager-3.4.2-#1837-rebuilt.apk.timemachine.result.emulator-5554#2026-08-17-01-00-46/ec_files/emulator-55542026-08-17-01-22-12.ec /home/ubuntu/TimeMachine/results/AmazeFileManager-3.4.2-#1837-rebuilt.apk.timemachine.result.emulator-5554#2026-08-17-01-00-46/ec_files/emulator-55542026-08-17-01-22-27.ec /home/ubuntu/TimeMachine/results/AmazeFileManager-3.4.2-#1837-rebuilt.apk.timemachine.result.emulator-5554#2026-08-17-01-00-46/ec_files/emulator-55542026-08-17-01-22-41.ec /home/ubuntu/TimeMachine/results/AmazeFileManager-3.4.2-#1837-rebuilt.apk.timemachine.result.emulator-5554#2026-08-17-01-00-46/ec_files/emulator-55542026-08-17-01-22-51.ec /home/ubuntu/TimeMachine/results/AmazeFileManager-3.4.2-#1837-rebuilt.apk.timemachine.result.emulator-5554#2026-08-17-01-00-46/ec_files/emulator-55542026-08-17-01-23-08.ec /home/ubuntu/TimeMachine/results/AmazeFileManager-3.4.2-#1837-rebuilt.apk.timemachine.result.emulator-5554#2026-08-17-01-00-46/ec_files/emulator-55542026-08-17-01-23-22.ec /home/ubuntu/TimeMachine/results/AmazeFileManager-3.4.2-#1837-rebuilt.apk.timemachine.result.emulator-5554#2026-08-17-01-00-46/ec_files/emulator-55542026-08-17-01-23-34.ec /home/ubuntu/TimeMachine/results/AmazeFileManager-3.4.2-#1837-rebuilt.apk.timemachine.result.emulator-5554#2026-08-17-01-00-46/ec_files/emulator-55542026-08-17-01-23-47.ec /home/ubuntu/TimeMachine/results/AmazeFileManager-3.4.2-#1837-rebuilt.apk.timemachine.result.emulator-5554#2026-08-17-01-00-46/ec_files/emulator-55542026-08-17-01-23-58.ec /home/ubuntu/TimeMachine/results/AmazeFileManager-3.4.2-#1837-rebuilt.apk.timemachine.result.emulator-5554#2026-08-17-01-00-46/ec_files/emulator-55542026-08-17-01-24-09.ec /home/ubuntu/TimeMachine/results/AmazeFileManager-3.4.2-#1837-rebuilt.apk.timemachine.result.emulator-5554#2026-08-17-01-00-46/ec_files/emulator-55542026-08-17-01-24-28.ec /home/ubuntu/TimeMachine/results/AmazeFileManager-3.4.2-#1837-rebuilt.apk.timemachine.result.emulator-5554#2026-08-17-01-00-46/ec_files/emulator-55542026-08-17-01-24-43.ec /home/ubuntu/TimeMachine/results/AmazeFileManager-3.4.2-#1837-rebuilt.apk.timemachine.result.emulator-5554#2026-08-17-01-00-46/ec_files/emulator-55542026-08-17-01-24-56.ec /home/ubuntu/TimeMachine/results/AmazeFileManager-3.4.2-#1837-rebuilt.apk.timemachine.result.emulator-5554#2026-08-17-01-00-46/ec_files/emulator-55542026-08-17-01-25-09.ec /home/ubuntu/TimeMachine/results/AmazeFileManager-3.4.2-#1837-rebuilt.apk.timemachine.result.emulator-5554#2026-08-17-01-00-46/ec_files/emulator-55542026-08-17-01-25-20.ec /home/ubuntu/TimeMachine/results/AmazeFileManager-3.4.2-#1837-rebuilt.apk.timemachine.result.emulator-5554#2026-08-17-01-00-46/ec_files/emulator-55542026-08-17-01-25-33.ec /home/ubuntu/TimeMachine/results/AmazeFileManager-3.4.2-#1837-rebuilt.apk.timemachine.result.emulator-5554#2026-08-17-01-00-46/ec_files/emulator-55542026-08-17-01-25-44.ec /home/ubuntu/TimeMachine/results/AmazeFileManager-3.4.2-#1837-rebuilt.apk.timemachine.result.emulator-5554#2026-08-17-01-00-46/ec_files/emulator-55542026-08-17-01-25-57.ec /home/ubuntu/TimeMachine/results/AmazeFileManager-3.4.2-#1837-rebuilt.apk.timemachine.result.emulator-5554#2026-08-17-01-00-46/ec_files/emulator-55542026-08-17-01-26-15.ec /home/ubuntu/TimeMachine/results/AmazeFileManager-3.4.2-#1837-rebuilt.apk.timemachine.result.emulator-5554#2026-08-17-01-00-46/ec_files/emulator-55542026-08-17-01-26-33.ec /home/ubuntu/TimeMachine/results/AmazeFileManager-3.4.2-#1837-rebuilt.apk.timemachine.result.emulator-5554#2026-08-17-01-00-46/ec_files/emulator-55542026-08-17-01-26-46.ec /home/ubuntu/TimeMachine/results/AmazeFileManager-3.4.2-#1837-rebuilt.apk.timemachine.result.emulator-5554#2026-08-17-01-00-46/ec_files/emulator-55542026-08-17-01-27-00.ec /home/ubuntu/TimeMachine/results/AmazeFileManager-3.4.2-#1837-rebuilt.apk.timemachine.result.emulator-5554#2026-08-17-01-00-46/ec_files/emulator-55542026-08-17-01-27-16.ec
[INFO] Loading execution data file /home/ubuntu/TimeMachine/results/AmazeFileManager-3.4.2-#1837-rebuilt.apk.timemachine.result.emulator-5554#2026-08-17-01-00-46/ec_files/coveragetemp.ec.
[INFO] Loading execution data file /home/ubuntu/TimeMachine/results/AmazeFileManager-3.4.2-#1837-rebuilt.apk.timemachine.result.emulator-5554#2026-08-17-01-00-46/ec_files/emulator-55542026-08-17-01-09-02.ec.
[INFO] Loading execution data file /home/ubuntu/TimeMachine/results/AmazeFileManager-3.4.2-#1837-rebuilt.apk.timemachine.result.emulator-5554#2026-08-17-01-00-46/ec_files/emulator-55542026-08-17-01-09-05.ec.
[INFO] Loading execution data file /home/ubuntu/TimeMachine/results/AmazeFileManager-3.4.2-#1837-rebuilt.apk.timemachine.result.emulator-5554#2026-08-17-01-00-46/ec_files/emulator-55542026-08-17-01-16-12.ec.
[INFO] Loading execution data file /home/ubuntu/TimeMachine/results/AmazeFileManager-3.4.2-#1837-rebuilt.apk.timemachine.result.emulator-5554#2026-08-17-01-00-46/ec_files/emulator-55542026-08-17-01-16-28.ec.
[INFO] Loading execution data file /home/ubuntu/TimeMachine/results/AmazeFileManager-3.4.2-#1837-rebuilt.apk.timemachine.result.emulator-5554#2026-08-17-01-00-46/ec_files/emulator-55542026-08-17-01-16-41.ec.
[INFO] Loading execution data file /home/ubuntu/TimeMachine/results/AmazeFileManager-3.4.2-#1837-rebuilt.apk.timemachine.result.emulator-5554#2026-08-17-01-00-46/ec_files/emulator-55542026-08-17-01-16-55.ec.
[INFO] Loading execution data file /home/ubuntu/TimeMachine/results/AmazeFileManager-3.4.2-#1837-rebuilt.apk.timemachine.result.emulator-5554#2026-08-17-01-00-46/ec_files/emulator-55542026-08-17-01-17-06.ec.
[INFO] Loading execution data file /home/ubuntu/TimeMachine/results/AmazeFileManager-3.4.2-#1837-rebuilt.apk.timemachine.result.emulator-5554#2026-08-17-01-00-46/ec_files/emulator-55542026-08-17-01-17-18.ec.
[INFO] Loading execution data file /home/ubuntu/TimeMachine/results/AmazeFileManager-3.4.2-#1837-rebuilt.apk.timemachine.result.emulator-5554#2026-08-17-01-00-46/ec_files/emulator-55542026-08-17-01-18-42.ec.
[INFO] Loading execution data file /home/ubuntu/TimeMachine/results/AmazeFileManager-3.4.2-#1837-rebuilt.apk.timemachine.result.emulator-5554#2026-08-17-01-00-46/ec_files/emulator-55542026-08-17-01-19-37.ec.
[INFO] Loading execution data file /home/ubuntu/TimeMachine/results/AmazeFileManager-3.4.2-#1837-rebuilt.apk.timemachine.result.emulator-5554#2026-08-17-01-00-46/ec_files/emulator-55542026-08-17-01-19-48.ec.
[INFO] Loading execution data file /home/ubuntu/TimeMachine/results/AmazeFileManager-3.4.2-#1837-rebuilt.apk.timemachine.result.emulator-5554#2026-08-17-01-00-46/ec_files/emulator-55542026-08-17-01-20-06.ec.
[INFO] Loading execution data file /home/ubuntu/TimeMachine/results/AmazeFileManager-3.4.2-#1837-rebuilt.apk.timemachine.result.emulator-5554#2026-08-17-01-00-46/ec_files/emulator-55542026-08-17-01-20-22.ec.
[INFO] Loading execution data file /home/ubuntu/TimeMachine/results/AmazeFileManager-3.4.2-#1837-rebuilt.apk.timemachine.result.emulator-5554#2026-08-17-01-00-46/ec_files/emulator-55542026-08-17-01-20-37.ec.
[INFO] Loading execution data file /home/ubuntu/TimeMachine/results/AmazeFileManager-3.4.2-#1837-rebuilt.apk.timemachine.result.emulator-5554#2026-08-17-01-00-46/ec_files/emulator-55542026-08-17-01-20-50.ec.
[INFO] Loading execution data file /home/ubuntu/TimeMachine/results/AmazeFileManager-3.4.2-#1837-rebuilt.apk.timemachine.result.emulator-5554#2026-08-17-01-00-46/ec_files/emulator-55542026-08-17-01-21-08.ec.
[INFO] Loading execution data file /home/ubuntu/TimeMachine/results/AmazeFileManager-3.4.2-#1837-rebuilt.apk.timemachine.result.emulator-5554#2026-08-17-01-00-46/ec_files/emulator-55542026-08-17-01-21-20.ec.
[INFO] Loading execution data file /home/ubuntu/TimeMachine/results/AmazeFileManager-3.4.2-#1837-rebuilt.apk.timemachine.result.emulator-5554#2026-08-17-01-00-46/ec_files/emulator-55542026-08-17-01-21-33.ec.
[INFO] Loading execution data file /home/ubuntu/TimeMachine/results/AmazeFileManager-3.4.2-#1837-rebuilt.apk.timemachine.result.emulator-5554#2026-08-17-01-00-46/ec_files/emulator-55542026-08-17-01-21-46.ec.
[INFO] Loading execution data file /home/ubuntu/TimeMachine/results/AmazeFileManager-3.4.2-#1837-rebuilt.apk.timemachine.result.emulator-5554#2026-08-17-01-00-46/ec_files/emulator-55542026-08-17-01-22-01.ec.
[INFO] Loading execution data file /home/ubuntu/TimeMachine/results/AmazeFileManager-3.4.2-#1837-rebuilt.apk.timemachine.result.emulator-5554#2026-08-17-01-00-46/ec_files/emulator-55542026-08-17-01-22-12.ec.
[INFO] Loading execution data file /home/ubuntu/TimeMachine/results/AmazeFileManager-3.4.2-#1837-rebuilt.apk.timemachine.result.emulator-5554#2026-08-17-01-00-46/ec_files/emulator-55542026-08-17-01-22-27.ec.
[INFO] Loading execution data file /home/ubuntu/TimeMachine/results/AmazeFileManager-3.4.2-#1837-rebuilt.apk.timemachine.result.emulator-5554#2026-08-17-01-00-46/ec_files/emulator-55542026-08-17-01-22-41.ec.
[INFO] Loading execution data file /home/ubuntu/TimeMachine/results/AmazeFileManager-3.4.2-#1837-rebuilt.apk.timemachine.result.emulator-5554#2026-08-17-01-00-46/ec_files/emulator-55542026-08-17-01-22-51.ec.
[INFO] Loading execution data file /home/ubuntu/TimeMachine/results/AmazeFileManager-3.4.2-#1837-rebuilt.apk.timemachine.result.emulator-5554#2026-08-17-01-00-46/ec_files/emulator-55542026-08-17-01-23-08.ec.
[INFO] Loading execution data file /home/ubuntu/TimeMachine/results/AmazeFileManager-3.4.2-#1837-rebuilt.apk.timemachine.result.emulator-5554#2026-08-17-01-00-46/ec_files/emulator-55542026-08-17-01-23-22.ec.
[INFO] Loading execution data file /home/ubuntu/TimeMachine/results/AmazeFileManager-3.4.2-#1837-rebuilt.apk.timemachine.result.emulator-5554#2026-08-17-01-00-46/ec_files/emulator-55542026-08-17-01-23-34.ec.
[INFO] Loading execution data file /home/ubuntu/TimeMachine/results/AmazeFileManager-3.4.2-#1837-rebuilt.apk.timemachine.result.emulator-5554#2026-08-17-01-00-46/ec_files/emulator-55542026-08-17-01-23-47.ec.
[INFO] Loading execution data file /home/ubuntu/TimeMachine/results/AmazeFileManager-3.4.2-#1837-rebuilt.apk.timemachine.result.emulator-5554#2026-08-17-01-00-46/ec_files/emulator-55542026-08-17-01-23-58.ec.
[INFO] Loading execution data file /home/ubuntu/TimeMachine/results/AmazeFileManager-3.4.2-#1837-rebuilt.apk.timemachine.result.emulator-5554#2026-08-17-01-00-46/ec_files/emulator-55542026-08-17-01-24-09.ec.
[INFO] Loading execution data file /home/ubuntu/TimeMachine/results/AmazeFileManager-3.4.2-#1837-rebuilt.apk.timemachine.result.emulator-5554#2026-08-17-01-00-46/ec_files/emulator-55542026-08-17-01-24-28.ec.
[INFO] Loading execution data file /home/ubuntu/TimeMachine/results/AmazeFileManager-3.4.2-#1837-rebuilt.apk.timemachine.result.emulator-5554#2026-08-17-01-00-46/ec_files/emulator-55542026-08-17-01-24-43.ec.
[INFO] Loading execution data file /home/ubuntu/TimeMachine/results/AmazeFileManager-3.4.2-#1837-rebuilt.apk.timemachine.result.emulator-5554#2026-08-17-01-00-46/ec_files/emulator-55542026-08-17-01-24-56.ec.
[INFO] Loading execution data file /home/ubuntu/TimeMachine/results/AmazeFileManager-3.4.2-#1837-rebuilt.apk.timemachine.result.emulator-5554#2026-08-17-01-00-46/ec_files/emulator-55542026-08-17-01-25-09.ec.
[INFO] Loading execution data file /home/ubuntu/TimeMachine/results/AmazeFileManager-3.4.2-#1837-rebuilt.apk.timemachine.result.emulator-5554#2026-08-17-01-00-46/ec_files/emulator-55542026-08-17-01-25-20.ec.
[INFO] Loading execution data file /home/ubuntu/TimeMachine/results/AmazeFileManager-3.4.2-#1837-rebuilt.apk.timemachine.result.emulator-5554#2026-08-17-01-00-46/ec_files/emulator-55542026-08-17-01-25-33.ec.
[INFO] Loading execution data file /home/ubuntu/TimeMachine/results/AmazeFileManager-3.4.2-#1837-rebuilt.apk.timemachine.result.emulator-5554#2026-08-17-01-00-46/ec_files/emulator-55542026-08-17-01-25-44.ec.
[INFO] Loading execution data file /home/ubuntu/TimeMachine/results/AmazeFileManager-3.4.2-#1837-rebuilt.apk.timemachine.result.emulator-5554#2026-08-17-01-00-46/ec_files/emulator-55542026-08-17-01-25-57.ec.
[INFO] Loading execution data file /home/ubuntu/TimeMachine/results/AmazeFileManager-3.4.2-#1837-rebuilt.apk.timemachine.result.emulator-5554#2026-08-17-01-00-46/ec_files/emulator-55542026-08-17-01-26-15.ec.
[INFO] Loading execution data file /home/ubuntu/TimeMachine/results/AmazeFileManager-3.4.2-#1837-rebuilt.apk.timemachine.result.emulator-5554#2026-08-17-01-00-46/ec_files/emulator-55542026-08-17-01-26-33.ec.
[INFO] Loading execution data file /home/ubuntu/TimeMachine/results/AmazeFileManager-3.4.2-#1837-rebuilt.apk.timemachine.result.emulator-5554#2026-08-17-01-00-46/ec_files/emulator-55542026-08-17-01-26-46.ec.
[INFO] Loading execution data file /home/ubuntu/TimeMachine/results/AmazeFileManager-3.4.2-#1837-rebuilt.apk.timemachine.result.emulator-5554#2026-08-17-01-00-46/ec_files/emulator-55542026-08-17-01-27-00.ec.
[INFO] Loading execution data file /home/ubuntu/TimeMachine/results/AmazeFileManager-3.4.2-#1837-rebuilt.apk.timemachine.result.emulator-5554#2026-08-17-01-00-46/ec_files/emulator-55542026-08-17-01-27-16.ec.
[INFO] Analyzing 508 classes.
   
-----------
current jacoco line coverage rate: 0.198189748159
-----------
--coverage when the new state is triggered: 0.198189748159 current jacoco line coverage rate : 0.197673873282
===================> REWARD STATE <=====================
===================> REWARD STATE <=====================
--taking snapshot...
deque(['-37785511', '-307486232', '-1094074386', '52808485', '-1113643644', '-1390515789', '-37785511', '-1113643644', '1906120635', '-1900321723'], maxlen=10)
Frequent nodes 
[('183131266', <state_graph.State instance at 0x791e83bc0960>), ('-583182176', <state_graph.State instance at 0x791e88ebac80>), ('-307486232', <state_graph.State instance at 0x791e8ba52d70>), ('OOAUT', <state_graph.State instance at 0x791eaa94c230>), ('1893074188', <state_graph.State instance at 0x791e88307c80>), ('-1433637423', <state_graph.State instance at 0x791e88132e10>), ('820917904', <state_graph.State instance at 0x791e8ac3f3c0>), ('-1556411559', <state_graph.State instance at 0x791e88ebad70>)]
the portion to the top 20% most frequent states: 0.375
Frequent nodes 
[('183131266', <state_graph.State instance at 0x791e83bc0960>), ('-583182176', <state_graph.State instance at 0x791e88ebac80>), ('-307486232', <state_graph.State instance at 0x791e8ba52d70>), ('OOAUT', <state_graph.State instance at 0x791eaa94c230>), ('1893074188', <state_graph.State instance at 0x791e88307c80>), ('-1433637423', <state_graph.State instance at 0x791e88132e10>), ('820917904', <state_graph.State instance at 0x791e8ac3f3c0>), ('-1556411559', <state_graph.State instance at 0x791e88ebad70>)]
--extracted id: 1138396480  num_controllable_widgets: 0
--transiton occurs
--the state 1138396480  exists
===================> PENALIZE STATE <=====================
deque(['-307486232', '-1094074386', '52808485', '-1113643644', '-1390515789', '-37785511', '-1113643644', '1906120635', '-1900321723', '1138396480'], maxlen=10)
Frequent nodes 
[('183131266', <state_graph.State instance at 0x791e83bc0960>), ('-583182176', <state_graph.State instance at 0x791e88ebac80>), ('-307486232', <state_graph.State instance at 0x791e8ba52d70>), ('OOAUT', <state_graph.State instance at 0x791eaa94c230>), ('1893074188', <state_graph.State instance at 0x791e88307c80>), ('-1433637423', <state_graph.State instance at 0x791e88132e10>), ('820917904', <state_graph.State instance at 0x791e8ac3f3c0>), ('-1556411559', <state_graph.State instance at 0x791e88ebad70>)]
the portion to the top 20% most frequent states: 0.222222222222
Frequent nodes 
[('183131266', <state_graph.State instance at 0x791e83bc0960>), ('-583182176', <state_graph.State instance at 0x791e88ebac80>), ('-307486232', <state_graph.State instance at 0x791e8ba52d70>), ('OOAUT', <state_graph.State instance at 0x791eaa94c230>), ('1893074188', <state_graph.State instance at 0x791e88307c80>), ('-1433637423', <state_graph.State instance at 0x791e88132e10>), ('820917904', <state_graph.State instance at 0x791e8ac3f3c0>), ('-1556411559', <state_graph.State instance at 0x791e88ebad70>)]
--extracted id: -37785511  num_controllable_widgets: 0
--transiton occurs
--the state -37785511  exists
===================> PENALIZE STATE <=====================
deque(['-1094074386', '52808485', '-1113643644', '-1390515789', '-37785511', '-1113643644', '1906120635', '-1900321723', '1138396480', '-37785511'], maxlen=10)
Frequent nodes 
[('183131266', <state_graph.State instance at 0x791e83bc0960>), ('-583182176', <state_graph.State instance at 0x791e88ebac80>), ('-307486232', <state_graph.State instance at 0x791e8ba52d70>), ('OOAUT', <state_graph.State instance at 0x791eaa94c230>), ('1893074188', <state_graph.State instance at 0x791e88307c80>), ('-37785511', <state_graph.State instance at 0x791e88361e60>), ('-1433637423', <state_graph.State instance at 0x791e88132e10>), ('820917904', <state_graph.State instance at 0x791e8ac3f3c0>)]
the portion to the top 20% most frequent states: 0.25
Frequent nodes 
[('183131266', <state_graph.State instance at 0x791e83bc0960>), ('-583182176', <state_graph.State instance at 0x791e88ebac80>), ('-307486232', <state_graph.State instance at 0x791e8ba52d70>), ('OOAUT', <state_graph.State instance at 0x791eaa94c230>), ('1893074188', <state_graph.State instance at 0x791e88307c80>), ('-37785511', <state_graph.State instance at 0x791e88361e60>), ('-1433637423', <state_graph.State instance at 0x791e88132e10>), ('820917904', <state_graph.State instance at 0x791e8ac3f3c0>)]
--extracted id: -37785511  num_controllable_widgets: 0
--event num: 1
--extracted id: -37785511  num_controllable_widgets: 0
--event num: 2
--extracted id: -37785511  num_controllable_widgets: 0
--event num: 3
--extracted id: -37785511  num_controllable_widgets: 0
--event num: 4
--extracted id: 1514766507  num_controllable_widgets: 0
--transiton occurs
--a new state is triggered and add 1514766507 into the state graph.
get_jacoco_coverage- return code:  output: Broadcasting: Intent { act=edu.gatech.m3.emma.COLLECT_COVERAGE }
Broadcast completed: result=0
---
[COVERAGE FILE EXIST?]
coverage.ec
---
---
[VALIDATE COVERAGE FILE]$ java -jar /home/ubuntu/TimeMachine/fuzzingandroid/libs/jacococli.jar report /home/ubuntu/TimeMachine/results/AmazeFileManager-3.4.2-#1837-rebuilt.apk.timemachine.result.emulator-5554#2026-08-17-01-00-46/ec_files/emulator-55542026-08-17-01-27-30.ec  --classfiles /home/ubuntu/TimeMachine/instrumented_apps/AmazeFileManager/AmazeFileManager-#1837/app/build/intermediates/javac/fdroidDebug/classes/ --classfiles /home/ubuntu/TimeMachine/instrumented_apps/AmazeFileManager/AmazeFileManager-#1837/commons_compress_7z/build/intermediates/javac/debug/classes/ --sourcefiles /home/ubuntu/TimeMachine/instrumented_apps/AmazeFileManager/AmazeFileManager-#1837/app/src/main/java/ --sourcefiles /home/ubuntu/TimeMachine/instrumented_apps/AmazeFileManager/AmazeFileManager-#1837/commons_compress_7z/src/main/java/ &> temp
---
---
[VALIDATE MESSAGE]
---
SUCCESS: coverage file is valid!
[INFO] Loading execution data file /home/ubuntu/TimeMachine/results/AmazeFileManager-3.4.2-#1837-rebuilt.apk.timemachine.result.emulator-5554#2026-08-17-01-00-46/ec_files/emulator-55542026-08-17-01-27-30.ec.
[INFO] Analyzing 508 classes.
 /sdcard/coverage.ec: 1 file pulled, 0 skipped. 0.1 MB/s (4558 bytes in 0.061s)
 
compute_coverage-return code:  output: /home/ubuntu/TimeMachine/results/AmazeFileManager-3.4.2-#1837-rebuilt.apk.timemachine.result.emulator-5554#2026-08-17-01-00-46/ec_files/coveragetemp.ec /home/ubuntu/TimeMachine/results/AmazeFileManager-3.4.2-#1837-rebuilt.apk.timemachine.result.emulator-5554#2026-08-17-01-00-46/ec_files/emulator-55542026-08-17-01-09-02.ec /home/ubuntu/TimeMachine/results/AmazeFileManager-3.4.2-#1837-rebuilt.apk.timemachine.result.emulator-5554#2026-08-17-01-00-46/ec_files/emulator-55542026-08-17-01-09-05.ec /home/ubuntu/TimeMachine/results/AmazeFileManager-3.4.2-#1837-rebuilt.apk.timemachine.result.emulator-5554#2026-08-17-01-00-46/ec_files/emulator-55542026-08-17-01-16-12.ec /home/ubuntu/TimeMachine/results/AmazeFileManager-3.4.2-#1837-rebuilt.apk.timemachine.result.emulator-5554#2026-08-17-01-00-46/ec_files/emulator-55542026-08-17-01-16-28.ec /home/ubuntu/TimeMachine/results/AmazeFileManager-3.4.2-#1837-rebuilt.apk.timemachine.result.emulator-5554#2026-08-17-01-00-46/ec_files/emulator-55542026-08-17-01-16-41.ec /home/ubuntu/TimeMachine/results/AmazeFileManager-3.4.2-#1837-rebuilt.apk.timemachine.result.emulator-5554#2026-08-17-01-00-46/ec_files/emulator-55542026-08-17-01-16-55.ec /home/ubuntu/TimeMachine/results/AmazeFileManager-3.4.2-#1837-rebuilt.apk.timemachine.result.emulator-5554#2026-08-17-01-00-46/ec_files/emulator-55542026-08-17-01-17-06.ec /home/ubuntu/TimeMachine/results/AmazeFileManager-3.4.2-#1837-rebuilt.apk.timemachine.result.emulator-5554#2026-08-17-01-00-46/ec_files/emulator-55542026-08-17-01-17-18.ec /home/ubuntu/TimeMachine/results/AmazeFileManager-3.4.2-#1837-rebuilt.apk.timemachine.result.emulator-5554#2026-08-17-01-00-46/ec_files/emulator-55542026-08-17-01-18-42.ec /home/ubuntu/TimeMachine/results/AmazeFileManager-3.4.2-#1837-rebuilt.apk.timemachine.result.emulator-5554#2026-08-17-01-00-46/ec_files/emulator-55542026-08-17-01-19-37.ec /home/ubuntu/TimeMachine/results/AmazeFileManager-3.4.2-#1837-rebuilt.apk.timemachine.result.emulator-5554#2026-08-17-01-00-46/ec_files/emulator-55542026-08-17-01-19-48.ec /home/ubuntu/TimeMachine/results/AmazeFileManager-3.4.2-#1837-rebuilt.apk.timemachine.result.emulator-5554#2026-08-17-01-00-46/ec_files/emulator-55542026-08-17-01-20-06.ec /home/ubuntu/TimeMachine/results/AmazeFileManager-3.4.2-#1837-rebuilt.apk.timemachine.result.emulator-5554#2026-08-17-01-00-46/ec_files/emulator-55542026-08-17-01-20-22.ec /home/ubuntu/TimeMachine/results/AmazeFileManager-3.4.2-#1837-rebuilt.apk.timemachine.result.emulator-5554#2026-08-17-01-00-46/ec_files/emulator-55542026-08-17-01-20-37.ec /home/ubuntu/TimeMachine/results/AmazeFileManager-3.4.2-#1837-rebuilt.apk.timemachine.result.emulator-5554#2026-08-17-01-00-46/ec_files/emulator-55542026-08-17-01-20-50.ec /home/ubuntu/TimeMachine/results/AmazeFileManager-3.4.2-#1837-rebuilt.apk.timemachine.result.emulator-5554#2026-08-17-01-00-46/ec_files/emulator-55542026-08-17-01-21-08.ec /home/ubuntu/TimeMachine/results/AmazeFileManager-3.4.2-#1837-rebuilt.apk.timemachine.result.emulator-5554#2026-08-17-01-00-46/ec_files/emulator-55542026-08-17-01-21-20.ec /home/ubuntu/TimeMachine/results/AmazeFileManager-3.4.2-#1837-rebuilt.apk.timemachine.result.emulator-5554#2026-08-17-01-00-46/ec_files/emulator-55542026-08-17-01-21-33.ec /home/ubuntu/TimeMachine/results/AmazeFileManager-3.4.2-#1837-rebuilt.apk.timemachine.result.emulator-5554#2026-08-17-01-00-46/ec_files/emulator-55542026-08-17-01-21-46.ec /home/ubuntu/TimeMachine/results/AmazeFileManager-3.4.2-#1837-rebuilt.apk.timemachine.result.emulator-5554#2026-08-17-01-00-46/ec_files/emulator-55542026-08-17-01-22-01.ec /home/ubuntu/TimeMachine/results/AmazeFileManager-3.4.2-#1837-rebuilt.apk.timemachine.result.emulator-5554#2026-08-17-01-00-46/ec_files/emulator-55542026-08-17-01-22-12.ec /home/ubuntu/TimeMachine/results/AmazeFileManager-3.4.2-#1837-rebuilt.apk.timemachine.result.emulator-5554#2026-08-17-01-00-46/ec_files/emulator-55542026-08-17-01-22-27.ec /home/ubuntu/TimeMachine/results/AmazeFileManager-3.4.2-#1837-rebuilt.apk.timemachine.result.emulator-5554#2026-08-17-01-00-46/ec_files/emulator-55542026-08-17-01-22-41.ec /home/ubuntu/TimeMachine/results/AmazeFileManager-3.4.2-#1837-rebuilt.apk.timemachine.result.emulator-5554#2026-08-17-01-00-46/ec_files/emulator-55542026-08-17-01-22-51.ec /home/ubuntu/TimeMachine/results/AmazeFileManager-3.4.2-#1837-rebuilt.apk.timemachine.result.emulator-5554#2026-08-17-01-00-46/ec_files/emulator-55542026-08-17-01-23-08.ec /home/ubuntu/TimeMachine/results/AmazeFileManager-3.4.2-#1837-rebuilt.apk.timemachine.result.emulator-5554#2026-08-17-01-00-46/ec_files/emulator-55542026-08-17-01-23-22.ec /home/ubuntu/TimeMachine/results/AmazeFileManager-3.4.2-#1837-rebuilt.apk.timemachine.result.emulator-5554#2026-08-17-01-00-46/ec_files/emulator-55542026-08-17-01-23-34.ec /home/ubuntu/TimeMachine/results/AmazeFileManager-3.4.2-#1837-rebuilt.apk.timemachine.result.emulator-5554#2026-08-17-01-00-46/ec_files/emulator-55542026-08-17-01-23-47.ec /home/ubuntu/TimeMachine/results/AmazeFileManager-3.4.2-#1837-rebuilt.apk.timemachine.result.emulator-5554#2026-08-17-01-00-46/ec_files/emulator-55542026-08-17-01-23-58.ec /home/ubuntu/TimeMachine/results/AmazeFileManager-3.4.2-#1837-rebuilt.apk.timemachine.result.emulator-5554#2026-08-17-01-00-46/ec_files/emulator-55542026-08-17-01-24-09.ec /home/ubuntu/TimeMachine/results/AmazeFileManager-3.4.2-#1837-rebuilt.apk.timemachine.result.emulator-5554#2026-08-17-01-00-46/ec_files/emulator-55542026-08-17-01-24-28.ec /home/ubuntu/TimeMachine/results/AmazeFileManager-3.4.2-#1837-rebuilt.apk.timemachine.result.emulator-5554#2026-08-17-01-00-46/ec_files/emulator-55542026-08-17-01-24-43.ec /home/ubuntu/TimeMachine/results/AmazeFileManager-3.4.2-#1837-rebuilt.apk.timemachine.result.emulator-5554#2026-08-17-01-00-46/ec_files/emulator-55542026-08-17-01-24-56.ec /home/ubuntu/TimeMachine/results/AmazeFileManager-3.4.2-#1837-rebuilt.apk.timemachine.result.emulator-5554#2026-08-17-01-00-46/ec_files/emulator-55542026-08-17-01-25-09.ec /home/ubuntu/TimeMachine/results/AmazeFileManager-3.4.2-#1837-rebuilt.apk.timemachine.result.emulator-5554#2026-08-17-01-00-46/ec_files/emulator-55542026-08-17-01-25-20.ec /home/ubuntu/TimeMachine/results/AmazeFileManager-3.4.2-#1837-rebuilt.apk.timemachine.result.emulator-5554#2026-08-17-01-00-46/ec_files/emulator-55542026-08-17-01-25-33.ec /home/ubuntu/TimeMachine/results/AmazeFileManager-3.4.2-#1837-rebuilt.apk.timemachine.result.emulator-5554#2026-08-17-01-00-46/ec_files/emulator-55542026-08-17-01-25-44.ec /home/ubuntu/TimeMachine/results/AmazeFileManager-3.4.2-#1837-rebuilt.apk.timemachine.result.emulator-5554#2026-08-17-01-00-46/ec_files/emulator-55542026-08-17-01-25-57.ec /home/ubuntu/TimeMachine/results/AmazeFileManager-3.4.2-#1837-rebuilt.apk.timemachine.result.emulator-5554#2026-08-17-01-00-46/ec_files/emulator-55542026-08-17-01-26-15.ec /home/ubuntu/TimeMachine/results/AmazeFileManager-3.4.2-#1837-rebuilt.apk.timemachine.result.emulator-5554#2026-08-17-01-00-46/ec_files/emulator-55542026-08-17-01-26-33.ec /home/ubuntu/TimeMachine/results/AmazeFileManager-3.4.2-#1837-rebuilt.apk.timemachine.result.emulator-5554#2026-08-17-01-00-46/ec_files/emulator-55542026-08-17-01-26-46.ec /home/ubuntu/TimeMachine/results/AmazeFileManager-3.4.2-#1837-rebuilt.apk.timemachine.result.emulator-5554#2026-08-17-01-00-46/ec_files/emulator-55542026-08-17-01-27-00.ec /home/ubuntu/TimeMachine/results/AmazeFileManager-3.4.2-#1837-rebuilt.apk.timemachine.result.emulator-5554#2026-08-17-01-00-46/ec_files/emulator-55542026-08-17-01-27-16.ec /home/ubuntu/TimeMachine/results/AmazeFileManager-3.4.2-#1837-rebuilt.apk.timemachine.result.emulator-5554#2026-08-17-01-00-46/ec_files/emulator-55542026-08-17-01-27-30.ec
[INFO] Loading execution data file /home/ubuntu/TimeMachine/results/AmazeFileManager-3.4.2-#1837-rebuilt.apk.timemachine.result.emulator-5554#2026-08-17-01-00-46/ec_files/coveragetemp.ec.
[INFO] Loading execution data file /home/ubuntu/TimeMachine/results/AmazeFileManager-3.4.2-#1837-rebuilt.apk.timemachine.result.emulator-5554#2026-08-17-01-00-46/ec_files/emulator-55542026-08-17-01-09-02.ec.
[INFO] Loading execution data file /home/ubuntu/TimeMachine/results/AmazeFileManager-3.4.2-#1837-rebuilt.apk.timemachine.result.emulator-5554#2026-08-17-01-00-46/ec_files/emulator-55542026-08-17-01-09-05.ec.
[INFO] Loading execution data file /home/ubuntu/TimeMachine/results/AmazeFileManager-3.4.2-#1837-rebuilt.apk.timemachine.result.emulator-5554#2026-08-17-01-00-46/ec_files/emulator-55542026-08-17-01-16-12.ec.
[INFO] Loading execution data file /home/ubuntu/TimeMachine/results/AmazeFileManager-3.4.2-#1837-rebuilt.apk.timemachine.result.emulator-5554#2026-08-17-01-00-46/ec_files/emulator-55542026-08-17-01-16-28.ec.
[INFO] Loading execution data file /home/ubuntu/TimeMachine/results/AmazeFileManager-3.4.2-#1837-rebuilt.apk.timemachine.result.emulator-5554#2026-08-17-01-00-46/ec_files/emulator-55542026-08-17-01-16-41.ec.
[INFO] Loading execution data file /home/ubuntu/TimeMachine/results/AmazeFileManager-3.4.2-#1837-rebuilt.apk.timemachine.result.emulator-5554#2026-08-17-01-00-46/ec_files/emulator-55542026-08-17-01-16-55.ec.
[INFO] Loading execution data file /home/ubuntu/TimeMachine/results/AmazeFileManager-3.4.2-#1837-rebuilt.apk.timemachine.result.emulator-5554#2026-08-17-01-00-46/ec_files/emulator-55542026-08-17-01-17-06.ec.
[INFO] Loading execution data file /home/ubuntu/TimeMachine/results/AmazeFileManager-3.4.2-#1837-rebuilt.apk.timemachine.result.emulator-5554#2026-08-17-01-00-46/ec_files/emulator-55542026-08-17-01-17-18.ec.
[INFO] Loading execution data file /home/ubuntu/TimeMachine/results/AmazeFileManager-3.4.2-#1837-rebuilt.apk.timemachine.result.emulator-5554#2026-08-17-01-00-46/ec_files/emulator-55542026-08-17-01-18-42.ec.
[INFO] Loading execution data file /home/ubuntu/TimeMachine/results/AmazeFileManager-3.4.2-#1837-rebuilt.apk.timemachine.result.emulator-5554#2026-08-17-01-00-46/ec_files/emulator-55542026-08-17-01-19-37.ec.
[INFO] Loading execution data file /home/ubuntu/TimeMachine/results/AmazeFileManager-3.4.2-#1837-rebuilt.apk.timemachine.result.emulator-5554#2026-08-17-01-00-46/ec_files/emulator-55542026-08-17-01-19-48.ec.
[INFO] Loading execution data file /home/ubuntu/TimeMachine/results/AmazeFileManager-3.4.2-#1837-rebuilt.apk.timemachine.result.emulator-5554#2026-08-17-01-00-46/ec_files/emulator-55542026-08-17-01-20-06.ec.
[INFO] Loading execution data file /home/ubuntu/TimeMachine/results/AmazeFileManager-3.4.2-#1837-rebuilt.apk.timemachine.result.emulator-5554#2026-08-17-01-00-46/ec_files/emulator-55542026-08-17-01-20-22.ec.
[INFO] Loading execution data file /home/ubuntu/TimeMachine/results/AmazeFileManager-3.4.2-#1837-rebuilt.apk.timemachine.result.emulator-5554#2026-08-17-01-00-46/ec_files/emulator-55542026-08-17-01-20-37.ec.
[INFO] Loading execution data file /home/ubuntu/TimeMachine/results/AmazeFileManager-3.4.2-#1837-rebuilt.apk.timemachine.result.emulator-5554#2026-08-17-01-00-46/ec_files/emulator-55542026-08-17-01-20-50.ec.
[INFO] Loading execution data file /home/ubuntu/TimeMachine/results/AmazeFileManager-3.4.2-#1837-rebuilt.apk.timemachine.result.emulator-5554#2026-08-17-01-00-46/ec_files/emulator-55542026-08-17-01-21-08.ec.
[INFO] Loading execution data file /home/ubuntu/TimeMachine/results/AmazeFileManager-3.4.2-#1837-rebuilt.apk.timemachine.result.emulator-5554#2026-08-17-01-00-46/ec_files/emulator-55542026-08-17-01-21-20.ec.
[INFO] Loading execution data file /home/ubuntu/TimeMachine/results/AmazeFileManager-3.4.2-#1837-rebuilt.apk.timemachine.result.emulator-5554#2026-08-17-01-00-46/ec_files/emulator-55542026-08-17-01-21-33.ec.
[INFO] Loading execution data file /home/ubuntu/TimeMachine/results/AmazeFileManager-3.4.2-#1837-rebuilt.apk.timemachine.result.emulator-5554#2026-08-17-01-00-46/ec_files/emulator-55542026-08-17-01-21-46.ec.
[INFO] Loading execution data file /home/ubuntu/TimeMachine/results/AmazeFileManager-3.4.2-#1837-rebuilt.apk.timemachine.result.emulator-5554#2026-08-17-01-00-46/ec_files/emulator-55542026-08-17-01-22-01.ec.
[INFO] Loading execution data file /home/ubuntu/TimeMachine/results/AmazeFileManager-3.4.2-#1837-rebuilt.apk.timemachine.result.emulator-5554#2026-08-17-01-00-46/ec_files/emulator-55542026-08-17-01-22-12.ec.
[INFO] Loading execution data file /home/ubuntu/TimeMachine/results/AmazeFileManager-3.4.2-#1837-rebuilt.apk.timemachine.result.emulator-5554#2026-08-17-01-00-46/ec_files/emulator-55542026-08-17-01-22-27.ec.
[INFO] Loading execution data file /home/ubuntu/TimeMachine/results/AmazeFileManager-3.4.2-#1837-rebuilt.apk.timemachine.result.emulator-5554#2026-08-17-01-00-46/ec_files/emulator-55542026-08-17-01-22-41.ec.
[INFO] Loading execution data file /home/ubuntu/TimeMachine/results/AmazeFileManager-3.4.2-#1837-rebuilt.apk.timemachine.result.emulator-5554#2026-08-17-01-00-46/ec_files/emulator-55542026-08-17-01-22-51.ec.
[INFO] Loading execution data file /home/ubuntu/TimeMachine/results/AmazeFileManager-3.4.2-#1837-rebuilt.apk.timemachine.result.emulator-5554#2026-08-17-01-00-46/ec_files/emulator-55542026-08-17-01-23-08.ec.
[INFO] Loading execution data file /home/ubuntu/TimeMachine/results/AmazeFileManager-3.4.2-#1837-rebuilt.apk.timemachine.result.emulator-5554#2026-08-17-01-00-46/ec_files/emulator-55542026-08-17-01-23-22.ec.
[INFO] Loading execution data file /home/ubuntu/TimeMachine/results/AmazeFileManager-3.4.2-#1837-rebuilt.apk.timemachine.result.emulator-5554#2026-08-17-01-00-46/ec_files/emulator-55542026-08-17-01-23-34.ec.
[INFO] Loading execution data file /home/ubuntu/TimeMachine/results/AmazeFileManager-3.4.2-#1837-rebuilt.apk.timemachine.result.emulator-5554#2026-08-17-01-00-46/ec_files/emulator-55542026-08-17-01-23-47.ec.
[INFO] Loading execution data file /home/ubuntu/TimeMachine/results/AmazeFileManager-3.4.2-#1837-rebuilt.apk.timemachine.result.emulator-5554#2026-08-17-01-00-46/ec_files/emulator-55542026-08-17-01-23-58.ec.
[INFO] Loading execution data file /home/ubuntu/TimeMachine/results/AmazeFileManager-3.4.2-#1837-rebuilt.apk.timemachine.result.emulator-5554#2026-08-17-01-00-46/ec_files/emulator-55542026-08-17-01-24-09.ec.
[INFO] Loading execution data file /home/ubuntu/TimeMachine/results/AmazeFileManager-3.4.2-#1837-rebuilt.apk.timemachine.result.emulator-5554#2026-08-17-01-00-46/ec_files/emulator-55542026-08-17-01-24-28.ec.
[INFO] Loading execution data file /home/ubuntu/TimeMachine/results/AmazeFileManager-3.4.2-#1837-rebuilt.apk.timemachine.result.emulator-5554#2026-08-17-01-00-46/ec_files/emulator-55542026-08-17-01-24-43.ec.
[INFO] Loading execution data file /home/ubuntu/TimeMachine/results/AmazeFileManager-3.4.2-#1837-rebuilt.apk.timemachine.result.emulator-5554#2026-08-17-01-00-46/ec_files/emulator-55542026-08-17-01-24-56.ec.
[INFO] Loading execution data file /home/ubuntu/TimeMachine/results/AmazeFileManager-3.4.2-#1837-rebuilt.apk.timemachine.result.emulator-5554#2026-08-17-01-00-46/ec_files/emulator-55542026-08-17-01-25-09.ec.
[INFO] Loading execution data file /home/ubuntu/TimeMachine/results/AmazeFileManager-3.4.2-#1837-rebuilt.apk.timemachine.result.emulator-5554#2026-08-17-01-00-46/ec_files/emulator-55542026-08-17-01-25-20.ec.
[INFO] Loading execution data file /home/ubuntu/TimeMachine/results/AmazeFileManager-3.4.2-#1837-rebuilt.apk.timemachine.result.emulator-5554#2026-08-17-01-00-46/ec_files/emulator-55542026-08-17-01-25-33.ec.
[INFO] Loading execution data file /home/ubuntu/TimeMachine/results/AmazeFileManager-3.4.2-#1837-rebuilt.apk.timemachine.result.emulator-5554#2026-08-17-01-00-46/ec_files/emulator-55542026-08-17-01-25-44.ec.
[INFO] Loading execution data file /home/ubuntu/TimeMachine/results/AmazeFileManager-3.4.2-#1837-rebuilt.apk.timemachine.result.emulator-5554#2026-08-17-01-00-46/ec_files/emulator-55542026-08-17-01-25-57.ec.
[INFO] Loading execution data file /home/ubuntu/TimeMachine/results/AmazeFileManager-3.4.2-#1837-rebuilt.apk.timemachine.result.emulator-5554#2026-08-17-01-00-46/ec_files/emulator-55542026-08-17-01-26-15.ec.
[INFO] Loading execution data file /home/ubuntu/TimeMachine/results/AmazeFileManager-3.4.2-#1837-rebuilt.apk.timemachine.result.emulator-5554#2026-08-17-01-00-46/ec_files/emulator-55542026-08-17-01-26-33.ec.
[INFO] Loading execution data file /home/ubuntu/TimeMachine/results/AmazeFileManager-3.4.2-#1837-rebuilt.apk.timemachine.result.emulator-5554#2026-08-17-01-00-46/ec_files/emulator-55542026-08-17-01-26-46.ec.
[INFO] Loading execution data file /home/ubuntu/TimeMachine/results/AmazeFileManager-3.4.2-#1837-rebuilt.apk.timemachine.result.emulator-5554#2026-08-17-01-00-46/ec_files/emulator-55542026-08-17-01-27-00.ec.
[INFO] Loading execution data file /home/ubuntu/TimeMachine/results/AmazeFileManager-3.4.2-#1837-rebuilt.apk.timemachine.result.emulator-5554#2026-08-17-01-00-46/ec_files/emulator-55542026-08-17-01-27-16.ec.
[INFO] Loading execution data file /home/ubuntu/TimeMachine/results/AmazeFileManager-3.4.2-#1837-rebuilt.apk.timemachine.result.emulator-5554#2026-08-17-01-00-46/ec_files/emulator-55542026-08-17-01-27-30.ec.
[INFO] Analyzing 508 classes.
   
-----------
current jacoco line coverage rate: 0.199033907049
-----------
--coverage when the new state is triggered: 0.199033907049 current jacoco line coverage rate : 0.198189748159
===================> REWARD STATE <=====================
===================> REWARD STATE <=====================
--taking snapshot...
deque(['52808485', '-1113643644', '-1390515789', '-37785511', '-1113643644', '1906120635', '-1900321723', '1138396480', '-37785511', '1514766507'], maxlen=10)
Frequent nodes 
[('183131266', <state_graph.State instance at 0x791e83bc0960>), ('-583182176', <state_graph.State instance at 0x791e88ebac80>), ('-307486232', <state_graph.State instance at 0x791e8ba52d70>), ('OOAUT', <state_graph.State instance at 0x791eaa94c230>), ('1893074188', <state_graph.State instance at 0x791e88307c80>), ('-37785511', <state_graph.State instance at 0x791e88361e60>), ('-1433637423', <state_graph.State instance at 0x791e88132e10>), ('820917904', <state_graph.State instance at 0x791e8ac3f3c0>)]
the portion to the top 20% most frequent states: 0.25
Frequent nodes 
[('183131266', <state_graph.State instance at 0x791e83bc0960>), ('-583182176', <state_graph.State instance at 0x791e88ebac80>), ('-307486232', <state_graph.State instance at 0x791e8ba52d70>), ('OOAUT', <state_graph.State instance at 0x791eaa94c230>), ('1893074188', <state_graph.State instance at 0x791e88307c80>), ('-37785511', <state_graph.State instance at 0x791e88361e60>), ('-1433637423', <state_graph.State instance at 0x791e88132e10>), ('820917904', <state_graph.State instance at 0x791e8ac3f3c0>)]
--extracted id: 1514766507  num_controllable_widgets: 0
--event num: 1
--extracted id: 1514766507  num_controllable_widgets: 0
--event num: 2
--extracted id: -37785511  num_controllable_widgets: 0
--transiton occurs
--the state -37785511  exists
===================> PENALIZE STATE <=====================
deque(['-1113643644', '-1390515789', '-37785511', '-1113643644', '1906120635', '-1900321723', '1138396480', '-37785511', '1514766507', '-37785511'], maxlen=10)
Frequent nodes 
[('183131266', <state_graph.State instance at 0x791e83bc0960>), ('-583182176', <state_graph.State instance at 0x791e88ebac80>), ('-307486232', <state_graph.State instance at 0x791e8ba52d70>), ('OOAUT', <state_graph.State instance at 0x791eaa94c230>), ('-37785511', <state_graph.State instance at 0x791e88361e60>), ('1893074188', <state_graph.State instance at 0x791e88307c80>), ('-1433637423', <state_graph.State instance at 0x791e88132e10>), ('820917904', <state_graph.State instance at 0x791e8ac3f3c0>)]
the portion to the top 20% most frequent states: 0.285714285714
Frequent nodes 
[('183131266', <state_graph.State instance at 0x791e83bc0960>), ('-583182176', <state_graph.State instance at 0x791e88ebac80>), ('-307486232', <state_graph.State instance at 0x791e8ba52d70>), ('OOAUT', <state_graph.State instance at 0x791eaa94c230>), ('-37785511', <state_graph.State instance at 0x791e88361e60>), ('1893074188', <state_graph.State instance at 0x791e88307c80>), ('-1433637423', <state_graph.State instance at 0x791e88132e10>), ('820917904', <state_graph.State instance at 0x791e8ac3f3c0>)]
--extracted id: 682925248  num_controllable_widgets: 15
--transiton occurs
--a new state is triggered and add 682925248 into the state graph.
get_jacoco_coverage- return code:  output: Broadcasting: Intent { act=edu.gatech.m3.emma.COLLECT_COVERAGE }
Broadcast completed: result=0
---
[COVERAGE FILE EXIST?]
coverage.ec
---
---
[VALIDATE COVERAGE FILE]$ java -jar /home/ubuntu/TimeMachine/fuzzingandroid/libs/jacococli.jar report /home/ubuntu/TimeMachine/results/AmazeFileManager-3.4.2-#1837-rebuilt.apk.timemachine.result.emulator-5554#2026-08-17-01-00-46/ec_files/emulator-55542026-08-17-01-27-46.ec  --classfiles /home/ubuntu/TimeMachine/instrumented_apps/AmazeFileManager/AmazeFileManager-#1837/app/build/intermediates/javac/fdroidDebug/classes/ --classfiles /home/ubuntu/TimeMachine/instrumented_apps/AmazeFileManager/AmazeFileManager-#1837/commons_compress_7z/build/intermediates/javac/debug/classes/ --sourcefiles /home/ubuntu/TimeMachine/instrumented_apps/AmazeFileManager/AmazeFileManager-#1837/app/src/main/java/ --sourcefiles /home/ubuntu/TimeMachine/instrumented_apps/AmazeFileManager/AmazeFileManager-#1837/commons_compress_7z/src/main/java/ &> temp
---
---
[VALIDATE MESSAGE]
---
SUCCESS: coverage file is valid!
[INFO] Loading execution data file /home/ubuntu/TimeMachine/results/AmazeFileManager-3.4.2-#1837-rebuilt.apk.timemachine.result.emulator-5554#2026-08-17-01-00-46/ec_files/emulator-55542026-08-17-01-27-46.ec.
[INFO] Analyzing 508 classes.
 /sdcard/coverage.ec: 1 file pulled, 0 skipped. 0.7 MB/s (4283 bytes in 0.006s)
 
compute_coverage-return code:  output: /home/ubuntu/TimeMachine/results/AmazeFileManager-3.4.2-#1837-rebuilt.apk.timemachine.result.emulator-5554#2026-08-17-01-00-46/ec_files/coveragetemp.ec /home/ubuntu/TimeMachine/results/AmazeFileManager-3.4.2-#1837-rebuilt.apk.timemachine.result.emulator-5554#2026-08-17-01-00-46/ec_files/emulator-55542026-08-17-01-09-02.ec /home/ubuntu/TimeMachine/results/AmazeFileManager-3.4.2-#1837-rebuilt.apk.timemachine.result.emulator-5554#2026-08-17-01-00-46/ec_files/emulator-55542026-08-17-01-09-05.ec /home/ubuntu/TimeMachine/results/AmazeFileManager-3.4.2-#1837-rebuilt.apk.timemachine.result.emulator-5554#2026-08-17-01-00-46/ec_files/emulator-55542026-08-17-01-16-12.ec /home/ubuntu/TimeMachine/results/AmazeFileManager-3.4.2-#1837-rebuilt.apk.timemachine.result.emulator-5554#2026-08-17-01-00-46/ec_files/emulator-55542026-08-17-01-16-28.ec /home/ubuntu/TimeMachine/results/AmazeFileManager-3.4.2-#1837-rebuilt.apk.timemachine.result.emulator-5554#2026-08-17-01-00-46/ec_files/emulator-55542026-08-17-01-16-41.ec /home/ubuntu/TimeMachine/results/AmazeFileManager-3.4.2-#1837-rebuilt.apk.timemachine.result.emulator-5554#2026-08-17-01-00-46/ec_files/emulator-55542026-08-17-01-16-55.ec /home/ubuntu/TimeMachine/results/AmazeFileManager-3.4.2-#1837-rebuilt.apk.timemachine.result.emulator-5554#2026-08-17-01-00-46/ec_files/emulator-55542026-08-17-01-17-06.ec /home/ubuntu/TimeMachine/results/AmazeFileManager-3.4.2-#1837-rebuilt.apk.timemachine.result.emulator-5554#2026-08-17-01-00-46/ec_files/emulator-55542026-08-17-01-17-18.ec /home/ubuntu/TimeMachine/results/AmazeFileManager-3.4.2-#1837-rebuilt.apk.timemachine.result.emulator-5554#2026-08-17-01-00-46/ec_files/emulator-55542026-08-17-01-18-42.ec /home/ubuntu/TimeMachine/results/AmazeFileManager-3.4.2-#1837-rebuilt.apk.timemachine.result.emulator-5554#2026-08-17-01-00-46/ec_files/emulator-55542026-08-17-01-19-37.ec /home/ubuntu/TimeMachine/results/AmazeFileManager-3.4.2-#1837-rebuilt.apk.timemachine.result.emulator-5554#2026-08-17-01-00-46/ec_files/emulator-55542026-08-17-01-19-48.ec /home/ubuntu/TimeMachine/results/AmazeFileManager-3.4.2-#1837-rebuilt.apk.timemachine.result.emulator-5554#2026-08-17-01-00-46/ec_files/emulator-55542026-08-17-01-20-06.ec /home/ubuntu/TimeMachine/results/AmazeFileManager-3.4.2-#1837-rebuilt.apk.timemachine.result.emulator-5554#2026-08-17-01-00-46/ec_files/emulator-55542026-08-17-01-20-22.ec /home/ubuntu/TimeMachine/results/AmazeFileManager-3.4.2-#1837-rebuilt.apk.timemachine.result.emulator-5554#2026-08-17-01-00-46/ec_files/emulator-55542026-08-17-01-20-37.ec /home/ubuntu/TimeMachine/results/AmazeFileManager-3.4.2-#1837-rebuilt.apk.timemachine.result.emulator-5554#2026-08-17-01-00-46/ec_files/emulator-55542026-08-17-01-20-50.ec /home/ubuntu/TimeMachine/results/AmazeFileManager-3.4.2-#1837-rebuilt.apk.timemachine.result.emulator-5554#2026-08-17-01-00-46/ec_files/emulator-55542026-08-17-01-21-08.ec /home/ubuntu/TimeMachine/results/AmazeFileManager-3.4.2-#1837-rebuilt.apk.timemachine.result.emulator-5554#2026-08-17-01-00-46/ec_files/emulator-55542026-08-17-01-21-20.ec /home/ubuntu/TimeMachine/results/AmazeFileManager-3.4.2-#1837-rebuilt.apk.timemachine.result.emulator-5554#2026-08-17-01-00-46/ec_files/emulator-55542026-08-17-01-21-33.ec /home/ubuntu/TimeMachine/results/AmazeFileManager-3.4.2-#1837-rebuilt.apk.timemachine.result.emulator-5554#2026-08-17-01-00-46/ec_files/emulator-55542026-08-17-01-21-46.ec /home/ubuntu/TimeMachine/results/AmazeFileManager-3.4.2-#1837-rebuilt.apk.timemachine.result.emulator-5554#2026-08-17-01-00-46/ec_files/emulator-55542026-08-17-01-22-01.ec /home/ubuntu/TimeMachine/results/AmazeFileManager-3.4.2-#1837-rebuilt.apk.timemachine.result.emulator-5554#2026-08-17-01-00-46/ec_files/emulator-55542026-08-17-01-22-12.ec /home/ubuntu/TimeMachine/results/AmazeFileManager-3.4.2-#1837-rebuilt.apk.timemachine.result.emulator-5554#2026-08-17-01-00-46/ec_files/emulator-55542026-08-17-01-22-27.ec /home/ubuntu/TimeMachine/results/AmazeFileManager-3.4.2-#1837-rebuilt.apk.timemachine.result.emulator-5554#2026-08-17-01-00-46/ec_files/emulator-55542026-08-17-01-22-41.ec /home/ubuntu/TimeMachine/results/AmazeFileManager-3.4.2-#1837-rebuilt.apk.timemachine.result.emulator-5554#2026-08-17-01-00-46/ec_files/emulator-55542026-08-17-01-22-51.ec /home/ubuntu/TimeMachine/results/AmazeFileManager-3.4.2-#1837-rebuilt.apk.timemachine.result.emulator-5554#2026-08-17-01-00-46/ec_files/emulator-55542026-08-17-01-23-08.ec /home/ubuntu/TimeMachine/results/AmazeFileManager-3.4.2-#1837-rebuilt.apk.timemachine.result.emulator-5554#2026-08-17-01-00-46/ec_files/emulator-55542026-08-17-01-23-22.ec /home/ubuntu/TimeMachine/results/AmazeFileManager-3.4.2-#1837-rebuilt.apk.timemachine.result.emulator-5554#2026-08-17-01-00-46/ec_files/emulator-55542026-08-17-01-23-34.ec /home/ubuntu/TimeMachine/results/AmazeFileManager-3.4.2-#1837-rebuilt.apk.timemachine.result.emulator-5554#2026-08-17-01-00-46/ec_files/emulator-55542026-08-17-01-23-47.ec /home/ubuntu/TimeMachine/results/AmazeFileManager-3.4.2-#1837-rebuilt.apk.timemachine.result.emulator-5554#2026-08-17-01-00-46/ec_files/emulator-55542026-08-17-01-23-58.ec /home/ubuntu/TimeMachine/results/AmazeFileManager-3.4.2-#1837-rebuilt.apk.timemachine.result.emulator-5554#2026-08-17-01-00-46/ec_files/emulator-55542026-08-17-01-24-09.ec /home/ubuntu/TimeMachine/results/AmazeFileManager-3.4.2-#1837-rebuilt.apk.timemachine.result.emulator-5554#2026-08-17-01-00-46/ec_files/emulator-55542026-08-17-01-24-28.ec /home/ubuntu/TimeMachine/results/AmazeFileManager-3.4.2-#1837-rebuilt.apk.timemachine.result.emulator-5554#2026-08-17-01-00-46/ec_files/emulator-55542026-08-17-01-24-43.ec /home/ubuntu/TimeMachine/results/AmazeFileManager-3.4.2-#1837-rebuilt.apk.timemachine.result.emulator-5554#2026-08-17-01-00-46/ec_files/emulator-55542026-08-17-01-24-56.ec /home/ubuntu/TimeMachine/results/AmazeFileManager-3.4.2-#1837-rebuilt.apk.timemachine.result.emulator-5554#2026-08-17-01-00-46/ec_files/emulator-55542026-08-17-01-25-09.ec /home/ubuntu/TimeMachine/results/AmazeFileManager-3.4.2-#1837-rebuilt.apk.timemachine.result.emulator-5554#2026-08-17-01-00-46/ec_files/emulator-55542026-08-17-01-25-20.ec /home/ubuntu/TimeMachine/results/AmazeFileManager-3.4.2-#1837-rebuilt.apk.timemachine.result.emulator-5554#2026-08-17-01-00-46/ec_files/emulator-55542026-08-17-01-25-33.ec /home/ubuntu/TimeMachine/results/AmazeFileManager-3.4.2-#1837-rebuilt.apk.timemachine.result.emulator-5554#2026-08-17-01-00-46/ec_files/emulator-55542026-08-17-01-25-44.ec /home/ubuntu/TimeMachine/results/AmazeFileManager-3.4.2-#1837-rebuilt.apk.timemachine.result.emulator-5554#2026-08-17-01-00-46/ec_files/emulator-55542026-08-17-01-25-57.ec /home/ubuntu/TimeMachine/results/AmazeFileManager-3.4.2-#1837-rebuilt.apk.timemachine.result.emulator-5554#2026-08-17-01-00-46/ec_files/emulator-55542026-08-17-01-26-15.ec /home/ubuntu/TimeMachine/results/AmazeFileManager-3.4.2-#1837-rebuilt.apk.timemachine.result.emulator-5554#2026-08-17-01-00-46/ec_files/emulator-55542026-08-17-01-26-33.ec /home/ubuntu/TimeMachine/results/AmazeFileManager-3.4.2-#1837-rebuilt.apk.timemachine.result.emulator-5554#2026-08-17-01-00-46/ec_files/emulator-55542026-08-17-01-26-46.ec /home/ubuntu/TimeMachine/results/AmazeFileManager-3.4.2-#1837-rebuilt.apk.timemachine.result.emulator-5554#2026-08-17-01-00-46/ec_files/emulator-55542026-08-17-01-27-00.ec /home/ubuntu/TimeMachine/results/AmazeFileManager-3.4.2-#1837-rebuilt.apk.timemachine.result.emulator-5554#2026-08-17-01-00-46/ec_files/emulator-55542026-08-17-01-27-16.ec /home/ubuntu/TimeMachine/results/AmazeFileManager-3.4.2-#1837-rebuilt.apk.timemachine.result.emulator-5554#2026-08-17-01-00-46/ec_files/emulator-55542026-08-17-01-27-30.ec /home/ubuntu/TimeMachine/results/AmazeFileManager-3.4.2-#1837-rebuilt.apk.timemachine.result.emulator-5554#2026-08-17-01-00-46/ec_files/emulator-55542026-08-17-01-27-46.ec
[INFO] Loading execution data file /home/ubuntu/TimeMachine/results/AmazeFileManager-3.4.2-#1837-rebuilt.apk.timemachine.result.emulator-5554#2026-08-17-01-00-46/ec_files/coveragetemp.ec.
[INFO] Loading execution data file /home/ubuntu/TimeMachine/results/AmazeFileManager-3.4.2-#1837-rebuilt.apk.timemachine.result.emulator-5554#2026-08-17-01-00-46/ec_files/emulator-55542026-08-17-01-09-02.ec.
[INFO] Loading execution data file /home/ubuntu/TimeMachine/results/AmazeFileManager-3.4.2-#1837-rebuilt.apk.timemachine.result.emulator-5554#2026-08-17-01-00-46/ec_files/emulator-55542026-08-17-01-09-05.ec.
[INFO] Loading execution data file /home/ubuntu/TimeMachine/results/AmazeFileManager-3.4.2-#1837-rebuilt.apk.timemachine.result.emulator-5554#2026-08-17-01-00-46/ec_files/emulator-55542026-08-17-01-16-12.ec.
[INFO] Loading execution data file /home/ubuntu/TimeMachine/results/AmazeFileManager-3.4.2-#1837-rebuilt.apk.timemachine.result.emulator-5554#2026-08-17-01-00-46/ec_files/emulator-55542026-08-17-01-16-28.ec.
[INFO] Loading execution data file /home/ubuntu/TimeMachine/results/AmazeFileManager-3.4.2-#1837-rebuilt.apk.timemachine.result.emulator-5554#2026-08-17-01-00-46/ec_files/emulator-55542026-08-17-01-16-41.ec.
[INFO] Loading execution data file /home/ubuntu/TimeMachine/results/AmazeFileManager-3.4.2-#1837-rebuilt.apk.timemachine.result.emulator-5554#2026-08-17-01-00-46/ec_files/emulator-55542026-08-17-01-16-55.ec.
[INFO] Loading execution data file /home/ubuntu/TimeMachine/results/AmazeFileManager-3.4.2-#1837-rebuilt.apk.timemachine.result.emulator-5554#2026-08-17-01-00-46/ec_files/emulator-55542026-08-17-01-17-06.ec.
[INFO] Loading execution data file /home/ubuntu/TimeMachine/results/AmazeFileManager-3.4.2-#1837-rebuilt.apk.timemachine.result.emulator-5554#2026-08-17-01-00-46/ec_files/emulator-55542026-08-17-01-17-18.ec.
[INFO] Loading execution data file /home/ubuntu/TimeMachine/results/AmazeFileManager-3.4.2-#1837-rebuilt.apk.timemachine.result.emulator-5554#2026-08-17-01-00-46/ec_files/emulator-55542026-08-17-01-18-42.ec.
[INFO] Loading execution data file /home/ubuntu/TimeMachine/results/AmazeFileManager-3.4.2-#1837-rebuilt.apk.timemachine.result.emulator-5554#2026-08-17-01-00-46/ec_files/emulator-55542026-08-17-01-19-37.ec.
[INFO] Loading execution data file /home/ubuntu/TimeMachine/results/AmazeFileManager-3.4.2-#1837-rebuilt.apk.timemachine.result.emulator-5554#2026-08-17-01-00-46/ec_files/emulator-55542026-08-17-01-19-48.ec.
[INFO] Loading execution data file /home/ubuntu/TimeMachine/results/AmazeFileManager-3.4.2-#1837-rebuilt.apk.timemachine.result.emulator-5554#2026-08-17-01-00-46/ec_files/emulator-55542026-08-17-01-20-06.ec.
[INFO] Loading execution data file /home/ubuntu/TimeMachine/results/AmazeFileManager-3.4.2-#1837-rebuilt.apk.timemachine.result.emulator-5554#2026-08-17-01-00-46/ec_files/emulator-55542026-08-17-01-20-22.ec.
[INFO] Loading execution data file /home/ubuntu/TimeMachine/results/AmazeFileManager-3.4.2-#1837-rebuilt.apk.timemachine.result.emulator-5554#2026-08-17-01-00-46/ec_files/emulator-55542026-08-17-01-20-37.ec.
[INFO] Loading execution data file /home/ubuntu/TimeMachine/results/AmazeFileManager-3.4.2-#1837-rebuilt.apk.timemachine.result.emulator-5554#2026-08-17-01-00-46/ec_files/emulator-55542026-08-17-01-20-50.ec.
[INFO] Loading execution data file /home/ubuntu/TimeMachine/results/AmazeFileManager-3.4.2-#1837-rebuilt.apk.timemachine.result.emulator-5554#2026-08-17-01-00-46/ec_files/emulator-55542026-08-17-01-21-08.ec.
[INFO] Loading execution data file /home/ubuntu/TimeMachine/results/AmazeFileManager-3.4.2-#1837-rebuilt.apk.timemachine.result.emulator-5554#2026-08-17-01-00-46/ec_files/emulator-55542026-08-17-01-21-20.ec.
[INFO] Loading execution data file /home/ubuntu/TimeMachine/results/AmazeFileManager-3.4.2-#1837-rebuilt.apk.timemachine.result.emulator-5554#2026-08-17-01-00-46/ec_files/emulator-55542026-08-17-01-21-33.ec.
[INFO] Loading execution data file /home/ubuntu/TimeMachine/results/AmazeFileManager-3.4.2-#1837-rebuilt.apk.timemachine.result.emulator-5554#2026-08-17-01-00-46/ec_files/emulator-55542026-08-17-01-21-46.ec.
[INFO] Loading execution data file /home/ubuntu/TimeMachine/results/AmazeFileManager-3.4.2-#1837-rebuilt.apk.timemachine.result.emulator-5554#2026-08-17-01-00-46/ec_files/emulator-55542026-08-17-01-22-01.ec.
[INFO] Loading execution data file /home/ubuntu/TimeMachine/results/AmazeFileManager-3.4.2-#1837-rebuilt.apk.timemachine.result.emulator-5554#2026-08-17-01-00-46/ec_files/emulator-55542026-08-17-01-22-12.ec.
[INFO] Loading execution data file /home/ubuntu/TimeMachine/results/AmazeFileManager-3.4.2-#1837-rebuilt.apk.timemachine.result.emulator-5554#2026-08-17-01-00-46/ec_files/emulator-55542026-08-17-01-22-27.ec.
[INFO] Loading execution data file /home/ubuntu/TimeMachine/results/AmazeFileManager-3.4.2-#1837-rebuilt.apk.timemachine.result.emulator-5554#2026-08-17-01-00-46/ec_files/emulator-55542026-08-17-01-22-41.ec.
[INFO] Loading execution data file /home/ubuntu/TimeMachine/results/AmazeFileManager-3.4.2-#1837-rebuilt.apk.timemachine.result.emulator-5554#2026-08-17-01-00-46/ec_files/emulator-55542026-08-17-01-22-51.ec.
[INFO] Loading execution data file /home/ubuntu/TimeMachine/results/AmazeFileManager-3.4.2-#1837-rebuilt.apk.timemachine.result.emulator-5554#2026-08-17-01-00-46/ec_files/emulator-55542026-08-17-01-23-08.ec.
[INFO] Loading execution data file /home/ubuntu/TimeMachine/results/AmazeFileManager-3.4.2-#1837-rebuilt.apk.timemachine.result.emulator-5554#2026-08-17-01-00-46/ec_files/emulator-55542026-08-17-01-23-22.ec.
[INFO] Loading execution data file /home/ubuntu/TimeMachine/results/AmazeFileManager-3.4.2-#1837-rebuilt.apk.timemachine.result.emulator-5554#2026-08-17-01-00-46/ec_files/emulator-55542026-08-17-01-23-34.ec.
[INFO] Loading execution data file /home/ubuntu/TimeMachine/results/AmazeFileManager-3.4.2-#1837-rebuilt.apk.timemachine.result.emulator-5554#2026-08-17-01-00-46/ec_files/emulator-55542026-08-17-01-23-47.ec.
[INFO] Loading execution data file /home/ubuntu/TimeMachine/results/AmazeFileManager-3.4.2-#1837-rebuilt.apk.timemachine.result.emulator-5554#2026-08-17-01-00-46/ec_files/emulator-55542026-08-17-01-23-58.ec.
[INFO] Loading execution data file /home/ubuntu/TimeMachine/results/AmazeFileManager-3.4.2-#1837-rebuilt.apk.timemachine.result.emulator-5554#2026-08-17-01-00-46/ec_files/emulator-55542026-08-17-01-24-09.ec.
[INFO] Loading execution data file /home/ubuntu/TimeMachine/results/AmazeFileManager-3.4.2-#1837-rebuilt.apk.timemachine.result.emulator-5554#2026-08-17-01-00-46/ec_files/emulator-55542026-08-17-01-24-28.ec.
[INFO] Loading execution data file /home/ubuntu/TimeMachine/results/AmazeFileManager-3.4.2-#1837-rebuilt.apk.timemachine.result.emulator-5554#2026-08-17-01-00-46/ec_files/emulator-55542026-08-17-01-24-43.ec.
[INFO] Loading execution data file /home/ubuntu/TimeMachine/results/AmazeFileManager-3.4.2-#1837-rebuilt.apk.timemachine.result.emulator-5554#2026-08-17-01-00-46/ec_files/emulator-55542026-08-17-01-24-56.ec.
[INFO] Loading execution data file /home/ubuntu/TimeMachine/results/AmazeFileManager-3.4.2-#1837-rebuilt.apk.timemachine.result.emulator-5554#2026-08-17-01-00-46/ec_files/emulator-55542026-08-17-01-25-09.ec.
[INFO] Loading execution data file /home/ubuntu/TimeMachine/results/AmazeFileManager-3.4.2-#1837-rebuilt.apk.timemachine.result.emulator-5554#2026-08-17-01-00-46/ec_files/emulator-55542026-08-17-01-25-20.ec.
[INFO] Loading execution data file /home/ubuntu/TimeMachine/results/AmazeFileManager-3.4.2-#1837-rebuilt.apk.timemachine.result.emulator-5554#2026-08-17-01-00-46/ec_files/emulator-55542026-08-17-01-25-33.ec.
[INFO] Loading execution data file /home/ubuntu/TimeMachine/results/AmazeFileManager-3.4.2-#1837-rebuilt.apk.timemachine.result.emulator-5554#2026-08-17-01-00-46/ec_files/emulator-55542026-08-17-01-25-44.ec.
[INFO] Loading execution data file /home/ubuntu/TimeMachine/results/AmazeFileManager-3.4.2-#1837-rebuilt.apk.timemachine.result.emulator-5554#2026-08-17-01-00-46/ec_files/emulator-55542026-08-17-01-25-57.ec.
[INFO] Loading execution data file /home/ubuntu/TimeMachine/results/AmazeFileManager-3.4.2-#1837-rebuilt.apk.timemachine.result.emulator-5554#2026-08-17-01-00-46/ec_files/emulator-55542026-08-17-01-26-15.ec.
[INFO] Loading execution data file /home/ubuntu/TimeMachine/results/AmazeFileManager-3.4.2-#1837-rebuilt.apk.timemachine.result.emulator-5554#2026-08-17-01-00-46/ec_files/emulator-55542026-08-17-01-26-33.ec.
[INFO] Loading execution data file /home/ubuntu/TimeMachine/results/AmazeFileManager-3.4.2-#1837-rebuilt.apk.timemachine.result.emulator-5554#2026-08-17-01-00-46/ec_files/emulator-55542026-08-17-01-26-46.ec.
[INFO] Loading execution data file /home/ubuntu/TimeMachine/results/AmazeFileManager-3.4.2-#1837-rebuilt.apk.timemachine.result.emulator-5554#2026-08-17-01-00-46/ec_files/emulator-55542026-08-17-01-27-00.ec.
[INFO] Loading execution data file /home/ubuntu/TimeMachine/results/AmazeFileManager-3.4.2-#1837-rebuilt.apk.timemachine.result.emulator-5554#2026-08-17-01-00-46/ec_files/emulator-55542026-08-17-01-27-16.ec.
[INFO] Loading execution data file /home/ubuntu/TimeMachine/results/AmazeFileManager-3.4.2-#1837-rebuilt.apk.timemachine.result.emulator-5554#2026-08-17-01-00-46/ec_files/emulator-55542026-08-17-01-27-30.ec.
[INFO] Loading execution data file /home/ubuntu/TimeMachine/results/AmazeFileManager-3.4.2-#1837-rebuilt.apk.timemachine.result.emulator-5554#2026-08-17-01-00-46/ec_files/emulator-55542026-08-17-01-27-46.ec.
[INFO] Analyzing 508 classes.
   
-----------
current jacoco line coverage rate: 0.199033907049
-----------
--coverage when the new state is triggered: 0.199033907049 current jacoco line coverage rate : 0.199033907049
===================> PENALIZE STATE <=====================
deque(['-1390515789', '-37785511', '-1113643644', '1906120635', '-1900321723', '1138396480', '-37785511', '1514766507', '-37785511', '682925248'], maxlen=10)
Frequent nodes 
[('183131266', <state_graph.State instance at 0x791e83bc0960>), ('-583182176', <state_graph.State instance at 0x791e88ebac80>), ('-307486232', <state_graph.State instance at 0x791e8ba52d70>), ('OOAUT', <state_graph.State instance at 0x791eaa94c230>), ('-37785511', <state_graph.State instance at 0x791e88361e60>), ('1893074188', <state_graph.State instance at 0x791e88307c80>), ('-1433637423', <state_graph.State instance at 0x791e88132e10>), ('820917904', <state_graph.State instance at 0x791e8ac3f3c0>), ('-1556411559', <state_graph.State instance at 0x791e88ebad70>)]
the portion to the top 20% most frequent states: 0.125
Frequent nodes 
[('183131266', <state_graph.State instance at 0x791e83bc0960>), ('-583182176', <state_graph.State instance at 0x791e88ebac80>), ('-307486232', <state_graph.State instance at 0x791e8ba52d70>), ('OOAUT', <state_graph.State instance at 0x791eaa94c230>), ('-37785511', <state_graph.State instance at 0x791e88361e60>), ('1893074188', <state_graph.State instance at 0x791e88307c80>), ('-1433637423', <state_graph.State instance at 0x791e88132e10>), ('820917904', <state_graph.State instance at 0x791e8ac3f3c0>), ('-1556411559', <state_graph.State instance at 0x791e88ebad70>)]
--extracted id: 682925248  num_controllable_widgets: 15
--event num: 1
--extracted id: -37785511  num_controllable_widgets: 0
--transiton occurs
--the state -37785511  exists
===================> PENALIZE STATE <=====================
deque(['-37785511', '-1113643644', '1906120635', '-1900321723', '1138396480', '-37785511', '1514766507', '-37785511', '682925248', '-37785511'], maxlen=10)
Frequent nodes 
[('183131266', <state_graph.State instance at 0x791e83bc0960>), ('-583182176', <state_graph.State instance at 0x791e88ebac80>), ('-37785511', <state_graph.State instance at 0x791e88361e60>), ('-307486232', <state_graph.State instance at 0x791e8ba52d70>), ('OOAUT', <state_graph.State instance at 0x791eaa94c230>), ('1893074188', <state_graph.State instance at 0x791e88307c80>), ('-1433637423', <state_graph.State instance at 0x791e88132e10>), ('820917904', <state_graph.State instance at 0x791e8ac3f3c0>), ('-1556411559', <state_graph.State instance at 0x791e88ebad70>)]
the portion to the top 20% most frequent states: 0.142857142857
Frequent nodes 
[('183131266', <state_graph.State instance at 0x791e83bc0960>), ('-583182176', <state_graph.State instance at 0x791e88ebac80>), ('-37785511', <state_graph.State instance at 0x791e88361e60>), ('-307486232', <state_graph.State instance at 0x791e8ba52d70>), ('OOAUT', <state_graph.State instance at 0x791eaa94c230>), ('1893074188', <state_graph.State instance at 0x791e88307c80>), ('-1433637423', <state_graph.State instance at 0x791e88132e10>), ('820917904', <state_graph.State instance at 0x791e8ac3f3c0>), ('-1556411559', <state_graph.State instance at 0x791e88ebad70>)]
--extracted id: -856995759  num_controllable_widgets: 22
--transiton occurs
--a new state is triggered and add -856995759 into the state graph.
get_jacoco_coverage- return code:  output: Broadcasting: Intent { act=edu.gatech.m3.emma.COLLECT_COVERAGE }
Broadcast completed: result=0
---
[COVERAGE FILE EXIST?]
coverage.ec
---
---
[VALIDATE COVERAGE FILE]$ java -jar /home/ubuntu/TimeMachine/fuzzingandroid/libs/jacococli.jar report /home/ubuntu/TimeMachine/results/AmazeFileManager-3.4.2-#1837-rebuilt.apk.timemachine.result.emulator-5554#2026-08-17-01-00-46/ec_files/emulator-55542026-08-17-01-28-00.ec  --classfiles /home/ubuntu/TimeMachine/instrumented_apps/AmazeFileManager/AmazeFileManager-#1837/app/build/intermediates/javac/fdroidDebug/classes/ --classfiles /home/ubuntu/TimeMachine/instrumented_apps/AmazeFileManager/AmazeFileManager-#1837/commons_compress_7z/build/intermediates/javac/debug/classes/ --sourcefiles /home/ubuntu/TimeMachine/instrumented_apps/AmazeFileManager/AmazeFileManager-#1837/app/src/main/java/ --sourcefiles /home/ubuntu/TimeMachine/instrumented_apps/AmazeFileManager/AmazeFileManager-#1837/commons_compress_7z/src/main/java/ &> temp
---
---
[VALIDATE MESSAGE]
---
SUCCESS: coverage file is valid!
[INFO] Loading execution data file /home/ubuntu/TimeMachine/results/AmazeFileManager-3.4.2-#1837-rebuilt.apk.timemachine.result.emulator-5554#2026-08-17-01-00-46/ec_files/emulator-55542026-08-17-01-28-00.ec.
[INFO] Analyzing 508 classes.
 /sdcard/coverage.ec: 1 file pulled, 0 skipped. 0.0 MB/s (2939 bytes in 0.060s)
 
compute_coverage-return code:  output: /home/ubuntu/TimeMachine/results/AmazeFileManager-3.4.2-#1837-rebuilt.apk.timemachine.result.emulator-5554#2026-08-17-01-00-46/ec_files/coveragetemp.ec /home/ubuntu/TimeMachine/results/AmazeFileManager-3.4.2-#1837-rebuilt.apk.timemachine.result.emulator-5554#2026-08-17-01-00-46/ec_files/emulator-55542026-08-17-01-09-02.ec /home/ubuntu/TimeMachine/results/AmazeFileManager-3.4.2-#1837-rebuilt.apk.timemachine.result.emulator-5554#2026-08-17-01-00-46/ec_files/emulator-55542026-08-17-01-09-05.ec /home/ubuntu/TimeMachine/results/AmazeFileManager-3.4.2-#1837-rebuilt.apk.timemachine.result.emulator-5554#2026-08-17-01-00-46/ec_files/emulator-55542026-08-17-01-16-12.ec /home/ubuntu/TimeMachine/results/AmazeFileManager-3.4.2-#1837-rebuilt.apk.timemachine.result.emulator-5554#2026-08-17-01-00-46/ec_files/emulator-55542026-08-17-01-16-28.ec /home/ubuntu/TimeMachine/results/AmazeFileManager-3.4.2-#1837-rebuilt.apk.timemachine.result.emulator-5554#2026-08-17-01-00-46/ec_files/emulator-55542026-08-17-01-16-41.ec /home/ubuntu/TimeMachine/results/AmazeFileManager-3.4.2-#1837-rebuilt.apk.timemachine.result.emulator-5554#2026-08-17-01-00-46/ec_files/emulator-55542026-08-17-01-16-55.ec /home/ubuntu/TimeMachine/results/AmazeFileManager-3.4.2-#1837-rebuilt.apk.timemachine.result.emulator-5554#2026-08-17-01-00-46/ec_files/emulator-55542026-08-17-01-17-06.ec /home/ubuntu/TimeMachine/results/AmazeFileManager-3.4.2-#1837-rebuilt.apk.timemachine.result.emulator-5554#2026-08-17-01-00-46/ec_files/emulator-55542026-08-17-01-17-18.ec /home/ubuntu/TimeMachine/results/AmazeFileManager-3.4.2-#1837-rebuilt.apk.timemachine.result.emulator-5554#2026-08-17-01-00-46/ec_files/emulator-55542026-08-17-01-18-42.ec /home/ubuntu/TimeMachine/results/AmazeFileManager-3.4.2-#1837-rebuilt.apk.timemachine.result.emulator-5554#2026-08-17-01-00-46/ec_files/emulator-55542026-08-17-01-19-37.ec /home/ubuntu/TimeMachine/results/AmazeFileManager-3.4.2-#1837-rebuilt.apk.timemachine.result.emulator-5554#2026-08-17-01-00-46/ec_files/emulator-55542026-08-17-01-19-48.ec /home/ubuntu/TimeMachine/results/AmazeFileManager-3.4.2-#1837-rebuilt.apk.timemachine.result.emulator-5554#2026-08-17-01-00-46/ec_files/emulator-55542026-08-17-01-20-06.ec /home/ubuntu/TimeMachine/results/AmazeFileManager-3.4.2-#1837-rebuilt.apk.timemachine.result.emulator-5554#2026-08-17-01-00-46/ec_files/emulator-55542026-08-17-01-20-22.ec /home/ubuntu/TimeMachine/results/AmazeFileManager-3.4.2-#1837-rebuilt.apk.timemachine.result.emulator-5554#2026-08-17-01-00-46/ec_files/emulator-55542026-08-17-01-20-37.ec /home/ubuntu/TimeMachine/results/AmazeFileManager-3.4.2-#1837-rebuilt.apk.timemachine.result.emulator-5554#2026-08-17-01-00-46/ec_files/emulator-55542026-08-17-01-20-50.ec /home/ubuntu/TimeMachine/results/AmazeFileManager-3.4.2-#1837-rebuilt.apk.timemachine.result.emulator-5554#2026-08-17-01-00-46/ec_files/emulator-55542026-08-17-01-21-08.ec /home/ubuntu/TimeMachine/results/AmazeFileManager-3.4.2-#1837-rebuilt.apk.timemachine.result.emulator-5554#2026-08-17-01-00-46/ec_files/emulator-55542026-08-17-01-21-20.ec /home/ubuntu/TimeMachine/results/AmazeFileManager-3.4.2-#1837-rebuilt.apk.timemachine.result.emulator-5554#2026-08-17-01-00-46/ec_files/emulator-55542026-08-17-01-21-33.ec /home/ubuntu/TimeMachine/results/AmazeFileManager-3.4.2-#1837-rebuilt.apk.timemachine.result.emulator-5554#2026-08-17-01-00-46/ec_files/emulator-55542026-08-17-01-21-46.ec /home/ubuntu/TimeMachine/results/AmazeFileManager-3.4.2-#1837-rebuilt.apk.timemachine.result.emulator-5554#2026-08-17-01-00-46/ec_files/emulator-55542026-08-17-01-22-01.ec /home/ubuntu/TimeMachine/results/AmazeFileManager-3.4.2-#1837-rebuilt.apk.timemachine.result.emulator-5554#2026-08-17-01-00-46/ec_files/emulator-55542026-08-17-01-22-12.ec /home/ubuntu/TimeMachine/results/AmazeFileManager-3.4.2-#1837-rebuilt.apk.timemachine.result.emulator-5554#2026-08-17-01-00-46/ec_files/emulator-55542026-08-17-01-22-27.ec /home/ubuntu/TimeMachine/results/AmazeFileManager-3.4.2-#1837-rebuilt.apk.timemachine.result.emulator-5554#2026-08-17-01-00-46/ec_files/emulator-55542026-08-17-01-22-41.ec /home/ubuntu/TimeMachine/results/AmazeFileManager-3.4.2-#1837-rebuilt.apk.timemachine.result.emulator-5554#2026-08-17-01-00-46/ec_files/emulator-55542026-08-17-01-22-51.ec /home/ubuntu/TimeMachine/results/AmazeFileManager-3.4.2-#1837-rebuilt.apk.timemachine.result.emulator-5554#2026-08-17-01-00-46/ec_files/emulator-55542026-08-17-01-23-08.ec /home/ubuntu/TimeMachine/results/AmazeFileManager-3.4.2-#1837-rebuilt.apk.timemachine.result.emulator-5554#2026-08-17-01-00-46/ec_files/emulator-55542026-08-17-01-23-22.ec /home/ubuntu/TimeMachine/results/AmazeFileManager-3.4.2-#1837-rebuilt.apk.timemachine.result.emulator-5554#2026-08-17-01-00-46/ec_files/emulator-55542026-08-17-01-23-34.ec /home/ubuntu/TimeMachine/results/AmazeFileManager-3.4.2-#1837-rebuilt.apk.timemachine.result.emulator-5554#2026-08-17-01-00-46/ec_files/emulator-55542026-08-17-01-23-47.ec /home/ubuntu/TimeMachine/results/AmazeFileManager-3.4.2-#1837-rebuilt.apk.timemachine.result.emulator-5554#2026-08-17-01-00-46/ec_files/emulator-55542026-08-17-01-23-58.ec /home/ubuntu/TimeMachine/results/AmazeFileManager-3.4.2-#1837-rebuilt.apk.timemachine.result.emulator-5554#2026-08-17-01-00-46/ec_files/emulator-55542026-08-17-01-24-09.ec /home/ubuntu/TimeMachine/results/AmazeFileManager-3.4.2-#1837-rebuilt.apk.timemachine.result.emulator-5554#2026-08-17-01-00-46/ec_files/emulator-55542026-08-17-01-24-28.ec /home/ubuntu/TimeMachine/results/AmazeFileManager-3.4.2-#1837-rebuilt.apk.timemachine.result.emulator-5554#2026-08-17-01-00-46/ec_files/emulator-55542026-08-17-01-24-43.ec /home/ubuntu/TimeMachine/results/AmazeFileManager-3.4.2-#1837-rebuilt.apk.timemachine.result.emulator-5554#2026-08-17-01-00-46/ec_files/emulator-55542026-08-17-01-24-56.ec /home/ubuntu/TimeMachine/results/AmazeFileManager-3.4.2-#1837-rebuilt.apk.timemachine.result.emulator-5554#2026-08-17-01-00-46/ec_files/emulator-55542026-08-17-01-25-09.ec /home/ubuntu/TimeMachine/results/AmazeFileManager-3.4.2-#1837-rebuilt.apk.timemachine.result.emulator-5554#2026-08-17-01-00-46/ec_files/emulator-55542026-08-17-01-25-20.ec /home/ubuntu/TimeMachine/results/AmazeFileManager-3.4.2-#1837-rebuilt.apk.timemachine.result.emulator-5554#2026-08-17-01-00-46/ec_files/emulator-55542026-08-17-01-25-33.ec /home/ubuntu/TimeMachine/results/AmazeFileManager-3.4.2-#1837-rebuilt.apk.timemachine.result.emulator-5554#2026-08-17-01-00-46/ec_files/emulator-55542026-08-17-01-25-44.ec /home/ubuntu/TimeMachine/results/AmazeFileManager-3.4.2-#1837-rebuilt.apk.timemachine.result.emulator-5554#2026-08-17-01-00-46/ec_files/emulator-55542026-08-17-01-25-57.ec /home/ubuntu/TimeMachine/results/AmazeFileManager-3.4.2-#1837-rebuilt.apk.timemachine.result.emulator-5554#2026-08-17-01-00-46/ec_files/emulator-55542026-08-17-01-26-15.ec /home/ubuntu/TimeMachine/results/AmazeFileManager-3.4.2-#1837-rebuilt.apk.timemachine.result.emulator-5554#2026-08-17-01-00-46/ec_files/emulator-55542026-08-17-01-26-33.ec /home/ubuntu/TimeMachine/results/AmazeFileManager-3.4.2-#1837-rebuilt.apk.timemachine.result.emulator-5554#2026-08-17-01-00-46/ec_files/emulator-55542026-08-17-01-26-46.ec /home/ubuntu/TimeMachine/results/AmazeFileManager-3.4.2-#1837-rebuilt.apk.timemachine.result.emulator-5554#2026-08-17-01-00-46/ec_files/emulator-55542026-08-17-01-27-00.ec /home/ubuntu/TimeMachine/results/AmazeFileManager-3.4.2-#1837-rebuilt.apk.timemachine.result.emulator-5554#2026-08-17-01-00-46/ec_files/emulator-55542026-08-17-01-27-16.ec /home/ubuntu/TimeMachine/results/AmazeFileManager-3.4.2-#1837-rebuilt.apk.timemachine.result.emulator-5554#2026-08-17-01-00-46/ec_files/emulator-55542026-08-17-01-27-30.ec /home/ubuntu/TimeMachine/results/AmazeFileManager-3.4.2-#1837-rebuilt.apk.timemachine.result.emulator-5554#2026-08-17-01-00-46/ec_files/emulator-55542026-08-17-01-27-46.ec /home/ubuntu/TimeMachine/results/AmazeFileManager-3.4.2-#1837-rebuilt.apk.timemachine.result.emulator-5554#2026-08-17-01-00-46/ec_files/emulator-55542026-08-17-01-28-00.ec
[INFO] Loading execution data file /home/ubuntu/TimeMachine/results/AmazeFileManager-3.4.2-#1837-rebuilt.apk.timemachine.result.emulator-5554#2026-08-17-01-00-46/ec_files/coveragetemp.ec.
[INFO] Loading execution data file /home/ubuntu/TimeMachine/results/AmazeFileManager-3.4.2-#1837-rebuilt.apk.timemachine.result.emulator-5554#2026-08-17-01-00-46/ec_files/emulator-55542026-08-17-01-09-02.ec.
[INFO] Loading execution data file /home/ubuntu/TimeMachine/results/AmazeFileManager-3.4.2-#1837-rebuilt.apk.timemachine.result.emulator-5554#2026-08-17-01-00-46/ec_files/emulator-55542026-08-17-01-09-05.ec.
[INFO] Loading execution data file /home/ubuntu/TimeMachine/results/AmazeFileManager-3.4.2-#1837-rebuilt.apk.timemachine.result.emulator-5554#2026-08-17-01-00-46/ec_files/emulator-55542026-08-17-01-16-12.ec.
[INFO] Loading execution data file /home/ubuntu/TimeMachine/results/AmazeFileManager-3.4.2-#1837-rebuilt.apk.timemachine.result.emulator-5554#2026-08-17-01-00-46/ec_files/emulator-55542026-08-17-01-16-28.ec.
[INFO] Loading execution data file /home/ubuntu/TimeMachine/results/AmazeFileManager-3.4.2-#1837-rebuilt.apk.timemachine.result.emulator-5554#2026-08-17-01-00-46/ec_files/emulator-55542026-08-17-01-16-41.ec.
[INFO] Loading execution data file /home/ubuntu/TimeMachine/results/AmazeFileManager-3.4.2-#1837-rebuilt.apk.timemachine.result.emulator-5554#2026-08-17-01-00-46/ec_files/emulator-55542026-08-17-01-16-55.ec.
[INFO] Loading execution data file /home/ubuntu/TimeMachine/results/AmazeFileManager-3.4.2-#1837-rebuilt.apk.timemachine.result.emulator-5554#2026-08-17-01-00-46/ec_files/emulator-55542026-08-17-01-17-06.ec.
[INFO] Loading execution data file /home/ubuntu/TimeMachine/results/AmazeFileManager-3.4.2-#1837-rebuilt.apk.timemachine.result.emulator-5554#2026-08-17-01-00-46/ec_files/emulator-55542026-08-17-01-17-18.ec.
[INFO] Loading execution data file /home/ubuntu/TimeMachine/results/AmazeFileManager-3.4.2-#1837-rebuilt.apk.timemachine.result.emulator-5554#2026-08-17-01-00-46/ec_files/emulator-55542026-08-17-01-18-42.ec.
[INFO] Loading execution data file /home/ubuntu/TimeMachine/results/AmazeFileManager-3.4.2-#1837-rebuilt.apk.timemachine.result.emulator-5554#2026-08-17-01-00-46/ec_files/emulator-55542026-08-17-01-19-37.ec.
[INFO] Loading execution data file /home/ubuntu/TimeMachine/results/AmazeFileManager-3.4.2-#1837-rebuilt.apk.timemachine.result.emulator-5554#2026-08-17-01-00-46/ec_files/emulator-55542026-08-17-01-19-48.ec.
[INFO] Loading execution data file /home/ubuntu/TimeMachine/results/AmazeFileManager-3.4.2-#1837-rebuilt.apk.timemachine.result.emulator-5554#2026-08-17-01-00-46/ec_files/emulator-55542026-08-17-01-20-06.ec.
[INFO] Loading execution data file /home/ubuntu/TimeMachine/results/AmazeFileManager-3.4.2-#1837-rebuilt.apk.timemachine.result.emulator-5554#2026-08-17-01-00-46/ec_files/emulator-55542026-08-17-01-20-22.ec.
[INFO] Loading execution data file /home/ubuntu/TimeMachine/results/AmazeFileManager-3.4.2-#1837-rebuilt.apk.timemachine.result.emulator-5554#2026-08-17-01-00-46/ec_files/emulator-55542026-08-17-01-20-37.ec.
[INFO] Loading execution data file /home/ubuntu/TimeMachine/results/AmazeFileManager-3.4.2-#1837-rebuilt.apk.timemachine.result.emulator-5554#2026-08-17-01-00-46/ec_files/emulator-55542026-08-17-01-20-50.ec.
[INFO] Loading execution data file /home/ubuntu/TimeMachine/results/AmazeFileManager-3.4.2-#1837-rebuilt.apk.timemachine.result.emulator-5554#2026-08-17-01-00-46/ec_files/emulator-55542026-08-17-01-21-08.ec.
[INFO] Loading execution data file /home/ubuntu/TimeMachine/results/AmazeFileManager-3.4.2-#1837-rebuilt.apk.timemachine.result.emulator-5554#2026-08-17-01-00-46/ec_files/emulator-55542026-08-17-01-21-20.ec.
[INFO] Loading execution data file /home/ubuntu/TimeMachine/results/AmazeFileManager-3.4.2-#1837-rebuilt.apk.timemachine.result.emulator-5554#2026-08-17-01-00-46/ec_files/emulator-55542026-08-17-01-21-33.ec.
[INFO] Loading execution data file /home/ubuntu/TimeMachine/results/AmazeFileManager-3.4.2-#1837-rebuilt.apk.timemachine.result.emulator-5554#2026-08-17-01-00-46/ec_files/emulator-55542026-08-17-01-21-46.ec.
[INFO] Loading execution data file /home/ubuntu/TimeMachine/results/AmazeFileManager-3.4.2-#1837-rebuilt.apk.timemachine.result.emulator-5554#2026-08-17-01-00-46/ec_files/emulator-55542026-08-17-01-22-01.ec.
[INFO] Loading execution data file /home/ubuntu/TimeMachine/results/AmazeFileManager-3.4.2-#1837-rebuilt.apk.timemachine.result.emulator-5554#2026-08-17-01-00-46/ec_files/emulator-55542026-08-17-01-22-12.ec.
[INFO] Loading execution data file /home/ubuntu/TimeMachine/results/AmazeFileManager-3.4.2-#1837-rebuilt.apk.timemachine.result.emulator-5554#2026-08-17-01-00-46/ec_files/emulator-55542026-08-17-01-22-27.ec.
[INFO] Loading execution data file /home/ubuntu/TimeMachine/results/AmazeFileManager-3.4.2-#1837-rebuilt.apk.timemachine.result.emulator-5554#2026-08-17-01-00-46/ec_files/emulator-55542026-08-17-01-22-41.ec.
[INFO] Loading execution data file /home/ubuntu/TimeMachine/results/AmazeFileManager-3.4.2-#1837-rebuilt.apk.timemachine.result.emulator-5554#2026-08-17-01-00-46/ec_files/emulator-55542026-08-17-01-22-51.ec.
[INFO] Loading execution data file /home/ubuntu/TimeMachine/results/AmazeFileManager-3.4.2-#1837-rebuilt.apk.timemachine.result.emulator-5554#2026-08-17-01-00-46/ec_files/emulator-55542026-08-17-01-23-08.ec.
[INFO] Loading execution data file /home/ubuntu/TimeMachine/results/AmazeFileManager-3.4.2-#1837-rebuilt.apk.timemachine.result.emulator-5554#2026-08-17-01-00-46/ec_files/emulator-55542026-08-17-01-23-22.ec.
[INFO] Loading execution data file /home/ubuntu/TimeMachine/results/AmazeFileManager-3.4.2-#1837-rebuilt.apk.timemachine.result.emulator-5554#2026-08-17-01-00-46/ec_files/emulator-55542026-08-17-01-23-34.ec.
[INFO] Loading execution data file /home/ubuntu/TimeMachine/results/AmazeFileManager-3.4.2-#1837-rebuilt.apk.timemachine.result.emulator-5554#2026-08-17-01-00-46/ec_files/emulator-55542026-08-17-01-23-47.ec.
[INFO] Loading execution data file /home/ubuntu/TimeMachine/results/AmazeFileManager-3.4.2-#1837-rebuilt.apk.timemachine.result.emulator-5554#2026-08-17-01-00-46/ec_files/emulator-55542026-08-17-01-23-58.ec.
[INFO] Loading execution data file /home/ubuntu/TimeMachine/results/AmazeFileManager-3.4.2-#1837-rebuilt.apk.timemachine.result.emulator-5554#2026-08-17-01-00-46/ec_files/emulator-55542026-08-17-01-24-09.ec.
[INFO] Loading execution data file /home/ubuntu/TimeMachine/results/AmazeFileManager-3.4.2-#1837-rebuilt.apk.timemachine.result.emulator-5554#2026-08-17-01-00-46/ec_files/emulator-55542026-08-17-01-24-28.ec.
[INFO] Loading execution data file /home/ubuntu/TimeMachine/results/AmazeFileManager-3.4.2-#1837-rebuilt.apk.timemachine.result.emulator-5554#2026-08-17-01-00-46/ec_files/emulator-55542026-08-17-01-24-43.ec.
[INFO] Loading execution data file /home/ubuntu/TimeMachine/results/AmazeFileManager-3.4.2-#1837-rebuilt.apk.timemachine.result.emulator-5554#2026-08-17-01-00-46/ec_files/emulator-55542026-08-17-01-24-56.ec.
[INFO] Loading execution data file /home/ubuntu/TimeMachine/results/AmazeFileManager-3.4.2-#1837-rebuilt.apk.timemachine.result.emulator-5554#2026-08-17-01-00-46/ec_files/emulator-55542026-08-17-01-25-09.ec.
[INFO] Loading execution data file /home/ubuntu/TimeMachine/results/AmazeFileManager-3.4.2-#1837-rebuilt.apk.timemachine.result.emulator-5554#2026-08-17-01-00-46/ec_files/emulator-55542026-08-17-01-25-20.ec.
[INFO] Loading execution data file /home/ubuntu/TimeMachine/results/AmazeFileManager-3.4.2-#1837-rebuilt.apk.timemachine.result.emulator-5554#2026-08-17-01-00-46/ec_files/emulator-55542026-08-17-01-25-33.ec.
[INFO] Loading execution data file /home/ubuntu/TimeMachine/results/AmazeFileManager-3.4.2-#1837-rebuilt.apk.timemachine.result.emulator-5554#2026-08-17-01-00-46/ec_files/emulator-55542026-08-17-01-25-44.ec.
[INFO] Loading execution data file /home/ubuntu/TimeMachine/results/AmazeFileManager-3.4.2-#1837-rebuilt.apk.timemachine.result.emulator-5554#2026-08-17-01-00-46/ec_files/emulator-55542026-08-17-01-25-57.ec.
[INFO] Loading execution data file /home/ubuntu/TimeMachine/results/AmazeFileManager-3.4.2-#1837-rebuilt.apk.timemachine.result.emulator-5554#2026-08-17-01-00-46/ec_files/emulator-55542026-08-17-01-26-15.ec.
[INFO] Loading execution data file /home/ubuntu/TimeMachine/results/AmazeFileManager-3.4.2-#1837-rebuilt.apk.timemachine.result.emulator-5554#2026-08-17-01-00-46/ec_files/emulator-55542026-08-17-01-26-33.ec.
[INFO] Loading execution data file /home/ubuntu/TimeMachine/results/AmazeFileManager-3.4.2-#1837-rebuilt.apk.timemachine.result.emulator-5554#2026-08-17-01-00-46/ec_files/emulator-55542026-08-17-01-26-46.ec.
[INFO] Loading execution data file /home/ubuntu/TimeMachine/results/AmazeFileManager-3.4.2-#1837-rebuilt.apk.timemachine.result.emulator-5554#2026-08-17-01-00-46/ec_files/emulator-55542026-08-17-01-27-00.ec.
[INFO] Loading execution data file /home/ubuntu/TimeMachine/results/AmazeFileManager-3.4.2-#1837-rebuilt.apk.timemachine.result.emulator-5554#2026-08-17-01-00-46/ec_files/emulator-55542026-08-17-01-27-16.ec.
[INFO] Loading execution data file /home/ubuntu/TimeMachine/results/AmazeFileManager-3.4.2-#1837-rebuilt.apk.timemachine.result.emulator-5554#2026-08-17-01-00-46/ec_files/emulator-55542026-08-17-01-27-30.ec.
[INFO] Loading execution data file /home/ubuntu/TimeMachine/results/AmazeFileManager-3.4.2-#1837-rebuilt.apk.timemachine.result.emulator-5554#2026-08-17-01-00-46/ec_files/emulator-55542026-08-17-01-27-46.ec.
[INFO] Loading execution data file /home/ubuntu/TimeMachine/results/AmazeFileManager-3.4.2-#1837-rebuilt.apk.timemachine.result.emulator-5554#2026-08-17-01-00-46/ec_files/emulator-55542026-08-17-01-28-00.ec.
[INFO] Analyzing 508 classes.
   
-----------
current jacoco line coverage rate: 0.199033907049
-----------
--coverage when the new state is triggered: 0.199033907049 current jacoco line coverage rate : 0.199033907049
===================> PENALIZE STATE <=====================
deque(['-1113643644', '1906120635', '-1900321723', '1138396480', '-37785511', '1514766507', '-37785511', '682925248', '-37785511', '-856995759'], maxlen=10)
Frequent nodes 
[('183131266', <state_graph.State instance at 0x791e83bc0960>), ('-583182176', <state_graph.State instance at 0x791e88ebac80>), ('-37785511', <state_graph.State instance at 0x791e88361e60>), ('-307486232', <state_graph.State instance at 0x791e8ba52d70>), ('OOAUT', <state_graph.State instance at 0x791eaa94c230>), ('1893074188', <state_graph.State instance at 0x791e88307c80>), ('-1433637423', <state_graph.State instance at 0x791e88132e10>), ('820917904', <state_graph.State instance at 0x791e8ac3f3c0>), ('-1556411559', <state_graph.State instance at 0x791e88ebad70>)]
the portion to the top 20% most frequent states: 0.125
Frequent nodes 
[('183131266', <state_graph.State instance at 0x791e83bc0960>), ('-583182176', <state_graph.State instance at 0x791e88ebac80>), ('-37785511', <state_graph.State instance at 0x791e88361e60>), ('-307486232', <state_graph.State instance at 0x791e8ba52d70>), ('OOAUT', <state_graph.State instance at 0x791eaa94c230>), ('1893074188', <state_graph.State instance at 0x791e88307c80>), ('-1433637423', <state_graph.State instance at 0x791e88132e10>), ('820917904', <state_graph.State instance at 0x791e8ac3f3c0>), ('-1556411559', <state_graph.State instance at 0x791e88ebad70>)]
--extracted id: -856995759  num_controllable_widgets: 22
--event num: 1
--extracted id: 707352327  num_controllable_widgets: 11
--transiton occurs
--a new state is triggered and add 707352327 into the state graph.
get_jacoco_coverage- return code:  output: Broadcasting: Intent { act=edu.gatech.m3.emma.COLLECT_COVERAGE }
Broadcast completed: result=0
---
[COVERAGE FILE EXIST?]
coverage.ec
---
---
[VALIDATE COVERAGE FILE]$ java -jar /home/ubuntu/TimeMachine/fuzzingandroid/libs/jacococli.jar report /home/ubuntu/TimeMachine/results/AmazeFileManager-3.4.2-#1837-rebuilt.apk.timemachine.result.emulator-5554#2026-08-17-01-00-46/ec_files/emulator-55542026-08-17-01-28-14.ec  --classfiles /home/ubuntu/TimeMachine/instrumented_apps/AmazeFileManager/AmazeFileManager-#1837/app/build/intermediates/javac/fdroidDebug/classes/ --classfiles /home/ubuntu/TimeMachine/instrumented_apps/AmazeFileManager/AmazeFileManager-#1837/commons_compress_7z/build/intermediates/javac/debug/classes/ --sourcefiles /home/ubuntu/TimeMachine/instrumented_apps/AmazeFileManager/AmazeFileManager-#1837/app/src/main/java/ --sourcefiles /home/ubuntu/TimeMachine/instrumented_apps/AmazeFileManager/AmazeFileManager-#1837/commons_compress_7z/src/main/java/ &> temp
---
---
[VALIDATE MESSAGE]
---
SUCCESS: coverage file is valid!
[INFO] Loading execution data file /home/ubuntu/TimeMachine/results/AmazeFileManager-3.4.2-#1837-rebuilt.apk.timemachine.result.emulator-5554#2026-08-17-01-00-46/ec_files/emulator-55542026-08-17-01-28-14.ec.
[INFO] Analyzing 508 classes.
 /sdcard/coverage.ec: 1 file pulled, 0 skipped. 0.0 MB/s (1600 bytes in 0.061s)
 
compute_coverage-return code:  output: /home/ubuntu/TimeMachine/results/AmazeFileManager-3.4.2-#1837-rebuilt.apk.timemachine.result.emulator-5554#2026-08-17-01-00-46/ec_files/coveragetemp.ec /home/ubuntu/TimeMachine/results/AmazeFileManager-3.4.2-#1837-rebuilt.apk.timemachine.result.emulator-5554#2026-08-17-01-00-46/ec_files/emulator-55542026-08-17-01-09-02.ec /home/ubuntu/TimeMachine/results/AmazeFileManager-3.4.2-#1837-rebuilt.apk.timemachine.result.emulator-5554#2026-08-17-01-00-46/ec_files/emulator-55542026-08-17-01-09-05.ec /home/ubuntu/TimeMachine/results/AmazeFileManager-3.4.2-#1837-rebuilt.apk.timemachine.result.emulator-5554#2026-08-17-01-00-46/ec_files/emulator-55542026-08-17-01-16-12.ec /home/ubuntu/TimeMachine/results/AmazeFileManager-3.4.2-#1837-rebuilt.apk.timemachine.result.emulator-5554#2026-08-17-01-00-46/ec_files/emulator-55542026-08-17-01-16-28.ec /home/ubuntu/TimeMachine/results/AmazeFileManager-3.4.2-#1837-rebuilt.apk.timemachine.result.emulator-5554#2026-08-17-01-00-46/ec_files/emulator-55542026-08-17-01-16-41.ec /home/ubuntu/TimeMachine/results/AmazeFileManager-3.4.2-#1837-rebuilt.apk.timemachine.result.emulator-5554#2026-08-17-01-00-46/ec_files/emulator-55542026-08-17-01-16-55.ec /home/ubuntu/TimeMachine/results/AmazeFileManager-3.4.2-#1837-rebuilt.apk.timemachine.result.emulator-5554#2026-08-17-01-00-46/ec_files/emulator-55542026-08-17-01-17-06.ec /home/ubuntu/TimeMachine/results/AmazeFileManager-3.4.2-#1837-rebuilt.apk.timemachine.result.emulator-5554#2026-08-17-01-00-46/ec_files/emulator-55542026-08-17-01-17-18.ec /home/ubuntu/TimeMachine/results/AmazeFileManager-3.4.2-#1837-rebuilt.apk.timemachine.result.emulator-5554#2026-08-17-01-00-46/ec_files/emulator-55542026-08-17-01-18-42.ec /home/ubuntu/TimeMachine/results/AmazeFileManager-3.4.2-#1837-rebuilt.apk.timemachine.result.emulator-5554#2026-08-17-01-00-46/ec_files/emulator-55542026-08-17-01-19-37.ec /home/ubuntu/TimeMachine/results/AmazeFileManager-3.4.2-#1837-rebuilt.apk.timemachine.result.emulator-5554#2026-08-17-01-00-46/ec_files/emulator-55542026-08-17-01-19-48.ec /home/ubuntu/TimeMachine/results/AmazeFileManager-3.4.2-#1837-rebuilt.apk.timemachine.result.emulator-5554#2026-08-17-01-00-46/ec_files/emulator-55542026-08-17-01-20-06.ec /home/ubuntu/TimeMachine/results/AmazeFileManager-3.4.2-#1837-rebuilt.apk.timemachine.result.emulator-5554#2026-08-17-01-00-46/ec_files/emulator-55542026-08-17-01-20-22.ec /home/ubuntu/TimeMachine/results/AmazeFileManager-3.4.2-#1837-rebuilt.apk.timemachine.result.emulator-5554#2026-08-17-01-00-46/ec_files/emulator-55542026-08-17-01-20-37.ec /home/ubuntu/TimeMachine/results/AmazeFileManager-3.4.2-#1837-rebuilt.apk.timemachine.result.emulator-5554#2026-08-17-01-00-46/ec_files/emulator-55542026-08-17-01-20-50.ec /home/ubuntu/TimeMachine/results/AmazeFileManager-3.4.2-#1837-rebuilt.apk.timemachine.result.emulator-5554#2026-08-17-01-00-46/ec_files/emulator-55542026-08-17-01-21-08.ec /home/ubuntu/TimeMachine/results/AmazeFileManager-3.4.2-#1837-rebuilt.apk.timemachine.result.emulator-5554#2026-08-17-01-00-46/ec_files/emulator-55542026-08-17-01-21-20.ec /home/ubuntu/TimeMachine/results/AmazeFileManager-3.4.2-#1837-rebuilt.apk.timemachine.result.emulator-5554#2026-08-17-01-00-46/ec_files/emulator-55542026-08-17-01-21-33.ec /home/ubuntu/TimeMachine/results/AmazeFileManager-3.4.2-#1837-rebuilt.apk.timemachine.result.emulator-5554#2026-08-17-01-00-46/ec_files/emulator-55542026-08-17-01-21-46.ec /home/ubuntu/TimeMachine/results/AmazeFileManager-3.4.2-#1837-rebuilt.apk.timemachine.result.emulator-5554#2026-08-17-01-00-46/ec_files/emulator-55542026-08-17-01-22-01.ec /home/ubuntu/TimeMachine/results/AmazeFileManager-3.4.2-#1837-rebuilt.apk.timemachine.result.emulator-5554#2026-08-17-01-00-46/ec_files/emulator-55542026-08-17-01-22-12.ec /home/ubuntu/TimeMachine/results/AmazeFileManager-3.4.2-#1837-rebuilt.apk.timemachine.result.emulator-5554#2026-08-17-01-00-46/ec_files/emulator-55542026-08-17-01-22-27.ec /home/ubuntu/TimeMachine/results/AmazeFileManager-3.4.2-#1837-rebuilt.apk.timemachine.result.emulator-5554#2026-08-17-01-00-46/ec_files/emulator-55542026-08-17-01-22-41.ec /home/ubuntu/TimeMachine/results/AmazeFileManager-3.4.2-#1837-rebuilt.apk.timemachine.result.emulator-5554#2026-08-17-01-00-46/ec_files/emulator-55542026-08-17-01-22-51.ec /home/ubuntu/TimeMachine/results/AmazeFileManager-3.4.2-#1837-rebuilt.apk.timemachine.result.emulator-5554#2026-08-17-01-00-46/ec_files/emulator-55542026-08-17-01-23-08.ec /home/ubuntu/TimeMachine/results/AmazeFileManager-3.4.2-#1837-rebuilt.apk.timemachine.result.emulator-5554#2026-08-17-01-00-46/ec_files/emulator-55542026-08-17-01-23-22.ec /home/ubuntu/TimeMachine/results/AmazeFileManager-3.4.2-#1837-rebuilt.apk.timemachine.result.emulator-5554#2026-08-17-01-00-46/ec_files/emulator-55542026-08-17-01-23-34.ec /home/ubuntu/TimeMachine/results/AmazeFileManager-3.4.2-#1837-rebuilt.apk.timemachine.result.emulator-5554#2026-08-17-01-00-46/ec_files/emulator-55542026-08-17-01-23-47.ec /home/ubuntu/TimeMachine/results/AmazeFileManager-3.4.2-#1837-rebuilt.apk.timemachine.result.emulator-5554#2026-08-17-01-00-46/ec_files/emulator-55542026-08-17-01-23-58.ec /home/ubuntu/TimeMachine/results/AmazeFileManager-3.4.2-#1837-rebuilt.apk.timemachine.result.emulator-5554#2026-08-17-01-00-46/ec_files/emulator-55542026-08-17-01-24-09.ec /home/ubuntu/TimeMachine/results/AmazeFileManager-3.4.2-#1837-rebuilt.apk.timemachine.result.emulator-5554#2026-08-17-01-00-46/ec_files/emulator-55542026-08-17-01-24-28.ec /home/ubuntu/TimeMachine/results/AmazeFileManager-3.4.2-#1837-rebuilt.apk.timemachine.result.emulator-5554#2026-08-17-01-00-46/ec_files/emulator-55542026-08-17-01-24-43.ec /home/ubuntu/TimeMachine/results/AmazeFileManager-3.4.2-#1837-rebuilt.apk.timemachine.result.emulator-5554#2026-08-17-01-00-46/ec_files/emulator-55542026-08-17-01-24-56.ec /home/ubuntu/TimeMachine/results/AmazeFileManager-3.4.2-#1837-rebuilt.apk.timemachine.result.emulator-5554#2026-08-17-01-00-46/ec_files/emulator-55542026-08-17-01-25-09.ec /home/ubuntu/TimeMachine/results/AmazeFileManager-3.4.2-#1837-rebuilt.apk.timemachine.result.emulator-5554#2026-08-17-01-00-46/ec_files/emulator-55542026-08-17-01-25-20.ec /home/ubuntu/TimeMachine/results/AmazeFileManager-3.4.2-#1837-rebuilt.apk.timemachine.result.emulator-5554#2026-08-17-01-00-46/ec_files/emulator-55542026-08-17-01-25-33.ec /home/ubuntu/TimeMachine/results/AmazeFileManager-3.4.2-#1837-rebuilt.apk.timemachine.result.emulator-5554#2026-08-17-01-00-46/ec_files/emulator-55542026-08-17-01-25-44.ec /home/ubuntu/TimeMachine/results/AmazeFileManager-3.4.2-#1837-rebuilt.apk.timemachine.result.emulator-5554#2026-08-17-01-00-46/ec_files/emulator-55542026-08-17-01-25-57.ec /home/ubuntu/TimeMachine/results/AmazeFileManager-3.4.2-#1837-rebuilt.apk.timemachine.result.emulator-5554#2026-08-17-01-00-46/ec_files/emulator-55542026-08-17-01-26-15.ec /home/ubuntu/TimeMachine/results/AmazeFileManager-3.4.2-#1837-rebuilt.apk.timemachine.result.emulator-5554#2026-08-17-01-00-46/ec_files/emulator-55542026-08-17-01-26-33.ec /home/ubuntu/TimeMachine/results/AmazeFileManager-3.4.2-#1837-rebuilt.apk.timemachine.result.emulator-5554#2026-08-17-01-00-46/ec_files/emulator-55542026-08-17-01-26-46.ec /home/ubuntu/TimeMachine/results/AmazeFileManager-3.4.2-#1837-rebuilt.apk.timemachine.result.emulator-5554#2026-08-17-01-00-46/ec_files/emulator-55542026-08-17-01-27-00.ec /home/ubuntu/TimeMachine/results/AmazeFileManager-3.4.2-#1837-rebuilt.apk.timemachine.result.emulator-5554#2026-08-17-01-00-46/ec_files/emulator-55542026-08-17-01-27-16.ec /home/ubuntu/TimeMachine/results/AmazeFileManager-3.4.2-#1837-rebuilt.apk.timemachine.result.emulator-5554#2026-08-17-01-00-46/ec_files/emulator-55542026-08-17-01-27-30.ec /home/ubuntu/TimeMachine/results/AmazeFileManager-3.4.2-#1837-rebuilt.apk.timemachine.result.emulator-5554#2026-08-17-01-00-46/ec_files/emulator-55542026-08-17-01-27-46.ec /home/ubuntu/TimeMachine/results/AmazeFileManager-3.4.2-#1837-rebuilt.apk.timemachine.result.emulator-5554#2026-08-17-01-00-46/ec_files/emulator-55542026-08-17-01-28-00.ec /home/ubuntu/TimeMachine/results/AmazeFileManager-3.4.2-#1837-rebuilt.apk.timemachine.result.emulator-5554#2026-08-17-01-00-46/ec_files/emulator-55542026-08-17-01-28-14.ec
[INFO] Loading execution data file /home/ubuntu/TimeMachine/results/AmazeFileManager-3.4.2-#1837-rebuilt.apk.timemachine.result.emulator-5554#2026-08-17-01-00-46/ec_files/coveragetemp.ec.
[INFO] Loading execution data file /home/ubuntu/TimeMachine/results/AmazeFileManager-3.4.2-#1837-rebuilt.apk.timemachine.result.emulator-5554#2026-08-17-01-00-46/ec_files/emulator-55542026-08-17-01-09-02.ec.
[INFO] Loading execution data file /home/ubuntu/TimeMachine/results/AmazeFileManager-3.4.2-#1837-rebuilt.apk.timemachine.result.emulator-5554#2026-08-17-01-00-46/ec_files/emulator-55542026-08-17-01-09-05.ec.
[INFO] Loading execution data file /home/ubuntu/TimeMachine/results/AmazeFileManager-3.4.2-#1837-rebuilt.apk.timemachine.result.emulator-5554#2026-08-17-01-00-46/ec_files/emulator-55542026-08-17-01-16-12.ec.
[INFO] Loading execution data file /home/ubuntu/TimeMachine/results/AmazeFileManager-3.4.2-#1837-rebuilt.apk.timemachine.result.emulator-5554#2026-08-17-01-00-46/ec_files/emulator-55542026-08-17-01-16-28.ec.
[INFO] Loading execution data file /home/ubuntu/TimeMachine/results/AmazeFileManager-3.4.2-#1837-rebuilt.apk.timemachine.result.emulator-5554#2026-08-17-01-00-46/ec_files/emulator-55542026-08-17-01-16-41.ec.
[INFO] Loading execution data file /home/ubuntu/TimeMachine/results/AmazeFileManager-3.4.2-#1837-rebuilt.apk.timemachine.result.emulator-5554#2026-08-17-01-00-46/ec_files/emulator-55542026-08-17-01-16-55.ec.
[INFO] Loading execution data file /home/ubuntu/TimeMachine/results/AmazeFileManager-3.4.2-#1837-rebuilt.apk.timemachine.result.emulator-5554#2026-08-17-01-00-46/ec_files/emulator-55542026-08-17-01-17-06.ec.
[INFO] Loading execution data file /home/ubuntu/TimeMachine/results/AmazeFileManager-3.4.2-#1837-rebuilt.apk.timemachine.result.emulator-5554#2026-08-17-01-00-46/ec_files/emulator-55542026-08-17-01-17-18.ec.
[INFO] Loading execution data file /home/ubuntu/TimeMachine/results/AmazeFileManager-3.4.2-#1837-rebuilt.apk.timemachine.result.emulator-5554#2026-08-17-01-00-46/ec_files/emulator-55542026-08-17-01-18-42.ec.
[INFO] Loading execution data file /home/ubuntu/TimeMachine/results/AmazeFileManager-3.4.2-#1837-rebuilt.apk.timemachine.result.emulator-5554#2026-08-17-01-00-46/ec_files/emulator-55542026-08-17-01-19-37.ec.
[INFO] Loading execution data file /home/ubuntu/TimeMachine/results/AmazeFileManager-3.4.2-#1837-rebuilt.apk.timemachine.result.emulator-5554#2026-08-17-01-00-46/ec_files/emulator-55542026-08-17-01-19-48.ec.
[INFO] Loading execution data file /home/ubuntu/TimeMachine/results/AmazeFileManager-3.4.2-#1837-rebuilt.apk.timemachine.result.emulator-5554#2026-08-17-01-00-46/ec_files/emulator-55542026-08-17-01-20-06.ec.
[INFO] Loading execution data file /home/ubuntu/TimeMachine/results/AmazeFileManager-3.4.2-#1837-rebuilt.apk.timemachine.result.emulator-5554#2026-08-17-01-00-46/ec_files/emulator-55542026-08-17-01-20-22.ec.
[INFO] Loading execution data file /home/ubuntu/TimeMachine/results/AmazeFileManager-3.4.2-#1837-rebuilt.apk.timemachine.result.emulator-5554#2026-08-17-01-00-46/ec_files/emulator-55542026-08-17-01-20-37.ec.
[INFO] Loading execution data file /home/ubuntu/TimeMachine/results/AmazeFileManager-3.4.2-#1837-rebuilt.apk.timemachine.result.emulator-5554#2026-08-17-01-00-46/ec_files/emulator-55542026-08-17-01-20-50.ec.
[INFO] Loading execution data file /home/ubuntu/TimeMachine/results/AmazeFileManager-3.4.2-#1837-rebuilt.apk.timemachine.result.emulator-5554#2026-08-17-01-00-46/ec_files/emulator-55542026-08-17-01-21-08.ec.
[INFO] Loading execution data file /home/ubuntu/TimeMachine/results/AmazeFileManager-3.4.2-#1837-rebuilt.apk.timemachine.result.emulator-5554#2026-08-17-01-00-46/ec_files/emulator-55542026-08-17-01-21-20.ec.
[INFO] Loading execution data file /home/ubuntu/TimeMachine/results/AmazeFileManager-3.4.2-#1837-rebuilt.apk.timemachine.result.emulator-5554#2026-08-17-01-00-46/ec_files/emulator-55542026-08-17-01-21-33.ec.
[INFO] Loading execution data file /home/ubuntu/TimeMachine/results/AmazeFileManager-3.4.2-#1837-rebuilt.apk.timemachine.result.emulator-5554#2026-08-17-01-00-46/ec_files/emulator-55542026-08-17-01-21-46.ec.
[INFO] Loading execution data file /home/ubuntu/TimeMachine/results/AmazeFileManager-3.4.2-#1837-rebuilt.apk.timemachine.result.emulator-5554#2026-08-17-01-00-46/ec_files/emulator-55542026-08-17-01-22-01.ec.
[INFO] Loading execution data file /home/ubuntu/TimeMachine/results/AmazeFileManager-3.4.2-#1837-rebuilt.apk.timemachine.result.emulator-5554#2026-08-17-01-00-46/ec_files/emulator-55542026-08-17-01-22-12.ec.
[INFO] Loading execution data file /home/ubuntu/TimeMachine/results/AmazeFileManager-3.4.2-#1837-rebuilt.apk.timemachine.result.emulator-5554#2026-08-17-01-00-46/ec_files/emulator-55542026-08-17-01-22-27.ec.
[INFO] Loading execution data file /home/ubuntu/TimeMachine/results/AmazeFileManager-3.4.2-#1837-rebuilt.apk.timemachine.result.emulator-5554#2026-08-17-01-00-46/ec_files/emulator-55542026-08-17-01-22-41.ec.
[INFO] Loading execution data file /home/ubuntu/TimeMachine/results/AmazeFileManager-3.4.2-#1837-rebuilt.apk.timemachine.result.emulator-5554#2026-08-17-01-00-46/ec_files/emulator-55542026-08-17-01-22-51.ec.
[INFO] Loading execution data file /home/ubuntu/TimeMachine/results/AmazeFileManager-3.4.2-#1837-rebuilt.apk.timemachine.result.emulator-5554#2026-08-17-01-00-46/ec_files/emulator-55542026-08-17-01-23-08.ec.
[INFO] Loading execution data file /home/ubuntu/TimeMachine/results/AmazeFileManager-3.4.2-#1837-rebuilt.apk.timemachine.result.emulator-5554#2026-08-17-01-00-46/ec_files/emulator-55542026-08-17-01-23-22.ec.
[INFO] Loading execution data file /home/ubuntu/TimeMachine/results/AmazeFileManager-3.4.2-#1837-rebuilt.apk.timemachine.result.emulator-5554#2026-08-17-01-00-46/ec_files/emulator-55542026-08-17-01-23-34.ec.
[INFO] Loading execution data file /home/ubuntu/TimeMachine/results/AmazeFileManager-3.4.2-#1837-rebuilt.apk.timemachine.result.emulator-5554#2026-08-17-01-00-46/ec_files/emulator-55542026-08-17-01-23-47.ec.
[INFO] Loading execution data file /home/ubuntu/TimeMachine/results/AmazeFileManager-3.4.2-#1837-rebuilt.apk.timemachine.result.emulator-5554#2026-08-17-01-00-46/ec_files/emulator-55542026-08-17-01-23-58.ec.
[INFO] Loading execution data file /home/ubuntu/TimeMachine/results/AmazeFileManager-3.4.2-#1837-rebuilt.apk.timemachine.result.emulator-5554#2026-08-17-01-00-46/ec_files/emulator-55542026-08-17-01-24-09.ec.
[INFO] Loading execution data file /home/ubuntu/TimeMachine/results/AmazeFileManager-3.4.2-#1837-rebuilt.apk.timemachine.result.emulator-5554#2026-08-17-01-00-46/ec_files/emulator-55542026-08-17-01-24-28.ec.
[INFO] Loading execution data file /home/ubuntu/TimeMachine/results/AmazeFileManager-3.4.2-#1837-rebuilt.apk.timemachine.result.emulator-5554#2026-08-17-01-00-46/ec_files/emulator-55542026-08-17-01-24-43.ec.
[INFO] Loading execution data file /home/ubuntu/TimeMachine/results/AmazeFileManager-3.4.2-#1837-rebuilt.apk.timemachine.result.emulator-5554#2026-08-17-01-00-46/ec_files/emulator-55542026-08-17-01-24-56.ec.
[INFO] Loading execution data file /home/ubuntu/TimeMachine/results/AmazeFileManager-3.4.2-#1837-rebuilt.apk.timemachine.result.emulator-5554#2026-08-17-01-00-46/ec_files/emulator-55542026-08-17-01-25-09.ec.
[INFO] Loading execution data file /home/ubuntu/TimeMachine/results/AmazeFileManager-3.4.2-#1837-rebuilt.apk.timemachine.result.emulator-5554#2026-08-17-01-00-46/ec_files/emulator-55542026-08-17-01-25-20.ec.
[INFO] Loading execution data file /home/ubuntu/TimeMachine/results/AmazeFileManager-3.4.2-#1837-rebuilt.apk.timemachine.result.emulator-5554#2026-08-17-01-00-46/ec_files/emulator-55542026-08-17-01-25-33.ec.
[INFO] Loading execution data file /home/ubuntu/TimeMachine/results/AmazeFileManager-3.4.2-#1837-rebuilt.apk.timemachine.result.emulator-5554#2026-08-17-01-00-46/ec_files/emulator-55542026-08-17-01-25-44.ec.
[INFO] Loading execution data file /home/ubuntu/TimeMachine/results/AmazeFileManager-3.4.2-#1837-rebuilt.apk.timemachine.result.emulator-5554#2026-08-17-01-00-46/ec_files/emulator-55542026-08-17-01-25-57.ec.
[INFO] Loading execution data file /home/ubuntu/TimeMachine/results/AmazeFileManager-3.4.2-#1837-rebuilt.apk.timemachine.result.emulator-5554#2026-08-17-01-00-46/ec_files/emulator-55542026-08-17-01-26-15.ec.
[INFO] Loading execution data file /home/ubuntu/TimeMachine/results/AmazeFileManager-3.4.2-#1837-rebuilt.apk.timemachine.result.emulator-5554#2026-08-17-01-00-46/ec_files/emulator-55542026-08-17-01-26-33.ec.
[INFO] Loading execution data file /home/ubuntu/TimeMachine/results/AmazeFileManager-3.4.2-#1837-rebuilt.apk.timemachine.result.emulator-5554#2026-08-17-01-00-46/ec_files/emulator-55542026-08-17-01-26-46.ec.
[INFO] Loading execution data file /home/ubuntu/TimeMachine/results/AmazeFileManager-3.4.2-#1837-rebuilt.apk.timemachine.result.emulator-5554#2026-08-17-01-00-46/ec_files/emulator-55542026-08-17-01-27-00.ec.
[INFO] Loading execution data file /home/ubuntu/TimeMachine/results/AmazeFileManager-3.4.2-#1837-rebuilt.apk.timemachine.result.emulator-5554#2026-08-17-01-00-46/ec_files/emulator-55542026-08-17-01-27-16.ec.
[INFO] Loading execution data file /home/ubuntu/TimeMachine/results/AmazeFileManager-3.4.2-#1837-rebuilt.apk.timemachine.result.emulator-5554#2026-08-17-01-00-46/ec_files/emulator-55542026-08-17-01-27-30.ec.
[INFO] Loading execution data file /home/ubuntu/TimeMachine/results/AmazeFileManager-3.4.2-#1837-rebuilt.apk.timemachine.result.emulator-5554#2026-08-17-01-00-46/ec_files/emulator-55542026-08-17-01-27-46.ec.
[INFO] Loading execution data file /home/ubuntu/TimeMachine/results/AmazeFileManager-3.4.2-#1837-rebuilt.apk.timemachine.result.emulator-5554#2026-08-17-01-00-46/ec_files/emulator-55542026-08-17-01-28-00.ec.
[INFO] Loading execution data file /home/ubuntu/TimeMachine/results/AmazeFileManager-3.4.2-#1837-rebuilt.apk.timemachine.result.emulator-5554#2026-08-17-01-00-46/ec_files/emulator-55542026-08-17-01-28-14.ec.
[INFO] Analyzing 508 classes.
   
-----------
current jacoco line coverage rate: 0.199268395629
-----------
--coverage when the new state is triggered: 0.199268395629 current jacoco line coverage rate : 0.199033907049
===================> REWARD STATE <=====================
===================> REWARD STATE <=====================
--taking snapshot...
deque(['1906120635', '-1900321723', '1138396480', '-37785511', '1514766507', '-37785511', '682925248', '-37785511', '-856995759', '707352327'], maxlen=10)
Frequent nodes 
[('183131266', <state_graph.State instance at 0x791e83bc0960>), ('-583182176', <state_graph.State instance at 0x791e88ebac80>), ('-37785511', <state_graph.State instance at 0x791e88361e60>), ('-307486232', <state_graph.State instance at 0x791e8ba52d70>), ('OOAUT', <state_graph.State instance at 0x791eaa94c230>), ('1893074188', <state_graph.State instance at 0x791e88307c80>), ('-1433637423', <state_graph.State instance at 0x791e88132e10>), ('820917904', <state_graph.State instance at 0x791e8ac3f3c0>), ('-1556411559', <state_graph.State instance at 0x791e88ebad70>)]
the portion to the top 20% most frequent states: 0.125
Frequent nodes 
[('183131266', <state_graph.State instance at 0x791e83bc0960>), ('-583182176', <state_graph.State instance at 0x791e88ebac80>), ('-37785511', <state_graph.State instance at 0x791e88361e60>), ('-307486232', <state_graph.State instance at 0x791e8ba52d70>), ('OOAUT', <state_graph.State instance at 0x791eaa94c230>), ('1893074188', <state_graph.State instance at 0x791e88307c80>), ('-1433637423', <state_graph.State instance at 0x791e88132e10>), ('820917904', <state_graph.State instance at 0x791e8ac3f3c0>), ('-1556411559', <state_graph.State instance at 0x791e88ebad70>)]
--extracted id: -335821635  num_controllable_widgets: 7
--transiton occurs
--a new state is triggered and add -335821635 into the state graph.
get_jacoco_coverage- return code:  output: Broadcasting: Intent { act=edu.gatech.m3.emma.COLLECT_COVERAGE }
Broadcast completed: result=0
---
[COVERAGE FILE EXIST?]
coverage.ec
---
---
[VALIDATE COVERAGE FILE]$ java -jar /home/ubuntu/TimeMachine/fuzzingandroid/libs/jacococli.jar report /home/ubuntu/TimeMachine/results/AmazeFileManager-3.4.2-#1837-rebuilt.apk.timemachine.result.emulator-5554#2026-08-17-01-00-46/ec_files/emulator-55542026-08-17-01-28-30.ec  --classfiles /home/ubuntu/TimeMachine/instrumented_apps/AmazeFileManager/AmazeFileManager-#1837/app/build/intermediates/javac/fdroidDebug/classes/ --classfiles /home/ubuntu/TimeMachine/instrumented_apps/AmazeFileManager/AmazeFileManager-#1837/commons_compress_7z/build/intermediates/javac/debug/classes/ --sourcefiles /home/ubuntu/TimeMachine/instrumented_apps/AmazeFileManager/AmazeFileManager-#1837/app/src/main/java/ --sourcefiles /home/ubuntu/TimeMachine/instrumented_apps/AmazeFileManager/AmazeFileManager-#1837/commons_compress_7z/src/main/java/ &> temp
---
---
[VALIDATE MESSAGE]
---
SUCCESS: coverage file is valid!
[INFO] Loading execution data file /home/ubuntu/TimeMachine/results/AmazeFileManager-3.4.2-#1837-rebuilt.apk.timemachine.result.emulator-5554#2026-08-17-01-00-46/ec_files/emulator-55542026-08-17-01-28-30.ec.
[INFO] Analyzing 508 classes.
 /sdcard/coverage.ec: 1 file pulled, 0 skipped. 0.0 MB/s (2977 bytes in 0.073s)
 
compute_coverage-return code:  output: /home/ubuntu/TimeMachine/results/AmazeFileManager-3.4.2-#1837-rebuilt.apk.timemachine.result.emulator-5554#2026-08-17-01-00-46/ec_files/coveragetemp.ec /home/ubuntu/TimeMachine/results/AmazeFileManager-3.4.2-#1837-rebuilt.apk.timemachine.result.emulator-5554#2026-08-17-01-00-46/ec_files/emulator-55542026-08-17-01-09-02.ec /home/ubuntu/TimeMachine/results/AmazeFileManager-3.4.2-#1837-rebuilt.apk.timemachine.result.emulator-5554#2026-08-17-01-00-46/ec_files/emulator-55542026-08-17-01-09-05.ec /home/ubuntu/TimeMachine/results/AmazeFileManager-3.4.2-#1837-rebuilt.apk.timemachine.result.emulator-5554#2026-08-17-01-00-46/ec_files/emulator-55542026-08-17-01-16-12.ec /home/ubuntu/TimeMachine/results/AmazeFileManager-3.4.2-#1837-rebuilt.apk.timemachine.result.emulator-5554#2026-08-17-01-00-46/ec_files/emulator-55542026-08-17-01-16-28.ec /home/ubuntu/TimeMachine/results/AmazeFileManager-3.4.2-#1837-rebuilt.apk.timemachine.result.emulator-5554#2026-08-17-01-00-46/ec_files/emulator-55542026-08-17-01-16-41.ec /home/ubuntu/TimeMachine/results/AmazeFileManager-3.4.2-#1837-rebuilt.apk.timemachine.result.emulator-5554#2026-08-17-01-00-46/ec_files/emulator-55542026-08-17-01-16-55.ec /home/ubuntu/TimeMachine/results/AmazeFileManager-3.4.2-#1837-rebuilt.apk.timemachine.result.emulator-5554#2026-08-17-01-00-46/ec_files/emulator-55542026-08-17-01-17-06.ec /home/ubuntu/TimeMachine/results/AmazeFileManager-3.4.2-#1837-rebuilt.apk.timemachine.result.emulator-5554#2026-08-17-01-00-46/ec_files/emulator-55542026-08-17-01-17-18.ec /home/ubuntu/TimeMachine/results/AmazeFileManager-3.4.2-#1837-rebuilt.apk.timemachine.result.emulator-5554#2026-08-17-01-00-46/ec_files/emulator-55542026-08-17-01-18-42.ec /home/ubuntu/TimeMachine/results/AmazeFileManager-3.4.2-#1837-rebuilt.apk.timemachine.result.emulator-5554#2026-08-17-01-00-46/ec_files/emulator-55542026-08-17-01-19-37.ec /home/ubuntu/TimeMachine/results/AmazeFileManager-3.4.2-#1837-rebuilt.apk.timemachine.result.emulator-5554#2026-08-17-01-00-46/ec_files/emulator-55542026-08-17-01-19-48.ec /home/ubuntu/TimeMachine/results/AmazeFileManager-3.4.2-#1837-rebuilt.apk.timemachine.result.emulator-5554#2026-08-17-01-00-46/ec_files/emulator-55542026-08-17-01-20-06.ec /home/ubuntu/TimeMachine/results/AmazeFileManager-3.4.2-#1837-rebuilt.apk.timemachine.result.emulator-5554#2026-08-17-01-00-46/ec_files/emulator-55542026-08-17-01-20-22.ec /home/ubuntu/TimeMachine/results/AmazeFileManager-3.4.2-#1837-rebuilt.apk.timemachine.result.emulator-5554#2026-08-17-01-00-46/ec_files/emulator-55542026-08-17-01-20-37.ec /home/ubuntu/TimeMachine/results/AmazeFileManager-3.4.2-#1837-rebuilt.apk.timemachine.result.emulator-5554#2026-08-17-01-00-46/ec_files/emulator-55542026-08-17-01-20-50.ec /home/ubuntu/TimeMachine/results/AmazeFileManager-3.4.2-#1837-rebuilt.apk.timemachine.result.emulator-5554#2026-08-17-01-00-46/ec_files/emulator-55542026-08-17-01-21-08.ec /home/ubuntu/TimeMachine/results/AmazeFileManager-3.4.2-#1837-rebuilt.apk.timemachine.result.emulator-5554#2026-08-17-01-00-46/ec_files/emulator-55542026-08-17-01-21-20.ec /home/ubuntu/TimeMachine/results/AmazeFileManager-3.4.2-#1837-rebuilt.apk.timemachine.result.emulator-5554#2026-08-17-01-00-46/ec_files/emulator-55542026-08-17-01-21-33.ec /home/ubuntu/TimeMachine/results/AmazeFileManager-3.4.2-#1837-rebuilt.apk.timemachine.result.emulator-5554#2026-08-17-01-00-46/ec_files/emulator-55542026-08-17-01-21-46.ec /home/ubuntu/TimeMachine/results/AmazeFileManager-3.4.2-#1837-rebuilt.apk.timemachine.result.emulator-5554#2026-08-17-01-00-46/ec_files/emulator-55542026-08-17-01-22-01.ec /home/ubuntu/TimeMachine/results/AmazeFileManager-3.4.2-#1837-rebuilt.apk.timemachine.result.emulator-5554#2026-08-17-01-00-46/ec_files/emulator-55542026-08-17-01-22-12.ec /home/ubuntu/TimeMachine/results/AmazeFileManager-3.4.2-#1837-rebuilt.apk.timemachine.result.emulator-5554#2026-08-17-01-00-46/ec_files/emulator-55542026-08-17-01-22-27.ec /home/ubuntu/TimeMachine/results/AmazeFileManager-3.4.2-#1837-rebuilt.apk.timemachine.result.emulator-5554#2026-08-17-01-00-46/ec_files/emulator-55542026-08-17-01-22-41.ec /home/ubuntu/TimeMachine/results/AmazeFileManager-3.4.2-#1837-rebuilt.apk.timemachine.result.emulator-5554#2026-08-17-01-00-46/ec_files/emulator-55542026-08-17-01-22-51.ec /home/ubuntu/TimeMachine/results/AmazeFileManager-3.4.2-#1837-rebuilt.apk.timemachine.result.emulator-5554#2026-08-17-01-00-46/ec_files/emulator-55542026-08-17-01-23-08.ec /home/ubuntu/TimeMachine/results/AmazeFileManager-3.4.2-#1837-rebuilt.apk.timemachine.result.emulator-5554#2026-08-17-01-00-46/ec_files/emulator-55542026-08-17-01-23-22.ec /home/ubuntu/TimeMachine/results/AmazeFileManager-3.4.2-#1837-rebuilt.apk.timemachine.result.emulator-5554#2026-08-17-01-00-46/ec_files/emulator-55542026-08-17-01-23-34.ec /home/ubuntu/TimeMachine/results/AmazeFileManager-3.4.2-#1837-rebuilt.apk.timemachine.result.emulator-5554#2026-08-17-01-00-46/ec_files/emulator-55542026-08-17-01-23-47.ec /home/ubuntu/TimeMachine/results/AmazeFileManager-3.4.2-#1837-rebuilt.apk.timemachine.result.emulator-5554#2026-08-17-01-00-46/ec_files/emulator-55542026-08-17-01-23-58.ec /home/ubuntu/TimeMachine/results/AmazeFileManager-3.4.2-#1837-rebuilt.apk.timemachine.result.emulator-5554#2026-08-17-01-00-46/ec_files/emulator-55542026-08-17-01-24-09.ec /home/ubuntu/TimeMachine/results/AmazeFileManager-3.4.2-#1837-rebuilt.apk.timemachine.result.emulator-5554#2026-08-17-01-00-46/ec_files/emulator-55542026-08-17-01-24-28.ec /home/ubuntu/TimeMachine/results/AmazeFileManager-3.4.2-#1837-rebuilt.apk.timemachine.result.emulator-5554#2026-08-17-01-00-46/ec_files/emulator-55542026-08-17-01-24-43.ec /home/ubuntu/TimeMachine/results/AmazeFileManager-3.4.2-#1837-rebuilt.apk.timemachine.result.emulator-5554#2026-08-17-01-00-46/ec_files/emulator-55542026-08-17-01-24-56.ec /home/ubuntu/TimeMachine/results/AmazeFileManager-3.4.2-#1837-rebuilt.apk.timemachine.result.emulator-5554#2026-08-17-01-00-46/ec_files/emulator-55542026-08-17-01-25-09.ec /home/ubuntu/TimeMachine/results/AmazeFileManager-3.4.2-#1837-rebuilt.apk.timemachine.result.emulator-5554#2026-08-17-01-00-46/ec_files/emulator-55542026-08-17-01-25-20.ec /home/ubuntu/TimeMachine/results/AmazeFileManager-3.4.2-#1837-rebuilt.apk.timemachine.result.emulator-5554#2026-08-17-01-00-46/ec_files/emulator-55542026-08-17-01-25-33.ec /home/ubuntu/TimeMachine/results/AmazeFileManager-3.4.2-#1837-rebuilt.apk.timemachine.result.emulator-5554#2026-08-17-01-00-46/ec_files/emulator-55542026-08-17-01-25-44.ec /home/ubuntu/TimeMachine/results/AmazeFileManager-3.4.2-#1837-rebuilt.apk.timemachine.result.emulator-5554#2026-08-17-01-00-46/ec_files/emulator-55542026-08-17-01-25-57.ec /home/ubuntu/TimeMachine/results/AmazeFileManager-3.4.2-#1837-rebuilt.apk.timemachine.result.emulator-5554#2026-08-17-01-00-46/ec_files/emulator-55542026-08-17-01-26-15.ec /home/ubuntu/TimeMachine/results/AmazeFileManager-3.4.2-#1837-rebuilt.apk.timemachine.result.emulator-5554#2026-08-17-01-00-46/ec_files/emulator-55542026-08-17-01-26-33.ec /home/ubuntu/TimeMachine/results/AmazeFileManager-3.4.2-#1837-rebuilt.apk.timemachine.result.emulator-5554#2026-08-17-01-00-46/ec_files/emulator-55542026-08-17-01-26-46.ec /home/ubuntu/TimeMachine/results/AmazeFileManager-3.4.2-#1837-rebuilt.apk.timemachine.result.emulator-5554#2026-08-17-01-00-46/ec_files/emulator-55542026-08-17-01-27-00.ec /home/ubuntu/TimeMachine/results/AmazeFileManager-3.4.2-#1837-rebuilt.apk.timemachine.result.emulator-5554#2026-08-17-01-00-46/ec_files/emulator-55542026-08-17-01-27-16.ec /home/ubuntu/TimeMachine/results/AmazeFileManager-3.4.2-#1837-rebuilt.apk.timemachine.result.emulator-5554#2026-08-17-01-00-46/ec_files/emulator-55542026-08-17-01-27-30.ec /home/ubuntu/TimeMachine/results/AmazeFileManager-3.4.2-#1837-rebuilt.apk.timemachine.result.emulator-5554#2026-08-17-01-00-46/ec_files/emulator-55542026-08-17-01-27-46.ec /home/ubuntu/TimeMachine/results/AmazeFileManager-3.4.2-#1837-rebuilt.apk.timemachine.result.emulator-5554#2026-08-17-01-00-46/ec_files/emulator-55542026-08-17-01-28-00.ec /home/ubuntu/TimeMachine/results/AmazeFileManager-3.4.2-#1837-rebuilt.apk.timemachine.result.emulator-5554#2026-08-17-01-00-46/ec_files/emulator-55542026-08-17-01-28-14.ec /home/ubuntu/TimeMachine/results/AmazeFileManager-3.4.2-#1837-rebuilt.apk.timemachine.result.emulator-5554#2026-08-17-01-00-46/ec_files/emulator-55542026-08-17-01-28-30.ec
[INFO] Loading execution data file /home/ubuntu/TimeMachine/results/AmazeFileManager-3.4.2-#1837-rebuilt.apk.timemachine.result.emulator-5554#2026-08-17-01-00-46/ec_files/coveragetemp.ec.
[INFO] Loading execution data file /home/ubuntu/TimeMachine/results/AmazeFileManager-3.4.2-#1837-rebuilt.apk.timemachine.result.emulator-5554#2026-08-17-01-00-46/ec_files/emulator-55542026-08-17-01-09-02.ec.
[INFO] Loading execution data file /home/ubuntu/TimeMachine/results/AmazeFileManager-3.4.2-#1837-rebuilt.apk.timemachine.result.emulator-5554#2026-08-17-01-00-46/ec_files/emulator-55542026-08-17-01-09-05.ec.
[INFO] Loading execution data file /home/ubuntu/TimeMachine/results/AmazeFileManager-3.4.2-#1837-rebuilt.apk.timemachine.result.emulator-5554#2026-08-17-01-00-46/ec_files/emulator-55542026-08-17-01-16-12.ec.
[INFO] Loading execution data file /home/ubuntu/TimeMachine/results/AmazeFileManager-3.4.2-#1837-rebuilt.apk.timemachine.result.emulator-5554#2026-08-17-01-00-46/ec_files/emulator-55542026-08-17-01-16-28.ec.
[INFO] Loading execution data file /home/ubuntu/TimeMachine/results/AmazeFileManager-3.4.2-#1837-rebuilt.apk.timemachine.result.emulator-5554#2026-08-17-01-00-46/ec_files/emulator-55542026-08-17-01-16-41.ec.
[INFO] Loading execution data file /home/ubuntu/TimeMachine/results/AmazeFileManager-3.4.2-#1837-rebuilt.apk.timemachine.result.emulator-5554#2026-08-17-01-00-46/ec_files/emulator-55542026-08-17-01-16-55.ec.
[INFO] Loading execution data file /home/ubuntu/TimeMachine/results/AmazeFileManager-3.4.2-#1837-rebuilt.apk.timemachine.result.emulator-5554#2026-08-17-01-00-46/ec_files/emulator-55542026-08-17-01-17-06.ec.
[INFO] Loading execution data file /home/ubuntu/TimeMachine/results/AmazeFileManager-3.4.2-#1837-rebuilt.apk.timemachine.result.emulator-5554#2026-08-17-01-00-46/ec_files/emulator-55542026-08-17-01-17-18.ec.
[INFO] Loading execution data file /home/ubuntu/TimeMachine/results/AmazeFileManager-3.4.2-#1837-rebuilt.apk.timemachine.result.emulator-5554#2026-08-17-01-00-46/ec_files/emulator-55542026-08-17-01-18-42.ec.
[INFO] Loading execution data file /home/ubuntu/TimeMachine/results/AmazeFileManager-3.4.2-#1837-rebuilt.apk.timemachine.result.emulator-5554#2026-08-17-01-00-46/ec_files/emulator-55542026-08-17-01-19-37.ec.
[INFO] Loading execution data file /home/ubuntu/TimeMachine/results/AmazeFileManager-3.4.2-#1837-rebuilt.apk.timemachine.result.emulator-5554#2026-08-17-01-00-46/ec_files/emulator-55542026-08-17-01-19-48.ec.
[INFO] Loading execution data file /home/ubuntu/TimeMachine/results/AmazeFileManager-3.4.2-#1837-rebuilt.apk.timemachine.result.emulator-5554#2026-08-17-01-00-46/ec_files/emulator-55542026-08-17-01-20-06.ec.
[INFO] Loading execution data file /home/ubuntu/TimeMachine/results/AmazeFileManager-3.4.2-#1837-rebuilt.apk.timemachine.result.emulator-5554#2026-08-17-01-00-46/ec_files/emulator-55542026-08-17-01-20-22.ec.
[INFO] Loading execution data file /home/ubuntu/TimeMachine/results/AmazeFileManager-3.4.2-#1837-rebuilt.apk.timemachine.result.emulator-5554#2026-08-17-01-00-46/ec_files/emulator-55542026-08-17-01-20-37.ec.
[INFO] Loading execution data file /home/ubuntu/TimeMachine/results/AmazeFileManager-3.4.2-#1837-rebuilt.apk.timemachine.result.emulator-5554#2026-08-17-01-00-46/ec_files/emulator-55542026-08-17-01-20-50.ec.
[INFO] Loading execution data file /home/ubuntu/TimeMachine/results/AmazeFileManager-3.4.2-#1837-rebuilt.apk.timemachine.result.emulator-5554#2026-08-17-01-00-46/ec_files/emulator-55542026-08-17-01-21-08.ec.
[INFO] Loading execution data file /home/ubuntu/TimeMachine/results/AmazeFileManager-3.4.2-#1837-rebuilt.apk.timemachine.result.emulator-5554#2026-08-17-01-00-46/ec_files/emulator-55542026-08-17-01-21-20.ec.
[INFO] Loading execution data file /home/ubuntu/TimeMachine/results/AmazeFileManager-3.4.2-#1837-rebuilt.apk.timemachine.result.emulator-5554#2026-08-17-01-00-46/ec_files/emulator-55542026-08-17-01-21-33.ec.
[INFO] Loading execution data file /home/ubuntu/TimeMachine/results/AmazeFileManager-3.4.2-#1837-rebuilt.apk.timemachine.result.emulator-5554#2026-08-17-01-00-46/ec_files/emulator-55542026-08-17-01-21-46.ec.
[INFO] Loading execution data file /home/ubuntu/TimeMachine/results/AmazeFileManager-3.4.2-#1837-rebuilt.apk.timemachine.result.emulator-5554#2026-08-17-01-00-46/ec_files/emulator-55542026-08-17-01-22-01.ec.
[INFO] Loading execution data file /home/ubuntu/TimeMachine/results/AmazeFileManager-3.4.2-#1837-rebuilt.apk.timemachine.result.emulator-5554#2026-08-17-01-00-46/ec_files/emulator-55542026-08-17-01-22-12.ec.
[INFO] Loading execution data file /home/ubuntu/TimeMachine/results/AmazeFileManager-3.4.2-#1837-rebuilt.apk.timemachine.result.emulator-5554#2026-08-17-01-00-46/ec_files/emulator-55542026-08-17-01-22-27.ec.
[INFO] Loading execution data file /home/ubuntu/TimeMachine/results/AmazeFileManager-3.4.2-#1837-rebuilt.apk.timemachine.result.emulator-5554#2026-08-17-01-00-46/ec_files/emulator-55542026-08-17-01-22-41.ec.
[INFO] Loading execution data file /home/ubuntu/TimeMachine/results/AmazeFileManager-3.4.2-#1837-rebuilt.apk.timemachine.result.emulator-5554#2026-08-17-01-00-46/ec_files/emulator-55542026-08-17-01-22-51.ec.
[INFO] Loading execution data file /home/ubuntu/TimeMachine/results/AmazeFileManager-3.4.2-#1837-rebuilt.apk.timemachine.result.emulator-5554#2026-08-17-01-00-46/ec_files/emulator-55542026-08-17-01-23-08.ec.
[INFO] Loading execution data file /home/ubuntu/TimeMachine/results/AmazeFileManager-3.4.2-#1837-rebuilt.apk.timemachine.result.emulator-5554#2026-08-17-01-00-46/ec_files/emulator-55542026-08-17-01-23-22.ec.
[INFO] Loading execution data file /home/ubuntu/TimeMachine/results/AmazeFileManager-3.4.2-#1837-rebuilt.apk.timemachine.result.emulator-5554#2026-08-17-01-00-46/ec_files/emulator-55542026-08-17-01-23-34.ec.
[INFO] Loading execution data file /home/ubuntu/TimeMachine/results/AmazeFileManager-3.4.2-#1837-rebuilt.apk.timemachine.result.emulator-5554#2026-08-17-01-00-46/ec_files/emulator-55542026-08-17-01-23-47.ec.
[INFO] Loading execution data file /home/ubuntu/TimeMachine/results/AmazeFileManager-3.4.2-#1837-rebuilt.apk.timemachine.result.emulator-5554#2026-08-17-01-00-46/ec_files/emulator-55542026-08-17-01-23-58.ec.
[INFO] Loading execution data file /home/ubuntu/TimeMachine/results/AmazeFileManager-3.4.2-#1837-rebuilt.apk.timemachine.result.emulator-5554#2026-08-17-01-00-46/ec_files/emulator-55542026-08-17-01-24-09.ec.
[INFO] Loading execution data file /home/ubuntu/TimeMachine/results/AmazeFileManager-3.4.2-#1837-rebuilt.apk.timemachine.result.emulator-5554#2026-08-17-01-00-46/ec_files/emulator-55542026-08-17-01-24-28.ec.
[INFO] Loading execution data file /home/ubuntu/TimeMachine/results/AmazeFileManager-3.4.2-#1837-rebuilt.apk.timemachine.result.emulator-5554#2026-08-17-01-00-46/ec_files/emulator-55542026-08-17-01-24-43.ec.
[INFO] Loading execution data file /home/ubuntu/TimeMachine/results/AmazeFileManager-3.4.2-#1837-rebuilt.apk.timemachine.result.emulator-5554#2026-08-17-01-00-46/ec_files/emulator-55542026-08-17-01-24-56.ec.
[INFO] Loading execution data file /home/ubuntu/TimeMachine/results/AmazeFileManager-3.4.2-#1837-rebuilt.apk.timemachine.result.emulator-5554#2026-08-17-01-00-46/ec_files/emulator-55542026-08-17-01-25-09.ec.
[INFO] Loading execution data file /home/ubuntu/TimeMachine/results/AmazeFileManager-3.4.2-#1837-rebuilt.apk.timemachine.result.emulator-5554#2026-08-17-01-00-46/ec_files/emulator-55542026-08-17-01-25-20.ec.
[INFO] Loading execution data file /home/ubuntu/TimeMachine/results/AmazeFileManager-3.4.2-#1837-rebuilt.apk.timemachine.result.emulator-5554#2026-08-17-01-00-46/ec_files/emulator-55542026-08-17-01-25-33.ec.
[INFO] Loading execution data file /home/ubuntu/TimeMachine/results/AmazeFileManager-3.4.2-#1837-rebuilt.apk.timemachine.result.emulator-5554#2026-08-17-01-00-46/ec_files/emulator-55542026-08-17-01-25-44.ec.
[INFO] Loading execution data file /home/ubuntu/TimeMachine/results/AmazeFileManager-3.4.2-#1837-rebuilt.apk.timemachine.result.emulator-5554#2026-08-17-01-00-46/ec_files/emulator-55542026-08-17-01-25-57.ec.
[INFO] Loading execution data file /home/ubuntu/TimeMachine/results/AmazeFileManager-3.4.2-#1837-rebuilt.apk.timemachine.result.emulator-5554#2026-08-17-01-00-46/ec_files/emulator-55542026-08-17-01-26-15.ec.
[INFO] Loading execution data file /home/ubuntu/TimeMachine/results/AmazeFileManager-3.4.2-#1837-rebuilt.apk.timemachine.result.emulator-5554#2026-08-17-01-00-46/ec_files/emulator-55542026-08-17-01-26-33.ec.
[INFO] Loading execution data file /home/ubuntu/TimeMachine/results/AmazeFileManager-3.4.2-#1837-rebuilt.apk.timemachine.result.emulator-5554#2026-08-17-01-00-46/ec_files/emulator-55542026-08-17-01-26-46.ec.
[INFO] Loading execution data file /home/ubuntu/TimeMachine/results/AmazeFileManager-3.4.2-#1837-rebuilt.apk.timemachine.result.emulator-5554#2026-08-17-01-00-46/ec_files/emulator-55542026-08-17-01-27-00.ec.
[INFO] Loading execution data file /home/ubuntu/TimeMachine/results/AmazeFileManager-3.4.2-#1837-rebuilt.apk.timemachine.result.emulator-5554#2026-08-17-01-00-46/ec_files/emulator-55542026-08-17-01-27-16.ec.
[INFO] Loading execution data file /home/ubuntu/TimeMachine/results/AmazeFileManager-3.4.2-#1837-rebuilt.apk.timemachine.result.emulator-5554#2026-08-17-01-00-46/ec_files/emulator-55542026-08-17-01-27-30.ec.
[INFO] Loading execution data file /home/ubuntu/TimeMachine/results/AmazeFileManager-3.4.2-#1837-rebuilt.apk.timemachine.result.emulator-5554#2026-08-17-01-00-46/ec_files/emulator-55542026-08-17-01-27-46.ec.
[INFO] Loading execution data file /home/ubuntu/TimeMachine/results/AmazeFileManager-3.4.2-#1837-rebuilt.apk.timemachine.result.emulator-5554#2026-08-17-01-00-46/ec_files/emulator-55542026-08-17-01-28-00.ec.
[INFO] Loading execution data file /home/ubuntu/TimeMachine/results/AmazeFileManager-3.4.2-#1837-rebuilt.apk.timemachine.result.emulator-5554#2026-08-17-01-00-46/ec_files/emulator-55542026-08-17-01-28-14.ec.
[INFO] Loading execution data file /home/ubuntu/TimeMachine/results/AmazeFileManager-3.4.2-#1837-rebuilt.apk.timemachine.result.emulator-5554#2026-08-17-01-00-46/ec_files/emulator-55542026-08-17-01-28-30.ec.
[INFO] Analyzing 508 classes.
   
-----------
current jacoco line coverage rate: 0.199268395629
-----------
--coverage when the new state is triggered: 0.199268395629 current jacoco line coverage rate : 0.199268395629
===================> PENALIZE STATE <=====================
deque(['-1900321723', '1138396480', '-37785511', '1514766507', '-37785511', '682925248', '-37785511', '-856995759', '707352327', '-335821635'], maxlen=10)
Frequent nodes 
[('183131266', <state_graph.State instance at 0x791e83bc0960>), ('-583182176', <state_graph.State instance at 0x791e88ebac80>), ('-37785511', <state_graph.State instance at 0x791e88361e60>), ('-307486232', <state_graph.State instance at 0x791e8ba52d70>), ('OOAUT', <state_graph.State instance at 0x791eaa94c230>), ('1893074188', <state_graph.State instance at 0x791e88307c80>), ('-1433637423', <state_graph.State instance at 0x791e88132e10>), ('820917904', <state_graph.State instance at 0x791e8ac3f3c0>), ('-1556411559', <state_graph.State instance at 0x791e88ebad70>)]
the portion to the top 20% most frequent states: 0.125
Frequent nodes 
[('183131266', <state_graph.State instance at 0x791e83bc0960>), ('-583182176', <state_graph.State instance at 0x791e88ebac80>), ('-37785511', <state_graph.State instance at 0x791e88361e60>), ('-307486232', <state_graph.State instance at 0x791e8ba52d70>), ('OOAUT', <state_graph.State instance at 0x791eaa94c230>), ('1893074188', <state_graph.State instance at 0x791e88307c80>), ('-1433637423', <state_graph.State instance at 0x791e88132e10>), ('820917904', <state_graph.State instance at 0x791e8ac3f3c0>), ('-1556411559', <state_graph.State instance at 0x791e88ebad70>)]
--extracted id: -335821635  num_controllable_widgets: 7
--event num: 1
--extracted id: -335821635  num_controllable_widgets: 7
--event num: 2
--extracted id: -307486232  num_controllable_widgets: 0
--transiton occurs
--the state -307486232  exists
===================> PENALIZE STATE <=====================
deque(['1138396480', '-37785511', '1514766507', '-37785511', '682925248', '-37785511', '-856995759', '707352327', '-335821635', '-307486232'], maxlen=10)
Frequent nodes 
[('183131266', <state_graph.State instance at 0x791e83bc0960>), ('-583182176', <state_graph.State instance at 0x791e88ebac80>), ('-307486232', <state_graph.State instance at 0x791e8ba52d70>), ('-37785511', <state_graph.State instance at 0x791e88361e60>), ('OOAUT', <state_graph.State instance at 0x791eaa94c230>), ('1893074188', <state_graph.State instance at 0x791e88307c80>), ('-1433637423', <state_graph.State instance at 0x791e88132e10>), ('820917904', <state_graph.State instance at 0x791e8ac3f3c0>), ('-1556411559', <state_graph.State instance at 0x791e88ebad70>)]
the portion to the top 20% most frequent states: 0.25
Frequent nodes 
[('183131266', <state_graph.State instance at 0x791e83bc0960>), ('-583182176', <state_graph.State instance at 0x791e88ebac80>), ('-307486232', <state_graph.State instance at 0x791e8ba52d70>), ('-37785511', <state_graph.State instance at 0x791e88361e60>), ('OOAUT', <state_graph.State instance at 0x791eaa94c230>), ('1893074188', <state_graph.State instance at 0x791e88307c80>), ('-1433637423', <state_graph.State instance at 0x791e88132e10>), ('820917904', <state_graph.State instance at 0x791e8ac3f3c0>), ('-1556411559', <state_graph.State instance at 0x791e88ebad70>)]
--extracted id: -1894478199  num_controllable_widgets: 14
--transiton occurs
--a new state is triggered and add -1894478199 into the state graph.
get_jacoco_coverage- return code:  output: Broadcasting: Intent { act=edu.gatech.m3.emma.COLLECT_COVERAGE }
Broadcast completed: result=0
---
[COVERAGE FILE EXIST?]
coverage.ec
---
---
[VALIDATE COVERAGE FILE]$ java -jar /home/ubuntu/TimeMachine/fuzzingandroid/libs/jacococli.jar report /home/ubuntu/TimeMachine/results/AmazeFileManager-3.4.2-#1837-rebuilt.apk.timemachine.result.emulator-5554#2026-08-17-01-00-46/ec_files/emulator-55542026-08-17-01-28-46.ec  --classfiles /home/ubuntu/TimeMachine/instrumented_apps/AmazeFileManager/AmazeFileManager-#1837/app/build/intermediates/javac/fdroidDebug/classes/ --classfiles /home/ubuntu/TimeMachine/instrumented_apps/AmazeFileManager/AmazeFileManager-#1837/commons_compress_7z/build/intermediates/javac/debug/classes/ --sourcefiles /home/ubuntu/TimeMachine/instrumented_apps/AmazeFileManager/AmazeFileManager-#1837/app/src/main/java/ --sourcefiles /home/ubuntu/TimeMachine/instrumented_apps/AmazeFileManager/AmazeFileManager-#1837/commons_compress_7z/src/main/java/ &> temp
---
---
[VALIDATE MESSAGE]
---
SUCCESS: coverage file is valid!
[INFO] Loading execution data file /home/ubuntu/TimeMachine/results/AmazeFileManager-3.4.2-#1837-rebuilt.apk.timemachine.result.emulator-5554#2026-08-17-01-00-46/ec_files/emulator-55542026-08-17-01-28-46.ec.
[INFO] Analyzing 508 classes.
 /sdcard/coverage.ec: 1 file pulled, 0 skipped. 0.0 MB/s (1284 bytes in 0.069s)
 
compute_coverage-return code:  output: /home/ubuntu/TimeMachine/results/AmazeFileManager-3.4.2-#1837-rebuilt.apk.timemachine.result.emulator-5554#2026-08-17-01-00-46/ec_files/coveragetemp.ec /home/ubuntu/TimeMachine/results/AmazeFileManager-3.4.2-#1837-rebuilt.apk.timemachine.result.emulator-5554#2026-08-17-01-00-46/ec_files/emulator-55542026-08-17-01-09-02.ec /home/ubuntu/TimeMachine/results/AmazeFileManager-3.4.2-#1837-rebuilt.apk.timemachine.result.emulator-5554#2026-08-17-01-00-46/ec_files/emulator-55542026-08-17-01-09-05.ec /home/ubuntu/TimeMachine/results/AmazeFileManager-3.4.2-#1837-rebuilt.apk.timemachine.result.emulator-5554#2026-08-17-01-00-46/ec_files/emulator-55542026-08-17-01-16-12.ec /home/ubuntu/TimeMachine/results/AmazeFileManager-3.4.2-#1837-rebuilt.apk.timemachine.result.emulator-5554#2026-08-17-01-00-46/ec_files/emulator-55542026-08-17-01-16-28.ec /home/ubuntu/TimeMachine/results/AmazeFileManager-3.4.2-#1837-rebuilt.apk.timemachine.result.emulator-5554#2026-08-17-01-00-46/ec_files/emulator-55542026-08-17-01-16-41.ec /home/ubuntu/TimeMachine/results/AmazeFileManager-3.4.2-#1837-rebuilt.apk.timemachine.result.emulator-5554#2026-08-17-01-00-46/ec_files/emulator-55542026-08-17-01-16-55.ec /home/ubuntu/TimeMachine/results/AmazeFileManager-3.4.2-#1837-rebuilt.apk.timemachine.result.emulator-5554#2026-08-17-01-00-46/ec_files/emulator-55542026-08-17-01-17-06.ec /home/ubuntu/TimeMachine/results/AmazeFileManager-3.4.2-#1837-rebuilt.apk.timemachine.result.emulator-5554#2026-08-17-01-00-46/ec_files/emulator-55542026-08-17-01-17-18.ec /home/ubuntu/TimeMachine/results/AmazeFileManager-3.4.2-#1837-rebuilt.apk.timemachine.result.emulator-5554#2026-08-17-01-00-46/ec_files/emulator-55542026-08-17-01-18-42.ec /home/ubuntu/TimeMachine/results/AmazeFileManager-3.4.2-#1837-rebuilt.apk.timemachine.result.emulator-5554#2026-08-17-01-00-46/ec_files/emulator-55542026-08-17-01-19-37.ec /home/ubuntu/TimeMachine/results/AmazeFileManager-3.4.2-#1837-rebuilt.apk.timemachine.result.emulator-5554#2026-08-17-01-00-46/ec_files/emulator-55542026-08-17-01-19-48.ec /home/ubuntu/TimeMachine/results/AmazeFileManager-3.4.2-#1837-rebuilt.apk.timemachine.result.emulator-5554#2026-08-17-01-00-46/ec_files/emulator-55542026-08-17-01-20-06.ec /home/ubuntu/TimeMachine/results/AmazeFileManager-3.4.2-#1837-rebuilt.apk.timemachine.result.emulator-5554#2026-08-17-01-00-46/ec_files/emulator-55542026-08-17-01-20-22.ec /home/ubuntu/TimeMachine/results/AmazeFileManager-3.4.2-#1837-rebuilt.apk.timemachine.result.emulator-5554#2026-08-17-01-00-46/ec_files/emulator-55542026-08-17-01-20-37.ec /home/ubuntu/TimeMachine/results/AmazeFileManager-3.4.2-#1837-rebuilt.apk.timemachine.result.emulator-5554#2026-08-17-01-00-46/ec_files/emulator-55542026-08-17-01-20-50.ec /home/ubuntu/TimeMachine/results/AmazeFileManager-3.4.2-#1837-rebuilt.apk.timemachine.result.emulator-5554#2026-08-17-01-00-46/ec_files/emulator-55542026-08-17-01-21-08.ec /home/ubuntu/TimeMachine/results/AmazeFileManager-3.4.2-#1837-rebuilt.apk.timemachine.result.emulator-5554#2026-08-17-01-00-46/ec_files/emulator-55542026-08-17-01-21-20.ec /home/ubuntu/TimeMachine/results/AmazeFileManager-3.4.2-#1837-rebuilt.apk.timemachine.result.emulator-5554#2026-08-17-01-00-46/ec_files/emulator-55542026-08-17-01-21-33.ec /home/ubuntu/TimeMachine/results/AmazeFileManager-3.4.2-#1837-rebuilt.apk.timemachine.result.emulator-5554#2026-08-17-01-00-46/ec_files/emulator-55542026-08-17-01-21-46.ec /home/ubuntu/TimeMachine/results/AmazeFileManager-3.4.2-#1837-rebuilt.apk.timemachine.result.emulator-5554#2026-08-17-01-00-46/ec_files/emulator-55542026-08-17-01-22-01.ec /home/ubuntu/TimeMachine/results/AmazeFileManager-3.4.2-#1837-rebuilt.apk.timemachine.result.emulator-5554#2026-08-17-01-00-46/ec_files/emulator-55542026-08-17-01-22-12.ec /home/ubuntu/TimeMachine/results/AmazeFileManager-3.4.2-#1837-rebuilt.apk.timemachine.result.emulator-5554#2026-08-17-01-00-46/ec_files/emulator-55542026-08-17-01-22-27.ec /home/ubuntu/TimeMachine/results/AmazeFileManager-3.4.2-#1837-rebuilt.apk.timemachine.result.emulator-5554#2026-08-17-01-00-46/ec_files/emulator-55542026-08-17-01-22-41.ec /home/ubuntu/TimeMachine/results/AmazeFileManager-3.4.2-#1837-rebuilt.apk.timemachine.result.emulator-5554#2026-08-17-01-00-46/ec_files/emulator-55542026-08-17-01-22-51.ec /home/ubuntu/TimeMachine/results/AmazeFileManager-3.4.2-#1837-rebuilt.apk.timemachine.result.emulator-5554#2026-08-17-01-00-46/ec_files/emulator-55542026-08-17-01-23-08.ec /home/ubuntu/TimeMachine/results/AmazeFileManager-3.4.2-#1837-rebuilt.apk.timemachine.result.emulator-5554#2026-08-17-01-00-46/ec_files/emulator-55542026-08-17-01-23-22.ec /home/ubuntu/TimeMachine/results/AmazeFileManager-3.4.2-#1837-rebuilt.apk.timemachine.result.emulator-5554#2026-08-17-01-00-46/ec_files/emulator-55542026-08-17-01-23-34.ec /home/ubuntu/TimeMachine/results/AmazeFileManager-3.4.2-#1837-rebuilt.apk.timemachine.result.emulator-5554#2026-08-17-01-00-46/ec_files/emulator-55542026-08-17-01-23-47.ec /home/ubuntu/TimeMachine/results/AmazeFileManager-3.4.2-#1837-rebuilt.apk.timemachine.result.emulator-5554#2026-08-17-01-00-46/ec_files/emulator-55542026-08-17-01-23-58.ec /home/ubuntu/TimeMachine/results/AmazeFileManager-3.4.2-#1837-rebuilt.apk.timemachine.result.emulator-5554#2026-08-17-01-00-46/ec_files/emulator-55542026-08-17-01-24-09.ec /home/ubuntu/TimeMachine/results/AmazeFileManager-3.4.2-#1837-rebuilt.apk.timemachine.result.emulator-5554#2026-08-17-01-00-46/ec_files/emulator-55542026-08-17-01-24-28.ec /home/ubuntu/TimeMachine/results/AmazeFileManager-3.4.2-#1837-rebuilt.apk.timemachine.result.emulator-5554#2026-08-17-01-00-46/ec_files/emulator-55542026-08-17-01-24-43.ec /home/ubuntu/TimeMachine/results/AmazeFileManager-3.4.2-#1837-rebuilt.apk.timemachine.result.emulator-5554#2026-08-17-01-00-46/ec_files/emulator-55542026-08-17-01-24-56.ec /home/ubuntu/TimeMachine/results/AmazeFileManager-3.4.2-#1837-rebuilt.apk.timemachine.result.emulator-5554#2026-08-17-01-00-46/ec_files/emulator-55542026-08-17-01-25-09.ec /home/ubuntu/TimeMachine/results/AmazeFileManager-3.4.2-#1837-rebuilt.apk.timemachine.result.emulator-5554#2026-08-17-01-00-46/ec_files/emulator-55542026-08-17-01-25-20.ec /home/ubuntu/TimeMachine/results/AmazeFileManager-3.4.2-#1837-rebuilt.apk.timemachine.result.emulator-5554#2026-08-17-01-00-46/ec_files/emulator-55542026-08-17-01-25-33.ec /home/ubuntu/TimeMachine/results/AmazeFileManager-3.4.2-#1837-rebuilt.apk.timemachine.result.emulator-5554#2026-08-17-01-00-46/ec_files/emulator-55542026-08-17-01-25-44.ec /home/ubuntu/TimeMachine/results/AmazeFileManager-3.4.2-#1837-rebuilt.apk.timemachine.result.emulator-5554#2026-08-17-01-00-46/ec_files/emulator-55542026-08-17-01-25-57.ec /home/ubuntu/TimeMachine/results/AmazeFileManager-3.4.2-#1837-rebuilt.apk.timemachine.result.emulator-5554#2026-08-17-01-00-46/ec_files/emulator-55542026-08-17-01-26-15.ec /home/ubuntu/TimeMachine/results/AmazeFileManager-3.4.2-#1837-rebuilt.apk.timemachine.result.emulator-5554#2026-08-17-01-00-46/ec_files/emulator-55542026-08-17-01-26-33.ec /home/ubuntu/TimeMachine/results/AmazeFileManager-3.4.2-#1837-rebuilt.apk.timemachine.result.emulator-5554#2026-08-17-01-00-46/ec_files/emulator-55542026-08-17-01-26-46.ec /home/ubuntu/TimeMachine/results/AmazeFileManager-3.4.2-#1837-rebuilt.apk.timemachine.result.emulator-5554#2026-08-17-01-00-46/ec_files/emulator-55542026-08-17-01-27-00.ec /home/ubuntu/TimeMachine/results/AmazeFileManager-3.4.2-#1837-rebuilt.apk.timemachine.result.emulator-5554#2026-08-17-01-00-46/ec_files/emulator-55542026-08-17-01-27-16.ec /home/ubuntu/TimeMachine/results/AmazeFileManager-3.4.2-#1837-rebuilt.apk.timemachine.result.emulator-5554#2026-08-17-01-00-46/ec_files/emulator-55542026-08-17-01-27-30.ec /home/ubuntu/TimeMachine/results/AmazeFileManager-3.4.2-#1837-rebuilt.apk.timemachine.result.emulator-5554#2026-08-17-01-00-46/ec_files/emulator-55542026-08-17-01-27-46.ec /home/ubuntu/TimeMachine/results/AmazeFileManager-3.4.2-#1837-rebuilt.apk.timemachine.result.emulator-5554#2026-08-17-01-00-46/ec_files/emulator-55542026-08-17-01-28-00.ec /home/ubuntu/TimeMachine/results/AmazeFileManager-3.4.2-#1837-rebuilt.apk.timemachine.result.emulator-5554#2026-08-17-01-00-46/ec_files/emulator-55542026-08-17-01-28-14.ec /home/ubuntu/TimeMachine/results/AmazeFileManager-3.4.2-#1837-rebuilt.apk.timemachine.result.emulator-5554#2026-08-17-01-00-46/ec_files/emulator-55542026-08-17-01-28-30.ec /home/ubuntu/TimeMachine/results/AmazeFileManager-3.4.2-#1837-rebuilt.apk.timemachine.result.emulator-5554#2026-08-17-01-00-46/ec_files/emulator-55542026-08-17-01-28-46.ec
[INFO] Loading execution data file /home/ubuntu/TimeMachine/results/AmazeFileManager-3.4.2-#1837-rebuilt.apk.timemachine.result.emulator-5554#2026-08-17-01-00-46/ec_files/coveragetemp.ec.
[INFO] Loading execution data file /home/ubuntu/TimeMachine/results/AmazeFileManager-3.4.2-#1837-rebuilt.apk.timemachine.result.emulator-5554#2026-08-17-01-00-46/ec_files/emulator-55542026-08-17-01-09-02.ec.
[INFO] Loading execution data file /home/ubuntu/TimeMachine/results/AmazeFileManager-3.4.2-#1837-rebuilt.apk.timemachine.result.emulator-5554#2026-08-17-01-00-46/ec_files/emulator-55542026-08-17-01-09-05.ec.
[INFO] Loading execution data file /home/ubuntu/TimeMachine/results/AmazeFileManager-3.4.2-#1837-rebuilt.apk.timemachine.result.emulator-5554#2026-08-17-01-00-46/ec_files/emulator-55542026-08-17-01-16-12.ec.
[INFO] Loading execution data file /home/ubuntu/TimeMachine/results/AmazeFileManager-3.4.2-#1837-rebuilt.apk.timemachine.result.emulator-5554#2026-08-17-01-00-46/ec_files/emulator-55542026-08-17-01-16-28.ec.
[INFO] Loading execution data file /home/ubuntu/TimeMachine/results/AmazeFileManager-3.4.2-#1837-rebuilt.apk.timemachine.result.emulator-5554#2026-08-17-01-00-46/ec_files/emulator-55542026-08-17-01-16-41.ec.
[INFO] Loading execution data file /home/ubuntu/TimeMachine/results/AmazeFileManager-3.4.2-#1837-rebuilt.apk.timemachine.result.emulator-5554#2026-08-17-01-00-46/ec_files/emulator-55542026-08-17-01-16-55.ec.
[INFO] Loading execution data file /home/ubuntu/TimeMachine/results/AmazeFileManager-3.4.2-#1837-rebuilt.apk.timemachine.result.emulator-5554#2026-08-17-01-00-46/ec_files/emulator-55542026-08-17-01-17-06.ec.
[INFO] Loading execution data file /home/ubuntu/TimeMachine/results/AmazeFileManager-3.4.2-#1837-rebuilt.apk.timemachine.result.emulator-5554#2026-08-17-01-00-46/ec_files/emulator-55542026-08-17-01-17-18.ec.
[INFO] Loading execution data file /home/ubuntu/TimeMachine/results/AmazeFileManager-3.4.2-#1837-rebuilt.apk.timemachine.result.emulator-5554#2026-08-17-01-00-46/ec_files/emulator-55542026-08-17-01-18-42.ec.
[INFO] Loading execution data file /home/ubuntu/TimeMachine/results/AmazeFileManager-3.4.2-#1837-rebuilt.apk.timemachine.result.emulator-5554#2026-08-17-01-00-46/ec_files/emulator-55542026-08-17-01-19-37.ec.
[INFO] Loading execution data file /home/ubuntu/TimeMachine/results/AmazeFileManager-3.4.2-#1837-rebuilt.apk.timemachine.result.emulator-5554#2026-08-17-01-00-46/ec_files/emulator-55542026-08-17-01-19-48.ec.
[INFO] Loading execution data file /home/ubuntu/TimeMachine/results/AmazeFileManager-3.4.2-#1837-rebuilt.apk.timemachine.result.emulator-5554#2026-08-17-01-00-46/ec_files/emulator-55542026-08-17-01-20-06.ec.
[INFO] Loading execution data file /home/ubuntu/TimeMachine/results/AmazeFileManager-3.4.2-#1837-rebuilt.apk.timemachine.result.emulator-5554#2026-08-17-01-00-46/ec_files/emulator-55542026-08-17-01-20-22.ec.
[INFO] Loading execution data file /home/ubuntu/TimeMachine/results/AmazeFileManager-3.4.2-#1837-rebuilt.apk.timemachine.result.emulator-5554#2026-08-17-01-00-46/ec_files/emulator-55542026-08-17-01-20-37.ec.
[INFO] Loading execution data file /home/ubuntu/TimeMachine/results/AmazeFileManager-3.4.2-#1837-rebuilt.apk.timemachine.result.emulator-5554#2026-08-17-01-00-46/ec_files/emulator-55542026-08-17-01-20-50.ec.
[INFO] Loading execution data file /home/ubuntu/TimeMachine/results/AmazeFileManager-3.4.2-#1837-rebuilt.apk.timemachine.result.emulator-5554#2026-08-17-01-00-46/ec_files/emulator-55542026-08-17-01-21-08.ec.
[INFO] Loading execution data file /home/ubuntu/TimeMachine/results/AmazeFileManager-3.4.2-#1837-rebuilt.apk.timemachine.result.emulator-5554#2026-08-17-01-00-46/ec_files/emulator-55542026-08-17-01-21-20.ec.
[INFO] Loading execution data file /home/ubuntu/TimeMachine/results/AmazeFileManager-3.4.2-#1837-rebuilt.apk.timemachine.result.emulator-5554#2026-08-17-01-00-46/ec_files/emulator-55542026-08-17-01-21-33.ec.
[INFO] Loading execution data file /home/ubuntu/TimeMachine/results/AmazeFileManager-3.4.2-#1837-rebuilt.apk.timemachine.result.emulator-5554#2026-08-17-01-00-46/ec_files/emulator-55542026-08-17-01-21-46.ec.
[INFO] Loading execution data file /home/ubuntu/TimeMachine/results/AmazeFileManager-3.4.2-#1837-rebuilt.apk.timemachine.result.emulator-5554#2026-08-17-01-00-46/ec_files/emulator-55542026-08-17-01-22-01.ec.
[INFO] Loading execution data file /home/ubuntu/TimeMachine/results/AmazeFileManager-3.4.2-#1837-rebuilt.apk.timemachine.result.emulator-5554#2026-08-17-01-00-46/ec_files/emulator-55542026-08-17-01-22-12.ec.
[INFO] Loading execution data file /home/ubuntu/TimeMachine/results/AmazeFileManager-3.4.2-#1837-rebuilt.apk.timemachine.result.emulator-5554#2026-08-17-01-00-46/ec_files/emulator-55542026-08-17-01-22-27.ec.
[INFO] Loading execution data file /home/ubuntu/TimeMachine/results/AmazeFileManager-3.4.2-#1837-rebuilt.apk.timemachine.result.emulator-5554#2026-08-17-01-00-46/ec_files/emulator-55542026-08-17-01-22-41.ec.
[INFO] Loading execution data file /home/ubuntu/TimeMachine/results/AmazeFileManager-3.4.2-#1837-rebuilt.apk.timemachine.result.emulator-5554#2026-08-17-01-00-46/ec_files/emulator-55542026-08-17-01-22-51.ec.
[INFO] Loading execution data file /home/ubuntu/TimeMachine/results/AmazeFileManager-3.4.2-#1837-rebuilt.apk.timemachine.result.emulator-5554#2026-08-17-01-00-46/ec_files/emulator-55542026-08-17-01-23-08.ec.
[INFO] Loading execution data file /home/ubuntu/TimeMachine/results/AmazeFileManager-3.4.2-#1837-rebuilt.apk.timemachine.result.emulator-5554#2026-08-17-01-00-46/ec_files/emulator-55542026-08-17-01-23-22.ec.
[INFO] Loading execution data file /home/ubuntu/TimeMachine/results/AmazeFileManager-3.4.2-#1837-rebuilt.apk.timemachine.result.emulator-5554#2026-08-17-01-00-46/ec_files/emulator-55542026-08-17-01-23-34.ec.
[INFO] Loading execution data file /home/ubuntu/TimeMachine/results/AmazeFileManager-3.4.2-#1837-rebuilt.apk.timemachine.result.emulator-5554#2026-08-17-01-00-46/ec_files/emulator-55542026-08-17-01-23-47.ec.
[INFO] Loading execution data file /home/ubuntu/TimeMachine/results/AmazeFileManager-3.4.2-#1837-rebuilt.apk.timemachine.result.emulator-5554#2026-08-17-01-00-46/ec_files/emulator-55542026-08-17-01-23-58.ec.
[INFO] Loading execution data file /home/ubuntu/TimeMachine/results/AmazeFileManager-3.4.2-#1837-rebuilt.apk.timemachine.result.emulator-5554#2026-08-17-01-00-46/ec_files/emulator-55542026-08-17-01-24-09.ec.
[INFO] Loading execution data file /home/ubuntu/TimeMachine/results/AmazeFileManager-3.4.2-#1837-rebuilt.apk.timemachine.result.emulator-5554#2026-08-17-01-00-46/ec_files/emulator-55542026-08-17-01-24-28.ec.
[INFO] Loading execution data file /home/ubuntu/TimeMachine/results/AmazeFileManager-3.4.2-#1837-rebuilt.apk.timemachine.result.emulator-5554#2026-08-17-01-00-46/ec_files/emulator-55542026-08-17-01-24-43.ec.
[INFO] Loading execution data file /home/ubuntu/TimeMachine/results/AmazeFileManager-3.4.2-#1837-rebuilt.apk.timemachine.result.emulator-5554#2026-08-17-01-00-46/ec_files/emulator-55542026-08-17-01-24-56.ec.
[INFO] Loading execution data file /home/ubuntu/TimeMachine/results/AmazeFileManager-3.4.2-#1837-rebuilt.apk.timemachine.result.emulator-5554#2026-08-17-01-00-46/ec_files/emulator-55542026-08-17-01-25-09.ec.
[INFO] Loading execution data file /home/ubuntu/TimeMachine/results/AmazeFileManager-3.4.2-#1837-rebuilt.apk.timemachine.result.emulator-5554#2026-08-17-01-00-46/ec_files/emulator-55542026-08-17-01-25-20.ec.
[INFO] Loading execution data file /home/ubuntu/TimeMachine/results/AmazeFileManager-3.4.2-#1837-rebuilt.apk.timemachine.result.emulator-5554#2026-08-17-01-00-46/ec_files/emulator-55542026-08-17-01-25-33.ec.
[INFO] Loading execution data file /home/ubuntu/TimeMachine/results/AmazeFileManager-3.4.2-#1837-rebuilt.apk.timemachine.result.emulator-5554#2026-08-17-01-00-46/ec_files/emulator-55542026-08-17-01-25-44.ec.
[INFO] Loading execution data file /home/ubuntu/TimeMachine/results/AmazeFileManager-3.4.2-#1837-rebuilt.apk.timemachine.result.emulator-5554#2026-08-17-01-00-46/ec_files/emulator-55542026-08-17-01-25-57.ec.
[INFO] Loading execution data file /home/ubuntu/TimeMachine/results/AmazeFileManager-3.4.2-#1837-rebuilt.apk.timemachine.result.emulator-5554#2026-08-17-01-00-46/ec_files/emulator-55542026-08-17-01-26-15.ec.
[INFO] Loading execution data file /home/ubuntu/TimeMachine/results/AmazeFileManager-3.4.2-#1837-rebuilt.apk.timemachine.result.emulator-5554#2026-08-17-01-00-46/ec_files/emulator-55542026-08-17-01-26-33.ec.
[INFO] Loading execution data file /home/ubuntu/TimeMachine/results/AmazeFileManager-3.4.2-#1837-rebuilt.apk.timemachine.result.emulator-5554#2026-08-17-01-00-46/ec_files/emulator-55542026-08-17-01-26-46.ec.
[INFO] Loading execution data file /home/ubuntu/TimeMachine/results/AmazeFileManager-3.4.2-#1837-rebuilt.apk.timemachine.result.emulator-5554#2026-08-17-01-00-46/ec_files/emulator-55542026-08-17-01-27-00.ec.
[INFO] Loading execution data file /home/ubuntu/TimeMachine/results/AmazeFileManager-3.4.2-#1837-rebuilt.apk.timemachine.result.emulator-5554#2026-08-17-01-00-46/ec_files/emulator-55542026-08-17-01-27-16.ec.
[INFO] Loading execution data file /home/ubuntu/TimeMachine/results/AmazeFileManager-3.4.2-#1837-rebuilt.apk.timemachine.result.emulator-5554#2026-08-17-01-00-46/ec_files/emulator-55542026-08-17-01-27-30.ec.
[INFO] Loading execution data file /home/ubuntu/TimeMachine/results/AmazeFileManager-3.4.2-#1837-rebuilt.apk.timemachine.result.emulator-5554#2026-08-17-01-00-46/ec_files/emulator-55542026-08-17-01-27-46.ec.
[INFO] Loading execution data file /home/ubuntu/TimeMachine/results/AmazeFileManager-3.4.2-#1837-rebuilt.apk.timemachine.result.emulator-5554#2026-08-17-01-00-46/ec_files/emulator-55542026-08-17-01-28-00.ec.
[INFO] Loading execution data file /home/ubuntu/TimeMachine/results/AmazeFileManager-3.4.2-#1837-rebuilt.apk.timemachine.result.emulator-5554#2026-08-17-01-00-46/ec_files/emulator-55542026-08-17-01-28-14.ec.
[INFO] Loading execution data file /home/ubuntu/TimeMachine/results/AmazeFileManager-3.4.2-#1837-rebuilt.apk.timemachine.result.emulator-5554#2026-08-17-01-00-46/ec_files/emulator-55542026-08-17-01-28-30.ec.
[INFO] Loading execution data file /home/ubuntu/TimeMachine/results/AmazeFileManager-3.4.2-#1837-rebuilt.apk.timemachine.result.emulator-5554#2026-08-17-01-00-46/ec_files/emulator-55542026-08-17-01-28-46.ec.
[INFO] Analyzing 508 classes.
   
-----------
current jacoco line coverage rate: 0.199268395629
-----------
--coverage when the new state is triggered: 0.199268395629 current jacoco line coverage rate : 0.199268395629
===================> PENALIZE STATE <=====================
deque(['-37785511', '1514766507', '-37785511', '682925248', '-37785511', '-856995759', '707352327', '-335821635', '-307486232', '-1894478199'], maxlen=10)
Frequent nodes 
[('183131266', <state_graph.State instance at 0x791e83bc0960>), ('-583182176', <state_graph.State instance at 0x791e88ebac80>), ('-307486232', <state_graph.State instance at 0x791e8ba52d70>), ('-37785511', <state_graph.State instance at 0x791e88361e60>), ('OOAUT', <state_graph.State instance at 0x791eaa94c230>), ('1893074188', <state_graph.State instance at 0x791e88307c80>), ('-1433637423', <state_graph.State instance at 0x791e88132e10>), ('820917904', <state_graph.State instance at 0x791e8ac3f3c0>), ('-1556411559', <state_graph.State instance at 0x791e88ebad70>)]
the portion to the top 20% most frequent states: 0.25
Frequent nodes 
[('183131266', <state_graph.State instance at 0x791e83bc0960>), ('-583182176', <state_graph.State instance at 0x791e88ebac80>), ('-307486232', <state_graph.State instance at 0x791e8ba52d70>), ('-37785511', <state_graph.State instance at 0x791e88361e60>), ('OOAUT', <state_graph.State instance at 0x791eaa94c230>), ('1893074188', <state_graph.State instance at 0x791e88307c80>), ('-1433637423', <state_graph.State instance at 0x791e88132e10>), ('820917904', <state_graph.State instance at 0x791e8ac3f3c0>), ('-1556411559', <state_graph.State instance at 0x791e88ebad70>)]
--extracted id: -307486232  num_controllable_widgets: 0
--transiton occurs
--the state -307486232  exists
===================> PENALIZE STATE <=====================
deque(['1514766507', '-37785511', '682925248', '-37785511', '-856995759', '707352327', '-335821635', '-307486232', '-1894478199', '-307486232'], maxlen=10)
Frequent nodes 
[('183131266', <state_graph.State instance at 0x791e83bc0960>), ('-583182176', <state_graph.State instance at 0x791e88ebac80>), ('-307486232', <state_graph.State instance at 0x791e8ba52d70>), ('-37785511', <state_graph.State instance at 0x791e88361e60>), ('OOAUT', <state_graph.State instance at 0x791eaa94c230>), ('1893074188', <state_graph.State instance at 0x791e88307c80>), ('-1433637423', <state_graph.State instance at 0x791e88132e10>), ('820917904', <state_graph.State instance at 0x791e8ac3f3c0>), ('-1556411559', <state_graph.State instance at 0x791e88ebad70>)]
the portion to the top 20% most frequent states: 0.25
Frequent nodes 
[('183131266', <state_graph.State instance at 0x791e83bc0960>), ('-583182176', <state_graph.State instance at 0x791e88ebac80>), ('-307486232', <state_graph.State instance at 0x791e8ba52d70>), ('-37785511', <state_graph.State instance at 0x791e88361e60>), ('OOAUT', <state_graph.State instance at 0x791eaa94c230>), ('1893074188', <state_graph.State instance at 0x791e88307c80>), ('-1433637423', <state_graph.State instance at 0x791e88132e10>), ('820917904', <state_graph.State instance at 0x791e8ac3f3c0>), ('-1556411559', <state_graph.State instance at 0x791e88ebad70>)]
--extracted id: -37785511  num_controllable_widgets: 0
--transiton occurs
--the state -37785511  exists
===================> PENALIZE STATE <=====================
deque(['-37785511', '682925248', '-37785511', '-856995759', '707352327', '-335821635', '-307486232', '-1894478199', '-307486232', '-37785511'], maxlen=10)
Frequent nodes 
[('183131266', <state_graph.State instance at 0x791e83bc0960>), ('-583182176', <state_graph.State instance at 0x791e88ebac80>), ('-307486232', <state_graph.State instance at 0x791e8ba52d70>), ('-37785511', <state_graph.State instance at 0x791e88361e60>), ('OOAUT', <state_graph.State instance at 0x791eaa94c230>), ('1893074188', <state_graph.State instance at 0x791e88307c80>), ('-1433637423', <state_graph.State instance at 0x791e88132e10>), ('820917904', <state_graph.State instance at 0x791e8ac3f3c0>), ('-1556411559', <state_graph.State instance at 0x791e88ebad70>)]
the portion to the top 20% most frequent states: 0.285714285714
Frequent nodes 
[('183131266', <state_graph.State instance at 0x791e83bc0960>), ('-583182176', <state_graph.State instance at 0x791e88ebac80>), ('-307486232', <state_graph.State instance at 0x791e8ba52d70>), ('-37785511', <state_graph.State instance at 0x791e88361e60>), ('OOAUT', <state_graph.State instance at 0x791eaa94c230>), ('1893074188', <state_graph.State instance at 0x791e88307c80>), ('-1433637423', <state_graph.State instance at 0x791e88132e10>), ('820917904', <state_graph.State instance at 0x791e8ac3f3c0>), ('-1556411559', <state_graph.State instance at 0x791e88ebad70>)]
--extracted id: -37785511  num_controllable_widgets: 0
--event num: 1
--extracted id: -1894478199  num_controllable_widgets: 14
--transiton occurs
--the state -1894478199  exists
===================> PENALIZE STATE <=====================
deque(['682925248', '-37785511', '-856995759', '707352327', '-335821635', '-307486232', '-1894478199', '-307486232', '-37785511', '-1894478199'], maxlen=10)
Frequent nodes 
[('183131266', <state_graph.State instance at 0x791e83bc0960>), ('-583182176', <state_graph.State instance at 0x791e88ebac80>), ('-307486232', <state_graph.State instance at 0x791e8ba52d70>), ('-37785511', <state_graph.State instance at 0x791e88361e60>), ('OOAUT', <state_graph.State instance at 0x791eaa94c230>), ('1893074188', <state_graph.State instance at 0x791e88307c80>), ('-1433637423', <state_graph.State instance at 0x791e88132e10>), ('-1894478199', <state_graph.State instance at 0x791e8bf39460>), ('820917904', <state_graph.State instance at 0x791e8ac3f3c0>)]
the portion to the top 20% most frequent states: 0.428571428571
Frequent nodes 
[('183131266', <state_graph.State instance at 0x791e83bc0960>), ('-583182176', <state_graph.State instance at 0x791e88ebac80>), ('-307486232', <state_graph.State instance at 0x791e8ba52d70>), ('-37785511', <state_graph.State instance at 0x791e88361e60>), ('OOAUT', <state_graph.State instance at 0x791eaa94c230>), ('1893074188', <state_graph.State instance at 0x791e88307c80>), ('-1433637423', <state_graph.State instance at 0x791e88132e10>), ('-1894478199', <state_graph.State instance at 0x791e8bf39460>), ('820917904', <state_graph.State instance at 0x791e8ac3f3c0>)]
--extracted id: -1894478199  num_controllable_widgets: 14
--event num: 1
--extracted id: 1297129688  num_controllable_widgets: 21
--transiton occurs
--a new state is triggered and add 1297129688 into the state graph.
get_jacoco_coverage- return code:  output: Broadcasting: Intent { act=edu.gatech.m3.emma.COLLECT_COVERAGE }
Broadcast completed: result=0
---
[COVERAGE FILE EXIST?]
coverage.ec
---
---
[VALIDATE COVERAGE FILE]$ java -jar /home/ubuntu/TimeMachine/fuzzingandroid/libs/jacococli.jar report /home/ubuntu/TimeMachine/results/AmazeFileManager-3.4.2-#1837-rebuilt.apk.timemachine.result.emulator-5554#2026-08-17-01-00-46/ec_files/emulator-55542026-08-17-01-29-04.ec  --classfiles /home/ubuntu/TimeMachine/instrumented_apps/AmazeFileManager/AmazeFileManager-#1837/app/build/intermediates/javac/fdroidDebug/classes/ --classfiles /home/ubuntu/TimeMachine/instrumented_apps/AmazeFileManager/AmazeFileManager-#1837/commons_compress_7z/build/intermediates/javac/debug/classes/ --sourcefiles /home/ubuntu/TimeMachine/instrumented_apps/AmazeFileManager/AmazeFileManager-#1837/app/src/main/java/ --sourcefiles /home/ubuntu/TimeMachine/instrumented_apps/AmazeFileManager/AmazeFileManager-#1837/commons_compress_7z/src/main/java/ &> temp
---
---
[VALIDATE MESSAGE]
---
SUCCESS: coverage file is valid!
[INFO] Loading execution data file /home/ubuntu/TimeMachine/results/AmazeFileManager-3.4.2-#1837-rebuilt.apk.timemachine.result.emulator-5554#2026-08-17-01-00-46/ec_files/emulator-55542026-08-17-01-29-04.ec.
[INFO] Analyzing 508 classes.
 /sdcard/coverage.ec: 1 file pulled, 0 skipped. 0.0 MB/s (3137 bytes in 0.096s)
 
compute_coverage-return code:  output: /home/ubuntu/TimeMachine/results/AmazeFileManager-3.4.2-#1837-rebuilt.apk.timemachine.result.emulator-5554#2026-08-17-01-00-46/ec_files/coveragetemp.ec /home/ubuntu/TimeMachine/results/AmazeFileManager-3.4.2-#1837-rebuilt.apk.timemachine.result.emulator-5554#2026-08-17-01-00-46/ec_files/emulator-55542026-08-17-01-09-02.ec /home/ubuntu/TimeMachine/results/AmazeFileManager-3.4.2-#1837-rebuilt.apk.timemachine.result.emulator-5554#2026-08-17-01-00-46/ec_files/emulator-55542026-08-17-01-09-05.ec /home/ubuntu/TimeMachine/results/AmazeFileManager-3.4.2-#1837-rebuilt.apk.timemachine.result.emulator-5554#2026-08-17-01-00-46/ec_files/emulator-55542026-08-17-01-16-12.ec /home/ubuntu/TimeMachine/results/AmazeFileManager-3.4.2-#1837-rebuilt.apk.timemachine.result.emulator-5554#2026-08-17-01-00-46/ec_files/emulator-55542026-08-17-01-16-28.ec /home/ubuntu/TimeMachine/results/AmazeFileManager-3.4.2-#1837-rebuilt.apk.timemachine.result.emulator-5554#2026-08-17-01-00-46/ec_files/emulator-55542026-08-17-01-16-41.ec /home/ubuntu/TimeMachine/results/AmazeFileManager-3.4.2-#1837-rebuilt.apk.timemachine.result.emulator-5554#2026-08-17-01-00-46/ec_files/emulator-55542026-08-17-01-16-55.ec /home/ubuntu/TimeMachine/results/AmazeFileManager-3.4.2-#1837-rebuilt.apk.timemachine.result.emulator-5554#2026-08-17-01-00-46/ec_files/emulator-55542026-08-17-01-17-06.ec /home/ubuntu/TimeMachine/results/AmazeFileManager-3.4.2-#1837-rebuilt.apk.timemachine.result.emulator-5554#2026-08-17-01-00-46/ec_files/emulator-55542026-08-17-01-17-18.ec /home/ubuntu/TimeMachine/results/AmazeFileManager-3.4.2-#1837-rebuilt.apk.timemachine.result.emulator-5554#2026-08-17-01-00-46/ec_files/emulator-55542026-08-17-01-18-42.ec /home/ubuntu/TimeMachine/results/AmazeFileManager-3.4.2-#1837-rebuilt.apk.timemachine.result.emulator-5554#2026-08-17-01-00-46/ec_files/emulator-55542026-08-17-01-19-37.ec /home/ubuntu/TimeMachine/results/AmazeFileManager-3.4.2-#1837-rebuilt.apk.timemachine.result.emulator-5554#2026-08-17-01-00-46/ec_files/emulator-55542026-08-17-01-19-48.ec /home/ubuntu/TimeMachine/results/AmazeFileManager-3.4.2-#1837-rebuilt.apk.timemachine.result.emulator-5554#2026-08-17-01-00-46/ec_files/emulator-55542026-08-17-01-20-06.ec /home/ubuntu/TimeMachine/results/AmazeFileManager-3.4.2-#1837-rebuilt.apk.timemachine.result.emulator-5554#2026-08-17-01-00-46/ec_files/emulator-55542026-08-17-01-20-22.ec /home/ubuntu/TimeMachine/results/AmazeFileManager-3.4.2-#1837-rebuilt.apk.timemachine.result.emulator-5554#2026-08-17-01-00-46/ec_files/emulator-55542026-08-17-01-20-37.ec /home/ubuntu/TimeMachine/results/AmazeFileManager-3.4.2-#1837-rebuilt.apk.timemachine.result.emulator-5554#2026-08-17-01-00-46/ec_files/emulator-55542026-08-17-01-20-50.ec /home/ubuntu/TimeMachine/results/AmazeFileManager-3.4.2-#1837-rebuilt.apk.timemachine.result.emulator-5554#2026-08-17-01-00-46/ec_files/emulator-55542026-08-17-01-21-08.ec /home/ubuntu/TimeMachine/results/AmazeFileManager-3.4.2-#1837-rebuilt.apk.timemachine.result.emulator-5554#2026-08-17-01-00-46/ec_files/emulator-55542026-08-17-01-21-20.ec /home/ubuntu/TimeMachine/results/AmazeFileManager-3.4.2-#1837-rebuilt.apk.timemachine.result.emulator-5554#2026-08-17-01-00-46/ec_files/emulator-55542026-08-17-01-21-33.ec /home/ubuntu/TimeMachine/results/AmazeFileManager-3.4.2-#1837-rebuilt.apk.timemachine.result.emulator-5554#2026-08-17-01-00-46/ec_files/emulator-55542026-08-17-01-21-46.ec /home/ubuntu/TimeMachine/results/AmazeFileManager-3.4.2-#1837-rebuilt.apk.timemachine.result.emulator-5554#2026-08-17-01-00-46/ec_files/emulator-55542026-08-17-01-22-01.ec /home/ubuntu/TimeMachine/results/AmazeFileManager-3.4.2-#1837-rebuilt.apk.timemachine.result.emulator-5554#2026-08-17-01-00-46/ec_files/emulator-55542026-08-17-01-22-12.ec /home/ubuntu/TimeMachine/results/AmazeFileManager-3.4.2-#1837-rebuilt.apk.timemachine.result.emulator-5554#2026-08-17-01-00-46/ec_files/emulator-55542026-08-17-01-22-27.ec /home/ubuntu/TimeMachine/results/AmazeFileManager-3.4.2-#1837-rebuilt.apk.timemachine.result.emulator-5554#2026-08-17-01-00-46/ec_files/emulator-55542026-08-17-01-22-41.ec /home/ubuntu/TimeMachine/results/AmazeFileManager-3.4.2-#1837-rebuilt.apk.timemachine.result.emulator-5554#2026-08-17-01-00-46/ec_files/emulator-55542026-08-17-01-22-51.ec /home/ubuntu/TimeMachine/results/AmazeFileManager-3.4.2-#1837-rebuilt.apk.timemachine.result.emulator-5554#2026-08-17-01-00-46/ec_files/emulator-55542026-08-17-01-23-08.ec /home/ubuntu/TimeMachine/results/AmazeFileManager-3.4.2-#1837-rebuilt.apk.timemachine.result.emulator-5554#2026-08-17-01-00-46/ec_files/emulator-55542026-08-17-01-23-22.ec /home/ubuntu/TimeMachine/results/AmazeFileManager-3.4.2-#1837-rebuilt.apk.timemachine.result.emulator-5554#2026-08-17-01-00-46/ec_files/emulator-55542026-08-17-01-23-34.ec /home/ubuntu/TimeMachine/results/AmazeFileManager-3.4.2-#1837-rebuilt.apk.timemachine.result.emulator-5554#2026-08-17-01-00-46/ec_files/emulator-55542026-08-17-01-23-47.ec /home/ubuntu/TimeMachine/results/AmazeFileManager-3.4.2-#1837-rebuilt.apk.timemachine.result.emulator-5554#2026-08-17-01-00-46/ec_files/emulator-55542026-08-17-01-23-58.ec /home/ubuntu/TimeMachine/results/AmazeFileManager-3.4.2-#1837-rebuilt.apk.timemachine.result.emulator-5554#2026-08-17-01-00-46/ec_files/emulator-55542026-08-17-01-24-09.ec /home/ubuntu/TimeMachine/results/AmazeFileManager-3.4.2-#1837-rebuilt.apk.timemachine.result.emulator-5554#2026-08-17-01-00-46/ec_files/emulator-55542026-08-17-01-24-28.ec /home/ubuntu/TimeMachine/results/AmazeFileManager-3.4.2-#1837-rebuilt.apk.timemachine.result.emulator-5554#2026-08-17-01-00-46/ec_files/emulator-55542026-08-17-01-24-43.ec /home/ubuntu/TimeMachine/results/AmazeFileManager-3.4.2-#1837-rebuilt.apk.timemachine.result.emulator-5554#2026-08-17-01-00-46/ec_files/emulator-55542026-08-17-01-24-56.ec /home/ubuntu/TimeMachine/results/AmazeFileManager-3.4.2-#1837-rebuilt.apk.timemachine.result.emulator-5554#2026-08-17-01-00-46/ec_files/emulator-55542026-08-17-01-25-09.ec /home/ubuntu/TimeMachine/results/AmazeFileManager-3.4.2-#1837-rebuilt.apk.timemachine.result.emulator-5554#2026-08-17-01-00-46/ec_files/emulator-55542026-08-17-01-25-20.ec /home/ubuntu/TimeMachine/results/AmazeFileManager-3.4.2-#1837-rebuilt.apk.timemachine.result.emulator-5554#2026-08-17-01-00-46/ec_files/emulator-55542026-08-17-01-25-33.ec /home/ubuntu/TimeMachine/results/AmazeFileManager-3.4.2-#1837-rebuilt.apk.timemachine.result.emulator-5554#2026-08-17-01-00-46/ec_files/emulator-55542026-08-17-01-25-44.ec /home/ubuntu/TimeMachine/results/AmazeFileManager-3.4.2-#1837-rebuilt.apk.timemachine.result.emulator-5554#2026-08-17-01-00-46/ec_files/emulator-55542026-08-17-01-25-57.ec /home/ubuntu/TimeMachine/results/AmazeFileManager-3.4.2-#1837-rebuilt.apk.timemachine.result.emulator-5554#2026-08-17-01-00-46/ec_files/emulator-55542026-08-17-01-26-15.ec /home/ubuntu/TimeMachine/results/AmazeFileManager-3.4.2-#1837-rebuilt.apk.timemachine.result.emulator-5554#2026-08-17-01-00-46/ec_files/emulator-55542026-08-17-01-26-33.ec /home/ubuntu/TimeMachine/results/AmazeFileManager-3.4.2-#1837-rebuilt.apk.timemachine.result.emulator-5554#2026-08-17-01-00-46/ec_files/emulator-55542026-08-17-01-26-46.ec /home/ubuntu/TimeMachine/results/AmazeFileManager-3.4.2-#1837-rebuilt.apk.timemachine.result.emulator-5554#2026-08-17-01-00-46/ec_files/emulator-55542026-08-17-01-27-00.ec /home/ubuntu/TimeMachine/results/AmazeFileManager-3.4.2-#1837-rebuilt.apk.timemachine.result.emulator-5554#2026-08-17-01-00-46/ec_files/emulator-55542026-08-17-01-27-16.ec /home/ubuntu/TimeMachine/results/AmazeFileManager-3.4.2-#1837-rebuilt.apk.timemachine.result.emulator-5554#2026-08-17-01-00-46/ec_files/emulator-55542026-08-17-01-27-30.ec /home/ubuntu/TimeMachine/results/AmazeFileManager-3.4.2-#1837-rebuilt.apk.timemachine.result.emulator-5554#2026-08-17-01-00-46/ec_files/emulator-55542026-08-17-01-27-46.ec /home/ubuntu/TimeMachine/results/AmazeFileManager-3.4.2-#1837-rebuilt.apk.timemachine.result.emulator-5554#2026-08-17-01-00-46/ec_files/emulator-55542026-08-17-01-28-00.ec /home/ubuntu/TimeMachine/results/AmazeFileManager-3.4.2-#1837-rebuilt.apk.timemachine.result.emulator-5554#2026-08-17-01-00-46/ec_files/emulator-55542026-08-17-01-28-14.ec /home/ubuntu/TimeMachine/results/AmazeFileManager-3.4.2-#1837-rebuilt.apk.timemachine.result.emulator-5554#2026-08-17-01-00-46/ec_files/emulator-55542026-08-17-01-28-30.ec /home/ubuntu/TimeMachine/results/AmazeFileManager-3.4.2-#1837-rebuilt.apk.timemachine.result.emulator-5554#2026-08-17-01-00-46/ec_files/emulator-55542026-08-17-01-28-46.ec /home/ubuntu/TimeMachine/results/AmazeFileManager-3.4.2-#1837-rebuilt.apk.timemachine.result.emulator-5554#2026-08-17-01-00-46/ec_files/emulator-55542026-08-17-01-29-04.ec
[INFO] Loading execution data file /home/ubuntu/TimeMachine/results/AmazeFileManager-3.4.2-#1837-rebuilt.apk.timemachine.result.emulator-5554#2026-08-17-01-00-46/ec_files/coveragetemp.ec.
[INFO] Loading execution data file /home/ubuntu/TimeMachine/results/AmazeFileManager-3.4.2-#1837-rebuilt.apk.timemachine.result.emulator-5554#2026-08-17-01-00-46/ec_files/emulator-55542026-08-17-01-09-02.ec.
[INFO] Loading execution data file /home/ubuntu/TimeMachine/results/AmazeFileManager-3.4.2-#1837-rebuilt.apk.timemachine.result.emulator-5554#2026-08-17-01-00-46/ec_files/emulator-55542026-08-17-01-09-05.ec.
[INFO] Loading execution data file /home/ubuntu/TimeMachine/results/AmazeFileManager-3.4.2-#1837-rebuilt.apk.timemachine.result.emulator-5554#2026-08-17-01-00-46/ec_files/emulator-55542026-08-17-01-16-12.ec.
[INFO] Loading execution data file /home/ubuntu/TimeMachine/results/AmazeFileManager-3.4.2-#1837-rebuilt.apk.timemachine.result.emulator-5554#2026-08-17-01-00-46/ec_files/emulator-55542026-08-17-01-16-28.ec.
[INFO] Loading execution data file /home/ubuntu/TimeMachine/results/AmazeFileManager-3.4.2-#1837-rebuilt.apk.timemachine.result.emulator-5554#2026-08-17-01-00-46/ec_files/emulator-55542026-08-17-01-16-41.ec.
[INFO] Loading execution data file /home/ubuntu/TimeMachine/results/AmazeFileManager-3.4.2-#1837-rebuilt.apk.timemachine.result.emulator-5554#2026-08-17-01-00-46/ec_files/emulator-55542026-08-17-01-16-55.ec.
[INFO] Loading execution data file /home/ubuntu/TimeMachine/results/AmazeFileManager-3.4.2-#1837-rebuilt.apk.timemachine.result.emulator-5554#2026-08-17-01-00-46/ec_files/emulator-55542026-08-17-01-17-06.ec.
[INFO] Loading execution data file /home/ubuntu/TimeMachine/results/AmazeFileManager-3.4.2-#1837-rebuilt.apk.timemachine.result.emulator-5554#2026-08-17-01-00-46/ec_files/emulator-55542026-08-17-01-17-18.ec.
[INFO] Loading execution data file /home/ubuntu/TimeMachine/results/AmazeFileManager-3.4.2-#1837-rebuilt.apk.timemachine.result.emulator-5554#2026-08-17-01-00-46/ec_files/emulator-55542026-08-17-01-18-42.ec.
[INFO] Loading execution data file /home/ubuntu/TimeMachine/results/AmazeFileManager-3.4.2-#1837-rebuilt.apk.timemachine.result.emulator-5554#2026-08-17-01-00-46/ec_files/emulator-55542026-08-17-01-19-37.ec.
[INFO] Loading execution data file /home/ubuntu/TimeMachine/results/AmazeFileManager-3.4.2-#1837-rebuilt.apk.timemachine.result.emulator-5554#2026-08-17-01-00-46/ec_files/emulator-55542026-08-17-01-19-48.ec.
[INFO] Loading execution data file /home/ubuntu/TimeMachine/results/AmazeFileManager-3.4.2-#1837-rebuilt.apk.timemachine.result.emulator-5554#2026-08-17-01-00-46/ec_files/emulator-55542026-08-17-01-20-06.ec.
[INFO] Loading execution data file /home/ubuntu/TimeMachine/results/AmazeFileManager-3.4.2-#1837-rebuilt.apk.timemachine.result.emulator-5554#2026-08-17-01-00-46/ec_files/emulator-55542026-08-17-01-20-22.ec.
[INFO] Loading execution data file /home/ubuntu/TimeMachine/results/AmazeFileManager-3.4.2-#1837-rebuilt.apk.timemachine.result.emulator-5554#2026-08-17-01-00-46/ec_files/emulator-55542026-08-17-01-20-37.ec.
[INFO] Loading execution data file /home/ubuntu/TimeMachine/results/AmazeFileManager-3.4.2-#1837-rebuilt.apk.timemachine.result.emulator-5554#2026-08-17-01-00-46/ec_files/emulator-55542026-08-17-01-20-50.ec.
[INFO] Loading execution data file /home/ubuntu/TimeMachine/results/AmazeFileManager-3.4.2-#1837-rebuilt.apk.timemachine.result.emulator-5554#2026-08-17-01-00-46/ec_files/emulator-55542026-08-17-01-21-08.ec.
[INFO] Loading execution data file /home/ubuntu/TimeMachine/results/AmazeFileManager-3.4.2-#1837-rebuilt.apk.timemachine.result.emulator-5554#2026-08-17-01-00-46/ec_files/emulator-55542026-08-17-01-21-20.ec.
[INFO] Loading execution data file /home/ubuntu/TimeMachine/results/AmazeFileManager-3.4.2-#1837-rebuilt.apk.timemachine.result.emulator-5554#2026-08-17-01-00-46/ec_files/emulator-55542026-08-17-01-21-33.ec.
[INFO] Loading execution data file /home/ubuntu/TimeMachine/results/AmazeFileManager-3.4.2-#1837-rebuilt.apk.timemachine.result.emulator-5554#2026-08-17-01-00-46/ec_files/emulator-55542026-08-17-01-21-46.ec.
[INFO] Loading execution data file /home/ubuntu/TimeMachine/results/AmazeFileManager-3.4.2-#1837-rebuilt.apk.timemachine.result.emulator-5554#2026-08-17-01-00-46/ec_files/emulator-55542026-08-17-01-22-01.ec.
[INFO] Loading execution data file /home/ubuntu/TimeMachine/results/AmazeFileManager-3.4.2-#1837-rebuilt.apk.timemachine.result.emulator-5554#2026-08-17-01-00-46/ec_files/emulator-55542026-08-17-01-22-12.ec.
[INFO] Loading execution data file /home/ubuntu/TimeMachine/results/AmazeFileManager-3.4.2-#1837-rebuilt.apk.timemachine.result.emulator-5554#2026-08-17-01-00-46/ec_files/emulator-55542026-08-17-01-22-27.ec.
[INFO] Loading execution data file /home/ubuntu/TimeMachine/results/AmazeFileManager-3.4.2-#1837-rebuilt.apk.timemachine.result.emulator-5554#2026-08-17-01-00-46/ec_files/emulator-55542026-08-17-01-22-41.ec.
[INFO] Loading execution data file /home/ubuntu/TimeMachine/results/AmazeFileManager-3.4.2-#1837-rebuilt.apk.timemachine.result.emulator-5554#2026-08-17-01-00-46/ec_files/emulator-55542026-08-17-01-22-51.ec.
[INFO] Loading execution data file /home/ubuntu/TimeMachine/results/AmazeFileManager-3.4.2-#1837-rebuilt.apk.timemachine.result.emulator-5554#2026-08-17-01-00-46/ec_files/emulator-55542026-08-17-01-23-08.ec.
[INFO] Loading execution data file /home/ubuntu/TimeMachine/results/AmazeFileManager-3.4.2-#1837-rebuilt.apk.timemachine.result.emulator-5554#2026-08-17-01-00-46/ec_files/emulator-55542026-08-17-01-23-22.ec.
[INFO] Loading execution data file /home/ubuntu/TimeMachine/results/AmazeFileManager-3.4.2-#1837-rebuilt.apk.timemachine.result.emulator-5554#2026-08-17-01-00-46/ec_files/emulator-55542026-08-17-01-23-34.ec.
[INFO] Loading execution data file /home/ubuntu/TimeMachine/results/AmazeFileManager-3.4.2-#1837-rebuilt.apk.timemachine.result.emulator-5554#2026-08-17-01-00-46/ec_files/emulator-55542026-08-17-01-23-47.ec.
[INFO] Loading execution data file /home/ubuntu/TimeMachine/results/AmazeFileManager-3.4.2-#1837-rebuilt.apk.timemachine.result.emulator-5554#2026-08-17-01-00-46/ec_files/emulator-55542026-08-17-01-23-58.ec.
[INFO] Loading execution data file /home/ubuntu/TimeMachine/results/AmazeFileManager-3.4.2-#1837-rebuilt.apk.timemachine.result.emulator-5554#2026-08-17-01-00-46/ec_files/emulator-55542026-08-17-01-24-09.ec.
[INFO] Loading execution data file /home/ubuntu/TimeMachine/results/AmazeFileManager-3.4.2-#1837-rebuilt.apk.timemachine.result.emulator-5554#2026-08-17-01-00-46/ec_files/emulator-55542026-08-17-01-24-28.ec.
[INFO] Loading execution data file /home/ubuntu/TimeMachine/results/AmazeFileManager-3.4.2-#1837-rebuilt.apk.timemachine.result.emulator-5554#2026-08-17-01-00-46/ec_files/emulator-55542026-08-17-01-24-43.ec.
[INFO] Loading execution data file /home/ubuntu/TimeMachine/results/AmazeFileManager-3.4.2-#1837-rebuilt.apk.timemachine.result.emulator-5554#2026-08-17-01-00-46/ec_files/emulator-55542026-08-17-01-24-56.ec.
[INFO] Loading execution data file /home/ubuntu/TimeMachine/results/AmazeFileManager-3.4.2-#1837-rebuilt.apk.timemachine.result.emulator-5554#2026-08-17-01-00-46/ec_files/emulator-55542026-08-17-01-25-09.ec.
[INFO] Loading execution data file /home/ubuntu/TimeMachine/results/AmazeFileManager-3.4.2-#1837-rebuilt.apk.timemachine.result.emulator-5554#2026-08-17-01-00-46/ec_files/emulator-55542026-08-17-01-25-20.ec.
[INFO] Loading execution data file /home/ubuntu/TimeMachine/results/AmazeFileManager-3.4.2-#1837-rebuilt.apk.timemachine.result.emulator-5554#2026-08-17-01-00-46/ec_files/emulator-55542026-08-17-01-25-33.ec.
[INFO] Loading execution data file /home/ubuntu/TimeMachine/results/AmazeFileManager-3.4.2-#1837-rebuilt.apk.timemachine.result.emulator-5554#2026-08-17-01-00-46/ec_files/emulator-55542026-08-17-01-25-44.ec.
[INFO] Loading execution data file /home/ubuntu/TimeMachine/results/AmazeFileManager-3.4.2-#1837-rebuilt.apk.timemachine.result.emulator-5554#2026-08-17-01-00-46/ec_files/emulator-55542026-08-17-01-25-57.ec.
[INFO] Loading execution data file /home/ubuntu/TimeMachine/results/AmazeFileManager-3.4.2-#1837-rebuilt.apk.timemachine.result.emulator-5554#2026-08-17-01-00-46/ec_files/emulator-55542026-08-17-01-26-15.ec.
[INFO] Loading execution data file /home/ubuntu/TimeMachine/results/AmazeFileManager-3.4.2-#1837-rebuilt.apk.timemachine.result.emulator-5554#2026-08-17-01-00-46/ec_files/emulator-55542026-08-17-01-26-33.ec.
[INFO] Loading execution data file /home/ubuntu/TimeMachine/results/AmazeFileManager-3.4.2-#1837-rebuilt.apk.timemachine.result.emulator-5554#2026-08-17-01-00-46/ec_files/emulator-55542026-08-17-01-26-46.ec.
[INFO] Loading execution data file /home/ubuntu/TimeMachine/results/AmazeFileManager-3.4.2-#1837-rebuilt.apk.timemachine.result.emulator-5554#2026-08-17-01-00-46/ec_files/emulator-55542026-08-17-01-27-00.ec.
[INFO] Loading execution data file /home/ubuntu/TimeMachine/results/AmazeFileManager-3.4.2-#1837-rebuilt.apk.timemachine.result.emulator-5554#2026-08-17-01-00-46/ec_files/emulator-55542026-08-17-01-27-16.ec.
[INFO] Loading execution data file /home/ubuntu/TimeMachine/results/AmazeFileManager-3.4.2-#1837-rebuilt.apk.timemachine.result.emulator-5554#2026-08-17-01-00-46/ec_files/emulator-55542026-08-17-01-27-30.ec.
[INFO] Loading execution data file /home/ubuntu/TimeMachine/results/AmazeFileManager-3.4.2-#1837-rebuilt.apk.timemachine.result.emulator-5554#2026-08-17-01-00-46/ec_files/emulator-55542026-08-17-01-27-46.ec.
[INFO] Loading execution data file /home/ubuntu/TimeMachine/results/AmazeFileManager-3.4.2-#1837-rebuilt.apk.timemachine.result.emulator-5554#2026-08-17-01-00-46/ec_files/emulator-55542026-08-17-01-28-00.ec.
[INFO] Loading execution data file /home/ubuntu/TimeMachine/results/AmazeFileManager-3.4.2-#1837-rebuilt.apk.timemachine.result.emulator-5554#2026-08-17-01-00-46/ec_files/emulator-55542026-08-17-01-28-14.ec.
[INFO] Loading execution data file /home/ubuntu/TimeMachine/results/AmazeFileManager-3.4.2-#1837-rebuilt.apk.timemachine.result.emulator-5554#2026-08-17-01-00-46/ec_files/emulator-55542026-08-17-01-28-30.ec.
[INFO] Loading execution data file /home/ubuntu/TimeMachine/results/AmazeFileManager-3.4.2-#1837-rebuilt.apk.timemachine.result.emulator-5554#2026-08-17-01-00-46/ec_files/emulator-55542026-08-17-01-28-46.ec.
[INFO] Loading execution data file /home/ubuntu/TimeMachine/results/AmazeFileManager-3.4.2-#1837-rebuilt.apk.timemachine.result.emulator-5554#2026-08-17-01-00-46/ec_files/emulator-55542026-08-17-01-29-04.ec.
[INFO] Analyzing 508 classes.
   
-----------
current jacoco line coverage rate: 0.199268395629
-----------
--coverage when the new state is triggered: 0.199268395629 current jacoco line coverage rate : 0.199268395629
===================> PENALIZE STATE <=====================
deque(['-37785511', '-856995759', '707352327', '-335821635', '-307486232', '-1894478199', '-307486232', '-37785511', '-1894478199', '1297129688'], maxlen=10)
Frequent nodes 
[('183131266', <state_graph.State instance at 0x791e83bc0960>), ('-583182176', <state_graph.State instance at 0x791e88ebac80>), ('-307486232', <state_graph.State instance at 0x791e8ba52d70>), ('-37785511', <state_graph.State instance at 0x791e88361e60>), ('OOAUT', <state_graph.State instance at 0x791eaa94c230>), ('1893074188', <state_graph.State instance at 0x791e88307c80>), ('-1433637423', <state_graph.State instance at 0x791e88132e10>), ('-1894478199', <state_graph.State instance at 0x791e8bf39460>), ('820917904', <state_graph.State instance at 0x791e8ac3f3c0>), ('-1556411559', <state_graph.State instance at 0x791e88ebad70>)]
the portion to the top 20% most frequent states: 0.428571428571
Frequent nodes 
[('183131266', <state_graph.State instance at 0x791e83bc0960>), ('-583182176', <state_graph.State instance at 0x791e88ebac80>), ('-307486232', <state_graph.State instance at 0x791e8ba52d70>), ('-37785511', <state_graph.State instance at 0x791e88361e60>), ('OOAUT', <state_graph.State instance at 0x791eaa94c230>), ('1893074188', <state_graph.State instance at 0x791e88307c80>), ('-1433637423', <state_graph.State instance at 0x791e88132e10>), ('-1894478199', <state_graph.State instance at 0x791e8bf39460>), ('820917904', <state_graph.State instance at 0x791e8ac3f3c0>), ('-1556411559', <state_graph.State instance at 0x791e88ebad70>)]
--extracted id: -1867057599  num_controllable_widgets: 14
--transiton occurs
--a new state is triggered and add -1867057599 into the state graph.
get_jacoco_coverage- return code:  output: Broadcasting: Intent { act=edu.gatech.m3.emma.COLLECT_COVERAGE }
Broadcast completed: result=0
---
[COVERAGE FILE EXIST?]
coverage.ec
---
---
[VALIDATE COVERAGE FILE]$ java -jar /home/ubuntu/TimeMachine/fuzzingandroid/libs/jacococli.jar report /home/ubuntu/TimeMachine/results/AmazeFileManager-3.4.2-#1837-rebuilt.apk.timemachine.result.emulator-5554#2026-08-17-01-00-46/ec_files/emulator-55542026-08-17-01-29-17.ec  --classfiles /home/ubuntu/TimeMachine/instrumented_apps/AmazeFileManager/AmazeFileManager-#1837/app/build/intermediates/javac/fdroidDebug/classes/ --classfiles /home/ubuntu/TimeMachine/instrumented_apps/AmazeFileManager/AmazeFileManager-#1837/commons_compress_7z/build/intermediates/javac/debug/classes/ --sourcefiles /home/ubuntu/TimeMachine/instrumented_apps/AmazeFileManager/AmazeFileManager-#1837/app/src/main/java/ --sourcefiles /home/ubuntu/TimeMachine/instrumented_apps/AmazeFileManager/AmazeFileManager-#1837/commons_compress_7z/src/main/java/ &> temp
---
---
[VALIDATE MESSAGE]
---
SUCCESS: coverage file is valid!
[INFO] Loading execution data file /home/ubuntu/TimeMachine/results/AmazeFileManager-3.4.2-#1837-rebuilt.apk.timemachine.result.emulator-5554#2026-08-17-01-00-46/ec_files/emulator-55542026-08-17-01-29-17.ec.
[INFO] Analyzing 508 classes.
 /sdcard/coverage.ec: 1 file pulled, 0 skipped. 0.0 MB/s (1432 bytes in 0.046s)
 
compute_coverage-return code:  output: /home/ubuntu/TimeMachine/results/AmazeFileManager-3.4.2-#1837-rebuilt.apk.timemachine.result.emulator-5554#2026-08-17-01-00-46/ec_files/coveragetemp.ec /home/ubuntu/TimeMachine/results/AmazeFileManager-3.4.2-#1837-rebuilt.apk.timemachine.result.emulator-5554#2026-08-17-01-00-46/ec_files/emulator-55542026-08-17-01-09-02.ec /home/ubuntu/TimeMachine/results/AmazeFileManager-3.4.2-#1837-rebuilt.apk.timemachine.result.emulator-5554#2026-08-17-01-00-46/ec_files/emulator-55542026-08-17-01-09-05.ec /home/ubuntu/TimeMachine/results/AmazeFileManager-3.4.2-#1837-rebuilt.apk.timemachine.result.emulator-5554#2026-08-17-01-00-46/ec_files/emulator-55542026-08-17-01-16-12.ec /home/ubuntu/TimeMachine/results/AmazeFileManager-3.4.2-#1837-rebuilt.apk.timemachine.result.emulator-5554#2026-08-17-01-00-46/ec_files/emulator-55542026-08-17-01-16-28.ec /home/ubuntu/TimeMachine/results/AmazeFileManager-3.4.2-#1837-rebuilt.apk.timemachine.result.emulator-5554#2026-08-17-01-00-46/ec_files/emulator-55542026-08-17-01-16-41.ec /home/ubuntu/TimeMachine/results/AmazeFileManager-3.4.2-#1837-rebuilt.apk.timemachine.result.emulator-5554#2026-08-17-01-00-46/ec_files/emulator-55542026-08-17-01-16-55.ec /home/ubuntu/TimeMachine/results/AmazeFileManager-3.4.2-#1837-rebuilt.apk.timemachine.result.emulator-5554#2026-08-17-01-00-46/ec_files/emulator-55542026-08-17-01-17-06.ec /home/ubuntu/TimeMachine/results/AmazeFileManager-3.4.2-#1837-rebuilt.apk.timemachine.result.emulator-5554#2026-08-17-01-00-46/ec_files/emulator-55542026-08-17-01-17-18.ec /home/ubuntu/TimeMachine/results/AmazeFileManager-3.4.2-#1837-rebuilt.apk.timemachine.result.emulator-5554#2026-08-17-01-00-46/ec_files/emulator-55542026-08-17-01-18-42.ec /home/ubuntu/TimeMachine/results/AmazeFileManager-3.4.2-#1837-rebuilt.apk.timemachine.result.emulator-5554#2026-08-17-01-00-46/ec_files/emulator-55542026-08-17-01-19-37.ec /home/ubuntu/TimeMachine/results/AmazeFileManager-3.4.2-#1837-rebuilt.apk.timemachine.result.emulator-5554#2026-08-17-01-00-46/ec_files/emulator-55542026-08-17-01-19-48.ec /home/ubuntu/TimeMachine/results/AmazeFileManager-3.4.2-#1837-rebuilt.apk.timemachine.result.emulator-5554#2026-08-17-01-00-46/ec_files/emulator-55542026-08-17-01-20-06.ec /home/ubuntu/TimeMachine/results/AmazeFileManager-3.4.2-#1837-rebuilt.apk.timemachine.result.emulator-5554#2026-08-17-01-00-46/ec_files/emulator-55542026-08-17-01-20-22.ec /home/ubuntu/TimeMachine/results/AmazeFileManager-3.4.2-#1837-rebuilt.apk.timemachine.result.emulator-5554#2026-08-17-01-00-46/ec_files/emulator-55542026-08-17-01-20-37.ec /home/ubuntu/TimeMachine/results/AmazeFileManager-3.4.2-#1837-rebuilt.apk.timemachine.result.emulator-5554#2026-08-17-01-00-46/ec_files/emulator-55542026-08-17-01-20-50.ec /home/ubuntu/TimeMachine/results/AmazeFileManager-3.4.2-#1837-rebuilt.apk.timemachine.result.emulator-5554#2026-08-17-01-00-46/ec_files/emulator-55542026-08-17-01-21-08.ec /home/ubuntu/TimeMachine/results/AmazeFileManager-3.4.2-#1837-rebuilt.apk.timemachine.result.emulator-5554#2026-08-17-01-00-46/ec_files/emulator-55542026-08-17-01-21-20.ec /home/ubuntu/TimeMachine/results/AmazeFileManager-3.4.2-#1837-rebuilt.apk.timemachine.result.emulator-5554#2026-08-17-01-00-46/ec_files/emulator-55542026-08-17-01-21-33.ec /home/ubuntu/TimeMachine/results/AmazeFileManager-3.4.2-#1837-rebuilt.apk.timemachine.result.emulator-5554#2026-08-17-01-00-46/ec_files/emulator-55542026-08-17-01-21-46.ec /home/ubuntu/TimeMachine/results/AmazeFileManager-3.4.2-#1837-rebuilt.apk.timemachine.result.emulator-5554#2026-08-17-01-00-46/ec_files/emulator-55542026-08-17-01-22-01.ec /home/ubuntu/TimeMachine/results/AmazeFileManager-3.4.2-#1837-rebuilt.apk.timemachine.result.emulator-5554#2026-08-17-01-00-46/ec_files/emulator-55542026-08-17-01-22-12.ec /home/ubuntu/TimeMachine/results/AmazeFileManager-3.4.2-#1837-rebuilt.apk.timemachine.result.emulator-5554#2026-08-17-01-00-46/ec_files/emulator-55542026-08-17-01-22-27.ec /home/ubuntu/TimeMachine/results/AmazeFileManager-3.4.2-#1837-rebuilt.apk.timemachine.result.emulator-5554#2026-08-17-01-00-46/ec_files/emulator-55542026-08-17-01-22-41.ec /home/ubuntu/TimeMachine/results/AmazeFileManager-3.4.2-#1837-rebuilt.apk.timemachine.result.emulator-5554#2026-08-17-01-00-46/ec_files/emulator-55542026-08-17-01-22-51.ec /home/ubuntu/TimeMachine/results/AmazeFileManager-3.4.2-#1837-rebuilt.apk.timemachine.result.emulator-5554#2026-08-17-01-00-46/ec_files/emulator-55542026-08-17-01-23-08.ec /home/ubuntu/TimeMachine/results/AmazeFileManager-3.4.2-#1837-rebuilt.apk.timemachine.result.emulator-5554#2026-08-17-01-00-46/ec_files/emulator-55542026-08-17-01-23-22.ec /home/ubuntu/TimeMachine/results/AmazeFileManager-3.4.2-#1837-rebuilt.apk.timemachine.result.emulator-5554#2026-08-17-01-00-46/ec_files/emulator-55542026-08-17-01-23-34.ec /home/ubuntu/TimeMachine/results/AmazeFileManager-3.4.2-#1837-rebuilt.apk.timemachine.result.emulator-5554#2026-08-17-01-00-46/ec_files/emulator-55542026-08-17-01-23-47.ec /home/ubuntu/TimeMachine/results/AmazeFileManager-3.4.2-#1837-rebuilt.apk.timemachine.result.emulator-5554#2026-08-17-01-00-46/ec_files/emulator-55542026-08-17-01-23-58.ec /home/ubuntu/TimeMachine/results/AmazeFileManager-3.4.2-#1837-rebuilt.apk.timemachine.result.emulator-5554#2026-08-17-01-00-46/ec_files/emulator-55542026-08-17-01-24-09.ec /home/ubuntu/TimeMachine/results/AmazeFileManager-3.4.2-#1837-rebuilt.apk.timemachine.result.emulator-5554#2026-08-17-01-00-46/ec_files/emulator-55542026-08-17-01-24-28.ec /home/ubuntu/TimeMachine/results/AmazeFileManager-3.4.2-#1837-rebuilt.apk.timemachine.result.emulator-5554#2026-08-17-01-00-46/ec_files/emulator-55542026-08-17-01-24-43.ec /home/ubuntu/TimeMachine/results/AmazeFileManager-3.4.2-#1837-rebuilt.apk.timemachine.result.emulator-5554#2026-08-17-01-00-46/ec_files/emulator-55542026-08-17-01-24-56.ec /home/ubuntu/TimeMachine/results/AmazeFileManager-3.4.2-#1837-rebuilt.apk.timemachine.result.emulator-5554#2026-08-17-01-00-46/ec_files/emulator-55542026-08-17-01-25-09.ec /home/ubuntu/TimeMachine/results/AmazeFileManager-3.4.2-#1837-rebuilt.apk.timemachine.result.emulator-5554#2026-08-17-01-00-46/ec_files/emulator-55542026-08-17-01-25-20.ec /home/ubuntu/TimeMachine/results/AmazeFileManager-3.4.2-#1837-rebuilt.apk.timemachine.result.emulator-5554#2026-08-17-01-00-46/ec_files/emulator-55542026-08-17-01-25-33.ec /home/ubuntu/TimeMachine/results/AmazeFileManager-3.4.2-#1837-rebuilt.apk.timemachine.result.emulator-5554#2026-08-17-01-00-46/ec_files/emulator-55542026-08-17-01-25-44.ec /home/ubuntu/TimeMachine/results/AmazeFileManager-3.4.2-#1837-rebuilt.apk.timemachine.result.emulator-5554#2026-08-17-01-00-46/ec_files/emulator-55542026-08-17-01-25-57.ec /home/ubuntu/TimeMachine/results/AmazeFileManager-3.4.2-#1837-rebuilt.apk.timemachine.result.emulator-5554#2026-08-17-01-00-46/ec_files/emulator-55542026-08-17-01-26-15.ec /home/ubuntu/TimeMachine/results/AmazeFileManager-3.4.2-#1837-rebuilt.apk.timemachine.result.emulator-5554#2026-08-17-01-00-46/ec_files/emulator-55542026-08-17-01-26-33.ec /home/ubuntu/TimeMachine/results/AmazeFileManager-3.4.2-#1837-rebuilt.apk.timemachine.result.emulator-5554#2026-08-17-01-00-46/ec_files/emulator-55542026-08-17-01-26-46.ec /home/ubuntu/TimeMachine/results/AmazeFileManager-3.4.2-#1837-rebuilt.apk.timemachine.result.emulator-5554#2026-08-17-01-00-46/ec_files/emulator-55542026-08-17-01-27-00.ec /home/ubuntu/TimeMachine/results/AmazeFileManager-3.4.2-#1837-rebuilt.apk.timemachine.result.emulator-5554#2026-08-17-01-00-46/ec_files/emulator-55542026-08-17-01-27-16.ec /home/ubuntu/TimeMachine/results/AmazeFileManager-3.4.2-#1837-rebuilt.apk.timemachine.result.emulator-5554#2026-08-17-01-00-46/ec_files/emulator-55542026-08-17-01-27-30.ec /home/ubuntu/TimeMachine/results/AmazeFileManager-3.4.2-#1837-rebuilt.apk.timemachine.result.emulator-5554#2026-08-17-01-00-46/ec_files/emulator-55542026-08-17-01-27-46.ec /home/ubuntu/TimeMachine/results/AmazeFileManager-3.4.2-#1837-rebuilt.apk.timemachine.result.emulator-5554#2026-08-17-01-00-46/ec_files/emulator-55542026-08-17-01-28-00.ec /home/ubuntu/TimeMachine/results/AmazeFileManager-3.4.2-#1837-rebuilt.apk.timemachine.result.emulator-5554#2026-08-17-01-00-46/ec_files/emulator-55542026-08-17-01-28-14.ec /home/ubuntu/TimeMachine/results/AmazeFileManager-3.4.2-#1837-rebuilt.apk.timemachine.result.emulator-5554#2026-08-17-01-00-46/ec_files/emulator-55542026-08-17-01-28-30.ec /home/ubuntu/TimeMachine/results/AmazeFileManager-3.4.2-#1837-rebuilt.apk.timemachine.result.emulator-5554#2026-08-17-01-00-46/ec_files/emulator-55542026-08-17-01-28-46.ec /home/ubuntu/TimeMachine/results/AmazeFileManager-3.4.2-#1837-rebuilt.apk.timemachine.result.emulator-5554#2026-08-17-01-00-46/ec_files/emulator-55542026-08-17-01-29-04.ec /home/ubuntu/TimeMachine/results/AmazeFileManager-3.4.2-#1837-rebuilt.apk.timemachine.result.emulator-5554#2026-08-17-01-00-46/ec_files/emulator-55542026-08-17-01-29-17.ec
[INFO] Loading execution data file /home/ubuntu/TimeMachine/results/AmazeFileManager-3.4.2-#1837-rebuilt.apk.timemachine.result.emulator-5554#2026-08-17-01-00-46/ec_files/coveragetemp.ec.
[INFO] Loading execution data file /home/ubuntu/TimeMachine/results/AmazeFileManager-3.4.2-#1837-rebuilt.apk.timemachine.result.emulator-5554#2026-08-17-01-00-46/ec_files/emulator-55542026-08-17-01-09-02.ec.
[INFO] Loading execution data file /home/ubuntu/TimeMachine/results/AmazeFileManager-3.4.2-#1837-rebuilt.apk.timemachine.result.emulator-5554#2026-08-17-01-00-46/ec_files/emulator-55542026-08-17-01-09-05.ec.
[INFO] Loading execution data file /home/ubuntu/TimeMachine/results/AmazeFileManager-3.4.2-#1837-rebuilt.apk.timemachine.result.emulator-5554#2026-08-17-01-00-46/ec_files/emulator-55542026-08-17-01-16-12.ec.
[INFO] Loading execution data file /home/ubuntu/TimeMachine/results/AmazeFileManager-3.4.2-#1837-rebuilt.apk.timemachine.result.emulator-5554#2026-08-17-01-00-46/ec_files/emulator-55542026-08-17-01-16-28.ec.
[INFO] Loading execution data file /home/ubuntu/TimeMachine/results/AmazeFileManager-3.4.2-#1837-rebuilt.apk.timemachine.result.emulator-5554#2026-08-17-01-00-46/ec_files/emulator-55542026-08-17-01-16-41.ec.
[INFO] Loading execution data file /home/ubuntu/TimeMachine/results/AmazeFileManager-3.4.2-#1837-rebuilt.apk.timemachine.result.emulator-5554#2026-08-17-01-00-46/ec_files/emulator-55542026-08-17-01-16-55.ec.
[INFO] Loading execution data file /home/ubuntu/TimeMachine/results/AmazeFileManager-3.4.2-#1837-rebuilt.apk.timemachine.result.emulator-5554#2026-08-17-01-00-46/ec_files/emulator-55542026-08-17-01-17-06.ec.
[INFO] Loading execution data file /home/ubuntu/TimeMachine/results/AmazeFileManager-3.4.2-#1837-rebuilt.apk.timemachine.result.emulator-5554#2026-08-17-01-00-46/ec_files/emulator-55542026-08-17-01-17-18.ec.
[INFO] Loading execution data file /home/ubuntu/TimeMachine/results/AmazeFileManager-3.4.2-#1837-rebuilt.apk.timemachine.result.emulator-5554#2026-08-17-01-00-46/ec_files/emulator-55542026-08-17-01-18-42.ec.
[INFO] Loading execution data file /home/ubuntu/TimeMachine/results/AmazeFileManager-3.4.2-#1837-rebuilt.apk.timemachine.result.emulator-5554#2026-08-17-01-00-46/ec_files/emulator-55542026-08-17-01-19-37.ec.
[INFO] Loading execution data file /home/ubuntu/TimeMachine/results/AmazeFileManager-3.4.2-#1837-rebuilt.apk.timemachine.result.emulator-5554#2026-08-17-01-00-46/ec_files/emulator-55542026-08-17-01-19-48.ec.
[INFO] Loading execution data file /home/ubuntu/TimeMachine/results/AmazeFileManager-3.4.2-#1837-rebuilt.apk.timemachine.result.emulator-5554#2026-08-17-01-00-46/ec_files/emulator-55542026-08-17-01-20-06.ec.
[INFO] Loading execution data file /home/ubuntu/TimeMachine/results/AmazeFileManager-3.4.2-#1837-rebuilt.apk.timemachine.result.emulator-5554#2026-08-17-01-00-46/ec_files/emulator-55542026-08-17-01-20-22.ec.
[INFO] Loading execution data file /home/ubuntu/TimeMachine/results/AmazeFileManager-3.4.2-#1837-rebuilt.apk.timemachine.result.emulator-5554#2026-08-17-01-00-46/ec_files/emulator-55542026-08-17-01-20-37.ec.
[INFO] Loading execution data file /home/ubuntu/TimeMachine/results/AmazeFileManager-3.4.2-#1837-rebuilt.apk.timemachine.result.emulator-5554#2026-08-17-01-00-46/ec_files/emulator-55542026-08-17-01-20-50.ec.
[INFO] Loading execution data file /home/ubuntu/TimeMachine/results/AmazeFileManager-3.4.2-#1837-rebuilt.apk.timemachine.result.emulator-5554#2026-08-17-01-00-46/ec_files/emulator-55542026-08-17-01-21-08.ec.
[INFO] Loading execution data file /home/ubuntu/TimeMachine/results/AmazeFileManager-3.4.2-#1837-rebuilt.apk.timemachine.result.emulator-5554#2026-08-17-01-00-46/ec_files/emulator-55542026-08-17-01-21-20.ec.
[INFO] Loading execution data file /home/ubuntu/TimeMachine/results/AmazeFileManager-3.4.2-#1837-rebuilt.apk.timemachine.result.emulator-5554#2026-08-17-01-00-46/ec_files/emulator-55542026-08-17-01-21-33.ec.
[INFO] Loading execution data file /home/ubuntu/TimeMachine/results/AmazeFileManager-3.4.2-#1837-rebuilt.apk.timemachine.result.emulator-5554#2026-08-17-01-00-46/ec_files/emulator-55542026-08-17-01-21-46.ec.
[INFO] Loading execution data file /home/ubuntu/TimeMachine/results/AmazeFileManager-3.4.2-#1837-rebuilt.apk.timemachine.result.emulator-5554#2026-08-17-01-00-46/ec_files/emulator-55542026-08-17-01-22-01.ec.
[INFO] Loading execution data file /home/ubuntu/TimeMachine/results/AmazeFileManager-3.4.2-#1837-rebuilt.apk.timemachine.result.emulator-5554#2026-08-17-01-00-46/ec_files/emulator-55542026-08-17-01-22-12.ec.
[INFO] Loading execution data file /home/ubuntu/TimeMachine/results/AmazeFileManager-3.4.2-#1837-rebuilt.apk.timemachine.result.emulator-5554#2026-08-17-01-00-46/ec_files/emulator-55542026-08-17-01-22-27.ec.
[INFO] Loading execution data file /home/ubuntu/TimeMachine/results/AmazeFileManager-3.4.2-#1837-rebuilt.apk.timemachine.result.emulator-5554#2026-08-17-01-00-46/ec_files/emulator-55542026-08-17-01-22-41.ec.
[INFO] Loading execution data file /home/ubuntu/TimeMachine/results/AmazeFileManager-3.4.2-#1837-rebuilt.apk.timemachine.result.emulator-5554#2026-08-17-01-00-46/ec_files/emulator-55542026-08-17-01-22-51.ec.
[INFO] Loading execution data file /home/ubuntu/TimeMachine/results/AmazeFileManager-3.4.2-#1837-rebuilt.apk.timemachine.result.emulator-5554#2026-08-17-01-00-46/ec_files/emulator-55542026-08-17-01-23-08.ec.
[INFO] Loading execution data file /home/ubuntu/TimeMachine/results/AmazeFileManager-3.4.2-#1837-rebuilt.apk.timemachine.result.emulator-5554#2026-08-17-01-00-46/ec_files/emulator-55542026-08-17-01-23-22.ec.
[INFO] Loading execution data file /home/ubuntu/TimeMachine/results/AmazeFileManager-3.4.2-#1837-rebuilt.apk.timemachine.result.emulator-5554#2026-08-17-01-00-46/ec_files/emulator-55542026-08-17-01-23-34.ec.
[INFO] Loading execution data file /home/ubuntu/TimeMachine/results/AmazeFileManager-3.4.2-#1837-rebuilt.apk.timemachine.result.emulator-5554#2026-08-17-01-00-46/ec_files/emulator-55542026-08-17-01-23-47.ec.
[INFO] Loading execution data file /home/ubuntu/TimeMachine/results/AmazeFileManager-3.4.2-#1837-rebuilt.apk.timemachine.result.emulator-5554#2026-08-17-01-00-46/ec_files/emulator-55542026-08-17-01-23-58.ec.
[INFO] Loading execution data file /home/ubuntu/TimeMachine/results/AmazeFileManager-3.4.2-#1837-rebuilt.apk.timemachine.result.emulator-5554#2026-08-17-01-00-46/ec_files/emulator-55542026-08-17-01-24-09.ec.
[INFO] Loading execution data file /home/ubuntu/TimeMachine/results/AmazeFileManager-3.4.2-#1837-rebuilt.apk.timemachine.result.emulator-5554#2026-08-17-01-00-46/ec_files/emulator-55542026-08-17-01-24-28.ec.
[INFO] Loading execution data file /home/ubuntu/TimeMachine/results/AmazeFileManager-3.4.2-#1837-rebuilt.apk.timemachine.result.emulator-5554#2026-08-17-01-00-46/ec_files/emulator-55542026-08-17-01-24-43.ec.
[INFO] Loading execution data file /home/ubuntu/TimeMachine/results/AmazeFileManager-3.4.2-#1837-rebuilt.apk.timemachine.result.emulator-5554#2026-08-17-01-00-46/ec_files/emulator-55542026-08-17-01-24-56.ec.
[INFO] Loading execution data file /home/ubuntu/TimeMachine/results/AmazeFileManager-3.4.2-#1837-rebuilt.apk.timemachine.result.emulator-5554#2026-08-17-01-00-46/ec_files/emulator-55542026-08-17-01-25-09.ec.
[INFO] Loading execution data file /home/ubuntu/TimeMachine/results/AmazeFileManager-3.4.2-#1837-rebuilt.apk.timemachine.result.emulator-5554#2026-08-17-01-00-46/ec_files/emulator-55542026-08-17-01-25-20.ec.
[INFO] Loading execution data file /home/ubuntu/TimeMachine/results/AmazeFileManager-3.4.2-#1837-rebuilt.apk.timemachine.result.emulator-5554#2026-08-17-01-00-46/ec_files/emulator-55542026-08-17-01-25-33.ec.
[INFO] Loading execution data file /home/ubuntu/TimeMachine/results/AmazeFileManager-3.4.2-#1837-rebuilt.apk.timemachine.result.emulator-5554#2026-08-17-01-00-46/ec_files/emulator-55542026-08-17-01-25-44.ec.
[INFO] Loading execution data file /home/ubuntu/TimeMachine/results/AmazeFileManager-3.4.2-#1837-rebuilt.apk.timemachine.result.emulator-5554#2026-08-17-01-00-46/ec_files/emulator-55542026-08-17-01-25-57.ec.
[INFO] Loading execution data file /home/ubuntu/TimeMachine/results/AmazeFileManager-3.4.2-#1837-rebuilt.apk.timemachine.result.emulator-5554#2026-08-17-01-00-46/ec_files/emulator-55542026-08-17-01-26-15.ec.
[INFO] Loading execution data file /home/ubuntu/TimeMachine/results/AmazeFileManager-3.4.2-#1837-rebuilt.apk.timemachine.result.emulator-5554#2026-08-17-01-00-46/ec_files/emulator-55542026-08-17-01-26-33.ec.
[INFO] Loading execution data file /home/ubuntu/TimeMachine/results/AmazeFileManager-3.4.2-#1837-rebuilt.apk.timemachine.result.emulator-5554#2026-08-17-01-00-46/ec_files/emulator-55542026-08-17-01-26-46.ec.
[INFO] Loading execution data file /home/ubuntu/TimeMachine/results/AmazeFileManager-3.4.2-#1837-rebuilt.apk.timemachine.result.emulator-5554#2026-08-17-01-00-46/ec_files/emulator-55542026-08-17-01-27-00.ec.
[INFO] Loading execution data file /home/ubuntu/TimeMachine/results/AmazeFileManager-3.4.2-#1837-rebuilt.apk.timemachine.result.emulator-5554#2026-08-17-01-00-46/ec_files/emulator-55542026-08-17-01-27-16.ec.
[INFO] Loading execution data file /home/ubuntu/TimeMachine/results/AmazeFileManager-3.4.2-#1837-rebuilt.apk.timemachine.result.emulator-5554#2026-08-17-01-00-46/ec_files/emulator-55542026-08-17-01-27-30.ec.
[INFO] Loading execution data file /home/ubuntu/TimeMachine/results/AmazeFileManager-3.4.2-#1837-rebuilt.apk.timemachine.result.emulator-5554#2026-08-17-01-00-46/ec_files/emulator-55542026-08-17-01-27-46.ec.
[INFO] Loading execution data file /home/ubuntu/TimeMachine/results/AmazeFileManager-3.4.2-#1837-rebuilt.apk.timemachine.result.emulator-5554#2026-08-17-01-00-46/ec_files/emulator-55542026-08-17-01-28-00.ec.
[INFO] Loading execution data file /home/ubuntu/TimeMachine/results/AmazeFileManager-3.4.2-#1837-rebuilt.apk.timemachine.result.emulator-5554#2026-08-17-01-00-46/ec_files/emulator-55542026-08-17-01-28-14.ec.
[INFO] Loading execution data file /home/ubuntu/TimeMachine/results/AmazeFileManager-3.4.2-#1837-rebuilt.apk.timemachine.result.emulator-5554#2026-08-17-01-00-46/ec_files/emulator-55542026-08-17-01-28-30.ec.
[INFO] Loading execution data file /home/ubuntu/TimeMachine/results/AmazeFileManager-3.4.2-#1837-rebuilt.apk.timemachine.result.emulator-5554#2026-08-17-01-00-46/ec_files/emulator-55542026-08-17-01-28-46.ec.
[INFO] Loading execution data file /home/ubuntu/TimeMachine/results/AmazeFileManager-3.4.2-#1837-rebuilt.apk.timemachine.result.emulator-5554#2026-08-17-01-00-46/ec_files/emulator-55542026-08-17-01-29-04.ec.
[INFO] Loading execution data file /home/ubuntu/TimeMachine/results/AmazeFileManager-3.4.2-#1837-rebuilt.apk.timemachine.result.emulator-5554#2026-08-17-01-00-46/ec_files/emulator-55542026-08-17-01-29-17.ec.
[INFO] Analyzing 508 classes.
   
-----------
current jacoco line coverage rate: 0.199268395629
-----------
--coverage when the new state is triggered: 0.199268395629 current jacoco line coverage rate : 0.199268395629
===================> PENALIZE STATE <=====================
deque(['-856995759', '707352327', '-335821635', '-307486232', '-1894478199', '-307486232', '-37785511', '-1894478199', '1297129688', '-1867057599'], maxlen=10)
Frequent nodes 
[('183131266', <state_graph.State instance at 0x791e83bc0960>), ('-583182176', <state_graph.State instance at 0x791e88ebac80>), ('-307486232', <state_graph.State instance at 0x791e8ba52d70>), ('-37785511', <state_graph.State instance at 0x791e88361e60>), ('OOAUT', <state_graph.State instance at 0x791eaa94c230>), ('1893074188', <state_graph.State instance at 0x791e88307c80>), ('-1433637423', <state_graph.State instance at 0x791e88132e10>), ('-1894478199', <state_graph.State instance at 0x791e8bf39460>), ('820917904', <state_graph.State instance at 0x791e8ac3f3c0>), ('-1556411559', <state_graph.State instance at 0x791e88ebad70>)]
the portion to the top 20% most frequent states: 0.375
Frequent nodes 
[('183131266', <state_graph.State instance at 0x791e83bc0960>), ('-583182176', <state_graph.State instance at 0x791e88ebac80>), ('-307486232', <state_graph.State instance at 0x791e8ba52d70>), ('-37785511', <state_graph.State instance at 0x791e88361e60>), ('OOAUT', <state_graph.State instance at 0x791eaa94c230>), ('1893074188', <state_graph.State instance at 0x791e88307c80>), ('-1433637423', <state_graph.State instance at 0x791e88132e10>), ('-1894478199', <state_graph.State instance at 0x791e8bf39460>), ('820917904', <state_graph.State instance at 0x791e8ac3f3c0>), ('-1556411559', <state_graph.State instance at 0x791e88ebad70>)]
--extracted id: -1894478199  num_controllable_widgets: 14
--transiton occurs
--the state -1894478199  exists
===================> PENALIZE STATE <=====================
deque(['707352327', '-335821635', '-307486232', '-1894478199', '-307486232', '-37785511', '-1894478199', '1297129688', '-1867057599', '-1894478199'], maxlen=10)
Frequent nodes 
[('183131266', <state_graph.State instance at 0x791e83bc0960>), ('-583182176', <state_graph.State instance at 0x791e88ebac80>), ('-307486232', <state_graph.State instance at 0x791e8ba52d70>), ('-37785511', <state_graph.State instance at 0x791e88361e60>), ('OOAUT', <state_graph.State instance at 0x791eaa94c230>), ('1893074188', <state_graph.State instance at 0x791e88307c80>), ('-1894478199', <state_graph.State instance at 0x791e8bf39460>), ('-1433637423', <state_graph.State instance at 0x791e88132e10>), ('820917904', <state_graph.State instance at 0x791e8ac3f3c0>), ('-1556411559', <state_graph.State instance at 0x791e88ebad70>)]
the portion to the top 20% most frequent states: 0.428571428571
Frequent nodes 
[('183131266', <state_graph.State instance at 0x791e83bc0960>), ('-583182176', <state_graph.State instance at 0x791e88ebac80>), ('-307486232', <state_graph.State instance at 0x791e8ba52d70>), ('-37785511', <state_graph.State instance at 0x791e88361e60>), ('OOAUT', <state_graph.State instance at 0x791eaa94c230>), ('1893074188', <state_graph.State instance at 0x791e88307c80>), ('-1894478199', <state_graph.State instance at 0x791e8bf39460>), ('-1433637423', <state_graph.State instance at 0x791e88132e10>), ('820917904', <state_graph.State instance at 0x791e8ac3f3c0>), ('-1556411559', <state_graph.State instance at 0x791e88ebad70>)]
--extracted id: -1121270738  num_controllable_widgets: 11
--transiton occurs
--a new state is triggered and add -1121270738 into the state graph.
get_jacoco_coverage- return code:  output: Broadcasting: Intent { act=edu.gatech.m3.emma.COLLECT_COVERAGE }
Broadcast completed: result=0
---
[COVERAGE FILE EXIST?]
coverage.ec
---
---
[VALIDATE COVERAGE FILE]$ java -jar /home/ubuntu/TimeMachine/fuzzingandroid/libs/jacococli.jar report /home/ubuntu/TimeMachine/results/AmazeFileManager-3.4.2-#1837-rebuilt.apk.timemachine.result.emulator-5554#2026-08-17-01-00-46/ec_files/emulator-55542026-08-17-01-29-36.ec  --classfiles /home/ubuntu/TimeMachine/instrumented_apps/AmazeFileManager/AmazeFileManager-#1837/app/build/intermediates/javac/fdroidDebug/classes/ --classfiles /home/ubuntu/TimeMachine/instrumented_apps/AmazeFileManager/AmazeFileManager-#1837/commons_compress_7z/build/intermediates/javac/debug/classes/ --sourcefiles /home/ubuntu/TimeMachine/instrumented_apps/AmazeFileManager/AmazeFileManager-#1837/app/src/main/java/ --sourcefiles /home/ubuntu/TimeMachine/instrumented_apps/AmazeFileManager/AmazeFileManager-#1837/commons_compress_7z/src/main/java/ &> temp
---
---
[VALIDATE MESSAGE]
---
SUCCESS: coverage file is valid!
[INFO] Loading execution data file /home/ubuntu/TimeMachine/results/AmazeFileManager-3.4.2-#1837-rebuilt.apk.timemachine.result.emulator-5554#2026-08-17-01-00-46/ec_files/emulator-55542026-08-17-01-29-36.ec.
[INFO] Analyzing 508 classes.
 /sdcard/coverage.ec: 1 file pulled, 0 skipped. 0.1 MB/s (2833 bytes in 0.048s)
 
compute_coverage-return code:  output: /home/ubuntu/TimeMachine/results/AmazeFileManager-3.4.2-#1837-rebuilt.apk.timemachine.result.emulator-5554#2026-08-17-01-00-46/ec_files/coveragetemp.ec /home/ubuntu/TimeMachine/results/AmazeFileManager-3.4.2-#1837-rebuilt.apk.timemachine.result.emulator-5554#2026-08-17-01-00-46/ec_files/emulator-55542026-08-17-01-09-02.ec /home/ubuntu/TimeMachine/results/AmazeFileManager-3.4.2-#1837-rebuilt.apk.timemachine.result.emulator-5554#2026-08-17-01-00-46/ec_files/emulator-55542026-08-17-01-09-05.ec /home/ubuntu/TimeMachine/results/AmazeFileManager-3.4.2-#1837-rebuilt.apk.timemachine.result.emulator-5554#2026-08-17-01-00-46/ec_files/emulator-55542026-08-17-01-16-12.ec /home/ubuntu/TimeMachine/results/AmazeFileManager-3.4.2-#1837-rebuilt.apk.timemachine.result.emulator-5554#2026-08-17-01-00-46/ec_files/emulator-55542026-08-17-01-16-28.ec /home/ubuntu/TimeMachine/results/AmazeFileManager-3.4.2-#1837-rebuilt.apk.timemachine.result.emulator-5554#2026-08-17-01-00-46/ec_files/emulator-55542026-08-17-01-16-41.ec /home/ubuntu/TimeMachine/results/AmazeFileManager-3.4.2-#1837-rebuilt.apk.timemachine.result.emulator-5554#2026-08-17-01-00-46/ec_files/emulator-55542026-08-17-01-16-55.ec /home/ubuntu/TimeMachine/results/AmazeFileManager-3.4.2-#1837-rebuilt.apk.timemachine.result.emulator-5554#2026-08-17-01-00-46/ec_files/emulator-55542026-08-17-01-17-06.ec /home/ubuntu/TimeMachine/results/AmazeFileManager-3.4.2-#1837-rebuilt.apk.timemachine.result.emulator-5554#2026-08-17-01-00-46/ec_files/emulator-55542026-08-17-01-17-18.ec /home/ubuntu/TimeMachine/results/AmazeFileManager-3.4.2-#1837-rebuilt.apk.timemachine.result.emulator-5554#2026-08-17-01-00-46/ec_files/emulator-55542026-08-17-01-18-42.ec /home/ubuntu/TimeMachine/results/AmazeFileManager-3.4.2-#1837-rebuilt.apk.timemachine.result.emulator-5554#2026-08-17-01-00-46/ec_files/emulator-55542026-08-17-01-19-37.ec /home/ubuntu/TimeMachine/results/AmazeFileManager-3.4.2-#1837-rebuilt.apk.timemachine.result.emulator-5554#2026-08-17-01-00-46/ec_files/emulator-55542026-08-17-01-19-48.ec /home/ubuntu/TimeMachine/results/AmazeFileManager-3.4.2-#1837-rebuilt.apk.timemachine.result.emulator-5554#2026-08-17-01-00-46/ec_files/emulator-55542026-08-17-01-20-06.ec /home/ubuntu/TimeMachine/results/AmazeFileManager-3.4.2-#1837-rebuilt.apk.timemachine.result.emulator-5554#2026-08-17-01-00-46/ec_files/emulator-55542026-08-17-01-20-22.ec /home/ubuntu/TimeMachine/results/AmazeFileManager-3.4.2-#1837-rebuilt.apk.timemachine.result.emulator-5554#2026-08-17-01-00-46/ec_files/emulator-55542026-08-17-01-20-37.ec /home/ubuntu/TimeMachine/results/AmazeFileManager-3.4.2-#1837-rebuilt.apk.timemachine.result.emulator-5554#2026-08-17-01-00-46/ec_files/emulator-55542026-08-17-01-20-50.ec /home/ubuntu/TimeMachine/results/AmazeFileManager-3.4.2-#1837-rebuilt.apk.timemachine.result.emulator-5554#2026-08-17-01-00-46/ec_files/emulator-55542026-08-17-01-21-08.ec /home/ubuntu/TimeMachine/results/AmazeFileManager-3.4.2-#1837-rebuilt.apk.timemachine.result.emulator-5554#2026-08-17-01-00-46/ec_files/emulator-55542026-08-17-01-21-20.ec /home/ubuntu/TimeMachine/results/AmazeFileManager-3.4.2-#1837-rebuilt.apk.timemachine.result.emulator-5554#2026-08-17-01-00-46/ec_files/emulator-55542026-08-17-01-21-33.ec /home/ubuntu/TimeMachine/results/AmazeFileManager-3.4.2-#1837-rebuilt.apk.timemachine.result.emulator-5554#2026-08-17-01-00-46/ec_files/emulator-55542026-08-17-01-21-46.ec /home/ubuntu/TimeMachine/results/AmazeFileManager-3.4.2-#1837-rebuilt.apk.timemachine.result.emulator-5554#2026-08-17-01-00-46/ec_files/emulator-55542026-08-17-01-22-01.ec /home/ubuntu/TimeMachine/results/AmazeFileManager-3.4.2-#1837-rebuilt.apk.timemachine.result.emulator-5554#2026-08-17-01-00-46/ec_files/emulator-55542026-08-17-01-22-12.ec /home/ubuntu/TimeMachine/results/AmazeFileManager-3.4.2-#1837-rebuilt.apk.timemachine.result.emulator-5554#2026-08-17-01-00-46/ec_files/emulator-55542026-08-17-01-22-27.ec /home/ubuntu/TimeMachine/results/AmazeFileManager-3.4.2-#1837-rebuilt.apk.timemachine.result.emulator-5554#2026-08-17-01-00-46/ec_files/emulator-55542026-08-17-01-22-41.ec /home/ubuntu/TimeMachine/results/AmazeFileManager-3.4.2-#1837-rebuilt.apk.timemachine.result.emulator-5554#2026-08-17-01-00-46/ec_files/emulator-55542026-08-17-01-22-51.ec /home/ubuntu/TimeMachine/results/AmazeFileManager-3.4.2-#1837-rebuilt.apk.timemachine.result.emulator-5554#2026-08-17-01-00-46/ec_files/emulator-55542026-08-17-01-23-08.ec /home/ubuntu/TimeMachine/results/AmazeFileManager-3.4.2-#1837-rebuilt.apk.timemachine.result.emulator-5554#2026-08-17-01-00-46/ec_files/emulator-55542026-08-17-01-23-22.ec /home/ubuntu/TimeMachine/results/AmazeFileManager-3.4.2-#1837-rebuilt.apk.timemachine.result.emulator-5554#2026-08-17-01-00-46/ec_files/emulator-55542026-08-17-01-23-34.ec /home/ubuntu/TimeMachine/results/AmazeFileManager-3.4.2-#1837-rebuilt.apk.timemachine.result.emulator-5554#2026-08-17-01-00-46/ec_files/emulator-55542026-08-17-01-23-47.ec /home/ubuntu/TimeMachine/results/AmazeFileManager-3.4.2-#1837-rebuilt.apk.timemachine.result.emulator-5554#2026-08-17-01-00-46/ec_files/emulator-55542026-08-17-01-23-58.ec /home/ubuntu/TimeMachine/results/AmazeFileManager-3.4.2-#1837-rebuilt.apk.timemachine.result.emulator-5554#2026-08-17-01-00-46/ec_files/emulator-55542026-08-17-01-24-09.ec /home/ubuntu/TimeMachine/results/AmazeFileManager-3.4.2-#1837-rebuilt.apk.timemachine.result.emulator-5554#2026-08-17-01-00-46/ec_files/emulator-55542026-08-17-01-24-28.ec /home/ubuntu/TimeMachine/results/AmazeFileManager-3.4.2-#1837-rebuilt.apk.timemachine.result.emulator-5554#2026-08-17-01-00-46/ec_files/emulator-55542026-08-17-01-24-43.ec /home/ubuntu/TimeMachine/results/AmazeFileManager-3.4.2-#1837-rebuilt.apk.timemachine.result.emulator-5554#2026-08-17-01-00-46/ec_files/emulator-55542026-08-17-01-24-56.ec /home/ubuntu/TimeMachine/results/AmazeFileManager-3.4.2-#1837-rebuilt.apk.timemachine.result.emulator-5554#2026-08-17-01-00-46/ec_files/emulator-55542026-08-17-01-25-09.ec /home/ubuntu/TimeMachine/results/AmazeFileManager-3.4.2-#1837-rebuilt.apk.timemachine.result.emulator-5554#2026-08-17-01-00-46/ec_files/emulator-55542026-08-17-01-25-20.ec /home/ubuntu/TimeMachine/results/AmazeFileManager-3.4.2-#1837-rebuilt.apk.timemachine.result.emulator-5554#2026-08-17-01-00-46/ec_files/emulator-55542026-08-17-01-25-33.ec /home/ubuntu/TimeMachine/results/AmazeFileManager-3.4.2-#1837-rebuilt.apk.timemachine.result.emulator-5554#2026-08-17-01-00-46/ec_files/emulator-55542026-08-17-01-25-44.ec /home/ubuntu/TimeMachine/results/AmazeFileManager-3.4.2-#1837-rebuilt.apk.timemachine.result.emulator-5554#2026-08-17-01-00-46/ec_files/emulator-55542026-08-17-01-25-57.ec /home/ubuntu/TimeMachine/results/AmazeFileManager-3.4.2-#1837-rebuilt.apk.timemachine.result.emulator-5554#2026-08-17-01-00-46/ec_files/emulator-55542026-08-17-01-26-15.ec /home/ubuntu/TimeMachine/results/AmazeFileManager-3.4.2-#1837-rebuilt.apk.timemachine.result.emulator-5554#2026-08-17-01-00-46/ec_files/emulator-55542026-08-17-01-26-33.ec /home/ubuntu/TimeMachine/results/AmazeFileManager-3.4.2-#1837-rebuilt.apk.timemachine.result.emulator-5554#2026-08-17-01-00-46/ec_files/emulator-55542026-08-17-01-26-46.ec /home/ubuntu/TimeMachine/results/AmazeFileManager-3.4.2-#1837-rebuilt.apk.timemachine.result.emulator-5554#2026-08-17-01-00-46/ec_files/emulator-55542026-08-17-01-27-00.ec /home/ubuntu/TimeMachine/results/AmazeFileManager-3.4.2-#1837-rebuilt.apk.timemachine.result.emulator-5554#2026-08-17-01-00-46/ec_files/emulator-55542026-08-17-01-27-16.ec /home/ubuntu/TimeMachine/results/AmazeFileManager-3.4.2-#1837-rebuilt.apk.timemachine.result.emulator-5554#2026-08-17-01-00-46/ec_files/emulator-55542026-08-17-01-27-30.ec /home/ubuntu/TimeMachine/results/AmazeFileManager-3.4.2-#1837-rebuilt.apk.timemachine.result.emulator-5554#2026-08-17-01-00-46/ec_files/emulator-55542026-08-17-01-27-46.ec /home/ubuntu/TimeMachine/results/AmazeFileManager-3.4.2-#1837-rebuilt.apk.timemachine.result.emulator-5554#2026-08-17-01-00-46/ec_files/emulator-55542026-08-17-01-28-00.ec /home/ubuntu/TimeMachine/results/AmazeFileManager-3.4.2-#1837-rebuilt.apk.timemachine.result.emulator-5554#2026-08-17-01-00-46/ec_files/emulator-55542026-08-17-01-28-14.ec /home/ubuntu/TimeMachine/results/AmazeFileManager-3.4.2-#1837-rebuilt.apk.timemachine.result.emulator-5554#2026-08-17-01-00-46/ec_files/emulator-55542026-08-17-01-28-30.ec /home/ubuntu/TimeMachine/results/AmazeFileManager-3.4.2-#1837-rebuilt.apk.timemachine.result.emulator-5554#2026-08-17-01-00-46/ec_files/emulator-55542026-08-17-01-28-46.ec /home/ubuntu/TimeMachine/results/AmazeFileManager-3.4.2-#1837-rebuilt.apk.timemachine.result.emulator-5554#2026-08-17-01-00-46/ec_files/emulator-55542026-08-17-01-29-04.ec /home/ubuntu/TimeMachine/results/AmazeFileManager-3.4.2-#1837-rebuilt.apk.timemachine.result.emulator-5554#2026-08-17-01-00-46/ec_files/emulator-55542026-08-17-01-29-17.ec /home/ubuntu/TimeMachine/results/AmazeFileManager-3.4.2-#1837-rebuilt.apk.timemachine.result.emulator-5554#2026-08-17-01-00-46/ec_files/emulator-55542026-08-17-01-29-36.ec
[INFO] Loading execution data file /home/ubuntu/TimeMachine/results/AmazeFileManager-3.4.2-#1837-rebuilt.apk.timemachine.result.emulator-5554#2026-08-17-01-00-46/ec_files/coveragetemp.ec.
[INFO] Loading execution data file /home/ubuntu/TimeMachine/results/AmazeFileManager-3.4.2-#1837-rebuilt.apk.timemachine.result.emulator-5554#2026-08-17-01-00-46/ec_files/emulator-55542026-08-17-01-09-02.ec.
[INFO] Loading execution data file /home/ubuntu/TimeMachine/results/AmazeFileManager-3.4.2-#1837-rebuilt.apk.timemachine.result.emulator-5554#2026-08-17-01-00-46/ec_files/emulator-55542026-08-17-01-09-05.ec.
[INFO] Loading execution data file /home/ubuntu/TimeMachine/results/AmazeFileManager-3.4.2-#1837-rebuilt.apk.timemachine.result.emulator-5554#2026-08-17-01-00-46/ec_files/emulator-55542026-08-17-01-16-12.ec.
[INFO] Loading execution data file /home/ubuntu/TimeMachine/results/AmazeFileManager-3.4.2-#1837-rebuilt.apk.timemachine.result.emulator-5554#2026-08-17-01-00-46/ec_files/emulator-55542026-08-17-01-16-28.ec.
[INFO] Loading execution data file /home/ubuntu/TimeMachine/results/AmazeFileManager-3.4.2-#1837-rebuilt.apk.timemachine.result.emulator-5554#2026-08-17-01-00-46/ec_files/emulator-55542026-08-17-01-16-41.ec.
[INFO] Loading execution data file /home/ubuntu/TimeMachine/results/AmazeFileManager-3.4.2-#1837-rebuilt.apk.timemachine.result.emulator-5554#2026-08-17-01-00-46/ec_files/emulator-55542026-08-17-01-16-55.ec.
[INFO] Loading execution data file /home/ubuntu/TimeMachine/results/AmazeFileManager-3.4.2-#1837-rebuilt.apk.timemachine.result.emulator-5554#2026-08-17-01-00-46/ec_files/emulator-55542026-08-17-01-17-06.ec.
[INFO] Loading execution data file /home/ubuntu/TimeMachine/results/AmazeFileManager-3.4.2-#1837-rebuilt.apk.timemachine.result.emulator-5554#2026-08-17-01-00-46/ec_files/emulator-55542026-08-17-01-17-18.ec.
[INFO] Loading execution data file /home/ubuntu/TimeMachine/results/AmazeFileManager-3.4.2-#1837-rebuilt.apk.timemachine.result.emulator-5554#2026-08-17-01-00-46/ec_files/emulator-55542026-08-17-01-18-42.ec.
[INFO] Loading execution data file /home/ubuntu/TimeMachine/results/AmazeFileManager-3.4.2-#1837-rebuilt.apk.timemachine.result.emulator-5554#2026-08-17-01-00-46/ec_files/emulator-55542026-08-17-01-19-37.ec.
[INFO] Loading execution data file /home/ubuntu/TimeMachine/results/AmazeFileManager-3.4.2-#1837-rebuilt.apk.timemachine.result.emulator-5554#2026-08-17-01-00-46/ec_files/emulator-55542026-08-17-01-19-48.ec.
[INFO] Loading execution data file /home/ubuntu/TimeMachine/results/AmazeFileManager-3.4.2-#1837-rebuilt.apk.timemachine.result.emulator-5554#2026-08-17-01-00-46/ec_files/emulator-55542026-08-17-01-20-06.ec.
[INFO] Loading execution data file /home/ubuntu/TimeMachine/results/AmazeFileManager-3.4.2-#1837-rebuilt.apk.timemachine.result.emulator-5554#2026-08-17-01-00-46/ec_files/emulator-55542026-08-17-01-20-22.ec.
[INFO] Loading execution data file /home/ubuntu/TimeMachine/results/AmazeFileManager-3.4.2-#1837-rebuilt.apk.timemachine.result.emulator-5554#2026-08-17-01-00-46/ec_files/emulator-55542026-08-17-01-20-37.ec.
[INFO] Loading execution data file /home/ubuntu/TimeMachine/results/AmazeFileManager-3.4.2-#1837-rebuilt.apk.timemachine.result.emulator-5554#2026-08-17-01-00-46/ec_files/emulator-55542026-08-17-01-20-50.ec.
[INFO] Loading execution data file /home/ubuntu/TimeMachine/results/AmazeFileManager-3.4.2-#1837-rebuilt.apk.timemachine.result.emulator-5554#2026-08-17-01-00-46/ec_files/emulator-55542026-08-17-01-21-08.ec.
[INFO] Loading execution data file /home/ubuntu/TimeMachine/results/AmazeFileManager-3.4.2-#1837-rebuilt.apk.timemachine.result.emulator-5554#2026-08-17-01-00-46/ec_files/emulator-55542026-08-17-01-21-20.ec.
[INFO] Loading execution data file /home/ubuntu/TimeMachine/results/AmazeFileManager-3.4.2-#1837-rebuilt.apk.timemachine.result.emulator-5554#2026-08-17-01-00-46/ec_files/emulator-55542026-08-17-01-21-33.ec.
[INFO] Loading execution data file /home/ubuntu/TimeMachine/results/AmazeFileManager-3.4.2-#1837-rebuilt.apk.timemachine.result.emulator-5554#2026-08-17-01-00-46/ec_files/emulator-55542026-08-17-01-21-46.ec.
[INFO] Loading execution data file /home/ubuntu/TimeMachine/results/AmazeFileManager-3.4.2-#1837-rebuilt.apk.timemachine.result.emulator-5554#2026-08-17-01-00-46/ec_files/emulator-55542026-08-17-01-22-01.ec.
[INFO] Loading execution data file /home/ubuntu/TimeMachine/results/AmazeFileManager-3.4.2-#1837-rebuilt.apk.timemachine.result.emulator-5554#2026-08-17-01-00-46/ec_files/emulator-55542026-08-17-01-22-12.ec.
[INFO] Loading execution data file /home/ubuntu/TimeMachine/results/AmazeFileManager-3.4.2-#1837-rebuilt.apk.timemachine.result.emulator-5554#2026-08-17-01-00-46/ec_files/emulator-55542026-08-17-01-22-27.ec.
[INFO] Loading execution data file /home/ubuntu/TimeMachine/results/AmazeFileManager-3.4.2-#1837-rebuilt.apk.timemachine.result.emulator-5554#2026-08-17-01-00-46/ec_files/emulator-55542026-08-17-01-22-41.ec.
[INFO] Loading execution data file /home/ubuntu/TimeMachine/results/AmazeFileManager-3.4.2-#1837-rebuilt.apk.timemachine.result.emulator-5554#2026-08-17-01-00-46/ec_files/emulator-55542026-08-17-01-22-51.ec.
[INFO] Loading execution data file /home/ubuntu/TimeMachine/results/AmazeFileManager-3.4.2-#1837-rebuilt.apk.timemachine.result.emulator-5554#2026-08-17-01-00-46/ec_files/emulator-55542026-08-17-01-23-08.ec.
[INFO] Loading execution data file /home/ubuntu/TimeMachine/results/AmazeFileManager-3.4.2-#1837-rebuilt.apk.timemachine.result.emulator-5554#2026-08-17-01-00-46/ec_files/emulator-55542026-08-17-01-23-22.ec.
[INFO] Loading execution data file /home/ubuntu/TimeMachine/results/AmazeFileManager-3.4.2-#1837-rebuilt.apk.timemachine.result.emulator-5554#2026-08-17-01-00-46/ec_files/emulator-55542026-08-17-01-23-34.ec.
[INFO] Loading execution data file /home/ubuntu/TimeMachine/results/AmazeFileManager-3.4.2-#1837-rebuilt.apk.timemachine.result.emulator-5554#2026-08-17-01-00-46/ec_files/emulator-55542026-08-17-01-23-47.ec.
[INFO] Loading execution data file /home/ubuntu/TimeMachine/results/AmazeFileManager-3.4.2-#1837-rebuilt.apk.timemachine.result.emulator-5554#2026-08-17-01-00-46/ec_files/emulator-55542026-08-17-01-23-58.ec.
[INFO] Loading execution data file /home/ubuntu/TimeMachine/results/AmazeFileManager-3.4.2-#1837-rebuilt.apk.timemachine.result.emulator-5554#2026-08-17-01-00-46/ec_files/emulator-55542026-08-17-01-24-09.ec.
[INFO] Loading execution data file /home/ubuntu/TimeMachine/results/AmazeFileManager-3.4.2-#1837-rebuilt.apk.timemachine.result.emulator-5554#2026-08-17-01-00-46/ec_files/emulator-55542026-08-17-01-24-28.ec.
[INFO] Loading execution data file /home/ubuntu/TimeMachine/results/AmazeFileManager-3.4.2-#1837-rebuilt.apk.timemachine.result.emulator-5554#2026-08-17-01-00-46/ec_files/emulator-55542026-08-17-01-24-43.ec.
[INFO] Loading execution data file /home/ubuntu/TimeMachine/results/AmazeFileManager-3.4.2-#1837-rebuilt.apk.timemachine.result.emulator-5554#2026-08-17-01-00-46/ec_files/emulator-55542026-08-17-01-24-56.ec.
[INFO] Loading execution data file /home/ubuntu/TimeMachine/results/AmazeFileManager-3.4.2-#1837-rebuilt.apk.timemachine.result.emulator-5554#2026-08-17-01-00-46/ec_files/emulator-55542026-08-17-01-25-09.ec.
[INFO] Loading execution data file /home/ubuntu/TimeMachine/results/AmazeFileManager-3.4.2-#1837-rebuilt.apk.timemachine.result.emulator-5554#2026-08-17-01-00-46/ec_files/emulator-55542026-08-17-01-25-20.ec.
[INFO] Loading execution data file /home/ubuntu/TimeMachine/results/AmazeFileManager-3.4.2-#1837-rebuilt.apk.timemachine.result.emulator-5554#2026-08-17-01-00-46/ec_files/emulator-55542026-08-17-01-25-33.ec.
[INFO] Loading execution data file /home/ubuntu/TimeMachine/results/AmazeFileManager-3.4.2-#1837-rebuilt.apk.timemachine.result.emulator-5554#2026-08-17-01-00-46/ec_files/emulator-55542026-08-17-01-25-44.ec.
[INFO] Loading execution data file /home/ubuntu/TimeMachine/results/AmazeFileManager-3.4.2-#1837-rebuilt.apk.timemachine.result.emulator-5554#2026-08-17-01-00-46/ec_files/emulator-55542026-08-17-01-25-57.ec.
[INFO] Loading execution data file /home/ubuntu/TimeMachine/results/AmazeFileManager-3.4.2-#1837-rebuilt.apk.timemachine.result.emulator-5554#2026-08-17-01-00-46/ec_files/emulator-55542026-08-17-01-26-15.ec.
[INFO] Loading execution data file /home/ubuntu/TimeMachine/results/AmazeFileManager-3.4.2-#1837-rebuilt.apk.timemachine.result.emulator-5554#2026-08-17-01-00-46/ec_files/emulator-55542026-08-17-01-26-33.ec.
[INFO] Loading execution data file /home/ubuntu/TimeMachine/results/AmazeFileManager-3.4.2-#1837-rebuilt.apk.timemachine.result.emulator-5554#2026-08-17-01-00-46/ec_files/emulator-55542026-08-17-01-26-46.ec.
[INFO] Loading execution data file /home/ubuntu/TimeMachine/results/AmazeFileManager-3.4.2-#1837-rebuilt.apk.timemachine.result.emulator-5554#2026-08-17-01-00-46/ec_files/emulator-55542026-08-17-01-27-00.ec.
[INFO] Loading execution data file /home/ubuntu/TimeMachine/results/AmazeFileManager-3.4.2-#1837-rebuilt.apk.timemachine.result.emulator-5554#2026-08-17-01-00-46/ec_files/emulator-55542026-08-17-01-27-16.ec.
[INFO] Loading execution data file /home/ubuntu/TimeMachine/results/AmazeFileManager-3.4.2-#1837-rebuilt.apk.timemachine.result.emulator-5554#2026-08-17-01-00-46/ec_files/emulator-55542026-08-17-01-27-30.ec.
[INFO] Loading execution data file /home/ubuntu/TimeMachine/results/AmazeFileManager-3.4.2-#1837-rebuilt.apk.timemachine.result.emulator-5554#2026-08-17-01-00-46/ec_files/emulator-55542026-08-17-01-27-46.ec.
[INFO] Loading execution data file /home/ubuntu/TimeMachine/results/AmazeFileManager-3.4.2-#1837-rebuilt.apk.timemachine.result.emulator-5554#2026-08-17-01-00-46/ec_files/emulator-55542026-08-17-01-28-00.ec.
[INFO] Loading execution data file /home/ubuntu/TimeMachine/results/AmazeFileManager-3.4.2-#1837-rebuilt.apk.timemachine.result.emulator-5554#2026-08-17-01-00-46/ec_files/emulator-55542026-08-17-01-28-14.ec.
[INFO] Loading execution data file /home/ubuntu/TimeMachine/results/AmazeFileManager-3.4.2-#1837-rebuilt.apk.timemachine.result.emulator-5554#2026-08-17-01-00-46/ec_files/emulator-55542026-08-17-01-28-30.ec.
[INFO] Loading execution data file /home/ubuntu/TimeMachine/results/AmazeFileManager-3.4.2-#1837-rebuilt.apk.timemachine.result.emulator-5554#2026-08-17-01-00-46/ec_files/emulator-55542026-08-17-01-28-46.ec.
[INFO] Loading execution data file /home/ubuntu/TimeMachine/results/AmazeFileManager-3.4.2-#1837-rebuilt.apk.timemachine.result.emulator-5554#2026-08-17-01-00-46/ec_files/emulator-55542026-08-17-01-29-04.ec.
[INFO] Loading execution data file /home/ubuntu/TimeMachine/results/AmazeFileManager-3.4.2-#1837-rebuilt.apk.timemachine.result.emulator-5554#2026-08-17-01-00-46/ec_files/emulator-55542026-08-17-01-29-17.ec.
[INFO] Loading execution data file /home/ubuntu/TimeMachine/results/AmazeFileManager-3.4.2-#1837-rebuilt.apk.timemachine.result.emulator-5554#2026-08-17-01-00-46/ec_files/emulator-55542026-08-17-01-29-36.ec.
[INFO] Analyzing 508 classes.
   
-----------
current jacoco line coverage rate: 0.199268395629
-----------
--coverage when the new state is triggered: 0.199268395629 current jacoco line coverage rate : 0.199268395629
===================> PENALIZE STATE <=====================
deque(['-335821635', '-307486232', '-1894478199', '-307486232', '-37785511', '-1894478199', '1297129688', '-1867057599', '-1894478199', '-1121270738'], maxlen=10)
Frequent nodes 
[('183131266', <state_graph.State instance at 0x791e83bc0960>), ('-583182176', <state_graph.State instance at 0x791e88ebac80>), ('-307486232', <state_graph.State instance at 0x791e8ba52d70>), ('-37785511', <state_graph.State instance at 0x791e88361e60>), ('OOAUT', <state_graph.State instance at 0x791eaa94c230>), ('1893074188', <state_graph.State instance at 0x791e88307c80>), ('-1894478199', <state_graph.State instance at 0x791e8bf39460>), ('-1433637423', <state_graph.State instance at 0x791e88132e10>), ('820917904', <state_graph.State instance at 0x791e8ac3f3c0>), ('-1556411559', <state_graph.State instance at 0x791e88ebad70>)]
the portion to the top 20% most frequent states: 0.428571428571
Frequent nodes 
[('183131266', <state_graph.State instance at 0x791e83bc0960>), ('-583182176', <state_graph.State instance at 0x791e88ebac80>), ('-307486232', <state_graph.State instance at 0x791e8ba52d70>), ('-37785511', <state_graph.State instance at 0x791e88361e60>), ('OOAUT', <state_graph.State instance at 0x791eaa94c230>), ('1893074188', <state_graph.State instance at 0x791e88307c80>), ('-1894478199', <state_graph.State instance at 0x791e8bf39460>), ('-1433637423', <state_graph.State instance at 0x791e88132e10>), ('820917904', <state_graph.State instance at 0x791e8ac3f3c0>), ('-1556411559', <state_graph.State instance at 0x791e88ebad70>)]
--extracted id: -1054352916  num_controllable_widgets: 11
--transiton occurs
--a new state is triggered and add -1054352916 into the state graph.
get_jacoco_coverage- return code:  output: Broadcasting: Intent { act=edu.gatech.m3.emma.COLLECT_COVERAGE }
Broadcast completed: result=0
---
[COVERAGE FILE EXIST?]
coverage.ec
---
---
[VALIDATE COVERAGE FILE]$ java -jar /home/ubuntu/TimeMachine/fuzzingandroid/libs/jacococli.jar report /home/ubuntu/TimeMachine/results/AmazeFileManager-3.4.2-#1837-rebuilt.apk.timemachine.result.emulator-5554#2026-08-17-01-00-46/ec_files/emulator-55542026-08-17-01-29-54.ec  --classfiles /home/ubuntu/TimeMachine/instrumented_apps/AmazeFileManager/AmazeFileManager-#1837/app/build/intermediates/javac/fdroidDebug/classes/ --classfiles /home/ubuntu/TimeMachine/instrumented_apps/AmazeFileManager/AmazeFileManager-#1837/commons_compress_7z/build/intermediates/javac/debug/classes/ --sourcefiles /home/ubuntu/TimeMachine/instrumented_apps/AmazeFileManager/AmazeFileManager-#1837/app/src/main/java/ --sourcefiles /home/ubuntu/TimeMachine/instrumented_apps/AmazeFileManager/AmazeFileManager-#1837/commons_compress_7z/src/main/java/ &> temp
---
---
[VALIDATE MESSAGE]
---
SUCCESS: coverage file is valid!
[INFO] Loading execution data file /home/ubuntu/TimeMachine/results/AmazeFileManager-3.4.2-#1837-rebuilt.apk.timemachine.result.emulator-5554#2026-08-17-01-00-46/ec_files/emulator-55542026-08-17-01-29-54.ec.
[INFO] Analyzing 508 classes.
 /sdcard/coverage.ec: 1 file pulled, 0 skipped. 0.0 MB/s (1428 bytes in 0.060s)
 
compute_coverage-return code:  output: /home/ubuntu/TimeMachine/results/AmazeFileManager-3.4.2-#1837-rebuilt.apk.timemachine.result.emulator-5554#2026-08-17-01-00-46/ec_files/coveragetemp.ec /home/ubuntu/TimeMachine/results/AmazeFileManager-3.4.2-#1837-rebuilt.apk.timemachine.result.emulator-5554#2026-08-17-01-00-46/ec_files/emulator-55542026-08-17-01-09-02.ec /home/ubuntu/TimeMachine/results/AmazeFileManager-3.4.2-#1837-rebuilt.apk.timemachine.result.emulator-5554#2026-08-17-01-00-46/ec_files/emulator-55542026-08-17-01-09-05.ec /home/ubuntu/TimeMachine/results/AmazeFileManager-3.4.2-#1837-rebuilt.apk.timemachine.result.emulator-5554#2026-08-17-01-00-46/ec_files/emulator-55542026-08-17-01-16-12.ec /home/ubuntu/TimeMachine/results/AmazeFileManager-3.4.2-#1837-rebuilt.apk.timemachine.result.emulator-5554#2026-08-17-01-00-46/ec_files/emulator-55542026-08-17-01-16-28.ec /home/ubuntu/TimeMachine/results/AmazeFileManager-3.4.2-#1837-rebuilt.apk.timemachine.result.emulator-5554#2026-08-17-01-00-46/ec_files/emulator-55542026-08-17-01-16-41.ec /home/ubuntu/TimeMachine/results/AmazeFileManager-3.4.2-#1837-rebuilt.apk.timemachine.result.emulator-5554#2026-08-17-01-00-46/ec_files/emulator-55542026-08-17-01-16-55.ec /home/ubuntu/TimeMachine/results/AmazeFileManager-3.4.2-#1837-rebuilt.apk.timemachine.result.emulator-5554#2026-08-17-01-00-46/ec_files/emulator-55542026-08-17-01-17-06.ec /home/ubuntu/TimeMachine/results/AmazeFileManager-3.4.2-#1837-rebuilt.apk.timemachine.result.emulator-5554#2026-08-17-01-00-46/ec_files/emulator-55542026-08-17-01-17-18.ec /home/ubuntu/TimeMachine/results/AmazeFileManager-3.4.2-#1837-rebuilt.apk.timemachine.result.emulator-5554#2026-08-17-01-00-46/ec_files/emulator-55542026-08-17-01-18-42.ec /home/ubuntu/TimeMachine/results/AmazeFileManager-3.4.2-#1837-rebuilt.apk.timemachine.result.emulator-5554#2026-08-17-01-00-46/ec_files/emulator-55542026-08-17-01-19-37.ec /home/ubuntu/TimeMachine/results/AmazeFileManager-3.4.2-#1837-rebuilt.apk.timemachine.result.emulator-5554#2026-08-17-01-00-46/ec_files/emulator-55542026-08-17-01-19-48.ec /home/ubuntu/TimeMachine/results/AmazeFileManager-3.4.2-#1837-rebuilt.apk.timemachine.result.emulator-5554#2026-08-17-01-00-46/ec_files/emulator-55542026-08-17-01-20-06.ec /home/ubuntu/TimeMachine/results/AmazeFileManager-3.4.2-#1837-rebuilt.apk.timemachine.result.emulator-5554#2026-08-17-01-00-46/ec_files/emulator-55542026-08-17-01-20-22.ec /home/ubuntu/TimeMachine/results/AmazeFileManager-3.4.2-#1837-rebuilt.apk.timemachine.result.emulator-5554#2026-08-17-01-00-46/ec_files/emulator-55542026-08-17-01-20-37.ec /home/ubuntu/TimeMachine/results/AmazeFileManager-3.4.2-#1837-rebuilt.apk.timemachine.result.emulator-5554#2026-08-17-01-00-46/ec_files/emulator-55542026-08-17-01-20-50.ec /home/ubuntu/TimeMachine/results/AmazeFileManager-3.4.2-#1837-rebuilt.apk.timemachine.result.emulator-5554#2026-08-17-01-00-46/ec_files/emulator-55542026-08-17-01-21-08.ec /home/ubuntu/TimeMachine/results/AmazeFileManager-3.4.2-#1837-rebuilt.apk.timemachine.result.emulator-5554#2026-08-17-01-00-46/ec_files/emulator-55542026-08-17-01-21-20.ec /home/ubuntu/TimeMachine/results/AmazeFileManager-3.4.2-#1837-rebuilt.apk.timemachine.result.emulator-5554#2026-08-17-01-00-46/ec_files/emulator-55542026-08-17-01-21-33.ec /home/ubuntu/TimeMachine/results/AmazeFileManager-3.4.2-#1837-rebuilt.apk.timemachine.result.emulator-5554#2026-08-17-01-00-46/ec_files/emulator-55542026-08-17-01-21-46.ec /home/ubuntu/TimeMachine/results/AmazeFileManager-3.4.2-#1837-rebuilt.apk.timemachine.result.emulator-5554#2026-08-17-01-00-46/ec_files/emulator-55542026-08-17-01-22-01.ec /home/ubuntu/TimeMachine/results/AmazeFileManager-3.4.2-#1837-rebuilt.apk.timemachine.result.emulator-5554#2026-08-17-01-00-46/ec_files/emulator-55542026-08-17-01-22-12.ec /home/ubuntu/TimeMachine/results/AmazeFileManager-3.4.2-#1837-rebuilt.apk.timemachine.result.emulator-5554#2026-08-17-01-00-46/ec_files/emulator-55542026-08-17-01-22-27.ec /home/ubuntu/TimeMachine/results/AmazeFileManager-3.4.2-#1837-rebuilt.apk.timemachine.result.emulator-5554#2026-08-17-01-00-46/ec_files/emulator-55542026-08-17-01-22-41.ec /home/ubuntu/TimeMachine/results/AmazeFileManager-3.4.2-#1837-rebuilt.apk.timemachine.result.emulator-5554#2026-08-17-01-00-46/ec_files/emulator-55542026-08-17-01-22-51.ec /home/ubuntu/TimeMachine/results/AmazeFileManager-3.4.2-#1837-rebuilt.apk.timemachine.result.emulator-5554#2026-08-17-01-00-46/ec_files/emulator-55542026-08-17-01-23-08.ec /home/ubuntu/TimeMachine/results/AmazeFileManager-3.4.2-#1837-rebuilt.apk.timemachine.result.emulator-5554#2026-08-17-01-00-46/ec_files/emulator-55542026-08-17-01-23-22.ec /home/ubuntu/TimeMachine/results/AmazeFileManager-3.4.2-#1837-rebuilt.apk.timemachine.result.emulator-5554#2026-08-17-01-00-46/ec_files/emulator-55542026-08-17-01-23-34.ec /home/ubuntu/TimeMachine/results/AmazeFileManager-3.4.2-#1837-rebuilt.apk.timemachine.result.emulator-5554#2026-08-17-01-00-46/ec_files/emulator-55542026-08-17-01-23-47.ec /home/ubuntu/TimeMachine/results/AmazeFileManager-3.4.2-#1837-rebuilt.apk.timemachine.result.emulator-5554#2026-08-17-01-00-46/ec_files/emulator-55542026-08-17-01-23-58.ec /home/ubuntu/TimeMachine/results/AmazeFileManager-3.4.2-#1837-rebuilt.apk.timemachine.result.emulator-5554#2026-08-17-01-00-46/ec_files/emulator-55542026-08-17-01-24-09.ec /home/ubuntu/TimeMachine/results/AmazeFileManager-3.4.2-#1837-rebuilt.apk.timemachine.result.emulator-5554#2026-08-17-01-00-46/ec_files/emulator-55542026-08-17-01-24-28.ec /home/ubuntu/TimeMachine/results/AmazeFileManager-3.4.2-#1837-rebuilt.apk.timemachine.result.emulator-5554#2026-08-17-01-00-46/ec_files/emulator-55542026-08-17-01-24-43.ec /home/ubuntu/TimeMachine/results/AmazeFileManager-3.4.2-#1837-rebuilt.apk.timemachine.result.emulator-5554#2026-08-17-01-00-46/ec_files/emulator-55542026-08-17-01-24-56.ec /home/ubuntu/TimeMachine/results/AmazeFileManager-3.4.2-#1837-rebuilt.apk.timemachine.result.emulator-5554#2026-08-17-01-00-46/ec_files/emulator-55542026-08-17-01-25-09.ec /home/ubuntu/TimeMachine/results/AmazeFileManager-3.4.2-#1837-rebuilt.apk.timemachine.result.emulator-5554#2026-08-17-01-00-46/ec_files/emulator-55542026-08-17-01-25-20.ec /home/ubuntu/TimeMachine/results/AmazeFileManager-3.4.2-#1837-rebuilt.apk.timemachine.result.emulator-5554#2026-08-17-01-00-46/ec_files/emulator-55542026-08-17-01-25-33.ec /home/ubuntu/TimeMachine/results/AmazeFileManager-3.4.2-#1837-rebuilt.apk.timemachine.result.emulator-5554#2026-08-17-01-00-46/ec_files/emulator-55542026-08-17-01-25-44.ec /home/ubuntu/TimeMachine/results/AmazeFileManager-3.4.2-#1837-rebuilt.apk.timemachine.result.emulator-5554#2026-08-17-01-00-46/ec_files/emulator-55542026-08-17-01-25-57.ec /home/ubuntu/TimeMachine/results/AmazeFileManager-3.4.2-#1837-rebuilt.apk.timemachine.result.emulator-5554#2026-08-17-01-00-46/ec_files/emulator-55542026-08-17-01-26-15.ec /home/ubuntu/TimeMachine/results/AmazeFileManager-3.4.2-#1837-rebuilt.apk.timemachine.result.emulator-5554#2026-08-17-01-00-46/ec_files/emulator-55542026-08-17-01-26-33.ec /home/ubuntu/TimeMachine/results/AmazeFileManager-3.4.2-#1837-rebuilt.apk.timemachine.result.emulator-5554#2026-08-17-01-00-46/ec_files/emulator-55542026-08-17-01-26-46.ec /home/ubuntu/TimeMachine/results/AmazeFileManager-3.4.2-#1837-rebuilt.apk.timemachine.result.emulator-5554#2026-08-17-01-00-46/ec_files/emulator-55542026-08-17-01-27-00.ec /home/ubuntu/TimeMachine/results/AmazeFileManager-3.4.2-#1837-rebuilt.apk.timemachine.result.emulator-5554#2026-08-17-01-00-46/ec_files/emulator-55542026-08-17-01-27-16.ec /home/ubuntu/TimeMachine/results/AmazeFileManager-3.4.2-#1837-rebuilt.apk.timemachine.result.emulator-5554#2026-08-17-01-00-46/ec_files/emulator-55542026-08-17-01-27-30.ec /home/ubuntu/TimeMachine/results/AmazeFileManager-3.4.2-#1837-rebuilt.apk.timemachine.result.emulator-5554#2026-08-17-01-00-46/ec_files/emulator-55542026-08-17-01-27-46.ec /home/ubuntu/TimeMachine/results/AmazeFileManager-3.4.2-#1837-rebuilt.apk.timemachine.result.emulator-5554#2026-08-17-01-00-46/ec_files/emulator-55542026-08-17-01-28-00.ec /home/ubuntu/TimeMachine/results/AmazeFileManager-3.4.2-#1837-rebuilt.apk.timemachine.result.emulator-5554#2026-08-17-01-00-46/ec_files/emulator-55542026-08-17-01-28-14.ec /home/ubuntu/TimeMachine/results/AmazeFileManager-3.4.2-#1837-rebuilt.apk.timemachine.result.emulator-5554#2026-08-17-01-00-46/ec_files/emulator-55542026-08-17-01-28-30.ec /home/ubuntu/TimeMachine/results/AmazeFileManager-3.4.2-#1837-rebuilt.apk.timemachine.result.emulator-5554#2026-08-17-01-00-46/ec_files/emulator-55542026-08-17-01-28-46.ec /home/ubuntu/TimeMachine/results/AmazeFileManager-3.4.2-#1837-rebuilt.apk.timemachine.result.emulator-5554#2026-08-17-01-00-46/ec_files/emulator-55542026-08-17-01-29-04.ec /home/ubuntu/TimeMachine/results/AmazeFileManager-3.4.2-#1837-rebuilt.apk.timemachine.result.emulator-5554#2026-08-17-01-00-46/ec_files/emulator-55542026-08-17-01-29-17.ec /home/ubuntu/TimeMachine/results/AmazeFileManager-3.4.2-#1837-rebuilt.apk.timemachine.result.emulator-5554#2026-08-17-01-00-46/ec_files/emulator-55542026-08-17-01-29-36.ec /home/ubuntu/TimeMachine/results/AmazeFileManager-3.4.2-#1837-rebuilt.apk.timemachine.result.emulator-5554#2026-08-17-01-00-46/ec_files/emulator-55542026-08-17-01-29-54.ec
[INFO] Loading execution data file /home/ubuntu/TimeMachine/results/AmazeFileManager-3.4.2-#1837-rebuilt.apk.timemachine.result.emulator-5554#2026-08-17-01-00-46/ec_files/coveragetemp.ec.
[INFO] Loading execution data file /home/ubuntu/TimeMachine/results/AmazeFileManager-3.4.2-#1837-rebuilt.apk.timemachine.result.emulator-5554#2026-08-17-01-00-46/ec_files/emulator-55542026-08-17-01-09-02.ec.
[INFO] Loading execution data file /home/ubuntu/TimeMachine/results/AmazeFileManager-3.4.2-#1837-rebuilt.apk.timemachine.result.emulator-5554#2026-08-17-01-00-46/ec_files/emulator-55542026-08-17-01-09-05.ec.
[INFO] Loading execution data file /home/ubuntu/TimeMachine/results/AmazeFileManager-3.4.2-#1837-rebuilt.apk.timemachine.result.emulator-5554#2026-08-17-01-00-46/ec_files/emulator-55542026-08-17-01-16-12.ec.
[INFO] Loading execution data file /home/ubuntu/TimeMachine/results/AmazeFileManager-3.4.2-#1837-rebuilt.apk.timemachine.result.emulator-5554#2026-08-17-01-00-46/ec_files/emulator-55542026-08-17-01-16-28.ec.
[INFO] Loading execution data file /home/ubuntu/TimeMachine/results/AmazeFileManager-3.4.2-#1837-rebuilt.apk.timemachine.result.emulator-5554#2026-08-17-01-00-46/ec_files/emulator-55542026-08-17-01-16-41.ec.
[INFO] Loading execution data file /home/ubuntu/TimeMachine/results/AmazeFileManager-3.4.2-#1837-rebuilt.apk.timemachine.result.emulator-5554#2026-08-17-01-00-46/ec_files/emulator-55542026-08-17-01-16-55.ec.
[INFO] Loading execution data file /home/ubuntu/TimeMachine/results/AmazeFileManager-3.4.2-#1837-rebuilt.apk.timemachine.result.emulator-5554#2026-08-17-01-00-46/ec_files/emulator-55542026-08-17-01-17-06.ec.
[INFO] Loading execution data file /home/ubuntu/TimeMachine/results/AmazeFileManager-3.4.2-#1837-rebuilt.apk.timemachine.result.emulator-5554#2026-08-17-01-00-46/ec_files/emulator-55542026-08-17-01-17-18.ec.
[INFO] Loading execution data file /home/ubuntu/TimeMachine/results/AmazeFileManager-3.4.2-#1837-rebuilt.apk.timemachine.result.emulator-5554#2026-08-17-01-00-46/ec_files/emulator-55542026-08-17-01-18-42.ec.
[INFO] Loading execution data file /home/ubuntu/TimeMachine/results/AmazeFileManager-3.4.2-#1837-rebuilt.apk.timemachine.result.emulator-5554#2026-08-17-01-00-46/ec_files/emulator-55542026-08-17-01-19-37.ec.
[INFO] Loading execution data file /home/ubuntu/TimeMachine/results/AmazeFileManager-3.4.2-#1837-rebuilt.apk.timemachine.result.emulator-5554#2026-08-17-01-00-46/ec_files/emulator-55542026-08-17-01-19-48.ec.
[INFO] Loading execution data file /home/ubuntu/TimeMachine/results/AmazeFileManager-3.4.2-#1837-rebuilt.apk.timemachine.result.emulator-5554#2026-08-17-01-00-46/ec_files/emulator-55542026-08-17-01-20-06.ec.
[INFO] Loading execution data file /home/ubuntu/TimeMachine/results/AmazeFileManager-3.4.2-#1837-rebuilt.apk.timemachine.result.emulator-5554#2026-08-17-01-00-46/ec_files/emulator-55542026-08-17-01-20-22.ec.
[INFO] Loading execution data file /home/ubuntu/TimeMachine/results/AmazeFileManager-3.4.2-#1837-rebuilt.apk.timemachine.result.emulator-5554#2026-08-17-01-00-46/ec_files/emulator-55542026-08-17-01-20-37.ec.
[INFO] Loading execution data file /home/ubuntu/TimeMachine/results/AmazeFileManager-3.4.2-#1837-rebuilt.apk.timemachine.result.emulator-5554#2026-08-17-01-00-46/ec_files/emulator-55542026-08-17-01-20-50.ec.
[INFO] Loading execution data file /home/ubuntu/TimeMachine/results/AmazeFileManager-3.4.2-#1837-rebuilt.apk.timemachine.result.emulator-5554#2026-08-17-01-00-46/ec_files/emulator-55542026-08-17-01-21-08.ec.
[INFO] Loading execution data file /home/ubuntu/TimeMachine/results/AmazeFileManager-3.4.2-#1837-rebuilt.apk.timemachine.result.emulator-5554#2026-08-17-01-00-46/ec_files/emulator-55542026-08-17-01-21-20.ec.
[INFO] Loading execution data file /home/ubuntu/TimeMachine/results/AmazeFileManager-3.4.2-#1837-rebuilt.apk.timemachine.result.emulator-5554#2026-08-17-01-00-46/ec_files/emulator-55542026-08-17-01-21-33.ec.
[INFO] Loading execution data file /home/ubuntu/TimeMachine/results/AmazeFileManager-3.4.2-#1837-rebuilt.apk.timemachine.result.emulator-5554#2026-08-17-01-00-46/ec_files/emulator-55542026-08-17-01-21-46.ec.
[INFO] Loading execution data file /home/ubuntu/TimeMachine/results/AmazeFileManager-3.4.2-#1837-rebuilt.apk.timemachine.result.emulator-5554#2026-08-17-01-00-46/ec_files/emulator-55542026-08-17-01-22-01.ec.
[INFO] Loading execution data file /home/ubuntu/TimeMachine/results/AmazeFileManager-3.4.2-#1837-rebuilt.apk.timemachine.result.emulator-5554#2026-08-17-01-00-46/ec_files/emulator-55542026-08-17-01-22-12.ec.
[INFO] Loading execution data file /home/ubuntu/TimeMachine/results/AmazeFileManager-3.4.2-#1837-rebuilt.apk.timemachine.result.emulator-5554#2026-08-17-01-00-46/ec_files/emulator-55542026-08-17-01-22-27.ec.
[INFO] Loading execution data file /home/ubuntu/TimeMachine/results/AmazeFileManager-3.4.2-#1837-rebuilt.apk.timemachine.result.emulator-5554#2026-08-17-01-00-46/ec_files/emulator-55542026-08-17-01-22-41.ec.
[INFO] Loading execution data file /home/ubuntu/TimeMachine/results/AmazeFileManager-3.4.2-#1837-rebuilt.apk.timemachine.result.emulator-5554#2026-08-17-01-00-46/ec_files/emulator-55542026-08-17-01-22-51.ec.
[INFO] Loading execution data file /home/ubuntu/TimeMachine/results/AmazeFileManager-3.4.2-#1837-rebuilt.apk.timemachine.result.emulator-5554#2026-08-17-01-00-46/ec_files/emulator-55542026-08-17-01-23-08.ec.
[INFO] Loading execution data file /home/ubuntu/TimeMachine/results/AmazeFileManager-3.4.2-#1837-rebuilt.apk.timemachine.result.emulator-5554#2026-08-17-01-00-46/ec_files/emulator-55542026-08-17-01-23-22.ec.
[INFO] Loading execution data file /home/ubuntu/TimeMachine/results/AmazeFileManager-3.4.2-#1837-rebuilt.apk.timemachine.result.emulator-5554#2026-08-17-01-00-46/ec_files/emulator-55542026-08-17-01-23-34.ec.
[INFO] Loading execution data file /home/ubuntu/TimeMachine/results/AmazeFileManager-3.4.2-#1837-rebuilt.apk.timemachine.result.emulator-5554#2026-08-17-01-00-46/ec_files/emulator-55542026-08-17-01-23-47.ec.
[INFO] Loading execution data file /home/ubuntu/TimeMachine/results/AmazeFileManager-3.4.2-#1837-rebuilt.apk.timemachine.result.emulator-5554#2026-08-17-01-00-46/ec_files/emulator-55542026-08-17-01-23-58.ec.
[INFO] Loading execution data file /home/ubuntu/TimeMachine/results/AmazeFileManager-3.4.2-#1837-rebuilt.apk.timemachine.result.emulator-5554#2026-08-17-01-00-46/ec_files/emulator-55542026-08-17-01-24-09.ec.
[INFO] Loading execution data file /home/ubuntu/TimeMachine/results/AmazeFileManager-3.4.2-#1837-rebuilt.apk.timemachine.result.emulator-5554#2026-08-17-01-00-46/ec_files/emulator-55542026-08-17-01-24-28.ec.
[INFO] Loading execution data file /home/ubuntu/TimeMachine/results/AmazeFileManager-3.4.2-#1837-rebuilt.apk.timemachine.result.emulator-5554#2026-08-17-01-00-46/ec_files/emulator-55542026-08-17-01-24-43.ec.
[INFO] Loading execution data file /home/ubuntu/TimeMachine/results/AmazeFileManager-3.4.2-#1837-rebuilt.apk.timemachine.result.emulator-5554#2026-08-17-01-00-46/ec_files/emulator-55542026-08-17-01-24-56.ec.
[INFO] Loading execution data file /home/ubuntu/TimeMachine/results/AmazeFileManager-3.4.2-#1837-rebuilt.apk.timemachine.result.emulator-5554#2026-08-17-01-00-46/ec_files/emulator-55542026-08-17-01-25-09.ec.
[INFO] Loading execution data file /home/ubuntu/TimeMachine/results/AmazeFileManager-3.4.2-#1837-rebuilt.apk.timemachine.result.emulator-5554#2026-08-17-01-00-46/ec_files/emulator-55542026-08-17-01-25-20.ec.
[INFO] Loading execution data file /home/ubuntu/TimeMachine/results/AmazeFileManager-3.4.2-#1837-rebuilt.apk.timemachine.result.emulator-5554#2026-08-17-01-00-46/ec_files/emulator-55542026-08-17-01-25-33.ec.
[INFO] Loading execution data file /home/ubuntu/TimeMachine/results/AmazeFileManager-3.4.2-#1837-rebuilt.apk.timemachine.result.emulator-5554#2026-08-17-01-00-46/ec_files/emulator-55542026-08-17-01-25-44.ec.
[INFO] Loading execution data file /home/ubuntu/TimeMachine/results/AmazeFileManager-3.4.2-#1837-rebuilt.apk.timemachine.result.emulator-5554#2026-08-17-01-00-46/ec_files/emulator-55542026-08-17-01-25-57.ec.
[INFO] Loading execution data file /home/ubuntu/TimeMachine/results/AmazeFileManager-3.4.2-#1837-rebuilt.apk.timemachine.result.emulator-5554#2026-08-17-01-00-46/ec_files/emulator-55542026-08-17-01-26-15.ec.
[INFO] Loading execution data file /home/ubuntu/TimeMachine/results/AmazeFileManager-3.4.2-#1837-rebuilt.apk.timemachine.result.emulator-5554#2026-08-17-01-00-46/ec_files/emulator-55542026-08-17-01-26-33.ec.
[INFO] Loading execution data file /home/ubuntu/TimeMachine/results/AmazeFileManager-3.4.2-#1837-rebuilt.apk.timemachine.result.emulator-5554#2026-08-17-01-00-46/ec_files/emulator-55542026-08-17-01-26-46.ec.
[INFO] Loading execution data file /home/ubuntu/TimeMachine/results/AmazeFileManager-3.4.2-#1837-rebuilt.apk.timemachine.result.emulator-5554#2026-08-17-01-00-46/ec_files/emulator-55542026-08-17-01-27-00.ec.
[INFO] Loading execution data file /home/ubuntu/TimeMachine/results/AmazeFileManager-3.4.2-#1837-rebuilt.apk.timemachine.result.emulator-5554#2026-08-17-01-00-46/ec_files/emulator-55542026-08-17-01-27-16.ec.
[INFO] Loading execution data file /home/ubuntu/TimeMachine/results/AmazeFileManager-3.4.2-#1837-rebuilt.apk.timemachine.result.emulator-5554#2026-08-17-01-00-46/ec_files/emulator-55542026-08-17-01-27-30.ec.
[INFO] Loading execution data file /home/ubuntu/TimeMachine/results/AmazeFileManager-3.4.2-#1837-rebuilt.apk.timemachine.result.emulator-5554#2026-08-17-01-00-46/ec_files/emulator-55542026-08-17-01-27-46.ec.
[INFO] Loading execution data file /home/ubuntu/TimeMachine/results/AmazeFileManager-3.4.2-#1837-rebuilt.apk.timemachine.result.emulator-5554#2026-08-17-01-00-46/ec_files/emulator-55542026-08-17-01-28-00.ec.
[INFO] Loading execution data file /home/ubuntu/TimeMachine/results/AmazeFileManager-3.4.2-#1837-rebuilt.apk.timemachine.result.emulator-5554#2026-08-17-01-00-46/ec_files/emulator-55542026-08-17-01-28-14.ec.
[INFO] Loading execution data file /home/ubuntu/TimeMachine/results/AmazeFileManager-3.4.2-#1837-rebuilt.apk.timemachine.result.emulator-5554#2026-08-17-01-00-46/ec_files/emulator-55542026-08-17-01-28-30.ec.
[INFO] Loading execution data file /home/ubuntu/TimeMachine/results/AmazeFileManager-3.4.2-#1837-rebuilt.apk.timemachine.result.emulator-5554#2026-08-17-01-00-46/ec_files/emulator-55542026-08-17-01-28-46.ec.
[INFO] Loading execution data file /home/ubuntu/TimeMachine/results/AmazeFileManager-3.4.2-#1837-rebuilt.apk.timemachine.result.emulator-5554#2026-08-17-01-00-46/ec_files/emulator-55542026-08-17-01-29-04.ec.
[INFO] Loading execution data file /home/ubuntu/TimeMachine/results/AmazeFileManager-3.4.2-#1837-rebuilt.apk.timemachine.result.emulator-5554#2026-08-17-01-00-46/ec_files/emulator-55542026-08-17-01-29-17.ec.
[INFO] Loading execution data file /home/ubuntu/TimeMachine/results/AmazeFileManager-3.4.2-#1837-rebuilt.apk.timemachine.result.emulator-5554#2026-08-17-01-00-46/ec_files/emulator-55542026-08-17-01-29-36.ec.
[INFO] Loading execution data file /home/ubuntu/TimeMachine/results/AmazeFileManager-3.4.2-#1837-rebuilt.apk.timemachine.result.emulator-5554#2026-08-17-01-00-46/ec_files/emulator-55542026-08-17-01-29-54.ec.
[INFO] Analyzing 508 classes.
   
-----------
current jacoco line coverage rate: 0.199268395629
-----------
--coverage when the new state is triggered: 0.199268395629 current jacoco line coverage rate : 0.199268395629
===================> PENALIZE STATE <=====================
deque(['-307486232', '-1894478199', '-307486232', '-37785511', '-1894478199', '1297129688', '-1867057599', '-1894478199', '-1121270738', '-1054352916'], maxlen=10)
Frequent nodes 
[('183131266', <state_graph.State instance at 0x791e83bc0960>), ('-583182176', <state_graph.State instance at 0x791e88ebac80>), ('-307486232', <state_graph.State instance at 0x791e8ba52d70>), ('-37785511', <state_graph.State instance at 0x791e88361e60>), ('OOAUT', <state_graph.State instance at 0x791eaa94c230>), ('1893074188', <state_graph.State instance at 0x791e88307c80>), ('-1894478199', <state_graph.State instance at 0x791e8bf39460>), ('-1433637423', <state_graph.State instance at 0x791e88132e10>), ('820917904', <state_graph.State instance at 0x791e8ac3f3c0>), ('-1556411559', <state_graph.State instance at 0x791e88ebad70>)]
the portion to the top 20% most frequent states: 0.428571428571
Frequent nodes 
[('183131266', <state_graph.State instance at 0x791e83bc0960>), ('-583182176', <state_graph.State instance at 0x791e88ebac80>), ('-307486232', <state_graph.State instance at 0x791e8ba52d70>), ('-37785511', <state_graph.State instance at 0x791e88361e60>), ('OOAUT', <state_graph.State instance at 0x791eaa94c230>), ('1893074188', <state_graph.State instance at 0x791e88307c80>), ('-1894478199', <state_graph.State instance at 0x791e8bf39460>), ('-1433637423', <state_graph.State instance at 0x791e88132e10>), ('820917904', <state_graph.State instance at 0x791e8ac3f3c0>), ('-1556411559', <state_graph.State instance at 0x791e88ebad70>)]
--extracted id: -1054352916  num_controllable_widgets: 11
--event num: 1
--extracted id: -37785511  num_controllable_widgets: 0
--transiton occurs
--the state -37785511  exists
===================> PENALIZE STATE <=====================
deque(['-1894478199', '-307486232', '-37785511', '-1894478199', '1297129688', '-1867057599', '-1894478199', '-1121270738', '-1054352916', '-37785511'], maxlen=10)
Frequent nodes 
[('183131266', <state_graph.State instance at 0x791e83bc0960>), ('-37785511', <state_graph.State instance at 0x791e88361e60>), ('-583182176', <state_graph.State instance at 0x791e88ebac80>), ('-307486232', <state_graph.State instance at 0x791e8ba52d70>), ('OOAUT', <state_graph.State instance at 0x791eaa94c230>), ('1893074188', <state_graph.State instance at 0x791e88307c80>), ('-1894478199', <state_graph.State instance at 0x791e8bf39460>), ('-1433637423', <state_graph.State instance at 0x791e88132e10>), ('820917904', <state_graph.State instance at 0x791e8ac3f3c0>), ('-1556411559', <state_graph.State instance at 0x791e88ebad70>)]
the portion to the top 20% most frequent states: 0.428571428571
Frequent nodes 
[('183131266', <state_graph.State instance at 0x791e83bc0960>), ('-37785511', <state_graph.State instance at 0x791e88361e60>), ('-583182176', <state_graph.State instance at 0x791e88ebac80>), ('-307486232', <state_graph.State instance at 0x791e8ba52d70>), ('OOAUT', <state_graph.State instance at 0x791eaa94c230>), ('1893074188', <state_graph.State instance at 0x791e88307c80>), ('-1894478199', <state_graph.State instance at 0x791e8bf39460>), ('-1433637423', <state_graph.State instance at 0x791e88132e10>), ('820917904', <state_graph.State instance at 0x791e8ac3f3c0>), ('-1556411559', <state_graph.State instance at 0x791e88ebad70>)]
--extracted id: -37785511  num_controllable_widgets: 0
--event num: 1
--extracted id: -37785511  num_controllable_widgets: 0
--event num: 2
--extracted id: -1054352916  num_controllable_widgets: 11
--transiton occurs
--the state -1054352916  exists
===================> PENALIZE STATE <=====================
deque(['-307486232', '-37785511', '-1894478199', '1297129688', '-1867057599', '-1894478199', '-1121270738', '-1054352916', '-37785511', '-1054352916'], maxlen=10)
Frequent nodes 
[('183131266', <state_graph.State instance at 0x791e83bc0960>), ('-37785511', <state_graph.State instance at 0x791e88361e60>), ('-583182176', <state_graph.State instance at 0x791e88ebac80>), ('-307486232', <state_graph.State instance at 0x791e8ba52d70>), ('OOAUT', <state_graph.State instance at 0x791eaa94c230>), ('1893074188', <state_graph.State instance at 0x791e88307c80>), ('-1894478199', <state_graph.State instance at 0x791e8bf39460>), ('-1054352916', <state_graph.State instance at 0x791e897b9be0>), ('-1433637423', <state_graph.State instance at 0x791e88132e10>), ('820917904', <state_graph.State instance at 0x791e8ac3f3c0>)]
the portion to the top 20% most frequent states: 0.571428571429
Frequent nodes 
[('183131266', <state_graph.State instance at 0x791e83bc0960>), ('-37785511', <state_graph.State instance at 0x791e88361e60>), ('-583182176', <state_graph.State instance at 0x791e88ebac80>), ('-307486232', <state_graph.State instance at 0x791e8ba52d70>), ('OOAUT', <state_graph.State instance at 0x791eaa94c230>), ('1893074188', <state_graph.State instance at 0x791e88307c80>), ('-1894478199', <state_graph.State instance at 0x791e8bf39460>), ('-1054352916', <state_graph.State instance at 0x791e897b9be0>), ('-1433637423', <state_graph.State instance at 0x791e88132e10>), ('820917904', <state_graph.State instance at 0x791e8ac3f3c0>)]
--extracted id: -1054352916  num_controllable_widgets: 11
--event num: 1
--extracted id: -1054352916  num_controllable_widgets: 11
--event num: 2
--extracted id: -188842781  num_controllable_widgets: 1
--transiton occurs
--a new state is triggered and add -188842781 into the state graph.
get_jacoco_coverage- return code:  output: Broadcasting: Intent { act=edu.gatech.m3.emma.COLLECT_COVERAGE }
Broadcast completed: result=0
---
[COVERAGE FILE EXIST?]
coverage.ec
---
---
[VALIDATE COVERAGE FILE]$ java -jar /home/ubuntu/TimeMachine/fuzzingandroid/libs/jacococli.jar report /home/ubuntu/TimeMachine/results/AmazeFileManager-3.4.2-#1837-rebuilt.apk.timemachine.result.emulator-5554#2026-08-17-01-00-46/ec_files/emulator-55542026-08-17-01-30-11.ec  --classfiles /home/ubuntu/TimeMachine/instrumented_apps/AmazeFileManager/AmazeFileManager-#1837/app/build/intermediates/javac/fdroidDebug/classes/ --classfiles /home/ubuntu/TimeMachine/instrumented_apps/AmazeFileManager/AmazeFileManager-#1837/commons_compress_7z/build/intermediates/javac/debug/classes/ --sourcefiles /home/ubuntu/TimeMachine/instrumented_apps/AmazeFileManager/AmazeFileManager-#1837/app/src/main/java/ --sourcefiles /home/ubuntu/TimeMachine/instrumented_apps/AmazeFileManager/AmazeFileManager-#1837/commons_compress_7z/src/main/java/ &> temp
---
---
[VALIDATE MESSAGE]
---
SUCCESS: coverage file is valid!
[INFO] Loading execution data file /home/ubuntu/TimeMachine/results/AmazeFileManager-3.4.2-#1837-rebuilt.apk.timemachine.result.emulator-5554#2026-08-17-01-00-46/ec_files/emulator-55542026-08-17-01-30-11.ec.
[INFO] Analyzing 508 classes.
 /sdcard/coverage.ec: 1 file pulled, 0 skipped. 0.0 MB/s (1432 bytes in 0.049s)
 
compute_coverage-return code:  output: /home/ubuntu/TimeMachine/results/AmazeFileManager-3.4.2-#1837-rebuilt.apk.timemachine.result.emulator-5554#2026-08-17-01-00-46/ec_files/coveragetemp.ec /home/ubuntu/TimeMachine/results/AmazeFileManager-3.4.2-#1837-rebuilt.apk.timemachine.result.emulator-5554#2026-08-17-01-00-46/ec_files/emulator-55542026-08-17-01-09-02.ec /home/ubuntu/TimeMachine/results/AmazeFileManager-3.4.2-#1837-rebuilt.apk.timemachine.result.emulator-5554#2026-08-17-01-00-46/ec_files/emulator-55542026-08-17-01-09-05.ec /home/ubuntu/TimeMachine/results/AmazeFileManager-3.4.2-#1837-rebuilt.apk.timemachine.result.emulator-5554#2026-08-17-01-00-46/ec_files/emulator-55542026-08-17-01-16-12.ec /home/ubuntu/TimeMachine/results/AmazeFileManager-3.4.2-#1837-rebuilt.apk.timemachine.result.emulator-5554#2026-08-17-01-00-46/ec_files/emulator-55542026-08-17-01-16-28.ec /home/ubuntu/TimeMachine/results/AmazeFileManager-3.4.2-#1837-rebuilt.apk.timemachine.result.emulator-5554#2026-08-17-01-00-46/ec_files/emulator-55542026-08-17-01-16-41.ec /home/ubuntu/TimeMachine/results/AmazeFileManager-3.4.2-#1837-rebuilt.apk.timemachine.result.emulator-5554#2026-08-17-01-00-46/ec_files/emulator-55542026-08-17-01-16-55.ec /home/ubuntu/TimeMachine/results/AmazeFileManager-3.4.2-#1837-rebuilt.apk.timemachine.result.emulator-5554#2026-08-17-01-00-46/ec_files/emulator-55542026-08-17-01-17-06.ec /home/ubuntu/TimeMachine/results/AmazeFileManager-3.4.2-#1837-rebuilt.apk.timemachine.result.emulator-5554#2026-08-17-01-00-46/ec_files/emulator-55542026-08-17-01-17-18.ec /home/ubuntu/TimeMachine/results/AmazeFileManager-3.4.2-#1837-rebuilt.apk.timemachine.result.emulator-5554#2026-08-17-01-00-46/ec_files/emulator-55542026-08-17-01-18-42.ec /home/ubuntu/TimeMachine/results/AmazeFileManager-3.4.2-#1837-rebuilt.apk.timemachine.result.emulator-5554#2026-08-17-01-00-46/ec_files/emulator-55542026-08-17-01-19-37.ec /home/ubuntu/TimeMachine/results/AmazeFileManager-3.4.2-#1837-rebuilt.apk.timemachine.result.emulator-5554#2026-08-17-01-00-46/ec_files/emulator-55542026-08-17-01-19-48.ec /home/ubuntu/TimeMachine/results/AmazeFileManager-3.4.2-#1837-rebuilt.apk.timemachine.result.emulator-5554#2026-08-17-01-00-46/ec_files/emulator-55542026-08-17-01-20-06.ec /home/ubuntu/TimeMachine/results/AmazeFileManager-3.4.2-#1837-rebuilt.apk.timemachine.result.emulator-5554#2026-08-17-01-00-46/ec_files/emulator-55542026-08-17-01-20-22.ec /home/ubuntu/TimeMachine/results/AmazeFileManager-3.4.2-#1837-rebuilt.apk.timemachine.result.emulator-5554#2026-08-17-01-00-46/ec_files/emulator-55542026-08-17-01-20-37.ec /home/ubuntu/TimeMachine/results/AmazeFileManager-3.4.2-#1837-rebuilt.apk.timemachine.result.emulator-5554#2026-08-17-01-00-46/ec_files/emulator-55542026-08-17-01-20-50.ec /home/ubuntu/TimeMachine/results/AmazeFileManager-3.4.2-#1837-rebuilt.apk.timemachine.result.emulator-5554#2026-08-17-01-00-46/ec_files/emulator-55542026-08-17-01-21-08.ec /home/ubuntu/TimeMachine/results/AmazeFileManager-3.4.2-#1837-rebuilt.apk.timemachine.result.emulator-5554#2026-08-17-01-00-46/ec_files/emulator-55542026-08-17-01-21-20.ec /home/ubuntu/TimeMachine/results/AmazeFileManager-3.4.2-#1837-rebuilt.apk.timemachine.result.emulator-5554#2026-08-17-01-00-46/ec_files/emulator-55542026-08-17-01-21-33.ec /home/ubuntu/TimeMachine/results/AmazeFileManager-3.4.2-#1837-rebuilt.apk.timemachine.result.emulator-5554#2026-08-17-01-00-46/ec_files/emulator-55542026-08-17-01-21-46.ec /home/ubuntu/TimeMachine/results/AmazeFileManager-3.4.2-#1837-rebuilt.apk.timemachine.result.emulator-5554#2026-08-17-01-00-46/ec_files/emulator-55542026-08-17-01-22-01.ec /home/ubuntu/TimeMachine/results/AmazeFileManager-3.4.2-#1837-rebuilt.apk.timemachine.result.emulator-5554#2026-08-17-01-00-46/ec_files/emulator-55542026-08-17-01-22-12.ec /home/ubuntu/TimeMachine/results/AmazeFileManager-3.4.2-#1837-rebuilt.apk.timemachine.result.emulator-5554#2026-08-17-01-00-46/ec_files/emulator-55542026-08-17-01-22-27.ec /home/ubuntu/TimeMachine/results/AmazeFileManager-3.4.2-#1837-rebuilt.apk.timemachine.result.emulator-5554#2026-08-17-01-00-46/ec_files/emulator-55542026-08-17-01-22-41.ec /home/ubuntu/TimeMachine/results/AmazeFileManager-3.4.2-#1837-rebuilt.apk.timemachine.result.emulator-5554#2026-08-17-01-00-46/ec_files/emulator-55542026-08-17-01-22-51.ec /home/ubuntu/TimeMachine/results/AmazeFileManager-3.4.2-#1837-rebuilt.apk.timemachine.result.emulator-5554#2026-08-17-01-00-46/ec_files/emulator-55542026-08-17-01-23-08.ec /home/ubuntu/TimeMachine/results/AmazeFileManager-3.4.2-#1837-rebuilt.apk.timemachine.result.emulator-5554#2026-08-17-01-00-46/ec_files/emulator-55542026-08-17-01-23-22.ec /home/ubuntu/TimeMachine/results/AmazeFileManager-3.4.2-#1837-rebuilt.apk.timemachine.result.emulator-5554#2026-08-17-01-00-46/ec_files/emulator-55542026-08-17-01-23-34.ec /home/ubuntu/TimeMachine/results/AmazeFileManager-3.4.2-#1837-rebuilt.apk.timemachine.result.emulator-5554#2026-08-17-01-00-46/ec_files/emulator-55542026-08-17-01-23-47.ec /home/ubuntu/TimeMachine/results/AmazeFileManager-3.4.2-#1837-rebuilt.apk.timemachine.result.emulator-5554#2026-08-17-01-00-46/ec_files/emulator-55542026-08-17-01-23-58.ec /home/ubuntu/TimeMachine/results/AmazeFileManager-3.4.2-#1837-rebuilt.apk.timemachine.result.emulator-5554#2026-08-17-01-00-46/ec_files/emulator-55542026-08-17-01-24-09.ec /home/ubuntu/TimeMachine/results/AmazeFileManager-3.4.2-#1837-rebuilt.apk.timemachine.result.emulator-5554#2026-08-17-01-00-46/ec_files/emulator-55542026-08-17-01-24-28.ec /home/ubuntu/TimeMachine/results/AmazeFileManager-3.4.2-#1837-rebuilt.apk.timemachine.result.emulator-5554#2026-08-17-01-00-46/ec_files/emulator-55542026-08-17-01-24-43.ec /home/ubuntu/TimeMachine/results/AmazeFileManager-3.4.2-#1837-rebuilt.apk.timemachine.result.emulator-5554#2026-08-17-01-00-46/ec_files/emulator-55542026-08-17-01-24-56.ec /home/ubuntu/TimeMachine/results/AmazeFileManager-3.4.2-#1837-rebuilt.apk.timemachine.result.emulator-5554#2026-08-17-01-00-46/ec_files/emulator-55542026-08-17-01-25-09.ec /home/ubuntu/TimeMachine/results/AmazeFileManager-3.4.2-#1837-rebuilt.apk.timemachine.result.emulator-5554#2026-08-17-01-00-46/ec_files/emulator-55542026-08-17-01-25-20.ec /home/ubuntu/TimeMachine/results/AmazeFileManager-3.4.2-#1837-rebuilt.apk.timemachine.result.emulator-5554#2026-08-17-01-00-46/ec_files/emulator-55542026-08-17-01-25-33.ec /home/ubuntu/TimeMachine/results/AmazeFileManager-3.4.2-#1837-rebuilt.apk.timemachine.result.emulator-5554#2026-08-17-01-00-46/ec_files/emulator-55542026-08-17-01-25-44.ec /home/ubuntu/TimeMachine/results/AmazeFileManager-3.4.2-#1837-rebuilt.apk.timemachine.result.emulator-5554#2026-08-17-01-00-46/ec_files/emulator-55542026-08-17-01-25-57.ec /home/ubuntu/TimeMachine/results/AmazeFileManager-3.4.2-#1837-rebuilt.apk.timemachine.result.emulator-5554#2026-08-17-01-00-46/ec_files/emulator-55542026-08-17-01-26-15.ec /home/ubuntu/TimeMachine/results/AmazeFileManager-3.4.2-#1837-rebuilt.apk.timemachine.result.emulator-5554#2026-08-17-01-00-46/ec_files/emulator-55542026-08-17-01-26-33.ec /home/ubuntu/TimeMachine/results/AmazeFileManager-3.4.2-#1837-rebuilt.apk.timemachine.result.emulator-5554#2026-08-17-01-00-46/ec_files/emulator-55542026-08-17-01-26-46.ec /home/ubuntu/TimeMachine/results/AmazeFileManager-3.4.2-#1837-rebuilt.apk.timemachine.result.emulator-5554#2026-08-17-01-00-46/ec_files/emulator-55542026-08-17-01-27-00.ec /home/ubuntu/TimeMachine/results/AmazeFileManager-3.4.2-#1837-rebuilt.apk.timemachine.result.emulator-5554#2026-08-17-01-00-46/ec_files/emulator-55542026-08-17-01-27-16.ec /home/ubuntu/TimeMachine/results/AmazeFileManager-3.4.2-#1837-rebuilt.apk.timemachine.result.emulator-5554#2026-08-17-01-00-46/ec_files/emulator-55542026-08-17-01-27-30.ec /home/ubuntu/TimeMachine/results/AmazeFileManager-3.4.2-#1837-rebuilt.apk.timemachine.result.emulator-5554#2026-08-17-01-00-46/ec_files/emulator-55542026-08-17-01-27-46.ec /home/ubuntu/TimeMachine/results/AmazeFileManager-3.4.2-#1837-rebuilt.apk.timemachine.result.emulator-5554#2026-08-17-01-00-46/ec_files/emulator-55542026-08-17-01-28-00.ec /home/ubuntu/TimeMachine/results/AmazeFileManager-3.4.2-#1837-rebuilt.apk.timemachine.result.emulator-5554#2026-08-17-01-00-46/ec_files/emulator-55542026-08-17-01-28-14.ec /home/ubuntu/TimeMachine/results/AmazeFileManager-3.4.2-#1837-rebuilt.apk.timemachine.result.emulator-5554#2026-08-17-01-00-46/ec_files/emulator-55542026-08-17-01-28-30.ec /home/ubuntu/TimeMachine/results/AmazeFileManager-3.4.2-#1837-rebuilt.apk.timemachine.result.emulator-5554#2026-08-17-01-00-46/ec_files/emulator-55542026-08-17-01-28-46.ec /home/ubuntu/TimeMachine/results/AmazeFileManager-3.4.2-#1837-rebuilt.apk.timemachine.result.emulator-5554#2026-08-17-01-00-46/ec_files/emulator-55542026-08-17-01-29-04.ec /home/ubuntu/TimeMachine/results/AmazeFileManager-3.4.2-#1837-rebuilt.apk.timemachine.result.emulator-5554#2026-08-17-01-00-46/ec_files/emulator-55542026-08-17-01-29-17.ec /home/ubuntu/TimeMachine/results/AmazeFileManager-3.4.2-#1837-rebuilt.apk.timemachine.result.emulator-5554#2026-08-17-01-00-46/ec_files/emulator-55542026-08-17-01-29-36.ec /home/ubuntu/TimeMachine/results/AmazeFileManager-3.4.2-#1837-rebuilt.apk.timemachine.result.emulator-5554#2026-08-17-01-00-46/ec_files/emulator-55542026-08-17-01-29-54.ec /home/ubuntu/TimeMachine/results/AmazeFileManager-3.4.2-#1837-rebuilt.apk.timemachine.result.emulator-5554#2026-08-17-01-00-46/ec_files/emulator-55542026-08-17-01-30-11.ec
[INFO] Loading execution data file /home/ubuntu/TimeMachine/results/AmazeFileManager-3.4.2-#1837-rebuilt.apk.timemachine.result.emulator-5554#2026-08-17-01-00-46/ec_files/coveragetemp.ec.
[INFO] Loading execution data file /home/ubuntu/TimeMachine/results/AmazeFileManager-3.4.2-#1837-rebuilt.apk.timemachine.result.emulator-5554#2026-08-17-01-00-46/ec_files/emulator-55542026-08-17-01-09-02.ec.
[INFO] Loading execution data file /home/ubuntu/TimeMachine/results/AmazeFileManager-3.4.2-#1837-rebuilt.apk.timemachine.result.emulator-5554#2026-08-17-01-00-46/ec_files/emulator-55542026-08-17-01-09-05.ec.
[INFO] Loading execution data file /home/ubuntu/TimeMachine/results/AmazeFileManager-3.4.2-#1837-rebuilt.apk.timemachine.result.emulator-5554#2026-08-17-01-00-46/ec_files/emulator-55542026-08-17-01-16-12.ec.
[INFO] Loading execution data file /home/ubuntu/TimeMachine/results/AmazeFileManager-3.4.2-#1837-rebuilt.apk.timemachine.result.emulator-5554#2026-08-17-01-00-46/ec_files/emulator-55542026-08-17-01-16-28.ec.
[INFO] Loading execution data file /home/ubuntu/TimeMachine/results/AmazeFileManager-3.4.2-#1837-rebuilt.apk.timemachine.result.emulator-5554#2026-08-17-01-00-46/ec_files/emulator-55542026-08-17-01-16-41.ec.
[INFO] Loading execution data file /home/ubuntu/TimeMachine/results/AmazeFileManager-3.4.2-#1837-rebuilt.apk.timemachine.result.emulator-5554#2026-08-17-01-00-46/ec_files/emulator-55542026-08-17-01-16-55.ec.
[INFO] Loading execution data file /home/ubuntu/TimeMachine/results/AmazeFileManager-3.4.2-#1837-rebuilt.apk.timemachine.result.emulator-5554#2026-08-17-01-00-46/ec_files/emulator-55542026-08-17-01-17-06.ec.
[INFO] Loading execution data file /home/ubuntu/TimeMachine/results/AmazeFileManager-3.4.2-#1837-rebuilt.apk.timemachine.result.emulator-5554#2026-08-17-01-00-46/ec_files/emulator-55542026-08-17-01-17-18.ec.
[INFO] Loading execution data file /home/ubuntu/TimeMachine/results/AmazeFileManager-3.4.2-#1837-rebuilt.apk.timemachine.result.emulator-5554#2026-08-17-01-00-46/ec_files/emulator-55542026-08-17-01-18-42.ec.
[INFO] Loading execution data file /home/ubuntu/TimeMachine/results/AmazeFileManager-3.4.2-#1837-rebuilt.apk.timemachine.result.emulator-5554#2026-08-17-01-00-46/ec_files/emulator-55542026-08-17-01-19-37.ec.
[INFO] Loading execution data file /home/ubuntu/TimeMachine/results/AmazeFileManager-3.4.2-#1837-rebuilt.apk.timemachine.result.emulator-5554#2026-08-17-01-00-46/ec_files/emulator-55542026-08-17-01-19-48.ec.
[INFO] Loading execution data file /home/ubuntu/TimeMachine/results/AmazeFileManager-3.4.2-#1837-rebuilt.apk.timemachine.result.emulator-5554#2026-08-17-01-00-46/ec_files/emulator-55542026-08-17-01-20-06.ec.
[INFO] Loading execution data file /home/ubuntu/TimeMachine/results/AmazeFileManager-3.4.2-#1837-rebuilt.apk.timemachine.result.emulator-5554#2026-08-17-01-00-46/ec_files/emulator-55542026-08-17-01-20-22.ec.
[INFO] Loading execution data file /home/ubuntu/TimeMachine/results/AmazeFileManager-3.4.2-#1837-rebuilt.apk.timemachine.result.emulator-5554#2026-08-17-01-00-46/ec_files/emulator-55542026-08-17-01-20-37.ec.
[INFO] Loading execution data file /home/ubuntu/TimeMachine/results/AmazeFileManager-3.4.2-#1837-rebuilt.apk.timemachine.result.emulator-5554#2026-08-17-01-00-46/ec_files/emulator-55542026-08-17-01-20-50.ec.
[INFO] Loading execution data file /home/ubuntu/TimeMachine/results/AmazeFileManager-3.4.2-#1837-rebuilt.apk.timemachine.result.emulator-5554#2026-08-17-01-00-46/ec_files/emulator-55542026-08-17-01-21-08.ec.
[INFO] Loading execution data file /home/ubuntu/TimeMachine/results/AmazeFileManager-3.4.2-#1837-rebuilt.apk.timemachine.result.emulator-5554#2026-08-17-01-00-46/ec_files/emulator-55542026-08-17-01-21-20.ec.
[INFO] Loading execution data file /home/ubuntu/TimeMachine/results/AmazeFileManager-3.4.2-#1837-rebuilt.apk.timemachine.result.emulator-5554#2026-08-17-01-00-46/ec_files/emulator-55542026-08-17-01-21-33.ec.
[INFO] Loading execution data file /home/ubuntu/TimeMachine/results/AmazeFileManager-3.4.2-#1837-rebuilt.apk.timemachine.result.emulator-5554#2026-08-17-01-00-46/ec_files/emulator-55542026-08-17-01-21-46.ec.
[INFO] Loading execution data file /home/ubuntu/TimeMachine/results/AmazeFileManager-3.4.2-#1837-rebuilt.apk.timemachine.result.emulator-5554#2026-08-17-01-00-46/ec_files/emulator-55542026-08-17-01-22-01.ec.
[INFO] Loading execution data file /home/ubuntu/TimeMachine/results/AmazeFileManager-3.4.2-#1837-rebuilt.apk.timemachine.result.emulator-5554#2026-08-17-01-00-46/ec_files/emulator-55542026-08-17-01-22-12.ec.
[INFO] Loading execution data file /home/ubuntu/TimeMachine/results/AmazeFileManager-3.4.2-#1837-rebuilt.apk.timemachine.result.emulator-5554#2026-08-17-01-00-46/ec_files/emulator-55542026-08-17-01-22-27.ec.
[INFO] Loading execution data file /home/ubuntu/TimeMachine/results/AmazeFileManager-3.4.2-#1837-rebuilt.apk.timemachine.result.emulator-5554#2026-08-17-01-00-46/ec_files/emulator-55542026-08-17-01-22-41.ec.
[INFO] Loading execution data file /home/ubuntu/TimeMachine/results/AmazeFileManager-3.4.2-#1837-rebuilt.apk.timemachine.result.emulator-5554#2026-08-17-01-00-46/ec_files/emulator-55542026-08-17-01-22-51.ec.
[INFO] Loading execution data file /home/ubuntu/TimeMachine/results/AmazeFileManager-3.4.2-#1837-rebuilt.apk.timemachine.result.emulator-5554#2026-08-17-01-00-46/ec_files/emulator-55542026-08-17-01-23-08.ec.
[INFO] Loading execution data file /home/ubuntu/TimeMachine/results/AmazeFileManager-3.4.2-#1837-rebuilt.apk.timemachine.result.emulator-5554#2026-08-17-01-00-46/ec_files/emulator-55542026-08-17-01-23-22.ec.
[INFO] Loading execution data file /home/ubuntu/TimeMachine/results/AmazeFileManager-3.4.2-#1837-rebuilt.apk.timemachine.result.emulator-5554#2026-08-17-01-00-46/ec_files/emulator-55542026-08-17-01-23-34.ec.
[INFO] Loading execution data file /home/ubuntu/TimeMachine/results/AmazeFileManager-3.4.2-#1837-rebuilt.apk.timemachine.result.emulator-5554#2026-08-17-01-00-46/ec_files/emulator-55542026-08-17-01-23-47.ec.
[INFO] Loading execution data file /home/ubuntu/TimeMachine/results/AmazeFileManager-3.4.2-#1837-rebuilt.apk.timemachine.result.emulator-5554#2026-08-17-01-00-46/ec_files/emulator-55542026-08-17-01-23-58.ec.
[INFO] Loading execution data file /home/ubuntu/TimeMachine/results/AmazeFileManager-3.4.2-#1837-rebuilt.apk.timemachine.result.emulator-5554#2026-08-17-01-00-46/ec_files/emulator-55542026-08-17-01-24-09.ec.
[INFO] Loading execution data file /home/ubuntu/TimeMachine/results/AmazeFileManager-3.4.2-#1837-rebuilt.apk.timemachine.result.emulator-5554#2026-08-17-01-00-46/ec_files/emulator-55542026-08-17-01-24-28.ec.
[INFO] Loading execution data file /home/ubuntu/TimeMachine/results/AmazeFileManager-3.4.2-#1837-rebuilt.apk.timemachine.result.emulator-5554#2026-08-17-01-00-46/ec_files/emulator-55542026-08-17-01-24-43.ec.
[INFO] Loading execution data file /home/ubuntu/TimeMachine/results/AmazeFileManager-3.4.2-#1837-rebuilt.apk.timemachine.result.emulator-5554#2026-08-17-01-00-46/ec_files/emulator-55542026-08-17-01-24-56.ec.
[INFO] Loading execution data file /home/ubuntu/TimeMachine/results/AmazeFileManager-3.4.2-#1837-rebuilt.apk.timemachine.result.emulator-5554#2026-08-17-01-00-46/ec_files/emulator-55542026-08-17-01-25-09.ec.
[INFO] Loading execution data file /home/ubuntu/TimeMachine/results/AmazeFileManager-3.4.2-#1837-rebuilt.apk.timemachine.result.emulator-5554#2026-08-17-01-00-46/ec_files/emulator-55542026-08-17-01-25-20.ec.
[INFO] Loading execution data file /home/ubuntu/TimeMachine/results/AmazeFileManager-3.4.2-#1837-rebuilt.apk.timemachine.result.emulator-5554#2026-08-17-01-00-46/ec_files/emulator-55542026-08-17-01-25-33.ec.
[INFO] Loading execution data file /home/ubuntu/TimeMachine/results/AmazeFileManager-3.4.2-#1837-rebuilt.apk.timemachine.result.emulator-5554#2026-08-17-01-00-46/ec_files/emulator-55542026-08-17-01-25-44.ec.
[INFO] Loading execution data file /home/ubuntu/TimeMachine/results/AmazeFileManager-3.4.2-#1837-rebuilt.apk.timemachine.result.emulator-5554#2026-08-17-01-00-46/ec_files/emulator-55542026-08-17-01-25-57.ec.
[INFO] Loading execution data file /home/ubuntu/TimeMachine/results/AmazeFileManager-3.4.2-#1837-rebuilt.apk.timemachine.result.emulator-5554#2026-08-17-01-00-46/ec_files/emulator-55542026-08-17-01-26-15.ec.
[INFO] Loading execution data file /home/ubuntu/TimeMachine/results/AmazeFileManager-3.4.2-#1837-rebuilt.apk.timemachine.result.emulator-5554#2026-08-17-01-00-46/ec_files/emulator-55542026-08-17-01-26-33.ec.
[INFO] Loading execution data file /home/ubuntu/TimeMachine/results/AmazeFileManager-3.4.2-#1837-rebuilt.apk.timemachine.result.emulator-5554#2026-08-17-01-00-46/ec_files/emulator-55542026-08-17-01-26-46.ec.
[INFO] Loading execution data file /home/ubuntu/TimeMachine/results/AmazeFileManager-3.4.2-#1837-rebuilt.apk.timemachine.result.emulator-5554#2026-08-17-01-00-46/ec_files/emulator-55542026-08-17-01-27-00.ec.
[INFO] Loading execution data file /home/ubuntu/TimeMachine/results/AmazeFileManager-3.4.2-#1837-rebuilt.apk.timemachine.result.emulator-5554#2026-08-17-01-00-46/ec_files/emulator-55542026-08-17-01-27-16.ec.
[INFO] Loading execution data file /home/ubuntu/TimeMachine/results/AmazeFileManager-3.4.2-#1837-rebuilt.apk.timemachine.result.emulator-5554#2026-08-17-01-00-46/ec_files/emulator-55542026-08-17-01-27-30.ec.
[INFO] Loading execution data file /home/ubuntu/TimeMachine/results/AmazeFileManager-3.4.2-#1837-rebuilt.apk.timemachine.result.emulator-5554#2026-08-17-01-00-46/ec_files/emulator-55542026-08-17-01-27-46.ec.
[INFO] Loading execution data file /home/ubuntu/TimeMachine/results/AmazeFileManager-3.4.2-#1837-rebuilt.apk.timemachine.result.emulator-5554#2026-08-17-01-00-46/ec_files/emulator-55542026-08-17-01-28-00.ec.
[INFO] Loading execution data file /home/ubuntu/TimeMachine/results/AmazeFileManager-3.4.2-#1837-rebuilt.apk.timemachine.result.emulator-5554#2026-08-17-01-00-46/ec_files/emulator-55542026-08-17-01-28-14.ec.
[INFO] Loading execution data file /home/ubuntu/TimeMachine/results/AmazeFileManager-3.4.2-#1837-rebuilt.apk.timemachine.result.emulator-5554#2026-08-17-01-00-46/ec_files/emulator-55542026-08-17-01-28-30.ec.
[INFO] Loading execution data file /home/ubuntu/TimeMachine/results/AmazeFileManager-3.4.2-#1837-rebuilt.apk.timemachine.result.emulator-5554#2026-08-17-01-00-46/ec_files/emulator-55542026-08-17-01-28-46.ec.
[INFO] Loading execution data file /home/ubuntu/TimeMachine/results/AmazeFileManager-3.4.2-#1837-rebuilt.apk.timemachine.result.emulator-5554#2026-08-17-01-00-46/ec_files/emulator-55542026-08-17-01-29-04.ec.
[INFO] Loading execution data file /home/ubuntu/TimeMachine/results/AmazeFileManager-3.4.2-#1837-rebuilt.apk.timemachine.result.emulator-5554#2026-08-17-01-00-46/ec_files/emulator-55542026-08-17-01-29-17.ec.
[INFO] Loading execution data file /home/ubuntu/TimeMachine/results/AmazeFileManager-3.4.2-#1837-rebuilt.apk.timemachine.result.emulator-5554#2026-08-17-01-00-46/ec_files/emulator-55542026-08-17-01-29-36.ec.
[INFO] Loading execution data file /home/ubuntu/TimeMachine/results/AmazeFileManager-3.4.2-#1837-rebuilt.apk.timemachine.result.emulator-5554#2026-08-17-01-00-46/ec_files/emulator-55542026-08-17-01-29-54.ec.
[INFO] Loading execution data file /home/ubuntu/TimeMachine/results/AmazeFileManager-3.4.2-#1837-rebuilt.apk.timemachine.result.emulator-5554#2026-08-17-01-00-46/ec_files/emulator-55542026-08-17-01-30-11.ec.
[INFO] Analyzing 508 classes.
   
-----------
current jacoco line coverage rate: 0.199268395629
-----------
--coverage when the new state is triggered: 0.199268395629 current jacoco line coverage rate : 0.199268395629
===================> PENALIZE STATE <=====================
deque(['-37785511', '-1894478199', '1297129688', '-1867057599', '-1894478199', '-1121270738', '-1054352916', '-37785511', '-1054352916', '-188842781'], maxlen=10)
Frequent nodes 
[('183131266', <state_graph.State instance at 0x791e83bc0960>), ('-37785511', <state_graph.State instance at 0x791e88361e60>), ('-583182176', <state_graph.State instance at 0x791e88ebac80>), ('-307486232', <state_graph.State instance at 0x791e8ba52d70>), ('OOAUT', <state_graph.State instance at 0x791eaa94c230>), ('1893074188', <state_graph.State instance at 0x791e88307c80>), ('-1894478199', <state_graph.State instance at 0x791e8bf39460>), ('-1054352916', <state_graph.State instance at 0x791e897b9be0>), ('-1433637423', <state_graph.State instance at 0x791e88132e10>), ('820917904', <state_graph.State instance at 0x791e8ac3f3c0>)]
the portion to the top 20% most frequent states: 0.428571428571
Frequent nodes 
[('183131266', <state_graph.State instance at 0x791e83bc0960>), ('-37785511', <state_graph.State instance at 0x791e88361e60>), ('-583182176', <state_graph.State instance at 0x791e88ebac80>), ('-307486232', <state_graph.State instance at 0x791e8ba52d70>), ('OOAUT', <state_graph.State instance at 0x791eaa94c230>), ('1893074188', <state_graph.State instance at 0x791e88307c80>), ('-1894478199', <state_graph.State instance at 0x791e8bf39460>), ('-1054352916', <state_graph.State instance at 0x791e897b9be0>), ('-1433637423', <state_graph.State instance at 0x791e88132e10>), ('820917904', <state_graph.State instance at 0x791e8ac3f3c0>)]
--extracted id: -37785511  num_controllable_widgets: 0
--transiton occurs
--the state -37785511  exists
===================> PENALIZE STATE <=====================
deque(['-1894478199', '1297129688', '-1867057599', '-1894478199', '-1121270738', '-1054352916', '-37785511', '-1054352916', '-188842781', '-37785511'], maxlen=10)
Frequent nodes 
[('183131266', <state_graph.State instance at 0x791e83bc0960>), ('-37785511', <state_graph.State instance at 0x791e88361e60>), ('-583182176', <state_graph.State instance at 0x791e88ebac80>), ('-307486232', <state_graph.State instance at 0x791e8ba52d70>), ('OOAUT', <state_graph.State instance at 0x791eaa94c230>), ('1893074188', <state_graph.State instance at 0x791e88307c80>), ('-1894478199', <state_graph.State instance at 0x791e8bf39460>), ('-1054352916', <state_graph.State instance at 0x791e897b9be0>), ('-1433637423', <state_graph.State instance at 0x791e88132e10>), ('820917904', <state_graph.State instance at 0x791e8ac3f3c0>)]
the portion to the top 20% most frequent states: 0.428571428571
Frequent nodes 
[('183131266', <state_graph.State instance at 0x791e83bc0960>), ('-37785511', <state_graph.State instance at 0x791e88361e60>), ('-583182176', <state_graph.State instance at 0x791e88ebac80>), ('-307486232', <state_graph.State instance at 0x791e8ba52d70>), ('OOAUT', <state_graph.State instance at 0x791eaa94c230>), ('1893074188', <state_graph.State instance at 0x791e88307c80>), ('-1894478199', <state_graph.State instance at 0x791e8bf39460>), ('-1054352916', <state_graph.State instance at 0x791e897b9be0>), ('-1433637423', <state_graph.State instance at 0x791e88132e10>), ('820917904', <state_graph.State instance at 0x791e8ac3f3c0>)]
--extracted id: -37785511  num_controllable_widgets: 0
--event num: 1
--extracted id: -1238617861  num_controllable_widgets: 0
--transiton occurs
--the state -1238617861  exists
===================> PENALIZE STATE <=====================
deque(['1297129688', '-1867057599', '-1894478199', '-1121270738', '-1054352916', '-37785511', '-1054352916', '-188842781', '-37785511', '-1238617861'], maxlen=10)
Frequent nodes 
[('183131266', <state_graph.State instance at 0x791e83bc0960>), ('-37785511', <state_graph.State instance at 0x791e88361e60>), ('-583182176', <state_graph.State instance at 0x791e88ebac80>), ('-307486232', <state_graph.State instance at 0x791e8ba52d70>), ('OOAUT', <state_graph.State instance at 0x791eaa94c230>), ('1893074188', <state_graph.State instance at 0x791e88307c80>), ('-1894478199', <state_graph.State instance at 0x791e8bf39460>), ('-1054352916', <state_graph.State instance at 0x791e897b9be0>), ('-1433637423', <state_graph.State instance at 0x791e88132e10>), ('820917904', <state_graph.State instance at 0x791e8ac3f3c0>)]
the portion to the top 20% most frequent states: 0.375
Frequent nodes 
[('183131266', <state_graph.State instance at 0x791e83bc0960>), ('-37785511', <state_graph.State instance at 0x791e88361e60>), ('-583182176', <state_graph.State instance at 0x791e88ebac80>), ('-307486232', <state_graph.State instance at 0x791e8ba52d70>), ('OOAUT', <state_graph.State instance at 0x791eaa94c230>), ('1893074188', <state_graph.State instance at 0x791e88307c80>), ('-1894478199', <state_graph.State instance at 0x791e8bf39460>), ('-1054352916', <state_graph.State instance at 0x791e897b9be0>), ('-1433637423', <state_graph.State instance at 0x791e88132e10>), ('820917904', <state_graph.State instance at 0x791e8ac3f3c0>)]
--extracted id: -2050027593  num_controllable_widgets: 10
--transiton occurs
--a new state is triggered and add -2050027593 into the state graph.
get_jacoco_coverage- return code:  output: Broadcasting: Intent { act=edu.gatech.m3.emma.COLLECT_COVERAGE }
Broadcast completed: result=0
---
[COVERAGE FILE EXIST?]
coverage.ec
---
---
[VALIDATE COVERAGE FILE]$ java -jar /home/ubuntu/TimeMachine/fuzzingandroid/libs/jacococli.jar report /home/ubuntu/TimeMachine/results/AmazeFileManager-3.4.2-#1837-rebuilt.apk.timemachine.result.emulator-5554#2026-08-17-01-00-46/ec_files/emulator-55542026-08-17-01-30-23.ec  --classfiles /home/ubuntu/TimeMachine/instrumented_apps/AmazeFileManager/AmazeFileManager-#1837/app/build/intermediates/javac/fdroidDebug/classes/ --classfiles /home/ubuntu/TimeMachine/instrumented_apps/AmazeFileManager/AmazeFileManager-#1837/commons_compress_7z/build/intermediates/javac/debug/classes/ --sourcefiles /home/ubuntu/TimeMachine/instrumented_apps/AmazeFileManager/AmazeFileManager-#1837/app/src/main/java/ --sourcefiles /home/ubuntu/TimeMachine/instrumented_apps/AmazeFileManager/AmazeFileManager-#1837/commons_compress_7z/src/main/java/ &> temp
---
---
[VALIDATE MESSAGE]
---
SUCCESS: coverage file is valid!
[INFO] Loading execution data file /home/ubuntu/TimeMachine/results/AmazeFileManager-3.4.2-#1837-rebuilt.apk.timemachine.result.emulator-5554#2026-08-17-01-00-46/ec_files/emulator-55542026-08-17-01-30-23.ec.
[INFO] Analyzing 508 classes.
 /sdcard/coverage.ec: 1 file pulled, 0 skipped. 0.0 MB/s (1364 bytes in 0.052s)
 
compute_coverage-return code:  output: /home/ubuntu/TimeMachine/results/AmazeFileManager-3.4.2-#1837-rebuilt.apk.timemachine.result.emulator-5554#2026-08-17-01-00-46/ec_files/coveragetemp.ec /home/ubuntu/TimeMachine/results/AmazeFileManager-3.4.2-#1837-rebuilt.apk.timemachine.result.emulator-5554#2026-08-17-01-00-46/ec_files/emulator-55542026-08-17-01-09-02.ec /home/ubuntu/TimeMachine/results/AmazeFileManager-3.4.2-#1837-rebuilt.apk.timemachine.result.emulator-5554#2026-08-17-01-00-46/ec_files/emulator-55542026-08-17-01-09-05.ec /home/ubuntu/TimeMachine/results/AmazeFileManager-3.4.2-#1837-rebuilt.apk.timemachine.result.emulator-5554#2026-08-17-01-00-46/ec_files/emulator-55542026-08-17-01-16-12.ec /home/ubuntu/TimeMachine/results/AmazeFileManager-3.4.2-#1837-rebuilt.apk.timemachine.result.emulator-5554#2026-08-17-01-00-46/ec_files/emulator-55542026-08-17-01-16-28.ec /home/ubuntu/TimeMachine/results/AmazeFileManager-3.4.2-#1837-rebuilt.apk.timemachine.result.emulator-5554#2026-08-17-01-00-46/ec_files/emulator-55542026-08-17-01-16-41.ec /home/ubuntu/TimeMachine/results/AmazeFileManager-3.4.2-#1837-rebuilt.apk.timemachine.result.emulator-5554#2026-08-17-01-00-46/ec_files/emulator-55542026-08-17-01-16-55.ec /home/ubuntu/TimeMachine/results/AmazeFileManager-3.4.2-#1837-rebuilt.apk.timemachine.result.emulator-5554#2026-08-17-01-00-46/ec_files/emulator-55542026-08-17-01-17-06.ec /home/ubuntu/TimeMachine/results/AmazeFileManager-3.4.2-#1837-rebuilt.apk.timemachine.result.emulator-5554#2026-08-17-01-00-46/ec_files/emulator-55542026-08-17-01-17-18.ec /home/ubuntu/TimeMachine/results/AmazeFileManager-3.4.2-#1837-rebuilt.apk.timemachine.result.emulator-5554#2026-08-17-01-00-46/ec_files/emulator-55542026-08-17-01-18-42.ec /home/ubuntu/TimeMachine/results/AmazeFileManager-3.4.2-#1837-rebuilt.apk.timemachine.result.emulator-5554#2026-08-17-01-00-46/ec_files/emulator-55542026-08-17-01-19-37.ec /home/ubuntu/TimeMachine/results/AmazeFileManager-3.4.2-#1837-rebuilt.apk.timemachine.result.emulator-5554#2026-08-17-01-00-46/ec_files/emulator-55542026-08-17-01-19-48.ec /home/ubuntu/TimeMachine/results/AmazeFileManager-3.4.2-#1837-rebuilt.apk.timemachine.result.emulator-5554#2026-08-17-01-00-46/ec_files/emulator-55542026-08-17-01-20-06.ec /home/ubuntu/TimeMachine/results/AmazeFileManager-3.4.2-#1837-rebuilt.apk.timemachine.result.emulator-5554#2026-08-17-01-00-46/ec_files/emulator-55542026-08-17-01-20-22.ec /home/ubuntu/TimeMachine/results/AmazeFileManager-3.4.2-#1837-rebuilt.apk.timemachine.result.emulator-5554#2026-08-17-01-00-46/ec_files/emulator-55542026-08-17-01-20-37.ec /home/ubuntu/TimeMachine/results/AmazeFileManager-3.4.2-#1837-rebuilt.apk.timemachine.result.emulator-5554#2026-08-17-01-00-46/ec_files/emulator-55542026-08-17-01-20-50.ec /home/ubuntu/TimeMachine/results/AmazeFileManager-3.4.2-#1837-rebuilt.apk.timemachine.result.emulator-5554#2026-08-17-01-00-46/ec_files/emulator-55542026-08-17-01-21-08.ec /home/ubuntu/TimeMachine/results/AmazeFileManager-3.4.2-#1837-rebuilt.apk.timemachine.result.emulator-5554#2026-08-17-01-00-46/ec_files/emulator-55542026-08-17-01-21-20.ec /home/ubuntu/TimeMachine/results/AmazeFileManager-3.4.2-#1837-rebuilt.apk.timemachine.result.emulator-5554#2026-08-17-01-00-46/ec_files/emulator-55542026-08-17-01-21-33.ec /home/ubuntu/TimeMachine/results/AmazeFileManager-3.4.2-#1837-rebuilt.apk.timemachine.result.emulator-5554#2026-08-17-01-00-46/ec_files/emulator-55542026-08-17-01-21-46.ec /home/ubuntu/TimeMachine/results/AmazeFileManager-3.4.2-#1837-rebuilt.apk.timemachine.result.emulator-5554#2026-08-17-01-00-46/ec_files/emulator-55542026-08-17-01-22-01.ec /home/ubuntu/TimeMachine/results/AmazeFileManager-3.4.2-#1837-rebuilt.apk.timemachine.result.emulator-5554#2026-08-17-01-00-46/ec_files/emulator-55542026-08-17-01-22-12.ec /home/ubuntu/TimeMachine/results/AmazeFileManager-3.4.2-#1837-rebuilt.apk.timemachine.result.emulator-5554#2026-08-17-01-00-46/ec_files/emulator-55542026-08-17-01-22-27.ec /home/ubuntu/TimeMachine/results/AmazeFileManager-3.4.2-#1837-rebuilt.apk.timemachine.result.emulator-5554#2026-08-17-01-00-46/ec_files/emulator-55542026-08-17-01-22-41.ec /home/ubuntu/TimeMachine/results/AmazeFileManager-3.4.2-#1837-rebuilt.apk.timemachine.result.emulator-5554#2026-08-17-01-00-46/ec_files/emulator-55542026-08-17-01-22-51.ec /home/ubuntu/TimeMachine/results/AmazeFileManager-3.4.2-#1837-rebuilt.apk.timemachine.result.emulator-5554#2026-08-17-01-00-46/ec_files/emulator-55542026-08-17-01-23-08.ec /home/ubuntu/TimeMachine/results/AmazeFileManager-3.4.2-#1837-rebuilt.apk.timemachine.result.emulator-5554#2026-08-17-01-00-46/ec_files/emulator-55542026-08-17-01-23-22.ec /home/ubuntu/TimeMachine/results/AmazeFileManager-3.4.2-#1837-rebuilt.apk.timemachine.result.emulator-5554#2026-08-17-01-00-46/ec_files/emulator-55542026-08-17-01-23-34.ec /home/ubuntu/TimeMachine/results/AmazeFileManager-3.4.2-#1837-rebuilt.apk.timemachine.result.emulator-5554#2026-08-17-01-00-46/ec_files/emulator-55542026-08-17-01-23-47.ec /home/ubuntu/TimeMachine/results/AmazeFileManager-3.4.2-#1837-rebuilt.apk.timemachine.result.emulator-5554#2026-08-17-01-00-46/ec_files/emulator-55542026-08-17-01-23-58.ec /home/ubuntu/TimeMachine/results/AmazeFileManager-3.4.2-#1837-rebuilt.apk.timemachine.result.emulator-5554#2026-08-17-01-00-46/ec_files/emulator-55542026-08-17-01-24-09.ec /home/ubuntu/TimeMachine/results/AmazeFileManager-3.4.2-#1837-rebuilt.apk.timemachine.result.emulator-5554#2026-08-17-01-00-46/ec_files/emulator-55542026-08-17-01-24-28.ec /home/ubuntu/TimeMachine/results/AmazeFileManager-3.4.2-#1837-rebuilt.apk.timemachine.result.emulator-5554#2026-08-17-01-00-46/ec_files/emulator-55542026-08-17-01-24-43.ec /home/ubuntu/TimeMachine/results/AmazeFileManager-3.4.2-#1837-rebuilt.apk.timemachine.result.emulator-5554#2026-08-17-01-00-46/ec_files/emulator-55542026-08-17-01-24-56.ec /home/ubuntu/TimeMachine/results/AmazeFileManager-3.4.2-#1837-rebuilt.apk.timemachine.result.emulator-5554#2026-08-17-01-00-46/ec_files/emulator-55542026-08-17-01-25-09.ec /home/ubuntu/TimeMachine/results/AmazeFileManager-3.4.2-#1837-rebuilt.apk.timemachine.result.emulator-5554#2026-08-17-01-00-46/ec_files/emulator-55542026-08-17-01-25-20.ec /home/ubuntu/TimeMachine/results/AmazeFileManager-3.4.2-#1837-rebuilt.apk.timemachine.result.emulator-5554#2026-08-17-01-00-46/ec_files/emulator-55542026-08-17-01-25-33.ec /home/ubuntu/TimeMachine/results/AmazeFileManager-3.4.2-#1837-rebuilt.apk.timemachine.result.emulator-5554#2026-08-17-01-00-46/ec_files/emulator-55542026-08-17-01-25-44.ec /home/ubuntu/TimeMachine/results/AmazeFileManager-3.4.2-#1837-rebuilt.apk.timemachine.result.emulator-5554#2026-08-17-01-00-46/ec_files/emulator-55542026-08-17-01-25-57.ec /home/ubuntu/TimeMachine/results/AmazeFileManager-3.4.2-#1837-rebuilt.apk.timemachine.result.emulator-5554#2026-08-17-01-00-46/ec_files/emulator-55542026-08-17-01-26-15.ec /home/ubuntu/TimeMachine/results/AmazeFileManager-3.4.2-#1837-rebuilt.apk.timemachine.result.emulator-5554#2026-08-17-01-00-46/ec_files/emulator-55542026-08-17-01-26-33.ec /home/ubuntu/TimeMachine/results/AmazeFileManager-3.4.2-#1837-rebuilt.apk.timemachine.result.emulator-5554#2026-08-17-01-00-46/ec_files/emulator-55542026-08-17-01-26-46.ec /home/ubuntu/TimeMachine/results/AmazeFileManager-3.4.2-#1837-rebuilt.apk.timemachine.result.emulator-5554#2026-08-17-01-00-46/ec_files/emulator-55542026-08-17-01-27-00.ec /home/ubuntu/TimeMachine/results/AmazeFileManager-3.4.2-#1837-rebuilt.apk.timemachine.result.emulator-5554#2026-08-17-01-00-46/ec_files/emulator-55542026-08-17-01-27-16.ec /home/ubuntu/TimeMachine/results/AmazeFileManager-3.4.2-#1837-rebuilt.apk.timemachine.result.emulator-5554#2026-08-17-01-00-46/ec_files/emulator-55542026-08-17-01-27-30.ec /home/ubuntu/TimeMachine/results/AmazeFileManager-3.4.2-#1837-rebuilt.apk.timemachine.result.emulator-5554#2026-08-17-01-00-46/ec_files/emulator-55542026-08-17-01-27-46.ec /home/ubuntu/TimeMachine/results/AmazeFileManager-3.4.2-#1837-rebuilt.apk.timemachine.result.emulator-5554#2026-08-17-01-00-46/ec_files/emulator-55542026-08-17-01-28-00.ec /home/ubuntu/TimeMachine/results/AmazeFileManager-3.4.2-#1837-rebuilt.apk.timemachine.result.emulator-5554#2026-08-17-01-00-46/ec_files/emulator-55542026-08-17-01-28-14.ec /home/ubuntu/TimeMachine/results/AmazeFileManager-3.4.2-#1837-rebuilt.apk.timemachine.result.emulator-5554#2026-08-17-01-00-46/ec_files/emulator-55542026-08-17-01-28-30.ec /home/ubuntu/TimeMachine/results/AmazeFileManager-3.4.2-#1837-rebuilt.apk.timemachine.result.emulator-5554#2026-08-17-01-00-46/ec_files/emulator-55542026-08-17-01-28-46.ec /home/ubuntu/TimeMachine/results/AmazeFileManager-3.4.2-#1837-rebuilt.apk.timemachine.result.emulator-5554#2026-08-17-01-00-46/ec_files/emulator-55542026-08-17-01-29-04.ec /home/ubuntu/TimeMachine/results/AmazeFileManager-3.4.2-#1837-rebuilt.apk.timemachine.result.emulator-5554#2026-08-17-01-00-46/ec_files/emulator-55542026-08-17-01-29-17.ec /home/ubuntu/TimeMachine/results/AmazeFileManager-3.4.2-#1837-rebuilt.apk.timemachine.result.emulator-5554#2026-08-17-01-00-46/ec_files/emulator-55542026-08-17-01-29-36.ec /home/ubuntu/TimeMachine/results/AmazeFileManager-3.4.2-#1837-rebuilt.apk.timemachine.result.emulator-5554#2026-08-17-01-00-46/ec_files/emulator-55542026-08-17-01-29-54.ec /home/ubuntu/TimeMachine/results/AmazeFileManager-3.4.2-#1837-rebuilt.apk.timemachine.result.emulator-5554#2026-08-17-01-00-46/ec_files/emulator-55542026-08-17-01-30-11.ec /home/ubuntu/TimeMachine/results/AmazeFileManager-3.4.2-#1837-rebuilt.apk.timemachine.result.emulator-5554#2026-08-17-01-00-46/ec_files/emulator-55542026-08-17-01-30-23.ec
[INFO] Loading execution data file /home/ubuntu/TimeMachine/results/AmazeFileManager-3.4.2-#1837-rebuilt.apk.timemachine.result.emulator-5554#2026-08-17-01-00-46/ec_files/coveragetemp.ec.
[INFO] Loading execution data file /home/ubuntu/TimeMachine/results/AmazeFileManager-3.4.2-#1837-rebuilt.apk.timemachine.result.emulator-5554#2026-08-17-01-00-46/ec_files/emulator-55542026-08-17-01-09-02.ec.
[INFO] Loading execution data file /home/ubuntu/TimeMachine/results/AmazeFileManager-3.4.2-#1837-rebuilt.apk.timemachine.result.emulator-5554#2026-08-17-01-00-46/ec_files/emulator-55542026-08-17-01-09-05.ec.
[INFO] Loading execution data file /home/ubuntu/TimeMachine/results/AmazeFileManager-3.4.2-#1837-rebuilt.apk.timemachine.result.emulator-5554#2026-08-17-01-00-46/ec_files/emulator-55542026-08-17-01-16-12.ec.
[INFO] Loading execution data file /home/ubuntu/TimeMachine/results/AmazeFileManager-3.4.2-#1837-rebuilt.apk.timemachine.result.emulator-5554#2026-08-17-01-00-46/ec_files/emulator-55542026-08-17-01-16-28.ec.
[INFO] Loading execution data file /home/ubuntu/TimeMachine/results/AmazeFileManager-3.4.2-#1837-rebuilt.apk.timemachine.result.emulator-5554#2026-08-17-01-00-46/ec_files/emulator-55542026-08-17-01-16-41.ec.
[INFO] Loading execution data file /home/ubuntu/TimeMachine/results/AmazeFileManager-3.4.2-#1837-rebuilt.apk.timemachine.result.emulator-5554#2026-08-17-01-00-46/ec_files/emulator-55542026-08-17-01-16-55.ec.
[INFO] Loading execution data file /home/ubuntu/TimeMachine/results/AmazeFileManager-3.4.2-#1837-rebuilt.apk.timemachine.result.emulator-5554#2026-08-17-01-00-46/ec_files/emulator-55542026-08-17-01-17-06.ec.
[INFO] Loading execution data file /home/ubuntu/TimeMachine/results/AmazeFileManager-3.4.2-#1837-rebuilt.apk.timemachine.result.emulator-5554#2026-08-17-01-00-46/ec_files/emulator-55542026-08-17-01-17-18.ec.
[INFO] Loading execution data file /home/ubuntu/TimeMachine/results/AmazeFileManager-3.4.2-#1837-rebuilt.apk.timemachine.result.emulator-5554#2026-08-17-01-00-46/ec_files/emulator-55542026-08-17-01-18-42.ec.
[INFO] Loading execution data file /home/ubuntu/TimeMachine/results/AmazeFileManager-3.4.2-#1837-rebuilt.apk.timemachine.result.emulator-5554#2026-08-17-01-00-46/ec_files/emulator-55542026-08-17-01-19-37.ec.
[INFO] Loading execution data file /home/ubuntu/TimeMachine/results/AmazeFileManager-3.4.2-#1837-rebuilt.apk.timemachine.result.emulator-5554#2026-08-17-01-00-46/ec_files/emulator-55542026-08-17-01-19-48.ec.
[INFO] Loading execution data file /home/ubuntu/TimeMachine/results/AmazeFileManager-3.4.2-#1837-rebuilt.apk.timemachine.result.emulator-5554#2026-08-17-01-00-46/ec_files/emulator-55542026-08-17-01-20-06.ec.
[INFO] Loading execution data file /home/ubuntu/TimeMachine/results/AmazeFileManager-3.4.2-#1837-rebuilt.apk.timemachine.result.emulator-5554#2026-08-17-01-00-46/ec_files/emulator-55542026-08-17-01-20-22.ec.
[INFO] Loading execution data file /home/ubuntu/TimeMachine/results/AmazeFileManager-3.4.2-#1837-rebuilt.apk.timemachine.result.emulator-5554#2026-08-17-01-00-46/ec_files/emulator-55542026-08-17-01-20-37.ec.
[INFO] Loading execution data file /home/ubuntu/TimeMachine/results/AmazeFileManager-3.4.2-#1837-rebuilt.apk.timemachine.result.emulator-5554#2026-08-17-01-00-46/ec_files/emulator-55542026-08-17-01-20-50.ec.
[INFO] Loading execution data file /home/ubuntu/TimeMachine/results/AmazeFileManager-3.4.2-#1837-rebuilt.apk.timemachine.result.emulator-5554#2026-08-17-01-00-46/ec_files/emulator-55542026-08-17-01-21-08.ec.
[INFO] Loading execution data file /home/ubuntu/TimeMachine/results/AmazeFileManager-3.4.2-#1837-rebuilt.apk.timemachine.result.emulator-5554#2026-08-17-01-00-46/ec_files/emulator-55542026-08-17-01-21-20.ec.
[INFO] Loading execution data file /home/ubuntu/TimeMachine/results/AmazeFileManager-3.4.2-#1837-rebuilt.apk.timemachine.result.emulator-5554#2026-08-17-01-00-46/ec_files/emulator-55542026-08-17-01-21-33.ec.
[INFO] Loading execution data file /home/ubuntu/TimeMachine/results/AmazeFileManager-3.4.2-#1837-rebuilt.apk.timemachine.result.emulator-5554#2026-08-17-01-00-46/ec_files/emulator-55542026-08-17-01-21-46.ec.
[INFO] Loading execution data file /home/ubuntu/TimeMachine/results/AmazeFileManager-3.4.2-#1837-rebuilt.apk.timemachine.result.emulator-5554#2026-08-17-01-00-46/ec_files/emulator-55542026-08-17-01-22-01.ec.
[INFO] Loading execution data file /home/ubuntu/TimeMachine/results/AmazeFileManager-3.4.2-#1837-rebuilt.apk.timemachine.result.emulator-5554#2026-08-17-01-00-46/ec_files/emulator-55542026-08-17-01-22-12.ec.
[INFO] Loading execution data file /home/ubuntu/TimeMachine/results/AmazeFileManager-3.4.2-#1837-rebuilt.apk.timemachine.result.emulator-5554#2026-08-17-01-00-46/ec_files/emulator-55542026-08-17-01-22-27.ec.
[INFO] Loading execution data file /home/ubuntu/TimeMachine/results/AmazeFileManager-3.4.2-#1837-rebuilt.apk.timemachine.result.emulator-5554#2026-08-17-01-00-46/ec_files/emulator-55542026-08-17-01-22-41.ec.
[INFO] Loading execution data file /home/ubuntu/TimeMachine/results/AmazeFileManager-3.4.2-#1837-rebuilt.apk.timemachine.result.emulator-5554#2026-08-17-01-00-46/ec_files/emulator-55542026-08-17-01-22-51.ec.
[INFO] Loading execution data file /home/ubuntu/TimeMachine/results/AmazeFileManager-3.4.2-#1837-rebuilt.apk.timemachine.result.emulator-5554#2026-08-17-01-00-46/ec_files/emulator-55542026-08-17-01-23-08.ec.
[INFO] Loading execution data file /home/ubuntu/TimeMachine/results/AmazeFileManager-3.4.2-#1837-rebuilt.apk.timemachine.result.emulator-5554#2026-08-17-01-00-46/ec_files/emulator-55542026-08-17-01-23-22.ec.
[INFO] Loading execution data file /home/ubuntu/TimeMachine/results/AmazeFileManager-3.4.2-#1837-rebuilt.apk.timemachine.result.emulator-5554#2026-08-17-01-00-46/ec_files/emulator-55542026-08-17-01-23-34.ec.
[INFO] Loading execution data file /home/ubuntu/TimeMachine/results/AmazeFileManager-3.4.2-#1837-rebuilt.apk.timemachine.result.emulator-5554#2026-08-17-01-00-46/ec_files/emulator-55542026-08-17-01-23-47.ec.
[INFO] Loading execution data file /home/ubuntu/TimeMachine/results/AmazeFileManager-3.4.2-#1837-rebuilt.apk.timemachine.result.emulator-5554#2026-08-17-01-00-46/ec_files/emulator-55542026-08-17-01-23-58.ec.
[INFO] Loading execution data file /home/ubuntu/TimeMachine/results/AmazeFileManager-3.4.2-#1837-rebuilt.apk.timemachine.result.emulator-5554#2026-08-17-01-00-46/ec_files/emulator-55542026-08-17-01-24-09.ec.
[INFO] Loading execution data file /home/ubuntu/TimeMachine/results/AmazeFileManager-3.4.2-#1837-rebuilt.apk.timemachine.result.emulator-5554#2026-08-17-01-00-46/ec_files/emulator-55542026-08-17-01-24-28.ec.
[INFO] Loading execution data file /home/ubuntu/TimeMachine/results/AmazeFileManager-3.4.2-#1837-rebuilt.apk.timemachine.result.emulator-5554#2026-08-17-01-00-46/ec_files/emulator-55542026-08-17-01-24-43.ec.
[INFO] Loading execution data file /home/ubuntu/TimeMachine/results/AmazeFileManager-3.4.2-#1837-rebuilt.apk.timemachine.result.emulator-5554#2026-08-17-01-00-46/ec_files/emulator-55542026-08-17-01-24-56.ec.
[INFO] Loading execution data file /home/ubuntu/TimeMachine/results/AmazeFileManager-3.4.2-#1837-rebuilt.apk.timemachine.result.emulator-5554#2026-08-17-01-00-46/ec_files/emulator-55542026-08-17-01-25-09.ec.
[INFO] Loading execution data file /home/ubuntu/TimeMachine/results/AmazeFileManager-3.4.2-#1837-rebuilt.apk.timemachine.result.emulator-5554#2026-08-17-01-00-46/ec_files/emulator-55542026-08-17-01-25-20.ec.
[INFO] Loading execution data file /home/ubuntu/TimeMachine/results/AmazeFileManager-3.4.2-#1837-rebuilt.apk.timemachine.result.emulator-5554#2026-08-17-01-00-46/ec_files/emulator-55542026-08-17-01-25-33.ec.
[INFO] Loading execution data file /home/ubuntu/TimeMachine/results/AmazeFileManager-3.4.2-#1837-rebuilt.apk.timemachine.result.emulator-5554#2026-08-17-01-00-46/ec_files/emulator-55542026-08-17-01-25-44.ec.
[INFO] Loading execution data file /home/ubuntu/TimeMachine/results/AmazeFileManager-3.4.2-#1837-rebuilt.apk.timemachine.result.emulator-5554#2026-08-17-01-00-46/ec_files/emulator-55542026-08-17-01-25-57.ec.
[INFO] Loading execution data file /home/ubuntu/TimeMachine/results/AmazeFileManager-3.4.2-#1837-rebuilt.apk.timemachine.result.emulator-5554#2026-08-17-01-00-46/ec_files/emulator-55542026-08-17-01-26-15.ec.
[INFO] Loading execution data file /home/ubuntu/TimeMachine/results/AmazeFileManager-3.4.2-#1837-rebuilt.apk.timemachine.result.emulator-5554#2026-08-17-01-00-46/ec_files/emulator-55542026-08-17-01-26-33.ec.
[INFO] Loading execution data file /home/ubuntu/TimeMachine/results/AmazeFileManager-3.4.2-#1837-rebuilt.apk.timemachine.result.emulator-5554#2026-08-17-01-00-46/ec_files/emulator-55542026-08-17-01-26-46.ec.
[INFO] Loading execution data file /home/ubuntu/TimeMachine/results/AmazeFileManager-3.4.2-#1837-rebuilt.apk.timemachine.result.emulator-5554#2026-08-17-01-00-46/ec_files/emulator-55542026-08-17-01-27-00.ec.
[INFO] Loading execution data file /home/ubuntu/TimeMachine/results/AmazeFileManager-3.4.2-#1837-rebuilt.apk.timemachine.result.emulator-5554#2026-08-17-01-00-46/ec_files/emulator-55542026-08-17-01-27-16.ec.
[INFO] Loading execution data file /home/ubuntu/TimeMachine/results/AmazeFileManager-3.4.2-#1837-rebuilt.apk.timemachine.result.emulator-5554#2026-08-17-01-00-46/ec_files/emulator-55542026-08-17-01-27-30.ec.
[INFO] Loading execution data file /home/ubuntu/TimeMachine/results/AmazeFileManager-3.4.2-#1837-rebuilt.apk.timemachine.result.emulator-5554#2026-08-17-01-00-46/ec_files/emulator-55542026-08-17-01-27-46.ec.
[INFO] Loading execution data file /home/ubuntu/TimeMachine/results/AmazeFileManager-3.4.2-#1837-rebuilt.apk.timemachine.result.emulator-5554#2026-08-17-01-00-46/ec_files/emulator-55542026-08-17-01-28-00.ec.
[INFO] Loading execution data file /home/ubuntu/TimeMachine/results/AmazeFileManager-3.4.2-#1837-rebuilt.apk.timemachine.result.emulator-5554#2026-08-17-01-00-46/ec_files/emulator-55542026-08-17-01-28-14.ec.
[INFO] Loading execution data file /home/ubuntu/TimeMachine/results/AmazeFileManager-3.4.2-#1837-rebuilt.apk.timemachine.result.emulator-5554#2026-08-17-01-00-46/ec_files/emulator-55542026-08-17-01-28-30.ec.
[INFO] Loading execution data file /home/ubuntu/TimeMachine/results/AmazeFileManager-3.4.2-#1837-rebuilt.apk.timemachine.result.emulator-5554#2026-08-17-01-00-46/ec_files/emulator-55542026-08-17-01-28-46.ec.
[INFO] Loading execution data file /home/ubuntu/TimeMachine/results/AmazeFileManager-3.4.2-#1837-rebuilt.apk.timemachine.result.emulator-5554#2026-08-17-01-00-46/ec_files/emulator-55542026-08-17-01-29-04.ec.
[INFO] Loading execution data file /home/ubuntu/TimeMachine/results/AmazeFileManager-3.4.2-#1837-rebuilt.apk.timemachine.result.emulator-5554#2026-08-17-01-00-46/ec_files/emulator-55542026-08-17-01-29-17.ec.
[INFO] Loading execution data file /home/ubuntu/TimeMachine/results/AmazeFileManager-3.4.2-#1837-rebuilt.apk.timemachine.result.emulator-5554#2026-08-17-01-00-46/ec_files/emulator-55542026-08-17-01-29-36.ec.
[INFO] Loading execution data file /home/ubuntu/TimeMachine/results/AmazeFileManager-3.4.2-#1837-rebuilt.apk.timemachine.result.emulator-5554#2026-08-17-01-00-46/ec_files/emulator-55542026-08-17-01-29-54.ec.
[INFO] Loading execution data file /home/ubuntu/TimeMachine/results/AmazeFileManager-3.4.2-#1837-rebuilt.apk.timemachine.result.emulator-5554#2026-08-17-01-00-46/ec_files/emulator-55542026-08-17-01-30-11.ec.
[INFO] Loading execution data file /home/ubuntu/TimeMachine/results/AmazeFileManager-3.4.2-#1837-rebuilt.apk.timemachine.result.emulator-5554#2026-08-17-01-00-46/ec_files/emulator-55542026-08-17-01-30-23.ec.
[INFO] Analyzing 508 classes.
   
-----------
current jacoco line coverage rate: 0.199268395629
-----------
--coverage when the new state is triggered: 0.199268395629 current jacoco line coverage rate : 0.199268395629
===================> PENALIZE STATE <=====================
deque(['-1867057599', '-1894478199', '-1121270738', '-1054352916', '-37785511', '-1054352916', '-188842781', '-37785511', '-1238617861', '-2050027593'], maxlen=10)
Frequent nodes 
[('183131266', <state_graph.State instance at 0x791e83bc0960>), ('-37785511', <state_graph.State instance at 0x791e88361e60>), ('-583182176', <state_graph.State instance at 0x791e88ebac80>), ('-307486232', <state_graph.State instance at 0x791e8ba52d70>), ('OOAUT', <state_graph.State instance at 0x791eaa94c230>), ('1893074188', <state_graph.State instance at 0x791e88307c80>), ('-1894478199', <state_graph.State instance at 0x791e8bf39460>), ('-1054352916', <state_graph.State instance at 0x791e897b9be0>), ('-1433637423', <state_graph.State instance at 0x791e88132e10>), ('820917904', <state_graph.State instance at 0x791e8ac3f3c0>), ('-1556411559', <state_graph.State instance at 0x791e88ebad70>)]
the portion to the top 20% most frequent states: 0.375
Frequent nodes 
[('183131266', <state_graph.State instance at 0x791e83bc0960>), ('-37785511', <state_graph.State instance at 0x791e88361e60>), ('-583182176', <state_graph.State instance at 0x791e88ebac80>), ('-307486232', <state_graph.State instance at 0x791e8ba52d70>), ('OOAUT', <state_graph.State instance at 0x791eaa94c230>), ('1893074188', <state_graph.State instance at 0x791e88307c80>), ('-1894478199', <state_graph.State instance at 0x791e8bf39460>), ('-1054352916', <state_graph.State instance at 0x791e897b9be0>), ('-1433637423', <state_graph.State instance at 0x791e88132e10>), ('820917904', <state_graph.State instance at 0x791e8ac3f3c0>), ('-1556411559', <state_graph.State instance at 0x791e88ebad70>)]
--extracted id: -2050027593  num_controllable_widgets: 10
--event num: 1
--extracted id: -2050027593  num_controllable_widgets: 10
--event num: 2
--extracted id: -2050027593  num_controllable_widgets: 10
--event num: 3
--extracted id: 1149567985  num_controllable_widgets: 1
--transiton occurs
--a new state is triggered and add 1149567985 into the state graph.
get_jacoco_coverage- return code:  output: Broadcasting: Intent { act=edu.gatech.m3.emma.COLLECT_COVERAGE }
Broadcast completed: result=0
---
[COVERAGE FILE EXIST?]
coverage.ec
---
---
[VALIDATE COVERAGE FILE]$ java -jar /home/ubuntu/TimeMachine/fuzzingandroid/libs/jacococli.jar report /home/ubuntu/TimeMachine/results/AmazeFileManager-3.4.2-#1837-rebuilt.apk.timemachine.result.emulator-5554#2026-08-17-01-00-46/ec_files/emulator-55542026-08-17-01-30-44.ec  --classfiles /home/ubuntu/TimeMachine/instrumented_apps/AmazeFileManager/AmazeFileManager-#1837/app/build/intermediates/javac/fdroidDebug/classes/ --classfiles /home/ubuntu/TimeMachine/instrumented_apps/AmazeFileManager/AmazeFileManager-#1837/commons_compress_7z/build/intermediates/javac/debug/classes/ --sourcefiles /home/ubuntu/TimeMachine/instrumented_apps/AmazeFileManager/AmazeFileManager-#1837/app/src/main/java/ --sourcefiles /home/ubuntu/TimeMachine/instrumented_apps/AmazeFileManager/AmazeFileManager-#1837/commons_compress_7z/src/main/java/ &> temp
---
---
[VALIDATE MESSAGE]
---
SUCCESS: coverage file is valid!
[INFO] Loading execution data file /home/ubuntu/TimeMachine/results/AmazeFileManager-3.4.2-#1837-rebuilt.apk.timemachine.result.emulator-5554#2026-08-17-01-00-46/ec_files/emulator-55542026-08-17-01-30-44.ec.
[INFO] Analyzing 508 classes.
 /sdcard/coverage.ec: 1 file pulled, 0 skipped. 0.0 MB/s (772 bytes in 0.108s)
 
compute_coverage-return code:  output: /home/ubuntu/TimeMachine/results/AmazeFileManager-3.4.2-#1837-rebuilt.apk.timemachine.result.emulator-5554#2026-08-17-01-00-46/ec_files/coveragetemp.ec /home/ubuntu/TimeMachine/results/AmazeFileManager-3.4.2-#1837-rebuilt.apk.timemachine.result.emulator-5554#2026-08-17-01-00-46/ec_files/emulator-55542026-08-17-01-09-02.ec /home/ubuntu/TimeMachine/results/AmazeFileManager-3.4.2-#1837-rebuilt.apk.timemachine.result.emulator-5554#2026-08-17-01-00-46/ec_files/emulator-55542026-08-17-01-09-05.ec /home/ubuntu/TimeMachine/results/AmazeFileManager-3.4.2-#1837-rebuilt.apk.timemachine.result.emulator-5554#2026-08-17-01-00-46/ec_files/emulator-55542026-08-17-01-16-12.ec /home/ubuntu/TimeMachine/results/AmazeFileManager-3.4.2-#1837-rebuilt.apk.timemachine.result.emulator-5554#2026-08-17-01-00-46/ec_files/emulator-55542026-08-17-01-16-28.ec /home/ubuntu/TimeMachine/results/AmazeFileManager-3.4.2-#1837-rebuilt.apk.timemachine.result.emulator-5554#2026-08-17-01-00-46/ec_files/emulator-55542026-08-17-01-16-41.ec /home/ubuntu/TimeMachine/results/AmazeFileManager-3.4.2-#1837-rebuilt.apk.timemachine.result.emulator-5554#2026-08-17-01-00-46/ec_files/emulator-55542026-08-17-01-16-55.ec /home/ubuntu/TimeMachine/results/AmazeFileManager-3.4.2-#1837-rebuilt.apk.timemachine.result.emulator-5554#2026-08-17-01-00-46/ec_files/emulator-55542026-08-17-01-17-06.ec /home/ubuntu/TimeMachine/results/AmazeFileManager-3.4.2-#1837-rebuilt.apk.timemachine.result.emulator-5554#2026-08-17-01-00-46/ec_files/emulator-55542026-08-17-01-17-18.ec /home/ubuntu/TimeMachine/results/AmazeFileManager-3.4.2-#1837-rebuilt.apk.timemachine.result.emulator-5554#2026-08-17-01-00-46/ec_files/emulator-55542026-08-17-01-18-42.ec /home/ubuntu/TimeMachine/results/AmazeFileManager-3.4.2-#1837-rebuilt.apk.timemachine.result.emulator-5554#2026-08-17-01-00-46/ec_files/emulator-55542026-08-17-01-19-37.ec /home/ubuntu/TimeMachine/results/AmazeFileManager-3.4.2-#1837-rebuilt.apk.timemachine.result.emulator-5554#2026-08-17-01-00-46/ec_files/emulator-55542026-08-17-01-19-48.ec /home/ubuntu/TimeMachine/results/AmazeFileManager-3.4.2-#1837-rebuilt.apk.timemachine.result.emulator-5554#2026-08-17-01-00-46/ec_files/emulator-55542026-08-17-01-20-06.ec /home/ubuntu/TimeMachine/results/AmazeFileManager-3.4.2-#1837-rebuilt.apk.timemachine.result.emulator-5554#2026-08-17-01-00-46/ec_files/emulator-55542026-08-17-01-20-22.ec /home/ubuntu/TimeMachine/results/AmazeFileManager-3.4.2-#1837-rebuilt.apk.timemachine.result.emulator-5554#2026-08-17-01-00-46/ec_files/emulator-55542026-08-17-01-20-37.ec /home/ubuntu/TimeMachine/results/AmazeFileManager-3.4.2-#1837-rebuilt.apk.timemachine.result.emulator-5554#2026-08-17-01-00-46/ec_files/emulator-55542026-08-17-01-20-50.ec /home/ubuntu/TimeMachine/results/AmazeFileManager-3.4.2-#1837-rebuilt.apk.timemachine.result.emulator-5554#2026-08-17-01-00-46/ec_files/emulator-55542026-08-17-01-21-08.ec /home/ubuntu/TimeMachine/results/AmazeFileManager-3.4.2-#1837-rebuilt.apk.timemachine.result.emulator-5554#2026-08-17-01-00-46/ec_files/emulator-55542026-08-17-01-21-20.ec /home/ubuntu/TimeMachine/results/AmazeFileManager-3.4.2-#1837-rebuilt.apk.timemachine.result.emulator-5554#2026-08-17-01-00-46/ec_files/emulator-55542026-08-17-01-21-33.ec /home/ubuntu/TimeMachine/results/AmazeFileManager-3.4.2-#1837-rebuilt.apk.timemachine.result.emulator-5554#2026-08-17-01-00-46/ec_files/emulator-55542026-08-17-01-21-46.ec /home/ubuntu/TimeMachine/results/AmazeFileManager-3.4.2-#1837-rebuilt.apk.timemachine.result.emulator-5554#2026-08-17-01-00-46/ec_files/emulator-55542026-08-17-01-22-01.ec /home/ubuntu/TimeMachine/results/AmazeFileManager-3.4.2-#1837-rebuilt.apk.timemachine.result.emulator-5554#2026-08-17-01-00-46/ec_files/emulator-55542026-08-17-01-22-12.ec /home/ubuntu/TimeMachine/results/AmazeFileManager-3.4.2-#1837-rebuilt.apk.timemachine.result.emulator-5554#2026-08-17-01-00-46/ec_files/emulator-55542026-08-17-01-22-27.ec /home/ubuntu/TimeMachine/results/AmazeFileManager-3.4.2-#1837-rebuilt.apk.timemachine.result.emulator-5554#2026-08-17-01-00-46/ec_files/emulator-55542026-08-17-01-22-41.ec /home/ubuntu/TimeMachine/results/AmazeFileManager-3.4.2-#1837-rebuilt.apk.timemachine.result.emulator-5554#2026-08-17-01-00-46/ec_files/emulator-55542026-08-17-01-22-51.ec /home/ubuntu/TimeMachine/results/AmazeFileManager-3.4.2-#1837-rebuilt.apk.timemachine.result.emulator-5554#2026-08-17-01-00-46/ec_files/emulator-55542026-08-17-01-23-08.ec /home/ubuntu/TimeMachine/results/AmazeFileManager-3.4.2-#1837-rebuilt.apk.timemachine.result.emulator-5554#2026-08-17-01-00-46/ec_files/emulator-55542026-08-17-01-23-22.ec /home/ubuntu/TimeMachine/results/AmazeFileManager-3.4.2-#1837-rebuilt.apk.timemachine.result.emulator-5554#2026-08-17-01-00-46/ec_files/emulator-55542026-08-17-01-23-34.ec /home/ubuntu/TimeMachine/results/AmazeFileManager-3.4.2-#1837-rebuilt.apk.timemachine.result.emulator-5554#2026-08-17-01-00-46/ec_files/emulator-55542026-08-17-01-23-47.ec /home/ubuntu/TimeMachine/results/AmazeFileManager-3.4.2-#1837-rebuilt.apk.timemachine.result.emulator-5554#2026-08-17-01-00-46/ec_files/emulator-55542026-08-17-01-23-58.ec /home/ubuntu/TimeMachine/results/AmazeFileManager-3.4.2-#1837-rebuilt.apk.timemachine.result.emulator-5554#2026-08-17-01-00-46/ec_files/emulator-55542026-08-17-01-24-09.ec /home/ubuntu/TimeMachine/results/AmazeFileManager-3.4.2-#1837-rebuilt.apk.timemachine.result.emulator-5554#2026-08-17-01-00-46/ec_files/emulator-55542026-08-17-01-24-28.ec /home/ubuntu/TimeMachine/results/AmazeFileManager-3.4.2-#1837-rebuilt.apk.timemachine.result.emulator-5554#2026-08-17-01-00-46/ec_files/emulator-55542026-08-17-01-24-43.ec /home/ubuntu/TimeMachine/results/AmazeFileManager-3.4.2-#1837-rebuilt.apk.timemachine.result.emulator-5554#2026-08-17-01-00-46/ec_files/emulator-55542026-08-17-01-24-56.ec /home/ubuntu/TimeMachine/results/AmazeFileManager-3.4.2-#1837-rebuilt.apk.timemachine.result.emulator-5554#2026-08-17-01-00-46/ec_files/emulator-55542026-08-17-01-25-09.ec /home/ubuntu/TimeMachine/results/AmazeFileManager-3.4.2-#1837-rebuilt.apk.timemachine.result.emulator-5554#2026-08-17-01-00-46/ec_files/emulator-55542026-08-17-01-25-20.ec /home/ubuntu/TimeMachine/results/AmazeFileManager-3.4.2-#1837-rebuilt.apk.timemachine.result.emulator-5554#2026-08-17-01-00-46/ec_files/emulator-55542026-08-17-01-25-33.ec /home/ubuntu/TimeMachine/results/AmazeFileManager-3.4.2-#1837-rebuilt.apk.timemachine.result.emulator-5554#2026-08-17-01-00-46/ec_files/emulator-55542026-08-17-01-25-44.ec /home/ubuntu/TimeMachine/results/AmazeFileManager-3.4.2-#1837-rebuilt.apk.timemachine.result.emulator-5554#2026-08-17-01-00-46/ec_files/emulator-55542026-08-17-01-25-57.ec /home/ubuntu/TimeMachine/results/AmazeFileManager-3.4.2-#1837-rebuilt.apk.timemachine.result.emulator-5554#2026-08-17-01-00-46/ec_files/emulator-55542026-08-17-01-26-15.ec /home/ubuntu/TimeMachine/results/AmazeFileManager-3.4.2-#1837-rebuilt.apk.timemachine.result.emulator-5554#2026-08-17-01-00-46/ec_files/emulator-55542026-08-17-01-26-33.ec /home/ubuntu/TimeMachine/results/AmazeFileManager-3.4.2-#1837-rebuilt.apk.timemachine.result.emulator-5554#2026-08-17-01-00-46/ec_files/emulator-55542026-08-17-01-26-46.ec /home/ubuntu/TimeMachine/results/AmazeFileManager-3.4.2-#1837-rebuilt.apk.timemachine.result.emulator-5554#2026-08-17-01-00-46/ec_files/emulator-55542026-08-17-01-27-00.ec /home/ubuntu/TimeMachine/results/AmazeFileManager-3.4.2-#1837-rebuilt.apk.timemachine.result.emulator-5554#2026-08-17-01-00-46/ec_files/emulator-55542026-08-17-01-27-16.ec /home/ubuntu/TimeMachine/results/AmazeFileManager-3.4.2-#1837-rebuilt.apk.timemachine.result.emulator-5554#2026-08-17-01-00-46/ec_files/emulator-55542026-08-17-01-27-30.ec /home/ubuntu/TimeMachine/results/AmazeFileManager-3.4.2-#1837-rebuilt.apk.timemachine.result.emulator-5554#2026-08-17-01-00-46/ec_files/emulator-55542026-08-17-01-27-46.ec /home/ubuntu/TimeMachine/results/AmazeFileManager-3.4.2-#1837-rebuilt.apk.timemachine.result.emulator-5554#2026-08-17-01-00-46/ec_files/emulator-55542026-08-17-01-28-00.ec /home/ubuntu/TimeMachine/results/AmazeFileManager-3.4.2-#1837-rebuilt.apk.timemachine.result.emulator-5554#2026-08-17-01-00-46/ec_files/emulator-55542026-08-17-01-28-14.ec /home/ubuntu/TimeMachine/results/AmazeFileManager-3.4.2-#1837-rebuilt.apk.timemachine.result.emulator-5554#2026-08-17-01-00-46/ec_files/emulator-55542026-08-17-01-28-30.ec /home/ubuntu/TimeMachine/results/AmazeFileManager-3.4.2-#1837-rebuilt.apk.timemachine.result.emulator-5554#2026-08-17-01-00-46/ec_files/emulator-55542026-08-17-01-28-46.ec /home/ubuntu/TimeMachine/results/AmazeFileManager-3.4.2-#1837-rebuilt.apk.timemachine.result.emulator-5554#2026-08-17-01-00-46/ec_files/emulator-55542026-08-17-01-29-04.ec /home/ubuntu/TimeMachine/results/AmazeFileManager-3.4.2-#1837-rebuilt.apk.timemachine.result.emulator-5554#2026-08-17-01-00-46/ec_files/emulator-55542026-08-17-01-29-17.ec /home/ubuntu/TimeMachine/results/AmazeFileManager-3.4.2-#1837-rebuilt.apk.timemachine.result.emulator-5554#2026-08-17-01-00-46/ec_files/emulator-55542026-08-17-01-29-36.ec /home/ubuntu/TimeMachine/results/AmazeFileManager-3.4.2-#1837-rebuilt.apk.timemachine.result.emulator-5554#2026-08-17-01-00-46/ec_files/emulator-55542026-08-17-01-29-54.ec /home/ubuntu/TimeMachine/results/AmazeFileManager-3.4.2-#1837-rebuilt.apk.timemachine.result.emulator-5554#2026-08-17-01-00-46/ec_files/emulator-55542026-08-17-01-30-11.ec /home/ubuntu/TimeMachine/results/AmazeFileManager-3.4.2-#1837-rebuilt.apk.timemachine.result.emulator-5554#2026-08-17-01-00-46/ec_files/emulator-55542026-08-17-01-30-23.ec /home/ubuntu/TimeMachine/results/AmazeFileManager-3.4.2-#1837-rebuilt.apk.timemachine.result.emulator-5554#2026-08-17-01-00-46/ec_files/emulator-55542026-08-17-01-30-44.ec
[INFO] Loading execution data file /home/ubuntu/TimeMachine/results/AmazeFileManager-3.4.2-#1837-rebuilt.apk.timemachine.result.emulator-5554#2026-08-17-01-00-46/ec_files/coveragetemp.ec.
[INFO] Loading execution data file /home/ubuntu/TimeMachine/results/AmazeFileManager-3.4.2-#1837-rebuilt.apk.timemachine.result.emulator-5554#2026-08-17-01-00-46/ec_files/emulator-55542026-08-17-01-09-02.ec.
[INFO] Loading execution data file /home/ubuntu/TimeMachine/results/AmazeFileManager-3.4.2-#1837-rebuilt.apk.timemachine.result.emulator-5554#2026-08-17-01-00-46/ec_files/emulator-55542026-08-17-01-09-05.ec.
[INFO] Loading execution data file /home/ubuntu/TimeMachine/results/AmazeFileManager-3.4.2-#1837-rebuilt.apk.timemachine.result.emulator-5554#2026-08-17-01-00-46/ec_files/emulator-55542026-08-17-01-16-12.ec.
[INFO] Loading execution data file /home/ubuntu/TimeMachine/results/AmazeFileManager-3.4.2-#1837-rebuilt.apk.timemachine.result.emulator-5554#2026-08-17-01-00-46/ec_files/emulator-55542026-08-17-01-16-28.ec.
[INFO] Loading execution data file /home/ubuntu/TimeMachine/results/AmazeFileManager-3.4.2-#1837-rebuilt.apk.timemachine.result.emulator-5554#2026-08-17-01-00-46/ec_files/emulator-55542026-08-17-01-16-41.ec.
[INFO] Loading execution data file /home/ubuntu/TimeMachine/results/AmazeFileManager-3.4.2-#1837-rebuilt.apk.timemachine.result.emulator-5554#2026-08-17-01-00-46/ec_files/emulator-55542026-08-17-01-16-55.ec.
[INFO] Loading execution data file /home/ubuntu/TimeMachine/results/AmazeFileManager-3.4.2-#1837-rebuilt.apk.timemachine.result.emulator-5554#2026-08-17-01-00-46/ec_files/emulator-55542026-08-17-01-17-06.ec.
[INFO] Loading execution data file /home/ubuntu/TimeMachine/results/AmazeFileManager-3.4.2-#1837-rebuilt.apk.timemachine.result.emulator-5554#2026-08-17-01-00-46/ec_files/emulator-55542026-08-17-01-17-18.ec.
[INFO] Loading execution data file /home/ubuntu/TimeMachine/results/AmazeFileManager-3.4.2-#1837-rebuilt.apk.timemachine.result.emulator-5554#2026-08-17-01-00-46/ec_files/emulator-55542026-08-17-01-18-42.ec.
[INFO] Loading execution data file /home/ubuntu/TimeMachine/results/AmazeFileManager-3.4.2-#1837-rebuilt.apk.timemachine.result.emulator-5554#2026-08-17-01-00-46/ec_files/emulator-55542026-08-17-01-19-37.ec.
[INFO] Loading execution data file /home/ubuntu/TimeMachine/results/AmazeFileManager-3.4.2-#1837-rebuilt.apk.timemachine.result.emulator-5554#2026-08-17-01-00-46/ec_files/emulator-55542026-08-17-01-19-48.ec.
[INFO] Loading execution data file /home/ubuntu/TimeMachine/results/AmazeFileManager-3.4.2-#1837-rebuilt.apk.timemachine.result.emulator-5554#2026-08-17-01-00-46/ec_files/emulator-55542026-08-17-01-20-06.ec.
[INFO] Loading execution data file /home/ubuntu/TimeMachine/results/AmazeFileManager-3.4.2-#1837-rebuilt.apk.timemachine.result.emulator-5554#2026-08-17-01-00-46/ec_files/emulator-55542026-08-17-01-20-22.ec.
[INFO] Loading execution data file /home/ubuntu/TimeMachine/results/AmazeFileManager-3.4.2-#1837-rebuilt.apk.timemachine.result.emulator-5554#2026-08-17-01-00-46/ec_files/emulator-55542026-08-17-01-20-37.ec.
[INFO] Loading execution data file /home/ubuntu/TimeMachine/results/AmazeFileManager-3.4.2-#1837-rebuilt.apk.timemachine.result.emulator-5554#2026-08-17-01-00-46/ec_files/emulator-55542026-08-17-01-20-50.ec.
[INFO] Loading execution data file /home/ubuntu/TimeMachine/results/AmazeFileManager-3.4.2-#1837-rebuilt.apk.timemachine.result.emulator-5554#2026-08-17-01-00-46/ec_files/emulator-55542026-08-17-01-21-08.ec.
[INFO] Loading execution data file /home/ubuntu/TimeMachine/results/AmazeFileManager-3.4.2-#1837-rebuilt.apk.timemachine.result.emulator-5554#2026-08-17-01-00-46/ec_files/emulator-55542026-08-17-01-21-20.ec.
[INFO] Loading execution data file /home/ubuntu/TimeMachine/results/AmazeFileManager-3.4.2-#1837-rebuilt.apk.timemachine.result.emulator-5554#2026-08-17-01-00-46/ec_files/emulator-55542026-08-17-01-21-33.ec.
[INFO] Loading execution data file /home/ubuntu/TimeMachine/results/AmazeFileManager-3.4.2-#1837-rebuilt.apk.timemachine.result.emulator-5554#2026-08-17-01-00-46/ec_files/emulator-55542026-08-17-01-21-46.ec.
[INFO] Loading execution data file /home/ubuntu/TimeMachine/results/AmazeFileManager-3.4.2-#1837-rebuilt.apk.timemachine.result.emulator-5554#2026-08-17-01-00-46/ec_files/emulator-55542026-08-17-01-22-01.ec.
[INFO] Loading execution data file /home/ubuntu/TimeMachine/results/AmazeFileManager-3.4.2-#1837-rebuilt.apk.timemachine.result.emulator-5554#2026-08-17-01-00-46/ec_files/emulator-55542026-08-17-01-22-12.ec.
[INFO] Loading execution data file /home/ubuntu/TimeMachine/results/AmazeFileManager-3.4.2-#1837-rebuilt.apk.timemachine.result.emulator-5554#2026-08-17-01-00-46/ec_files/emulator-55542026-08-17-01-22-27.ec.
[INFO] Loading execution data file /home/ubuntu/TimeMachine/results/AmazeFileManager-3.4.2-#1837-rebuilt.apk.timemachine.result.emulator-5554#2026-08-17-01-00-46/ec_files/emulator-55542026-08-17-01-22-41.ec.
[INFO] Loading execution data file /home/ubuntu/TimeMachine/results/AmazeFileManager-3.4.2-#1837-rebuilt.apk.timemachine.result.emulator-5554#2026-08-17-01-00-46/ec_files/emulator-55542026-08-17-01-22-51.ec.
[INFO] Loading execution data file /home/ubuntu/TimeMachine/results/AmazeFileManager-3.4.2-#1837-rebuilt.apk.timemachine.result.emulator-5554#2026-08-17-01-00-46/ec_files/emulator-55542026-08-17-01-23-08.ec.
[INFO] Loading execution data file /home/ubuntu/TimeMachine/results/AmazeFileManager-3.4.2-#1837-rebuilt.apk.timemachine.result.emulator-5554#2026-08-17-01-00-46/ec_files/emulator-55542026-08-17-01-23-22.ec.
[INFO] Loading execution data file /home/ubuntu/TimeMachine/results/AmazeFileManager-3.4.2-#1837-rebuilt.apk.timemachine.result.emulator-5554#2026-08-17-01-00-46/ec_files/emulator-55542026-08-17-01-23-34.ec.
[INFO] Loading execution data file /home/ubuntu/TimeMachine/results/AmazeFileManager-3.4.2-#1837-rebuilt.apk.timemachine.result.emulator-5554#2026-08-17-01-00-46/ec_files/emulator-55542026-08-17-01-23-47.ec.
[INFO] Loading execution data file /home/ubuntu/TimeMachine/results/AmazeFileManager-3.4.2-#1837-rebuilt.apk.timemachine.result.emulator-5554#2026-08-17-01-00-46/ec_files/emulator-55542026-08-17-01-23-58.ec.
[INFO] Loading execution data file /home/ubuntu/TimeMachine/results/AmazeFileManager-3.4.2-#1837-rebuilt.apk.timemachine.result.emulator-5554#2026-08-17-01-00-46/ec_files/emulator-55542026-08-17-01-24-09.ec.
[INFO] Loading execution data file /home/ubuntu/TimeMachine/results/AmazeFileManager-3.4.2-#1837-rebuilt.apk.timemachine.result.emulator-5554#2026-08-17-01-00-46/ec_files/emulator-55542026-08-17-01-24-28.ec.
[INFO] Loading execution data file /home/ubuntu/TimeMachine/results/AmazeFileManager-3.4.2-#1837-rebuilt.apk.timemachine.result.emulator-5554#2026-08-17-01-00-46/ec_files/emulator-55542026-08-17-01-24-43.ec.
[INFO] Loading execution data file /home/ubuntu/TimeMachine/results/AmazeFileManager-3.4.2-#1837-rebuilt.apk.timemachine.result.emulator-5554#2026-08-17-01-00-46/ec_files/emulator-55542026-08-17-01-24-56.ec.
[INFO] Loading execution data file /home/ubuntu/TimeMachine/results/AmazeFileManager-3.4.2-#1837-rebuilt.apk.timemachine.result.emulator-5554#2026-08-17-01-00-46/ec_files/emulator-55542026-08-17-01-25-09.ec.
[INFO] Loading execution data file /home/ubuntu/TimeMachine/results/AmazeFileManager-3.4.2-#1837-rebuilt.apk.timemachine.result.emulator-5554#2026-08-17-01-00-46/ec_files/emulator-55542026-08-17-01-25-20.ec.
[INFO] Loading execution data file /home/ubuntu/TimeMachine/results/AmazeFileManager-3.4.2-#1837-rebuilt.apk.timemachine.result.emulator-5554#2026-08-17-01-00-46/ec_files/emulator-55542026-08-17-01-25-33.ec.
[INFO] Loading execution data file /home/ubuntu/TimeMachine/results/AmazeFileManager-3.4.2-#1837-rebuilt.apk.timemachine.result.emulator-5554#2026-08-17-01-00-46/ec_files/emulator-55542026-08-17-01-25-44.ec.
[INFO] Loading execution data file /home/ubuntu/TimeMachine/results/AmazeFileManager-3.4.2-#1837-rebuilt.apk.timemachine.result.emulator-5554#2026-08-17-01-00-46/ec_files/emulator-55542026-08-17-01-25-57.ec.
[INFO] Loading execution data file /home/ubuntu/TimeMachine/results/AmazeFileManager-3.4.2-#1837-rebuilt.apk.timemachine.result.emulator-5554#2026-08-17-01-00-46/ec_files/emulator-55542026-08-17-01-26-15.ec.
[INFO] Loading execution data file /home/ubuntu/TimeMachine/results/AmazeFileManager-3.4.2-#1837-rebuilt.apk.timemachine.result.emulator-5554#2026-08-17-01-00-46/ec_files/emulator-55542026-08-17-01-26-33.ec.
[INFO] Loading execution data file /home/ubuntu/TimeMachine/results/AmazeFileManager-3.4.2-#1837-rebuilt.apk.timemachine.result.emulator-5554#2026-08-17-01-00-46/ec_files/emulator-55542026-08-17-01-26-46.ec.
[INFO] Loading execution data file /home/ubuntu/TimeMachine/results/AmazeFileManager-3.4.2-#1837-rebuilt.apk.timemachine.result.emulator-5554#2026-08-17-01-00-46/ec_files/emulator-55542026-08-17-01-27-00.ec.
[INFO] Loading execution data file /home/ubuntu/TimeMachine/results/AmazeFileManager-3.4.2-#1837-rebuilt.apk.timemachine.result.emulator-5554#2026-08-17-01-00-46/ec_files/emulator-55542026-08-17-01-27-16.ec.
[INFO] Loading execution data file /home/ubuntu/TimeMachine/results/AmazeFileManager-3.4.2-#1837-rebuilt.apk.timemachine.result.emulator-5554#2026-08-17-01-00-46/ec_files/emulator-55542026-08-17-01-27-30.ec.
[INFO] Loading execution data file /home/ubuntu/TimeMachine/results/AmazeFileManager-3.4.2-#1837-rebuilt.apk.timemachine.result.emulator-5554#2026-08-17-01-00-46/ec_files/emulator-55542026-08-17-01-27-46.ec.
[INFO] Loading execution data file /home/ubuntu/TimeMachine/results/AmazeFileManager-3.4.2-#1837-rebuilt.apk.timemachine.result.emulator-5554#2026-08-17-01-00-46/ec_files/emulator-55542026-08-17-01-28-00.ec.
[INFO] Loading execution data file /home/ubuntu/TimeMachine/results/AmazeFileManager-3.4.2-#1837-rebuilt.apk.timemachine.result.emulator-5554#2026-08-17-01-00-46/ec_files/emulator-55542026-08-17-01-28-14.ec.
[INFO] Loading execution data file /home/ubuntu/TimeMachine/results/AmazeFileManager-3.4.2-#1837-rebuilt.apk.timemachine.result.emulator-5554#2026-08-17-01-00-46/ec_files/emulator-55542026-08-17-01-28-30.ec.
[INFO] Loading execution data file /home/ubuntu/TimeMachine/results/AmazeFileManager-3.4.2-#1837-rebuilt.apk.timemachine.result.emulator-5554#2026-08-17-01-00-46/ec_files/emulator-55542026-08-17-01-28-46.ec.
[INFO] Loading execution data file /home/ubuntu/TimeMachine/results/AmazeFileManager-3.4.2-#1837-rebuilt.apk.timemachine.result.emulator-5554#2026-08-17-01-00-46/ec_files/emulator-55542026-08-17-01-29-04.ec.
[INFO] Loading execution data file /home/ubuntu/TimeMachine/results/AmazeFileManager-3.4.2-#1837-rebuilt.apk.timemachine.result.emulator-5554#2026-08-17-01-00-46/ec_files/emulator-55542026-08-17-01-29-17.ec.
[INFO] Loading execution data file /home/ubuntu/TimeMachine/results/AmazeFileManager-3.4.2-#1837-rebuilt.apk.timemachine.result.emulator-5554#2026-08-17-01-00-46/ec_files/emulator-55542026-08-17-01-29-36.ec.
[INFO] Loading execution data file /home/ubuntu/TimeMachine/results/AmazeFileManager-3.4.2-#1837-rebuilt.apk.timemachine.result.emulator-5554#2026-08-17-01-00-46/ec_files/emulator-55542026-08-17-01-29-54.ec.
[INFO] Loading execution data file /home/ubuntu/TimeMachine/results/AmazeFileManager-3.4.2-#1837-rebuilt.apk.timemachine.result.emulator-5554#2026-08-17-01-00-46/ec_files/emulator-55542026-08-17-01-30-11.ec.
[INFO] Loading execution data file /home/ubuntu/TimeMachine/results/AmazeFileManager-3.4.2-#1837-rebuilt.apk.timemachine.result.emulator-5554#2026-08-17-01-00-46/ec_files/emulator-55542026-08-17-01-30-23.ec.
[INFO] Loading execution data file /home/ubuntu/TimeMachine/results/AmazeFileManager-3.4.2-#1837-rebuilt.apk.timemachine.result.emulator-5554#2026-08-17-01-00-46/ec_files/emulator-55542026-08-17-01-30-44.ec.
[INFO] Analyzing 508 classes.
   
-----------
current jacoco line coverage rate: 0.199268395629
-----------
--coverage when the new state is triggered: 0.199268395629 current jacoco line coverage rate : 0.199268395629
===================> PENALIZE STATE <=====================
deque(['-1894478199', '-1121270738', '-1054352916', '-37785511', '-1054352916', '-188842781', '-37785511', '-1238617861', '-2050027593', '1149567985'], maxlen=10)
Frequent nodes 
[('183131266', <state_graph.State instance at 0x791e83bc0960>), ('-37785511', <state_graph.State instance at 0x791e88361e60>), ('-583182176', <state_graph.State instance at 0x791e88ebac80>), ('-307486232', <state_graph.State instance at 0x791e8ba52d70>), ('OOAUT', <state_graph.State instance at 0x791eaa94c230>), ('1893074188', <state_graph.State instance at 0x791e88307c80>), ('-1894478199', <state_graph.State instance at 0x791e8bf39460>), ('-1054352916', <state_graph.State instance at 0x791e897b9be0>), ('-1433637423', <state_graph.State instance at 0x791e88132e10>), ('820917904', <state_graph.State instance at 0x791e8ac3f3c0>), ('-1556411559', <state_graph.State instance at 0x791e88ebad70>)]
the portion to the top 20% most frequent states: 0.375
Frequent nodes 
[('183131266', <state_graph.State instance at 0x791e83bc0960>), ('-37785511', <state_graph.State instance at 0x791e88361e60>), ('-583182176', <state_graph.State instance at 0x791e88ebac80>), ('-307486232', <state_graph.State instance at 0x791e8ba52d70>), ('OOAUT', <state_graph.State instance at 0x791eaa94c230>), ('1893074188', <state_graph.State instance at 0x791e88307c80>), ('-1894478199', <state_graph.State instance at 0x791e8bf39460>), ('-1054352916', <state_graph.State instance at 0x791e897b9be0>), ('-1433637423', <state_graph.State instance at 0x791e88132e10>), ('820917904', <state_graph.State instance at 0x791e8ac3f3c0>), ('-1556411559', <state_graph.State instance at 0x791e88ebad70>)]
--extracted id: 1149567985  num_controllable_widgets: 1
--event num: 1
--extracted id: -188842781  num_controllable_widgets: 1
--transiton occurs
--the state -188842781  exists
===================> PENALIZE STATE <=====================
deque(['-1121270738', '-1054352916', '-37785511', '-1054352916', '-188842781', '-37785511', '-1238617861', '-2050027593', '1149567985', '-188842781'], maxlen=10)
Frequent nodes 
[('183131266', <state_graph.State instance at 0x791e83bc0960>), ('-37785511', <state_graph.State instance at 0x791e88361e60>), ('-583182176', <state_graph.State instance at 0x791e88ebac80>), ('-307486232', <state_graph.State instance at 0x791e8ba52d70>), ('OOAUT', <state_graph.State instance at 0x791eaa94c230>), ('1893074188', <state_graph.State instance at 0x791e88307c80>), ('-1894478199', <state_graph.State instance at 0x791e8bf39460>), ('-1054352916', <state_graph.State instance at 0x791e897b9be0>), ('-1433637423', <state_graph.State instance at 0x791e88132e10>), ('820917904', <state_graph.State instance at 0x791e8ac3f3c0>), ('-1556411559', <state_graph.State instance at 0x791e88ebad70>)]
the portion to the top 20% most frequent states: 0.428571428571
Frequent nodes 
[('183131266', <state_graph.State instance at 0x791e83bc0960>), ('-37785511', <state_graph.State instance at 0x791e88361e60>), ('-583182176', <state_graph.State instance at 0x791e88ebac80>), ('-307486232', <state_graph.State instance at 0x791e8ba52d70>), ('OOAUT', <state_graph.State instance at 0x791eaa94c230>), ('1893074188', <state_graph.State instance at 0x791e88307c80>), ('-1894478199', <state_graph.State instance at 0x791e8bf39460>), ('-1054352916', <state_graph.State instance at 0x791e897b9be0>), ('-1433637423', <state_graph.State instance at 0x791e88132e10>), ('820917904', <state_graph.State instance at 0x791e8ac3f3c0>), ('-1556411559', <state_graph.State instance at 0x791e88ebad70>)]
--extracted id: -188842781  num_controllable_widgets: 1
--event num: 1
--extracted id: -37785511  num_controllable_widgets: 0
--transiton occurs
--the state -37785511  exists
===================> PENALIZE STATE <=====================
deque(['-1054352916', '-37785511', '-1054352916', '-188842781', '-37785511', '-1238617861', '-2050027593', '1149567985', '-188842781', '-37785511'], maxlen=10)
Frequent nodes 
[('183131266', <state_graph.State instance at 0x791e83bc0960>), ('-37785511', <state_graph.State instance at 0x791e88361e60>), ('-583182176', <state_graph.State instance at 0x791e88ebac80>), ('-307486232', <state_graph.State instance at 0x791e8ba52d70>), ('OOAUT', <state_graph.State instance at 0x791eaa94c230>), ('1893074188', <state_graph.State instance at 0x791e88307c80>), ('-1894478199', <state_graph.State instance at 0x791e8bf39460>), ('-1054352916', <state_graph.State instance at 0x791e897b9be0>), ('-1433637423', <state_graph.State instance at 0x791e88132e10>), ('820917904', <state_graph.State instance at 0x791e8ac3f3c0>), ('-1556411559', <state_graph.State instance at 0x791e88ebad70>)]
the portion to the top 20% most frequent states: 0.5
Frequent nodes 
[('183131266', <state_graph.State instance at 0x791e83bc0960>), ('-37785511', <state_graph.State instance at 0x791e88361e60>), ('-583182176', <state_graph.State instance at 0x791e88ebac80>), ('-307486232', <state_graph.State instance at 0x791e8ba52d70>), ('OOAUT', <state_graph.State instance at 0x791eaa94c230>), ('1893074188', <state_graph.State instance at 0x791e88307c80>), ('-1894478199', <state_graph.State instance at 0x791e8bf39460>), ('-1054352916', <state_graph.State instance at 0x791e897b9be0>), ('-1433637423', <state_graph.State instance at 0x791e88132e10>), ('820917904', <state_graph.State instance at 0x791e8ac3f3c0>), ('-1556411559', <state_graph.State instance at 0x791e88ebad70>)]
--extracted id: -2050027593  num_controllable_widgets: 10
--transiton occurs
--the state -2050027593  exists
===================> PENALIZE STATE <=====================
deque(['-37785511', '-1054352916', '-188842781', '-37785511', '-1238617861', '-2050027593', '1149567985', '-188842781', '-37785511', '-2050027593'], maxlen=10)
Frequent nodes 
[('183131266', <state_graph.State instance at 0x791e83bc0960>), ('-37785511', <state_graph.State instance at 0x791e88361e60>), ('-583182176', <state_graph.State instance at 0x791e88ebac80>), ('-307486232', <state_graph.State instance at 0x791e8ba52d70>), ('OOAUT', <state_graph.State instance at 0x791eaa94c230>), ('1893074188', <state_graph.State instance at 0x791e88307c80>), ('-1894478199', <state_graph.State instance at 0x791e8bf39460>), ('-1054352916', <state_graph.State instance at 0x791e897b9be0>), ('-1433637423', <state_graph.State instance at 0x791e88132e10>), ('820917904', <state_graph.State instance at 0x791e8ac3f3c0>), ('-1556411559', <state_graph.State instance at 0x791e88ebad70>)]
the portion to the top 20% most frequent states: 0.666666666667
Frequent nodes 
[('183131266', <state_graph.State instance at 0x791e83bc0960>), ('-37785511', <state_graph.State instance at 0x791e88361e60>), ('-583182176', <state_graph.State instance at 0x791e88ebac80>), ('-307486232', <state_graph.State instance at 0x791e8ba52d70>), ('OOAUT', <state_graph.State instance at 0x791eaa94c230>), ('1893074188', <state_graph.State instance at 0x791e88307c80>), ('-1894478199', <state_graph.State instance at 0x791e8bf39460>), ('-1054352916', <state_graph.State instance at 0x791e897b9be0>), ('-1433637423', <state_graph.State instance at 0x791e88132e10>), ('820917904', <state_graph.State instance at 0x791e8ac3f3c0>), ('-1556411559', <state_graph.State instance at 0x791e88ebad70>)]
--extracted id: -2050027593  num_controllable_widgets: 10
--event num: 1
--extracted id: -37785511  num_controllable_widgets: 0
--transiton occurs
--the state -37785511  exists
===================> PENALIZE STATE <=====================
deque(['-1054352916', '-188842781', '-37785511', '-1238617861', '-2050027593', '1149567985', '-188842781', '-37785511', '-2050027593', '-37785511'], maxlen=10)
Frequent nodes 
[('-37785511', <state_graph.State instance at 0x791e88361e60>), ('183131266', <state_graph.State instance at 0x791e83bc0960>), ('-583182176', <state_graph.State instance at 0x791e88ebac80>), ('-307486232', <state_graph.State instance at 0x791e8ba52d70>), ('OOAUT', <state_graph.State instance at 0x791eaa94c230>), ('1893074188', <state_graph.State instance at 0x791e88307c80>), ('-1894478199', <state_graph.State instance at 0x791e8bf39460>), ('-1054352916', <state_graph.State instance at 0x791e897b9be0>), ('-1433637423', <state_graph.State instance at 0x791e88132e10>), ('820917904', <state_graph.State instance at 0x791e8ac3f3c0>), ('-1556411559', <state_graph.State instance at 0x791e88ebad70>)]
the portion to the top 20% most frequent states: 0.666666666667
Frequent nodes 
[('-37785511', <state_graph.State instance at 0x791e88361e60>), ('183131266', <state_graph.State instance at 0x791e83bc0960>), ('-583182176', <state_graph.State instance at 0x791e88ebac80>), ('-307486232', <state_graph.State instance at 0x791e8ba52d70>), ('OOAUT', <state_graph.State instance at 0x791eaa94c230>), ('1893074188', <state_graph.State instance at 0x791e88307c80>), ('-1894478199', <state_graph.State instance at 0x791e8bf39460>), ('-1054352916', <state_graph.State instance at 0x791e897b9be0>), ('-1433637423', <state_graph.State instance at 0x791e88132e10>), ('820917904', <state_graph.State instance at 0x791e8ac3f3c0>), ('-1556411559', <state_graph.State instance at 0x791e88ebad70>)]
--extracted id: -37785511  num_controllable_widgets: 0
--event num: 1
--extracted id: -2050027593  num_controllable_widgets: 10
--transiton occurs
--the state -2050027593  exists
===================> PENALIZE STATE <=====================
deque(['-188842781', '-37785511', '-1238617861', '-2050027593', '1149567985', '-188842781', '-37785511', '-2050027593', '-37785511', '-2050027593'], maxlen=10)
Frequent nodes 
[('-37785511', <state_graph.State instance at 0x791e88361e60>), ('183131266', <state_graph.State instance at 0x791e83bc0960>), ('-583182176', <state_graph.State instance at 0x791e88ebac80>), ('-307486232', <state_graph.State instance at 0x791e8ba52d70>), ('OOAUT', <state_graph.State instance at 0x791eaa94c230>), ('1893074188', <state_graph.State instance at 0x791e88307c80>), ('-1894478199', <state_graph.State instance at 0x791e8bf39460>), ('-2050027593', <state_graph.State instance at 0x791e8b83f730>), ('-1054352916', <state_graph.State instance at 0x791e897b9be0>), ('-1433637423', <state_graph.State instance at 0x791e88132e10>), ('820917904', <state_graph.State instance at 0x791e8ac3f3c0>)]
the portion to the top 20% most frequent states: 0.6
Frequent nodes 
[('-37785511', <state_graph.State instance at 0x791e88361e60>), ('183131266', <state_graph.State instance at 0x791e83bc0960>), ('-583182176', <state_graph.State instance at 0x791e88ebac80>), ('-307486232', <state_graph.State instance at 0x791e8ba52d70>), ('OOAUT', <state_graph.State instance at 0x791eaa94c230>), ('1893074188', <state_graph.State instance at 0x791e88307c80>), ('-1894478199', <state_graph.State instance at 0x791e8bf39460>), ('-2050027593', <state_graph.State instance at 0x791e8b83f730>), ('-1054352916', <state_graph.State instance at 0x791e897b9be0>), ('-1433637423', <state_graph.State instance at 0x791e88132e10>), ('820917904', <state_graph.State instance at 0x791e8ac3f3c0>)]
--extracted id: -188842781  num_controllable_widgets: 1
--transiton occurs
--the state -188842781  exists
===================> PENALIZE STATE <=====================
deque(['-37785511', '-1238617861', '-2050027593', '1149567985', '-188842781', '-37785511', '-2050027593', '-37785511', '-2050027593', '-188842781'], maxlen=10)
Frequent nodes 
[('-37785511', <state_graph.State instance at 0x791e88361e60>), ('183131266', <state_graph.State instance at 0x791e83bc0960>), ('-583182176', <state_graph.State instance at 0x791e88ebac80>), ('-307486232', <state_graph.State instance at 0x791e8ba52d70>), ('OOAUT', <state_graph.State instance at 0x791eaa94c230>), ('1893074188', <state_graph.State instance at 0x791e88307c80>), ('-1894478199', <state_graph.State instance at 0x791e8bf39460>), ('-2050027593', <state_graph.State instance at 0x791e8b83f730>), ('-188842781', <state_graph.State instance at 0x791e885765f0>), ('-1054352916', <state_graph.State instance at 0x791e897b9be0>), ('-1433637423', <state_graph.State instance at 0x791e88132e10>)]
the portion to the top 20% most frequent states: 0.6
Frequent nodes 
[('-37785511', <state_graph.State instance at 0x791e88361e60>), ('183131266', <state_graph.State instance at 0x791e83bc0960>), ('-583182176', <state_graph.State instance at 0x791e88ebac80>), ('-307486232', <state_graph.State instance at 0x791e8ba52d70>), ('OOAUT', <state_graph.State instance at 0x791eaa94c230>), ('1893074188', <state_graph.State instance at 0x791e88307c80>), ('-1894478199', <state_graph.State instance at 0x791e8bf39460>), ('-2050027593', <state_graph.State instance at 0x791e8b83f730>), ('-188842781', <state_graph.State instance at 0x791e885765f0>), ('-1054352916', <state_graph.State instance at 0x791e897b9be0>), ('-1433637423', <state_graph.State instance at 0x791e88132e10>)]
--extracted id: -188842781  num_controllable_widgets: 1
--event num: 1
--extracted id: -188842781  num_controllable_widgets: 1
--event num: 2
--extracted id: -307486232  num_controllable_widgets: 0
--transiton occurs
--the state -307486232  exists
===================> PENALIZE STATE <=====================
deque(['-1238617861', '-2050027593', '1149567985', '-188842781', '-37785511', '-2050027593', '-37785511', '-2050027593', '-188842781', '-307486232'], maxlen=10)
Frequent nodes 
[('-37785511', <state_graph.State instance at 0x791e88361e60>), ('183131266', <state_graph.State instance at 0x791e83bc0960>), ('-307486232', <state_graph.State instance at 0x791e8ba52d70>), ('-583182176', <state_graph.State instance at 0x791e88ebac80>), ('OOAUT', <state_graph.State instance at 0x791eaa94c230>), ('1893074188', <state_graph.State instance at 0x791e88307c80>), ('-1894478199', <state_graph.State instance at 0x791e8bf39460>), ('-2050027593', <state_graph.State instance at 0x791e8b83f730>), ('-188842781', <state_graph.State instance at 0x791e885765f0>), ('-1054352916', <state_graph.State instance at 0x791e897b9be0>), ('-1433637423', <state_graph.State instance at 0x791e88132e10>)]
the portion to the top 20% most frequent states: 0.666666666667
Frequent nodes 
[('-37785511', <state_graph.State instance at 0x791e88361e60>), ('183131266', <state_graph.State instance at 0x791e83bc0960>), ('-307486232', <state_graph.State instance at 0x791e8ba52d70>), ('-583182176', <state_graph.State instance at 0x791e88ebac80>), ('OOAUT', <state_graph.State instance at 0x791eaa94c230>), ('1893074188', <state_graph.State instance at 0x791e88307c80>), ('-1894478199', <state_graph.State instance at 0x791e8bf39460>), ('-2050027593', <state_graph.State instance at 0x791e8b83f730>), ('-188842781', <state_graph.State instance at 0x791e885765f0>), ('-1054352916', <state_graph.State instance at 0x791e897b9be0>), ('-1433637423', <state_graph.State instance at 0x791e88132e10>)]
--extracted id: OOAUT  num_controllable_widgets: 0
--transiton occurs
--the state OOAUT  exists
===================> PENALIZE STATE <=====================
deque(['-2050027593', '1149567985', '-188842781', '-37785511', '-2050027593', '-37785511', '-2050027593', '-188842781', '-307486232', 'OOAUT'], maxlen=10)
Frequent nodes 
[('-37785511', <state_graph.State instance at 0x791e88361e60>), ('183131266', <state_graph.State instance at 0x791e83bc0960>), ('-307486232', <state_graph.State instance at 0x791e8ba52d70>), ('-583182176', <state_graph.State instance at 0x791e88ebac80>), ('OOAUT', <state_graph.State instance at 0x791eaa94c230>), ('1893074188', <state_graph.State instance at 0x791e88307c80>), ('-1894478199', <state_graph.State instance at 0x791e8bf39460>), ('-2050027593', <state_graph.State instance at 0x791e8b83f730>), ('-188842781', <state_graph.State instance at 0x791e885765f0>), ('-1054352916', <state_graph.State instance at 0x791e897b9be0>), ('-1433637423', <state_graph.State instance at 0x791e88132e10>)]
the portion to the top 20% most frequent states: 0.833333333333
Frequent nodes 
[('-37785511', <state_graph.State instance at 0x791e88361e60>), ('183131266', <state_graph.State instance at 0x791e83bc0960>), ('-307486232', <state_graph.State instance at 0x791e8ba52d70>), ('-583182176', <state_graph.State instance at 0x791e88ebac80>), ('OOAUT', <state_graph.State instance at 0x791eaa94c230>), ('1893074188', <state_graph.State instance at 0x791e88307c80>), ('-1894478199', <state_graph.State instance at 0x791e8bf39460>), ('-2050027593', <state_graph.State instance at 0x791e8b83f730>), ('-188842781', <state_graph.State instance at 0x791e885765f0>), ('-1054352916', <state_graph.State instance at 0x791e897b9be0>), ('-1433637423', <state_graph.State instance at 0x791e88132e10>)]
get_jacoco_coverage- return code:  output: Broadcasting: Intent { act=edu.gatech.m3.emma.COLLECT_COVERAGE }
Broadcast completed: result=0
---
[COVERAGE FILE EXIST?]
coverage.ec
---
---
[VALIDATE COVERAGE FILE]$ java -jar /home/ubuntu/TimeMachine/fuzzingandroid/libs/jacococli.jar report /home/ubuntu/TimeMachine/results/AmazeFileManager-3.4.2-#1837-rebuilt.apk.timemachine.result.emulator-5554#2026-08-17-01-00-46/ec_files/emulator-55542026-08-17-01-30-59.ec  --classfiles /home/ubuntu/TimeMachine/instrumented_apps/AmazeFileManager/AmazeFileManager-#1837/app/build/intermediates/javac/fdroidDebug/classes/ --classfiles /home/ubuntu/TimeMachine/instrumented_apps/AmazeFileManager/AmazeFileManager-#1837/commons_compress_7z/build/intermediates/javac/debug/classes/ --sourcefiles /home/ubuntu/TimeMachine/instrumented_apps/AmazeFileManager/AmazeFileManager-#1837/app/src/main/java/ --sourcefiles /home/ubuntu/TimeMachine/instrumented_apps/AmazeFileManager/AmazeFileManager-#1837/commons_compress_7z/src/main/java/ &> temp
---
---
[VALIDATE MESSAGE]
---
SUCCESS: coverage file is valid!
[INFO] Loading execution data file /home/ubuntu/TimeMachine/results/AmazeFileManager-3.4.2-#1837-rebuilt.apk.timemachine.result.emulator-5554#2026-08-17-01-00-46/ec_files/emulator-55542026-08-17-01-30-59.ec.
[INFO] Analyzing 508 classes.
 /sdcard/coverage.ec: 1 file pulled, 0 skipped. 0.0 MB/s (1364 bytes in 0.082s)
 
compute_coverage-return code:  output: /home/ubuntu/TimeMachine/results/AmazeFileManager-3.4.2-#1837-rebuilt.apk.timemachine.result.emulator-5554#2026-08-17-01-00-46/ec_files/coverage1.ec /home/ubuntu/TimeMachine/results/AmazeFileManager-3.4.2-#1837-rebuilt.apk.timemachine.result.emulator-5554#2026-08-17-01-00-46/ec_files/coveragetemp.ec /home/ubuntu/TimeMachine/results/AmazeFileManager-3.4.2-#1837-rebuilt.apk.timemachine.result.emulator-5554#2026-08-17-01-00-46/ec_files/emulator-55542026-08-17-01-09-02.ec /home/ubuntu/TimeMachine/results/AmazeFileManager-3.4.2-#1837-rebuilt.apk.timemachine.result.emulator-5554#2026-08-17-01-00-46/ec_files/emulator-55542026-08-17-01-09-05.ec /home/ubuntu/TimeMachine/results/AmazeFileManager-3.4.2-#1837-rebuilt.apk.timemachine.result.emulator-5554#2026-08-17-01-00-46/ec_files/emulator-55542026-08-17-01-16-12.ec /home/ubuntu/TimeMachine/results/AmazeFileManager-3.4.2-#1837-rebuilt.apk.timemachine.result.emulator-5554#2026-08-17-01-00-46/ec_files/emulator-55542026-08-17-01-16-28.ec /home/ubuntu/TimeMachine/results/AmazeFileManager-3.4.2-#1837-rebuilt.apk.timemachine.result.emulator-5554#2026-08-17-01-00-46/ec_files/emulator-55542026-08-17-01-16-41.ec /home/ubuntu/TimeMachine/results/AmazeFileManager-3.4.2-#1837-rebuilt.apk.timemachine.result.emulator-5554#2026-08-17-01-00-46/ec_files/emulator-55542026-08-17-01-16-55.ec /home/ubuntu/TimeMachine/results/AmazeFileManager-3.4.2-#1837-rebuilt.apk.timemachine.result.emulator-5554#2026-08-17-01-00-46/ec_files/emulator-55542026-08-17-01-17-06.ec /home/ubuntu/TimeMachine/results/AmazeFileManager-3.4.2-#1837-rebuilt.apk.timemachine.result.emulator-5554#2026-08-17-01-00-46/ec_files/emulator-55542026-08-17-01-17-18.ec /home/ubuntu/TimeMachine/results/AmazeFileManager-3.4.2-#1837-rebuilt.apk.timemachine.result.emulator-5554#2026-08-17-01-00-46/ec_files/emulator-55542026-08-17-01-18-42.ec /home/ubuntu/TimeMachine/results/AmazeFileManager-3.4.2-#1837-rebuilt.apk.timemachine.result.emulator-5554#2026-08-17-01-00-46/ec_files/emulator-55542026-08-17-01-19-37.ec /home/ubuntu/TimeMachine/results/AmazeFileManager-3.4.2-#1837-rebuilt.apk.timemachine.result.emulator-5554#2026-08-17-01-00-46/ec_files/emulator-55542026-08-17-01-19-48.ec /home/ubuntu/TimeMachine/results/AmazeFileManager-3.4.2-#1837-rebuilt.apk.timemachine.result.emulator-5554#2026-08-17-01-00-46/ec_files/emulator-55542026-08-17-01-20-06.ec /home/ubuntu/TimeMachine/results/AmazeFileManager-3.4.2-#1837-rebuilt.apk.timemachine.result.emulator-5554#2026-08-17-01-00-46/ec_files/emulator-55542026-08-17-01-20-22.ec /home/ubuntu/TimeMachine/results/AmazeFileManager-3.4.2-#1837-rebuilt.apk.timemachine.result.emulator-5554#2026-08-17-01-00-46/ec_files/emulator-55542026-08-17-01-20-37.ec /home/ubuntu/TimeMachine/results/AmazeFileManager-3.4.2-#1837-rebuilt.apk.timemachine.result.emulator-5554#2026-08-17-01-00-46/ec_files/emulator-55542026-08-17-01-20-50.ec /home/ubuntu/TimeMachine/results/AmazeFileManager-3.4.2-#1837-rebuilt.apk.timemachine.result.emulator-5554#2026-08-17-01-00-46/ec_files/emulator-55542026-08-17-01-21-08.ec /home/ubuntu/TimeMachine/results/AmazeFileManager-3.4.2-#1837-rebuilt.apk.timemachine.result.emulator-5554#2026-08-17-01-00-46/ec_files/emulator-55542026-08-17-01-21-20.ec /home/ubuntu/TimeMachine/results/AmazeFileManager-3.4.2-#1837-rebuilt.apk.timemachine.result.emulator-5554#2026-08-17-01-00-46/ec_files/emulator-55542026-08-17-01-21-33.ec /home/ubuntu/TimeMachine/results/AmazeFileManager-3.4.2-#1837-rebuilt.apk.timemachine.result.emulator-5554#2026-08-17-01-00-46/ec_files/emulator-55542026-08-17-01-21-46.ec /home/ubuntu/TimeMachine/results/AmazeFileManager-3.4.2-#1837-rebuilt.apk.timemachine.result.emulator-5554#2026-08-17-01-00-46/ec_files/emulator-55542026-08-17-01-22-01.ec /home/ubuntu/TimeMachine/results/AmazeFileManager-3.4.2-#1837-rebuilt.apk.timemachine.result.emulator-5554#2026-08-17-01-00-46/ec_files/emulator-55542026-08-17-01-22-12.ec /home/ubuntu/TimeMachine/results/AmazeFileManager-3.4.2-#1837-rebuilt.apk.timemachine.result.emulator-5554#2026-08-17-01-00-46/ec_files/emulator-55542026-08-17-01-22-27.ec /home/ubuntu/TimeMachine/results/AmazeFileManager-3.4.2-#1837-rebuilt.apk.timemachine.result.emulator-5554#2026-08-17-01-00-46/ec_files/emulator-55542026-08-17-01-22-41.ec /home/ubuntu/TimeMachine/results/AmazeFileManager-3.4.2-#1837-rebuilt.apk.timemachine.result.emulator-5554#2026-08-17-01-00-46/ec_files/emulator-55542026-08-17-01-22-51.ec /home/ubuntu/TimeMachine/results/AmazeFileManager-3.4.2-#1837-rebuilt.apk.timemachine.result.emulator-5554#2026-08-17-01-00-46/ec_files/emulator-55542026-08-17-01-23-08.ec /home/ubuntu/TimeMachine/results/AmazeFileManager-3.4.2-#1837-rebuilt.apk.timemachine.result.emulator-5554#2026-08-17-01-00-46/ec_files/emulator-55542026-08-17-01-23-22.ec /home/ubuntu/TimeMachine/results/AmazeFileManager-3.4.2-#1837-rebuilt.apk.timemachine.result.emulator-5554#2026-08-17-01-00-46/ec_files/emulator-55542026-08-17-01-23-34.ec /home/ubuntu/TimeMachine/results/AmazeFileManager-3.4.2-#1837-rebuilt.apk.timemachine.result.emulator-5554#2026-08-17-01-00-46/ec_files/emulator-55542026-08-17-01-23-47.ec /home/ubuntu/TimeMachine/results/AmazeFileManager-3.4.2-#1837-rebuilt.apk.timemachine.result.emulator-5554#2026-08-17-01-00-46/ec_files/emulator-55542026-08-17-01-23-58.ec /home/ubuntu/TimeMachine/results/AmazeFileManager-3.4.2-#1837-rebuilt.apk.timemachine.result.emulator-5554#2026-08-17-01-00-46/ec_files/emulator-55542026-08-17-01-24-09.ec /home/ubuntu/TimeMachine/results/AmazeFileManager-3.4.2-#1837-rebuilt.apk.timemachine.result.emulator-5554#2026-08-17-01-00-46/ec_files/emulator-55542026-08-17-01-24-28.ec /home/ubuntu/TimeMachine/results/AmazeFileManager-3.4.2-#1837-rebuilt.apk.timemachine.result.emulator-5554#2026-08-17-01-00-46/ec_files/emulator-55542026-08-17-01-24-43.ec /home/ubuntu/TimeMachine/results/AmazeFileManager-3.4.2-#1837-rebuilt.apk.timemachine.result.emulator-5554#2026-08-17-01-00-46/ec_files/emulator-55542026-08-17-01-24-56.ec /home/ubuntu/TimeMachine/results/AmazeFileManager-3.4.2-#1837-rebuilt.apk.timemachine.result.emulator-5554#2026-08-17-01-00-46/ec_files/emulator-55542026-08-17-01-25-09.ec /home/ubuntu/TimeMachine/results/AmazeFileManager-3.4.2-#1837-rebuilt.apk.timemachine.result.emulator-5554#2026-08-17-01-00-46/ec_files/emulator-55542026-08-17-01-25-20.ec /home/ubuntu/TimeMachine/results/AmazeFileManager-3.4.2-#1837-rebuilt.apk.timemachine.result.emulator-5554#2026-08-17-01-00-46/ec_files/emulator-55542026-08-17-01-25-33.ec /home/ubuntu/TimeMachine/results/AmazeFileManager-3.4.2-#1837-rebuilt.apk.timemachine.result.emulator-5554#2026-08-17-01-00-46/ec_files/emulator-55542026-08-17-01-25-44.ec /home/ubuntu/TimeMachine/results/AmazeFileManager-3.4.2-#1837-rebuilt.apk.timemachine.result.emulator-5554#2026-08-17-01-00-46/ec_files/emulator-55542026-08-17-01-25-57.ec /home/ubuntu/TimeMachine/results/AmazeFileManager-3.4.2-#1837-rebuilt.apk.timemachine.result.emulator-5554#2026-08-17-01-00-46/ec_files/emulator-55542026-08-17-01-26-15.ec /home/ubuntu/TimeMachine/results/AmazeFileManager-3.4.2-#1837-rebuilt.apk.timemachine.result.emulator-5554#2026-08-17-01-00-46/ec_files/emulator-55542026-08-17-01-26-33.ec /home/ubuntu/TimeMachine/results/AmazeFileManager-3.4.2-#1837-rebuilt.apk.timemachine.result.emulator-5554#2026-08-17-01-00-46/ec_files/emulator-55542026-08-17-01-26-46.ec /home/ubuntu/TimeMachine/results/AmazeFileManager-3.4.2-#1837-rebuilt.apk.timemachine.result.emulator-5554#2026-08-17-01-00-46/ec_files/emulator-55542026-08-17-01-27-00.ec /home/ubuntu/TimeMachine/results/AmazeFileManager-3.4.2-#1837-rebuilt.apk.timemachine.result.emulator-5554#2026-08-17-01-00-46/ec_files/emulator-55542026-08-17-01-27-16.ec /home/ubuntu/TimeMachine/results/AmazeFileManager-3.4.2-#1837-rebuilt.apk.timemachine.result.emulator-5554#2026-08-17-01-00-46/ec_files/emulator-55542026-08-17-01-27-30.ec /home/ubuntu/TimeMachine/results/AmazeFileManager-3.4.2-#1837-rebuilt.apk.timemachine.result.emulator-5554#2026-08-17-01-00-46/ec_files/emulator-55542026-08-17-01-27-46.ec /home/ubuntu/TimeMachine/results/AmazeFileManager-3.4.2-#1837-rebuilt.apk.timemachine.result.emulator-5554#2026-08-17-01-00-46/ec_files/emulator-55542026-08-17-01-28-00.ec /home/ubuntu/TimeMachine/results/AmazeFileManager-3.4.2-#1837-rebuilt.apk.timemachine.result.emulator-5554#2026-08-17-01-00-46/ec_files/emulator-55542026-08-17-01-28-14.ec /home/ubuntu/TimeMachine/results/AmazeFileManager-3.4.2-#1837-rebuilt.apk.timemachine.result.emulator-5554#2026-08-17-01-00-46/ec_files/emulator-55542026-08-17-01-28-30.ec /home/ubuntu/TimeMachine/results/AmazeFileManager-3.4.2-#1837-rebuilt.apk.timemachine.result.emulator-5554#2026-08-17-01-00-46/ec_files/emulator-55542026-08-17-01-28-46.ec /home/ubuntu/TimeMachine/results/AmazeFileManager-3.4.2-#1837-rebuilt.apk.timemachine.result.emulator-5554#2026-08-17-01-00-46/ec_files/emulator-55542026-08-17-01-29-04.ec /home/ubuntu/TimeMachine/results/AmazeFileManager-3.4.2-#1837-rebuilt.apk.timemachine.result.emulator-5554#2026-08-17-01-00-46/ec_files/emulator-55542026-08-17-01-29-17.ec /home/ubuntu/TimeMachine/results/AmazeFileManager-3.4.2-#1837-rebuilt.apk.timemachine.result.emulator-5554#2026-08-17-01-00-46/ec_files/emulator-55542026-08-17-01-29-36.ec /home/ubuntu/TimeMachine/results/AmazeFileManager-3.4.2-#1837-rebuilt.apk.timemachine.result.emulator-5554#2026-08-17-01-00-46/ec_files/emulator-55542026-08-17-01-29-54.ec /home/ubuntu/TimeMachine/results/AmazeFileManager-3.4.2-#1837-rebuilt.apk.timemachine.result.emulator-5554#2026-08-17-01-00-46/ec_files/emulator-55542026-08-17-01-30-11.ec /home/ubuntu/TimeMachine/results/AmazeFileManager-3.4.2-#1837-rebuilt.apk.timemachine.result.emulator-5554#2026-08-17-01-00-46/ec_files/emulator-55542026-08-17-01-30-23.ec /home/ubuntu/TimeMachine/results/AmazeFileManager-3.4.2-#1837-rebuilt.apk.timemachine.result.emulator-5554#2026-08-17-01-00-46/ec_files/emulator-55542026-08-17-01-30-44.ec /home/ubuntu/TimeMachine/results/AmazeFileManager-3.4.2-#1837-rebuilt.apk.timemachine.result.emulator-5554#2026-08-17-01-00-46/ec_files/emulator-55542026-08-17-01-30-59.ec
[INFO] Loading execution data file /home/ubuntu/TimeMachine/results/AmazeFileManager-3.4.2-#1837-rebuilt.apk.timemachine.result.emulator-5554#2026-08-17-01-00-46/ec_files/coverage1.ec.
[INFO] Loading execution data file /home/ubuntu/TimeMachine/results/AmazeFileManager-3.4.2-#1837-rebuilt.apk.timemachine.result.emulator-5554#2026-08-17-01-00-46/ec_files/coveragetemp.ec.
[INFO] Loading execution data file /home/ubuntu/TimeMachine/results/AmazeFileManager-3.4.2-#1837-rebuilt.apk.timemachine.result.emulator-5554#2026-08-17-01-00-46/ec_files/emulator-55542026-08-17-01-09-02.ec.
[INFO] Loading execution data file /home/ubuntu/TimeMachine/results/AmazeFileManager-3.4.2-#1837-rebuilt.apk.timemachine.result.emulator-5554#2026-08-17-01-00-46/ec_files/emulator-55542026-08-17-01-09-05.ec.
[INFO] Loading execution data file /home/ubuntu/TimeMachine/results/AmazeFileManager-3.4.2-#1837-rebuilt.apk.timemachine.result.emulator-5554#2026-08-17-01-00-46/ec_files/emulator-55542026-08-17-01-16-12.ec.
[INFO] Loading execution data file /home/ubuntu/TimeMachine/results/AmazeFileManager-3.4.2-#1837-rebuilt.apk.timemachine.result.emulator-5554#2026-08-17-01-00-46/ec_files/emulator-55542026-08-17-01-16-28.ec.
[INFO] Loading execution data file /home/ubuntu/TimeMachine/results/AmazeFileManager-3.4.2-#1837-rebuilt.apk.timemachine.result.emulator-5554#2026-08-17-01-00-46/ec_files/emulator-55542026-08-17-01-16-41.ec.
[INFO] Loading execution data file /home/ubuntu/TimeMachine/results/AmazeFileManager-3.4.2-#1837-rebuilt.apk.timemachine.result.emulator-5554#2026-08-17-01-00-46/ec_files/emulator-55542026-08-17-01-16-55.ec.
[INFO] Loading execution data file /home/ubuntu/TimeMachine/results/AmazeFileManager-3.4.2-#1837-rebuilt.apk.timemachine.result.emulator-5554#2026-08-17-01-00-46/ec_files/emulator-55542026-08-17-01-17-06.ec.
[INFO] Loading execution data file /home/ubuntu/TimeMachine/results/AmazeFileManager-3.4.2-#1837-rebuilt.apk.timemachine.result.emulator-5554#2026-08-17-01-00-46/ec_files/emulator-55542026-08-17-01-17-18.ec.
[INFO] Loading execution data file /home/ubuntu/TimeMachine/results/AmazeFileManager-3.4.2-#1837-rebuilt.apk.timemachine.result.emulator-5554#2026-08-17-01-00-46/ec_files/emulator-55542026-08-17-01-18-42.ec.
[INFO] Loading execution data file /home/ubuntu/TimeMachine/results/AmazeFileManager-3.4.2-#1837-rebuilt.apk.timemachine.result.emulator-5554#2026-08-17-01-00-46/ec_files/emulator-55542026-08-17-01-19-37.ec.
[INFO] Loading execution data file /home/ubuntu/TimeMachine/results/AmazeFileManager-3.4.2-#1837-rebuilt.apk.timemachine.result.emulator-5554#2026-08-17-01-00-46/ec_files/emulator-55542026-08-17-01-19-48.ec.
[INFO] Loading execution data file /home/ubuntu/TimeMachine/results/AmazeFileManager-3.4.2-#1837-rebuilt.apk.timemachine.result.emulator-5554#2026-08-17-01-00-46/ec_files/emulator-55542026-08-17-01-20-06.ec.
[INFO] Loading execution data file /home/ubuntu/TimeMachine/results/AmazeFileManager-3.4.2-#1837-rebuilt.apk.timemachine.result.emulator-5554#2026-08-17-01-00-46/ec_files/emulator-55542026-08-17-01-20-22.ec.
[INFO] Loading execution data file /home/ubuntu/TimeMachine/results/AmazeFileManager-3.4.2-#1837-rebuilt.apk.timemachine.result.emulator-5554#2026-08-17-01-00-46/ec_files/emulator-55542026-08-17-01-20-37.ec.
[INFO] Loading execution data file /home/ubuntu/TimeMachine/results/AmazeFileManager-3.4.2-#1837-rebuilt.apk.timemachine.result.emulator-5554#2026-08-17-01-00-46/ec_files/emulator-55542026-08-17-01-20-50.ec.
[INFO] Loading execution data file /home/ubuntu/TimeMachine/results/AmazeFileManager-3.4.2-#1837-rebuilt.apk.timemachine.result.emulator-5554#2026-08-17-01-00-46/ec_files/emulator-55542026-08-17-01-21-08.ec.
[INFO] Loading execution data file /home/ubuntu/TimeMachine/results/AmazeFileManager-3.4.2-#1837-rebuilt.apk.timemachine.result.emulator-5554#2026-08-17-01-00-46/ec_files/emulator-55542026-08-17-01-21-20.ec.
[INFO] Loading execution data file /home/ubuntu/TimeMachine/results/AmazeFileManager-3.4.2-#1837-rebuilt.apk.timemachine.result.emulator-5554#2026-08-17-01-00-46/ec_files/emulator-55542026-08-17-01-21-33.ec.
[INFO] Loading execution data file /home/ubuntu/TimeMachine/results/AmazeFileManager-3.4.2-#1837-rebuilt.apk.timemachine.result.emulator-5554#2026-08-17-01-00-46/ec_files/emulator-55542026-08-17-01-21-46.ec.
[INFO] Loading execution data file /home/ubuntu/TimeMachine/results/AmazeFileManager-3.4.2-#1837-rebuilt.apk.timemachine.result.emulator-5554#2026-08-17-01-00-46/ec_files/emulator-55542026-08-17-01-22-01.ec.
[INFO] Loading execution data file /home/ubuntu/TimeMachine/results/AmazeFileManager-3.4.2-#1837-rebuilt.apk.timemachine.result.emulator-5554#2026-08-17-01-00-46/ec_files/emulator-55542026-08-17-01-22-12.ec.
[INFO] Loading execution data file /home/ubuntu/TimeMachine/results/AmazeFileManager-3.4.2-#1837-rebuilt.apk.timemachine.result.emulator-5554#2026-08-17-01-00-46/ec_files/emulator-55542026-08-17-01-22-27.ec.
[INFO] Loading execution data file /home/ubuntu/TimeMachine/results/AmazeFileManager-3.4.2-#1837-rebuilt.apk.timemachine.result.emulator-5554#2026-08-17-01-00-46/ec_files/emulator-55542026-08-17-01-22-41.ec.
[INFO] Loading execution data file /home/ubuntu/TimeMachine/results/AmazeFileManager-3.4.2-#1837-rebuilt.apk.timemachine.result.emulator-5554#2026-08-17-01-00-46/ec_files/emulator-55542026-08-17-01-22-51.ec.
[INFO] Loading execution data file /home/ubuntu/TimeMachine/results/AmazeFileManager-3.4.2-#1837-rebuilt.apk.timemachine.result.emulator-5554#2026-08-17-01-00-46/ec_files/emulator-55542026-08-17-01-23-08.ec.
[INFO] Loading execution data file /home/ubuntu/TimeMachine/results/AmazeFileManager-3.4.2-#1837-rebuilt.apk.timemachine.result.emulator-5554#2026-08-17-01-00-46/ec_files/emulator-55542026-08-17-01-23-22.ec.
[INFO] Loading execution data file /home/ubuntu/TimeMachine/results/AmazeFileManager-3.4.2-#1837-rebuilt.apk.timemachine.result.emulator-5554#2026-08-17-01-00-46/ec_files/emulator-55542026-08-17-01-23-34.ec.
[INFO] Loading execution data file /home/ubuntu/TimeMachine/results/AmazeFileManager-3.4.2-#1837-rebuilt.apk.timemachine.result.emulator-5554#2026-08-17-01-00-46/ec_files/emulator-55542026-08-17-01-23-47.ec.
[INFO] Loading execution data file /home/ubuntu/TimeMachine/results/AmazeFileManager-3.4.2-#1837-rebuilt.apk.timemachine.result.emulator-5554#2026-08-17-01-00-46/ec_files/emulator-55542026-08-17-01-23-58.ec.
[INFO] Loading execution data file /home/ubuntu/TimeMachine/results/AmazeFileManager-3.4.2-#1837-rebuilt.apk.timemachine.result.emulator-5554#2026-08-17-01-00-46/ec_files/emulator-55542026-08-17-01-24-09.ec.
[INFO] Loading execution data file /home/ubuntu/TimeMachine/results/AmazeFileManager-3.4.2-#1837-rebuilt.apk.timemachine.result.emulator-5554#2026-08-17-01-00-46/ec_files/emulator-55542026-08-17-01-24-28.ec.
[INFO] Loading execution data file /home/ubuntu/TimeMachine/results/AmazeFileManager-3.4.2-#1837-rebuilt.apk.timemachine.result.emulator-5554#2026-08-17-01-00-46/ec_files/emulator-55542026-08-17-01-24-43.ec.
[INFO] Loading execution data file /home/ubuntu/TimeMachine/results/AmazeFileManager-3.4.2-#1837-rebuilt.apk.timemachine.result.emulator-5554#2026-08-17-01-00-46/ec_files/emulator-55542026-08-17-01-24-56.ec.
[INFO] Loading execution data file /home/ubuntu/TimeMachine/results/AmazeFileManager-3.4.2-#1837-rebuilt.apk.timemachine.result.emulator-5554#2026-08-17-01-00-46/ec_files/emulator-55542026-08-17-01-25-09.ec.
[INFO] Loading execution data file /home/ubuntu/TimeMachine/results/AmazeFileManager-3.4.2-#1837-rebuilt.apk.timemachine.result.emulator-5554#2026-08-17-01-00-46/ec_files/emulator-55542026-08-17-01-25-20.ec.
[INFO] Loading execution data file /home/ubuntu/TimeMachine/results/AmazeFileManager-3.4.2-#1837-rebuilt.apk.timemachine.result.emulator-5554#2026-08-17-01-00-46/ec_files/emulator-55542026-08-17-01-25-33.ec.
[INFO] Loading execution data file /home/ubuntu/TimeMachine/results/AmazeFileManager-3.4.2-#1837-rebuilt.apk.timemachine.result.emulator-5554#2026-08-17-01-00-46/ec_files/emulator-55542026-08-17-01-25-44.ec.
[INFO] Loading execution data file /home/ubuntu/TimeMachine/results/AmazeFileManager-3.4.2-#1837-rebuilt.apk.timemachine.result.emulator-5554#2026-08-17-01-00-46/ec_files/emulator-55542026-08-17-01-25-57.ec.
[INFO] Loading execution data file /home/ubuntu/TimeMachine/results/AmazeFileManager-3.4.2-#1837-rebuilt.apk.timemachine.result.emulator-5554#2026-08-17-01-00-46/ec_files/emulator-55542026-08-17-01-26-15.ec.
[INFO] Loading execution data file /home/ubuntu/TimeMachine/results/AmazeFileManager-3.4.2-#1837-rebuilt.apk.timemachine.result.emulator-5554#2026-08-17-01-00-46/ec_files/emulator-55542026-08-17-01-26-33.ec.
[INFO] Loading execution data file /home/ubuntu/TimeMachine/results/AmazeFileManager-3.4.2-#1837-rebuilt.apk.timemachine.result.emulator-5554#2026-08-17-01-00-46/ec_files/emulator-55542026-08-17-01-26-46.ec.
[INFO] Loading execution data file /home/ubuntu/TimeMachine/results/AmazeFileManager-3.4.2-#1837-rebuilt.apk.timemachine.result.emulator-5554#2026-08-17-01-00-46/ec_files/emulator-55542026-08-17-01-27-00.ec.
[INFO] Loading execution data file /home/ubuntu/TimeMachine/results/AmazeFileManager-3.4.2-#1837-rebuilt.apk.timemachine.result.emulator-5554#2026-08-17-01-00-46/ec_files/emulator-55542026-08-17-01-27-16.ec.
[INFO] Loading execution data file /home/ubuntu/TimeMachine/results/AmazeFileManager-3.4.2-#1837-rebuilt.apk.timemachine.result.emulator-5554#2026-08-17-01-00-46/ec_files/emulator-55542026-08-17-01-27-30.ec.
[INFO] Loading execution data file /home/ubuntu/TimeMachine/results/AmazeFileManager-3.4.2-#1837-rebuilt.apk.timemachine.result.emulator-5554#2026-08-17-01-00-46/ec_files/emulator-55542026-08-17-01-27-46.ec.
[INFO] Loading execution data file /home/ubuntu/TimeMachine/results/AmazeFileManager-3.4.2-#1837-rebuilt.apk.timemachine.result.emulator-5554#2026-08-17-01-00-46/ec_files/emulator-55542026-08-17-01-28-00.ec.
[INFO] Loading execution data file /home/ubuntu/TimeMachine/results/AmazeFileManager-3.4.2-#1837-rebuilt.apk.timemachine.result.emulator-5554#2026-08-17-01-00-46/ec_files/emulator-55542026-08-17-01-28-14.ec.
[INFO] Loading execution data file /home/ubuntu/TimeMachine/results/AmazeFileManager-3.4.2-#1837-rebuilt.apk.timemachine.result.emulator-5554#2026-08-17-01-00-46/ec_files/emulator-55542026-08-17-01-28-30.ec.
[INFO] Loading execution data file /home/ubuntu/TimeMachine/results/AmazeFileManager-3.4.2-#1837-rebuilt.apk.timemachine.result.emulator-5554#2026-08-17-01-00-46/ec_files/emulator-55542026-08-17-01-28-46.ec.
[INFO] Loading execution data file /home/ubuntu/TimeMachine/results/AmazeFileManager-3.4.2-#1837-rebuilt.apk.timemachine.result.emulator-5554#2026-08-17-01-00-46/ec_files/emulator-55542026-08-17-01-29-04.ec.
[INFO] Loading execution data file /home/ubuntu/TimeMachine/results/AmazeFileManager-3.4.2-#1837-rebuilt.apk.timemachine.result.emulator-5554#2026-08-17-01-00-46/ec_files/emulator-55542026-08-17-01-29-17.ec.
[INFO] Loading execution data file /home/ubuntu/TimeMachine/results/AmazeFileManager-3.4.2-#1837-rebuilt.apk.timemachine.result.emulator-5554#2026-08-17-01-00-46/ec_files/emulator-55542026-08-17-01-29-36.ec.
[INFO] Loading execution data file /home/ubuntu/TimeMachine/results/AmazeFileManager-3.4.2-#1837-rebuilt.apk.timemachine.result.emulator-5554#2026-08-17-01-00-46/ec_files/emulator-55542026-08-17-01-29-54.ec.
[INFO] Loading execution data file /home/ubuntu/TimeMachine/results/AmazeFileManager-3.4.2-#1837-rebuilt.apk.timemachine.result.emulator-5554#2026-08-17-01-00-46/ec_files/emulator-55542026-08-17-01-30-11.ec.
[INFO] Loading execution data file /home/ubuntu/TimeMachine/results/AmazeFileManager-3.4.2-#1837-rebuilt.apk.timemachine.result.emulator-5554#2026-08-17-01-00-46/ec_files/emulator-55542026-08-17-01-30-23.ec.
[INFO] Loading execution data file /home/ubuntu/TimeMachine/results/AmazeFileManager-3.4.2-#1837-rebuilt.apk.timemachine.result.emulator-5554#2026-08-17-01-00-46/ec_files/emulator-55542026-08-17-01-30-44.ec.
[INFO] Loading execution data file /home/ubuntu/TimeMachine/results/AmazeFileManager-3.4.2-#1837-rebuilt.apk.timemachine.result.emulator-5554#2026-08-17-01-00-46/ec_files/emulator-55542026-08-17-01-30-59.ec.
[INFO] Analyzing 508 classes.
   
-----------
current jacoco line coverage rate: 0.199268395629
-----------
--the current line coverage : 0.199268395629
-1094074386 k_neighbour_fitness: key: -1094074386 snapshot: True hit: 2 restore: 0 trans: 1 fitness: 121.0 old trans: 0
edges: {52808485} 
--the fittest state is -1094074386
--load the fittest state...
crash watcher is termined...
--monkey watcher is terminated!
--killing monkey
Num of restores: 2
Timeout reached. Terminating...
--killing monkey
key: 1906337644 snapshot: False hit: 2 restore: 0 trans: 1 fitness: 0.0 old trans: 0
edges: {-1433637423} 
key: 1687122449 snapshot: False hit: 2 restore: 0 trans: 1 fitness: 0.0 old trans: 0
edges: {-37785511} 
key: -1094074386 snapshot: True hit: 2 restore: 1 trans: 1 fitness: 121.0 old trans: 0
edges: {52808485} 
key: -1095258713 snapshot: False hit: 2 restore: 0 trans: 1 fitness: 0.0 old trans: 0
edges: {355520023} 
key: -1054352916 snapshot: False hit: 3 restore: 0 trans: 2 fitness: 0.0 old trans: 0
edges: {-188842781} {-37785511} 
key: 183131266 snapshot: False hit: 10 restore: 0 trans: 9 fitness: 14.73154452 old trans: 0
edges: {-583182176} {-691303923} {349882406} {-307486232} {-1095258713} {-1455816557} {-1238617861} {-367266954} 
key: INITIAL snapshot: True hit: 1 restore: 0 trans: 1 fitness: 110.0 old trans: 0
edges: {OOAUT} 
key: 355520023 snapshot: False hit: 2 restore: 0 trans: 1 fitness: 0.0 old trans: 0
edges: {1254188898} 
key: 1906120635 snapshot: False hit: 2 restore: 0 trans: 1 fitness: 32 old trans: 0
edges: {-1900321723} 
key: -1867057599 snapshot: False hit: 2 restore: 0 trans: 1 fitness: 0.0 old trans: 0
edges: {-1894478199} 
key: 297665743 snapshot: False hit: 2 restore: 0 trans: 1 fitness: 31 old trans: 0
edges: {1110022260} 
key: -1433637423 snapshot: False hit: 3 restore: 0 trans: 2 fitness: 0.0 old trans: 0
edges: {335461736} {-1898053214} 
key: -1894478199 snapshot: False hit: 4 restore: 0 trans: 3 fitness: 0.0 old trans: 0
edges: {-1121270738} {1297129688} {-307486232} 
key: -583182176 snapshot: True hit: 7 restore: 0 trans: 6 fitness: 58.45851 old trans: 0
edges: {OOAUT} {183131266} {-1556411559} 
key: -335821635 snapshot: False hit: 2 restore: 0 trans: 1 fitness: 0.0 old trans: 0
edges: {-307486232} 
key: 349882406 snapshot: True hit: 2 restore: 0 trans: 1 fitness: 99.0 old trans: 0
edges: {-691303923} 
key: -307486232 snapshot: False hit: 8 restore: 0 trans: 7 fitness: 14.58 old trans: 0
edges: {-583182176} {183131266} {-1094074386} {-37785511} {OOAUT} {-1243038535} {-1894478199} 
key: -165945893 snapshot: False hit: 2 restore: 0 trans: 1 fitness: 0.0 old trans: 0
edges: {1138396480} 
key: 820917904 snapshot: False hit: 3 restore: 0 trans: 2 fitness: 0.0 old trans: 0
edges: {-583182176} {1893074188} 
key: 335461736 snapshot: False hit: 2 restore: 0 trans: 1 fitness: 0.0 old trans: 0
edges: {1363148680} 
key: -1390515789 snapshot: True hit: 2 restore: 0 trans: 1 fitness: 99.0 old trans: 0
edges: {-37785511} 
key: OOAUT snapshot: False hit: 6 restore: 0 trans: 4 fitness: 131.769 old trans: 0
edges: {-583182176} {108834163} {-1556411559} {-1898053214} 
key: -1556411559 snapshot: True hit: 3 restore: 0 trans: 2 fitness: 108.9 old trans: 0
edges: {-583182176} {-560544007} 
key: 707352327 snapshot: True hit: 2 restore: 0 trans: 1 fitness: 99.0 old trans: 0
edges: {-335821635} 
key: -856995759 snapshot: False hit: 2 restore: 0 trans: 1 fitness: 42 old trans: 0
edges: {707352327} 
key: 1138396480 snapshot: False hit: 3 restore: 0 trans: 2 fitness: 0.0 old trans: 0
edges: {-2105113044} {-37785511} 
key: 1514766507 snapshot: True hit: 2 restore: 0 trans: 1 fitness: 99.0 old trans: 0
edges: {-37785511} 
key: -1113643644 snapshot: False hit: 3 restore: 0 trans: 2 fitness: 26.1 old trans: 0
edges: {1906120635} {-1390515789} 
key: 1363148680 snapshot: False hit: 2 restore: 0 trans: 1 fitness: 0.0 old trans: 0
edges: {OOAUT} 
key: -367266954 snapshot: True hit: 2 restore: 0 trans: 1 fitness: 99.0 old trans: 0
edges: {1893074188} 
key: -691303923 snapshot: False hit: 3 restore: 0 trans: 2 fitness: 0.0 old trans: 0
edges: {183131266} 
key: 108834163 snapshot: True hit: 2 restore: 0 trans: 1 fitness: 99.0 old trans: 0
edges: {1906337644} 
key: -1121270738 snapshot: False hit: 2 restore: 0 trans: 1 fitness: 0.0 old trans: 0
edges: {-1054352916} 
key: 361894527 snapshot: False hit: 2 restore: 0 trans: 1 fitness: 0.0 old trans: 0
edges: {1893074188} 
key: 619645921 snapshot: False hit: 2 restore: 0 trans: 1 fitness: 0.0 old trans: 0
edges: {-165945893} 
key: -459881703 snapshot: False hit: 3 restore: 0 trans: 2 fitness: 38 old trans: 0
edges: {1893074188} {-1243038535} 
key: -1975263574 snapshot: False hit: 2 restore: 0 trans: 1 fitness: 0.0 old trans: 0
edges: {297665743} 
key: -37785511 snapshot: False hit: 11 restore: 0 trans: 10 fitness: 9.565938 old trans: 0
edges: {682925248} {-307486232} {-1054352916} {-2050027593} {-856995759} {-1894478199} {-1238617861} {1514766507} {-1113643644} 
key: -2050027593 snapshot: False hit: 4 restore: 0 trans: 3 fitness: 0.0 old trans: 0
edges: {-188842781} {1149567985} {-37785511} 
key: -2105113044 snapshot: False hit: 2 restore: 0 trans: 1 fitness: 0.0 old trans: 0
edges: {1687122449} 
key: 1254188898 snapshot: False hit: 2 restore: 0 trans: 1 fitness: 0.0 old trans: 0
edges: {820917904} 
key: -188842781 snapshot: False hit: 4 restore: 0 trans: 3 fitness: 0.0 old trans: 0
edges: {-307486232} {-37785511} 
key: 1149567985 snapshot: False hit: 2 restore: 0 trans: 1 fitness: 0.0 old trans: 0
edges: {-188842781} 
key: -560544007 snapshot: True hit: 2 restore: 0 trans: 1 fitness: 99.0 old trans: 0
edges: {-949214984} 
key: -1238617861 snapshot: False hit: 3 restore: 0 trans: 2 fitness: 0.0 old trans: 0
edges: {-583182176} {-2050027593} 
key: 682925248 snapshot: False hit: 2 restore: 0 trans: 1 fitness: 0.0 old trans: 0
edges: {-37785511} 
key: 1110022260 snapshot: True hit: 3 restore: 0 trans: 2 fitness: 89.1 old trans: 0
edges: {619645921} {566434814} 
key: -1900321723 snapshot: True hit: 2 restore: 0 trans: 1 fitness: 99.0 old trans: 0
edges: {1138396480} 
key: -1898053214 snapshot: False hit: 3 restore: 0 trans: 2 fitness: 0.0 old trans: 0
edges: {OOAUT} {-1433637423} 
key: 1297129688 snapshot: False hit: 2 restore: 0 trans: 1 fitness: 0.0 old trans: 0
edges: {-1867057599} 
key: 52808485 snapshot: True hit: 2 restore: 0 trans: 1 fitness: 99.0 old trans: 0
edges: {-1113643644} 
key: -1455816557 snapshot: False hit: 2 restore: 0 trans: 1 fitness: 0.0 old trans: 0
edges: {361894527} 
key: -1243038535 snapshot: True hit: 3 restore: 0 trans: 2 fitness: 89.1 old trans: 0
edges: {-1975263574} {-307486232} 
key: -949214984 snapshot: False hit: 2 restore: 0 trans: 1 fitness: 0.0 old trans: 0
edges: {820917904} 
key: 566434814 snapshot: False hit: 2 restore: 0 trans: 1 fitness: 0.0 old trans: 0
edges: {1110022260} 
key: 1893074188 snapshot: False hit: 5 restore: 0 trans: 4 fitness: 0.0 old trans: 0
edges: {183131266} {-459881703} 
