class_id,class_name,probes_hit,probes_total,pct
020baba6813cba69,androidx/compose/runtime/ComposerImpl,604,1314,45.97
5d2ae8191bd3aac5,androidx/compose/ui/node/NodeCoordinator,503,914,55.03
667ed06d8198ee33,androidx/compose/ui/platform/AndroidComposeView,455,1015,44.83
10d89a02b921a467,androidx/compose/runtime/SlotWriter,425,1011,42.04
4f92e6d63a0177f3,androidx/compose/ui/node/LayoutNode,333,1129,29.5
2ec80f35bad856cc,androidx/compose/foundation/text/CoreTextFieldKt,305,532,57.33
bfbb368591a5a4ed,androidx/compose/ui/input/key/Key,304,591,51.44
de1f217220a4e585,androidx/fragment/app/FragmentManager,301,1404,21.44
210f907e677218e9,kotlinx/coroutines/JobSupport,295,759,38.87
7c876016e87543fb,kotlinx/coroutines/channels/BufferedChannel,282,1759,16.03
0e4e2f2615a5b4db,androidx/compose/material/OutlinedTextFieldKt,276,1066,25.89
a5f216f2c694a869,androidx/compose/runtime/CompositionImpl,275,937,29.35
125431f2e9250940,com/google/android/gms/internal/cast/zzva,271,1412,19.19
e068efcbfe11db1f,org/jellyfin/mobile/ui/screens/connect/ServerSelectionKt,250,560,44.64
f252d90bcfc2b19b,androidx/compose/ui/node/LayoutNodeLayoutDelegate$MeasurePassDelegate,246,474,51.9
c664fcec7d1233ce,androidx/compose/runtime/snapshots/SnapshotKt,226,391,57.8
e0768709b0394985,androidx/compose/runtime/Recomposer,220,645,34.11
e1323ee422b7e63e,org/jellyfin/mobile/app/AppModuleKt,211,326,64.72
28e2e60e98dd7692,androidx/appcompat/app/AppCompatDelegateImpl,211,1298,16.26
1bf8e2a0ef6db2af,androidx/compose/ui/text/TextStyle,195,1399,13.94
4c17a97ff54b494e,androidx/mediarouter/media/GlobalMediaRouter,167,653,25.57
79c9c03fb9f81c51,androidx/compose/ui/text/SpanStyleKt,166,244,68.03
5228188c459e7df8,androidx/compose/ui/node/MeasureAndLayoutDelegate,161,514,31.32
dbef4469cb25382b,kotlinx/coroutines/flow/SharedFlowImpl,154,362,42.54
3cf26d40df848fc9,androidx/fragment/app/SpecialEffectsController,153,341,44.87
4a1feba3d960c79f,androidx/compose/material/TextFieldDefaults,151,517,29.21
a00e1cd4276571a9,androidx/compose/ui/node/NodeChain,149,605,24.63
8037f9ed77ebf370,androidx/compose/runtime/external/kotlinx/collections/immutable/implementations/immutableMap/TrieNode,147,468,31.41
0ae464c4a84afc59,androidx/compose/ui/node/NodeKindKt,146,250,58.4
0189d7bde3517453,androidx/fragment/app/Fragment,145,756,19.18
bdddc63441e401fa,androidx/compose/ui/focus/FocusOwnerImpl,141,820,17.2
04ab41c6a1cd61c4,com/google/android/gms/dynamite/DynamiteModule,133,439,30.3
4192821cf04e2472,androidx/compose/ui/input/pointer/Node,132,340,38.82
cb0140890fd32328,kotlinx/coroutines/CancellableContinuationImpl,131,386,33.94
01026796124467c7,androidx/compose/ui/focus/TwoDimensionalFocusSearchKt,125,308,40.58
a74b000218a76651,androidx/compose/ui/graphics/vector/PathParserKt,119,167,71.26
55582a8f423a7be1,androidx/compose/ui/platform/RenderNodeLayer,118,240,49.17
8179325e47dc37f0,androidx/compose/animation/core/Transition,117,225,52.0
05be0c340f39929a,androidx/compose/material/Typography,116,210,55.24
c4b8f292adabf8de,androidx/mediarouter/media/PlatformMediaRouter1RouteProvider$JellybeanMr2Impl,116,259,44.79
a76cbaffbb65a15d,androidx/compose/material/TextFieldTransitionScope,115,161,71.43
8ffbe9d2100d8775,androidx/compose/ui/graphics/drawscope/CanvasDrawScope,114,258,44.19
d716fe2ca6ff6120,androidx/compose/runtime/ComposerKt,113,266,42.48
0dcbed8cc169b89b,androidx/compose/runtime/changelist/ChangeList,112,960,11.67
a8ad56806c9574cf,androidx/compose/ui/graphics/vector/PathNodeKt,111,260,42.69
2eb06f9291193344,androidx/compose/runtime/SlotTableKt,109,205,53.17
3e967dfe753e716d,androidx/fragment/app/FragmentStateManager,104,460,22.61
8957eb574296308a,androidx/compose/runtime/snapshots/MutableSnapshot,101,343,29.45
ecc022fefcadeb37,androidx/compose/ui/focus/FocusInvalidationManager$invalidateNodes$1,100,227,44.05
95a10538762c0468,androidx/compose/runtime/SlotReader,100,197,50.76
d43de37fe1971133,androidx/compose/animation/CrossfadeKt,99,215,46.05
60cc72011023d196,androidx/compose/material/TextFieldImplKt,99,222,44.59
c58ecf4f91566996,androidx/compose/material/Colors,97,149,65.1
ffdd72da353726d3,kotlinx/coroutines/scheduling/CoroutineScheduler,97,319,30.41
b785e0fa26b67fab,androidx/compose/ui/text/android/TextLayout,96,265,36.23
7816223048925277,androidx/compose/ui/node/MyersDiffKt,95,118,80.51
83349f6897ce51d2,com/google/android/gms/common/internal/BaseGmsClient,94,337,27.89
5a8ca0da7d33b126,androidx/lifecycle/LifecycleRegistry,94,149,63.09
082b439cb1ae81ef,androidx/compose/ui/graphics/vector/compat/XmlVectorParser_androidKt,93,185,50.27
11dee0f35e735c1b,androidx/compose/runtime/Recomposer$runRecomposeAndApplyChanges$2$1,92,146,63.01
8e15ab076d4ccea3,androidx/compose/runtime/changelist/ComposerChangeListWriter,91,178,51.12
36516c7fab4be8e0,androidx/compose/material/TextKt,91,643,14.15
cc1621f5957ece73,androidx/mediarouter/media/MediaRouter$RouteInfo,91,293,31.06
8f5f8006c688e612,androidx/compose/runtime/RecomposeScopeImpl,91,187,48.66
9d5d923e8269e77a,com/google/android/datatransport/runtime/scheduling/persistence/SQLiteEventStore,91,353,25.78
ecb51338f6b761db,kotlinx/coroutines/scheduling/CoroutineScheduler$Worker,89,203,43.84
69c4703bf680500d,androidx/compose/ui/focus/FocusTransactionsKt,89,404,22.03
a149152df89b57b5,androidx/compose/ui/graphics/ReusableGraphicsLayerScope,89,123,72.36
9921dc3f1cf19286,androidx/compose/ui/text/MultiParagraph,86,327,26.3
b9306f945ef8e98b,androidx/compose/runtime/snapshots/SnapshotStateObserver$ObservedScopeMap,86,429,20.05
8efce3a0d7f81c68,androidx/activity/ComponentActivity,86,296,29.05
074582d25260d2dd,androidx/compose/ui/text/ParagraphStyleKt,85,113,75.22
bed0ffb5b0678e5b,androidx/compose/ui/platform/AndroidCompositionLocals_androidKt,85,112,75.89
b4f124602fcb57dc,androidx/compose/ui/graphics/Color,84,108,77.78
c022ac98f8e71323,com/google/android/gms/common/api/internal/zabq,83,331,25.08
9a5f21b94e5d9152,kotlin/jvm/internal/ClassReference,82,121,67.77
c99f6978fe8cd9e3,androidx/compose/ui/graphics/colorspace/Rgb,82,198,41.41
81327e7fcc259c5a,androidx/compose/ui/graphics/ColorKt,82,148,55.41
f59fea72fcb5f6c2,androidx/compose/foundation/text/BasicTextFieldKt,81,614,13.19
4e993fa909e58466,androidx/compose/runtime/DerivedSnapshotState,81,144,56.25
bf8722d35ee3277d,androidx/compose/animation/core/Transition$TransitionAnimationState,80,108,74.07
2010565c596a7cfc,androidx/compose/material/SurfaceKt,79,549,14.39
ee2a9129a35ccfa4,androidx/compose/foundation/layout/RowColumnMeasurementHelper,78,228,34.21
1190a56c85c8f00f,androidx/compose/foundation/text/HeightInLinesModifierKt$heightInLines$2,78,96,81.25
6df77e37681a3df9,androidx/compose/ui/input/pointer/MotionEventAdapter,78,145,53.79
332fb8d2f35b1d41,androidx/compose/material/OutlinedTextFieldMeasurePolicy,77,206,37.38
e91bdb1b8350e37b,androidx/compose/foundation/text/modifiers/TextStringSimpleNode,75,185,40.54
3d308361a56a7677,com/google/android/gms/internal/cast/zzo,74,184,40.22
d0939085ca627d50,androidx/compose/ui/text/input/TextInputServiceAndroid,74,142,52.11
efbe07d77a1c2741,androidx/compose/foundation/text/TextDelegate,73,110,66.36
7a13b64f7a08ef53,androidx/compose/ui/text/android/TextLayoutKt,72,95,75.79
2010a92765507b5f,io/ktor/util/pipeline/Pipeline,72,266,27.07
25dd2db8f77f53da,leakcanary/internal/InternalLeakCanary,72,163,44.17
565482358b816edd,androidx/compose/ui/text/AndroidParagraph,72,227,31.72
12fa841cbeff4f16,kotlin/collections/CollectionsKt___CollectionsKt,72,1803,3.99
3812829a10f425c4,androidx/collection/MutableScatterMap,72,243,29.63
dbf817f3659f777a,androidx/compose/ui/node/BackwardsCompatNode,72,274,26.28
de520b87583edc33,androidx/compose/runtime/changelist/Operations,70,218,32.11
dbcaee0681b649db,androidx/compose/ui/node/LayoutNodeDrawScope,70,143,48.95
1ad90daff12c495a,androidx/fragment/app/FragmentLifecycleCallbacksDispatcher,70,190,36.84
ea5c7140c9f1a919,androidx/compose/ui/platform/RenderNodeApi23,69,168,41.07
afdb7d7878b082f0,androidx/compose/material/ColorsKt,69,119,57.98
5f4e1a0c1097ae62,androidx/fragment/app/DefaultSpecialEffectsController,69,275,25.09
7eb5fe2b219edba4,kotlin/text/StringsKt__StringsKt,69,922,7.48
7e6419b0f409e334,androidx/compose/ui/focus/FocusTraversalKt,69,261,26.44
98d9ebca2a7ae08c,com/google/android/gms/internal/cast/zzwj,69,111,62.16
d8c366401ec751e6,androidx/compose/runtime/DerivedSnapshotState$ResultRecord,69,96,71.88
83903af9b3f0b49a,androidx/compose/ui/platform/AndroidComposeViewAccessibilityDelegateCompat,68,2127,3.2
f052076aecca9c6a,androidx/compose/runtime/SlotWriter$Companion,68,126,53.97
d1cfa6b619678937,androidx/compose/runtime/snapshots/SnapshotStateObserver,68,171,39.77
4a610e062cbb8ecd,androidx/compose/foundation/layout/BoxKt,67,122,54.92
96ba0e0dc6ba0e07,androidx/compose/ui/node/InnerNodeCoordinator,67,103,65.05
c4ca760657bc96ba,androidx/compose/ui/draw/PainterNode,66,171,38.6
69033a0247c9598d,androidx/collection/MutableObjectIntMap,65,170,38.24
3c6bb2c5633f7592,com/google/android/gms/cast/framework/CastContext,65,181,35.91
f52fbae16b0a59a5,androidx/compose/animation/core/SuspendAnimationKt,65,149,43.62
4269c240d30f2d43,com/google/android/gms/common/api/internal/GoogleApiManager,65,279,23.3
57b6e0a564e6529e,androidx/compose/material/ButtonKt,64,184,34.78
3899295235aae516,androidx/compose/ui/focus/FocusTargetNode,64,236,27.12
6ed6affaa543c6fd,com/google/android/gms/internal/cast/zztk,64,64,100.0
bac253aeac4f8ccd,androidx/compose/animation/core/AnimateAsStateKt,64,337,18.99
b1477489e9ef1980,androidx/compose/ui/focus/FocusEventModifierNodeKt,63,154,40.91
a3c8c05a54200769,androidx/compose/ui/text/SpanStyle,63,511,12.33
79af326c0799e1d7,androidx/compose/ui/text/platform/extensions/TextPaintExtensions_androidKt,63,125,50.4
2c9df0ba35c22169,androidx/compose/ui/graphics/vector/VectorPainterKt,62,267,23.22
699d581a6257ff7e,io/ktor/client/HttpClientConfig,62,73,84.93
44740c07d80ace73,androidx/compose/foundation/text/BasicTextKt,62,620,10.0
5634cdde8532392c,kotlinx/coroutines/internal/LockFreeLinkedListNode,62,124,50.0
37259161868c1967,androidx/room/RoomDatabase,61,230,26.52
e3b601dca0f3a887,androidx/compose/animation/CrossfadeKt$Crossfade$5$1,61,80,76.25
a04c0bb77c7baeef,androidx/compose/ui/platform/WindowRecomposer_androidKt,61,87,70.11
272ba0f217cc5738,androidx/compose/ui/platform/AbstractComposeView,60,145,41.38
63724b760f68943d,androidx/startup/AppInitializer,60,86,69.77
7167fbbe2b5e21b2,androidx/compose/ui/input/pointer/SuspendingPointerInputModifierNodeImpl,60,143,41.96
4e620ecb9c3e4eab,androidx/compose/ui/graphics/Matrix,60,132,45.45
b44b9cb5497d2306,kotlinx/coroutines/flow/StateFlowImpl,60,96,62.5
038c5dcaf02ed378,androidx/compose/animation/AnimatedVisibilityKt,59,665,8.87
be271a24e3f0fc47,androidx/compose/ui/graphics/colorspace/Rgb$Companion,59,82,71.95
dec3b9186931ef7d,com/google/android/gms/internal/cast/zzml,59,61,96.72
2dfcd74999ba3a01,androidx/compose/ui/platform/CompositionLocalsKt,58,84,69.05
7acaf906256477dd,kotlinx/coroutines/sync/SemaphoreImpl,58,183,31.69
c5a33f759c079148,androidx/collection/MutableScatterSet,58,271,21.4
9c14531551f72c7f,androidx/compose/animation/core/Animatable,57,142,40.14
1112ee2f1cc64706,androidx/fragment/app/FragmentStore,57,222,25.68
0248a0050a3ab197,androidx/compose/ui/node/LayoutNodeLayoutDelegate,57,145,39.31
779caf02ec6b5dbc,androidx/compose/ui/graphics/colorspace/ColorSpaceKt,56,108,51.85
3cf18de831182b5d,androidx/appcompat/widget/ResourceManagerInternal,56,216,25.93
181d6f95f50e1857,androidx/compose/ui/graphics/vector/GroupComponent,55,151,36.42
af6a75cb389c1dac,androidx/mediarouter/media/RegisteredMediaRouteProvider,54,199,27.14
838a2c0a7bd7c831,androidx/compose/runtime/snapshots/SnapshotStateList,54,575,9.39
4b3e835267deec25,com/google/android/gms/internal/cast/zzg,54,84,64.29
b8c5bbdb4f53e508,androidx/compose/ui/semantics/SemanticsProperties,54,67,80.6
15a798d1149a8c3a,com/google/android/gms/common/internal/safeparcel/SafeParcelWriter,53,427,12.41
28c4f0058c8063a6,androidx/compose/runtime/CompositionImpl$RememberEventDispatcher,53,82,64.63
9f677adb04d4aca8,kotlinx/coroutines/channels/BufferedChannelKt,53,71,74.65
5791871f86e8ac52,androidx/compose/foundation/text/KeyCommand,52,53,98.11
3ffc5d1268aa484f,com/google/android/gms/cast/framework/CastOptions,52,64,81.25
e841c461a24f9673,androidx/compose/ui/graphics/drawscope/DrawScope,52,361,14.4
30138105fabf81ec,androidx/compose/ui/graphics/vector/PathComponent,51,88,57.95
24488aecaa8d0032,androidx/compose/material/TextFieldImplKt$CommonDecorationBox$3,51,73,69.86
4d0fa7653652c5dc,androidx/compose/ui/platform/AndroidUiDispatcher,51,67,76.12
201158e03d3d615b,androidx/compose/ui/text/platform/extensions/SpannableExtensions_androidKt,51,265,19.25
a0ab5316d1bac995,androidx/emoji2/text/EmojiCompat,51,165,30.91
25cd2064220364ae,androidx/compose/animation/core/VectorizedFloatAnimationSpec,50,60,83.33
720d0d47d03478b9,androidx/compose/ui/platform/OutlineResolver,50,138,36.23
78e55477995e5cda,androidx/compose/ui/graphics/colorspace/Oklab,50,67,74.63
b92bb54a56a5ba2a,org/koin/core/scope/Scope,50,211,23.7
992b949dc15cf529,androidx/compose/ui/node/DelegatingNode,50,185,27.03
374e9446d53bfccf,androidx/compose/runtime/internal/ComposableLambdaImpl,50,274,18.25
9a45f7fd80c07240,androidx/compose/foundation/text/TextFieldKeyInput$process$2$WhenMappings,50,98,51.02
8e67f487438d3aff,androidx/compose/ui/semantics/SemanticsPropertiesKt,49,280,17.5
b24b8034a28c80f5,androidx/compose/foundation/text/TextFieldState,49,80,61.25
1420e56102e80b95,org/jellyfin/mobile/ui/screens/connect/ConnectScreenKt,49,60,81.67
2df1e37b56dac546,androidx/compose/ui/input/pointer/PointerInputChange,49,238,20.59
be0fd30ca15a9604,androidx/compose/runtime/EffectsKt,49,189,25.93
ce656c67168a6581,androidx/compose/ui/graphics/vector/FastFloatParserKt,49,177,27.68
d192cd176ba9500e,androidx/compose/ui/graphics/colorspace/ColorSpaces,48,81,59.26
de46ba6dee0f04d5,androidx/compose/runtime/BroadcastFrameClock,48,81,59.26
3a2550f2cf70dd4e,androidx/compose/animation/core/VectorizedKeyframesSpec,48,58,82.76
4a00f1ed85937d1a,androidx/compose/foundation/text/TextFieldSizeKt$textFieldMinSize$1,48,56,85.71
8b2bb8dbe6ae33b0,org/slf4j/LoggerFactory,48,159,30.19
c13155074549dcec,androidx/compose/ui/modifier/ModifierLocalModifierNode,47,68,69.12
69999cb6da13c431,androidx/compose/ui/layout/Placeable$PlacementScope,47,136,34.56
82282b9b025e62ca,androidx/compose/runtime/collection/MutableVector,47,382,12.3
b7d3ffe8cb51a97a,kotlinx/coroutines/DispatchedTask,46,90,51.11
6aed0b611ff02282,kotlinx/coroutines/DispatchedTaskKt,46,88,52.27
f088be25f4900561,androidx/compose/animation/core/TransitionKt,46,265,17.36
ea970f106ee95cf0,androidx/compose/foundation/text/modifiers/ParagraphLayoutCache,46,130,35.38
0d3a8113ababf3e2,androidx/compose/foundation/gestures/TapGestureDetectorKt,45,138,32.61
dfcd4130fc6b7230,androidx/compose/ui/graphics/AndroidCanvas,45,145,31.03
0122de2b3179f011,io/ktor/client/HttpClient,45,93,48.39
b9fc2ecbbd7850a4,androidx/compose/material/SurfaceKt$Surface$4,45,54,83.33
ea9a4feeaadbf067,androidx/compose/ui/input/pointer/NodeParent,45,68,66.18
57692d29680f132d,androidx/collection/LongSparseArray,45,238,18.91
224d020298aec18f,androidx/collection/ArraySet,45,239,18.83
31b47a4a727118af,androidx/compose/ui/unit/Constraints,45,94,47.87
f5789f7460537045,androidx/compose/material/SurfaceKt$Surface$1,44,53,83.02
cede79f1366e97bf,androidx/compose/runtime/snapshots/Snapshot$Companion,44,120,36.67
dc21a0b6845496c9,org/koin/core/registry/InstanceRegistry,44,195,22.56
2ea06119bb1fe3af,com/google/android/datatransport/cct/internal/NetworkConnectionInfo$MobileSubtype,44,47,93.62
550fd40bb159c74a,kotlinx/coroutines/internal/DispatchedContinuation,43,189,22.75
a297bbda1a27f81b,androidx/compose/ui/text/MultiParagraphIntrinsics,43,51,84.31
2b9564471809463a,androidx/compose/material/DefaultTextFieldColors,43,152,28.29
b7686749a92600d6,androidx/compose/material/TextFieldImplKt$CommonDecorationBox$3$drawBorder$1,43,49,87.76
51307b3f1bbe5249,io/ktor/client/features/HttpTimeout$HttpTimeoutCapabilityConfiguration,42,67,62.69
2aded622a6a4e711,leakcanary/internal/LeakCanaryFileProvider$Companion,42,121,34.71
68b82b3075a2b531,org/jellyfin/mobile/ui/screens/connect/ConnectScreenKt$ConnectScreen$1,42,49,85.71
b3a9e1e8aa27751f,kotlin/collections/ArrayDeque,42,374,11.23
3bddc2797a5e94c7,leakcanary/ServiceWatcher,42,81,51.85
ace71036b7e3bc87,kotlinx/coroutines/channels/BufferedChannel$BufferedChannelIterator,41,130,31.54
ed8e446a78b000eb,org/jellyfin/mobile/MainActivity,41,108,37.96
61e1fcacc40de393,com/google/android/datatransport/runtime/scheduling/jobscheduling/SchedulerConfig,41,47,87.23
1c550819e770bb8e,androidx/sqlite/db/framework/FrameworkSQLiteOpenHelper$OpenHelper,41,110,37.27
0f7dbda3a46d9da4,androidx/compose/ui/graphics/vector/VectorComponent,41,75,54.67
55d4743cbb85ebf3,androidx/compose/material/ButtonKt$Button$3$1$1,41,50,82.0
76cdc5f63a26b200,androidx/compose/ui/input/pointer/PointerInputEventProcessor,40,58,68.97
22ac0a477530f5cd,androidx/compose/runtime/snapshots/SnapshotIdSet,40,189,21.16
0440b9351fa5fd99,androidx/compose/runtime/changelist/FixupList,40,164,24.39
bfc41eb9ac999cdd,androidx/compose/foundation/text/CoreTextFieldKt$CoreTextField$5$1$1,40,56,71.43
656416ceb3f760ab,leakcanary/internal/activity/LeakActivity,40,121,33.06
54b8e061f4911ecb,androidx/appcompat/app/AppCompatActivity,40,142,28.17
4638990adff3dcb6,com/google/android/datatransport/runtime/scheduling/persistence/SchemaManager,40,55,72.73
5d01ca41a2619499,org/jellyfin/mobile/data/DatabaseModuleKt,39,45,86.67
2334dbcf50841f63,com/google/android/gms/internal/cast/zztp,39,83,46.99
1b84a7d5a45e8b33,androidx/compose/ui/graphics/BlendMode,39,105,37.14
f527eb41e8348e2b,androidx/compose/foundation/ImageKt,38,137,27.74
f8e679fdbcc5280f,androidx/collection/MutableLongSet,38,166,22.89
222a724b96e2ac4d,androidx/compose/ui/node/HitTestResult,38,125,30.4
3dca2d07df068ce5,shark/AndroidReferenceMatchers$Companion,38,45,84.44
20ce218f01e935e7,androidx/fragment/app/FragmentActivity,38,112,33.93
1429537997a09e25,androidx/compose/runtime/collection/ScopeMap,38,139,27.34
ab4c213c94709a22,androidx/core/view/ViewCompat$UnhandledKeyEventManager,38,110,34.55
725427497ccab305,androidx/compose/material/MaterialTextSelectionColorsKt,38,62,61.29
d080f05598867cc3,androidx/room/InvalidationTracker,38,216,17.59
3ad541b1c08639ec,com/google/android/gms/common/api/GoogleApi,37,100,37.0
896d9288362fcb24,kotlinx/coroutines/JobSupport$Finishing,37,66,56.06
8c3ecddaffb8b150,androidx/mediarouter/media/MediaRouter,37,167,22.16
e8d4f39e3d43a9b8,kotlinx/coroutines/internal/DispatchedContinuationKt,37,138,26.81
749bc98d0dd81f24,androidx/compose/foundation/layout/SizeKt,37,221,16.74
9e163b7c9e282e26,com/google/android/gms/cast/framework/media/NotificationOptions$Builder,36,92,39.13
090571491df802e2,androidx/compose/ui/text/AndroidParagraph_androidKt,36,72,50.0
85b526359ad33e6a,leakcanary/AndroidLeakFixes$Companion,36,54,66.67
4ae380deeaab754e,androidx/compose/ui/node/DelegatableNodeKt,36,853,4.22
e79adb6e0a23bba5,androidx/core/content/res/GradientColorInflaterCompat,36,66,54.55
efee4a5caf375836,kotlinx/coroutines/sync/MutexImpl,36,97,37.11
bae97c1f14f52af9,androidx/mediarouter/media/RegisteredMediaRouteProviderWatcher,36,89,40.45
5e4abb2efb6a6f41,androidx/compose/material/MaterialThemeKt,36,71,50.7
011a816964d0591c,androidx/compose/ui/input/pointer/PointerInputChangeEventProducer,36,37,97.3
152a6117ec97eaaa,androidx/compose/foundation/text/selection/SimpleLayoutKt,36,51,70.59
bfa36493a31cd0fa,androidx/mediarouter/media/GlobalMediaRouter$CallbackHandler,36,72,50.0
a5d5f8947bfe39da,androidx/compose/ui/text/caches/LruCache,35,151,23.18
82c8852dcad51e65,androidx/fragment/app/BackStackRecord,35,301,11.63
1aecc0113b262e66,androidx/compose/runtime/saveable/RememberSaveableKt,35,73,47.95
cebfc610f08486db,com/google/android/datatransport/runtime/scheduling/jobscheduling/JobInfoScheduler,35,46,76.09
4cbbdf5b1e2dfdff,com/google/android/datatransport/cct/CctTransportBackend,35,217,16.13
70766da5183ec561,androidx/compose/runtime/collection/IdentityArraySet,35,157,22.29
203cf8b645397c97,kotlin/collections/ArraysKt___ArraysJvmKt,35,1139,3.07
32f41734d1bd0b3c,androidx/compose/ui/Modifier$Node,35,81,43.21
4ccf3e732cf41461,leakcanary/internal/navigation/NavigatingActivity,34,213,15.96
29b71d8a4bea317d,androidx/compose/foundation/text/TextFieldScrollKt$textFieldScrollable$2,34,45,75.56
096d173b3d2c1600,androidx/compose/ui/graphics/vector/ImageVector$Builder,34,113,30.09
d399b53a88e6e55c,leakcanary/AppWatcher,34,52,65.38
fbe882fb90800e50,androidx/compose/foundation/layout/OrientationIndependentConstraints,34,81,41.98
bbf5f8e5fae6b26b,androidx/compose/foundation/text/TextFieldPressGestureFilterKt$tapPressTextFieldModifier$1,34,38,89.47
fe73d2d631f80e44,androidx/compose/ui/graphics/OutlineKt,34,123,27.64
a32c2953822916ce,androidx/compose/ui/text/android/style/LineHeightStyleSpan,34,55,61.82
612ee8d2894082ac,androidx/room/RoomDatabase$Builder,34,118,28.81
0c91b4096a5a8641,androidx/compose/runtime/SlotTable,33,446,7.4
5d52c6dc6d82cf15,androidx/compose/ui/text/android/LayoutIntrinsicsKt,33,43,76.74
9135235b2cf057e3,androidx/compose/foundation/layout/PaddingKt,33,76,43.42
1938c550ea4695b2,androidx/compose/ui/node/IntStack,33,47,70.21
21c4a6d01ecef166,androidx/compose/foundation/text/TextFieldScrollerPosition,32,63,50.79
851cbc392bafeb20,androidx/mediarouter/media/MediaRouteSelector,32,52,61.54
f12ff9f18886d316,androidx/compose/ui/node/OnPositionedDispatcher,32,36,88.89
6e093079e9c30a9a,androidx/activity/OnBackPressedDispatcher,32,126,25.4
b87169758b80593a,androidx/compose/ui/layout/Placeable,32,32,100.0
85883df5e5c52e8a,androidx/compose/material/ButtonDefaults,31,140,22.14
8cdea28f3b2bfe65,io/ktor/util/pipeline/PhaseContent,31,57,54.39
2398879442358530,androidx/collection/ScatterMap,31,376,8.24
9ee0ab833986b583,com/google/android/gms/tasks/zzw,31,132,23.48
f2ae54d27cbf1839,androidx/compose/ui/text/platform/AndroidParagraphIntrinsics,31,54,57.41
84f1db4d146eb4a5,androidx/arch/core/internal/SafeIterableMap,30,73,41.1
85040bd9d1f5c521,androidx/mediarouter/media/MediaRouteDescriptor$Builder,30,92,32.61
81c7dd03ff411f94,androidx/compose/foundation/text/CoreTextFieldKt$CoreTextField$5$1$1$2,30,33,90.91
ff61b5ee386366b3,androidx/compose/runtime/collection/IdentityArrayMap,30,110,27.27
960bae43d76789c5,com/google/android/gms/internal/cast/zzbf,30,133,22.56
d8b078101b9d966e,androidx/compose/foundation/text/MappedKeys,30,50,60.0
27b4ab5d171df338,androidx/collection/SimpleArrayMap,30,264,11.36
a3b0c8a122d82582,com/google/android/datatransport/runtime/TransportRuntime,30,49,61.22
5bd854b6db6cecfe,org/jellyfin/mobile/ui/utils/AppThemeKt,30,38,78.95
509e3d8232856ed1,androidx/compose/ui/text/platform/AndroidTextPaint,30,75,40.0
59a8e6f224d48f9a,androidx/compose/ui/graphics/vector/compat/AndroidVectorParser,30,54,55.56
cb35d32b3f6333e6,androidx/compose/ui/text/input/TextFieldValue,30,64,46.88
b20adbf36d3dcdf8,androidx/compose/ui/node/NodeCoordinator$Companion$PointerInputSource$1,30,38,78.95
0b368192285a350e,androidx/compose/ui/text/input/CursorAnchorInfoBuilder_androidKt,30,89,33.71
b4d3ceae11142c37,androidx/compose/foundation/text/TextFieldDelegate$Companion,30,71,42.25
0094761df46521fe,kotlinx/coroutines/internal/LimitedDispatcher,30,67,44.78
3aaa8e95ec594f17,com/google/android/gms/cast/framework/media/internal/ResourceProvider,30,32,93.75
5e3577ca71267f58,androidx/compose/ui/text/AnnotatedString,30,174,17.24
79277a5568f2a402,androidx/compose/foundation/text/selection/TextFieldSelectionManager,30,386,7.77
5d604be9c044ef4f,androidx/compose/runtime/Recomposer$runRecomposeAndApplyChanges$2,30,46,65.22
97644b5cbf99c6c5,org/koin/core/Koin,29,198,14.65
5739e13c5096ba21,androidx/compose/runtime/snapshots/SnapshotDoubleIndexHeap,29,57,50.88
4376ace344a86857,androidx/compose/ui/text/style/LineBreak,29,53,54.72
c987b2909e823a30,com/google/android/gms/common/GooglePlayServicesUtilLight,29,161,18.01
44afdd891103d2a0,androidx/compose/ui/semantics/SemanticsActions,29,55,52.73
bff834806843610e,com/google/android/gms/internal/cast/zzdd,29,86,33.72
d73e05e13a177532,androidx/compose/ui/platform/AndroidComposeView_androidKt,29,34,85.29
07c506f5ac29b601,androidx/lifecycle/ProcessLifecycleOwner,29,44,65.91
e81226872f1f3e24,androidx/compose/foundation/gestures/ContentInViewNode,29,151,19.21
a822337102c96e9c,androidx/compose/ui/graphics/vector/DrawCache,29,48,60.42
d0c390f94e792795,kotlin/coroutines/CombinedContext,29,45,64.44
e3ac58eb117c097d,androidx/compose/ui/res/PainterResources_androidKt,29,63,46.03
ee4edd2bdbe373fc,androidx/compose/foundation/gestures/ScrollableKt,29,55,52.73
9eb6f3756b1a7f3a,androidx/compose/foundation/text/selection/SimpleLayoutKt$SimpleLayout$1,29,29,100.0
d02a6761e1226db0,androidx/concurrent/futures/AbstractResolvableFuture,29,302,9.6
e5a337fa4611ce73,androidx/compose/ui/node/AlignmentLines,28,88,31.82
aa2e99aaac8aa400,androidx/compose/ui/text/android/StaticLayoutFactory,28,49,57.14
32d673aefd248236,leakcanary/LeakCanary$Config,28,157,17.83
6c00bbd63487db28,androidx/compose/animation/core/TargetBasedAnimation,28,52,53.85
13b24bf6ab3f2690,androidx/compose/ui/unit/ConstraintsKt,28,61,45.9
03417b05c3db7bc6,androidx/room/RoomOpenHelper,28,87,32.18
c00ed9bac1b5e90f,androidx/compose/ui/graphics/colorspace/TransferParameters,28,105,26.67
86d7769750966522,androidx/compose/runtime/snapshots/Snapshot,28,64,43.75
175a70cdc6154f66,org/jellyfin/mobile/app/ApiModuleKt,28,32,87.5
f63fd8df2983f195,io/ktor/client/features/HttpPlainText,28,72,38.89
1e45208b50293378,androidx/compose/ui/graphics/vector/PathParser,28,52,53.85
99986f4b5de1f098,androidx/compose/ui/graphics/GraphicsLayerModifierKt,28,152,18.42
20b4b8289b5724c2,androidx/compose/ui/layout/LayoutCoordinatesKt,28,47,59.57
7cb4e9f720e72ed4,androidx/compose/ui/graphics/vector/VectorPainter,28,60,46.67
9edcb9dfdcabb033,androidx/compose/ui/geometry/Offset,27,63,42.86
433b0a6b162b1bb4,androidx/compose/material/ripple/RippleKt,27,41,65.85
2f3388757b802473,androidx/compose/ui/geometry/RoundRectKt,27,209,12.92
81d660a0bcf99b45,androidx/collection/MutableIntObjectMap,27,175,15.43
d162dedcc533c3e3,com/google/android/gms/dynamite/zzb,27,53,50.94
e2824e87ccaa3bbd,androidx/compose/foundation/text/TextFieldKeyInput,27,73,36.99
bb7fcac14c0667f4,kotlinx/serialization/json/JsonConfiguration,27,58,46.55
12e1a0b0fac1e405,androidx/compose/ui/graphics/AndroidPaint_androidKt,27,68,39.71
107a261e60ba35fc,androidx/compose/ui/node/LayoutModifierNodeCoordinator,27,74,36.49
cd357529c42e7836,com/google/android/gms/common/api/internal/BackgroundDetector,27,61,44.26
94aa01cb471c2fbe,com/google/android/gms/internal/cast/zzno,27,44,61.36
ec6c086edafe8124,androidx/compose/ui/node/NodeChainKt,27,30,90.0
d38ba12c1f831b5c,leakcanary/FragmentAndViewModelWatcher,27,36,75.0
2be14fd3469b5608,com/google/android/gms/common/util/DeviceProperties,27,143,18.88
354eb410dec4fb9b,androidx/compose/ui/focus/FocusOwnerImpl$moveFocus$foundNextItem$1,27,69,39.13
b191fd4fd1feb3eb,androidx/compose/ui/input/pointer/HitPathTracker,26,44,59.09
7d4dfcd5bb075280,androidx/compose/animation/core/MutatorMutex$mutate$2,26,27,96.3
e147ca14635dbab1,kotlinx/coroutines/flow/internal/AbstractSharedFlow,26,51,50.98
833036640a167a72,androidx/compose/foundation/layout/SizeNode,26,88,29.55
e040223775566916,com/google/android/gms/internal/cast/zzvk,26,182,14.29
b3b1a9f466938be0,androidx/compose/animation/core/AnimationVector4D,26,44,59.09
3f68ccbf96633fdb,com/google/android/datatransport/runtime/backends/MetadataBackendRegistry$BackendFactoryProvider,26,51,50.98
437c93e9acb225d5,org/jellyfin/mobile/webapp/RemotePlayerService,26,153,16.99
6a1642e1d51b68a0,androidx/compose/ui/text/TextLayoutResult,26,85,30.59
6c4cff6e08233ef3,androidx/compose/ui/node/NodeChain$Differ,26,68,38.24
8582736ecd877a43,kotlin/collections/MapsKt__MapsKt,26,269,9.67
9302d043ac912bc4,androidx/profileinstaller/ProfileInstaller,26,81,32.1
e064b3f2828905e9,androidx/compose/ui/geometry/Size,26,66,39.39
ccc9a2fc27fef925,org/jellyfin/mobile/ui/screens/connect/ServerSelectionKt$ServerSelection$3$1,26,64,40.62
883174e0cb3808a9,androidx/compose/runtime/external/kotlinx/collections/immutable/implementations/immutableMap/PersistentHashMapBuilder,26,66,39.39
d227f04c7a1015b7,androidx/fragment/app/SpecialEffectsController$Operation,26,89,29.21
8b4dcc6a2ff84ef1,androidx/compose/ui/graphics/AndroidPaint,25,35,71.43
82548dc1750840fe,androidx/activity/result/ActivityResultRegistry,25,161,15.53
da20f23dd5c1c48f,androidx/fragment/app/FragmentContainerView,25,137,18.25
cc5644050031481f,androidx/compose/ui/graphics/vector/compat/AndroidVectorResources,25,39,64.1
263a69659dfe24c1,kotlinx/coroutines/intrinsics/UndispatchedKt,25,124,20.16
d13bbfeb3806b0ee,androidx/compose/foundation/layout/SpacerKt,25,33,75.76
3bded2f591156a7b,kotlinx/coroutines/EventLoop,25,55,45.45
0818a4d05f372604,androidx/compose/runtime/RecomposeScopeImpl$end$1$2,25,43,58.14
68378c352c047509,androidx/compose/ui/platform/ShapeContainingUtilKt,25,84,29.76
39993314ec61a4b7,com/google/android/gms/internal/cast/zzmy,25,29,86.21
3c6465ec5f39e16b,androidx/mediarouter/media/MediaRouteDescriptor,25,73,34.25
dcace403a30ac44a,org/koin/core/definition/BeanDefinition,25,84,29.76
376911dd17f83985,androidx/compose/ui/graphics/Float16,25,142,17.61
15611ec905cea94d,androidx/lifecycle/ReportFragment,25,34,73.53
2724e9ece998c025,androidx/compose/ui/text/input/CursorAnchorInfoController,25,34,73.53
14f24936285058ca,androidx/compose/material/ripple/AndroidRippleIndicationInstance,24,64,37.5
13ef6abfa05b66a5,org/jellyfin/mobile/data/JellyfinDatabase_Impl,24,60,40.0
6cb1814a88bf264e,androidx/appcompat/widget/ContentFrameLayout,24,93,25.81
d5b5e8f3087eff4b,com/google/android/gms/internal/cast/zzal,24,68,35.29
7b23e25decd458bd,androidx/compose/ui/input/pointer/PointerEvent,24,65,36.92
18ff2f3d6968ce6e,androidx/compose/material/ripple/StateLayer,24,54,44.44
69c89ae4703f5c75,leakcanary/AndroidLeakFixes$FLUSH_HANDLER_THREADS$apply$flushNewHandlerThread$1,24,31,77.42
61fbe93eb1d49f88,androidx/compose/runtime/snapshots/TransparentObserverMutableSnapshot,24,53,45.28
1951f97c1068c42b,kotlinx/coroutines/BuildersKt__Builders_commonKt,24,46,52.17
fe77ded15ec6261b,androidx/compose/animation/core/CubicBezierEasing,24,43,55.81
a08c72d9757df2d2,androidx/compose/ui/Alignment$Companion,24,47,51.06
960c420b0dbffd36,com/google/android/gms/internal/cast/zztm,24,46,52.17
c889607e35a95267,androidx/compose/material/ripple/PlatformRipple,24,52,46.15
c2ae1ddd42057fee,androidx/compose/foundation/layout/Arrangement,24,117,20.51
bc41de25bc2c4f2c,androidx/compose/ui/text/android/StaticLayoutParams,24,51,47.06
2fb551fbe50338c4,androidx/compose/animation/core/AnimationState,24,43,55.81
a27e36508e668ed5,kotlinx/coroutines/internal/LockFreeTaskQueueCore,24,116,20.69
2fa2927cbebbe353,androidx/compose/animation/core/AnimationSpecKt,24,52,46.15
70b2bb6625474716,androidx/compose/ui/graphics/vector/ImageVector$Builder$GroupParams,24,45,53.33
1648cc286d878d8d,androidx/compose/ui/text/input/TextInputServiceAndroid_androidKt,23,58,39.66
58d31936fd1f648d,org/jellyfin/sdk/model/ServerVersion$Companion,23,31,74.19
8cc8df6755778dff,androidx/compose/ui/platform/DisposableSaveableStateRegistry_androidKt,23,61,37.7
15a98b263e2e9308,androidx/compose/material/ContentAlpha,23,37,62.16
50303d020733f9d1,androidx/compose/ui/graphics/AndroidPath,23,116,19.83
20fcb502a9c86e86,androidx/compose/animation/EnterExitTransitionKt,23,386,5.96
db92e9db638385bc,androidx/mediarouter/media/MediaRouteProvider,23,44,52.27
bf3bd02626d1f49f,androidx/compose/ui/focus/FocusDirection,23,44,52.27
cc1211213550b727,androidx/compose/ui/graphics/SimpleGraphicsLayerModifier,23,85,27.06
76775d5c511638c9,org/jellyfin/sdk/Jellyfin,23,44,52.27
3fa03cb33b165355,androidx/compose/ui/text/font/FontFamilyResolverImpl,23,55,41.82
1550333cd9743aff,androidx/compose/animation/core/Animatable$runAnimation$2,23,26,88.46
0f807fddb33bee4e,androidx/compose/ui/input/pointer/util/PointerIdArray,23,37,62.16
19d80b897c03893c,androidx/compose/foundation/text/TextFieldCursorKt$cursor$1,23,31,74.19
02cc0bef5dd8dd8b,androidx/compose/runtime/SnapshotStateKt__SnapshotFlowKt$snapshotFlow$1,23,62,37.1
7f6dd54eaf397872,androidx/compose/foundation/BorderModifierNode,23,122,18.85
1d886279ea005077,androidx/compose/material/OutlinedTextFieldKt$outlineCutout$1,23,25,92.0
651196c60a9e9019,androidx/compose/foundation/text/UndoManager,23,69,33.33
d623b72dbafc3a56,androidx/compose/ui/graphics/colorspace/Connector,23,32,71.88
cc3da0ecfeffb093,androidx/compose/ui/text/font/FontWeight,23,46,50.0
20f02d0df96842e5,com/google/android/gms/common/GoogleSignatureVerifier,22,89,24.72
620293ac3fe3df2d,androidx/compose/ui/input/pointer/PointerEventKt,22,78,28.21
2c7a71dcf2acd71e,androidx/compose/ui/graphics/drawscope/CanvasDrawScope$DrawParams,22,45,48.89
8d4b9e1f05d52fe2,androidx/compose/ui/node/DepthSortedSetsForDifferentPasses,22,61,36.07
aea476b9803bc026,com/google/android/gms/common/internal/safeparcel/SafeParcelReader,22,394,5.58
38f2d6664332e271,androidx/mediarouter/media/MediaRouteSelector$Builder,22,33,66.67
70a165ff15521713,androidx/compose/ui/text/input/ImeOptions,22,97,22.68
3bef65b026b76c05,androidx/compose/ui/semantics/SemanticsNode,22,216,10.19
fb659e39588f928f,androidx/compose/ui/text/style/TextAlign,22,39,56.41
6a8c95b855ced268,kotlinx/serialization/json/JsonBuilder,22,69,31.88
b1b1d52a2ed1d79c,org/jellyfin/sdk/discovery/LocalServerDiscovery,22,39,56.41
37fb74563dade11e,androidx/compose/foundation/FocusableNode,22,26,84.62
55187d19eb6f3f9f,androidx/compose/foundation/layout/PaddingValuesModifier,22,30,73.33
74f0c89b7522a1e1,androidx/appcompat/view/ContextThemeWrapper,22,51,43.14
d887b40da26fa96e,androidx/compose/ui/text/platform/AndroidParagraphHelper_androidKt,22,40,55.0
7cc27790f4f6ba58,androidx/compose/foundation/text/modifiers/LayoutUtilsKt,22,35,62.86
a4fe8e4667688dda,androidx/compose/runtime/Recomposer$recompositionRunner$2$unregisterApplyObserver$1,22,34,64.71
2a653ada985459d8,kotlinx/coroutines/flow/StateFlowSlot,22,52,42.31
97f22eb63f1d552d,androidx/compose/foundation/text/TextFieldKeyInputKt$textFieldKeyInput$2,22,25,88.0
8396abf06dc4b396,androidx/compose/animation/core/VisibilityThresholdsKt,21,22,95.45
e16823019142f320,androidx/appcompat/app/AppCompatDelegate,21,135,15.56
172f5560d15c8e47,androidx/compose/foundation/layout/SizeElement,21,38,55.26
99d3ca4c276c0950,androidx/profileinstaller/DeviceProfileWriter,21,149,14.09
0880483daada3056,androidx/compose/foundation/gestures/TapGestureDetectorKt$detectTapAndPress$2$1,21,28,75.0
4c19c3c4a0061d4c,androidx/core/content/res/ComplexColorCompat,21,47,44.68
e9012c62583ba782,androidx/mediarouter/media/RegisteredMediaRouteProvider$Connection,21,116,18.1
a195983c3f16db43,androidx/compose/ui/text/ParagraphStyle,21,344,6.1
f5b7aa191378e29d,com/google/android/gms/common/internal/zzs,21,63,33.33
77dadc092ec31e04,androidx/compose/animation/TransitionData,21,62,33.87
2da38ce1751c2411,androidx/compose/ui/geometry/Rect,21,139,15.11
6eee78b2cb987709,androidx/compose/foundation/layout/RowKt,21,69,30.43
19ce51094aac05fe,androidx/compose/foundation/text/TextFieldScrollKt,21,38,55.26
bf8393f8439d9ea7,androidx/compose/ui/unit/fontscaling/FontScaleConverterFactory,21,62,33.87
f0a08cede513879a,androidx/compose/animation/core/VectorizedInfiniteRepeatableSpec,21,34,61.76
6c4733b7a4d90e0e,androidx/compose/animation/core/VectorConvertersKt,20,20,100.0
5f1e9df429a22c5a,androidx/compose/ui/platform/LayerMatrixCache,20,24,83.33
c7d0f439b4fd8ed8,androidx/compose/ui/text/style/TextDirection,20,36,55.56
fa6e72c12f62b59d,androidx/compose/foundation/gestures/ScrollableNode,20,63,31.75
98ad0ed2d49cfa23,kotlinx/coroutines/flow/FlowKt__ChannelsKt,20,38,52.63
110bfcb765ae7f2a,androidx/compose/foundation/interaction/FocusInteractionKt,20,24,83.33
3d9631bbed4af5d1,androidx/compose/runtime/CompositionLocalMapKt,20,26,76.92
f497ddf3b18d5c1c,androidx/core/content/res/TypedArrayUtils,20,71,28.17
62b74639d577797d,androidx/compose/ui/text/input/EditProcessor,20,89,22.47
0f70d90d141908dc,androidx/compose/ui/text/android/LayoutHelper,20,180,11.11
2175a57afbe54c55,androidx/lifecycle/RepeatOnLifecycleKt$repeatOnLifecycle$3$1,20,39,51.28
1842533b83ef247b,androidx/compose/animation/core/AnimationScope,20,28,71.43
f091be1bbf0aacff,androidx/compose/runtime/internal/ComposableLambdaKt,20,26,76.92
81b24cc39a2091d9,androidx/compose/runtime/saveable/SaveableHolder,20,42,47.62
93ab011f45507445,androidx/compose/ui/unit/Constraints$Companion,20,55,36.36
52868d38edb95552,com/google/android/gms/cast/framework/media/CastMediaOptions,20,33,60.61
062a8a616468a458,kotlin/ranges/RangesKt___RangesKt,20,535,3.74
6d9fdfa881fc427d,androidx/compose/material/MaterialTheme,20,26,76.92
9fb33fcfcdbc4af0,androidx/compose/ui/text/TextPainter,20,46,43.48
cfedcdfdd2700f6a,androidx/room/Room,20,41,48.78
6e723d18f7057e04,org/jellyfin/sdk/discovery/LocalServerDiscovery$discover$1,19,32,59.38
7a8ff679868085e1,androidx/compose/foundation/shape/RoundedCornerShape,19,44,43.18
ac23646ec8b729e5,androidx/compose/foundation/BackgroundNode,19,35,54.29
609d7a3a5745e64b,androidx/compose/ui/draw/CacheDrawModifierNodeImpl,19,24,79.17
4cbf933ff15886e1,androidx/compose/animation/core/MutatorMutex,19,26,73.08
7b0e590b94d74742,com/google/android/gms/common/internal/zzp,19,48,39.58
4555acbc67292299,kotlinx/coroutines/internal/ConcurrentLinkedListNode,19,78,24.36
4a5fc5dff879e46b,androidx/appcompat/app/AppCompatViewInflater,19,169,11.24
7cbecc82d7bbcd9b,androidx/savedstate/SavedStateRegistry,19,80,23.75
482b054e11f4fd1b,kotlin/jvm/internal/Intrinsics,19,127,14.96
dfe00144357cfc46,androidx/compose/ui/graphics/SimpleGraphicsLayerModifier$layerBlock$1,19,19,100.0
6baac8186e8ad2da,kotlinx/coroutines/internal/Segment,19,30,63.33
054862dfc48992b9,leakcanary/internal/VisibilityTracker,19,34,55.88
0bfb94bd6fc94243,androidx/compose/animation/SingleValueAnimationKt,19,39,48.72
c83e2bb77f409dc4,com/google/android/datatransport/runtime/dagger/internal/DoubleCheck,19,31,61.29
ee6ce00aee6bb238,androidx/compose/ui/text/input/KeyboardType,19,45,42.22
27ee51a5ff8d803c,org/jellyfin/mobile/MainActivity$onCreate$3$1,19,24,79.17
5c995634cb6a6924,androidx/compose/runtime/CompositionLocalKt,19,54,35.19
f69fd70268e5f94e,kotlinx/coroutines/CompletedContinuation,19,57,33.33
2082b188eaee1d90,com/google/android/gms/dynamite/zzq,19,49,38.78
4075a22a4055f894,org/jellyfin/mobile/setup/ConnectFragment,19,21,90.48
d9429db613dd7b66,androidx/compose/runtime/SnapshotMutableStateImpl,19,43,44.19
4460c4c469d7bca3,androidx/compose/animation/core/AnimatableKt,19,24,79.17
f9fb513f284232ff,androidx/compose/ui/focus/BeyondBoundsLayoutKt,19,68,27.94
feddcab31214edd6,androidx/core/view/ViewCompat,19,775,2.45
2fa550cdece880dc,androidx/compose/runtime/saveable/SaveableStateRegistryImpl,18,58,31.03
3c22d842837b3053,androidx/compose/foundation/text/CoreTextFieldKt$CoreTextField$5$1,18,21,85.71
f17e4443b71e6038,androidx/core/view/inputmethod/EditorInfoCompat,18,128,14.06
7892edfafc4aed81,androidx/compose/foundation/text/TextDelegateKt,18,33,54.55
c1af5134824a09d3,shark/ObjectInspectors$Companion,18,18,100.0
fcddb8fbedcea9c5,androidx/compose/ui/graphics/drawscope/Stroke,18,43,41.86
0cb98cf76ae13b18,androidx/compose/ui/text/AnnotatedStringKt,18,238,7.56
5fe7488338153ca2,androidx/compose/ui/focus/FocusTransactionManager,18,82,21.95
aa6828a0106cb850,kotlinx/coroutines/JobSupportKt,18,23,78.26
380c9d0d8e574f55,com/google/android/gms/tasks/zzr,18,27,66.67
bdf0199154eb82ca,kotlin/jvm/internal/TypeIntrinsics,18,209,8.61
7e0527fd758e50b7,org/koin/core/module/Module,18,125,14.4
350ddf0c4780c552,androidx/compose/ui/graphics/vector/ImageVector,18,44,40.91
aa061bbaaea69ccf,com/google/android/gms/common/stats/ConnectionTracker,18,62,29.03
b676139bdcb966be,kotlinx/coroutines/android/HandlerContext,18,50,36.0
8b6993ea76ffa142,kotlinx/coroutines/internal/ConcurrentLinkedListKt,18,85,21.18
1cb49629d37df4ea,androidx/compose/animation/core/KeyframesSpec,18,27,66.67
fda13b402f76f437,com/google/firebase/encoders/json/JsonDataEncoderBuilder,18,28,64.29
7dd85f5702e158bf,androidx/compose/ui/text/android/LayoutIntrinsics,18,21,85.71
67cda4de10848657,androidx/compose/runtime/PausableMonotonicFrameClock,18,28,64.29
6dc8faf06e5f2313,androidx/compose/foundation/text/TextFieldCursorKt$cursor$1$2,18,23,78.26
39bd6417040b9e05,androidx/compose/ui/platform/ComposeView,18,28,64.29
77eff01aa6f0ef3f,androidx/sqlite/util/ProcessLock,18,29,62.07
6c7d1385d1f92e56,androidx/compose/ui/focus/FocusInvalidationManager,18,18,100.0
4f91e028505f9b21,androidx/compose/runtime/SnapshotMutableLongStateImpl,18,31,58.06
533c7548b42c9cae,com/google/android/gms/cast/LaunchOptions,18,36,50.0
6703acb23a269004,androidx/compose/ui/platform/AndroidUiFrameClock,18,29,62.07
21d032472ea26973,com/google/android/datatransport/runtime/DaggerTransportRuntimeComponent,18,19,94.74
a791fae9f260e0d7,androidx/compose/ui/node/Snake,18,36,50.0
2aeb3d439a0e3ed2,androidx/compose/ui/text/android/StaticLayoutFactory23,18,30,60.0
092024dfb190b914,androidx/compose/ui/graphics/painter/Painter,18,64,28.12
1c04a4f4dd90013d,androidx/arch/core/internal/SafeIterableMap$IteratorWithAdditions,18,20,90.0
cbc56f759f22861c,androidx/compose/runtime/Recomposer$recompositionRunner$2,18,44,40.91
2ef832bb963f9551,org/jellyfin/mobile/app/ApiClientController,18,79,22.78
f4773f80ce7d2b41,androidx/fragment/app/FragmentActivity$HostCallbacks,18,44,40.91
bf60d143bee38de5,androidx/core/splashscreen/SplashScreen$Impl,18,73,24.66
93dbb55ae0341ef0,org/jellyfin/mobile/data/JellyfinDatabase_Impl$1,18,61,29.51
04b1c7ac67e198a2,com/google/android/gms/common/internal/GmsClient,18,39,46.15
234c0d774cfe1096,org/jellyfin/mobile/MainViewModel,18,41,43.9
3e3080f1a27aa3f9,androidx/sqlite/db/framework/FrameworkSQLiteDatabase,18,126,14.29
5c4a4bac414d0335,kotlinx/coroutines/flow/SharedFlowKt,18,42,42.86
fcbf51cae8982f3c,curtains/internal/WindowSpy,18,23,78.26
4aee50d7c57a2e65,androidx/compose/foundation/FocusedBoundsNode,17,24,70.83
2c06345d9c9a52bc,androidx/compose/runtime/changelist/Operation$InsertSlotsWithFixups,17,35,48.57
276c10e0876fb5d4,androidx/compose/runtime/external/kotlinx/collections/immutable/implementations/immutableList/SmallPersistentVector,17,83,20.48
a16d2aaebf315cc8,androidx/fragment/app/FragmentManagerViewModel,17,163,10.43
bf81f0015da35448,androidx/compose/material/TextFieldDefaultsKt,17,23,73.91
13d9caf113cb9a33,androidx/lifecycle/ReportFragment$Companion,17,23,73.91
57089de7c620bce5,androidx/compose/ui/input/pointer/SuspendingPointerInputModifierNodeImpl$PointerEventHandlerCoroutine,17,83,20.48
5308c8b116732e66,androidx/compose/foundation/IndicationKt$indication$2,17,23,73.91
ed0b4ae160e92e29,org/koin/core/registry/ScopeRegistry,17,54,31.48
24829c0ebb649546,androidx/fragment/app/SpecialEffectsController$FragmentStateManagerOperation,17,39,43.59
d4b74e346f5ea673,androidx/compose/runtime/snapshots/SnapshotStateObserver$sendNotifications$1,17,22,77.27
e4e000c0dc8f2d15,curtains/internal/WindowManagerSpy,17,35,48.57
116c9c1f4f5cced2,androidx/compose/ui/focus/FocusPropertiesImpl,17,34,50.0
a3023ce61c0fb4ed,leakcanary/internal/HeapDumpControl,17,49,34.69
5b864ba2b1a9f5df,androidx/tracing/Trace,17,71,23.94
36954b379f174a37,kotlinx/coroutines/channels/ChannelKt,17,44,38.64
45a8798962dc2a53,kotlinx/coroutines/JobKt__JobKt,17,101,16.83
11780240a6892edf,com/google/android/gms/common/internal/zzn,17,55,30.91
1306cd0c112f11fe,androidx/compose/ui/text/TextStyleKt,17,25,68.0
acd66831b6d39d7d,shark/AndroidObjectInspectors$Companion,17,18,94.44
36a185a21f5184d3,com/google/android/datatransport/runtime/scheduling/persistence/AutoValue_EventStoreConfig$Builder,17,29,58.62
3c1e99938718a68d,androidx/compose/foundation/gestures/ForEachGestureKt,17,70,24.29
af36f7e7c395860b,com/google/android/datatransport/cct/CCTDestination,17,37,45.95
e01383162a0d142b,androidx/lifecycle/ViewModelProvider,17,27,62.96
9bee696c920f5216,com/google/android/gms/internal/cast/zzsz,17,83,20.48
fdd948658c87f5d0,kotlinx/coroutines/flow/internal/SafeCollector,17,45,37.78
ffe53214f383a586,androidx/compose/foundation/relocation/BringIntoViewRequesterImpl,17,21,80.95
fe18d2fc96ea8953,kotlinx/coroutines/AbstractCoroutine,17,24,70.83
d31e646e4f8b43bc,androidx/compose/ui/graphics/vector/VectorPath,17,96,17.71
656caf44b9235b2d,kotlinx/coroutines/internal/FastServiceLoader,17,127,13.39
0631e189932cc582,androidx/compose/ui/platform/Wrapper_androidKt,17,29,58.62
8a090ba52cfec61a,io/ktor/client/features/HttpCallValidator$Companion,17,17,100.0
5e82d7e5062ac81d,androidx/compose/ui/text/platform/AndroidParagraphIntrinsics_androidKt,17,36,47.22
b7a8c5d06abb2c9a,androidx/compose/foundation/layout/PaddingElement,17,72,23.61
24818a1dac592dc9,androidx/compose/runtime/SnapshotStateKt__SnapshotStateKt,17,34,50.0
48df57fa08db9a1e,androidx/mediarouter/media/MediaRouteProviderDescriptor,17,39,43.59
431c6206be2b76d8,androidx/compose/foundation/text/KeyboardOptions,17,89,19.1
a0847feeeb38aab0,androidx/compose/ui/layout/LayoutKt$materializerOf$1,17,21,80.95
63a759bb71aeb03b,androidx/compose/ui/node/LayoutNodeLayoutDelegate$MeasurePassDelegate$placeOuterCoordinatorBlock$1,17,18,94.44
c66b0f39391f22cd,kotlin/coroutines/jvm/internal/ContinuationImpl,17,18,94.44
a41381fc844f6663,androidx/compose/ui/unit/Dp,17,45,37.78
b1e57f1790b844e7,androidx/compose/ui/graphics/Shadow,17,41,41.46
15a17c572258619b,androidx/compose/animation/core/SpringEstimationKt,17,148,11.49
6283b09a9215892c,androidx/compose/foundation/BorderModifierNode$drawWithCacheModifierNode$1,16,30,53.33
202871306c6c2a12,androidx/compose/ui/platform/CalculateMatrixToWindowApi21,16,20,80.0
054b184cf91db4c7,androidx/compose/runtime/snapshots/GlobalSnapshot,16,24,66.67
9b481a3534664aaf,androidx/compose/ui/text/input/ImeAction,16,42,38.1
1bf96b7fe1e810fd,androidx/compose/ui/text/TextRange,16,47,34.04
901b2502239b91ef,com/google/android/gms/internal/cast/zzup,16,43,37.21
305e1176f493c2e1,androidx/compose/material/Strings,16,30,53.33
92930c7d95e52268,kotlinx/coroutines/CompletionStateKt,16,26,61.54
c206357504778a29,androidx/fragment/app/FragmentTransaction,16,116,13.79
bb6780133ec00823,androidx/compose/material/MaterialRippleTheme,16,22,72.73
75a02d3a0229f528,androidx/compose/ui/text/font/TypefaceRequestCache,16,51,31.37
791e36d392a8d3ca,com/google/android/gms/cast/framework/zzah,16,30,53.33
4ab74d80ffd19862,androidx/compose/material/ripple/Ripple,16,31,51.61
08938739e738bd22,androidx/compose/runtime/Latch,16,43,37.21
1e6e02eb6a14a096,com/google/android/gms/internal/cast/zza,16,26,61.54
064c2ce37a61e331,androidx/compose/ui/text/TextLayoutInput,16,90,17.78
de13910de3a27741,kotlinx/coroutines/flow/FlowKt__ContextKt,16,44,36.36
7049d2b0741cc119,io/ktor/client/engine/okhttp/OkHttpEngine,16,112,14.29
f8d8930d1c274110,androidx/compose/foundation/layout/FillNode,16,25,64.0
15ce2021a55cf69f,androidx/compose/ui/input/pointer/PointerEventType,16,38,42.11
988dacce74dd32e1,androidx/compose/ui/geometry/MutableRect,16,47,34.04
acfdd3842140f511,com/google/android/gms/common/internal/zzad,16,24,66.67
e5ee54d7966becc1,kotlinx/coroutines/channels/ChannelSegment,16,55,29.09
811fbee419acc8a4,com/google/android/gms/common/zzj,16,26,61.54
a26ecb1657170894,com/google/android/datatransport/runtime/AutoValue_EventInternal$Builder,16,36,44.44
c26ef73b04d164d7,androidx/compose/ui/platform/AndroidComposeView$Companion,16,21,76.19
9e03e203aca95a24,androidx/compose/runtime/internal/PersistentCompositionLocalHashMap,16,32,50.0
15ebdf8d7e26a77e,androidx/sqlite/db/framework/FrameworkSQLiteOpenHelper$lazyDelegate$1,16,29,55.17
6f2ae801aaa748a6,androidx/compose/ui/text/input/TextInputSession,15,34,44.12
d256df06729b0f0a,org/koin/core/logger/Logger,15,28,53.57
4bf564e254e35831,androidx/collection/internal/ContainerHelpersKt,15,18,83.33
93985a30e5adb90e,leakcanary/internal/activity/screen/LeaksScreen,15,15,100.0
0da35f9494851e2c,androidx/compose/foundation/text/CoreTextFieldKt$CoreTextField$onPositionedModifier$1,15,34,44.12
bb8c37a7c52c3ade,androidx/compose/ui/graphics/drawscope/CanvasDrawScopeKt$asDrawTransform$1,15,26,57.69
210f6a655e0fea44,com/google/android/gms/cast/internal/Logger,15,34,44.12
e5c0527bacd9e53b,kotlinx/coroutines/flow/internal/ChannelFlow,15,56,26.79
d9d504a05b788cfa,com/google/android/gms/common/internal/GmsClientSupervisor,15,66,22.73
f612e89cd67dd150,androidx/compose/ui/CombinedModifier,15,24,62.5
bee54c94311c1fdd,androidx/lifecycle/viewmodel/internal/ViewModelImpl,15,61,24.59
7d5be09ad1f9c4a3,org/jellyfin/mobile/JellyfinApplication,15,17,88.24
523787bd98ffe45b,com/google/android/gms/internal/cast/zzwn,15,82,18.29
5067d9bdfd1d0ff1,androidx/compose/ui/graphics/colorspace/Illuminant,15,21,71.43
94880788967e7e05,androidx/lifecycle/SavedStateHandleSupport,15,45,33.33
6a258ff436f35024,kotlin/coroutines/jvm/internal/BaseContinuationImpl,15,27,55.56
1b27a06a35b303b0,androidx/collection/SparseArrayCompat,15,202,7.43
097566eaf8452a8f,androidx/compose/animation/core/AnimationStateKt,15,69,21.74
8a7d3d8a535d8722,androidx/room/RoomSQLiteQuery,15,51,29.41
f71ac87765cfcdfc,androidx/compose/runtime/IntStack,15,24,62.5
d00ce902dd11bdd1,leakcanary/internal/navigation/ViewsKt,15,41,36.59
1e4c250746f0584e,androidx/compose/ui/text/style/TextIndent,15,28,53.57
071464b1e44c778f,androidx/compose/runtime/Stack,15,16,93.75
9bce19d8783ea3b6,kotlinx/coroutines/JobImpl,15,21,71.43
abd187a5286a2eb3,androidx/compose/ui/node/LookaheadCapablePlaceable,15,34,44.12
662c9a3db76e5349,androidx/compose/ui/text/font/FontStyle,15,25,60.0
b57b860b0c4a8c69,androidx/collection/ObjectIntMap,15,466,3.22
8d2a19d5a6bb8921,androidx/lifecycle/Lifecycle$Event$Companion,15,26,57.69
aa82fd9388cdd7a1,androidx/compose/ui/modifier/SingleLocalMap,15,21,71.43
b5ddc54ce2316c7f,androidx/compose/ui/input/InputMode,15,24,62.5
1d4cc5ce2fb7d6a3,io/ktor/client/features/HttpPlainText$Feature,15,15,100.0
c65ddb56e712944a,androidx/compose/foundation/BackgroundElement,15,38,39.47
271e90ecb8c4ae31,androidx/compose/runtime/Pending,15,115,13.04
97c692d02ad3ef89,androidx/compose/ui/text/android/CharSequenceCharacterIterator,15,31,48.39
d8248e59517b6321,com/google/android/gms/dynamic/ObjectWrapper,15,24,62.5
f1dca6e226513196,com/google/android/gms/common/internal/zzah,15,23,65.22
67fbd5cf7045e7f7,com/google/android/gms/common/internal/zal,15,26,57.69
678e26ce21aa4f3f,androidx/profileinstaller/ProfileInstallerInitializer,15,19,78.95
3ce1dc9e1e355931,androidx/compose/foundation/layout/PaddingValuesImpl,14,45,31.11
63316b066cf18db8,androidx/compose/ui/text/font/PlatformTypefacesApi,14,56,25.0
31cead599b9b16a4,androidx/compose/foundation/text/HorizontalScrollLayoutModifier$measure$1,14,16,87.5
748c34cec25f3885,androidx/compose/ui/platform/WrappedComposition$setContent$1$1,14,26,53.85
35cdd5e4e817d773,androidx/compose/foundation/relocation/BringIntoViewResponderNode,14,20,70.0
be7436ea89f4f0fc,com/google/android/datatransport/cct/internal/AutoBatchedLogRequestEncoder$AndroidClientInfoEncoder,14,27,51.85
47bd872d63142168,kotlinx/coroutines/flow/FlowKt,14,163,8.59
6daff926af8cbf5f,androidx/compose/ui/text/input/EditingBuffer,14,115,12.17
1e93642917f570ab,androidx/compose/ui/text/font/FontListFontFamilyTypefaceAdapter,14,76,18.42
0c1249459285a08e,kotlin/text/StringsKt__StringsJVMKt,14,333,4.2
9bbf8d33236d1b7a,androidx/compose/ui/node/DepthSortedSet,14,53,26.42
07d0446fa265de1d,kotlin/collections/CollectionsKt__CollectionsKt,14,143,9.79
090b60d80feb5a3b,curtains/internal/RootViewsSpy$delegatingViewList$1,14,32,43.75
e38406c89d198108,androidx/compose/ui/input/key/Key$Companion,14,289,4.84
ad68507fcad2fcdb,com/google/android/gms/common/internal/zzb,14,67,20.9
381400104537e51e,com/google/android/datatransport/cct/internal/AutoBatchedLogRequestEncoder,14,14,100.0
081a303e7a0318d7,androidx/fragment/app/DefaultSpecialEffectsController$TransitionInfo,14,53,26.42
d35ec0b387ae1714,shark/AndroidReferenceMatchers$REFERENCES,14,14,100.0
fbabd557ebbb8a91,org/koin/androidx/viewmodel/GetViewModelKt,14,42,33.33
3707ffcd01c3affc,androidx/savedstate/SavedStateRegistryController,14,25,56.0
3dd614e396d07404,androidx/fragment/app/SpecialEffectsController$Operation$State,14,53,26.42
673c614bf3fecc45,com/google/android/gms/common/zzc,14,16,87.5
0b13ededd5ff8887,androidx/compose/ui/geometry/RoundRect,14,170,8.24
05585d95feafadcb,androidx/compose/ui/input/pointer/PointerInputEventData,14,77,18.18
c97634b9dec3f47f,androidx/sqlite/db/framework/FrameworkSQLiteOpenHelper,14,30,46.67
bff987dc0e8ad162,androidx/compose/ui/text/style/Hyphens,14,27,51.85
d2e2015716dbedae,androidx/compose/foundation/text/TextFieldSize,14,28,50.0
3d53da2794009fd3,org/jellyfin/mobile/ui/screens/connect/ServerSelectionKt$ServerSelection$2,14,25,56.0
ff766b3eece514ef,androidx/compose/animation/core/AnimationVectorsKt,14,14,100.0
2c53679f43de204a,kotlinx/coroutines/internal/SystemPropsKt__SystemProps_commonKt,14,27,51.85
23522a01c490d984,com/google/android/gms/common/internal/zzc,14,26,53.85
1b89010753bb01ef,kotlin/collections/AbstractList$Companion,14,45,31.11
9a6acc59e918d222,androidx/compose/ui/text/style/LineHeightStyle$Alignment,14,48,29.17
7cb380fbcc9d8c76,androidx/compose/ui/platform/WindowRecomposer_androidKt$createLifecycleAwareWindowRecomposer$2$onStateChanged$1,14,25,56.0
a1bedcb62fcf9907,androidx/compose/runtime/snapshots/SnapshotIdSetKt,14,20,70.0
a47f8558274c65f1,kotlinx/coroutines/scheduling/WorkQueue,14,134,10.45
c9868a7df58f0077,com/google/android/gms/internal/cast/zzay,14,131,10.69
d2bccc68126aff9f,androidx/compose/ui/text/style/LineBreak$Strictness,14,33,42.42
74a59e5be6e9d65c,androidx/lifecycle/viewmodel/ViewModelProviderImpl,14,20,70.0
9ede7358901d360f,com/google/android/gms/internal/cast/zztd,14,287,4.88
11f7ca98b88e3d62,org/jellyfin/mobile/data/dao/ServerDao_Impl,14,67,20.9
d3217b4d00b84674,androidx/compose/ui/node/OwnerSnapshotObserver,14,37,37.84
cede8777877d106a,androidx/compose/ui/unit/TextUnitType,14,27,51.85
216d9229b9b12d22,androidx/compose/ui/platform/GlobalSnapshotManager$ensureStarted$1,14,21,66.67
d82df36cab94e96e,androidx/compose/material/TypographyKt,14,16,87.5
c6b34b30fd6c05b3,androidx/compose/ui/unit/DpSize,14,87,16.09
ff3d993b78a98a40,androidx/compose/runtime/CompositionKt,13,42,30.95
920cd2343f332bde,androidx/compose/animation/core/AnimationVector1D,13,22,59.09
acdba213c73b0d4f,androidx/lifecycle/LiveData,13,98,13.27
88c6c9c0f64b6f63,androidx/compose/foundation/layout/BoxMeasurePolicy,13,63,20.63
0bae607502ee5ffe,androidx/core/view/KeyEventDispatcher,13,74,17.57
828132b853b8d616,androidx/compose/ui/unit/IntOffset,13,44,29.55
6c41bb41e2dbe049,androidx/compose/ui/semantics/SemanticsOwner,13,50,26.0
04e18f25d70b578a,androidx/compose/ui/platform/WrappedComposition,13,29,44.83
d456264a30d8a2e9,androidx/compose/animation/core/FloatSpringSpec,13,25,52.0
af74297c77842684,org/koin/core/instance/InstanceFactory,13,32,40.62
898ba9f0826bd58e,kotlinx/coroutines/internal/LockFreeTaskQueue,13,34,38.24
e0d5a73aab270a71,androidx/lifecycle/Lifecycle$Event,13,20,65.0
a9b13eb4544a9abd,kotlinx/coroutines/scheduling/LimitingDispatcher,13,32,40.62
c270b3b7d14f553a,leakcanary/internal/InternalLeakCanary$registerResumedActivityListener$1,13,16,81.25
e74399c14b62adea,com/google/android/gms/cast/zzax,13,13,100.0
84e5050816bf643a,androidx/compose/runtime/external/kotlinx/collections/immutable/implementations/immutableMap/PersistentHashMap,13,47,27.66
3f6db8277c2d0373,io/ktor/client/features/HttpSend,13,22,59.09
e177176a32f062c4,com/google/android/gms/common/internal/ClientSettings,13,39,33.33
06aa2a1b549e3fe6,androidx/compose/ui/text/font/FontSynthesis,13,40,32.5
76bc56e24fc59aec,androidx/emoji2/text/EmojiCompatInitializer,13,14,92.86
339cc3b865bed1b5,androidx/compose/animation/core/AnimateAsStateKt$animateValueAsState$3,13,18,72.22
743043c226d2e23e,leakcanary/FragmentAndViewModelWatcher$lifecycleCallbacks$1,13,15,86.67
8bb8ac5ad8fb0a6f,androidx/compose/ui/platform/AndroidUiDispatcher$dispatchCallback$1,13,14,92.86
6de5ffc626754ec8,kotlinx/coroutines/internal/MainDispatcherLoader,13,31,41.94
d333561257254e78,androidx/compose/ui/input/pointer/InternalPointerEvent,13,18,72.22
1b0d6aa0c14fb79a,androidx/compose/material/TextFieldImplKt$CommonDecorationBox$3$decoratedLabel$1$1,13,17,76.47
96d59721647130ad,androidx/compose/foundation/relocation/BringIntoViewRequesterNode,13,17,76.47
74fe5d98a040a7c3,kotlin/sequences/FilteringSequence$iterator$1,13,26,50.0
c6daec9591d8f1bf,androidx/emoji2/text/DefaultEmojiCompatConfig$DefaultEmojiCompatConfigFactory,13,40,32.5
37ab57343c7e675e,androidx/compose/ui/graphics/colorspace/ColorModel,13,32,40.62
6f8b3b39fe80cf8a,androidx/compose/ui/text/platform/DefaultImpl,13,20,65.0
515f2ff385a63c62,kotlinx/coroutines/CoroutineStart,13,19,68.42
a557490b6915d0b8,androidx/fragment/app/FragmentController,13,52,25.0
7515a0e33e27f405,androidx/fragment/app/FragmentViewLifecycleOwner,13,45,28.89
7dc8204c4c3b242b,androidx/compose/runtime/changelist/Operation$InsertNodeFixup,13,32,40.62
2cbfe91fce77e2d3,androidx/compose/animation/core/FloatTweenSpec,13,27,48.15
2b879e15be0afa6e,org/koin/android/ext/koin/KoinExtKt$androidContext$1,13,15,86.67
26d4b3d1a584c0ba,com/google/android/datatransport/runtime/TransportContext,13,17,76.47
3c489cf090945d2c,androidx/compose/foundation/FocusableInteractionNode,13,29,44.83
ef2e1a2bf39b38e1,androidx/compose/foundation/FocusableKt,13,23,56.52
a15d7758e2a275a2,kotlin/text/StringsKt__StringNumberConversionsKt,13,67,19.4
955d8e9c32e3c921,androidx/compose/foundation/text/modifiers/TextStringSimpleElement,13,44,29.55
45988506decd50c1,androidx/compose/animation/EnterTransition,13,41,31.71
b639dfda5d7ac543,org/koin/core/instance/SingleInstanceFactory,13,19,68.42
99f6aeda6ffb57ac,androidx/compose/foundation/text/HorizontalScrollLayoutModifier,13,35,37.14
2c0db242fb6ef5a2,androidx/compose/ui/text/style/BaselineShift,13,23,56.52
90223f0d0f167da5,androidx/compose/foundation/gestures/ScrollableStateKt,13,16,81.25
ebe4ef2f8bc868ea,kotlin/collections/ArraysKt___ArraysKt,13,10738,0.12
15e0b694d8aaea11,androidx/compose/ui/text/style/LineBreak$Strategy,12,30,40.0
78a204235d33e2df,androidx/room/RoomOpenHelper$Companion,12,40,30.0
c5812bd32218c7ee,androidx/compose/ui/text/input/RecordingInputConnection,12,150,8.0
748a627a05120123,androidx/lifecycle/Lifecycle$State,12,13,92.31
df38f0a20eb558c3,androidx/compose/ui/graphics/vector/VectorKt,12,41,29.27
9523fbdaf3361a66,kotlinx/coroutines/flow/AbstractFlow,12,18,66.67
a92d1e296a30fd63,androidx/compose/material/DefaultButtonColors,12,32,37.5
f7b2aeb6e298105b,androidx/compose/ui/node/Owner,12,27,44.44
009482ae4d7d700a,kotlin/sequences/GeneratorSequence$iterator$1,12,24,50.0
e4a22e7a65696564,androidx/compose/ui/layout/MeasurePolicy,12,56,21.43
eb89d7a2cbee136a,org/koin/androidx/fragment/koin/KoinApplicationExtKt$fragmentFactoryModule$1,12,14,85.71
d528c732c99adc3e,androidx/compose/runtime/snapshots/SnapshotStateList$StateListStateRecord,12,13,92.31
9f010f546030dd0a,androidx/compose/material/TextFieldImplKt$CommonDecorationBox$3$1$1,12,14,85.71
f5b4cf70d27d2773,com/google/android/datatransport/runtime/TransportImpl,12,12,100.0
b00399f76face240,androidx/compose/ui/graphics/ImageBitmapConfig,12,34,35.29
4ebfbb213d0f0301,androidx/compose/ui/text/PlatformParagraphStyle,12,39,30.77
8a5658c377a899f5,androidx/appcompat/app/AppCompatDelegateImpl$AppCompatWindowCallback,12,81,14.81
38d6a5e75cabef0c,androidx/compose/ui/text/style/LineBreak_androidKt,12,12,100.0
d0a4471ce9bd0597,androidx/room/RoomDatabase$JournalMode,12,21,57.14
7aa5c187511985ec,androidx/compose/ui/graphics/vector/VectorComponent$drawVectorBlock$1,12,12,100.0
be59af9411a9d641,androidx/compose/ui/focus/FocusStateImpl,12,20,60.0
32e5d88d89a929a9,com/google/android/gms/common/Feature,12,31,38.71
a663f3b28dd451dc,androidx/compose/ui/graphics/colorspace/ColorSpace,12,38,31.58
c049e6806071b631,androidx/collection/LongSet,12,416,2.88
ce9c23fe130d558c,org/jellyfin/sdk/discovery/DiscoveryService,12,31,38.71
6a880de4d0ae8a6f,androidx/compose/foundation/gestures/ForEachGestureKt$awaitEachGesture$2,12,29,41.38
292c716f73478b17,com/google/android/datatransport/runtime/AutoValue_SendRequest$Builder,12,34,35.29
67eec5a8bf4324f8,androidx/compose/material/TextFieldTransitionScope$Transition$placeholderOpacity$2,12,19,63.16
827635a09a6b5162,org/jellyfin/mobile/setup/ConnectFragment$special$$inlined$activityViewModel$default$2,12,17,70.59
3af873199ab2bc8b,androidx/compose/ui/text/style/LineHeightStyle$Trim,12,35,34.29
d2c0f17c004261eb,androidx/compose/ui/text/intl/AndroidLocaleDelegateAPI24,12,16,75.0
ae8e63422793e77d,com/google/android/gms/internal/cast/zzub,12,13,92.31
378a139aa03bcc52,androidx/compose/ui/text/input/KeyboardCapitalization,12,30,40.0
2b14140757709fc0,androidx/compose/runtime/external/kotlinx/collections/immutable/implementations/immutableMap/TrieNodeKt,12,27,44.44
bed75a3180ca05fc,androidx/compose/foundation/layout/RowColumnMeasurePolicy,12,63,19.05
40d5cc78e7a56c31,com/google/android/gms/internal/cast/zzne,12,14,85.71
251361654d94439d,androidx/compose/ui/geometry/OffsetKt,12,34,35.29
e9b485e50e5c8ca8,androidx/compose/ui/geometry/RectKt,12,24,50.0
6ae13d0cead9e653,kotlin/coroutines/CoroutineContext$Element$DefaultImpls,12,12,100.0
0e3b50abb320d752,org/koin/core/KoinApplication,12,37,32.43
8296788d5ecfa16b,androidx/fragment/app/FragmentFactory,12,29,41.38
b42a46c601c228c4,androidx/compose/ui/graphics/AndroidMatrixConversions_androidKt,12,29,41.38
53078ceccdc57034,org/jellyfin/mobile/JacocoInstrument/JacocoInstrumentation,12,53,22.64
d85e7c7a6504e33b,org/koin/compose/KoinApplicationKt,12,118,10.17
6b19556c5f183dc2,androidx/compose/runtime/SnapshotStateKt__SnapshotFlowKt$snapshotFlow$1$unregisterApplyObserver$1,12,20,60.0
d1481a4bb7c33c77,androidx/compose/runtime/snapshots/StateObjectImpl,12,13,92.31
cef85c90f82fdfdf,androidx/compose/ui/graphics/SolidColor,12,18,66.67
46c6c4dfda6a6786,androidx/compose/foundation/ClickableKt,12,92,13.04
c66ac07e382cf590,kotlinx/coroutines/DebugKt,12,33,36.36
3c32476ee68ca813,com/google/android/gms/internal/cast/zztq,12,79,15.19
e2a5e987b1cfa55f,androidx/compose/ui/graphics/colorspace/RenderIntent,12,30,40.0
528b88fa462d75f6,androidx/compose/ui/text/font/FontFamilyResolverImpl$resolve$result$1,11,14,78.57
8d8e79db99707e89,androidx/compose/ui/text/input/InputMethodManagerImpl,11,14,78.57
7e9aa68b5d55ea7a,androidx/appcompat/widget/AppCompatDrawableManager,11,21,52.38
736d63ad65d439dd,curtains/internal/WindowCallbackWrapper$Companion,11,30,36.67
316337b161e4dac1,androidx/compose/ui/draw/ShadowKt,11,42,26.19
6a58750a759f68f7,androidx/compose/foundation/relocation/BringIntoViewChildNode,11,13,84.62
ae20722e286e6d2b,androidx/sqlite/util/ProcessLock$Companion,11,13,84.62
70cd1a4444f1835a,androidx/compose/ui/platform/WrappedComposition$setContent$1,11,13,84.62
0a5937768838bbbd,androidx/lifecycle/WithLifecycleStateKt$suspendWithStateAtLeastUnchecked$2$observer$1,11,15,73.33
e33fbd344cc74da5,androidx/compose/foundation/text/CoreTextFieldKt$CoreTextField$focusModifier$1,11,19,57.89
57bac1938f8c5a9e,androidx/compose/foundation/BorderModifierNodeElement,11,37,29.73
0b37082d2bdbbde7,androidx/compose/animation/core/TweenSpec,11,27,40.74
399efcc77e627c60,leakcanary/internal/AndroidXFragmentDestroyWatcher,11,11,100.0
37a911aeb01bed4c,kotlinx/coroutines/flow/FlowKt__ShareKt,11,40,27.5
770dad53be84c848,androidx/compose/foundation/text/KeyboardActions,11,58,18.97
150b7497654b3e2a,androidx/compose/foundation/Clickable_androidKt,11,23,47.83
43aa6603e5bc4fbf,androidx/compose/foundation/layout/PaddingNode,11,31,35.48
5a5dfd29f8162542,androidx/compose/foundation/AbstractClickableNode,11,51,21.57
559df7e2b08efd79,kotlinx/coroutines/flow/internal/ChannelFlowOperator,11,24,45.83
28dfd47cdbe756d8,androidx/core/view/SoftwareKeyboardControllerCompat$Impl20,11,24,45.83
c57217ea6db28b82,androidx/compose/runtime/changelist/Operation$PostInsertNodeFixup,11,25,44.0
682546973b3f4957,androidx/compose/foundation/layout/WrapContentElement$Companion,11,11,100.0
fa5ffc8d005a57d2,kotlin/coroutines/intrinsics/IntrinsicsKt__IntrinsicsJvmKt,11,57,19.3
87088a72a801fe27,androidx/compose/ui/text/style/TextOverflow,11,27,40.74
656ddca1d2e33c2a,androidx/emoji2/text/EmojiCompatInitializer$BackgroundDefaultLoader,11,13,84.62
b33a9322632dcd79,androidx/compose/material/MinimumInteractiveModifierNode,11,16,68.75
c73b8a618e85e88a,kotlinx/coroutines/channels/ProduceKt,11,64,17.19
2c522bdcb022240c,com/google/android/gms/cast/internal/zzn,11,11,100.0
623ebc18ababe7d1,kotlinx/coroutines/flow/internal/ChannelFlowTransformLatest$flowCollect$3$1$2,11,12,91.67
cde5e04c7443a0db,androidx/compose/ui/graphics/MatrixKt,11,13,84.62
67fe1cabed14d998,kotlin/SynchronizedLazyImpl,11,20,55.0
17b22c090f53b1f2,androidx/mediarouter/media/RegisteredMediaRouteProvider$ReceiveHandler,11,42,26.19
468f0f7d2fc7fc90,com/google/android/gms/internal/cast/zztc,11,36,30.56
3e948fa4678eaaa9,androidx/lifecycle/SavedStateHandlesProvider,11,44,25.0
c060f113b3fd72ae,androidx/compose/material/TextFieldImplKt$Decoration$colorAndEmphasis$1$1,11,19,57.89
d9c4e3d99d2bb376,androidx/compose/ui/input/pointer/SuspendPointerInputElement,11,41,26.83
e815383452a22197,androidx/compose/ui/text/EmojiSupportMatch,11,23,47.83
b63ec282c60d026a,androidx/compose/runtime/saveable/ListSaverKt$listSaver$1,11,16,68.75
841fbf76b0c7e412,com/google/android/datatransport/runtime/scheduling/DefaultScheduler,11,19,57.89
a39302b1c3147c12,kotlinx/coroutines/channels/ChannelCoroutine,11,37,29.73
09333f4c4704bb69,androidx/compose/animation/core/AnimateAsStateKt$animateValueAsState$3$1,11,16,68.75
6ff397276c614741,androidx/compose/ui/node/LayerPositionalProperties,11,41,26.83
8026361bbc6c3177,androidx/appcompat/widget/ViewStubCompat,11,44,25.0
3f10725e3e7827f3,androidx/compose/ui/focus/FocusOwnerImpl$WhenMappings,11,19,57.89
01c3dbadbbe94ad6,androidx/arch/core/executor/ArchTaskExecutor,11,21,52.38
4b349a166b93b115,androidx/compose/ui/input/pointer/PointerType,11,31,35.48
fd2c86b062b2361f,org/koin/core/context/GlobalContext,11,44,25.0
5c785f4128877f33,androidx/compose/ui/text/ParagraphKt,11,56,19.64
3f4b5c6b5547b113,androidx/compose/foundation/layout/UnspecifiedConstraintsNode,11,44,25.0
dba22f930cf097ce,androidx/compose/ui/text/android/TextAlignmentAdapter,11,16,68.75
3ff444f7eee9fafd,kotlinx/coroutines/CoroutineContextKt,11,68,16.18
b3918050ad2bd97e,androidx/compose/ui/graphics/AndroidPaint_androidKt$WhenMappings,11,18,61.11
a7234c6787b94fc2,androidx/compose/ui/graphics/Float16$Companion,11,30,36.67
b199958c2bbb8f9a,androidx/compose/ui/node/LayoutNodeDrawScopeKt,11,14,78.57
36f0639bd56db54a,androidx/compose/ui/platform/WindowRecomposer_androidKt$getAnimationScaleFlowFor$1$1$1,11,26,42.31
449692c8f70a86dd,androidx/compose/ui/focus/FocusTransactionsKt$WhenMappings,11,19,57.89
f9b484a4445f0495,androidx/compose/ui/node/IntrinsicsPolicy,11,35,31.43
bbabd256f5002d09,androidx/compose/ui/unit/IntSize,11,29,37.93
60a438141a9b6daa,com/google/android/gms/cast/zzw,11,34,32.35
8e44edfdfa223d16,leakcanary/internal/activity/db/Db$execute$1,11,14,78.57
09832a326ed96292,kotlinx/coroutines/flow/FlowKt__MergeKt$mapLatest$1,11,15,73.33
4252c648327d5e07,com/google/android/gms/internal/cast/zzag,11,51,21.57
5ed2268b5faf4477,androidx/compose/ui/unit/TextUnitKt,11,71,15.49
55f02e1f2fb29957,androidx/compose/foundation/text/ValidatingOffsetMappingKt,11,11,100.0
d4b21234d2d7bcd1,kotlin/coroutines/CoroutineContext$plus$1,11,12,91.67
88765b77d6e1aabb,androidx/compose/foundation/text/modifiers/InlineDensity,11,27,40.74
2eb7aa57dcabd301,com/google/android/gms/internal/cast/zzvf,11,12,91.67
bcbc7a2ed557eaaf,com/google/android/gms/common/api/internal/zacd,11,90,12.22
9f82e063479eadeb,androidx/compose/foundation/shape/CornerBasedShape,11,40,27.5
2962bba3c64317e2,androidx/compose/runtime/changelist/Operation$InsertSlots,11,23,47.83
59a27717a72b7553,androidx/compose/ui/unit/TextUnit,11,59,18.64
ec2dea1c27a23189,kotlinx/coroutines/sync/MutexImpl$CancellableContinuationWithOwner,10,48,20.83
ad5592b940b20da8,org/jellyfin/sdk/api/client/HttpClientOptions,10,40,25.0
5984251bfa52c5e4,androidx/compose/ui/platform/actionmodecallback/TextActionModeCallback,10,79,12.66
6d94a9eab11e0d7f,kotlinx/coroutines/internal/AtomicOp,10,21,47.62
fd97f7c967e55610,androidx/collection/ScatterMapKt,10,52,19.23
f2a40c766fdba8aa,androidx/compose/foundation/text/selection/BaseTextPreparedSelection,10,355,2.82
8f83bb62c41eabcb,kotlin/collections/EmptyList,10,50,20.0
e7029ed35be8f634,com/google/android/gms/common/internal/GetServiceRequest,10,22,45.45
43ca19fa6d93092c,androidx/compose/ui/text/style/TextGeometricTransform,10,30,33.33
d205b3cc21fca767,androidx/compose/ui/layout/ContentScale$Companion,10,23,43.48
808b4a569c7bb641,androidx/core/app/ComponentActivity,10,59,16.95
6bcbecd0e395614d,mu/internal/LocationIgnorantKLogger,10,289,3.46
9a412d99364b6f0a,androidx/lifecycle/LifecycleCoroutineScopeImpl,10,15,66.67
7095d7744848d395,com/google/android/gms/common/internal/Preconditions,10,94,10.64
2ddc7335bf7fe705,com/google/android/gms/cast/framework/SessionManager,10,79,12.66
fd1d86472b2dd887,kotlinx/coroutines/flow/DistinctFlowImpl$collect$2,10,18,55.56
7b55188e30f29b9e,androidx/compose/foundation/FocusablePinnableContainerNode,10,23,43.48
27fd4a33ec081605,androidx/compose/ui/input/nestedscroll/NestedScrollNode,10,101,9.9
7cea942644d467b9,androidx/compose/ui/platform/GlobalSnapshotManager,10,11,90.91
432eb5916f742987,io/ktor/client/request/HttpRequestPipeline,10,17,58.82
f4e7a9a05f3b2dcd,androidx/compose/foundation/text/CoreTextFieldKt$CoreTextField$focusModifier$1$1$1,10,14,71.43
63c679cbd12d7a42,kotlinx/coroutines/CoroutineDispatcher,10,13,76.92
f96cdca83911eeba,androidx/core/os/TraceCompat,10,41,24.39
8e307f243f7efacf,androidx/arch/core/internal/SafeIterableMap$ListIterator,10,21,47.62
03542f497676a7bd,kotlin/jvm/internal/FunctionReference,10,40,25.0
81e577d17fe342a6,kotlinx/coroutines/CoroutineScopeKt,10,30,33.33
0422b246e5958b0a,io/ktor/util/ConcurrentSafeAttributes,10,11,90.91
182f48e826215ac2,io/ktor/client/statement/HttpResponsePipeline,10,18,55.56
2ac1296031d48f99,androidx/compose/material/OutlinedTextFieldKt$OutlinedTextField$3,10,16,62.5
29829a57ab713d3c,androidx/fragment/app/FragmentAnim,10,68,14.71
61f9c28ae3225d82,io/ktor/client/features/BodyProgress,10,10,100.0
72fc897f788e7c4d,androidx/appcompat/widget/AppCompatDrawableManager$1,10,148,6.76
aca229e29369fee7,org/koin/mp/KoinPlatformTools,10,28,35.71
f2ec77968760e71e,androidx/compose/ui/input/key/KeyEventType,10,27,37.04
baafee29da642ffd,androidx/compose/ui/text/font/TypefaceRequest,10,39,25.64
6a1e5c7934d90f16,androidx/compose/animation/core/Animatable$snapTo$2,10,11,90.91
53385234f42bf904,com/google/android/datatransport/runtime/scheduling/jobscheduling/AutoValue_SchedulerConfig_ConfigValue$Builder,10,20,50.0
e5ad14c58c137566,androidx/compose/ui/graphics/TransformOrigin,10,35,28.57
23794bb30caaabfe,kotlinx/coroutines/flow/internal/ChannelFlowTransformLatest$flowCollect$3$1,10,16,62.5
f409e131c1a25acd,com/google/android/datatransport/runtime/util/PriorityMapping,10,16,62.5
f1625dddc6aa47bd,kotlin/jvm/internal/ClassReference$Companion,10,45,22.22
109104b91658759a,com/google/android/gms/common/internal/zzf,10,25,40.0
c4479396b204a9d4,androidx/arch/core/internal/FastSafeIterableMap,10,11,90.91
bc0c9847b5063069,com/google/android/gms/common/internal/zzo,10,45,22.22
bf5a8bbad3854b23,kotlinx/coroutines/CompletedExceptionally,10,15,66.67
a35df015e1ab90f6,org/jellyfin/mobile/MainActivity$special$$inlined$viewModel$default$1,10,12,83.33
3a1b9c60437c7733,androidx/compose/ui/layout/RootMeasurePolicy,10,29,34.48
500e39efa33825aa,androidx/compose/ui/semantics/AppendedSemanticsElement,10,31,32.26
f9c83a3f946ae92a,leakcanary/AppWatcher$Config,10,73,13.7
4c9f4305d5722d4b,androidx/compose/ui/text/android/TextAndroidCanvas,10,325,3.08
e55d53cd937ee2ab,androidx/compose/runtime/snapshots/ReadonlySnapshot,10,23,43.48
80e2f89776303760,com/google/android/gms/common/internal/zzl,10,17,58.82
6d12ab91f2099b47,androidx/compose/foundation/gestures/PressGestureScopeImpl,10,62,16.13
4ef293ed7b132583,mu/KotlinLogging,10,22,45.45
fc985f68974f25b5,androidx/compose/ui/text/font/PlatformFontFamilyTypefaceAdapter,10,23,43.48
c768d7703faaddba,androidx/compose/ui/graphics/ShaderBrush,10,18,55.56
3cd4528271ea51df,kotlinx/coroutines/flow/FlowKt__ShareKt$launchSharing$1,10,31,32.26
eb2f14bcb381a615,io/ktor/client/features/HttpTimeout$Feature,10,10,100.0
b00101b5b2a33d25,leakcanary/internal/ViewModelClearedWatcher,10,28,35.71
cefbf7a210c2dcec,androidx/compose/runtime/changelist/Operations$OpIterator,10,11,90.91
db4904315c2c29b6,com/google/android/gms/cast/internal/CastUtils,10,92,10.87
09b745c14b502064,leakcanary/internal/activity/db/ScopedLeaksDb,10,33,30.3
645e590ac73543ff,androidx/compose/ui/input/pointer/SuspendingPointerInputModifierNodeImpl$onPointerEvent$1,10,12,83.33
9b272e06754bb526,androidx/compose/foundation/text/TextLayoutHelperKt,10,30,33.33
cd13d0a6bf6bfbc6,leakcanary/internal/LeakCanaryFileProvider,10,62,16.13
d9da1bd686270780,kotlinx/coroutines/flow/internal/ChannelFlow$collect$2,10,12,83.33
bf3be1259cf065aa,androidx/compose/runtime/AbstractApplier,10,34,29.41
03b755b192bd6295,com/google/android/gms/internal/cast/zzwb,10,17,58.82
98c54bf6b10f1f54,androidx/core/os/LocaleListCompat,10,60,16.67
174af2b11cfa8d66,shark/AndroidObjectInspectors,10,14,71.43
055f2798e2332198,kotlinx/coroutines/scheduling/TasksKt,10,14,71.43
411e44916b2e5067,com/google/android/gms/internal/cast/zzuj,10,19,52.63
f7f275f667119968,kotlinx/coroutines/android/HandlerDispatcherKt,10,61,16.39
1668b508065aaa35,androidx/activity/OnBackPressedCallback,10,21,47.62
7f0d7a293312a791,androidx/compose/ui/text/style/LineBreak$WordBreak,10,27,37.04
4c7c7e814e6f854d,androidx/fragment/app/FragmentHostCallback,10,39,25.64
02b702201fd4c664,com/google/android/datatransport/runtime/EventInternal,10,25,40.0
aafb74fd4c854191,kotlinx/coroutines/flow/SharingStarted$Companion,10,12,83.33
1a26785600fbc10f,androidx/compose/animation/core/Transition$animateTo$1$1,10,14,71.43
1a723ce2dabc5179,curtains/internal/WindowSpy$windowField$2,10,15,66.67
176cf577feb76d36,kotlinx/coroutines/flow/StartedWhileSubscribed,10,32,31.25
76f8dfd3a00ffcc0,androidx/compose/runtime/changelist/Operation,10,16,62.5
55912437e08d54cb,androidx/compose/runtime/SnapshotThreadLocal,10,18,55.56
3b343bab5726d9e2,androidx/compose/ui/text/style/TextMotion$Linearity,10,27,37.04
f80b7caeb2eee78c,androidx/compose/ui/text/MultiParagraphIntrinsics$maxIntrinsicWidth$2,10,21,47.62
06145ac896217061,androidx/compose/ui/platform/WindowRecomposerPolicy,10,27,37.04
f535b3caef0edae7,androidx/mediarouter/media/MediaRouter$ProviderInfo,10,27,37.04
42eba47cb3388fdd,androidx/compose/animation/core/SpringSpec,10,31,32.26
5cdfbc6294d5be43,androidx/compose/ui/text/style/TextAlign$Companion,9,10,90.0
76f8013e202c8c9a,com/google/android/datatransport/runtime/scheduling/persistence/EventStoreConfig,9,15,60.0
37f95f48de48bf16,com/google/android/datatransport/cct/internal/AutoBatchedLogRequestEncoder$LogEventEncoder,9,17,52.94
873542e430038dac,androidx/compose/ui/draw/CacheDrawScope,9,12,75.0
810234b527a42659,androidx/room/RoomSQLiteQuery$Companion,9,30,30.0
4fa615160f676881,io/ktor/client/features/HttpSend$Feature,9,9,100.0
5b6472a20864075e,io/ktor/client/request/HttpSendPipeline,9,17,52.94
a53c460bbba491d1,androidx/compose/ui/input/key/KeyInputNode,9,11,81.82
9a2f7b11b6e15160,com/google/android/gms/cast/internal/zzaj,9,19,47.37
3a8c9dae6eac039b,androidx/compose/ui/graphics/PaintingStyle,9,24,37.5
9c4ef7b8418d841a,androidx/lifecycle/Lifecycle$Event$WhenMappings,9,16,56.25
028896fcc152a245,androidx/compose/ui/res/Resources_androidKt,9,11,81.82
bd844ecfa78d7515,kotlinx/coroutines/DispatchedCoroutine,9,22,40.91
883df124a95f64c1,androidx/compose/ui/text/android/style/IndentationFixSpanKt,9,40,22.5
81c58aa1ba4ce6a7,androidx/sqlite/db/SupportSQLiteOpenHelper$Configuration$Builder,9,21,42.86
a6c11a98c469fa96,kotlin/sequences/SequencesKt___SequencesKt,9,1094,0.82
054467a83e991a29,androidx/profileinstaller/ProfileVerifier,9,69,13.04
b323efe2fdeb0c69,androidx/sqlite/db/framework/FrameworkSQLiteOpenHelper$OpenHelper$Companion,9,10,90.0
371add0c46639fd1,kotlinx/coroutines/scheduling/ExperimentalCoroutineDispatcher,9,59,15.25
34bbc3aa015e154c,kotlinx/coroutines/CancellableContinuationKt,9,48,18.75
33066e5e3e0e486b,androidx/lifecycle/DefaultLifecycleObserverAdapter$WhenMappings,9,16,56.25
28e3ff80ac9d0226,leakcanary/AndroidLeakFixes$IMM_CUR_ROOT_VIEW$apply$1,9,34,26.47
a1ef46e6e50872cb,com/google/android/gms/internal/cast/zzwf,9,10,90.0
c386d18963f02b7e,androidx/compose/ui/node/DistanceAndInLayer,9,27,33.33
90ae7cb35a2b04b4,androidx/fragment/app/FragmentManager$FragmentLifecycleCallbacks,9,15,60.0
262154397e6ace91,com/google/android/gms/common/zzl,9,11,81.82
4e39d0ca9504a5d0,kotlinx/coroutines/flow/internal/ChannelFlowTransformLatest,9,16,56.25
a1fc00472c5edb9c,com/google/android/gms/tasks/zzn,9,17,52.94
4dd75c24cc11b295,androidx/lifecycle/Lifecycling,9,95,9.47
02c5e9a5542dabed,leakcanary/ActivityWatcher$lifecycleCallbacks$1,9,14,64.29
34f6277fc17193cd,androidx/compose/material/OutlinedTextFieldKt$OutlinedTextField$3$1,9,12,75.0
0c3bdc25e078f72e,org/koin/core/module/ModuleKt,9,55,16.36
9b6d8507e33afb0f,androidx/collection/MutableIntSet,9,166,5.42
5bbc4171722e7fdd,androidx/compose/ui/input/key/KeyInputElement,9,36,25.0
9cc0109a33e9af94,androidx/compose/ui/graphics/StrokeJoin,9,27,33.33
6b3436997aafdc7a,androidx/compose/ui/input/pointer/HistoricalChange,9,11,81.82
25bd4b48fcf9e19f,androidx/compose/ui/graphics/PathFillType,9,24,37.5
ffa1258d6358dc39,androidx/compose/foundation/text/TextFieldSizeKt$textFieldMinSize$1$1,9,9,100.0
23489910889bb7ae,androidx/compose/runtime/SnapshotStateKt,9,26,34.62
b8d2e00944210fb0,androidx/compose/runtime/changelist/Operation$UpdateValue,9,28,32.14
43c5d5f56525a642,androidx/compose/ui/node/UiApplier,9,13,69.23
00714e6f8fe6966a,androidx/compose/runtime/ActualAndroid_androidKt,9,14,64.29
603125133e80cba2,androidx/compose/foundation/gestures/ScrollableGesturesNode,9,20,45.0
fd4e25193e9e4a5f,kotlinx/coroutines/sync/SemaphoreKt,9,40,22.5
c208b6bac3a4befb,androidx/compose/ui/text/MultiParagraphIntrinsicsKt,9,25,36.0
c643bb592e8c0c68,androidx/lifecycle/viewmodel/ViewModelProviderImpl_androidKt,9,10,90.0
82d22166e1e0ab81,kotlin/internal/jdk8/JDK8PlatformImplementations$ReflectSdkVersion,9,14,64.29
f6a05509a1967b30,androidx/compose/animation/ColorVectorConverterKt$ColorToVector$1$2,9,9,100.0
7065d00f1825afd8,androidx/lifecycle/DefaultLifecycleObserverAdapter,9,14,64.29
b8c0852e3bd9117e,androidx/compose/material/Strings_androidKt,9,19,47.37
21071723c169a6c1,io/ktor/client/features/HttpRedirect$Feature,9,46,19.57
0d30abb9d762ea72,leakcanary/AndroidLeakFixes$Companion$onActivityDestroyed$1,9,12,75.0
7d2b73b4dd92613c,org/jellyfin/sdk/JellyfinOptions$Builder,9,25,36.0
2b6238a27dfcd695,androidx/compose/material/TextFieldImplKt$CommonDecorationBox$labelColor$1,9,12,75.0
d9ab9f832f4674b8,androidx/compose/material/ButtonKt$Button$3$1,9,13,69.23
2fb114ca0a2f054e,curtains/internal/WindowCallbackWrapper$Companion$jetpackWrappedField$2,9,11,81.82
e6e11bbeb3f8836b,androidx/compose/runtime/SnapshotStateKt__DerivedStateKt,9,52,17.31
1af8a4b9b2eacb1c,org/jellyfin/mobile/player/cast/ChromecastConnection,9,112,8.04
85205af2c9abdc49,androidx/compose/ui/graphics/vector/PathNode,9,9,100.0
b6461185c5046ecd,androidx/compose/runtime/SnapshotMutableFloatStateImpl,9,49,18.37
bc6de22d2e567b9b,androidx/compose/runtime/ComposablesKt,9,179,5.03
46e5422feb6cf9a3,com/google/android/gms/internal/cast/zzc,9,21,42.86
6c89f8768ef1c485,androidx/emoji2/text/EmojiCompat$ListenerDispatcher,9,14,64.29
5808e4c040c76e00,androidx/lifecycle/ProcessLifecycleOwner$attach$1,9,13,69.23
cdf583008ac0dede,com/google/android/gms/internal/common/zza,9,26,34.62
a108fef391c9cd05,leakcanary/internal/activity/db/Io$execute$2,9,12,75.0
85a96e4a82edebfd,androidx/compose/ui/text/style/TextMotion,9,28,32.14
68e2be54251fe82f,androidx/compose/foundation/layout/ColumnKt,9,69,13.04
d66cf6a4c3ba0cdd,androidx/activity/contextaware/ContextAwareHelper,9,15,60.0
db8f386098207338,androidx/compose/ui/platform/MotionDurationScaleImpl,9,10,90.0
bd6cee924aec3e27,io/ktor/client/features/HttpCallValidator$Config,9,12,75.0
02f727dea87d51e3,com/google/android/datatransport/cct/StringMerger,9,13,69.23
29495f1ca684aab2,androidx/compose/ui/text/style/TextForegroundStyle,9,16,56.25
2e321eaad718ab6d,com/google/android/gms/common/internal/zzac,9,20,45.0
9a0d62ee8f848364,kotlinx/coroutines/flow/FlowKt__ReduceKt,9,172,5.23
8b8de0122e19c0a6,androidx/compose/ui/focus/FocusTraversalKt$WhenMappings,9,15,60.0
efad1fac1e10c229,io/ktor/client/features/HttpRequestLifecycle$Feature,9,9,100.0
b553857a02691829,androidx/lifecycle/RepeatOnLifecycleKt$repeatOnLifecycle$3$1$1$1$1,9,21,42.86
b88235a566dc3cc2,androidx/compose/ui/graphics/FilterQuality,9,31,29.03
afe979b8b49a2a9f,androidx/compose/runtime/Recomposer$Companion,9,83,10.84
451002cec9aa9585,androidx/compose/ui/focus/FocusDirection$Companion,9,12,75.0
0e8009b916e34acc,androidx/compose/ui/input/pointer/util/VelocityTracker1D,9,56,16.07
421345b6fef894bd,leakcanary/AndroidLeakFixes$IMM_CUR_ROOT_VIEW,9,29,31.03
98ee63d1fc95a03c,androidx/compose/foundation/text/TextFieldDelegateKt,9,11,81.82
95615af15e0bcc13,org/jellyfin/mobile/ui/screens/connect/ServerSelectionKt$ServerSelection$1,9,15,60.0
d5da04119df8d118,androidx/compose/runtime/changelist/Operations$WriteScope,9,30,30.0
6c3ddcc8c551873d,com/google/android/datatransport/cct/internal/AutoBatchedLogRequestEncoder$LogRequestEncoder,9,17,52.94
1a91253d6086c21a,kotlinx/coroutines/flow/internal/ChannelFlowTransformLatest$flowCollect$3,9,13,69.23
fe4322644e0201a7,androidx/compose/ui/text/style/TextDecoration,9,28,32.14
251a72f6649ed45f,androidx/compose/foundation/ClickableNode,9,15,60.0
cf82ce5ca7c03144,com/google/android/gms/internal/cast/zzaj,9,61,14.75
1581b4fdf52d4ded,androidx/compose/ui/text/style/LineHeightStyle,9,20,45.0
7b3e001315953fc2,com/google/android/gms/internal/cast/zztl,9,13,69.23
52b8bac86c3fbeea,androidx/compose/ui/text/ParagraphInfo,9,68,13.24
c0b8d8536f1fd35d,timber/log/Timber$Forest,9,157,5.73
45f9ec58cb61e086,androidx/compose/material/OutlinedTextFieldMeasurePolicy$measure$2,9,9,100.0
5df01a501c2b282e,androidx/fragment/app/SpecialEffectsController$Companion,9,9,100.0
6e7f843647b18e13,androidx/compose/animation/core/MutableTransitionState,9,18,50.0
6bd8b0b3e0291db8,androidx/compose/ui/layout/ScaleFactor,9,45,20.0
ec6fc15e6cb747c5,org/koin/androidx/fragment/android/KoinFragmentFactory,9,14,64.29
54ffce3a184652b3,io/ktor/client/features/BodyProgress$Feature,9,9,100.0
80f2c5f93f8e5909,io/ktor/client/utils/ClosableBlockingDispatcher,9,14,64.29
7dfb070c95186c9e,androidx/compose/ui/input/pointer/PointerIcon_androidKt,9,10,90.0
2481e59bf40bdc2d,androidx/compose/ui/platform/WindowRecomposer_androidKt$createLifecycleAwareWindowRecomposer$2$WhenMappings,9,16,56.25
be6d36fbca90085e,com/google/android/gms/internal/cast/zzaf,9,16,56.25
68b0e806e1fd5f56,androidx/compose/foundation/text/TextFieldCursorKt$cursor$1$1$1,9,16,56.25
4946c0688a790dd2,androidx/compose/ui/text/font/FontFamily,9,15,60.0
4692dbff60b085a4,androidx/compose/ui/input/InputModeManagerImpl,8,9,88.89
bf33a097ccc5c85b,androidx/compose/foundation/layout/FillElement$Companion,8,8,100.0
569fb35ae9dd35c3,com/google/android/gms/cast/internal/zzo,8,11,72.73
d926a7a6f866a597,kotlinx/coroutines/flow/FlowKt__ShareKt$launchSharing$1$2,8,18,44.44
c4bef49405ceedbd,androidx/compose/ui/platform/WeakCache,8,20,40.0
0f77dddbe7df5ede,androidx/fragment/app/DefaultSpecialEffectsController$SpecialEffectsInfo,8,13,61.54
7a9d31bd9e710192,leakcanary/internal/activity/db/Io,8,10,80.0
c8671dc2714197dd,com/google/android/gms/internal/cast/zze,8,11,72.73
204a14a7b6042731,androidx/compose/ui/text/input/TextInputService,8,19,42.11
c4256cd9b74acea3,androidx/lifecycle/WithLifecycleStateKt,8,211,3.79
9f1d9bc847d580fb,androidx/compose/ui/unit/Density,8,62,12.9
9936b0ba7294329d,androidx/compose/ui/text/style/TextDirection$Companion,8,8,100.0
5dbb562c735b394d,com/google/android/gms/internal/cast/zzwa,8,61,13.11
713e1ed05f47d29b,io/ktor/client/HttpClientConfig$install$3,8,8,100.0
233133b07f417d70,androidx/compose/ui/node/NodeMeasuringIntrinsics,8,27,29.63
dd782afb7cffe840,kotlinx/coroutines/flow/FlowKt__ReduceKt$first$$inlined$collectWhile$2,8,16,50.0
8c407c35d459401b,shark/ObjectInspectors,8,10,80.0
b126345166055bfb,androidx/compose/foundation/text/TextFieldCursorKt$cursorAnimationSpec$1,8,8,100.0
df19c4ae23daf00d,com/google/android/gms/common/internal/zze,8,21,38.1
b1dce218397b39c3,org/koin/androidx/fragment/android/ActivityExtKt,8,18,44.44
4ceddf2e098e73e7,kotlin/comparisons/ComparisonsKt___ComparisonsJvmKt,8,101,7.92
ae55411b05829c86,leakcanary/internal/activity/db/LeaksDbHelper,8,85,9.41
35df6984f06ad8b9,androidx/compose/foundation/text/CoreTextFieldKt$CoreTextField$drawModifier$1,8,9,88.89
b97c6ee4f95cad76,kotlinx/coroutines/internal/ResizableAtomicArray,8,14,57.14
6add7dd829c163f9,androidx/mediarouter/media/MediaRouterActiveScanThrottlingHelper,8,14,57.14
3441a709fd8e3ad2,androidx/sqlite/db/SimpleSQLiteQuery,8,12,66.67
ce66df4334b7fb61,androidx/compose/foundation/layout/SpacerMeasurePolicy,8,10,80.0
a0a099db362337e3,androidx/compose/runtime/changelist/Operation$UpdateNode,8,20,40.0
f850d8308c2ac094,org/jellyfin/mobile/ui/screens/connect/ComposableSingletons$ServerSelectionKt$lambda-1$1,8,9,88.89
4c0bb01ef069b3e3,androidx/compose/animation/core/VectorizedTweenSpec,8,18,44.44
d10c6b2a4f365ff7,androidx/core/splashscreen/SplashScreen,8,14,57.14
b50d094d1ad2471f,androidx/compose/ui/node/LayoutNode$LayoutState,8,9,88.89
ec31d41fb0ae4a1e,kotlinx/coroutines/flow/FlowKt__LimitKt$dropWhile$1$1,8,24,33.33
4da7c5051ac71a93,androidx/compose/ui/text/style/TextForegroundStyle$Companion,8,13,61.54
ce49e57b9a046707,androidx/core/content/ContextCompat,8,117,6.84
950b9298b24a599b,androidx/lifecycle/RepeatOnLifecycleKt$repeatOnLifecycle$3$1$1$1$1$1$1,8,12,66.67
ec9ed17fd86a18e8,com/google/android/gms/cast/framework/zzad,8,15,53.33
dfe36db791aff115,androidx/compose/runtime/snapshots/StateListIterator,8,30,26.67
5d67c1babdce667a,androidx/compose/runtime/Recomposer$State,8,10,80.0
aa1cc4dbe889883f,androidx/lifecycle/LifecycleRegistry$ObserverWithState,8,11,72.73
7f3ab9c82a37a09e,androidx/compose/ui/graphics/colorspace/Connector$Companion,8,25,32.0
52c0556247ccce42,androidx/compose/foundation/BorderStroke,8,20,40.0
6922a3b213a42d13,com/google/android/gms/common/api/internal/zaad,8,52,15.38
73dff51890413b96,androidx/mediarouter/media/MediaRouteDiscoveryRequest,8,33,24.24
9009f2f983fee8a8,androidx/compose/ui/ComposedModifierKt,8,39,20.51
32528b75da8be6d4,androidx/compose/ui/text/font/AndroidFontUtils_androidKt,8,13,61.54
eae45a54c09ee229,androidx/lifecycle/ProcessLifecycleInitializer,8,10,80.0
eb8acdf20ada3a5a,androidx/compose/ui/platform/AndroidCompositionLocals_androidKt$ProvideAndroidCompositionLocals$3,8,12,66.67
b03292a9e7089dbb,androidx/compose/ui/graphics/AndroidImageBitmap_androidKt,8,37,21.62
cf39506f1a3d81bf,androidx/compose/ui/graphics/Color$Companion,8,87,9.2
74ec190cc6054aa1,androidx/compose/ui/text/style/ColorStyle,8,22,36.36
74167c8bcf3060cc,androidx/compose/ui/draw/PainterModifierKt,8,15,53.33
e6419f5c274ba0a4,androidx/compose/ui/unit/DpKt,8,116,6.9
8567af83626a19b0,androidx/compose/ui/geometry/CornerRadius,8,45,17.78
dd033ed272c6c362,androidx/compose/animation/core/VectorizedSpringSpec,8,20,40.0
ee66ab4f3fb04b6e,leakcanary/RootViewWatcher$listener$1,8,20,40.0
1ba186b12c38370d,androidx/compose/ui/ComposedModifierKt$materialize$result$1,8,8,100.0
41cce4f81379e65b,androidx/compose/foundation/text/selection/SimpleLayoutKt$SimpleLayout$1$1,8,8,100.0
97e588f75c204051,androidx/lifecycle/LifecycleRegistry$Companion,8,10,80.0
996237dffc0bf076,com/google/android/gms/internal/cast/zzah,8,12,66.67
a61e3bed1eb63ae0,curtains/internal/WindowManagerSpy$windowManagerClass$2,8,11,72.73
1ccc950ef6716110,org/koin/ext/KClassExtKt,8,8,100.0
0df79722d3ad447c,androidx/compose/runtime/Anchor,8,10,80.0
924e4176b6850edf,androidx/compose/ui/node/ComposeUiNode$Companion,8,13,61.54
cc8d829001daf9fd,androidx/compose/ui/draw/DrawBehindElement,8,19,42.11
1f34d23cf0861d77,androidx/compose/runtime/changelist/Operation$Ups,8,15,53.33
17203148aba45002,androidx/compose/ui/platform/AndroidUiDispatcher$Companion$Main$2,8,9,88.89
2871792c11dfdb44,androidx/lifecycle/viewmodel/MutableCreationExtras,8,11,72.73
23ecdcdb256b14f3,androidx/compose/ui/graphics/StrokeCap,8,27,29.63
3692af8e8dce0175,curtains/internal/WindowSpy$decorViewClass$2,8,13,61.54
25650726b9ad6754,androidx/compose/ui/layout/DefaultIntrinsicMeasurable,8,24,33.33
59abbe7b690041ae,kotlin/ranges/IntProgressionIterator,8,14,57.14
ef99f714959a5912,org/jellyfin/mobile/player/cast/CastOptionsProvider,8,9,88.89
672b7285a77ab8bb,androidx/compose/runtime/changelist/Operation$Downs,8,15,53.33
d5d40a289346d5f7,kotlinx/coroutines/internal/LockFreeLinkedListNode$CondAddOp,8,13,61.54
2b201f7c1de6d37a,androidx/compose/ui/platform/WindowRecomposer_androidKt$createLifecycleAwareWindowRecomposer$2,8,11,72.73
35c3766897b05d31,androidx/compose/foundation/AbstractClickablePointerInputNode$pointerInputNode$1,8,12,66.67
00aab452d410ebf8,androidx/lifecycle/RepeatOnLifecycleKt$repeatOnLifecycle$3,8,12,66.67
f071caff0a8c6cd4,com/google/android/gms/common/api/internal/TaskApiCall$Builder,8,11,72.73
968de79464bd62bd,androidx/fragment/app/SpecialEffectsController$Operation$State$Companion,8,15,53.33
1bca5db64ff1709d,androidx/compose/runtime/GroupKind,8,31,25.81
104f01ce6952bef6,shark/AndroidReferenceMatchers$INPUT_METHOD_MANAGER_IS_TERRIBLE,8,8,100.0
ae1e213953402ffe,kotlinx/coroutines/flow/StartedWhileSubscribed$command$2,8,10,80.0
fa7ddee8d8784e22,androidx/fragment/app/DefaultSpecialEffectsController$AnimationInfo,8,10,80.0
b6c1a551a2ecb4db,androidx/compose/foundation/layout/RowColumnMeasureHelperResult,8,8,100.0
baf95d5eb100457a,org/jellyfin/mobile/app/ApiClientController$loadPreviouslyUsedServers$2,8,18,44.44
27623c318ce9bb9d,leakcanary/internal/LeakCanaryDelegate$loadLeakCanary$2,8,10,80.0
83b8de670ea7ec20,kotlinx/coroutines/flow/internal/SafeCollector_commonKt$checkContext$result$1,8,16,50.0
f4fbda498c806125,androidx/compose/animation/core/KeyframesSpecBaseConfig,8,13,61.54
e6668ca024495809,androidx/compose/material/ripple/StateLayer$handleInteraction$2,8,12,66.67
ff10c8c09b8f63ed,androidx/compose/foundation/text/KeyMappingKt$defaultKeyMapping$2$1,8,38,21.05
82aa2a1684a98640,com/google/android/gms/internal/cast/zzty,8,17,47.06
9ddc85ca8ee48a67,androidx/lifecycle/viewmodel/internal/ViewModelProviders,8,37,21.62
30798682b5c75df0,androidx/appcompat/view/WindowCallbackWrapper,8,29,27.59
77b462c0d78f9180,androidx/compose/ui/graphics/vector/PathNode$RelativeArcTo,8,43,18.6
852ccf7ce57763fd,androidx/compose/ui/graphics/CompositingStrategy,8,22,36.36
e702beffc2aec343,com/google/android/gms/common/api/internal/zabt,8,18,44.44
0697d5cc9a4f7838,kotlinx/coroutines/flow/internal/ChannelFlow$collectToFun$1,8,12,66.67
2c5fb1b0f92b644d,org/slf4j/helpers/SubstituteLoggerFactory,8,14,57.14
7b2e4bc96eb0b15b,kotlinx/coroutines/internal/SystemPropsKt,8,8,100.0
ffe90d26871b42dd,com/google/android/gms/common/internal/ClientSettings$Builder,8,9,88.89
35ba917c818e6eac,androidx/lifecycle/ViewModelStore,8,14,57.14
32895140dbf18ef4,timber/log/Timber$DebugTree,8,48,16.67
78723e6e10f5450e,androidx/compose/foundation/layout/RowColumnImplKt,8,94,8.51
251c7058b1c358f8,androidx/compose/animation/core/SuspendAnimationKt$animate$6,8,8,100.0
8663126e1590d920,kotlin/text/Charsets,8,20,40.0
811d82ee5333c5e7,androidx/compose/runtime/external/kotlinx/collections/immutable/implementations/persistentOrderedSet/PersistentOrderedSet,8,65,12.31
24475c2bb148bb61,androidx/lifecycle/ViewModel,8,34,23.53
008ccc228488aadf,leakcanary/ServiceWatcher$install$4$2,8,16,50.0
f3df26774730c28c,leakcanary/AndroidLeakFixes$FLUSH_HANDLER_THREADS$apply$flushNewHandlerThread$1$run$1$3,8,17,47.06
2c0f9a0c3346786f,leakcanary/AndroidLeakFixes,8,9,88.89
972566228a795d64,kotlinx/coroutines/JobKt,8,31,25.81
29c9d5fbdc50649d,com/google/android/gms/cast/framework/CastOptions$Builder,8,20,40.0
31d5c0d11325d162,androidx/compose/runtime/Updater,8,50,16.0
af77d2c0914ea2b5,androidx/compose/foundation/gestures/TapGestureDetectorKt$detectTapAndPress$2,8,12,66.67
18c8fd2eb9fa4efe,androidx/lifecycle/LifecycleKt,8,12,66.67
c039aeff5824af85,kotlin/Result,8,31,25.81
b26355a8adf31422,kotlinx/coroutines/flow/StartedWhileSubscribed$command$1,8,32,25.0
168773e211519bba,androidx/compose/runtime/Recomposer$join$2,8,10,80.0
231d5741085d7c5e,androidx/compose/ui/platform/AndroidComposeViewAccessibilityDelegateCompat$1,8,14,57.14
cf5d5681ab9fc793,androidx/compose/runtime/Recomposer$recompositionRunner$2$3,8,12,66.67
f40b10eca95dd78f,androidx/compose/ui/graphics/colorspace/Adaptation,8,10,80.0
e7be80c898e106b6,org/jellyfin/mobile/events/ActivityEventHandler$subscribe$1$1,8,12,66.67
af4430d38098180f,androidx/compose/foundation/relocation/BringIntoViewResponderNode$bringChildIntoView$2,8,9,88.89
67348802f4c9f01e,androidx/compose/runtime/changelist/Operation$EndCompositionScope,8,20,40.0
78c23a8ddc9cdab4,androidx/compose/ui/text/TextRangeKt,8,20,40.0
0c7b632ae3d43cac,leakcanary/internal/activity/db/LeakTable,8,114,7.02
68a6276083f5dc8f,com/google/android/datatransport/runtime/AutoValue_EventInternal,8,36,22.22
0ce59cfa7e23ddd2,kotlinx/coroutines/internal/ThreadContextKt,8,17,47.06
85514c219dfb848c,org/jellyfin/mobile/MainViewModel$1,8,12,66.67
585566b7dff81b62,androidx/compose/runtime/external/kotlinx/collections/immutable/implementations/immutableList/AbstractListIterator,7,24,29.17
762d5b2cfbccffc0,kotlin/collections/EmptyMap,7,31,22.58
d52ea399d11a7148,androidx/compose/runtime/CompositionContext,7,10,70.0
7eac396a517c2fc6,androidx/compose/ui/input/pointer/PointerIcon$Companion,7,10,70.0
c2205db275a1bcd6,leakcanary/ObjectWatcher,7,113,6.19
d786c99d4bb71bec,leakcanary/internal/VisibilityTrackerKt,7,9,77.78
20fff6afa4343fa7,androidx/compose/ui/input/pointer/SuspendingPointerInputFilterKt,7,12,58.33
20dab2a1bd349a4d,curtains/WindowsKt,7,39,17.95
40246eb697fb27e6,androidx/lifecycle/ViewModelKt,7,9,77.78
f8df466b9c3d570b,androidx/compose/foundation/ClickablePointerInputNode$pointerInput$2,7,14,50.0
85082e861b598e10,androidx/compose/runtime/snapshots/SnapshotStateObserver$readObserver$1,7,9,77.78
3a2fed9042c65039,androidx/compose/runtime/snapshots/GlobalSnapshot$takeNestedSnapshot$1,7,8,87.5
8526e4fa58b06d6b,androidx/lifecycle/Lifecycle$Event$Companion$WhenMappings,7,12,58.33
10273d298f9c9866,org/jellyfin/mobile/setup/ConnectFragment$onViewCreated$1$1,7,9,77.78
4d510ae3a67f27aa,androidx/compose/ui/node/NodeMeasuringIntrinsics$DefaultIntrinsicMeasurable,7,25,28.0
81f5061bdc1cefa9,androidx/compose/ui/text/ParagraphIntrinsicsKt,7,19,36.84
2e4244fea5663be3,com/google/android/datatransport/runtime/AutoValue_TransportContext$Builder,7,17,41.18
a11050421fef7611,androidx/compose/ui/node/NodeCoordinator$hit$1,7,7,100.0
ea6e6fc31db84e4e,org/jellyfin/sdk/JellyfinOptions,7,44,15.91
eb4f1c9dd6870d2f,androidx/collection/ScatterSet,7,268,2.61
68cfe9eaf791a023,shark/AndroidReferenceMatchers$AW_CONTENTS_POSTED_CALLBACK,7,7,100.0
7fa2ede7914ed2a8,kotlin/sequences/SequencesKt__SequencesKt,7,46,15.22
4d9cfe2625f517de,androidx/compose/ui/platform/WrappedComposition$setContent$1$1$2,7,11,63.64
356892e4c44e64f9,androidx/compose/ui/res/VectorResources_androidKt,7,42,16.67
7126f333bf3768a4,io/ktor/client/features/HttpPlainText$Config,7,27,25.93
c4d4a9be889f5dbd,androidx/compose/ui/graphics/ClipOp,7,24,29.17
cd61e53a1e470fb1,androidx/compose/ui/graphics/drawscope/CanvasDrawScope$drawContext$1,7,12,58.33
9249f75aba60359e,androidx/compose/material/MaterialThemeKt$MaterialTheme$1,7,11,63.64
0b13af81346f0a97,androidx/compose/runtime/DerivedSnapshotState$currentRecord$result$1$1$result$1,7,10,70.0
cf4f698df8444a38,androidx/compose/ui/text/input/KeyboardType$Companion,7,20,35.0
b917897076adb109,androidx/compose/ui/graphics/BlendMode$Companion,7,31,22.58
be8d77d8db15cd34,androidx/compose/foundation/gestures/DragGestureDetectorKt,7,843,0.83
47830328f319db2f,kotlinx/coroutines/internal/InlineList,7,41,17.07
f08b0b8a9fd1d188,androidx/compose/ui/node/MeasureAndLayoutDelegate$WhenMappings,7,12,58.33
f342f1263e4690e1,androidx/compose/ui/res/StringResources_androidKt,7,45,15.56
7e1eb6cf05425d50,org/koin/core/parameter/ParametersHolder,7,79,8.86
e233da9a0a9d8bbc,androidx/compose/ui/text/android/PaintExtensionsKt,7,29,24.14
624520cde859bd99,leakcanary/AndroidLeakFixes$TEXT_LINE_POOL$apply$1,7,19,36.84
84c9a0a9e720ff1b,androidx/savedstate/ViewTreeSavedStateRegistryOwner$findViewTreeSavedStateRegistryOwner$2,7,7,100.0
77927a71d198b5a3,kotlinx/coroutines/ThreadLocalEventLoop,7,10,70.0
29f2b2622d5213da,kotlinx/serialization/json/JsonKt,7,18,38.89
ad2492de88757023,androidx/compose/foundation/BorderKt,7,46,15.22
24fe1694f1499dcb,androidx/compose/ui/graphics/vector/PathNode$RelativeCurveTo,7,38,18.42
f55cbabfe34458b3,androidx/compose/material/TextFieldImplKt$Decoration$colorAndEmphasis$1,7,11,63.64
2f9ec038fb031686,androidx/activity/OnBackPressedDispatcher$LifecycleOnBackPressedCancellable,7,17,41.18
1dcae602bc10b28f,androidx/compose/ui/graphics/vector/VNode,7,8,87.5
a5d9eec63a1a0c3e,org/jellyfin/sdk/android/AndroidDeviceKt,7,15,46.67
a148932261370cad,androidx/compose/ui/platform/WindowRecomposerPolicy$createAndInstallWindowRecomposer$unsetJob$1,7,21,33.33
807ebce2504822ca,androidx/lifecycle/ViewTreeLifecycleOwner$findViewTreeLifecycleOwner$2,7,7,100.0
22f02371991a8ad4,androidx/compose/ui/node/NodeCoordinatorKt,7,11,63.64
647877aa9fbf0788,leakcanary/internal/activity/db/Db,7,8,87.5
7215d8269f91184c,androidx/compose/ui/platform/AndroidUiFrameClock$withFrameNanos$2$callback$1,7,8,87.5
841c4ccd65c6048c,androidx/compose/runtime/Recomposer$broadcastFrameClock$1,7,13,53.85
090b5b3ef8e42cbb,androidx/compose/ui/node/ObserverModifierNodeKt,7,7,100.0
419ea023ecf01058,com/google/android/gms/internal/cast/zznn,7,27,25.93
0c95342934bf6002,org/jellyfin/mobile/app/AppPreferences,7,92,7.61
3e51d1797adc0b1d,androidx/compose/foundation/relocation/BringIntoViewRequesterElement,7,16,43.75
7f64bb26c0b6d6f5,androidx/compose/foundation/text/CoreTextFieldKt$CoreTextField$2,7,15,46.67
7a87da4cd1f88957,kotlin/coroutines/SafeContinuation,7,28,25.0
656d0bc7592e1f01,androidx/compose/ui/text/PlatformTextStyle,7,27,25.93
19df2fcb5dcb4bfa,androidx/compose/ui/platform/AndroidComposeView$keyInputModifier$1,7,7,100.0
e6aa8d10c330ce1e,kotlinx/coroutines/flow/FlowKt__DistinctKt,7,12,58.33
37eb2acfbb7a5999,androidx/compose/runtime/DynamicProvidableCompositionLocal,7,8,87.5
bf3e1b68cd3ce511,com/google/android/datatransport/runtime/scheduling/jobscheduling/SchedulerConfig$Builder,7,11,63.64
3ac53ac06abc193e,leakcanary/internal/HeapDumpTrigger,7,206,3.4
6dcbe3319984d14e,androidx/compose/ui/layout/OnGloballyPositionedElement,7,12,58.33
199a6a4d5ae456f7,androidx/compose/material/ripple/RippleTheme$Companion,7,14,50.0
ac8c9736aad83c29,androidx/compose/foundation/text/KeyMappingKt$commonKeyMapping$1,7,51,13.73
375f837acd8f9527,com/google/android/gms/internal/cast/zzb,7,10,70.0
8448f4e9772bc494,androidx/compose/foundation/layout/UnspecifiedConstraintsElement,7,27,25.93
d800841b13dfe708,androidx/compose/runtime/SlotWriter$groupSlots$1,7,11,63.64
5d5365775aad457b,androidx/compose/foundation/text/TextFieldCursorKt,7,8,87.5
b33e4c6de3377132,androidx/compose/ui/graphics/ImageBitmapKt,7,31,22.58
f1c1fc0338d77fb2,androidx/sqlite/db/framework/FrameworkSQLiteDatabase$query$cursorFactory$1,7,7,100.0
52174b3b675d6364,kotlin/internal/ProgressionUtilKt,7,22,31.82
c4dad25c28dd0487,leakcanary/internal/LeakCanaryFileProvider$SimplePathStrategy,7,63,11.11
76881ba7cbb88f5f,androidx/compose/ui/semantics/SemanticsConfiguration,7,95,7.37
2eee308162a0c4a8,kotlin/coroutines/AbstractCoroutineContextElement,7,7,100.0
1180ba921f8e8333,androidx/compose/ui/text/MultiParagraphKt,7,56,12.5
06979be2a859daa8,androidx/compose/material/MaterialThemeKt$MaterialTheme$1$1,7,11,63.64
3ded93474e70fb56,androidx/compose/animation/core/EasingKt,7,9,77.78
69cd3760f6680310,androidx/compose/ui/text/AnnotatedString$Range,7,36,19.44
8127ab808e67f812,io/ktor/client/features/HttpClientFeatureKt,7,11,63.64
6a01b79f882907dd,androidx/compose/ui/graphics/vector/PathNode$CurveTo,7,38,18.42
eaa8e49690965cca,curtains/internal/RootViewsSpy,7,11,63.64
e43ebb0954bcc0a6,io/ktor/client/engine/okhttp/OkHttpEngine$1,7,32,21.88
e282de17e7a84f67,androidx/compose/ui/platform/AbstractComposeView$ensureCompositionCreated$1,7,11,63.64
6b765dc562a52d6d,androidx/compose/foundation/text/TextLayoutResultProxy,7,71,9.86
58e227965564d122,androidx/compose/foundation/interaction/FocusInteractionKt$collectIsFocusedAsState$1$1,7,13,53.85
e2bdf1327346105c,com/google/android/gms/tasks/zzj,7,15,46.67
c36ccad4c3ccb775,androidx/compose/ui/node/LayoutNodeLayoutDelegate$MeasurePassDelegate$layoutChildrenBlock$1,7,7,100.0
add3979ca136998e,androidx/customview/poolingcontainer/PoolingContainer,7,39,17.95
1a12fbec32cd1c9f,com/google/android/gms/common/internal/RootTelemetryConfigManager,7,11,63.64
ddfab8c829a3e493,curtains/internal/WindowManagerSpy$mViewsField$2,7,8,87.5
8a05271496bf8185,androidx/activity/OnBackPressedDispatcherKt,7,10,70.0
26f2116afae6f961,androidx/compose/runtime/snapshots/GlobalSnapshot$takeNestedMutableSnapshot$1,7,8,87.5
69af8681a9aa65b2,com/google/android/datatransport/runtime/AutoValue_SendRequest,7,29,24.14
ef79bf99c7be1761,leakcanary/internal/InternalLeakCanary$invoke$2$1,7,12,58.33
c63f1e271fd569c1,androidx/compose/animation/core/SpringSimulation,7,47,14.89
5586d3df86dd6499,androidx/compose/ui/BiasAlignment,7,24,29.17
db2822e715aec1e2,com/google/android/gms/internal/common/zzb,7,10,70.0
af734e3e0736a968,androidx/compose/material/InteractiveComponentSizeKt,7,10,70.0
0c7b206133be574b,leakcanary/ServiceWatcher$install$4,7,7,100.0
b8f4f1230d8fdc61,androidx/compose/runtime/CompositionObserverHolder,7,12,58.33
9af0116c84d79709,androidx/compose/runtime/LaunchedEffectImpl,7,12,58.33
0eb319c66bd25b9b,androidx/compose/material/MaterialTheme_androidKt,7,14,50.0
853b40cf47b89f05,androidx/compose/ui/platform/ViewCompositionStrategy$DisposeOnDetachedFromWindowOrReleasedFromPool,7,8,87.5
36e0479b98bec62c,kotlinx/coroutines/DefaultExecutor,7,127,5.51
d5335b1b94c37d15,androidx/compose/foundation/gestures/AbstractDraggableNode,7,115,6.09
899c989985e90c87,kotlinx/coroutines/intrinsics/CancellableKt,7,32,21.88
2463b98c637eeae7,androidx/compose/runtime/BroadcastFrameClock$FrameAwaiter,7,10,70.0
95ca4b4c5e26673b,io/ktor/client/engine/HttpClientEngineBase,7,15,46.67
8bd41a2ffac6beb8,org/jellyfin/mobile/events/ActivityEventHandler,7,64,10.94
37ab33ec2f5231ac,androidx/compose/ui/layout/ContentScaleKt,7,16,43.75
a87b80b9eaf42a5c,androidx/compose/animation/core/Transition$SegmentImpl,7,15,46.67
2d5c47f8d5b0779f,androidx/compose/foundation/interaction/FocusInteractionKt$collectIsFocusedAsState$1$1$1,7,10,70.0
184c4ae6410bb349,com/google/android/gms/common/wrappers/Wrappers,7,8,87.5
b4c6af25840b9240,kotlinx/coroutines/scheduling/CoroutineScheduler$WorkerState,7,10,70.0
7fc89f9a47bcd95b,androidx/compose/runtime/snapshots/StateRecord,7,7,100.0
8749791e8eb1ca6a,androidx/compose/foundation/relocation/BringIntoViewResponder_androidKt$defaultBringIntoViewParent$1,7,9,77.78
44f7226f120e60a5,androidx/compose/foundation/text/CoreTextFieldKt$CoreTextField$5,7,11,63.64
1152bec02eaefe0e,androidx/compose/ui/focus/FocusRequester,7,198,3.54
b162c9b91b53d411,kotlin/jvm/JvmClassMappingKt,7,67,10.45
e3980caae6d755a3,com/google/android/gms/common/internal/zzd,7,8,87.5
24bf99916b46a5c3,curtains/internal/WindowCallbackWrapper,7,46,15.22
6b51ba5ff4528429,androidx/compose/foundation/text/KeyMapping_androidKt$platformDefaultKeyMapping$1,7,23,30.43
bbcecb95b19b5776,com/google/android/gms/common/api/internal/zag,7,17,41.18
4620532df5007a44,androidx/compose/material/ButtonKt$Button$3,7,11,63.64
69dfc0c5f4220a52,androidx/lifecycle/LifecycleCoroutineScopeImpl$register$1,7,11,63.64
2b08089f94042f8f,androidx/compose/ui/node/LayoutNodeLayoutDelegate$MeasurePassDelegate$WhenMappings,7,11,63.64
4488dda2ca0394ff,com/google/android/gms/cast/framework/zzax,7,32,21.88
ca5569f9337c4738,androidx/compose/ui/input/key/KeyEvent_androidKt,7,10,70.0
bef6e69562411a60,kotlinx/coroutines/JobSupport$addLastAtomic$$inlined$addLastIf$1,7,9,77.78
1afb9b9a0a14f804,androidx/appcompat/widget/ViewUtils,7,36,19.44
b7a6db7b7415b774,androidx/compose/ui/text/input/TextInputServiceAndroid$TextInputCommand,7,8,87.5
fce62ef9488aa90d,androidx/compose/foundation/AbstractClickablePointerInputNode,7,19,36.84
faba62a369502013,com/google/android/gms/cast/framework/media/NotificationOptions,7,102,6.86
518f7b8a58d27078,androidx/compose/ui/text/Paragraph,7,40,17.5
872a762e4ba2e2be,org/koin/core/instance/InstanceContext,7,8,87.5
42d4eb0c35447a5a,com/google/android/gms/internal/cast/zzvh,6,13,46.15
9be9698652b058d0,androidx/compose/foundation/IndicationKt,6,7,85.71
2d0629bd9a58aca0,kotlin/UnsafeLazyImpl,6,13,46.15
33cc4e075c307b4d,com/google/android/gms/cast/framework/zzan,6,14,42.86
32170c7c3e836d43,io/ktor/client/HttpClientJvmKt,6,12,50.0
a2333f468c87cd39,androidx/compose/animation/core/ComplexDouble,6,47,12.77
4b39521f3d4d5cb3,androidx/compose/material/ripple/StateLayer$handleInteraction$1,6,12,50.0
d3b67a3e64aeb56a,androidx/compose/runtime/snapshots/SnapshotKt$takeNewSnapshot$1,6,7,85.71
99928541aa9fcfe5,androidx/compose/ui/res/ImageVectorCache,6,17,35.29
bec2fb7758326731,kotlinx/coroutines/sync/MutexKt,6,37,16.22
7fc6b9231d0f982d,androidx/compose/animation/ExitTransition,6,51,11.76
66cd65da61a7c330,androidx/compose/ui/node/CanFocusChecker,6,10,60.0
3b787b86b7f8cbde,androidx/compose/ui/focus/FocusStateImpl$WhenMappings,6,10,60.0
a931ee6f9c65cf84,androidx/compose/ui/text/font/FontWeight$Companion,6,39,15.38
7b93da087b44a319,androidx/compose/ui/input/pointer/PointerKeyboardModifiers,6,15,40.0
44c4aa253bad3620,org/slf4j/helpers/NOP_FallbackServiceProvider,6,10,60.0
9d33a7d6d8ba9a71,kotlinx/coroutines/scheduling/DefaultIoScheduler,6,13,46.15
5942d8a60273ff67,curtains/internal/WindowCallbackWrapper$Companion$jetpackWrapperClass$2,6,11,54.55
486f55b899e51838,androidx/compose/material/TextFieldTransitionScope$Transition$labelTextStyleColor$2,6,9,66.67
91e6b18c9cb525c4,org/jellyfin/mobile/setup/ConnectFragment$onViewCreated$1,6,8,75.0
c9eec7d428defe1e,androidx/fragment/app/FragmentStateManager$2,6,10,60.0
51886f440f655bfb,org/koin/core/qualifier/StringQualifier,6,14,42.86
17923f2ecf645720,org/koin/compose/KoinApplicationKt$LocalKoinScope$1,6,6,100.0
829d74848858425d,io/ktor/util/PlatformUtils,6,11,54.55
1af65b17605e3651,androidx/savedstate/ViewTreeSavedStateRegistryOwner$findViewTreeSavedStateRegistryOwner$1,6,7,85.71
696fb6deb8bae59a,androidx/compose/ui/focus/TwoDimensionalFocusSearchKt$WhenMappings,6,10,60.0
c42ac6578f634779,androidx/compose/material/ripple/RippleIndicationInstance,6,6,100.0
3f6e76132fe11480,com/google/android/gms/internal/common/zzc,6,21,28.57
2c93e750ea693210,com/google/android/gms/internal/cast/zzfx,6,10,60.0
0f7a2799cc400464,androidx/compose/ui/node/LookaheadCapablePlaceable$layout$1,6,6,100.0
4b5332aa3d4038ff,androidx/mediarouter/media/SystemRoutingUsingMediaRouter2Receiver,6,9,66.67
0191edf0d8826567,androidx/activity/ComponentActivity$onBackPressedDispatcher$2,6,22,27.27
865e84c9a2ed9408,leakcanary/AndroidLeakFixes$Companion$backgroundHandler$2,6,6,100.0
365d84635ef0f40c,androidx/compose/ui/BiasAlignment$Horizontal,6,17,35.29
3021d14c7e59b5fa,kotlin/coroutines/ContinuationInterceptor$DefaultImpls,6,22,27.27
bb52cbee6c66d461,androidx/compose/material/Strings$Companion,6,9,66.67
f8d7950983c8b0e6,androidx/compose/ui/node/OwnerSnapshotObserver$onCommitAffectingMeasure$1,6,7,85.71
120fa6e1d874e8fb,androidx/lifecycle/RepeatOnLifecycleKt$repeatOnLifecycle$3$1$1$1,6,12,50.0
1323b0644cd39780,leakcanary/internal/InternalLeakCanary$isInstantApp$2,6,8,75.0
3e2d8fdfc97e1f20,org/jellyfin/mobile/setup/ConnectionHelper,6,93,6.45
506dc3ccb1f10407,androidx/compose/foundation/FocusableNode$onFocusEvent$1,6,12,50.0
cf6d732c40425e74,androidx/compose/ui/text/font/AsyncTypefaceCache,6,67,8.96
03c5bad7d190ed14,androidx/compose/ui/geometry/CornerRadiusKt,6,10,60.0
ae61cb0f5a8b0d93,androidx/compose/foundation/ClickablePointerInputNode,6,10,60.0
9bec79bdb1b3a82e,androidx/lifecycle/ViewTreeLifecycleOwner,6,6,100.0
3244e188aad56466,androidx/compose/foundation/gestures/TapGestureDetectorKt$detectTapAndPress$2$1$2,6,12,50.0
8d74250c2c0823de,androidx/compose/ui/node/NodeCoordinator$drawBlock$1,6,7,85.71
46a3c6a0510db64a,kotlinx/coroutines/channels/ConflatedBufferedChannel,6,54,11.11
c5236f15591f2a5d,androidx/fragment/app/SpecialEffectsController$Operation$LifecycleImpact,6,7,85.71
157e8441aa246c1a,androidx/compose/ui/platform/WindowInfoImpl,6,10,60.0
addc992f6dcb805a,kotlinx/coroutines/CoroutineStart$WhenMappings,6,10,60.0
01bd29a31270a1be,kotlinx/coroutines/flow/StateFlowKt,6,39,15.38
d71579fe692c27ef,androidx/compose/foundation/FocusableInNonTouchMode,6,6,100.0
df41822ba3ad8e8f,androidx/compose/runtime/snapshots/SnapshotStateObserver$applyObserver$1,6,6,100.0
8ad2f84dda074aa0,kotlinx/coroutines/internal/LimitedDispatcher$Worker,6,13,46.15
9418f43c22412c67,androidx/room/RoomMasterTable,6,6,100.0
136df47810e5afcd,org/jellyfin/mobile/utils/SystemUtilsKt,6,126,4.76
47d360327e7985f7,org/koin/core/definition/BeanDefinitionKt,6,20,30.0
c4bd34e39561862e,androidx/compose/animation/core/InfiniteRepeatableSpec,6,30,20.0
2c90b4482b758ca4,com/google/android/gms/common/zzn,6,106,5.66
ffd849c4b79c1131,androidx/core/content/res/GradientColorInflaterCompat$ColorStops,6,8,75.0
35e4b2e3b61f8b05,kotlinx/coroutines/flow/SharingCommand,6,8,75.0
ff7970cf36ec6c16,androidx/compose/ui/ComposedModifierKt$materialize$1,6,6,100.0
422400719c0ff510,androidx/compose/ui/focus/FocusChangedElement,6,19,31.58
49a14e4b56ac0ef1,androidx/compose/material/TextFieldTransitionScope$Transition$labelContentColor$2,6,9,66.67
ed813c697afa1bf3,androidx/compose/animation/core/TransitionState,6,8,75.0
daa9ada35af36a52,androidx/compose/ui/input/nestedscroll/NestedScrollDispatcher,6,50,12.0
3d8bb7cf45d4e65c,kotlinx/coroutines/channels/ChannelResult,6,41,14.63
d862b8be124e1fed,leakcanary/WorkManagerHeapAnalyzer$validWorkManagerInClasspath$2,6,19,31.58
c02ad5078753708e,androidx/compose/runtime/collection/IdentityArraySet$iterator$1,6,9,66.67
0c6ac89e325f6486,kotlinx/coroutines/flow/internal/ChannelFlowOperatorImpl,6,12,50.0
5f7021cf5cec890a,androidx/appcompat/widget/TintTypedArray,6,62,9.68
22a4499141fb2217,kotlin/ranges/IntProgression,6,33,18.18
048db3629b566ad7,androidx/compose/runtime/collection/MutableVector$MutableVectorList,6,30,20.0
a75798b47d7ef163,org/koin/android/ext/koin/ModuleExtKt,6,10,60.0
afaeb3b3e2fc210c,androidx/compose/runtime/internal/PersistentCompositionLocalHashMap$Builder,6,32,18.75
ea53cedf87fada79,kotlin/sequences/SequencesKt___SequencesKt$filterNotNull$1,6,6,100.0
8c2d5e3858e54314,androidx/compose/foundation/gestures/BringIntoViewSpec$Companion,6,6,100.0
e97e8d5cbea9994b,androidx/compose/ui/unit/DpOffset,6,63,9.52
5ab1d094745917fb,androidx/compose/ui/semantics/SemanticsPropertyKey,6,14,42.86
48e42ff6b2ec728a,androidx/compose/foundation/layout/PaddingValuesModifier$measure$2,6,6,100.0
f1c1f9ad16f1bf56,androidx/compose/ui/semantics/SemanticsModifierKt,6,21,28.57
ee85d1afc0f78121,androidx/lifecycle/ViewTreeLifecycleOwner$findViewTreeLifecycleOwner$1,6,7,85.71
f3677058e1fdcc4e,androidx/compose/ui/graphics/GraphicsLayerElement,6,136,4.41
017f89c79ff6140f,androidx/compose/animation/core/Animatable$runAnimation$2$1,6,13,46.15
a6f74c816ae5fa7b,androidx/compose/ui/graphics/vector/ImageVectorKt,6,69,8.7
4afc8bd95d239f19,com/google/android/datatransport/Encoding,6,11,54.55
17f41cafa70758fb,org/jellyfin/sdk/api/client/KtorClient$client$1$1,6,6,100.0
200ce1abc1c7b6f0,curtains/internal/WindowManagerSpy$windowManagerInstance$2,6,8,75.0
fa1f39aa86228a18,androidx/compose/ui/focus/FocusChangedNode,6,7,85.71
d67e99a8196ec2e9,androidx/compose/ui/text/font/TypefaceResult$Immutable,6,7,85.71
7c2dd2bbe95dab7f,androidx/compose/ui/input/pointer/ConsumedData,6,14,42.86
c8ad1f9dddd7907a,androidx/compose/foundation/relocation/BringIntoViewResponderNode$bringChildIntoView$2$1,6,12,50.0
0b6452e1835d69f4,androidx/fragment/app/SpecialEffectsController$Operation$State$WhenMappings,6,10,60.0
51221642c7e8de2e,androidx/compose/runtime/BroadcastFrameClock$withFrameNanos$2$1,6,8,75.0
dfc9f64fe177aeed,androidx/compose/ui/node/HitTestResultKt,6,6,100.0
6b6de0c5d12100a3,androidx/compose/material/InputPhase,6,7,85.71
5253bf0210cb7fc0,androidx/compose/ui/draw/DrawWithContentElement,6,19,31.58
c4006747935bf43f,kotlin/LazyKt__LazyJVMKt,6,11,54.55
97de6f7d5571872b,kotlin/text/CharsKt__CharJVMKt,6,53,11.32
378593e2e0503d62,androidx/compose/material/ripple/RippleThemeKt,6,8,75.0
8bf178ffa8bc43f0,com/google/android/datatransport/runtime/DaggerTransportRuntimeComponent$Builder,6,6,100.0
2c287e2bf389803d,androidx/compose/ui/modifier/ModifierLocalManager,6,116,5.17
f930bc5e1062a5c1,androidx/compose/ui/platform/AndroidComposeViewAccessibilityDelegateCompat$SemanticsNodeCopy,6,16,37.5
5b0fe058b6515b61,androidx/compose/ui/platform/AndroidComposeView$resendMotionEventOnLayout$1,6,8,75.0
c43a1ffa809c3dce,com/google/android/gms/cast/framework/media/CastMediaOptions$Builder,6,10,60.0
5f7d79a9dc943651,kotlin/sequences/FilteringSequence,6,9,66.67
1ab80f5fc9c3887b,androidx/compose/runtime/SnapshotStateKt__SnapshotFlowKt$snapshotFlow$1$readObserver$1,6,7,85.71
78873935063d059f,androidx/compose/ui/focus/FocusOwnerImpl$moveFocus$foundNextItem$1$WhenMappings,6,10,60.0
45d2a7eeed8944e1,com/google/android/gms/internal/cast/zzfm,6,29,20.69
ce6990b8936328fb,org/koin/core/instance/SingleInstanceFactory$get$1,6,6,100.0
61a28d36970fcaaa,androidx/compose/foundation/gestures/DefaultFlingBehavior,6,12,50.0
c9431fe1df557e54,kotlinx/serialization/json/Json,6,26,23.08
7c7a764714e1ecfc,leakcanary/AndroidLeakFixes$USER_MANAGER,6,13,46.15
eb8010e600017df3,com/google/android/gms/internal/cast/zzqj,6,15,40.0
00740cc013770ff2,androidx/compose/ui/focus/FocusTargetNode$WhenMappings,6,10,60.0
4ce576203361e8be,androidx/compose/material/TextFieldTransitionScope$Transition$labelProgress$2,6,9,66.67
363bb650f2cdda52,org/jellyfin/sdk/api/client/KtorClient$client$1,6,6,100.0
c95b7492457e44a1,kotlin/coroutines/jvm/internal/RestrictedContinuationImpl,6,9,66.67
ad488bb139b834c4,androidx/compose/foundation/text/selection/TextFieldPreparedSelection,6,64,9.38
b8bb6b807b05dbc5,androidx/compose/ui/input/pointer/ProcessResult,6,21,28.57
e10f3be37c55232e,androidx/compose/ui/layout/IntrinsicsMeasureScope,6,29,20.69
628c1673bccf5f1b,kotlin/LazyThreadSafetyMode,6,8,75.0
67743d3c426e0570,org/jellyfin/mobile/ui/screens/connect/ServerSelectionKt$StyledTextButton$1,6,8,75.0
2433ebaf6f3067a2,androidx/compose/ui/node/OwnerSnapshotObserver$onCommitAffectingLayoutModifier$1,6,7,85.71
8448f1f8f09d881b,androidx/compose/material/ripple/Ripple$rememberUpdatedInstance$1,6,12,50.0
29fbeeb3e68e97e7,org/jellyfin/mobile/events/ActivityEventHandler$subscribe$1,6,12,50.0
0fcafdcdb1b598e5,androidx/appcompat/app/AppCompatActivity$2,6,6,100.0
7b96001cfe0f57c8,androidx/compose/ui/platform/WindowRecomposer_androidKt$createLifecycleAwareWindowRecomposer$2$onStateChanged$1$1$1,6,12,50.0
c512c1556df16950,androidx/compose/foundation/text/TextFieldCursorKt$cursor$1$1,6,12,50.0
35597fafe6a123a5,leakcanary/internal/HeapDumpControl$hasTestClass$2,6,7,85.71
3fb70b8a20bf77a9,androidx/compose/ui/text/input/KeyboardCapitalization$Companion,6,10,60.0
ed7335617cbeb765,androidx/compose/foundation/relocation/BringIntoViewResponderNode$bringChildIntoView$2$2,6,13,46.15
4e99e5d43534aeff,androidx/compose/ui/focus/FocusTargetNode$FocusTargetElement,6,11,54.55
825452c7cf1df47b,androidx/compose/material/SurfaceKt$Surface$1$2,6,7,85.71
f14bdc9edec7a4a0,androidx/compose/ui/layout/LayoutElement,6,19,31.58
7f58006b2c65fa1d,androidx/compose/runtime/Recomposer$writeObserverOf$1,6,6,100.0
ee13856d3438c684,androidx/compose/foundation/layout/Arrangement$Center$1,6,9,66.67
0e08b0537c28b1da,androidx/lifecycle/LifecycleDispatcher,6,7,85.71
61792558138091b3,androidx/compose/foundation/gestures/DraggableNode,6,39,15.38
e719874ca51d3740,leakcanary/RemoteWorkManagerHeapAnalyzer$remoteLeakCanaryServiceInClasspath$2,6,7,85.71
446b08a2fe9046ea,androidx/compose/foundation/BorderModifierNode$drawRoundRectBorder$1,6,20,30.0
3c81ea75a447c49c,androidx/compose/foundation/gestures/TapGestureDetectorKt$detectTapAndPress$2$1$1,6,12,50.0
812d2dbf6b1d83e5,com/google/android/gms/cast/framework/zzaz,6,61,9.84
331c28b40e2198df,androidx/compose/ui/platform/WrappedComposition$setContent$1$1$1,6,12,50.0
e70a7a7f068a6c1e,androidx/compose/ui/text/platform/AndroidParagraph_androidKt,6,11,54.55
2e943121e04f7912,androidx/compose/ui/input/pointer/PointerEventType$Companion,6,9,66.67
040c9c3ed52b7abf,leakcanary/internal/HeapDumpControl$hasLeakAssertionsClass$2,6,7,85.71
bcb7cd1f358cb8f4,androidx/compose/ui/layout/PlaceableKt,6,6,100.0
f58c9cd32ac4ea20,androidx/compose/runtime/snapshots/SnapshotStateListKt,6,16,37.5
9803089e83594f14,androidx/compose/ui/text/style/LineBreak$Strictness$Companion,6,7,85.71
3087f91fc5b39a40,io/ktor/client/statement/HttpReceivePipeline,6,13,46.15
d62be83e91c94c80,androidx/emoji2/text/ConcurrencyHelpers,6,10,60.0
62342e048a581a1b,kotlinx/coroutines/internal/FastServiceLoaderKt,6,7,85.71
84df4d3c07113e28,androidx/core/view/AccessibilityDelegateCompat,6,61,9.84
73e1a8acfd55b8ed,androidx/compose/ui/focus/FocusEventModifierNodeKt$WhenMappings,6,10,60.0
8f081c960bd48c75,androidx/compose/ui/text/input/TextInputServiceAndroid$WhenMappings,6,10,60.0
37cf666f1af3dd8e,org/slf4j/helpers/Util,6,30,20.0
55fc6f36a77db4a8,androidx/compose/ui/platform/GlobalSnapshotManager$ensureStarted$2,6,6,100.0
3d9d35450979eb14,androidx/compose/foundation/text/HeightInLinesModifierKt,6,22,27.27
792a505b4b5d8a67,kotlinx/coroutines/JobNode,6,8,75.0
e1e016805a229e40,com/google/android/gms/common/util/PlatformVersion,6,42,14.29
541673f530538310,androidx/compose/foundation/text/selection/SelectionManagerKt,6,106,5.66
fefbd9c0baa47842,androidx/compose/foundation/FocusableInteractionNode$emitWithFallback$1,6,12,50.0
605f7ffea365a35d,com/google/android/gms/common/api/internal/TaskApiCall,6,9,66.67
869bb5bba15d98a7,androidx/compose/ui/node/LayoutNodeLayoutDelegate$MeasurePassDelegate$layoutChildrenBlock$1$2,6,6,100.0
586ca32e88ff4537,androidx/compose/ui/platform/AndroidComposeView$snapshotObserver$1,6,10,60.0
9a9ad4de400dfc0c,org/jellyfin/mobile/MainActivity$onCreate$3,6,12,50.0
94d82fe8704e912b,androidx/compose/ui/graphics/drawscope/DrawScope$Companion,6,6,100.0
58118b73407a700b,kotlin/math/MathKt__MathJVMKt,6,164,3.66
a6e7d0e8a533be56,androidx/savedstate/Recreator,6,34,17.65
48429cd5864aadc0,leakcanary/LogcatSharkLog,6,13,46.15
f1bb7d078a4a3110,androidx/compose/runtime/external/kotlinx/collections/immutable/internal/DeltaCounter,6,20,30.0
efcd633185f2b9c1,androidx/compose/ui/node/LayoutNode$UsageByParent,6,7,85.71
daeff10e31e7da18,androidx/compose/runtime/InvalidationResult,6,8,75.0
461fc06503e87b9a,androidx/compose/ui/platform/DragAndDropModifierOnDragListener,6,24,25.0
721532ffc4e82d47,org/jellyfin/mobile/utils/SmartOrientationListener,6,11,54.55
a1b7b6fbba20ad6b,leakcanary/internal/activity/db/HeapAnalysisTable,6,224,2.68
3ab0e7b79a0e8c55,androidx/lifecycle/EmptyActivityLifecycleCallbacks,6,8,75.0
dad7e2735651fa1c,androidx/savedstate/ViewTreeSavedStateRegistryOwner,6,6,100.0
0c2ac7329ba225bc,io/ktor/client/HttpClientConfig$install$2,5,6,83.33
d6c980d3e7be8f0b,androidx/compose/material/TextFieldTransitionScope$WhenMappings,5,8,62.5
50e813d3979bfd65,com/google/android/datatransport/runtime/time/TimeModule_UptimeClockFactory,5,5,100.0
ab79a9481c92c42d,kotlin/internal/jdk8/JDK8PlatformImplementations,5,19,26.32
0335bd408d5e81f9,androidx/compose/foundation/interaction/MutableInteractionSourceImpl,5,7,71.43
994c795a464343e3,com/google/android/datatransport/runtime/AutoValue_TransportContext,5,22,22.73
09cdc5d65d67ff9c,com/google/android/datatransport/runtime/scheduling/persistence/EventStoreModule_DbNameFactory,5,5,100.0
26697c5ee80a8204,androidx/lifecycle/SavedStateHandleAttacher,5,9,55.56
5bcd4d5fc05cef1f,leakcanary/internal/InternalLeakCanary$invoke$1,5,5,100.0
971f1880d02741aa,androidx/compose/ui/text/style/TextForegroundStyle$Unspecified,5,5,100.0
39ce344989fdb155,androidx/compose/ui/graphics/AndroidCanvas_androidKt,5,7,71.43
160047df0c1ebea4,androidx/compose/runtime/changelist/Operation$EnsureGroupStarted,5,12,41.67
4278ec18fe90745b,androidx/compose/animation/core/Transition$animateTo$1$1$1,5,6,83.33
0e706088e3accb3a,androidx/compose/runtime/SnapshotMutableStateImpl$StateStateRecord,5,5,100.0
e6dc5c15c0e4b2a4,androidx/compose/foundation/gestures/BringIntoViewSpec$Companion$DefaultBringIntoViewSpec$1,5,13,38.46
101f84faec641cd2,androidx/compose/runtime/ProvidedValue,5,5,100.0
dde81b67070dd90a,androidx/compose/ui/platform/InspectableValueKt,5,12,41.67
7bae7f13264b2fcd,leakcanary/internal/ViewModelClearedWatcher$Companion,5,5,100.0
99ef95c5097d4cc2,org/jellyfin/mobile/ui/state/ServerSelectionMode,5,7,71.43
9b4ea9ddd67a4f66,androidx/compose/material/MinimumInteractiveModifierNode$measure$1,5,5,100.0
f746c2b924b5d94b,leakcanary/WorkManagerHeapAnalyzer,5,23,21.74
9eecf54e794d0efe,androidx/arch/core/executor/DefaultTaskExecutor,5,27,18.52
af393b625de59662,androidx/compose/ui/node/NodeCoordinator$Companion$onCommitAffectingLayer$1,5,6,83.33
97a6e8d2f173676b,androidx/compose/ui/graphics/vector/ImageVector$Companion,5,6,83.33
78be01d77e8340d0,kotlin/LazyKt__LazyJVMKt$WhenMappings,5,8,62.5
886c3d72e68e4f56,androidx/compose/foundation/text/BasicTextFieldKt$BasicTextField$3$1,5,8,62.5
f3eb254dbc14ddc5,androidx/compose/ui/text/platform/AndroidParagraphIntrinsics$resolveTypeface$1,5,9,55.56
844d8bba4c8d81d2,androidx/lifecycle/ProcessLifecycleOwner$initializationListener$1,5,5,100.0
e23b76b60d944324,androidx/compose/ui/input/pointer/util/VelocityTracker,5,24,20.83
7c69bd9350289138,kotlin/sequences/TransformingSequence$iterator$1,5,7,71.43
10c0c5fb7024010e,androidx/compose/foundation/text/FixedMotionDurationScale,5,7,71.43
9bba5ce294a13d45,org/jellyfin/mobile/app/ApiClientController$loadSavedServer$server$1,5,10,50.0
2265f7641eb88443,androidx/compose/ui/node/TailModifierNode,5,8,62.5
0e1f769aa78d3c81,kotlin/Pair,5,22,22.73
462d94b4b7f811f1,androidx/compose/runtime/changelist/Operation$Remember,5,12,41.67
f89be3567e7ab4e3,com/google/android/gms/common/api/GoogleApi$Settings$Builder,5,9,55.56
53f5f716a0510619,androidx/compose/ui/geometry/SizeKt,5,32,15.62
d3ff6ecf13e3abb8,androidx/compose/ui/text/style/LineBreak$Strategy$Companion,5,6,83.33
8440fe80d07662a5,com/google/android/datatransport/runtime/scheduling/persistence/EventStoreModule_SchemaVersionFactory,5,5,100.0
4f3a6359c0dea81e,com/google/android/gms/tasks/zzm,5,8,62.5
1a7a81a4eed11914,androidx/compose/ui/platform/AndroidTextToolbar,5,24,20.83
2bea69c117113970,com/google/android/datatransport/runtime/backends/CreationContextFactory_Factory,5,5,100.0
95c7400ff68a6011,androidx/mediarouter/media/PlatformMediaRouter1RouteProvider,5,10,50.0
3c06e733ce255c22,com/google/android/datatransport/runtime/scheduling/DefaultScheduler_Factory,5,5,100.0
c1003b65020e1016,com/google/android/gms/tasks/zzi,5,8,62.5
ac21e3b3a815776b,com/google/android/gms/internal/cast/zzmx,5,6,83.33
77db79f1ca36cf2a,io/ktor/client/features/HttpCallValidator,5,44,11.36
1e7f1f4573bcb573,leakcanary/AndroidLeakFixes$FLUSH_HANDLER_THREADS,5,7,71.43
1adead89b35e31da,androidx/compose/runtime/LazyValueHolder,5,5,100.0
b1de92bdb63647f4,com/google/android/gms/cast/framework/SessionProvider,5,6,83.33
e076ab9b4941e60c,com/google/android/gms/cast/framework/zzl,5,5,100.0
f84067b110ea8868,io/ktor/client/engine/okhttp/OkHttpEngine$dispatcher$2,5,5,100.0
ec4f6d39a0b6c1dd,androidx/compose/ui/input/pointer/PointerInputChangeEventProducer$PointerInputData,5,6,83.33
a428ae983e956d67,kotlin/jvm/internal/CallableReference,5,30,16.67
e87ed74f44caa600,androidx/compose/foundation/text/CoreTextFieldKt$CoreTextField$4,5,11,45.45
fb1a32aa1804511f,androidx/compose/ui/graphics/vector/PathNode$RelativeReflectiveCurveTo,5,28,17.86
984ccbc5d8717e99,kotlin/coroutines/EmptyCoroutineContext,5,9,55.56
b3c0cac02569533a,io/ktor/util/AttributesJvmBase,5,13,38.46
779d05a8607502ca,com/google/android/datatransport/runtime/scheduling/jobscheduling/Uploader_Factory,5,5,100.0
6fbf5bd7876f6d75,androidx/emoji2/text/EmojiCompatInitializer$LoadEmojiCompatRunnable,5,7,71.43
22fc582f8c14698e,org/koin/core/definition/BeanDefinition$toString$defOtherTypes$typesAsString$1,5,5,100.0
8de8237dd9ad3e0e,kotlin/sequences/GeneratorSequence,5,5,100.0
fab85962631d6687,androidx/compose/runtime/Invalidation,5,6,83.33
91fe62145a5ccda3,io/ktor/util/collections/CollectionUtilsKt,5,8,62.5
352bfa9838353a66,shark/AndroidReferenceMatchers,5,14,35.71
fd61d30ad0b4ab4f,androidx/compose/foundation/text/CoreTextFieldKt$CoreTextField$2$2,5,10,50.0
7949ee1b08d57cef,leakcanary/LeakCanary,5,33,15.15
e24d87ece48922b3,leakcanary/internal/activity/LeakActivity$Companion,5,13,38.46
e54d387290e9d22f,androidx/compose/ui/text/input/VisualTransformation$Companion,5,6,83.33
3290bf4e70314348,androidx/compose/material/ElevationOverlayKt$LocalAbsoluteElevation$1,5,5,100.0
c115a702b70a4eea,androidx/compose/material/ripple/RippleAlpha,5,29,17.24
e8053769d37e7a3c,androidx/compose/runtime/snapshots/GlobalSnapshot$1$1$1,5,8,62.5
148d33c200d1a8b6,androidx/compose/foundation/text/ValidatingOffsetMapping,5,35,14.29
20d4e97142380d99,androidx/compose/foundation/relocation/BringIntoViewResponderNode$bringChildIntoView$parentRect$1,5,6,83.33
a8f3dd4ff2dde2fd,leakcanary/internal/HandlersKt,5,14,35.71
49935b21fb1e655c,androidx/compose/animation/CrossfadeKt$Crossfade$5$1$alpha$2,5,8,62.5
f65994ee16749803,androidx/compose/foundation/gestures/TapGestureDetectorKt$detectTapAndPress$2$1$4,5,8,62.5
9be96b2d20c3081f,kotlin/collections/CollectionsKt__CollectionsJVMKt,5,45,11.11
301f8d511d3d33f6,androidx/compose/ui/graphics/vector/PathNode$ReflectiveCurveTo,5,28,17.86
4f58973b550c60e8,com/google/android/gms/internal/cast/zzcy,5,6,83.33
99a3aa078c0576dd,androidx/compose/ui/input/pointer/PointerInputEventProcessorKt,5,6,83.33
1955ad5f2df02559,androidx/compose/material/ripple/Ripple$rememberUpdatedInstance$1$1,5,8,62.5
70e6cf894d279238,io/ktor/client/request/HttpRequestPipeline$Phases,5,7,71.43
87848fe01c97d9c0,androidx/appcompat/widget/DrawableUtils,5,32,15.62
7f5e7ee1521fb6b1,androidx/compose/ui/draw/DrawBackgroundModifier,5,6,83.33
4fd325526e5d2666,org/jellyfin/mobile/MainActivity$serviceConnection$1,5,8,62.5
f73ec03778e10df5,androidx/compose/ui/graphics/vector/PathNode$RelativeQuadTo,5,28,17.86
c9ebd1ec491e898a,androidx/compose/foundation/gestures/ScrollableElement,5,49,10.2
cebe43653b6a1808,kotlinx/coroutines/internal/SystemPropsKt__SystemPropsKt,5,6,83.33
7abfe83d85ff64a8,org/jellyfin/mobile/databinding/FragmentComposeBinding,5,12,41.67
5890b1717f6c55bf,kotlinx/coroutines/flow/internal/SubscriptionCountStateFlow,5,11,45.45
0ab9aeaf361f4bad,io/ktor/client/HttpClient$3$1,5,5,100.0
dd9a98829036b145,androidx/compose/ui/text/input/ImeAction$Companion,5,18,27.78
45f4cd5b4a444a9f,androidx/compose/ui/node/ObserverNodeOwnerScope,5,5,100.0
20b8dd48aa359f05,androidx/compose/runtime/ComposableSingletons$CompositionKt,5,6,83.33
044d489e549fddde,com/google/android/datatransport/runtime/scheduling/jobscheduling/WorkInitializer,5,7,71.43
3996cb46b99f2cd8,curtains/Curtains,5,8,62.5
63fe4a7c871d1722,org/koin/androidx/fragment/koin/KoinApplicationExtKt$fragmentFactoryModule$1$1,5,5,100.0
9bbbce8ed57e5d63,androidx/compose/ui/text/style/TextOverflow$Companion,5,8,62.5
30065ffa1566ae80,androidx/compose/ui/platform/AndroidClipboardManager,5,21,23.81
0330af17b8762bb8,androidx/compose/ui/unit/TextUnitType$Companion,5,5,100.0
5b4a4266a9a4b5cb,com/google/android/datatransport/Priority,5,6,83.33
acb9e8cd59bb7d20,io/ktor/client/HttpClientKt,5,11,45.45
004ff05dd4143eec,com/google/android/gms/common/api/internal/zabu,5,25,20.0
367077928a6931b6,androidx/compose/foundation/BackgroundKt,5,21,23.81
faba48d68af48fb2,kotlin/collections/EmptySet,5,28,17.86
b85a367a11033cb4,androidx/compose/foundation/text/HandleState,5,7,71.43
d09863e26851bb69,com/google/android/gms/internal/cast/zzsi,5,44,11.36
950706461a09eb78,androidx/compose/animation/FlingCalculatorKt,5,6,83.33
feff7070b6a0d0d2,androidx/compose/ui/focus/FocusTargetNodeKt,5,11,45.45
28d7dc60f34313a5,kotlin/ULong,5,99,5.05
539f30531becd5e9,org/koin/android/ext/koin/KoinExtKt,5,45,11.11
6e37ee88c01a5ab3,kotlinx/coroutines/UndispatchedCoroutine,5,45,11.11
fec18ffe468b0e4d,leakcanary/internal/activity/db/Db$DbContext,5,6,83.33
abb093c5a7ecb095,org/koin/dsl/ModuleDSLKt,5,14,35.71
5647d8b7d5b491a0,androidx/compose/ui/text/input/TransformedText,5,12,41.67
c48a3f694a60b27e,com/google/android/gms/internal/cast/zzfq,5,76,6.58
f656eb98a23f1899,androidx/compose/ui/geometry/Offset$Companion,5,8,62.5
aba6a85117f21e61,androidx/core/splashscreen/SplashScreen$Companion,5,5,100.0
bd036b3276e3ea64,androidx/core/view/MenuHostHelper,5,53,9.43
2684a1c2a4cc39a7,androidx/compose/material/ripple/RippleAnimationKt,5,7,71.43
fd377948a29b493a,kotlinx/coroutines/Dispatchers,5,12,41.67
740ae0eeca030c9d,io/ktor/client/engine/okhttp/OkHttp,5,5,100.0
3210524083296fd9,org/jellyfin/mobile/ui/screens/connect/ComposableSingletons$ServerSelectionKt,5,6,83.33
d6ead51e35428a92,androidx/compose/foundation/text/TextFieldScrollerPosition$Companion$Saver$1,5,6,83.33
aabecbe51b40784f,kotlinx/coroutines/flow/FlowKt__ShareKt$launchSharing$1$2$WhenMappings,5,8,62.5
0729b5ad895b3551,androidx/compose/ui/platform/DisposableSaveableStateRegistry,5,7,71.43
20a3dc4bca816a33,androidx/fragment/app/Fragment$2,5,7,71.43
3ba973ff6713ecb1,androidx/compose/ui/text/style/Hyphens$Companion,5,5,100.0
1b0f6c72af9d84b6,com/google/android/datatransport/runtime/scheduling/SchedulingConfigModule_ConfigFactory,5,5,100.0
9f9fdb619b1083f0,androidx/compose/ui/graphics/Outline$Rounded,5,14,35.71
ff240114ecfffb25,leakcanary/internal/PlumberInstaller,5,12,41.67
04ae3784555946e0,leakcanary/internal/InternalLeakCanary$isDebuggableBuild$2,5,6,83.33
c31326c9c93c11af,com/google/android/gms/common/ConnectionResult,5,66,7.58
c65a5d987e898dd7,androidx/compose/runtime/external/kotlinx/collections/immutable/implementations/immutableMap/TrieNode$ModificationResult,5,7,71.43
67f0424720d13cf8,shark/AndroidReferenceMatchers$CLIPBOARD_EX_MANAGER,5,5,100.0
b8a006973b73011c,androidx/compose/ui/input/pointer/PointerHoverIconModifierElement,5,30,16.67
d2b539e2c48cd5a2,com/google/android/gms/common/api/Status,5,50,10.0
0c621e2113eecd56,androidx/compose/ui/unit/AndroidDensity_androidKt,5,7,71.43
b8d1e316ddda673f,kotlinx/coroutines/JobCancellationException,5,26,19.23
b6ff491ebf9cbe2a,androidx/compose/foundation/text/TextFieldKeyInput_androidKt,5,6,83.33
6325a1cb50e0e74a,androidx/compose/ui/input/pointer/util/VelocityTracker1D$Strategy,5,6,83.33
d7dee0f1a79e40ff,androidx/compose/ui/platform/AndroidUiDispatcher$Companion,5,7,71.43
1655bfd0c1fc418b,androidx/compose/foundation/text/CoreTextFieldKt$previewKeyEventToDeselectOnBack$1,5,8,62.5
1caf06178d203dfd,org/slf4j/helpers/SubstituteServiceProvider,5,10,50.0
0636a8e39fffbea5,com/google/android/datatransport/cct/CctBackendFactory,5,5,100.0
7672bb14957bb460,com/google/android/datatransport/runtime/scheduling/persistence/SchemaManager_Factory,5,5,100.0
854ada3f2c6b1fd1,org/jellyfin/sdk/JellyfinOptions$Builder$apiClientFactory$1,5,11,45.45
57919150b8d91b0a,com/google/android/datatransport/runtime/time/TimeModule_EventClockFactory,5,5,100.0
444d4c9435323269,com/google/android/datatransport/runtime/scheduling/SchedulingModule_WorkSchedulerFactory,5,5,100.0
4295ae9e85896166,androidx/activity/ComponentActivity$4,5,5,100.0
bc18bd1f6c32679a,com/google/android/gms/dynamite/zzc,5,9,55.56
8987ea830bcf3baa,curtains/internal/RootViewsSpy$Companion$install$1$1,5,5,100.0
d4f8f55870328925,kotlinx/coroutines/flow/FlowKt__LimitKt$dropWhile$$inlined$unsafeFlow$1,5,6,83.33
bc6d55134a0be14d,androidx/compose/ui/unit/LayoutDirection,5,6,83.33
7217cee03aa76f41,kotlin/sequences/TransformingSequence,5,7,71.43
f7b601bd1fe418a4,org/jellyfin/sdk/api/client/KtorClient,5,117,4.27
25228a3154e1aec1,androidx/compose/foundation/gestures/Orientation,5,6,83.33
ed0e50b903e53399,kotlin/sequences/ConstrainedOnceSequence,5,6,83.33
7f0654a46cc9cfaf,io/ktor/util/CoroutinesUtilsKt,5,19,26.32
d4abfc114c3389d1,kotlin/jvm/internal/Reflection,5,46,10.87
26c98dcd3d2c2295,androidx/compose/foundation/layout/RowColumnMeasurePolicy$measure$1,5,5,100.0
fe778e08a439ea37,com/google/android/datatransport/runtime/backends/MetadataBackendRegistry_Factory,5,5,100.0
f87c9f01ccdd06d5,androidx/compose/animation/core/MutatePriority,5,7,71.43
f914b02b683a0aff,com/google/android/gms/cast/framework/zzj,5,5,100.0
272587ba9a95e48f,androidx/compose/foundation/text/selection/TextSelectionColorsKt,5,7,71.43
e98c9e295725f769,leakcanary/internal/activity/db/ScopedLeaksDb$DbOpener,5,19,26.32
f4fdc1bd8c930d9e,androidx/compose/animation/core/VectorizedAnimationSpecKt,5,8,62.5
1328a7f84a76bdc9,kotlinx/coroutines/CoroutineContextKt$hasCopyableElements$1,5,8,62.5
ca948fa6cddae0df,androidx/compose/foundation/relocation/BringIntoViewRequesterNode$bringIntoView$2,5,6,83.33
838eb6f95d34f6f6,com/google/android/gms/common/GoogleApiAvailabilityLight,5,64,7.81
bc3fdbbbf01462f0,androidx/appcompat/app/AppCompatDelegateImpl$2,5,8,62.5
d68b43cc584455ab,androidx/compose/runtime/CompositionLocal,5,8,62.5
0df969b365d3dca9,org/koin/androidx/viewmodel/factory/KoinViewModelFactory,5,10,50.0
3b0e28b91c162ca3,com/google/android/datatransport/runtime/scheduling/jobscheduling/AutoValue_SchedulerConfig_ConfigValue,5,19,26.32
188a47986257aa59,androidx/compose/ui/node/MutableVectorWithMutationTracking,5,22,22.73
79595cf1f1f6bf8c,androidx/activity/result/ActivityResultRegistry$generateRandomNumber$1,5,5,100.0
ce43dfe0225cdd1c,com/google/android/gms/internal/cast/zzuo,5,13,38.46
d7a17fa9dbc1ac06,androidx/lifecycle/ProcessLifecycleOwner$Companion,5,6,83.33
39b667b8c55bda23,androidx/compose/ui/text/caches/SimpleArrayMap,5,228,2.19
18cc65d1a7a17eee,androidx/compose/foundation/layout/PaddingNode$measure$1,5,6,83.33
ed6da2892b3c137c,kotlin/text/Regex,5,94,5.32
e1d74d919cc6d8e1,androidx/compose/runtime/SnapshotMutableLongStateImpl$LongStateStateRecord,5,5,100.0
d687c2babcd5bf85,kotlinx/coroutines/UndispatchedMarker,5,7,71.43
9e647fdf242497ef,androidx/compose/runtime/Pending$keyMap$2,5,8,62.5
11414e3334872c70,androidx/compose/ui/unit/DensityWithConverter,5,26,19.23
925f52b3eddf6816,androidx/compose/ui/platform/WindowRecomposerFactory$Companion,5,6,83.33
c918e2a56191a0c3,androidx/compose/foundation/ClickableElement,5,30,16.67
ab23114aa5e98cbf,androidx/appcompat/widget/VectorEnabledTintResources,5,56,8.93
4828cb4516407902,androidx/compose/foundation/layout/FillElement,5,18,27.78
183992cf8c952931,androidx/collection/ArraySetKt,5,231,2.16
61d09f99ebeea4de,androidx/compose/foundation/Magnifier_androidKt,5,62,8.06
f773c9f9fa9e7563,androidx/compose/animation/core/StartOffsetType,5,20,25.0
02572c9444a01829,androidx/compose/ui/graphics/colorspace/ColorModel$Companion,5,6,83.33
bd21a54efc61e1e6,androidx/compose/runtime/GroupKind$Companion,5,5,100.0
e4131cf72827048f,androidx/compose/ui/layout/ScaleFactorKt,5,31,16.13
21c78a06adf9875f,androidx/compose/animation/core/KeyframesSpec$KeyframeEntity,5,15,33.33
5810bfc58cff6969,com/google/android/datatransport/runtime/ExecutionModule_ExecutorFactory,5,5,100.0
c896431cd9de7d14,androidx/compose/animation/core/StartOffset,5,28,17.86
bc06aa45d0ac42e5,leakcanary/internal/MainProcessAppWatcherInstaller,5,12,41.67
4e83af9b1e121489,androidx/compose/foundation/AbstractClickableNode$InteractionData,5,9,55.56
783e0ba00eca6ac2,androidx/compose/runtime/changelist/Operation$SideEffect,5,12,41.67
69f06eecc6135c4b,org/jellyfin/mobile/data/dao/UserDao_Impl,5,195,2.56
ee9c7363dab6a1a1,com/google/android/datatransport/runtime/scheduling/jobscheduling/WorkInitializer_Factory,5,5,100.0
900216ff8a963cc1,com/google/android/datatransport/runtime/backends/MetadataBackendRegistry,5,8,62.5
87236abbbcf2598c,leakcanary/ServiceWatcher$install$3$2,5,12,41.67
d0c4b184f6954f58,androidx/startup/InitializationProvider,5,12,41.67
70272a03725816cf,leakcanary/internal/activity/screen/LeaksScreen$createView$$inlined$apply$lambda$1,5,5,100.0
b53d703b6607d22f,androidx/compose/ui/node/ObserverNodeOwnerScope$Companion$OnObserveReadsChanged$1,5,6,83.33
115400a45bf57be2,org/jellyfin/sdk/discovery/LocalServerDiscovery$json$1,5,5,100.0
0269087e72efbdb0,io/ktor/client/features/DefaultResponseValidationKt$addDefaultResponseValidation$1,5,5,100.0
ff043b2ec3a52eea,androidx/compose/ui/graphics/ShadowKt,5,5,100.0
b91c13319f52ff50,com/google/android/gms/internal/cast/zznd,5,6,83.33
5a0c9c80f9c5704a,com/google/android/datatransport/runtime/TransportRuntime_Factory,5,5,100.0
eeff24b9012b8e69,com/google/android/datatransport/runtime/scheduling/persistence/EventStoreModule_StoreConfigFactory,5,5,100.0
e26a9aea5948c6f8,androidx/compose/runtime/StaticProvidableCompositionLocal,5,7,71.43
f52912d9dae044cb,com/google/android/datatransport/runtime/scheduling/persistence/SQLiteEventStore_Factory,5,5,100.0
9093f8fc107cce8e,androidx/compose/ui/node/BackwardsCompatNodeKt,5,8,62.5
d9f3995e567e2df9,androidx/compose/ui/input/pointer/SuspendingPointerInputModifierNodeImpl$WhenMappings,5,8,62.5
d2934e4e120e79d4,androidx/compose/ui/graphics/colorspace/RenderIntent$Companion,5,6,83.33
f547c74a8582b9ce,androidx/compose/runtime/changelist/Operation$AdvanceSlotsBy,5,12,41.67
441801c6bef237df,org/jellyfin/mobile/ui/screens/connect/ServerSelectionKt$ServerUrlField$1$1,5,7,71.43
691b20a00245e161,androidx/fragment/app/SpecialEffectsController$Operation$WhenMappings,5,8,62.5
d50311af56374b77,kotlinx/coroutines/internal/LockFreeTaskQueueCore$Companion,5,10,50.0
f45437918c4c0983,kotlinx/coroutines/channels/BufferOverflow,5,8,62.5
54a3ca85efa19610,androidx/compose/animation/core/Transition$Segment,5,7,71.43
2af01e21b04bb50a,androidx/lifecycle/ViewModelProvider$Factory,5,8,62.5
36c6374638912878,androidx/compose/ui/text/ParagraphIntrinsicInfo,5,24,20.83
7d99a58504c6eb1e,leakcanary/AndroidLeakFixes$ACCESSIBILITY_NODE_INFO$apply$starvePool$1,5,5,100.0
daa545eadca24ea9,androidx/compose/animation/ColorVectorConverterKt$ColorToVector$1$1,5,5,100.0
f436b250ecfdc203,com/google/android/gms/internal/cast/zzbg,5,7,71.43
6a94620580c8ec3e,com/google/android/datatransport/cct/internal/BatchedLogRequest,4,6,66.67
6dfdf97a36fb546a,androidx/compose/ui/text/font/AndroidFontResolveInterceptor,4,19,21.05
8c8e8fd7c5884759,androidx/compose/ui/focus/FocusOwnerImpl$modifier$1,4,11,36.36
37fc6bc2175fbdba,androidx/compose/foundation/shape/DpCornerSize,4,17,23.53
ea70706bf146d740,com/google/android/gms/internal/common/zzi,4,6,66.67
94f34967e4c80fd8,io/ktor/client/HttpClientConfig$special$$inlined$shared$2,4,4,100.0
68ce9a588860b95f,androidx/compose/foundation/gestures/ContentInViewNode$WhenMappings,4,6,66.67
a872171f17994e27,com/google/android/gms/internal/cast/zzvg,4,36,11.11
09738159d9f3279b,androidx/compose/ui/text/style/TextMotion$Linearity$Companion,4,5,80.0
e70ab43d18df42cf,leakcanary/internal/activity/screen/LeaksScreen$createView$$inlined$apply$lambda$1$1,4,4,100.0
bc411af9b492728a,androidx/compose/runtime/SkippableUpdater,4,18,22.22
98b47684719ce3a4,leakcanary/RemoteWorkManagerHeapAnalyzer,4,20,20.0
c9a9e0157a67b021,androidx/compose/ui/layout/PlaceableKt$DefaultLayerBlock$1,4,4,100.0
37659cde452f4151,leakcanary/RootViewWatcher,4,6,66.67
64b595c734f5845c,kotlinx/coroutines/internal/ThreadContextKt$countAll$1,4,13,30.77
8396730aef6d342f,androidx/compose/material/TextFieldImplKt$CommonDecorationBox$3$WhenMappings,4,6,66.67
b328802267aa0170,androidx/compose/runtime/tooling/InspectionTablesKt$LocalInspectionTables$1,4,4,100.0
4cc87394440cf217,androidx/compose/ui/node/DrawModifierNodeKt,4,5,80.0
1409e205e4b67982,androidx/compose/foundation/ImageKt$Image$1$1,4,4,100.0
11b14a9e91f12b7a,com/google/android/gms/common/GoogleApiAvailability,4,186,2.15
fd015f7de2e386a4,androidx/compose/ui/graphics/AndroidBlendMode_androidKt,4,92,4.35
948ba6aa535c82a6,shark/AndroidReferenceMatchers$TEXT_TO_SPEECH,4,4,100.0
47e51b26664a3b44,androidx/compose/ui/layout/BeyondBoundsLayoutKt$ModifierLocalBeyondBoundsLayout$1,4,4,100.0
e93eb7bfd6cc7d27,androidx/compose/animation/core/TransitionKt$updateTransition$1$1,4,4,100.0
dd437eedf1289b65,androidx/compose/animation/core/VectorizedAnimationSpecKt$createSpringAnimations$2,4,4,100.0
7f81feb2b0097034,androidx/compose/foundation/ClickablePointerInputNode$pointerInput$3,4,5,80.0
652fcedf8a428025,androidx/compose/animation/core/RepeatMode,4,6,66.67
246a8963909d5c2a,androidx/compose/ui/node/LayoutNode$Companion$Constructor$1,4,4,100.0
95f1c0100c04f03b,androidx/compose/ui/text/intl/LocaleList,4,46,8.7
b5885532943dad72,androidx/compose/foundation/FocusedBoundsObserverNode,4,12,33.33
ace6a218d3bbd816,androidx/compose/foundation/layout/SpacerMeasurePolicy$measure$1$1,4,4,100.0
52dd0f6d99841e7b,androidx/compose/ui/node/DepthSortedSet$DepthComparator$1,4,4,100.0
74292d4cd0761e73,leakcanary/AndroidLeakFixes$LAST_HOVERED_VIEW,4,7,57.14
01c744b3199a7780,org/jellyfin/mobile/player/cast/Chromecast,4,120,3.33
c57f21adccd678ee,androidx/compose/runtime/CompositionLocalMap$Companion,4,4,100.0
ec7c58b2c1208b5a,androidx/collection/LruCache,4,125,3.2
5a7a825771ff23f0,org/jellyfin/mobile/JacocoInstrument/SMSInstrumentedReceiver,4,7,57.14
c5b790a50bf42e5c,io/ktor/client/features/HttpTimeout$HttpTimeoutCapabilityConfiguration$special$$inlined$shared$2,4,4,100.0
9171ee0edc0fec87,curtains/internal/RootViewsSpy$Companion,4,4,100.0
ed8d71f19a2541d4,androidx/room/RoomDatabase$MigrationContainer,4,65,6.15
b605739e841d5283,androidx/compose/ui/platform/AndroidComposeView_androidKt$platformTextInputServiceInterceptor$1,4,4,100.0
53d664bc4d7f4808,androidx/compose/ui/layout/LayoutModifierImpl,4,6,66.67
4ae45c78cd72032f,com/google/android/gms/internal/cast/zzth,4,8,50.0
ad1de95b24b37dd9,androidx/compose/ui/text/font/PlatformResolveInterceptor,4,5,80.0
2a35e0f440402a89,androidx/compose/ui/input/key/KeyEventType$Companion,4,5,80.0
85365125e7d028c9,androidx/compose/ui/semantics/EmptySemanticsElement,4,11,36.36
4c9ce0da7776e8e8,kotlin/Triple,4,29,13.79
bbcf404057bfa5ed,androidx/compose/ui/draw/PainterElement,4,68,5.88
d8f32e0577ab4255,com/google/android/gms/cast/internal/zze,4,4,100.0
6504f706296e1e90,androidx/compose/material/TextKt$LocalTextStyle$1,4,4,100.0
4465e0f47b3a7cb6,androidx/compose/ui/text/style/LineBreak$Companion,4,10,40.0
238790b41d50b5a2,androidx/compose/material/TextFieldType,4,5,80.0
5be9629298b7d4db,io/ktor/client/statement/HttpResponsePipeline$Phases,4,7,57.14
c2835d88202624d3,androidx/compose/foundation/text/TextFieldFocusModifier_androidKt$interceptDPadAndMoveFocus$1,4,16,25.0
29a48788ffa2a20b,io/ktor/client/features/HttpTimeout,4,15,26.67
f37ec1f45aa63fa4,leakcanary/AndroidLeakFixes$BUBBLE_POPUP,4,7,57.14
8e04e34d4e6f1af0,curtains/Curtains$rootViewsSpy$2,4,4,100.0
afd580d3ecefbaa9,androidx/compose/ui/input/rotary/RotaryInputElement,4,37,10.81
01aec00f26ee783a,androidx/compose/ui/BiasAlignment$Vertical,4,15,26.67
74d8002ba3829cd7,org/koin/androidx/viewmodel/parameter/AndroidParametersHolder,4,24,16.67
a154401510b08468,androidx/mediarouter/media/MediaRouteProvider$ProviderHandler,4,5,80.0
bacec410e6b11fd5,com/google/firebase/encoders/json/JsonDataEncoderBuilder$TimestampEncoder,4,6,66.67
0979019812b94a0e,androidx/compose/ui/focus/FocusRequesterNode,4,9,44.44
cb304db0ed542436,androidx/compose/ui/node/LayoutNodeLayoutDelegate$MeasurePassDelegate$layoutChildrenBlock$1$1,4,4,100.0
1c561d7ebd95418c,com/google/android/gms/internal/cast/zzai,4,11,36.36
665208e33257a19f,androidx/compose/material/ColorsKt$LocalColors$1,4,4,100.0
e835c10174626e81,androidx/room/util/CursorUtil,4,86,4.65
75b6c397aacdf627,androidx/compose/foundation/text/TextFieldPressGestureFilterKt$tapPressTextFieldModifier$1$1$1,4,4,100.0
4ecd3af6f8be9b7f,androidx/compose/ui/platform/ComposableSingletons$Wrapper_androidKt,4,4,100.0
f3e5b5b4ce8185dc,kotlinx/coroutines/DefaultExecutorKt,4,11,36.36
89f071aa994b458d,androidx/compose/material/ContentColorKt$LocalContentColor$1,4,4,100.0
8e60898ff4c06fa7,kotlin/coroutines/AbstractCoroutineContextKey,4,11,36.36
229a1a6ff7e3bfaa,androidx/compose/foundation/text/selection/TextSelectionColors,4,14,28.57
0e0db993c82724d3,androidx/compose/ui/input/pointer/PointerInputEvent,4,5,80.0
595a534fad2ca61e,androidx/fragment/app/FragmentLayoutInflaterFactory,4,70,5.71
6c9f2c55772e826d,androidx/compose/ui/input/key/KeyEvent,4,14,28.57
3eda3f61484846ee,androidx/compose/foundation/layout/CrossAxisAlignment$Companion,4,12,33.33
1529d57a476dca6c,androidx/compose/ui/graphics/BlockGraphicsLayerModifier,4,14,28.57
105a37b9db49ab52,io/ktor/client/features/HttpRedirect,4,8,50.0
ac623fc453b8cc98,androidx/compose/ui/text/font/AndroidFontLoader,4,44,9.09
35824eb9f7a9a3e2,androidx/compose/ui/platform/InspectableModifier,4,4,100.0
7c90639f29bc4622,leakcanary/ActivityWatcher,4,6,66.67
7c7ca2ef9c15b9fd,androidx/emoji2/text/EmojiCompat$CompatInternal19,4,28,14.29
c04ed985f36a734a,androidx/compose/foundation/relocation/BringIntoViewResponderKt,4,15,26.67
d185c69626a729b3,leakcanary/internal/HandlersKt$mainHandler$2,4,4,100.0
bbcabcb22f2fa10f,kotlin/collections/MapsKt__MapWithDefaultKt,4,18,22.22
bb49b8f02a048f4a,io/ktor/client/HttpClientConfig$engineConfig$2,4,4,100.0
c1af9ba576d9fcd0,io/ktor/client/HttpClient$special$$inlined$shared$1,4,4,100.0
1ed64a4a86d8d30a,io/ktor/client/HttpClientConfig$install$3$attributes$1,4,4,100.0
5a5bbbf85f0a752d,androidx/compose/foundation/text/EmptyMeasurePolicy$placementBlock$1,4,4,100.0
2c2d6ce2eb8fc306,androidx/compose/animation/core/MutatorMutex$Mutator,4,7,57.14
640a76f008160e3a,androidx/emoji2/text/EmojiCompat$Config,4,29,13.79
05298fab7bcfd866,kotlinx/coroutines/Job$DefaultImpls,4,21,19.05
a7f6c57bb5ae7ce1,androidx/compose/ui/input/pointer/PointerType$Companion,4,7,57.14
ba06ee703454efc2,androidx/compose/runtime/StaticValueHolder,4,16,25.0
d508a67d481d1259,androidx/compose/ui/draw/EmptyBuildDrawCacheParams,4,7,57.14
4e8f681f561dc35a,androidx/compose/ui/layout/AlignmentLineKt,4,5,80.0
a65d5d53f808e38d,androidx/compose/foundation/relocation/BringIntoViewResponder_androidKt,4,4,100.0
500880fc6947691f,leakcanary/internal/ObjectsKt$NO_OP_HANDLER$1,4,4,100.0
97de373387124b0f,androidx/compose/material/ElevationOverlayKt,4,15,26.67
e0fe9bb45ec08ad4,androidx/compose/animation/core/VectorConvertersKt$DpToVector$1,4,4,100.0
0aeca8c0717b21c2,androidx/compose/foundation/text/selection/SelectionRegistrarKt$LocalSelectionRegistrar$1,4,4,100.0
43db7d02ec5d09f5,androidx/sqlite/db/SupportSQLiteOpenHelper$Configuration$Companion,4,4,100.0
41ce061e568668b8,androidx/compose/animation/core/VectorConvertersKt$DpToVector$2,4,4,100.0
f87f97111e48e67e,androidx/compose/ui/semantics/CoreSemanticsModifierNode,4,11,36.36
09308fe2539e6a4b,com/google/android/datatransport/AutoValue_Event,4,29,13.79
26adce408ea8bd3e,kotlin/collections/AbstractSet,4,7,57.14
cb3607a00e17f1ce,androidx/customview/poolingcontainer/PoolingContainerListenerHolder,4,10,40.0
0cb248ee745f96c6,kotlinx/coroutines/channels/Channel$Factory,4,4,100.0
47b66e926806f686,leakcanary/internal/HeapDumpControl$testClassName$2,4,4,100.0
e69d910f8d6645b7,com/google/android/gms/common/internal/zzv,4,4,100.0
af1575823db82f7e,androidx/compose/foundation/layout/SizeMode,4,6,66.67
81cb2a698d5ac3c9,kotlin/collections/AbstractSet$Companion,4,12,33.33
4f28561b3df341a2,androidx/compose/material/InteractiveComponentSizeKt$LocalMinimumInteractiveComponentEnforcement$1,4,4,100.0
633cbf132f99d0b3,androidx/compose/ui/graphics/StrokeJoin$Companion,4,5,80.0
d1cc1d7021720346,com/google/android/gms/cast/internal/zzg,4,4,100.0
1839f0b72f715ae0,androidx/compose/ui/platform/AndroidComposeView$ViewTreeOwners,4,4,100.0
d841178789ec7872,io/ktor/util/pipeline/Pipeline$special$$inlined$shared$1,4,4,100.0
cb6c53b533eb05cd,androidx/compose/runtime/SnapshotMutableIntStateImpl,4,35,11.43
bacc9bd983c402be,androidx/compose/foundation/layout/BoxKt$EmptyBoxMeasurePolicy$1$1,4,4,100.0
2b83235961a28352,androidx/compose/foundation/shape/RoundedCornerShapeKt,4,55,7.27
68a3ca7d6e2572db,kotlinx/coroutines/flow/internal/SafeCollector$collectContextSize$1,4,4,100.0
36f32cc4ab3a0d34,leakcanary/ServiceWatcher$activityThreadClass$2,4,4,100.0
e544afb34a788ff5,kotlin/coroutines/ContinuationKt,4,24,16.67
4f0fc70e2cc0bb1f,androidx/compose/foundation/text/KeyboardActionRunner,4,42,9.52
6ba07f7a2ce0f959,androidx/compose/ui/text/style/TextIndentKt,4,4,100.0
f14a5dd0aa876934,io/ktor/client/request/HttpSendPipeline$Phases,4,7,57.14
86b5b14e48ba00bf,androidx/compose/ui/node/ComposeUiNode$Companion$SetResolvedCompositionLocals$1,4,4,100.0
754f4ee48aca10ba,androidx/compose/animation/core/KeyframeBaseEntity,4,7,57.14
8016295d6a9a021c,leakcanary/AndroidLeakFixes$ACTIVITY_MANAGER,4,6,66.67
70a8dea6dfd6848c,io/ktor/client/features/DefaultTransformKt,4,4,100.0
bd319cc88bf0e93a,com/google/android/gms/cast/internal/zzae,4,5,80.0
87dba5a34f777e9e,org/koin/core/qualifier/QualifierKt,4,19,21.05
591c139dcc79f2cf,kotlin/jvm/internal/PropertyReference,4,35,11.43
24894371a76714ae,androidx/compose/ui/node/ComposeUiNode$Companion$SetMeasurePolicy$1,4,4,100.0
660595ef27ff66e3,androidx/compose/ui/platform/AndroidCompositionLocals_androidKt$obtainImageVectorCache$1,4,4,100.0
237d4e55373443e2,shark/AndroidReferenceMatchers$SEM_CLIPBOARD_MANAGER__MCONTEXT,4,4,100.0
2613f2a7aec23d5d,com/google/android/datatransport/cct/internal/AutoBatchedLogRequestEncoder$ClientInfoEncoder,4,7,57.14
b55a71ee747bf484,androidx/compose/runtime/ActualJvm_jvmKt,4,12,33.33
8dfc5e30c080bb43,io/ktor/client/HttpClientConfig$special$$inlined$shared$3,4,4,100.0
43a5a7c148c6c895,timber/log/Timber,4,36,11.11
ab7fcf29b77f4ae8,androidx/compose/animation/core/AnimationEndReason,4,6,66.67
8c0b21dffbf89571,androidx/compose/ui/input/pointer/PointerIconKt,4,5,80.0
85806da72c223231,androidx/compose/runtime/snapshots/SnapshotKt$emptyLambda$1,4,4,100.0
a9e966b9ae5b2f57,androidx/compose/foundation/text/BasicTextFieldKt$BasicTextField$1,4,4,100.0
5cbd5da7206e6a47,androidx/compose/ui/Modifier$Companion,4,8,50.0
3721636f0a0d30b0,androidx/compose/ui/node/LayoutModifierNodeKt,4,7,57.14
789c99898a845ff9,leakcanary/internal/LeakCanaryDelegate,4,5,80.0
57656e4dadb4d55e,androidx/compose/ui/node/LayoutNodeLayoutDelegate$MeasurePassDelegate$remeasure$2,4,4,100.0
fee1fde8f146b943,shark/AndroidReferenceMatchers$ACTIVITY_CHOOSE_MODEL,4,4,100.0
818eadbd07f2722a,androidx/compose/ui/graphics/colorspace/WhitePoint,4,21,19.05
a3cc73a54f85c81f,org/koin/core/instance/FactoryInstanceFactory,4,9,44.44
498d997437931281,kotlinx/coroutines/internal/ScopeCoroutine,4,8,50.0
19bc5047e8863a10,androidx/compose/ui/text/TextStyleKt$WhenMappings,4,6,66.67
ace52fce9c363521,androidx/compose/ui/text/style/TextDecoration$Companion,4,17,23.53
f3c1e75cefbeaf04,androidx/room/TransactionExecutor,4,23,17.39
30bf1dc00ddf9123,androidx/sqlite/db/SupportSQLiteCompat$Api16Impl,4,17,23.53
2f052cf70c1eff0f,androidx/sqlite/db/SupportSQLiteCompat$Api19Impl,4,6,66.67
02dc025177f46739,shark/AndroidReferenceMatchers$MEDIA_SESSION_LEGACY_HELPER__SINSTANCE,4,4,100.0
13369c7b046493c3,androidx/compose/foundation/text/TextFieldScrollKt$WhenMappings,4,6,66.67
0a7ac50bcad8672b,com/google/android/datatransport/cct/internal/AutoBatchedLogRequestEncoder$NetworkConnectionInfoEncoder,4,7,57.14
c874258f66349b85,kotlin/collections/CollectionsKt__MutableCollectionsKt,4,134,2.99
ae38b37f28b149c6,androidx/compose/foundation/text/TextFieldGestureModifiersKt,4,4,100.0
2614d289cf1c9875,com/google/android/datatransport/runtime/EventInternal$Builder,4,4,100.0
40fcb47ad30b1903,androidx/compose/ui/text/font/FontStyle$Companion,4,7,57.14
2385b3852788e8b3,androidx/compose/animation/core/TransitionKt$createTransitionAnimation$1$1,4,4,100.0
cac75ffe5b5ba164,androidx/compose/material/ElevationOverlayKt$LocalElevationOverlay$1,4,4,100.0
f3225eb7fbb5b4d7,androidx/compose/ui/node/ComposeUiNode$Companion$SetModifier$1,4,4,100.0
8ff4a1b32034ad7a,androidx/compose/ui/geometry/Size$Companion,4,6,66.67
d8879a60d3d178e4,androidx/compose/ui/text/SpanStyleKt$resolveSpanStyleDefaults$1,4,4,100.0
d5113296fadab5c9,leakcanary/ServiceWatcher$install$3,4,4,100.0
e7f14351d290c93b,com/google/android/gms/common/util/DefaultClock,4,7,57.14
1f35d74b7ec4c875,androidx/compose/material/MinimumInteractiveModifier,4,12,33.33
613767382273b724,kotlinx/coroutines/flow/internal/FusibleFlow$DefaultImpls,4,8,50.0
0de44d5aae2d2821,androidx/compose/ui/text/android/BoringLayoutFactory,4,33,12.12
31e1e16a91dc3338,io/ktor/client/HttpClientConfig$install$1,4,4,100.0
72d9a8cba05fd3a8,com/google/android/datatransport/runtime/scheduling/jobscheduling/SchedulerConfig$Flag,4,6,66.67
5615d9e1d46c3d05,androidx/compose/ui/graphics/colorspace/Lab,4,68,5.88
59f05b9f6d80559d,kotlinx/coroutines/scheduling/UnlimitedIoScheduler,4,6,66.67
209546b6d9bd2c8d,androidx/room/InvalidationTracker$ObservedTableTracker,4,37,10.81
cf91c02f33060a21,androidx/compose/ui/graphics/PathFillType$Companion,4,4,100.0
a02f74731a6641f4,kotlinx/coroutines/internal/MainDispatchersKt,4,19,21.05
0cdad3d2f4091871,androidx/compose/ui/layout/PinnableContainerKt$LocalPinnableContainer$1,4,4,100.0
d411c058a62230ec,androidx/core/view/SoftwareKeyboardControllerCompat,4,10,40.0
f52965690607ab99,androidx/compose/foundation/gestures/UpdatableAnimationState,4,51,7.84
af304308977d1105,androidx/compose/animation/core/KeyframesSpec$KeyframesSpecConfig,4,10,40.0
1888b3e26859b327,androidx/savedstate/SavedStateRegistryController$Companion,4,4,100.0
6752c5f74f4c5756,androidx/compose/ui/focus/FocusPropertiesImpl$enter$1,4,4,100.0
2709a6f3d3c037b5,androidx/compose/runtime/ComposerImpl$derivedStateObserver$1,4,4,100.0
f613eddcadd5aea9,shark/AndroidReferenceMatchers$SPAN_CONTROLLER,4,4,100.0
9b8a56612d04104e,androidx/compose/runtime/Trace,4,4,100.0
c042deb701749dc5,io/ktor/util/pipeline/PhaseContent$special$$inlined$shared$1,4,4,100.0
070f7c7f05c02c6a,androidx/compose/foundation/text/TextFieldKeyInput$process$2,4,78,5.13
404cd0278579e98b,androidx/compose/runtime/CompositionScopedCoroutineScopeCanceller,4,6,66.67
7f7482ef614645a9,androidx/compose/ui/text/style/ResolvedTextDirection,4,6,66.67
40dec8ebcea0d682,kotlinx/serialization/json/JsonImpl,4,6,66.67
1ecdebd027abe584,androidx/compose/ui/layout/LayoutIdElement,4,18,22.22
2f2f2095287bbd55,androidx/compose/foundation/gestures/DefaultScrollableState,4,12,33.33
7297e8e816cd1ae0,kotlinx/coroutines/scheduling/SchedulerCoroutineDispatcher,4,22,18.18
e1253b6c2fd3d6a2,org/koin/core/definition/KoinDefinition,4,19,21.05
a08a4c1db4246d57,kotlin/ResultKt,4,63,6.35
71ddc7c307ca85e2,androidx/room/SharedSQLiteStatement,4,21,19.05
4b86e8813e9f36c4,androidx/compose/foundation/text/CoreTextFieldKt$CoreTextField$decorationBoxModifier$1,4,5,80.0
591df41d7d170e70,androidx/compose/ui/unit/Dp$Companion,4,8,50.0
92861b7b02b7acfe,leakcanary/internal/AndroidXFragmentDestroyWatcher$fragmentLifecycleCallbacks$1,4,15,26.67
3c27e6df9bde5b3e,kotlinx/coroutines/channels/BufferedChannelKt$createSegmentFunction$1,4,4,100.0
5d7f06732a54a827,org/jellyfin/sdk/discovery/LocalServerDiscovery$Companion,4,4,100.0
f8605099c4f3f80e,io/ktor/client/features/HttpTimeout$HttpTimeoutCapabilityConfiguration$special$$inlined$shared$1,4,4,100.0
ca917b6c1882012a,leakcanary/AndroidLeakFixes$SAMSUNG_CLIPBOARD_MANAGER,4,17,23.53
6f71f1cfa6f7b21e,org/jellyfin/mobile/ui/screens/connect/ServerSelectionKt$ServerSelection$3$1$WhenMappings,4,6,66.67
b83b732ace361d27,androidx/mediarouter/media/MediaRouteProviderDescriptor$Builder,4,26,15.38
9952e98009866a7b,androidx/mediarouter/media/MediaRouter$CallbackRecord,4,15,26.67
50f124029b575787,io/ktor/client/features/HttpRequestLifecycle,4,4,100.0
54c0f7c39da328a5,androidx/compose/runtime/internal/IntRef,4,10,40.0
cdc4138bb5aae28d,androidx/collection/IntSet,4,416,0.96
9578fe83bb4775a8,com/google/android/datatransport/runtime/dagger/internal/InstanceFactory,4,9,44.44
59e76b3d14c245d5,androidx/sqlite/db/SupportSQLiteOpenHelper$Configuration,4,9,44.44
ba59ca2f077dacaa,androidx/compose/runtime/external/kotlinx/collections/immutable/internal/ListImplementation,4,31,12.9
c5fe68ffb72ad624,androidx/compose/ui/text/style/LineHeightStyle$Alignment$Companion,4,6,66.67
1b9d4dda36b254b9,io/ktor/utils/io/charsets/CharsetJVMKt,4,406,0.99
49e281a697947575,androidx/compose/ui/text/android/BoringLayoutFactoryDefault,4,12,33.33
9362cb4cc8637ebc,androidx/compose/ui/text/android/SpannedExtensionsKt,4,6,66.67
1531d706afcbae8e,kotlin/collections/CollectionsKt__MutableCollectionsJVMKt,4,19,21.05
ba304c0692b4b55a,androidx/compose/ui/text/style/TextGeometricTransformKt,4,4,100.0
fc54fb28380551bd,androidx/sqlite/db/SupportSQLiteOpenHelper$Callback,4,73,5.48
e14da0ccd9dc9936,androidx/compose/ui/text/font/FontFamilyResolverKt,4,4,100.0
4c58a01f9b35f571,kotlin/jvm/internal/CollectionToArray,4,61,6.56
c9e315be6221b15f,androidx/compose/ui/input/InputMode$Companion,4,4,100.0
e467c6edd3c05241,androidx/compose/ui/graphics/TransformOriginKt,4,4,100.0
a54f8a0e6a37702f,kotlinx/coroutines/sync/SemaphoreSegment,4,16,25.0
706244254afb8fb7,kotlin/collections/AbstractMap,4,75,5.33
e4ad97cb23937eaa,androidx/compose/ui/text/EmojiSupportMatch$Companion,4,4,100.0
16b959b0e9e7df24,com/google/android/gms/tasks/TaskCompletionSource,4,8,50.0
6f025e269ce56f92,androidx/compose/animation/ColorVectorConverterKt$ColorToVector$1,4,4,100.0
7819bf49afb0f7e8,androidx/compose/ui/text/font/FontFamilyResolver_androidKt,4,30,13.33
6daa37ecc1220675,com/google/android/gms/internal/cast/zzfw,4,5,80.0
828f4f8cd6af0582,androidx/compose/ui/focus/FocusRequesterElement,4,23,17.39
4758b9c6c30d3524,androidx/compose/foundation/MutatorMutex,4,36,11.11
66bb39e4464635b8,androidx/compose/ui/input/pointer/PointerEventPass,4,5,80.0
8f3daa86e696e1d1,leakcanary/internal/InternalLeakCanary$heapDumpPrefs$2,4,4,100.0
e3702bdf4a8f2171,androidx/compose/material/TypographyKt$LocalTypography$1,4,4,100.0
cc3b71486cb54cd0,org/slf4j/helpers/NOPLogger,4,63,6.35
108b9e469c47f632,androidx/compose/ui/text/style/LineHeightStyle$Trim$Companion,4,6,66.67
e0a08c97243c3a95,shark/SharkLog,4,12,33.33
a5549abf5d1a8bda,androidx/compose/animation/AnimatedVisibilityKt$AnimatedVisibility$1,4,4,100.0
0659216e3c9702d0,androidx/compose/animation/core/VectorConvertersKt$FloatToVector$2,4,4,100.0
8a9ed5eee9b89306,androidx/compose/runtime/OpaqueKey,4,14,28.57
8f926a8ae7151ad6,androidx/compose/ui/text/platform/EmojiCompatStatus,4,7,57.14
af62e6978e35d30f,androidx/concurrent/futures/AbstractResolvableFuture$SafeAtomicHelper,4,6,66.67
4d333ef59a007763,androidx/compose/ui/modifier/ModifierLocal,4,4,100.0
28b6f147ad782c67,kotlinx/coroutines/flow/FlowKt__MergeKt,4,33,12.12
b0a3d955649b28b7,kotlinx/coroutines/scheduling/TaskImpl,4,6,66.67
c2d13a953d7bb482,io/ktor/client/HttpClientConfig$special$$inlined$shared$4,4,4,100.0
ee40ac8776b81c9e,androidx/compose/ui/node/CenteredArray,4,16,25.0
ec49b2d070fe8bbf,androidx/compose/ui/text/input/OffsetMapping$Companion,4,4,100.0
4e0fa040313e1ef2,androidx/compose/ui/graphics/ImageBitmapConfig$Companion,4,7,57.14
238c41a9692dfc98,org/jellyfin/mobile/player/cast/CastOptionsProvider$Companion,4,4,100.0
2abebc8b2c34c335,androidx/compose/ui/focus/CustomDestinationResult,4,5,80.0
3076c7a75abae4ba,androidx/compose/ui/node/OnPositionedDispatcher$Companion$DepthComparator,4,5,80.0
36292d4318f7c8cc,io/ktor/util/pipeline/PhaseContent$special$$inlined$shared$2,4,4,100.0
1ce0f2dedd2a8680,androidx/compose/runtime/external/kotlinx/collections/immutable/implementations/immutableList/AbstractPersistentList,4,38,10.53
e0a0f5d64bd525ee,androidx/compose/ui/platform/DisposableSaveableStateRegistry_androidKt$DisposableSaveableStateRegistry$saveableStateRegistry$1,4,4,100.0
773662157520b806,androidx/compose/ui/text/style/LineBreak$WordBreak$Companion,4,5,80.0
4134ce99010ed06b,androidx/compose/ui/unit/IntOffsetKt,4,11,36.36
3358d7d3489a6466,androidx/compose/foundation/text/CoreTextFieldKt$CoreTextField$5$1$1$2$measure$2,4,4,100.0
ced5fee7e65d0d8a,org/koin/dsl/DefinitionBindingKt,4,14,28.57
a08fc16ffb1aa03d,androidx/compose/ui/unit/IntSizeKt,4,7,57.14
b2cb257a65b50f38,androidx/core/app/NavUtils,4,44,9.09
fde6610688087d5c,kotlinx/coroutines/flow/internal/SafeCollectorKt$emitFun$1,4,4,100.0
20cb8ad873ac2224,androidx/compose/ui/unit/fontscaling/FontScaleConverterTable,4,33,12.12
56f08aabb01b9f3e,androidx/compose/ui/SessionMutex,4,18,22.22
a930280f9c1f4fce,androidx/compose/ui/input/pointer/util/VelocityTracker1D$WhenMappings,4,6,66.67
357f4ee29ec81239,kotlin/collections/AbstractCollection,4,33,12.12
55aa855a7c3785da,androidx/compose/animation/core/VectorConvertersKt$FloatToVector$1,4,4,100.0
6b1ac8b2d72bf5fb,androidx/compose/ui/platform/AndroidCompositionLocals_androidKt$ProvideAndroidCompositionLocals$2,4,4,100.0
adfc53944ea2aa40,leakcanary/internal/activity/db/Io$execute$2$1,4,5,80.0
c66e6e578b15eaf6,kotlinx/coroutines/flow/SharedFlowSlot,4,12,33.33
06bf9e56871693a1,kotlinx/coroutines/internal/SegmentOrClosed,4,21,19.05
842cb04bc9013de7,androidx/collection/IntObjectMap,4,510,0.78
dd84b9b6664f1a51,androidx/compose/ui/graphics/PaintingStyle$Companion,4,4,100.0
b9169ace7a52abae,leakcanary/internal/navigation/NavigatingActivity$Companion$NO_MENU$1,4,4,100.0
eea537863a714eb8,androidx/compose/runtime/snapshots/SnapshotKt$advanceGlobalSnapshot$3,4,4,100.0
aaa962e7242674a5,androidx/compose/foundation/gestures/ModifierLocalScrollableContainerProvider,4,7,57.14
451d8b033edc9f37,androidx/lifecycle/viewmodel/internal/CloseableCoroutineScopeKt,4,8,50.0
c00fb0c3b08a135c,androidx/lifecycle/DefaultLifecycleObserver,4,6,66.67
72268e291a390ae9,androidx/compose/animation/SplineBasedFloatDecayAnimationSpec,4,12,33.33
932d193f33c5ff2f,androidx/compose/foundation/relocation/BringIntoViewKt$ModifierLocalBringIntoViewParent$1,4,4,100.0
102f1119f5ba2449,androidx/core/util/Pair,4,15,26.67
4cfab5e340bc9947,androidx/compose/ui/platform/TextToolbarStatus,4,6,66.67
84efa6045481ce13,androidx/compose/runtime/Composer$Companion,4,5,80.0
8ab175baeacdb4f8,androidx/compose/foundation/layout/LayoutOrientation,4,6,66.67
2f408100bca467f4,androidx/compose/ui/layout/LayoutIdKt,4,6,66.67
e8a02016eb8f76c3,kotlinx/coroutines/sync/Mutex$DefaultImpls,4,13,30.77
0f73096a95bf0494,kotlinx/coroutines/channels/ChannelResult$Companion,4,5,80.0
bd70fb65a2ffa343,com/google/android/datatransport/runtime/scheduling/persistence/AutoValue_EventStoreConfig,4,24,16.67
d777bffe374881c9,androidx/compose/ui/graphics/vector/VectorGroup,4,78,5.13
e6404a120391da20,androidx/compose/ui/platform/DragAndDropModifierOnDragListener$modifier$1,4,11,36.36
6d1a6309689595df,kotlinx/coroutines/channels/ProducerCoroutine,4,10,40.0
ae07ce17868aa7eb,androidx/compose/ui/layout/LayoutIdModifier,4,5,80.0
b1587b27d3ea21cb,kotlin/random/Random,4,103,3.88
55a4cacc77b4dbc5,androidx/compose/foundation/FocusedBoundsKt$ModifierLocalFocusedBoundsObserver$1,4,4,100.0
0bc7df9b9e628104,androidx/compose/runtime/LeftCompositionCancellationException,4,4,100.0
c8ee4c792963d07f,androidx/compose/ui/node/NodeCoordinator$invalidateParentLayer$1,4,5,80.0
1cf064362fe19f70,androidx/compose/ui/text/input/TextInputServiceAndroid$createInputConnection$1,4,13,30.77
0e1e264f3b20ad13,androidx/compose/animation/FlingCalculator,4,18,22.22
5d6a60078e36000f,androidx/compose/foundation/text/KeyMappingKt,4,4,100.0
da2e619fc80cf819,androidx/compose/runtime/ProvidableCompositionLocal,4,4,100.0
4010e3d077194e78,androidx/compose/foundation/text/CoreTextFieldKt$CoreTextField$3,4,4,100.0
209f329c6bd25c26,androidx/emoji2/text/DefaultGlyphChecker,4,16,25.0
33a8e04a2ccc7142,androidx/compose/ui/graphics/Brush,4,5,80.0
563c5e4002ec13e2,com/google/android/datatransport/runtime/backends/AutoValue_CreationContext,4,32,12.5
2a09b69337b48d83,androidx/compose/ui/node/ComposeUiNode$Companion$SetCompositeKeyHash$1,4,4,100.0
2d9889ef4ab1c8c0,androidx/compose/ui/platform/RenderNodeLayer$Companion$getMatrix$1,4,4,100.0
d5aa3e13f2df6002,androidx/compose/ui/Modifier,4,6,66.67
d1052f4eb1096392,io/ktor/client/features/HttpTimeout$HttpTimeoutCapabilityConfiguration$special$$inlined$shared$3,4,4,100.0
296ad5f5a1bba03e,androidx/compose/foundation/FocusableElement,4,15,26.67
46da0a4c81d80787,androidx/compose/foundation/text/TextFieldDelegate$Companion$updateTextLayoutResult$1$1$1,4,4,100.0
aea4d070f7066395,kotlin/io/CloseableKt,3,28,10.71
8e75727a9b52b3cc,androidx/mediarouter/media/PlatformMediaRouter1RouteProvider$Api24Impl,3,3,100.0
c23c3f417e2d84c6,shark/AndroidReferenceMatchers$SEM_EMERGENCY_MANAGER__MCONTEXT,3,3,100.0
f7d77616bf1c16b2,shark/AndroidReferenceMatchers$LGCONTEXT__MCONTEXT,3,3,100.0
d0519a96b2e211e1,com/google/android/gms/internal/cast/zzwh,3,21,14.29
8681568c20689b2c,kotlinx/coroutines/NonDisposableHandle,3,6,50.0
7cdd4bfbf639662a,kotlin/jvm/internal/ReflectionFactory,3,30,10.0
0d6745a8ab2d8e7a,kotlin/random/Random$Default,3,20,15.0
a6187b724f08b570,leakcanary/DefaultOnHeapAnalyzedListener$Companion,3,3,100.0
dc7e850a577e1cef,shark/AndroidReferenceMatchers$AUDIO_MANAGER__MCONTEXT_STATIC,3,3,100.0
9ba7d869715da37c,androidx/compose/ui/graphics/SimpleGraphicsLayerModifier$measure$1,3,3,100.0
f6261c4b31a3d5f4,androidx/compose/ui/graphics/vector/PathNode$RelativeLineTo,3,18,16.67
40dbd8a4807eef22,org/jellyfin/mobile/utils/BluetoothPermissionHelper,3,48,6.25
12a3ea3e70ff1d2f,androidx/compose/foundation/shape/CornerSizeKt,3,6,50.0
d302552554d99bca,androidx/activity/OnBackPressedDispatcher$addCallback$1,3,3,100.0
593abb2a7f1a215b,androidx/sqlite/db/framework/FrameworkSQLiteOpenHelper$DBRefHolder,3,3,100.0
a4f45ca68bfce819,androidx/lifecycle/viewmodel/CreationExtras,3,3,100.0
99d80ac84f0a83fb,leakcanary/internal/ViewModelClearedWatcher$Companion$install$provider$1,3,3,100.0
10b052a2d846cec0,androidx/compose/foundation/IndicationModifier,3,4,75.0
9b6c6cb2f7f9c860,androidx/compose/runtime/Recomposer$readObserverOf$1,3,3,100.0
6d4bed90c61b56aa,androidx/compose/ui/graphics/vector/PathNode$RelativeMoveTo,3,18,16.67
7b51e438205ca61e,androidx/compose/foundation/text/TextFieldKeyInputKt$textFieldKeyInput$2$1,3,3,100.0
7d7f76c48c6bea0d,kotlinx/coroutines/android/AndroidDispatcherFactory,3,6,50.0
81db111021026030,androidx/compose/ui/platform/coreshims/ViewCompatShims,3,12,25.0
16e5f154ad81d0c3,androidx/compose/ui/text/font/AndroidFontResolveInterceptor_androidKt,3,5,60.0
0638e7bd5ac5d038,kotlinx/coroutines/BuildersKt,3,8,37.5
5132bfd32fb0edf3,androidx/compose/ui/platform/AndroidAccessibilityManager,3,18,16.67
53ba5156223131c0,androidx/compose/ui/graphics/FilterQuality$Companion,3,6,50.0
72834b26682c1aa2,org/koin/core/registry/ScopeRegistry$Companion,3,4,75.0
c85b7e1aeee943c1,org/koin/core/definition/Kind,3,6,50.0
029c3f439c07e832,androidx/compose/ui/graphics/BrushKt$ShaderBrush$1,3,3,100.0
605533aa6efd21ab,androidx/compose/ui/text/android/VerticalPaddings,3,17,17.65
d4034d4ad835c137,androidx/concurrent/futures/ResolvableFuture,3,5,60.0
b6bb9b4816bb631f,androidx/compose/foundation/layout/FillNode$measure$1,3,3,100.0
811f08f7ab77cdd7,shark/AndroidReferenceMatchers$IMM_LAST_FOCUS_VIEW,3,3,100.0
64bc758e8dd41d3e,kotlin/text/StringsKt__AppendableKt,3,21,14.29
f93cd0088f8996b8,org/jellyfin/mobile/utils/WebViewUtilsKt,3,40,7.5
5b7ad43d3eb5bfeb,kotlinx/coroutines/NodeList,3,20,15.0
56ea18a7d2ac37e3,kotlinx/coroutines/flow/internal/NopCollector,3,3,100.0
48e881432b3638c3,leakcanary/AndroidLeakFixes$VIEW_LOCATION_HOLDER,3,3,100.0
db3351fa89d34d92,androidx/compose/ui/draw/DrawModifierKt,3,4,75.0
f95c30a429c90085,shark/AndroidReferenceMatchers$EXTENDED_STATUS_BAR_MANAGER,3,3,100.0
34f6da740762d280,androidx/compose/animation/core/SuspendAnimationKt$animate$9,3,3,100.0
e0c136b4b151a417,org/jellyfin/sdk/Jellyfin$discovery$2,3,3,100.0
8fb9471001f4615d,androidx/compose/runtime/internal/PersistentCompositionLocalHashMap$Companion,3,4,75.0
8ede3948d3664775,androidx/lifecycle/Lifecycle,3,10,30.0
0c9d97f4d3564945,kotlin/coroutines/intrinsics/CoroutineSingletons,3,6,50.0
250f045f36a293e1,shark/AndroidReferenceMatchers$PLAYER_BASE,3,3,100.0
ca2de8de2f26cbbd,androidx/compose/runtime/changelist/Operation$EndCurrentGroup,3,3,100.0
a77760eb3496f8da,com/google/android/datatransport/runtime/scheduling/jobscheduling/AutoValue_SchedulerConfig,3,20,15.0
4bd6565330fdf3d6,androidx/compose/ui/node/ObserverNodeOwnerScope$Companion,3,3,100.0
ed3ea0b075d11ee4,org/koin/mp/KoinPlatformTimeTools,3,3,100.0
fe6bd6f1982c85df,org/jellyfin/mobile/webapp/WebappFunctionChannel,3,13,23.08
29eb39b71c011466,androidx/compose/ui/graphics/CanvasHolder,3,9,33.33
3c7c53dba970c2ff,androidx/compose/runtime/MonotonicFrameClockKt,3,13,23.08
76da1fc60e079cc6,com/google/android/gms/internal/cast/zzvd,3,6,50.0
fa8a25008dd75e51,kotlinx/coroutines/scheduling/NanoTimeSource,3,3,100.0
8a2ecb311f9a64d1,androidx/compose/foundation/gestures/ScrollableDefaults,3,39,7.69
d6dd40aadf1d5321,shark/AndroidReferenceMatchers$ACCESSIBILITY_NODE_INFO__MORIGINALTEXT,3,3,100.0
22510f97ac91d8e0,androidx/compose/ui/text/style/TextGeometricTransform$Companion,3,4,75.0
d131fed6f4b44161,org/jellyfin/sdk/api/client/ApiClient,3,44,6.82
3c6e6c02b6660105,shark/AndroidReferenceMatchers$ANIMATION_HANDLER__ANIMATOR_REQUESTORS,3,3,100.0
0e50a08823f284b2,shark/AndroidReferenceMatchers$ACTIVITY_THREAD__M_NEW_ACTIVITIES,3,3,100.0
8b22c8123743ae86,androidx/compose/ui/draw/PainterNode$measure$1,3,3,100.0
a853ec8ff138d8e7,androidx/compose/ui/modifier/ModifierLocalModifierNodeKt,3,13,23.08
aa1c1266983d133a,com/google/android/gms/internal/cast/zzpd,3,11,27.27
451da16ae00d74ed,leakcanary/internal/activity/db/Io$IoContext,3,4,75.0
7f4b0ba767a628c5,androidx/compose/runtime/ParcelableSnapshotMutableState,3,12,25.0
d4f29045a4c2cdb7,shark/AndroidReferenceMatchers$MULTI_WINDOW_DECOR_SUPPORT__MWINDOW,3,3,100.0
cc4b73bbab839fbf,shark/AndroidReferenceMatchers$INPUT_MANAGER__M_LATE_INIT_CONTEXT,3,3,100.0
01a61adf2b091a83,org/koin/core/KoinApplication$Companion,3,3,100.0
c468b42f14e7d4b3,androidx/compose/ui/text/font/FontFamily$Companion,3,7,42.86
61681206bcf2ec52,androidx/lifecycle/SavedStateHandleSupport$savedStateHandlesVM$1,3,3,100.0
f97a23d9989e798b,shark/AndroidReferenceMatchers$LEAK_CANARY_INTERNAL,3,3,100.0
6631203dd397f3c4,kotlin/text/StringsKt___StringsKt,3,1274,0.24
eb7559c4131915f8,androidx/compose/runtime/KeyInfo,3,7,42.86
1cba618d09c84622,shark/AndroidReferenceMatchers$CONNECTIVITY_MANAGER__SINSTANCE,3,3,100.0
19eecc217277286c,androidx/compose/ui/graphics/Shadow$Companion,3,4,75.0
a75741e802e3a0d3,shark/AndroidReferenceMatchers$ACCESSIBILITY_ITERATORS,3,3,100.0
9e1462ae939d9ad7,shark/AndroidReferenceMatchers$JOB_SERVICE,3,3,100.0
7703555437ad64ba,com/google/android/gms/internal/cast/zzm,3,90,3.33
edfcd498e1a3cdcd,shark/AndroidObjectInspectors$SUPPORT_FRAGMENT,3,5,60.0
fd000d932211b400,androidx/compose/runtime/MonotonicFrameClock$DefaultImpls,3,5,60.0
88509b1fe4712401,shark/AndroidReferenceMatchers$PERSONA_MANAGER,3,3,100.0
257f31f3a37af7dd,androidx/lifecycle/viewmodel/internal/CloseableCoroutineScope,3,6,50.0
683a772c1208bb67,kotlin/collections/SetsKt__SetsKt,3,31,9.68
484339cbddbbe8ea,androidx/compose/runtime/collection/MutableVectorKt,3,35,8.57
b0303c1da6dd971c,androidx/compose/runtime/saveable/SaverKt$Saver$1,3,4,75.0
3cac76fb9b637f45,androidx/compose/ui/unit/TextUnit$Companion,3,5,60.0
6dde2f04cced8701,shark/AndroidReferenceMatchers$APP_OPS_MANAGER__CALLBACK_STUB,3,3,100.0
fdcaf46867d4130d,androidx/compose/ui/text/style/TextIndent$Companion,3,4,75.0
af6f160b04ae1989,androidx/compose/ui/graphics/vector/PathNode$MoveTo,3,18,16.67
b8c08adcf7dc68f6,androidx/compose/animation/core/InfiniteAnimationPolicyKt,3,8,37.5
d624fcc9bcffc91e,androidx/compose/animation/core/AnimateAsStateKt$animateValueAsState$2,3,3,100.0
5e205555c61441a4,shark/AndroidReferenceMatchers$MEDIA_PROJECTION_CALLBACK,3,3,100.0
b57b68667256f807,androidx/compose/foundation/layout/BoxKt$EmptyBoxMeasurePolicy$1,3,3,100.0
b51af57181720892,shark/AndroidReferenceMatchers$ACCESSIBILITY_NODE_ID_MANAGER,3,3,100.0
0eab50c790820d17,com/google/android/gms/internal/cast/zzqp,3,11,27.27
ab00d1b4a11f1a13,com/google/android/gms/cast/internal/zzi,3,3,100.0
ac8c2f441483f724,kotlinx/coroutines/SupervisorKt,3,14,21.43
7cffa9aa9ea325d8,kotlin/collections/CollectionsKt__IterablesKt,3,26,11.54
bdb41e6d8d6426f8,androidx/core/view/ViewCompat$Api21Impl,3,40,7.5
d15ce5c0f36b6164,androidx/compose/runtime/saveable/SaveableStateRegistryKt,3,3,100.0
a7b80923c81bf65a,androidx/compose/ui/draw/DrawResult,3,4,75.0
dafdf0556c9f3837,shark/AndroidReferenceMatchers$BLOCKING_QUEUE,3,3,100.0
2b3e75715217cb8a,kotlin/ranges/IntRange,3,35,8.57
06716b3442914d6a,androidx/compose/material/TextFieldTransitionScope$Transition$1,3,3,100.0
b6e770d5ce9701e0,leakcanary/internal/activity/LeakActivity$heapDumpsButtonIconView$2,3,3,100.0
44f795cbd7bc5d1c,com/google/android/gms/internal/cast/zzul,3,4,75.0
50f73223e2dfeb80,org/jellyfin/mobile/webapp/RemotePlayerService$ServiceBinder,3,7,42.86
4816fe4d508157f6,androidx/compose/ui/platform/ViewRootForTest$Companion,3,5,60.0
08f49bb16ca3cffb,androidx/compose/ui/res/ImageVectorCache$ImageVectorEntry,3,19,15.79
63a155e6b2c288b8,curtains/WindowType,3,4,75.0
4d12bea5d9e03924,androidx/compose/ui/text/style/BaselineShiftKt,3,3,100.0
7f6dbe2da0651a33,androidx/compose/ui/platform/ViewLayer,3,254,1.18
27a11b05bb80d764,leakcanary/LazyForwardingEventListener,3,6,50.0
64ab7bfa975feb20,shark/AndroidReferenceMatchers$ACCOUNT_MANAGER__AMS_TASK__RESPONSE,3,3,100.0
d0243150e2e43cdc,kotlinx/coroutines/scheduling/DefaultScheduler,3,8,37.5
aa9d40f289c45c02,androidx/compose/ui/layout/ContentScale$Companion$Fit$1,3,3,100.0
bb27b2f622468dc7,androidx/compose/runtime/external/kotlinx/collections/immutable/implementations/immutableList/BufferIterator,3,8,37.5
040cf0d88742f669,com/google/android/gms/internal/cast/zzog,3,11,27.27
20d3e349d1ad55df,kotlinx/coroutines/Empty,3,6,50.0
0d3d5abe1c442607,shark/AndroidReferenceMatchers$LEAK_CANARY_HEAP_DUMPER,3,3,100.0
3cdcc61acec02c88,shark/AndroidReferenceMatchers$UI_MODE_MANAGER,3,3,100.0
d2e59ba327854be3,org/jellyfin/sdk/model/ServerVersion,3,55,5.45
87dcf262b08e0148,androidx/compose/runtime/ParcelableSnapshotMutableIntState,3,5,60.0
78ca8bd8fb99bc76,androidx/compose/ui/autofill/AutofillTree,3,10,30.0
14fdd9957fa15551,shark/AndroidReferenceMatchers$XIAMI__RESOURCES_IMPL,3,3,100.0
8cef8d2a97ccfb6d,androidx/compose/foundation/text/TextFieldSizeKt$textFieldMinSize$1$1$1,3,3,100.0
91055c303e99de78,com/google/android/gms/common/api/GoogleApi$Settings,3,3,100.0
f9eed80e9e90fe80,androidx/compose/runtime/snapshots/SnapshotWeakSet,3,82,3.66
7cf3e0c8f77a48d9,org/jellyfin/sdk/discovery/DiscoveryService$localServerDiscovery$2,3,3,100.0
6d995c6ad2e24bd1,io/ktor/client/utils/CoroutineDispatcherUtilsKt,3,11,27.27
4e50bf1df214167a,androidx/compose/ui/platform/AndroidComposeView$focusOwner$1,3,3,100.0
ca946529c78715d1,androidx/compose/ui/text/platform/ImmutableBool,3,3,100.0
8d6784b25699def9,androidx/fragment/app/FragmentLifecycleCallbacksDispatcher$FragmentLifecycleCallbacksHolder,3,4,75.0
79ac81add0c73e77,androidx/room/InvalidationLiveDataContainer,3,10,30.0
5f863d3906e5ddf7,leakcanary/ServiceWatcher$activityThreadInstance$2,3,4,75.0
c8802a2e3fe44dd2,androidx/compose/foundation/text/CoreTextFieldKt$CoreTextField$2$1,3,3,100.0
f6bddf4051b2e2ed,shark/AndroidReferenceMatchers$MEDIA_SCANNER_CONNECTION,3,3,100.0
ea4fc859d99a3f56,com/google/android/gms/common/api/internal/ApiKey,3,15,20.0
f0765ebc5047ba9d,com/google/android/datatransport/runtime/SendRequest,3,3,100.0
88e09203fcc0d55d,androidx/compose/foundation/HoverableKt,3,6,50.0
7d4ff5d63023bd4a,androidx/sqlite/db/framework/FrameworkSQLiteOpenHelperFactory,3,3,100.0
8614ab2e8e5c5dc2,androidx/compose/animation/CrossfadeKt$Crossfade$5$1$1$1,3,3,100.0
904f43bfa6c67ce1,com/google/android/gms/common/api/GoogleApiClient,3,32,9.38
3238af72f387a3a1,shark/AndroidReferenceMatchers$SEM_APP_ICON_SOLUTION,3,3,100.0
fd3c1f6e2365e951,com/google/android/gms/internal/cast/zzsw,3,4,75.0
0a48c8705db7c3d1,shark/AndroidReferenceMatchers$OEM_SCENE_CALL_BLOCKER,3,3,100.0
bd35bdc9f809ae8e,androidx/compose/runtime/external/kotlinx/collections/immutable/implementations/persistentOrderedSet/PersistentOrderedSet$Companion,3,3,100.0
5dec5f0a9d1ad56e,androidx/compose/ui/unit/DensityKt,3,4,75.0
b5f44ab2b086f6a3,com/google/android/gms/dynamite/zza,3,8,37.5
249e3586675fa803,kotlinx/coroutines/flow/internal/ChildCancelledException,3,4,75.0
407554303553628c,androidx/compose/ui/graphics/drawscope/Stroke$Companion,3,4,75.0
f308c08431ecc8d4,androidx/compose/material/TextFieldImplKt$CommonDecorationBox$4,3,3,100.0
a84aae1a80acf19f,androidx/compose/foundation/text/TextFieldScrollKt$textFieldScrollable$2$wrappedScrollableState$1$1,3,10,30.0
7b85b208d7df0a05,leakcanary/AndroidLeakFixes$IMM_CUR_ROOT_VIEW$apply$2,3,8,37.5
a10b708075bce986,androidx/collection/IndexBasedArrayIterator,3,10,30.0
2cb934922ef775a8,androidx/compose/foundation/gestures/ScrollableNode$onAttach$1,3,3,100.0
2d03ef65c14b1327,androidx/compose/runtime/external/kotlinx/collections/immutable/implementations/immutableList/SmallPersistentVector$Companion,3,3,100.0
73f73b0235314a7b,androidx/compose/runtime/saveable/RememberSaveableKt$rememberSaveable$1,3,3,100.0
8da7c453f47cce76,leakcanary/internal/activity/LeakActivity$aboutButton$2,3,3,100.0
9b5fb8e363c28971,shark/AndroidReferenceMatchers$ACTIVITY_TRANSITION_STATE__M_EXITING_TO_VIEW,3,3,100.0
0cf4a1b3e1a64ecf,shark/AndroidReferenceMatchers$ACTIVITY_MANAGER_MCONTEXT,3,3,100.0
e4922690ff54df7d,com/google/android/gms/internal/cast/zzat,3,68,4.41
fcca9e71153efd9b,shark/AndroidReferenceMatchers$IMM_CURRENT_INPUT_CONNECTION,3,3,100.0
ec6a49a4116f17ac,androidx/compose/runtime/ParcelableSnapshotMutableFloatState,3,5,60.0
cb970d2464f371e5,androidx/compose/ui/draw/CacheDrawModifierNodeImpl$getOrBuildCachedDrawBlock$1$1,3,3,100.0
91b7062d72482026,androidx/compose/ui/graphics/colorspace/Xyz,3,18,16.67
94e6923159359d82,androidx/compose/runtime/DerivedSnapshotState$ResultRecord$Companion,3,3,100.0
320fc8c518eba0c4,androidx/compose/runtime/RememberObserverHolder,3,4,75.0
95e8280d15d26b82,androidx/compose/ui/graphics/StrokeCap$Companion,3,5,60.0
d7acc65ff16cb3e7,androidx/compose/ui/graphics/TransformOrigin$Companion,3,3,100.0
2a4309116cbc756d,androidx/compose/animation/core/VectorizedAnimationSpec,3,5,60.0
d8f7a36d9954c70e,shark/ReferencePattern,3,3,100.0
d789d3ac5f5661fa,kotlin/collections/AbstractList,3,30,10.0
d12d4fe783b794e2,androidx/compose/ui/platform/ViewCompositionStrategy$DisposeOnDetachedFromWindowOrReleasedFromPool$installFor$listener$1,3,7,42.86
3e63793a171e5b48,androidx/compose/ui/graphics/vector/VectorNode,3,3,100.0
0f97ff35fa67be10,androidx/compose/ui/graphics/vector/PathNode$LineTo,3,18,16.67
d6c527f4c3a0f0f7,leakcanary/internal/DebuggerControl,3,3,100.0
75d59da0c31d833a,shark/AndroidReferenceMatchers$CONTROLLED_INPUT_CONNECTION_WRAPPER,3,3,100.0
e9175aca1d82f48d,shark/AndroidReferenceMatchers$STATIC_MTARGET_VIEW,3,3,100.0
4e61882c1699f9e9,androidx/compose/foundation/layout/BoxMeasurePolicy$measure$2,3,3,100.0
3821fececc05af1c,androidx/compose/runtime/external/kotlinx/collections/immutable/implementations/immutableMap/TrieNode$Companion,3,3,100.0
6336e32ca12a2623,androidx/compose/ui/text/intl/AndroidPlatformLocale_androidKt,3,4,75.0
223a0e51d23933dc,kotlin/jvm/internal/AdaptedFunctionReference,3,37,8.11
329fa0ad0d165662,shark/AndroidReferenceMatchers$FLIPPER__APPLICATION_DESCRIPTOR,3,3,100.0
2cd9fef2e77588d6,shark/AndroidReferenceMatchers$HOST_ADPU_SERVICE_MSG_HANDLER,3,3,100.0
d84d75d0de3951a0,androidx/compose/ui/graphics/ClipOp$Companion,3,4,75.0
f8ae345fdbe4dd9e,curtains/OnRootViewAddedListener$DefaultImpls,3,4,75.0
34741a98f7e467b9,com/google/android/datatransport/runtime/dagger/internal/Preconditions,3,21,14.29
4de7c31de5bd28ce,androidx/compose/ui/node/NodeMeasuringIntrinsics$IntrinsicWidthHeight,3,5,60.0
f00c612fd7bf066b,androidx/compose/ui/text/style/TextMotion$Companion,3,4,75.0
8112cd45e054ed58,shark/AndroidReferenceMatchers$PERF_MONITOR_LAST_CALLBACK,3,3,100.0
fb4cd226ffb06b20,kotlinx/coroutines/CoroutineDispatcher$Key,3,3,100.0
9b54b300d9f02067,shark/AndroidReferenceMatchers$BUBBLE_POPUP_HELPER__SHELPER,3,3,100.0
1106e6a5dd9d065c,leakcanary/internal/activity/LeakActivity$aboutButtonIconView$2,3,3,100.0
395e874ef64951ae,shark/AndroidReferenceMatchers$EVENT_RECEIVER__MMESSAGE_QUEUE,3,3,100.0
f4d15a0d25c632fc,androidx/compose/ui/platform/ViewLayer$Companion,3,31,9.68
f74d016093932d43,androidx/compose/ui/semantics/SemanticsNodeKt,3,115,2.61
6e49e006e002fcf2,shark/AndroidReferenceMatchers$SPEN_GESTURE_MANAGER,3,3,100.0
64aca555e3e6500b,shark/AndroidReferenceMatchers$AUDIO_MANAGER,3,3,100.0
c8c795b4e32bddb5,shark/AndroidReferenceMatchers$VIEW_CONFIGURATION__MCONTEXT,3,3,100.0
75afece6072eefc4,androidx/compose/animation/core/SuspendAnimationKt$callWithFrameNanos$2,3,3,100.0
2456e9d44f3b62a2,shark/AndroidReferenceMatchers$EDITTEXT_BLINK_MESSAGEQUEUE,3,3,100.0
6420ef995d833b2f,androidx/compose/runtime/snapshots/SnapshotApplyResult,3,3,100.0
d5115fb33ddee4d9,androidx/compose/runtime/ParcelableSnapshotMutableLongState,3,5,60.0
d40825f32ef9a6b0,androidx/compose/runtime/internal/ThreadMap_jvmKt,3,3,100.0
929317c9ad0a8ca1,leakcanary/internal/HeapDumpControl$ICanHazHeap$Yup,3,3,100.0
6f1a3071b2ed28f1,androidx/compose/ui/text/font/SystemFontFamily,3,3,100.0
1d106c126bf8ddf2,org/jellyfin/sdk/Jellyfin$Companion,3,4,75.0
87f6fd97cd533ae9,androidx/compose/animation/core/ComplexDoubleKt,3,27,11.11
a57e244041272409,androidx/appcompat/app/AppCompatDelegate$SerialExecutor,3,18,16.67
7bf54c68c94ac66d,androidx/compose/runtime/changelist/Operation$RemoveCurrentGroup,3,3,100.0
4d3c00b616051051,leakcanary/AndroidLeakFixes$Companion$onEachIdle$1,3,3,100.0
7a9e408dfb986157,androidx/compose/foundation/FocusableKt$FocusableInNonTouchModeElement$1,3,10,30.0
589c3421353b3397,androidx/compose/ui/text/android/LayoutCompat,3,4,75.0
baac661ede8773a3,androidx/compose/ui/input/key/Key_androidKt,3,3,100.0
2652b22264458953,org/jellyfin/mobile/setup/ConnectFragment$special$$inlined$activityViewModel$default$1,3,3,100.0
7c020b2148e45a6a,androidx/compose/ui/geometry/Rect$Companion,3,4,75.0
540a658cbccc6257,androidx/compose/ui/node/PointerInputModifierNodeKt,3,4,75.0
d723667ef7219ba5,kotlin/random/FallbackThreadLocalRandom$implStorage$1,3,3,100.0
ae4f6ce76a619fc3,androidx/compose/ui/modifier/EmptyMap,3,8,37.5
053873b1209f4ca6,androidx/room/DatabaseConfiguration,3,61,4.92
c0c2528dfdb4abbd,shark/AndroidReferenceMatchers$VIEW_TOOLTIP_CALLBACK,3,3,100.0
7e41b8da055cfc04,shark/AndroidReferenceMatchers$SPELL_CHECKER,3,3,100.0
35558995dd268acb,androidx/compose/runtime/changelist/Operation$EnsureRootGroupStarted,3,3,100.0
861645dd86ad6aa9,leakcanary/internal/activity/LeakActivity$leaksButtonIconView$2,3,3,100.0
36b5c21031f1f6b0,androidx/compose/foundation/layout/CrossAxisAlignment,3,8,37.5
ac5c2075fb60ecee,androidx/compose/ui/text/font/FontSynthesis$Companion,3,6,50.0
b0fdac9030fcf719,androidx/compose/ui/layout/RootMeasurePolicy$measure$2,3,3,100.0
893ca5b23fb86c18,androidx/compose/ui/node/LayoutNodeKt,3,7,42.86
cde80e6e6a8c8029,shark/AndroidReferenceMatchers$RAZER_TEXT_KEY_LISTENER__MCONTEXT,3,3,100.0
a66ef389b65733f0,androidx/compose/animation/core/TwoWayConverterImpl,3,3,100.0
4f3b9662948dcd68,shark/AndroidReferenceMatchers$TOAST_TN,3,3,100.0
94e7b93f923d4b32,leakcanary/internal/activity/ui/SimpleListAdapter,3,9,33.33
6e92061e98489329,kotlin/coroutines/jvm/internal/DebugProbesKt,3,3,100.0
28109a030e1010b7,androidx/compose/ui/layout/MeasureScope,3,44,6.82
5bf5de3713674385,androidx/compose/ui/graphics/CompositingStrategy$Companion,3,5,60.0
08bd1420bc065a7c,com/google/android/gms/cast/zzu,3,6,50.0
b1bebdf64b63dd41,kotlin/jvm/internal/CallableReference$NoReceiver,3,4,75.0
3438962214127156,androidx/compose/animation/core/AnimationVector,3,3,100.0
cbaaec24c29bfc30,androidx/compose/ui/input/pointer/AndroidPointerIconType,3,11,27.27
d4d184c7be59b44c,shark/ReferencePattern$NativeGlobalVariablePattern,3,19,15.79
be4deba6ad745312,org/jellyfin/mobile/ServerState,3,4,75.0
339be8c9bb303094,androidx/compose/ui/node/LayoutNode$_foldedChildren$1,3,3,100.0
80bf48dcebf6b5a1,androidx/compose/runtime/AtomicInt,3,16,18.75
5e2d773b2894d402,androidx/compose/runtime/saveable/SaveableHolder$valueProvider$1,3,5,60.0
9e77ec8863de4a0a,androidx/compose/ui/geometry/CornerRadius$Companion,3,4,75.0
426848fc0f001e54,androidx/lifecycle/SavedStateHandlesProvider$viewModel$2,3,3,100.0
3736044f265f7bb9,shark/AndroidReferenceMatchers$BACKDROP_FRAME_RENDERER__MDECORVIEW,3,3,100.0
1f8a275040154453,shark/AndroidReferenceMatchers$SPEECH_RECOGNIZER,3,3,100.0
a784f4985441cd13,androidx/compose/animation/ExitTransition$Companion,3,4,75.0
ff945a43139f14d1,org/koin/android/ext/koin/KoinExtKt$androidContext$1$1,3,3,100.0
51e4ba4107ef5fe5,androidx/compose/ui/node/NodeCoordinator$Companion,3,4,75.0
03c42423e0bdb79b,org/jellyfin/mobile/MainActivity$onCreate$3$1$invokeSuspend$$inlined$withStarted$1,3,3,100.0
d8eba0d070c50c6e,shark/AndroidReferenceMatchers$TEXT_VIEW__MLAST_HOVERED_VIEW,3,3,100.0
62a3ebc64178f433,shark/AndroidReferenceMatchers$VIEWLOCATIONHOLDER_ROOT,3,3,100.0
747ba1a25ee7d436,com/google/android/gms/internal/cast/zzer,3,7,42.86
5bbb789d7c1e8803,kotlin/coroutines/CoroutineContext$DefaultImpls,3,3,100.0
75933824da51e458,kotlinx/coroutines/CancelledContinuation,3,9,33.33
83eb8c0ef07fc0ce,androidx/compose/foundation/text/modifiers/TextStringSimpleNode$measure$1,3,3,100.0
203bdbbca59bc342,shark/AndroidReferenceMatchers$APPLICATION_PACKAGE_MANAGER__HAS_SYSTEM_FEATURE_QUERY,3,3,100.0
407cd86df2ce1438,androidx/compose/foundation/relocation/BringIntoViewResponderNode$bringChildIntoView$2$1$1,3,3,100.0
08a11eedf2365efd,androidx/compose/ui/text/style/BaselineShift$Companion,3,8,37.5
778f6dfe3c3e9752,androidx/compose/material/Shapes,3,38,7.89
640f73828662ebaa,androidx/compose/ui/platform/AndroidComposeView$pointerIconService$1,3,10,30.0
5becc5e52d1bc14e,org/koin/core/logger/Level,3,6,50.0
b77f9bdfdf80a8c0,shark/AndroidReferenceMatchers$MAGNIFIER,3,3,100.0
c7dcaa29d0209440,leakcanary/internal/activity/LeakActivity$bottomNavigationBar$2,3,3,100.0
224bcd4a2e0a40ad,androidx/compose/foundation/layout/UnspecifiedConstraintsNode$measure$1,3,3,100.0
f933eac3f6892c85,com/google/android/gms/common/internal/RootTelemetryConfiguration,3,19,15.79
8088be4574ed8796,shark/AndroidReferenceMatchers$WINDOW_ON_BACK_INVOKED_DISPATCHER__STUB,3,3,100.0
95fd7e7df2df473e,io/ktor/client/features/HttpCallValidatorKt,3,11,27.27
cbf99b6884efbcf4,shark/AndroidReferenceMatchers$SMART_COVER_MANAGER,3,3,100.0
ffab3580de5a1f83,com/google/android/gms/internal/cast/zzsu,3,21,14.29
779787fd3110075a,androidx/compose/foundation/text/CoreTextFieldKt$CoreTextField$6,3,3,100.0
036c3fcba23f243d,androidx/compose/foundation/text/EmptyMeasurePolicy,3,3,100.0
c20ce29922f78c07,com/google/android/gms/internal/cast/zzpf,3,11,27.27
71998846297259dc,shark/AndroidReferenceMatchers$LAYOUT_TRANSITION,3,3,100.0
72c7a30a34df622d,androidx/fragment/app/Fragment$6,3,6,50.0
f123371a7c76ea45,androidx/compose/ui/platform/AndroidUiDispatcher_androidKt,3,4,75.0
5acf816d2248ea92,androidx/compose/ui/draw/DrawWithContentModifier,3,4,75.0
53a599f3142649f7,androidx/compose/foundation/text/TextFieldScrollerPosition$Companion,3,3,100.0
68efac8b0d064a52,androidx/compose/ui/unit/IntOffset$Companion,3,3,100.0
fc1ae78ceab90b3a,androidx/compose/ui/focus/FocusTargetNode$invalidateFocus$1,3,3,100.0
5155119b894a2a25,androidx/compose/ui/text/platform/URLSpanCache,3,9,33.33
da1325c77f30240d,androidx/compose/ui/input/pointer/PointerId,3,16,18.75
19db659d14b0170c,leakcanary/internal/activity/LeakActivity$leaksButton$2,3,3,100.0
193f66734778175c,androidx/compose/ui/platform/AndroidComposeView$viewTreeOwners$2,3,3,100.0
66513ff423064ae7,androidx/compose/ui/modifier/ModifierLocalMap,3,3,100.0
f0333f58e0111565,androidx/compose/foundation/gestures/MouseWheelScrollNode,3,6,50.0
ead082b95fbb86e0,shark/AndroidReferenceMatchers$ASSIST_STRUCTURE,3,3,100.0
e5837efa5bae93a2,androidx/compose/animation/core/AnimationKt,3,16,18.75
e4851b6d940c85f9,androidx/compose/ui/layout/AlignmentLine,3,4,75.0
0b1f7eda674fddf6,leakcanary/internal/activity/db/Io$serialExecutor$1,3,3,100.0
af4cd78cdd520ee4,kotlin/collections/EmptyIterator,3,15,20.0
942e8cad074f0dc9,com/google/android/gms/common/api/Api,3,6,50.0
ae1ce5c6aa03f5a4,shark/ReferencePattern$JavaLocalPattern,3,19,15.79
dfc61ca6e37d5e97,androidx/compose/foundation/layout/Direction,3,5,60.0
8b269f1115828555,com/google/android/gms/internal/cast/zzsc,3,6,50.0
75d8dad7abc49483,shark/AndroidReferenceMatchers$INSTRUMENTATION_RECOMMEND_ACTIVITY,3,3,100.0
99e72b74069ad45e,shark/AndroidReferenceMatchers$AW_CONTENTS__A0,3,3,100.0
59d9b04958ed64f9,kotlin/random/FallbackThreadLocalRandom,3,3,100.0
20f311dbbe866642,androidx/compose/runtime/saveable/ListSaverKt,3,3,100.0
760038bddb69e661,androidx/compose/ui/Actual_jvmKt,3,18,16.67
0b6f9dfbb77c8d1e,shark/AndroidReferenceMatchers$PERMISSION_CONTROLLER_MANAGER,3,3,100.0
1273db0031220073,androidx/compose/ui/layout/OnGloballyPositionedNode,3,4,75.0
496293c76c9e80db,androidx/core/os/HandlerCompat,3,46,6.52
6e3ddee66ab54b82,androidx/compose/ui/graphics/vector/PathNode$RelativeReflectiveQuadTo,3,18,16.67
f0ea22f5b3a7c4ea,androidx/activity/OnBackPressedDispatcher$addCancellableCallback$1,3,3,100.0
5b4691326d201e53,androidx/room/util/DBUtil,3,103,2.91
33f97dfcf04efd89,androidx/compose/ui/unit/IntSize$Companion,3,3,100.0
93004fe958fed557,androidx/compose/foundation/FocusableSemanticsNode,3,5,60.0
be67b45c90678c62,shark/AndroidReferenceMatchers$LEAK_CANARY_THREAD,3,3,100.0
b545276804ce3674,androidx/compose/ui/graphics/BlockGraphicsLayerElement,3,20,15.0
3c02f318700806d2,shark/ReferencePattern$StaticFieldPattern,3,26,11.54
4647a0a0d62f0b31,com/google/android/gms/internal/cast/zzok,3,13,23.08
cd8e3c8301f9f26f,androidx/compose/ui/layout/IntrinsicWidthHeight,3,5,60.0
8e7f76181fa6a0e0,kotlinx/coroutines/ExecutorCoroutineDispatcher$Key,3,3,100.0
b277a077f4f14fba,androidx/compose/ui/platform/AndroidComposeViewAccessibilityDelegateCompat$TranslateStatus,3,5,60.0
f6711a129aba5b54,androidx/compose/foundation/interaction/FocusInteraction$Unfocus,3,3,100.0
5846655bed64763d,androidx/compose/foundation/text/KeyMappingKt$defaultKeyMapping$1,3,3,100.0
a711e4319a96911d,androidx/compose/runtime/external/kotlinx/collections/immutable/implementations/immutableMap/PersistentHashMap$Companion,3,3,100.0
41bf9a67eac3ada5,androidx/compose/ui/layout/IntrinsicsMeasureScope$layout$1,3,6,50.0
ff11efb4c62af8f8,shark/AndroidReferenceMatchers$GESTURE_BOOST_MANAGER,3,3,100.0
452946bb72466a68,com/google/android/gms/internal/cast/zzni,3,11,27.27
d28e1e7ed7bac30b,androidx/compose/ui/focus/FocusRequester$Companion,3,6,50.0
6619a2e7c6bd57ab,io/ktor/util/pipeline/Pipeline$special$$inlined$shared$3,3,4,75.0
be2a7417b8ba59bd,androidx/compose/material/OutlinedTextFieldKt$outlineCutout$1$WhenMappings,3,4,75.0
84cfba42a53d98e0,androidx/compose/ui/node/NodeCoordinator$drawBlock$1$1,3,3,100.0
2bcae68550285a69,androidx/mediarouter/media/MediaRouter$Callback,3,15,20.0
654a90bb6a3e59ff,com/google/android/gms/cast/CastMediaControlIntent,3,25,12.0
3dba59aa007076c8,androidx/compose/ui/node/Owner$Companion,3,4,75.0
63aef7eecba7e5dc,io/ktor/client/HttpClientConfig$special$$inlined$shared$1,3,4,75.0
837aabafa3389a94,leakcanary/ViewLocationHolderLeakFix,3,28,10.71
a94ee697109cd0e5,androidx/arch/core/internal/SafeIterableMap$Entry,3,14,21.43
ac9e65b24971bfce,com/google/android/gms/internal/cast/zzoz,3,11,27.27
16c8887f786abec1,androidx/compose/ui/platform/ViewCompositionStrategy$Companion,3,3,100.0
603d38ca306bf75b,shark/AndroidReferenceMatchers$FINALIZER_WATCHDOG_DAEMON,3,3,100.0
9aa8d7d6d555f7f5,androidx/compose/foundation/HoverableElement,3,12,25.0
e9fd636398eaa9eb,leakcanary/LogcatSharkLog$Companion,3,3,100.0
86c0490a3624e585,androidx/compose/ui/node/NodeCoordinator$updateLayerParameters$1,3,3,100.0
5c7276bdb113c62b,shark/AndroidReferenceMatchers$RENDER_NODE_ANIMATOR,3,3,100.0
e1f1c91da4598ddd,shark/AndroidReferenceMatchers$CLIPBOARD_UI_MANAGER__SINSTANCE,3,3,100.0
354fafb117483fdb,org/slf4j/helpers/BasicMDCAdapter,3,38,7.89
cb43f3f5886c4b10,androidx/compose/ui/text/style/TextForegroundStyle$merge$2,3,3,100.0
1676755f06632b21,androidx/compose/ui/graphics/AndroidImageBitmap,3,22,13.64
31fa908bfe4184c3,androidx/compose/ui/platform/WindowRecomposer_androidKt$createLifecycleAwareWindowRecomposer$2$onStateChanged$1$1$1$1,3,3,100.0
31a841245f7dd703,shark/AndroidReferenceMatchers$USER_MANAGER__SINSTANCE,3,3,100.0
24b031cb9423f517,androidx/compose/animation/CrossfadeKt$Crossfade$3,3,3,100.0
2b52a3d8fc9d3f13,com/google/android/datatransport/runtime/EncodedPayload,3,16,18.75
e91289953463b20d,shark/AndroidReferenceMatchers$IREQUEST_FINISH_CALLBACK,3,3,100.0
bb6802e1256e2d61,org/koin/androidx/fragment/koin/KoinApplicationExtKt,3,3,100.0
e8974733c325f9ac,androidx/compose/foundation/layout/PaddingValuesElement,3,14,21.43
47f01b63b974dee2,kotlinx/coroutines/flow/internal/NullSurrogateKt,3,3,100.0
4a3b121faf1dcde5,androidx/mediarouter/media/MediaRouteProvider$ProviderMetadata,3,7,42.86
ea896c3789ee63c2,shark/AndroidReferenceMatchers$TEXT_LINE__SCACHED,3,3,100.0
7f9e81646445185c,androidx/compose/ui/res/ImageVectorCache$Key,3,19,15.79
60db529ca79dd50b,leakcanary/internal/activity/LeakActivity$heapDumpsButton$2,3,3,100.0
61fb322f8a2949f0,io/ktor/util/pipeline/Pipeline$special$$inlined$shared$2,3,4,75.0
34a39f569131ffb1,shark/ReferencePattern$InstanceFieldPattern,3,26,11.54
605a5432166f0518,com/google/android/gms/internal/cast/zzut,3,6,50.0
2d5c2b0547536439,androidx/emoji2/text/EmojiCompatInitializer$1,3,3,100.0
10dff2ee8b3bc7a3,androidx/compose/animation/core/MutationInterruptedException,3,3,100.0
29ccfae4ebd56914,androidx/compose/foundation/text/CoreTextFieldKt$CoreTextField$5$1$coreTextFieldModifier$1,3,3,100.0
4bbbc51aacb2aba6,androidx/compose/material/TextKt$Text$2,3,3,100.0
ba3b8bcf7341d71a,androidx/compose/foundation/FocusablePinnableContainerNode$retrievePinnableContainer$1,3,3,100.0
d17e0799ee3dedf1,androidx/collection/ArrayMap,3,56,5.36
5d8d46afd533baf0,shark/AndroidReferenceMatchers$SPELL_CHECKER_SESSION,3,3,100.0
1d4a3b9982e905fe,androidx/compose/animation/core/Transition$animateTo$2,3,3,100.0
62e490b6026525b2,com/google/android/gms/internal/cast/zzk,3,103,2.91
a9da16c47cddebe3,androidx/compose/ui/graphics/BlockGraphicsLayerModifier$measure$1,3,3,100.0
01e55c29194cd41b,leakcanary/BackgroundThreadHeapAnalyzer,3,8,37.5
2ee3380ecf93d1a5,com/google/android/gms/dynamite/zzf,3,6,50.0
a9ee2efd2eb8ef33,androidx/lifecycle/LifecycleDispatcher$DispatcherActivityCallback,3,3,100.0
00dfe1aec4c0dce2,androidx/compose/ui/graphics/colorspace/Adaptation$Companion,3,5,60.0
8d169c43ec4ac8cf,androidx/compose/ui/text/TextStyle$Companion,3,4,75.0
223603e0d2ea41de,androidx/compose/ui/node/LayoutNode$Companion,3,5,60.0
feec5271dfa85a85,androidx/compose/ui/graphics/drawscope/CanvasDrawScopeKt,3,3,100.0
754c2b085ad9232f,androidx/compose/foundation/layout/SizeNode$measure$1,3,3,100.0
52b1fe751a786d79,androidx/compose/foundation/gestures/BringIntoViewRequestPriorityQueue,3,70,4.29
7e9e962b81145dfc,androidx/compose/ui/text/platform/DefaultImpl$getFontLoadState$initCallback$1,3,5,60.0
7621ede8b331f1e1,androidx/compose/ui/text/font/PlatformResolveInterceptor$Companion,3,4,75.0
c95cf085697d9126,androidx/compose/ui/text/input/InputMethodManagerImpl$imm$2,3,3,100.0
5b91a17facae592f,shark/AndroidReferenceMatchers$BIOMETRIC_PROMPT,3,3,100.0
59b522eab2e26d9d,org/jellyfin/mobile/ui/state/CheckUrlState,3,3,100.0
df87fe14b009a7ea,androidx/compose/ui/MotionDurationScale$DefaultImpls,3,4,75.0
9ebc5a905fd9f3c1,androidx/compose/runtime/external/kotlinx/collections/immutable/implementations/persistentOrderedSet/Links,3,14,21.43
36e9dc6a7953545b,androidx/compose/foundation/text/modifiers/InlineDensity$Companion,3,3,100.0
db97dcb3ef888eaa,kotlin/collections/ArrayAsCollection,3,27,11.11
aa0f9e939021a9b4,androidx/compose/ui/semantics/SemanticsConfigurationKt$getOrNull$1,3,3,100.0
486956e0d95133ed,kotlinx/coroutines/flow/DistinctFlowImpl,3,4,75.0
438c1b7d3e967198,androidx/compose/ui/text/platform/extensions/PlaceholderExtensions_androidKt,3,37,8.11
f62fbb5445eba272,androidx/compose/ui/text/style/TextDrawStyleKt,3,24,12.5
106a5a0b50a2f1a6,org/koin/core/definition/Callbacks,3,19,15.79
cb8c4be51214be45,androidx/compose/ui/layout/IntrinsicMinMax,3,5,60.0
e2febff2e14250ac,androidx/sqlite/db/SimpleSQLiteQuery$Companion,3,33,9.09
813422e220f8f4dc,org/koin/core/registry/PropertyRegistry,3,16,18.75
97ec9af8ab61fb3d,io/ktor/client/engine/HttpClientEngineBase$coroutineContext$2,3,3,100.0
22945cc53112ce45,leakcanary/AndroidLeakFixes$ACCESSIBILITY_NODE_INFO,3,4,75.0
1a53ed850846d4ab,shark/AndroidReferenceMatchers$VIEW_GROUP__M_CURRENT_DRAG_CHILD,3,3,100.0
1ca144c24f190dc3,androidx/compose/foundation/text/CoreTextFieldKt$CoreTextField$scrollerPosition$1$1,3,3,100.0
34be785db8c889b8,io/ktor/client/features/DefaultResponseValidationKt,3,5,60.0
748176d4184804c6,kotlinx/coroutines/flow/SafeFlow,3,3,100.0
dbde2dc219330019,io/ktor/client/HttpClientConfig$special$$inlined$shared$5,3,4,75.0
d7da482699001f6a,com/google/android/datatransport/runtime/SafeLoggingExecutor$SafeLoggingRunnable,3,5,60.0
3c5c1eed21c75777,kotlin/collections/MapsKt___MapsKt,3,313,0.96
03e6248eedeb2284,org/koin/androidx/viewmodel/factory/KoinViewModelFactory$create$1,3,3,100.0
100b4b8b2bfda9d2,shark/AndroidReferenceMatchers$MAPPER_CLIENT,3,3,100.0
e423ef7c7792943e,androidx/compose/ui/unit/FontScalingKt,3,6,50.0
74d1c506c5892f64,shark/AndroidReferenceMatchers$SYSTEM_SENSOR_MANAGER__MAPPCONTEXTIMPL,3,3,100.0
a2ea9c5b8c9d6b56,androidx/compose/animation/core/VectorizedFloatAnimationSpec$1,3,3,100.0
6f079833665230d1,shark/AndroidReferenceMatchers$DEVICE_POLICY_MANAGER__SETTINGS_OBSERVER,3,3,100.0
1e7faeb6535f498a,androidx/compose/material/TextFieldDefaults$BorderBox$1,3,3,100.0
ccd2305eef93364d,androidx/compose/runtime/snapshots/SnapshotIdSet$Companion,3,3,100.0
5606b51d51d9a048,org/koin/android/ext/android/AndroidKoinScopeExtKt,3,6,50.0
802af34a82daf232,androidx/compose/ui/platform/RenderNodeVerificationHelper24,3,3,100.0
3c9ffe1f33792021,kotlin/collections/MapsKt__MapsJVMKt,3,46,6.52
c6004b87bd5c1d7d,androidx/compose/foundation/ImageKt$Image$1,3,3,100.0
c1cda2f2cd07b42a,shark/AndroidReferenceMatchers$APP_WIDGET_HOST_CALLBACKS,3,3,100.0
42b674bf3baced40,shark/AndroidReferenceMatchers$SEM_PERSONA_MANAGER,3,3,100.0
0f0076184c6430b2,androidx/compose/runtime/StructuralEqualityPolicy,3,4,75.0
37b844e81e28ae83,shark/AndroidReferenceMatchers$RESOURCES__MCONTEXT,3,3,100.0
2ed8a2c65cf0cc53,com/google/android/datatransport/cct/internal/AutoBatchedLogRequestEncoder$BatchedLogRequestEncoder,3,5,60.0
a396fe71764e0f78,shark/AndroidReferenceMatchers$CONNECTIVITY_MANAGER_CALLBACK_HANDLER,3,3,100.0
b51b9704e152c714,kotlinx/coroutines/flow/ReadonlyStateFlow,3,5,60.0
601bd6eaeb0de800,androidx/compose/ui/text/TextRange$Companion,3,3,100.0
addb9ba12403182d,androidx/compose/ui/node/LayoutNodeLayoutDelegate$performMeasureBlock$1,3,3,100.0
68e124ce0ef06712,androidx/compose/ui/input/nestedscroll/NestedScrollNodeKt,3,3,100.0
e808795335ad7e0c,androidx/compose/animation/core/Animation,3,5,60.0
9ae3fef7bdbe36ed,androidx/compose/material/DefaultPlatformTextStyle_androidKt,3,4,75.0
fd5a6e29a98ca346,kotlinx/coroutines/scheduling/TaskContextImpl,3,3,100.0
b23cf059975cab22,shark/AndroidReferenceMatchers$VIEW_GROUP__M_PRE_SORTED_CHILDREN,3,3,100.0
3e6d518a920dacd6,shark/AndroidReferenceMatchers$DREAM_SERVICE,3,3,100.0
1bb3c954f8095443,kotlin/comparisons/ComparisonsKt__ComparisonsKt,3,84,3.57
d7801e4067090a62,shark/AndroidReferenceMatchers$COMPANION_DEVICE_SERVICE__STUB,3,3,100.0
b77c5b3cf94a91a6,leakcanary/internal/ApplicationsKt,3,4,75.0
4f9c2a5d94b984fc,androidx/compose/ui/node/NodeMeasuringIntrinsics$IntrinsicMinMax,3,5,60.0
09dec1a403d407d2,androidx/compose/ui/node/LayoutNodeLayoutDelegateKt,3,25,12.0
d63c16502d5b2609,androidx/core/os/BundleCompat,3,24,12.5
8b8a6d25010772d0,androidx/fragment/app/SpecialEffectsController$WhenMappings,3,4,75.0
05dddb29948dbf39,androidx/core/util/Preconditions,3,73,4.11
0a12c35ccc02414e,androidx/compose/ui/focus/FocusTransactionsKt$grantFocus$1,3,3,100.0
9974dc713c5eeda2,org/koin/core/extension/ExtensionManager,3,20,15.0
2759c9ac9a9758ca,kotlinx/coroutines/GlobalScope,3,3,100.0
dbb493014551da17,leakcanary/DefaultOnHeapAnalyzedListener,3,6,50.0
9536d46d7890f745,androidx/compose/ui/text/android/TextLayout$layoutHelper$2,3,3,100.0
1435b9d6148bb479,shark/AndroidReferenceMatchers$AW_RESOURCE__SRESOURCES,3,3,100.0
e1571f8d59590ed4,androidx/compose/animation/core/StartOffsetType$Companion,3,4,75.0
c20feb188b5a7563,com/google/android/datatransport/runtime/scheduling/persistence/EventStoreModule,3,5,60.0
2dfb763d466adf04,androidx/compose/ui/text/intl/LocaleList$Companion,3,3,100.0
8a9411e9275db1d3,shark/AndroidReferenceMatchers$MAIN,3,3,100.0
420feb1367f0360d,androidx/compose/ui/text/input/ImeOptions$Companion,3,3,100.0
38b46107c38f335e,kotlinx/coroutines/flow/FlowKt__DistinctKt$defaultKeySelector$1,3,3,100.0
0022164e6da0ebc0,io/ktor/client/statement/HttpReceivePipeline$Phases,3,5,60.0
c9936d6356c6e2a4,shark/LibraryLeakReferenceMatcher,2,38,5.26
90ffdefb5839a770,org/jellyfin/sdk/model/ServerVersion$Companion$comparator$3,2,5,40.0
571c2c1fb997267c,kotlinx/coroutines/ExecutorCoroutineDispatcher,2,2,100.0
8cd0cf547e268963,androidx/compose/ui/MotionDurationScale$Key,2,2,100.0
9b1c02f20e4e2ed3,androidx/compose/animation/EnterTransition$Companion,2,3,66.67
ab7fc727597d202a,androidx/compose/foundation/layout/Arrangement$Top$1,2,3,66.67
7fbd281117c92ae0,shark/AndroidReferenceMatchers$IMM_LAST_FOCUS_VIEW$add$1,2,9,22.22
b66ade0f5440a166,shark/AndroidReferenceMatchers$TEXT_TO_SPEECH$add$1,2,7,28.57
157908d7bcd10746,androidx/compose/foundation/text/selection/SelectionGesturesKt,2,127,1.57
85d8ad778fa455df,io/ktor/util/CacheKt,2,2,100.0
99d16c9341824d22,androidx/compose/ui/platform/AndroidCompositionLocals_androidKt$LocalSavedStateRegistryOwner$1,2,4,50.0
57c6d4e055ea7cca,shark/AndroidReferenceMatchers$JOB_SERVICE$add$1,2,7,28.57
8ef6b913fcebfe53,androidx/compose/ui/platform/CompositionLocalsKt$LocalDensity$1,2,4,50.0
ff6becc348e27b27,com/google/android/gms/internal/cast/zzkx,2,2,100.0
a138c78e316e8eb3,shark/ReferencePattern$Companion,2,2,100.0
317aa1204340ee28,androidx/compose/ui/graphics/Outline,2,2,100.0
53bbccf3d3d76e24,androidx/compose/ui/unit/fontscaling/FontScaleConverterTable$Companion,2,16,12.5
28ecc5a7533e6f14,leakcanary/AndroidDebugHeapDumper,2,4,50.0
5698752fe95d4ed2,androidx/core/view/LayoutInflaterCompat,2,32,6.25
55afa0a79a19e1f5,androidx/compose/runtime/RecomposeScopeImplKt,2,3,66.67
057f4343c9ce6f44,io/ktor/client/engine/okhttp/OkHttpEngine$Companion$okHttpClientPrototype$2,2,4,50.0
0c4afcb4fd585c84,com/google/android/datatransport/runtime/time/TimeModule_UptimeClockFactory$InstanceHolder,2,3,66.67
c8a71fd2255fb7dd,shark/AndroidReferenceMatchers$BACKDROP_FRAME_RENDERER__MDECORVIEW$add$1,2,9,22.22
723b8c79837c5f1a,com/google/android/gms/internal/cast/zzdc,2,5,40.0
14f00145964e1a2d,androidx/savedstate/Recreator$Companion,2,2,100.0
2ceef92180fcf43e,kotlin/coroutines/SafeContinuation$Companion,2,3,66.67
0b4d2844b2f74e4a,shark/AndroidReferenceMatchers$EDITTEXT_BLINK_MESSAGEQUEUE$add$1,2,7,28.57
7bc783b68e78356f,shark/ReferencePattern$NativeGlobalVariablePattern$Companion,2,2,100.0
d4860f84f56719e2,androidx/compose/foundation/gestures/ScrollableKt$CanDragCalculation$1,2,6,33.33
45ed59869528835a,leakcanary/internal/activity/db/DbKt,2,2,100.0
a94eb161ad8d6eb1,kotlin/jvm/internal/FunctionReferenceImpl,2,6,33.33
89a6902a0babec15,com/google/android/gms/common/wrappers/PackageManagerWrapper,2,35,5.71
c36856da1b633bd0,androidx/compose/ui/graphics/colorspace/ColorSpace$Companion,2,2,100.0
2334eefeb1978c2c,androidx/compose/ui/platform/CompositionLocalsKt$LocalHapticFeedback$1,2,4,50.0
33c34a6fe6d19b3f,org/jellyfin/mobile/utils/JellyTree,2,8,25.0
f9924a1e8136ec65,com/google/android/datatransport/runtime/ExecutionModule_ExecutorFactory$InstanceHolder,2,3,66.67
f57c782aefadb3db,leakcanary/BackgroundThreadHeapAnalyzer$heapAnalyzerThreadHandler$2,2,6,33.33
0a2d9746c780f42e,androidx/concurrent/futures/AbstractResolvableFuture$Waiter,2,9,22.22
6a85f9923d22c24c,com/google/android/gms/cast/framework/zzac,2,6,33.33
2fcc5c03e40b23dc,androidx/compose/foundation/layout/Arrangement$SpaceAround$1,2,9,22.22
2948a12c63162ab4,io/ktor/util/pipeline/PipelinePhaseRelation$Last,2,2,100.0
67daae5edb4d6b75,com/google/android/datatransport/runtime/logging/Logging,2,9,22.22
0de5fdbb9e357d40,androidx/mediarouter/media/MediaRouteProviderProtocol,2,7,28.57
e156437edacff06d,androidx/compose/foundation/relocation/BringIntoViewRequester,2,4,50.0
5869735fa5ac5512,androidx/compose/ui/node/ComposeUiNode$Companion$VirtualConstructor$1,2,4,50.0
420ade18738f526b,leakcanary/AndroidLeakFixes$Companion$onEachIdle$1$1,2,2,100.0
dbb2a4aa26f2bcd2,androidx/emoji2/text/DefaultEmojiCompatConfig$DefaultEmojiCompatConfigHelper_API19,2,3,66.67
16aec85c296fe3c6,androidx/compose/ui/semantics/SemanticsPropertiesKt$ActionPropertyKey$1,2,13,15.38
b26c70e399c10bcf,androidx/compose/ui/node/ComposeUiNode$Companion$SetLayoutDirection$1,2,4,50.0
5a7c24bdd84ff97e,shark/AndroidReferenceMatchers$WINDOW_ON_BACK_INVOKED_DISPATCHER__STUB$add$1,2,9,22.22
745499569eb0e1a5,androidx/activity/result/contract/ActivityResultContracts$RequestMultiplePermissions$Companion,2,4,50.0
4ce5048c2cb8e1e4,com/google/android/datatransport/runtime/scheduling/persistence/PersistedEvent,2,2,100.0
42ba381793033cfb,androidx/compose/ui/platform/AndroidCompositionLocals_androidKt$LocalContext$1,2,4,50.0
3fbf7864a06ccfd1,shark/AndroidReferenceMatchers$APP_OPS_MANAGER__CALLBACK_STUB$add$1,2,9,22.22
25820e27fa1cb99a,androidx/activity/result/contract/ActivityResultContracts$StartActivityForResult$Companion,2,2,100.0
4bcf933e04697d43,androidx/room/InvalidationTracker$refreshRunnable$1,2,95,2.11
7d134b27da5256db,androidx/lifecycle/viewmodel/internal/ViewModelProviders$ViewModelKey,2,2,100.0
27354d1c9d263ec7,shark/AndroidReferenceMatchers$CLIPBOARD_EX_MANAGER$add$3,2,9,22.22
4b84b2ec62427723,shark/AndroidReferenceMatchers$ACCESSIBILITY_NODE_INFO__MORIGINALTEXT$add$1,2,9,22.22
718bbb3c49b2e1e6,androidx/lifecycle/LifecycleOwnerKt,2,2,100.0
2a6572d30bbfcb2b,kotlin/jvm/internal/Lambda,2,3,66.67
adff3107f41f6978,androidx/compose/ui/semantics/SemanticsProperties$IsPopup$1,2,5,40.0
fe88dbb1d999021f,androidx/compose/ui/platform/InfiniteAnimationPolicy$Key,2,2,100.0
5de95184d8075455,com/google/android/gms/cast/internal/zzl,2,2,100.0
39be2edb0c8c288a,androidx/compose/material/OutlinedTextFieldKt$OutlinedTextField$2,2,4,50.0
296d982e6a2526fa,androidx/compose/foundation/text/selection/TextFieldSelectionManager$onValueChange$1,2,4,50.0
737931752a2c75d0,androidx/compose/ui/platform/CompositionLocalsKt$LocalInputModeManager$1,2,4,50.0
4b5fe3e83e3012a4,leakcanary/ServiceWatcher$Companion,2,2,100.0
eef9199be7366d76,shark/AndroidObjectInspectors$EDITOR,2,4,50.0
0ad14b9bd56be406,androidx/compose/ui/platform/ViewLayer$Companion$getMatrix$1,2,5,40.0
923d07e9769a2db4,androidx/compose/animation/core/AnimationVector2D,2,30,6.67
2794d57746f10afa,androidx/compose/ui/layout/LayoutCoordinates,2,8,25.0
72c5e65fb4990557,org/koin/core/error/NoBeanDefFoundException,2,2,100.0
6cd69177cfa7d8ae,androidx/compose/material/ButtonKt$Button$2,2,4,50.0
c47521131f13c05e,io/ktor/client/engine/okhttp/OkHttpEngine$Companion,2,3,66.67
74d82b28c31afc3c,kotlinx/coroutines/flow/internal/SafeCollectorKt,2,3,66.67
1e67125056795981,androidx/compose/foundation/layout/WrapContentElement,2,22,9.09
a0f65692fb3b2d25,kotlinx/coroutines/internal/LockFreeLinkedListHead,2,16,12.5
c7f1cfb1aef28d01,androidx/compose/ui/node/LayoutModifierNodeCoordinator$Companion,2,3,66.67
34d25d7eac6d2751,shark/AndroidReferenceMatchers$APPLICATION_PACKAGE_MANAGER__HAS_SYSTEM_FEATURE_QUERY$add$1,2,7,28.57
b14e677775f190ac,shark/AndroidReferenceMatchers$SPAN_CONTROLLER$add$1,2,7,28.57
315a23c02fb97ad7,androidx/compose/ui/geometry/RoundRect$Companion,2,4,50.0
555964a9dee40464,androidx/compose/runtime/DisposableEffectImpl,2,6,33.33
79f1e5b9cb7672c9,com/google/android/gms/internal/cast/zzmk,2,2,100.0
472b0d060ed0d0f7,shark/AndroidReferenceMatchers$OEM_SCENE_CALL_BLOCKER$add$1,2,9,22.22
5e66b96357d25680,androidx/compose/ui/text/input/CursorAnchorInfoController$invalidate$1$1,2,4,50.0
7eff54420186de4d,com/google/android/gms/internal/cast/zztg,2,4,50.0
b7955824a29c0576,androidx/compose/ui/semantics/SemanticsProperties$PaneTitle$1,2,5,40.0
c4447f4bc8f08ab7,androidx/compose/ui/platform/CompositionLocalsKt$LocalLayoutDirection$1,2,4,50.0
5f1ba63170321aa3,leakcanary/FragmentAndViewModelWatcher$Companion,2,3,66.67
d405bb8f92a54f1a,androidx/compose/ui/node/DepthSortedSet$mapOfOriginalDepth$2,2,4,50.0
dc48fcf0b8e57177,androidx/compose/material/DefaultElevationOverlay,2,17,11.76
66c5dc74a66e17aa,shark/AndroidObjectInspectors$VIEW_ROOT_IMPL$leakingObjectFilter$1,2,27,7.41
c44c95179c6b2488,androidx/compose/ui/semantics/SemanticsProperties$Role$1,2,4,50.0
0ded69141c40547f,shark/AndroidObjectInspectors$VIEW$leakingObjectFilter$1,2,56,3.57
589aeafea877e93a,shark/AndroidReferenceMatchers$EXTENDED_STATUS_BAR_MANAGER$add$1,2,9,22.22
e2ea424446a7e4c1,androidx/mediarouter/media/GlobalMediaRouter$ProviderCallback,2,2,100.0
23552288b8e97fe6,androidx/compose/foundation/FocusedBoundsKt,2,3,66.67
637cccd02f89f8d9,androidx/compose/ui/graphics/drawscope/DrawContextKt,2,2,100.0
2858774088eb23ba,com/google/android/gms/internal/cast/zzky,2,2,100.0
7e95f5fdac187ae1,androidx/compose/ui/draganddrop/DragAndDropNode,2,78,2.56
e14d39316d531515,shark/AndroidReferenceMatchers$RENDER_NODE_ANIMATOR$add$1,2,9,22.22
dfaba24651ba838c,androidx/compose/ui/text/AndroidTextStyle_androidKt,2,11,18.18
bf6e532d908b5c8a,kotlinx/coroutines/flow/internal/SafeCollector_commonKt,2,13,15.38
f587e6329dfd274a,androidx/compose/ui/platform/DragAndDropModifierOnDragListener$rootDragAndDropNode$1,2,4,50.0
9ef58367e0fed4f9,androidx/compose/foundation/gestures/AndroidConfig,2,12,16.67
08afb0093f22067e,shark/AndroidObjectInspectors$FRAGMENT,2,4,50.0
cafcf2c20fedfe87,androidx/compose/animation/EnterExitTransitionKt$expandIn$1,2,4,50.0
48f70aae87a43ca2,shark/AndroidReferenceMatchers$INPUT_METHOD_MANAGER_IS_TERRIBLE$add$1,2,9,22.22
2f95c80c30e493a7,leakcanary/internal/HeapDumpControl$ICanHazHeap,2,2,100.0
2615cfc3076867c6,kotlinx/coroutines/flow/FlowKt__ChannelsKt$emitAllImpl$1,2,2,100.0
19d064ccf1ed5229,androidx/core/view/ViewCompat$AccessibilityPaneVisibilityManager,2,40,5.0
e2bb2fe44e775390,androidx/compose/runtime/ParcelableSnapshotMutableLongState$Companion,2,3,66.67
8e0311d61f444dcc,androidx/compose/ui/text/input/TextInputServiceAndroid$onImeActionPerformed$1,2,4,50.0
5df6814061d349ff,androidx/compose/foundation/gestures/ScrollDraggableState,2,12,16.67
ae6fe3300c5e7973,shark/AndroidReferenceMatchers$ACTIVITY_TRANSITION_STATE__M_EXITING_TO_VIEW$add$1,2,9,22.22
b3863172fe4cc625,org/jellyfin/mobile/ui/screens/connect/ComposableSingletons$ServerSelectionKt$lambda-2$1,2,9,22.22
392f6cdd68667f33,androidx/activity/result/ActivityResultRegistry$Companion,2,2,100.0
4d6b776b0d4991f1,io/ktor/client/engine/HttpClientEngine$DefaultImpls,2,42,4.76
1edfeb582833445d,androidx/compose/ui/graphics/colorspace/Adaptation$Companion$VonKries$1,2,3,66.67
dc846bf7a757a423,shark/AndroidReferenceMatchers$CLIPBOARD_EX_MANAGER$add$1,2,9,22.22
c50ba5eaa1247843,leakcanary/AppWatcher$objectWatcher$2,2,7,28.57
aaa64725fef60bc9,com/google/android/gms/internal/cast/zzjw,2,2,100.0
6e51afa350126d79,leakcanary/LeakCanary$Config$1,2,6,33.33
7507326ee9d47e71,kotlinx/coroutines/android/HandlerDispatcher,2,4,50.0
7b4160c595793b69,androidx/compose/foundation/layout/Arrangement$SpaceEvenly$1,2,9,22.22
95f2fca3e6cd470f,shark/AndroidReferenceMatchers$PERSONA_MANAGER$add$1,2,9,22.22
244b3a622da75f82,shark/AndroidReferenceMatchers$SPEN_GESTURE_MANAGER$add$1,2,9,22.22
dae73dfd010b52c6,kotlin/coroutines/jvm/internal/SuspendLambda,2,7,28.57
45364b9513984c0d,androidx/compose/ui/platform/RenderNodeApi23$Companion,2,4,50.0
c05c01c50c9bd460,androidx/compose/foundation/text/selection/SelectionRegistrarKt,2,7,28.57
cae419942406769f,androidx/compose/ui/node/OwnerSnapshotObserver$onCommitAffectingLookahead$1,2,7,28.57
1f2b041ed6cf1cd9,kotlinx/coroutines/CoroutineDispatcher$Key$1,2,6,33.33
49634c1cd643c585,leakcanary/AndroidLeakFixes$PERMISSION_CONTROLLER_MANAGER,2,10,20.0
f719747542594c03,shark/AndroidReferenceMatchers$AUDIO_MANAGER__MCONTEXT_STATIC$add$1,2,9,22.22
6ba6f74e869ca7fa,kotlinx/serialization/modules/SerialModuleImpl,2,74,2.7
8adc13e389c2c04b,shark/AndroidObjectInspectors$FRAGMENT$leakingObjectFilter$1,2,13,15.38
80024a82a22a1c36,androidx/fragment/app/FragmentManager$4,2,2,100.0
b8536f21ed3643a4,org/jellyfin/mobile/utils/UIExtensionsKt,2,37,5.41
b0a000ef37dca8db,kotlin/ranges/IntRange$Companion,2,3,66.67
3656ce5e7881a8bf,org/koin/core/context/DefaultContextExtKt,2,13,15.38
14aadd357962cc0a,leakcanary/AndroidLeakFixes$TEXT_LINE_POOL,2,3,66.67
414b374d6f54e364,shark/AndroidReferenceMatchers$PLAYER_BASE$add$1,2,9,22.22
c29b91b965037d2f,kotlinx/coroutines/EventLoopImplBase,2,186,1.08
c3a0ab8251157f41,androidx/compose/ui/layout/OuterPlacementScope,2,5,40.0
4e0086e7b41d6acd,io/ktor/client/features/HttpSend$special$$inlined$shared$1,2,4,50.0
e6cb904770ce1fb9,leakcanary/internal/InternalLeakCanary$invoke$configProvider$1,2,4,50.0
63f1bddfdae2e66b,androidx/compose/runtime/ParcelableSnapshotMutableIntState$Companion,2,3,66.67
eafb055fa937dd31,shark/AndroidMetadataExtractor,2,120,1.67
5c4572e8fa0ae9cc,androidx/compose/foundation/gestures/ScrollingLogic,2,102,1.96
77eaa58166452614,androidx/compose/runtime/changelist/Operations$Companion,2,2,100.0
ab7018a4230ebeb9,kotlinx/coroutines/CoroutineName$Key,2,2,100.0
984b6d0272050d63,shark/AndroidReferenceMatchers$ACCESSIBILITY_NODE_ID_MANAGER$add$1,2,9,22.22
2c249b2714084084,kotlinx/coroutines/flow/FlowKt__LimitKt,2,58,3.45
8b6b675f480a19d1,androidx/compose/foundation/text/UndoManagerKt,2,2,100.0
482f0dfc544f7fbf,shark/AndroidReferenceMatchers$VIEW_GROUP__M_CURRENT_DRAG_CHILD$add$1,2,9,22.22
96d604b56f2d2a1f,shark/AndroidReferenceMatchers$INPUT_METHOD_MANAGER_IS_TERRIBLE$add$2,2,9,22.22
6f4c54d86d023117,androidx/compose/ui/text/font/FontListFontFamilyTypefaceAdapter$Companion,2,4,50.0
1b84f73ef4b19ab7,shark/AndroidReferenceMatchers$MAPPER_CLIENT$add$1,2,9,22.22
69781ba79cf0073e,kotlinx/coroutines/scheduling/CoroutineScheduler$Companion,2,2,100.0
6c0d7c50780850b1,androidx/compose/ui/text/intl/Locale$Companion,2,3,66.67
119e16dd61a012d4,kotlinx/coroutines/flow/StateFlowImpl$collect$1,2,2,100.0
e61ef128359c274b,shark/ObjectInspectors$KEYED_WEAK_REFERENCE$leakingObjectFilter$1,2,26,7.69
284c576c817d29e6,androidx/activity/ComponentActivity$Companion,2,2,100.0
22559f4779c5ee4d,kotlinx/coroutines/JobSupport$ChildCompletion,2,2,100.0
77dc523a7d63e66f,androidx/compose/runtime/external/kotlinx/collections/immutable/internal/MutabilityOwnership,2,2,100.0
819d65be94480a43,androidx/compose/material/ContentColorKt,2,2,100.0
d6541a34abb2e10c,androidx/compose/runtime/snapshots/SnapshotApplyResult$Success,2,4,50.0
aae20fe93f5d00e7,androidx/compose/foundation/layout/Arrangement$Vertical,2,4,50.0
165f4414fd8c263a,org/jellyfin/sdk/discovery/LocalServerDiscovery$discover$1$3,2,3,66.67
8863a0cfb66164a8,androidx/compose/ui/text/input/PartialGapBuffer,2,45,4.44
e2a106e8d406bd56,com/google/android/datatransport/runtime/time/WallTimeClock,2,2,100.0
1d9228ca18036257,androidx/compose/ui/util/MathHelpersKt,2,3,66.67
01be8cd99a844ff6,shark/AndroidReferenceMatchers$ACTIVITY_CHOOSE_MODEL$add$1,2,9,22.22
2458a6f2a4c43be4,org/jellyfin/mobile/webapp/RemotePlayerService$receiver$1,2,28,7.14
2adc5cb915ddb954,androidx/sqlite/db/framework/FrameworkSQLiteDatabase$Companion,2,2,100.0
b5fd92ccef9c6db3,com/google/android/gms/internal/cast/zzln,2,2,100.0
3361da50df6c3128,shark/AndroidReferenceMatchers$HOST_ADPU_SERVICE_MSG_HANDLER$add$1,2,9,22.22
f8b5733a5c17881b,androidx/compose/ui/text/input/CursorAnchorInfoController$textFieldToRootTransform$1,2,4,50.0
2fe6c4391938fd73,shark/ReferenceMatcher,2,2,100.0
23037e4ba0bb51de,com/google/android/gms/internal/cast/zzkv,2,2,100.0
c656a53041602a01,androidx/compose/ui/unit/FontScaling,2,22,9.09
6bcacd2a2799319e,androidx/compose/runtime/ComposableSingletons$CompositionKt$lambda-1$1,2,12,16.67
d74063466b3ca6f0,androidx/compose/animation/AnimatedVisibilityKt$AnimatedVisibilityImpl$2,2,8,25.0
94aee93ff9511d0f,com/google/android/gms/internal/base/zau,2,6,33.33
95ca0d3c824fcc77,androidx/compose/ui/platform/CompositionLocalsKt$LocalTextToolbar$1,2,4,50.0
2c67b393dedfe8c9,androidx/appcompat/app/AppCompatDelegateImpl$5,2,3,66.67
e08057c12ad74131,kotlin/Result$Companion,2,5,40.0
6a1c82fc66806bb2,androidx/compose/ui/input/rotary/RotaryInputModifierKt,2,4,50.0
4c698b599552d9d2,leakcanary/internal/HeapDumpTrigger$Companion,2,2,100.0
13982180267b35b3,leakcanary/internal/HeapDumpControl$backgroundUpdateHandler$2,2,6,33.33
95cae6ee8d285fdf,androidx/compose/ui/layout/BeyondBoundsLayoutKt,2,2,100.0
1a2c9516e7dc18cf,androidx/compose/animation/core/VectorConvertersKt$IntToVector$2,2,4,50.0
06da323ca38e8c70,androidx/compose/ui/platform/CompositionLocalsKt$LocalAccessibilityManager$1,2,4,50.0
96bb7c4f0e8a9fe2,androidx/collection/LongSparseArrayKt,2,262,0.76
9954d6aa1ce2d539,com/google/android/gms/internal/cast/zzji,2,2,100.0
e87fc7c21fcd9003,androidx/collection/IntSetKt,2,25,8.0
6221a9a00963ac42,androidx/compose/animation/core/AnimationVector3D,2,37,5.41
8e970338f4b3d54a,com/google/android/gms/internal/cast/zzik,2,2,100.0
33ca88b160c70b19,kotlin/jvm/internal/PropertyReference1,2,8,25.0
4a08ef1665a4bde4,com/google/android/gms/common/zzi,2,2,100.0
c21ee08611adb973,androidx/compose/ui/draganddrop/DragAndDropNode$Companion,2,6,33.33
55d40f5baf78e0ae,shark/AndroidObjectInspectors$WINDOW,2,4,50.0
1962ce74ef3c583f,androidx/compose/animation/ChangeSize,2,34,5.88
c3367d096c0a65ca,androidx/compose/foundation/text/KeyboardOptions$Companion,2,4,50.0
183d160f96eb8037,androidx/compose/ui/semantics/EmptySemanticsModifier,2,3,66.67
f835aa9eded6376d,androidx/compose/material/ContentAlphaKt$LocalContentAlpha$1,2,4,50.0
0ba997173da40b6c,io/ktor/client/engine/okhttp/OkHttpConfig,2,15,13.33
6d7f022e048c5f38,androidx/compose/ui/platform/WindowRecomposer_androidKt$createLifecycleAwareWindowRecomposer$1,2,5,40.0
83fe90192d021983,leakcanary/internal/InternalLeakCanary$onRetainInstanceListener$2,2,6,33.33
7982c4f0bf71297c,kotlinx/coroutines/Unconfined,2,7,28.57
300bd042a689c6ea,androidx/compose/ui/text/input/TextFieldValue$Companion$Saver$2,2,21,9.52
f90b2050285374c7,io/ktor/client/utils/SharedCollectionsKt,2,6,33.33
12a49190ee188dab,shark/AndroidReferenceMatchers$CLIPBOARD_EX_MANAGER$add$2,2,9,22.22
2fb98b5c89242e49,androidx/compose/animation/core/VectorConvertersKt$OffsetToVector$1,2,4,50.0
013f7ab7002d537e,com/google/android/gms/dynamite/zze,2,3,66.67
b5381bcb3d4e8eed,leakcanary/AppWatcher$objectWatcher$3,2,4,50.0
101878a8e5255ec3,androidx/compose/ui/node/OwnerSnapshotObserver$onCommitAffectingSemantics$1,2,7,28.57
e511da8a193ef4ac,io/ktor/util/AttributesJvmKt,2,6,33.33
cdd837959e6f6a4f,androidx/compose/foundation/text/CoreTextFieldKt$CoreTextField$3$invoke$$inlined$onDispose$1,2,4,50.0
b3b6d65e343b1725,androidx/compose/foundation/layout/BoxScopeInstance,2,13,15.38
25e6792a08a29e03,androidx/compose/foundation/gestures/UpdatableAnimationState$Companion,2,6,33.33
a314b1f8cac19190,shark/AndroidReferenceMatchers$MEDIA_SCANNER_CONNECTION$add$1,2,7,28.57
c5bca26058e891ce,kotlin/sequences/SequencesKt__SequencesKt$generateSequence$2,2,2,100.0
fd812ecc5c5a6482,io/ktor/client/features/websocket/WebSocketCapability,2,3,66.67
c3d5eeb446ba2f83,shark/AndroidObjectInspectors$APPLICATION_PACKAGE_MANAGER,2,4,50.0
6b42659922d758ac,io/ktor/util/LRUCache,2,28,7.14
6c89d88ce0b54455,androidx/compose/ui/text/input/TextFieldValue$Companion$Saver$1,2,6,33.33
9f42fa5933308c4d,androidx/compose/ui/unit/DensityImpl,2,18,11.11
b1abdeaf95a6de80,androidx/compose/ui/node/ComposeUiNode$Companion$SetViewConfiguration$1,2,4,50.0
95309f5cd213d8e4,androidx/compose/foundation/layout/CrossAxisAlignment$CenterCrossAxisAlignment,2,3,66.67
c12d194c9351e634,com/google/android/gms/internal/cast/zzhs,2,2,100.0
5358fb0f5b1fd42d,mu/internal/KLoggerNameResolver,2,56,3.57
3c3e915d81be72a8,androidx/compose/material/ripple/RippleThemeKt$LocalRippleTheme$1,2,4,50.0
62af2861a9f090ed,androidx/compose/ui/Modifier$Element,2,14,14.29
4287b1c9c5ea8d49,androidx/lifecycle/viewmodel/CreationExtras$Empty,2,3,66.67
5608df3735cd85ec,androidx/compose/runtime/DisposableEffectScope,2,4,50.0
6a44c7803d9a9144,androidx/compose/ui/graphics/colorspace/Adaptation$Companion$Bradford$1,2,3,66.67
ea76f55250c0cd21,org/jellyfin/mobile/MainViewModel$refreshServer$1,2,2,100.0
6692cd3b6367989f,androidx/compose/runtime/saveable/SaverKt,2,3,66.67
a98e9d583b224288,androidx/compose/animation/core/VectorConvertersKt$SizeToVector$1,2,4,50.0
ca0a1645178e1039,androidx/compose/ui/input/nestedscroll/NestedScrollNodeKt$ModifierLocalNestedScroll$1,2,4,50.0
8131efc59e2bd226,androidx/core/view/AccessibilityDelegateCompat$AccessibilityDelegateAdapter,2,25,8.0
cfdb95d621aa255b,leakcanary/GcTrigger$Default,2,10,20.0
8f3ca85a8bbcc1b6,shark/AndroidReferenceMatchers$Companion$ALWAYS$1,2,4,50.0
858ec93e177f9ee5,androidx/emoji2/text/EmojiCompat$CompatInternal19$1,2,3,66.67
5cb62aaab42cf634,leakcanary/AndroidLeakFixes$SPELL_CHECKER,2,34,5.88
cf7adbe4780bd215,kotlinx/coroutines/ChildHandleNode,2,4,50.0
86ace408c8beb3ee,com/google/android/gms/internal/cast/zzho,2,2,100.0
5a74368337c85aed,androidx/compose/ui/ComposedModifier,2,2,100.0
ceb92f733a950ed6,androidx/compose/ui/platform/CompositionLocalsKt$LocalTextInputService$1,2,4,50.0
8f2ce9faf537a9b5,androidx/compose/material/ShapesKt$LocalShapes$1,2,4,50.0
a451ce3bd199b26a,shark/AndroidReferenceMatchers$APP_WIDGET_HOST_CALLBACKS$add$1,2,7,28.57
3844b20936f30ffc,androidx/compose/material/ContentAlphaKt,2,2,100.0
55aa80afaebb4adc,androidx/compose/ui/platform/AndroidComposeViewAccessibilityDelegateCompat_androidKt,2,196,1.02
6d09d06381c6d387,androidx/compose/foundation/layout/CrossAxisAlignment$EndCrossAxisAlignment,2,5,40.0
5baa694b69bf00ba,androidx/activity/result/contract/ActivityResultContracts$StartActivityForResult,2,6,33.33
56b27d5173851072,androidx/compose/ui/text/intl/Locale,2,14,14.29
8ea2930af5c6beab,androidx/compose/ui/platform/AndroidFontResourceLoader,2,8,25.0
8fde222bd18ed241,org/jellyfin/sdk/model/ClientInfo,2,19,10.53
2264ac0be9aa457a,shark/AndroidReferenceMatchers$STATIC_MTARGET_VIEW$add$1,2,9,22.22
1a1ece914f9f998b,shark/AndroidReferenceMatchers$LAYOUT_TRANSITION$add$1,2,9,22.22
35d7be73630f27b8,androidx/collection/internal/LruHashMap,2,23,8.7
c37cb5ad6deeaea2,androidx/compose/foundation/layout/Arrangement$SpaceBetween$1,2,9,22.22
cf2f75239673f2d3,androidx/compose/ui/layout/AlignmentLineKt$LastBaseline$1,2,5,40.0
00d65e0a82b5caa2,shark/AndroidObjectInspectors$SERVICE,2,4,50.0
92cc80e0ac289f90,com/google/android/datatransport/runtime/backends/CreationContextFactory,2,2,100.0
192359dfb82cca2b,androidx/compose/ui/text/platform/SynchronizedObject,2,2,100.0
52a5768bce9cbf0e,shark/AndroidReferenceMatchers$MAGNIFIER$add$1,2,7,28.57
eaf704972ef7000c,org/slf4j/helpers/NOPLoggerFactory,2,2,100.0
fac3f7acdff651d0,kotlinx/coroutines/internal/LimitedDispatcherKt,2,6,33.33
c10fdde2279d81d1,androidx/compose/ui/platform/CompositionLocalsKt$LocalViewConfiguration$1,2,4,50.0
20228b6d89a994fc,shark/AndroidObjectInspectors$VIEW_ROOT_IMPL,2,4,50.0
d584eb305c13e4fb,androidx/compose/ui/text/font/DefaultFontFamily,2,3,66.67
238f843bf1124f27,androidx/compose/ui/graphics/drawscope/Fill,2,2,100.0
4f69d5e30d02c891,shark/AndroidObjectInspectors$TOAST$leakingObjectFilter$1,2,25,8.0
eee1c4bf625cdbdd,androidx/compose/ui/layout/ScaleFactor$Companion,2,4,50.0
98888591ba9340b3,androidx/compose/runtime/SnapshotMutableIntStateImpl$IntStateStateRecord,2,5,40.0
8961395a4faae903,shark/AndroidObjectInspectors$TOAST,2,4,50.0
631f0404e1c2e2d3,androidx/compose/ui/text/input/OffsetMapping$Companion$Identity$1,2,3,66.67
c0c62db4cd203a4e,androidx/compose/ui/node/BackwardsCompatNodeKt$updateModifierLocalConsumer$1,2,4,50.0
7c35993573ecf776,androidx/core/util/ObjectsCompat,2,13,15.38
57fdf76417ba9737,androidx/compose/runtime/ParcelableSnapshotMutableFloatState$Companion,2,3,66.67
14ad222b226392cb,org/koin/core/instance/InstanceFactory$Companion,2,2,100.0
790529015c558297,com/google/android/datatransport/runtime/scheduling/persistence/EventStoreModule_PackageNameFactory,2,5,40.0
da6369a229cc67e5,kotlin/ULong$Companion,2,2,100.0
17f35665e42ac512,org/jellyfin/sdk/discovery/LocalServerDiscovery$receive$1,2,3,66.67
3c9b815da6a0371c,com/google/android/datatransport/runtime/scheduling/persistence/EventStoreModule_SchemaVersionFactory$InstanceHolder,2,3,66.67
f97cbf98cdb014fc,leakcanary/AndroidLeakFixes$IMM_FOCUSED_VIEW,2,18,11.11
8c0bffc62ceaaa3e,androidx/savedstate/SavedStateRegistry$Companion,2,2,100.0
bd8e01b948ace83c,androidx/compose/runtime/ActualAndroid_androidKt$DefaultMonotonicFrameClock$2,2,7,28.57
eabc075779bec4cb,androidx/compose/ui/layout/AlignmentLineKt$FirstBaseline$1,2,5,40.0
09b0eb65f53bdbd0,io/ktor/client/engine/okhttp/OkHttpEngineContainer,2,3,66.67
04f967ddac7de5b1,io/ktor/client/features/HttpTimeout$HttpTimeoutCapabilityConfiguration$Companion,2,3,66.67
a22c149f7fd086d8,androidx/compose/ui/platform/WindowInfoImpl$Companion,2,3,66.67
21efcaf258c61190,org/jellyfin/sdk/model/DeviceInfo,2,19,10.53
53b6b89f5b76cbef,androidx/compose/ui/node/LayoutNodeAlignmentLines,2,5,40.0
ccbe7423b26c09c5,androidx/compose/ui/graphics/vector/PathNode$Close,2,2,100.0
77a58a219df2fc9d,com/google/android/gms/cast/framework/zzbj,2,56,3.57
24a6023de2a7ef86,androidx/compose/ui/draw/ClipKt,2,2,100.0
8f46a90fbef2c4d6,com/google/android/gms/internal/cast/zzlm,2,2,100.0
900e03526d053e1b,androidx/compose/animation/core/SuspendAnimationKt$animate$4,2,2,100.0
824ce21d3e245c19,androidx/compose/foundation/text/TextDelegate$Companion,2,3,66.67
92e74fc2666e10b9,androidx/compose/animation/core/VectorConvertersKt$RectToVector$2,2,4,50.0
ab132941cc26a0a2,com/google/android/datatransport/runtime/scheduling/jobscheduling/SchedulerConfig$ConfigValue,2,2,100.0
f25c2e4dfe07cd16,shark/AndroidReferenceMatchers$SEM_EMERGENCY_MANAGER__MCONTEXT$add$1,2,10,20.0
d719dd19b6dd8b2d,kotlinx/coroutines/channels/SendChannel$DefaultImpls,2,9,22.22
f4baa2f2cae30f6d,androidx/activity/result/contract/ActivityResultContracts$RequestMultiplePermissions,2,44,4.55
7d249e6ee722e57e,androidx/compose/foundation/layout/CrossAxisAlignment$VerticalCrossAxisAlignment,2,14,14.29
2a82fc483220c0ce,shark/AndroidObjectInspectors$CONTEXT_IMPL,2,4,50.0
6c52db75d56cfd16,curtains/OnRootViewRemovedListener$DefaultImpls,2,4,50.0
98f9b06967a29e09,shark/AndroidObjectInspectors$MORTAR_SCOPE$leakingObjectFilter$1,2,13,15.38
fa5447cebbba6894,androidx/collection/IntObjectMapKt,2,44,4.55
96b2214094ebf605,shark/AndroidReferenceMatchers$ANIMATION_HANDLER__ANIMATOR_REQUESTORS$add$1,2,7,28.57
f16903a5738b9ee6,androidx/compose/ui/platform/InvertMatrixKt,2,4,50.0
9b2e4d863c03d331,androidx/compose/animation/SplineBasedFloatDecayAnimationSpec_androidKt,2,22,9.09
ed559417c27ed546,kotlin/enums/EnumEntriesList,2,23,8.7
54b23919d66fa107,com/google/android/gms/internal/cast/zzhr,2,2,100.0
638caada6790003e,com/google/android/gms/internal/cast/zzax,2,3,66.67
aac3198dcb9309cc,androidx/compose/ui/node/TreeSet,2,4,50.0
d3bc5adcf1182566,kotlinx/coroutines/CoroutineExceptionHandler$Key,2,2,100.0
2cc0fa924615ef2e,androidx/compose/material/SurfaceKt$Surface$1$1,2,4,50.0
6c1b307874434320,androidx/lifecycle/SavedStateHandlesVM,2,3,66.67
b5a09ebe9c575658,androidx/compose/ui/platform/CompositionLocalsKt$LocalAutofill$1,2,4,50.0
4b4d5df51ad0a3a7,kotlinx/serialization/modules/SerializersModuleKt,2,13,15.38
55bfa380d5744fc7,androidx/compose/animation/core/VectorConvertersKt$IntSizeToVector$1,2,4,50.0
5e6eb23bf2afd785,androidx/compose/runtime/Applier,2,6,33.33
e7da997541c44452,androidx/compose/ui/hapticfeedback/PlatformHapticFeedback,2,9,22.22
c6b3bb096352bebd,kotlin/collections/AbstractMutableMap,2,8,25.0
770bc8a21d69ced3,io/ktor/util/pipeline/PipelinePhaseRelation$Before,2,3,66.67
ff2a02817b456f6f,androidx/compose/ui/platform/InspectableValueKt$NoInspectorInfo$1,2,4,50.0
03b81e66d6e9ccef,androidx/compose/runtime/snapshots/ReaderKind,2,25,8.0
8a09721ca68b2a46,com/google/android/gms/common/api/internal/zabk,2,2,100.0
ddbd1d4b543a9618,androidx/compose/animation/EnterExitTransitionKt$TransformOriginVectorConverter$1,2,4,50.0
c6c9abb27986f740,androidx/compose/ui/text/font/GenericFontFamily,2,4,50.0
ea23f1115dd3f1c0,shark/AndroidReferenceMatchers$RESOURCES__MCONTEXT$add$1,2,9,22.22
5dfab62650693fc1,shark/AndroidReferenceMatchers$SEM_PERSONA_MANAGER$add$1,2,9,22.22
cee229b569227fc8,shark/AndroidObjectInspectors$ANDROIDX_FRAGMENT,2,4,50.0
24c5ac4b96f01176,kotlinx/coroutines/internal/ContextScope,2,3,66.67
510d4962b62ec435,androidx/compose/ui/platform/AndroidAccessibilityManager$Companion,2,2,100.0
90f1d775621c3f5c,androidx/lifecycle/ViewModelProvider$Factory$Companion,2,4,50.0
a6a84634f8f0e5cf,kotlin/coroutines/jvm/internal/CompletedContinuation,2,7,28.57
7b019e71d2df0342,shark/AndroidObjectInspectors$VIEW,2,4,50.0
11a30651f2bcf69f,androidx/compose/ui/MotionDurationScale,2,2,100.0
90a07fa4146aff22,kotlinx/serialization/modules/SerializersModule,2,9,22.22
635da1437b626632,kotlinx/coroutines/Job$Key,2,2,100.0
aec1160cacef188d,androidx/compose/ui/layout/PinnableContainerKt,2,2,100.0
df75d9f06a34dfb1,com/google/android/gms/internal/cast/zziv,2,2,100.0
1fbeb61be363bbc4,kotlinx/coroutines/Active,2,3,66.67
077ac663474cc8a2,androidx/compose/animation/ColorVectorConverterKt,2,2,100.0
3297c2adb3ad6900,kotlinx/coroutines/sync/SemaphoreImpl$addAcquireToQueue$createNewSegment$1,2,4,50.0
24b02c5fc7b85161,androidx/compose/ui/input/pointer/PointerHoverIconModifierNode,2,71,2.82
ed1f8d9d1ed09d12,androidx/compose/foundation/layout/ColumnScopeInstance,2,20,10.0
25b89604714f3e86,androidx/compose/ui/text/intl/PlatformLocaleKt,2,2,100.0
99a1d9a27ca7e24b,com/google/firebase/encoders/FieldDescriptor,2,17,11.76
b1bf51667434e52e,com/google/android/gms/common/internal/zza,2,12,16.67
7c87e51f99d3709f,androidx/compose/foundation/layout/CrossAxisAlignment$StartCrossAxisAlignment,2,5,40.0
73388186a58b08da,shark/AndroidReferenceMatchers$GESTURE_BOOST_MANAGER$add$1,2,10,20.0
0cf9de0a0745c65a,androidx/room/InvalidationTracker$Companion,2,13,15.38
fe1b1f8c29a7437d,io/ktor/util/pipeline/PipelinePhase,2,4,50.0
ade9df90b5eae857,shark/AndroidReferenceMatchers$SEM_CLIPBOARD_MANAGER__MCONTEXT$add$2,2,10,20.0
f491ef45c43a9b5c,kotlinx/coroutines/ChildContinuation,2,2,100.0
16cbdc5f4c0b820a,androidx/sqlite/db/framework/FrameworkSQLiteOpenHelper$Companion,2,2,100.0
bd02a41a4d8cb243,shark/AndroidReferenceMatchers$SPEECH_RECOGNIZER$add$1,2,7,28.57
60d923e0440ffbd6,com/google/android/datatransport/runtime/time/TimeModule,2,3,66.67
56a1606063ed54b2,shark/AndroidReferenceMatchers$MEDIA_PROJECTION_CALLBACK$add$1,2,9,22.22
db9e466e73a4b5e0,androidx/compose/ui/graphics/Matrix$Companion,2,2,100.0
4f10f16db4aeb7b7,androidx/compose/runtime/saveable/SaveableStateRegistryImpl$registerProvider$3,2,12,16.67
3e3a251e7b47087b,leakcanary/AndroidLeakFixes$FLUSH_HANDLER_THREADS$apply$flushNewHandlerThread$1$run$1$3$posted$1,2,2,100.0
ec0070b3864a6a86,androidx/compose/ui/platform/InspectorValueInfo,2,8,25.0
0591b577457f7ac6,androidx/compose/foundation/text/selection/BaseTextPreparedSelection$Companion,2,2,100.0
f296516533d27e7d,androidx/compose/runtime/SnapshotMutableFloatStateImpl$FloatStateStateRecord,2,5,40.0
d71d7eb83d22cf84,androidx/activity/ComponentActivity$ReportFullyDrawnExecutorImpl,2,34,5.88
90ceae1d33ea3081,leakcanary/internal/InternalLeakCanary$invoke$2,2,2,100.0
bb7b06e91d99c644,org/jellyfin/sdk/discovery/LocalServerDiscovery$discover$1$2,2,3,66.67
74daac8b52731750,androidx/compose/runtime/snapshots/MutableSnapshot$Companion,2,2,100.0
a2e543dfc0b327a2,androidx/core/os/LocaleListCompat$Api21Impl,2,23,8.7
d769364e626bbe77,shark/AndroidObjectInspectors$ACTIVITY,2,4,50.0
7b43836b0d5696ad,androidx/compose/ui/platform/CompositionLocalsKt$LocalWindowInfo$1,2,4,50.0
087a2dc316a5e46a,shark/AndroidReferenceMatchers$SYSTEM_SENSOR_MANAGER__MAPPCONTEXTIMPL$add$1,2,13,15.38
f3b37d70bf22ae80,androidx/activity/OnBackPressedDispatcherKt$addCallback$callback$1,2,3,66.67
4ac48d1bbff1a281,shark/KeyedWeakReferenceFinder,2,24,8.33
2f8c1ae7fa2a684f,androidx/collection/ObjectIntMapKt,2,44,4.55
dde340dd6c475560,androidx/compose/ui/platform/AndroidComposeView$resendMotionEventRunnable$1,2,20,10.0
ab2b1befbeeedd80,androidx/compose/ui/platform/CompositionLocalsKt$LocalSoftwareKeyboardController$1,2,4,50.0
495b29b177cb60df,androidx/compose/ui/platform/CompositionLocalsKt$LocalFontLoader$1,2,4,50.0
2cfce9545dda3a01,androidx/compose/ui/layout/AlignmentLine$Companion,2,2,100.0
253783a8b74f2660,androidx/compose/animation/core/VectorConvertersKt$DpOffsetToVector$1,2,4,50.0
68c2c36694ec4f67,androidx/compose/foundation/text/selection/TextFieldSelectionManager$mouseSelectionObserver$1,2,45,4.44
a0cff4babd8f195c,kotlinx/serialization/json/internal/DescriptorSchemaCache,2,20,10.0
8b6a1b2af61b0202,androidx/compose/ui/text/input/TextFieldValueKt,2,5,40.0
6d28f9ccbe0b452d,shark/ReferencePattern$JavaLocalPattern$Companion,2,2,100.0
d4db6d8a9aa35e3c,androidx/compose/ui/platform/DelegatingSoftwareKeyboardController,2,5,40.0
118f42f650f584df,androidx/room/RoomDatabase$Companion,2,2,100.0
12deb12e99822758,androidx/compose/ui/text/input/PartialGapBuffer$Companion,2,2,100.0
3637d9ecb009ad91,androidx/compose/ui/node/OwnerSnapshotObserver$onCommitAffectingLayoutModifierInLookahead$1,2,7,28.57
d870a1155f184923,androidx/compose/foundation/text/DeadKeyCombiner,2,15,13.33
d19f7f5c50f62d7a,androidx/compose/ui/platform/WindowRecomposerPolicy$createAndInstallWindowRecomposer$1,2,5,40.0
0dbb91e5966689e6,shark/AndroidReferenceMatchers$VIEW_GROUP__M_PRE_SORTED_CHILDREN$add$1,2,7,28.57
479d8a377ee5ee3e,com/google/android/datatransport/runtime/time/TimeModule_EventClockFactory$InstanceHolder,2,3,66.67
aa215b988e7de653,kotlin/jvm/internal/IntCompanionObject,2,4,50.0
4e3252b6ab6afbe4,androidx/activity/result/ActivityResultRegistry$CallbackAndContract,2,4,50.0
787ac7383afdcb83,androidx/compose/foundation/layout/SpacerKt$Spacer$$inlined$Layout$1,2,2,100.0
9a179254997a79b2,com/google/android/gms/internal/cast/zziw,2,2,100.0
137d61ad9213af65,androidx/compose/runtime/saveable/SaverKt$AutoSaver$2,2,3,66.67
7e54f9cde15c27df,androidx/compose/ui/platform/AndroidCompositionLocals_androidKt$LocalConfiguration$1,2,4,50.0
f0b4acc0fbbaf777,androidx/compose/ui/platform/CompositionLocalsKt$LocalFocusManager$1,2,4,50.0
9f5d18a80602ef17,androidx/compose/foundation/text/KeyboardActions$Companion,2,4,50.0
8048bef15690cd2c,shark/AndroidReferenceMatchers$RAZER_TEXT_KEY_LISTENER__MCONTEXT$add$1,2,9,22.22
cf5b6a05485b9302,shark/AndroidReferenceMatchers$CONNECTIVITY_MANAGER__SINSTANCE$add$1,2,7,28.57
b06880c945676857,com/google/android/gms/internal/cast/zzez,2,37,5.41
2f60f8226c61ae52,androidx/compose/runtime/RecomposeScopeImpl$Companion,2,35,5.71
abb867b09e3c6058,androidx/compose/runtime/changelist/ComposerChangeListWriter$Companion,2,2,100.0
fae1212e8478401c,androidx/compose/foundation/relocation/BringIntoViewRequesterImpl$bringIntoView$1,2,2,100.0
46be42f48acaab1c,androidx/sqlite/db/framework/FrameworkSQLiteStatement,2,7,28.57
68550bcf7ceaab64,androidx/compose/ui/semantics/SemanticsProperties$TestTag$1,2,4,50.0
041f9e9ad6e34c08,shark/AndroidReferenceMatchers$SEM_CLIPBOARD_MANAGER__MCONTEXT$add$1,2,10,20.0
c4e81a6c81fe5c55,androidx/compose/ui/graphics/vector/PathNode$RelativeVerticalTo,2,13,15.38
f2fd4bc812ee2078,androidx/compose/ui/platform/RenderNodeLayer$Companion,2,2,100.0
87af2de8391c9821,org/jellyfin/mobile/utils/AndroidVersion,2,32,6.25
2ed32f3f9b899e65,com/google/android/datatransport/runtime/scheduling/persistence/EventStoreModule_DbNameFactory$InstanceHolder,2,3,66.67
3db17db015e9396c,shark/AndroidObjectInspectors$ANDROIDX_FRAGMENT$leakingObjectFilter$1,2,15,13.33
5873473c2a431175,curtains/WindowsKt$tooltipString$2,2,8,25.0
a1739cfde4c4b221,androidx/compose/ui/node/OwnerSnapshotObserver$onCommitAffectingLookaheadMeasure$1,2,7,28.57
bf8fc735d2e99470,androidx/fragment/app/FragmentManagerViewModel$1,2,2,100.0
314fbd50f20a5d31,shark/AndroidReferenceMatchers$INPUT_METHOD_MANAGER_IS_TERRIBLE$add$6,2,7,28.57
6575bd51f4107242,androidx/compose/ui/graphics/Brush$Companion,2,131,1.53
391e5a6af65fd468,androidx/compose/foundation/text/selection/TextFieldSelectionManager$touchSelectionObserver$1,2,86,2.33
7826f630388453c9,shark/AndroidReferenceMatchers$USER_MANAGER__SINSTANCE$add$1,2,9,22.22
3efeb698566ec5f4,org/jellyfin/sdk/model/ServerVersion$Companion$comparator$1,2,5,40.0
6874e685be83554e,androidx/appcompat/app/AppLocalesMetadataHolderService,2,6,33.33
a3df44f6d4d09857,androidx/compose/ui/platform/CompositionLocalsKt$LocalPointerIconService$1,2,4,50.0
5ce789638dd50eb6,org/koin/compose/KoinApplicationKt$LocalKoinApplication$1,2,5,40.0
6d88b9f1ea1182e6,androidx/compose/foundation/text/TextFieldFocusModifier_androidKt,2,7,28.57
f096e861feea159a,androidx/compose/runtime/external/kotlinx/collections/immutable/internal/EndOfChain,2,2,100.0
94d574cdb2c6fcd3,androidx/compose/ui/graphics/vector/PathComponent$pathMeasure$2,2,4,50.0
a16e31e675ebfba4,shark/AndroidReferenceMatchers$TEXT_TO_SPEECH$add$2,2,7,28.57
ab6a89cad65fefdb,androidx/compose/runtime/saveable/SaveableStateRegistryKt$LocalSaveableStateRegistry$1,2,4,50.0
557e9ebbc20a399b,shark/AndroidReferenceMatchers$BLOCKING_QUEUE$add$1,2,7,28.57
c7dd2fdb5797f494,androidx/compose/runtime/ReferentialEqualityPolicy,2,6,33.33
035cd6e7b40bbfff,androidx/compose/ui/semantics/SemanticsProperties$ContentDescription$1,2,9,22.22
ebd352ce900a290c,com/google/android/gms/internal/cast/zzij,2,2,100.0
8f8c918347533c27,leakcanary/internal/InternalLeakCanary$formFactor$2,2,8,25.0
25eb96aa254b7093,com/google/android/gms/internal/cast/zzjx,2,2,100.0
a98e09dae9211d43,shark/AndroidReferenceMatchers$SMART_COVER_MANAGER$add$1,2,9,22.22
87d1ef0f5810a281,androidx/compose/ui/text/intl/AndroidLocale,2,7,28.57
e192076980b92636,androidx/activity/ComponentActivity$activityResultRegistry$1,2,39,5.13
e54f4c3951879c25,com/google/android/gms/common/internal/zzk,2,9,22.22
0e2e805965932900,androidx/compose/animation/Fade,2,19,10.53
84355da2a168ab12,androidx/compose/ui/text/input/TextFieldValue$Companion,2,3,66.67
6eabdcf98b49835f,androidx/compose/animation/core/AnimationResult,2,5,40.0
2202b7f1679a47b9,androidx/room/InvalidationTracker$ObservedTableTracker$Companion,2,2,100.0
8de749a6b8257330,leakcanary/ToastEventListener,2,18,11.11
0110c71a14330b78,leakcanary/AndroidLeakFixes$CONNECTIVITY_MANAGER,2,10,20.0
47e24c10c98fdac8,androidx/lifecycle/viewmodel/internal/ViewModelProviders_jvmKt,2,2,100.0
4c19273c967ccf70,androidx/compose/ui/platform/AndroidComposeView$rotaryInputModifier$1,2,4,50.0
45cac72a338a5c0f,androidx/compose/ui/platform/CompositionLocalsKt$LocalAutofillTree$1,2,4,50.0
725e75952aab837c,io/ktor/client/features/DefaultTransformersJvmKt,2,2,100.0
75748f82cb796395,shark/AndroidObjectInspectors$CONTEXT_WRAPPER,2,39,5.13
90857d5f38f31c64,kotlinx/coroutines/sync/SemaphoreImpl$tryResumeNextFromQueue$createNewSegment$1,2,4,50.0
428148562c570300,androidx/compose/ui/node/ComposeUiNode$Companion$SetDensity$1,2,4,50.0
6282369b3005a882,com/google/android/gms/internal/cast/zzhp,2,2,100.0
69376c28918170f2,shark/AndroidReferenceMatchers$INPUT_METHOD_MANAGER_IS_TERRIBLE$add$3,2,9,22.22
0d840280df833a07,kotlin/collections/AbstractMap$Companion,2,16,12.5
fc495ee156cc1e2f,androidx/activity/ViewTreeOnBackPressedDispatcherOwner,2,6,33.33
c75224598fd95b96,androidx/emoji2/text/EmojiCompatInitializer$BackgroundDefaultConfig,2,2,100.0
514a41bcc37ad3ee,androidx/compose/ui/text/platform/DispatcherKt,2,2,100.0
b9dfc4361e6f4300,com/google/android/gms/internal/cast/zzed,2,4,50.0
32f1cd8c22ad679d,androidx/compose/runtime/SnapshotStateKt__SnapshotMutationPolicyKt,2,3,66.67
2849cfa4cc9fbfad,androidx/compose/ui/platform/WindowRecomposer_androidKt$getAnimationScaleFlowFor$1$1$contentObserver$1,2,3,66.67
114ace75687da1b8,androidx/compose/ui/node/LayoutNode$Companion$ErrorMeasurePolicy$1,2,5,40.0
7a83c22de2956a04,com/google/android/gms/cast/internal/zzk,2,2,100.0
ea7fe5ce37a155c1,androidx/compose/animation/core/VectorConvertersKt$SizeToVector$2,2,4,50.0
31999c0c4d6ef0a7,androidx/compose/animation/core/TransitionKt$createTransitionAnimation$1$1$invoke$$inlined$onDispose$1,2,4,50.0
a7be9f37296cf8d9,androidx/lifecycle/ViewModelProvider$AndroidViewModelFactory$Companion,2,7,28.57
20399d01dd741e73,leakcanary/AndroidLeakFixes$MEDIA_SESSION_LEGACY_HELPER,2,3,66.67
6aefcc92a8458a6a,com/google/android/gms/common/internal/zah,2,3,66.67
5fdd87c0d155619e,kotlinx/coroutines/scheduling/Task,2,4,50.0
041525226c30c389,androidx/compose/animation/core/VectorConvertersKt$IntToVector$1,2,4,50.0
c0c8fd0a670ad708,androidx/compose/animation/core/VectorConvertersKt$RectToVector$1,2,4,50.0
79ad16c008d23437,androidx/compose/ui/graphics/vector/PathNode$RelativeHorizontalTo,2,13,15.38
fabca75731c56137,kotlin/collections/ArrayDeque$Companion,2,2,100.0
d252f5eed5ae4800,shark/AndroidReferenceMatchers$COMPANION_DEVICE_SERVICE__STUB$add$1,2,7,28.57
d00913d736b9663a,androidx/compose/ui/modifier/ProvidableModifierLocal,2,2,100.0
85aa2a37adafbedc,kotlinx/coroutines/CoroutineName,2,14,14.29
3ff2c387d24c5962,shark/AndroidReferenceMatchers$AW_RESOURCE__SRESOURCES$add$1,2,9,22.22
8ec0914ef49d610f,androidx/arch/core/executor/DefaultTaskExecutor$1,2,4,50.0
b4a23c0217c824c5,androidx/compose/foundation/text/UndoManager$Entry,2,8,25.0
0e02aa420a75c161,shark/AndroidReferenceMatchers$ACCOUNT_MANAGER__AMS_TASK__RESPONSE$add$1,2,7,28.57
4c001e254639180e,androidx/mediarouter/media/RegisteredMediaRouteProviderWatcher$2,2,2,100.0
0e1c4fe5d2f95649,com/google/android/gms/internal/tasks/zza,2,4,50.0
536f05067cb9543f,kotlin/collections/AbstractMutableList,2,3,66.67
dad7e407a43b32db,androidx/compose/foundation/ClickableSemanticsNode,2,17,11.76
89de333dff969789,androidx/compose/foundation/text/selection/TextSelectionColorsKt$LocalTextSelectionColors$1,2,4,50.0
9ac2ad55ff2f9689,org/jellyfin/sdk/JellyfinOptions$Builder$socketConnectionFactory$2,2,4,50.0
5d55bcf506c45773,androidx/compose/foundation/text/TextPointerIcon_androidKt,2,2,100.0
b639c70a1ade4560,shark/IgnoredReferenceMatcher,2,4,50.0
aff957173e32b888,androidx/compose/foundation/gestures/DefaultScrollableState$scrollScope$1,2,4,50.0
4d8987e359ce77c6,shark/ObjectInspectors$KEYED_WEAK_REFERENCE,2,25,8.0
9cbe712c47a96ff1,io/ktor/util/pipeline/PipelinePhaseRelation,2,2,100.0
ba2452287e08cfee,com/google/android/datatransport/runtime/TransportFactoryImpl,2,5,40.0
758f6235073361bd,com/google/android/gms/internal/cast/zzks,2,2,100.0
c8c8b55fcb9af8bc,androidx/compose/ui/platform/AndroidComposeView$configurationChangeObserver$1,2,4,50.0
def8fda4f41a6deb,leakcanary/internal/navigation/NavigatingActivity$Companion,2,3,66.67
435ac659746adc7d,androidx/emoji2/text/DefaultEmojiCompatConfig,2,3,66.67
7c594a26339ee80e,androidx/room/EntityInsertionAdapter,2,101,1.98
850e0ae88d00bf98,androidx/compose/foundation/gestures/TapGestureDetectorKt$awaitFirstDown$2,2,2,100.0
113152e6fe34eeee,shark/AndroidReferenceMatchers$SPELL_CHECKER$add$1,2,7,28.57
edfe54c8514d0193,com/google/android/gms/internal/cast/zzev,2,5,40.0
df3b1f499fe3dc9b,com/google/android/gms/cast/framework/zzab,2,3,66.67
6b65eb7c71bb9a83,androidx/compose/foundation/text/TextFieldScrollerPosition$Companion$Saver$2,2,8,25.0
5b9e1e24d8c4a019,androidx/compose/ui/unit/DpSize$Companion,2,4,50.0
fb9fae8cd583fad1,androidx/compose/ui/node/OnPositionedDispatcher$Companion,2,2,100.0
03dd4627ab9c48fa,org/jellyfin/sdk/discovery/LocalServerDiscoveryKt$logger$1,2,4,50.0
211766b8218f4e4b,androidx/compose/ui/focus/FocusPropertiesImpl$exit$1,2,4,50.0
3a6bf9f9371b4acc,kotlin/random/AbstractPlatformRandom,2,10,20.0
2abf2d3d7f420f13,shark/AndroidReferenceMatchers$TEXT_VIEW__MLAST_HOVERED_VIEW$add$1,2,10,20.0
7c1a3f585d5cd325,androidx/compose/foundation/gestures/ScrollableKt$ModifierLocalScrollableContainer$1,2,4,50.0
29dae63710913810,androidx/compose/ui/platform/AndroidCompositionLocals_androidKt$LocalImageVectorCache$1,2,4,50.0
8a1392a2da7492b7,kotlin/text/Regex$Companion,2,13,15.38
c2c0a35c8db71d73,androidx/compose/ui/platform/AndroidComposeViewAccessibilityDelegateCompat$Companion,2,2,100.0
fcd20dda6d2f24c3,shark/AndroidReferenceMatchers$MULTI_WINDOW_DECOR_SUPPORT__MWINDOW$add$1,2,10,20.0
536da9ce2d6a7436,com/google/android/datatransport/runtime/SafeLoggingExecutor,2,2,100.0
d6f6dd404000b651,androidx/compose/foundation/text/TextFieldPressGestureFilterKt,2,6,33.33
79ae368f780bcebd,androidx/compose/ui/graphics/GraphicsLayerScopeKt,2,3,66.67
18db776b2a1d7358,org/jellyfin/sdk/JellyfinOptions$Companion,2,2,100.0
959c8020abf3fa35,shark/AndroidObjectInspectors$MESSAGE_QUEUE,2,4,50.0
fdacde901bedcbc6,androidx/compose/ui/platform/ComposableSingletons$Wrapper_androidKt$lambda-1$1,2,12,16.67
554478e9c307c2dc,kotlin/Unit,2,3,66.67
98d126318515a659,androidx/compose/animation/EnterExitTransitionKt$TransformOriginVectorConverter$2,2,4,50.0
d8e0b7e9d11b515c,org/slf4j/helpers/BasicMarkerFactory,2,17,11.76
b1a6f8c7d3347526,androidx/compose/ui/graphics/colorspace/Lab$Companion,2,2,100.0
280889c46a6b3167,androidx/compose/ui/graphics/colorspace/Adaptation$Companion$Ciecat02$1,2,3,66.67
3af2549ff42b602c,androidx/compose/ui/node/InnerNodeCoordinator$Companion,2,3,66.67
920fdfa134b2a75d,com/google/android/gms/internal/cast/zzjf,2,2,100.0
6980e43d0ad4ccf7,androidx/compose/animation/core/VectorConvertersKt$IntOffsetToVector$2,2,4,50.0
ce2d5902218681db,androidx/arch/core/internal/SafeIterableMap$DescendingIterator,2,3,66.67
f9423c4345e4263d,kotlin/internal/PlatformImplementationsKt,2,13,15.38
9d21ce0b5d02a20b,kotlin/UNINITIALIZED_VALUE,2,2,100.0
c0dd330a1074f706,androidx/compose/foundation/text/TextFieldState$onValueChangeOriginal$1,2,4,50.0
3d7a2b4bc7583b85,com/google/android/gms/internal/cast/zzjb,2,2,100.0
0d3b33cc2b32f6d6,androidx/compose/foundation/layout/RowScopeInstance,2,21,9.52
a0021914c79f10d5,androidx/concurrent/futures/AbstractResolvableFuture$Listener,2,2,100.0
21c739045836a06b,shark/AndroidReferenceMatchers$PERF_MONITOR_LAST_CALLBACK$add$1,2,9,22.22
7cb99f3a53ac41c8,kotlin/ranges/IntProgression$Companion,2,3,66.67
8fde15126f97ab47,shark/AndroidReferenceMatchers$ACTIVITY_MANAGER_MCONTEXT$add$1,2,10,20.0
c74c817b2806986e,shark/ReferencePattern$StaticFieldPattern$Companion,2,2,100.0
6d3373c2128e6310,com/google/android/gms/common/api/internal/zacv,2,2,100.0
2bf084f44aedbe6c,androidx/compose/runtime/MonotonicFrameClock$Key,2,2,100.0
0c1419d4569e8e0a,androidx/compose/foundation/layout/BoxKt$Box$$inlined$Layout$1,2,2,100.0
dfe4dac0b4c19f7d,kotlinx/coroutines/internal/ThreadContextKt$findOne$1,2,7,28.57
1cb583457d5a50d3,androidx/compose/ui/node/IntrinsicsPolicy$Companion,2,2,100.0
89b2eb9c7f3df6f0,kotlinx/coroutines/internal/ThreadContextKt$updateState$1,2,7,28.57
79f77524595f8204,androidx/compose/ui/node/NodeMeasuringIntrinsics$EmptyPlaceable,2,4,50.0
30bf055f8c14d0ee,com/google/android/gms/signin/SignInOptions,2,18,11.11
b49c5c4278f84cd2,shark/AndroidReferenceMatchers$BIOMETRIC_PROMPT$add$1,2,7,28.57
07580701aa0c5220,androidx/compose/ui/layout/FixedScale,2,15,13.33
82433b5edc8b8690,shark/AndroidReferenceMatchers$CLIPBOARD_UI_MANAGER__SINSTANCE$add$1,2,10,20.0
e5692ca3c676d59d,androidx/compose/ui/semantics/SemanticsProperties$InvisibleToUser$1,2,4,50.0
c2337aab1973f6cb,androidx/mediarouter/media/MediaRouteProvider$RouteController,2,8,25.0
1a062efa9d831dba,shark/AndroidReferenceMatchers$BUBBLE_POPUP_HELPER__SHELPER$add$1,2,10,20.0
6003ce063cf2f96f,androidx/compose/ui/text/style/LineHeightStyle$Companion,2,3,66.67
cd494d1e88186d61,androidx/compose/ui/platform/CompositionLocalsKt$LocalUriHandler$1,2,4,50.0
1ab7929dd393d5d6,shark/AndroidReferenceMatchers$VIEW_CONFIGURATION__MCONTEXT$add$1,2,9,22.22
e64f79b4e97b2434,androidx/compose/ui/platform/CompositionLocalsKt$LocalClipboardManager$1,2,4,50.0
369a56ce19b380ce,org/jellyfin/mobile/webapp/WebappFunctionChannel$Companion,2,2,100.0
3e1afda657b99274,androidx/compose/foundation/gestures/ScrollableKt$UnityDensity$1,2,3,66.67
094409b4739f7a70,androidx/compose/foundation/layout/Arrangement$Horizontal,2,4,50.0
9275b0baf5404343,shark/AndroidObjectInspectors$EDITOR$leakingObjectFilter$1,2,19,10.53
30ce9d9aec76f3d2,kotlinx/serialization/json/Json$Default,2,2,100.0
24c824dc55ec7832,com/google/android/datatransport/runtime/backends/CreationContext,2,3,66.67
d7acd74bf2c26d90,shark/AndroidReferenceMatchers$IMM_CURRENT_INPUT_CONNECTION$add$1,2,10,20.0
b9a7bffabe92555e,androidx/fragment/app/FragmentManager$5,2,2,100.0
7e4252156564a8c7,androidx/activity/result/ActivityResultRegistry$register$3,2,17,11.76
42420c923927643e,androidx/compose/ui/node/BackwardsCompatNodeKt$onDrawCacheReadsChanged$1,2,4,50.0
7608fe162531a169,shark/AndroidReferenceMatchers$CONNECTIVITY_MANAGER_CALLBACK_HANDLER$add$1,2,7,28.57
c8d1fec7e09e6e2e,kotlinx/coroutines/AbstractTimeSourceKt,2,38,5.26
418cd9d0d5a83b18,shark/AndroidObjectInspectors$MORTAR_SCOPE,2,4,50.0
959d76edaa35c7d3,kotlin/internal/PlatformImplementations,2,17,11.76
593c860d094b5d2c,com/google/android/gms/common/internal/zzg,2,9,22.22
dfecc2cac11f01ac,shark/AndroidReferenceMatchers$TEXT_LINE__SCACHED$add$1,2,7,28.57
19d12fb2c55526b6,androidx/compose/runtime/external/kotlinx/collections/immutable/ExtensionsKt,2,270,0.74
cf0c6283a6cd477c,androidx/compose/foundation/layout/CrossAxisAlignment$HorizontalCrossAxisAlignment,2,14,14.29
dcf50725f6c597d3,androidx/compose/ui/platform/AndroidViewConfiguration,2,7,28.57
c89f976fc1f75529,androidx/compose/ui/node/LayoutModifierNode$maxIntrinsicWidth$1,2,2,100.0
81627ae8cdcbcab8,androidx/compose/runtime/ComposableSingletons$CompositionKt$lambda-2$1,2,12,16.67
6c3956f53ad53d3b,timber/log/Timber$Tree,2,71,2.82
ed97459efcc26589,com/google/android/gms/internal/cast/zzuh,2,57,3.51
00a5f6292c2b4d50,androidx/compose/ui/layout/HorizontalAlignmentLine,2,2,100.0
7c8c62679db1e58a,androidx/compose/animation/core/VectorConvertersKt$IntSizeToVector$2,2,4,50.0
ebe4a7adeaf53800,androidx/compose/ui/layout/FixedSizeIntrinsicsPlaceable,2,4,50.0
6cddf278e13297e8,kotlinx/coroutines/flow/SharedFlowImpl$collect$1,2,2,100.0
bb138b1f66479c3d,kotlinx/coroutines/flow/internal/SendingCollector,2,3,66.67
c7d9f1e3a642912b,com/google/android/gms/internal/cast/zzkr,2,2,100.0
11b61902d653eed7,androidx/sqlite/db/SupportSQLiteOpenHelper$Callback$Companion,2,2,100.0
e6d1eae5b39925cd,shark/AndroidReferenceMatchers$DREAM_SERVICE$add$1,2,7,28.57
8809d46c1c4f4934,androidx/compose/foundation/text/KeyMapping_androidKt,2,2,100.0
f3c08014782b8f40,shark/AndroidReferenceMatchers$INPUT_METHOD_MANAGER_IS_TERRIBLE$add$4,2,10,20.0
09d9eed152e6cd96,kotlin/coroutines/ContinuationInterceptor$Key,2,2,100.0
105ef157b599ca08,androidx/compose/ui/input/key/KeyInputModifierKt,2,2,100.0
cbc5622a86856405,androidx/compose/ui/draganddrop/DragAndDropNode$Companion$DragAndDropTraversableKey,2,2,100.0
a7fe7dff5a39ee3d,androidx/compose/ui/node/NodeCoordinator$Companion$onCommitAffectingLayerParams$1,2,25,8.0
9f71a66671480031,shark/AndroidReferenceMatchers$VIEWLOCATIONHOLDER_ROOT$add$1,2,7,28.57
712a03e18d0434c5,io/ktor/util/AttributeKey,2,8,25.0
40ebec8bedc52ec2,androidx/compose/ui/text/PlatformParagraphStyle$Companion,2,3,66.67
d0aef54768b1d82b,kotlin/jvm/internal/FloatCompanionObject,2,14,14.29
4011ef93d452a37d,shark/AndroidObjectInspectors$CONTEXT_IMPL$leakingObjectFilter$1,2,11,18.18
b09912c87b1dcdc7,com/google/android/gms/internal/cast/zzec,2,2,100.0
20c46e5f4c707733,androidx/compose/animation/core/TransitionKt$updateTransition$1$1$invoke$$inlined$onDispose$1,2,4,50.0
ccd21e588a479140,androidx/compose/foundation/gestures/DraggableKt,2,192,1.04
5c53898479d7862a,com/google/android/gms/internal/cast/zzje,2,2,100.0
819020028b56343e,androidx/compose/ui/node/ModifierNodeElement,2,11,18.18
4b6332a40a633800,androidx/compose/ui/unit/DpOffset$Companion,2,4,50.0
f994be32803f326f,shark/AndroidObjectInspectors$WINDOW$leakingObjectFilter$1,2,15,13.33
cf0573917528ca70,androidx/compose/ui/platform/AndroidCompositionLocals_androidKt$obtainImageVectorCache$1$invoke$$inlined$onDispose$1,2,4,50.0
4a57ba902a82457e,leakcanary/internal/activity/db/LeaksDbHelper$Companion,2,2,100.0
257bb64320b86b95,androidx/compose/ui/node/LayoutNode$NoIntrinsicsMeasurePolicy,2,14,14.29
507cb7f328641d83,androidx/compose/ui/node/PointerInputModifierNode,2,4,50.0
be9a53f21fc2aebf,shark/AndroidObjectInspectors$CONTEXT_WRAPPER$leakingObjectFilter$1,2,15,13.33
4dd6fb3e3172dfd0,kotlinx/coroutines/flow/internal/NoOpContinuation,2,4,50.0
d76a546015854823,androidx/compose/material/ShapesKt,2,2,100.0
66fa0c40231e233d,androidx/compose/ui/graphics/drawscope/DrawStyle,2,2,100.0
d3de8efdfd2f9ff3,androidx/compose/ui/semantics/SemanticsProperties$TraversalIndex$1,2,4,50.0
49b13f0ebf218e11,androidx/compose/animation/core/VectorConvertersKt$DpOffsetToVector$2,2,8,25.0
1e2a055cf6cf296c,androidx/compose/ui/platform/AndroidCompositionLocals_androidKt$LocalLifecycleOwner$1,2,4,50.0
d1657933091070ed,shark/AndroidReferenceMatchers$VIEW_TOOLTIP_CALLBACK$add$1,2,9,22.22
cd77a2112876349d,shark/AndroidReferenceMatchers$INSTRUMENTATION_RECOMMEND_ACTIVITY$add$1,2,10,20.0
a73e1373d683943c,leakcanary/internal/activity/db/Io$VolatileObjectRef,2,8,25.0
0aba04733dcc4e00,androidx/fragment/app/Fragment$OnPreAttachedListener,2,2,100.0
9abeedd3619f57c4,shark/AndroidReferenceMatchers$ASSIST_STRUCTURE$add$1,2,7,28.57
1b47df80d0ba7f87,org/jellyfin/mobile/app/ApiClientController$loadSavedServer$1,2,2,100.0
f8838365b3328947,shark/AndroidReferenceMatchers$INPUT_MANAGER__M_LATE_INIT_CONTEXT$add$1,2,7,28.57
f73252ed7d43e7a4,com/google/android/datatransport/runtime/time/UptimeClock,2,2,100.0
6c3be0ed5c64e6b1,androidx/compose/runtime/snapshots/SnapshotStateObserver$ObservedScopeMap$derivedStateObserver$1,2,4,50.0
b30a249e3eba1209,androidx/compose/foundation/text/TextFieldPressGestureFilterKt$tapPressTextFieldModifier$1$1$1$invoke$$inlined$onDispose$1,2,10,20.0
0822bc291a6a932a,androidx/profileinstaller/ProfileInstallerInitializer$Choreographer16Impl,2,3,66.67
ca5496d9731316ef,shark/AndroidReferenceMatchers$IREQUEST_FINISH_CALLBACK$add$1,2,7,28.57
cef720a3d8e886ee,androidx/lifecycle/MutableLiveData,2,4,50.0
b1c0fc7baed10765,org/jellyfin/mobile/data/JellyfinDatabase,2,2,100.0
5ae33af99ea4b2cc,androidx/compose/ui/graphics/RectangleShapeKt,2,3,66.67
3173ad2963ec43e6,androidx/compose/runtime/tooling/InspectionTablesKt,2,2,100.0
31690fa7528b8eb5,org/jellyfin/mobile/ServerState$Unset,2,2,100.0
2b24a935616f8730,org/slf4j/helpers/ThreadLocalMapOfStacks,2,24,8.33
cf0da95a14f3db96,kotlinx/coroutines/channels/ChannelsKt__Channels_commonKt,2,67,2.99
2c48e1f921beb1ac,androidx/lifecycle/RepeatOnLifecycleKt,2,9,22.22
21e2ce6fa15cf439,shark/AndroidReferenceMatchers$ACCESSIBILITY_ITERATORS$add$1,2,7,28.57
2e02939364126c40,androidx/lifecycle/ViewTreeViewModelStoreOwner,2,6,33.33
042251002379ab4a,androidx/lifecycle/ViewModelProvider$Companion,2,18,11.11
676f732632bc4815,kotlinx/coroutines/CancelHandler$UserSupplied,2,3,66.67
c483c3df933a973e,com/google/android/gms/internal/cast/zzjc,2,2,100.0
be5e6bca71b50d5d,androidx/compose/ui/layout/LookaheadCapablePlacementScope,2,9,22.22
87a7d952d138965a,com/google/android/gms/internal/cast/zzn,2,2,100.0
ba3f35108dc644a5,com/google/android/gms/tasks/zzu,2,2,100.0
727a44f95d3fda65,androidx/lifecycle/AndroidViewModel,2,3,66.67
1fcc652a5b3c958b,io/ktor/client/engine/okhttp/OkHttpConfig$config$1,2,7,28.57
1ff8b704b4107f51,shark/AndroidReferenceMatchers$LGCONTEXT__MCONTEXT$add$1,2,9,22.22
f1a8ab5522655f22,shark/AndroidReferenceMatchers$UI_MODE_MANAGER$add$1,2,7,28.57
73687b8547793663,androidx/compose/animation/core/VectorConvertersKt$OffsetToVector$2,2,4,50.0
ab8bea9e265df6ed,com/google/android/datatransport/Event,2,7,28.57
bf52107f0d0c8050,io/ktor/client/engine/HttpClientEngineConfig,2,10,20.0
142085a151e4f139,leakcanary/WorkManagerHeapAnalyzer$workManagerSupportsExpeditedRequests$2,2,7,28.57
fcc2508afcf9e285,androidx/compose/ui/text/input/TextInputServiceAndroid$onEditCommand$1,2,4,50.0
1b1854a3cd6e950b,androidx/compose/ui/text/input/EditingBuffer$Companion,2,2,100.0
ad2ac0b2a977e1e2,androidx/compose/runtime/MonotonicFrameClock,2,4,50.0
d539d355610f76e4,androidx/concurrent/futures/AbstractResolvableFuture$AtomicHelper,2,2,100.0
5546966fb7d811fe,org/jellyfin/sdk/discovery/LocalServerDiscoveryKt,2,2,100.0
f3bda505a110e81d,shark/AndroidReferenceMatchers$PERMISSION_CONTROLLER_MANAGER$add$1,2,7,28.57
0420c39a7b27d5d6,androidx/compose/animation/core/VectorConvertersKt$IntOffsetToVector$1,2,4,50.0
df99bc5917f17975,com/google/android/datatransport/runtime/scheduling/SchedulingModule,2,4,50.0
909936d13822d58c,org/jellyfin/sdk/model/ServerVersion$Companion$comparator$2,2,5,40.0
2c709143b8b1ba93,org/jellyfin/sdk/api/client/ApiClient$Companion,2,2,100.0
022365d16c30152c,io/ktor/util/pipeline/PhaseContent$Companion,2,3,66.67
d242f27b8e76a9fe,shark/AndroidReferenceMatchers$SPAN_CONTROLLER$add$2,2,7,28.57
a6f0532c18cd2c84,com/google/android/gms/internal/cast/zzku,2,2,100.0
89f5deeb14f2ac48,shark/AndroidObjectInspectors$MESSAGE_QUEUE$leakingObjectFilter$1,2,17,11.76
ba0c2612fe67e56b,com/google/android/gms/common/zzk,2,2,100.0
276db70433a182f5,androidx/compose/material/TextKt$Text$1$1,2,2,100.0
fa5aadb48180238f,androidx/compose/runtime/snapshots/ReaderKind$Companion,2,8,25.0
5462c36c95dfa164,androidx/compose/foundation/interaction/FocusInteraction$Focus,2,2,100.0
4b604feb72c83827,androidx/compose/runtime/PausableMonotonicFrameClock$withFrameNanos$1,2,2,100.0
d057eabb3b9bf788,androidx/compose/runtime/ParcelableSnapshotMutableState$Companion,2,3,66.67
ea4d05aa8291b56e,kotlinx/coroutines/internal/Concurrent_commonKt,2,6,33.33
86326c92c246235a,timber/log/Timber$DebugTree$Companion,2,2,100.0
5e296eabf38c16fb,androidx/compose/runtime/CompositionContextKt,2,2,100.0
a6e3f747403c0591,androidx/compose/foundation/text/selection/TextPreparedSelectionState,2,5,40.0
8b694805631f7e26,androidx/collection/LongSetKt,2,25,8.0
e1d3c12b87321ce1,com/google/android/gms/cast/framework/zzg,2,2,100.0
096f23c49df12753,com/google/android/gms/internal/cast/zzsy,2,2,100.0
fdec7c5c6c5b9e5f,androidx/compose/ui/graphics/colorspace/Oklab$Companion,2,2,100.0
39cdd5cfdc2705ed,leakcanary/internal/ObjectsKt,2,6,33.33
fc72520e773deb50,androidx/mediarouter/media/MediaRouterUtils,2,3,66.67
9dfdcce4233e0782,kotlinx/coroutines/flow/FlowKt__CollectKt,2,18,11.11
790505d3bbe250d2,com/google/android/gms/internal/cast/zzf,2,2,100.0
3450a65517836cee,androidx/activity/OnBackPressedDispatcher$OnBackPressedCancellable,2,11,18.18
05c8366b29f8d189,com/google/android/gms/internal/cast/zzjh,2,2,100.0
69f906f6e2a41d72,shark/AndroidReferenceMatchers$DEVICE_POLICY_MANAGER__SETTINGS_OBSERVER$add$1,2,10,20.0
ebbcd20dc8b9ce26,shark/AndroidObjectInspectors$SERVICE$leakingObjectFilter$1,2,11,18.18
4b18e2ae75558f4f,androidx/compose/ui/semantics/SemanticsProperties$IsDialog$1,2,5,40.0
cd2e72ad1f84309a,androidx/compose/foundation/gestures/TapGestureDetectorKt$waitForUpOrCancellation$2,2,2,100.0
fb9eca40f3c440bb,com/google/android/gms/internal/cast/zziy,2,2,100.0
81f3da9adc7fb7f4,shark/AndroidReferenceMatchers$ACTIVITY_THREAD__M_NEW_ACTIVITIES$add$1,2,7,28.57
976c1d7b0cd15e22,io/ktor/client/engine/okhttp/OkHttpEngine$clientCache$2,2,4,50.0
f89ee3ee23e5c0ae,androidx/compose/foundation/ImageKt$Image$$inlined$Layout$1,2,2,100.0
ae75e88ee38ebb9d,androidx/compose/foundation/text/BasicTextKt$BasicText-VhcvRP8$$inlined$Layout$1,2,2,100.0
4fcf1b527a729dfe,androidx/compose/ui/graphics/vector/VectorComponent$invalidateCallback$1,2,4,50.0
1a613915bab19093,androidx/tracing/TraceApi18Impl,2,3,66.67
0d24c73b69bd1713,androidx/compose/ui/text/font/PlatformTypefaces_androidKt,2,29,6.9
00daaf9c07a92943,shark/AndroidReferenceMatchers$SEM_APP_ICON_SOLUTION$add$1,2,10,20.0
651420a85e949fe4,kotlin/enums/EnumEntriesKt,2,6,33.33
1ef0e40112e601a9,androidx/compose/ui/platform/AndroidCompositionLocals_androidKt$ProvideAndroidCompositionLocals$2$invoke$$inlined$onDispose$1,2,4,50.0
fb27b2d8ae28f907,shark/ReferencePattern$InstanceFieldPattern$Companion,2,2,100.0
b1394ce7b8f7ddb6,org/jellyfin/sdk/model/ServerVersion$Companion$comparator$4,2,7,28.57
60e3a2bd9bd5e94e,kotlinx/coroutines/flow/FlowKt__DistinctKt$defaultAreEquivalent$1,2,4,50.0
6b9443c44a11b34d,androidx/compose/ui/platform/AndroidCompositionLocals_androidKt$obtainImageVectorCache$callbacks$1$1,2,7,28.57
efa4da4a7143fff6,androidx/compose/foundation/IndicationKt$LocalIndication$1,2,4,50.0
f9e05724321a2ead,kotlinx/coroutines/ExecutorCoroutineDispatcher$Key$1,2,6,33.33
f01403dca524da4e,androidx/compose/ui/node/LayoutModifierNode,2,8,25.0
ae1240e83d237d47,androidx/compose/foundation/gestures/DraggableNode$abstractDragScope$1,2,3,66.67
8da102dc21f0880e,androidx/compose/ui/text/font/FontMatcher,2,264,0.76
998c486564d8d2fe,shark/AndroidObjectInspectors$APPLICATION_PACKAGE_MANAGER$leakingObjectFilter$1,2,15,13.33
d83050092ebe9557,androidx/compose/ui/unit/LinearFontScaleConverter,2,14,14.29
cca701413ed0fde1,shark/AndroidObjectInspectors$ACTIVITY$leakingObjectFilter$1,2,15,13.33
3859b367899d1d00,androidx/compose/foundation/relocation/BringIntoViewRequesterKt,2,2,100.0
d6239ca2a05bf5f9,kotlin/coroutines/jvm/internal/Boxing,2,8,25.0
a75553a04373ddd0,leakcanary/AppWatcher$objectWatcher$1,2,3,66.67
856aa93b3e426fb9,androidx/compose/ui/platform/AndroidCompositionLocals_androidKt$LocalView$1,2,4,50.0
8c7479c6e1403c02,com/google/android/gms/dynamite/zzd,2,2,100.0
5a97827efe7e55d9,androidx/lifecycle/ViewModelProvider$AndroidViewModelFactory,2,34,5.88
b3c2755034ce85c3,androidx/compose/ui/semantics/SemanticsProperties$Text$1,2,9,22.22
d57032c6ce06ea20,leakcanary/LogcatEventListener,2,24,8.33
a89964d602828968,shark/AndroidReferenceMatchers$SPELL_CHECKER_SESSION$add$1,2,9,22.22
88f6a90ded4ec73a,org/jellyfin/mobile/ServerState$Pending,2,2,100.0
9ebd016226e5395c,androidx/compose/runtime/internal/ThreadMap,2,38,5.26
b749a9eb657d78a0,androidx/compose/ui/text/font/FontWeightKt,2,2,100.0
b0d6ded2e5ebd010,org/jellyfin/mobile/ui/state/CheckUrlState$Unchecked,2,2,100.0
7aa2f42cadc4802b,com/google/android/gms/common/api/internal/zaac,2,2,100.0
89a1fc2c556f6d8d,com/google/android/datatransport/runtime/scheduling/persistence/EventStoreModule_StoreConfigFactory$InstanceHolder,2,3,66.67
a01e6feac2573b40,mu/internal/KLoggerFactory,2,53,3.77
d56f8cf0aefb94aa,com/google/android/gms/dynamic/IObjectWrapper$Stub,2,5,40.0
2082e774e598ef95,androidx/lifecycle/ViewModelProvider$NewInstanceFactory$Companion,2,7,28.57
93b61a0cc1d82eeb,io/ktor/util/pipeline/PipelinePhaseRelation$After,2,3,66.67
58ae85954d293b87,kotlin/Result$Failure,2,9,22.22
066fce4e283745bc,androidx/compose/animation/EnterTransitionImpl,2,2,100.0
e63566ac25571c90,androidx/sqlite/db/framework/FrameworkSQLiteProgram,2,11,18.18
3d20c057f0904069,androidx/compose/foundation/relocation/BringIntoViewKt,2,2,100.0
c3dbed348f527f4a,androidx/compose/runtime/saveable/SaverKt$AutoSaver$1,2,4,50.0
406561f68021b3a7,androidx/compose/ui/platform/CompositionLocalsKt$LocalFontFamilyResolver$1,2,4,50.0
d8b2a4062c1f2adb,androidx/compose/ui/platform/AndroidUriHandler,2,3,66.67
24ddc07c93b07285,androidx/compose/ui/text/platform/EmojiCompatStatus_androidKt,2,2,100.0
322d35b4cd198c2c,com/google/android/gms/internal/cast/zziz,2,2,100.0
ac9d1a00e236692d,shark/AndroidReferenceMatchers$AUDIO_MANAGER$add$1,2,7,28.57
742420747a94d356,androidx/compose/ui/semantics/SemanticsPropertyKey$1,2,5,40.0
c20d0079873c3614,shark/AndroidReferenceMatchers$MEDIA_SESSION_LEGACY_HELPER__SINSTANCE$add$1,2,7,28.57
4f12d8b56e419f0e,shark/AndroidReferenceMatchers$XIAMI__RESOURCES_IMPL$add$1,2,10,20.0
6712dccaaa001ad6,com/google/android/gms/internal/cast/zzd,2,2,100.0
ab93cee83f8ef3e4,shark/AndroidReferenceMatchers$INPUT_METHOD_MANAGER_IS_TERRIBLE$add$5,2,9,22.22
6724d842a183046e,androidx/compose/ui/node/OwnerSnapshotObserver$onCommitAffectingLayout$1,2,7,28.57
520560750efc494c,androidx/compose/runtime/PrimitiveSnapshotStateKt,1,3,33.33
a2271de07245a3b4,io/ktor/client/features/DefaultTransformKt$defaultTransformers$2,1,79,1.27
663c59bf400a5e39,io/ktor/client/features/DefaultTransformKt$defaultTransformers$1,1,28,3.57
f6494ad003076e81,com/google/android/gms/dynamite/zzl,1,11,9.09
17be0cb50b4e412a,kotlinx/coroutines/flow/FlowKt__LimitKt$dropWhile$1$1$emit$1,1,2,50.0
74dd45c7fc130b68,com/google/android/gms/dynamite/zzn,1,2,50.0
e95af69030ace511,kotlin/internal/jdk7/JDK7PlatformImplementations,1,16,6.25
0f32cf06981873e2,com/google/android/gms/cast/framework/zzn,1,46,2.17
d1133197fe1bf27f,androidx/compose/runtime/SnapshotIntStateKt__SnapshotIntStateKt,1,5,20.0
839cd505f1335986,org/slf4j/helpers/NamedLoggerBase,1,3,33.33
b5a1af046042e6f1,leakcanary/internal/activity/screen/LeaksScreen$createView$1$unsubscribeRefresh$1,1,3,33.33
e80053ecf9e055b0,androidx/compose/foundation/layout/Arrangement$Bottom$1,1,3,33.33
61a82a26397b451e,com/google/android/gms/common/util/zzb,1,2,50.0
75a478325a96c440,androidx/arch/core/internal/SafeIterableMap$AscendingIterator,1,3,33.33
8b4e3be4c7fd6836,androidx/appcompat/app/AppCompatDelegateImpl$PanelFeatureState,1,52,1.92
ee6de72cdecbdcec,kotlinx/coroutines/internal/AtomicKt,1,1,100.0
b7b3842c1a9386f7,androidx/compose/ui/text/android/style/LineHeightStyleSpanKt,1,1,100.0
210c387a2b6524ad,androidx/compose/ui/node/NodeChainKt$SentinelHead$1,1,2,50.0
8992ebdcfbb085ef,org/jellyfin/mobile/ui/screens/connect/ServerSelectionKt$ServerSelection$2$2,1,12,8.33
f834a87f82a94eda,io/ktor/client/features/HttpRequestLifecycle$Feature$install$1,1,21,4.76
d7a02be151d66a85,androidx/compose/ui/platform/AndroidTextToolbar$textActionModeCallback$1,1,3,33.33
40851a1c8fed8485,androidx/lifecycle/WithLifecycleStateKt$suspendWithStateAtLeastUnchecked$2$2,1,7,14.29
8d6a62c595f3f9df,androidx/compose/ui/platform/ComposeView$Content$1,1,3,33.33
dd88ed6889d3dfcf,androidx/lifecycle/ViewModelProvider$AndroidViewModelFactory$Companion$APPLICATION_KEY$1,1,1,100.0
2be43b09b996ba35,androidx/compose/material/MaterialThemeKt$MaterialTheme$2,1,3,33.33
a8f5e83cfcbfee0d,androidx/profileinstaller/ProfileInstallerInitializer$Result,1,1,100.0
e58de039a17b5755,androidx/fragment/app/FragmentManagerImpl,1,1,100.0
7b97d19c981d33ed,com/google/android/gms/cast/framework/zzh,1,2,50.0
8cd68af95d91ed97,org/koin/core/component/KoinComponent$DefaultImpls,1,1,100.0
d064d2489e70bd3d,com/google/android/gms/common/internal/zai,1,2,50.0
cdfafffddaa5f5f9,androidx/compose/ui/node/SemanticsModifierNodeKt,1,12,8.33
d85d0d8875c8ac55,androidx/compose/foundation/FocusableKt$focusableInNonTouchMode$1,1,5,20.0
62ba801d18b67349,shark/AndroidObjectInspectors$OBJECT_ANIMATOR,1,3,33.33
2d569d3361bec4b5,kotlinx/coroutines/flow/FlowKt__EmittersKt,1,33,3.03
ccd018bc74fe3244,androidx/compose/animation/AnimatedVisibilityKt$AnimatedVisibility$2,1,3,33.33
52457be9ae3f2add,com/google/android/gms/internal/cast/zzry,1,9,11.11
dbebfb9ce67dacd2,androidx/core/content/ContextCompat$Api23Impl,1,4,25.0
564a79e1ea967420,com/google/android/gms/internal/cast/zzgh,1,3,33.33
79ed77f7c26725ee,com/google/android/gms/internal/cast/zzhq,1,1,100.0
da7d5e6c73bca5f9,com/google/firebase/encoders/json/JsonDataEncoderBuilder$1,1,9,11.11
dbabde694b4b4862,kotlinx/coroutines/flow/StartedLazily,1,3,33.33
cdef18343d8962ca,leakcanary/internal/HeapDumpTrigger$scheduleDismissRetainedCountNotification$1,1,3,33.33
0279f8f936ec9499,shark/AndroidObjectInspectors$STUB,1,3,33.33
73fc166e1cdf59a1,kotlin/TuplesKt,1,5,20.0
dc20af665b298fe9,androidx/compose/foundation/text/CoreTextFieldKt$CoreTextField$pointerModifier$1,1,3,33.33
121ade31b703eb8c,androidx/compose/foundation/gestures/AbstractDraggableNode$pointerInputNode$1,1,13,7.69
b9cc35d9c2d438eb,androidx/compose/animation/CrossfadeKt$Crossfade$7,1,3,33.33
9b2f6ceef8696df2,org/jellyfin/mobile/ui/screens/connect/ServerSelectionKt$AnimatedErrorText$1,1,11,9.09
4ef0c129c7ac1f41,com/google/android/gms/cast/framework/media/zza,1,23,4.35
31e69072a8426d38,io/ktor/client/features/HttpPlainText$Feature$install$2,1,21,4.76
b40e3a1247becede,shark/AndroidObjectInspectors$COORDINATOR,1,3,33.33
6a916c992fa84403,org/jellyfin/mobile/player/cast/ChromecastSession,1,192,0.52
d9e9459dfc9720b7,androidx/compose/runtime/internal/ComposableLambdaImpl$invoke$4,1,3,33.33
e2bad64b25a3452e,kotlin/jvm/internal/InlineMarker,1,7,14.29
b4b8d611a471ec63,kotlinx/coroutines/flow/FlowKt__ReduceKt$first$3,1,2,50.0
b536f34f8bfd4c48,com/google/android/gms/internal/cast/zzkw,1,1,100.0
dac0d77897b8281e,com/google/android/gms/internal/cast/zzii,1,1,100.0
33a528b40ee8c6d0,com/google/android/gms/dynamite/zzi,1,8,12.5
d501848fc0385a07,kotlin/coroutines/ContinuationInterceptor,1,1,100.0
ce547b21fc3665ef,androidx/compose/animation/core/SuspendAnimationKt$animate$7,1,3,33.33
2ade33c92daff778,io/ktor/utils/io/NativeUtilsJvmKt,1,2,50.0
96227b4b41f0b092,com/google/android/gms/internal/cast/zzsm,1,11,9.09
db22c4f5eacf53b4,com/google/android/gms/internal/cast/zzsq,1,1,100.0
89a1dd44092eeb7d,androidx/fragment/app/FragmentManager$3,1,2,50.0
2f89e351596a216a,com/google/android/gms/dynamite/zzg,1,6,16.67
eb3a745d1051db7e,androidx/compose/material/TextKt$ProvideTextStyle$1,1,3,33.33
bddb0c7d33bebaaa,androidx/compose/foundation/layout/Arrangement$End$1,1,6,16.67
b12192e4d623da03,androidx/compose/ui/node/ParentDataModifierNodeKt,1,1,100.0
5a05b4f5be82fc82,io/ktor/client/features/BodyProgress$handle$1,1,15,6.67
32fa43ab19c627a8,androidx/compose/foundation/gestures/DraggableKt$NoOpDragScope$1,1,2,50.0
8568ad42e45ace77,androidx/compose/material/OutlinedTextFieldKt$OutlinedTextField$4,1,3,33.33
6edd3f6400e8830c,androidx/mediarouter/media/RegisteredMediaRouteProvider$PrivateHandler,1,1,100.0
35afc56cf88cfe20,leakcanary/RootViewWatcher$WhenMappings,1,1,100.0
5e81b9caa025a176,androidx/compose/ui/layout/ContentScale$Companion$FillBounds$1,1,4,25.0
6ae3908d0758512d,androidx/compose/foundation/AbstractClickablePointerInputNode$delayPressInteraction$1,1,7,14.29
0d33316f7c0d3260,androidx/compose/foundation/text/TextFieldPressGestureFilterKt$tapPressTextFieldModifier$1$2,1,12,8.33
eafbf3f798cfdb27,com/google/android/gms/common/zzg,1,2,50.0
4be6a65a5d52570b,com/google/android/gms/common/api/internal/zabl,1,3,33.33
1ca5d750c77004dd,androidx/compose/ui/platform/AndroidComposeView$_inputModeManager$1,1,8,12.5
f0bcaa95e54ba2bc,androidx/fragment/app/FragmentManager$FragmentIntentSenderContract,1,22,4.55
36092f375cf9b940,kotlinx/coroutines/flow/AbstractFlow$collect$1,1,2,50.0
4399dd388593608b,leakcanary/internal/activity/screen/LeaksScreen$onGroupsRetrieved$2,1,2,50.0
fc780fc471f4318d,com/google/android/gms/dynamic/zzb,1,1,100.0
1247a1ab19301d8d,com/google/android/gms/internal/cast/zzwi,1,1,100.0
04dee1545b21422f,androidx/lifecycle/SavedStateHandleSupport$SAVED_STATE_REGISTRY_OWNER_KEY$1,1,1,100.0
9cd7ee6a6ed765ce,org/slf4j/helpers/BasicMDCAdapter$1,1,4,25.0
009b0f52caab0e0d,androidx/compose/ui/platform/AndroidComposeView$dragAndDropModifierOnDragListener$1,1,3,33.33
c86a1e7eaaa509cc,com/google/android/gms/internal/cast/zzja,1,1,100.0
098b24a265acbbdb,androidx/compose/foundation/gestures/ScrollableStateKt$rememberScrollableState$1$1,1,3,33.33
d8e0acf70b173130,kotlinx/coroutines/sync/MutexImpl$onSelectCancellationUnlockConstructor$1,1,3,33.33
1c8da5721956137c,androidx/compose/ui/platform/AndroidComposeViewAccessibilityDelegateCompat$boundsUpdatesEventLoop$1,1,2,50.0
724b3e289394e989,org/koin/core/logger/EmptyLogger,1,2,50.0
d0602f4f1405df29,androidx/mediarouter/media/MediaRouterUtils$CallbackProxy,1,10,10.0
babc9f69d89fe569,androidx/lifecycle/SavedStateHandleSupport$VIEW_MODEL_STORE_OWNER_KEY$1,1,1,100.0
58f17e931b1c63c4,kotlin/sequences/SequencesKt__SequencesKt$generateSequence$1,1,3,33.33
ac4c14ad8ee0409a,androidx/compose/foundation/layout/WrapContentElement$Companion$size$1,1,3,33.33
58125ab2671706db,androidx/compose/foundation/gestures/ScrollableKt$NoOpFlingBehavior$1,1,2,50.0
c262ada8c672a954,androidx/compose/runtime/Composer,1,19,5.26
57ef8fb675447796,androidx/arch/core/executor/TaskExecutor,1,5,20.0
a022f43dde89d970,androidx/compose/foundation/gestures/MouseWheelScrollNode$1,1,12,8.33
24dbc20badd5860f,androidx/compose/ui/input/pointer/PointerEvent_androidKt,1,61,1.64
5cdf8d7856d96c4f,androidx/compose/ui/focus/FocusModifierKt,1,2,50.0
fe4b7c935a9e6440,androidx/compose/foundation/gestures/AbstractDraggableNode$_canDrag$1,1,3,33.33
8deec7a25d7691a9,androidx/compose/animation/core/Transition$totalDurationNanos$2,1,16,6.25
343a7f8daf15715e,androidx/fragment/app/FragmentManager$1,1,35,2.86
38158f06aca1f3cc,androidx/compose/material/ripple/RippleTheme,1,1,100.0
4dfc5f62d18caff2,com/google/android/gms/cast/framework/MediaNotificationManager,1,4,25.0
93c703cbbfe25ed5,com/google/android/gms/cast/zzbw,1,19,5.26
1228f4cd9b0f63aa,androidx/compose/ui/geometry/MutableRectKt,1,1,100.0
55ae78bedda4cfad,kotlinx/coroutines/flow/FlowKt__ReduceKt$first$$inlined$collectWhile$2$1,1,2,50.0
4eeceac32a384979,io/ktor/client/features/BodyProgress$handle$2,1,17,5.88
e79db76e5f162549,androidx/compose/foundation/gestures/ScrollableGesturesNode$startDragImmediately$1,1,3,33.33
d442cd3244d5119e,androidx/compose/ui/platform/DisposableSaveableStateRegistry_androidKt$DisposableSaveableStateRegistry$1,1,6,16.67
1fed4d37ebd88455,com/google/android/gms/common/zzb,1,17,5.88
3d9cf88d653e4af6,com/google/android/gms/common/internal/zzaj,1,19,5.26
48cccf46e94597c5,com/google/android/gms/internal/cast/zzhn,1,1,100.0
491c36ccf142ac66,androidx/fragment/app/FragmentManager$7,1,2,50.0
cffdab504853e873,androidx/core/app/ActivityManagerCompat,1,2,50.0
d6224c047eb6b8f7,com/google/android/gms/internal/cast/zziu,1,1,100.0
162579773ad40088,androidx/compose/ui/text/platform/Synchronization_jvmKt,1,5,20.0
bba1a72dd6ff799e,androidx/appcompat/app/AppCompatDelegateImpl$Api24Impl,1,10,10.0
091acf7d8a2fda0f,androidx/compose/foundation/interaction/InteractionSourceKt,1,1,100.0
1bb0f6a11a6ca35a,com/google/android/gms/dynamite/zzh,1,4,25.0
ec37a27f482cfe5d,org/jellyfin/sdk/discovery/DiscoveryService$recommendedServerDiscovery$2,1,3,33.33
543b66f64adb8c68,androidx/emoji2/text/EmojiCompat$CompatInternal,1,10,10.0
d67a4135bd3af428,org/jellyfin/mobile/MainActivity$special$$inlined$inject$default$1,1,4,25.0
65832eb1aa696d28,androidx/fragment/app/Fragment$AnimationInfo,1,1,100.0
d3ac1d0ab02f1279,androidx/compose/ui/graphics/colorspace/Rgb$oetf$1,1,3,33.33
c72b07e720fd4eaa,androidx/lifecycle/LifecycleRegistry_androidKt,1,1,100.0
ccc0f94911f6bc95,com/google/android/gms/cast/framework/zzai,1,4,25.0
fe27cdc01afc5f21,kotlin/jvm/internal/MutablePropertyReference1Impl,1,8,12.5
96d8e24ad13a8d3e,androidx/compose/ui/platform/CompositionLocalsKt$ProvideCommonCompositionLocals$1,1,3,33.33
48c403011352c4d0,com/google/android/gms/cast/framework/zzbl,1,6,16.67
0a956d5e798c181e,androidx/compose/foundation/HoverableNode,1,49,2.04
0510906b36232f44,androidx/core/content/ContextCompat$Api21Impl,1,4,25.0
771a6f759f88ebc7,androidx/compose/ui/platform/AndroidCompositionLocals_androidKt$ProvideAndroidCompositionLocals$4,1,3,33.33
93b4ec80a2314d4a,androidx/compose/animation/core/VectorizedFiniteAnimationSpec,1,5,20.0
4648bffe7b492b26,kotlinx/coroutines/flow/StartedEagerly,1,3,33.33
49d89966122751f9,org/koin/core/scope/Scope$resolveInstance$1,1,3,33.33
777881b51a63cbc3,kotlinx/coroutines/Job,1,1,100.0
dd96fc90c41fa62e,androidx/compose/ui/text/input/VisualTransformation,1,1,100.0
2f03cef3f3f9bdfc,androidx/compose/foundation/gestures/TapGestureDetectorKt$NoPressGesture$1,1,6,16.67
4d69d4bf570e2d5e,androidx/lifecycle/SavedStateHandleSupport$DEFAULT_ARGS_KEY$1,1,1,100.0
dc62e9e6c1506eda,com/google/android/gms/dynamite/zzj,1,11,9.09
b19e076b96fd21d4,androidx/compose/ui/platform/AndroidCompositionLocals_androidKt$ProvideAndroidCompositionLocals$1$1,1,3,33.33
8bc7ee4e5df1f352,kotlinx/coroutines/flow/SharingConfig,1,1,100.0
056a96b815e587bf,kotlinx/coroutines/EventLoopImplPlatform,1,10,10.0
eaffd3c8a36fb8d5,androidx/compose/runtime/SnapshotLongStateKt__SnapshotLongStateKt,1,5,20.0
d9db935c22c3f884,androidx/compose/foundation/shape/CornerSizeKt$ZeroCornerSize$1,1,5,20.0
bdb1dc01151b2ecd,androidx/compose/animation/SplineBasedDecayKt,1,14,7.14
d816a97d0b663014,org/slf4j/helpers/NOPMDCAdapter,1,11,9.09
d7ac890acc0b9cb5,androidx/compose/foundation/gestures/DragGestureDetectorKt$HorizontalPointerDirectionConfig$1,1,5,20.0
ad176c0d8cbe4cc2,androidx/compose/runtime/ParcelableSnapshotMutableIntState$Companion$CREATOR$1,1,7,14.29
c6c11d6d85ff864a,androidx/compose/ui/node/CompositionLocalConsumerModifierNodeKt,1,3,33.33
f06be667f1bc58d4,kotlinx/coroutines/JobCancellingNode,1,1,100.0
d6c22f8aa01221c8,kotlinx/coroutines/CoroutineExceptionHandler,1,1,100.0
02b7d727ce798c8a,shark/ObjectInspectors$CLASSLOADER,1,3,33.33
35902277c81dd241,com/google/android/gms/internal/cast/zzix,1,1,100.0
5de2428381a4902a,androidx/activity/ComponentActivity$defaultViewModelProviderFactory$2,1,7,14.29
d85517d195564c04,com/google/android/gms/common/api/Api$ApiOptions,1,1,100.0
ca1c406eecde22a7,androidx/compose/foundation/text/CoreTextFieldKt$CoreTextField$4$invoke$$inlined$onDispose$1,1,2,50.0
462d437ad30113a0,androidx/compose/ui/text/font/AsyncTypefaceCache$AsyncTypefaceResult,1,19,5.26
002657f813065a97,shark/AndroidObjectInspectors$SUPPORT_FRAGMENT$leakingObjectFilter$1,1,11,9.09
a6e44bf46536ad48,com/google/android/gms/internal/cast/zzvz,1,1,100.0
cf6f454ded50239f,androidx/compose/runtime/changelist/Operation$IntParameter,1,16,6.25
692af2c2998b8332,androidx/emoji2/text/EmojiCompat$InitCallback,1,3,33.33
8d08df8f3e857f21,androidx/compose/foundation/layout/WrapContentElement$Companion$width$1,1,3,33.33
6f87d6d547e902fa,kotlin/jvm/internal/PropertyReference1Impl,1,7,14.29
2430e7243c3a5fef,com/google/android/gms/common/internal/Objects,1,22,4.55
732274393c2771c8,kotlinx/coroutines/channels/Channel,1,1,100.0
88f5d08249d16e8a,com/google/android/gms/internal/cast/zzkt,1,1,100.0
cfc65bd631a52aab,androidx/compose/ui/graphics/colorspace/Connector$Companion$identity$1,1,3,33.33
93864790d84319f5,com/google/android/gms/internal/cast/zzi,1,55,1.82
0f08f85a6c53a12e,androidx/fragment/app/FragmentManager$10,1,16,6.25
e25acff4e7689e57,androidx/compose/foundation/text/TextFieldScrollKt$textFieldScrollable$2$scrollableState$1$1,1,10,10.0
e7dbd580684f4cbe,org/koin/core/parameter/ParametersHolderKt,1,7,14.29
1db38f12e708e9e4,com/google/android/gms/common/zzf,1,2,50.0
b3ec59e52efd4c48,com/google/android/gms/internal/cast/zzjg,1,1,100.0
eec69a5aa6e3612e,androidx/appcompat/app/AppCompatActivity$1,1,3,33.33
4f866dfbc772e55b,androidx/lifecycle/viewmodel/internal/SynchronizedObject,1,1,100.0
b64f9e1aa4fe11df,leakcanary/internal/HeapDumpTrigger$scheduleDismissNoRetainedOnTapNotification$1,1,3,33.33
8acade83ba887497,androidx/compose/ui/platform/ViewCompositionStrategy$DisposeOnDetachedFromWindowOrReleasedFromPool$installFor$1,1,4,25.0
e2e717634fa9d960,androidx/compose/ui/platform/WindowRecomposerFactory,1,1,100.0
88301e7c53f5946a,androidx/compose/ui/focus/FocusRequesterModifierKt,1,1,100.0
4fb0d6fcace57e99,androidx/compose/ui/node/LayoutNode$Companion$DummyViewConfiguration$1,1,6,16.67
aed5f22182c00e64,androidx/compose/animation/core/SuspendAnimationKt$animate$6$1,1,3,33.33
47bfe8c4983e46f8,kotlinx/coroutines/scheduling/GlobalQueue,1,1,100.0
31f703a786e973df,androidx/compose/ui/text/font/PlatformResolveInterceptor$Companion$Default$1,1,1,100.0
3bb0ccb9b24d2704,io/ktor/client/HttpClient$2,1,18,5.56
a5a96a7e337e2ff7,com/google/android/gms/common/api/Api$AnyClientKey,1,1,100.0
36c3fe9a9d3a0371,androidx/compose/foundation/gestures/DragGestureDetectorKt$VerticalPointerDirectionConfig$1,1,5,20.0
297aac501df84397,kotlinx/coroutines/InternalCompletionHandler$UserSupplied,1,3,33.33
0b850f6c79208727,shark/AndroidObjectInspectors$INPUT_METHOD_MANAGER,1,3,33.33
a85040ada5f44679,androidx/compose/foundation/gestures/PressGestureScopeImpl$reset$1,1,2,50.0
6d701b00b7c8ab3e,androidx/collection/internal/Lock,1,5,20.0
b04a2e69aa17d4a4,androidx/collection/ArraySet$ElementIterator,1,3,33.33
fe49449d10a839f9,androidx/appcompat/widget/FitWindowsLinearLayout,1,7,14.29
1f963a82733f0115,androidx/compose/ui/platform/InspectableModifier$End,1,1,100.0
c95739048177e1bc,androidx/profileinstaller/ProfileVersion,1,5,20.0
9f6cb569a5007930,androidx/core/view/SoftwareKeyboardControllerCompat$Impl,1,3,33.33
7bc14575669138a2,androidx/compose/foundation/text/TextFieldState$onValueChange$1,1,9,11.11
8bae402ff98390cf,com/google/android/gms/internal/cast/zzus,1,1,100.0
8013a6837ea2621b,androidx/compose/foundation/gestures/ScrollableKt$NoOpOnDragStarted$1,1,6,16.67
a8a2394fb8efbebf,androidx/compose/foundation/gestures/AbstractDraggableNode$_startDragImmediately$1,1,3,33.33
06e0c4ab3ed4b272,androidx/appcompat/app/AppLocalesMetadataHolderService$Api24Impl,1,2,50.0
17f217e8056663cd,shark/AndroidObjectInspectors$MAIN_THREAD,1,3,33.33
bd9af90d54af9b52,com/google/android/datatransport/runtime/scheduling/persistence/AutoValue_PersistedEvent,1,23,4.35
3afb0becc7b9d59b,com/google/android/gms/internal/cast/zzrl,1,7,14.29
5b294187055f1fad,com/google/android/gms/common/api/Api$ClientKey,1,1,100.0
571880587dbd52fd,androidx/compose/runtime/external/kotlinx/collections/immutable/implementations/immutableList/UtilsKt,1,4,25.0
a101d3f9e11443d4,androidx/lifecycle/ViewModelProvider$NewInstanceFactory,1,11,9.09
62919a289bbb0169,androidx/core/view/accessibility/AccessibilityNodeProviderCompat,1,11,9.09
95f8e4dadfe0ade8,kotlin/jvm/internal/Ref$BooleanRef,1,2,50.0
493f2e35bcc25e9c,org/jellyfin/mobile/data/dao/UserDao_Impl$3,1,2,50.0
c9848a2ccb052e86,leakcanary/internal/activity/LeakActivity$onCreate$2,1,2,50.0
e4a3bf7384980684,io/ktor/client/features/DefaultResponseValidationKt$addDefaultResponseValidation$1$1,1,38,2.63
1d234a22423e319f,androidx/mediarouter/media/GlobalMediaRouter$1,1,8,12.5
b2f38260ec181a36,com/google/android/gms/common/api/internal/zabv,1,7,14.29
a7b54c72c0183ca5,androidx/compose/ui/graphics/BrushKt,1,1,100.0
0ef823fa56d5da1b,io/ktor/client/HttpClientKt$HttpClient$2,1,3,33.33
9e94a2fc846927d0,androidx/compose/material/ripple/AndroidRippleIndicationInstance$onInvalidateRipple$1,1,5,20.0
38c981bd91fc9dad,androidx/mediarouter/media/PlatformMediaRouter1RouteProvider$JellybeanMr2Impl$SystemRouteRecord,1,1,100.0
8fe86a4a407ef6ff,androidx/compose/runtime/SnapshotLongStateKt,1,3,33.33
ef45ec46d9f53433,io/ktor/client/engine/okhttp/OkHttpEngine$clientCache$1,1,3,33.33
91a9679cf8695a92,androidx/compose/runtime/ParcelableSnapshotMutableFloatState$Companion$CREATOR$1,1,7,14.29
0d19324b571ab109,org/jellyfin/mobile/BuildConfig,1,2,50.0
5dd96a46683929b0,com/google/android/gms/internal/cast/zztf,1,1,100.0
acb42059d32bf86f,androidx/compose/foundation/text/BasicTextFieldKt$BasicTextField$4$1,1,10,10.0
bdc44f8ab17c6306,androidx/compose/ui/layout/ContentScale$Companion$FillWidth$1,1,3,33.33
8a2415e04a25f40b,kotlinx/coroutines/ResumeOnCompletion,1,2,50.0
d7f47332a9ed6f48,org/jellyfin/mobile/data/dao/ServerDao_Impl$1,1,6,16.67
f72cb4e458562963,androidx/compose/runtime/changelist/Operation$ObjectParameter,1,16,6.25
2542bc99dc22af96,androidx/appcompat/widget/ResourceManagerInternal$ColorFilterLruCache,1,5,20.0
6e1cd3ed6b399cc7,com/google/android/gms/common/internal/safeparcel/AbstractSafeParcelable,1,2,50.0
db6c9039cd2abfe8,androidx/activity/ComponentActivity$fullyDrawnReporter$2,1,6,16.67
8698b969ad3f39fc,androidx/compose/runtime/Composer$Companion$Empty$1,1,2,50.0
ceb0b4d40fa509cc,com/google/android/gms/internal/cast/zzkq,1,1,100.0
96e037d8ed843d3c,androidx/compose/material/ButtonKt$Button$4,1,3,33.33
905dc8d67b437699,androidx/compose/foundation/text/UndoManager_jvmKt,1,1,100.0
f41c8eb7373ac136,androidx/activity/result/contract/ActivityResultContract,1,2,50.0
459e8cccd64ccae1,androidx/profileinstaller/ProfileInstaller$2,1,22,4.55
ec32f9e790c8660f,com/google/android/gms/cast/framework/zzap,1,5,20.0
0e3a68b1c269cd8a,kotlinx/coroutines/flow/FlowKt__BuildersKt,1,28,3.57
145209132dd624dd,kotlinx/coroutines/flow/internal/ChannelFlowTransformLatest$flowCollect$3$1$emit$1,1,2,50.0
e33717e686b446fa,androidx/compose/ui/text/platform/extensions/SpannableExtensions_androidKt$setFontAttributes$1,1,15,6.67
41cbfe3a1ef6e8fa,androidx/fragment/app/Fragment$1,1,2,50.0
2dcb031ebf5ef267,androidx/compose/animation/core/DecayAnimationSpecKt,1,17,5.88
c9d3bb206939b056,androidx/compose/ui/node/NodeKind,1,18,5.56
7bdaf5a6a37cc743,org/jellyfin/mobile/data/dao/UserDao_Impl$1,1,10,10.0
34898e62b606804a,shark/AndroidObjectInspectors$CONTEXT_FIELD,1,32,3.12
3fd8ad8352c584fd,androidx/compose/animation/core/Transition$updateTarget$3,1,3,33.33
6918b8c913caa4a6,androidx/compose/ui/platform/AndroidComposeViewAccessibilityDelegateCompat$onSendAccessibilityEvent$1,1,3,33.33
e426e951069da144,androidx/compose/ui/input/pointer/PointerButtons,1,15,6.67
9b18c0723ecfc5ad,shark/AndroidObjectInspectors$COMPOSITION_IMPL,1,3,33.33
34c0d0f30891bb10,androidx/compose/ui/graphics/vector/VectorPainter$vector$1$1,1,6,16.67
b04cdd82f9baca31,androidx/compose/ui/node/NodeChainKt$fillVector$1,1,4,25.0
89940a981f9f74b4,io/ktor/client/features/HttpCallValidator$Companion$install$1,1,21,4.76
10f033dd728e8da1,org/jellyfin/mobile/player/cast/ChromecastConnection$Listener,1,4,25.0
675a2463b862417c,shark/ObjectInspectors$ANONYMOUS_CLASS,1,25,4.0
5a69b89b23d914f7,com/google/android/datatransport/runtime/scheduling/jobscheduling/SchedulerConfig$ConfigValue$Builder,1,1,100.0
ae21e713f72532af,androidx/core/text/TextUtilsCompat,1,3,33.33
6177cfb9627a8627,androidx/compose/ui/text/AndroidParagraph$wordBoundary$2,1,3,33.33
6f8f14e341d32b36,androidx/compose/ui/text/font/TypefaceRequestCache$runCached$currentTypefaceResult$1,1,9,11.11
14219ff22eda4627,androidx/activity/result/ActivityResultLauncher,1,2,50.0
7cf0e9c7501fb0f8,io/ktor/client/features/HttpPlainText$special$$inlined$sortedByDescending$1,1,4,25.0
22ac7dcaacdd7080,androidx/compose/foundation/text/CoreTextFieldKt$CoreTextField$semanticsModifier$1,1,27,3.7
fa18cee4b48ffd9e,leakcanary/ServiceWatcher$install$4$1,1,3,33.33
18c25a2cfe8b9108,androidx/compose/foundation/text/selection/SelectionGesturesKt$selectionGestureInput$1,1,13,7.69
d0dc6aa62182625a,com/google/android/datatransport/runtime/SendRequest$Builder,1,4,25.0
ac00689050c1d2a5,kotlinx/coroutines/flow/internal/AbstractSharedFlowKt,1,1,100.0
69b081ca13ff8ebc,shark/ObjectInspectors$Companion$createLeakingObjectFilters$2$1,1,3,33.33
7329b6b0e77b0485,com/google/android/gms/common/api/internal/ApiExceptionMapper,1,2,50.0
c3f1bd20ebd46977,leakcanary/internal/activity/screen/LeaksScreen$onGroupsRetrieved$1,1,20,5.0
2d60da813b411fec,kotlinx/coroutines/channels/ChannelsKt,1,70,1.43
32d48b353777f47e,org/jellyfin/mobile/webapp/RemotePlayerService$special$$inlined$inject$default$1,1,4,25.0
20ca1fe596f2043f,com/google/android/gms/dynamite/DynamiteModule$VersionPolicy$SelectionResult,1,1,100.0
bbbc9c46b04b6c7b,com/google/android/gms/common/api/UnsupportedApiCallException,1,2,50.0
7f2de4afaceaa875,androidx/compose/ui/node/ComposeUiNode,1,2,50.0
0a7994b40c9918e8,androidx/compose/ui/layout/OnGloballyPositionedModifierKt,1,1,100.0
632b5c4c4c97825c,com/google/android/datatransport/runtime/ExecutionModule,1,2,50.0
61f1f673b37e93ee,com/google/android/gms/cast/framework/media/zzaa,1,80,1.25
1b4ca080b04f2f9b,kotlinx/coroutines/DebugStringsKt,1,15,6.67
9722e8b9a1043323,kotlinx/coroutines/sync/SemaphoreImpl$onCancellationRelease$1,1,3,33.33
90238b44569a15f4,androidx/compose/ui/semantics/SemanticsConfigurationKt,1,1,100.0
de22c6adc791e75e,androidx/compose/foundation/text/TextFieldDelegate$Companion$restartInput$1,1,3,33.33
48e411b98671e64c,androidx/compose/foundation/text/TextFieldScrollKt$textFieldScrollable$2$wrappedScrollableState$1$1$canScrollForward$2,1,5,20.0
a13cd4cbd7fe4d0b,com/google/android/gms/common/api/internal/zac,1,1,100.0
f77da7edf5dc8dfd,androidx/lifecycle/LiveData$1,1,4,25.0
72c46e8117e14a5d,kotlin/collections/IntIterator,1,4,25.0
404d62bce5575eed,com/google/android/gms/internal/cast/zzan,1,31,3.23
348dc4be7b11f4e8,kotlinx/coroutines/DisposeOnCancel,1,3,33.33
9c8d91a912cff5e5,kotlinx/coroutines/EventLoopKt,1,11,9.09
9693315fc03d4d1a,com/google/android/gms/cast/framework/zzm,1,13,7.69
c45c9e70bc804797,androidx/compose/ui/node/DrawModifierNode,1,1,100.0
f563f64a878a3b3f,com/google/android/gms/internal/cast/zzll,1,1,100.0
9cbb35e3c2620c11,androidx/compose/ui/focus/FocusPropertiesModifierNodeKt,1,1,100.0
28c31fc0bbfd184a,androidx/compose/foundation/gestures/ForEachGestureKt$awaitAllPointersUp$3,1,2,50.0
6463a10aff4776f3,kotlin/coroutines/jvm/internal/RestrictedSuspendLambda,1,7,14.29
d3a06446fb9b012b,androidx/compose/animation/AnimatedVisibilityKt$AnimatedEnterExitImpl$4,1,3,33.33
983a31aa3ef94bad,androidx/compose/ui/platform/ViewLayer$Companion$OutlineProvider$1,1,3,33.33
7f6b063da47d052e,shark/AndroidObjectInspectors$LOADED_APK,1,3,33.33
66551a2f4afc2099,androidx/compose/runtime/SnapshotIntStateKt,1,3,33.33
3aea623ec26138bc,kotlinx/coroutines/scheduling/SchedulerTimeSource,1,1,100.0
d9e5f3c4438d1f1f,com/google/android/datatransport/runtime/TransportRuntimeComponent,1,2,50.0
6128e8562b01b2cd,androidx/compose/ui/layout/ContentScale,1,1,100.0
9f01d397483b99fa,androidx/compose/runtime/ParcelableSnapshotMutableLongState$Companion$CREATOR$1,1,7,14.29
db7d5a7a6937a990,androidx/compose/ui/graphics/vector/VectorComponent$1,1,3,33.33
b6d8ce7b47b1e038,com/google/android/gms/tasks/Task,1,13,7.69
ae0dcab297649150,androidx/fragment/app/FragmentManager$8,1,10,10.0
a0fb11b20db04dd9,io/ktor/client/features/HttpTimeout$Feature$install$1,1,33,3.03
d131aba67b2344ce,shark/AndroidReferenceMatchers$Companion$libraryLeak$1,1,4,25.0
170b7f51427421a9,androidx/compose/animation/core/VectorizedDurationBasedAnimationSpec,1,7,14.29
48ff5879127ea59c,kotlin/UnsignedKt,1,63,1.59
96725c25b1ddcb49,androidx/compose/foundation/text/TextFieldKeyInputKt,1,4,25.0
b1e9616d06efdd25,androidx/compose/foundation/layout/PaddingKt$padding$2,1,5,20.0
ea9ef5bc2a312693,androidx/compose/foundation/gestures/DragGestureDetectorKt$BidirectionalPointerDirectionConfig$1,1,4,25.0
6b8a727a37593458,com/google/android/gms/internal/cast/zzmw,1,1,100.0
3ee3537098c81f99,kotlinx/coroutines/internal/OpDescriptor,1,2,50.0
afc44cca4abab43d,androidx/mediarouter/media/GlobalMediaRouter$2,1,21,4.76
c3b441ee3ba2fb73,androidx/compose/ui/platform/AndroidUiDispatcher$Companion$currentThread$1,1,9,11.11
36b1963b2a7fe0ee,androidx/mediarouter/media/MediaRouterUtils$VolumeCallbackProxy,1,3,33.33
d3e69b0baa5dd7af,leakcanary/internal/activity/screen/LeaksScreen$createView$1$1,1,3,33.33
aa8b8c8ada5ea1b8,com/google/android/gms/tasks/zzt,1,2,50.0
0a47d22f2ff10517,androidx/compose/ui/text/font/FontListFontFamilyTypefaceAdapter$special$$inlined$CoroutineExceptionHandler$1,1,2,50.0
cf811fa0a0a8ea79,androidx/compose/ui/input/pointer/PointerIcon,1,1,100.0
c790a69dfc05e7d6,androidx/compose/ui/input/nestedscroll/NestedScrollDispatcher$calculateNestedScrollScope$1,1,3,33.33
4a99b30885ff46d6,io/ktor/client/features/HttpCallValidator$Companion$install$3,1,11,9.09
6b1d1949c934cfbc,androidx/compose/foundation/layout/Arrangement$Start$1,1,6,16.67
2bfe4e77902744b2,androidx/fragment/R$styleable,1,2,50.0
fd57e9f5ecf44304,io/ktor/client/features/HttpSend$Feature$install$1,1,36,2.78
da698358e39e3abf,androidx/compose/runtime/external/kotlinx/collections/immutable/internal/CommonFunctionsKt,1,1,100.0
391c372f0fc73c51,shark/AndroidObjectInspectors$Companion$createLeakingObjectFilters$2$1,1,3,33.33
c591b7a1ac41031c,androidx/compose/animation/core/DecayAnimationSpecImpl,1,2,50.0
a4035e29d9dac4a6,androidx/compose/ui/modifier/ModifierLocalKt,1,1,100.0
29f7ca1069559f54,org/jellyfin/mobile/events/ActivityEventHandler$subscribe$1$1$1,1,3,33.33
3392dbf4b1bfa02f,androidx/compose/ui/graphics/drawscope/EmptyCanvas,1,25,4.0
1652d5e92e279cb4,androidx/compose/foundation/gestures/ScrollableKt$DefaultScrollMotionDurationScale$1,1,6,16.67
7b6f7190997ab06d,androidx/fragment/app/FragmentContainer,1,2,50.0
ee71c88171e73db5,org/jellyfin/mobile/ui/screens/connect/ConnectScreenKt$ConnectScreen$1$1$1,1,12,8.33
65baf865ef2bf73b,androidx/compose/runtime/SnapshotStateKt__SnapshotFlowKt,1,39,2.56
a3f85253dde41932,com/google/android/datatransport/runtime/scheduling/jobscheduling/Uploader,1,90,1.11
8511f0d674f6a667,com/google/android/datatransport/runtime/scheduling/persistence/EventStoreConfig$Builder,1,1,100.0
0c5001d2cfbe6019,androidx/room/SharedSQLiteStatement$stmt$2,1,3,33.33
4ed20c2c062a0164,androidx/compose/runtime/Recomposer$effectJob$1$1,1,21,4.76
6f375dce7b0aacd0,com/google/android/gms/internal/cast/zzsj,1,1,100.0
d1756234b8e90e6b,androidx/compose/ui/input/nestedscroll/NestedScrollNode$updateDispatcherFields$1,1,3,33.33
2d5737b12e9dc4f8,androidx/compose/animation/AnimatedVisibilityKt$AnimatedVisibilityImpl$1$1,1,12,8.33
96c0d9e8479b0a12,shark/AndroidObjectInspectors$APPLICATION,1,3,33.33
69143aaaef45da53,androidx/compose/ui/node/NodeCoordinator$Companion$SemanticsSource$1,1,12,8.33
103189b1965659bd,io/ktor/client/engine/HttpClientEngine$install$1,1,23,4.35
f5e297e8bc541122,androidx/compose/ui/text/MultiParagraphIntrinsics$minIntrinsicWidth$2,1,21,4.76
c91beb176d9c59c4,kotlinx/coroutines/InvokeOnCompletion,1,2,50.0
21816bea7c904693,com/google/android/gms/internal/cast/zzgg,1,2,50.0
555c6f3a617a3ec5,leakcanary/internal/activity/LeakActivity$onCreate$3,1,2,50.0
b5e02bfde6424d35,androidx/compose/ui/graphics/RectangleShapeKt$RectangleShape$1,1,4,25.0
2c90072deeff3be0,androidx/compose/ui/text/font/FontFamilyResolverImpl$createDefaultTypeface$1,1,3,33.33
3841017580759925,androidx/compose/foundation/gestures/ScrollableNestedScrollConnection,1,29,3.45
4497466f7c20bfaa,androidx/compose/ui/platform/InfiniteAnimationPolicy,1,4,25.0
9f5f70b66ac44b3d,com/google/android/gms/internal/cast/zzun,1,3,33.33
ab75aed86b4de601,com/google/android/gms/cast/framework/zzk,1,13,7.69
bf2d67e8226a0f05,com/google/android/gms/dynamite/zzk,1,8,12.5
12ef4bc02e67f6a0,androidx/compose/foundation/layout/WrapContentElement$Companion$height$1,1,3,33.33
eea6c61f580f7325,kotlin/jvm/internal/MutablePropertyReference,1,3,33.33
78eafa09e4f2895e,androidx/compose/foundation/gestures/ScrollableNode$1,1,3,33.33
816933768d900d85,androidx/compose/foundation/layout/PaddingKt$padding$1,1,7,14.29
9934f6fffe931401,kotlinx/coroutines/MainCoroutineDispatcher,1,11,9.09
d22d2341f6847f23,org/jellyfin/mobile/data/dao/UserDao_Impl$2,1,2,50.0
497ca26a9b6d5c88,kotlin/collections/ArraysUtilJVM,1,2,50.0
de2aaa04702dd251,kotlinx/serialization/json/internal/CreateMapForCacheKt,1,1,100.0
25fe7e5ab003ec9d,androidx/mediarouter/media/PlatformMediaRouter1RouteProvider$JellybeanMr2Impl$SystemRouteController,1,3,33.33
9f5e79ef6696c339,io/ktor/client/features/DefaultTransformersJvmKt$platformDefaultTransformers$1,1,18,5.56
cbd163acb1e4a534,shark/AndroidObjectInspectors$MESSAGE,1,3,33.33
7b710421fb503215,androidx/compose/runtime/PrimitiveSnapshotStateKt__SnapshotFloatStateKt,1,5,20.0
a7403c465111cd7a,kotlinx/coroutines/internal/Symbol,1,5,20.0
0a088da36190de74,com/google/android/gms/common/api/internal/zai,1,4,25.0
4504b4943ff752d9,com/google/android/datatransport/runtime/TransportContext$Builder,1,1,100.0
afa3d5bdefcf8450,androidx/compose/material/SurfaceKt$Surface$2,1,3,33.33
deb602e3b478023a,com/google/android/gms/common/api/Api$ApiOptions$NoOptions,1,2,50.0
4f8c2940f347d1ec,androidx/compose/ui/text/input/OffsetMapping,1,1,100.0
9025ecef67eab12e,androidx/fragment/app/FragmentTransaction$Op,1,5,20.0
80fea2553645d654,androidx/compose/ui/focus/FocusTargetModifierNodeKt,1,1,100.0
90b0513ac1302d6f,androidx/compose/ui/node/LayoutAwareModifierNode,1,2,50.0
58a92e879bfc754e,androidx/compose/animation/ExitTransitionImpl,1,2,50.0
5cbcacea7158b617,com/google/android/gms/internal/cast/zzjv,1,1,100.0
f63c0804969b5b0d,leakcanary/ServiceWatcher$install$3$1,1,3,33.33
c62e8ec51f7381d0,io/ktor/client/features/HttpRedirect$Feature$install$1,1,14,7.14
92d3bfa4caa7cbc0,androidx/compose/runtime/internal/PersistentCompositionLocalMapKt,1,5,20.0
16090415c100f4bf,kotlinx/coroutines/CancellableContinuationImplKt,1,4,25.0
73d10f30476c655a,com/google/android/gms/internal/cast/zzmj,1,1,100.0
a2c8a4897297c5b9,androidx/compose/ui/platform/AndroidComposeViewAccessibilityDelegateCompat$ComposeAccessibilityNodeProvider,1,10,10.0
a7d69bd5baacd050,leakcanary/ServiceWatcher$activityThreadServices$2,1,6,16.67
d5ae7113b1321d2a,com/google/android/gms/common/util/zza,1,2,50.0
0c1260668ec12e6b,androidx/room/RoomOpenHelper$Delegate,1,8,12.5
86cf9e1c23f07849,androidx/arch/core/internal/SafeIterableMap$SupportRemove,1,1,100.0
b0759675f6501537,androidx/fragment/app/FragmentManager$2,1,5,20.0
9bd39ce9b6159e63,shark/ObjectInspectors$THREAD,1,3,33.33
911d41ea7bce1a0f,androidx/compose/foundation/gestures/BringIntoViewSpec,1,2,50.0
b290ff83064c4f67,androidx/appcompat/R$styleable,1,2,50.0
723eb90aa76c4682,com/google/android/gms/internal/cast/zzh,1,2,50.0
2acb1dc9abc28284,androidx/compose/ui/graphics/colorspace/Rgb$eotf$1,1,3,33.33
5a91c87b229b1cf7,androidx/compose/ui/layout/ContentScale$Companion$FillHeight$1,1,3,33.33
76b8ec201f96a39f,kotlinx/coroutines/channels/ChannelResult$Failed,1,2,50.0
753e7524ebc59e85,kotlin/jvm/internal/MutablePropertyReference1,1,10,10.0
30f23d52696acc0e,com/google/android/gms/cast/internal/zzh,1,4,25.0
5a200c8ed3250514,androidx/mediarouter/media/RegisteredMediaRouteProviderWatcher$1,1,2,50.0
4c5c2d6a0588d8d8,androidx/compose/foundation/shape/PercentCornerSize,1,18,5.56
08c9630084d3ec7f,com/google/android/datatransport/runtime/scheduling/SchedulingConfigModule,1,2,50.0
a0575554aa224551,com/google/android/gms/common/api/internal/zach,1,1,100.0
42a82917dc9e8b91,kotlinx/coroutines/StandaloneCoroutine,1,2,50.0
bde5675603d4eb6e,com/google/android/gms/dynamite/DynamiteModule$LoadingException,1,2,50.0
b5e953a1c54d7a6b,com/google/android/gms/internal/cast/zzsk,1,1,100.0
4605b40782c51734,shark/ObjectInspectors$CLASS,1,6,16.67
85caf024cbf75adc,com/google/android/gms/common/internal/zzz,1,12,8.33
b49c7dc68150c671,androidx/compose/ui/layout/LayoutKt,1,164,0.61
2525ccfc2450eae9,androidx/compose/runtime/GroupInfo,1,7,14.29
6a70874e29e056c1,shark/AndroidObjectInspectors$RECOMPOSER,1,3,33.33
797d5e4d285a8c30,shark/AndroidObjectInspectors$MORTAR_PRESENTER,1,3,33.33
6c3759ca5432428a,androidx/compose/foundation/text/TextFieldDelegate,1,11,9.09
eb2b36125ab5d48a,com/google/android/gms/common/api/internal/zaag,1,19,5.26
9999145f04c2f350,androidx/compose/foundation/text/selection/SelectionGesturesKt$updateSelectionTouchMode$1,1,12,8.33
22277f02e941a79b,androidx/compose/ui/text/input/TextInputServiceAndroid$baseInputConnection$2,1,3,33.33
b50e64bcdba814ba,kotlin/coroutines/intrinsics/IntrinsicsKt__IntrinsicsKt,1,4,25.0
6c9d9746121dbfab,androidx/compose/foundation/text/CoreTextFieldKt$CoreTextField$pointerModifier$2,1,21,4.76
81f9a4f6306fa206,androidx/compose/ui/platform/ViewCompositionStrategy,1,1,100.0
f580dfd8ec2f069e,kotlinx/coroutines/flow/DistinctFlowImpl$collect$2$emit$1,1,2,50.0
bcbfb2632dfdd1a5,androidx/compose/foundation/text/TextFieldScrollKt$textFieldScrollable$2$wrappedScrollableState$1$1$canScrollBackward$2,1,5,20.0
013a271aa3f95cdc,androidx/appcompat/app/AppCompatDelegate$ThreadPerTaskExecutor,1,2,50.0
ff81407dbb4fc307,leakcanary/internal/activity/db/HeapAnalysisTable$onUpdate$1,1,3,33.33
f9c8eb07f5658901,kotlinx/coroutines/internal/ThreadLocalKt,1,2,50.0
17f5869c95f70261,kotlin/jvm/internal/Ref$ObjectRef,1,2,50.0
cc493a672fba3174,androidx/core/view/ViewCompat$Api21Impl$1,1,13,7.69
5d51fb967875c638,com/google/android/gms/common/api/zzb,1,17,5.88
4e0ff376e648b11d,io/ktor/client/features/HttpCallValidator$Companion$install$2,1,20,5.0
5e8e664ed3ec187d,androidx/compose/foundation/layout/PaddingKt$padding$4,1,4,25.0
50328b9db1a8ddde,kotlinx/coroutines/sync/MutexImpl$CancellableContinuationWithOwner$tryResume$token$1,1,16,6.25
d752276c21989d5a,androidx/compose/foundation/text/TextFieldState$onImeActionPerformed$1,1,3,33.33
9144f7ccfd3be80d,com/google/android/gms/internal/cast/zzsr,1,40,2.5
5d7b7d254cd88d24,androidx/compose/ui/Alignment,1,1,100.0
d0db66c5dfe14019,androidx/mediarouter/media/RemoteControlClientCompat$PlaybackInfo,1,1,100.0
e28deb66c9e51ae4,androidx/compose/animation/CrossfadeKt$Crossfade$1,1,3,33.33
ab4ba3acd823179e,kotlinx/coroutines/flow/SharingStarted,1,1,100.0
0e6c66c77aa65803,kotlinx/coroutines/flow/internal/AbstractSharedFlowSlot,1,1,100.0
7badc2824f2a9152,org/jellyfin/mobile/player/cast/Chromecast$1,1,11,9.09
13ed605c542384fa,androidx/compose/ui/input/pointer/SuspendingPointerInputModifierNodeImpl$awaitPointerEventScope$2$2,1,3,33.33
8463bde1597f6d0a,io/ktor/client/features/HttpPlainText$Feature$install$1,1,19,5.26
81c6c8dd3cfe686c,androidx/emoji2/text/DefaultEmojiCompatConfig$DefaultEmojiCompatConfigHelper,1,4,25.0
0789739bbe90dded,androidx/compose/runtime/Recomposer$RecomposerInfoImpl,1,51,1.96
ce7416c4b6300bb9,androidx/core/os/LocaleListCompat$Api24Impl,1,4,25.0
73a05cbd3dcc1621,androidx/compose/ui/graphics/painter/Painter$drawLambda$1,1,3,33.33
d9da335587854d26,androidx/core/os/LocaleListPlatformWrapper,1,11,9.09
ab0607bd0ce60fe7,androidx/compose/ui/text/platform/AndroidParagraphHelper_androidKt$NoopSpan$1,1,2,50.0
03457feae215b3c2,androidx/fragment/app/Fragment$5,1,7,14.29
89fb30d13049ae3b,org/jellyfin/mobile/webapp/RemotePlayerService$special$$inlined$inject$default$4,1,4,25.0
802b479b993e15f9,androidx/compose/runtime/CompositionLocalMap,1,1,100.0
2af55f23605a2f7d,androidx/compose/material/SurfaceKt$Surface$5,1,3,33.33
844d4219ed9fa243,com/google/android/gms/internal/cast/zzeb,1,2,50.0
ed57fd03589fe419,androidx/compose/foundation/text/BasicTextFieldKt$BasicTextField$5,1,3,33.33
f22c70d45f441a45,com/google/android/gms/cast/framework/PrecacheManager,1,18,5.56
59a461b6ee281dd4,leakcanary/internal/navigation/Screen,1,1,100.0
5531be0be3b452cc,androidx/profileinstaller/ProfileInstaller$1,1,3,33.33
304182abca74a1f1,com/google/android/gms/cast/framework/zzbb,1,18,5.56
009859a00b927b98,androidx/compose/foundation/FocusedBoundsObserverNode$focusBoundsObserver$1,1,8,12.5
32d32c6e87af695f,androidx/compose/ui/graphics/vector/GroupComponent$wrappedListener$1,1,6,16.67
9034ddd6b49a9851,leakcanary/AndroidLeakFixes$TEXT_LINE_POOL$apply$1$2,1,11,9.09
15cf48016cfc33ce,com/google/android/gms/internal/cast/zzsh,1,10,10.0
5836d24dc26046ff,androidx/compose/ui/node/BackwardsCompatNodeKt$DetachedModifierLocalReadScope$1,1,2,50.0
dede124935017488,androidx/compose/ui/platform/AndroidComposeView$onFocusChanged$1,1,5,20.0
84db9b70706314ed,androidx/appcompat/app/AppCompatDelegateImpl$3,1,9,11.11
fe81007870d7da3d,io/ktor/util/CoroutinesUtilsKt$SilentSupervisor$$inlined$CoroutineExceptionHandler$1,1,2,50.0
bfe86ecd1cde3f00,shark/AndroidObjectInspectors$ACTIVITY_THREAD,1,3,33.33
f1d2842e96c6f145,androidx/core/R$styleable,1,2,50.0
d8ecae56ce6b169e,com/google/android/gms/common/api/Api$BaseClientBuilder,1,3,33.33
800695a04629bc73,org/jellyfin/mobile/webapp/RemotePlayerService$special$$inlined$inject$default$3,1,4,25.0
2c254c556c726d5a,androidx/compose/runtime/internal/ComposableLambdaImpl$invoke$1,1,3,33.33
263f43543cd5cf53,androidx/compose/ui/input/rotary/RotaryInputNode,1,11,9.09
6d60f199d4776b90,kotlin/collections/ArraysKt__ArraysJVMKt,1,14,7.14
f8f913d67ba108e4,com/google/android/gms/internal/cast/zzst,1,2,50.0
b75de6760c79c22a,androidx/compose/ui/layout/LayoutModifierKt,1,1,100.0
9c0dd86d5b1161c0,shark/AndroidObjectInspectors$DIALOG,1,3,33.33
034ce8efeecb4367,androidx/compose/ui/platform/ViewRootForTest,1,1,100.0
6c4c9c08db50856b,com/google/android/gms/common/zzm,1,1,100.0
3f21061be62bf945,org/jellyfin/sdk/discovery/LocalServerDiscovery$discoverAddress$1,1,2,50.0
e55da18cf1db76a0,androidx/emoji2/text/EmojiCompat$DefaultSpanFactory,1,2,50.0
a0ae08ee67c552fd,com/google/android/gms/internal/cast/zzfo,1,2,50.0
fbfb4980e444c75d,com/google/android/gms/common/zzh,1,2,50.0
70440df718068116,androidx/compose/ui/platform/AndroidComposeViewAccessibilityDelegateCompat$scheduleScrollEventIfNeededLambda$1,1,3,33.33
61684a82319bffee,kotlinx/coroutines/internal/Removed,1,2,50.0
58cd82cc699b1ad4,leakcanary/internal/activity/db/Io$execute$1,1,3,33.33
1803591b5d7ee7e7,org/jellyfin/sdk/discovery/LocalServerDiscovery$discover$1$1,1,2,50.0
5ab2d54e263fd908,com/google/android/gms/common/internal/zzr,1,41,2.44
ca7212d8753d1bce,androidx/core/view/ViewCompat$Api20Impl,1,4,25.0
a3d3d3983ff9d981,androidx/compose/ui/layout/ContentScale$Companion$Crop$1,1,3,33.33
c08e0d41f762b9fc,androidx/compose/ui/graphics/CanvasKt,1,38,2.63
c285e58b796d305b,androidx/compose/runtime/ParcelableSnapshotMutableState$Companion$CREATOR$1,1,16,6.25
7f042621de94229b,com/google/android/gms/tasks/TaskExecutors,1,2,50.0
4bd1677a85be2188,io/ktor/client/features/HttpPlainText$special$$inlined$sortedBy$1,1,4,25.0
4282dc32e285fa9c,shark/AndroidObjectInspectors$LIFECYCLE_REGISTRY,1,3,33.33
01acaeea0e735118,com/google/android/gms/internal/cast/zzvc,1,1,100.0
635a21e6e1d7e1bf,androidx/compose/foundation/gestures/ScrollableKt$NoOpScrollScope$1,1,2,50.0
caba31d1ec7670cf,androidx/compose/ui/graphics/AndroidPath_androidKt,1,5,20.0
c5d1206a90385e6a,com/google/android/gms/common/api/Api$AbstractClientBuilder,1,3,33.33
b3099512960cc14f,org/jellyfin/sdk/JellyfinOptions$sam$org_jellyfin_sdk_api_sockets_SocketConnectionFactory$0,1,8,12.5
1673a5db34db07f9,androidx/compose/foundation/gestures/AndroidScrollable_androidKt,1,1,100.0
8e2f7a28ecd16e8a,com/google/android/gms/internal/cast/zzjd,1,1,100.0
6283418044b79b2d,com/google/android/gms/internal/cast/zzsg,1,2,50.0
9d938e001efcec05,shark/AndroidObjectInspectors$ANIMATOR,1,3,33.33
a67ea40ea76ef763,androidx/fragment/app/FragmentManager$9,1,10,10.0
08589b3a1b2291b7,androidx/compose/runtime/CompositionKt$CompositionImplServiceKey$1,1,1,100.0
1f5d088278c69dfe,androidx/compose/foundation/text/TextFieldSizeKt,1,1,100.0
7af62472633cd4cd,androidx/compose/foundation/text/selection/TextFieldSelectionManager_androidKt,1,3,33.33
ca96a0a46e6f3084,kotlinx/coroutines/BlockingEventLoop,1,2,50.0
0e29654af959d011,org/jellyfin/mobile/webapp/RemotePlayerService$special$$inlined$inject$default$2,1,4,25.0
600ebc36d15061b6,leakcanary/internal/activity/LeakActivity$onCreate$1,1,2,50.0
be5e469d8e0b7ccd,androidx/profileinstaller/ProfileVerifier$CompilationStatus,1,4,25.0
1a2e8561701c6e69,androidx/compose/ui/layout/ContentScale$Companion$Inside$1,1,9,11.11
8e3ae575b2e5224d,androidx/compose/foundation/gestures/ScrollableGesturesNode$onDragStopped$1,1,7,14.29
e4da66d6d5891bf7,kotlinx/serialization/modules/SerializersModuleBuildersKt,1,25,4.0
c004019efa8f49af,androidx/mediarouter/media/MediaRouteProvider$Callback,1,2,50.0
550e9bd093f1ddd0,androidx/compose/ui/text/caches/ContainerHelpersKt,1,6,16.67
9e792dba8e3c70ba,androidx/compose/ui/focus/FocusChangedModifierKt,1,1,100.0
4975eec63fd5161f,androidx/emoji2/text/EmojiCompat$MetadataRepoLoaderCallback,1,1,100.0
e176af085dd5f20f,androidx/compose/ui/platform/AndroidUiFrameClock$withFrameNanos$2$1,1,3,33.33
dec3dd4ac73982b3,kotlinx/coroutines/SupervisorJobImpl,1,2,50.0
61e695d78b9f0f2d,com/google/android/gms/internal/cast/zzwl,1,32,3.12
e2eb0b93ce4ebb56,androidx/lifecycle/LifecycleCoroutineScope,1,7,14.29
e728c8e434c315d5,androidx/compose/ui/focus/TwoDimensionalFocusSearchKt$generateAndSearchChildren$1,1,10,10.0
8cb495115847f0ca,com/google/android/gms/internal/cast/zzfg,1,13,7.69
c07091ab02ad23e5,com/google/android/gms/internal/cast/zzwk,1,3,33.33
